ticket,timestamp,symbol,setupType,direction,session,entryPrice,SL,TP,RR,thesis,vpPOC,vpVAH,vpVAL,vpInsideVA,vpDistToHVN,vpDistToLVN,vpPriceVsPOC,vpDailyPOC,vpCompPOC,vpCompVAH,vpCompVAL,vpCompInsideVA,vpDistCompPOC,vpThinnessRatio,vpProfileShape,vpBestHVN,vpBestHVNScore,vpVAOverlapRatio,vpVAOverlapBias,vpRangePOC,vpBreakoutPOC,vpPullbackPOC,vpNearestNakedPOC,vpDistNakedPOC_ATR,vpUpthrust,vpSpring,vpCompPosition,vpMigrationConf,vpDevPOCDir,vpDevPOCSlope,vpMigrationScore,auctAcceptance,auctState,auctBalance,auctProfileShape,auctShapeConf,auctMajorHVN,auctMajorLVN,auctDistHVN,auctDistLVN,auctVAExpRate,auctVAState,auctFailure,auctRegime,auctRegimeConf,auctExpReward,auctExpMoveATR,auctTargetProb,auctTradeQuality,auctTradeGrade,auctTargetPrice,auctTargetType,auctTargetConf,auctProfitZone,auctExhaustion,auctContinuation,auctReversalRisk,auctHVNStrength,auctLVNStrength,vpLTPOC60d,vpLTPOC30d,vpLTPOC10d,vpLTPOCVelocity,vpLTPOCAcceleration,vpLTPOCMigration,vpLTMajorHVNPrice,vpLTMajorHVNStrength,vpLTMajorLVNPrice,vpLTMajorLVNStrength,vpLTNearestZonePrice,vpLTNearestZoneStrength,vpLTNearestZoneDir,vpLTAcceptanceAtPrice,vpLTValid,profilerArchetype,profilerSamples,profilerMigMean,profilerBalMean,profilerTQMean,spreadPoints,avgSpread,spreadToATR,atrProxy,dataQuality,bosConfirmed,bosBullish,bosScore,bosLevel,chochConfirmed,chochBullish,chochScore,chochLevel,trendDirection,structDistATR,ltTransitionScore,ltBalanceStability,ltTrendDuration,ltTrendExhaustion,structureBias,msSpreadScore,msTickVelocity,msTickImbalance,msLiqVacuum,msCompression,ofDeltaProxy,ofCvdProxy,ofAbsorption,ofExhaustion,ofParticipation,ofDivergence,ofBullDiv,ofBearDiv,ofFlowIntensity,liqDensity,liqSweep,liqStopCluster,liqEqualHL,liqSessionLiq,liqPremDisc,smOrderBlock,smFVG,smMitigation,smBreakerBlock,smRejectionBlock,smZoneQuality
17084,2024.10.01 15:40:00,LMTm,BREAKOUT,BUY,4,606.05,601.51,613.32,1.6,0.474,580.72325,598.058,578.93,0,0.471,4.17,8.4498,580.169,579.32825,584.4395,566.039,0,0.089,0.8,2,601.04675,0.612,0.036,0,0.0,0.0,601.6135,580.263,6.384,0,0,1,0.675,0.685,0.2584,0.685,0.163,2,0.41,3,0.922,601.04675,585.50525,1.462,6.806,0.0,2,0.0,3,0.78,0.915,1.462,0.626,0.486,1,601.04675,8,0.722,0.0,0.251,0.606,0.0,0.554,0.994,463.13169,459.06485,565.881,2567.6958,333.7644,2,463.13169,0.853,500.8668,0.285,0.0,0.0,0,0.028,1,0,6166,0.73,0.541,0.391,75.0,72.8,0.2579,290.9,0.0,1,1,0.864,367.18,1,1,0.823,374.21,1,79.709,0.222,0.778,0.0,0.0,1.0,0.41,0.0,0.5,1.0,0.535,0.812,0.5,0.402,0.0,0.395,0.0,0,0,0.466,0.296,0.0,0.383,0.067,1.0,0.768,0.0,0.469,0.391,0.0,1.0,1.181
17085,2024.10.01 15:40:20,LMTm,TREND_CONTINUATION,BUY,4,606.05,602.07,613.32,1.83,0.594,580.72325,598.058,578.93,0,0.471,4.17,8.4498,580.169,579.32825,584.4395,566.039,0,0.089,0.8,2,601.04675,0.612,0.036,0,0.0,0.0,601.6135,580.263,6.384,0,0,1,0.675,0.685,0.2584,0.685,0.163,2,0.41,3,0.922,601.04675,585.50525,1.462,6.806,0.0,2,0.0,3,0.78,0.915,1.462,0.626,0.486,1,601.04675,8,0.722,0.0,0.251,0.606,0.0,0.554,0.994,463.13169,459.06485,565.881,2567.6958,333.7644,2,463.13169,0.853,500.8668,0.285,0.0,0.0,0,0.028,1,0,6166,0.73,0.541,0.391,75.0,72.9,0.2579,290.9,0.0,1,1,0.864,367.18,1,1,0.823,374.21,1,79.709,0.222,0.778,0.0,0.0,1.0,0.41,0.0,0.5,1.0,0.535,0.81,0.5,0.402,0.0,0.395,0.0,0,0,0.465,0.296,0.0,0.383,0.067,1.0,0.768,0.0,0.469,0.391,0.0,1.0,1.181
17088,2024.10.01 16:00:40,LMTm,PULLBACK,BUY,4,606.89,605.52,616.87,7.3,0.532,601.97225,606.86,591.4985,1,0.491,5.529,1.2529,580.922,578.79125,584.405,564.1955,0,0.082,0.55,2,601.97225,0.722,0.584,0,0.0,0.0,605.105,580.263,7.857,0,0,1,0.75,0.72,0.5198,0.72,0.391,2,0.515,3,0.714,604.76525,586.61075,0.413,5.871,0.0,2,0.0,0,0.515,0.49,1.253,0.391,0.368,1,604.76525,2,0.55,0.173,0.183,0.216,0.0,0.738,0.982,463.17885,458.81117,567.534,2082.5279,-485.1679,1,463.17885,0.834,0.0,0.0,0.0,0.0,0,0.047,1,0,6167,0.73,0.541,0.391,75.0,76.4,0.2255,332.6,0.0,1,1,0.864,367.18,1,1,0.823,374.21,1,69.949,0.342,0.658,0.1,1.0,1.0,0.83,0.0,0.5,0.248,1.0,0.726,0.5,0.499,0.0,0.309,0.0,0,0,0.409,0.502,0.0,0.238,0.087,1.0,0.763,0.0,0.543,0.391,0.0,1.0,1.088
17090,2024.10.01 16:07:40,LMTm,BREAKOUT_RETEST,BUY,4,606.66,605.15,615.26,5.71,0.474,601.97225,606.86,591.4985,1,0.491,5.529,1.1928,580.922,578.79125,584.405,564.1955,0,0.082,0.55,2,601.97225,0.722,0.584,0,0.0,0.0,605.105,580.263,7.857,0,0,1,0.75,0.72,0.5198,0.72,0.391,2,0.515,3,0.714,604.76525,586.61075,0.353,5.811,0.0,2,0.0,0,0.515,0.467,1.193,0.391,0.365,1,604.76525,2,0.55,0.294,0.183,0.216,0.0,0.738,0.982,463.17885,458.81117,567.534,2082.5279,-485.1679,1,463.17885,0.834,0.0,0.0,0.0,0.0,0,0.047,1,0,6167,0.73,0.541,0.391,72.0,74.6,0.2164,332.6,0.0,1,1,0.864,367.18,1,1,0.823,374.21,1,69.88,0.342,0.658,0.1,1.0,1.0,0.77,0.0,0.5,0.0,1.0,0.713,0.5,0.517,0.0,0.297,0.0,0,0,0.402,0.502,0.0,0.238,0.087,1.0,0.758,0.0,0.543,0.391,0.0,1.0,1.088
17092,2024.10.01 18:00:00,LMTm,BREAKOUT,BUY,3,600.42,598.3,610.72,4.86,0.262,604.93,607.0,597.892,1,0.289,0.716,-1.2939,579.885,577.93675,584.0855,564.4095,0,0.053,0.55,0,604.93,0.601,0.916,0,0.0,0.0,599.5785,580.263,4.694,0,0,1,0.6,0.615,0.8213,0.615,0.599,2,0.556,0,0.686,601.204,595.822,0.389,0.917,0.0,2,0.25,0,0.556,0.466,1.294,0.36,0.329,0,597.892,5,0.6,0.221,0.22,0.185,0.225,0.698,0.882,463.17885,458.81117,567.534,2082.5279,-485.1679,1,463.17885,0.834,0.0,0.0,0.0,0.0,0,0.047,1,0,6169,0.73,0.541,0.391,82.0,84.3,0.1991,411.9,0.0,1,1,0.864,367.18,1,1,0.823,374.21,1,54.915,0.342,0.658,0.1,1.0,1.0,0.96,0.0,0.5,0.0,0.614,0.391,0.5,0.51,0.0,0.538,0.0,0,0,0.434,0.618,0.0,0.444,0.1,1.0,0.65,0.0,0.521,0.391,0.0,1.0,1.044
17093,2024.10.01 18:00:20,LMTm,TREND_CONTINUATION,BUY,3,600.42,595.48,610.72,2.08,0.373,604.93,607.0,597.892,1,0.289,0.716,-1.2939,579.885,577.93675,584.0855,564.4095,0,0.053,0.55,0,604.93,0.601,0.916,0,0.0,0.0,599.5785,580.263,4.694,0,0,1,0.6,0.615,0.8213,0.615,0.599,2,0.556,0,0.686,601.204,595.822,0.389,0.917,0.0,2,0.25,0,0.556,0.466,1.294,0.36,0.329,0,597.892,5,0.6,0.221,0.22,0.185,0.225,0.698,0.882,463.17885,458.81117,567.534,2082.5279,-485.1679,1,463.17885,0.834,0.0,0.0,0.0,0.0,0,0.047,1,0,6169,0.73,0.541,0.391,82.0,84.3,0.1991,411.9,0.0,1,1,0.864,367.18,1,1,0.823,374.21,1,54.915,0.342,0.658,0.1,1.0,1.0,0.95,0.0,0.5,0.0,0.614,0.392,0.5,0.51,0.0,0.538,0.0,0,0,0.433,0.618,0.0,0.444,0.1,1.0,0.65,0.0,0.521,0.391,0.0,1.0,1.044
17094,2024.10.01 18:00:20,LMTm,ANCHORED_PULLBACK,BUY,3,600.42,598.34,607.0,3.17,0.518,604.93,607.0,597.892,1,0.289,0.716,-1.2939,579.885,577.93675,584.0855,564.4095,0,0.053,0.55,0,604.93,0.601,0.916,0,0.0,0.0,599.5785,580.263,4.694,0,0,1,0.6,0.615,0.8213,0.615,0.599,2,0.556,0,0.686,601.204,595.822,0.389,0.917,0.0,2,0.25,0,0.556,0.466,1.294,0.36,0.329,0,597.892,5,0.6,0.221,0.22,0.185,0.225,0.698,0.882,463.17885,458.81117,567.534,2082.5279,-485.1679,1,463.17885,0.834,0.0,0.0,0.0,0.0,0,0.047,1,0,6169,0.73,0.541,0.391,82.0,84.3,0.1991,411.9,0.0,1,1,0.864,367.18,1,1,0.823,374.21,1,54.915,0.342,0.658,0.1,1.0,1.0,0.94,0.0,0.5,0.0,0.614,0.392,0.5,0.51,0.0,0.538,0.0,0,0,0.433,0.618,0.0,0.444,0.1,1.0,0.65,0.0,0.521,0.391,0.0,1.0,1.044
17095,2024.10.01 18:00:40,LMTm,PULLBACK,BUY,3,600.79,594.61,613.15,2.0,0.467,604.93,607.0,597.892,1,0.289,0.716,-1.2041,579.885,577.93675,584.0855,564.4095,0,0.053,0.55,0,604.93,0.601,0.916,0,0.0,0.0,599.5785,580.263,4.694,0,0,1,0.6,0.615,0.8213,0.615,0.599,2,0.556,0,0.686,601.204,595.822,0.3,1.007,0.0,2,0.25,0,0.556,0.434,1.204,0.36,0.325,0,597.892,5,0.6,0.401,0.22,0.185,0.225,0.698,0.882,463.17885,458.81117,567.534,2082.5279,-485.1679,1,463.17885,0.834,0.0,0.0,0.0,0.0,0,0.047,1,0,6169,0.73,0.541,0.391,82.0,84.2,0.1991,411.9,0.0,1,1,0.864,367.18,1,1,0.823,374.21,1,55.005,0.342,0.658,0.1,1.0,1.0,0.99,0.0,0.5,0.0,0.614,0.403,0.5,0.51,0.0,0.538,0.0,0,0,0.427,0.618,0.0,0.444,0.1,1.0,0.65,0.0,0.521,0.391,0.0,1.0,1.044
17100,2024.10.01 18:01:40,LMTm,MEAN_REVERSION,BUY,3,599.95,598.3,605.75,3.52,0.569,604.93,607.0,597.892,1,0.289,0.716,-1.408,579.885,577.93675,584.0855,564.4095,0,0.051,0.55,0,604.93,0.601,0.916,0,0.0,0.0,599.5785,580.263,4.694,0,0,1,0.6,0.615,0.8213,0.615,0.44,2,0.556,0,0.686,601.204,595.822,0.503,0.803,0.0,2,0.25,0,0.556,0.541,1.408,0.384,0.338,0,597.892,5,0.6,0.0,0.268,0.185,0.225,0.698,0.882,463.17885,458.81117,567.534,2082.5279,-485.1679,1,463.17885,0.834,0.0,0.0,0.0,0.0,0,0.047,1,0,6169,0.73,0.541,0.391,82.0,84.0,0.1991,411.9,0.0,1,1,0.864,367.18,1,1,0.823,374.21,1,54.801,0.342,0.658,0.1,1.0,1.0,0.83,0.0,0.5,0.0,0.614,0.436,0.5,0.476,0.0,0.449,0.0,0,0,0.361,0.709,0.0,0.247,0.1,1.0,0.434,0.0,0.523,0.391,0.0,1.0,1.044
17102,2024.10.01 18:07:40,LMTm,BREAKOUT_RETEST,BUY,3,599.47,598.23,602.01,2.06,0.399,604.93,607.0,597.892,1,0.289,0.716,-1.5221,579.885,577.93675,584.0855,564.4095,0,0.05,0.55,0,604.93,0.601,0.916,0,0.0,0.0,599.5785,580.263,4.694,0,0,1,0.6,0.615,0.8213,0.615,0.355,2,0.556,0,0.686,601.204,595.822,0.618,0.689,0.0,2,0.25,0,0.556,0.604,1.522,0.397,0.345,0,601.204,2,0.55,0.0,0.294,0.185,0.225,0.698,0.882,463.17885,458.81117,567.534,2082.5279,-485.1679,1,463.17885,0.834,0.0,0.0,0.0,0.0,0,0.047,1,0,6169,0.73,0.541,0.391,81.0,83.5,0.1966,411.9,0.0,1,1,0.864,367.18,1,1,0.823,374.21,1,54.684,0.342,0.658,0.1,1.0,1.0,0.9,0.0,0.5,0.0,0.861,0.475,0.5,0.476,0.0,0.449,0.0,0,0,0.337,0.691,0.0,0.247,0.1,1.0,0.434,0.0,0.515,0.391,0.0,1.0,1.044
17104,2024.10.02 13:40:00,LMTm,BREAKOUT,BUY,4,605.1,601.57,616.49,3.22,0.41,604.357,610.494,600.804,1,0.105,0.321,-0.1047,579.885,577.93675,584.0855,564.4095,0,0.057,0.75,0,604.357,0.59,0.768,0,0.0,0.0,603.8925,580.263,5.186,0,0,1,0.7,0.685,0.6913,0.685,0.645,2,0.534,0,0.715,604.68,605.649,0.176,0.388,0.2837,0,0.55,2,1.0,0.196,0.388,0.503,0.398,1,600.804,5,0.6,0.649,0.327,0.906,0.336,0.947,0.744,463.71852,464.95466,565.81325,1812.3737,-270.1543,1,460.91049,0.836,0.0,0.0,0.0,0.0,0,0.086,1,0,6171,0.73,0.543,0.39,122.0,55.7,0.2679,455.4,0.0,1,1,0.864,367.18,1,1,0.823,374.21,1,50.697,0.295,0.705,0.1,1.0,1.0,0.0,0.0,0.5,0.0,0.829,0.661,0.5,0.562,0.0,0.374,0.0,0,0,0.415,0.818,0.0,0.806,0.192,0.754,0.462,0.0,0.445,0.391,0.0,1.0,0.914
17105,2024.10.02 13:40:40,LMTm,BREAKOUT_RETEST,BUY,4,605.77,604.4,616.56,7.9,0.455,604.357,610.494,600.804,1,0.105,0.321,0.0424,579.885,577.93675,584.0855,564.4095,0,0.058,0.75,0,604.357,0.59,0.768,0,0.0,0.0,603.8925,580.263,5.186,0,0,1,0.7,0.685,0.6913,0.685,1.0,2,0.619,0,0.715,604.68,605.649,0.029,0.241,0.0,2,0.25,0,0.619,0.45,1.5,0.3,0.377,1,600.804,5,0.6,0.943,0.1,0.206,0.231,0.947,0.744,463.71852,464.95466,565.81325,1812.3737,-270.1543,1,460.91049,0.836,0.0,0.0,0.0,0.0,0,0.086,1,0,6171,0.73,0.543,0.39,122.0,57.7,0.2679,455.4,0.0,1,1,0.864,367.18,1,1,0.823,374.21,1,50.844,0.295,0.705,0.1,1.0,1.0,0.03,0.0,0.5,0.0,0.838,0.694,0.5,0.571,0.0,0.374,0.0,0,0,0.437,0.72,0.0,0.575,0.184,0.273,0.65,0.0,0.537,0.391,0.0,1.0,0.92
17106,2024.10.02 13:40:59,LMTm,PULLBACK,BUY,4,605.77,598.94,619.43,2.0,0.516,604.357,610.494,600.804,1,0.105,0.321,0.0424,579.885,577.93675,584.0855,564.4095,0,0.058,0.75,0,604.357,0.59,0.768,0,0.0,0.0,603.8925,580.263,5.186,0,0,1,0.7,0.685,0.6913,0.685,1.0,2,0.619,0,0.715,604.68,605.649,0.029,0.241,0.0,2,0.25,0,0.619,0.45,1.5,0.3,0.377,1,600.804,5,0.6,0.943,0.1,0.206,0.231,0.947,0.744,463.71852,464.95466,565.81325,1812.3737,-270.1543,1,460.91049,0.836,0.0,0.0,0.0,0.0,0,0.086,1,0,6171,0.73,0.543,0.39,122.0,58.3,0.2679,455.4,0.0,1,1,0.864,367.18,1,1,0.823,374.21,1,50.844,0.295,0.705,0.1,1.0,1.0,0.03,0.0,0.5,0.0,0.838,0.708,0.5,0.571,0.0,0.374,0.0,0,0,0.445,0.72,0.0,0.575,0.184,0.273,0.65,0.0,0.537,0.391,0.0,1.0,0.92
17107,2024.10.02 13:41:00,LMTm,TREND_CONTINUATION,BUY,4,605.66,600.19,617.05,2.08,0.43,604.357,610.494,600.804,1,0.105,0.321,0.016,579.885,577.93675,584.0855,564.4095,0,0.058,0.75,0,604.357,0.59,0.768,0,0.0,0.0,603.8925,580.263,5.186,0,0,1,0.7,0.685,0.6913,0.685,1.0,2,0.619,0,0.715,604.68,605.649,0.055,0.268,0.0,2,0.25,0,0.619,0.45,1.5,0.3,0.377,1,600.804,5,0.6,0.89,0.1,0.206,0.231,0.947,0.744,463.71852,464.95466,565.81325,1812.3737,-270.1543,1,460.91049,0.836,0.0,0.0,0.0,0.0,0,0.086,1,0,6171,0.73,0.543,0.39,123.0,59.0,0.2701,455.4,0.0,1,1,0.864,367.18,1,1,0.823,374.21,1,50.82,0.295,0.705,0.1,1.0,1.0,0.0,0.0,0.5,0.0,0.838,0.72,0.5,0.571,0.0,0.374,0.0,0,0,0.453,0.72,0.0,0.575,0.184,0.273,0.65,0.0,0.537,0.391,0.0,1.0,0.92
17112,2024.10.02 15:40:40,LMTm,BREAKOUT,BUY,4,605.75,598.38,618.04,1.67,0.438,600.166,604.336,598.22,0,0.187,0.866,1.0039,579.885,577.93675,584.0855,561.95,0,0.055,0.55,2,604.614,0.671,0.498,0,0.0,0.0,0.0,580.263,4.655,0,0,1,0.8,0.93,0.4159,0.93,0.71,2,0.619,0,0.642,604.336,605.726,0.155,0.127,0.0,2,0.0,0,0.619,0.345,1.004,0.343,0.391,1,600.166,1,0.7,0.689,0.087,0.279,0.128,0.927,0.841,463.71852,464.95466,565.81325,1812.3737,-270.1543,1,460.91049,0.836,0.0,0.0,0.0,0.0,0,0.086,1,0,6173,0.73,0.543,0.39,65.0,64.6,0.1322,491.5,0.0,1,1,0.864,367.18,1,1,0.823,374.21,1,47.109,0.295,0.705,0.1,1.0,1.0,0.57,0.0,0.5,0.0,0.893,0.685,0.5,0.555,0.0,0.2,0.0,0,0,0.357,0.67,0.0,0.684,0.067,0.304,0.665,0.0,0.52,0.391,0.0,1.0,1.183
17113,2024.10.02 15:40:59,LMTm,PULLBACK,BUY,4,605.61,598.24,620.36,2.0,0.421,600.166,604.336,598.22,0,0.187,0.866,0.9754,579.885,577.93675,584.0855,561.95,0,0.055,0.55,2,604.614,0.671,0.498,0,0.0,0.0,0.0,580.263,4.655,0,0,1,0.8,0.93,0.4159,0.93,0.71,2,0.619,0,0.642,604.336,605.726,0.127,0.156,0.0,2,0.0,0,0.619,0.335,0.975,0.343,0.39,1,600.166,1,0.7,0.746,0.087,0.279,0.128,0.927,0.841,463.71852,464.95466,565.81325,1812.3737,-270.1543,1,460.91049,0.836,0.0,0.0,0.0,0.0,0,0.086,1,0,6173,0.73,0.543,0.39,65.0,64.6,0.1322,491.5,0.0,1,1,0.864,367.18,1,1,0.823,374.21,1,47.08,0.295,0.705,0.1,1.0,1.0,0.56,0.0,0.5,0.0,0.893,0.689,0.5,0.555,0.0,0.2,0.0,0,0,0.36,0.67,0.0,0.684,0.067,0.304,0.663,0.0,0.52,0.391,0.0,1.0,1.183
17114,2024.10.02 15:41:00,LMTm,TREND_CONTINUATION,BUY,4,605.68,599.78,617.97,2.08,0.495,600.166,604.336,598.22,0,0.187,0.866,0.9917,579.885,577.93675,584.0855,561.95,0,0.055,0.55,2,604.614,0.671,0.498,0,0.0,0.0,0.0,580.263,4.655,0,0,1,0.8,0.93,0.4159,0.93,0.71,2,0.619,0,0.642,604.336,605.726,0.143,0.14,0.0,2,0.0,0,0.619,0.341,0.992,0.343,0.391,1,600.166,1,0.7,0.714,0.087,0.279,0.128,0.927,0.841,463.71852,464.95466,565.81325,1812.3737,-270.1543,1,460.91049,0.836,0.0,0.0,0.0,0.0,0,0.086,1,0,6173,0.73,0.543,0.39,64.0,64.6,0.1302,491.5,0.0,1,1,0.864,367.18,1,1,0.823,374.21,1,47.095,0.295,0.705,0.1,1.0,1.0,0.99,0.0,0.5,0.0,0.893,0.717,0.5,0.555,0.0,0.2,0.0,0,0,0.377,0.67,0.0,0.684,0.067,0.304,0.664,0.0,0.52,0.391,0.0,1.0,1.183
17118,2024.10.02 16:00:00,LMTm,ANCHORED_PULLBACK,BUY,4,606.2,603.76,615.69,3.89,0.547,604.058,605.448,599.888,0,0.303,0.357,0.3033,579.885,577.93675,584.0855,561.95,0,0.055,0.5,0,604.058,0.663,0.63,0,0.0,0.0,605.2735,580.263,5.014,0,0,1,1.0,0.79,0.2329,0.79,0.355,1,0.325,0,0.868,603.502,607.95,0.413,0.467,-0.1101,1,0.25,5,1.0,0.139,0.467,0.297,0.451,1,604.058,8,0.733,0.173,0.593,0.237,0.561,0.907,0.91,463.84425,466.08907,565.81325,1691.4689,-120.9047,1,460.86858,0.847,591.79813,0.293,0.0,0.0,0,0.086,1,0,6174,0.73,0.543,0.39,61.0,62.8,0.1208,505.1,0.0,1,1,0.864,367.18,1,1,0.823,374.21,0,45.926,0.256,0.744,0.1,1.0,0.5,0.93,0.0,0.5,0.0,1.0,0.55,0.5,0.564,0.0,0.19,0.0,0,0,0.275,0.433,0.0,0.792,0.1,0.247,0.74,0.0,0.464,0.391,0.0,1.0,0.846
17120,2024.10.02 16:03:40,LMTm,BREAKOUT_RETEST,BUY,4,605.53,604.01,608.84,2.18,0.581,604.058,605.448,599.888,1,0.303,0.357,0.1706,579.885,577.93675,584.0855,561.95,0,0.053,0.5,0,604.058,0.663,0.63,0,0.0,0.0,605.2735,580.263,5.014,0,0,1,1.0,0.79,0.2329,0.79,0.687,2,0.625,0,0.868,603.502,607.95,0.281,0.6,0.0,2,0.25,0,0.625,0.208,0.6,0.347,0.365,1,599.888,5,0.6,0.439,0.194,0.237,0.261,0.907,0.91,463.84425,466.08907,565.81325,1691.4689,-120.9047,1,460.86858,0.847,591.79813,0.293,0.0,0.0,0,0.086,1,0,6174,0.73,0.543,0.39,61.0,62.3,0.1208,505.1,0.0,1,1,0.864,367.18,1,1,0.823,374.21,0,45.793,0.256,0.744,0.1,1.0,0.5,0.7,0.0,0.5,0.0,1.0,0.46,0.5,0.564,0.0,0.19,0.0,0,0,0.269,0.72,0.0,0.837,0.1,0.353,0.461,0.0,0.516,0.391,0.0,1.0,1.05
17122,2024.10.03 13:40:00,LMTm,SWEEP_REVERSAL,BUY,4,601.25,596.04,605.95,0.9,0.298,604.688,605.558,603.818,0,0.768,0.1,-0.9012,603.89275,577.93675,593.9235,561.95,0,0.042,0.25,4,604.688,0.632,0.639,0,0.0,0.0,606.08,580.263,3.784,0,0,1,0.675,0.685,0.0682,0.685,0.012,0,0.835,0,0.973,604.514,601.382,0.868,0.267,0.0,2,0.15,0,0.835,1.696,3.784,0.448,0.616,2,604.688,8,0.726,0.0,0.356,0.206,0.397,0.88,1.0,463.84425,466.08907,565.81325,1690.4449,-1.024,1,460.86858,0.852,591.79813,0.294,0.0,0.0,0,0.099,1,0,6178,0.73,0.543,0.39,126.0,58.4,0.2417,521.3,0.0,1,1,0.864,367.18,1,1,0.823,374.21,0,43.554,0.22,0.78,0.1,1.0,0.5,0.0,0.0,0.5,0.0,0.498,0.328,0.5,0.815,0.0,0.404,0.0,0,0,0.509,0.39,0.0,0.798,0.295,0.35,0.441,0.0,0.51,0.375,0.0,1.0,1.005
17123,2024.10.03 13:40:20,LMTm,MEAN_REVERSION,BUY,4,601.21,597.04,605.95,1.14,0.757,604.688,605.558,603.818,0,0.768,0.1,-0.9089,603.89275,577.93675,593.9235,561.95,0,0.042,0.25,4,604.688,0.632,0.639,0,0.0,0.0,606.08,580.263,3.784,0,0,1,0.675,0.685,0.0682,0.685,0.012,0,0.835,0,0.973,604.514,601.382,0.876,0.275,0.0,2,0.15,0,0.835,1.692,3.777,0.448,0.615,2,604.688,8,0.726,0.0,0.356,0.206,0.397,0.88,1.0,463.84425,466.08907,565.81325,1690.4449,-1.024,1,460.86858,0.852,591.79813,0.294,0.0,0.0,0,0.099,1,0,6178,0.73,0.543,0.39,126.0,59.1,0.2417,521.3,0.0,1,1,0.864,367.18,1,1,0.823,374.21,0,43.546,0.22,0.78,0.1,1.0,0.5,0.0,0.0,0.5,0.0,0.498,0.324,0.5,0.815,0.0,0.404,0.0,0,0,0.512,0.39,0.0,0.798,0.295,0.35,0.44,0.0,0.518,0.375,0.0,1.0,1.005
17126,2024.10.03 14:00:00,LMTm,PULLBACK,BUY,4,602.83,600.71,605.93,1.46,0.609,604.8215,605.789,603.467,0,0.474,0.08,-0.632,603.89275,577.93675,596.383,561.95,0,0.048,0.3,4,604.8215,0.545,0.514,0,0.0,0.0,600.0925,580.263,4.373,0,0,1,0.75,0.72,0.1228,0.72,0.095,0,0.759,2,0.507,604.628,602.306,0.593,0.119,0.1186,0,0.15,2,0.934,0.37,0.632,0.586,0.435,1,604.8215,8,0.709,0.0,0.331,0.916,0.202,0.939,0.951,463.84425,466.08907,565.81325,1690.4449,-1.024,1,460.86858,0.852,591.79813,0.294,0.0,0.0,0,0.099,1,0,6179,0.73,0.543,0.39,111.0,120.2,0.2262,490.7,0.0,1,1,0.864,367.18,1,1,0.823,374.21,0,46.589,0.22,0.78,0.1,1.0,0.5,0.99,0.0,0.5,0.0,0.477,0.453,0.5,0.515,0.0,0.588,0.0,0,0,0.418,0.478,0.0,0.962,0.1,0.604,0.65,0.0,0.467,0.375,0.0,1.0,1.189
17128,2024.10.03 14:13:40,LMTm,BREAKOUT_RETEST,BUY,4,605.57,604.1,607.88,1.57,0.475,604.8215,605.789,603.467,1,0.474,0.08,-0.037,603.89275,577.93675,596.383,561.95,0,0.054,0.3,4,604.8215,0.545,0.514,0,0.0,0.0,600.0925,580.263,4.373,0,0,1,0.75,0.72,0.1228,0.72,1.0,0,0.775,2,0.507,604.628,606.7565,0.002,0.431,0.0,2,0.15,0,0.775,0.129,0.431,0.3,0.367,1,0.0,0,0.0,0.995,0.06,0.216,0.202,0.939,0.984,463.84425,466.08907,565.81325,1690.4449,-1.024,1,460.86858,0.852,591.79813,0.294,0.0,0.0,0,0.099,1,0,6179,0.73,0.543,0.39,93.0,104.8,0.1895,490.7,0.0,1,1,0.864,367.18,1,1,0.823,374.21,0,47.148,0.22,0.78,0.1,1.0,0.5,0.99,0.0,0.5,0.0,0.401,0.678,0.5,0.706,0.0,0.614,0.0,0,0,0.564,0.793,0.0,0.838,0.1,0.21,0.65,0.0,0.54,0.391,0.0,1.0,0.964
17129,2024.10.03 14:13:59,LMTm,TREND_CONTINUATION,BUY,4,605.53,599.64,617.8,2.08,0.449,604.8215,605.789,603.467,1,0.474,0.08,-0.0451,603.89275,577.93675,596.383,561.95,0,0.054,0.3,4,604.8215,0.545,0.514,0,0.0,0.0,600.0925,580.263,4.373,0,0,1,0.75,0.72,0.1228,0.72,0.836,0,0.775,2,0.507,604.628,606.7565,0.006,0.439,0.0,2,0.15,0,0.775,0.143,0.439,0.325,0.369,1,0.0,0,0.0,0.989,0.109,0.216,0.202,0.939,0.984,463.84425,466.08907,565.81325,1690.4449,-1.024,1,460.86858,0.852,591.79813,0.294,0.0,0.0,0,0.099,1,0,6179,0.73,0.543,0.39,93.0,104.5,0.1895,490.7,0.0,1,1,0.864,367.18,1,1,0.823,374.21,0,47.139,0.22,0.78,0.1,1.0,0.5,0.98,0.0,0.5,0.0,0.401,0.695,0.5,0.706,0.0,0.614,0.0,0,0,0.574,0.756,0.0,0.968,0.1,0.21,0.65,0.0,0.54,0.391,0.0,1.0,0.964
17132,2024.10.03 15:40:00,LMTm,BREAKOUT,BUY,4,605.48,598.64,616.88,1.67,0.253,604.8215,606.176,603.854,1,0.005,0.26,0.0041,603.89275,577.93675,598.8425,561.95,0,0.059,0.3,0,604.8215,0.558,0.636,0,0.0,0.0,604.6075,580.263,5.222,0,0,1,0.55,0.58,0.1197,0.58,1.0,0,0.8,2,0.487,604.628,606.7565,0.046,0.42,0.0,2,0.15,0,0.8,0.126,0.42,0.3,0.35,1,0.0,0,0.0,0.907,0.06,0.174,0.053,0.779,0.988,463.84425,466.08907,565.81325,1690.4449,-1.024,1,460.86858,0.852,591.79813,0.294,0.0,0.0,0,0.099,1,0,6180,0.726,0.546,0.392,64.0,68.2,0.1404,455.9,0.0,1,1,0.864,367.18,1,1,0.823,374.21,0,50.725,0.22,0.78,0.1,1.0,0.5,0.99,0.0,0.5,0.0,1.0,0.696,0.5,0.545,0.0,0.373,0.0,0,0,0.43,0.698,0.0,0.955,0.192,0.245,0.65,0.0,0.534,0.391,0.0,1.0,0.858
17134,2024.10.03 16:04:40,LMTm,PULLBACK,BUY,4,605.72,599.5,618.16,2.0,0.465,605.2085,606.176,603.467,1,0.001,0.372,-0.0189,603.89275,578.2405,598.955,562.4,0,0.065,0.35,0,605.2085,0.561,0.464,0,0.0,0.0,0.0,580.263,5.828,0,0,1,0.6,0.615,0.0966,0.615,0.992,0,0.751,2,0.46,605.015,606.7565,0.028,0.392,0.0,2,0.25,0,0.751,0.118,0.392,0.301,0.32,0,603.467,5,0.6,0.945,0.102,0.185,0.088,0.784,0.987,463.98595,467.05667,565.81325,1583.7253,-106.7196,1,460.82135,0.841,590.57008,0.298,0.0,0.0,0,0.119,1,0,6181,0.726,0.546,0.392,59.0,60.3,0.1423,414.6,0.0,1,1,0.864,367.18,1,1,0.823,374.21,0,55.834,0.253,0.747,0.1,1.0,0.5,0.99,0.0,0.5,0.0,1.0,0.563,0.5,0.536,0.0,0.233,0.0,0,0,0.292,0.864,0.0,1.0,0.1,0.269,0.65,0.0,0.542,0.391,0.0,1.0,0.918
17135,2024.10.03 16:13:40,LMTm,BREAKOUT_RETEST,BUY,4,605.91,604.67,608.12,1.78,0.391,605.2085,606.176,603.467,1,0.001,0.372,0.0269,603.89275,578.2405,598.955,562.4,0,0.065,0.35,0,605.2085,0.561,0.464,0,0.0,0.0,0.0,580.263,5.828,0,0,1,0.6,0.615,0.0966,0.615,0.992,0,0.751,2,0.46,605.015,606.7565,0.074,0.346,0.0,2,0.25,0,0.751,0.104,0.346,0.301,0.318,0,603.467,5,0.6,0.853,0.102,0.185,0.088,0.784,0.987,463.98595,467.05667,565.81325,1583.7253,-106.7196,1,460.82135,0.841,590.57008,0.298,0.0,0.0,0,0.119,1,0,6181,0.726,0.546,0.392,59.0,59.7,0.1423,414.6,0.0,1,1,0.864,367.18,1,1,0.823,374.21,0,55.879,0.253,0.747,0.1,1.0,0.5,0.92,0.0,0.5,0.0,1.0,0.756,0.5,0.56,0.0,0.263,0.0,0,0,0.427,0.72,0.0,1.0,0.1,0.224,0.65,0.0,0.542,0.391,0.0,1.0,0.918
17136,2024.10.03 16:13:59,LMTm,TREND_CONTINUATION,BUY,4,605.91,600.93,616.28,2.08,0.37,605.2085,606.176,603.467,1,0.001,0.372,0.0269,603.89275,578.2405,598.955,562.4,0,0.065,0.35,0,605.2085,0.561,0.464,0,0.0,0.0,0.0,580.263,5.828,0,0,1,0.6,0.615,0.0966,0.615,0.992,0,0.751,2,0.46,605.015,606.7565,0.074,0.346,0.0,2,0.25,0,0.751,0.104,0.346,0.301,0.318,0,603.467,5,0.6,0.853,0.102,0.185,0.088,0.784,0.987,463.98595,467.05667,565.81325,1583.7253,-106.7196,1,460.82135,0.841,590.57008,0.298,0.0,0.0,0,0.119,1,0,6181,0.726,0.546,0.392,59.0,59.7,0.1423,414.6,0.0,1,1,0.864,367.18,1,1,0.823,374.21,0,55.879,0.253,0.747,0.1,1.0,0.5,0.91,0.0,0.5,0.0,1.0,0.757,0.5,0.56,0.0,0.263,0.0,0,0,0.428,0.72,0.0,1.0,0.1,0.224,0.65,0.0,0.542,0.391,0.0,1.0,0.918
17140,2024.10.03 17:00:40,LMTm,MEAN_REVERSION,BUY,3,603.21,600.2,605.77,0.85,0.607,605.2085,606.176,603.08,0,0.181,0.128,-0.6808,603.89275,578.2405,601.392,562.4,0,0.065,0.4,0,605.2085,0.562,0.898,0,0.0,0.0,602.784,580.263,6.045,0,0,1,0.926,0.6173,0.0459,0.617,0.055,0,0.714,3,0.338,603.6605,602.4995,0.269,0.04,0.0,2,0.4,0,0.714,0.301,0.681,0.442,0.256,0,605.2085,8,0.712,0.462,0.444,0.185,0.14,0.482,0.945,463.98595,467.05667,565.81325,1583.7253,-106.7196,1,460.82135,0.841,590.57008,0.298,0.0,0.0,0,0.119,1,0,6182,0.726,0.546,0.392,56.0,54.0,0.149,375.8,0.0,1,1,0.864,367.18,1,1,0.823,374.21,0,60.939,0.253,0.747,0.1,1.0,0.5,0.0,0.0,0.5,0.0,0.948,0.461,0.5,0.683,0.0,0.273,0.0,0,0,0.337,0.551,0.0,0.748,0.1,0.388,0.433,0.0,0.524,0.375,0.0,1.0,1.026
17142,2024.10.03 17:28:40,LMTm,SWEEP_REVERSAL,BUY,3,601.12,597.36,604.32,0.85,0.226,605.2085,606.176,603.08,0,0.181,0.128,-1.2636,603.89275,578.2405,601.392,562.4,1,0.059,0.4,0,605.2085,0.562,0.898,0,0.0,0.0,602.784,580.263,6.045,0,0,1,0.926,0.6173,0.0459,0.617,0.129,0,0.714,3,0.338,603.6605,601.145,0.852,0.182,0.0,2,0.4,0,0.714,0.544,1.264,0.431,0.285,0,603.6605,2,0.55,0.0,0.421,0.185,0.14,0.482,0.918,463.98595,467.05667,565.81325,1583.7253,-106.7196,1,460.82135,0.841,590.57008,0.298,0.0,0.0,0,0.119,1,0,6182,0.726,0.546,0.392,66.0,57.7,0.1756,375.8,0.0,1,1,0.864,367.18,1,1,0.823,374.21,0,60.383,0.253,0.747,0.1,1.0,0.5,0.11,0.0,0.5,0.0,1.0,0.519,0.5,0.571,0.0,0.311,0.0,0,0,0.307,0.509,0.0,0.866,0.1,0.318,0.389,0.0,0.52,0.375,0.0,1.0,0.955
17144,2024.10.03 18:24:40,LMTm,PULLBACK,BUY,3,602.44,600.92,605.57,2.06,0.279,604.983,605.502,602.388,0,1.201,0.323,-0.8832,603.89275,578.3485,601.424,562.56,0,0.066,0.45,0,604.983,0.651,0.435,0,0.0,0.0,600.687,580.263,5.573,0,0,0,0.575,0.3681,0.0104,0.368,0.238,0,0.687,2,0.182,604.81,602.215,0.834,0.103,0.0,2,0.25,0,0.687,0.366,0.883,0.414,0.295,0,604.983,8,0.73,0.0,0.328,0.11,0.088,0.762,0.846,463.98595,467.05667,565.81325,1583.7253,-106.7196,1,460.82135,0.841,590.57008,0.298,0.0,0.0,0,0.119,1,0,6183,0.726,0.546,0.392,59.0,60.8,0.1663,354.7,0.0,1,1,0.864,367.18,1,1,0.823,374.21,0,64.342,0.253,0.747,0.1,1.0,0.5,0.93,0.0,0.5,0.0,1.0,0.841,0.5,0.752,0.0,0.456,0.0,0,0,0.612,0.521,0.0,0.693,0.1,0.365,0.65,0.0,0.53,0.375,0.0,1.0,0.896
17146,2024.10.03 18:56:40,LMTm,BREAKOUT_RETEST,BUY,3,603.2,602.14,605.55,2.21,0.348,604.983,605.502,602.388,1,1.201,0.323,-0.6634,603.89275,578.3485,601.424,562.56,0,0.068,0.45,0,604.983,0.651,0.435,0,0.0,0.0,600.687,580.263,5.573,0,0,0,0.575,0.3681,0.0104,0.368,0.323,0,0.687,2,0.182,604.81,602.215,0.615,0.117,0.0,2,0.25,0,0.687,0.266,0.663,0.402,0.283,0,604.983,8,0.73,0.0,0.303,0.11,0.088,0.762,0.846,463.98595,467.05667,565.81325,1583.7253,-106.7196,1,460.82135,0.841,590.57008,0.298,0.0,0.0,0,0.119,1,0,6183,0.726,0.546,0.392,57.0,57.4,0.1607,354.7,0.0,1,1,0.864,367.18,1,1,0.823,374.21,0,64.556,0.253,0.747,0.1,1.0,0.5,0.99,0.0,0.5,0.0,1.0,0.646,0.5,0.53,0.0,0.315,0.0,0,0,0.373,0.575,0.0,0.644,0.1,0.45,0.65,0.0,0.532,0.375,0.0,1.0,0.814
17148,2024.10.04 13:47:40,LMTm,SWEEP_REVERSAL,BUY,4,601.93,598.69,604.56,0.81,0.216,603.55525,605.45,601.6605,0,0.949,0.499,-0.811,603.89275,579.28675,601.702,563.95,1,0.067,0.65,0,603.55525,0.718,0.348,0,0.0,0.0,603.933,601.851,0.603,0,0,0,0.5,-0.545,-0.0644,0.545,0.376,0,0.793,0,0.525,603.26375,601.51475,0.721,0.181,0.0,2,0.25,0,0.793,0.319,0.811,0.394,0.372,1,603.55525,8,0.744,0.0,0.287,0.164,0.192,0.865,0.636,464.82815,457.715,565.81325,1697.3705,113.6452,2,461.6125,0.839,590.23831,0.3,0.0,0.0,0,0.11,1,0,6185,0.726,0.546,0.392,100.0,71.1,0.3089,323.7,0.0,1,1,0.864,367.18,1,1,0.823,374.21,0,70.346,0.217,0.783,0.1,0.0,0.5,0.37,0.0,0.5,0.0,0.486,0.384,0.5,0.529,0.0,0.316,0.0,0,0,0.355,0.568,0.0,0.72,0.071,0.104,0.44,0.0,0.536,0.417,0.0,1.0,0.754
17149,2024.10.04 13:48:30,LMTm,MEAN_REVERSION,BUY,4,601.91,599.32,604.56,1.02,0.68,603.55525,605.45,601.6605,0,0.949,0.499,-0.8172,603.89275,579.28675,601.702,563.95,1,0.067,0.65,0,603.55525,0.718,0.348,0,0.0,0.0,603.933,601.851,0.603,0,0,0,0.5,-0.545,-0.0644,0.545,0.376,0,0.793,0,0.525,603.26375,601.51475,0.727,0.187,0.0,2,0.25,0,0.793,0.322,0.817,0.394,0.372,1,603.55525,8,0.744,0.0,0.287,0.164,0.192,0.865,0.636,464.82815,457.715,565.81325,1697.3705,113.6452,2,461.6125,0.839,590.23831,0.3,0.0,0.0,0,0.11,1,0,6185,0.726,0.546,0.392,100.0,72.5,0.3089,323.7,0.0,1,1,0.864,367.18,1,1,0.823,374.21,0,70.34,0.217,0.783,0.1,0.0,0.5,0.39,0.0,0.5,0.0,0.486,0.371,0.5,0.529,0.0,0.316,0.0,0,0,0.362,0.568,0.0,0.72,0.071,0.104,0.44,0.0,0.536,0.417,0.0,1.0,0.754
0,2024.10.07 13:42:40,LMTm,ANCHORED_PULLBACK,BUY,4,605.62,605.22,606.63,2.55,0.31,603.288,603.612,602.316,0,0.01,0.232,0.3467,603.65425,579.936,602.532,568.1,0,0.083,0.3,4,603.072,0.733,0.586,0,0.0,0.0,603.18675,602.73275,0.022,0,0,1,0.059,0.0,0.0011,0.294,0.033,0,0.838,3,0.945,603.288,604.044,0.347,0.088,0.0,2,0.15,0,0.838,0.239,0.537,0.445,0.431,1,603.288,1,0.7,0.307,0.35,0.0,0.202,0.782,0.938,462.42959,457.715,565.81325,1678.5443,57.5438,2,462.42959,0.826,589.89566,0.298,0.0,0.0,0,0.15,1,0,6192,0.73,0.546,0.391,132.0,61.5,0.4523,291.9,0.0,1,1,0.864,367.18,1,1,0.823,374.21,-1,79.289,0.224,0.776,0.1,0.0,0.0,0.16,0.0,0.5,1.0,1.0,0.465,0.5,1.0,0.0,0.339,0.0,0,0,0.457,0.697,0.0,0.851,0.071,0.331,0.791,0.0,0.584,0.417,0.0,1.0,0.915
17152,2024.10.07 14:00:00,LMTm,TREND_CONTINUATION,BUY,4,605.5,602.05,612.69,2.08,0.533,603.33725,604.0985,602.2715,0,0.39,0.456,0.3901,603.65425,578.30325,602.666,568.77,0,0.091,0.3,0,603.33725,0.653,0.571,0,0.0,0.0,604.97,580.263,8.408,0,0,1,0.356,0.2974,0.0234,0.297,0.097,0,0.836,0,0.843,602.8805,605.9255,0.549,0.509,0.1845,0,0.25,2,0.987,0.321,0.549,0.585,0.44,1,603.33725,8,0.731,0.0,0.371,0.789,0.256,0.705,0.979,462.42959,457.715,565.81325,1678.5443,57.5438,2,462.42959,0.826,589.89566,0.298,0.0,0.0,0,0.15,1,0,6193,0.73,0.546,0.391,104.0,114.7,0.3614,287.8,0.0,1,1,0.864,367.18,1,1,0.823,374.21,-1,80.369,0.224,0.776,0.1,0.0,0.0,0.95,0.0,0.5,0.0,0.317,0.417,0.5,0.584,0.0,0.673,0.0,0,0,0.494,0.751,0.0,1.0,0.071,0.53,0.437,0.0,0.492,0.391,0.0,1.0,1.078
17154,2024.10.07 14:27:40,LMTm,BREAKOUT_RETEST,BUY,4,604.55,603.69,605.85,1.51,0.289,603.33725,604.0985,602.2715,1,0.39,0.456,0.1295,603.65425,578.30325,602.666,568.77,0,0.088,0.3,0,603.33725,0.653,0.571,0,0.0,0.0,604.97,580.263,8.408,0,0,1,0.356,0.2974,0.0234,0.297,0.442,0,0.846,0,0.843,602.8805,601.6625,0.288,0.711,0.0,2,0.25,0,0.846,0.273,0.711,0.384,0.399,1,602.2715,5,0.6,0.424,0.267,0.089,0.256,0.705,0.937,462.42959,457.715,565.81325,1678.5443,57.5438,2,462.42959,0.826,589.89566,0.298,0.0,0.0,0,0.15,1,0,6193,0.73,0.546,0.391,84.0,86.5,0.2919,287.8,0.0,1,1,0.864,367.18,1,1,0.823,374.21,-1,80.039,0.224,0.776,0.1,0.0,0.0,0.95,0.0,0.5,0.0,0.396,0.28,0.5,0.544,0.0,0.958,0.0,0,0,0.678,0.72,0.0,1.0,0.071,0.269,0.65,0.0,0.553,0.391,0.0,1.0,0.808
17156,2024.10.07 15:40:00,LMTm,BREAKOUT,BUY,4,608.58,605.54,615.43,2.26,0.427,603.33125,605.095,602.19,0,0.314,0.064,1.6898,603.65425,578.14825,603.142,571.15,0,0.109,0.7,0,603.12375,0.722,0.197,0,0.0,0.0,605.965,580.263,9.417,0,0,1,0.75,0.72,0.0676,0.72,0.113,0,0.714,3,0.623,605.19875,606.23625,1.008,0.629,0.0,2,0.15,0,0.714,0.765,1.766,0.433,0.406,1,605.19875,2,0.55,0.0,0.326,0.216,0.053,0.667,0.904,462.42959,457.715,565.81325,1678.5443,57.5438,2,462.42959,0.826,589.89566,0.298,0.0,0.0,0,0.15,1,0,6194,0.73,0.546,0.391,62.0,61.8,0.2263,273.9,0.0,1,1,0.864,367.18,1,1,0.823,374.21,-1,85.559,0.224,0.776,0.1,0.0,0.0,0.43,0.0,0.5,0.0,0.639,0.424,0.5,0.527,0.0,0.379,0.0,0,0,0.355,0.434,0.0,0.478,0.071,0.492,0.87,0.0,0.55,0.391,0.0,1.0,1.041
17157,2024.10.07 15:40:20,LMTm,PULLBACK,BUY,4,608.57,606.31,616.79,3.64,0.391,603.33125,605.095,602.19,0,0.314,0.064,1.6861,603.65425,578.14825,603.142,571.15,0,0.109,0.7,0,603.12375,0.722,0.197,0,0.0,0.0,605.965,580.263,9.417,0,0,1,0.75,0.72,0.0676,0.72,0.113,0,0.714,3,0.623,605.19875,606.23625,1.004,0.626,0.0,2,0.15,0,0.714,0.763,1.762,0.433,0.406,1,605.19875,2,0.55,0.0,0.326,0.216,0.053,0.667,0.904,462.42959,457.715,565.81325,1678.5443,57.5438,2,462.42959,0.826,589.89566,0.298,0.0,0.0,0,0.15,1,0,6194,0.73,0.546,0.391,62.0,61.8,0.2263,273.9,0.0,1,1,0.864,367.18,1,1,0.823,374.21,-1,85.555,0.224,0.776,0.1,0.0,0.0,0.43,0.0,0.5,0.0,0.639,0.413,0.5,0.527,0.0,0.379,0.0,0,0,0.362,0.434,0.0,0.478,0.071,0.492,0.87,0.0,0.55,0.391,0.0,1.0,1.041
17160,2024.10.07 15:42:40,LMTm,ANCHORED_PULLBACK,BUY,4,608.37,605.96,613.22,2.01,0.232,603.33125,605.095,602.19,0,0.314,0.064,1.6095,603.65425,578.14825,603.142,571.15,0,0.108,0.7,0,603.12375,0.722,0.197,0,0.0,0.0,605.965,580.263,9.417,0,0,1,0.75,0.72,0.0676,0.72,0.113,0,0.714,3,0.623,605.19875,606.23625,0.928,0.549,0.0,2,0.15,0,0.714,0.73,1.685,0.433,0.402,1,605.19875,2,0.55,0.0,0.326,0.216,0.053,0.667,0.904,462.42959,457.715,565.81325,1678.5443,57.5438,2,462.42959,0.826,589.89566,0.298,0.0,0.0,0,0.15,1,0,6194,0.73,0.546,0.391,63.0,61.9,0.23,273.9,0.0,1,1,0.864,367.18,1,1,0.823,374.21,-1,85.482,0.224,0.776,0.1,0.0,0.0,0.04,0.0,0.5,0.0,0.639,0.377,0.5,0.527,0.0,0.379,0.0,0,0,0.384,0.434,0.0,0.478,0.071,0.492,0.87,0.0,0.55,0.391,0.0,1.0,1.041
17162,2024.10.07 16:00:00,LMTm,TREND_CONTINUATION,BUY,4,607.34,603.95,614.4,2.08,0.743,605.34975,606.622,602.6235,0,0.356,0.03,0.4849,603.754,579.097,603.372,572.3,0,0.098,0.55,0,605.34975,0.65,0.588,0,0.0,0.0,607.77375,580.263,9.363,0,0,1,0.825,0.755,0.1436,0.755,0.226,1,0.34,0,0.434,605.5315,606.80375,0.421,0.03,0.387,0,0.15,2,1.0,0.275,0.485,0.566,0.433,1,605.34975,8,0.73,0.159,0.292,0.926,0.139,0.951,0.773,464.14686,459.11191,567.50975,1629.6925,-48.8517,1,460.76771,0.837,589.17551,0.293,0.0,0.0,0,0.142,1,0,6195,0.73,0.546,0.391,62.0,62.0,0.2194,282.6,0.0,1,1,0.864,367.18,1,1,0.823,374.21,-1,82.503,0.238,0.762,0.1,1.0,0.0,0.24,0.0,0.5,0.0,1.0,0.183,0.5,0.438,0.0,0.311,0.0,0,0,0.446,0.491,0.0,1.0,0.071,1.0,0.437,0.0,0.484,0.391,0.0,1.0,1.153
17164,2024.10.07 16:28:40,LMTm,BREAKOUT_RETEST,BUY,4,607.02,606.03,609.22,2.23,0.497,605.34975,606.622,602.6235,1,0.356,0.03,0.3788,603.754,579.097,603.372,572.3,0,0.097,0.55,0,605.34975,0.65,0.588,0,0.0,0.0,607.77375,580.263,9.363,0,0,1,0.825,0.755,0.1436,0.755,0.245,2,0.64,0,0.434,605.5315,606.80375,0.314,0.136,0.0,2,0.15,0,0.64,0.157,0.379,0.413,0.329,0,605.34975,8,0.73,0.371,0.286,0.226,0.139,0.951,0.773,464.14686,459.11191,567.50975,1629.6925,-48.8517,1,460.76771,0.837,589.17551,0.293,0.0,0.0,0,0.142,1,0,6195,0.73,0.546,0.391,60.0,60.4,0.2123,282.6,0.0,1,1,0.864,367.18,1,1,0.823,374.21,-1,82.39,0.238,0.762,0.1,1.0,0.0,0.59,0.0,0.5,0.0,1.0,0.541,0.5,0.564,0.0,0.237,0.0,0,0,0.289,0.552,0.0,0.912,0.071,0.657,0.736,0.0,0.545,0.391,0.0,1.0,0.997
17166,2024.10.07 17:40:00,LMTm,BREAKOUT,BUY,3,608.14,606.87,614.9,5.32,0.371,606.49975,606.678,603.113,0,0.037,0.696,0.3698,603.754,603.0895,611.14,578.938,1,0.016,0.5,0,606.49975,0.575,0.492,0,0.0,0.0,0.0,580.263,9.662,0,0,0,0.6,0.79,0.1964,0.79,0.457,2,0.507,0,0.711,606.49975,608.817,0.37,0.487,0.0,2,0.0,0,0.507,0.186,0.487,0.381,0.362,1,606.49975,8,0.715,0.26,0.163,0.237,0.142,1.0,0.902,464.14686,459.11191,567.50975,1629.6925,-48.8517,1,460.76771,0.837,589.17551,0.293,0.0,0.0,0,0.142,1,0,6196,0.73,0.546,0.391,64.0,60.4,0.2366,270.5,0.0,1,1,0.864,367.18,1,1,0.823,374.21,-1,86.481,0.238,0.762,0.1,1.0,0.0,0.0,0.0,0.5,0.0,0.351,0.588,0.5,0.524,0.0,0.217,0.0,0,0,0.297,0.811,0.0,0.528,0.048,0.56,0.784,0.0,0.539,0.391,0.0,1.0,1.046
17167,2024.10.07 17:40:20,LMTm,PULLBACK,BUY,3,608.21,606.87,611.78,2.66,0.341,606.49975,606.678,603.113,0,0.037,0.696,0.3957,603.754,603.0895,611.14,578.938,1,0.017,0.5,0,606.49975,0.575,0.492,0,0.0,0.0,0.0,580.263,9.662,0,0,0,0.6,0.79,0.1964,0.79,0.457,2,0.507,0,0.711,606.49975,608.817,0.396,0.461,0.0,2,0.0,0,0.507,0.176,0.461,0.381,0.361,1,606.49975,8,0.715,0.209,0.163,0.237,0.142,1.0,0.902,464.14686,459.11191,567.50975,1629.6925,-48.8517,1,460.76771,0.837,589.17551,0.293,0.0,0.0,0,0.142,1,0,6196,0.73,0.546,0.391,64.0,60.5,0.2366,270.5,0.0,1,1,0.864,367.18,1,1,0.823,374.21,-1,86.506,0.238,0.762,0.1,1.0,0.0,0.01,0.0,0.5,0.0,0.351,0.597,0.5,0.524,0.0,0.217,0.0,0,0,0.302,0.811,0.0,0.528,0.048,0.56,0.788,0.0,0.539,0.391,0.0,1.0,1.046
17170,2024.10.07 18:27:40,LMTm,TREND_CONTINUATION,BUY,3,603.65,600.52,606.91,1.04,0.417,606.28025,607.673,604.578,0,0.004,0.828,-1.2519,603.754,603.0895,611.14,578.938,1,0.0,0.5,0,606.28025,0.57,0.446,0,0.0,0.0,607.37125,580.263,9.994,0,0,0,0.65,0.65,0.2733,0.65,0.072,0,0.746,0,0.792,606.1255,603.6495,1.192,0.242,0.0,2,0.25,0,0.746,0.55,1.252,0.439,0.404,1,606.28025,8,0.714,0.0,0.378,0.195,0.246,0.735,0.947,464.14686,459.11191,567.50975,1629.6925,-48.8517,1,460.76771,0.837,589.17551,0.293,0.0,0.0,0,0.142,1,0,6197,0.73,0.546,0.391,63.0,62.6,0.2419,260.4,0.0,1,1,0.864,367.18,1,1,0.823,374.21,0,88.101,0.238,0.762,0.1,1.0,0.5,0.19,0.0,0.5,0.0,0.296,0.267,0.5,0.52,0.0,0.406,0.0,0,0,0.458,0.708,0.0,0.684,0.048,0.525,0.376,0.0,0.541,0.391,0.0,1.0,1.046
17172,2024.10.08 13:41:00,LMTm,NAKED_POC,BUY,4,607.11,604.5,611.13,1.54,0.845,606.46575,608.19,603.4875,1,0.286,0.182,-0.2858,603.754,603.0895,611.14,578.938,1,0.01,0.75,0,603.95775,0.667,0.205,0,0.0,0.0,602.962,606.3425,0.24,0,0,0,1.0,0.72,0.1244,0.72,0.363,2,0.605,3,0.572,606.46575,604.89825,0.286,0.299,0.477,0,0.7,6,0.7,0.16,0.65,0.246,0.285,0,603.95775,8,0.733,0.428,0.471,0.516,0.545,1.0,0.964,464.14686,459.22087,604.723,2159.243,529.5504,2,460.76771,0.84,589.17551,0.294,0.0,0.0,0,0.155,1,0,6199,0.73,0.546,0.391,141.0,56.8,0.5263,267.9,0.0,1,1,0.864,367.18,1,1,0.823,374.21,0,86.926,0.303,0.697,0.1,0.0,0.5,0.0,0.0,0.5,0.0,0.0,0.382,0.5,0.0,0.0,0.0,0.0,0,0,0.071,0.0,0.0,0.0,0.071,0.0,0.5,0.0,0.0,0.0,0.0,0.0,0.0
0,2024.10.08 13:44:20,LMTm,BREAKOUT,BUY,4,606.34,605.05,607.7,1.06,0.37,606.46575,608.19,603.4875,1,0.286,0.182,-0.5545,603.754,603.0895,611.14,578.938,1,0.007,0.75,0,603.95775,0.667,0.205,0,0.0,0.0,602.962,606.3425,0.24,0,0,0,1.0,0.72,0.1244,0.72,0.032,2,0.643,3,0.572,603.801,604.89825,0.44,0.031,0.0,2,0.4,0,0.643,0.247,0.555,0.445,0.281,0,603.95775,8,0.733,0.12,0.45,0.216,0.14,0.641,0.964,464.14686,459.22087,604.723,2159.243,529.5504,2,460.76771,0.84,589.17551,0.294,0.0,0.0,0,0.155,1,0,6199,0.73,0.546,0.391,136.0,72.6,0.5076,267.9,0.0,1,1,0.864,367.18,1,1,0.823,374.21,0,86.639,0.303,0.697,0.1,0.0,0.5,0.17,0.0,0.5,0.0,0.516,0.374,0.5,0.529,0.0,0.492,0.0,0,0,0.431,0.561,0.0,1.0,0.071,0.29,0.488,0.0,0.542,0.391,0.0,1.0,0.883
0,2024.10.08 13:44:20,LMTm,PULLBACK,BUY,4,606.34,605.05,607.7,1.06,0.585,606.46575,608.19,603.4875,1,0.286,0.182,-0.5545,603.754,603.0895,611.14,578.938,1,0.007,0.75,0,603.95775,0.667,0.205,0,0.0,0.0,602.962,606.3425,0.24,0,0,0,1.0,0.72,0.1244,0.72,0.032,2,0.643,3,0.572,603.801,604.89825,0.44,0.031,0.0,2,0.4,0,0.643,0.247,0.555,0.445,0.281,0,603.95775,8,0.733,0.12,0.45,0.216,0.14,0.641,0.964,464.14686,459.22087,604.723,2159.243,529.5504,2,460.76771,0.84,589.17551,0.294,0.0,0.0,0,0.155,1,0,6199,0.73,0.546,0.391,136.0,73.4,0.5076,267.9,0.0,1,1,0.864,367.18,1,1,0.823,374.21,0,86.639,0.303,0.697,0.1,0.0,0.5,0.17,0.0,0.5,0.0,0.516,0.374,0.5,0.529,0.0,0.492,0.0,0,0,0.431,0.561,0.0,1.0,0.071,0.29,0.488,0.0,0.542,0.391,0.0,1.0,0.883
17173,2024.10.08 13:46:40,LMTm,BREAKOUT_RETEST,BUY,4,606.02,604.52,607.64,1.08,0.551,606.46575,608.19,603.4875,1,0.286,0.182,-0.6516,603.754,603.0895,611.14,578.938,1,0.006,0.75,0,603.95775,0.667,0.205,0,0.0,0.0,602.962,606.3425,0.24,0,0,0,1.0,0.72,0.1244,0.72,0.083,2,0.643,3,0.572,603.801,604.89825,0.343,0.067,0.0,2,0.4,0,0.643,0.285,0.652,0.438,0.286,0,603.801,2,0.55,0.314,0.435,0.216,0.14,0.641,0.964,464.14686,459.22087,604.723,2159.243,529.5504,2,460.76771,0.84,589.17551,0.294,0.0,0.0,0,0.155,1,0,6199,0.73,0.546,0.391,130.0,83.2,0.4852,267.9,0.0,1,1,0.864,367.18,1,1,0.823,374.21,0,86.519,0.303,0.697,0.1,0.0,0.5,0.29,0.0,0.5,0.0,0.598,0.397,0.5,0.503,0.0,0.561,0.0,0,0,0.437,0.571,0.0,1.0,0.071,0.15,0.486,0.0,0.542,0.391,0.0,1.0,0.883
0,2024.10.08 13:47:40,LMTm,MEAN_REVERSION,BUY,4,605.85,604.96,607.74,2.12,0.579,606.46575,608.19,603.4875,1,0.286,0.182,-0.7038,603.754,603.0895,611.14,578.938,1,0.006,0.75,0,603.95775,0.667,0.205,0,0.0,0.0,602.962,606.3425,0.24,0,0,0,1.0,0.72,0.1244,0.72,0.083,2,0.643,3,0.572,603.801,604.89825,0.291,0.119,0.0,2,0.4,0,0.643,0.308,0.704,0.438,0.288,0,603.4875,5,0.6,0.419,0.435,0.216,0.14,0.641,0.964,464.14686,459.22087,604.723,2159.243,529.5504,2,460.76771,0.84,589.17551,0.294,0.0,0.0,0,0.155,1,0,6199,0.73,0.546,0.391,127.0,87.5,0.474,267.9,0.0,1,1,0.864,367.18,1,1,0.823,374.21,0,86.456,0.303,0.697,0.1,0.0,0.5,0.35,0.0,0.5,0.0,0.598,0.376,0.5,0.503,0.0,0.561,0.0,0,0,0.45,0.571,0.0,1.0,0.071,0.15,0.482,0.0,0.542,0.391,0.0,1.0,0.883
17175,2024.10.08 13:47:59,LMTm,ANCHORED_PULLBACK,BUY,4,605.96,603.22,608.19,0.81,0.193,606.46575,608.19,603.4875,1,0.286,0.182,-0.6628,603.754,603.0895,611.14,578.938,1,0.006,0.75,0,603.95775,0.667,0.205,0,0.0,0.0,602.962,606.3425,0.24,0,0,0,1.0,0.72,0.1244,0.72,0.083,2,0.643,3,0.572,603.801,604.89825,0.332,0.078,0.0,2,0.4,0,0.643,0.29,0.663,0.438,0.286,0,603.801,2,0.55,0.336,0.435,0.216,0.14,0.641,0.964,464.14686,459.22087,604.723,2159.243,529.5504,2,460.76771,0.84,589.17551,0.294,0.0,0.0,0,0.155,1,0,6199,0.73,0.546,0.391,127.0,88.2,0.474,267.9,0.0,1,1,0.864,367.18,1,1,0.823,374.21,0,86.497,0.303,0.697,0.1,0.0,0.5,0.36,0.0,0.5,0.0,0.598,0.365,0.5,0.503,0.0,0.561,0.0,0,0,0.456,0.571,0.0,1.0,0.071,0.15,0.485,0.0,0.542,0.391,0.0,1.0,0.883
17178,2024.10.08 13:58:40,LMTm,TREND_CONTINUATION,BUY,4,604.32,601.1,607.62,1.03,0.516,606.46575,608.19,603.4875,0,0.286,0.182,-1.2301,603.754,603.0895,611.14,578.938,1,0.0,0.75,0,603.95775,0.667,0.205,0,0.0,0.0,602.962,606.3425,0.24,0,0,0,1.0,0.72,0.1244,0.72,0.44,2,0.643,3,0.572,603.01725,602.2335,0.057,0.35,0.0,2,0.4,0,0.643,0.472,1.23,0.384,0.301,0,606.46575,1,0.7,0.886,0.328,0.216,0.14,0.592,0.946,464.14686,459.22087,604.723,2159.243,529.5504,2,460.76771,0.84,589.17551,0.294,0.0,0.0,0,0.155,1,0,6199,0.73,0.546,0.391,115.0,124.6,0.4292,267.9,0.0,1,1,0.864,367.18,1,1,0.823,374.21,0,85.885,0.303,0.697,0.1,0.0,0.5,0.99,0.0,0.5,0.0,0.452,0.336,0.5,0.564,0.0,0.742,0.0,0,0,0.564,0.752,0.0,0.918,0.071,0.394,0.544,0.0,0.547,0.391,0.0,1.0,0.964
17179,2024.10.08 13:58:59,LMTm,SWEEP_REVERSAL,BUY,4,604.32,601.64,607.62,1.23,0.23,606.46575,608.19,603.4875,0,0.286,0.182,-1.2301,603.754,603.0895,611.14,578.938,1,0.0,0.75,0,603.95775,0.667,0.205,0,0.0,0.0,602.962,606.3425,0.24,0,0,0,1.0,0.72,0.1244,0.72,0.44,2,0.643,3,0.572,603.01725,602.2335,0.057,0.35,0.0,2,0.4,0,0.643,0.472,1.23,0.384,0.301,0,606.46575,1,0.7,0.886,0.328,0.216,0.14,0.592,0.946,464.14686,459.22087,604.723,2159.243,529.5504,2,460.76771,0.84,589.17551,0.294,0.0,0.0,0,0.155,1,0,6199,0.73,0.546,0.391,115.0,124.4,0.4292,267.9,0.0,1,1,0.864,367.18,1,1,0.823,374.21,0,85.885,0.303,0.697,0.1,0.0,0.5,0.98,0.0,0.5,0.0,0.452,0.341,0.5,0.564,0.0,0.742,0.0,0,0,0.561,0.752,0.0,0.918,0.071,0.394,0.544,0.0,0.547,0.391,0.0,1.0,0.964
17182,2024.10.08 15:41:00,LMTm,NAKED_POC,BUY,4,603.76,601.45,606.34,1.12,0.348,602.69575,604.9285,601.837,1,0.083,0.312,0.1396,603.146,603.0895,611.14,580.727,1,0.0,0.45,0,602.69575,0.715,0.914,0,0.0,0.0,0.0,606.3425,1.481,0,0,0,0.268,-0.4135,-0.0161,0.414,0.847,0,0.707,1,0.118,603.211,601.4935,0.058,0.601,0.0,2,0.0,0,0.707,0.406,1.258,0.323,0.339,0,601.837,5,0.6,0.884,0.046,0.124,0.0,0.803,0.95,464.14686,459.22087,604.723,2159.243,529.5504,2,460.76771,0.84,589.17551,0.294,0.0,0.0,0,0.155,1,0,6201,0.731,0.545,0.389,70.0,72.0,0.2683,260.9,0.0,1,1,0.864,367.18,1,1,0.823,374.21,0,87.998,0.303,0.697,0.1,0.0,0.5,0.94,0.0,0.5,0.0,0.965,0.607,0.5,0.55,0.0,0.285,0.0,0,0,0.343,0.805,0.0,0.794,0.071,0.415,0.489,0.0,0.561,0.375,0.0,1.0,0.648
17184,2024.10.08 17:43:40,LMTm,NAKED_POC,BUY,3,605.14,601.79,608.79,1.09,0.551,603.03625,604.4195,602.156,0,0.034,0.757,0.6261,603.146,603.0895,611.14,580.727,1,0.006,0.45,0,603.03625,0.709,0.34,0,0.0,0.0,0.0,606.3425,0.979,0,0,0,0.55,-0.58,-0.1769,0.58,0.415,0,0.751,0,0.484,604.04225,605.04825,0.213,0.201,0.0,2,0.25,0,0.751,0.284,0.732,0.388,0.345,0,603.03625,8,0.742,0.574,0.276,0.174,0.184,0.805,0.852,464.14686,466.0487,604.723,2066.9012,-92.3418,1,460.76771,0.841,589.17551,0.295,0.0,0.0,0,0.176,1,0,6203,0.731,0.545,0.389,58.0,59.9,0.2383,243.4,0.0,1,1,0.864,367.18,1,1,0.823,374.21,1,94.893,0.325,0.675,0.1,1.0,1.0,0.99,0.0,0.5,0.0,0.829,0.603,0.5,0.57,0.0,0.243,0.0,0,0,0.33,0.736,0.0,0.867,0.048,0.435,0.625,0.0,0.539,0.391,0.0,1.0,0.825
17186,2024.10.08 19:00:00,LMTm,ANCHORED_PULLBACK,BUY,3,606.43,605.02,610.77,3.07,0.734,604.51,605.09,602.306,0,0.571,0.19,0.5708,603.146,603.0895,611.14,580.727,1,0.012,0.6,0,604.51,0.602,0.516,0,0.0,0.0,605.74675,606.3425,0.182,0,0,0,0.975,-0.65,-0.1322,0.65,0.167,1,0.329,0,0.655,604.278,605.206,0.666,0.285,0.1971,0,0.4,2,1.0,0.383,0.666,0.575,0.419,1,604.51,8,0.72,0.0,0.41,0.895,0.271,0.818,0.882,464.14686,466.0487,604.723,2066.9012,-92.3418,1,460.76771,0.841,589.17551,0.295,0.0,0.0,0,0.176,1,0,6205,0.731,0.545,0.389,53.0,52.5,0.2177,243.5,0.0,1,1,0.864,367.18,1,1,0.823,374.21,1,95.368,0.325,0.675,0.1,1.0,1.0,0.36,0.0,0.5,0.0,0.397,0.609,0.5,0.764,0.0,0.504,0.0,0,0,0.496,0.501,0.0,0.701,0.1,0.585,0.628,0.0,0.48,0.391,0.0,1.0,0.694
17188,2024.10.09 13:41:20,LMTm,MEAN_REVERSION,BUY,4,603.84,601.86,605.61,0.89,0.603,604.508,605.652,602.948,0,0.547,0.042,-0.7156,603.146,603.0895,611.14,580.727,1,0.001,0.65,0,604.508,0.654,0.405,0,0.0,0.0,606.588,580.263,9.097,0,0,0,1.0,-0.86,-0.0689,0.86,0.037,0,0.698,0,0.443,604.404,603.156,0.673,0.168,0.0,2,0.15,0,0.698,0.318,0.716,0.444,0.338,0,604.508,8,0.731,0.0,0.349,0.258,0.141,0.743,0.848,464.14686,466.0487,565.80612,1484.3278,-582.5734,1,460.76771,0.843,589.17551,0.296,0.0,0.0,0,0.183,1,0,6206,0.731,0.545,0.389,110.0,54.3,0.4452,247.1,0.0,1,1,0.864,367.18,1,1,0.823,374.21,1,92.941,0.415,0.585,0.1,1.0,1.0,0.0,0.0,0.5,0.0,0.551,0.606,0.5,0.558,0.0,0.735,0.0,0,0,0.525,0.478,0.0,0.884,0.1,0.269,0.384,0.0,0.544,0.375,0.0,1.0,0.702
17190,2024.10.09 13:54:40,LMTm,SWEEP_REVERSAL,BUY,4,603.2,600.73,605.52,0.94,0.168,604.508,605.652,602.948,0,0.547,0.042,-0.9382,603.146,603.0895,611.14,580.727,1,0.004,0.65,0,604.508,0.654,0.405,0,0.0,0.0,606.588,580.263,9.097,0,0,0,1.0,-0.86,-0.0689,0.86,0.037,0,0.698,0,0.443,604.404,603.156,0.896,0.391,0.0,2,0.15,0,0.698,0.417,0.938,0.444,0.349,0,604.508,8,0.731,0.0,0.349,0.258,0.141,0.743,0.848,464.14686,466.0487,565.80612,1484.3278,-582.5734,1,460.76771,0.843,589.17551,0.296,0.0,0.0,0,0.183,1,0,6206,0.731,0.545,0.389,101.0,97.6,0.4088,247.1,0.0,1,1,0.864,367.18,1,1,0.823,374.21,1,92.682,0.415,0.585,0.1,1.0,1.0,0.78,0.0,0.5,0.0,0.374,0.517,0.5,0.498,0.0,0.757,0.0,0,0,0.462,0.478,0.0,1.0,0.1,0.245,0.321,0.0,0.551,0.391,0.0,1.0,0.687
0,2024.10.09 14:00:00,LMTm,ANCHORED_PULLBACK,BUY,4,603.38,603.25,604.58,9.04,0.56,604.582,605.924,603.484,0,0.711,0.093,-0.9167,603.146,603.0895,611.14,582.516,1,0.003,0.5,0,604.582,0.633,0.83,0,0.0,0.0,602.3815,580.263,9.348,0,0,0,0.608,0.6402,0.0444,0.64,0.134,0,0.742,0,0.807,604.338,602.752,0.814,0.144,-0.1114,1,0.15,1,0.934,0.257,0.917,0.28,0.452,1,604.582,8,0.727,0.0,0.62,0.192,0.214,0.881,0.906,464.14686,466.0487,565.80612,1484.3278,-582.5734,1,460.76771,0.843,589.17551,0.296,0.0,0.0,0,0.183,1,0,6207,0.731,0.545,0.389,97.0,104.0,0.4094,236.9,0.0,1,1,0.864,367.18,1,1,0.823,374.21,1,96.725,0.415,0.585,0.1,1.0,1.0,0.99,0.0,0.5,0.0,0.344,0.475,0.5,0.444,0.0,0.78,0.0,0,0,0.46,0.517,0.0,0.673,0.1,0.206,0.567,0.0,0.507,0.375,0.0,1.0,0.761
17192,2024.10.09 15:41:30,LMTm,BREAKOUT,BUY,4,603.93,602.62,609.6,4.33,0.297,602.1975,605.19,601.2,1,0.021,0.272,0.4772,603.146,603.0895,611.14,582.516,1,0.001,0.7,2,602.1975,0.781,0.0,2,0.0,0.0,0.0,580.263,9.648,0,0,0,0.75,0.545,0.0622,0.545,0.235,2,0.619,3,0.512,604.4775,603.0525,0.528,0.1,0.0,2,0.4,0,0.619,0.219,0.528,0.415,0.287,0,602.1975,8,0.756,0.0,0.39,0.164,0.14,0.821,0.811,464.14686,466.0487,565.80612,1484.3278,-582.5734,1,460.76771,0.843,589.17551,0.296,0.0,0.0,0,0.183,1,0,6208,0.731,0.545,0.389,65.0,66.0,0.2865,226.9,0.0,1,1,0.864,367.18,1,1,0.823,374.21,0,101.262,0.415,0.585,0.1,1.0,0.5,0.94,0.0,0.5,0.0,0.563,0.8,0.5,0.481,0.0,0.298,0.0,0,0,0.443,0.6,0.0,0.835,0.143,0.317,0.502,0.0,0.555,0.375,0.0,1.0,0.875
17193,2024.10.09 15:42:00,LMTm,PULLBACK,BUY,4,603.93,602.62,611.79,6.0,0.496,602.1975,605.19,601.2,1,0.021,0.272,0.4772,603.146,603.0895,611.14,582.516,1,0.001,0.7,2,602.1975,0.781,0.0,2,0.0,0.0,0.0,580.263,9.648,0,0,0,0.75,0.545,0.0622,0.545,0.235,2,0.619,3,0.512,604.4775,603.0525,0.528,0.1,0.0,2,0.4,0,0.619,0.219,0.528,0.415,0.287,0,602.1975,8,0.756,0.0,0.39,0.164,0.14,0.821,0.811,464.14686,466.0487,565.80612,1484.3278,-582.5734,1,460.76771,0.843,589.17551,0.296,0.0,0.0,0,0.183,1,0,6208,0.731,0.545,0.389,65.0,66.0,0.2865,226.9,0.0,1,1,0.864,367.18,1,1,0.823,374.21,0,101.262,0.415,0.585,0.1,1.0,0.5,0.93,0.0,0.5,0.0,0.563,0.768,0.5,0.481,0.0,0.298,0.0,0,0,0.424,0.6,0.0,0.835,0.143,0.317,0.502,0.0,0.555,0.375,0.0,1.0,0.875
17194,2024.10.09 15:42:20,LMTm,TREND_CONTINUATION,BUY,4,603.93,601.21,609.6,2.08,0.406,602.1975,605.19,601.2,1,0.021,0.272,0.4772,603.146,603.0895,611.14,582.516,1,0.001,0.7,2,602.1975,0.781,0.0,2,0.0,0.0,0.0,580.263,9.648,0,0,0,0.75,0.545,0.0622,0.545,0.235,2,0.619,3,0.512,604.4775,603.0525,0.528,0.1,0.0,2,0.4,0,0.619,0.219,0.528,0.415,0.287,0,602.1975,8,0.756,0.0,0.39,0.164,0.14,0.821,0.811,464.14686,466.0487,565.80612,1484.3278,-582.5734,1,460.76771,0.843,589.17551,0.296,0.0,0.0,0,0.183,1,0,6208,0.731,0.545,0.389,65.0,65.9,0.2865,226.9,0.0,1,1,0.864,367.18,1,1,0.823,374.21,0,101.262,0.415,0.585,0.1,1.0,0.5,0.92,0.0,0.5,0.0,0.563,0.762,0.5,0.481,0.0,0.298,0.0,0,0,0.421,0.6,0.0,0.835,0.143,0.317,0.502,0.0,0.555,0.375,0.0,1.0,0.875
17198,2024.10.09 16:00:30,LMTm,BREAKOUT_RETEST,BUY,4,604.9,602.6,607.39,1.08,0.244,602.1975,604.905,601.2,1,0.092,0.034,0.915,603.146,603.0895,611.14,582.516,1,0.005,0.65,2,602.1975,0.754,0.453,0,0.0,0.0,603.073,580.263,10.599,0,0,0,0.298,0.3281,0.0185,0.328,0.158,0,0.683,3,0.698,604.4775,603.9075,0.092,0.16,0.0,2,0.4,0,0.683,0.39,0.915,0.426,0.316,0,602.1975,8,0.751,0.817,0.413,0.098,0.14,0.579,0.793,464.14686,466.0487,565.876,1485.6833,1.3555,2,460.76771,0.846,589.17551,0.296,0.0,0.0,0,0.192,1,0,6209,0.731,0.545,0.389,63.0,63.7,0.2781,226.5,0.0,1,1,0.864,367.18,1,1,0.823,374.21,0,101.85,0.219,0.781,0.1,0.0,0.5,0.81,0.0,0.5,0.0,0.901,0.671,0.5,0.503,0.0,0.225,0.0,0,0,0.343,0.626,0.0,0.61,0.143,0.575,0.57,0.0,0.564,0.375,0.0,1.0,0.861
17200,2024.10.09 16:31:40,LMTm,ANCHORED_PULLBACK,BUY,4,603.78,602.39,604.91,0.81,0.472,602.1975,604.905,601.2,1,0.092,0.034,0.4338,603.146,603.0895,611.14,582.516,1,0.0,0.65,2,602.1975,0.754,0.453,0,0.0,0.0,603.073,580.263,10.599,0,0,0,0.298,0.3281,0.0185,0.328,0.391,0,0.683,3,0.698,601.9125,603.9075,0.56,0.321,0.0,2,0.4,0,0.683,0.219,0.56,0.391,0.332,0,602.1975,8,0.751,0.0,0.343,0.098,0.14,0.872,0.793,464.14686,466.0487,565.876,1485.6833,1.3555,2,460.76771,0.846,589.17551,0.296,0.0,0.0,0,0.192,1,0,6209,0.731,0.545,0.389,60.0,60.0,0.2649,226.5,0.0,1,1,0.864,367.18,1,1,0.823,374.21,0,101.355,0.219,0.781,0.1,0.0,0.5,0.17,0.0,0.5,0.0,0.715,0.299,0.5,0.499,0.0,0.309,0.0,0,0,0.394,0.776,0.0,0.939,0.143,0.588,0.576,0.0,0.565,0.391,0.0,1.0,0.825
17202,2024.10.09 17:44:30,LMTm,BREAKOUT,BUY,3,603.6,602.53,605.62,1.89,0.131,602.1975,604.05,601.2,1,0.063,0.787,0.3546,603.146,603.0895,611.14,587.883,1,0.0,0.5,2,602.1975,0.754,0.0,1,0.0,0.0,603.17025,580.263,9.769,0,0,0,0.089,0.0,0.0049,0.324,0.821,0,0.824,3,0.545,603.0525,605.6175,0.01,1.102,0.0,2,0.0,0,0.824,0.36,1.102,0.327,0.419,1,602.1975,8,0.751,0.981,0.054,0.0,0.0,0.822,0.904,464.14686,466.0487,565.876,1485.6833,1.3555,2,460.76771,0.846,589.17551,0.296,0.0,0.0,0,0.192,1,0,6210,0.716,0.554,0.385,57.0,57.2,0.2428,234.8,0.0,1,1,0.864,367.18,1,1,0.823,374.21,0,97.702,0.219,0.781,0.1,0.0,0.5,0.15,0.0,0.5,0.0,0.607,0.284,0.5,0.552,0.0,0.283,0.0,0,0,0.408,0.8,0.0,0.936,0.095,0.472,0.421,0.0,0.573,0.391,0.0,1.0,0.94
17203,2024.10.09 17:45:30,LMTm,PULLBACK,BUY,3,603.62,602.53,605.62,1.84,0.281,602.1975,604.05,601.2,1,0.063,0.787,0.3631,603.146,603.0895,611.14,587.883,1,0.0,0.5,2,602.1975,0.754,0.0,1,0.0,0.0,603.17025,580.263,9.769,0,0,0,0.089,0.0,0.0049,0.324,0.821,0,0.824,3,0.545,603.0525,605.6175,0.001,1.094,0.0,2,0.0,0,0.824,0.357,1.094,0.327,0.419,1,602.1975,8,0.751,0.998,0.054,0.0,0.0,0.822,0.904,464.14686,466.0487,565.876,1485.6833,1.3555,2,460.76771,0.846,589.17551,0.296,0.0,0.0,0,0.192,1,0,6210,0.716,0.554,0.385,57.0,57.2,0.2428,234.8,0.0,1,1,0.864,367.18,1,1,0.823,374.21,0,97.71,0.219,0.781,0.1,0.0,0.5,0.16,0.0,0.5,0.0,0.589,0.297,0.5,0.54,0.0,0.274,0.0,0,0,0.394,0.8,0.0,0.936,0.095,0.472,0.421,0.0,0.573,0.391,0.0,1.0,0.94
17206,2024.10.09 19:00:20,LMTm,SWEEP_REVERSAL,BUY,3,603.08,600.94,605.27,1.02,0.186,603.139,604.686,602.502,0,0.067,0.018,-0.299,603.4545,603.0895,611.14,593.25,1,0.003,0.6,0,603.139,0.632,0.797,0,0.0,0.0,0.0,580.263,10.382,0,0,0,0.5,-0.72,-0.0899,0.72,0.333,0,0.667,0,0.589,602.593,602.411,0.044,0.042,0.0,2,0.15,0,0.667,0.6,1.5,0.4,0.395,1,604.686,4,0.6,0.913,0.26,0.216,0.17,0.856,0.633,464.14686,466.0487,565.876,1485.6833,1.3555,2,460.76771,0.846,589.17551,0.296,0.0,0.0,0,0.192,1,0,6212,0.716,0.554,0.385,58.0,54.7,0.2714,213.7,0.0,1,1,0.864,367.18,1,1,0.823,374.21,0,107.092,0.219,0.781,0.1,0.0,0.5,0.02,0.0,0.5,0.0,0.451,0.598,0.5,0.568,0.0,0.472,0.0,0,0,0.418,0.711,0.0,0.982,0.107,0.425,0.433,0.0,0.545,0.375,0.0,1.0,0.757
17208,2024.10.10 13:43:40,LMTm,SWEEP_REVERSAL,BUY,4,602.53,600.4,604.36,0.86,0.259,603.23875,603.9475,602.215,0,0.207,0.015,-0.8571,603.4545,603.0895,611.14,595.039,1,0.008,0.55,0,603.23875,0.663,0.581,0,0.0,0.0,0.0,580.263,10.193,0,0,0,0.55,-0.58,-0.133,0.58,0.143,0,0.771,0,0.43,602.53,602.0575,0.525,0.303,0.0,2,0.4,0,0.771,0.367,0.857,0.429,0.329,0,603.23875,8,0.733,0.0,0.417,0.174,0.226,0.799,0.878,463.71852,466.71929,565.876,1776.7746,291.0913,2,460.91049,0.861,483.37472,0.276,0.0,0.0,0,0.207,1,0,6213,0.716,0.554,0.385,112.0,63.1,0.5249,213.4,0.0,1,1,0.864,367.18,1,1,0.823,374.21,0,107.013,0.22,0.78,0.1,0.0,0.5,0.06,0.0,0.5,0.0,0.427,0.513,0.5,0.521,0.0,0.426,0.0,0,0,0.334,0.509,0.0,1.0,0.107,0.259,0.29,0.0,0.56,0.417,0.0,1.0,0.751
17209,2024.10.10 13:43:59,LMTm,MEAN_REVERSION,BUY,4,602.53,600.82,604.36,1.07,0.655,603.23875,603.9475,602.215,0,0.207,0.015,-0.8571,603.4545,603.0895,611.14,595.039,1,0.008,0.55,0,603.23875,0.663,0.581,0,0.0,0.0,0.0,580.263,10.193,0,0,0,0.55,-0.58,-0.133,0.58,0.143,0,0.771,0,0.43,602.53,602.0575,0.525,0.303,0.0,2,0.4,0,0.771,0.367,0.857,0.429,0.329,0,603.23875,8,0.733,0.0,0.417,0.174,0.226,0.799,0.878,463.71852,466.71929,565.876,1776.7746,291.0913,2,460.91049,0.861,483.37472,0.276,0.0,0.0,0,0.207,1,0,6213,0.716,0.554,0.385,112.0,63.7,0.5249,213.4,0.0,1,1,0.864,367.18,1,1,0.823,374.21,0,107.013,0.22,0.78,0.1,0.0,0.5,0.06,0.0,0.5,0.0,0.427,0.509,0.5,0.521,0.0,0.426,0.0,0,0,0.332,0.509,0.0,1.0,0.107,0.259,0.29,0.0,0.56,0.417,0.0,1.0,0.751
17212,2024.10.10 15:43:40,LMTm,SWEEP_REVERSAL,BUY,4,600.02,597.66,603.01,1.27,0.144,602.37025,604.4685,601.798,0,1.958,0.018,-1.2674,603.06725,603.0895,609.351,596.828,1,0.016,0.35,0,602.37025,0.76,0.3,0,0.0,0.0,598.64025,580.263,7.412,0,0,0,0.975,-0.825,-0.1123,0.825,0.118,2,0.598,2,0.354,602.9425,599.31825,1.51,0.026,0.0,2,0.15,0,0.598,0.653,1.51,0.432,0.345,0,602.37025,8,0.752,0.0,0.324,0.247,0.053,0.782,0.875,463.71852,466.71929,565.876,1776.7746,291.0913,2,460.91049,0.861,483.37472,0.276,0.0,0.0,0,0.207,1,0,6215,0.716,0.554,0.385,64.0,64.5,0.2713,235.9,0.0,1,1,0.864,367.18,1,1,0.823,374.21,0,95.711,0.22,0.78,0.1,0.0,0.5,0.57,0.0,0.5,0.0,1.0,0.618,0.5,0.489,0.0,0.279,0.0,0,0,0.329,0.337,0.0,0.836,0.107,0.395,0.565,0.0,0.557,0.375,0.0,1.0,0.7
17213,2024.10.10 15:43:59,LMTm,MEAN_REVERSION,BUY,4,600.09,598.2,603.01,1.55,0.568,602.37025,604.4685,601.798,0,1.958,0.018,-1.2378,603.06725,603.0895,609.351,596.828,1,0.015,0.35,0,602.37025,0.76,0.3,0,0.0,0.0,598.64025,580.263,7.412,0,0,0,0.975,-0.825,-0.1123,0.825,0.118,2,0.598,2,0.354,602.9425,599.31825,1.48,0.056,0.0,2,0.15,0,0.598,0.64,1.48,0.432,0.344,0,602.37025,8,0.752,0.0,0.324,0.247,0.053,0.782,0.875,463.71852,466.71929,565.876,1776.7746,291.0913,2,460.91049,0.861,483.37472,0.276,0.0,0.0,0,0.207,1,0,6215,0.716,0.554,0.385,64.0,64.5,0.2713,235.9,0.0,1,1,0.864,367.18,1,1,0.823,374.21,0,95.741,0.22,0.78,0.1,0.0,0.5,0.64,0.0,0.5,0.0,1.0,0.609,0.5,0.489,0.0,0.279,0.0,0,0,0.324,0.337,0.0,0.836,0.107,0.395,0.565,0.0,0.557,0.375,0.0,1.0,0.7
17216,2024.10.10 17:51:40,LMTm,MEAN_REVERSION,BUY,3,597.43,595.48,599.15,0.88,0.573,598.55525,602.561,597.22,0,0.429,0.041,-0.7034,603.06725,603.103,607.568,596.852,0,0.026,0.7,2,602.37025,0.658,0.804,0,0.0,0.0,597.72125,580.263,7.073,0,0,0,1.0,-0.72,-0.1358,0.72,0.14,2,0.548,3,0.714,598.93675,597.41075,0.86,0.234,0.0,2,0.4,0,0.548,0.973,2.268,0.429,0.394,1,598.55525,1,0.7,0.0,0.418,0.216,0.14,0.916,0.86,462.92414,604.59667,604.02025,-11.0788,-1787.8535,-2,462.92414,0.883,502.27349,0.274,0.0,0.0,0,0.166,1,0,6217,0.716,0.554,0.385,59.0,59.9,0.2419,243.9,0.0,1,1,0.864,367.18,1,1,0.823,374.21,-1,91.537,0.305,0.695,12.7,0.0,0.0,0.68,0.0,0.5,0.0,1.0,0.623,0.5,0.549,0.0,0.343,0.0,0,0,0.375,0.297,0.377,0.347,0.223,0.682,0.195,0.0,0.524,0.375,0.0,1.0,0.707
17218,2024.10.10 18:32:40,LMTm,SWEEP_REVERSAL,BUY,3,596.15,593.7,598.16,0.82,0.098,598.7105,600.03,597.014,0,0.274,2.276,-1.2833,603.022,603.103,607.568,596.852,0,0.031,0.4,0,598.7105,0.685,0.3,0,0.0,0.0,0.0,580.263,6.803,0,0,0,1.0,-0.93,-0.2361,0.93,0.243,0,0.68,1,0.206,597.5795,600.9725,0.821,2.208,0.0,2,0.0,0,0.68,0.913,2.208,0.413,0.39,1,597.5795,2,0.55,0.0,0.227,0.279,0.0,0.705,0.92,462.92414,604.59667,604.02025,-11.0788,-1787.8535,-2,462.92414,0.883,502.27349,0.274,0.0,0.0,0,0.166,1,0,6218,0.716,0.554,0.385,58.0,59.1,0.237,244.7,0.0,1,1,0.864,367.18,1,1,0.823,374.21,0,90.694,0.305,0.695,12.7,0.0,0.5,0.89,0.0,0.5,0.0,0.5,0.415,0.5,0.591,0.0,0.372,0.0,0,0,0.377,0.567,0.0,0.143,0.107,0.654,0.137,0.0,0.539,0.375,0.0,1.0,0.779
17220,2024.10.11 15:00:00,LMTm,BREAKOUT,BUY,4,601.0,597.31,607.16,1.67,0.629,595.6805,598.925,594.29,0,0.188,0.69,1.8188,603.43225,603.103,607.568,596.852,1,0.012,0.75,0,595.6805,0.752,0.115,0,0.0,0.0,0.0,596.9715,1.295,0,0,0,1.0,-0.825,-0.2849,0.825,0.5,2,0.55,3,0.798,599.6975,597.998,0.188,0.878,0.5006,0,0.25,2,1.0,0.955,1.819,0.525,0.515,2,596.9715,6,0.65,0.624,0.25,0.947,0.088,0.733,0.904,463.50525,457.89935,604.02025,2913.2619,2924.3408,2,463.50525,0.885,589.6888,0.297,0.0,0.0,0,0.189,1,0,6222,0.718,0.549,0.384,84.0,88.3,0.3411,246.3,0.0,1,1,0.864,367.18,1,1,0.823,374.21,-1,92.084,0.303,0.697,0.0,0.0,0.0,0.99,0.0,0.5,0.0,0.617,0.573,0.5,0.478,0.0,0.3,0.0,0,0,0.307,0.635,0.0,1.0,0.107,0.536,0.572,0.0,0.486,0.375,0.0,1.0,0.841
17222,2024.10.11 18:00:00,LMTm,BREAKOUT_RETEST,BUY,3,599.46,598.8,600.38,1.4,0.325,599.60375,599.8925,598.622,1,0.183,0.184,-0.2877,599.01875,603.77575,607.867,598.048,1,0.022,0.55,0,599.60375,0.695,0.201,0,0.0,0.0,0.0,596.9715,0.907,0,0,0,0.45,0.51,0.057,0.51,0.468,0,0.714,0,0.502,599.546,598.56425,0.261,0.184,0.0,2,0.4,0,0.714,0.345,0.907,0.38,0.329,0,599.8925,4,0.6,0.477,0.32,0.153,0.24,0.861,0.833,464.6892,543.66188,604.02025,1236.8519,-1676.41,1,462.22784,0.904,590.21846,0.295,0.0,0.0,0,0.211,1,0,6225,0.718,0.549,0.384,49.0,49.2,0.2224,220.3,0.0,1,1,0.864,367.18,1,1,0.823,374.21,-1,102.254,0.8,0.2,0.1,1.0,0.0,0.58,0.0,0.5,0.0,0.595,0.533,0.5,0.545,0.0,0.291,0.0,0,0,0.3,0.687,0.0,0.655,0.125,0.318,0.458,0.0,0.58,0.375,0.0,1.0,0.821
17224,2024.10.11 18:08:40,LMTm,PULLBACK,BUY,3,599.76,596.46,608.35,2.6,0.413,599.60375,599.8925,598.622,1,0.183,0.184,-0.147,599.01875,603.77575,607.867,598.048,1,0.02,0.55,0,599.60375,0.695,0.201,0,0.0,0.0,0.0,596.9715,0.907,0,0,0,0.45,0.51,0.057,0.51,0.739,0,0.714,0,0.502,599.546,598.56425,0.121,0.325,0.0,2,0.4,0,0.714,0.355,1.048,0.339,0.33,0,596.9715,6,0.65,0.758,0.238,0.153,0.24,0.861,0.833,464.6892,543.66188,604.02025,1236.8519,-1676.41,1,462.22784,0.904,590.21846,0.295,0.0,0.0,0,0.211,1,0,6225,0.718,0.549,0.384,48.0,48.5,0.2179,220.3,0.0,1,1,0.864,367.18,1,1,0.823,374.21,-1,102.39,0.8,0.2,0.1,1.0,0.0,0.97,0.0,0.5,0.0,0.65,0.411,0.5,0.554,0.0,0.367,0.0,0,0,0.367,0.739,0.0,0.8,0.125,0.318,0.486,0.0,0.61,0.375,0.0,1.0,0.79
17225,2024.10.11 18:08:59,LMTm,TREND_CONTINUATION,BUY,3,599.76,597.12,605.27,2.08,0.31,599.60375,599.8925,598.622,1,0.183,0.184,-0.147,599.01875,603.77575,607.867,598.048,1,0.02,0.55,0,599.60375,0.695,0.201,0,0.0,0.0,0.0,596.9715,0.907,0,0,0,0.45,0.51,0.057,0.51,0.739,0,0.714,0,0.502,599.546,598.56425,0.121,0.325,0.0,2,0.4,0,0.714,0.355,1.048,0.339,0.33,0,596.9715,6,0.65,0.758,0.238,0.153,0.24,0.861,0.833,464.6892,543.66188,604.02025,1236.8519,-1676.41,1,462.22784,0.904,590.21846,0.295,0.0,0.0,0,0.211,1,0,6225,0.718,0.549,0.384,48.0,48.5,0.2179,220.3,0.0,1,1,0.864,367.18,1,1,0.823,374.21,-1,102.39,0.8,0.2,0.1,1.0,0.0,0.96,0.0,0.5,0.0,0.65,0.42,0.5,0.554,0.0,0.367,0.0,0,0,0.361,0.739,0.0,0.8,0.125,0.318,0.486,0.0,0.61,0.375,0.0,1.0,0.79
17228,2024.10.11 19:03:40,LMTm,BREAKOUT,BUY,3,600.54,597.28,605.97,1.67,0.357,599.25725,599.8925,598.7375,0,0.104,0.055,0.3696,599.64925,603.89275,607.919,598.256,1,0.018,0.5,0,599.25725,0.736,0.922,0,0.0,0.0,0.0,596.9715,1.316,0,0,0,0.5,0.72,0.0865,0.72,0.189,0,0.787,0,0.653,599.4305,600.008,0.29,0.024,0.0,2,0.15,0,0.787,0.6,1.422,0.422,0.43,1,599.25725,8,0.747,0.42,0.303,0.216,0.183,0.833,0.808,464.6892,543.66188,604.02025,1236.8519,-1676.41,1,462.22784,0.904,590.21846,0.295,0.0,0.0,0,0.211,1,0,6226,0.718,0.549,0.384,48.0,48.3,0.221,217.2,0.0,1,1,0.864,367.18,1,1,0.823,374.21,-1,104.197,0.8,0.2,0.1,1.0,0.0,0.87,0.0,0.5,0.0,0.396,0.754,0.5,0.59,0.0,0.415,0.0,0,0,0.496,0.647,0.0,1.0,0.125,0.233,0.557,0.0,0.577,0.375,0.0,1.0,0.898
17230,2024.10.14 13:41:00,LMTm,BREAKOUT,BUY,4,603.87,600.69,609.27,1.7,0.593,599.36725,600.355,598.599,0,1.371,0.152,1.4725,599.64925,603.89275,606.3085,598.256,1,0.006,0.4,0,599.36725,0.627,0.291,0,0.0,0.0,600.44975,596.9715,2.581,0,0,0,0.825,0.755,0.1631,0.755,0.011,0,0.72,0,0.581,599.36725,602.00125,1.473,0.254,0.2781,0,0.15,2,1.0,1.544,2.581,0.598,0.582,2,599.36725,8,0.725,0.0,0.357,0.926,0.169,0.816,0.997,463.33121,459.87353,604.02025,3147.3083,1910.4564,2,463.33121,0.915,589.36971,0.292,0.0,0.0,0,0.286,1,0,6227,0.718,0.549,0.384,132.0,49.8,0.6107,216.1,0.0,1,1,0.864,367.18,1,1,0.823,374.21,-1,106.254,0.304,0.696,0.0,0.0,0.0,0.0,0.0,0.5,0.0,0.314,0.514,0.5,0.703,0.0,0.478,0.0,0,0,0.411,0.288,0.0,1.0,0.167,0.681,0.66,0.0,0.501,0.375,0.0,1.0,0.99
17231,2024.10.14 13:41:20,LMTm,PULLBACK,BUY,4,603.87,601.55,607.63,1.62,0.434,599.36725,600.355,598.599,0,1.371,0.152,1.4725,599.64925,603.89275,606.3085,598.256,1,0.006,0.4,0,599.36725,0.627,0.291,0,0.0,0.0,600.44975,596.9715,2.581,0,0,0,0.825,0.755,0.1631,0.755,0.011,0,0.75,0,0.581,599.36725,602.00125,1.473,0.254,0.0,2,0.15,0,0.75,1.157,2.581,0.448,0.475,1,599.36725,8,0.725,0.0,0.357,0.226,0.169,0.816,0.997,463.33121,459.87353,604.02025,3147.3083,1910.4564,2,463.33121,0.915,589.36971,0.292,0.0,0.0,0,0.286,1,0,6227,0.718,0.549,0.384,132.0,50.7,0.6107,216.1,0.0,1,1,0.864,367.18,1,1,0.823,374.21,-1,106.254,0.304,0.696,0.0,0.0,0.0,0.0,0.0,0.5,0.0,0.374,0.514,0.5,0.799,0.0,0.408,0.0,0,0,0.411,0.282,0.0,1.0,0.176,0.268,0.799,0.0,0.572,0.375,0.0,1.0,0.893
17232,2024.10.14 13:41:20,LMTm,TREND_CONTINUATION,BUY,4,603.87,601.28,609.27,2.08,0.51,599.36725,600.355,598.599,0,1.371,0.152,1.4725,599.64925,603.89275,606.3085,598.256,1,0.006,0.4,0,599.36725,0.627,0.291,0,0.0,0.0,600.44975,596.9715,2.581,0,0,0,0.825,0.755,0.1631,0.755,0.011,0,0.75,0,0.581,599.36725,602.00125,1.473,0.254,0.0,2,0.15,0,0.75,1.157,2.581,0.448,0.475,1,599.36725,8,0.725,0.0,0.357,0.226,0.169,0.816,0.997,463.33121,459.87353,604.02025,3147.3083,1910.4564,2,463.33121,0.915,589.36971,0.292,0.0,0.0,0,0.286,1,0,6227,0.718,0.549,0.384,132.0,51.5,0.6107,216.1,0.0,1,1,0.864,367.18,1,1,0.823,374.21,-1,106.254,0.304,0.696,0.0,0.0,0.0,0.0,0.0,0.5,0.0,0.374,0.514,0.5,0.799,0.0,0.408,0.0,0,0,0.411,0.282,0.0,1.0,0.176,0.268,0.799,0.0,0.572,0.375,0.0,1.0,0.893
17233,2024.10.14 13:45:00,LMTm,ANCHORED_PULLBACK,BUY,4,603.14,599.8,606.16,0.91,0.257,599.36725,600.355,598.599,0,1.371,0.152,1.144,599.64925,603.89275,606.3085,598.256,1,0.009,0.4,0,599.36725,0.627,0.291,0,0.0,0.0,600.44975,596.9715,2.581,0,0,0,0.825,0.755,0.1631,0.755,0.0,0,0.75,0,0.581,599.36725,602.00125,1.144,0.075,0.0,2,0.15,0,0.75,1.014,2.252,0.45,0.458,1,599.36725,8,0.725,0.0,0.36,0.226,0.169,0.816,0.997,463.33121,459.87353,604.02025,3147.3083,1910.4564,2,463.33121,0.915,589.36971,0.292,0.0,0.0,0,0.286,1,0,6227,0.718,0.549,0.384,130.0,67.2,0.6015,216.1,0.0,1,1,0.864,367.18,1,1,0.823,374.21,-1,105.916,0.304,0.696,0.0,0.0,0.0,0.21,0.0,0.5,0.0,0.374,0.508,0.5,0.77,0.0,0.342,0.0,0,0,0.373,0.28,0.0,1.0,0.176,0.118,0.741,0.0,0.577,0.375,0.0,1.0,0.893
17238,2024.10.14 15:41:00,LMTm,BREAKOUT,BUY,4,605.41,604.28,610.21,4.26,0.618,598.33825,602.7945,598.16,0,0.529,0.215,3.2742,598.965,603.89275,606.3085,598.256,1,0.004,0.65,2,598.33825,0.686,0.011,0,0.0,0.0,603.99325,596.9715,4.028,0,0,0,0.975,0.825,0.2864,0.825,0.089,2,0.403,3,0.813,603.68575,604.9335,0.487,0.163,0.0,2,0.15,3,1.0,2.538,3.987,0.637,0.702,3,603.68575,2,0.55,0.026,0.333,0.648,0.053,0.612,0.924,463.33121,459.87353,604.02025,3147.3083,1910.4564,2,463.33121,0.915,589.36971,0.292,0.0,0.0,0,0.286,1,0,6229,0.718,0.549,0.384,79.0,80.6,0.4118,191.9,0.0,1,1,0.864,367.18,1,1,0.823,374.21,-1,120.506,0.304,0.696,0.0,0.0,0.0,0.97,0.0,0.5,1.0,0.496,0.782,0.5,0.447,0.0,0.385,0.0,0,0,0.457,0.447,0.0,1.0,0.107,0.689,0.705,0.0,0.489,0.391,0.0,1.0,0.94
17239,2024.10.14 15:41:20,LMTm,PULLBACK,BUY,4,605.4,604.59,607.1,2.1,0.662,598.33825,602.7945,598.16,0,0.529,0.215,3.269,598.965,603.89275,606.3085,598.256,1,0.004,0.65,2,598.33825,0.686,0.011,0,0.0,0.0,603.99325,596.9715,4.028,0,0,0,0.975,0.825,0.2864,0.825,0.089,2,0.403,3,0.813,603.68575,604.9335,0.482,0.169,0.0,2,0.15,3,1.0,2.535,3.981,0.637,0.701,3,603.68575,2,0.55,0.037,0.333,0.648,0.053,0.612,0.924,463.33121,459.87353,604.02025,3147.3083,1910.4564,2,463.33121,0.915,589.36971,0.292,0.0,0.0,0,0.286,1,0,6229,0.718,0.549,0.384,79.0,80.6,0.4118,191.9,0.0,1,1,0.864,367.18,1,1,0.823,374.21,-1,120.501,0.304,0.696,0.0,0.0,0.0,0.96,0.0,0.5,1.0,0.496,0.766,0.5,0.447,0.0,0.385,0.0,0,0,0.448,0.447,0.0,1.0,0.107,0.689,0.705,0.0,0.489,0.391,0.0,1.0,0.94
17240,2024.10.14 15:41:20,LMTm,TREND_CONTINUATION,BUY,4,605.4,603.1,610.2,2.08,0.778,598.33825,602.7945,598.16,0,0.529,0.215,3.269,598.965,603.89275,606.3085,598.256,1,0.004,0.65,2,598.33825,0.686,0.011,0,0.0,0.0,603.99325,596.9715,4.028,0,0,0,0.975,0.825,0.2864,0.825,0.089,2,0.403,3,0.813,603.68575,604.9335,0.482,0.169,0.0,2,0.15,3,1.0,2.535,3.981,0.637,0.701,3,603.68575,2,0.55,0.037,0.333,0.648,0.053,0.612,0.924,463.33121,459.87353,604.02025,3147.3083,1910.4564,2,463.33121,0.915,589.36971,0.292,0.0,0.0,0,0.286,1,0,6229,0.718,0.549,0.384,79.0,80.6,0.4118,191.9,0.0,1,1,0.864,367.18,1,1,0.823,374.21,-1,120.501,0.304,0.696,0.0,0.0,0.0,0.95,0.0,0.5,1.0,0.496,0.766,0.5,0.447,0.0,0.385,0.0,0,0,0.448,0.447,0.0,1.0,0.107,0.689,0.705,0.0,0.489,0.391,0.0,1.0,0.94
17242,2024.10.14 15:45:00,LMTm,ANCHORED_PULLBACK,BUY,4,605.92,604.74,608.97,2.59,0.482,598.33825,602.7945,598.16,0,0.529,0.215,3.54,598.965,603.89275,606.3085,598.256,1,0.006,0.65,2,598.33825,0.686,0.011,0,0.0,0.0,603.99325,596.9715,4.028,0,0,0,0.975,0.825,0.2864,0.825,0.074,2,0.403,3,0.813,603.68575,604.9335,0.753,0.102,0.0,2,0.15,3,1.0,2.262,3.54,0.639,0.669,3,603.68575,2,0.55,0.0,0.338,0.648,0.053,0.612,0.924,463.33121,459.87353,604.02025,3147.3083,1910.4564,2,463.33121,0.915,589.36971,0.292,0.0,0.0,0,0.286,1,0,6229,0.718,0.549,0.384,79.0,80.1,0.4118,191.9,0.0,1,1,0.864,367.18,1,1,0.823,374.21,-1,120.772,0.304,0.696,0.0,0.0,0.0,0.82,0.0,0.5,1.0,0.381,0.843,0.5,0.395,0.0,0.417,0.0,0,0,0.491,0.271,0.0,0.759,0.107,0.689,0.717,0.0,0.49,0.391,0.0,1.0,0.94
17246,2024.10.14 16:00:40,LMTm,BREAKOUT_RETEST,BUY,4,605.6,604.43,608.71,2.64,0.588,603.5615,605.36,600.128,1,0.379,1.226,0.6777,602.86925,603.89275,606.3085,598.256,1,0.005,0.8,0,600.2915,0.618,0.356,0,0.0,0.0,604.63275,596.9715,3.961,0,0,0,1.0,0.685,0.2989,0.685,0.494,2,0.559,3,0.842,603.5615,605.1965,0.678,0.169,0.0,2,0.25,0,0.559,0.891,2.371,0.376,0.42,1,603.5615,1,0.7,0.0,0.252,0.206,0.088,0.866,0.808,464.41264,459.70857,602.95812,3225.8223,78.514,2,462.17253,0.9,500.25444,0.283,0.0,0.0,0,0.262,1,0,6230,0.734,0.549,0.387,73.0,76.1,0.3781,193.1,0.0,1,1,0.864,367.18,1,1,0.823,374.21,-1,119.847,0.298,0.702,0.0,0.0,0.0,0.95,0.0,0.5,0.276,0.893,0.583,0.5,0.529,0.0,0.427,0.0,0,0,0.379,0.691,0.0,0.9,0.093,0.497,0.621,0.0,0.575,0.391,0.0,1.0,1.005
17248,2024.10.14 17:41:00,LMTm,BREAKOUT,BUY,3,607.04,605.46,611.73,2.97,0.528,603.39,605.26,602.54,0,0.405,0.043,1.6461,599.24125,603.89275,606.3085,598.256,0,0.014,0.4,0,600.33,0.623,0.383,0,0.0,0.0,605.2345,596.9715,4.73,0,0,0,1.0,0.895,0.3125,0.895,0.067,2,0.606,3,0.736,604.92,605.77,0.831,0.378,0.0,2,0.15,0,0.606,1.441,3.276,0.44,0.513,2,604.92,2,0.55,0.0,0.34,0.269,0.053,0.987,0.926,464.41264,459.70857,602.95812,3225.8223,78.514,2,462.17253,0.9,500.25444,0.283,0.0,0.0,0,0.262,1,0,6231,0.734,0.549,0.387,56.0,57.0,0.2983,187.7,0.0,1,1,0.864,367.18,1,1,0.823,374.21,-1,124.034,0.298,0.702,0.0,0.0,0.0,0.78,0.0,0.5,0.0,0.738,0.462,0.5,0.538,0.0,0.287,0.0,0,0,0.299,0.351,0.0,0.891,0.1,0.856,0.861,0.0,0.6,0.391,0.0,1.0,1.041
17249,2024.10.14 17:41:20,LMTm,PULLBACK,BUY,3,607.02,605.61,612.65,3.98,0.509,603.39,605.26,602.54,0,0.405,0.043,1.6355,599.24125,603.89275,606.3085,598.256,0,0.014,0.4,0,600.33,0.623,0.383,0,0.0,0.0,605.2345,596.9715,4.73,0,0,0,1.0,0.895,0.3125,0.895,0.067,2,0.606,3,0.736,604.92,605.77,0.82,0.368,0.0,2,0.15,0,0.606,1.437,3.266,0.44,0.512,2,604.92,2,0.55,0.0,0.34,0.269,0.053,0.987,0.926,464.41264,459.70857,602.95812,3225.8223,78.514,2,462.17253,0.9,500.25444,0.283,0.0,0.0,0,0.262,1,0,6231,0.734,0.549,0.387,56.0,57.0,0.2983,187.7,0.0,1,1,0.864,367.18,1,1,0.823,374.21,-1,124.024,0.298,0.702,0.0,0.0,0.0,0.75,0.0,0.5,0.0,0.738,0.455,0.5,0.538,0.0,0.287,0.0,0,0,0.303,0.351,0.0,0.891,0.1,0.856,0.861,0.0,0.6,0.391,0.0,1.0,1.041
17250,2024.10.14 17:41:20,LMTm,TREND_CONTINUATION,BUY,3,607.02,604.77,611.71,2.08,0.598,603.39,605.26,602.54,0,0.405,0.043,1.6355,599.24125,603.89275,606.3085,598.256,0,0.014,0.4,0,600.33,0.623,0.383,0,0.0,0.0,605.2345,596.9715,4.73,0,0,0,1.0,0.895,0.3125,0.895,0.067,2,0.606,3,0.736,604.92,605.77,0.82,0.368,0.0,2,0.15,0,0.606,1.437,3.266,0.44,0.512,2,604.92,2,0.55,0.0,0.34,0.269,0.053,0.987,0.926,464.41264,459.70857,602.95812,3225.8223,78.514,2,462.17253,0.9,500.25444,0.283,0.0,0.0,0,0.262,1,0,6231,0.734,0.549,0.387,56.0,56.9,0.2983,187.7,0.0,1,1,0.864,367.18,1,1,0.823,374.21,-1,124.024,0.298,0.702,0.0,0.0,0.0,0.74,0.0,0.5,0.0,0.738,0.455,0.5,0.538,0.0,0.287,0.0,0,0,0.303,0.351,0.0,0.891,0.1,0.856,0.861,0.0,0.6,0.391,0.0,1.0,1.041
17254,2024.10.14 19:41:00,LMTm,BREAKOUT,BUY,3,609.33,607.48,613.85,2.44,0.501,604.98925,607.018,602.69,0,0.275,0.874,2.1206,598.77825,603.89275,606.3085,598.256,0,0.027,0.8,0,607.15325,0.77,0.396,0,0.0,0.0,0.0,596.9715,5.911,0,0,1,1.0,0.965,0.5484,0.965,0.463,2,0.592,3,0.381,607.018,605.936,0.998,1.597,0.0,2,0.0,0,0.592,0.807,2.121,0.381,0.406,1,607.15325,8,0.754,0.0,0.161,0.29,0.0,0.926,0.807,464.41264,459.70857,602.95812,3225.8223,78.514,2,462.17253,0.9,500.25444,0.283,0.0,0.0,0,0.262,1,0,6233,0.734,0.549,0.387,51.0,52.8,0.2823,180.6,0.0,1,1,0.864,367.18,1,1,0.823,374.21,-1,130.157,0.298,0.702,0.0,0.0,0.0,0.91,0.0,0.5,0.0,0.412,0.576,0.5,0.716,0.0,0.61,0.0,0,0,0.504,0.581,0.0,0.238,0.067,0.754,0.858,0.0,0.591,0.391,0.0,1.0,1.13
17255,2024.10.14 19:41:30,LMTm,PULLBACK,BUY,3,609.32,607.48,614.74,2.95,0.488,604.98925,607.018,602.69,0,0.275,0.874,2.1151,598.77825,603.89275,606.3085,598.256,0,0.027,0.8,0,607.15325,0.77,0.396,0,0.0,0.0,0.0,596.9715,5.911,0,0,1,1.0,0.965,0.5484,0.965,0.463,2,0.592,3,0.381,607.018,605.936,0.992,1.591,0.0,2,0.0,0,0.592,0.805,2.115,0.381,0.405,1,607.15325,8,0.754,0.0,0.161,0.29,0.0,0.926,0.807,464.41264,459.70857,602.95812,3225.8223,78.514,2,462.17253,0.9,500.25444,0.283,0.0,0.0,0,0.262,1,0,6233,0.734,0.549,0.387,51.0,52.7,0.2823,180.6,0.0,1,1,0.864,367.18,1,1,0.823,374.21,-1,130.152,0.298,0.702,0.0,0.0,0.0,0.9,0.0,0.5,0.0,0.412,0.571,0.5,0.716,0.0,0.61,0.0,0,0,0.502,0.581,0.0,0.238,0.067,0.754,0.858,0.0,0.591,0.391,0.0,1.0,1.13
17256,2024.10.14 19:42:00,LMTm,TREND_CONTINUATION,BUY,3,609.31,607.14,613.83,2.08,0.573,604.98925,607.018,602.69,0,0.275,0.874,2.1095,598.77825,603.89275,606.3085,598.256,0,0.027,0.8,0,607.15325,0.77,0.396,0,0.0,0.0,0.0,596.9715,5.911,0,0,1,1.0,0.965,0.5484,0.965,0.463,2,0.592,3,0.381,607.018,605.936,0.986,1.585,0.0,2,0.0,0,0.592,0.803,2.11,0.381,0.405,1,607.15325,8,0.754,0.0,0.161,0.29,0.0,0.926,0.807,464.41264,459.70857,602.95812,3225.8223,78.514,2,462.17253,0.9,500.25444,0.283,0.0,0.0,0,0.262,1,0,6233,0.734,0.549,0.387,51.0,52.7,0.2823,180.6,0.0,1,1,0.864,367.18,1,1,0.823,374.21,-1,130.146,0.298,0.702,0.0,0.0,0.0,0.88,0.0,0.5,0.0,0.412,0.554,0.5,0.716,0.0,0.61,0.0,0,0,0.491,0.581,0.0,0.238,0.067,0.754,0.858,0.0,0.591,0.391,0.0,1.0,1.13
17257,2024.10.15 13:40:00,LMTm,TREND_CONTINUATION,BUY,4,610.59,608.43,615.09,2.08,0.587,606.8725,609.125,606.21,0,0.368,0.074,1.3997,599.1975,603.89275,606.3085,598.256,0,0.031,0.55,0,608.7275,0.761,0.109,0,0.0,0.0,608.7185,607.18125,1.228,0,0,1,1.0,1.0,0.6411,1.0,0.017,1,0.229,3,0.357,608.7275,609.2575,0.368,0.074,-0.7856,1,0.15,5,1.0,0.486,1.4,0.347,0.44,1,608.7275,8,0.752,0.263,0.655,0.3,0.353,0.888,0.975,464.2922,459.47808,602.95812,3349.5424,123.7201,2,462.14844,0.907,481.44231,0.281,0.0,0.0,0,0.076,1,0,6234,0.734,0.549,0.387,120.0,51.7,0.6672,179.9,0.0,1,1,0.864,367.18,1,1,0.823,374.21,-1,131.427,0.299,0.701,0.0,0.0,0.0,0.0,0.0,0.5,0.0,0.82,0.56,0.5,0.66,0.0,0.536,0.0,0,0,0.448,0.195,0.0,0.431,0.1,0.307,0.799,0.0,0.54,0.391,0.0,1.0,0.846
0,2024.10.15 13:40:20,LMTm,BREAKOUT,BUY,4,610.59,609.75,615.09,5.34,0.485,606.8725,609.125,606.21,0,0.368,0.074,1.3997,599.1975,603.89275,606.3085,598.256,0,0.031,0.55,0,608.7275,0.761,0.109,0,0.0,0.0,608.7185,607.18125,1.228,0,0,1,1.0,1.0,0.6411,1.0,0.017,2,0.529,3,0.357,608.7275,609.2575,0.368,0.074,0.0,2,0.15,0,0.529,0.626,1.4,0.447,0.338,0,608.7275,8,0.752,0.263,0.355,0.3,0.053,0.888,0.975,464.2922,459.47808,602.95812,3349.5424,123.7201,2,462.14844,0.907,481.44231,0.281,0.0,0.0,0,0.076,1,0,6234,0.734,0.549,0.387,120.0,52.4,0.6672,179.9,0.0,1,1,0.864,367.18,1,1,0.823,374.21,-1,131.427,0.299,0.701,0.0,0.0,0.0,0.0,0.0,0.5,0.0,0.892,0.56,0.5,0.66,0.0,0.591,0.0,0,0,0.47,0.451,0.0,0.57,0.1,0.338,0.855,0.0,0.591,0.391,0.0,1.0,1.041
0,2024.10.15 13:40:20,LMTm,PULLBACK,BUY,4,610.59,609.75,615.99,6.41,0.475,606.8725,609.125,606.21,0,0.368,0.074,1.3997,599.1975,603.89275,606.3085,598.256,0,0.031,0.55,0,608.7275,0.761,0.109,0,0.0,0.0,608.7185,607.18125,1.228,0,0,1,1.0,1.0,0.6411,1.0,0.017,2,0.529,3,0.357,608.7275,609.2575,0.368,0.074,0.0,2,0.15,0,0.529,0.626,1.4,0.447,0.338,0,608.7275,8,0.752,0.263,0.355,0.3,0.053,0.888,0.975,464.2922,459.47808,602.95812,3349.5424,123.7201,2,462.14844,0.907,481.44231,0.281,0.0,0.0,0,0.076,1,0,6234,0.734,0.549,0.387,120.0,53.1,0.6672,179.9,0.0,1,1,0.864,367.18,1,1,0.823,374.21,-1,131.427,0.299,0.701,0.0,0.0,0.0,0.0,0.0,0.5,0.0,0.892,0.56,0.5,0.66,0.0,0.591,0.0,0,0,0.47,0.451,0.0,0.57,0.1,0.338,0.855,0.0,0.591,0.391,0.0,1.0,1.041
17258,2024.10.15 13:40:40,LMTm,ANCHORED_PULLBACK,BUY,4,610.78,609.08,613.18,1.41,0.321,606.8725,609.125,606.21,0,0.368,0.074,1.5054,599.1975,603.89275,606.3085,598.256,0,0.032,0.55,0,608.7275,0.761,0.109,0,0.0,0.0,608.7185,607.18125,1.228,0,0,1,1.0,1.0,0.6411,1.0,0.017,2,0.529,3,0.357,608.7275,609.2575,0.474,0.179,0.0,2,0.15,0,0.529,0.673,1.505,0.447,0.344,0,608.7275,8,0.752,0.052,0.355,0.3,0.053,0.888,0.975,464.2922,459.47808,602.95812,3349.5424,123.7201,2,462.14844,0.907,481.44231,0.281,0.0,0.0,0,0.076,1,0,6234,0.734,0.549,0.387,120.0,53.8,0.6672,179.9,0.0,1,1,0.864,367.18,1,1,0.823,374.21,-1,131.532,0.299,0.701,0.0,0.0,0.0,0.03,0.0,0.5,0.0,0.775,0.567,0.5,0.66,0.0,0.544,0.0,0,0,0.456,0.37,0.0,0.428,0.1,0.278,0.855,0.0,0.601,0.391,0.0,1.0,1.041
0,2024.10.15 13:42:59,LMTm,BREAKOUT_RETEST,BUY,4,609.94,609.4,611.76,3.38,0.582,606.8725,609.125,606.21,1,0.368,0.074,1.0494,599.1975,603.89275,606.3085,598.256,0,0.027,0.55,0,608.7275,0.761,0.109,0,0.0,0.0,608.7185,607.18125,1.228,0,0,1,1.0,1.0,0.6411,1.0,0.715,2,0.529,3,0.357,608.7275,609.2575,0.018,0.277,0.0,2,0.15,0,0.529,0.36,1.049,0.343,0.307,0,607.18125,6,0.65,0.964,0.145,0.3,0.053,0.888,0.975,464.2922,459.47808,602.95812,3349.5424,123.7201,2,462.14844,0.907,481.44231,0.281,0.0,0.0,0,0.076,1,0,6234,0.734,0.549,0.387,118.0,61.9,0.6561,179.9,0.0,1,1,0.864,367.18,1,1,0.823,374.21,-1,131.065,0.299,0.701,0.0,0.0,0.0,0.11,0.0,0.5,0.692,0.725,0.432,0.5,0.66,0.0,0.591,0.0,0,0,0.475,0.593,0.0,0.428,0.1,0.301,0.65,0.0,0.622,0.391,0.0,1.0,1.05
17264,2024.10.15 13:53:20,LMTm,SWEEP_REVERSAL,BUY,4,606.46,604.66,607.97,0.84,0.147,606.8725,609.125,606.21,0,0.368,0.074,-0.8409,599.1975,603.89275,606.3085,598.256,1,0.008,0.55,0,608.7275,0.761,0.109,0,0.0,0.0,608.7185,607.18125,1.228,0,0,1,1.0,1.0,0.6411,1.0,0.402,2,0.529,3,0.357,607.005,605.8125,0.915,0.252,0.0,2,0.15,0,0.529,0.73,1.872,0.39,0.357,1,606.8725,1,0.7,0.0,0.239,0.3,0.053,0.941,0.8,464.2922,459.47808,602.95812,3349.5424,123.7201,2,462.14844,0.907,481.44231,0.281,0.0,0.0,0,0.076,1,0,6234,0.734,0.549,0.387,110.0,102.1,0.6116,179.9,0.0,1,1,0.864,367.18,1,1,0.823,374.21,-1,129.13,0.299,0.701,0.0,0.0,0.0,0.74,0.0,0.5,0.179,0.325,0.236,0.5,0.631,0.0,0.561,0.0,0,0,0.572,0.476,0.0,0.748,0.1,0.759,0.426,0.0,0.592,0.391,0.0,1.0,0.964
17266,2024.10.15 15:40:30,LMTm,BREAKOUT,BUY,4,604.72,601.02,608.51,1.03,0.504,607.808,608.798,605.234,0,0.585,0.38,-1.5376,599.2625,603.54475,606.466,599.455,1,0.002,0.45,0,607.808,0.657,0.43,0,0.0,0.0,605.2695,596.9715,3.332,0,0,0,1.0,1.0,0.4329,1.0,0.163,2,0.568,2,0.186,606.818,603.848,1.136,0.07,0.0,2,0.0,0,0.568,1.218,2.861,0.426,0.417,1,607.808,8,0.731,0.0,0.251,0.3,0.0,0.874,0.883,464.2922,459.47808,602.95812,3349.5424,123.7201,2,462.14844,0.907,481.44231,0.281,0.0,0.0,0,0.076,1,0,6236,0.734,0.549,0.387,70.0,70.2,0.2841,246.4,0.0,1,1,0.864,367.18,1,1,0.823,374.21,-1,93.567,0.299,0.701,0.0,0.0,0.0,0.52,0.0,0.5,0.0,1.0,0.353,0.5,0.415,0.0,0.306,0.0,0,0,0.335,0.57,0.0,1.0,0.143,0.592,0.401,0.0,0.563,0.391,0.0,1.0,0.899
17267,2024.10.15 15:41:00,LMTm,PULLBACK,BUY,4,604.63,600.93,608.5,1.05,0.494,607.808,608.798,605.234,0,0.585,0.38,-1.5701,599.2625,603.54475,606.466,599.455,1,0.002,0.45,0,607.808,0.657,0.43,0,0.0,0.0,605.2695,596.9715,3.332,0,0,0,1.0,1.0,0.4329,1.0,0.163,2,0.568,2,0.186,606.818,603.848,1.168,0.037,0.0,2,0.0,0,0.568,1.204,2.829,0.426,0.415,1,607.808,8,0.731,0.0,0.251,0.3,0.0,0.874,0.883,464.2922,459.47808,602.95812,3349.5424,123.7201,2,462.14844,0.907,481.44231,0.281,0.0,0.0,0,0.076,1,0,6236,0.734,0.549,0.387,69.0,70.2,0.2801,246.4,0.0,1,1,0.864,367.18,1,1,0.823,374.21,-1,93.531,0.299,0.701,0.0,0.0,0.0,0.75,0.0,0.5,0.0,1.0,0.282,0.5,0.415,0.0,0.306,0.0,0,0,0.377,0.57,0.0,1.0,0.143,0.592,0.396,0.0,0.563,0.391,0.0,1.0,0.899
17269,2024.10.15 15:41:20,LMTm,TREND_CONTINUATION,BUY,4,604.43,601.47,608.5,1.38,0.578,607.808,608.798,605.234,0,0.585,0.38,-1.6513,599.2625,603.54475,606.466,599.455,1,0.001,0.45,0,607.808,0.657,0.43,0,0.0,0.0,605.2695,596.9715,3.332,0,0,0,1.0,1.0,0.4329,1.0,0.163,2,0.568,2,0.186,606.818,603.848,1.249,0.044,0.0,2,0.0,0,0.568,1.169,2.747,0.426,0.411,1,607.808,8,0.731,0.0,0.251,0.3,0.0,0.874,0.883,464.2922,459.47808,602.95812,3349.5424,123.7201,2,462.14844,0.907,481.44231,0.281,0.0,0.0,0,0.076,1,0,6236,0.734,0.549,0.387,69.0,70.1,0.2801,246.4,0.0,1,1,0.864,367.18,1,1,0.823,374.21,-1,93.45,0.299,0.701,0.0,0.0,0.0,0.73,0.0,0.5,0.0,1.0,0.264,0.5,0.415,0.0,0.306,0.0,0,0,0.389,0.57,0.0,1.0,0.143,0.592,0.383,0.0,0.563,0.391,0.0,1.0,0.899
17270,2024.10.15 15:41:40,LMTm,MEAN_REVERSION,BUY,4,605.37,603.4,608.5,1.59,0.566,607.808,608.798,605.234,0,0.585,0.38,-1.2697,599.2625,603.54475,606.466,599.455,1,0.005,0.45,0,607.808,0.657,0.43,0,0.0,0.0,605.2695,596.9715,3.332,0,0,0,1.0,1.0,0.4329,1.0,0.202,2,0.568,2,0.186,606.818,603.848,0.868,0.338,0.0,2,0.0,0,0.568,1.313,3.129,0.42,0.428,1,607.808,8,0.731,0.0,0.239,0.3,0.0,0.874,0.883,464.2922,459.47808,602.95812,3349.5424,123.7201,2,462.14844,0.907,481.44231,0.281,0.0,0.0,0,0.076,1,0,6236,0.734,0.549,0.387,69.0,70.1,0.2801,246.4,0.0,1,1,0.864,367.18,1,1,0.823,374.21,-1,93.831,0.299,0.701,0.0,0.0,0.0,0.99,0.0,0.5,0.0,1.0,0.36,0.5,0.457,0.0,0.336,0.0,0,0,0.355,0.688,0.0,1.0,0.143,0.592,0.436,0.0,0.555,0.391,0.0,1.0,0.899
17274,2024.10.15 15:47:40,LMTm,BREAKOUT_RETEST,BUY,4,606.17,605.43,607.54,1.85,0.62,607.808,608.798,605.234,1,0.585,0.38,-0.9571,599.2625,603.54475,606.466,599.455,1,0.008,0.45,0,607.808,0.657,0.43,0,0.0,0.0,605.2695,596.9715,3.332,0,0,0,1.0,1.0,0.4329,1.0,0.389,2,0.568,2,0.186,606.818,603.848,0.555,0.65,0.0,2,0.0,0,0.568,1.348,3.442,0.392,0.432,1,606.818,2,0.55,0.0,0.183,0.3,0.0,0.874,0.883,464.2922,459.47808,602.95812,3349.5424,123.7201,2,462.14844,0.907,481.44231,0.281,0.0,0.0,0,0.076,1,0,6236,0.734,0.549,0.387,72.0,69.6,0.2923,246.4,0.0,1,1,0.864,367.18,1,1,0.823,374.21,-1,94.156,0.299,0.701,0.0,0.0,0.0,0.04,0.0,0.5,0.0,0.968,0.512,0.5,0.433,0.0,0.319,0.0,0,0,0.265,0.691,0.0,1.0,0.143,0.527,0.571,0.0,0.567,0.391,0.0,1.0,0.817
17276,2024.10.15 16:00:40,LMTm,SWEEP_REVERSAL,BUY,4,605.46,602.89,608.54,1.2,0.225,607.808,609.194,604.838,0,0.013,0.936,-1.196,599.2625,603.44325,606.6125,599.3685,1,0.005,0.55,0,607.808,0.657,0.444,0,0.0,0.0,605.2415,596.9715,3.147,0,0,0,1.0,0.825,0.289,0.825,0.565,2,0.603,0,0.563,605.234,602.462,0.196,0.881,0.0,2,0.25,0,0.603,1.101,3.015,0.365,0.4,1,607.808,8,0.731,0.608,0.231,0.247,0.2,0.704,0.896,463.33121,459.87353,602.95812,3124.6051,-224.9373,1,463.33121,0.917,589.36971,0.294,0.0,0.0,0,0.297,1,0,6237,0.734,0.549,0.387,73.0,71.1,0.2837,257.4,0.0,1,1,0.864,367.18,1,1,0.823,374.21,0,89.856,0.337,0.663,0.0,1.0,0.5,0.0,0.0,0.5,0.0,0.848,0.653,0.5,0.524,0.0,0.308,0.0,0,0,0.372,0.825,0.0,1.0,0.095,0.882,0.435,0.0,0.551,0.391,0.0,1.0,1.046
17278,2024.10.15 17:40:40,LMTm,BREAKOUT,BUY,3,606.39,605.36,612.74,6.18,0.352,605.036,607.214,602.858,1,0.017,0.952,0.3046,599.2625,603.97875,606.9275,600.1875,1,0.007,0.55,0,605.036,0.635,0.361,0,0.0,0.0,0.0,596.9715,3.191,0,0,0,0.8,0.825,0.1305,0.825,0.313,0,0.692,0,0.474,605.036,607.412,0.305,0.63,0.0,2,0.25,0,0.692,1.402,3.478,0.403,0.449,1,605.036,8,0.727,0.391,0.306,0.247,0.182,0.724,0.875,463.33121,459.87353,602.95812,3124.6051,-224.9373,1,463.33121,0.917,589.36971,0.294,0.0,0.0,0,0.297,1,0,6238,0.734,0.549,0.387,58.0,61.3,0.2282,254.1,0.0,1,1,0.864,367.18,1,1,0.823,374.21,1,91.358,0.337,0.663,0.0,1.0,1.0,0.99,0.0,0.5,0.0,0.384,0.545,0.5,0.486,0.0,0.253,0.0,0,0,0.274,0.735,0.0,0.944,0.095,0.411,0.568,0.0,0.56,0.391,0.0,1.0,0.964
17279,2024.10.15 17:47:59,LMTm,BREAKOUT_RETEST,BUY,3,606.03,605.27,607.78,2.3,0.521,605.036,607.214,602.858,1,0.017,0.952,0.1668,599.2625,603.97875,606.9275,600.1875,1,0.006,0.55,0,605.036,0.635,0.361,0,0.0,0.0,0.0,596.9715,3.191,0,0,0,0.8,0.825,0.1305,0.825,0.63,0,0.692,0,0.474,605.036,607.412,0.167,0.768,0.0,2,0.25,0,0.692,1.187,3.34,0.355,0.424,1,607.214,4,0.6,0.666,0.211,0.247,0.182,0.724,0.875,463.33121,459.87353,602.95812,3124.6051,-224.9373,1,463.33121,0.917,589.36971,0.294,0.0,0.0,0,0.297,1,0,6238,0.734,0.549,0.387,57.0,59.5,0.2243,254.1,0.0,1,1,0.864,367.18,1,1,0.823,374.21,1,91.216,0.337,0.663,0.0,1.0,1.0,0.8,0.0,0.5,0.0,0.549,0.53,0.5,0.541,0.0,0.262,0.0,0,0,0.285,0.796,0.0,1.0,0.133,0.411,0.527,0.0,0.56,0.391,0.0,1.0,0.964
17282,2024.10.15 17:53:40,LMTm,TREND_CONTINUATION,BUY,3,605.53,602.48,611.88,2.08,0.485,605.036,607.214,602.858,1,0.017,0.952,-0.0299,599.2625,603.97875,606.9275,600.1875,1,0.004,0.55,0,605.036,0.635,0.361,0,0.0,0.0,0.0,596.9715,3.191,0,0,0,0.8,0.825,0.1305,0.825,1.0,0,0.692,0,0.474,605.036,607.412,0.03,0.965,0.0,2,0.25,0,0.692,0.943,3.143,0.3,0.395,1,602.858,5,0.6,0.94,0.1,0.247,0.182,0.724,0.875,463.33121,459.87353,602.95812,3124.6051,-224.9373,1,463.33121,0.917,589.36971,0.294,0.0,0.0,0,0.297,1,0,6238,0.734,0.549,0.387,57.0,57.8,0.2243,254.1,0.0,1,1,0.864,367.18,1,1,0.823,374.21,1,91.02,0.337,0.663,0.0,1.0,1.0,0.48,0.0,0.5,0.0,0.472,0.438,0.5,0.552,0.0,0.311,0.0,0,0,0.327,0.8,0.0,1.0,0.133,0.411,0.516,0.0,0.588,0.391,0.0,1.0,0.932
17283,2024.10.15 17:54:40,LMTm,PULLBACK,BUY,3,605.29,603.17,607.5,1.04,0.568,605.036,607.214,602.858,1,0.017,0.952,-0.1243,599.2625,603.97875,606.9275,600.1875,1,0.003,0.55,0,605.036,0.635,0.361,0,0.0,0.0,0.0,596.9715,3.191,0,0,0,0.8,0.825,0.1305,0.825,0.551,0,0.692,0,0.474,605.036,602.264,0.124,0.966,0.0,2,0.25,0,0.692,1.12,3.049,0.367,0.416,1,602.858,5,0.6,0.751,0.235,0.247,0.182,0.724,0.942,463.33121,459.87353,602.95812,3124.6051,-224.9373,1,463.33121,0.917,589.36971,0.294,0.0,0.0,0,0.297,1,0,6238,0.734,0.549,0.387,57.0,57.6,0.2243,254.1,0.0,1,1,0.864,367.18,1,1,0.823,374.21,1,90.925,0.337,0.663,0.0,1.0,1.0,0.42,0.0,0.5,0.0,0.483,0.347,0.5,0.552,0.0,0.293,0.0,0,0,0.375,0.8,0.0,1.0,0.133,0.411,0.511,0.0,0.559,0.391,0.0,1.0,0.883
17286,2024.10.15 18:08:40,LMTm,MEAN_REVERSION,BUY,3,603.99,601.92,605.83,0.89,0.654,605.24,606.09,604.05,0,0.05,0.869,-0.711,605.3825,603.97875,606.9275,601.03,1,0.002,0.3,0,605.24,0.657,0.732,0,0.0,0.0,605.63375,596.9715,2.882,0,0,0,0.8,0.825,0.0513,0.825,0.116,0,0.728,0,0.746,605.07,602.01,0.645,0.537,0.0,2,0.25,0,0.728,1.075,2.484,0.433,0.457,1,605.24,8,0.731,0.0,0.365,0.247,0.237,0.753,0.975,463.33121,459.87353,602.95812,3124.6051,-224.9373,1,463.33121,0.917,589.36971,0.294,0.0,0.0,0,0.297,1,0,6239,0.734,0.549,0.387,59.0,57.8,0.228,258.8,0.0,1,1,0.864,367.18,1,1,0.823,374.21,1,88.792,0.337,0.663,0.0,1.0,1.0,0.0,0.0,0.5,0.0,0.47,0.341,0.5,0.525,0.0,0.313,0.0,0,0,0.378,0.692,0.0,1.0,0.095,0.297,0.407,0.0,0.577,0.391,0.0,1.0,1.046
17287,2024.10.15 18:16:40,LMTm,SWEEP_REVERSAL,BUY,3,603.68,601.09,605.82,0.83,0.247,605.24,606.09,604.05,0,0.05,0.869,-0.8269,605.3825,603.97875,606.9275,601.03,1,0.003,0.3,0,605.24,0.657,0.732,0,0.0,0.0,605.63375,596.9715,2.882,0,0,0,0.8,0.825,0.0513,0.825,0.095,0,0.728,0,0.746,605.07,602.01,0.761,0.421,0.0,2,0.25,0,0.728,1.032,2.368,0.436,0.452,1,605.24,8,0.731,0.0,0.371,0.247,0.237,0.753,0.975,463.33121,459.87353,602.95812,3124.6051,-224.9373,1,463.33121,0.917,589.36971,0.294,0.0,0.0,0,0.297,1,0,6239,0.734,0.549,0.387,58.0,58.2,0.2241,258.8,0.0,1,1,0.864,367.18,1,1,0.823,374.21,1,88.672,0.337,0.663,0.0,1.0,1.0,0.27,0.0,0.5,0.0,0.339,0.356,0.5,0.635,0.0,0.456,0.0,0,0,0.459,0.688,0.0,1.0,0.095,0.327,0.386,0.0,0.573,0.391,0.0,1.0,1.046
17290,2024.10.16 13:40:20,LMTm,SWEEP_REVERSAL,BUY,4,603.43,600.74,606.2,1.03,0.156,605.1005,605.839,602.885,0,0.167,0.147,-1.0302,603.8525,603.8525,606.53,600.41,1,0.006,0.7,0,605.1005,0.606,0.174,0,0.0,0.0,0.0,596.9715,1.993,0,0,0,0.75,-0.72,-0.1249,0.72,0.306,2,0.639,3,0.649,602.7795,601.9355,0.167,0.147,0.0,2,0.15,0,0.639,0.805,1.993,0.404,0.391,1,605.1005,8,0.721,0.666,0.268,0.216,0.053,0.632,0.882,463.25566,543.67915,604.21687,1384.8498,-1739.7553,1,463.25566,0.93,480.78269,0.285,0.0,0.0,0,0.301,1,0,6241,0.733,0.549,0.388,110.0,55.3,0.409,268.9,0.0,1,1,0.864,367.18,1,1,0.823,374.21,1,85.235,0.804,0.196,0.1,1.0,1.0,0.0,0.0,0.5,0.0,0.47,0.602,0.5,0.72,0.0,0.407,0.0,0,0,0.44,0.505,0.0,1.0,0.143,0.268,0.392,0.0,0.544,0.375,0.0,1.0,0.758
17291,2024.10.16 13:40:59,LMTm,MEAN_REVERSION,BUY,4,603.08,600.93,606.2,1.45,0.608,605.1005,605.839,602.885,0,0.167,0.147,-1.1603,603.8525,603.8525,606.53,600.41,1,0.007,0.7,0,605.1005,0.606,0.174,0,0.0,0.0,0.0,596.9715,1.993,0,0,0,0.75,-0.72,-0.1249,0.72,0.13,2,0.639,3,0.649,602.7795,601.9355,0.297,0.017,0.0,2,0.15,0,0.639,0.802,1.862,0.43,0.391,1,605.1005,8,0.721,0.405,0.321,0.216,0.053,0.632,0.882,463.25566,543.67915,604.21687,1384.8498,-1739.7553,1,463.25566,0.93,480.78269,0.285,0.0,0.0,0,0.301,1,0,6241,0.733,0.549,0.388,110.0,56.4,0.409,268.9,0.0,1,1,0.864,367.18,1,1,0.823,374.21,1,85.104,0.804,0.196,0.1,1.0,1.0,0.01,0.0,0.5,0.0,0.54,0.581,0.5,0.72,0.0,0.383,0.0,0,0,0.418,0.467,0.0,1.0,0.143,0.268,0.368,0.0,0.537,0.375,0.0,1.0,0.758
17294,2024.10.16 16:00:00,LMTm,ANCHORED_PULLBACK,BUY,4,607.44,605.92,609.23,1.18,0.409,603.111,604.838,602.012,0,0.591,0.137,1.272,604.16075,603.8525,606.53,601.175,0,0.01,0.45,0,603.111,0.776,0.297,0,0.0,0.0,607.1895,596.9715,3.491,0,0,1,0.975,-0.65,-0.1865,0.65,0.208,2,0.429,1,0.036,604.838,606.251,0.648,0.137,-0.0586,1,0.4,5,0.539,1.113,3.491,0.319,0.292,0,604.838,2,0.55,0.0,0.697,0.195,0.44,0.66,0.878,463.82772,543.67915,604.21687,1380.7887,-4.0611,1,463.82772,0.907,481.5495,0.282,0.0,0.0,0,0.318,1,0,6244,0.733,0.549,0.388,81.0,83.0,0.2928,276.6,0.0,1,1,0.864,367.18,1,1,0.823,374.21,0,84.307,0.304,0.696,0.1,1.0,0.5,0.93,0.0,0.5,0.0,1.0,0.514,0.5,0.508,0.0,0.201,0.0,0,0,0.241,0.206,0.0,0.789,0.243,0.306,0.437,0.0,0.505,0.391,0.0,1.0,0.591
17296,2024.10.16 18:00:30,LMTm,BREAKOUT_RETEST,BUY,3,609.06,608.24,611.35,2.78,0.42,608.4475,608.83,605.005,1,0.006,0.365,0.0009,604.16075,603.8525,607.295,601.175,0,0.017,0.75,2,608.4475,0.75,0.306,0,0.0,0.0,0.0,596.9715,4.169,0,0,1,0.675,0.51,0.0983,0.51,1.0,2,0.582,3,0.936,608.32,607.4275,0.047,0.372,0.0,2,0.25,0,0.582,0.112,0.372,0.3,0.346,0,605.005,5,0.6,0.905,0.1,0.153,0.088,0.868,0.796,463.82772,543.67915,604.21687,1380.7887,-4.0611,1,463.82772,0.907,481.5495,0.282,0.0,0.0,0,0.318,1,0,6246,0.733,0.549,0.388,61.0,62.0,0.2219,274.9,0.0,1,1,0.864,367.18,1,1,0.823,374.21,0,85.444,0.304,0.696,0.1,1.0,0.5,0.78,0.0,0.5,0.0,0.9,0.621,0.5,0.564,0.0,0.408,0.0,0,0,0.405,0.705,0.0,0.442,0.316,0.325,0.656,0.0,0.572,0.391,0.0,1.0,1.05
17298,2024.10.16 18:19:00,LMTm,BREAKOUT,BUY,3,609.2,605.08,616.07,1.67,0.291,608.4475,608.83,605.005,1,0.006,0.365,0.0628,604.16075,603.8525,607.295,601.175,0,0.017,0.75,2,608.4475,0.75,0.306,0,0.0,0.0,0.0,596.9715,4.169,0,0,1,0.675,0.51,0.0983,0.51,0.329,2,0.582,3,0.936,608.32,607.4275,0.109,0.434,0.0,2,0.25,0,0.582,0.174,0.434,0.401,0.354,1,605.005,5,0.6,0.782,0.301,0.153,0.088,0.868,0.796,463.82772,543.67915,604.21687,1380.7887,-4.0611,1,463.82772,0.907,481.5495,0.282,0.0,0.0,0,0.318,1,0,6246,0.733,0.549,0.388,58.0,60.1,0.211,274.9,0.0,1,1,0.864,367.18,1,1,0.823,374.21,0,85.495,0.304,0.696,0.1,1.0,0.5,0.99,0.0,0.5,0.0,0.825,0.351,0.5,0.585,0.0,0.385,0.0,0,0,0.419,0.589,0.0,0.491,0.372,0.334,0.65,0.0,0.547,0.391,0.0,1.0,0.997
17299,2024.10.16 18:19:20,LMTm,PULLBACK,BUY,3,609.16,605.04,617.41,2.0,0.487,608.4475,608.83,605.005,1,0.006,0.365,0.0482,604.16075,603.8525,607.295,601.175,0,0.017,0.75,2,608.4475,0.75,0.306,0,0.0,0.0,0.0,596.9715,4.169,0,0,1,0.675,0.51,0.0983,0.51,0.329,2,0.582,3,0.936,608.32,607.4275,0.095,0.419,0.0,2,0.25,0,0.582,0.168,0.419,0.401,0.353,1,605.005,5,0.6,0.811,0.301,0.153,0.088,0.868,0.796,463.82772,543.67915,604.21687,1380.7887,-4.0611,1,463.82772,0.907,481.5495,0.282,0.0,0.0,0,0.318,1,0,6246,0.733,0.549,0.388,58.0,60.1,0.211,274.9,0.0,1,1,0.864,367.18,1,1,0.823,374.21,0,85.481,0.304,0.696,0.1,1.0,0.5,0.98,0.0,0.5,0.0,0.825,0.33,0.5,0.585,0.0,0.385,0.0,0,0,0.431,0.589,0.0,0.491,0.372,0.334,0.65,0.0,0.547,0.391,0.0,1.0,0.997
17300,2024.10.16 18:19:20,LMTm,TREND_CONTINUATION,BUY,3,609.16,605.86,616.03,2.08,0.396,608.4475,608.83,605.005,1,0.006,0.365,0.0482,604.16075,603.8525,607.295,601.175,0,0.017,0.75,2,608.4475,0.75,0.306,0,0.0,0.0,0.0,596.9715,4.169,0,0,1,0.675,0.51,0.0983,0.51,0.329,2,0.582,3,0.936,608.32,607.4275,0.095,0.419,0.0,2,0.25,0,0.582,0.168,0.419,0.401,0.353,1,605.005,5,0.6,0.811,0.301,0.153,0.088,0.868,0.796,463.82772,543.67915,604.21687,1380.7887,-4.0611,1,463.82772,0.907,481.5495,0.282,0.0,0.0,0,0.318,1,0,6246,0.733,0.549,0.388,58.0,60.1,0.211,274.9,0.0,1,1,0.864,367.18,1,1,0.823,374.21,0,85.481,0.304,0.696,0.1,1.0,0.5,0.97,0.0,0.5,0.0,0.825,0.33,0.5,0.585,0.0,0.385,0.0,0,0,0.431,0.589,0.0,0.491,0.372,0.334,0.65,0.0,0.547,0.391,0.0,1.0,0.997
0,2024.10.17 13:40:00,LMTm,BREAKOUT,BUY,4,609.65,608.5,616.52,5.96,0.343,608.4485,609.729,607.562,1,0.003,0.218,-0.0031,605.4325,603.50725,607.114,600.702,0,0.018,0.55,0,608.4485,0.645,0.231,0,0.0,0.0,0.0,596.9715,4.174,0,0,1,0.825,0.755,0.2424,0.755,1.0,0,0.734,0,0.492,608.35,609.0395,0.033,0.218,-0.2486,1,0.45,1,1.0,0.225,1.5,0.15,0.381,1,607.562,5,0.6,0.934,0.48,0.226,0.256,0.885,0.966,464.8631,459.47808,604.21687,3374.9885,1994.1998,2,462.69603,0.93,499.53614,0.281,0.0,0.0,0,0.224,1,0,6248,0.733,0.549,0.388,121.0,53.7,0.4403,274.8,0.0,1,1,0.864,367.18,1,1,0.823,374.21,0,85.681,0.3,0.7,0.0,0.0,0.5,0.0,0.0,0.5,0.0,0.381,0.67,0.5,0.588,0.0,0.361,0.0,0,0,0.423,0.658,0.108,0.542,0.404,0.301,0.65,0.0,0.516,0.391,0.0,1.0,0.73
0,2024.10.17 13:40:00,LMTm,BREAKOUT_RETEST,BUY,4,609.65,608.5,612.02,2.06,0.514,608.4485,609.729,607.562,1,0.003,0.218,-0.0031,605.4325,603.50725,607.114,600.702,0,0.018,0.55,0,608.4485,0.645,0.231,0,0.0,0.0,0.0,596.9715,4.174,0,0,1,0.825,0.755,0.2424,0.755,1.0,0,0.738,0,0.492,608.35,609.0395,0.033,0.218,0.0,2,0.15,0,0.738,0.45,1.5,0.3,0.387,1,607.562,5,0.6,0.934,0.06,0.226,0.151,0.885,0.966,464.8631,459.47808,604.21687,3374.9885,1994.1998,2,462.69603,0.93,499.53614,0.281,0.0,0.0,0,0.224,1,0,6248,0.733,0.549,0.388,121.0,54.4,0.4403,274.8,0.0,1,1,0.864,367.18,1,1,0.823,374.21,0,85.681,0.3,0.7,0.0,0.0,0.5,0.0,0.0,0.5,0.0,0.476,0.67,0.5,0.686,0.0,0.42,0.0,0,0,0.476,0.734,0.118,0.649,0.493,0.328,0.65,0.0,0.573,0.391,0.0,1.0,0.918
0,2024.10.17 13:41:40,LMTm,PULLBACK,BUY,4,609.67,608.53,617.91,7.21,0.562,608.4485,609.729,607.562,1,0.003,0.218,-0.0067,605.4325,603.50725,607.114,600.702,0,0.018,0.55,0,608.4485,0.645,0.231,0,0.0,0.0,0.0,596.9715,4.174,0,0,1,0.825,0.755,0.2424,0.755,1.0,0,0.738,0,0.492,608.35,609.0395,0.029,0.222,0.0,2,0.15,0,0.738,0.45,1.5,0.3,0.387,1,607.562,5,0.6,0.942,0.06,0.226,0.151,0.885,0.966,464.8631,459.47808,604.21687,3374.9885,1994.1998,2,462.69603,0.93,499.53614,0.281,0.0,0.0,0,0.224,1,0,6248,0.733,0.549,0.388,124.0,59.3,0.4513,274.8,0.0,1,1,0.864,367.18,1,1,0.823,374.21,0,85.689,0.3,0.7,0.0,0.0,0.5,0.0,0.0,0.5,0.0,0.476,0.66,0.5,0.686,0.0,0.42,0.0,0,0,0.47,0.734,0.118,0.649,0.493,0.328,0.65,0.0,0.573,0.391,0.0,1.0,0.918
17304,2024.10.17 13:42:00,LMTm,TREND_CONTINUATION,BUY,4,609.63,606.33,616.5,2.08,0.484,608.4485,609.729,607.562,1,0.003,0.218,-0.0177,605.4325,603.50725,607.114,600.702,0,0.018,0.55,0,608.4485,0.645,0.231,0,0.0,0.0,0.0,596.9715,4.174,0,0,1,0.825,0.755,0.2424,0.755,1.0,0,0.738,0,0.492,608.35,609.0395,0.018,0.233,0.0,2,0.15,0,0.738,0.45,1.5,0.3,0.387,1,607.562,5,0.6,0.964,0.06,0.226,0.151,0.885,0.966,464.8631,459.47808,604.21687,3374.9885,1994.1998,2,462.69603,0.93,499.53614,0.281,0.0,0.0,0,0.224,1,0,6248,0.733,0.549,0.388,123.0,60.7,0.4476,274.8,0.0,1,1,0.864,367.18,1,1,0.823,374.21,0,85.674,0.3,0.7,0.0,0.0,0.5,0.06,0.0,0.5,0.0,0.476,0.632,0.5,0.686,0.0,0.42,0.0,0,0,0.453,0.734,0.118,0.649,0.493,0.328,0.65,0.0,0.573,0.391,0.0,1.0,0.918
17305,2024.10.17 13:42:40,LMTm,MEAN_REVERSION,BUY,4,609.07,606.87,610.96,0.86,0.684,608.4485,609.729,607.562,1,0.003,0.218,-0.2214,605.4325,603.50725,607.114,600.702,0,0.016,0.55,0,608.4485,0.645,0.231,0,0.0,0.0,0.0,596.9715,4.174,0,0,1,0.825,0.755,0.2424,0.755,0.257,0,0.738,0,0.492,608.35,607.562,0.186,0.101,0.0,2,0.15,0,0.738,1.627,3.955,0.411,0.524,2,609.729,4,0.6,0.629,0.283,0.226,0.151,0.885,0.922,464.8631,459.47808,604.21687,3374.9885,1994.1998,2,462.69603,0.93,499.53614,0.281,0.0,0.0,0,0.224,1,0,6248,0.733,0.549,0.388,123.0,62.8,0.4476,274.8,0.0,1,1,0.864,367.18,1,1,0.823,374.21,0,85.47,0.3,0.7,0.0,0.0,0.5,0.06,0.0,0.5,0.0,0.56,0.608,0.5,0.686,0.0,0.396,0.0,0,0,0.429,0.628,0.13,1.0,0.58,0.328,0.65,0.0,0.547,0.391,0.0,1.0,0.953
17308,2024.10.17 14:00:00,LMTm,ANCHORED_PULLBACK,BUY,4,611.33,607.96,615.32,1.18,0.228,608.385,609.66,607.79,0,0.124,0.01,0.7252,604.29675,603.51875,607.13,599.9075,0,0.026,0.55,0,609.745,0.711,0.732,0,0.0,0.0,608.725,596.9715,5.211,0,0,1,0.9,0.615,0.3228,0.615,0.062,0,0.71,0,0.726,609.83,610.255,0.157,0.01,-0.1167,1,0.4,0,0.71,0.32,0.725,0.441,0.339,0,608.385,1,0.7,0.686,0.741,0.185,0.285,0.746,0.938,464.8631,459.47808,604.21687,3374.9885,1994.1998,2,462.69603,0.93,499.53614,0.281,0.0,0.0,0,0.224,1,0,6249,0.733,0.549,0.388,110.0,116.1,0.4323,254.4,0.0,1,1,0.864,367.18,1,1,0.823,374.21,0,93.197,0.3,0.7,0.0,0.0,0.5,0.99,0.0,0.5,0.0,0.444,0.505,0.5,0.661,0.0,0.576,0.0,0,0,0.432,0.372,0.0,0.471,0.528,0.173,0.724,0.0,0.554,0.391,0.0,1.0,0.98
17310,2024.10.17 15:44:00,LMTm,MEAN_REVERSION,BUY,4,608.95,607.1,610.55,0.87,0.612,609.71725,610.0795,608.389,0,0.085,0.648,-0.6921,604.5475,603.467,607.4,600.408,0,0.02,0.35,0,609.71725,0.682,0.751,0,0.0,0.0,0.0,596.9715,5.333,0,0,1,0.65,0.65,0.3994,0.65,0.474,0,0.666,0,0.766,608.50975,607.78525,0.169,0.145,0.0,2,0.25,0,0.666,0.262,0.692,0.379,0.347,0,609.71725,8,0.736,0.662,0.258,0.195,0.241,0.737,0.925,464.8631,459.47808,604.21687,3374.9885,1994.1998,2,462.69603,0.93,499.53614,0.281,0.0,0.0,0,0.224,1,0,6250,0.735,0.551,0.384,83.0,83.8,0.3596,230.8,0.0,1,1,0.864,367.18,1,1,0.823,374.21,0,101.713,0.3,0.7,0.0,0.0,0.5,0.59,0.0,0.5,0.0,0.997,0.488,0.5,0.539,0.0,0.23,0.0,0,0,0.261,0.68,0.0,0.64,0.381,0.33,0.65,0.0,0.57,0.391,0.0,1.0,1.13
17312,2024.10.17 15:46:20,LMTm,SWEEP_REVERSAL,BUY,4,608.65,606.34,610.54,0.82,0.225,609.71725,610.0795,608.389,0,0.085,0.648,-0.8177,604.5475,603.467,607.4,600.408,0,0.019,0.35,0,609.71725,0.682,0.751,0,0.0,0.0,0.0,596.9715,5.333,0,0,1,0.65,0.65,0.3994,0.65,0.067,0,0.666,0,0.766,608.50975,607.78525,0.295,0.019,0.0,2,0.25,0,0.666,0.36,0.818,0.44,0.359,1,609.71725,8,0.736,0.411,0.38,0.195,0.241,0.737,0.925,464.8631,459.47808,604.21687,3374.9885,1994.1998,2,462.69603,0.93,499.53614,0.281,0.0,0.0,0,0.224,1,0,6250,0.735,0.551,0.384,82.0,83.4,0.3553,230.8,0.0,1,1,0.864,367.18,1,1,0.823,374.21,0,101.583,0.3,0.7,0.0,0.0,0.5,0.85,0.0,0.5,0.0,1.0,0.443,0.5,0.533,0.0,0.225,0.0,0,0,0.284,0.587,0.0,0.825,0.381,0.339,0.65,0.0,0.571,0.391,0.0,1.0,1.13
17314,2024.10.17 17:03:40,LMTm,TREND_CONTINUATION,BUY,3,607.36,604.66,610.36,1.11,0.544,609.679,610.294,607.588,0,0.545,1.529,-1.3337,605.6175,603.467,608.274,601.282,1,0.014,0.55,0,609.679,0.77,0.084,0,0.0,0.0,0.0,596.9715,4.669,0,0,0,1.0,0.72,0.2246,0.72,0.356,2,0.619,0,0.797,608.818,610.417,0.951,1.662,0.0,2,0.25,0,0.619,0.659,1.662,0.397,0.394,1,609.679,8,0.754,0.0,0.293,0.216,0.247,0.803,0.907,463.41835,604.10549,604.76025,15.0003,-3359.9882,1,463.41835,0.92,481.00077,0.286,0.0,0.0,0,0.202,1,0,6252,0.735,0.551,0.384,68.0,69.5,0.3024,224.9,0.0,1,1,0.864,367.18,1,1,0.823,374.21,0,103.688,0.805,0.195,9.4,1.0,0.5,0.84,0.0,0.5,0.0,0.501,0.465,0.5,0.522,0.0,0.275,0.0,0,0,0.288,0.588,0.0,0.818,0.314,0.48,0.407,0.0,0.563,0.391,0.0,1.0,0.981
17316,2024.10.17 17:44:00,LMTm,MEAN_REVERSION,BUY,3,607.94,606.14,610.33,1.33,0.596,609.679,610.294,607.588,0,0.545,1.529,-1.0625,605.6175,603.467,608.274,601.282,1,0.017,0.55,0,609.679,0.77,0.084,0,0.0,0.0,0.0,596.9715,4.669,0,0,0,1.0,0.72,0.2246,0.72,0.591,2,0.619,0,0.797,608.818,610.417,0.68,1.391,0.0,2,0.25,0,0.619,0.503,1.391,0.361,0.376,1,609.679,8,0.754,0.0,0.223,0.216,0.247,0.803,0.907,463.41835,604.10549,604.76025,15.0003,-3359.9882,1,463.41835,0.92,481.00077,0.286,0.0,0.0,0,0.202,1,0,6252,0.735,0.551,0.384,65.0,65.0,0.2891,224.9,0.0,1,1,0.864,367.18,1,1,0.823,374.21,0,103.946,0.805,0.195,9.4,1.0,0.5,0.78,0.0,0.5,0.0,0.579,0.556,0.5,0.516,0.0,0.369,0.0,0,0,0.336,0.637,0.0,0.818,0.314,0.491,0.451,0.0,0.563,0.391,0.0,1.0,0.981
17317,2024.10.17 17:46:20,LMTm,SWEEP_REVERSAL,BUY,3,608.09,605.84,610.33,1.0,0.23,609.679,610.294,607.588,0,0.545,1.529,-0.9957,605.6175,603.467,608.274,601.282,1,0.018,0.55,0,609.679,0.77,0.084,0,0.0,0.0,0.0,596.9715,4.669,0,0,0,1.0,0.72,0.2246,0.72,0.541,2,0.619,0,0.797,608.818,610.417,0.613,1.324,0.0,2,0.25,0,0.619,0.488,1.324,0.369,0.374,1,609.679,8,0.754,0.0,0.238,0.216,0.247,0.803,0.907,463.41835,604.10549,604.76025,15.0003,-3359.9882,1,463.41835,0.92,481.00077,0.286,0.0,0.0,0,0.202,1,0,6252,0.735,0.551,0.384,65.0,64.9,0.2891,224.9,0.0,1,1,0.864,367.18,1,1,0.823,374.21,0,104.013,0.805,0.195,9.4,1.0,0.5,0.75,0.0,0.5,0.0,0.596,0.634,0.5,0.493,0.0,0.325,0.0,0,0,0.358,0.627,0.0,0.818,0.314,0.486,0.462,0.0,0.572,0.391,0.0,1.0,0.981
17320,2024.10.17 17:57:40,LMTm,PULLBACK,BUY,3,606.46,603.09,610.32,1.14,0.49,609.679,610.294,607.588,0,0.545,1.529,-1.7162,605.6175,603.467,608.274,601.282,1,0.01,0.55,0,609.679,0.77,0.084,0,0.0,0.0,0.0,596.9715,4.669,0,0,0,1.0,0.72,0.2246,0.72,0.356,2,0.619,0,0.797,608.818,610.417,1.333,2.044,0.0,2,0.25,0,0.619,1.561,3.935,0.397,0.499,1,609.679,8,0.754,0.0,0.293,0.216,0.247,0.803,0.907,463.41835,604.10549,604.76025,15.0003,-3359.9882,1,463.41835,0.92,481.00077,0.286,0.0,0.0,0,0.202,1,0,6252,0.735,0.551,0.384,64.0,64.6,0.2846,224.9,0.0,1,1,0.864,367.18,1,1,0.823,374.21,0,103.288,0.805,0.195,9.4,1.0,0.5,0.45,0.0,0.5,0.0,0.31,0.43,0.5,0.524,0.0,0.324,0.0,0,0,0.329,0.588,0.0,0.818,0.314,0.455,0.328,0.0,0.562,0.391,0.0,1.0,0.981
0,2024.10.17 18:00:00,LMTm,ANCHORED_PULLBACK,BUY,3,606.6,606.22,607.1,1.29,0.546,607.09675,609.0565,606.343,0,0.385,0.017,-0.519,607.7575,603.467,609.148,601.282,1,0.011,0.45,0,607.09675,0.659,0.445,0,0.0,0.0,606.89,596.9715,3.985,0,0,0,1.0,0.755,0.0593,0.755,0.082,1,0.337,0,0.382,607.09675,606.0415,0.519,0.05,0.0033,2,0.4,3,0.977,2.541,3.985,0.638,0.632,2,607.09675,8,0.732,0.0,0.435,0.627,0.216,0.827,0.955,463.41835,604.10549,604.76025,15.0003,-3359.9882,1,463.41835,0.92,481.00077,0.286,0.0,0.0,0,0.202,1,0,6253,0.735,0.551,0.384,67.0,64.7,0.2981,224.8,0.0,1,1,0.864,367.18,1,1,0.823,374.21,0,103.383,0.805,0.195,9.4,1.0,0.5,0.02,0.0,0.5,0.0,0.289,0.324,0.5,0.453,0.0,0.319,0.0,0,0,0.369,0.438,0.0,0.961,0.397,0.554,0.445,0.0,0.502,0.391,0.0,1.0,1.008
17321,2024.10.17 18:24:40,LMTm,BREAKOUT_RETEST,BUY,3,607.47,606.8,609.72,3.33,0.547,607.09675,609.0565,606.343,1,0.385,0.017,-0.1276,607.7575,603.467,609.148,601.282,1,0.015,0.45,0,607.09675,0.659,0.445,0,0.0,0.0,606.89,596.9715,3.985,0,0,0,1.0,0.755,0.0593,0.755,0.657,2,0.637,0,0.382,607.09675,606.0415,0.128,0.342,0.0,2,0.4,0,0.637,0.12,0.342,0.351,0.265,0,609.0565,4,0.6,0.745,0.263,0.226,0.216,0.827,0.955,463.41835,604.10549,604.76025,15.0003,-3359.9882,1,463.41835,0.92,481.00077,0.286,0.0,0.0,0,0.202,1,0,6253,0.735,0.551,0.384,66.0,67.8,0.2936,224.8,0.0,1,1,0.864,367.18,1,1,0.823,374.21,0,103.77,0.805,0.195,9.4,1.0,0.5,0.99,0.0,0.5,0.0,0.668,0.63,0.5,0.564,0.0,0.534,0.0,0,0,0.461,0.754,0.0,0.953,0.461,0.421,0.46,0.0,0.607,0.391,0.0,1.0,0.85
17324,2024.10.21 13:40:00,LMTm,BREAKOUT,BUY,4,613.75,610.91,618.81,1.78,0.559,607.81875,609.705,607.19,0,1.306,0.187,2.1765,608.03875,603.467,609.148,602.156,0,0.043,0.5,2,609.57925,0.766,0.372,0,0.0,0.0,609.44625,608.30875,1.934,0,0,1,0.75,0.72,0.1389,0.72,0.016,2,0.526,3,0.375,609.4535,611.59125,1.368,0.311,0.361,0,0.15,2,1.0,1.301,2.177,0.598,0.536,2,609.57925,8,0.753,0.0,0.355,0.916,0.053,0.877,0.996,463.9225,543.16759,603.86262,1518.4604,95.4705,2,463.9225,0.934,500.24026,0.289,0.0,0.0,0,0.091,1,0,6262,0.737,0.555,0.383,153.0,59.9,0.7566,202.2,0.0,1,1,0.864,367.18,1,1,0.823,374.21,0,118.458,0.302,0.698,0.1,0.0,0.5,0.0,0.0,0.5,0.0,0.527,0.578,0.5,0.518,0.0,1.0,0.0,0,0,0.602,0.168,0.0,0.18,0.202,0.845,0.745,0.0,0.497,0.391,0.0,1.0,1.079
17325,2024.10.21 13:40:20,LMTm,TREND_CONTINUATION,BUY,4,613.75,610.91,618.81,1.78,0.459,607.81875,609.705,607.19,0,1.306,0.187,2.1765,608.03875,603.467,609.148,602.156,0,0.043,0.5,2,609.57925,0.766,0.372,0,0.0,0.0,609.44625,608.30875,1.934,0,0,1,0.75,0.72,0.1389,0.72,0.016,2,0.627,3,0.375,609.4535,611.59125,1.368,0.311,0.0,2,0.15,0,0.627,0.974,2.177,0.448,0.405,1,609.57925,8,0.753,0.0,0.355,0.216,0.053,0.877,0.996,463.9225,543.16759,603.86262,1518.4604,95.4705,2,463.9225,0.934,500.24026,0.289,0.0,0.0,0,0.091,1,0,6262,0.737,0.555,0.383,153.0,60.9,0.7566,202.2,0.0,1,1,0.864,367.18,1,1,0.823,374.21,0,118.458,0.302,0.698,0.1,0.0,0.5,0.0,0.0,0.5,0.0,0.628,0.577,0.5,0.589,0.0,0.947,0.0,0,0,0.602,0.189,0.0,0.239,0.191,0.333,0.867,0.0,0.565,0.391,0.0,1.0,0.971
17328,2024.10.21 13:52:40,LMTm,PULLBACK,BUY,4,612.66,610.7,618.73,3.09,0.385,607.81875,609.705,607.19,0,1.306,0.187,1.7413,608.03875,603.467,609.148,602.156,0,0.039,0.5,2,609.57925,0.766,0.372,0,0.0,0.0,609.44625,608.30875,1.934,0,0,1,0.75,0.72,0.1389,0.72,0.0,2,0.627,3,0.375,609.4535,611.59125,0.933,0.124,0.0,2,0.15,0,0.627,0.784,1.741,0.45,0.382,1,609.57925,8,0.753,0.0,0.36,0.216,0.053,0.877,0.996,463.9225,543.16759,603.86262,1518.4604,95.4705,2,463.9225,0.934,500.24026,0.289,0.0,0.0,0,0.091,1,0,6262,0.737,0.555,0.383,132.0,126.2,0.6528,202.2,0.0,1,1,0.864,367.18,1,1,0.823,374.21,0,117.919,0.302,0.698,0.1,0.0,0.5,0.71,0.0,0.5,0.0,0.448,0.434,0.5,0.599,0.0,0.798,0.0,0,0,0.538,0.185,0.0,0.335,0.191,0.411,0.867,0.0,0.565,0.391,0.0,1.0,0.971
0,2024.10.21 14:00:00,LMTm,ANCHORED_PULLBACK,BUY,4,612.81,611.98,615.59,3.34,0.563,609.9455,610.43,607.523,0,0.709,0.38,0.8735,608.93875,603.49075,608.8175,601.0695,0,0.042,0.45,0,609.9455,0.769,0.516,0,0.0,0.0,612.56775,608.30875,1.707,0,0,1,0.825,0.755,0.2038,0.755,0.23,1,0.259,1,0.025,610.107,612.2065,0.791,0.278,0.1997,0,0.0,2,1.0,0.965,1.707,0.565,0.476,1,609.9455,8,0.754,0.0,0.231,0.926,0.0,0.882,0.896,463.9225,543.16759,603.86262,1518.4604,95.4705,2,463.9225,0.934,500.24026,0.289,0.0,0.0,0,0.091,1,0,6263,0.737,0.555,0.383,115.0,136.8,0.5859,196.3,0.0,1,1,0.864,367.18,1,1,0.823,374.21,0,121.557,0.302,0.698,0.1,0.0,0.5,0.99,0.0,0.5,0.0,0.377,0.419,0.5,0.563,0.0,0.747,0.0,0,0,0.516,0.585,0.0,0.517,0.206,0.974,0.72,0.0,0.496,0.391,0.0,1.0,1.079
17330,2024.10.21 15:05:40,LMTm,BREAKOUT_RETEST,BUY,4,611.04,609.95,615.94,4.49,0.529,612.02375,613.3625,609.495,1,0.397,0.247,-0.8787,608.93875,603.49075,608.8175,601.0695,0,0.037,0.65,0,612.02375,0.795,0.0,1,0.0,0.0,612.325,608.30875,1.613,0,0,1,0.9,0.79,0.309,0.79,0.25,2,0.591,3,0.562,609.94125,610.83375,0.248,0.235,0.0,2,0.15,0,0.591,0.467,1.132,0.412,0.327,0,609.495,5,0.6,0.503,0.285,0.237,0.053,0.619,0.93,463.9225,543.16759,603.86262,1518.4604,95.4705,2,463.9225,0.934,500.24026,0.289,0.0,0.0,0,0.091,1,0,6264,0.737,0.555,0.383,64.0,68.1,0.3463,184.8,0.0,1,1,0.864,367.18,1,1,0.823,374.21,0,128.165,0.302,0.698,0.1,0.0,0.5,0.78,0.0,0.5,0.0,0.76,0.289,0.5,0.513,0.0,0.56,0.0,0,0,0.504,0.428,0.0,0.333,0.17,0.502,0.65,0.0,0.558,0.391,0.0,1.0,1.012
17332,2024.10.21 15:40:20,LMTm,SWEEP_REVERSAL,BUY,4,609.81,607.96,612.58,1.5,0.142,612.02375,613.3625,609.495,0,0.397,0.247,-1.5011,608.93875,603.49075,608.8175,601.0695,0,0.031,0.65,0,612.02375,0.795,0.0,1,0.0,0.0,612.325,608.30875,1.613,0,0,1,0.9,0.79,0.309,0.79,0.54,2,0.591,3,0.562,609.94125,607.85875,0.374,0.753,0.0,2,0.15,0,0.591,0.554,1.501,0.369,0.337,0,608.30875,6,0.65,0.252,0.198,0.237,0.053,0.619,0.791,463.9225,543.16759,603.86262,1518.4604,95.4705,2,463.9225,0.934,500.24026,0.289,0.0,0.0,0,0.091,1,0,6264,0.737,0.555,0.383,56.0,57.2,0.3031,184.8,0.0,1,1,0.864,367.18,1,1,0.823,374.21,0,127.499,0.302,0.698,0.1,0.0,0.5,0.77,0.0,0.5,0.0,0.902,0.376,0.5,0.538,0.0,0.472,0.0,0,0,0.425,0.45,0.0,0.893,0.19,1.0,0.497,0.0,0.566,0.391,0.0,1.0,1.106
17334,2024.10.21 15:41:00,LMTm,MEAN_REVERSION,BUY,4,609.81,608.33,612.57,1.87,0.566,612.02375,613.3625,609.495,0,0.397,0.247,-1.4957,608.93875,603.49075,608.8175,601.0695,0,0.031,0.65,0,612.02375,0.795,0.0,1,0.0,0.0,612.325,608.30875,1.613,0,0,1,0.9,0.79,0.309,0.79,0.54,2,0.591,3,0.562,609.94125,607.85875,0.369,0.758,0.0,2,0.15,0,0.591,0.552,1.496,0.369,0.337,0,608.30875,6,0.65,0.263,0.198,0.237,0.053,0.619,0.791,463.9225,543.16759,603.86262,1518.4604,95.4705,2,463.9225,0.934,500.24026,0.289,0.0,0.0,0,0.091,1,0,6264,0.737,0.555,0.383,55.0,57.0,0.2976,184.8,0.0,1,1,0.864,367.18,1,1,0.823,374.21,0,127.499,0.302,0.698,0.1,0.0,0.5,0.99,0.0,0.5,0.0,0.902,0.402,0.5,0.538,0.0,0.472,0.0,0,0,0.409,0.45,0.0,0.893,0.19,1.0,0.498,0.0,0.566,0.391,0.0,1.0,1.106
17336,2024.10.21 15:44:40,LMTm,BREAKOUT,BUY,4,610.71,609.86,615.33,5.44,0.349,612.02375,613.3625,609.495,1,0.397,0.247,-1.0086,608.93875,603.49075,608.8175,601.0695,0,0.036,0.65,0,612.02375,0.795,0.0,1,0.0,0.0,612.325,608.30875,1.613,0,0,1,0.9,0.79,0.309,0.79,0.588,2,0.591,3,0.562,609.94125,610.83375,0.118,0.365,0.0,2,0.15,0,0.591,0.365,1.009,0.362,0.315,0,609.495,5,0.6,0.763,0.184,0.237,0.053,0.619,0.93,463.9225,543.16759,603.86262,1518.4604,95.4705,2,463.9225,0.934,500.24026,0.289,0.0,0.0,0,0.091,1,0,6264,0.737,0.555,0.383,55.0,56.3,0.2976,184.8,0.0,1,1,0.864,367.18,1,1,0.823,374.21,0,127.986,0.302,0.698,0.1,0.0,0.5,0.99,0.0,0.5,0.0,0.902,0.526,0.5,0.523,0.0,0.397,0.0,0,0,0.331,0.498,0.0,0.571,0.17,0.918,0.65,0.0,0.558,0.391,0.0,1.0,1.012
17337,2024.10.21 15:44:59,LMTm,TREND_CONTINUATION,BUY,4,610.71,608.49,615.33,2.08,0.493,612.02375,613.3625,609.495,1,0.397,0.247,-1.0086,608.93875,603.49075,608.8175,601.0695,0,0.036,0.65,0,612.02375,0.795,0.0,1,0.0,0.0,612.325,608.30875,1.613,0,0,1,0.9,0.79,0.309,0.79,0.588,2,0.591,3,0.562,609.94125,610.83375,0.118,0.365,0.0,2,0.15,0,0.591,0.365,1.009,0.362,0.315,0,609.495,5,0.6,0.763,0.184,0.237,0.053,0.619,0.93,463.9225,543.16759,603.86262,1518.4604,95.4705,2,463.9225,0.934,500.24026,0.289,0.0,0.0,0,0.091,1,0,6264,0.737,0.555,0.383,55.0,56.3,0.2976,184.8,0.0,1,1,0.864,367.18,1,1,0.823,374.21,0,127.986,0.302,0.698,0.1,0.0,0.5,0.98,0.0,0.5,0.0,0.902,0.531,0.5,0.523,0.0,0.397,0.0,0,0,0.334,0.498,0.0,0.571,0.17,0.918,0.65,0.0,0.558,0.391,0.0,1.0,1.012
17340,2024.10.21 15:53:00,LMTm,PULLBACK,BUY,4,611.16,609.86,616.7,4.26,0.574,612.02375,613.3625,609.495,1,0.397,0.247,-0.7651,608.93875,603.49075,608.8175,601.0695,0,0.039,0.65,0,612.02375,0.795,0.0,1,0.0,0.0,612.325,608.30875,1.613,0,0,1,0.9,0.79,0.309,0.79,0.25,2,0.591,3,0.562,609.94125,610.83375,0.362,0.121,0.0,2,0.15,0,0.591,0.514,1.245,0.412,0.333,0,609.94125,2,0.55,0.276,0.285,0.237,0.053,0.619,0.93,463.9225,543.16759,603.86262,1518.4604,95.4705,2,463.9225,0.934,500.24026,0.289,0.0,0.0,0,0.091,1,0,6264,0.737,0.555,0.383,55.0,55.3,0.2976,184.8,0.0,1,1,0.864,367.18,1,1,0.823,374.21,0,128.23,0.302,0.698,0.1,0.0,0.5,0.72,0.0,0.5,0.0,0.967,0.818,0.5,0.45,0.0,0.354,0.0,0,0,0.467,0.428,0.0,0.333,0.17,0.918,0.65,0.0,0.558,0.391,0.0,1.0,1.012
17342,2024.10.21 17:20:40,LMTm,BREAKOUT_RETEST,BUY,3,612.67,612.09,614.48,3.13,0.564,612.16175,612.738,610.2025,1,0.056,0.303,0.0199,608.462,603.49075,609.786,601.0695,0,0.045,0.55,0,612.16175,0.761,0.677,0,0.0,0.0,0.0,608.30875,2.059,0,0,1,1.0,0.685,0.3314,0.685,1.0,2,0.617,0,0.362,612.0465,613.199,0.08,0.519,0.0,2,0.25,0,0.617,0.607,2.023,0.3,0.343,0,610.2025,5,0.6,0.84,0.1,0.206,0.16,0.881,0.942,463.48285,604.79556,605.06862,6.9584,-1511.5019,1,463.48285,0.943,481.15075,0.29,0.0,0.0,0,0.115,1,0,6266,0.737,0.555,0.383,47.0,49.3,0.2443,192.4,0.0,1,1,0.864,367.18,1,1,0.823,374.21,1,123.967,0.805,0.195,20.3,1.0,1.0,0.99,0.0,0.5,0.0,0.738,0.612,0.5,0.66,0.0,0.336,0.0,0,0,0.4,0.72,0.0,0.308,0.16,0.543,0.65,0.0,0.594,0.391,0.0,1.0,0.918
17344,2024.10.21 17:45:00,LMTm,BREAKOUT,BUY,3,612.72,609.83,617.53,1.67,0.386,612.16175,612.738,610.2025,1,0.056,0.303,0.0407,608.462,603.49075,609.786,601.0695,0,0.045,0.55,0,612.16175,0.761,0.677,0,0.0,0.0,0.0,608.30875,2.059,0,0,1,1.0,0.685,0.3314,0.685,1.0,2,0.617,0,0.362,612.0465,613.199,0.101,0.499,0.0,2,0.25,0,0.617,0.613,2.044,0.3,0.344,0,610.2025,5,0.6,0.799,0.1,0.206,0.16,0.881,0.942,463.48285,604.79556,605.06862,6.9584,-1511.5019,1,463.48285,0.943,481.15075,0.29,0.0,0.0,0,0.115,1,0,6266,0.737,0.555,0.383,48.0,47.2,0.2495,192.4,0.0,1,1,0.864,367.18,1,1,0.823,374.21,1,123.993,0.805,0.195,20.3,1.0,1.0,0.03,0.0,0.5,0.0,0.813,0.375,0.5,0.523,0.0,0.344,0.0,0,0,0.369,0.72,0.0,0.308,0.16,0.59,0.65,0.0,0.594,0.391,0.0,1.0,1.05
17345,2024.10.21 17:45:30,LMTm,TREND_CONTINUATION,BUY,3,612.65,610.34,617.46,2.08,0.525,612.16175,612.738,610.2025,1,0.056,0.303,0.0043,608.462,603.49075,609.786,601.0695,0,0.045,0.55,0,612.16175,0.761,0.677,0,0.0,0.0,0.0,608.30875,2.059,0,0,1,1.0,0.685,0.3314,0.685,1.0,2,0.617,0,0.362,612.0465,613.199,0.064,0.535,0.0,2,0.25,0,0.617,0.602,2.007,0.3,0.342,0,610.2025,5,0.6,0.872,0.1,0.206,0.16,0.881,0.942,463.48285,604.79556,605.06862,6.9584,-1511.5019,1,463.48285,0.943,481.15075,0.29,0.0,0.0,0,0.115,1,0,6266,0.737,0.555,0.383,48.0,47.2,0.2495,192.4,0.0,1,1,0.864,367.18,1,1,0.823,374.21,1,123.957,0.805,0.195,20.3,1.0,1.0,0.0,0.0,0.5,0.0,0.813,0.368,0.5,0.523,0.0,0.344,0.0,0,0,0.374,0.72,0.0,0.308,0.16,0.59,0.65,0.0,0.594,0.391,0.0,1.0,0.918
17348,2024.10.21 18:00:40,LMTm,PULLBACK,BUY,3,612.18,611.38,613.41,1.53,0.548,612.15475,612.8355,611.085,1,0.104,0.722,-0.2411,608.37875,603.49075,609.786,601.0695,0,0.044,0.45,0,612.15475,0.751,0.326,0,0.0,0.0,612.203,608.30875,1.729,0,0,1,0.75,0.895,0.3278,0.895,0.992,0,0.688,2,0.191,612.0575,610.98775,0.19,0.378,0.0,2,0.0,0,0.688,0.541,1.798,0.301,0.371,1,611.085,5,0.6,0.621,0.002,0.269,0.0,0.899,0.848,463.48285,604.79556,605.06862,6.9584,-1511.5019,1,463.48285,0.943,481.15075,0.29,0.0,0.0,0,0.115,1,0,6267,0.737,0.555,0.383,48.0,47.9,0.2544,188.6,0.0,1,1,0.864,367.18,1,1,0.823,374.21,1,126.148,0.805,0.195,20.3,1.0,1.0,0.56,0.0,0.5,0.0,0.81,0.401,0.5,0.576,0.0,0.339,0.0,0,0,0.368,0.881,0.0,0.855,0.0,0.428,0.461,0.0,0.592,0.391,0.0,1.0,1.094
17350,2024.10.21 18:50:40,LMTm,SWEEP_REVERSAL,BUY,3,610.96,609.07,612.63,0.89,0.09,612.15475,612.8355,611.085,0,0.104,0.722,-0.8878,608.37875,603.49075,609.786,601.0695,0,0.037,0.45,0,612.15475,0.751,0.326,0,0.0,0.0,612.203,608.30875,1.729,0,0,1,0.75,0.895,0.3278,0.895,0.431,0,0.688,2,0.191,612.0575,610.01525,0.836,0.246,0.0,2,0.0,0,0.688,0.444,1.151,0.385,0.36,1,612.15475,8,0.75,0.0,0.171,0.269,0.0,0.899,0.894,463.48285,604.79556,605.06862,6.9584,-1511.5019,1,463.48285,0.943,481.15075,0.29,0.0,0.0,0,0.115,1,0,6267,0.737,0.555,0.383,48.0,47.4,0.2544,188.6,0.0,1,1,0.864,367.18,1,1,0.823,374.21,1,125.502,0.805,0.195,20.3,1.0,1.0,0.0,0.0,0.5,0.0,0.3,0.226,0.5,0.544,0.0,0.588,0.0,0,0,0.563,0.699,0.0,0.713,0.0,0.394,0.65,0.0,0.554,0.391,0.0,1.0,1.13
17352,2024.10.21 19:20:40,LMTm,BREAKOUT_RETEST,BUY,3,611.82,611.25,613.64,3.2,0.563,611.81525,612.2765,610.616,1,0.048,0.634,-0.2775,611.33625,603.49075,609.786,601.0695,0,0.041,0.45,0,611.63075,0.794,0.587,0,0.0,0.0,0.0,608.30875,1.512,0,0,1,1.0,0.755,0.2866,0.755,0.663,0,0.665,2,0.105,611.5385,609.97025,0.131,0.697,0.0,2,0.25,0,0.665,0.552,1.575,0.35,0.318,0,610.616,5,0.6,0.737,0.201,0.226,0.088,0.892,0.889,463.48285,604.79556,605.06862,6.9584,-1511.5019,1,463.48285,0.943,481.15075,0.29,0.0,0.0,0,0.115,1,0,6268,0.737,0.555,0.383,53.0,53.3,0.28,189.3,0.0,1,1,0.864,367.18,1,1,0.823,374.21,1,125.53,0.805,0.195,20.3,1.0,1.0,0.99,0.0,0.5,0.0,0.33,0.418,0.5,0.527,0.0,0.467,0.0,0,0,0.394,0.838,0.0,0.697,0.0,0.489,0.65,0.0,0.597,0.391,0.0,1.0,1.094
17354,2024.10.22 13:40:00,LMTm,BREAKOUT,BUY,4,593.26,590.43,599.18,2.1,0.708,611.1965,612.83,610.652,0,9.536,0.867,-10.6918,610.83375,603.49075,610.7545,601.0695,0,0.066,0.1,4,611.1965,0.553,0.846,0,0.0,0.0,0.0,596.9715,3.143,0,0,-1,0.8,0.965,0.2378,0.965,0.005,2,0.389,2,0.5,610.652,600.3065,10.403,4.912,0.2746,0,0.0,2,1.0,1.883,3.143,0.599,0.59,2,596.9715,6,0.65,0.0,0.299,0.99,0.15,0.464,1.0,463.94884,604.79556,605.06862,6.9382,-0.0202,1,463.94884,0.929,499.64157,0.292,0.0,0.0,0,0.031,1,0,6269,0.737,0.555,0.383,221.0,52.7,1.1729,188.4,0.0,1,1,0.864,367.18,1,1,0.823,374.21,1,116.251,0.306,0.694,20.3,0.202,1.0,0.0,0.0,0.5,0.0,0.633,0.552,0.5,0.522,0.0,0.586,0.0,0,0,0.422,0.326,0.0,0.24,0.0,0.912,0.279,0.0,0.498,0.375,0.0,1.0,1.048
17355,2024.10.22 13:40:20,LMTm,TREND_CONTINUATION,BUY,4,592.72,590.46,599.18,2.86,0.515,611.1965,612.83,610.652,0,9.536,0.867,-10.9784,610.83375,603.49075,610.7545,601.0695,0,0.069,0.1,4,611.1965,0.553,0.846,0,0.0,0.0,0.0,596.9715,3.143,0,0,-1,0.8,0.965,0.2378,0.965,0.005,2,0.586,2,0.5,610.652,600.3065,10.689,5.199,0.0,2,0.0,0,0.586,1.541,3.429,0.449,0.447,1,596.9715,6,0.65,0.0,0.299,0.29,0.15,0.464,1.0,463.94884,604.79556,605.06862,6.9382,-0.0202,1,463.94884,0.929,499.64157,0.292,0.0,0.0,0,0.031,1,0,6269,0.737,0.555,0.383,221.0,54.4,1.1729,188.4,0.0,1,1,0.864,367.18,1,1,0.823,374.21,1,115.964,0.306,0.694,20.3,0.202,1.0,0.0,0.0,0.5,0.0,0.753,0.5,0.5,0.54,0.0,0.525,0.0,0,0,0.372,0.337,0.0,0.154,0.0,0.359,0.178,0.0,0.58,0.375,0.0,1.0,0.951
0,2024.10.22 13:40:20,LMTm,SWEEP_REVERSAL,BUY,4,592.72,590.84,599.18,3.43,0.149,611.1965,612.83,610.652,0,9.536,0.867,-10.9784,610.83375,603.49075,610.7545,601.0695,0,0.069,0.1,4,611.1965,0.553,0.846,0,0.0,0.0,0.0,596.9715,3.143,0,0,-1,0.8,0.965,0.2378,0.965,0.005,2,0.586,2,0.5,610.652,600.3065,10.689,5.199,0.0,2,0.0,0,0.586,1.541,3.429,0.449,0.447,1,596.9715,6,0.65,0.0,0.299,0.29,0.15,0.464,1.0,463.94884,604.79556,605.06862,6.9382,-0.0202,1,463.94884,0.929,499.64157,0.292,0.0,0.0,0,0.031,1,0,6269,0.737,0.555,0.383,221.0,56.1,1.1729,188.4,0.0,1,1,0.864,367.18,1,1,0.823,374.21,1,115.964,0.306,0.694,20.3,0.202,1.0,0.0,0.0,0.5,0.0,0.753,0.5,0.5,0.54,0.0,0.525,0.0,0,0,0.372,0.337,0.0,0.154,0.0,0.359,0.178,0.0,0.58,0.375,0.0,1.0,0.951
0,2024.10.22 13:40:40,LMTm,MEAN_REVERSION,BUY,4,595.13,593.62,599.18,2.69,0.589,611.1965,612.83,610.652,0,9.536,0.867,-9.6994,610.83375,603.49075,610.7545,601.0695,0,0.056,0.1,4,611.1965,0.553,0.846,0,0.0,0.0,0.0,596.9715,3.143,0,0,-1,0.8,0.965,0.2378,0.965,0.0,2,0.586,2,0.5,610.652,600.3065,9.41,3.92,0.0,2,0.0,0,0.586,1.764,3.92,0.45,0.473,1,596.9715,6,0.65,0.0,0.3,0.29,0.15,0.464,1.0,463.94884,604.79556,605.06862,6.9382,-0.0202,1,463.94884,0.929,499.64157,0.292,0.0,0.0,0,0.031,1,0,6269,0.737,0.555,0.383,221.0,57.8,1.1729,188.4,0.0,1,1,0.864,367.18,1,1,0.823,374.21,1,117.243,0.306,0.694,20.3,0.202,1.0,0.03,0.0,0.5,1.0,0.753,0.628,0.5,0.54,0.0,0.525,0.0,0,0,0.449,0.336,0.0,0.154,0.0,0.359,0.178,0.0,0.564,0.375,0.0,1.0,0.951
17358,2024.10.22 14:02:40,LMTm,PULLBACK,BUY,4,583.62,579.83,591.21,2.0,0.606,612.045,612.83,589.28,0,0.093,4.437,-11.7569,609.63125,603.18525,612.0485,600.768,0,0.083,0.75,2,585.355,0.541,0.04,0,0.0,0.0,583.713,580.263,1.299,0,0,-1,1.0,0.825,0.1166,0.825,0.069,2,0.352,3,1.0,584.57,601.84,0.897,7.723,0.0,2,0.25,3,1.0,0.772,1.208,0.64,0.447,1,580.263,6,0.65,0.0,0.379,0.648,0.088,0.155,1.0,463.94884,604.79556,605.06862,6.9382,-0.0202,1,463.94884,0.929,499.64157,0.292,0.0,0.0,0,0.031,1,0,6270,0.739,0.549,0.381,132.0,146.4,0.5217,253.0,0.0,1,1,0.864,367.18,1,1,0.823,374.21,1,82.771,0.306,0.694,20.3,0.202,1.0,0.95,0.0,0.5,0.0,0.05,0.373,0.5,0.763,0.0,0.662,0.0,0,0,0.57,0.304,0.0,0.295,0.0,1.0,0.255,0.0,0.395,0.36,0.0,1.0,1.015
17360,2024.10.22 16:01:40,LMTm,SWEEP_REVERSAL,BUY,4,581.6,578.3,606.07,7.42,0.473,580.52125,588.6595,577.8085,1,0.249,4.635,0.0603,610.8355,605.1865,611.777,598.596,0,0.074,0.3,2,580.52125,0.7,0.389,0,0.0,0.0,581.10725,596.9715,5.236,0,1,-1,0.75,-0.72,-0.8925,0.72,0.861,2,0.481,3,1.0,580.52125,601.319,0.06,6.245,0.0,2,0.3,6,0.5,0.256,1.5,0.171,0.326,0,577.8085,5,0.6,0.879,0.362,0.216,0.405,0.733,1.0,462.93744,604.93406,605.06862,2.7346,-4.2036,1,462.93744,0.892,589.99282,0.305,0.0,0.0,0,0.216,1,0,6272,0.739,0.549,0.381,88.0,87.6,0.2668,329.9,0.0,1,1,0.864,367.18,1,1,0.823,374.21,1,62.873,0.807,0.193,52.0,1.0,1.0,0.7,0.0,0.5,1.0,1.0,0.484,0.5,0.466,0.0,0.264,0.0,0,0,0.255,0.461,0.0,0.435,0.0,1.0,0.35,0.0,0.472,0.36,0.0,1.0,0.661
17362,2024.10.22 17:00:00,LMTm,MEAN_REVERSION,BUY,3,576.02,573.09,581.94,2.02,0.617,581.22125,584.0075,576.5775,0,0.603,5.171,-1.6181,610.7395,604.8985,611.713,598.084,0,0.081,0.2,4,581.22125,0.688,0.783,0,0.0,0.0,578.79,596.9715,5.922,0,0,-1,0.825,-0.58,-1.0868,0.58,0.155,0,0.652,1,0.5,580.2925,601.65375,1.364,7.202,0.0,2,0.25,0,0.652,0.691,1.618,0.427,0.36,1,581.22125,8,0.738,0.0,0.353,0.174,0.238,0.735,1.0,462.93744,604.93406,605.06862,2.7346,-4.2036,1,462.93744,0.892,589.99282,0.305,0.0,0.0,0,0.216,1,0,6273,0.739,0.549,0.381,72.0,68.1,0.1968,365.9,0.0,1,1,0.864,367.18,1,1,0.823,374.21,1,55.15,0.807,0.193,52.0,1.0,1.0,0.04,0.0,0.5,0.622,0.909,0.354,0.5,0.528,0.0,0.32,0.0,0,0,0.374,0.511,0.0,0.556,0.0,0.959,0.191,0.0,0.495,0.346,0.0,1.0,0.822
17364,2024.10.22 18:01:40,LMTm,SWEEP_REVERSAL,BUY,3,575.05,571.24,581.24,1.62,0.145,580.614,582.104,576.144,0,1.144,2.238,-1.6236,610.6675,604.6825,611.665,597.7,0,0.079,0.5,0,580.614,0.72,0.0,2,0.0,0.0,0.0,596.9715,5.901,0,0,-1,0.9,-0.79,-1.2725,0.79,0.684,2,0.587,0,0.668,578.826,584.19,1.155,2.561,0.0,2,0.0,0,0.587,0.89,2.561,0.347,0.446,1,580.614,8,0.744,0.0,0.095,0.237,0.134,0.895,0.902,462.93744,604.93406,605.06862,2.7346,-4.2036,1,462.93744,0.892,589.99282,0.305,0.0,0.0,0,0.216,1,0,6274,0.739,0.549,0.381,63.0,63.4,0.1651,381.5,0.0,1,1,0.864,367.18,1,1,0.823,374.21,1,52.645,0.807,0.193,52.0,1.0,1.0,0.59,0.0,0.5,0.0,0.829,0.577,0.5,0.535,0.0,0.437,0.0,0,0,0.382,0.518,0.0,0.342,0.0,0.807,0.206,0.0,0.491,0.346,0.0,1.0,0.825
17366,2024.10.22 19:00:40,LMTm,MEAN_REVERSION,BUY,3,574.49,573.32,580.43,5.08,0.547,574.789,579.9,572.906,1,0.087,0.227,-0.2157,610.52275,604.24825,613.66,599.0195,0,0.079,0.65,0,574.789,0.738,0.336,0,0.0,0.0,0.0,596.9715,6.104,0,0,-1,0.975,-0.825,-1.3941,0.825,0.758,2,0.568,3,0.483,574.52,572.368,0.146,0.414,0.0,2,0.15,0,0.568,0.139,0.414,0.336,0.312,0,579.9,4,0.6,0.709,0.133,0.247,0.053,0.928,0.729,462.93744,604.93406,605.06862,2.7346,-4.2036,1,462.93744,0.892,589.99282,0.305,0.0,0.0,0,0.216,1,0,6275,0.739,0.549,0.381,53.0,55.1,0.1379,384.4,0.0,1,1,0.864,367.18,1,1,0.823,374.21,1,52.108,0.807,0.193,52.0,1.0,1.0,0.99,0.0,0.5,0.0,1.0,0.635,0.5,0.558,0.0,0.327,0.0,0,0,0.379,0.565,0.0,0.257,0.0,0.667,0.35,0.0,0.483,0.346,0.0,1.0,0.731
0,2024.10.23 13:40:59,LMTm,ANCHORED_PULLBACK,BUY,4,577.07,577.06,578.94,187.25,0.361,574.86875,576.9725,572.765,1,0.182,0.524,0.2948,610.52275,606.33975,613.66,599.0195,0,0.076,0.45,0,574.86875,0.8,0.817,0,0.0,0.0,574.841,596.9715,5.381,0,0,-1,0.7,-0.685,-1.3606,0.685,0.244,0,0.775,1,0.144,574.1675,577.67375,0.471,0.411,0.0,2,0.25,0,0.775,0.195,0.471,0.413,0.285,0,574.1675,2,0.55,0.058,0.327,0.206,0.088,0.706,0.811,464.61937,604.23254,603.96438,-5.0489,-7.7835,-2,461.93396,0.874,590.83396,0.306,0.0,0.0,0,0.252,1,0,6276,0.739,0.549,0.381,103.0,66.3,0.2592,397.4,0.0,1,1,0.864,367.18,1,1,0.823,374.21,1,51.052,0.3,0.7,27.6,0.0,1.0,0.04,0.0,0.5,0.0,0.545,0.589,0.5,0.678,0.0,0.317,0.0,0,0,0.384,0.847,0.0,0.389,0.0,0.328,0.54,0.0,0.465,0.333,0.0,1.0,0.758
17368,2024.10.23 15:41:40,LMTm,MEAN_REVERSION,BUY,4,572.23,568.66,575.38,0.88,0.61,574.72125,576.0705,572.2155,0,0.103,0.881,-0.7066,610.52275,608.43125,613.66,596.928,0,0.083,0.5,0,574.72125,0.797,0.559,0,0.0,0.0,572.7375,596.9715,5.438,0,0,-1,1.0,-0.755,-0.904,0.755,0.23,0,0.702,3,0.361,573.372,572.02275,0.404,0.102,0.0,2,0.25,0,0.702,0.294,0.707,0.416,0.325,0,574.72125,8,0.759,0.192,0.331,0.226,0.088,0.858,0.769,464.61937,604.23254,603.96438,-5.0489,-7.7835,-2,461.93396,0.874,590.83396,0.306,0.0,0.0,0,0.252,1,0,6278,0.739,0.549,0.381,66.0,66.8,0.148,446.0,0.0,1,1,0.864,367.18,1,1,0.823,374.21,0,44.399,0.3,0.7,27.6,0.0,0.5,0.48,0.0,0.5,0.0,1.0,0.216,0.5,0.54,0.0,0.366,0.0,0,0,0.478,0.621,0.0,0.242,0.0,0.404,0.183,0.0,0.469,0.37,0.0,1.0,0.839
17370,2024.10.23 15:49:40,LMTm,SWEEP_REVERSAL,BUY,4,571.63,567.17,575.36,0.84,0.18,574.72125,576.0705,572.2155,0,0.103,0.881,-0.8366,610.52275,608.43125,613.66,596.928,0,0.084,0.5,0,574.72125,0.797,0.559,0,0.0,0.0,572.7375,596.9715,5.438,0,0,-1,1.0,-0.755,-0.904,0.755,0.23,0,0.702,3,0.361,573.372,572.02275,0.534,0.232,0.0,2,0.25,0,0.702,0.348,0.837,0.416,0.331,0,574.72125,8,0.759,0.0,0.331,0.226,0.088,0.858,0.769,464.61937,604.23254,603.96438,-5.0489,-7.7835,-2,461.93396,0.874,590.83396,0.306,0.0,0.0,0,0.252,1,0,6278,0.739,0.549,0.381,64.0,65.1,0.1435,446.0,0.0,1,1,0.864,367.18,1,1,0.823,374.21,0,44.265,0.3,0.7,27.6,0.0,0.5,0.71,0.0,0.5,0.0,0.981,0.232,0.5,0.512,0.0,0.34,0.0,0,0,0.451,0.621,0.0,0.242,0.0,0.404,0.165,0.0,0.469,0.37,0.0,1.0,0.839
17372,2024.10.23 17:41:40,LMTm,MEAN_REVERSION,BUY,3,571.99,570.57,575.32,2.35,0.521,571.2075,575.5,570.45,1,0.016,0.315,0.0443,610.3435,608.1325,613.66,595.972,0,0.08,0.5,2,574.7425,0.746,0.363,0,0.0,0.0,0.0,596.9715,5.54,0,0,-1,0.8,-1.0,-0.2363,1.0,1.0,2,0.533,3,0.38,571.46,569.945,0.011,0.32,0.0,2,0.0,0,0.533,0.219,0.729,0.3,0.326,0,574.7425,8,0.749,0.978,0.0,0.3,0.0,0.958,0.915,465.30157,603.54691,603.96438,7.3276,12.3765,2,462.42082,0.856,592.0544,0.307,0.0,0.0,0,0.294,1,0,6280,0.742,0.547,0.382,58.0,59.0,0.1268,457.3,0.0,1,1,0.864,367.18,1,1,0.823,374.21,-1,43.251,0.298,0.702,18.9,0.0,0.0,0.98,0.0,0.5,0.0,0.963,0.589,0.5,0.574,0.0,0.253,0.0,0,0,0.327,0.795,0.0,0.342,0.0,0.375,0.322,0.0,0.475,0.37,0.0,1.0,0.659
17374,2024.10.24 13:40:20,LMTm,SWEEP_REVERSAL,BUY,4,566.47,561.82,571.21,1.02,0.222,571.35375,571.8555,569.8485,0,0.97,0.108,-1.305,571.52,608.09,613.66,584.696,0,0.092,0.3,4,570.01575,0.725,0.631,0,0.0,0.0,569.93025,596.9715,6.762,0,0,-1,1.0,-1.0,-0.1082,1.0,0.008,2,0.639,0,0.586,570.01575,567.33975,1.018,0.443,0.0,2,0.15,0,0.639,0.586,1.305,0.449,0.388,1,570.01575,8,0.745,0.0,0.358,0.3,0.32,0.873,1.0,463.17683,604.23254,603.96438,-5.0105,-12.3381,-2,463.17683,0.857,590.61303,0.307,0.0,0.0,0,0.347,1,0,6283,0.742,0.547,0.382,119.0,54.7,0.2557,465.4,0.0,1,1,0.864,367.18,1,1,0.823,374.21,-1,41.308,0.304,0.696,28.1,0.0,0.0,0.0,0.0,0.5,0.0,0.514,0.502,0.5,0.6,0.0,0.51,0.0,0,0,0.386,0.315,0.0,0.539,0.212,0.352,0.177,0.0,0.48,0.37,0.0,1.0,0.74
17375,2024.10.24 13:40:40,LMTm,MEAN_REVERSION,BUY,4,567.26,563.54,571.21,1.06,0.579,571.35375,571.8555,569.8485,0,0.97,0.108,-1.1352,571.52,608.09,613.66,584.696,0,0.09,0.3,4,570.01575,0.725,0.631,0,0.0,0.0,569.93025,596.9715,6.762,0,0,-1,1.0,-1.0,-0.1082,1.0,0.0,2,0.639,0,0.586,570.01575,567.33975,0.848,0.273,0.0,2,0.15,0,0.639,0.511,1.135,0.45,0.379,1,570.01575,8,0.745,0.0,0.36,0.3,0.32,0.873,1.0,463.17683,604.23254,603.96438,-5.0105,-12.3381,-2,463.17683,0.857,590.61303,0.307,0.0,0.0,0,0.347,1,0,6283,0.742,0.547,0.382,119.0,55.3,0.2557,465.4,0.0,1,1,0.864,367.18,1,1,0.823,374.21,-1,41.478,0.304,0.696,28.1,0.0,0.0,0.04,0.0,0.5,0.0,0.514,0.541,0.5,0.6,0.0,0.51,0.0,0,0,0.409,0.313,0.0,0.204,0.212,0.352,0.177,0.0,0.462,0.37,0.0,1.0,0.74
17378,2024.10.24 15:58:00,LMTm,MEAN_REVERSION,BUY,4,568.07,565.0,570.56,0.81,0.603,569.94425,571.499,569.426,0,0.001,0.628,-0.6489,571.3275,607.6125,613.66,579.794,0,0.104,0.3,4,569.94425,0.703,0.873,0,0.0,0.0,0.0,596.9715,7.033,0,0,-1,0.8,-0.825,-0.1376,0.825,0.011,0,0.665,2,0.902,570.4625,567.0075,0.784,0.115,0.0,2,0.25,0,0.665,0.351,0.784,0.448,0.371,1,569.94425,8,0.741,0.0,0.397,0.247,0.238,0.709,0.988,463.17683,604.23254,603.96438,-5.0105,-12.3381,-2,463.17683,0.857,590.61303,0.307,0.0,0.0,0,0.347,1,0,6285,0.742,0.547,0.382,62.0,62.4,0.1613,384.4,0.0,1,1,0.864,367.18,1,1,0.823,374.21,-1,50.437,0.304,0.696,28.1,0.0,0.0,0.35,0.0,0.5,0.0,1.0,0.299,0.5,0.563,0.0,0.261,0.0,0,0,0.394,0.661,0.0,0.305,0.0,0.226,0.186,0.0,0.484,0.37,0.0,1.0,0.883
17380,2024.10.24 16:00:40,LMTm,SWEEP_REVERSAL,BUY,4,567.6,564.0,570.49,0.8,0.145,569.87,571.06,568.34,0,0.748,0.008,-0.8034,571.24875,607.6125,613.66,579.794,0,0.113,0.4,0,569.87,0.763,0.4,0,0.0,0.0,0.0,596.9715,8.282,0,0,-1,1.0,-1.0,-0.1707,1.0,0.034,0,0.706,2,0.38,570.38,566.81,0.945,0.047,0.0,2,0.15,0,0.706,0.42,0.945,0.445,0.349,0,569.87,8,0.753,0.0,0.35,0.3,0.053,0.787,0.977,463.77721,603.90175,603.96438,1.1394,6.1499,2,461.02707,0.85,590.28379,0.309,0.0,0.0,0,0.36,1,0,6286,0.742,0.547,0.382,62.0,62.1,0.1724,359.7,0.0,1,1,0.864,367.18,1,1,0.823,374.21,-1,53.762,0.302,0.698,122.9,0.0,0.0,0.2,0.0,0.5,0.0,1.0,0.277,0.5,0.525,0.0,0.249,0.0,0,0,0.391,0.346,0.0,0.238,0.0,0.422,0.168,0.0,0.481,0.37,0.0,1.0,0.706
17382,2024.10.24 17:58:00,LMTm,MEAN_REVERSION,BUY,3,565.93,563.35,568.73,1.09,0.564,570.10825,571.1985,567.772,0,0.428,0.249,-1.4485,571.22375,607.6125,613.66,577.375,0,0.131,0.55,0,570.10825,0.773,0.221,0,0.0,0.0,0.0,596.9715,9.343,0,0,-1,1.0,-1.0,-0.2151,1.0,0.106,2,0.62,3,0.466,568.23925,565.903,0.869,0.144,0.0,2,0.15,0,0.62,0.629,1.448,0.434,0.351,1,568.23925,2,0.55,0.0,0.328,0.3,0.053,0.694,0.844,463.77721,603.90175,603.96438,1.1394,6.1499,2,461.02707,0.85,590.28379,0.309,0.0,0.0,0,0.36,1,0,6287,0.742,0.547,0.382,49.0,48.5,0.152,322.3,0.0,1,1,0.864,367.18,1,1,0.823,374.21,-1,59.488,0.302,0.698,122.9,0.0,0.0,0.09,0.0,0.5,0.0,0.901,0.151,0.5,0.546,0.0,0.258,0.0,0,0,0.476,0.401,0.0,0.475,0.0,0.423,0.142,0.0,0.482,0.37,0.0,1.0,0.764
17384,2024.10.24 18:55:40,LMTm,SWEEP_REVERSAL,BUY,3,564.5,561.34,567.33,0.89,0.142,566.817,569.316,565.788,0,0.511,0.046,-0.8938,571.15375,607.6025,613.66,577.315,0,0.138,0.6,0,566.817,0.732,0.48,0,0.0,0.0,567.22125,596.9715,10.045,0,0,-1,1.0,-1.0,-0.1944,1.0,0.085,2,0.603,3,0.389,566.964,565.788,0.94,0.568,0.0,2,0.15,0,0.603,0.411,0.94,0.437,0.334,0,566.817,8,0.746,0.0,0.334,0.3,0.053,0.872,0.888,463.77721,603.90175,603.96438,1.1394,6.1499,2,461.02707,0.85,590.28379,0.309,0.0,0.0,0,0.36,1,0,6288,0.742,0.547,0.382,51.0,49.8,0.1612,316.3,0.0,1,1,0.864,367.18,1,1,0.823,374.21,-1,60.164,0.302,0.698,122.9,0.0,0.0,0.0,0.0,0.5,0.0,0.501,0.278,0.5,0.542,0.0,0.509,0.0,0,0,0.5,0.376,0.0,0.238,0.0,0.451,0.142,0.0,0.491,0.385,0.0,1.0,0.708
17386,2024.10.25 13:40:00,LMTm,MEAN_REVERSION,BUY,4,566.13,565.19,567.82,1.8,0.554,566.879,567.878,564.548,1,0.326,0.12,-0.5656,569.72375,607.41,613.66,576.16,0,0.141,0.75,0,564.215,0.718,0.432,0,0.0,0.0,0.0,565.134,0.019,0,0,-1,1.0,-1.0,-0.2564,1.0,0.494,2,0.607,3,0.642,564.215,565.658,0.326,0.157,0.0,2,0.15,0,0.607,0.213,0.566,0.376,0.336,0,564.215,8,0.744,0.347,0.212,0.3,0.053,0.811,0.802,462.59312,604.23254,603.96438,-5.0374,-6.1768,-2,462.59312,0.873,590.93313,0.306,0.0,0.0,0,0.349,1,0,6290,0.745,0.546,0.383,94.0,47.9,0.3148,298.6,0.0,1,1,0.864,367.18,1,1,0.823,374.21,-1,64.264,0.306,0.694,28.1,0.0,0.0,0.0,0.0,0.5,0.0,0.725,0.458,0.5,0.64,0.0,0.552,0.0,0,0,0.438,0.626,0.0,0.618,0.0,0.361,0.305,0.0,0.488,0.385,0.0,1.0,0.696
17388,2024.10.25 13:42:40,LMTm,SWEEP_REVERSAL,BUY,4,565.35,562.36,567.81,0.82,0.145,566.879,567.878,564.548,0,0.326,0.12,-0.8234,569.72375,607.41,613.66,576.16,0,0.144,0.75,0,564.215,0.718,0.432,0,0.0,0.0,0.0,565.134,0.019,0,0,-1,1.0,-1.0,-0.2564,1.0,0.371,2,0.607,3,0.642,564.215,565.658,0.069,0.415,0.0,2,0.15,0,0.607,0.325,0.823,0.394,0.349,0,566.879,1,0.7,0.863,0.249,0.3,0.053,0.811,0.802,462.59312,604.23254,603.96438,-5.0374,-6.1768,-2,462.59312,0.873,590.93313,0.306,0.0,0.0,0,0.349,1,0,6290,0.745,0.546,0.383,93.0,54.9,0.3114,298.6,0.0,1,1,0.864,367.18,1,1,0.823,374.21,-1,64.003,0.306,0.694,28.1,0.0,0.0,0.12,0.0,0.5,0.0,0.798,0.48,0.5,0.659,0.0,0.547,0.0,0,0,0.428,0.578,0.0,0.523,0.0,0.406,0.323,0.0,0.485,0.385,0.0,1.0,0.771
17389,2024.10.25 13:42:59,LMTm,NAKED_POC,BUY,4,565.53,564.1,570.01,3.13,0.688,566.879,567.878,564.548,1,0.326,0.12,-0.7631,569.72375,607.41,613.66,576.16,0,0.143,0.75,0,564.215,0.718,0.432,0,0.0,0.0,0.0,565.134,0.019,0,0,-1,1.0,-1.0,-0.2564,1.0,0.44,2,0.607,3,0.642,564.215,565.658,0.129,0.354,0.0,2,0.15,0,0.607,0.293,0.763,0.384,0.345,0,566.879,1,0.7,0.742,0.228,0.3,0.053,0.811,0.802,462.59312,604.23254,603.96438,-5.0374,-6.1768,-2,462.59312,0.873,590.93313,0.306,0.0,0.0,0,0.349,1,0,6290,0.745,0.546,0.383,93.0,55.4,0.3114,298.6,0.0,1,1,0.864,367.18,1,1,0.823,374.21,-1,64.063,0.306,0.694,28.1,0.0,0.0,0.13,0.0,0.5,0.0,0.798,0.465,0.5,0.659,0.0,0.506,0.0,0,0,0.421,0.614,0.0,0.523,0.0,0.361,0.35,0.0,0.485,0.385,0.0,1.0,0.696
17392,2024.10.25 15:40:00,LMTm,MEAN_REVERSION,BUY,4,560.42,558.32,564.69,2.03,0.64,564.06625,565.5815,562.551,0,0.545,0.335,-1.6257,570.503,607.2025,613.66,574.915,0,0.181,0.55,0,564.06625,0.765,0.672,0,0.0,0.0,562.448,596.9715,13.189,0,0,-1,1.0,-0.825,-0.3033,0.825,0.27,0,0.739,0,0.523,564.204,563.23975,1.678,1.311,0.0,2,0.25,0,0.739,0.687,1.678,0.409,0.397,1,564.06625,8,0.753,0.0,0.319,0.247,0.192,0.832,0.808,462.59312,604.23254,603.96438,-5.0374,-6.1768,-2,462.59312,0.873,590.93313,0.306,0.0,0.0,0,0.349,1,0,6292,0.745,0.546,0.383,62.0,61.4,0.2363,262.4,0.0,1,1,0.864,367.18,1,1,0.823,374.21,-1,70.956,0.306,0.694,28.1,0.0,0.0,0.04,0.0,0.5,0.0,0.724,0.3,0.5,0.481,0.0,0.313,0.0,0,0,0.39,0.58,0.0,0.34,0.0,0.461,0.132,0.0,0.509,0.385,0.0,1.0,0.708
17394,2024.10.25 15:42:40,LMTm,SWEEP_REVERSAL,BUY,4,559.93,557.31,564.68,1.81,0.224,564.06625,565.5815,562.551,0,0.545,0.335,-1.8086,570.503,607.2025,613.66,574.915,0,0.182,0.55,0,564.06625,0.765,0.672,0,0.0,0.0,562.448,596.9715,13.189,0,0,-1,1.0,-0.825,-0.3033,0.825,0.27,0,0.739,0,0.523,564.204,563.23975,1.861,1.494,0.0,2,0.25,0,0.739,0.762,1.861,0.409,0.406,1,564.06625,8,0.753,0.0,0.319,0.247,0.192,0.832,0.808,462.59312,604.23254,603.96438,-5.0374,-6.1768,-2,462.59312,0.873,590.93313,0.306,0.0,0.0,0,0.349,1,0,6292,0.745,0.546,0.383,61.0,61.4,0.2324,262.4,0.0,1,1,0.864,367.18,1,1,0.823,374.21,-1,70.77,0.306,0.694,28.1,0.0,0.0,0.44,0.0,0.5,0.0,0.724,0.338,0.5,0.481,0.0,0.313,0.0,0,0,0.367,0.58,0.0,0.097,0.0,0.461,0.132,0.0,0.509,0.385,0.0,1.0,0.708
17396,2024.10.25 17:40:00,LMTm,MEAN_REVERSION,BUY,3,561.4,560.45,564.91,3.7,0.481,564.35575,564.859,560.162,1,0.001,0.128,-1.3506,571.29925,606.805,613.66,575.272,0,0.177,0.7,2,564.35575,0.753,0.0,2,0.0,0.0,560.32,596.9715,14.505,0,0,-1,1.0,-1.0,-0.3706,1.0,0.367,2,0.453,3,0.577,559.491,561.67175,0.524,0.317,0.0,2,0.15,0,0.453,0.533,1.351,0.395,0.301,0,559.491,2,0.55,0.0,0.25,0.3,0.053,0.606,0.783,464.395,603.90175,604.82975,16.8617,21.8991,2,461.605,0.869,589.945,0.311,0.0,0.0,0,0.284,1,0,6294,0.745,0.546,0.383,55.0,53.1,0.2119,259.6,0.0,1,1,0.864,367.18,1,1,0.823,374.21,-1,72.115,0.302,0.698,8.3,0.0,0.0,0.16,0.0,0.5,0.0,0.534,0.446,0.5,0.483,0.0,0.326,0.0,0,0,0.308,0.638,0.0,0.333,0.0,0.502,0.563,0.0,0.513,0.385,0.0,1.0,0.693
17398,2024.10.25 17:44:40,LMTm,SWEEP_REVERSAL,BUY,3,560.7,559.62,564.92,3.92,0.135,564.35575,564.859,560.162,0,0.001,0.128,-1.6241,571.29925,606.805,613.66,575.272,0,0.18,0.7,2,564.35575,0.753,0.0,2,0.0,0.0,560.32,596.9715,14.505,0,0,-1,1.0,-1.0,-0.3706,1.0,0.585,2,0.453,3,0.577,559.491,558.98775,0.25,0.444,0.0,2,0.15,0,0.453,0.588,1.624,0.362,0.307,0,564.35575,8,0.751,0.5,0.184,0.3,0.053,0.606,0.848,464.395,603.90175,604.82975,16.8617,21.8991,2,461.605,0.869,589.945,0.311,0.0,0.0,0,0.284,1,0,6294,0.745,0.546,0.383,56.0,53.9,0.2157,259.6,0.0,1,1,0.864,367.18,1,1,0.823,374.21,-1,71.845,0.302,0.698,8.3,0.0,0.0,0.02,0.0,0.5,0.0,0.534,0.395,0.5,0.542,0.0,0.422,0.0,0,0,0.395,0.56,0.0,0.475,0.0,0.565,0.217,0.0,0.513,0.385,0.0,1.0,0.768
17400,2024.10.28 13:40:20,LMTm,SWEEP_REVERSAL,BUY,4,556.56,553.92,562.31,2.18,0.292,561.21025,561.3845,559.2935,0,1.782,0.198,-2.1775,570.51,606.8,613.66,572.5,0,0.194,0.3,2,561.21025,0.669,0.637,0,0.0,0.0,560.823,596.9715,15.72,0,0,-1,0.8,-0.825,-0.2703,0.825,0.01,2,0.561,0,0.779,560.6875,557.2025,1.98,0.66,0.0,2,0.4,0,0.561,0.977,2.178,0.448,0.392,1,561.21025,8,0.734,0.0,0.457,0.247,0.296,0.802,1.0,463.17683,604.07,604.2025,2.445,-14.4167,1,463.17683,0.853,590.61303,0.308,0.0,0.0,0,0.27,1,0,6297,0.745,0.546,0.383,110.0,51.8,0.4166,264.1,0.0,1,1,0.864,367.18,1,1,0.823,374.21,-1,69.053,0.804,0.196,57.7,1.0,0.0,0.0,0.0,0.5,0.0,0.797,0.523,0.5,0.643,0.0,0.361,0.0,0,0,0.351,0.174,0.0,0.349,0.0,0.323,0.139,0.0,0.508,0.385,0.0,1.0,0.708
17401,2024.10.28 13:40:20,LMTm,MEAN_REVERSION,BUY,4,556.56,554.45,562.31,2.72,0.568,561.21025,561.3845,559.2935,0,1.782,0.198,-2.1775,570.51,606.8,613.66,572.5,0,0.194,0.3,2,561.21025,0.669,0.637,0,0.0,0.0,560.823,596.9715,15.72,0,0,-1,0.8,-0.825,-0.2703,0.825,0.01,2,0.561,0,0.779,560.6875,557.2025,1.98,0.66,0.0,2,0.4,0,0.561,0.977,2.178,0.448,0.392,1,561.21025,8,0.734,0.0,0.457,0.247,0.296,0.802,1.0,463.17683,604.07,604.2025,2.445,-14.4167,1,463.17683,0.853,590.61303,0.308,0.0,0.0,0,0.27,1,0,6297,0.745,0.546,0.383,110.0,52.4,0.4166,264.1,0.0,1,1,0.864,367.18,1,1,0.823,374.21,-1,69.053,0.804,0.196,57.7,1.0,0.0,0.0,0.0,0.5,0.0,0.797,0.523,0.5,0.643,0.0,0.361,0.0,0,0,0.351,0.174,0.0,0.349,0.0,0.323,0.139,0.0,0.508,0.385,0.0,1.0,0.708
17404,2024.10.28 15:46:40,LMTm,MEAN_REVERSION,BUY,4,553.93,551.89,555.68,0.86,0.52,560.87425,562.43,556.207,0,0.434,0.089,-2.9557,571.09,606.145,613.66,571.576,0,0.207,0.7,2,560.87425,0.708,0.289,0,0.0,0.0,554.02125,596.9715,16.884,0,0,-1,1.0,-1.0,-0.1626,1.0,0.104,2,0.471,3,0.906,555.09575,553.76225,0.686,0.162,0.0,2,0.15,0,0.471,1.284,2.956,0.434,0.406,1,555.09575,2,0.55,0.0,0.329,0.3,0.053,0.382,0.908,463.17683,604.07,604.2025,2.445,-14.4167,1,463.17683,0.853,590.61303,0.308,0.0,0.0,0,0.27,1,0,6299,0.745,0.546,0.383,58.0,59.6,0.2278,254.6,0.0,1,1,0.864,367.18,1,1,0.823,374.21,-1,70.597,0.804,0.196,57.7,1.0,0.0,0.95,0.0,0.5,0.0,1.0,0.42,0.5,0.537,0.0,0.301,0.0,0,0,0.329,0.396,0.0,0.333,0.0,0.812,0.147,0.0,0.527,0.37,0.0,1.0,0.785
17406,2024.10.28 15:51:40,LMTm,SWEEP_REVERSAL,BUY,4,555.06,552.51,561.46,2.52,0.154,560.87425,562.43,556.207,0,0.434,0.089,-2.5157,571.09,606.145,613.66,571.576,0,0.203,0.7,2,560.87425,0.708,0.289,0,0.0,0.0,554.02125,596.9715,16.884,0,0,-1,1.0,-1.0,-0.1626,1.0,0.154,2,0.471,3,0.906,555.09575,554.65125,0.246,0.071,0.0,2,0.15,0,0.471,1.074,2.516,0.427,0.382,1,560.87425,8,0.742,0.508,0.314,0.3,0.053,0.382,0.846,463.17683,604.07,604.2025,2.445,-14.4167,1,463.17683,0.853,590.61303,0.308,0.0,0.0,0,0.27,1,0,6299,0.745,0.546,0.383,59.0,59.1,0.2318,254.6,0.0,1,1,0.864,367.18,1,1,0.823,374.21,-1,71.041,0.804,0.196,57.7,1.0,0.0,0.71,0.0,0.5,0.0,1.0,0.545,0.5,0.46,0.0,0.227,0.0,0,0,0.256,0.487,0.0,0.19,0.0,0.833,0.563,0.0,0.518,0.37,0.0,1.0,0.785
17408,2024.10.28 19:00:00,LMTm,ANCHORED_PULLBACK,BUY,3,556.31,555.49,557.33,1.25,0.213,554.2465,555.306,554.002,0,0.414,0.183,0.5465,570.777,609.13675,613.66,568.4275,0,0.218,0.4,0,554.5725,0.753,0.748,0,0.0,0.0,554.036,596.9715,16.832,0,0,-1,1.0,-0.825,-0.344,0.825,0.435,2,0.618,0,0.482,554.328,555.958,0.513,0.15,-0.1444,1,0.4,0,0.618,0.21,0.546,0.385,0.298,0,554.5725,8,0.751,0.0,0.63,0.247,0.236,0.95,0.949,465.03096,603.7275,603.85962,2.366,-0.079,1,462.19993,0.86,592.42728,0.304,0.0,0.0,0,0.281,1,0,6303,0.752,0.542,0.383,72.0,55.4,0.2929,245.9,0.0,1,1,0.864,367.18,1,1,0.823,374.21,-1,74.067,0.315,0.685,58.7,0.79,0.0,0.23,0.0,0.5,0.0,0.39,0.619,0.5,0.502,0.0,0.379,0.0,0,0,0.373,0.481,0.0,0.337,0.0,0.169,0.35,0.0,0.53,0.407,0.0,1.0,0.716
17410,2024.10.29 13:41:00,LMTm,SWEEP_REVERSAL,BUY,4,549.78,547.27,555.52,2.29,0.191,554.421,555.416,553.824,0,2.141,0.238,-2.2879,555.09325,609.13675,613.66,568.4275,0,0.241,0.2,4,554.421,0.715,0.742,0,0.0,0.0,554.54875,596.9715,19.257,0,0,-1,0.8,-1.0,-0.3718,1.0,0.006,0,0.685,0,0.1,554.62,551.038,2.367,0.94,0.0,2,0.15,0,0.685,1.063,2.367,0.449,0.363,1,554.421,8,0.743,0.0,0.358,0.3,0.223,0.623,1.0,465.03096,603.7275,604.72113,17.7978,15.4318,2,462.19993,0.86,592.42728,0.304,0.0,0.0,0,0.278,1,0,6304,0.752,0.542,0.383,110.0,59.6,0.4384,250.9,0.0,1,1,0.864,367.18,1,1,0.823,374.21,-1,69.968,0.3,0.7,7.8,0.0,0.0,0.02,0.0,0.5,0.0,0.839,0.404,0.5,0.836,0.0,0.493,0.0,0,0,0.506,0.224,0.0,0.155,0.0,0.352,0.175,0.0,0.548,0.407,0.0,1.0,0.744
17411,2024.10.29 13:41:20,LMTm,MEAN_REVERSION,BUY,4,550.04,548.03,555.52,2.73,0.591,554.421,555.416,553.824,0,2.141,0.238,-2.1843,555.09325,609.13675,613.66,568.4275,0,0.24,0.2,4,554.421,0.715,0.742,0,0.0,0.0,554.54875,596.9715,19.257,0,0,-1,0.8,-1.0,-0.3718,1.0,0.006,0,0.685,0,0.1,554.62,551.038,2.264,0.836,0.0,2,0.15,0,0.685,1.017,2.264,0.449,0.358,1,554.421,8,0.743,0.0,0.358,0.3,0.223,0.623,1.0,465.03096,603.7275,604.72113,17.7978,15.4318,2,462.19993,0.86,592.42728,0.304,0.0,0.0,0,0.278,1,0,6304,0.752,0.542,0.383,110.0,60.1,0.4384,250.9,0.0,1,1,0.864,367.18,1,1,0.823,374.21,-1,70.072,0.3,0.7,7.8,0.0,0.0,0.03,0.0,0.5,0.0,0.839,0.419,0.5,0.836,0.0,0.493,0.0,0,0,0.497,0.224,0.0,0.155,0.0,0.352,0.175,0.0,0.548,0.407,0.0,1.0,0.744
17414,2024.10.29 15:55:40,LMTm,MEAN_REVERSION,BUY,4,548.19,546.23,549.8,0.82,0.531,554.34875,556.61,549.0725,0,0.074,0.894,-2.7089,554.66875,608.6275,613.66,566.69,0,0.249,0.75,0,549.32375,0.738,0.0,2,0.0,0.0,0.0,596.9715,19.721,0,0,-1,1.0,-1.0,-0.4653,1.0,0.159,2,0.45,3,1.0,549.0725,552.0875,0.556,1.786,0.0,2,0.0,0,0.45,1.154,2.709,0.426,0.471,1,549.32375,8,0.748,0.0,0.252,0.3,0.0,0.793,1.0,465.03096,603.7275,604.72113,17.7978,15.4318,2,462.19993,0.86,592.42728,0.304,0.0,0.0,0,0.278,1,0,6306,0.752,0.542,0.383,48.0,50.4,0.1959,245.1,0.0,1,1,0.864,367.18,1,1,0.823,374.21,-1,70.992,0.3,0.7,7.8,0.0,0.0,0.95,0.0,0.5,0.0,1.0,0.359,0.5,0.56,0.0,0.303,0.0,0,0,0.374,0.588,0.0,0.143,0.0,0.439,0.157,0.0,0.531,0.423,0.0,1.0,0.849
17416,2024.10.29 16:43:40,LMTm,SWEEP_REVERSAL,BUY,4,546.86,544.55,549.26,1.04,0.118,548.82125,554.6,546.56,0,0.319,1.405,-1.0376,554.529,608.6275,613.66,566.69,0,0.269,0.8,0,548.82125,0.745,0.483,0,0.0,0.0,0.0,596.9715,21.342,0,0,-1,1.0,-1.0,-0.5058,1.0,0.066,2,0.441,3,1.0,548.82125,552.0875,1.038,2.449,0.0,2,0.0,0,0.441,1.078,2.449,0.44,0.47,1,548.82125,8,0.749,0.0,0.28,0.3,0.0,0.875,1.0,465.03096,603.7275,604.43375,12.639,-5.1588,1,462.19993,0.859,592.42728,0.304,0.0,0.0,0,0.284,1,0,6307,0.752,0.542,0.383,44.0,45.2,0.1901,231.4,0.0,1,1,0.864,367.18,1,1,0.823,374.21,-1,74.602,0.504,0.496,11.0,1.0,0.0,0.83,0.0,0.5,0.0,0.721,0.222,0.5,0.557,0.0,0.386,0.0,0,0,0.488,0.515,0.0,0.143,0.0,0.569,0.205,0.0,0.54,0.423,0.0,1.0,0.849
17418,2024.10.29 17:56:00,LMTm,MEAN_REVERSION,BUY,3,547.34,545.48,548.96,0.87,0.641,548.5305,549.703,547.358,0,0.074,1.287,-0.6985,555.31875,608.617,613.66,566.592,0,0.266,0.25,4,548.5305,0.752,0.417,0,0.0,0.0,548.27,596.9715,21.156,0,0,-1,0.8,-1.0,-0.4598,1.0,0.339,0,0.716,1,0.771,548.765,552.2825,0.8,2.316,0.0,2,0.0,0,0.716,0.924,2.316,0.399,0.483,1,548.5305,8,0.75,0.0,0.198,0.3,0.15,0.798,1.0,465.03096,603.7275,604.43375,12.639,-5.1588,1,462.19993,0.859,592.42728,0.304,0.0,0.0,0,0.284,1,0,6308,0.752,0.542,0.383,43.0,44.4,0.1853,232.0,0.0,1,1,0.864,367.18,1,1,0.823,374.21,-1,74.625,0.504,0.496,11.0,1.0,0.0,0.82,0.0,0.5,0.0,0.757,0.487,0.5,0.561,0.0,0.582,0.0,0,0,0.409,0.769,0.0,0.297,0.0,0.477,0.216,0.0,0.572,0.423,0.0,1.0,0.891
17420,2024.10.29 19:00:40,LMTm,SWEEP_REVERSAL,BUY,3,546.72,544.48,548.58,0.83,0.149,546.8635,548.165,546.384,0,0.194,0.051,-0.2473,547.715,608.59375,613.66,562.9975,0,0.278,0.65,0,546.8635,0.75,0.539,0,0.0,0.0,0.0,596.9715,22.585,0,0,-1,1.0,-1.0,-0.4601,1.0,0.203,2,0.618,3,0.43,546.932,546.3155,0.278,0.002,0.0,2,0.15,0,0.618,0.629,1.5,0.42,0.363,1,548.165,4,0.6,0.444,0.299,0.3,0.053,0.828,0.813,465.03096,603.7275,604.43375,12.639,-5.1588,1,462.19993,0.859,592.42728,0.304,0.0,0.0,0,0.284,1,0,6310,0.765,0.537,0.388,41.0,42.6,0.1832,223.8,0.0,1,1,0.864,367.18,1,1,0.823,374.21,-1,77.087,0.504,0.496,11.0,1.0,0.0,0.89,0.0,0.5,0.0,1.0,0.23,0.5,0.569,0.0,0.483,0.0,0,0,0.526,0.484,0.0,0.38,0.0,0.375,0.322,0.0,0.55,0.423,0.0,1.0,0.774
17422,2024.10.30 13:40:20,LMTm,SWEEP_REVERSAL,BUY,4,543.88,541.7,547.59,1.7,0.184,546.90575,548.4155,546.2195,0,1.572,0.189,-1.6977,555.3485,608.5075,613.66,562.135,0,0.299,0.4,0,546.90575,0.689,0.536,0,0.0,0.0,545.18125,546.86075,1.677,0,0,-1,1.0,-1.0,-0.4863,1.0,0.01,2,0.622,0,0.633,546.7685,544.16075,1.635,0.44,0.0,2,0.15,0,0.622,0.761,1.698,0.448,0.375,1,546.90575,8,0.738,0.0,0.357,0.3,0.179,0.594,1.0,464.82145,603.90175,603.97175,1.2654,-11.3736,1,462.03942,0.862,590.01275,0.313,0.0,0.0,0,0.267,1,0,6311,0.765,0.537,0.388,68.0,40.2,0.3115,218.3,0.0,1,1,0.864,367.18,1,1,0.823,374.21,-1,77.728,0.799,0.201,109.9,1.0,0.0,0.0,0.0,0.5,0.0,0.448,0.32,0.5,0.664,0.0,0.457,0.0,0,0,0.49,0.194,0.0,0.095,0.0,0.335,0.142,0.0,0.549,0.44,0.0,1.0,0.711
17423,2024.10.30 13:40:40,LMTm,MEAN_REVERSION,BUY,4,543.69,541.94,547.59,2.23,0.573,546.90575,548.4155,546.2195,0,1.572,0.189,-1.7847,555.3485,608.5075,613.66,562.135,0,0.3,0.4,0,546.90575,0.689,0.536,0,0.0,0.0,545.18125,546.86075,1.677,0,0,-1,1.0,-1.0,-0.4863,1.0,0.01,2,0.622,0,0.633,546.7685,544.16075,1.722,0.527,0.0,2,0.15,0,0.622,0.8,1.785,0.448,0.38,1,546.90575,8,0.738,0.0,0.357,0.3,0.179,0.594,1.0,464.82145,603.90175,603.97175,1.2654,-11.3736,1,462.03942,0.862,590.01275,0.313,0.0,0.0,0,0.267,1,0,6311,0.765,0.537,0.388,68.0,40.4,0.3115,218.3,0.0,1,1,0.864,367.18,1,1,0.823,374.21,-1,77.641,0.799,0.201,109.9,1.0,0.0,0.0,0.0,0.5,0.0,0.448,0.312,0.5,0.664,0.0,0.457,0.0,0,0,0.495,0.194,0.0,0.095,0.0,0.335,0.142,0.0,0.561,0.44,0.0,1.0,0.711
17425,2024.10.30 13:43:20,LMTm,NAKED_POC,BUY,4,544.86,543.83,546.91,1.99,0.5,546.90575,548.4155,546.2195,0,1.572,0.189,-1.2533,555.3485,608.5075,613.66,562.135,0,0.295,0.4,0,546.90575,0.689,0.536,0,0.0,0.0,545.18125,546.86075,1.677,0,0,-1,1.0,-1.0,-0.4863,1.0,0.0,2,0.622,0,0.633,546.7685,544.16075,1.19,0.004,0.0,2,0.15,0,0.622,0.564,1.253,0.45,0.352,1,546.90575,8,0.738,0.0,0.36,0.3,0.179,0.594,1.0,464.82145,603.90175,603.97175,1.2654,-11.3736,1,462.03942,0.862,590.01275,0.313,0.0,0.0,0,0.267,1,0,6311,0.765,0.537,0.388,69.0,45.2,0.3161,218.3,0.0,1,1,0.864,367.18,1,1,0.823,374.21,-1,78.177,0.799,0.201,109.9,1.0,0.0,0.08,0.0,0.5,0.0,0.448,0.429,0.5,0.664,0.0,0.457,0.0,0,0,0.425,0.257,0.0,0.333,0.0,0.281,0.142,0.0,0.549,0.44,0.0,1.0,0.711
17428,2024.10.30 15:40:40,LMTm,MEAN_REVERSION,BUY,4,545.23,544.43,546.01,0.98,0.536,547.04975,548.42,544.1135,1,1.443,0.34,-1.1032,547.4485,608.17975,613.66,562.511,0,0.298,0.55,2,545.09225,0.679,0.351,0,0.0,0.0,540.8775,546.86075,2.09,0,0,-1,1.0,-1.0,-0.4603,1.0,0.118,2,0.541,3,0.617,545.48375,544.30925,0.368,0.183,0.0,2,0.0,0,0.541,0.477,1.103,0.432,0.366,1,545.48375,2,0.55,0.264,0.265,0.3,0.0,0.786,0.862,464.82145,603.90175,603.97175,1.2654,-11.3736,1,462.03942,0.862,590.01275,0.313,0.0,0.0,0,0.267,1,0,6313,0.765,0.537,0.388,53.0,54.3,0.2488,213.0,0.0,1,1,0.864,367.18,1,1,0.823,374.21,-1,80.291,0.799,0.201,109.9,1.0,0.0,0.99,0.0,0.5,0.0,1.0,0.677,0.5,0.499,0.0,0.254,0.0,0,0,0.358,0.411,0.0,0.618,0.0,0.763,0.35,0.0,0.545,0.44,0.0,1.0,0.636
17429,2024.10.30 15:43:20,LMTm,NAKED_POC,BUY,4,545.23,543.99,546.86,1.31,0.523,547.04975,548.42,544.1135,1,1.443,0.34,-1.1032,547.4485,608.17975,613.66,562.511,0,0.298,0.55,2,545.09225,0.679,0.351,0,0.0,0.0,540.8775,546.86075,2.09,0,0,-1,1.0,-1.0,-0.4603,1.0,0.118,2,0.541,3,0.617,545.48375,544.30925,0.368,0.183,0.0,2,0.0,0,0.541,0.477,1.103,0.432,0.366,1,545.48375,2,0.55,0.264,0.265,0.3,0.0,0.786,0.862,464.82145,603.90175,603.97175,1.2654,-11.3736,1,462.03942,0.862,590.01275,0.313,0.0,0.0,0,0.267,1,0,6313,0.765,0.537,0.388,53.0,54.0,0.2488,213.0,0.0,1,1,0.864,367.18,1,1,0.823,374.21,-1,80.291,0.799,0.201,109.9,1.0,0.0,0.94,0.0,0.5,0.0,1.0,0.718,0.5,0.499,0.0,0.254,0.0,0,0,0.382,0.411,0.0,0.618,0.0,0.763,0.35,0.0,0.545,0.44,0.0,1.0,0.636
0,2024.10.30 18:00:00,LMTm,ANCHORED_PULLBACK,BUY,3,546.84,546.61,547.7,3.8,0.805,543.229,545.868,540.59,0,0.29,0.788,1.3668,547.688,608.17975,613.66,558.8575,0,0.274,0.65,0,541.605,0.737,0.495,0,0.0,0.0,546.38825,596.9715,22.398,0,0,-1,1.0,-0.825,-0.1975,0.825,0.371,1,0.341,0,0.58,545.462,548.304,0.379,0.877,0.9282,0,0.25,2,1.0,1.135,2.085,0.544,0.53,2,545.462,2,0.55,0.241,0.289,0.947,0.204,0.904,0.691,462.53955,603.54691,603.61288,1.153,-0.1125,1,462.53955,0.841,592.07136,0.311,0.0,0.0,0,0.309,1,0,6316,0.765,0.537,0.388,52.0,52.4,0.2299,226.1,0.0,1,1,0.864,367.18,1,1,0.823,374.21,-1,76.337,0.353,0.647,122.3,1.0,0.0,0.54,0.0,0.5,0.0,0.453,0.161,0.5,0.542,0.0,0.482,0.0,0,0,0.559,0.592,0.0,0.325,0.0,1.0,0.35,0.0,0.477,0.44,0.0,1.0,0.869
17432,2024.10.31 13:40:20,LMTm,SWEEP_REVERSAL,BUY,4,542.15,539.91,545.67,1.57,0.225,544.44925,546.487,543.8935,0,1.242,0.248,-1.5736,546.596,611.83325,613.66,558.8575,0,0.317,0.35,0,544.44925,0.692,0.427,0,0.0,0.0,544.49125,596.9715,24.893,0,0,-1,0.8,-0.825,-0.1366,0.825,0.013,2,0.596,1,0.091,544.264,542.22625,1.491,0.58,0.0,2,0.4,0,0.596,0.705,1.574,0.448,0.281,0,544.44925,8,0.738,0.0,0.456,0.247,0.14,0.788,0.996,464.39,542.89094,603.61288,1237.2393,1236.0863,2,461.92273,0.867,590.22091,0.312,0.0,0.0,0,0.229,1,0,6318,0.765,0.537,0.388,122.0,45.4,0.5455,223.6,0.0,1,1,0.864,367.18,1,1,0.823,374.21,-1,75.093,0.3,0.7,0.1,0.0,0.0,0.0,0.0,0.5,0.0,1.0,0.476,0.5,0.556,0.0,0.394,0.0,0,0,0.339,0.222,0.0,0.246,0.0,0.323,0.137,0.0,0.555,0.44,0.0,1.0,0.711
17433,2024.10.31 13:40:20,LMTm,MEAN_REVERSION,BUY,4,542.15,540.36,545.67,1.97,0.548,544.44925,546.487,543.8935,0,1.242,0.248,-1.5736,546.596,611.83325,613.66,558.8575,0,0.317,0.35,0,544.44925,0.692,0.427,0,0.0,0.0,544.49125,596.9715,24.893,0,0,-1,0.8,-0.825,-0.1366,0.825,0.013,2,0.596,1,0.091,544.264,542.22625,1.491,0.58,0.0,2,0.4,0,0.596,0.705,1.574,0.448,0.281,0,544.44925,8,0.738,0.0,0.456,0.247,0.14,0.788,0.996,464.39,542.89094,603.61288,1237.2393,1236.0863,2,461.92273,0.867,590.22091,0.312,0.0,0.0,0,0.229,1,0,6318,0.765,0.537,0.388,122.0,46.2,0.5455,223.6,0.0,1,1,0.864,367.18,1,1,0.823,374.21,-1,75.093,0.3,0.7,0.1,0.0,0.0,0.0,0.0,0.5,0.0,1.0,0.476,0.5,0.556,0.0,0.394,0.0,0,0,0.339,0.222,0.0,0.246,0.0,0.323,0.137,0.0,0.555,0.44,0.0,1.0,0.711
17436,2024.10.31 18:00:00,LMTm,BREAKOUT_RETEST,BUY,3,545.53,544.77,547.1,2.08,0.419,544.70425,545.7025,543.8875,1,0.061,0.443,0.1332,544.5605,545.51525,580.5085,539.99,1,0.002,0.5,0,544.70425,0.709,0.501,0,0.0,0.0,0.0,596.9715,20.608,0,0,0,0.17,0.4053,0.015,0.405,0.586,0,0.775,0,0.873,544.70425,546.33775,0.133,0.515,0.0635,0,0.3,2,0.557,0.264,0.515,0.512,0.348,0,543.8875,5,0.6,0.734,0.244,0.822,0.28,0.915,0.966,462.86338,543.68776,603.53037,1269.7736,32.5343,2,462.86338,0.883,591.09987,0.305,0.0,0.0,0,0.344,1,0,6323,0.775,0.532,0.39,49.0,49.0,0.1944,252.0,0.0,1,1,0.864,367.18,1,1,0.823,374.21,-1,67.984,0.304,0.696,0.1,0.0,0.0,0.69,0.0,0.5,0.0,0.352,0.424,0.5,0.567,0.0,0.376,0.0,0,0,0.366,0.877,0.0,0.712,0.0,0.426,0.487,0.0,0.46,0.44,0.0,1.0,0.838
17438,2024.10.31 18:05:40,LMTm,MEAN_REVERSION,BUY,3,544.46,542.44,546.2,0.86,0.731,544.70425,545.7025,543.8875,1,0.061,0.443,-0.2953,544.5605,545.51525,580.5085,539.99,1,0.006,0.5,0,544.70425,0.709,0.501,0,0.0,0.0,0.0,596.9715,20.608,0,0,0,0.17,0.4053,0.015,0.405,0.402,0,0.834,0,0.873,544.70425,543.1615,0.295,0.317,0.0,2,0.0,0,0.834,0.123,0.317,0.39,0.446,1,545.7025,4,0.6,0.409,0.179,0.122,0.175,0.915,0.875,462.86338,543.68776,603.53037,1269.7736,32.5343,2,462.86338,0.883,591.09987,0.305,0.0,0.0,0,0.344,1,0,6323,0.775,0.532,0.39,50.0,49.0,0.1984,252.0,0.0,1,1,0.864,367.18,1,1,0.823,374.21,-1,67.56,0.304,0.696,0.1,0.0,0.0,0.0,0.0,0.5,0.0,0.371,0.303,0.5,0.569,0.0,0.364,0.0,0,0,0.434,0.805,0.0,0.581,0.0,0.347,0.417,0.0,0.521,0.44,0.0,1.0,0.877
17439,2024.10.31 18:27:40,LMTm,TREND_CONTINUATION,BUY,3,545.46,542.44,551.76,2.08,0.238,544.70425,545.7025,543.8875,1,0.061,0.443,0.1015,544.5605,545.51525,580.5085,539.99,1,0.002,0.5,0,544.70425,0.709,0.501,0,0.0,0.0,0.0,596.9715,20.608,0,0,0,0.17,0.4053,0.015,0.405,0.909,0,0.834,0,0.873,544.70425,546.33775,0.101,0.547,0.0,2,0.0,0,0.834,0.171,0.547,0.314,0.452,1,543.8875,5,0.6,0.797,0.027,0.122,0.175,0.915,0.966,462.86338,543.68776,603.53037,1269.7736,32.5343,2,462.86338,0.883,591.09987,0.305,0.0,0.0,0,0.344,1,0,6323,0.775,0.532,0.39,50.0,50.1,0.1984,252.0,0.0,1,1,0.864,367.18,1,1,0.823,374.21,-1,67.956,0.304,0.696,0.1,0.0,0.0,0.99,0.0,0.5,0.0,0.418,0.431,0.5,0.545,0.0,0.438,0.0,0,0,0.38,0.805,0.0,0.845,0.0,0.347,0.479,0.0,0.541,0.44,0.0,1.0,0.846
