ticket,timestamp,symbol,setupType,direction,session,entryPrice,SL,TP,RR,thesis,vpPOC,vpVAH,vpVAL,vpInsideVA,vpDistToHVN,vpDistToLVN,vpPriceVsPOC,vpDailyPOC,vpCompPOC,vpCompVAH,vpCompVAL,vpCompInsideVA,vpDistCompPOC,vpThinnessRatio,vpProfileShape,vpBestHVN,vpBestHVNScore,vpVAOverlapRatio,vpVAOverlapBias,vpRangePOC,vpBreakoutPOC,vpPullbackPOC,vpNearestNakedPOC,vpDistNakedPOC_ATR,vpUpthrust,vpSpring,vpCompPosition,vpMigrationConf,vpDevPOCDir,vpDevPOCSlope,vpMigrationScore,auctAcceptance,auctState,auctBalance,auctProfileShape,auctShapeConf,auctMajorHVN,auctMajorLVN,auctDistHVN,auctDistLVN,auctVAExpRate,auctVAState,auctFailure,auctRegime,auctRegimeConf,auctExpReward,auctExpMoveATR,auctTargetProb,auctTradeQuality,auctTradeGrade,auctTargetPrice,auctTargetType,auctTargetConf,auctProfitZone,auctExhaustion,auctContinuation,auctReversalRisk,auctHVNStrength,auctLVNStrength,vpLTPOC60d,vpLTPOC30d,vpLTPOC10d,vpLTPOCVelocity,vpLTPOCAcceleration,vpLTPOCMigration,vpLTMajorHVNPrice,vpLTMajorHVNStrength,vpLTMajorLVNPrice,vpLTMajorLVNStrength,vpLTNearestZonePrice,vpLTNearestZoneStrength,vpLTNearestZoneDir,vpLTAcceptanceAtPrice,vpLTValid,profilerArchetype,profilerSamples,profilerMigMean,profilerBalMean,profilerTQMean,spreadPoints,avgSpread,spreadToATR,atrProxy,dataQuality,bosConfirmed,bosBullish,bosScore,bosLevel,chochConfirmed,chochBullish,chochScore,chochLevel,trendDirection,structDistATR,ltTransitionScore,ltBalanceStability,ltTrendDuration,ltTrendExhaustion,structureBias,msSpreadScore,msTickVelocity,msTickImbalance,msLiqVacuum,msCompression,ofDeltaProxy,ofCvdProxy,ofAbsorption,ofExhaustion,ofParticipation,ofDivergence,ofBullDiv,ofBearDiv,ofFlowIntensity,liqDensity,liqSweep,liqStopCluster,liqEqualHL,liqSessionLiq,liqPremDisc,smOrderBlock,smFVG,smMitigation,smBreakerBlock,smRejectionBlock,smZoneQuality
0,2023.07.02 22:10:00,XPDUSDm,BREAKOUT,SELL,1,1216.2,1236.88,1181.73,1.67,0.381,1222.6575,1223.595,1218.595,0,0.196,0.076,-0.4684,1221.22975,1223.22,1249.4,1211.32,1,0.005,0.4,0,1222.6575,0.669,0.725,0,0.0,0.0,1220.98125,1294.54625,5.683,0,0,0,0.667,-0.8672,-0.0334,0.867,0.098,2,0.631,0,0.538,1219.22,1214.845,0.219,0.098,-0.045,2,0.15,0,0.631,0.204,0.468,0.435,0.323,0,1222.6575,8,0.734,0.562,0.331,0.26,0.16,0.772,0.971,1480.59731,1398.80025,1219.96237,-1093.1888,-17.5184,-2,1488.91962,0.655,1255.895,0.368,1255.895,0.368,1,0.0,1,0,12199,0.766,0.565,0.384,2993.0,2256.4,2.171,1378.6,0.0,1,0,0.535,2893.86,1,0,0.72,2893.86,0,121.689,0.176,0.824,0.2,0.0,0.5,0.0,0.0,0.5,0.0,1.0,0.573,0.5,0.585,0.0,0.388,0.0,0,0,0.374,0.64,0.0,1.0,0.368,0.269,0.267,0.0,0.469,0.474,0.0,1.0,0.918
0,2023.07.02 22:10:00,XPDUSDm,TREND_CONTINUATION,SELL,1,1216.2,1232.74,1181.73,2.08,0.422,1222.6575,1223.595,1218.595,0,0.196,0.076,-0.4684,1221.22975,1223.22,1249.4,1211.32,1,0.005,0.4,0,1222.6575,0.669,0.725,0,0.0,0.0,1220.98125,1294.54625,5.683,0,0,0,0.667,-0.8672,-0.0334,0.867,0.098,2,0.64,0,0.538,1219.22,1214.845,0.219,0.098,0.0,2,0.15,0,0.64,0.204,0.468,0.435,0.325,0,1222.6575,8,0.734,0.562,0.331,0.26,0.16,0.772,0.971,1480.59731,1398.80025,1219.96237,-1093.1888,-17.5184,-2,1488.91962,0.655,1255.895,0.368,1255.895,0.368,1,0.0,1,0,12199,0.766,0.565,0.384,2993.0,2263.9,2.171,1378.6,0.0,1,0,0.535,2893.86,1,0,0.72,2893.86,0,121.689,0.176,0.824,0.2,0.0,0.5,0.0,0.0,0.5,0.0,1.0,0.573,0.5,0.585,0.0,0.388,0.0,0,0,0.374,0.642,0.0,1.0,0.369,0.269,0.267,0.0,0.469,0.474,0.0,1.0,0.918
0,2023.07.02 22:10:20,XPDUSDm,ANCHORED_PULLBACK,SELL,1,1217.61,1220.6,1190.04,9.23,0.418,1222.6575,1223.595,1218.595,0,0.196,0.076,-0.3661,1221.22975,1223.22,1249.4,1211.32,1,0.004,0.4,0,1222.6575,0.669,0.725,0,0.0,0.0,1220.98125,1294.54625,5.683,0,0,0,0.667,-0.8672,-0.0334,0.867,0.19,2,0.64,0,0.538,1219.22,1214.845,0.117,0.201,0.0,2,0.15,0,0.64,0.154,0.366,0.422,0.319,0,1222.6575,8,0.734,0.766,0.303,0.26,0.16,0.772,0.971,1480.59731,1398.80025,1219.96237,-1093.1888,-17.5184,-2,1488.91962,0.655,1255.895,0.368,1255.895,0.368,1,0.0,1,0,12199,0.766,0.565,0.384,2993.0,2271.3,2.171,1378.6,0.0,1,0,0.535,2893.86,1,0,0.72,2893.86,0,121.587,0.176,0.824,0.2,0.0,0.5,0.02,0.0,0.5,0.0,1.0,0.603,0.5,0.585,0.0,0.388,0.0,0,0,0.393,0.798,0.0,1.0,0.406,0.296,0.282,0.0,0.469,0.474,0.0,1.0,0.918
0,2023.07.02 23:43:40,XPDUSDm,BREAKOUT_RETEST,SELL,1,1222.58,1226.69,1216.55,1.47,0.503,1222.882,1223.674,1218.922,1,0.058,0.328,-0.0221,1220.4495,1223.22,1249.4,1211.32,1,0.0,0.45,2,1222.882,0.724,0.855,0,0.0,0.0,0.0,1294.54625,5.445,0,0,0,0.8,-0.825,-0.0677,0.825,0.495,2,0.639,0,0.407,1222.882,1224.466,0.022,0.138,0.0,2,0.25,0,0.639,0.564,1.5,0.376,0.364,1,0.0,0,0.0,0.956,0.251,0.247,0.169,1.0,0.952,1480.59731,1398.80025,1219.96237,-1093.1888,-17.5184,-2,1488.91962,0.655,1255.895,0.368,1255.895,0.368,1,0.0,1,0,12200,0.773,0.565,0.377,3035.0,3053.3,2.2163,1369.4,0.0,1,0,0.535,2893.86,1,0,0.72,2893.86,0,122.042,0.176,0.824,0.2,0.0,0.5,0.75,0.0,0.5,0.0,0.8,0.526,0.5,0.719,0.0,0.241,0.0,0,0,0.328,0.8,0.0,1.0,0.315,0.143,0.492,0.0,0.474,0.474,0.0,1.0,0.763
0,2023.07.03 00:10:00,XPDUSDm,BREAKOUT,SELL,1,1219.83,1238.29,1189.07,1.67,0.312,1222.882,1223.674,1219.45,1,0.105,0.362,-0.2481,1220.4495,1222.689,1252.862,1215.726,1,0.002,0.4,2,1222.882,0.724,0.8,0,0.0,0.0,0.0,1222.882,0.233,0,0,0,0.8,-1.0,-0.1347,1.0,0.479,2,0.615,2,0.157,1219.186,1217.602,0.052,0.181,0.0,2,0.0,0,0.615,0.567,1.5,0.378,0.287,0,1223.674,4,0.6,0.895,0.156,0.3,0.0,0.379,0.935,1491.66755,1402.34375,1219.96237,-1119.1494,-25.9606,-2,1491.66755,0.647,1254.87434,0.374,1254.87434,0.374,1,0.018,1,0,12201,0.773,0.565,0.377,2744.0,3040.3,2.2302,1230.4,0.0,1,0,0.535,2893.86,1,0,0.72,2893.86,0,136.06,0.182,0.818,0.2,0.0,0.5,0.99,0.0,0.5,0.0,0.729,0.748,0.5,1.0,0.0,0.304,0.0,0,0,0.571,0.818,0.0,1.0,0.352,0.156,0.433,0.0,0.486,0.474,0.0,1.0,0.839
0,2023.07.03 00:10:00,XPDUSDm,TREND_CONTINUATION,SELL,1,1219.83,1234.59,1189.07,2.08,0.471,1222.882,1223.674,1219.45,1,0.105,0.362,-0.2481,1220.4495,1222.689,1252.862,1215.726,1,0.002,0.4,2,1222.882,0.724,0.8,0,0.0,0.0,0.0,1222.882,0.233,0,0,0,0.8,-1.0,-0.1347,1.0,0.479,2,0.615,2,0.157,1219.186,1217.602,0.052,0.181,0.0,2,0.0,0,0.615,0.567,1.5,0.378,0.287,0,1223.674,4,0.6,0.895,0.156,0.3,0.0,0.379,0.935,1491.66755,1402.34375,1219.96237,-1119.1494,-25.9606,-2,1491.66755,0.647,1254.87434,0.374,1254.87434,0.374,1,0.018,1,0,12201,0.773,0.565,0.377,2744.0,3035.8,2.2302,1230.4,0.0,1,0,0.535,2893.86,1,0,0.72,2893.86,0,136.06,0.182,0.818,0.2,0.0,0.5,0.98,0.0,0.5,0.0,0.729,0.748,0.5,1.0,0.0,0.304,0.0,0,0,0.571,0.818,0.0,1.0,0.352,0.156,0.433,0.0,0.486,0.474,0.0,1.0,0.839
0,2023.07.03 00:32:30,XPDUSDm,MEAN_REVERSION,SELL,1,1222.73,1232.57,1204.27,1.87,0.544,1222.882,1223.674,1219.45,1,0.105,0.362,-0.0124,1220.4495,1222.689,1252.862,1215.726,1,0.0,0.4,2,1222.882,0.724,0.8,0,0.0,0.0,0.0,1222.882,0.233,0,0,0,0.8,-1.0,-0.1347,1.0,1.0,2,0.615,2,0.157,1222.09,1224.466,0.052,0.141,0.0,2,0.0,0,0.615,0.45,1.5,0.3,0.294,0,0.0,0,0.0,0.896,0.0,0.3,0.0,0.548,0.952,1491.66755,1402.34375,1219.96237,-1119.1494,-25.9606,-2,1491.66755,0.647,1254.87434,0.374,1254.87434,0.374,1,0.018,1,0,12201,0.773,0.565,0.377,2584.0,2678.6,2.1002,1230.4,0.0,1,0,0.535,2893.86,1,0,0.72,2893.86,0,135.825,0.182,0.818,0.2,0.0,0.5,0.97,0.0,0.5,0.0,0.334,0.701,0.5,0.708,0.0,0.736,0.0,0,0,0.627,0.818,0.0,0.99,0.299,0.167,0.498,0.0,0.506,0.474,0.0,1.0,0.808
0,2023.07.03 02:14:40,XPDUSDm,SWEEP_REVERSAL,SELL,1,1228.27,1232.25,1220.66,1.91,0.178,1220.66125,1224.556,1217.632,0,0.579,0.362,0.6347,1220.4495,1221.2985,1249.463,1214.799,1,0.006,0.4,0,1231.04725,0.652,0.345,0,0.0,0.0,0.0,1294.54625,5.441,0,0,0,1.0,-0.825,-0.0534,0.825,0.136,0,0.756,1,0.165,1221.094,1226.71975,0.599,0.129,0.0,2,0.25,0,0.756,0.273,0.635,0.43,0.324,0,1220.66125,1,0.7,0.0,0.359,0.247,0.088,0.96,0.889,1491.66755,1402.34375,1219.96237,-1119.1494,-25.9606,-2,1491.66755,0.647,1254.87434,0.374,1254.87434,0.374,1,0.018,1,0,12203,0.773,0.565,0.377,1776.0,1776.5,1.4816,1198.7,0.0,1,0,0.535,2893.86,1,0,0.72,2893.86,1,138.948,0.182,0.818,0.2,0.0,1.0,0.52,0.0,0.5,0.0,1.0,0.542,0.5,0.597,0.0,0.473,0.0,0,0,0.394,0.653,0.0,1.0,0.298,0.296,0.543,0.0,0.471,0.474,0.0,1.0,0.854
0,2023.07.03 02:32:30,XPDUSDm,MEAN_REVERSION,SELL,1,1229.21,1238.8,1220.66,0.89,0.626,1220.66125,1224.556,1217.632,0,0.579,0.362,0.7132,1220.4495,1221.2985,1249.463,1214.799,1,0.007,0.4,0,1231.04725,0.652,0.345,0,0.0,0.0,0.0,1294.54625,5.441,0,0,0,1.0,-0.825,-0.0534,0.825,0.165,0,0.756,1,0.165,1221.094,1226.71975,0.677,0.208,0.0,2,0.25,0,0.756,0.303,0.713,0.425,0.328,0,1220.66125,1,0.7,0.0,0.351,0.247,0.088,0.96,0.889,1491.66755,1402.34375,1219.96237,-1119.1494,-25.9606,-2,1491.66755,0.647,1254.87434,0.374,1254.87434,0.374,1,0.018,1,0,12203,0.773,0.565,0.377,1718.0,1768.2,1.4332,1198.7,0.0,1,0,0.535,2893.86,1,0,0.72,2893.86,1,138.87,0.182,0.818,0.2,0.0,1.0,0.99,0.0,0.5,0.0,0.73,0.688,0.5,0.59,0.0,0.68,0.0,0,0,0.562,0.659,0.0,1.0,0.298,0.296,0.551,0.0,0.47,0.474,0.0,1.0,0.854
0,2023.07.03 04:40:00,XPDUSDm,MEAN_REVERSION,SELL,1,1232.66,1240.36,1221.83,1.41,0.624,1229.8785,1233.33,1221.825,1,0.279,0.757,0.2889,1220.4495,1224.3335,1250.964,1218.188,1,0.009,0.75,0,1230.6455,0.772,0.596,0,0.0,0.0,0.0,1294.54625,6.358,0,0,0,0.75,0.72,0.0823,0.72,0.449,0,0.656,3,0.909,1229.8785,1225.2765,0.289,0.767,0.0,2,0.0,0,0.656,0.293,0.767,0.383,0.421,1,1221.825,5,0.6,0.422,0.165,0.216,0.0,0.87,0.87,1491.66755,1402.64663,1219.96237,-1120.7132,-1.5638,-2,1491.66755,0.652,1254.87434,0.376,1254.87434,0.376,1,0.064,1,0,12205,0.773,0.565,0.377,1571.0,1464.6,1.6317,962.8,0.0,1,0,0.535,2893.86,1,0,0.72,2893.86,1,172.541,0.182,0.818,0.2,0.0,1.0,0.06,0.0,0.5,0.0,0.607,0.286,0.5,0.557,0.0,0.41,0.0,0,0,0.46,0.742,0.0,0.66,0.278,0.257,0.534,0.0,0.496,0.462,0.0,1.0,0.755
0,2023.07.03 06:00:00,XPDUSDm,ANCHORED_PULLBACK,SELL,1,1226.86,1231.36,1211.26,3.47,0.218,1230.3625,1233.125,1229.3,0,0.394,0.013,-0.449,1220.4495,1223.39025,1248.906,1217.502,1,0.004,0.45,0,1230.3625,0.732,0.916,0,0.0,0.0,1231.95575,1294.54625,8.676,0,0,0,0.9,0.79,0.166,0.79,0.087,0,0.673,0,0.715,1230.575,1227.3875,0.476,0.068,-0.3157,1,0.15,0,0.673,0.208,0.476,0.437,0.353,1,1230.3625,8,0.746,0.048,0.634,0.237,0.196,0.748,0.912,1491.66755,1402.64663,1219.96237,-1120.7132,-1.5638,-2,1491.66755,0.652,1254.87434,0.376,1254.87434,0.376,1,0.064,1,0,12207,0.773,0.565,0.377,2105.0,1880.5,2.6982,780.1,0.0,1,0,0.535,2893.86,1,0,0.72,2893.86,1,213.679,0.182,0.818,0.2,0.0,1.0,0.06,0.0,0.5,0.0,0.663,0.269,0.5,0.506,0.0,0.337,0.0,0,0,0.425,0.51,0.0,0.568,0.275,0.117,0.312,0.0,0.543,0.474,0.0,1.0,0.661
0,2023.07.03 07:06:40,XPDUSDm,BREAKOUT,SELL,1,1219.79,1230.75,1203.42,1.49,0.478,1230.0955,1235.25,1227.32,0,0.943,0.216,-1.5734,1220.4495,1223.39025,1248.906,1217.502,1,0.005,0.5,0,1230.0955,0.667,0.253,0,0.0,0.0,1219.95625,1294.54625,10.783,0,0,0,0.975,0.825,0.2383,0.825,0.476,0,0.659,2,0.19,1231.285,1222.562,1.755,0.423,0.0,2,0.15,0,0.659,0.664,1.755,0.379,0.342,0,1230.0955,8,0.733,0.0,0.217,0.247,0.053,0.789,0.867,1491.66755,1402.64663,1219.96237,-1120.7132,-1.5638,-2,1491.66755,0.652,1254.87434,0.376,1254.87434,0.376,1,0.064,1,0,12208,0.773,0.565,0.377,2093.0,2111.4,3.1954,655.0,0.0,1,0,0.535,2893.86,1,0,0.72,2893.86,0,255.583,0.182,0.818,0.2,0.0,0.5,0.59,0.0,0.5,0.0,0.452,0.73,0.5,0.692,0.0,0.58,0.0,0,0,0.578,0.522,0.0,1.0,0.37,0.404,0.19,0.0,0.571,0.474,0.0,1.0,0.653
0,2023.07.03 08:21:40,XPDUSDm,ANCHORED_PULLBACK,SELL,2,1216.2,1221.54,1203.21,2.43,0.214,1220.89375,1231.8045,1219.171,0,0.97,0.44,-0.7224,1220.434,1223.39025,1248.906,1217.502,0,0.011,0.55,0,1220.89375,0.738,0.231,0,0.0,0.0,1220.23325,1294.54625,12.483,0,0,-1,1.0,0.685,0.1407,0.685,0.02,2,0.519,0,0.709,1220.89375,1217.44825,0.722,0.192,0.0,2,0.25,0,0.519,0.323,0.722,0.447,0.321,0,1220.89375,8,0.748,0.0,0.394,0.206,0.229,0.819,0.958,1494.54941,1402.6395,1219.11275,-1093.9094,26.8037,-1,1486.06392,0.63,1256.95569,0.375,1256.95569,0.375,1,0.0,1,0,12209,0.773,0.565,0.377,2073.0,1972.7,3.1906,649.7,0.0,1,0,0.535,2893.86,1,0,0.72,2893.86,0,258.215,0.197,0.803,0.3,1.0,0.5,0.04,0.0,0.5,0.0,0.537,0.7,0.5,0.605,0.0,0.555,0.0,0,0,0.524,0.31,0.0,1.0,0.367,1.0,0.191,0.0,0.54,0.474,0.0,1.0,0.784
0,2023.07.03 10:51:40,XPDUSDm,BREAKOUT_RETEST,SELL,2,1220.86,1224.87,1211.02,2.45,0.36,1220.79625,1224.2175,1215.42,1,0.116,1.376,0.0097,1219.83725,1221.9245,1249.367,1216.436,1,0.002,0.45,0,1221.77375,0.712,0.441,0,0.0,0.0,0.0,1294.54625,11.888,0,0,0,0.45,-0.685,-0.06,0.685,0.888,0,0.696,0,0.638,1220.79625,1225.195,0.01,0.662,0.0,2,0.0,0,0.696,0.21,0.662,0.317,0.394,1,1224.2175,4,0.6,0.981,0.034,0.206,0.128,0.931,0.938,1494.54941,1402.6395,1219.11275,-1093.9094,26.8037,-1,1486.06392,0.63,1256.95569,0.375,1256.95569,0.375,1,0.0,1,0,12211,0.78,0.566,0.372,1932.0,1930.2,2.9493,655.1,0.0,1,0,0.535,2893.86,1,0,0.72,2893.86,0,255.392,0.197,0.803,0.3,1.0,0.5,0.4,0.0,0.5,0.0,0.487,0.456,0.5,0.586,0.0,0.33,0.0,0,0,0.334,0.811,0.0,0.99,0.257,0.427,0.484,0.0,0.616,0.474,0.0,1.0,0.827
0,2023.07.03 10:53:00,XPDUSDm,MEAN_REVERSION,SELL,2,1222.35,1224.87,1215.42,2.75,0.634,1220.79625,1224.2175,1215.42,1,0.116,1.376,0.2372,1219.83725,1221.9245,1249.367,1216.436,1,0.001,0.45,0,1221.77375,0.712,0.441,0,0.0,0.0,0.0,1294.54625,11.888,0,0,0,0.45,-0.685,-0.06,0.685,0.355,0,0.696,0,0.638,1220.79625,1225.195,0.237,0.434,0.0,2,0.0,0,0.696,0.172,0.434,0.397,0.39,1,1215.42,5,0.6,0.526,0.194,0.206,0.128,0.931,0.938,1494.54941,1402.6395,1219.11275,-1093.9094,26.8037,-1,1486.06392,0.63,1256.95569,0.375,1256.95569,0.375,1,0.0,1,0,12211,0.78,0.566,0.372,1954.0,1933.3,2.9829,655.1,0.0,1,0,0.535,2893.86,1,0,0.72,2893.86,0,255.165,0.197,0.803,0.3,1.0,0.5,0.22,0.0,0.5,0.0,0.598,0.483,0.5,0.586,0.0,0.283,0.0,0,0,0.299,0.801,0.0,0.924,0.216,0.405,0.507,0.0,0.584,0.474,0.0,1.0,0.857
0,2023.07.03 11:19:00,XPDUSDm,BREAKOUT,SELL,2,1220.17,1229.94,1203.89,1.67,0.235,1216.83525,1222.1605,1215.269,1,0.225,0.321,0.512,1219.83725,1222.392,1246.152,1214.472,1,0.003,0.55,0,1221.84725,0.748,0.875,0,0.0,0.0,0.0,1294.54625,11.388,0,0,0,0.5,-0.545,-0.178,0.545,0.722,0,0.666,0,0.61,1221.84725,1222.47375,0.258,0.354,0.0,2,0.25,0,0.666,0.175,0.512,0.342,0.338,0,1222.1605,4,0.6,0.485,0.184,0.164,0.21,0.899,0.737,1494.54941,1402.6395,1219.11275,-1093.9094,26.8037,-1,1486.06392,0.63,1256.95569,0.375,1256.95569,0.375,1,0.0,1,0,12212,0.78,0.566,0.372,1988.0,2041.4,3.0524,651.3,0.0,1,0,0.535,2893.86,1,0,0.72,2893.86,-1,256.982,0.197,0.803,0.3,1.0,0.0,0.62,0.0,0.5,0.0,0.549,0.526,0.5,0.739,0.0,0.325,0.0,0,0,0.367,0.8,0.0,1.0,0.18,0.428,0.497,0.0,0.601,0.474,0.0,1.0,0.829
0,2023.07.03 11:20:40,XPDUSDm,PULLBACK,SELL,2,1219.2,1222.5,1214.47,1.43,0.433,1216.83525,1222.1605,1215.269,1,0.225,0.321,0.3631,1219.83725,1222.392,1246.152,1214.472,1,0.005,0.55,0,1221.84725,0.748,0.875,0,0.0,0.0,0.0,1294.54625,11.388,0,0,0,0.5,-0.545,-0.178,0.545,0.76,0,0.666,0,0.61,1216.83525,1222.47375,0.363,0.503,0.0,2,0.25,0,0.666,0.169,0.503,0.336,0.337,0,1221.84725,8,0.75,0.274,0.172,0.164,0.21,0.897,0.737,1494.54941,1402.6395,1219.11275,-1093.9094,26.8037,-1,1486.06392,0.63,1256.95569,0.375,1256.95569,0.375,1,0.0,1,0,12212,0.78,0.566,0.372,1981.0,2021.4,3.0417,651.3,0.0,1,0,0.535,2893.86,1,0,0.72,2893.86,-1,257.131,0.197,0.803,0.3,1.0,0.0,0.58,0.0,0.5,0.0,0.594,0.447,0.5,0.675,0.0,0.305,0.0,0,0,0.356,0.782,0.0,1.0,0.163,0.361,0.468,0.0,0.594,0.474,0.0,1.0,0.829
0,2023.07.03 11:43:00,XPDUSDm,SWEEP_REVERSAL,SELL,2,1222.23,1228.74,1216.84,0.83,0.217,1216.83525,1222.1605,1215.269,0,0.225,0.321,0.8283,1219.83725,1222.392,1246.152,1214.472,1,0.0,0.55,0,1221.84725,0.748,0.875,0,0.0,0.0,0.0,1294.54625,11.388,0,0,0,0.5,-0.545,-0.178,0.545,0.257,0,0.666,0,0.61,1221.84725,1222.47375,0.059,0.037,0.0,2,0.25,0,0.666,0.341,0.828,0.411,0.358,1,1216.83525,1,0.7,0.882,0.323,0.164,0.21,0.899,0.737,1494.54941,1402.6395,1219.11275,-1093.9094,26.8037,-1,1486.06392,0.63,1256.95569,0.375,1256.95569,0.375,1,0.0,1,0,12212,0.78,0.566,0.372,1790.0,1791.5,2.7484,651.3,0.0,1,0,0.535,2893.86,1,0,0.72,2893.86,-1,256.666,0.197,0.803,0.3,1.0,0.0,0.49,0.0,0.5,0.0,0.518,0.609,0.5,0.549,0.0,0.384,0.0,0,0,0.384,0.753,0.0,1.0,0.232,0.436,0.507,0.0,0.565,0.474,0.0,1.0,0.858
0,2023.07.03 12:00:40,XPDUSDm,TREND_CONTINUATION,SELL,2,1217.16,1224.78,1201.29,2.08,0.33,1221.23125,1221.509,1215.954,1,0.039,0.301,-0.6415,1219.83725,1220.8905,1245.855,1216.485,1,0.006,0.5,2,1221.23125,0.706,0.094,0,0.0,0.0,0.0,1294.54625,11.678,0,0,0,0.55,-0.58,-0.2683,0.58,0.621,2,0.586,2,0.002,1216.78725,1214.56525,0.059,0.409,0.0,2,0.25,0,0.586,0.229,0.642,0.357,0.255,0,1221.23125,8,0.741,0.883,0.214,0.174,0.088,0.955,0.837,1494.3137,1402.6395,1219.08212,-1157.7255,-63.816,-2,1486.29963,0.669,1261.90556,0.379,1261.90556,0.379,1,0.046,1,0,12213,0.78,0.566,0.372,1942.0,1850.7,3.06,634.6,0.0,1,0,0.535,2893.86,1,0,0.72,2893.86,-1,264.196,0.184,0.816,0.2,0.0,0.0,0.0,0.0,0.5,0.414,0.486,0.549,0.5,0.575,0.0,0.451,0.0,0,0,0.382,0.742,0.0,1.0,0.226,0.387,0.402,0.0,0.578,0.474,0.0,1.0,0.786
0,2023.07.03 12:54:40,XPDUSDm,BREAKOUT_RETEST,SELL,2,1217.52,1221.31,1213.18,1.15,0.348,1221.23125,1221.509,1215.954,1,0.039,0.301,-0.5848,1219.83725,1220.8905,1245.855,1216.485,1,0.005,0.5,2,1221.23125,0.706,0.094,0,0.0,0.0,0.0,1294.54625,11.678,0,0,0,0.55,-0.58,-0.2683,0.58,0.621,2,0.586,2,0.002,1216.78725,1214.56525,0.115,0.466,0.0,2,0.25,0,0.586,0.209,0.585,0.357,0.253,0,1221.23125,8,0.741,0.769,0.214,0.174,0.088,0.955,0.837,1494.3137,1402.6395,1219.08212,-1157.7255,-63.816,-2,1486.29963,0.669,1261.90556,0.379,1261.90556,0.379,1,0.046,1,0,12213,0.78,0.566,0.372,2269.0,2462.7,3.5752,634.6,0.0,1,0,0.535,2893.86,1,0,0.72,2893.86,-1,264.139,0.184,0.816,0.2,0.0,0.0,0.99,0.0,0.5,0.0,0.39,0.749,0.5,0.524,0.0,0.515,0.0,0,0,0.513,0.742,1.0,1.0,0.226,0.441,0.414,0.0,0.578,0.474,0.0,1.0,0.786
0,2023.07.03 13:43:00,XPDUSDm,SWEEP_REVERSAL,SELL,4,1239.59,1246.6,1217.87,3.1,0.475,1217.868,1221.756,1215.708,0,0.06,1.046,3.0987,1219.016,1219.6945,1245.848,1215.565,1,0.028,0.35,0,1217.868,0.708,0.335,0,0.0,0.0,1209.91275,1294.54625,10.756,0,1,0,0.6,-0.79,-0.2396,0.79,0.248,0,0.699,3,0.422,1221.324,1211.388,2.606,4.023,0.0,2,0.3,6,0.5,0.814,3.099,0.263,0.337,0,1217.868,8,0.742,0.0,0.545,0.237,0.405,0.872,0.907,1494.3137,1402.6395,1219.08212,-1157.7255,-63.816,-2,1486.29963,0.669,1261.90556,0.379,1261.90556,0.379,1,0.046,1,0,12214,0.78,0.566,0.372,2310.0,2251.7,3.2953,701.0,0.0,1,0,0.535,2893.86,1,0,0.72,2893.86,-1,235.987,0.184,0.816,0.2,0.0,0.0,0.51,0.0,0.5,0.0,0.231,0.696,0.5,0.47,0.0,0.789,0.0,0,0,0.575,0.342,0.0,0.823,0.133,0.628,0.692,0.0,0.516,0.474,0.0,1.0,0.775
0,2023.07.03 14:00:40,XPDUSDm,BREAKOUT,SELL,4,1238.91,1252.04,1220.81,1.38,0.483,1220.805,1225.96,1209.464,0,0.438,0.505,2.0688,1218.743,1219.6945,1243.095,1215.565,1,0.022,0.4,0,1218.743,0.622,0.295,0,0.0,0.0,1238.84625,1294.54625,6.979,0,0,0,0.975,-0.825,-0.1764,0.825,0.323,2,0.584,3,0.477,1237.301,1244.518,0.184,0.641,0.0,2,0.0,0,0.584,0.925,2.304,0.402,0.362,1,1220.805,1,0.7,0.632,0.203,0.247,0.0,0.383,0.968,1494.3137,1402.6395,1219.08212,-1157.7255,-63.816,-2,1486.29963,0.669,1261.90556,0.379,1261.90556,0.379,1,0.046,1,0,12215,0.78,0.566,0.372,2599.0,2585.3,2.9698,875.1,0.0,1,0,0.535,2893.86,1,0,0.72,2893.86,-1,189.106,0.184,0.816,0.2,0.0,0.0,0.4,0.0,0.5,0.493,0.285,0.743,0.5,0.469,0.0,0.745,0.0,0,0,0.584,0.64,1.0,0.66,0.247,0.589,0.752,0.0,0.54,0.487,0.0,1.0,0.992
0,2023.07.03 14:00:59,XPDUSDm,PULLBACK,SELL,4,1238.91,1252.04,1220.81,1.38,0.457,1220.805,1225.96,1209.464,0,0.438,0.505,2.0688,1218.743,1219.6945,1243.095,1215.565,1,0.022,0.4,0,1218.743,0.622,0.295,0,0.0,0.0,1238.84625,1294.54625,6.979,0,0,0,0.975,-0.825,-0.1764,0.825,0.323,2,0.584,3,0.477,1237.301,1244.518,0.184,0.641,0.0,2,0.0,0,0.584,0.925,2.304,0.402,0.362,1,1220.805,1,0.7,0.632,0.203,0.247,0.0,0.383,0.968,1494.3137,1402.6395,1219.08212,-1157.7255,-63.816,-2,1486.29963,0.669,1261.90556,0.379,1261.90556,0.379,1,0.046,1,0,12215,0.78,0.566,0.372,2599.0,2588.5,2.9698,875.1,0.0,1,0,0.535,2893.86,1,0,0.72,2893.86,-1,189.106,0.184,0.816,0.2,0.0,0.0,0.4,0.0,0.5,0.493,0.285,0.752,0.5,0.469,0.0,0.745,0.0,0,0,0.59,0.64,1.0,0.66,0.247,0.589,0.752,0.0,0.54,0.487,0.0,1.0,0.99
0,2023.07.03 14:01:00,XPDUSDm,TREND_CONTINUATION,SELL,4,1239.19,1249.69,1220.81,1.75,0.537,1220.805,1225.96,1209.464,0,0.438,0.505,2.1008,1218.743,1219.6945,1243.095,1215.565,1,0.022,0.4,0,1218.743,0.622,0.295,0,0.0,0.0,1238.84625,1294.54625,6.979,0,0,0,0.975,-0.825,-0.1764,0.825,0.323,2,0.584,3,0.477,1237.301,1244.518,0.216,0.609,0.0,2,0.0,0,0.584,0.938,2.336,0.402,0.363,1,1220.805,1,0.7,0.568,0.203,0.247,0.0,0.383,0.968,1494.3137,1402.6395,1219.08212,-1157.7255,-63.816,-2,1486.29963,0.669,1261.90556,0.379,1261.90556,0.379,1,0.046,1,0,12215,0.78,0.566,0.372,2684.0,2592.5,3.0669,875.1,0.0,1,0,0.535,2893.86,1,0,0.72,2893.86,-1,189.074,0.184,0.816,0.2,0.0,0.0,0.18,0.0,0.5,0.388,0.285,0.736,0.5,0.469,0.0,0.745,0.0,0,0,0.58,0.64,1.0,0.66,0.247,0.589,0.753,0.0,0.54,0.487,0.0,1.0,0.988
0,2023.07.03 14:54:40,XPDUSDm,MEAN_REVERSION,SELL,4,1243.12,1250.12,1237.3,0.83,0.579,1220.805,1225.96,1209.464,0,0.438,0.505,2.5499,1218.743,1219.6945,1243.095,1215.565,0,0.027,0.4,0,1218.743,0.622,0.295,0,0.0,0.0,1238.84625,1294.54625,6.979,0,0,0,0.975,-0.825,-0.1764,0.825,0.043,2,0.584,3,0.477,1237.301,1244.518,0.665,0.16,0.0,2,0.0,0,0.584,1.236,2.785,0.444,0.398,1,1237.301,2,0.55,0.0,0.287,0.247,0.0,0.383,0.968,1494.3137,1402.6395,1219.08212,-1157.7255,-63.816,-2,1486.29963,0.669,1261.90556,0.379,1261.90556,0.379,1,0.046,1,0,12215,0.78,0.566,0.372,1877.0,1983.0,2.1448,875.1,0.0,1,0,0.535,2893.86,1,0,0.72,2893.86,-1,188.625,0.184,0.816,0.2,0.0,0.0,0.99,0.0,0.5,0.0,0.731,0.472,0.5,0.494,0.0,0.391,0.0,0,0,0.321,0.439,0.0,0.891,0.258,0.636,0.832,0.0,0.535,0.487,0.0,1.0,0.908
0,2023.07.03 16:00:00,XPDUSDm,ANCHORED_PULLBACK,SELL,4,1226.25,1230.53,1219.77,1.51,0.439,1239.363,1246.58,1219.774,1,0.766,0.286,-1.3383,1218.743,1219.6945,1243.095,1215.565,1,0.007,0.65,2,1239.363,0.666,0.541,0,0.0,0.0,1227.58575,1294.54625,6.97,0,0,0,0.45,0.685,0.1159,0.685,0.237,2,0.52,3,0.813,1218.743,1229.053,0.766,0.286,-0.2104,1,0.45,0,0.52,0.555,1.338,0.414,0.274,0,1219.774,5,0.6,0.0,0.709,0.206,0.157,0.364,0.806,1491.7492,1399.92937,1219.08212,-1060.8655,96.86,-1,1491.7492,0.656,1258.0588,0.383,1258.0588,0.383,1,0.071,1,0,12217,0.78,0.566,0.372,2908.0,2896.0,2.9678,979.9,0.0,1,0,0.535,2893.86,1,0,0.72,2893.86,0,170.189,0.228,0.772,0.3,1.0,0.5,0.32,0.0,0.5,0.0,1.0,0.515,0.5,0.424,0.0,0.158,0.0,0,0,0.199,0.31,0.0,0.984,0.226,0.643,0.431,0.0,0.475,0.474,0.0,1.0,0.509
0,2023.07.03 19:02:00,XPDUSDm,MEAN_REVERSION,SELL,3,1232.36,1237.08,1227.98,0.93,0.576,1227.98425,1235.9125,1214.29,1,0.376,0.004,0.3763,1218.743,1219.508,1243.98,1215.644,1,0.011,0.75,0,1227.98425,0.608,0.796,0,0.0,0.0,1235.4225,1294.54625,5.347,0,0,0,0.6,0.79,0.1232,0.79,0.095,2,0.62,0,0.657,1227.2635,1232.30875,0.438,0.004,0.0,2,0.15,0,0.62,0.191,0.438,0.436,0.331,0,1227.98425,8,0.722,0.124,0.331,0.237,0.184,0.751,0.889,1491.7492,1399.92937,1219.08212,-1060.8655,96.86,-1,1491.7492,0.656,1258.0588,0.383,1258.0588,0.383,1,0.071,1,0,12220,0.776,0.556,0.369,2936.0,2934.5,2.5247,1162.9,0.0,1,0,0.535,2893.86,1,0,0.72,2893.86,1,142.872,0.228,0.772,0.3,1.0,1.0,0.66,0.0,0.5,0.0,0.669,0.312,0.5,0.529,0.0,0.207,0.0,0,0,0.354,0.534,0.0,1.0,0.6,0.861,0.434,0.0,0.5,0.462,0.0,1.0,0.683
0,2023.07.03 22:28:30,XPDUSDm,BREAKOUT,SELL,1,1217.22,1228.67,1189.29,2.44,0.488,1235.147,1238.312,1226.918,0,0.925,0.018,-1.6044,1218.743,1219.508,1243.98,1215.644,1,0.002,0.45,0,1235.147,0.629,0.336,0,0.0,0.0,0.0,1294.54625,6.92,0,0,0,1.0,0.86,0.1311,0.86,0.082,2,0.632,3,0.34,1227.551,1217.423,0.925,0.018,0.0,2,0.15,0,0.632,0.702,1.604,0.438,0.352,1,1227.551,2,0.55,0.0,0.335,0.258,0.053,0.735,0.939,1491.84128,1401.56738,1219.08212,-1005.4679,55.3975,-1,1491.7492,0.658,1258.0588,0.385,1258.0588,0.385,1,0.098,1,0,12222,0.776,0.556,0.369,5603.0,2095.6,5.0145,1117.4,0.0,1,0,0.535,2893.86,1,0,0.72,2893.86,0,150.054,0.21,0.79,0.3,1.0,0.5,0.0,0.0,0.5,0.0,1.0,0.883,0.5,0.584,0.0,0.311,0.0,0,0,0.53,0.346,0.0,1.0,0.384,0.388,0.199,0.0,0.503,0.474,0.0,1.0,0.655
0,2023.07.03 23:05:00,XPDUSDm,ANCHORED_PULLBACK,SELL,1,1216.48,1220.13,1195.71,5.7,0.5,1235.06175,1238.2655,1228.0135,0,1.049,0.185,-1.7892,1218.743,1219.508,1243.98,1215.644,1,0.003,0.4,0,1235.06175,0.637,0.715,0,0.0,0.0,1217.0095,1294.54625,7.517,0,0,0,1.0,0.72,0.1348,0.72,0.327,0,0.675,2,0.332,1227.37275,1220.3245,1.049,0.37,-0.11,1,0.4,0,0.675,0.717,1.789,0.401,0.315,0,1227.37275,2,0.55,0.0,0.662,0.216,0.14,0.65,1.0,1491.84128,1401.56738,1219.08212,-1005.4679,55.3975,-1,1491.7492,0.658,1258.0588,0.385,1258.0588,0.385,1,0.098,1,0,12223,0.776,0.556,0.369,5549.0,5599.0,5.3429,1038.6,0.0,1,0,0.535,2893.86,1,0,0.72,2893.86,0,161.508,0.21,0.79,0.3,1.0,0.5,0.99,0.0,0.5,0.0,1.0,0.643,0.5,0.597,0.0,0.236,0.0,0,0,0.359,0.415,0.0,0.975,0.366,0.252,0.176,0.0,0.538,0.474,0.0,1.0,0.604
0,2023.07.04 00:28:40,XPDUSDm,BREAKOUT,SELL,1,1223.6,1229.46,1198.53,4.28,0.48,1234.95725,1242.11,1229.105,0,0.814,0.166,-1.1324,1218.743,1219.508,1238.828,1213.068,1,0.004,0.5,0,1236.25775,0.653,0.786,0,0.0,0.0,0.0,1236.0715,1.574,0,0,0,1.0,0.755,0.093,0.755,0.0,0,0.716,3,0.472,1228.45475,1223.25275,0.484,0.035,0.0,2,0.4,0,0.716,0.568,1.262,0.45,0.318,0,1228.45475,2,0.55,0.032,0.46,0.226,0.14,0.592,0.997,1488.7387,1402.518,1219.08212,-987.6936,17.7743,-1,1491.7492,0.662,1258.0588,0.385,1258.0588,0.385,1,0.083,1,0,12224,0.776,0.556,0.369,4495.0,4770.4,4.4819,1002.9,0.0,1,0,0.535,2893.86,1,0,0.72,2893.86,0,166.538,0.19,0.81,0.3,1.0,0.5,0.99,0.0,0.5,0.0,0.598,0.753,0.5,0.744,0.0,0.176,0.0,0,0,0.445,0.337,0.0,1.0,0.225,0.657,0.301,0.0,0.51,0.474,0.0,1.0,0.653
0,2023.07.04 01:00:00,XPDUSDm,PULLBACK,SELL,1,1231.32,1247.04,1213.07,1.16,0.418,1234.95725,1236.908,1227.8045,1,0.099,0.397,-0.347,1220.805,1219.508,1238.828,1213.068,1,0.011,0.35,0,1236.25775,0.653,0.062,0,0.0,0.0,1230.528,1236.0715,0.453,0,0,0,0.45,-0.685,-0.0662,0.685,0.179,2,0.648,2,0.365,1234.307,1225.85375,0.285,0.522,-0.3722,1,0.3,0,0.648,0.221,0.522,0.423,0.285,0,1234.95725,1,0.7,0.43,0.666,0.206,0.105,0.777,0.932,1488.7387,1402.518,1219.08212,-987.6936,17.7743,-1,1491.7492,0.662,1258.0588,0.385,1258.0588,0.385,1,0.083,1,0,12225,0.776,0.556,0.369,3579.0,4066.1,3.4146,1048.1,0.0,1,0,0.535,2893.86,1,0,0.72,2893.86,0,158.618,0.19,0.81,0.3,1.0,0.5,0.99,0.0,0.5,0.0,0.473,0.895,0.5,1.0,0.0,0.573,0.0,0,0,0.766,0.666,0.0,0.964,0.308,0.185,0.574,0.0,0.51,0.462,0.0,1.0,0.734
0,2023.07.04 01:00:00,XPDUSDm,TREND_CONTINUATION,SELL,1,1231.32,1243.9,1205.12,2.08,0.329,1234.95725,1236.908,1227.8045,1,0.099,0.397,-0.347,1220.805,1219.508,1238.828,1213.068,1,0.011,0.35,0,1236.25775,0.653,0.062,0,0.0,0.0,1230.528,1236.0715,0.453,0,0,0,0.45,-0.685,-0.0662,0.685,0.179,2,0.648,2,0.365,1234.307,1225.85375,0.285,0.522,0.0,2,0.0,0,0.648,0.221,0.522,0.423,0.33,0,1234.95725,1,0.7,0.43,0.246,0.206,0.0,0.777,0.932,1488.7387,1402.518,1219.08212,-987.6936,17.7743,-1,1491.7492,0.662,1258.0588,0.385,1258.0588,0.385,1,0.083,1,0,12225,0.776,0.556,0.369,3579.0,4058.0,3.4146,1048.1,0.0,1,0,0.535,2893.86,1,0,0.72,2893.86,0,158.618,0.19,0.81,0.3,1.0,0.5,0.98,0.0,0.5,0.0,0.473,0.895,0.5,1.0,0.0,0.671,0.0,0,0,0.805,0.74,0.0,1.0,0.367,0.28,0.574,0.0,0.51,0.462,0.0,1.0,0.785
0,2023.07.04 01:05:00,XPDUSDm,ANCHORED_PULLBACK,SELL,1,1232.04,1233.67,1227.8,2.59,0.456,1234.95725,1236.908,1227.8045,1,0.099,0.397,-0.2783,1220.805,1219.508,1238.828,1213.068,1,0.012,0.35,0,1236.25775,0.653,0.062,0,0.0,0.0,1230.528,1236.0715,0.453,0,0,0,0.45,-0.685,-0.0662,0.685,0.399,2,0.648,2,0.365,1234.307,1225.85375,0.216,0.59,0.0,2,0.0,0,0.648,0.23,0.59,0.39,0.332,0,1236.25775,8,0.731,0.567,0.18,0.206,0.0,0.777,0.932,1488.7387,1402.518,1219.08212,-987.6936,17.7743,-1,1491.7492,0.662,1258.0588,0.385,1258.0588,0.385,1,0.083,1,0,12225,0.776,0.556,0.369,3456.0,3836.1,3.2973,1048.1,0.0,1,0,0.535,2893.86,1,0,0.72,2893.86,0,158.549,0.19,0.81,0.3,1.0,0.5,0.99,0.0,0.5,0.0,0.411,0.866,0.5,1.0,0.0,0.907,0.0,0,0,0.883,0.782,0.0,1.0,0.367,0.04,0.574,0.0,0.511,0.462,0.0,1.0,0.785
0,2023.07.04 01:15:40,XPDUSDm,NAKED_POC,SELL,1,1238.67,1252.82,1222.95,1.11,0.747,1234.95725,1236.908,1227.8045,0,0.099,0.397,0.3542,1220.805,1219.508,1238.828,1213.068,1,0.018,0.35,0,1236.25775,0.653,0.062,0,0.0,0.0,1230.528,1236.0715,0.453,0,0,0,0.45,-0.685,-0.0662,0.685,0.079,2,0.648,2,0.365,1234.307,1238.85875,0.416,0.018,0.0,2,0.0,0,0.648,0.182,0.416,0.438,0.326,0,1234.95725,1,0.7,0.167,0.276,0.206,0.0,0.777,0.915,1488.7387,1402.518,1219.08212,-987.6936,17.7743,-1,1491.7492,0.662,1258.0588,0.385,1258.0588,0.385,1,0.083,1,0,12225,0.776,0.556,0.369,2949.0,3383.5,2.8135,1048.1,0.0,1,0,0.535,2893.86,1,0,0.72,2893.86,0,157.916,0.19,0.81,0.3,1.0,0.5,0.99,0.0,0.5,0.0,0.543,0.954,0.5,1.0,0.0,1.0,0.0,0,0,0.973,0.7,0.0,1.0,0.474,0.225,0.624,0.0,0.549,0.487,0.0,1.0,0.848
0,2023.07.04 02:35:59,XPDUSDm,MEAN_REVERSION,SELL,1,1242.57,1248.22,1235.89,1.18,0.62,1235.8915,1247.078,1228.147,1,0.075,2.038,0.5859,1220.0235,1219.508,1241.404,1215.644,0,0.02,0.55,0,1235.8915,0.582,0.169,0,0.0,0.0,1248.17775,1294.54625,3.862,0,0,1,0.675,0.685,0.0728,0.685,0.143,0,0.679,0,0.616,1249.6595,1225.5655,0.622,1.492,0.0,2,0.0,0,0.679,0.639,1.492,0.429,0.366,1,1247.078,4,0.6,0.0,0.257,0.206,0.123,0.357,0.901,1488.7387,1402.518,1219.08212,-987.6936,17.7743,-1,1491.7492,0.662,1258.0588,0.385,1258.0588,0.385,1,0.083,1,0,12226,0.776,0.556,0.369,3249.0,2008.5,2.8504,1139.9,0.0,1,0,0.535,2893.86,1,0,0.72,2893.86,0,144.868,0.19,0.81,0.3,1.0,0.5,0.04,0.0,0.5,0.0,0.414,0.606,0.5,0.519,0.0,1.0,0.0,0,0,0.62,0.64,1.0,1.0,0.234,0.708,0.65,0.0,0.501,0.487,0.0,1.0,0.654
0,2023.07.04 03:05:00,XPDUSDm,ANCHORED_PULLBACK,SELL,1,1239.65,1240.96,1234.28,4.08,0.491,1249.733,1252.46,1234.28,1,0.005,0.891,-0.8192,1220.654,1219.508,1241.404,1215.644,1,0.016,0.5,2,1249.733,0.692,0.533,0,0.0,0.0,1240.06775,1294.54625,4.375,0,0,0,0.5,0.72,0.1871,0.72,0.687,2,0.558,2,0.093,1239.734,1229.735,0.007,0.806,0.0,2,0.0,0,0.558,0.284,0.819,0.347,0.267,0,1234.28,5,0.6,0.986,0.094,0.216,0.0,0.664,0.828,1488.7387,1402.518,1219.08212,-987.6936,17.7743,-1,1491.7492,0.662,1258.0588,0.385,1258.0588,0.385,1,0.083,1,0,12227,0.776,0.556,0.369,3338.0,3538.1,2.7121,1230.8,0.0,1,0,0.535,2893.86,1,0,0.72,2893.86,0,134.403,0.19,0.81,0.3,1.0,0.5,0.69,0.0,0.5,0.0,0.456,0.806,0.5,0.697,0.0,0.477,0.0,0,0,0.584,0.783,0.0,0.99,0.222,0.596,0.434,0.0,0.536,0.487,0.0,1.0,0.752
0,2023.07.04 04:36:20,XPDUSDm,MEAN_REVERSION,SELL,1,1249.05,1253.64,1242.46,1.43,0.653,1242.461,1252.46,1237.916,1,0.201,0.816,0.5571,1220.654,1219.508,1241.404,1215.644,0,0.025,0.4,0,1240.643,0.788,0.927,0,0.0,0.0,0.0,1294.54625,4.202,0,0,1,0.55,0.58,0.195,0.58,0.867,0,0.688,3,0.338,1249.733,1235.189,0.058,1.172,0.0,2,0.25,0,0.688,1.231,3.847,0.32,0.432,1,1242.461,1,0.7,0.885,0.14,0.174,0.088,0.894,0.939,1491.94591,1402.518,1244.17,-808.6347,179.059,-1,1491.7492,0.666,1258.0588,0.381,1258.0588,0.381,1,0.065,1,0,12228,0.776,0.556,0.369,2106.0,2252.0,1.7805,1182.8,0.0,1,0,0.535,2893.86,1,0,0.72,2893.86,0,139.062,0.277,0.723,0.3,1.0,0.5,0.99,0.0,0.5,0.0,1.0,0.845,0.5,0.575,0.0,0.322,0.0,0,0,0.508,0.696,0.0,0.352,0.197,0.513,0.713,0.0,0.525,0.487,0.0,1.0,0.693
0,2023.07.04 05:29:40,XPDUSDm,SWEEP_REVERSAL,SELL,1,1251.21,1261.34,1239.58,1.15,0.175,1250.528,1251.172,1239.58,0,0.044,1.354,0.0673,1220.654,1221.096,1241.7,1215.036,0,0.03,0.45,2,1250.528,0.696,0.53,0,0.0,0.0,0.0,1294.54625,4.516,0,0,1,0.6,0.615,0.1941,0.615,0.211,2,0.559,2,0.138,1249.24,1235.072,0.194,1.593,0.0,2,0.25,0,0.559,0.666,1.593,0.418,0.311,0,1239.58,5,0.6,0.611,0.337,0.185,0.088,0.905,0.973,1491.94591,1402.518,1244.17,-808.6347,179.059,-1,1491.7492,0.666,1258.0588,0.381,1258.0588,0.381,1,0.065,1,0,12229,0.776,0.556,0.369,1714.0,1949.6,1.6915,1013.3,0.0,1,0,0.535,2893.86,1,0,0.72,2893.86,1,162.111,0.277,0.723,0.3,1.0,1.0,0.99,0.0,0.5,0.0,1.0,0.665,0.5,0.595,0.0,0.307,0.0,0,0,0.4,0.538,0.0,0.537,0.211,0.487,0.678,0.0,0.529,0.487,0.0,1.0,0.719
0,2023.07.04 06:04:40,XPDUSDm,ANCHORED_PULLBACK,SELL,1,1246.25,1248.72,1242.3,1.6,0.498,1250.2145,1252.297,1242.301,1,0.377,0.043,-0.3965,1218.48225,1221.096,1239.276,1215.036,0,0.025,0.6,2,1250.2145,0.726,0.187,0,0.0,0.0,1246.98325,1294.54625,5.06,0,0,1,0.65,0.825,0.1811,0.825,0.468,2,0.606,3,0.457,1247.7155,1244.8,0.147,0.145,0.0,2,0.15,0,0.606,0.151,0.396,0.38,0.315,0,1250.2145,8,0.745,0.707,0.22,0.247,0.053,0.891,0.651,1491.94591,1402.518,1244.17,-808.6347,179.059,-1,1491.7492,0.666,1258.0588,0.381,1258.0588,0.381,1,0.065,1,0,12230,0.771,0.557,0.365,2386.0,2372.9,2.386,1000.0,0.0,1,0,0.535,2893.86,1,0,0.72,2893.86,0,164.761,0.277,0.723,0.3,1.0,0.5,0.52,0.0,0.5,0.0,0.486,0.38,0.5,0.485,0.0,0.462,0.0,0,0,0.402,0.666,0.0,1.0,0.231,0.457,0.435,0.0,0.523,0.487,0.0,1.0,0.588
0,2023.07.04 06:43:59,XPDUSDm,MEAN_REVERSION,SELL,1,1251.21,1259.21,1242.3,1.11,0.575,1250.2145,1252.297,1242.301,1,0.377,0.043,0.0995,1218.48225,1221.096,1239.276,1215.036,0,0.03,0.6,2,1250.2145,0.726,0.187,0,0.0,0.0,1246.98325,1294.54625,5.06,0,0,1,0.65,0.825,0.1811,0.825,0.689,2,0.606,3,0.457,1250.2145,1252.7135,0.1,0.15,0.0,2,0.15,0,0.606,0.52,1.5,0.347,0.356,1,1242.301,5,0.6,0.801,0.153,0.247,0.053,0.877,0.884,1491.94591,1402.518,1244.17,-808.6347,179.059,-1,1491.7492,0.666,1258.0588,0.381,1258.0588,0.381,1,0.065,1,0,12230,0.771,0.557,0.365,2687.0,2637.5,2.687,1000.0,0.0,1,0,0.535,2893.86,1,0,0.72,2893.86,0,164.265,0.277,0.723,0.3,1.0,0.5,0.58,0.0,0.5,0.0,1.0,0.609,0.5,0.567,0.0,0.511,0.0,0,0,0.44,0.593,0.0,0.642,0.17,0.377,0.65,0.0,0.548,0.487,0.0,1.0,0.661
0,2023.07.04 07:29:40,XPDUSDm,SWEEP_REVERSAL,SELL,1,1255.63,1265.05,1247.72,0.84,0.189,1247.7155,1249.798,1240.635,0,0.111,0.023,0.8405,1218.48225,1220.87175,1241.1825,1214.898,0,0.037,0.55,0,1241.0515,0.643,0.9,0,0.0,0.0,1248.86025,1294.54625,4.685,0,0,1,0.7,0.685,0.2074,0.685,0.103,2,0.646,0,0.628,1248.132,1252.297,0.796,0.354,0.0,2,0.15,0,0.646,0.673,1.548,0.435,0.396,1,1247.7155,1,0.7,0.0,0.329,0.206,0.178,0.8,0.867,1491.94591,1402.518,1244.17,-808.6347,179.059,-1,1491.7492,0.666,1258.0588,0.381,1258.0588,0.381,1,0.065,1,0,12231,0.771,0.557,0.365,1742.0,1920.6,1.85,941.6,0.0,1,0,0.535,2893.86,1,0,0.72,2893.86,0,173.976,0.277,0.723,0.3,1.0,0.5,0.95,0.0,0.5,0.0,0.813,0.708,0.5,0.976,0.0,0.436,0.0,0,0,0.592,0.414,0.0,0.484,0.206,0.568,0.869,0.0,0.543,0.474,0.0,1.0,0.656
0,2023.07.04 08:43:40,XPDUSDm,BREAKOUT,SELL,2,1236.84,1248.06,1213.72,2.06,0.473,1247.89625,1251.314,1242.9595,0,0.095,0.398,-1.1953,1219.65375,1219.65375,1241.775,1215.75,1,0.019,0.55,0,1257.01025,0.661,0.286,0,0.0,0.0,1256.48325,1294.54625,5.22,0,0,1,0.75,0.895,0.2705,0.895,0.233,0,0.7,1,0.022,1248.276,1242.57975,1.236,0.621,0.0,2,0.0,0,0.7,0.905,2.181,0.415,0.393,1,1247.89625,1,0.7,0.0,0.23,0.269,0.0,0.875,0.767,1491.94591,1402.518,1244.10825,-814.2666,-5.6319,-2,1491.7492,0.671,1258.0588,0.373,1258.0588,0.373,1,0.003,1,0,12232,0.771,0.557,0.365,2554.0,2362.9,2.7611,925.0,0.0,1,0,0.535,2893.86,1,0,0.72,2893.86,0,179.137,0.166,0.834,0.3,0.0,0.5,0.16,0.0,0.5,0.0,0.651,0.288,0.5,0.514,0.0,0.507,0.0,0,0,0.484,0.674,0.578,1.0,0.178,0.462,0.371,0.0,0.546,0.487,0.0,1.0,0.707
0,2023.07.04 09:24:20,XPDUSDm,ANCHORED_PULLBACK,SELL,2,1237.36,1240.35,1218.43,6.32,0.523,1247.96775,1254.0645,1244.088,0,0.809,0.011,-1.121,1219.65375,1219.65375,1239.1725,1215.75,1,0.019,0.45,0,1256.83575,0.667,0.944,0,0.0,0.0,1237.515,1294.54625,5.849,0,0,1,1.0,0.755,0.2942,0.755,0.232,0,0.706,2,0.022,1247.96775,1235.77425,1.121,0.168,0.0,2,0.4,0,0.706,0.855,2.058,0.415,0.325,0,1247.96775,1,0.7,0.0,0.39,0.226,0.14,0.846,0.895,1491.94591,1402.518,1244.10825,-814.2666,-5.6319,-2,1491.7492,0.671,1258.0588,0.373,1258.0588,0.373,1,0.003,1,0,12233,0.771,0.557,0.365,2268.0,2517.5,2.3967,946.3,0.0,1,0,0.535,2893.86,1,0,0.72,2893.86,0,175.053,0.166,0.834,0.3,0.0,0.5,0.91,0.0,0.5,0.0,1.0,0.704,0.5,0.574,0.0,0.197,0.0,0,0,0.373,0.482,0.0,1.0,0.233,0.451,0.346,0.0,0.555,0.487,0.0,1.0,0.651
0,2023.07.04 11:00:00,XPDUSDm,BREAKOUT_RETEST,SELL,2,1244.47,1247.09,1230.23,5.43,0.252,1244.64225,1248.522,1236.3285,1,0.02,0.654,-0.0197,1245.67875,1219.65375,1239.1725,1215.75,0,0.028,0.55,0,1256.83575,0.728,0.243,0,0.0,0.0,0.0,1294.54625,5.728,0,0,1,0.291,-0.3514,-0.0302,0.351,1.0,0,0.723,0,0.323,1244.64225,1250.18475,0.02,0.654,0.0,2,0.25,0,0.723,0.424,1.414,0.3,0.345,0,1248.522,4,0.6,0.961,0.1,0.105,0.152,0.893,0.743,1491.94591,1402.518,1244.10825,-814.2666,-5.6319,-2,1491.7492,0.671,1258.0588,0.373,1258.0588,0.373,1,0.003,1,0,12235,0.771,0.557,0.365,1336.0,1137.9,1.5282,874.2,0.0,1,0,0.535,2893.86,1,0,0.72,2893.86,1,188.671,0.166,0.834,0.3,0.0,1.0,0.3,0.0,0.5,0.0,0.772,0.667,0.5,0.618,0.0,0.987,0.0,0,0,0.68,0.846,0.0,1.0,0.117,0.425,0.65,0.0,0.57,0.487,0.0,1.0,0.754
0,2023.07.04 11:43:00,XPDUSDm,PULLBACK,SELL,2,1246.15,1259.26,1215.75,2.32,0.355,1244.64225,1248.522,1236.3285,1,0.02,0.654,0.1725,1245.67875,1219.65375,1239.1725,1215.75,0,0.03,0.55,0,1256.83575,0.728,0.243,0,0.0,0.0,0.0,1294.54625,5.728,0,0,1,0.291,-0.3514,-0.0302,0.351,0.786,0,0.723,0,0.323,1244.64225,1250.18475,0.172,0.462,0.0,2,0.25,0,0.723,0.406,1.222,0.332,0.342,0,1256.83575,8,0.746,0.655,0.164,0.105,0.152,0.893,0.743,1491.94591,1402.518,1244.10825,-814.2666,-5.6319,-2,1491.7492,0.671,1258.0588,0.373,1258.0588,0.373,1,0.003,1,0,12235,0.771,0.557,0.365,1399.0,1390.9,1.6003,874.2,0.0,1,0,0.535,2893.86,1,0,0.72,2893.86,1,188.479,0.166,0.834,0.3,0.0,1.0,0.5,0.0,0.5,0.0,1.0,0.391,0.5,0.586,0.0,0.428,0.0,0,0,0.412,0.806,0.0,1.0,0.117,0.441,0.65,0.0,0.565,0.487,0.0,1.0,0.853
0,2023.07.04 12:43:59,XPDUSDm,MEAN_REVERSION,SELL,2,1245.29,1252.31,1237.4,1.12,0.62,1244.49775,1247.2265,1237.403,1,0.358,0.264,0.0903,1245.67875,1219.65375,1239.1725,1213.1475,0,0.029,0.45,0,1244.49775,0.638,0.687,0,0.0,0.0,0.0,1294.54625,5.099,0,0,1,0.615,-0.4551,-0.0388,0.455,0.953,0,0.705,1,0.083,1245.0435,1253.7755,0.028,0.967,0.0,2,0.4,0,0.705,0.297,0.967,0.307,0.263,0,1237.403,5,0.6,0.944,0.174,0.137,0.14,0.812,0.964,1488.7387,1402.518,1246.5825,-830.3906,-16.124,-2,1491.7492,0.678,1258.0588,0.366,1258.0588,0.366,1,0.012,1,0,12236,0.771,0.557,0.365,1441.0,1465.5,1.6428,877.1,0.0,1,0,0.535,2893.86,1,0,0.72,2893.86,1,187.948,0.163,0.837,0.3,0.0,1.0,0.64,0.0,0.5,0.0,0.5,0.693,0.5,0.685,0.0,0.382,0.0,0,0,0.474,0.605,0.0,1.0,0.175,0.329,0.65,0.0,0.575,0.487,0.0,1.0,0.843
0,2023.07.04 12:50:40,XPDUSDm,BREAKOUT,SELL,2,1243.51,1256.67,1221.58,1.67,0.301,1244.49775,1247.2265,1237.403,1,0.358,0.264,-0.1126,1245.67875,1219.65375,1239.1725,1213.1475,0,0.027,0.45,0,1244.49775,0.638,0.687,0,0.0,0.0,0.0,1294.54625,5.099,0,0,1,0.615,-0.4551,-0.0388,0.455,0.596,0,0.705,1,0.083,1245.0435,1235.76575,0.175,0.883,0.0,2,0.4,0,0.705,0.318,0.883,0.361,0.265,0,1247.2265,4,0.6,0.65,0.281,0.137,0.14,0.812,0.875,1488.7387,1402.518,1246.5825,-830.3906,-16.124,-2,1491.7492,0.678,1258.0588,0.366,1258.0588,0.366,1,0.012,1,0,12236,0.771,0.557,0.365,1411.0,1432.9,1.6086,877.1,0.0,1,0,0.535,2893.86,1,0,0.72,2893.86,1,188.151,0.163,0.837,0.3,0.0,1.0,0.89,0.0,0.5,0.0,0.754,0.678,0.5,0.706,0.0,0.373,0.0,0,0,0.468,0.647,0.0,1.0,0.206,0.395,0.65,0.0,0.548,0.487,0.0,1.0,0.694
0,2023.07.04 12:50:59,XPDUSDm,TREND_CONTINUATION,SELL,2,1244.34,1254.87,1222.41,2.08,0.342,1244.49775,1247.2265,1237.403,1,0.358,0.264,-0.018,1245.67875,1219.65375,1239.1725,1213.1475,0,0.028,0.45,0,1244.49775,0.638,0.687,0,0.0,0.0,0.0,1294.54625,5.099,0,0,1,0.615,-0.4551,-0.0388,0.455,0.938,0,0.705,1,0.083,1245.0435,1235.76575,0.08,0.978,0.0,2,0.4,0,0.705,0.302,0.978,0.309,0.263,0,1247.2265,4,0.6,0.84,0.179,0.137,0.14,0.812,0.875,1488.7387,1402.518,1246.5825,-830.3906,-16.124,-2,1491.7492,0.678,1258.0588,0.366,1258.0588,0.366,1,0.012,1,0,12236,0.771,0.557,0.365,1411.0,1432.1,1.6086,877.1,0.0,1,0,0.535,2893.86,1,0,0.72,2893.86,1,188.056,0.163,0.837,0.3,0.0,1.0,0.9,0.0,0.5,0.0,0.641,0.659,0.5,0.706,0.0,0.396,0.0,0,0,0.466,0.722,0.0,1.0,0.175,0.395,0.65,0.0,0.575,0.487,0.0,1.0,0.736
0,2023.07.04 13:00:00,XPDUSDm,ANCHORED_PULLBACK,SELL,4,1240.45,1244.95,1221.62,4.19,0.161,1245.834,1248.396,1241.076,0,0.339,0.028,-0.5717,1245.5375,1219.65375,1241.775,1215.75,1,0.022,0.5,0,1245.834,0.706,0.85,0,0.0,0.0,1246.11,1294.54625,5.744,0,0,0,0.383,-0.413,-0.0291,0.413,0.091,0,0.692,2,0.059,1244.004,1240.71,0.377,0.028,-0.2658,1,0.4,0,0.692,0.249,0.572,0.436,0.213,0,1245.834,8,0.741,0.245,0.733,0.124,0.14,0.508,0.902,1488.7387,1402.518,1246.5825,-830.3906,-16.124,-2,1491.7492,0.678,1258.0588,0.366,1258.0588,0.366,1,0.012,1,0,12237,0.771,0.557,0.365,1868.0,1502.6,1.9836,941.7,0.0,1,0,0.535,2893.86,1,0,0.72,2893.86,1,175.574,0.163,0.837,0.3,0.0,1.0,0.0,0.0,0.5,0.0,0.404,0.417,0.5,0.529,0.0,0.345,0.0,0,0,0.346,0.414,0.0,0.993,0.17,0.216,0.458,0.0,0.553,0.487,0.0,1.0,0.798
0,2023.07.04 13:46:00,XPDUSDm,PULLBACK,SELL,4,1230.17,1244.58,1215.75,1.0,0.225,1245.834,1248.396,1241.076,0,0.339,0.028,-1.6633,1245.5375,1219.65375,1241.775,1215.75,1,0.011,0.5,0,1245.834,0.706,0.85,0,0.0,0.0,1246.11,1294.54625,5.744,0,0,0,0.383,-0.413,-0.0291,0.413,0.045,0,0.778,2,0.059,1244.004,1236.684,1.469,0.692,0.0,2,0.4,0,0.778,0.737,1.663,0.443,0.291,0,1245.834,8,0.741,0.0,0.446,0.124,0.14,0.508,0.882,1488.7387,1402.518,1246.5825,-830.3906,-16.124,-2,1491.7492,0.678,1258.0588,0.366,1258.0588,0.366,1,0.012,1,0,12237,0.771,0.557,0.365,2603.0,3018.2,2.7641,941.7,0.0,1,0,0.535,2893.86,1,0,0.72,2893.86,1,176.666,0.163,0.837,0.3,0.0,1.0,0.99,0.0,0.5,0.0,0.951,0.462,0.5,0.522,0.0,0.39,0.0,0,0,0.336,0.495,0.0,1.0,0.17,0.463,0.274,0.0,0.529,0.474,0.0,1.0,0.859
0,2023.07.04 14:51:00,XPDUSDm,BREAKOUT,SELL,4,1239.49,1245.08,1232.44,1.26,0.352,1246.63375,1249.86,1240.8265,0,1.461,0.335,-0.6924,1245.5375,1219.65375,1239.1725,1213.1475,0,0.019,0.35,2,1246.63375,0.686,0.237,0,0.0,0.0,0.0,1294.54625,6.355,0,0,0,0.479,-0.3342,-0.0149,0.334,0.015,0,0.789,3,1.0,1245.34325,1235.6645,0.567,0.371,0.0,2,0.25,0,0.789,0.31,0.692,0.448,0.432,1,1246.63375,8,0.737,0.0,0.395,0.1,0.088,0.893,0.98,1488.7387,1402.518,1246.5825,-830.3906,-16.124,-2,1491.7492,0.678,1258.0588,0.366,1258.0588,0.366,1,0.012,1,0,12238,0.771,0.557,0.365,2567.0,2627.7,2.4879,1031.8,0.0,1,0,0.535,2893.86,1,0,0.72,2893.86,1,160.34,0.163,0.837,0.3,0.0,1.0,0.73,0.0,0.5,0.0,1.0,0.485,0.5,0.53,0.0,0.23,0.0,0,0,0.26,0.37,0.162,1.0,0.259,0.445,0.499,0.0,0.533,0.474,0.0,1.0,0.736
0,2023.07.04 14:57:40,XPDUSDm,BREAKOUT_RETEST,SELL,4,1241.47,1245.08,1236.31,1.43,0.349,1246.63375,1249.86,1240.8265,1,1.461,0.335,-0.5005,1245.5375,1219.65375,1239.1725,1213.1475,0,0.021,0.35,2,1246.63375,0.686,0.237,0,0.0,0.0,0.0,1294.54625,6.355,0,0,0,0.479,-0.3342,-0.0149,0.334,0.268,0,0.789,3,1.0,1245.34325,1235.6645,0.375,0.563,0.0,2,0.25,0,0.789,0.231,0.563,0.41,0.423,1,1246.63375,8,0.737,0.249,0.319,0.1,0.088,0.893,0.98,1488.7387,1402.518,1246.5825,-830.3906,-16.124,-2,1491.7492,0.678,1258.0588,0.366,1258.0588,0.366,1,0.012,1,0,12238,0.771,0.557,0.365,2643.0,2579.2,2.5616,1031.8,0.0,1,0,0.535,2893.86,1,0,0.72,2893.86,1,160.149,0.163,0.837,0.3,0.0,1.0,0.42,0.0,0.5,0.0,1.0,0.663,0.5,0.511,0.0,0.226,0.0,0,0,0.342,0.487,0.141,1.0,0.237,0.407,0.65,0.0,0.538,0.474,0.0,1.0,0.669
0,2023.07.04 15:00:00,XPDUSDm,TREND_CONTINUATION,SELL,4,1241.16,1253.76,1214.91,2.08,0.711,1246.63375,1249.86,1235.6645,1,0.275,0.216,-0.5213,1245.5375,1219.65375,1239.1725,1213.1475,0,0.02,0.55,2,1249.21475,0.708,0.37,0,0.0,0.0,1236.55125,1294.54625,5.084,0,0,1,0.65,-0.825,-0.1462,0.825,0.132,2,0.586,3,1.0,1245.34325,1239.536,0.398,0.155,0.4916,0,0.15,2,1.0,0.445,0.767,0.58,0.508,2,1246.63375,1,0.7,0.203,0.321,0.947,0.053,0.828,0.848,1488.7387,1402.518,1246.5825,-830.3906,-16.124,-2,1491.7492,0.678,1258.0588,0.366,1258.0588,0.366,1,0.012,1,0,12239,0.771,0.557,0.365,2667.0,2578.4,2.5398,1050.1,0.0,1,0,0.535,2893.86,1,0,0.72,2893.86,0,157.389,0.163,0.837,0.3,0.0,0.5,0.0,0.0,0.5,0.0,1.0,0.582,0.5,0.53,0.0,0.256,0.0,0,0,0.311,0.422,0.165,1.0,0.174,0.821,0.65,0.0,0.47,0.487,0.0,1.0,0.857
0,2023.07.04 16:17:20,XPDUSDm,PULLBACK,SELL,4,1243.41,1247.61,1215.75,6.58,0.512,1246.63375,1249.86,1234.374,1,0.019,0.812,-0.33,1245.5375,1219.65375,1241.775,1215.75,0,0.024,0.6,2,1249.21475,0.755,0.597,0,0.0,0.0,1247.78325,1294.54625,4.886,0,0,1,0.7,-0.685,-0.2408,0.685,0.365,2,0.585,3,0.93,1245.9885,1238.89075,0.264,0.463,0.0,2,0.25,0,0.585,0.235,0.594,0.395,0.361,1,1246.63375,1,0.7,0.472,0.291,0.206,0.088,0.871,0.811,1491.84128,1398.035,1220.63475,-983.6443,-153.2537,-2,1491.7492,0.684,1266.714,0.367,1266.714,0.367,1,0.019,1,0,12240,0.769,0.555,0.367,2325.0,2384.3,2.3801,976.9,0.0,1,0,0.535,2893.86,1,0,0.72,2893.86,-1,168.955,0.182,0.818,0.3,0.0,0.0,0.76,0.0,0.5,0.0,0.959,0.495,0.5,0.571,0.0,0.312,0.0,0,0,0.299,0.713,0.0,1.0,0.083,0.741,0.65,0.0,0.54,0.487,0.0,1.0,0.834
0,2023.07.04 16:51:40,XPDUSDm,BREAKOUT,SELL,4,1241.0,1247.61,1216.58,3.69,0.353,1246.63375,1249.86,1234.374,1,0.019,0.812,-0.5767,1245.5375,1219.65375,1241.775,1215.75,1,0.022,0.6,2,1249.21475,0.755,0.597,0,0.0,0.0,1247.78325,1294.54625,4.886,0,0,1,0.7,-0.685,-0.2408,0.685,0.35,2,0.585,3,0.93,1245.9885,1238.89075,0.511,0.216,0.0,2,0.25,0,0.585,0.334,0.841,0.397,0.373,1,1246.63375,1,0.7,0.0,0.295,0.206,0.088,0.871,0.811,1491.84128,1398.035,1220.63475,-983.6443,-153.2537,-2,1491.7492,0.684,1266.714,0.367,1266.714,0.367,1,0.019,1,0,12240,0.769,0.555,0.367,2279.0,2377.9,2.333,976.9,0.0,1,0,0.535,2893.86,1,0,0.72,2893.86,-1,169.202,0.182,0.818,0.3,0.0,0.0,0.99,0.0,0.5,0.0,0.586,0.519,0.5,0.649,0.0,0.31,0.0,0,0,0.33,0.641,0.0,1.0,0.083,0.553,0.514,0.0,0.551,0.487,0.0,1.0,0.905
0,2023.07.04 16:58:00,XPDUSDm,BREAKOUT_RETEST,SELL,4,1241.02,1247.61,1226.63,2.18,0.454,1246.63375,1249.86,1234.374,1,0.019,0.812,-0.5747,1245.5375,1219.65375,1241.775,1215.75,1,0.022,0.6,2,1249.21475,0.755,0.597,0,0.0,0.0,1247.78325,1294.54625,4.886,0,0,1,0.7,-0.685,-0.2408,0.685,0.35,2,0.585,3,0.93,1245.9885,1238.89075,0.509,0.218,0.0,2,0.25,0,0.585,0.333,0.839,0.397,0.373,1,1246.63375,1,0.7,0.0,0.295,0.206,0.088,0.871,0.811,1491.84128,1398.035,1220.63475,-983.6443,-153.2537,-2,1491.7492,0.684,1266.714,0.367,1266.714,0.367,1,0.019,1,0,12240,0.769,0.555,0.367,2274.0,2322.4,2.3279,976.9,0.0,1,0,0.535,2893.86,1,0,0.72,2893.86,-1,169.2,0.182,0.818,0.3,0.0,0.0,0.75,0.0,0.5,0.0,0.414,0.58,0.5,0.578,0.0,0.316,0.0,0,0,0.348,0.641,0.0,1.0,0.083,0.553,0.515,0.0,0.551,0.487,0.0,1.0,0.905
0,2023.07.04 22:11:00,XPDUSDm,BREAKOUT,SELL,1,1235.8,1244.43,1214.0,2.53,0.313,1243.55675,1249.22,1230.3425,1,0.541,0.036,-0.8895,1246.03525,1219.65375,1241.775,1215.75,1,0.019,0.75,0,1243.55675,0.705,0.672,0,0.0,0.0,1243.439,1294.54625,6.894,0,0,0,0.8,-0.755,-0.1679,0.755,0.397,2,0.569,3,0.681,1229.084,1233.48875,0.77,0.265,0.0,2,0.4,0,0.569,0.347,0.889,0.39,0.292,0,1243.55675,8,0.741,0.0,0.341,0.226,0.14,0.673,0.865,1494.81458,1398.035,1220.06212,-1003.4313,-19.787,-2,1491.7492,0.686,1266.714,0.367,1266.714,0.367,1,0.132,1,0,12242,0.769,0.555,0.367,3291.0,2636.9,3.7738,872.1,0.0,1,0,0.535,2893.86,1,0,0.72,2893.86,-1,190.129,0.184,0.816,0.3,0.0,0.0,0.34,0.0,0.5,0.0,0.916,0.823,0.5,0.807,0.0,0.35,0.0,0,0,0.575,0.427,0.0,1.0,0.125,0.624,0.478,0.0,0.561,0.487,0.0,1.0,0.768
0,2023.07.04 22:11:00,XPDUSDm,BREAKOUT_RETEST,SELL,1,1235.8,1244.43,1220.9,1.73,0.476,1243.55675,1249.22,1230.3425,1,0.541,0.036,-0.8895,1246.03525,1219.65375,1241.775,1215.75,1,0.019,0.75,0,1243.55675,0.705,0.672,0,0.0,0.0,1243.439,1294.54625,6.894,0,0,0,0.8,-0.755,-0.1679,0.755,0.397,2,0.569,3,0.681,1229.084,1233.48875,0.77,0.265,0.0,2,0.4,0,0.569,0.347,0.889,0.39,0.292,0,1243.55675,8,0.741,0.0,0.341,0.226,0.14,0.673,0.865,1494.81458,1398.035,1220.06212,-1003.4313,-19.787,-2,1491.7492,0.686,1266.714,0.367,1266.714,0.367,1,0.132,1,0,12242,0.769,0.555,0.367,3291.0,2647.4,3.7738,872.1,0.0,1,0,0.535,2893.86,1,0,0.72,2893.86,-1,190.129,0.184,0.816,0.3,0.0,0.0,0.34,0.0,0.5,0.0,0.916,0.823,0.5,0.807,0.0,0.35,0.0,0,0,0.575,0.427,0.0,1.0,0.125,0.624,0.478,0.0,0.561,0.487,0.0,1.0,0.768
0,2023.07.04 22:11:20,XPDUSDm,PULLBACK,SELL,1,1235.8,1244.31,1215.75,2.36,0.531,1243.55675,1249.22,1230.3425,1,0.541,0.036,-0.8895,1246.03525,1219.65375,1241.775,1215.75,1,0.019,0.75,0,1243.55675,0.705,0.672,0,0.0,0.0,1243.439,1294.54625,6.894,0,0,0,0.8,-0.755,-0.1679,0.755,0.397,2,0.569,3,0.681,1229.084,1233.48875,0.77,0.265,0.0,2,0.4,0,0.569,0.347,0.889,0.39,0.292,0,1243.55675,8,0.741,0.0,0.341,0.226,0.14,0.673,0.865,1494.81458,1398.035,1220.06212,-1003.4313,-19.787,-2,1491.7492,0.686,1266.714,0.367,1266.714,0.367,1,0.132,1,0,12242,0.769,0.555,0.367,3291.0,2658.0,3.7738,872.1,0.0,1,0,0.535,2893.86,1,0,0.72,2893.86,-1,190.129,0.184,0.816,0.3,0.0,0.0,0.34,0.0,0.5,0.0,0.916,0.82,0.5,0.807,0.0,0.35,0.0,0,0,0.574,0.427,0.0,1.0,0.125,0.624,0.478,0.0,0.561,0.487,0.0,1.0,0.768
0,2023.07.04 22:11:20,XPDUSDm,TREND_CONTINUATION,SELL,1,1235.8,1246.26,1214.0,2.08,0.447,1243.55675,1249.22,1230.3425,1,0.541,0.036,-0.8895,1246.03525,1219.65375,1241.775,1215.75,1,0.019,0.75,0,1243.55675,0.705,0.672,0,0.0,0.0,1243.439,1294.54625,6.894,0,0,0,0.8,-0.755,-0.1679,0.755,0.397,2,0.569,3,0.681,1229.084,1233.48875,0.77,0.265,0.0,2,0.4,0,0.569,0.347,0.889,0.39,0.292,0,1243.55675,8,0.741,0.0,0.341,0.226,0.14,0.673,0.865,1494.81458,1398.035,1220.06212,-1003.4313,-19.787,-2,1491.7492,0.686,1266.714,0.367,1266.714,0.367,1,0.132,1,0,12242,0.769,0.555,0.367,3291.0,2668.5,3.7738,872.1,0.0,1,0,0.535,2893.86,1,0,0.72,2893.86,-1,190.129,0.184,0.816,0.3,0.0,0.0,0.34,0.0,0.5,0.0,0.916,0.82,0.5,0.807,0.0,0.35,0.0,0,0,0.574,0.427,0.0,1.0,0.125,0.624,0.478,0.0,0.561,0.487,0.0,1.0,0.768
0,2023.07.04 22:12:20,XPDUSDm,ANCHORED_PULLBACK,SELL,1,1238.42,1243.8,1230.34,1.5,0.235,1243.55675,1249.22,1230.3425,1,0.541,0.036,-0.589,1246.03525,1219.65375,1241.775,1215.75,1,0.022,0.75,0,1243.55675,0.705,0.672,0,0.0,0.0,1243.439,1294.54625,6.894,0,0,0,0.8,-0.755,-0.1679,0.755,0.226,2,0.569,3,0.681,1242.9275,1233.48875,0.517,0.565,0.0,2,0.4,0,0.569,0.245,0.589,0.416,0.299,0,1243.55675,8,0.741,0.0,0.392,0.226,0.14,0.821,0.865,1494.81458,1398.035,1220.06212,-1003.4313,-19.787,-2,1491.7492,0.686,1266.714,0.367,1266.714,0.367,1,0.132,1,0,12242,0.769,0.555,0.367,3268.0,2720.5,3.7474,872.1,0.0,1,0,0.535,2893.86,1,0,0.72,2893.86,-1,189.828,0.184,0.816,0.3,0.0,0.0,0.42,0.0,0.5,0.0,1.0,0.835,0.5,0.807,0.0,0.329,0.0,0,0,0.574,0.394,0.0,1.0,0.125,0.624,0.507,0.0,0.562,0.487,0.0,1.0,0.768
0,2023.07.04 23:22:20,XPDUSDm,SWEEP_REVERSAL,SELL,1,1245.29,1249.04,1236.69,2.3,0.561,1244.0945,1248.081,1236.691,1,0.042,0.554,0.1252,1246.03525,1219.65375,1241.775,1215.75,0,0.027,0.5,0,1245.2335,0.72,0.475,0,0.0,0.0,1244.433,1294.54625,5.361,1,1,1,0.72,-0.7104,-0.0401,0.71,0.491,0,0.684,3,0.596,1244.0945,1248.6505,0.125,0.352,0.0,2,0.55,6,0.75,0.08,0.352,0.226,0.292,0,1236.691,5,0.6,0.75,0.573,0.213,0.493,0.829,0.735,1494.81458,1398.035,1220.06212,-1003.4313,-19.787,-2,1491.7492,0.686,1266.714,0.367,1266.714,0.367,1,0.132,1,0,12243,0.769,0.555,0.367,1981.0,1924.7,2.0747,954.9,0.0,1,0,0.535,2893.86,1,0,0.72,2893.86,-1,172.651,0.184,0.816,0.3,0.0,0.0,0.32,0.0,0.5,0.0,0.0,0.349,0.5,0.0,0.0,0.0,0.0,0,0,0.09,0.0,0.0,0.0,0.117,0.0,0.5,0.0,0.0,0.0,0.0,0.0,0.0
0,2023.07.05 00:05:40,XPDUSDm,MEAN_REVERSION,SELL,1,1246.89,1254.32,1240.85,0.81,0.652,1244.513,1248.174,1240.852,1,0.089,1.666,0.256,1246.03525,1219.65375,1241.775,1215.75,0,0.029,0.35,0,1244.513,0.8,0.863,0,0.0,0.0,1246.2215,1294.54625,5.075,0,0,1,0.576,-0.7761,-0.022,0.776,0.635,0,0.779,2,0.366,1245.036,1238.237,0.2,0.932,0.0,2,0.0,0,0.779,0.331,0.932,0.355,0.367,1,1240.852,5,0.6,0.601,0.11,0.233,0.0,0.706,0.855,1488.7387,1398.035,1244.41162,-828.637,174.7943,-1,1491.7492,0.691,1266.714,0.369,1266.714,0.369,1,0.029,1,0,12244,0.769,0.555,0.367,2275.0,1588.5,2.4506,928.4,0.0,1,0,0.535,2893.86,1,0,0.72,2893.86,-1,177.407,0.27,0.73,0.3,1.0,0.0,0.04,0.0,0.5,0.0,0.525,0.658,0.5,0.819,0.0,0.685,0.0,0,0,0.614,0.731,0.803,0.713,0.108,0.382,0.65,0.0,0.556,0.487,0.0,1.0,0.815
0,2023.07.05 00:11:00,XPDUSDm,BREAKOUT_RETEST,SELL,1,1246.63,1249.42,1240.85,2.07,0.41,1244.513,1248.174,1240.852,1,0.089,1.666,0.228,1246.03525,1219.65375,1241.775,1215.75,0,0.029,0.35,0,1244.513,0.8,0.863,0,0.0,0.0,1246.2215,1294.54625,5.075,0,0,1,0.576,-0.7761,-0.022,0.776,0.635,0,0.779,2,0.366,1245.036,1238.237,0.172,0.904,0.0,2,0.0,0,0.779,0.321,0.904,0.355,0.366,1,1240.852,5,0.6,0.657,0.11,0.233,0.0,0.706,0.855,1488.7387,1398.035,1244.41162,-828.637,174.7943,-1,1491.7492,0.691,1266.714,0.369,1266.714,0.369,1,0.029,1,0,12244,0.769,0.555,0.367,2367.0,1804.3,2.5497,928.4,0.0,1,0,0.535,2893.86,1,0,0.72,2893.86,-1,177.435,0.27,0.73,0.3,1.0,0.0,0.24,0.0,0.5,0.0,0.455,0.705,0.5,0.787,0.0,0.724,0.0,0,0,0.649,0.731,0.803,0.95,0.083,0.382,0.65,0.0,0.556,0.487,0.0,1.0,0.782
0,2023.07.05 00:12:20,XPDUSDm,ANCHORED_PULLBACK,SELL,1,1246.0,1249.01,1240.85,1.71,0.536,1244.513,1248.174,1240.852,1,0.089,1.666,0.1602,1246.03525,1219.65375,1241.775,1215.75,0,0.028,0.35,0,1244.513,0.8,0.863,0,0.0,0.0,1246.2215,1294.54625,5.075,0,0,1,0.576,-0.7761,-0.022,0.776,0.515,0,0.779,2,0.366,1245.036,1238.237,0.104,0.836,0.0,2,0.0,0,0.779,0.312,0.836,0.373,0.365,1,1240.852,5,0.6,0.792,0.145,0.233,0.0,0.706,0.855,1488.7387,1398.035,1244.41162,-828.637,174.7943,-1,1491.7492,0.691,1266.714,0.369,1266.714,0.369,1,0.029,1,0,12244,0.769,0.555,0.367,2390.0,1858.3,2.5744,928.4,0.0,1,0,0.535,2893.86,1,0,0.72,2893.86,-1,177.503,0.27,0.73,0.3,1.0,0.0,0.24,0.0,0.5,0.0,0.455,0.691,0.5,0.787,0.0,0.724,0.0,0,0,0.64,0.731,0.803,1.0,0.117,0.382,0.46,0.0,0.556,0.487,0.0,1.0,0.782
0,2023.07.05 00:14:59,XPDUSDm,TREND_CONTINUATION,SELL,1,1244.64,1255.78,1231.96,1.14,0.39,1244.513,1248.174,1240.852,1,0.089,1.666,0.0137,1246.03525,1219.65375,1241.775,1215.75,0,0.027,0.35,0,1244.513,0.8,0.863,0,0.0,0.0,1246.2215,1294.54625,5.075,0,0,1,0.576,-0.7761,-0.022,0.776,0.793,0,0.779,2,0.366,1245.036,1238.237,0.043,0.69,0.0,2,0.0,0,0.779,0.228,0.69,0.331,0.355,1,1248.174,4,0.6,0.915,0.062,0.233,0.0,0.706,0.855,1488.7387,1398.035,1244.41162,-828.637,174.7943,-1,1491.7492,0.691,1266.714,0.369,1266.714,0.369,1,0.029,1,0,12244,0.769,0.555,0.367,2384.0,1952.3,2.568,928.4,0.0,1,0,0.535,2893.86,1,0,0.72,2893.86,-1,177.649,0.27,0.73,0.3,1.0,0.0,0.36,0.0,0.5,0.0,0.371,0.68,0.5,0.787,0.0,0.724,0.0,0,0,0.634,0.731,0.803,1.0,0.117,0.382,0.46,0.0,0.583,0.487,0.0,1.0,0.755
0,2023.07.05 02:12:20,XPDUSDm,ANCHORED_PULLBACK,SELL,1,1234.86,1239.53,1216.22,3.99,0.434,1244.66,1248.16,1241.16,0,0.502,0.073,-1.0515,1246.03525,1219.65375,1244.3775,1215.75,1,0.016,0.35,0,1244.66,0.645,0.47,0,0.0,0.0,1236.731,1294.54625,6.069,0,0,0,0.75,0.72,0.0637,0.72,0.179,0,0.793,2,0.167,1244.16,1232.66,0.998,0.236,0.0,2,0.15,0,0.793,0.445,1.052,0.423,0.342,0,1244.66,8,0.729,0.0,0.306,0.216,0.053,0.749,0.986,1488.7387,1398.035,1244.41162,-828.637,174.7943,-1,1491.7492,0.691,1266.714,0.369,1266.714,0.369,1,0.029,1,0,12246,0.769,0.555,0.367,2794.0,2710.5,2.9979,932.0,0.0,1,0,0.535,2893.86,1,0,0.72,2893.86,0,178.004,0.27,0.73,0.3,1.0,0.5,0.05,0.0,0.5,0.0,0.677,0.514,0.5,0.502,0.0,0.238,0.0,0,0,0.254,0.575,0.0,1.0,0.083,0.292,0.337,0.0,0.562,0.487,0.0,1.0,0.653
0,2023.07.05 03:01:59,XPDUSDm,BREAKOUT,SELL,1,1235.94,1244.36,1213.07,2.72,0.42,1244.607,1252.16,1238.216,0,0.938,0.43,-0.9474,1245.3325,1219.65375,1244.3775,1215.75,1,0.018,0.6,0,1244.607,0.631,0.099,0,0.0,0.0,1232.41775,1294.54625,6.525,0,0,0,0.825,0.58,0.0591,0.58,0.233,0,0.736,2,0.052,1245.188,1238.797,1.011,0.312,0.0,2,0.25,0,0.736,0.42,1.011,0.415,0.29,0,1244.607,8,0.726,0.0,0.33,0.174,0.088,0.701,0.913,1488.7387,1398.035,1244.41162,-828.637,174.7943,-1,1491.7492,0.691,1266.714,0.369,1266.714,0.369,1,0.029,1,0,12247,0.769,0.555,0.367,2887.0,2834.9,3.1559,914.8,0.0,1,0,0.535,2893.86,1,0,0.72,2893.86,1,181.236,0.27,0.73,0.3,1.0,1.0,0.44,0.0,0.5,0.0,0.516,0.538,0.5,0.573,0.0,0.645,0.0,0,0,0.453,0.579,0.124,1.0,0.083,0.686,0.575,0.0,0.549,0.487,0.0,1.0,0.732
0,2023.07.05 06:02:40,XPDUSDm,BREAKOUT,SELL,1,1233.61,1247.12,1211.1,1.67,0.297,1234.471,1237.46,1232.336,1,0.414,0.155,-0.0956,1244.8875,1232.66625,1246.98,1220.955,1,0.001,0.3,0,1234.471,0.721,0.486,0,0.0,0.0,0.0,1294.54625,6.067,0,0,0,0.75,-0.545,-0.1363,0.545,0.566,0,0.802,1,0.363,1234.898,1230.201,0.143,0.379,0.0,2,0.4,0,0.802,0.138,0.379,0.365,0.287,0,1237.46,4,0.6,0.714,0.29,0.164,0.14,0.677,0.926,1491.94591,1398.035,1218.7875,-914.5947,-85.9578,-2,1491.7492,0.696,1266.714,0.372,1266.714,0.372,1,0.159,1,0,12250,0.764,0.558,0.364,1879.0,1913.0,2.0866,900.5,0.0,1,0,0.535,2893.86,1,0,0.72,2893.86,0,184.37,0.183,0.817,0.3,0.0,0.5,0.84,0.0,0.5,0.634,1.0,0.441,0.5,0.586,0.0,0.237,0.0,0,0,0.306,0.719,0.0,1.0,0.067,0.245,0.486,0.0,0.546,0.487,0.0,1.0,0.752
0,2023.07.05 06:02:59,XPDUSDm,BREAKOUT_RETEST,SELL,1,1233.61,1236.31,1229.77,1.42,0.435,1234.471,1237.46,1232.336,1,0.414,0.155,-0.0956,1244.8875,1232.66625,1246.98,1220.955,1,0.001,0.3,0,1234.471,0.721,0.486,0,0.0,0.0,0.0,1294.54625,6.067,0,0,0,0.75,-0.545,-0.1363,0.545,0.566,0,0.802,1,0.363,1234.898,1230.201,0.143,0.379,0.0,2,0.4,0,0.802,0.138,0.379,0.365,0.287,0,1237.46,4,0.6,0.714,0.29,0.164,0.14,0.677,0.926,1491.94591,1398.035,1218.7875,-914.5947,-85.9578,-2,1491.7492,0.696,1266.714,0.372,1266.714,0.372,1,0.159,1,0,12250,0.764,0.558,0.364,1879.0,1912.2,2.0866,900.5,0.0,1,0,0.535,2893.86,1,0,0.72,2893.86,0,184.37,0.183,0.817,0.3,0.0,0.5,0.83,0.0,0.5,0.634,1.0,0.429,0.5,0.586,0.0,0.237,0.0,0,0,0.313,0.719,0.0,1.0,0.067,0.245,0.486,0.0,0.546,0.487,0.0,1.0,0.752
0,2023.07.05 06:03:40,XPDUSDm,PULLBACK,SELL,1,1234.82,1248.33,1220.96,1.03,0.496,1234.471,1237.46,1232.336,1,0.414,0.155,0.0388,1244.8875,1232.66625,1246.98,1220.955,1,0.002,0.3,0,1234.471,0.721,0.486,0,0.0,0.0,0.0,1294.54625,6.067,0,0,0,0.75,-0.545,-0.1363,0.545,1.0,0,0.802,1,0.363,1234.898,1230.201,0.009,0.513,0.0,2,0.4,0,0.802,0.154,0.513,0.3,0.288,0,0.0,0,0.0,0.983,0.16,0.164,0.14,0.677,0.926,1491.94591,1398.035,1218.7875,-914.5947,-85.9578,-2,1491.7492,0.696,1266.714,0.372,1266.714,0.372,1,0.159,1,0,12250,0.764,0.558,0.364,2415.0,1935.1,2.6818,900.5,0.0,1,0,0.535,2893.86,1,0,0.72,2893.86,0,184.235,0.183,0.817,0.3,0.0,0.5,0.04,0.0,0.5,0.0,1.0,0.407,0.5,0.586,0.0,0.251,0.0,0,0,0.332,0.76,0.0,1.0,0.067,0.245,0.505,0.0,0.566,0.487,0.0,1.0,0.799
0,2023.07.05 06:16:00,XPDUSDm,TREND_CONTINUATION,SELL,1,1221.09,1235.37,1198.58,1.58,0.425,1234.471,1237.46,1232.336,0,0.414,0.155,-1.486,1244.8875,1232.66625,1246.98,1220.955,1,0.013,0.3,0,1234.471,0.721,0.486,0,0.0,0.0,0.0,1294.54625,6.067,0,0,0,0.75,-0.545,-0.1363,0.545,0.055,0,0.802,1,0.363,1234.898,1230.201,1.533,1.012,0.0,2,0.4,0,0.802,0.677,1.533,0.442,0.349,0,1234.471,8,0.744,0.0,0.443,0.164,0.14,0.677,0.926,1491.94591,1398.035,1218.7875,-914.5947,-85.9578,-2,1491.7492,0.696,1266.714,0.372,1266.714,0.372,1,0.159,1,0,12250,0.764,0.558,0.364,3254.0,2602.1,3.6135,900.5,0.0,1,0,0.535,2893.86,1,0,0.72,2893.86,0,185.76,0.183,0.817,0.3,0.0,0.5,0.35,0.0,0.5,0.0,0.448,0.443,0.5,0.805,0.0,0.38,0.0,0,0,0.428,0.453,0.0,1.0,0.067,0.374,0.204,0.0,0.52,0.474,0.0,1.0,0.918
0,2023.07.05 07:00:00,XPDUSDm,ANCHORED_PULLBACK,SELL,1,1224.19,1226.84,1204.48,7.43,0.507,1234.256,1238.064,1231.536,0,0.911,0.138,-1.0216,1244.74425,1232.66625,1246.98,1220.955,1,0.009,0.3,0,1234.256,0.737,0.32,0,0.0,0.0,1223.8875,1294.54625,7.14,0,0,0,0.825,-0.58,-0.1172,0.58,0.079,0,0.787,2,0.559,1234.8,1227.184,1.077,0.304,0.0,2,0.4,0,0.787,0.472,1.077,0.438,0.343,0,1234.256,8,0.747,0.0,0.436,0.174,0.14,0.647,0.984,1491.94591,1398.035,1218.7875,-914.5947,-85.9578,-2,1491.7492,0.696,1266.714,0.372,1266.714,0.372,1,0.159,1,0,12251,0.764,0.558,0.364,2261.0,2424.3,2.2946,985.4,0.0,1,0,0.535,2893.86,1,0,0.72,2893.86,0,169.448,0.183,0.817,0.3,0.0,0.5,0.98,0.0,0.5,0.0,0.781,0.755,0.5,0.67,0.0,0.505,0.0,0,0,0.556,0.468,0.0,1.0,0.067,0.38,0.568,0.0,0.497,0.462,0.0,1.0,0.857
0,2023.07.05 08:02:40,XPDUSDm,BREAKOUT,SELL,2,1231.43,1245.41,1208.13,1.67,0.259,1232.08,1240.24,1229.36,1,0.001,0.351,-0.0697,1242.79875,1232.66625,1246.98,1220.955,1,0.001,0.5,0,1232.08,0.789,0.621,0,0.0,0.0,0.0,1294.54625,6.701,0,0,0,0.6,-0.79,-0.1486,0.79,0.72,2,0.62,3,0.322,1231.536,1228.272,0.011,0.339,0.0,2,0.0,0,0.62,0.116,0.339,0.342,0.318,0,1240.24,4,0.6,0.977,0.084,0.237,0.0,0.871,0.794,1495.45857,1398.035,1228.21312,-841.9528,72.6419,-1,1491.7492,0.699,1266.714,0.373,1266.714,0.373,1,0.168,1,0,12252,0.764,0.558,0.364,1512.0,1596.2,1.6223,932.0,0.0,1,0,0.535,2893.86,1,0,0.72,2893.86,-1,178.372,0.222,0.778,0.3,1.0,0.0,0.95,0.0,0.5,0.0,0.779,0.504,0.5,0.59,0.0,0.664,0.0,0,0,0.445,0.813,0.0,0.99,0.067,0.48,0.477,0.0,0.531,0.462,0.0,1.0,0.81
0,2023.07.05 08:02:59,XPDUSDm,BREAKOUT_RETEST,SELL,2,1231.43,1234.23,1223.92,2.69,0.406,1232.08,1240.24,1229.36,1,0.001,0.351,-0.0697,1242.79875,1232.66625,1246.98,1220.955,1,0.001,0.5,0,1232.08,0.789,0.621,0,0.0,0.0,0.0,1294.54625,6.701,0,0,0,0.6,-0.79,-0.1486,0.79,0.72,2,0.62,3,0.322,1231.536,1228.272,0.011,0.339,0.0,2,0.0,0,0.62,0.116,0.339,0.342,0.318,0,1240.24,4,0.6,0.977,0.084,0.237,0.0,0.871,0.794,1495.45857,1398.035,1228.21312,-841.9528,72.6419,-1,1491.7492,0.699,1266.714,0.373,1266.714,0.373,1,0.168,1,0,12252,0.764,0.558,0.364,1512.0,1594.5,1.6223,932.0,0.0,1,0,0.535,2893.86,1,0,0.72,2893.86,-1,178.372,0.222,0.778,0.3,1.0,0.0,0.94,0.0,0.5,0.0,0.779,0.496,0.5,0.59,0.0,0.664,0.0,0,0,0.445,0.813,0.0,0.99,0.067,0.48,0.477,0.0,0.531,0.462,0.0,1.0,0.81
0,2023.07.05 08:08:40,XPDUSDm,PULLBACK,SELL,2,1229.05,1233.01,1220.96,2.04,0.331,1232.08,1240.24,1229.36,0,0.001,0.351,-0.3251,1242.79875,1232.66625,1246.98,1220.955,1,0.004,0.5,0,1232.08,0.789,0.621,0,0.0,0.0,0.0,1294.54625,6.701,0,0,0,0.6,-0.79,-0.1486,0.79,0.134,2,0.62,3,0.322,1231.536,1228.272,0.267,0.083,0.0,2,0.0,0,0.62,0.14,0.325,0.43,0.32,0,1232.08,8,0.758,0.467,0.26,0.237,0.0,0.871,0.794,1495.45857,1398.035,1228.21312,-841.9528,72.6419,-1,1491.7492,0.699,1266.714,0.373,1266.714,0.373,1,0.168,1,0,12252,0.764,0.558,0.364,1402.0,1520.8,1.5043,932.0,0.0,1,0,0.535,2893.86,1,0,0.72,2893.86,-1,178.628,0.222,0.778,0.3,1.0,0.0,0.95,0.0,0.5,0.0,0.961,0.614,0.5,0.632,0.0,0.562,0.0,0,0,0.483,0.772,0.0,1.0,0.067,0.539,0.395,0.0,0.504,0.462,0.0,1.0,0.919
0,2023.07.05 08:16:00,XPDUSDm,TREND_CONTINUATION,SELL,2,1230.11,1241.29,1206.81,2.08,0.405,1232.08,1240.24,1229.36,1,0.001,0.351,-0.2114,1242.79875,1232.66625,1246.98,1220.955,1,0.003,0.5,0,1232.08,0.789,0.621,0,0.0,0.0,0.0,1294.54625,6.701,0,0,0,0.6,-0.79,-0.1486,0.79,0.331,2,0.62,3,0.322,1231.536,1228.272,0.153,0.197,0.0,2,0.0,0,0.62,0.601,1.5,0.4,0.374,1,1240.24,4,0.6,0.694,0.201,0.237,0.0,0.871,0.794,1495.45857,1398.035,1228.21312,-841.9528,72.6419,-1,1491.7492,0.699,1266.714,0.373,1266.714,0.373,1,0.168,1,0,12252,0.764,0.558,0.364,1403.0,1466.0,1.5054,932.0,0.0,1,0,0.535,2893.86,1,0,0.72,2893.86,-1,178.514,0.222,0.778,0.3,1.0,0.0,0.95,0.0,0.5,0.0,0.684,0.552,0.5,0.741,0.0,0.536,0.0,0,0,0.468,0.807,0.0,1.0,0.067,0.48,0.453,0.0,0.496,0.462,0.0,1.0,0.841
0,2023.07.05 10:09:20,XPDUSDm,MEAN_REVERSION,SELL,2,1238.13,1245.36,1232.01,0.85,0.569,1232.01125,1233.635,1227.14,0,0.3,0.179,0.6773,1242.79875,1232.66625,1246.98,1220.955,1,0.006,0.3,4,1232.01125,0.747,0.855,0,0.0,0.0,1231.8925,1294.54625,6.622,0,0,0,1.0,-0.86,-0.161,0.86,0.01,2,0.643,2,0.237,1230.3875,1237.42375,0.857,0.078,0.0,2,0.15,0,0.643,0.384,0.857,0.448,0.296,0,1232.01125,8,0.749,0.0,0.357,0.258,0.202,0.667,0.973,1495.45857,1398.035,1228.21312,-841.9528,72.6419,-1,1491.7492,0.699,1266.714,0.373,1266.714,0.373,1,0.168,1,0,12254,0.764,0.558,0.364,2223.0,1768.2,2.4606,903.4,0.0,1,0,0.535,2893.86,1,0,0.72,2893.86,-1,183.272,0.222,0.778,0.3,1.0,0.0,0.12,0.0,0.5,0.0,0.594,0.827,0.5,0.785,0.0,0.408,0.0,0,0,0.595,0.481,0.0,1.0,0.033,0.271,0.721,0.0,0.572,0.462,0.0,1.0,0.965
0,2023.07.05 10:09:40,XPDUSDm,SWEEP_REVERSAL,SELL,2,1239.74,1248.77,1232.01,0.86,0.172,1232.01125,1233.635,1227.14,0,0.3,0.179,0.8555,1242.79875,1232.66625,1246.98,1220.955,1,0.008,0.3,4,1232.01125,0.747,0.855,0,0.0,0.0,1231.8925,1294.54625,6.622,0,0,0,1.0,-0.86,-0.161,0.86,0.023,2,0.643,2,0.237,1230.3875,1237.42375,1.035,0.256,0.0,2,0.15,0,0.643,0.462,1.035,0.447,0.305,0,1232.01125,8,0.749,0.0,0.353,0.258,0.202,0.667,0.973,1495.45857,1398.035,1228.21312,-841.9528,72.6419,-1,1491.7492,0.699,1266.714,0.373,1266.714,0.373,1,0.168,1,0,12254,0.764,0.558,0.364,2223.0,1778.8,2.4606,903.4,0.0,1,0,0.535,2893.86,1,0,0.72,2893.86,-1,183.094,0.222,0.778,0.3,1.0,0.0,0.16,0.0,0.5,0.0,0.594,0.844,0.5,0.785,0.0,0.408,0.0,0,0,0.605,0.484,0.0,1.0,0.033,0.271,0.753,0.0,0.574,0.462,0.0,1.0,0.965
0,2023.07.05 10:45:40,XPDUSDm,BREAKOUT_RETEST,SELL,2,1231.91,1234.62,1227.14,1.76,0.559,1232.01125,1233.635,1227.14,1,0.3,0.179,-0.0112,1242.79875,1232.66625,1246.98,1220.955,1,0.001,0.3,4,1232.01125,0.747,0.855,0,0.0,0.0,1231.8925,1294.54625,6.622,0,0,0,1.0,-0.86,-0.161,0.86,1.0,2,0.643,2,0.237,1230.3875,1237.42375,0.169,0.61,0.0,2,0.15,0,0.643,0.183,0.61,0.3,0.273,0,1227.14,5,0.6,0.663,0.06,0.258,0.202,0.667,0.973,1495.45857,1398.035,1228.21312,-841.9528,72.6419,-1,1491.7492,0.699,1266.714,0.373,1266.714,0.373,1,0.168,1,0,12254,0.764,0.558,0.364,1973.0,1988.8,2.1839,903.4,0.0,1,0,0.535,2893.86,1,0,0.72,2893.86,-1,183.96,0.222,0.778,0.3,1.0,0.0,0.65,0.0,0.5,0.0,0.87,0.228,0.5,0.534,0.0,0.582,0.0,0,0,0.556,0.8,0.0,0.999,0.033,0.32,0.535,0.0,0.555,0.462,0.0,1.0,0.85
0,2023.07.05 10:50:40,XPDUSDm,BREAKOUT,SELL,2,1229.76,1243.31,1207.17,1.67,0.441,1232.01125,1233.635,1227.14,1,0.3,0.179,-0.2492,1242.79875,1232.66625,1246.98,1220.955,1,0.003,0.3,4,1232.01125,0.747,0.855,0,0.0,0.0,1231.8925,1294.54625,6.622,0,0,0,1.0,-0.86,-0.161,0.86,0.78,2,0.643,2,0.237,1230.3875,1237.42375,0.069,0.848,0.0,2,0.15,0,0.643,0.282,0.848,0.333,0.284,0,1233.635,4,0.6,0.861,0.126,0.258,0.202,0.667,0.973,1495.45857,1398.035,1228.21312,-841.9528,72.6419,-1,1491.7492,0.699,1266.714,0.373,1266.714,0.373,1,0.168,1,0,12254,0.764,0.558,0.364,2023.0,1998.8,2.2392,903.4,0.0,1,0,0.535,2893.86,1,0,0.72,2893.86,-1,184.198,0.222,0.778,0.3,1.0,0.0,0.18,0.0,0.5,0.0,0.816,0.275,0.5,0.539,0.0,0.541,0.0,0,0,0.513,0.8,0.0,0.999,0.033,0.32,0.461,0.0,0.564,0.462,0.0,1.0,0.932
0,2023.07.05 10:50:59,XPDUSDm,TREND_CONTINUATION,SELL,2,1229.76,1240.6,1207.17,2.08,0.526,1232.01125,1233.635,1227.14,1,0.3,0.179,-0.2492,1242.79875,1232.66625,1246.98,1220.955,1,0.003,0.3,4,1232.01125,0.747,0.855,0,0.0,0.0,1231.8925,1294.54625,6.622,0,0,0,1.0,-0.86,-0.161,0.86,0.78,2,0.643,2,0.237,1230.3875,1237.42375,0.069,0.848,0.0,2,0.15,0,0.643,0.282,0.848,0.333,0.284,0,1233.635,4,0.6,0.861,0.126,0.258,0.202,0.667,0.973,1495.45857,1398.035,1228.21312,-841.9528,72.6419,-1,1491.7492,0.699,1266.714,0.373,1266.714,0.373,1,0.168,1,0,12254,0.764,0.558,0.364,2023.0,1999.4,2.2392,903.4,0.0,1,0,0.535,2893.86,1,0,0.72,2893.86,-1,184.198,0.222,0.778,0.3,1.0,0.0,0.18,0.0,0.5,0.0,0.816,0.269,0.5,0.539,0.0,0.541,0.0,0,0,0.516,0.8,0.0,0.999,0.033,0.32,0.461,0.0,0.564,0.462,0.0,1.0,0.932
0,2023.07.05 10:51:40,XPDUSDm,PULLBACK,SELL,2,1228.23,1232.8,1220.96,1.59,0.601,1232.01125,1233.635,1227.14,1,0.3,0.179,-0.4185,1242.79875,1232.66625,1246.98,1220.955,1,0.005,0.3,4,1232.01125,0.747,0.855,0,0.0,0.0,1231.8925,1294.54625,6.622,0,0,0,1.0,-0.86,-0.161,0.86,0.61,2,0.643,2,0.237,1230.3875,1237.42375,0.239,1.018,0.0,2,0.15,0,0.643,0.365,1.018,0.358,0.294,0,1232.01125,8,0.749,0.522,0.177,0.258,0.202,0.667,0.973,1495.45857,1398.035,1228.21312,-841.9528,72.6419,-1,1491.7492,0.699,1266.714,0.373,1266.714,0.373,1,0.168,1,0,12254,0.764,0.558,0.364,2073.0,2004.6,2.2946,903.4,0.0,1,0,0.535,2893.86,1,0,0.72,2893.86,-1,184.368,0.222,0.778,0.3,1.0,0.0,0.0,0.0,0.5,0.0,0.759,0.279,0.5,0.533,0.0,0.422,0.0,0,0,0.462,0.787,0.0,1.0,0.033,0.291,0.44,0.0,0.549,0.462,0.0,1.0,0.883
0,2023.07.05 12:46:40,XPDUSDm,BREAKOUT_RETEST,SELL,2,1229.4,1232.66,1224.04,1.64,0.584,1231.67925,1235.4975,1227.861,1,0.263,0.431,-0.2328,1237.846,1232.66625,1246.98,1220.955,1,0.003,0.45,0,1231.67925,0.8,0.529,0,0.0,0.0,0.0,1294.54625,6.073,0,0,0,1.0,-0.6657,-0.0388,0.666,0.84,0,0.802,0,0.844,1229.558,1226.58825,0.016,0.287,0.0,2,0.25,0,0.802,0.486,1.5,0.324,0.413,1,1235.4975,4,0.6,0.968,0.148,0.2,0.256,0.706,0.807,1488.6293,1398.035,1228.21312,-860.2309,-18.2782,-2,1491.7492,0.708,1266.714,0.376,1266.714,0.376,1,0.186,1,0,12256,0.764,0.558,0.364,2516.0,2594.4,2.5703,978.9,0.0,1,0,0.535,2893.86,1,0,0.72,2893.86,-1,170.041,0.175,0.825,0.3,0.0,0.0,0.82,0.0,0.5,0.0,0.196,0.753,0.5,0.456,0.0,0.464,0.0,0,0,0.474,0.8,0.283,1.0,0.033,0.407,0.464,0.0,0.531,0.462,0.0,1.0,0.966
0,2023.07.05 12:50:40,XPDUSDm,BREAKOUT,SELL,2,1230.52,1245.2,1206.05,1.67,0.394,1231.67925,1235.4975,1227.861,1,0.263,0.431,-0.1184,1237.846,1232.66625,1246.98,1220.955,1,0.002,0.45,0,1231.67925,0.8,0.529,0,0.0,0.0,0.0,1294.54625,6.073,0,0,0,1.0,-0.6657,-0.0388,0.666,0.523,0,0.802,0,0.844,1229.558,1226.58825,0.098,0.402,0.0,2,0.25,0,0.802,0.149,0.402,0.372,0.374,1,1235.4975,4,0.6,0.803,0.243,0.2,0.256,0.706,0.807,1488.6293,1398.035,1228.21312,-860.2309,-18.2782,-2,1491.7492,0.708,1266.714,0.376,1266.714,0.376,1,0.186,1,0,12256,0.764,0.558,0.364,2555.0,2576.1,2.6102,978.9,0.0,1,0,0.535,2893.86,1,0,0.72,2893.86,-1,169.927,0.175,0.825,0.3,0.0,0.0,0.48,0.0,0.5,0.0,0.238,0.803,0.5,0.484,0.0,0.433,0.0,0,0,0.501,0.8,0.052,1.0,0.033,0.407,0.487,0.0,0.508,0.462,0.0,1.0,0.841
0,2023.07.05 12:50:59,XPDUSDm,TREND_CONTINUATION,SELL,2,1230.45,1242.2,1205.98,2.08,0.532,1231.67925,1235.4975,1227.861,1,0.263,0.431,-0.1256,1237.846,1232.66625,1246.98,1220.955,1,0.002,0.45,0,1231.67925,0.8,0.529,0,0.0,0.0,0.0,1294.54625,6.073,0,0,0,1.0,-0.6657,-0.0388,0.666,0.523,0,0.802,0,0.844,1229.558,1226.58825,0.091,0.395,0.0,2,0.25,0,0.802,0.147,0.395,0.372,0.374,1,1235.4975,4,0.6,0.818,0.243,0.2,0.256,0.706,0.807,1488.6293,1398.035,1228.21312,-860.2309,-18.2782,-2,1491.7492,0.708,1266.714,0.376,1266.714,0.376,1,0.186,1,0,12256,0.764,0.558,0.364,2555.0,2574.5,2.6102,978.9,0.0,1,0,0.535,2893.86,1,0,0.72,2893.86,-1,169.934,0.175,0.825,0.3,0.0,0.0,0.47,0.0,0.5,0.0,0.238,0.807,0.5,0.484,0.0,0.433,0.0,0,0,0.503,0.8,0.052,1.0,0.033,0.407,0.486,0.0,0.508,0.462,0.0,1.0,0.841
0,2023.07.05 13:00:00,XPDUSDm,ANCHORED_PULLBACK,SELL,4,1232.46,1232.86,1227.37,12.86,0.366,1231.30625,1238.6155,1227.3705,1,0.003,0.681,0.117,1233.83225,1232.66625,1246.98,1220.955,1,0.0,0.5,0,1231.30625,0.789,0.448,0,0.0,0.0,1229.89725,1294.54625,6.296,0,0,0,0.564,-0.5541,-0.0205,0.554,0.879,0,0.719,2,0.028,1231.30625,1239.17775,0.117,0.681,0.0,2,0.25,0,0.719,0.217,0.681,0.318,0.276,0,1227.3705,5,0.6,0.766,0.136,0.166,0.088,0.836,0.857,1488.6293,1398.035,1228.21312,-860.2309,-18.2782,-2,1491.7492,0.708,1266.714,0.376,1266.714,0.376,1,0.186,1,0,12257,0.764,0.558,0.364,2470.0,2501.3,2.5047,986.1,0.0,1,0,0.535,2893.86,1,0,0.72,2893.86,-1,168.475,0.175,0.825,0.3,0.0,0.0,0.98,0.0,0.5,0.0,0.494,0.756,0.5,0.538,0.0,0.466,0.0,0,0,0.502,0.8,0.0,1.0,0.05,0.453,0.541,0.0,0.542,0.462,0.0,1.0,0.83
0,2023.07.05 13:00:20,XPDUSDm,PULLBACK,SELL,4,1233.52,1239.6,1220.96,2.07,0.438,1231.30625,1238.6155,1227.3705,1,0.003,0.681,0.2245,1233.83225,1232.66625,1246.98,1220.955,1,0.001,0.5,0,1231.30625,0.789,0.448,0,0.0,0.0,1229.89725,1294.54625,6.296,0,0,0,0.564,-0.5541,-0.0205,0.554,0.482,0,0.719,2,0.028,1234.67975,1239.17775,0.118,0.574,0.0,2,0.25,0,0.719,0.217,0.574,0.378,0.274,0,1238.6155,4,0.6,0.765,0.255,0.166,0.088,0.822,0.857,1488.6293,1398.035,1228.21312,-860.2309,-18.2782,-2,1491.7492,0.708,1266.714,0.376,1266.714,0.376,1,0.186,1,0,12257,0.764,0.558,0.364,2470.0,2500.8,2.5047,986.1,0.0,1,0,0.535,2893.86,1,0,0.72,2893.86,-1,168.367,0.175,0.825,0.3,0.0,0.0,0.99,0.0,0.5,0.0,0.581,0.768,0.5,0.538,0.0,0.438,0.0,0,0,0.498,0.8,0.0,1.0,0.036,0.453,0.545,0.0,0.547,0.462,0.0,1.0,0.859
0,2023.07.05 15:00:20,XPDUSDm,MEAN_REVERSION,SELL,4,1243.65,1252.63,1235.48,0.91,0.692,1235.475,1242.036,1230.372,0,0.589,0.061,0.7284,1233.83225,1232.66625,1246.98,1220.955,1,0.01,0.4,0,1235.475,0.8,0.522,0,0.0,0.0,1240.2045,1294.54625,4.545,0,0,0,0.205,0.3714,0.0108,0.371,0.062,0,0.808,2,0.183,1234.746,1244.952,0.793,0.116,0.0,2,0.15,0,0.808,0.35,0.793,0.441,0.34,0,1235.475,8,0.76,0.0,0.341,0.111,0.053,0.779,0.954,1488.6293,1398.035,1228.21312,-860.2309,-18.2782,-2,1491.7492,0.708,1266.714,0.376,1266.714,0.376,1,0.186,1,0,12259,0.764,0.558,0.364,2038.0,1946.6,1.8159,1122.3,0.0,1,0,0.535,2893.86,1,0,0.72,2893.86,-1,147.04,0.175,0.825,0.3,0.0,0.0,0.26,0.0,0.5,0.0,1.0,0.706,0.5,0.496,0.0,0.643,0.0,0,0,0.529,0.587,0.0,1.0,0.0,0.479,0.741,0.0,0.511,0.462,0.0,1.0,0.656
0,2023.07.05 16:26:00,XPDUSDm,SWEEP_REVERSAL,SELL,4,1250.04,1261.16,1241.12,0.8,0.139,1236.18475,1245.2405,1230.422,0,0.765,0.025,1.2456,1233.83225,1232.66625,1246.98,1220.955,0,0.016,0.45,0,1234.53825,0.768,0.405,0,0.0,0.0,1245.1295,1294.54625,4.038,0,0,1,0.75,0.72,0.0536,0.72,0.091,0,0.689,2,0.026,1241.12425,1249.35675,0.802,0.061,0.0,2,0.15,0,0.689,0.608,1.394,0.436,0.324,0,1241.12425,2,0.55,0.0,0.333,0.216,0.053,0.8,0.9,1488.5035,1398.035,1227.645,-799.9531,60.2779,-1,1491.7492,0.696,1266.714,0.383,1266.714,0.383,1,0.067,1,0,12260,0.753,0.569,0.363,2257.0,2394.4,2.029,1112.4,0.0,1,0,0.535,2893.86,1,0,0.72,2893.86,-1,147.778,0.213,0.787,0.3,1.0,0.0,0.99,0.0,0.5,0.0,1.0,0.548,0.5,0.547,0.0,0.3,0.0,0,0,0.313,0.315,0.0,1.0,0.0,0.771,0.869,0.0,0.509,0.487,0.0,1.0,0.596
0,2023.07.05 17:00:20,XPDUSDm,MEAN_REVERSION,SELL,3,1250.5,1259.41,1241.97,0.96,0.647,1236.8725,1244.875,1231.78,0,0.713,0.202,1.2235,1233.31925,1232.66625,1246.98,1220.955,0,0.016,0.45,0,1236.8725,0.654,0.306,0,0.0,0.0,0.0,1294.54625,3.943,0,0,1,0.825,0.755,0.1593,0.755,0.784,0,0.695,0,0.468,1241.965,1253.605,0.766,0.279,0.0,2,0.15,0,0.695,1.314,3.955,0.332,0.457,1,1241.965,2,0.55,0.0,0.125,0.226,0.146,0.75,0.868,1488.5035,1398.035,1227.645,-799.9531,60.2779,-1,1491.7492,0.696,1266.714,0.383,1266.714,0.383,1,0.067,1,0,12261,0.753,0.569,0.363,2352.0,2288.9,2.1117,1113.8,0.0,1,0,0.535,2893.86,1,0,0.72,2893.86,-1,147.547,0.213,0.787,0.3,1.0,0.0,0.18,0.0,0.5,0.0,0.56,0.591,0.5,0.695,0.0,0.297,0.0,0,0,0.382,0.447,0.0,0.994,0.0,0.67,0.823,0.0,0.533,0.462,0.0,1.0,0.653
0,2023.07.05 22:06:00,XPDUSDm,BREAKOUT,SELL,1,1243.8,1250.56,1218.33,3.77,0.487,1249.54175,1253.9325,1248.5285,0,0.564,0.033,-0.5635,1232.2725,1232.66625,1249.5825,1220.955,1,0.011,0.4,0,1254.94575,0.724,0.368,0,0.0,0.0,1248.49075,1294.54625,4.981,0,0,0,1.0,0.72,0.2392,0.72,0.01,2,0.622,3,0.335,1249.8795,1245.48875,0.597,0.166,-0.0345,2,0.15,0,0.622,0.491,1.094,0.449,0.348,0,1249.54175,1,0.7,0.0,0.357,0.216,0.053,0.928,0.992,1485.49822,1398.035,1227.645,-888.5388,-88.5857,-2,1491.7492,0.693,1266.714,0.377,1266.714,0.377,1,0.08,1,0,12265,0.753,0.569,0.363,2562.0,1754.2,2.5146,1018.9,0.0,1,0,0.535,2893.86,1,0,0.72,2893.86,0,161.952,0.174,0.826,0.3,0.0,0.5,0.0,0.0,0.5,0.0,1.0,0.53,0.5,0.511,0.0,0.311,0.0,0,0,0.296,0.502,0.0,1.0,0.071,0.291,0.429,0.0,0.526,0.447,0.0,1.0,0.663
0,2023.07.05 22:06:00,XPDUSDm,ANCHORED_PULLBACK,SELL,1,1243.8,1250.9,1223.42,2.87,0.309,1249.54175,1253.9325,1248.5285,0,0.564,0.033,-0.5635,1232.2725,1232.66625,1249.5825,1220.955,1,0.011,0.4,0,1254.94575,0.724,0.368,0,0.0,0.0,1248.49075,1294.54625,4.981,0,0,0,1.0,0.72,0.2392,0.72,0.01,0,0.656,3,0.335,1249.8795,1245.48875,0.597,0.166,0.0,2,0.15,0,0.656,0.491,1.094,0.449,0.356,1,1249.54175,1,0.7,0.0,0.357,0.216,0.053,0.928,0.992,1485.49822,1398.035,1227.645,-888.5388,-88.5857,-2,1491.7492,0.693,1266.714,0.377,1266.714,0.377,1,0.08,1,0,12265,0.753,0.569,0.363,2562.0,1762.3,2.5146,1018.9,0.0,1,0,0.535,2893.86,1,0,0.72,2893.86,0,161.952,0.174,0.826,0.3,0.0,0.5,0.0,0.0,0.5,0.0,1.0,0.53,0.5,0.511,0.0,0.311,0.0,0,0,0.296,0.508,0.0,1.0,0.071,0.291,0.428,0.0,0.526,0.447,0.0,1.0,0.663
0,2023.07.06 00:06:00,XPDUSDm,BREAKOUT,SELL,1,1238.16,1250.36,1212.6,2.09,0.469,1249.34075,1252.79,1238.993,0,1.096,0.517,-1.0938,1234.2755,1232.66625,1252.185,1226.16,1,0.005,0.7,2,1250.32625,0.765,0.072,0,0.0,0.0,0.0,1294.54625,5.518,0,0,0,1.0,0.79,0.0917,0.79,0.235,2,0.605,2,0.172,1250.819,1245.39875,1.238,0.708,0.0,2,0.25,0,0.605,0.514,1.238,0.415,0.277,0,1250.32625,8,0.753,0.0,0.33,0.237,0.088,0.655,0.978,1488.7387,1398.035,1239.175,-862.5659,25.9728,-1,1491.7492,0.688,1266.714,0.379,1266.714,0.379,1,0.184,1,0,12267,0.753,0.569,0.363,3279.0,3281.1,3.2077,1022.2,0.0,1,0,0.535,2893.86,1,0,0.72,2893.86,0,161.972,0.183,0.817,0.3,1.0,0.5,0.55,0.0,0.5,0.0,0.469,0.679,0.5,0.746,0.0,0.432,0.0,0,0,0.504,0.403,0.0,1.0,0.048,0.536,0.446,0.0,0.537,0.474,0.0,1.0,0.725
0,2023.07.06 02:00:00,XPDUSDm,ANCHORED_PULLBACK,SELL,1,1231.64,1234.92,1211.18,6.24,0.293,1240.84125,1242.33,1233.3975,0,0.22,0.071,-0.8995,1232.2725,1232.66625,1252.185,1226.16,1,0.001,0.45,0,1240.84125,0.769,0.823,0,0.0,0.0,1236.678,1294.54625,6.15,0,0,0,0.675,-0.685,-0.1044,0.685,0.328,1,0.324,1,0.162,1233.89375,1230.91625,0.22,0.071,-0.4216,1,0.15,5,1.0,0.271,0.9,0.301,0.365,1,1240.84125,8,0.754,0.559,0.562,0.206,0.353,0.683,0.953,1488.7387,1398.035,1239.175,-862.5659,25.9728,-1,1491.7492,0.688,1266.714,0.379,1266.714,0.379,1,0.184,1,0,12269,0.753,0.569,0.363,4697.0,4456.7,4.5917,1022.9,0.0,1,0,0.535,2893.86,1,0,0.72,2893.86,0,162.496,0.183,0.817,0.3,1.0,0.5,0.0,0.0,0.5,0.0,0.376,0.519,0.5,0.532,0.0,0.417,0.0,0,0,0.337,0.389,0.0,0.998,0.071,0.307,0.396,0.0,0.488,0.462,0.0,1.0,0.737
0,2023.07.06 02:06:00,XPDUSDm,BREAKOUT,SELL,1,1229.63,1234.92,1204.06,4.84,0.376,1240.84125,1242.33,1233.3975,0,0.22,0.071,-1.096,1232.2725,1232.66625,1252.185,1226.16,1,0.003,0.45,0,1240.84125,0.769,0.823,0,0.0,0.0,1236.678,1294.54625,6.15,0,0,0,0.675,-0.685,-0.1044,0.685,0.042,2,0.624,1,0.162,1233.89375,1230.91625,0.417,0.126,0.0,2,0.15,0,0.624,0.486,1.096,0.444,0.296,0,1233.89375,2,0.55,0.166,0.347,0.206,0.053,0.683,0.953,1488.7387,1398.035,1239.175,-862.5659,25.9728,-1,1491.7492,0.688,1266.714,0.379,1266.714,0.379,1,0.184,1,0,12269,0.753,0.569,0.363,4723.0,4509.7,4.6171,1022.9,0.0,1,0,0.535,2893.86,1,0,0.72,2893.86,0,162.693,0.183,0.817,0.3,1.0,0.5,0.0,0.0,0.5,0.0,0.467,0.482,0.5,0.48,0.0,0.378,0.0,0,0,0.306,0.473,0.0,1.0,0.071,0.296,0.353,0.0,0.532,0.462,0.0,1.0,0.908
0,2023.07.06 02:13:00,XPDUSDm,BREAKOUT_RETEST,SELL,1,1233.88,1236.95,1228.93,1.61,0.411,1240.84125,1242.33,1233.3975,1,0.22,0.071,-0.6805,1232.2725,1232.66625,1252.185,1226.16,1,0.001,0.45,0,1240.84125,0.769,0.823,0,0.0,0.0,1236.678,1294.54625,6.15,0,0,0,0.675,-0.685,-0.1044,0.685,0.734,2,0.624,1,0.162,1233.89375,1230.91625,0.001,0.29,0.0,2,0.15,0,0.624,0.231,0.681,0.34,0.266,0,1240.84125,8,0.754,0.997,0.14,0.206,0.053,0.683,0.953,1488.7387,1398.035,1239.175,-862.5659,25.9728,-1,1491.7492,0.688,1266.714,0.379,1266.714,0.379,1,0.184,1,0,12269,0.753,0.569,0.363,4065.0,4605.4,3.9739,1022.9,0.0,1,0,0.535,2893.86,1,0,0.72,2893.86,0,162.277,0.183,0.817,0.3,1.0,0.5,0.99,0.0,0.5,0.0,0.318,0.623,0.5,0.52,0.0,0.432,0.0,0,0,0.403,0.732,0.0,0.998,0.071,0.283,0.434,0.0,0.585,0.462,0.0,1.0,0.877
0,2023.07.06 02:50:00,XPDUSDm,TREND_CONTINUATION,SELL,1,1228.34,1240.62,1202.77,2.08,0.399,1240.84125,1242.33,1233.3975,0,0.22,0.071,-1.2221,1232.2725,1232.66625,1252.185,1226.16,1,0.004,0.45,0,1240.84125,0.769,0.823,0,0.0,0.0,1236.678,1294.54625,6.15,0,0,0,0.675,-0.685,-0.1044,0.685,0.042,2,0.624,1,0.162,1233.89375,1230.91625,0.543,0.252,0.0,2,0.15,0,0.624,0.542,1.222,0.444,0.302,0,1233.89375,2,0.55,0.0,0.347,0.206,0.053,0.683,0.953,1488.7387,1398.035,1239.175,-862.5659,25.9728,-1,1491.7492,0.688,1266.714,0.379,1266.714,0.379,1,0.184,1,0,12269,0.753,0.569,0.363,4258.0,3732.8,4.1626,1022.9,0.0,1,0,0.535,2893.86,1,0,0.72,2893.86,0,162.819,0.183,0.817,0.3,1.0,0.5,0.0,0.0,0.5,0.0,0.552,0.455,0.5,0.514,0.0,0.611,0.0,0,0,0.426,0.473,0.0,1.0,0.071,0.319,0.309,0.0,0.538,0.462,0.0,1.0,0.908
0,2023.07.06 03:28:59,XPDUSDm,PULLBACK,SELL,1,1230.39,1234.6,1226.16,1.01,0.379,1236.4895,1241.885,1233.056,0,0.561,0.188,-0.5802,1232.2725,1232.66625,1252.185,1226.16,1,0.002,0.45,0,1236.4895,0.781,0.316,0,0.0,0.0,1237.05125,1294.54625,6.363,0,0,0,0.75,-0.72,-0.1886,0.72,0.288,0,0.73,0,0.785,1233.5465,1229.6225,0.3,0.073,0.0,2,0.15,0,0.73,0.236,0.58,0.407,0.358,1,1236.4895,8,0.756,0.399,0.274,0.216,0.209,0.577,0.837,1488.7387,1398.035,1239.175,-862.5659,25.9728,-1,1491.7492,0.688,1266.714,0.379,1266.714,0.379,1,0.184,1,0,12270,0.747,0.566,0.364,3951.0,4320.7,3.7583,1051.3,0.0,1,0,0.535,2893.86,1,0,0.72,2893.86,0,158.232,0.183,0.817,0.3,1.0,0.5,0.98,0.0,0.5,0.0,1.0,0.849,0.5,0.513,0.0,0.286,0.0,0,0,0.478,0.486,0.0,1.0,0.071,0.324,0.372,0.0,0.504,0.462,0.0,1.0,0.846
0,2023.07.06 04:06:30,XPDUSDm,BREAKOUT,SELL,1,1228.82,1233.48,1204.43,5.23,0.345,1236.4475,1238.91,1228.075,1,0.173,0.332,-0.7818,1232.2725,1232.66625,1249.5825,1226.16,1,0.004,0.55,0,1236.4475,0.8,0.675,0,0.0,0.0,0.0,1294.54625,6.532,0,0,0,0.825,-0.755,-0.2673,0.755,0.535,2,0.62,0,0.708,1232.5075,1227.5825,0.378,0.127,0.0,2,0.0,0,0.62,0.289,0.782,0.37,0.392,1,1232.5075,2,0.55,0.244,0.14,0.226,0.142,0.915,0.689,1491.84128,1398.035,1238.97375,-869.9342,-7.3682,-2,1491.7492,0.683,1266.714,0.384,1266.714,0.384,1,0.228,1,0,12271,0.747,0.566,0.364,3356.0,3376.7,3.44,975.6,0.0,1,0,0.535,2893.86,1,0,0.72,2893.86,-1,170.673,0.169,0.831,0.3,0.0,0.0,0.66,0.0,0.5,0.0,0.854,0.418,0.5,0.516,0.0,0.298,0.0,0,0,0.323,0.721,0.0,1.0,0.107,0.394,0.417,0.0,0.52,0.462,0.0,1.0,0.831
0,2023.07.06 04:14:40,XPDUSDm,BREAKOUT_RETEST,SELL,1,1229.22,1233.48,1222.66,1.54,0.515,1236.4475,1238.91,1228.075,1,0.173,0.332,-0.7408,1232.2725,1232.66625,1249.5825,1226.16,1,0.004,0.55,0,1236.4475,0.8,0.675,0,0.0,0.0,0.0,1294.54625,6.532,0,0,0,0.825,-0.755,-0.2673,0.755,0.538,2,0.62,0,0.708,1232.5075,1227.5825,0.337,0.168,0.0,2,0.0,0,0.62,0.274,0.741,0.369,0.39,1,1232.5075,2,0.55,0.326,0.138,0.226,0.142,0.915,0.689,1491.84128,1398.035,1238.97375,-869.9342,-7.3682,-2,1491.7492,0.683,1266.714,0.384,1266.714,0.384,1,0.228,1,0,12271,0.747,0.566,0.364,3154.0,3349.5,3.233,975.6,0.0,1,0,0.535,2893.86,1,0,0.72,2893.86,-1,170.632,0.169,0.831,0.3,0.0,0.0,0.99,0.0,0.5,0.0,0.458,0.392,0.5,0.458,0.0,0.25,0.0,0,0,0.303,0.721,0.0,1.0,0.107,0.408,0.425,0.0,0.52,0.462,0.0,1.0,0.831
0,2023.07.06 05:00:00,XPDUSDm,ANCHORED_PULLBACK,SELL,1,1234.24,1236.7,1229.84,1.79,0.524,1232.91875,1236.515,1227.2675,1,0.145,0.646,0.1453,1232.2725,1232.66625,1249.5825,1226.16,1,0.002,0.45,0,1229.83625,0.73,0.565,0,0.0,0.0,1233.96975,1294.54625,6.634,0,0,0,0.6,-0.79,-0.3011,0.79,0.642,2,0.469,1,0.145,1236.00125,1240.11125,0.194,0.646,-0.1746,1,0.3,5,1.0,0.164,0.646,0.254,0.336,0,1229.83625,8,0.746,0.613,0.527,0.237,0.405,0.754,0.902,1491.84128,1398.035,1238.97375,-869.9342,-7.3682,-2,1491.7492,0.683,1266.714,0.384,1266.714,0.384,1,0.228,1,0,12272,0.747,0.566,0.364,2390.0,2529.9,2.6291,909.1,0.0,1,0,0.535,2893.86,1,0,0.72,2893.86,-1,182.562,0.169,0.831,0.3,0.0,0.0,0.99,0.0,0.5,0.0,1.0,0.65,0.5,0.708,0.0,0.482,0.0,0,0,0.495,0.602,0.0,1.0,0.1,0.258,0.57,0.0,0.528,0.462,0.0,1.0,0.672
0,2023.07.06 06:04:40,XPDUSDm,TREND_CONTINUATION,SELL,1,1243.26,1253.27,1232.99,1.03,0.513,1232.989,1237.356,1227.034,0,0.033,0.319,1.2316,1232.2725,1232.66625,1249.5825,1226.16,1,0.013,0.65,0,1241.723,0.748,0.013,0,0.0,0.0,1240.6735,1294.54625,6.301,0,0,0,0.975,-0.65,-0.229,0.65,0.514,0,0.728,3,0.338,1241.723,1238.944,0.184,0.518,0.0,2,0.25,0,0.728,0.459,1.232,0.373,0.344,0,1232.989,1,0.7,0.631,0.246,0.195,0.088,0.826,0.827,1491.84128,1398.035,1238.97375,-869.9342,-7.3682,-2,1491.7492,0.683,1266.714,0.384,1266.714,0.384,1,0.228,1,0,12273,0.747,0.566,0.364,1877.0,1842.0,2.2508,833.9,0.0,1,0,0.535,2893.86,1,0,0.72,2893.86,-1,197.931,0.169,0.831,0.3,0.0,0.0,0.33,0.0,0.5,0.0,0.411,0.618,0.5,0.758,0.0,0.639,0.0,0,0,0.554,0.881,0.0,1.0,0.107,0.609,0.689,0.0,0.58,0.462,0.0,1.0,0.908
0,2023.07.06 06:09:40,XPDUSDm,SWEEP_REVERSAL,SELL,1,1242.68,1251.02,1232.99,1.16,0.182,1232.989,1237.356,1227.034,0,0.033,0.319,1.1621,1232.2725,1232.66625,1249.5825,1226.16,1,0.012,0.65,0,1241.723,0.748,0.013,0,0.0,0.0,1240.6735,1294.54625,6.301,0,0,0,0.975,-0.65,-0.229,0.65,0.514,0,0.728,3,0.338,1241.723,1238.944,0.115,0.448,0.0,2,0.25,0,0.728,0.433,1.162,0.373,0.341,0,1232.989,1,0.7,0.77,0.246,0.195,0.088,0.826,0.827,1491.84128,1398.035,1238.97375,-869.9342,-7.3682,-2,1491.7492,0.683,1266.714,0.384,1266.714,0.384,1,0.228,1,0,12273,0.747,0.566,0.364,1817.0,1783.9,2.1788,833.9,0.0,1,0,0.535,2893.86,1,0,0.72,2893.86,-1,198.0,0.169,0.831,0.3,0.0,0.0,0.45,0.0,0.5,0.0,0.411,0.624,0.5,0.785,0.0,0.644,0.0,0,0,0.568,0.881,0.0,1.0,0.107,0.44,0.681,0.0,0.58,0.462,0.0,1.0,0.908
0,2023.07.06 06:09:59,XPDUSDm,MEAN_REVERSION,SELL,1,1242.68,1249.35,1232.99,1.45,0.635,1232.989,1237.356,1227.034,0,0.033,0.319,1.1621,1232.2725,1232.66625,1249.5825,1226.16,1,0.012,0.65,0,1241.723,0.748,0.013,0,0.0,0.0,1240.6735,1294.54625,6.301,0,0,0,0.975,-0.65,-0.229,0.65,0.514,0,0.728,3,0.338,1241.723,1238.944,0.115,0.448,0.0,2,0.25,0,0.728,0.433,1.162,0.373,0.341,0,1232.989,1,0.7,0.77,0.246,0.195,0.088,0.826,0.827,1491.84128,1398.035,1238.97375,-869.9342,-7.3682,-2,1491.7492,0.683,1266.714,0.384,1266.714,0.384,1,0.228,1,0,12273,0.747,0.566,0.364,1817.0,1783.5,2.1788,833.9,0.0,1,0,0.535,2893.86,1,0,0.72,2893.86,-1,198.0,0.169,0.831,0.3,0.0,0.0,0.44,0.0,0.5,0.0,0.411,0.627,0.5,0.785,0.0,0.644,0.0,0,0,0.569,0.881,0.0,1.0,0.107,0.44,0.681,0.0,0.58,0.462,0.0,1.0,0.908
0,2023.07.06 07:00:00,XPDUSDm,ANCHORED_PULLBACK,SELL,1,1246.0,1247.3,1241.95,3.11,0.735,1241.94925,1246.51,1232.321,1,0.382,1.021,0.5101,1232.2725,1232.66625,1249.5825,1226.16,1,0.017,0.7,0,1241.94925,0.743,0.253,0,0.0,0.0,1246.391,1294.54625,6.114,0,0,0,1.0,-0.685,-0.1537,0.685,0.419,1,0.325,3,0.633,1241.94925,1238.402,0.51,0.957,0.487,0,0.55,2,1.0,0.514,0.957,0.537,0.395,1,1241.94925,8,0.749,0.0,0.394,0.906,0.193,0.708,0.833,1491.84128,1398.035,1238.97375,-869.9342,-7.3682,-2,1491.7492,0.683,1266.714,0.384,1266.714,0.384,1,0.228,1,0,12274,0.747,0.566,0.364,1664.0,1662.2,2.0955,794.1,0.0,1,0,0.535,2893.86,1,0,0.72,2893.86,0,207.52,0.169,0.831,0.3,0.0,0.5,0.52,0.0,0.5,0.0,0.384,0.595,0.5,0.501,0.0,0.954,0.0,0,0,0.589,0.628,0.0,1.0,0.062,0.786,0.437,0.0,0.494,0.462,0.0,1.0,0.994
0,2023.07.06 07:00:40,XPDUSDm,BREAKOUT_RETEST,SELL,1,1245.33,1247.71,1241.95,1.42,0.56,1241.94925,1246.51,1232.321,1,0.382,1.021,0.4257,1232.2725,1232.66625,1249.5825,1226.16,1,0.016,0.7,0,1241.94925,0.743,0.253,0,0.0,0.0,1246.391,1294.54625,6.114,0,0,0,1.0,-0.685,-0.1537,0.685,0.218,2,0.625,3,0.633,1241.94925,1238.402,0.426,0.872,0.0,2,0.25,0,0.625,0.364,0.872,0.417,0.329,0,1241.94925,8,0.749,0.149,0.335,0.206,0.088,0.708,0.833,1491.84128,1398.035,1238.97375,-869.9342,-7.3682,-2,1491.7492,0.683,1266.714,0.384,1266.714,0.384,1,0.228,1,0,12274,0.747,0.566,0.364,1664.0,1660.0,2.0955,794.1,0.0,1,0,0.535,2893.86,1,0,0.72,2893.86,0,207.605,0.169,0.831,0.3,0.0,0.5,0.42,0.0,0.5,0.0,0.526,0.581,0.5,0.554,0.0,0.814,0.0,0,0,0.541,0.644,0.0,1.0,0.062,0.553,0.434,0.0,0.585,0.462,0.0,1.0,0.947
0,2023.07.06 07:01:40,XPDUSDm,BREAKOUT,SELL,1,1240.77,1252.68,1220.92,1.67,0.388,1241.94925,1246.51,1232.321,1,0.382,1.021,-0.1485,1232.2725,1232.66625,1249.5825,1226.16,1,0.01,0.7,0,1241.94925,0.743,0.253,0,0.0,0.0,1246.391,1294.54625,6.114,0,0,0,1.0,-0.685,-0.1537,0.685,0.526,2,0.625,3,0.633,1241.94925,1238.402,0.149,0.298,0.0,2,0.25,0,0.625,0.557,1.5,0.371,0.351,1,1246.51,4,0.6,0.703,0.242,0.206,0.088,0.708,0.833,1491.84128,1398.035,1238.97375,-869.9342,-7.3682,-2,1491.7492,0.683,1266.714,0.384,1266.714,0.384,1,0.228,1,0,12274,0.747,0.566,0.364,1665.0,1655.6,2.0968,794.1,0.0,1,0,0.535,2893.86,1,0,0.72,2893.86,0,208.179,0.169,0.831,0.3,0.0,0.5,0.3,0.0,0.5,0.238,0.364,0.514,0.5,0.554,0.0,0.916,0.0,0,0,0.541,0.687,0.0,1.0,0.067,0.608,0.523,0.0,0.591,0.462,0.0,1.0,0.831
0,2023.07.06 07:01:59,XPDUSDm,PULLBACK,SELL,1,1240.77,1252.68,1226.16,1.23,0.599,1241.94925,1246.51,1232.321,1,0.382,1.021,-0.1485,1232.2725,1232.66625,1249.5825,1226.16,1,0.01,0.7,0,1241.94925,0.743,0.253,0,0.0,0.0,1246.391,1294.54625,6.114,0,0,0,1.0,-0.685,-0.1537,0.685,0.526,2,0.625,3,0.633,1241.94925,1238.402,0.149,0.298,0.0,2,0.25,0,0.625,0.557,1.5,0.371,0.351,1,1246.51,4,0.6,0.703,0.242,0.206,0.088,0.708,0.833,1491.84128,1398.035,1238.97375,-869.9342,-7.3682,-2,1491.7492,0.683,1266.714,0.384,1266.714,0.384,1,0.228,1,0,12274,0.747,0.566,0.364,1665.0,1654.9,2.0968,794.1,0.0,1,0,0.535,2893.86,1,0,0.72,2893.86,0,208.179,0.169,0.831,0.3,0.0,0.5,0.29,0.0,0.5,0.238,0.364,0.5,0.5,0.554,0.0,0.916,0.0,0,0,0.533,0.687,0.0,1.0,0.067,0.608,0.523,0.0,0.591,0.462,0.0,1.0,0.831
0,2023.07.06 08:08:40,XPDUSDm,TREND_CONTINUATION,SELL,2,1251.99,1261.68,1241.85,1.05,0.437,1241.84625,1247.4645,1236.228,0,0.062,0.248,1.2566,1234.2755,1235.26875,1249.5825,1226.16,0,0.021,0.45,0,1241.84625,0.761,0.653,0,0.0,0.0,0.0,1294.54625,6.003,0,0,0,0.75,-0.72,-0.0524,0.72,0.015,0,0.74,3,0.547,1245.59175,1249.33725,0.793,0.329,0.0,2,0.4,0,0.74,0.563,1.257,0.448,0.331,0,1241.84625,8,0.752,0.0,0.455,0.216,0.14,0.578,0.957,1485.79875,1398.035,1238.97375,-895.1111,-25.177,-2,1491.7492,0.677,1266.714,0.388,1266.714,0.388,1,0.099,1,0,12275,0.747,0.566,0.364,2257.0,2225.3,2.796,807.2,0.0,1,0,0.535,2893.86,1,0,0.72,2893.86,0,203.4,0.166,0.834,0.3,0.0,0.5,0.4,0.0,0.5,0.0,0.7,0.641,0.5,0.502,0.0,0.333,0.0,0,0,0.368,0.374,0.0,0.93,0.071,0.62,0.871,0.0,0.568,0.462,0.0,1.0,0.841
0,2023.07.06 08:09:40,XPDUSDm,SWEEP_REVERSAL,SELL,2,1251.78,1259.85,1241.85,1.23,0.237,1241.84625,1247.4645,1236.228,0,0.062,0.248,1.2306,1234.2755,1235.26875,1249.5825,1226.16,0,0.02,0.45,0,1241.84625,0.761,0.653,0,0.0,0.0,0.0,1294.54625,6.003,0,0,0,0.75,-0.72,-0.0524,0.72,0.015,0,0.74,3,0.547,1245.59175,1249.33725,0.767,0.303,0.0,2,0.4,0,0.74,0.551,1.231,0.448,0.33,0,1241.84625,8,0.752,0.0,0.455,0.216,0.14,0.578,0.957,1485.79875,1398.035,1238.97375,-895.1111,-25.177,-2,1491.7492,0.677,1266.714,0.388,1266.714,0.388,1,0.099,1,0,12275,0.747,0.566,0.364,2257.0,2248.1,2.796,807.2,0.0,1,0,0.535,2893.86,1,0,0.72,2893.86,0,203.426,0.166,0.834,0.3,0.0,0.5,0.4,0.0,0.5,0.0,0.7,0.621,0.5,0.502,0.0,0.333,0.0,0,0,0.357,0.374,0.0,0.93,0.071,0.62,0.871,0.0,0.568,0.462,0.0,1.0,0.841
0,2023.07.06 08:09:59,XPDUSDm,MEAN_REVERSION,SELL,2,1251.78,1258.24,1241.85,1.54,0.63,1241.84625,1247.4645,1236.228,0,0.062,0.248,1.2306,1234.2755,1235.26875,1249.5825,1226.16,0,0.02,0.45,0,1241.84625,0.761,0.653,0,0.0,0.0,0.0,1294.54625,6.003,0,0,0,0.75,-0.72,-0.0524,0.72,0.015,0,0.74,3,0.547,1245.59175,1249.33725,0.767,0.303,0.0,2,0.4,0,0.74,0.551,1.231,0.448,0.33,0,1241.84625,8,0.752,0.0,0.455,0.216,0.14,0.578,0.957,1485.79875,1398.035,1238.97375,-895.1111,-25.177,-2,1491.7492,0.677,1266.714,0.388,1266.714,0.388,1,0.099,1,0,12275,0.747,0.566,0.364,2257.0,2252.0,2.796,807.2,0.0,1,0,0.535,2893.86,1,0,0.72,2893.86,0,203.426,0.166,0.834,0.3,0.0,0.5,0.4,0.0,0.5,0.0,0.7,0.613,0.5,0.502,0.0,0.333,0.0,0,0,0.352,0.374,0.0,0.93,0.071,0.62,0.871,0.0,0.568,0.462,0.0,1.0,0.841
0,2023.07.06 10:09:59,XPDUSDm,MEAN_REVERSION,SELL,2,1247.68,1250.83,1241.86,1.85,0.576,1241.86125,1250.025,1239.9175,1,0.073,0.314,0.7241,1234.2755,1235.26875,1252.185,1228.7625,1,0.015,0.65,2,1241.86125,0.769,0.514,0,0.0,0.0,0.0,1294.54625,5.419,0,0,0,0.75,0.72,0.1449,0.72,0.179,2,0.597,3,0.556,1245.74875,1247.6925,0.24,0.002,0.0,2,0.0,0,0.597,0.306,0.724,0.423,0.339,0,1241.86125,8,0.754,0.519,0.246,0.216,0.0,0.672,0.762,1485.79875,1398.035,1238.97375,-895.1111,-25.177,-2,1491.7492,0.677,1266.714,0.388,1266.714,0.388,1,0.099,1,0,12277,0.747,0.566,0.364,2083.0,2052.9,2.5922,803.6,0.0,1,0,0.535,2893.86,1,0,0.72,2893.86,0,204.858,0.166,0.834,0.3,0.0,0.5,0.33,0.0,0.5,0.0,1.0,0.703,0.5,0.457,0.0,0.119,0.0,0,0,0.307,0.626,0.0,0.968,0.071,0.264,0.593,0.0,0.567,0.462,0.0,1.0,0.651
0,2023.07.06 10:22:40,XPDUSDm,SWEEP_REVERSAL,SELL,2,1250.2,1258.24,1241.86,1.04,0.085,1241.86125,1250.025,1239.9175,0,0.073,0.314,1.0377,1234.2755,1235.26875,1252.185,1228.7625,1,0.019,0.65,2,1241.86125,0.769,0.514,0,0.0,0.0,0.0,1294.54625,5.419,0,0,0,0.75,0.72,0.1449,0.72,0.8,2,0.597,3,0.556,1250.41375,1247.6925,0.027,0.312,0.0,2,0.0,0,0.597,0.342,1.038,0.33,0.339,0,1241.86125,8,0.754,0.947,0.06,0.216,0.0,0.644,0.762,1485.79875,1398.035,1238.97375,-895.1111,-25.177,-2,1491.7492,0.677,1266.714,0.388,1266.714,0.388,1,0.099,1,0,12277,0.747,0.566,0.364,2009.0,2063.3,2.5001,803.6,0.0,1,0,0.535,2893.86,1,0,0.72,2893.86,0,204.544,0.166,0.834,0.3,0.0,0.5,0.92,0.0,0.5,0.0,0.85,0.824,0.5,0.57,0.0,0.154,0.0,0,0,0.427,0.748,0.0,0.99,0.071,0.297,0.713,0.0,0.605,0.462,0.0,1.0,0.768
0,2023.07.06 12:10:00,XPDUSDm,MEAN_REVERSION,SELL,2,1264.76,1271.99,1249.88,2.06,0.661,1249.88225,1253.8355,1243.67,0,1.267,0.108,1.6471,1250.33175,1243.415,1251.03,1226.662,0,0.024,0.45,0,1249.88225,0.698,0.379,0,0.0,0.0,1262.5225,1294.54625,3.427,0,0,1,0.9,0.615,0.266,0.615,0.031,0,0.728,1,0.14,1250.447,1265.1305,1.585,0.041,0.0,2,0.4,0,0.728,1.468,3.298,0.445,0.418,1,1249.88225,8,0.74,0.0,0.451,0.185,0.14,0.86,0.972,1482.63362,1398.035,1238.97375,-874.0658,21.0453,-1,1491.7492,0.654,1266.714,0.384,1266.714,0.384,1,0.0,1,0,12279,0.747,0.566,0.364,2271.0,2523.6,2.5142,903.3,0.0,1,0,0.535,2893.86,1,0,0.72,2893.86,0,180.353,0.176,0.824,0.3,1.0,0.5,0.99,0.0,0.5,0.0,0.772,0.658,0.5,0.564,0.0,0.788,0.0,0,0,0.579,0.248,0.0,0.449,0.1,0.463,0.874,0.0,0.562,0.462,0.0,1.0,0.618
0,2023.07.06 12:22:40,XPDUSDm,SWEEP_REVERSAL,SELL,2,1262.85,1271.88,1249.88,1.44,0.257,1249.88225,1253.8355,1243.67,0,1.267,0.108,1.4356,1250.33175,1243.415,1251.03,1226.662,0,0.022,0.45,0,1249.88225,0.698,0.379,0,0.0,0.0,1262.5225,1294.54625,3.427,0,0,1,0.9,0.615,0.266,0.615,0.375,0,0.728,1,0.14,1250.447,1265.1305,1.373,0.252,0.0,2,0.4,0,0.728,1.382,3.509,0.394,0.408,1,1249.88225,8,0.74,0.0,0.348,0.185,0.14,0.86,0.972,1482.63362,1398.035,1238.97375,-874.0658,21.0453,-1,1491.7492,0.654,1266.714,0.384,1266.714,0.384,1,0.0,1,0,12279,0.747,0.566,0.364,1397.0,2296.1,1.5466,903.3,0.0,1,0,0.535,2893.86,1,0,0.72,2893.86,0,180.564,0.176,0.824,0.3,1.0,0.5,0.99,0.0,0.5,0.0,0.448,0.618,0.5,0.819,0.0,0.693,0.0,0,0,0.593,0.312,0.0,0.249,0.1,0.463,0.874,0.0,0.557,0.462,0.0,1.0,0.618
0,2023.07.06 13:01:59,XPDUSDm,BREAKOUT,SELL,4,1242.69,1251.21,1216.67,3.05,0.489,1262.5575,1266.43,1247.842,0,0.962,0.069,-1.9092,1247.20675,1240.46675,1251.1575,1226.7215,1,0.002,0.6,2,1261.0085,0.721,0.657,0,0.0,0.0,1244.5045,1294.54625,5.227,0,0,0,0.975,0.825,0.3015,0.825,0.074,2,0.54,0,0.494,1250.94,1241.646,0.793,0.1,0.0,2,0.15,0,0.54,0.838,1.909,0.439,0.384,1,1250.94,2,0.55,0.0,0.338,0.247,0.151,0.897,0.911,1482.63362,1398.035,1238.97375,-874.0658,21.0453,-1,1491.7492,0.654,1266.714,0.384,1266.714,0.384,1,0.0,1,0,12280,0.754,0.566,0.365,1993.0,2324.1,1.9152,1040.6,0.0,1,0,0.535,2893.86,1,0,0.72,2893.86,0,158.668,0.176,0.824,0.3,1.0,0.5,0.98,0.0,0.5,0.0,0.301,0.785,0.5,0.488,0.0,0.624,0.0,0,0,0.567,0.389,0.0,1.0,0.1,0.655,0.393,0.0,0.562,0.462,0.0,1.0,0.666
0,2023.07.06 14:13:40,XPDUSDm,ANCHORED_PULLBACK,SELL,4,1231.82,1242.49,1209.83,2.06,0.224,1262.5575,1266.43,1243.195,0,0.385,0.32,-2.795,1247.33975,1240.46675,1251.1575,1226.7215,1,0.008,0.75,2,1245.5185,0.773,0.462,0,0.0,0.0,1239.1915,1294.54625,4.984,0,0,0,1.0,0.685,0.2033,0.685,0.157,2,0.52,3,0.548,1244.744,1236.2245,1.175,0.401,0.0,2,0.25,0,0.52,1.192,2.795,0.427,0.421,1,1245.5185,8,0.755,0.0,0.353,0.206,0.088,0.966,0.848,1482.63362,1398.035,1238.97375,-874.0658,21.0453,-1,1491.7492,0.654,1266.714,0.384,1266.714,0.384,1,0.0,1,0,12281,0.754,0.566,0.365,2351.0,2653.7,2.1378,1099.7,0.0,1,0,0.535,2893.86,1,0,0.72,2893.86,0,151.134,0.176,0.824,0.3,1.0,0.5,0.81,0.0,0.5,0.0,0.383,0.617,0.5,0.55,0.0,0.263,0.0,0,0,0.34,0.443,0.611,1.0,0.1,0.631,0.25,0.0,0.553,0.462,0.0,1.0,0.725
0,2023.07.06 16:01:00,XPDUSDm,PULLBACK,SELL,4,1231.78,1246.17,1217.22,1.01,0.359,1244.98025,1248.7655,1221.007,1,0.14,1.203,-1.1119,1250.02725,1240.46675,1251.1575,1226.7215,1,0.007,0.55,0,1244.98025,0.629,0.375,0,0.0,0.0,1231.026,1294.54625,5.311,0,0,0,0.264,-0.4992,-0.0268,0.499,0.511,2,0.523,0,0.338,1229.83925,1234.88625,0.163,0.262,0.0,2,0.0,0,0.523,0.415,1.112,0.373,0.341,0,1244.98025,8,0.726,0.673,0.147,0.15,0.068,0.953,0.767,1481.51073,1398.035,1238.97375,-766.191,107.8748,-1,1491.7492,0.641,1266.714,0.39,1266.714,0.39,1,0.265,1,0,12283,0.754,0.566,0.365,2316.0,2296.8,1.9509,1187.1,0.0,1,0,0.535,2893.86,1,0,0.72,2893.86,1,140.007,0.234,0.766,0.3,1.0,1.0,0.36,0.0,0.5,0.0,0.913,0.708,0.5,0.539,0.0,0.371,0.0,0,0,0.435,0.712,0.0,1.0,0.048,0.743,0.567,0.0,0.49,0.474,0.0,1.0,0.853
0,2023.07.06 16:13:40,XPDUSDm,ANCHORED_PULLBACK,SELL,4,1232.4,1234.59,1221.01,5.21,0.456,1244.98025,1248.7655,1221.007,1,0.14,1.203,-1.0597,1250.02725,1240.46675,1251.1575,1226.7215,1,0.007,0.55,0,1244.98025,0.629,0.375,0,0.0,0.0,1231.026,1294.54625,5.311,0,0,0,0.264,-0.4992,-0.0268,0.499,0.511,2,0.523,0,0.338,1229.83925,1234.88625,0.216,0.209,0.0,2,0.0,0,0.523,0.396,1.06,0.373,0.338,0,1244.98025,8,0.726,0.569,0.147,0.15,0.068,0.953,0.767,1481.51073,1398.035,1238.97375,-766.191,107.8748,-1,1491.7492,0.641,1266.714,0.39,1266.714,0.39,1,0.265,1,0,12283,0.754,0.566,0.365,2173.0,2279.9,1.8304,1187.1,0.0,1,0,0.535,2893.86,1,0,0.72,2893.86,1,139.955,0.234,0.766,0.3,1.0,1.0,0.99,0.0,0.5,0.0,0.817,0.465,0.5,0.542,0.0,0.323,0.0,0,0,0.313,0.712,0.0,1.0,0.048,0.743,0.567,0.0,0.496,0.474,0.0,1.0,0.853
0,2023.07.06 16:21:40,XPDUSDm,TREND_CONTINUATION,SELL,4,1233.07,1247.32,1217.22,1.11,0.246,1244.98025,1248.7655,1221.007,1,0.14,1.203,-1.0033,1250.02725,1240.46675,1251.1575,1226.7215,1,0.006,0.55,0,1244.98025,0.629,0.375,0,0.0,0.0,1231.026,1294.54625,5.311,0,0,0,0.264,-0.4992,-0.0268,0.499,0.511,2,0.523,0,0.338,1229.83925,1234.88625,0.272,0.153,0.0,2,0.0,0,0.523,0.375,1.003,0.373,0.336,0,1244.98025,8,0.726,0.456,0.147,0.15,0.068,0.953,0.767,1481.51073,1398.035,1238.97375,-766.191,107.8748,-1,1491.7492,0.641,1266.714,0.39,1266.714,0.39,1,0.265,1,0,12283,0.754,0.566,0.365,1973.0,2150.9,1.662,1187.1,0.0,1,0,0.535,2893.86,1,0,0.72,2893.86,1,139.898,0.234,0.766,0.3,1.0,1.0,0.99,0.0,0.5,0.0,0.773,0.519,0.5,0.565,0.0,0.273,0.0,0,0,0.29,0.712,0.0,1.0,0.048,0.743,0.567,0.0,0.506,0.474,0.0,1.0,0.853
0,2023.07.06 17:00:00,XPDUSDm,BREAKOUT_RETEST,SELL,3,1235.15,1238.59,1231.61,1.03,0.344,1231.61125,1237.3775,1220.9025,1,0.021,0.266,0.3086,1234.88625,1237.41225,1251.1575,1229.776,1,0.002,0.5,0,1231.61125,0.754,0.309,0,0.0,0.0,0.0,1294.54625,5.179,0,0,0,0.5,-0.545,-0.1237,0.545,0.572,0,0.696,0,0.746,1233.25875,1238.20125,0.165,0.266,0.0,2,0.4,0,0.696,0.112,0.309,0.364,0.315,0,1231.61125,8,0.751,0.67,0.288,0.164,0.289,0.758,0.76,1481.51073,1398.035,1238.97375,-766.191,107.8748,-1,1491.7492,0.641,1266.714,0.39,1266.714,0.39,1,0.265,1,0,12284,0.754,0.566,0.365,2179.0,1831.7,1.9,1146.9,0.0,1,0,0.535,2893.86,1,0,0.72,2893.86,0,144.631,0.234,0.766,0.3,1.0,0.5,0.0,0.0,0.5,0.0,0.6,0.44,0.5,0.788,0.0,0.353,0.0,0,0,0.413,0.692,0.0,1.0,0.071,0.654,0.557,0.0,0.504,0.474,0.0,1.0,0.816
0,2023.07.06 17:00:20,XPDUSDm,MEAN_REVERSION,SELL,3,1234.92,1238.52,1220.9,3.89,0.639,1231.61125,1237.3775,1220.9025,1,0.021,0.266,0.2885,1234.88625,1237.41225,1251.1575,1229.776,1,0.002,0.5,0,1231.61125,0.754,0.309,0,0.0,0.0,0.0,1294.54625,5.179,0,0,0,0.5,-0.545,-0.1237,0.545,0.572,0,0.696,0,0.746,1233.25875,1238.20125,0.145,0.286,0.0,2,0.4,0,0.696,0.546,1.5,0.364,0.366,1,1220.9025,5,0.6,0.71,0.288,0.164,0.289,0.758,0.76,1481.51073,1398.035,1238.97375,-766.191,107.8748,-1,1491.7492,0.641,1266.714,0.39,1266.714,0.39,1,0.265,1,0,12284,0.754,0.566,0.365,2179.0,1834.5,1.9,1146.9,0.0,1,0,0.535,2893.86,1,0,0.72,2893.86,0,144.651,0.234,0.766,0.3,1.0,0.5,0.0,0.0,0.5,0.0,0.66,0.431,0.5,0.844,0.0,0.388,0.0,0,0,0.45,0.692,0.0,1.0,0.071,0.654,0.533,0.0,0.504,0.474,0.0,1.0,0.816
0,2023.07.06 17:30:20,XPDUSDm,SWEEP_REVERSAL,SELL,3,1240.95,1252.42,1231.61,0.81,0.277,1231.61125,1237.3775,1220.9025,0,0.021,0.266,0.8143,1234.88625,1237.41225,1251.1575,1229.776,1,0.003,0.5,0,1231.61125,0.754,0.309,0,0.0,0.0,0.0,1294.54625,5.179,0,0,0,0.5,-0.545,-0.1237,0.545,0.441,0,0.696,0,0.746,1233.25875,1238.20125,0.671,0.24,0.0,2,0.4,0,0.696,0.313,0.814,0.384,0.338,0,1231.61125,8,0.751,0.0,0.328,0.164,0.289,0.758,0.76,1481.51073,1398.035,1238.97375,-766.191,107.8748,-1,1491.7492,0.641,1266.714,0.39,1266.714,0.39,1,0.265,1,0,12284,0.754,0.566,0.365,1520.0,1633.7,1.3254,1146.9,0.0,1,0,0.535,2893.86,1,0,0.72,2893.86,0,144.125,0.234,0.766,0.3,1.0,0.5,0.99,0.0,0.5,0.0,0.605,0.775,0.5,0.555,0.0,0.593,0.0,0,0,0.569,0.545,0.0,1.0,0.071,0.584,0.71,0.0,0.506,0.474,0.0,1.0,0.853
0,2023.07.06 19:00:00,XPDUSDm,BREAKOUT_RETEST,SELL,3,1239.67,1242.97,1235.61,1.23,0.391,1239.7925,1241.36,1230.91,1,0.011,1.129,-0.0111,1234.88625,1239.0565,1250.788,1229.932,1,0.001,0.5,2,1235.6125,0.693,0.456,0,0.0,0.0,0.0,1294.54625,4.991,0,0,0,0.6,-0.615,-0.2117,0.615,1.0,2,0.623,3,0.328,1239.27,1227.2525,0.036,1.129,0.0,2,0.25,0,0.623,0.339,1.129,0.3,0.32,0,1235.6125,8,0.739,0.927,0.1,0.185,0.088,0.973,0.797,1481.51073,1398.035,1238.97375,-766.191,107.8748,-1,1491.7492,0.641,1266.714,0.39,1266.714,0.39,1,0.265,1,0,12286,0.754,0.566,0.365,1466.0,1450.5,1.3333,1099.5,0.0,1,0,0.535,2893.86,1,0,0.72,2893.86,0,150.449,0.234,0.766,0.3,1.0,0.5,0.12,0.0,0.5,0.0,0.83,0.62,0.5,0.575,0.0,0.147,0.0,0,0,0.303,0.8,0.0,1.0,0.067,0.267,0.551,0.0,0.57,0.474,0.0,1.0,0.997
0,2023.07.06 19:12:40,XPDUSDm,MEAN_REVERSION,SELL,3,1238.78,1247.58,1230.91,0.89,0.59,1239.7925,1241.36,1230.91,1,0.011,1.129,-0.0921,1234.88625,1239.0565,1250.788,1229.932,1,0.0,0.5,2,1235.6125,0.693,0.456,0,0.0,0.0,0.0,1294.54625,4.991,0,0,0,0.6,-0.615,-0.2117,0.615,0.806,2,0.623,3,0.328,1239.27,1227.2525,0.045,1.048,0.0,2,0.25,0,0.623,0.345,1.048,0.329,0.321,0,1230.91,5,0.6,0.911,0.158,0.185,0.088,0.973,0.797,1481.51073,1398.035,1238.97375,-766.191,107.8748,-1,1491.7492,0.641,1266.714,0.39,1266.714,0.39,1,0.265,1,0,12286,0.754,0.566,0.365,1426.0,1447.5,1.297,1099.5,0.0,1,0,0.535,2893.86,1,0,0.72,2893.86,0,150.53,0.234,0.766,0.3,1.0,0.5,0.93,0.0,0.5,0.0,0.817,0.54,0.5,0.575,0.0,0.135,0.0,0,0,0.251,0.8,0.0,1.0,0.067,0.244,0.521,0.0,0.57,0.474,0.0,1.0,0.88
0,2023.07.06 22:24:30,XPDUSDm,BREAKOUT,SELL,1,1229.9,1238.67,1203.94,2.96,0.475,1239.3545,1240.787,1237.349,0,0.745,0.083,-0.9106,1237.40975,1239.0565,1250.788,1229.932,0,0.009,0.3,4,1239.3545,0.664,0.655,0,0.0,0.0,0.0,1294.54625,6.226,0,0,-1,0.7,-0.86,-0.1846,0.86,0.009,0,0.745,2,0.144,1238.495,1231.9055,0.828,0.193,-0.2843,1,0.15,1,1.0,0.272,0.911,0.299,0.38,1,1239.3545,8,0.733,0.0,0.657,0.258,0.202,0.826,1.0,1482.11045,1402.70788,1238.97375,-832.4355,-66.2445,-2,1491.7492,0.638,1266.714,0.393,1266.714,0.393,1,0.257,1,0,12288,0.754,0.566,0.365,2637.0,1390.6,2.5398,1038.3,0.0,1,0,0.535,2893.86,1,0,0.72,2893.86,-1,160.26,0.164,0.836,0.3,0.0,0.0,0.0,0.0,0.5,0.0,1.0,0.679,0.5,0.556,0.0,0.431,0.0,0,0,0.447,0.198,0.0,0.815,0.054,0.13,0.257,0.0,0.506,0.474,0.0,1.0,0.818
0,2023.07.06 22:24:30,XPDUSDm,PULLBACK,SELL,1,1229.9,1238.67,1198.75,3.55,0.371,1239.3545,1240.787,1237.349,0,0.745,0.083,-0.9106,1237.40975,1239.0565,1250.788,1229.932,0,0.009,0.3,4,1239.3545,0.664,0.655,0,0.0,0.0,0.0,1294.54625,6.226,0,0,-1,0.7,-0.86,-0.1846,0.86,0.009,0,0.759,2,0.144,1238.495,1231.9055,0.828,0.193,0.0,2,0.15,0,0.759,0.409,0.911,0.449,0.336,0,1239.3545,8,0.733,0.0,0.357,0.258,0.202,0.826,1.0,1482.11045,1402.70788,1238.97375,-832.4355,-66.2445,-2,1491.7492,0.638,1266.714,0.393,1266.714,0.393,1,0.257,1,0,12288,0.754,0.566,0.365,2637.0,1403.2,2.5398,1038.3,0.0,1,0,0.535,2893.86,1,0,0.72,2893.86,-1,160.26,0.164,0.836,0.3,0.0,0.0,0.0,0.0,0.5,0.0,1.0,0.679,0.5,0.576,0.0,0.53,0.0,0,0,0.492,0.372,0.0,1.0,0.054,0.209,0.248,0.0,0.543,0.474,0.0,1.0,0.961
0,2023.07.06 22:24:30,XPDUSDm,TREND_CONTINUATION,SELL,1,1229.9,1242.36,1203.94,2.08,0.436,1239.3545,1240.787,1237.349,0,0.745,0.083,-0.9106,1237.40975,1239.0565,1250.788,1229.932,0,0.009,0.3,4,1239.3545,0.664,0.655,0,0.0,0.0,0.0,1294.54625,6.226,0,0,-1,0.7,-0.86,-0.1846,0.86,0.009,0,0.759,2,0.144,1238.495,1231.9055,0.828,0.193,0.0,2,0.15,0,0.759,0.409,0.911,0.449,0.336,0,1239.3545,8,0.733,0.0,0.357,0.258,0.202,0.826,1.0,1482.11045,1402.70788,1238.97375,-832.4355,-66.2445,-2,1491.7492,0.638,1266.714,0.393,1266.714,0.393,1,0.257,1,0,12288,0.754,0.566,0.365,2637.0,1415.8,2.5398,1038.3,0.0,1,0,0.535,2893.86,1,0,0.72,2893.86,-1,160.26,0.164,0.836,0.3,0.0,0.0,0.0,0.0,0.5,0.0,1.0,0.679,0.5,0.576,0.0,0.53,0.0,0,0,0.492,0.372,0.0,1.0,0.054,0.209,0.248,0.0,0.543,0.474,0.0,1.0,0.961
0,2023.07.06 23:00:00,XPDUSDm,ANCHORED_PULLBACK,SELL,1,1228.17,1231.01,1208.65,6.87,0.542,1238.309,1240.682,1237.292,0,0.97,0.275,-1.0391,1237.40975,1239.0565,1250.788,1229.932,0,0.011,0.25,4,1238.309,0.658,0.788,0,0.0,0.0,1228.0845,1294.54625,6.802,0,0,-1,1.0,-0.895,-0.1591,0.895,0.034,2,0.628,2,0.28,1238.648,1232.207,1.074,0.414,-0.0049,2,0.15,0,0.628,0.478,1.074,0.445,0.332,0,1238.309,8,0.732,0.0,0.35,0.269,0.202,0.851,1.0,1482.11045,1402.70788,1238.97375,-832.4355,-66.2445,-2,1491.7492,0.638,1266.714,0.393,1266.714,0.393,1,0.257,1,0,12289,0.754,0.566,0.365,3068.0,2441.3,3.1441,975.8,0.0,1,0,0.535,2893.86,1,0,0.72,2893.86,-1,170.702,0.164,0.836,0.3,0.0,0.0,0.09,0.0,0.5,0.0,1.0,0.547,0.5,0.578,0.0,0.356,0.0,0,0,0.344,0.433,0.0,1.0,0.054,0.253,0.559,0.0,0.588,0.474,0.0,1.0,0.961
0,2023.07.07 01:00:00,XPDUSDm,BREAKOUT,SELL,1,1226.48,1238.78,1202.75,1.93,0.383,1238.84,1240.352,1237.328,0,1.196,0.453,-1.3023,1239.93325,1237.40975,1251.289,1231.101,0,0.012,0.15,4,1238.84,0.718,0.155,0,0.0,0.0,1223.57125,1238.34375,1.25,0,0,-1,0.402,0.3279,0.0272,0.328,0.075,0,0.908,2,0.321,1239.344,1233.296,1.355,0.718,0.0,2,0.25,0,0.908,0.595,1.355,0.439,0.368,1,1238.84,8,0.744,0.0,0.377,0.098,0.238,0.555,1.0,1488.6293,1401.058,1238.97375,-814.4645,17.9711,-1,1491.7492,0.636,1266.714,0.394,1266.714,0.394,1,0.176,1,0,12291,0.754,0.565,0.367,3730.0,3436.4,3.9302,949.1,0.0,1,0,0.535,2893.86,1,0,0.72,2893.86,-1,175.685,0.179,0.821,0.3,1.0,0.0,0.0,0.0,0.5,0.0,0.436,0.822,0.5,0.908,0.0,0.274,0.0,0,0,0.575,0.652,0.0,1.0,0.0,0.324,0.563,0.0,0.618,0.474,0.0,1.0,0.824
0,2023.07.07 03:04:00,XPDUSDm,TREND_CONTINUATION,SELL,1,1228.19,1239.29,1205.06,2.08,0.359,1226.29875,1229.9055,1220.631,1,0.204,0.464,0.2044,1239.93325,1237.40975,1251.289,1231.101,0,0.01,0.45,0,1237.63425,0.748,0.875,0,0.0,0.0,0.0,1238.34375,1.097,0,0,-1,0.45,-0.51,-0.0963,0.51,0.396,2,0.459,3,1.0,1226.29875,1233.51225,0.204,0.575,-0.6075,1,0.3,5,1.0,0.319,1.097,0.291,0.492,1,1237.63425,8,0.75,0.591,0.601,0.153,0.405,1.0,0.997,1488.6293,1401.058,1238.97375,-814.4645,17.9711,-1,1491.7492,0.636,1266.714,0.394,1266.714,0.394,1,0.176,1,0,12293,0.754,0.565,0.367,3659.0,3561.6,3.9541,925.4,0.0,1,0,0.535,2893.86,1,0,0.72,2893.86,-1,180.003,0.179,0.821,0.3,1.0,0.0,0.08,0.0,0.5,0.0,0.871,0.401,0.5,0.549,0.0,0.228,0.0,0,0,0.315,0.388,0.0,0.788,0.0,0.309,0.35,0.0,0.56,0.474,0.0,1.0,0.78
0,2023.07.07 03:04:00,XPDUSDm,BREAKOUT,SELL,1,1228.19,1242.07,1205.06,1.67,0.257,1226.29875,1229.9055,1220.631,1,0.204,0.464,0.2044,1239.93325,1237.40975,1251.289,1231.101,0,0.01,0.45,0,1237.63425,0.748,0.875,0,0.0,0.0,0.0,1238.34375,1.097,0,0,-1,0.45,-0.51,-0.0963,0.51,0.396,0,0.759,3,1.0,1226.29875,1233.51225,0.204,0.575,0.0,2,0.0,0,0.759,0.429,1.097,0.391,0.49,1,1237.63425,8,0.75,0.591,0.181,0.153,0.0,1.0,0.997,1488.6293,1401.058,1238.97375,-814.4645,17.9711,-1,1491.7492,0.636,1266.714,0.394,1266.714,0.394,1,0.176,1,0,12293,0.754,0.565,0.367,3659.0,3563.8,3.9541,925.4,0.0,1,0,0.535,2893.86,1,0,0.72,2893.86,-1,180.003,0.179,0.821,0.3,1.0,0.0,0.08,0.0,0.5,0.0,0.947,0.401,0.5,0.567,0.0,0.229,0.0,0,0,0.321,0.659,0.0,0.99,0.0,0.482,0.35,0.0,0.604,0.474,0.0,1.0,0.958
0,2023.07.07 03:04:20,XPDUSDm,BREAKOUT_RETEST,SELL,1,1228.19,1230.97,1215.99,4.39,0.373,1226.29875,1229.9055,1220.631,1,0.204,0.464,0.2044,1239.93325,1237.40975,1251.289,1231.101,0,0.01,0.45,0,1237.63425,0.748,0.875,0,0.0,0.0,0.0,1238.34375,1.097,0,0,-1,0.45,-0.51,-0.0963,0.51,0.396,0,0.759,3,1.0,1226.29875,1233.51225,0.204,0.575,0.0,2,0.0,0,0.759,0.429,1.097,0.391,0.49,1,1237.63425,8,0.75,0.591,0.181,0.153,0.0,1.0,0.997,1488.6293,1401.058,1238.97375,-814.4645,17.9711,-1,1491.7492,0.636,1266.714,0.394,1266.714,0.394,1,0.176,1,0,12293,0.754,0.565,0.367,3659.0,3566.1,3.9541,925.4,0.0,1,0,0.535,2893.86,1,0,0.72,2893.86,-1,180.003,0.179,0.821,0.3,1.0,0.0,0.08,0.0,0.5,0.0,0.947,0.402,0.5,0.567,0.0,0.229,0.0,0,0,0.32,0.659,0.0,0.99,0.0,0.482,0.35,0.0,0.604,0.474,0.0,1.0,0.958
0,2023.07.07 03:04:20,XPDUSDm,PULLBACK,SELL,1,1228.19,1242.07,1200.43,2.0,0.453,1226.29875,1229.9055,1220.631,1,0.204,0.464,0.2044,1239.93325,1237.40975,1251.289,1231.101,0,0.01,0.45,0,1237.63425,0.748,0.875,0,0.0,0.0,0.0,1238.34375,1.097,0,0,-1,0.45,-0.51,-0.0963,0.51,0.396,0,0.759,3,1.0,1226.29875,1233.51225,0.204,0.575,0.0,2,0.0,0,0.759,0.429,1.097,0.391,0.49,1,1237.63425,8,0.75,0.591,0.181,0.153,0.0,1.0,0.997,1488.6293,1401.058,1238.97375,-814.4645,17.9711,-1,1491.7492,0.636,1266.714,0.394,1266.714,0.394,1,0.176,1,0,12293,0.754,0.565,0.367,3659.0,3568.3,3.9541,925.4,0.0,1,0,0.535,2893.86,1,0,0.72,2893.86,-1,180.003,0.179,0.821,0.3,1.0,0.0,0.08,0.0,0.5,0.0,0.947,0.402,0.5,0.567,0.0,0.229,0.0,0,0,0.32,0.659,0.0,0.99,0.0,0.482,0.35,0.0,0.604,0.474,0.0,1.0,0.958
0,2023.07.07 04:00:00,XPDUSDm,ANCHORED_PULLBACK,SELL,1,1228.73,1229.6,1226.3,2.79,0.491,1226.29875,1228.875,1221.6615,1,0.335,0.517,0.3349,1239.93325,1237.40975,1251.289,1231.101,0,0.012,0.35,0,1226.29875,0.721,0.75,0,0.0,0.0,1229.3515,1238.34375,1.324,0,0,-1,0.5,-0.545,-0.2261,0.545,0.463,0,0.737,1,0.441,1224.753,1234.54275,0.548,0.801,0.0,2,0.0,0,0.737,0.504,1.324,0.38,0.384,1,1226.29875,8,0.744,0.0,0.161,0.164,0.0,0.689,1.0,1482.11045,1401.058,1238.97375,-825.4864,-11.0219,-2,1491.7492,0.628,1266.714,0.397,1266.714,0.397,1,0.294,1,0,12294,0.754,0.565,0.367,3369.0,3483.6,4.6405,726.0,0.0,1,0,0.535,2893.86,1,0,0.72,2893.86,0,229.357,0.164,0.836,0.3,0.0,0.5,0.98,0.0,0.5,0.0,1.0,0.706,0.5,0.582,0.0,0.129,0.0,0,0,0.35,0.854,0.0,0.99,0.046,0.478,0.35,0.0,0.609,0.474,0.0,1.0,0.958
0,2023.07.07 04:19:40,XPDUSDm,MEAN_REVERSION,SELL,1,1231.21,1237.02,1226.3,0.85,0.658,1226.29875,1228.875,1221.6615,0,0.335,0.517,0.6765,1239.93325,1237.40975,1251.289,1231.101,1,0.009,0.35,0,1226.29875,0.721,0.75,0,0.0,0.0,1229.3515,1238.34375,1.324,0,0,-1,0.5,-0.545,-0.2261,0.545,0.056,0,0.737,1,0.441,1224.753,1234.54275,0.889,0.459,0.0,2,0.0,0,0.737,0.434,0.983,0.442,0.376,1,1226.29875,8,0.744,0.0,0.283,0.164,0.0,0.689,1.0,1482.11045,1401.058,1238.97375,-825.4864,-11.0219,-2,1491.7492,0.628,1266.714,0.397,1266.714,0.397,1,0.294,1,0,12294,0.754,0.565,0.367,2937.0,3266.8,4.0455,726.0,0.0,1,0,0.535,2893.86,1,0,0.72,2893.86,0,229.015,0.164,0.836,0.3,0.0,0.5,0.99,0.0,0.5,0.0,1.0,0.888,0.5,0.675,0.0,0.151,0.0,0,0,0.495,0.709,0.0,1.0,0.036,0.402,0.6,0.0,0.58,0.474,0.0,1.0,0.925
0,2023.07.07 04:24:40,XPDUSDm,SWEEP_REVERSAL,SELL,1,1232.12,1239.38,1226.3,0.8,0.095,1226.29875,1228.875,1221.6615,0,0.335,0.517,0.8018,1239.93325,1237.40975,1251.289,1231.101,1,0.007,0.35,0,1226.29875,0.721,0.75,0,0.0,0.0,1229.3515,1238.34375,1.324,0,0,-1,0.5,-0.545,-0.2261,0.545,0.0,0,0.737,1,0.441,1224.753,1234.54275,1.015,0.334,0.0,2,0.0,0,0.737,0.457,1.015,0.45,0.379,1,1226.29875,8,0.744,0.0,0.3,0.164,0.0,0.689,1.0,1482.11045,1401.058,1238.97375,-825.4864,-11.0219,-2,1491.7492,0.628,1266.714,0.397,1266.714,0.397,1,0.294,1,0,12294,0.754,0.565,0.367,2742.0,3097.9,3.7769,726.0,0.0,1,0,0.535,2893.86,1,0,0.72,2893.86,0,228.89,0.164,0.836,0.3,0.0,0.5,0.99,0.0,0.5,0.0,0.901,0.913,0.5,0.962,0.0,0.195,0.0,0,0,0.615,0.697,0.0,1.0,0.036,0.402,0.619,0.0,0.58,0.474,0.0,1.0,0.925
0,2023.07.07 05:04:00,XPDUSDm,TREND_CONTINUATION,SELL,1,1236.48,1244.8,1226.29,1.22,0.445,1226.288,1230.374,1222.202,0,1.469,0.16,1.4695,1237.40975,1237.40975,1248.7655,1228.5775,1,0.001,0.45,0,1226.288,0.65,0.0,1,0.0,0.0,1236.2905,1238.34375,0.269,0,0,0,0.825,-0.58,-0.1902,0.58,0.269,0,0.786,1,0.129,1224.926,1234.46,1.666,0.291,0.0,2,0.4,0,0.786,0.682,1.666,0.41,0.317,0,1226.288,8,0.73,0.0,0.379,0.174,0.14,0.677,0.944,1482.11045,1401.058,1238.97375,-825.4864,-11.0219,-2,1491.7492,0.628,1266.714,0.397,1266.714,0.397,1,0.294,1,0,12295,0.754,0.565,0.367,2190.0,2294.4,3.1576,693.6,0.0,1,0,0.535,2893.86,1,0,0.72,2893.86,0,238.963,0.164,0.836,0.3,0.0,0.5,0.98,0.0,0.5,0.0,0.458,0.912,0.5,0.692,0.0,0.748,0.0,0,0,0.754,0.445,0.0,1.0,0.054,0.647,0.745,0.0,0.61,0.474,0.0,1.0,0.851
0,2023.07.07 05:04:30,XPDUSDm,BREAKOUT,SELL,1,1236.72,1247.12,1226.29,1.0,0.427,1226.288,1230.374,1222.202,0,1.469,0.16,1.5041,1237.40975,1237.40975,1248.7655,1228.5775,1,0.001,0.45,0,1226.288,0.65,0.0,1,0.0,0.0,1236.2905,1238.34375,0.269,0,0,0,0.825,-0.58,-0.1902,0.58,0.269,0,0.786,1,0.129,1224.926,1234.46,1.7,0.326,0.0,2,0.4,0,0.786,0.697,1.7,0.41,0.318,0,1226.288,8,0.73,0.0,0.379,0.174,0.14,0.677,0.944,1482.11045,1401.058,1238.97375,-825.4864,-11.0219,-2,1491.7492,0.628,1266.714,0.397,1266.714,0.397,1,0.294,1,0,12295,0.754,0.565,0.367,2190.0,2291.4,3.1576,693.6,0.0,1,0,0.535,2893.86,1,0,0.72,2893.86,0,238.929,0.164,0.836,0.3,0.0,0.5,0.99,0.0,0.5,0.0,0.458,0.917,0.5,0.692,0.0,0.748,0.0,0,0,0.757,0.445,0.0,1.0,0.054,0.647,0.751,0.0,0.617,0.474,0.0,1.0,0.851
0,2023.07.07 05:04:30,XPDUSDm,PULLBACK,SELL,1,1236.72,1247.12,1226.29,1.0,0.379,1226.288,1230.374,1222.202,0,1.469,0.16,1.5041,1237.40975,1237.40975,1248.7655,1228.5775,1,0.001,0.45,0,1226.288,0.65,0.0,1,0.0,0.0,1236.2905,1238.34375,0.269,0,0,0,0.825,-0.58,-0.1902,0.58,0.269,0,0.786,1,0.129,1224.926,1234.46,1.7,0.326,0.0,2,0.4,0,0.786,0.697,1.7,0.41,0.318,0,1226.288,8,0.73,0.0,0.379,0.174,0.14,0.677,0.944,1482.11045,1401.058,1238.97375,-825.4864,-11.0219,-2,1491.7492,0.628,1266.714,0.397,1266.714,0.397,1,0.294,1,0,12295,0.754,0.565,0.367,2190.0,2288.4,3.1576,693.6,0.0,1,0,0.535,2893.86,1,0,0.72,2893.86,0,238.929,0.164,0.836,0.3,0.0,0.5,0.98,0.0,0.5,0.0,0.458,0.917,0.5,0.692,0.0,0.748,0.0,0,0,0.757,0.445,0.0,1.0,0.054,0.647,0.751,0.0,0.617,0.474,0.0,1.0,0.851
0,2023.07.07 05:14:40,XPDUSDm,NAKED_POC,SELL,1,1239.48,1248.84,1226.29,1.41,0.832,1226.288,1230.374,1222.202,0,1.469,0.16,1.902,1237.40975,1237.40975,1248.7655,1228.5775,1,0.003,0.45,0,1226.288,0.65,0.0,1,0.0,0.0,1236.2905,1238.34375,0.269,0,0,0,0.825,-0.58,-0.1902,0.58,0.269,0,0.786,1,0.129,1224.926,1234.46,2.098,0.724,0.0,2,0.4,0,0.786,0.86,2.098,0.41,0.337,0,1226.288,8,0.73,0.0,0.379,0.174,0.14,0.677,0.944,1482.11045,1401.058,1238.97375,-825.4864,-11.0219,-2,1491.7492,0.628,1266.714,0.397,1266.714,0.397,1,0.294,1,0,12295,0.754,0.565,0.367,1918.0,2124.7,2.7654,693.6,0.0,1,0,0.535,2893.86,1,0,0.72,2893.86,0,238.531,0.164,0.836,0.3,0.0,0.5,0.99,0.0,0.5,0.0,0.936,0.988,0.5,0.703,0.0,0.935,0.0,0,0,0.878,0.445,0.0,1.0,0.054,0.459,0.806,0.0,0.633,0.474,0.0,1.0,0.851
0,2023.07.07 06:00:00,XPDUSDm,BREAKOUT_RETEST,SELL,1,1235.93,1237.6,1213.6,13.33,0.768,1226.71125,1237.0235,1219.6555,1,0.099,0.29,1.6517,1237.40975,1237.40975,1248.7655,1228.5775,1,0.003,0.8,0,1238.65175,0.688,0.477,0,0.0,0.0,1236.3035,1294.54625,10.502,0,0,0,0.9,-0.615,-0.1415,0.615,0.199,2,0.535,3,0.568,1236.48075,1233.767,0.099,0.388,1.6476,0,0.4,2,1.0,0.942,1.652,0.57,0.476,1,1238.65175,8,0.738,0.803,0.4,0.885,0.14,0.841,0.867,1482.11045,1401.058,1238.97375,-825.4864,-11.0219,-2,1491.7492,0.628,1266.714,0.397,1266.714,0.397,1,0.294,1,0,12296,0.754,0.565,0.367,1573.0,1698.5,2.8183,558.1,0.0,1,0,0.535,2893.86,1,0,0.72,2893.86,0,297.044,0.164,0.836,0.3,0.0,0.5,0.99,0.0,0.5,0.0,0.361,0.47,0.5,0.602,0.0,0.771,0.0,0,0,0.507,0.586,0.0,1.0,0.054,1.0,0.43,0.0,0.485,0.474,0.0,1.0,0.967
0,2023.07.07 06:00:00,XPDUSDm,ANCHORED_PULLBACK,SELL,1,1235.93,1237.04,1219.66,14.68,0.492,1226.71125,1237.0235,1219.6555,1,0.099,0.29,1.6517,1237.40975,1237.40975,1248.7655,1228.5775,1,0.003,0.8,0,1238.65175,0.688,0.477,0,0.0,0.0,1236.3035,1294.54625,10.502,0,0,0,0.9,-0.615,-0.1415,0.615,0.199,2,0.58,3,0.568,1236.48075,1233.767,0.099,0.388,0.0,2,0.4,0,0.58,0.694,1.652,0.42,0.342,0,1238.65175,8,0.738,0.803,0.4,0.185,0.14,0.841,0.867,1482.11045,1401.058,1238.97375,-825.4864,-11.0219,-2,1491.7492,0.628,1266.714,0.397,1266.714,0.397,1,0.294,1,0,12296,0.754,0.565,0.367,1573.0,1696.2,2.8183,558.1,0.0,1,0,0.535,2893.86,1,0,0.72,2893.86,0,297.044,0.164,0.836,0.3,0.0,0.5,0.98,0.0,0.5,0.0,0.43,0.47,0.5,0.666,0.0,0.664,0.0,0,0,0.484,0.6,0.0,1.0,0.054,0.78,0.426,0.0,0.565,0.474,0.0,1.0,0.873
0,2023.07.07 06:20:00,XPDUSDm,MEAN_REVERSION,SELL,1,1236.73,1241.2,1226.71,2.24,0.577,1226.71125,1237.0235,1219.6555,1,0.099,0.29,1.795,1237.40975,1237.40975,1248.7655,1228.5775,1,0.001,0.8,0,1238.65175,0.688,0.477,0,0.0,0.0,1236.3035,1294.54625,10.502,0,0,0,0.9,-0.615,-0.1415,0.615,0.643,2,0.58,3,0.568,1236.48075,1233.767,0.045,0.531,0.0,2,0.4,0,0.58,0.635,1.795,0.354,0.335,0,1238.65175,8,0.738,0.911,0.267,0.185,0.14,0.841,0.867,1482.11045,1401.058,1238.97375,-825.4864,-11.0219,-2,1491.7492,0.628,1266.714,0.397,1266.714,0.397,1,0.294,1,0,12296,0.754,0.565,0.367,1458.0,1595.7,2.6122,558.1,0.0,1,0,0.535,2893.86,1,0,0.72,2893.86,0,296.901,0.164,0.836,0.3,0.0,0.5,0.99,0.0,0.5,0.0,0.374,0.73,0.5,0.614,0.0,0.608,0.0,0,0,0.565,0.766,0.0,1.0,0.054,0.858,0.579,0.0,0.572,0.474,0.0,1.0,0.873
0,2023.07.07 06:48:40,XPDUSDm,SWEEP_REVERSAL,SELL,1,1237.21,1239.21,1226.71,5.25,0.242,1226.71125,1237.0235,1219.6555,0,0.099,0.29,1.881,1237.40975,1237.40975,1248.7655,1228.5775,1,0.0,0.8,0,1238.65175,0.688,0.477,0,0.0,0.0,1236.3035,1294.54625,10.502,0,0,0,0.9,-0.615,-0.1415,0.615,0.313,2,0.58,3,0.568,1236.48075,1233.767,0.131,0.617,0.0,2,0.4,0,0.58,0.758,1.881,0.403,0.35,0,1226.71125,1,0.7,0.739,0.366,0.185,0.14,0.841,0.867,1482.11045,1401.058,1238.97375,-825.4864,-11.0219,-2,1491.7492,0.628,1266.714,0.397,1266.714,0.397,1,0.294,1,0,12296,0.754,0.565,0.367,1775.0,1766.2,3.1802,558.1,0.0,1,0,0.535,2893.86,1,0,0.72,2893.86,0,296.815,0.164,0.836,0.3,0.0,0.5,0.77,0.0,0.5,0.0,0.876,0.559,0.5,0.555,0.0,0.568,0.0,0,0,0.429,0.671,0.0,1.0,0.054,0.618,0.554,0.0,0.574,0.474,0.0,1.0,0.911
0,2023.07.07 07:04:30,XPDUSDm,BREAKOUT,SELL,1,1227.34,1235.15,1214.78,1.61,0.382,1236.3785,1239.413,1228.142,0,0.311,0.829,-1.7987,1237.40975,1237.40975,1248.7655,1228.5775,0,0.02,0.65,0,1236.3785,0.784,0.616,0,0.0,0.0,1233.9395,1294.54625,12.232,0,0,0,0.647,-0.6468,-0.0496,0.647,0.037,2,0.568,3,0.556,1235.5115,1228.142,1.626,0.16,0.0,2,0.25,0,0.568,0.799,1.799,0.444,0.351,1,1236.3785,8,0.757,0.0,0.389,0.194,0.088,0.665,0.833,1482.11045,1401.058,1238.97375,-825.4864,-11.0219,-2,1491.7492,0.628,1266.714,0.397,1266.714,0.397,1,0.294,1,0,12297,0.754,0.565,0.367,2276.0,2015.5,4.5294,502.5,0.0,1,0,0.535,2893.86,1,0,0.72,2893.86,0,331.646,0.164,0.836,0.3,0.0,0.5,0.06,0.0,0.5,0.0,0.674,0.343,0.5,0.489,0.0,0.524,0.0,0,0,0.45,0.474,0.0,0.914,0.048,0.598,0.275,0.0,0.621,0.474,0.0,1.0,1.065
0,2023.07.07 07:04:30,XPDUSDm,PULLBACK,SELL,1,1227.34,1234.44,1212.27,2.12,0.34,1236.3785,1239.413,1228.142,0,0.311,0.829,-1.7987,1237.40975,1237.40975,1248.7655,1228.5775,0,0.02,0.65,0,1236.3785,0.784,0.616,0,0.0,0.0,1233.9395,1294.54625,12.232,0,0,0,0.647,-0.6468,-0.0496,0.647,0.037,2,0.568,3,0.556,1235.5115,1228.142,1.626,0.16,0.0,2,0.25,0,0.568,0.799,1.799,0.444,0.351,1,1236.3785,8,0.757,0.0,0.389,0.194,0.088,0.665,0.833,1482.11045,1401.058,1238.97375,-825.4864,-11.0219,-2,1491.7492,0.628,1266.714,0.397,1266.714,0.397,1,0.294,1,0,12297,0.754,0.565,0.367,2276.0,2020.5,4.5294,502.5,0.0,1,0,0.535,2893.86,1,0,0.72,2893.86,0,331.646,0.164,0.836,0.3,0.0,0.5,0.06,0.0,0.5,0.0,0.674,0.343,0.5,0.489,0.0,0.524,0.0,0,0,0.45,0.474,0.0,0.914,0.048,0.598,0.275,0.0,0.621,0.474,0.0,1.0,1.065
0,2023.07.07 07:05:00,XPDUSDm,TREND_CONTINUATION,SELL,1,1227.19,1234.44,1214.63,1.73,0.397,1236.3785,1239.413,1228.142,0,0.311,0.829,-1.8286,1237.40975,1237.40975,1248.7655,1228.5775,0,0.02,0.65,0,1236.3785,0.784,0.616,0,0.0,0.0,1233.9395,1294.54625,12.232,0,0,0,0.647,-0.6468,-0.0496,0.647,0.338,2,0.568,3,0.556,1235.5115,1228.142,1.656,0.189,0.0,2,0.25,0,0.568,0.73,1.829,0.399,0.342,0,1236.3785,8,0.757,0.0,0.299,0.194,0.088,0.665,0.833,1482.11045,1401.058,1238.97375,-825.4864,-11.0219,-2,1491.7492,0.628,1266.714,0.397,1266.714,0.397,1,0.294,1,0,12297,0.754,0.565,0.367,2273.0,2025.5,4.5234,502.5,0.0,1,0,0.535,2893.86,1,0,0.72,2893.86,0,331.676,0.164,0.836,0.3,0.0,0.5,0.08,0.0,0.5,0.0,0.58,0.356,0.5,0.462,0.0,0.502,0.0,0,0,0.426,0.542,0.0,1.0,0.048,1.0,0.271,0.0,0.621,0.474,0.0,1.0,1.065
0,2023.07.07 08:35:59,XPDUSDm,ANCHORED_PULLBACK,SELL,2,1219.85,1225.22,1208.8,2.06,0.192,1236.7065,1240.28,1230.07,0,2.1,0.253,-3.0506,1237.40975,1237.40975,1248.7655,1228.5775,0,0.032,0.5,2,1236.7065,0.736,0.16,0,0.0,0.0,1223.565,1294.54625,12.752,0,0,-1,0.217,0.2045,0.0118,0.205,0.041,0,0.73,3,0.469,1236.196,1221.3915,2.958,0.279,0.0,2,0.4,0,0.73,1.354,3.051,0.444,0.458,1,1236.7065,8,0.747,0.0,0.448,0.061,0.14,0.948,0.838,1482.11045,1401.058,1238.97375,-834.0425,-8.5561,-2,1491.7492,0.616,1266.714,0.402,1266.714,0.402,1,0.2,1,0,12298,0.754,0.565,0.367,1519.0,1424.7,2.749,552.6,0.0,1,0,0.535,2893.86,1,0,0.72,2893.86,0,302.949,0.164,0.836,0.3,0.0,0.5,0.13,0.0,0.5,0.707,0.714,0.614,0.5,0.535,0.0,0.745,0.0,0,0,0.527,0.201,0.0,1.0,0.071,0.674,0.124,0.0,0.601,0.474,0.0,1.0,0.782
0,2023.07.07 09:04:40,XPDUSDm,BREAKOUT,SELL,2,1225.65,1228.14,1210.71,6.0,0.126,1227.54375,1235.85,1218.13,1,0.402,0.958,-0.3169,1237.40975,1237.40975,1248.7655,1228.5775,0,0.02,0.8,0,1227.54375,0.684,0.309,0,0.0,0.0,1227.585,1294.54625,11.615,0,0,-1,0.121,0.0,-0.0038,0.316,0.384,0,0.737,3,0.345,1228.0975,1222.00625,0.41,0.61,0.0,2,0.0,0,0.737,0.239,0.61,0.392,0.358,1,1227.54375,8,0.737,0.181,0.185,0.0,0.0,0.823,0.689,1482.11045,1401.058,1238.97375,-834.0425,-8.5561,-2,1491.7492,0.616,1266.714,0.402,1266.714,0.402,1,0.2,1,0,12299,0.754,0.565,0.367,1759.0,1984.7,2.9436,597.6,0.0,1,0,0.535,2893.86,1,0,0.72,2893.86,0,279.165,0.164,0.836,0.3,0.0,0.5,0.99,0.0,0.5,0.0,0.345,0.604,0.5,0.49,0.0,0.872,0.0,0,0,0.558,0.713,0.124,1.0,0.048,1.0,0.35,0.0,0.561,0.474,0.0,1.0,0.843
0,2023.07.07 09:04:59,XPDUSDm,PULLBACK,SELL,2,1225.65,1228.14,1207.72,7.2,0.276,1227.54375,1235.85,1218.13,1,0.402,0.958,-0.3169,1237.40975,1237.40975,1248.7655,1228.5775,0,0.02,0.8,0,1227.54375,0.684,0.309,0,0.0,0.0,1227.585,1294.54625,11.615,0,0,-1,0.121,0.0,-0.0038,0.316,0.384,0,0.737,3,0.345,1228.0975,1222.00625,0.41,0.61,0.0,2,0.0,0,0.737,0.239,0.61,0.392,0.358,1,1227.54375,8,0.737,0.181,0.185,0.0,0.0,0.823,0.689,1482.11045,1401.058,1238.97375,-834.0425,-8.5561,-2,1491.7492,0.616,1266.714,0.402,1266.714,0.402,1,0.2,1,0,12299,0.754,0.565,0.367,1759.0,1982.8,2.9436,597.6,0.0,1,0,0.535,2893.86,1,0,0.72,2893.86,0,279.165,0.164,0.836,0.3,0.0,0.5,0.98,0.0,0.5,0.0,0.345,0.611,0.5,0.49,0.0,0.872,0.0,0,0,0.562,0.713,0.124,1.0,0.048,1.0,0.35,0.0,0.561,0.474,0.0,1.0,0.843
0,2023.07.07 10:50:00,XPDUSDm,SWEEP_REVERSAL,SELL,2,1227.8,1230.7,1214.96,4.43,0.507,1230.055,1232.44,1222.9,1,0.001,0.445,-0.3511,1237.40975,1237.40975,1251.289,1228.5775,0,0.015,0.5,0,1230.055,0.73,0.837,0,0.0,0.0,0.0,1294.54625,10.041,1,0,0,0.262,0.4968,0.0265,0.497,0.641,0,0.652,0,0.83,1228.624,1233.394,0.128,0.871,0.0,2,0.3,6,0.5,0.178,0.871,0.204,0.298,0,1230.055,8,0.746,0.743,0.428,0.149,0.571,0.749,0.775,1482.11045,1401.058,1238.97375,-834.0425,-8.5561,-2,1491.7492,0.616,1266.714,0.402,1266.714,0.402,1,0.2,1,0,12300,0.731,0.566,0.366,2620.0,2725.7,4.0796,642.2,0.0,1,0,0.535,2893.86,1,0,0.72,2893.86,0,259.424,0.164,0.836,0.3,0.0,0.5,0.93,0.0,0.5,0.0,1.0,0.488,0.5,0.509,0.0,0.339,0.0,0,0,0.295,0.543,0.0,1.0,0.071,0.71,0.35,0.0,0.564,0.474,0.0,1.0,0.727
0,2023.07.07 11:02:20,XPDUSDm,ANCHORED_PULLBACK,SELL,2,1227.68,1229.7,1224.47,1.59,0.487,1227.643,1230.814,1224.472,1,0.025,0.879,0.0053,1237.40975,1237.40975,1248.7655,1226.054,1,0.014,0.35,0,1230.361,0.736,0.638,0,0.0,0.0,1228.0175,1294.54625,9.513,0,0,0,0.5,0.545,0.0617,0.545,1.0,0,0.816,2,0.172,1229.002,1222.207,0.188,0.78,0.0,2,0.25,0,0.816,0.234,0.78,0.3,0.32,0,1230.361,8,0.747,0.623,0.1,0.164,0.088,0.838,0.824,1482.11045,1401.058,1238.97375,-834.0425,-8.5561,-2,1491.7492,0.616,1266.714,0.402,1266.714,0.402,1,0.2,1,0,12301,0.731,0.566,0.366,2564.0,2659.7,3.6554,701.4,0.0,1,0,0.535,2893.86,1,0,0.72,2893.86,-1,237.541,0.164,0.836,0.3,0.0,0.0,0.97,0.0,0.5,0.0,1.0,0.507,0.5,0.565,0.0,0.265,0.0,0,0,0.28,0.8,0.0,1.0,0.15,0.357,0.424,0.0,0.629,0.474,0.0,1.0,0.685
0,2023.07.07 11:18:40,XPDUSDm,MEAN_REVERSION,SELL,2,1229.24,1234.85,1224.47,0.85,0.675,1227.643,1230.814,1224.472,1,0.025,0.879,0.2277,1237.40975,1237.40975,1248.7655,1226.054,1,0.012,0.35,0,1230.361,0.736,0.638,0,0.0,0.0,1228.0175,1294.54625,9.513,0,0,0,0.5,0.545,0.0617,0.545,0.703,0,0.816,2,0.172,1229.002,1234.891,0.034,0.806,0.0,2,0.25,0,0.816,0.278,0.806,0.345,0.325,0,1224.472,5,0.6,0.932,0.189,0.164,0.088,0.838,0.919,1482.11045,1401.058,1238.97375,-834.0425,-8.5561,-2,1491.7492,0.616,1266.714,0.402,1266.714,0.402,1,0.2,1,0,12301,0.731,0.566,0.366,2263.0,2434.2,3.2263,701.4,0.0,1,0,0.535,2893.86,1,0,0.72,2893.86,-1,237.319,0.164,0.836,0.3,0.0,0.0,0.99,0.0,0.5,0.0,1.0,0.781,0.5,0.576,0.0,0.251,0.0,0,0,0.442,0.8,0.0,1.0,0.107,0.357,0.541,0.0,0.62,0.474,0.0,1.0,0.758
0,2023.07.07 12:50:00,XPDUSDm,SWEEP_REVERSAL,SELL,2,1237.68,1244.98,1227.64,1.38,0.136,1227.643,1231.72,1226.284,0,0.039,0.66,1.3751,1237.40975,1237.40975,1248.7655,1226.054,1,0.0,0.3,4,1227.643,0.717,0.777,0,0.0,0.0,0.0,1294.54625,8.957,0,0,0,0.222,-0.4572,-0.0215,0.457,0.01,0,0.721,2,0.291,1229.002,1234.891,1.189,0.382,0.0,2,0.0,0,0.721,0.617,1.375,0.449,0.395,1,1227.643,8,0.743,0.0,0.297,0.137,0.15,0.854,0.945,1591.284,1401.058,1238.97375,-845.3524,-11.3099,-2,1491.7492,0.603,1266.714,0.407,1266.714,0.407,1,0.335,1,0,12302,0.731,0.566,0.366,2712.0,2894.1,3.7154,729.9,0.0,1,0,0.535,2893.86,1,0,0.72,2893.86,-1,226.896,0.221,0.779,0.4,0.0,0.0,0.87,0.0,0.5,0.0,0.316,0.393,0.5,0.508,0.0,0.571,0.0,0,0,0.445,0.838,1.0,1.0,0.143,0.54,0.743,0.0,0.64,0.474,0.0,1.0,0.972
0,2023.07.07 13:02:00,XPDUSDm,BREAKOUT_RETEST,SELL,4,1231.3,1233.93,1224.87,2.44,0.455,1230.28125,1232.5995,1224.872,1,0.272,1.33,0.1162,1236.985,1237.40975,1248.7655,1226.054,1,0.007,0.25,4,1230.28125,0.695,0.288,0,0.0,0.0,1236.60625,1294.54625,6.884,0,0,0,0.75,-0.545,-0.0839,0.545,0.456,0,0.718,1,0.586,1229.5085,1221.00825,0.204,1.174,0.0,2,0.25,0,0.718,0.448,1.174,0.382,0.355,1,1224.872,5,0.6,0.591,0.263,0.164,0.238,0.698,0.974,1591.284,1401.058,1238.97375,-845.3524,-11.3099,-2,1491.7492,0.603,1266.714,0.407,1266.714,0.407,1,0.335,1,0,12303,0.731,0.566,0.366,2862.0,2760.8,3.2655,876.4,0.0,1,0,0.535,2893.86,1,0,0.72,2893.86,-1,189.697,0.221,0.779,0.4,0.0,0.0,0.17,0.0,0.5,0.0,0.363,0.17,0.5,0.508,0.0,0.838,0.0,0,0,0.686,0.8,1.0,1.0,0.235,0.499,0.515,0.0,0.565,0.474,0.0,1.0,0.998
0,2023.07.07 13:02:20,XPDUSDm,ANCHORED_PULLBACK,SELL,4,1231.43,1233.48,1224.87,3.21,0.228,1230.28125,1232.5995,1224.872,1,0.272,1.33,0.1311,1236.985,1237.40975,1248.7655,1226.054,1,0.007,0.25,4,1230.28125,0.695,0.288,0,0.0,0.0,1236.60625,1294.54625,6.884,0,0,0,0.75,-0.545,-0.0839,0.545,0.456,0,0.718,1,0.586,1229.5085,1221.00825,0.219,1.189,0.0,2,0.25,0,0.718,0.454,1.189,0.382,0.355,1,1224.872,5,0.6,0.562,0.263,0.164,0.238,0.698,0.974,1591.284,1401.058,1238.97375,-845.3524,-11.3099,-2,1491.7492,0.603,1266.714,0.407,1266.714,0.407,1,0.335,1,0,12303,0.731,0.566,0.366,2862.0,2759.1,3.2655,876.4,0.0,1,0,0.535,2893.86,1,0,0.72,2893.86,-1,189.682,0.221,0.779,0.4,0.0,0.0,0.17,0.0,0.5,0.0,0.363,0.177,0.5,0.508,0.0,0.838,0.0,0,0,0.681,0.8,1.0,1.0,0.235,0.499,0.516,0.0,0.562,0.474,0.0,1.0,0.998
0,2023.07.07 13:18:00,XPDUSDm,BREAKOUT,SELL,4,1225.67,1231.16,1203.76,3.99,0.377,1230.28125,1232.5995,1224.872,1,0.272,1.33,-0.5261,1236.985,1237.40975,1248.7655,1226.054,0,0.013,0.25,4,1230.28125,0.695,0.288,0,0.0,0.0,1236.60625,1294.54625,6.884,0,0,0,0.75,-0.545,-0.0839,0.545,0.16,0,0.718,1,0.586,1229.5085,1221.00825,0.438,0.532,0.0,2,0.25,0,0.718,0.227,0.532,0.426,0.329,0,1230.28125,8,0.739,0.124,0.352,0.164,0.238,0.698,0.974,1591.284,1401.058,1238.97375,-845.3524,-11.3099,-2,1491.7492,0.603,1266.714,0.407,1266.714,0.407,1,0.335,1,0,12303,0.731,0.566,0.366,2942.0,3091.2,3.3568,876.4,0.0,1,0,0.535,2893.86,1,0,0.72,2893.86,-1,190.34,0.221,0.779,0.4,0.0,0.0,0.79,0.0,0.5,0.0,0.455,0.386,0.5,0.508,0.0,0.753,0.0,0,0,0.522,0.645,0.0,1.0,0.143,0.53,0.339,0.0,0.619,0.474,0.0,1.0,1.031
0,2023.07.07 13:18:00,XPDUSDm,PULLBACK,SELL,4,1225.67,1231.16,1199.38,4.79,0.506,1230.28125,1232.5995,1224.872,1,0.272,1.33,-0.5261,1236.985,1237.40975,1248.7655,1226.054,0,0.013,0.25,4,1230.28125,0.695,0.288,0,0.0,0.0,1236.60625,1294.54625,6.884,0,0,0,0.75,-0.545,-0.0839,0.545,0.16,0,0.718,1,0.586,1229.5085,1221.00825,0.438,0.532,0.0,2,0.25,0,0.718,0.227,0.532,0.426,0.329,0,1230.28125,8,0.739,0.124,0.352,0.164,0.238,0.698,0.974,1591.284,1401.058,1238.97375,-845.3524,-11.3099,-2,1491.7492,0.603,1266.714,0.407,1266.714,0.407,1,0.335,1,0,12303,0.731,0.566,0.366,2942.0,3092.0,3.3568,876.4,0.0,1,0,0.535,2893.86,1,0,0.72,2893.86,-1,190.34,0.221,0.779,0.4,0.0,0.0,0.79,0.0,0.5,0.0,0.455,0.386,0.5,0.508,0.0,0.753,0.0,0,0,0.522,0.645,0.0,1.0,0.143,0.53,0.339,0.0,0.619,0.474,0.0,1.0,1.031
0,2023.07.07 13:19:40,XPDUSDm,TREND_CONTINUATION,SELL,4,1225.79,1236.31,1203.88,2.08,0.419,1230.28125,1232.5995,1224.872,1,0.272,1.33,-0.5124,1236.985,1237.40975,1248.7655,1226.054,0,0.013,0.25,4,1230.28125,0.695,0.288,0,0.0,0.0,1236.60625,1294.54625,6.884,0,0,0,0.75,-0.545,-0.0839,0.545,0.16,0,0.718,1,0.586,1229.5085,1221.00825,0.424,0.546,0.0,2,0.25,0,0.718,0.232,0.546,0.426,0.329,0,1230.28125,8,0.739,0.151,0.352,0.164,0.238,0.698,0.974,1591.284,1401.058,1238.97375,-845.3524,-11.3099,-2,1491.7492,0.603,1266.714,0.407,1266.714,0.407,1,0.335,1,0,12303,0.731,0.566,0.366,2916.0,3096.7,3.3271,876.4,0.0,1,0,0.535,2893.86,1,0,0.72,2893.86,-1,190.326,0.221,0.779,0.4,0.0,0.0,0.89,0.0,0.5,0.0,0.455,0.395,0.5,0.508,0.0,0.753,0.0,0,0,0.517,0.645,0.0,1.0,0.143,0.53,0.342,0.0,0.619,0.474,0.0,1.0,1.031
0,2023.07.07 14:50:00,XPDUSDm,SWEEP_REVERSAL,SELL,4,1239.63,1249.89,1230.36,0.9,0.177,1227.5125,1235.35,1223.95,0,1.027,0.501,1.1812,1236.985,1237.40975,1246.242,1226.054,1,0.002,0.4,0,1230.3625,0.769,0.573,0,0.0,0.0,1239.5905,1294.54625,5.091,0,0,0,0.825,-0.58,-0.066,0.58,0.225,0,0.698,1,0.245,1229.65,1247.4625,0.973,0.764,0.0,2,0.25,0,0.698,0.492,1.181,0.416,0.319,0,1230.3625,8,0.754,0.0,0.333,0.174,0.088,0.753,0.951,1591.284,1401.058,1238.97375,-845.3524,-11.3099,-2,1491.7492,0.603,1266.714,0.407,1266.714,0.407,1,0.335,1,0,12304,0.731,0.566,0.366,2292.0,2106.9,2.2342,1025.9,0.0,1,0,0.535,2893.86,1,0,0.72,2893.86,-1,161.253,0.221,0.779,0.4,0.0,0.0,0.0,0.0,0.5,0.0,0.328,0.654,0.5,0.489,0.0,0.392,0.0,0,0,0.396,0.614,0.812,1.0,0.233,0.546,0.718,0.0,0.547,0.474,0.0,1.0,0.927
0,2023.07.07 15:02:00,XPDUSDm,BREAKOUT_RETEST,SELL,4,1237.06,1242.52,1214.31,4.16,0.319,1227.886,1243.72,1224.116,1,0.011,0.719,0.8619,1230.55375,1237.40975,1248.7655,1226.054,1,0.0,0.65,0,1227.886,0.593,0.697,0,0.0,0.0,1247.00575,1294.54625,4.977,0,0,0,0.441,-0.4837,-0.0117,0.484,0.311,2,0.596,3,0.367,1240.704,1234.672,0.342,0.224,0.0,2,0.0,0,0.596,0.348,0.862,0.403,0.33,0,1240.704,2,0.55,0.315,0.207,0.145,0.0,0.755,0.763,1591.284,1401.058,1238.97375,-845.3524,-11.3099,-2,1491.7492,0.603,1266.714,0.407,1266.714,0.407,1,0.335,1,0,12305,0.731,0.566,0.366,2771.0,2399.4,2.6034,1064.4,0.0,1,0,0.535,2893.86,1,0,0.72,2893.86,-1,155.662,0.221,0.779,0.4,0.0,0.0,0.0,0.0,0.5,0.0,0.425,0.399,0.5,0.482,0.0,0.48,0.0,0,0,0.397,0.739,0.0,1.0,0.181,0.487,0.528,0.0,0.537,0.474,0.0,1.0,0.853
0,2023.07.07 15:28:40,XPDUSDm,BREAKOUT,SELL,4,1235.8,1242.52,1227.89,1.18,0.213,1227.886,1243.72,1224.116,1,0.011,0.719,0.7435,1230.55375,1237.40975,1248.7655,1226.054,1,0.002,0.65,0,1227.886,0.593,0.697,0,0.0,0.0,1247.00575,1294.54625,4.977,0,0,0,0.441,-0.4837,-0.0117,0.484,0.244,2,0.596,3,0.367,1240.704,1234.672,0.461,0.106,0.0,2,0.0,0,0.596,0.307,0.744,0.413,0.325,0,1227.886,8,0.719,0.079,0.227,0.145,0.0,0.755,0.763,1591.284,1401.058,1238.97375,-845.3524,-11.3099,-2,1491.7492,0.603,1266.714,0.407,1266.714,0.407,1,0.335,1,0,12305,0.731,0.566,0.366,2138.0,2738.6,2.0087,1064.4,0.0,1,0,0.535,2893.86,1,0,0.72,2893.86,-1,155.78,0.221,0.779,0.4,0.0,0.0,0.99,0.0,0.5,0.0,0.685,0.553,0.5,0.475,0.0,0.324,0.0,0,0,0.304,0.724,0.0,1.0,0.181,0.787,0.515,0.0,0.53,0.474,0.0,1.0,0.853
0,2023.07.07 15:28:59,XPDUSDm,PULLBACK,SELL,4,1235.57,1242.52,1227.89,1.11,0.407,1227.886,1243.72,1224.116,1,0.011,0.719,0.7219,1230.55375,1237.40975,1248.7655,1226.054,1,0.002,0.65,0,1227.886,0.593,0.697,0,0.0,0.0,1247.00575,1294.54625,4.977,0,0,0,0.441,-0.4837,-0.0117,0.484,0.244,2,0.596,3,0.367,1240.704,1234.672,0.482,0.084,0.0,2,0.0,0,0.596,0.298,0.722,0.413,0.324,0,1227.886,8,0.719,0.035,0.227,0.145,0.0,0.755,0.763,1591.284,1401.058,1238.97375,-845.3524,-11.3099,-2,1491.7492,0.603,1266.714,0.407,1266.714,0.407,1,0.335,1,0,12305,0.731,0.566,0.366,2138.0,2733.9,2.0087,1064.4,0.0,1,0,0.535,2893.86,1,0,0.72,2893.86,-1,155.802,0.221,0.779,0.4,0.0,0.0,0.98,0.0,0.5,0.0,0.685,0.572,0.5,0.475,0.0,0.324,0.0,0,0,0.315,0.724,0.0,1.0,0.181,0.787,0.513,0.0,0.53,0.474,0.0,1.0,0.853
0,2023.07.07 15:29:20,XPDUSDm,TREND_CONTINUATION,SELL,4,1235.97,1248.74,1209.36,2.08,0.303,1227.886,1243.72,1224.116,1,0.011,0.719,0.7595,1230.55375,1237.40975,1248.7655,1226.054,1,0.001,0.65,0,1227.886,0.593,0.697,0,0.0,0.0,1247.00575,1294.54625,4.977,0,0,0,0.441,-0.4837,-0.0117,0.484,0.244,2,0.596,3,0.367,1240.704,1234.672,0.445,0.122,0.0,2,0.0,0,0.596,0.314,0.76,0.413,0.326,0,1240.704,2,0.55,0.11,0.227,0.145,0.0,0.755,0.763,1591.284,1401.058,1238.97375,-845.3524,-11.3099,-2,1491.7492,0.603,1266.714,0.407,1266.714,0.407,1,0.335,1,0,12305,0.731,0.566,0.366,2106.0,2716.2,1.9787,1064.4,0.0,1,0,0.535,2893.86,1,0,0.72,2893.86,-1,155.764,0.221,0.779,0.4,0.0,0.0,0.99,0.0,0.5,0.0,0.685,0.612,0.5,0.475,0.0,0.324,0.0,0,0,0.339,0.724,0.0,1.0,0.181,0.787,0.517,0.0,0.53,0.474,0.0,1.0,0.853
0,2023.07.07 16:05:40,XPDUSDm,ANCHORED_PULLBACK,SELL,4,1231.82,1235.75,1228.64,0.81,0.402,1233.918,1243.72,1228.64,1,0.319,0.661,-0.1947,1237.17975,1237.40975,1246.242,1226.054,1,0.005,0.5,0,1233.918,0.676,0.595,0,0.0,0.0,1234.101,1294.54625,5.946,0,0,0,0.2,0.2598,0.0187,0.26,0.807,0,0.756,0,0.778,1234.672,1226.378,0.265,0.505,0.0,2,0.25,0,0.756,0.166,0.505,0.329,0.383,1,1243.72,4,0.6,0.471,0.158,0.078,0.243,0.921,0.417,1488.6293,1401.058,1238.97375,-805.7594,39.5931,-1,1491.7492,0.603,1266.714,0.405,1266.714,0.405,1,0.359,1,0,12306,0.731,0.566,0.366,2065.0,2081.7,1.9165,1077.5,0.0,1,0,0.535,2893.86,1,0,0.72,2893.86,0,154.25,0.192,0.808,0.3,1.0,0.5,0.69,0.0,0.5,0.0,0.77,0.585,0.5,0.566,0.0,0.412,0.0,0,0,0.386,0.8,0.0,1.0,0.281,0.793,0.454,0.0,0.53,0.474,0.0,1.0,0.827
0,2023.07.07 17:00:00,XPDUSDm,SWEEP_REVERSAL,SELL,3,1243.33,1254.7,1232.41,0.96,0.263,1232.41,1242.212,1228.64,0,0.165,0.233,0.9604,1228.89725,1237.40975,1246.242,1226.054,1,0.005,0.45,0,1232.41,0.679,0.464,0,0.0,0.0,1238.21625,1294.54625,4.504,0,0,0,0.4,0.4454,0.0376,0.445,0.488,2,0.621,0,0.631,1241.458,1245.228,0.165,0.167,-0.1326,1,0.4,0,0.621,0.362,0.96,0.377,0.304,0,1232.41,8,0.736,0.671,0.614,0.134,0.266,0.703,0.802,1488.6293,1401.058,1238.97375,-805.7594,39.5931,-1,1491.7492,0.603,1266.714,0.405,1266.714,0.405,1,0.359,1,0,12307,0.731,0.566,0.366,2404.0,2208.1,2.1142,1137.1,0.0,1,0,0.535,2893.86,1,0,0.72,2893.86,1,145.156,0.192,0.808,0.3,1.0,1.0,0.0,0.0,0.5,0.0,0.509,0.723,0.5,0.533,0.0,0.533,0.0,0,0,0.507,0.631,0.0,1.0,0.297,0.341,0.64,0.0,0.558,0.474,0.0,1.0,0.663
0,2023.07.07 17:57:40,XPDUSDm,MEAN_REVERSION,SELL,3,1241.22,1250.32,1232.41,0.97,0.634,1232.41,1242.212,1228.64,1,0.165,0.233,0.7748,1228.89725,1237.40975,1246.242,1226.054,1,0.003,0.45,0,1232.41,0.679,0.464,0,0.0,0.0,1238.21625,1294.54625,4.504,0,0,0,0.4,0.4454,0.0376,0.445,0.731,0,0.7,0,0.631,1241.458,1245.228,0.021,0.352,0.0,2,0.4,0,0.7,0.264,0.775,0.34,0.313,0,1232.41,8,0.736,0.958,0.241,0.134,0.266,0.703,0.802,1488.6293,1401.058,1238.97375,-805.7594,39.5931,-1,1491.7492,0.603,1266.714,0.405,1266.714,0.405,1,0.359,1,0,12307,0.731,0.566,0.366,2332.0,2444.3,2.0509,1137.1,0.0,1,0,0.535,2893.86,1,0,0.72,2893.86,1,145.342,0.192,0.808,0.3,1.0,1.0,0.99,0.0,0.5,0.0,1.0,0.598,0.5,0.57,0.0,0.315,0.0,0,0,0.356,0.77,0.0,1.0,0.27,0.501,0.576,0.0,0.581,0.474,0.0,1.0,0.721
0,2023.07.07 19:00:30,XPDUSDm,SWEEP_REVERSAL,SELL,3,1242.67,1254.19,1232.79,0.86,0.238,1230.91625,1240.7285,1229.5145,0,0.128,0.115,1.0207,1228.89725,1237.40975,1246.242,1226.054,1,0.005,0.6,2,1232.78525,0.652,0.06,0,0.0,0.0,0.0,1294.54625,4.505,0,0,0,0.6,0.79,0.0659,0.79,0.673,1,0.273,3,0.4,1241.19575,1244.4665,0.128,0.156,-0.2079,1,0.15,5,1.0,0.254,1.021,0.249,0.42,1,1232.78525,8,0.73,0.744,0.458,0.237,0.353,0.903,0.673,1488.6293,1401.058,1238.97375,-805.7594,39.5931,-1,1491.7492,0.603,1266.714,0.405,1266.714,0.405,1,0.359,1,0,12309,0.731,0.566,0.366,2405.0,2304.0,2.0886,1151.5,0.0,1,0,0.535,2893.86,1,0,0.72,2893.86,1,143.395,0.192,0.808,0.3,1.0,1.0,0.0,0.0,0.5,0.0,1.0,0.613,0.5,0.521,0.0,0.126,0.0,0,0,0.274,0.328,0.0,0.607,0.174,0.344,0.594,0.0,0.528,0.474,0.0,1.0,0.612
0,2023.07.07 19:58:00,XPDUSDm,MEAN_REVERSION,SELL,3,1241.15,1250.36,1232.79,0.91,0.553,1230.91625,1240.7285,1229.5145,0,0.128,0.115,0.8887,1228.89725,1237.40975,1246.242,1226.054,1,0.003,0.6,2,1232.78525,0.652,0.06,0,0.0,0.0,0.0,1294.54625,4.505,0,0,0,0.6,0.79,0.0659,0.79,0.961,2,0.573,3,0.4,1241.19575,1244.4665,0.004,0.288,0.0,2,0.15,0,0.573,0.272,0.889,0.306,0.315,0,1232.78525,8,0.73,0.992,0.072,0.237,0.053,0.903,0.673,1488.6293,1401.058,1238.97375,-805.7594,39.5931,-1,1491.7492,0.603,1266.714,0.405,1266.714,0.405,1,0.359,1,0,12309,0.731,0.566,0.366,2230.0,2360.2,1.9366,1151.5,0.0,1,0,0.535,2893.86,1,0,0.72,2893.86,1,143.527,0.192,0.808,0.3,1.0,1.0,0.99,0.0,0.5,0.0,0.675,0.481,0.5,0.901,0.0,0.215,0.0,0,0,0.368,0.676,0.0,0.992,0.255,0.213,0.58,0.0,0.569,0.474,0.0,1.0,0.759
0,2023.07.09 22:11:00,XPDUSDm,BREAKOUT,SELL,1,1224.66,1231.78,1195.35,4.12,0.414,1241.4155,1246.28,1232.227,0,0.507,0.046,-1.429,1228.89725,1237.40975,1246.242,1226.054,0,0.011,0.65,0,1230.6055,0.724,0.641,0,0.0,0.0,1241.36375,1294.54625,5.96,0,0,-1,0.7,0.86,0.0923,0.86,0.014,0,0.651,3,0.676,1230.6055,1226.822,0.507,0.184,0.0,2,0.15,0,0.651,0.64,1.429,0.448,0.415,1,1230.6055,8,0.745,0.0,0.356,0.258,0.053,0.92,0.99,1404.06826,1401.058,1238.97375,-868.5855,-13.9361,-2,1491.7492,0.603,1266.714,0.403,1266.714,0.403,1,0.248,1,0,12311,0.721,0.562,0.37,5637.0,2592.1,4.8074,1172.6,0.0,1,0,0.535,2893.86,1,0,0.72,2893.86,1,142.354,0.118,0.882,0.2,0.0,1.0,0.0,0.0,0.5,0.0,0.486,0.523,0.5,0.647,0.0,0.504,0.0,0,0,0.409,0.288,0.0,1.0,0.257,0.334,0.171,0.0,0.535,0.474,0.0,1.0,0.707
0,2023.07.09 22:20:59,XPDUSDm,ANCHORED_PULLBACK,SELL,1,1238.05,1242.05,1230.61,1.86,0.413,1241.4155,1246.28,1232.227,1,0.507,0.046,-0.287,1228.89725,1237.40975,1246.242,1226.054,1,0.001,0.65,0,1230.6055,0.724,0.641,0,0.0,0.0,1241.36375,1294.54625,5.96,0,0,-1,0.7,0.86,0.0923,0.86,0.188,0,0.651,3,0.676,1240.875,1236.0105,0.241,0.174,0.0,2,0.15,0,0.651,0.268,0.635,0.422,0.363,1,1230.6055,8,0.745,0.518,0.303,0.258,0.053,0.853,0.843,1404.06826,1401.058,1238.97375,-868.5855,-13.9361,-2,1491.7492,0.603,1266.714,0.403,1266.714,0.403,1,0.248,1,0,12311,0.721,0.562,0.37,3209.0,3627.9,2.7367,1172.6,0.0,1,0,0.535,2893.86,1,0,0.72,2893.86,1,141.212,0.118,0.882,0.2,0.0,1.0,0.58,0.0,0.5,0.0,0.43,0.759,0.5,1.0,0.0,0.737,0.0,0,0,0.75,0.568,0.0,1.0,0.22,0.352,0.435,0.0,0.585,0.474,0.0,1.0,0.585
0,2023.07.10 04:00:30,XPDUSDm,ANCHORED_PULLBACK,SELL,1,1231.38,1234.39,1212.36,6.32,0.504,1239.1185,1243.532,1238.1,0,0.742,0.1,-0.8136,1240.49275,1237.40975,1243.7185,1223.5305,1,0.006,0.4,0,1239.7975,0.643,0.403,0,0.0,0.0,1231.537,1294.54625,6.641,0,0,0,1.0,0.7545,0.0412,0.754,0.298,2,0.645,2,0.213,1239.458,1232.668,0.849,0.135,0.0,2,0.4,0,0.645,0.359,0.885,0.405,0.271,0,1239.1185,1,0.7,0.0,0.371,0.226,0.14,0.809,0.949,1482.63362,1401.058,1237.58125,-892.1664,-28.2108,-2,1491.7492,0.605,1266.714,0.4,1266.714,0.4,1,0.384,1,0,12317,0.721,0.562,0.37,2206.0,2245.8,2.3193,951.1,0.0,1,0,0.535,2893.86,1,0,0.72,2893.86,0,174.788,0.165,0.835,0.3,0.0,0.5,0.98,0.0,0.5,0.0,1.0,0.514,0.5,0.568,0.0,0.424,0.0,0,0,0.348,0.547,0.0,1.0,0.1,0.265,0.249,0.0,0.545,0.462,0.0,1.0,0.673
0,2023.07.10 05:02:00,XPDUSDm,BREAKOUT,SELL,1,1230.69,1242.89,1210.36,1.67,0.525,1239.565,1244.89,1237.08,0,0.131,0.306,-1.0914,1240.49275,1237.40975,1243.7185,1223.5305,1,0.008,0.55,0,1231.755,0.715,0.697,0,0.0,0.0,0.0,1294.54625,7.853,0,0,0,0.675,-0.685,-0.0787,0.685,0.343,0,0.659,3,0.455,1231.755,1232.82,0.131,0.262,0.2924,0,0.0,2,1.0,0.599,1.091,0.549,0.489,1,1239.565,1,0.7,0.738,0.197,0.906,0.0,0.897,0.833,1482.63362,1401.058,1237.58125,-892.1664,-28.2108,-2,1491.7492,0.605,1266.714,0.4,1266.714,0.4,1,0.384,1,0,12318,0.721,0.562,0.37,2150.0,2154.4,2.6441,813.1,0.0,1,0,0.535,2893.86,1,0,0.72,2893.86,0,204.536,0.165,0.835,0.3,0.0,0.5,0.88,0.0,0.5,0.0,1.0,0.479,0.5,0.592,0.0,0.416,0.0,0,0,0.357,0.806,0.0,1.0,0.1,0.738,0.399,0.0,0.496,0.462,0.0,1.0,1.009
0,2023.07.10 05:02:00,XPDUSDm,TREND_CONTINUATION,SELL,1,1230.69,1240.45,1210.36,2.08,0.426,1239.565,1244.89,1237.08,0,0.131,0.306,-1.0914,1240.49275,1237.40975,1243.7185,1223.5305,1,0.008,0.55,0,1231.755,0.715,0.697,0,0.0,0.0,0.0,1294.54625,7.853,0,0,0,0.675,-0.685,-0.0787,0.685,0.343,0,0.692,3,0.455,1231.755,1232.82,0.131,0.262,0.0,2,0.0,0,0.692,0.435,1.091,0.399,0.393,1,1239.565,1,0.7,0.738,0.197,0.206,0.0,0.897,0.833,1482.63362,1401.058,1237.58125,-892.1664,-28.2108,-2,1491.7492,0.605,1266.714,0.4,1266.714,0.4,1,0.384,1,0,12318,0.721,0.562,0.37,2150.0,2155.8,2.6441,813.1,0.0,1,0,0.535,2893.86,1,0,0.72,2893.86,0,204.536,0.165,0.835,0.3,0.0,0.5,0.88,0.0,0.5,0.0,1.0,0.479,0.5,0.592,0.0,0.415,0.0,0,0,0.356,0.78,0.0,1.0,0.1,0.433,0.34,0.0,0.564,0.462,0.0,1.0,0.915
0,2023.07.10 05:08:40,XPDUSDm,PULLBACK,SELL,1,1232.06,1240.38,1223.53,1.03,0.359,1239.565,1244.89,1237.08,0,0.131,0.306,-0.923,1240.49275,1237.40975,1243.7185,1223.5305,1,0.007,0.55,0,1231.755,0.715,0.697,0,0.0,0.0,0.0,1294.54625,7.853,0,0,0,0.675,-0.685,-0.0787,0.685,0.792,0,0.692,3,0.455,1231.755,1232.82,0.038,0.093,0.0,2,0.0,0,0.692,0.306,0.923,0.331,0.378,1,1239.565,1,0.7,0.925,0.062,0.206,0.0,0.897,0.833,1482.63362,1401.058,1237.58125,-892.1664,-28.2108,-2,1491.7492,0.605,1266.714,0.4,1266.714,0.4,1,0.384,1,0,12318,0.721,0.562,0.37,2092.0,2150.1,2.5727,813.1,0.0,1,0,0.535,2893.86,1,0,0.72,2893.86,0,204.368,0.165,0.835,0.3,0.0,0.5,0.99,0.0,0.5,0.0,1.0,0.542,0.5,0.596,0.0,0.448,0.0,0,0,0.384,0.878,0.0,0.99,0.1,0.434,0.393,0.0,0.552,0.462,0.0,1.0,0.962
0,2023.07.10 06:17:40,XPDUSDm,BREAKOUT_RETEST,SELL,1,1231.1,1233.31,1226.0,2.31,0.442,1231.6995,1239.899,1230.63,1,0.096,0.29,-0.0815,1230.55375,1237.40975,1243.7185,1223.5305,1,0.009,0.65,2,1231.6995,0.704,0.188,0,0.0,0.0,0.0,1294.54625,8.642,0,0,0,0.75,-0.545,-0.1294,0.545,0.376,2,0.594,3,0.491,1232.056,1233.1255,0.13,0.275,0.0,2,0.4,0,0.594,0.59,1.5,0.394,0.31,0,1239.899,4,0.6,0.74,0.347,0.164,0.14,0.731,0.887,1482.63362,1401.058,1237.58125,-892.1664,-28.2108,-2,1491.7492,0.605,1266.714,0.4,1266.714,0.4,1,0.384,1,0,12319,0.721,0.562,0.37,1925.0,1974.4,2.6175,735.4,0.0,1,0,0.535,2893.86,1,0,0.72,2893.86,0,226.094,0.165,0.835,0.3,0.0,0.5,0.9,0.0,0.5,0.0,0.5,0.473,0.5,0.719,0.0,0.244,0.0,0,0,0.33,0.632,0.0,1.0,0.1,0.21,0.449,0.0,0.59,0.462,0.0,1.0,0.757
0,2023.07.10 07:00:00,XPDUSDm,ANCHORED_PULLBACK,SELL,1,1234.71,1235.87,1231.79,2.52,0.466,1231.78975,1238.7105,1229.24,1,0.328,0.327,0.4376,1230.55375,1237.40975,1243.7185,1223.5305,1,0.004,0.65,2,1231.78975,0.686,0.603,0,0.0,0.0,1233.8665,1294.54625,8.967,0,0,0,0.55,-0.755,-0.1732,0.755,0.168,2,0.607,3,0.791,1232.154,1236.88925,0.383,0.327,0.0302,2,0.3,0,0.607,0.186,0.438,0.425,0.319,0,1231.78975,8,0.737,0.234,0.369,0.226,0.105,0.731,0.962,1482.63362,1401.058,1237.58125,-892.1664,-28.2108,-2,1491.7492,0.605,1266.714,0.4,1266.714,0.4,1,0.384,1,0,12320,0.722,0.564,0.37,1658.0,1781.1,2.4847,667.3,0.0,1,0,0.535,2893.86,1,0,0.72,2893.86,0,248.642,0.165,0.835,0.3,0.0,0.5,0.99,0.0,0.5,0.0,0.581,0.882,0.5,1.0,0.0,0.609,0.0,0,0,0.773,0.734,0.0,1.0,0.1,0.262,0.566,0.0,0.58,0.462,0.0,1.0,0.783
0,2023.07.10 07:22:00,XPDUSDm,BREAKOUT,SELL,1,1230.33,1240.34,1213.65,1.67,0.263,1231.78975,1238.7105,1229.24,1,0.328,0.327,-0.2188,1230.55375,1237.40975,1243.7185,1223.5305,1,0.011,0.65,2,1231.78975,0.686,0.603,0,0.0,0.0,1233.8665,1294.54625,8.967,0,0,0,0.55,-0.755,-0.1732,0.755,0.147,2,0.615,3,0.791,1232.154,1236.88925,0.273,0.983,0.0,2,0.0,0,0.615,0.421,0.983,0.428,0.393,1,1238.7105,4,0.6,0.453,0.256,0.226,0.0,0.731,0.962,1482.63362,1401.058,1237.58125,-892.1664,-28.2108,-2,1491.7492,0.605,1266.714,0.4,1266.714,0.4,1,0.384,1,0,12320,0.722,0.564,0.37,1886.0,1786.2,2.8264,667.3,0.0,1,0,0.535,2893.86,1,0,0.72,2893.86,0,249.298,0.165,0.835,0.3,0.0,0.5,0.0,0.0,0.5,0.0,0.411,0.645,0.5,0.836,0.0,0.723,0.0,0,0,0.627,0.685,0.0,1.0,0.1,0.303,0.441,0.0,0.58,0.462,0.0,1.0,0.783
0,2023.07.10 07:22:00,XPDUSDm,TREND_CONTINUATION,SELL,1,1230.33,1238.34,1213.65,2.08,0.39,1231.78975,1238.7105,1229.24,1,0.328,0.327,-0.2188,1230.55375,1237.40975,1243.7185,1223.5305,1,0.011,0.65,2,1231.78975,0.686,0.603,0,0.0,0.0,1233.8665,1294.54625,8.967,0,0,0,0.55,-0.755,-0.1732,0.755,0.147,2,0.615,3,0.791,1232.154,1236.88925,0.273,0.983,0.0,2,0.0,0,0.615,0.421,0.983,0.428,0.393,1,1238.7105,4,0.6,0.453,0.256,0.226,0.0,0.731,0.962,1482.63362,1401.058,1237.58125,-892.1664,-28.2108,-2,1491.7492,0.605,1266.714,0.4,1266.714,0.4,1,0.384,1,0,12320,0.722,0.564,0.37,1886.0,1786.7,2.8264,667.3,0.0,1,0,0.535,2893.86,1,0,0.72,2893.86,0,249.298,0.165,0.835,0.3,0.0,0.5,0.0,0.0,0.5,0.0,0.411,0.645,0.5,0.836,0.0,0.723,0.0,0,0,0.627,0.685,0.0,1.0,0.1,0.303,0.441,0.0,0.58,0.462,0.0,1.0,0.783
0,2023.07.10 07:51:40,XPDUSDm,PULLBACK,SELL,1,1236.07,1239.38,1223.53,3.79,0.468,1231.78975,1238.7105,1229.24,1,0.328,0.327,0.6414,1230.55375,1237.40975,1243.7185,1223.5305,1,0.002,0.65,2,1231.78975,0.686,0.603,0,0.0,0.0,1233.8665,1294.54625,8.967,0,0,0,0.55,-0.755,-0.1732,0.755,0.055,2,0.615,3,0.791,1239.439,1236.88925,0.505,0.123,0.0,2,0.0,0,0.615,0.283,0.641,0.442,0.34,0,1238.7105,4,0.6,0.0,0.284,0.226,0.0,0.436,0.962,1482.63362,1401.058,1237.58125,-892.1664,-28.2108,-2,1491.7492,0.605,1266.714,0.4,1266.714,0.4,1,0.384,1,0,12320,0.722,0.564,0.37,2189.0,1951.3,3.2805,667.3,0.0,1,0,0.535,2893.86,1,0,0.72,2893.86,0,248.438,0.165,0.835,0.3,0.0,0.5,0.04,0.0,0.5,0.0,0.43,0.711,0.5,0.762,0.0,0.709,0.0,0,0,0.639,0.724,0.0,1.0,0.1,0.301,0.566,0.0,0.574,0.462,0.0,1.0,0.783
0,2023.07.10 08:19:20,XPDUSDm,BREAKOUT_RETEST,SELL,2,1234.0,1235.89,1231.76,1.18,0.385,1231.76,1234.28,1230.36,1,0.428,0.105,0.3552,1230.55375,1237.40975,1243.7185,1223.5305,1,0.005,0.35,0,1234.0,0.698,0.618,0,0.0,0.0,1230.666,1294.54625,9.173,0,0,0,0.6,-0.615,-0.1791,0.615,0.616,0,0.754,1,0.484,1234.0,1236.24,0.0,0.355,0.0,2,0.4,0,0.754,0.127,0.355,0.358,0.298,0,1231.76,1,0.7,0.0,0.275,0.185,0.14,0.75,0.934,1491.7492,1401.058,1237.58125,-948.87,-56.7036,-2,1491.7492,0.607,1266.714,0.397,1266.714,0.397,1,0.349,1,0,12321,0.722,0.564,0.37,2164.0,2318.1,3.4314,630.6,0.0,1,0,0.535,2893.86,1,0,0.72,2893.86,0,263.201,0.17,0.83,0.3,0.0,0.5,0.97,0.0,0.5,0.0,0.358,0.615,0.5,0.689,0.0,0.791,0.0,0,0,0.592,0.686,0.0,1.0,0.1,0.252,0.53,0.0,0.581,0.462,0.0,1.0,0.875
0,2023.07.10 09:00:00,XPDUSDm,ANCHORED_PULLBACK,SELL,2,1228.76,1232.38,1215.39,3.69,0.401,1233.87,1235.54,1231.532,0,0.465,0.335,-0.7646,1230.902,1237.40975,1243.7185,1223.5305,1,0.013,0.3,4,1233.87,0.738,0.584,0,0.0,0.0,1230.3745,1294.54625,9.843,0,0,0,0.975,-0.65,-0.152,0.65,0.054,2,0.589,0,0.507,1231.866,1229.194,0.465,0.065,0.0132,2,0.25,0,0.589,0.338,0.765,0.442,0.324,0,1233.87,8,0.748,0.071,0.384,0.195,0.339,0.889,0.941,1491.7492,1401.058,1237.58125,-948.87,-56.7036,-2,1491.7492,0.607,1266.714,0.397,1266.714,0.397,1,0.349,1,0,12322,0.722,0.564,0.37,2819.0,2503.5,4.2178,668.4,0.0,1,0,0.535,2893.86,1,0,0.72,2893.86,0,249.133,0.17,0.83,0.3,0.0,0.5,0.37,0.0,0.5,0.0,0.876,0.705,0.5,0.487,0.0,0.46,0.0,0,0,0.453,0.717,0.0,1.0,0.1,0.321,0.292,0.0,0.625,0.462,0.0,1.0,0.959
0,2023.07.10 09:22:30,XPDUSDm,BREAKOUT,SELL,2,1228.09,1232.53,1211.38,3.76,0.556,1233.87,1235.54,1231.532,0,0.465,0.335,-0.8648,1230.902,1237.40975,1243.7185,1223.5305,1,0.014,0.3,4,1233.87,0.738,0.584,0,0.0,0.0,1230.3745,1294.54625,9.843,0,0,0,0.975,-0.65,-0.152,0.65,0.081,0,0.778,0,0.507,1231.866,1229.194,0.565,0.165,0.0,2,0.25,0,0.778,0.379,0.865,0.438,0.376,1,1233.87,8,0.748,0.0,0.376,0.195,0.339,0.889,0.941,1491.7492,1401.058,1237.58125,-948.87,-56.7036,-2,1491.7492,0.607,1266.714,0.397,1266.714,0.397,1,0.349,1,0,12322,0.722,0.564,0.37,2490.0,2579.9,3.7256,668.4,0.0,1,0,0.535,2893.86,1,0,0.72,2893.86,0,249.234,0.17,0.83,0.3,0.0,0.5,0.99,0.0,0.5,0.0,1.0,0.624,0.5,0.54,0.0,0.349,0.0,0,0,0.376,0.757,0.0,1.0,0.1,0.321,0.274,0.0,0.62,0.462,0.0,1.0,0.959
0,2023.07.10 09:22:30,XPDUSDm,TREND_CONTINUATION,SELL,2,1228.09,1236.11,1211.38,2.08,0.522,1233.87,1235.54,1231.532,0,0.465,0.335,-0.8648,1230.902,1237.40975,1243.7185,1223.5305,1,0.014,0.3,4,1233.87,0.738,0.584,0,0.0,0.0,1230.3745,1294.54625,9.843,0,0,0,0.975,-0.65,-0.152,0.65,0.081,0,0.778,0,0.507,1231.866,1229.194,0.565,0.165,0.0,2,0.25,0,0.778,0.379,0.865,0.438,0.376,1,1233.87,8,0.748,0.0,0.376,0.195,0.339,0.889,0.941,1491.7492,1401.058,1237.58125,-948.87,-56.7036,-2,1491.7492,0.607,1266.714,0.397,1266.714,0.397,1,0.349,1,0,12322,0.722,0.564,0.37,2490.0,2576.6,3.7256,668.4,0.0,1,0,0.535,2893.86,1,0,0.72,2893.86,0,249.234,0.17,0.83,0.3,0.0,0.5,0.98,0.0,0.5,0.0,1.0,0.624,0.5,0.54,0.0,0.349,0.0,0,0,0.376,0.757,0.0,1.0,0.1,0.321,0.274,0.0,0.62,0.462,0.0,1.0,0.959
0,2023.07.10 10:00:00,XPDUSDm,PULLBACK,SELL,2,1229.15,1232.53,1223.53,1.66,0.673,1233.87,1235.54,1230.196,0,0.411,0.499,-0.7141,1230.902,1229.83925,1243.7185,1223.5305,1,0.001,0.4,0,1233.87,0.742,0.6,0,0.0,0.0,0.0,1294.54625,9.894,0,0,0,1.0,-0.685,-0.12,0.685,0.341,0,0.702,0,0.455,1231.866,1226.188,0.411,0.448,0.2021,0,0.25,2,1.0,0.392,0.714,0.549,0.406,1,1233.87,8,0.748,0.178,0.298,0.906,0.178,0.731,0.942,1491.7492,1401.058,1237.58125,-948.87,-56.7036,-2,1491.7492,0.607,1266.714,0.397,1266.714,0.397,1,0.349,1,0,12323,0.722,0.564,0.37,2248.0,2171.0,3.4009,661.0,0.0,1,0,0.535,2893.86,1,0,0.72,2893.86,0,251.847,0.17,0.83,0.3,0.0,0.5,0.03,0.0,0.5,0.0,0.339,0.606,0.5,0.471,0.0,0.268,0.0,0,0,0.312,0.707,0.0,1.0,0.1,0.538,0.38,0.0,0.521,0.462,0.0,1.0,1.089
0,2023.07.10 10:19:20,XPDUSDm,BREAKOUT_RETEST,SELL,2,1231.17,1233.15,1227.52,1.84,0.558,1233.87,1235.54,1230.196,1,0.411,0.499,-0.4085,1230.902,1229.83925,1243.7185,1223.5305,1,0.002,0.4,0,1233.87,0.742,0.6,0,0.0,0.0,0.0,1294.54625,9.894,0,0,0,1.0,-0.685,-0.12,0.685,0.472,0,0.702,0,0.455,1231.866,1226.188,0.105,0.754,0.0,2,0.25,0,0.702,0.286,0.754,0.379,0.32,0,1233.87,8,0.748,0.789,0.258,0.206,0.178,0.731,0.942,1491.7492,1401.058,1237.58125,-948.87,-56.7036,-2,1491.7492,0.607,1266.714,0.397,1266.714,0.397,1,0.349,1,0,12323,0.722,0.564,0.37,1942.0,2057.6,2.938,661.0,0.0,1,0,0.535,2893.86,1,0,0.72,2893.86,0,251.542,0.17,0.83,0.3,0.0,0.5,0.76,0.0,0.5,0.0,0.3,0.669,0.5,0.495,0.0,0.268,0.0,0,0,0.357,0.724,0.0,1.0,0.1,0.344,0.423,0.0,0.591,0.462,0.0,1.0,0.914
0,2023.07.10 10:56:00,XPDUSDm,SWEEP_REVERSAL,SELL,2,1235.79,1242.4,1230.2,0.85,0.198,1233.87,1235.54,1230.196,0,0.411,0.499,0.2905,1230.902,1229.83925,1243.7185,1223.5305,1,0.009,0.4,0,1233.87,0.742,0.6,0,0.0,0.0,0.0,1294.54625,9.894,0,0,0,1.0,-0.685,-0.12,0.685,0.176,0,0.702,0,0.455,1234.538,1237.878,0.189,0.316,0.0,2,0.25,0,0.702,0.134,0.316,0.424,0.315,0,1230.196,5,0.6,0.621,0.347,0.206,0.178,0.838,0.962,1491.7492,1401.058,1237.58125,-948.87,-56.7036,-2,1491.7492,0.607,1266.714,0.397,1266.714,0.397,1,0.349,1,0,12323,0.722,0.564,0.37,1750.0,1773.5,2.6475,661.0,0.0,1,0,0.535,2893.86,1,0,0.72,2893.86,0,250.843,0.17,0.83,0.3,0.0,0.5,0.45,0.0,0.5,0.0,0.389,0.86,0.5,0.635,0.0,0.701,0.0,0,0,0.687,0.691,0.0,1.0,0.1,0.31,0.537,0.0,0.567,0.462,0.0,1.0,0.992
0,2023.07.10 12:00:00,XPDUSDm,MEAN_REVERSION,SELL,2,1236.47,1241.85,1230.86,1.04,0.625,1235.206,1237.544,1230.864,1,0.188,0.21,0.1881,1232.41,1237.40975,1243.7185,1223.5305,1,0.001,0.5,0,1235.206,0.748,0.476,0,0.0,0.0,1235.905,1294.54625,8.641,0,0,0,1.0,-0.755,-0.089,0.755,0.387,0,0.691,0,0.648,1235.206,1238.212,0.188,0.259,0.0,2,0.4,0,0.691,0.588,1.5,0.392,0.387,1,1230.864,5,0.6,0.624,0.344,0.226,0.27,1.0,0.83,1400.50863,1401.058,1237.58125,-981.3792,-32.5092,-2,1485.06549,0.587,1265.21765,0.382,1265.21765,0.382,1,0.382,1,0,12325,0.722,0.564,0.37,1654.0,1719.7,2.461,672.1,0.0,1,0,0.535,2893.86,1,0,0.72,2893.86,0,246.609,0.116,0.884,0.2,0.0,0.5,0.98,0.0,0.5,0.0,0.988,0.592,0.5,0.533,0.0,0.453,0.0,0,0,0.396,0.788,0.0,1.0,0.071,0.446,0.54,0.0,0.591,0.462,0.0,1.0,0.875
0,2023.07.10 12:00:20,XPDUSDm,ANCHORED_PULLBACK,SELL,2,1236.4,1237.92,1230.86,3.64,0.517,1235.206,1237.544,1230.864,1,0.188,0.21,0.1777,1232.41,1237.40975,1243.7185,1223.5305,1,0.002,0.5,0,1235.206,0.748,0.476,0,0.0,0.0,1235.905,1294.54625,8.641,0,0,0,1.0,-0.755,-0.089,0.755,0.387,0,0.691,0,0.648,1235.206,1238.212,0.178,0.27,0.0,2,0.4,0,0.691,0.588,1.5,0.392,0.387,1,1230.864,5,0.6,0.645,0.344,0.226,0.27,1.0,0.83,1400.50863,1401.058,1237.58125,-981.3792,-32.5092,-2,1485.06549,0.587,1265.21765,0.382,1265.21765,0.382,1,0.382,1,0,12325,0.722,0.564,0.37,1654.0,1719.7,2.461,672.1,0.0,1,0,0.535,2893.86,1,0,0.72,2893.86,0,246.62,0.116,0.884,0.2,0.0,0.5,0.97,0.0,0.5,0.0,0.988,0.585,0.5,0.533,0.0,0.453,0.0,0,0,0.392,0.788,0.0,1.0,0.071,0.446,0.54,0.0,0.591,0.462,0.0,1.0,0.875
0,2023.07.10 12:03:40,XPDUSDm,BREAKOUT,SELL,2,1234.35,1244.43,1217.55,1.67,0.386,1235.206,1237.544,1230.864,1,0.188,0.21,-0.1274,1232.41,1237.40975,1243.7185,1223.5305,1,0.005,0.5,0,1235.206,0.748,0.476,0,0.0,0.0,1235.905,1294.54625,8.641,0,0,0,1.0,-0.755,-0.089,0.755,0.519,0,0.691,0,0.648,1235.206,1238.212,0.127,0.575,0.0,2,0.4,0,0.691,0.214,0.575,0.372,0.344,0,1237.544,4,0.6,0.745,0.304,0.226,0.27,1.0,0.83,1400.50863,1401.058,1237.58125,-981.3792,-32.5092,-2,1485.06549,0.587,1265.21765,0.382,1265.21765,0.382,1,0.382,1,0,12325,0.722,0.564,0.37,1657.0,1707.6,2.4655,672.1,0.0,1,0,0.535,2893.86,1,0,0.72,2893.86,0,246.925,0.116,0.884,0.2,0.0,0.5,0.77,0.0,0.5,0.0,0.988,0.652,0.5,0.533,0.0,0.479,0.0,0,0,0.443,0.8,0.0,1.0,0.071,0.446,0.456,0.0,0.565,0.462,0.0,1.0,0.757
0,2023.07.10 12:03:59,XPDUSDm,PULLBACK,SELL,2,1234.42,1244.5,1223.53,1.08,0.604,1235.206,1237.544,1230.864,1,0.188,0.21,-0.117,1232.41,1237.40975,1243.7185,1223.5305,1,0.004,0.5,0,1235.206,0.748,0.476,0,0.0,0.0,1235.905,1294.54625,8.641,0,0,0,1.0,-0.755,-0.089,0.755,0.519,0,0.691,0,0.648,1235.206,1238.212,0.117,0.564,0.0,2,0.4,0,0.691,0.21,0.564,0.372,0.343,0,1237.544,4,0.6,0.766,0.304,0.226,0.27,1.0,0.83,1400.50863,1401.058,1237.58125,-981.3792,-32.5092,-2,1485.06549,0.587,1265.21765,0.382,1265.21765,0.382,1,0.382,1,0,12325,0.722,0.564,0.37,1657.0,1706.9,2.4655,672.1,0.0,1,0,0.535,2893.86,1,0,0.72,2893.86,0,246.914,0.116,0.884,0.2,0.0,0.5,0.77,0.0,0.5,0.0,0.988,0.64,0.5,0.533,0.0,0.479,0.0,0,0,0.435,0.8,0.0,1.0,0.071,0.446,0.456,0.0,0.565,0.462,0.0,1.0,0.757
0,2023.07.10 12:04:00,XPDUSDm,TREND_CONTINUATION,SELL,2,1234.5,1242.56,1217.7,2.08,0.532,1235.206,1237.544,1230.864,1,0.188,0.21,-0.105,1232.41,1237.40975,1243.7185,1223.5305,1,0.004,0.5,0,1235.206,0.748,0.476,0,0.0,0.0,1235.905,1294.54625,8.641,0,0,0,1.0,-0.755,-0.089,0.755,0.519,0,0.691,0,0.648,1235.206,1238.212,0.105,0.552,0.0,2,0.4,0,0.691,0.206,0.552,0.372,0.343,0,1237.544,4,0.6,0.79,0.304,0.226,0.27,1.0,0.83,1400.50863,1401.058,1237.58125,-981.3792,-32.5092,-2,1485.06549,0.587,1265.21765,0.382,1265.21765,0.382,1,0.382,1,0,12325,0.722,0.564,0.37,1787.0,1707.6,2.6589,672.1,0.0,1,0,0.535,2893.86,1,0,0.72,2893.86,0,246.902,0.116,0.884,0.2,0.0,0.5,0.0,0.0,0.5,0.0,0.988,0.634,0.5,0.533,0.0,0.479,0.0,0,0,0.432,0.8,0.0,1.0,0.071,0.446,0.456,0.0,0.565,0.462,0.0,1.0,0.757
0,2023.07.10 14:03:40,XPDUSDm,BREAKOUT,SELL,4,1194.48,1200.23,1167.49,4.69,0.429,1231.18875,1238.47,1197.695,0,0.373,0.912,-3.4008,1238.828,1238.41175,1244.8775,1223.325,0,0.041,0.7,2,1199.15125,0.746,0.0,2,0.0,0.0,0.0,1294.54625,9.21,0,0,-1,0.675,-0.685,-0.1503,0.685,0.157,2,0.452,3,0.957,1199.15125,1206.4325,0.433,1.107,0.0,2,0.0,0,0.452,1.45,3.401,0.426,0.504,2,1199.15125,8,0.749,0.134,0.253,0.206,0.0,0.819,0.98,1400.50863,1401.058,1237.58125,-981.3792,-32.5092,-2,1485.06549,0.587,1265.21765,0.382,1265.21765,0.382,1,0.382,1,0,12327,0.722,0.564,0.37,2550.0,2138.0,2.3624,1079.4,0.0,1,0,0.535,2893.86,1,0,0.72,2893.86,0,157.433,0.116,0.884,0.2,0.0,0.5,0.0,0.0,0.5,0.0,0.245,0.399,0.5,0.477,0.0,0.787,0.0,0,0,0.519,0.386,0.0,0.38,0.095,1.0,0.212,0.0,0.522,0.447,0.0,1.0,1.088
0,2023.07.10 14:03:59,XPDUSDm,PULLBACK,SELL,4,1195.85,1200.23,1163.47,7.39,0.385,1231.18875,1238.47,1197.695,0,0.373,0.912,-3.2738,1238.828,1238.41175,1244.8775,1223.325,0,0.039,0.7,2,1199.15125,0.746,0.0,2,0.0,0.0,0.0,1294.54625,9.21,0,0,-1,0.675,-0.685,-0.1503,0.685,0.4,2,0.452,3,0.957,1199.15125,1206.4325,0.306,0.98,0.0,2,0.0,0,0.452,1.277,3.274,0.39,0.484,1,1199.15125,8,0.749,0.388,0.18,0.206,0.0,0.819,0.98,1400.50863,1401.058,1237.58125,-981.3792,-32.5092,-2,1485.06549,0.587,1265.21765,0.382,1265.21765,0.382,1,0.382,1,0,12327,0.722,0.564,0.37,2550.0,2144.4,2.3624,1079.4,0.0,1,0,0.535,2893.86,1,0,0.72,2893.86,0,157.306,0.116,0.884,0.2,0.0,0.5,0.01,0.0,0.5,0.0,0.213,0.395,0.5,0.477,0.0,0.838,0.0,0,0,0.541,0.451,0.0,0.523,0.095,1.0,0.231,0.0,0.522,0.447,0.0,1.0,1.088
0,2023.07.10 14:04:00,XPDUSDm,TREND_CONTINUATION,SELL,4,1196.03,1208.98,1169.04,2.08,0.453,1231.18875,1238.47,1197.695,0,0.373,0.912,-3.2572,1238.828,1238.41175,1244.8775,1223.325,0,0.039,0.7,2,1199.15125,0.746,0.0,2,0.0,0.0,0.0,1294.54625,9.21,0,0,-1,0.675,-0.685,-0.1503,0.685,0.4,2,0.452,3,0.957,1199.15125,1206.4325,0.289,0.964,0.0,2,0.0,0,0.452,1.27,3.257,0.39,0.483,1,1231.18875,1,0.7,0.422,0.18,0.206,0.0,0.819,0.98,1400.50863,1401.058,1237.58125,-981.3792,-32.5092,-2,1485.06549,0.587,1265.21765,0.382,1265.21765,0.382,1,0.382,1,0,12327,0.722,0.564,0.37,2586.0,2151.1,2.3957,1079.4,0.0,1,0,0.535,2893.86,1,0,0.72,2893.86,0,157.29,0.116,0.884,0.2,0.0,0.5,0.0,0.0,0.5,0.0,0.234,0.347,0.5,0.477,0.0,0.855,0.0,0,0,0.577,0.451,0.0,0.523,0.095,1.0,0.34,0.0,0.522,0.447,0.0,1.0,1.088
0,2023.07.10 15:00:00,XPDUSDm,BREAKOUT_RETEST,SELL,4,1210.61,1216.37,1162.75,8.31,0.343,1199.15125,1215.17,1180.22,1,0.713,0.227,0.9554,1238.0225,1238.41175,1249.188,1223.325,0,0.023,0.6,0,1199.15125,0.8,0.47,0,0.0,0.0,1203.94,1294.54625,6.998,0,0,-1,0.5,-0.545,-0.2634,0.545,0.311,2,0.627,3,0.597,1199.15125,1207.88875,0.955,0.227,0.0,2,0.4,0,0.627,0.385,0.955,0.403,0.313,0,1215.17,4,0.6,0.0,0.367,0.164,0.14,0.775,0.786,1400.50863,1401.058,1237.58125,-981.3792,-32.5092,-2,1485.06549,0.587,1265.21765,0.382,1265.21765,0.382,1,0.382,1,0,12328,0.722,0.564,0.37,2620.0,2585.9,2.1845,1199.4,0.0,1,0,0.535,2893.86,1,0,0.72,2893.86,-1,140.346,0.116,0.884,0.2,0.0,0.0,0.39,0.0,0.5,0.0,0.916,0.807,0.5,0.429,0.0,0.319,0.0,0,0,0.44,0.323,0.0,0.501,0.143,0.694,0.35,0.0,0.532,0.447,0.0,1.0,0.834
0,2023.07.10 15:02:40,XPDUSDm,SWEEP_REVERSAL,SELL,4,1216.74,1228.73,1199.15,1.47,0.241,1199.15125,1215.17,1180.22,0,0.713,0.227,1.4665,1238.0225,1238.41175,1249.188,1223.325,0,0.018,0.6,0,1199.15125,0.8,0.47,0,0.0,0.0,1203.94,1294.54625,6.998,0,0,-1,0.5,-0.545,-0.2634,0.545,0.091,2,0.627,3,0.597,1199.15125,1218.0825,1.467,0.112,0.0,2,0.4,0,0.627,0.64,1.467,0.436,0.343,0,1199.15125,8,0.76,0.0,0.433,0.164,0.14,0.775,0.929,1400.50863,1401.058,1237.58125,-981.3792,-32.5092,-2,1485.06549,0.587,1265.21765,0.382,1265.21765,0.382,1,0.382,1,0,12328,0.722,0.564,0.37,2495.0,2587.0,2.0803,1199.4,0.0,1,0,0.535,2893.86,1,0,0.72,2893.86,-1,139.835,0.116,0.884,0.2,0.0,0.0,0.87,0.0,0.5,0.0,1.0,0.816,0.5,0.437,0.0,0.311,0.0,0,0,0.445,0.206,0.0,1.0,0.143,0.747,0.522,0.0,0.536,0.447,0.0,1.0,0.874
0,2023.07.10 16:00:40,XPDUSDm,MEAN_REVERSION,SELL,4,1233.69,1244.21,1198.76,3.32,0.584,1198.758,1223.0,1183.072,0,0.301,0.133,2.6553,1238.0225,1238.41175,1249.188,1223.325,1,0.004,0.7,0,1198.758,0.795,0.027,0,0.0,0.0,1232.2255,1294.54625,4.595,0,0,0,0.825,-0.58,-0.1906,0.58,0.549,2,0.58,3,0.445,1230.13,1235.834,0.271,0.163,0.0,2,0.4,0,0.58,0.976,2.655,0.368,0.347,0,1198.758,8,0.759,0.459,0.295,0.174,0.14,0.739,0.846,1479.82206,1404.03875,1239.755,-959.2011,22.1781,-1,1488.50618,0.608,1323.50794,0.344,1262.71912,0.341,1,0.42,1,0,12329,0.722,0.564,0.37,2248.0,2079.2,1.7088,1315.6,0.0,1,0,0.535,2893.86,1,0,0.72,2893.86,-1,126.194,0.174,0.826,0.3,1.0,0.0,0.12,0.0,0.5,0.0,0.48,0.63,0.5,0.54,0.0,0.384,0.0,0,0,0.394,0.525,0.0,1.0,0.187,1.0,0.763,0.0,0.494,0.436,0.0,1.0,0.928
0,2023.07.10 16:33:40,XPDUSDm,BREAKOUT,SELL,4,1233.54,1253.27,1198.76,1.76,0.434,1198.758,1223.0,1183.072,0,0.301,0.133,2.6439,1238.0225,1238.41175,1249.188,1223.325,1,0.004,0.7,0,1198.758,0.795,0.027,0,0.0,0.0,1232.2255,1294.54625,4.595,0,0,0,0.825,-0.58,-0.1906,0.58,0.549,2,0.58,3,0.445,1230.13,1235.834,0.259,0.174,0.0,2,0.4,0,0.58,0.972,2.644,0.368,0.347,0,1198.758,8,0.759,0.482,0.295,0.174,0.14,0.739,0.846,1479.82206,1404.03875,1239.755,-959.2011,22.1781,-1,1488.50618,0.608,1323.50794,0.344,1262.71912,0.341,1,0.42,1,0,12329,0.722,0.564,0.37,2140.0,2281.5,1.6267,1315.6,0.0,1,0,0.535,2893.86,1,0,0.72,2893.86,-1,126.205,0.174,0.826,0.3,1.0,0.0,0.89,0.0,0.5,0.0,1.0,0.519,0.5,0.564,0.0,0.523,0.0,0,0,0.39,0.525,0.087,1.0,0.187,1.0,0.761,0.0,0.502,0.436,0.0,1.0,0.928
0,2023.07.10 16:57:40,XPDUSDm,PULLBACK,SELL,4,1233.9,1253.63,1198.76,1.78,0.387,1198.758,1223.0,1183.072,0,0.301,0.133,2.6712,1238.0225,1238.41175,1249.188,1223.325,1,0.003,0.7,0,1198.758,0.795,0.027,0,0.0,0.0,1232.2255,1294.54625,4.595,0,0,0,0.825,-0.58,-0.1906,0.58,0.549,2,0.58,3,0.445,1230.13,1235.834,0.287,0.147,0.0,2,0.4,0,0.58,0.982,2.671,0.368,0.348,0,1198.758,8,0.759,0.427,0.295,0.174,0.14,0.739,0.846,1479.82206,1404.03875,1239.755,-959.2011,22.1781,-1,1488.50618,0.608,1323.50794,0.344,1262.71912,0.341,1,0.42,1,0,12329,0.722,0.564,0.37,2123.0,2087.0,1.6137,1315.6,0.0,1,0,0.535,2893.86,1,0,0.72,2893.86,-1,126.178,0.174,0.826,0.3,1.0,0.0,0.43,0.0,0.5,0.0,1.0,0.58,0.5,0.542,0.0,0.418,0.0,0,0,0.378,0.525,0.0,1.0,0.187,1.0,0.766,0.0,0.494,0.436,0.0,1.0,0.928
0,2023.07.10 16:58:40,XPDUSDm,TREND_CONTINUATION,SELL,4,1231.8,1247.59,1198.76,2.09,0.452,1198.758,1223.0,1183.072,0,0.301,0.133,2.5116,1238.0225,1238.41175,1249.188,1223.325,1,0.005,0.7,0,1198.758,0.795,0.027,0,0.0,0.0,1232.2255,1294.54625,4.595,0,0,0,0.825,-0.58,-0.1906,0.58,0.549,2,0.58,3,0.445,1230.13,1235.834,0.127,0.307,0.0,2,0.4,0,0.58,0.923,2.512,0.368,0.341,0,1198.758,8,0.759,0.746,0.295,0.174,0.14,0.739,0.846,1479.82206,1404.03875,1239.755,-959.2011,22.1781,-1,1488.50618,0.608,1323.50794,0.344,1262.71912,0.341,1,0.42,1,0,12329,0.722,0.564,0.37,2173.0,2084.8,1.6518,1315.6,0.0,1,0,0.535,2893.86,1,0,0.72,2893.86,-1,126.337,0.174,0.826,0.3,1.0,0.0,0.07,0.0,0.5,0.0,1.0,0.481,0.5,0.542,0.0,0.418,0.0,0,0,0.341,0.482,0.0,1.0,0.187,1.0,0.426,0.0,0.51,0.462,0.0,1.0,0.927
0,2023.07.10 17:02:40,XPDUSDm,SWEEP_REVERSAL,SELL,3,1232.67,1246.21,1197.64,2.59,0.198,1197.6425,1230.475,1181.94,0,0.094,0.96,2.5867,1238.0225,1238.41175,1249.188,1223.325,1,0.004,0.85,0,1231.9025,0.734,0.248,0,0.0,0.0,0.0,1294.54625,4.51,0,0,0,0.9,-0.615,-0.1203,0.615,0.653,2,0.539,3,0.69,1234.7575,1220.4825,0.154,0.9,0.0,2,0.25,0,0.539,0.911,2.587,0.352,0.404,1,1197.6425,1,0.7,0.692,0.204,0.185,0.088,0.912,0.864,1479.82206,1404.03875,1239.755,-959.2011,22.1781,-1,1488.50618,0.608,1323.50794,0.344,1262.71912,0.341,1,0.42,1,0,12330,0.722,0.563,0.37,2056.0,2064.7,1.5183,1354.1,0.0,1,0,0.535,2893.86,1,0,0.72,2893.86,-1,122.675,0.174,0.826,0.3,1.0,0.0,0.65,0.0,0.5,0.0,0.668,0.443,0.5,0.565,0.0,0.372,0.0,0,0,0.353,0.687,0.0,1.0,0.107,1.0,0.553,0.0,0.55,0.462,0.0,1.0,1.05
0,2023.07.10 18:01:00,XPDUSDm,BREAKOUT_RETEST,SELL,3,1234.06,1240.36,1205.62,4.51,0.588,1233.47,1239.04,1216.76,1,0.045,1.055,0.0446,1231.20725,1238.41175,1249.188,1223.325,1,0.003,0.5,2,1233.47,0.711,0.465,0,0.0,0.0,0.0,1294.54625,4.572,0,0,0,0.975,-0.825,-0.0632,0.825,1.0,2,0.57,3,1.0,1233.47,1220.102,0.045,1.055,0.0,2,0.0,0,0.57,0.316,1.055,0.3,0.412,1,1239.04,4,0.6,0.911,0.0,0.247,0.0,0.865,0.903,1479.82206,1404.03875,1239.755,-959.2011,22.1781,-1,1488.50618,0.608,1323.50794,0.344,1262.71912,0.341,1,0.42,1,0,12331,0.722,0.563,0.37,2068.0,2141.7,1.563,1323.1,0.0,1,0,0.535,2893.86,1,0,0.72,2893.86,-1,125.451,0.174,0.826,0.3,1.0,0.0,0.85,0.0,0.5,0.0,0.946,0.648,0.5,0.562,0.0,0.287,0.0,0,0,0.372,0.814,0.0,0.99,0.133,0.384,0.528,0.0,0.542,0.462,0.0,1.0,0.889
0,2023.07.10 18:28:20,XPDUSDm,MEAN_REVERSION,SELL,3,1233.47,1240.36,1213.62,2.88,0.577,1233.47,1239.04,1216.76,1,0.045,1.055,0.0,1231.20725,1238.41175,1249.188,1223.325,1,0.004,0.5,2,1233.47,0.711,0.465,0,0.0,0.0,0.0,1294.54625,4.572,0,0,0,0.975,-0.825,-0.0632,0.825,1.0,2,0.57,3,1.0,1233.47,1220.102,0.0,1.01,0.0,2,0.0,0,0.57,0.303,1.01,0.3,0.411,1,1239.04,4,0.6,0.0,0.0,0.247,0.0,0.865,0.903,1479.82206,1404.03875,1239.755,-959.2011,22.1781,-1,1488.50618,0.608,1323.50794,0.344,1262.71912,0.341,1,0.42,1,0,12331,0.722,0.563,0.37,1885.0,1939.5,1.4247,1323.1,0.0,1,0,0.535,2893.86,1,0,0.72,2893.86,-1,125.495,0.174,0.826,0.3,1.0,0.0,0.97,0.0,0.5,0.0,0.97,0.329,0.5,0.59,0.0,0.331,0.0,0,0,0.412,0.814,0.0,0.99,0.133,0.263,0.529,0.0,0.543,0.462,0.0,1.0,0.889
0,2023.07.10 18:33:40,XPDUSDm,BREAKOUT,SELL,3,1233.91,1240.36,1220.1,2.14,0.396,1233.47,1239.04,1216.76,1,0.045,1.055,0.0333,1231.20725,1238.41175,1249.188,1223.325,1,0.003,0.5,2,1233.47,0.711,0.465,0,0.0,0.0,0.0,1294.54625,4.572,0,0,0,0.975,-0.825,-0.0632,0.825,1.0,2,0.57,3,1.0,1233.47,1220.102,0.033,1.044,0.0,2,0.0,0,0.57,0.313,1.044,0.3,0.412,1,1239.04,4,0.6,0.933,0.0,0.247,0.0,0.865,0.903,1479.82206,1404.03875,1239.755,-959.2011,22.1781,-1,1488.50618,0.608,1323.50794,0.344,1262.71912,0.341,1,0.42,1,0,12331,0.722,0.563,0.37,1840.0,1908.5,1.3907,1323.1,0.0,1,0,0.535,2893.86,1,0,0.72,2893.86,-1,125.462,0.174,0.826,0.3,1.0,0.0,0.99,0.0,0.5,0.0,1.0,0.513,0.5,0.592,0.0,0.308,0.0,0,0,0.309,0.814,0.0,0.99,0.133,0.263,0.527,0.0,0.536,0.462,0.0,1.0,0.889
0,2023.07.10 18:57:40,XPDUSDm,PULLBACK,SELL,3,1234.75,1240.36,1220.1,2.61,0.621,1233.47,1239.04,1216.76,1,0.045,1.055,0.0967,1231.20725,1238.41175,1249.188,1223.325,1,0.003,0.5,2,1233.47,0.711,0.465,0,0.0,0.0,0.0,1294.54625,4.572,0,0,0,0.975,-0.825,-0.0632,0.825,0.797,2,0.57,3,1.0,1233.47,1220.102,0.097,1.107,0.0,2,0.0,0,0.57,0.366,1.107,0.33,0.418,1,1239.04,4,0.6,0.807,0.061,0.247,0.0,0.865,0.903,1479.82206,1404.03875,1239.755,-959.2011,22.1781,-1,1488.50618,0.608,1323.50794,0.344,1262.71912,0.341,1,0.42,1,0,12331,0.722,0.563,0.37,2044.0,1956.1,1.5449,1323.1,0.0,1,0,0.535,2893.86,1,0,0.72,2893.86,-1,125.398,0.174,0.826,0.3,1.0,0.0,0.14,0.0,0.5,0.0,0.893,0.687,0.5,0.585,0.0,0.195,0.0,0,0,0.366,0.814,0.0,0.99,0.133,0.246,0.531,0.0,0.533,0.462,0.0,1.0,1.006
0,2023.07.10 18:58:40,XPDUSDm,TREND_CONTINUATION,SELL,3,1235.34,1251.22,1216.76,1.17,0.554,1233.47,1239.04,1216.76,1,0.045,1.055,0.1413,1231.20725,1238.41175,1249.188,1223.325,1,0.002,0.5,2,1233.47,0.711,0.465,0,0.0,0.0,0.0,1294.54625,4.572,0,0,0,0.975,-0.825,-0.0632,0.825,0.797,2,0.57,3,1.0,1233.47,1220.102,0.141,1.152,0.0,2,0.0,0,0.57,0.381,1.152,0.33,0.42,1,1216.76,5,0.6,0.717,0.061,0.247,0.0,0.865,0.903,1479.82206,1404.03875,1239.755,-959.2011,22.1781,-1,1488.50618,0.608,1323.50794,0.344,1262.71912,0.341,1,0.42,1,0,12331,0.722,0.563,0.37,2022.0,1968.3,1.5283,1323.1,0.0,1,0,0.535,2893.86,1,0,0.72,2893.86,-1,125.354,0.174,0.826,0.3,1.0,0.0,0.45,0.0,0.5,0.0,0.893,0.69,0.5,0.585,0.0,0.195,0.0,0,0,0.368,0.814,0.0,0.99,0.133,0.246,0.533,0.0,0.531,0.462,0.0,1.0,1.006
0,2023.07.11 04:00:00,XPDUSDm,SWEEP_REVERSAL,SELL,1,1241.09,1250.5,1233.49,0.81,0.209,1233.49125,1239.753,1229.5065,0,0.039,1.776,0.8079,1234.30375,1234.10125,1244.8775,1223.325,1,0.007,0.45,0,1233.49125,0.681,0.331,0,0.0,0.0,0.0,1294.54625,5.684,0,0,0,0.421,-0.3109,-0.0164,0.311,0.511,0,0.791,0,0.493,1241.46075,1227.79875,0.039,1.413,0.0,2,0.25,0,0.791,0.528,1.413,0.373,0.35,0,1233.49125,8,0.736,0.921,0.247,0.093,0.186,0.529,0.879,1494.1181,1402.21025,1240.06975,-928.298,42.7699,-1,1494.1181,0.561,1264.2209,0.341,1264.2209,0.341,1,0.439,1,0,12340,0.703,0.573,0.369,1515.0,1515.0,1.6108,940.5,0.0,1,0,0.535,2893.86,1,0,0.72,2893.86,1,175.733,0.193,0.807,0.3,1.0,1.0,0.5,0.0,0.5,0.0,0.654,0.574,0.5,0.566,0.0,0.338,0.0,0,0,0.349,0.84,0.0,1.0,0.143,0.399,0.732,0.0,0.544,0.462,0.0,1.0,0.934
0,2023.07.11 04:00:20,XPDUSDm,MEAN_REVERSION,SELL,1,1241.09,1248.61,1233.49,1.01,0.693,1233.49125,1239.753,1229.5065,0,0.039,1.776,0.8079,1234.30375,1234.10125,1244.8775,1223.325,1,0.007,0.45,0,1233.49125,0.681,0.331,0,0.0,0.0,0.0,1294.54625,5.684,0,0,0,0.421,-0.3109,-0.0164,0.311,0.511,0,0.791,0,0.493,1241.46075,1227.79875,0.039,1.413,0.0,2,0.25,0,0.791,0.528,1.413,0.373,0.35,0,1233.49125,8,0.736,0.921,0.247,0.093,0.186,0.529,0.879,1494.1181,1402.21025,1240.06975,-928.298,42.7699,-1,1494.1181,0.561,1264.2209,0.341,1264.2209,0.341,1,0.439,1,0,12340,0.703,0.573,0.369,1515.0,1515.3,1.6108,940.5,0.0,1,0,0.535,2893.86,1,0,0.72,2893.86,1,175.733,0.193,0.807,0.3,1.0,1.0,0.5,0.0,0.5,0.0,0.654,0.572,0.5,0.566,0.0,0.338,0.0,0,0,0.348,0.84,0.0,1.0,0.143,0.399,0.732,0.0,0.544,0.462,0.0,1.0,0.934
0,2023.07.11 06:00:20,XPDUSDm,MEAN_REVERSION,SELL,1,1243.06,1248.41,1235.07,1.49,0.571,1242.89175,1243.83,1235.073,1,0.025,0.493,0.0252,1232.69825,1234.10125,1244.8775,1223.325,1,0.013,0.7,2,1242.89175,0.604,0.26,0,0.0,0.0,0.0,1294.54625,7.698,0,0,0,0.75,0.72,0.1152,0.72,1.0,2,0.55,3,0.819,1242.89175,1239.13875,0.025,0.586,0.0,2,0.0,0,0.55,0.176,0.586,0.3,0.386,1,1235.073,5,0.6,0.95,0.0,0.216,0.0,1.0,0.917,1494.1181,1402.21025,1240.06975,-928.298,42.7699,-1,1494.1181,0.561,1264.2209,0.341,1264.2209,0.341,1,0.439,1,0,12342,0.703,0.573,0.369,1412.0,1468.5,2.1111,668.9,0.0,1,0,0.535,2893.86,1,0,0.72,2893.86,1,246.809,0.193,0.807,0.3,1.0,1.0,0.96,0.0,0.5,0.0,0.638,0.718,0.5,0.682,0.0,0.299,0.0,0,0,0.455,0.812,0.0,0.545,0.227,0.181,0.55,0.0,0.625,0.462,0.0,1.0,0.801
0,2023.07.11 06:02:40,XPDUSDm,SWEEP_REVERSAL,SELL,1,1243.95,1250.64,1235.07,1.33,0.099,1242.89175,1243.83,1235.073,0,0.025,0.493,0.1582,1232.69825,1234.10125,1244.8775,1223.325,1,0.015,0.7,2,1242.89175,0.604,0.26,0,0.0,0.0,0.0,1294.54625,7.698,0,0,0,0.75,0.72,0.1152,0.72,0.417,2,0.55,3,0.819,1242.89175,1239.13875,0.158,0.719,0.0,2,0.0,0,0.55,0.279,0.719,0.388,0.398,1,1235.073,5,0.6,0.684,0.175,0.216,0.0,1.0,0.917,1494.1181,1402.21025,1240.06975,-928.298,42.7699,-1,1494.1181,0.561,1264.2209,0.341,1264.2209,0.341,1,0.439,1,0,12342,0.703,0.573,0.369,1409.0,1454.3,2.1066,668.9,0.0,1,0,0.535,2893.86,1,0,0.72,2893.86,1,246.676,0.193,0.807,0.3,1.0,1.0,0.99,0.0,0.5,0.0,0.626,0.794,0.5,0.682,0.0,0.299,0.0,0,0,0.501,0.802,0.0,0.825,0.3,0.203,0.579,0.0,0.569,0.462,0.0,1.0,0.793
0,2023.07.11 08:00:00,XPDUSDm,BREAKOUT,SELL,2,1234.82,1241.94,1220.56,2.0,0.53,1243.25175,1244.1945,1240.4235,0,1.147,0.376,-1.4778,1234.5545,1234.10125,1244.8775,1223.325,1,0.001,0.3,4,1243.25175,0.723,0.252,0,0.0,0.0,1237.721,1294.54625,10.468,0,0,0,0.9,0.79,0.2505,0.79,0.074,2,0.61,2,0.436,1242.309,1233.82425,1.313,0.175,0.0142,2,0.0,0,0.61,0.649,1.478,0.439,0.36,1,1243.25175,8,0.745,0.0,0.278,0.237,0.15,0.619,0.963,1425.40941,1402.21025,1238.86025,-966.2413,-37.9434,-2,1485.63137,0.57,1261.9498,0.345,1261.9498,0.345,1,0.468,1,0,12344,0.703,0.573,0.369,1606.0,1656.2,2.8147,570.6,0.0,1,0,0.535,2893.86,1,0,0.72,2893.86,1,290.768,0.131,0.869,0.2,0.0,1.0,0.93,0.0,0.5,0.0,1.0,0.534,0.5,0.542,0.0,0.321,0.0,0,0,0.312,0.563,0.0,1.0,0.255,0.421,0.341,0.0,0.611,0.462,0.0,1.0,0.695
0,2023.07.11 09:16:40,XPDUSDm,ANCHORED_PULLBACK,SELL,2,1229.99,1234.75,1217.94,2.53,0.212,1242.601,1245.086,1235.146,0,1.01,0.515,-2.0926,1234.5545,1234.10125,1244.8775,1223.325,1,0.007,0.5,2,1243.595,0.689,0.125,0,0.0,0.0,1233.84775,1294.54625,11.114,0,0,0,0.975,0.65,0.1965,0.65,0.074,2,0.608,3,0.514,1234.152,1231.667,0.691,0.278,0.0,2,0.25,0,0.608,0.991,2.258,0.439,0.353,1,1234.152,2,0.55,0.0,0.378,0.195,0.088,0.467,0.98,1425.40941,1402.21025,1238.86025,-966.2413,-37.9434,-2,1485.63137,0.57,1261.9498,0.345,1261.9498,0.345,1,0.468,1,0,12345,0.703,0.573,0.369,2169.0,2233.3,3.5991,602.6,0.0,1,0,0.535,2893.86,1,0,0.72,2893.86,1,276.096,0.131,0.869,0.2,0.0,1.0,0.62,0.0,0.5,0.0,0.746,0.598,0.5,0.513,0.0,0.256,0.0,0,0,0.315,0.452,0.0,1.0,0.143,0.544,0.302,0.0,0.617,0.447,0.0,1.0,0.736
0,2023.07.11 12:00:00,XPDUSDm,ANCHORED_PULLBACK,SELL,2,1236.55,1237.54,1233.55,3.02,0.479,1236.8575,1239.43,1233.55,1,0.045,0.706,-0.0449,1234.5545,1234.10125,1244.8775,1223.325,1,0.004,0.4,0,1236.1225,0.751,0.438,0,0.0,0.0,1236.61,1294.54625,8.468,0,0,0,0.074,0.0,-0.003,0.309,1.0,0,0.878,3,0.363,1236.8575,1230.61,0.045,0.867,-0.4477,1,0.3,1,1.0,0.13,0.867,0.15,0.382,1,1239.43,4,0.6,0.91,0.42,0.0,0.105,0.934,0.844,1496.63346,1402.21025,1238.399,-983.1765,-16.9352,-2,1488.19577,0.599,1327.87962,0.349,1268.81577,0.346,1,0.495,1,0,12348,0.703,0.573,0.369,1587.0,1577.2,2.3173,684.9,0.0,1,0,0.535,2893.86,1,0,0.72,2893.86,1,241.994,0.173,0.827,0.3,0.0,1.0,0.54,0.0,0.5,0.0,0.47,0.561,0.5,0.589,0.0,0.8,0.0,0,0,0.533,0.8,0.0,0.849,0.172,0.284,0.457,0.0,0.574,0.462,0.0,1.0,0.648
0,2023.07.11 12:01:00,XPDUSDm,BREAKOUT,SELL,2,1235.13,1245.4,1218.01,1.67,0.118,1236.8575,1239.43,1233.55,1,0.045,0.706,-0.2522,1234.5545,1234.10125,1244.8775,1223.325,1,0.002,0.4,0,1236.1225,0.751,0.438,0,0.0,0.0,1236.61,1294.54625,8.468,0,0,0,0.074,0.0,-0.003,0.309,0.265,0,0.897,3,0.363,1233.9175,1230.61,0.177,0.66,0.0,2,0.0,0,0.897,0.271,0.66,0.41,0.383,1,1239.43,4,0.6,0.646,0.22,0.0,0.0,0.654,0.844,1496.63346,1402.21025,1238.399,-983.1765,-16.9352,-2,1488.19577,0.599,1327.87962,0.349,1268.81577,0.346,1,0.495,1,0,12348,0.703,0.573,0.369,1674.0,1583.6,2.4443,684.9,0.0,1,0,0.535,2893.86,1,0,0.72,2893.86,1,242.201,0.173,0.827,0.3,0.0,1.0,0.29,0.0,0.5,0.0,0.721,0.512,0.5,0.589,0.0,0.758,0.0,0,0,0.487,0.8,0.0,1.0,0.143,0.464,0.457,0.0,0.587,0.462,0.0,1.0,0.793
0,2023.07.11 13:30:40,XPDUSDm,TREND_CONTINUATION,SELL,4,1222.02,1234.53,1200.26,1.74,0.422,1236.875,1240.9,1231.24,0,1.851,0.372,-1.7066,1234.8555,1234.10125,1244.8775,1223.325,0,0.014,0.3,2,1236.875,0.685,0.289,0,0.0,0.0,1213.9605,1294.54625,8.847,0,0,-1,0.63,-0.6549,-0.0462,0.655,0.039,0,0.735,2,0.769,1236.07,1222.385,1.614,0.042,0.0,2,0.0,0,0.735,0.758,1.707,0.444,0.441,1,1236.875,8,0.737,0.0,0.288,0.196,0.0,0.584,0.953,1496.63346,1402.21025,1238.399,-983.1765,-16.9352,-2,1488.19577,0.599,1327.87962,0.349,1268.81577,0.346,1,0.495,1,0,12349,0.703,0.573,0.369,2743.0,2890.6,3.1513,870.4,0.0,1,0,0.535,2893.86,1,0,0.72,2893.86,1,192.071,0.173,0.827,0.3,0.0,1.0,0.71,0.0,0.5,0.0,0.519,0.505,0.5,0.512,0.0,0.55,0.0,0,0,0.377,0.336,0.0,1.0,0.286,0.588,0.204,0.0,0.569,0.447,0.0,1.0,0.935
0,2023.07.11 13:38:40,XPDUSDm,PULLBACK,SELL,4,1219.57,1234.53,1193.46,1.75,0.362,1236.875,1240.9,1231.24,0,1.851,0.372,-1.9881,1234.8555,1234.10125,1244.8775,1223.325,0,0.017,0.3,2,1236.875,0.685,0.289,0,0.0,0.0,1213.9605,1294.54625,8.847,0,0,-1,0.63,-0.6549,-0.0462,0.655,0.033,0,0.735,2,0.769,1236.07,1222.385,1.896,0.323,0.0,2,0.0,0,0.735,0.885,1.988,0.445,0.456,1,1236.875,8,0.737,0.0,0.29,0.196,0.0,0.584,0.953,1496.63346,1402.21025,1238.399,-983.1765,-16.9352,-2,1488.19577,0.599,1327.87962,0.349,1268.81577,0.346,1,0.495,1,0,12349,0.703,0.573,0.369,2425.0,2671.2,2.786,870.4,0.0,1,0,0.535,2893.86,1,0,0.72,2893.86,1,192.352,0.173,0.827,0.3,0.0,1.0,0.95,0.0,0.5,0.0,0.811,0.646,0.5,0.442,0.0,0.496,0.0,0,0,0.419,0.335,0.0,1.0,0.286,0.588,0.196,0.0,0.569,0.447,0.0,1.0,0.935
0,2023.07.11 14:00:20,XPDUSDm,BREAKOUT_RETEST,SELL,4,1225.76,1234.58,1214.34,1.3,0.443,1236.875,1240.9,1223.19,1,0.814,0.116,-1.2034,1234.47,1234.10125,1244.8775,1223.325,1,0.009,0.55,2,1236.875,0.685,0.056,0,0.0,0.0,1221.25925,1294.54625,7.406,0,0,0,0.75,-0.72,-0.1981,0.72,0.169,2,0.56,2,0.117,1236.07,1228.02,1.116,0.245,0.0,2,0.15,0,0.56,0.511,1.203,0.425,0.261,0,1236.875,8,0.737,0.0,0.309,0.216,0.053,0.556,0.932,1496.63346,1402.21025,1238.399,-983.1765,-16.9352,-2,1488.19577,0.599,1327.87962,0.349,1268.81577,0.346,1,0.495,1,0,12350,0.689,0.582,0.368,2021.0,2093.6,2.1881,923.6,0.0,1,0,0.535,2893.86,1,0,0.72,2893.86,0,180.6,0.173,0.827,0.3,0.0,0.5,0.97,0.0,0.5,0.0,1.0,0.707,0.5,0.528,0.0,0.247,0.0,0,0,0.382,0.472,0.0,1.0,0.24,0.57,0.442,0.0,0.557,0.447,0.0,1.0,0.787
0,2023.07.11 14:02:40,XPDUSDm,BREAKOUT,SELL,4,1229.25,1234.58,1206.16,4.33,0.286,1236.875,1240.9,1223.19,1,0.814,0.116,-0.8255,1234.47,1234.10125,1244.8775,1223.325,1,0.005,0.55,2,1236.875,0.685,0.056,0,0.0,0.0,1221.25925,1294.54625,7.406,0,0,0,0.75,-0.72,-0.1981,0.72,0.058,2,0.56,2,0.117,1236.07,1228.02,0.738,0.133,0.0,2,0.15,0,0.56,0.364,0.826,0.441,0.244,0,1236.875,8,0.737,0.0,0.342,0.216,0.053,0.556,0.932,1496.63346,1402.21025,1238.399,-983.1765,-16.9352,-2,1488.19577,0.599,1327.87962,0.349,1268.81577,0.346,1,0.495,1,0,12350,0.689,0.582,0.368,2050.0,2070.0,2.2195,923.6,0.0,1,0,0.535,2893.86,1,0,0.72,2893.86,0,180.222,0.173,0.827,0.3,0.0,0.5,0.75,0.0,0.5,0.0,1.0,0.737,0.5,0.459,0.0,0.225,0.0,0,0,0.37,0.355,0.0,1.0,0.2,0.57,0.482,0.0,0.551,0.447,0.0,1.0,0.787
0,2023.07.11 15:31:40,XPDUSDm,TREND_CONTINUATION,SELL,4,1226.64,1237.12,1215.95,1.02,0.37,1225.605,1236.07,1216.75,1,0.382,1.488,0.1185,1233.9315,1234.10125,1244.8775,1223.325,1,0.009,0.6,0,1238.485,0.726,0.382,0,0.0,0.0,1225.73775,1294.54625,7.512,0,0,0,0.55,-0.58,-0.2448,0.58,0.592,0,0.679,0,0.586,1225.605,1232.045,0.119,0.619,0.0,2,0.25,0,0.679,0.49,1.356,0.361,0.388,1,1238.485,8,0.745,0.763,0.222,0.174,0.205,1.0,0.784,1496.63346,1402.21025,1238.399,-983.1765,-16.9352,-2,1488.19577,0.599,1327.87962,0.349,1268.81577,0.346,1,0.495,1,0,12351,0.689,0.582,0.368,2328.0,2572.1,2.6656,873.4,0.0,1,0,0.535,2893.86,1,0,0.72,2893.86,-1,190.898,0.173,0.827,0.3,0.0,0.0,0.99,0.0,0.5,0.0,0.537,0.6,0.5,0.492,0.0,0.294,0.0,0,0,0.325,0.751,0.0,1.0,0.221,0.416,0.567,0.0,0.567,0.447,0.0,1.0,0.795
0,2023.07.11 15:40:40,XPDUSDm,PULLBACK,SELL,4,1232.06,1236.94,1215.95,3.3,0.452,1225.605,1236.07,1216.75,1,0.382,1.488,0.7391,1233.9315,1234.10125,1244.8775,1223.325,1,0.002,0.6,0,1238.485,0.726,0.382,0,0.0,0.0,1225.73775,1294.54625,7.512,0,0,0,0.55,-0.58,-0.2448,0.58,0.21,0,0.679,0,0.586,1236.875,1232.045,0.551,0.002,0.0,2,0.25,0,0.679,0.309,0.739,0.418,0.341,0,1236.07,4,0.6,0.0,0.337,0.174,0.205,0.797,0.784,1496.63346,1402.21025,1238.399,-983.1765,-16.9352,-2,1488.19577,0.599,1327.87962,0.349,1268.81577,0.346,1,0.495,1,0,12351,0.689,0.582,0.368,2679.0,2535.0,3.0675,873.4,0.0,1,0,0.535,2893.86,1,0,0.72,2893.86,-1,190.277,0.173,0.827,0.3,0.0,0.0,0.29,0.0,0.5,0.0,0.345,0.771,0.5,0.479,0.0,0.288,0.0,0,0,0.422,0.621,0.0,1.0,0.143,0.53,0.561,0.0,0.558,0.447,0.0,1.0,0.868
0,2023.07.11 15:51:40,XPDUSDm,SWEEP_REVERSAL,SELL,4,1236.2,1239.36,1225.61,3.35,0.213,1225.605,1236.07,1216.75,0,0.382,1.488,1.2131,1233.9315,1234.10125,1244.8775,1223.325,1,0.002,0.6,0,1238.485,0.726,0.382,0,0.0,0.0,1225.73775,1294.54625,7.512,0,0,0,0.55,-0.58,-0.2448,0.58,0.978,0,0.679,0,0.586,1236.875,1232.045,0.077,0.476,0.0,2,0.25,0,0.679,0.368,1.213,0.303,0.348,0,1225.605,1,0.7,0.845,0.107,0.174,0.205,0.797,0.784,1496.63346,1402.21025,1238.399,-983.1765,-16.9352,-2,1488.19577,0.599,1327.87962,0.349,1268.81577,0.346,1,0.495,1,0,12351,0.689,0.582,0.368,2333.0,2547.4,2.6713,873.4,0.0,1,0,0.535,2893.86,1,0,0.72,2893.86,-1,189.803,0.173,0.827,0.3,0.0,0.0,0.99,0.0,0.5,0.222,0.234,0.628,0.5,0.532,0.0,0.366,0.0,0,0,0.383,0.845,0.0,1.0,0.143,0.627,0.56,0.0,0.554,0.447,0.0,1.0,0.986
0,2023.07.11 16:07:00,XPDUSDm,MEAN_REVERSION,SELL,4,1234.56,1242.1,1225.7,1.18,0.66,1225.697,1232.348,1217.568,0,0.622,2.034,0.9409,1235.8005,1231.724,1244.156,1226.396,1,0.003,0.5,0,1225.697,0.613,0.917,0,0.0,0.0,1230.3785,1294.54625,6.373,0,0,0,0.6,-0.615,-0.2257,0.615,0.446,0,0.721,0,0.741,1228.653,1212.395,0.627,2.353,0.0,2,0.25,0,0.721,0.901,2.353,0.383,0.422,1,1225.697,8,0.723,0.0,0.266,0.185,0.236,0.652,0.909,1496.63346,1402.21025,1239.02287,-981.9579,1.2186,-1,1488.19577,0.597,1327.87962,0.347,1235.065,0.349,1,0.512,1,0,12352,0.689,0.582,0.368,2137.0,2259.8,2.2686,942.0,0.0,1,0,0.535,2893.86,1,0,0.72,2893.86,-1,176.146,0.173,0.827,0.3,1.0,0.0,0.99,0.0,0.5,0.0,0.356,0.576,0.5,0.522,0.0,0.332,0.0,0,0,0.335,0.74,0.0,1.0,0.143,0.653,0.714,0.0,0.552,0.436,0.0,1.0,0.948
0,2023.07.11 16:22:40,XPDUSDm,BREAKOUT,SELL,4,1239.87,1254.0,1225.7,1.0,0.394,1225.697,1232.348,1217.568,0,0.622,2.034,1.5046,1235.8005,1231.724,1244.156,1226.396,1,0.009,0.5,0,1225.697,0.613,0.917,0,0.0,0.0,1230.3785,1294.54625,6.373,0,0,0,0.6,-0.615,-0.2257,0.615,0.254,0,0.721,0,0.741,1228.653,1212.395,1.191,2.917,0.0,2,0.25,0,0.721,1.202,2.917,0.412,0.457,1,1225.697,8,0.723,0.0,0.324,0.185,0.236,0.652,0.909,1496.63346,1402.21025,1239.02287,-981.9579,1.2186,-1,1488.19577,0.597,1327.87962,0.347,1235.065,0.349,1,0.512,1,0,12352,0.689,0.582,0.368,2520.0,2238.9,2.6752,942.0,0.0,1,0,0.535,2893.86,1,0,0.72,2893.86,-1,175.583,0.173,0.827,0.3,1.0,0.0,0.1,0.0,0.5,0.0,0.728,0.595,0.5,0.456,0.0,0.335,0.0,0,0,0.328,0.55,0.0,1.0,0.143,0.681,0.817,0.0,0.575,0.462,0.0,1.0,0.944
0,2023.07.11 17:32:30,XPDUSDm,TREND_CONTINUATION,SELL,3,1238.65,1250.48,1224.84,1.17,0.502,1224.835,1232.48,1217.19,0,1.786,0.047,1.4013,1235.8005,1231.724,1244.156,1226.396,1,0.007,0.55,0,1224.835,0.74,0.413,0,0.0,0.0,1241.44175,1294.54625,5.144,0,0,0,0.975,-0.65,-0.1415,0.65,0.241,0,0.741,1,0.016,1224.14,1237.345,1.472,0.132,0.0,2,0.4,0,0.741,0.609,1.472,0.414,0.309,0,1224.835,8,0.748,0.0,0.388,0.195,0.14,0.883,0.775,1496.63346,1402.21025,1239.02287,-981.9579,1.2186,-1,1488.19577,0.597,1327.87962,0.347,1235.065,0.349,1,0.512,1,0,12353,0.689,0.582,0.368,2270.0,2354.4,2.3026,985.9,0.0,1,0,0.535,2893.86,1,0,0.72,2893.86,-1,167.896,0.173,0.827,0.3,1.0,0.0,0.97,0.0,0.5,0.0,1.0,0.62,0.5,0.521,0.0,0.289,0.0,0,0,0.344,0.366,0.0,1.0,0.26,0.783,0.433,0.0,0.546,0.462,0.0,1.0,0.864
0,2023.07.11 17:40:40,XPDUSDm,PULLBACK,SELL,3,1239.64,1254.43,1224.84,1.0,0.428,1224.835,1232.48,1217.19,0,1.786,0.047,1.5017,1235.8005,1231.724,1244.156,1226.396,1,0.008,0.55,0,1224.835,0.74,0.413,0,0.0,0.0,1241.44175,1294.54625,5.144,0,0,0,0.975,-0.65,-0.1415,0.65,0.406,0,0.741,1,0.016,1224.14,1237.345,1.572,0.233,0.0,2,0.4,0,0.741,0.612,1.572,0.389,0.309,0,1224.835,8,0.748,0.0,0.338,0.195,0.14,0.883,0.775,1496.63346,1402.21025,1239.02287,-981.9579,1.2186,-1,1488.19577,0.597,1327.87962,0.347,1235.065,0.349,1,0.512,1,0,12353,0.689,0.582,0.368,2118.0,2279.9,2.1484,985.9,0.0,1,0,0.535,2893.86,1,0,0.72,2893.86,-1,167.795,0.173,0.827,0.3,1.0,0.0,0.99,0.0,0.5,0.0,1.0,0.725,0.5,0.563,0.0,0.306,0.0,0,0,0.426,0.4,0.0,1.0,0.26,0.783,0.433,0.0,0.54,0.462,0.0,1.0,0.864
0,2023.07.11 17:51:40,XPDUSDm,SWEEP_REVERSAL,SELL,3,1240.14,1250.0,1224.84,1.55,0.233,1224.835,1232.48,1217.19,0,1.786,0.047,1.5525,1235.8005,1231.724,1244.156,1226.396,1,0.009,0.55,0,1224.835,0.74,0.413,0,0.0,0.0,1241.44175,1294.54625,5.144,0,0,0,0.975,-0.65,-0.1415,0.65,0.406,0,0.741,1,0.016,1224.14,1237.345,1.623,0.284,0.0,2,0.4,0,0.741,0.632,1.623,0.389,0.311,0,1224.835,8,0.748,0.0,0.338,0.195,0.14,0.883,0.775,1496.63346,1402.21025,1239.02287,-981.9579,1.2186,-1,1488.19577,0.597,1327.87962,0.347,1235.065,0.349,1,0.512,1,0,12353,0.689,0.582,0.368,2370.0,2265.7,2.404,985.9,0.0,1,0,0.535,2893.86,1,0,0.72,2893.86,-1,167.744,0.173,0.827,0.3,1.0,0.0,0.11,0.0,0.5,0.0,1.0,0.608,0.5,0.533,0.0,0.322,0.0,0,0,0.354,0.4,0.0,1.0,0.26,0.778,0.433,0.0,0.54,0.462,0.0,1.0,0.864
0,2023.07.11 18:00:00,XPDUSDm,BREAKOUT_RETEST,SELL,3,1241.63,1245.99,1218.47,5.31,0.437,1240.86525,1244.99,1227.3125,1,0.076,0.276,0.0763,1235.8005,1231.724,1244.156,1226.396,1,0.01,0.75,2,1240.86525,0.8,0.125,0,0.0,0.0,1240.59325,1294.54625,5.28,0,0,0,0.734,-0.4744,-0.0237,0.474,0.864,2,0.625,3,0.584,1239.68675,1244.40075,0.194,0.276,0.0,2,0.4,0,0.625,0.481,1.5,0.32,0.334,0,1244.99,4,0.6,0.612,0.201,0.142,0.14,0.872,0.788,1496.63346,1402.21025,1239.02287,-981.9579,1.2186,-1,1488.19577,0.597,1327.87962,0.347,1235.065,0.349,1,0.512,1,0,12354,0.689,0.582,0.368,1964.0,2252.0,1.9595,1002.3,0.0,1,0,0.535,2893.86,1,0,0.72,2893.86,-1,164.846,0.173,0.827,0.3,1.0,0.0,0.98,0.0,0.5,0.0,0.995,0.779,0.5,0.692,0.0,0.406,0.0,0,0,0.537,0.8,0.0,1.0,0.263,0.658,0.545,0.0,0.583,0.462,0.0,1.0,0.935
0,2023.07.11 18:00:20,XPDUSDm,ANCHORED_PULLBACK,SELL,3,1242.09,1243.6,1227.31,9.79,0.435,1240.86525,1244.99,1227.3125,1,0.076,0.276,0.1222,1235.8005,1231.724,1244.156,1226.396,1,0.01,0.75,2,1240.86525,0.8,0.125,0,0.0,0.0,1240.59325,1294.54625,5.28,0,0,0,0.734,-0.4744,-0.0237,0.474,0.864,2,0.625,3,0.584,1239.68675,1244.40075,0.24,0.231,0.0,2,0.4,0,0.625,0.481,1.5,0.32,0.334,0,1227.3125,5,0.6,0.52,0.201,0.142,0.14,0.872,0.788,1496.63346,1402.21025,1239.02287,-981.9579,1.2186,-1,1488.19577,0.597,1327.87962,0.347,1235.065,0.349,1,0.512,1,0,12354,0.689,0.582,0.368,1964.0,2247.9,1.9595,1002.3,0.0,1,0,0.535,2893.86,1,0,0.72,2893.86,-1,164.8,0.173,0.827,0.3,1.0,0.0,0.99,0.0,0.5,0.0,0.995,0.787,0.5,0.692,0.0,0.406,0.0,0,0,0.542,0.8,0.0,0.964,0.263,0.658,0.545,0.0,0.583,0.462,0.0,1.0,0.935
0,2023.07.11 18:07:00,XPDUSDm,MEAN_REVERSION,SELL,3,1242.52,1245.99,1227.31,4.38,0.608,1240.86525,1244.99,1227.3125,1,0.076,0.276,0.1651,1235.8005,1231.724,1244.156,1226.396,1,0.011,0.75,2,1240.86525,0.8,0.125,0,0.0,0.0,1240.59325,1294.54625,5.28,0,0,0,0.734,-0.4744,-0.0237,0.474,0.864,2,0.625,3,0.584,1239.68675,1244.40075,0.283,0.188,0.0,2,0.4,0,0.625,0.481,1.5,0.32,0.334,0,1227.3125,5,0.6,0.435,0.201,0.142,0.14,0.872,0.788,1496.63346,1402.21025,1239.02287,-981.9579,1.2186,-1,1488.19577,0.597,1327.87962,0.347,1235.065,0.349,1,0.512,1,0,12354,0.689,0.582,0.368,1994.0,2121.7,1.9895,1002.3,0.0,1,0,0.535,2893.86,1,0,0.72,2893.86,-1,164.757,0.173,0.827,0.3,1.0,0.0,0.87,0.0,0.5,0.0,0.934,0.752,0.5,0.678,0.0,0.439,0.0,0,0,0.531,0.8,0.0,0.964,0.263,0.607,0.547,0.0,0.554,0.462,0.0,1.0,0.935
0,2023.07.11 18:22:40,XPDUSDm,BREAKOUT,SELL,3,1239.71,1254.74,1214.65,1.67,0.303,1240.86525,1244.99,1227.3125,1,0.076,0.276,-0.1153,1235.8005,1231.724,1244.156,1226.396,1,0.008,0.75,2,1240.86525,0.8,0.125,0,0.0,0.0,1240.59325,1294.54625,5.28,0,0,0,0.734,-0.4744,-0.0237,0.474,0.927,2,0.625,3,0.584,1239.68675,1237.32975,0.002,0.237,0.0,2,0.4,0,0.625,0.466,1.5,0.311,0.333,0,1244.99,4,0.6,0.995,0.182,0.142,0.14,0.872,0.606,1496.63346,1402.21025,1239.02287,-981.9579,1.2186,-1,1488.19577,0.597,1327.87962,0.347,1235.065,0.349,1,0.512,1,0,12354,0.689,0.582,0.368,2027.0,2065.5,2.0224,1002.3,0.0,1,0,0.535,2893.86,1,0,0.72,2893.86,-1,165.038,0.173,0.827,0.3,1.0,0.0,0.42,0.0,0.5,0.0,0.985,0.663,0.5,0.555,0.0,0.432,0.0,0,0,0.437,0.8,1.0,1.0,0.219,0.519,0.46,0.0,0.564,0.462,0.0,1.0,0.816
0,2023.07.12 00:30:00,XPDUSDm,BREAKOUT,SELL,1,1225.64,1241.31,1202.44,1.48,0.502,1242.325,1244.026,1239.652,0,0.285,0.03,-1.7982,1241.4075,1231.724,1244.156,1226.396,0,0.007,0.45,0,1242.811,0.747,0.682,0,0.0,0.0,0.0,1242.88275,0.554,0,0,0,0.975,0.65,0.2967,0.65,0.015,0,0.775,0,0.701,1240.624,1236.979,1.615,1.222,0.0,2,0.15,0,0.775,0.832,1.858,0.448,0.439,1,1242.811,8,0.749,0.0,0.356,0.195,0.193,0.666,0.9,1482.38491,1402.21025,1235.17888,-1017.4648,0.7532,-1,1490.6634,0.602,1267.14415,0.357,1234.03019,0.386,-1,0.54,1,0,12359,0.689,0.582,0.368,5625.0,5629.9,6.0624,927.9,0.0,1,0,0.535,2893.86,1,0,0.72,2893.86,0,179.793,0.167,0.833,0.2,1.0,0.5,0.75,0.0,0.5,0.0,0.314,0.327,0.5,0.762,0.0,0.443,0.0,0,0,0.509,0.433,0.0,1.0,0.283,0.433,0.244,0.0,0.572,0.447,0.0,1.0,0.779
0,2023.07.12 03:00:00,XPDUSDm,ANCHORED_PULLBACK,SELL,1,1233.7,1237.23,1227.61,1.73,0.448,1227.61325,1236.167,1223.6215,1,0.359,0.287,0.5746,1241.4075,1231.724,1244.156,1226.396,1,0.002,0.55,0,1227.61325,0.659,0.659,0,0.0,0.0,1234.89625,1242.88275,0.867,0,0,0,0.45,-0.51,-0.0958,0.51,0.301,0,0.708,0,0.446,1228.1835,1236.73725,0.521,0.287,0.0,2,0.4,0,0.708,0.351,0.867,0.405,0.309,0,1227.61325,8,0.732,0.0,0.37,0.153,0.229,0.762,0.835,1482.38491,1402.21025,1235.17888,-1017.4648,0.7532,-1,1490.6634,0.602,1267.14415,0.357,1234.03019,0.386,-1,0.54,1,0,12362,0.688,0.579,0.365,4317.0,4551.6,4.0751,1059.4,0.0,1,0,0.535,2893.86,1,0,0.72,2893.86,1,156.714,0.167,0.833,0.2,1.0,1.0,0.77,0.0,0.5,0.0,0.862,0.827,0.5,0.6,0.0,0.531,0.0,0,0,0.589,0.649,0.0,1.0,0.239,0.568,0.432,0.0,0.54,0.436,0.0,1.0,0.842
0,2023.07.12 04:00:40,XPDUSDm,BREAKOUT_RETEST,SELL,1,1226.07,1228.89,1218.67,2.62,0.366,1227.8575,1235.515,1224.284,1,0.025,0.676,-0.1901,1241.4075,1231.724,1244.156,1226.396,0,0.006,0.55,0,1227.8575,0.695,0.675,0,0.0,0.0,1229.2355,1242.88275,1.465,0,0,0,0.5,-0.545,-0.1527,0.545,0.474,0,0.701,0,0.562,1228.8785,1222.242,0.299,0.407,0.0,2,0.25,0,0.701,0.677,1.788,0.379,0.391,1,1235.515,4,0.6,0.403,0.258,0.164,0.2,0.836,0.862,1482.38491,1402.21025,1235.17888,-1012.0485,5.4163,-1,1490.6634,0.601,1267.14415,0.354,1234.03019,0.403,1,0.454,1,0,12363,0.688,0.579,0.365,5569.0,5458.7,5.9227,940.3,0.0,1,0,0.535,2893.86,1,0,0.72,2893.86,1,177.371,0.169,0.831,0.2,1.0,1.0,0.27,0.0,0.5,0.0,0.814,0.728,0.5,0.501,0.0,0.323,0.0,0,0,0.417,0.72,0.0,1.0,0.294,0.58,0.35,0.0,0.541,0.436,0.0,1.0,0.949
0,2023.07.12 04:11:40,XPDUSDm,PULLBACK,SELL,1,1230.43,1236.46,1222.75,1.27,0.442,1227.8575,1235.515,1224.284,1,0.025,0.676,0.2736,1241.4075,1231.724,1244.156,1226.396,1,0.001,0.55,0,1227.8575,0.695,0.675,0,0.0,0.0,1229.2355,1242.88275,1.465,0,0,0,0.5,-0.545,-0.1527,0.545,0.398,0,0.701,0,0.562,1228.8785,1222.242,0.165,0.871,0.0,2,0.25,0,0.701,0.517,1.324,0.39,0.373,1,1235.515,4,0.6,0.67,0.281,0.164,0.2,0.836,0.862,1482.38491,1402.21025,1235.17888,-1012.0485,5.4163,-1,1490.6634,0.601,1267.14415,0.354,1234.03019,0.403,1,0.454,1,0,12363,0.688,0.579,0.365,5210.0,5510.8,5.5409,940.3,0.0,1,0,0.535,2893.86,1,0,0.72,2893.86,1,176.907,0.169,0.831,0.2,1.0,1.0,0.99,0.0,0.5,0.0,0.956,0.833,0.5,0.548,0.0,0.254,0.0,0,0,0.466,0.8,0.0,1.0,0.143,0.709,0.54,0.0,0.515,0.436,0.0,1.0,0.879
0,2023.07.12 04:35:40,XPDUSDm,SWEEP_REVERSAL,SELL,1,1235.55,1244.95,1227.86,0.82,0.207,1227.8575,1235.515,1224.284,0,0.025,0.676,0.8181,1241.4075,1231.724,1244.156,1226.396,1,0.004,0.55,0,1227.8575,0.695,0.675,0,0.0,0.0,1229.2355,1242.88275,1.465,0,0,0,0.5,-0.545,-0.1527,0.545,0.367,0,0.701,0,0.562,1235.0045,1240.1095,0.058,0.485,0.0,2,0.25,0,0.701,0.323,0.818,0.395,0.328,0,1227.8575,8,0.739,0.884,0.29,0.164,0.2,0.658,0.897,1482.38491,1402.21025,1235.17888,-1012.0485,5.4163,-1,1490.6634,0.601,1267.14415,0.354,1234.03019,0.403,1,0.454,1,0,12363,0.688,0.579,0.365,4326.0,4800.7,4.6007,940.3,0.0,1,0,0.535,2893.86,1,0,0.72,2893.86,1,176.362,0.169,0.831,0.2,1.0,1.0,0.99,0.0,0.5,0.0,0.877,0.841,0.5,0.554,0.0,0.29,0.0,0,0,0.487,0.727,0.0,1.0,0.143,0.562,0.729,0.0,0.528,0.436,0.0,1.0,0.953
0,2023.07.12 04:36:40,XPDUSDm,TREND_CONTINUATION,SELL,1,1236.48,1247.76,1222.75,1.22,0.332,1227.8575,1235.515,1224.284,0,0.025,0.676,0.917,1241.4075,1231.724,1244.156,1226.396,1,0.005,0.55,0,1227.8575,0.695,0.675,0,0.0,0.0,1229.2355,1242.88275,1.465,0,0,0,0.5,-0.545,-0.1527,0.545,0.367,0,0.701,0,0.562,1235.0045,1240.1095,0.157,0.386,0.0,2,0.25,0,0.701,0.362,0.917,0.395,0.332,0,1242.88275,6,0.65,0.686,0.29,0.164,0.2,0.658,0.897,1482.38491,1402.21025,1235.17888,-1012.0485,5.4163,-1,1490.6634,0.601,1267.14415,0.354,1234.03019,0.403,1,0.454,1,0,12363,0.688,0.579,0.365,4188.0,4747.3,4.454,940.3,0.0,1,0,0.535,2893.86,1,0,0.72,2893.86,1,176.263,0.169,0.831,0.2,1.0,1.0,0.99,0.0,0.5,0.0,0.877,0.859,0.5,0.554,0.0,0.29,0.0,0,0,0.498,0.683,0.0,1.0,0.143,0.562,0.748,0.0,0.528,0.436,0.0,1.0,0.953
0,2023.07.12 04:38:59,XPDUSDm,BREAKOUT,SELL,1,1237.18,1251.28,1222.75,1.02,0.334,1227.8575,1235.515,1224.284,0,0.025,0.676,0.9915,1241.4075,1231.724,1244.156,1226.396,1,0.006,0.55,0,1227.8575,0.695,0.675,0,0.0,0.0,1229.2355,1242.88275,1.465,0,0,0,0.5,-0.545,-0.1527,0.545,0.395,0,0.701,0,0.562,1235.0045,1240.1095,0.231,0.312,0.0,2,0.25,0,0.701,0.387,0.991,0.391,0.335,0,1242.88275,6,0.65,0.537,0.282,0.164,0.2,0.658,0.897,1482.38491,1402.21025,1235.17888,-1012.0485,5.4163,-1,1490.6634,0.601,1267.14415,0.354,1234.03019,0.403,1,0.454,1,0,12363,0.688,0.579,0.365,4110.0,4644.4,4.371,940.3,0.0,1,0,0.535,2893.86,1,0,0.72,2893.86,1,176.189,0.169,0.831,0.2,1.0,1.0,0.99,0.0,0.5,0.0,0.877,0.898,0.5,0.554,0.0,0.29,0.0,0,0,0.521,0.689,0.0,1.0,0.143,0.562,0.762,0.0,0.53,0.436,0.0,1.0,0.953
0,2023.07.12 05:43:40,XPDUSDm,MEAN_REVERSION,SELL,1,1240.28,1247.97,1234.02,0.81,0.637,1228.40025,1235.424,1225.1225,0,0.42,0.03,1.2359,1237.6695,1231.724,1244.156,1226.396,1,0.009,0.55,0,1234.01925,0.69,0.58,0,0.0,0.0,1238.981,1242.88275,0.405,0,0,0,0.825,-0.58,-0.1461,0.58,0.15,0,0.704,0,0.708,1234.95575,1238.70175,0.554,0.164,0.0,2,0.4,0,0.704,0.528,1.236,0.427,0.359,1,1234.01925,8,0.738,0.0,0.415,0.174,0.282,0.745,0.863,1482.38491,1402.21025,1235.17888,-1012.0485,5.4163,-1,1490.6634,0.601,1267.14415,0.354,1234.03019,0.403,1,0.454,1,0,12364,0.688,0.579,0.365,2795.0,2950.9,2.9078,961.2,0.0,1,0,0.535,2893.86,1,0,0.72,2893.86,1,172.03,0.169,0.831,0.2,1.0,1.0,0.99,0.0,0.5,0.0,0.927,0.453,0.5,0.642,0.0,0.287,0.0,0,0,0.335,0.54,0.0,1.0,0.377,0.617,0.825,0.0,0.579,0.447,0.0,1.0,0.929
0,2023.07.12 06:36:00,XPDUSDm,SWEEP_REVERSAL,SELL,1,1242.35,1251.75,1229.52,1.36,0.284,1229.5245,1237.872,1226.742,0,0.393,0.081,1.3649,1239.5385,1231.724,1244.156,1226.396,1,0.011,0.5,0,1239.5415,0.749,0.567,0,0.0,0.0,0.0,1294.54625,5.461,0,0,0,0.9,-0.615,-0.1101,0.615,0.136,0,0.653,0,0.74,1239.5415,1243.437,0.299,0.116,0.0,2,0.4,0,0.653,0.586,1.365,0.43,0.368,1,1229.5245,1,0.7,0.402,0.419,0.185,0.288,0.831,0.909,1482.38491,1402.21025,1235.17888,-1012.0485,5.4163,-1,1490.6634,0.601,1267.14415,0.354,1234.03019,0.403,1,0.454,1,0,12365,0.688,0.579,0.365,2391.0,2368.4,2.5446,939.6,0.0,1,0,0.535,2893.86,1,0,0.72,2893.86,1,175.759,0.169,0.831,0.2,1.0,1.0,0.15,0.0,0.5,0.0,0.74,0.374,0.5,0.564,0.0,0.445,0.0,0,0,0.423,0.512,0.0,0.98,0.389,0.635,0.696,0.0,0.523,0.447,0.0,1.0,0.929
0,2023.07.12 06:38:40,XPDUSDm,TREND_CONTINUATION,SELL,1,1241.99,1253.27,1229.52,1.11,0.488,1229.5245,1237.872,1226.742,0,0.393,0.081,1.3266,1239.5385,1231.724,1244.156,1226.396,1,0.011,0.5,0,1239.5415,0.749,0.567,0,0.0,0.0,0.0,1294.54625,5.461,0,0,0,0.9,-0.615,-0.1101,0.615,0.291,0,0.653,0,0.74,1239.5415,1243.437,0.261,0.154,0.0,2,0.4,0,0.653,0.539,1.327,0.406,0.363,1,1229.5245,1,0.7,0.479,0.373,0.185,0.288,0.831,0.909,1482.38491,1402.21025,1235.17888,-1012.0485,5.4163,-1,1490.6634,0.601,1267.14415,0.354,1234.03019,0.403,1,0.454,1,0,12365,0.688,0.579,0.365,2364.0,2367.8,2.5158,939.6,0.0,1,0,0.535,2893.86,1,0,0.72,2893.86,1,175.798,0.169,0.831,0.2,1.0,1.0,0.53,0.0,0.5,0.0,0.644,0.395,0.5,0.564,0.0,0.466,0.0,0,0,0.418,0.544,0.0,0.98,0.389,0.635,0.692,0.0,0.523,0.447,0.0,1.0,0.929
0,2023.07.12 07:00:00,XPDUSDm,BREAKOUT,SELL,1,1241.65,1246.72,1219.96,4.28,0.422,1241.34325,1245.85,1234.8335,1,0.035,0.382,0.0354,1239.44775,1231.724,1244.156,1226.396,1,0.011,0.55,0,1241.34325,0.738,0.437,0,0.0,0.0,0.0,1294.54625,6.096,0,0,0,0.975,-0.65,-0.0622,0.65,1.0,2,0.419,0,0.423,1240.34175,1238.33875,0.151,0.382,-0.0131,2,0.55,3,0.913,0.191,0.382,0.5,0.317,0,1245.85,4,0.6,0.698,0.22,0.595,0.277,0.773,0.773,1482.38491,1402.21025,1235.17888,-1012.0485,5.4163,-1,1490.6634,0.601,1267.14415,0.354,1234.03019,0.403,1,0.454,1,0,12366,0.688,0.579,0.365,2260.0,2296.6,2.6045,867.7,0.0,1,0,0.535,2893.86,1,0,0.72,2893.86,1,190.409,0.169,0.831,0.2,1.0,1.0,0.87,0.0,0.5,0.0,0.362,0.657,0.5,0.724,0.0,0.575,0.0,0,0,0.541,0.744,0.0,0.911,0.235,0.547,0.528,0.0,0.504,0.447,0.0,1.0,0.807
0,2023.07.12 07:00:00,XPDUSDm,BREAKOUT_RETEST,SELL,1,1241.65,1246.72,1229.33,2.43,0.54,1241.34325,1245.85,1234.8335,1,0.035,0.382,0.0354,1239.44775,1231.724,1244.156,1226.396,1,0.011,0.55,0,1241.34325,0.738,0.437,0,0.0,0.0,0.0,1294.54625,6.096,0,0,0,0.975,-0.65,-0.0622,0.65,1.0,0,0.719,0,0.423,1240.34175,1238.33875,0.151,0.382,0.0,2,0.25,0,0.719,0.114,0.382,0.3,0.305,0,1245.85,4,0.6,0.698,0.1,0.195,0.172,0.773,0.773,1482.38491,1402.21025,1235.17888,-1012.0485,5.4163,-1,1490.6634,0.601,1267.14415,0.354,1234.03019,0.403,1,0.454,1,0,12366,0.688,0.579,0.365,2260.0,2296.1,2.6045,867.7,0.0,1,0,0.535,2893.86,1,0,0.72,2893.86,1,190.409,0.169,0.831,0.2,1.0,1.0,0.86,0.0,0.5,0.0,0.503,0.657,0.5,0.724,0.0,0.575,0.0,0,0,0.541,0.8,0.0,1.0,0.312,0.506,0.542,0.0,0.592,0.447,0.0,1.0,0.819
0,2023.07.12 07:00:20,XPDUSDm,PULLBACK,SELL,1,1241.65,1246.72,1226.4,3.01,0.577,1241.34325,1245.85,1234.8335,1,0.035,0.382,0.0354,1239.44775,1231.724,1244.156,1226.396,1,0.011,0.55,0,1241.34325,0.738,0.437,0,0.0,0.0,0.0,1294.54625,6.096,0,0,0,0.975,-0.65,-0.0622,0.65,1.0,0,0.719,0,0.423,1240.34175,1238.33875,0.151,0.382,0.0,2,0.25,0,0.719,0.114,0.382,0.3,0.305,0,1245.85,4,0.6,0.698,0.1,0.195,0.172,0.773,0.773,1482.38491,1402.21025,1235.17888,-1012.0485,5.4163,-1,1490.6634,0.601,1267.14415,0.354,1234.03019,0.403,1,0.454,1,0,12366,0.688,0.579,0.365,2260.0,2295.5,2.6045,867.7,0.0,1,0,0.535,2893.86,1,0,0.72,2893.86,1,190.409,0.169,0.831,0.2,1.0,1.0,0.85,0.0,0.5,0.0,0.503,0.656,0.5,0.724,0.0,0.575,0.0,0,0,0.541,0.8,0.0,1.0,0.312,0.506,0.542,0.0,0.592,0.447,0.0,1.0,0.819
0,2023.07.12 08:39:00,XPDUSDm,SWEEP_REVERSAL,SELL,2,1247.33,1255.59,1239.36,0.97,0.093,1239.35975,1245.85,1237.862,0,0.071,1.038,0.9655,1239.44775,1231.724,1244.156,1226.396,0,0.019,0.4,0,1239.35975,0.706,0.764,0,0.0,0.0,0.0,1294.54625,6.373,0,0,0,0.087,0.0,0.0046,0.322,0.429,0,0.763,3,0.372,1245.35075,1233.36875,0.24,1.691,0.0,2,0.0,0,0.763,0.652,1.691,0.386,0.373,1,1239.35975,8,0.741,0.52,0.171,0.0,0.0,0.478,0.906,1425.40941,1402.21025,1235.17888,-985.602,26.4465,-1,1485.63137,0.562,1322.17176,0.328,1236.14039,0.383,-1,0.376,1,0,12367,0.688,0.579,0.365,2776.0,2552.0,3.3628,825.5,0.0,1,0,0.535,2893.86,1,0,0.72,2893.86,1,199.459,0.147,0.853,0.2,1.0,1.0,0.0,0.0,0.5,0.0,0.659,0.722,0.5,0.531,0.0,0.296,0.0,0,0,0.411,0.849,0.0,0.146,0.252,0.486,0.894,0.0,0.558,0.447,0.0,1.0,0.799
0,2023.07.12 08:40:40,XPDUSDm,TREND_CONTINUATION,SELL,2,1255.65,1265.56,1245.35,1.04,0.156,1239.35975,1245.85,1237.862,0,0.071,1.038,1.9734,1239.44775,1231.724,1244.156,1226.396,0,0.029,0.4,0,1239.35975,0.706,0.764,0,0.0,0.0,0.0,1294.54625,6.373,0,0,0,0.087,0.0,0.0046,0.322,0.429,0,0.763,3,0.372,1245.35075,1233.36875,1.248,2.699,0.0,2,0.0,0,0.763,1.041,2.699,0.386,0.419,1,1245.35075,2,0.55,0.0,0.171,0.0,0.0,0.478,0.906,1425.40941,1402.21025,1235.17888,-985.602,26.4465,-1,1485.63137,0.562,1322.17176,0.328,1236.14039,0.383,-1,0.376,1,0,12367,0.688,0.579,0.365,3433.0,2610.7,4.1587,825.5,0.0,1,0,0.535,2893.86,1,0,0.72,2893.86,1,198.451,0.147,0.853,0.2,1.0,1.0,0.04,0.0,0.5,0.0,0.445,0.806,0.5,0.504,0.0,0.335,0.0,0,0,0.469,0.849,0.0,0.391,0.252,0.454,0.894,0.0,0.551,0.447,0.0,1.0,0.799
0,2023.07.12 10:10:40,XPDUSDm,MEAN_REVERSION,SELL,2,1255.25,1262.58,1241.73,1.84,0.616,1241.733,1250.274,1235.82,0,1.347,0.231,1.4753,1239.405,1231.395,1245.724,1225.254,0,0.026,0.55,0,1241.733,0.709,0.0,1,0.0,0.0,1256.8655,1294.54625,4.131,0,0,1,0.75,0.72,0.1794,0.72,0.239,0,0.679,3,0.655,1244.361,1252.245,1.188,0.328,0.0,2,0.15,4,0.604,0.759,1.475,0.514,0.364,1,1241.733,8,0.742,0.0,0.288,0.216,0.053,0.521,0.845,1425.40941,1402.21025,1235.17888,-985.602,26.4465,-1,1485.63137,0.562,1322.17176,0.328,1236.14039,0.383,-1,0.376,1,0,12369,0.688,0.579,0.365,2715.0,2861.6,2.9633,916.2,0.0,1,0,0.535,2893.86,1,0,0.72,2893.86,1,178.846,0.147,0.853,0.2,1.0,1.0,0.99,0.0,0.5,0.0,1.0,0.69,0.5,0.485,0.0,0.55,0.0,0,0,0.48,0.282,0.0,0.344,0.353,0.541,0.436,0.0,0.473,0.474,0.0,1.0,0.547
0,2023.07.12 12:00:00,XPDUSDm,ANCHORED_PULLBACK,SELL,2,1255.37,1256.85,1249.59,3.91,0.356,1251.29375,1259.825,1249.5875,1,0.047,0.614,0.4059,1239.405,1231.395,1245.724,1225.254,0,0.024,0.45,0,1259.25625,0.711,0.646,0,0.0,0.0,1259.297,1294.54625,3.901,0,0,1,0.6,0.615,0.2441,0.615,0.897,2,0.625,2,0.194,1255.84375,1261.53125,0.047,0.614,0.0,2,0.0,0,0.625,1.231,3.901,0.315,0.417,1,1259.25625,8,0.742,0.906,0.031,0.185,0.0,0.743,0.921,1480.18857,1402.21025,1235.17888,-933.9934,51.6086,-1,1491.7396,0.57,1325.0108,0.331,1237.2588,0.372,-1,0.151,1,0,12371,0.692,0.578,0.364,1776.0,1891.7,1.7687,1004.1,0.0,1,0,0.535,2893.86,1,0,0.72,2893.86,1,163.173,0.193,0.807,0.3,1.0,1.0,0.48,0.0,0.5,0.0,0.293,0.542,0.5,0.926,0.0,0.843,0.0,0,0,0.64,0.874,0.0,0.855,0.143,0.513,0.433,0.0,0.538,0.474,0.0,1.0,0.699
0,2023.07.12 12:32:40,XPDUSDm,SWEEP_REVERSAL,SELL,2,1269.73,1279.77,1259.26,1.04,0.099,1251.29375,1259.825,1249.5875,0,0.047,0.614,1.836,1239.405,1231.395,1245.724,1225.254,0,0.038,0.45,0,1259.25625,0.711,0.646,0,0.0,0.0,1259.297,1294.54625,3.901,0,0,1,0.6,0.615,0.2441,0.615,0.075,2,0.625,2,0.194,1259.25625,1261.53125,1.043,0.816,0.0,2,0.0,0,0.625,1.084,2.471,0.439,0.395,1,1259.25625,8,0.742,0.0,0.277,0.185,0.0,0.702,0.921,1480.18857,1402.21025,1235.17888,-933.9934,51.6086,-1,1491.7396,0.57,1325.0108,0.331,1237.2588,0.372,-1,0.151,1,0,12371,0.692,0.578,0.364,3706.0,2447.4,3.6907,1004.1,0.0,1,0,0.535,2893.86,1,0,0.72,2893.86,1,161.743,0.193,0.807,0.3,1.0,1.0,0.1,0.0,0.5,0.941,0.412,0.549,0.5,0.546,0.0,0.877,0.0,0,0,0.544,0.596,0.0,0.475,0.143,0.597,0.87,0.0,0.517,0.459,0.0,1.0,0.724
0,2023.07.12 14:23:40,XPDUSDm,MEAN_REVERSION,SELL,4,1285.86,1296.62,1253.54,3.01,0.538,1253.538,1274.476,1250.232,0,1.958,0.009,2.4041,1238.7625,1236.647,1244.708,1223.212,0,0.037,0.55,0,1253.538,0.577,0.0,1,0.0,0.0,1280.708,0.0,0.0,0,0,1,1.0,0.86,0.2016,0.86,0.046,2,0.496,3,0.393,1260.15,1285.496,1.912,0.027,0.0,2,0.15,0,0.496,1.329,3.0,0.443,0.39,1,1253.538,8,0.715,0.0,0.346,0.258,0.053,0.674,0.949,1480.18857,1402.21025,1235.17888,-933.9934,51.6086,-1,1491.7396,0.57,1325.0108,0.331,1237.2588,0.372,-1,0.151,1,0,12373,0.692,0.578,0.364,2200.0,2049.8,1.6364,1344.4,0.0,1,0,0.535,2893.86,1,0,0.72,2893.86,1,119.605,0.193,0.807,0.3,1.0,1.0,0.23,0.0,0.5,0.0,0.907,0.533,0.5,0.559,0.0,0.712,0.0,0,0,0.472,0.182,0.0,0.333,0.61,0.671,0.858,0.0,0.492,0.444,0.0,1.0,0.609
0,2023.07.12 14:32:40,XPDUSDm,SWEEP_REVERSAL,SELL,4,1277.57,1291.01,1253.54,1.79,0.15,1253.538,1274.476,1250.232,0,1.958,0.009,1.7875,1238.7625,1236.647,1244.708,1223.212,0,0.03,0.55,0,1253.538,0.577,0.0,1,0.0,0.0,1280.708,0.0,0.0,0,0,1,1.0,0.86,0.2016,0.86,0.461,2,0.496,3,0.393,1260.15,1285.496,1.296,0.59,0.0,2,0.15,0,0.496,1.143,3.0,0.381,0.368,1,1253.538,8,0.715,0.0,0.222,0.258,0.053,0.674,0.949,1480.18857,1402.21025,1235.17888,-933.9934,51.6086,-1,1491.7396,0.57,1325.0108,0.331,1237.2588,0.372,-1,0.151,1,0,12373,0.692,0.578,0.364,2079.0,2096.2,1.5464,1344.4,0.0,1,0,0.535,2893.86,1,0,0.72,2893.86,1,120.221,0.193,0.807,0.3,1.0,1.0,0.58,0.0,0.5,0.0,0.554,0.496,0.5,0.449,0.0,0.662,0.0,0,0,0.402,0.315,0.0,0.428,0.61,0.671,0.436,0.0,0.492,0.444,0.0,1.0,0.609
0,2023.07.12 17:00:00,XPDUSDm,ANCHORED_PULLBACK,SELL,3,1272.18,1276.58,1263.98,1.86,0.56,1272.87725,1281.779,1263.9755,1,0.052,0.771,-0.0517,1239.80475,1238.63675,1246.982,1219.1645,0,0.025,0.55,0,1272.87725,0.645,0.01,0,0.0,0.0,1272.5355,0.0,0.0,0,0,1,0.8,0.79,0.3474,0.79,1.0,0,0.732,0,0.604,1272.068,1261.54775,0.008,0.788,0.0,2,0.25,0,0.732,0.9,3.0,0.3,0.436,1,1263.9755,5,0.6,0.983,0.1,0.237,0.208,0.878,0.878,1481.22977,1402.21025,1240.02762,-795.8767,138.1167,-1,1491.7396,0.572,1325.0108,0.332,1237.2588,0.373,-1,0.049,1,0,12376,0.692,0.578,0.364,2274.0,2537.2,1.6848,1349.7,0.0,1,0,0.535,2893.86,1,0,0.72,2893.86,1,120.15,0.25,0.75,0.3,1.0,1.0,0.98,0.0,0.5,0.0,0.371,0.56,0.5,0.807,0.0,0.32,0.0,0,0,0.406,0.864,0.0,0.746,0.336,0.445,0.46,0.0,0.513,0.444,0.0,1.0,0.637
0,2023.07.12 19:04:30,XPDUSDm,MEAN_REVERSION,SELL,3,1276.24,1286.19,1268.28,0.8,0.619,1272.74375,1275.15,1268.275,0,0.103,0.767,0.2812,1239.80475,1238.63675,1246.982,1219.1645,0,0.03,0.5,0,1272.74375,0.8,0.558,0,0.0,0.0,0.0,0.0,0.0,0,0,1,0.8,1.0,0.2728,1.0,0.259,0,0.679,0,0.634,1275.49375,1265.86875,0.06,0.834,0.0,2,0.0,0,0.679,1.233,3.0,0.411,0.457,1,1268.275,5,0.6,0.88,0.222,0.3,0.127,0.515,0.864,1481.22977,1402.21025,1240.02762,-795.8767,138.1167,-1,1491.7396,0.572,1325.0108,0.332,1237.2588,0.373,-1,0.049,1,0,12378,0.692,0.578,0.364,2147.0,2164.8,1.7267,1243.4,0.0,1,0,0.535,2893.86,1,0,0.72,2893.86,1,130.094,0.25,0.75,0.3,1.0,1.0,0.83,0.0,0.5,0.0,0.984,0.538,0.5,0.591,0.0,0.18,0.0,0,0,0.272,0.634,0.0,0.618,0.278,0.214,0.693,0.0,0.495,0.444,0.0,1.0,0.731
0,2023.07.13 01:00:30,XPDUSDm,BREAKOUT,SELL,1,1273.35,1289.55,1246.34,1.67,0.529,1275.6545,1277.486,1273.416,0,0.013,0.239,-0.2133,1272.46,1233.07325,1252.5455,1213.601,0,0.037,0.5,0,1275.6545,0.689,0.333,0,0.0,0.0,0.0,0.0,0.0,0,0,1,0.594,-0.6313,-0.0433,0.631,0.393,0,0.795,2,0.054,1273.2125,1272.3985,0.013,0.088,0.0754,0,0.15,2,0.717,1.623,3.0,0.541,0.404,1,1277.486,4,0.6,0.975,0.242,0.889,0.053,0.408,0.75,1425.40941,1402.21025,1240.02762,-945.0415,-6.213,-2,1485.63137,0.562,1322.17176,0.323,1236.14039,0.392,-1,0.088,1,0,12383,0.701,0.573,0.366,3675.0,3842.2,3.4019,1080.3,0.0,1,0,0.535,2893.86,1,0,0.72,2893.86,0,150.008,0.13,0.87,0.2,0.0,0.5,0.99,0.0,0.5,0.0,0.76,0.681,0.5,0.518,0.0,0.173,0.0,0,0,0.333,0.686,0.0,0.902,0.143,0.866,0.65,0.0,0.449,0.432,0.0,1.0,0.879
0,2023.07.13 01:00:30,XPDUSDm,PULLBACK,SELL,1,1273.35,1289.55,1240.94,2.0,0.329,1275.6545,1277.486,1273.416,0,0.013,0.239,-0.2133,1272.46,1233.07325,1252.5455,1213.601,0,0.037,0.5,0,1275.6545,0.689,0.333,0,0.0,0.0,0.0,0.0,0.0,0,0,1,0.594,-0.6313,-0.0433,0.631,0.393,0,0.817,2,0.054,1273.2125,1272.3985,0.013,0.088,0.0,2,0.15,0,0.817,1.173,3.0,0.391,0.377,1,1277.486,4,0.6,0.975,0.242,0.189,0.053,0.408,0.75,1425.40941,1402.21025,1240.02762,-945.0415,-6.213,-2,1485.63137,0.562,1322.17176,0.323,1236.14039,0.392,-1,0.088,1,0,12383,0.701,0.573,0.366,3675.0,3839.0,3.4019,1080.3,0.0,1,0,0.535,2893.86,1,0,0.72,2893.86,0,150.008,0.13,0.87,0.2,0.0,0.5,0.98,0.0,0.5,0.0,0.905,0.681,0.5,0.574,0.0,0.149,0.0,0,0,0.34,0.706,0.0,0.865,0.143,0.366,0.65,0.0,0.509,0.432,0.0,1.0,0.795
0,2023.07.13 01:01:00,XPDUSDm,TREND_CONTINUATION,SELL,1,1273.21,1286.17,1246.2,2.08,0.387,1275.6545,1277.486,1273.416,0,0.013,0.239,-0.2263,1272.46,1233.07325,1252.5455,1213.601,0,0.037,0.5,0,1275.6545,0.689,0.333,0,0.0,0.0,0.0,0.0,0.0,0,0,1,0.594,-0.6313,-0.0433,0.631,0.393,0,0.817,2,0.054,1273.2125,1272.3985,0.0,0.075,0.0,2,0.15,0,0.817,1.173,3.0,0.391,0.377,1,1277.486,4,0.6,1.0,0.242,0.189,0.053,0.408,0.75,1425.40941,1402.21025,1240.02762,-945.0415,-6.213,-2,1485.63137,0.562,1322.17176,0.323,1236.14039,0.392,-1,0.088,1,0,12383,0.701,0.573,0.366,3643.0,3835.4,3.3723,1080.3,0.0,1,0,0.535,2893.86,1,0,0.72,2893.86,0,150.02,0.13,0.87,0.2,0.0,0.5,0.99,0.0,0.5,0.0,0.905,0.671,0.5,0.574,0.0,0.149,0.0,0,0,0.334,0.706,0.0,1.0,0.143,0.366,0.65,0.0,0.503,0.432,0.0,1.0,0.795
0,2023.07.13 01:24:59,XPDUSDm,BREAKOUT_RETEST,SELL,1,1274.97,1278.21,1271.38,1.11,0.42,1275.6545,1277.486,1273.416,1,0.013,0.239,-0.0634,1272.46,1233.07325,1252.5455,1213.601,0,0.039,0.5,0,1275.6545,0.689,0.333,0,0.0,0.0,0.0,0.0,0.0,0,0,1,0.594,-0.6313,-0.0433,0.631,0.567,0,0.817,2,0.054,1275.2475,1272.3985,0.026,0.238,0.0,2,0.15,0,0.817,1.095,3.0,0.365,0.419,1,0.0,0,0.0,0.949,0.19,0.189,0.053,0.819,0.75,1425.40941,1402.21025,1240.02762,-945.0415,-6.213,-2,1485.63137,0.562,1322.17176,0.323,1236.14039,0.392,-1,0.088,1,0,12383,0.701,0.573,0.366,3230.0,3459.0,2.9899,1080.3,0.0,1,0,0.535,2893.86,1,0,0.72,2893.86,0,149.858,0.13,0.87,0.2,0.0,0.5,0.99,0.0,0.5,0.0,0.974,0.731,0.5,0.927,0.0,0.401,0.0,0,0,0.577,0.757,0.0,1.0,0.143,0.054,0.65,0.0,0.504,0.432,0.0,1.0,0.66
0,2023.07.13 02:11:59,XPDUSDm,MEAN_REVERSION,SELL,1,1282.45,1291.01,1275.39,0.82,0.71,1275.39425,1276.6405,1272.6525,0,0.4,0.028,0.6591,1272.46,1233.07325,1252.5455,1213.601,0,0.046,0.4,0,1275.39425,0.737,0.312,0,0.0,0.0,1274.321,0.0,0.0,0,0,1,0.714,-0.5213,-0.047,0.521,0.083,0,0.771,0,0.813,1274.89575,1279.6315,0.706,0.263,0.0,2,0.4,0,0.771,1.313,3.0,0.438,0.496,1,1275.39425,8,0.747,0.0,0.435,0.156,0.303,0.864,0.915,1425.40941,1402.21025,1240.02762,-945.0415,-6.213,-2,1485.63137,0.562,1322.17176,0.323,1236.14039,0.392,-1,0.088,1,0,12384,0.701,0.573,0.366,2960.0,2983.9,2.7649,1070.6,0.0,1,0,0.535,2893.86,1,0,0.72,2893.86,0,150.519,0.13,0.87,0.2,0.0,0.5,0.99,0.0,0.5,0.0,0.895,0.571,0.5,0.537,0.0,0.739,0.0,0,0,0.5,0.426,0.0,0.507,0.1,0.167,0.878,0.0,0.515,0.432,0.0,1.0,0.85
0,2023.07.13 02:25:40,XPDUSDm,SWEEP_REVERSAL,SELL,1,1284.19,1294.9,1275.39,0.82,0.32,1275.39425,1276.6405,1272.6525,0,0.4,0.028,0.8216,1272.46,1233.07325,1252.5455,1213.601,0,0.048,0.4,0,1275.39425,0.737,0.312,0,0.0,0.0,1274.321,0.0,0.0,0,0,1,0.714,-0.5213,-0.047,0.521,0.083,0,0.771,0,0.813,1274.89575,1279.6315,0.868,0.426,0.0,2,0.4,0,0.771,1.313,3.0,0.438,0.496,1,1275.39425,8,0.747,0.0,0.435,0.156,0.303,0.864,0.915,1425.40941,1402.21025,1240.02762,-945.0415,-6.213,-2,1485.63137,0.562,1322.17176,0.323,1236.14039,0.392,-1,0.088,1,0,12384,0.701,0.573,0.366,2786.0,2904.6,2.6023,1070.6,0.0,1,0,0.535,2893.86,1,0,0.72,2893.86,0,150.356,0.13,0.87,0.2,0.0,0.5,0.99,0.0,0.5,0.0,0.505,0.679,0.5,0.57,0.0,0.676,0.0,0,0,0.549,0.426,0.0,0.761,0.1,0.193,0.878,0.0,0.515,0.432,0.0,1.0,0.85
0,2023.07.13 04:15:00,XPDUSDm,MEAN_REVERSION,SELL,1,1281.84,1288.63,1273.54,1.22,0.791,1273.53725,1278.4155,1270.16,0,0.735,0.115,0.9789,1273.4995,1233.07325,1252.5455,1213.601,0,0.057,0.55,0,1273.53725,0.62,0.848,0,0.0,0.0,0.0,0.0,0.0,0,0,1,0.088,0.0,0.0011,0.294,0.459,0,0.873,3,0.647,1275.78875,1282.54325,0.713,0.083,0.0,2,0.15,0,0.873,1.144,3.0,0.381,0.471,1,1273.53725,8,0.724,0.0,0.222,0.0,0.053,0.484,0.841,1480.18857,1402.21025,1240.02762,-918.5843,26.4572,-1,1491.7396,0.571,1325.0108,0.327,1237.2588,0.374,-1,0.088,1,0,12386,0.701,0.573,0.366,2549.0,2574.5,3.0054,848.1,0.0,1,0,0.535,2893.86,1,0,0.72,2893.86,0,190.065,0.177,0.823,0.3,1.0,0.5,0.99,0.0,0.5,0.0,1.0,0.704,0.5,0.734,0.0,0.3,0.0,0,0,0.462,0.595,0.0,0.499,0.1,0.481,0.898,0.0,0.519,0.432,0.0,1.0,0.677
0,2023.07.13 04:26:00,XPDUSDm,SWEEP_REVERSAL,SELL,1,1283.24,1291.72,1273.54,1.14,0.178,1273.53725,1278.4155,1270.16,0,0.735,0.115,1.144,1273.4995,1233.07325,1252.5455,1213.601,0,0.059,0.55,0,1273.53725,0.62,0.848,0,0.0,0.0,0.0,0.0,0.0,0,0,1,0.088,0.0,0.0011,0.294,0.257,0,0.873,3,0.647,1275.78875,1282.54325,0.879,0.082,0.0,2,0.15,0,0.873,1.234,3.0,0.411,0.481,1,1273.53725,8,0.724,0.0,0.283,0.0,0.053,0.484,0.841,1480.18857,1402.21025,1240.02762,-918.5843,26.4572,-1,1491.7396,0.571,1325.0108,0.327,1237.2588,0.374,-1,0.088,1,0,12386,0.701,0.573,0.366,2357.0,2511.0,2.779,848.1,0.0,1,0,0.535,2893.86,1,0,0.72,2893.86,0,189.9,0.177,0.823,0.3,1.0,0.5,0.99,0.0,0.5,0.0,0.808,0.873,0.5,1.0,0.0,0.401,0.0,0,0,0.684,0.538,0.0,0.499,0.1,0.437,0.898,0.0,0.519,0.432,0.0,1.0,0.677
0,2023.07.13 06:25:40,XPDUSDm,MEAN_REVERSION,SELL,1,1293.11,1295.13,1289.39,1.84,0.575,1292.775,1294.47,1282.04,1,0.019,1.345,0.0505,1275.40875,1234.48875,1265.9075,1214.495,0,0.088,0.55,2,1289.385,0.742,0.494,0,0.0,0.0,1293.273,0.0,0.0,0,0,1,0.75,0.72,0.217,0.72,0.87,2,0.518,3,0.611,1292.775,1285.995,0.051,1.073,0.0,2,0.0,0,0.518,0.958,3.0,0.319,0.443,1,1289.385,8,0.748,0.899,0.039,0.216,0.0,1.0,0.811,1480.18857,1402.21025,1240.02762,-918.5843,26.4572,-1,1491.7396,0.571,1325.0108,0.327,1237.2588,0.374,-1,0.088,1,0,12388,0.701,0.573,0.366,2036.0,2056.2,3.0719,662.8,0.0,1,0,0.535,2893.86,1,0,0.72,2893.86,0,241.518,0.177,0.823,0.3,1.0,0.5,0.71,0.0,0.5,0.0,1.0,0.773,0.5,0.552,0.0,0.515,0.0,0,0,0.535,0.872,0.0,0.128,0.093,0.8,0.435,0.0,0.566,0.432,0.0,1.0,0.743
0,2023.07.13 07:00:00,XPDUSDm,ANCHORED_PULLBACK,SELL,1,1292.35,1293.08,1290.03,3.17,0.565,1290.03425,1293.6635,1287.2115,1,0.017,0.273,0.3688,1275.40875,1234.48875,1265.9075,1214.495,0,0.092,0.4,0,1292.45375,0.757,0.67,0,0.0,0.0,1292.59125,0.0,0.0,0,0,1,0.55,0.755,0.3314,0.755,0.839,0,0.732,3,0.636,1292.45375,1294.06675,0.017,0.273,0.0,2,0.15,0,0.732,0.973,3.0,0.324,0.476,1,1290.03425,1,0.7,0.967,0.108,0.226,0.053,0.98,0.915,1480.18857,1402.21025,1240.02762,-918.5843,26.4572,-1,1491.7396,0.571,1325.0108,0.327,1237.2588,0.374,-1,0.088,1,0,12389,0.701,0.573,0.366,2051.0,2274.2,3.2667,627.9,0.0,1,0,0.535,2893.86,1,0,0.72,2893.86,0,255.076,0.177,0.823,0.3,1.0,0.5,0.98,0.0,0.5,0.0,0.53,0.708,0.5,0.548,0.0,0.234,0.0,0,0,0.383,0.838,0.0,0.429,0.189,0.504,0.46,0.0,0.573,0.432,0.0,1.0,0.64
0,2023.07.13 07:10:20,XPDUSDm,SWEEP_REVERSAL,SELL,1,1298.51,1304.79,1292.45,0.96,0.187,1290.03425,1293.6635,1287.2115,0,0.017,0.273,1.3499,1275.40875,1234.48875,1265.9075,1214.495,0,0.102,0.4,0,1292.45375,0.757,0.67,0,0.0,0.0,1292.59125,0.0,0.0,0,0,1,0.55,0.755,0.3314,0.755,0.077,0,0.732,3,0.636,1292.45375,1294.06675,0.965,0.708,0.0,2,0.15,0,0.732,1.315,3.0,0.438,0.516,2,1292.45375,8,0.751,0.0,0.337,0.226,0.053,0.98,0.915,1480.18857,1402.21025,1240.02762,-918.5843,26.4572,-1,1491.7396,0.571,1325.0108,0.327,1237.2588,0.374,-1,0.088,1,0,12389,0.701,0.573,0.366,1369.0,2004.1,2.1804,627.9,0.0,1,0,0.535,2893.86,1,0,0.72,2893.86,0,254.094,0.177,0.823,0.3,1.0,0.5,0.99,0.0,0.5,0.331,0.448,0.809,0.5,0.602,0.0,0.253,0.0,0,0,0.467,0.487,0.0,0.239,0.196,0.594,0.87,0.0,0.546,0.432,0.0,1.0,0.667
0,2023.07.13 08:41:00,XPDUSDm,MEAN_REVERSION,SELL,2,1295.01,1296.87,1292.69,1.25,0.647,1292.68925,1296.719,1288.6595,1,0.189,1.991,0.3891,1273.367,1236.40775,1274.852,1215.707,0,0.098,0.45,0,1292.68925,0.689,0.374,0,0.0,0.0,1296.667,0.0,0.0,0,0,1,0.9,0.79,0.4536,0.79,0.48,0,0.729,2,0.157,1296.27125,1298.06225,0.211,0.512,0.0,2,0.0,0,0.729,1.134,3.0,0.378,0.421,1,1292.68925,8,0.738,0.577,0.156,0.237,0.0,0.694,0.939,1491.7396,1402.21025,1237.88638,-953.5893,-35.005,-2,1491.7396,0.571,1325.0108,0.326,1237.2588,0.374,-1,0.085,1,0,12390,0.689,0.577,0.369,1786.0,1822.7,2.9945,596.4,0.0,1,0,0.535,2893.86,1,0,0.72,2893.86,0,268.071,0.17,0.83,0.3,0.0,0.5,0.75,0.0,0.5,0.0,0.841,0.808,0.5,0.506,0.0,0.397,0.0,0,0,0.496,0.732,0.0,0.475,0.1,0.587,0.434,0.0,0.552,0.432,0.0,1.0,0.669
0,2023.07.13 09:06:59,XPDUSDm,BREAKOUT,SELL,2,1287.45,1293.02,1272.08,2.76,0.448,1292.40175,1297.387,1290.9355,0,0.384,0.284,-0.8054,1275.2105,1236.4315,1274.892,1215.722,0,0.083,0.55,0,1292.40175,0.689,0.677,0,0.0,0.0,1289.43,0.0,0.0,0,0,1,0.65,0.65,0.4889,0.65,0.287,2,0.646,0,0.58,1293.2815,1288.003,0.949,0.09,0.0,2,0.4,0,0.646,1.221,3.0,0.407,0.413,1,1292.40175,8,0.738,0.0,0.374,0.195,0.256,0.771,0.738,1491.7396,1402.21025,1237.88638,-953.5893,-35.005,-2,1491.7396,0.571,1325.0108,0.326,1237.2588,0.374,-1,0.085,1,0,12391,0.689,0.577,0.369,2594.0,2189.7,4.2194,614.8,0.0,1,0,0.535,2893.86,1,0,0.72,2893.86,0,261.296,0.17,0.83,0.3,0.0,0.5,0.03,0.0,0.5,0.0,0.864,0.571,0.5,0.431,0.0,0.315,0.0,0,0,0.298,0.549,0.0,0.602,0.213,0.444,0.433,0.0,0.55,0.432,0.0,1.0,0.669
0,2023.07.13 11:06:59,XPDUSDm,BREAKOUT,SELL,2,1287.41,1297.11,1271.25,1.67,0.553,1294.424,1297.808,1289.536,0,0.312,0.153,-1.085,1275.2105,1236.4315,1274.892,1215.722,0,0.079,0.55,0,1295.928,0.748,0.229,0,0.0,0.0,1290.41625,0.0,0.0,0,0,1,1.0,0.72,0.382,0.72,0.644,0,0.704,0,0.409,1289.16,1285.4,0.271,0.311,0.0,2,0.4,0,0.704,1.06,3.0,0.353,0.411,1,1294.424,1,0.7,0.459,0.267,0.216,0.222,0.96,0.872,1491.7396,1402.21025,1237.88638,-953.5893,-35.005,-2,1491.7396,0.571,1325.0108,0.326,1237.2588,0.374,-1,0.085,1,0,12393,0.689,0.577,0.369,2372.0,2146.0,3.6694,646.4,0.0,1,0,0.535,2893.86,1,0,0.72,2893.86,1,248.512,0.17,0.83,0.3,0.0,1.0,0.25,0.0,0.5,0.0,0.606,0.692,0.5,0.499,0.0,0.327,0.0,0,0,0.395,0.646,0.0,0.748,0.1,0.507,0.65,0.0,0.531,0.432,0.0,1.0,0.669
0,2023.07.13 12:04:40,XPDUSDm,SWEEP_REVERSAL,SELL,2,1295.97,1302.54,1290.66,0.81,0.152,1290.664,1294.8,1286.528,0,0.36,0.785,0.8077,1291.6925,1236.4315,1274.892,1215.722,0,0.091,0.55,0,1290.664,0.713,0.852,0,0.0,0.0,1290.6085,0.0,0.0,0,0,1,0.8,0.93,0.2718,0.93,0.421,0,0.709,0,0.607,1289.536,1298.184,0.979,0.337,0.0,2,0.0,0,0.709,1.16,3.0,0.387,0.487,1,1290.664,8,0.743,0.0,0.174,0.279,0.121,0.786,0.93,1494.03276,1402.21025,1237.91075,-943.7851,9.8042,-1,1487.7565,0.578,1323.1595,0.325,1236.5295,0.381,-1,0.107,1,0,12394,0.689,0.577,0.369,1934.0,1800.6,2.944,656.9,0.0,1,0,0.535,2893.86,1,0,0.72,2893.86,1,243.236,0.177,0.823,0.3,1.0,1.0,0.11,0.0,0.5,0.0,0.488,0.716,0.5,0.864,0.0,0.49,0.0,0,0,0.584,0.652,0.0,0.618,0.067,0.566,0.864,0.0,0.527,0.432,0.0,1.0,0.736
0,2023.07.13 13:00:20,XPDUSDm,ANCHORED_PULLBACK,SELL,4,1261.25,1264.9,1243.7,4.81,0.546,1289.82625,1296.24,1283.4125,0,2.908,1.029,-3.2563,1291.74025,1236.4315,1280.809,1215.722,1,0.028,0.35,2,1289.82625,0.615,0.125,0,0.0,0.0,1262.263,0.0,0.0,0,0,0,1.0,0.965,0.1066,0.965,0.091,0,0.685,2,0.419,1290.7425,1275.16625,3.361,1.586,0.0,2,0.0,0,0.685,1.466,3.361,0.436,0.476,1,1289.82625,8,0.723,0.0,0.273,0.29,0.0,0.652,0.984,1494.03276,1402.21025,1237.91075,-943.7851,9.8042,-1,1487.7565,0.578,1323.1595,0.325,1236.5295,0.381,-1,0.107,1,0,12395,0.689,0.577,0.369,3445.0,2786.9,3.9256,877.6,0.0,1,0,0.535,2893.86,1,0,0.72,2893.86,1,186.037,0.177,0.823,0.3,1.0,1.0,0.18,0.0,0.5,0.0,0.231,0.496,0.5,0.527,0.0,0.719,0.0,0,0,0.448,0.51,0.0,0.528,0.067,0.569,0.335,0.0,0.514,0.421,0.0,1.0,0.749
0,2023.07.13 13:06:59,XPDUSDm,BREAKOUT,SELL,4,1265.26,1282.81,1243.32,1.25,0.513,1289.82625,1296.24,1283.4125,0,2.908,1.029,-2.7993,1291.74025,1236.4315,1280.809,1215.722,1,0.033,0.35,2,1289.82625,0.615,0.125,0,0.0,0.0,1262.263,0.0,0.0,0,0,0,1.0,0.965,0.1066,0.965,0.18,0,0.685,2,0.419,1290.7425,1275.16625,2.904,1.129,0.0,2,0.0,0,0.685,1.269,3.0,0.423,0.453,1,1289.82625,8,0.723,0.0,0.246,0.29,0.0,0.652,0.984,1494.03276,1402.21025,1237.91075,-943.7851,9.8042,-1,1487.7565,0.578,1323.1595,0.325,1236.5295,0.381,-1,0.107,1,0,12395,0.689,0.577,0.369,3118.0,3089.2,3.553,877.6,0.0,1,0,0.535,2893.86,1,0,0.72,2893.86,1,185.58,0.177,0.823,0.3,1.0,1.0,0.58,0.0,0.5,0.0,0.066,0.513,0.5,0.49,0.0,0.786,0.0,0,0,0.469,0.53,0.0,0.44,0.067,0.557,0.572,0.0,0.507,0.421,0.0,1.0,0.749
0,2023.07.13 15:01:40,XPDUSDm,PULLBACK,SELL,4,1273.7,1280.41,1239.61,5.08,0.46,1291.25125,1296.24,1270.2985,1,0.479,0.048,-1.5445,1274.27775,1236.4315,1280.809,1215.722,1,0.033,0.65,2,1291.25125,0.672,0.507,0,0.0,0.0,1279.82225,0.0,0.0,0,0,0,0.5,-0.72,-0.1151,0.72,0.272,2,0.512,3,0.394,1280.276,1274.2895,0.579,0.052,0.0,2,0.15,0,0.512,1.228,3.0,0.409,0.382,1,1280.276,2,0.55,0.0,0.278,0.216,0.053,0.674,0.741,1494.03276,1402.21025,1237.91075,-943.7851,9.8042,-1,1487.7565,0.578,1323.1595,0.325,1236.5295,0.381,-1,0.107,1,0,12397,0.689,0.577,0.369,2519.0,2375.6,2.2167,1136.4,0.0,1,0,0.535,2893.86,1,0,0.72,2893.86,0,142.575,0.177,0.823,0.3,1.0,0.5,0.28,0.0,0.5,0.0,0.952,0.617,0.5,0.418,0.0,0.19,0.0,0,0,0.272,0.427,0.0,1.0,0.071,0.556,0.48,0.0,0.474,0.421,0.0,1.0,0.8
0,2023.07.13 15:01:59,XPDUSDm,TREND_CONTINUATION,SELL,4,1273.7,1287.34,1245.29,2.08,0.365,1291.25125,1296.24,1270.2985,1,0.479,0.048,-1.5445,1274.27775,1236.4315,1280.809,1215.722,1,0.033,0.65,2,1291.25125,0.672,0.507,0,0.0,0.0,1279.82225,0.0,0.0,0,0,0,0.5,-0.72,-0.1151,0.72,0.272,2,0.512,3,0.394,1280.276,1274.2895,0.579,0.052,0.0,2,0.15,0,0.512,1.228,3.0,0.409,0.382,1,1280.276,2,0.55,0.0,0.278,0.216,0.053,0.674,0.741,1494.03276,1402.21025,1237.91075,-943.7851,9.8042,-1,1487.7565,0.578,1323.1595,0.325,1236.5295,0.381,-1,0.107,1,0,12397,0.689,0.577,0.369,2519.0,2377.7,2.2167,1136.4,0.0,1,0,0.535,2893.86,1,0,0.72,2893.86,0,142.575,0.177,0.823,0.3,1.0,0.5,0.28,0.0,0.5,0.0,0.952,0.609,0.5,0.418,0.0,0.19,0.0,0,0,0.267,0.427,0.0,1.0,0.071,0.556,0.48,0.0,0.474,0.421,0.0,1.0,0.8
0,2023.07.13 15:06:59,XPDUSDm,BREAKOUT,SELL,4,1268.75,1280.41,1240.34,2.44,0.346,1291.25125,1296.24,1270.2985,0,0.479,0.048,-1.9801,1274.27775,1236.4315,1280.809,1215.722,1,0.028,0.65,2,1291.25125,0.672,0.507,0,0.0,0.0,1279.82225,0.0,0.0,0,0,0,0.5,-0.72,-0.1151,0.72,0.221,2,0.512,3,0.394,1280.276,1269.30075,1.014,0.048,0.0,2,0.15,0,0.512,1.251,3.0,0.417,0.385,1,1280.276,2,0.55,0.0,0.294,0.216,0.053,0.674,0.796,1494.03276,1402.21025,1237.91075,-943.7851,9.8042,-1,1487.7565,0.578,1323.1595,0.325,1236.5295,0.381,-1,0.107,1,0,12397,0.689,0.577,0.369,2797.0,2529.6,2.4614,1136.4,0.0,1,0,0.535,2893.86,1,0,0.72,2893.86,0,143.01,0.177,0.823,0.3,1.0,0.5,0.09,0.0,0.5,0.0,0.852,0.589,0.5,0.443,0.0,0.194,0.0,0,0,0.264,0.377,0.197,0.664,0.071,0.685,0.47,0.0,0.474,0.421,0.0,1.0,0.875
0,2023.07.13 15:46:00,XPDUSDm,BREAKOUT_RETEST,SELL,4,1272.31,1280.41,1257.33,1.85,0.379,1291.25125,1296.24,1270.2985,1,0.479,0.048,-1.6668,1274.27775,1236.4315,1280.809,1215.722,1,0.032,0.65,2,1291.25125,0.672,0.507,0,0.0,0.0,1279.82225,0.0,0.0,0,0,0,0.5,-0.72,-0.1151,0.72,0.272,2,0.512,3,0.394,1280.276,1274.2895,0.701,0.174,0.0,2,0.15,0,0.512,1.228,3.0,0.409,0.382,1,1280.276,2,0.55,0.0,0.278,0.216,0.053,0.674,0.741,1494.03276,1402.21025,1237.91075,-943.7851,9.8042,-1,1487.7565,0.578,1323.1595,0.325,1236.5295,0.381,-1,0.107,1,0,12397,0.689,0.577,0.369,2653.0,2615.3,2.3347,1136.4,0.0,1,0,0.535,2893.86,1,0,0.72,2893.86,0,142.697,0.177,0.823,0.3,1.0,0.5,0.55,0.0,0.5,0.0,0.841,0.623,0.5,0.426,0.0,0.235,0.0,0,0,0.296,0.427,0.688,0.664,0.071,0.728,0.47,0.0,0.474,0.421,0.0,1.0,0.8
0,2023.07.13 15:55:40,XPDUSDm,ANCHORED_PULLBACK,SELL,4,1277.9,1281.41,1270.3,2.16,0.463,1291.25125,1296.24,1270.2985,1,0.479,0.048,-1.1749,1274.27775,1236.4315,1280.809,1215.722,1,0.036,0.65,2,1291.25125,0.672,0.507,0,0.0,0.0,1279.82225,0.0,0.0,0,0,0,0.5,-0.72,-0.1151,0.72,0.304,2,0.512,3,0.394,1280.276,1274.2895,0.209,0.318,0.0,2,0.15,0,0.512,1.213,3.0,0.404,0.38,1,1270.2985,5,0.6,0.582,0.269,0.216,0.053,0.674,0.741,1494.03276,1402.21025,1237.91075,-943.7851,9.8042,-1,1487.7565,0.578,1323.1595,0.325,1236.5295,0.381,-1,0.107,1,0,12397,0.689,0.577,0.369,2625.0,2636.0,2.31,1136.4,0.0,1,0,0.535,2893.86,1,0,0.72,2893.86,0,142.205,0.177,0.823,0.3,1.0,0.5,0.6,0.0,0.5,0.0,1.0,0.753,0.5,0.548,0.0,0.313,0.0,0,0,0.442,0.53,0.229,1.0,0.071,0.728,0.435,0.0,0.475,0.421,0.0,1.0,0.8
0,2023.07.13 17:00:00,XPDUSDm,MEAN_REVERSION,SELL,3,1284.18,1289.13,1279.22,1.0,0.652,1279.21825,1287.9,1272.115,1,0.276,1.563,0.4045,1274.27775,1233.51,1277.744,1215.296,0,0.041,0.5,0,1280.79675,0.768,0.51,0,0.0,0.0,0.0,0.0,0.0,0,0,1,0.6,-0.615,-0.1921,0.615,0.312,0,0.742,2,0.071,1279.21825,1264.2225,0.404,1.627,-0.5026,1,0.55,1,1.0,0.76,3.0,0.253,0.368,1,1279.21825,1,0.7,0.191,0.726,0.185,0.193,0.824,0.925,1425.67167,1402.21025,1237.91075,-855.3129,88.4722,-1,1487.7565,0.577,1323.1595,0.325,1236.5295,0.38,-1,0.13,1,0,12399,0.689,0.577,0.369,2781.0,2528.2,2.267,1226.7,0.0,1,0,0.535,2893.86,1,0,0.72,2893.86,-1,131.219,0.183,0.817,0.2,1.0,0.0,0.05,0.0,0.5,0.0,0.395,0.593,0.5,0.56,0.0,0.329,0.0,0,0,0.356,0.453,0.0,0.693,0.048,0.324,0.65,0.0,0.424,0.421,0.0,1.0,0.695
0,2023.07.13 17:46:40,XPDUSDm,SWEEP_REVERSAL,SELL,3,1290.85,1303.12,1280.8,0.82,0.199,1279.21825,1287.9,1272.115,0,0.276,1.563,0.9482,1274.27775,1233.51,1277.744,1215.296,0,0.047,0.5,0,1280.79675,0.768,0.51,0,0.0,0.0,0.0,0.0,0.0,0,0,1,0.6,-0.615,-0.1921,0.615,0.215,0,0.745,2,0.071,1279.21825,1264.2225,0.948,2.171,0.0,2,0.25,0,0.745,1.253,3.0,0.418,0.407,1,1280.79675,8,0.754,0.0,0.335,0.185,0.088,0.824,0.925,1425.67167,1402.21025,1237.91075,-855.3129,88.4722,-1,1487.7565,0.577,1323.1595,0.325,1236.5295,0.38,-1,0.13,1,0,12399,0.689,0.577,0.369,2441.0,2574.1,1.9899,1226.7,0.0,1,0,0.535,2893.86,1,0,0.72,2893.86,-1,130.675,0.183,0.817,0.2,1.0,0.0,0.99,0.0,0.5,0.0,0.692,0.821,0.5,0.575,0.0,0.482,0.0,0,0,0.558,0.56,0.0,0.976,0.048,0.725,0.874,0.0,0.476,0.447,0.0,1.0,0.921
0,2023.07.13 18:00:00,XPDUSDm,BREAKOUT_RETEST,SELL,3,1289.77,1293.56,1278.77,2.9,0.555,1278.77075,1290.85,1276.8635,1,0.066,1.073,0.8712,1291.16975,1233.4115,1276.095,1217.686,0,0.045,0.55,0,1290.21425,0.724,0.418,0,0.0,0.0,0.0,0.0,0.0,0,0,1,0.975,-0.65,-0.1274,0.65,0.616,2,0.575,0,0.463,1288.307,1275.592,0.116,1.123,-0.1424,1,0.55,0,0.575,1.073,3.0,0.358,0.354,1,1278.77075,1,0.7,0.768,0.635,0.195,0.285,0.878,0.603,1425.67167,1402.21025,1237.91075,-855.3129,88.4722,-1,1487.7565,0.577,1323.1595,0.325,1236.5295,0.38,-1,0.13,1,0,12400,0.688,0.576,0.376,2492.0,2458.1,1.9737,1262.6,0.0,1,0,0.535,2893.86,1,0,0.72,2893.86,-1,127.049,0.183,0.817,0.2,1.0,0.0,0.51,0.0,0.5,0.0,0.806,0.663,0.5,0.819,0.0,0.4,0.0,0,0,0.503,0.779,0.0,1.0,0.062,0.497,0.651,0.0,0.452,0.447,0.0,1.0,0.793
0,2023.07.13 18:46:40,XPDUSDm,BREAKOUT,SELL,3,1284.27,1290.21,1276.23,1.35,0.443,1278.77075,1290.85,1276.8635,1,0.066,1.073,0.4356,1291.16975,1233.4115,1276.095,1217.686,0,0.04,0.55,0,1290.21425,0.724,0.418,0,0.0,0.0,0.0,0.0,0.0,0,0,1,0.975,-0.65,-0.1274,0.65,0.656,2,0.596,0,0.463,1288.307,1275.592,0.32,0.687,0.0,2,0.25,0,0.596,1.055,3.0,0.352,0.402,1,1290.21425,8,0.745,0.361,0.203,0.195,0.18,0.878,0.603,1425.67167,1402.21025,1237.91075,-855.3129,88.4722,-1,1487.7565,0.577,1323.1595,0.325,1236.5295,0.38,-1,0.13,1,0,12400,0.688,0.576,0.376,2223.0,1802.0,1.7607,1262.6,0.0,1,0,0.535,2893.86,1,0,0.72,2893.86,-1,127.485,0.183,0.817,0.2,1.0,0.0,0.1,0.0,0.5,0.0,0.656,0.383,0.5,0.516,0.0,0.391,0.0,0,0,0.381,0.705,0.0,1.0,0.048,0.465,0.65,0.0,0.486,0.447,0.0,1.0,0.895
0,2023.07.13 18:46:59,XPDUSDm,PULLBACK,SELL,3,1284.19,1290.21,1276.23,1.32,0.602,1278.77075,1290.85,1276.8635,1,0.066,1.073,0.4292,1291.16975,1233.4115,1276.095,1217.686,0,0.04,0.55,0,1290.21425,0.724,0.418,0,0.0,0.0,0.0,0.0,0.0,0,0,1,0.975,-0.65,-0.1274,0.65,0.656,2,0.596,0,0.463,1288.307,1275.592,0.326,0.681,0.0,2,0.25,0,0.596,1.055,3.0,0.352,0.402,1,1290.21425,8,0.745,0.348,0.203,0.195,0.18,0.878,0.603,1425.67167,1402.21025,1237.91075,-855.3129,88.4722,-1,1487.7565,0.577,1323.1595,0.325,1236.5295,0.38,-1,0.13,1,0,12400,0.688,0.576,0.376,2223.0,1809.2,1.7607,1262.6,0.0,1,0,0.535,2893.86,1,0,0.72,2893.86,-1,127.491,0.183,0.817,0.2,1.0,0.0,0.1,0.0,0.5,0.0,0.656,0.408,0.5,0.516,0.0,0.391,0.0,0,0,0.366,0.705,0.0,1.0,0.048,0.465,0.65,0.0,0.486,0.447,0.0,1.0,0.895
0,2023.07.13 20:00:00,XPDUSDm,BREAKOUT_RETEST,SELL,3,1284.64,1289.27,1276.71,1.71,0.389,1288.0165,1292.863,1282.093,1,0.27,0.678,-0.2703,1291.16975,1233.4115,1280.588,1217.686,0,0.041,0.5,0,1288.0165,0.591,0.913,0,0.0,0.0,0.0,0.0,0.0,0,0,1,0.526,-0.6712,-0.022,0.671,0.591,0,0.724,2,0.019,1289.0935,1275.0925,0.356,0.764,-0.2794,1,0.3,1,1.0,0.634,3.0,0.211,0.393,1,1289.0935,2,0.55,0.287,0.543,0.201,0.105,0.891,0.87,1486.24989,1234.91325,1237.91075,16.2027,871.5156,2,1487.7565,0.577,1323.1595,0.327,1236.5295,0.379,-1,0.158,1,0,12402,0.688,0.576,0.376,2177.0,2114.6,1.7426,1249.3,0.0,1,0,0.535,2893.86,1,0,0.72,2893.86,-1,128.811,0.167,0.833,15.3,0.0,0.0,0.43,0.0,0.5,0.0,0.865,0.591,0.5,0.463,0.0,0.14,0.0,0,0,0.249,0.749,0.0,0.98,0.0,0.217,0.65,0.0,0.445,0.447,0.0,1.0,0.681
0,2023.07.13 22:09:00,XPDUSDm,BREAKOUT,SELL,1,1277.64,1288.24,1246.87,2.9,0.234,1288.6425,1290.68,1283.345,0,0.762,0.033,-0.8939,1286.94675,1237.9045,1280.588,1217.686,1,0.032,0.45,0,1288.6425,0.655,0.355,0,0.0,0.0,1287.59475,0.0,0.0,0,0,0,0.121,0.0,0.0088,0.181,0.057,0,0.809,2,0.004,1288.235,1278.0475,0.861,0.033,-0.2791,1,0.4,1,1.0,0.874,3.0,0.291,0.389,1,1288.6425,8,0.731,0.0,0.743,0.0,0.14,0.775,0.929,1486.24989,1234.91325,1237.91075,16.2027,871.5156,2,1487.7565,0.577,1323.1595,0.327,1236.5295,0.379,-1,0.158,1,0,12403,0.688,0.576,0.376,3076.0,1782.1,2.4992,1230.8,0.0,1,0,0.535,2893.86,1,0,0.72,2893.86,-1,131.316,0.167,0.833,15.3,0.0,0.0,0.0,0.0,0.5,0.0,1.0,0.491,0.5,0.456,0.0,0.339,0.0,0,0,0.278,0.314,0.0,0.813,0.0,0.156,0.447,0.0,0.451,0.447,0.0,1.0,0.622
0,2023.07.13 22:09:00,XPDUSDm,PULLBACK,SELL,1,1277.64,1288.24,1240.72,3.48,0.137,1288.6425,1290.68,1283.345,0,0.762,0.033,-0.8939,1286.94675,1237.9045,1280.588,1217.686,1,0.032,0.45,0,1288.6425,0.655,0.355,0,0.0,0.0,1287.59475,0.0,0.0,0,0,0,0.121,0.0,0.0088,0.181,0.057,0,0.839,2,0.004,1288.235,1278.0475,0.861,0.033,0.0,2,0.4,0,0.839,1.324,3.0,0.441,0.402,1,1288.6425,8,0.731,0.0,0.443,0.0,0.14,0.775,0.929,1486.24989,1234.91325,1237.91075,16.2027,871.5156,2,1487.7565,0.577,1323.1595,0.327,1236.5295,0.379,-1,0.158,1,0,12403,0.688,0.576,0.376,3076.0,1795.1,2.4992,1230.8,0.0,1,0,0.535,2893.86,1,0,0.72,2893.86,-1,131.316,0.167,0.833,15.3,0.0,0.0,0.0,0.0,0.5,0.0,1.0,0.491,0.5,0.569,0.0,0.416,0.0,0,0,0.343,0.489,0.0,1.0,0.0,0.336,0.447,0.0,0.482,0.447,0.0,1.0,0.736
0,2023.07.13 22:09:30,XPDUSDm,TREND_CONTINUATION,SELL,1,1277.6,1292.37,1246.83,2.08,0.163,1288.6425,1290.68,1283.345,0,0.762,0.033,-0.8972,1286.94675,1237.9045,1280.588,1217.686,1,0.032,0.45,0,1288.6425,0.655,0.355,0,0.0,0.0,1287.59475,0.0,0.0,0,0,0,0.121,0.0,0.0088,0.181,0.057,0,0.839,2,0.004,1288.235,1278.0475,0.864,0.036,0.0,2,0.4,0,0.839,1.324,3.0,0.441,0.402,1,1288.6425,8,0.731,0.0,0.443,0.0,0.14,0.775,0.929,1486.24989,1234.91325,1237.91075,16.2027,871.5156,2,1487.7565,0.577,1323.1595,0.327,1236.5295,0.379,-1,0.158,1,0,12403,0.688,0.576,0.376,3076.0,1808.2,2.4992,1230.8,0.0,1,0,0.535,2893.86,1,0,0.72,2893.86,-1,131.319,0.167,0.833,15.3,0.0,0.0,0.0,0.0,0.5,0.0,1.0,0.474,0.5,0.569,0.0,0.416,0.0,0,0,0.353,0.489,0.0,1.0,0.0,0.336,0.447,0.0,0.503,0.447,0.0,1.0,0.736
0,2023.07.13 22:16:20,XPDUSDm,ANCHORED_PULLBACK,SELL,1,1279.93,1289.47,1255.31,2.58,0.177,1288.6425,1290.68,1283.345,0,0.762,0.033,-0.7079,1286.94675,1237.9045,1280.588,1217.686,1,0.034,0.45,0,1288.6425,0.655,0.355,0,0.0,0.0,1287.59475,0.0,0.0,0,0,0,0.121,0.0,0.0088,0.181,0.151,0,0.839,2,0.004,1288.235,1281.3075,0.675,0.112,0.0,2,0.4,0,0.839,1.282,3.0,0.427,0.397,1,1288.6425,8,0.731,0.0,0.415,0.0,0.14,0.775,0.887,1486.24989,1234.91325,1237.91075,16.2027,871.5156,2,1487.7565,0.577,1323.1595,0.327,1236.5295,0.379,-1,0.158,1,0,12403,0.688,0.576,0.376,3161.0,2359.1,2.5683,1230.8,0.0,1,0,0.535,2893.86,1,0,0.72,2893.86,-1,131.13,0.167,0.833,15.3,0.0,0.0,0.06,0.0,0.5,0.0,1.0,0.465,0.5,0.645,0.0,0.284,0.0,0,0,0.328,0.513,0.0,1.0,0.0,0.23,0.477,0.0,0.474,0.447,0.0,1.0,0.736
0,2023.07.14 00:09:00,XPDUSDm,BREAKOUT,SELL,1,1267.59,1286.9,1236.99,1.58,0.426,1286.944,1293.94,1282.492,0,1.274,0.077,-1.5813,1286.94675,1242.3975,1280.588,1217.686,1,0.021,0.45,0,1292.032,0.68,0.391,0,0.0,0.0,0.0,1287.5905,1.431,0,0,0,0.75,0.545,0.1001,0.545,0.062,0,0.757,3,0.524,1286.944,1269.772,1.581,0.178,0.0,2,0.4,0,0.757,0.88,1.997,0.441,0.406,1,1286.944,1,0.7,0.0,0.441,0.164,0.14,0.867,0.873,1425.67167,1234.91325,1237.91075,15.864,-0.3387,1,1487.7565,0.576,1323.1595,0.326,1236.5295,0.379,-1,0.105,1,0,12405,0.688,0.576,0.376,4523.0,4626.4,3.6955,1223.9,0.0,1,0,0.535,2893.86,1,0,0.72,2893.86,-1,132.873,0.142,0.858,11.8,1.0,0.0,0.87,0.0,0.5,0.0,0.833,0.199,0.5,0.509,0.0,0.267,0.0,0,0,0.44,0.289,0.0,0.788,0.0,0.335,0.341,0.0,0.492,0.447,0.0,1.0,0.667
0,2023.07.14 01:00:40,XPDUSDm,ANCHORED_PULLBACK,SELL,1,1253.95,1258.38,1228.0,5.86,0.486,1287.922,1288.84,1268.644,0,1.703,0.137,-2.6178,1288.111,1242.3975,1280.588,1222.179,1,0.009,0.55,2,1287.922,0.767,0.275,0,0.0,0.0,1254.48775,1287.5905,2.526,0,0,0,0.57,0.41,0.0287,0.41,0.096,2,0.561,3,0.63,1276.906,1253.038,1.769,0.07,0.0,2,0.4,0,0.561,1.14,2.618,0.436,0.341,0,1276.906,2,0.55,0.0,0.431,0.123,0.14,0.394,0.885,1425.67167,1234.91325,1237.91075,15.864,-0.3387,1,1487.7565,0.576,1323.1595,0.326,1236.5295,0.379,-1,0.105,1,0,12406,0.688,0.576,0.376,5503.0,5759.8,4.2405,1297.7,0.0,1,0,0.535,2893.86,1,0,0.72,2893.86,-1,126.369,0.142,0.858,11.8,1.0,0.0,0.95,0.0,0.5,0.0,0.301,0.497,0.5,0.906,0.0,0.717,0.0,0,0,0.56,0.314,0.0,0.561,0.0,0.258,0.315,0.0,0.484,0.447,0.0,1.0,0.666
0,2023.07.14 02:00:00,XPDUSDm,BREAKOUT_RETEST,SELL,1,1265.86,1274.93,1256.59,1.02,0.453,1256.58625,1273.558,1253.9065,1,0.415,0.936,0.6757,1288.111,1242.3975,1280.588,1222.179,1,0.017,0.55,2,1256.58625,0.767,0.121,0,0.0,0.0,1260.45925,1287.5905,1.583,0,0,0,0.675,-0.685,-0.0947,0.685,0.351,2,0.562,3,0.596,1260.15925,1253.01325,0.415,0.936,0.0,2,0.0,0,0.562,0.629,1.583,0.397,0.404,1,1256.58625,8,0.753,0.169,0.195,0.206,0.0,0.927,0.841,1425.67167,1234.91325,1237.91075,15.864,-0.3387,1,1487.7565,0.576,1323.1595,0.326,1236.5295,0.379,-1,0.105,1,0,12407,0.688,0.576,0.376,3581.0,4008.0,2.6092,1372.4,0.0,1,0,0.535,2893.86,1,0,0.72,2893.86,-1,118.622,0.142,0.858,11.8,1.0,0.0,0.98,0.0,0.5,0.0,0.462,0.797,0.5,0.757,0.0,0.88,0.0,0,0,0.757,0.697,0.0,0.88,0.0,0.344,0.573,0.0,0.474,0.447,0.0,1.0,0.922
0,2023.07.14 02:09:00,XPDUSDm,BREAKOUT,SELL,1,1268.72,1274.93,1253.01,2.53,0.302,1256.58625,1273.558,1253.9065,1,0.415,0.936,0.8841,1288.111,1242.3975,1280.588,1222.179,1,0.019,0.55,2,1256.58625,0.767,0.121,0,0.0,0.0,1260.45925,1287.5905,1.583,0,0,0,0.675,-0.685,-0.0947,0.685,0.274,2,0.562,3,0.596,1260.15925,1282.4905,0.624,1.003,0.0,2,0.0,0,0.562,0.562,1.375,0.409,0.396,1,1273.558,4,0.6,0.0,0.218,0.206,0.0,0.927,0.926,1425.67167,1234.91325,1237.91075,15.864,-0.3387,1,1487.7565,0.576,1323.1595,0.326,1236.5295,0.379,-1,0.105,1,0,12407,0.688,0.576,0.376,3247.0,3667.1,2.3659,1372.4,0.0,1,0,0.535,2893.86,1,0,0.72,2893.86,-1,118.413,0.142,0.858,11.8,1.0,0.0,0.99,0.0,0.5,0.0,0.518,0.847,0.5,0.686,0.0,0.828,0.0,0,0,0.745,0.585,0.0,0.968,0.0,0.393,0.581,0.0,0.474,0.447,0.0,1.0,0.922
0,2023.07.14 02:11:20,XPDUSDm,MEAN_REVERSION,SELL,1,1268.66,1274.93,1256.59,1.93,0.582,1256.58625,1273.558,1253.9065,1,0.415,0.936,0.8797,1288.111,1242.3975,1280.588,1222.179,1,0.019,0.55,2,1256.58625,0.767,0.121,0,0.0,0.0,1260.45925,1287.5905,1.583,0,0,0,0.675,-0.685,-0.0947,0.685,0.274,2,0.562,3,0.596,1260.15925,1282.4905,0.619,1.008,0.0,2,0.0,0,0.562,0.564,1.379,0.409,0.397,1,1273.558,4,0.6,0.0,0.218,0.206,0.0,0.927,0.926,1425.67167,1234.91325,1237.91075,15.864,-0.3387,1,1487.7565,0.576,1323.1595,0.326,1236.5295,0.379,-1,0.105,1,0,12407,0.688,0.576,0.376,3286.0,3548.1,2.3943,1372.4,0.0,1,0,0.535,2893.86,1,0,0.72,2893.86,-1,118.418,0.142,0.858,11.8,1.0,0.0,0.81,0.0,0.5,0.0,0.592,0.763,0.5,0.496,0.0,0.762,0.0,0,0,0.612,0.585,0.0,0.968,0.0,0.478,0.58,0.0,0.474,0.447,0.0,1.0,0.922
0,2023.07.14 02:35:20,XPDUSDm,TREND_CONTINUATION,SELL,1,1274.86,1291.33,1253.01,1.33,0.417,1256.58625,1273.558,1253.9065,0,0.415,0.936,1.3315,1288.111,1242.3975,1280.588,1222.179,1,0.024,0.55,2,1256.58625,0.767,0.121,0,0.0,0.0,1260.45925,1287.5905,1.583,0,0,0,0.675,-0.685,-0.0947,0.685,0.393,2,0.562,3,0.596,1286.95675,1282.4905,0.881,0.556,0.0,2,0.0,0,0.562,0.521,1.331,0.391,0.364,1,1287.5905,6,0.65,0.0,0.182,0.206,0.0,0.71,0.926,1425.67167,1234.91325,1237.91075,15.864,-0.3387,1,1487.7565,0.576,1323.1595,0.326,1236.5295,0.379,-1,0.105,1,0,12407,0.688,0.576,0.376,2956.0,2840.6,2.1538,1372.4,0.0,1,0,0.535,2893.86,1,0,0.72,2893.86,-1,117.966,0.142,0.858,11.8,1.0,0.0,0.02,0.0,0.5,0.0,0.91,0.665,0.5,0.514,0.0,0.588,0.0,0,0,0.489,0.592,0.0,1.0,0.0,0.522,0.743,0.0,0.474,0.447,0.0,1.0,1.0
0,2023.07.14 02:35:20,XPDUSDm,SWEEP_REVERSAL,SELL,1,1274.86,1288.58,1256.59,1.33,0.091,1256.58625,1273.558,1253.9065,0,0.415,0.936,1.3315,1288.111,1242.3975,1280.588,1222.179,1,0.024,0.55,2,1256.58625,0.767,0.121,0,0.0,0.0,1260.45925,1287.5905,1.583,0,0,0,0.675,-0.685,-0.0947,0.685,0.393,2,0.562,3,0.596,1286.95675,1282.4905,0.881,0.556,0.0,2,0.0,0,0.562,0.521,1.331,0.391,0.364,1,1287.5905,6,0.65,0.0,0.182,0.206,0.0,0.71,0.926,1425.67167,1234.91325,1237.91075,15.864,-0.3387,1,1487.7565,0.576,1323.1595,0.326,1236.5295,0.379,-1,0.105,1,0,12407,0.688,0.576,0.376,2956.0,2840.7,2.1538,1372.4,0.0,1,0,0.535,2893.86,1,0,0.72,2893.86,-1,117.966,0.142,0.858,11.8,1.0,0.0,0.02,0.0,0.5,0.0,0.91,0.665,0.5,0.514,0.0,0.588,0.0,0,0,0.489,0.592,0.0,1.0,0.0,0.522,0.743,0.0,0.474,0.447,0.0,1.0,1.0
0,2023.07.14 03:00:00,XPDUSDm,PULLBACK,SELL,1,1273.6,1294.37,1222.18,2.48,0.427,1272.89775,1274.9085,1257.482,1,0.051,0.143,0.0507,1288.111,1242.3975,1280.588,1222.179,1,0.023,0.65,0,1272.89775,0.658,0.539,0,0.0,0.0,0.0,1287.5905,1.01,0,0,0,0.5,-0.545,-0.2294,0.545,0.509,2,0.594,3,0.427,1272.89775,1276.91925,0.051,0.24,0.0,2,0.4,0,0.594,0.377,1.01,0.374,0.311,0,1287.5905,6,0.65,0.899,0.307,0.164,0.14,1.0,0.744,1425.67167,1234.91325,1237.91075,15.864,-0.3387,1,1487.7565,0.576,1323.1595,0.326,1236.5295,0.379,-1,0.105,1,0,12408,0.688,0.576,0.376,2766.0,2923.2,1.9972,1384.9,0.0,1,0,0.535,2893.86,1,0,0.72,2893.86,-1,116.992,0.142,0.858,11.8,1.0,0.0,0.94,0.0,0.5,0.0,0.974,0.642,0.5,0.574,0.0,0.517,0.0,0,0,0.464,0.652,0.0,1.0,0.0,0.59,0.558,0.0,0.475,0.447,0.0,1.0,0.826
0,2023.07.14 04:00:00,XPDUSDm,BREAKOUT_RETEST,SELL,1,1270.92,1274.48,1260.13,3.03,0.362,1270.996,1273.856,1260.128,1,0.006,0.295,-0.0064,1288.111,1242.3975,1280.588,1222.179,1,0.024,0.6,2,1270.996,0.763,0.17,0,0.0,0.0,0.0,1287.5905,1.403,0,0,0,0.55,-0.58,-0.3066,0.58,1.0,2,0.642,0,0.358,1269.28,1274.428,0.138,0.295,0.0,2,0.4,0,0.642,0.421,1.403,0.3,0.299,0,1260.128,5,0.6,0.724,0.16,0.174,0.212,0.834,0.783,1497.52756,1234.91325,1237.91075,14.988,-0.8759,1,1487.7565,0.575,1323.1595,0.325,1236.5295,0.379,-1,0.122,1,0,12409,0.688,0.576,0.376,3079.0,3184.9,2.5914,1188.1,0.0,1,0,0.535,2893.86,1,0,0.72,2893.86,-1,136.595,0.203,0.797,17.3,1.0,0.0,0.74,0.0,0.5,0.0,0.865,0.781,0.5,0.573,0.0,0.381,0.0,0,0,0.493,0.76,0.0,1.0,0.0,0.535,0.545,0.0,0.511,0.447,0.0,1.0,0.76
0,2023.07.14 04:11:20,XPDUSDm,MEAN_REVERSION,SELL,1,1271.9,1281.41,1260.13,1.24,0.597,1270.996,1273.856,1260.128,1,0.006,0.295,0.0761,1288.111,1242.3975,1280.588,1222.179,1,0.025,0.6,2,1270.996,0.763,0.17,0,0.0,0.0,0.0,1287.5905,1.403,0,0,0,0.55,-0.58,-0.3066,0.58,0.532,2,0.642,0,0.358,1269.28,1274.428,0.221,0.213,0.0,2,0.4,0,0.642,0.489,1.321,0.37,0.307,0,1260.128,5,0.6,0.559,0.301,0.174,0.212,0.834,0.783,1497.52756,1234.91325,1237.91075,14.988,-0.8759,1,1487.7565,0.575,1323.1595,0.325,1236.5295,0.379,-1,0.122,1,0,12409,0.688,0.576,0.376,3063.0,3085.5,2.578,1188.1,0.0,1,0,0.535,2893.86,1,0,0.72,2893.86,-1,136.512,0.203,0.797,17.3,1.0,0.0,0.93,0.0,0.5,0.0,1.0,0.748,0.5,0.576,0.0,0.354,0.0,0,0,0.463,0.684,0.0,1.0,0.0,0.513,0.551,0.0,0.492,0.447,0.0,1.0,0.826
0,2023.07.14 06:00:00,XPDUSDm,BREAKOUT_RETEST,SELL,1,1273.82,1276.59,1267.95,2.12,0.396,1273.52525,1275.6715,1267.945,1,0.032,1.158,0.0322,1288.111,1242.3975,1280.588,1222.179,1,0.034,0.45,2,1273.52525,0.64,0.112,0,0.0,0.0,0.0,1287.5905,1.504,0,0,0,0.65,-0.65,-0.2934,0.65,1.0,0,0.676,2,0.158,1273.096,1261.50625,0.079,1.345,-0.368,1,0.55,0,0.676,0.451,1.504,0.3,0.258,0,1267.945,5,0.6,0.842,0.52,0.195,0.193,0.793,0.944,1497.52756,1234.91325,1237.91075,14.988,-0.8759,1,1487.7565,0.575,1323.1595,0.325,1236.5295,0.379,-1,0.122,1,0,12411,0.676,0.574,0.379,2397.0,2322.5,2.6184,915.4,0.0,1,0,0.535,2893.86,1,0,0.72,2893.86,-1,176.971,0.203,0.797,17.3,1.0,0.0,0.35,0.0,0.5,0.0,0.557,0.46,0.5,0.571,0.0,0.455,0.0,0,0,0.377,0.8,0.0,0.89,0.0,0.205,0.545,0.0,0.529,0.447,0.0,1.0,0.789
0,2023.07.14 06:11:20,XPDUSDm,MEAN_REVERSION,SELL,1,1274.99,1282.31,1267.95,0.96,0.613,1273.52525,1275.6715,1267.945,1,0.032,1.158,0.16,1288.111,1242.3975,1280.588,1222.179,1,0.036,0.45,2,1273.52525,0.64,0.112,0,0.0,0.0,0.0,1287.5905,1.504,0,0,0,0.65,-0.65,-0.2934,0.65,0.359,0,0.689,2,0.158,1273.096,1261.50625,0.207,1.473,0.0,2,0.25,0,0.689,0.583,1.473,0.396,0.322,0,1267.945,5,0.6,0.586,0.292,0.195,0.088,0.793,0.944,1497.52756,1234.91325,1237.91075,14.988,-0.8759,1,1487.7565,0.575,1323.1595,0.325,1236.5295,0.379,-1,0.122,1,0,12411,0.676,0.574,0.379,2239.0,2364.1,2.4458,915.4,0.0,1,0,0.535,2893.86,1,0,0.72,2893.86,-1,176.843,0.203,0.797,17.3,1.0,0.0,0.99,0.0,0.5,0.0,0.723,0.553,0.5,0.583,0.0,0.465,0.0,0,0,0.393,0.798,0.0,0.767,0.0,0.324,0.558,0.0,0.521,0.447,0.0,1.0,0.961
0,2023.07.14 06:16:00,XPDUSDm,SWEEP_REVERSAL,SELL,1,1275.75,1284.9,1267.95,0.85,0.179,1273.52525,1275.6715,1267.945,0,0.032,1.158,0.243,1288.111,1242.3975,1280.588,1222.179,1,0.036,0.45,2,1273.52525,0.64,0.112,0,0.0,0.0,0.0,1287.5905,1.504,0,0,0,0.65,-0.65,-0.2934,0.65,0.255,0,0.689,2,0.158,1273.096,1261.50625,0.29,1.556,0.0,2,0.25,0,0.689,0.641,1.556,0.412,0.328,0,1267.945,5,0.6,0.42,0.323,0.195,0.088,0.793,0.944,1497.52756,1234.91325,1237.91075,14.988,-0.8759,1,1487.7565,0.575,1323.1595,0.325,1236.5295,0.379,-1,0.122,1,0,12411,0.676,0.574,0.379,2203.0,2299.3,2.4065,915.4,0.0,1,0,0.535,2893.86,1,0,0.72,2893.86,-1,176.76,0.203,0.797,17.3,1.0,0.0,0.81,0.0,0.5,0.0,0.468,0.527,0.5,0.579,0.0,0.641,0.0,0,0,0.446,0.769,0.0,0.992,0.0,0.283,0.642,0.0,0.521,0.447,0.0,1.0,1.0
0,2023.07.14 06:56:00,XPDUSDm,BREAKOUT,SELL,1,1268.92,1274.44,1263.22,1.03,0.279,1273.52525,1275.6715,1267.945,1,0.032,1.158,-0.5031,1288.111,1242.3975,1280.588,1222.179,1,0.029,0.45,2,1273.52525,0.64,0.112,0,0.0,0.0,0.0,1287.5905,1.504,0,0,0,0.65,-0.65,-0.2934,0.65,0.395,0,0.689,2,0.158,1268.37425,1261.50625,0.06,0.81,0.0,2,0.25,0,0.689,0.797,2.04,0.391,0.334,0,1273.52525,8,0.728,0.881,0.281,0.195,0.088,0.694,0.944,1497.52756,1234.91325,1237.91075,14.988,-0.8759,1,1487.7565,0.575,1323.1595,0.325,1236.5295,0.379,-1,0.122,1,0,12411,0.676,0.574,0.379,2798.0,2123.7,3.0565,915.4,0.0,1,0,0.535,2893.86,1,0,0.72,2893.86,-1,177.506,0.203,0.797,17.3,1.0,0.0,0.0,0.0,0.5,0.0,0.412,0.46,0.5,0.557,0.0,0.342,0.0,0,0,0.327,0.725,0.0,0.812,0.0,0.192,0.473,0.0,0.521,0.447,0.0,1.0,0.922
0,2023.07.14 06:56:00,XPDUSDm,PULLBACK,SELL,1,1268.92,1274.44,1263.22,1.03,0.487,1273.52525,1275.6715,1267.945,1,0.032,1.158,-0.5031,1288.111,1242.3975,1280.588,1222.179,1,0.029,0.45,2,1273.52525,0.64,0.112,0,0.0,0.0,0.0,1287.5905,1.504,0,0,0,0.65,-0.65,-0.2934,0.65,0.395,0,0.689,2,0.158,1268.37425,1261.50625,0.06,0.81,0.0,2,0.25,0,0.689,0.797,2.04,0.391,0.334,0,1273.52525,8,0.728,0.881,0.281,0.195,0.088,0.694,0.944,1497.52756,1234.91325,1237.91075,14.988,-0.8759,1,1487.7565,0.575,1323.1595,0.325,1236.5295,0.379,-1,0.122,1,0,12411,0.676,0.574,0.379,2798.0,2130.8,3.0565,915.4,0.0,1,0,0.535,2893.86,1,0,0.72,2893.86,-1,177.506,0.203,0.797,17.3,1.0,0.0,0.0,0.0,0.5,0.0,0.412,0.46,0.5,0.557,0.0,0.342,0.0,0,0,0.327,0.725,0.0,0.812,0.0,0.192,0.473,0.0,0.521,0.447,0.0,1.0,0.922
0,2023.07.14 07:00:00,XPDUSDm,TREND_CONTINUATION,SELL,1,1268.63,1279.13,1246.76,2.08,0.404,1274.5335,1275.926,1270.356,0,0.548,0.153,-0.675,1274.179,1273.8485,1294.067,1240.151,1,0.006,0.5,0,1274.5335,0.76,0.563,0,0.0,0.0,1274.26775,1287.5905,2.168,0,0,0,0.7,-0.685,-0.2108,0.685,0.351,2,0.616,2,0.065,1274.255,1266.7355,0.643,0.217,-0.2466,1,0.4,0,0.616,0.861,2.168,0.397,0.29,0,1274.5335,8,0.752,0.0,0.655,0.206,0.14,0.696,0.96,1497.52756,1234.91325,1237.91075,14.988,-0.8759,1,1487.7565,0.575,1323.1595,0.325,1236.5295,0.379,-1,0.122,1,0,12412,0.676,0.574,0.379,2690.0,2255.8,3.0755,874.6,0.0,1,0,0.535,2893.86,1,0,0.72,2893.86,-1,185.816,0.203,0.797,17.3,1.0,0.0,0.2,0.0,0.5,0.0,0.363,0.486,0.5,0.47,0.0,0.345,0.0,0,0,0.287,0.402,0.0,0.665,0.0,0.157,0.458,0.0,0.518,0.447,0.0,1.0,0.804
0,2023.07.14 07:00:00,XPDUSDm,ANCHORED_PULLBACK,SELL,1,1268.63,1275.13,1251.14,2.69,0.197,1274.5335,1275.926,1270.356,0,0.548,0.153,-0.675,1274.179,1273.8485,1294.067,1240.151,1,0.006,0.5,0,1274.5335,0.76,0.563,0,0.0,0.0,1274.26775,1287.5905,2.168,0,0,0,0.7,-0.685,-0.2108,0.685,0.351,0,0.685,2,0.065,1274.255,1266.7355,0.643,0.217,0.0,2,0.4,0,0.685,0.861,2.168,0.397,0.307,0,1274.5335,8,0.752,0.0,0.355,0.206,0.14,0.696,0.96,1497.52756,1234.91325,1237.91075,14.988,-0.8759,1,1487.7565,0.575,1323.1595,0.325,1236.5295,0.379,-1,0.122,1,0,12412,0.676,0.574,0.379,2690.0,2261.1,3.0755,874.6,0.0,1,0,0.535,2893.86,1,0,0.72,2893.86,-1,185.816,0.203,0.797,17.3,1.0,0.0,0.2,0.0,0.5,0.0,0.363,0.486,0.5,0.47,0.0,0.403,0.0,0,0,0.31,0.482,0.0,0.782,0.0,0.279,0.458,0.0,0.518,0.447,0.0,1.0,0.859
0,2023.07.14 08:00:00,XPDUSDm,BREAKOUT_RETEST,SELL,2,1272.11,1275.25,1268.22,1.24,0.459,1274.4165,1276.086,1270.839,1,0.067,0.467,-0.2764,1274.179,1273.8485,1294.067,1240.151,1,0.002,0.55,0,1274.4165,0.764,0.373,0,0.0,0.0,1269.68975,1287.5905,1.855,0,0,0,0.75,-0.72,-0.1067,0.72,0.339,0,0.704,0,0.48,1271.0775,1268.2155,0.124,0.467,-0.0387,2,0.55,0,0.704,0.741,1.855,0.399,0.314,0,1276.086,4,0.6,0.753,0.418,0.216,0.288,0.592,0.883,1480.4717,1234.91325,1237.91075,15.5593,0.5713,2,1487.7565,0.574,1323.1595,0.322,1236.5295,0.379,-1,0.137,1,0,12413,0.676,0.574,0.379,1910.0,2102.9,2.289,834.4,0.0,1,0,0.535,2893.86,1,0,0.72,2893.86,-1,194.355,0.164,0.836,15.6,0.0,0.0,0.99,0.0,0.5,0.0,0.38,0.685,0.5,0.741,0.0,0.598,0.0,0,0,0.573,0.8,0.0,0.802,0.0,0.208,0.54,0.0,0.508,0.447,0.0,1.0,0.875
0,2023.07.14 08:56:00,XPDUSDm,BREAKOUT,SELL,2,1267.28,1272.39,1246.42,4.08,0.425,1274.4165,1276.086,1270.839,0,0.067,0.467,-0.8553,1274.179,1273.8485,1294.067,1240.151,1,0.008,0.55,0,1274.4165,0.764,0.373,0,0.0,0.0,1269.68975,1287.5905,1.855,0,0,0,0.75,-0.72,-0.1067,0.72,0.097,0,0.713,0,0.48,1271.0775,1268.2155,0.455,0.112,0.0,2,0.25,0,0.713,1.06,2.434,0.435,0.398,1,1271.0775,2,0.55,0.09,0.371,0.216,0.183,0.592,0.883,1480.4717,1234.91325,1237.91075,15.5593,0.5713,2,1487.7565,0.574,1323.1595,0.322,1236.5295,0.379,-1,0.137,1,0,12413,0.676,0.574,0.379,2914.0,2174.5,3.4922,834.4,0.0,1,0,0.535,2893.86,1,0,0.72,2893.86,-1,194.933,0.164,0.836,15.6,0.0,0.0,0.3,0.0,0.5,0.0,0.331,0.483,0.5,0.482,0.0,0.534,0.0,0,0,0.368,0.761,0.0,0.543,0.0,0.263,0.424,0.0,0.524,0.447,0.0,1.0,1.0
0,2023.07.14 08:56:00,XPDUSDm,PULLBACK,SELL,2,1267.28,1279.8,1240.15,2.17,0.389,1274.4165,1276.086,1270.839,0,0.067,0.467,-0.8553,1274.179,1273.8485,1294.067,1240.151,1,0.008,0.55,0,1274.4165,0.764,0.373,0,0.0,0.0,1269.68975,1287.5905,1.855,0,0,0,0.75,-0.72,-0.1067,0.72,0.097,0,0.713,0,0.48,1271.0775,1268.2155,0.455,0.112,0.0,2,0.25,0,0.713,1.06,2.434,0.435,0.398,1,1271.0775,2,0.55,0.09,0.371,0.216,0.183,0.592,0.883,1480.4717,1234.91325,1237.91075,15.5593,0.5713,2,1487.7565,0.574,1323.1595,0.322,1236.5295,0.379,-1,0.137,1,0,12413,0.676,0.574,0.379,2914.0,2186.8,3.4922,834.4,0.0,1,0,0.535,2893.86,1,0,0.72,2893.86,-1,194.933,0.164,0.836,15.6,0.0,0.0,0.3,0.0,0.5,0.0,0.331,0.483,0.5,0.482,0.0,0.534,0.0,0,0,0.368,0.761,0.0,0.543,0.0,0.263,0.424,0.0,0.524,0.447,0.0,1.0,1.0
0,2023.07.14 09:00:00,XPDUSDm,TREND_CONTINUATION,SELL,2,1268.55,1279.06,1246.64,2.08,0.167,1274.471,1275.572,1271.168,0,0.341,0.413,-0.6757,1273.077,1273.8485,1294.067,1240.151,1,0.006,0.3,4,1274.471,0.735,0.714,0,0.0,0.0,1272.821,1287.5905,2.173,0,0,0,0.171,0.0,0.008,0.174,0.157,0,0.829,2,0.291,1271.535,1264.562,0.341,0.455,-0.0962,1,0.25,1,0.889,0.601,2.173,0.276,0.359,1,1271.535,2,0.55,0.319,0.653,0.0,0.238,0.539,0.973,1480.4717,1234.91325,1237.91075,15.5593,0.5713,2,1487.7565,0.574,1323.1595,0.322,1236.5295,0.379,-1,0.137,1,0,12414,0.676,0.574,0.379,2861.0,2455.0,3.2652,876.2,0.0,1,0,0.535,2893.86,1,0,0.72,2893.86,-1,185.492,0.164,0.836,15.6,0.0,0.0,0.54,0.0,0.5,0.0,0.265,0.68,0.5,0.43,0.0,0.414,0.0,0,0,0.402,0.711,0.0,0.684,0.0,0.209,0.446,0.0,0.499,0.447,0.0,1.0,0.778
0,2023.07.14 09:00:00,XPDUSDm,ANCHORED_PULLBACK,SELL,2,1268.55,1272.41,1251.03,4.54,0.24,1274.471,1275.572,1271.168,0,0.341,0.413,-0.6757,1273.077,1273.8485,1294.067,1240.151,1,0.006,0.3,4,1274.471,0.735,0.714,0,0.0,0.0,1272.821,1287.5905,2.173,0,0,0,0.171,0.0,0.008,0.174,0.157,0,0.833,2,0.291,1271.535,1264.562,0.341,0.455,0.0,2,0.25,0,0.833,0.927,2.173,0.426,0.383,1,1271.535,2,0.55,0.319,0.353,0.0,0.238,0.539,0.973,1480.4717,1234.91325,1237.91075,15.5593,0.5713,2,1487.7565,0.574,1323.1595,0.322,1236.5295,0.379,-1,0.137,1,0,12414,0.676,0.574,0.379,2861.0,2466.3,3.2652,876.2,0.0,1,0,0.535,2893.86,1,0,0.72,2893.86,-1,185.492,0.164,0.836,15.6,0.0,0.0,0.54,0.0,0.5,0.0,0.332,0.68,0.5,0.514,0.0,0.509,0.0,0,0,0.466,0.867,0.0,1.0,0.0,0.263,0.446,0.0,0.538,0.447,0.0,1.0,0.909
0,2023.07.14 11:03:40,XPDUSDm,MEAN_REVERSION,SELL,2,1278.31,1285.15,1272.55,0.84,0.654,1273.3075,1276.705,1270.665,0,0.358,1.417,0.5852,1273.077,1273.8485,1294.067,1240.151,1,0.005,0.4,0,1272.5525,0.785,0.647,0,0.0,0.0,1275.83825,1287.5905,1.225,0,0,0,0.75,0.72,0.2176,0.72,0.294,0,0.766,2,0.032,1272.93,1264.2475,0.629,1.645,0.0,2,0.0,0,0.766,0.668,1.645,0.406,0.376,1,1272.5525,8,0.757,0.0,0.212,0.216,0.0,0.825,0.966,1480.4717,1234.91325,1237.91075,15.5593,0.5713,2,1487.7565,0.574,1323.1595,0.322,1236.5295,0.379,-1,0.137,1,0,12416,0.676,0.574,0.379,1424.0,1626.7,1.6658,854.9,0.0,1,0,0.535,2893.86,1,0,0.72,2893.86,0,188.985,0.164,0.836,15.6,0.0,0.5,0.99,0.0,0.5,0.0,0.693,0.788,0.5,0.621,0.0,0.27,0.0,0,0,0.467,0.78,0.0,0.88,0.0,0.351,0.771,0.0,0.509,0.447,0.0,1.0,0.797
0,2023.07.14 11:10:40,XPDUSDm,ANCHORED_PULLBACK,SELL,2,1275.78,1277.56,1272.55,1.81,0.535,1273.3075,1276.705,1270.665,1,0.358,1.417,0.2892,1273.077,1273.8485,1294.067,1240.151,1,0.002,0.4,0,1272.5525,0.785,0.647,0,0.0,0.0,1275.83825,1287.5905,1.225,0,0,0,0.75,0.72,0.2176,0.72,0.712,0,0.766,2,0.032,1272.93,1264.2475,0.333,1.349,0.0,2,0.0,0,0.766,0.474,1.382,0.343,0.354,1,1272.5525,8,0.757,0.333,0.086,0.216,0.0,0.825,0.966,1480.4717,1234.91325,1237.91075,15.5593,0.5713,2,1487.7565,0.574,1323.1595,0.322,1236.5295,0.379,-1,0.137,1,0,12416,0.676,0.574,0.379,1385.0,1481.2,1.6202,854.9,0.0,1,0,0.535,2893.86,1,0,0.72,2893.86,0,189.281,0.164,0.836,15.6,0.0,0.5,0.71,0.0,0.5,0.0,0.68,0.871,0.5,0.585,0.0,0.327,0.0,0,0,0.529,0.812,0.0,0.832,0.0,0.251,0.433,0.0,0.536,0.447,0.0,1.0,0.805
0,2023.07.14 11:59:40,XPDUSDm,SWEEP_REVERSAL,SELL,2,1279.64,1288.19,1272.55,0.83,0.096,1273.3075,1276.705,1270.665,0,0.358,1.417,0.7408,1273.077,1273.8485,1294.067,1240.151,1,0.007,0.4,0,1272.5525,0.785,0.647,0,0.0,0.0,1275.83825,1287.5905,1.225,0,0,0,0.75,0.72,0.2176,0.72,0.294,0,0.766,2,0.032,1272.93,1264.2475,0.785,1.801,0.0,2,0.0,0,0.766,0.731,1.801,0.406,0.384,1,1272.5525,8,0.757,0.0,0.212,0.216,0.0,0.825,0.966,1480.4717,1234.91325,1237.91075,15.5593,0.5713,2,1487.7565,0.574,1323.1595,0.322,1236.5295,0.379,-1,0.137,1,0,12416,0.676,0.574,0.379,1590.0,1665.8,1.86,854.9,0.0,1,0,0.535,2893.86,1,0,0.72,2893.86,0,188.829,0.164,0.836,15.6,0.0,0.5,0.99,0.0,0.5,0.0,0.736,0.585,0.5,0.576,0.0,0.514,0.0,0,0,0.43,0.78,0.0,0.968,0.0,0.317,0.797,0.0,0.507,0.447,0.0,1.0,0.797
0,2023.07.14 12:56:00,XPDUSDm,BREAKOUT,SELL,2,1266.32,1274.04,1244.38,2.84,0.457,1273.16,1277.912,1271.864,0,0.428,1.609,-0.7792,1273.077,1273.8485,1294.067,1244.644,1,0.009,0.35,0,1277.48,0.766,0.559,0,0.0,0.0,1277.4625,1287.5905,0.921,0,0,0,0.825,0.755,0.1581,0.755,0.033,2,0.649,2,0.234,1273.16,1264.52,0.779,0.205,0.0,2,0.0,0,0.649,1.078,2.423,0.445,0.437,1,1273.16,1,0.7,0.0,0.29,0.226,0.0,0.958,0.964,1425.67167,1234.91325,1237.91075,15.7049,0.1456,2,1487.7565,0.572,1323.1595,0.32,1236.5295,0.378,-1,0.195,1,0,12417,0.676,0.574,0.379,1804.0,1964.3,2.0552,877.8,0.0,1,0,0.535,2893.86,1,0,0.72,2893.86,0,185.414,0.132,0.868,12.0,0.0,0.5,0.99,0.0,0.5,0.0,0.29,0.742,0.5,0.545,0.0,0.198,0.0,0,0,0.388,0.579,0.0,0.88,0.0,0.307,0.395,0.0,0.517,0.447,0.0,1.0,0.797
0,2023.07.14 13:20:40,XPDUSDm,ANCHORED_PULLBACK,SELL,4,1260.82,1269.17,1242.11,2.24,0.3,1276.01075,1278.8335,1273.188,0,0.99,0.3,-1.6237,1274.0755,1273.8485,1294.067,1244.644,1,0.014,0.35,0,1277.62375,0.726,0.754,0,0.0,0.0,1266.36075,1287.5905,2.4,0,0,0,0.9,0.615,0.0742,0.615,0.113,0,0.827,3,0.806,1275.20425,1264.71975,1.537,0.417,0.0,2,0.15,0,0.827,1.239,2.861,0.433,0.546,2,1276.01075,1,0.7,0.0,0.326,0.185,0.053,0.932,0.893,1425.67167,1234.91325,1237.91075,15.7049,0.1456,2,1487.7565,0.572,1323.1595,0.32,1236.5295,0.378,-1,0.195,1,0,12418,0.676,0.574,0.379,1809.0,2537.2,1.9336,935.6,0.0,1,0,0.535,2893.86,1,0,0.72,2893.86,0,174.55,0.132,0.868,12.0,0.0,0.5,0.99,0.0,0.5,0.0,0.42,0.743,0.5,0.45,0.0,0.233,0.0,0,0,0.374,0.386,0.0,0.891,0.0,0.422,0.308,0.0,0.516,0.447,0.0,1.0,0.665
0,2023.07.14 14:56:00,XPDUSDm,BREAKOUT,SELL,4,1254.56,1267.58,1229.22,1.95,0.501,1274.82225,1279.64,1265.875,0,0.342,0.065,-1.9992,1274.07075,1273.8485,1294.067,1249.137,1,0.019,0.5,2,1277.57525,0.765,0.252,0,0.0,0.0,1265.6875,1287.5905,1.733,0,0,0,0.975,0.65,0.0527,0.65,0.125,0,0.682,3,0.906,1266.56325,1255.55125,1.184,0.098,0.0,2,0.4,0,0.682,1.405,3.259,0.431,0.432,1,1266.56325,2,0.55,0.0,0.422,0.195,0.14,0.356,0.871,1425.67167,1234.91325,1237.91075,15.7049,0.1456,2,1487.7565,0.572,1323.1595,0.32,1236.5295,0.378,-1,0.195,1,0,12419,0.676,0.574,0.379,2178.0,2302.7,2.149,1013.5,0.0,1,0,0.535,2893.86,1,0,0.72,2893.86,0,161.746,0.132,0.868,12.0,0.0,0.5,0.83,0.0,0.5,0.0,0.964,0.615,0.5,0.493,0.0,0.316,0.0,0,0,0.343,0.409,0.0,0.691,0.0,0.43,0.297,0.0,0.493,0.447,0.0,1.0,0.724
0,2023.07.14 15:00:59,XPDUSDm,TREND_CONTINUATION,SELL,4,1259.36,1271.51,1234.04,2.08,0.422,1277.57525,1279.64,1258.9925,1,0.219,1.035,-1.7987,1274.07075,1273.8485,1294.067,1249.137,1,0.014,0.75,2,1277.57525,0.782,0.199,0,0.0,0.0,1257.5035,1287.5905,2.975,0,0,0,0.654,-0.6708,-0.0482,0.671,0.846,2,0.496,3,0.666,1259.68075,1270.69275,0.032,1.119,0.0,2,0.0,0,0.496,0.901,2.788,0.323,0.409,1,1277.57525,8,0.756,0.937,0.046,0.201,0.0,0.776,0.902,1425.67167,1234.91325,1237.91075,15.7049,0.1456,2,1487.7565,0.572,1323.1595,0.32,1236.5295,0.378,-1,0.195,1,0,12420,0.68,0.585,0.383,2228.0,2302.1,2.2,1012.7,0.0,1,0,0.535,2893.86,1,0,0.72,2893.86,0,161.398,0.132,0.868,12.0,0.0,0.5,0.8,0.0,0.5,0.0,0.7,0.67,0.5,0.517,0.0,0.31,0.0,0,0,0.381,0.778,0.0,0.871,0.0,0.571,0.565,0.0,0.509,0.447,0.0,1.0,0.969
0,2023.07.14 15:15:30,XPDUSDm,PULLBACK,SELL,4,1254.41,1258.52,1249.14,1.28,0.37,1277.57525,1279.64,1258.9925,0,0.219,1.035,-2.2874,1274.07075,1273.8485,1294.067,1249.137,1,0.019,0.75,2,1277.57525,0.782,0.199,0,0.0,0.0,1257.5035,1287.5905,2.975,0,0,0,0.654,-0.6708,-0.0482,0.671,0.393,2,0.496,3,0.666,1259.68075,1270.69275,0.52,1.608,0.0,2,0.0,0,0.496,1.281,3.276,0.391,0.454,1,1259.68075,2,0.55,0.0,0.182,0.201,0.0,0.776,0.902,1425.67167,1234.91325,1237.91075,15.7049,0.1456,2,1487.7565,0.572,1323.1595,0.32,1236.5295,0.378,-1,0.195,1,0,12420,0.68,0.585,0.383,2258.0,2280.4,2.2297,1012.7,0.0,1,0,0.535,2893.86,1,0,0.72,2893.86,0,161.887,0.132,0.868,12.0,0.0,0.5,0.5,0.0,0.5,0.0,0.697,0.524,0.5,0.516,0.0,0.344,0.0,0,0,0.307,0.683,0.0,0.66,0.0,0.642,0.39,0.0,0.489,0.447,0.0,1.0,1.0
0,2023.07.14 15:20:40,XPDUSDm,ANCHORED_PULLBACK,SELL,4,1252.69,1260.54,1232.44,2.58,0.337,1277.57525,1279.64,1258.9925,0,0.219,1.035,-2.4573,1274.07075,1273.8485,1294.067,1249.137,1,0.021,0.75,2,1277.57525,0.782,0.199,0,0.0,0.0,1257.5035,1287.5905,2.975,0,0,0,0.654,-0.6708,-0.0482,0.671,0.267,2,0.496,3,0.666,1259.68075,1270.69275,0.69,1.778,0.0,2,0.0,0,0.496,1.413,3.446,0.41,0.469,1,1259.68075,2,0.55,0.0,0.22,0.201,0.0,0.776,0.902,1425.67167,1234.91325,1237.91075,15.7049,0.1456,2,1487.7565,0.572,1323.1595,0.32,1236.5295,0.378,-1,0.195,1,0,12420,0.68,0.585,0.383,2318.0,2293.8,2.2889,1012.7,0.0,1,0,0.535,2893.86,1,0,0.72,2893.86,0,162.057,0.132,0.868,12.0,0.0,0.5,0.22,0.0,0.5,0.0,0.676,0.472,0.5,0.529,0.0,0.331,0.0,0,0,0.308,0.655,0.0,0.44,0.0,0.642,0.364,0.0,0.489,0.447,0.0,1.0,1.0
0,2023.07.14 16:00:00,XPDUSDm,BREAKOUT_RETEST,SELL,4,1255.82,1258.73,1247.29,2.93,0.51,1259.68075,1265.875,1253.4865,1,0.114,1.391,-0.398,1274.07075,1272.11475,1294.4915,1253.8065,1,0.017,0.45,0,1259.68075,0.701,0.671,0,0.0,0.0,0.0,1287.5905,3.275,0,0,0,0.75,-0.72,-0.1277,0.72,0.602,0,0.75,3,0.513,1258.30425,1271.381,0.256,1.604,0.0,2,0.0,0,0.75,1.178,3.275,0.36,0.484,1,1259.68075,8,0.74,0.488,0.119,0.216,0.0,0.762,0.949,1480.4717,1234.91325,1237.91075,15.4363,-0.2686,1,1487.7565,0.572,1323.1595,0.318,1236.5295,0.379,-1,0.216,1,0,12421,0.68,0.585,0.383,2192.0,2101.1,2.2596,970.1,0.0,1,0,0.535,2893.86,1,0,0.72,2893.86,-1,168.858,0.173,0.827,15.7,1.0,0.0,0.12,0.0,0.5,0.0,1.0,0.523,0.5,0.53,0.0,0.211,0.0,0,0,0.257,0.802,0.0,1.0,0.067,0.64,0.465,0.0,0.496,0.447,0.0,1.0,0.922
0,2023.07.14 16:44:40,XPDUSDm,SWEEP_REVERSAL,SELL,4,1267.97,1277.67,1259.68,0.85,0.11,1259.68075,1265.875,1253.4865,0,0.114,1.391,0.8545,1274.07075,1272.11475,1294.4915,1253.8065,1,0.004,0.45,0,1259.68075,0.701,0.671,0,0.0,0.0,0.0,1287.5905,3.275,0,0,0,0.75,-0.72,-0.1277,0.72,0.111,0,0.75,3,0.513,1274.82225,1271.381,0.706,0.352,0.0,2,0.0,0,0.75,0.876,2.023,0.433,0.44,1,1259.68075,8,0.74,0.0,0.267,0.216,0.0,0.694,0.949,1480.4717,1234.91325,1237.91075,15.4363,-0.2686,1,1487.7565,0.572,1323.1595,0.318,1236.5295,0.379,-1,0.216,1,0,12421,0.68,0.585,0.383,2395.0,2250.5,2.4689,970.1,0.0,1,0,0.535,2893.86,1,0,0.72,2893.86,-1,167.605,0.173,0.827,15.7,1.0,0.0,0.16,0.0,0.5,0.0,0.448,0.857,0.5,0.567,0.0,0.272,0.0,0,0,0.493,0.656,0.0,0.88,0.067,0.391,0.721,0.0,0.5,0.447,0.0,1.0,1.0
0,2023.07.14 16:59:40,XPDUSDm,BREAKOUT,SELL,4,1261.89,1266.85,1237.64,4.89,0.342,1259.68075,1265.875,1253.4865,1,0.114,1.391,0.2277,1274.07075,1272.11475,1294.4915,1253.8065,1,0.011,0.45,0,1259.68075,0.701,0.671,0,0.0,0.0,0.0,1287.5905,3.275,0,0,0,0.75,-0.72,-0.1277,0.72,0.408,0,0.75,3,0.513,1258.30425,1271.381,0.37,0.978,0.0,2,0.0,0,0.75,1.03,2.649,0.389,0.467,1,1265.875,4,0.6,0.261,0.178,0.216,0.0,0.762,0.949,1480.4717,1234.91325,1237.91075,15.4363,-0.2686,1,1487.7565,0.572,1323.1595,0.318,1236.5295,0.379,-1,0.216,1,0,12421,0.68,0.585,0.383,2688.0,2686.0,2.7709,970.1,0.0,1,0,0.535,2893.86,1,0,0.72,2893.86,-1,168.232,0.173,0.827,15.7,1.0,0.0,0.52,0.0,0.5,0.0,0.275,0.582,0.5,0.731,0.0,0.453,0.0,0,0,0.45,0.764,0.0,1.0,0.067,0.608,0.532,0.0,0.496,0.447,0.0,1.0,0.922
0,2023.07.14 17:02:40,XPDUSDm,TREND_CONTINUATION,SELL,3,1257.74,1269.82,1232.58,2.08,0.4,1259.981,1261.37,1253.036,1,0.005,0.741,-0.2227,1274.07075,1273.093,1294.642,1255.462,1,0.015,0.45,0,1259.981,0.749,0.974,0,0.0,0.0,0.0,1287.5905,2.748,0,0,0,0.55,-0.755,-0.1881,0.755,0.969,2,0.613,0,0.448,1258.592,1252.573,0.085,0.513,0.0,2,0.0,0,0.613,0.903,2.966,0.305,0.426,1,1261.37,4,0.6,0.831,0.009,0.226,0.09,0.89,0.725,1480.4717,1234.91325,1237.91075,15.4363,-0.2686,1,1487.7565,0.572,1323.1595,0.318,1236.5295,0.379,-1,0.216,1,0,12422,0.68,0.585,0.383,2582.0,2689.2,2.5653,1006.5,0.0,1,0,0.535,2893.86,1,0,0.72,2893.86,-1,162.555,0.173,0.827,15.7,1.0,0.0,0.95,0.0,0.5,0.0,0.281,0.525,0.5,0.685,0.0,0.528,0.0,0,0,0.432,0.812,0.0,0.941,0.067,0.347,0.518,0.0,0.52,0.447,0.0,1.0,0.907
0,2023.07.14 17:10:40,XPDUSDm,MEAN_REVERSION,SELL,3,1259.95,1268.0,1253.04,0.86,0.603,1259.981,1261.37,1253.036,1,0.005,0.741,-0.0031,1274.07075,1273.093,1294.642,1255.462,1,0.013,0.45,0,1259.981,0.749,0.974,0,0.0,0.0,0.0,1287.5905,2.748,0,0,0,0.55,-0.755,-0.1881,0.755,0.988,2,0.613,0,0.448,1258.592,1252.573,0.135,0.733,0.0,2,0.0,0,0.613,0.829,2.746,0.302,0.417,1,1253.036,5,0.6,0.73,0.004,0.226,0.09,0.89,0.725,1480.4717,1234.91325,1237.91075,15.4363,-0.2686,1,1487.7565,0.572,1323.1595,0.318,1236.5295,0.379,-1,0.216,1,0,12422,0.68,0.585,0.383,2286.0,2547.1,2.2712,1006.5,0.0,1,0,0.535,2893.86,1,0,0.72,2893.86,-1,162.336,0.173,0.827,15.7,1.0,0.0,0.99,0.0,0.5,0.0,0.281,0.424,0.5,0.65,0.0,0.614,0.0,0,0,0.486,0.812,0.0,0.99,0.093,0.405,0.541,0.0,0.52,0.447,0.0,1.0,0.943
0,2023.07.14 18:44:59,XPDUSDm,SWEEP_REVERSAL,SELL,3,1270.41,1280.74,1259.1,1.09,0.26,1259.09875,1263.25,1253.1025,0,0.032,0.211,1.095,1274.07075,1273.093,1294.642,1255.462,1,0.003,0.55,0,1259.09875,0.775,0.275,0,0.0,0.0,1267.64375,1287.5905,1.986,0,0,0,0.9,-0.615,-0.1673,0.615,0.033,0,0.75,0,0.383,1267.40125,1269.7075,0.291,0.068,0.0,2,0.4,0,0.75,0.74,1.663,0.445,0.342,0,1259.09875,8,0.755,0.417,0.45,0.185,0.217,0.642,0.957,1480.4717,1234.91325,1237.91075,15.4363,-0.2686,1,1487.7565,0.572,1323.1595,0.318,1236.5295,0.379,-1,0.216,1,0,12423,0.68,0.585,0.383,2364.0,1836.4,2.2885,1033.0,0.0,1,0,0.535,2893.86,1,0,0.72,2893.86,-1,157.159,0.173,0.827,15.7,1.0,0.0,0.39,0.0,0.5,0.0,1.0,0.657,0.5,0.555,0.0,0.321,0.0,0,0,0.389,0.609,0.0,1.0,0.1,0.492,0.793,0.0,0.496,0.447,0.0,1.0,0.922
0,2023.07.14 19:00:00,XPDUSDm,BREAKOUT_RETEST,SELL,3,1267.82,1270.96,1257.87,3.17,0.796,1267.60375,1268.995,1257.865,1,0.021,0.157,0.0207,1273.22975,1273.093,1294.642,1259.38,1,0.005,0.6,2,1267.60375,0.74,0.724,0,0.0,0.0,0.0,1287.5905,1.891,0,0,0,0.975,-0.825,-0.1618,0.825,1.0,1,0.259,3,0.631,1267.14,1269.9225,0.065,0.201,0.094,0,0.45,2,0.788,0.851,1.891,0.45,0.404,1,1257.865,5,0.6,0.87,0.18,0.947,0.157,0.773,0.893,1480.4717,1234.91325,1237.91075,15.4363,-0.2686,1,1487.7565,0.572,1323.1595,0.318,1236.5295,0.379,-1,0.216,1,0,12424,0.68,0.585,0.383,2315.0,2384.5,2.2143,1045.5,0.0,1,0,0.535,2893.86,1,0,0.72,2893.86,-1,155.527,0.173,0.827,15.7,1.0,0.0,0.99,0.0,0.5,0.0,0.778,0.759,0.5,0.579,0.0,0.262,0.0,0,0,0.434,0.66,0.0,1.0,0.1,0.735,0.533,0.0,0.447,0.447,0.0,1.0,0.978
0,2023.07.14 19:10:40,XPDUSDm,MEAN_REVERSION,SELL,3,1268.03,1276.39,1257.87,1.22,0.557,1267.60375,1268.995,1257.865,1,0.021,0.157,0.0408,1273.22975,1273.093,1294.642,1259.38,1,0.005,0.6,2,1267.60375,0.74,0.724,0,0.0,0.0,0.0,1287.5905,1.891,0,0,0,0.975,-0.825,-0.1618,0.825,1.0,2,0.559,3,0.631,1267.14,1269.9225,0.085,0.181,0.0,2,0.15,0,0.559,0.561,1.871,0.3,0.358,1,1257.865,5,0.6,0.83,0.06,0.247,0.053,0.773,0.893,1480.4717,1234.91325,1237.91075,15.4363,-0.2686,1,1487.7565,0.572,1323.1595,0.318,1236.5295,0.379,-1,0.216,1,0,12424,0.68,0.585,0.383,2106.0,2274.3,2.0143,1045.5,0.0,1,0,0.535,2893.86,1,0,0.72,2893.86,-1,155.507,0.173,0.827,15.7,1.0,0.0,0.99,0.0,0.5,0.0,1.0,0.649,0.5,0.606,0.0,0.231,0.0,0,0,0.364,0.76,0.0,0.99,0.1,0.502,0.546,0.0,0.511,0.447,0.0,1.0,0.93
0,2023.07.14 19:37:40,XPDUSDm,BREAKOUT,SELL,3,1265.05,1280.73,1238.91,1.67,0.392,1267.60375,1268.995,1257.865,1,0.021,0.157,-0.2443,1273.22975,1273.093,1294.642,1259.38,1,0.008,0.6,2,1267.60375,0.74,0.724,0,0.0,0.0,0.0,1287.5905,1.891,0,0,0,0.975,-0.825,-0.1618,0.825,0.191,2,0.559,3,0.631,1267.14,1262.03875,0.2,0.288,0.0,2,0.15,0,0.559,0.908,2.156,0.421,0.399,1,1268.995,4,0.6,0.6,0.303,0.247,0.053,0.773,0.857,1480.4717,1234.91325,1237.91075,15.4363,-0.2686,1,1487.7565,0.572,1323.1595,0.318,1236.5295,0.379,-1,0.216,1,0,12424,0.68,0.585,0.383,1832.0,1945.7,1.7523,1045.5,0.0,1,0,0.535,2893.86,1,0,0.72,2893.86,-1,155.792,0.173,0.827,15.7,1.0,0.0,0.95,0.0,0.5,0.0,1.0,0.56,0.5,0.575,0.0,0.199,0.0,0,0,0.288,0.585,0.0,1.0,0.1,0.502,0.531,0.0,0.486,0.447,0.0,1.0,0.844
0,2023.07.14 19:37:59,XPDUSDm,TREND_CONTINUATION,SELL,3,1265.05,1277.6,1238.91,2.08,0.547,1267.60375,1268.995,1257.865,1,0.021,0.157,-0.2443,1273.22975,1273.093,1294.642,1259.38,1,0.008,0.6,2,1267.60375,0.74,0.724,0,0.0,0.0,0.0,1287.5905,1.891,0,0,0,0.975,-0.825,-0.1618,0.825,0.191,2,0.559,3,0.631,1267.14,1262.03875,0.2,0.288,0.0,2,0.15,0,0.559,0.908,2.156,0.421,0.399,1,1268.995,4,0.6,0.6,0.303,0.247,0.053,0.773,0.857,1480.4717,1234.91325,1237.91075,15.4363,-0.2686,1,1487.7565,0.572,1323.1595,0.318,1236.5295,0.379,-1,0.216,1,0,12424,0.68,0.585,0.383,1832.0,1943.8,1.7523,1045.5,0.0,1,0,0.535,2893.86,1,0,0.72,2893.86,-1,155.792,0.173,0.827,15.7,1.0,0.0,0.94,0.0,0.5,0.0,1.0,0.542,0.5,0.575,0.0,0.199,0.0,0,0,0.277,0.585,0.0,1.0,0.1,0.502,0.531,0.0,0.486,0.447,0.0,1.0,0.844
0,2023.07.14 19:43:40,XPDUSDm,PULLBACK,SELL,3,1264.4,1268.65,1259.38,1.18,0.617,1267.60375,1268.995,1257.865,1,0.021,0.157,-0.3064,1273.22975,1273.093,1294.642,1259.38,1,0.008,0.6,2,1267.60375,0.74,0.724,0,0.0,0.0,0.0,1287.5905,1.891,0,0,0,0.975,-0.825,-0.1618,0.825,0.191,2,0.559,3,0.631,1267.14,1262.03875,0.262,0.226,0.0,2,0.15,0,0.559,0.935,2.218,0.421,0.402,1,1267.60375,8,0.748,0.476,0.303,0.247,0.053,0.773,0.857,1480.4717,1234.91325,1237.91075,15.4363,-0.2686,1,1487.7565,0.572,1323.1595,0.318,1236.5295,0.379,-1,0.216,1,0,12424,0.68,0.585,0.383,1905.0,1896.5,1.8221,1045.5,0.0,1,0,0.535,2893.86,1,0,0.72,2893.86,-1,155.855,0.173,0.827,15.7,1.0,0.0,0.37,0.0,0.5,0.0,0.957,0.374,0.5,0.528,0.0,0.204,0.0,0,0,0.316,0.585,0.0,1.0,0.1,0.502,0.541,0.0,0.486,0.447,0.0,1.0,0.844
0,2023.07.16 22:10:00,XPDUSDm,BREAKOUT,SELL,1,1264.91,1280.4,1239.1,1.67,0.323,1267.5155,1268.627,1263.44,1,0.037,0.468,-0.2523,1273.7945,1273.093,1294.642,1259.38,1,0.008,0.35,0,1267.5155,0.781,0.451,0,0.0,0.0,0.0,1287.5905,2.197,0,0,0,0.75,-0.895,-0.1161,0.895,0.37,2,0.636,2,0.303,1266.404,1262.3285,0.145,0.25,0.0,2,0.0,0,0.636,0.866,2.197,0.394,0.392,1,1268.627,4,0.6,0.711,0.189,0.269,0.0,0.748,0.894,1481.72637,1231.86388,1237.91075,36.2833,1.1621,2,1490.21951,0.584,1328.8499,0.322,1235.42539,0.4,-1,0.141,1,0,12426,0.68,0.585,0.383,2099.0,2122.5,2.0329,1032.5,0.0,1,0,0.535,2893.86,1,0,0.72,2893.86,-1,157.768,0.165,0.835,6.7,0.0,0.0,0.98,0.0,0.5,0.0,0.415,0.685,0.5,0.53,0.0,0.354,0.0,0,0,0.412,0.805,0.0,1.0,0.1,0.269,0.488,0.0,0.482,0.447,0.0,1.0,0.922
0,2023.07.16 22:10:20,XPDUSDm,BREAKOUT_RETEST,SELL,1,1264.97,1268.07,1260.85,1.33,0.494,1267.5155,1268.627,1263.44,1,0.037,0.468,-0.2465,1273.7945,1273.093,1294.642,1259.38,1,0.008,0.35,0,1267.5155,0.781,0.451,0,0.0,0.0,0.0,1287.5905,2.197,0,0,0,0.75,-0.895,-0.1161,0.895,0.724,2,0.636,2,0.303,1266.404,1262.3285,0.139,0.256,0.0,2,0.0,0,0.636,0.748,2.191,0.341,0.378,1,1268.627,4,0.6,0.722,0.083,0.269,0.0,0.748,0.894,1481.72637,1231.86388,1237.91075,36.2833,1.1621,2,1490.21951,0.584,1328.8499,0.322,1235.42539,0.4,-1,0.141,1,0,12426,0.68,0.585,0.383,2099.0,2122.3,2.0329,1032.5,0.0,1,0,0.535,2893.86,1,0,0.72,2893.86,-1,157.762,0.165,0.835,6.7,0.0,0.0,0.99,0.0,0.5,0.0,0.353,0.691,0.5,0.53,0.0,0.375,0.0,0,0,0.424,0.815,0.0,0.99,0.1,0.269,0.49,0.0,0.501,0.447,0.0,1.0,0.969
0,2023.07.16 22:10:20,XPDUSDm,TREND_CONTINUATION,SELL,1,1264.97,1277.36,1239.16,2.08,0.47,1267.5155,1268.627,1263.44,1,0.037,0.468,-0.2465,1273.7945,1273.093,1294.642,1259.38,1,0.008,0.35,0,1267.5155,0.781,0.451,0,0.0,0.0,0.0,1287.5905,2.197,0,0,0,0.75,-0.895,-0.1161,0.895,0.724,2,0.636,2,0.303,1266.404,1262.3285,0.139,0.256,0.0,2,0.0,0,0.636,0.748,2.191,0.341,0.378,1,1268.627,4,0.6,0.722,0.083,0.269,0.0,0.748,0.894,1481.72637,1231.86388,1237.91075,36.2833,1.1621,2,1490.21951,0.584,1328.8499,0.322,1235.42539,0.4,-1,0.141,1,0,12426,0.68,0.585,0.383,2099.0,2122.0,2.0329,1032.5,0.0,1,0,0.535,2893.86,1,0,0.72,2893.86,-1,157.762,0.165,0.835,6.7,0.0,0.0,0.98,0.0,0.5,0.0,0.353,0.691,0.5,0.53,0.0,0.375,0.0,0,0,0.424,0.815,0.0,0.99,0.1,0.269,0.49,0.0,0.501,0.447,0.0,1.0,0.969
0,2023.07.16 22:43:40,XPDUSDm,PULLBACK,SELL,1,1257.53,1266.33,1226.56,3.52,0.415,1267.5155,1268.627,1263.44,0,0.037,0.468,-0.9671,1273.7945,1273.093,1294.642,1259.38,0,0.015,0.35,0,1267.5155,0.781,0.451,0,0.0,0.0,0.0,1287.5905,2.197,0,0,0,0.75,-0.895,-0.1161,0.895,0.117,2,0.636,2,0.303,1266.404,1256.771,0.859,0.074,0.0,2,0.0,0,0.636,1.259,2.911,0.432,0.437,1,1267.5155,8,0.756,0.0,0.265,0.269,0.0,0.748,0.955,1481.72637,1231.86388,1237.91075,36.2833,1.1621,2,1490.21951,0.584,1328.8499,0.322,1235.42539,0.4,-1,0.141,1,0,12426,0.68,0.585,0.383,2195.0,1831.7,2.1259,1032.5,0.0,1,0,0.535,2893.86,1,0,0.72,2893.86,-1,158.482,0.165,0.835,6.7,0.0,0.0,0.0,0.0,0.5,0.0,1.0,0.912,0.5,0.607,0.0,0.364,0.0,0,0,0.575,0.619,0.0,1.0,0.1,0.08,0.278,0.0,0.482,0.447,0.0,1.0,1.077
0,2023.07.16 23:33:40,XPDUSDm,ANCHORED_PULLBACK,SELL,1,1248.95,1260.41,1225.58,2.04,0.237,1265.6525,1267.88,1263.425,0,1.817,0.292,-1.4295,1272.90425,1273.093,1294.642,1259.38,0,0.021,0.15,4,1265.6525,0.77,0.838,0,0.0,0.0,1256.9,1287.5905,3.821,0,0,-1,1.0,-0.755,-0.0503,0.755,0.006,0,0.817,2,0.5,1266.395,1249.3175,1.493,0.031,0.0,2,0.4,0,0.817,1.485,3.307,0.449,0.456,1,1265.6525,8,0.754,0.0,0.458,0.226,0.29,0.608,0.991,1481.72637,1231.86388,1237.91075,36.2833,1.1621,2,1490.21951,0.584,1328.8499,0.322,1235.42539,0.4,-1,0.141,1,0,12427,0.68,0.585,0.383,3027.0,2964.3,2.5907,1168.4,0.0,1,0,0.535,2893.86,1,0,0.72,2893.86,-1,140.78,0.165,0.835,6.7,0.0,0.0,0.1,0.0,0.5,0.0,1.0,0.92,0.5,0.565,0.0,0.373,0.0,0,0,0.571,0.22,0.0,0.763,0.1,0.382,0.224,0.0,0.479,0.447,0.0,1.0,0.972
0,2023.07.17 00:17:40,XPDUSDm,BREAKOUT,SELL,1,1254.53,1265.33,1225.43,2.69,0.409,1265.6525,1270.85,1254.515,1,0.689,0.178,-0.9556,1272.90425,1273.093,1290.724,1255.462,0,0.016,0.55,2,1265.6525,0.586,0.044,0,0.0,0.0,1246.33575,1287.5905,2.701,0,0,0,1.0,-0.965,-0.0759,0.965,0.096,2,0.599,3,1.0,1246.3475,1252.2875,0.703,0.193,0.0,2,0.15,0,0.599,1.237,2.84,0.436,0.436,1,1265.6525,8,0.717,0.0,0.331,0.29,0.053,0.317,0.955,1482.5226,1231.86388,1237.91075,33.8111,-2.4722,1,1487.7565,0.574,1323.1595,0.315,1236.5295,0.385,-1,0.241,1,0,12428,0.68,0.585,0.383,2627.0,2519.1,2.257,1163.9,0.0,1,0,0.535,2893.86,1,0,0.72,2893.86,-1,140.845,0.202,0.798,7.2,1.0,0.0,0.14,0.0,0.5,0.0,0.711,0.624,0.5,0.505,0.0,0.469,0.0,0,0,0.414,0.32,0.029,1.0,0.1,0.709,0.327,0.0,0.466,0.436,0.0,1.0,0.846
0,2023.07.17 00:17:59,XPDUSDm,TREND_CONTINUATION,SELL,1,1254.53,1268.5,1225.43,2.08,0.582,1265.6525,1270.85,1254.515,1,0.689,0.178,-0.9556,1272.90425,1273.093,1290.724,1255.462,0,0.016,0.55,2,1265.6525,0.586,0.044,0,0.0,0.0,1246.33575,1287.5905,2.701,0,0,0,1.0,-0.965,-0.0759,0.965,0.096,2,0.599,3,1.0,1246.3475,1252.2875,0.703,0.193,0.0,2,0.15,0,0.599,1.237,2.84,0.436,0.436,1,1265.6525,8,0.717,0.0,0.331,0.29,0.053,0.317,0.955,1482.5226,1231.86388,1237.91075,33.8111,-2.4722,1,1487.7565,0.574,1323.1595,0.315,1236.5295,0.385,-1,0.241,1,0,12428,0.68,0.585,0.383,2627.0,2519.1,2.257,1163.9,0.0,1,0,0.535,2893.86,1,0,0.72,2893.86,-1,140.845,0.202,0.798,7.2,1.0,0.0,0.14,0.0,0.5,0.0,0.711,0.634,0.5,0.505,0.0,0.469,0.0,0,0,0.42,0.32,0.029,1.0,0.1,0.709,0.327,0.0,0.466,0.436,0.0,1.0,0.846
0,2023.07.17 00:48:00,XPDUSDm,PULLBACK,SELL,1,1254.62,1265.33,1219.7,3.26,0.646,1265.6525,1270.85,1254.515,1,0.689,0.178,-0.9479,1272.90425,1273.093,1290.724,1255.462,0,0.016,0.55,2,1265.6525,0.586,0.044,0,0.0,0.0,1246.33575,1287.5905,2.701,0,0,0,1.0,-0.965,-0.0759,0.965,0.096,2,0.599,3,1.0,1246.3475,1252.2875,0.711,0.2,0.0,2,0.15,0,0.599,1.234,2.833,0.436,0.436,1,1265.6525,8,0.717,0.0,0.331,0.29,0.053,0.317,0.955,1482.5226,1231.86388,1237.91075,33.8111,-2.4722,1,1487.7565,0.574,1323.1595,0.315,1236.5295,0.385,-1,0.241,1,0,12428,0.68,0.585,0.383,2806.0,2911.9,2.4108,1163.9,0.0,1,0,0.535,2893.86,1,0,0.72,2893.86,-1,140.837,0.202,0.798,7.2,1.0,0.0,0.69,0.0,0.5,0.0,1.0,0.581,0.5,0.584,0.0,0.619,0.0,0,0,0.471,0.32,0.522,1.0,0.1,0.709,0.328,0.0,0.466,0.436,0.0,1.0,0.846
0,2023.07.17 01:00:40,XPDUSDm,BREAKOUT_RETEST,SELL,1,1253.24,1256.7,1243.72,2.75,0.608,1264.941,1266.87,1251.438,1,0.011,0.435,-1.014,1272.90425,1273.093,1290.724,1255.462,0,0.017,0.6,2,1264.941,0.661,0.429,0,0.0,0.0,0.0,1287.5905,2.955,0,0,-1,1.0,-1.0,-0.0885,1.0,0.53,2,0.501,3,0.706,1253.367,1259.154,0.011,0.512,0.0,2,0.0,0,0.501,1.103,2.977,0.371,0.393,1,1264.941,8,0.732,0.978,0.141,0.3,0.0,0.41,0.983,1482.5226,1231.86388,1237.91075,33.8111,-2.4722,1,1487.7565,0.574,1323.1595,0.315,1236.5295,0.385,-1,0.241,1,0,12429,0.68,0.585,0.383,2661.0,2808.5,2.3059,1154.0,0.0,1,0,0.535,2893.86,1,0,0.72,2893.86,-1,142.168,0.202,0.798,7.2,1.0,0.0,0.95,0.0,0.5,0.0,1.0,0.626,0.5,0.569,0.0,0.74,0.0,0,0,0.543,0.655,0.0,1.0,0.071,0.305,0.35,0.0,0.47,0.436,0.0,1.0,0.998
0,2023.07.17 02:27:40,XPDUSDm,TREND_CONTINUATION,SELL,1,1260.44,1274.5,1246.19,1.01,0.484,1258.16,1261.31,1246.19,1,0.054,0.269,0.1946,1272.90425,1273.093,1286.806,1251.544,1,0.011,0.6,0,1258.16,0.721,0.133,0,0.0,0.0,0.0,1287.5905,2.458,0,0,0,0.8,-0.825,-0.098,0.825,0.401,2,0.582,0,0.603,1258.16,1262.57,0.195,0.182,0.0,2,0.4,0,0.582,0.903,2.317,0.39,0.391,1,1246.19,5,0.6,0.611,0.34,0.247,0.261,1.0,0.81,1482.5226,1231.86388,1237.91075,33.8111,-2.4722,1,1487.7565,0.574,1323.1595,0.315,1236.5295,0.385,-1,0.241,1,0,12430,0.687,0.586,0.385,1508.0,1561.5,1.2868,1171.9,0.0,1,0,0.535,2893.86,1,0,0.72,2893.86,-1,139.387,0.202,0.798,7.2,1.0,0.0,0.99,0.0,0.5,0.0,1.0,0.667,0.5,0.578,0.0,0.508,0.0,0,0,0.476,0.616,0.0,1.0,0.071,0.249,0.53,0.0,0.458,0.436,0.0,1.0,0.888
0,2023.07.17 02:45:00,XPDUSDm,MEAN_REVERSION,SELL,1,1260.44,1269.81,1246.19,1.52,0.576,1258.16,1261.31,1246.19,1,0.054,0.269,0.1946,1272.90425,1273.093,1286.806,1251.544,1,0.011,0.6,0,1258.16,0.721,0.133,0,0.0,0.0,0.0,1287.5905,2.458,0,0,0,0.8,-0.825,-0.098,0.825,0.401,2,0.582,0,0.603,1258.16,1262.57,0.195,0.182,0.0,2,0.4,0,0.582,0.903,2.317,0.39,0.391,1,1246.19,5,0.6,0.611,0.34,0.247,0.261,1.0,0.81,1482.5226,1231.86388,1237.91075,33.8111,-2.4722,1,1487.7565,0.574,1323.1595,0.315,1236.5295,0.385,-1,0.241,1,0,12430,0.687,0.586,0.385,1450.0,1483.6,1.2374,1171.9,0.0,1,0,0.535,2893.86,1,0,0.72,2893.86,-1,139.387,0.202,0.798,7.2,1.0,0.0,0.99,0.0,0.5,0.0,0.814,0.628,0.5,0.596,0.0,0.509,0.0,0,0,0.459,0.616,0.0,1.0,0.071,0.251,0.53,0.0,0.458,0.436,0.0,1.0,0.888
0,2023.07.17 03:01:00,XPDUSDm,BREAKOUT_RETEST,SELL,1,1260.02,1263.48,1252.39,2.2,0.484,1260.04775,1261.58,1252.3865,1,0.002,0.971,-0.0024,1272.90425,1273.093,1286.806,1251.544,1,0.011,0.45,2,1260.04775,0.621,0.246,0,0.0,0.0,0.0,1287.5905,2.388,0,0,0,0.8,-0.825,-0.1035,0.825,1.0,2,0.504,3,0.58,1259.02625,1249.322,0.086,0.927,-0.5134,1,0.55,0,0.504,0.716,2.388,0.3,0.299,0,1252.3865,5,0.6,0.828,0.52,0.247,0.193,0.799,0.925,1482.5226,1231.86388,1237.91075,33.8111,-2.4722,1,1487.7565,0.574,1323.1595,0.315,1236.5295,0.385,-1,0.241,1,0,12431,0.687,0.586,0.385,1439.0,1441.0,1.2465,1154.4,0.0,1,0,0.535,2893.86,1,0,0.72,2893.86,-1,141.528,0.202,0.798,7.2,1.0,0.0,0.63,0.0,0.5,0.0,0.797,0.404,0.5,0.579,0.0,0.577,0.0,0,0,0.462,0.8,0.0,1.0,0.093,0.149,0.525,0.0,0.464,0.436,0.0,1.0,0.911
0,2023.07.17 03:12:40,XPDUSDm,BREAKOUT,SELL,1,1256.16,1261.2,1248.81,1.46,0.336,1260.04775,1261.58,1252.3865,1,0.002,0.971,-0.3368,1272.90425,1273.093,1286.806,1251.544,1,0.015,0.45,2,1260.04775,0.621,0.246,0,0.0,0.0,0.0,1287.5905,2.388,0,0,0,0.8,-0.825,-0.1035,0.825,0.279,2,0.602,3,0.58,1253.91875,1249.322,0.194,0.592,0.0,2,0.25,0,0.602,1.111,2.723,0.408,0.384,1,1260.04775,8,0.724,0.612,0.316,0.247,0.088,0.552,0.925,1482.5226,1231.86388,1237.91075,33.8111,-2.4722,1,1487.7565,0.574,1323.1595,0.315,1236.5295,0.385,-1,0.241,1,0,12431,0.687,0.586,0.385,1446.0,1452.4,1.2526,1154.4,0.0,1,0,0.535,2893.86,1,0,0.72,2893.86,-1,141.862,0.202,0.798,7.2,1.0,0.0,0.59,0.0,0.5,0.0,0.543,0.242,0.5,0.529,0.0,0.409,0.0,0,0,0.477,0.757,0.0,1.0,0.067,0.254,0.478,0.0,0.459,0.436,0.0,1.0,0.927
0,2023.07.17 03:12:59,XPDUSDm,PULLBACK,SELL,1,1256.2,1261.2,1248.81,1.48,0.56,1260.04775,1261.58,1252.3865,1,0.002,0.971,-0.3333,1272.90425,1273.093,1286.806,1251.544,1,0.015,0.45,2,1260.04775,0.621,0.246,0,0.0,0.0,0.0,1287.5905,2.388,0,0,0,0.8,-0.825,-0.1035,0.825,0.279,2,0.602,3,0.58,1253.91875,1249.322,0.198,0.596,0.0,2,0.25,0,0.602,1.11,2.719,0.408,0.384,1,1260.04775,8,0.724,0.605,0.316,0.247,0.088,0.552,0.925,1482.5226,1231.86388,1237.91075,33.8111,-2.4722,1,1487.7565,0.574,1323.1595,0.315,1236.5295,0.385,-1,0.241,1,0,12431,0.687,0.586,0.385,1446.0,1452.3,1.2526,1154.4,0.0,1,0,0.535,2893.86,1,0,0.72,2893.86,-1,141.859,0.202,0.798,7.2,1.0,0.0,0.59,0.0,0.5,0.0,0.543,0.237,0.5,0.529,0.0,0.409,0.0,0,0,0.48,0.757,0.0,1.0,0.067,0.254,0.479,0.0,0.459,0.436,0.0,1.0,0.927
0,2023.07.17 04:00:00,XPDUSDm,ANCHORED_PULLBACK,SELL,1,1249.88,1257.25,1227.5,3.04,0.38,1260.6395,1260.953,1254.056,0,0.569,0.009,-0.9613,1272.90425,1273.77225,1287.1195,1252.798,0,0.021,0.55,2,1258.7585,0.756,0.517,0,0.0,0.0,1253.89,1287.5905,3.369,0,0,-1,1.0,-0.825,-0.1259,0.825,0.216,2,0.525,0,0.408,1256.2505,1250.294,0.569,0.037,-0.2052,1,0.4,0,0.525,1.407,3.369,0.418,0.387,1,1258.7585,8,0.751,0.0,0.695,0.247,0.222,0.804,0.768,1482.5226,1231.86388,1237.91075,34.0614,0.2503,2,1487.7565,0.575,1323.1595,0.315,1236.5295,0.394,-1,0.257,1,0,12432,0.687,0.586,0.385,2532.0,2357.5,2.2623,1119.2,0.0,1,0,0.535,2893.86,1,0,0.72,2893.86,-1,146.887,0.165,0.835,7.2,0.0,0.0,0.24,0.0,0.5,0.0,0.979,0.541,0.5,0.52,0.0,0.324,0.0,0,0,0.31,0.323,0.0,0.716,0.1,0.147,0.26,0.0,0.481,0.436,0.0,1.0,0.87
0,2023.07.17 04:28:00,XPDUSDm,TREND_CONTINUATION,SELL,1,1254.82,1268.25,1226.84,2.08,0.546,1260.6395,1260.953,1254.056,1,0.569,0.009,-0.52,1272.90425,1273.77225,1287.1195,1252.798,1,0.017,0.55,2,1258.7585,0.756,0.517,0,0.0,0.0,1253.89,1287.5905,3.369,0,0,-1,1.0,-0.825,-0.1259,0.825,0.416,2,0.556,0,0.408,1256.2505,1250.294,0.128,0.404,0.0,2,0.4,0,0.556,1.135,2.928,0.388,0.363,1,1258.7585,8,0.751,0.744,0.335,0.247,0.222,0.804,0.768,1482.5226,1231.86388,1237.91075,34.0614,0.2503,2,1487.7565,0.575,1323.1595,0.315,1236.5295,0.394,-1,0.257,1,0,12432,0.687,0.586,0.385,2075.0,2218.2,1.854,1119.2,0.0,1,0,0.535,2893.86,1,0,0.72,2893.86,-1,146.446,0.165,0.835,7.2,0.0,0.0,0.72,0.0,0.5,0.0,0.793,0.74,0.5,0.609,0.0,0.382,0.0,0,0,0.479,0.678,0.0,1.0,0.1,0.234,0.565,0.0,0.477,0.436,0.0,1.0,0.785
0,2023.07.17 05:01:20,XPDUSDm,BREAKOUT_RETEST,SELL,1,1260.57,1263.77,1254.68,1.84,0.532,1258.7585,1260.953,1254.683,1,0.018,0.1,0.1699,1269.05525,1273.77225,1287.1195,1252.798,1,0.012,0.5,0,1258.7585,0.8,0.568,0,0.0,0.0,1258.86325,1287.5905,2.57,0,0,0,0.8,-1.0,-0.111,1.0,0.881,0,0.676,3,0.531,1260.326,1261.2665,0.023,0.065,0.0,2,0.15,0,0.676,0.806,2.535,0.318,0.407,1,1254.683,5,0.6,0.954,0.096,0.3,0.053,0.8,0.766,1482.5226,1231.86388,1237.91075,34.0614,0.2503,2,1487.7565,0.575,1323.1595,0.315,1236.5295,0.394,-1,0.257,1,0,12433,0.687,0.586,0.385,1823.0,1861.2,1.7102,1065.9,0.0,1,0,0.535,2893.86,1,0,0.72,2893.86,-1,153.227,0.165,0.835,7.2,0.0,0.0,0.97,0.0,0.5,0.0,0.805,0.754,0.5,0.552,0.0,0.517,0.0,0,0,0.524,0.8,0.0,0.99,0.1,0.238,0.539,0.0,0.486,0.436,0.0,1.0,0.935
0,2023.07.17 05:04:40,XPDUSDm,MEAN_REVERSION,SELL,1,1261.77,1270.3,1254.68,0.83,0.61,1258.7585,1260.953,1254.683,0,0.018,0.1,0.2825,1269.05525,1273.77225,1287.1195,1252.798,1,0.011,0.5,0,1258.7585,0.8,0.568,0,0.0,0.0,1258.86325,1287.5905,2.57,0,0,0,0.8,-1.0,-0.111,1.0,0.209,0,0.676,3,0.531,1260.326,1261.2665,0.135,0.047,0.0,2,0.15,0,0.676,1.014,2.422,0.419,0.431,1,1254.683,5,0.6,0.729,0.297,0.3,0.053,0.8,0.766,1482.5226,1231.86388,1237.91075,34.0614,0.2503,2,1487.7565,0.575,1323.1595,0.315,1236.5295,0.394,-1,0.257,1,0,12433,0.687,0.586,0.385,1809.0,1849.7,1.6971,1065.9,0.0,1,0,0.535,2893.86,1,0,0.72,2893.86,-1,153.114,0.165,0.835,7.2,0.0,0.0,0.99,0.0,0.5,0.0,1.0,0.78,0.5,0.552,0.0,0.476,0.0,0,0,0.524,0.748,0.0,1.0,0.1,0.268,0.557,0.0,0.478,0.436,0.0,1.0,0.927
0,2023.07.17 06:00:00,XPDUSDm,BREAKOUT,SELL,1,1259.46,1273.94,1235.33,1.67,0.436,1260.359,1262.76,1255.9,1,0.022,0.475,-0.0931,1261.35725,1274.9195,1284.012,1251.279,1,0.016,0.5,2,1261.731,0.779,0.25,0,0.0,0.0,0.0,1287.5905,2.914,0,0,0,0.8,-0.825,-0.0541,0.825,0.509,2,0.601,2,0.195,1260.702,1256.929,0.129,0.262,0.0611,0,0.55,2,0.657,1.526,2.914,0.524,0.383,1,1262.76,4,0.6,0.743,0.367,0.947,0.193,0.792,0.842,1482.5226,1231.86388,1237.91075,34.0614,0.2503,2,1487.7565,0.575,1323.1595,0.315,1236.5295,0.394,-1,0.257,1,0,12434,0.687,0.586,0.385,1736.0,1642.5,1.7986,965.2,0.0,1,0,0.535,2893.86,1,0,0.72,2893.86,0,169.33,0.165,0.835,7.2,0.0,0.5,0.18,0.0,0.5,0.0,0.424,0.725,0.5,0.765,0.0,0.556,0.0,0,0,0.587,0.775,0.0,1.0,0.071,0.62,0.501,0.0,0.431,0.436,0.0,1.0,0.892
0,2023.07.17 06:16:59,XPDUSDm,PULLBACK,SELL,1,1256.06,1260.64,1251.28,1.04,0.568,1260.359,1262.76,1255.9,1,0.022,0.475,-0.4454,1261.35725,1274.9195,1284.012,1251.279,1,0.02,0.5,2,1261.731,0.779,0.25,0,0.0,0.0,0.0,1287.5905,2.914,0,0,0,0.8,-0.825,-0.0541,0.825,0.321,0,0.701,2,0.195,1260.702,1256.929,0.481,0.09,0.0,2,0.25,0,0.701,1.313,3.267,0.402,0.414,1,1260.359,1,0.7,0.038,0.304,0.247,0.088,0.792,0.842,1482.5226,1231.86388,1237.91075,34.0614,0.2503,2,1487.7565,0.575,1323.1595,0.315,1236.5295,0.394,-1,0.257,1,0,12434,0.687,0.586,0.385,1715.0,1743.4,1.7768,965.2,0.0,1,0,0.535,2893.86,1,0,0.72,2893.86,0,169.683,0.165,0.835,7.2,0.0,0.5,0.61,0.0,0.5,0.0,0.32,0.365,0.5,0.543,0.0,0.415,0.0,0,0,0.41,0.71,0.0,1.0,0.071,0.262,0.41,0.0,0.491,0.436,0.0,1.0,0.925
0,2023.07.17 06:28:00,XPDUSDm,TREND_CONTINUATION,SELL,1,1255.17,1266.75,1231.04,2.08,0.495,1260.359,1262.76,1255.9,0,0.022,0.475,-0.5376,1261.35725,1274.9195,1284.012,1251.279,1,0.02,0.5,2,1261.731,0.779,0.25,0,0.0,0.0,0.0,1287.5905,2.914,0,0,0,0.8,-0.825,-0.0541,0.825,0.153,0,0.701,2,0.195,1260.702,1254.871,0.573,0.031,0.0,2,0.25,0,0.701,1.434,3.359,0.427,0.428,1,1260.359,1,0.7,0.0,0.354,0.247,0.088,0.792,0.842,1482.5226,1231.86388,1237.91075,34.0614,0.2503,2,1487.7565,0.575,1323.1595,0.315,1236.5295,0.394,-1,0.257,1,0,12434,0.687,0.586,0.385,1895.0,1780.5,1.9633,965.2,0.0,1,0,0.535,2893.86,1,0,0.72,2893.86,0,169.775,0.165,0.835,7.2,0.0,0.5,0.06,0.0,0.5,0.0,0.351,0.47,0.5,0.521,0.0,0.416,0.0,0,0,0.341,0.661,0.0,1.0,0.071,0.284,0.386,0.0,0.498,0.436,0.0,1.0,1.004
0,2023.07.17 08:01:40,XPDUSDm,BREAKOUT,SELL,2,1255.19,1268.56,1232.91,1.67,0.354,1261.76025,1262.76,1255.4285,0,0.012,0.311,-0.7372,1259.43275,1275.0325,1282.875,1251.505,1,0.022,0.55,2,1261.76025,0.8,0.365,0,0.0,0.0,0.0,1287.5905,3.559,0,0,0,0.5,0.545,0.0546,0.545,0.922,2,0.641,0,0.482,1255.4285,1254.42875,0.027,0.085,0.0,2,0.25,0,0.641,1.133,3.636,0.312,0.416,1,1261.76025,8,0.76,0.946,0.123,0.164,0.184,0.812,0.651,1494.03276,1231.86388,1237.91075,34.5493,0.4879,2,1487.7565,0.556,1323.1595,0.318,1236.5295,0.408,-1,0.275,1,0,12436,0.687,0.586,0.385,1971.0,1840.3,2.2116,891.2,0.0,1,0,0.535,2893.86,1,0,0.72,2893.86,0,183.869,0.171,0.829,7.4,0.0,0.5,0.0,0.0,0.5,0.0,0.722,0.398,0.5,0.544,0.0,0.271,0.0,0,0,0.333,0.791,0.0,1.0,0.071,0.324,0.428,0.0,0.531,0.436,0.0,1.0,0.769
0,2023.07.17 11:00:30,XPDUSDm,ANCHORED_PULLBACK,SELL,2,1253.24,1257.58,1234.19,4.39,0.321,1257.81175,1258.9975,1253.464,0,0.231,0.433,-0.4799,1259.43275,1273.39575,1280.797,1251.192,1,0.021,0.35,0,1257.81175,0.788,0.965,0,0.0,0.0,1258.00275,1287.5905,3.606,0,0,0,0.675,-0.685,-0.0703,0.685,0.518,2,0.522,0,0.555,1256.626,1248.32575,0.355,0.516,0.0,2,0.0,0,0.522,1.342,3.606,0.372,0.457,1,1257.81175,8,0.758,0.289,0.144,0.206,0.111,0.801,0.943,1494.03276,1231.86388,1237.91075,34.5493,0.4879,2,1487.7565,0.556,1323.1595,0.318,1236.5295,0.408,-1,0.275,1,0,12439,0.687,0.586,0.385,2633.0,2533.4,2.7641,952.6,0.0,1,0,0.535,2893.86,1,0,0.72,2893.86,0,172.231,0.171,0.829,7.4,0.0,0.5,0.0,0.0,0.5,0.0,0.851,0.286,0.5,0.545,0.0,0.316,0.0,0,0,0.418,0.81,0.0,1.0,0.071,0.249,0.387,0.0,0.504,0.436,0.0,1.0,1.004
0,2023.07.17 11:11:40,XPDUSDm,BREAKOUT_RETEST,SELL,2,1254.9,1257.76,1250.7,1.47,0.476,1257.81175,1258.9975,1253.464,1,0.231,0.433,-0.3057,1259.43275,1273.39575,1280.797,1251.192,1,0.019,0.35,0,1257.81175,0.788,0.965,0,0.0,0.0,1258.00275,1287.5905,3.606,0,0,0,0.675,-0.685,-0.0703,0.685,0.599,0,0.672,0,0.555,1256.626,1260.18325,0.181,0.555,0.0,2,0.0,0,0.672,1.236,3.432,0.36,0.482,1,1257.81175,8,0.758,0.638,0.12,0.206,0.111,0.801,0.912,1494.03276,1231.86388,1237.91075,34.5493,0.4879,2,1487.7565,0.556,1323.1595,0.318,1236.5295,0.408,-1,0.275,1,0,12439,0.687,0.586,0.385,2462.0,2555.4,2.5846,952.6,0.0,1,0,0.535,2893.86,1,0,0.72,2893.86,0,172.056,0.171,0.829,7.4,0.0,0.5,0.99,0.0,0.5,0.0,1.0,0.825,0.5,0.632,0.0,0.286,0.0,0,0,0.499,0.811,0.0,1.0,0.071,0.243,0.426,0.0,0.504,0.436,0.0,1.0,0.925
0,2023.07.17 12:41:40,XPDUSDm,MEAN_REVERSION,SELL,2,1258.94,1266.74,1252.67,0.8,0.661,1257.81175,1258.9975,1252.6735,1,0.397,0.09,0.1157,1259.371,1274.16075,1278.4665,1249.7615,1,0.016,0.4,0,1256.23075,0.774,0.423,0,0.0,0.0,1258.66125,1287.5905,2.657,0,0,0,0.75,-0.545,-0.0639,0.545,0.582,0,0.681,0,0.809,1257.81175,1260.5785,0.116,0.168,0.0,2,0.4,0,0.681,1.066,2.938,0.363,0.461,1,1252.6735,5,0.6,0.769,0.286,0.164,0.302,1.0,0.904,1494.03276,1231.86388,1237.91075,34.4411,-0.1082,1,1487.7565,0.548,1323.1595,0.32,1236.5295,0.419,-1,0.191,1,0,12440,0.688,0.584,0.385,2413.0,2195.8,2.4747,975.1,0.0,1,0,0.535,2893.86,1,0,0.72,2893.86,-1,167.672,0.173,0.827,7.4,1.0,0.0,0.1,0.0,0.5,0.0,0.411,0.611,0.5,0.823,0.0,0.944,0.0,0,0,0.691,0.757,0.138,1.0,0.071,0.226,0.54,0.0,0.485,0.436,0.0,1.0,0.886
0,2023.07.17 12:49:40,XPDUSDm,BREAKOUT,SELL,2,1253.62,1268.25,1229.24,1.67,0.339,1257.81175,1258.9975,1252.6735,1,0.397,0.09,-0.4299,1259.371,1274.16075,1278.4665,1249.7615,1,0.021,0.4,0,1256.23075,0.774,0.423,0,0.0,0.0,1258.66125,1287.5905,2.657,0,0,0,0.75,-0.545,-0.0639,0.545,0.705,0,0.681,0,0.809,1253.464,1248.32575,0.016,0.543,0.0,2,0.4,0,0.681,1.2,3.484,0.344,0.457,1,1257.81175,1,0.7,0.968,0.249,0.164,0.302,0.844,0.942,1494.03276,1231.86388,1237.91075,34.4411,-0.1082,1,1487.7565,0.548,1323.1595,0.32,1236.5295,0.419,-1,0.191,1,0,12440,0.688,0.584,0.385,2280.0,2297.6,2.3383,975.1,0.0,1,0,0.535,2893.86,1,0,0.72,2893.86,-1,168.217,0.173,0.827,7.4,1.0,0.0,0.48,0.0,0.5,0.539,0.304,0.714,0.5,0.581,0.0,0.855,0.0,0,0,0.644,0.685,0.138,1.0,0.071,0.226,0.471,0.0,0.527,0.436,0.0,1.0,0.894
0,2023.07.17 12:49:59,XPDUSDm,TREND_CONTINUATION,SELL,2,1255.11,1266.81,1230.73,2.08,0.459,1257.81175,1258.9975,1252.6735,1,0.397,0.09,-0.2771,1259.371,1274.16075,1278.4665,1249.7615,1,0.02,0.4,0,1256.23075,0.774,0.423,0,0.0,0.0,1258.66125,1287.5905,2.657,0,0,0,0.75,-0.545,-0.0639,0.545,0.627,0,0.681,0,0.809,1256.23075,1260.5785,0.115,0.561,0.0,2,0.4,0,0.681,1.186,3.331,0.356,0.464,1,1258.9975,4,0.6,0.77,0.272,0.164,0.302,0.915,0.904,1494.03276,1231.86388,1237.91075,34.4411,-0.1082,1,1487.7565,0.548,1323.1595,0.32,1236.5295,0.419,-1,0.191,1,0,12440,0.688,0.584,0.385,2280.0,2299.8,2.3383,975.1,0.0,1,0,0.535,2893.86,1,0,0.72,2893.86,-1,168.065,0.173,0.827,7.4,1.0,0.0,0.49,0.0,0.5,0.76,0.411,0.704,0.5,0.581,0.0,0.887,0.0,0,0,0.651,0.766,0.117,1.0,0.071,0.226,0.455,0.0,0.506,0.436,0.0,1.0,0.847
0,2023.07.17 13:00:40,XPDUSDm,ANCHORED_PULLBACK,SELL,4,1258.45,1261.93,1254.53,1.13,0.5,1258.2235,1262.739,1254.529,1,0.026,0.637,0.0262,1259.7125,1274.16075,1278.4665,1249.7615,1,0.018,0.5,0,1259.0445,0.698,0.348,0,0.0,0.0,1259.3355,1287.5905,3.459,0,0,0,0.516,-0.5456,-0.0457,0.546,1.0,0,0.787,0,0.37,1258.2235,1263.1495,0.026,0.543,0.0,2,0.25,0,0.787,1.009,3.365,0.3,0.435,1,1254.529,5,0.6,0.948,0.1,0.164,0.161,0.896,0.942,1494.03276,1231.86388,1237.91075,34.4411,-0.1082,1,1487.7565,0.548,1323.1595,0.32,1236.5295,0.419,-1,0.191,1,0,12441,0.688,0.584,0.385,2582.0,2486.4,2.9813,866.1,0.0,1,0,0.535,2893.86,1,0,0.72,2893.86,-1,188.831,0.173,0.827,7.4,1.0,0.0,0.31,0.0,0.5,0.0,0.309,0.694,0.5,0.497,0.0,0.922,0.0,0,0,0.635,0.8,0.0,1.0,0.067,0.459,0.455,0.0,0.52,0.436,0.0,1.0,0.836
0,2023.07.17 13:04:00,XPDUSDm,PULLBACK,SELL,4,1259.74,1263.61,1249.76,2.58,0.467,1258.2235,1262.739,1254.529,1,0.026,0.637,0.1751,1259.7125,1274.16075,1278.4665,1249.7615,1,0.017,0.5,0,1259.0445,0.698,0.348,0,0.0,0.0,1259.3355,1287.5905,3.459,0,0,0,0.516,-0.5456,-0.0457,0.546,0.629,0,0.787,0,0.37,1258.2235,1263.1495,0.175,0.394,0.0,2,0.25,0,0.787,1.143,3.216,0.356,0.451,1,1262.739,4,0.6,0.65,0.211,0.164,0.161,0.896,0.942,1494.03276,1231.86388,1237.91075,34.4411,-0.1082,1,1487.7565,0.548,1323.1595,0.32,1236.5295,0.419,-1,0.191,1,0,12441,0.688,0.584,0.385,2766.0,2533.4,3.1937,866.1,0.0,1,0,0.535,2893.86,1,0,0.72,2893.86,-1,188.682,0.173,0.827,7.4,1.0,0.0,0.0,0.0,0.5,0.0,0.316,0.643,0.5,0.497,0.0,0.825,0.0,0,0,0.565,0.8,0.0,1.0,0.067,0.419,0.541,0.0,0.497,0.436,0.0,1.0,0.866
0,2023.07.17 13:08:40,XPDUSDm,SWEEP_REVERSAL,SELL,4,1266.16,1274.82,1259.04,0.82,0.227,1258.2235,1262.739,1254.529,0,0.026,0.637,0.9164,1259.7125,1274.16075,1278.4665,1249.7615,1,0.009,0.5,0,1259.0445,0.698,0.348,0,0.0,0.0,1259.3355,1287.5905,3.459,0,0,0,0.516,-0.5456,-0.0457,0.546,0.054,0,0.787,0,0.37,1258.2235,1263.1495,0.916,0.348,0.0,2,0.25,0,0.787,1.093,2.474,0.442,0.445,1,1259.0445,8,0.74,0.0,0.384,0.164,0.161,0.896,0.942,1494.03276,1231.86388,1237.91075,34.4411,-0.1082,1,1487.7565,0.548,1323.1595,0.32,1236.5295,0.419,-1,0.191,1,0,12441,0.688,0.584,0.385,2864.0,2655.0,3.3069,866.1,0.0,1,0,0.535,2893.86,1,0,0.72,2893.86,-1,187.941,0.173,0.827,7.4,1.0,0.0,0.16,0.0,0.5,0.0,0.288,0.65,0.5,0.49,0.0,0.708,0.0,0,0,0.52,0.651,0.0,1.0,0.048,0.419,0.703,0.0,0.511,0.462,0.0,1.0,0.937
0,2023.07.17 13:51:40,XPDUSDm,BREAKOUT_RETEST,SELL,4,1262.04,1264.64,1259.04,1.15,0.389,1258.2235,1262.739,1254.529,1,0.026,0.637,0.4407,1259.7125,1274.16075,1278.4665,1249.7615,1,0.014,0.5,0,1259.0445,0.698,0.348,0,0.0,0.0,1259.3355,1287.5905,3.459,0,0,0,0.516,-0.5456,-0.0457,0.546,0.493,0,0.787,0,0.37,1258.2235,1263.1495,0.441,0.128,0.0,2,0.25,0,0.787,1.109,2.95,0.376,0.447,1,1259.0445,8,0.74,0.119,0.252,0.164,0.161,0.896,0.942,1494.03276,1231.86388,1237.91075,34.4411,-0.1082,1,1487.7565,0.548,1323.1595,0.32,1236.5295,0.419,-1,0.191,1,0,12441,0.688,0.584,0.385,2732.0,2926.8,3.1545,866.1,0.0,1,0,0.535,2893.86,1,0,0.72,2893.86,-1,188.416,0.173,0.827,7.4,1.0,0.0,0.95,0.0,0.5,0.95,0.345,0.362,0.5,0.48,0.0,0.682,0.0,0,0,0.5,0.8,0.0,1.0,0.062,0.41,0.572,0.0,0.509,0.462,0.0,1.0,0.892
0,2023.07.17 14:42:00,XPDUSDm,MEAN_REVERSION,SELL,4,1278.01,1285.35,1257.89,2.74,0.775,1257.8895,1263.42,1252.359,0,0.562,0.16,2.1938,1259.294,1274.16075,1278.4665,1249.7615,1,0.004,0.45,0,1257.8895,0.619,0.367,0,0.0,0.0,1273.21625,1287.5905,2.275,0,0,0,0.131,0.0,-0.0046,0.147,0.058,0,0.899,1,0.116,1259.733,1274.481,1.993,0.385,0.0,2,0.4,0,0.899,0.968,2.194,0.441,0.384,1,1287.5905,6,0.65,0.0,0.442,0.0,0.14,0.737,0.936,1494.03276,1231.86388,1237.91075,34.4411,-0.1082,1,1487.7565,0.548,1323.1595,0.32,1236.5295,0.419,-1,0.191,1,0,12442,0.688,0.584,0.385,2263.0,2216.3,2.4674,917.1,0.0,1,0,0.535,2893.86,1,0,0.72,2893.86,-1,176.183,0.173,0.827,7.4,1.0,0.0,0.57,0.0,0.5,0.0,0.746,0.817,0.5,0.486,0.0,0.438,0.0,0,0,0.511,0.549,0.0,0.992,0.071,0.644,0.886,0.0,0.491,0.447,0.0,1.0,0.734
0,2023.07.17 14:49:40,XPDUSDm,BREAKOUT,SELL,4,1279.96,1293.72,1265.26,1.07,0.238,1257.8895,1263.42,1252.359,0,0.562,0.16,2.4064,1259.294,1274.16075,1278.4665,1249.7615,0,0.006,0.45,0,1257.8895,0.619,0.367,0,0.0,0.0,1273.21625,1287.5905,2.275,0,0,0,0.131,0.0,-0.0046,0.147,0.058,0,0.899,1,0.116,1259.733,1274.481,2.205,0.597,0.0,2,0.4,0,0.899,1.062,2.406,0.441,0.395,1,1287.5905,6,0.65,0.0,0.442,0.0,0.14,0.737,0.936,1494.03276,1231.86388,1237.91075,34.4411,-0.1082,1,1487.7565,0.548,1323.1595,0.32,1236.5295,0.419,-1,0.191,1,0,12442,0.688,0.584,0.385,2148.0,2192.2,2.3421,917.1,0.0,1,0,0.535,2893.86,1,0,0.72,2893.86,-1,175.97,0.173,0.827,7.4,1.0,0.0,0.69,0.0,0.5,0.0,0.948,0.89,0.5,0.524,0.0,0.458,0.0,0,0,0.574,0.455,0.0,1.0,0.071,0.635,0.899,0.0,0.475,0.447,0.0,1.0,0.678
0,2023.07.17 14:49:59,XPDUSDm,TREND_CONTINUATION,SELL,4,1279.93,1290.94,1265.26,1.33,0.164,1257.8895,1263.42,1252.359,0,0.562,0.16,2.4032,1259.294,1274.16075,1278.4665,1249.7615,0,0.006,0.45,0,1257.8895,0.619,0.367,0,0.0,0.0,1273.21625,1287.5905,2.275,0,0,0,0.131,0.0,-0.0046,0.147,0.058,0,0.899,1,0.116,1259.733,1274.481,2.202,0.594,0.0,2,0.4,0,0.899,1.06,2.403,0.441,0.395,1,1287.5905,6,0.65,0.0,0.442,0.0,0.14,0.737,0.936,1494.03276,1231.86388,1237.91075,34.4411,-0.1082,1,1487.7565,0.548,1323.1595,0.32,1236.5295,0.419,-1,0.191,1,0,12442,0.688,0.584,0.385,2148.0,2192.6,2.3421,917.1,0.0,1,0,0.535,2893.86,1,0,0.72,2893.86,-1,175.974,0.173,0.827,7.4,1.0,0.0,0.69,0.0,0.5,0.0,0.948,0.891,0.5,0.524,0.0,0.458,0.0,0,0,0.575,0.455,0.0,1.0,0.071,0.635,0.899,0.0,0.475,0.447,0.0,1.0,0.678
0,2023.07.17 15:08:40,XPDUSDm,SWEEP_REVERSAL,SELL,4,1286.58,1296.78,1259.7,2.64,0.171,1258.1195,1273.101,1257.331,0,1.779,0.077,2.7914,1259.42075,1274.16075,1281.337,1252.632,0,0.012,0.5,2,1259.6965,0.649,0.28,0,0.0,0.0,1272.24625,1287.5905,0.338,0,0,1,0.45,0.5348,0.0312,0.535,0.095,2,0.539,0,0.36,1266.0045,1281.7745,2.018,0.471,0.0,2,0.15,0,0.539,1.216,2.791,0.436,0.378,1,1259.6965,8,0.73,0.0,0.331,0.16,0.124,0.633,0.911,1494.03276,1231.86388,1237.91075,34.4411,-0.1082,1,1487.7565,0.548,1323.1595,0.32,1236.5295,0.419,-1,0.191,1,0,12443,0.688,0.584,0.385,2296.0,2270.7,2.2519,1019.6,0.0,1,0,0.535,2893.86,1,0,0.72,2893.86,-1,157.643,0.173,0.827,7.4,1.0,0.0,0.42,0.0,0.5,0.0,1.0,0.866,0.5,0.504,0.0,0.573,0.0,0,0,0.6,0.121,0.0,1.0,0.071,0.986,0.869,0.0,0.478,0.436,0.0,1.0,0.62
0,2023.07.17 15:13:40,XPDUSDm,NAKED_POC,SELL,4,1289.42,1303.18,1259.7,2.16,0.672,1258.1195,1273.101,1257.331,0,1.779,0.077,3.07,1259.42075,1274.16075,1281.337,1252.632,0,0.015,0.5,2,1259.6965,0.649,0.28,0,0.0,0.0,1272.24625,1287.5905,0.338,0,0,1,0.45,0.5348,0.0312,0.535,0.095,2,0.539,0,0.36,1266.0045,1281.7745,2.297,0.75,0.0,2,0.15,0,0.539,1.338,3.07,0.436,0.392,1,1259.6965,8,0.73,0.0,0.331,0.16,0.124,0.633,0.911,1494.03276,1231.86388,1237.91075,34.4411,-0.1082,1,1487.7565,0.548,1323.1595,0.32,1236.5295,0.419,-1,0.191,1,0,12443,0.688,0.584,0.385,2098.0,2271.5,2.0577,1019.6,0.0,1,0,0.535,2893.86,1,0,0.72,2893.86,-1,157.364,0.173,0.827,7.4,1.0,0.0,0.99,0.0,0.5,0.0,1.0,0.822,0.5,0.415,0.0,0.438,0.0,0,0,0.493,0.121,0.0,0.972,0.071,0.54,0.869,0.0,0.487,0.436,0.0,1.0,0.62
0,2023.07.17 16:42:00,XPDUSDm,MEAN_REVERSION,SELL,4,1277.16,1280.49,1266.5,3.21,0.57,1260.55525,1279.3795,1257.583,1,0.77,0.485,1.5015,1258.0825,1274.16075,1281.337,1252.632,1,0.003,0.55,2,1260.55525,0.72,0.267,0,0.0,0.0,1290.7875,0.0,0.0,0,0,0,0.75,0.72,0.1972,0.72,0.284,2,0.51,3,0.496,1266.49975,1282.35175,0.964,0.469,0.0,2,0.0,0,0.51,1.222,3.0,0.407,0.436,1,1266.49975,2,0.55,0.0,0.215,0.216,0.0,0.83,0.812,1494.03276,1237.56675,1237.91075,1.9616,-32.4796,1,1487.7565,0.542,1323.1595,0.323,1236.5295,0.422,-1,0.239,1,0,12444,0.688,0.584,0.385,2508.0,2774.6,2.2679,1105.9,0.0,1,0,0.535,2893.86,1,0,0.72,2893.86,-1,146.194,0.671,0.329,130.5,1.0,0.0,0.99,0.0,0.5,0.0,0.651,0.769,0.5,0.509,0.0,0.343,0.0,0,0,0.451,0.512,0.0,1.0,0.071,0.849,0.602,0.0,0.459,0.436,0.0,1.0,0.706
0,2023.07.17 17:00:40,XPDUSDm,ANCHORED_PULLBACK,SELL,3,1275.87,1277.55,1261.38,8.62,0.511,1277.31675,1280.1285,1261.3835,1,0.024,0.504,-0.1235,1258.0825,1274.16075,1281.337,1252.632,1,0.001,0.5,0,1273.56775,0.748,0.773,0,0.0,0.0,1276.715,0.0,0.0,0,0,0,0.55,0.58,0.2609,0.58,0.679,2,0.576,0,0.654,1276.3795,1283.8775,0.043,0.683,0.0,2,0.25,0,0.576,1.045,3.0,0.348,0.414,1,1280.1285,4,0.6,0.913,0.196,0.174,0.218,0.83,0.895,1494.03276,1237.56675,1237.91075,1.9616,-32.4796,1,1487.7565,0.542,1323.1595,0.323,1236.5295,0.422,-1,0.239,1,0,12445,0.688,0.584,0.385,2259.0,2374.3,1.9281,1171.6,0.0,1,0,0.535,2893.86,1,0,0.72,2893.86,-1,138.096,0.671,0.329,130.5,1.0,0.0,0.95,0.0,0.5,0.0,0.745,0.559,0.5,0.677,0.0,0.528,0.0,0,0,0.45,0.8,0.0,1.0,0.067,0.805,0.46,0.0,0.502,0.436,0.0,1.0,0.695
0,2023.07.17 19:04:59,XPDUSDm,MEAN_REVERSION,SELL,3,1278.25,1281.82,1270.72,2.11,0.616,1277.60625,1280.735,1270.723,1,0.021,0.442,0.0596,1258.0825,1274.16075,1281.337,1252.632,1,0.004,0.4,0,1277.60625,0.679,0.693,0,0.0,0.0,0.0,0.0,0.0,0,0,0,0.65,0.825,0.3196,0.825,0.724,0,0.664,1,0.214,1276.9805,1283.86375,0.117,0.519,0.0,2,0.0,0,0.664,1.024,3.0,0.341,0.414,1,1270.723,5,0.6,0.765,0.083,0.247,0.0,0.813,0.928,1494.03276,1237.56675,1237.91075,1.9616,-32.4796,1,1487.7565,0.542,1323.1595,0.323,1236.5295,0.422,-1,0.239,1,0,12447,0.688,0.584,0.385,2364.0,2451.5,2.187,1080.9,0.0,1,0,0.535,2893.86,1,0,0.72,2893.86,0,149.465,0.671,0.329,130.5,1.0,0.5,0.99,0.0,0.5,0.0,0.814,0.833,0.5,0.582,0.0,0.344,0.0,0,0,0.512,0.814,0.0,0.99,0.071,0.234,0.54,0.0,0.477,0.436,0.0,1.0,0.698
0,2023.07.17 23:04:30,XPDUSDm,BREAKOUT,SELL,1,1269.46,1275.01,1242.78,4.81,0.522,1277.31225,1278.996,1273.608,0,0.42,0.022,-0.7357,1258.0825,1274.16075,1281.337,1252.632,1,0.004,0.4,0,1277.31225,0.733,0.615,0,0.0,0.0,1273.66,0.0,0.0,0,0,0,1.0,0.895,0.2432,0.895,0.033,0,0.674,0,0.602,1273.94475,1269.23025,0.42,0.022,0.0146,2,0.15,0,0.674,1.335,3.0,0.445,0.488,1,1277.31225,8,0.747,0.16,0.35,0.269,0.173,0.887,0.957,1496.4195,1236.61438,1237.91075,7.5824,5.6209,2,1487.7565,0.532,1323.1595,0.325,1236.5295,0.426,-1,0.254,1,0,12449,0.688,0.584,0.385,3262.0,2696.7,3.0564,1067.3,0.0,1,0,0.535,2893.86,1,0,0.72,2893.86,0,152.199,0.173,0.827,34.1,0.0,0.5,0.0,0.0,0.5,0.0,1.0,0.78,0.5,0.565,0.0,0.34,0.0,0,0,0.474,0.596,0.0,1.0,0.071,0.18,0.399,0.0,0.477,0.436,0.0,1.0,0.727
0,2023.07.17 23:04:30,XPDUSDm,ANCHORED_PULLBACK,SELL,1,1269.46,1275.01,1248.11,3.84,0.406,1277.31225,1278.996,1273.608,0,0.42,0.022,-0.7357,1258.0825,1274.16075,1281.337,1252.632,1,0.004,0.4,0,1277.31225,0.733,0.615,0,0.0,0.0,1273.66,0.0,0.0,0,0,0,1.0,0.895,0.2432,0.895,0.033,0,0.685,0,0.602,1273.94475,1269.23025,0.42,0.022,0.0,2,0.15,0,0.685,1.335,3.0,0.445,0.491,1,1277.31225,8,0.747,0.16,0.35,0.269,0.173,0.887,0.957,1496.4195,1236.61438,1237.91075,7.5824,5.6209,2,1487.7565,0.532,1323.1595,0.325,1236.5295,0.426,-1,0.254,1,0,12449,0.688,0.584,0.385,3262.0,2708.1,3.0564,1067.3,0.0,1,0,0.535,2893.86,1,0,0.72,2893.86,0,152.199,0.173,0.827,34.1,0.0,0.5,0.0,0.0,0.5,0.0,1.0,0.78,0.5,0.565,0.0,0.34,0.0,0,0,0.474,0.598,0.0,1.0,0.071,0.18,0.399,0.0,0.477,0.436,0.0,1.0,0.727
0,2023.07.18 01:04:40,XPDUSDm,BREAKOUT,SELL,1,1266.4,1276.37,1240.26,2.62,0.47,1277.465,1280.14,1268.37,0,1.004,0.185,-1.0583,1259.82025,1274.16075,1281.337,1252.632,1,0.007,0.55,2,1277.465,0.748,0.119,0,0.0,0.0,1263.7695,1279.0245,1.358,0,0,0,1.0,0.965,0.0725,0.965,0.17,2,0.577,2,0.041,1276.93,1267.3,1.007,0.086,0.0,2,0.15,0,0.577,0.513,1.208,0.425,0.282,0,1277.465,8,0.75,0.0,0.309,0.29,0.053,0.761,0.756,1494.8667,1236.61438,1237.91075,8.025,0.4426,2,1486.69406,0.51,1323.24123,0.327,1233.34217,0.463,-1,0.233,1,0,12451,0.687,0.583,0.389,3471.0,3976.3,3.3199,1045.5,0.0,1,0,0.535,2893.86,1,0,0.72,2893.86,0,155.663,0.172,0.828,32.0,0.0,0.5,0.95,0.0,0.5,0.0,0.43,0.689,0.5,0.743,0.0,0.885,0.0,0,0,0.69,0.419,0.0,1.0,0.1,0.297,0.564,0.0,0.479,0.436,0.0,1.0,0.669
0,2023.07.18 03:05:00,XPDUSDm,BREAKOUT,SELL,1,1271.62,1288.38,1243.68,1.67,0.248,1273.60975,1275.148,1265.9185,1,0.009,0.358,-0.1781,1259.82025,1274.16075,1281.337,1252.632,1,0.002,0.45,0,1273.60975,0.725,0.563,0,0.0,0.0,1274.82125,0.0,0.0,0,0,0,0.5,-0.545,-0.1315,0.545,0.77,0,0.656,0,0.411,1270.53325,1277.71175,0.097,0.545,0.0,2,0.25,0,0.656,1.003,3.0,0.334,0.393,1,1275.148,4,0.6,0.806,0.169,0.164,0.17,0.786,0.932,1494.8667,1236.61438,1237.91075,8.025,0.4426,2,1486.69406,0.51,1323.24123,0.327,1233.34217,0.463,-1,0.233,1,0,12453,0.687,0.583,0.389,5408.0,5137.0,4.8394,1117.5,0.0,1,0,0.535,2893.86,1,0,0.72,2893.86,1,145.167,0.172,0.828,32.0,0.0,1.0,0.02,0.0,0.5,0.0,1.0,0.609,0.5,0.515,0.0,0.39,0.0,0,0,0.376,0.8,0.0,1.0,0.1,0.312,0.455,0.0,0.483,0.436,0.0,1.0,0.828
0,2023.07.18 03:05:00,XPDUSDm,PULLBACK,SELL,1,1271.62,1288.38,1252.63,1.13,0.447,1273.60975,1275.148,1265.9185,1,0.009,0.358,-0.1781,1259.82025,1274.16075,1281.337,1252.632,1,0.002,0.45,0,1273.60975,0.725,0.563,0,0.0,0.0,1274.82125,0.0,0.0,0,0,0,0.5,-0.545,-0.1315,0.545,0.77,0,0.656,0,0.411,1270.53325,1277.71175,0.097,0.545,0.0,2,0.25,0,0.656,1.003,3.0,0.334,0.393,1,1275.148,4,0.6,0.806,0.169,0.164,0.17,0.786,0.932,1494.8667,1236.61438,1237.91075,8.025,0.4426,2,1486.69406,0.51,1323.24123,0.327,1233.34217,0.463,-1,0.233,1,0,12453,0.687,0.583,0.389,5408.0,5140.8,4.8394,1117.5,0.0,1,0,0.535,2893.86,1,0,0.72,2893.86,1,145.167,0.172,0.828,32.0,0.0,1.0,0.02,0.0,0.5,0.0,1.0,0.609,0.5,0.515,0.0,0.39,0.0,0,0,0.376,0.8,0.0,1.0,0.1,0.312,0.455,0.0,0.483,0.436,0.0,1.0,0.828
0,2023.07.18 03:05:20,XPDUSDm,TREND_CONTINUATION,SELL,1,1271.62,1285.03,1243.68,2.08,0.35,1273.60975,1275.148,1265.9185,1,0.009,0.358,-0.1781,1259.82025,1274.16075,1281.337,1252.632,1,0.002,0.45,0,1273.60975,0.725,0.563,0,0.0,0.0,1274.82125,0.0,0.0,0,0,0,0.5,-0.545,-0.1315,0.545,0.77,0,0.656,0,0.411,1270.53325,1277.71175,0.097,0.545,0.0,2,0.25,0,0.656,1.003,3.0,0.334,0.393,1,1275.148,4,0.6,0.806,0.169,0.164,0.17,0.786,0.932,1494.8667,1236.61438,1237.91075,8.025,0.4426,2,1486.69406,0.51,1323.24123,0.327,1233.34217,0.463,-1,0.233,1,0,12453,0.687,0.583,0.389,5408.0,5144.5,4.8394,1117.5,0.0,1,0,0.535,2893.86,1,0,0.72,2893.86,1,145.167,0.172,0.828,32.0,0.0,1.0,0.02,0.0,0.5,0.0,1.0,0.609,0.5,0.515,0.0,0.39,0.0,0,0,0.376,0.8,0.0,1.0,0.1,0.312,0.455,0.0,0.483,0.436,0.0,1.0,0.828
0,2023.07.18 03:05:40,XPDUSDm,BREAKOUT_RETEST,SELL,1,1274.39,1277.74,1265.92,2.53,0.377,1273.60975,1275.148,1265.9185,1,0.009,0.358,0.0698,1259.82025,1274.16075,1281.337,1252.632,1,0.0,0.45,0,1273.60975,0.725,0.563,0,0.0,0.0,1274.82125,0.0,0.0,0,0,0,0.5,-0.545,-0.1315,0.545,0.615,0,0.656,0,0.411,1273.60975,1277.71175,0.07,0.297,0.0,2,0.25,0,0.656,1.073,3.0,0.358,0.428,1,1265.9185,5,0.6,0.86,0.215,0.164,0.17,1.0,0.932,1494.8667,1236.61438,1237.91075,8.025,0.4426,2,1486.69406,0.51,1323.24123,0.327,1233.34217,0.463,-1,0.233,1,0,12453,0.687,0.583,0.389,5408.0,5152.1,4.8394,1117.5,0.0,1,0,0.535,2893.86,1,0,0.72,2893.86,1,144.919,0.172,0.828,32.0,0.0,1.0,0.17,0.0,0.5,0.0,1.0,0.619,0.5,0.515,0.0,0.391,0.0,0,0,0.382,0.8,0.0,1.0,0.1,0.29,0.46,0.0,0.481,0.436,0.0,1.0,0.821
0,2023.07.18 03:05:59,XPDUSDm,MEAN_REVERSION,SELL,1,1274.39,1283.33,1265.92,0.95,0.642,1273.60975,1275.148,1265.9185,1,0.009,0.358,0.0698,1259.82025,1274.16075,1281.337,1252.632,1,0.0,0.45,0,1273.60975,0.725,0.563,0,0.0,0.0,1274.82125,0.0,0.0,0,0,0,0.5,-0.545,-0.1315,0.545,0.615,0,0.656,0,0.411,1273.60975,1277.71175,0.07,0.297,0.0,2,0.25,0,0.656,1.073,3.0,0.358,0.428,1,1265.9185,5,0.6,0.86,0.215,0.164,0.17,1.0,0.932,1494.8667,1236.61438,1237.91075,8.025,0.4426,2,1486.69406,0.51,1323.24123,0.327,1233.34217,0.463,-1,0.233,1,0,12453,0.687,0.583,0.389,5408.0,5155.9,4.8394,1117.5,0.0,1,0,0.535,2893.86,1,0,0.72,2893.86,1,144.919,0.172,0.828,32.0,0.0,1.0,0.17,0.0,0.5,0.0,1.0,0.625,0.5,0.515,0.0,0.391,0.0,0,0,0.386,0.8,0.0,1.0,0.1,0.29,0.46,0.0,0.481,0.436,0.0,1.0,0.821
0,2023.07.18 03:10:20,XPDUSDm,SWEEP_REVERSAL,SELL,1,1275.7,1286.88,1265.92,0.88,0.228,1273.60975,1275.148,1265.9185,0,0.009,0.358,0.187,1259.82025,1274.16075,1281.337,1252.632,1,0.001,0.45,0,1273.60975,0.725,0.563,0,0.0,0.0,1274.82125,0.0,0.0,0,0,0,0.5,-0.545,-0.1315,0.545,0.319,0,0.656,0,0.411,1273.60975,1277.71175,0.187,0.18,0.0,2,0.25,0,0.656,1.207,3.0,0.402,0.444,1,1265.9185,5,0.6,0.626,0.304,0.164,0.17,1.0,0.932,1494.8667,1236.61438,1237.91075,8.025,0.4426,2,1486.69406,0.51,1323.24123,0.327,1233.34217,0.463,-1,0.233,1,0,12453,0.687,0.583,0.389,5466.0,5224.6,4.8913,1117.5,0.0,1,0,0.535,2893.86,1,0,0.72,2893.86,1,144.802,0.172,0.828,32.0,0.0,1.0,0.02,0.0,0.5,0.0,1.0,0.615,0.5,0.528,0.0,0.313,0.0,0,0,0.353,0.879,0.0,1.0,0.1,0.318,0.559,0.0,0.474,0.436,0.0,1.0,0.857
0,2023.07.18 03:25:00,XPDUSDm,ANCHORED_PULLBACK,SELL,1,1273.11,1274.73,1265.92,4.45,0.465,1273.60975,1275.148,1265.9185,1,0.009,0.358,-0.0447,1259.82025,1274.16075,1281.337,1252.632,1,0.001,0.45,0,1273.60975,0.725,0.563,0,0.0,0.0,1274.82125,0.0,0.0,0,0,0,0.5,-0.545,-0.1315,0.545,1.0,0,0.656,0,0.411,1273.60975,1277.71175,0.045,0.412,0.0,2,0.25,0,0.656,0.9,3.0,0.3,0.408,1,1265.9185,5,0.6,0.911,0.1,0.164,0.17,1.0,0.932,1494.8667,1236.61438,1237.91075,8.025,0.4426,2,1486.69406,0.51,1323.24123,0.327,1233.34217,0.463,-1,0.233,1,0,12453,0.687,0.583,0.389,5286.0,5463.4,4.7302,1117.5,0.0,1,0,0.535,2893.86,1,0,0.72,2893.86,1,145.034,0.172,0.828,32.0,0.0,1.0,0.96,0.0,0.5,0.0,1.0,0.607,0.5,0.468,0.0,0.26,0.0,0,0,0.309,0.8,0.0,1.0,0.1,0.312,0.455,0.0,0.493,0.436,0.0,1.0,0.755
0,2023.07.18 05:05:59,XPDUSDm,MEAN_REVERSION,SELL,1,1283.52,1292.28,1272.87,1.22,0.675,1272.86725,1275.821,1266.369,0,0.788,0.141,0.9727,1259.82025,1274.16075,1281.337,1252.632,0,0.009,0.4,0,1272.86725,0.638,0.616,0,0.0,0.0,0.0,0.0,0.0,0,0,1,0.9,-0.615,-0.0627,0.615,0.243,0,0.711,0,0.949,1272.2765,1279.3655,1.027,0.379,0.0,2,0.4,0,0.711,1.24,3.0,0.413,0.488,1,1272.86725,8,0.728,0.0,0.387,0.185,0.33,0.851,0.846,1400.80565,1236.61438,1237.91075,8.1099,0.085,2,1489.03991,0.515,1328.61398,0.354,1232.35843,0.467,-1,0.294,1,0,12455,0.687,0.583,0.389,3678.0,3897.1,3.3582,1095.2,0.0,1,0,0.535,2893.86,1,0,0.72,2893.86,1,147.034,0.116,0.884,20.1,0.0,1.0,0.98,0.0,0.5,0.0,1.0,0.863,0.5,0.665,0.0,0.313,0.0,0,0,0.542,0.325,0.0,0.948,0.188,0.471,0.873,0.0,0.462,0.436,0.0,1.0,0.789
0,2023.07.18 05:10:30,XPDUSDm,SWEEP_REVERSAL,SELL,1,1284.03,1294.98,1272.87,1.02,0.324,1272.86725,1275.821,1266.369,0,0.788,0.141,1.0192,1259.82025,1274.16075,1281.337,1252.632,0,0.009,0.4,0,1272.86725,0.638,0.616,0,0.0,0.0,0.0,0.0,0.0,0,0,1,0.9,-0.615,-0.0627,0.615,0.243,0,0.711,0,0.949,1272.2765,1279.3655,1.073,0.426,0.0,2,0.4,0,0.711,1.24,3.0,0.413,0.488,1,1272.86725,8,0.728,0.0,0.387,0.185,0.33,0.851,0.846,1400.80565,1236.61438,1237.91075,8.1099,0.085,2,1489.03991,0.515,1328.61398,0.354,1232.35843,0.467,-1,0.294,1,0,12455,0.687,0.583,0.389,3644.0,3822.0,3.3272,1095.2,0.0,1,0,0.535,2893.86,1,0,0.72,2893.86,1,146.988,0.116,0.884,20.1,0.0,1.0,0.99,0.0,0.5,0.0,1.0,0.82,0.5,0.562,0.0,0.276,0.0,0,0,0.471,0.325,0.0,0.948,0.188,0.489,0.873,0.0,0.462,0.436,0.0,1.0,0.789
0,2023.07.18 05:28:40,XPDUSDm,TREND_CONTINUATION,SELL,1,1286.53,1299.67,1272.87,1.04,0.526,1272.86725,1275.821,1266.369,0,0.788,0.141,1.2475,1259.82025,1274.16075,1281.337,1252.632,0,0.011,0.4,0,1272.86725,0.638,0.616,0,0.0,0.0,0.0,0.0,0.0,0,0,1,0.9,-0.615,-0.0627,0.615,0.243,0,0.711,0,0.949,1272.2765,1279.3655,1.301,0.654,0.0,2,0.4,0,0.711,1.24,3.0,0.413,0.488,1,1272.86725,8,0.728,0.0,0.387,0.185,0.33,0.851,0.846,1400.80565,1236.61438,1237.91075,8.1099,0.085,2,1489.03991,0.515,1328.61398,0.354,1232.35843,0.467,-1,0.294,1,0,12455,0.687,0.583,0.389,3247.0,3497.0,2.9647,1095.2,0.0,1,0,0.535,2893.86,1,0,0.72,2893.86,1,146.759,0.116,0.884,20.1,0.0,1.0,0.99,0.0,0.5,0.0,1.0,0.778,0.5,0.61,0.0,0.335,0.0,0,0,0.484,0.325,0.0,0.758,0.188,0.342,0.873,0.0,0.482,0.436,0.0,1.0,0.789
0,2023.07.18 07:15:40,XPDUSDm,MEAN_REVERSION,SELL,1,1291.93,1299.05,1279.57,1.74,0.579,1291.1855,1293.02,1279.567,1,0.034,0.79,0.0836,1275.95875,1274.16075,1281.337,1252.632,0,0.02,0.55,2,1291.1855,0.8,0.295,0,0.0,0.0,0.0,0.0,0.0,0,0,1,0.675,0.685,0.1146,0.685,0.176,2,0.555,2,0.097,1289.351,1283.8475,0.29,0.908,0.0,2,0.0,0,0.555,1.271,3.0,0.424,0.395,1,1279.567,5,0.6,0.421,0.247,0.206,0.0,0.77,0.783,1400.80565,1236.61438,1237.91075,8.1099,0.085,2,1489.03991,0.515,1328.61398,0.354,1232.35843,0.467,-1,0.294,1,0,12457,0.687,0.583,0.389,1783.0,1633.1,2.0027,890.3,0.0,1,0,0.535,2893.86,1,0,0.72,2893.86,1,179.934,0.116,0.884,20.1,0.0,1.0,0.06,0.0,0.5,0.0,0.651,0.647,0.5,0.567,0.0,1.0,0.0,0,0,0.658,0.56,0.427,0.475,0.14,0.531,0.65,0.0,0.524,0.436,0.0,1.0,0.711
0,2023.07.18 09:26:40,XPDUSDm,MEAN_REVERSION,SELL,2,1295.86,1301.66,1290.81,0.87,0.642,1290.807,1294.448,1289.152,0,0.011,0.446,0.6974,1274.72275,1274.16075,1284.2075,1252.632,0,0.03,0.4,0,1290.807,0.8,0.803,0,0.0,0.0,0.0,0.0,0.0,0,0,1,0.55,0.755,0.3742,0.755,0.067,0,0.694,2,0.23,1293.124,1294.779,0.378,0.149,0.0,2,0.0,0,0.694,1.32,3.0,0.44,0.441,1,1290.807,8,0.76,0.245,0.28,0.226,0.0,0.68,0.923,1235.42539,1236.61438,1237.91075,7.7511,-0.3588,1,1490.21951,0.511,1328.8499,0.337,1328.8499,0.337,1,0.164,1,0,12459,0.687,0.583,0.389,1648.0,1697.2,2.2744,724.6,0.0,1,0,0.535,2893.86,1,0,0.72,2893.86,1,220.544,0.025,0.975,0.3,1.0,1.0,0.99,0.0,0.5,0.0,1.0,0.771,0.5,0.545,0.0,0.435,0.0,0,0,0.5,0.627,0.0,0.475,0.198,0.346,0.868,0.0,0.531,0.436,0.0,1.0,0.741
0,2023.07.18 14:30:20,XPDUSDm,SWEEP_REVERSAL,SELL,4,1310.59,1320.61,1292.72,1.78,0.496,1292.72175,1301.643,1289.748,0,0.668,0.52,1.7841,1291.5485,1273.27425,1281.728,1251.2945,0,0.037,0.5,0,1292.72175,0.656,0.7,0,0.0,0.0,1291.8125,0.0,0.0,0,1,1,1.0,0.93,0.1269,0.93,0.044,2,0.59,0,0.407,1293.3165,1307.5905,1.725,0.3,0.0,2,0.3,6,0.5,0.88,3.0,0.293,0.338,0,1292.72175,8,0.731,0.0,0.607,0.279,0.486,0.839,0.954,1478.52142,1236.61438,1237.91075,8.0129,0.2618,2,1486.69406,0.485,1323.24123,0.334,1323.24123,0.334,1,0.222,1,0,12464,0.683,0.578,0.392,2332.0,2410.8,2.3285,1001.5,0.0,1,0,0.535,2893.86,1,0,0.72,2893.86,1,158.09,0.163,0.837,30.0,0.0,1.0,0.99,0.0,0.5,0.0,0.903,0.599,0.5,0.479,0.0,0.57,0.0,0,0,0.431,0.154,0.0,0.541,0.048,0.749,0.85,0.0,0.471,0.421,0.0,1.0,0.543
0,2023.07.18 15:00:20,XPDUSDm,MEAN_REVERSION,SELL,4,1311.87,1319.82,1304.06,0.98,0.527,1292.481,1305.42,1290.438,0,0.707,0.021,1.9514,1292.17125,1274.913,1283.798,1251.812,0,0.037,0.55,0,1292.481,0.684,0.442,0,0.0,0.0,1308.75775,0.0,0.0,0,0,1,1.0,0.965,0.1052,0.965,0.085,2,0.5,3,0.317,1304.058,1310.868,0.786,0.101,0.0,2,0.15,0,0.5,1.312,3.0,0.437,0.381,1,1304.058,2,0.55,0.0,0.334,0.29,0.053,0.686,0.897,1478.52142,1236.61438,1237.91075,8.0129,0.2618,2,1486.69406,0.485,1323.24123,0.334,1323.24123,0.334,1,0.222,1,0,12465,0.683,0.578,0.392,1963.0,2075.9,1.9757,993.6,0.0,1,0,0.535,2893.86,1,0,0.72,2893.86,1,159.223,0.163,0.837,30.0,0.0,1.0,0.98,0.0,0.5,0.0,1.0,0.82,0.5,0.515,0.0,0.52,0.0,0,0,0.555,0.319,0.0,0.57,0.0,0.481,0.855,0.0,0.521,0.421,0.0,1.0,0.621
0,2023.07.18 16:31:00,XPDUSDm,SWEEP_REVERSAL,SELL,4,1316.23,1325.59,1308.47,0.83,0.137,1308.4725,1313.775,1297.11,0,0.027,0.458,0.8284,1291.25625,1272.6595,1285.634,1252.271,0,0.047,0.55,0,1302.4125,0.729,0.204,0,0.0,0.0,0.0,0.0,0.0,0,0,1,1.0,1.0,0.1593,1.0,0.104,2,0.561,0,0.433,1309.23,1314.5325,0.748,0.181,0.0,2,0.0,0,0.561,1.303,3.0,0.434,0.463,1,1308.4725,1,0.7,0.0,0.269,0.3,0.087,0.929,0.906,1400.9599,1236.61438,1239.31312,16.4701,8.4572,2,1492.58779,0.471,1325.99163,0.356,1325.99163,0.356,1,0.092,1,0,12466,0.683,0.578,0.392,2115.0,2173.3,2.2586,936.4,0.0,1,0,0.535,2893.86,1,0,0.72,2893.86,1,168.473,0.115,0.885,9.8,0.0,1.0,0.99,0.0,0.5,0.0,1.0,0.589,0.5,0.572,0.0,0.258,0.0,0,0,0.328,0.561,0.0,0.475,0.0,0.737,0.856,0.0,0.49,0.421,0.0,1.0,0.744
0,2023.07.18 22:08:00,XPDUSDm,BREAKOUT,SELL,1,1304.03,1308.32,1283.19,4.86,0.513,1308.1635,1310.54,1306.466,0,0.414,1.147,-0.4958,1292.42925,1273.5265,1286.858,1252.577,0,0.037,0.3,0,1308.1635,0.631,0.376,0,0.0,0.0,1307.36925,0.0,0.0,0,0,1,0.8,0.825,0.2552,0.825,0.026,0,0.753,1,0.433,1308.503,1304.0895,0.537,0.007,-0.1629,1,0.0,1,1.0,0.888,3.0,0.296,0.49,1,1308.1635,8,0.726,0.0,0.592,0.247,0.0,0.66,0.976,1478.52142,1236.61438,1233.35012,-20.2273,-36.6974,-2,1486.69406,0.473,1331.41387,0.329,1233.34217,0.485,-1,0.114,1,0,12471,0.689,0.58,0.393,2991.0,2932.6,3.5876,833.7,0.0,1,0,0.535,2893.86,1,0,0.72,2893.86,1,190.692,0.166,0.834,12.1,0.0,1.0,0.0,0.0,0.5,0.0,0.276,0.31,0.5,0.834,0.0,0.53,0.0,0,0,0.576,0.594,0.0,0.646,0.0,0.138,0.65,0.0,0.468,0.421,0.0,1.0,0.634
0,2023.07.18 22:08:00,XPDUSDm,ANCHORED_PULLBACK,SELL,1,1304.03,1309.34,1287.36,3.14,0.392,1308.1635,1310.54,1306.466,0,0.414,1.147,-0.4958,1292.42925,1273.5265,1286.858,1252.577,0,0.037,0.3,0,1308.1635,0.631,0.376,0,0.0,0.0,1307.36925,0.0,0.0,0,0,1,0.8,0.825,0.2552,0.825,0.026,0,0.753,1,0.433,1308.503,1304.0895,0.537,0.007,0.0,2,0.0,0,0.753,1.338,3.0,0.446,0.481,1,1308.1635,8,0.726,0.0,0.292,0.247,0.0,0.66,0.976,1478.52142,1236.61438,1233.35012,-20.2273,-36.6974,-2,1486.69406,0.473,1331.41387,0.329,1233.34217,0.485,-1,0.114,1,0,12471,0.689,0.58,0.393,2991.0,2933.2,3.5876,833.7,0.0,1,0,0.535,2893.86,1,0,0.72,2893.86,1,190.692,0.166,0.834,12.1,0.0,1.0,0.0,0.0,0.5,0.0,0.345,0.31,0.5,1.0,0.0,0.586,0.0,0,0,0.648,0.689,0.0,0.808,0.0,0.202,0.65,0.0,0.506,0.421,0.0,1.0,0.744
0,2023.07.19 02:08:30,XPDUSDm,BREAKOUT,SELL,1,1305.48,1309.78,1284.26,4.94,0.513,1309.49925,1310.923,1305.7975,0,0.43,0.04,-0.4735,1293.63225,1273.5265,1283.049,1248.768,0,0.038,0.45,0,1310.63825,0.706,0.69,0,0.0,0.0,1310.22375,0.0,0.0,0,0,1,0.793,0.7287,0.0161,0.729,0.255,0,0.693,0,0.794,1309.784,1304.089,0.507,0.164,0.0,2,0.15,0,0.693,1.235,3.0,0.412,0.502,2,1309.49925,1,0.7,0.0,0.284,0.219,0.211,0.86,0.893,1478.52142,1236.61438,1233.35012,-20.0296,0.1977,-1,1486.69406,0.468,1331.41387,0.329,1233.34217,0.489,-1,0.119,1,0,12475,0.689,0.58,0.393,1974.0,1835.6,2.3255,848.9,0.0,1,0,0.535,2893.86,1,0,0.72,2893.86,1,187.12,0.171,0.829,12.2,1.0,1.0,0.03,0.0,0.5,0.0,0.572,0.667,0.5,0.509,0.0,0.989,0.0,0,0,0.648,0.547,0.0,0.629,0.0,0.247,0.65,0.0,0.499,0.421,0.0,1.0,0.676
0,2023.07.19 03:16:00,XPDUSDm,PULLBACK,SELL,1,1304.43,1316.69,1279.91,2.0,0.177,1309.3975,1311.045,1304.455,0,0.231,0.092,-0.6079,1306.35675,1273.5265,1283.049,1248.768,0,0.038,0.5,0,1310.7155,0.704,0.354,0,0.0,0.0,0.0,0.0,0.0,0,0,1,0.176,0.0,-0.0084,0.352,0.373,0,0.808,0,0.619,1304.7845,1302.1485,0.043,0.279,0.0,2,0.15,0,0.808,1.182,3.0,0.394,0.498,1,1309.3975,1,0.7,0.913,0.248,0.0,0.176,0.826,0.917,1478.52142,1236.61438,1233.35012,-20.0296,0.1977,-1,1486.69406,0.468,1331.41387,0.329,1233.34217,0.489,-1,0.119,1,0,12476,0.689,0.58,0.393,1951.0,1933.1,2.3874,817.2,0.0,1,0,0.535,2893.86,1,0,0.72,2893.86,1,194.494,0.171,0.829,12.2,1.0,1.0,0.14,0.0,0.5,0.0,1.0,0.662,0.5,0.546,0.0,0.257,0.0,0,0,0.364,0.652,0.021,0.654,0.0,0.352,0.65,0.0,0.489,0.421,0.0,1.0,0.732
0,2023.07.19 03:16:00,XPDUSDm,TREND_CONTINUATION,SELL,1,1304.43,1314.24,1284.0,2.08,0.211,1309.3975,1311.045,1304.455,0,0.231,0.092,-0.6079,1306.35675,1273.5265,1283.049,1248.768,0,0.038,0.5,0,1310.7155,0.704,0.354,0,0.0,0.0,0.0,0.0,0.0,0,0,1,0.176,0.0,-0.0084,0.352,0.373,0,0.808,0,0.619,1304.7845,1302.1485,0.043,0.279,0.0,2,0.15,0,0.808,1.182,3.0,0.394,0.498,1,1309.3975,1,0.7,0.913,0.248,0.0,0.176,0.826,0.917,1478.52142,1236.61438,1233.35012,-20.0296,0.1977,-1,1486.69406,0.468,1331.41387,0.329,1233.34217,0.489,-1,0.119,1,0,12476,0.689,0.58,0.393,1951.0,1933.6,2.3874,817.2,0.0,1,0,0.535,2893.86,1,0,0.72,2893.86,1,194.494,0.171,0.829,12.2,1.0,1.0,0.14,0.0,0.5,0.0,1.0,0.662,0.5,0.546,0.0,0.257,0.0,0,0,0.364,0.652,0.021,0.654,0.0,0.352,0.65,0.0,0.489,0.421,0.0,1.0,0.732
0,2023.07.19 04:01:30,XPDUSDm,BREAKOUT_RETEST,SELL,1,1299.72,1304.77,1293.81,1.17,0.561,1304.83375,1309.777,1299.13,1,0.628,1.067,-0.7375,1292.78325,1273.5265,1286.858,1248.768,0,0.038,0.7,0,1304.83375,0.659,0.471,0,0.0,0.0,1303.80625,0.0,0.0,0,0,1,0.377,-0.3116,-0.0252,0.312,0.25,2,0.492,0,0.719,1304.4535,1302.55225,0.683,0.408,0.5851,0,0.55,2,1.0,1.687,3.0,0.562,0.573,2,1304.83375,8,0.732,0.0,0.445,0.793,0.336,0.952,0.805,1231.41045,1236.61438,1233.35012,-20.9467,-0.9172,-2,1491.30045,0.478,1325.91591,0.345,1325.91591,0.345,1,0.169,1,0,12477,0.689,0.58,0.393,2098.0,2033.5,3.0259,693.4,0.0,1,0,0.535,2893.86,1,0,0.72,2893.86,0,229.916,0.002,0.998,0.1,0.0,0.5,0.06,0.0,0.5,0.0,0.444,0.653,0.5,0.452,0.0,0.768,0.0,0,0,0.535,0.535,0.0,0.421,0.0,0.921,0.65,0.0,0.43,0.421,0.0,1.0,0.776
0,2023.07.19 04:08:30,XPDUSDm,BREAKOUT,SELL,1,1299.97,1304.77,1282.64,3.61,0.292,1304.83375,1309.777,1299.13,1,0.628,1.067,-0.7015,1292.78325,1273.5265,1286.858,1248.768,0,0.038,0.7,0,1304.83375,0.659,0.471,0,0.0,0.0,1303.80625,0.0,0.0,0,0,1,0.377,-0.3116,-0.0252,0.312,0.206,0,0.792,0,0.719,1304.4535,1302.55225,0.647,0.372,0.0,2,0.25,0,0.792,1.257,3.0,0.419,0.516,2,1304.83375,8,0.732,0.0,0.338,0.093,0.231,0.952,0.805,1231.41045,1236.61438,1233.35012,-20.9467,-0.9172,-2,1491.30045,0.478,1325.91591,0.345,1325.91591,0.345,1,0.169,1,0,12477,0.689,0.58,0.393,2009.0,2033.6,2.8975,693.4,0.0,1,0,0.535,2893.86,1,0,0.72,2893.86,0,229.88,0.002,0.998,0.1,0.0,0.5,0.72,0.0,0.5,0.0,0.646,0.724,0.5,0.547,0.0,0.712,0.0,0,0,0.583,0.619,0.0,0.402,0.0,0.654,0.65,0.0,0.5,0.421,0.0,1.0,0.739
0,2023.07.19 04:36:40,XPDUSDm,ANCHORED_PULLBACK,SELL,1,1302.15,1305.15,1299.13,1.01,0.438,1304.83375,1309.777,1299.13,1,0.628,1.067,-0.3871,1292.78325,1273.5265,1286.858,1248.768,0,0.041,0.7,0,1304.83375,0.659,0.471,0,0.0,0.0,1303.80625,0.0,0.0,0,0,1,0.377,-0.3116,-0.0252,0.312,0.293,0,0.792,0,0.719,1304.4535,1302.55225,0.332,0.058,0.0,2,0.25,0,0.792,1.218,3.0,0.406,0.511,2,1304.83375,8,0.732,0.336,0.312,0.093,0.231,0.952,0.805,1231.41045,1236.61438,1233.35012,-20.9467,-0.9172,-2,1491.30045,0.478,1325.91591,0.345,1325.91591,0.345,1,0.169,1,0,12477,0.689,0.58,0.393,2075.0,2266.8,2.9927,693.4,0.0,1,0,0.535,2893.86,1,0,0.72,2893.86,0,229.566,0.002,0.998,0.1,0.0,0.5,0.99,0.0,0.5,0.0,0.582,0.71,0.5,0.524,0.0,0.497,0.0,0,0,0.482,0.829,0.0,0.653,0.0,0.636,0.431,0.0,0.496,0.421,0.0,1.0,0.739
0,2023.07.19 05:20:40,XPDUSDm,PULLBACK,SELL,1,1298.66,1307.5,1280.98,2.0,0.555,1300.2505,1307.068,1296.16,1,0.253,1.332,-0.2698,1293.3945,1273.5265,1286.858,1248.768,0,0.043,0.6,0,1300.2505,0.766,0.235,0,0.0,0.0,1300.205,0.0,0.0,0,0,1,0.75,-0.72,-0.1078,0.72,0.232,2,0.639,3,0.375,1300.705,1307.068,0.347,1.426,0.0,2,0.0,0,0.639,1.246,3.0,0.415,0.461,1,1300.705,2,0.55,0.306,0.231,0.216,0.0,0.868,0.85,1231.41045,1236.61438,1233.35012,-20.9467,-0.9172,-2,1491.30045,0.478,1325.91591,0.345,1325.91591,0.345,1,0.169,1,0,12478,0.689,0.58,0.393,2324.0,2280.6,3.9428,589.4,0.0,1,0,0.535,2893.86,1,0,0.72,2893.86,0,270.635,0.002,0.998,0.1,0.0,0.5,0.22,0.0,0.5,0.0,0.985,0.532,0.5,0.524,0.0,0.475,0.0,0,0,0.367,0.803,0.0,0.38,0.0,0.709,0.46,0.0,0.505,0.421,0.0,1.0,0.846
0,2023.07.19 05:20:59,XPDUSDm,TREND_CONTINUATION,SELL,1,1298.86,1305.93,1284.12,2.08,0.476,1300.2505,1307.068,1296.16,1,0.253,1.332,-0.2359,1293.3945,1273.5265,1286.858,1248.768,0,0.043,0.6,0,1300.2505,0.766,0.235,0,0.0,0.0,1300.205,0.0,0.0,0,0,1,0.75,-0.72,-0.1078,0.72,0.232,2,0.639,3,0.375,1300.705,1307.068,0.313,1.393,0.0,2,0.0,0,0.639,1.246,3.0,0.415,0.461,1,1300.705,2,0.55,0.374,0.231,0.216,0.0,0.868,0.85,1231.41045,1236.61438,1233.35012,-20.9467,-0.9172,-2,1491.30045,0.478,1325.91591,0.345,1325.91591,0.345,1,0.169,1,0,12478,0.689,0.58,0.393,2324.0,2282.2,3.9428,589.4,0.0,1,0,0.535,2893.86,1,0,0.72,2893.86,0,270.601,0.002,0.998,0.1,0.0,0.5,0.23,0.0,0.5,0.0,0.985,0.517,0.5,0.524,0.0,0.475,0.0,0,0,0.358,0.803,0.0,0.618,0.0,0.709,0.46,0.0,0.511,0.421,0.0,1.0,0.846
0,2023.07.19 06:01:59,XPDUSDm,BREAKOUT_RETEST,SELL,1,1300.45,1304.27,1292.38,2.12,0.418,1299.56425,1303.725,1296.16,1,0.041,1.301,0.1638,1292.2665,1273.5265,1290.667,1248.768,0,0.05,0.5,0,1299.56425,0.711,0.531,0,0.0,0.0,0.0,0.0,0.0,0,0,1,0.55,-0.755,-0.185,0.755,0.732,0,0.707,3,0.301,1299.56425,1307.88575,0.164,1.375,0.0,2,0.0,0,0.707,1.021,3.0,0.34,0.433,1,1303.725,4,0.6,0.672,0.08,0.226,0.0,0.795,0.951,1231.41045,1236.61438,1233.35012,-20.9467,-0.9172,-2,1491.30045,0.478,1325.91591,0.345,1325.91591,0.345,1,0.169,1,0,12479,0.689,0.58,0.393,2428.0,2430.3,4.4909,540.6,0.0,1,0,0.535,2893.86,1,0,0.72,2893.86,0,294.725,0.002,0.998,0.1,0.0,0.5,0.68,0.0,0.5,0.0,0.716,0.261,0.5,0.526,0.0,0.346,0.0,0,0,0.44,0.723,0.0,0.47,0.0,0.544,0.65,0.0,0.551,0.421,0.0,1.0,0.833
0,2023.07.19 06:09:40,XPDUSDm,BREAKOUT,SELL,1,1302.02,1304.27,1299.56,1.09,0.323,1299.56425,1303.725,1296.16,1,0.041,1.301,0.4542,1292.2665,1273.5265,1290.667,1248.768,0,0.053,0.5,0,1299.56425,0.711,0.531,0,0.0,0.0,0.0,0.0,0.0,0,0,1,0.55,-0.755,-0.185,0.755,0.298,0,0.707,3,0.301,1304.10325,1307.88575,0.385,1.085,0.0,2,0.0,0,0.707,1.216,3.0,0.405,0.43,1,1299.56425,8,0.742,0.229,0.21,0.226,0.0,0.59,0.951,1231.41045,1236.61438,1233.35012,-20.9467,-0.9172,-2,1491.30045,0.478,1325.91591,0.345,1325.91591,0.345,1,0.169,1,0,12479,0.689,0.58,0.393,2286.0,2408.9,4.2283,540.6,0.0,1,0,0.535,2893.86,1,0,0.72,2893.86,0,294.435,0.002,0.998,0.1,0.0,0.5,0.75,0.0,0.5,0.0,0.674,0.443,0.5,0.548,0.0,0.268,0.0,0,0,0.305,0.688,0.0,0.143,0.0,0.448,0.704,0.0,0.526,0.421,0.0,1.0,0.793
0,2023.07.19 06:50:40,XPDUSDm,MEAN_REVERSION,SELL,1,1302.0,1304.27,1299.56,1.08,0.644,1299.56425,1303.725,1296.16,1,0.041,1.301,0.4505,1292.2665,1273.5265,1290.667,1248.768,0,0.053,0.5,0,1299.56425,0.711,0.531,0,0.0,0.0,0.0,0.0,0.0,0,0,1,0.55,-0.755,-0.185,0.755,0.298,0,0.707,3,0.301,1304.10325,1307.88575,0.389,1.089,0.0,2,0.0,0,0.707,1.216,3.0,0.405,0.43,1,1299.56425,8,0.742,0.222,0.21,0.226,0.0,0.59,0.951,1231.41045,1236.61438,1233.35012,-20.9467,-0.9172,-2,1491.30045,0.478,1325.91591,0.345,1325.91591,0.345,1,0.169,1,0,12479,0.689,0.58,0.393,2160.0,2310.7,3.9952,540.6,0.0,1,0,0.535,2893.86,1,0,0.72,2893.86,0,294.438,0.002,0.998,0.1,0.0,0.5,0.87,0.0,0.5,0.0,0.516,0.678,0.5,0.489,0.0,0.329,0.0,0,0,0.385,0.688,0.0,0.143,0.0,0.479,0.703,0.0,0.526,0.421,0.0,1.0,0.793
0,2023.07.19 07:02:00,XPDUSDm,SWEEP_REVERSAL,SELL,1,1303.47,1308.78,1299.22,0.8,0.16,1299.2215,1301.812,1297.573,0,0.517,0.074,0.8004,1301.9685,1273.5265,1290.667,1248.768,0,0.056,0.45,0,1299.2215,0.739,0.726,0,0.0,0.0,1299.17975,0.0,0.0,0,0,1,0.6,-0.79,-0.2348,0.79,0.191,0,0.72,1,0.06,1299.928,1302.9895,0.667,0.091,0.0,2,0.15,0,0.72,1.264,3.0,0.421,0.409,1,1299.2215,8,0.748,0.0,0.303,0.237,0.053,0.768,0.804,1231.41045,1236.61438,1233.35012,-20.9467,-0.9172,-2,1491.30045,0.478,1325.91591,0.345,1325.91591,0.345,1,0.169,1,0,12480,0.682,0.585,0.396,2007.0,2130.9,3.7812,530.8,0.0,1,0,0.535,2893.86,1,0,0.72,2893.86,-1,299.629,0.002,0.998,0.1,0.0,0.0,0.99,0.0,0.5,0.0,0.582,0.827,0.5,0.521,0.0,0.389,0.0,0,0,0.508,0.424,0.0,0.714,0.0,0.462,0.848,0.0,0.527,0.421,0.0,1.0,0.788
0,2023.07.19 07:39:00,XPDUSDm,PULLBACK,SELL,1,1299.7,1307.66,1283.78,2.0,0.495,1299.2215,1301.812,1297.573,1,0.517,0.074,0.0901,1301.9685,1273.5265,1290.667,1248.768,0,0.049,0.45,0,1299.2215,0.739,0.726,0,0.0,0.0,1299.17975,0.0,0.0,0,0,1,0.6,-0.79,-0.2348,0.79,0.854,0,0.72,1,0.06,1299.928,1302.9895,0.043,0.62,0.0,2,0.15,0,0.72,0.966,3.0,0.322,0.374,1,1301.812,4,0.6,0.914,0.104,0.237,0.053,0.768,0.804,1231.41045,1236.61438,1233.35012,-20.9467,-0.9172,-2,1491.30045,0.478,1325.91591,0.345,1325.91591,0.345,1,0.169,1,0,12480,0.682,0.585,0.396,2105.0,2059.1,3.9658,530.8,0.0,1,0,0.535,2893.86,1,0,0.72,2893.86,-1,300.34,0.002,0.998,0.1,0.0,0.0,0.3,0.0,0.5,0.0,0.738,0.601,0.5,0.495,0.0,0.756,0.0,0,0,0.512,0.661,0.0,0.643,0.0,0.3,0.65,0.0,0.552,0.421,0.0,1.0,0.687
0,2023.07.19 07:39:00,XPDUSDm,TREND_CONTINUATION,SELL,1,1299.7,1306.07,1286.43,2.08,0.405,1299.2215,1301.812,1297.573,1,0.517,0.074,0.0901,1301.9685,1273.5265,1290.667,1248.768,0,0.049,0.45,0,1299.2215,0.739,0.726,0,0.0,0.0,1299.17975,0.0,0.0,0,0,1,0.6,-0.79,-0.2348,0.79,0.854,0,0.72,1,0.06,1299.928,1302.9895,0.043,0.62,0.0,2,0.15,0,0.72,0.966,3.0,0.322,0.374,1,1301.812,4,0.6,0.914,0.104,0.237,0.053,0.768,0.804,1231.41045,1236.61438,1233.35012,-20.9467,-0.9172,-2,1491.30045,0.478,1325.91591,0.345,1325.91591,0.345,1,0.169,1,0,12480,0.682,0.585,0.396,2105.0,2060.4,3.9658,530.8,0.0,1,0,0.535,2893.86,1,0,0.72,2893.86,-1,300.34,0.002,0.998,0.1,0.0,0.0,0.3,0.0,0.5,0.0,0.738,0.601,0.5,0.495,0.0,0.756,0.0,0,0,0.512,0.661,0.0,0.643,0.0,0.3,0.65,0.0,0.552,0.421,0.0,1.0,0.687
0,2023.07.19 08:11:59,XPDUSDm,BREAKOUT,SELL,2,1307.62,1315.0,1299.67,1.08,0.554,1299.20525,1301.782,1297.097,0,0.648,0.209,1.7101,1301.9685,1262.0995,1294.476,1248.768,0,0.093,0.5,0,1299.67375,0.746,0.471,0,0.0,0.0,1303.28125,0.0,0.0,0,0,1,0.975,-0.65,-0.2771,0.65,0.039,0,0.766,0,0.488,1299.4395,1304.82725,1.662,0.568,0.0,2,0.4,0,0.766,1.332,3.0,0.444,0.445,1,1299.67375,8,0.749,0.0,0.448,0.195,0.238,0.776,0.854,1400.66241,1236.61438,1233.35012,-21.2556,-0.3088,-2,1485.74545,0.488,1331.04902,0.333,1238.23116,0.485,-1,0.21,1,0,12481,0.682,0.585,0.396,2007.0,1959.8,4.0787,492.1,0.0,1,0,0.535,2893.86,1,0,0.72,2893.86,-1,322.36,0.119,0.881,7.9,0.0,0.0,0.24,0.0,0.5,0.0,1.0,0.586,0.5,0.467,0.0,0.306,0.0,0,0,0.314,0.358,0.0,0.501,0.0,0.406,0.874,0.0,0.535,0.421,0.0,1.0,0.788
0,2023.07.19 08:50:40,XPDUSDm,MEAN_REVERSION,SELL,2,1308.94,1312.88,1299.67,2.35,0.681,1299.20525,1301.782,1297.097,0,0.648,0.209,1.9783,1301.9685,1262.0995,1294.476,1248.768,0,0.095,0.5,0,1299.67375,0.746,0.471,0,0.0,0.0,1303.28125,0.0,0.0,0,0,1,0.975,-0.65,-0.2771,0.65,0.039,0,0.766,0,0.488,1299.4395,1304.82725,1.931,0.836,0.0,2,0.4,0,0.766,1.332,3.0,0.444,0.445,1,1299.67375,8,0.749,0.0,0.448,0.195,0.238,0.776,0.854,1400.66241,1236.61438,1233.35012,-21.2556,-0.3088,-2,1485.74545,0.488,1331.04902,0.333,1238.23116,0.485,-1,0.21,1,0,12481,0.682,0.585,0.396,2292.0,2065.3,4.6579,492.1,0.0,1,0,0.535,2893.86,1,0,0.72,2893.86,-1,322.091,0.119,0.881,7.9,0.0,0.0,0.04,0.0,0.5,0.715,0.933,0.564,0.5,0.42,0.0,0.24,0.0,0,0,0.261,0.358,0.0,0.501,0.0,0.531,0.874,0.0,0.529,0.421,0.0,1.0,0.788
0,2023.07.19 09:01:40,XPDUSDm,BREAKOUT_RETEST,SELL,2,1300.03,1301.59,1298.15,1.2,0.563,1299.267,1304.09,1298.154,1,0.601,1.109,0.1465,1301.9685,1262.0995,1294.476,1248.768,0,0.073,0.4,2,1299.267,0.774,0.198,0,0.0,0.0,1306.749,0.0,0.0,0,0,1,1.0,-0.685,-0.2249,0.685,0.733,2,0.612,1,0.154,1299.638,1297.041,0.075,0.574,0.0,2,0.25,0,0.612,1.02,3.0,0.34,0.339,0,1298.154,5,0.6,0.849,0.18,0.206,0.088,0.684,0.972,1400.66241,1236.61438,1233.35012,-21.2556,-0.3088,-2,1485.74545,0.488,1331.04902,0.333,1238.23116,0.485,-1,0.21,1,0,12482,0.682,0.585,0.396,2333.0,2215.1,4.4804,520.7,0.0,1,0,0.535,2893.86,1,0,0.72,2893.86,-1,306.085,0.119,0.881,7.9,0.0,0.0,0.06,0.0,0.5,0.619,0.281,0.479,0.5,0.56,0.0,0.322,0.0,0,0,0.31,0.628,0.0,0.7,0.0,0.455,0.65,0.0,0.553,0.421,0.0,1.0,0.759
0,2023.07.19 09:39:00,XPDUSDm,PULLBACK,SELL,2,1296.92,1299.79,1281.3,5.45,0.456,1299.267,1304.09,1298.154,0,0.601,1.109,-0.4507,1301.9685,1262.0995,1294.476,1248.768,0,0.067,0.4,2,1299.267,0.774,0.198,0,0.0,0.0,1306.749,0.0,0.0,0,0,1,1.0,-0.685,-0.2249,0.685,0.024,2,0.612,1,0.154,1299.638,1297.041,0.522,0.023,0.0,2,0.25,0,0.612,1.339,3.0,0.446,0.376,1,1299.267,8,0.755,0.0,0.393,0.206,0.088,0.684,0.972,1400.66241,1236.61438,1233.35012,-21.2556,-0.3088,-2,1485.74545,0.488,1331.04902,0.333,1238.23116,0.485,-1,0.21,1,0,12482,0.682,0.585,0.396,1784.0,1803.6,3.4261,520.7,0.0,1,0,0.535,2893.86,1,0,0.72,2893.86,-1,306.683,0.119,0.881,7.9,0.0,0.0,0.54,0.0,0.5,0.0,0.684,0.541,0.5,0.501,0.0,0.382,0.0,0,0,0.327,0.478,0.0,0.243,0.0,0.577,0.65,0.0,0.528,0.421,0.0,1.0,0.86
0,2023.07.19 09:39:00,XPDUSDm,TREND_CONTINUATION,SELL,2,1296.92,1303.17,1283.9,2.08,0.535,1299.267,1304.09,1298.154,0,0.601,1.109,-0.4507,1301.9685,1262.0995,1294.476,1248.768,0,0.067,0.4,2,1299.267,0.774,0.198,0,0.0,0.0,1306.749,0.0,0.0,0,0,1,1.0,-0.685,-0.2249,0.685,0.024,2,0.612,1,0.154,1299.638,1297.041,0.522,0.023,0.0,2,0.25,0,0.612,1.339,3.0,0.446,0.376,1,1299.267,8,0.755,0.0,0.393,0.206,0.088,0.684,0.972,1400.66241,1236.61438,1233.35012,-21.2556,-0.3088,-2,1485.74545,0.488,1331.04902,0.333,1238.23116,0.485,-1,0.21,1,0,12482,0.682,0.585,0.396,1784.0,1803.7,3.4261,520.7,0.0,1,0,0.535,2893.86,1,0,0.72,2893.86,-1,306.683,0.119,0.881,7.9,0.0,0.0,0.54,0.0,0.5,0.0,0.684,0.541,0.5,0.501,0.0,0.382,0.0,0,0,0.327,0.478,0.0,0.243,0.0,0.577,0.65,0.0,0.528,0.421,0.0,1.0,0.86
0,2023.07.19 10:11:59,XPDUSDm,BREAKOUT,SELL,2,1294.32,1299.82,1278.89,2.8,0.51,1299.205,1305.09,1297.6,0,1.318,0.105,-0.7915,1301.9685,1262.0995,1294.476,1248.768,1,0.052,0.35,0,1299.205,0.779,0.457,0,0.0,0.0,1301.062,0.0,0.0,0,0,0,1.0,-0.895,-0.1609,0.895,0.105,2,0.577,0,0.526,1300.275,1295.995,0.965,0.271,0.0,2,0.15,0,0.577,1.303,3.0,0.434,0.438,1,1299.205,8,0.756,0.0,0.328,0.269,0.158,0.79,0.893,1400.66241,1236.61438,1233.35012,-21.2556,-0.3088,-2,1485.74545,0.488,1331.04902,0.333,1238.23116,0.485,-1,0.21,1,0,12483,0.682,0.585,0.396,1490.0,1806.6,2.4141,617.2,0.0,1,0,0.535,2893.86,1,0,0.72,2893.86,-1,259.155,0.119,0.881,7.9,0.0,0.0,0.71,0.0,0.5,0.0,0.448,0.762,0.5,0.717,0.0,0.676,0.0,0,0,0.642,0.286,0.0,0.53,0.0,0.568,0.412,0.0,0.524,0.436,0.0,1.0,0.85
0,2023.07.19 11:04:40,XPDUSDm,ANCHORED_PULLBACK,SELL,2,1288.13,1294.06,1274.01,2.38,0.289,1302.94925,1309.9535,1297.5015,0,2.538,0.112,-2.0995,1301.62625,1262.0995,1294.476,1248.768,1,0.037,0.4,0,1301.39275,0.74,0.471,0,0.0,0.0,1291.93825,0.0,0.0,0,0,0,1.0,-0.755,-0.0988,0.755,0.086,0,0.671,2,0.299,1303.7275,1288.94075,2.21,0.115,0.0,2,0.4,0,0.671,1.312,3.0,0.437,0.402,1,1301.39275,8,0.748,0.0,0.434,0.226,0.14,0.832,0.956,1400.66241,1236.61438,1233.35012,-21.2556,-0.3088,-2,1485.74545,0.488,1331.04902,0.333,1238.23116,0.485,-1,0.21,1,0,12484,0.682,0.585,0.396,1976.0,2216.9,2.7994,705.9,0.0,1,0,0.535,2893.86,1,0,0.72,2893.86,-1,227.487,0.119,0.881,7.9,0.0,0.0,0.99,0.0,0.5,0.0,1.0,0.823,0.5,0.498,0.0,0.304,0.0,0,0,0.465,0.232,0.0,0.321,0.0,0.592,0.316,0.0,0.514,0.436,0.0,1.0,0.851
0,2023.07.19 11:39:00,XPDUSDm,PULLBACK,SELL,2,1286.95,1292.64,1265.77,3.72,0.468,1302.94925,1309.9535,1297.5015,0,2.538,0.112,-2.2666,1301.62625,1262.0995,1294.476,1248.768,1,0.035,0.4,0,1301.39275,0.74,0.471,0,0.0,0.0,1291.93825,0.0,0.0,0,0,0,1.0,-0.755,-0.0988,0.755,0.086,0,0.671,2,0.299,1303.7275,1285.0495,2.377,0.269,0.0,2,0.4,0,0.671,1.312,3.0,0.437,0.402,1,1301.39275,8,0.748,0.0,0.434,0.226,0.14,0.832,0.978,1400.66241,1236.61438,1233.35012,-21.2556,-0.3088,-2,1485.74545,0.488,1331.04902,0.333,1238.23116,0.485,-1,0.21,1,0,12484,0.682,0.585,0.396,1446.0,1604.3,2.0486,705.9,0.0,1,0,0.535,2893.86,1,0,0.72,2893.86,-1,227.654,0.119,0.881,7.9,0.0,0.0,0.99,0.0,0.5,0.0,0.444,0.829,0.5,0.521,0.0,0.323,0.0,0,0,0.483,0.232,0.0,0.321,0.0,0.628,0.312,0.0,0.505,0.436,0.0,1.0,0.851
0,2023.07.19 11:39:00,XPDUSDm,TREND_CONTINUATION,SELL,2,1286.95,1295.42,1269.3,2.08,0.55,1302.94925,1309.9535,1297.5015,0,2.538,0.112,-2.2666,1301.62625,1262.0995,1294.476,1248.768,1,0.035,0.4,0,1301.39275,0.74,0.471,0,0.0,0.0,1291.93825,0.0,0.0,0,0,0,1.0,-0.755,-0.0988,0.755,0.086,0,0.671,2,0.299,1303.7275,1285.0495,2.377,0.269,0.0,2,0.4,0,0.671,1.312,3.0,0.437,0.402,1,1301.39275,8,0.748,0.0,0.434,0.226,0.14,0.832,0.978,1400.66241,1236.61438,1233.35012,-21.2556,-0.3088,-2,1485.74545,0.488,1331.04902,0.333,1238.23116,0.485,-1,0.21,1,0,12484,0.682,0.585,0.396,1446.0,1600.3,2.0486,705.9,0.0,1,0,0.535,2893.86,1,0,0.72,2893.86,-1,227.654,0.119,0.881,7.9,0.0,0.0,0.98,0.0,0.5,0.0,0.444,0.829,0.5,0.521,0.0,0.323,0.0,0,0,0.483,0.232,0.0,0.321,0.0,0.628,0.312,0.0,0.505,0.436,0.0,1.0,0.851
0,2023.07.19 12:05:40,XPDUSDm,BREAKOUT_RETEST,SELL,2,1284.01,1286.39,1271.45,5.28,0.787,1285.131,1303.694,1282.2,1,0.847,0.107,-0.1415,1300.4925,1262.0995,1294.476,1248.768,1,0.028,0.55,0,1285.131,0.77,0.209,0,0.0,0.0,1276.37425,0.0,0.0,0,0,0,1.0,-0.965,-0.1318,0.965,0.907,2,0.399,0,0.604,1284.154,1279.269,0.018,0.599,0.0,2,0.15,3,1.0,1.542,3.0,0.514,0.602,2,1303.694,4,0.6,0.964,0.088,0.69,0.173,0.951,0.828,1401.1265,1236.61438,1233.35012,-18.9821,2.2734,-1,1487.7565,0.429,1331.8225,0.309,1236.5295,0.47,-1,0.315,1,0,12485,0.682,0.585,0.396,2713.0,2787.1,3.4249,792.1,0.0,1,0,0.535,2893.86,1,0,0.72,2893.86,-1,203.227,0.18,0.82,8.8,1.0,0.0,0.69,0.0,0.5,0.0,0.219,0.629,0.5,0.534,0.0,0.507,0.0,0,0,0.44,0.507,0.0,0.492,0.0,1.0,0.485,0.0,0.461,0.436,0.0,1.0,0.772
0,2023.07.19 12:19:20,XPDUSDm,BREAKOUT,SELL,2,1295.14,1304.49,1277.32,1.91,0.507,1285.131,1303.694,1282.2,1,0.847,0.107,1.2635,1300.4925,1262.0995,1294.476,1248.768,0,0.042,0.55,0,1285.131,0.77,0.209,0,0.0,0.0,1276.37425,0.0,0.0,0,0,0,1.0,-0.965,-0.1318,0.965,0.422,2,0.399,0,0.604,1300.763,1310.533,0.71,1.943,0.0,2,0.15,3,1.0,1.76,3.0,0.587,0.629,2,1300.763,2,0.55,0.0,0.233,0.69,0.173,0.968,0.848,1401.1265,1236.61438,1233.35012,-18.9821,2.2734,-1,1487.7565,0.429,1331.8225,0.309,1236.5295,0.47,-1,0.315,1,0,12485,0.682,0.585,0.396,2263.0,2579.9,2.8568,792.1,0.0,1,0,0.535,2893.86,1,0,0.72,2893.86,-1,201.822,0.18,0.82,8.8,1.0,0.0,0.99,0.0,0.5,0.0,0.281,0.903,0.5,0.453,0.0,0.578,0.0,0,0,0.609,0.27,0.0,0.689,0.0,1.0,0.65,0.0,0.439,0.436,0.0,1.0,0.744
0,2023.07.19 13:38:40,XPDUSDm,SWEEP_REVERSAL,SELL,4,1301.71,1305.26,1284.82,4.76,0.51,1301.64325,1304.299,1284.8235,1,0.22,1.99,0.0069,1300.4925,1258.2905,1294.476,1248.768,0,0.045,0.55,2,1301.64325,0.708,0.603,0,0.0,0.0,1302.17875,0.0,0.0,1,1,1,0.8,-1.0,-0.1563,1.0,1.0,2,0.449,0,0.675,1301.64325,1305.18425,0.007,0.361,0.0,2,0.3,6,0.5,0.45,3.0,0.15,0.342,0,1284.8235,5,0.6,0.986,0.32,0.3,0.54,1.0,0.846,1401.1265,1236.61438,1233.35012,-18.9821,2.2734,-1,1487.7565,0.429,1331.8225,0.309,1236.5295,0.47,-1,0.315,1,0,12486,0.682,0.585,0.396,2377.0,2413.4,2.472,961.6,0.0,1,0,0.535,2893.86,1,0,0.72,2893.86,-1,165.578,0.18,0.82,8.8,1.0,0.0,0.69,0.0,0.5,0.0,1.0,0.556,0.5,0.518,0.0,0.627,0.0,0,0,0.44,0.576,0.0,1.0,0.0,1.0,0.462,0.0,0.458,0.421,0.0,1.0,0.791
0,2023.07.19 15:00:00,XPDUSDm,ANCHORED_PULLBACK,SELL,4,1292.84,1296.22,1287.85,1.48,0.789,1300.70275,1304.9865,1287.8515,1,0.4,1.144,-0.7084,1300.4925,1258.2905,1298.285,1248.768,1,0.031,0.5,2,1300.70275,0.707,0.598,0,0.0,0.0,1292.8895,0.0,0.0,0,0,0,0.789,-0.8144,-0.0487,0.814,0.461,2,0.564,2,0.172,1299.846,1305.84325,0.631,1.172,0.1068,0,0.55,2,0.934,1.593,3.0,0.531,0.451,1,1287.8515,5,0.6,0.0,0.382,0.944,0.193,0.744,0.918,1401.1265,1236.61438,1233.35012,-18.9821,2.2734,-1,1487.7565,0.429,1331.8225,0.309,1236.5295,0.47,-1,0.315,1,0,12488,0.682,0.585,0.396,2236.0,2167.9,2.0145,1109.9,0.0,1,0,0.535,2893.86,1,0,0.72,2893.86,-1,144.245,0.18,0.82,8.8,1.0,0.0,0.66,0.0,0.5,0.0,0.595,0.262,0.5,0.461,0.0,0.285,0.0,0,0,0.395,0.693,0.0,1.0,0.0,0.798,0.437,0.0,0.412,0.41,0.0,1.0,0.971
0,2023.07.19 15:02:40,XPDUSDm,BREAKOUT_RETEST,SELL,4,1288.84,1298.39,1279.28,1.0,0.499,1300.70275,1304.9865,1287.8515,1,0.4,1.144,-1.0688,1300.4925,1258.2905,1298.285,1248.768,1,0.028,0.5,2,1300.70275,0.707,0.598,0,0.0,0.0,1292.8895,0.0,0.0,0,0,0,0.789,-0.8144,-0.0487,0.814,0.276,2,0.583,2,0.172,1299.846,1279.284,0.992,0.861,0.0,2,0.25,0,0.583,1.226,3.0,0.409,0.366,1,1300.70275,8,0.741,0.0,0.317,0.244,0.088,0.744,0.934,1401.1265,1236.61438,1233.35012,-18.9821,2.2734,-1,1487.7565,0.429,1331.8225,0.309,1236.5295,0.47,-1,0.315,1,0,12488,0.682,0.585,0.396,2130.0,2222.8,1.919,1109.9,0.0,1,0,0.535,2893.86,1,0,0.72,2893.86,-1,144.606,0.18,0.82,8.8,1.0,0.0,0.77,0.0,0.5,0.0,0.709,0.259,0.5,0.529,0.0,0.259,0.0,0,0,0.407,0.677,0.0,0.67,0.0,0.555,0.435,0.0,0.465,0.436,0.0,1.0,0.913
0,2023.07.19 15:02:59,XPDUSDm,PULLBACK,SELL,4,1288.84,1294.0,1280.14,1.69,0.552,1300.70275,1304.9865,1287.8515,1,0.4,1.144,-1.0688,1300.4925,1258.2905,1298.285,1248.768,1,0.028,0.5,2,1300.70275,0.707,0.598,0,0.0,0.0,1292.8895,0.0,0.0,0,0,0,0.789,-0.8144,-0.0487,0.814,0.276,2,0.583,2,0.172,1299.846,1279.284,0.992,0.861,0.0,2,0.25,0,0.583,1.226,3.0,0.409,0.366,1,1300.70275,8,0.741,0.0,0.317,0.244,0.088,0.744,0.934,1401.1265,1236.61438,1233.35012,-18.9821,2.2734,-1,1487.7565,0.429,1331.8225,0.309,1236.5295,0.47,-1,0.315,1,0,12488,0.682,0.585,0.396,2130.0,2225.8,1.919,1109.9,0.0,1,0,0.535,2893.86,1,0,0.72,2893.86,-1,144.606,0.18,0.82,8.8,1.0,0.0,0.77,0.0,0.5,0.0,0.709,0.252,0.5,0.529,0.0,0.259,0.0,0,0,0.411,0.677,0.0,0.67,0.0,0.555,0.435,0.0,0.465,0.436,0.0,1.0,0.913
0,2023.07.19 15:05:40,XPDUSDm,BREAKOUT,SELL,4,1289.39,1298.39,1280.14,1.03,0.328,1300.70275,1304.9865,1287.8515,1,0.4,1.144,-1.0192,1300.4925,1258.2905,1298.285,1248.768,1,0.028,0.5,2,1300.70275,0.707,0.598,0,0.0,0.0,1292.8895,0.0,0.0,0,0,0,0.789,-0.8144,-0.0487,0.814,0.276,2,0.583,2,0.172,1299.846,1279.284,0.942,0.911,0.0,2,0.25,0,0.583,1.226,3.0,0.409,0.366,1,1300.70275,8,0.741,0.0,0.317,0.244,0.088,0.744,0.934,1401.1265,1236.61438,1233.35012,-18.9821,2.2734,-1,1487.7565,0.429,1331.8225,0.309,1236.5295,0.47,-1,0.315,1,0,12488,0.682,0.585,0.396,2051.0,2251.4,1.8479,1109.9,0.0,1,0,0.535,2893.86,1,0,0.72,2893.86,-1,144.556,0.18,0.82,8.8,1.0,0.0,0.99,0.0,0.5,0.0,0.75,0.268,0.5,0.496,0.0,0.238,0.0,0,0,0.383,0.677,0.0,0.893,0.0,0.611,0.435,0.0,0.468,0.436,0.0,1.0,0.913
0,2023.07.19 15:12:40,XPDUSDm,TREND_CONTINUATION,SELL,4,1294.99,1308.31,1280.14,1.11,0.472,1300.70275,1304.9865,1287.8515,1,0.4,1.144,-0.5147,1300.4925,1258.2905,1298.285,1248.768,1,0.033,0.5,2,1300.70275,0.707,0.598,0,0.0,0.0,1292.8895,0.0,0.0,0,0,0,0.789,-0.8144,-0.0487,0.814,0.233,2,0.583,2,0.172,1299.846,1305.84325,0.438,0.978,0.0,2,0.25,0,0.583,1.245,3.0,0.415,0.368,1,1300.70275,8,0.741,0.125,0.33,0.244,0.088,0.744,0.918,1401.1265,1236.61438,1233.35012,-18.9821,2.2734,-1,1487.7565,0.429,1331.8225,0.309,1236.5295,0.47,-1,0.315,1,0,12488,0.682,0.585,0.396,2486.0,2281.0,2.2398,1109.9,0.0,1,0,0.535,2893.86,1,0,0.72,2893.86,-1,144.052,0.18,0.82,8.8,1.0,0.0,0.04,0.0,0.5,0.0,1.0,0.41,0.5,0.486,0.0,0.242,0.0,0,0,0.297,0.669,0.0,0.972,0.0,0.611,0.572,0.0,0.45,0.436,0.0,1.0,0.913
0,2023.07.19 17:00:30,XPDUSDm,ANCHORED_PULLBACK,SELL,3,1298.85,1300.93,1294.87,1.91,0.505,1301.27975,1302.758,1294.874,1,0.04,0.643,-0.2104,1300.71925,1258.2905,1298.285,1248.768,0,0.035,0.4,0,1301.27975,0.714,0.53,0,0.0,0.0,1297.46325,0.0,0.0,0,0,1,0.739,-0.9391,-0.0424,0.939,0.776,2,0.599,2,0.016,1300.29425,1306.20725,0.125,0.637,0.0,2,0.0,0,0.599,1.001,3.0,0.334,0.374,1,1302.758,4,0.6,0.75,0.067,0.282,0.0,0.845,0.918,1424.44287,1236.61438,1233.35012,-17.8919,1.0902,-1,1487.7565,0.413,1331.8225,0.312,1236.5295,0.472,-1,0.259,1,0,12490,0.689,0.581,0.4,2560.0,2377.7,2.217,1154.7,0.0,1,0,0.535,2893.86,1,0,0.72,2893.86,-1,138.13,0.165,0.835,10.7,1.0,0.0,0.0,0.0,0.5,0.0,0.835,0.627,0.5,0.804,0.0,0.181,0.0,0,0,0.39,0.882,0.0,1.0,0.0,0.355,0.65,0.0,0.45,0.421,0.0,1.0,0.889
0,2023.07.19 17:02:40,XPDUSDm,BREAKOUT_RETEST,SELL,3,1298.13,1301.59,1290.93,2.08,0.488,1301.27975,1302.758,1294.874,1,0.04,0.643,-0.2728,1300.71925,1258.2905,1298.285,1248.768,1,0.035,0.4,0,1301.27975,0.714,0.53,0,0.0,0.0,1297.46325,0.0,0.0,0,0,1,0.739,-0.9391,-0.0424,0.939,0.707,2,0.599,2,0.016,1297.33775,1291.42475,0.069,0.581,0.0,2,0.0,0,0.599,1.032,3.0,0.344,0.361,1,1302.758,4,0.6,0.863,0.088,0.282,0.0,0.712,0.755,1424.44287,1236.61438,1233.35012,-17.8919,1.0902,-1,1487.7565,0.413,1331.8225,0.312,1236.5295,0.472,-1,0.259,1,0,12490,0.689,0.581,0.4,2555.0,2407.2,2.2127,1154.7,0.0,1,0,0.535,2893.86,1,0,0.72,2893.86,-1,138.193,0.165,0.835,10.7,1.0,0.0,0.07,0.0,0.5,0.0,0.835,0.574,0.5,0.804,0.0,0.193,0.0,0,0,0.363,0.816,0.0,0.99,0.0,0.329,0.543,0.0,0.458,0.421,0.0,1.0,0.96
0,2023.07.19 17:05:00,XPDUSDm,PULLBACK,SELL,3,1296.87,1314.19,1262.23,2.0,0.546,1301.27975,1302.758,1294.874,1,0.04,0.643,-0.3819,1300.71925,1258.2905,1298.285,1248.768,1,0.033,0.4,0,1301.27975,0.714,0.53,0,0.0,0.0,1297.46325,0.0,0.0,0,0,1,0.739,-0.9391,-0.0424,0.939,0.775,2,0.599,2,0.016,1297.33775,1291.42475,0.041,0.472,0.0,2,0.0,0,0.599,1.001,3.0,0.334,0.358,1,1301.27975,8,0.743,0.919,0.068,0.282,0.0,0.712,0.755,1424.44287,1236.61438,1233.35012,-17.8919,1.0902,-1,1487.7565,0.413,1331.8225,0.312,1236.5295,0.472,-1,0.259,1,0,12490,0.689,0.581,0.4,2553.0,2436.6,2.2109,1154.7,0.0,1,0,0.535,2893.86,1,0,0.72,2893.86,-1,138.302,0.165,0.835,10.7,1.0,0.0,0.06,0.0,0.5,0.0,0.694,0.557,0.5,0.871,0.0,0.227,0.0,0,0,0.387,0.816,0.0,0.99,0.0,0.329,0.435,0.0,0.458,0.421,0.0,1.0,0.96
0,2023.07.19 17:09:59,XPDUSDm,BREAKOUT,SELL,3,1296.55,1313.87,1267.68,1.67,0.363,1301.27975,1302.758,1294.874,1,0.04,0.643,-0.4096,1300.71925,1258.2905,1298.285,1248.768,1,0.033,0.4,0,1301.27975,0.714,0.53,0,0.0,0.0,1297.46325,0.0,0.0,0,0,1,0.739,-0.9391,-0.0424,0.939,0.606,2,0.599,2,0.016,1297.33775,1291.42475,0.068,0.444,0.0,2,0.0,0,0.599,1.077,3.0,0.359,0.366,1,1301.27975,8,0.743,0.864,0.118,0.282,0.0,0.712,0.755,1424.44287,1236.61438,1233.35012,-17.8919,1.0902,-1,1487.7565,0.413,1331.8225,0.312,1236.5295,0.472,-1,0.259,1,0,12490,0.689,0.581,0.4,2550.0,2483.2,2.2083,1154.7,0.0,1,0,0.535,2893.86,1,0,0.72,2893.86,-1,138.329,0.165,0.835,10.7,1.0,0.0,0.15,0.0,0.5,0.0,0.817,0.579,0.5,0.871,0.0,0.215,0.0,0,0,0.395,0.816,0.0,1.0,0.0,0.299,0.435,0.0,0.445,0.421,0.0,1.0,0.914
0,2023.07.19 17:13:30,XPDUSDm,TREND_CONTINUATION,SELL,3,1295.56,1309.42,1266.69,2.08,0.467,1301.27975,1302.758,1294.874,1,0.04,0.643,-0.4953,1300.71925,1258.2905,1298.285,1248.768,1,0.032,0.4,0,1301.27975,0.714,0.53,0,0.0,0.0,1297.46325,0.0,0.0,0,0,1,0.739,-0.9391,-0.0424,0.939,0.629,2,0.599,2,0.016,1297.33775,1291.42475,0.154,0.358,0.0,2,0.0,0,0.599,1.067,3.0,0.356,0.365,1,1301.27975,8,0.743,0.692,0.111,0.282,0.0,0.712,0.755,1424.44287,1236.61438,1233.35012,-17.8919,1.0902,-1,1487.7565,0.413,1331.8225,0.312,1236.5295,0.472,-1,0.259,1,0,12490,0.689,0.581,0.4,2575.0,2515.8,2.23,1154.7,0.0,1,0,0.535,2893.86,1,0,0.72,2893.86,-1,138.415,0.165,0.835,10.7,1.0,0.0,0.12,0.0,0.5,0.0,0.643,0.583,0.5,0.545,0.0,0.291,0.0,0,0,0.33,0.816,0.0,1.0,0.0,0.299,0.435,0.0,0.445,0.421,0.0,1.0,0.914
0,2023.07.19 19:00:30,XPDUSDm,MEAN_REVERSION,SELL,3,1300.38,1309.3,1292.9,0.84,0.707,1298.32325,1300.787,1292.903,1,0.008,0.169,0.1844,1300.71925,1296.3805,1313.521,1264.004,1,0.004,0.4,0,1299.30875,0.587,0.309,0,0.0,0.0,0.0,0.0,0.0,0,0,0,0.178,0.4131,0.016,0.413,0.804,0,0.765,0,0.916,1298.816,1302.26525,0.14,0.169,0.0,2,0.45,0,0.765,0.988,3.0,0.329,0.461,1,1292.903,5,0.6,0.72,0.239,0.124,0.341,0.862,0.957,1424.44287,1236.61438,1233.35012,-17.8919,1.0902,-1,1487.7565,0.413,1331.8225,0.312,1236.5295,0.472,-1,0.259,1,0,12492,0.689,0.581,0.4,1673.0,1735.4,1.4999,1115.4,0.0,1,0,0.535,2893.86,1,0,0.72,2893.86,-1,142.858,0.165,0.835,10.7,1.0,0.0,0.96,0.0,0.5,0.0,0.954,0.875,0.5,0.59,0.0,0.482,0.0,0,0,0.595,0.76,0.0,1.0,0.0,0.33,0.56,0.0,0.451,0.421,0.0,1.0,0.688
0,2023.07.19 22:10:30,XPDUSDm,BREAKOUT,SELL,1,1293.15,1299.36,1266.36,4.31,0.386,1300.20225,1302.43,1297.9745,0,0.48,0.114,-0.658,1300.71925,1300.1895,1313.521,1264.004,1,0.007,0.35,2,1301.47525,0.731,0.811,0,0.0,0.0,0.0,0.0,0.0,0,0,0,0.55,0.58,0.1288,0.58,0.272,0,0.742,3,0.526,1298.29275,1294.47375,0.48,0.124,-0.1782,1,0.15,1,1.0,0.778,3.0,0.259,0.485,1,1300.20225,1,0.7,0.04,0.578,0.174,0.053,0.807,0.83,1478.52142,1236.61438,1233.35012,-19.998,-2.1061,-2,1486.69406,0.414,1331.41387,0.338,1331.41387,0.338,1,0.251,1,0,12494,0.689,0.581,0.4,2967.0,1584.0,2.7685,1071.7,0.0,1,0,0.535,2893.86,1,0,0.72,2893.86,-1,149.36,0.166,0.834,12.3,0.0,0.0,0.0,0.0,0.5,0.0,0.856,0.804,0.5,0.414,0.0,0.232,0.0,0,0,0.399,0.411,0.0,0.893,0.0,0.099,0.404,0.0,0.435,0.41,0.0,1.0,0.619
0,2023.07.20 00:10:30,XPDUSDm,BREAKOUT,SELL,1,1286.86,1299.58,1260.76,2.05,0.47,1300.26875,1302.43,1298.1075,0,1.185,0.44,-1.2844,1300.71925,1300.1895,1309.712,1264.004,1,0.013,0.25,4,1301.99775,0.744,0.0,2,0.0,0.0,0.0,1302.03275,1.519,0,0,0,0.575,-0.618,-0.0416,0.618,0.222,0,0.842,3,1.0,1299.40425,1293.35275,1.202,0.622,0.0,2,0.0,0,0.842,0.606,1.453,0.417,0.51,2,1300.26875,1,0.7,0.0,0.233,0.185,0.15,0.833,0.99,1400.9599,1236.61438,1233.35012,-19.8176,0.1804,-1,1409.28971,0.419,1325.99163,0.362,1325.99163,0.362,1,0.349,1,0,12496,0.689,0.581,0.4,4047.0,3675.2,3.8764,1044.0,0.0,1,0,0.535,2893.86,1,0,0.72,2893.86,-1,153.927,0.124,0.876,8.5,1.0,0.0,0.34,0.0,0.5,0.0,0.316,0.762,0.5,0.615,0.0,0.649,0.0,0,0,0.601,0.595,0.0,1.0,0.0,0.27,0.307,0.0,0.505,0.41,0.0,1.0,0.914
0,2023.07.20 00:13:30,XPDUSDm,TREND_CONTINUATION,SELL,1,1286.76,1299.58,1260.66,2.04,0.419,1300.26875,1302.43,1298.1075,0,1.185,0.44,-1.2939,1300.71925,1300.1895,1309.712,1264.004,1,0.013,0.25,4,1301.99775,0.744,0.0,2,0.0,0.0,0.0,1302.03275,1.519,0,0,0,0.575,-0.618,-0.0416,0.618,0.222,0,0.842,3,1.0,1299.40425,1293.35275,1.211,0.631,0.0,2,0.0,0,0.842,0.61,1.463,0.417,0.511,2,1300.26875,1,0.7,0.0,0.233,0.185,0.15,0.833,0.99,1400.9599,1236.61438,1233.35012,-19.8176,0.1804,-1,1409.28971,0.419,1325.99163,0.362,1325.99163,0.362,1,0.349,1,0,12496,0.689,0.581,0.4,4020.0,3773.4,3.8506,1044.0,0.0,1,0,0.535,2893.86,1,0,0.72,2893.86,-1,153.937,0.124,0.876,8.5,1.0,0.0,0.47,0.0,0.5,0.0,0.316,0.71,0.5,0.615,0.0,0.649,0.0,0,0,0.57,0.595,0.0,1.0,0.0,0.27,0.306,0.0,0.505,0.41,0.0,1.0,0.914
0,2023.07.20 01:00:00,XPDUSDm,BREAKOUT_RETEST,SELL,1,1295.48,1301.13,1284.35,1.97,0.727,1301.9665,1302.43,1290.379,1,0.457,0.0,-0.6394,1300.71925,1300.1895,1313.521,1267.813,1,0.005,0.65,2,1301.9665,0.8,0.392,0,0.0,0.0,1290.46525,1302.03275,0.646,0,0,0,0.75,-0.72,-0.0872,0.72,0.029,2,0.426,3,1.0,1301.0395,1295.941,0.548,0.045,0.7618,0,0.15,2,1.0,0.385,0.646,0.596,0.508,2,1301.9665,8,0.76,0.0,0.351,0.916,0.053,0.882,0.985,1400.9599,1236.61438,1233.35012,-19.8176,0.1804,-1,1409.28971,0.419,1325.99163,0.362,1325.99163,0.362,1,0.349,1,0,12497,0.689,0.581,0.4,2976.0,3140.8,2.9335,1014.5,0.0,1,0,0.535,2893.86,1,0,0.72,2893.86,-1,157.553,0.124,0.876,8.5,1.0,0.0,0.93,0.0,0.5,0.0,0.553,0.888,0.5,0.452,0.0,0.649,0.0,0,0,0.628,0.558,0.0,1.0,0.0,0.571,0.511,0.0,0.413,0.41,0.0,1.0,0.927
0,2023.07.20 01:00:00,XPDUSDm,PULLBACK,SELL,1,1295.48,1301.13,1267.81,4.9,0.534,1301.9665,1302.43,1290.379,1,0.457,0.0,-0.6394,1300.71925,1300.1895,1313.521,1267.813,1,0.005,0.65,2,1301.9665,0.8,0.392,0,0.0,0.0,1290.46525,1302.03275,0.646,0,0,0,0.75,-0.72,-0.0872,0.72,0.029,2,0.526,3,1.0,1301.0395,1295.941,0.548,0.045,0.0,2,0.15,0,0.526,0.288,0.646,0.446,0.378,1,1301.9665,8,0.76,0.0,0.351,0.216,0.053,0.882,0.985,1400.9599,1236.61438,1233.35012,-19.8176,0.1804,-1,1409.28971,0.419,1325.99163,0.362,1325.99163,0.362,1,0.349,1,0,12497,0.689,0.581,0.4,2976.0,3136.6,2.9335,1014.5,0.0,1,0,0.535,2893.86,1,0,0.72,2893.86,-1,157.553,0.124,0.876,8.5,1.0,0.0,0.92,0.0,0.5,0.0,0.658,0.888,0.5,0.514,0.0,0.56,0.0,0,0,0.611,0.549,0.0,1.0,0.0,0.276,0.516,0.0,0.455,0.41,0.0,1.0,0.837
0,2023.07.20 02:11:30,XPDUSDm,BREAKOUT,SELL,1,1297.49,1301.53,1273.32,5.98,0.271,1300.5675,1302.95,1289.608,1,0.029,0.563,-0.3183,1300.763,1300.1895,1313.521,1267.813,1,0.003,0.7,2,1300.5675,0.761,0.0,1,0.0,0.0,0.0,0.0,0.0,0,0,0,0.486,-0.516,-0.042,0.516,0.217,2,0.621,3,0.957,1300.091,1294.8495,0.269,0.273,0.0,2,0.25,4,0.586,1.552,3.0,0.517,0.502,2,1300.5675,8,0.752,0.462,0.335,0.155,0.088,0.741,0.891,1400.9599,1236.61438,1233.35012,-19.8176,0.1804,-1,1409.28971,0.419,1325.99163,0.362,1325.99163,0.362,1,0.349,1,0,12498,0.689,0.581,0.4,2266.0,2288.6,2.3437,966.9,0.0,1,0,0.535,2893.86,1,0,0.72,2893.86,-1,165.109,0.124,0.876,8.5,1.0,0.0,0.66,0.0,0.5,0.0,0.569,0.5,0.5,0.423,0.0,0.591,0.0,0,0,0.363,0.698,0.0,0.909,0.0,0.235,0.545,0.0,0.433,0.41,0.0,1.0,0.786
0,2023.07.20 02:13:30,XPDUSDm,TREND_CONTINUATION,SELL,1,1297.72,1309.32,1273.55,2.08,0.375,1300.5675,1302.95,1289.608,1,0.029,0.563,-0.2945,1300.763,1300.1895,1313.521,1267.813,1,0.003,0.7,2,1300.5675,0.761,0.0,1,0.0,0.0,0.0,0.0,0.0,0,0,0,0.486,-0.516,-0.042,0.516,0.217,2,0.621,3,0.957,1300.091,1294.8495,0.245,0.297,0.0,2,0.25,4,0.586,1.552,3.0,0.517,0.502,2,1302.95,4,0.6,0.51,0.335,0.155,0.088,0.741,0.891,1400.9599,1236.61438,1233.35012,-19.8176,0.1804,-1,1409.28971,0.419,1325.99163,0.362,1325.99163,0.362,1,0.349,1,0,12498,0.689,0.581,0.4,2264.0,2284.6,2.3416,966.9,0.0,1,0,0.535,2893.86,1,0,0.72,2893.86,-1,165.085,0.124,0.876,8.5,1.0,0.0,0.82,0.0,0.5,0.0,0.626,0.5,0.5,0.508,0.0,0.65,0.0,0,0,0.412,0.698,0.0,0.909,0.0,0.235,0.529,0.0,0.433,0.41,0.0,1.0,0.786
0,2023.07.20 02:32:40,XPDUSDm,MEAN_REVERSION,SELL,1,1299.99,1307.72,1285.49,1.87,0.647,1300.5675,1302.95,1289.608,1,0.029,0.563,-0.0597,1300.763,1300.1895,1313.521,1267.813,1,0.0,0.7,2,1300.5675,0.761,0.0,1,0.0,0.0,0.0,0.0,0.0,0,0,0,0.486,-0.516,-0.042,0.516,0.596,2,0.621,3,0.957,1300.091,1294.8495,0.01,0.532,0.0,2,0.25,4,0.586,1.382,3.0,0.461,0.482,1,1302.95,4,0.6,0.979,0.221,0.155,0.088,0.741,0.891,1400.9599,1236.61438,1233.35012,-19.8176,0.1804,-1,1409.28971,0.419,1325.99163,0.362,1325.99163,0.362,1,0.349,1,0,12498,0.689,0.581,0.4,2008.0,2140.0,2.0768,966.9,0.0,1,0,0.535,2893.86,1,0,0.72,2893.86,-1,164.851,0.124,0.876,8.5,1.0,0.0,0.99,0.0,0.5,0.0,0.546,0.964,0.5,0.711,0.0,0.653,0.0,0,0,0.753,0.761,0.0,0.909,0.0,0.235,0.539,0.0,0.458,0.41,0.0,1.0,0.718
0,2023.07.20 03:00:00,XPDUSDm,BREAKOUT_RETEST,SELL,1,1301.42,1304.06,1290.56,4.12,0.35,1300.5675,1302.95,1290.561,1,0.097,0.748,0.097,1300.763,1300.59225,1313.6105,1268.9765,1,0.001,0.65,2,1300.5675,0.696,0.394,0,0.0,0.0,1298.7925,0.0,0.0,0,0,0,0.383,-0.5727,-0.0228,0.573,0.326,2,0.614,3,0.892,1300.5675,1294.8495,0.097,0.748,-0.1085,1,0.3,0,0.614,1.203,3.0,0.401,0.485,1,1290.561,5,0.6,0.806,0.622,0.172,0.105,1.0,0.891,1400.9599,1236.61438,1233.35012,-19.8176,0.1804,-1,1409.28971,0.419,1325.99163,0.362,1325.99163,0.362,1,0.349,1,0,12499,0.689,0.581,0.4,1686.0,1883.9,1.9193,878.4,0.0,1,0,0.535,2893.86,1,0,0.72,2893.86,0,181.283,0.124,0.876,8.5,1.0,0.5,0.99,0.0,0.5,0.0,0.454,0.793,0.5,0.993,0.0,0.576,0.0,0,0,0.704,0.8,0.0,0.97,0.0,0.205,0.554,0.0,0.507,0.41,0.0,1.0,0.845
0,2023.07.20 03:00:20,XPDUSDm,ANCHORED_PULLBACK,SELL,1,1301.42,1301.43,1290.56,1085.9,0.438,1300.5675,1302.95,1290.561,1,0.097,0.748,0.097,1300.763,1300.59225,1313.6105,1268.9765,1,0.001,0.65,2,1300.5675,0.696,0.394,0,0.0,0.0,1298.7925,0.0,0.0,0,0,0,0.383,-0.5727,-0.0228,0.573,0.326,2,0.614,3,0.892,1300.5675,1294.8495,0.097,0.748,0.0,2,0.0,0,0.614,1.203,3.0,0.401,0.53,2,1290.561,5,0.6,0.806,0.202,0.172,0.0,1.0,0.891,1400.9599,1236.61438,1233.35012,-19.8176,0.1804,-1,1409.28971,0.419,1325.99163,0.362,1325.99163,0.362,1,0.349,1,0,12499,0.689,0.581,0.4,1686.0,1879.0,1.9193,878.4,0.0,1,0,0.535,2893.86,1,0,0.72,2893.86,0,181.283,0.124,0.876,8.5,1.0,0.5,0.97,0.0,0.5,0.0,0.454,0.788,0.5,0.993,0.0,0.593,0.0,0,0,0.708,0.808,0.0,1.0,0.0,0.314,0.554,0.0,0.507,0.41,0.0,1.0,0.897
0,2023.07.20 04:21:40,XPDUSDm,BREAKOUT,SELL,1,1298.02,1308.62,1280.36,1.67,0.23,1300.7035,1303.251,1296.118,1,0.142,0.719,-0.3798,1300.763,1301.53725,1313.8205,1271.7065,1,0.005,0.35,2,1300.7035,0.688,0.563,0,0.0,0.0,1300.935,0.0,0.0,0,0,0,0.396,-0.3959,-0.0182,0.396,0.408,0,0.765,3,0.889,1298.156,1294.5895,0.019,0.486,0.0,2,0.25,0,0.765,1.167,3.0,0.389,0.444,1,1300.7035,8,0.738,0.962,0.278,0.119,0.088,0.345,0.92,1237.67867,1236.61438,1233.35012,-18.6658,1.1518,-1,1409.7895,0.417,1331.8225,0.315,1236.5295,0.484,-1,0.287,1,0,12500,0.694,0.585,0.406,1572.0,1470.4,2.2248,706.6,0.0,1,0,0.535,2893.86,1,0,0.72,2893.86,0,225.857,0.034,0.966,0.2,1.0,0.5,0.0,0.0,0.5,0.0,0.801,0.763,0.5,0.548,0.0,0.49,0.0,0,0,0.518,0.8,0.733,1.0,0.0,0.412,0.495,0.0,0.5,0.41,0.0,1.0,0.858
0,2023.07.20 04:21:59,XPDUSDm,PULLBACK,SELL,1,1298.02,1308.62,1271.71,2.48,0.415,1300.7035,1303.251,1296.118,1,0.142,0.719,-0.3798,1300.763,1301.53725,1313.8205,1271.7065,1,0.005,0.35,2,1300.7035,0.688,0.563,0,0.0,0.0,1300.935,0.0,0.0,0,0,0,0.396,-0.3959,-0.0182,0.396,0.408,0,0.765,3,0.889,1298.156,1294.5895,0.019,0.486,0.0,2,0.25,0,0.765,1.167,3.0,0.389,0.444,1,1300.7035,8,0.738,0.962,0.278,0.119,0.088,0.345,0.92,1237.67867,1236.61438,1233.35012,-18.6658,1.1518,-1,1409.7895,0.417,1331.8225,0.315,1236.5295,0.484,-1,0.287,1,0,12500,0.694,0.585,0.406,1572.0,1471.5,2.2248,706.6,0.0,1,0,0.535,2893.86,1,0,0.72,2893.86,0,225.857,0.034,0.966,0.2,1.0,0.5,0.0,0.0,0.5,0.0,0.801,0.756,0.5,0.548,0.0,0.49,0.0,0,0,0.514,0.8,0.733,1.0,0.0,0.412,0.495,0.0,0.5,0.41,0.0,1.0,0.858
0,2023.07.20 04:22:00,XPDUSDm,TREND_CONTINUATION,SELL,1,1298.11,1306.59,1280.45,2.08,0.313,1300.7035,1303.251,1296.118,1,0.142,0.719,-0.3671,1300.763,1301.53725,1313.8205,1271.7065,1,0.005,0.35,2,1300.7035,0.688,0.563,0,0.0,0.0,1300.935,0.0,0.0,0,0,0,0.396,-0.3959,-0.0182,0.396,0.408,0,0.765,3,0.889,1298.156,1294.5895,0.007,0.498,0.0,2,0.25,0,0.765,1.167,3.0,0.389,0.444,1,1300.7035,8,0.738,0.987,0.278,0.119,0.088,0.345,0.92,1237.67867,1236.61438,1233.35012,-18.6658,1.1518,-1,1409.7895,0.417,1331.8225,0.315,1236.5295,0.484,-1,0.287,1,0,12500,0.694,0.585,0.406,1758.0,1474.5,2.4881,706.6,0.0,1,0,0.535,2893.86,1,0,0.72,2893.86,0,225.844,0.034,0.966,0.2,1.0,0.5,0.0,0.0,0.5,0.0,0.921,0.792,0.5,0.582,0.0,0.539,0.0,0,0,0.566,0.8,0.733,1.0,0.0,0.412,0.424,0.0,0.5,0.41,0.0,1.0,0.858
0,2023.07.20 05:00:20,XPDUSDm,ANCHORED_PULLBACK,SELL,1,1295.23,1298.29,1282.15,4.28,0.439,1300.7035,1302.232,1296.118,0,0.223,0.089,-0.8367,1300.763,1301.53725,1310.311,1271.7065,1,0.01,0.3,2,1300.7035,0.688,0.644,0,0.0,0.0,1296.32325,0.0,0.0,0,0,0,0.647,-0.4164,-0.0164,0.416,0.209,0,0.714,3,0.54,1297.6465,1294.08,0.369,0.176,0.0,2,0.4,0,0.714,1.256,3.0,0.419,0.387,1,1297.6465,2,0.55,0.261,0.397,0.125,0.14,0.435,0.94,1237.67867,1236.61438,1233.35012,-18.6658,1.1518,-1,1409.7895,0.417,1331.8225,0.315,1236.5295,0.484,-1,0.287,1,0,12501,0.694,0.585,0.406,1875.0,1791.2,2.866,654.2,0.0,1,0,0.535,2893.86,1,0,0.72,2893.86,0,244.359,0.034,0.966,0.2,1.0,0.5,0.02,0.0,0.5,0.0,1.0,0.448,0.5,0.538,0.0,0.569,0.0,0,0,0.42,0.685,0.0,0.934,0.0,0.408,0.424,0.0,0.504,0.41,0.0,1.0,0.912
0,2023.07.20 05:17:40,XPDUSDm,BREAKOUT_RETEST,SELL,1,1297.23,1301.36,1293.06,1.01,0.407,1300.7035,1302.232,1296.118,1,0.223,0.089,-0.5309,1300.763,1301.53725,1310.311,1271.7065,1,0.007,0.3,2,1300.7035,0.688,0.644,0,0.0,0.0,1296.32325,0.0,0.0,0,0,0,0.647,-0.4164,-0.0164,0.416,0.579,0,0.714,3,0.54,1297.6465,1294.08,0.064,0.481,0.0,2,0.4,0,0.714,1.089,3.0,0.363,0.367,1,1300.7035,8,0.738,0.873,0.286,0.125,0.14,0.435,0.94,1237.67867,1236.61438,1233.35012,-18.6658,1.1518,-1,1409.7895,0.417,1331.8225,0.315,1236.5295,0.484,-1,0.287,1,0,12501,0.694,0.585,0.406,1805.0,1825.8,2.759,654.2,0.0,1,0,0.535,2893.86,1,0,0.72,2893.86,0,244.053,0.034,0.966,0.2,1.0,0.5,0.87,0.0,0.5,0.0,0.725,0.634,0.5,0.557,0.0,0.293,0.0,0,0,0.365,0.776,0.0,0.654,0.0,0.414,0.568,0.0,0.499,0.41,0.0,1.0,0.834
0,2023.07.20 06:21:59,XPDUSDm,BREAKOUT,SELL,1,1291.2,1295.88,1277.03,3.03,0.446,1300.513,1301.958,1295.022,0,0.192,1.416,-1.6427,1300.763,1301.53725,1310.311,1271.7065,1,0.018,0.6,0,1300.513,0.617,0.527,0,0.0,0.0,0.0,0.0,0.0,0,0,0,0.772,-0.6594,-0.0206,0.659,0.247,2,0.62,0,0.73,1295.6,1294.733,0.776,0.623,0.0,2,0.0,0,0.62,1.239,3.0,0.413,0.457,1,1295.6,2,0.55,0.0,0.226,0.198,0.146,0.525,0.723,1237.67867,1236.61438,1233.35012,-18.6658,1.1518,-1,1409.7895,0.417,1331.8225,0.315,1236.5295,0.484,-1,0.287,1,0,12502,0.694,0.585,0.406,1726.0,1727.1,3.0445,566.9,0.0,1,0,0.535,2893.86,1,0,0.72,2893.86,1,282.692,0.034,0.966,0.2,1.0,1.0,0.44,0.0,0.5,0.0,0.414,0.456,0.5,0.515,0.0,0.538,0.0,0,0,0.396,0.731,0.0,0.572,0.0,0.454,0.368,0.0,0.514,0.41,0.0,1.0,0.99
0,2023.07.20 06:22:00,XPDUSDm,PULLBACK,SELL,1,1291.35,1295.88,1271.71,4.34,0.405,1300.513,1301.958,1295.022,0,0.192,1.416,-1.6163,1300.763,1301.53725,1310.311,1271.7065,1,0.018,0.6,0,1300.513,0.617,0.527,0,0.0,0.0,0.0,0.0,0.0,0,0,0,0.772,-0.6594,-0.0206,0.659,0.247,2,0.62,0,0.73,1295.6,1294.733,0.75,0.597,0.0,2,0.0,0,0.62,1.239,3.0,0.413,0.457,1,1295.6,2,0.55,0.0,0.226,0.198,0.146,0.525,0.723,1237.67867,1236.61438,1233.35012,-18.6658,1.1518,-1,1409.7895,0.417,1331.8225,0.315,1236.5295,0.484,-1,0.287,1,0,12502,0.694,0.585,0.406,1736.0,1727.2,3.0621,566.9,0.0,1,0,0.535,2893.86,1,0,0.72,2893.86,1,282.665,0.034,0.966,0.2,1.0,1.0,0.42,0.0,0.5,0.0,0.414,0.444,0.5,0.515,0.0,0.538,0.0,0,0,0.403,0.731,0.0,0.572,0.0,0.454,0.373,0.0,0.514,0.41,0.0,1.0,0.99
0,2023.07.20 06:22:00,XPDUSDm,TREND_CONTINUATION,SELL,1,1291.35,1298.15,1277.18,2.08,0.476,1300.513,1301.958,1295.022,0,0.192,1.416,-1.6163,1300.763,1301.53725,1310.311,1271.7065,1,0.018,0.6,0,1300.513,0.617,0.527,0,0.0,0.0,0.0,0.0,0.0,0,0,0,0.772,-0.6594,-0.0206,0.659,0.247,2,0.62,0,0.73,1295.6,1294.733,0.75,0.597,0.0,2,0.0,0,0.62,1.239,3.0,0.413,0.457,1,1295.6,2,0.55,0.0,0.226,0.198,0.146,0.525,0.723,1237.67867,1236.61438,1233.35012,-18.6658,1.1518,-1,1409.7895,0.417,1331.8225,0.315,1236.5295,0.484,-1,0.287,1,0,12502,0.694,0.585,0.406,1736.0,1727.4,3.0621,566.9,0.0,1,0,0.535,2893.86,1,0,0.72,2893.86,1,282.665,0.034,0.966,0.2,1.0,1.0,0.42,0.0,0.5,0.0,0.414,0.444,0.5,0.515,0.0,0.538,0.0,0,0,0.403,0.731,0.0,0.572,0.0,0.454,0.373,0.0,0.514,0.41,0.0,1.0,0.99
0,2023.07.20 07:00:20,XPDUSDm,ANCHORED_PULLBACK,SELL,1,1293.17,1293.76,1291.44,2.96,0.495,1293.2185,1299.992,1291.436,1,0.009,0.389,-0.009,1300.763,1294.51825,1310.311,1271.7065,1,0.003,0.6,0,1293.2185,0.664,0.36,0,0.0,0.0,1292.386,0.0,0.0,0,0,0,0.812,-0.671,-0.0176,0.671,0.805,2,0.587,0,0.497,1293.2185,1290.723,0.009,0.456,0.0,2,0.0,0,0.587,0.988,3.0,0.329,0.449,1,1291.436,5,0.6,0.982,0.058,0.201,0.099,1.0,0.825,1237.67867,1236.61438,1233.35012,-18.6658,1.1518,-1,1409.7895,0.417,1331.8225,0.315,1236.5295,0.484,-1,0.287,1,0,12503,0.694,0.585,0.406,1590.0,1752.8,2.9621,536.8,0.0,1,0,0.535,2893.86,1,0,0.72,2893.86,1,298.199,0.034,0.966,0.2,1.0,1.0,0.97,0.0,0.5,0.0,0.831,0.81,0.5,0.587,0.0,0.61,0.0,0,0,0.606,0.81,0.0,0.554,0.0,0.497,0.54,0.0,0.536,0.41,0.0,1.0,0.803
0,2023.07.20 07:32:40,XPDUSDm,BREAKOUT_RETEST,SELL,1,1298.0,1300.53,1287.16,4.29,0.516,1293.2185,1299.992,1291.436,1,0.009,0.389,0.8908,1300.763,1294.51825,1310.311,1271.7065,1,0.006,0.6,0,1293.2185,0.664,0.36,0,0.0,0.0,1292.386,0.0,0.0,0,0,0,0.812,-0.671,-0.0176,0.671,0.544,2,0.587,0,0.497,1295.3575,1299.6355,0.492,0.305,0.0,2,0.0,0,0.587,1.105,3.0,0.368,0.437,1,1299.992,4,0.6,0.015,0.137,0.201,0.099,0.793,0.75,1237.67867,1236.61438,1233.35012,-18.6658,1.1518,-1,1409.7895,0.417,1331.8225,0.315,1236.5295,0.484,-1,0.287,1,0,12503,0.694,0.585,0.406,1454.0,1437.9,2.7087,536.8,0.0,1,0,0.535,2893.86,1,0,0.72,2893.86,1,297.299,0.034,0.966,0.2,1.0,1.0,0.26,0.0,0.5,0.0,0.594,0.792,0.5,0.488,0.0,0.346,0.0,0,0,0.46,0.81,0.0,0.66,0.0,0.455,0.583,0.0,0.515,0.41,0.0,1.0,0.834
0,2023.07.20 08:22:20,XPDUSDm,BREAKOUT,SELL,2,1293.54,1295.89,1280.17,5.68,0.152,1295.3575,1297.14,1291.436,1,0.009,0.543,-0.3399,1300.763,1294.51825,1310.311,1275.216,1,0.002,0.4,0,1293.2185,0.65,0.945,0,0.0,0.0,1296.1105,0.0,0.0,0,0,0,0.091,0.0,0.0051,0.151,0.757,0,0.817,3,0.413,1293.2185,1291.0795,0.06,0.46,0.0,2,0.0,0,0.817,1.009,3.0,0.336,0.498,1,1295.3575,1,0.7,0.88,0.073,0.0,0.0,0.992,0.833,1235.42539,1236.61438,1233.35012,-19.3806,-0.7148,-2,1413.78127,0.414,1328.8499,0.354,1328.8499,0.354,1,0.325,1,0,12504,0.694,0.585,0.406,1915.0,1837.6,3.5818,534.6,0.0,1,0,0.535,2893.86,1,0,0.72,2893.86,1,299.325,0.002,0.998,0.1,0.0,1.0,0.64,0.0,0.5,0.0,0.441,0.525,0.5,0.507,0.0,0.381,0.0,0,0,0.32,0.8,0.0,0.651,0.0,0.435,0.503,0.0,0.531,0.41,0.0,1.0,0.838
0,2023.07.20 08:22:20,XPDUSDm,PULLBACK,SELL,2,1293.54,1295.89,1275.22,7.79,0.302,1295.3575,1297.14,1291.436,1,0.009,0.543,-0.3399,1300.763,1294.51825,1310.311,1275.216,1,0.002,0.4,0,1293.2185,0.65,0.945,0,0.0,0.0,1296.1105,0.0,0.0,0,0,0,0.091,0.0,0.0051,0.151,0.757,0,0.817,3,0.413,1293.2185,1291.0795,0.06,0.46,0.0,2,0.0,0,0.817,1.009,3.0,0.336,0.498,1,1295.3575,1,0.7,0.88,0.073,0.0,0.0,0.992,0.833,1235.42539,1236.61438,1233.35012,-19.3806,-0.7148,-2,1413.78127,0.414,1328.8499,0.354,1328.8499,0.354,1,0.325,1,0,12504,0.694,0.585,0.406,1915.0,1841.7,3.5818,534.6,0.0,1,0,0.535,2893.86,1,0,0.72,2893.86,1,299.325,0.002,0.998,0.1,0.0,1.0,0.64,0.0,0.5,0.0,0.441,0.525,0.5,0.507,0.0,0.381,0.0,0,0,0.32,0.8,0.0,0.651,0.0,0.435,0.503,0.0,0.531,0.41,0.0,1.0,0.838
0,2023.07.20 08:51:40,XPDUSDm,TREND_CONTINUATION,SELL,2,1290.81,1297.23,1277.44,2.08,0.191,1295.3575,1297.14,1291.436,0,0.009,0.543,-0.8506,1300.763,1294.51825,1310.311,1275.216,1,0.007,0.4,0,1293.2185,0.65,0.945,0,0.0,0.0,1296.1105,0.0,0.0,0,0,0,0.091,0.0,0.0051,0.151,0.141,0,0.817,3,0.413,1293.2185,1291.0795,0.45,0.05,0.0,2,0.0,0,0.817,1.286,3.0,0.429,0.53,2,1293.2185,8,0.73,0.099,0.258,0.0,0.0,0.992,0.833,1235.42539,1236.61438,1233.35012,-19.3806,-0.7148,-2,1413.78127,0.414,1328.8499,0.354,1328.8499,0.354,1,0.325,1,0,12504,0.694,0.585,0.406,2211.0,2014.5,4.1355,534.6,0.0,1,0,0.535,2893.86,1,0,0.72,2893.86,1,299.836,0.002,0.998,0.1,0.0,1.0,0.0,0.0,0.5,0.0,0.896,0.626,0.5,0.447,0.0,0.313,0.0,0,0,0.335,0.821,0.0,0.678,0.0,0.368,0.436,0.0,0.526,0.41,0.0,1.0,0.867
0,2023.07.20 09:00:40,XPDUSDm,ANCHORED_PULLBACK,SELL,2,1291.19,1293.72,1280.08,4.39,0.259,1295.463,1296.324,1292.88,0,0.379,1.309,-0.7693,1300.70275,1294.51825,1310.311,1275.216,1,0.006,0.3,4,1293.167,0.771,0.692,0,0.0,0.0,1294.915,0.0,0.0,0,0,0,0.675,0.685,0.0667,0.685,0.358,0,0.686,0,0.79,1293.167,1298.333,0.356,1.286,0.0,2,0.0,0,0.686,1.189,3.0,0.396,0.522,2,1293.167,8,0.754,0.288,0.193,0.206,0.308,0.903,0.969,1235.42539,1236.61438,1233.35012,-19.3806,-0.7148,-2,1413.78127,0.414,1328.8499,0.354,1328.8499,0.354,1,0.325,1,0,12505,0.694,0.585,0.406,2208.0,2156.7,3.9753,555.4,0.0,1,0,0.535,2893.86,1,0,0.72,2893.86,1,288.547,0.002,0.998,0.1,0.0,1.0,0.46,0.0,0.5,0.0,0.54,0.614,0.5,0.483,0.0,0.274,0.0,0,0,0.323,0.828,0.0,0.721,0.0,0.374,0.425,0.0,0.546,0.41,0.0,1.0,0.85
0,2023.07.20 09:57:40,XPDUSDm,SWEEP_REVERSAL,SELL,2,1300.56,1306.11,1295.46,0.92,0.212,1295.463,1296.324,1292.88,0,0.379,1.309,0.9177,1300.70275,1294.51825,1310.311,1275.216,1,0.011,0.3,4,1293.167,0.771,0.692,0,0.0,0.0,1294.915,0.0,0.0,0,0,0,0.675,0.685,0.0667,0.685,0.012,0,0.686,0,0.79,1295.463,1300.342,0.918,0.039,0.0,2,0.0,0,0.686,1.344,3.0,0.448,0.538,2,1295.463,1,0.7,0.0,0.296,0.206,0.308,0.89,0.977,1235.42539,1236.61438,1233.35012,-19.3806,-0.7148,-2,1413.78127,0.414,1328.8499,0.354,1328.8499,0.354,1,0.325,1,0,12505,0.694,0.585,0.406,1841.0,1460.3,3.3146,555.4,0.0,1,0,0.535,2893.86,1,0,0.72,2893.86,1,286.86,0.002,0.998,0.1,0.0,1.0,0.1,0.0,0.5,0.0,0.579,0.908,0.5,0.528,0.0,0.742,0.0,0,0,0.7,0.648,0.0,1.0,0.0,0.358,0.804,0.0,0.564,0.41,0.0,1.0,0.85
0,2023.07.20 10:50:30,XPDUSDm,MEAN_REVERSION,SELL,2,1301.84,1306.84,1293.3,1.71,0.68,1293.3015,1296.051,1291.163,0,1.027,0.049,1.3665,1300.70275,1294.51825,1310.311,1275.216,1,0.012,0.4,0,1293.3015,0.71,0.558,0,0.0,0.0,1293.58225,0.0,0.0,0,0,0,0.615,-0.6447,-0.045,0.645,0.065,0,0.775,1,0.061,1295.1345,1300.328,1.073,0.242,0.0,2,0.15,0,0.775,1.321,3.0,0.44,0.428,1,1293.3015,8,0.742,0.0,0.34,0.193,0.053,0.757,0.936,1235.42539,1236.61438,1233.35012,-19.3806,-0.7148,-2,1413.78127,0.414,1328.8499,0.354,1328.8499,0.354,1,0.325,1,0,12506,0.694,0.585,0.406,1420.0,1559.6,2.2725,624.9,0.0,1,0,0.535,2893.86,1,0,0.72,2893.86,1,254.781,0.002,0.998,0.1,0.0,1.0,0.92,0.0,0.5,0.0,1.0,0.748,0.5,0.503,0.0,0.541,0.0,0,0,0.516,0.369,0.0,0.889,0.0,0.364,0.872,0.0,0.528,0.41,0.0,1.0,0.849
0,2023.07.20 10:51:40,XPDUSDm,TREND_CONTINUATION,SELL,2,1302.09,1309.59,1293.3,1.17,0.411,1293.3015,1296.051,1291.163,0,1.027,0.049,1.4065,1300.70275,1294.51825,1310.311,1275.216,1,0.012,0.4,0,1293.3015,0.71,0.558,0,0.0,0.0,1293.58225,0.0,0.0,0,0,0,0.615,-0.6447,-0.045,0.645,0.065,0,0.775,1,0.061,1295.1345,1300.328,1.113,0.282,0.0,2,0.15,0,0.775,1.321,3.0,0.44,0.428,1,1293.3015,8,0.742,0.0,0.34,0.193,0.053,0.757,0.936,1235.42539,1236.61438,1233.35012,-19.3806,-0.7148,-2,1413.78127,0.414,1328.8499,0.354,1328.8499,0.354,1,0.325,1,0,12506,0.694,0.585,0.406,1368.0,1547.5,2.1893,624.9,0.0,1,0,0.535,2893.86,1,0,0.72,2893.86,1,254.741,0.002,0.998,0.1,0.0,1.0,0.99,0.0,0.5,0.0,1.0,0.764,0.5,0.503,0.0,0.541,0.0,0,0,0.526,0.369,0.0,1.0,0.0,0.364,0.875,0.0,0.528,0.41,0.0,1.0,0.849
0,2023.07.20 11:36:40,XPDUSDm,BREAKOUT_RETEST,SELL,2,1297.13,1299.09,1293.24,1.99,0.476,1293.235,1297.85,1290.04,1,0.764,0.111,0.5966,1300.70275,1294.51825,1310.311,1278.7255,1,0.004,0.55,0,1293.235,0.636,0.412,0,0.0,0.0,0.0,0.0,0.0,0,0,0,0.75,-0.545,-0.0843,0.545,0.312,0,0.746,0,0.381,1295.72,1297.495,0.216,0.056,0.0,2,0.4,0,0.746,1.209,3.0,0.403,0.424,1,1293.235,8,0.727,0.568,0.366,0.164,0.216,0.868,0.632,1235.42539,1236.61438,1233.35012,-19.3806,-0.7148,-2,1413.78127,0.414,1328.8499,0.354,1328.8499,0.354,1,0.325,1,0,12507,0.694,0.585,0.406,1399.0,1458.8,2.1429,652.9,0.0,1,0,0.535,2893.86,1,0,0.72,2893.86,1,244.576,0.002,0.998,0.1,0.0,1.0,0.95,0.0,0.5,0.0,1.0,0.479,0.5,0.51,0.0,0.197,0.0,0,0,0.244,0.504,0.0,0.793,0.0,0.343,0.609,0.0,0.488,0.41,0.0,1.0,0.81
0,2023.07.20 11:51:40,XPDUSDm,PULLBACK,SELL,2,1291.67,1301.46,1278.73,1.32,0.53,1293.235,1297.85,1290.04,1,0.764,0.111,-0.2397,1300.70275,1294.51825,1310.311,1278.7255,1,0.004,0.55,0,1293.235,0.636,0.412,0,0.0,0.0,0.0,0.0,0.0,0,0,0,0.75,-0.545,-0.0843,0.545,0.36,0,0.746,0,0.381,1293.59,1289.685,0.294,0.304,0.0,2,0.4,0,0.746,1.188,3.0,0.396,0.425,1,1297.85,4,0.6,0.412,0.352,0.164,0.216,0.897,0.895,1235.42539,1236.61438,1233.35012,-19.3806,-0.7148,-2,1413.78127,0.414,1328.8499,0.354,1328.8499,0.354,1,0.325,1,0,12507,0.694,0.585,0.406,1274.0,1326.9,1.9514,652.9,0.0,1,0,0.535,2893.86,1,0,0.72,2893.86,1,245.412,0.002,0.998,0.1,0.0,1.0,0.59,0.0,0.5,0.634,1.0,0.567,0.5,0.57,0.0,0.194,0.0,0,0,0.289,0.593,0.0,0.839,0.0,0.533,0.483,0.0,0.508,0.41,0.0,1.0,0.771
0,2023.07.20 12:00:00,XPDUSDm,ANCHORED_PULLBACK,SELL,2,1289.82,1294.3,1275.65,3.16,0.662,1296.075,1299.27,1290.75,0,0.482,0.019,-0.8829,1299.842,1294.51825,1310.311,1278.7255,1,0.007,0.6,0,1293.235,0.641,0.515,0,0.0,0.0,1292.196,0.0,0.0,0,0,0,0.512,-0.7173,-0.0453,0.717,0.25,2,0.453,0,0.636,1293.59,1289.685,0.532,0.019,0.1002,0,0.15,2,0.86,1.688,3.0,0.563,0.586,2,1293.235,8,0.728,0.0,0.285,0.915,0.18,0.942,0.821,1400.9599,1236.61438,1233.35012,-19.8607,-0.4801,-2,1409.28971,0.43,1325.99163,0.366,1325.99163,0.366,1,0.356,1,0,12508,0.694,0.585,0.406,1837.0,1487.1,2.5931,708.4,0.0,1,0,0.535,2893.86,1,0,0.72,2893.86,1,226.422,0.12,0.88,8.4,0.0,1.0,0.0,0.0,0.5,0.0,0.667,0.577,0.5,0.419,0.0,0.266,0.0,0,0,0.278,0.547,0.0,1.0,0.0,0.863,0.43,0.0,0.45,0.41,0.0,1.0,0.942
0,2023.07.20 12:51:40,XPDUSDm,TREND_CONTINUATION,SELL,2,1283.98,1292.9,1266.27,1.98,0.402,1296.075,1299.27,1290.75,0,0.482,0.019,-1.7073,1299.842,1294.51825,1310.311,1278.7255,1,0.015,0.6,0,1293.235,0.641,0.515,0,0.0,0.0,1292.196,0.0,0.0,0,0,0,0.512,-0.7173,-0.0453,0.717,0.25,0,0.694,0,0.636,1293.59,1289.685,1.357,0.805,0.0,2,0.15,0,0.694,1.238,3.0,0.413,0.493,1,1293.235,8,0.728,0.0,0.285,0.215,0.18,0.942,0.821,1400.9599,1236.61438,1233.35012,-19.8607,-0.4801,-2,1409.28971,0.43,1325.99163,0.366,1325.99163,0.366,1,0.356,1,0,12508,0.694,0.585,0.406,1970.0,2195.5,2.7808,708.4,0.0,1,0,0.535,2893.86,1,0,0.72,2893.86,1,227.247,0.12,0.88,8.4,0.0,1.0,0.68,0.0,0.5,0.0,0.262,0.538,0.5,0.459,0.0,0.447,0.0,0,0,0.339,0.461,0.0,0.67,0.0,0.552,0.285,0.0,0.511,0.41,0.0,1.0,0.856
0,2023.07.20 13:00:00,XPDUSDm,BREAKOUT,SELL,4,1285.12,1291.95,1265.73,2.84,0.625,1291.17525,1302.2295,1289.2245,0,0.781,0.393,-0.7807,1300.1345,1294.51825,1310.311,1278.7255,1,0.012,0.5,0,1293.77625,0.69,0.0,2,0.0,0.0,1285.31625,0.0,0.0,0,0,0,0.9,-0.79,-0.0541,0.79,0.317,1,0.227,0,0.411,1291.17525,1288.57425,0.781,0.445,0.5782,0,0.0,2,1.0,1.657,3.0,0.552,0.62,2,1291.17525,1,0.7,0.0,0.205,0.937,0.082,1.0,0.898,1400.9599,1236.61438,1233.35012,-19.8607,-0.4801,-2,1409.28971,0.43,1325.99163,0.366,1325.99163,0.366,1,0.356,1,0,12509,0.694,0.585,0.406,2108.0,2250.3,2.7177,775.6,0.0,1,0,0.535,2893.86,1,0,0.72,2893.86,0,207.407,0.12,0.88,8.4,0.0,0.5,0.63,0.0,0.5,0.0,0.314,0.634,0.5,0.459,0.0,0.574,0.0,0,0,0.448,0.603,0.622,1.0,0.071,1.0,0.41,0.0,0.435,0.41,0.0,1.0,0.939
0,2023.07.20 13:52:00,XPDUSDm,PULLBACK,SELL,4,1291.25,1294.55,1282.07,2.78,0.594,1291.17525,1302.2295,1289.2245,1,0.781,0.393,0.0096,1300.1345,1294.51825,1310.311,1278.7255,1,0.004,0.5,0,1293.77625,0.69,0.0,2,0.0,0.0,1285.31625,0.0,0.0,0,0,0,0.9,-0.79,-0.0541,0.79,1.0,2,0.527,0,0.411,1291.17525,1288.57425,0.01,0.345,0.0,2,0.0,0,0.527,0.9,3.0,0.3,0.413,1,1293.77625,8,0.738,0.981,0.0,0.237,0.082,1.0,0.898,1400.9599,1236.61438,1233.35012,-19.8607,-0.4801,-2,1409.28971,0.43,1325.99163,0.366,1325.99163,0.366,1,0.356,1,0,12509,0.694,0.585,0.406,2637.0,2568.6,3.3998,775.6,0.0,1,0,0.535,2893.86,1,0,0.72,2893.86,0,206.617,0.12,0.88,8.4,0.0,0.5,0.26,0.0,0.5,0.0,0.318,0.686,0.5,0.46,0.0,0.823,0.0,0,0,0.579,0.775,0.448,0.99,0.071,0.9,0.481,0.0,0.533,0.41,0.0,1.0,0.74
0,2023.07.20 14:00:00,XPDUSDm,BREAKOUT_RETEST,SELL,4,1293.21,1298.51,1267.12,4.93,0.704,1284.67275,1298.328,1277.52,1,0.538,0.225,1.0281,1300.1345,1295.815,1310.71,1280.92,1,0.003,0.8,0,1284.67275,0.651,0.577,0,0.0,0.0,1292.58125,0.0,0.0,0,0,0,0.65,-0.825,-0.0869,0.825,0.181,1,0.248,3,0.415,1297.67775,1295.07675,0.538,0.225,0.9396,0,0.45,2,1.0,1.719,3.0,0.573,0.533,2,1298.328,4,0.6,0.0,0.426,0.947,0.157,0.787,0.913,1400.9599,1236.61438,1233.35012,-19.8607,-0.4801,-2,1409.28971,0.43,1325.99163,0.366,1325.99163,0.366,1,0.356,1,0,12510,0.699,0.585,0.414,2647.0,2668.8,3.1875,830.4,0.0,1,0,0.535,2893.86,1,0,0.72,2893.86,0,192.75,0.12,0.88,8.4,0.0,0.5,0.62,0.0,0.5,0.0,0.446,0.634,0.5,0.423,0.0,0.653,0.0,0,0,0.468,0.454,0.414,1.0,0.071,1.0,0.563,0.0,0.419,0.41,0.0,1.0,0.81
0,2023.07.20 14:00:00,XPDUSDm,ANCHORED_PULLBACK,SELL,4,1293.21,1295.07,1277.52,8.42,0.531,1284.67275,1298.328,1277.52,1,0.538,0.225,1.0281,1300.1345,1295.815,1310.71,1280.92,1,0.003,0.8,0,1284.67275,0.651,0.577,0,0.0,0.0,1292.58125,0.0,0.0,0,0,0,0.65,-0.825,-0.0869,0.825,0.181,2,0.548,3,0.415,1297.67775,1295.07675,0.538,0.225,0.0,2,0.15,0,0.548,1.269,3.0,0.423,0.413,1,1298.328,4,0.6,0.0,0.306,0.247,0.053,0.787,0.913,1400.9599,1236.61438,1233.35012,-19.8607,-0.4801,-2,1409.28971,0.43,1325.99163,0.366,1325.99163,0.366,1,0.356,1,0,12510,0.699,0.585,0.414,2647.0,2670.7,3.1875,830.4,0.0,1,0,0.535,2893.86,1,0,0.72,2893.86,0,192.75,0.12,0.88,8.4,0.0,0.5,0.62,0.0,0.5,0.0,0.531,0.634,0.5,0.506,0.0,0.592,0.0,0,0,0.469,0.486,0.695,1.0,0.071,0.925,0.565,0.0,0.477,0.41,0.0,1.0,0.771
0,2023.07.20 14:51:40,XPDUSDm,TREND_CONTINUATION,SELL,4,1268.88,1285.5,1248.12,1.25,0.442,1284.67275,1298.328,1277.52,0,0.538,0.225,-1.9018,1300.1345,1295.815,1310.71,1280.92,0,0.032,0.8,0,1284.67275,0.651,0.577,0,0.0,0.0,1292.58125,0.0,0.0,0,0,0,0.65,-0.825,-0.0869,0.825,0.127,2,0.548,3,0.415,1285.323,1280.121,1.98,1.354,0.0,2,0.15,0,0.548,1.293,3.0,0.431,0.427,1,1284.67275,8,0.73,0.0,0.322,0.247,0.053,0.879,0.881,1400.9599,1236.61438,1233.35012,-19.8607,-0.4801,-2,1409.28971,0.43,1325.99163,0.366,1325.99163,0.366,1,0.356,1,0,12510,0.699,0.585,0.414,3357.0,3034.8,4.0425,830.4,0.0,1,0,0.535,2893.86,1,0,0.72,2893.86,0,195.68,0.12,0.88,8.4,0.0,0.5,0.28,0.0,0.5,0.0,0.588,0.521,0.5,0.42,0.0,0.449,0.0,0,0,0.318,0.218,0.0,0.333,0.071,0.677,0.182,0.0,0.52,0.447,0.0,1.0,0.913
0,2023.07.20 16:00:00,XPDUSDm,BREAKOUT,SELL,4,1270.84,1285.27,1244.9,1.8,0.509,1286.2335,1293.223,1277.247,0,1.291,0.329,-1.4836,1300.59575,1296.62425,1310.959,1279.104,0,0.025,0.4,0,1286.2335,0.728,0.25,0,0.0,0.0,0.0,0.0,0.0,0,0,-1,1.0,-0.895,-0.1928,0.895,0.612,2,0.555,3,0.554,1286.2335,1275.25,1.484,0.425,-0.0312,2,0.0,0,0.555,1.074,3.0,0.358,0.437,1,1286.2335,8,0.746,0.0,0.116,0.269,0.0,0.831,0.955,1401.50315,1236.61438,1274.48312,203.5876,223.4483,2,1409.7895,0.425,1331.8225,0.318,1236.5295,0.494,-1,0.335,1,0,12512,0.699,0.585,0.414,2658.0,2678.3,2.5618,1037.6,0.0,1,0,0.535,2893.86,1,0,0.72,2893.86,0,156.425,0.091,0.909,0.6,0.0,0.5,0.78,0.0,0.5,0.0,1.0,0.512,0.5,0.532,0.0,0.171,0.0,0,0,0.235,0.426,0.0,0.475,0.071,0.637,0.235,0.0,0.489,0.436,0.0,1.0,0.91
0,2023.07.20 16:51:40,XPDUSDm,TREND_CONTINUATION,SELL,4,1271.98,1285.27,1246.04,1.95,0.588,1286.2335,1293.223,1277.247,0,1.291,0.329,-1.3737,1300.59575,1296.62425,1310.959,1279.104,0,0.024,0.4,0,1286.2335,0.728,0.25,0,0.0,0.0,0.0,0.0,0.0,0,0,-1,1.0,-0.895,-0.1928,0.895,0.292,0,0.661,3,0.554,1286.2335,1275.25,1.374,0.315,0.0,2,0.0,0,0.661,1.219,3.0,0.406,0.481,1,1286.2335,8,0.746,0.0,0.212,0.269,0.0,0.831,0.955,1401.50315,1236.61438,1274.48312,203.5876,223.4483,2,1409.7895,0.425,1331.8225,0.318,1236.5295,0.494,-1,0.335,1,0,12512,0.699,0.585,0.414,1737.0,2399.2,1.6741,1037.6,0.0,1,0,0.535,2893.86,1,0,0.72,2893.86,0,156.315,0.091,0.909,0.6,0.0,0.5,0.93,0.0,0.5,0.0,0.403,0.714,0.5,0.677,0.0,0.227,0.0,0,0,0.422,0.37,0.0,0.475,0.071,0.645,0.248,0.0,0.489,0.462,0.0,1.0,0.903
0,2023.07.20 17:00:00,XPDUSDm,ANCHORED_PULLBACK,SELL,3,1272.7,1273.98,1269.26,2.7,0.474,1286.2335,1295.22,1269.259,1,0.224,0.326,-1.2426,1300.59575,1294.06125,1311.125,1280.1,0,0.02,0.65,0,1286.2335,0.709,0.261,0,0.0,0.0,1270.70825,0.0,0.0,0,0,-1,1.0,-0.755,-0.2733,0.755,0.524,2,0.573,3,0.55,1269.259,1277.247,0.316,0.417,0.0,2,0.25,0,0.573,1.114,3.0,0.371,0.42,1,1269.259,5,0.6,0.368,0.243,0.226,0.088,0.927,0.947,1401.50315,1236.61438,1274.48312,203.5876,223.4483,2,1409.7895,0.425,1331.8225,0.318,1236.5295,0.494,-1,0.335,1,0,12513,0.699,0.585,0.414,2224.0,2051.1,2.042,1089.1,0.0,1,0,0.535,2893.86,1,0,0.72,2893.86,-1,148.847,0.091,0.909,0.6,0.0,0.0,0.26,0.0,0.5,0.0,0.448,0.79,0.5,0.603,0.0,0.259,0.0,0,0,0.458,0.668,0.0,0.726,0.071,0.687,0.565,0.0,0.485,0.462,0.0,1.0,0.887
0,2023.07.20 17:00:40,XPDUSDm,PULLBACK,SELL,3,1270.67,1287.01,1238.0,2.0,0.617,1286.2335,1295.22,1269.259,1,0.224,0.326,-1.429,1300.59575,1294.06125,1311.125,1280.1,0,0.021,0.65,0,1286.2335,0.709,0.261,0,0.0,0.0,1270.70825,0.0,0.0,0,0,-1,1.0,-0.755,-0.2733,0.755,0.978,2,0.573,3,0.55,1269.259,1277.247,0.13,0.604,0.0,2,0.25,0,0.573,0.91,3.0,0.303,0.397,1,1286.2335,8,0.742,0.741,0.107,0.226,0.088,0.927,0.947,1401.50315,1236.61438,1274.48312,203.5876,223.4483,2,1409.7895,0.425,1331.8225,0.318,1236.5295,0.494,-1,0.335,1,0,12513,0.699,0.585,0.414,2224.0,2036.8,2.042,1089.1,0.0,1,0,0.535,2893.86,1,0,0.72,2893.86,-1,149.034,0.091,0.909,0.6,0.0,0.0,0.23,0.0,0.5,0.0,0.381,0.765,0.5,0.677,0.0,0.329,0.0,0,0,0.493,0.635,0.0,0.566,0.071,0.687,0.35,0.0,0.502,0.462,0.0,1.0,0.937
0,2023.07.20 17:03:40,XPDUSDm,BREAKOUT_RETEST,SELL,3,1271.93,1287.32,1256.28,1.02,0.594,1286.2335,1295.22,1269.259,1,0.224,0.326,-1.3133,1300.59575,1294.06125,1311.125,1280.1,0,0.02,0.65,0,1286.2335,0.709,0.261,0,0.0,0.0,1270.70825,0.0,0.0,0,0,-1,1.0,-0.755,-0.2733,0.755,0.524,2,0.573,3,0.55,1269.259,1277.247,0.245,0.488,0.0,2,0.25,0,0.573,1.114,3.0,0.371,0.42,1,1286.2335,8,0.742,0.51,0.243,0.226,0.088,0.927,0.947,1401.50315,1236.61438,1274.48312,203.5876,223.4483,2,1409.7895,0.425,1331.8225,0.318,1236.5295,0.494,-1,0.335,1,0,12513,0.699,0.585,0.414,2248.0,1958.6,2.064,1089.1,0.0,1,0,0.535,2893.86,1,0,0.72,2893.86,-1,148.918,0.091,0.909,0.6,0.0,0.0,0.09,0.0,0.5,0.0,0.448,0.751,0.5,0.603,0.0,0.259,0.0,0,0,0.435,0.668,0.0,0.726,0.071,0.687,0.565,0.0,0.482,0.462,0.0,1.0,0.887
0,2023.07.20 18:13:40,XPDUSDm,BREAKOUT,SELL,3,1265.34,1281.97,1237.62,1.67,0.401,1270.2575,1281.241,1259.274,1,0.071,0.649,-0.4434,1300.59575,1294.06125,1311.125,1280.1,0,0.026,0.55,0,1270.2575,0.618,0.988,0,0.0,0.0,0.0,0.0,0.0,0,0,-1,1.0,-0.965,-0.3425,0.965,0.628,2,0.642,1,0.171,1269.259,1258.2755,0.353,0.637,0.0,2,0.0,0,0.642,1.067,3.0,0.356,0.403,1,1270.2575,8,0.724,0.293,0.112,0.29,0.0,0.772,0.98,1401.50315,1236.61438,1274.48312,203.5876,223.4483,2,1409.7895,0.425,1331.8225,0.318,1236.5295,0.494,-1,0.335,1,0,12514,0.699,0.585,0.414,2470.0,2551.0,2.2274,1108.9,0.0,1,0,0.535,2893.86,1,0,0.72,2893.86,-1,146.855,0.091,0.909,0.6,0.0,0.0,0.89,0.0,0.5,0.0,1.0,0.473,0.5,0.585,0.0,0.801,0.0,0,0,0.512,0.659,0.0,0.57,0.095,0.453,0.35,0.0,0.488,0.462,0.0,1.0,0.971
0,2023.07.20 18:52:40,XPDUSDm,TREND_CONTINUATION,SELL,3,1264.63,1277.94,1236.91,2.08,0.579,1270.2575,1281.241,1259.274,1,0.071,0.649,-0.5075,1300.59575,1294.06125,1311.125,1280.1,0,0.027,0.55,0,1270.2575,0.618,0.988,0,0.0,0.0,0.0,0.0,0.0,0,0,-1,1.0,-0.965,-0.3425,0.965,0.221,2,0.642,1,0.171,1269.259,1258.2755,0.417,0.573,0.0,2,0.0,0,0.642,1.251,3.0,0.417,0.424,1,1270.2575,8,0.724,0.165,0.234,0.29,0.0,0.772,0.98,1401.50315,1236.61438,1274.48312,203.5876,223.4483,2,1409.7895,0.425,1331.8225,0.318,1236.5295,0.494,-1,0.335,1,0,12514,0.699,0.585,0.414,2436.0,2511.0,2.1967,1108.9,0.0,1,0,0.535,2893.86,1,0,0.72,2893.86,-1,146.919,0.091,0.909,0.6,0.0,0.0,0.91,0.0,0.5,0.0,0.414,0.713,0.5,0.546,0.0,0.216,0.0,0,0,0.378,0.572,0.0,0.57,0.095,0.58,0.35,0.0,0.488,0.447,0.0,1.0,0.981
0,2023.07.20 19:00:40,XPDUSDm,PULLBACK,SELL,3,1262.94,1267.73,1228.42,7.2,0.446,1268.95875,1273.3175,1264.6,0,0.309,0.24,-0.523,1300.59575,1294.06125,1311.125,1283.2025,0,0.027,0.55,0,1268.95875,0.695,0.396,0,0.0,0.0,0.0,0.0,0.0,0,0,-1,0.8,-1.0,-0.3881,1.0,0.44,0,0.737,0,0.45,1266.9775,1265.78875,0.351,0.248,0.0,2,0.15,0,0.737,1.152,3.0,0.384,0.465,1,1268.95875,8,0.739,0.298,0.228,0.3,0.143,0.904,0.808,1401.50315,1236.61438,1274.48312,203.5876,223.4483,2,1409.7895,0.425,1331.8225,0.318,1236.5295,0.494,-1,0.335,1,0,12515,0.699,0.585,0.414,2665.0,2545.4,2.3158,1150.8,0.0,1,0,0.535,2893.86,1,0,0.72,2893.86,-1,141.722,0.091,0.909,0.6,0.0,0.0,0.16,0.0,0.5,0.0,0.58,0.604,0.5,0.536,0.0,0.226,0.0,0,0,0.314,0.495,0.0,0.475,0.143,0.318,0.26,0.0,0.49,0.436,0.0,1.0,0.978
0,2023.07.20 19:37:40,XPDUSDm,BREAKOUT_RETEST,SELL,3,1265.18,1268.63,1260.24,1.43,0.55,1268.95875,1273.3175,1264.6,1,0.309,0.24,-0.3284,1300.59575,1294.06125,1311.125,1283.2025,0,0.025,0.55,0,1268.95875,0.695,0.396,0,0.0,0.0,0.0,0.0,0.0,0,0,-1,0.8,-1.0,-0.3881,1.0,0.395,0,0.737,0,0.45,1266.9775,1265.78875,0.156,0.053,0.0,2,0.15,0,0.737,1.172,3.0,0.391,0.468,1,1268.95875,8,0.739,0.688,0.241,0.3,0.143,0.904,0.808,1401.50315,1236.61438,1274.48312,203.5876,223.4483,2,1409.7895,0.425,1331.8225,0.318,1236.5295,0.494,-1,0.335,1,0,12515,0.699,0.585,0.414,2811.0,3002.0,2.4427,1150.8,0.0,1,0,0.535,2893.86,1,0,0.72,2893.86,-1,141.528,0.091,0.909,0.6,0.0,0.0,0.99,0.0,0.5,0.0,0.912,0.593,0.5,0.55,0.0,0.37,0.0,0,0,0.369,0.503,0.0,0.618,0.143,0.344,0.32,0.0,0.486,0.462,0.0,1.0,0.89
0,2023.07.20 22:05:00,XPDUSDm,BREAKOUT,SELL,1,1258.73,1276.0,1229.95,1.67,0.44,1264.99625,1269.355,1261.43,0,0.269,0.006,-0.5442,1295.69675,1297.16375,1311.125,1283.2025,0,0.033,0.5,0,1264.99625,0.699,0.732,0,0.0,0.0,1266.4685,0.0,0.0,0,0,-1,0.8,-0.825,-0.3567,0.825,0.066,2,0.587,0,0.565,1261.82625,1259.44875,0.269,0.062,-0.1377,1,0.4,0,0.587,1.32,3.0,0.44,0.4,1,1264.99625,8,0.74,0.462,0.74,0.247,0.253,0.708,0.889,1237.67867,1236.61438,1274.48312,215.5483,11.9606,2,1409.7895,0.425,1331.8225,0.319,1236.5295,0.493,-1,0.27,1,0,12517,0.699,0.585,0.414,5454.0,2923.6,4.737,1151.4,0.0,1,0,0.535,2893.86,1,0,0.72,2893.86,0,142.018,0.03,0.97,0.2,0.0,0.5,0.0,0.0,0.5,0.0,0.566,0.66,0.5,0.91,0.0,0.246,0.0,0,0,0.468,0.301,0.0,0.718,0.143,0.175,0.236,0.0,0.48,0.447,0.0,1.0,0.923
0,2023.07.20 22:05:00,XPDUSDm,PULLBACK,SELL,1,1258.73,1276.0,1224.19,2.0,0.425,1264.99625,1269.355,1261.43,0,0.269,0.006,-0.5442,1295.69675,1297.16375,1311.125,1283.2025,0,0.033,0.5,0,1264.99625,0.699,0.732,0,0.0,0.0,1266.4685,0.0,0.0,0,0,-1,0.8,-0.825,-0.3567,0.825,0.066,0,0.753,0,0.565,1261.82625,1259.44875,0.269,0.062,0.0,2,0.4,0,0.753,1.32,3.0,0.44,0.441,1,1264.99625,8,0.74,0.462,0.44,0.247,0.253,0.708,0.889,1237.67867,1236.61438,1274.48312,215.5483,11.9606,2,1409.7895,0.425,1331.8225,0.319,1236.5295,0.493,-1,0.27,1,0,12517,0.699,0.585,0.414,5454.0,2949.1,4.737,1151.4,0.0,1,0,0.535,2893.86,1,0,0.72,2893.86,0,142.018,0.03,0.97,0.2,0.0,0.5,0.0,0.0,0.5,0.0,0.629,0.66,0.5,0.91,0.0,0.288,0.0,0,0,0.484,0.406,0.0,0.844,0.143,0.324,0.231,0.0,0.48,0.447,0.0,1.0,0.981
0,2023.07.20 22:05:20,XPDUSDm,TREND_CONTINUATION,SELL,1,1258.73,1272.55,1229.95,2.08,0.499,1264.99625,1269.355,1261.43,0,0.269,0.006,-0.5442,1295.69675,1297.16375,1311.125,1283.2025,0,0.033,0.5,0,1264.99625,0.699,0.732,0,0.0,0.0,1266.4685,0.0,0.0,0,0,-1,0.8,-0.825,-0.3567,0.825,0.066,0,0.753,0,0.565,1261.82625,1259.44875,0.269,0.062,0.0,2,0.4,0,0.753,1.32,3.0,0.44,0.441,1,1264.99625,8,0.74,0.462,0.44,0.247,0.253,0.708,0.889,1237.67867,1236.61438,1274.48312,215.5483,11.9606,2,1409.7895,0.425,1331.8225,0.319,1236.5295,0.493,-1,0.27,1,0,12517,0.699,0.585,0.414,5454.0,2974.7,4.737,1151.4,0.0,1,0,0.535,2893.86,1,0,0.72,2893.86,0,142.018,0.03,0.97,0.2,0.0,0.5,0.0,0.0,0.5,0.0,0.629,0.656,0.5,0.91,0.0,0.288,0.0,0,0,0.482,0.406,0.0,0.844,0.143,0.324,0.231,0.0,0.48,0.447,0.0,1.0,0.981
0,2023.07.20 22:05:20,XPDUSDm,ANCHORED_PULLBACK,SELL,1,1258.73,1262.98,1235.7,5.42,0.243,1264.99625,1269.355,1261.43,0,0.269,0.006,-0.5442,1295.69675,1297.16375,1311.125,1283.2025,0,0.033,0.5,0,1264.99625,0.699,0.732,0,0.0,0.0,1266.4685,0.0,0.0,0,0,-1,0.8,-0.825,-0.3567,0.825,0.066,0,0.753,0,0.565,1261.82625,1259.44875,0.269,0.062,0.0,2,0.4,0,0.753,1.32,3.0,0.44,0.441,1,1264.99625,8,0.74,0.462,0.44,0.247,0.253,0.708,0.889,1237.67867,1236.61438,1274.48312,215.5483,11.9606,2,1409.7895,0.425,1331.8225,0.319,1236.5295,0.493,-1,0.27,1,0,12517,0.699,0.585,0.414,5454.0,3000.2,4.737,1151.4,0.0,1,0,0.535,2893.86,1,0,0.72,2893.86,0,142.018,0.03,0.97,0.2,0.0,0.5,0.0,0.0,0.5,0.0,0.629,0.656,0.5,0.91,0.0,0.288,0.0,0,0,0.482,0.406,0.0,0.844,0.143,0.324,0.231,0.0,0.48,0.447,0.0,1.0,0.981
0,2023.07.20 22:33:40,XPDUSDm,BREAKOUT_RETEST,SELL,1,1262.39,1266.15,1257.47,1.31,0.519,1264.99625,1269.355,1261.43,1,0.269,0.006,-0.2264,1295.69675,1297.16375,1311.125,1283.2025,0,0.03,0.5,0,1264.99625,0.699,0.732,0,0.0,0.0,1266.4685,0.0,0.0,0,0,-1,0.8,-0.825,-0.3567,0.825,0.576,0,0.753,0,0.565,1261.82625,1259.44875,0.049,0.255,0.0,2,0.4,0,0.753,1.091,3.0,0.364,0.415,1,1269.355,4,0.6,0.902,0.287,0.247,0.253,0.708,0.889,1237.67867,1236.61438,1274.48312,215.5483,11.9606,2,1409.7895,0.425,1331.8225,0.319,1236.5295,0.493,-1,0.27,1,0,12517,0.699,0.585,0.414,4745.0,5356.8,4.1212,1151.4,0.0,1,0,0.535,2893.86,1,0,0.72,2893.86,0,141.7,0.03,0.97,0.2,0.0,0.5,0.99,0.0,0.5,0.0,0.651,0.563,0.5,0.556,0.0,0.551,0.0,0,0,0.424,0.63,0.814,0.745,0.143,0.243,0.35,0.0,0.488,0.447,0.0,1.0,0.892
0,2023.07.21 00:19:00,XPDUSDm,BREAKOUT,SELL,1,1266.3,1271.23,1258.21,1.64,0.414,1264.8375,1270.046,1261.523,1,0.473,1.114,0.1238,1295.29775,1296.42275,1310.897,1281.9485,0,0.025,0.45,0,1264.8375,0.793,0.58,0,0.0,0.0,0.0,0.0,0.0,0,0,-1,1.0,-0.825,-0.1705,0.825,0.504,0,0.719,0,0.6,1265.311,1271.4665,0.084,0.437,0.0,2,0.25,0,0.719,1.123,3.0,0.374,0.456,1,1270.046,4,0.6,0.833,0.249,0.247,0.208,0.861,0.891,1401.30698,1236.61438,1274.48312,210.9512,-4.5971,1,1409.7895,0.424,1331.8225,0.319,1236.5295,0.493,-1,0.357,1,0,12519,0.699,0.585,0.414,3738.0,3317.7,3.1638,1181.5,0.0,1,0,0.535,2893.86,1,0,0.72,2893.86,-1,137.754,0.101,0.899,0.6,1.0,0.0,0.0,0.0,0.5,0.0,0.33,0.411,0.5,0.552,0.0,0.38,0.0,0,0,0.371,0.726,0.0,0.778,0.133,0.339,0.35,0.0,0.489,0.436,0.0,1.0,0.887
0,2023.07.21 00:19:00,XPDUSDm,PULLBACK,SELL,1,1266.3,1271.23,1258.21,1.64,0.638,1264.8375,1270.046,1261.523,1,0.473,1.114,0.1238,1295.29775,1296.42275,1310.897,1281.9485,0,0.025,0.45,0,1264.8375,0.793,0.58,0,0.0,0.0,0.0,0.0,0.0,0,0,-1,1.0,-0.825,-0.1705,0.825,0.504,0,0.719,0,0.6,1265.311,1271.4665,0.084,0.437,0.0,2,0.25,0,0.719,1.123,3.0,0.374,0.456,1,1270.046,4,0.6,0.833,0.249,0.247,0.208,0.861,0.891,1401.30698,1236.61438,1274.48312,210.9512,-4.5971,1,1409.7895,0.424,1331.8225,0.319,1236.5295,0.493,-1,0.357,1,0,12519,0.699,0.585,0.414,3738.0,3321.7,3.1638,1181.5,0.0,1,0,0.535,2893.86,1,0,0.72,2893.86,-1,137.754,0.101,0.899,0.6,1.0,0.0,0.0,0.0,0.5,0.0,0.33,0.411,0.5,0.552,0.0,0.38,0.0,0,0,0.371,0.726,0.0,0.778,0.133,0.339,0.35,0.0,0.489,0.436,0.0,1.0,0.887
0,2023.07.21 00:19:40,XPDUSDm,TREND_CONTINUATION,SELL,1,1263.61,1277.79,1234.07,2.08,0.57,1264.8375,1270.046,1261.523,1,0.473,1.114,-0.1039,1295.29775,1296.42275,1310.897,1281.9485,0,0.028,0.45,0,1264.8375,0.793,0.58,0,0.0,0.0,0.0,0.0,0.0,0,0,-1,1.0,-0.825,-0.1705,0.825,0.515,0,0.719,0,0.6,1262.47,1258.2085,0.096,0.457,0.0,2,0.25,0,0.719,1.118,3.0,0.373,0.446,1,1270.046,4,0.6,0.807,0.245,0.247,0.208,0.784,0.891,1401.30698,1236.61438,1274.48312,210.9512,-4.5971,1,1409.7895,0.424,1331.8225,0.319,1236.5295,0.493,-1,0.357,1,0,12519,0.699,0.585,0.414,3738.0,3333.7,3.1638,1181.5,0.0,1,0,0.535,2893.86,1,0,0.72,2893.86,-1,137.981,0.101,0.899,0.6,1.0,0.0,0.0,0.0,0.5,0.0,0.396,0.394,0.5,0.552,0.0,0.448,0.0,0,0,0.409,0.607,0.0,0.632,0.133,0.282,0.35,0.0,0.495,0.436,0.0,1.0,0.887
0,2023.07.21 02:00:00,XPDUSDm,BREAKOUT_RETEST,SELL,1,1259.68,1267.8,1243.82,1.95,0.862,1256.25825,1266.5325,1251.3915,1,0.185,0.1,0.2708,1294.827,1295.5485,1313.979,1283.82,0,0.028,0.7,0,1256.25825,0.698,0.029,0,0.0,0.0,1256.63475,0.0,0.0,0,0,-1,1.0,-0.884,-0.0355,0.884,0.183,1,0.334,3,0.774,1256.25825,1258.42125,0.271,0.1,0.2977,0,0.45,2,1.0,1.718,3.0,0.573,0.576,2,1266.5325,4,0.6,0.458,0.425,0.965,0.157,0.77,0.877,1401.30698,1236.61438,1274.48312,210.9512,-4.5971,1,1409.7895,0.424,1331.8225,0.319,1236.5295,0.493,-1,0.357,1,0,12521,0.706,0.58,0.418,5097.0,5659.1,4.0333,1263.7,0.0,1,0,0.535,2893.86,1,0,0.72,2893.86,-1,129.316,0.101,0.899,0.6,1.0,0.0,0.99,0.0,0.5,0.0,1.0,0.695,0.5,0.508,0.0,0.618,0.0,0,0,0.517,0.606,0.362,1.0,0.107,0.565,0.538,0.0,0.414,0.436,0.0,1.0,0.94
0,2023.07.21 02:23:00,XPDUSDm,MEAN_REVERSION,SELL,1,1266.6,1276.71,1256.26,1.02,0.607,1256.25825,1266.5325,1251.3915,0,0.185,0.1,0.8184,1294.827,1295.5485,1313.979,1283.82,0,0.023,0.7,0,1256.25825,0.698,0.029,0,0.0,0.0,1256.63475,0.0,0.0,0,0,-1,1.0,-0.884,-0.0355,0.884,0.228,2,0.634,3,0.774,1269.23625,1263.82875,0.209,0.219,0.0,2,0.15,0,0.634,1.248,3.0,0.416,0.442,1,1256.25825,8,0.74,0.583,0.292,0.265,0.053,0.508,0.815,1401.30698,1236.61438,1274.48312,210.9512,-4.5971,1,1409.7895,0.424,1331.8225,0.319,1236.5295,0.493,-1,0.357,1,0,12521,0.706,0.58,0.418,3994.0,4398.8,3.1605,1263.7,0.0,1,0,0.535,2893.86,1,0,0.72,2893.86,-1,128.768,0.101,0.899,0.6,1.0,0.0,0.99,0.0,0.5,0.0,1.0,0.841,0.5,0.585,0.0,0.371,0.0,0,0,0.528,0.452,0.0,0.618,0.107,0.537,0.35,0.0,0.479,0.436,0.0,1.0,0.973
0,2023.07.21 02:31:40,XPDUSDm,SWEEP_REVERSAL,SELL,1,1268.68,1281.32,1256.26,0.98,0.167,1256.25825,1266.5325,1251.3915,0,0.185,0.1,0.983,1294.827,1295.5485,1313.979,1283.82,0,0.021,0.7,0,1256.25825,0.698,0.029,0,0.0,0.0,1256.63475,0.0,0.0,0,0,-1,1.0,-0.884,-0.0355,0.884,0.319,2,0.634,3,0.774,1269.23625,1271.39925,0.044,0.215,0.0,2,0.15,0,0.634,1.207,3.0,0.402,0.437,1,1256.25825,8,0.74,0.912,0.264,0.265,0.053,0.508,0.914,1401.30698,1236.61438,1274.48312,210.9512,-4.5971,1,1409.7895,0.424,1331.8225,0.319,1236.5295,0.493,-1,0.357,1,0,12521,0.706,0.58,0.418,3644.0,4053.3,2.8836,1263.7,0.0,1,0,0.535,2893.86,1,0,0.72,2893.86,-1,128.603,0.101,0.899,0.6,1.0,0.0,0.95,0.0,0.5,0.0,1.0,0.835,0.5,0.546,0.0,0.423,0.0,0,0,0.534,0.474,0.0,0.618,0.107,0.59,0.35,0.0,0.479,0.436,0.0,1.0,0.973
0,2023.07.21 02:51:59,XPDUSDm,TREND_CONTINUATION,SELL,1,1271.6,1286.76,1256.26,1.01,0.577,1256.25825,1266.5325,1251.3915,0,0.185,0.1,1.214,1294.827,1295.5485,1313.979,1283.82,0,0.019,0.7,0,1256.25825,0.698,0.029,0,0.0,0.0,1256.63475,0.0,0.0,0,0,-1,1.0,-0.884,-0.0355,0.884,0.092,2,0.634,3,0.774,1269.23625,1271.39925,0.187,0.016,0.0,2,0.15,0,0.634,1.309,3.0,0.436,0.449,1,1256.25825,8,0.74,0.626,0.332,0.265,0.053,0.508,0.914,1401.30698,1236.61438,1274.48312,210.9512,-4.5971,1,1409.7895,0.424,1331.8225,0.319,1236.5295,0.493,-1,0.357,1,0,12521,0.706,0.58,0.418,3054.0,3288.3,2.4167,1263.7,0.0,1,0,0.535,2893.86,1,0,0.72,2893.86,-1,128.372,0.101,0.899,0.6,1.0,0.0,0.99,0.0,0.5,0.0,1.0,0.737,0.5,0.586,0.0,0.206,0.0,0,0,0.4,0.418,0.0,0.713,0.107,0.638,0.534,0.0,0.478,0.436,0.0,1.0,0.973
0,2023.07.21 05:00:20,XPDUSDm,SWEEP_REVERSAL,SELL,1,1277.56,1289.09,1256.5,1.83,0.12,1256.502,1273.702,1250.31,0,0.036,0.871,1.8257,1264.9455,1295.5485,1313.979,1283.82,0,0.016,0.85,0,1256.502,0.668,0.0,1,0.0,0.0,0.0,0.0,0.0,0,0,-1,0.312,0.4433,0.0198,0.443,0.387,2,0.625,3,1.0,1277.142,1266.822,0.036,0.931,0.0,2,0.0,0,0.625,1.176,3.0,0.392,0.479,1,1256.502,8,0.734,0.928,0.184,0.133,0.0,0.487,0.92,1425.67167,1236.61438,1274.48312,197.1597,-13.7915,1,1409.7895,0.426,1331.8225,0.32,1236.5295,0.495,-1,0.374,1,0,12524,0.706,0.58,0.418,1668.0,1755.8,1.4461,1153.4,0.0,1,0,0.535,2893.86,1,0,0.72,2893.86,-1,140.13,0.141,0.859,0.8,1.0,0.0,0.9,0.0,0.5,0.0,0.617,0.859,0.5,0.698,0.0,0.489,0.0,0,0,0.621,0.545,0.0,0.515,0.095,0.364,0.55,0.0,0.47,0.436,0.0,1.0,0.856
0,2023.07.21 05:00:40,XPDUSDm,MEAN_REVERSION,SELL,1,1276.82,1286.05,1256.5,2.2,0.654,1256.502,1273.702,1250.31,0,0.036,0.871,1.7615,1264.9455,1295.5485,1313.979,1283.82,0,0.016,0.85,0,1256.502,0.668,0.0,1,0.0,0.0,0.0,0.0,0.0,0,0,-1,0.312,0.4433,0.0198,0.443,0.387,2,0.625,3,1.0,1277.142,1266.822,0.028,0.867,0.0,2,0.0,0,0.625,1.176,3.0,0.392,0.479,1,1256.502,8,0.734,0.944,0.184,0.133,0.0,0.487,0.92,1425.67167,1236.61438,1274.48312,197.1597,-13.7915,1,1409.7895,0.426,1331.8225,0.32,1236.5295,0.495,-1,0.374,1,0,12524,0.706,0.58,0.418,1668.0,1754.1,1.4461,1153.4,0.0,1,0,0.535,2893.86,1,0,0.72,2893.86,-1,140.194,0.141,0.859,0.8,1.0,0.0,0.89,0.0,0.5,0.0,0.617,0.806,0.5,0.698,0.0,0.489,0.0,0,0,0.589,0.545,0.0,0.594,0.095,0.364,0.539,0.0,0.47,0.436,0.0,1.0,0.856
0,2023.07.21 07:00:40,XPDUSDm,MEAN_REVERSION,SELL,1,1280.26,1287.32,1274.54,0.81,0.644,1274.535,1278.99,1272.51,0,0.26,0.995,0.6491,1264.9455,1295.5485,1310.628,1280.469,0,0.017,0.4,0,1274.535,0.696,0.63,0,0.0,0.0,0.0,0.0,0.0,0,0,-1,0.825,0.755,0.1323,0.755,0.339,0,0.694,2,0.267,1275.75,1270.485,0.511,1.108,0.0,2,0.0,0,0.694,1.198,3.0,0.399,0.449,1,1274.535,8,0.739,0.0,0.198,0.226,0.0,0.818,0.9,1425.67167,1236.61438,1274.48312,197.1597,-13.7915,1,1409.7895,0.426,1331.8225,0.32,1236.5295,0.495,-1,0.374,1,0,12526,0.706,0.58,0.418,1440.0,1428.5,1.6327,882.0,0.0,1,0,0.535,2893.86,1,0,0.72,2893.86,-1,182.948,0.141,0.859,0.8,1.0,0.0,0.35,0.0,0.5,0.0,0.392,0.538,0.5,0.68,0.0,0.508,0.0,0,0,0.43,0.641,0.0,0.796,0.067,0.355,0.536,0.0,0.497,0.436,0.0,1.0,0.851
0,2023.07.21 07:08:40,XPDUSDm,SWEEP_REVERSAL,SELL,1,1281.84,1290.66,1274.54,0.83,0.112,1274.535,1278.99,1272.51,0,0.26,0.995,0.8282,1264.9455,1295.5485,1310.628,1280.469,1,0.016,0.4,0,1274.535,0.696,0.63,0,0.0,0.0,0.0,0.0,0.0,0,0,-1,0.825,0.755,0.1323,0.755,0.339,0,0.694,2,0.267,1275.75,1270.485,0.69,1.287,0.0,2,0.0,0,0.694,1.198,3.0,0.399,0.449,1,1274.535,8,0.739,0.0,0.198,0.226,0.0,0.818,0.9,1425.67167,1236.61438,1274.48312,197.1597,-13.7915,1,1409.7895,0.426,1331.8225,0.32,1236.5295,0.495,-1,0.374,1,0,12526,0.706,0.58,0.418,1257.0,1415.5,1.4252,882.0,0.0,1,0,0.535,2893.86,1,0,0.72,2893.86,-1,182.769,0.141,0.859,0.8,1.0,0.0,0.99,0.0,0.5,0.0,0.384,0.721,0.5,0.939,0.0,0.704,0.0,0,0,0.696,0.684,0.0,0.517,0.067,0.329,0.617,0.0,0.497,0.436,0.0,1.0,0.797
0,2023.07.21 08:03:40,XPDUSDm,ANCHORED_PULLBACK,SELL,2,1277.82,1280.66,1274.27,1.25,0.578,1277.3045,1280.335,1274.274,1,0.045,0.285,0.0616,1264.9455,1295.5485,1310.628,1280.469,0,0.021,0.55,0,1282.2635,0.716,0.546,0,0.0,0.0,1278.14825,0.0,0.0,0,0,-1,0.6,0.79,0.1933,0.79,0.764,0,0.782,0,0.77,1277.58,1280.6105,0.029,0.334,0.0,2,0.15,0,0.782,1.006,3.0,0.335,0.505,2,1280.335,4,0.6,0.943,0.131,0.237,0.207,0.947,0.839,1425.67167,1236.61438,1274.48312,200.3941,3.2343,2,1409.7895,0.427,1331.8225,0.321,1236.5295,0.496,-1,0.427,1,0,12527,0.706,0.58,0.418,1290.0,1269.8,1.5423,836.4,0.0,1,0,0.535,2893.86,1,0,0.72,2893.86,-1,193.207,0.106,0.894,0.8,0.0,0.0,0.42,0.0,0.5,0.0,0.542,0.398,0.5,1.0,0.0,0.638,0.0,0,0,0.616,0.626,0.0,0.347,0.1,0.377,0.35,0.0,0.521,0.436,0.0,1.0,0.663
0,2023.07.21 09:59:40,XPDUSDm,SWEEP_REVERSAL,SELL,2,1284.63,1292.92,1277.46,0.87,0.246,1277.455,1280.15,1275.74,0,0.022,0.377,0.8653,1264.9455,1295.5485,1310.628,1280.469,1,0.013,0.45,0,1277.455,0.661,0.761,0,0.0,0.0,0.0,0.0,0.0,0,0,-1,0.65,0.65,0.2301,0.65,0.049,0,0.77,0,0.646,1278.925,1282.845,0.688,0.215,0.0,2,0.25,0,0.77,1.328,3.0,0.443,0.466,1,1277.455,8,0.732,0.0,0.385,0.195,0.217,0.606,0.942,1425.67167,1236.61438,1274.48312,200.3941,3.2343,2,1409.7895,0.427,1331.8225,0.321,1236.5295,0.496,-1,0.427,1,0,12528,0.706,0.58,0.418,1786.0,1539.6,2.1538,829.2,0.0,1,0,0.535,2893.86,1,0,0.72,2893.86,-1,194.067,0.106,0.894,0.8,0.0,0.0,0.32,0.0,0.5,0.0,0.657,0.772,0.5,0.532,0.0,0.369,0.0,0,0,0.471,0.665,0.0,0.911,0.1,0.215,0.705,0.0,0.518,0.436,0.0,1.0,0.723
0,2023.07.21 09:59:59,XPDUSDm,MEAN_REVERSION,SELL,2,1284.63,1291.26,1277.46,1.08,0.689,1277.455,1280.15,1275.74,0,0.022,0.377,0.8653,1264.9455,1295.5485,1310.628,1280.469,1,0.013,0.45,0,1277.455,0.661,0.761,0,0.0,0.0,0.0,0.0,0.0,0,0,-1,0.65,0.65,0.2301,0.65,0.049,0,0.77,0,0.646,1278.925,1282.845,0.688,0.215,0.0,2,0.25,0,0.77,1.328,3.0,0.443,0.466,1,1277.455,8,0.732,0.0,0.385,0.195,0.217,0.606,0.942,1425.67167,1236.61438,1274.48312,200.3941,3.2343,2,1409.7895,0.427,1331.8225,0.321,1236.5295,0.496,-1,0.427,1,0,12528,0.706,0.58,0.418,1786.0,1542.7,2.1538,829.2,0.0,1,0,0.535,2893.86,1,0,0.72,2893.86,-1,194.067,0.106,0.894,0.8,0.0,0.0,0.32,0.0,0.5,0.0,0.657,0.776,0.5,0.532,0.0,0.369,0.0,0,0,0.473,0.665,0.0,0.911,0.1,0.215,0.705,0.0,0.518,0.436,0.0,1.0,0.723
0,2023.07.21 12:00:00,XPDUSDm,MEAN_REVERSION,SELL,2,1283.4,1289.87,1277.49,0.91,0.571,1283.589,1283.91,1277.49,1,0.023,0.261,-0.0234,1280.62425,1302.2505,1307.277,1277.118,1,0.023,0.5,0,1283.589,0.64,0.487,0,0.0,0.0,0.0,0.0,0.0,0,0,0,1.0,0.755,0.321,0.755,0.892,2,0.558,0,0.584,1283.268,1286.157,0.016,0.341,0.0,2,0.4,0,0.558,0.949,3.0,0.316,0.386,1,1277.49,5,0.6,0.967,0.192,0.226,0.257,0.986,0.947,1425.67167,1236.61438,1274.48312,197.7997,-2.5944,1,1409.7895,0.429,1331.8225,0.321,1236.5295,0.499,-1,0.448,1,0,12531,0.71,0.582,0.423,1465.0,1470.7,1.8101,809.4,0.0,1,0,0.535,2893.86,1,0,0.72,2893.86,-1,198.98,0.113,0.887,0.8,1.0,0.0,0.56,0.0,0.5,0.0,0.698,0.677,0.5,0.577,0.0,0.297,0.0,0,0,0.398,0.759,0.0,0.54,0.1,0.327,0.529,0.0,0.533,0.436,0.0,1.0,0.73
0,2023.07.21 12:00:20,XPDUSDm,SWEEP_REVERSAL,SELL,2,1284.77,1292.86,1277.49,0.9,0.289,1283.589,1283.91,1277.49,0,0.023,0.261,0.1459,1280.62425,1302.2505,1307.277,1277.118,1,0.022,0.5,0,1283.589,0.64,0.487,0,0.0,0.0,0.0,0.0,0.0,0,0,0,1.0,0.755,0.321,0.755,0.307,2,0.558,0,0.584,1283.268,1286.157,0.186,0.171,0.0,2,0.4,0,0.558,1.212,3.0,0.404,0.417,1,1277.49,5,0.6,0.629,0.368,0.226,0.257,0.986,0.947,1425.67167,1236.61438,1274.48312,197.7997,-2.5944,1,1409.7895,0.429,1331.8225,0.321,1236.5295,0.499,-1,0.448,1,0,12531,0.71,0.582,0.423,1465.0,1470.1,1.8101,809.4,0.0,1,0,0.535,2893.86,1,0,0.72,2893.86,-1,198.811,0.113,0.887,0.8,1.0,0.0,0.57,0.0,0.5,0.0,0.821,0.688,0.5,0.577,0.0,0.297,0.0,0,0,0.405,0.614,0.0,0.97,0.1,0.354,0.544,0.0,0.511,0.436,0.0,1.0,0.723
0,2023.07.21 13:00:00,XPDUSDm,ANCHORED_PULLBACK,SELL,4,1286.03,1286.17,1281.88,28.69,0.288,1281.87575,1285.3285,1278.423,0,0.258,0.092,0.4909,1281.27225,1302.2505,1307.277,1277.118,1,0.019,0.35,0,1281.87575,0.755,0.205,0,0.0,0.0,1290.95025,0.0,0.0,0,0,0,1.0,0.79,0.2155,0.79,0.186,0,0.774,3,0.499,1282.86225,1286.80825,0.374,0.092,0.0,2,0.4,0,0.774,1.266,3.0,0.422,0.451,1,1281.87575,8,0.751,0.251,0.404,0.237,0.14,0.861,0.855,1425.67167,1236.61438,1274.48312,197.7997,-2.5944,1,1409.7895,0.429,1331.8225,0.321,1236.5295,0.499,-1,0.448,1,0,12532,0.71,0.582,0.423,2107.0,1970.4,2.4897,846.3,0.0,1,0,0.535,2893.86,1,0,0.72,2893.86,-1,189.987,0.113,0.887,0.8,1.0,0.0,0.04,0.0,0.5,0.0,0.374,0.562,0.5,0.498,0.0,0.606,0.0,0,0,0.429,0.496,0.0,0.823,0.1,0.34,0.604,0.0,0.513,0.436,0.0,1.0,0.723
0,2023.07.21 15:04:40,XPDUSDm,ANCHORED_PULLBACK,SELL,4,1278.0,1282.15,1271.8,1.5,0.472,1283.31225,1283.9895,1271.799,1,0.077,1.019,-0.6138,1281.27225,1302.2505,1307.277,1273.767,1,0.028,0.45,0,1283.31225,0.732,0.31,0,0.0,0.0,1279.565,0.0,0.0,0,0,0,0.8,0.825,0.0766,0.825,0.368,2,0.495,0,0.551,1281.2805,1270.4445,0.379,0.873,0.0,2,0.25,0,0.495,1.184,3.0,0.395,0.395,1,1283.31225,8,0.746,0.242,0.289,0.247,0.198,0.81,0.858,1425.67167,1236.61438,1274.48312,197.7997,-2.5944,1,1409.7895,0.429,1331.8225,0.321,1236.5295,0.499,-1,0.448,1,0,12534,0.71,0.582,0.423,1629.0,1780.9,1.8821,865.5,0.0,1,0,0.535,2893.86,1,0,0.72,2893.86,-1,186.697,0.113,0.887,0.8,1.0,0.0,0.79,0.0,0.5,0.0,0.916,0.677,0.5,0.566,0.0,0.342,0.0,0,0,0.413,0.744,0.0,0.225,0.067,0.443,0.428,0.0,0.499,0.436,0.0,1.0,0.723
0,2023.07.21 15:09:20,XPDUSDm,MEAN_REVERSION,SELL,4,1281.03,1284.18,1268.05,4.12,0.536,1283.31225,1283.9895,1271.799,1,0.077,1.019,-0.2637,1281.27225,1302.2505,1307.277,1273.767,1,0.025,0.45,0,1283.31225,0.732,0.31,0,0.0,0.0,1279.565,0.0,0.0,0,0,0,0.8,0.825,0.0766,0.825,0.738,2,0.495,0,0.551,1281.2805,1270.4445,0.029,1.223,0.0,2,0.25,0,0.495,1.018,3.0,0.339,0.375,1,1283.9895,4,0.6,0.942,0.179,0.247,0.198,0.81,0.858,1425.67167,1236.61438,1274.48312,197.7997,-2.5944,1,1409.7895,0.429,1331.8225,0.321,1236.5295,0.499,-1,0.448,1,0,12534,0.71,0.582,0.423,1565.0,1693.6,1.8082,865.5,0.0,1,0,0.535,2893.86,1,0,0.72,2893.86,-1,186.347,0.113,0.887,0.8,1.0,0.0,0.99,0.0,0.5,0.0,1.0,0.86,0.5,0.534,0.0,0.4,0.0,0,0,0.536,0.8,0.0,0.648,0.067,0.488,0.539,0.0,0.52,0.436,0.0,1.0,0.767
0,2023.07.21 16:29:40,XPDUSDm,SWEEP_REVERSAL,SELL,4,1287.5,1295.86,1280.6,0.82,0.135,1280.60325,1283.9895,1273.1535,0,0.057,0.381,0.8248,1281.27225,1302.2505,1307.277,1273.767,1,0.018,0.4,0,1280.60325,0.743,0.526,0,0.0,0.0,0.0,0.0,0.0,0,0,0,0.8,1.0,0.0578,1.0,0.164,2,0.598,0,0.464,1281.2805,1284.66675,0.744,0.339,0.0,2,0.0,0,0.598,1.276,3.0,0.425,0.445,1,1280.60325,8,0.749,0.0,0.251,0.3,0.093,0.709,0.882,1424.44287,1236.61438,1274.48312,207.0624,9.2627,2,1409.7895,0.431,1331.8225,0.32,1236.5295,0.501,-1,0.481,1,0,12535,0.71,0.582,0.423,1506.0,1602.8,1.801,836.2,0.0,1,0,0.535,2893.86,1,0,0.72,2893.86,0,192.099,0.105,0.895,0.7,0.0,0.5,0.99,0.0,0.5,0.0,1.0,0.678,0.5,0.52,0.0,0.259,0.0,0,0,0.367,0.637,0.0,0.66,0.1,0.612,0.692,0.0,0.511,0.436,0.0,1.0,0.723
0,2023.07.21 17:09:20,XPDUSDm,MEAN_REVERSION,SELL,3,1285.52,1291.81,1280.01,0.88,0.662,1280.0125,1284.51,1274.23,0,0.084,1.061,0.7008,1281.27225,1302.2505,1307.277,1273.767,1,0.021,0.4,0,1280.0125,0.727,0.475,0,0.0,0.0,1283.3635,0.0,0.0,0,0,0,0.695,0.7197,0.0368,0.72,0.195,0,0.716,0,0.614,1281.2975,1292.22,0.537,0.852,0.0,2,0.25,0,0.716,1.262,3.0,0.421,0.469,1,1280.0125,8,0.745,0.0,0.341,0.216,0.21,0.824,0.944,1424.44287,1236.61438,1274.48312,207.0624,9.2627,2,1409.7895,0.431,1331.8225,0.32,1236.5295,0.501,-1,0.481,1,0,12536,0.71,0.582,0.423,1872.0,1890.4,2.3819,785.9,0.0,1,0,0.535,2893.86,1,0,0.72,2893.86,0,204.642,0.105,0.895,0.7,0.0,0.5,0.48,0.0,0.5,0.0,0.48,0.685,0.5,0.558,0.0,0.263,0.0,0,0,0.384,0.78,0.0,0.907,0.067,0.454,0.608,0.0,0.515,0.436,0.0,1.0,0.796
0,2023.07.21 18:33:40,XPDUSDm,SWEEP_REVERSAL,SELL,3,1288.28,1296.27,1280.29,1.0,0.205,1280.291,1287.596,1275.908,0,0.651,0.08,0.9997,1281.27225,1298.8995,1307.277,1273.767,1,0.013,0.6,0,1280.291,0.732,0.318,0,0.0,0.0,0.0,0.0,0.0,0,0,0,0.891,0.7939,0.0242,0.794,0.17,0,0.657,0,0.611,1280.778,1288.083,0.939,0.025,0.0,2,0.15,0,0.657,1.273,3.0,0.424,0.463,1,1280.291,8,0.746,0.0,0.309,0.238,0.175,0.773,0.804,1424.44287,1236.61438,1274.48312,207.0624,9.2627,2,1409.7895,0.431,1331.8225,0.32,1236.5295,0.501,-1,0.481,1,0,12537,0.71,0.582,0.423,1469.0,1581.3,1.8382,799.1,0.0,1,0,0.535,2893.86,1,0,0.72,2893.86,0,200.913,0.105,0.895,0.7,0.0,0.5,0.99,0.0,0.5,0.0,1.0,0.769,0.5,0.524,0.0,0.324,0.0,0,0,0.448,0.444,0.0,0.667,0.1,0.326,0.612,0.0,0.511,0.436,0.0,1.0,0.665
0,2023.07.21 19:09:20,XPDUSDm,MEAN_REVERSION,SELL,3,1285.41,1291.72,1280.01,0.86,0.574,1280.01325,1286.7665,1278.8215,1,0.022,0.224,0.6847,1281.27225,1298.8995,1303.926,1273.767,1,0.017,0.5,0,1280.01325,0.729,0.319,0,0.0,0.0,0.0,0.0,0.0,0,0,0,0.725,0.9252,0.0406,0.925,0.563,2,0.556,0,0.763,1287.16375,1288.75275,0.223,0.424,0.0,2,0.15,0,0.556,1.096,3.0,0.365,0.45,1,1280.01325,8,0.746,0.555,0.191,0.278,0.205,0.879,0.94,1424.44287,1236.61438,1274.48312,207.0624,9.2627,2,1409.7895,0.431,1331.8225,0.32,1236.5295,0.501,-1,0.481,1,0,12538,0.71,0.582,0.423,1815.0,1857.1,2.3029,788.1,0.0,1,0,0.535,2893.86,1,0,0.72,2893.86,0,204.081,0.105,0.895,0.7,0.0,0.5,0.97,0.0,0.5,0.0,0.465,0.7,0.5,0.576,0.0,0.258,0.0,0,0,0.396,0.632,0.0,0.663,0.1,0.319,0.557,0.0,0.514,0.436,0.0,1.0,0.687
0,2023.07.23 22:12:00,XPDUSDm,BREAKOUT,SELL,1,1271.64,1284.23,1252.44,1.53,0.496,1286.96125,1288.2745,1284.7725,0,1.539,0.171,-1.9953,1281.27225,1299.93325,1304.7355,1275.922,0,0.037,0.2,4,1286.96125,0.68,0.713,0,0.0,0.0,1287.476,0.0,0.0,0,0,-1,0.8,0.825,0.0737,0.825,0.009,0,0.708,2,0.232,1283.45925,1276.893,1.539,0.684,-0.3683,1,0.4,0,0.708,1.346,3.0,0.449,0.344,0,1286.96125,8,0.736,0.0,0.757,0.247,0.29,0.329,1.0,1421.31292,1236.61438,1274.48312,235.7011,8.6119,2,1404.96764,0.417,1331.41387,0.347,1282.37802,0.348,1,0.485,1,0,12540,0.727,0.572,0.424,5041.0,1900.7,6.565,767.9,0.0,1,0,0.535,2893.86,1,0,0.72,2893.86,0,211.266,0.103,0.897,0.6,0.0,0.5,0.0,0.0,0.5,0.0,0.444,0.656,0.5,0.571,0.0,0.389,0.0,0,0,0.421,0.123,0.0,0.265,0.071,0.224,0.198,0.0,0.544,0.436,0.0,1.0,0.688
0,2023.07.24 00:12:00,XPDUSDm,BREAKOUT,SELL,1,1278.28,1286.3,1259.09,2.39,0.557,1287.5975,1288.115,1285.01,0,1.089,0.145,-1.2136,1281.27225,1299.93325,1304.7355,1275.922,1,0.028,0.15,4,1286.5625,0.723,1.0,0,0.0,0.0,1269.98475,1287.23675,1.311,0,0,0,1.0,0.825,0.1149,0.825,0.0,2,0.635,2,0.5,1287.08,1280.87,1.146,0.337,0.0,2,0.15,0,0.635,0.546,1.214,0.45,0.347,0,1286.5625,8,0.745,0.0,0.36,0.247,0.202,0.676,1.0,1231.41045,1236.61438,1274.48312,243.0266,7.3255,2,1412.54591,0.417,1325.91591,0.362,1278.66318,0.358,1,0.519,1,0,12542,0.727,0.572,0.424,2912.0,3470.3,3.7927,767.8,0.0,1,0,0.535,2893.86,1,0,0.72,2893.86,0,210.421,0.035,0.965,0.2,0.0,0.5,0.99,0.0,0.5,0.0,0.7,0.677,0.5,0.517,0.0,0.146,0.0,0,0,0.32,0.356,0.0,0.589,0.1,0.265,0.289,0.0,0.545,0.436,0.0,1.0,0.698
0,2023.07.24 03:52:40,XPDUSDm,MEAN_REVERSION,SELL,1,1285.11,1287.56,1281.85,1.33,0.624,1281.84875,1287.3075,1278.375,1,0.027,0.961,0.4383,1281.62175,1299.93325,1304.7355,1275.922,1,0.02,0.45,0,1286.81125,0.744,0.638,0,0.0,0.0,0.0,1287.23675,0.564,0,0,0,0.58,0.7799,0.0225,0.78,0.65,0,0.688,2,0.39,1282.345,1273.90875,0.372,1.506,0.0,2,0.0,0,0.688,0.531,1.506,0.353,0.396,1,1281.84875,1,0.7,0.257,0.105,0.234,0.0,0.907,0.874,1231.41045,1236.61438,1274.48312,243.0266,7.3255,2,1412.54591,0.417,1325.91591,0.362,1278.66318,0.358,1,0.519,1,0,12545,0.727,0.572,0.424,1557.0,1560.6,2.0927,744.0,0.0,1,0,0.535,2893.86,1,0,0.72,2893.86,-1,216.23,0.035,0.965,0.2,0.0,0.0,0.68,0.0,0.5,0.0,0.732,0.448,0.5,0.567,0.0,0.3,0.0,0,0,0.322,0.813,0.0,0.88,0.1,0.328,0.528,0.0,0.531,0.436,0.0,1.0,0.719
0,2023.07.24 04:01:00,XPDUSDm,TREND_CONTINUATION,SELL,1,1283.48,1291.14,1274.97,1.11,0.308,1282.99125,1284.9975,1280.1825,1,0.06,1.322,0.0765,1281.62175,1299.93325,1304.7355,1275.922,1,0.026,0.3,2,1282.99125,0.765,0.444,0,0.0,0.0,0.0,1287.23675,0.599,0,0,0,0.37,-0.6045,-0.0399,0.605,0.926,0,0.775,3,0.435,1283.3925,1274.16375,0.014,1.459,0.0,2,0.0,0,0.775,0.454,1.459,0.311,0.386,1,1287.23675,6,0.65,0.973,0.022,0.181,0.0,0.678,0.965,1400.52905,1236.61438,1267.08863,205.1645,-37.8621,1,1236.23078,0.431,1325.84802,0.359,1281.0394,0.403,-1,0.553,1,0,12546,0.727,0.572,0.424,1559.0,1586.5,2.4414,638.6,0.0,1,0,0.535,2893.86,1,0,0.72,2893.86,-1,252.185,0.188,0.812,0.7,1.0,0.0,0.88,0.0,0.5,0.0,0.536,0.389,0.5,0.548,0.0,0.308,0.0,0,0,0.354,0.809,0.0,0.475,0.0,0.331,0.514,0.0,0.566,0.436,0.0,1.0,0.817
0,2023.07.24 04:46:59,XPDUSDm,BREAKOUT,SELL,1,1284.55,1294.13,1274.97,1.0,0.212,1282.99125,1284.9975,1280.1825,1,0.06,1.322,0.2441,1281.62175,1299.93325,1304.7355,1275.922,1,0.024,0.3,2,1282.99125,0.765,0.444,0,0.0,0.0,0.0,1287.23675,0.599,0,0,0,0.37,-0.6045,-0.0399,0.605,0.488,0,0.775,3,0.435,1283.3925,1274.16375,0.181,1.626,0.0,2,0.0,0,0.775,0.613,1.626,0.377,0.404,1,1287.23675,6,0.65,0.637,0.154,0.181,0.0,0.678,0.965,1400.52905,1236.61438,1267.08863,205.1645,-37.8621,1,1236.23078,0.431,1325.84802,0.359,1281.0394,0.403,-1,0.553,1,0,12546,0.727,0.572,0.424,1279.0,1327.7,2.0029,638.6,0.0,1,0,0.535,2893.86,1,0,0.72,2893.86,-1,252.017,0.188,0.812,0.7,1.0,0.0,0.99,0.0,0.5,0.0,0.849,0.758,0.5,0.593,0.0,0.537,0.0,0,0,0.547,0.809,0.0,0.748,0.0,0.258,0.542,0.0,0.539,0.436,0.0,1.0,0.882
0,2023.07.24 04:47:00,XPDUSDm,PULLBACK,SELL,1,1284.55,1294.13,1274.97,1.0,0.416,1282.99125,1284.9975,1280.1825,1,0.06,1.322,0.2441,1281.62175,1299.93325,1304.7355,1275.922,1,0.024,0.3,2,1282.99125,0.765,0.444,0,0.0,0.0,0.0,1287.23675,0.599,0,0,0,0.37,-0.6045,-0.0399,0.605,0.488,0,0.775,3,0.435,1283.3925,1274.16375,0.181,1.626,0.0,2,0.0,0,0.775,0.613,1.626,0.377,0.404,1,1287.23675,6,0.65,0.637,0.154,0.181,0.0,0.678,0.965,1400.52905,1236.61438,1267.08863,205.1645,-37.8621,1,1236.23078,0.431,1325.84802,0.359,1281.0394,0.403,-1,0.553,1,0,12546,0.727,0.572,0.424,1274.0,1327.0,1.9951,638.6,0.0,1,0,0.535,2893.86,1,0,0.72,2893.86,-1,252.017,0.188,0.812,0.7,1.0,0.0,0.99,0.0,0.5,0.0,0.849,0.788,0.5,0.593,0.0,0.537,0.0,0,0,0.566,0.809,0.0,0.748,0.0,0.258,0.542,0.0,0.539,0.436,0.0,1.0,0.882
0,2023.07.24 05:25:00,XPDUSDm,BREAKOUT_RETEST,SELL,1,1284.05,1285.57,1281.95,1.38,0.432,1283.7135,1284.516,1281.948,1,0.243,0.01,0.0664,1283.00825,1282.44,1302.33,1274.79,1,0.003,0.4,0,1283.7135,0.636,0.828,0,0.0,0.0,0.0,1287.23675,0.325,0,0,0,0.75,-0.545,-0.1136,0.545,0.736,0,0.755,2,0.15,1283.874,1284.9975,0.035,0.187,0.0,2,0.4,0,0.755,0.213,0.629,0.34,0.275,0,1281.948,5,0.6,0.931,0.239,0.164,0.14,0.823,0.871,1400.52905,1236.61438,1267.08863,205.1645,-37.8621,1,1236.23078,0.431,1325.84802,0.359,1281.0394,0.403,-1,0.553,1,0,12547,0.727,0.572,0.424,1325.0,1257.9,2.6134,507.0,0.0,1,0,0.535,2893.86,1,0,0.72,2893.86,-1,317.517,0.188,0.812,0.7,1.0,0.0,0.0,0.0,0.5,0.0,0.792,0.5,0.5,0.553,0.0,0.481,0.0,0,0,0.358,0.76,0.213,0.793,0.0,0.177,0.527,0.0,0.568,0.436,0.0,1.0,0.91
0,2023.07.24 06:01:00,XPDUSDm,TREND_CONTINUATION,SELL,1,1283.18,1288.66,1271.77,2.08,0.361,1283.95575,1284.502,1282.9725,1,0.008,0.343,-0.1699,1283.00825,1282.44,1302.33,1274.79,1,0.002,0.35,0,1283.95575,0.724,0.691,0,0.0,0.0,0.0,1287.23675,0.711,0,0,0,0.55,-0.58,-0.1203,0.58,0.499,0,0.785,1,0.096,1283.8465,1282.20775,0.146,0.213,0.0,2,0.0,0,0.785,0.333,0.889,0.375,0.358,1,1287.23675,6,0.65,0.708,0.15,0.174,0.0,0.884,0.968,1400.52905,1236.61438,1267.08863,205.1645,-37.8621,1,1236.23078,0.431,1325.84802,0.359,1281.0394,0.403,-1,0.553,1,0,12548,0.727,0.572,0.424,1416.0,1474.6,3.1019,456.5,0.0,1,0,0.535,2893.86,1,0,0.72,2893.86,-1,352.832,0.188,0.812,0.7,1.0,0.0,0.93,0.0,0.5,0.0,0.488,0.496,0.5,0.857,0.0,0.296,0.0,0,0,0.378,0.809,0.0,0.572,0.0,0.151,0.476,0.0,0.562,0.436,0.0,1.0,0.774
0,2023.07.24 06:46:59,XPDUSDm,BREAKOUT,SELL,1,1281.04,1284.41,1269.63,3.38,0.362,1283.95575,1284.502,1282.9725,0,0.008,0.343,-0.6387,1283.00825,1282.44,1302.33,1274.79,1,0.003,0.35,0,1283.95575,0.724,0.691,0,0.0,0.0,0.0,1287.23675,0.711,0,0,0,0.55,-0.58,-0.1203,0.58,0.022,0,0.785,1,0.096,1283.8465,1282.20775,0.615,0.256,0.0,2,0.0,0,0.785,0.606,1.357,0.447,0.389,1,1283.95575,8,0.745,0.0,0.293,0.174,0.0,0.884,0.968,1400.52905,1236.61438,1267.08863,205.1645,-37.8621,1,1236.23078,0.431,1325.84802,0.359,1281.0394,0.403,-1,0.553,1,0,12548,0.727,0.572,0.424,1540.0,1625.2,3.3735,456.5,0.0,1,0,0.535,2893.86,1,0,0.72,2893.86,-1,353.301,0.188,0.812,0.7,1.0,0.0,0.98,0.0,0.5,0.0,0.374,0.71,0.5,0.524,0.0,0.552,0.0,0,0,0.504,0.746,0.0,0.528,0.0,0.281,0.324,0.0,0.566,0.436,0.0,1.0,0.846
0,2023.07.24 06:47:00,XPDUSDm,PULLBACK,SELL,1,1281.27,1284.41,1274.79,2.06,0.314,1283.95575,1284.502,1282.9725,0,0.008,0.343,-0.5883,1283.00825,1282.44,1302.33,1274.79,1,0.003,0.35,0,1283.95575,0.724,0.691,0,0.0,0.0,0.0,1287.23675,0.711,0,0,0,0.55,-0.58,-0.1203,0.58,0.022,0,0.785,1,0.096,1283.8465,1282.20775,0.564,0.205,0.0,2,0.0,0,0.785,0.584,1.307,0.447,0.387,1,1283.95575,8,0.745,0.0,0.293,0.174,0.0,0.884,0.968,1400.52905,1236.61438,1267.08863,205.1645,-37.8621,1,1236.23078,0.431,1325.84802,0.359,1281.0394,0.403,-1,0.553,1,0,12548,0.727,0.572,0.424,1544.0,1624.5,3.3823,456.5,0.0,1,0,0.535,2893.86,1,0,0.72,2893.86,-1,353.251,0.188,0.812,0.7,1.0,0.0,0.84,0.0,0.5,0.0,0.374,0.699,0.5,0.524,0.0,0.552,0.0,0,0,0.498,0.746,0.0,0.528,0.0,0.281,0.354,0.0,0.565,0.436,0.0,1.0,0.846
0,2023.07.24 07:00:00,XPDUSDm,ANCHORED_PULLBACK,SELL,1,1284.03,1285.32,1282.43,1.24,0.501,1283.9125,1285.825,1282.425,1,0.025,0.481,0.0252,1283.00825,1282.44,1302.33,1274.79,1,0.003,0.4,0,1283.9125,0.709,0.227,0,0.0,0.0,1283.92175,1287.23675,0.688,0,0,0,0.6,-0.615,-0.0986,0.615,1.0,0,0.785,2,0.235,1283.7,1286.0375,0.071,0.431,0.0,2,0.25,0,0.785,0.206,0.688,0.3,0.307,0,1282.425,5,0.6,0.858,0.1,0.185,0.088,0.761,0.924,1400.52905,1236.61438,1267.08863,205.1645,-37.8621,1,1236.23078,0.431,1325.84802,0.359,1281.0394,0.403,-1,0.553,1,0,12549,0.727,0.572,0.424,1476.0,1538.6,3.1659,466.2,0.0,1,0,0.535,2893.86,1,0,0.72,2893.86,-1,345.298,0.188,0.812,0.7,1.0,0.0,0.98,0.0,0.5,0.0,0.487,0.921,0.5,0.558,0.0,0.745,0.0,0,0,0.718,0.8,0.0,0.61,0.0,0.329,0.545,0.0,0.589,0.436,0.0,1.0,0.871
0,2023.07.24 07:29:40,XPDUSDm,BREAKOUT_RETEST,SELL,1,1285.57,1286.97,1283.91,1.19,0.386,1283.9125,1285.825,1282.425,1,0.025,0.481,0.3555,1283.00825,1282.44,1302.33,1274.79,1,0.007,0.4,0,1283.9125,0.709,0.227,0,0.0,0.0,1283.92175,1287.23675,0.688,0,0,0,0.6,-0.615,-0.0986,0.615,0.18,0,0.785,2,0.235,1283.7,1286.0375,0.401,0.1,0.0,2,0.25,0,0.785,0.17,0.401,0.423,0.303,0,1283.9125,8,0.742,0.198,0.346,0.185,0.088,0.761,0.924,1400.52905,1236.61438,1267.08863,205.1645,-37.8621,1,1236.23078,0.431,1325.84802,0.359,1281.0394,0.403,-1,0.553,1,0,12549,0.727,0.572,0.424,1190.0,1309.6,2.5525,466.2,0.0,1,0,0.535,2893.86,1,0,0.72,2893.86,-1,344.968,0.188,0.812,0.7,1.0,0.0,0.89,0.0,0.5,0.0,0.406,0.734,0.5,0.588,0.0,0.726,0.0,0,0,0.607,0.8,0.0,0.904,0.0,0.343,0.584,0.0,0.575,0.436,0.0,1.0,0.941
0,2023.07.24 08:01:00,XPDUSDm,TREND_CONTINUATION,SELL,2,1274.49,1280.78,1261.38,2.08,0.549,1283.5495,1286.83,1280.269,0,0.84,0.272,-1.7273,1284.39475,1282.44,1302.33,1274.79,0,0.015,0.45,0,1283.5495,0.711,0.636,0,0.0,0.0,1276.2595,1287.23675,2.238,0,0,0,0.975,-0.825,-0.1144,0.825,0.129,0,0.731,3,0.59,1279.9045,1273.3435,1.032,0.219,0.0,2,0.15,0,0.731,1.047,2.43,0.431,0.405,1,1279.9045,2,0.55,0.0,0.321,0.247,0.053,0.392,0.971,1237.21342,1236.61438,1267.08863,202.1509,-3.0136,1,1411.99325,0.42,1328.40289,0.377,1282.80816,0.4,1,0.534,1,0,12550,0.73,0.575,0.42,1866.0,1915.3,3.5577,524.5,0.0,1,0,0.535,2893.86,1,0,0.72,2893.86,-1,308.745,0.032,0.968,0.1,1.0,0.0,0.69,0.0,0.5,0.0,0.516,0.669,0.5,0.522,0.0,0.465,0.0,0,0,0.444,0.37,0.0,0.986,0.0,0.598,0.179,0.0,0.557,0.436,0.0,1.0,0.901
0,2023.07.24 08:48:40,XPDUSDm,BREAKOUT,SELL,2,1276.38,1280.43,1263.27,3.24,0.489,1283.5495,1286.83,1280.269,0,0.84,0.272,-1.3669,1284.39475,1282.44,1302.33,1274.79,1,0.012,0.45,0,1283.5495,0.711,0.636,0,0.0,0.0,1276.2595,1287.23675,2.238,0,0,0,0.975,-0.825,-0.1144,0.825,0.132,0,0.731,3,0.59,1279.9045,1276.9885,0.672,0.116,0.0,2,0.15,0,0.731,0.891,2.07,0.43,0.387,1,1279.9045,2,0.55,0.0,0.32,0.247,0.053,0.392,0.928,1237.21342,1236.61438,1267.08863,202.1509,-3.0136,1,1411.99325,0.42,1328.40289,0.377,1282.80816,0.4,1,0.534,1,0,12550,0.73,0.575,0.42,1723.0,1591.6,3.285,524.5,0.0,1,0,0.535,2893.86,1,0,0.72,2893.86,-1,308.385,0.032,0.968,0.1,1.0,0.0,0.0,0.0,0.5,0.0,1.0,0.392,0.5,0.541,0.0,0.418,0.0,0,0,0.394,0.501,0.0,0.616,0.0,0.554,0.566,0.0,0.553,0.436,0.0,1.0,0.84
0,2023.07.24 08:50:40,XPDUSDm,PULLBACK,SELL,2,1277.96,1280.43,1274.07,1.57,0.46,1283.5495,1286.83,1280.269,0,0.84,0.272,-1.0657,1284.39475,1282.44,1302.33,1274.79,1,0.009,0.45,0,1283.5495,0.711,0.636,0,0.0,0.0,1276.2595,1287.23675,2.238,0,0,0,0.975,-0.825,-0.1144,0.825,0.149,0,0.731,3,0.59,1279.9045,1276.9885,0.371,0.185,0.0,2,0.15,0,0.731,0.756,1.769,0.428,0.371,1,1279.9045,2,0.55,0.259,0.315,0.247,0.053,0.392,0.928,1237.21342,1236.61438,1267.08863,202.1509,-3.0136,1,1411.99325,0.42,1328.40289,0.377,1282.80816,0.4,1,0.534,1,0,12550,0.73,0.575,0.42,1737.0,1611.2,3.3117,524.5,0.0,1,0,0.535,2893.86,1,0,0.72,2893.86,-1,308.084,0.032,0.968,0.1,1.0,0.0,0.04,0.0,0.5,0.0,1.0,0.424,0.5,0.539,0.0,0.368,0.0,0,0,0.355,0.505,0.0,0.616,0.0,0.554,0.566,0.0,0.548,0.436,0.0,1.0,0.84
0,2023.07.24 09:00:00,XPDUSDm,ANCHORED_PULLBACK,SELL,2,1275.59,1279.16,1265.12,2.93,0.63,1285.0075,1286.83,1277.353,0,0.825,0.429,-1.7997,1284.39475,1282.44,1299.27,1271.73,1,0.013,0.65,2,1285.0075,0.726,0.562,0,0.0,0.0,1277.5925,1287.23675,2.226,0,0,0,1.0,-0.86,-0.1484,0.86,0.535,2,0.356,3,0.438,1279.9045,1272.979,0.825,0.499,0.5572,0,0.0,2,1.0,1.157,2.226,0.52,0.526,2,1279.9045,2,0.55,0.0,0.139,0.958,0.0,0.69,0.908,1237.21342,1236.61438,1267.08863,202.1509,-3.0136,1,1411.99325,0.42,1328.40289,0.377,1282.80816,0.4,1,0.534,1,0,12551,0.73,0.575,0.42,2010.0,1761.8,3.8411,523.3,0.0,1,0,0.535,2893.86,1,0,0.72,2893.86,-1,309.252,0.032,0.968,0.1,1.0,0.0,0.02,0.0,0.5,0.0,0.657,0.441,0.5,0.436,0.0,0.434,0.0,0,0,0.34,0.701,0.0,0.924,0.0,1.0,0.391,0.0,0.488,0.436,0.0,1.0,1.011
0,2023.07.24 09:29:40,XPDUSDm,BREAKOUT_RETEST,SELL,2,1281.78,1285.53,1272.61,2.44,0.574,1285.0075,1286.83,1277.353,1,0.825,0.429,-0.6168,1284.39475,1282.44,1299.27,1271.73,1,0.001,0.65,2,1285.0075,0.726,0.562,0,0.0,0.0,1277.5925,1287.23675,2.226,0,0,0,1.0,-0.86,-0.1484,0.86,0.257,2,0.523,3,0.438,1279.9045,1282.456,0.358,0.129,0.0,2,0.0,0,0.523,0.429,1.043,0.411,0.322,0,1285.0075,8,0.745,0.283,0.223,0.258,0.0,0.69,0.697,1237.21342,1236.61438,1267.08863,202.1509,-3.0136,1,1411.99325,0.42,1328.40289,0.377,1282.80816,0.4,1,0.534,1,0,12551,0.73,0.575,0.42,1438.0,1544.1,2.748,523.3,0.0,1,0,0.535,2893.86,1,0,0.72,2893.86,-1,308.069,0.032,0.968,0.1,1.0,0.0,0.99,0.0,0.5,0.0,0.305,0.729,0.5,0.465,0.0,0.308,0.0,0,0,0.4,0.579,0.0,0.308,0.0,0.833,0.493,0.0,0.558,0.436,0.0,1.0,0.84
0,2023.07.24 10:10:00,XPDUSDm,MEAN_REVERSION,SELL,2,1282.4,1286.79,1278.45,0.9,0.644,1278.4465,1282.456,1274.437,1,0.006,0.802,0.7198,1283.00825,1282.44,1299.27,1271.73,1,0.0,0.55,0,1278.4465,0.774,0.58,0,0.0,0.0,0.0,1287.23675,1.075,0,0,0,0.75,-0.72,-0.1037,0.72,0.968,0,0.734,0,0.695,1281.727,1286.101,0.123,0.674,0.0,2,0.25,0,0.734,0.268,0.881,0.305,0.385,1,1278.4465,8,0.755,0.755,0.11,0.216,0.227,0.964,0.724,1237.21342,1236.61438,1267.08863,202.1509,-3.0136,1,1411.99325,0.42,1328.40289,0.377,1282.80816,0.4,1,0.534,1,0,12552,0.73,0.575,0.42,1605.0,1513.7,2.922,549.3,0.0,1,0,0.535,2893.86,1,0,0.72,2893.86,0,293.374,0.032,0.968,0.1,1.0,0.5,0.04,0.0,0.5,0.0,0.92,0.566,0.5,0.563,0.0,0.337,0.0,0,0,0.343,0.8,0.0,0.49,0.0,0.529,0.548,0.0,0.587,0.436,0.0,1.0,0.987
0,2023.07.24 11:14:40,XPDUSDm,BREAKOUT,SELL,2,1285.15,1293.23,1271.69,1.67,0.429,1281.3625,1283.185,1275.166,0,0.039,0.232,0.7033,1283.00825,1282.44,1299.27,1271.73,1,0.005,0.55,0,1278.4465,0.702,0.797,0,0.0,0.0,0.0,1287.23675,0.917,0,0,0,0.8,-0.93,-0.0566,0.93,0.373,2,0.554,0,0.608,1281.727,1283.5495,0.636,0.297,0.0,2,0.15,0,0.554,0.49,1.245,0.394,0.357,1,1287.23675,6,0.65,0.0,0.248,0.279,0.174,0.867,0.895,1237.21342,1236.61438,1267.08863,202.1509,-3.0136,1,1411.99325,0.42,1328.40289,0.377,1282.80816,0.4,1,0.534,1,0,12553,0.73,0.575,0.42,1725.0,1677.7,3.2033,538.5,0.0,1,0,0.535,2893.86,1,0,0.72,2893.86,0,298.739,0.032,0.968,0.1,1.0,0.5,0.29,0.0,0.5,0.0,1.0,0.672,0.5,0.544,0.0,0.156,0.0,0,0,0.329,0.545,0.0,0.75,0.0,0.549,0.696,0.0,0.552,0.436,0.0,1.0,0.902
0,2023.07.24 11:14:59,XPDUSDm,PULLBACK,SELL,2,1285.11,1293.19,1271.73,1.66,0.413,1281.3625,1283.185,1275.166,0,0.039,0.232,0.6959,1283.00825,1282.44,1299.27,1271.73,1,0.005,0.55,0,1278.4465,0.702,0.797,0,0.0,0.0,0.0,1287.23675,0.917,0,0,0,0.8,-0.93,-0.0566,0.93,0.373,2,0.554,0,0.608,1281.727,1283.5495,0.628,0.29,0.0,2,0.15,0,0.554,0.488,1.237,0.394,0.357,1,1287.23675,6,0.65,0.0,0.248,0.279,0.174,0.867,0.895,1237.21342,1236.61438,1267.08863,202.1509,-3.0136,1,1411.99325,0.42,1328.40289,0.377,1282.80816,0.4,1,0.534,1,0,12553,0.73,0.575,0.42,1725.0,1678.7,3.2033,538.5,0.0,1,0,0.535,2893.86,1,0,0.72,2893.86,0,298.747,0.032,0.968,0.1,1.0,0.5,0.29,0.0,0.5,0.0,1.0,0.684,0.5,0.544,0.0,0.156,0.0,0,0,0.336,0.59,0.0,0.75,0.0,0.549,0.695,0.0,0.552,0.436,0.0,1.0,0.902
0,2023.07.24 11:15:00,XPDUSDm,TREND_CONTINUATION,SELL,2,1285.12,1291.58,1271.66,2.08,0.485,1281.3625,1283.185,1275.166,0,0.039,0.232,0.6978,1283.00825,1282.44,1299.27,1271.73,1,0.005,0.55,0,1278.4465,0.702,0.797,0,0.0,0.0,0.0,1287.23675,0.917,0,0,0,0.8,-0.93,-0.0566,0.93,0.373,2,0.554,0,0.608,1281.727,1283.5495,0.63,0.292,0.0,2,0.15,0,0.554,0.488,1.239,0.394,0.357,1,1287.23675,6,0.65,0.0,0.248,0.279,0.174,0.867,0.895,1237.21342,1236.61438,1267.08863,202.1509,-3.0136,1,1411.99325,0.42,1328.40289,0.377,1282.80816,0.4,1,0.534,1,0,12553,0.73,0.575,0.42,1713.0,1679.6,3.1811,538.5,0.0,1,0,0.535,2893.86,1,0,0.72,2893.86,0,298.745,0.032,0.968,0.1,1.0,0.5,0.31,0.0,0.5,0.0,0.656,0.676,0.5,0.47,0.0,0.14,0.0,0,0,0.303,0.59,0.0,0.75,0.0,0.601,0.695,0.0,0.552,0.436,0.0,1.0,0.902
0,2023.07.24 11:17:40,XPDUSDm,SWEEP_REVERSAL,SELL,2,1285.97,1291.36,1281.36,0.86,0.181,1281.3625,1283.185,1275.166,0,0.039,0.232,0.8556,1283.00825,1282.44,1299.27,1271.73,1,0.007,0.55,0,1278.4465,0.702,0.797,0,0.0,0.0,0.0,1287.23675,0.917,0,0,0,0.8,-0.93,-0.0566,0.93,0.198,2,0.554,0,0.608,1281.727,1283.5495,0.788,0.449,0.0,2,0.15,0,0.554,0.587,1.397,0.42,0.369,1,1281.3625,1,0.7,0.0,0.301,0.279,0.174,0.867,0.895,1237.21342,1236.61438,1267.08863,202.1509,-3.0136,1,1411.99325,0.42,1328.40289,0.377,1282.80816,0.4,1,0.534,1,0,12553,0.73,0.575,0.42,1640.0,1687.8,3.0455,538.5,0.0,1,0,0.535,2893.86,1,0,0.72,2893.86,0,298.587,0.032,0.968,0.1,1.0,0.5,0.99,0.0,0.5,0.0,0.754,0.74,0.5,0.47,0.0,0.132,0.0,0,0,0.338,0.507,0.0,0.97,0.0,0.601,0.721,0.0,0.555,0.436,0.0,1.0,0.902
0,2023.07.24 11:22:30,XPDUSDm,NAKED_POC,SELL,2,1288.9,1296.17,1280.82,1.11,0.832,1281.3625,1283.185,1275.166,0,0.039,0.232,1.3997,1283.00825,1282.44,1299.27,1271.73,1,0.012,0.55,0,1278.4465,0.702,0.797,0,0.0,0.0,0.0,1287.23675,0.917,0,0,0,0.8,-0.93,-0.0566,0.93,0.219,2,0.554,0,0.608,1281.727,1283.5495,1.332,0.994,0.0,2,0.15,0,0.554,0.81,1.941,0.417,0.395,1,1287.23675,6,0.65,0.0,0.294,0.279,0.174,0.867,0.895,1237.21342,1236.61438,1267.08863,202.1509,-3.0136,1,1411.99325,0.42,1328.40289,0.377,1282.80816,0.4,1,0.534,1,0,12553,0.73,0.575,0.42,1854.0,1711.0,3.4429,538.5,0.0,1,0,0.535,2893.86,1,0,0.72,2893.86,0,298.043,0.032,0.968,0.1,1.0,0.5,0.08,0.0,0.5,0.0,0.539,0.853,0.5,0.448,0.0,0.128,0.0,0,0,0.398,0.512,0.0,0.529,0.0,0.78,0.804,0.0,0.563,0.436,0.0,1.0,0.902
0,2023.07.24 11:53:40,XPDUSDm,BREAKOUT_RETEST,SELL,2,1282.73,1284.35,1278.45,2.65,0.506,1281.3625,1283.185,1275.166,1,0.039,0.232,0.2539,1283.00825,1282.44,1299.27,1271.73,1,0.001,0.55,0,1278.4465,0.702,0.797,0,0.0,0.0,0.0,1287.23675,0.917,0,0,0,0.8,-0.93,-0.0566,0.93,0.244,2,0.554,0,0.608,1281.727,1283.5495,0.186,0.152,0.0,2,0.15,0,0.554,0.346,0.837,0.413,0.341,0,1278.4465,8,0.74,0.627,0.287,0.279,0.174,0.867,0.895,1237.21342,1236.61438,1267.08863,202.1509,-3.0136,1,1411.99325,0.42,1328.40289,0.377,1282.80816,0.4,1,0.534,1,0,12553,0.73,0.575,0.42,2080.0,2003.6,3.8626,538.5,0.0,1,0,0.535,2893.86,1,0,0.72,2893.86,0,299.188,0.032,0.968,0.1,1.0,0.5,0.06,0.0,0.5,0.0,0.374,0.661,0.5,0.547,0.0,0.188,0.0,0,0,0.336,0.58,1.0,0.618,0.0,0.486,0.577,0.0,0.553,0.436,0.0,1.0,0.864
0,2023.07.24 12:27:40,XPDUSDm,ANCHORED_PULLBACK,SELL,2,1287.71,1291.41,1277.26,2.82,0.386,1281.769,1291.288,1277.26,1,0.448,0.792,1.0194,1283.00825,1282.73425,1301.061,1275.6855,1,0.009,0.7,0,1277.761,0.695,0.434,0,0.0,0.0,1289.661,0.0,0.0,0,0,0,1.0,-0.79,-0.0696,0.79,0.202,2,0.552,1,0.04,1281.769,1291.288,1.019,0.614,0.0,2,0.25,0,0.552,1.259,3.0,0.42,0.377,1,1291.288,4,0.6,0.0,0.339,0.237,0.088,1.0,0.864,1400.66241,1236.61438,1267.08863,197.6464,-4.5045,1,1238.23116,0.407,1331.04902,0.343,1276.90527,0.421,-1,0.561,1,0,12554,0.73,0.575,0.42,1909.0,1961.3,3.2756,582.8,0.0,1,0,0.535,2893.86,1,0,0.72,2893.86,0,275.599,0.107,0.893,0.7,1.0,0.5,0.99,0.0,0.5,0.691,0.563,0.833,0.5,0.524,0.0,0.703,0.0,0,0,0.639,0.649,0.0,0.537,0.0,0.739,0.435,0.0,0.549,0.436,0.0,1.0,0.902
0,2023.07.24 12:28:00,XPDUSDm,MEAN_REVERSION,SELL,2,1287.97,1291.87,1281.77,1.59,0.563,1281.769,1291.288,1277.26,1,0.448,0.792,1.064,1283.00825,1282.73425,1301.061,1275.6855,1,0.009,0.7,0,1277.761,0.695,0.434,0,0.0,0.0,1289.661,0.0,0.0,0,0,0,1.0,-0.79,-0.0696,0.79,0.202,2,0.552,1,0.04,1281.769,1291.288,1.064,0.569,0.0,2,0.25,0,0.552,1.259,3.0,0.42,0.377,1,1291.288,4,0.6,0.0,0.339,0.237,0.088,1.0,0.864,1400.66241,1236.61438,1267.08863,197.6464,-4.5045,1,1238.23116,0.407,1331.04902,0.343,1276.90527,0.421,-1,0.561,1,0,12554,0.73,0.575,0.42,2102.0,1959.8,3.6068,582.8,0.0,1,0,0.535,2893.86,1,0,0.72,2893.86,0,275.554,0.107,0.893,0.7,1.0,0.5,0.0,0.0,0.5,0.511,0.563,0.82,0.5,0.524,0.0,0.703,0.0,0,0,0.63,0.649,0.0,0.537,0.0,0.739,0.435,0.0,0.549,0.436,0.0,1.0,0.902
0,2023.07.24 13:15:30,XPDUSDm,BREAKOUT,SELL,4,1276.53,1286.17,1260.47,1.67,0.397,1281.63375,1285.47,1276.945,0,0.05,1.41,-0.7943,1283.35,1282.73425,1301.061,1275.6855,1,0.01,0.5,0,1281.63375,0.697,0.691,0,0.0,0.0,1281.52,0.0,0.0,0,0,0,0.689,-0.7139,-0.0361,0.714,0.324,0,0.722,1,0.078,1277.37125,1286.3225,0.131,1.524,0.0,2,0.25,0,0.722,1.204,3.0,0.401,0.36,1,1281.63375,8,0.739,0.738,0.303,0.214,0.088,0.538,0.779,1400.66241,1236.61438,1267.08863,197.6464,-4.5045,1,1238.23116,0.407,1331.04902,0.343,1276.90527,0.421,-1,0.561,1,0,12555,0.73,0.575,0.42,2449.0,2144.4,3.8112,642.6,0.0,1,0,0.535,2893.86,1,0,0.72,2893.86,0,251.697,0.107,0.893,0.7,1.0,0.5,0.03,0.0,0.5,0.0,0.605,0.668,0.5,0.502,0.0,0.814,0.0,0,0,0.577,0.721,0.0,0.843,0.067,0.549,0.376,0.0,0.536,0.436,0.0,1.0,0.979
0,2023.07.24 13:15:30,XPDUSDm,TREND_CONTINUATION,SELL,4,1276.53,1284.24,1260.47,2.08,0.424,1281.63375,1285.47,1276.945,0,0.05,1.41,-0.7943,1283.35,1282.73425,1301.061,1275.6855,1,0.01,0.5,0,1281.63375,0.697,0.691,0,0.0,0.0,1281.52,0.0,0.0,0,0,0,0.689,-0.7139,-0.0361,0.714,0.324,0,0.722,1,0.078,1277.37125,1286.3225,0.131,1.524,0.0,2,0.25,0,0.722,1.204,3.0,0.401,0.36,1,1281.63375,8,0.739,0.738,0.303,0.214,0.088,0.538,0.779,1400.66241,1236.61438,1267.08863,197.6464,-4.5045,1,1238.23116,0.407,1331.04902,0.343,1276.90527,0.421,-1,0.561,1,0,12555,0.73,0.575,0.42,2449.0,2148.5,3.8112,642.6,0.0,1,0,0.535,2893.86,1,0,0.72,2893.86,0,251.697,0.107,0.893,0.7,1.0,0.5,0.03,0.0,0.5,0.0,0.605,0.668,0.5,0.502,0.0,0.814,0.0,0,0,0.577,0.721,0.0,0.843,0.067,0.549,0.376,0.0,0.536,0.436,0.0,1.0,0.979
0,2023.07.24 13:20:00,XPDUSDm,PULLBACK,SELL,4,1275.38,1278.01,1256.1,7.32,0.363,1281.63375,1285.47,1276.945,0,0.05,1.41,-0.9732,1283.35,1282.73425,1301.061,1275.6855,0,0.011,0.5,0,1281.63375,0.697,0.691,0,0.0,0.0,1281.52,0.0,0.0,0,0,0,0.689,-0.7139,-0.0361,0.714,0.16,0,0.722,1,0.078,1277.37125,1286.3225,0.31,1.703,0.0,2,0.25,0,0.722,1.278,3.0,0.426,0.369,1,1277.37125,2,0.55,0.38,0.352,0.214,0.088,0.538,0.779,1400.66241,1236.61438,1267.08863,197.6464,-4.5045,1,1238.23116,0.407,1331.04902,0.343,1276.90527,0.421,-1,0.561,1,0,12555,0.73,0.575,0.42,2439.0,2215.3,3.7957,642.6,0.0,1,0,0.535,2893.86,1,0,0.72,2893.86,0,251.876,0.107,0.893,0.7,1.0,0.5,0.13,0.0,0.5,0.0,0.99,0.869,0.5,0.531,0.0,0.6,0.0,0,0,0.621,0.643,0.0,1.0,0.067,0.593,0.271,0.0,0.538,0.436,0.0,1.0,1.05
0,2023.07.24 14:00:40,XPDUSDm,BREAKOUT_RETEST,SELL,4,1278.4,1282.14,1271.65,1.81,0.621,1281.503,1285.724,1276.344,1,0.09,0.353,-0.4893,1283.35,1282.73425,1298.2415,1272.866,1,0.007,0.5,0,1281.503,0.746,0.392,0,0.0,0.0,1275.5595,0.0,0.0,0,0,0,1.0,-1.0,-0.0732,1.0,0.273,0,0.652,0,0.587,1276.813,1273.999,0.25,0.694,0.0,2,0.0,0,0.652,1.227,3.0,0.409,0.435,1,1281.503,8,0.749,0.499,0.218,0.3,0.117,0.446,0.949,1400.66241,1236.61438,1267.08863,197.6464,-4.5045,1,1238.23116,0.407,1331.04902,0.343,1276.90527,0.421,-1,0.561,1,0,12556,0.73,0.575,0.42,2152.0,2484.8,3.3936,634.1,0.0,1,0,0.535,2893.86,1,0,0.72,2893.86,1,254.747,0.107,0.893,0.7,1.0,1.0,0.99,0.0,0.5,0.0,0.327,0.588,0.5,0.457,0.0,0.258,0.0,0,0,0.293,0.775,0.0,0.968,0.0,0.468,0.443,0.0,0.523,0.436,0.0,1.0,0.825
0,2023.07.24 15:15:40,XPDUSDm,TREND_CONTINUATION,SELL,4,1289.46,1297.62,1279.63,1.21,0.55,1278.689,1283.848,1275.406,0,1.061,0.233,1.584,1283.35,1282.73425,1298.2415,1272.866,1,0.01,0.45,0,1279.627,0.787,0.682,0,0.0,0.0,1279.11725,0.0,0.0,0,0,0,1.0,-0.825,-0.0626,0.825,0.251,0,0.676,1,0.087,1279.627,1291.352,1.446,0.278,0.0,2,0.4,0,0.676,1.237,3.0,0.412,0.376,1,1279.627,8,0.757,0.0,0.385,0.247,0.14,0.898,0.867,1400.66241,1236.61438,1267.08863,197.6464,-4.5045,1,1238.23116,0.407,1331.04902,0.343,1276.90527,0.421,-1,0.561,1,0,12557,0.73,0.575,0.42,2058.0,2107.4,3.0265,680.0,0.0,1,0,0.535,2893.86,1,0,0.72,2893.86,1,235.941,0.107,0.893,0.7,1.0,1.0,0.77,0.0,0.5,0.0,0.662,0.603,0.5,0.489,0.0,0.616,0.0,0,0,0.455,0.339,0.0,0.684,0.156,0.404,0.788,0.0,0.563,0.436,0.0,1.0,0.84
0,2023.07.24 15:20:00,XPDUSDm,SWEEP_REVERSAL,SELL,4,1288.98,1295.78,1279.63,1.38,0.249,1278.689,1283.848,1275.406,0,1.061,0.233,1.5134,1283.35,1282.73425,1298.2415,1272.866,1,0.009,0.45,0,1279.627,0.787,0.682,0,0.0,0.0,1279.11725,0.0,0.0,0,0,0,1.0,-0.825,-0.0626,0.825,0.251,0,0.676,1,0.087,1279.627,1286.662,1.375,0.341,0.0,2,0.4,0,0.676,1.237,3.0,0.412,0.376,1,1279.627,8,0.757,0.0,0.385,0.247,0.14,0.898,0.714,1400.66241,1236.61438,1267.08863,197.6464,-4.5045,1,1238.23116,0.407,1331.04902,0.343,1276.90527,0.421,-1,0.561,1,0,12557,0.73,0.575,0.42,2076.0,2114.9,3.0529,680.0,0.0,1,0,0.535,2893.86,1,0,0.72,2893.86,1,236.012,0.107,0.893,0.7,1.0,1.0,0.76,0.0,0.5,0.0,0.809,0.528,0.5,0.476,0.0,0.664,0.0,0,0,0.425,0.339,0.0,0.912,0.156,0.404,0.776,0.0,0.563,0.436,0.0,1.0,0.84
0,2023.07.24 15:45:40,XPDUSDm,BREAKOUT,SELL,4,1280.08,1290.28,1263.08,1.67,0.386,1278.689,1283.848,1275.406,1,1.061,0.233,0.2046,1283.35,1282.73425,1298.2415,1272.866,1,0.004,0.45,0,1279.627,0.787,0.682,0,0.0,0.0,1279.11725,0.0,0.0,0,0,0,1.0,-0.825,-0.0626,0.825,0.884,0,0.676,1,0.087,1279.627,1273.999,0.067,0.894,0.0,2,0.4,0,0.676,0.952,3.0,0.317,0.343,0,1283.848,4,0.6,0.867,0.195,0.247,0.14,0.898,0.939,1400.66241,1236.61438,1267.08863,197.6464,-4.5045,1,1238.23116,0.407,1331.04902,0.343,1276.90527,0.421,-1,0.561,1,0,12557,0.73,0.575,0.42,2214.0,2195.4,3.2559,680.0,0.0,1,0,0.535,2893.86,1,0,0.72,2893.86,1,237.321,0.107,0.893,0.7,1.0,1.0,0.4,0.0,0.5,0.0,0.81,0.534,0.5,0.491,0.0,0.442,0.0,0,0,0.344,0.73,0.0,1.0,0.155,0.41,0.539,0.0,0.559,0.436,0.0,1.0,0.81
0,2023.07.24 15:47:40,XPDUSDm,PULLBACK,SELL,4,1281.64,1284.53,1278.69,1.02,0.614,1278.689,1283.848,1275.406,1,1.061,0.233,0.434,1283.35,1282.73425,1298.2415,1272.866,1,0.002,0.45,0,1279.627,0.787,0.682,0,0.0,0.0,1279.11725,0.0,0.0,0,0,0,1.0,-0.825,-0.0626,0.825,0.619,0,0.676,1,0.087,1279.627,1286.662,0.296,0.739,0.0,2,0.4,0,0.676,1.071,3.0,0.357,0.357,1,1278.689,1,0.7,0.408,0.274,0.247,0.14,0.898,0.714,1400.66241,1236.61438,1267.08863,197.6464,-4.5045,1,1238.23116,0.407,1331.04902,0.343,1276.90527,0.421,-1,0.561,1,0,12557,0.73,0.575,0.42,2245.0,2209.0,3.3015,680.0,0.0,1,0,0.535,2893.86,1,0,0.72,2893.86,1,237.091,0.107,0.893,0.7,1.0,1.0,0.3,0.0,0.5,0.0,0.953,0.574,0.5,0.491,0.0,0.417,0.0,0,0,0.359,0.679,0.0,1.0,0.183,0.41,0.539,0.0,0.534,0.436,0.0,1.0,0.763
0,2023.07.24 16:00:40,XPDUSDm,BREAKOUT_RETEST,SELL,4,1276.34,1279.98,1271.33,1.38,0.485,1279.25325,1283.2155,1275.291,1,0.012,0.735,-0.3987,1284.542,1282.73425,1298.2415,1272.866,1,0.009,0.45,0,1279.25325,0.764,0.576,0,0.0,0.0,1284.61475,0.0,0.0,0,0,0,0.738,-0.7631,-0.0423,0.763,0.667,0,0.757,1,0.095,1279.6935,1273.97025,0.459,0.324,0.0,2,0.25,0,0.837,1.05,3.0,0.35,0.405,1,1279.25325,8,0.753,0.082,0.2,0.229,0.088,0.792,0.943,1400.28815,1236.61438,1267.08863,220.4514,22.805,2,1232.61718,0.455,1330.42524,0.366,1281.52121,0.491,1,0.618,1,0,12558,0.73,0.575,0.42,2197.0,2221.4,3.0066,730.7,0.0,1,0,0.535,2893.86,1,0,0.72,2893.86,1,221.361,0.095,0.905,0.6,0.0,1.0,0.76,0.0,0.5,0.0,0.713,0.506,0.5,0.525,0.0,0.296,0.0,0,0,0.28,0.8,0.0,1.0,0.067,0.373,0.447,0.0,0.553,0.436,0.0,1.0,0.949
0,2023.07.24 17:00:00,XPDUSDm,ANCHORED_PULLBACK,SELL,3,1260.97,1268.98,1243.6,2.17,0.511,1278.435,1284.364,1274.2,0,1.621,0.33,-2.0109,1282.65675,1282.73425,1298.2415,1272.866,0,0.025,0.3,4,1278.435,0.719,0.497,0,0.0,0.0,1266.37625,0.0,0.0,0,0,-1,0.83,-0.7532,-0.0192,0.753,0.064,0,0.654,2,0.123,1277.588,1258.954,1.913,0.232,0.2579,0,0.0,2,1.0,1.771,3.0,0.59,0.555,2,1278.435,8,0.744,0.0,0.281,0.926,0.15,0.662,0.976,1400.28815,1236.61438,1267.08863,220.4514,22.805,2,1232.61718,0.455,1330.42524,0.366,1281.52121,0.491,1,0.618,1,0,12559,0.73,0.575,0.42,3263.0,2414.3,3.7571,868.5,0.0,1,0,0.535,2893.86,1,0,0.72,2893.86,1,188.013,0.095,0.905,0.6,0.0,1.0,0.0,0.0,0.5,0.925,0.29,0.496,0.5,0.659,0.0,0.549,0.0,0,0,0.42,0.391,0.0,0.878,0.227,1.0,0.279,0.0,0.486,0.436,0.0,1.0,0.989
0,2023.07.24 17:38:40,XPDUSDm,TREND_CONTINUATION,SELL,3,1268.62,1279.04,1258.11,1.01,0.505,1278.435,1284.364,1274.2,0,1.621,0.33,-1.1301,1282.65675,1282.73425,1298.2415,1272.866,0,0.016,0.3,4,1278.435,0.719,0.497,0,0.0,0.0,1266.37625,0.0,0.0,0,0,-1,0.83,-0.7532,-0.0192,0.753,0.043,0,0.71,2,0.123,1277.588,1269.965,1.033,0.155,0.0,2,0.0,0,0.79,1.331,3.0,0.444,0.451,1,1278.435,8,0.744,0.0,0.287,0.226,0.15,0.662,0.976,1400.28815,1236.61438,1267.08863,220.4514,22.805,2,1232.61718,0.455,1330.42524,0.366,1281.52121,0.491,1,0.618,1,0,12559,0.73,0.575,0.42,2564.0,2629.8,2.9522,868.5,0.0,1,0,0.535,2893.86,1,0,0.72,2893.86,1,187.132,0.095,0.905,0.6,0.0,1.0,0.81,0.0,0.5,0.0,1.0,0.677,0.5,0.529,0.0,0.589,0.0,0,0,0.501,0.494,0.0,0.962,0.257,0.617,0.56,0.0,0.549,0.436,0.0,1.0,0.946
0,2023.07.24 17:45:40,XPDUSDm,BREAKOUT,SELL,3,1267.98,1275.92,1258.11,1.24,0.532,1278.435,1284.364,1274.2,0,1.621,0.33,-1.2038,1282.65675,1282.73425,1298.2415,1272.866,0,0.017,0.3,4,1278.435,0.719,0.497,0,0.0,0.0,1266.37625,0.0,0.0,0,0,-1,0.83,-0.7532,-0.0192,0.753,0.043,0,0.71,2,0.123,1277.588,1269.965,1.106,0.229,0.0,2,0.0,0,0.79,1.331,3.0,0.444,0.451,1,1278.435,8,0.744,0.0,0.287,0.226,0.15,0.662,0.976,1400.28815,1236.61438,1267.08863,220.4514,22.805,2,1232.61718,0.455,1330.42524,0.366,1281.52121,0.491,1,0.618,1,0,12559,0.73,0.575,0.42,2462.0,2537.4,2.8348,868.5,0.0,1,0,0.535,2893.86,1,0,0.72,2893.86,1,187.206,0.095,0.905,0.6,0.0,1.0,0.77,0.0,0.5,0.0,1.0,0.713,0.5,0.547,0.0,0.522,0.0,0,0,0.501,0.494,0.0,0.487,0.257,0.625,0.56,0.0,0.549,0.436,0.0,1.0,0.946
0,2023.07.24 17:47:40,XPDUSDm,PULLBACK,SELL,3,1269.35,1275.92,1258.11,1.71,0.43,1278.435,1284.364,1274.2,0,1.621,0.33,-1.0461,1282.65675,1282.73425,1298.2415,1272.866,0,0.015,0.3,4,1278.435,0.719,0.497,0,0.0,0.0,1266.37625,0.0,0.0,0,0,-1,0.83,-0.7532,-0.0192,0.753,0.009,0,0.71,2,0.123,1277.588,1269.965,0.949,0.071,0.0,2,0.0,0,0.79,1.346,3.0,0.449,0.453,1,1278.435,8,0.744,0.0,0.297,0.226,0.15,0.662,0.976,1400.28815,1236.61438,1267.08863,220.4514,22.805,2,1232.61718,0.455,1330.42524,0.366,1281.52121,0.491,1,0.618,1,0,12559,0.73,0.575,0.42,2520.0,2527.1,2.9016,868.5,0.0,1,0,0.535,2893.86,1,0,0.72,2893.86,1,187.048,0.095,0.905,0.6,0.0,1.0,0.63,0.0,0.5,0.0,1.0,0.705,0.5,0.547,0.0,0.522,0.0,0,0,0.496,0.484,0.0,1.0,0.257,0.625,0.56,0.0,0.549,0.436,0.0,1.0,0.946
0,2023.07.24 18:00:40,XPDUSDm,BREAKOUT_RETEST,SELL,3,1271.54,1279.22,1257.69,1.8,0.604,1278.27375,1291.14,1268.8385,1,0.517,0.027,-0.7106,1282.5385,1284.035,1298.874,1271.894,0,0.013,0.65,0,1278.27375,0.698,0.319,0,0.0,0.0,1268.993,0.0,0.0,0,0,-1,1.0,-0.8667,-0.0333,0.867,0.101,2,0.592,0,0.516,1266.26525,1273.12725,0.557,0.167,0.0,2,0.15,0,0.672,1.305,3.0,0.435,0.42,1,1278.27375,8,0.74,0.0,0.33,0.26,0.156,0.459,0.894,1400.28815,1236.61438,1267.08863,220.4514,22.805,2,1232.61718,0.455,1330.42524,0.366,1281.52121,0.491,1,0.618,1,0,12560,0.74,0.57,0.426,2104.0,2350.4,2.2202,947.6,0.0,1,0,0.535,2893.86,1,0,0.72,2893.86,0,171.195,0.095,0.905,0.6,0.0,0.5,0.99,0.0,0.5,0.0,1.0,0.857,0.5,0.538,0.0,0.464,0.0,0,0,0.561,0.409,0.0,1.0,0.199,1.0,0.565,0.0,0.507,0.436,0.0,1.0,0.819
0,2023.07.24 19:00:30,XPDUSDm,ANCHORED_PULLBACK,SELL,3,1272.05,1280.98,1263.69,0.94,0.264,1278.27375,1282.5625,1263.692,1,0.235,0.921,-0.6217,1282.5385,1284.035,1298.874,1271.894,1,0.012,0.55,0,1278.27375,0.787,0.877,0,0.0,0.0,1277.978,0.0,0.0,0,0,0,0.8,-0.825,-0.0558,0.825,0.39,2,0.542,0,0.776,1269.69625,1262.83425,0.235,0.921,-0.3427,1,0.55,0,0.622,1.175,3.0,0.392,0.388,1,1278.27375,8,0.757,0.53,0.703,0.247,0.348,0.646,0.769,1400.28815,1236.61438,1267.08863,220.4514,22.805,2,1232.61718,0.455,1330.42524,0.366,1281.52121,0.491,1,0.618,1,0,12561,0.74,0.57,0.426,1312.0,1211.1,1.3106,1001.1,0.0,1,0,0.535,2893.86,1,0,0.72,2893.86,0,162.007,0.095,0.905,0.6,0.0,0.5,0.26,0.0,0.5,0.0,0.949,0.663,0.5,0.561,0.0,0.295,0.0,0,0,0.384,0.509,0.0,0.871,0.1,0.573,0.467,0.0,0.481,0.436,0.0,1.0,0.802
0,2023.07.24 19:52:20,XPDUSDm,BREAKOUT,SELL,3,1271.31,1279.27,1262.83,1.06,0.348,1278.27375,1282.5625,1263.692,1,0.235,0.921,-0.6956,1282.5385,1284.035,1298.874,1271.894,0,0.013,0.55,0,1278.27375,0.787,0.877,0,0.0,0.0,1277.978,0.0,0.0,0,0,0,0.8,-0.825,-0.0558,0.825,0.39,2,0.542,0,0.776,1269.69625,1262.83425,0.161,0.847,0.0,2,0.25,0,0.622,1.175,3.0,0.392,0.433,1,1278.27375,8,0.757,0.678,0.283,0.247,0.243,0.646,0.769,1400.28815,1236.61438,1267.08863,220.4514,22.805,2,1232.61718,0.455,1330.42524,0.366,1281.52121,0.491,1,0.618,1,0,12561,0.74,0.57,0.426,2152.0,2302.1,2.1497,1001.1,0.0,1,0,0.535,2893.86,1,0,0.72,2893.86,0,162.081,0.095,0.905,0.6,0.0,0.5,0.99,0.0,0.5,0.0,0.645,0.582,0.5,0.605,0.0,0.304,0.0,0,0,0.352,0.532,0.0,1.0,0.1,0.63,0.35,0.0,0.524,0.436,0.0,1.0,0.967
0,2023.07.24 19:52:20,XPDUSDm,PULLBACK,SELL,3,1271.31,1278.98,1262.83,1.11,0.572,1278.27375,1282.5625,1263.692,1,0.235,0.921,-0.6956,1282.5385,1284.035,1298.874,1271.894,0,0.013,0.55,0,1278.27375,0.787,0.877,0,0.0,0.0,1277.978,0.0,0.0,0,0,0,0.8,-0.825,-0.0558,0.825,0.39,2,0.542,0,0.776,1269.69625,1262.83425,0.161,0.847,0.0,2,0.25,0,0.622,1.175,3.0,0.392,0.433,1,1278.27375,8,0.757,0.678,0.283,0.247,0.243,0.646,0.769,1400.28815,1236.61438,1267.08863,220.4514,22.805,2,1232.61718,0.455,1330.42524,0.366,1281.52121,0.491,1,0.618,1,0,12561,0.74,0.57,0.426,2152.0,2300.0,2.1497,1001.1,0.0,1,0,0.535,2893.86,1,0,0.72,2893.86,0,162.081,0.095,0.905,0.6,0.0,0.5,0.98,0.0,0.5,0.0,0.645,0.582,0.5,0.605,0.0,0.304,0.0,0,0,0.352,0.532,0.0,1.0,0.1,0.63,0.35,0.0,0.524,0.436,0.0,1.0,0.967
0,2023.07.24 20:00:40,XPDUSDm,BREAKOUT_RETEST,SELL,3,1271.26,1280.08,1256.83,1.64,0.548,1269.42275,1279.0525,1264.2375,1,0.01,0.879,0.1795,1282.5385,1284.035,1298.874,1271.894,0,0.012,0.5,0,1278.31175,0.747,0.474,0,0.0,0.0,0.0,0.0,0.0,0,0,-1,0.8,-1.0,-0.0947,1.0,0.696,2,0.604,0,0.707,1270.1635,1262.01525,0.107,0.903,0.0,2,0.0,0,0.604,1.037,3.0,0.346,0.461,1,1278.31175,8,0.749,0.786,0.091,0.3,0.141,0.808,0.885,1400.40458,1236.61438,1267.08863,212.8302,-7.6211,1,1234.36375,0.454,1328.21292,0.375,1277.67875,0.499,1,0.519,1,0,12562,0.74,0.57,0.426,1996.0,2184.1,1.9499,1023.6,0.0,1,0,0.535,2893.86,1,0,0.72,2893.86,-1,158.512,0.113,0.887,0.6,1.0,0.0,0.99,0.0,0.5,0.0,0.442,0.794,0.5,0.582,0.0,0.389,0.0,0,0,0.506,0.689,0.0,1.0,0.093,0.523,0.35,0.0,0.54,0.436,0.0,1.0,1.017
0,2023.07.24 20:57:40,XPDUSDm,TREND_CONTINUATION,SELL,3,1274.63,1286.91,1262.02,1.03,0.526,1269.42275,1279.0525,1264.2375,1,0.01,0.879,0.5087,1282.5385,1284.035,1298.874,1271.894,1,0.009,0.5,0,1278.31175,0.747,0.474,0,0.0,0.0,0.0,0.0,0.0,0,0,-1,0.8,-1.0,-0.0947,1.0,0.257,2,0.604,0,0.707,1277.571,1282.0155,0.287,0.721,0.0,2,0.0,0,0.604,1.234,3.0,0.411,0.471,1,1278.31175,8,0.749,0.425,0.223,0.3,0.141,0.7,0.856,1400.40458,1236.61438,1267.08863,212.8302,-7.6211,1,1234.36375,0.454,1328.21292,0.375,1277.67875,0.499,1,0.519,1,0,12562,0.74,0.57,0.426,1711.0,1706.9,1.6715,1023.6,0.0,1,0,0.535,2893.86,1,0,0.72,2893.86,-1,158.183,0.113,0.887,0.6,1.0,0.0,0.49,0.0,0.5,0.0,1.0,0.925,0.5,0.594,0.0,0.257,0.0,0,0,0.536,0.715,0.0,1.0,0.067,0.403,0.516,0.0,0.488,0.436,0.0,1.0,0.902
0,2023.07.24 22:05:00,XPDUSDm,BREAKOUT,SELL,1,1270.47,1277.47,1262.83,1.09,0.334,1269.3765,1276.468,1263.376,1,0.0,0.762,0.1091,1282.5385,1284.035,1293.478,1266.498,1,0.014,0.6,0,1278.1045,0.701,0.537,0,0.0,0.0,0.0,0.0,0.0,0,0,0,0.8,-0.825,-0.0773,0.825,0.852,0,0.703,0,0.562,1270.4675,1262.285,0.0,0.817,-0.1719,1,0.55,0,0.703,0.967,3.0,0.322,0.378,1,1278.1045,8,0.74,1.0,0.564,0.247,0.305,0.814,0.873,1400.40458,1236.61438,1267.08863,212.8302,-7.6211,1,1234.36375,0.454,1328.21292,0.375,1277.67875,0.499,1,0.519,1,0,12563,0.74,0.57,0.426,2031.0,1714.2,2.0262,1002.4,0.0,1,0,0.535,2893.86,1,0,0.72,2893.86,-1,161.957,0.113,0.887,0.6,1.0,0.0,0.0,0.0,0.5,0.0,0.871,0.909,0.5,0.583,0.0,0.263,0.0,0,0,0.526,0.762,0.0,1.0,0.093,0.222,0.478,0.0,0.538,0.436,0.0,1.0,0.771
0,2023.07.24 22:05:00,XPDUSDm,BREAKOUT_RETEST,SELL,1,1270.47,1277.47,1256.83,1.95,0.521,1269.3765,1276.468,1263.376,1,0.0,0.762,0.1091,1282.5385,1284.035,1293.478,1266.498,1,0.014,0.6,0,1278.1045,0.701,0.537,0,0.0,0.0,0.0,0.0,0.0,0,0,0,0.8,-0.825,-0.0773,0.825,0.852,0,0.705,0,0.562,1270.4675,1262.285,0.0,0.817,0.0,2,0.25,0,0.705,0.967,3.0,0.322,0.424,1,1278.1045,8,0.74,1.0,0.144,0.247,0.2,0.814,0.873,1400.40458,1236.61438,1267.08863,212.8302,-7.6211,1,1234.36375,0.454,1328.21292,0.375,1277.67875,0.499,1,0.519,1,0,12563,0.74,0.57,0.426,2031.0,1717.4,2.0262,1002.4,0.0,1,0,0.535,2893.86,1,0,0.72,2893.86,-1,161.957,0.113,0.887,0.6,1.0,0.0,0.0,0.0,0.5,0.0,0.871,0.909,0.5,0.583,0.0,0.292,0.0,0,0,0.537,0.763,0.0,1.0,0.093,0.318,0.478,0.0,0.553,0.436,0.0,1.0,0.871
0,2023.07.24 22:05:20,XPDUSDm,PULLBACK,SELL,1,1270.47,1277.47,1262.83,1.09,0.57,1269.3765,1276.468,1263.376,1,0.0,0.762,0.1091,1282.5385,1284.035,1293.478,1266.498,1,0.014,0.6,0,1278.1045,0.701,0.537,0,0.0,0.0,0.0,0.0,0.0,0,0,0,0.8,-0.825,-0.0773,0.825,0.852,0,0.705,0,0.562,1270.4675,1262.285,0.0,0.817,0.0,2,0.25,0,0.705,0.967,3.0,0.322,0.424,1,1278.1045,8,0.74,1.0,0.144,0.247,0.2,0.814,0.873,1400.40458,1236.61438,1267.08863,212.8302,-7.6211,1,1234.36375,0.454,1328.21292,0.375,1277.67875,0.499,1,0.519,1,0,12563,0.74,0.57,0.426,2031.0,1720.6,2.0262,1002.4,0.0,1,0,0.535,2893.86,1,0,0.72,2893.86,-1,161.957,0.113,0.887,0.6,1.0,0.0,0.0,0.0,0.5,0.0,0.871,0.869,0.5,0.583,0.0,0.292,0.0,0,0,0.513,0.763,0.0,1.0,0.093,0.318,0.478,0.0,0.553,0.436,0.0,1.0,0.871
0,2023.07.24 22:08:40,XPDUSDm,MEAN_REVERSION,SELL,1,1273.45,1277.47,1269.38,1.01,0.64,1269.3765,1276.468,1263.376,1,0.0,0.762,0.4064,1282.5385,1284.035,1293.478,1266.498,1,0.011,0.6,0,1278.1045,0.701,0.537,0,0.0,0.0,0.0,0.0,0.0,0,0,0,0.8,-0.825,-0.0773,0.825,0.535,0,0.705,0,0.562,1270.4675,1262.285,0.298,1.114,0.0,2,0.25,0,0.705,1.109,3.0,0.37,0.44,1,1269.3765,1,0.7,0.405,0.239,0.247,0.2,0.814,0.873,1400.40458,1236.61438,1267.08863,212.8302,-7.6211,1,1234.36375,0.454,1328.21292,0.375,1277.67875,0.499,1,0.519,1,0,12563,0.74,0.57,0.426,2083.0,1781.2,2.0781,1002.4,0.0,1,0,0.535,2893.86,1,0,0.72,2893.86,-1,161.66,0.113,0.887,0.6,1.0,0.0,0.04,0.0,0.5,0.0,1.0,0.981,0.5,0.549,0.0,0.25,0.0,0,0,0.553,0.702,0.0,1.0,0.067,0.318,0.524,0.0,0.505,0.436,0.0,1.0,0.902
0,2023.07.24 23:00:00,XPDUSDm,SWEEP_REVERSAL,SELL,1,1274.09,1278.96,1270.11,0.82,0.182,1270.10525,1274.0675,1267.0235,0,0.05,0.807,0.4285,1282.5385,1284.035,1293.478,1266.498,1,0.011,0.4,0,1278.02975,0.691,0.453,0,0.0,0.0,0.0,0.0,0.0,0,0,0,0.8,-1.0,-0.0798,1.0,0.18,0,0.659,0,0.952,1273.62725,1275.38825,0.05,0.14,-0.6503,1,0.0,0,0.659,1.269,3.0,0.423,0.539,2,1278.02975,8,0.738,0.9,0.546,0.3,0.19,0.856,0.904,1400.40458,1236.61438,1267.08863,212.8302,-7.6211,1,1234.36375,0.454,1328.21292,0.375,1277.67875,0.499,1,0.519,1,0,12564,0.74,0.57,0.426,1906.0,1958.0,2.0495,930.0,0.0,1,0,0.535,2893.86,1,0,0.72,2893.86,-1,174.169,0.113,0.887,0.6,1.0,0.0,0.99,0.0,0.5,0.0,1.0,0.797,0.5,0.593,0.0,0.207,0.0,0,0,0.439,0.667,0.0,1.0,0.067,0.143,0.545,0.0,0.509,0.436,0.0,1.0,0.925
0,2023.07.25 00:00:30,XPDUSDm,TREND_CONTINUATION,SELL,1,1273.06,1283.89,1250.5,2.08,0.525,1273.48725,1274.274,1269.029,1,0.047,0.28,-0.0473,1282.5385,1284.035,1293.478,1266.498,1,0.012,0.5,0,1277.15875,0.568,0.426,0,0.0,0.0,0.0,0.0,0.0,0,0,0,0.8,-1.0,-0.0637,1.0,0.34,2,0.352,3,0.437,1273.48725,1275.8475,0.047,0.309,-0.1994,1,0.45,5,1.0,0.897,3.0,0.299,0.467,1,1277.15875,8,0.714,0.905,0.678,0.3,0.457,1.0,0.92,1403.45885,1236.61438,1267.08863,229.4131,16.5828,2,1236.86269,0.442,1330.15654,0.377,1276.84577,0.528,1,0.536,1,0,12565,0.74,0.57,0.426,1955.0,1932.6,2.1664,902.4,0.0,1,0,0.535,2893.86,1,0,0.72,2893.86,-1,179.604,0.097,0.903,0.6,0.0,0.0,0.71,0.0,0.5,0.0,0.635,0.327,0.5,0.519,0.0,0.424,0.0,0,0,0.429,0.266,0.0,0.869,0.1,0.051,0.519,0.0,0.47,0.436,0.0,1.0,0.561
0,2023.07.25 00:08:00,XPDUSDm,BREAKOUT,SELL,1,1273.08,1286.62,1250.52,1.67,0.35,1273.48725,1274.274,1269.029,1,0.047,0.28,-0.0451,1282.5385,1284.035,1293.478,1266.498,1,0.012,0.5,0,1277.15875,0.568,0.426,0,0.0,0.0,0.0,0.0,0.0,0,0,0,0.8,-1.0,-0.0637,1.0,0.34,2,0.577,3,0.437,1273.48725,1275.8475,0.045,0.307,0.0,2,0.15,0,0.577,1.197,3.0,0.399,0.441,1,1277.15875,8,0.714,0.91,0.258,0.3,0.053,1.0,0.92,1403.45885,1236.61438,1267.08863,229.4131,16.5828,2,1236.86269,0.442,1330.15654,0.377,1276.84577,0.528,1,0.536,1,0,12565,0.74,0.57,0.426,1951.0,1952.8,2.1619,902.4,0.0,1,0,0.535,2893.86,1,0,0.72,2893.86,-1,179.602,0.097,0.903,0.6,0.0,0.0,0.88,0.0,0.5,0.0,1.0,0.287,0.5,0.588,0.0,0.178,0.0,0,0,0.375,0.572,0.0,1.0,0.1,0.158,0.519,0.0,0.521,0.436,0.0,1.0,0.748
0,2023.07.25 00:08:00,XPDUSDm,BREAKOUT_RETEST,SELL,1,1273.08,1275.79,1266.41,2.47,0.542,1273.48725,1274.274,1269.029,1,0.047,0.28,-0.0451,1282.5385,1284.035,1293.478,1266.498,1,0.012,0.5,0,1277.15875,0.568,0.426,0,0.0,0.0,0.0,0.0,0.0,0,0,0,0.8,-1.0,-0.0637,1.0,0.34,2,0.577,3,0.437,1273.48725,1275.8475,0.045,0.307,0.0,2,0.15,0,0.577,1.197,3.0,0.399,0.441,1,1277.15875,8,0.714,0.91,0.258,0.3,0.053,1.0,0.92,1403.45885,1236.61438,1267.08863,229.4131,16.5828,2,1236.86269,0.442,1330.15654,0.377,1276.84577,0.528,1,0.536,1,0,12565,0.74,0.57,0.426,1951.0,1953.8,2.1619,902.4,0.0,1,0,0.535,2893.86,1,0,0.72,2893.86,-1,179.602,0.097,0.903,0.6,0.0,0.0,0.88,0.0,0.5,0.0,1.0,0.287,0.5,0.588,0.0,0.178,0.0,0,0,0.375,0.572,0.0,1.0,0.1,0.158,0.519,0.0,0.521,0.436,0.0,1.0,0.748
0,2023.07.25 00:09:30,XPDUSDm,MEAN_REVERSION,SELL,1,1273.0,1280.22,1259.46,1.88,0.573,1273.48725,1274.274,1269.029,1,0.047,0.28,-0.054,1282.5385,1284.035,1293.478,1266.498,1,0.012,0.5,0,1277.15875,0.568,0.426,0,0.0,0.0,0.0,0.0,0.0,0,0,0,0.8,-1.0,-0.0637,1.0,0.34,2,0.577,3,0.437,1273.48725,1275.8475,0.054,0.316,0.0,2,0.15,0,0.577,1.197,3.0,0.399,0.441,1,1277.15875,8,0.714,0.892,0.258,0.3,0.053,1.0,0.92,1403.45885,1236.61438,1267.08863,229.4131,16.5828,2,1236.86269,0.442,1330.15654,0.377,1276.84577,0.528,1,0.536,1,0,12565,0.74,0.57,0.426,1949.0,1958.2,2.1597,902.4,0.0,1,0,0.535,2893.86,1,0,0.72,2893.86,-1,179.611,0.097,0.903,0.6,0.0,0.0,0.93,0.0,0.5,0.0,1.0,0.293,0.5,0.588,0.0,0.178,0.0,0,0,0.372,0.572,0.0,1.0,0.1,0.158,0.518,0.0,0.521,0.436,0.0,1.0,0.748
0,2023.07.25 00:50:20,XPDUSDm,PULLBACK,SELL,1,1274.39,1278.06,1266.5,2.15,0.441,1273.48725,1274.274,1269.029,0,0.047,0.28,0.1,1282.5385,1284.035,1293.478,1266.498,1,0.011,0.5,0,1277.15875,0.568,0.426,0,0.0,0.0,0.0,0.0,0.0,0,0,0,0.8,-1.0,-0.0637,1.0,0.302,2,0.577,3,0.437,1273.48725,1275.8475,0.1,0.162,0.0,2,0.15,0,0.577,1.214,3.0,0.405,0.443,1,1277.15875,8,0.714,0.8,0.269,0.3,0.053,1.0,0.92,1403.45885,1236.61438,1267.08863,229.4131,16.5828,2,1236.86269,0.442,1330.15654,0.377,1276.84577,0.528,1,0.536,1,0,12565,0.74,0.57,0.426,1686.0,1839.2,1.8683,902.4,0.0,1,0,0.535,2893.86,1,0,0.72,2893.86,-1,179.457,0.097,0.903,0.6,0.0,0.0,0.99,0.0,0.5,0.0,0.325,0.824,0.5,1.0,0.0,0.247,0.0,0,0,0.593,0.636,0.0,1.0,0.1,0.195,0.541,0.0,0.509,0.436,0.0,1.0,0.902
0,2023.07.25 01:09:30,XPDUSDm,SWEEP_REVERSAL,SELL,1,1275.74,1279.09,1269.51,1.86,0.187,1273.739,1274.486,1269.506,0,0.012,0.16,0.2303,1282.5385,1284.035,1290.78,1266.498,1,0.01,0.5,0,1278.221,0.58,0.778,0,0.0,0.0,0.0,0.0,0.0,0,0,0,0.8,-0.825,-0.0832,0.825,0.064,2,0.612,0,0.402,1273.49,1275.233,0.259,0.058,0.0,2,0.15,0,0.612,1.321,3.0,0.44,0.437,1,1269.506,5,0.6,0.482,0.341,0.247,0.133,0.817,0.912,1403.45885,1236.61438,1267.08863,229.4131,16.5828,2,1236.86269,0.442,1330.15654,0.377,1276.84577,0.528,1,0.536,1,0,12566,0.74,0.57,0.426,1682.0,1682.6,1.9359,868.9,0.0,1,0,0.535,2893.86,1,0,0.72,2893.86,-1,186.235,0.097,0.903,0.6,0.0,0.0,0.71,0.0,0.5,0.0,0.411,0.828,0.5,0.591,0.0,0.256,0.0,0,0,0.476,0.596,0.0,1.0,0.1,0.041,0.553,0.0,0.512,0.436,0.0,1.0,0.902
0,2023.07.25 02:59:40,XPDUSDm,MEAN_REVERSION,SELL,1,1279.43,1286.7,1273.51,0.81,0.589,1273.50875,1274.4065,1269.02,0,0.337,0.124,0.6519,1282.5385,1284.035,1290.78,1266.498,1,0.005,0.45,0,1273.50875,0.606,0.324,0,0.0,0.0,0.0,0.0,0.0,0,0,0,1.0,-0.825,-0.0687,0.825,0.121,2,0.619,0,0.444,1273.50875,1280.3915,0.652,0.106,0.0,2,0.4,0,0.619,1.295,3.0,0.432,0.385,1,1273.50875,8,0.721,0.0,0.424,0.247,0.229,0.667,0.953,1403.45885,1236.61438,1267.08863,229.4131,16.5828,2,1236.86269,0.442,1330.15654,0.377,1276.84577,0.528,1,0.536,1,0,12567,0.74,0.57,0.426,1794.0,1821.1,1.9751,908.3,0.0,1,0,0.535,2893.86,1,0,0.72,2893.86,-1,177.745,0.097,0.903,0.6,0.0,0.0,0.99,0.0,0.5,0.0,1.0,0.581,0.5,0.562,0.0,0.238,0.0,0,0,0.313,0.446,0.0,1.0,0.1,0.245,0.702,0.0,0.521,0.436,0.0,1.0,0.902
0,2023.07.25 04:35:00,XPDUSDm,SWEEP_REVERSAL,SELL,1,1280.38,1288.18,1274.02,0.82,0.181,1274.02275,1278.5875,1272.341,0,0.044,0.079,0.8153,1278.9925,1284.035,1290.78,1266.498,1,0.005,0.65,0,1274.02275,0.652,0.56,0,0.0,0.0,0.0,0.0,0.0,0,0,0,0.347,0.4661,0.0226,0.466,0.046,0,0.725,3,0.336,1279.30825,1280.5095,0.137,0.017,0.0,2,0.15,0,0.805,1.33,3.0,0.443,0.49,1,1274.02275,8,0.73,0.725,0.346,0.14,0.053,0.913,0.957,1402.8957,1236.61438,1274.83562,314.967,85.554,2,1232.07599,0.487,1329.68725,0.361,1280.88162,0.55,1,0.662,1,0,12569,0.74,0.57,0.426,1736.0,1745.6,2.2265,779.7,0.0,1,0,0.535,2893.86,1,0,0.72,2893.86,-1,206.932,0.091,0.909,0.4,0.0,0.0,0.99,0.0,0.5,0.0,1.0,0.682,0.5,0.566,0.0,0.377,0.0,0,0,0.43,0.621,0.0,1.0,0.1,0.195,0.625,0.0,0.525,0.436,0.0,1.0,0.719
0,2023.07.25 05:00:30,XPDUSDm,MEAN_REVERSION,SELL,1,1280.44,1286.33,1274.02,1.09,0.654,1279.30825,1280.99,1274.263,1,0.152,0.283,0.1537,1278.9925,1284.035,1290.78,1266.498,1,0.005,0.7,2,1274.02275,0.636,0.636,0,0.0,0.0,0.0,0.0,0.0,0,0,0,0.748,0.544,0.0499,0.544,0.28,0,0.69,3,0.321,1279.068,1280.74975,0.186,0.042,0.0,2,0.4,0,0.77,1.224,3.0,0.408,0.423,1,1274.02275,8,0.727,0.627,0.376,0.163,0.14,0.862,0.783,1402.8957,1236.61438,1274.83562,314.967,85.554,2,1232.07599,0.487,1329.68725,0.361,1280.88162,0.55,1,0.662,1,0,12570,0.745,0.57,0.428,1664.0,1690.1,2.26,736.3,0.0,1,0,0.535,2893.86,1,0,0.72,2893.86,-1,219.13,0.091,0.909,0.4,0.0,0.0,0.99,0.0,0.5,0.0,1.0,0.582,0.5,0.556,0.0,0.426,0.0,0,0,0.386,0.584,0.0,1.0,0.148,0.198,0.555,0.0,0.526,0.436,0.0,1.0,0.687
0,2023.07.25 07:00:40,XPDUSDm,MEAN_REVERSION,SELL,1,1283.89,1288.9,1279.11,0.95,0.589,1279.1085,1284.852,1278.288,1,0.127,0.572,0.7635,1278.9925,1280.9115,1290.225,1268.937,1,0.005,0.6,0,1284.0315,0.631,0.135,0,0.0,0.0,1283.7275,0.0,0.0,0,0,0,0.6,0.79,0.1484,0.79,0.65,2,0.567,0,0.551,1283.758,1286.493,0.021,0.416,0.0,2,0.0,0,0.647,1.057,3.0,0.352,0.444,1,1279.1085,1,0.7,0.958,0.105,0.237,0.11,0.723,0.92,1402.8957,1236.61438,1274.83562,314.967,85.554,2,1232.07599,0.487,1329.68725,0.361,1280.88162,0.55,1,0.662,1,0,12572,0.745,0.57,0.428,2045.0,2045.9,3.2653,626.3,0.0,1,0,0.535,2893.86,1,0,0.72,2893.86,-1,257.066,0.091,0.909,0.4,0.0,0.0,0.42,0.0,0.5,0.0,0.454,0.621,0.5,0.578,0.0,1.0,0.0,0,0,0.646,0.813,0.0,0.99,0.0,0.399,0.544,0.0,0.549,0.436,0.0,1.0,0.803
0,2023.07.25 07:02:30,XPDUSDm,SWEEP_REVERSAL,SELL,1,1284.96,1291.22,1279.11,0.93,0.142,1279.1085,1284.852,1278.288,0,0.127,0.572,0.9343,1278.9925,1280.9115,1290.225,1268.937,1,0.006,0.6,0,1284.0315,0.631,0.135,0,0.0,0.0,1283.7275,0.0,0.0,0,0,0,0.6,0.79,0.1484,0.79,0.38,2,0.567,0,0.551,1283.758,1286.493,0.192,0.245,0.0,2,0.0,0,0.647,1.179,3.0,0.393,0.459,1,1279.1085,1,0.7,0.616,0.186,0.237,0.11,0.723,0.92,1402.8957,1236.61438,1274.83562,314.967,85.554,2,1232.07599,0.487,1329.68725,0.361,1280.88162,0.55,1,0.662,1,0,12572,0.745,0.57,0.428,2024.0,2045.9,3.2318,626.3,0.0,1,0,0.535,2893.86,1,0,0.72,2893.86,-1,256.896,0.091,0.909,0.4,0.0,0.0,0.74,0.0,0.5,0.0,0.379,0.683,0.5,0.578,0.0,1.0,0.0,0,0,0.684,0.874,0.0,1.0,0.0,0.448,0.578,0.0,0.534,0.436,0.0,1.0,0.796
0,2023.07.25 09:00:40,XPDUSDm,MEAN_REVERSION,SELL,2,1287.09,1290.61,1284.01,0.87,0.68,1284.01125,1285.595,1281.5225,0,0.549,0.273,0.6991,1282.5385,1280.9115,1290.225,1268.937,1,0.014,0.45,0,1284.01125,0.68,0.605,0,0.0,0.0,1285.92125,0.0,0.0,0,0,0,1.0,0.685,0.3032,0.685,0.336,0,0.73,0,0.817,1283.785,1287.8575,0.751,0.174,0.0,2,0.4,0,0.81,1.199,3.0,0.4,0.498,1,1284.01125,8,0.736,0.0,0.359,0.206,0.303,0.905,0.885,1399.80299,1236.61438,1282.12037,382.794,67.8269,2,1231.35576,0.484,1327.61132,0.364,1279.48354,0.579,-1,0.612,1,0,12574,0.745,0.57,0.428,2073.0,1983.5,4.7075,440.4,0.0,1,0,0.535,2893.86,1,0,0.72,2893.86,-1,364.879,0.084,0.916,0.3,0.0,0.0,0.22,0.0,0.5,0.0,0.476,0.787,0.5,0.527,0.0,0.494,0.0,0,0,0.528,0.581,0.0,0.791,0.0,0.305,0.745,0.0,0.58,0.436,0.0,1.0,0.665
0,2023.07.25 09:03:40,XPDUSDm,SWEEP_REVERSAL,SELL,2,1289.28,1293.68,1284.01,1.2,0.324,1284.01125,1285.595,1281.5225,0,0.549,0.273,1.1965,1282.5385,1280.9115,1290.225,1268.937,1,0.019,0.45,0,1284.01125,0.68,0.605,0,0.0,0.0,1285.92125,0.0,0.0,0,0,0,1.0,0.685,0.3032,0.685,0.032,0,0.73,0,0.817,1283.785,1287.8575,1.248,0.323,0.0,2,0.4,0,0.81,1.336,3.0,0.445,0.514,2,1284.01125,8,0.736,0.0,0.45,0.206,0.303,0.905,0.885,1399.80299,1236.61438,1282.12037,382.794,67.8269,2,1231.35576,0.484,1327.61132,0.364,1279.48354,0.579,-1,0.612,1,0,12574,0.745,0.57,0.428,1701.0,1997.7,3.8628,440.4,0.0,1,0,0.535,2893.86,1,0,0.72,2893.86,-1,364.382,0.084,0.916,0.3,0.0,0.0,0.99,0.0,0.5,0.895,0.571,0.779,0.5,0.542,0.0,0.464,0.0,0,0,0.516,0.414,0.0,1.0,0.0,0.305,0.831,0.0,0.58,0.436,0.0,1.0,0.665
0,2023.07.25 11:02:40,XPDUSDm,MEAN_REVERSION,SELL,2,1287.42,1290.68,1282.21,1.6,0.588,1286.865,1287.6,1282.21,1,0.141,0.701,0.1363,1284.3115,1283.5725,1290.225,1271.598,1,0.009,0.55,0,1286.865,0.622,0.847,0,0.0,0.0,1286.74725,0.0,0.0,0,0,0,1.0,0.755,0.3332,0.755,0.635,2,0.557,0,0.745,1286.62,1288.825,0.197,0.345,0.0,2,0.25,0,0.637,1.064,3.0,0.355,0.445,1,1282.21,5,0.6,0.607,0.21,0.226,0.237,0.851,0.617,1399.80299,1236.61438,1282.12037,382.794,67.8269,2,1231.35576,0.484,1327.61132,0.364,1279.48354,0.579,-1,0.612,1,0,12576,0.745,0.57,0.428,1595.0,1813.2,3.9182,407.1,0.0,1,0,0.535,2893.86,1,0,0.72,2893.86,-1,394.633,0.084,0.916,0.3,0.0,0.0,0.95,0.0,0.5,0.0,0.38,0.726,0.5,0.819,0.0,0.374,0.0,0,0,0.531,0.8,0.0,0.77,0.0,0.596,0.551,0.0,0.586,0.436,0.0,1.0,0.759
0,2023.07.25 11:03:40,XPDUSDm,SWEEP_REVERSAL,SELL,2,1287.76,1291.83,1282.21,1.36,0.248,1286.865,1287.6,1282.21,0,0.141,0.701,0.2199,1284.3115,1283.5725,1290.225,1271.598,1,0.01,0.55,0,1286.865,0.622,0.847,0,0.0,0.0,1286.74725,0.0,0.0,0,0,0,1.0,0.755,0.3332,0.755,0.447,2,0.557,0,0.745,1286.62,1288.825,0.28,0.262,0.0,2,0.25,0,0.637,1.149,3.0,0.383,0.455,1,1282.21,5,0.6,0.44,0.266,0.226,0.237,0.851,0.617,1399.80299,1236.61438,1282.12037,382.794,67.8269,2,1231.35576,0.484,1327.61132,0.364,1279.48354,0.579,-1,0.612,1,0,12576,0.745,0.57,0.428,1654.0,1791.7,4.0632,407.1,0.0,1,0,0.535,2893.86,1,0,0.72,2893.86,-1,394.55,0.084,0.916,0.3,0.0,0.0,0.81,0.0,0.5,0.0,0.316,0.764,0.5,0.819,0.0,0.374,0.0,0,0,0.554,0.866,0.0,0.77,0.0,0.658,0.62,0.0,0.586,0.436,0.0,1.0,0.796
0,2023.07.25 14:53:20,XPDUSDm,ANCHORED_PULLBACK,SELL,4,1269.33,1275.75,1256.25,2.04,0.181,1288.09825,1290.769,1274.7445,0,1.998,0.092,-2.8701,1285.8925,1282.02875,1288.3725,1270.61,0,0.019,0.45,2,1284.53725,0.619,0.134,0,0.0,0.0,1273.786,0.0,0.0,0,0,-1,1.0,0.825,0.0712,0.825,0.119,2,0.464,2,0.001,1277.41525,1264.95175,1.236,0.67,0.0,2,0.4,0,0.464,1.296,3.0,0.432,0.279,0,1277.41525,2,0.55,0.0,0.424,0.247,0.14,0.57,0.944,1399.72169,1275.77915,1282.12037,54.7467,-328.0473,1,1235.82709,0.488,1329.48115,0.361,1276.80074,0.585,-1,0.566,1,0,12579,0.745,0.57,0.428,4304.0,3776.0,6.5818,653.9,0.0,1,0,0.535,2893.86,1,0,0.72,2893.86,-1,248.426,0.584,0.416,2.1,1.0,0.0,0.32,0.0,0.5,0.277,1.0,0.613,0.5,0.455,0.0,0.311,0.0,0,0,0.329,0.042,0.466,1.0,0.178,0.626,0.202,0.0,0.544,0.432,0.0,1.0,0.714
0,2023.07.25 16:00:00,XPDUSDm,TREND_CONTINUATION,SELL,4,1272.29,1282.12,1251.82,2.08,0.366,1273.29225,1278.8285,1261.1125,1,0.122,2.015,-0.1224,1284.36475,1283.4915,1289.259,1268.496,1,0.014,0.4,0,1277.72125,0.69,0.944,0,0.0,0.0,1269.08375,0.0,0.0,0,0,0,0.5,-0.545,-0.1555,0.545,1.0,1,0.317,0,0.744,1274.3995,1291.00825,0.258,2.286,-0.5409,1,0.55,5,1.0,0.6,3.0,0.2,0.445,1,1277.72125,8,0.738,0.485,0.52,0.164,0.719,0.917,0.977,1403.25993,1236.61438,1272.84075,282.7661,228.0194,2,1280.42634,0.484,1325.68082,0.364,1280.42634,0.645,1,0.683,1,0,12581,0.746,0.568,0.432,2947.0,2994.7,3.5989,818.9,0.0,1,0,0.535,2893.86,1,0,0.72,2893.86,0,198.028,0.093,0.907,0.5,0.0,0.5,0.57,0.0,0.5,0.588,0.524,0.681,0.5,0.451,0.0,0.376,0.0,0,0,0.394,0.557,0.0,0.855,0.146,0.734,0.563,0.0,0.49,0.421,0.0,1.0,0.64
0,2023.07.25 16:00:00,XPDUSDm,BREAKOUT,SELL,4,1272.29,1284.57,1251.82,1.67,0.262,1273.29225,1278.8285,1261.1125,1,0.122,2.015,-0.1224,1284.36475,1283.4915,1289.259,1268.496,1,0.014,0.4,0,1277.72125,0.69,0.944,0,0.0,0.0,1269.08375,0.0,0.0,0,0,0,0.5,-0.545,-0.1555,0.545,1.0,2,0.617,0,0.744,1274.3995,1291.00825,0.258,2.286,0.0,2,0.25,0,0.697,0.9,3.0,0.3,0.449,1,1277.72125,8,0.738,0.485,0.1,0.164,0.314,0.917,0.977,1403.25993,1236.61438,1272.84075,282.7661,228.0194,2,1280.42634,0.484,1325.68082,0.364,1280.42634,0.645,1,0.683,1,0,12581,0.746,0.568,0.432,2947.0,2990.9,3.5989,818.9,0.0,1,0,0.535,2893.86,1,0,0.72,2893.86,0,198.028,0.093,0.907,0.5,0.0,0.5,0.56,0.0,0.5,0.358,0.57,0.681,0.5,0.451,0.0,0.398,0.0,0,0,0.403,0.8,0.0,0.913,0.221,0.912,0.567,0.0,0.543,0.421,0.0,1.0,0.837
0,2023.07.25 16:00:20,XPDUSDm,BREAKOUT_RETEST,SELL,4,1271.85,1274.31,1252.25,7.98,0.386,1273.29225,1278.8285,1261.1125,1,0.122,2.015,-0.1761,1284.36475,1283.4915,1289.259,1268.496,1,0.014,0.4,0,1277.72125,0.69,0.944,0,0.0,0.0,1269.08375,0.0,0.0,0,0,0,0.5,-0.545,-0.1555,0.545,0.89,2,0.617,0,0.744,1274.3995,1253.36175,0.311,2.258,0.0,2,0.25,0,0.697,0.949,3.0,0.316,0.455,1,1274.3995,2,0.55,0.377,0.133,0.164,0.314,0.917,0.912,1403.25993,1236.61438,1272.84075,282.7661,228.0194,2,1280.42634,0.484,1325.68082,0.364,1280.42634,0.645,1,0.683,1,0,12581,0.746,0.568,0.432,2947.0,2987.1,3.5989,818.9,0.0,1,0,0.535,2893.86,1,0,0.72,2893.86,0,198.082,0.093,0.907,0.5,0.0,0.5,0.55,0.0,0.5,0.19,0.57,0.672,0.5,0.451,0.0,0.362,0.0,0,0,0.383,0.797,0.0,0.706,0.221,0.912,0.567,0.0,0.526,0.421,0.0,1.0,0.911
0,2023.07.25 16:13:59,XPDUSDm,MEAN_REVERSION,SELL,4,1275.8,1278.54,1273.29,0.92,0.636,1273.29225,1278.8285,1261.1125,1,0.122,2.015,0.3062,1284.36475,1283.4915,1289.259,1268.496,1,0.009,0.4,0,1277.72125,0.69,0.944,0,0.0,0.0,1269.08375,0.0,0.0,0,0,0,0.5,-0.545,-0.1555,0.545,0.811,2,0.617,0,0.744,1274.3995,1291.00825,0.171,1.857,0.0,2,0.25,0,0.697,0.985,3.0,0.328,0.459,1,1273.29225,1,0.7,0.658,0.157,0.164,0.314,0.917,0.977,1403.25993,1236.61438,1272.84075,282.7661,228.0194,2,1280.42634,0.484,1325.68082,0.364,1280.42634,0.645,1,0.683,1,0,12581,0.746,0.568,0.432,2779.0,2876.8,3.3938,818.9,0.0,1,0,0.535,2893.86,1,0,0.72,2893.86,0,197.6,0.093,0.907,0.5,0.0,0.5,0.93,0.0,0.5,0.0,0.763,0.784,0.5,0.493,0.0,0.387,0.0,0,0,0.473,0.766,0.0,1.0,0.196,1.0,0.53,0.0,0.537,0.447,0.0,1.0,0.938
0,2023.07.25 17:00:00,XPDUSDm,ANCHORED_PULLBACK,SELL,3,1276.54,1279.48,1272.71,1.3,0.307,1272.71325,1278.5915,1265.1555,1,0.053,2.333,0.4329,1284.36475,1283.4915,1289.259,1270.803,1,0.008,0.4,0,1272.71325,0.795,0.502,0,0.0,0.0,1281.00075,0.0,0.0,0,0,0,0.55,-0.755,-0.19,0.755,0.748,0,0.691,2,0.002,1273.553,1259.27725,0.338,1.953,0.0,2,0.0,0,0.771,1.014,3.0,0.338,0.405,1,1272.71325,8,0.759,0.324,0.076,0.226,0.077,0.749,0.82,1403.25993,1236.61438,1272.84075,282.7661,228.0194,2,1280.42634,0.484,1325.68082,0.364,1280.42634,0.645,1,0.683,1,0,12582,0.746,0.568,0.432,2333.0,2258.5,2.6389,884.1,0.0,1,0,0.535,2893.86,1,0,0.72,2893.86,0,182.94,0.093,0.907,0.5,0.0,0.5,0.04,0.0,0.5,0.162,0.69,0.443,0.5,0.511,0.0,0.268,0.0,0,0,0.294,0.738,0.0,0.99,0.13,0.541,0.532,0.0,0.545,0.447,0.0,1.0,0.937
0,2023.07.25 17:25:40,XPDUSDm,SWEEP_REVERSAL,SELL,3,1280.77,1289.61,1272.71,0.91,0.127,1272.71325,1278.5915,1265.1555,0,0.053,2.333,0.9113,1284.36475,1283.4915,1289.259,1270.803,1,0.003,0.4,0,1272.71325,0.795,0.502,0,0.0,0.0,1281.00075,0.0,0.0,0,0,0,0.55,-0.755,-0.19,0.755,0.241,0,0.691,2,0.002,1273.553,1259.27725,0.816,2.431,0.0,2,0.0,0,0.771,1.242,3.0,0.414,0.432,1,1272.71325,8,0.759,0.0,0.228,0.226,0.077,0.749,0.82,1403.25993,1236.61438,1272.84075,282.7661,228.0194,2,1280.42634,0.484,1325.68082,0.364,1280.42634,0.645,1,0.683,1,0,12582,0.746,0.568,0.432,2290.0,2362.0,2.5903,884.1,0.0,1,0,0.535,2893.86,1,0,0.72,2893.86,0,182.462,0.093,0.907,0.5,0.0,0.5,0.99,0.0,0.5,0.0,1.0,0.667,0.5,0.569,0.0,0.222,0.0,0,0,0.36,0.782,0.0,1.0,0.1,0.78,0.426,0.0,0.519,0.447,0.0,1.0,0.93
0,2023.07.25 18:14:00,XPDUSDm,MEAN_REVERSION,SELL,3,1281.7,1289.23,1273.36,1.11,0.635,1273.36125,1277.68,1262.1325,0,0.495,2.696,0.8854,1284.36475,1283.4915,1289.259,1270.803,1,0.002,0.45,0,1273.36125,0.746,0.328,0,0.0,0.0,0.0,0.0,0.0,0,0,0,0.9,-0.615,-0.1581,0.615,0.746,2,0.628,0,0.657,1276.81625,1254.35875,0.519,2.903,0.0,2,0.25,0,0.708,1.014,3.0,0.338,0.462,1,1273.36125,8,0.749,0.0,0.176,0.185,0.296,0.974,0.863,1403.25993,1236.61438,1272.84075,282.7661,228.0194,2,1280.42634,0.484,1325.68082,0.364,1280.42634,0.645,1,0.683,1,0,12583,0.746,0.568,0.432,1950.0,2021.5,2.0705,941.8,0.0,1,0,0.535,2893.86,1,0,0.72,2893.86,0,171.181,0.093,0.907,0.5,0.0,0.5,0.99,0.0,0.5,0.0,0.775,0.577,0.5,0.557,0.0,0.24,0.0,0,0,0.309,0.653,0.0,1.0,0.1,0.711,0.601,0.0,0.539,0.436,0.0,1.0,1.037
0,2023.07.25 18:30:40,XPDUSDm,TREND_CONTINUATION,SELL,3,1285.33,1296.63,1273.36,1.06,0.524,1273.36125,1277.68,1262.1325,0,0.495,2.696,1.2709,1284.36475,1283.4915,1289.259,1270.803,1,0.002,0.45,0,1273.36125,0.746,0.328,0,0.0,0.0,0.0,0.0,0.0,0,0,0,0.9,-0.615,-0.1581,0.615,0.587,2,0.628,0,0.657,1276.81625,1254.35875,0.904,3.289,0.0,2,0.25,0,0.708,1.191,3.289,0.362,0.482,1,1273.36125,8,0.749,0.0,0.224,0.185,0.296,0.974,0.863,1403.25993,1236.61438,1272.84075,282.7661,228.0194,2,1280.42634,0.484,1325.68082,0.364,1280.42634,0.645,1,0.683,1,0,12583,0.746,0.568,0.432,1593.0,1894.0,1.6915,941.8,0.0,1,0,0.535,2893.86,1,0,0.72,2893.86,0,170.796,0.093,0.907,0.5,0.0,0.5,0.99,0.0,0.5,0.0,0.848,0.974,0.5,0.56,0.0,0.272,0.0,0,0,0.561,0.62,0.0,1.0,0.1,0.457,0.803,0.0,0.539,0.462,0.0,1.0,0.988
0,2023.07.25 19:31:30,XPDUSDm,SWEEP_REVERSAL,SELL,3,1283.47,1293.23,1272.53,1.12,0.253,1272.532,1279.948,1263.468,0,0.137,2.332,1.1206,1284.36475,1283.4915,1289.259,1270.803,1,0.0,0.5,0,1272.532,0.781,0.555,0,0.0,0.0,0.0,0.0,0.0,0,0,0,0.975,-0.65,-0.1262,0.65,0.493,0,0.704,0,0.481,1282.42,1285.716,0.108,0.23,0.0,2,0.25,0,0.784,1.128,3.0,0.376,0.451,1,1272.532,8,0.756,0.785,0.252,0.195,0.261,0.804,0.809,1403.25993,1236.61438,1272.84075,282.7661,228.0194,2,1280.42634,0.484,1325.68082,0.364,1280.42634,0.645,1,0.683,1,0,12584,0.746,0.568,0.432,1760.0,1769.6,1.8031,976.1,0.0,1,0,0.535,2893.86,1,0,0.72,2893.86,0,164.987,0.093,0.907,0.5,0.0,0.5,0.72,0.0,0.5,0.0,0.931,0.667,0.5,0.586,0.0,0.131,0.0,0,0,0.328,0.666,0.0,1.0,0.1,0.397,0.704,0.0,0.5,0.462,0.0,1.0,0.98
0,2023.07.25 20:00:00,XPDUSDm,BREAKOUT_RETEST,SELL,3,1280.55,1283.46,1277.04,1.2,0.627,1277.04125,1282.07,1268.66,1,0.099,0.444,0.3614,1284.36475,1283.4915,1289.259,1270.803,1,0.003,0.6,0,1275.92375,0.785,0.702,0,0.0,0.0,0.0,0.0,0.0,0,0,0,1.0,-0.86,-0.0729,0.86,0.645,0,0.65,0,0.623,1281.51125,1285.4225,0.099,0.502,0.0,2,0.0,0,0.73,1.06,3.0,0.353,0.499,1,1277.04125,1,0.7,0.802,0.106,0.258,0.204,0.916,0.86,1403.45885,1236.61438,1273.46625,276.5619,-6.2042,1,1276.84577,0.497,1330.15654,0.371,1276.84577,0.662,-1,0.702,1,0,12585,0.746,0.568,0.432,1763.0,1775.9,1.8159,970.9,0.0,1,0,0.535,2893.86,1,0,0.72,2893.86,0,166.174,0.104,0.896,0.5,1.0,0.5,0.54,0.0,0.5,0.0,0.338,0.512,0.5,1.0,0.0,0.193,0.0,0,0,0.385,0.747,0.0,1.0,0.149,0.253,0.569,0.0,0.501,0.462,0.0,1.0,0.942
0,2023.07.25 20:38:40,XPDUSDm,MEAN_REVERSION,SELL,3,1279.36,1282.48,1275.92,1.1,0.638,1277.04125,1282.07,1268.66,1,0.099,0.444,0.2388,1284.36475,1283.4915,1289.259,1270.803,1,0.004,0.6,0,1275.92375,0.785,0.702,0,0.0,0.0,0.0,0.0,0.0,0,0,0,1.0,-0.86,-0.0729,0.86,0.282,0,0.65,0,0.623,1281.51125,1285.4225,0.222,0.624,0.0,2,0.0,0,0.73,1.223,3.0,0.408,0.518,2,1275.92375,8,0.757,0.557,0.215,0.258,0.204,0.916,0.86,1403.45885,1236.61438,1273.46625,276.5619,-6.2042,1,1276.84577,0.497,1330.15654,0.371,1276.84577,0.662,-1,0.702,1,0,12585,0.746,0.568,0.432,2039.0,1947.3,2.1002,970.9,0.0,1,0,0.535,2893.86,1,0,0.72,2893.86,0,166.296,0.104,0.896,0.5,1.0,0.5,0.16,0.0,0.5,0.0,0.3,0.63,0.5,1.0,0.0,0.317,0.0,0,0,0.505,0.758,0.0,1.0,0.164,0.232,0.552,0.0,0.491,0.462,0.0,1.0,0.903
0,2023.07.25 20:41:30,XPDUSDm,BREAKOUT,SELL,3,1278.57,1282.48,1254.3,6.2,0.43,1277.04125,1282.07,1268.66,1,0.099,0.444,0.1575,1284.36475,1283.4915,1289.259,1270.803,1,0.005,0.6,0,1275.92375,0.785,0.702,0,0.0,0.0,0.0,0.0,0.0,0,0,0,1.0,-0.86,-0.0729,0.86,0.369,0,0.65,0,0.623,1276.4825,1285.4225,0.215,0.706,0.0,2,0.0,0,0.73,1.184,3.0,0.395,0.52,2,1282.07,4,0.6,0.57,0.189,0.258,0.204,0.974,0.86,1403.45885,1236.61438,1273.46625,276.5619,-6.2042,1,1276.84577,0.497,1330.15654,0.371,1276.84577,0.662,-1,0.702,1,0,12585,0.746,0.568,0.432,2226.0,1982.9,2.2928,970.9,0.0,1,0,0.535,2893.86,1,0,0.72,2893.86,0,166.378,0.104,0.896,0.5,1.0,0.5,0.0,0.0,0.5,0.0,0.33,0.638,0.5,0.939,0.0,0.431,0.0,0,0,0.537,0.734,0.0,1.0,0.164,0.268,0.518,0.0,0.497,0.447,0.0,1.0,0.913
0,2023.07.25 20:41:30,XPDUSDm,PULLBACK,SELL,3,1278.57,1282.48,1270.8,1.99,0.658,1277.04125,1282.07,1268.66,1,0.099,0.444,0.1575,1284.36475,1283.4915,1289.259,1270.803,1,0.005,0.6,0,1275.92375,0.785,0.702,0,0.0,0.0,0.0,0.0,0.0,0,0,0,1.0,-0.86,-0.0729,0.86,0.369,0,0.65,0,0.623,1276.4825,1285.4225,0.215,0.706,0.0,2,0.0,0,0.73,1.184,3.0,0.395,0.52,2,1282.07,4,0.6,0.57,0.189,0.258,0.204,0.974,0.86,1403.45885,1236.61438,1273.46625,276.5619,-6.2042,1,1276.84577,0.497,1330.15654,0.371,1276.84577,0.662,-1,0.702,1,0,12585,0.746,0.568,0.432,2226.0,1986.1,2.2928,970.9,0.0,1,0,0.535,2893.86,1,0,0.72,2893.86,0,166.378,0.104,0.896,0.5,1.0,0.5,0.0,0.0,0.5,0.0,0.33,0.638,0.5,0.939,0.0,0.431,0.0,0,0,0.537,0.734,0.0,1.0,0.164,0.268,0.518,0.0,0.497,0.447,0.0,1.0,0.913
0,2023.07.25 20:41:30,XPDUSDm,TREND_CONTINUATION,SELL,3,1278.57,1290.22,1254.3,2.08,0.596,1277.04125,1282.07,1268.66,1,0.099,0.444,0.1575,1284.36475,1283.4915,1289.259,1270.803,1,0.005,0.6,0,1275.92375,0.785,0.702,0,0.0,0.0,0.0,0.0,0.0,0,0,0,1.0,-0.86,-0.0729,0.86,0.369,0,0.65,0,0.623,1276.4825,1285.4225,0.215,0.706,0.0,2,0.0,0,0.73,1.184,3.0,0.395,0.52,2,1282.07,4,0.6,0.57,0.189,0.258,0.204,0.974,0.86,1403.45885,1236.61438,1273.46625,276.5619,-6.2042,1,1276.84577,0.497,1330.15654,0.371,1276.84577,0.662,-1,0.702,1,0,12585,0.746,0.568,0.432,2226.0,1989.3,2.2928,970.9,0.0,1,0,0.535,2893.86,1,0,0.72,2893.86,0,166.378,0.104,0.896,0.5,1.0,0.5,0.0,0.0,0.5,0.0,0.33,0.638,0.5,0.939,0.0,0.431,0.0,0,0,0.537,0.734,0.0,1.0,0.164,0.268,0.518,0.0,0.497,0.447,0.0,1.0,0.913
0,2023.07.25 22:07:00,XPDUSDm,ANCHORED_PULLBACK,SELL,1,1276.35,1282.83,1256.9,3.0,0.325,1280.69,1284.2,1277.18,0,0.446,0.195,-0.4464,1284.36475,1281.1845,1289.259,1270.803,1,0.005,0.45,0,1280.69,0.608,0.914,0,0.0,0.0,1280.7365,0.0,0.0,0,0,0,0.547,-0.6919,-0.0246,0.692,0.15,2,0.576,2,0.101,1281.86,1274.45,0.567,0.195,-0.6572,1,0.15,0,0.656,1.283,3.0,0.428,0.395,1,1280.69,8,0.722,0.0,0.615,0.208,0.132,0.731,0.912,1403.45885,1236.61438,1273.46625,276.5619,-6.2042,1,1276.84577,0.497,1330.15654,0.371,1276.84577,0.662,-1,0.702,1,0,12586,0.746,0.568,0.432,2891.0,2715.8,2.9734,972.3,0.0,1,0,0.535,2893.86,1,0,0.72,2893.86,-1,166.362,0.104,0.896,0.5,1.0,0.0,0.0,0.0,0.5,0.0,0.449,0.463,0.5,0.814,0.0,0.559,0.0,0,0,0.49,0.636,0.0,0.948,0.136,0.209,0.397,0.0,0.535,0.447,0.0,1.0,0.807
0,2023.07.25 22:18:00,XPDUSDm,BREAKOUT_RETEST,SELL,1,1277.75,1281.66,1273.67,1.04,0.413,1280.69,1284.2,1277.18,1,0.446,0.195,-0.3024,1284.36475,1281.1845,1289.259,1270.803,1,0.004,0.45,0,1280.69,0.608,0.914,0,0.0,0.0,1280.7365,0.0,0.0,0,0,0,0.547,-0.6919,-0.0246,0.692,0.343,0,0.801,2,0.101,1281.86,1274.45,0.423,0.339,0.0,2,0.15,0,0.881,1.196,3.0,0.399,0.441,1,1280.69,8,0.722,0.155,0.257,0.208,0.132,0.731,0.912,1403.45885,1236.61438,1273.46625,276.5619,-6.2042,1,1276.84577,0.497,1330.15654,0.371,1276.84577,0.662,-1,0.702,1,0,12586,0.746,0.568,0.432,2843.0,2772.6,2.924,972.3,0.0,1,0,0.535,2893.86,1,0,0.72,2893.86,-1,166.218,0.104,0.896,0.5,1.0,0.0,0.37,0.0,0.5,0.0,0.374,0.386,0.5,0.539,0.0,0.956,0.0,0,0,0.613,0.8,0.0,1.0,0.192,0.343,0.425,0.0,0.512,0.447,0.0,1.0,0.785
0,2023.07.25 22:41:30,XPDUSDm,BREAKOUT,SELL,1,1279.21,1293.79,1254.9,1.67,0.274,1280.69,1284.2,1277.18,1,0.446,0.195,-0.1522,1284.36475,1281.1845,1289.259,1270.803,1,0.002,0.45,0,1280.69,0.608,0.914,0,0.0,0.0,1280.7365,0.0,0.0,0,0,0,0.547,-0.6919,-0.0246,0.692,0.361,0,0.801,2,0.101,1281.86,1274.45,0.273,0.49,0.0,2,0.15,0,0.881,1.187,3.0,0.396,0.44,1,1284.2,4,0.6,0.455,0.252,0.208,0.132,0.731,0.912,1403.45885,1236.61438,1273.46625,276.5619,-6.2042,1,1276.84577,0.497,1330.15654,0.371,1276.84577,0.662,-1,0.702,1,0,12586,0.746,0.568,0.432,2746.0,2865.2,2.8243,972.3,0.0,1,0,0.535,2893.86,1,0,0.72,2893.86,-1,166.067,0.104,0.896,0.5,1.0,0.0,0.97,0.0,0.5,0.0,1.0,0.714,0.5,0.852,0.0,0.629,0.0,0,0,0.635,0.8,0.0,1.0,0.192,0.289,0.455,0.0,0.51,0.447,0.0,1.0,0.785
0,2023.07.25 22:41:30,XPDUSDm,TREND_CONTINUATION,SELL,1,1279.21,1290.88,1254.9,2.08,0.396,1280.69,1284.2,1277.18,1,0.446,0.195,-0.1522,1284.36475,1281.1845,1289.259,1270.803,1,0.002,0.45,0,1280.69,0.608,0.914,0,0.0,0.0,1280.7365,0.0,0.0,0,0,0,0.547,-0.6919,-0.0246,0.692,0.361,0,0.801,2,0.101,1281.86,1274.45,0.273,0.49,0.0,2,0.15,0,0.881,1.187,3.0,0.396,0.44,1,1284.2,4,0.6,0.455,0.252,0.208,0.132,0.731,0.912,1403.45885,1236.61438,1273.46625,276.5619,-6.2042,1,1276.84577,0.497,1330.15654,0.371,1276.84577,0.662,-1,0.702,1,0,12586,0.746,0.568,0.432,2746.0,2864.1,2.8243,972.3,0.0,1,0,0.535,2893.86,1,0,0.72,2893.86,-1,166.067,0.104,0.896,0.5,1.0,0.0,0.96,0.0,0.5,0.0,1.0,0.714,0.5,0.852,0.0,0.629,0.0,0,0,0.635,0.8,0.0,1.0,0.192,0.289,0.455,0.0,0.51,0.447,0.0,1.0,0.785
0,2023.07.26 04:52:30,XPDUSDm,BREAKOUT,SELL,1,1276.28,1288.26,1256.32,1.67,0.355,1279.3695,1281.245,1278.176,0,0.002,0.126,-0.3869,1279.93575,1281.1845,1289.259,1273.11,1,0.006,0.45,0,1279.3695,0.701,0.829,0,0.0,0.0,0.0,0.0,0.0,0,0,0,0.406,-0.4657,-0.0445,0.466,0.014,0,0.819,0,0.96,1278.3465,1276.3005,0.259,0.003,0.0,2,0.4,0,0.899,1.344,3.0,0.448,0.534,2,1279.3695,8,0.74,0.482,0.456,0.14,0.332,0.739,0.981,1400.17898,1236.61438,1274.47875,283.6131,2.9283,2,1278.35555,0.516,1325.73133,0.367,1230.97977,0.586,-1,0.766,1,0,12592,0.748,0.567,0.431,1950.0,1896.1,2.4419,798.6,0.0,1,0,0.535,2893.86,1,0,0.72,2893.86,0,202.559,0.09,0.91,0.4,0.0,0.5,0.21,0.0,0.5,0.0,0.695,0.344,0.5,0.605,0.0,0.218,0.0,0,0,0.362,0.627,0.0,1.0,0.054,0.15,0.397,0.0,0.527,0.447,0.0,1.0,0.857
0,2023.07.26 04:52:30,XPDUSDm,TREND_CONTINUATION,SELL,1,1276.28,1285.86,1256.32,2.08,0.351,1279.3695,1281.245,1278.176,0,0.002,0.126,-0.3869,1279.93575,1281.1845,1289.259,1273.11,1,0.006,0.45,0,1279.3695,0.701,0.829,0,0.0,0.0,0.0,0.0,0.0,0,0,0,0.406,-0.4657,-0.0445,0.466,0.014,0,0.819,0,0.96,1278.3465,1276.3005,0.259,0.003,0.0,2,0.4,0,0.899,1.344,3.0,0.448,0.534,2,1279.3695,8,0.74,0.482,0.456,0.14,0.332,0.739,0.981,1400.17898,1236.61438,1274.47875,283.6131,2.9283,2,1278.35555,0.516,1325.73133,0.367,1230.97977,0.586,-1,0.766,1,0,12592,0.748,0.567,0.431,1950.0,1897.2,2.4419,798.6,0.0,1,0,0.535,2893.86,1,0,0.72,2893.86,0,202.559,0.09,0.91,0.4,0.0,0.5,0.21,0.0,0.5,0.0,0.695,0.344,0.5,0.605,0.0,0.218,0.0,0,0,0.362,0.627,0.0,1.0,0.054,0.15,0.397,0.0,0.527,0.447,0.0,1.0,0.857
0,2023.07.26 05:01:00,XPDUSDm,PULLBACK,SELL,1,1276.15,1279.05,1273.11,1.05,0.417,1279.60775,1280.379,1278.2195,0,0.343,0.023,-0.5131,1279.93575,1281.1845,1289.259,1273.11,1,0.007,0.35,0,1279.29925,0.747,0.542,0,0.0,0.0,0.0,0.0,0.0,0,0,0,0.75,-0.72,-0.0579,0.72,0.19,0,0.758,0,0.5,1278.37375,1276.21425,0.33,0.01,0.0,2,0.15,0,0.838,1.264,3.0,0.421,0.509,2,1279.29925,8,0.749,0.34,0.303,0.216,0.152,0.899,0.75,1400.17898,1236.61438,1274.47875,283.6131,2.9283,2,1278.35555,0.516,1325.73133,0.367,1230.97977,0.586,-1,0.766,1,0,12593,0.748,0.567,0.431,1933.0,1925.5,2.8686,673.9,0.0,1,0,0.535,2893.86,1,0,0.72,2893.86,0,240.067,0.09,0.91,0.4,0.0,0.5,0.58,0.0,0.5,0.0,0.729,0.5,0.5,0.544,0.0,0.224,0.0,0,0,0.253,0.522,0.0,1.0,0.054,0.147,0.389,0.0,0.515,0.447,0.0,1.0,0.915
0,2023.07.26 06:25:59,XPDUSDm,BREAKOUT_RETEST,SELL,1,1278.21,1279.84,1276.42,1.1,0.539,1278.412,1280.902,1277.914,1,0.348,0.14,-0.0371,1279.93575,1281.1845,1289.259,1273.11,1,0.005,0.45,0,1279.076,0.694,0.188,0,0.0,0.0,0.0,0.0,0.0,0,0,0,0.825,-0.755,-0.0664,0.755,0.481,2,0.637,0,0.455,1278.412,1275.922,0.037,0.421,0.0,2,0.15,0,0.717,1.133,3.0,0.378,0.471,1,1280.902,4,0.6,0.926,0.216,0.226,0.144,1.0,0.827,1400.17898,1236.61438,1274.47875,283.6131,2.9283,2,1278.35555,0.516,1325.73133,0.367,1230.97977,0.586,-1,0.766,1,0,12594,0.748,0.567,0.431,1781.0,1838.5,3.2743,543.9,0.0,1,0,0.535,2893.86,1,0,0.72,2893.86,0,297.033,0.09,0.91,0.4,0.0,0.5,0.98,0.0,0.5,0.0,0.458,0.631,0.5,0.826,0.0,0.537,0.0,0,0,0.541,0.658,0.0,1.0,0.054,0.198,0.48,0.0,0.521,0.447,0.0,1.0,0.759
0,2023.07.26 06:51:40,XPDUSDm,MEAN_REVERSION,SELL,1,1282.74,1287.09,1279.08,0.84,0.625,1278.412,1280.902,1277.914,0,0.348,0.14,0.7957,1279.93575,1281.1845,1289.259,1273.11,1,0.003,0.45,0,1279.076,0.694,0.188,0,0.0,0.0,0.0,0.0,0.0,0,0,0,0.825,-0.755,-0.0664,0.755,0.015,2,0.637,0,0.455,1279.408,1281.732,0.613,0.185,0.0,2,0.15,0,0.717,1.343,3.0,0.448,0.462,1,1279.076,8,0.739,0.0,0.356,0.226,0.144,0.733,0.968,1400.17898,1236.61438,1274.47875,283.6131,2.9283,2,1278.35555,0.516,1325.73133,0.367,1230.97977,0.586,-1,0.766,1,0,12594,0.748,0.567,0.431,1716.0,1892.5,3.1548,543.9,0.0,1,0,0.535,2893.86,1,0,0.72,2893.86,0,296.201,0.09,0.91,0.4,0.0,0.5,0.99,0.0,0.5,0.0,0.435,0.881,0.5,1.0,0.0,0.647,0.0,0,0,0.788,0.501,0.0,1.0,0.054,0.196,0.75,0.0,0.54,0.447,0.0,1.0,0.915
0,2023.07.26 07:21:40,XPDUSDm,SWEEP_REVERSAL,SELL,1,1284.07,1289.08,1280.03,0.81,0.221,1280.029,1281.38,1276.748,0,0.385,0.154,0.8062,1279.93575,1281.1845,1289.259,1273.11,1,0.006,0.6,0,1282.731,0.663,0.416,0,0.0,0.0,1282.83525,0.0,0.0,0,0,0,0.9,-0.79,-0.0759,0.79,0.232,0,0.661,0,0.707,1280.801,1281.766,0.652,0.46,0.0,2,0.15,0,0.741,1.245,3.0,0.415,0.509,2,1280.029,1,0.7,0.0,0.29,0.237,0.194,0.904,0.921,1400.17898,1236.61438,1274.47875,283.6131,2.9283,2,1278.35555,0.516,1325.73133,0.367,1230.97977,0.586,-1,0.766,1,0,12595,0.748,0.567,0.431,1442.0,1480.4,2.877,501.2,0.0,1,0,0.535,2893.86,1,0,0.72,2893.86,0,321.178,0.09,0.91,0.4,0.0,0.5,0.99,0.0,0.5,0.0,0.777,0.713,0.5,0.875,0.0,0.953,0.0,0,0,0.772,0.685,0.0,1.0,0.054,0.341,0.673,0.0,0.535,0.436,0.0,1.0,0.914
0,2023.07.26 07:24:40,XPDUSDm,PULLBACK,SELL,1,1280.98,1288.5,1273.11,1.05,0.611,1280.029,1281.38,1276.748,1,0.385,0.154,0.1897,1279.93575,1281.1845,1289.259,1273.11,1,0.0,0.6,0,1282.731,0.663,0.416,0,0.0,0.0,1282.83525,0.0,0.0,0,0,0,0.9,-0.79,-0.0759,0.79,0.804,0,0.661,0,0.707,1280.801,1281.766,0.036,0.157,0.0,2,0.15,0,0.741,0.988,3.0,0.329,0.479,1,1282.731,8,0.733,0.929,0.119,0.237,0.194,0.904,0.921,1400.17898,1236.61438,1274.47875,283.6131,2.9283,2,1278.35555,0.516,1325.73133,0.367,1230.97977,0.586,-1,0.766,1,0,12595,0.748,0.567,0.431,1497.0,1465.5,2.9867,501.2,0.0,1,0,0.535,2893.86,1,0,0.72,2893.86,0,321.794,0.09,0.91,0.4,0.0,0.5,0.0,0.0,0.5,0.0,0.522,0.584,0.5,0.875,0.0,0.941,0.0,0,0,0.69,0.8,0.0,1.0,0.054,0.304,0.427,0.0,0.551,0.436,0.0,1.0,0.922
0,2023.07.26 07:24:59,XPDUSDm,TREND_CONTINUATION,SELL,1,1281.2,1287.21,1268.67,2.08,0.548,1280.029,1281.38,1276.748,1,0.385,0.154,0.2336,1279.93575,1281.1845,1289.259,1273.11,1,0.0,0.6,0,1282.731,0.663,0.416,0,0.0,0.0,1282.83525,0.0,0.0,0,0,0,0.9,-0.79,-0.0759,0.79,0.44,0,0.661,0,0.707,1280.801,1281.766,0.08,0.113,0.0,2,0.15,0,0.741,1.152,3.0,0.384,0.499,1,1282.731,8,0.733,0.841,0.228,0.237,0.194,0.904,0.921,1400.17898,1236.61438,1274.47875,283.6131,2.9283,2,1278.35555,0.516,1325.73133,0.367,1230.97977,0.586,-1,0.766,1,0,12595,0.748,0.567,0.431,1497.0,1465.5,2.9867,501.2,0.0,1,0,0.535,2893.86,1,0,0.72,2893.86,0,321.751,0.09,0.91,0.4,0.0,0.5,0.01,0.0,0.5,0.0,0.615,0.562,0.5,0.875,0.0,0.888,0.0,0,0,0.655,0.772,0.0,1.0,0.054,0.304,0.434,0.0,0.518,0.436,0.0,1.0,0.875
0,2023.07.26 08:25:59,XPDUSDm,BREAKOUT_RETEST,SELL,2,1276.04,1277.49,1274.58,1.01,0.401,1276.785,1281.93,1274.58,1,0.03,0.172,-0.1539,1279.93575,1281.1845,1289.259,1273.11,1,0.011,0.75,0,1283.155,0.777,0.529,0,0.0,0.0,1276.295,0.0,0.0,0,0,0,0.568,-0.3786,-0.0161,0.379,0.265,0,0.698,3,0.644,1276.54,1275.07,0.103,0.2,0.0,2,0.4,0,0.778,1.231,3.0,0.41,0.467,1,1274.58,5,0.6,0.793,0.381,0.114,0.224,0.865,0.915,1403.45885,1236.61438,1274.47875,284.1909,0.5778,2,1276.84577,0.522,1330.15654,0.363,1276.84577,0.696,1,0.772,1,0,12596,0.748,0.567,0.431,1738.0,1657.2,3.5893,484.2,0.0,1,0,0.535,2893.86,1,0,0.72,2893.86,0,334.112,0.092,0.908,0.5,0.0,0.5,0.2,0.0,0.5,0.0,0.374,0.513,0.5,0.501,0.0,0.749,0.0,0,0,0.458,0.747,0.404,0.801,0.054,0.623,0.424,0.0,0.505,0.447,0.0,1.0,0.783
0,2023.07.26 09:00:00,XPDUSDm,ANCHORED_PULLBACK,SELL,2,1276.91,1278.11,1274.07,2.38,0.559,1276.90525,1281.287,1274.07,1,0.001,0.451,0.001,1279.93575,1281.1845,1286.952,1273.11,1,0.009,0.7,0,1283.09125,0.651,0.454,0,0.0,0.0,1276.737,0.0,0.0,0,0,0,0.579,-0.7386,-0.0348,0.739,1.0,0,0.651,3,0.972,1276.38975,1279.48275,0.114,0.564,-0.0292,2,0.3,0,0.731,0.9,3.0,0.3,0.463,1,1274.07,5,0.6,0.772,0.12,0.222,0.189,0.786,0.912,1403.45885,1236.61438,1274.47875,284.1909,0.5778,2,1276.84577,0.522,1330.15654,0.363,1276.84577,0.696,1,0.772,1,0,12597,0.748,0.567,0.431,1839.0,1757.4,4.0329,456.0,0.0,1,0,0.535,2893.86,1,0,0.72,2893.86,0,354.594,0.092,0.908,0.5,0.0,0.5,0.36,0.0,0.5,0.0,0.429,0.578,0.5,0.518,0.0,0.388,0.0,0,0,0.357,0.8,0.0,0.819,0.071,0.615,0.576,0.0,0.574,0.447,0.0,1.0,0.826
0,2023.07.26 09:30:40,XPDUSDm,BREAKOUT,SELL,2,1275.36,1277.36,1263.96,5.7,0.311,1276.90525,1281.287,1274.07,1,0.001,0.451,-0.3389,1279.93575,1281.1845,1286.952,1273.11,1,0.013,0.7,0,1283.09125,0.651,0.454,0,0.0,0.0,1276.737,0.0,0.0,0,0,0,0.579,-0.7386,-0.0348,0.739,0.248,0,0.667,3,0.972,1276.38975,1274.32775,0.226,0.226,0.0,2,0.0,0,0.747,1.238,3.0,0.413,0.551,2,1276.90525,1,0.7,0.548,0.225,0.222,0.084,0.786,0.961,1403.45885,1236.61438,1274.47875,284.1909,0.5778,2,1276.84577,0.522,1330.15654,0.363,1276.84577,0.696,1,0.772,1,0,12597,0.748,0.567,0.431,1573.0,1658.9,3.4496,456.0,0.0,1,0,0.535,2893.86,1,0,0.72,2893.86,0,354.934,0.092,0.908,0.5,0.0,0.5,0.95,0.0,0.5,0.0,1.0,0.454,0.5,0.565,0.0,0.327,0.0,0,0,0.328,0.812,0.0,0.968,0.071,0.624,0.426,0.0,0.52,0.447,0.0,1.0,0.856
0,2023.07.26 09:30:59,XPDUSDm,PULLBACK,SELL,2,1275.36,1277.19,1273.11,1.23,0.528,1276.90525,1281.287,1274.07,1,0.001,0.451,-0.3389,1279.93575,1281.1845,1286.952,1273.11,1,0.013,0.7,0,1283.09125,0.651,0.454,0,0.0,0.0,1276.737,0.0,0.0,0,0,0,0.579,-0.7386,-0.0348,0.739,0.248,0,0.667,3,0.972,1276.38975,1274.32775,0.226,0.226,0.0,2,0.0,0,0.747,1.238,3.0,0.413,0.551,2,1276.90525,1,0.7,0.548,0.225,0.222,0.084,0.786,0.961,1403.45885,1236.61438,1274.47875,284.1909,0.5778,2,1276.84577,0.522,1330.15654,0.363,1276.84577,0.696,1,0.772,1,0,12597,0.748,0.567,0.431,1573.0,1656.6,3.4496,456.0,0.0,1,0,0.535,2893.86,1,0,0.72,2893.86,0,354.934,0.092,0.908,0.5,0.0,0.5,0.94,0.0,0.5,0.0,1.0,0.447,0.5,0.565,0.0,0.327,0.0,0,0,0.332,0.812,0.0,0.968,0.071,0.624,0.426,0.0,0.52,0.447,0.0,1.0,0.856
0,2023.07.26 09:31:00,XPDUSDm,TREND_CONTINUATION,SELL,2,1275.36,1280.83,1263.96,2.08,0.445,1276.90525,1281.287,1274.07,1,0.001,0.451,-0.3389,1279.93575,1281.1845,1286.952,1273.11,1,0.013,0.7,0,1283.09125,0.651,0.454,0,0.0,0.0,1276.737,0.0,0.0,0,0,0,0.579,-0.7386,-0.0348,0.739,0.248,0,0.667,3,0.972,1276.38975,1274.32775,0.226,0.226,0.0,2,0.0,0,0.747,1.238,3.0,0.413,0.551,2,1276.90525,1,0.7,0.548,0.225,0.222,0.084,0.786,0.961,1403.45885,1236.61438,1274.47875,284.1909,0.5778,2,1276.84577,0.522,1330.15654,0.363,1276.84577,0.696,1,0.772,1,0,12597,0.748,0.567,0.431,1552.0,1654.2,3.4035,456.0,0.0,1,0,0.535,2893.86,1,0,0.72,2893.86,0,354.934,0.092,0.908,0.5,0.0,0.5,0.99,0.0,0.5,0.0,1.0,0.461,0.5,0.565,0.0,0.327,0.0,0,0,0.323,0.812,0.0,0.968,0.071,0.624,0.426,0.0,0.52,0.447,0.0,1.0,0.856
0,2023.07.26 10:37:20,XPDUSDm,BREAKOUT_RETEST,SELL,2,1274.32,1276.82,1271.75,1.03,0.557,1276.38975,1278.7095,1274.07,1,0.051,0.534,-0.4838,1277.72125,1281.1845,1286.952,1273.11,1,0.016,0.45,0,1276.38975,0.639,0.176,0,0.0,0.0,0.0,0.0,0.0,0,0,0,0.75,-0.895,-0.0541,0.895,0.033,0,0.731,3,1.0,1276.38975,1274.32775,0.484,0.002,0.0,2,0.0,0,0.811,1.335,3.0,0.445,0.587,2,1276.38975,8,0.728,0.032,0.29,0.269,0.084,0.828,0.966,1403.45885,1236.61438,1274.47875,284.1909,0.5778,2,1276.84577,0.522,1330.15654,0.363,1276.84577,0.696,1,0.772,1,0,12598,0.748,0.567,0.431,1656.0,1691.2,3.8711,427.8,0.0,1,0,0.535,2893.86,1,0,0.72,2893.86,1,378.587,0.092,0.908,0.5,0.0,1.0,0.66,0.0,0.5,0.0,1.0,0.563,0.5,0.558,0.0,0.322,0.0,0,0,0.334,0.672,0.0,0.825,0.036,0.444,0.426,0.0,0.522,0.447,0.0,1.0,0.913
0,2023.07.26 11:00:40,XPDUSDm,ANCHORED_PULLBACK,SELL,2,1272.36,1275.26,1263.53,3.05,0.373,1275.9965,1277.549,1272.581,0,0.558,0.145,-0.8233,1277.72125,1281.1845,1289.259,1273.11,0,0.02,0.4,0,1275.9965,0.719,0.353,0,0.0,0.0,1273.93225,0.0,0.0,0,0,-1,1.0,-0.755,-0.0737,0.755,0.061,0,0.662,1,0.185,1276.307,1272.2705,0.894,0.02,0.0,2,0.4,0,0.742,1.323,3.0,0.441,0.379,1,1275.9965,8,0.744,0.0,0.442,0.226,0.224,0.608,0.925,1403.45885,1236.61438,1274.47875,284.1909,0.5778,2,1276.84577,0.522,1330.15654,0.363,1276.84577,0.696,1,0.772,1,0,12599,0.748,0.567,0.431,1478.0,1307.5,3.3461,441.7,0.0,1,0,0.535,2893.86,1,0,0.72,2893.86,1,367.092,0.092,0.908,0.5,0.0,1.0,0.12,0.0,0.5,0.0,0.649,0.611,0.5,0.563,0.0,0.446,0.0,0,0,0.414,0.38,0.0,0.784,0.054,0.509,0.321,0.0,0.545,0.447,0.0,1.0,0.914
0,2023.07.26 11:30:40,XPDUSDm,BREAKOUT,SELL,2,1270.1,1275.82,1259.06,1.93,0.495,1275.9965,1277.549,1272.581,0,0.558,0.145,-1.3349,1277.72125,1281.1845,1289.259,1273.11,0,0.025,0.4,0,1275.9965,0.719,0.353,0,0.0,0.0,1273.93225,0.0,0.0,0,0,-1,1.0,-0.755,-0.0737,0.755,0.061,0,0.662,1,0.185,1276.307,1272.2705,1.405,0.491,0.0,2,0.4,0,0.742,1.323,3.0,0.441,0.379,1,1275.9965,8,0.744,0.0,0.442,0.226,0.224,0.608,0.925,1403.45885,1236.61438,1274.47875,284.1909,0.5778,2,1276.84577,0.522,1330.15654,0.363,1276.84577,0.696,1,0.772,1,0,12599,0.748,0.567,0.431,1534.0,1689.1,3.4728,441.7,0.0,1,0,0.535,2893.86,1,0,0.72,2893.86,1,367.604,0.092,0.908,0.5,0.0,1.0,0.95,0.0,0.5,0.0,0.498,0.52,0.5,0.654,0.0,0.422,0.0,0,0,0.377,0.344,0.0,0.498,0.054,0.613,0.247,0.0,0.591,0.447,0.0,1.0,0.914
0,2023.07.26 11:30:59,XPDUSDm,PULLBACK,SELL,2,1270.1,1274.37,1256.85,3.1,0.463,1275.9965,1277.549,1272.581,0,0.558,0.145,-1.3349,1277.72125,1281.1845,1289.259,1273.11,0,0.025,0.4,0,1275.9965,0.719,0.353,0,0.0,0.0,1273.93225,0.0,0.0,0,0,-1,1.0,-0.755,-0.0737,0.755,0.061,0,0.662,1,0.185,1276.307,1272.2705,1.405,0.491,0.0,2,0.4,0,0.742,1.323,3.0,0.441,0.379,1,1275.9965,8,0.744,0.0,0.442,0.226,0.224,0.608,0.925,1403.45885,1236.61438,1274.47875,284.1909,0.5778,2,1276.84577,0.522,1330.15654,0.363,1276.84577,0.696,1,0.772,1,0,12599,0.748,0.567,0.431,1534.0,1686.9,3.4728,441.7,0.0,1,0,0.535,2893.86,1,0,0.72,2893.86,1,367.604,0.092,0.908,0.5,0.0,1.0,0.94,0.0,0.5,0.0,0.498,0.517,0.5,0.654,0.0,0.422,0.0,0,0,0.375,0.344,0.0,0.498,0.054,0.613,0.247,0.0,0.591,0.447,0.0,1.0,0.914
0,2023.07.26 11:31:00,XPDUSDm,TREND_CONTINUATION,SELL,2,1269.96,1275.26,1258.92,2.08,0.543,1275.9965,1277.549,1272.581,0,0.558,0.145,-1.3666,1277.72125,1281.1845,1289.259,1273.11,0,0.025,0.4,0,1275.9965,0.719,0.353,0,0.0,0.0,1273.93225,0.0,0.0,0,0,-1,1.0,-0.755,-0.0737,0.755,0.061,0,0.662,1,0.185,1276.307,1272.2705,1.437,0.523,0.0,2,0.4,0,0.742,1.323,3.0,0.441,0.379,1,1275.9965,8,0.744,0.0,0.442,0.226,0.224,0.608,0.925,1403.45885,1236.61438,1274.47875,284.1909,0.5778,2,1276.84577,0.522,1330.15654,0.363,1276.84577,0.696,1,0.772,1,0,12599,0.748,0.567,0.431,1534.0,1684.7,3.4728,441.7,0.0,1,0,0.535,2893.86,1,0,0.72,2893.86,1,367.636,0.092,0.908,0.5,0.0,1.0,0.93,0.0,0.5,0.0,0.498,0.541,0.5,0.654,0.0,0.422,0.0,0,0,0.389,0.344,0.0,0.498,0.054,0.613,0.242,0.0,0.591,0.447,0.0,1.0,0.914
0,2023.07.26 13:01:20,XPDUSDm,ANCHORED_PULLBACK,SELL,4,1230.46,1237.23,1216.03,2.13,0.443,1275.17575,1279.15,1252.655,0,5.077,0.67,-6.1988,1275.9735,1280.4255,1289.178,1271.673,0,0.069,0.5,2,1275.17575,0.597,0.126,0,0.0,0.0,1235.06825,0.0,0.0,0,0,-1,1.0,-1.0,-0.1617,1.0,0.24,2,0.375,2,0.308,1273.851,1242.057,6.015,1.608,0.0,2,0.0,3,1.0,1.842,3.0,0.614,0.579,2,0.0,0,0.0,0.0,0.228,0.7,0.0,0.604,0.977,1403.6704,1236.61438,1274.47875,275.4345,-8.7564,1,1279.91325,0.525,1328.04103,0.354,1279.91325,0.7,1,0.333,1,0,12601,0.747,0.571,0.433,3191.0,3333.1,4.4236,721.4,0.0,1,0,0.535,2893.86,1,0,0.72,2893.86,1,230.593,0.108,0.892,0.5,1.0,1.0,0.63,0.0,0.5,1.0,0.135,0.463,0.5,0.433,0.0,0.732,0.0,0,0,0.445,0.191,0.0,0.383,0.036,1.0,0.255,0.0,0.458,0.421,0.0,1.0,1.088
0,2023.07.26 13:37:40,XPDUSDm,BREAKOUT,SELL,4,1239.91,1254.34,1221.88,1.25,0.598,1275.17575,1279.15,1252.655,0,5.077,0.67,-4.8888,1275.9735,1280.4255,1289.178,1271.673,0,0.056,0.5,2,1275.17575,0.597,0.126,0,0.0,0.0,1235.06825,0.0,0.0,0,0,-1,1.0,-1.0,-0.1617,1.0,0.01,2,0.375,2,0.308,1273.851,1242.057,4.705,0.298,0.0,2,0.0,3,1.0,1.946,3.0,0.649,0.591,2,0.0,0,0.0,0.0,0.297,0.7,0.0,0.604,0.977,1403.6704,1236.61438,1274.47875,275.4345,-8.7564,1,1279.91325,0.525,1328.04103,0.354,1279.91325,0.7,1,0.333,1,0,12601,0.747,0.571,0.433,2759.0,3028.2,3.8247,721.4,0.0,1,0,0.535,2893.86,1,0,0.72,2893.86,1,229.283,0.108,0.892,0.5,1.0,1.0,0.77,0.0,0.5,1.0,0.174,0.461,0.5,0.413,0.0,0.556,0.0,0,0,0.37,0.142,0.0,0.47,0.036,1.0,0.256,0.0,0.451,0.421,0.0,1.0,1.088
0,2023.07.26 15:00:00,XPDUSDm,TREND_CONTINUATION,SELL,4,1245.08,1255.98,1222.36,2.08,0.471,1243.5975,1254.51,1230.26,1,0.104,1.171,0.1631,1275.84225,1280.25675,1289.103,1271.4105,0,0.039,0.5,0,1243.5975,0.8,0.307,0,0.0,0.0,0.0,0.0,0.0,0,0,-1,0.8,-0.825,-0.4187,0.825,0.672,1,0.288,1,0.103,1246.0225,1259.36,0.104,1.571,-1.3093,1,0.55,5,1.0,0.748,3.0,0.249,0.346,0,1254.51,4,0.6,0.793,0.618,0.247,0.493,0.631,0.938,1403.6704,1236.61438,1274.47875,275.4345,-8.7564,1,1279.91325,0.525,1328.04103,0.354,1279.91325,0.7,1,0.333,1,0,12603,0.747,0.571,0.433,1759.0,1877.3,1.9357,908.7,0.0,1,0,0.535,2893.86,1,0,0.72,2893.86,1,181.441,0.108,0.892,0.5,1.0,1.0,0.99,0.0,0.5,0.495,1.0,0.662,0.5,0.539,0.0,0.295,0.0,0,0,0.377,0.467,0.0,0.277,0.05,0.34,0.35,0.0,0.503,0.421,0.0,1.0,0.834
0,2023.07.26 15:00:00,XPDUSDm,BREAKOUT_RETEST,SELL,4,1245.08,1247.81,1218.14,9.88,0.491,1243.5975,1254.51,1230.26,1,0.104,1.171,0.1631,1275.84225,1280.25675,1289.103,1271.4105,0,0.039,0.5,0,1243.5975,0.8,0.307,0,0.0,0.0,0.0,0.0,0.0,0,0,-1,0.8,-0.825,-0.4187,0.825,0.672,2,0.588,1,0.103,1246.0225,1259.36,0.104,1.571,0.0,2,0.25,0,0.588,1.048,3.0,0.349,0.323,0,1254.51,4,0.6,0.793,0.198,0.247,0.088,0.631,0.938,1403.6704,1236.61438,1274.47875,275.4345,-8.7564,1,1279.91325,0.525,1328.04103,0.354,1279.91325,0.7,1,0.333,1,0,12603,0.747,0.571,0.433,1759.0,1873.7,1.9357,908.7,0.0,1,0,0.535,2893.86,1,0,0.72,2893.86,1,181.441,0.108,0.892,0.5,1.0,1.0,0.98,0.0,0.5,0.306,1.0,0.662,0.5,0.571,0.0,0.312,0.0,0,0,0.394,0.727,0.0,0.347,0.05,0.502,0.35,0.0,0.558,0.421,0.0,1.0,1.077
0,2023.07.26 15:00:20,XPDUSDm,PULLBACK,SELL,4,1245.04,1258.67,1217.78,2.0,0.545,1243.5975,1254.51,1230.26,1,0.104,1.171,0.1587,1275.84225,1280.25675,1289.103,1271.4105,0,0.039,0.5,0,1243.5975,0.8,0.307,0,0.0,0.0,0.0,0.0,0.0,0,0,-1,0.8,-0.825,-0.4187,0.825,0.672,2,0.588,1,0.103,1246.0225,1259.36,0.108,1.576,0.0,2,0.25,0,0.588,1.048,3.0,0.349,0.323,0,1254.51,4,0.6,0.784,0.198,0.247,0.088,0.631,0.938,1403.6704,1236.61438,1274.47875,275.4345,-8.7564,1,1279.91325,0.525,1328.04103,0.354,1279.91325,0.7,1,0.333,1,0,12603,0.747,0.571,0.433,1759.0,1870.1,1.9357,908.7,0.0,1,0,0.535,2893.86,1,0,0.72,2893.86,1,181.445,0.108,0.892,0.5,1.0,1.0,0.97,0.0,0.5,0.16,1.0,0.646,0.5,0.571,0.0,0.312,0.0,0,0,0.384,0.727,0.0,0.347,0.05,0.502,0.35,0.0,0.558,0.421,0.0,1.0,1.077
0,2023.07.26 15:29:40,XPDUSDm,MEAN_REVERSION,SELL,4,1248.96,1255.42,1243.6,0.83,0.564,1243.5975,1254.51,1230.26,1,0.104,1.171,0.5901,1275.84225,1280.25675,1289.103,1271.4105,0,0.034,0.5,0,1243.5975,0.8,0.307,0,0.0,0.0,0.0,0.0,0.0,0,0,-1,0.8,-0.825,-0.4187,0.825,0.262,2,0.588,1,0.103,1246.0225,1259.36,0.323,1.144,0.0,2,0.25,0,0.588,1.232,3.0,0.411,0.345,0,1243.5975,8,0.76,0.353,0.321,0.247,0.088,0.631,0.938,1403.6704,1236.61438,1274.47875,275.4345,-8.7564,1,1279.91325,0.525,1328.04103,0.354,1279.91325,0.7,1,0.333,1,0,12603,0.747,0.571,0.433,2606.0,2374.8,2.8678,908.7,0.0,1,0,0.535,2893.86,1,0,0.72,2893.86,1,181.014,0.108,0.892,0.5,1.0,1.0,0.16,0.0,0.5,0.0,0.591,0.537,0.5,0.506,0.0,0.321,0.0,0,0,0.302,0.556,0.0,0.386,0.036,0.457,0.35,0.0,0.534,0.421,0.0,1.0,1.025
0,2023.07.26 15:38:20,XPDUSDm,BREAKOUT,SELL,4,1251.09,1255.42,1228.37,5.25,0.328,1243.5975,1254.51,1230.26,1,0.104,1.171,0.8245,1275.84225,1280.25675,1289.103,1271.4105,0,0.032,0.5,0,1243.5975,0.8,0.307,0,0.0,0.0,0.0,0.0,0.0,0,0,-1,0.8,-0.825,-0.4187,0.825,0.14,2,0.588,1,0.103,1246.0225,1259.36,0.558,0.91,0.0,2,0.25,0,0.588,1.287,3.0,0.429,0.351,1,1254.51,4,0.6,0.0,0.358,0.247,0.088,0.631,0.938,1403.6704,1236.61438,1274.47875,275.4345,-8.7564,1,1279.91325,0.525,1328.04103,0.354,1279.91325,0.7,1,0.333,1,0,12603,0.747,0.571,0.433,2669.0,2542.9,2.9371,908.7,0.0,1,0,0.535,2893.86,1,0,0.72,2893.86,1,180.78,0.108,0.892,0.5,1.0,1.0,0.32,0.0,0.5,0.0,0.59,0.424,0.5,0.475,0.0,0.346,0.0,0,0,0.326,0.53,0.0,0.627,0.046,0.457,0.35,0.0,0.529,0.421,0.0,1.0,1.068
0,2023.07.26 16:14:40,XPDUSDm,SWEEP_REVERSAL,SELL,4,1247.14,1250.01,1243.8,1.16,0.494,1243.80075,1249.931,1241.1735,1,0.022,0.71,0.349,1278.89875,1282.269,1290.884,1270.208,0,0.037,0.25,4,1243.80075,0.8,0.87,0,0.0,0.0,0.0,0.0,0.0,1,0,-1,0.8,-1.0,-0.4774,1.0,0.623,2,0.624,2,0.119,1246.428,1238.54625,0.074,0.898,0.0,2,0.3,6,0.5,0.62,3.0,0.207,0.262,0,1243.80075,8,0.76,0.851,0.433,0.3,0.555,0.757,0.904,1400.52905,1236.61438,1274.817,256.541,-18.8935,1,1281.0394,0.501,1325.84802,0.337,1236.23078,0.6,-1,0.401,1,0,12604,0.747,0.571,0.433,2097.0,2231.5,2.1917,956.8,0.0,1,0,0.535,2893.86,1,0,0.72,2893.86,0,172.11,0.127,0.873,0.5,1.0,0.5,0.95,0.0,0.5,0.0,0.836,0.587,0.5,0.558,0.0,0.389,0.0,0,0,0.376,0.537,0.0,0.431,0.036,0.459,0.35,0.0,0.512,0.421,0.0,1.0,1.023
0,2023.07.26 17:29:40,XPDUSDm,MEAN_REVERSION,SELL,3,1253.76,1261.78,1244.72,1.13,0.626,1244.72175,1249.7285,1242.576,0,0.384,2.238,0.9014,1278.89875,1282.269,1290.884,1270.208,0,0.028,0.25,4,1244.72175,0.784,0.395,0,0.0,0.0,1249.2245,0.0,0.0,0,0,-1,1.0,-0.825,-0.4795,0.825,0.029,0,0.676,2,0.346,1248.298,1253.30475,0.545,0.045,0.0,2,0.25,0,0.676,1.337,3.0,0.446,0.434,1,1244.72175,8,0.757,0.0,0.391,0.247,0.238,0.831,0.964,1400.52905,1236.61438,1274.817,256.541,-18.8935,1,1281.0394,0.501,1325.84802,0.337,1236.23078,0.6,-1,0.401,1,0,12605,0.747,0.571,0.433,1961.0,2069.8,1.9557,1002.7,0.0,1,0,0.535,2893.86,1,0,0.72,2893.86,0,163.566,0.127,0.873,0.5,1.0,0.5,0.99,0.0,0.5,0.0,1.0,0.841,0.5,0.547,0.0,0.329,0.0,0,0,0.501,0.691,0.0,0.792,0.036,0.321,0.543,0.0,0.535,0.421,0.0,1.0,1.167
0,2023.07.26 17:53:40,XPDUSDm,TREND_CONTINUATION,SELL,3,1256.82,1268.85,1244.72,1.01,0.567,1244.72175,1249.7285,1242.576,0,0.384,2.238,1.2066,1278.89875,1282.269,1290.884,1270.208,0,0.025,0.25,4,1244.72175,0.784,0.395,0,0.0,0.0,1249.2245,0.0,0.0,0,0,-1,1.0,-0.825,-0.4795,0.825,0.029,0,0.676,2,0.346,1248.298,1253.30475,0.85,0.351,0.0,2,0.25,0,0.676,1.337,3.0,0.446,0.434,1,1244.72175,8,0.757,0.0,0.391,0.247,0.238,0.831,0.964,1400.52905,1236.61438,1274.817,256.541,-18.8935,1,1281.0394,0.501,1325.84802,0.337,1236.23078,0.6,-1,0.401,1,0,12605,0.747,0.571,0.433,1478.0,1591.4,1.474,1002.7,0.0,1,0,0.535,2893.86,1,0,0.72,2893.86,0,163.261,0.127,0.873,0.5,1.0,0.5,0.99,0.0,0.5,0.0,1.0,0.822,0.5,0.574,0.0,0.4,0.0,0,0,0.525,0.567,0.0,0.695,0.036,0.427,0.586,0.0,0.535,0.421,0.0,1.0,1.167
5076,2023.07.26 17:59:40,XPDUSDm,BREAKOUT,SELL,3,1222.33,1242.38,1197.26,1.25,0.58,1244.72175,1249.7285,1242.576,0,0.384,2.238,-2.2331,1278.89875,1282.269,1290.884,1270.208,0,0.06,0.25,4,1244.72175,0.784,0.395,0,0.0,0.0,1249.2245,0.0,0.0,0,0,-1,1.0,-0.825,-0.4795,0.825,0.018,0,0.676,2,0.346,1244.0065,1228.271,2.162,0.592,0.0,2,0.25,0,0.676,1.342,3.0,0.447,0.439,1,1244.72175,8,0.757,0.0,0.395,0.247,0.238,0.86,0.973,1400.52905,1236.61438,1274.817,256.541,-18.8935,1,1281.0394,0.501,1325.84802,0.337,1236.23078,0.6,-1,0.401,1,0,12605,0.747,0.571,0.433,1592.0,1528.4,1.5877,1002.7,0.0,1,0,0.535,2893.86,1,0,0.72,2893.86,0,166.701,0.127,0.873,0.5,1.0,0.5,0.0,0.0,0.5,1.0,1.0,0.711,0.5,0.574,0.0,0.373,0.0,0,0,0.449,0.564,0.0,0.061,0.036,0.439,0.171,0.0,0.544,0.421,0.0,1.0,1.167
0,2023.07.26 17:59:59,XPDUSDm,PULLBACK,SELL,3,1230.08,1245.72,1200.0,1.92,0.484,1244.72175,1249.7285,1242.576,0,0.384,2.238,-1.4602,1278.89875,1282.269,1290.884,1270.208,0,0.052,0.25,4,1244.72175,0.784,0.395,0,0.0,0.0,1249.2245,0.0,0.0,0,0,-1,1.0,-0.825,-0.4795,0.825,0.019,0,0.676,2,0.346,1244.0065,1228.271,1.389,0.18,0.0,2,0.25,0,0.676,1.341,3.0,0.447,0.439,1,1244.72175,8,0.757,0.0,0.394,0.247,0.238,0.86,0.973,1400.52905,1236.61438,1274.817,256.541,-18.8935,1,1281.0394,0.501,1325.84802,0.337,1236.23078,0.6,-1,0.401,1,0,12605,0.747,0.571,0.433,1592.0,1528.5,1.5877,1002.7,0.0,1,0,0.535,2893.86,1,0,0.72,2893.86,0,165.928,0.127,0.873,0.5,1.0,0.5,0.01,0.0,0.5,0.806,1.0,0.679,0.5,0.574,0.0,0.373,0.0,0,0,0.429,0.565,0.0,0.548,0.036,0.439,0.171,0.0,0.544,0.421,0.0,1.0,1.167
0,2023.07.26 18:08:40,XPDUSDm,BREAKOUT_RETEST,SELL,3,1245.81,1249.97,1240.64,1.24,0.6,1248.75425,1251.4595,1244.2455,1,1.996,0.222,-0.2414,1278.3225,1281.73,1290.73,1269.13,0,0.029,0.2,4,1248.75425,0.798,0.534,0,0.0,0.0,0.0,0.0,0.0,0,0,-1,1.0,-1.0,-0.3516,1.0,0.892,0,0.688,0,0.1,1247.8525,1231.621,0.167,1.163,0.0,2,0.15,0,0.688,0.948,3.0,0.316,0.367,1,1251.4595,4,0.6,0.665,0.092,0.3,0.223,0.755,0.987,1400.52905,1236.61438,1274.817,256.541,-18.8935,1,1281.0394,0.501,1325.84802,0.337,1236.23078,0.6,-1,0.401,1,0,12606,0.747,0.571,0.433,3344.0,3143.4,2.7419,1219.6,0.0,1,0,0.535,2893.86,1,0,0.72,2893.86,0,135.134,0.127,0.873,0.5,1.0,0.5,0.52,0.0,0.5,0.0,0.321,0.86,0.5,0.663,0.0,0.53,0.0,0,0,0.627,0.464,0.375,0.568,0.107,0.456,0.35,0.0,0.556,0.421,0.0,1.0,0.966
0,2023.07.26 20:00:00,XPDUSDm,BREAKOUT,SELL,3,1246.97,1256.42,1226.24,2.19,0.504,1254.83375,1257.8975,1247.685,0,0.019,1.308,-0.4961,1276.21875,1281.163,1290.568,1264.234,0,0.022,0.25,4,1254.83375,0.755,0.787,0,0.0,0.0,1246.371,0.0,0.0,0,0,-1,0.8,-0.825,-0.1494,0.825,0.557,2,0.457,2,0.65,1248.70625,1225.2175,0.11,1.372,0.0372,2,0.25,0,0.457,1.099,3.0,0.366,0.375,1,1254.83375,8,0.751,0.781,0.233,0.247,0.238,0.707,0.976,1400.9599,1236.61438,1274.35,227.9901,-28.5509,1,1276.01279,0.457,1325.99163,0.346,1234.36375,0.595,-1,0.451,1,0,12608,0.747,0.571,0.433,3747.0,3844.0,2.3638,1585.1,0.0,1,0,0.535,2893.86,1,0,0.72,2893.86,0,103.895,0.153,0.847,0.6,1.0,0.5,0.75,0.0,0.5,0.0,1.0,0.614,0.5,0.561,0.0,0.48,0.0,0,0,0.429,0.837,0.0,0.743,0.107,0.496,0.558,0.0,0.506,0.421,0.0,1.0,1.167
0,2023.07.26 20:00:00,XPDUSDm,PULLBACK,SELL,3,1246.97,1256.42,1226.24,2.19,0.422,1254.83375,1257.8975,1247.685,0,0.019,1.308,-0.4961,1276.21875,1281.163,1290.568,1264.234,0,0.022,0.25,4,1254.83375,0.755,0.787,0,0.0,0.0,1246.371,0.0,0.0,0,0,-1,0.8,-0.825,-0.1494,0.825,0.557,0,0.681,2,0.65,1248.70625,1225.2175,0.11,1.372,0.0,2,0.25,0,0.681,1.099,3.0,0.366,0.431,1,1254.83375,8,0.751,0.781,0.233,0.247,0.238,0.707,0.976,1400.9599,1236.61438,1274.35,227.9901,-28.5509,1,1276.01279,0.457,1325.99163,0.346,1234.36375,0.595,-1,0.451,1,0,12608,0.747,0.571,0.433,3747.0,3843.3,2.3638,1585.1,0.0,1,0,0.535,2893.86,1,0,0.72,2893.86,0,103.895,0.153,0.847,0.6,1.0,0.5,0.74,0.0,0.5,0.0,1.0,0.614,0.5,0.561,0.0,0.48,0.0,0,0,0.429,0.882,0.0,0.743,0.107,0.496,0.559,0.0,0.506,0.421,0.0,1.0,1.167
0,2023.07.26 20:00:20,XPDUSDm,TREND_CONTINUATION,SELL,3,1249.07,1268.09,1226.24,1.2,0.489,1254.83375,1257.8975,1247.685,1,0.019,1.308,-0.3636,1276.21875,1281.163,1290.568,1264.234,0,0.02,0.25,4,1254.83375,0.755,0.787,0,0.0,0.0,1246.371,0.0,0.0,0,0,-1,0.8,-0.825,-0.1494,0.825,0.974,0,0.681,2,0.65,1248.70625,1225.2175,0.023,1.505,0.0,2,0.25,0,0.681,0.912,3.0,0.304,0.409,1,1254.83375,8,0.751,0.954,0.108,0.247,0.238,0.707,0.976,1400.9599,1236.61438,1274.35,227.9901,-28.5509,1,1276.01279,0.457,1325.99163,0.346,1234.36375,0.595,-1,0.451,1,0,12608,0.747,0.571,0.433,3747.0,3842.6,2.3638,1585.1,0.0,1,0,0.535,2893.86,1,0,0.72,2893.86,0,103.763,0.153,0.847,0.6,1.0,0.5,0.75,0.0,0.5,0.0,1.0,0.622,0.5,0.561,0.0,0.471,0.0,0,0,0.43,0.72,0.0,0.801,0.107,0.411,0.559,0.0,0.525,0.421,0.0,1.0,1.13
0,2023.07.26 20:00:40,XPDUSDm,ANCHORED_PULLBACK,SELL,3,1245.52,1250.29,1213.82,6.64,0.555,1254.83375,1257.8975,1247.685,0,0.019,1.308,-0.5876,1276.21875,1281.163,1290.568,1264.234,0,0.022,0.25,4,1254.83375,0.755,0.787,0,0.0,0.0,1246.371,0.0,0.0,0,0,-1,0.8,-0.825,-0.1494,0.825,0.188,0,0.681,2,0.65,1248.70625,1225.2175,0.201,1.281,0.0,2,0.25,0,0.681,1.265,3.0,0.422,0.45,1,1254.83375,8,0.751,0.598,0.344,0.247,0.238,0.707,0.976,1400.9599,1236.61438,1274.35,227.9901,-28.5509,1,1276.01279,0.457,1325.99163,0.346,1234.36375,0.595,-1,0.451,1,0,12608,0.747,0.571,0.433,3747.0,3842.1,2.3638,1585.1,0.0,1,0,0.535,2893.86,1,0,0.72,2893.86,0,103.987,0.153,0.847,0.6,1.0,0.5,0.7,0.0,0.5,0.0,1.0,0.591,0.5,0.561,0.0,0.542,0.0,0,0,0.44,0.659,0.0,0.646,0.107,0.496,0.297,0.0,0.506,0.421,0.0,1.0,1.167
0,2023.07.26 20:11:40,XPDUSDm,BREAKOUT_RETEST,SELL,3,1250.13,1256.42,1242.58,1.2,0.522,1254.83375,1257.8975,1247.685,1,0.019,1.308,-0.2967,1276.21875,1281.163,1290.568,1264.234,0,0.02,0.25,4,1254.83375,0.755,0.787,0,0.0,0.0,1246.371,0.0,0.0,0,0,-1,0.8,-0.825,-0.1494,0.825,0.628,0,0.681,2,0.65,1248.70625,1225.2175,0.09,1.572,0.0,2,0.25,0,0.681,1.067,3.0,0.356,0.427,1,1257.8975,4,0.6,0.82,0.212,0.247,0.238,0.707,0.976,1400.9599,1236.61438,1274.35,227.9901,-28.5509,1,1276.01279,0.457,1325.99163,0.346,1234.36375,0.595,-1,0.451,1,0,12608,0.747,0.571,0.433,3377.0,3710.5,2.1304,1585.1,0.0,1,0,0.535,2893.86,1,0,0.72,2893.86,0,103.696,0.153,0.847,0.6,1.0,0.5,0.99,0.0,0.5,0.0,1.0,0.564,0.5,0.549,0.0,0.533,0.0,0,0,0.416,0.72,0.0,1.0,0.107,0.411,0.536,0.0,0.497,0.421,0.0,1.0,1.076
0,2023.07.26 22:09:00,XPDUSDm,TREND_CONTINUATION,SELL,1,1245.55,1264.58,1226.24,1.01,0.589,1254.83375,1257.8975,1245.6425,0,0.115,1.173,-0.5855,1246.83825,1281.163,1290.568,1260.472,0,0.022,0.3,2,1254.83375,0.755,0.897,0,0.0,0.0,0.0,0.0,0.0,0,0,-1,1.0,-1.0,-0.0653,1.0,0.252,2,0.611,2,0.601,1248.70625,1225.2175,0.199,1.282,0.0,2,0.0,0,0.611,1.237,3.0,0.412,0.448,1,1254.83375,8,0.751,0.602,0.224,0.3,0.0,0.606,0.976,1400.9599,1236.61438,1274.35,227.9901,-28.5509,1,1276.01279,0.457,1325.99163,0.346,1234.36375,0.595,-1,0.451,1,0,12609,0.747,0.571,0.433,3916.0,3768.4,2.4697,1585.6,0.0,1,0,0.535,2893.86,1,0,0.72,2893.86,0,103.952,0.153,0.847,0.6,1.0,0.5,0.04,0.0,0.5,0.0,0.821,0.593,0.5,0.54,0.0,0.178,0.0,0,0,0.289,0.613,0.0,0.808,0.095,0.43,0.294,0.0,0.476,0.421,0.0,1.0,1.111
0,2023.07.26 22:32:30,XPDUSDm,BREAKOUT_RETEST,SELL,1,1246.28,1251.04,1239.52,1.42,0.615,1254.83375,1257.8975,1245.6425,1,0.115,1.173,-0.5394,1246.83825,1281.163,1290.568,1260.472,0,0.022,0.3,2,1254.83375,0.755,0.897,0,0.0,0.0,0.0,0.0,0.0,0,0,-1,1.0,-1.0,-0.0653,1.0,0.838,2,0.611,2,0.601,1248.70625,1225.2175,0.153,1.328,0.0,2,0.0,0,0.611,0.973,3.0,0.324,0.417,1,1254.83375,8,0.751,0.694,0.049,0.3,0.0,0.606,0.976,1400.9599,1236.61438,1274.35,227.9901,-28.5509,1,1276.01279,0.457,1325.99163,0.346,1234.36375,0.595,-1,0.451,1,0,12609,0.747,0.571,0.433,3694.0,3840.5,2.3297,1585.6,0.0,1,0,0.535,2893.86,1,0,0.72,2893.86,0,103.906,0.153,0.847,0.6,1.0,0.5,0.99,0.0,0.5,0.0,1.0,0.574,0.5,0.574,0.0,0.178,0.0,0,0,0.288,0.759,0.0,0.727,0.095,0.383,0.35,0.0,0.494,0.421,0.0,1.0,1.077
0,2023.07.26 22:38:00,XPDUSDm,BREAKOUT,SELL,1,1248.67,1256.42,1226.24,2.89,0.407,1254.83375,1257.8975,1245.6425,1,0.115,1.173,-0.3887,1246.83825,1281.163,1290.568,1260.472,0,0.02,0.3,2,1254.83375,0.755,0.897,0,0.0,0.0,0.0,0.0,0.0,0,0,-1,1.0,-1.0,-0.0653,1.0,0.656,2,0.611,2,0.601,1248.70625,1225.2175,0.002,1.479,0.0,2,0.0,0,0.611,1.055,3.0,0.352,0.427,1,1254.83375,8,0.751,0.995,0.103,0.3,0.0,0.606,0.976,1400.9599,1236.61438,1274.35,227.9901,-28.5509,1,1276.01279,0.457,1325.99163,0.346,1234.36375,0.595,-1,0.451,1,0,12609,0.747,0.571,0.433,3786.0,3797.6,2.3877,1585.6,0.0,1,0,0.535,2893.86,1,0,0.72,2893.86,0,103.755,0.153,0.847,0.6,1.0,0.5,0.61,0.0,0.5,0.0,1.0,0.651,0.5,0.557,0.0,0.149,0.0,0,0,0.317,0.674,0.0,0.727,0.095,0.318,0.35,0.0,0.494,0.421,0.0,1.0,1.077
0,2023.07.26 22:38:00,XPDUSDm,PULLBACK,SELL,1,1248.67,1256.42,1226.24,2.89,0.647,1254.83375,1257.8975,1245.6425,1,0.115,1.173,-0.3887,1246.83825,1281.163,1290.568,1260.472,0,0.02,0.3,2,1254.83375,0.755,0.897,0,0.0,0.0,0.0,0.0,0.0,0,0,-1,1.0,-1.0,-0.0653,1.0,0.656,2,0.611,2,0.601,1248.70625,1225.2175,0.002,1.479,0.0,2,0.0,0,0.611,1.055,3.0,0.352,0.427,1,1254.83375,8,0.751,0.995,0.103,0.3,0.0,0.606,0.976,1400.9599,1236.61438,1274.35,227.9901,-28.5509,1,1276.01279,0.457,1325.99163,0.346,1234.36375,0.595,-1,0.451,1,0,12609,0.747,0.571,0.433,3786.0,3796.5,2.3877,1585.6,0.0,1,0,0.535,2893.86,1,0,0.72,2893.86,0,103.755,0.153,0.847,0.6,1.0,0.5,0.6,0.0,0.5,0.0,1.0,0.651,0.5,0.557,0.0,0.149,0.0,0,0,0.317,0.674,0.0,0.727,0.095,0.318,0.35,0.0,0.494,0.421,0.0,1.0,1.077
0,2023.07.27 00:38:00,XPDUSDm,BREAKOUT,SELL,1,1243.54,1266.93,1204.56,1.67,0.345,1255.08625,1257.2925,1246.7025,0,0.019,0.264,-0.7406,1246.83825,1281.163,1290.568,1260.472,0,0.024,0.6,0,1255.08625,0.8,0.717,0,0.0,0.0,0.0,0.0,0.0,0,0,-1,0.442,0.6766,0.0489,0.677,0.255,0,0.662,3,0.562,1247.14375,1251.9975,0.231,0.542,0.0,2,0.15,0,0.662,1.235,3.0,0.412,0.452,1,1255.08625,8,0.76,0.538,0.284,0.203,0.053,0.756,0.875,1239.28591,1236.61438,1274.35,242.9071,14.917,2,1278.66318,0.479,1325.91591,0.337,1239.28591,0.59,-1,0.531,1,0,12611,0.759,0.57,0.433,3380.0,3545.2,2.1679,1559.1,0.0,1,0,0.535,2893.86,1,0,0.72,2893.86,-1,105.848,0.028,0.972,0.1,0.0,0.0,0.99,0.0,0.5,0.0,0.39,0.853,0.5,0.574,0.0,0.474,0.0,0,0,0.573,0.492,0.0,0.719,0.107,0.283,0.259,0.0,0.479,0.421,0.0,1.0,0.796
0,2023.07.27 02:22:40,XPDUSDm,SWEEP_REVERSAL,SELL,1,1261.95,1278.68,1248.21,0.82,0.19,1248.205,1253.452,1241.05,0,0.709,0.253,0.8216,1246.83825,1281.163,1290.568,1256.71,1,0.011,0.65,0,1258.699,0.664,0.103,0,0.0,0.0,1258.5935,0.0,0.0,0,0,0,0.629,0.6246,0.0337,0.625,0.127,0,0.775,0,0.296,1246.774,1259.653,0.907,0.137,0.0,2,0.15,0,0.775,1.293,3.0,0.431,0.47,1,1248.205,1,0.7,0.0,0.322,0.187,0.112,0.884,0.904,1239.28591,1236.61438,1274.35,242.9071,14.917,2,1278.66318,0.479,1325.91591,0.337,1239.28591,0.59,-1,0.531,1,0,12613,0.759,0.57,0.433,2294.0,2167.5,1.3713,1672.9,0.0,1,0,0.535,2893.86,1,0,0.72,2893.86,-1,97.552,0.028,0.972,0.1,0.0,0.0,0.24,0.0,0.5,0.0,0.986,0.658,0.5,0.694,0.0,0.897,0.0,0,0,0.662,0.639,0.0,1.0,0.071,0.392,0.627,0.0,0.472,0.421,0.0,1.0,0.677
0,2023.07.27 02:22:59,XPDUSDm,MEAN_REVERSION,SELL,1,1262.08,1275.46,1248.21,1.04,0.695,1248.205,1253.452,1241.05,0,0.709,0.253,0.8294,1246.83825,1281.163,1290.568,1256.71,1,0.011,0.65,0,1258.699,0.664,0.103,0,0.0,0.0,1258.5935,0.0,0.0,0,0,0,0.629,0.6246,0.0337,0.625,0.127,0,0.775,0,0.296,1246.774,1259.653,0.915,0.145,0.0,2,0.15,0,0.775,1.293,3.0,0.431,0.47,1,1248.205,1,0.7,0.0,0.322,0.187,0.112,0.884,0.904,1239.28591,1236.61438,1274.35,242.9071,14.917,2,1278.66318,0.479,1325.91591,0.337,1239.28591,0.59,-1,0.531,1,0,12613,0.759,0.57,0.433,2294.0,2173.0,1.3713,1672.9,0.0,1,0,0.535,2893.86,1,0,0.72,2893.86,-1,97.544,0.028,0.972,0.1,0.0,0.0,0.25,0.0,0.5,0.0,0.986,0.645,0.5,0.694,0.0,0.897,0.0,0,0,0.654,0.639,0.0,1.0,0.071,0.392,0.628,0.0,0.472,0.421,0.0,1.0,0.677
0,2023.07.27 04:38:40,XPDUSDm,BREAKOUT,SELL,1,1252.98,1274.15,1217.7,1.67,0.416,1258.51075,1263.58,1253.4415,0,0.039,0.358,-0.3919,1246.83825,1281.163,1290.568,1256.71,0,0.02,0.45,0,1258.51075,0.756,0.531,0,0.0,0.0,0.0,0.0,0.0,0,0,-1,0.65,0.825,0.0609,0.825,0.386,0,0.775,3,0.64,1255.13125,1250.062,0.152,0.207,0.0,2,0.0,0,0.775,1.176,3.0,0.392,0.486,1,1258.51075,8,0.751,0.695,0.184,0.247,0.073,0.599,0.821,1235.42539,1236.61438,1274.35,224.264,-18.6431,1,1277.89108,0.458,1328.8499,0.33,1235.42539,0.604,-1,0.479,1,0,12615,0.759,0.57,0.433,2850.0,2454.4,2.0194,1411.3,0.0,1,0,0.535,2893.86,1,0,0.72,2893.86,0,116.268,0.073,0.927,0.2,1.0,0.5,0.12,0.0,0.5,0.0,0.579,0.457,0.5,0.554,0.0,0.302,0.0,0,0,0.313,0.665,0.0,1.0,0.0,0.251,0.313,0.0,0.472,0.421,0.0,1.0,0.796
0,2023.07.27 08:07:40,XPDUSDm,MEAN_REVERSION,SELL,2,1263.53,1273.39,1255.38,0.83,0.676,1255.3765,1257.907,1253.569,0,0.023,0.798,0.6614,1253.6245,1277.401,1290.568,1252.948,1,0.011,0.3,4,1255.3765,0.74,0.479,0,0.0,0.0,1255.6215,0.0,0.0,0,0,0,0.8,0.79,0.0795,0.79,0.114,0,0.771,2,0.48,1256.461,1250.3155,0.573,1.072,0.0,2,0.25,0,0.771,1.299,3.0,0.433,0.463,1,1255.3765,8,0.748,0.0,0.366,0.237,0.238,0.767,0.933,1401.1265,1236.61438,1274.35,219.7399,-4.5241,1,1236.5295,0.451,1331.8225,0.291,1253.8555,0.339,-1,0.504,1,0,12619,0.759,0.57,0.433,1344.0,2559.5,1.0902,1232.8,0.0,1,0,0.535,2893.86,1,0,0.72,2893.86,1,132.248,0.101,0.899,0.6,1.0,1.0,0.99,0.0,0.5,0.0,0.849,0.854,0.5,0.555,0.0,0.484,0.0,0,0,0.573,0.741,0.0,1.0,0.0,0.212,0.687,0.0,0.505,0.421,0.0,1.0,0.853
0,2023.07.27 10:46:20,XPDUSDm,BREAKOUT,SELL,2,1249.05,1256.13,1228.26,2.93,0.41,1255.302,1260.626,1250.946,0,0.172,0.987,-0.7519,1255.315,1277.401,1290.568,1252.948,0,0.034,0.5,0,1262.078,0.654,0.213,0,0.0,0.0,0.0,0.0,0.0,0,0,0,0.609,0.8092,0.0261,0.809,0.181,0,0.716,0,0.593,1256.27,1248.526,0.868,0.063,0.0,2,0.0,0,0.716,1.269,3.0,0.423,0.509,2,1255.302,1,0.7,0.0,0.246,0.243,0.119,0.86,0.857,1401.1265,1236.61438,1274.35,219.7399,-4.5241,1,1236.5295,0.451,1331.8225,0.291,1253.8555,0.339,-1,0.504,1,0,12621,0.758,0.569,0.434,1490.0,1439.4,1.7919,831.5,0.0,1,0,0.535,2893.86,1,0,0.72,2893.86,1,197.812,0.101,0.899,0.6,1.0,1.0,0.0,0.0,0.5,0.0,1.0,0.593,0.5,0.546,0.0,0.333,0.0,0,0,0.353,0.689,0.0,0.855,0.0,0.615,0.277,0.0,0.522,0.421,0.0,1.0,0.877
0,2023.07.27 11:00:40,XPDUSDm,ANCHORED_PULLBACK,SELL,2,1249.0,1252.2,1233.51,4.83,0.468,1251.43,1259.658,1249.01,0,0.216,0.159,-0.3138,1258.18925,1277.401,1290.568,1252.948,0,0.037,0.55,0,1262.078,0.729,0.773,0,0.0,0.0,1249.9565,0.0,0.0,0,0,-1,0.078,0.0,-0.0003,0.287,0.158,0,0.749,0,0.589,1251.43,1248.526,0.314,0.061,0.0,2,0.15,0,0.749,1.279,3.0,0.426,0.513,2,1251.43,1,0.7,0.372,0.313,0.0,0.17,1.0,0.837,1401.1265,1236.61438,1274.35,219.7399,-4.5241,1,1236.5295,0.451,1331.8225,0.291,1253.8555,0.339,-1,0.504,1,0,12622,0.758,0.569,0.434,1357.0,1416.1,1.7526,774.3,0.0,1,0,0.535,2893.86,1,0,0.72,2893.86,0,212.436,0.101,0.899,0.6,1.0,0.5,0.95,0.0,0.5,0.0,1.0,0.616,0.5,0.574,0.0,0.445,0.0,0,0,0.42,0.58,0.0,1.0,0.054,0.683,0.29,0.0,0.54,0.421,0.0,1.0,0.877
0,2023.07.27 12:01:00,XPDUSDm,TREND_CONTINUATION,SELL,2,1254.51,1263.68,1235.41,2.08,0.261,1262.44025,1262.8035,1253.359,1,0.125,0.065,-1.0382,1251.34525,1277.401,1290.568,1252.948,1,0.03,0.65,2,1262.44025,0.8,0.0,2,0.0,0.0,0.0,0.0,0.0,0,0,0,0.227,-0.4625,-0.0222,0.462,0.7,2,0.574,0,0.707,1253.359,1255.17525,0.151,0.087,0.0,2,0.15,0,0.574,1.035,3.0,0.345,0.443,1,1262.44025,8,0.76,0.699,0.15,0.139,0.194,0.902,0.778,1401.30698,1236.61438,1274.35,213.4195,-6.3204,1,1236.5295,0.455,1331.8225,0.287,1253.8555,0.367,-1,0.525,1,0,12623,0.758,0.569,0.434,1333.0,1454.5,1.7451,763.9,0.0,1,0,0.535,2893.86,1,0,0.72,2893.86,0,214.615,0.105,0.895,0.6,1.0,0.5,0.99,0.0,0.5,0.0,0.708,0.652,0.5,0.585,0.0,0.27,0.0,0,0,0.375,0.68,0.0,1.0,0.054,0.556,0.455,0.0,0.525,0.421,0.0,1.0,0.857
0,2023.07.27 12:07:40,XPDUSDm,PULLBACK,SELL,2,1252.58,1264.04,1229.66,2.0,0.224,1262.44025,1262.8035,1253.359,0,0.125,0.065,-1.2909,1251.34525,1277.401,1290.568,1252.948,0,0.032,0.65,2,1262.44025,0.8,0.0,2,0.0,0.0,0.0,0.0,0.0,0,0,0,0.227,-0.4625,-0.0222,0.462,0.402,2,0.574,0,0.707,1253.359,1251.54275,0.102,0.136,0.0,2,0.15,0,0.574,1.169,3.0,0.39,0.458,1,1262.44025,8,0.76,0.796,0.239,0.139,0.194,0.902,0.611,1401.30698,1236.61438,1274.35,213.4195,-6.3204,1,1236.5295,0.455,1331.8225,0.287,1253.8555,0.367,-1,0.525,1,0,12623,0.758,0.569,0.434,1380.0,1388.0,1.8066,763.9,0.0,1,0,0.535,2893.86,1,0,0.72,2893.86,0,214.867,0.105,0.895,0.6,1.0,0.5,0.47,0.0,0.5,0.0,0.828,0.588,0.5,0.551,0.0,0.311,0.0,0,0,0.342,0.578,0.0,0.981,0.054,0.667,0.302,0.0,0.512,0.421,0.0,1.0,0.958
0,2023.07.27 12:46:20,XPDUSDm,BREAKOUT,SELL,2,1251.32,1254.49,1232.22,6.03,0.284,1262.44025,1262.8035,1253.359,0,0.125,0.065,-1.4558,1251.34525,1277.401,1290.568,1252.948,0,0.034,0.65,2,1262.44025,0.8,0.0,2,0.0,0.0,0.0,0.0,0.0,0,0,0,0.227,-0.4625,-0.0222,0.462,0.328,2,0.574,0,0.707,1253.359,1251.54275,0.267,0.029,0.0,2,0.15,0,0.574,1.202,3.0,0.401,0.462,1,1262.44025,8,0.76,0.466,0.262,0.139,0.194,0.902,0.611,1401.30698,1236.61438,1274.35,213.4195,-6.3204,1,1236.5295,0.455,1331.8225,0.287,1253.8555,0.367,-1,0.525,1,0,12623,0.758,0.569,0.434,1983.0,1997.6,2.596,763.9,0.0,1,0,0.535,2893.86,1,0,0.72,2893.86,0,215.032,0.105,0.895,0.6,1.0,0.5,0.66,0.0,0.5,0.0,0.39,0.538,0.5,0.586,0.0,0.706,0.0,0,0,0.481,0.559,0.781,1.0,0.054,0.646,0.277,0.0,0.512,0.421,0.0,1.0,0.958
0,2023.07.27 13:00:00,XPDUSDm,BREAKOUT_RETEST,SELL,4,1242.5,1250.2,1233.78,1.13,0.595,1252.8325,1254.565,1240.705,1,0.826,0.146,-1.2432,1251.34525,1277.401,1290.568,1252.948,0,0.042,0.6,0,1262.0725,0.674,0.714,0,0.0,0.0,1241.80225,0.0,0.0,0,0,-1,0.409,-0.4926,-0.0216,0.493,0.149,1,0.275,0,0.821,1249.945,1240.705,0.896,0.216,0.5313,0,0.45,2,1.0,1.733,3.0,0.578,0.591,2,1252.8325,1,0.7,0.0,0.435,0.848,0.322,0.829,0.917,1401.30698,1236.61438,1274.35,213.4195,-6.3204,1,1236.5295,0.455,1331.8225,0.287,1253.8555,0.367,-1,0.525,1,0,12624,0.758,0.569,0.434,1895.0,1873.8,2.28,831.1,0.0,1,0,0.535,2893.86,1,0,0.72,2893.86,0,198.685,0.105,0.895,0.6,1.0,0.5,0.6,0.0,0.5,0.0,0.433,0.349,0.5,0.371,0.0,0.737,0.0,0,0,0.497,0.43,0.0,0.613,0.054,0.992,0.563,0.0,0.443,0.421,0.0,1.0,0.858
0,2023.07.27 13:00:40,XPDUSDm,ANCHORED_PULLBACK,SELL,4,1242.96,1244.3,1240.71,1.69,0.492,1252.8325,1254.565,1240.705,1,0.826,0.146,-1.1878,1251.34525,1277.401,1290.568,1252.948,0,0.041,0.6,0,1262.0725,0.674,0.714,0,0.0,0.0,1241.80225,0.0,0.0,0,0,-1,0.409,-0.4926,-0.0216,0.493,0.149,2,0.575,0,0.821,1249.945,1240.705,0.84,0.271,0.0,2,0.15,0,0.575,1.283,3.0,0.428,0.477,1,1252.8325,1,0.7,0.0,0.315,0.148,0.217,0.829,0.917,1401.30698,1236.61438,1274.35,213.4195,-6.3204,1,1236.5295,0.455,1331.8225,0.287,1253.8555,0.367,-1,0.525,1,0,12624,0.758,0.569,0.434,1895.0,1875.1,2.28,831.1,0.0,1,0,0.535,2893.86,1,0,0.72,2893.86,0,198.63,0.105,0.895,0.6,1.0,0.5,0.64,0.0,0.5,0.0,0.516,0.375,0.5,0.444,0.0,0.576,0.0,0,0,0.438,0.497,0.0,0.441,0.054,0.693,0.567,0.0,0.516,0.421,0.0,1.0,0.812
0,2023.07.27 14:01:00,XPDUSDm,TREND_CONTINUATION,SELL,4,1227.14,1238.91,1202.62,2.08,0.388,1253.8775,1254.945,1235.73,0,1.665,0.577,-2.7257,1251.22425,1277.302,1290.546,1252.706,0,0.051,0.45,2,1249.6075,0.725,0.275,0,0.0,0.0,1233.98,0.0,0.0,0,0,-1,0.583,-0.5935,-0.0298,0.593,0.232,2,0.496,3,0.713,1243.2025,1223.9875,1.637,0.321,0.0,2,0.0,0,0.496,1.245,3.0,0.415,0.406,1,1249.6075,8,0.745,0.0,0.23,0.178,0.0,0.377,0.877,1401.30698,1236.61438,1274.35,213.4195,-6.3204,1,1236.5295,0.455,1331.8225,0.287,1253.8555,0.367,-1,0.525,1,0,12625,0.758,0.569,0.434,1831.0,2043.3,1.8666,980.9,0.0,1,0,0.535,2893.86,1,0,0.72,2893.86,0,169.912,0.105,0.895,0.6,1.0,0.5,0.93,0.0,0.5,0.0,0.288,0.709,0.5,0.486,0.0,0.619,0.0,0,0,0.519,0.313,0.0,0.475,0.036,0.692,0.134,0.0,0.509,0.421,0.0,1.0,0.975
0,2023.07.27 14:07:40,XPDUSDm,PULLBACK,SELL,4,1226.64,1234.96,1197.21,3.54,0.33,1253.8775,1254.945,1235.73,0,1.665,0.577,-2.7767,1251.22425,1277.302,1290.546,1252.706,0,0.052,0.45,2,1249.6075,0.725,0.275,0,0.0,0.0,1233.98,0.0,0.0,0,0,-1,0.583,-0.5935,-0.0298,0.593,0.232,2,0.496,3,0.713,1243.2025,1223.9875,1.688,0.27,0.0,2,0.0,0,0.496,1.245,3.0,0.415,0.406,1,1249.6075,8,0.745,0.0,0.23,0.178,0.0,0.377,0.877,1401.30698,1236.61438,1274.35,213.4195,-6.3204,1,1236.5295,0.455,1331.8225,0.287,1253.8555,0.367,-1,0.525,1,0,12625,0.758,0.569,0.434,1824.0,1890.4,1.8595,980.9,0.0,1,0,0.535,2893.86,1,0,0.72,2893.86,0,169.963,0.105,0.895,0.6,1.0,0.5,0.89,0.0,0.5,0.0,0.442,0.587,0.5,0.481,0.0,0.59,0.0,0,0,0.433,0.313,0.0,0.713,0.036,0.692,0.134,0.0,0.522,0.421,0.0,1.0,0.975
0,2023.07.27 14:46:20,XPDUSDm,BREAKOUT,SELL,4,1217.32,1236.94,1192.8,1.25,0.388,1253.8775,1254.945,1235.73,0,1.665,0.577,-3.7268,1251.22425,1277.302,1290.546,1252.706,0,0.061,0.45,2,1249.6075,0.725,0.275,0,0.0,0.0,1233.98,0.0,0.0,0,0,-1,0.583,-0.5935,-0.0298,0.593,0.067,2,0.496,3,0.713,1243.2025,1219.7175,2.639,0.244,0.0,2,0.0,0,0.496,1.639,3.727,0.44,0.452,1,1249.6075,8,0.745,0.0,0.28,0.178,0.0,0.377,0.938,1401.30698,1236.61438,1274.35,213.4195,-6.3204,1,1236.5295,0.455,1331.8225,0.287,1253.8555,0.367,-1,0.525,1,0,12625,0.758,0.569,0.434,2625.0,2185.1,2.676,980.9,0.0,1,0,0.535,2893.86,1,0,0.72,2893.86,0,170.914,0.105,0.895,0.6,1.0,0.5,0.0,0.0,0.5,0.0,1.0,0.634,0.5,0.503,0.0,0.273,0.0,0,0,0.34,0.27,0.0,0.095,0.036,0.683,0.134,0.0,0.522,0.421,0.0,1.0,0.975
0,2023.07.27 15:09:40,XPDUSDm,ANCHORED_PULLBACK,SELL,4,1222.14,1225.86,1202.1,5.38,0.714,1253.68775,1254.68,1226.897,0,0.309,0.681,-3.1485,1255.07675,1280.4455,1290.363,1250.693,0,0.058,0.7,2,1253.68775,0.696,0.0,2,0.0,0.0,1222.85825,0.0,0.0,0,0,-1,0.9,-0.79,-0.1853,0.79,0.337,2,0.379,3,0.728,1225.90475,1215.98225,0.376,0.615,0.0,2,0.0,3,0.845,1.887,3.148,0.599,0.596,2,1225.90475,2,0.55,0.249,0.199,0.637,0.0,0.589,0.78,1401.30698,1236.61438,1274.35,213.4195,-6.3204,1,1236.5295,0.455,1331.8225,0.287,1253.8555,0.367,-1,0.525,1,0,12626,0.758,0.569,0.434,2658.0,2511.1,2.6527,1002.0,0.0,1,0,0.535,2893.86,1,0,0.72,2893.86,0,166.838,0.105,0.895,0.6,1.0,0.5,0.0,0.0,0.5,0.0,0.588,0.767,0.5,0.495,0.0,0.345,0.0,0,0,0.446,0.468,0.0,0.47,0.048,0.692,0.265,0.0,0.454,0.421,0.0,1.0,1.16
0,2023.07.27 16:32:40,XPDUSDm,MEAN_REVERSION,SELL,4,1236.2,1243.67,1229.83,0.85,0.58,1225.869,1242.682,1214.99,1,0.304,0.496,1.0439,1255.07675,1280.4455,1290.363,1250.693,0,0.045,0.7,0,1229.825,0.723,0.642,0,0.0,0.0,1230.35475,0.0,0.0,0,0,-1,0.65,-0.825,-0.3107,0.825,0.252,2,0.548,0,0.325,1226.858,1237.737,0.944,0.155,0.0,2,0.0,0,0.628,1.237,3.0,0.412,0.449,1,1229.825,8,0.745,0.0,0.224,0.247,0.142,0.856,0.794,1235.62291,1236.61438,1254.64675,90.5954,-122.8241,1,1236.5295,0.484,1331.8225,0.286,1236.5295,0.646,1,0.734,1,0,12627,0.758,0.569,0.434,2151.0,2166.7,2.1735,989.6,0.0,1,0,0.535,2893.86,1,0,0.72,2893.86,0,167.501,0.515,0.485,0.2,1.0,0.5,0.49,0.0,0.5,0.0,1.0,0.561,0.5,0.52,0.0,0.267,0.0,0,0,0.299,0.51,0.0,0.855,0.071,0.824,0.35,0.0,0.526,0.421,0.0,1.0,1.025
0,2023.07.27 16:50:40,XPDUSDm,BREAKOUT,SELL,4,1238.12,1243.67,1213.38,4.46,0.307,1225.869,1242.682,1214.99,1,0.304,0.496,1.2379,1255.07675,1280.4455,1290.363,1250.693,0,0.043,0.7,0,1229.825,0.723,0.642,0,0.0,0.0,1230.35475,0.0,0.0,0,0,-1,0.65,-0.825,-0.3107,0.825,0.237,2,0.548,0,0.325,1226.858,1237.737,1.138,0.039,0.0,2,0.0,0,0.628,1.243,3.0,0.414,0.45,1,1242.682,4,0.6,0.0,0.229,0.247,0.142,0.856,0.794,1235.62291,1236.61438,1254.64675,90.5954,-122.8241,1,1236.5295,0.484,1331.8225,0.286,1236.5295,0.646,1,0.734,1,0,12627,0.758,0.569,0.434,1995.0,2039.6,2.0159,989.6,0.0,1,0,0.535,2893.86,1,0,0.72,2893.86,0,167.307,0.515,0.485,0.2,1.0,0.5,0.81,0.0,0.5,0.0,1.0,0.576,0.5,0.573,0.0,0.265,0.0,0,0,0.324,0.507,0.0,0.95,0.071,0.867,0.35,0.0,0.526,0.421,0.0,1.0,1.068
0,2023.07.27 16:50:59,XPDUSDm,BREAKOUT_RETEST,SELL,4,1237.68,1243.67,1201.14,6.1,0.469,1225.869,1242.682,1214.99,1,0.304,0.496,1.1935,1255.07675,1280.4455,1290.363,1250.693,0,0.043,0.7,0,1229.825,0.723,0.642,0,0.0,0.0,1230.35475,0.0,0.0,0,0,-1,0.65,-0.825,-0.3107,0.825,0.237,2,0.548,0,0.325,1226.858,1237.737,1.094,0.006,0.0,2,0.0,0,0.628,1.243,3.0,0.414,0.45,1,1242.682,4,0.6,0.0,0.229,0.247,0.142,0.856,0.794,1235.62291,1236.61438,1254.64675,90.5954,-122.8241,1,1236.5295,0.484,1331.8225,0.286,1236.5295,0.646,1,0.734,1,0,12627,0.758,0.569,0.434,1995.0,2038.3,2.0159,989.6,0.0,1,0,0.535,2893.86,1,0,0.72,2893.86,0,167.351,0.515,0.485,0.2,1.0,0.5,0.8,0.0,0.5,0.0,1.0,0.586,0.5,0.573,0.0,0.265,0.0,0,0,0.329,0.507,0.0,0.618,0.071,0.867,0.35,0.0,0.526,0.421,0.0,1.0,1.068
0,2023.07.27 16:51:00,XPDUSDm,PULLBACK,SELL,4,1237.68,1243.67,1207.99,4.96,0.532,1225.869,1242.682,1214.99,1,0.304,0.496,1.1935,1255.07675,1280.4455,1290.363,1250.693,0,0.043,0.7,0,1229.825,0.723,0.642,0,0.0,0.0,1230.35475,0.0,0.0,0,0,-1,0.65,-0.825,-0.3107,0.825,0.237,2,0.548,0,0.325,1226.858,1237.737,1.094,0.006,0.0,2,0.0,0,0.628,1.243,3.0,0.414,0.45,1,1242.682,4,0.6,0.0,0.229,0.247,0.142,0.856,0.794,1235.62291,1236.61438,1254.64675,90.5954,-122.8241,1,1236.5295,0.484,1331.8225,0.286,1236.5295,0.646,1,0.734,1,0,12627,0.758,0.569,0.434,2059.0,2037.7,2.0805,989.6,0.0,1,0,0.535,2893.86,1,0,0.72,2893.86,0,167.351,0.515,0.485,0.2,1.0,0.5,0.34,0.0,0.5,0.0,1.0,0.578,0.5,0.573,0.0,0.265,0.0,0,0,0.325,0.507,0.0,0.618,0.071,0.867,0.35,0.0,0.526,0.421,0.0,1.0,1.068
0,2023.07.27 16:51:00,XPDUSDm,TREND_CONTINUATION,SELL,4,1237.68,1249.56,1212.94,2.08,0.449,1225.869,1242.682,1214.99,1,0.304,0.496,1.1935,1255.07675,1280.4455,1290.363,1250.693,0,0.043,0.7,0,1229.825,0.723,0.642,0,0.0,0.0,1230.35475,0.0,0.0,0,0,-1,0.65,-0.825,-0.3107,0.825,0.237,2,0.548,0,0.325,1226.858,1237.737,1.094,0.006,0.0,2,0.0,0,0.628,1.243,3.0,0.414,0.45,1,1242.682,4,0.6,0.0,0.229,0.247,0.142,0.856,0.794,1235.62291,1236.61438,1254.64675,90.5954,-122.8241,1,1236.5295,0.484,1331.8225,0.286,1236.5295,0.646,1,0.734,1,0,12627,0.758,0.569,0.434,2059.0,2037.0,2.0805,989.6,0.0,1,0,0.535,2893.86,1,0,0.72,2893.86,0,167.351,0.515,0.485,0.2,1.0,0.5,0.33,0.0,0.5,0.0,1.0,0.578,0.5,0.573,0.0,0.265,0.0,0,0,0.325,0.507,0.0,0.618,0.071,0.867,0.35,0.0,0.526,0.421,0.0,1.0,1.068
0,2023.07.27 17:06:59,XPDUSDm,SWEEP_REVERSAL,SELL,3,1236.29,1246.55,1226.27,0.98,0.274,1226.27375,1236.053,1221.008,0,0.239,1.119,0.9765,1255.07675,1280.4455,1290.363,1246.726,0,0.043,0.5,0,1226.27375,0.685,0.603,0,0.0,0.0,0.0,0.0,0.0,0,0,-1,0.7,-0.685,-0.3518,0.685,0.302,0,0.666,0,0.744,1233.79625,1242.071,0.243,0.564,0.0,2,0.25,0,0.746,1.214,3.0,0.405,0.484,1,1226.27375,8,0.737,0.514,0.309,0.206,0.314,0.8,0.865,1235.62291,1236.61438,1254.64675,90.5954,-122.8241,1,1236.5295,0.484,1331.8225,0.286,1236.5295,0.646,1,0.734,1,0,12628,0.758,0.569,0.434,2221.0,2455.3,2.1653,1025.7,0.0,1,0,0.535,2893.86,1,0,0.72,2893.86,-1,161.602,0.515,0.485,0.2,1.0,0.0,0.88,0.0,0.5,0.0,0.3,0.516,0.5,0.613,0.0,0.397,0.0,0,0,0.352,0.57,0.0,0.89,0.048,0.585,0.35,0.0,0.512,0.421,0.0,1.0,1.111
0,2023.07.27 18:00:00,XPDUSDm,ANCHORED_PULLBACK,SELL,3,1237.65,1239.48,1224.11,7.4,0.526,1235.17875,1238.435,1224.1075,1,0.112,0.137,0.2364,1255.07675,1280.4455,1290.363,1246.726,0,0.041,0.55,0,1235.17875,0.786,0.298,0,0.0,0.0,1237.236,0.0,0.0,0,0,-1,1.0,-0.72,-0.3574,0.72,0.326,2,0.605,0,0.26,1234.5275,1239.7375,0.299,0.2,0.0,2,0.4,0,0.685,1.203,3.0,0.401,0.374,1,1224.1075,5,0.6,0.403,0.362,0.216,0.269,0.717,0.89,1235.62291,1236.61438,1254.64675,90.5954,-122.8241,1,1236.5295,0.484,1331.8225,0.286,1236.5295,0.646,1,0.734,1,0,12629,0.758,0.569,0.434,1677.0,1759.4,1.6039,1045.6,0.0,1,0,0.535,2893.86,1,0,0.72,2893.86,-1,158.402,0.515,0.485,0.2,1.0,0.0,0.98,0.0,0.5,0.0,1.0,0.724,0.5,0.565,0.0,0.438,0.0,0,0,0.479,0.683,0.0,0.901,0.071,0.605,0.54,0.0,0.509,0.421,0.0,1.0,0.981
0,2023.07.27 18:50:40,XPDUSDm,BREAKOUT,SELL,3,1229.8,1236.22,1203.66,4.07,0.392,1235.17875,1238.435,1224.1075,1,0.112,0.137,-0.5144,1255.07675,1280.4455,1290.363,1246.726,0,0.048,0.55,0,1235.17875,0.786,0.298,0,0.0,0.0,1237.236,0.0,0.0,0,0,-1,1.0,-0.72,-0.3574,0.72,0.406,2,0.605,0,0.26,1234.5275,1228.66625,0.452,0.108,0.0,2,0.4,0,0.685,1.167,3.0,0.389,0.37,1,1235.17875,8,0.757,0.096,0.338,0.216,0.269,0.717,0.82,1235.62291,1236.61438,1254.64675,90.5954,-122.8241,1,1236.5295,0.484,1331.8225,0.286,1236.5295,0.646,1,0.734,1,0,12629,0.758,0.569,0.434,1870.0,1922.2,1.7885,1045.6,0.0,1,0,0.535,2893.86,1,0,0.72,2893.86,-1,159.153,0.515,0.485,0.2,1.0,0.0,0.94,0.0,0.5,0.0,0.764,0.484,0.5,0.54,0.0,0.277,0.0,0,0,0.283,0.51,0.0,1.0,0.071,0.485,0.35,0.0,0.509,0.421,0.0,1.0,0.938
0,2023.07.27 18:50:59,XPDUSDm,BREAKOUT_RETEST,SELL,3,1229.8,1236.22,1216.94,2.0,0.576,1235.17875,1238.435,1224.1075,1,0.112,0.137,-0.5144,1255.07675,1280.4455,1290.363,1246.726,0,0.048,0.55,0,1235.17875,0.786,0.298,0,0.0,0.0,1237.236,0.0,0.0,0,0,-1,1.0,-0.72,-0.3574,0.72,0.406,2,0.605,0,0.26,1234.5275,1228.66625,0.452,0.108,0.0,2,0.4,0,0.685,1.167,3.0,0.389,0.37,1,1235.17875,8,0.757,0.096,0.338,0.216,0.269,0.717,0.82,1235.62291,1236.61438,1254.64675,90.5954,-122.8241,1,1236.5295,0.484,1331.8225,0.286,1236.5295,0.646,1,0.734,1,0,12629,0.758,0.569,0.434,1870.0,1923.4,1.7885,1045.6,0.0,1,0,0.535,2893.86,1,0,0.72,2893.86,-1,159.153,0.515,0.485,0.2,1.0,0.0,0.94,0.0,0.5,0.0,0.764,0.495,0.5,0.54,0.0,0.277,0.0,0,0,0.276,0.51,0.0,1.0,0.071,0.485,0.35,0.0,0.509,0.421,0.0,1.0,0.938
0,2023.07.27 18:51:00,XPDUSDm,PULLBACK,SELL,3,1229.84,1236.22,1198.47,4.91,0.607,1235.17875,1238.435,1224.1075,1,0.112,0.137,-0.5106,1255.07675,1280.4455,1290.363,1246.726,0,0.048,0.55,0,1235.17875,0.786,0.298,0,0.0,0.0,1237.236,0.0,0.0,0,0,-1,1.0,-0.72,-0.3574,0.72,0.406,2,0.605,0,0.26,1234.5275,1228.66625,0.448,0.112,0.0,2,0.4,0,0.685,1.167,3.0,0.389,0.37,1,1235.17875,8,0.757,0.103,0.338,0.216,0.269,0.717,0.82,1235.62291,1236.61438,1254.64675,90.5954,-122.8241,1,1236.5295,0.484,1331.8225,0.286,1236.5295,0.646,1,0.734,1,0,12629,0.758,0.569,0.434,1870.0,1924.5,1.7885,1045.6,0.0,1,0,0.535,2893.86,1,0,0.72,2893.86,-1,159.149,0.515,0.485,0.2,1.0,0.0,0.96,0.0,0.5,0.0,0.764,0.509,0.5,0.54,0.0,0.277,0.0,0,0,0.278,0.51,0.0,1.0,0.071,0.485,0.35,0.0,0.509,0.421,0.0,1.0,0.938
0,2023.07.27 18:51:00,XPDUSDm,TREND_CONTINUATION,SELL,3,1229.84,1242.39,1203.7,2.08,0.536,1235.17875,1238.435,1224.1075,1,0.112,0.137,-0.5106,1255.07675,1280.4455,1290.363,1246.726,0,0.048,0.55,0,1235.17875,0.786,0.298,0,0.0,0.0,1237.236,0.0,0.0,0,0,-1,1.0,-0.72,-0.3574,0.72,0.406,2,0.605,0,0.26,1234.5275,1228.66625,0.448,0.112,0.0,2,0.4,0,0.685,1.167,3.0,0.389,0.37,1,1235.17875,8,0.757,0.103,0.338,0.216,0.269,0.717,0.82,1235.62291,1236.61438,1254.64675,90.5954,-122.8241,1,1236.5295,0.484,1331.8225,0.286,1236.5295,0.646,1,0.734,1,0,12629,0.758,0.569,0.434,1870.0,1925.7,1.7885,1045.6,0.0,1,0,0.535,2893.86,1,0,0.72,2893.86,-1,159.149,0.515,0.485,0.2,1.0,0.0,0.96,0.0,0.5,0.0,0.764,0.509,0.5,0.54,0.0,0.277,0.0,0,0,0.278,0.51,0.0,1.0,0.071,0.485,0.35,0.0,0.509,0.421,0.0,1.0,0.938
0,2023.07.27 20:51:30,XPDUSDm,BREAKOUT,SELL,3,1234.0,1250.04,1207.26,1.67,0.362,1235.62125,1237.8525,1230.84,1,0.024,0.751,-0.1516,1255.07675,1256.6435,1282.429,1238.792,0,0.021,0.55,0,1235.62125,0.785,0.059,0,0.0,0.0,0.0,0.0,0.0,0,0,-1,0.8,-0.965,-0.3164,0.965,0.752,0,0.661,0,0.683,1233.07125,1239.44625,0.087,0.509,0.0,2,0.0,0,0.741,1.012,3.0,0.337,0.487,1,1237.8525,4,0.6,0.826,0.074,0.29,0.217,0.782,0.884,1237.67867,1236.61438,1254.64675,102.1582,11.5627,2,1236.5295,0.501,1331.8225,0.285,1236.5295,0.668,1,0.625,1,0,12631,0.746,0.565,0.437,1821.0,1861.5,1.7028,1069.4,0.0,1,0,0.535,2893.86,1,0,0.72,2893.86,-1,155.21,0.014,0.986,0.2,0.0,0.0,0.99,0.0,0.5,0.0,1.0,0.875,0.5,0.593,0.0,0.239,0.0,0,0,0.498,0.729,0.0,0.984,0.067,0.238,0.35,0.0,0.538,0.421,0.0,1.0,1.077
0,2023.07.27 20:51:30,XPDUSDm,BREAKOUT_RETEST,SELL,3,1234.0,1237.21,1227.33,2.08,0.553,1235.62125,1237.8525,1230.84,1,0.024,0.751,-0.1516,1255.07675,1256.6435,1282.429,1238.792,0,0.021,0.55,0,1235.62125,0.785,0.059,0,0.0,0.0,0.0,0.0,0.0,0,0,-1,0.8,-0.965,-0.3164,0.965,0.752,0,0.661,0,0.683,1233.07125,1239.44625,0.087,0.509,0.0,2,0.0,0,0.741,1.012,3.0,0.337,0.487,1,1237.8525,4,0.6,0.826,0.074,0.29,0.217,0.782,0.884,1237.67867,1236.61438,1254.64675,102.1582,11.5627,2,1236.5295,0.501,1331.8225,0.285,1236.5295,0.668,1,0.625,1,0,12631,0.746,0.565,0.437,1821.0,1860.6,1.7028,1069.4,0.0,1,0,0.535,2893.86,1,0,0.72,2893.86,-1,155.21,0.014,0.986,0.2,0.0,0.0,0.98,0.0,0.5,0.0,1.0,0.875,0.5,0.593,0.0,0.239,0.0,0,0,0.498,0.729,0.0,0.984,0.067,0.238,0.35,0.0,0.538,0.421,0.0,1.0,1.077
0,2023.07.27 20:52:00,XPDUSDm,PULLBACK,SELL,3,1233.96,1250.0,1201.88,2.0,0.598,1235.62125,1237.8525,1230.84,1,0.024,0.751,-0.1553,1255.07675,1256.6435,1282.429,1238.792,0,0.021,0.55,0,1235.62125,0.785,0.059,0,0.0,0.0,0.0,0.0,0.0,0,0,-1,0.8,-0.965,-0.3164,0.965,0.752,0,0.661,0,0.683,1233.07125,1239.44625,0.083,0.513,0.0,2,0.0,0,0.741,1.012,3.0,0.337,0.487,1,1237.8525,4,0.6,0.834,0.074,0.29,0.217,0.782,0.884,1237.67867,1236.61438,1254.64675,102.1582,11.5627,2,1236.5295,0.501,1331.8225,0.285,1236.5295,0.668,1,0.625,1,0,12631,0.746,0.565,0.437,1814.0,1859.8,1.6962,1069.4,0.0,1,0,0.535,2893.86,1,0,0.72,2893.86,-1,155.214,0.014,0.986,0.2,0.0,0.0,0.99,0.0,0.5,0.0,1.0,0.897,0.5,0.593,0.0,0.239,0.0,0,0,0.511,0.729,0.0,0.984,0.067,0.238,0.35,0.0,0.538,0.421,0.0,1.0,1.077
0,2023.07.27 20:52:00,XPDUSDm,TREND_CONTINUATION,SELL,3,1233.96,1246.79,1207.22,2.08,0.527,1235.62125,1237.8525,1230.84,1,0.024,0.751,-0.1553,1255.07675,1256.6435,1282.429,1238.792,0,0.021,0.55,0,1235.62125,0.785,0.059,0,0.0,0.0,0.0,0.0,0.0,0,0,-1,0.8,-0.965,-0.3164,0.965,0.752,0,0.661,0,0.683,1233.07125,1239.44625,0.083,0.513,0.0,2,0.0,0,0.741,1.012,3.0,0.337,0.487,1,1237.8525,4,0.6,0.834,0.074,0.29,0.217,0.782,0.884,1237.67867,1236.61438,1254.64675,102.1582,11.5627,2,1236.5295,0.501,1331.8225,0.285,1236.5295,0.668,1,0.625,1,0,12631,0.746,0.565,0.437,1814.0,1859.0,1.6962,1069.4,0.0,1,0,0.535,2893.86,1,0,0.72,2893.86,-1,155.214,0.014,0.986,0.2,0.0,0.0,0.98,0.0,0.5,0.0,1.0,0.897,0.5,0.593,0.0,0.239,0.0,0,0,0.511,0.729,0.0,0.984,0.067,0.238,0.35,0.0,0.538,0.421,0.0,1.0,1.077
0,2023.07.27 22:51:40,XPDUSDm,BREAKOUT,SELL,1,1229.85,1245.84,1203.2,1.67,0.34,1229.88375,1235.94,1228.9275,1,0.067,0.844,-0.0032,1255.07675,1276.4785,1290.363,1246.726,0,0.044,0.55,2,1235.62125,0.762,0.544,0,0.0,0.0,0.0,0.0,0.0,0,0,-1,0.8,-0.825,-0.2353,0.825,0.988,2,0.598,3,0.308,1230.2025,1239.44625,0.033,0.9,0.0,2,0.25,0,0.678,0.905,3.0,0.302,0.4,1,1235.62125,8,0.752,0.934,0.104,0.247,0.168,0.988,0.948,1237.67867,1236.61438,1254.64675,102.1582,11.5627,2,1236.5295,0.501,1331.8225,0.285,1236.5295,0.668,1,0.625,1,0,12632,0.746,0.565,0.437,2579.0,2678.2,2.4193,1066.0,0.0,1,0,0.535,2893.86,1,0,0.72,2893.86,-1,156.098,0.014,0.986,0.2,0.0,0.0,0.99,0.0,0.5,0.0,0.855,0.695,0.5,0.574,0.0,0.235,0.0,0,0,0.384,0.778,0.0,0.873,0.067,0.286,0.306,0.0,0.532,0.421,0.0,1.0,0.99
0,2023.07.27 22:51:59,XPDUSDm,BREAKOUT_RETEST,SELL,1,1229.85,1233.05,1225.42,1.38,0.514,1229.88375,1235.94,1228.9275,1,0.067,0.844,-0.0032,1255.07675,1276.4785,1290.363,1246.726,0,0.044,0.55,2,1235.62125,0.762,0.544,0,0.0,0.0,0.0,0.0,0.0,0,0,-1,0.8,-0.825,-0.2353,0.825,0.988,2,0.598,3,0.308,1230.2025,1239.44625,0.033,0.9,0.0,2,0.25,0,0.678,0.905,3.0,0.302,0.4,1,1235.62125,8,0.752,0.934,0.104,0.247,0.168,0.988,0.948,1237.67867,1236.61438,1254.64675,102.1582,11.5627,2,1236.5295,0.501,1331.8225,0.285,1236.5295,0.668,1,0.625,1,0,12632,0.746,0.565,0.437,2579.0,2677.3,2.4193,1066.0,0.0,1,0,0.535,2893.86,1,0,0.72,2893.86,-1,156.098,0.014,0.986,0.2,0.0,0.0,0.98,0.0,0.5,0.0,0.855,0.709,0.5,0.574,0.0,0.235,0.0,0,0,0.392,0.778,0.0,0.873,0.067,0.286,0.306,0.0,0.532,0.421,0.0,1.0,0.99
0,2023.07.27 22:52:00,XPDUSDm,PULLBACK,SELL,1,1229.86,1245.85,1197.88,2.0,0.564,1229.88375,1235.94,1228.9275,1,0.067,0.844,-0.0022,1255.07675,1276.4785,1290.363,1246.726,0,0.044,0.55,2,1235.62125,0.762,0.544,0,0.0,0.0,0.0,0.0,0.0,0,0,-1,0.8,-0.825,-0.2353,0.825,0.988,2,0.598,3,0.308,1230.2025,1239.44625,0.032,0.899,0.0,2,0.25,0,0.678,0.905,3.0,0.302,0.4,1,1235.62125,8,0.752,0.936,0.104,0.247,0.168,0.988,0.948,1237.67867,1236.61438,1254.64675,102.1582,11.5627,2,1236.5295,0.501,1331.8225,0.285,1236.5295,0.668,1,0.625,1,0,12632,0.746,0.565,0.437,2519.0,2675.7,2.363,1066.0,0.0,1,0,0.535,2893.86,1,0,0.72,2893.86,-1,156.098,0.014,0.986,0.2,0.0,0.0,0.99,0.0,0.5,0.0,0.855,0.683,0.5,0.574,0.0,0.235,0.0,0,0,0.376,0.778,0.0,0.873,0.067,0.286,0.306,0.0,0.532,0.421,0.0,1.0,0.99
0,2023.07.27 22:52:00,XPDUSDm,TREND_CONTINUATION,SELL,1,1229.86,1242.65,1203.21,2.08,0.487,1229.88375,1235.94,1228.9275,1,0.067,0.844,-0.0022,1255.07675,1276.4785,1290.363,1246.726,0,0.044,0.55,2,1235.62125,0.762,0.544,0,0.0,0.0,0.0,0.0,0.0,0,0,-1,0.8,-0.825,-0.2353,0.825,0.988,2,0.598,3,0.308,1230.2025,1239.44625,0.032,0.899,0.0,2,0.25,0,0.678,0.905,3.0,0.302,0.4,1,1235.62125,8,0.752,0.936,0.104,0.247,0.168,0.988,0.948,1237.67867,1236.61438,1254.64675,102.1582,11.5627,2,1236.5295,0.501,1331.8225,0.285,1236.5295,0.668,1,0.625,1,0,12632,0.746,0.565,0.437,2519.0,2674.2,2.363,1066.0,0.0,1,0,0.535,2893.86,1,0,0.72,2893.86,-1,156.098,0.014,0.986,0.2,0.0,0.0,0.98,0.0,0.5,0.0,0.855,0.683,0.5,0.574,0.0,0.235,0.0,0,0,0.376,0.778,0.0,0.873,0.067,0.286,0.306,0.0,0.532,0.421,0.0,1.0,0.99
0,2023.07.27 23:00:00,XPDUSDm,ANCHORED_PULLBACK,SELL,1,1231.79,1232.95,1228.3,3.02,0.453,1230.3575,1234.186,1228.296,1,0.083,0.372,0.1405,1255.07675,1256.6435,1278.462,1226.891,1,0.024,0.5,0,1230.3575,0.726,0.642,0,0.0,0.0,1229.88875,0.0,0.0,0,0,0,0.8,-0.825,-0.1755,0.825,0.525,0,0.684,1,0.011,1230.063,1235.0695,0.169,0.322,-0.1101,1,0.55,0,0.764,1.114,3.0,0.371,0.348,0,1228.296,5,0.6,0.661,0.662,0.247,0.273,0.867,0.804,1237.67867,1236.61438,1254.64675,102.1582,11.5627,2,1236.5295,0.501,1331.8225,0.285,1236.5295,0.668,1,0.625,1,0,12633,0.746,0.565,0.437,2160.0,2557.2,2.1193,1019.2,0.0,1,0,0.535,2893.86,1,0,0.72,2893.86,-1,163.074,0.014,0.986,0.2,0.0,0.0,0.99,0.0,0.5,0.0,0.826,0.754,0.5,0.571,0.0,0.206,0.0,0,0,0.406,0.8,0.0,0.996,0.071,0.145,0.54,0.0,0.502,0.421,0.0,1.0,0.682
0,2023.07.28 00:00:00,XPDUSDm,NAKED_POC,SELL,1,1233.65,1246.77,1219.08,1.11,0.829,1230.30525,1232.8325,1228.697,0,0.297,0.129,0.3443,1255.07675,1256.6435,1278.462,1222.924,1,0.024,0.45,0,1230.30525,0.8,0.228,0,0.0,0.0,0.0,1230.74125,0.299,0,0,0,0.8,-0.825,-0.0668,0.825,0.904,0,0.741,0,0.594,1230.0755,1234.90025,0.368,0.129,-0.1806,1,0.4,1,1.0,0.06,0.368,0.164,0.384,1,1230.30525,8,0.76,0.264,0.489,0.247,0.34,0.899,0.981,1236.5295,1240.37188,1254.64675,83.0486,-19.1095,1,1236.5295,0.509,1331.8225,0.284,1236.5295,0.678,1,0.759,1,0,12634,0.746,0.565,0.437,2062.0,2040.8,2.1223,971.6,0.0,1,0,0.535,2893.86,1,0,0.72,2893.86,-1,170.879,0.13,0.87,0.2,1.0,0.0,0.42,0.0,0.5,0.0,0.357,0.659,0.5,0.691,0.0,0.248,0.0,0,0,0.402,0.626,0.0,0.833,0.071,0.125,0.482,0.0,0.497,0.421,0.0,1.0,0.853
0,2023.07.28 01:11:40,XPDUSDm,MEAN_REVERSION,SELL,1,1237.01,1244.65,1230.84,0.81,0.73,1230.8435,1233.412,1229.209,0,0.171,0.758,0.6459,1255.07675,1256.6435,1278.462,1222.924,1,0.021,0.45,0,1230.8435,0.677,0.752,0,0.0,0.0,1233.3825,0.0,0.0,0,0,0,0.675,0.51,0.0508,0.51,0.117,0,0.806,0,0.787,1233.412,1227.1075,0.377,1.037,0.0,2,0.25,0,0.886,1.298,3.0,0.433,0.513,2,1230.8435,8,0.735,0.246,0.365,0.153,0.326,0.634,0.925,1236.5295,1240.37188,1254.64675,83.0486,-19.1095,1,1236.5295,0.509,1331.8225,0.284,1236.5295,0.678,1,0.759,1,0,12635,0.746,0.565,0.437,1467.0,1622.2,1.5366,954.7,0.0,1,0,0.535,2893.86,1,0,0.72,2893.86,0,173.544,0.13,0.87,0.2,1.0,0.5,0.99,0.0,0.5,0.0,0.667,0.927,0.5,0.67,0.0,0.642,0.0,0,0,0.714,0.767,0.0,1.0,0.048,0.047,0.568,0.0,0.5,0.421,0.0,1.0,0.81
0,2023.07.28 03:01:40,XPDUSDm,SWEEP_REVERSAL,SELL,1,1240.18,1249.12,1232.96,0.81,0.178,1237.51475,1238.567,1232.955,0,0.268,1.288,0.2982,1255.0355,1256.6435,1278.462,1222.924,1,0.018,0.4,2,1237.51475,0.665,0.847,0,0.0,0.0,0.0,0.0,0.0,0,0,0,0.682,0.6598,0.0381,0.66,0.083,0,0.659,0,0.518,1237.51475,1238.91775,0.298,0.141,0.0,2,0.0,0,0.739,1.313,3.0,0.438,0.528,2,1232.955,5,0.6,0.404,0.275,0.198,0.185,1.0,0.931,1236.5295,1240.37188,1254.64675,83.0486,-19.1095,1,1236.5295,0.509,1331.8225,0.284,1236.5295,0.678,1,0.759,1,0,12637,0.746,0.565,0.437,1469.0,1373.1,1.6434,893.9,0.0,1,0,0.535,2893.86,1,0,0.72,2893.86,0,185.005,0.13,0.87,0.2,1.0,0.5,0.34,0.0,0.5,0.0,0.658,0.911,0.5,0.972,0.0,0.381,0.0,0,0,0.691,0.752,0.0,0.925,0.067,0.263,0.532,0.0,0.519,0.421,0.0,1.0,0.81
0,2023.07.28 03:11:59,XPDUSDm,MEAN_REVERSION,SELL,1,1239.59,1246.74,1232.96,0.93,0.663,1237.51475,1238.567,1232.955,0,0.268,1.288,0.2322,1255.0355,1256.6435,1278.462,1222.924,1,0.019,0.4,2,1237.51475,0.665,0.847,0,0.0,0.0,0.0,0.0,0.0,0,0,0,0.682,0.6598,0.0381,0.66,0.083,0,0.659,0,0.518,1237.51475,1238.91775,0.232,0.075,0.0,2,0.0,0,0.739,1.313,3.0,0.438,0.528,2,1232.955,5,0.6,0.536,0.275,0.198,0.185,1.0,0.931,1236.5295,1240.37188,1254.64675,83.0486,-19.1095,1,1236.5295,0.509,1331.8225,0.284,1236.5295,0.678,1,0.759,1,0,12637,0.746,0.565,0.437,1801.0,1499.7,2.0149,893.9,0.0,1,0,0.535,2893.86,1,0,0.72,2893.86,0,185.071,0.13,0.87,0.2,1.0,0.5,0.1,0.0,0.5,0.0,0.316,0.824,0.5,0.639,0.0,0.227,0.0,0,0,0.477,0.752,0.0,0.925,0.067,0.289,0.526,0.0,0.519,0.421,0.0,1.0,0.81
0,2023.07.28 05:00:30,XPDUSDm,BREAKOUT,SELL,1,1234.67,1238.25,1217.91,4.68,0.408,1237.5825,1241.411,1236.11,0,0.435,0.171,-0.4345,1255.0355,1256.6435,1274.495,1222.924,1,0.033,0.45,0,1239.9385,0.701,0.512,0,0.0,0.0,1239.255,0.0,0.0,0,0,0,0.65,0.825,0.1281,0.825,0.204,0,0.658,2,0.144,1237.5825,1235.8155,0.435,0.171,-0.3515,1,0.15,0,0.738,1.258,3.0,0.419,0.452,1,1237.5825,1,0.7,0.131,0.599,0.247,0.136,1.0,0.862,1237.67867,1234.64313,1254.64675,113.8834,30.8348,2,1236.5295,0.52,1331.8225,0.282,1236.5295,0.694,-1,0.77,1,0,12639,0.746,0.565,0.437,2125.0,1958.5,3.1703,670.3,0.0,1,0,0.535,2893.86,1,0,0.72,2893.86,0,247.535,0.014,0.986,0.1,0.0,0.5,0.0,0.0,0.5,0.0,0.858,0.5,0.5,0.443,0.0,0.351,0.0,0,0,0.273,0.483,0.0,0.664,0.1,0.23,0.293,0.0,0.522,0.421,0.0,1.0,0.682
0,2023.07.28 05:00:30,XPDUSDm,ANCHORED_PULLBACK,SELL,1,1234.67,1238.25,1221.26,3.74,0.24,1237.5825,1241.411,1236.11,0,0.435,0.171,-0.4345,1255.0355,1256.6435,1274.495,1222.924,1,0.033,0.45,0,1239.9385,0.701,0.512,0,0.0,0.0,1239.255,0.0,0.0,0,0,0,0.65,0.825,0.1281,0.825,0.204,0,0.658,2,0.144,1237.5825,1235.8155,0.435,0.171,0.0,2,0.15,0,0.738,1.258,3.0,0.419,0.452,1,1237.5825,1,0.7,0.131,0.299,0.247,0.136,1.0,0.862,1237.67867,1234.64313,1254.64675,113.8834,30.8348,2,1236.5295,0.52,1331.8225,0.282,1236.5295,0.694,-1,0.77,1,0,12639,0.746,0.565,0.437,2125.0,1960.9,3.1703,670.3,0.0,1,0,0.535,2893.86,1,0,0.72,2893.86,0,247.535,0.014,0.986,0.1,0.0,0.5,0.0,0.0,0.5,0.0,0.858,0.5,0.5,0.443,0.0,0.37,0.0,0,0,0.281,0.483,0.0,0.664,0.1,0.338,0.293,0.0,0.522,0.421,0.0,1.0,0.735
0,2023.07.28 08:00:00,XPDUSDm,TREND_CONTINUATION,SELL,2,1225.14,1231.98,1210.89,2.08,0.358,1227.856,1229.302,1221.59,1,0.031,1.322,-0.4764,1228.3385,1256.6435,1270.528,1218.957,1,0.055,0.4,0,1227.856,0.769,0.793,0,0.0,0.0,1224.6585,0.0,0.0,0,0,0,0.454,-0.5376,-0.0316,0.538,0.568,1,0.323,3,0.826,1224.964,1233.158,0.031,1.406,-1.0895,1,0.3,5,1.0,0.794,3.0,0.265,0.476,1,1227.856,8,0.754,0.938,0.55,0.161,0.49,0.6,0.877,1230.90777,1234.64313,1254.64675,108.6605,-5.2229,1,1236.5295,0.531,1331.8225,0.28,1236.5295,0.709,1,0.655,1,0,12642,0.751,0.567,0.44,1998.0,2218.9,3.5048,570.1,0.0,1,0,0.535,2893.86,1,0,0.72,2893.86,0,292.721,0.043,0.957,0.2,1.0,0.5,0.99,0.0,0.5,0.0,0.452,0.721,0.5,0.551,0.0,0.485,0.0,0,0,0.492,0.601,0.0,0.827,0.048,0.367,0.563,0.0,0.484,0.421,0.0,1.0,0.719
0,2023.07.28 08:00:00,XPDUSDm,BREAKOUT_RETEST,SELL,2,1225.14,1228.43,1217.73,2.25,0.374,1227.856,1229.302,1221.59,1,0.031,1.322,-0.4764,1228.3385,1256.6435,1270.528,1218.957,1,0.055,0.4,0,1227.856,0.769,0.793,0,0.0,0.0,1224.6585,0.0,0.0,0,0,0,0.454,-0.5376,-0.0316,0.538,0.568,2,0.623,3,0.826,1224.964,1233.158,0.031,1.406,0.0,2,0.0,0,0.703,1.094,3.0,0.365,0.482,1,1227.856,8,0.754,0.938,0.13,0.161,0.085,0.6,0.877,1230.90777,1234.64313,1254.64675,108.6605,-5.2229,1,1236.5295,0.531,1331.8225,0.28,1236.5295,0.709,1,0.655,1,0,12642,0.751,0.567,0.44,1998.0,2214.6,3.5048,570.1,0.0,1,0,0.535,2893.86,1,0,0.72,2893.86,0,292.721,0.043,0.957,0.2,1.0,0.5,0.98,0.0,0.5,0.0,0.491,0.721,0.5,0.578,0.0,0.488,0.0,0,0,0.501,0.808,0.0,0.881,0.048,0.501,0.567,0.0,0.524,0.421,0.0,1.0,0.885
0,2023.07.28 08:00:20,XPDUSDm,PULLBACK,SELL,2,1225.15,1228.43,1218.96,1.89,0.455,1227.856,1229.302,1221.59,1,0.031,1.322,-0.4747,1228.3385,1256.6435,1270.528,1218.957,1,0.055,0.4,0,1227.856,0.769,0.793,0,0.0,0.0,1224.6585,0.0,0.0,0,0,0,0.454,-0.5376,-0.0316,0.538,0.568,2,0.623,3,0.826,1224.964,1233.158,0.033,1.405,0.0,2,0.0,0,0.703,1.094,3.0,0.365,0.482,1,1227.856,8,0.754,0.935,0.13,0.161,0.085,0.6,0.877,1230.90777,1234.64313,1254.64675,108.6605,-5.2229,1,1236.5295,0.531,1331.8225,0.28,1236.5295,0.709,1,0.655,1,0,12642,0.751,0.567,0.44,1998.0,2210.2,3.5048,570.1,0.0,1,0,0.535,2893.86,1,0,0.72,2893.86,0,292.719,0.043,0.957,0.2,1.0,0.5,0.99,0.0,0.5,0.0,0.491,0.728,0.5,0.578,0.0,0.488,0.0,0,0,0.505,0.808,0.0,0.881,0.048,0.501,0.567,0.0,0.524,0.421,0.0,1.0,0.885
0,2023.07.28 08:00:20,XPDUSDm,ANCHORED_PULLBACK,SELL,2,1225.15,1226.37,1221.59,2.92,0.524,1227.856,1229.302,1221.59,1,0.031,1.322,-0.4747,1228.3385,1256.6435,1270.528,1218.957,1,0.055,0.4,0,1227.856,0.769,0.793,0,0.0,0.0,1224.6585,0.0,0.0,0,0,0,0.454,-0.5376,-0.0316,0.538,0.568,2,0.623,3,0.826,1224.964,1233.158,0.033,1.405,0.0,2,0.0,0,0.703,1.094,3.0,0.365,0.482,1,1227.856,8,0.754,0.935,0.13,0.161,0.085,0.6,0.877,1230.90777,1234.64313,1254.64675,108.6605,-5.2229,1,1236.5295,0.531,1331.8225,0.28,1236.5295,0.709,1,0.655,1,0,12642,0.751,0.567,0.44,1998.0,2205.9,3.5048,570.1,0.0,1,0,0.535,2893.86,1,0,0.72,2893.86,0,292.719,0.043,0.957,0.2,1.0,0.5,0.98,0.0,0.5,0.0,0.491,0.728,0.5,0.578,0.0,0.488,0.0,0,0,0.505,0.808,0.0,0.881,0.048,0.501,0.567,0.0,0.524,0.421,0.0,1.0,0.885
0,2023.07.28 09:00:40,XPDUSDm,BREAKOUT,SELL,2,1225.6,1228.18,1211.79,5.36,0.338,1227.62375,1228.8305,1224.0035,1,0.16,1.616,-0.3662,1232.8625,1256.6435,1270.528,1218.957,1,0.056,0.3,4,1228.42825,0.722,0.529,0,0.0,0.0,1224.20175,0.0,0.0,0,0,0,0.5,-0.72,-0.1708,0.72,0.737,0,0.658,1,0.517,1224.40575,1233.6575,0.216,1.458,0.0,2,0.0,0,0.738,1.018,3.0,0.339,0.473,1,1227.62375,1,0.7,0.568,0.079,0.216,0.235,0.844,0.931,1230.90777,1234.64313,1254.64675,108.6605,-5.2229,1,1236.5295,0.531,1331.8225,0.28,1236.5295,0.709,1,0.655,1,0,12643,0.751,0.567,0.44,2507.0,2446.1,4.537,552.6,0.0,1,0,0.535,2893.86,1,0,0.72,2893.86,0,301.908,0.043,0.957,0.2,1.0,0.5,0.21,0.0,0.5,0.0,0.404,0.361,0.5,0.488,0.0,0.32,0.0,0,0,0.358,0.812,0.0,0.991,0.067,0.391,0.56,0.0,0.571,0.421,0.0,1.0,0.976
0,2023.07.28 09:18:00,XPDUSDm,MEAN_REVERSION,SELL,2,1227.76,1232.18,1224.0,0.85,0.64,1227.62375,1228.8305,1224.0035,1,0.16,1.616,0.0247,1232.8625,1256.6435,1270.528,1218.957,1,0.052,0.3,4,1228.42825,0.722,0.529,0,0.0,0.0,1224.20175,0.0,0.0,0,0,0,0.5,-0.72,-0.1708,0.72,1.0,0,0.658,1,0.517,1227.62375,1233.6575,0.025,1.067,0.0,2,0.0,0,0.738,0.9,3.0,0.3,0.471,1,1224.0035,5,0.6,0.951,0.0,0.216,0.235,0.934,0.931,1230.90777,1234.64313,1254.64675,108.6605,-5.2229,1,1236.5295,0.531,1331.8225,0.28,1236.5295,0.709,1,0.655,1,0,12643,0.751,0.567,0.44,2354.0,2526.9,4.2601,552.6,0.0,1,0,0.535,2893.86,1,0,0.72,2893.86,0,301.518,0.043,0.957,0.2,1.0,0.5,0.99,0.0,0.5,0.0,0.499,0.69,0.5,0.509,0.0,0.347,0.0,0,0,0.406,0.812,1.0,0.763,0.093,0.428,0.492,0.0,0.573,0.421,0.0,1.0,0.897
0,2023.07.28 09:42:59,XPDUSDm,SWEEP_REVERSAL,SELL,2,1229.03,1234.56,1224.0,0.91,0.187,1227.62375,1228.8305,1224.0035,0,0.16,1.616,0.2545,1232.8625,1256.6435,1270.528,1218.957,1,0.05,0.3,4,1228.42825,0.722,0.529,0,0.0,0.0,1224.20175,0.0,0.0,0,0,0,0.5,-0.72,-0.1708,0.72,0.214,0,0.658,1,0.517,1227.62375,1233.6575,0.254,0.837,0.0,2,0.0,0,0.738,1.254,3.0,0.418,0.512,2,1224.0035,5,0.6,0.491,0.236,0.216,0.235,0.934,0.931,1230.90777,1234.64313,1254.64675,108.6605,-5.2229,1,1236.5295,0.531,1331.8225,0.28,1236.5295,0.709,1,0.655,1,0,12643,0.751,0.567,0.44,2246.0,2283.7,4.0646,552.6,0.0,1,0,0.535,2893.86,1,0,0.72,2893.86,0,301.288,0.043,0.957,0.2,1.0,0.5,0.98,0.0,0.5,0.0,1.0,0.716,0.5,0.551,0.0,0.273,0.0,0,0,0.404,0.834,0.0,1.0,0.067,0.459,0.499,0.0,0.538,0.421,0.0,1.0,1.008
0,2023.07.28 10:00:00,XPDUSDm,TREND_CONTINUATION,SELL,2,1224.82,1231.14,1211.66,2.08,0.365,1227.666,1229.038,1224.726,1,0.392,0.278,-0.5406,1229.1925,1256.6435,1266.561,1218.957,1,0.06,0.55,0,1227.666,0.648,0.479,0,0.0,0.0,1226.71975,0.0,0.0,0,0,0,0.55,-0.58,-0.2472,0.58,0.594,0,0.725,2,0.05,1227.47,1223.158,0.503,0.316,0.0,2,0.4,0,0.805,1.083,3.0,0.361,0.371,1,1227.666,8,0.73,0.0,0.282,0.174,0.14,0.775,0.844,1230.90777,1234.64313,1254.64675,108.6605,-5.2229,1,1236.5295,0.531,1331.8225,0.28,1236.5295,0.709,1,0.655,1,0,12644,0.751,0.567,0.44,2161.0,2266.8,4.105,526.4,0.0,1,0,0.535,2893.86,1,0,0.72,2893.86,-1,317.05,0.043,0.957,0.2,1.0,0.0,0.92,0.0,0.5,0.0,0.594,0.468,0.5,0.495,0.0,0.268,0.0,0,0,0.275,0.704,0.0,1.0,0.1,0.306,0.358,0.0,0.53,0.421,0.0,1.0,0.81
0,2023.07.28 10:00:20,XPDUSDm,PULLBACK,SELL,2,1224.6,1227.25,1218.96,2.13,0.309,1227.666,1229.038,1224.726,0,0.392,0.278,-0.5824,1229.1925,1256.6435,1266.561,1218.957,1,0.061,0.55,0,1227.666,0.648,0.479,0,0.0,0.0,1226.71975,0.0,0.0,0,0,0,0.55,-0.58,-0.2472,0.58,0.637,0,0.725,2,0.05,1227.47,1223.158,0.545,0.274,0.0,2,0.4,0,0.805,1.063,3.0,0.354,0.368,1,1227.666,8,0.73,0.0,0.269,0.174,0.14,0.775,0.844,1230.90777,1234.64313,1254.64675,108.6605,-5.2229,1,1236.5295,0.531,1331.8225,0.28,1236.5295,0.709,1,0.655,1,0,12644,0.751,0.567,0.44,2161.0,2265.6,4.105,526.4,0.0,1,0,0.535,2893.86,1,0,0.72,2893.86,-1,317.091,0.043,0.957,0.2,1.0,0.0,0.91,0.0,0.5,0.0,0.517,0.457,0.5,0.475,0.0,0.263,0.0,0,0,0.273,0.681,0.0,1.0,0.1,0.33,0.276,0.0,0.53,0.421,0.0,1.0,0.885
0,2023.07.28 10:00:20,XPDUSDm,ANCHORED_PULLBACK,SELL,2,1224.6,1228.0,1214.07,3.1,0.33,1227.666,1229.038,1224.726,0,0.392,0.278,-0.5824,1229.1925,1256.6435,1266.561,1218.957,1,0.061,0.55,0,1227.666,0.648,0.479,0,0.0,0.0,1226.71975,0.0,0.0,0,0,0,0.55,-0.58,-0.2472,0.58,0.637,0,0.725,2,0.05,1227.47,1223.158,0.545,0.274,0.0,2,0.4,0,0.805,1.063,3.0,0.354,0.368,1,1227.666,8,0.73,0.0,0.269,0.174,0.14,0.775,0.844,1230.90777,1234.64313,1254.64675,108.6605,-5.2229,1,1236.5295,0.531,1331.8225,0.28,1236.5295,0.709,1,0.655,1,0,12644,0.751,0.567,0.44,2161.0,2264.4,4.105,526.4,0.0,1,0,0.535,2893.86,1,0,0.72,2893.86,-1,317.091,0.043,0.957,0.2,1.0,0.0,0.9,0.0,0.5,0.0,0.517,0.457,0.5,0.475,0.0,0.263,0.0,0,0,0.273,0.681,0.0,1.0,0.1,0.33,0.276,0.0,0.53,0.421,0.0,1.0,0.885
0,2023.07.28 10:01:40,XPDUSDm,BREAKOUT_RETEST,SELL,2,1227.49,1229.07,1224.73,1.75,0.377,1227.666,1229.038,1224.726,1,0.392,0.278,-0.0334,1229.1925,1256.6435,1266.561,1218.957,1,0.055,0.55,0,1227.666,0.648,0.479,0,0.0,0.0,1226.71975,0.0,0.0,0,0,0,0.55,-0.58,-0.2472,0.58,1.0,0,0.725,2,0.05,1227.47,1229.234,0.004,0.331,0.0,2,0.4,0,0.805,0.9,3.0,0.3,0.349,0,1224.726,5,0.6,0.992,0.16,0.174,0.225,0.775,0.836,1230.90777,1234.64313,1254.64675,108.6605,-5.2229,1,1236.5295,0.531,1331.8225,0.28,1236.5295,0.709,1,0.655,1,0,12644,0.751,0.567,0.44,2138.0,2254.9,4.0613,526.4,0.0,1,0,0.535,2893.86,1,0,0.72,2893.86,-1,316.542,0.043,0.957,0.2,1.0,0.0,0.99,0.0,0.5,0.646,0.556,0.493,0.5,0.5,0.0,0.313,0.0,0,0,0.279,0.8,0.0,1.0,0.1,0.365,0.54,0.0,0.556,0.421,0.0,1.0,0.78
0,2023.07.28 11:18:00,XPDUSDm,MEAN_REVERSION,SELL,2,1231.35,1235.75,1227.82,0.8,0.642,1225.007,1228.022,1224.002,0,0.107,0.112,1.1533,1229.87375,1256.6435,1266.561,1218.957,1,0.046,0.5,0,1225.007,0.623,0.908,0,0.0,0.0,1228.61675,0.0,0.0,0,0,0,0.6,-0.79,-0.2944,0.79,0.078,0,0.656,0,0.573,1227.821,1229.228,0.642,0.386,0.0,2,0.15,0,0.736,1.315,3.0,0.438,0.502,2,1227.821,2,0.55,0.0,0.337,0.237,0.252,0.924,0.855,1230.90777,1234.64313,1254.64675,108.6605,-5.2229,1,1236.5295,0.531,1331.8225,0.28,1236.5295,0.709,1,0.655,1,0,12645,0.751,0.567,0.44,1736.0,1488.6,3.1564,550.0,0.0,1,0,0.535,2893.86,1,0,0.72,2893.86,-1,302.275,0.043,0.957,0.2,1.0,0.0,0.0,0.0,0.5,0.0,0.987,0.84,0.5,0.701,0.0,0.372,0.0,0,0,0.563,0.624,0.0,0.984,0.1,0.261,0.573,0.0,0.516,0.421,0.0,1.0,0.947
0,2023.07.28 11:54:00,XPDUSDm,SWEEP_REVERSAL,SELL,2,1229.41,1234.91,1225.01,0.8,0.234,1225.007,1228.022,1224.002,0,0.107,0.112,0.8005,1229.87375,1256.6435,1266.561,1218.957,1,0.05,0.5,0,1225.007,0.623,0.908,0,0.0,0.0,1228.61675,0.0,0.0,0,0,0,0.6,-0.79,-0.2944,0.79,0.078,0,0.656,0,0.573,1227.821,1229.228,0.289,0.033,0.0,2,0.15,0,0.736,1.315,3.0,0.438,0.502,2,1225.007,8,0.725,0.422,0.337,0.237,0.252,0.924,0.855,1230.90777,1234.64313,1254.64675,108.6605,-5.2229,1,1236.5295,0.531,1331.8225,0.28,1236.5295,0.709,1,0.655,1,0,12645,0.751,0.567,0.44,1677.0,1707.5,3.0491,550.0,0.0,1,0,0.535,2893.86,1,0,0.72,2893.86,-1,302.627,0.043,0.957,0.2,1.0,0.0,0.93,0.0,0.5,0.0,0.615,0.44,0.5,0.499,0.0,0.598,0.0,0,0,0.425,0.624,0.0,1.0,0.1,0.298,0.566,0.0,0.518,0.421,0.0,1.0,0.947
0,2023.07.28 12:00:20,XPDUSDm,ANCHORED_PULLBACK,SELL,2,1229.25,1230.4,1227.19,1.79,0.552,1227.67775,1229.8625,1224.522,1,0.291,0.428,0.2912,1229.87375,1228.8745,1266.561,1218.957,1,0.001,0.55,0,1227.67775,0.701,0.461,0,0.0,0.0,1229.615,0.0,0.0,0,0,0,0.975,-0.65,-0.2729,0.65,0.649,0,0.742,0,0.766,1227.19225,1231.56175,0.381,0.428,0.0,2,0.25,0,0.822,1.058,3.0,0.353,0.508,2,1227.19225,2,0.55,0.238,0.205,0.195,0.327,0.964,0.841,1230.90777,1234.64313,1254.64675,108.6985,0.038,2,1236.5295,0.543,1331.8225,0.278,1236.5295,0.724,1,0.67,1,0,12646,0.751,0.567,0.44,1625.0,1679.1,3.0101,539.9,0.0,1,0,0.535,2893.86,1,0,0.72,2893.86,-1,308.343,0.019,0.981,0.2,0.0,0.0,0.97,0.0,0.5,0.0,0.817,0.456,0.5,0.579,0.0,0.625,0.0,0,0,0.45,0.8,0.0,1.0,0.1,0.327,0.46,0.0,0.522,0.421,0.0,1.0,0.987
0,2023.07.28 12:01:40,XPDUSDm,BREAKOUT,SELL,2,1227.93,1230.4,1214.43,5.46,0.419,1227.67775,1229.8625,1224.522,1,0.291,0.428,0.0467,1229.87375,1228.8745,1266.561,1218.957,1,0.002,0.55,0,1227.67775,0.701,0.461,0,0.0,0.0,1229.615,0.0,0.0,0,0,0,0.975,-0.65,-0.2729,0.65,0.661,0,0.742,0,0.766,1227.19225,1231.56175,0.137,0.673,0.0,2,0.25,0,0.822,1.053,3.0,0.351,0.507,2,1229.8625,4,0.6,0.727,0.202,0.195,0.327,0.964,0.841,1230.90777,1234.64313,1254.64675,108.6985,0.038,2,1236.5295,0.543,1331.8225,0.278,1236.5295,0.724,1,0.67,1,0,12646,0.751,0.567,0.44,1623.0,1672.3,3.0064,539.9,0.0,1,0,0.535,2893.86,1,0,0.72,2893.86,-1,308.587,0.019,0.981,0.2,0.0,0.0,0.95,0.0,0.5,0.0,0.783,0.431,0.5,0.579,0.0,0.672,0.0,0,0,0.484,0.8,0.0,1.0,0.1,0.327,0.455,0.0,0.546,0.421,0.0,1.0,0.915
0,2023.07.28 12:01:59,XPDUSDm,BREAKOUT_RETEST,SELL,2,1228.24,1230.4,1221.85,2.95,0.601,1227.67775,1229.8625,1224.522,1,0.291,0.428,0.1041,1229.87375,1228.8745,1266.561,1218.957,1,0.001,0.55,0,1227.67775,0.701,0.461,0,0.0,0.0,1229.615,0.0,0.0,0,0,0,0.975,-0.65,-0.2729,0.65,0.661,0,0.742,0,0.766,1227.19225,1231.56175,0.194,0.615,0.0,2,0.25,0,0.822,1.053,3.0,0.351,0.507,2,1229.8625,4,0.6,0.612,0.202,0.195,0.327,0.964,0.841,1230.90777,1234.64313,1254.64675,108.6985,0.038,2,1236.5295,0.543,1331.8225,0.278,1236.5295,0.724,1,0.67,1,0,12646,0.751,0.567,0.44,1623.0,1671.5,3.0064,539.9,0.0,1,0,0.535,2893.86,1,0,0.72,2893.86,-1,308.53,0.019,0.981,0.2,0.0,0.0,0.95,0.0,0.5,0.0,0.68,0.418,0.5,0.579,0.0,0.672,0.0,0,0,0.492,0.8,0.0,1.0,0.1,0.327,0.455,0.0,0.546,0.421,0.0,1.0,0.915
0,2023.07.28 12:02:00,XPDUSDm,PULLBACK,SELL,2,1228.04,1236.14,1218.96,1.12,0.628,1227.67775,1229.8625,1224.522,1,0.291,0.428,0.0671,1229.87375,1228.8745,1266.561,1218.957,1,0.002,0.55,0,1227.67775,0.701,0.461,0,0.0,0.0,1229.615,0.0,0.0,0,0,0,0.975,-0.65,-0.2729,0.65,0.661,0,0.742,0,0.766,1227.19225,1231.56175,0.157,0.652,0.0,2,0.25,0,0.822,1.053,3.0,0.351,0.507,2,1229.8625,4,0.6,0.686,0.202,0.195,0.327,0.964,0.841,1230.90777,1234.64313,1254.64675,108.6985,0.038,2,1236.5295,0.543,1331.8225,0.278,1236.5295,0.724,1,0.67,1,0,12646,0.751,0.567,0.44,1630.0,1670.8,3.0193,539.9,0.0,1,0,0.535,2893.86,1,0,0.72,2893.86,-1,308.567,0.019,0.981,0.2,0.0,0.0,0.87,0.0,0.5,0.0,0.783,0.455,0.5,0.579,0.0,0.672,0.0,0,0,0.469,0.8,0.0,1.0,0.1,0.327,0.455,0.0,0.546,0.421,0.0,1.0,0.915
0,2023.07.28 12:02:00,XPDUSDm,TREND_CONTINUATION,SELL,2,1228.04,1234.52,1214.54,2.08,0.562,1227.67775,1229.8625,1224.522,1,0.291,0.428,0.0671,1229.87375,1228.8745,1266.561,1218.957,1,0.002,0.55,0,1227.67775,0.701,0.461,0,0.0,0.0,1229.615,0.0,0.0,0,0,0,0.975,-0.65,-0.2729,0.65,0.661,0,0.742,0,0.766,1227.19225,1231.56175,0.157,0.652,0.0,2,0.25,0,0.822,1.053,3.0,0.351,0.507,2,1229.8625,4,0.6,0.686,0.202,0.195,0.327,0.964,0.841,1230.90777,1234.64313,1254.64675,108.6985,0.038,2,1236.5295,0.543,1331.8225,0.278,1236.5295,0.724,1,0.67,1,0,12646,0.751,0.567,0.44,1630.0,1670.0,3.0193,539.9,0.0,1,0,0.535,2893.86,1,0,0.72,2893.86,-1,308.567,0.019,0.981,0.2,0.0,0.0,0.86,0.0,0.5,0.0,0.783,0.455,0.5,0.579,0.0,0.672,0.0,0,0,0.469,0.8,0.0,1.0,0.1,0.327,0.455,0.0,0.546,0.421,0.0,1.0,0.915
0,2023.07.28 13:59:40,XPDUSDm,SWEEP_REVERSAL,SELL,4,1237.11,1243.97,1227.24,1.44,0.285,1227.2395,1230.847,1220.746,0,1.342,0.08,1.4393,1229.46125,1228.4275,1267.06,1221.61,1,0.013,0.35,2,1227.2395,0.627,0.308,0,0.0,0.0,1215.229,0.0,0.0,0,0,-1,1.0,-0.685,-0.1734,0.685,0.191,0,0.669,2,0.469,1227.961,1218.5815,1.334,2.702,0.0,2,0.4,0,0.749,1.264,3.0,0.421,0.431,1,1227.2395,8,0.725,0.0,0.403,0.206,0.227,0.783,0.963,1230.90777,1234.64313,1254.64675,108.6985,0.038,2,1236.5295,0.543,1331.8225,0.278,1236.5295,0.724,1,0.67,1,0,12647,0.751,0.567,0.44,4069.0,4222.7,5.9333,685.8,0.0,1,0,0.535,2893.86,1,0,0.72,2893.86,-1,241.584,0.019,0.981,0.2,0.0,0.0,0.75,0.0,0.5,0.622,0.476,0.764,0.5,0.422,0.0,0.587,0.0,0,0,0.52,0.294,1.0,0.787,0.1,0.532,0.726,0.0,0.513,0.421,0.0,1.0,0.882
0,2023.07.28 15:18:00,XPDUSDm,MEAN_REVERSION,SELL,4,1244.2,1250.47,1229.58,2.33,0.585,1229.58025,1233.316,1203.43,0,0.079,1.115,1.5209,1229.58025,1251.1525,1267.06,1221.61,1,0.007,0.6,0,1229.58025,0.647,0.243,0,0.0,0.0,1248.41125,0.0,0.0,0,0,0,0.246,0.3992,0.0143,0.399,0.112,2,0.483,3,0.418,1248.259,1244.52325,0.422,0.034,0.0,2,0.0,0,0.563,1.3,3.0,0.433,0.425,1,1248.259,2,0.55,0.156,0.266,0.12,0.087,0.646,0.891,1230.90777,1234.64313,1254.64675,108.6985,0.038,2,1236.5295,0.543,1331.8225,0.278,1236.5295,0.724,1,0.67,1,0,12649,0.751,0.567,0.44,2456.0,2465.7,2.5549,961.3,0.0,1,0,0.535,2893.86,1,0,0.72,2893.86,-1,171.61,0.019,0.981,0.2,0.0,0.0,0.57,0.0,0.5,0.0,0.829,0.265,0.5,0.549,0.0,0.403,0.0,0,0,0.467,0.661,0.0,1.0,0.1,0.775,0.739,0.0,0.486,0.421,0.0,1.0,0.81
0,2023.07.28 15:59:40,XPDUSDm,SWEEP_REVERSAL,SELL,4,1243.06,1250.47,1229.58,1.82,0.128,1229.58025,1233.316,1203.43,0,0.079,1.115,1.4023,1229.58025,1251.1525,1267.06,1221.61,1,0.008,0.6,0,1229.58025,0.647,0.243,0,0.0,0.0,1248.41125,0.0,0.0,0,0,0,0.246,0.3992,0.0143,0.399,0.134,2,0.483,3,0.418,1248.259,1244.52325,0.541,0.152,0.0,2,0.0,0,0.563,1.29,3.0,0.43,0.424,1,1248.259,2,0.55,0.0,0.26,0.12,0.087,0.646,0.891,1230.90777,1234.64313,1254.64675,108.6985,0.038,2,1236.5295,0.543,1331.8225,0.278,1236.5295,0.724,1,0.67,1,0,12649,0.751,0.567,0.44,2446.0,2430.7,2.5445,961.3,0.0,1,0,0.535,2893.86,1,0,0.72,2893.86,-1,171.728,0.019,0.981,0.2,0.0,0.0,0.46,0.0,0.5,0.0,0.872,0.578,0.5,0.518,0.0,0.216,0.0,0,0,0.289,0.559,0.0,0.666,0.1,0.775,0.735,0.0,0.486,0.421,0.0,1.0,0.81
0,2023.07.30 22:29:20,XPDUSDm,NAKED_POC,SELL,1,1238.64,1252.18,1223.59,1.11,0.754,1236.06125,1236.89,1233.575,0,0.257,0.184,0.2571,1229.58025,1230.44075,1257.4515,1224.2075,1,0.008,0.3,4,1236.06125,0.745,0.517,0,0.0,0.0,0.0,1235.79425,0.284,0,0,0,1.0,0.895,0.0874,0.895,0.126,0,0.668,0,0.396,1235.2325,1240.7575,0.34,0.211,0.0,2,0.15,0,0.748,0.146,0.34,0.431,0.329,0,1235.2325,2,0.55,0.321,0.322,0.269,0.374,0.783,0.951,1234.36375,1232.25388,1273.19375,249.1342,33.7587,2,1234.36375,0.575,1325.99163,0.31,1234.36375,0.767,-1,0.745,1,0,12655,0.755,0.557,0.444,2127.0,2042.5,2.1203,1003.1,0.0,1,0,0.535,2893.86,1,0,0.72,2893.86,0,165.003,0.031,0.969,0.2,0.0,0.5,0.0,0.0,0.5,0.0,1.0,0.632,0.5,0.567,0.0,0.292,0.0,0,0,0.366,0.645,0.0,1.0,0.22,0.342,0.542,0.0,0.496,0.41,0.0,1.0,0.779
0,2023.07.31 00:48:30,XPDUSDm,NAKED_POC,SELL,1,1238.43,1251.32,1224.11,1.11,0.713,1235.77875,1237.3275,1233.345,0,0.212,0.205,0.2777,1229.58025,1229.73875,1260.095,1227.715,1,0.009,0.45,0,1235.77875,0.674,0.747,0,0.0,0.0,0.0,1235.79425,0.257,0,0,0,0.848,0.7301,0.0206,0.73,0.346,0,0.764,1,0.026,1235.5575,1240.64625,0.301,0.232,0.0,2,0.15,0,0.844,0.12,0.301,0.398,0.291,0,1235.5575,2,0.55,0.398,0.256,0.219,0.145,0.685,0.947,1233.34217,1232.25388,1273.19375,254.4317,5.2974,2,1233.34217,0.577,1535.72991,0.297,1233.34217,0.769,-1,0.768,1,0,12657,0.755,0.557,0.444,2341.0,2393.4,2.452,954.7,0.0,1,0,0.535,2893.86,1,0,0.72,2893.86,-1,173.395,0.032,0.968,0.2,0.0,0.0,0.99,0.0,0.5,0.0,0.924,0.737,0.5,0.731,0.0,0.229,0.0,0,0,0.453,0.753,0.0,1.0,0.271,0.17,0.551,0.0,0.475,0.41,0.0,1.0,0.742
0,2023.07.31 02:43:00,XPDUSDm,BREAKOUT,SELL,1,1234.52,1248.01,1212.04,1.67,0.365,1235.95475,1238.546,1235.4365,0,0.004,0.457,-0.1596,1229.58025,1229.73875,1260.095,1227.715,1,0.005,0.45,0,1235.95475,0.635,0.723,0,0.0,0.0,0.0,1235.79425,0.022,0,0,0,0.5,-0.72,-0.052,0.72,0.186,0,0.661,0,0.601,1235.95475,1234.91825,0.16,0.044,0.0,2,0.0,0,0.741,0.633,1.5,0.422,0.459,1,1238.546,4,0.6,0.681,0.244,0.216,0.213,1.0,0.813,1233.34217,1232.25388,1273.19375,254.4317,5.2974,2,1233.34217,0.577,1535.72991,0.297,1233.34217,0.769,-1,0.768,1,0,12659,0.755,0.557,0.444,2279.0,2316.7,2.5348,899.1,0.0,1,0,0.535,2893.86,1,0,0.72,2893.86,-1,184.562,0.032,0.968,0.2,0.0,0.0,0.99,0.0,0.5,0.0,1.0,0.638,0.5,0.59,0.0,0.257,0.0,0,0,0.363,0.8,0.0,1.0,0.27,0.171,0.443,0.0,0.482,0.41,0.0,1.0,0.969
0,2023.07.31 02:43:30,XPDUSDm,TREND_CONTINUATION,SELL,1,1234.74,1245.53,1212.26,2.08,0.388,1235.95475,1238.546,1235.4365,0,0.004,0.457,-0.1351,1229.58025,1229.73875,1260.095,1227.715,1,0.006,0.45,0,1235.95475,0.635,0.723,0,0.0,0.0,0.0,1235.79425,0.022,0,0,0,0.5,-0.72,-0.052,0.72,0.186,0,0.661,0,0.601,1235.95475,1234.91825,0.135,0.02,0.0,2,0.0,0,0.741,0.633,1.5,0.422,0.459,1,1238.546,4,0.6,0.73,0.244,0.216,0.213,1.0,0.813,1233.34217,1232.25388,1273.19375,254.4317,5.2974,2,1233.34217,0.577,1535.72991,0.297,1233.34217,0.769,-1,0.768,1,0,12659,0.755,0.557,0.444,2279.0,2314.6,2.5348,899.1,0.0,1,0,0.535,2893.86,1,0,0.72,2893.86,-1,184.537,0.032,0.968,0.2,0.0,0.0,0.99,0.0,0.5,0.0,1.0,0.667,0.5,0.59,0.0,0.283,0.0,0,0,0.39,0.8,0.0,1.0,0.27,0.171,0.445,0.0,0.484,0.41,0.0,1.0,0.969
0,2023.07.31 04:00:30,XPDUSDm,PULLBACK,SELL,1,1233.24,1237.51,1227.72,1.29,0.168,1237.7475,1241.31,1234.66,0,0.498,0.099,-0.631,1229.58025,1229.73875,1260.095,1227.715,1,0.005,0.7,0,1237.7475,0.647,0.334,0,0.0,0.0,0.0,0.0,0.0,0,0,0,0.168,0.0,-0.0078,0.347,0.563,0,0.905,0,0.44,1233.4725,1233.9475,0.033,0.099,0.0,2,0.15,0,0.985,1.097,3.0,0.366,0.47,1,1237.7475,8,0.729,0.935,0.191,0.0,0.237,0.506,0.9,1237.21342,1232.25388,1273.19375,273.4142,18.9825,2,1237.21342,0.604,1533.57921,0.341,1237.21342,0.806,1,0.78,1,0,12661,0.758,0.561,0.442,2138.0,2179.3,2.9929,714.4,0.0,1,0,0.535,2893.86,1,0,0.72,2893.86,-1,232.464,0.029,0.971,0.1,0.0,0.0,0.98,0.0,0.5,0.0,0.792,0.589,0.5,0.679,0.0,0.302,0.0,0,0,0.378,0.741,0.0,0.702,0.228,0.326,0.329,0.0,0.486,0.41,0.0,1.0,0.817
0,2023.07.31 04:43:00,XPDUSDm,BREAKOUT,SELL,1,1234.29,1237.51,1216.43,5.54,0.267,1237.7475,1241.31,1234.66,0,0.498,0.099,-0.484,1229.58025,1229.73875,1260.095,1227.715,1,0.006,0.7,0,1237.7475,0.647,0.334,0,0.0,0.0,0.0,0.0,0.0,0,0,0,0.168,0.0,-0.0078,0.347,0.662,0,0.905,0,0.44,1233.4725,1233.9475,0.114,0.048,0.0,2,0.15,0,0.985,1.052,3.0,0.351,0.465,1,1237.7475,8,0.729,0.771,0.161,0.0,0.237,0.506,0.9,1237.21342,1232.25388,1273.19375,273.4142,18.9825,2,1237.21342,0.604,1533.57921,0.341,1237.21342,0.806,1,0.78,1,0,12661,0.758,0.561,0.442,2269.0,2194.5,3.1763,714.4,0.0,1,0,0.535,2893.86,1,0,0.72,2893.86,-1,232.317,0.029,0.971,0.1,0.0,0.0,0.5,0.0,0.5,0.0,0.325,0.643,0.5,0.638,0.0,0.721,0.0,0,0,0.565,0.723,0.0,0.842,0.193,0.189,0.41,0.0,0.506,0.41,0.0,1.0,0.863
0,2023.07.31 04:43:30,XPDUSDm,TREND_CONTINUATION,SELL,1,1234.31,1242.88,1216.45,2.08,0.198,1237.7475,1241.31,1234.66,0,0.498,0.099,-0.4812,1229.58025,1229.73875,1260.095,1227.715,1,0.006,0.7,0,1237.7475,0.647,0.334,0,0.0,0.0,0.0,0.0,0.0,0,0,0,0.168,0.0,-0.0078,0.347,0.662,0,0.905,0,0.44,1233.4725,1233.9475,0.117,0.051,0.0,2,0.15,0,0.985,1.052,3.0,0.351,0.465,1,1237.7475,8,0.729,0.766,0.161,0.0,0.237,0.506,0.9,1237.21342,1232.25388,1273.19375,273.4142,18.9825,2,1237.21342,0.604,1533.57921,0.341,1237.21342,0.806,1,0.78,1,0,12661,0.758,0.561,0.442,2269.0,2198.4,3.1763,714.4,0.0,1,0,0.535,2893.86,1,0,0.72,2893.86,-1,232.314,0.029,0.971,0.1,0.0,0.0,0.52,0.0,0.5,0.0,0.325,0.655,0.5,0.638,0.0,0.721,0.0,0,0,0.573,0.723,0.0,0.842,0.193,0.189,0.41,0.0,0.506,0.41,0.0,1.0,0.863
0,2023.07.31 05:00:00,XPDUSDm,BREAKOUT_RETEST,SELL,1,1233.83,1237.84,1228.45,1.34,0.428,1233.28225,1237.277,1231.39,1,0.023,0.277,0.0975,1229.58025,1229.73875,1260.095,1227.715,1,0.007,0.7,0,1237.06675,0.747,0.455,0,0.0,0.0,0.0,0.0,0.0,0,0,0,0.576,-0.6188,-0.0417,0.619,0.813,0,0.7,3,0.579,1233.4925,1235.595,0.06,0.314,0.0,2,0.15,0,0.78,0.984,3.0,0.328,0.473,1,1237.06675,8,0.749,0.88,0.116,0.186,0.149,0.906,0.953,1237.21342,1232.25388,1273.19375,273.4142,18.9825,2,1237.21342,0.604,1533.57921,0.341,1237.21342,0.806,1,0.78,1,0,12662,0.758,0.561,0.442,2184.0,2255.6,3.8876,561.8,0.0,1,0,0.535,2893.86,1,0,0.72,2893.86,-1,295.492,0.029,0.971,0.1,0.0,0.0,0.98,0.0,0.5,0.0,0.276,0.576,0.5,0.724,0.0,0.758,0.0,0,0,0.566,0.68,0.0,0.484,0.1,0.195,0.474,0.0,0.53,0.41,0.0,1.0,0.787
0,2023.07.31 06:00:40,XPDUSDm,PULLBACK,SELL,1,1231.11,1233.63,1227.72,1.35,0.558,1233.1915,1235.347,1230.078,1,0.132,0.303,-0.473,1229.58025,1229.73875,1260.095,1227.715,1,0.003,0.55,0,1229.8385,0.641,0.44,0,0.0,0.0,0.0,0.0,0.0,0,0,0,0.75,-0.72,-0.0832,0.72,0.471,0,0.711,0,0.572,1230.3175,1232.2335,0.18,0.255,0.0,2,0.0,0,0.791,1.138,3.0,0.379,0.473,1,1233.1915,1,0.7,0.64,0.159,0.216,0.211,0.565,0.82,1237.21342,1232.25388,1273.19375,273.4142,18.9825,2,1237.21342,0.604,1533.57921,0.341,1237.21342,0.806,1,0.78,1,0,12663,0.758,0.561,0.442,2004.0,2227.2,4.5538,440.1,0.0,1,0,0.535,2893.86,1,0,0.72,2893.86,-1,377.836,0.029,0.971,0.1,0.0,0.0,0.99,0.0,0.5,0.0,0.619,0.868,0.5,0.894,0.0,0.603,0.0,0,0,0.73,0.812,0.0,0.484,0.1,0.439,0.458,0.0,0.524,0.41,0.0,1.0,0.875
0,2023.07.31 06:53:30,XPDUSDm,TREND_CONTINUATION,SELL,1,1238.66,1243.94,1233.19,1.04,0.49,1233.1915,1235.347,1230.078,0,0.132,0.303,1.2426,1229.58025,1229.73875,1260.095,1227.715,1,0.02,0.55,0,1229.8385,0.641,0.44,0,0.0,0.0,0.0,0.0,0.0,0,0,0,0.75,-0.72,-0.0832,0.72,0.155,0,0.711,0,0.572,1234.6285,1237.9815,0.916,0.154,0.0,2,0.0,0,0.791,1.28,3.0,0.427,0.507,2,1233.1915,1,0.7,0.0,0.254,0.216,0.211,0.706,0.84,1237.21342,1232.25388,1273.19375,273.4142,18.9825,2,1237.21342,0.604,1533.57921,0.341,1237.21342,0.806,1,0.78,1,0,12663,0.758,0.561,0.442,1597.0,1613.9,3.629,440.1,0.0,1,0,0.535,2893.86,1,0,0.72,2893.86,-1,376.121,0.029,0.971,0.1,0.0,0.0,0.67,0.0,0.5,0.0,0.765,0.662,0.5,0.886,0.0,0.669,0.0,0,0,0.631,0.676,0.0,0.44,0.1,0.536,0.724,0.0,0.518,0.41,0.0,1.0,0.956
0,2023.07.31 06:53:30,XPDUSDm,SWEEP_REVERSAL,SELL,1,1238.66,1243.06,1233.19,1.24,0.179,1233.1915,1235.347,1230.078,0,0.132,0.303,1.2426,1229.58025,1229.73875,1260.095,1227.715,1,0.02,0.55,0,1229.8385,0.641,0.44,0,0.0,0.0,0.0,0.0,0.0,0,0,0,0.75,-0.72,-0.0832,0.72,0.155,0,0.711,0,0.572,1234.6285,1237.9815,0.916,0.154,0.0,2,0.0,0,0.791,1.28,3.0,0.427,0.507,2,1233.1915,1,0.7,0.0,0.254,0.216,0.211,0.706,0.84,1237.21342,1232.25388,1273.19375,273.4142,18.9825,2,1237.21342,0.604,1533.57921,0.341,1237.21342,0.806,1,0.78,1,0,12663,0.758,0.561,0.442,1597.0,1613.1,3.629,440.1,0.0,1,0,0.535,2893.86,1,0,0.72,2893.86,-1,376.121,0.029,0.971,0.1,0.0,0.0,0.66,0.0,0.5,0.0,0.765,0.662,0.5,0.886,0.0,0.669,0.0,0,0,0.631,0.676,0.0,0.44,0.1,0.536,0.724,0.0,0.518,0.41,0.0,1.0,0.956
0,2023.07.31 07:00:40,XPDUSDm,BREAKOUT,SELL,1,1233.72,1236.24,1222.76,4.36,0.361,1233.1745,1235.798,1229.597,1,0.179,0.148,0.1244,1229.58025,1229.73875,1260.095,1227.715,1,0.009,0.65,0,1236.5135,0.783,0.545,0,0.0,0.0,0.0,0.0,0.0,0,0,0,0.825,-0.58,-0.0642,0.58,0.77,0,0.728,0,0.661,1233.413,1235.0825,0.07,0.311,0.0,2,0.4,0,0.808,1.004,3.0,0.335,0.455,1,1236.5135,8,0.757,0.86,0.229,0.174,0.369,0.903,0.706,1237.21342,1232.25388,1273.19375,273.4142,18.9825,2,1237.21342,0.604,1533.57921,0.341,1237.21342,0.806,1,0.78,1,0,12664,0.758,0.561,0.442,1841.0,1640.1,4.1991,438.4,0.0,1,0,0.535,2893.86,1,0,0.72,2893.86,-1,378.657,0.029,0.971,0.1,0.0,0.0,0.0,0.0,0.5,0.612,0.375,0.36,0.5,0.611,0.0,0.685,0.0,0,0,0.542,0.662,0.0,0.508,0.1,0.574,0.502,0.0,0.568,0.41,0.0,1.0,0.842
0,2023.07.31 07:00:59,XPDUSDm,BREAKOUT_RETEST,SELL,1,1234.03,1236.24,1226.5,3.41,0.521,1233.1745,1235.798,1229.597,1,0.179,0.148,0.1951,1229.58025,1229.73875,1260.095,1227.715,1,0.01,0.65,0,1236.5135,0.783,0.545,0,0.0,0.0,0.0,0.0,0.0,0,0,0,0.825,-0.58,-0.0642,0.58,0.357,0,0.728,0,0.661,1234.6055,1235.0825,0.131,0.24,0.0,2,0.4,0,0.808,1.189,3.0,0.396,0.461,1,1236.5135,8,0.757,0.737,0.353,0.174,0.369,0.784,0.706,1237.21342,1232.25388,1273.19375,273.4142,18.9825,2,1237.21342,0.604,1533.57921,0.341,1237.21342,0.806,1,0.78,1,0,12664,0.758,0.561,0.442,1841.0,1642.3,4.1991,438.4,0.0,1,0,0.535,2893.86,1,0,0.72,2893.86,-1,378.586,0.029,0.971,0.1,0.0,0.0,0.01,0.0,0.5,0.576,0.441,0.346,0.5,0.55,0.0,0.588,0.0,0,0,0.493,0.582,0.0,0.705,0.1,0.574,0.509,0.0,0.536,0.41,0.0,1.0,0.875
0,2023.07.31 08:00:30,XPDUSDm,ANCHORED_PULLBACK,SELL,2,1236.07,1238.38,1232.68,1.47,0.414,1235.978,1238.264,1232.676,1,0.024,0.291,0.0242,1237.05175,1229.73875,1260.095,1227.715,1,0.017,0.55,0,1235.978,0.72,0.367,0,0.0,0.0,1237.2325,0.0,0.0,0,0,0,0.9,-0.79,-0.0584,0.79,0.902,2,0.374,3,0.406,1235.978,1234.962,0.024,0.291,-0.161,1,0.45,5,1.0,0.644,3.0,0.215,0.417,1,1238.264,4,0.6,0.952,0.509,0.237,0.558,0.87,0.837,1235.28144,1232.25388,1233.32875,7.3288,-266.0854,1,1235.28144,0.63,1536.28398,0.354,1235.28144,0.84,-1,0.88,1,0,12665,0.758,0.561,0.442,1765.0,1818.6,4.6343,380.9,0.0,1,0,0.535,2893.86,1,0,0.72,2893.86,0,435.279,0.502,0.498,0.3,1.0,0.5,0.77,0.0,0.5,0.0,0.872,0.528,0.5,0.531,0.0,0.756,0.0,0,0,0.479,0.577,0.0,0.488,0.1,0.566,0.462,0.0,0.509,0.41,0.0,1.0,0.636
0,2023.07.31 08:02:30,XPDUSDm,PULLBACK,SELL,2,1235.94,1241.65,1227.72,1.44,0.6,1235.978,1238.264,1232.676,1,0.024,0.291,-0.01,1237.05175,1229.73875,1260.095,1227.715,1,0.016,0.55,0,1235.978,0.72,0.367,0,0.0,0.0,1237.2325,0.0,0.0,0,0,0,0.9,-0.79,-0.0584,0.79,0.902,0,0.674,3,0.406,1235.978,1234.962,0.01,0.257,0.0,2,0.15,0,0.754,0.944,3.0,0.315,0.436,1,1238.264,4,0.6,0.98,0.089,0.237,0.153,0.87,0.837,1235.28144,1232.25388,1233.32875,7.3288,-266.0854,1,1235.28144,0.63,1536.28398,0.354,1235.28144,0.84,-1,0.88,1,0,12665,0.758,0.561,0.442,1763.0,1812.3,4.629,380.9,0.0,1,0,0.535,2893.86,1,0,0.72,2893.86,0,435.313,0.502,0.498,0.3,1.0,0.5,0.79,0.0,0.5,0.0,0.947,0.51,0.5,0.531,0.0,0.767,0.0,0,0,0.472,0.8,0.0,0.719,0.1,0.482,0.46,0.0,0.558,0.41,0.0,1.0,0.842
0,2023.07.31 08:53:59,XPDUSDm,TREND_CONTINUATION,SELL,2,1235.51,1240.08,1225.99,2.08,0.532,1235.978,1238.264,1232.676,1,0.024,0.291,-0.1229,1237.05175,1229.73875,1260.095,1227.715,1,0.015,0.55,0,1235.978,0.72,0.367,0,0.0,0.0,1237.2325,0.0,0.0,0,0,0,0.9,-0.79,-0.0584,0.79,0.671,0,0.674,3,0.406,1235.978,1234.962,0.123,0.144,0.0,2,0.15,0,0.754,1.048,3.0,0.349,0.448,1,1238.264,4,0.6,0.754,0.159,0.237,0.153,0.87,0.837,1235.28144,1232.25388,1233.32875,7.3288,-266.0854,1,1235.28144,0.63,1536.28398,0.354,1235.28144,0.84,-1,0.88,1,0,12665,0.758,0.561,0.442,1259.0,1459.5,3.3057,380.9,0.0,1,0,0.535,2893.86,1,0,0.72,2893.86,0,435.426,0.502,0.498,0.3,1.0,0.5,0.95,0.0,0.5,0.0,0.461,0.771,0.5,0.795,0.0,0.327,0.0,0,0,0.532,0.8,0.0,0.919,0.1,0.552,0.492,0.0,0.558,0.41,0.0,1.0,0.842
0,2023.07.31 09:00:59,XPDUSDm,BREAKOUT_RETEST,SELL,2,1234.88,1236.0,1233.69,1.06,0.446,1235.978,1237.756,1233.692,1,0.161,0.792,-0.2943,1237.05175,1233.78625,1260.095,1227.715,1,0.003,0.4,0,1235.978,0.761,0.769,0,0.0,0.0,1235.93125,0.0,0.0,0,0,0,0.609,-0.7841,-0.0449,0.784,0.406,0,0.721,3,0.319,1233.946,1232.168,0.25,0.727,0.0,2,0.0,0,0.801,1.167,3.0,0.389,0.44,1,1233.692,5,0.6,0.499,0.178,0.235,0.101,0.507,0.836,1235.28144,1232.25388,1233.32875,7.3288,-266.0854,1,1235.28144,0.63,1536.28398,0.354,1235.28144,0.84,-1,0.88,1,0,12666,0.758,0.561,0.442,1333.0,1315.4,3.5724,373.1,0.0,1,0,0.535,2893.86,1,0,0.72,2893.86,0,444.596,0.502,0.498,0.3,1.0,0.5,0.3,0.0,0.5,0.0,0.38,0.782,0.5,0.52,0.0,0.315,0.0,0,0,0.451,0.813,0.0,0.88,0.067,0.499,0.46,0.0,0.547,0.41,0.0,1.0,0.956
0,2023.07.31 09:01:40,XPDUSDm,BREAKOUT,SELL,2,1236.54,1238.13,1231.91,2.91,0.3,1235.978,1237.756,1233.692,1,0.161,0.792,0.1506,1237.05175,1233.78625,1260.095,1227.715,1,0.007,0.4,0,1235.978,0.761,0.769,0,0.0,0.0,1235.93125,0.0,0.0,0,0,0,0.609,-0.7841,-0.0449,0.784,0.577,0,0.721,3,0.319,1235.978,1238.772,0.151,0.598,0.0,2,0.0,0,0.801,1.091,3.0,0.364,0.468,1,1237.756,4,0.6,0.699,0.127,0.235,0.101,0.804,0.936,1235.28144,1232.25388,1233.32875,7.3288,-266.0854,1,1235.28144,0.63,1536.28398,0.354,1235.28144,0.84,-1,0.88,1,0,12666,0.758,0.561,0.442,1329.0,1308.7,3.5616,373.1,0.0,1,0,0.535,2893.86,1,0,0.72,2893.86,0,444.152,0.502,0.498,0.3,1.0,0.5,0.31,0.0,0.5,0.0,0.38,0.772,0.5,0.52,0.0,0.315,0.0,0,0,0.446,0.813,0.0,0.66,0.093,0.499,0.544,0.0,0.54,0.41,0.0,1.0,0.956
0,2023.07.31 10:02:30,XPDUSDm,PULLBACK,SELL,2,1236.14,1241.86,1227.72,1.47,0.489,1236.00725,1237.7695,1233.7415,1,0.066,0.594,0.0348,1237.05175,1233.78625,1260.095,1227.715,1,0.006,0.4,0,1236.00725,0.661,0.566,0,0.0,0.0,1233.5125,0.0,0.0,0,0,0,0.551,-0.7108,-0.0314,0.711,1.0,0,0.739,2,0.27,1235.7555,1238.7765,0.101,0.691,0.0,2,0.0,0,0.819,0.9,3.0,0.3,0.437,1,1237.7695,4,0.6,0.798,0.0,0.213,0.101,0.751,0.944,1235.28144,1232.25388,1233.32875,7.3288,-266.0854,1,1235.28144,0.63,1536.28398,0.354,1235.28144,0.84,-1,0.88,1,0,12667,0.758,0.561,0.442,2044.0,1885.9,5.3598,381.4,0.0,1,0,0.535,2893.86,1,0,0.72,2893.86,0,434.69,0.502,0.498,0.3,1.0,0.5,0.17,0.0,0.5,0.0,0.515,0.662,0.5,0.44,0.0,0.667,0.0,0,0,0.496,0.811,0.0,0.673,0.093,0.391,0.499,0.0,0.582,0.41,0.0,1.0,0.863
0,2023.07.31 10:18:00,XPDUSDm,MEAN_REVERSION,SELL,2,1236.82,1238.15,1233.74,2.31,0.672,1236.00725,1237.7695,1233.7415,1,0.066,0.594,0.2131,1237.05175,1233.78625,1260.095,1227.715,1,0.008,0.4,0,1236.00725,0.661,0.566,0,0.0,0.0,1233.5125,0.0,0.0,0,0,0,0.551,-0.7108,-0.0314,0.711,0.392,0,0.739,2,0.27,1235.7555,1238.7765,0.279,0.513,0.0,2,0.0,0,0.819,1.174,3.0,0.391,0.469,1,1233.7415,5,0.6,0.442,0.182,0.213,0.101,0.751,0.944,1235.28144,1232.25388,1233.32875,7.3288,-266.0854,1,1235.28144,0.63,1536.28398,0.354,1235.28144,0.84,-1,0.88,1,0,12667,0.758,0.561,0.442,2024.0,2031.1,5.3074,381.4,0.0,1,0,0.535,2893.86,1,0,0.72,2893.86,0,434.511,0.502,0.498,0.3,1.0,0.5,0.74,0.0,0.5,0.0,0.912,0.663,0.5,0.545,0.0,0.495,0.0,0,0,0.459,0.811,0.0,0.748,0.067,0.391,0.52,0.0,0.547,0.41,0.0,1.0,0.893
0,2023.07.31 11:25:00,XPDUSDm,SWEEP_REVERSAL,SELL,2,1241.7,1245.62,1235.53,1.58,0.355,1235.857,1237.976,1234.716,0,0.608,0.058,1.4922,1237.05175,1235.611,1256.434,1226.146,1,0.016,0.5,0,1235.531,0.763,0.76,0,0.0,0.0,1237.27125,0.0,0.0,0,0,0,0.298,0.2586,0.0186,0.259,0.085,0,0.804,0,0.871,1236.02,1238.791,1.451,0.743,0.0,2,0.4,0,0.884,1.312,3.0,0.437,0.524,2,1235.531,8,0.753,0.0,0.434,0.078,0.415,0.806,0.847,1235.28144,1232.25388,1233.32875,7.3288,-266.0854,1,1235.28144,0.63,1536.28398,0.354,1235.28144,0.84,-1,0.88,1,0,12668,0.758,0.561,0.442,2324.0,2161.7,5.9351,391.6,0.0,1,0,0.535,2893.86,1,0,0.72,2893.86,0,421.931,0.502,0.498,0.3,1.0,0.5,0.23,0.0,0.5,0.0,1.0,0.553,0.5,0.473,0.0,0.39,0.0,0,0,0.329,0.516,0.0,0.48,0.1,0.374,0.778,0.0,0.557,0.41,0.0,1.0,0.757
0,2023.07.31 12:18:40,XPDUSDm,MEAN_REVERSION,SELL,2,1247.1,1250.52,1235.54,3.38,0.648,1235.5355,1239.104,1233.553,0,2.448,1.149,2.707,1237.05175,1231.1875,1255.244,1225.636,1,0.037,0.35,2,1245.8445,0.579,0.276,0,0.0,0.0,1246.45325,0.0,0.0,0,0,0,0.75,0.72,0.1017,0.72,0.102,0,0.676,1,0.45,1235.932,1247.4305,2.614,0.077,0.0,2,0.0,0,0.676,1.304,3.0,0.435,0.473,1,1235.5355,1,0.7,0.0,0.269,0.216,0.0,0.764,0.883,1236.23078,1232.71475,1233.32875,4.1595,-3.1693,1,1236.23078,0.619,1534.95491,0.345,1236.23078,0.825,-1,0.539,1,0,12669,0.758,0.561,0.442,2675.0,2357.8,6.2615,427.2,0.0,1,0,0.535,2893.86,1,0,0.72,2893.86,0,385.465,0.382,0.618,0.7,1.0,0.5,0.11,0.0,0.5,0.0,0.401,0.558,0.5,0.542,0.0,0.929,0.0,0,0,0.569,0.617,0.0,0.66,0.067,0.543,0.676,0.0,0.538,0.41,0.0,1.0,0.757
0,2023.07.31 13:25:00,XPDUSDm,SWEEP_REVERSAL,SELL,4,1260.85,1266.27,1253.85,1.29,0.101,1234.94175,1247.305,1232.76,0,1.15,0.613,4.7814,1235.9255,1234.7185,1254.964,1225.516,0,0.048,0.5,2,1253.85025,0.625,0.085,0,0.0,0.0,1254.25625,0.0,0.0,0,0,0,0.825,0.755,0.2597,0.755,0.028,2,0.45,3,0.594,1246.57775,1259.66825,2.634,0.218,0.0,2,0.0,0,0.45,1.338,3.0,0.446,0.404,1,1253.85025,8,0.725,0.0,0.292,0.226,0.0,0.491,0.944,1236.23078,1232.71475,1233.32875,4.1595,-3.1693,1,1236.23078,0.619,1534.95491,0.345,1236.23078,0.825,-1,0.539,1,0,12670,0.745,0.564,0.445,2423.0,2952.7,4.4717,541.9,0.0,1,0,0.535,2893.86,1,0,0.72,2893.86,0,301.373,0.382,0.618,0.7,1.0,0.5,0.99,0.0,0.5,0.0,0.345,0.489,0.5,0.557,0.0,0.762,0.0,0,0,0.478,0.296,0.0,0.713,0.067,0.708,0.859,0.0,0.522,0.41,0.0,1.0,0.696
0,2023.07.31 15:25:00,XPDUSDm,SWEEP_REVERSAL,SELL,4,1269.05,1276.12,1252.05,2.41,0.464,1267.54775,1270.283,1252.048,1,0.557,1.331,0.2125,1236.96175,1233.3925,1256.305,1228.105,0,0.05,0.5,2,1267.54775,0.698,0.328,0,0.0,0.0,1270.2965,0.0,0.0,1,0,1,0.65,0.825,0.4739,0.825,0.716,2,0.445,3,0.308,1268.4595,1273.01825,0.084,0.561,0.0,2,0.3,6,0.5,0.578,3.0,0.193,0.291,0,1252.048,5,0.6,0.833,0.405,0.247,0.405,0.837,0.974,1236.23078,1232.71475,1233.32875,4.1595,-3.1693,1,1236.23078,0.619,1534.95491,0.345,1236.23078,0.825,-1,0.539,1,0,12672,0.745,0.564,0.445,2262.0,2431.0,3.1998,706.9,0.0,1,0,0.535,2893.86,1,0,0.72,2893.86,0,229.841,0.382,0.618,0.7,1.0,0.5,0.93,0.0,0.5,0.0,1.0,0.897,0.5,0.489,0.0,0.301,0.0,0,0,0.505,0.416,0.0,0.488,0.247,0.654,0.462,0.0,0.487,0.41,0.0,1.0,0.668
0,2023.07.31 16:32:40,XPDUSDm,MEAN_REVERSION,SELL,4,1268.7,1271.57,1256.83,4.14,0.587,1266.9325,1270.82,1256.825,1,0.022,0.807,0.2358,1236.96175,1233.3925,1259.83,1228.105,0,0.047,0.45,0,1266.9325,0.698,0.424,0,0.0,0.0,0.0,0.0,0.0,0,0,1,0.7,0.685,0.5382,0.685,0.78,2,0.596,2,0.125,1266.9325,1272.375,0.236,0.49,0.0,2,0.25,0,0.676,0.999,3.0,0.333,0.367,1,1256.825,5,0.6,0.528,0.166,0.206,0.161,0.829,0.952,1233.47615,1232.6465,1233.32875,4.8223,0.6628,2,1233.47615,0.622,1531.71057,0.344,1276.08107,0.611,1,0.611,1,0,12673,0.745,0.564,0.445,1801.0,2003.2,2.4022,749.7,0.0,1,0,0.535,2893.86,1,0,0.72,2893.86,0,216.771,0.0,1.0,0.0,0.0,0.5,0.99,0.0,0.5,0.0,1.0,0.726,0.5,0.735,0.0,0.248,0.0,0,0,0.455,0.681,0.0,0.484,0.13,0.643,0.65,0.0,0.525,0.41,0.0,1.0,0.759
0,2023.07.31 17:25:00,XPDUSDm,SWEEP_REVERSAL,SELL,3,1275.96,1284.28,1267.91,0.97,0.217,1267.913,1270.648,1260.802,0,0.008,0.403,0.9678,1236.96175,1233.3925,1259.83,1228.105,0,0.051,0.45,0,1267.913,0.674,0.869,0,0.0,0.0,1260.48475,0.0,0.0,0,0,1,0.75,0.72,0.5404,0.72,0.014,2,0.646,2,0.107,1267.366,1272.289,1.034,0.441,0.0,2,0.25,0,0.726,1.344,3.0,0.448,0.407,1,1267.913,8,0.735,0.0,0.396,0.216,0.161,0.742,0.953,1233.47615,1232.6465,1233.32875,4.8223,0.6628,2,1233.47615,0.622,1531.71057,0.344,1276.08107,0.611,1,0.611,1,0,12674,0.745,0.564,0.445,2111.0,2263.5,2.5388,831.5,0.0,1,0,0.535,2893.86,1,0,0.72,2893.86,1,194.576,0.0,1.0,0.0,0.0,1.0,0.99,0.0,0.5,0.0,0.769,0.726,0.5,0.523,0.0,0.442,0.0,0,0,0.47,0.57,0.0,0.488,0.1,0.462,0.868,0.0,0.5,0.41,0.0,1.0,0.752
0,2023.07.31 18:33:00,XPDUSDm,MEAN_REVERSION,SELL,3,1277.4,1284.52,1267.96,1.33,0.63,1267.9645,1271.083,1263.955,0,0.741,0.16,1.0607,1235.145,1231.13875,1258.8475,1225.597,0,0.052,0.4,0,1267.9645,0.765,0.368,0,0.0,0.0,0.0,0.0,0.0,0,0,1,1.0,0.93,0.5115,0.93,0.143,0,0.716,1,0.004,1267.519,1276.8745,1.111,0.059,0.0,2,0.15,0,0.796,1.286,3.0,0.429,0.424,1,1267.9645,8,0.753,0.0,0.317,0.279,0.126,0.775,0.826,1233.47615,1232.6465,1233.32875,4.8223,0.6628,2,1233.47615,0.622,1531.71057,0.344,1276.08107,0.611,1,0.611,1,0,12675,0.745,0.564,0.445,1683.0,1817.4,1.8919,889.6,0.0,1,0,0.535,2893.86,1,0,0.72,2893.86,0,181.712,0.0,1.0,0.0,0.0,0.5,0.99,0.0,0.5,0.0,1.0,0.822,0.5,0.541,0.0,0.408,0.0,0,0,0.519,0.358,0.0,0.238,0.2,0.417,0.864,0.0,0.493,0.41,0.0,1.0,0.627
0,2023.07.31 19:25:00,XPDUSDm,SWEEP_REVERSAL,SELL,3,1277.54,1286.46,1267.68,1.1,0.184,1267.68125,1274.9,1259.5,0,0.019,0.235,1.1047,1235.32375,1235.441,1259.92,1226.026,0,0.047,0.8,0,1267.68125,0.797,0.052,0,0.0,0.0,0.0,0.0,0.0,0,0,1,1.0,0.965,0.5308,0.965,0.469,2,0.648,3,0.373,1275.8625,1278.26875,0.188,0.082,0.0,2,0.15,0,0.728,1.139,3.0,0.38,0.429,1,1267.68125,8,0.759,0.624,0.219,0.29,0.126,0.721,0.894,1233.47615,1232.6465,1233.32875,4.8223,0.6628,2,1233.47615,0.622,1531.71057,0.344,1276.08107,0.611,1,0.611,1,0,12676,0.745,0.564,0.445,1623.0,1610.9,1.8186,892.4,0.0,1,0,0.535,2893.86,1,0,0.72,2893.86,0,181.115,0.0,1.0,0.0,0.0,0.5,0.61,0.0,0.5,0.0,1.0,0.586,0.5,0.584,0.0,0.328,0.0,0,0,0.358,0.514,0.0,0.238,0.197,0.629,0.86,0.0,0.484,0.41,0.0,1.0,0.682
0,2023.07.31 23:29:40,XPDUSDm,MEAN_REVERSION,SELL,1,1278.46,1286.39,1272.01,0.81,0.646,1276.38125,1277.8385,1272.0095,0,0.007,1.071,0.2097,1235.33125,1235.4665,1259.965,1226.044,0,0.043,0.3,4,1262.78025,0.554,0.556,0,0.0,0.0,1276.07975,0.0,0.0,0,0,1,0.8,0.825,0.2396,0.825,0.177,0,0.661,3,0.952,1276.38125,1266.1805,0.21,1.239,0.0,2,0.25,0,0.741,1.27,3.0,0.423,0.521,2,1272.0095,5,0.6,0.581,0.347,0.247,0.312,0.845,0.932,1235.28144,1235.47175,1233.32875,-14.6616,-19.4839,-2,1235.28144,0.621,1536.28398,0.344,1279.33059,0.618,1,0.656,1,0,12679,0.745,0.564,0.445,1938.0,2034.8,1.9552,991.2,0.0,1,0,0.535,2893.86,1,0,0.72,2893.86,1,162.972,0.002,0.998,0.1,0.0,1.0,0.99,0.0,0.5,0.0,1.0,0.893,0.5,0.588,0.0,0.95,0.0,0,0,0.792,0.675,0.0,0.551,0.1,0.375,0.809,0.0,0.488,0.41,0.0,1.0,0.79
