ticket,timestamp,symbol,setupType,direction,session,entryPrice,SL,TP,RR,thesis,vpPOC,vpVAH,vpVAL,vpInsideVA,vpDistToHVN,vpDistToLVN,vpPriceVsPOC,vpDailyPOC,vpCompPOC,vpCompVAH,vpCompVAL,vpCompInsideVA,vpDistCompPOC,vpThinnessRatio,vpProfileShape,vpBestHVN,vpBestHVNScore,vpVAOverlapRatio,vpVAOverlapBias,vpRangePOC,vpBreakoutPOC,vpPullbackPOC,vpNearestNakedPOC,vpDistNakedPOC_ATR,vpUpthrust,vpSpring,vpCompPosition,vpMigrationConf,vpDevPOCDir,vpDevPOCSlope,vpMigrationScore,auctAcceptance,auctState,auctBalance,auctProfileShape,auctShapeConf,auctMajorHVN,auctMajorLVN,auctDistHVN,auctDistLVN,auctVAExpRate,auctVAState,auctFailure,auctRegime,auctRegimeConf,auctExpReward,auctExpMoveATR,auctTargetProb,auctTradeQuality,auctTradeGrade,auctTargetPrice,auctTargetType,auctTargetConf,auctProfitZone,auctExhaustion,auctContinuation,auctReversalRisk,auctHVNStrength,auctLVNStrength,vpLTPOC60d,vpLTPOC30d,vpLTPOC10d,vpLTPOCVelocity,vpLTPOCAcceleration,vpLTPOCMigration,vpLTMajorHVNPrice,vpLTMajorHVNStrength,vpLTMajorLVNPrice,vpLTMajorLVNStrength,vpLTNearestZonePrice,vpLTNearestZoneStrength,vpLTNearestZoneDir,vpLTAcceptanceAtPrice,vpLTValid,profilerArchetype,profilerSamples,profilerMigMean,profilerBalMean,profilerTQMean,spreadPoints,avgSpread,spreadToATR,atrProxy,dataQuality,bosConfirmed,bosBullish,bosScore,bosLevel,chochConfirmed,chochBullish,chochScore,chochLevel,trendDirection,structDistATR,ltTransitionScore,ltBalanceStability,ltTrendDuration,ltTrendExhaustion,structureBias,msSpreadScore,msTickVelocity,msTickImbalance,msLiqVacuum,msCompression,ofDeltaProxy,ofCvdProxy,ofAbsorption,ofExhaustion,ofParticipation,ofDivergence,ofBullDiv,ofBearDiv,ofFlowIntensity,liqDensity,liqSweep,liqStopCluster,liqEqualHL,liqSessionLiq,liqPremDisc,smOrderBlock,smFVG,smMitigation,smBreakerBlock,smRejectionBlock,smZoneQuality
0,2025.03.02 22:27:20,EURAUDm,MEAN_REVERSION,BUY,1,1.67489,1.67312,1.67633,0.81,0.6,1.67301,1.67367,1.67129,0,0.418,0.06,-1.3068,1.67222,1.66237,1.67129,1.65703,1,0.0,0.45,0,1.67301,0.778,0.194,0,0.0,0.0,1.67096,1.67299,1.127,0,0,0,0.45,-0.685,-0.0838,0.685,0.067,0,0.662,1,0.116,1.67156,1.67063,0.65,0.232,0.0,2,0.15,0,0.662,0.575,1.307,0.44,0.323,0,1.67156,2,0.55,0.0,0.34,0.206,0.053,0.784,0.918,1.66153,1.66224,1.64765,-456242.4648,-19781.5507,-2,1.66165,0.533,0.0,0.0,0.0,0.0,0,0.208,1,0,23304,0.801,0.557,0.454,477.0,556.3,2.1584,221.0,0.0,1,1,0.852,1.59509,1,1,0.825,1.54814,1,36.109,0.137,0.863,0.0,0.0,1.0,0.97,0.0,0.5,0.0,1.0,0.426,0.5,0.552,0.0,0.273,0.0,0,0,0.319,0.541,0.0,0.621,0.0,0.086,0.425,0.0,0.468,0.538,0.0,1.0,0.744
0,2025.03.02 22:49:40,EURAUDm,SWEEP_REVERSAL,BUY,1,1.67678,1.67457,1.67881,0.92,0.133,1.67301,1.67367,1.67129,0,0.418,0.06,-0.9176,1.67222,1.66237,1.67129,1.65703,1,0.0,0.45,0,1.67301,0.778,0.194,0,0.0,0.0,1.67096,1.67299,1.127,0,0,0,0.45,-0.685,-0.0838,0.685,0.298,0,0.662,1,0.116,1.67156,1.67063,0.261,0.157,0.0,2,0.15,0,0.662,0.372,0.918,0.405,0.299,0,1.67301,8,0.756,0.479,0.271,0.206,0.053,0.784,0.918,1.66153,1.66224,1.64765,-456242.4648,-19781.5507,-2,1.66165,0.533,0.0,0.0,0.0,0.0,0,0.208,1,0,23304,0.801,0.557,0.454,580.0,555.1,2.6244,221.0,0.0,1,1,0.852,1.59509,1,1,0.825,1.54814,1,36.964,0.137,0.863,0.0,0.0,1.0,0.52,0.0,0.5,0.0,0.945,0.698,0.5,0.572,0.0,0.236,0.0,0,0,0.385,0.591,0.0,0.388,0.0,0.114,0.574,0.0,0.474,0.538,0.0,1.0,0.744
69884,2025.03.03 00:05:20,EURAUDm,ANCHORED_PULLBACK,BUY,1,1.67403,1.67377,1.67642,9.35,0.49,1.67169,1.67334,1.67005,0,0.039,0.361,0.9062,1.672,1.663,1.67196,1.65826,0,0.0,0.65,0,1.67144,0.783,0.273,0,0.0,0.0,1.67409,0.0,0.0,0,0,1,0.825,-0.58,-0.167,0.58,0.603,0,0.768,3,0.519,1.67385,1.67309,0.006,0.316,0.0,2,0.25,0,0.768,1.079,3.0,0.36,0.408,1,1.67144,8,0.757,0.987,0.219,0.174,0.088,0.504,0.759,1.66153,1.66224,1.64765,-447843.524,8398.9408,-1,1.66165,0.532,0.0,0.0,0.0,0.0,0,0.14,1,0,23306,0.801,0.557,0.454,20.0,68.3,0.0849,235.6,0.0,1,1,0.852,1.59509,1,1,0.825,1.54814,1,33.5,0.146,0.854,0.0,1.0,1.0,0.7,0.0,0.5,0.0,0.448,0.475,0.5,0.495,0.0,0.496,0.0,0,0,0.362,0.814,0.0,0.587,0.0,0.774,0.432,0.0,0.471,0.538,0.0,1.0,0.782
69886,2025.03.03 03:00:00,EURAUDm,ANCHORED_PULLBACK,BUY,1,1.67521,1.67457,1.6763,1.69,0.478,1.67392,1.67413,1.67288,0,0.405,0.013,0.4643,1.67274,1.66313,1.67201,1.65738,0,0.0,0.45,0,1.67392,0.661,0.611,0,0.0,0.0,1.67446,0.0,0.0,0,0,1,1.0,-0.86,-0.0511,0.86,0.074,2,0.605,0,0.6,1.67399,1.67497,0.435,0.017,-0.1123,1,0.15,0,0.605,1.317,3.0,0.439,0.48,1,1.67392,8,0.732,0.131,0.638,0.258,0.173,0.981,0.928,1.66153,1.66224,1.64765,-447843.524,8398.9408,-1,1.66165,0.532,0.0,0.0,0.0,0.0,0,0.14,1,0,23309,0.801,0.557,0.454,20.0,20.0,0.0856,233.7,0.0,1,1,0.852,1.59509,1,1,0.825,1.54814,0,34.281,0.146,0.854,0.0,1.0,0.5,0.91,0.0,0.5,0.0,1.0,0.661,0.5,0.529,0.0,0.318,0.0,0,0,0.383,0.424,0.0,0.61,0.0,0.163,0.862,0.0,0.504,0.538,0.0,1.0,0.731
69888,2025.03.03 04:00:00,EURAUDm,BREAKOUT,BUY,1,1.67543,1.67393,1.68132,3.92,0.493,1.67302,1.67463,1.67273,0,0.537,0.134,0.9406,1.6731,1.66313,1.67305,1.65738,0,0.0,0.5,2,1.67302,0.798,0.0,1,0.0,0.0,0.0,0.0,0.0,0,0,1,0.496,0.5656,0.0351,0.566,0.457,2,0.413,3,0.561,1.67397,1.67482,0.537,0.174,0.2737,0,0.15,2,1.0,1.594,3.0,0.531,0.576,2,1.67397,2,0.55,0.0,0.223,0.87,0.053,0.736,0.827,1.66153,1.66224,1.64765,-442701.4731,5142.0509,-1,1.66165,0.53,0.0,0.0,0.0,0.0,0,0.047,1,0,23310,0.802,0.55,0.453,20.0,20.0,0.0849,235.5,0.0,1,1,0.852,1.59509,1,1,0.825,1.54814,0,34.115,0.142,0.858,0.0,1.0,0.5,0.4,0.0,0.5,0.0,0.805,0.411,0.5,0.466,0.0,0.447,0.0,0,0,0.372,0.423,0.0,0.661,0.0,0.89,0.7,0.0,0.461,0.538,0.0,1.0,0.918
69889,2025.03.03 04:00:20,EURAUDm,PULLBACK,BUY,1,1.67534,1.67393,1.68241,5.01,0.315,1.67302,1.67463,1.67273,0,0.537,0.134,0.9023,1.6731,1.66313,1.67305,1.65738,0,0.0,0.5,2,1.67302,0.798,0.0,1,0.0,0.0,0.0,0.0,0.0,0,0,1,0.496,0.5656,0.0351,0.566,0.377,2,0.645,3,0.561,1.67397,1.67482,0.499,0.136,0.0,2,0.15,4,0.593,1.48,3.0,0.493,0.461,1,1.67397,2,0.55,0.002,0.247,0.17,0.053,0.736,0.827,1.66153,1.66224,1.64765,-442701.4731,5142.0509,-1,1.66165,0.53,0.0,0.0,0.0,0.0,0,0.047,1,0,23310,0.802,0.55,0.453,20.0,20.0,0.0849,235.5,0.0,1,1,0.852,1.59509,1,1,0.825,1.54814,0,34.076,0.142,0.858,0.0,1.0,0.5,0.26,0.0,0.5,0.0,0.767,0.404,0.5,0.424,0.0,0.417,0.0,0,0,0.351,0.366,0.0,0.579,0.0,0.446,0.786,0.0,0.477,0.538,0.0,1.0,0.763
69892,2025.03.03 04:15:40,EURAUDm,BREAKOUT_RETEST,BUY,1,1.67473,1.67393,1.67578,1.31,0.387,1.67302,1.67463,1.67273,1,0.537,0.134,0.6433,1.6731,1.66313,1.67305,1.65738,0,0.0,0.5,2,1.67302,0.798,0.0,1,0.0,0.0,0.0,0.0,0.0,0,0,1,0.496,0.5656,0.0351,0.566,0.419,2,0.645,3,0.561,1.67397,1.67482,0.24,0.123,0.0,2,0.15,4,0.593,1.461,3.0,0.487,0.458,1,1.67302,8,0.76,0.52,0.234,0.17,0.053,0.736,0.827,1.66153,1.66224,1.64765,-442701.4731,5142.0509,-1,1.66165,0.53,0.0,0.0,0.0,0.0,0,0.047,1,0,23310,0.802,0.55,0.453,20.0,20.0,0.0849,235.5,0.0,1,1,0.852,1.59509,1,1,0.825,1.54814,0,33.817,0.142,0.858,0.0,1.0,0.5,0.0,0.0,0.5,0.0,0.897,0.342,0.5,0.41,0.0,0.356,0.0,0,0,0.36,0.423,0.0,0.695,0.0,0.401,0.687,0.0,0.475,0.538,0.0,1.0,0.727
69894,2025.03.03 04:18:00,EURAUDm,TREND_CONTINUATION,BUY,1,1.67459,1.67176,1.68048,2.08,0.372,1.67302,1.67463,1.67273,1,0.537,0.134,0.5839,1.6731,1.66313,1.67305,1.65738,0,0.0,0.5,2,1.67302,0.798,0.0,1,0.0,0.0,0.0,0.0,0.0,0,0,1,0.496,0.5656,0.0351,0.566,0.352,2,0.645,3,0.561,1.67397,1.67482,0.18,0.183,0.0,2,0.15,4,0.593,1.491,3.0,0.497,0.462,1,1.67302,8,0.76,0.639,0.254,0.17,0.053,0.736,0.827,1.66153,1.66224,1.64765,-442701.4731,5142.0509,-1,1.66165,0.53,0.0,0.0,0.0,0.0,0,0.047,1,0,23310,0.802,0.55,0.453,20.0,20.0,0.0849,235.5,0.0,1,1,0.852,1.59509,1,1,0.825,1.54814,0,33.758,0.142,0.858,0.0,1.0,0.5,0.0,0.0,0.5,0.0,0.897,0.318,0.5,0.41,0.0,0.356,0.0,0,0,0.374,0.411,0.0,0.502,0.0,0.401,0.674,0.0,0.475,0.538,0.0,1.0,0.727
69896,2025.03.03 06:05:40,EURAUDm,BREAKOUT,BUY,1,1.67578,1.67284,1.68068,1.67,0.268,1.67492,1.67596,1.67425,1,0.038,0.62,0.3395,1.6731,1.66313,1.67305,1.65843,0,0.0,0.45,0,1.67492,0.684,0.242,0,0.0,0.0,0.0,0.0,0.0,0,0,1,0.55,0.58,0.1759,0.58,0.377,0,0.756,2,0.113,1.67482,1.67625,0.388,0.34,0.0,2,0.25,0,0.756,1.18,3.0,0.393,0.412,1,1.67492,8,0.737,0.224,0.287,0.174,0.088,0.873,0.938,1.66153,1.66224,1.64765,-442701.4731,5142.0509,-1,1.66165,0.53,0.0,0.0,0.0,0.0,0,0.047,1,0,23312,0.802,0.55,0.453,20.0,20.0,0.1021,195.9,0.0,1,1,0.852,1.59509,1,1,0.825,1.54814,-1,41.198,0.142,0.858,0.0,1.0,0.0,0.99,0.0,0.5,0.0,0.497,0.739,0.5,0.553,0.0,0.391,0.0,0,0,0.465,0.656,0.0,0.587,0.0,0.269,0.729,0.0,0.524,0.538,0.0,1.0,0.849
69897,2025.03.03 06:05:59,EURAUDm,PULLBACK,BUY,1,1.67575,1.67281,1.68163,2.0,0.47,1.67492,1.67596,1.67425,1,0.038,0.62,0.3242,1.6731,1.66313,1.67305,1.65843,0,0.0,0.45,0,1.67492,0.684,0.242,0,0.0,0.0,0.0,0.0,0.0,0,0,1,0.55,0.58,0.1759,0.58,0.377,0,0.756,2,0.113,1.67482,1.67625,0.373,0.355,0.0,2,0.25,0,0.756,1.18,3.0,0.393,0.412,1,1.67492,8,0.737,0.255,0.287,0.174,0.088,0.873,0.938,1.66153,1.66224,1.64765,-442701.4731,5142.0509,-1,1.66165,0.53,0.0,0.0,0.0,0.0,0,0.047,1,0,23312,0.802,0.55,0.453,20.0,20.0,0.1021,195.9,0.0,1,1,0.852,1.59509,1,1,0.825,1.54814,-1,41.183,0.142,0.858,0.0,1.0,0.0,0.98,0.0,0.5,0.0,0.497,0.743,0.5,0.553,0.0,0.391,0.0,0,0,0.468,0.656,0.0,0.587,0.0,0.269,0.725,0.0,0.524,0.538,0.0,1.0,0.849
69898,2025.03.03 06:15:40,EURAUDm,BREAKOUT_RETEST,BUY,1,1.67556,1.67497,1.67616,1.02,0.393,1.67492,1.67596,1.67425,1,0.038,0.62,0.2272,1.6731,1.66313,1.67305,1.65843,0,0.0,0.45,0,1.67492,0.684,0.242,0,0.0,0.0,0.0,0.0,0.0,0,0,1,0.55,0.58,0.1759,0.58,0.536,0,0.756,2,0.113,1.67482,1.67625,0.276,0.452,0.0,2,0.25,0,0.756,1.109,3.0,0.37,0.404,1,1.67596,4,0.6,0.449,0.239,0.174,0.088,0.873,0.938,1.66153,1.66224,1.64765,-442701.4731,5142.0509,-1,1.66165,0.53,0.0,0.0,0.0,0.0,0,0.047,1,0,23312,0.802,0.55,0.453,20.0,20.0,0.1021,195.9,0.0,1,1,0.852,1.59509,1,1,0.825,1.54814,-1,41.086,0.142,0.858,0.0,1.0,0.0,0.39,0.0,0.5,0.0,0.484,0.59,0.5,0.57,0.0,0.499,0.0,0,0,0.424,0.684,0.0,0.832,0.0,0.313,0.65,0.0,0.524,0.538,0.0,1.0,0.849
69899,2025.03.03 06:18:40,EURAUDm,TREND_CONTINUATION,BUY,1,1.67574,1.67339,1.68064,2.08,0.377,1.67492,1.67596,1.67425,1,0.038,0.62,0.3191,1.6731,1.66313,1.67305,1.65843,0,0.0,0.45,0,1.67492,0.684,0.242,0,0.0,0.0,0.0,0.0,0.0,0,0,1,0.55,0.58,0.1759,0.58,0.377,0,0.756,2,0.113,1.67482,1.67625,0.368,0.36,0.0,2,0.25,0,0.756,1.18,3.0,0.393,0.412,1,1.67492,8,0.737,0.265,0.287,0.174,0.088,0.873,0.938,1.66153,1.66224,1.64765,-442701.4731,5142.0509,-1,1.66165,0.53,0.0,0.0,0.0,0.0,0,0.047,1,0,23312,0.802,0.55,0.453,20.0,20.0,0.1021,195.9,0.0,1,1,0.852,1.59509,1,1,0.825,1.54814,-1,41.178,0.142,0.858,0.0,1.0,0.0,0.62,0.0,0.5,0.0,0.529,0.583,0.5,0.57,0.0,0.454,0.0,0,0,0.402,0.656,0.0,0.587,0.0,0.313,0.724,0.0,0.524,0.538,0.0,1.0,0.849
69904,2025.03.03 07:06:40,EURAUDm,MEAN_REVERSION,BUY,1,1.67377,1.67228,1.67508,0.88,0.653,1.67488,1.6757,1.67443,0,0.168,0.106,-0.704,1.67382,1.66313,1.67305,1.65843,0,0.0,0.5,0,1.67488,0.739,0.459,0,0.0,0.0,1.67467,0.0,0.0,0,0,1,0.6,0.79,0.2029,0.79,0.175,0,0.71,0,0.444,1.67488,1.67424,0.704,0.362,0.0,2,0.15,0,0.71,1.271,3.0,0.424,0.466,1,1.67488,8,0.748,0.0,0.307,0.237,0.141,0.854,0.806,1.66153,1.66224,1.64765,-442701.4731,5142.0509,-1,1.66165,0.53,0.0,0.0,0.0,0.0,0,0.047,1,0,23313,0.802,0.55,0.453,20.0,20.0,0.1076,185.9,0.0,1,1,0.852,1.59509,1,1,0.825,1.54814,0,42.334,0.142,0.858,0.0,1.0,0.5,0.03,0.0,0.5,0.0,0.448,0.35,0.5,0.538,0.0,0.472,0.0,0,0,0.44,0.475,0.0,0.659,0.0,0.354,0.65,0.0,0.542,0.538,0.0,1.0,0.898
69906,2025.03.03 07:20:40,EURAUDm,SWEEP_REVERSAL,BUY,1,1.67333,1.67147,1.67508,0.94,0.197,1.67488,1.6757,1.67443,0,0.168,0.106,-0.9408,1.67382,1.66313,1.67305,1.65843,0,0.0,0.5,0,1.67488,0.739,0.459,0,0.0,0.0,1.67467,0.0,0.0,0,0,1,0.6,0.79,0.2029,0.79,0.175,0,0.71,0,0.444,1.67488,1.67424,0.941,0.599,0.0,2,0.15,0,0.71,1.271,3.0,0.424,0.466,1,1.67488,8,0.748,0.0,0.307,0.237,0.141,0.854,0.806,1.66153,1.66224,1.64765,-442701.4731,5142.0509,-1,1.66165,0.53,0.0,0.0,0.0,0.0,0,0.047,1,0,23313,0.802,0.55,0.453,20.0,20.0,0.1076,185.9,0.0,1,1,0.852,1.59509,1,1,0.825,1.54814,0,42.097,0.142,0.858,0.0,1.0,0.5,0.0,0.0,0.5,0.0,0.448,0.529,0.5,0.516,0.0,0.507,0.0,0,0,0.375,0.475,0.0,0.479,0.0,0.377,0.471,0.0,0.53,0.538,0.0,1.0,0.898
69908,2025.03.03 09:00:20,EURAUDm,BREAKOUT_RETEST,BUY,2,1.67305,1.67175,1.6768,2.88,0.424,1.67335,1.67497,1.67172,1,0.23,0.061,-0.2879,1.67382,1.66282,1.67258,1.65863,0,0.0,0.65,0,1.67335,0.745,0.399,0,0.0,0.0,1.67317,0.0,0.0,0,0,1,0.635,0.4087,0.0155,0.409,0.292,0,0.761,0,0.571,1.67335,1.6726,0.288,0.148,0.0,2,0.4,0,0.761,1.218,3.0,0.406,0.444,1,1.67172,5,0.6,0.424,0.372,0.123,0.254,0.801,0.821,1.65736,1.66224,1.63934,-671991.1968,-229289.7237,-2,1.66192,0.524,0.0,0.0,0.0,0.0,0,0.254,1,0,23315,0.802,0.55,0.453,20.0,20.0,0.1163,171.9,0.0,1,1,0.852,1.59509,1,1,0.825,1.54814,-1,45.344,0.177,0.823,0.0,0.0,0.0,0.99,0.0,0.5,0.0,1.0,0.698,0.5,0.533,0.0,0.416,0.0,0,0,0.445,0.77,0.0,0.611,0.0,0.328,0.459,0.0,0.519,0.538,0.0,1.0,0.817
69909,2025.03.03 09:00:20,EURAUDm,PULLBACK,BUY,2,1.67305,1.67175,1.67821,3.96,0.488,1.67335,1.67497,1.67172,1,0.23,0.061,-0.2879,1.67382,1.66282,1.67258,1.65863,0,0.0,0.65,0,1.67335,0.745,0.399,0,0.0,0.0,1.67317,0.0,0.0,0,0,1,0.635,0.4087,0.0155,0.409,0.292,0,0.761,0,0.571,1.67335,1.6726,0.288,0.148,0.0,2,0.4,0,0.761,1.218,3.0,0.406,0.444,1,1.67172,5,0.6,0.424,0.372,0.123,0.254,0.801,0.821,1.65736,1.66224,1.63934,-671991.1968,-229289.7237,-2,1.66192,0.524,0.0,0.0,0.0,0.0,0,0.254,1,0,23315,0.802,0.55,0.453,20.0,20.0,0.1163,171.9,0.0,1,1,0.852,1.59509,1,1,0.825,1.54814,-1,45.344,0.177,0.823,0.0,0.0,0.0,0.98,0.0,0.5,0.0,1.0,0.698,0.5,0.533,0.0,0.416,0.0,0,0,0.445,0.77,0.0,0.611,0.0,0.328,0.459,0.0,0.519,0.538,0.0,1.0,0.817
69911,2025.03.03 09:01:40,EURAUDm,TREND_CONTINUATION,BUY,2,1.67319,1.67113,1.67749,2.08,0.393,1.67335,1.67497,1.67172,1,0.23,0.061,-0.2065,1.67382,1.66282,1.67258,1.65863,0,0.0,0.65,0,1.67335,0.745,0.399,0,0.0,0.0,1.67317,0.0,0.0,0,0,1,0.635,0.4087,0.0155,0.409,0.612,0,0.761,0,0.571,1.67335,1.6726,0.206,0.23,0.0,2,0.4,0,0.761,1.075,3.0,0.358,0.427,1,1.67172,5,0.6,0.587,0.276,0.123,0.254,0.801,0.821,1.65736,1.66224,1.63934,-671991.1968,-229289.7237,-2,1.66192,0.524,0.0,0.0,0.0,0.0,0,0.254,1,0,23315,0.802,0.55,0.453,20.0,20.0,0.1163,171.9,0.0,1,1,0.852,1.59509,1,1,0.825,1.54814,-1,45.426,0.177,0.823,0.0,0.0,0.0,0.99,0.0,0.5,0.0,1.0,0.652,0.5,0.533,0.0,0.416,0.0,0,0,0.418,0.848,0.0,0.611,0.0,0.328,0.459,0.0,0.513,0.538,0.0,1.0,0.817
69914,2025.03.03 11:01:40,EURAUDm,TREND_CONTINUATION,BUY,2,1.67791,1.67414,1.68268,1.27,0.436,1.67381,1.67494,1.67172,0,2.021,1.011,2.0428,1.67471,1.66268,1.67346,1.6594,0,0.0,0.5,0,1.67381,0.717,0.128,0,0.0,0.0,0.0,0.0,0.0,0,0,1,0.675,0.685,0.0862,0.685,0.537,2,0.648,1,0.177,1.67365,1.6767,2.127,0.527,0.0,2,0.0,0,0.648,1.108,3.0,0.369,0.425,1,1.67381,8,0.743,0.0,0.139,0.206,0.0,0.892,0.847,1.65736,1.66224,1.63934,-671991.1968,-229289.7237,-2,1.66192,0.524,0.0,0.0,0.0,0.0,0,0.254,1,0,23317,0.802,0.55,0.453,20.0,20.0,0.1048,190.9,0.0,1,1,0.852,1.59509,1,1,0.825,1.54814,0,43.377,0.177,0.823,0.0,0.0,0.5,0.3,0.0,0.5,0.0,0.582,0.47,0.5,0.51,0.0,0.462,0.0,0,0,0.356,0.404,0.0,0.0,0.048,0.69,0.869,0.0,0.532,0.52,0.0,1.0,0.925
69916,2025.03.03 12:00:00,EURAUDm,BREAKOUT_RETEST,BUY,2,1.67989,1.67784,1.68374,1.88,0.733,1.67784,1.68016,1.67341,1,0.929,1.777,0.9295,1.67435,1.66303,1.67289,1.66044,0,0.0,0.8,0,1.6732,0.747,0.357,0,0.0,0.0,1.67976,0.0,0.0,0,0,1,0.75,0.545,0.1301,0.545,0.345,1,0.263,3,0.635,1.67784,1.6791,0.929,0.294,1.7761,0,0.55,2,1.0,1.788,3.26,0.548,0.58,2,1.67784,1,0.7,0.0,0.417,0.863,0.193,1.0,0.707,1.65738,1.66182,1.64182,-519160.178,152831.0188,-1,1.66194,0.525,0.0,0.0,0.0,0.0,0,0.0,1,0,23318,0.802,0.55,0.453,20.0,20.0,0.1004,199.1,0.0,1,1,0.852,1.59509,1,1,0.825,1.54814,0,42.582,0.3,0.7,0.0,1.0,0.5,0.33,0.0,0.5,0.0,0.496,0.467,0.5,0.36,0.0,0.43,0.0,0,0,0.3,0.476,0.0,0.517,0.062,1.0,0.437,0.0,0.445,0.52,0.0,1.0,0.919
69917,2025.03.03 12:00:20,EURAUDm,PULLBACK,BUY,2,1.67984,1.67784,1.68581,2.99,0.539,1.67784,1.68016,1.67341,1,0.929,1.777,0.9044,1.67435,1.66303,1.67289,1.66044,0,0.0,0.8,0,1.6732,0.747,0.357,0,0.0,0.0,1.67976,0.0,0.0,0,0,1,0.75,0.545,0.1301,0.545,0.345,2,0.563,3,0.635,1.67784,1.6791,0.904,0.269,0.0,2,0.25,0,0.563,1.289,3.235,0.398,0.458,1,1.67784,1,0.7,0.0,0.297,0.164,0.088,1.0,0.707,1.65738,1.66182,1.64182,-519160.178,152831.0188,-1,1.66194,0.525,0.0,0.0,0.0,0.0,0,0.0,1,0,23318,0.802,0.55,0.453,20.0,20.0,0.1004,199.1,0.0,1,1,0.852,1.59509,1,1,0.825,1.54814,0,42.557,0.3,0.7,0.0,1.0,0.5,0.26,0.0,0.5,0.0,0.591,0.457,0.5,0.429,0.0,0.372,0.0,0,0,0.303,0.524,0.0,0.392,0.062,1.0,0.433,0.0,0.516,0.52,0.0,1.0,0.887
69920,2025.03.03 12:06:40,EURAUDm,BREAKOUT,BUY,2,1.67985,1.67784,1.68483,2.48,0.34,1.67784,1.68016,1.67341,1,0.929,1.777,0.9094,1.67435,1.66303,1.67289,1.66044,0,0.0,0.8,0,1.6732,0.747,0.357,0,0.0,0.0,1.67976,0.0,0.0,0,0,1,0.75,0.545,0.1301,0.545,0.345,2,0.563,3,0.635,1.67784,1.6791,0.909,0.274,0.0,2,0.25,0,0.563,1.291,3.24,0.398,0.458,1,1.67784,1,0.7,0.0,0.297,0.164,0.088,1.0,0.707,1.65738,1.66182,1.64182,-519160.178,152831.0188,-1,1.66194,0.525,0.0,0.0,0.0,0.0,0,0.0,1,0,23318,0.802,0.55,0.453,20.0,20.0,0.1004,199.1,0.0,1,1,0.852,1.59509,1,1,0.825,1.54814,0,42.562,0.3,0.7,0.0,1.0,0.5,0.48,0.0,0.5,0.0,0.606,0.415,0.5,0.458,0.0,0.342,0.0,0,0,0.325,0.524,0.0,0.392,0.062,1.0,0.433,0.0,0.516,0.52,0.0,1.0,0.887
69922,2025.03.03 13:01:40,EURAUDm,TREND_CONTINUATION,BUY,4,1.68113,1.67867,1.68625,2.08,0.492,1.67754,1.68196,1.67638,1,0.204,2.519,1.653,1.67452,1.66335,1.67406,1.6594,0,0.0,0.6,0,1.67987,0.708,0.296,0,0.0,0.0,0.0,0.0,0.0,0,0,1,0.825,0.755,0.1952,0.755,0.377,2,0.476,0,0.459,1.68173,1.67545,0.389,2.674,0.0,2,0.0,0,0.476,1.18,3.0,0.393,0.414,1,1.67987,8,0.742,0.222,0.187,0.226,0.092,0.796,0.808,1.65738,1.66182,1.64182,-519160.178,152831.0188,-1,1.66194,0.525,0.0,0.0,0.0,0.0,0,0.0,1,0,23319,0.802,0.55,0.453,20.0,20.0,0.0976,204.9,0.0,1,1,0.852,1.59509,1,1,0.825,1.54814,0,41.985,0.3,0.7,0.0,1.0,0.5,0.0,0.0,0.5,0.0,0.693,0.395,0.5,0.538,0.0,0.515,0.0,0,0,0.431,0.575,0.0,0.143,0.062,0.918,0.732,0.0,0.535,0.5,0.0,1.0,0.965
69924,2025.03.03 14:00:00,EURAUDm,BREAKOUT_RETEST,BUY,4,1.68015,1.67827,1.68401,2.05,0.445,1.67996,1.68196,1.67827,1,0.006,0.457,-0.0056,1.67452,1.66335,1.67406,1.6594,0,0.0,0.6,0,1.67996,0.75,0.564,0,0.0,0.0,1.68029,0.0,0.0,0,0,1,0.6,0.79,0.3358,0.79,1.0,0,0.667,0,0.47,1.67981,1.67904,0.071,0.457,0.0,2,0.0,0,0.667,0.9,3.0,0.3,0.445,1,1.67827,5,0.6,0.857,0.0,0.237,0.094,0.919,0.738,1.65738,1.66182,1.64182,-519160.178,152831.0188,-1,1.66194,0.525,0.0,0.0,0.0,0.0,0,0.0,1,0,23320,0.795,0.55,0.451,20.0,20.0,0.1003,199.4,0.0,1,1,0.852,1.59509,1,1,0.825,1.54814,0,42.667,0.3,0.7,0.0,1.0,0.5,0.21,0.0,0.5,0.0,0.756,0.51,0.5,0.513,0.0,0.39,0.0,0,0,0.316,0.878,0.0,0.428,0.1,0.333,0.46,0.0,0.569,0.5,0.0,1.0,0.892
69925,2025.03.03 14:00:20,EURAUDm,PULLBACK,BUY,4,1.68024,1.67725,1.68622,2.0,0.512,1.67996,1.68196,1.67827,1,0.006,0.457,0.0395,1.67452,1.66335,1.67406,1.6594,0,0.0,0.6,0,1.67996,0.75,0.564,0,0.0,0.0,1.68029,0.0,0.0,0,0,1,0.6,0.79,0.3358,0.79,1.0,0,0.667,0,0.47,1.67981,1.67904,0.117,0.502,0.0,2,0.0,0,0.667,0.9,3.0,0.3,0.445,1,1.67827,5,0.6,0.767,0.0,0.237,0.094,0.919,0.738,1.65738,1.66182,1.64182,-519160.178,152831.0188,-1,1.66194,0.525,0.0,0.0,0.0,0.0,0,0.0,1,0,23320,0.795,0.55,0.451,20.0,20.0,0.1003,199.4,0.0,1,1,0.852,1.59509,1,1,0.825,1.54814,0,42.712,0.3,0.7,0.0,1.0,0.5,0.24,0.0,0.5,0.0,0.756,0.519,0.5,0.513,0.0,0.395,0.0,0,0,0.324,0.732,0.0,0.556,0.1,0.278,0.46,0.0,0.569,0.5,0.0,1.0,0.892
69928,2025.03.03 14:06:40,EURAUDm,BREAKOUT,BUY,4,1.67998,1.67827,1.68496,2.92,0.293,1.67996,1.68196,1.67827,1,0.006,0.457,-0.0909,1.67452,1.66335,1.67406,1.6594,0,0.0,0.6,0,1.67996,0.75,0.564,0,0.0,0.0,1.68029,0.0,0.0,0,0,1,0.6,0.79,0.3358,0.79,0.907,0,0.667,0,0.47,1.67981,1.67904,0.014,0.372,0.0,2,0.0,0,0.667,0.942,3.0,0.314,0.45,1,1.67827,5,0.6,0.972,0.028,0.237,0.094,0.919,0.738,1.65738,1.66182,1.64182,-519160.178,152831.0188,-1,1.66194,0.525,0.0,0.0,0.0,0.0,0,0.0,1,0,23320,0.795,0.55,0.451,20.0,20.0,0.1003,199.4,0.0,1,1,0.852,1.59509,1,1,0.825,1.54814,0,42.582,0.3,0.7,0.0,1.0,0.5,0.07,0.0,0.5,0.0,0.779,0.51,0.5,0.519,0.0,0.387,0.0,0,0,0.317,0.878,0.0,0.556,0.1,0.094,0.46,0.0,0.569,0.5,0.0,1.0,0.892
69930,2025.03.03 14:34:40,EURAUDm,SWEEP_REVERSAL,BUY,4,1.67827,1.67628,1.68016,0.95,0.136,1.67996,1.68196,1.67827,0,0.006,0.457,-0.9487,1.67452,1.66335,1.67406,1.6594,0,0.0,0.6,0,1.67996,0.75,0.564,0,0.0,0.0,1.68029,0.0,0.0,0,0,1,0.6,0.79,0.3358,0.79,0.416,0,0.667,0,0.47,1.67781,1.67904,0.131,0.486,0.0,2,0.0,0,0.667,1.163,3.0,0.388,0.45,1,1.67996,8,0.75,0.738,0.175,0.237,0.094,0.714,0.738,1.65738,1.66182,1.64182,-519160.178,152831.0188,-1,1.66194,0.525,0.0,0.0,0.0,0.0,0,0.0,1,0,23320,0.795,0.55,0.451,20.0,20.0,0.1003,199.4,0.0,1,1,0.852,1.59509,1,1,0.825,1.54814,0,41.724,0.3,0.7,0.0,1.0,0.5,0.0,0.0,0.5,0.0,0.498,0.456,0.5,0.525,0.0,0.367,0.0,0,0,0.331,0.669,0.0,0.143,0.1,0.394,0.65,0.0,0.543,0.5,0.0,1.0,1.005
69932,2025.03.03 15:02:40,EURAUDm,TREND_CONTINUATION,BUY,4,1.68073,1.67827,1.68586,2.08,0.442,1.67972,1.6809,1.67855,1,0.032,0.447,0.3295,1.67452,1.66335,1.67406,1.6594,0,0.0,0.55,0,1.67994,0.755,0.561,0,0.0,0.0,1.6791,0.0,0.0,0,0,1,0.65,0.65,0.3831,0.65,0.498,0,0.775,0,0.603,1.67983,1.68143,0.278,0.501,0.0,2,0.25,0,0.775,1.126,3.0,0.375,0.488,1,1.67972,1,0.7,0.445,0.251,0.195,0.208,0.999,0.614,1.65738,1.66182,1.64182,-519160.178,152831.0188,-1,1.66194,0.525,0.0,0.0,0.0,0.0,0,0.0,1,0,23321,0.795,0.55,0.451,33.0,22.2,0.1608,205.3,0.0,1,1,0.852,1.59509,1,1,0.825,1.54814,1,41.717,0.3,0.7,0.0,1.0,1.0,0.16,0.0,0.5,0.0,0.468,0.603,0.5,0.529,0.0,0.43,0.0,0,0,0.392,0.678,0.0,0.639,0.1,0.42,0.65,0.0,0.537,0.5,0.0,1.0,0.925
69934,2025.03.03 16:00:00,EURAUDm,BREAKOUT_RETEST,BUY,4,1.68004,1.6794,1.68206,3.17,0.461,1.67998,1.68092,1.67905,1,0.03,0.619,-0.0679,1.67452,1.66335,1.67406,1.6594,0,0.0,0.45,0,1.67998,0.72,0.797,0,0.0,0.0,0.0,0.0,0.0,0,0,1,0.7,0.685,0.3921,0.685,0.905,0,0.716,0,0.643,1.67967,1.67822,0.079,0.766,-0.2222,1,0.55,0,0.716,0.943,3.0,0.314,0.399,1,1.67905,5,0.6,0.842,0.549,0.206,0.321,0.9,0.919,1.66173,1.66173,1.64207,-513122.3196,6037.8584,-1,1.66207,0.52,0.0,0.0,0.0,0.0,0,0.0,1,0,23322,0.795,0.55,0.451,20.0,20.0,0.0943,212.0,0.0,1,1,0.852,1.59509,1,1,0.825,1.54814,1,40.071,0.199,0.801,0.0,1.0,1.0,0.85,0.0,0.5,0.0,0.635,0.542,0.5,0.516,0.0,0.451,0.0,0,0,0.36,0.864,0.0,0.599,0.093,0.258,0.65,0.0,0.548,0.5,0.0,1.0,0.787
69935,2025.03.03 16:00:20,EURAUDm,PULLBACK,BUY,4,1.67992,1.67904,1.68628,7.19,0.537,1.67998,1.68092,1.67905,1,0.03,0.619,-0.1245,1.67452,1.66335,1.67406,1.6594,0,0.0,0.45,0,1.67998,0.72,0.797,0,0.0,0.0,0.0,0.0,0.0,0,0,1,0.7,0.685,0.3921,0.685,0.905,0,0.789,0,0.643,1.67967,1.67822,0.023,0.709,0.0,2,0.25,0,0.789,0.943,3.0,0.314,0.463,1,1.67905,5,0.6,0.955,0.129,0.206,0.216,0.9,0.919,1.66173,1.66173,1.64207,-513122.3196,6037.8584,-1,1.66207,0.52,0.0,0.0,0.0,0.0,0,0.0,1,0,23322,0.795,0.55,0.451,20.0,20.0,0.0943,212.0,0.0,1,1,0.852,1.59509,1,1,0.825,1.54814,1,40.014,0.199,0.801,0.0,1.0,1.0,0.83,0.0,0.5,0.0,0.552,0.528,0.5,0.516,0.0,0.5,0.0,0,0,0.372,0.864,0.0,0.574,0.093,0.346,0.65,0.0,0.563,0.5,0.0,1.0,0.892
69938,2025.03.03 16:06:40,EURAUDm,BREAKOUT,BUY,4,1.68102,1.67997,1.68632,5.06,0.331,1.67998,1.68092,1.67905,1,0.03,0.619,0.3943,1.67452,1.66335,1.67406,1.6594,0,0.0,0.45,0,1.67998,0.72,0.797,0,0.0,0.0,0.0,0.0,0.0,0,0,1,0.7,0.685,0.3921,0.685,0.536,0,0.789,0,0.643,1.67967,1.68186,0.542,0.489,0.0,2,0.25,0,0.789,1.109,3.0,0.37,0.482,1,1.67998,8,0.744,0.0,0.239,0.206,0.216,0.9,0.774,1.66173,1.66173,1.64207,-513122.3196,6037.8584,-1,1.66207,0.52,0.0,0.0,0.0,0.0,0,0.0,1,0,23322,0.795,0.55,0.451,20.0,20.0,0.0943,212.0,0.0,1,1,0.852,1.59509,1,1,0.825,1.54814,1,40.533,0.199,0.801,0.0,1.0,1.0,0.99,0.0,0.5,0.0,0.635,0.559,0.5,0.489,0.0,0.483,0.0,0,0,0.375,0.692,0.0,0.393,0.087,0.288,0.766,0.0,0.54,0.5,0.0,1.0,0.965
69940,2025.03.03 17:06:40,EURAUDm,TREND_CONTINUATION,BUY,3,1.6799,1.67743,1.68505,2.08,0.504,1.68008,1.6809,1.67908,1,0.03,0.739,-0.1851,1.67333,1.67237,1.68196,1.66391,1,0.0,0.5,0,1.68081,0.755,0.442,0,0.0,0.0,1.68094,0.0,0.0,0,0,0,0.75,0.895,0.4417,0.895,0.79,0,0.722,0,0.601,1.67999,1.67826,0.141,0.701,0.0,2,0.0,0,0.722,0.994,3.0,0.331,0.491,1,1.67908,5,0.6,0.718,0.063,0.269,0.12,0.951,0.902,1.66173,1.66173,1.64207,-513122.3196,6037.8584,-1,1.66207,0.52,0.0,0.0,0.0,0.0,0,0.0,1,0,23323,0.795,0.55,0.451,20.0,20.0,0.0971,205.9,0.0,1,1,0.852,1.59509,1,1,0.825,1.54814,1,41.184,0.199,0.801,0.0,1.0,1.0,0.22,0.0,0.5,0.0,0.549,0.399,0.5,0.526,0.0,0.288,0.0,0,0,0.333,0.815,0.0,0.515,0.093,0.381,0.541,0.0,0.526,0.5,0.0,1.0,0.928
69942,2025.03.03 17:47:20,EURAUDm,MEAN_REVERSION,BUY,3,1.67894,1.67729,1.68028,0.81,0.66,1.68008,1.6809,1.67908,0,0.03,0.739,-0.6513,1.67333,1.67237,1.68196,1.66391,1,0.0,0.5,0,1.68081,0.755,0.442,0,0.0,0.0,1.68094,0.0,0.0,0,0,0,0.75,0.895,0.4417,0.895,0.341,0,0.722,0,0.601,1.67935,1.67826,0.297,0.235,0.0,2,0.0,0,0.722,1.196,3.0,0.399,0.505,2,1.68008,1,0.7,0.406,0.198,0.269,0.12,0.881,0.902,1.66173,1.66173,1.64207,-513122.3196,6037.8584,-1,1.66207,0.52,0.0,0.0,0.0,0.0,0,0.0,1,0,23323,0.795,0.55,0.451,20.0,20.0,0.0971,205.9,0.0,1,1,0.852,1.59509,1,1,0.825,1.54814,1,40.718,0.199,0.801,0.0,1.0,1.0,0.95,0.0,0.5,0.0,0.778,0.461,0.5,0.562,0.0,0.258,0.0,0,0,0.295,0.735,0.0,0.352,0.067,0.295,0.5,0.0,0.493,0.5,0.0,1.0,0.959
69944,2025.03.03 18:00:00,EURAUDm,BREAKOUT_RETEST,BUY,3,1.67922,1.6786,1.68092,2.75,0.852,1.67953,1.68072,1.67871,1,0.072,0.37,-0.249,1.67333,1.67261,1.68196,1.66436,1,0.0,0.55,0,1.67953,0.755,0.742,0,0.0,0.0,0.0,0.0,0.0,0,0,0,1.0,0.93,0.3996,0.93,0.89,2,0.528,0,0.679,1.67944,1.67862,0.205,0.193,0.0884,0,0.3,2,0.819,1.399,3.0,0.466,0.528,2,1.68072,4,0.6,0.591,0.153,0.979,0.241,0.958,0.56,1.66173,1.66173,1.64207,-513122.3196,6037.8584,-1,1.66207,0.52,0.0,0.0,0.0,0.0,0,0.0,1,0,23324,0.795,0.55,0.451,20.0,20.0,0.0969,206.4,0.0,1,1,0.852,1.59509,1,1,0.825,1.54814,1,40.769,0.199,0.801,0.0,1.0,1.0,0.84,0.0,0.5,0.0,0.639,0.528,0.5,0.513,0.0,0.346,0.0,0,0,0.309,0.86,0.0,0.591,0.1,0.672,0.509,0.0,0.461,0.5,0.0,1.0,0.926
69946,2025.03.03 18:06:40,EURAUDm,BREAKOUT,BUY,3,1.67976,1.67666,1.68492,1.67,0.421,1.67953,1.68072,1.67871,1,0.072,0.37,0.0127,1.67333,1.67261,1.68196,1.66436,1,0.0,0.55,0,1.67953,0.755,0.742,0,0.0,0.0,0.0,0.0,0.0,0,0,0,1.0,0.93,0.3996,0.93,0.988,0,0.687,0,0.679,1.67944,1.67862,0.057,0.455,0.0,2,0.0,0,0.687,0.905,3.0,0.302,0.482,1,1.67871,5,0.6,0.886,0.004,0.279,0.136,0.958,0.56,1.66173,1.66173,1.64207,-513122.3196,6037.8584,-1,1.66207,0.52,0.0,0.0,0.0,0.0,0,0.0,1,0,23324,0.795,0.55,0.451,20.0,20.0,0.0969,206.4,0.0,1,1,0.852,1.59509,1,1,0.825,1.54814,1,41.031,0.199,0.801,0.0,1.0,1.0,0.93,0.0,0.5,0.0,0.628,0.555,0.5,0.514,0.0,0.316,0.0,0,0,0.313,0.816,0.0,0.317,0.1,0.454,0.53,0.0,0.529,0.5,0.0,1.0,0.77
69948,2025.03.03 18:11:40,EURAUDm,PULLBACK,BUY,3,1.6805,1.67953,1.68216,1.71,0.659,1.67953,1.68072,1.67871,1,0.072,0.37,0.3713,1.67333,1.67261,1.68196,1.66436,1,0.0,0.55,0,1.67953,0.755,0.742,0,0.0,0.0,0.0,0.0,0.0,0,0,0,1.0,0.93,0.3996,0.93,0.609,0,0.687,0,0.679,1.67944,1.68136,0.416,0.513,0.0,2,0.0,0,0.687,1.076,3.0,0.359,0.502,2,1.67953,8,0.751,0.169,0.117,0.279,0.136,0.958,0.74,1.66173,1.66173,1.64207,-513122.3196,6037.8584,-1,1.66207,0.52,0.0,0.0,0.0,0.0,0,0.0,1,0,23324,0.795,0.55,0.451,20.0,20.0,0.0969,206.4,0.0,1,1,0.852,1.59509,1,1,0.825,1.54814,1,41.389,0.199,0.801,0.0,1.0,1.0,0.99,0.0,0.5,0.0,0.669,0.669,0.5,0.47,0.0,0.242,0.0,0,0,0.339,0.816,0.0,0.572,0.1,0.454,0.614,0.0,0.509,0.5,0.0,1.0,0.801
69950,2025.03.03 19:00:00,EURAUDm,ANCHORED_PULLBACK,BUY,3,1.68186,1.68089,1.68611,4.39,0.76,1.68077,1.68127,1.67925,0,0.402,0.143,0.4024,1.67464,1.67391,1.68228,1.66554,1,0.0,0.5,0,1.68077,0.75,0.689,0,0.0,0.0,1.68156,0.0,0.0,0,0,0,1.0,0.965,0.301,0.965,0.429,1,0.306,0,0.727,1.68077,1.68208,0.402,0.188,0.0056,2,0.15,3,0.983,1.757,3.0,0.586,0.644,2,1.68077,8,0.75,0.195,0.231,0.69,0.198,1.0,0.894,1.66173,1.66173,1.64207,-513122.3196,6037.8584,-1,1.66207,0.52,0.0,0.0,0.0,0.0,0,0.0,1,0,23325,0.795,0.55,0.451,20.0,20.8,0.0899,222.4,0.0,1,1,0.852,1.59509,1,1,0.825,1.54814,1,39.01,0.199,0.801,0.0,1.0,1.0,0.57,0.0,0.5,0.0,0.323,0.473,0.5,0.545,0.0,0.452,0.0,0,0,0.36,0.529,0.179,0.587,0.1,0.601,0.669,0.0,0.44,0.5,0.0,1.0,0.902
69951,2025.03.03 19:06:40,EURAUDm,TREND_CONTINUATION,BUY,3,1.68134,1.67867,1.6869,2.08,0.591,1.68077,1.68127,1.67925,1,0.402,0.143,0.1686,1.67464,1.67391,1.68228,1.66554,1,0.0,0.5,0,1.68077,0.75,0.689,0,0.0,0.0,1.68156,0.0,0.0,0,0,0,1.0,0.965,0.301,0.965,0.7,2,0.606,0,0.727,1.68077,1.68208,0.169,0.422,0.0,2,0.15,0,0.606,1.035,3.0,0.345,0.466,1,1.67925,5,0.6,0.663,0.15,0.29,0.198,1.0,0.894,1.66173,1.66173,1.64207,-513122.3196,6037.8584,-1,1.66207,0.52,0.0,0.0,0.0,0.0,0,0.0,1,0,23325,0.795,0.55,0.451,20.0,20.0,0.0899,222.4,0.0,1,1,0.852,1.59509,1,1,0.825,1.54814,1,38.776,0.199,0.801,0.0,1.0,1.0,0.04,0.0,0.5,0.0,0.411,0.453,0.5,0.546,0.0,0.472,0.0,0,0,0.381,0.767,0.0,0.357,0.1,0.32,0.461,0.0,0.513,0.5,0.0,1.0,0.886
69954,2025.03.03 20:06:40,EURAUDm,BREAKOUT,BUY,3,1.68439,1.68183,1.69027,2.3,0.523,1.68117,1.68243,1.67964,0,0.547,0.166,1.227,1.67935,1.67249,1.68264,1.66593,0,0.0,0.5,0,1.68117,0.715,0.542,0,0.0,0.0,1.68322,0.0,0.0,0,0,1,1.0,1.0,0.1798,1.0,0.041,0,0.676,0,0.677,1.68131,1.68355,1.168,0.217,0.0,2,0.15,0,0.676,1.332,3.0,0.444,0.492,1,1.68117,8,0.743,0.0,0.348,0.3,0.188,0.843,0.904,1.66278,1.65797,1.64233,-393010.2316,120112.088,-1,1.66121,0.52,0.0,0.0,0.0,0.0,0,0.0,1,0,23326,0.795,0.55,0.451,33.0,27.7,0.1403,235.1,0.0,1,1,0.852,1.59509,1,1,0.825,1.54814,1,37.977,0.354,0.646,0.0,1.0,1.0,0.56,0.0,0.5,0.0,0.516,0.552,0.5,0.539,0.0,0.601,0.0,0,0,0.433,0.384,0.0,0.333,0.224,0.568,0.86,0.0,0.519,0.522,0.0,1.0,0.864
69955,2025.03.03 20:11:40,EURAUDm,PULLBACK,BUY,3,1.6863,1.68319,1.69335,2.27,0.513,1.68117,1.68243,1.67964,0,0.547,0.166,2.0946,1.67935,1.67249,1.68264,1.66593,0,0.0,0.5,0,1.68117,0.715,0.542,0,0.0,0.0,1.68322,0.0,0.0,0,0,1,1.0,1.0,0.1798,1.0,0.041,0,0.676,0,0.677,1.68131,1.68355,2.035,1.084,0.0,2,0.15,0,0.676,1.332,3.0,0.444,0.492,1,1.68117,8,0.743,0.0,0.348,0.3,0.188,0.843,0.904,1.66278,1.65797,1.64233,-393010.2316,120112.088,-1,1.66121,0.52,0.0,0.0,0.0,0.0,0,0.0,1,0,23326,0.795,0.55,0.451,20.0,27.7,0.0851,235.1,0.0,1,1,0.852,1.59509,1,1,0.825,1.54814,1,38.789,0.354,0.646,0.0,1.0,1.0,0.99,0.0,0.5,0.0,0.448,0.604,0.5,0.476,0.0,0.54,0.0,0,0,0.421,0.344,0.0,0.095,0.195,0.621,0.86,0.0,0.519,0.522,0.0,1.0,0.864
69958,2025.03.03 21:06:40,EURAUDm,TREND_CONTINUATION,BUY,3,1.68462,1.68157,1.69097,2.08,0.582,1.68187,1.68405,1.67824,0,0.856,0.094,0.9533,1.67407,1.67324,1.67674,1.66276,0,0.0,0.6,0,1.68187,0.687,0.0,1,0.0,0.0,1.6867,0.0,0.0,0,0,1,1.0,1.0,0.2607,1.0,0.115,2,0.547,3,0.396,1.68163,1.68502,1.049,0.286,0.0,2,0.15,0,0.547,1.298,3.0,0.433,0.424,1,1.68187,8,0.737,0.0,0.325,0.3,0.053,0.868,0.859,1.66278,1.65797,1.64233,-393010.2316,120112.088,-1,1.66121,0.52,0.0,0.0,0.0,0.0,0,0.0,1,0,23327,0.795,0.55,0.451,33.0,23.0,0.13,253.9,0.0,1,1,0.852,1.59509,1,1,0.825,1.54814,1,35.268,0.354,0.646,0.0,1.0,1.0,0.0,0.0,0.5,0.0,0.801,0.239,0.5,0.485,0.0,0.502,0.0,0,0,0.503,0.238,0.0,0.143,0.189,1.0,0.826,0.0,0.501,0.522,0.0,1.0,0.911
69960,2025.03.03 22:00:30,EURAUDm,BREAKOUT_RETEST,BUY,1,1.68514,1.68439,1.68781,3.56,0.567,1.68189,1.68524,1.67987,1,0.005,0.353,1.0787,1.67456,1.67324,1.67674,1.66276,0,0.0,0.6,0,1.68725,0.692,0.578,0,0.0,0.0,0.0,0.0,0.0,0,0,1,1.0,0.825,0.2606,0.825,0.831,2,0.59,3,0.328,1.68479,1.68546,0.084,0.353,-0.1778,1,0.55,0,0.59,0.976,3.0,0.325,0.308,0,1.68725,8,0.738,0.831,0.571,0.247,0.193,0.705,0.849,1.66278,1.65797,1.64233,-393010.2316,120112.088,-1,1.66121,0.52,0.0,0.0,0.0,0.0,0,0.0,1,0,23328,0.795,0.55,0.451,56.0,25.9,0.2242,249.8,0.0,1,1,0.852,1.59509,1,1,0.825,1.54814,1,36.051,0.354,0.646,0.0,1.0,1.0,0.0,0.0,0.5,0.0,1.0,0.512,0.5,0.544,0.0,0.233,0.0,0,0,0.264,0.731,0.0,0.453,0.144,0.809,0.706,0.0,0.509,0.522,0.0,1.0,0.832
0,2025.03.03 22:07:40,EURAUDm,BREAKOUT,BUY,1,1.68661,1.68484,1.68866,1.16,0.396,1.68189,1.68524,1.67987,1,0.005,0.353,0.6103,1.67456,1.67324,1.67674,1.66276,0,0.0,0.6,0,1.68725,0.692,0.578,0,0.0,0.0,0.0,0.0,0.0,0,0,1,1.0,0.825,0.2606,0.825,0.255,2,0.594,3,0.328,1.68479,1.68367,0.553,0.105,0.0,2,0.25,0,0.594,1.235,3.0,0.412,0.384,1,1.68189,1,0.7,0.0,0.324,0.247,0.088,0.705,0.849,1.66278,1.65797,1.64233,-393010.2316,120112.088,-1,1.66121,0.52,0.0,0.0,0.0,0.0,0,0.0,1,0,23328,0.795,0.55,0.451,320.0,69.3,1.2811,249.8,0.0,1,1,0.852,1.59509,1,1,0.825,1.54814,1,36.639,0.354,0.646,0.0,1.0,1.0,0.0,0.0,0.5,0.0,1.0,0.463,0.5,0.552,0.0,0.22,0.0,0,0,0.276,0.612,0.0,0.241,0.17,0.923,0.65,0.0,0.503,0.522,0.0,1.0,0.848
0,2025.03.03 22:16:40,EURAUDm,PULLBACK,BUY,1,1.6863,1.6844,1.68822,1.01,0.621,1.68189,1.68524,1.67987,1,0.005,0.353,0.6624,1.67456,1.67324,1.67674,1.66276,0,0.0,0.6,0,1.68725,0.692,0.578,0,0.0,0.0,0.0,0.0,0.0,0,0,1,1.0,0.825,0.2606,0.825,0.163,2,0.594,3,0.328,1.68479,1.68367,0.501,0.053,0.0,2,0.25,0,0.594,1.276,3.0,0.425,0.389,1,1.68189,1,0.7,0.0,0.351,0.247,0.088,0.705,0.849,1.66278,1.65797,1.64233,-393010.2316,120112.088,-1,1.66121,0.52,0.0,0.0,0.0,0.0,0,0.0,1,0,23328,0.795,0.55,0.451,276.0,193.8,1.1049,249.8,0.0,1,1,0.852,1.59509,1,1,0.825,1.54814,1,36.515,0.354,0.646,0.0,1.0,1.0,0.24,0.0,0.5,0.0,1.0,0.335,0.5,0.474,0.0,0.178,0.0,0,0,0.312,0.594,0.0,0.241,0.17,0.891,0.65,0.0,0.503,0.522,0.0,1.0,0.848
69962,2025.03.03 23:08:59,EURAUDm,TREND_CONTINUATION,BUY,1,1.68594,1.68296,1.69214,2.08,0.507,1.68468,1.68724,1.6828,1,0.036,0.449,0.3002,1.67942,1.67324,1.67674,1.66276,0,0.0,0.65,0,1.68707,0.629,0.38,0,0.0,0.0,0.0,0.0,0.0,0,0,1,0.8,0.825,0.2601,0.825,0.149,2,0.647,0,0.687,1.68485,1.68553,0.231,0.044,0.0,2,0.25,0,0.647,1.283,3.0,0.428,0.469,1,1.68468,1,0.7,0.537,0.355,0.247,0.225,0.87,0.848,1.66278,1.65797,1.64233,-393010.2316,120112.088,-1,1.66121,0.52,0.0,0.0,0.0,0.0,0,0.0,1,0,23329,0.795,0.55,0.451,52.0,123.1,0.2097,247.9,0.0,1,1,0.852,1.59509,1,1,0.825,1.54814,1,36.644,0.354,0.646,0.0,1.0,1.0,0.57,0.0,0.5,0.0,0.516,0.592,0.5,0.441,0.0,0.219,0.0,0,0,0.275,0.608,0.0,0.487,0.172,0.616,0.65,0.0,0.507,0.522,0.0,1.0,0.928
69964,2025.03.04 00:01:40,EURAUDm,BREAKOUT_RETEST,BUY,1,1.68731,1.68655,1.68931,2.63,0.506,1.68474,1.68745,1.68439,1,0.097,0.275,0.8851,1.67942,1.67324,1.67674,1.66276,0,0.0,0.65,0,1.68733,0.667,0.608,0,0.0,0.0,1.68646,0.0,0.0,0,0,1,0.8,0.825,0.2594,0.825,0.454,2,0.542,0,0.599,1.68662,1.68768,0.14,0.278,0.0,2,0.4,0,0.542,1.146,3.0,0.382,0.372,1,1.68474,1,0.7,0.719,0.324,0.247,0.26,0.702,0.854,1.66247,1.66247,1.66247,0.0,393010.2316,0,1.66129,0.532,1.68322,0.43,0.0,0.0,0,0.0,1,0,23330,0.795,0.55,0.452,33.0,49.1,0.1304,253.0,0.0,1,1,0.852,1.59509,1,1,0.825,1.54814,1,36.451,0.0,1.0,0.0,0.0,1.0,0.93,0.0,0.5,0.0,0.572,0.581,0.5,0.529,0.0,0.357,0.0,0,0,0.35,0.724,0.0,0.497,0.212,0.597,0.65,0.0,0.517,0.522,0.0,1.0,0.888
69966,2025.03.04 00:09:40,EURAUDm,BREAKOUT,BUY,1,1.68719,1.6834,1.69352,1.67,0.333,1.68474,1.68745,1.68439,1,0.097,0.275,0.889,1.67942,1.67324,1.67674,1.66276,0,0.0,0.65,0,1.68733,0.667,0.608,0,0.0,0.0,1.68646,0.0,0.0,0,0,1,0.8,0.825,0.2594,0.825,0.454,2,0.542,0,0.599,1.68662,1.68768,0.144,0.275,0.0,2,0.4,0,0.542,1.146,3.0,0.382,0.372,1,1.68474,1,0.7,0.711,0.324,0.247,0.26,0.702,0.854,1.66247,1.66247,1.66247,0.0,393010.2316,0,1.66129,0.532,1.68322,0.43,0.0,0.0,0,0.0,1,0,23330,0.795,0.55,0.452,20.0,37.0,0.0791,253.0,0.0,1,1,0.852,1.59509,1,1,0.825,1.54814,1,36.403,0.0,1.0,0.0,0.0,1.0,0.83,0.0,0.5,0.0,0.791,0.559,0.5,0.535,0.0,0.37,0.0,0,0,0.344,0.724,0.0,0.497,0.212,0.609,0.65,0.0,0.517,0.522,0.0,1.0,0.888
69968,2025.03.04 00:17:40,EURAUDm,PULLBACK,BUY,1,1.68697,1.68318,1.69456,2.0,0.557,1.68474,1.68745,1.68439,1,0.097,0.275,0.8021,1.67942,1.67324,1.67674,1.66276,0,0.0,0.65,0,1.68733,0.667,0.608,0,0.0,0.0,1.68646,0.0,0.0,0,0,1,0.8,0.825,0.2594,0.825,0.451,2,0.542,0,0.599,1.68662,1.68768,0.057,0.361,0.0,2,0.4,0,0.542,1.147,3.0,0.382,0.372,1,1.68474,1,0.7,0.885,0.325,0.247,0.26,0.702,0.854,1.66247,1.66247,1.66247,0.0,393010.2316,0,1.66129,0.532,1.68322,0.43,0.0,0.0,0,0.0,1,0,23330,0.795,0.55,0.452,20.0,26.1,0.0791,253.0,0.0,1,1,0.852,1.59509,1,1,0.825,1.54814,1,36.316,0.0,1.0,0.0,0.0,1.0,0.67,0.0,0.5,0.0,0.779,0.464,0.5,0.55,0.0,0.35,0.0,0,0,0.327,0.723,0.0,0.497,0.212,0.62,0.65,0.0,0.507,0.522,0.0,1.0,0.848
69970,2025.03.04 01:08:59,EURAUDm,TREND_CONTINUATION,BUY,1,1.6879,1.68491,1.69413,2.08,0.522,1.68463,1.68682,1.68347,0,0.142,0.065,1.2344,1.67962,1.67203,1.677,1.66138,0,0.0,0.65,0,1.68463,0.668,0.128,0,0.0,0.0,1.68805,0.0,0.0,0,0,1,0.8,1.0,0.2783,1.0,0.185,2,0.611,0,0.598,1.68656,1.68746,0.459,0.097,0.0,2,0.15,0,0.611,1.267,3.0,0.422,0.458,1,1.68656,2,0.55,0.082,0.304,0.3,0.172,0.842,0.823,1.66247,1.66247,1.66247,0.0,393010.2316,0,1.66129,0.532,1.68322,0.43,0.0,0.0,0,0.0,1,0,23331,0.795,0.55,0.452,20.0,20.0,0.0803,249.0,0.0,1,1,0.852,1.59509,1,1,0.825,1.54814,1,37.273,0.0,1.0,0.0,0.0,1.0,0.63,0.0,0.5,0.0,0.589,0.426,0.5,0.516,0.0,0.486,0.0,0,0,0.394,0.553,0.579,0.333,0.221,0.163,0.436,0.0,0.517,0.522,0.0,1.0,0.928
69972,2025.03.04 02:01:40,EURAUDm,ANCHORED_PULLBACK,BUY,1,1.68903,1.68813,1.69384,5.35,0.568,1.68742,1.68882,1.68539,0,0.565,0.181,0.5649,1.67925,1.67396,1.68207,1.66438,0,0.0,0.55,0,1.68742,0.721,0.455,0,0.0,0.0,1.68888,0.0,0.0,0,0,1,1.0,1.0,0.2714,1.0,0.457,2,0.641,2,0.026,1.68726,1.68928,0.627,0.181,0.0,2,0.15,0,0.641,1.144,3.0,0.381,0.395,1,1.68742,8,0.744,0.0,0.223,0.3,0.053,0.968,0.917,1.66247,1.66247,1.66247,0.0,393010.2316,0,1.66129,0.532,1.68322,0.43,0.0,0.0,0,0.0,1,0,23332,0.795,0.55,0.452,20.0,20.0,0.0799,250.4,0.0,1,1,0.852,1.59509,1,1,0.825,1.54814,1,37.512,0.0,1.0,0.0,0.0,1.0,0.54,0.0,0.5,0.0,0.726,0.512,0.5,0.458,0.0,0.675,0.0,0,0,0.415,0.545,0.0,0.19,0.37,0.475,0.435,0.0,0.515,0.522,0.0,1.0,0.864
69974,2025.03.04 02:02:40,EURAUDm,BREAKOUT_RETEST,BUY,1,1.68873,1.68736,1.69073,1.47,0.608,1.68742,1.68882,1.68539,1,0.565,0.181,0.4451,1.67925,1.67396,1.68207,1.66438,0,0.0,0.55,0,1.68742,0.721,0.455,0,0.0,0.0,1.68888,0.0,0.0,0,0,1,1.0,1.0,0.2714,1.0,0.507,2,0.641,2,0.026,1.68726,1.68928,0.507,0.301,0.0,2,0.15,0,0.641,1.122,3.0,0.374,0.393,1,1.68742,8,0.744,0.0,0.208,0.3,0.053,0.968,0.917,1.66247,1.66247,1.66247,0.0,393010.2316,0,1.66129,0.532,1.68322,0.43,0.0,0.0,0,0.0,1,0,23332,0.795,0.55,0.452,20.0,20.0,0.0799,250.4,0.0,1,1,0.852,1.59509,1,1,0.825,1.54814,1,37.392,0.0,1.0,0.0,0.0,1.0,0.15,0.0,0.5,0.0,0.726,0.484,0.5,0.45,0.0,0.65,0.0,0,0,0.404,0.581,0.0,0.19,0.329,0.422,0.435,0.0,0.515,0.522,0.0,1.0,0.824
69976,2025.03.04 02:09:40,EURAUDm,BREAKOUT,BUY,1,1.68977,1.68736,1.69603,2.6,0.503,1.68742,1.68882,1.68539,0,0.565,0.181,0.8604,1.67925,1.67396,1.68207,1.66438,0,0.0,0.55,0,1.68742,0.721,0.455,0,0.0,0.0,1.68888,0.0,0.0,0,0,1,1.0,1.0,0.2714,1.0,0.107,2,0.641,2,0.026,1.68726,1.68928,0.923,0.114,0.0,2,0.15,0,0.641,1.302,3.0,0.434,0.414,1,1.68742,8,0.744,0.0,0.328,0.3,0.053,0.968,0.917,1.66247,1.66247,1.66247,0.0,393010.2316,0,1.66129,0.532,1.68322,0.43,0.0,0.0,0,0.0,1,0,23332,0.795,0.55,0.452,20.0,20.0,0.0799,250.4,0.0,1,1,0.852,1.59509,1,1,0.825,1.54814,1,37.807,0.0,1.0,0.0,0.0,1.0,0.97,0.0,0.5,0.0,0.773,0.538,0.5,0.538,0.0,0.739,0.0,0,0,0.48,0.386,0.0,0.57,0.37,0.475,0.859,0.0,0.513,0.522,0.0,1.0,0.864
69978,2025.03.04 02:17:40,EURAUDm,PULLBACK,BUY,1,1.69088,1.68883,1.69839,3.67,0.493,1.68742,1.68882,1.68539,0,0.565,0.181,1.3037,1.67925,1.67396,1.68207,1.66438,0,0.0,0.55,0,1.68742,0.721,0.455,0,0.0,0.0,1.68888,0.0,0.0,0,0,1,1.0,1.0,0.2714,1.0,0.107,2,0.641,2,0.026,1.68726,1.68928,1.366,0.557,0.0,2,0.15,0,0.641,1.302,3.0,0.434,0.414,1,1.68742,8,0.744,0.0,0.328,0.3,0.053,0.968,0.917,1.66247,1.66247,1.66247,0.0,393010.2316,0,1.66129,0.532,1.68322,0.43,0.0,0.0,0,0.0,1,0,23332,0.795,0.55,0.452,20.0,20.0,0.0799,250.4,0.0,1,1,0.852,1.59509,1,1,0.825,1.54814,1,38.25,0.0,1.0,0.0,0.0,1.0,0.87,0.0,0.5,0.0,0.523,0.691,0.5,0.472,0.0,0.728,0.0,0,0,0.547,0.347,0.0,0.238,0.322,0.674,0.859,0.0,0.513,0.522,0.0,1.0,0.864
69980,2025.03.04 03:08:59,EURAUDm,TREND_CONTINUATION,BUY,1,1.69011,1.68708,1.69642,2.08,0.601,1.6886,1.68907,1.68623,0,0.414,0.338,0.5193,1.6799,1.67215,1.68193,1.66386,0,0.0,0.45,0,1.6886,0.778,0.326,0,0.0,0.0,1.6887,0.0,0.0,0,0,1,1.0,1.0,0.2962,1.0,0.285,2,0.539,0,0.715,1.68876,1.68986,0.457,0.018,0.0,2,0.0,0,0.539,1.222,3.0,0.407,0.487,1,1.6886,8,0.756,0.087,0.214,0.3,0.143,0.96,0.705,1.66247,1.66247,1.66247,0.0,393010.2316,0,1.66129,0.532,1.68322,0.43,0.0,0.0,0,0.0,1,0,23333,0.795,0.55,0.452,20.0,20.0,0.0793,252.3,0.0,1,1,0.852,1.59509,1,1,0.825,1.54814,1,37.664,0.0,1.0,0.0,0.0,1.0,0.51,0.0,0.5,0.0,0.666,0.486,0.5,0.42,0.0,0.377,0.0,0,0,0.285,0.569,0.0,0.475,0.32,0.635,0.855,0.0,0.508,0.522,0.0,1.0,0.931
69982,2025.03.04 04:01:40,EURAUDm,ANCHORED_PULLBACK,BUY,1,1.69158,1.69034,1.69652,4.0,0.269,1.68863,1.68974,1.68703,0,0.08,0.208,1.0698,1.6799,1.67425,1.68515,1.6648,0,0.0,0.55,0,1.68863,0.8,0.463,0,0.0,0.0,1.68963,0.0,0.0,0,0,1,1.0,1.0,0.299,1.0,0.164,0,0.667,0,0.775,1.68961,1.6906,0.686,0.303,0.0,2,0.15,0,0.667,1.276,3.0,0.425,0.481,1,1.68863,8,0.76,0.0,0.311,0.3,0.208,0.729,0.711,1.66265,1.66265,1.64193,-512027.8856,-512027.8856,-2,1.66168,0.533,1.68489,0.4,0.0,0.0,0,0.0,1,0,23334,0.795,0.55,0.452,20.0,20.0,0.0778,257.2,0.0,1,1,0.852,1.59509,1,1,0.825,1.54814,1,37.513,0.204,0.796,0.0,0.0,1.0,0.99,0.0,0.5,0.932,1.0,0.722,0.5,0.558,0.0,0.27,0.0,0,0,0.409,0.465,0.0,0.238,0.324,0.518,0.86,0.0,0.506,0.522,0.0,1.0,0.928
69984,2025.03.04 04:09:40,EURAUDm,BREAKOUT,BUY,1,1.69003,1.68617,1.69646,1.67,0.514,1.68863,1.68974,1.68703,0,0.08,0.208,0.4672,1.6799,1.67425,1.68515,1.6648,0,0.0,0.55,0,1.68863,0.8,0.463,0,0.0,0.0,1.68963,0.0,0.0,0,0,1,1.0,1.0,0.299,1.0,0.612,0,0.667,0,0.775,1.68961,1.6906,0.084,0.299,0.0,2,0.15,0,0.667,1.074,3.0,0.358,0.458,1,1.68863,8,0.76,0.832,0.176,0.3,0.208,0.729,0.711,1.66265,1.66265,1.64193,-512027.8856,-512027.8856,-2,1.66168,0.533,1.68489,0.4,0.0,0.0,0,0.0,1,0,23334,0.795,0.55,0.452,20.0,21.6,0.0778,257.2,0.0,1,1,0.852,1.59509,1,1,0.825,1.54814,1,36.911,0.204,0.796,0.0,0.0,1.0,0.56,0.0,0.5,0.0,0.836,0.371,0.5,0.515,0.0,0.342,0.0,0,0,0.369,0.572,0.0,0.476,0.373,0.55,0.841,0.0,0.506,0.522,0.0,1.0,0.928
69986,2025.03.04 04:17:40,EURAUDm,PULLBACK,BUY,1,1.69066,1.68958,1.69838,7.11,0.508,1.68863,1.68974,1.68703,0,0.08,0.208,0.7121,1.6799,1.67425,1.68515,1.6648,0,0.0,0.55,0,1.68863,0.8,0.463,0,0.0,0.0,1.68963,0.0,0.0,0,0,1,1.0,1.0,0.299,1.0,0.36,0,0.667,0,0.775,1.68961,1.6906,0.329,0.055,0.0,2,0.15,0,0.667,1.188,3.0,0.396,0.471,1,1.68961,2,0.55,0.342,0.252,0.3,0.208,0.729,0.711,1.66265,1.66265,1.64193,-512027.8856,-512027.8856,-2,1.66168,0.533,1.68489,0.4,0.0,0.0,0,0.0,1,0,23334,0.795,0.55,0.452,20.0,21.6,0.0778,257.2,0.0,1,1,0.852,1.59509,1,1,0.825,1.54814,1,37.156,0.204,0.796,0.0,0.0,1.0,0.71,0.0,0.5,0.0,0.735,0.463,0.5,0.497,0.0,0.382,0.0,0,0,0.324,0.523,0.0,0.571,0.373,0.55,0.86,0.0,0.506,0.522,0.0,1.0,0.928
69988,2025.03.04 05:06:40,EURAUDm,BREAKOUT_RETEST,BUY,1,1.69029,1.68953,1.69107,1.03,0.617,1.68869,1.69087,1.68811,1,0.654,0.018,0.555,1.67916,1.6745,1.68118,1.66337,0,0.0,0.6,0,1.68869,0.737,0.563,0,0.0,0.0,1.69108,0.0,0.0,0,0,1,1.0,1.0,0.2921,1.0,0.669,2,0.563,0,0.751,1.68961,1.69133,0.192,0.49,0.0,2,0.15,0,0.563,1.049,3.0,0.35,0.422,1,1.69087,4,0.6,0.617,0.159,0.3,0.203,0.702,0.71,1.66265,1.66265,1.64193,-512027.8856,-512027.8856,-2,1.66168,0.533,1.68489,0.4,0.0,0.0,0,0.0,1,0,23335,0.795,0.55,0.452,20.0,23.1,0.079,253.1,0.0,1,1,0.852,1.59509,1,1,0.825,1.54814,1,37.607,0.204,0.796,0.0,0.0,1.0,0.24,0.0,0.5,0.845,0.747,0.463,0.5,0.484,0.0,0.376,0.0,0,0,0.318,0.596,0.0,0.385,0.274,0.399,0.436,0.0,0.529,0.522,0.0,1.0,0.834
69990,2025.03.04 05:08:59,EURAUDm,TREND_CONTINUATION,BUY,1,1.69057,1.68753,1.6969,2.08,0.581,1.68869,1.69087,1.68811,1,0.654,0.018,0.6656,1.67916,1.6745,1.68118,1.66337,0,0.0,0.6,0,1.68869,0.737,0.563,0,0.0,0.0,1.69108,0.0,0.0,0,0,1,1.0,1.0,0.2921,1.0,0.685,2,0.563,0,0.751,1.68961,1.69133,0.302,0.379,0.0,2,0.15,0,0.563,1.042,3.0,0.347,0.422,1,1.68961,2,0.55,0.396,0.155,0.3,0.203,0.702,0.71,1.66265,1.66265,1.64193,-512027.8856,-512027.8856,-2,1.66168,0.533,1.68489,0.4,0.0,0.0,0,0.0,1,0,23335,0.795,0.55,0.452,20.0,23.9,0.079,253.1,0.0,1,1,0.852,1.59509,1,1,0.825,1.54814,1,37.718,0.204,0.796,0.0,0.0,1.0,0.36,0.0,0.5,0.0,0.747,0.452,0.5,0.503,0.0,0.391,0.0,0,0,0.336,0.599,0.0,0.385,0.274,0.399,0.436,0.0,0.529,0.522,0.0,1.0,0.874
69992,2025.03.04 06:01:40,EURAUDm,ANCHORED_PULLBACK,BUY,1,1.6905,1.69028,1.69159,5.06,0.448,1.69098,1.69159,1.6894,1,0.135,0.603,-0.2631,1.67963,1.67194,1.68199,1.66344,0,0.0,0.45,0,1.69098,0.713,0.386,0,0.0,0.0,1.69106,0.0,0.0,0,0,1,0.8,1.0,0.2692,1.0,0.63,2,0.619,0,0.599,1.68977,1.6922,0.205,0.732,0.0,2,0.0,0,0.619,1.067,3.0,0.356,0.442,1,1.6894,5,0.6,0.589,0.111,0.3,0.12,0.705,0.923,1.66265,1.66265,1.64193,-512027.8856,-512027.8856,-2,1.66168,0.533,1.68489,0.4,0.0,0.0,0,0.0,1,0,23336,0.795,0.55,0.452,20.0,20.0,0.077,259.9,0.0,1,1,0.852,1.59509,1,1,0.825,1.54814,1,36.716,0.204,0.796,0.0,0.0,1.0,0.0,0.0,0.5,0.0,0.866,0.395,0.5,0.496,0.0,0.348,0.0,0,0,0.351,0.883,0.0,0.57,0.245,0.403,0.461,0.0,0.504,0.522,0.0,1.0,0.931
69994,2025.03.04 07:05:40,EURAUDm,SWEEP_REVERSAL,BUY,1,1.68895,1.68631,1.6912,0.85,0.154,1.691,1.6916,1.68918,0,0.353,1.363,-0.8518,1.67963,1.67194,1.68199,1.66344,0,0.0,0.5,0,1.691,0.762,0.385,0,0.0,0.0,1.68934,0.0,0.0,0,0,1,1.0,1.0,0.342,1.0,0.436,2,0.598,0,0.728,1.68942,1.69221,0.255,1.311,0.0,2,0.0,0,0.598,1.154,3.0,0.385,0.468,1,1.691,8,0.752,0.49,0.169,0.3,0.146,0.746,0.923,1.66265,1.66265,1.64193,-512027.8856,-512027.8856,-2,1.66168,0.533,1.68489,0.4,0.0,0.0,0,0.0,1,0,23337,0.795,0.55,0.452,20.0,20.0,0.0759,263.6,0.0,1,1,0.852,1.59509,1,1,0.825,1.54814,1,35.611,0.204,0.796,0.0,0.0,1.0,0.99,0.0,0.5,0.0,0.739,0.508,0.5,0.536,0.0,0.29,0.0,0,0,0.282,0.75,0.0,0.238,0.249,0.408,0.436,0.0,0.501,0.522,0.0,1.0,1.011
69996,2025.03.04 07:10:40,EURAUDm,BREAKOUT_RETEST,BUY,1,1.6898,1.68901,1.6912,1.76,0.626,1.691,1.6916,1.68918,1,0.353,1.363,-0.5293,1.67963,1.67194,1.68199,1.66344,0,0.0,0.5,0,1.691,0.762,0.385,0,0.0,0.0,1.68934,0.0,0.0,0,0,1,1.0,1.0,0.342,1.0,0.736,2,0.598,0,0.728,1.68942,1.69221,0.068,0.988,0.0,2,0.0,0,0.598,1.019,3.0,0.34,0.453,1,1.691,8,0.752,0.865,0.079,0.3,0.146,0.746,0.923,1.66265,1.66265,1.64193,-512027.8856,-512027.8856,-2,1.66168,0.533,1.68489,0.4,0.0,0.0,0,0.0,1,0,23337,0.795,0.55,0.452,20.0,20.0,0.0759,263.6,0.0,1,1,0.852,1.59509,1,1,0.825,1.54814,1,35.933,0.204,0.796,0.0,0.0,1.0,0.99,0.0,0.5,0.0,0.731,0.708,0.5,0.528,0.0,0.307,0.0,0,0,0.406,0.684,0.0,0.428,0.189,0.363,0.65,0.0,0.521,0.522,0.0,1.0,0.979
69998,2025.03.04 07:14:00,EURAUDm,BREAKOUT,BUY,1,1.69046,1.68924,1.69216,1.39,0.416,1.691,1.6916,1.68918,1,0.353,1.363,-0.2789,1.67963,1.67194,1.68199,1.66344,0,0.0,0.5,0,1.691,0.762,0.385,0,0.0,0.0,1.68934,0.0,0.0,0,0,1,1.0,1.0,0.342,1.0,0.527,2,0.598,0,0.728,1.68942,1.69221,0.318,0.738,0.0,2,0.0,0,0.598,1.113,3.0,0.371,0.464,1,1.68942,2,0.55,0.364,0.142,0.3,0.146,0.746,0.923,1.66265,1.66265,1.64193,-512027.8856,-512027.8856,-2,1.66168,0.533,1.68489,0.4,0.0,0.0,0,0.0,1,0,23337,0.795,0.55,0.452,20.0,20.8,0.0759,263.6,0.0,1,1,0.852,1.59509,1,1,0.825,1.54814,1,36.184,0.204,0.796,0.0,0.0,1.0,0.99,0.0,0.5,0.0,0.788,0.719,0.5,0.528,0.0,0.265,0.0,0,0,0.396,0.864,0.0,0.475,0.244,0.399,0.65,0.0,0.512,0.522,0.0,1.0,0.931
70000,2025.03.04 07:15:40,EURAUDm,PULLBACK,BUY,1,1.69046,1.68928,1.69216,1.44,0.656,1.691,1.6916,1.68918,1,0.353,1.363,-0.2789,1.67963,1.67194,1.68199,1.66344,0,0.0,0.5,0,1.691,0.762,0.385,0,0.0,0.0,1.68934,0.0,0.0,0,0,1,1.0,1.0,0.342,1.0,0.527,2,0.598,0,0.728,1.68942,1.69221,0.318,0.738,0.0,2,0.0,0,0.598,1.113,3.0,0.371,0.464,1,1.68942,2,0.55,0.364,0.142,0.3,0.146,0.746,0.923,1.66265,1.66265,1.64193,-512027.8856,-512027.8856,-2,1.66168,0.533,1.68489,0.4,0.0,0.0,0,0.0,1,0,23337,0.795,0.55,0.452,20.0,20.8,0.0759,263.6,0.0,1,1,0.852,1.59509,1,1,0.825,1.54814,1,36.184,0.204,0.796,0.0,0.0,1.0,0.92,0.0,0.5,0.0,0.575,0.734,0.5,0.495,0.0,0.284,0.0,0,0,0.403,0.864,0.0,0.475,0.244,0.399,0.65,0.0,0.512,0.522,0.0,1.0,0.931
70002,2025.03.04 07:51:40,EURAUDm,TREND_CONTINUATION,BUY,1,1.69109,1.68793,1.69768,2.08,0.594,1.691,1.6916,1.68918,1,0.353,1.363,-0.0398,1.67963,1.67194,1.68199,1.66344,0,0.0,0.5,0,1.691,0.762,0.385,0,0.0,0.0,1.68934,0.0,0.0,0,0,1,1.0,1.0,0.342,1.0,1.0,2,0.598,0,0.728,1.69112,1.69221,0.086,0.499,0.0,2,0.0,0,0.598,0.9,3.0,0.3,0.463,1,1.68918,5,0.6,0.829,0.0,0.3,0.146,0.938,0.923,1.66265,1.66265,1.64193,-512027.8856,-512027.8856,-2,1.66168,0.533,1.68489,0.4,0.0,0.0,0,0.0,1,0,23337,0.795,0.55,0.452,20.0,20.0,0.0759,263.6,0.0,1,1,0.852,1.59509,1,1,0.825,1.54814,1,36.423,0.204,0.796,0.0,0.0,1.0,0.99,0.0,0.5,0.0,0.337,0.604,0.5,0.494,0.0,0.471,0.0,0,0,0.399,0.859,0.0,0.257,0.252,0.497,0.65,0.0,0.532,0.522,0.0,1.0,0.898
70003,2025.03.04 08:06:40,EURAUDm,ANCHORED_PULLBACK,BUY,2,1.6914,1.68981,1.69661,3.27,0.472,1.68921,1.69118,1.68886,0,0.068,0.498,0.7376,1.67919,1.67194,1.68199,1.66344,0,0.0,0.5,0,1.68921,0.783,0.254,0,0.0,0.0,1.69062,0.0,0.0,0,0,1,0.8,0.825,0.2955,0.825,0.832,2,0.588,0,0.773,1.69095,1.69223,0.092,0.381,0.0,2,0.25,0,0.588,0.976,3.0,0.325,0.443,1,1.68921,8,0.757,0.815,0.151,0.247,0.242,0.981,0.921,1.66212,1.65784,1.64213,-375850.5727,136177.3129,-1,1.66141,0.544,1.68539,0.385,0.0,0.0,0,0.0,1,0,23338,0.795,0.55,0.452,20.0,20.0,0.074,270.3,0.0,1,1,0.852,1.59509,1,1,0.825,1.54814,1,35.633,0.378,0.622,0.0,1.0,1.0,0.98,0.0,0.5,0.0,0.408,0.743,0.5,0.583,0.0,0.559,0.0,0,0,0.544,0.722,0.0,0.307,0.305,0.462,0.802,0.0,0.51,0.522,0.0,1.0,1.06
70006,2025.03.04 09:10:40,EURAUDm,BREAKOUT_RETEST,BUY,2,1.69127,1.68934,1.69375,1.28,0.58,1.68942,1.69175,1.68816,1,0.9,0.254,0.589,1.67979,1.67327,1.68227,1.66428,0,0.0,0.5,2,1.68942,0.753,0.303,0,0.0,0.0,1.69389,0.0,0.0,0,0,1,1.0,0.825,0.2036,0.825,0.96,0,0.653,3,0.306,1.69104,1.69283,0.012,0.629,0.0,2,0.4,0,0.653,0.918,3.0,0.306,0.352,1,1.68942,8,0.751,0.976,0.172,0.247,0.14,0.831,0.9,1.66212,1.65784,1.64213,-375850.5727,136177.3129,-1,1.66141,0.544,1.68539,0.385,0.0,0.0,0,0.0,1,0,23339,0.795,0.55,0.452,20.0,20.1,0.0713,280.4,0.0,1,1,0.852,1.59509,1,1,0.825,1.54814,1,34.298,0.378,0.622,0.0,1.0,1.0,0.06,0.0,0.5,0.0,0.445,0.256,0.5,0.484,0.0,0.431,0.0,0,0,0.464,0.522,0.0,0.133,0.244,0.33,0.721,0.0,0.502,0.522,0.0,1.0,0.874
70007,2025.03.04 09:14:00,EURAUDm,BREAKOUT,BUY,2,1.69106,1.68934,1.69465,2.09,0.39,1.68942,1.69175,1.68816,1,0.9,0.254,0.5141,1.67979,1.67327,1.68227,1.66428,0,0.0,0.5,2,1.68942,0.753,0.303,0,0.0,0.0,1.69389,0.0,0.0,0,0,1,1.0,0.825,0.2036,0.825,0.807,0,0.653,3,0.306,1.69104,1.69283,0.063,0.704,0.0,2,0.4,0,0.653,0.987,3.0,0.329,0.36,1,1.68942,8,0.751,0.874,0.218,0.247,0.14,0.831,0.9,1.66212,1.65784,1.64213,-375850.5727,136177.3129,-1,1.66141,0.544,1.68539,0.385,0.0,0.0,0,0.0,1,0,23339,0.795,0.55,0.452,20.0,20.1,0.0713,280.4,0.0,1,1,0.852,1.59509,1,1,0.825,1.54814,1,34.223,0.378,0.622,0.0,1.0,1.0,0.12,0.0,0.5,0.0,0.445,0.162,0.5,0.466,0.0,0.415,0.0,0,0,0.508,0.49,0.0,0.222,0.244,0.33,0.709,0.0,0.512,0.522,0.0,1.0,0.834
70008,2025.03.04 09:15:40,EURAUDm,PULLBACK,BUY,2,1.69132,1.68934,1.69465,1.68,0.612,1.68942,1.69175,1.68816,1,0.9,0.254,0.6068,1.67979,1.67327,1.68227,1.66428,0,0.0,0.5,2,1.68942,0.753,0.303,0,0.0,0.0,1.69389,0.0,0.0,0,0,1,1.0,0.825,0.2036,0.825,0.96,0,0.653,3,0.306,1.69104,1.69283,0.03,0.611,0.0,2,0.4,0,0.653,0.918,3.0,0.306,0.352,1,1.68942,8,0.751,0.94,0.172,0.247,0.14,0.831,0.9,1.66212,1.65784,1.64213,-375850.5727,136177.3129,-1,1.66141,0.544,1.68539,0.385,0.0,0.0,0,0.0,1,0,23339,0.795,0.55,0.452,20.0,20.1,0.0713,280.4,0.0,1,1,0.852,1.59509,1,1,0.825,1.54814,1,34.315,0.378,0.622,0.0,1.0,1.0,0.31,0.0,0.5,0.0,0.468,0.192,0.5,0.508,0.0,0.42,0.0,0,0,0.505,0.522,0.0,0.133,0.244,0.438,0.724,0.0,0.502,0.522,0.0,1.0,0.874
70012,2025.03.04 09:51:59,EURAUDm,TREND_CONTINUATION,BUY,2,1.68926,1.68589,1.69465,1.6,0.546,1.68942,1.69175,1.68816,1,0.9,0.254,-0.1278,1.67979,1.67327,1.68227,1.66428,0,0.0,0.5,2,1.68942,0.753,0.303,0,0.0,0.0,1.69389,0.0,0.0,0,0,1,1.0,0.825,0.2036,0.825,0.828,0,0.653,3,0.306,1.68924,1.69283,0.064,1.346,0.0,2,0.4,0,0.653,0.977,3.0,0.326,0.366,1,1.68816,5,0.6,0.873,0.212,0.247,0.14,0.881,0.9,1.66212,1.65784,1.64213,-375850.5727,136177.3129,-1,1.66141,0.544,1.68539,0.385,0.0,0.0,0,0.0,1,0,23339,0.795,0.55,0.452,20.0,21.6,0.0713,280.4,0.0,1,1,0.852,1.59509,1,1,0.825,1.54814,1,33.581,0.378,0.622,0.0,1.0,1.0,0.14,0.0,0.5,0.0,0.839,0.339,0.5,0.529,0.0,0.405,0.0,0,0,0.417,0.581,0.0,0.355,0.268,0.629,0.65,0.0,0.512,0.522,0.0,1.0,0.753
70014,2025.03.04 10:06:40,EURAUDm,ANCHORED_PULLBACK,BUY,2,1.68962,1.6886,1.6914,1.74,0.588,1.68942,1.6914,1.68816,1,0.003,1.099,0.0006,1.67991,1.67327,1.68227,1.66428,0,0.0,0.45,2,1.68942,0.749,0.54,0,0.0,0.0,1.68948,0.0,0.0,0,0,1,0.8,1.0,0.1804,1.0,1.0,0,0.653,3,0.622,1.68924,1.69283,0.061,1.157,0.0,2,0.0,0,0.653,0.9,3.0,0.3,0.453,1,1.68816,5,0.6,0.877,0.0,0.3,0.0,0.854,0.928,1.66212,1.65784,1.64213,-375850.5727,136177.3129,-1,1.66141,0.544,1.68539,0.385,0.0,0.0,0,0.0,1,0,23340,0.81,0.544,0.454,20.0,20.1,0.0678,295.1,0.0,1,1,0.852,1.59509,1,1,0.825,1.54814,1,32.029,0.378,0.622,0.0,1.0,1.0,0.52,0.0,0.5,0.0,0.81,0.425,0.5,0.502,0.0,0.48,0.0,0,0,0.388,0.736,0.0,0.47,0.589,0.507,0.461,0.0,0.494,0.522,0.0,1.0,0.898
70016,2025.03.04 10:27:40,EURAUDm,MEAN_REVERSION,BUY,2,1.68904,1.68806,1.6916,2.62,0.618,1.68942,1.6914,1.68816,1,0.003,1.099,-0.1959,1.67991,1.67327,1.68227,1.66428,0,0.0,0.45,2,1.68942,0.749,0.54,0,0.0,0.0,1.68948,0.0,0.0,0,0,1,0.8,1.0,0.1804,1.0,0.325,0,0.653,3,0.622,1.68924,1.69283,0.135,1.353,0.0,2,0.0,0,0.653,1.204,3.0,0.401,0.488,1,1.6914,4,0.6,0.73,0.202,0.3,0.0,0.854,0.928,1.66212,1.65784,1.64213,-375850.5727,136177.3129,-1,1.66141,0.544,1.68539,0.385,0.0,0.0,0,0.0,1,0,23340,0.81,0.544,0.454,20.0,20.0,0.0678,295.1,0.0,1,1,0.852,1.59509,1,1,0.825,1.54814,1,31.832,0.378,0.622,0.0,1.0,1.0,0.0,0.0,0.5,0.0,1.0,0.425,0.5,0.544,0.0,0.37,0.0,0,0,0.356,0.883,0.0,0.38,0.693,0.608,0.461,0.0,0.483,0.522,0.0,1.0,0.931
70018,2025.03.04 11:32:40,EURAUDm,BREAKOUT,BUY,2,1.69019,1.68907,1.69289,2.42,0.349,1.68915,1.69145,1.68861,1,0.091,1.395,0.3104,1.68965,1.67327,1.68227,1.66428,0,0.0,0.4,2,1.68915,0.735,0.0,2,0.0,0.0,0.0,0.0,0.0,0,0,1,0.8,0.825,0.1178,0.825,0.499,2,0.592,3,0.756,1.6895,1.68844,0.18,0.571,0.0,2,0.25,0,0.592,1.126,3.0,0.375,0.436,1,1.68915,8,0.747,0.64,0.25,0.247,0.088,0.8,0.896,1.66212,1.65784,1.64213,-375850.5727,136177.3129,-1,1.66141,0.544,1.68539,0.385,0.0,0.0,0,0.0,1,0,23341,0.81,0.544,0.454,20.0,20.0,0.0736,271.8,0.0,1,1,0.852,1.59509,1,1,0.825,1.54814,1,34.991,0.378,0.622,0.0,1.0,1.0,0.99,0.0,0.5,0.0,0.62,0.675,0.5,0.515,0.0,0.288,0.0,0,0,0.375,0.647,0.0,0.53,0.414,0.429,0.65,0.0,0.477,0.522,0.0,1.0,0.931
70020,2025.03.04 11:35:40,EURAUDm,PULLBACK,BUY,2,1.69038,1.68907,1.69289,1.92,0.566,1.68915,1.69145,1.68861,1,0.091,1.395,0.3804,1.68965,1.67327,1.68227,1.66428,0,0.0,0.4,2,1.68915,0.735,0.0,2,0.0,0.0,0.0,0.0,0.0,0,0,1,0.8,0.825,0.1178,0.825,0.459,2,0.592,3,0.756,1.69056,1.68844,0.141,0.641,0.0,2,0.25,0,0.592,1.144,3.0,0.381,0.407,1,1.68915,8,0.747,0.717,0.262,0.247,0.088,0.549,0.896,1.66212,1.65784,1.64213,-375850.5727,136177.3129,-1,1.66141,0.544,1.68539,0.385,0.0,0.0,0,0.0,1,0,23341,0.81,0.544,0.454,20.0,20.0,0.0736,271.8,0.0,1,1,0.852,1.59509,1,1,0.825,1.54814,1,35.061,0.378,0.622,0.0,1.0,1.0,0.99,0.0,0.5,0.0,0.565,0.67,0.5,0.532,0.0,0.295,0.0,0,0,0.38,0.64,0.0,0.627,0.414,0.385,0.65,0.0,0.477,0.522,0.0,1.0,0.931
70022,2025.03.04 12:00:00,EURAUDm,BREAKOUT_RETEST,BUY,2,1.6908,1.68996,1.69336,3.06,0.76,1.68945,1.69164,1.68861,1,0.17,0.676,0.4116,1.68965,1.67327,1.68227,1.66428,0,0.0,0.45,2,1.68945,0.729,0.527,0,0.0,0.0,0.0,0.0,0.0,0,0,1,0.764,0.9638,0.0455,0.964,0.344,2,0.54,1,0.331,1.68962,1.69282,0.351,0.797,0.0707,0,0.0,2,0.765,1.645,3.0,0.548,0.525,2,1.68945,8,0.746,0.298,0.197,0.989,0.0,0.803,0.91,1.6618,1.65733,1.64242,-328724.4094,47126.1633,-1,1.66136,0.553,1.68521,0.368,0.0,0.0,0,0.002,1,0,23342,0.81,0.544,0.454,20.0,20.8,0.0717,278.8,0.0,1,1,0.852,1.59509,1,1,0.825,1.54814,1,34.331,0.262,0.738,0.0,1.0,1.0,0.93,0.0,0.5,0.0,0.326,0.539,0.5,0.473,0.0,0.418,0.0,0,0,0.332,0.663,0.0,0.517,0.401,0.566,0.65,0.0,0.436,0.522,0.0,1.0,1.018
70024,2025.03.04 12:39:40,EURAUDm,MEAN_REVERSION,BUY,2,1.6894,1.68853,1.69184,2.81,0.576,1.68945,1.69164,1.68861,1,0.17,0.676,-0.0906,1.68965,1.67327,1.68227,1.66428,0,0.0,0.45,2,1.68945,0.729,0.527,0,0.0,0.0,0.0,0.0,0.0,0,0,1,0.764,0.9638,0.0455,0.964,0.926,2,0.605,1,0.331,1.68962,1.69282,0.151,1.299,0.0,2,0.0,0,0.605,0.933,3.0,0.311,0.402,1,1.69164,4,0.6,0.698,0.022,0.289,0.0,0.803,0.91,1.6618,1.65733,1.64242,-328724.4094,47126.1633,-1,1.66136,0.553,1.68521,0.368,0.0,0.0,0,0.002,1,0,23342,0.81,0.544,0.454,20.0,20.0,0.0717,278.8,0.0,1,1,0.852,1.59509,1,1,0.825,1.54814,1,33.829,0.262,0.738,0.0,1.0,1.0,0.0,0.0,0.5,0.0,0.528,0.463,0.5,0.558,0.0,0.497,0.0,0,0,0.388,0.882,0.0,0.342,0.505,0.349,0.65,0.0,0.495,0.522,0.0,1.0,0.898
70026,2025.03.04 12:52:20,EURAUDm,TREND_CONTINUATION,BUY,2,1.69132,1.68797,1.69829,2.08,0.501,1.68945,1.69164,1.68861,1,0.17,0.676,0.5981,1.68965,1.67327,1.68227,1.66428,0,0.0,0.45,2,1.68945,0.729,0.527,0,0.0,0.0,0.0,0.0,0.0,0,0,1,0.764,0.9638,0.0455,0.964,0.197,2,0.605,1,0.331,1.68962,1.69282,0.538,0.611,0.0,2,0.0,0,0.605,1.261,3.0,0.42,0.44,1,1.68945,8,0.746,0.0,0.241,0.289,0.0,0.803,0.91,1.6618,1.65733,1.64242,-328724.4094,47126.1633,-1,1.66136,0.553,1.68521,0.368,0.0,0.0,0,0.002,1,0,23342,0.81,0.544,0.454,20.0,20.0,0.0717,278.8,0.0,1,1,0.852,1.59509,1,1,0.825,1.54814,1,34.518,0.262,0.738,0.0,1.0,1.0,0.99,0.0,0.5,0.0,0.568,0.499,0.5,0.516,0.0,0.491,0.0,0,0,0.352,0.639,0.0,0.333,0.502,0.317,0.721,0.0,0.477,0.522,0.0,1.0,0.971
70028,2025.03.04 13:00:00,EURAUDm,ANCHORED_PULLBACK,BUY,4,1.69183,1.69009,1.69735,3.18,0.463,1.68944,1.6905,1.68908,0,0.518,0.308,0.7665,1.68965,1.67327,1.68227,1.66264,0,0.0,0.3,2,1.68944,0.765,0.495,0,0.0,0.0,1.69095,0.0,0.0,0,0,1,0.488,0.6876,0.0109,0.688,0.108,0,0.693,1,0.482,1.69015,1.69275,0.518,0.391,-0.5643,1,0.0,0,0.693,1.302,3.0,0.434,0.485,1,1.68944,8,0.753,0.0,0.568,0.206,0.0,0.795,0.975,1.6618,1.65733,1.64242,-328724.4094,47126.1633,-1,1.66136,0.553,1.68521,0.368,0.0,0.0,0,0.002,1,0,23343,0.81,0.544,0.454,20.0,20.0,0.0699,286.0,0.0,1,1,0.852,1.59509,1,1,0.825,1.54814,1,33.825,0.262,0.738,0.0,1.0,1.0,0.98,0.0,0.5,0.0,0.676,0.583,0.5,0.509,0.0,0.562,0.0,0,0,0.427,0.652,0.0,0.428,0.759,0.147,0.87,0.0,0.476,0.522,0.0,1.0,0.761
70030,2025.03.04 13:32:40,EURAUDm,BREAKOUT,BUY,4,1.69189,1.69006,1.69904,3.91,0.368,1.68944,1.6905,1.68908,0,0.518,0.308,0.7875,1.68965,1.67327,1.68227,1.66264,0,0.0,0.3,2,1.68944,0.765,0.495,0,0.0,0.0,1.69095,0.0,0.0,0,0,1,0.488,0.6876,0.0109,0.688,0.086,0,0.696,1,0.482,1.69015,1.69275,0.539,0.37,0.0,2,0.0,0,0.696,1.311,3.0,0.437,0.487,1,1.68944,8,0.753,0.0,0.274,0.206,0.0,0.795,0.975,1.6618,1.65733,1.64242,-328724.4094,47126.1633,-1,1.66136,0.553,1.68521,0.368,0.0,0.0,0,0.002,1,0,23343,0.81,0.544,0.454,20.0,20.0,0.0699,286.0,0.0,1,1,0.852,1.59509,1,1,0.825,1.54814,1,33.846,0.262,0.738,0.0,1.0,1.0,0.31,0.0,0.5,0.0,0.659,0.509,0.5,0.537,0.0,0.459,0.0,0,0,0.35,0.647,0.0,0.428,0.76,0.276,0.87,0.0,0.481,0.522,0.0,1.0,0.814
70032,2025.03.04 13:35:40,EURAUDm,PULLBACK,BUY,4,1.69145,1.68716,1.70003,2.0,0.33,1.68944,1.6905,1.68908,0,0.518,0.308,0.6337,1.68965,1.67327,1.68227,1.66264,0,0.0,0.3,2,1.68944,0.765,0.495,0,0.0,0.0,1.69095,0.0,0.0,0,0,1,0.488,0.6876,0.0109,0.688,0.075,0,0.696,1,0.482,1.69015,1.69275,0.386,0.524,0.0,2,0.0,0,0.696,1.316,3.0,0.439,0.487,1,1.68944,8,0.753,0.229,0.277,0.206,0.0,0.795,0.975,1.6618,1.65733,1.64242,-328724.4094,47126.1633,-1,1.66136,0.553,1.68521,0.368,0.0,0.0,0,0.002,1,0,23343,0.81,0.544,0.454,20.0,20.0,0.0699,286.0,0.0,1,1,0.852,1.59509,1,1,0.825,1.54814,1,33.692,0.262,0.738,0.0,1.0,1.0,0.0,0.0,0.5,0.0,0.82,0.476,0.5,0.548,0.0,0.441,0.0,0,0,0.356,0.645,0.0,0.428,0.76,0.276,0.864,0.0,0.476,0.522,0.0,1.0,0.814
70034,2025.03.04 15:00:00,EURAUDm,ANCHORED_PULLBACK,BUY,4,1.69565,1.69499,1.7014,8.66,0.716,1.68963,1.69279,1.6888,0,0.838,0.056,1.9559,1.69072,1.67404,1.68435,1.66373,0,0.0,0.6,2,1.6903,0.785,0.257,0,0.0,0.0,1.6949,0.0,0.0,0,0,1,0.337,0.4594,0.0218,0.459,0.147,2,0.63,0,0.44,1.69296,1.69528,0.838,0.056,0.4571,0,0.15,2,1.0,1.734,3.0,0.578,0.59,2,1.69296,2,0.55,0.0,0.316,0.838,0.14,0.84,0.863,1.6618,1.65733,1.64242,-328724.4094,47126.1633,-1,1.66136,0.553,1.68521,0.368,0.0,0.0,0,0.002,1,0,23345,0.81,0.544,0.454,20.0,20.8,0.0672,297.5,0.0,1,1,0.852,1.59509,1,1,0.825,1.54814,1,33.802,0.262,0.738,0.0,1.0,1.0,0.98,0.0,0.5,0.0,0.433,0.606,0.5,0.471,0.0,0.56,0.0,0,0,0.429,0.404,0.0,0.457,0.71,1.0,0.745,0.0,0.423,0.522,0.0,1.0,0.898
70036,2025.03.04 15:40:20,EURAUDm,BREAKOUT,BUY,4,1.69405,1.69286,1.70149,6.24,0.314,1.68963,1.69279,1.6888,0,0.838,0.056,1.4181,1.69072,1.67404,1.68435,1.66373,0,0.0,0.6,2,1.6903,0.785,0.257,0,0.0,0.0,1.6949,0.0,0.0,0,0,1,0.337,0.4594,0.0218,0.459,0.12,0,0.651,0,0.44,1.69296,1.69395,0.3,0.035,0.0,2,0.15,0,0.651,1.296,3.0,0.432,0.451,1,1.69296,2,0.55,0.399,0.324,0.138,0.14,0.84,0.837,1.6618,1.65733,1.64242,-328724.4094,47126.1633,-1,1.66136,0.553,1.68521,0.368,0.0,0.0,0,0.002,1,0,23345,0.81,0.544,0.454,20.0,20.0,0.0672,297.5,0.0,1,1,0.852,1.59509,1,1,0.825,1.54814,1,33.264,0.262,0.738,0.0,1.0,1.0,0.54,0.0,0.5,0.0,0.687,0.43,0.5,0.427,0.0,0.357,0.0,0,0,0.313,0.473,0.0,0.44,0.733,0.638,0.432,0.0,0.477,0.522,0.0,1.0,0.817
70037,2025.03.04 15:40:20,EURAUDm,PULLBACK,BUY,4,1.69405,1.69286,1.70298,7.49,0.255,1.68963,1.69279,1.6888,0,0.838,0.056,1.4181,1.69072,1.67404,1.68435,1.66373,0,0.0,0.6,2,1.6903,0.785,0.257,0,0.0,0.0,1.6949,0.0,0.0,0,0,1,0.337,0.4594,0.0218,0.459,0.12,0,0.651,0,0.44,1.69296,1.69395,0.3,0.035,0.0,2,0.15,0,0.651,1.296,3.0,0.432,0.451,1,1.69296,2,0.55,0.399,0.324,0.138,0.14,0.84,0.837,1.6618,1.65733,1.64242,-328724.4094,47126.1633,-1,1.66136,0.553,1.68521,0.368,0.0,0.0,0,0.002,1,0,23345,0.81,0.544,0.454,20.0,20.0,0.0672,297.5,0.0,1,1,0.852,1.59509,1,1,0.825,1.54814,1,33.264,0.262,0.738,0.0,1.0,1.0,0.54,0.0,0.5,0.0,0.687,0.43,0.5,0.427,0.0,0.357,0.0,0,0,0.313,0.473,0.0,0.44,0.733,0.638,0.432,0.0,0.477,0.522,0.0,1.0,0.817
70040,2025.03.04 16:50:40,EURAUDm,BREAKOUT_RETEST,BUY,4,1.69551,1.69452,1.69773,2.24,0.5,1.6928,1.69553,1.69153,1,0.408,0.048,0.826,1.6895,1.67268,1.6865,1.66373,0,0.0,0.55,0,1.6928,0.697,0.129,0,0.0,0.0,1.69529,0.0,0.0,0,0,1,0.75,0.72,0.1001,0.72,0.547,0,0.655,0,0.545,1.69462,1.6959,0.227,0.193,0.0,2,0.15,0,0.655,1.104,3.0,0.368,0.451,1,1.6928,8,0.739,0.547,0.196,0.216,0.162,0.906,0.852,1.6622,1.65766,1.64252,-324540.5819,4183.8275,-1,1.66175,0.548,1.68476,0.369,0.0,0.0,0,0.0,1,0,23346,0.81,0.544,0.454,20.0,20.0,0.0659,303.6,0.0,1,1,0.852,1.59509,1,1,0.825,1.54814,1,33.072,0.2,0.8,0.0,1.0,1.0,0.0,0.0,0.5,0.0,1.0,0.349,0.5,0.488,0.0,0.425,0.0,0,0,0.407,0.515,0.0,0.578,0.661,0.47,0.758,0.0,0.46,0.522,0.0,1.0,0.89
70041,2025.03.04 16:52:20,EURAUDm,TREND_CONTINUATION,BUY,4,1.69596,1.69232,1.70355,2.08,0.479,1.6928,1.69553,1.69153,0,0.408,0.048,0.9742,1.6895,1.67268,1.6865,1.66373,0,0.0,0.55,0,1.6928,0.697,0.129,0,0.0,0.0,1.69529,0.0,0.0,0,0,1,0.75,0.72,0.1001,0.72,0.22,0,0.655,0,0.545,1.69462,1.6959,0.375,0.045,0.0,2,0.15,0,0.655,1.251,3.0,0.417,0.469,1,1.69462,2,0.55,0.25,0.294,0.216,0.162,0.906,0.852,1.6622,1.65766,1.64252,-324540.5819,4183.8275,-1,1.66175,0.548,1.68476,0.369,0.0,0.0,0,0.0,1,0,23346,0.81,0.544,0.454,20.0,20.0,0.0659,303.6,0.0,1,1,0.852,1.59509,1,1,0.825,1.54814,1,33.22,0.2,0.8,0.0,1.0,1.0,0.24,0.0,0.5,0.0,1.0,0.416,0.5,0.488,0.0,0.425,0.0,0,0,0.366,0.432,0.0,0.337,0.738,0.525,0.854,0.0,0.461,0.522,0.0,1.0,0.931
70044,2025.03.04 17:40:20,EURAUDm,BREAKOUT,BUY,3,1.69463,1.69278,1.69684,1.2,0.353,1.69288,1.69613,1.69203,1,0.284,0.17,0.5146,1.69075,1.67187,1.68779,1.66433,0,0.0,0.6,0,1.69288,0.744,0.705,0,0.0,0.0,1.69713,0.0,0.0,0,0,1,0.825,0.755,0.1819,0.755,0.838,2,0.59,0,0.605,1.69459,1.69716,0.053,0.906,0.0,2,0.15,0,0.59,0.973,3.0,0.324,0.421,1,1.69288,8,0.749,0.893,0.109,0.226,0.174,0.855,0.734,1.6622,1.65766,1.64252,-324540.5819,4183.8275,-1,1.66175,0.548,1.68476,0.369,0.0,0.0,0,0.0,1,0,23347,0.81,0.544,0.454,20.0,20.0,0.0664,301.0,0.0,1,1,0.852,1.59509,1,1,0.825,1.54814,1,33.07,0.2,0.8,0.0,1.0,1.0,0.0,0.0,0.5,0.0,0.962,0.269,0.5,0.552,0.0,0.28,0.0,0,0,0.416,0.586,0.118,0.65,0.48,0.608,0.65,0.0,0.478,0.522,0.0,1.0,0.898
70045,2025.03.04 17:40:20,EURAUDm,PULLBACK,BUY,3,1.69463,1.69278,1.69684,1.2,0.571,1.69288,1.69613,1.69203,1,0.284,0.17,0.5146,1.69075,1.67187,1.68779,1.66433,0,0.0,0.6,0,1.69288,0.744,0.705,0,0.0,0.0,1.69713,0.0,0.0,0,0,1,0.825,0.755,0.1819,0.755,0.838,2,0.59,0,0.605,1.69459,1.69716,0.053,0.906,0.0,2,0.15,0,0.59,0.973,3.0,0.324,0.421,1,1.69288,8,0.749,0.893,0.109,0.226,0.174,0.855,0.734,1.6622,1.65766,1.64252,-324540.5819,4183.8275,-1,1.66175,0.548,1.68476,0.369,0.0,0.0,0,0.0,1,0,23347,0.81,0.544,0.454,20.0,20.0,0.0664,301.0,0.0,1,1,0.852,1.59509,1,1,0.825,1.54814,1,33.07,0.2,0.8,0.0,1.0,1.0,0.0,0.0,0.5,0.0,0.962,0.269,0.5,0.552,0.0,0.28,0.0,0,0,0.416,0.586,0.118,0.65,0.48,0.608,0.65,0.0,0.478,0.522,0.0,1.0,0.898
70048,2025.03.04 18:52:20,EURAUDm,TREND_CONTINUATION,BUY,3,1.69972,1.6958,1.70709,1.88,0.422,1.6953,1.69649,1.69344,0,0.112,1.26,1.4308,1.69072,1.67233,1.68796,1.66492,0,0.0,0.45,0,1.6953,0.794,0.549,0,0.0,0.0,1.6959,0.0,0.0,0,0,1,0.6,0.615,0.2101,0.615,0.162,0,0.735,0,0.754,1.69513,1.69666,1.488,0.972,0.0,2,0.25,0,0.735,1.277,3.0,0.426,0.493,1,1.6953,8,0.759,0.0,0.351,0.185,0.238,0.825,0.855,1.6622,1.65766,1.64252,-324540.5819,4183.8275,-1,1.66175,0.548,1.68476,0.369,0.0,0.0,0,0.0,1,0,23348,0.81,0.544,0.454,20.0,20.0,0.0678,294.9,0.0,1,1,0.852,1.59509,1,1,0.825,1.54814,1,35.485,0.2,0.8,0.0,1.0,1.0,0.47,0.0,0.5,0.0,0.781,0.505,0.5,0.531,0.0,0.442,0.0,0,0,0.339,0.611,0.0,0.395,0.43,0.418,0.874,0.0,0.464,0.522,0.0,1.0,1.009
70050,2025.03.04 19:00:00,EURAUDm,ANCHORED_PULLBACK,BUY,3,1.70015,1.69861,1.70629,3.98,0.77,1.6955,1.69715,1.69348,0,1.289,0.362,1.4053,1.68938,1.67459,1.68954,1.66492,0,0.0,0.5,0,1.6955,0.763,0.548,0,0.0,0.0,1.69956,0.0,0.0,0,0,1,0.975,0.825,0.1922,0.825,0.243,0,0.676,1,0.17,1.69531,1.69862,1.463,0.42,0.1983,0,0.0,2,1.0,1.691,3.0,0.564,0.565,2,1.6955,8,0.753,0.0,0.227,0.947,0.0,0.77,0.943,1.6622,1.65766,1.64252,-324540.5819,4183.8275,-1,1.66175,0.548,1.68476,0.369,0.0,0.0,0,0.0,1,0,23349,0.81,0.544,0.454,20.0,20.0,0.0631,316.9,0.0,1,1,0.852,1.59509,1,1,0.825,1.54814,1,33.149,0.2,0.8,0.0,1.0,1.0,0.88,0.0,0.5,0.0,1.0,0.624,0.5,0.513,0.0,0.519,0.0,0,0,0.436,0.476,0.0,0.457,0.733,1.0,0.745,0.0,0.417,0.522,0.0,1.0,0.95
70052,2025.03.04 19:40:20,EURAUDm,BREAKOUT,BUY,3,1.69809,1.69575,1.70601,3.38,0.505,1.6955,1.69715,1.69348,0,1.289,0.362,0.7553,1.68938,1.67459,1.68954,1.66492,0,0.0,0.5,0,1.6955,0.763,0.548,0,0.0,0.0,1.69956,0.0,0.0,0,0,1,0.975,0.825,0.1922,0.825,0.028,0,0.713,1,0.17,1.69531,1.69862,0.813,0.23,0.0,2,0.0,0,0.713,1.337,3.0,0.446,0.452,1,1.6955,8,0.753,0.0,0.292,0.247,0.0,0.77,0.943,1.6622,1.65766,1.64252,-324540.5819,4183.8275,-1,1.66175,0.548,1.68476,0.369,0.0,0.0,0,0.0,1,0,23349,0.81,0.544,0.454,20.0,20.0,0.0631,316.9,0.0,1,1,0.852,1.59509,1,1,0.825,1.54814,1,32.499,0.2,0.8,0.0,1.0,1.0,0.29,0.0,0.5,0.0,1.0,0.431,0.5,0.513,0.0,0.454,0.0,0,0,0.377,0.37,0.0,0.143,0.666,0.672,0.867,0.0,0.456,0.522,0.0,1.0,0.864
70053,2025.03.04 19:40:20,EURAUDm,PULLBACK,BUY,3,1.69809,1.69575,1.7076,4.06,0.48,1.6955,1.69715,1.69348,0,1.289,0.362,0.7553,1.68938,1.67459,1.68954,1.66492,0,0.0,0.5,0,1.6955,0.763,0.548,0,0.0,0.0,1.69956,0.0,0.0,0,0,1,0.975,0.825,0.1922,0.825,0.028,0,0.713,1,0.17,1.69531,1.69862,0.813,0.23,0.0,2,0.0,0,0.713,1.337,3.0,0.446,0.452,1,1.6955,8,0.753,0.0,0.292,0.247,0.0,0.77,0.943,1.6622,1.65766,1.64252,-324540.5819,4183.8275,-1,1.66175,0.548,1.68476,0.369,0.0,0.0,0,0.0,1,0,23349,0.81,0.544,0.454,20.0,20.0,0.0631,316.9,0.0,1,1,0.852,1.59509,1,1,0.825,1.54814,1,32.499,0.2,0.8,0.0,1.0,1.0,0.29,0.0,0.5,0.0,1.0,0.431,0.5,0.513,0.0,0.454,0.0,0,0,0.377,0.37,0.0,0.143,0.666,0.672,0.867,0.0,0.456,0.522,0.0,1.0,0.864
70056,2025.03.04 19:53:20,EURAUDm,BREAKOUT_RETEST,BUY,3,1.69716,1.69575,1.69919,1.43,0.594,1.6955,1.69715,1.69348,1,1.289,0.362,0.4619,1.68938,1.67459,1.68954,1.66492,0,0.0,0.5,0,1.6955,0.763,0.548,0,0.0,0.0,1.69956,0.0,0.0,0,0,1,0.975,0.825,0.1922,0.825,0.392,0,0.713,1,0.17,1.69531,1.69862,0.52,0.524,0.0,2,0.0,0,0.713,1.174,3.0,0.391,0.433,1,1.6955,8,0.753,0.0,0.182,0.247,0.0,0.77,0.943,1.6622,1.65766,1.64252,-324540.5819,4183.8275,-1,1.66175,0.548,1.68476,0.369,0.0,0.0,0,0.0,1,0,23349,0.81,0.544,0.454,20.0,20.0,0.0631,316.9,0.0,1,1,0.852,1.59509,1,1,0.825,1.54814,1,32.206,0.2,0.8,0.0,1.0,1.0,0.0,0.0,0.5,0.0,0.946,0.515,0.5,0.506,0.0,0.35,0.0,0,0,0.301,0.494,0.0,0.143,0.593,0.599,0.756,0.0,0.456,0.522,0.0,1.0,0.824
70058,2025.03.04 20:52:20,EURAUDm,TREND_CONTINUATION,BUY,3,1.69755,1.69372,1.70553,2.08,0.459,1.69543,1.69786,1.69472,1,0.019,0.466,0.6014,1.68956,1.67461,1.68957,1.66668,0,0.0,0.55,2,1.69543,0.794,0.281,0,0.0,0.0,0.0,0.0,0.0,0,0,1,0.7,0.86,0.3078,0.86,0.595,2,0.61,3,0.331,1.69714,1.69657,0.065,0.244,0.0,2,0.0,0,0.61,1.082,3.0,0.361,0.412,1,1.69543,8,0.759,0.87,0.122,0.258,0.0,0.733,0.723,1.66229,1.66229,1.66229,0.0,324540.5819,0,1.66084,0.557,1.68532,0.346,0.0,0.0,0,0.002,1,0,23350,0.804,0.545,0.456,20.0,20.0,0.0626,319.4,0.0,1,1,0.852,1.59509,1,1,0.825,1.54814,1,32.083,0.0,1.0,0.0,0.0,1.0,0.93,0.0,0.5,0.0,0.547,0.63,0.5,0.568,0.0,0.335,0.0,0,0,0.382,0.741,0.0,0.143,0.578,0.482,0.733,0.0,0.453,0.522,0.0,1.0,0.968
70060,2025.03.04 21:00:40,EURAUDm,ANCHORED_PULLBACK,BUY,3,1.6968,1.69555,1.69814,1.08,0.556,1.69686,1.69814,1.695,1,0.043,0.405,-0.0838,1.68956,1.67461,1.68957,1.66668,0,0.0,0.55,0,1.69686,0.745,0.525,0,0.0,0.0,1.69651,0.0,0.0,0,0,1,0.75,0.72,0.2967,0.72,0.725,0,0.728,0,0.473,1.697,1.69472,0.129,0.589,0.0,2,0.25,0,0.728,1.024,3.0,0.341,0.44,1,1.69814,4,0.6,0.743,0.182,0.216,0.182,0.937,0.756,1.66229,1.66229,1.66229,0.0,324540.5819,0,1.66084,0.557,1.68532,0.346,0.0,0.0,0,0.002,1,0,23351,0.804,0.545,0.456,21.0,20.8,0.066,318.1,0.0,1,1,0.852,1.59509,1,1,0.825,1.54814,1,31.97,0.0,1.0,0.0,0.0,1.0,0.06,0.0,0.5,0.0,0.652,0.61,0.5,0.531,0.0,0.401,0.0,0,0,0.386,0.864,0.0,0.352,0.629,0.522,0.65,0.0,0.471,0.522,0.0,1.0,0.896
70062,2025.03.04 22:00:00,EURAUDm,SWEEP_REVERSAL,BUY,1,1.69477,1.69147,1.6979,0.95,0.3,1.69698,1.69848,1.69481,0,0.845,0.241,-0.946,1.69071,1.67461,1.69134,1.66844,0,0.0,0.55,0,1.69698,0.773,0.594,0,0.0,0.0,1.69376,0.0,0.0,0,0,1,1.0,0.755,0.2459,0.755,0.32,0,0.711,0,0.67,1.69731,1.69465,1.047,0.241,0.0,2,0.4,0,0.711,1.206,3.0,0.402,0.444,1,1.69698,8,0.755,0.0,0.364,0.226,0.274,0.816,0.741,1.66229,1.66229,1.66229,0.0,324540.5819,0,1.66084,0.557,1.68532,0.346,0.0,0.0,0,0.002,1,0,23352,0.804,0.545,0.456,92.0,33.5,0.2784,330.5,0.0,1,1,0.852,1.59509,1,1,0.825,1.54814,1,30.16,0.0,1.0,0.0,0.0,1.0,0.0,0.0,0.5,0.0,1.0,0.557,0.5,0.541,0.0,0.48,0.0,0,0,0.389,0.39,0.0,0.749,0.725,0.553,0.65,0.0,0.449,0.522,0.0,1.0,0.864
70064,2025.03.04 22:51:20,EURAUDm,MEAN_REVERSION,BUY,1,1.69537,1.69273,1.69914,1.42,0.65,1.69698,1.69848,1.69481,0,0.845,0.241,-1.1396,1.69071,1.67461,1.69134,1.66844,0,0.0,0.55,0,1.69698,0.773,0.594,0,0.0,0.0,1.69376,0.0,0.0,0,0,1,1.0,0.755,0.2459,0.755,0.288,0,0.711,0,0.67,1.69731,1.69465,1.24,0.434,0.0,2,0.4,0,0.711,1.22,3.0,0.407,0.446,1,1.69698,8,0.755,0.0,0.373,0.226,0.274,0.816,0.741,1.66229,1.66229,1.66229,0.0,324540.5819,0,1.66084,0.557,1.68532,0.346,0.0,0.0,0,0.002,1,0,23352,0.804,0.545,0.456,216.0,259.6,0.6536,330.5,0.0,1,1,0.852,1.59509,1,1,0.825,1.54814,1,30.342,0.0,1.0,0.0,0.0,1.0,0.89,0.0,0.5,0.0,1.0,0.556,0.5,0.499,0.0,0.247,0.0,0,0,0.282,0.461,0.0,0.599,0.725,0.575,0.434,0.0,0.46,0.522,0.0,1.0,0.864
70066,2025.03.04 22:59:40,EURAUDm,PULLBACK,BUY,1,1.69313,1.68817,1.6981,1.0,0.479,1.69698,1.69848,1.69481,0,0.845,0.241,-1.5027,1.69071,1.67461,1.69134,1.66844,0,0.0,0.55,0,1.69698,0.773,0.594,0,0.0,0.0,1.69376,0.0,0.0,0,0,1,1.0,0.755,0.2459,0.755,0.288,0,0.711,0,0.67,1.69731,1.69465,1.603,0.797,0.0,2,0.4,0,0.711,1.22,3.0,0.407,0.446,1,1.69698,8,0.755,0.0,0.373,0.226,0.274,0.816,0.741,1.66229,1.66229,1.66229,0.0,324540.5819,0,1.66084,0.557,1.68532,0.346,0.0,0.0,0,0.002,1,0,23352,0.804,0.545,0.456,112.0,200.2,0.3389,330.5,0.0,1,1,0.852,1.59509,1,1,0.825,1.54814,1,29.664,0.0,1.0,0.0,0.0,1.0,0.77,0.0,0.5,0.717,1.0,0.611,0.5,0.572,0.0,0.28,0.0,0,0,0.35,0.349,0.0,0.537,0.63,0.575,0.451,0.0,0.46,0.522,0.0,1.0,0.864
70067,2025.03.04 22:59:59,EURAUDm,TREND_CONTINUATION,BUY,1,1.69313,1.68916,1.6981,1.25,0.563,1.69698,1.69848,1.69481,0,0.845,0.241,-1.5027,1.69071,1.67461,1.69134,1.66844,0,0.0,0.55,0,1.69698,0.773,0.594,0,0.0,0.0,1.69376,0.0,0.0,0,0,1,1.0,0.755,0.2459,0.755,0.288,0,0.711,0,0.67,1.69731,1.69465,1.603,0.797,0.0,2,0.4,0,0.711,1.22,3.0,0.407,0.446,1,1.69698,8,0.755,0.0,0.373,0.226,0.274,0.816,0.741,1.66229,1.66229,1.66229,0.0,324540.5819,0,1.66084,0.557,1.68532,0.346,0.0,0.0,0,0.002,1,0,23352,0.804,0.545,0.456,112.0,198.6,0.3389,330.5,0.0,1,1,0.852,1.59509,1,1,0.825,1.54814,1,29.664,0.0,1.0,0.0,0.0,1.0,0.76,0.0,0.5,0.717,1.0,0.592,0.5,0.572,0.0,0.28,0.0,0,0,0.339,0.349,0.0,0.537,0.63,0.575,0.451,0.0,0.46,0.522,0.0,1.0,0.864
70070,2025.03.05 00:00:00,EURAUDm,BREAKOUT_RETEST,BUY,1,1.69505,1.69395,1.69685,1.63,0.383,1.69652,1.69789,1.69392,1,0.319,0.192,-0.601,1.69045,1.67302,1.69028,1.66891,0,0.0,0.65,0,1.69652,0.8,0.483,0,0.0,0.0,1.69456,0.0,0.0,0,0,1,0.51,0.5346,0.0137,0.535,0.567,0,0.705,3,0.68,1.69361,1.69545,0.371,0.243,0.0,2,0.4,0,0.705,1.095,3.0,0.365,0.438,1,1.69652,8,0.76,0.259,0.29,0.16,0.14,0.869,0.9,1.66229,1.66229,1.66229,0.0,0.0,0,1.66084,0.56,1.68532,0.347,0.0,0.0,0,0.022,1,0,23354,0.804,0.545,0.456,33.0,51.6,0.1105,298.7,0.0,1,1,0.852,1.59509,1,1,0.825,1.54814,1,33.463,0.0,1.0,0.0,0.0,1.0,0.98,0.0,0.5,0.0,1.0,0.473,0.5,0.498,0.0,0.399,0.0,0,0,0.325,0.631,0.0,0.852,0.0,0.438,0.65,0.0,0.467,0.522,0.0,1.0,0.799
70072,2025.03.05 00:00:59,EURAUDm,BREAKOUT,BUY,1,1.6949,1.69042,1.70237,1.67,0.262,1.69652,1.69789,1.69392,1,0.319,0.192,-0.6512,1.69045,1.67302,1.69028,1.66891,0,0.0,0.65,0,1.69652,0.8,0.483,0,0.0,0.0,1.69456,0.0,0.0,0,0,1,0.51,0.5346,0.0137,0.535,0.567,0,0.705,3,0.68,1.69361,1.69545,0.32,0.293,0.0,2,0.4,0,0.705,1.095,3.0,0.365,0.438,1,1.69361,2,0.55,0.359,0.29,0.16,0.14,0.869,0.9,1.66229,1.66229,1.66229,0.0,0.0,0,1.66084,0.56,1.68532,0.347,0.0,0.0,0,0.022,1,0,23354,0.804,0.545,0.456,33.0,50.9,0.1105,298.7,0.0,1,1,0.852,1.59509,1,1,0.825,1.54814,1,33.413,0.0,1.0,0.0,0.0,1.0,0.95,0.0,0.5,0.0,1.0,0.4,0.5,0.498,0.0,0.399,0.0,0,0,0.369,0.631,0.0,0.852,0.0,0.438,0.65,0.0,0.467,0.522,0.0,1.0,0.799
70073,2025.03.05 00:01:00,EURAUDm,ANCHORED_PULLBACK,BUY,1,1.69491,1.69366,1.69789,2.38,0.547,1.69652,1.69789,1.69392,1,0.319,0.192,-0.6479,1.69045,1.67302,1.69028,1.66891,0,0.0,0.65,0,1.69652,0.8,0.483,0,0.0,0.0,1.69456,0.0,0.0,0,0,1,0.51,0.5346,0.0137,0.535,0.567,0,0.705,3,0.68,1.69361,1.69545,0.324,0.29,0.0,2,0.4,0,0.705,1.095,3.0,0.365,0.438,1,1.69361,2,0.55,0.353,0.29,0.16,0.14,0.869,0.9,1.66229,1.66229,1.66229,0.0,0.0,0,1.66084,0.56,1.68532,0.347,0.0,0.0,0,0.022,1,0,23354,0.804,0.545,0.456,33.0,50.7,0.1105,298.7,0.0,1,1,0.852,1.59509,1,1,0.825,1.54814,1,33.417,0.0,1.0,0.0,0.0,1.0,0.95,0.0,0.5,0.0,1.0,0.398,0.5,0.498,0.0,0.399,0.0,0,0,0.37,0.631,0.0,0.852,0.0,0.438,0.65,0.0,0.467,0.522,0.0,1.0,0.799
70076,2025.03.05 00:59:40,EURAUDm,PULLBACK,BUY,1,1.69773,1.69642,1.70669,6.82,0.466,1.69652,1.69789,1.69392,1,0.319,0.192,0.3397,1.69045,1.67302,1.69028,1.66891,0,0.0,0.65,0,1.69652,0.8,0.483,0,0.0,0.0,1.69456,0.0,0.0,0,0,1,0.51,0.5346,0.0137,0.535,0.469,0,0.705,3,0.68,1.69667,1.69545,0.289,0.698,0.0,2,0.4,0,0.705,1.139,3.0,0.38,0.458,1,1.69652,8,0.76,0.423,0.319,0.16,0.14,0.994,0.9,1.66229,1.66229,1.66229,0.0,0.0,0,1.66084,0.56,1.68532,0.347,0.0,0.0,0,0.022,1,0,23354,0.804,0.545,0.456,20.0,20.8,0.067,298.7,0.0,1,1,0.852,1.59509,1,1,0.825,1.54814,1,34.361,0.0,1.0,0.0,0.0,1.0,0.99,0.0,0.5,0.0,0.597,0.744,0.5,0.536,0.0,0.667,0.0,0,0,0.574,0.596,0.0,0.401,0.0,0.637,0.754,0.0,0.477,0.522,0.0,1.0,0.836
70077,2025.03.05 00:59:59,EURAUDm,TREND_CONTINUATION,BUY,1,1.6977,1.69412,1.70517,2.08,0.372,1.69652,1.69789,1.69392,1,0.319,0.192,0.3297,1.69045,1.67302,1.69028,1.66891,0,0.0,0.65,0,1.69652,0.8,0.483,0,0.0,0.0,1.69456,0.0,0.0,0,0,1,0.51,0.5346,0.0137,0.535,0.469,0,0.705,3,0.68,1.69667,1.69545,0.279,0.688,0.0,2,0.4,0,0.705,1.139,3.0,0.38,0.458,1,1.69652,8,0.76,0.443,0.319,0.16,0.14,0.994,0.9,1.66229,1.66229,1.66229,0.0,0.0,0,1.66084,0.56,1.68532,0.347,0.0,0.0,0,0.022,1,0,23354,0.804,0.545,0.456,20.0,20.8,0.067,298.7,0.0,1,1,0.852,1.59509,1,1,0.825,1.54814,1,34.351,0.0,1.0,0.0,0.0,1.0,0.98,0.0,0.5,0.0,0.597,0.748,0.5,0.536,0.0,0.667,0.0,0,0,0.576,0.596,0.0,0.401,0.0,0.637,0.753,0.0,0.477,0.522,0.0,1.0,0.836
0,2025.03.05 02:01:00,EURAUDm,ANCHORED_PULLBACK,BUY,1,1.69811,1.69802,1.69923,12.18,0.383,1.69679,1.69755,1.6939,0,0.237,0.047,0.351,1.69558,1.67281,1.69077,1.67047,0,0.0,0.6,2,1.69679,0.779,0.067,0,0.0,0.0,1.69686,0.0,0.0,0,0,1,0.651,-0.4792,-0.0418,0.479,0.06,0,0.663,0,0.493,1.69664,1.6977,0.398,0.066,0.0,2,0.4,0,0.663,1.323,3.0,0.441,0.44,1,1.69679,8,0.756,0.203,0.442,0.144,0.239,0.945,0.945,1.66229,1.66229,1.66229,0.0,0.0,0,1.66084,0.56,1.68532,0.347,0.0,0.0,0,0.022,1,0,23356,0.804,0.545,0.456,20.0,21.2,0.0626,319.7,0.0,1,1,0.852,1.59509,1,1,0.825,1.54814,1,32.223,0.0,1.0,0.0,0.0,1.0,0.98,0.0,0.5,0.0,0.588,0.862,0.5,0.554,0.0,0.675,0.0,0,0,0.654,0.516,0.0,0.759,0.0,0.374,0.862,0.0,0.453,0.522,0.0,1.0,0.775
70080,2025.03.05 04:00:40,EURAUDm,BREAKOUT,BUY,1,1.6995,1.69474,1.70743,1.67,0.187,1.69848,1.69967,1.69629,1,0.068,0.464,0.2576,1.69536,1.67388,1.69149,1.67005,0,0.0,0.5,0,1.69848,0.8,0.379,0,0.0,0.0,0.0,0.0,0.0,0,0,1,0.235,0.47,0.0231,0.47,0.928,0,0.742,0,0.56,1.69916,1.70017,0.044,0.275,0.0,2,0.0,0,0.742,0.932,3.0,0.311,0.467,1,1.69629,5,0.6,0.911,0.022,0.141,0.112,0.821,0.805,1.66251,1.66251,1.66251,0.0,0.0,0,1.66105,0.565,1.68444,0.342,0.0,0.0,0,0.006,1,0,23358,0.804,0.545,0.456,20.0,24.7,0.0631,317.1,0.0,1,1,0.852,1.59509,1,1,0.825,1.54814,1,32.922,0.0,1.0,0.0,0.0,1.0,0.97,0.0,0.5,0.0,0.741,0.566,0.5,0.545,0.0,0.328,0.0,0,0,0.334,0.726,0.0,0.302,0.0,0.389,0.65,0.0,0.48,0.522,0.0,1.0,0.958
70081,2025.03.05 04:00:59,EURAUDm,PULLBACK,BUY,1,1.6995,1.69474,1.70901,2.0,0.38,1.69848,1.69967,1.69629,1,0.068,0.464,0.2576,1.69536,1.67388,1.69149,1.67005,0,0.0,0.5,0,1.69848,0.8,0.379,0,0.0,0.0,0.0,0.0,0.0,0,0,1,0.235,0.47,0.0231,0.47,0.928,0,0.742,0,0.56,1.69916,1.70017,0.044,0.275,0.0,2,0.0,0,0.742,0.932,3.0,0.311,0.467,1,1.69629,5,0.6,0.911,0.022,0.141,0.112,0.821,0.805,1.66251,1.66251,1.66251,0.0,0.0,0,1.66105,0.565,1.68444,0.342,0.0,0.0,0,0.006,1,0,23358,0.804,0.545,0.456,20.0,24.7,0.0631,317.1,0.0,1,1,0.852,1.59509,1,1,0.825,1.54814,1,32.922,0.0,1.0,0.0,0.0,1.0,0.96,0.0,0.5,0.0,0.741,0.574,0.5,0.545,0.0,0.328,0.0,0,0,0.339,0.726,0.0,0.302,0.0,0.389,0.65,0.0,0.48,0.522,0.0,1.0,0.958
70082,2025.03.05 04:01:00,EURAUDm,TREND_CONTINUATION,BUY,1,1.69951,1.6957,1.70744,2.08,0.272,1.69848,1.69967,1.69629,1,0.068,0.464,0.2608,1.69536,1.67388,1.69149,1.67005,0,0.0,0.5,0,1.69848,0.8,0.379,0,0.0,0.0,0.0,0.0,0.0,0,0,1,0.235,0.47,0.0231,0.47,0.928,0,0.742,0,0.56,1.69916,1.70017,0.048,0.272,0.0,2,0.0,0,0.742,0.932,3.0,0.311,0.467,1,1.69629,5,0.6,0.905,0.022,0.141,0.112,0.821,0.805,1.66251,1.66251,1.66251,0.0,0.0,0,1.66105,0.565,1.68444,0.342,0.0,0.0,0,0.006,1,0,23358,0.804,0.545,0.456,20.0,24.7,0.0631,317.1,0.0,1,1,0.852,1.59509,1,1,0.825,1.54814,1,32.925,0.0,1.0,0.0,0.0,1.0,0.97,0.0,0.5,0.0,0.741,0.601,0.5,0.545,0.0,0.328,0.0,0,0,0.355,0.726,0.0,0.302,0.0,0.389,0.65,0.0,0.48,0.522,0.0,1.0,0.958
70086,2025.03.05 04:09:40,EURAUDm,BREAKOUT_RETEST,BUY,1,1.69785,1.69617,1.70156,2.2,0.29,1.69848,1.69967,1.69629,1,0.068,0.464,-0.2627,1.69536,1.67388,1.69149,1.67005,0,0.0,0.5,0,1.69848,0.8,0.379,0,0.0,0.0,0.0,0.0,0.0,0,0,1,0.235,0.47,0.0231,0.47,0.491,0,0.742,0,0.56,1.69848,1.70017,0.263,0.796,0.0,2,0.0,0,0.742,1.129,3.0,0.376,0.512,2,1.69629,5,0.6,0.475,0.153,0.141,0.112,1.0,0.805,1.66251,1.66251,1.66251,0.0,0.0,0,1.66105,0.565,1.68444,0.342,0.0,0.0,0,0.006,1,0,23358,0.804,0.545,0.456,20.0,22.3,0.0631,317.1,0.0,1,1,0.852,1.59509,1,1,0.825,1.54814,1,32.402,0.0,1.0,0.0,0.0,1.0,0.18,0.0,0.5,0.0,0.644,0.473,0.5,0.521,0.0,0.258,0.0,0,0,0.275,0.871,0.0,0.622,0.0,0.429,0.65,0.0,0.464,0.522,0.0,1.0,0.874
70088,2025.03.05 06:00:40,EURAUDm,BREAKOUT,BUY,1,1.7001,1.69579,1.70729,1.67,0.478,1.69911,1.69975,1.69809,0,0.21,0.241,0.2756,1.69538,1.67388,1.69149,1.67005,0,0.0,0.45,0,1.69855,0.74,0.878,0,0.0,0.0,0.0,0.0,0.0,0,0,1,0.825,0.755,0.165,0.755,0.374,0,0.745,0,0.805,1.69883,1.7005,0.372,0.207,0.0,2,0.15,0,0.745,1.182,3.0,0.394,0.521,2,1.69855,8,0.748,0.256,0.248,0.226,0.213,0.951,0.951,1.66251,1.66251,1.66251,0.0,0.0,0,1.66105,0.565,1.68444,0.342,0.0,0.0,0,0.006,1,0,23360,0.796,0.544,0.455,20.0,20.0,0.0695,287.6,0.0,1,1,0.852,1.59509,1,1,0.825,1.54814,1,36.516,0.0,1.0,0.0,0.0,1.0,0.63,0.0,0.5,0.0,0.662,0.608,0.5,0.547,0.0,0.38,0.0,0,0,0.381,0.529,0.0,0.821,0.0,0.337,0.863,0.0,0.47,0.522,0.0,1.0,0.928
70089,2025.03.05 06:00:59,EURAUDm,PULLBACK,BUY,1,1.70005,1.69574,1.70868,2.0,0.446,1.69911,1.69975,1.69809,0,0.21,0.241,0.2582,1.69538,1.67388,1.69149,1.67005,0,0.0,0.45,0,1.69855,0.74,0.878,0,0.0,0.0,0.0,0.0,0.0,0,0,1,0.825,0.755,0.165,0.755,0.374,0,0.745,0,0.805,1.69883,1.7005,0.355,0.224,0.0,2,0.15,0,0.745,1.182,3.0,0.394,0.521,2,1.69855,8,0.748,0.291,0.248,0.226,0.213,0.951,0.951,1.66251,1.66251,1.66251,0.0,0.0,0,1.66105,0.565,1.68444,0.342,0.0,0.0,0,0.006,1,0,23360,0.796,0.544,0.455,20.0,20.0,0.0695,287.6,0.0,1,1,0.852,1.59509,1,1,0.825,1.54814,1,36.499,0.0,1.0,0.0,0.0,1.0,0.52,0.0,0.5,0.0,0.662,0.62,0.5,0.547,0.0,0.38,0.0,0,0,0.388,0.529,0.0,0.821,0.0,0.337,0.86,0.0,0.47,0.522,0.0,1.0,0.928
70090,2025.03.05 06:01:00,EURAUDm,TREND_CONTINUATION,BUY,1,1.70006,1.69661,1.70725,2.08,0.524,1.69911,1.69975,1.69809,0,0.21,0.241,0.2617,1.69538,1.67388,1.69149,1.67005,0,0.0,0.45,0,1.69855,0.74,0.878,0,0.0,0.0,0.0,0.0,0.0,0,0,1,0.825,0.755,0.165,0.755,0.374,0,0.745,0,0.805,1.69883,1.7005,0.358,0.221,0.0,2,0.15,0,0.745,1.182,3.0,0.394,0.521,2,1.69855,8,0.748,0.284,0.248,0.226,0.213,0.951,0.951,1.66251,1.66251,1.66251,0.0,0.0,0,1.66105,0.565,1.68444,0.342,0.0,0.0,0,0.006,1,0,23360,0.796,0.544,0.455,20.0,20.0,0.0695,287.6,0.0,1,1,0.852,1.59509,1,1,0.825,1.54814,1,36.502,0.0,1.0,0.0,0.0,1.0,0.56,0.0,0.5,0.0,0.662,0.645,0.5,0.547,0.0,0.38,0.0,0,0,0.403,0.529,0.0,0.821,0.0,0.337,0.86,0.0,0.47,0.522,0.0,1.0,0.928
70094,2025.03.05 06:12:40,EURAUDm,BREAKOUT_RETEST,BUY,1,1.69954,1.69868,1.70079,1.45,0.547,1.69911,1.69975,1.69809,1,0.21,0.241,0.0808,1.69538,1.67388,1.69149,1.67005,0,0.0,0.45,0,1.69855,0.74,0.878,0,0.0,0.0,0.0,0.0,0.0,0,0,1,0.825,0.755,0.165,0.755,0.85,0,0.745,0,0.805,1.69883,1.7005,0.177,0.402,0.0,2,0.15,0,0.745,0.967,3.0,0.322,0.496,1,1.69809,5,0.6,0.645,0.105,0.226,0.213,0.951,0.951,1.66251,1.66251,1.66251,0.0,0.0,0,1.66105,0.565,1.68444,0.342,0.0,0.0,0,0.006,1,0,23360,0.796,0.544,0.455,20.0,20.0,0.0695,287.6,0.0,1,1,0.852,1.59509,1,1,0.825,1.54814,1,36.321,0.0,1.0,0.0,0.0,1.0,0.06,0.0,0.5,0.0,0.56,0.457,0.5,0.55,0.0,0.427,0.0,0,0,0.361,0.612,0.0,0.521,0.0,0.204,0.65,0.0,0.487,0.522,0.0,1.0,0.816
70096,2025.03.05 07:00:00,EURAUDm,MEAN_REVERSION,BUY,1,1.69765,1.69528,1.69964,0.84,0.605,1.69944,1.69992,1.69839,0,0.416,0.029,-0.6737,1.69555,1.67388,1.69302,1.67158,0,0.0,0.4,0,1.69944,0.73,0.83,0,0.0,0.0,1.69708,0.0,0.0,0,0,1,0.9,0.79,0.2235,0.79,0.128,2,0.637,2,0.06,1.69868,1.69744,0.416,0.003,-0.0477,2,0.15,0,0.637,1.292,3.0,0.431,0.403,1,1.69944,8,0.746,0.168,0.321,0.237,0.053,0.864,0.855,1.66251,1.66251,1.66251,0.0,0.0,0,1.66105,0.565,1.68444,0.342,0.0,0.0,0,0.006,1,0,23361,0.796,0.544,0.455,20.0,20.8,0.0676,295.6,0.0,1,1,0.852,1.59509,1,1,0.825,1.54814,1,34.691,0.0,1.0,0.0,0.0,1.0,0.84,0.0,0.5,0.0,0.627,0.337,0.5,0.566,0.0,0.445,0.0,0,0,0.446,0.444,0.0,0.714,0.0,0.267,0.65,0.0,0.473,0.522,0.0,1.0,0.928
70098,2025.03.05 07:00:40,EURAUDm,SWEEP_REVERSAL,BUY,1,1.69702,1.69406,1.69964,0.89,0.163,1.69944,1.69992,1.69839,0,0.416,0.029,-0.8868,1.69555,1.67388,1.69302,1.67158,0,0.0,0.4,0,1.69944,0.73,0.83,0,0.0,0.0,1.69708,0.0,0.0,0,0,1,0.9,0.79,0.2235,0.79,0.115,0,0.705,2,0.06,1.69868,1.69697,0.629,0.049,0.0,2,0.15,0,0.705,1.298,3.0,0.433,0.421,1,1.69944,8,0.746,0.0,0.325,0.237,0.053,0.864,0.887,1.66251,1.66251,1.66251,0.0,0.0,0,1.66105,0.565,1.68444,0.342,0.0,0.0,0,0.006,1,0,23361,0.796,0.544,0.455,20.0,20.8,0.0676,295.6,0.0,1,1,0.852,1.59509,1,1,0.825,1.54814,1,34.477,0.0,1.0,0.0,0.0,1.0,0.06,0.0,0.5,0.0,0.627,0.316,0.5,0.495,0.0,0.371,0.0,0,0,0.407,0.542,0.0,0.809,0.0,0.267,0.434,0.0,0.481,0.522,0.0,1.0,0.928
70100,2025.03.05 08:00:40,EURAUDm,BREAKOUT,BUY,2,1.70141,1.69973,1.70952,4.82,0.513,1.69943,1.70017,1.69749,0,0.564,0.012,0.5105,1.69546,1.674,1.69376,1.67163,0,0.0,0.45,0,1.69943,0.729,0.424,0,0.0,0.0,1.69943,0.0,0.0,0,0,1,0.975,0.65,0.2481,0.65,0.117,0,0.69,0,0.601,1.69928,1.70106,0.556,0.005,0.0,2,0.15,0,0.69,1.297,3.0,0.432,0.481,1,1.69943,8,0.746,0.0,0.325,0.195,0.173,0.836,0.907,1.65797,1.65797,1.63983,-337822.645,-337822.645,-2,1.66011,0.583,1.68517,0.342,0.0,0.0,0,0.0,1,0,23362,0.796,0.544,0.455,33.0,22.2,0.1018,324.2,0.0,1,1,0.852,1.59509,1,1,0.825,1.54814,1,32.793,0.178,0.822,0.0,0.0,1.0,0.11,0.0,0.5,0.0,0.448,0.633,0.5,0.512,0.0,0.57,0.0,0,0,0.461,0.38,0.0,0.145,0.0,0.394,0.871,0.0,0.46,0.565,0.0,1.0,0.852
70101,2025.03.05 08:00:59,EURAUDm,PULLBACK,BUY,2,1.7015,1.69973,1.71123,5.49,0.471,1.69943,1.70017,1.69749,0,0.564,0.012,0.5382,1.69546,1.674,1.69376,1.67163,0,0.0,0.45,0,1.69943,0.729,0.424,0,0.0,0.0,1.69943,0.0,0.0,0,0,1,0.975,0.65,0.2481,0.65,0.117,0,0.69,0,0.601,1.69928,1.70106,0.584,0.033,0.0,2,0.15,0,0.69,1.297,3.0,0.432,0.481,1,1.69943,8,0.746,0.0,0.325,0.195,0.173,0.836,0.907,1.65797,1.65797,1.63983,-337822.645,-337822.645,-2,1.66011,0.583,1.68517,0.342,0.0,0.0,0,0.0,1,0,23362,0.796,0.544,0.455,33.0,22.3,0.1018,324.2,0.0,1,1,0.852,1.59509,1,1,0.825,1.54814,1,32.821,0.178,0.822,0.0,0.0,1.0,0.12,0.0,0.5,0.0,0.448,0.621,0.5,0.512,0.0,0.57,0.0,0,0,0.455,0.38,0.0,0.145,0.0,0.394,0.871,0.0,0.46,0.565,0.0,1.0,0.852
70102,2025.03.05 08:01:00,EURAUDm,TREND_CONTINUATION,BUY,2,1.70132,1.69743,1.70943,2.08,0.554,1.69943,1.70017,1.69749,0,0.564,0.012,0.5228,1.69546,1.674,1.69376,1.67163,0,0.0,0.45,0,1.69943,0.729,0.424,0,0.0,0.0,1.69943,0.0,0.0,0,0,1,0.975,0.65,0.2481,0.65,0.117,0,0.69,0,0.601,1.69928,1.70106,0.569,0.017,0.0,2,0.15,0,0.69,1.297,3.0,0.432,0.481,1,1.69943,8,0.746,0.0,0.325,0.195,0.173,0.836,0.907,1.65797,1.65797,1.63983,-337822.645,-337822.645,-2,1.66011,0.583,1.68517,0.342,0.0,0.0,0,0.0,1,0,23362,0.796,0.544,0.455,20.0,22.3,0.0617,324.2,0.0,1,1,0.852,1.59509,1,1,0.825,1.54814,1,32.765,0.178,0.822,0.0,0.0,1.0,0.83,0.0,0.5,0.0,0.448,0.627,0.5,0.512,0.0,0.57,0.0,0,0,0.458,0.38,0.0,0.145,0.0,0.394,0.871,0.0,0.46,0.565,0.0,1.0,0.852
70106,2025.03.05 09:00:40,EURAUDm,BREAKOUT_RETEST,BUY,2,1.70283,1.69994,1.70609,1.13,0.616,1.69952,1.70335,1.69852,1,0.721,0.305,0.9481,1.69656,1.67426,1.69364,1.67174,0,0.0,0.6,0,1.69952,0.684,0.418,0,0.0,0.0,0.0,0.0,0.0,0,0,1,1.0,0.86,0.2624,0.86,0.525,2,0.554,0,0.757,1.69932,1.70294,1.012,0.142,0.0,2,0.0,0,0.554,1.114,3.0,0.371,0.463,1,1.69952,8,0.737,0.0,0.143,0.258,0.151,0.8,0.759,1.65797,1.65797,1.63983,-337822.645,-337822.645,-2,1.66011,0.583,1.68517,0.342,0.0,0.0,0,0.0,1,0,23363,0.796,0.544,0.455,33.0,26.0,0.1051,313.9,0.0,1,1,0.852,1.59509,1,1,0.825,1.54814,1,34.32,0.178,0.822,0.0,0.0,1.0,0.23,0.0,0.5,0.0,0.689,0.555,0.5,0.5,0.0,0.619,0.0,0,0,0.431,0.582,0.0,0.143,0.0,0.304,0.735,0.0,0.463,0.565,0.0,1.0,0.812
70108,2025.03.05 10:00:40,EURAUDm,BREAKOUT,BUY,2,1.705,1.70279,1.71284,3.55,0.507,1.70198,1.70454,1.69849,0,0.508,0.085,0.9001,1.69649,1.67442,1.69452,1.67005,0,0.0,0.65,0,1.70198,0.734,0.406,0,0.0,0.0,1.70414,0.0,0.0,0,0,1,1.0,0.895,0.2396,0.895,0.156,2,0.622,3,0.353,1.70244,1.70477,0.752,0.01,0.0,2,0.15,0,0.622,1.28,3.0,0.427,0.428,1,1.70198,8,0.747,0.0,0.313,0.269,0.053,0.81,0.857,1.65797,1.65797,1.63983,-337822.645,-337822.645,-2,1.66011,0.583,1.68517,0.342,0.0,0.0,0,0.0,1,0,23364,0.796,0.544,0.455,20.0,22.3,0.0638,313.6,0.0,1,1,0.852,1.59509,1,1,0.825,1.54814,1,35.051,0.178,0.822,0.0,0.0,1.0,0.92,0.0,0.5,0.0,1.0,0.547,0.5,0.519,0.0,0.36,0.0,0,0,0.328,0.39,0.0,0.57,0.0,0.472,0.861,0.0,0.462,0.565,0.0,1.0,0.855
70109,2025.03.05 10:00:59,EURAUDm,PULLBACK,BUY,2,1.705,1.7003,1.71441,2.0,0.487,1.70198,1.70454,1.69849,0,0.508,0.085,0.9001,1.69649,1.67442,1.69452,1.67005,0,0.0,0.65,0,1.70198,0.734,0.406,0,0.0,0.0,1.70414,0.0,0.0,0,0,1,1.0,0.895,0.2396,0.895,0.156,2,0.622,3,0.353,1.70244,1.70477,0.752,0.01,0.0,2,0.15,0,0.622,1.28,3.0,0.427,0.428,1,1.70198,8,0.747,0.0,0.313,0.269,0.053,0.81,0.857,1.65797,1.65797,1.63983,-337822.645,-337822.645,-2,1.66011,0.583,1.68517,0.342,0.0,0.0,0,0.0,1,0,23364,0.796,0.544,0.455,20.0,22.3,0.0638,313.6,0.0,1,1,0.852,1.59509,1,1,0.825,1.54814,1,35.051,0.178,0.822,0.0,0.0,1.0,0.91,0.0,0.5,0.0,1.0,0.556,0.5,0.519,0.0,0.36,0.0,0,0,0.333,0.39,0.0,0.57,0.0,0.472,0.861,0.0,0.462,0.565,0.0,1.0,0.855
70110,2025.03.05 10:01:00,EURAUDm,TREND_CONTINUATION,BUY,2,1.705,1.70124,1.71284,2.08,0.572,1.70198,1.70454,1.69849,0,0.508,0.085,0.9001,1.69649,1.67442,1.69452,1.67005,0,0.0,0.65,0,1.70198,0.734,0.406,0,0.0,0.0,1.70414,0.0,0.0,0,0,1,1.0,0.895,0.2396,0.895,0.156,2,0.622,3,0.353,1.70244,1.70477,0.752,0.01,0.0,2,0.15,0,0.622,1.28,3.0,0.427,0.428,1,1.70198,8,0.747,0.0,0.313,0.269,0.053,0.81,0.857,1.65797,1.65797,1.63983,-337822.645,-337822.645,-2,1.66011,0.583,1.68517,0.342,0.0,0.0,0,0.0,1,0,23364,0.796,0.544,0.455,20.0,22.3,0.0638,313.6,0.0,1,1,0.852,1.59509,1,1,0.825,1.54814,1,35.051,0.178,0.822,0.0,0.0,1.0,0.9,0.0,0.5,0.0,1.0,0.527,0.5,0.519,0.0,0.36,0.0,0,0,0.316,0.39,0.0,0.57,0.0,0.472,0.861,0.0,0.462,0.565,0.0,1.0,0.855
70111,2025.03.05 10:01:20,EURAUDm,ANCHORED_PULLBACK,BUY,2,1.70517,1.70445,1.71124,8.48,0.448,1.70198,1.70454,1.69849,0,0.508,0.085,0.9543,1.69649,1.67442,1.69452,1.67005,0,0.0,0.65,0,1.70198,0.734,0.406,0,0.0,0.0,1.70414,0.0,0.0,0,0,1,1.0,0.895,0.2396,0.895,0.156,2,0.622,3,0.353,1.70244,1.70477,0.806,0.065,0.0,2,0.15,0,0.622,1.28,3.0,0.427,0.428,1,1.70198,8,0.747,0.0,0.313,0.269,0.053,0.81,0.857,1.65797,1.65797,1.63983,-337822.645,-337822.645,-2,1.66011,0.583,1.68517,0.342,0.0,0.0,0,0.0,1,0,23364,0.796,0.544,0.455,20.0,22.3,0.0638,313.6,0.0,1,1,0.852,1.59509,1,1,0.825,1.54814,1,35.105,0.178,0.822,0.0,0.0,1.0,0.97,0.0,0.5,0.0,1.0,0.536,0.5,0.519,0.0,0.36,0.0,0,0,0.321,0.39,0.0,0.57,0.0,0.472,0.861,0.0,0.462,0.565,0.0,1.0,0.855
70116,2025.03.05 11:00:40,EURAUDm,BREAKOUT_RETEST,BUY,2,1.70269,1.70172,1.7066,4.02,0.541,1.70198,1.70454,1.70082,1,0.069,0.793,0.1583,1.69659,1.67442,1.69452,1.67005,0,0.0,0.4,0,1.70198,0.728,0.657,0,0.0,0.0,1.70211,0.0,0.0,0,0,1,0.8,0.93,0.2296,0.93,0.921,2,0.625,3,0.605,1.70221,1.69989,0.086,0.805,0.0,2,0.0,0,0.625,0.936,3.0,0.312,0.458,1,1.70082,5,0.6,0.827,0.024,0.279,0.0,0.937,0.895,1.65797,1.65797,1.63983,-337822.645,-337822.645,-2,1.66011,0.583,1.68517,0.342,0.0,0.0,0,0.0,1,0,23365,0.796,0.544,0.455,20.0,25.3,0.0618,323.8,0.0,1,1,0.852,1.59509,1,1,0.825,1.54814,1,33.232,0.178,0.822,0.0,0.0,1.0,0.99,0.0,0.5,0.0,0.744,0.501,0.5,0.515,0.0,0.334,0.0,0,0,0.288,0.734,0.0,0.428,0.0,0.421,0.65,0.0,0.471,0.565,0.0,1.0,0.967
70118,2025.03.05 11:02:40,EURAUDm,MEAN_REVERSION,BUY,2,1.70172,1.70069,1.70474,2.93,0.611,1.70198,1.70454,1.70082,1,0.069,0.793,-0.1413,1.69659,1.67442,1.69452,1.67005,0,0.0,0.4,0,1.70198,0.728,0.657,0,0.0,0.0,1.70211,0.0,0.0,0,0,1,0.8,0.93,0.2296,0.93,0.445,2,0.625,3,0.605,1.70221,1.69989,0.213,0.505,0.0,2,0.0,0,0.625,1.15,3.0,0.383,0.483,1,1.70454,4,0.6,0.574,0.167,0.279,0.0,0.937,0.895,1.65797,1.65797,1.63983,-337822.645,-337822.645,-2,1.66011,0.583,1.68517,0.342,0.0,0.0,0,0.0,1,0,23365,0.796,0.544,0.455,20.0,24.7,0.0618,323.8,0.0,1,1,0.852,1.59509,1,1,0.825,1.54814,1,32.932,0.178,0.822,0.0,0.0,1.0,0.37,0.0,0.5,0.0,1.0,0.523,0.5,0.515,0.0,0.311,0.0,0,0,0.293,0.881,0.0,0.38,0.0,0.505,0.461,0.0,0.456,0.565,0.0,1.0,0.839
70120,2025.03.05 12:02:40,EURAUDm,PULLBACK,BUY,2,1.70187,1.69722,1.71117,2.0,0.63,1.70213,1.7035,1.70051,1,0.12,0.121,-0.1905,1.69555,1.67442,1.69452,1.67005,0,0.0,0.6,0,1.70213,0.793,0.178,0,0.0,0.0,0.0,0.0,0.0,0,0,1,1.0,0.79,0.1916,0.79,0.525,0,0.741,0,0.541,1.70213,1.70138,0.191,0.051,0.0,2,0.4,0,0.741,1.114,3.0,0.371,0.436,1,1.70051,5,0.6,0.619,0.303,0.237,0.248,0.905,0.679,1.66256,1.66256,1.66256,0.0,337822.645,0,1.65996,0.589,1.68491,0.324,0.0,0.0,0,0.03,1,0,23366,0.796,0.544,0.455,33.0,20.6,0.1064,310.1,0.0,1,1,0.852,1.59509,1,1,0.825,1.54814,1,34.437,0.0,1.0,0.0,0.0,1.0,0.04,0.0,0.5,0.0,0.66,0.576,0.5,0.5,0.0,0.306,0.0,0,0,0.318,0.673,0.0,0.547,0.0,0.375,0.65,0.0,0.462,0.565,0.0,1.0,0.838
70121,2025.03.05 12:02:59,EURAUDm,TREND_CONTINUATION,BUY,2,1.70183,1.69811,1.70958,2.08,0.56,1.70213,1.7035,1.70051,1,0.12,0.121,-0.2034,1.69555,1.67442,1.69452,1.67005,0,0.0,0.6,0,1.70213,0.793,0.178,0,0.0,0.0,0.0,0.0,0.0,0,0,1,1.0,0.79,0.1916,0.79,0.318,0,0.741,0,0.541,1.70088,1.70138,0.199,0.038,0.0,2,0.4,0,0.741,1.207,3.0,0.402,0.424,1,1.70051,5,0.6,0.602,0.365,0.237,0.248,0.722,0.679,1.66256,1.66256,1.66256,0.0,337822.645,0,1.65996,0.589,1.68491,0.324,0.0,0.0,0,0.03,1,0,23366,0.796,0.544,0.455,33.0,20.8,0.1064,310.1,0.0,1,1,0.852,1.59509,1,1,0.825,1.54814,1,34.424,0.0,1.0,0.0,0.0,1.0,0.04,0.0,0.5,0.0,0.66,0.587,0.5,0.5,0.0,0.306,0.0,0,0,0.325,0.63,0.0,0.498,0.0,0.375,0.65,0.0,0.462,0.565,0.0,1.0,0.838
70124,2025.03.05 13:00:20,EURAUDm,ANCHORED_PULLBACK,BUY,4,1.70413,1.7033,1.71052,7.68,0.484,1.70063,1.70375,1.70026,0,0.16,0.219,1.0006,1.6956,1.67442,1.69626,1.6718,0,0.0,0.7,2,1.70413,0.776,0.637,0,0.0,0.0,1.70347,0.0,0.0,0,0,1,1.0,0.825,0.1211,0.825,0.732,2,0.55,3,0.433,1.70413,1.70363,0.06,0.092,0.0,2,0.4,0,0.55,1.021,3.0,0.34,0.372,1,1.70063,1,0.7,0.881,0.24,0.247,0.14,0.972,0.617,1.66256,1.66256,1.66256,0.0,337822.645,0,1.65996,0.589,1.68491,0.324,0.0,0.0,0,0.03,1,0,23367,0.796,0.544,0.455,20.0,23.1,0.0607,329.4,0.0,1,1,0.852,1.59509,1,1,0.825,1.54814,1,33.1,0.0,1.0,0.0,0.0,1.0,0.86,0.0,0.5,0.0,0.708,0.395,0.5,0.574,0.0,0.544,0.0,0,0,0.453,0.747,0.0,0.488,0.0,0.58,0.687,0.0,0.474,0.565,0.0,1.0,0.969
70126,2025.03.05 14:00:00,EURAUDm,BREAKOUT_RETEST,BUY,4,1.70259,1.70096,1.70591,2.04,0.55,1.70069,1.70381,1.70028,1,0.395,0.643,0.4781,1.69759,1.67447,1.69659,1.67182,0,0.0,0.65,2,1.70096,0.762,0.0,1,0.0,0.0,1.70504,0.0,0.0,0,0,1,0.8,1.0,0.1288,1.0,0.517,2,0.508,3,0.366,1.70069,1.7015,0.478,0.23,0.0111,2,0.0,4,0.552,1.418,3.0,0.473,0.468,1,1.70096,8,0.752,0.044,0.145,0.3,0.0,0.948,0.592,1.66256,1.66256,1.66256,0.0,337822.645,0,1.65996,0.589,1.68491,0.324,0.0,0.0,0,0.03,1,0,23368,0.796,0.544,0.455,33.0,29.9,0.1004,328.6,0.0,1,1,0.852,1.59509,1,1,0.825,1.54814,1,32.71,0.0,1.0,0.0,0.0,1.0,0.0,0.0,0.5,0.0,0.306,0.34,0.5,0.378,0.0,0.399,0.0,0,0,0.369,0.529,0.183,0.684,0.0,0.419,0.65,0.0,0.429,0.565,0.0,1.0,0.893
70127,2025.03.05 14:01:59,EURAUDm,BREAKOUT,BUY,4,1.70289,1.70096,1.71111,4.26,0.353,1.70069,1.70381,1.70028,1,0.395,0.643,0.5694,1.69759,1.67447,1.69659,1.67182,0,0.0,0.65,2,1.70096,0.762,0.0,1,0.0,0.0,1.70504,0.0,0.0,0,0,1,0.8,1.0,0.1288,1.0,0.712,2,0.518,3,0.366,1.70395,1.7015,0.422,0.322,0.0,2,0.0,4,0.555,1.33,3.0,0.443,0.452,1,1.70096,8,0.752,0.156,0.086,0.3,0.0,0.895,0.592,1.66256,1.66256,1.66256,0.0,337822.645,0,1.65996,0.589,1.68491,0.324,0.0,0.0,0,0.03,1,0,23368,0.796,0.544,0.455,33.0,30.7,0.1004,328.6,0.0,1,1,0.852,1.59509,1,1,0.825,1.54814,1,32.802,0.0,1.0,0.0,0.0,1.0,0.1,0.0,0.5,0.0,0.26,0.421,0.5,0.398,0.0,0.423,0.0,0,0,0.336,0.582,0.183,0.274,0.0,0.381,0.65,0.0,0.444,0.565,0.0,1.0,0.94
70128,2025.03.05 14:02:40,EURAUDm,PULLBACK,BUY,4,1.70258,1.70083,1.71244,5.64,0.595,1.70069,1.70381,1.70028,1,0.395,0.643,0.5146,1.69759,1.67447,1.69659,1.67182,0,0.0,0.65,2,1.70096,0.762,0.0,1,0.0,0.0,1.70504,0.0,0.0,0,0,1,0.8,1.0,0.1288,1.0,0.517,2,0.518,3,0.366,1.70395,1.7015,0.477,0.267,0.0,2,0.0,4,0.555,1.418,3.0,0.473,0.462,1,1.70096,8,0.752,0.047,0.145,0.3,0.0,0.895,0.592,1.66256,1.66256,1.66256,0.0,337822.645,0,1.65996,0.589,1.68491,0.324,0.0,0.0,0,0.03,1,0,23368,0.796,0.544,0.455,20.0,30.0,0.0609,328.6,0.0,1,1,0.852,1.59509,1,1,0.825,1.54814,1,32.707,0.0,1.0,0.0,0.0,1.0,0.77,0.0,0.5,0.0,0.306,0.428,0.5,0.378,0.0,0.399,0.0,0,0,0.316,0.548,0.183,0.304,0.0,0.381,0.65,0.0,0.429,0.565,0.0,1.0,0.893
70129,2025.03.05 14:02:59,EURAUDm,TREND_CONTINUATION,BUY,4,1.70258,1.69864,1.7108,2.08,0.524,1.70069,1.70381,1.70028,1,0.395,0.643,0.5146,1.69759,1.67447,1.69659,1.67182,0,0.0,0.65,2,1.70096,0.762,0.0,1,0.0,0.0,1.70504,0.0,0.0,0,0,1,0.8,1.0,0.1288,1.0,0.517,2,0.518,3,0.366,1.70395,1.7015,0.477,0.267,0.0,2,0.0,4,0.555,1.418,3.0,0.473,0.462,1,1.70096,8,0.752,0.047,0.145,0.3,0.0,0.895,0.592,1.66256,1.66256,1.66256,0.0,337822.645,0,1.65996,0.589,1.68491,0.324,0.0,0.0,0,0.03,1,0,23368,0.796,0.544,0.455,20.0,29.9,0.0609,328.6,0.0,1,1,0.852,1.59509,1,1,0.825,1.54814,1,32.707,0.0,1.0,0.0,0.0,1.0,0.76,0.0,0.5,0.0,0.306,0.422,0.5,0.378,0.0,0.399,0.0,0,0,0.32,0.548,0.183,0.304,0.0,0.381,0.65,0.0,0.429,0.565,0.0,1.0,0.893
70134,2025.03.05 15:00:40,EURAUDm,ANCHORED_PULLBACK,BUY,4,1.70397,1.70341,1.70502,1.86,0.47,1.70419,1.70502,1.70101,1,0.166,0.133,-0.1625,1.69663,1.67463,1.69753,1.67188,0,0.0,0.6,0,1.70419,0.794,0.839,0,0.0,0.0,1.70441,0.0,0.0,0,0,1,1.0,1.0,0.1394,1.0,0.858,2,0.555,0,0.57,1.70318,1.70519,0.136,0.461,0.0,2,0.15,0,0.555,0.964,3.0,0.321,0.416,1,1.70502,4,0.6,0.727,0.103,0.3,0.167,0.927,0.765,1.66256,1.66256,1.66256,0.0,337822.645,0,1.65996,0.589,1.68491,0.324,0.0,0.0,0,0.03,1,0,23369,0.796,0.544,0.455,33.0,32.2,0.0984,335.3,0.0,1,1,0.852,1.59509,1,1,0.825,1.54814,1,32.474,0.0,1.0,0.0,0.0,1.0,0.0,0.0,0.5,0.0,0.436,0.376,0.5,0.541,0.0,0.376,0.0,0,0,0.387,0.798,1.0,0.513,0.0,0.557,0.462,0.0,0.467,0.565,0.0,1.0,0.888
70136,2025.03.05 16:01:59,EURAUDm,BREAKOUT,BUY,4,1.70795,1.70437,1.71669,2.44,0.525,1.70439,1.70534,1.7023,0,0.747,0.012,0.9239,1.69772,1.67287,1.69634,1.67193,0,0.0,0.4,0,1.70439,0.769,0.698,0,0.0,0.0,1.70614,0.0,0.0,0,0,1,1.0,1.0,0.1363,1.0,0.058,2,0.634,0,0.743,1.70382,1.70704,1.086,0.165,0.0,2,0.15,0,0.634,1.324,3.0,0.441,0.5,1,1.70439,8,0.754,0.0,0.343,0.3,0.201,0.933,0.887,1.66177,1.64739,1.67436,500497.2156,500497.2156,2,1.66087,0.603,1.68532,0.317,0.0,0.0,0,0.015,1,0,23370,0.797,0.539,0.454,33.0,32.2,0.0943,349.8,0.0,1,1,0.852,1.59509,1,1,0.825,1.54814,1,32.265,0.124,0.876,0.0,0.0,1.0,0.92,0.0,0.5,0.0,0.88,0.551,0.5,0.435,0.0,0.436,0.0,0,0,0.336,0.364,0.0,0.333,0.0,0.362,0.859,0.0,0.444,0.565,0.0,1.0,0.854
70138,2025.03.05 16:02:40,EURAUDm,PULLBACK,BUY,4,1.70762,1.70612,1.71811,6.99,0.515,1.70439,1.70534,1.7023,0,0.747,0.012,0.8295,1.69772,1.67287,1.69634,1.67193,0,0.0,0.4,0,1.70439,0.769,0.698,0,0.0,0.0,1.70614,0.0,0.0,0,0,1,1.0,1.0,0.1363,1.0,0.058,2,0.634,0,0.743,1.70382,1.70704,0.992,0.071,0.0,2,0.15,0,0.634,1.324,3.0,0.441,0.5,1,1.70439,8,0.754,0.0,0.343,0.3,0.201,0.933,0.887,1.66177,1.64739,1.67436,500497.2156,500497.2156,2,1.66087,0.603,1.68532,0.317,0.0,0.0,0,0.015,1,0,23370,0.797,0.539,0.454,33.0,32.2,0.0943,349.8,0.0,1,1,0.852,1.59509,1,1,0.825,1.54814,1,32.171,0.124,0.876,0.0,0.0,1.0,0.73,0.0,0.5,0.0,1.0,0.56,0.5,0.456,0.0,0.479,0.0,0,0,0.365,0.364,0.0,0.333,0.0,0.362,0.859,0.0,0.444,0.565,0.0,1.0,0.854
70139,2025.03.05 16:02:59,EURAUDm,TREND_CONTINUATION,BUY,4,1.70763,1.70343,1.71637,2.08,0.605,1.70439,1.70534,1.7023,0,0.747,0.012,0.8324,1.69772,1.67287,1.69634,1.67193,0,0.0,0.4,0,1.70439,0.769,0.698,0,0.0,0.0,1.70614,0.0,0.0,0,0,1,1.0,1.0,0.1363,1.0,0.058,2,0.634,0,0.743,1.70382,1.70704,0.995,0.074,0.0,2,0.15,0,0.634,1.324,3.0,0.441,0.5,1,1.70439,8,0.754,0.0,0.343,0.3,0.201,0.933,0.887,1.66177,1.64739,1.67436,500497.2156,500497.2156,2,1.66087,0.603,1.68532,0.317,0.0,0.0,0,0.015,1,0,23370,0.797,0.539,0.454,33.0,32.2,0.0943,349.8,0.0,1,1,0.852,1.59509,1,1,0.825,1.54814,1,32.174,0.124,0.876,0.0,0.0,1.0,0.73,0.0,0.5,0.0,1.0,0.552,0.5,0.456,0.0,0.479,0.0,0,0,0.36,0.364,0.0,0.333,0.0,0.362,0.859,0.0,0.444,0.565,0.0,1.0,0.854
70142,2025.03.05 17:00:40,EURAUDm,BREAKOUT_RETEST,BUY,3,1.70611,1.70477,1.70864,1.88,0.628,1.70444,1.70637,1.7025,1,0.398,0.099,0.3788,1.69744,1.67299,1.69745,1.67201,0,0.0,0.55,0,1.70409,0.758,0.122,0,0.0,0.0,1.70791,0.0,0.0,0,0,1,1.0,1.0,0.1715,1.0,0.519,0,0.709,3,0.46,1.70444,1.70673,0.379,0.267,0.0,2,0.15,0,0.709,1.117,3.0,0.372,0.46,1,1.70444,1,0.7,0.242,0.204,0.3,0.053,0.939,0.763,1.66177,1.64739,1.67436,500497.2156,500497.2156,2,1.66087,0.603,1.68532,0.317,0.0,0.0,0,0.015,1,0,23371,0.797,0.539,0.454,33.0,22.2,0.0931,354.3,0.0,1,1,0.852,1.59509,1,1,0.825,1.54814,1,31.336,0.124,0.876,0.0,0.0,1.0,0.0,0.0,0.5,0.0,0.783,0.353,0.5,0.554,0.0,0.289,0.0,0,0,0.37,0.529,0.0,0.38,0.0,0.393,0.733,0.0,0.445,0.545,0.0,1.0,0.896
0,2025.03.05 17:02:40,EURAUDm,ANCHORED_PULLBACK,BUY,3,1.70703,1.70685,1.71379,37.98,0.434,1.70444,1.70637,1.7025,0,0.398,0.099,0.6385,1.69744,1.67299,1.69745,1.67201,0,0.0,0.55,0,1.70409,0.758,0.122,0,0.0,0.0,1.70791,0.0,0.0,0,0,1,1.0,1.0,0.1715,1.0,0.281,0,0.709,3,0.46,1.70444,1.70673,0.638,0.007,0.0,2,0.15,0,0.709,1.223,3.0,0.408,0.472,1,1.70444,1,0.7,0.0,0.276,0.3,0.053,0.939,0.763,1.66177,1.64739,1.67436,500497.2156,500497.2156,2,1.66087,0.603,1.68532,0.317,0.0,0.0,0,0.015,1,0,23371,0.797,0.539,0.454,33.0,23.8,0.0931,354.3,0.0,1,1,0.852,1.59509,1,1,0.825,1.54814,1,31.596,0.124,0.876,0.0,0.0,1.0,0.25,0.0,0.5,0.0,0.9,0.387,0.5,0.521,0.0,0.275,0.0,0,0,0.334,0.559,0.0,0.475,0.0,0.442,0.435,0.0,0.445,0.545,0.0,1.0,0.936
70144,2025.03.05 18:02:20,EURAUDm,BREAKOUT,BUY,3,1.705,1.70353,1.70653,1.04,0.354,1.7062,1.70778,1.70356,1,0.112,0.668,-0.4233,1.69744,1.6906,1.70723,1.67984,1,0.0,0.6,0,1.7062,0.763,0.611,0,0.0,0.0,1.70621,0.0,0.0,0,0,0,0.8,1.0,0.1775,1.0,0.814,2,0.64,0,0.652,1.70479,1.70268,0.033,0.552,0.0,2,0.0,0,0.64,0.984,3.0,0.328,0.454,1,1.7062,8,0.753,0.934,0.056,0.3,0.13,0.784,0.764,1.66177,1.64739,1.67436,500497.2156,500497.2156,2,1.66087,0.603,1.68532,0.317,0.0,0.0,0,0.015,1,0,23372,0.797,0.539,0.454,33.0,21.2,0.0914,361.0,0.0,1,1,0.852,1.59509,1,1,0.825,1.54814,1,30.446,0.124,0.876,0.0,0.0,1.0,0.0,0.0,0.5,0.0,0.645,0.386,0.5,0.514,0.0,0.342,0.0,0,0,0.359,0.818,0.0,0.594,0.0,0.451,0.516,0.0,0.443,0.545,0.0,1.0,0.921
70146,2025.03.05 18:03:40,EURAUDm,PULLBACK,BUY,3,1.70487,1.7034,1.7064,1.04,0.594,1.7062,1.70778,1.70356,1,0.112,0.668,-0.4233,1.69744,1.6906,1.70723,1.67984,1,0.0,0.6,0,1.7062,0.763,0.611,0,0.0,0.0,1.70621,0.0,0.0,0,0,0,0.8,1.0,0.1775,1.0,0.814,2,0.64,0,0.652,1.70479,1.70268,0.033,0.552,0.0,2,0.0,0,0.64,0.984,3.0,0.328,0.454,1,1.7062,8,0.753,0.934,0.056,0.3,0.13,0.784,0.764,1.66177,1.64739,1.67436,500497.2156,500497.2156,2,1.66087,0.603,1.68532,0.317,0.0,0.0,0,0.015,1,0,23372,0.797,0.539,0.454,20.0,21.6,0.0554,361.0,0.0,1,1,0.852,1.59509,1,1,0.825,1.54814,1,30.41,0.124,0.876,0.0,0.0,1.0,0.12,0.0,0.5,0.0,0.645,0.354,0.5,0.514,0.0,0.342,0.0,0,0,0.378,0.818,0.0,0.594,0.0,0.451,0.516,0.0,0.443,0.545,0.0,1.0,0.921
70148,2025.03.05 18:07:40,EURAUDm,TREND_CONTINUATION,BUY,3,1.70559,1.70126,1.71462,2.08,0.525,1.7062,1.70778,1.70356,1,0.112,0.668,-0.2238,1.69744,1.6906,1.70723,1.67984,1,0.0,0.6,0,1.7062,0.763,0.611,0,0.0,0.0,1.70621,0.0,0.0,0,0,0,0.8,1.0,0.1775,1.0,0.583,2,0.64,0,0.652,1.70479,1.70268,0.166,0.751,0.0,2,0.0,0,0.64,1.088,3.0,0.363,0.466,1,1.70356,5,0.6,0.668,0.125,0.3,0.13,0.784,0.764,1.66177,1.64739,1.67436,500497.2156,500497.2156,2,1.66087,0.603,1.68532,0.317,0.0,0.0,0,0.015,1,0,23372,0.797,0.539,0.454,20.0,20.8,0.0554,361.0,0.0,1,1,0.852,1.59509,1,1,0.825,1.54814,1,30.609,0.124,0.876,0.0,0.0,1.0,0.74,0.0,0.5,0.0,0.722,0.398,0.5,0.537,0.0,0.396,0.0,0,0,0.381,0.818,0.0,0.66,0.0,0.501,0.461,0.0,0.429,0.545,0.0,1.0,0.876
70150,2025.03.05 19:23:40,EURAUDm,MEAN_REVERSION,BUY,3,1.70254,1.69965,1.70491,0.82,0.581,1.70471,1.70786,1.70422,0,0.328,0.131,-0.6576,1.70353,1.6906,1.70723,1.67984,1,0.0,0.55,0,1.70471,0.799,0.145,0,0.0,0.0,1.70348,0.0,0.0,0,0,0,1.0,0.825,0.1584,0.825,0.15,2,0.569,0,0.689,1.70488,1.70289,0.703,0.153,0.0,2,0.4,0,0.569,1.282,3.0,0.427,0.427,1,1.70471,8,0.76,0.0,0.415,0.247,0.278,0.869,0.802,1.66177,1.64739,1.67436,500497.2156,500497.2156,2,1.66087,0.603,1.68532,0.317,0.0,0.0,0,0.015,1,0,23373,0.797,0.539,0.454,20.0,20.0,0.0554,361.1,0.0,1,1,0.852,1.59509,1,1,0.825,1.54814,1,29.753,0.124,0.876,0.0,0.0,1.0,0.0,0.0,0.5,0.0,1.0,0.352,0.5,0.551,0.0,0.313,0.0,0,0,0.379,0.548,0.0,0.783,0.0,0.512,0.435,0.0,0.439,0.545,0.0,1.0,0.881
70152,2025.03.05 19:56:40,EURAUDm,SWEEP_REVERSAL,BUY,3,1.70214,1.69853,1.70504,0.8,0.296,1.70471,1.70786,1.70422,0,0.328,0.131,-0.8043,1.70353,1.6906,1.70723,1.67984,1,0.0,0.55,0,1.70471,0.799,0.145,0,0.0,0.0,1.70348,0.0,0.0,0,0,0,1.0,0.825,0.1584,0.825,0.15,2,0.569,0,0.689,1.70488,1.70289,0.85,0.299,0.0,2,0.4,0,0.569,1.282,3.0,0.427,0.427,1,1.70471,8,0.76,0.0,0.415,0.247,0.278,0.869,0.802,1.66177,1.64739,1.67436,500497.2156,500497.2156,2,1.66087,0.603,1.68532,0.317,0.0,0.0,0,0.015,1,0,23373,0.797,0.539,0.454,33.0,20.7,0.0914,361.1,0.0,1,1,0.852,1.59509,1,1,0.825,1.54814,1,29.642,0.124,0.876,0.0,0.0,1.0,0.0,0.0,0.5,0.0,0.892,0.257,0.5,0.533,0.0,0.275,0.0,0,0,0.416,0.548,0.0,0.553,0.0,0.416,0.428,0.0,0.439,0.545,0.0,1.0,0.881
70154,2025.03.05 21:00:00,EURAUDm,BREAKOUT_RETEST,BUY,3,1.70231,1.70126,1.70568,3.21,0.592,1.70296,1.70548,1.70145,1,0.147,0.14,-0.243,1.70353,1.6906,1.70723,1.68179,1,0.0,0.6,0,1.70296,0.759,0.222,0,0.0,0.0,0.0,0.0,0.0,0,0,0,1.0,0.825,0.1193,0.825,0.633,0,0.677,3,0.332,1.70296,1.70162,0.243,0.14,0.0,2,0.4,0,0.677,1.065,3.0,0.355,0.393,1,1.70548,4,0.6,0.514,0.27,0.247,0.14,0.945,0.689,1.66235,1.66235,1.66235,0.0,-500497.2156,0,1.65996,0.599,1.68494,0.308,0.0,0.0,0,0.046,1,0,23375,0.797,0.539,0.454,20.0,23.1,0.057,350.6,0.0,1,1,0.852,1.59509,1,1,0.825,1.54814,1,30.584,0.0,1.0,0.0,0.0,1.0,0.4,0.0,0.5,0.0,0.653,0.263,0.5,0.528,0.0,0.28,0.0,0,0,0.412,0.696,0.0,0.547,0.0,0.392,0.494,0.0,0.433,0.545,0.0,1.0,0.8
70156,2025.03.05 21:06:40,EURAUDm,BREAKOUT,BUY,3,1.70292,1.70143,1.71168,5.88,0.394,1.70296,1.70548,1.70145,1,0.147,0.14,-0.1061,1.70353,1.6906,1.70723,1.68179,1,0.0,0.6,0,1.70296,0.759,0.222,0,0.0,0.0,0.0,0.0,0.0,0,0,0,1.0,0.825,0.1193,0.825,0.953,0,0.677,3,0.332,1.70296,1.70162,0.106,0.277,0.0,2,0.4,0,0.677,0.921,3.0,0.307,0.376,1,1.70145,5,0.6,0.788,0.174,0.247,0.14,0.945,0.689,1.66235,1.66235,1.66235,0.0,-500497.2156,0,1.65996,0.599,1.68494,0.308,0.0,0.0,0,0.046,1,0,23375,0.797,0.539,0.454,33.0,27.7,0.0941,350.6,0.0,1,1,0.852,1.59509,1,1,0.825,1.54814,1,30.758,0.0,1.0,0.0,0.0,1.0,0.58,0.0,0.5,0.0,0.601,0.417,0.5,0.566,0.0,0.334,0.0,0,0,0.353,0.758,0.0,0.657,0.0,0.388,0.514,0.0,0.449,0.545,0.0,1.0,0.77
70157,2025.03.05 21:06:59,EURAUDm,PULLBACK,BUY,3,1.70291,1.70143,1.70756,3.14,0.618,1.70296,1.70548,1.70145,1,0.147,0.14,-0.109,1.70353,1.6906,1.70723,1.68179,1,0.0,0.6,0,1.70296,0.759,0.222,0,0.0,0.0,0.0,0.0,0.0,0,0,0,1.0,0.825,0.1193,0.825,0.953,0,0.677,3,0.332,1.70296,1.70162,0.109,0.274,0.0,2,0.4,0,0.677,0.921,3.0,0.307,0.376,1,1.70145,5,0.6,0.782,0.174,0.247,0.14,0.945,0.689,1.66235,1.66235,1.66235,0.0,-500497.2156,0,1.65996,0.599,1.68494,0.308,0.0,0.0,0,0.046,1,0,23375,0.797,0.539,0.454,33.0,27.8,0.0941,350.6,0.0,1,1,0.852,1.59509,1,1,0.825,1.54814,1,30.756,0.0,1.0,0.0,0.0,1.0,0.58,0.0,0.5,0.0,0.601,0.426,0.5,0.566,0.0,0.334,0.0,0,0,0.348,0.758,0.0,0.657,0.0,0.388,0.514,0.0,0.449,0.545,0.0,1.0,0.77
70158,2025.03.05 21:07:00,EURAUDm,TREND_CONTINUATION,BUY,3,1.70291,1.6987,1.71167,2.08,0.549,1.70296,1.70548,1.70145,1,0.147,0.14,-0.109,1.70353,1.6906,1.70723,1.68179,1,0.0,0.6,0,1.70296,0.759,0.222,0,0.0,0.0,0.0,0.0,0.0,0,0,0,1.0,0.825,0.1193,0.825,0.953,0,0.677,3,0.332,1.70296,1.70162,0.109,0.274,0.0,2,0.4,0,0.677,0.921,3.0,0.307,0.376,1,1.70145,5,0.6,0.782,0.174,0.247,0.14,0.945,0.689,1.66235,1.66235,1.66235,0.0,-500497.2156,0,1.65996,0.599,1.68494,0.308,0.0,0.0,0,0.046,1,0,23375,0.797,0.539,0.454,33.0,27.9,0.0941,350.6,0.0,1,1,0.852,1.59509,1,1,0.825,1.54814,1,30.756,0.0,1.0,0.0,0.0,1.0,0.58,0.0,0.5,0.0,0.601,0.442,0.5,0.566,0.0,0.334,0.0,0,0,0.338,0.758,0.0,0.657,0.0,0.388,0.514,0.0,0.449,0.545,0.0,1.0,0.77
70162,2025.03.05 21:24:40,EURAUDm,MEAN_REVERSION,BUY,3,1.70255,1.7013,1.70568,2.5,0.616,1.70296,1.70548,1.70145,1,0.147,0.14,-0.1746,1.70353,1.6906,1.70723,1.68179,1,0.0,0.6,0,1.70296,0.759,0.222,0,0.0,0.0,0.0,0.0,0.0,0,0,0,1.0,0.825,0.1193,0.825,0.519,0,0.677,3,0.332,1.70296,1.70162,0.175,0.209,0.0,2,0.4,0,0.677,1.116,3.0,0.372,0.399,1,1.70548,4,0.6,0.651,0.304,0.247,0.14,0.945,0.689,1.66235,1.66235,1.66235,0.0,-500497.2156,0,1.65996,0.599,1.68494,0.308,0.0,0.0,0,0.046,1,0,23375,0.797,0.539,0.454,20.0,23.0,0.057,350.6,0.0,1,1,0.852,1.59509,1,1,0.825,1.54814,1,30.653,0.0,1.0,0.0,0.0,1.0,0.24,0.0,0.5,0.0,1.0,0.494,0.5,0.574,0.0,0.27,0.0,0,0,0.284,0.674,0.0,0.73,0.0,0.222,0.509,0.0,0.433,0.545,0.0,1.0,0.8
0,2025.03.05 23:00:40,EURAUDm,ANCHORED_PULLBACK,BUY,1,1.70394,1.7035,1.70486,2.07,0.34,1.70261,1.70338,1.7022,0,0.016,0.258,0.2642,1.7027,1.69701,1.70732,1.68296,1,0.0,0.5,0,1.70249,0.709,0.658,0,0.0,0.0,1.70206,0.0,0.0,0,0,0,0.45,-0.51,-0.0805,0.51,0.107,0,0.79,0,0.499,1.70285,1.70344,0.186,0.01,0.0,2,0.15,0,0.79,1.302,3.0,0.434,0.48,1,1.70249,8,0.742,0.628,0.328,0.153,0.152,0.722,0.903,1.66235,1.66235,1.66235,0.0,-500497.2156,0,1.65996,0.599,1.68494,0.308,0.0,0.0,0,0.046,1,0,23377,0.797,0.539,0.454,53.0,237.4,0.1753,302.4,0.0,1,1,0.852,1.59509,1,1,0.825,1.54814,1,36.0,0.0,1.0,0.0,0.0,1.0,0.99,0.0,0.5,0.0,0.428,0.682,0.5,0.497,0.0,0.243,0.0,0,0,0.355,0.76,0.0,0.587,0.0,0.151,0.76,0.0,0.458,0.565,0.0,1.0,0.711
70164,2025.03.06 01:00:40,EURAUDm,ANCHORED_PULLBACK,BUY,1,1.70457,1.70432,1.70634,7.14,0.54,1.7026,1.70384,1.70158,0,0.805,0.079,0.6323,1.70278,1.70263,1.70732,1.68483,1,0.0,0.5,0,1.70237,0.613,0.409,0,0.0,0.0,1.70421,0.0,0.0,0,0,0,0.825,-0.755,-0.1867,0.755,0.143,0,0.757,1,0.135,1.70249,1.70463,0.673,0.094,0.0,2,0.15,0,0.757,1.286,3.0,0.429,0.428,1,1.7026,1,0.7,0.0,0.317,0.226,0.053,0.759,0.915,1.66235,1.66235,1.66242,1414.2348,1414.2348,2,1.65996,0.6,1.68494,0.308,0.0,0.0,0,0.054,1,0,23379,0.797,0.539,0.454,20.0,28.5,0.0714,280.1,0.0,1,1,0.852,1.59509,1,1,0.825,1.54814,1,39.09,0.001,0.999,0.0,0.0,1.0,0.65,0.0,0.5,0.0,0.679,0.565,0.5,0.568,0.0,0.427,0.0,0,0,0.38,0.523,0.0,0.663,0.0,0.268,0.786,0.0,0.458,0.565,0.0,1.0,0.66
70166,2025.03.06 03:30:59,EURAUDm,MEAN_REVERSION,BUY,1,1.70203,1.69989,1.70385,0.85,0.689,1.70365,1.70438,1.70249,0,0.103,0.449,-0.678,1.70278,1.70263,1.70732,1.68671,1,0.0,0.45,0,1.70365,0.727,0.68,0,0.0,0.0,0.0,0.0,0.0,0,0,0,0.65,-0.65,-0.1238,0.65,0.113,0,0.755,0,0.868,1.70259,1.70175,0.284,0.031,0.0,2,0.25,0,0.755,1.299,3.0,0.433,0.485,1,1.70365,8,0.745,0.432,0.366,0.195,0.261,0.589,0.923,1.66235,1.66235,1.66242,1414.2348,1414.2348,2,1.65996,0.6,1.68494,0.308,0.0,0.0,0,0.054,1,0,23381,0.797,0.54,0.456,20.0,22.3,0.0747,267.8,0.0,1,1,0.852,1.59509,1,1,0.825,1.54814,0,39.935,0.001,0.999,0.0,0.0,0.5,0.19,0.0,0.5,0.0,0.676,0.285,0.5,0.522,0.0,0.309,0.0,0,0,0.409,0.7,0.0,0.685,0.0,0.235,0.471,0.0,0.469,0.565,0.0,1.0,0.788
70168,2025.03.06 04:00:40,EURAUDm,SWEEP_REVERSAL,BUY,1,1.70172,1.69908,1.70402,0.87,0.217,1.70382,1.70479,1.70243,0,0.554,0.179,-0.8722,1.70278,1.70263,1.70732,1.68671,1,0.0,0.55,0,1.70382,0.752,0.52,0,0.0,0.0,0.0,0.0,0.0,0,0,0,0.78,-0.6799,-0.0275,0.68,0.114,0,0.744,0,0.682,1.70372,1.70146,0.831,0.024,0.0,2,0.15,0,0.744,1.299,3.0,0.433,0.501,2,1.70382,8,0.75,0.0,0.326,0.204,0.189,0.806,0.884,1.66235,1.66235,1.674,217371.1203,215956.8855,2,1.65996,0.601,1.68494,0.308,0.0,0.0,0,0.066,1,0,23382,0.797,0.54,0.456,20.0,20.8,0.0758,264.0,0.0,1,1,0.852,1.59509,1,1,0.825,1.54814,0,40.39,0.115,0.885,0.0,0.0,0.5,0.06,0.0,0.5,0.0,1.0,0.494,0.5,0.487,0.0,0.24,0.0,0,0,0.245,0.544,0.0,0.583,0.0,0.36,0.455,0.0,0.47,0.565,0.0,1.0,0.658
70170,2025.03.06 06:00:20,EURAUDm,ANCHORED_PULLBACK,BUY,1,1.70581,1.70418,1.70953,2.28,0.486,1.7019,1.70375,1.70157,0,1.415,0.004,1.6028,1.70278,1.70263,1.70544,1.68671,0,0.0,0.5,2,1.7019,0.717,0.379,0,0.0,0.0,1.70542,0.0,0.0,0,0,1,0.758,-0.4604,-0.0132,0.46,0.117,0,0.655,1,0.137,1.702,1.7056,1.556,0.004,0.0,2,0.4,0,0.655,1.297,3.0,0.432,0.39,1,1.7019,8,0.743,0.0,0.425,0.138,0.14,0.945,0.891,1.66235,1.66235,1.674,217371.1203,215956.8855,2,1.65996,0.601,1.68494,0.308,0.0,0.0,0,0.066,1,0,23384,0.797,0.54,0.456,20.0,20.8,0.0863,231.8,0.0,1,1,0.852,1.59509,1,1,0.825,1.54814,0,47.768,0.115,0.885,0.0,0.0,0.5,0.93,0.0,0.5,0.0,0.955,0.656,0.5,0.566,0.0,0.571,0.0,0,0,0.492,0.315,0.093,0.705,0.213,0.402,0.876,0.0,0.494,0.565,0.0,1.0,0.692
70172,2025.03.06 08:00:00,EURAUDm,TREND_CONTINUATION,BUY,2,1.70562,1.70292,1.71125,2.08,0.468,1.70513,1.70577,1.70295,1,0.043,0.27,0.0714,1.70299,1.70263,1.70732,1.68858,1,0.0,0.55,0,1.70436,0.76,0.725,0,0.0,0.0,0.0,0.0,0.0,0,0,0,0.75,0.72,0.086,0.72,0.943,1,0.315,0,0.446,1.70526,1.70616,0.014,0.384,-0.1991,1,0.45,5,1.0,0.626,3.0,0.209,0.433,1,1.70436,8,0.752,0.971,0.497,0.216,0.547,0.975,0.905,1.66235,1.66235,1.6744,224228.7764,6857.6561,2,1.65996,0.603,1.68494,0.309,0.0,0.0,0,0.058,1,0,23386,0.797,0.54,0.456,33.0,26.0,0.1465,225.3,0.0,1,1,0.852,1.59509,1,1,0.825,1.54814,0,49.062,0.119,0.881,0.0,0.0,0.5,0.19,0.0,0.5,0.0,0.254,0.573,0.5,0.445,0.0,0.456,0.0,0,0,0.36,0.391,0.101,0.677,0.082,0.332,0.595,0.0,0.46,0.565,0.0,1.0,0.672
70173,2025.03.06 08:00:20,EURAUDm,BREAKOUT,BUY,2,1.70557,1.70219,1.7112,1.67,0.328,1.70513,1.70577,1.70295,1,0.043,0.27,0.0492,1.70299,1.70263,1.70732,1.68858,1,0.0,0.55,0,1.70436,0.76,0.725,0,0.0,0.0,0.0,0.0,0.0,0,0,0,0.75,0.72,0.086,0.72,1.0,2,0.615,0,0.446,1.70526,1.70616,0.008,0.406,0.0,2,0.15,0,0.615,0.9,3.0,0.3,0.414,1,1.70436,8,0.752,0.984,0.06,0.216,0.142,0.975,0.905,1.66235,1.66235,1.6744,224228.7764,6857.6561,2,1.65996,0.603,1.68494,0.309,0.0,0.0,0,0.058,1,0,23386,0.797,0.54,0.456,33.0,26.0,0.1465,225.3,0.0,1,1,0.852,1.59509,1,1,0.825,1.54814,0,49.04,0.119,0.881,0.0,0.0,0.5,0.14,0.0,0.5,0.0,0.276,0.561,0.5,0.488,0.0,0.482,0.0,0,0,0.376,0.76,0.128,0.802,0.133,0.504,0.597,0.0,0.508,0.565,0.0,1.0,0.876
70174,2025.03.06 08:02:20,EURAUDm,PULLBACK,BUY,2,1.7053,1.70434,1.70753,2.33,0.543,1.70513,1.70577,1.70295,1,0.043,0.27,-0.0174,1.70299,1.70263,1.70732,1.68858,1,0.0,0.55,0,1.70436,0.76,0.725,0,0.0,0.0,0.0,0.0,0.0,0,0,0,0.75,0.72,0.086,0.72,1.0,2,0.615,0,0.446,1.70526,1.70616,0.074,0.473,0.0,2,0.15,0,0.615,0.9,3.0,0.3,0.414,1,1.70436,8,0.752,0.851,0.06,0.216,0.142,0.975,0.905,1.66235,1.66235,1.6744,224228.7764,6857.6561,2,1.65996,0.603,1.68494,0.309,0.0,0.0,0,0.058,1,0,23386,0.797,0.54,0.456,21.0,26.1,0.0932,225.3,0.0,1,1,0.852,1.59509,1,1,0.825,1.54814,0,48.92,0.119,0.881,0.0,0.0,0.5,0.47,0.0,0.5,0.0,0.276,0.617,0.5,0.488,0.0,0.464,0.0,0,0,0.402,0.76,0.128,0.802,0.133,0.504,0.59,0.0,0.508,0.565,0.0,1.0,0.763
70178,2025.03.06 08:53:40,EURAUDm,BREAKOUT_RETEST,BUY,2,1.70541,1.70473,1.70738,2.92,0.489,1.70513,1.70577,1.70295,1,0.043,0.27,0.0358,1.70299,1.70263,1.70732,1.68858,1,0.0,0.55,0,1.70436,0.76,0.725,0,0.0,0.0,0.0,0.0,0.0,0,0,0,0.75,0.72,0.086,0.72,1.0,2,0.615,0,0.446,1.70526,1.70616,0.021,0.42,0.0,2,0.15,0,0.615,0.9,3.0,0.3,0.414,1,1.70436,8,0.752,0.958,0.06,0.216,0.142,0.975,0.905,1.66235,1.66235,1.6744,224228.7764,6857.6561,2,1.65996,0.603,1.68494,0.309,0.0,0.0,0,0.058,1,0,23386,0.797,0.54,0.456,20.0,21.6,0.0888,225.3,0.0,1,1,0.852,1.59509,1,1,0.825,1.54814,0,48.969,0.119,0.881,0.0,0.0,0.5,0.97,0.0,0.5,0.0,0.457,0.603,0.5,0.472,0.0,0.509,0.0,0,0,0.407,0.76,0.0,0.802,0.133,0.504,0.595,0.0,0.508,0.565,0.0,1.0,0.876
70180,2025.03.06 09:12:40,EURAUDm,SWEEP_REVERSAL,BUY,2,1.70343,1.7011,1.70568,0.96,0.236,1.70535,1.70567,1.7035,0,0.078,0.637,-0.9633,1.70299,1.70279,1.70736,1.68908,1,0.0,0.5,0,1.70535,0.737,0.75,0,0.0,0.0,1.705,0.0,0.0,0,0,0,0.55,0.58,0.0609,0.58,0.553,2,0.631,0,0.63,1.70448,1.70253,0.591,0.246,0.0,2,0.25,0,0.631,1.101,3.0,0.367,0.431,1,1.70535,8,0.747,0.0,0.234,0.174,0.213,0.831,0.887,1.66235,1.66235,1.6744,224228.7764,6857.6561,2,1.65996,0.603,1.68494,0.309,0.0,0.0,0,0.058,1,0,23387,0.797,0.54,0.456,33.0,27.0,0.1415,233.2,0.0,1,1,0.852,1.59509,1,1,0.825,1.54814,0,46.455,0.119,0.881,0.0,0.0,0.5,0.0,0.0,0.5,0.0,0.401,0.406,0.5,0.469,0.0,0.402,0.0,0,0,0.358,0.769,0.0,0.686,0.1,0.173,0.491,0.0,0.484,0.565,0.0,1.0,0.886
70182,2025.03.06 10:00:00,EURAUDm,TREND_CONTINUATION,BUY,2,1.70549,1.7026,1.7115,2.08,0.42,1.70518,1.70563,1.70364,1,0.008,0.385,-0.0078,1.70299,1.70325,1.7058,1.68884,1,0.0,0.55,0,1.70518,0.695,0.852,0,0.0,0.0,1.70444,0.0,0.0,0,0,0,0.6,0.79,0.0596,0.79,0.99,2,0.595,0,0.751,1.70527,1.70618,0.046,0.423,-0.0721,1,0.3,0,0.595,0.905,3.0,0.302,0.424,1,1.70364,5,0.6,0.909,0.423,0.237,0.255,0.964,0.783,1.66235,1.66235,1.6744,224228.7764,6857.6561,2,1.65996,0.603,1.68494,0.309,0.0,0.0,0,0.058,1,0,23388,0.797,0.54,0.456,33.0,26.4,0.1372,240.6,0.0,1,1,0.852,1.59509,1,1,0.825,1.54814,1,45.891,0.119,0.881,0.0,0.0,1.0,0.06,0.0,0.5,0.0,0.939,0.604,0.5,0.462,0.0,0.349,0.0,0,0,0.341,0.8,0.0,1.0,0.182,0.309,0.554,0.0,0.504,0.565,0.0,1.0,0.71
70183,2025.03.06 10:00:20,EURAUDm,BREAKOUT,BUY,2,1.70528,1.70373,1.71129,3.87,0.302,1.70518,1.70563,1.70364,1,0.008,0.385,-0.0951,1.70299,1.70325,1.7058,1.68884,1,0.0,0.55,0,1.70518,0.695,0.852,0,0.0,0.0,1.70444,0.0,0.0,0,0,0,0.6,0.79,0.0596,0.79,0.845,2,0.636,0,0.751,1.70527,1.70618,0.133,0.51,0.0,2,0.0,0,0.636,0.97,3.0,0.323,0.487,1,1.70364,5,0.6,0.734,0.047,0.237,0.15,0.964,0.783,1.66235,1.66235,1.6744,224228.7764,6857.6561,2,1.65996,0.603,1.68494,0.309,0.0,0.0,0,0.058,1,0,23388,0.797,0.54,0.456,33.0,26.5,0.1372,240.6,0.0,1,1,0.852,1.59509,1,1,0.825,1.54814,1,45.803,0.119,0.881,0.0,0.0,1.0,0.0,0.0,0.5,0.0,0.783,0.595,0.5,0.462,0.0,0.349,0.0,0,0,0.335,0.813,0.0,0.99,0.156,0.437,0.546,0.0,0.504,0.565,0.0,1.0,0.762
70186,2025.03.06 10:39:40,EURAUDm,PULLBACK,BUY,2,1.70606,1.70245,1.71328,2.0,0.379,1.70518,1.70563,1.70364,0,0.008,0.385,0.2832,1.70299,1.70325,1.7058,1.68884,0,0.0,0.55,0,1.70518,0.695,0.852,0,0.0,0.0,1.70444,0.0,0.0,0,0,0,0.6,0.79,0.0596,0.79,0.406,2,0.636,0,0.751,1.70527,1.70618,0.245,0.132,0.0,2,0.0,0,0.636,1.167,3.0,0.389,0.51,2,1.70364,5,0.6,0.509,0.178,0.237,0.15,0.964,0.783,1.66235,1.66235,1.6744,224228.7764,6857.6561,2,1.65996,0.603,1.68494,0.309,0.0,0.0,0,0.058,1,0,23388,0.797,0.54,0.456,20.0,23.9,0.0831,240.6,0.0,1,1,0.852,1.59509,1,1,0.825,1.54814,1,46.128,0.119,0.881,0.0,0.0,1.0,0.99,0.0,0.5,0.0,1.0,0.611,0.5,0.508,0.0,0.352,0.0,0,0,0.36,0.663,0.0,0.76,0.215,0.442,0.707,0.0,0.491,0.565,0.0,1.0,0.924
70188,2025.03.06 10:53:40,EURAUDm,BREAKOUT_RETEST,BUY,2,1.70525,1.70373,1.70696,1.12,0.457,1.70518,1.70563,1.70364,1,0.008,0.385,-0.1076,1.70299,1.70325,1.7058,1.68884,1,0.0,0.55,0,1.70518,0.695,0.852,0,0.0,0.0,1.70444,0.0,0.0,0,0,0,0.6,0.79,0.0596,0.79,0.845,2,0.636,0,0.751,1.70527,1.70618,0.145,0.523,0.0,2,0.0,0,0.636,0.97,3.0,0.323,0.487,1,1.70364,5,0.6,0.709,0.047,0.237,0.15,0.964,0.783,1.66235,1.66235,1.6744,224228.7764,6857.6561,2,1.65996,0.603,1.68494,0.309,0.0,0.0,0,0.058,1,0,23388,0.797,0.54,0.456,33.0,29.1,0.1372,240.6,0.0,1,1,0.852,1.59509,1,1,0.825,1.54814,1,45.791,0.119,0.881,0.0,0.0,1.0,0.04,0.0,0.5,0.0,0.728,0.53,0.5,0.515,0.0,0.367,0.0,0,0,0.319,0.813,0.0,0.99,0.156,0.437,0.545,0.0,0.504,0.565,0.0,1.0,0.762
70190,2025.03.06 12:08:40,EURAUDm,TREND_CONTINUATION,BUY,2,1.70535,1.70227,1.71177,2.08,0.486,1.70531,1.70629,1.70416,1,0.115,0.461,-0.0618,1.70335,1.7037,1.70762,1.69036,1,0.0,0.6,0,1.70584,0.769,0.547,0,0.0,0.0,1.70549,0.0,0.0,0,0,0,0.7,0.86,0.1004,0.86,0.812,0,0.738,0,0.625,1.7054,1.70646,0.096,0.511,0.0,2,0.0,0,0.738,0.985,3.0,0.328,0.501,2,1.70416,5,0.6,0.807,0.057,0.258,0.125,0.988,0.742,1.66235,1.66235,1.70473,800012.1343,575783.3579,2,1.65996,0.604,1.68494,0.31,0.0,0.0,0,0.087,1,0,23390,0.789,0.552,0.454,20.0,27.0,0.0779,256.7,0.0,1,1,0.852,1.59509,1,1,0.825,1.54814,1,42.95,0.417,0.583,0.0,0.0,1.0,0.72,0.0,0.5,0.0,0.455,0.415,0.5,0.486,0.0,0.405,0.0,0,0,0.359,0.815,0.101,0.99,0.16,0.373,0.46,0.0,0.496,0.565,0.0,1.0,0.835
70192,2025.03.06 12:39:59,EURAUDm,PULLBACK,BUY,2,1.70538,1.70419,1.70782,2.05,0.563,1.70531,1.70629,1.70416,1,0.115,0.461,-0.0502,1.70335,1.7037,1.70762,1.69036,1,0.0,0.6,0,1.70584,0.769,0.547,0,0.0,0.0,1.70549,0.0,0.0,0,0,0,0.7,0.86,0.1004,0.86,0.812,0,0.738,0,0.625,1.7054,1.70646,0.085,0.5,0.0,2,0.0,0,0.738,0.985,3.0,0.328,0.501,2,1.70416,5,0.6,0.831,0.057,0.258,0.125,0.988,0.742,1.66235,1.66235,1.70473,800012.1343,575783.3579,2,1.65996,0.604,1.68494,0.31,0.0,0.0,0,0.087,1,0,23390,0.789,0.552,0.454,20.0,20.8,0.0779,256.7,0.0,1,1,0.852,1.59509,1,1,0.825,1.54814,1,42.962,0.417,0.583,0.0,0.0,1.0,0.57,0.0,0.5,0.0,0.66,0.627,0.5,0.54,0.0,0.432,0.0,0,0,0.411,0.815,0.0,0.99,0.16,0.373,0.46,0.0,0.496,0.565,0.0,1.0,0.835
70194,2025.03.06 12:55:40,EURAUDm,BREAKOUT_RETEST,BUY,2,1.70483,1.70406,1.70564,1.05,0.502,1.70531,1.70629,1.70416,1,0.115,0.461,-0.315,1.70335,1.7037,1.70762,1.69036,1,0.0,0.6,0,1.70584,0.769,0.547,0,0.0,0.0,1.70549,0.0,0.0,0,0,0,0.7,0.86,0.1004,0.86,0.757,0,0.738,0,0.625,1.70424,1.70336,0.1,0.446,0.0,2,0.0,0,0.738,1.01,3.0,0.337,0.483,1,1.70531,1,0.7,0.8,0.073,0.258,0.125,0.822,0.772,1.66235,1.66235,1.70473,800012.1343,575783.3579,2,1.65996,0.604,1.68494,0.31,0.0,0.0,0,0.087,1,0,23390,0.789,0.552,0.454,33.0,26.2,0.1285,256.7,0.0,1,1,0.852,1.59509,1,1,0.825,1.54814,1,42.748,0.417,0.583,0.0,0.0,1.0,0.34,0.0,0.5,0.0,0.534,0.398,0.5,0.508,0.0,0.357,0.0,0,0,0.357,0.815,0.0,0.99,0.146,0.342,0.434,0.0,0.485,0.565,0.0,1.0,0.91
70196,2025.03.06 13:13:40,EURAUDm,SWEEP_REVERSAL,BUY,4,1.70275,1.70013,1.70551,1.05,0.244,1.70531,1.70593,1.70416,0,0.008,0.55,-1.0521,1.70335,1.7037,1.70762,1.69036,1,0.0,0.5,0,1.70531,0.773,0.983,0,0.0,0.0,0.0,0.0,0.0,0,0,0,0.75,0.72,0.1228,0.72,0.059,0,0.725,0,0.651,1.70424,1.70336,0.646,0.307,0.0,2,0.25,0,0.725,1.323,3.0,0.441,0.457,1,1.70531,8,0.755,0.0,0.382,0.216,0.218,0.621,0.881,1.66235,1.66235,1.70473,800012.1343,575783.3579,2,1.65996,0.604,1.68494,0.31,0.0,0.0,0,0.087,1,0,23391,0.789,0.552,0.454,20.0,24.5,0.0763,262.2,0.0,1,1,0.852,1.59509,1,1,0.825,1.54814,1,41.058,0.417,0.583,0.0,0.0,1.0,0.35,0.0,0.5,0.0,0.329,0.379,0.5,0.487,0.0,0.319,0.0,0,0,0.346,0.701,0.0,0.907,0.1,0.226,0.427,0.0,0.467,0.565,0.0,1.0,0.94
70198,2025.03.06 14:02:20,EURAUDm,BREAKOUT,BUY,4,1.70922,1.7057,1.71698,2.2,0.507,1.7054,1.70642,1.70399,0,1.176,0.257,1.1644,1.70323,1.70311,1.70719,1.69086,0,0.0,0.3,0,1.7054,0.746,0.403,0,0.0,0.0,1.70555,0.0,0.0,0,0,1,1.0,0.755,0.1092,0.755,0.08,0,0.742,1,0.416,1.7052,1.70884,1.23,0.057,0.0,2,0.4,0,0.742,1.314,3.0,0.438,0.427,1,1.7054,8,0.749,0.0,0.436,0.226,0.14,0.772,0.923,1.66235,1.66235,1.70473,800012.1343,575783.3579,2,1.65996,0.604,1.68494,0.31,0.0,0.0,0,0.087,1,0,23392,0.789,0.552,0.454,20.0,32.6,0.0644,310.6,0.0,1,1,0.852,1.59509,1,1,0.825,1.54814,1,36.748,0.417,0.583,0.0,0.0,1.0,0.99,0.0,0.5,0.0,0.805,0.552,0.5,0.499,0.0,0.471,0.0,0,0,0.369,0.247,0.0,0.445,0.191,0.323,0.87,0.0,0.456,0.565,0.0,1.0,0.86
70200,2025.03.06 14:08:40,EURAUDm,ANCHORED_PULLBACK,BUY,4,1.70786,1.70462,1.71374,1.81,0.248,1.7054,1.70642,1.70399,0,1.176,0.257,0.6846,1.70323,1.70311,1.70719,1.69086,0,0.0,0.3,0,1.7054,0.746,0.403,0,0.0,0.0,1.70555,0.0,0.0,0,0,1,1.0,0.755,0.1092,0.755,0.129,0,0.742,1,0.416,1.7052,1.70884,0.75,0.422,0.0,2,0.4,0,0.742,1.292,3.0,0.431,0.425,1,1.7054,8,0.749,0.0,0.421,0.226,0.14,0.772,0.923,1.66235,1.66235,1.70473,800012.1343,575783.3579,2,1.65996,0.604,1.68494,0.31,0.0,0.0,0,0.087,1,0,23392,0.789,0.552,0.454,33.0,32.2,0.1063,310.6,0.0,1,1,0.852,1.59509,1,1,0.825,1.54814,1,36.31,0.417,0.583,0.0,0.0,1.0,0.0,0.0,0.5,0.0,0.572,0.364,0.5,0.522,0.0,0.543,0.0,0,0,0.455,0.258,0.0,0.631,0.191,0.295,0.87,0.0,0.456,0.565,0.0,1.0,0.86
70202,2025.03.06 14:10:40,EURAUDm,TREND_CONTINUATION,BUY,4,1.70906,1.70533,1.71682,2.08,0.558,1.7054,1.70642,1.70399,0,1.176,0.257,1.071,1.70323,1.70311,1.70719,1.69086,0,0.0,0.3,0,1.7054,0.746,0.403,0,0.0,0.0,1.70555,0.0,0.0,0,0,1,1.0,0.755,0.1092,0.755,0.065,0,0.742,1,0.416,1.7052,1.70884,1.136,0.036,0.0,2,0.4,0,0.742,1.321,3.0,0.44,0.428,1,1.7054,8,0.749,0.0,0.44,0.226,0.14,0.772,0.923,1.66235,1.66235,1.70473,800012.1343,575783.3579,2,1.65996,0.604,1.68494,0.31,0.0,0.0,0,0.087,1,0,23392,0.789,0.552,0.454,33.0,32.2,0.1063,310.6,0.0,1,1,0.852,1.59509,1,1,0.825,1.54814,1,36.697,0.417,0.583,0.0,0.0,1.0,0.32,0.0,0.5,0.0,0.448,0.346,0.5,0.472,0.0,0.493,0.0,0,0,0.431,0.244,0.0,0.445,0.191,0.39,0.87,0.0,0.456,0.565,0.0,1.0,0.86
70204,2025.03.06 15:00:00,EURAUDm,PULLBACK,BUY,4,1.71001,1.70853,1.71955,6.44,0.748,1.70507,1.70861,1.70403,0,0.402,0.252,1.4484,1.70328,1.70339,1.70745,1.6896,0,0.0,0.55,0,1.70591,0.77,0.069,0,0.0,0.0,1.70852,0.0,0.0,0,0,1,1.0,0.965,0.1259,0.965,0.288,2,0.489,0,0.607,1.7084,1.71048,0.402,0.252,0.6758,0,0.15,2,1.0,1.671,3.0,0.557,0.604,2,1.7084,2,0.55,0.196,0.274,0.99,0.174,0.848,0.893,1.66235,1.66235,1.70473,800012.1343,575783.3579,2,1.65996,0.604,1.68494,0.31,0.0,0.0,0,0.087,1,0,23393,0.789,0.552,0.454,33.0,24.1,0.1038,318.0,0.0,1,1,0.852,1.59509,1,1,0.825,1.54814,1,36.138,0.417,0.583,0.0,0.0,1.0,0.24,0.0,0.5,0.0,0.815,0.587,0.5,0.469,0.0,0.509,0.0,0,0,0.396,0.402,0.0,0.517,0.217,0.848,0.721,0.0,0.418,0.565,0.0,1.0,1.014
70206,2025.03.06 15:05:40,EURAUDm,BREAKOUT_RETEST,BUY,4,1.70769,1.70509,1.71123,1.36,0.62,1.70507,1.70861,1.70403,1,0.402,0.252,0.7189,1.70328,1.70339,1.70745,1.6896,1,0.0,0.55,0,1.70591,0.77,0.069,0,0.0,0.0,1.70852,0.0,0.0,0,0,1,1.0,0.965,0.1259,0.965,0.212,2,0.551,0,0.607,1.7084,1.71048,0.328,0.982,0.0,2,0.15,0,0.551,1.254,3.0,0.418,0.443,1,1.70591,8,0.754,0.345,0.296,0.29,0.174,0.848,0.893,1.66235,1.66235,1.70473,800012.1343,575783.3579,2,1.65996,0.604,1.68494,0.31,0.0,0.0,0,0.087,1,0,23393,0.789,0.552,0.454,33.0,22.9,0.1038,318.0,0.0,1,1,0.852,1.59509,1,1,0.825,1.54814,1,35.409,0.417,0.583,0.0,0.0,1.0,0.0,0.0,0.5,0.0,1.0,0.44,0.5,0.491,0.0,0.464,0.0,0,0,0.369,0.547,0.0,0.693,0.193,0.412,0.436,0.0,0.45,0.565,0.0,1.0,0.791
70208,2025.03.06 15:38:40,EURAUDm,MEAN_REVERSION,BUY,4,1.70528,1.70392,1.71005,3.5,0.559,1.70507,1.70861,1.70403,1,0.402,0.252,0.0019,1.70328,1.70339,1.70745,1.6896,1,0.0,0.55,0,1.70591,0.77,0.069,0,0.0,0.0,1.70852,0.0,0.0,0,0,1,1.0,0.965,0.1259,0.965,1.0,2,0.551,0,0.607,1.70549,1.7032,0.129,0.591,0.0,2,0.15,0,0.551,0.9,3.0,0.3,0.418,1,1.70403,5,0.6,0.742,0.06,0.29,0.174,0.972,0.875,1.66235,1.66235,1.70473,800012.1343,575783.3579,2,1.65996,0.604,1.68494,0.31,0.0,0.0,0,0.087,1,0,23393,0.789,0.552,0.454,20.0,20.0,0.0629,318.0,0.0,1,1,0.852,1.59509,1,1,0.825,1.54814,1,34.651,0.417,0.583,0.0,0.0,1.0,0.02,0.0,0.5,0.0,0.659,0.519,0.5,0.528,0.0,0.414,0.0,0,0,0.336,0.683,0.161,0.99,0.131,0.708,0.511,0.0,0.471,0.565,0.0,1.0,0.761
70210,2025.03.06 16:06:40,EURAUDm,BREAKOUT,BUY,4,1.70447,1.70306,1.71314,6.13,0.401,1.70507,1.70861,1.7032,1,0.426,0.054,-0.2318,1.70328,1.70339,1.70745,1.69122,1,0.0,0.65,0,1.70507,0.745,0.72,0,0.0,0.0,1.70569,0.0,0.0,0,0,0,1.0,1.0,0.1153,1.0,0.548,2,0.593,3,0.337,1.70507,1.70279,0.232,0.428,0.0,2,0.15,0,0.593,1.103,3.0,0.368,0.402,1,1.7032,5,0.6,0.536,0.196,0.3,0.053,0.845,0.895,1.66289,1.64602,1.66242,303111.5512,-496900.5831,1,1.66045,0.619,1.68445,0.305,0.0,0.0,0,0.09,1,0,23394,0.789,0.552,0.454,20.0,20.8,0.0577,346.8,0.0,1,1,0.852,1.59509,1,1,0.825,1.54814,1,31.541,0.505,0.495,0.0,1.0,1.0,0.96,0.0,0.5,0.0,0.713,0.527,0.5,0.515,0.0,0.404,0.0,0,0,0.332,0.718,0.0,1.0,0.1,0.768,0.498,0.0,0.443,0.542,0.0,1.0,0.796
70212,2025.03.06 16:30:40,EURAUDm,SWEEP_REVERSAL,BUY,4,1.70256,1.69909,1.7054,0.82,0.165,1.70507,1.70861,1.7032,0,0.426,0.054,-0.8201,1.70328,1.70339,1.70745,1.69122,1,0.0,0.65,0,1.70507,0.745,0.72,0,0.0,0.0,1.70569,0.0,0.0,0,0,0,1.0,1.0,0.1153,1.0,0.044,2,0.593,3,0.337,1.70507,1.70279,0.82,0.16,0.0,2,0.15,0,0.593,1.33,3.0,0.443,0.429,1,1.70507,8,0.749,0.0,0.347,0.3,0.053,0.845,0.895,1.66289,1.64602,1.66242,303111.5512,-496900.5831,1,1.66045,0.619,1.68445,0.305,0.0,0.0,0,0.09,1,0,23394,0.789,0.552,0.454,33.0,20.6,0.0952,346.8,0.0,1,1,0.852,1.59509,1,1,0.825,1.54814,1,30.99,0.505,0.495,0.0,1.0,1.0,0.0,0.0,0.5,0.0,0.996,0.477,0.5,0.487,0.0,0.39,0.0,0,0,0.316,0.411,0.0,0.88,0.1,0.792,0.462,0.0,0.462,0.542,0.0,1.0,0.871
70214,2025.03.06 16:34:40,EURAUDm,TREND_CONTINUATION,BUY,4,1.70438,1.70022,1.70881,1.06,0.576,1.70507,1.70861,1.7032,1,0.426,0.054,-0.2578,1.70328,1.70339,1.70745,1.69122,1,0.0,0.65,0,1.70507,0.745,0.72,0,0.0,0.0,1.70569,0.0,0.0,0,0,0,1.0,1.0,0.1153,1.0,0.548,2,0.593,3,0.337,1.70507,1.70279,0.258,0.402,0.0,2,0.15,0,0.593,1.103,3.0,0.368,0.402,1,1.70861,4,0.6,0.484,0.196,0.3,0.053,0.845,0.895,1.66289,1.64602,1.66242,303111.5512,-496900.5831,1,1.66045,0.619,1.68445,0.305,0.0,0.0,0,0.09,1,0,23394,0.789,0.552,0.454,20.0,23.0,0.0577,346.8,0.0,1,1,0.852,1.59509,1,1,0.825,1.54814,1,31.515,0.505,0.495,0.0,1.0,1.0,0.99,0.0,0.5,0.0,0.952,0.514,0.5,0.552,0.0,0.423,0.0,0,0,0.343,0.718,0.0,1.0,0.1,0.774,0.497,0.0,0.443,0.542,0.0,1.0,0.796
70216,2025.03.06 17:05:40,EURAUDm,PULLBACK,BUY,3,1.70501,1.70357,1.70765,1.83,0.566,1.70329,1.70815,1.70265,1,0.16,0.529,0.4432,1.70328,1.70339,1.70745,1.69122,1,0.0,0.65,2,1.70329,0.794,0.0,2,0.0,0.0,1.70357,0.0,0.0,0,0,0,0.8,0.825,0.0739,0.825,0.509,2,0.509,3,0.543,1.7035,1.70688,0.382,0.603,0.0,2,0.25,0,0.509,1.121,3.0,0.374,0.409,1,1.70329,8,0.759,0.237,0.247,0.247,0.088,0.961,0.691,1.66289,1.64602,1.66242,303111.5512,-496900.5831,1,1.66045,0.619,1.68445,0.305,0.0,0.0,0,0.09,1,0,23395,0.789,0.552,0.454,20.0,20.0,0.0582,343.5,0.0,1,1,0.852,1.59509,1,1,0.825,1.54814,1,32.0,0.505,0.495,0.0,1.0,1.0,0.99,0.0,0.5,0.0,0.724,0.631,0.5,0.531,0.0,0.344,0.0,0,0,0.376,0.777,0.0,1.0,0.1,0.732,0.572,0.0,0.451,0.542,0.0,1.0,0.876
70218,2025.03.06 17:38:40,EURAUDm,MEAN_REVERSION,BUY,3,1.70314,1.70039,1.70835,1.9,0.551,1.70329,1.70815,1.70265,1,0.16,0.529,-0.1012,1.70328,1.70339,1.70745,1.69122,1,0.0,0.65,2,1.70329,0.794,0.0,2,0.0,0.0,1.70357,0.0,0.0,0,0,0,0.8,0.825,0.0739,0.825,0.557,2,0.509,3,0.543,1.7035,1.70244,0.163,0.145,0.0,2,0.25,0,0.509,1.099,3.0,0.366,0.406,1,1.70815,4,0.6,0.675,0.233,0.247,0.088,0.961,0.851,1.66289,1.64602,1.66242,303111.5512,-496900.5831,1,1.66045,0.619,1.68445,0.305,0.0,0.0,0,0.09,1,0,23395,0.789,0.552,0.454,20.0,20.0,0.0582,343.5,0.0,1,1,0.852,1.59509,1,1,0.825,1.54814,1,31.456,0.505,0.495,0.0,1.0,1.0,0.3,0.0,0.5,0.0,0.864,0.544,0.5,0.527,0.0,0.371,0.0,0,0,0.333,0.8,0.0,1.0,0.14,0.46,0.457,0.0,0.463,0.542,0.0,1.0,0.8
70220,2025.03.06 18:00:00,EURAUDm,BREAKOUT_RETEST,BUY,3,1.70335,1.70209,1.70708,2.96,0.402,1.70329,1.70688,1.70223,1,0.04,1.029,-0.0402,1.70328,1.70354,1.70751,1.69163,1,0.0,0.55,2,1.70329,0.765,0.346,0,0.0,0.0,0.0,0.0,0.0,0,0,0,0.651,0.6757,0.0313,0.676,1.0,2,0.615,1,0.042,1.7035,1.70688,0.102,1.091,-0.2472,1,0.55,0,0.615,0.9,3.0,0.3,0.27,0,1.70688,4,0.6,0.796,0.52,0.203,0.193,0.706,0.917,1.66289,1.64602,1.66242,303111.5512,-496900.5831,1,1.66045,0.619,1.68445,0.305,0.0,0.0,0,0.09,1,0,23396,0.789,0.552,0.454,20.0,20.5,0.0584,342.2,0.0,1,1,0.852,1.59509,1,1,0.825,1.54814,1,31.635,0.505,0.495,0.0,1.0,1.0,0.55,0.0,0.5,0.0,0.66,0.61,0.5,0.523,0.0,0.334,0.0,0,0,0.356,0.8,0.0,1.0,0.14,0.261,0.505,0.0,0.467,0.542,0.0,1.0,0.743
70222,2025.03.06 18:31:40,EURAUDm,SWEEP_REVERSAL,BUY,3,1.70063,1.69721,1.70349,0.84,0.186,1.70329,1.70688,1.70223,0,0.04,1.029,-0.835,1.70328,1.70354,1.70751,1.69163,1,0.0,0.55,2,1.70329,0.765,0.346,0,0.0,0.0,0.0,0.0,0.0,0,0,0,0.651,0.6757,0.0313,0.676,0.212,2,0.615,1,0.042,1.7035,1.70688,0.897,1.886,0.0,2,0.25,0,0.615,1.255,3.0,0.418,0.356,1,1.70329,8,0.753,0.0,0.337,0.203,0.088,0.706,0.917,1.66289,1.64602,1.66242,303111.5512,-496900.5831,1,1.66045,0.619,1.68445,0.305,0.0,0.0,0,0.09,1,0,23396,0.789,0.552,0.454,20.0,21.6,0.0584,342.2,0.0,1,1,0.852,1.59509,1,1,0.825,1.54814,1,30.84,0.505,0.495,0.0,1.0,1.0,0.12,0.0,0.5,0.0,0.682,0.306,0.5,0.529,0.0,0.276,0.0,0,0,0.386,0.658,0.0,1.0,0.1,0.414,0.415,0.0,0.455,0.522,0.0,1.0,0.957
70224,2025.03.06 18:44:40,EURAUDm,TREND_CONTINUATION,BUY,3,1.6995,1.69539,1.70362,1.0,0.406,1.70329,1.70688,1.70223,0,0.04,1.029,-1.2032,1.70328,1.70354,1.70751,1.69163,1,0.0,0.55,2,1.70329,0.765,0.346,0,0.0,0.0,0.0,0.0,0.0,0,0,0,0.651,0.6757,0.0313,0.676,0.212,2,0.615,1,0.042,1.7035,1.70688,1.265,2.254,0.0,2,0.25,0,0.615,1.255,3.0,0.418,0.356,1,1.70329,8,0.753,0.0,0.337,0.203,0.088,0.706,0.917,1.66289,1.64602,1.66242,303111.5512,-496900.5831,1,1.66045,0.619,1.68445,0.305,0.0,0.0,0,0.09,1,0,23396,0.789,0.552,0.454,33.0,20.7,0.0964,342.2,0.0,1,1,0.852,1.59509,1,1,0.825,1.54814,1,30.51,0.505,0.495,0.0,1.0,1.0,0.0,0.0,0.5,0.0,0.665,0.29,0.5,0.538,0.0,0.31,0.0,0,0,0.411,0.658,0.0,1.0,0.1,0.467,0.357,0.0,0.455,0.522,0.0,1.0,0.957
70226,2025.03.06 19:00:00,EURAUDm,ANCHORED_PULLBACK,BUY,3,1.70167,1.70102,1.70888,11.13,0.298,1.7031,1.706,1.70231,0,0.306,0.57,-0.4526,1.7029,1.70403,1.70773,1.69293,1,0.0,0.35,0,1.7031,0.733,0.329,0,0.0,0.0,1.69974,0.0,0.0,0,0,0,0.542,-0.5961,-0.0389,0.596,0.193,2,0.622,1,0.006,1.70337,1.69941,0.526,0.57,-0.2672,1,0.0,0,0.622,1.263,3.0,0.421,0.384,1,1.7031,8,0.747,0.0,0.542,0.179,0.0,0.642,0.953,1.66289,1.64602,1.66242,303111.5512,-496900.5831,1,1.66045,0.619,1.68445,0.305,0.0,0.0,0,0.09,1,0,23397,0.789,0.552,0.454,20.0,25.5,0.0554,360.7,0.0,1,1,0.852,1.59509,1,1,0.825,1.54814,1,29.547,0.505,0.495,0.0,1.0,1.0,0.99,0.0,0.5,0.0,0.41,0.641,0.5,0.49,0.0,0.316,0.0,0,0,0.358,0.734,1.0,1.0,0.1,0.362,0.461,0.0,0.444,0.522,0.0,1.0,0.756
70228,2025.03.06 22:06:40,EURAUDm,MEAN_REVERSION,BUY,1,1.70365,1.70089,1.7062,0.92,0.603,1.70408,1.70482,1.70184,0,0.445,0.246,-0.7367,1.70405,1.70313,1.70794,1.6942,1,0.0,0.5,2,1.70408,0.772,0.557,0,0.0,0.0,0.0,0.0,0.0,0,0,0,0.6,-0.79,-0.0983,0.79,0.156,2,0.645,2,0.06,1.70422,1.70139,0.78,0.041,0.0,2,0.15,0,0.645,1.28,3.0,0.427,0.389,1,1.70408,8,0.754,0.0,0.313,0.237,0.053,0.744,0.83,1.66289,1.64602,1.66242,308445.7281,5334.1769,2,1.66045,0.621,1.68445,0.307,0.0,0.0,0,0.101,1,0,23400,0.786,0.553,0.453,212.0,71.4,0.6136,345.5,0.0,1,1,0.852,1.59509,1,1,0.825,1.54814,-1,31.421,0.005,0.995,0.0,0.0,0.0,0.0,0.0,0.5,0.0,1.0,0.286,0.5,0.486,0.0,0.214,0.0,0,0,0.359,0.484,0.0,1.0,0.1,0.314,0.481,0.0,0.457,0.522,0.0,1.0,0.745
70230,2025.03.06 22:11:40,EURAUDm,SWEEP_REVERSAL,BUY,1,1.70415,1.7007,1.70736,0.93,0.152,1.70408,1.70482,1.70184,0,0.445,0.246,-0.9277,1.70405,1.70313,1.70794,1.6942,1,0.0,0.5,2,1.70408,0.772,0.557,0,0.0,0.0,0.0,0.0,0.0,0,0,0,0.6,-0.79,-0.0983,0.79,0.423,2,0.645,2,0.06,1.70422,1.70139,0.971,0.15,0.0,2,0.15,0,0.645,1.16,3.0,0.387,0.375,1,1.70408,8,0.754,0.0,0.233,0.237,0.053,0.744,0.83,1.66289,1.64602,1.66242,308445.7281,5334.1769,2,1.66045,0.621,1.68445,0.307,0.0,0.0,0,0.101,1,0,23400,0.786,0.553,0.453,328.0,133.9,0.9493,345.5,0.0,1,1,0.852,1.59509,1,1,0.825,1.54814,-1,31.566,0.005,0.995,0.0,0.0,0.0,0.0,0.0,0.5,0.0,0.867,0.291,0.5,0.494,0.0,0.209,0.0,0,0,0.357,0.497,0.0,1.0,0.1,0.337,0.451,0.0,0.457,0.522,0.0,1.0,0.745
70232,2025.03.07 01:00:00,EURAUDm,BREAKOUT,BUY,1,1.70512,1.70347,1.71339,5.02,0.614,1.70312,1.70445,1.70179,0,0.398,0.032,0.5446,1.70405,1.70292,1.7071,1.69395,1,0.0,0.55,0,1.70312,0.649,0.177,0,0.0,0.0,0.0,1.70169,0.975,0,0,0,1.0,-0.72,-0.1184,0.72,0.175,0,0.749,0,0.741,1.70336,1.70493,0.471,0.004,0.1956,0,0.4,2,1.0,0.56,0.975,0.574,0.454,1,1.70312,8,0.73,0.057,0.407,0.916,0.288,0.85,0.833,1.66289,1.64602,1.66242,315177.7625,6732.0344,2,1.66045,0.622,1.68445,0.307,0.0,0.0,0,0.125,1,0,23403,0.786,0.553,0.453,20.0,31.4,0.0605,330.7,0.0,1,1,0.852,1.59509,1,1,0.825,1.54814,0,33.27,0.005,0.995,0.0,0.0,0.5,0.93,0.0,0.5,0.0,0.322,0.571,0.5,0.484,0.0,0.521,0.0,0,0,0.396,0.451,0.107,1.0,0.143,0.723,0.64,0.0,0.42,0.522,0.0,1.0,0.763
70234,2025.03.07 03:00:00,EURAUDm,BREAKOUT,BUY,1,1.71039,1.70836,1.71892,4.2,0.482,1.70837,1.70894,1.70403,0,0.495,0.052,0.4952,1.70405,1.70331,1.70728,1.69479,0,0.0,0.65,0,1.70837,0.779,0.091,0,0.0,0.0,1.7083,1.70169,2.453,0,0,1,0.675,0.685,0.0869,0.685,0.087,1,0.251,3,0.525,1.70818,1.7095,0.551,0.163,0.0229,2,0.15,3,0.78,1.563,2.453,0.637,0.518,2,1.70837,8,0.756,0.0,0.334,0.606,0.053,0.778,0.906,1.66289,1.64602,1.66242,315177.7625,6732.0344,2,1.66045,0.622,1.68445,0.307,0.0,0.0,0,0.125,1,0,23405,0.786,0.553,0.453,33.0,20.9,0.0968,341.0,0.0,1,1,0.852,1.59509,1,1,0.825,1.54814,0,33.812,0.005,0.995,0.0,0.0,0.5,0.06,0.0,0.5,0.0,0.656,0.684,0.5,0.441,0.0,0.368,0.0,0,0,0.39,0.157,0.0,0.601,0.143,0.785,0.743,0.0,0.421,0.545,0.0,1.0,0.968
70235,2025.03.07 03:00:20,EURAUDm,ANCHORED_PULLBACK,BUY,1,1.71036,1.70916,1.71685,5.42,0.298,1.70837,1.70894,1.70403,0,0.495,0.052,0.4864,1.70405,1.70331,1.70728,1.69479,0,0.0,0.65,0,1.70837,0.779,0.091,0,0.0,0.0,1.7083,1.70169,2.453,0,0,1,0.675,0.685,0.0869,0.685,0.087,2,0.551,3,0.525,1.70818,1.7095,0.542,0.154,0.0,2,0.15,0,0.551,1.068,2.444,0.437,0.403,1,1.70837,8,0.756,0.0,0.334,0.206,0.053,0.778,0.906,1.66289,1.64602,1.66242,315177.7625,6732.0344,2,1.66045,0.622,1.68445,0.307,0.0,0.0,0,0.125,1,0,23405,0.786,0.553,0.453,33.0,21.0,0.0968,341.0,0.0,1,1,0.852,1.59509,1,1,0.825,1.54814,0,33.804,0.005,0.995,0.0,0.0,0.5,0.06,0.0,0.5,0.0,0.911,0.667,0.5,0.502,0.0,0.374,0.0,0,0,0.4,0.269,0.0,0.479,0.143,0.674,0.865,0.0,0.466,0.545,0.0,1.0,0.933
70238,2025.03.07 03:38:40,EURAUDm,TREND_CONTINUATION,BUY,1,1.7139,1.70823,1.72243,1.5,0.445,1.70837,1.70894,1.70403,0,0.495,0.052,1.5627,1.70405,1.70331,1.70728,1.69479,0,0.0,0.65,0,1.70837,0.779,0.091,0,0.0,0.0,1.7083,1.70169,2.453,0,0,1,0.675,0.685,0.0869,0.685,0.087,2,0.551,3,0.525,1.70818,1.7095,1.618,1.231,0.0,2,0.15,0,0.551,1.538,3.521,0.437,0.458,1,1.70837,8,0.756,0.0,0.334,0.206,0.053,0.778,0.906,1.66289,1.64602,1.66242,315177.7625,6732.0344,2,1.66045,0.622,1.68445,0.307,0.0,0.0,0,0.125,1,0,23405,0.786,0.553,0.453,20.0,27.9,0.0587,341.0,0.0,1,1,0.852,1.59509,1,1,0.825,1.54814,0,34.842,0.005,0.995,0.0,0.0,0.5,0.99,0.0,0.5,0.0,0.663,0.59,0.5,0.496,0.0,0.4,0.0,0,0,0.362,0.269,0.0,0.096,0.143,0.572,0.865,0.0,0.484,0.524,0.0,1.0,0.949
70240,2025.03.07 03:46:40,EURAUDm,PULLBACK,BUY,1,1.71428,1.70836,1.72451,1.73,0.379,1.70837,1.70894,1.70403,0,0.495,0.052,1.636,1.70405,1.70331,1.70728,1.69479,0,0.0,0.65,0,1.70837,0.779,0.091,0,0.0,0.0,1.7083,1.70169,2.453,0,0,1,0.675,0.685,0.0869,0.685,0.087,2,0.551,3,0.525,1.70818,1.7095,1.691,1.304,0.0,2,0.15,0,0.551,1.57,3.594,0.437,0.461,1,1.70837,8,0.756,0.0,0.334,0.206,0.053,0.778,0.906,1.66289,1.64602,1.66242,315177.7625,6732.0344,2,1.66045,0.622,1.68445,0.307,0.0,0.0,0,0.125,1,0,23405,0.786,0.553,0.453,33.0,26.9,0.0968,341.0,0.0,1,1,0.852,1.59509,1,1,0.825,1.54814,0,34.953,0.005,0.995,0.0,0.0,0.5,0.36,0.0,0.5,0.0,0.677,0.657,0.5,0.516,0.0,0.378,0.0,0,0,0.4,0.269,0.0,0.096,0.143,0.576,0.865,0.0,0.484,0.524,0.0,1.0,0.949
70242,2025.03.07 05:00:00,EURAUDm,BREAKOUT,BUY,1,1.71492,1.71041,1.72244,1.67,0.593,1.70853,1.71291,1.70467,0,0.13,0.815,2.0139,1.70429,1.70358,1.70693,1.69486,0,0.0,0.8,0,1.70853,0.788,0.0,1,0.0,0.0,0.0,1.70169,4.287,0,0,1,0.825,0.755,0.304,0.755,0.313,2,0.589,3,0.653,1.7142,1.71317,0.13,0.473,0.7264,0,0.0,2,1.0,1.114,2.014,0.553,0.582,2,1.70853,8,0.758,0.739,0.206,0.926,0.0,0.963,0.879,1.66246,1.67237,1.70453,571065.948,255888.1855,2,1.66028,0.631,1.70942,0.3,0.0,0.0,0,0.02,1,0,23407,0.786,0.553,0.453,33.0,20.9,0.1097,300.8,0.0,1,1,0.852,1.59509,1,1,0.825,1.54814,0,39.839,0.414,0.586,0.0,0.0,0.5,0.02,0.0,0.5,0.0,0.696,0.527,0.5,0.516,0.0,0.399,0.0,0,0,0.331,0.523,0.0,0.421,0.048,1.0,0.744,0.0,0.446,0.524,0.0,1.0,1.147
70244,2025.03.07 05:38:40,EURAUDm,TREND_CONTINUATION,BUY,1,1.7151,1.71149,1.72262,2.08,0.504,1.70853,1.71291,1.70467,0,0.13,0.815,2.117,1.70429,1.70358,1.70693,1.69486,0,0.0,0.8,0,1.70853,0.788,0.0,1,0.0,0.0,0.0,1.70169,4.287,0,0,1,0.825,0.755,0.304,0.755,0.313,2,0.605,3,0.653,1.7142,1.71317,0.234,0.576,0.0,2,0.0,0,0.605,0.853,2.117,0.403,0.453,1,1.70853,8,0.758,0.533,0.206,0.226,0.0,0.963,0.879,1.66246,1.67237,1.70453,571065.948,255888.1855,2,1.66028,0.631,1.70942,0.3,0.0,0.0,0,0.02,1,0,23407,0.786,0.553,0.453,20.0,20.8,0.0665,300.8,0.0,1,1,0.852,1.59509,1,1,0.825,1.54814,0,39.899,0.414,0.586,0.0,0.0,0.5,0.99,0.0,0.5,0.0,0.605,0.459,0.5,0.558,0.0,0.28,0.0,0,0,0.304,0.515,0.0,0.38,0.048,0.71,0.865,0.0,0.498,0.524,0.0,1.0,1.09
70246,2025.03.07 05:46:40,EURAUDm,PULLBACK,BUY,1,1.71592,1.7141,1.72494,4.95,0.432,1.70853,1.71291,1.70467,0,0.13,0.815,2.3896,1.70429,1.70358,1.70693,1.69486,0,0.0,0.8,0,1.70853,0.788,0.0,1,0.0,0.0,0.0,1.70169,4.287,0,0,1,0.825,0.755,0.304,0.755,0.313,2,0.605,3,0.653,1.7142,1.71317,0.506,0.849,0.0,2,0.0,0,0.605,0.963,2.39,0.403,0.466,1,1.7142,2,0.55,0.0,0.206,0.226,0.0,0.963,0.879,1.66246,1.67237,1.70453,571065.948,255888.1855,2,1.66028,0.631,1.70942,0.3,0.0,0.0,0,0.02,1,0,23407,0.786,0.553,0.453,20.0,20.0,0.0665,300.8,0.0,1,1,0.852,1.59509,1,1,0.825,1.54814,0,40.171,0.414,0.586,0.0,0.0,0.5,0.93,0.0,0.5,0.0,0.42,0.57,0.5,0.52,0.0,0.322,0.0,0,0,0.327,0.515,0.0,0.143,0.048,0.637,0.865,0.0,0.498,0.524,0.0,1.0,1.09
70247,2025.03.07 06:00:20,EURAUDm,BREAKOUT_RETEST,BUY,1,1.7162,1.71476,1.71952,2.3,0.581,1.71425,1.71627,1.71043,1,0.434,1.6,0.601,1.70386,1.70292,1.70784,1.69519,0,0.0,0.65,0,1.70841,0.676,0.47,0,0.0,0.0,1.71586,1.70169,5.257,0,0,1,0.9,0.79,0.4921,0.79,0.174,2,0.585,3,0.948,1.71425,1.71156,0.601,1.6,0.0,2,0.0,0,0.585,1.172,2.766,0.424,0.501,2,1.71425,1,0.7,0.0,0.248,0.237,0.0,0.795,0.923,1.66246,1.67237,1.70453,571065.948,255888.1855,2,1.66028,0.631,1.70942,0.3,0.0,0.0,0,0.02,1,0,23408,0.786,0.553,0.453,33.0,21.0,0.1224,269.6,0.0,1,1,0.852,1.59509,1,1,0.825,1.54814,0,44.915,0.414,0.586,0.0,0.0,0.5,0.0,0.0,0.5,0.0,0.713,0.628,0.5,0.573,0.0,0.421,0.0,0,0,0.417,0.516,0.0,0.238,0.062,0.469,0.761,0.0,0.52,0.524,0.0,1.0,0.989
70250,2025.03.07 07:00:00,EURAUDm,BREAKOUT,BUY,1,1.71731,1.7161,1.72419,5.7,0.367,1.71414,1.717,1.71357,1,0.338,1.31,1.0323,1.70438,1.70393,1.70767,1.69421,0,0.0,0.45,0,1.71414,0.659,0.066,0,0.0,0.0,0.0,1.70169,5.554,0,0,1,0.975,0.825,0.6104,0.825,0.185,2,0.54,0,0.625,1.71605,1.71318,0.338,1.379,-0.8717,1,0.3,0,0.54,0.582,1.379,0.422,0.297,0,1.71605,2,0.55,0.323,0.664,0.247,0.23,0.485,0.909,1.66246,1.67237,1.70453,571065.948,255888.1855,2,1.66028,0.631,1.70942,0.3,0.0,0.0,0,0.02,1,0,23409,0.786,0.553,0.453,33.0,22.5,0.1199,275.2,0.0,1,1,0.852,1.59509,1,1,0.825,1.54814,0,44.409,0.414,0.586,0.0,0.0,0.5,0.0,0.0,0.5,0.0,0.625,0.381,0.5,0.547,0.0,0.383,0.0,0,0,0.388,0.492,0.0,0.125,0.062,0.397,0.769,0.0,0.513,0.524,0.0,1.0,0.932
70252,2025.03.07 07:38:40,EURAUDm,TREND_CONTINUATION,BUY,1,1.71774,1.71444,1.72462,2.08,0.534,1.71414,1.717,1.71357,0,0.338,1.31,1.1885,1.70438,1.70393,1.70767,1.69421,0,0.0,0.45,0,1.71414,0.659,0.066,0,0.0,0.0,0.0,1.70169,5.554,0,0,1,0.975,0.825,0.6104,0.825,0.259,2,0.564,0,0.625,1.71605,1.71318,0.495,1.536,0.0,2,0.0,0,0.564,0.631,1.536,0.411,0.353,1,1.71605,2,0.55,0.011,0.222,0.247,0.125,0.485,0.909,1.66246,1.67237,1.70453,571065.948,255888.1855,2,1.66028,0.631,1.70942,0.3,0.0,0.0,0,0.02,1,0,23409,0.786,0.553,0.453,33.0,28.3,0.1199,275.2,0.0,1,1,0.852,1.59509,1,1,0.825,1.54814,0,44.565,0.414,0.586,0.0,0.0,0.5,0.63,0.0,0.5,0.0,0.447,0.457,0.5,0.557,0.0,0.435,0.0,0,0,0.367,0.565,0.0,0.143,0.048,0.634,0.861,0.0,0.513,0.524,0.0,1.0,1.03
70253,2025.03.07 07:46:40,EURAUDm,PULLBACK,BUY,1,1.7178,1.7161,1.72606,4.87,0.455,1.71414,1.717,1.71357,0,0.338,1.31,1.2103,1.70438,1.70393,1.70767,1.69421,0,0.0,0.45,0,1.71414,0.659,0.066,0,0.0,0.0,0.0,1.70169,5.554,0,0,1,0.975,0.825,0.6104,0.825,0.259,2,0.564,0,0.625,1.71605,1.71318,0.516,1.557,0.0,2,0.0,0,0.564,0.64,1.557,0.411,0.355,1,1.71605,2,0.55,0.0,0.222,0.247,0.125,0.485,0.909,1.66246,1.67237,1.70453,571065.948,255888.1855,2,1.66028,0.631,1.70942,0.3,0.0,0.0,0,0.02,1,0,23409,0.786,0.553,0.453,33.0,32.3,0.1199,275.2,0.0,1,1,0.852,1.59509,1,1,0.825,1.54814,0,44.587,0.414,0.586,0.0,0.0,0.5,0.89,0.0,0.5,0.0,0.41,0.596,0.5,0.527,0.0,0.429,0.0,0,0,0.387,0.565,0.0,0.143,0.048,0.634,0.861,0.0,0.513,0.524,0.0,1.0,1.03
70256,2025.03.07 08:00:40,EURAUDm,BREAKOUT_RETEST,BUY,2,1.71681,1.71599,1.71858,2.16,0.458,1.71421,1.7168,1.71365,1,0.03,0.383,0.8805,1.70438,1.70412,1.70633,1.69452,0,0.0,0.7,2,1.71646,0.748,0.46,0,0.0,0.0,0.0,1.70169,5.393,0,0,1,0.7,0.86,0.7066,0.86,0.661,2,0.571,3,0.36,1.71635,1.71793,0.095,0.483,0.0,2,0.0,0,0.571,0.309,0.881,0.351,0.334,0,1.71421,1,0.7,0.809,0.102,0.258,0.0,0.882,0.863,1.66147,1.64705,1.70364,1034522.1308,463456.1828,2,1.66127,0.643,1.71073,0.288,0.0,0.0,0,0.035,1,0,23410,0.785,0.552,0.451,20.0,26.9,0.0735,272.3,0.0,1,1,0.852,1.59509,1,1,0.825,1.54814,0,44.703,0.415,0.585,0.0,0.0,0.5,0.9,0.0,0.5,0.0,0.701,0.477,0.5,0.551,0.0,0.495,0.0,0,0,0.377,0.685,0.0,0.342,0.071,0.477,0.65,0.0,0.544,0.524,0.0,1.0,0.957
70258,2025.03.07 09:00:00,EURAUDm,BREAKOUT,BUY,2,1.71779,1.71389,1.72429,1.67,0.366,1.71705,1.7176,1.71564,1,0.123,0.212,0.2064,1.7044,1.70269,1.70639,1.69454,0,0.0,0.45,0,1.7164,0.72,0.845,0,0.0,0.0,0.0,1.70169,6.117,0,0,1,1.0,0.72,0.7133,0.72,0.778,0,0.682,2,0.101,1.71705,1.71814,0.206,0.212,0.0,2,0.4,0,0.682,0.152,0.457,0.333,0.263,0,1.7164,8,0.744,0.587,0.226,0.216,0.14,0.976,0.925,1.66147,1.64705,1.70364,1034522.1308,463456.1828,2,1.66127,0.643,1.71073,0.288,0.0,0.0,0,0.035,1,0,23411,0.785,0.552,0.451,20.0,21.0,0.077,259.9,0.0,1,1,0.852,1.59509,1,1,0.825,1.54814,0,47.218,0.415,0.585,0.0,0.0,0.5,0.95,0.0,0.5,0.0,0.608,0.469,0.5,0.532,0.0,0.416,0.0,0,0,0.345,0.632,0.0,0.134,0.071,0.298,0.739,0.0,0.551,0.524,0.0,1.0,0.957
70260,2025.03.07 09:38:40,EURAUDm,TREND_CONTINUATION,BUY,2,1.71976,1.71664,1.72626,2.08,0.517,1.71705,1.7176,1.71564,0,0.123,0.212,0.9144,1.7044,1.70269,1.70639,1.69454,0,0.0,0.45,0,1.7164,0.72,0.845,0,0.0,0.0,0.0,1.70169,6.117,0,0,1,1.0,0.72,0.7133,0.72,0.08,0,0.682,2,0.101,1.71705,1.71814,0.914,0.496,0.0,2,0.4,0,0.682,0.51,1.166,0.438,0.305,0,1.71705,1,0.7,0.0,0.436,0.216,0.14,0.976,0.925,1.66147,1.64705,1.70364,1034522.1308,463456.1828,2,1.66127,0.643,1.71073,0.288,0.0,0.0,0,0.035,1,0,23411,0.785,0.552,0.451,33.0,33.0,0.127,259.9,0.0,1,1,0.852,1.59509,1,1,0.825,1.54814,0,47.976,0.415,0.585,0.0,0.0,0.5,0.28,0.0,0.5,0.0,0.771,0.592,0.5,0.483,0.0,0.36,0.0,0,0,0.344,0.433,0.0,0.248,0.071,0.336,0.869,0.0,0.522,0.524,0.0,1.0,0.949
70262,2025.03.07 09:46:40,EURAUDm,PULLBACK,BUY,2,1.71948,1.71734,1.72728,3.65,0.44,1.71705,1.7176,1.71564,0,0.123,0.212,0.8067,1.7044,1.70269,1.70639,1.69454,0,0.0,0.45,0,1.7164,0.72,0.845,0,0.0,0.0,0.0,1.70169,6.117,0,0,1,1.0,0.72,0.7133,0.72,0.08,0,0.682,2,0.101,1.71705,1.71814,0.807,0.388,0.0,2,0.4,0,0.682,0.463,1.058,0.438,0.299,0,1.71705,1,0.7,0.0,0.436,0.216,0.14,0.976,0.925,1.66147,1.64705,1.70364,1034522.1308,463456.1828,2,1.66127,0.643,1.71073,0.288,0.0,0.0,0,0.035,1,0,23411,0.785,0.552,0.451,33.0,32.3,0.127,259.9,0.0,1,1,0.852,1.59509,1,1,0.825,1.54814,0,47.869,0.415,0.585,0.0,0.0,0.5,0.0,0.0,0.5,0.0,0.87,0.461,0.5,0.518,0.0,0.354,0.0,0,0,0.32,0.433,0.0,0.248,0.071,0.336,0.869,0.0,0.522,0.524,0.0,1.0,0.949
70264,2025.03.07 10:00:00,EURAUDm,ANCHORED_PULLBACK,BUY,2,1.72049,1.71876,1.72543,2.85,0.442,1.71705,1.71775,1.71578,0,1.074,0.209,1.1813,1.70295,1.70392,1.70795,1.69506,0,0.0,0.35,0,1.71705,0.743,0.364,0,0.0,0.0,1.71955,1.70169,7.013,0,0,1,1.0,0.93,0.6161,0.93,0.138,0,0.679,1,0.338,1.71691,1.72071,1.235,0.209,0.0049,2,0.15,0,0.679,0.53,1.235,0.429,0.355,1,1.71705,8,0.749,0.0,0.318,0.279,0.053,0.831,0.947,1.66147,1.64705,1.70364,1034522.1308,463456.1828,2,1.66127,0.643,1.71073,0.288,0.0,0.0,0,0.035,1,0,23412,0.785,0.552,0.451,33.0,32.3,0.1253,263.3,0.0,1,1,0.852,1.59509,1,1,0.825,1.54814,0,47.629,0.415,0.585,0.0,0.0,0.5,0.61,0.0,0.5,0.0,1.0,0.395,0.5,0.483,0.0,0.378,0.0,0,0,0.359,0.339,0.0,0.475,0.071,0.35,0.863,0.0,0.521,0.524,0.0,1.0,0.884
70266,2025.03.07 11:00:00,EURAUDm,BREAKOUT,BUY,2,1.72167,1.71745,1.72841,1.6,0.614,1.71679,1.71992,1.7155,0,1.464,0.447,1.7368,1.7033,1.70327,1.70753,1.6956,0,0.0,0.6,2,1.71679,0.74,0.0,1,0.0,0.0,1.72138,1.70169,7.336,0,0,1,1.0,0.965,0.5776,0.965,0.57,2,0.508,1,0.014,1.71697,1.72268,1.669,0.447,0.9072,0,0.0,2,1.0,0.894,1.737,0.515,0.458,1,1.71679,8,0.748,0.0,0.129,0.99,0.0,0.816,0.897,1.66147,1.64705,1.70364,1034522.1308,463456.1828,2,1.66127,0.643,1.71073,0.288,0.0,0.0,0,0.035,1,0,23413,0.785,0.552,0.451,20.0,29.4,0.0742,269.6,0.0,1,1,0.852,1.59509,1,1,0.825,1.54814,0,46.956,0.415,0.585,0.0,0.0,0.5,0.83,0.0,0.5,0.0,0.656,0.46,0.5,0.498,0.0,0.365,0.0,0,0,0.319,0.468,0.0,0.277,0.1,1.0,0.742,0.0,0.464,0.524,0.0,1.0,1.078
70268,2025.03.07 11:38:40,EURAUDm,TREND_CONTINUATION,BUY,2,1.72269,1.71946,1.72943,2.08,0.563,1.71679,1.71992,1.7155,0,1.464,0.447,2.067,1.7033,1.70327,1.70753,1.6956,0,0.0,0.6,2,1.71679,0.74,0.0,1,0.0,0.0,1.72138,1.70169,7.336,0,0,1,1.0,0.965,0.5776,0.965,0.19,2,0.566,1,0.014,1.71697,1.72268,1.999,0.117,0.0,2,0.0,4,0.57,1.078,2.067,0.522,0.372,1,1.71679,8,0.748,0.0,0.243,0.29,0.0,0.816,0.897,1.66147,1.64705,1.70364,1034522.1308,463456.1828,2,1.66127,0.643,1.71073,0.288,0.0,0.0,0,0.035,1,0,23413,0.785,0.552,0.451,33.0,30.7,0.1224,269.6,0.0,1,1,0.852,1.59509,1,1,0.825,1.54814,0,47.334,0.415,0.585,0.0,0.0,0.5,0.66,0.0,0.5,0.0,0.695,0.664,0.5,0.441,0.0,0.46,0.0,0,0,0.415,0.324,0.0,0.076,0.1,0.731,0.85,0.0,0.483,0.524,0.0,1.0,0.944
70270,2025.03.07 11:46:40,EURAUDm,PULLBACK,BUY,2,1.72299,1.72144,1.73108,5.2,0.482,1.71679,1.71992,1.7155,0,1.464,0.447,2.1783,1.7033,1.70327,1.70753,1.6956,0,0.0,0.6,2,1.71679,0.74,0.0,1,0.0,0.0,1.72138,1.70169,7.336,0,0,1,1.0,0.965,0.5776,0.965,0.101,2,0.566,1,0.014,1.71697,1.72268,2.11,0.006,0.0,2,0.0,4,0.57,1.165,2.178,0.535,0.382,1,1.71679,8,0.748,0.0,0.27,0.29,0.0,0.816,0.897,1.66147,1.64705,1.70364,1034522.1308,463456.1828,2,1.66127,0.643,1.71073,0.288,0.0,0.0,0,0.035,1,0,23413,0.785,0.552,0.451,33.0,33.0,0.1224,269.6,0.0,1,1,0.852,1.59509,1,1,0.825,1.54814,0,47.446,0.415,0.585,0.0,0.0,0.5,0.68,0.0,0.5,0.0,0.494,0.569,0.5,0.417,0.0,0.427,0.0,0,0,0.337,0.309,0.0,0.076,0.1,0.624,0.85,0.0,0.483,0.524,0.0,1.0,0.944
70272,2025.03.07 12:00:00,EURAUDm,ANCHORED_PULLBACK,BUY,2,1.72345,1.7219,1.72881,3.45,0.772,1.71696,1.7218,1.71599,0,0.531,0.15,2.1651,1.70345,1.70375,1.70636,1.69419,0,0.0,0.75,2,1.71696,0.736,0.563,0,0.0,0.0,1.72275,1.70169,7.529,0,0,1,1.0,1.0,0.4891,1.0,0.255,2,0.427,3,0.507,1.72142,1.72335,0.599,0.082,0.4907,0,0.15,2,1.0,1.216,2.165,0.562,0.536,2,1.72142,2,0.55,0.0,0.284,1.0,0.053,0.824,0.762,1.66102,1.65222,1.70403,925575.4019,-108946.7289,1,1.66124,0.66,1.71582,0.275,0.0,0.0,0,0.044,1,0,23414,0.785,0.552,0.451,33.0,32.2,0.116,284.6,0.0,1,1,0.852,1.59509,1,1,0.825,1.54814,0,45.106,0.482,0.518,0.0,1.0,0.5,0.54,0.0,0.5,0.0,0.764,0.634,0.5,0.481,0.0,0.449,0.0,0,0,0.404,0.368,0.0,0.277,0.1,1.0,0.734,0.0,0.463,0.524,0.0,1.0,0.978
70274,2025.03.07 13:00:00,EURAUDm,BREAKOUT,BUY,4,1.72543,1.723,1.73287,3.06,0.482,1.72209,1.72318,1.71968,0,0.718,0.277,1.0117,1.70374,1.70389,1.70818,1.69616,0,0.0,0.4,0,1.72209,0.766,0.643,0,0.0,0.0,1.7251,1.70169,7.864,0,0,1,1.0,1.0,0.4353,1.0,0.246,2,0.608,0,0.531,1.72209,1.72406,1.012,0.35,0.0,2,0.15,0,0.608,0.418,1.012,0.413,0.329,0,1.72209,8,0.753,0.0,0.286,0.3,0.159,0.674,0.918,1.66102,1.65222,1.70403,925575.4019,-108946.7289,1,1.66124,0.66,1.71582,0.275,0.0,0.0,0,0.044,1,0,23415,0.785,0.552,0.451,33.0,31.4,0.1109,297.6,0.0,1,1,0.852,1.59509,1,1,0.825,1.54814,0,43.791,0.482,0.518,0.0,1.0,0.5,0.62,0.0,0.5,0.0,0.58,0.522,0.5,0.532,0.0,0.498,0.0,0,0,0.372,0.391,0.0,0.57,0.1,0.681,0.858,0.0,0.505,0.524,0.0,1.0,0.884
70276,2025.03.07 13:38:40,EURAUDm,TREND_CONTINUATION,BUY,4,1.72387,1.7203,1.73131,2.08,0.546,1.72209,1.72318,1.71968,0,0.718,0.277,0.4876,1.70374,1.70389,1.70818,1.69616,0,0.0,0.4,0,1.72209,0.766,0.643,0,0.0,0.0,1.7251,1.70169,7.864,0,0,1,1.0,1.0,0.4353,1.0,0.259,2,0.608,0,0.531,1.72209,1.72406,0.488,0.174,0.0,2,0.15,0,0.608,0.2,0.488,0.411,0.304,0,1.72209,8,0.753,0.025,0.282,0.3,0.159,0.674,0.918,1.66102,1.65222,1.70403,925575.4019,-108946.7289,1,1.66124,0.66,1.71582,0.275,0.0,0.0,0,0.044,1,0,23415,0.785,0.552,0.451,33.0,32.2,0.1109,297.6,0.0,1,1,0.852,1.59509,1,1,0.825,1.54814,0,43.267,0.482,0.518,0.0,1.0,0.5,0.13,0.0,0.5,0.407,0.39,0.436,0.5,0.72,0.0,0.616,0.0,0,0,0.501,0.356,0.0,0.143,0.1,0.48,0.852,0.0,0.516,0.524,0.0,1.0,0.884
70277,2025.03.07 13:40:40,EURAUDm,BREAKOUT_RETEST,BUY,4,1.72333,1.72244,1.72526,2.16,0.579,1.72209,1.72318,1.71968,1,0.718,0.277,0.3062,1.70374,1.70389,1.70818,1.69616,0,0.0,0.4,0,1.72209,0.766,0.643,0,0.0,0.0,1.7251,1.70169,7.864,0,0,1,1.0,1.0,0.4353,1.0,0.559,2,0.608,0,0.531,1.72209,1.72406,0.306,0.355,0.0,2,0.15,0,0.608,0.13,0.355,0.366,0.295,0,1.72209,8,0.753,0.388,0.192,0.3,0.159,0.674,0.918,1.66102,1.65222,1.70403,925575.4019,-108946.7289,1,1.66124,0.66,1.71582,0.275,0.0,0.0,0,0.044,1,0,23415,0.785,0.552,0.451,33.0,32.2,0.1109,297.6,0.0,1,1,0.852,1.59509,1,1,0.825,1.54814,0,43.085,0.482,0.518,0.0,1.0,0.5,0.02,0.0,0.5,0.0,0.39,0.365,0.5,0.743,0.0,0.589,0.0,0,0,0.54,0.459,0.0,0.285,0.1,0.386,0.753,0.0,0.516,0.524,0.0,1.0,0.843
70278,2025.03.07 13:46:40,EURAUDm,PULLBACK,BUY,4,1.72378,1.71932,1.73271,2.0,0.466,1.72209,1.72318,1.71968,0,0.718,0.277,0.4573,1.70374,1.70389,1.70818,1.69616,0,0.0,0.4,0,1.72209,0.766,0.643,0,0.0,0.0,1.7251,1.70169,7.864,0,0,1,1.0,1.0,0.4353,1.0,0.259,2,0.608,0,0.531,1.72209,1.72406,0.457,0.204,0.0,2,0.15,0,0.608,0.188,0.457,0.411,0.302,0,1.72209,8,0.753,0.085,0.282,0.3,0.159,0.674,0.918,1.66102,1.65222,1.70403,925575.4019,-108946.7289,1,1.66124,0.66,1.71582,0.275,0.0,0.0,0,0.044,1,0,23415,0.785,0.552,0.451,33.0,33.0,0.1109,297.6,0.0,1,1,0.852,1.59509,1,1,0.825,1.54814,0,43.236,0.482,0.518,0.0,1.0,0.5,0.47,0.0,0.5,0.0,0.39,0.393,0.5,0.519,0.0,0.654,0.0,0,0,0.481,0.356,0.0,0.143,0.1,0.682,0.847,0.0,0.516,0.524,0.0,1.0,0.884
70280,2025.03.07 14:00:00,EURAUDm,ANCHORED_PULLBACK,BUY,4,1.72551,1.72256,1.73146,2.02,0.541,1.72223,1.72433,1.72046,0,0.013,0.193,0.9391,1.70254,1.70251,1.70691,1.69459,0,0.0,0.6,0,1.72223,0.723,0.229,0,0.0,0.0,1.7235,1.70169,7.483,0,0,1,1.0,1.0,0.3837,1.0,0.842,2,0.649,0,0.539,1.72514,1.72595,0.013,0.244,0.1198,0,0.15,2,1.0,0.445,0.939,0.474,0.453,1,1.72223,8,0.745,0.974,0.108,1.0,0.16,0.854,0.854,1.66102,1.65222,1.70403,925575.4019,-108946.7289,1,1.66124,0.66,1.71582,0.275,0.0,0.0,0,0.044,1,0,23416,0.785,0.552,0.451,33.0,33.0,0.1051,313.9,0.0,1,1,0.852,1.59509,1,1,0.825,1.54814,0,41.554,0.482,0.518,0.0,1.0,0.5,0.92,0.0,0.5,0.0,0.295,0.628,0.5,0.475,0.0,0.745,0.0,0,0,0.517,0.594,0.0,0.465,0.231,0.853,0.683,0.0,0.473,0.524,0.0,1.0,1.096
70284,2025.03.07 15:14:40,EURAUDm,MEAN_REVERSION,BUY,4,1.71939,1.71668,1.72243,1.12,0.544,1.72527,1.72615,1.72228,0,0.296,0.088,-1.8368,1.70261,1.70318,1.70757,1.69529,0,0.0,0.55,0,1.72527,0.741,0.844,0,0.0,0.0,1.72188,1.70169,5.736,0,0,1,0.8,1.0,0.3785,1.0,0.052,2,0.568,0,0.436,1.7221,1.72016,0.899,0.326,0.0,2,0.15,0,0.568,0.812,1.837,0.442,0.357,1,1.7221,2,0.55,0.0,0.344,0.3,0.14,0.708,0.879,1.66102,1.65222,1.70403,925575.4019,-108946.7289,1,1.66124,0.66,1.71582,0.275,0.0,0.0,0,0.044,1,0,23417,0.785,0.552,0.451,33.0,33.0,0.0976,338.3,0.0,1,1,0.852,1.59509,1,1,0.825,1.54814,0,36.744,0.482,0.518,0.0,1.0,0.5,0.18,0.0,0.5,0.0,0.644,0.41,0.5,0.449,0.0,0.392,0.0,0,0,0.346,0.376,0.0,0.238,0.253,0.533,0.457,0.0,0.482,0.524,0.0,1.0,0.949
70286,2025.03.07 15:50:20,EURAUDm,BREAKOUT_RETEST,BUY,4,1.72303,1.72202,1.7256,2.54,0.497,1.72527,1.72615,1.72228,1,0.296,0.088,-0.7608,1.70261,1.70318,1.70757,1.69529,0,0.0,0.55,0,1.72527,0.741,0.844,0,0.0,0.0,1.72188,1.70169,5.736,0,0,1,0.8,1.0,0.3785,1.0,0.497,2,0.568,0,0.436,1.72316,1.72122,0.136,0.438,0.0,2,0.15,0,0.568,0.286,0.761,0.375,0.29,0,1.72527,8,0.748,0.729,0.211,0.3,0.14,0.658,0.79,1.66102,1.65222,1.70403,925575.4019,-108946.7289,1,1.66124,0.66,1.71582,0.275,0.0,0.0,0,0.044,1,0,23417,0.785,0.552,0.451,33.0,32.2,0.0976,338.3,0.0,1,1,0.852,1.59509,1,1,0.825,1.54814,0,37.82,0.482,0.518,0.0,1.0,0.5,0.92,0.0,0.5,0.338,0.55,0.657,0.5,0.526,0.0,0.304,0.0,0,0,0.374,0.514,0.0,0.19,0.258,0.496,0.65,0.0,0.491,0.524,0.0,1.0,0.867
70288,2025.03.07 15:52:59,EURAUDm,TREND_CONTINUATION,BUY,4,1.72144,1.71738,1.7256,1.03,0.482,1.72527,1.72615,1.72228,0,0.296,0.088,-1.2308,1.70261,1.70318,1.70757,1.69529,0,0.0,0.55,0,1.72527,0.741,0.844,0,0.0,0.0,1.72188,1.70169,5.736,0,0,1,0.8,1.0,0.3785,1.0,0.246,2,0.568,0,0.436,1.7221,1.72122,0.293,0.033,0.0,2,0.15,0,0.568,0.509,1.231,0.413,0.322,0,1.72527,8,0.748,0.414,0.286,0.3,0.14,0.708,0.79,1.66102,1.65222,1.70403,925575.4019,-108946.7289,1,1.66124,0.66,1.71582,0.275,0.0,0.0,0,0.044,1,0,23417,0.785,0.552,0.451,33.0,32.2,0.0976,338.3,0.0,1,1,0.852,1.59509,1,1,0.825,1.54814,0,37.35,0.482,0.518,0.0,1.0,0.5,0.8,0.0,0.5,0.0,0.632,0.537,0.5,0.494,0.0,0.257,0.0,0,0,0.274,0.538,0.0,0.333,0.291,0.558,0.436,0.0,0.49,0.524,0.0,1.0,0.949
70290,2025.03.07 16:00:00,EURAUDm,ANCHORED_PULLBACK,BUY,4,1.72205,1.72124,1.72532,4.04,0.774,1.72532,1.72642,1.72159,1,0.026,0.348,-1.0239,1.70261,1.70318,1.70757,1.69529,0,0.0,0.55,2,1.72532,0.686,0.398,0,0.0,0.0,1.72153,1.70169,5.69,0,0,1,1.0,1.0,0.3557,1.0,0.516,2,0.541,3,0.451,1.72181,1.72071,0.026,0.286,0.2704,0,0.0,2,1.0,0.535,1.024,0.523,0.434,1,1.72532,8,0.737,0.948,0.145,1.0,0.0,0.518,0.856,1.66192,1.67331,1.70482,536881.7695,-388693.6324,1,1.66032,0.665,1.71136,0.27,0.0,0.0,0,0.063,1,0,23418,0.785,0.552,0.451,33.0,32.2,0.0938,351.9,0.0,1,1,0.852,1.59509,1,1,0.825,1.54814,0,36.076,0.784,0.216,0.0,1.0,0.5,0.77,0.0,0.5,0.0,0.377,0.589,0.5,0.49,0.0,0.388,0.0,0,0,0.356,0.676,0.0,0.325,0.257,1.0,0.65,0.0,0.44,0.524,0.0,1.0,0.961
70292,2025.03.07 16:14:40,EURAUDm,SWEEP_REVERSAL,BUY,4,1.72128,1.71776,1.72565,1.24,0.08,1.72532,1.72642,1.72159,0,0.026,0.348,-1.2427,1.70261,1.70318,1.70757,1.69529,0,0.0,0.55,2,1.72532,0.686,0.398,0,0.0,0.0,1.72153,1.70169,5.69,0,0,1,1.0,1.0,0.3557,1.0,0.178,2,0.549,3,0.451,1.72181,1.72071,0.245,0.067,0.0,2,0.0,0,0.549,0.526,1.243,0.423,0.32,0,1.72532,8,0.737,0.51,0.247,0.3,0.0,0.518,0.856,1.66192,1.67331,1.70482,536881.7695,-388693.6324,1,1.66032,0.665,1.71136,0.27,0.0,0.0,0,0.063,1,0,23418,0.785,0.552,0.451,33.0,33.0,0.0938,351.9,0.0,1,1,0.852,1.59509,1,1,0.825,1.54814,0,35.857,0.784,0.216,0.0,1.0,0.5,0.33,0.0,0.5,0.0,0.854,0.477,0.5,0.475,0.0,0.351,0.0,0,0,0.297,0.715,0.0,0.238,0.295,0.588,0.436,0.0,0.487,0.524,0.0,1.0,0.949
70294,2025.03.07 16:45:40,EURAUDm,BREAKOUT,BUY,4,1.72332,1.72179,1.73212,5.75,0.372,1.72532,1.72642,1.72159,1,0.026,0.348,-0.6631,1.70261,1.70318,1.70757,1.69529,0,0.0,0.55,2,1.72532,0.686,0.398,0,0.0,0.0,1.72153,1.70169,5.69,0,0,1,1.0,1.0,0.3557,1.0,0.483,2,0.549,3,0.451,1.72181,1.72071,0.335,0.647,0.0,2,0.0,0,0.549,0.25,0.663,0.378,0.288,0,1.72159,5,0.6,0.33,0.155,0.3,0.0,0.518,0.856,1.66192,1.67331,1.70482,536881.7695,-388693.6324,1,1.66032,0.665,1.71136,0.27,0.0,0.0,0,0.063,1,0,23418,0.785,0.552,0.451,33.0,33.0,0.0938,351.9,0.0,1,1,0.852,1.59509,1,1,0.825,1.54814,0,36.436,0.784,0.216,0.0,1.0,0.5,0.99,0.0,0.5,0.0,0.961,0.684,0.5,0.499,0.0,0.435,0.0,0,0,0.434,0.658,0.0,0.333,0.229,0.495,0.65,0.0,0.487,0.524,0.0,1.0,0.867
70295,2025.03.07 16:45:59,EURAUDm,PULLBACK,BUY,4,1.72328,1.72179,1.73384,7.08,0.612,1.72532,1.72642,1.72159,1,0.026,0.348,-0.6744,1.70261,1.70318,1.70757,1.69529,0,0.0,0.55,2,1.72532,0.686,0.398,0,0.0,0.0,1.72153,1.70169,5.69,0,0,1,1.0,1.0,0.3557,1.0,0.483,2,0.549,3,0.451,1.72181,1.72071,0.324,0.635,0.0,2,0.0,0,0.549,0.255,0.674,0.378,0.288,0,1.72159,5,0.6,0.353,0.155,0.3,0.0,0.518,0.856,1.66192,1.67331,1.70482,536881.7695,-388693.6324,1,1.66032,0.665,1.71136,0.27,0.0,0.0,0,0.063,1,0,23418,0.785,0.552,0.451,33.0,33.0,0.0938,351.9,0.0,1,1,0.852,1.59509,1,1,0.825,1.54814,0,36.425,0.784,0.216,0.0,1.0,0.5,0.98,0.0,0.5,0.0,0.961,0.689,0.5,0.499,0.0,0.435,0.0,0,0,0.437,0.658,0.0,0.333,0.229,0.495,0.65,0.0,0.487,0.524,0.0,1.0,0.867
70298,2025.03.07 17:50:20,EURAUDm,BREAKOUT_RETEST,BUY,3,1.72149,1.72041,1.72565,3.85,0.481,1.72532,1.72642,1.72071,1,0.42,0.433,-1.1561,1.7234,1.70318,1.70757,1.69529,0,0.0,0.65,2,1.72532,0.692,0.31,0,0.0,0.0,1.72249,1.70169,6.141,0,0,1,0.8,0.825,0.2591,0.825,0.71,2,0.549,3,0.413,1.72115,1.72247,0.002,0.364,0.0,2,0.25,0,0.549,0.397,1.156,0.344,0.289,0,1.72532,8,0.738,0.996,0.187,0.247,0.088,0.728,0.789,1.66192,1.67331,1.70482,536881.7695,-388693.6324,1,1.66032,0.665,1.71136,0.27,0.0,0.0,0,0.063,1,0,23419,0.785,0.552,0.451,33.0,33.0,0.0916,360.1,0.0,1,1,0.852,1.59509,1,1,0.825,1.54814,1,35.097,0.784,0.216,0.0,1.0,1.0,0.32,0.0,0.5,0.0,0.624,0.288,0.5,0.462,0.0,0.306,0.0,0,0,0.388,0.744,0.0,0.391,0.219,0.712,0.435,0.0,0.497,0.524,0.0,1.0,0.997
70300,2025.03.07 17:53:20,EURAUDm,TREND_CONTINUATION,BUY,3,1.7212,1.71688,1.72565,1.03,0.454,1.72532,1.72642,1.72071,1,0.42,0.433,-1.2366,1.7234,1.70318,1.70757,1.69529,0,0.0,0.65,2,1.72532,0.692,0.31,0,0.0,0.0,1.72249,1.70169,6.141,0,0,1,0.8,0.825,0.2591,0.825,0.736,2,0.549,3,0.413,1.72115,1.72247,0.079,0.444,0.0,2,0.25,0,0.549,0.42,1.237,0.34,0.291,0,1.72532,8,0.738,0.843,0.179,0.247,0.088,0.728,0.789,1.66192,1.67331,1.70482,536881.7695,-388693.6324,1,1.66032,0.665,1.71136,0.27,0.0,0.0,0,0.063,1,0,23419,0.785,0.552,0.451,33.0,33.0,0.0916,360.1,0.0,1,1,0.852,1.59509,1,1,0.825,1.54814,1,35.017,0.784,0.216,0.0,1.0,1.0,0.1,0.0,0.5,0.0,0.543,0.343,0.5,0.504,0.0,0.333,0.0,0,0,0.379,0.749,0.0,0.521,0.19,0.712,0.65,0.0,0.497,0.524,0.0,1.0,0.997
70302,2025.03.07 18:00:00,EURAUDm,ANCHORED_PULLBACK,BUY,3,1.72323,1.72233,1.72467,1.6,0.434,1.72137,1.72466,1.71896,1,0.304,0.181,0.4261,1.7223,1.70318,1.70932,1.69529,0,0.0,0.65,0,1.72137,0.696,0.473,0,0.0,0.0,1.7211,1.70169,5.915,0,0,1,0.8,1.0,0.1748,1.0,0.308,1,0.329,3,0.319,1.72137,1.72269,0.426,0.059,0.0,2,0.45,3,1.0,0.257,0.426,0.604,0.357,1,1.72137,8,0.739,0.148,0.388,0.7,0.157,0.839,0.698,1.66192,1.67331,1.70482,536881.7695,-388693.6324,1,1.66032,0.665,1.71136,0.27,0.0,0.0,0,0.063,1,0,23420,0.785,0.548,0.448,33.0,33.0,0.0921,358.5,0.0,1,1,0.852,1.59509,1,1,0.825,1.54814,1,35.743,0.784,0.216,0.0,1.0,1.0,0.93,0.0,0.5,0.0,0.526,0.571,0.5,0.401,0.0,0.353,0.0,0,0,0.304,0.332,0.0,0.383,0.143,0.755,0.65,0.0,0.423,0.524,0.0,1.0,0.851
70304,2025.03.07 18:45:40,EURAUDm,BREAKOUT,BUY,3,1.72138,1.7188,1.73034,3.47,0.314,1.72137,1.72466,1.71896,1,0.304,0.181,-0.0537,1.7223,1.70318,1.70932,1.69529,0,0.0,0.65,0,1.72137,0.696,0.473,0,0.0,0.0,1.7211,1.70169,5.915,0,0,1,0.8,1.0,0.1748,1.0,1.0,2,0.629,3,0.319,1.72137,1.72269,0.054,0.421,0.0,2,0.15,0,0.629,0.126,0.421,0.3,0.294,0,1.71896,5,0.6,0.893,0.06,0.3,0.053,0.839,0.698,1.66192,1.67331,1.70482,536881.7695,-388693.6324,1,1.66032,0.665,1.71136,0.27,0.0,0.0,0,0.063,1,0,23420,0.785,0.548,0.448,20.0,27.7,0.0558,358.5,0.0,1,1,0.852,1.59509,1,1,0.825,1.54814,1,35.227,0.784,0.216,0.0,1.0,1.0,0.81,0.0,0.5,0.0,0.904,0.472,0.5,0.499,0.0,0.387,0.0,0,0,0.321,0.793,0.0,0.556,0.143,0.621,0.65,0.0,0.503,0.524,0.0,1.0,0.835
70305,2025.03.07 18:45:59,EURAUDm,PULLBACK,BUY,3,1.72144,1.71606,1.7322,2.0,0.553,1.72137,1.72466,1.71896,1,0.304,0.181,-0.037,1.7223,1.70318,1.70932,1.69529,0,0.0,0.65,0,1.72137,0.696,0.473,0,0.0,0.0,1.7211,1.70169,5.915,0,0,1,0.8,1.0,0.1748,1.0,1.0,2,0.629,3,0.319,1.72137,1.72269,0.037,0.404,0.0,2,0.15,0,0.629,0.121,0.404,0.3,0.294,0,1.71896,5,0.6,0.926,0.06,0.3,0.053,0.839,0.698,1.66192,1.67331,1.70482,536881.7695,-388693.6324,1,1.66032,0.665,1.71136,0.27,0.0,0.0,0,0.063,1,0,23420,0.785,0.548,0.448,20.0,27.5,0.0558,358.5,0.0,1,1,0.852,1.59509,1,1,0.825,1.54814,1,35.244,0.784,0.216,0.0,1.0,1.0,0.83,0.0,0.5,0.0,0.904,0.464,0.5,0.499,0.0,0.387,0.0,0,0,0.326,0.793,0.0,0.556,0.143,0.621,0.65,0.0,0.503,0.524,0.0,1.0,0.835
70308,2025.03.07 19:22:40,EURAUDm,MEAN_REVERSION,BUY,3,1.71899,1.71602,1.72147,0.83,0.574,1.72114,1.72275,1.71916,0,0.025,0.51,-0.6677,1.7223,1.70318,1.70932,1.69529,0,0.0,0.5,0,1.72114,0.775,0.923,0,0.0,0.0,0.0,1.70169,5.074,0,0,1,0.8,1.0,0.0719,1.0,0.111,0,0.694,1,0.008,1.72096,1.71844,0.619,0.059,0.0,2,0.0,0,0.694,0.289,0.668,0.433,0.287,0,1.72114,8,0.755,0.0,0.267,0.3,0.0,0.633,0.912,1.66192,1.67331,1.70482,536881.7695,-388693.6324,1,1.66032,0.665,1.71136,0.27,0.0,0.0,0,0.063,1,0,23421,0.785,0.548,0.448,33.0,26.1,0.089,370.8,0.0,1,1,0.852,1.59509,1,1,0.825,1.54814,1,33.416,0.784,0.216,0.0,1.0,1.0,0.0,0.0,0.5,0.0,0.869,0.381,0.5,0.559,0.0,0.311,0.0,0,0,0.363,0.625,0.0,0.333,0.133,0.396,0.65,0.0,0.465,0.524,0.0,1.0,1.03
70310,2025.03.07 19:40:40,EURAUDm,SWEEP_REVERSAL,BUY,3,1.71825,1.71454,1.72134,0.83,0.074,1.72114,1.72275,1.71916,0,0.025,0.51,-0.8322,1.7223,1.70318,1.70932,1.69529,0,0.0,0.5,0,1.72114,0.775,0.923,0,0.0,0.0,0.0,1.70169,5.074,0,0,1,0.8,1.0,0.0719,1.0,0.055,0,0.694,1,0.008,1.72096,1.71844,0.784,0.105,0.0,2,0.0,0,0.694,0.368,0.832,0.442,0.297,0,1.72114,8,0.755,0.0,0.283,0.3,0.0,0.633,0.912,1.66192,1.67331,1.70482,536881.7695,-388693.6324,1,1.66032,0.665,1.71136,0.27,0.0,0.0,0,0.063,1,0,23421,0.785,0.548,0.448,20.0,26.9,0.0539,370.8,0.0,1,1,0.852,1.59509,1,1,0.825,1.54814,1,33.216,0.784,0.216,0.0,1.0,1.0,0.53,0.0,0.5,0.0,0.893,0.452,0.5,0.56,0.0,0.353,0.0,0,0,0.338,0.612,0.0,0.238,0.133,0.432,0.65,0.0,0.473,0.524,0.0,1.0,1.03
0,2025.03.07 21:22:40,EURAUDm,MEAN_REVERSION,BUY,3,1.71847,1.71559,1.72193,1.2,0.568,1.71847,1.7216,1.71792,1,0.011,0.295,-0.0921,1.721,1.70318,1.70932,1.69353,0,0.0,0.5,2,1.71847,0.742,0.261,0,0.0,0.0,0.0,1.70169,4.778,0,0,1,0.75,-0.72,-0.1504,0.72,0.275,2,0.596,3,0.522,1.71866,1.71994,0.143,0.501,0.0,2,0.15,0,0.596,0.205,0.501,0.409,0.315,0,1.7216,4,0.6,0.714,0.278,0.216,0.053,0.793,0.905,1.66192,1.67331,1.70482,538783.2804,1901.5109,2,1.66032,0.667,1.71136,0.271,0.0,0.0,0,0.067,1,0,23423,0.785,0.548,0.448,33.0,31.5,0.0918,359.6,0.0,1,1,0.852,1.59509,1,1,0.825,1.54814,1,34.306,0.422,0.578,0.0,0.0,1.0,0.0,0.0,0.5,0.0,1.0,0.251,0.5,0.568,0.0,0.29,0.0,0,0,0.436,0.607,0.0,0.382,0.249,0.342,0.65,0.0,0.482,0.524,0.0,1.0,0.608
0,2025.03.07 21:40:40,EURAUDm,SWEEP_REVERSAL,BUY,3,1.71813,1.71453,1.72193,1.06,0.138,1.71847,1.7216,1.71792,0,0.011,0.295,-0.1866,1.721,1.70318,1.70932,1.69353,0,0.0,0.5,2,1.71847,0.742,0.261,0,0.0,0.0,0.0,1.70169,4.778,0,0,1,0.75,-0.72,-0.1504,0.72,0.275,2,0.596,3,0.522,1.71866,1.71994,0.238,0.595,0.0,2,0.15,0,0.596,0.243,0.595,0.409,0.319,0,1.7216,4,0.6,0.525,0.278,0.216,0.053,0.793,0.905,1.66192,1.67331,1.70482,538783.2804,1901.5109,2,1.66032,0.667,1.71136,0.271,0.0,0.0,0,0.067,1,0,23423,0.785,0.548,0.448,33.0,33.0,0.0918,359.6,0.0,1,1,0.852,1.59509,1,1,0.825,1.54814,1,34.212,0.422,0.578,0.0,0.0,1.0,0.07,0.0,0.5,0.0,1.0,0.275,0.5,0.576,0.0,0.237,0.0,0,0,0.403,0.582,0.0,0.382,0.278,0.262,0.65,0.0,0.478,0.524,0.0,1.0,0.761
70312,2025.03.09 21:06:20,EURAUDm,SWEEP_REVERSAL,BUY,3,1.71802,1.71442,1.72193,1.09,0.138,1.71847,1.7216,1.71792,0,0.011,0.295,-0.2172,1.721,1.70318,1.70932,1.69353,0,0.0,0.5,2,1.71847,0.742,0.261,0,0.0,0.0,0.0,1.70169,4.778,0,0,1,0.75,-0.72,-0.1504,0.72,0.275,2,0.596,3,0.522,1.71866,1.71994,0.268,0.626,0.0,2,0.15,0,0.596,0.256,0.626,0.409,0.321,0,1.7216,4,0.6,0.463,0.278,0.216,0.053,0.793,0.905,1.66192,1.67331,1.70482,538783.2804,1901.5109,2,1.66032,0.667,1.71136,0.271,0.0,0.0,0,0.067,1,0,23423,0.785,0.548,0.448,33.0,33.0,0.0918,359.6,0.0,1,1,0.852,1.59509,1,1,0.825,1.54814,1,34.181,0.422,0.578,0.0,0.0,1.0,0.0,0.0,0.5,0.0,1.0,0.529,0.5,0.566,0.0,0.225,0.0,0,0,0.277,0.582,0.0,0.382,0.278,0.247,0.65,0.0,0.478,0.524,0.0,1.0,0.761
70313,2025.03.09 21:07:00,EURAUDm,MEAN_REVERSION,BUY,3,1.71802,1.71514,1.72193,1.36,0.57,1.71847,1.7216,1.71792,0,0.011,0.295,-0.2172,1.721,1.70318,1.70932,1.69353,0,0.0,0.5,2,1.71847,0.742,0.261,0,0.0,0.0,0.0,1.70169,4.778,0,0,1,0.75,-0.72,-0.1504,0.72,0.275,2,0.596,3,0.522,1.71866,1.71994,0.268,0.626,0.0,2,0.15,0,0.596,0.256,0.626,0.409,0.321,0,1.7216,4,0.6,0.463,0.278,0.216,0.053,0.793,0.905,1.66192,1.67331,1.70482,538783.2804,1901.5109,2,1.66032,0.667,1.71136,0.271,0.0,0.0,0,0.067,1,0,23423,0.785,0.548,0.448,33.0,33.0,0.0918,359.6,0.0,1,1,0.852,1.59509,1,1,0.825,1.54814,1,34.181,0.422,0.578,0.0,0.0,1.0,0.0,0.0,0.5,0.0,1.0,0.529,0.5,0.566,0.0,0.225,0.0,0,0,0.277,0.582,0.0,0.382,0.278,0.247,0.65,0.0,0.478,0.524,0.0,1.0,0.761
70316,2025.03.09 23:17:40,EURAUDm,ANCHORED_PULLBACK,BUY,1,1.72297,1.72096,1.72723,2.12,0.236,1.71838,1.72027,1.71752,0,0.514,1.263,1.1613,1.72186,1.70298,1.71039,1.69557,0,0.0,0.4,0,1.71838,0.8,0.3,0,0.0,0.0,1.72065,1.70169,5.439,0,0,1,0.975,-0.65,-0.2143,0.65,0.129,0,0.714,2,0.028,1.71975,1.71649,0.787,1.676,0.0,2,0.25,0,0.714,0.722,1.676,0.431,0.281,0,1.71838,8,0.76,0.0,0.361,0.195,0.088,0.417,0.897,1.66192,1.67331,1.70482,580773.7625,41990.4821,2,1.66032,0.668,1.71136,0.271,0.0,0.0,0,0.05,1,0,23426,0.785,0.548,0.448,33.0,33.0,0.09,366.7,0.0,1,1,0.852,1.59509,1,1,0.825,1.54814,1,34.872,0.422,0.578,0.0,0.0,1.0,0.1,0.0,0.5,0.0,0.345,0.752,0.5,0.559,0.0,0.81,0.0,0,0,0.643,0.531,0.0,0.39,0.257,0.481,0.872,0.0,0.49,0.524,0.0,1.0,0.777
70318,2025.03.10 01:07:00,EURAUDm,MEAN_REVERSION,BUY,1,1.72058,1.71946,1.72359,2.68,0.707,1.72114,1.72326,1.71949,1,0.05,0.702,-0.246,1.72223,1.70271,1.71128,1.6957,0,0.0,0.4,0,1.72114,0.758,0.595,0,0.0,0.0,0.0,1.70169,5.433,0,0,1,0.182,0.2422,0.0165,0.242,0.678,0,0.833,2,0.295,1.7209,1.71855,0.181,0.471,0.0,2,0.25,0,0.833,0.164,0.471,0.348,0.318,0,1.72326,4,0.6,0.638,0.196,0.073,0.088,0.732,0.929,1.66192,1.67331,1.70482,531129.0031,-49644.7594,1,1.66032,0.67,1.71136,0.271,0.0,0.0,0,0.077,1,0,23428,0.785,0.548,0.448,33.0,33.0,0.0914,361.2,0.0,1,1,0.852,1.59509,1,1,0.825,1.54814,0,34.741,0.469,0.531,0.0,1.0,0.5,0.02,0.0,0.5,0.0,0.659,0.343,0.5,0.542,0.0,0.358,0.0,0,0,0.4,0.864,0.0,0.763,0.133,0.146,0.65,0.0,0.486,0.524,0.0,1.0,0.869
70320,2025.03.10 01:17:40,EURAUDm,BREAKOUT,BUY,1,1.72078,1.71933,1.72981,6.22,0.135,1.72114,1.72326,1.71949,1,0.05,0.702,-0.1546,1.72223,1.70271,1.71128,1.6957,0,0.0,0.4,0,1.72114,0.758,0.595,0,0.0,0.0,0.0,1.70169,5.433,0,0,1,0.182,0.2422,0.0165,0.242,0.693,0,0.833,2,0.295,1.7209,1.71855,0.089,0.563,0.0,2,0.25,0,0.833,0.195,0.563,0.346,0.322,0,1.71949,5,0.6,0.821,0.192,0.073,0.088,0.732,0.929,1.66192,1.67331,1.70482,531129.0031,-49644.7594,1,1.66032,0.67,1.71136,0.271,0.0,0.0,0,0.077,1,0,23428,0.785,0.548,0.448,20.0,30.1,0.0554,361.2,0.0,1,1,0.852,1.59509,1,1,0.825,1.54814,0,34.797,0.469,0.531,0.0,1.0,0.5,0.99,0.0,0.5,0.0,0.684,0.553,0.5,0.559,0.0,0.395,0.0,0,0,0.358,0.864,0.0,0.763,0.209,0.219,0.65,0.0,0.486,0.524,0.0,1.0,0.869
70321,2025.03.10 01:18:00,EURAUDm,PULLBACK,BUY,1,1.72078,1.71933,1.73162,7.47,0.307,1.72114,1.72326,1.71949,1,0.05,0.702,-0.1546,1.72223,1.70271,1.71128,1.6957,0,0.0,0.4,0,1.72114,0.758,0.595,0,0.0,0.0,0.0,1.70169,5.433,0,0,1,0.182,0.2422,0.0165,0.242,0.693,0,0.833,2,0.295,1.7209,1.71855,0.089,0.563,0.0,2,0.25,0,0.833,0.195,0.563,0.346,0.322,0,1.71949,5,0.6,0.821,0.192,0.073,0.088,0.732,0.929,1.66192,1.67331,1.70482,531129.0031,-49644.7594,1,1.66032,0.67,1.71136,0.271,0.0,0.0,0,0.077,1,0,23428,0.785,0.548,0.448,20.0,29.8,0.0554,361.2,0.0,1,1,0.852,1.59509,1,1,0.825,1.54814,0,34.797,0.469,0.531,0.0,1.0,0.5,0.98,0.0,0.5,0.0,0.684,0.54,0.5,0.559,0.0,0.395,0.0,0,0,0.35,0.864,0.0,0.763,0.209,0.219,0.65,0.0,0.486,0.524,0.0,1.0,0.869
70322,2025.03.10 01:18:20,EURAUDm,TREND_CONTINUATION,BUY,1,1.72085,1.71652,1.72988,2.08,0.186,1.72114,1.72326,1.71949,1,0.05,0.702,-0.1352,1.72223,1.70271,1.71128,1.6957,0,0.0,0.4,0,1.72114,0.758,0.595,0,0.0,0.0,0.0,1.70169,5.433,0,0,1,0.182,0.2422,0.0165,0.242,0.693,0,0.833,2,0.295,1.7209,1.71855,0.07,0.582,0.0,2,0.25,0,0.833,0.201,0.582,0.346,0.323,0,1.71949,5,0.6,0.86,0.192,0.073,0.088,0.732,0.929,1.66192,1.67331,1.70482,531129.0031,-49644.7594,1,1.66032,0.67,1.71136,0.271,0.0,0.0,0,0.077,1,0,23428,0.785,0.548,0.448,20.0,29.7,0.0554,361.2,0.0,1,1,0.852,1.59509,1,1,0.825,1.54814,0,34.816,0.469,0.531,0.0,1.0,0.5,0.99,0.0,0.5,0.0,0.57,0.55,0.5,0.559,0.0,0.435,0.0,0,0,0.371,0.864,0.0,0.763,0.209,0.219,0.65,0.0,0.488,0.524,0.0,1.0,0.793
70326,2025.03.10 01:53:40,EURAUDm,SWEEP_REVERSAL,BUY,1,1.71844,1.71483,1.72147,0.84,0.183,1.72114,1.72326,1.71949,0,0.05,0.702,-0.8384,1.72223,1.70271,1.71128,1.6957,0,0.0,0.4,0,1.72114,0.758,0.595,0,0.0,0.0,0.0,1.70169,5.433,0,0,1,0.182,0.2422,0.0165,0.242,0.043,0,0.833,2,0.295,1.7209,1.71855,0.773,0.121,0.0,2,0.25,0,0.833,0.372,0.838,0.444,0.343,0,1.72114,8,0.752,0.0,0.387,0.073,0.088,0.732,0.929,1.66192,1.67331,1.70482,531129.0031,-49644.7594,1,1.66032,0.67,1.71136,0.271,0.0,0.0,0,0.077,1,0,23428,0.785,0.548,0.448,33.0,25.4,0.0914,361.2,0.0,1,1,0.852,1.59509,1,1,0.825,1.54814,0,34.149,0.469,0.531,0.0,1.0,0.5,0.0,0.0,0.5,0.0,0.507,0.269,0.5,0.541,0.0,0.504,0.0,0,0,0.503,0.697,0.0,0.499,0.133,0.391,0.489,0.0,0.469,0.524,0.0,1.0,0.9
70328,2025.03.10 03:00:00,EURAUDm,BREAKOUT_RETEST,BUY,1,1.71809,1.71706,1.72183,3.65,0.374,1.71779,1.72163,1.71687,1,0.03,0.291,0.0303,1.71811,1.70271,1.71595,1.6957,0,0.0,0.65,2,1.71779,0.748,0.095,0,0.0,0.0,0.0,1.70169,4.736,0,0,1,0.597,0.4277,0.031,0.428,1.0,2,0.645,3,0.362,1.71779,1.71705,0.03,0.245,0.0,2,0.4,0,0.645,0.45,1.5,0.3,0.324,0,1.72163,4,0.6,0.939,0.16,0.128,0.14,1.0,0.846,1.66192,1.67331,1.70482,531129.0031,-49644.7594,1,1.66032,0.67,1.71136,0.271,0.0,0.0,0,0.077,1,0,23430,0.779,0.552,0.444,20.0,23.9,0.0585,342.0,0.0,1,1,0.852,1.59509,1,1,0.825,1.54814,-1,35.965,0.469,0.531,0.0,1.0,0.0,0.64,0.0,0.5,0.0,0.876,0.55,0.5,0.561,0.0,0.486,0.0,0,0,0.393,0.667,0.0,0.499,0.214,0.542,0.65,0.0,0.504,0.524,0.0,1.0,0.783
70330,2025.03.10 03:07:00,EURAUDm,MEAN_REVERSION,BUY,1,1.71798,1.71673,1.72183,3.08,0.616,1.71779,1.72163,1.71687,1,0.03,0.291,-0.0018,1.71811,1.70271,1.71595,1.6957,0,0.0,0.65,2,1.71779,0.748,0.095,0,0.0,0.0,0.0,1.70169,4.736,0,0,1,0.597,0.4277,0.031,0.428,1.0,2,0.645,3,0.362,1.71779,1.71705,0.002,0.212,0.0,2,0.4,0,0.645,0.45,1.5,0.3,0.324,0,1.72163,4,0.6,0.996,0.16,0.128,0.14,1.0,0.846,1.66192,1.67331,1.70482,531129.0031,-49644.7594,1,1.66032,0.67,1.71136,0.271,0.0,0.0,0,0.077,1,0,23430,0.779,0.552,0.444,20.0,20.8,0.0585,342.0,0.0,1,1,0.852,1.59509,1,1,0.825,1.54814,-1,35.933,0.469,0.531,0.0,1.0,0.0,0.19,0.0,0.5,0.0,0.911,0.425,0.5,0.567,0.0,0.406,0.0,0,0,0.377,0.8,0.0,0.59,0.214,0.598,0.65,0.0,0.504,0.524,0.0,1.0,0.783
70332,2025.03.10 03:17:40,EURAUDm,BREAKOUT,BUY,1,1.71879,1.71366,1.72734,1.67,0.265,1.71779,1.72163,1.71687,1,0.03,0.291,0.197,1.71811,1.70271,1.71595,1.6957,0,0.0,0.65,2,1.71779,0.748,0.095,0,0.0,0.0,0.0,1.70169,4.736,0,0,1,0.597,0.4277,0.031,0.428,0.204,2,0.645,3,0.362,1.71779,1.71925,0.197,0.232,0.0,2,0.4,0,0.645,0.629,1.5,0.419,0.345,0,1.71687,5,0.6,0.606,0.399,0.128,0.14,1.0,0.923,1.66192,1.67331,1.70482,531129.0031,-49644.7594,1,1.66032,0.67,1.71136,0.271,0.0,0.0,0,0.077,1,0,23430,0.779,0.552,0.444,33.0,23.8,0.0965,342.0,0.0,1,1,0.852,1.59509,1,1,0.825,1.54814,-1,36.17,0.469,0.531,0.0,1.0,0.0,0.06,0.0,0.5,0.0,1.0,0.385,0.5,0.526,0.0,0.349,0.0,0,0,0.366,0.53,0.0,0.807,0.252,0.542,0.65,0.0,0.467,0.524,0.0,1.0,0.814
70333,2025.03.10 03:18:00,EURAUDm,PULLBACK,BUY,1,1.71882,1.71369,1.72908,2.0,0.454,1.71779,1.72163,1.71687,1,0.03,0.291,0.2058,1.71811,1.70271,1.71595,1.6957,0,0.0,0.65,2,1.71779,0.748,0.095,0,0.0,0.0,0.0,1.70169,4.736,0,0,1,0.597,0.4277,0.031,0.428,0.204,2,0.645,3,0.362,1.71779,1.71925,0.206,0.223,0.0,2,0.4,0,0.645,0.629,1.5,0.419,0.345,0,1.71687,5,0.6,0.588,0.399,0.128,0.14,1.0,0.923,1.66192,1.67331,1.70482,531129.0031,-49644.7594,1,1.66032,0.67,1.71136,0.271,0.0,0.0,0,0.077,1,0,23430,0.779,0.552,0.444,33.0,24.0,0.0965,342.0,0.0,1,1,0.852,1.59509,1,1,0.825,1.54814,-1,36.178,0.469,0.531,0.0,1.0,0.0,0.07,0.0,0.5,0.0,1.0,0.396,0.5,0.526,0.0,0.349,0.0,0,0,0.36,0.53,0.0,0.807,0.252,0.542,0.65,0.0,0.467,0.524,0.0,1.0,0.814
70334,2025.03.10 03:18:20,EURAUDm,TREND_CONTINUATION,BUY,1,1.71889,1.71479,1.72744,2.08,0.357,1.71779,1.72163,1.71687,1,0.03,0.291,0.2262,1.71811,1.70271,1.71595,1.6957,0,0.0,0.65,2,1.71779,0.748,0.095,0,0.0,0.0,0.0,1.70169,4.736,0,0,1,0.597,0.4277,0.031,0.428,0.204,2,0.645,3,0.362,1.71779,1.71925,0.226,0.202,0.0,2,0.4,0,0.645,0.629,1.5,0.419,0.345,0,1.71687,5,0.6,0.548,0.399,0.128,0.14,1.0,0.923,1.66192,1.67331,1.70482,531129.0031,-49644.7594,1,1.66032,0.67,1.71136,0.271,0.0,0.0,0,0.077,1,0,23430,0.779,0.552,0.444,33.0,24.2,0.0965,342.0,0.0,1,1,0.852,1.59509,1,1,0.825,1.54814,-1,36.199,0.469,0.531,0.0,1.0,0.0,0.09,0.0,0.5,0.0,1.0,0.403,0.5,0.526,0.0,0.349,0.0,0,0,0.355,0.53,0.0,0.807,0.252,0.542,0.65,0.0,0.467,0.524,0.0,1.0,0.814
70338,2025.03.10 05:07:40,EURAUDm,MEAN_REVERSION,BUY,1,1.71726,1.71499,1.71912,0.82,0.696,1.71787,1.71892,1.71704,1,0.037,0.782,-0.284,1.7181,1.70271,1.71751,1.6957,1,0.0,0.4,0,1.71787,0.737,0.843,0,0.0,0.0,0.0,1.70169,5.5,0,0,0,0.247,-0.4824,-0.0247,0.482,0.308,0,0.817,1,0.299,1.71775,1.71939,0.243,0.821,0.0,2,0.0,0,0.817,0.332,0.821,0.404,0.376,1,1.71892,4,0.6,0.515,0.208,0.145,0.0,0.764,0.975,1.66192,1.67331,1.70367,499426.557,-31702.4461,1,1.66032,0.672,1.71136,0.272,0.0,0.0,0,0.065,1,0,23432,0.779,0.552,0.444,20.0,21.6,0.0705,283.6,0.0,1,1,0.852,1.59509,1,1,0.825,1.54814,-1,43.083,0.442,0.558,0.0,1.0,0.0,0.23,0.0,0.5,0.0,0.875,0.527,0.5,0.567,0.0,0.373,0.0,0,0,0.335,0.806,0.0,0.517,0.067,0.341,0.468,0.0,0.499,0.524,0.0,1.0,0.711
70340,2025.03.10 05:12:40,EURAUDm,SWEEP_REVERSAL,BUY,1,1.71592,1.71308,1.7182,0.8,0.101,1.71787,1.71892,1.71704,0,0.037,0.782,-0.8024,1.7181,1.70271,1.71751,1.6957,1,0.0,0.4,0,1.71787,0.737,0.843,0,0.0,0.0,0.0,1.70169,5.5,0,0,0,0.247,-0.4824,-0.0247,0.482,0.188,0,0.817,1,0.299,1.71775,1.71939,0.761,1.34,0.0,2,0.0,0,0.817,0.565,1.34,0.422,0.403,1,1.71787,8,0.747,0.0,0.243,0.145,0.0,0.764,0.975,1.66192,1.67331,1.70367,499426.557,-31702.4461,1,1.66032,0.672,1.71136,0.272,0.0,0.0,0,0.065,1,0,23432,0.779,0.552,0.444,33.0,22.9,0.1164,283.6,0.0,1,1,0.852,1.59509,1,1,0.825,1.54814,-1,42.61,0.442,0.558,0.0,1.0,0.0,0.0,0.0,0.5,0.0,0.598,0.356,0.5,0.564,0.0,0.321,0.0,0,0,0.384,0.801,0.0,0.22,0.067,0.318,0.398,0.0,0.516,0.524,0.0,1.0,0.782
70342,2025.03.10 07:07:40,EURAUDm,MEAN_REVERSION,BUY,1,1.71512,1.71312,1.71781,1.35,0.579,1.71513,1.71761,1.71454,1,0.028,0.501,-0.0841,1.72162,1.704,1.71716,1.69915,1,0.0,0.65,2,1.71489,0.72,0.088,0,0.0,0.0,0.0,1.70169,5.355,0,0,0,0.825,-0.755,-0.2077,0.755,0.88,2,0.593,3,0.589,1.71513,1.71655,0.084,0.652,0.0,2,0.0,0,0.593,0.207,0.652,0.318,0.368,1,1.71761,4,0.6,0.832,0.036,0.226,0.0,0.974,0.92,1.66192,1.67331,1.70367,499426.557,-31702.4461,1,1.66032,0.672,1.71136,0.272,0.0,0.0,0,0.065,1,0,23434,0.779,0.552,0.444,20.0,23.1,0.0801,249.6,0.0,1,1,0.852,1.59509,1,1,0.825,1.54814,-1,48.094,0.442,0.558,0.0,1.0,0.0,0.55,0.0,0.5,0.0,0.479,0.55,0.5,0.561,0.0,0.509,0.0,0,0,0.402,0.812,0.114,0.515,0.093,0.512,0.486,0.0,0.547,0.524,0.0,1.0,0.686
70344,2025.03.10 07:12:59,EURAUDm,SWEEP_REVERSAL,BUY,1,1.71463,1.71213,1.71781,1.27,0.096,1.71513,1.71761,1.71454,0,0.028,0.501,-0.2805,1.72162,1.704,1.71716,1.69915,1,0.0,0.65,2,1.71489,0.72,0.088,0,0.0,0.0,0.0,1.70169,5.355,0,0,0,0.825,-0.755,-0.2077,0.755,0.351,2,0.593,3,0.589,1.71513,1.71655,0.28,0.848,0.0,2,0.0,0,0.593,0.337,0.848,0.397,0.383,1,1.71761,4,0.6,0.439,0.195,0.226,0.0,0.974,0.92,1.66192,1.67331,1.70367,499426.557,-31702.4461,1,1.66032,0.672,1.71136,0.272,0.0,0.0,0,0.065,1,0,23434,0.779,0.552,0.444,20.0,23.1,0.0801,249.6,0.0,1,1,0.852,1.59509,1,1,0.825,1.54814,-1,47.898,0.442,0.558,0.0,1.0,0.0,0.36,0.0,0.5,0.0,0.323,0.468,0.5,0.544,0.0,0.45,0.0,0,0,0.363,0.799,0.0,0.352,0.067,0.592,0.469,0.0,0.516,0.524,0.0,1.0,0.787
70346,2025.03.10 09:07:40,EURAUDm,MEAN_REVERSION,BUY,2,1.71231,1.71022,1.7154,1.48,0.61,1.71507,1.71631,1.71207,0,0.033,0.237,-1.1812,1.72148,1.704,1.71716,1.69915,1,0.0,0.6,0,1.71224,0.776,0.061,0,0.0,0.0,0.0,1.70169,4.063,0,0,0,0.975,-0.825,-0.416,0.825,0.497,2,0.596,0,0.568,1.71224,1.71313,0.101,0.439,0.0,2,0.15,0,0.596,1.475,3.929,0.375,0.487,1,1.71507,1,0.7,0.798,0.211,0.247,0.166,0.94,0.931,1.66192,1.67331,1.70386,487472.9314,-11953.6256,1,1.66032,0.674,0.0,0.0,0.0,0.0,0,0.052,1,0,23436,0.779,0.552,0.444,33.0,23.8,0.1261,261.8,0.0,1,1,0.852,1.59509,1,1,0.825,1.54814,-1,44.777,0.425,0.575,0.0,1.0,0.0,0.02,0.0,0.5,0.0,0.713,0.551,0.5,0.565,0.0,0.467,0.0,0,0,0.387,0.667,0.0,0.355,0.0,0.06,0.458,0.0,0.52,0.524,0.0,1.0,0.715
0,2025.03.10 10:06:20,EURAUDm,ANCHORED_PULLBACK,BUY,2,1.71542,1.71533,1.71814,28.96,0.502,1.71237,1.71472,1.71085,0,0.102,0.693,0.9712,1.72148,1.704,1.71716,1.70054,1,0.0,0.7,0,1.71237,0.779,0.888,0,0.0,0.0,1.71526,1.70169,4.801,0,0,0,0.7,-0.685,-0.3637,0.685,0.788,0,0.694,3,0.555,1.71472,1.7132,0.134,0.676,0.0,2,0.25,0,0.694,0.322,0.971,0.332,0.346,0,1.71237,8,0.756,0.733,0.164,0.206,0.088,0.822,0.891,1.66192,1.67331,1.70386,487472.9314,-11953.6256,1,1.66032,0.674,0.0,0.0,0.0,0.0,0,0.052,1,0,23437,0.779,0.552,0.444,33.0,27.5,0.1178,280.1,0.0,1,1,0.852,1.59509,1,1,0.825,1.54814,-1,42.964,0.425,0.575,0.0,1.0,0.0,0.23,0.0,0.5,0.0,0.393,0.61,0.5,0.531,0.0,0.397,0.0,0,0,0.384,0.877,0.0,0.81,0.0,0.475,0.433,0.0,0.549,0.524,0.0,1.0,0.83
70348,2025.03.10 11:14:40,EURAUDm,BREAKOUT_RETEST,BUY,2,1.71539,1.71451,1.71769,2.6,0.543,1.71217,1.71528,1.71113,1,1.035,0.236,0.9838,1.71817,1.704,1.71716,1.70054,1,0.0,0.5,0,1.71217,0.772,0.0,1,0.0,0.0,1.71755,1.70169,5.444,0,0,1,1.0,-0.72,-0.229,0.72,0.492,2,0.613,0,0.33,1.71445,1.7159,0.207,0.287,0.0,2,0.4,4,0.584,0.469,0.984,0.476,0.261,0,1.71217,8,0.754,0.585,0.312,0.216,0.206,0.636,0.867,1.66192,1.67331,1.70386,487472.9314,-11953.6256,1,1.66032,0.674,0.0,0.0,0.0,0.0,0,0.052,1,0,23438,0.779,0.552,0.444,33.0,31.4,0.1122,294.0,0.0,1,1,0.852,1.59509,1,1,0.825,1.54814,-1,40.918,0.425,0.575,0.0,1.0,0.0,0.23,0.0,0.5,0.0,0.26,0.407,0.5,0.425,0.0,0.313,0.0,0,0,0.309,0.377,0.0,0.664,0.0,0.571,0.596,0.0,0.505,0.524,0.0,1.0,0.606
70350,2025.03.10 13:37:59,EURAUDm,MEAN_REVERSION,BUY,4,1.71474,1.71233,1.7171,0.98,0.634,1.71537,1.7169,1.71384,1,0.027,0.313,-0.2761,1.71816,1.704,1.71716,1.70054,1,0.0,0.45,0,1.71537,0.727,0.388,0,0.0,0.0,1.71438,1.70169,4.183,0,0,0,0.8,-0.79,-0.0939,0.79,0.396,0,0.757,0,0.821,1.71435,1.71316,0.063,0.459,0.0,2,0.25,0,0.757,0.179,0.459,0.391,0.341,0,1.7169,4,0.6,0.874,0.281,0.237,0.252,0.528,0.908,1.66192,1.67331,1.66268,-161777.0167,-649249.9481,-2,1.66032,0.675,0.0,0.0,0.0,0.0,0,0.071,1,0,23440,0.774,0.552,0.444,20.0,25.3,0.0665,300.6,0.0,1,1,0.852,1.59509,1,1,0.825,1.54814,-1,39.798,0.008,0.992,0.0,0.0,0.0,0.98,0.0,0.5,0.0,0.91,0.567,0.5,0.542,0.0,0.381,0.0,0,0,0.355,0.8,0.0,0.77,0.0,0.365,0.544,0.0,0.516,0.524,0.0,1.0,0.643
70352,2025.03.10 15:00:00,EURAUDm,BREAKOUT,BUY,4,1.71933,1.7154,1.727,1.95,0.578,1.71538,1.71669,1.71368,0,1.182,1.918,1.1816,1.71816,1.704,1.71855,1.70054,0,0.0,0.4,0,1.71538,0.741,0.346,0,0.0,0.0,1.71755,1.70169,5.644,0,0,1,0.882,-0.6132,-0.0235,0.613,0.123,0,0.763,1,0.059,1.71481,1.71274,1.366,2.041,0.2061,0,0.25,2,1.0,1.187,2.041,0.582,0.454,1,1.71538,8,0.748,0.0,0.363,0.884,0.088,0.767,0.947,1.66192,1.67331,1.66268,-161777.0167,-649249.9481,-2,1.66032,0.675,0.0,0.0,0.0,0.0,0,0.071,1,0,23442,0.774,0.552,0.444,33.0,28.3,0.1076,306.6,0.0,1,1,0.852,1.59509,1,1,0.825,1.54814,-1,40.516,0.008,0.992,0.0,0.0,0.0,0.49,0.0,0.5,0.0,0.533,0.679,0.5,0.518,0.0,0.602,0.0,0,0,0.504,0.514,0.0,0.902,0.0,0.873,0.716,0.0,0.451,0.524,0.0,1.0,0.785
70353,2025.03.10 15:00:20,EURAUDm,ANCHORED_PULLBACK,BUY,4,1.71933,1.71733,1.72295,1.81,0.295,1.71538,1.71669,1.71368,0,1.182,1.918,1.1816,1.71816,1.704,1.71855,1.70054,0,0.0,0.4,0,1.71538,0.741,0.346,0,0.0,0.0,1.71755,1.70169,5.644,0,0,1,0.882,-0.6132,-0.0235,0.613,0.123,0,0.764,1,0.059,1.71481,1.71274,1.366,2.041,0.0,2,0.25,0,0.764,0.881,2.041,0.432,0.36,1,1.71538,8,0.748,0.0,0.363,0.184,0.088,0.767,0.947,1.66192,1.67331,1.66268,-161777.0167,-649249.9481,-2,1.66032,0.675,0.0,0.0,0.0,0.0,0,0.071,1,0,23442,0.774,0.552,0.444,33.0,28.3,0.1076,306.6,0.0,1,1,0.852,1.59509,1,1,0.825,1.54814,-1,40.516,0.008,0.992,0.0,0.0,0.0,0.48,0.0,0.5,0.0,0.634,0.676,0.5,0.518,0.0,0.536,0.0,0,0,0.475,0.484,0.0,0.732,0.0,0.524,0.875,0.0,0.507,0.524,0.0,1.0,0.777
70356,2025.03.10 16:51:40,EURAUDm,TREND_CONTINUATION,BUY,4,1.7193,1.71568,1.72685,2.08,0.409,1.71455,1.7173,1.71382,0,0.442,0.134,1.4649,1.7176,1.704,1.71855,1.70054,0,0.0,0.6,2,1.71455,0.766,0.32,0,0.0,0.0,1.71662,1.70169,5.464,0,0,0,0.675,0.685,0.0646,0.685,0.295,2,0.621,3,0.305,1.71687,1.71889,0.697,0.025,0.0,2,0.15,0,0.621,0.594,1.465,0.406,0.338,0,1.71687,2,0.55,0.0,0.271,0.206,0.053,0.779,0.796,1.66192,1.67331,1.66287,-163409.6244,-1632.6077,-2,1.66032,0.677,0.0,0.0,0.0,0.0,0,0.097,1,0,23443,0.774,0.552,0.444,33.0,26.8,0.1092,302.1,0.0,1,1,0.852,1.59509,1,1,0.825,1.54814,-1,41.119,0.009,0.991,0.0,0.0,0.0,0.22,0.0,0.5,0.0,0.952,0.484,0.5,0.529,0.0,0.385,0.0,0,0,0.322,0.418,0.0,0.719,0.0,0.537,0.863,0.0,0.52,0.524,0.0,1.0,0.949
70358,2025.03.10 17:00:00,EURAUDm,BREAKOUT,BUY,3,1.71925,1.71471,1.72681,1.67,0.367,1.71901,1.71945,1.7159,1,0.015,1.091,0.0145,1.7176,1.704,1.71855,1.70054,0,0.0,0.6,2,1.71901,0.762,0.631,0,0.0,0.0,0.0,1.70169,5.739,0,0,1,0.75,0.72,0.1429,0.72,1.0,1,0.271,3,0.47,1.71886,1.71634,0.063,0.895,0.0238,2,0.3,3,0.735,0.448,0.895,0.5,0.368,1,1.7159,5,0.6,0.873,0.12,0.616,0.105,0.948,0.638,1.66192,1.67331,1.66287,-163409.6244,-1632.6077,-2,1.66032,0.677,0.0,0.0,0.0,0.0,0,0.097,1,0,23444,0.774,0.552,0.444,20.0,27.8,0.0661,302.4,0.0,1,1,0.852,1.59509,1,1,0.825,1.54814,-1,41.054,0.009,0.991,0.0,0.0,0.0,0.92,0.0,0.5,0.0,0.612,0.519,0.5,0.544,0.0,0.413,0.0,0,0,0.34,0.618,0.0,0.531,0.0,0.482,0.65,0.0,0.477,0.524,0.0,1.0,1.079
70360,2025.03.10 17:35:20,EURAUDm,PULLBACK,BUY,3,1.72161,1.7189,1.73068,3.35,0.388,1.71901,1.71945,1.7159,0,0.015,1.091,0.7949,1.7176,1.704,1.71855,1.70054,0,0.0,0.6,2,1.71901,0.762,0.631,0,0.0,0.0,0.0,1.70169,5.739,0,0,1,0.75,0.72,0.1429,0.72,0.503,2,0.571,3,0.47,1.71886,1.71634,0.844,1.676,0.0,2,0.0,0,0.571,0.628,1.676,0.374,0.393,1,1.71901,8,0.752,0.0,0.149,0.216,0.0,0.948,0.638,1.66192,1.67331,1.66287,-163409.6244,-1632.6077,-2,1.66032,0.677,0.0,0.0,0.0,0.0,0,0.097,1,0,23444,0.774,0.552,0.444,20.0,21.7,0.0661,302.4,0.0,1,1,0.852,1.59509,1,1,0.825,1.54814,-1,41.835,0.009,0.991,0.0,0.0,0.0,0.99,0.0,0.5,0.0,0.647,0.651,0.5,0.522,0.0,0.402,0.0,0,0,0.408,0.693,0.0,0.475,0.0,0.697,0.865,0.0,0.522,0.524,0.0,1.0,1.03
70362,2025.03.10 18:00:00,EURAUDm,ANCHORED_PULLBACK,BUY,3,1.72286,1.72175,1.7288,5.37,0.337,1.71901,1.71958,1.71614,0,1.123,0.148,1.1235,1.7176,1.704,1.71855,1.70054,0,0.0,0.45,0,1.71901,0.729,0.543,0,0.0,0.0,1.72138,1.70169,6.643,0,0,1,0.825,0.755,0.1943,0.755,0.184,2,0.591,1,0.006,1.71862,1.72207,1.245,0.148,-0.0349,2,0.15,0,0.591,0.526,1.245,0.422,0.293,0,1.71901,8,0.746,0.0,0.305,0.226,0.053,0.845,0.828,1.66192,1.67331,1.66287,-163409.6244,-1632.6077,-2,1.66032,0.677,0.0,0.0,0.0,0.0,0,0.097,1,0,23445,0.774,0.552,0.444,33.0,27.2,0.1052,313.6,0.0,1,1,0.852,1.59509,1,1,0.825,1.54814,-1,40.737,0.009,0.991,0.0,0.0,0.0,0.45,0.0,0.5,0.0,1.0,0.583,0.5,0.537,0.0,0.394,0.0,0,0,0.369,0.314,0.0,0.572,0.0,0.494,0.865,0.0,0.537,0.524,0.0,1.0,0.884
70364,2025.03.10 18:51:40,EURAUDm,TREND_CONTINUATION,BUY,3,1.72638,1.7214,1.73422,1.57,0.473,1.71901,1.71958,1.71614,0,1.123,0.148,2.2458,1.7176,1.704,1.71855,1.70054,0,0.0,0.45,0,1.71901,0.729,0.543,0,0.0,0.0,1.72138,1.70169,6.643,0,0,1,0.825,0.755,0.1943,0.755,0.184,2,0.591,1,0.006,1.71862,1.72207,2.368,1.27,0.0,2,0.15,0,0.591,1.0,2.368,0.422,0.348,0,1.71901,8,0.746,0.0,0.305,0.226,0.053,0.845,0.828,1.66192,1.67331,1.66287,-163409.6244,-1632.6077,-2,1.66032,0.677,0.0,0.0,0.0,0.0,0,0.097,1,0,23445,0.774,0.552,0.444,33.0,27.0,0.1052,313.6,0.0,1,1,0.852,1.59509,1,1,0.825,1.54814,-1,41.86,0.009,0.991,0.0,0.0,0.0,0.52,0.0,0.5,0.0,0.87,0.737,0.5,0.502,0.0,0.425,0.0,0,0,0.463,0.261,0.0,0.239,0.0,0.506,0.865,0.0,0.546,0.524,0.0,1.0,0.884
70366,2025.03.10 19:00:00,EURAUDm,BREAKOUT,BUY,3,1.72751,1.72071,1.73601,1.25,0.597,1.71885,1.72444,1.71738,0,2.45,0.201,2.4499,1.71756,1.70268,1.71891,1.70056,0,0.0,0.6,0,1.71885,0.733,0.163,0,0.0,0.0,1.72726,1.70169,7.499,0,0,1,0.9,0.79,0.1922,0.79,0.14,2,0.496,1,0.039,1.71856,1.72591,2.536,0.374,1.0632,0,0.15,2,1.0,1.469,2.536,0.579,0.508,2,1.71885,8,0.747,0.0,0.318,0.937,0.053,0.835,0.888,1.66192,1.67331,1.66287,-163409.6244,-1632.6077,-2,1.66032,0.677,0.0,0.0,0.0,0.0,0,0.097,1,0,23446,0.774,0.552,0.444,33.0,31.1,0.0971,339.9,0.0,1,1,0.852,1.59509,1,1,0.825,1.54814,-1,38.963,0.009,0.991,0.0,0.0,0.0,0.73,0.0,0.5,0.0,0.714,0.666,0.5,0.405,0.0,0.506,0.0,0,0,0.424,0.247,0.0,0.277,0.0,1.0,0.437,0.0,0.477,0.524,0.0,1.0,0.978
70368,2025.03.10 20:00:00,EURAUDm,PULLBACK,BUY,3,1.72434,1.71901,1.735,2.0,0.509,1.71909,1.72407,1.71791,1,0.184,0.349,1.384,1.71756,1.70268,1.71891,1.70056,0,0.0,0.65,2,1.71909,0.731,0.447,0,0.0,0.0,0.0,1.70169,6.282,0,0,1,0.65,0.825,0.2071,0.825,0.776,2,0.537,0,0.592,1.72312,1.72525,0.251,0.349,0.0,2,0.0,0,0.537,0.462,1.384,0.334,0.359,1,1.71909,8,0.746,0.498,0.067,0.247,0.118,0.779,0.803,1.66207,1.67352,1.70516,476391.1898,639800.8142,2,1.66046,0.686,0.0,0.0,0.0,0.0,0,0.064,1,0,23447,0.774,0.552,0.444,33.0,33.0,0.0929,355.2,0.0,1,1,0.852,1.59509,1,1,0.825,1.54814,-1,36.386,0.424,0.576,0.0,0.0,0.0,0.68,0.0,0.5,0.0,0.442,0.633,0.5,0.525,0.0,0.349,0.0,0,0,0.377,0.694,0.0,0.513,0.0,0.701,0.719,0.0,0.552,0.524,0.0,1.0,0.957
70369,2025.03.10 20:02:40,EURAUDm,BREAKOUT_RETEST,BUY,3,1.72396,1.72289,1.72747,3.3,0.441,1.71909,1.72407,1.71791,1,0.184,0.349,1.277,1.71756,1.70268,1.71891,1.70056,0,0.0,0.65,2,1.71909,0.731,0.447,0,0.0,0.0,0.0,1.70169,6.282,0,0,1,0.65,0.825,0.2071,0.825,0.776,2,0.537,0,0.592,1.72312,1.72525,0.144,0.456,0.0,2,0.0,0,0.537,0.426,1.277,0.334,0.355,1,1.71909,8,0.746,0.712,0.067,0.247,0.118,0.779,0.803,1.66207,1.67352,1.70516,476391.1898,639800.8142,2,1.66046,0.686,0.0,0.0,0.0,0.0,0,0.064,1,0,23447,0.774,0.552,0.444,33.0,33.0,0.0929,355.2,0.0,1,1,0.852,1.59509,1,1,0.825,1.54814,-1,36.28,0.424,0.576,0.0,0.0,0.0,0.25,0.0,0.5,0.0,0.442,0.509,0.5,0.525,0.0,0.349,0.0,0,0,0.302,0.694,0.0,0.513,0.0,0.701,0.71,0.0,0.552,0.524,0.0,1.0,0.957
70372,2025.03.10 20:51:40,EURAUDm,TREND_CONTINUATION,BUY,3,1.72577,1.72151,1.73465,2.08,0.433,1.71909,1.72407,1.71791,0,0.184,0.349,1.7866,1.71756,1.70268,1.71891,1.70056,0,0.0,0.65,2,1.71909,0.731,0.447,0,0.0,0.0,0.0,1.70169,6.282,0,0,1,0.65,0.825,0.2071,0.825,0.15,2,0.537,0,0.592,1.72312,1.72525,0.654,0.054,0.0,2,0.0,0,0.537,0.764,1.787,0.428,0.395,1,1.72312,2,0.55,0.0,0.255,0.247,0.118,0.779,0.803,1.66207,1.67352,1.70516,476391.1898,639800.8142,2,1.66046,0.686,0.0,0.0,0.0,0.0,0,0.064,1,0,23447,0.774,0.552,0.444,33.0,33.0,0.0929,355.2,0.0,1,1,0.852,1.59509,1,1,0.825,1.54814,-1,36.789,0.424,0.576,0.0,0.0,0.0,0.97,0.0,0.5,0.0,1.0,0.537,0.5,0.568,0.0,0.307,0.0,0,0,0.316,0.532,0.0,0.475,0.0,0.633,0.86,0.0,0.527,0.524,0.0,1.0,0.949
70374,2025.03.10 21:00:00,EURAUDm,BREAKOUT,BUY,3,1.72597,1.72368,1.73485,3.88,0.393,1.71909,1.72407,1.71791,0,0.184,0.349,1.7444,1.71756,1.70268,1.71891,1.70056,0,0.0,0.65,2,1.71909,0.731,0.447,0,0.0,0.0,0.0,1.70169,6.282,0,0,1,0.65,0.825,0.2071,0.825,0.15,2,0.537,0,0.592,1.72312,1.72525,0.611,0.011,0.0,2,0.0,0,0.537,0.746,1.744,0.428,0.393,1,1.72312,2,0.55,0.0,0.255,0.247,0.118,0.779,0.803,1.66207,1.67352,1.70516,476391.1898,639800.8142,2,1.66046,0.686,0.0,0.0,0.0,0.0,0,0.064,1,0,23447,0.774,0.552,0.444,68.0,35.5,0.1914,355.2,0.0,1,1,0.852,1.59509,1,1,0.825,1.54814,-1,36.845,0.424,0.576,0.0,0.0,0.0,0.01,0.0,0.5,0.0,1.0,0.544,0.5,0.575,0.0,0.305,0.0,0,0,0.321,0.532,0.0,0.475,0.0,0.633,0.86,0.0,0.527,0.524,0.0,1.0,0.949
70376,2025.03.10 22:00:40,EURAUDm,PULLBACK,BUY,1,1.72596,1.72092,1.73604,2.0,0.39,1.72354,1.7254,1.72268,0,0.037,0.258,0.5645,1.71756,1.70409,1.71891,1.70056,0,0.0,0.55,0,1.72305,0.795,0.342,0,0.0,0.0,1.72466,1.70169,6.467,0,0,1,0.75,0.895,0.3742,0.895,0.548,0,0.663,0,0.35,1.72379,1.72602,0.491,0.172,0.0,2,0.15,0,0.663,0.262,0.712,0.368,0.339,0,1.72354,1,0.7,0.018,0.196,0.269,0.122,0.973,0.819,1.66207,1.67352,1.70516,476391.1898,639800.8142,2,1.66046,0.686,0.0,0.0,0.0,0.0,0,0.064,1,0,23449,0.774,0.552,0.444,52.0,129.7,0.1548,335.9,0.0,1,1,0.852,1.59509,1,1,0.825,1.54814,0,38.958,0.424,0.576,0.0,0.0,0.5,0.99,0.0,0.5,0.892,1.0,0.778,0.5,0.554,0.0,0.223,0.0,0,0,0.422,0.573,0.0,0.713,0.0,0.397,0.839,0.0,0.539,0.524,0.0,1.0,0.949
70377,2025.03.10 22:01:40,EURAUDm,ANCHORED_PULLBACK,BUY,1,1.72648,1.72365,1.73268,2.19,0.359,1.72354,1.7254,1.72268,0,0.037,0.258,0.7193,1.71756,1.70409,1.71891,1.70056,0,0.0,0.55,0,1.72305,0.795,0.342,0,0.0,0.0,1.72466,1.70169,6.467,0,0,1,0.75,0.895,0.3742,0.895,0.191,0,0.663,0,0.35,1.72379,1.72602,0.646,0.017,0.0,2,0.15,0,0.663,0.365,0.867,0.421,0.351,1,1.72354,1,0.7,0.0,0.303,0.269,0.122,0.973,0.819,1.66207,1.67352,1.70516,476391.1898,639800.8142,2,1.66046,0.686,0.0,0.0,0.0,0.0,0,0.064,1,0,23449,0.774,0.552,0.444,52.0,123.7,0.1548,335.9,0.0,1,1,0.852,1.59509,1,1,0.825,1.54814,0,39.112,0.424,0.576,0.0,0.0,0.5,0.99,0.0,0.5,0.091,1.0,0.805,0.5,0.554,0.0,0.209,0.0,0,0,0.433,0.503,0.0,0.476,0.0,0.397,0.863,0.0,0.539,0.524,0.0,1.0,0.949
70380,2025.03.10 22:06:40,EURAUDm,BREAKOUT_RETEST,BUY,1,1.72549,1.72373,1.72728,1.02,0.48,1.72354,1.7254,1.72268,1,0.037,0.258,0.4246,1.71756,1.70409,1.71891,1.70056,0,0.0,0.55,0,1.72305,0.795,0.342,0,0.0,0.0,1.72466,1.70169,6.467,0,0,1,0.75,0.895,0.3742,0.895,0.693,0,0.663,0,0.35,1.72379,1.72602,0.351,0.312,0.0,2,0.15,0,0.663,0.198,0.572,0.346,0.332,0,1.72354,1,0.7,0.298,0.152,0.269,0.122,0.973,0.819,1.66207,1.67352,1.70516,476391.1898,639800.8142,2,1.66046,0.686,0.0,0.0,0.0,0.0,0,0.064,1,0,23449,0.774,0.552,0.444,52.0,95.4,0.1548,335.9,0.0,1,1,0.852,1.59509,1,1,0.825,1.54814,0,38.818,0.424,0.576,0.0,0.0,0.5,0.65,0.0,0.5,0.0,1.0,0.688,0.5,0.48,0.0,0.239,0.0,0,0,0.353,0.607,0.0,0.642,0.0,0.379,0.708,0.0,0.564,0.524,0.0,1.0,0.957
70382,2025.03.10 22:51:40,EURAUDm,TREND_CONTINUATION,BUY,1,1.72737,1.72334,1.73577,2.08,0.465,1.72354,1.7254,1.72268,0,0.037,0.258,0.9842,1.71756,1.70409,1.71891,1.70056,0,0.0,0.55,0,1.72305,0.795,0.342,0,0.0,0.0,1.72466,1.70169,6.467,0,0,1,0.75,0.895,0.3742,0.895,0.312,0,0.663,0,0.35,1.72379,1.72726,0.911,0.121,0.0,2,0.15,0,0.663,0.456,1.132,0.403,0.362,1,1.72354,1,0.7,0.0,0.266,0.269,0.122,0.973,0.87,1.66207,1.67352,1.70516,476391.1898,639800.8142,2,1.66046,0.686,0.0,0.0,0.0,0.0,0,0.064,1,0,23449,0.774,0.552,0.444,52.0,52.0,0.1548,335.9,0.0,1,1,0.852,1.59509,1,1,0.825,1.54814,0,39.377,0.424,0.576,0.0,0.0,0.5,0.75,0.0,0.5,0.0,0.824,0.487,0.5,0.543,0.0,0.269,0.0,0,0,0.278,0.516,0.0,0.476,0.0,0.432,0.863,0.0,0.539,0.524,0.0,1.0,0.949
70384,2025.03.10 23:00:00,EURAUDm,BREAKOUT,BUY,1,1.72764,1.72241,1.73636,1.67,0.471,1.72524,1.72633,1.72341,0,0.175,0.035,0.5948,1.71756,1.70409,1.71891,1.70056,0,0.0,0.6,0,1.72402,0.69,0.431,0,0.0,0.0,0.0,1.70169,7.346,0,0,1,1.0,0.755,0.3754,0.755,0.197,2,0.425,0,0.655,1.7267,1.72719,0.175,0.035,0.0589,0,0.4,0,0.425,0.397,0.945,0.42,0.282,0,1.72524,1,0.7,0.65,0.401,0.527,0.271,0.862,0.761,1.66207,1.67352,1.70516,476391.1898,639800.8142,2,1.66046,0.686,0.0,0.0,0.0,0.0,0,0.064,1,0,23450,0.78,0.546,0.438,33.0,51.8,0.0946,348.7,0.0,1,1,0.852,1.59509,1,1,0.825,1.54814,0,38.011,0.424,0.576,0.0,0.0,0.5,0.99,0.0,0.5,0.0,0.649,0.547,0.5,0.58,0.0,0.3,0.0,0,0,0.322,0.41,0.0,0.238,0.0,0.563,0.85,0.0,0.533,0.5,0.0,1.0,1.014
70386,2025.03.11 00:00:40,EURAUDm,PULLBACK,BUY,1,1.72714,1.72526,1.73742,5.48,0.563,1.72528,1.72782,1.72434,1,0.168,0.48,0.4478,1.71809,1.70283,1.71978,1.70062,0,0.0,0.65,0,1.72528,0.737,0.045,0,0.0,0.0,1.72826,1.70169,7.053,0,0,1,0.8,0.965,0.3962,0.965,0.706,2,0.607,0,0.705,1.72809,1.72581,0.372,0.292,0.0,2,0.0,0,0.607,0.154,0.448,0.344,0.346,0,1.72528,8,0.747,0.255,0.088,0.29,0.141,0.707,0.653,1.66242,1.67171,1.70501,494880.826,18489.6362,2,1.6608,0.685,0.0,0.0,0.0,0.0,0,0.056,1,0,23451,0.78,0.546,0.438,33.0,33.0,0.0964,342.5,0.0,1,1,0.852,1.59509,1,1,0.825,1.54814,0,38.555,0.419,0.581,0.0,0.0,0.5,0.47,0.0,0.5,0.0,0.384,0.394,0.5,0.576,0.0,0.596,0.0,0,0,0.475,0.836,0.234,0.642,0.0,0.514,0.708,0.0,0.553,0.5,0.0,1.0,1.006
70387,2025.03.11 00:06:40,EURAUDm,BREAKOUT_RETEST,BUY,1,1.7273,1.72526,1.72989,1.27,0.511,1.72528,1.72782,1.72434,1,0.168,0.48,0.4945,1.71809,1.70283,1.71978,1.70062,0,0.0,0.65,0,1.72528,0.737,0.045,0,0.0,0.0,1.72826,1.70169,7.053,0,0,1,0.8,0.965,0.3962,0.965,0.706,2,0.607,0,0.705,1.72809,1.72581,0.326,0.338,0.0,2,0.0,0,0.607,0.17,0.495,0.344,0.348,0,1.72528,8,0.747,0.349,0.088,0.29,0.141,0.707,0.653,1.66242,1.67171,1.70501,494880.826,18489.6362,2,1.6608,0.685,0.0,0.0,0.0,0.0,0,0.056,1,0,23451,0.78,0.546,0.438,33.0,33.0,0.0964,342.5,0.0,1,1,0.852,1.59509,1,1,0.825,1.54814,0,38.601,0.419,0.581,0.0,0.0,0.5,0.88,0.0,0.5,0.0,0.385,0.484,0.5,0.619,0.0,0.546,0.0,0,0,0.414,0.836,0.0,0.428,0.0,0.514,0.435,0.0,0.553,0.5,0.0,1.0,1.006
70390,2025.03.11 00:51:40,EURAUDm,TREND_CONTINUATION,BUY,1,1.72875,1.72464,1.73731,2.08,0.494,1.72528,1.72782,1.72434,0,0.168,0.48,0.9179,1.71809,1.70283,1.71978,1.70062,0,0.0,0.65,0,1.72528,0.737,0.045,0,0.0,0.0,1.72826,1.70169,7.053,0,0,1,0.8,0.965,0.3962,0.965,0.112,2,0.607,0,0.705,1.72809,1.72849,0.098,0.019,0.0,2,0.0,0,0.607,0.398,0.918,0.433,0.375,1,1.72528,8,0.747,0.804,0.266,0.29,0.141,0.707,0.898,1.66242,1.67171,1.70501,494880.826,18489.6362,2,1.6608,0.685,0.0,0.0,0.0,0.0,0,0.056,1,0,23451,0.78,0.546,0.438,33.0,33.0,0.0964,342.5,0.0,1,1,0.852,1.59509,1,1,0.825,1.54814,0,39.025,0.419,0.581,0.0,0.0,0.5,0.99,0.0,0.5,0.0,0.433,0.624,0.5,0.532,0.0,0.55,0.0,0,0,0.454,0.582,0.404,0.333,0.0,0.444,0.859,0.0,0.53,0.5,0.0,1.0,1.039
70391,2025.03.11 01:00:00,EURAUDm,BREAKOUT,BUY,1,1.72889,1.72375,1.73747,1.67,0.5,1.72812,1.72855,1.7257,0,0.128,0.122,0.1276,1.71548,1.7029,1.72013,1.70065,0,0.0,0.5,2,1.72812,0.748,0.731,0,0.0,0.0,1.72845,1.70169,7.833,0,0,1,1.0,1.0,0.3659,1.0,0.232,2,0.556,0,0.688,1.72812,1.72898,0.128,0.122,0.0,2,0.15,0,0.556,0.623,1.5,0.415,0.4,1,1.7257,5,0.6,0.745,0.291,0.3,0.19,1.0,0.957,1.66242,1.67171,1.70501,494880.826,18489.6362,2,1.6608,0.685,0.0,0.0,0.0,0.0,0,0.056,1,0,23452,0.78,0.546,0.438,33.0,33.0,0.0962,343.0,0.0,1,1,0.852,1.59509,1,1,0.825,1.54814,0,39.009,0.419,0.581,0.0,0.0,0.5,0.82,0.0,0.5,0.0,0.567,0.702,0.5,0.585,0.0,0.616,0.0,0,0,0.544,0.558,0.0,0.38,0.0,0.307,0.689,0.0,0.539,0.5,0.0,1.0,0.957
70394,2025.03.11 02:05:40,EURAUDm,PULLBACK,BUY,1,1.73008,1.72711,1.74002,3.34,0.623,1.72594,1.73002,1.72497,1,1.088,0.384,1.1497,1.71535,1.70335,1.72098,1.70083,0,0.0,0.65,2,1.72594,0.681,0.297,0,0.0,0.0,0.0,1.70169,8.758,0,0,1,1.0,1.0,0.3817,1.0,0.219,2,0.519,0,0.297,1.72652,1.72924,0.974,0.153,0.0,2,0.0,0,0.519,0.48,1.15,0.417,0.332,0,1.72594,8,0.736,0.0,0.234,0.3,0.059,0.871,0.925,1.66242,1.67171,1.70501,494880.826,18489.6362,2,1.6608,0.685,0.0,0.0,0.0,0.0,0,0.056,1,0,23453,0.78,0.546,0.438,33.0,33.0,0.0996,331.3,0.0,1,1,0.852,1.59509,1,1,0.825,1.54814,0,40.747,0.419,0.581,0.0,0.0,0.5,0.06,0.0,0.5,0.0,0.957,0.362,0.5,0.531,0.0,0.539,0.0,0,0,0.458,0.435,0.0,0.475,0.0,0.522,0.745,0.0,0.534,0.5,0.0,1.0,0.85
70396,2025.03.11 02:06:40,EURAUDm,BREAKOUT_RETEST,BUY,1,1.7296,1.72711,1.73288,1.31,0.588,1.72594,1.73002,1.72497,1,1.088,0.384,1.0048,1.71535,1.70335,1.72098,1.70083,0,0.0,0.65,2,1.72594,0.681,0.297,0,0.0,0.0,0.0,1.70169,8.758,0,0,1,1.0,1.0,0.3817,1.0,0.063,2,0.519,0,0.297,1.72652,1.72924,0.829,0.008,0.0,2,0.0,0,0.519,0.443,1.005,0.441,0.327,0,1.72594,8,0.736,0.0,0.281,0.3,0.059,0.871,0.925,1.66242,1.67171,1.70501,494880.826,18489.6362,2,1.6608,0.685,0.0,0.0,0.0,0.0,0,0.056,1,0,23453,0.78,0.546,0.438,33.0,33.0,0.0996,331.3,0.0,1,1,0.852,1.59509,1,1,0.825,1.54814,0,40.602,0.419,0.581,0.0,0.0,0.5,0.0,0.0,0.5,0.0,0.957,0.361,0.5,0.531,0.0,0.539,0.0,0,0,0.458,0.401,0.0,0.143,0.0,0.522,0.725,0.0,0.534,0.5,0.0,1.0,0.85
70398,2025.03.11 02:51:40,EURAUDm,TREND_CONTINUATION,BUY,1,1.7295,1.72552,1.73778,2.08,0.552,1.72594,1.73002,1.72497,1,1.088,0.384,0.9746,1.71535,1.70335,1.72098,1.70083,0,0.0,0.65,2,1.72594,0.681,0.297,0,0.0,0.0,0.0,1.70169,8.758,0,0,1,1.0,1.0,0.3817,1.0,0.124,2,0.519,0,0.297,1.72652,1.72924,0.799,0.022,0.0,2,0.0,0,0.519,0.42,0.975,0.431,0.325,0,1.72594,8,0.736,0.0,0.263,0.3,0.059,0.871,0.925,1.66242,1.67171,1.70501,494880.826,18489.6362,2,1.6608,0.685,0.0,0.0,0.0,0.0,0,0.056,1,0,23453,0.78,0.546,0.438,33.0,33.0,0.0996,331.3,0.0,1,1,0.852,1.59509,1,1,0.825,1.54814,0,40.572,0.419,0.581,0.0,0.0,0.5,0.77,0.0,0.5,0.0,1.0,0.623,0.5,0.494,0.0,0.342,0.0,0,0,0.359,0.414,0.0,0.143,0.0,0.692,0.721,0.0,0.534,0.5,0.0,1.0,0.85
70400,2025.03.11 03:00:40,EURAUDm,ANCHORED_PULLBACK,BUY,1,1.72885,1.72758,1.73013,1.01,0.546,1.72808,1.73013,1.72528,1,0.014,0.205,0.1294,1.71535,1.70335,1.72098,1.70083,0,0.0,0.65,0,1.72845,0.664,0.574,0,0.0,0.0,1.72861,1.70169,7.948,0,0,1,0.8,1.0,0.3679,1.0,0.91,2,0.643,0,0.618,1.72845,1.72957,0.02,0.307,0.0,2,0.15,0,0.643,0.096,0.307,0.314,0.341,0,1.73013,4,0.6,0.959,0.087,0.3,0.176,0.911,0.824,1.66242,1.67171,1.70501,494880.826,18489.6362,2,1.6608,0.685,0.0,0.0,0.0,0.0,0,0.056,1,0,23454,0.78,0.546,0.438,33.0,33.0,0.0965,341.9,0.0,1,1,0.852,1.59509,1,1,0.825,1.54814,0,39.119,0.419,0.581,0.0,0.0,0.5,0.06,0.0,0.5,0.0,1.0,0.648,0.5,0.522,0.0,0.378,0.0,0,0,0.396,0.685,0.0,0.257,0.0,0.59,0.461,0.0,0.555,0.5,0.0,1.0,0.842
70402,2025.03.11 03:12:40,EURAUDm,BREAKOUT,BUY,1,1.72958,1.72445,1.73813,1.67,0.326,1.72808,1.73013,1.72528,1,0.014,0.205,0.3429,1.71535,1.70335,1.72098,1.70083,0,0.0,0.65,0,1.72845,0.664,0.574,0,0.0,0.0,1.72861,1.70169,7.948,0,0,1,0.8,1.0,0.3679,1.0,0.354,2,0.643,0,0.618,1.72845,1.72957,0.234,0.093,0.0,2,0.15,0,0.643,0.136,0.343,0.397,0.345,0,1.72808,1,0.7,0.532,0.254,0.3,0.176,0.911,0.824,1.66242,1.67171,1.70501,494880.826,18489.6362,2,1.6608,0.685,0.0,0.0,0.0,0.0,0,0.056,1,0,23454,0.78,0.546,0.438,33.0,33.0,0.0965,341.9,0.0,1,1,0.852,1.59509,1,1,0.825,1.54814,0,39.333,0.419,0.581,0.0,0.0,0.5,0.99,0.0,0.5,0.0,1.0,0.718,0.5,0.519,0.0,0.387,0.0,0,0,0.442,0.589,0.0,0.38,0.0,0.59,0.65,0.0,0.53,0.5,0.0,1.0,0.916
70404,2025.03.11 04:06:40,EURAUDm,BREAKOUT_RETEST,BUY,1,1.72978,1.72868,1.73145,1.51,0.492,1.72882,1.73125,1.72752,1,0.137,0.566,0.2177,1.71535,1.71846,1.7277,1.70587,0,0.0,0.5,0,1.72882,0.676,0.385,0,0.0,0.0,0.0,1.70169,8.101,0,0,1,0.8,0.825,0.2976,0.825,0.675,0,0.671,0,0.599,1.73032,1.72733,0.212,0.647,0.0,2,0.25,0,0.671,0.226,0.647,0.349,0.326,0,1.73125,4,0.6,0.577,0.198,0.247,0.207,0.757,0.765,1.66118,1.67331,1.704,479881.8964,-14998.9296,1,1.65997,0.682,0.0,0.0,0.0,0.0,0,0.055,1,0,23455,0.78,0.546,0.438,20.0,30.9,0.0576,347.4,0.0,1,1,0.852,1.59509,1,1,0.825,1.54814,0,38.768,0.437,0.563,0.0,1.0,0.5,0.89,0.0,0.5,0.0,1.0,0.588,0.5,0.543,0.0,0.33,0.0,0,0,0.347,0.667,0.0,0.657,0.0,0.422,0.65,0.0,0.563,0.5,0.0,1.0,1.006
70406,2025.03.11 04:09:40,EURAUDm,PULLBACK,BUY,1,1.73021,1.72881,1.73214,1.37,0.546,1.72882,1.73125,1.72752,1,0.137,0.566,0.3041,1.71535,1.71846,1.7277,1.70587,0,0.0,0.5,0,1.72882,0.676,0.385,0,0.0,0.0,0.0,1.70169,8.101,0,0,1,0.8,0.825,0.2976,0.825,0.499,0,0.671,0,0.599,1.73032,1.73218,0.125,0.662,0.0,2,0.25,0,0.671,0.248,0.662,0.375,0.329,0,1.72882,8,0.735,0.749,0.25,0.247,0.207,0.757,0.882,1.66118,1.67331,1.704,479881.8964,-14998.9296,1,1.65997,0.682,0.0,0.0,0.0,0.0,0,0.055,1,0,23455,0.78,0.546,0.438,33.0,30.7,0.095,347.4,0.0,1,1,0.852,1.59509,1,1,0.825,1.54814,0,38.891,0.437,0.563,0.0,1.0,0.5,0.75,0.0,0.5,0.0,0.929,0.639,0.5,0.543,0.0,0.283,0.0,0,0,0.359,0.636,0.0,0.73,0.0,0.422,0.65,0.0,0.539,0.5,0.0,1.0,0.957
70408,2025.03.11 05:02:40,EURAUDm,TREND_CONTINUATION,BUY,1,1.72983,1.72589,1.73803,2.08,0.503,1.72916,1.73087,1.72838,1,0.032,0.506,0.1043,1.71535,1.71846,1.72938,1.70755,0,0.0,0.4,0,1.72916,0.66,0.49,0,0.0,0.0,0.0,1.70169,8.306,0,0,0,0.8,1.0,0.25,1.0,0.796,2,0.643,0,0.806,1.72916,1.72698,0.104,0.769,0.0,2,0.0,0,0.643,0.254,0.769,0.331,0.394,1,1.72838,5,0.6,0.791,0.061,0.3,0.161,0.822,0.933,1.66118,1.67331,1.704,479881.8964,-14998.9296,1,1.65997,0.682,0.0,0.0,0.0,0.0,0,0.055,1,0,23456,0.78,0.546,0.438,33.0,33.0,0.1006,328.1,0.0,1,1,0.852,1.59509,1,1,0.825,1.54814,0,41.061,0.437,0.563,0.0,1.0,0.5,0.99,0.0,0.5,0.0,0.854,0.633,0.5,0.557,0.0,0.296,0.0,0,0,0.366,0.73,0.0,0.588,0.0,0.321,0.65,0.0,0.562,0.5,0.0,1.0,0.924
70410,2025.03.11 05:12:40,EURAUDm,BREAKOUT,BUY,1,1.7309,1.72916,1.7391,4.71,0.333,1.72916,1.73087,1.72838,1,0.032,0.506,0.4304,1.71535,1.71846,1.72938,1.70755,0,0.0,0.4,0,1.72916,0.66,0.49,0,0.0,0.0,0.0,1.70169,8.306,0,0,0,0.8,1.0,0.25,1.0,0.453,2,0.643,0,0.806,1.7304,1.73243,0.051,0.566,0.0,2,0.0,0,0.643,0.216,0.566,0.382,0.372,1,1.72916,8,0.732,0.899,0.164,0.3,0.161,0.679,0.95,1.66118,1.67331,1.704,479881.8964,-14998.9296,1,1.65997,0.682,0.0,0.0,0.0,0.0,0,0.055,1,0,23456,0.78,0.546,0.438,33.0,33.0,0.1006,328.1,0.0,1,1,0.852,1.59509,1,1,0.825,1.54814,0,41.387,0.437,0.563,0.0,1.0,0.5,0.9,0.0,0.5,0.0,0.753,0.639,0.5,0.506,0.0,0.233,0.0,0,0,0.328,0.715,0.0,0.475,0.0,0.362,0.74,0.0,0.537,0.5,0.0,1.0,0.998
70412,2025.03.11 06:06:40,EURAUDm,BREAKOUT_RETEST,BUY,1,1.73012,1.72915,1.73141,1.33,0.497,1.72914,1.73017,1.72834,1,0.012,0.557,0.203,1.71535,1.71846,1.73106,1.70923,1,0.0,0.4,0,1.72914,0.746,0.957,0,0.0,0.0,1.7292,1.70169,8.53,0,0,0,0.8,0.825,0.2044,0.825,0.448,0,0.756,0,0.54,1.72925,1.73097,0.167,0.366,0.0,2,0.25,0,0.756,0.14,0.366,0.383,0.342,0,1.72834,5,0.6,0.665,0.266,0.247,0.195,0.855,0.963,1.66118,1.67331,1.704,479881.8964,-14998.9296,1,1.65997,0.682,0.0,0.0,0.0,0.0,0,0.055,1,0,23457,0.78,0.546,0.438,33.0,30.7,0.1027,321.3,0.0,1,1,0.852,1.59509,1,1,0.825,1.54814,0,42.028,0.437,0.563,0.0,1.0,0.5,0.58,0.0,0.5,0.0,0.44,0.56,0.5,0.546,0.0,0.414,0.0,0,0,0.365,0.8,0.0,0.675,0.0,0.268,0.568,0.0,0.539,0.5,0.0,1.0,0.894
70414,2025.03.11 06:21:40,EURAUDm,PULLBACK,BUY,1,1.73235,1.72921,1.74199,3.07,0.407,1.72914,1.73017,1.72834,0,0.012,0.557,0.8971,1.71535,1.71846,1.73106,1.70923,0,0.0,0.4,0,1.72914,0.746,0.957,0,0.0,0.0,1.7292,1.70169,8.53,0,0,0,0.8,0.825,0.2044,0.825,0.037,0,0.756,0,0.54,1.72925,1.73097,0.862,0.328,0.0,2,0.25,0,0.756,0.399,0.897,0.444,0.372,1,1.72914,8,0.749,0.0,0.389,0.247,0.195,0.855,0.963,1.66118,1.67331,1.704,479881.8964,-14998.9296,1,1.65997,0.682,0.0,0.0,0.0,0.0,0,0.055,1,0,23457,0.78,0.546,0.438,33.0,32.2,0.1027,321.3,0.0,1,1,0.852,1.59509,1,1,0.825,1.54814,0,42.722,0.437,0.563,0.0,1.0,0.5,0.93,0.0,0.5,0.0,0.4,0.671,0.5,0.527,0.0,0.454,0.0,0,0,0.443,0.619,0.0,0.425,0.0,0.291,0.869,0.0,0.541,0.5,0.0,1.0,1.039
70416,2025.03.11 07:02:40,EURAUDm,TREND_CONTINUATION,BUY,1,1.7323,1.72828,1.74067,2.08,0.539,1.72921,1.73081,1.72884,0,0.521,0.226,0.8256,1.7289,1.71846,1.73106,1.70923,0,0.0,0.4,0,1.72921,0.724,0.416,0,0.0,0.0,0.0,1.70169,8.958,0,0,1,1.0,1.0,0.1496,1.0,0.305,2,0.595,1,0.095,1.72958,1.73106,0.715,0.272,0.0,2,0.15,0,0.595,0.334,0.826,0.404,0.279,0,1.72921,8,0.745,0.0,0.268,0.3,0.053,0.813,0.913,1.66118,1.67331,1.704,479881.8964,-14998.9296,1,1.65997,0.682,0.0,0.0,0.0,0.0,0,0.055,1,0,23458,0.78,0.546,0.438,33.0,33.0,0.0985,334.9,0.0,1,1,0.852,1.59509,1,1,0.825,1.54814,0,40.976,0.437,0.563,0.0,1.0,0.5,0.67,0.0,0.5,0.0,0.864,0.37,0.5,0.554,0.0,0.559,0.0,0,0,0.468,0.418,0.0,0.416,0.0,0.261,0.857,0.0,0.536,0.5,0.0,1.0,0.891
70418,2025.03.11 07:12:40,EURAUDm,BREAKOUT,BUY,1,1.73284,1.72994,1.74121,2.89,0.472,1.72921,1.73081,1.72884,0,0.521,0.226,0.9868,1.7289,1.71846,1.73106,1.70923,0,0.0,0.4,0,1.72921,0.724,0.416,0,0.0,0.0,0.0,1.70169,8.958,0,0,1,1.0,1.0,0.1496,1.0,0.159,2,0.595,1,0.095,1.72958,1.73106,0.876,0.434,0.0,2,0.15,0,0.595,0.421,0.987,0.426,0.289,0,1.72921,8,0.745,0.0,0.312,0.3,0.053,0.813,0.913,1.66118,1.67331,1.704,479881.8964,-14998.9296,1,1.65997,0.682,0.0,0.0,0.0,0.0,0,0.055,1,0,23458,0.78,0.546,0.438,33.0,33.0,0.0985,334.9,0.0,1,1,0.852,1.59509,1,1,0.825,1.54814,0,41.137,0.437,0.563,0.0,1.0,0.5,0.99,0.0,0.5,0.0,0.859,0.503,0.5,0.531,0.0,0.563,0.0,0,0,0.386,0.384,0.0,0.238,0.0,0.261,0.857,0.0,0.536,0.5,0.0,1.0,0.891
70420,2025.03.11 08:21:40,EURAUDm,PULLBACK,BUY,2,1.73486,1.73223,1.74468,3.73,0.485,1.72932,1.73209,1.72866,0,0.121,0.282,1.5912,1.71567,1.71741,1.7322,1.70959,0,0.0,0.65,2,1.7317,0.782,0.126,0,0.0,0.0,0.0,1.70169,9.445,0,0,1,1.0,1.0,0.1452,1.0,0.041,2,0.559,3,0.481,1.73196,1.73368,0.785,0.261,0.0,2,0.15,0,0.559,0.706,1.591,0.444,0.381,1,1.7317,8,0.756,0.0,0.348,0.3,0.053,0.971,0.962,1.6615,1.64676,1.70477,899105.1262,419223.2299,2,1.66027,0.695,0.0,0.0,0.0,0.0,0,0.058,1,0,23459,0.78,0.546,0.438,33.0,33.0,0.1008,327.4,0.0,1,1,0.852,1.59509,1,1,0.825,1.54814,0,42.687,0.426,0.574,0.0,0.0,0.5,0.99,0.0,0.5,0.0,0.693,0.56,0.5,0.519,0.0,0.404,0.0,0,0,0.353,0.402,0.0,0.475,0.0,0.613,0.856,0.0,0.524,0.5,0.0,1.0,0.957
70422,2025.03.11 09:00:00,EURAUDm,ANCHORED_PULLBACK,BUY,2,1.73559,1.73428,1.74158,4.56,0.531,1.73222,1.73442,1.73036,0,0.855,0.104,0.9617,1.72894,1.7182,1.73181,1.71004,0,0.0,0.6,0,1.73222,0.723,0.54,0,0.0,0.0,1.73343,1.70169,10.617,0,0,1,1.0,1.0,0.1215,1.0,0.2,2,0.372,0,0.688,1.73205,1.73459,1.015,0.211,0.2012,0,0.15,2,1.0,0.579,1.015,0.57,0.488,1,1.73222,8,0.745,0.0,0.3,1.0,0.19,0.855,0.847,1.6615,1.64676,1.70477,899105.1262,419223.2299,2,1.66027,0.695,0.0,0.0,0.0,0.0,0,0.058,1,0,23460,0.789,0.539,0.437,33.0,33.0,0.1044,316.1,0.0,1,1,0.852,1.59509,1,1,0.825,1.54814,0,44.442,0.426,0.574,0.0,0.0,0.5,0.77,0.0,0.5,0.0,0.693,0.523,0.5,0.436,0.0,0.493,0.0,0,0,0.342,0.253,0.0,0.421,0.0,0.853,0.718,0.0,0.472,0.5,0.0,1.0,0.985
70424,2025.03.11 09:02:40,EURAUDm,TREND_CONTINUATION,BUY,2,1.73462,1.73083,1.74252,2.08,0.567,1.73222,1.73442,1.73036,1,0.855,0.104,0.6549,1.72894,1.7182,1.73181,1.71004,0,0.0,0.6,0,1.73222,0.723,0.54,0,0.0,0.0,1.73343,1.70169,10.617,0,0,1,1.0,1.0,0.1215,1.0,0.199,0,0.672,0,0.688,1.73205,1.73459,0.709,0.096,0.0,2,0.15,0,0.672,0.298,0.709,0.42,0.373,1,1.73222,8,0.745,0.0,0.3,0.3,0.19,0.855,0.847,1.6615,1.64676,1.70477,899105.1262,419223.2299,2,1.66027,0.695,0.0,0.0,0.0,0.0,0,0.058,1,0,23460,0.789,0.539,0.437,33.0,33.0,0.1044,316.1,0.0,1,1,0.852,1.59509,1,1,0.825,1.54814,0,44.135,0.426,0.574,0.0,0.0,0.5,0.23,0.0,0.5,0.0,0.948,0.499,0.5,0.519,0.0,0.446,0.0,0,0,0.335,0.393,0.0,0.238,0.0,0.298,0.763,0.0,0.534,0.5,0.0,1.0,0.85
70426,2025.03.11 09:05:40,EURAUDm,BREAKOUT_RETEST,BUY,2,1.73406,1.73257,1.73679,1.83,0.598,1.73222,1.73442,1.73036,1,0.855,0.104,0.4778,1.72894,1.7182,1.73181,1.71004,0,0.0,0.6,0,1.73222,0.723,0.54,0,0.0,0.0,1.73343,1.70169,10.617,0,0,1,1.0,1.0,0.1215,1.0,0.533,0,0.672,0,0.688,1.73205,1.73459,0.531,0.273,0.0,2,0.15,0,0.672,0.197,0.531,0.37,0.361,1,1.73222,8,0.745,0.0,0.2,0.3,0.19,0.855,0.847,1.6615,1.64676,1.70477,899105.1262,419223.2299,2,1.66027,0.695,0.0,0.0,0.0,0.0,0,0.058,1,0,23460,0.789,0.539,0.437,33.0,33.0,0.1044,316.1,0.0,1,1,0.852,1.59509,1,1,0.825,1.54814,0,43.958,0.426,0.574,0.0,0.0,0.5,0.0,0.0,0.5,0.0,0.716,0.393,0.5,0.531,0.0,0.465,0.0,0,0,0.409,0.451,0.0,0.238,0.0,0.13,0.734,0.0,0.542,0.5,0.0,1.0,0.85
70428,2025.03.11 09:12:40,EURAUDm,BREAKOUT,BUY,2,1.73438,1.73257,1.74228,4.37,0.392,1.73222,1.73442,1.73036,1,0.855,0.104,0.579,1.72894,1.7182,1.73181,1.71004,0,0.0,0.6,0,1.73222,0.723,0.54,0,0.0,0.0,1.73343,1.70169,10.617,0,0,1,1.0,1.0,0.1215,1.0,0.332,0,0.672,0,0.688,1.73205,1.73459,0.633,0.172,0.0,2,0.15,0,0.672,0.253,0.633,0.4,0.368,1,1.73222,8,0.745,0.0,0.26,0.3,0.19,0.855,0.847,1.6615,1.64676,1.70477,899105.1262,419223.2299,2,1.66027,0.695,0.0,0.0,0.0,0.0,0,0.058,1,0,23460,0.789,0.539,0.437,33.0,33.0,0.1044,316.1,0.0,1,1,0.852,1.59509,1,1,0.825,1.54814,0,44.059,0.426,0.574,0.0,0.0,0.5,0.38,0.0,0.5,0.0,0.812,0.354,0.5,0.501,0.0,0.425,0.0,0,0,0.408,0.416,0.0,0.238,0.0,0.236,0.75,0.0,0.534,0.5,0.0,1.0,0.85
70430,2025.03.11 10:25:40,EURAUDm,PULLBACK,BUY,2,1.73296,1.73153,1.74201,6.33,0.571,1.73347,1.73423,1.7315,1,0.008,0.896,-0.2786,1.72894,1.7182,1.73181,1.71004,0,0.0,0.45,0,1.73347,0.689,0.309,0,0.0,0.0,0.0,1.70169,10.624,0,0,1,0.8,1.0,0.1518,1.0,0.801,2,0.614,0,0.554,1.73211,1.73074,0.173,0.625,0.0,2,0.0,0,0.614,0.206,0.625,0.33,0.363,1,1.7315,5,0.6,0.653,0.06,0.3,0.111,0.928,0.927,1.6615,1.64676,1.70477,899105.1262,419223.2299,2,1.66027,0.695,0.0,0.0,0.0,0.0,0,0.058,1,0,23461,0.789,0.539,0.437,33.0,33.0,0.1094,301.7,0.0,1,1,0.852,1.59509,1,1,0.825,1.54814,0,45.696,0.426,0.574,0.0,0.0,0.5,0.43,0.0,0.5,0.0,0.59,0.327,0.5,0.508,0.0,0.36,0.0,0,0,0.4,0.877,0.621,0.503,0.0,0.467,0.65,0.0,0.573,0.5,0.0,1.0,1.006
70432,2025.03.11 10:34:20,EURAUDm,MEAN_REVERSION,BUY,2,1.73249,1.73153,1.7338,1.36,0.562,1.73347,1.73423,1.7315,1,0.008,0.896,-0.4344,1.72894,1.7182,1.73181,1.71004,0,0.0,0.45,0,1.73347,0.689,0.309,0,0.0,0.0,0.0,1.70169,10.624,0,0,1,0.8,1.0,0.1518,1.0,0.922,2,0.614,0,0.554,1.73211,1.73074,0.018,0.469,0.0,2,0.0,0,0.614,0.146,0.469,0.312,0.356,1,1.73347,8,0.738,0.965,0.023,0.3,0.111,0.928,0.927,1.6615,1.64676,1.70477,899105.1262,419223.2299,2,1.66027,0.695,0.0,0.0,0.0,0.0,0,0.058,1,0,23461,0.789,0.539,0.437,33.0,33.0,0.1094,301.7,0.0,1,1,0.852,1.59509,1,1,0.825,1.54814,0,45.54,0.426,0.574,0.0,0.0,0.5,0.14,0.0,0.5,0.0,0.611,0.351,0.5,0.517,0.0,0.398,0.0,0,0,0.403,0.795,0.0,0.374,0.0,0.425,0.65,0.0,0.573,0.5,0.0,1.0,1.006
70434,2025.03.11 11:05:40,EURAUDm,BREAKOUT_RETEST,BUY,2,1.73267,1.73177,1.7337,1.15,0.504,1.73337,1.73414,1.73218,1,0.036,0.545,-0.3455,1.7327,1.7182,1.73181,1.71004,0,0.0,0.45,0,1.73337,0.758,0.753,0,0.0,0.0,0.0,1.70169,10.406,0,0,1,0.8,0.825,0.1474,0.825,0.669,0,0.725,0,0.766,1.73305,1.73131,0.236,0.345,0.0,2,0.25,0,0.725,0.121,0.345,0.35,0.367,1,1.73337,8,0.752,0.527,0.199,0.247,0.241,0.908,0.897,1.6615,1.64676,1.70477,899105.1262,419223.2299,2,1.66027,0.695,0.0,0.0,0.0,0.0,0,0.058,1,0,23462,0.789,0.539,0.437,33.0,33.0,0.1103,299.2,0.0,1,1,0.852,1.59509,1,1,0.825,1.54814,0,45.98,0.426,0.574,0.0,0.0,0.5,0.12,0.0,0.5,0.0,0.755,0.435,0.5,0.534,0.0,0.409,0.0,0,0,0.363,0.855,0.0,0.867,0.0,0.27,0.65,0.0,0.574,0.5,0.0,1.0,1.006
70436,2025.03.11 11:09:20,EURAUDm,TREND_CONTINUATION,BUY,2,1.73348,1.72989,1.74096,2.08,0.478,1.73337,1.73414,1.73218,1,0.036,0.545,-0.0748,1.7327,1.7182,1.73181,1.71004,0,0.0,0.45,0,1.73337,0.758,0.753,0,0.0,0.0,0.0,1.70169,10.406,0,0,1,0.8,0.825,0.1474,0.825,0.934,0,0.725,0,0.766,1.73305,1.73479,0.034,0.547,0.0,2,0.25,0,0.725,0.17,0.547,0.31,0.373,1,1.73218,5,0.6,0.931,0.12,0.247,0.241,0.908,0.857,1.6615,1.64676,1.70477,899105.1262,419223.2299,2,1.66027,0.695,0.0,0.0,0.0,0.0,0,0.058,1,0,23462,0.789,0.539,0.437,33.0,33.0,0.1103,299.2,0.0,1,1,0.852,1.59509,1,1,0.825,1.54814,0,46.251,0.426,0.574,0.0,0.0,0.5,0.76,0.0,0.5,0.0,0.677,0.466,0.5,0.534,0.0,0.375,0.0,0,0,0.33,0.864,0.0,0.351,0.0,0.27,0.65,0.0,0.574,0.5,0.0,1.0,0.924
70438,2025.03.11 11:12:40,EURAUDm,BREAKOUT,BUY,2,1.7339,1.72941,1.74138,1.67,0.332,1.73337,1.73414,1.73218,1,0.036,0.545,0.0656,1.7327,1.7182,1.73181,1.71004,0,0.0,0.45,0,1.73337,0.758,0.753,0,0.0,0.0,0.0,1.70169,10.406,0,0,1,0.8,0.825,0.1474,0.825,0.808,0,0.725,0,0.766,1.73305,1.73479,0.175,0.407,0.0,2,0.25,0,0.725,0.134,0.407,0.329,0.369,1,1.73218,5,0.6,0.651,0.157,0.247,0.241,0.908,0.857,1.6615,1.64676,1.70477,899105.1262,419223.2299,2,1.66027,0.695,0.0,0.0,0.0,0.0,0,0.058,1,0,23462,0.789,0.539,0.437,33.0,33.0,0.1103,299.2,0.0,1,1,0.852,1.59509,1,1,0.825,1.54814,0,46.392,0.426,0.574,0.0,0.0,0.5,0.99,0.0,0.5,0.0,0.606,0.537,0.5,0.505,0.0,0.419,0.0,0,0,0.341,0.72,0.0,0.351,0.0,0.225,0.65,0.0,0.574,0.5,0.0,1.0,0.924
70440,2025.03.11 12:35:40,EURAUDm,PULLBACK,BUY,2,1.73374,1.72907,1.74309,2.0,0.552,1.73328,1.73431,1.73262,1,0.004,0.427,0.0424,1.7327,1.7182,1.73181,1.71004,0,0.0,0.45,0,1.73328,0.739,0.597,0,0.0,0.0,0.0,1.70169,10.199,0,0,1,0.8,0.825,0.1639,0.825,0.996,0,0.734,0,0.571,1.73318,1.73196,0.073,0.465,0.0,2,0.25,0,0.734,0.14,0.465,0.301,0.352,1,0.0,0,0.0,0.855,0.101,0.247,0.202,0.949,0.927,1.66189,1.64693,1.70472,937098.3436,37993.2173,2,1.66064,0.713,0.0,0.0,0.0,0.0,0,0.064,1,0,23463,0.789,0.539,0.437,33.0,33.0,0.1059,311.6,0.0,1,1,0.852,1.59509,1,1,0.825,1.54814,0,44.49,0.421,0.579,0.0,0.0,0.5,0.91,0.0,0.5,0.0,0.474,0.533,0.5,0.511,0.0,0.436,0.0,0,0,0.347,0.72,0.0,0.35,0.0,0.193,0.65,0.0,0.57,0.5,0.0,1.0,0.924
70442,2025.03.11 13:00:00,EURAUDm,ANCHORED_PULLBACK,BUY,4,1.73572,1.73486,1.74157,6.79,0.465,1.73347,1.73432,1.73262,0,0.561,0.011,0.6215,1.73289,1.71821,1.73182,1.71004,0,0.0,0.45,0,1.73347,0.695,0.751,0,0.0,0.0,1.73469,1.70169,10.912,0,0,1,1.0,1.0,0.1896,1.0,0.047,0,0.717,0,0.693,1.73338,1.73517,0.652,0.072,0.0015,2,0.15,0,0.717,0.289,0.652,0.443,0.396,1,1.73347,8,0.739,0.0,0.346,0.3,0.191,0.948,0.922,1.66189,1.64693,1.70472,937098.3436,37993.2173,2,1.66064,0.713,0.0,0.0,0.0,0.0,0,0.064,1,0,23464,0.789,0.539,0.437,33.0,33.0,0.1069,308.8,0.0,1,1,0.852,1.59509,1,1,0.825,1.54814,0,45.543,0.421,0.579,0.0,0.0,0.5,0.97,0.0,0.5,0.0,1.0,0.664,0.5,0.541,0.0,0.427,0.0,0,0,0.432,0.415,0.007,0.57,0.0,0.249,0.862,0.0,0.545,0.5,0.0,1.0,0.891
70444,2025.03.11 13:09:20,EURAUDm,TREND_CONTINUATION,BUY,4,1.73565,1.73194,1.74337,2.08,0.576,1.73347,1.73432,1.73262,0,0.561,0.011,0.5989,1.73289,1.71821,1.73182,1.71004,0,0.0,0.45,0,1.73347,0.695,0.751,0,0.0,0.0,1.73469,1.70169,10.912,0,0,1,1.0,1.0,0.1896,1.0,0.047,0,0.754,0,0.693,1.73338,1.73517,0.629,0.049,0.0,2,0.15,0,0.754,0.279,0.629,0.443,0.404,1,1.73347,8,0.739,0.0,0.346,0.3,0.191,0.948,0.922,1.66189,1.64693,1.70472,937098.3436,37993.2173,2,1.66064,0.713,0.0,0.0,0.0,0.0,0,0.064,1,0,23464,0.789,0.539,0.437,33.0,33.0,0.1069,308.8,0.0,1,1,0.852,1.59509,1,1,0.825,1.54814,0,45.52,0.421,0.579,0.0,0.0,0.5,0.7,0.0,0.5,0.0,0.997,0.599,0.5,0.541,0.0,0.415,0.0,0,0,0.387,0.421,0.007,0.57,0.0,0.263,0.863,0.0,0.545,0.5,0.0,1.0,0.891
70446,2025.03.11 13:12:40,EURAUDm,BREAKOUT,BUY,4,1.7355,1.73368,1.74322,4.24,0.5,1.73347,1.73432,1.73262,0,0.561,0.011,0.5503,1.73289,1.71821,1.73182,1.71004,0,0.0,0.45,0,1.73347,0.695,0.751,0,0.0,0.0,1.73469,1.70169,10.912,0,0,1,1.0,1.0,0.1896,1.0,0.073,0,0.754,0,0.693,1.73338,1.73517,0.581,0.001,0.0,2,0.15,0,0.754,0.255,0.581,0.439,0.401,1,1.73347,8,0.739,0.0,0.338,0.3,0.191,0.948,0.922,1.66189,1.64693,1.70472,937098.3436,37993.2173,2,1.66064,0.713,0.0,0.0,0.0,0.0,0,0.064,1,0,23464,0.789,0.539,0.437,33.0,33.0,0.1069,308.8,0.0,1,1,0.852,1.59509,1,1,0.825,1.54814,0,45.472,0.421,0.579,0.0,0.0,0.5,0.43,0.0,0.5,0.0,0.949,0.573,0.5,0.547,0.0,0.441,0.0,0,0,0.385,0.426,0.0,0.57,0.0,0.263,0.863,0.0,0.545,0.5,0.0,1.0,0.891
70448,2025.03.11 13:51:40,EURAUDm,BREAKOUT_RETEST,BUY,4,1.73434,1.73341,1.7355,1.25,0.606,1.73347,1.73432,1.73262,1,0.561,0.011,0.1746,1.73289,1.71821,1.73182,1.71004,0,0.0,0.45,0,1.73347,0.695,0.751,0,0.0,0.0,1.73469,1.70169,10.912,0,0,1,1.0,1.0,0.1896,1.0,0.701,0,0.754,0,0.693,1.73338,1.73517,0.205,0.375,0.0,2,0.15,0,0.754,0.129,0.375,0.345,0.386,1,1.73262,5,0.6,0.59,0.15,0.3,0.191,0.948,0.922,1.66189,1.64693,1.70472,937098.3436,37993.2173,2,1.66064,0.713,0.0,0.0,0.0,0.0,0,0.064,1,0,23464,0.789,0.539,0.437,33.0,33.0,0.1069,308.8,0.0,1,1,0.852,1.59509,1,1,0.825,1.54814,0,45.096,0.421,0.579,0.0,0.0,0.5,0.0,0.0,0.5,0.0,0.419,0.293,0.5,0.523,0.0,0.471,0.0,0,0,0.47,0.631,0.782,0.385,0.0,0.258,0.461,0.0,0.567,0.5,0.0,1.0,0.9
70450,2025.03.11 14:35:40,EURAUDm,PULLBACK,BUY,4,1.73895,1.73643,1.74823,3.68,0.459,1.73339,1.73483,1.73221,0,0.327,0.606,1.6918,1.73214,1.7171,1.73315,1.71237,0,0.0,0.5,0,1.73339,0.753,0.351,0,0.0,0.0,1.73641,1.70169,10.656,0,0,1,1.0,0.825,0.1693,0.825,0.104,0,0.739,1,0.025,1.73325,1.73667,1.734,0.631,0.0,2,0.25,0,0.739,0.753,1.734,0.434,0.341,0,1.73339,8,0.751,0.0,0.369,0.247,0.088,0.819,0.861,1.66189,1.64693,1.70472,937098.3436,37993.2173,2,1.66064,0.713,0.0,0.0,0.0,0.0,0,0.064,1,0,23465,0.789,0.539,0.437,33.0,33.0,0.1067,309.4,0.0,1,1,0.852,1.59509,1,1,0.825,1.54814,0,46.503,0.421,0.579,0.0,0.0,0.5,0.99,0.0,0.5,0.0,0.345,0.532,0.5,0.474,0.0,0.477,0.0,0,0,0.353,0.566,0.0,0.096,0.0,0.395,0.868,0.0,0.544,0.5,0.0,1.0,1.039
70452,2025.03.11 15:00:00,EURAUDm,ANCHORED_PULLBACK,BUY,4,1.74188,1.74097,1.74844,7.18,0.657,1.73319,1.73677,1.73247,0,1.734,0.069,2.4272,1.73269,1.71717,1.73307,1.71187,0,0.0,0.45,2,1.73319,0.721,0.408,0,0.0,0.0,1.74034,1.70169,11.564,0,0,1,1.0,1.0,0.1593,1.0,0.032,2,0.494,1,0.168,1.73534,1.74131,1.803,0.069,0.4866,0,0.15,2,1.0,1.445,2.427,0.595,0.521,2,1.73319,8,0.744,0.0,0.351,1.0,0.053,0.827,0.962,1.66189,1.64693,1.70472,937098.3436,37993.2173,2,1.66064,0.713,0.0,0.0,0.0,0.0,0,0.064,1,0,23466,0.789,0.539,0.437,33.0,33.0,0.0958,344.6,0.0,1,1,0.852,1.59509,1,1,0.825,1.54814,0,42.592,0.421,0.579,0.0,0.0,0.5,0.98,0.0,0.5,0.0,0.787,0.675,0.5,0.471,0.0,0.611,0.0,0,0,0.491,0.226,0.0,0.18,0.0,1.0,0.745,0.0,0.472,0.478,0.0,1.0,1.001
70454,2025.03.11 15:09:20,EURAUDm,TREND_CONTINUATION,BUY,4,1.74027,1.73556,1.74889,1.83,0.554,1.73319,1.73677,1.73247,0,1.734,0.069,1.96,1.73269,1.71717,1.73307,1.71187,0,0.0,0.45,2,1.73319,0.721,0.408,0,0.0,0.0,1.74034,1.70169,11.564,0,0,1,1.0,1.0,0.1593,1.0,0.192,2,0.529,1,0.168,1.73534,1.73868,1.336,0.365,0.0,2,0.15,0,0.529,0.826,1.96,0.421,0.331,0,1.73319,8,0.744,0.0,0.303,0.3,0.053,0.827,0.885,1.66189,1.64693,1.70472,937098.3436,37993.2173,2,1.66064,0.713,0.0,0.0,0.0,0.0,0,0.064,1,0,23466,0.789,0.539,0.437,33.0,33.0,0.0958,344.6,0.0,1,1,0.852,1.59509,1,1,0.825,1.54814,0,42.125,0.421,0.579,0.0,0.0,0.5,0.05,0.0,0.5,0.0,1.0,0.465,0.5,0.429,0.0,0.461,0.0,0,0,0.334,0.294,0.0,0.428,0.0,0.574,0.436,0.0,0.534,0.478,0.0,1.0,0.906
70456,2025.03.11 15:15:40,EURAUDm,BREAKOUT,BUY,4,1.73829,1.73556,1.74164,1.23,0.476,1.73319,1.73677,1.73247,0,1.734,0.069,1.3855,1.73269,1.71717,1.73307,1.71187,0,0.0,0.45,2,1.73319,0.721,0.408,0,0.0,0.0,1.74034,1.70169,11.564,0,0,1,1.0,1.0,0.1593,1.0,0.197,2,0.529,1,0.168,1.73534,1.73868,0.761,0.209,0.0,2,0.15,0,0.529,0.583,1.385,0.42,0.302,0,1.73534,2,0.55,0.0,0.301,0.3,0.053,0.827,0.885,1.66189,1.64693,1.70472,937098.3436,37993.2173,2,1.66064,0.713,0.0,0.0,0.0,0.0,0,0.064,1,0,23466,0.789,0.539,0.437,33.0,33.0,0.0958,344.6,0.0,1,1,0.852,1.59509,1,1,0.825,1.54814,0,41.55,0.421,0.579,0.0,0.0,0.5,0.0,0.0,0.5,0.0,0.708,0.337,0.5,0.449,0.0,0.494,0.0,0,0,0.43,0.179,0.0,0.143,0.0,0.574,0.855,0.0,0.534,0.478,0.0,1.0,0.906
70458,2025.03.11 16:02:40,EURAUDm,BREAKOUT_RETEST,BUY,4,1.73805,1.737,1.74109,2.89,0.585,1.73714,1.73835,1.73352,1,0.283,0.266,0.1645,1.73311,1.71725,1.73321,1.71192,0,0.0,0.5,0,1.73714,0.777,0.64,0,0.0,0.0,1.7372,1.70169,10.503,0,0,1,1.0,1.0,0.1691,1.0,0.892,2,0.561,0,0.602,1.73714,1.73932,0.165,0.454,0.0,2,0.15,0,0.561,0.143,0.454,0.316,0.318,0,1.73352,5,0.6,0.671,0.092,0.3,0.173,0.864,0.789,1.66089,1.64764,1.70437,910772.5605,-26325.7831,1,1.66009,0.703,0.0,0.0,0.0,0.0,0,0.067,1,0,23467,0.789,0.539,0.437,33.0,33.0,0.0939,351.6,0.0,1,1,0.852,1.59509,1,1,0.825,1.54814,0,40.663,0.442,0.558,0.0,1.0,0.5,0.65,0.0,0.5,0.0,1.0,0.51,0.5,0.489,0.0,0.338,0.0,0,0,0.288,0.651,0.0,0.342,0.0,0.476,0.65,0.0,0.557,0.478,0.0,1.0,0.981
70460,2025.03.11 16:37:40,EURAUDm,PULLBACK,BUY,4,1.73814,1.73287,1.74869,2.0,0.619,1.73714,1.73835,1.73352,1,0.283,0.266,0.1901,1.73311,1.71725,1.73321,1.71192,0,0.0,0.5,0,1.73714,0.777,0.64,0,0.0,0.0,1.7372,1.70169,10.503,0,0,1,1.0,1.0,0.1691,1.0,0.892,2,0.561,0,0.602,1.73714,1.73932,0.19,0.428,0.0,2,0.15,0,0.561,0.135,0.428,0.316,0.317,0,1.73352,5,0.6,0.62,0.092,0.3,0.173,0.864,0.789,1.66089,1.64764,1.70437,910772.5605,-26325.7831,1,1.66009,0.703,0.0,0.0,0.0,0.0,0,0.067,1,0,23467,0.789,0.539,0.437,33.0,33.0,0.0939,351.6,0.0,1,1,0.852,1.59509,1,1,0.825,1.54814,0,40.689,0.442,0.558,0.0,1.0,0.5,0.9,0.0,0.5,0.0,1.0,0.442,0.5,0.561,0.0,0.375,0.0,0,0,0.353,0.651,0.0,0.342,0.0,0.595,0.65,0.0,0.557,0.478,0.0,1.0,0.981
70462,2025.03.11 17:12:40,EURAUDm,TREND_CONTINUATION,BUY,3,1.74039,1.73638,1.74875,2.08,0.544,1.73747,1.73859,1.73501,0,0.027,0.91,0.7729,1.73256,1.71725,1.73321,1.71192,0,0.0,0.4,0,1.73747,0.748,0.384,0,0.0,0.0,0.0,1.70169,10.989,0,0,1,1.0,0.825,0.1745,0.825,0.268,0,0.652,0,0.693,1.7377,1.74151,0.706,0.432,0.0,2,0.25,0,0.652,0.317,0.773,0.41,0.357,1,1.73747,8,0.75,0.0,0.32,0.247,0.226,0.865,0.908,1.66089,1.64764,1.70437,910772.5605,-26325.7831,1,1.66009,0.703,0.0,0.0,0.0,0.0,0,0.067,1,0,23468,0.789,0.539,0.437,33.0,33.0,0.0986,334.6,0.0,1,1,0.852,1.59509,1,1,0.825,1.54814,0,43.429,0.442,0.558,0.0,1.0,0.5,0.99,0.0,0.5,0.0,0.684,0.626,0.5,0.514,0.0,0.28,0.0,0,0,0.342,0.637,0.0,0.39,0.0,0.579,0.865,0.0,0.537,0.478,0.0,1.0,1.055
70464,2025.03.11 17:15:40,EURAUDm,BREAKOUT,BUY,3,1.7398,1.73837,1.74184,1.42,0.488,1.73747,1.73859,1.73501,0,0.027,0.91,0.5966,1.73256,1.71725,1.73321,1.71192,0,0.0,0.4,0,1.73747,0.748,0.384,0,0.0,0.0,0.0,1.70169,10.989,0,0,1,1.0,0.825,0.1745,0.825,0.136,0,0.652,0,0.693,1.7377,1.74151,0.53,0.609,0.0,2,0.25,0,0.652,0.261,0.609,0.43,0.351,1,1.73747,8,0.75,0.0,0.359,0.247,0.226,0.865,0.908,1.66089,1.64764,1.70437,910772.5605,-26325.7831,1,1.66009,0.703,0.0,0.0,0.0,0.0,0,0.067,1,0,23468,0.789,0.539,0.437,33.0,33.0,0.0986,334.6,0.0,1,1,0.852,1.59509,1,1,0.825,1.54814,0,43.252,0.442,0.558,0.0,1.0,0.5,0.33,0.0,0.5,0.0,0.825,0.649,0.5,0.533,0.0,0.263,0.0,0,0,0.355,0.607,0.0,0.39,0.0,0.579,0.865,0.0,0.537,0.478,0.0,1.0,1.055
70466,2025.03.11 18:02:40,EURAUDm,BREAKOUT_RETEST,BUY,3,1.73945,1.73837,1.74184,2.21,0.623,1.73747,1.73994,1.7368,1,0.236,1.456,0.4981,1.73256,1.71821,1.73355,1.71309,0,0.0,0.35,0,1.73747,0.748,0.62,0,0.0,0.0,0.0,1.70169,11.335,0,0,1,1.0,1.0,0.1947,1.0,0.438,2,0.578,0,0.917,1.7377,1.73389,0.43,1.583,0.0,2,0.0,0,0.578,0.608,1.583,0.384,0.442,1,1.73747,8,0.75,0.139,0.169,0.3,0.183,0.894,0.985,1.66089,1.64764,1.70437,910772.5605,-26325.7831,1,1.66009,0.703,0.0,0.0,0.0,0.0,0,0.067,1,0,23469,0.789,0.539,0.437,33.0,33.0,0.0999,330.4,0.0,1,1,0.852,1.59509,1,1,0.825,1.54814,0,43.689,0.442,0.558,0.0,1.0,0.5,0.8,0.0,0.5,0.0,0.6,0.462,0.5,0.52,0.0,0.285,0.0,0,0,0.293,0.67,0.0,0.238,0.0,0.452,0.712,0.0,0.541,0.478,0.0,1.0,0.972
70468,2025.03.11 18:54:40,EURAUDm,PULLBACK,BUY,3,1.73277,1.72781,1.7378,1.02,0.504,1.73747,1.73994,1.7368,0,0.236,1.456,-1.5235,1.73256,1.71821,1.73355,1.71309,1,0.0,0.35,0,1.73747,0.748,0.62,0,0.0,0.0,0.0,1.70169,11.335,0,0,1,1.0,1.0,0.1947,1.0,0.014,2,0.578,0,0.917,1.7377,1.73389,1.591,0.439,0.0,2,0.0,0,0.578,0.713,1.591,0.448,0.454,1,1.73747,8,0.75,0.0,0.296,0.3,0.183,0.894,0.985,1.66089,1.64764,1.70437,910772.5605,-26325.7831,1,1.66009,0.703,0.0,0.0,0.0,0.0,0,0.067,1,0,23469,0.789,0.539,0.437,33.0,33.0,0.0999,330.4,0.0,1,1,0.852,1.59509,1,1,0.825,1.54814,0,41.667,0.442,0.558,0.0,1.0,0.5,0.0,0.0,0.5,0.0,0.295,0.22,0.5,0.521,0.0,0.445,0.0,0,0,0.502,0.603,0.0,0.44,0.0,0.458,0.38,0.0,0.532,0.5,0.0,1.0,0.971
70469,2025.03.11 19:00:00,EURAUDm,MEAN_REVERSION,BUY,3,1.73332,1.73037,1.73761,1.45,0.523,1.73728,1.73982,1.73705,0,1.162,0.288,-1.1616,1.73296,1.71821,1.73355,1.71309,1,0.0,0.3,0,1.73728,0.758,0.643,0,0.0,0.0,1.73737,1.70169,8.473,0,0,0,1.0,1.0,0.211,1.0,0.204,2,0.529,2,0.404,1.73797,1.73475,1.349,0.475,0.0,2,0.15,0,0.529,0.566,1.349,0.419,0.336,0,1.73728,8,0.752,0.0,0.299,0.3,0.053,0.877,0.952,1.66089,1.64764,1.70437,910772.5605,-26325.7831,1,1.66009,0.703,0.0,0.0,0.0,0.0,0,0.067,1,0,23470,0.807,0.537,0.435,33.0,33.0,0.0893,369.4,0.0,1,1,0.852,1.59509,1,1,0.825,1.54814,0,37.424,0.442,0.558,0.0,1.0,0.5,0.39,0.0,0.5,0.0,0.449,0.326,0.5,0.546,0.0,0.493,0.0,0,0,0.466,0.333,0.0,0.605,0.0,0.415,0.384,0.0,0.532,0.5,0.0,1.0,0.833
70472,2025.03.11 19:12:40,EURAUDm,TREND_CONTINUATION,BUY,3,1.73261,1.72818,1.73761,1.13,0.559,1.73728,1.73982,1.73705,0,1.162,0.288,-1.3538,1.73296,1.71821,1.73355,1.71309,1,0.0,0.3,0,1.73728,0.758,0.643,0,0.0,0.0,1.73737,1.70169,8.473,0,0,0,1.0,1.0,0.211,1.0,0.154,2,0.529,2,0.404,1.73797,1.73475,1.541,0.667,0.0,2,0.15,0,0.529,0.658,1.541,0.427,0.347,0,1.73728,8,0.752,0.0,0.314,0.3,0.053,0.877,0.952,1.66089,1.64764,1.70437,910772.5605,-26325.7831,1,1.66009,0.703,0.0,0.0,0.0,0.0,0,0.067,1,0,23470,0.807,0.537,0.435,33.0,33.0,0.0893,369.4,0.0,1,1,0.852,1.59509,1,1,0.825,1.54814,0,37.232,0.442,0.558,0.0,1.0,0.5,0.02,0.0,0.5,0.0,0.448,0.307,0.5,0.433,0.0,0.429,0.0,0,0,0.417,0.323,0.0,0.528,0.0,0.417,0.379,0.0,0.537,0.5,0.0,1.0,0.833
70474,2025.03.11 19:27:40,EURAUDm,SWEEP_REVERSAL,BUY,3,1.73311,1.72942,1.73761,1.22,0.143,1.73728,1.73982,1.73705,0,1.162,0.288,-1.2185,1.73296,1.71821,1.73355,1.71309,1,0.0,0.3,0,1.73728,0.758,0.643,0,0.0,0.0,1.73737,1.70169,8.473,0,0,0,1.0,1.0,0.211,1.0,0.154,2,0.529,2,0.404,1.73797,1.73475,1.406,0.532,0.0,2,0.15,0,0.529,0.6,1.406,0.427,0.34,0,1.73728,8,0.752,0.0,0.314,0.3,0.053,0.877,0.952,1.66089,1.64764,1.70437,910772.5605,-26325.7831,1,1.66009,0.703,0.0,0.0,0.0,0.0,0,0.067,1,0,23470,0.807,0.537,0.435,33.0,33.0,0.0893,369.4,0.0,1,1,0.852,1.59509,1,1,0.825,1.54814,0,37.368,0.442,0.558,0.0,1.0,0.5,0.38,0.0,0.5,0.0,0.729,0.475,0.5,0.525,0.0,0.433,0.0,0,0,0.346,0.323,0.0,0.605,0.0,0.426,0.382,0.0,0.537,0.5,0.0,1.0,0.833
70476,2025.03.11 21:00:00,EURAUDm,BREAKOUT_RETEST,BUY,3,1.73409,1.73305,1.7427,8.25,0.603,1.73324,1.73862,1.73216,1,0.004,0.368,0.0036,1.73395,1.71821,1.73355,1.71309,1,0.0,0.75,2,1.73281,0.689,0.218,0,0.0,0.0,0.0,1.70169,9.075,0,0,0,1.0,1.0,0.0719,1.0,1.0,2,0.478,3,1.0,1.73324,1.73496,0.004,0.492,0.0,2,0.0,0,0.478,0.148,0.492,0.3,0.375,1,1.73216,5,0.6,0.993,0.0,0.3,0.0,0.907,0.953,1.66089,1.64764,1.70513,909059.1823,-1713.3782,1,1.66009,0.703,0.0,0.0,0.0,0.0,0,0.088,1,0,23472,0.807,0.537,0.435,84.0,34.2,0.2416,347.7,0.0,1,1,0.852,1.59509,1,1,0.825,1.54814,0,39.975,0.436,0.564,0.0,1.0,0.5,0.0,0.0,0.5,0.0,1.0,0.505,0.5,0.565,0.0,0.227,0.0,0,0,0.263,0.818,0.0,0.426,0.0,0.629,0.502,0.0,0.569,0.5,0.0,1.0,0.787
70477,2025.03.11 21:00:20,EURAUDm,MEAN_REVERSION,BUY,3,1.73409,1.73131,1.73931,1.88,0.514,1.73324,1.73862,1.73216,1,0.004,0.368,0.0036,1.73395,1.71821,1.73355,1.71309,1,0.0,0.75,2,1.73281,0.689,0.218,0,0.0,0.0,0.0,1.70169,9.075,0,0,0,1.0,1.0,0.0719,1.0,1.0,2,0.478,3,1.0,1.73324,1.73496,0.004,0.492,0.0,2,0.0,0,0.478,0.148,0.492,0.3,0.375,1,1.73216,5,0.6,0.993,0.0,0.3,0.0,0.907,0.953,1.66089,1.64764,1.70513,909059.1823,-1713.3782,1,1.66009,0.703,0.0,0.0,0.0,0.0,0,0.088,1,0,23472,0.807,0.537,0.435,84.0,34.7,0.2416,347.7,0.0,1,1,0.852,1.59509,1,1,0.825,1.54814,0,39.975,0.436,0.564,0.0,1.0,0.5,0.0,0.0,0.5,0.0,1.0,0.505,0.5,0.565,0.0,0.227,0.0,0,0,0.263,0.818,0.0,0.426,0.0,0.629,0.502,0.0,0.569,0.5,0.0,1.0,0.787
70478,2025.03.11 21:00:40,EURAUDm,PULLBACK,BUY,3,1.73403,1.72881,1.73947,1.04,0.634,1.73324,1.73862,1.73216,1,0.004,0.368,-0.0137,1.73395,1.71821,1.73355,1.71309,1,0.0,0.75,2,1.73281,0.689,0.218,0,0.0,0.0,0.0,1.70169,9.075,0,0,0,1.0,1.0,0.0719,1.0,1.0,2,0.478,3,1.0,1.73324,1.73496,0.014,0.509,0.0,2,0.0,0,0.478,0.153,0.509,0.3,0.376,1,1.73862,4,0.6,0.973,0.0,0.3,0.0,0.907,0.953,1.66089,1.64764,1.70513,909059.1823,-1713.3782,1,1.66009,0.703,0.0,0.0,0.0,0.0,0,0.088,1,0,23472,0.807,0.537,0.435,84.0,35.7,0.2416,347.7,0.0,1,1,0.852,1.59509,1,1,0.825,1.54814,0,39.958,0.436,0.564,0.0,1.0,0.5,0.0,0.0,0.5,0.0,1.0,0.501,0.5,0.565,0.0,0.227,0.0,0,0,0.261,0.818,0.0,0.545,0.0,0.629,0.501,0.0,0.569,0.5,0.0,1.0,0.787
70482,2025.03.11 21:13:00,EURAUDm,TREND_CONTINUATION,BUY,3,1.73486,1.73069,1.74127,1.54,0.573,1.73324,1.73862,1.73216,1,0.004,0.368,-0.2926,1.73395,1.71821,1.73355,1.71309,1,0.0,0.75,2,1.73281,0.689,0.218,0,0.0,0.0,0.0,1.70169,9.075,0,0,0,1.0,1.0,0.0719,1.0,0.327,2,0.478,3,1.0,1.73324,1.73496,0.293,0.788,0.0,2,0.0,0,0.478,0.316,0.788,0.401,0.395,1,1.73862,4,0.6,0.415,0.202,0.3,0.0,0.907,0.953,1.66089,1.64764,1.70513,909059.1823,-1713.3782,1,1.66009,0.703,0.0,0.0,0.0,0.0,0,0.088,1,0,23472,0.807,0.537,0.435,264.0,132.9,0.7592,347.7,0.0,1,1,0.852,1.59509,1,1,0.825,1.54814,0,40.197,0.436,0.564,0.0,1.0,0.5,0.0,0.0,0.5,0.0,1.0,0.184,0.5,0.56,0.0,0.166,0.0,0,0,0.424,0.748,0.0,0.792,0.0,0.233,0.476,0.0,0.54,0.5,0.0,1.0,0.817
70484,2025.03.11 22:46:40,EURAUDm,SWEEP_REVERSAL,BUY,1,1.73395,1.73052,1.73669,0.8,0.106,1.73334,1.73436,1.73152,0,0.218,0.926,-0.8012,1.73309,1.71872,1.73173,1.71172,1,0.0,0.35,0,1.73334,0.651,0.578,0,0.0,0.0,0.0,1.70169,8.785,0,0,1,0.116,0.0,-0.0082,0.176,0.157,0,0.86,1,0.361,1.73314,1.73496,0.742,1.274,0.0,2,0.0,0,0.86,0.543,1.274,0.426,0.424,1,1.73334,8,0.73,0.0,0.253,0.0,0.0,0.802,0.949,1.66089,1.64764,1.70513,909059.1823,-1713.3782,1,1.66009,0.703,0.0,0.0,0.0,0.0,0,0.088,1,0,23473,0.807,0.537,0.435,335.0,182.2,0.9779,342.6,0.0,1,1,0.852,1.59509,1,1,0.825,1.54814,0,40.535,0.436,0.564,0.0,1.0,0.5,0.0,0.0,0.5,0.0,0.288,0.543,0.5,0.533,0.0,0.405,0.0,0,0,0.348,0.797,0.0,0.814,0.0,0.38,0.448,0.0,0.549,0.5,0.0,1.0,0.849
70486,2025.03.12 04:15:59,EURAUDm,MEAN_REVERSION,BUY,1,1.73352,1.73114,1.73798,1.88,0.637,1.73316,1.73383,1.73298,1,0.102,0.143,0.0102,1.73291,1.71737,1.7323,1.71344,0,0.0,0.35,0,1.73316,0.797,0.7,0,0.0,0.0,0.0,1.70169,10.853,0,0,1,1.0,-0.685,-0.1124,0.685,1.0,0,0.696,0,0.645,1.73328,1.73243,0.031,0.255,0.0,2,0.15,0,0.696,0.45,1.5,0.3,0.4,1,0.0,0,0.0,0.939,0.06,0.206,0.182,0.926,0.975,1.66089,1.64764,1.70365,937379.5721,72281.1165,2,1.66009,0.698,0.0,0.0,0.0,0.0,0,0.098,1,0,23479,0.807,0.537,0.435,33.0,31.4,0.111,297.2,0.0,1,1,0.852,1.59509,1,1,0.825,1.54814,0,46.576,0.421,0.579,0.0,0.0,0.5,0.12,0.0,0.5,0.0,0.568,0.555,0.5,0.537,0.0,0.385,0.0,0,0,0.348,0.612,0.0,0.816,0.0,0.113,0.65,0.0,0.585,0.5,0.0,1.0,0.659
70488,2025.03.12 08:00:00,EURAUDm,BREAKOUT_RETEST,BUY,2,1.73391,1.73324,1.73524,2.0,0.48,1.73295,1.73408,1.73242,1,0.147,0.533,0.2831,1.73327,1.73309,1.73544,1.71659,1,0.0,0.55,0,1.73295,0.689,0.324,0,0.0,0.0,1.73271,1.70169,14.363,0,0,0,0.231,0.4664,0.0227,0.466,0.573,0,0.718,0,0.547,1.73303,1.73484,0.249,0.567,0.1462,0,0.0,2,0.918,0.292,0.567,0.514,0.452,1,1.73242,5,0.6,0.502,0.128,0.84,0.109,0.957,0.88,1.66089,1.64764,1.70391,980629.5121,43249.94,2,1.66009,0.696,0.0,0.0,0.0,0.0,0,0.104,1,0,23483,0.8,0.536,0.431,33.0,33.0,0.1486,222.0,0.0,1,1,0.852,1.59509,1,1,0.825,1.54814,0,62.532,0.423,0.577,0.0,0.0,0.5,0.96,0.0,0.5,0.0,0.291,0.544,0.5,0.513,0.0,0.584,0.0,0,0,0.414,0.921,0.0,0.701,0.0,0.507,0.542,0.0,0.505,0.5,0.0,1.0,0.92
70490,2025.03.12 08:05:20,EURAUDm,ANCHORED_PULLBACK,BUY,2,1.73434,1.7322,1.73858,1.98,0.209,1.73295,1.73408,1.73242,0,0.147,0.533,0.5354,1.73327,1.73309,1.73544,1.71659,1,0.0,0.55,0,1.73295,0.689,0.324,0,0.0,0.0,1.73271,1.70169,14.363,0,0,0,0.231,0.4664,0.0227,0.466,0.539,0,0.753,0,0.547,1.73303,1.73484,0.501,0.315,0.0,2,0.0,0,0.753,0.198,0.535,0.369,0.4,1,1.73295,8,0.738,0.0,0.138,0.14,0.109,0.957,0.88,1.66089,1.64764,1.70391,980629.5121,43249.94,2,1.66009,0.696,0.0,0.0,0.0,0.0,0,0.104,1,0,23483,0.8,0.536,0.431,20.0,31.8,0.0901,222.0,0.0,1,1,0.852,1.59509,1,1,0.825,1.54814,0,62.725,0.423,0.577,0.0,0.0,0.5,0.95,0.0,0.5,0.0,0.25,0.672,0.5,0.487,0.0,0.471,0.0,0,0,0.438,0.906,0.0,0.576,0.0,0.359,0.744,0.0,0.576,0.5,0.0,1.0,0.908
70492,2025.03.12 09:01:59,EURAUDm,MEAN_REVERSION,BUY,2,1.7337,1.73219,1.73502,0.87,0.687,1.73386,1.73469,1.73303,1,0.046,0.525,-0.2576,1.73327,1.73309,1.73544,1.71659,1,0.0,0.55,0,1.73386,0.749,0.9,0,0.0,0.0,1.73391,1.70169,16.952,0,0,0,0.402,0.6221,0.0378,0.622,0.633,0,0.802,0,0.483,1.73393,1.7322,0.298,0.62,0.0,2,0.0,0,0.802,0.22,0.62,0.355,0.406,1,1.73469,4,0.6,0.405,0.11,0.187,0.097,0.955,0.753,1.66089,1.64764,1.70391,980629.5121,43249.94,2,1.66009,0.696,0.0,0.0,0.0,0.0,0,0.104,1,0,23484,0.8,0.536,0.431,33.0,32.2,0.1744,189.2,0.0,1,1,0.852,1.59509,1,1,0.825,1.54814,0,73.256,0.423,0.577,0.0,0.0,0.5,0.23,0.0,0.5,0.0,0.38,0.334,0.5,0.492,0.0,0.428,0.0,0,0,0.419,0.809,0.0,0.88,0.0,0.267,0.459,0.0,0.59,0.5,0.0,1.0,0.836
70494,2025.03.12 09:45:40,EURAUDm,BREAKOUT,BUY,2,1.73599,1.734,1.74072,2.38,0.325,1.73386,1.73469,1.73303,0,0.046,0.525,0.9526,1.73327,1.73309,1.73544,1.71659,0,0.0,0.55,0,1.73386,0.749,0.9,0,0.0,0.0,1.73391,1.70169,16.952,0,0,0,0.402,0.6221,0.0378,0.622,0.072,0,0.802,0,0.483,1.73439,1.73484,0.673,0.434,0.0,2,0.0,0,0.802,0.418,0.953,0.439,0.417,1,1.73386,8,0.75,0.0,0.278,0.187,0.097,0.858,0.824,1.66089,1.64764,1.70391,980629.5121,43249.94,2,1.66009,0.696,0.0,0.0,0.0,0.0,0,0.104,1,0,23484,0.8,0.536,0.431,33.0,33.0,0.1744,189.2,0.0,1,1,0.852,1.59509,1,1,0.825,1.54814,0,74.466,0.423,0.577,0.0,0.0,0.5,0.87,0.0,0.5,0.0,0.644,0.598,0.5,0.473,0.0,0.513,0.0,0,0,0.406,0.697,0.0,0.475,0.0,0.41,0.876,0.0,0.588,0.5,0.0,1.0,0.971
70495,2025.03.12 09:45:59,EURAUDm,PULLBACK,BUY,2,1.73599,1.73405,1.74167,2.93,0.281,1.73386,1.73469,1.73303,0,0.046,0.525,0.9526,1.73327,1.73309,1.73544,1.71659,0,0.0,0.55,0,1.73386,0.749,0.9,0,0.0,0.0,1.73391,1.70169,16.952,0,0,0,0.402,0.6221,0.0378,0.622,0.072,0,0.802,0,0.483,1.73439,1.73484,0.673,0.434,0.0,2,0.0,0,0.802,0.418,0.953,0.439,0.417,1,1.73386,8,0.75,0.0,0.278,0.187,0.097,0.858,0.824,1.66089,1.64764,1.70391,980629.5121,43249.94,2,1.66009,0.696,0.0,0.0,0.0,0.0,0,0.104,1,0,23484,0.8,0.536,0.431,33.0,33.0,0.1744,189.2,0.0,1,1,0.852,1.59509,1,1,0.825,1.54814,0,74.466,0.423,0.577,0.0,0.0,0.5,0.86,0.0,0.5,0.0,0.644,0.589,0.5,0.473,0.0,0.513,0.0,0,0,0.401,0.697,0.0,0.475,0.0,0.41,0.876,0.0,0.588,0.5,0.0,1.0,0.971
70498,2025.03.12 09:49:40,EURAUDm,TREND_CONTINUATION,BUY,2,1.73581,1.73354,1.74054,2.08,0.33,1.73386,1.73469,1.73303,0,0.046,0.525,0.8575,1.73327,1.73309,1.73544,1.71659,0,0.0,0.55,0,1.73386,0.749,0.9,0,0.0,0.0,1.73391,1.70169,16.952,0,0,0,0.402,0.6221,0.0378,0.622,0.072,0,0.802,0,0.483,1.73439,1.73484,0.578,0.339,0.0,2,0.0,0,0.802,0.377,0.857,0.439,0.412,1,1.73386,8,0.75,0.0,0.278,0.187,0.097,0.858,0.824,1.66089,1.64764,1.70391,980629.5121,43249.94,2,1.66009,0.696,0.0,0.0,0.0,0.0,0,0.104,1,0,23484,0.8,0.536,0.431,33.0,33.0,0.1744,189.2,0.0,1,1,0.852,1.59509,1,1,0.825,1.54814,0,74.371,0.423,0.577,0.0,0.0,0.5,0.82,0.0,0.5,0.0,0.644,0.567,0.5,0.473,0.0,0.513,0.0,0,0,0.388,0.697,0.0,0.475,0.0,0.41,0.876,0.0,0.588,0.5,0.0,1.0,0.971
70500,2025.03.12 10:05:20,EURAUDm,ANCHORED_PULLBACK,BUY,2,1.7359,1.73465,1.73957,2.94,0.436,1.73402,1.73474,1.7333,0,0.651,0.172,0.7739,1.73327,1.73309,1.73702,1.71816,1,0.0,0.35,0,1.73402,0.756,0.757,0,0.0,0.0,1.73525,1.70169,16.906,0,0,0,0.612,0.4377,0.0322,0.438,0.122,0,0.852,0,0.463,1.73392,1.73588,0.825,0.152,0.0,2,0.4,0,0.852,0.356,0.825,0.432,0.361,1,1.73402,8,0.751,0.0,0.423,0.131,0.233,0.866,0.906,1.66089,1.64764,1.70391,980629.5121,43249.94,2,1.66009,0.696,0.0,0.0,0.0,0.0,0,0.104,1,0,23485,0.8,0.536,0.431,33.0,33.0,0.1649,200.1,0.0,1,1,0.852,1.59509,1,1,0.825,1.54814,0,70.355,0.423,0.577,0.0,0.0,0.5,0.51,0.0,0.5,0.0,0.937,0.477,0.5,0.49,0.0,0.414,0.0,0,0,0.327,0.6,0.0,0.47,0.0,0.282,0.818,0.0,0.58,0.522,0.0,1.0,0.832
70502,2025.03.12 10:39:40,EURAUDm,BREAKOUT_RETEST,BUY,2,1.7349,1.7343,1.73579,1.49,0.388,1.73402,1.73474,1.7333,1,0.651,0.172,0.2743,1.73327,1.73309,1.73702,1.71816,1,0.0,0.35,0,1.73402,0.756,0.757,0,0.0,0.0,1.73525,1.70169,16.906,0,0,0,0.612,0.4377,0.0322,0.438,0.478,0,0.852,0,0.463,1.73392,1.73588,0.326,0.652,0.0,2,0.4,0,0.852,0.247,0.652,0.378,0.348,0,1.73392,2,0.55,0.348,0.317,0.131,0.233,0.866,0.906,1.66089,1.64764,1.70391,980629.5121,43249.94,2,1.66009,0.696,0.0,0.0,0.0,0.0,0,0.104,1,0,23485,0.8,0.536,0.431,33.0,33.0,0.1649,200.1,0.0,1,1,0.852,1.59509,1,1,0.825,1.54814,0,69.855,0.423,0.577,0.0,0.0,0.5,0.0,0.0,0.5,0.0,1.0,0.361,0.5,0.535,0.0,0.377,0.0,0,0,0.395,0.793,0.0,0.657,0.0,0.293,0.459,0.0,0.58,0.522,0.0,1.0,0.79
70504,2025.03.12 11:09:40,EURAUDm,MEAN_REVERSION,BUY,2,1.73371,1.73301,1.73438,0.96,0.66,1.73405,1.73499,1.7329,1,0.04,0.43,-0.3107,1.73327,1.73309,1.73702,1.71816,1,0.0,0.5,0,1.73405,0.774,0.546,0,0.0,0.0,1.73552,1.70169,15.14,0,0,0,0.583,0.5978,0.0478,0.598,0.539,0,0.774,0,0.519,1.73415,1.733,0.359,0.176,0.0,2,0.25,0,0.774,0.133,0.359,0.369,0.346,0,1.73405,8,0.755,0.281,0.238,0.179,0.191,0.875,0.814,1.66089,1.64764,1.70391,980629.5121,43249.94,2,1.66009,0.696,0.0,0.0,0.0,0.0,0,0.104,1,0,23486,0.8,0.536,0.431,33.0,29.2,0.1538,214.5,0.0,1,1,0.852,1.59509,1,1,0.825,1.54814,0,64.625,0.423,0.577,0.0,0.0,0.5,0.0,0.0,0.5,0.0,0.815,0.428,0.5,0.475,0.0,0.223,0.0,0,0,0.275,0.8,0.0,0.821,0.0,0.309,0.495,0.0,0.582,0.5,0.0,1.0,0.836
70506,2025.03.12 11:48:40,EURAUDm,BREAKOUT,BUY,2,1.73397,1.73301,1.73542,1.52,0.273,1.73405,1.73499,1.7329,1,0.04,0.43,-0.1895,1.73327,1.73309,1.73702,1.71816,1,0.0,0.5,0,1.73405,0.774,0.546,0,0.0,0.0,1.73552,1.70169,15.14,0,0,0,0.583,0.5978,0.0478,0.598,0.616,0,0.774,0,0.519,1.73415,1.733,0.238,0.298,0.0,2,0.25,0,0.774,0.536,1.5,0.358,0.393,1,1.7329,5,0.6,0.524,0.215,0.179,0.191,0.875,0.814,1.66089,1.64764,1.70391,980629.5121,43249.94,2,1.66009,0.696,0.0,0.0,0.0,0.0,0,0.104,1,0,23486,0.8,0.536,0.431,33.0,30.7,0.1538,214.5,0.0,1,1,0.852,1.59509,1,1,0.825,1.54814,0,64.746,0.423,0.577,0.0,0.0,0.5,0.66,0.0,0.5,0.0,0.492,0.461,0.5,0.519,0.0,0.295,0.0,0,0,0.297,0.8,0.0,0.821,0.0,0.323,0.515,0.0,0.582,0.5,0.0,1.0,0.836
70507,2025.03.12 11:49:20,EURAUDm,PULLBACK,BUY,2,1.73388,1.73301,1.73542,1.78,0.477,1.73405,1.73499,1.7329,1,0.04,0.43,-0.2315,1.73327,1.73309,1.73702,1.71816,1,0.0,0.5,0,1.73405,0.774,0.546,0,0.0,0.0,1.73552,1.70169,15.14,0,0,0,0.583,0.5978,0.0478,0.598,0.616,0,0.774,0,0.519,1.73415,1.733,0.28,0.256,0.0,2,0.25,0,0.774,0.536,1.5,0.358,0.393,1,1.7329,5,0.6,0.44,0.215,0.179,0.191,0.875,0.814,1.66089,1.64764,1.70391,980629.5121,43249.94,2,1.66009,0.696,0.0,0.0,0.0,0.0,0,0.104,1,0,23486,0.8,0.536,0.431,33.0,30.7,0.1538,214.5,0.0,1,1,0.852,1.59509,1,1,0.825,1.54814,0,64.704,0.423,0.577,0.0,0.0,0.5,0.69,0.0,0.5,0.0,0.492,0.45,0.5,0.519,0.0,0.295,0.0,0,0,0.304,0.8,0.0,0.821,0.0,0.323,0.506,0.0,0.582,0.5,0.0,1.0,0.836
70510,2025.03.12 12:00:00,EURAUDm,TREND_CONTINUATION,BUY,2,1.73418,1.73162,1.73952,2.08,0.382,1.73409,1.73481,1.73296,1,0.018,0.558,-0.1135,1.73327,1.73309,1.73702,1.71816,1,0.0,0.45,0,1.73409,0.757,0.634,0,0.0,0.0,1.73344,1.70169,15.046,0,0,0,0.65,0.65,0.053,0.65,0.981,0,0.743,1,0.042,1.73399,1.73502,0.066,0.545,0.0,2,0.25,0,0.743,0.165,0.545,0.303,0.288,0,1.73296,5,0.6,0.869,0.106,0.195,0.088,0.927,0.845,1.66089,1.64764,1.70391,1027569.7796,46940.2675,2,1.66009,0.702,0.0,0.0,0.0,0.0,0,0.113,1,0,23487,0.8,0.536,0.431,33.0,31.6,0.1544,213.7,0.0,1,1,0.852,1.59509,1,1,0.825,1.54814,0,65.082,0.423,0.577,0.0,0.0,0.5,0.84,0.0,0.5,0.0,0.494,0.751,0.5,0.536,0.0,0.344,0.0,0,0,0.449,0.8,0.0,0.65,0.0,0.311,0.545,0.0,0.61,0.5,0.0,1.0,0.86
70512,2025.03.12 12:16:40,EURAUDm,ANCHORED_PULLBACK,BUY,2,1.73381,1.7328,1.73481,0.99,0.5,1.73409,1.73481,1.73296,1,0.018,0.558,-0.2866,1.73327,1.73309,1.73702,1.71816,1,0.0,0.45,0,1.73409,0.757,0.634,0,0.0,0.0,1.73344,1.70169,15.046,0,0,0,0.65,0.65,0.053,0.65,0.581,0,0.743,1,0.042,1.73399,1.73255,0.239,0.433,0.0,2,0.25,0,0.743,0.157,0.433,0.363,0.288,0,1.73481,4,0.6,0.523,0.226,0.195,0.088,0.927,0.951,1.66089,1.64764,1.70391,1027569.7796,46940.2675,2,1.66009,0.702,0.0,0.0,0.0,0.0,0,0.113,1,0,23487,0.8,0.536,0.431,33.0,33.0,0.1544,213.7,0.0,1,1,0.852,1.59509,1,1,0.825,1.54814,0,64.909,0.423,0.577,0.0,0.0,0.5,0.0,0.0,0.5,0.0,0.509,0.399,0.5,0.533,0.0,0.374,0.0,0,0,0.37,0.8,0.0,0.722,0.0,0.311,0.545,0.0,0.579,0.5,0.0,1.0,0.891
70514,2025.03.12 12:30:40,EURAUDm,SWEEP_REVERSAL,BUY,2,1.72881,1.72667,1.73442,2.63,0.198,1.73409,1.73481,1.73296,0,0.018,0.558,-2.6262,1.73327,1.73309,1.73702,1.71816,1,0.0,0.45,0,1.73409,0.757,0.634,0,0.0,0.0,1.73344,1.70169,15.046,0,0,0,0.65,0.65,0.053,0.65,0.014,0,0.743,1,0.042,1.73399,1.73255,2.578,1.907,0.0,2,0.25,0,0.743,1.176,2.626,0.448,0.406,1,1.73409,8,0.751,0.0,0.396,0.195,0.088,0.927,0.951,1.66089,1.64764,1.70391,1027569.7796,46940.2675,2,1.66009,0.702,0.0,0.0,0.0,0.0,0,0.113,1,0,23487,0.8,0.536,0.431,33.0,33.0,0.1544,213.7,0.0,1,1,0.852,1.59509,1,1,0.825,1.54814,0,62.57,0.423,0.577,0.0,0.0,0.5,0.0,0.0,0.5,0.793,0.288,0.298,0.5,0.506,0.0,0.376,0.0,0,0,0.423,0.657,0.617,0.316,0.0,0.311,0.304,0.0,0.579,0.5,0.0,1.0,0.967
70516,2025.03.12 13:09:40,EURAUDm,MEAN_REVERSION,BUY,4,1.7298,1.72787,1.73419,2.28,0.584,1.73386,1.73605,1.73286,0,1.177,0.314,-1.8242,1.73345,1.73309,1.74016,1.71816,1,0.0,0.4,0,1.73386,0.72,0.574,0,0.0,0.0,1.73102,1.70169,12.024,0,0,0,0.977,0.8113,0.0439,0.811,0.011,2,0.634,2,0.028,1.73386,1.72928,1.824,0.08,0.0,2,0.0,0,0.634,0.818,1.824,0.448,0.344,0,1.73386,8,0.744,0.0,0.297,0.243,0.0,0.692,0.983,1.66089,1.64764,1.70391,1027569.7796,46940.2675,2,1.66009,0.702,0.0,0.0,0.0,0.0,0,0.113,1,0,23488,0.8,0.536,0.431,33.0,33.0,0.1371,240.6,0.0,1,1,0.852,1.59509,1,1,0.825,1.54814,1,55.979,0.423,0.577,0.0,0.0,1.0,0.06,0.0,0.5,0.0,0.374,0.231,0.5,0.428,0.0,0.537,0.0,0,0,0.505,0.45,0.0,0.308,0.0,0.504,0.315,0.0,0.577,0.5,0.0,1.0,0.83
70518,2025.03.12 13:49:40,EURAUDm,PULLBACK,BUY,4,1.73019,1.72658,1.73419,1.11,0.45,1.73386,1.73605,1.73286,0,1.177,0.314,-1.6621,1.73345,1.73309,1.74016,1.71816,1,0.0,0.4,0,1.73386,0.72,0.574,0,0.0,0.0,1.73102,1.70169,12.024,0,0,0,0.977,0.8113,0.0439,0.811,0.035,2,0.634,2,0.028,1.73386,1.72928,1.662,0.242,0.0,2,0.0,0,0.634,0.739,1.662,0.445,0.335,0,1.73386,8,0.744,0.0,0.29,0.243,0.0,0.692,0.983,1.66089,1.64764,1.70391,1027569.7796,46940.2675,2,1.66009,0.702,0.0,0.0,0.0,0.0,0,0.113,1,0,23488,0.8,0.536,0.431,33.0,33.0,0.1371,240.6,0.0,1,1,0.852,1.59509,1,1,0.825,1.54814,1,56.141,0.423,0.577,0.0,0.0,1.0,0.76,0.0,0.5,0.0,0.62,0.505,0.5,0.422,0.0,0.537,0.0,0,0,0.344,0.565,0.0,0.616,0.0,0.519,0.318,0.0,0.577,0.5,0.0,1.0,0.83
70520,2025.03.12 16:10:20,EURAUDm,BREAKOUT_RETEST,BUY,4,1.73122,1.73018,1.73593,4.54,0.366,1.73013,1.73349,1.72925,1,0.332,0.711,0.2712,1.73354,1.73309,1.74016,1.71973,1,0.0,0.6,0,1.73013,0.775,0.0,1,0.0,0.0,1.73204,1.70169,10.97,0,0,0,0.55,-0.58,-0.0994,0.58,0.536,2,0.612,3,0.33,1.72996,1.72854,0.334,0.839,0.0,2,0.25,4,0.584,0.394,0.839,0.47,0.314,0,1.72996,2,0.55,0.331,0.239,0.174,0.088,0.946,0.82,1.66089,1.64764,1.7048,1053903.7398,26333.9602,2,1.66009,0.706,0.0,0.0,0.0,0.0,0,0.12,1,0,23491,0.778,0.547,0.425,33.0,30.7,0.118,279.7,0.0,1,1,0.852,1.59509,1,1,0.825,1.54814,0,48.668,0.432,0.568,0.0,0.0,0.5,0.02,0.0,0.5,0.0,0.534,0.383,0.5,0.448,0.0,0.287,0.0,0,0,0.319,0.766,0.0,0.87,0.0,0.483,0.507,0.0,0.52,0.5,0.0,1.0,0.698
70522,2025.03.12 17:30:40,EURAUDm,MEAN_REVERSION,BUY,3,1.72808,1.72569,1.73005,0.83,0.624,1.72985,1.73221,1.72813,0,0.349,0.874,-0.6617,1.73298,1.73309,1.74016,1.71973,1,0.0,0.65,0,1.72985,0.777,0.563,0,0.0,0.0,0.0,1.70169,8.984,0,0,0,0.9,-0.79,-0.0988,0.79,0.336,0,0.69,3,0.504,1.72985,1.73127,0.662,1.135,0.0,2,0.0,0,0.69,0.453,1.135,0.4,0.398,1,1.72985,8,0.755,0.0,0.199,0.237,0.0,0.878,0.769,1.66089,1.64764,1.7048,1053903.7398,26333.9602,2,1.66009,0.706,0.0,0.0,0.0,0.0,0,0.12,1,0,23492,0.778,0.547,0.425,20.0,26.1,0.067,298.4,0.0,1,1,0.852,1.59509,1,1,0.825,1.54814,1,44.574,0.432,0.568,0.0,0.0,1.0,0.47,0.0,0.5,0.0,0.753,0.49,0.5,0.554,0.0,0.349,0.0,0,0,0.312,0.644,0.0,0.352,0.0,0.62,0.443,0.0,0.559,0.5,0.0,1.0,0.792
70524,2025.03.12 17:33:20,EURAUDm,SWEEP_REVERSAL,BUY,3,1.72752,1.72454,1.73005,0.85,0.102,1.72985,1.73221,1.72813,0,0.349,0.874,-0.8494,1.73298,1.73309,1.74016,1.71973,1,0.0,0.65,0,1.72985,0.777,0.563,0,0.0,0.0,0.0,1.70169,8.984,0,0,0,0.9,-0.79,-0.0988,0.79,0.336,0,0.69,3,0.504,1.72985,1.73127,0.849,1.322,0.0,2,0.0,0,0.69,0.528,1.322,0.4,0.407,1,1.72985,8,0.755,0.0,0.199,0.237,0.0,0.878,0.769,1.66089,1.64764,1.7048,1053903.7398,26333.9602,2,1.66009,0.706,0.0,0.0,0.0,0.0,0,0.12,1,0,23492,0.778,0.547,0.425,20.0,27.0,0.067,298.4,0.0,1,1,0.852,1.59509,1,1,0.825,1.54814,1,44.386,0.432,0.568,0.0,0.0,1.0,0.54,0.0,0.5,0.0,0.753,0.423,0.5,0.554,0.0,0.349,0.0,0,0,0.351,0.644,0.0,0.572,0.0,0.62,0.414,0.0,0.559,0.5,0.0,1.0,0.792
0,2025.03.12 18:10:40,EURAUDm,ANCHORED_PULLBACK,BUY,3,1.72791,1.72784,1.73402,85.39,0.395,1.72851,1.73318,1.7279,0,0.078,0.343,-0.3052,1.73314,1.73309,1.74016,1.71973,1,0.0,0.65,0,1.73339,0.755,0.123,0,0.0,0.0,1.72659,1.70169,8.85,0,0,0,0.65,-0.825,-0.1653,0.825,0.173,2,0.499,3,0.381,1.72831,1.72709,0.239,0.16,0.0,2,0.0,0,0.499,0.805,1.899,0.424,0.378,1,1.72851,1,0.7,0.522,0.248,0.247,0.0,0.893,0.778,1.66089,1.64764,1.7048,1053903.7398,26333.9602,2,1.66009,0.706,0.0,0.0,0.0,0.0,0,0.12,1,0,23493,0.778,0.547,0.425,33.0,31.4,0.1079,305.7,0.0,1,1,0.852,1.59509,1,1,0.825,1.54814,1,43.446,0.432,0.568,0.0,0.0,1.0,0.03,0.0,0.5,0.0,0.812,0.584,0.5,0.541,0.0,0.279,0.0,0,0,0.325,0.711,0.0,0.44,0.0,0.684,0.565,0.0,0.549,0.5,0.0,1.0,0.72
70526,2025.03.12 19:30:40,EURAUDm,MEAN_REVERSION,BUY,3,1.72446,1.72176,1.72844,1.47,0.574,1.72811,1.73289,1.72614,0,1.388,0.221,-1.1778,1.73337,1.73309,1.74016,1.71973,1,0.0,0.6,0,1.72811,0.719,0.532,0,0.0,0.0,1.72321,1.70169,6.432,0,0,0,1.0,-0.685,-0.1745,0.685,0.094,2,0.592,0,0.543,1.72839,1.72501,1.261,0.261,0.0,2,0.4,0,0.592,0.55,1.261,0.436,0.331,0,1.72811,8,0.744,0.0,0.432,0.206,0.249,0.887,0.882,1.66089,1.64764,1.7048,1053903.7398,26333.9602,2,1.66009,0.706,0.0,0.0,0.0,0.0,0,0.12,1,0,23494,0.778,0.547,0.425,33.0,27.5,0.0977,337.8,0.0,1,1,0.852,1.59509,1,1,0.825,1.54814,1,38.299,0.432,0.568,0.0,0.0,1.0,0.31,0.0,0.5,0.0,0.804,0.627,0.5,0.534,0.0,0.438,0.0,0,0,0.411,0.283,0.0,0.464,0.0,0.615,0.566,0.0,0.542,0.478,0.0,1.0,0.68
70528,2025.03.12 19:33:20,EURAUDm,SWEEP_REVERSAL,BUY,3,1.72441,1.72103,1.72844,1.19,0.265,1.72811,1.73289,1.72614,0,1.388,0.221,-1.1926,1.73337,1.73309,1.74016,1.71973,1,0.0,0.6,0,1.72811,0.719,0.532,0,0.0,0.0,1.72321,1.70169,6.432,0,0,0,1.0,-0.685,-0.1745,0.685,0.094,2,0.592,0,0.543,1.72839,1.72501,1.276,0.276,0.0,2,0.4,0,0.592,0.556,1.276,0.436,0.332,0,1.72811,8,0.744,0.0,0.432,0.206,0.249,0.887,0.882,1.66089,1.64764,1.7048,1053903.7398,26333.9602,2,1.66009,0.706,0.0,0.0,0.0,0.0,0,0.12,1,0,23494,0.778,0.547,0.425,33.0,27.5,0.0977,337.8,0.0,1,1,0.852,1.59509,1,1,0.825,1.54814,1,38.285,0.432,0.568,0.0,0.0,1.0,0.21,0.0,0.5,0.0,0.804,0.604,0.5,0.534,0.0,0.438,0.0,0,0,0.398,0.283,0.0,0.464,0.0,0.615,0.566,0.0,0.542,0.478,0.0,1.0,0.68
70530,2025.03.12 21:30:40,EURAUDm,MEAN_REVERSION,BUY,3,1.72374,1.72103,1.72619,0.91,0.62,1.72411,1.72705,1.72187,0,0.279,0.687,-0.7251,1.73317,1.73309,1.74016,1.7213,1,0.0,0.75,0,1.72825,0.695,0.523,0,0.0,0.0,0.0,1.70169,6.146,0,0,0,1.0,-0.93,-0.3009,0.93,0.234,0,0.653,3,0.774,1.72377,1.72239,0.623,0.215,0.0,2,0.0,0,0.653,0.809,1.949,0.415,0.473,1,1.72411,1,0.7,0.0,0.23,0.279,0.0,0.951,0.824,1.66089,1.64764,1.7048,1003302.62,-50601.1198,1,1.66009,0.711,0.0,0.0,0.0,0.0,0,0.097,1,0,23496,0.778,0.547,0.425,208.0,216.2,0.615,338.2,0.0,1,1,0.852,1.59509,1,1,0.825,1.54814,1,38.038,0.457,0.543,0.0,1.0,1.0,0.53,0.0,0.5,0.0,1.0,0.348,0.5,0.579,0.0,0.239,0.0,0,0,0.361,0.597,0.0,0.44,0.0,0.346,0.4,0.0,0.534,0.478,0.0,1.0,0.812
70532,2025.03.12 21:33:20,EURAUDm,SWEEP_REVERSAL,BUY,3,1.72393,1.72055,1.72667,0.81,0.119,1.72411,1.72705,1.72187,0,0.279,0.687,-0.8109,1.73317,1.73309,1.74016,1.7213,1,0.0,0.75,0,1.72825,0.695,0.523,0,0.0,0.0,0.0,1.70169,6.146,0,0,0,1.0,-0.93,-0.3009,0.93,0.234,0,0.653,3,0.774,1.72377,1.72239,0.709,0.301,0.0,2,0.0,0,0.653,0.844,2.035,0.415,0.477,1,1.72411,1,0.7,0.0,0.23,0.279,0.0,0.951,0.824,1.66089,1.64764,1.7048,1003302.62,-50601.1198,1,1.66009,0.711,0.0,0.0,0.0,0.0,0,0.097,1,0,23496,0.778,0.547,0.425,256.0,219.3,0.7569,338.2,0.0,1,1,0.852,1.59509,1,1,0.825,1.54814,1,38.094,0.457,0.543,0.0,1.0,1.0,0.06,0.0,0.5,0.0,1.0,0.305,0.5,0.579,0.0,0.239,0.0,0,0,0.387,0.597,0.0,0.44,0.0,0.346,0.387,0.0,0.528,0.478,0.0,1.0,0.812
70534,2025.03.12 23:30:40,EURAUDm,MEAN_REVERSION,BUY,1,1.72169,1.71912,1.72427,1.01,0.559,1.72394,1.72454,1.72198,0,0.059,0.154,-0.804,1.733,1.73309,1.74016,1.7213,1,0.0,0.75,2,1.72394,0.716,0.358,0,0.0,0.0,0.0,1.70169,6.231,0,0,0,1.0,-1.0,-0.3831,1.0,0.629,2,0.6,3,0.844,1.72189,1.72121,0.165,0.048,0.0,2,0.15,0,0.6,0.286,0.804,0.356,0.362,1,1.72394,8,0.743,0.67,0.171,0.3,0.053,0.764,0.782,1.66089,1.64764,1.7048,1003302.62,-50601.1198,1,1.66009,0.711,0.0,0.0,0.0,0.0,0,0.097,1,0,23498,0.778,0.547,0.425,33.0,33.0,0.1028,321.1,0.0,1,1,0.852,1.59509,1,1,0.825,1.54814,1,39.43,0.457,0.543,0.0,1.0,1.0,0.82,0.0,0.5,0.0,0.468,0.457,0.5,0.566,0.0,0.405,0.0,0,0,0.358,0.615,0.0,0.352,0.0,0.293,0.383,0.0,0.54,0.478,0.0,1.0,0.738
70535,2025.03.12 23:33:20,EURAUDm,SWEEP_REVERSAL,BUY,1,1.72126,1.71805,1.72427,0.94,0.152,1.72394,1.72454,1.72198,0,0.059,0.154,-0.938,1.733,1.73309,1.74016,1.7213,0,0.0,0.75,2,1.72394,0.716,0.358,0,0.0,0.0,0.0,1.70169,6.231,0,0,0,1.0,-1.0,-0.3831,1.0,0.186,2,0.6,3,0.844,1.72189,1.72121,0.299,0.086,0.0,2,0.15,0,0.6,0.396,0.938,0.422,0.375,1,1.72394,8,0.743,0.402,0.304,0.3,0.053,0.764,0.782,1.66089,1.64764,1.7048,1003302.62,-50601.1198,1,1.66009,0.711,0.0,0.0,0.0,0.0,0,0.097,1,0,23498,0.778,0.547,0.425,33.0,33.0,0.1028,321.1,0.0,1,1,0.852,1.59509,1,1,0.825,1.54814,1,39.297,0.457,0.543,0.0,1.0,1.0,0.05,0.0,0.5,0.0,0.538,0.485,0.5,0.566,0.0,0.405,0.0,0,0,0.341,0.464,0.0,0.238,0.0,0.316,0.289,0.0,0.542,0.478,0.0,1.0,0.697
70538,2025.03.13 05:00:00,EURAUDm,ANCHORED_PULLBACK,BUY,1,1.72651,1.72425,1.72972,1.42,0.394,1.72297,1.72367,1.72142,0,1.28,0.048,1.2802,1.73332,1.73309,1.73859,1.7213,1,0.0,0.4,0,1.72297,0.709,0.337,0,0.0,0.0,1.72542,1.70169,9.761,0,0,0,1.0,-0.976,-0.047,0.976,0.099,2,0.607,1,0.192,1.72255,1.72606,1.448,0.048,-0.0295,2,0.15,0,0.607,0.63,1.448,0.435,0.309,0,1.72297,8,0.742,0.0,0.33,0.293,0.053,0.658,0.892,1.65824,1.64764,1.72126,1385652.7292,306019.1143,2,1.66009,0.711,0.0,0.0,0.0,0.0,0,0.105,1,0,23504,0.776,0.55,0.42,33.0,30.3,0.1315,250.9,0.0,1,1,0.852,1.59509,1,1,0.825,1.54814,0,52.388,0.5,0.5,0.0,0.0,0.5,0.76,0.0,0.5,0.0,0.593,0.647,0.5,0.527,0.0,0.408,0.0,0,0,0.41,0.413,0.0,0.308,0.0,0.315,0.747,0.0,0.556,0.5,0.0,1.0,0.662
70540,2025.03.13 06:55:40,EURAUDm,TREND_CONTINUATION,BUY,1,1.72703,1.72409,1.73316,2.08,0.43,1.72285,1.72564,1.72166,0,0.003,0.321,1.5704,1.73332,1.73309,1.73702,1.7213,1,0.0,0.75,0,1.72285,0.764,0.0,1,0.0,0.0,0.0,1.70169,9.937,0,0,0,0.675,0.685,0.0901,0.685,0.061,2,0.628,3,0.844,1.72617,1.72683,0.218,0.052,0.0,2,0.0,4,0.588,0.849,1.57,0.541,0.405,1,1.72285,8,0.753,0.563,0.282,0.206,0.0,0.43,0.939,1.65824,1.64764,1.72126,1385652.7292,306019.1143,2,1.66009,0.711,0.0,0.0,0.0,0.0,0,0.105,1,0,23505,0.776,0.55,0.42,33.0,33.0,0.1347,245.0,0.0,1,1,0.852,1.59509,1,1,0.825,1.54814,0,53.853,0.5,0.5,0.0,0.0,0.5,0.18,0.0,0.5,0.0,0.336,0.39,0.5,0.398,0.0,0.391,0.0,0,0,0.342,0.542,0.0,0.106,0.0,0.496,0.632,0.0,0.513,0.5,0.0,1.0,0.871
70541,2025.03.13 07:00:00,EURAUDm,BREAKOUT_RETEST,BUY,1,1.72692,1.72623,1.72857,2.38,0.703,1.72617,1.72824,1.72377,1,0.045,0.874,0.1834,1.73332,1.73309,1.73702,1.7213,1,0.0,0.7,0,1.72617,0.756,0.361,0,0.0,0.0,1.72734,1.70169,10.781,0,0,0,0.75,0.72,0.2276,0.72,0.708,2,0.377,3,0.535,1.72633,1.72457,0.114,0.874,0.2126,0,0.3,2,1.0,0.432,0.874,0.494,0.429,1,1.72824,4,0.6,0.771,0.208,0.916,0.105,0.852,0.859,1.65824,1.64764,1.72126,1385652.7292,306019.1143,2,1.66009,0.711,0.0,0.0,0.0,0.0,0,0.105,1,0,23506,0.776,0.55,0.42,33.0,30.7,0.1429,230.9,0.0,1,1,0.852,1.59509,1,1,0.825,1.54814,0,57.087,0.5,0.5,0.0,0.0,0.5,0.15,0.0,0.5,0.0,0.256,0.391,0.5,0.52,0.0,0.559,0.0,0,0,0.445,0.888,0.0,0.23,0.0,0.824,0.458,0.0,0.526,0.5,0.0,1.0,1.029
70544,2025.03.13 07:52:40,EURAUDm,BREAKOUT,BUY,1,1.72623,1.72387,1.732,2.45,0.317,1.72617,1.72824,1.72377,1,0.045,0.874,-0.1154,1.73332,1.73309,1.73702,1.7213,1,0.0,0.7,0,1.72617,0.756,0.361,0,0.0,0.0,1.72734,1.70169,10.781,0,0,0,0.75,0.72,0.2276,0.72,0.571,0,0.677,3,0.535,1.72633,1.72457,0.184,0.575,0.0,2,0.0,0,0.677,0.21,0.575,0.364,0.367,1,1.72377,5,0.6,0.631,0.129,0.216,0.0,0.852,0.859,1.65824,1.64764,1.72126,1385652.7292,306019.1143,2,1.66009,0.711,0.0,0.0,0.0,0.0,0,0.105,1,0,23506,0.776,0.55,0.42,33.0,32.3,0.1429,230.9,0.0,1,1,0.852,1.59509,1,1,0.825,1.54814,0,56.788,0.5,0.5,0.0,0.0,0.5,0.12,0.0,0.5,0.0,0.314,0.277,0.5,0.52,0.0,0.491,0.0,0,0,0.486,0.812,0.0,0.264,0.0,0.462,0.498,0.0,0.574,0.5,0.0,1.0,0.814
70545,2025.03.13 07:53:40,EURAUDm,PULLBACK,BUY,1,1.72607,1.72387,1.733,3.15,0.531,1.72617,1.72824,1.72377,1,0.045,0.874,-0.1847,1.73332,1.73309,1.73702,1.7213,1,0.0,0.7,0,1.72617,0.756,0.361,0,0.0,0.0,1.72734,1.70169,10.781,0,0,0,0.75,0.72,0.2276,0.72,0.571,0,0.677,3,0.535,1.72633,1.72457,0.254,0.506,0.0,2,0.0,0,0.677,0.184,0.506,0.364,0.364,1,1.72377,5,0.6,0.492,0.129,0.216,0.0,0.852,0.859,1.65824,1.64764,1.72126,1385652.7292,306019.1143,2,1.66009,0.711,0.0,0.0,0.0,0.0,0,0.105,1,0,23506,0.776,0.55,0.42,33.0,32.3,0.1429,230.9,0.0,1,1,0.852,1.59509,1,1,0.825,1.54814,0,56.719,0.5,0.5,0.0,0.0,0.5,0.04,0.0,0.5,0.0,0.314,0.299,0.5,0.52,0.0,0.446,0.0,0,0,0.455,0.812,0.0,0.264,0.0,0.462,0.495,0.0,0.57,0.5,0.0,1.0,0.891
70548,2025.03.13 08:55:40,EURAUDm,TREND_CONTINUATION,BUY,2,1.72847,1.72572,1.73419,2.08,0.394,1.72636,1.72774,1.72573,0,0.112,0.327,0.8357,1.73332,1.73323,1.73555,1.72163,1,0.0,0.4,0,1.72736,0.73,0.711,0,0.0,0.0,1.72588,1.70169,10.555,0,0,0,0.55,0.755,0.3177,0.755,0.123,0,0.682,2,0.311,1.72736,1.7246,0.397,1.603,0.0,2,0.0,0,0.682,0.692,1.603,0.431,0.408,1,1.72736,8,0.746,0.206,0.263,0.226,0.0,0.944,0.889,1.66286,1.64735,1.70429,1108066.4019,-277586.3273,1,1.66009,0.707,0.0,0.0,0.0,0.0,0,0.095,1,0,23507,0.776,0.55,0.42,20.0,29.3,0.0874,228.9,0.0,1,1,0.852,1.59509,1,1,0.825,1.54814,0,58.281,0.533,0.467,0.0,1.0,0.5,0.77,0.0,0.5,0.0,0.837,0.567,0.5,0.47,0.0,0.449,0.0,0,0,0.361,0.759,0.0,0.352,0.0,0.3,0.626,0.0,0.579,0.5,0.0,1.0,0.836
0,2025.03.13 09:00:20,EURAUDm,ANCHORED_PULLBACK,BUY,2,1.72852,1.72823,1.72952,3.38,0.455,1.72719,1.72768,1.72592,0,0.467,0.09,0.4716,1.72797,1.7335,1.73574,1.72228,1,0.0,0.45,0,1.72719,0.754,0.733,0,0.0,0.0,1.72851,1.70169,12.54,0,0,0,0.9,0.615,0.3797,0.615,0.25,0,0.696,0,0.761,1.72719,1.72837,0.472,0.085,0.0,2,0.4,0,0.696,0.194,0.472,0.412,0.357,1,1.72719,8,0.751,0.057,0.385,0.185,0.292,1.0,0.818,1.66286,1.64735,1.70429,1108066.4019,-277586.3273,1,1.66009,0.707,0.0,0.0,0.0,0.0,0,0.095,1,0,23508,0.776,0.55,0.42,33.0,28.3,0.1562,211.2,0.0,1,1,0.852,1.59509,1,1,0.825,1.54814,0,63.173,0.533,0.467,0.0,1.0,0.5,0.17,0.0,0.5,0.0,0.863,0.421,0.5,0.49,0.0,0.519,0.0,0,0,0.402,0.58,0.0,0.187,0.0,0.259,0.425,0.0,0.58,0.5,0.0,1.0,0.891
70550,2025.03.13 09:52:40,EURAUDm,BREAKOUT,BUY,2,1.72929,1.72731,1.73457,2.67,0.464,1.72719,1.72768,1.72592,0,0.467,0.09,0.8361,1.72797,1.7335,1.73574,1.72228,1,0.0,0.45,0,1.72719,0.754,0.733,0,0.0,0.0,1.72851,1.70169,12.54,0,0,0,0.9,0.615,0.3797,0.615,0.129,0,0.696,0,0.761,1.72719,1.72876,0.836,0.094,0.0,2,0.4,0,0.696,0.36,0.836,0.431,0.376,1,1.72719,8,0.751,0.0,0.421,0.185,0.292,1.0,0.873,1.66286,1.64735,1.70429,1108066.4019,-277586.3273,1,1.66009,0.707,0.0,0.0,0.0,0.0,0,0.095,1,0,23508,0.776,0.55,0.42,33.0,32.2,0.1562,211.2,0.0,1,1,0.852,1.59509,1,1,0.825,1.54814,0,63.537,0.533,0.467,0.0,1.0,0.5,0.01,0.0,0.5,0.0,1.0,0.346,0.5,0.508,0.0,0.399,0.0,0,0,0.405,0.555,0.0,0.327,0.0,0.338,0.73,0.0,0.575,0.5,0.0,1.0,0.891
70552,2025.03.13 09:53:40,EURAUDm,PULLBACK,BUY,2,1.72914,1.72597,1.73607,2.19,0.418,1.72719,1.72768,1.72592,0,0.467,0.09,0.7651,1.72797,1.7335,1.73574,1.72228,1,0.0,0.45,0,1.72719,0.754,0.733,0,0.0,0.0,1.72851,1.70169,12.54,0,0,0,0.9,0.615,0.3797,0.615,0.129,0,0.696,0,0.761,1.72719,1.72876,0.765,0.023,0.0,2,0.4,0,0.696,0.329,0.765,0.431,0.373,1,1.72719,8,0.751,0.0,0.421,0.185,0.292,1.0,0.873,1.66286,1.64735,1.70429,1108066.4019,-277586.3273,1,1.66009,0.707,0.0,0.0,0.0,0.0,0,0.095,1,0,23508,0.776,0.55,0.42,33.0,32.2,0.1562,211.2,0.0,1,1,0.852,1.59509,1,1,0.825,1.54814,0,63.466,0.533,0.467,0.0,1.0,0.5,0.0,0.0,0.5,0.0,1.0,0.292,0.5,0.508,0.0,0.399,0.0,0,0,0.437,0.555,0.0,0.327,0.0,0.338,0.719,0.0,0.575,0.5,0.0,1.0,0.891
70554,2025.03.13 10:20:40,EURAUDm,BREAKOUT_RETEST,BUY,2,1.7283,1.72753,1.72984,2.01,0.567,1.72718,1.72828,1.72583,1,0.904,0.116,0.3641,1.72817,1.7335,1.73574,1.72228,1,0.0,0.5,0,1.72742,0.723,0.252,0,0.0,0.0,0.0,1.70169,12.725,0,0,0,0.975,0.825,0.4355,0.825,0.591,0,0.716,0,0.351,1.72706,1.72902,0.42,0.48,0.0,2,0.15,0,0.716,0.174,0.48,0.361,0.344,0,1.72718,1,0.7,0.159,0.183,0.247,0.123,0.983,0.759,1.66286,1.64735,1.70429,1108066.4019,-277586.3273,1,1.66009,0.707,0.0,0.0,0.0,0.0,0,0.095,1,0,23509,0.776,0.55,0.42,33.0,31.6,0.1516,217.6,0.0,1,1,0.852,1.59509,1,1,0.825,1.54814,0,61.206,0.533,0.467,0.0,1.0,0.5,0.0,0.0,0.5,0.0,0.826,0.366,0.5,0.499,0.0,0.278,0.0,0,0,0.341,0.593,0.0,0.265,0.0,0.383,0.54,0.0,0.569,0.5,0.0,1.0,0.792
70556,2025.03.13 10:56:40,EURAUDm,TREND_CONTINUATION,BUY,2,1.72848,1.72587,1.73392,2.08,0.532,1.72718,1.72828,1.72583,1,0.904,0.116,0.4468,1.72817,1.7335,1.73574,1.72228,1,0.0,0.5,0,1.72742,0.723,0.252,0,0.0,0.0,0.0,1.70169,12.725,0,0,0,0.975,0.825,0.4355,0.825,0.389,0,0.716,0,0.351,1.72706,1.72902,0.503,0.397,0.0,2,0.15,0,0.716,0.197,0.503,0.392,0.346,0,1.72742,8,0.745,0.0,0.243,0.247,0.123,0.983,0.759,1.66286,1.64735,1.70429,1108066.4019,-277586.3273,1,1.66009,0.707,0.0,0.0,0.0,0.0,0,0.095,1,0,23509,0.776,0.55,0.42,33.0,28.6,0.1516,217.6,0.0,1,1,0.852,1.59509,1,1,0.825,1.54814,0,61.288,0.533,0.467,0.0,1.0,0.5,0.42,0.0,0.5,0.0,0.91,0.563,0.5,0.48,0.0,0.286,0.0,0,0,0.296,0.554,0.0,0.265,0.0,0.399,0.58,0.0,0.569,0.5,0.0,1.0,0.792
70558,2025.03.13 11:52:59,EURAUDm,BREAKOUT,BUY,2,1.72787,1.72643,1.73045,1.79,0.299,1.72816,1.72902,1.72632,1,0.015,0.887,-0.2841,1.72817,1.7335,1.73574,1.72228,1,0.0,0.55,0,1.72816,0.743,0.605,0,0.0,0.0,0.0,1.70169,12.19,0,0,0,0.7,0.685,0.4083,0.685,0.583,0,0.669,0,0.715,1.72804,1.7262,0.228,0.618,0.0,2,0.25,0,0.669,0.224,0.618,0.363,0.356,1,1.72632,5,0.6,0.545,0.225,0.206,0.231,0.89,0.673,1.66286,1.64735,1.70429,1108066.4019,-277586.3273,1,1.66009,0.707,0.0,0.0,0.0,0.0,0,0.095,1,0,23510,0.78,0.55,0.417,33.0,26.9,0.1518,217.4,0.0,1,1,0.852,1.59509,1,1,0.825,1.54814,0,61.088,0.533,0.467,0.0,1.0,0.5,0.01,0.0,0.5,0.0,0.565,0.363,0.5,0.556,0.0,0.37,0.0,0,0,0.397,0.8,0.0,0.273,0.0,0.418,0.499,0.0,0.568,0.5,0.0,1.0,0.891
70560,2025.03.13 11:54:40,EURAUDm,PULLBACK,BUY,2,1.72742,1.72643,1.72849,1.08,0.505,1.72816,1.72902,1.72632,1,0.015,0.887,-0.4911,1.72817,1.7335,1.73574,1.72228,1,0.0,0.55,0,1.72816,0.743,0.605,0,0.0,0.0,0.0,1.70169,12.19,0,0,0,0.7,0.685,0.4083,0.685,0.708,0,0.669,0,0.715,1.72681,1.7262,0.129,0.411,0.0,2,0.25,0,0.669,0.169,0.491,0.344,0.333,0,1.72816,8,0.749,0.742,0.188,0.206,0.231,0.753,0.673,1.66286,1.64735,1.70429,1108066.4019,-277586.3273,1,1.66009,0.707,0.0,0.0,0.0,0.0,0,0.095,1,0,23510,0.78,0.55,0.417,33.0,26.9,0.1518,217.4,0.0,1,1,0.852,1.59509,1,1,0.825,1.54814,0,60.881,0.533,0.467,0.0,1.0,0.5,0.0,0.0,0.5,0.0,0.524,0.368,0.5,0.551,0.0,0.356,0.0,0,0,0.387,0.781,0.0,0.123,0.0,0.38,0.467,0.0,0.597,0.5,0.0,1.0,0.937
70562,2025.03.13 12:03:40,EURAUDm,SWEEP_REVERSAL,BUY,2,1.7262,1.72384,1.72849,0.97,0.123,1.72816,1.72975,1.72755,0,0.51,0.321,-0.9696,1.72847,1.73256,1.73609,1.7234,1,0.0,0.45,0,1.72816,0.736,0.774,0,0.0,0.0,1.72803,1.70169,10.603,0,0,0,0.75,0.895,0.3213,0.895,0.082,2,0.632,0,0.587,1.72828,1.72583,1.021,0.017,0.0,2,0.0,0,0.632,0.447,1.021,0.438,0.373,1,1.72816,8,0.747,0.0,0.275,0.269,0.117,0.715,0.937,1.66286,1.64735,1.70357,1099945.1083,-8121.2936,1,1.66009,0.705,0.0,0.0,0.0,0.0,0,0.103,1,0,23511,0.78,0.55,0.417,33.0,29.9,0.1399,235.9,0.0,1,1,0.852,1.59509,1,1,0.825,1.54814,-1,55.572,0.404,0.596,0.0,1.0,0.0,0.02,0.0,0.5,0.0,0.374,0.365,0.5,0.493,0.0,0.392,0.0,0,0,0.386,0.579,0.0,0.44,0.0,0.338,0.301,0.0,0.563,0.5,0.0,1.0,0.83
70564,2025.03.13 12:20:40,EURAUDm,BREAKOUT_RETEST,BUY,2,1.72815,1.72744,1.73008,2.73,0.486,1.72816,1.72975,1.72755,1,0.51,0.321,-0.1431,1.72847,1.73256,1.73609,1.7234,1,0.0,0.45,0,1.72816,0.736,0.774,0,0.0,0.0,1.72803,1.70169,10.603,0,0,0,0.75,0.895,0.3213,0.895,0.807,2,0.632,0,0.587,1.72828,1.72583,0.195,0.843,0.0,2,0.0,0,0.632,0.277,0.843,0.329,0.353,1,1.72975,4,0.6,0.61,0.058,0.269,0.117,0.715,0.937,1.66286,1.64735,1.70357,1099945.1083,-8121.2936,1,1.66009,0.705,0.0,0.0,0.0,0.0,0,0.103,1,0,23511,0.78,0.55,0.417,33.0,32.3,0.1399,235.9,0.0,1,1,0.852,1.59509,1,1,0.825,1.54814,-1,56.398,0.404,0.596,0.0,1.0,0.0,0.91,0.0,0.5,0.0,0.349,0.547,0.5,0.498,0.0,0.657,0.0,0,0,0.441,0.815,0.0,0.515,0.0,0.331,0.457,0.0,0.599,0.5,0.0,1.0,0.723
70566,2025.03.13 13:46:20,EURAUDm,TREND_CONTINUATION,BUY,4,1.72809,1.72519,1.73414,2.08,0.539,1.72806,1.73001,1.72703,1,0.418,0.056,-0.1239,1.72768,1.73256,1.73609,1.7234,1,0.0,0.65,0,1.72806,0.746,0.074,0,0.0,0.0,0.0,1.70169,10.097,0,0,0,1.0,0.755,0.2168,0.755,0.454,0,0.669,0,0.688,1.72817,1.7276,0.171,0.066,0.0,2,0.4,0,0.669,0.573,1.5,0.382,0.365,1,1.72703,5,0.6,0.657,0.324,0.226,0.278,0.835,0.71,1.66286,1.64735,1.70357,1099945.1083,-8121.2936,1,1.66009,0.705,0.0,0.0,0.0,0.0,0,0.103,1,0,23512,0.78,0.55,0.417,33.0,33.0,0.1364,242.0,0.0,1,1,0.852,1.59509,1,1,0.825,1.54814,-1,54.959,0.404,0.596,0.0,1.0,0.0,0.99,0.0,0.5,0.0,0.575,0.599,0.5,0.482,0.0,0.465,0.0,0,0,0.39,0.627,0.0,0.509,0.0,0.468,0.486,0.0,0.558,0.5,0.0,1.0,0.738
70568,2025.03.13 13:48:40,EURAUDm,MEAN_REVERSION,BUY,4,1.72783,1.72589,1.73034,1.3,0.598,1.72806,1.73001,1.72703,1,0.418,0.056,-0.2313,1.72768,1.73256,1.73609,1.7234,1,0.0,0.65,0,1.72806,0.746,0.074,0,0.0,0.0,0.0,1.70169,10.097,0,0,0,1.0,0.755,0.2168,0.755,0.283,0,0.669,0,0.688,1.72714,1.7276,0.148,0.042,0.0,2,0.4,0,0.669,0.611,1.5,0.408,0.327,0,1.73001,4,0.6,0.704,0.375,0.226,0.278,0.497,0.71,1.66286,1.64735,1.70357,1099945.1083,-8121.2936,1,1.66009,0.705,0.0,0.0,0.0,0.0,0,0.103,1,0,23512,0.78,0.55,0.417,33.0,32.2,0.1364,242.0,0.0,1,1,0.852,1.59509,1,1,0.825,1.54814,-1,54.851,0.404,0.596,0.0,1.0,0.0,0.82,0.0,0.5,0.0,0.575,0.547,0.5,0.482,0.0,0.423,0.0,0,0,0.342,0.594,0.0,0.37,0.0,0.468,0.468,0.0,0.555,0.5,0.0,1.0,0.814
70570,2025.03.13 13:52:59,EURAUDm,BREAKOUT,BUY,4,1.72821,1.72711,1.73426,5.5,0.388,1.72806,1.73001,1.72703,1,0.418,0.056,-0.0247,1.72768,1.73256,1.73609,1.7234,1,0.0,0.65,0,1.72806,0.746,0.074,0,0.0,0.0,0.0,1.70169,10.097,0,0,0,1.0,0.755,0.2168,0.755,1.0,0,0.669,0,0.688,1.72817,1.7276,0.072,0.165,0.0,2,0.4,0,0.669,0.45,1.5,0.3,0.35,1,1.72703,5,0.6,0.856,0.16,0.226,0.278,0.835,0.71,1.66286,1.64735,1.70357,1099945.1083,-8121.2936,1,1.66009,0.705,0.0,0.0,0.0,0.0,0,0.103,1,0,23512,0.78,0.55,0.417,21.0,31.5,0.0868,242.0,0.0,1,1,0.852,1.59509,1,1,0.825,1.54814,-1,55.008,0.404,0.596,0.0,1.0,0.0,0.92,0.0,0.5,0.0,0.529,0.497,0.5,0.463,0.0,0.492,0.0,0,0,0.338,0.732,0.0,0.458,0.0,0.468,0.493,0.0,0.586,0.5,0.0,1.0,0.784
70571,2025.03.13 13:54:40,EURAUDm,PULLBACK,BUY,4,1.7285,1.72487,1.73642,2.18,0.606,1.72806,1.73001,1.72703,1,0.418,0.056,0.0456,1.72768,1.73256,1.73609,1.7234,1,0.0,0.65,0,1.72806,0.746,0.074,0,0.0,0.0,0.0,1.70169,10.097,0,0,0,1.0,0.755,0.2168,0.755,1.0,0,0.669,0,0.688,1.72817,1.7276,0.002,0.235,0.0,2,0.4,0,0.669,0.45,1.5,0.3,0.35,1,1.72703,5,0.6,0.996,0.16,0.226,0.278,0.835,0.71,1.66286,1.64735,1.70357,1099945.1083,-8121.2936,1,1.66009,0.705,0.0,0.0,0.0,0.0,0,0.103,1,0,23512,0.78,0.55,0.417,33.0,31.5,0.1364,242.0,0.0,1,1,0.852,1.59509,1,1,0.825,1.54814,-1,55.128,0.404,0.596,0.0,1.0,0.0,0.83,0.0,0.5,0.0,0.529,0.49,0.5,0.463,0.0,0.492,0.0,0,0,0.342,0.732,0.0,0.333,0.0,0.468,0.497,0.0,0.586,0.5,0.0,1.0,0.784
70574,2025.03.13 14:14:20,EURAUDm,ANCHORED_PULLBACK,BUY,4,1.72883,1.7263,1.73355,1.87,0.27,1.72807,1.72841,1.72616,0,0.159,0.731,0.1712,1.72823,1.73304,1.73638,1.72435,1,0.0,0.5,0,1.72807,0.718,0.698,0,0.0,0.0,1.72706,1.70169,10.242,0,0,0,0.8,0.965,0.1281,0.965,0.32,2,0.558,0,0.611,1.72818,1.72953,0.127,0.408,0.0,2,0.0,0,0.558,0.164,0.408,0.402,0.339,0,1.72616,5,0.6,0.747,0.204,0.29,0.122,0.829,0.887,1.66286,1.64735,1.70357,1099945.1083,-8121.2936,1,1.66009,0.705,0.0,0.0,0.0,0.0,0,0.103,1,0,23513,0.78,0.55,0.417,33.0,30.7,0.1306,252.6,0.0,1,1,0.852,1.59509,1,1,0.825,1.54814,-1,52.936,0.404,0.596,0.0,1.0,0.0,0.8,0.0,0.5,0.0,0.543,0.515,0.5,0.516,0.0,0.376,0.0,0,0,0.314,0.772,0.0,0.308,0.0,0.144,0.546,0.0,0.557,0.5,0.0,1.0,0.971
70576,2025.03.13 14:20:40,EURAUDm,BREAKOUT_RETEST,BUY,4,1.7276,1.72684,1.7284,1.05,0.506,1.72807,1.72841,1.72616,1,0.159,0.731,-0.3157,1.72823,1.73304,1.73638,1.72435,1,0.0,0.5,0,1.72807,0.718,0.698,0,0.0,0.0,1.72706,1.70169,10.242,0,0,0,0.8,0.965,0.1281,0.965,0.753,2,0.558,0,0.611,1.72706,1.72559,0.085,0.664,0.0,2,0.0,0,0.558,0.224,0.664,0.337,0.33,0,1.72807,8,0.744,0.83,0.074,0.29,0.122,0.708,0.877,1.66286,1.64735,1.70357,1099945.1083,-8121.2936,1,1.66009,0.705,0.0,0.0,0.0,0.0,0,0.103,1,0,23513,0.78,0.55,0.417,33.0,30.7,0.1306,252.6,0.0,1,1,0.852,1.59509,1,1,0.825,1.54814,-1,52.45,0.404,0.596,0.0,1.0,0.0,0.0,0.0,0.5,0.0,0.51,0.334,0.5,0.472,0.0,0.319,0.0,0,0,0.368,0.817,0.0,0.396,0.0,0.209,0.564,0.0,0.584,0.5,0.0,1.0,0.94
70578,2025.03.13 18:00:00,EURAUDm,BREAKOUT,BUY,3,1.72952,1.72694,1.73651,2.71,0.538,1.7263,1.72821,1.72528,0,0.822,0.087,1.0322,1.72787,1.73305,1.73595,1.72553,1,0.0,0.5,0,1.7263,0.787,0.4,0,0.0,0.0,0.0,1.70169,9.835,0,0,0,0.825,-0.58,-0.0759,0.58,0.248,0,0.714,1,0.064,1.72645,1.72895,0.98,0.087,0.2969,0,0.4,2,1.0,0.581,1.032,0.563,0.36,1,1.7263,8,0.757,0.0,0.386,0.874,0.14,0.754,0.769,1.66286,1.64735,1.70499,1120771.0311,20825.9228,2,1.66009,0.708,0.0,0.0,0.0,0.0,0,0.115,1,0,23517,0.78,0.55,0.417,33.0,30.7,0.118,279.6,0.0,1,1,0.852,1.59509,1,1,0.825,1.54814,0,48.084,0.414,0.586,0.0,0.0,0.5,0.2,0.0,0.5,0.0,0.829,0.488,0.5,0.398,0.0,0.289,0.0,0,0,0.242,0.4,0.0,0.612,0.0,0.99,0.599,0.0,0.466,0.5,0.0,1.0,0.675
70580,2025.03.13 20:00:00,EURAUDm,MEAN_REVERSION,BUY,3,1.7266,1.72441,1.7285,0.87,0.6,1.72614,1.72817,1.72578,1,0.039,0.563,0.048,1.72607,1.73305,1.73479,1.72553,1,0.0,0.5,2,1.72614,0.761,0.0,2,0.0,0.0,0.0,1.70169,8.969,0,0,0,0.352,-0.527,-0.0127,0.527,0.906,2,0.647,1,0.148,1.7265,1.72781,0.083,0.563,0.0,2,0.0,0,0.647,0.177,0.563,0.314,0.294,0,1.72817,4,0.6,0.834,0.028,0.158,0.0,0.747,0.812,1.6586,1.6586,1.70499,967535.3114,-153235.7197,1,1.66009,0.706,0.0,0.0,0.0,0.0,0,0.122,1,0,23519,0.78,0.55,0.417,33.0,33.0,0.1204,274.0,0.0,1,1,0.852,1.59509,1,1,0.825,1.54814,1,47.996,0.536,0.464,0.0,1.0,1.0,0.6,0.0,0.5,0.0,0.682,0.493,0.5,0.553,0.0,0.392,0.0,0,0,0.327,0.807,0.0,0.594,0.0,0.331,0.479,0.0,0.575,0.5,0.0,1.0,0.687
70582,2025.03.13 20:03:40,EURAUDm,SWEEP_REVERSAL,BUY,3,1.72604,1.7233,1.7285,0.9,0.077,1.72614,1.72817,1.72578,0,0.039,0.563,-0.1564,1.72607,1.73305,1.73479,1.72553,1,0.0,0.5,2,1.72614,0.761,0.0,2,0.0,0.0,0.0,1.70169,8.969,0,0,0,0.352,-0.527,-0.0127,0.527,0.395,2,0.647,1,0.148,1.7265,1.72781,0.287,0.767,0.0,2,0.0,0,0.647,0.3,0.767,0.391,0.309,0,1.72817,4,0.6,0.426,0.181,0.158,0.0,0.747,0.812,1.6586,1.6586,1.70499,967535.3114,-153235.7197,1,1.66009,0.706,0.0,0.0,0.0,0.0,0,0.122,1,0,23519,0.78,0.55,0.417,33.0,33.0,0.1204,274.0,0.0,1,1,0.852,1.59509,1,1,0.825,1.54814,1,47.792,0.536,0.464,0.0,1.0,1.0,0.0,0.0,0.5,0.0,0.669,0.416,0.5,0.553,0.0,0.392,0.0,0,0,0.373,0.907,0.0,0.792,0.0,0.331,0.459,0.0,0.55,0.5,0.0,1.0,0.788
70584,2025.03.13 22:00:40,EURAUDm,BREAKOUT,BUY,1,1.72742,1.72341,1.73411,1.67,0.17,1.72618,1.72714,1.72565,1,0.029,0.744,0.2687,1.72607,1.73305,1.73479,1.72553,1,0.0,0.35,0,1.72618,0.718,0.44,0,0.0,0.0,0.0,1.70169,9.045,0,0,0,0.306,0.4392,0.0193,0.439,0.59,0,0.794,1,0.009,1.72629,1.72799,0.229,0.407,0.0,2,0.0,0,0.794,0.147,0.407,0.361,0.314,0,1.72565,5,0.6,0.542,0.123,0.132,0.0,0.776,0.929,1.6586,1.6586,1.70499,967535.3114,-153235.7197,1,1.66009,0.706,0.0,0.0,0.0,0.0,0,0.122,1,0,23521,0.776,0.556,0.409,52.0,268.8,0.1944,267.5,0.0,1,1,0.852,1.59509,1,1,0.825,1.54814,1,49.469,0.536,0.464,0.0,1.0,1.0,0.99,0.0,0.5,0.0,0.52,0.524,0.5,0.512,0.0,0.358,0.0,0,0,0.311,0.805,0.0,0.528,0.0,0.222,0.536,0.0,0.562,0.5,0.0,1.0,0.875
70585,2025.03.13 22:14:20,EURAUDm,TREND_CONTINUATION,BUY,1,1.72721,1.724,1.7339,2.08,0.248,1.72618,1.72714,1.72565,1,0.029,0.744,0.1902,1.72607,1.73305,1.73479,1.72553,1,0.0,0.35,0,1.72618,0.718,0.44,0,0.0,0.0,0.0,1.70169,9.045,0,0,0,0.306,0.4392,0.0193,0.439,0.701,0,0.794,1,0.009,1.72629,1.72799,0.15,0.485,0.0,2,0.0,0,0.794,0.167,0.485,0.345,0.316,0,1.72565,5,0.6,0.699,0.09,0.132,0.0,0.776,0.929,1.6586,1.6586,1.70499,967535.3114,-153235.7197,1,1.66009,0.706,0.0,0.0,0.0,0.0,0,0.122,1,0,23521,0.776,0.556,0.409,52.0,68.5,0.1944,267.5,0.0,1,1,0.852,1.59509,1,1,0.825,1.54814,1,49.391,0.536,0.464,0.0,1.0,1.0,0.59,0.0,0.5,0.0,0.267,0.596,0.5,0.514,0.0,0.364,0.0,0,0,0.357,0.805,0.0,0.476,0.0,0.222,0.516,0.0,0.595,0.5,0.0,1.0,0.882
70588,2025.03.13 22:31:59,EURAUDm,PULLBACK,BUY,1,1.72718,1.72317,1.73531,2.03,0.361,1.72618,1.72714,1.72565,1,0.029,0.744,0.179,1.72607,1.73305,1.73479,1.72553,1,0.0,0.35,0,1.72618,0.718,0.44,0,0.0,0.0,0.0,1.70169,9.045,0,0,0,0.306,0.4392,0.0193,0.439,0.701,0,0.794,1,0.009,1.72629,1.72799,0.139,0.496,0.0,2,0.0,0,0.794,0.171,0.496,0.345,0.317,0,1.72565,5,0.6,0.721,0.09,0.132,0.0,0.776,0.929,1.6586,1.6586,1.70499,967535.3114,-153235.7197,1,1.66009,0.706,0.0,0.0,0.0,0.0,0,0.122,1,0,23521,0.776,0.556,0.409,52.0,52.0,0.1944,267.5,0.0,1,1,0.852,1.59509,1,1,0.825,1.54814,1,49.379,0.536,0.464,0.0,1.0,1.0,0.37,0.0,0.5,0.0,0.606,0.56,0.5,0.562,0.0,0.419,0.0,0,0,0.372,0.805,0.0,0.476,0.0,0.222,0.514,0.0,0.595,0.5,0.0,1.0,0.882
70590,2025.03.14 01:35:40,EURAUDm,SWEEP_REVERSAL,BUY,1,1.72439,1.72191,1.72684,0.99,0.142,1.72651,1.72691,1.72545,0,0.037,0.487,-0.9861,1.72589,1.73305,1.73479,1.72553,0,0.0,0.45,0,1.72651,0.591,0.645,0,0.0,0.0,1.72675,1.70169,9.834,0,0,0,0.338,-0.5735,-0.0361,0.573,0.109,0,0.725,0,0.723,1.72569,1.72488,0.659,0.331,0.0,2,0.0,0,0.725,0.428,0.986,0.434,0.423,1,1.72651,8,0.718,0.0,0.267,0.172,0.145,0.808,0.915,1.66111,1.65228,1.70499,1209731.6014,242196.29,2,1.66009,0.711,0.0,0.0,0.0,0.0,0,0.127,1,0,23524,0.776,0.556,0.409,33.0,33.0,0.133,248.1,0.0,1,1,0.852,1.59509,1,1,0.825,1.54814,1,52.122,0.432,0.568,0.0,0.0,1.0,0.0,0.0,0.5,0.0,0.422,0.433,0.5,0.562,0.0,0.72,0.0,0,0,0.497,0.686,0.0,0.238,0.199,0.299,0.243,0.0,0.57,0.5,0.0,1.0,0.735
70591,2025.03.14 01:35:59,EURAUDm,MEAN_REVERSION,BUY,1,1.72449,1.72251,1.72684,1.18,0.665,1.72651,1.72691,1.72545,0,0.037,0.487,-0.9458,1.72589,1.73305,1.73479,1.72553,0,0.0,0.45,0,1.72651,0.591,0.645,0,0.0,0.0,1.72675,1.70169,9.834,0,0,0,0.338,-0.5735,-0.0361,0.573,0.109,0,0.725,0,0.723,1.72569,1.72488,0.618,0.291,0.0,2,0.0,0,0.725,0.41,0.946,0.434,0.421,1,1.72651,8,0.718,0.0,0.267,0.172,0.145,0.808,0.915,1.66111,1.65228,1.70499,1209731.6014,242196.29,2,1.66009,0.711,0.0,0.0,0.0,0.0,0,0.127,1,0,23524,0.776,0.556,0.409,33.0,33.0,0.133,248.1,0.0,1,1,0.852,1.59509,1,1,0.825,1.54814,1,52.162,0.432,0.568,0.0,0.0,1.0,0.01,0.0,0.5,0.0,0.422,0.426,0.5,0.562,0.0,0.72,0.0,0,0,0.501,0.686,0.0,0.238,0.199,0.299,0.248,0.0,0.57,0.5,0.0,1.0,0.735
70594,2025.03.14 03:35:59,EURAUDm,MEAN_REVERSION,BUY,1,1.72379,1.7219,1.72668,1.53,0.593,1.72405,1.72635,1.72344,1,0.015,0.323,-0.2492,1.72596,1.73305,1.73479,1.72553,0,0.0,0.6,2,1.72405,0.742,0.152,0,0.0,0.0,0.0,1.70169,9.753,0,0,-1,0.825,-0.755,-0.1177,0.755,0.237,2,0.601,0,0.539,1.72393,1.72332,0.198,0.059,0.0,2,0.0,0,0.601,0.622,1.5,0.414,0.404,1,1.72635,4,0.6,0.604,0.229,0.226,0.108,0.909,0.897,1.66111,1.65228,1.70499,1209731.6014,242196.29,2,1.66009,0.711,0.0,0.0,0.0,0.0,0,0.127,1,0,23526,0.776,0.556,0.409,33.0,33.0,0.1397,236.3,0.0,1,1,0.852,1.59509,1,1,0.825,1.54814,0,54.468,0.432,0.568,0.0,0.0,0.5,0.0,0.0,0.5,0.0,0.721,0.528,0.5,0.522,0.0,0.273,0.0,0,0,0.282,0.608,0.0,0.618,0.19,0.324,0.35,0.0,0.567,0.5,0.0,1.0,0.603
70595,2025.03.14 03:36:00,EURAUDm,SWEEP_REVERSAL,BUY,1,1.72376,1.7214,1.72668,1.24,0.129,1.72405,1.72635,1.72344,0,0.015,0.323,-0.2619,1.72596,1.73305,1.73479,1.72553,0,0.0,0.6,2,1.72405,0.742,0.152,0,0.0,0.0,0.0,1.70169,9.753,0,0,-1,0.825,-0.755,-0.1177,0.755,0.11,2,0.601,0,0.539,1.72393,1.72332,0.211,0.046,0.0,2,0.0,0,0.601,0.65,1.5,0.434,0.407,1,1.72635,4,0.6,0.579,0.267,0.226,0.108,0.909,0.897,1.66111,1.65228,1.70499,1209731.6014,242196.29,2,1.66009,0.711,0.0,0.0,0.0,0.0,0,0.127,1,0,23526,0.776,0.556,0.409,33.0,33.0,0.1397,236.3,0.0,1,1,0.852,1.59509,1,1,0.825,1.54814,0,54.455,0.432,0.568,0.0,0.0,0.5,0.0,0.0,0.5,0.0,0.721,0.502,0.5,0.522,0.0,0.295,0.0,0,0,0.276,0.576,0.0,0.618,0.213,0.364,0.35,0.0,0.567,0.5,0.0,1.0,0.67
70598,2025.03.14 05:56:40,EURAUDm,MEAN_REVERSION,BUY,1,1.72382,1.72211,1.72525,0.84,0.627,1.7238,1.72492,1.72329,1,0.592,1.449,-0.1449,1.7261,1.73305,1.73595,1.72553,0,0.0,0.4,0,1.724,0.771,0.902,0,0.0,0.0,0.0,1.70169,9.656,0,0,-1,0.975,-0.825,-0.1476,0.825,0.57,0,0.678,0,0.944,1.7238,1.72238,0.145,0.522,0.0,2,0.0,0,0.678,0.19,0.522,0.365,0.434,1,1.72492,4,0.6,0.71,0.129,0.247,0.189,0.992,0.869,1.66165,1.64586,1.70499,1333543.9515,123812.3501,2,1.66009,0.714,0.0,0.0,0.0,0.0,0,0.136,1,0,23528,0.776,0.556,0.409,33.0,33.0,0.1544,213.7,0.0,1,1,0.852,1.59509,1,1,0.825,1.54814,0,60.235,0.426,0.574,0.0,0.0,0.5,0.99,0.0,0.5,0.0,0.981,0.539,0.5,0.544,0.0,0.353,0.0,0,0,0.328,0.619,0.0,0.285,0.14,0.333,0.35,0.0,0.571,0.5,0.0,1.0,0.549
70600,2025.03.14 06:00:00,EURAUDm,ANCHORED_PULLBACK,BUY,1,1.72387,1.72354,1.72486,3.01,0.305,1.72359,1.72415,1.72255,1,0.024,0.412,-0.0242,1.7261,1.73305,1.73595,1.72553,0,0.0,0.5,0,1.72359,0.774,0.188,0,0.0,0.0,1.72259,1.70169,10.583,0,0,-1,0.7,-0.86,-0.2099,0.86,1.0,2,0.627,0,0.606,1.72367,1.72439,0.063,0.412,-0.0136,2,0.3,0,0.627,0.124,0.412,0.3,0.305,0,1.72255,5,0.6,0.874,0.12,0.258,0.226,0.828,0.808,1.66165,1.64586,1.70499,1333543.9515,123812.3501,2,1.66009,0.714,0.0,0.0,0.0,0.0,0,0.136,1,0,23529,0.776,0.556,0.409,33.0,33.0,0.1599,206.4,0.0,1,1,0.852,1.59509,1,1,0.825,1.54814,0,62.385,0.426,0.574,0.0,0.0,0.5,0.85,0.0,0.5,0.0,0.583,0.567,0.5,0.507,0.0,0.391,0.0,0,0,0.349,0.72,0.0,0.352,0.16,0.336,0.35,0.0,0.596,0.5,0.0,1.0,0.644
70602,2025.03.14 06:24:40,EURAUDm,SWEEP_REVERSAL,BUY,1,1.72217,1.72011,1.72392,0.85,0.129,1.72359,1.72415,1.72255,0,0.024,0.412,-0.8478,1.7261,1.73305,1.73595,1.72553,0,0.0,0.5,0,1.72359,0.774,0.188,0,0.0,0.0,1.72259,1.70169,10.583,0,0,-1,0.7,-0.86,-0.2099,0.86,0.114,0,0.688,0,0.606,1.72367,1.72215,0.887,0.15,0.0,2,0.0,0,0.688,0.384,0.887,0.433,0.396,1,1.72359,8,0.755,0.0,0.266,0.258,0.121,0.828,0.885,1.66165,1.64586,1.70499,1333543.9515,123812.3501,2,1.66009,0.714,0.0,0.0,0.0,0.0,0,0.136,1,0,23529,0.776,0.556,0.409,33.0,33.0,0.1599,206.4,0.0,1,1,0.852,1.59509,1,1,0.825,1.54814,0,61.561,0.426,0.574,0.0,0.0,0.5,0.0,0.0,0.5,0.0,0.5,0.251,0.5,0.531,0.0,0.415,0.0,0,0,0.474,0.631,0.0,0.333,0.228,0.425,0.257,0.0,0.564,0.5,0.0,1.0,0.738
70604,2025.03.14 07:56:40,EURAUDm,MEAN_REVERSION,BUY,1,1.71945,1.71776,1.72388,2.63,0.598,1.72355,1.72409,1.72235,0,0.632,0.218,-2.1008,1.72614,1.73305,1.73595,1.72553,0,0.0,0.4,0,1.72355,0.728,0.527,0,0.0,0.0,1.72124,1.70169,9.323,0,0,-1,1.0,-0.895,-0.2463,0.895,0.048,0,0.658,2,0.214,1.72278,1.72038,1.738,0.597,0.0,2,0.15,0,0.658,0.93,2.101,0.443,0.386,1,1.72355,8,0.746,0.0,0.345,0.269,0.053,0.867,0.93,1.66165,1.64586,1.70499,1333543.9515,123812.3501,2,1.66009,0.714,0.0,0.0,0.0,0.0,0,0.136,1,0,23530,0.761,0.562,0.405,33.0,31.4,0.1566,210.7,0.0,1,1,0.852,1.59509,1,1,0.825,1.54814,0,59.018,0.426,0.574,0.0,0.0,0.5,0.81,0.0,0.5,0.0,0.464,0.378,0.5,0.494,0.0,0.64,0.0,0,0,0.477,0.345,0.0,0.238,0.194,0.54,0.158,0.0,0.578,0.5,0.0,1.0,0.617
70606,2025.03.14 08:32:59,EURAUDm,SWEEP_REVERSAL,BUY,2,1.721,1.7188,1.72321,1.01,0.137,1.72288,1.72366,1.72086,0,0.758,0.192,-1.0067,1.72587,1.73285,1.73581,1.72516,0,0.0,0.45,0,1.72133,0.707,0.463,0,0.0,0.0,1.71872,1.70169,8.041,0,0,-1,1.0,-0.93,-0.2619,0.93,0.333,2,0.597,3,0.341,1.72117,1.72039,0.228,0.126,0.0,2,0.15,0,0.597,0.403,1.007,0.4,0.315,0,1.72288,1,0.7,0.545,0.26,0.279,0.053,0.787,0.875,1.65809,1.64631,1.70499,1247226.3549,-86317.5966,1,1.66009,0.719,0.0,0.0,0.0,0.0,0,0.122,1,0,23531,0.761,0.562,0.405,33.0,28.3,0.1503,219.6,0.0,1,1,0.852,1.59509,1,1,0.825,1.54814,0,57.344,0.496,0.504,0.0,1.0,0.5,0.22,0.0,0.5,0.0,0.65,0.358,0.5,0.52,0.0,0.546,0.0,0,0,0.459,0.377,0.0,0.333,0.21,0.487,0.35,0.0,0.547,0.5,0.0,1.0,0.617
70608,2025.03.14 12:00:40,EURAUDm,BREAKOUT_RETEST,BUY,2,1.72866,1.72786,1.72997,1.64,0.149,1.72838,1.72964,1.72105,1,0.005,0.564,-0.0178,1.72587,1.73285,1.73581,1.72398,1,0.0,0.85,2,1.72838,0.784,0.0,1,0.0,0.0,0.0,1.70169,9.829,0,0,0,0.099,0.0,-0.002,0.126,1.0,2,0.574,3,1.0,1.72812,1.72939,0.077,0.397,0.0,2,0.25,0,0.574,0.119,0.397,0.3,0.366,1,1.72964,4,0.6,0.846,0.1,0.0,0.088,0.97,0.886,1.65824,1.64764,1.70499,1097136.9039,-150089.451,1,1.66009,0.721,0.0,0.0,0.0,0.0,0,0.128,1,0,23535,0.761,0.562,0.405,33.0,33.0,0.124,266.2,0.0,1,1,0.852,1.59509,1,1,0.825,1.54814,-1,50.174,0.528,0.472,0.0,1.0,0.0,0.97,0.0,0.5,0.0,0.522,0.435,0.5,0.469,0.0,0.634,0.0,0,0,0.433,0.8,0.875,0.632,0.14,1.0,0.531,0.0,0.536,0.5,0.0,1.0,0.92
70610,2025.03.14 12:40:40,EURAUDm,PULLBACK,BUY,2,1.72472,1.72112,1.72871,1.11,0.286,1.72838,1.72964,1.72105,1,0.005,0.564,-1.4979,1.72587,1.73285,1.73581,1.72398,1,0.0,0.85,2,1.72838,0.784,0.0,1,0.0,0.0,0.0,1.70169,9.829,0,0,0,0.099,0.0,-0.002,0.126,0.154,2,0.574,3,1.0,1.72812,1.72408,1.403,0.115,0.0,2,0.25,0,0.574,0.639,1.498,0.427,0.427,1,1.72838,8,0.757,0.0,0.354,0.0,0.088,0.97,0.864,1.65824,1.64764,1.70499,1097136.9039,-150089.451,1,1.66009,0.721,0.0,0.0,0.0,0.0,0,0.128,1,0,23535,0.761,0.562,0.405,33.0,31.4,0.124,266.2,0.0,1,1,0.852,1.59509,1,1,0.825,1.54814,-1,48.694,0.528,0.472,0.0,1.0,0.0,0.0,0.0,0.5,0.0,0.76,0.26,0.5,0.485,0.0,0.321,0.0,0,0,0.418,0.631,0.0,0.468,0.1,0.955,0.471,0.0,0.479,0.5,0.0,1.0,0.835
70612,2025.03.14 12:48:40,EURAUDm,BREAKOUT,BUY,2,1.72374,1.72112,1.72669,1.12,0.135,1.72838,1.72964,1.72105,1,0.005,0.564,-1.866,1.72587,1.73285,1.73581,1.72398,0,0.0,0.85,2,1.72838,0.784,0.0,1,0.0,0.0,0.0,1.70169,9.829,0,0,0,0.099,0.0,-0.002,0.126,0.13,2,0.574,3,1.0,1.72055,1.72408,1.074,0.254,0.0,2,0.25,0,0.574,0.803,1.866,0.431,0.42,1,1.72105,5,0.6,0.0,0.361,0.0,0.088,0.762,0.864,1.65824,1.64764,1.70499,1097136.9039,-150089.451,1,1.66009,0.721,0.0,0.0,0.0,0.0,0,0.128,1,0,23535,0.761,0.562,0.405,33.0,31.4,0.124,266.2,0.0,1,1,0.852,1.59509,1,1,0.825,1.54814,-1,48.326,0.528,0.472,0.0,1.0,0.0,0.06,0.0,0.5,0.0,0.958,0.276,0.5,0.426,0.0,0.291,0.0,0,0,0.378,0.49,0.0,0.495,0.1,0.77,0.35,0.0,0.491,0.5,0.0,1.0,0.777
70614,2025.03.14 13:00:20,EURAUDm,ANCHORED_PULLBACK,BUY,4,1.72395,1.72304,1.72794,4.39,0.474,1.72794,1.72964,1.72334,1,1.193,0.207,-1.4642,1.72587,1.72575,1.73463,1.72161,1,0.0,0.65,2,1.72794,0.773,0.844,0,0.0,0.0,1.72348,1.70169,7.369,0,0,0,0.45,0.51,0.1124,0.51,0.406,2,0.605,0,0.217,1.7277,1.72406,1.382,0.15,0.0,2,0.4,0,0.605,0.57,1.464,0.389,0.289,0,1.72794,8,0.755,0.0,0.338,0.153,0.183,0.833,0.875,1.65824,1.64764,1.70499,1097136.9039,-150089.451,1,1.66009,0.721,0.0,0.0,0.0,0.0,0,0.128,1,0,23536,0.761,0.562,0.405,33.0,33.0,0.1118,295.2,0.0,1,1,0.852,1.59509,1,1,0.825,1.54814,0,43.65,0.528,0.472,0.0,1.0,0.5,0.76,0.0,0.5,0.0,0.936,0.486,0.5,0.467,0.0,0.28,0.0,0,0,0.26,0.429,0.0,0.559,0.163,0.723,0.567,0.0,0.496,0.5,0.0,1.0,0.709
70616,2025.03.14 13:00:40,EURAUDm,SWEEP_REVERSAL,BUY,4,1.72359,1.72064,1.72827,1.59,0.24,1.72794,1.72964,1.72334,0,1.193,0.207,-1.5861,1.72587,1.72575,1.73463,1.72161,1,0.0,0.65,2,1.72794,0.773,0.844,0,0.0,0.0,1.72348,1.70169,7.369,0,0,0,0.45,0.51,0.1124,0.51,0.356,2,0.605,0,0.217,1.7277,1.72406,1.504,0.272,0.0,2,0.4,0,0.605,0.629,1.586,0.397,0.296,0,1.72794,8,0.755,0.0,0.353,0.153,0.183,0.833,0.875,1.65824,1.64764,1.70499,1097136.9039,-150089.451,1,1.66009,0.721,0.0,0.0,0.0,0.0,0,0.128,1,0,23536,0.761,0.562,0.405,33.0,33.0,0.1118,295.2,0.0,1,1,0.852,1.59509,1,1,0.825,1.54814,0,43.528,0.528,0.472,0.0,1.0,0.5,0.26,0.0,0.5,0.0,0.936,0.456,0.5,0.495,0.0,0.302,0.0,0,0,0.296,0.365,0.0,0.466,0.175,0.777,0.381,0.0,0.501,0.5,0.0,1.0,0.781
70618,2025.03.14 13:10:59,EURAUDm,TREND_CONTINUATION,BUY,4,1.72365,1.72011,1.72827,1.3,0.3,1.72794,1.72964,1.72334,0,1.193,0.207,-1.5658,1.72587,1.72575,1.73463,1.72161,1,0.0,0.65,2,1.72794,0.773,0.844,0,0.0,0.0,1.72348,1.70169,7.369,0,0,0,0.45,0.51,0.1124,0.51,0.356,2,0.605,0,0.217,1.7277,1.72406,1.484,0.252,0.0,2,0.4,0,0.605,0.621,1.566,0.397,0.295,0,1.72794,8,0.755,0.0,0.353,0.153,0.183,0.833,0.875,1.65824,1.64764,1.70499,1097136.9039,-150089.451,1,1.66009,0.721,0.0,0.0,0.0,0.0,0,0.128,1,0,23536,0.761,0.562,0.405,33.0,32.2,0.1118,295.2,0.0,1,1,0.852,1.59509,1,1,0.825,1.54814,0,43.548,0.528,0.472,0.0,1.0,0.5,0.25,0.0,0.5,0.0,0.932,0.535,0.5,0.508,0.0,0.326,0.0,0,0,0.304,0.365,0.0,0.559,0.175,0.777,0.384,0.0,0.501,0.5,0.0,1.0,0.781
70620,2025.03.14 14:01:40,EURAUDm,MEAN_REVERSION,BUY,4,1.72155,1.71901,1.72362,0.81,0.599,1.72799,1.72917,1.72352,0,0.773,0.033,-2.1304,1.72587,1.72575,1.73345,1.72043,1,0.0,0.6,2,1.72846,0.772,0.0,2,0.0,0.0,1.72413,1.70169,6.019,0,0,0,0.75,0.545,0.1247,0.545,0.08,2,0.597,3,0.395,1.72329,1.72141,0.651,0.059,0.0,2,0.4,0,0.597,0.998,2.278,0.438,0.363,1,1.72329,2,0.55,0.0,0.436,0.164,0.14,0.863,0.877,1.65824,1.64764,1.70499,1097136.9039,-150089.451,1,1.66009,0.721,0.0,0.0,0.0,0.0,0,0.128,1,0,23537,0.761,0.562,0.405,33.0,33.0,0.1038,317.9,0.0,1,1,0.852,1.59509,1,1,0.825,1.54814,0,39.776,0.528,0.472,0.0,1.0,0.5,0.66,0.0,0.5,0.0,0.545,0.369,0.5,0.522,0.0,0.395,0.0,0,0,0.394,0.28,0.0,0.73,0.183,0.258,0.255,0.0,0.478,0.5,0.0,1.0,0.833
70622,2025.03.14 15:00:40,EURAUDm,BREAKOUT_RETEST,BUY,4,1.72131,1.72024,1.72383,2.36,0.493,1.7235,1.72721,1.72023,1,0.245,0.656,-0.7914,1.72587,1.72575,1.73345,1.72043,1,0.0,0.8,0,1.72176,0.76,0.563,0,0.0,0.0,1.72081,1.70169,5.918,0,0,0,0.825,0.58,0.1092,0.58,0.604,0,0.686,3,0.697,1.72154,1.72263,0.175,0.518,0.0,2,0.25,0,0.686,0.284,0.791,0.359,0.371,1,1.7235,1,0.7,0.65,0.219,0.174,0.088,0.931,0.844,1.65824,1.64764,1.70499,1097136.9039,-150089.451,1,1.66009,0.721,0.0,0.0,0.0,0.0,0,0.128,1,0,23538,0.761,0.562,0.405,33.0,32.2,0.1036,318.4,0.0,1,1,0.852,1.59509,1,1,0.825,1.54814,0,39.638,0.528,0.472,0.0,1.0,0.5,0.4,0.0,0.5,0.0,0.934,0.417,0.5,0.509,0.0,0.515,0.0,0,0,0.408,0.8,0.0,0.713,0.1,0.282,0.54,0.0,0.478,0.5,0.0,1.0,0.894
70623,2025.03.14 15:00:59,EURAUDm,ANCHORED_PULLBACK,BUY,4,1.72131,1.71991,1.7235,1.57,0.506,1.7235,1.72721,1.72023,1,0.245,0.656,-0.7914,1.72587,1.72575,1.73345,1.72043,1,0.0,0.8,0,1.72176,0.76,0.563,0,0.0,0.0,1.72081,1.70169,5.918,0,0,0,0.825,0.58,0.1092,0.58,0.604,0,0.686,3,0.697,1.72154,1.72263,0.175,0.518,0.0,2,0.25,0,0.686,0.284,0.791,0.359,0.371,1,1.7235,1,0.7,0.65,0.219,0.174,0.088,0.931,0.844,1.65824,1.64764,1.70499,1097136.9039,-150089.451,1,1.66009,0.721,0.0,0.0,0.0,0.0,0,0.128,1,0,23538,0.761,0.562,0.405,33.0,32.2,0.1036,318.4,0.0,1,1,0.852,1.59509,1,1,0.825,1.54814,0,39.638,0.528,0.472,0.0,1.0,0.5,0.4,0.0,0.5,0.0,0.934,0.427,0.5,0.509,0.0,0.515,0.0,0,0,0.402,0.8,0.0,0.713,0.1,0.282,0.54,0.0,0.478,0.5,0.0,1.0,0.894
70626,2025.03.14 15:02:40,EURAUDm,PULLBACK,BUY,4,1.72154,1.71676,1.73365,2.53,0.54,1.7235,1.72721,1.72023,1,0.245,0.656,-0.6783,1.72587,1.72575,1.73345,1.72043,1,0.0,0.8,0,1.72176,0.76,0.563,0,0.0,0.0,1.72081,1.70169,5.918,0,0,0,0.825,0.58,0.1092,0.58,0.849,0,0.686,3,0.697,1.72154,1.72263,0.062,0.404,0.0,2,0.25,0,0.686,0.219,0.678,0.323,0.363,1,1.72023,5,0.6,0.876,0.145,0.174,0.088,0.931,0.844,1.65824,1.64764,1.70499,1097136.9039,-150089.451,1,1.66009,0.721,0.0,0.0,0.0,0.0,0,0.128,1,0,23538,0.761,0.562,0.405,20.0,30.9,0.0628,318.4,0.0,1,1,0.852,1.59509,1,1,0.825,1.54814,0,39.711,0.528,0.472,0.0,1.0,0.5,0.99,0.0,0.5,0.0,0.794,0.419,0.5,0.509,0.0,0.515,0.0,0,0,0.407,0.8,0.0,0.642,0.1,0.282,0.54,0.0,0.502,0.5,0.0,1.0,0.94
70628,2025.03.14 15:20:40,EURAUDm,TREND_CONTINUATION,BUY,4,1.72164,1.71782,1.7296,2.08,0.458,1.7235,1.72721,1.72023,1,0.245,0.656,-0.6469,1.72587,1.72575,1.73345,1.72043,1,0.0,0.8,0,1.72176,0.76,0.563,0,0.0,0.0,1.72081,1.70169,5.918,0,0,0,0.825,0.58,0.1092,0.58,0.849,0,0.686,3,0.697,1.72154,1.72263,0.031,0.373,0.0,2,0.25,0,0.686,0.209,0.647,0.323,0.362,1,1.72023,5,0.6,0.938,0.145,0.174,0.088,0.931,0.844,1.65824,1.64764,1.70499,1097136.9039,-150089.451,1,1.66009,0.721,0.0,0.0,0.0,0.0,0,0.128,1,0,23538,0.761,0.562,0.405,20.0,27.1,0.0628,318.4,0.0,1,1,0.852,1.59509,1,1,0.825,1.54814,0,39.742,0.528,0.472,0.0,1.0,0.5,0.99,0.0,0.5,0.0,0.71,0.6,0.5,0.531,0.0,0.478,0.0,0,0,0.41,0.8,0.0,0.489,0.1,0.364,0.54,0.0,0.502,0.5,0.0,1.0,0.94
70630,2025.03.14 15:53:40,EURAUDm,SWEEP_REVERSAL,BUY,4,1.71949,1.71631,1.72209,0.82,0.197,1.7235,1.72721,1.72023,0,0.245,0.656,-1.3629,1.72587,1.72575,1.73345,1.72043,0,0.0,0.8,0,1.72176,0.76,0.563,0,0.0,0.0,1.72081,1.70169,5.918,0,0,0,0.825,0.58,0.1092,0.58,0.333,0,0.686,3,0.697,1.72154,1.72263,0.747,1.089,0.0,2,0.25,0,0.686,0.545,1.363,0.4,0.401,1,1.72176,8,0.752,0.0,0.3,0.174,0.088,0.931,0.844,1.65824,1.64764,1.70499,1097136.9039,-150089.451,1,1.66009,0.721,0.0,0.0,0.0,0.0,0,0.128,1,0,23538,0.761,0.562,0.405,33.0,27.6,0.1036,318.4,0.0,1,1,0.852,1.59509,1,1,0.825,1.54814,0,39.067,0.528,0.472,0.0,1.0,0.5,0.0,0.0,0.5,0.0,0.674,0.441,0.5,0.516,0.0,0.319,0.0,0,0,0.318,0.496,0.0,0.489,0.1,0.498,0.229,0.0,0.502,0.5,0.0,1.0,0.902
70632,2025.03.14 16:48:40,EURAUDm,BREAKOUT,BUY,4,1.72257,1.72075,1.72511,1.39,0.261,1.72073,1.72366,1.71916,1,0.018,1.271,0.4803,1.72587,1.72658,1.73283,1.7192,1,0.0,0.5,2,1.72073,0.771,0.555,0,0.0,0.0,0.0,1.70169,6.087,0,0,0,0.6,0.615,0.0676,0.615,0.385,0,0.683,3,0.477,1.72118,1.72253,0.337,0.093,0.0,2,0.25,0,0.683,0.188,0.48,0.392,0.325,0,1.72073,8,0.754,0.326,0.285,0.185,0.088,0.88,0.836,1.65824,1.64764,1.7041,1010060.3757,-87076.5283,1,1.66009,0.723,1.68342,0.268,0.0,0.0,0,0.151,1,0,23539,0.761,0.562,0.405,33.0,27.5,0.1052,313.7,0.0,1,1,0.852,1.59509,1,1,0.825,1.54814,0,40.636,0.494,0.506,0.0,1.0,0.5,0.43,0.0,0.5,0.0,0.612,0.626,0.5,0.494,0.0,0.289,0.0,0,0,0.339,0.668,0.0,0.588,0.1,0.394,0.514,0.0,0.505,0.5,0.0,1.0,0.894
70634,2025.03.14 17:00:40,EURAUDm,BREAKOUT_RETEST,BUY,3,1.72071,1.71973,1.72253,1.85,0.371,1.72096,1.7222,1.71971,1,0.031,0.47,-0.183,1.72067,1.72658,1.73169,1.7192,1,0.0,0.45,0,1.72096,0.744,0.648,0,0.0,0.0,1.7219,1.70169,6.052,0,0,0,0.52,0.6945,0.0337,0.695,0.394,0,0.795,1,0.092,1.7211,1.7193,0.227,0.343,0.0,2,0.0,0,0.795,0.134,0.343,0.391,0.336,0,1.7222,4,0.6,0.546,0.182,0.208,0.0,0.877,0.924,1.65824,1.64764,1.7041,1010060.3757,-87076.5283,1,1.66009,0.723,1.68342,0.268,0.0,0.0,0,0.151,1,0,23540,0.751,0.561,0.398,33.0,26.9,0.1046,315.4,0.0,1,1,0.852,1.59509,1,1,0.825,1.54814,0,39.834,0.494,0.506,0.0,1.0,0.5,0.0,0.0,0.5,0.0,0.855,0.426,0.5,0.52,0.0,0.306,0.0,0,0,0.323,0.811,0.0,0.748,0.276,0.381,0.466,0.0,0.505,0.5,0.0,1.0,0.839
70636,2025.03.14 17:09:40,EURAUDm,MEAN_REVERSION,BUY,3,1.72048,1.71796,1.72253,0.81,0.672,1.72096,1.7222,1.71971,1,0.031,0.47,-0.256,1.72067,1.72658,1.73169,1.7192,1,0.0,0.45,0,1.72096,0.744,0.648,0,0.0,0.0,1.7219,1.70169,6.052,0,0,0,0.52,0.6945,0.0337,0.695,0.353,0,0.795,1,0.092,1.7211,1.7193,0.3,0.27,0.0,2,0.0,0,0.795,0.596,1.5,0.397,0.389,1,1.7222,4,0.6,0.4,0.194,0.208,0.0,0.877,0.924,1.65824,1.64764,1.7041,1010060.3757,-87076.5283,1,1.66009,0.723,1.68342,0.268,0.0,0.0,0,0.151,1,0,23540,0.751,0.561,0.398,33.0,27.7,0.1046,315.4,0.0,1,1,0.852,1.59509,1,1,0.825,1.54814,0,39.761,0.494,0.506,0.0,1.0,0.5,0.06,0.0,0.5,0.0,0.833,0.251,0.5,0.524,0.0,0.301,0.0,0,0,0.427,0.811,0.0,0.748,0.276,0.381,0.448,0.0,0.505,0.5,0.0,1.0,0.839
70638,2025.03.14 17:36:59,EURAUDm,PULLBACK,BUY,3,1.72124,1.71651,1.73202,2.28,0.453,1.72096,1.7222,1.71971,1,0.031,0.47,-0.015,1.72067,1.72658,1.73169,1.7192,1,0.0,0.45,0,1.72096,0.744,0.648,0,0.0,0.0,1.7219,1.70169,6.052,0,0,0,0.52,0.6945,0.0337,0.695,1.0,0,0.795,1,0.092,1.7211,1.7193,0.059,0.511,0.0,2,0.0,0,0.795,0.153,0.511,0.3,0.338,0,1.71971,5,0.6,0.882,0.0,0.208,0.0,0.877,0.924,1.65824,1.64764,1.7041,1010060.3757,-87076.5283,1,1.66009,0.723,1.68342,0.268,0.0,0.0,0,0.151,1,0,23540,0.751,0.561,0.398,33.0,28.3,0.1046,315.4,0.0,1,1,0.852,1.59509,1,1,0.825,1.54814,0,40.002,0.494,0.506,0.0,1.0,0.5,0.62,0.0,0.5,0.0,0.839,0.746,0.5,0.539,0.0,0.285,0.0,0,0,0.423,0.811,0.0,0.475,0.27,0.381,0.455,0.0,0.53,0.5,0.0,1.0,0.81
70639,2025.03.14 17:37:00,EURAUDm,TREND_CONTINUATION,BUY,3,1.72123,1.71745,1.72911,2.08,0.356,1.72096,1.7222,1.71971,1,0.031,0.47,-0.0182,1.72067,1.72658,1.73169,1.7192,1,0.0,0.45,0,1.72096,0.744,0.648,0,0.0,0.0,1.7219,1.70169,6.052,0,0,0,0.52,0.6945,0.0337,0.695,1.0,0,0.795,1,0.092,1.7211,1.7193,0.062,0.508,0.0,2,0.0,0,0.795,0.152,0.508,0.3,0.338,0,1.71971,5,0.6,0.876,0.0,0.208,0.0,0.877,0.924,1.65824,1.64764,1.7041,1010060.3757,-87076.5283,1,1.66009,0.723,1.68342,0.268,0.0,0.0,0,0.151,1,0,23540,0.751,0.561,0.398,33.0,28.3,0.1046,315.4,0.0,1,1,0.852,1.59509,1,1,0.825,1.54814,0,39.999,0.494,0.506,0.0,1.0,0.5,0.61,0.0,0.5,0.0,0.839,0.735,0.5,0.539,0.0,0.285,0.0,0,0,0.417,0.811,0.0,0.475,0.27,0.381,0.455,0.0,0.53,0.5,0.0,1.0,0.81
0,2025.03.16 21:07:30,EURAUDm,MEAN_REVERSION,BUY,3,1.72287,1.7205,1.72515,0.96,0.688,1.72039,1.72105,1.71972,0,0.476,0.025,-0.7673,1.72067,1.7268,1.73001,1.71898,0,0.0,0.45,0,1.72039,0.791,0.749,0,0.0,0.0,0.0,1.70169,5.675,0,0,-1,0.9,-0.615,-0.2719,0.615,0.011,0,0.839,0,0.628,1.71994,1.71883,0.617,0.242,0.0,2,0.4,0,0.839,0.344,0.767,0.448,0.359,1,1.72039,8,0.758,0.0,0.457,0.185,0.266,0.727,0.969,1.6586,1.6586,1.7041,963377.5023,-101806.772,1,1.66009,0.728,1.68342,0.269,0.0,0.0,0,0.136,1,0,23544,0.751,0.561,0.398,476.0,46.3,1.6046,296.6,0.0,1,1,0.852,1.59509,1,1,0.825,1.54814,1,43.075,0.5,0.5,0.0,1.0,1.0,0.0,0.0,0.5,0.0,0.523,0.485,0.5,0.6,0.0,0.317,0.0,0,0,0.316,0.38,0.0,0.44,0.194,0.322,0.124,0.0,0.526,0.5,0.0,1.0,0.673
0,2025.03.16 21:08:59,EURAUDm,SWEEP_REVERSAL,BUY,3,1.72379,1.72082,1.72619,0.81,0.277,1.72039,1.72105,1.71972,0,0.476,0.025,-0.8078,1.72067,1.7268,1.73001,1.71898,0,0.0,0.45,0,1.72039,0.791,0.749,0,0.0,0.0,0.0,1.70169,5.675,0,0,-1,0.9,-0.615,-0.2719,0.615,0.011,0,0.839,0,0.628,1.71994,1.71883,0.658,0.282,0.0,2,0.4,0,0.839,0.362,0.808,0.448,0.361,1,1.72039,8,0.758,0.0,0.457,0.185,0.266,0.727,0.969,1.6586,1.6586,1.7041,963377.5023,-101806.772,1,1.66009,0.728,1.68342,0.269,0.0,0.0,0,0.136,1,0,23544,0.751,0.561,0.398,580.0,72.6,1.9552,296.6,0.0,1,1,0.852,1.59509,1,1,0.825,1.54814,1,43.386,0.5,0.5,0.0,1.0,1.0,0.0,0.0,0.5,0.0,0.523,0.502,0.5,0.572,0.0,0.288,0.0,0,0,0.288,0.38,0.0,0.252,0.194,0.322,0.122,0.0,0.526,0.5,0.0,1.0,0.673
70642,2025.03.16 23:00:00,EURAUDm,ANCHORED_PULLBACK,BUY,1,1.72016,1.71956,1.72306,4.8,0.305,1.7192,1.72017,1.71693,1,0.216,0.068,0.2158,1.72091,1.72707,1.73053,1.71967,1,0.0,0.75,0,1.7192,0.744,0.035,0,0.0,0.0,1.71835,1.70169,6.209,0,0,0,0.7,-0.86,-0.1361,0.86,0.331,2,0.635,3,0.349,1.7192,1.71963,0.216,0.068,0.0,2,0.15,0,0.635,0.601,1.5,0.4,0.375,1,1.71693,5,0.6,0.568,0.261,0.258,0.053,1.0,0.917,1.6586,1.6586,1.7041,963377.5023,-101806.772,1,1.66009,0.728,1.68342,0.269,0.0,0.0,0,0.136,1,0,23546,0.751,0.561,0.398,33.0,101.6,0.113,292.1,0.0,1,1,0.852,1.59509,1,1,0.825,1.54814,1,42.822,0.5,0.5,0.0,1.0,1.0,0.98,0.0,0.5,0.0,0.596,0.539,0.5,0.584,0.0,0.715,0.0,0,0,0.484,0.595,1.0,1.0,0.189,0.432,0.508,0.0,0.505,0.5,0.0,1.0,0.684
70644,2025.03.17 01:19:40,EURAUDm,MEAN_REVERSION,BUY,1,1.71827,1.71632,1.71988,0.83,0.592,1.71827,1.71982,1.71781,1,0.179,0.63,-0.1338,1.72027,1.72707,1.72954,1.71868,0,0.0,0.55,0,1.71955,0.744,0.244,0,0.0,0.0,1.71908,1.70169,6.988,0,0,0,0.8,-0.755,-0.1148,0.755,0.747,2,0.644,0,0.545,1.71827,1.71708,0.134,0.355,0.0,2,0.25,0,0.644,0.223,0.66,0.338,0.343,0,1.71955,8,0.749,0.732,0.176,0.226,0.196,1.0,0.792,1.65809,1.64631,1.70417,1236683.5878,273306.0854,2,1.66009,0.729,1.68342,0.27,0.0,0.0,0,0.14,1,0,23548,0.751,0.561,0.398,33.0,30.7,0.1356,243.4,0.0,1,1,0.852,1.59509,1,1,0.825,1.54814,0,50.617,0.453,0.547,0.0,0.0,0.5,0.0,0.0,0.5,0.0,0.306,0.43,0.5,0.556,0.0,0.37,0.0,0,0,0.357,0.69,0.0,0.307,0.093,0.126,0.305,0.0,0.556,0.5,0.0,1.0,0.644
70645,2025.03.17 01:28:00,EURAUDm,SWEEP_REVERSAL,BUY,1,1.71788,1.71545,1.71988,0.82,0.213,1.71827,1.71982,1.71781,0,0.179,0.63,-0.294,1.72027,1.72707,1.72954,1.71868,0,0.0,0.55,0,1.71955,0.744,0.244,0,0.0,0.0,1.71908,1.70169,6.988,0,0,0,0.8,-0.755,-0.1148,0.755,0.378,2,0.644,0,0.545,1.71827,1.71708,0.294,0.195,0.0,2,0.25,0,0.644,0.323,0.82,0.393,0.354,1,1.71955,8,0.749,0.412,0.287,0.226,0.196,1.0,0.792,1.65809,1.64631,1.70417,1236683.5878,273306.0854,2,1.66009,0.729,1.68342,0.27,0.0,0.0,0,0.14,1,0,23548,0.751,0.561,0.398,33.0,30.7,0.1356,243.4,0.0,1,1,0.852,1.59509,1,1,0.825,1.54814,0,50.457,0.453,0.547,0.0,0.0,0.5,0.09,0.0,0.5,0.0,0.376,0.531,0.5,0.588,0.0,0.524,0.0,0,0,0.404,0.62,0.0,0.342,0.067,0.238,0.198,0.0,0.531,0.5,0.0,1.0,0.738
70648,2025.03.17 06:51:40,EURAUDm,SWEEP_REVERSAL,BUY,1,1.71861,1.71684,1.72045,1.04,0.154,1.71855,1.72012,1.71835,0,0.105,0.259,-0.1549,1.72027,1.72707,1.72954,1.71967,0,0.0,0.65,0,1.71855,0.705,0.897,0,0.0,0.0,1.71868,1.70169,9.626,0,0,-1,0.062,0.0,-0.0015,0.297,0.3,0,0.724,3,0.361,1.71849,1.71814,0.116,0.076,0.0,2,0.15,0,0.724,0.608,1.5,0.405,0.384,1,1.72012,4,0.6,0.767,0.27,0.0,0.053,0.877,0.821,1.66222,1.64608,1.70443,1285807.407,49123.8192,2,1.66009,0.733,1.68342,0.271,0.0,0.0,0,0.147,1,0,23553,0.754,0.563,0.39,33.0,28.3,0.1864,177.1,0.0,1,1,0.852,1.59509,1,1,0.825,1.54814,0,69.757,0.415,0.585,0.0,0.0,0.5,0.0,0.0,0.5,0.0,1.0,0.411,0.5,0.514,0.0,0.494,0.0,0,0,0.405,0.711,0.0,0.499,0.1,0.476,0.334,0.0,0.553,0.478,0.0,1.0,0.738
70650,2025.03.17 07:21:40,EURAUDm,MEAN_REVERSION,BUY,1,1.71737,1.71593,1.71971,1.62,0.69,1.71951,1.72021,1.71897,0,0.791,0.071,-1.2991,1.72027,1.72707,1.72954,1.71967,0,0.0,0.4,0,1.71951,0.724,0.336,0,0.0,0.0,1.71951,1.70169,9.023,0,0,-1,0.675,0.51,0.0702,0.51,0.044,0,0.809,0,0.456,1.71951,1.71773,1.299,0.308,0.0,2,0.4,0,0.809,0.576,1.299,0.443,0.374,1,1.71951,8,0.745,0.0,0.447,0.153,0.231,0.862,0.959,1.66222,1.64608,1.70443,1285807.407,49123.8192,2,1.66009,0.733,1.68342,0.271,0.0,0.0,0,0.147,1,0,23554,0.754,0.563,0.39,20.0,29.2,0.1112,179.9,0.0,1,1,0.852,1.59509,1,1,0.825,1.54814,-1,67.96,0.415,0.585,0.0,0.0,0.0,0.77,0.0,0.5,0.0,0.522,0.508,0.5,0.491,0.0,0.408,0.0,0,0,0.315,0.331,0.017,0.505,0.1,0.401,0.12,0.0,0.557,0.478,0.0,1.0,0.777
70652,2025.03.17 07:40:40,EURAUDm,PULLBACK,BUY,1,1.71594,1.71324,1.71984,1.44,0.353,1.71951,1.72021,1.71897,0,0.791,0.071,-2.1661,1.72027,1.72707,1.72954,1.71967,0,0.0,0.4,0,1.71951,0.724,0.336,0,0.0,0.0,1.71951,1.70169,9.023,0,0,-1,0.675,0.51,0.0702,0.51,0.044,0,0.809,0,0.456,1.71951,1.71773,2.166,1.175,0.0,2,0.4,0,0.809,0.96,2.166,0.443,0.419,1,1.71951,8,0.745,0.0,0.447,0.153,0.231,0.862,0.959,1.66222,1.64608,1.70443,1285807.407,49123.8192,2,1.66009,0.733,1.68342,0.271,0.0,0.0,0,0.147,1,0,23554,0.754,0.563,0.39,33.0,31.4,0.1834,179.9,0.0,1,1,0.852,1.59509,1,1,0.825,1.54814,-1,67.166,0.415,0.585,0.0,0.0,0.0,0.0,0.0,0.5,0.0,0.448,0.434,0.5,0.481,0.0,0.475,0.0,0,0,0.374,0.331,0.0,0.101,0.1,0.461,0.12,0.0,0.557,0.478,0.0,1.0,0.777
70653,2025.03.17 07:40:59,EURAUDm,TREND_CONTINUATION,BUY,1,1.71594,1.71378,1.71984,1.81,0.416,1.71951,1.72021,1.71897,0,0.791,0.071,-2.1661,1.72027,1.72707,1.72954,1.71967,0,0.0,0.4,0,1.71951,0.724,0.336,0,0.0,0.0,1.71951,1.70169,9.023,0,0,-1,0.675,0.51,0.0702,0.51,0.044,0,0.809,0,0.456,1.71951,1.71773,2.166,1.175,0.0,2,0.4,0,0.809,0.96,2.166,0.443,0.419,1,1.71951,8,0.745,0.0,0.447,0.153,0.231,0.862,0.959,1.66222,1.64608,1.70443,1285807.407,49123.8192,2,1.66009,0.733,1.68342,0.271,0.0,0.0,0,0.147,1,0,23554,0.754,0.563,0.39,33.0,31.4,0.1834,179.9,0.0,1,1,0.852,1.59509,1,1,0.825,1.54814,-1,67.166,0.415,0.585,0.0,0.0,0.0,0.0,0.0,0.5,0.0,0.448,0.425,0.5,0.481,0.0,0.475,0.0,0,0,0.379,0.331,0.0,0.101,0.1,0.461,0.12,0.0,0.557,0.478,0.0,1.0,0.777
70656,2025.03.17 08:51:40,EURAUDm,SWEEP_REVERSAL,BUY,2,1.71701,1.71516,1.71972,1.47,0.158,1.71952,1.72067,1.71735,0,1.819,0.3,-1.4656,1.72014,1.72653,1.72914,1.71869,0,0.0,0.65,0,1.71952,0.692,0.364,0,0.0,0.0,1.71611,1.70169,7.682,0,0,-1,0.75,0.545,0.091,0.545,0.2,0,0.664,3,0.672,1.71952,1.71658,1.466,0.123,0.0,2,0.15,0,0.664,0.616,1.466,0.42,0.401,1,1.71952,8,0.738,0.0,0.3,0.164,0.053,0.812,0.845,1.66222,1.64608,1.7263,1765323.7121,479516.3051,2,1.66009,0.737,1.68342,0.273,0.0,0.0,0,0.087,1,0,23555,0.754,0.563,0.39,20.0,25.3,0.1081,184.9,0.0,1,1,0.852,1.59509,1,1,0.825,1.54814,-1,65.928,0.5,0.5,0.0,0.0,0.0,0.99,0.0,0.5,0.0,0.589,0.527,0.5,0.436,0.0,0.483,0.0,0,0,0.34,0.286,0.0,0.435,0.1,0.943,0.567,0.0,0.541,0.478,0.0,1.0,0.777
70658,2025.03.17 09:26:40,EURAUDm,MEAN_REVERSION,BUY,2,1.71627,1.71564,1.71926,4.74,0.625,1.71642,1.71893,1.71549,1,0.027,0.596,-0.2583,1.72063,1.72637,1.72902,1.71947,0,0.0,0.65,0,1.71642,0.8,0.146,0,0.0,0.0,0.0,1.70169,7.947,0,0,-1,0.344,-0.4643,-0.0224,0.464,0.796,2,0.638,3,0.707,1.71616,1.71536,0.116,0.311,0.0,2,0.0,0,0.638,0.103,0.311,0.331,0.371,1,1.71893,4,0.6,0.768,0.061,0.139,0.0,0.894,0.932,1.66222,1.64608,1.7263,1765323.7121,479516.3051,2,1.66009,0.737,1.68342,0.273,0.0,0.0,0,0.087,1,0,23556,0.754,0.563,0.39,33.0,25.3,0.1775,185.9,0.0,1,1,0.852,1.59509,1,1,0.825,1.54814,-1,65.176,0.5,0.5,0.0,0.0,0.0,0.08,0.0,0.5,0.0,0.505,0.481,0.5,0.466,0.0,0.464,0.0,0,0,0.337,0.725,0.0,0.257,0.067,0.427,0.35,0.0,0.567,0.478,0.0,1.0,0.73
70660,2025.03.17 11:51:40,EURAUDm,MEAN_REVERSION,BUY,2,1.71608,1.71448,1.71739,0.82,0.626,1.71632,1.71719,1.71592,0,0.409,0.01,-0.2179,1.72055,1.72656,1.72912,1.71889,0,0.0,0.4,0,1.71632,0.774,0.805,0,0.0,0.0,1.71725,1.70169,8.126,0,0,-1,0.825,-0.755,-0.1339,0.755,0.492,0,0.702,0,0.681,1.71639,1.71504,0.258,0.421,0.0,2,0.15,0,0.702,0.158,0.421,0.376,0.376,1,1.71719,4,0.6,0.484,0.212,0.226,0.189,0.958,0.963,1.66222,1.64608,1.7263,1765323.7121,479516.3051,2,1.66009,0.737,1.68342,0.273,0.0,0.0,0,0.087,1,0,23558,0.754,0.563,0.39,20.0,22.3,0.1001,199.8,0.0,1,1,0.852,1.59509,1,1,0.825,1.54814,-1,60.56,0.5,0.5,0.0,0.0,0.0,0.18,0.0,0.5,0.0,1.0,0.314,0.5,0.512,0.0,0.342,0.0,0,0,0.402,0.499,0.0,0.386,0.1,0.282,0.325,0.0,0.541,0.478,0.0,1.0,0.697
70662,2025.03.17 13:34:40,EURAUDm,SWEEP_REVERSAL,BUY,4,1.71565,1.71371,1.71729,0.85,0.147,1.71696,1.71739,1.71618,0,0.193,0.997,-0.8479,1.72034,1.72705,1.7295,1.7197,0,0.0,0.35,0,1.71696,0.766,0.796,0,0.0,0.0,1.71702,1.70169,8.164,0,0,-1,0.975,-0.825,-0.2056,0.825,0.082,0,0.711,0,0.833,1.71644,1.71506,0.58,0.134,0.0,2,0.0,0,0.711,0.371,0.848,0.438,0.422,1,1.71696,8,0.753,0.0,0.275,0.247,0.167,0.771,0.97,1.66165,1.64586,1.70484,1327827.8146,-437495.8975,1,1.66009,0.739,1.68342,0.274,0.0,0.0,0,0.135,1,0,23560,0.756,0.566,0.386,33.0,23.8,0.1704,193.7,0.0,1,1,0.852,1.59509,1,1,0.825,1.54814,-1,62.236,0.59,0.41,0.0,1.0,0.0,0.0,0.0,0.5,0.0,0.688,0.44,0.5,0.503,0.0,0.514,0.0,0,0,0.393,0.608,0.0,0.475,0.067,0.294,0.152,0.0,0.548,0.478,0.0,1.0,0.766
70664,2025.03.17 13:51:40,EURAUDm,MEAN_REVERSION,BUY,4,1.71487,1.71332,1.71716,1.48,0.642,1.71696,1.71739,1.71618,0,0.193,0.997,-1.1834,1.72034,1.72705,1.7295,1.7197,0,0.0,0.35,0,1.71696,0.766,0.796,0,0.0,0.0,1.71702,1.70169,8.164,0,0,-1,0.975,-0.825,-0.2056,0.825,0.022,0,0.711,0,0.833,1.71644,1.71506,0.916,0.201,0.0,2,0.0,0,0.711,0.529,1.183,0.447,0.44,1,1.71696,8,0.753,0.0,0.294,0.247,0.167,0.771,0.97,1.66165,1.64586,1.70484,1327827.8146,-437495.8975,1,1.66009,0.739,1.68342,0.274,0.0,0.0,0,0.135,1,0,23560,0.756,0.566,0.386,20.0,26.1,0.1032,193.7,0.0,1,1,0.852,1.59509,1,1,0.825,1.54814,-1,61.833,0.59,0.41,0.0,1.0,0.0,0.81,0.0,0.5,0.0,0.345,0.437,0.5,0.514,0.0,0.646,0.0,0,0,0.45,0.594,0.0,0.38,0.067,0.372,0.133,0.0,0.548,0.478,0.0,1.0,0.766
70666,2025.03.17 15:40:40,EURAUDm,SWEEP_REVERSAL,BUY,4,1.71474,1.71268,1.71644,0.82,0.149,1.71611,1.71724,1.71519,0,0.122,0.673,-0.8235,1.7173,1.72657,1.72906,1.71913,0,0.0,0.5,0,1.71611,0.727,0.336,0,0.0,0.0,1.71571,1.70169,6.77,0,0,-1,1.0,-0.895,-0.19,0.895,0.269,0,0.713,0,0.819,1.71611,1.71426,0.823,0.072,0.0,2,0.0,0,0.713,0.337,0.823,0.41,0.431,1,1.71611,8,0.745,0.0,0.219,0.269,0.164,0.89,0.933,1.66165,1.64586,1.70484,1327827.8146,-437495.8975,1,1.66009,0.739,1.68342,0.274,0.0,0.0,0,0.135,1,0,23562,0.756,0.566,0.386,33.0,26.0,0.1601,206.1,0.0,1,1,0.852,1.59509,1,1,0.825,1.54814,-1,58.042,0.59,0.41,0.0,1.0,0.0,0.11,0.0,0.5,0.0,0.612,0.618,0.5,0.497,0.0,0.43,0.0,0,0,0.392,0.648,0.0,0.38,0.067,0.531,0.164,0.0,0.538,0.478,0.0,1.0,0.766
70668,2025.03.17 15:51:40,EURAUDm,MEAN_REVERSION,BUY,4,1.71401,1.71236,1.71632,1.4,0.639,1.71611,1.71724,1.71519,0,0.122,0.673,-1.1194,1.7173,1.72657,1.72906,1.71913,0,0.0,0.5,0,1.71611,0.727,0.336,0,0.0,0.0,1.71571,1.70169,6.77,0,0,-1,1.0,-0.895,-0.19,0.895,0.074,0,0.713,0,0.819,1.71611,1.71426,1.119,0.224,0.0,2,0.0,0,0.713,0.491,1.119,0.439,0.449,1,1.71611,8,0.745,0.0,0.278,0.269,0.164,0.89,0.933,1.66165,1.64586,1.70484,1327827.8146,-437495.8975,1,1.66009,0.739,1.68342,0.274,0.0,0.0,0,0.135,1,0,23562,0.756,0.566,0.386,21.0,23.2,0.1019,206.1,0.0,1,1,0.852,1.59509,1,1,0.825,1.54814,-1,57.688,0.59,0.41,0.0,1.0,0.0,0.24,0.0,0.5,0.0,0.717,0.44,0.5,0.492,0.0,0.33,0.0,0,0,0.315,0.602,0.0,0.238,0.067,0.531,0.135,0.0,0.538,0.478,0.0,1.0,0.766
70670,2025.03.17 17:40:40,EURAUDm,SWEEP_REVERSAL,BUY,3,1.70912,1.7069,1.7154,2.82,0.126,1.71507,1.71635,1.71407,0,1.359,0.461,-2.8228,1.71719,1.72627,1.72961,1.71912,0,0.0,0.4,0,1.71507,0.743,0.06,0,0.0,0.0,0.0,1.70169,4.525,0,0,-1,1.0,-0.965,-0.2007,0.965,0.316,0,0.69,3,0.497,1.71493,1.71293,2.759,1.86,0.0,2,0.0,0,0.69,1.284,3.19,0.403,0.502,2,1.71507,8,0.749,0.0,0.205,0.29,0.0,0.943,0.837,1.66165,1.64586,1.7049,1321645.0833,-6182.7313,1,1.66009,0.742,1.68342,0.276,0.0,0.0,0,0.08,1,0,23564,0.756,0.566,0.386,33.0,21.4,0.1484,222.4,0.0,1,1,0.852,1.59509,1,1,0.825,1.54814,-1,51.266,0.428,0.572,0.0,1.0,0.0,0.06,0.0,0.5,0.0,0.553,0.336,0.5,0.486,0.0,0.359,0.0,0,0,0.388,0.423,0.0,0.095,0.1,0.608,0.138,0.0,0.549,0.478,0.0,1.0,0.711
70672,2025.03.17 17:51:40,EURAUDm,MEAN_REVERSION,BUY,3,1.70916,1.70738,1.71527,3.43,0.641,1.71507,1.71635,1.71407,0,1.359,0.461,-2.7464,1.71719,1.72627,1.72961,1.71912,0,0.0,0.4,0,1.71507,0.743,0.06,0,0.0,0.0,0.0,1.70169,4.525,0,0,-1,1.0,-0.965,-0.2007,0.965,0.316,0,0.69,3,0.497,1.71493,1.71293,2.682,1.784,0.0,2,0.0,0,0.69,1.315,3.266,0.403,0.506,2,1.71507,8,0.749,0.0,0.205,0.29,0.0,0.943,0.837,1.66165,1.64586,1.7049,1321645.0833,-6182.7313,1,1.66009,0.742,1.68342,0.276,0.0,0.0,0,0.08,1,0,23564,0.756,0.566,0.386,20.0,23.1,0.0899,222.4,0.0,1,1,0.852,1.59509,1,1,0.825,1.54814,-1,51.284,0.428,0.572,0.0,1.0,0.0,0.63,0.0,0.5,0.0,0.642,0.615,0.5,0.54,0.0,0.35,0.0,0,0,0.371,0.423,0.0,0.095,0.1,0.611,0.138,0.0,0.549,0.478,0.0,1.0,0.711
70674,2025.03.17 19:43:40,EURAUDm,SWEEP_REVERSAL,BUY,3,1.70977,1.70743,1.71216,1.02,0.106,1.71196,1.71541,1.7096,0,0.014,0.452,-1.0223,1.71733,1.7256,1.72836,1.71733,0,0.0,0.8,0,1.71196,0.659,0.0,2,0.0,0.0,0.0,1.70169,3.319,0,0,-1,1.0,-1.0,-0.3432,1.0,0.815,2,0.546,3,0.48,1.70905,1.71087,0.221,0.556,0.0,2,0.0,0,0.546,1.105,3.371,0.328,0.426,1,1.71196,8,0.732,0.559,0.055,0.3,0.0,0.802,0.822,1.66165,1.64586,1.7049,1321645.0833,-6182.7313,1,1.66009,0.742,1.68342,0.276,0.0,0.0,0,0.08,1,0,23566,0.756,0.566,0.386,20.0,22.3,0.0856,233.6,0.0,1,1,0.852,1.59509,1,1,0.825,1.54814,-1,49.083,0.428,0.572,0.0,1.0,0.0,0.18,0.0,0.5,0.0,0.749,0.515,0.5,0.553,0.0,0.31,0.0,0,0,0.299,0.709,0.0,0.342,0.1,0.527,0.248,0.0,0.566,0.478,0.0,1.0,0.807
70676,2025.03.17 19:51:40,EURAUDm,MEAN_REVERSION,BUY,3,1.70972,1.70785,1.71216,1.3,0.556,1.71196,1.71541,1.7096,0,0.014,0.452,-1.0437,1.71733,1.7256,1.72836,1.71733,0,0.0,0.8,0,1.71196,0.659,0.0,2,0.0,0.0,0.0,1.70169,3.319,0,0,-1,1.0,-1.0,-0.3432,1.0,0.815,2,0.546,3,0.48,1.70905,1.71087,0.199,0.578,0.0,2,0.0,0,0.546,1.098,3.349,0.328,0.425,1,1.71196,8,0.732,0.602,0.055,0.3,0.0,0.802,0.822,1.66165,1.64586,1.7049,1321645.0833,-6182.7313,1,1.66009,0.742,1.68342,0.276,0.0,0.0,0,0.08,1,0,23566,0.756,0.566,0.386,20.0,20.0,0.0856,233.6,0.0,1,1,0.852,1.59509,1,1,0.825,1.54814,-1,49.062,0.428,0.572,0.0,1.0,0.0,0.41,0.0,0.5,0.0,0.605,0.504,0.5,0.545,0.0,0.311,0.0,0,0,0.29,0.709,0.0,0.128,0.1,0.406,0.246,0.0,0.566,0.478,0.0,1.0,0.807
0,2025.03.18 00:00:00,EURAUDm,ANCHORED_PULLBACK,BUY,1,1.71123,1.71094,1.71205,2.81,0.307,1.71008,1.71062,1.70974,0,0.373,0.13,0.4232,1.71611,1.7256,1.72946,1.71843,0,0.0,0.45,0,1.71008,0.689,0.507,0,0.0,0.0,1.71003,1.70169,4.771,0,0,-1,1.0,-1.0,-0.3387,1.0,0.279,2,0.636,1,0.047,1.71004,1.7113,0.448,0.205,0.0135,2,0.15,0,0.636,0.183,0.448,0.408,0.264,0,1.71008,8,0.738,0.103,0.276,0.3,0.053,0.798,0.971,1.66165,1.64586,1.72261,1725211.6813,47948.656,2,1.66009,0.747,1.68342,0.278,0.0,0.0,0,0.061,1,0,23571,0.754,0.566,0.383,33.0,23.2,0.171,192.9,0.0,1,1,0.852,1.59509,1,1,0.825,1.54814,-1,60.198,0.5,0.5,0.0,0.0,0.0,0.24,0.0,0.5,0.0,0.568,0.587,0.5,0.535,0.0,0.383,0.0,0,0,0.366,0.582,0.0,0.475,0.071,0.185,0.35,0.0,0.561,0.478,0.0,1.0,0.697
70678,2025.03.18 01:23:40,EURAUDm,MEAN_REVERSION,BUY,1,1.70917,1.70769,1.71045,0.86,0.678,1.71012,1.71069,1.70978,0,0.077,0.241,-0.6911,1.71611,1.7256,1.72946,1.71843,0,0.0,0.6,0,1.71073,0.733,0.337,0,0.0,0.0,0.0,1.70169,4.76,0,0,-1,0.8,-0.825,-0.2057,0.825,0.065,0,0.731,0,0.695,1.71008,1.70966,0.671,0.445,0.0,2,0.4,0,0.731,1.698,3.858,0.44,0.531,2,1.71012,1,0.7,0.0,0.44,0.247,0.279,0.983,0.823,1.66165,1.64586,1.72261,1725211.6813,47948.656,2,1.66009,0.747,1.68342,0.278,0.0,0.0,0,0.061,1,0,23572,0.754,0.566,0.383,33.0,22.2,0.1782,185.2,0.0,1,1,0.852,1.59509,1,1,0.825,1.54814,-1,61.594,0.5,0.5,0.0,0.0,0.0,0.0,0.0,0.5,0.0,0.454,0.275,0.5,0.555,0.0,0.614,0.0,0,0,0.547,0.47,0.0,0.249,0.071,0.19,0.142,0.0,0.583,0.478,0.0,1.0,0.697
70680,2025.03.18 01:45:40,EURAUDm,SWEEP_REVERSAL,BUY,1,1.70873,1.70688,1.71032,0.86,0.32,1.71012,1.71069,1.70978,0,0.077,0.241,-0.8585,1.71611,1.7256,1.72946,1.71843,0,0.0,0.6,0,1.71073,0.733,0.337,0,0.0,0.0,0.0,1.70169,4.76,0,0,-1,0.8,-0.825,-0.2057,0.825,0.065,0,0.731,0,0.695,1.71008,1.70966,0.838,0.612,0.0,2,0.4,0,0.731,1.625,3.691,0.44,0.522,2,1.71012,1,0.7,0.0,0.44,0.247,0.279,0.983,0.823,1.66165,1.64586,1.72261,1725211.6813,47948.656,2,1.66009,0.747,1.68342,0.278,0.0,0.0,0,0.061,1,0,23572,0.754,0.566,0.383,20.0,20.1,0.108,185.2,0.0,1,1,0.852,1.59509,1,1,0.825,1.54814,-1,61.356,0.5,0.5,0.0,0.0,0.0,0.06,0.0,0.5,0.0,0.793,0.473,0.5,0.566,0.0,0.688,0.0,0,0,0.461,0.47,0.0,0.249,0.071,0.228,0.132,0.0,0.583,0.478,0.0,1.0,0.697
70682,2025.03.18 02:00:00,EURAUDm,ANCHORED_PULLBACK,BUY,1,1.71005,1.70962,1.71075,1.62,0.521,1.71075,1.71094,1.7098,1,0.214,0.131,-0.4897,1.71611,1.7256,1.72946,1.71733,0,0.0,0.45,2,1.71075,0.726,0.337,0,0.0,0.0,1.70887,1.70169,4.425,0,0,-1,0.698,-0.8977,-0.0372,0.898,0.541,2,0.396,3,0.5,1.71031,1.70948,0.249,0.199,0.1253,0,0.15,2,0.95,0.254,0.49,0.519,0.416,1,1.71075,8,0.745,0.503,0.198,0.969,0.053,0.873,0.856,1.66165,1.64586,1.72261,1725211.6813,47948.656,2,1.66009,0.747,1.68342,0.278,0.0,0.0,0,0.061,1,0,23573,0.754,0.566,0.383,20.0,20.8,0.1085,184.3,0.0,1,1,0.852,1.59509,1,1,0.825,1.54814,-1,62.381,0.5,0.5,0.0,0.0,0.0,0.81,0.0,0.5,0.0,0.391,0.627,0.5,0.435,0.0,0.576,0.0,0,0,0.437,0.551,0.0,0.757,0.071,0.625,0.35,0.0,0.506,0.478,0.0,1.0,0.646
0,2025.03.18 05:00:00,EURAUDm,ANCHORED_PULLBACK,BUY,1,1.71188,1.71164,1.71249,2.6,0.594,1.71249,1.71306,1.70989,1,0.431,0.113,-0.5668,1.70993,1.7256,1.72946,1.71733,0,0.0,0.7,2,1.71249,0.704,0.241,0,0.0,0.0,1.71214,1.70169,5.919,0,0,-1,0.75,0.72,0.1722,0.72,0.075,1,0.237,3,0.726,1.71238,1.71113,0.499,0.249,0.6802,0,0.45,2,1.0,0.334,0.567,0.589,0.42,1,1.71249,8,0.741,0.002,0.458,0.916,0.157,0.861,0.946,1.66111,1.65228,1.70489,1191761.0419,-533450.6394,1,1.66009,0.75,1.68342,0.279,0.0,0.0,0,0.094,1,0,23576,0.754,0.566,0.383,33.0,24.0,0.1982,166.5,0.0,1,1,0.852,1.59509,1,1,0.825,1.54814,0,70.144,0.654,0.346,0.0,1.0,0.5,0.0,0.0,0.5,0.0,0.678,0.475,0.5,0.455,0.0,0.35,0.0,0,0,0.292,0.363,0.0,0.457,0.071,1.0,0.35,0.0,0.49,0.478,0.0,1.0,0.795
70684,2025.03.18 05:16:40,EURAUDm,BREAKOUT_RETEST,BUY,1,1.71124,1.70992,1.71269,1.1,0.467,1.71249,1.71306,1.70989,1,0.431,0.113,-0.8731,1.70993,1.7256,1.72946,1.71733,0,0.0,0.7,2,1.71249,0.704,0.241,0,0.0,0.0,1.71214,1.70169,5.919,0,0,-1,0.75,0.72,0.1722,0.72,0.061,2,0.537,3,0.726,1.71012,1.71113,0.555,0.057,0.0,2,0.15,0,0.537,0.385,0.873,0.441,0.34,0,1.71249,8,0.741,0.0,0.342,0.216,0.053,0.741,0.946,1.66111,1.65228,1.70489,1191761.0419,-533450.6394,1,1.66009,0.75,1.68342,0.279,0.0,0.0,0,0.094,1,0,23576,0.754,0.566,0.383,20.0,23.8,0.1201,166.5,0.0,1,1,0.852,1.59509,1,1,0.825,1.54814,0,69.76,0.654,0.346,0.0,1.0,0.5,0.29,0.0,0.5,0.0,0.569,0.279,0.5,0.473,0.0,0.271,0.0,0,0,0.383,0.391,0.0,0.622,0.071,0.695,0.35,0.0,0.58,0.478,0.0,1.0,0.762
70686,2025.03.18 05:36:40,EURAUDm,BREAKOUT,BUY,1,1.71305,1.71055,1.71721,1.67,0.369,1.71249,1.71306,1.70989,1,0.431,0.113,0.1359,1.70993,1.7256,1.72946,1.71733,0,0.0,0.7,2,1.71249,0.704,0.241,0,0.0,0.0,1.71214,1.70169,5.919,0,0,-1,0.75,0.72,0.1722,0.72,0.529,2,0.537,3,0.726,1.71238,1.71295,0.204,0.136,0.0,2,0.15,0,0.537,0.556,1.5,0.371,0.375,1,1.70989,5,0.6,0.592,0.201,0.216,0.053,0.861,0.919,1.66111,1.65228,1.70489,1191761.0419,-533450.6394,1,1.66009,0.75,1.68342,0.279,0.0,0.0,0,0.094,1,0,23576,0.754,0.566,0.383,33.0,21.4,0.1982,166.5,0.0,1,1,0.852,1.59509,1,1,0.825,1.54814,0,70.847,0.654,0.346,0.0,1.0,0.5,0.1,0.0,0.5,0.0,0.897,0.696,0.5,0.498,0.0,0.351,0.0,0,0,0.407,0.679,0.0,0.478,0.071,0.53,0.539,0.0,0.575,0.478,0.0,1.0,0.799
70688,2025.03.18 05:42:40,EURAUDm,PULLBACK,BUY,1,1.71282,1.71032,1.71782,2.0,0.533,1.71249,1.71306,1.70989,1,0.431,0.113,0.0758,1.70993,1.7256,1.72946,1.71733,0,0.0,0.7,2,1.71249,0.704,0.241,0,0.0,0.0,1.71214,1.70169,5.919,0,0,-1,0.75,0.72,0.1722,0.72,0.529,2,0.537,3,0.726,1.71238,1.71295,0.144,0.196,0.0,2,0.15,0,0.537,0.556,1.5,0.371,0.375,1,1.70989,5,0.6,0.712,0.201,0.216,0.053,0.861,0.919,1.66111,1.65228,1.70489,1191761.0419,-533450.6394,1,1.66009,0.75,1.68342,0.279,0.0,0.0,0,0.094,1,0,23576,0.754,0.566,0.383,20.0,23.9,0.1201,166.5,0.0,1,1,0.852,1.59509,1,1,0.825,1.54814,0,70.709,0.654,0.346,0.0,1.0,0.5,0.99,0.0,0.5,0.0,0.871,0.611,0.5,0.483,0.0,0.33,0.0,0,0,0.344,0.679,0.0,0.478,0.071,0.53,0.539,0.0,0.575,0.478,0.0,1.0,0.799
70689,2025.03.18 05:42:59,EURAUDm,TREND_CONTINUATION,BUY,1,1.71281,1.71081,1.71697,2.08,0.451,1.71249,1.71306,1.70989,1,0.431,0.113,0.0698,1.70993,1.7256,1.72946,1.71733,0,0.0,0.7,2,1.71249,0.704,0.241,0,0.0,0.0,1.71214,1.70169,5.919,0,0,-1,0.75,0.72,0.1722,0.72,0.529,2,0.537,3,0.726,1.71238,1.71295,0.138,0.202,0.0,2,0.15,0,0.537,0.556,1.5,0.371,0.375,1,1.70989,5,0.6,0.724,0.201,0.216,0.053,0.861,0.919,1.66111,1.65228,1.70489,1191761.0419,-533450.6394,1,1.66009,0.75,1.68342,0.279,0.0,0.0,0,0.094,1,0,23576,0.754,0.566,0.383,20.0,23.9,0.1201,166.5,0.0,1,1,0.852,1.59509,1,1,0.825,1.54814,0,70.703,0.654,0.346,0.0,1.0,0.5,0.98,0.0,0.5,0.0,0.871,0.617,0.5,0.483,0.0,0.33,0.0,0,0,0.347,0.679,0.0,0.478,0.071,0.53,0.539,0.0,0.575,0.478,0.0,1.0,0.799
70692,2025.03.18 07:16:40,EURAUDm,BREAKOUT_RETEST,BUY,1,1.71226,1.71179,1.71286,1.29,0.378,1.71253,1.71271,1.71177,1,0.015,0.361,-0.3881,1.71607,1.7256,1.72946,1.71623,0,0.0,0.4,0,1.71253,0.78,0.933,0,0.0,0.0,1.71195,1.70169,6.91,0,0,-1,0.6,0.615,0.195,0.615,0.587,0,0.671,2,0.079,1.71236,1.71294,0.275,0.651,0.0,2,0.25,0,0.671,0.236,0.651,0.362,0.274,0,1.71253,8,0.756,0.45,0.224,0.185,0.088,0.852,0.947,1.66111,1.65228,1.70489,1191761.0419,-533450.6394,1,1.66009,0.75,1.68342,0.279,0.0,0.0,0,0.094,1,0,23578,0.754,0.566,0.383,33.0,28.5,0.2122,155.5,0.0,1,1,0.852,1.59509,1,1,0.825,1.54814,0,75.35,0.654,0.346,0.0,1.0,0.5,0.5,0.0,0.5,0.0,0.448,0.372,0.5,0.547,0.0,0.513,0.0,0,0,0.446,0.72,0.0,0.732,0.071,0.228,0.31,0.0,0.582,0.478,0.0,1.0,0.762
70694,2025.03.18 07:19:40,EURAUDm,SWEEP_REVERSAL,BUY,1,1.71161,1.71006,1.71286,0.81,0.168,1.71253,1.71271,1.71177,0,0.015,0.361,-0.8061,1.71607,1.7256,1.72946,1.71623,0,0.0,0.4,0,1.71253,0.78,0.933,0,0.0,0.0,1.71195,1.70169,6.91,0,0,-1,0.6,0.615,0.195,0.615,0.228,0,0.671,2,0.079,1.71236,1.7109,0.693,0.247,0.0,2,0.25,0,0.671,0.335,0.806,0.416,0.286,0,1.71253,8,0.756,0.0,0.332,0.185,0.088,0.852,0.951,1.66111,1.65228,1.70489,1191761.0419,-533450.6394,1,1.66009,0.75,1.68342,0.279,0.0,0.0,0,0.094,1,0,23578,0.754,0.566,0.383,33.0,30.0,0.2122,155.5,0.0,1,1,0.852,1.59509,1,1,0.825,1.54814,0,74.932,0.654,0.346,0.0,1.0,0.5,0.0,0.0,0.5,0.0,0.448,0.33,0.5,0.547,0.0,0.473,0.0,0,0,0.456,0.642,0.0,0.586,0.071,0.273,0.191,0.0,0.586,0.478,0.0,1.0,0.835
70696,2025.03.18 07:37:59,EURAUDm,MEAN_REVERSION,BUY,1,1.71158,1.71034,1.71273,0.93,0.597,1.71253,1.71271,1.71177,0,0.015,0.361,-0.7418,1.71607,1.7256,1.72946,1.71623,0,0.0,0.4,0,1.71253,0.78,0.933,0,0.0,0.0,1.71195,1.70169,6.91,0,0,-1,0.6,0.615,0.195,0.615,0.289,0,0.671,2,0.079,1.71236,1.7109,0.629,0.312,0.0,2,0.25,0,0.671,0.302,0.742,0.407,0.282,0,1.71253,8,0.756,0.0,0.313,0.185,0.088,0.852,0.951,1.66111,1.65228,1.70489,1191761.0419,-533450.6394,1,1.66009,0.75,1.68342,0.279,0.0,0.0,0,0.094,1,0,23578,0.754,0.566,0.383,20.0,20.8,0.1286,155.5,0.0,1,1,0.852,1.59509,1,1,0.825,1.54814,0,74.913,0.654,0.346,0.0,1.0,0.5,0.8,0.0,0.5,0.0,0.554,0.378,0.5,0.531,0.0,0.624,0.0,0,0,0.482,0.654,0.0,0.586,0.071,0.277,0.2,0.0,0.586,0.478,0.0,1.0,0.835
70698,2025.03.18 07:56:40,EURAUDm,PULLBACK,BUY,1,1.71281,1.71048,1.71748,2.0,0.463,1.71253,1.71271,1.71177,1,0.015,0.361,0.0492,1.71607,1.7256,1.72946,1.71623,0,0.0,0.4,0,1.71253,0.78,0.933,0,0.0,0.0,1.71195,1.70169,6.91,0,0,-1,0.6,0.615,0.195,0.615,0.629,0,0.671,2,0.079,1.71236,1.71294,0.162,0.214,0.0,2,0.25,0,0.671,0.533,1.5,0.356,0.309,0,1.71177,5,0.6,0.676,0.211,0.185,0.088,0.852,0.947,1.66111,1.65228,1.70489,1191761.0419,-533450.6394,1,1.66009,0.75,1.68342,0.279,0.0,0.0,0,0.094,1,0,23578,0.754,0.566,0.383,20.0,20.0,0.1286,155.5,0.0,1,1,0.852,1.59509,1,1,0.825,1.54814,0,75.704,0.654,0.346,0.0,1.0,0.5,0.99,0.0,0.5,0.0,0.611,0.703,0.5,0.506,0.0,0.46,0.0,0,0,0.458,0.864,0.0,0.391,0.071,0.277,0.35,0.0,0.582,0.478,0.0,1.0,0.799
70699,2025.03.18 07:56:59,EURAUDm,TREND_CONTINUATION,BUY,1,1.71281,1.71094,1.7167,2.08,0.367,1.71253,1.71271,1.71177,1,0.015,0.361,0.0492,1.71607,1.7256,1.72946,1.71623,0,0.0,0.4,0,1.71253,0.78,0.933,0,0.0,0.0,1.71195,1.70169,6.91,0,0,-1,0.6,0.615,0.195,0.615,0.629,0,0.671,2,0.079,1.71236,1.71294,0.162,0.214,0.0,2,0.25,0,0.671,0.533,1.5,0.356,0.309,0,1.71177,5,0.6,0.676,0.211,0.185,0.088,0.852,0.947,1.66111,1.65228,1.70489,1191761.0419,-533450.6394,1,1.66009,0.75,1.68342,0.279,0.0,0.0,0,0.094,1,0,23578,0.754,0.566,0.383,20.0,20.0,0.1286,155.5,0.0,1,1,0.852,1.59509,1,1,0.825,1.54814,0,75.704,0.654,0.346,0.0,1.0,0.5,0.98,0.0,0.5,0.0,0.611,0.71,0.5,0.506,0.0,0.46,0.0,0,0,0.462,0.864,0.0,0.391,0.071,0.277,0.35,0.0,0.582,0.478,0.0,1.0,0.799
70702,2025.03.18 09:04:40,EURAUDm,ANCHORED_PULLBACK,BUY,2,1.71411,1.71373,1.71609,5.25,0.393,1.71193,1.71337,1.71087,0,1.511,0.67,1.2366,1.70973,1.72009,1.72836,1.71513,0,0.0,0.65,0,1.71193,0.712,0.28,0,0.0,0.0,1.71441,1.70169,7.899,0,0,-1,1.0,0.86,0.232,0.86,0.372,0,0.659,1,0.013,1.71164,1.71318,1.417,0.456,0.0,2,0.0,0,0.659,0.559,1.417,0.394,0.345,0,1.71193,8,0.742,0.0,0.188,0.258,0.0,0.909,0.838,1.66222,1.64737,1.70489,1375128.8422,183367.8003,2,1.66009,0.753,1.68342,0.28,0.0,0.0,0,0.1,1,0,23580,0.751,0.566,0.378,20.0,20.8,0.1248,160.2,0.0,1,1,0.852,1.59509,1,1,0.825,1.54814,0,74.288,0.42,0.58,0.0,0.0,0.5,0.17,0.0,0.5,0.0,0.765,0.487,0.5,0.496,0.0,0.506,0.0,0,0,0.359,0.435,0.0,0.238,0.067,0.341,0.35,0.0,0.569,0.478,0.0,1.0,0.849
70704,2025.03.18 09:36:40,EURAUDm,BREAKOUT,BUY,2,1.71417,1.71197,1.71818,1.82,0.535,1.71193,1.71337,1.71087,0,1.511,0.67,1.2741,1.70973,1.72009,1.72836,1.71513,0,0.0,0.65,0,1.71193,0.712,0.28,0,0.0,0.0,1.71441,1.70169,7.899,0,0,-1,1.0,0.86,0.232,0.86,0.575,0,0.659,1,0.013,1.71164,1.71318,1.454,0.493,0.0,2,0.0,0,0.659,0.529,1.454,0.364,0.342,0,1.71193,8,0.742,0.0,0.127,0.258,0.0,0.909,0.838,1.66222,1.64737,1.70489,1375128.8422,183367.8003,2,1.66009,0.753,1.68342,0.28,0.0,0.0,0,0.1,1,0,23580,0.751,0.566,0.378,20.0,24.7,0.1248,160.2,0.0,1,1,0.852,1.59509,1,1,0.825,1.54814,0,74.325,0.42,0.58,0.0,0.0,0.5,0.42,0.0,0.5,0.0,0.727,0.46,0.5,0.472,0.0,0.465,0.0,0,0,0.352,0.475,0.0,0.238,0.067,0.4,0.35,0.0,0.569,0.478,0.0,1.0,0.849
70706,2025.03.18 09:56:40,EURAUDm,PULLBACK,BUY,2,1.71564,1.71445,1.72045,4.03,0.476,1.71193,1.71337,1.71087,0,1.511,0.67,2.1916,1.70973,1.72009,1.72836,1.71513,1,0.0,0.65,0,1.71193,0.712,0.28,0,0.0,0.0,1.71441,1.70169,7.899,0,0,-1,1.0,0.86,0.232,0.86,0.245,0,0.659,1,0.013,1.71164,1.71318,2.372,1.411,0.0,2,0.0,0,0.659,0.98,2.372,0.413,0.394,1,1.71193,8,0.742,0.0,0.227,0.258,0.0,0.909,0.838,1.66222,1.64737,1.70489,1375128.8422,183367.8003,2,1.66009,0.753,1.68342,0.28,0.0,0.0,0,0.1,1,0,23580,0.751,0.566,0.378,20.0,20.0,0.1248,160.2,0.0,1,1,0.852,1.59509,1,1,0.825,1.54814,0,75.243,0.42,0.58,0.0,0.0,0.5,0.98,0.0,0.5,0.0,0.93,0.755,0.5,0.53,0.0,0.312,0.0,0,0,0.437,0.437,0.0,0.473,0.067,0.407,0.695,0.0,0.571,0.478,0.0,1.0,0.907
70707,2025.03.18 09:56:59,EURAUDm,TREND_CONTINUATION,BUY,2,1.71564,1.71372,1.71965,2.08,0.559,1.71193,1.71337,1.71087,0,1.511,0.67,2.1916,1.70973,1.72009,1.72836,1.71513,1,0.0,0.65,0,1.71193,0.712,0.28,0,0.0,0.0,1.71441,1.70169,7.899,0,0,-1,1.0,0.86,0.232,0.86,0.245,0,0.659,1,0.013,1.71164,1.71318,2.372,1.411,0.0,2,0.0,0,0.659,0.98,2.372,0.413,0.394,1,1.71193,8,0.742,0.0,0.227,0.258,0.0,0.909,0.838,1.66222,1.64737,1.70489,1375128.8422,183367.8003,2,1.66009,0.753,1.68342,0.28,0.0,0.0,0,0.1,1,0,23580,0.751,0.566,0.378,20.0,20.0,0.1248,160.2,0.0,1,1,0.852,1.59509,1,1,0.825,1.54814,0,75.243,0.42,0.58,0.0,0.0,0.5,0.97,0.0,0.5,0.0,0.93,0.759,0.5,0.53,0.0,0.312,0.0,0,0,0.439,0.437,0.0,0.473,0.067,0.407,0.695,0.0,0.571,0.478,0.0,1.0,0.907
70710,2025.03.18 11:00:00,EURAUDm,BREAKOUT_RETEST,BUY,2,1.7164,1.71589,1.71809,3.34,0.578,1.71423,1.71643,1.7135,1,0.125,0.221,1.1649,1.71012,1.72009,1.72836,1.71513,1,0.0,0.5,0,1.71423,0.759,0.109,0,0.0,0.0,1.71599,1.70169,8.594,0,0,0,1.0,0.93,0.3023,0.93,0.375,2,0.545,3,0.351,1.71599,1.71657,0.125,0.221,0.0,2,0.15,0,0.545,0.459,1.165,0.394,0.315,0,1.71423,8,0.752,0.75,0.247,0.279,0.053,0.83,0.946,1.66222,1.64737,1.70489,1375128.8422,183367.8003,2,1.66009,0.753,1.68342,0.28,0.0,0.0,0,0.1,1,0,23582,0.751,0.566,0.378,20.0,21.8,0.1185,168.8,0.0,1,1,0.852,1.59509,1,1,0.825,1.54814,0,71.872,0.42,0.58,0.0,0.0,0.5,0.96,0.0,0.5,0.0,0.902,0.452,0.5,0.522,0.0,0.347,0.0,0,0,0.325,0.651,0.0,0.44,0.071,0.645,0.564,0.0,0.567,0.478,0.0,1.0,0.853
70712,2025.03.18 11:36:40,EURAUDm,BREAKOUT,BUY,2,1.71685,1.71602,1.72107,5.08,0.484,1.71423,1.71643,1.7135,0,0.125,0.221,1.4315,1.71012,1.72009,1.72836,1.71513,1,0.0,0.5,0,1.71423,0.759,0.109,0,0.0,0.0,1.71599,1.70169,8.594,0,0,0,1.0,0.93,0.3023,0.93,0.051,2,0.545,3,0.351,1.71599,1.71657,0.392,0.045,0.0,2,0.15,0,0.545,0.633,1.432,0.442,0.335,0,1.71599,2,0.55,0.216,0.345,0.279,0.053,0.83,0.946,1.66222,1.64737,1.70489,1375128.8422,183367.8003,2,1.66009,0.753,1.68342,0.28,0.0,0.0,0,0.1,1,0,23582,0.751,0.566,0.378,20.0,27.7,0.1185,168.8,0.0,1,1,0.852,1.59509,1,1,0.825,1.54814,0,72.139,0.42,0.58,0.0,0.0,0.5,0.9,0.0,0.5,0.0,0.9,0.535,0.5,0.469,0.0,0.372,0.0,0,0,0.311,0.571,0.0,0.528,0.071,0.723,0.564,0.0,0.557,0.478,0.0,1.0,0.892
70714,2025.03.18 11:56:59,EURAUDm,TREND_CONTINUATION,BUY,2,1.71487,1.71284,1.7169,1.0,0.54,1.71423,1.71643,1.7135,1,0.125,0.221,0.1814,1.71012,1.72009,1.72836,1.71513,0,0.0,0.5,0,1.71423,0.759,0.109,0,0.0,0.0,1.71599,1.70169,8.594,0,0,0,1.0,0.93,0.3023,0.93,0.757,2,0.545,3,0.351,1.71423,1.71292,0.181,0.961,0.0,2,0.15,0,0.545,0.323,0.961,0.336,0.307,0,1.7135,5,0.6,0.637,0.133,0.279,0.053,0.897,0.862,1.66222,1.64737,1.70489,1375128.8422,183367.8003,2,1.66009,0.753,1.68342,0.28,0.0,0.0,0,0.1,1,0,23582,0.751,0.566,0.378,33.0,26.0,0.1955,168.8,0.0,1,1,0.852,1.59509,1,1,0.825,1.54814,0,70.966,0.42,0.58,0.0,0.0,0.5,0.01,0.0,0.5,0.0,0.515,0.328,0.5,0.479,0.0,0.323,0.0,0,0,0.376,0.678,0.0,0.257,0.071,0.746,0.35,0.0,0.593,0.478,0.0,1.0,0.806
70715,2025.03.18 11:58:20,EURAUDm,PULLBACK,BUY,2,1.71456,1.71366,1.7169,2.61,0.608,1.71423,1.71643,1.7135,1,0.125,0.221,-0.0022,1.71012,1.72009,1.72836,1.71513,0,0.0,0.5,0,1.71423,0.759,0.109,0,0.0,0.0,1.71599,1.70169,8.594,0,0,0,1.0,0.93,0.3023,0.93,1.0,2,0.545,3,0.351,1.71423,1.71292,0.002,0.778,0.0,2,0.15,0,0.545,0.233,0.778,0.3,0.297,0,1.7135,5,0.6,0.996,0.06,0.279,0.053,0.897,0.862,1.66222,1.64737,1.70489,1375128.8422,183367.8003,2,1.66009,0.753,1.68342,0.28,0.0,0.0,0,0.1,1,0,23582,0.751,0.566,0.378,33.0,26.0,0.1955,168.8,0.0,1,1,0.852,1.59509,1,1,0.825,1.54814,0,70.782,0.42,0.58,0.0,0.0,0.5,0.0,0.0,0.5,0.0,0.515,0.294,0.5,0.479,0.0,0.396,0.0,0,0,0.426,0.607,0.0,0.342,0.071,0.622,0.35,0.0,0.588,0.478,0.0,1.0,0.733
70718,2025.03.18 13:00:00,EURAUDm,BREAKOUT_RETEST,BUY,4,1.71446,1.71387,1.71611,2.81,0.746,1.71591,1.71652,1.71409,1,0.147,0.89,-0.8425,1.70995,1.72009,1.72725,1.71402,1,0.0,0.5,2,1.71591,0.72,0.243,0,0.0,0.0,1.71355,1.70169,6.411,0,0,0,0.8,1.0,0.2515,1.0,0.386,2,0.55,3,0.39,1.71397,1.71324,0.147,0.518,0.1046,0,0.0,2,1.0,0.457,0.842,0.542,0.418,1,1.71591,8,0.744,0.705,0.184,1.0,0.0,0.53,0.851,1.66127,1.64612,1.72081,1985693.6005,610564.7582,2,1.65938,0.763,1.68399,0.28,0.0,0.0,0,0.125,1,0,23584,0.751,0.566,0.378,20.0,25.8,0.102,196.0,0.0,1,1,0.852,1.59509,1,1,0.825,1.54814,0,60.903,0.5,0.5,0.0,0.0,0.5,0.93,0.0,0.5,0.0,0.446,0.706,0.5,0.472,0.0,0.49,0.0,0,0,0.461,0.821,0.0,0.501,0.048,1.0,0.563,0.0,0.48,0.478,0.0,1.0,0.979
70720,2025.03.18 13:05:40,EURAUDm,ANCHORED_PULLBACK,BUY,4,1.71471,1.7139,1.71591,1.48,0.331,1.71591,1.71652,1.71409,1,0.147,0.89,-0.7812,1.70995,1.72009,1.72725,1.71402,1,0.0,0.5,2,1.71591,0.72,0.243,0,0.0,0.0,1.71355,1.70169,6.411,0,0,0,0.8,1.0,0.2515,1.0,0.447,2,0.572,3,0.39,1.71397,1.71324,0.209,0.58,0.0,2,0.0,0,0.572,0.299,0.781,0.383,0.293,0,1.71591,8,0.744,0.583,0.166,0.3,0.0,0.53,0.851,1.66127,1.64612,1.72081,1985693.6005,610564.7582,2,1.65938,0.763,1.68399,0.28,0.0,0.0,0,0.125,1,0,23584,0.751,0.566,0.378,33.0,24.4,0.1684,196.0,0.0,1,1,0.852,1.59509,1,1,0.825,1.54814,0,61.031,0.5,0.5,0.0,0.0,0.5,0.27,0.0,0.5,0.0,0.533,0.617,0.5,0.491,0.0,0.408,0.0,0,0,0.381,0.808,0.0,0.605,0.048,0.465,0.401,0.0,0.547,0.478,0.0,1.0,0.892
70722,2025.03.18 13:36:40,EURAUDm,BREAKOUT,BUY,4,1.71494,1.712,1.71984,1.67,0.313,1.71591,1.71652,1.71409,1,0.147,0.89,-0.6639,1.70995,1.72009,1.72725,1.71402,1,0.0,0.5,2,1.71591,0.72,0.243,0,0.0,0.0,1.71355,1.70169,6.411,0,0,0,0.8,1.0,0.2515,1.0,0.281,2,0.572,3,0.39,1.71397,1.71324,0.326,0.697,0.0,2,0.0,0,0.572,0.284,0.697,0.408,0.291,0,1.71397,2,0.55,0.348,0.216,0.3,0.0,0.53,0.851,1.66127,1.64612,1.72081,1985693.6005,610564.7582,2,1.65938,0.763,1.68399,0.28,0.0,0.0,0,0.125,1,0,23584,0.751,0.566,0.378,33.0,27.5,0.1684,196.0,0.0,1,1,0.852,1.59509,1,1,0.825,1.54814,0,61.148,0.5,0.5,0.0,0.0,0.5,0.32,0.0,0.5,0.0,0.422,0.532,0.5,0.469,0.0,0.368,0.0,0,0,0.307,0.677,0.0,0.737,0.048,0.465,0.419,0.0,0.557,0.478,0.0,1.0,0.892
70723,2025.03.18 13:39:40,EURAUDm,MEAN_REVERSION,BUY,4,1.71483,1.7141,1.71611,1.75,0.526,1.71591,1.71652,1.71409,1,0.147,0.89,-0.6537,1.70995,1.72009,1.72725,1.71402,1,0.0,0.5,2,1.71591,0.72,0.243,0,0.0,0.0,1.71355,1.70169,6.411,0,0,0,0.8,1.0,0.2515,1.0,0.281,2,0.572,3,0.39,1.71397,1.71324,0.336,0.707,0.0,2,0.0,0,0.572,0.288,0.707,0.408,0.292,0,1.71397,2,0.55,0.328,0.216,0.3,0.0,0.53,0.851,1.66127,1.64612,1.72081,1985693.6005,610564.7582,2,1.65938,0.763,1.68399,0.28,0.0,0.0,0,0.125,1,0,23584,0.751,0.566,0.378,20.0,26.9,0.102,196.0,0.0,1,1,0.852,1.59509,1,1,0.825,1.54814,0,61.092,0.5,0.5,0.0,0.0,0.5,0.8,0.0,0.5,0.0,0.351,0.55,0.5,0.442,0.0,0.334,0.0,0,0,0.296,0.677,0.0,0.572,0.048,0.465,0.421,0.0,0.557,0.478,0.0,1.0,0.892
70726,2025.03.18 14:00:40,EURAUDm,PULLBACK,BUY,4,1.71625,1.71319,1.72428,2.63,0.535,1.71591,1.71652,1.71409,1,0.102,0.578,0.0043,1.70995,1.72009,1.72395,1.70961,1,0.0,0.5,2,1.71591,0.727,0.497,0,0.0,0.0,1.71569,1.70169,6.755,0,0,0,0.8,0.825,0.2159,0.825,1.0,2,0.611,3,0.42,1.71591,1.71664,0.004,0.353,0.0,2,0.25,0,0.611,0.106,0.353,0.3,0.282,0,1.71409,5,0.6,0.991,0.1,0.247,0.088,0.814,0.886,1.66127,1.64612,1.72081,1985693.6005,610564.7582,2,1.65938,0.763,1.68399,0.28,0.0,0.0,0,0.125,1,0,23585,0.751,0.566,0.378,33.0,30.7,0.1619,203.8,0.0,1,1,0.852,1.59509,1,1,0.825,1.54814,1,59.455,0.5,0.5,0.0,0.0,1.0,0.73,0.0,0.5,0.0,0.478,0.584,0.5,0.545,0.0,0.488,0.0,0,0,0.409,0.8,0.0,0.522,0.067,0.264,0.539,0.0,0.576,0.478,0.0,1.0,0.861
70727,2025.03.18 14:01:40,EURAUDm,TREND_CONTINUATION,BUY,4,1.71639,1.71394,1.72148,2.08,0.466,1.71591,1.71652,1.71409,1,0.102,0.578,0.1368,1.70995,1.72009,1.72395,1.70961,1,0.0,0.5,2,1.71591,0.727,0.497,0,0.0,0.0,1.71569,1.70169,6.755,0,0,0,0.8,0.825,0.2159,0.825,0.628,2,0.611,3,0.42,1.71591,1.71664,0.137,0.22,0.0,2,0.25,0,0.611,0.534,1.5,0.356,0.332,0,1.71409,5,0.6,0.726,0.212,0.247,0.088,0.814,0.886,1.66127,1.64612,1.72081,1985693.6005,610564.7582,2,1.65938,0.763,1.68399,0.28,0.0,0.0,0,0.125,1,0,23585,0.751,0.566,0.378,20.0,30.0,0.0981,203.8,0.0,1,1,0.852,1.59509,1,1,0.825,1.54814,1,59.523,0.5,0.5,0.0,0.0,1.0,0.99,0.0,0.5,0.0,0.562,0.643,0.5,0.545,0.0,0.488,0.0,0,0,0.444,0.8,0.0,0.58,0.067,0.264,0.539,0.0,0.549,0.478,0.0,1.0,0.93
70730,2025.03.18 15:05:40,EURAUDm,ANCHORED_PULLBACK,BUY,4,1.7182,1.71779,1.72237,10.11,0.431,1.71574,1.71739,1.71337,0,1.32,0.023,0.945,1.70985,1.72009,1.72284,1.70961,1,0.0,0.55,0,1.71574,0.766,0.046,0,0.0,0.0,1.71846,1.70169,7.722,0,0,0,1.0,1.0,0.266,1.0,0.26,2,0.606,0,0.58,1.71592,1.71775,0.864,0.053,0.0,2,0.15,0,0.606,0.388,0.945,0.411,0.349,0,1.71574,8,0.753,0.0,0.282,0.3,0.168,0.816,0.766,1.66127,1.64612,1.72081,1985693.6005,610564.7582,2,1.65938,0.763,1.68399,0.28,0.0,0.0,0,0.125,1,0,23586,0.751,0.566,0.378,33.0,29.9,0.1466,225.1,0.0,1,1,0.852,1.59509,1,1,0.825,1.54814,0,54.681,0.5,0.5,0.0,0.0,0.5,0.12,0.0,0.5,0.0,0.404,0.359,0.5,0.493,0.0,0.471,0.0,0,0,0.421,0.371,0.0,0.616,0.054,0.708,0.428,0.0,0.522,0.478,0.0,1.0,0.83
70732,2025.03.18 15:11:40,EURAUDm,BREAKOUT_RETEST,BUY,4,1.71729,1.71621,1.71972,2.26,0.588,1.71574,1.71739,1.71337,1,1.32,0.023,0.5408,1.70985,1.72009,1.72284,1.70961,1,0.0,0.55,0,1.71574,0.766,0.046,0,0.0,0.0,1.71846,1.70169,7.722,0,0,0,1.0,1.0,0.266,1.0,0.416,2,0.606,0,0.58,1.71592,1.71775,0.46,0.351,0.0,2,0.15,0,0.606,0.21,0.541,0.388,0.328,0,1.71574,8,0.753,0.081,0.235,0.3,0.168,0.816,0.766,1.66127,1.64612,1.72081,1985693.6005,610564.7582,2,1.65938,0.763,1.68399,0.28,0.0,0.0,0,0.125,1,0,23586,0.751,0.566,0.378,33.0,30.0,0.1466,225.1,0.0,1,1,0.852,1.59509,1,1,0.825,1.54814,0,54.277,0.5,0.5,0.0,0.0,0.5,0.0,0.0,0.5,0.0,0.347,0.347,0.5,0.444,0.0,0.408,0.0,0,0,0.388,0.344,0.0,0.572,0.054,0.629,0.546,0.0,0.522,0.478,0.0,1.0,0.792
70734,2025.03.18 15:36:40,EURAUDm,BREAKOUT,BUY,4,1.71887,1.71621,1.7245,2.12,0.489,1.71574,1.71739,1.71337,0,1.32,0.023,1.2425,1.70985,1.72009,1.72284,1.70961,1,0.0,0.55,0,1.71574,0.766,0.046,0,0.0,0.0,1.71846,1.70169,7.722,0,0,0,1.0,1.0,0.266,1.0,0.499,2,0.606,0,0.58,1.71592,1.71903,1.161,0.217,0.0,2,0.15,0,0.606,0.466,1.243,0.375,0.358,1,1.71574,8,0.753,0.0,0.21,0.3,0.168,0.816,0.915,1.66127,1.64612,1.72081,1985693.6005,610564.7582,2,1.65938,0.763,1.68399,0.28,0.0,0.0,0,0.125,1,0,23586,0.751,0.566,0.378,33.0,33.0,0.1466,225.1,0.0,1,1,0.852,1.59509,1,1,0.825,1.54814,0,54.978,0.5,0.5,0.0,0.0,0.5,0.98,0.0,0.5,0.0,0.857,0.598,0.5,0.468,0.0,0.41,0.0,0,0,0.363,0.423,0.0,0.88,0.054,0.708,0.625,0.0,0.522,0.478,0.0,1.0,0.83
70736,2025.03.18 16:01:40,EURAUDm,PULLBACK,BUY,4,1.71938,1.71583,1.72304,1.03,0.596,1.71812,1.72004,1.71448,1,0.349,0.375,0.45,1.71001,1.72009,1.72284,1.70961,1,0.0,0.65,0,1.71812,0.737,0.513,0,0.0,0.0,1.71941,1.70169,7.476,0,0,0,1.0,0.825,0.2785,0.825,0.389,2,0.562,3,0.339,1.71833,1.72026,0.36,0.455,0.0,2,0.25,0,0.562,0.178,0.455,0.392,0.288,0,1.71812,8,0.747,0.281,0.283,0.247,0.088,0.977,0.878,1.66268,1.64594,1.70433,1570545.1489,-415148.4516,1,1.66082,0.774,1.685,0.283,0.0,0.0,0,0.177,1,0,23587,0.751,0.566,0.378,20.0,30.0,0.0846,236.4,0.0,1,1,0.852,1.59509,1,1,0.825,1.54814,0,52.57,0.542,0.458,0.0,1.0,0.5,0.77,0.0,0.5,0.0,0.757,0.491,0.5,0.462,0.0,0.349,0.0,0,0,0.283,0.699,0.0,1.0,0.054,0.707,0.428,0.0,0.508,0.478,0.0,1.0,0.853
70737,2025.03.18 16:01:59,EURAUDm,TREND_CONTINUATION,BUY,4,1.71945,1.71661,1.72536,2.08,0.523,1.71812,1.72004,1.71448,1,0.349,0.375,0.4796,1.71001,1.72009,1.72284,1.70961,1,0.0,0.65,0,1.71812,0.737,0.513,0,0.0,0.0,1.71941,1.70169,7.476,0,0,0,1.0,0.825,0.2785,0.825,0.458,2,0.562,3,0.339,1.71833,1.72026,0.389,0.425,0.0,2,0.25,0,0.562,0.183,0.48,0.381,0.289,0,1.71812,8,0.747,0.222,0.263,0.247,0.088,0.977,0.878,1.66268,1.64594,1.70433,1570545.1489,-415148.4516,1,1.66082,0.774,1.685,0.283,0.0,0.0,0,0.177,1,0,23587,0.751,0.566,0.378,20.0,29.9,0.0846,236.4,0.0,1,1,0.852,1.59509,1,1,0.825,1.54814,0,52.599,0.542,0.458,0.0,1.0,0.5,0.77,0.0,0.5,0.0,0.757,0.483,0.5,0.462,0.0,0.349,0.0,0,0,0.289,0.712,0.0,1.0,0.054,0.707,0.428,0.0,0.515,0.478,0.0,1.0,0.853
70740,2025.03.18 17:06:40,EURAUDm,ANCHORED_PULLBACK,BUY,3,1.72083,1.71942,1.72548,3.29,0.479,1.71931,1.72048,1.71679,0,0.205,1.587,0.5454,1.71001,1.72009,1.72174,1.70961,1,0.0,0.55,2,1.71931,0.734,0.293,0,0.0,0.0,1.72014,1.70169,7.606,0,0,0,1.0,1.0,0.2848,1.0,0.538,2,0.582,3,0.437,1.71948,1.71629,0.476,1.789,0.0,2,0.0,0,0.582,0.66,1.789,0.369,0.397,1,1.71931,8,0.747,0.047,0.139,0.3,0.0,0.955,0.719,1.66268,1.64594,1.70433,1570545.1489,-415148.4516,1,1.66082,0.774,1.685,0.283,0.0,0.0,0,0.177,1,0,23588,0.751,0.566,0.378,20.0,27.7,0.0825,242.5,0.0,1,1,0.852,1.59509,1,1,0.825,1.54814,0,51.852,0.542,0.458,0.0,1.0,0.5,0.99,0.0,0.5,0.0,0.809,0.537,0.5,0.546,0.0,0.387,0.0,0,0,0.341,0.821,0.0,0.88,0.036,0.582,0.608,0.0,0.522,0.478,0.0,1.0,0.969
70742,2025.03.18 17:36:40,EURAUDm,BREAKOUT,BUY,3,1.72113,1.71973,1.72719,4.33,0.5,1.71931,1.72048,1.71679,0,0.205,1.587,0.6155,1.71001,1.72009,1.72174,1.70961,1,0.0,0.55,2,1.71931,0.734,0.293,0,0.0,0.0,1.72014,1.70169,7.606,0,0,0,1.0,1.0,0.2848,1.0,0.538,2,0.582,3,0.437,1.71948,1.71629,0.546,1.859,0.0,2,0.0,0,0.582,0.686,1.859,0.369,0.4,1,1.71931,8,0.747,0.0,0.139,0.3,0.0,0.955,0.719,1.66268,1.64594,1.70433,1570545.1489,-415148.4516,1,1.66082,0.774,1.685,0.283,0.0,0.0,0,0.177,1,0,23588,0.751,0.566,0.378,33.0,32.2,0.1361,242.5,0.0,1,1,0.852,1.59509,1,1,0.825,1.54814,0,51.975,0.542,0.458,0.0,1.0,0.5,0.68,0.0,0.5,0.0,0.383,0.587,0.5,0.506,0.0,0.333,0.0,0,0,0.337,0.821,0.0,0.88,0.036,0.767,0.619,0.0,0.522,0.478,0.0,1.0,0.969
70743,2025.03.18 17:39:40,EURAUDm,BREAKOUT_RETEST,BUY,3,1.7204,1.71967,1.72265,3.1,0.604,1.71931,1.72048,1.71679,1,0.205,1.587,0.3144,1.71001,1.72009,1.72174,1.70961,1,0.0,0.55,2,1.71931,0.734,0.293,0,0.0,0.0,1.72014,1.70169,7.606,0,0,0,1.0,1.0,0.2848,1.0,0.833,2,0.582,3,0.437,1.71948,1.71629,0.245,1.558,0.0,2,0.0,0,0.582,0.506,1.558,0.325,0.379,1,1.71931,8,0.747,0.509,0.05,0.3,0.0,0.955,0.719,1.66268,1.64594,1.70433,1570545.1489,-415148.4516,1,1.66082,0.774,1.685,0.283,0.0,0.0,0,0.177,1,0,23588,0.751,0.566,0.378,33.0,32.2,0.1361,242.5,0.0,1,1,0.852,1.59509,1,1,0.825,1.54814,0,51.674,0.542,0.458,0.0,1.0,0.5,0.0,0.0,0.5,0.0,0.391,0.451,0.5,0.506,0.0,0.34,0.0,0,0,0.317,0.818,0.0,0.99,0.046,0.752,0.429,0.0,0.546,0.478,0.0,1.0,0.977
70746,2025.03.18 18:01:59,EURAUDm,TREND_CONTINUATION,BUY,3,1.72139,1.71855,1.72732,2.08,0.549,1.72043,1.72087,1.71791,0,0.13,0.12,0.3225,1.71085,1.72066,1.7233,1.71062,1,0.0,0.5,0,1.72013,0.735,0.416,0,0.0,0.0,0.0,1.70169,8.158,0,0,0,1.0,1.0,0.2821,1.0,0.065,2,0.521,0,0.493,1.72043,1.72146,0.322,0.115,0.0,2,0.15,0,0.521,0.197,0.448,0.44,0.314,0,1.72043,1,0.7,0.355,0.341,0.3,0.151,0.972,0.96,1.66268,1.64594,1.70433,1570545.1489,-415148.4516,1,1.66082,0.774,1.685,0.283,0.0,0.0,0,0.177,1,0,23589,0.751,0.566,0.378,20.0,27.8,0.0844,237.0,0.0,1,1,0.852,1.59509,1,1,0.825,1.54814,0,53.291,0.542,0.458,0.0,1.0,0.5,0.98,0.0,0.5,0.0,1.0,0.642,0.5,0.512,0.0,0.284,0.0,0,0,0.352,0.476,0.0,0.792,0.054,0.499,0.624,0.0,0.525,0.478,0.0,1.0,0.892
70748,2025.03.18 18:08:20,EURAUDm,PULLBACK,BUY,3,1.7217,1.72069,1.7235,1.77,0.47,1.72043,1.72087,1.71791,0,0.13,0.12,0.4533,1.71085,1.72066,1.7233,1.71062,1,0.0,0.5,0,1.72013,0.735,0.416,0,0.0,0.0,0.0,1.70169,8.158,0,0,0,1.0,1.0,0.2821,1.0,0.023,2,0.521,0,0.493,1.72043,1.72146,0.453,0.015,0.0,2,0.15,0,0.521,0.258,0.578,0.447,0.321,0,1.72043,1,0.7,0.093,0.353,0.3,0.151,0.972,0.96,1.66268,1.64594,1.70433,1570545.1489,-415148.4516,1,1.66082,0.774,1.685,0.283,0.0,0.0,0,0.177,1,0,23589,0.751,0.566,0.378,20.0,24.2,0.0844,237.0,0.0,1,1,0.852,1.59509,1,1,0.825,1.54814,0,53.422,0.542,0.458,0.0,1.0,0.5,0.99,0.0,0.5,0.0,1.0,0.687,0.5,0.517,0.0,0.33,0.0,0,0,0.399,0.467,0.0,0.66,0.054,0.468,0.694,0.0,0.528,0.478,0.0,1.0,0.892
70750,2025.03.18 19:54:40,EURAUDm,BREAKOUT,BUY,3,1.72064,1.71702,1.72668,1.67,0.313,1.72075,1.72115,1.71876,1,0.044,0.485,-0.1296,1.71088,1.72066,1.7233,1.71168,1,0.0,0.45,0,1.72022,0.738,0.506,0,0.0,0.0,0.0,1.70169,7.74,0,0,0,0.8,1.0,0.2981,1.0,0.937,2,0.551,2,0.146,1.72049,1.72168,0.019,0.515,0.0,2,0.0,0,0.551,0.159,0.515,0.31,0.292,0,1.71876,5,0.6,0.961,0.019,0.3,0.0,0.943,0.855,1.66268,1.64594,1.70433,1570545.1489,-415148.4516,1,1.66082,0.774,1.685,0.283,0.0,0.0,0,0.177,1,0,23590,0.763,0.557,0.376,20.0,27.1,0.0828,241.4,0.0,1,1,0.852,1.59509,1,1,0.825,1.54814,0,52.003,0.542,0.458,0.0,1.0,0.5,0.99,0.0,0.5,0.0,0.763,0.531,0.5,0.555,0.0,0.338,0.0,0,0,0.32,0.818,0.0,0.713,0.071,0.326,0.516,0.0,0.541,0.478,0.0,1.0,0.861
70752,2025.03.18 19:57:40,EURAUDm,BREAKOUT_RETEST,BUY,3,1.72077,1.72005,1.72255,2.46,0.497,1.72075,1.72115,1.71876,1,0.044,0.485,-0.0758,1.71088,1.72066,1.7233,1.71168,1,0.0,0.45,0,1.72022,0.738,0.506,0,0.0,0.0,0.0,1.70169,7.74,0,0,0,0.8,1.0,0.2981,1.0,0.937,2,0.551,2,0.146,1.72049,1.72168,0.034,0.461,0.0,2,0.0,0,0.551,0.143,0.461,0.31,0.29,0,1.71876,5,0.6,0.931,0.019,0.3,0.0,0.943,0.855,1.66268,1.64594,1.70433,1570545.1489,-415148.4516,1,1.66082,0.774,1.685,0.283,0.0,0.0,0,0.177,1,0,23590,0.763,0.557,0.376,20.0,27.7,0.0828,241.4,0.0,1,1,0.852,1.59509,1,1,0.825,1.54814,0,52.057,0.542,0.458,0.0,1.0,0.5,0.99,0.0,0.5,0.0,0.776,0.646,0.5,0.559,0.0,0.35,0.0,0,0,0.395,0.818,0.0,0.634,0.071,0.326,0.52,0.0,0.541,0.478,0.0,1.0,0.861
70754,2025.03.18 20:02:40,EURAUDm,TREND_CONTINUATION,BUY,3,1.72062,1.71779,1.72651,2.08,0.479,1.72051,1.7211,1.71992,1,0.004,0.499,-0.0379,1.71088,1.72066,1.7233,1.71168,1,0.0,0.35,0,1.72051,0.7,0.744,0,0.0,0.0,0.0,1.70169,7.922,0,0,0,0.8,0.825,0.2899,0.825,0.89,0,0.793,0,0.621,1.72042,1.7217,0.002,0.542,0.0,2,0.25,0,0.793,0.171,0.542,0.316,0.376,1,0.0,0,0.0,0.996,0.133,0.247,0.212,0.943,0.907,1.66127,1.64612,1.72097,1998653.4427,428108.2938,2,1.65938,0.766,1.68399,0.283,0.0,0.0,0,0.181,1,0,23591,0.763,0.557,0.376,20.0,26.2,0.0849,235.5,0.0,1,1,0.852,1.59509,1,1,0.825,1.54814,0,53.304,0.5,0.5,0.0,0.0,0.5,0.85,0.0,0.5,0.0,0.706,0.591,0.5,0.565,0.0,0.336,0.0,0,0,0.359,0.8,0.0,0.73,0.071,0.168,0.498,0.0,0.544,0.478,0.0,1.0,0.861
70756,2025.03.18 22:00:20,EURAUDm,BREAKOUT_RETEST,BUY,1,1.72091,1.72026,1.72192,1.55,0.57,1.72051,1.72085,1.71976,1,0.263,0.116,-0.056,1.72027,1.72066,1.7233,1.71274,1,0.0,0.4,0,1.72051,0.697,0.608,0,0.0,0.0,0.0,1.70169,8.214,0,0,0,1.0,1.0,0.2839,1.0,0.698,0,0.664,1,0.09,1.72031,1.7212,0.039,0.371,0.0,2,0.15,0,0.664,0.128,0.371,0.345,0.266,0,0.0,0,0.0,0.923,0.151,0.3,0.053,0.77,0.893,1.66127,1.64612,1.72097,1998653.4427,428108.2938,2,1.65938,0.766,1.68399,0.283,0.0,0.0,0,0.181,1,0,23593,0.763,0.557,0.376,52.0,181.4,0.2395,217.1,0.0,1,1,0.852,1.59509,1,1,0.825,1.54814,1,57.943,0.5,0.5,0.0,0.0,1.0,0.99,0.0,0.5,0.0,0.677,0.478,0.5,0.535,0.0,0.36,0.0,0,0,0.318,0.752,0.0,0.792,0.071,0.206,0.508,0.0,0.545,0.478,0.0,1.0,0.784
70758,2025.03.18 22:03:00,EURAUDm,TREND_CONTINUATION,BUY,1,1.72076,1.71815,1.72619,2.08,0.536,1.72051,1.72085,1.71976,1,0.263,0.116,-0.125,1.72027,1.72066,1.7233,1.71274,1,0.0,0.4,0,1.72051,0.697,0.608,0,0.0,0.0,0.0,1.70169,8.214,0,0,0,1.0,1.0,0.2839,1.0,0.659,0,0.664,1,0.09,1.72031,1.7212,0.03,0.44,0.0,2,0.15,0,0.664,0.155,0.44,0.351,0.269,0,0.0,0,0.0,0.939,0.162,0.3,0.053,0.77,0.893,1.66127,1.64612,1.72097,1998653.4427,428108.2938,2,1.65938,0.766,1.68399,0.283,0.0,0.0,0,0.181,1,0,23593,0.763,0.557,0.376,52.0,149.0,0.2395,217.1,0.0,1,1,0.852,1.59509,1,1,0.825,1.54814,1,57.874,0.5,0.5,0.0,0.0,1.0,0.94,0.0,0.5,0.0,0.677,0.509,0.5,0.535,0.0,0.36,0.0,0,0,0.31,0.745,0.0,0.832,0.071,0.206,0.498,0.0,0.545,0.478,0.0,1.0,0.784
70760,2025.03.18 23:00:00,EURAUDm,PULLBACK,BUY,1,1.72024,1.71713,1.72363,1.09,0.62,1.72009,1.72051,1.71975,1,0.05,0.209,-0.0868,1.72027,1.72066,1.7233,1.71274,1,0.0,0.5,0,1.72047,0.661,0.429,0,0.0,0.0,0.0,1.70169,8.797,0,0,0,1.0,0.825,0.226,0.825,0.837,0,0.779,0,0.589,1.72009,1.71936,0.087,0.264,0.0,2,0.4,0,0.779,0.487,1.5,0.324,0.382,1,0.0,0,0.0,0.826,0.209,0.247,0.258,0.936,0.911,1.66127,1.64612,1.72097,1998653.4427,428108.2938,2,1.65938,0.766,1.68399,0.283,0.0,0.0,0,0.181,1,0,23594,0.763,0.557,0.376,33.0,51.6,0.1594,207.1,0.0,1,1,0.852,1.59509,1,1,0.825,1.54814,1,60.438,0.5,0.5,0.0,0.0,1.0,0.98,0.0,0.5,0.0,0.705,0.361,0.5,0.524,0.0,0.313,0.0,0,0,0.366,0.76,0.0,0.87,0.071,0.122,0.48,0.0,0.556,0.478,0.0,1.0,0.784
70762,2025.03.19 00:25:40,EURAUDm,MEAN_REVERSION,BUY,1,1.71909,1.71751,1.72045,0.86,0.583,1.72012,1.7203,1.71957,0,0.204,0.016,-0.6847,1.72027,1.72066,1.7233,1.71274,1,0.0,0.5,0,1.72012,0.63,0.728,0,0.0,0.0,0.0,1.70169,8.914,0,0,0,1.0,1.0,0.0916,1.0,0.036,2,0.644,0,0.789,1.71979,1.71936,0.52,0.3,0.0,2,0.15,0,0.644,0.304,0.685,0.445,0.384,1,1.72012,8,0.726,0.0,0.349,0.3,0.21,0.891,0.88,1.66127,1.64612,1.72097,2002090.1796,3436.7369,2,1.65938,0.768,1.68399,0.284,0.0,0.0,0,0.185,1,0,23595,0.763,0.557,0.376,33.0,33.0,0.1666,198.1,0.0,1,1,0.852,1.59509,1,1,0.825,1.54814,1,62.604,0.5,0.5,0.0,0.0,1.0,0.0,0.0,0.5,0.0,0.537,0.386,0.5,0.565,0.0,0.443,0.0,0,0,0.415,0.495,0.0,0.661,0.107,0.138,0.356,0.0,0.53,0.478,0.0,1.0,0.892
70764,2025.03.19 00:37:40,EURAUDm,SWEEP_REVERSAL,BUY,1,1.71882,1.71684,1.72045,0.82,0.195,1.72012,1.7203,1.71957,0,0.204,0.016,-0.821,1.72027,1.72066,1.7233,1.71274,1,0.0,0.5,0,1.72012,0.63,0.728,0,0.0,0.0,0.0,1.70169,8.914,0,0,0,1.0,1.0,0.0916,1.0,0.036,2,0.644,0,0.789,1.71979,1.71936,0.656,0.437,0.0,2,0.15,0,0.644,0.365,0.821,0.445,0.391,1,1.72012,8,0.726,0.0,0.349,0.3,0.21,0.891,0.88,1.66127,1.64612,1.72097,2002090.1796,3436.7369,2,1.65938,0.768,1.68399,0.284,0.0,0.0,0,0.185,1,0,23595,0.763,0.557,0.376,33.0,30.0,0.1666,198.1,0.0,1,1,0.852,1.59509,1,1,0.825,1.54814,1,62.467,0.5,0.5,0.0,0.0,1.0,0.0,0.0,0.5,0.0,0.614,0.477,0.5,0.584,0.0,0.466,0.0,0,0,0.375,0.495,0.0,0.661,0.107,0.15,0.316,0.0,0.531,0.478,0.0,1.0,0.892
70766,2025.03.19 01:07:40,EURAUDm,BREAKOUT_RETEST,BUY,1,1.7194,1.7188,1.72006,1.1,0.56,1.71986,1.72034,1.71912,1,0.528,0.146,-0.3309,1.72041,1.72066,1.7233,1.71274,1,0.0,0.45,0,1.71973,0.645,0.364,0,0.0,0.0,0.0,1.70169,8.479,0,0,0,1.0,0.825,0.0521,0.825,0.316,0,0.729,2,0.273,1.71993,1.71845,0.365,0.377,0.0,2,0.4,0,0.729,0.152,0.377,0.403,0.285,0,1.71986,1,0.7,0.271,0.365,0.247,0.14,0.887,0.921,1.66127,1.64612,1.72097,2002090.1796,3436.7369,2,1.65938,0.768,1.68399,0.284,0.0,0.0,0,0.185,1,0,23596,0.763,0.557,0.376,20.0,23.0,0.0999,200.2,0.0,1,1,0.852,1.59509,1,1,0.825,1.54814,1,62.088,0.5,0.5,0.0,0.0,1.0,0.99,0.0,0.5,0.0,0.358,0.661,0.5,0.727,0.0,0.571,0.0,0,0,0.543,0.605,0.0,0.73,0.071,0.086,0.455,0.0,0.537,0.478,0.0,1.0,0.753
70768,2025.03.19 02:43:20,EURAUDm,MEAN_REVERSION,BUY,1,1.71893,1.71743,1.72013,0.8,0.72,1.71919,1.71993,1.71858,1,0.015,0.519,-0.2442,1.71996,1.7196,1.7233,1.71274,1,0.0,0.5,0,1.71919,0.743,0.422,0,0.0,0.0,0.0,1.70169,9.423,0,0,0,0.271,-0.5062,-0.0277,0.506,0.51,0,0.814,0,0.69,1.71919,1.71831,0.244,0.224,0.0,2,0.0,0,0.814,0.56,1.5,0.373,0.467,1,1.71993,4,0.6,0.512,0.147,0.152,0.138,0.899,0.873,1.66127,1.64612,1.72097,2002090.1796,3436.7369,2,1.65938,0.768,1.68399,0.284,0.0,0.0,0,0.185,1,0,23597,0.763,0.557,0.376,20.0,26.2,0.1067,187.4,0.0,1,1,0.852,1.59509,1,1,0.825,1.54814,1,66.098,0.5,0.5,0.0,0.0,1.0,0.48,0.0,0.5,0.0,0.563,0.492,0.5,0.555,0.0,0.358,0.0,0,0,0.315,0.807,0.0,0.709,0.048,0.211,0.456,0.0,0.545,0.478,0.0,1.0,0.73
70770,2025.03.19 06:23:40,EURAUDm,MEAN_REVERSION,BUY,1,1.71867,1.71767,1.71959,0.92,0.657,1.71926,1.7196,1.71899,0,0.003,0.302,-0.7385,1.72001,1.7196,1.72224,1.71274,1,0.0,0.4,0,1.71926,0.753,0.782,0,0.0,0.0,0.0,1.70169,14.037,0,0,0,0.65,-0.825,-0.124,0.825,0.085,0,0.763,0,0.576,1.71926,1.71877,0.739,0.342,0.0,2,0.0,0,0.763,0.323,0.739,0.437,0.419,1,1.71926,8,0.751,0.0,0.274,0.247,0.115,0.947,0.906,1.66222,1.64576,1.72097,2059704.2456,57614.066,2,1.66039,0.796,1.68415,0.285,0.0,0.0,0,0.192,1,0,23601,0.765,0.563,0.369,33.0,26.8,0.2649,124.6,0.0,1,1,0.852,1.59509,1,1,0.825,1.54814,0,99.204,0.5,0.5,0.0,0.0,0.5,0.0,0.0,0.5,0.0,0.627,0.388,0.5,0.469,0.0,0.336,0.0,0,0,0.342,0.709,0.0,0.66,0.071,0.198,0.311,0.0,0.613,0.478,0.0,1.0,0.738
70772,2025.03.19 06:25:40,EURAUDm,SWEEP_REVERSAL,BUY,1,1.71828,1.71703,1.71959,1.05,0.138,1.71926,1.7196,1.71899,0,0.003,0.302,-1.0516,1.72001,1.7196,1.72224,1.71274,1,0.0,0.4,0,1.71926,0.753,0.782,0,0.0,0.0,0.0,1.70169,14.037,0,0,0,0.65,-0.825,-0.124,0.825,0.085,0,0.763,0,0.576,1.71926,1.71877,1.052,0.655,0.0,2,0.0,0,0.763,0.46,1.052,0.437,0.435,1,1.71926,8,0.751,0.0,0.274,0.247,0.115,0.947,0.906,1.66222,1.64576,1.72097,2059704.2456,57614.066,2,1.66039,0.796,1.68415,0.285,0.0,0.0,0,0.192,1,0,23601,0.765,0.563,0.369,33.0,27.5,0.2649,124.6,0.0,1,1,0.852,1.59509,1,1,0.825,1.54814,0,98.891,0.5,0.5,0.0,0.0,0.5,0.0,0.0,0.5,0.0,0.496,0.423,0.5,0.452,0.0,0.366,0.0,0,0,0.328,0.709,0.0,0.66,0.071,0.238,0.269,0.0,0.612,0.478,0.0,1.0,0.738
0,2025.03.19 07:12:40,EURAUDm,ANCHORED_PULLBACK,BUY,1,1.71925,1.71914,1.72181,23.05,0.316,1.7195,1.71991,1.71896,0,0.215,0.251,-0.4509,1.71969,1.7196,1.72224,1.71274,1,0.0,0.4,0,1.7195,0.741,0.35,0,0.0,0.0,1.71843,1.70169,14.231,0,0,0,1.0,-0.685,-0.1012,0.685,0.339,0,0.77,2,0.143,1.71944,1.71872,0.404,0.154,0.0,2,0.4,0,0.77,0.18,0.451,0.399,0.278,0,1.7195,8,0.748,0.191,0.358,0.206,0.14,0.854,0.888,1.66222,1.64576,1.72097,2059704.2456,57614.066,2,1.66039,0.796,1.68415,0.285,0.0,0.0,0,0.192,1,0,23602,0.765,0.563,0.369,33.0,31.6,0.2581,127.9,0.0,1,1,0.852,1.59509,1,1,0.825,1.54814,1,97.108,0.5,0.5,0.0,0.0,1.0,0.02,0.0,0.5,0.0,0.374,0.599,0.5,0.548,0.0,0.504,0.0,0,0,0.426,0.655,0.0,0.552,0.071,0.396,0.567,0.0,0.609,0.478,0.0,1.0,0.738
70774,2025.03.19 09:59:20,EURAUDm,ANCHORED_PULLBACK,BUY,2,1.72184,1.72119,1.72432,3.85,0.181,1.71903,1.7207,1.7181,0,2.281,0.539,1.4561,1.71985,1.7196,1.72224,1.71274,1,0.0,0.35,0,1.71903,0.631,0.488,0,0.0,0.0,1.72035,1.70169,12.878,0,0,1,0.907,-0.5597,-0.0256,0.56,0.077,0,0.69,1,0.261,1.7194,1.72274,1.238,0.722,0.0,2,0.25,0,0.69,0.639,1.456,0.438,0.343,0,1.71903,8,0.726,0.0,0.377,0.168,0.088,0.809,0.94,1.65788,1.65209,1.72097,1818372.1907,-241332.0549,1,1.65981,0.776,1.68486,0.287,0.0,0.0,0,0.206,1,0,23604,0.765,0.563,0.369,33.0,31.4,0.1935,170.6,0.0,1,1,0.852,1.59509,1,1,0.825,1.54814,1,74.309,0.566,0.434,0.0,1.0,1.0,0.0,0.0,0.5,0.0,0.791,0.36,0.5,0.459,0.0,0.228,0.0,0,0,0.313,0.406,0.0,0.317,0.067,0.474,0.745,0.0,0.549,0.478,0.0,1.0,0.752
70776,2025.03.19 10:39:40,EURAUDm,BREAKOUT,BUY,2,1.7214,1.72041,1.72592,4.57,0.288,1.71835,1.72237,1.71777,1,0.796,2.28,1.5077,1.72,1.7196,1.72224,1.71274,1,0.0,0.6,0,1.71835,0.693,0.192,0,0.0,0.0,1.72217,1.70169,11.075,0,0,0,0.675,0.685,0.1179,0.685,0.287,2,0.463,3,0.422,1.72026,1.72141,0.448,0.188,0.0,2,0.0,0,0.463,0.614,1.508,0.407,0.342,0,1.72026,2,0.55,0.105,0.214,0.206,0.0,0.817,0.813,1.65788,1.65209,1.72097,1818372.1907,-241332.0549,1,1.65981,0.776,1.68486,0.287,0.0,0.0,0,0.206,1,0,23605,0.765,0.563,0.369,33.0,30.1,0.1827,180.6,0.0,1,1,0.852,1.59509,1,1,0.825,1.54814,0,69.922,0.566,0.434,0.0,1.0,0.5,0.0,0.0,0.5,0.0,0.679,0.367,0.5,0.44,0.0,0.255,0.0,0,0,0.314,0.497,0.0,0.352,0.048,0.493,0.551,0.0,0.528,0.478,0.0,1.0,0.83
70777,2025.03.19 10:39:59,EURAUDm,BREAKOUT_RETEST,BUY,2,1.72141,1.72041,1.725,3.59,0.434,1.71835,1.72237,1.71777,1,0.796,2.28,1.5132,1.72,1.7196,1.72224,1.71274,1,0.0,0.6,0,1.71835,0.693,0.192,0,0.0,0.0,1.72217,1.70169,11.075,0,0,0,0.675,0.685,0.1179,0.685,0.287,2,0.463,3,0.422,1.72026,1.72141,0.453,0.183,0.0,2,0.0,0,0.463,0.616,1.513,0.407,0.343,0,1.72026,2,0.55,0.094,0.214,0.206,0.0,0.817,0.813,1.65788,1.65209,1.72097,1818372.1907,-241332.0549,1,1.65981,0.776,1.68486,0.287,0.0,0.0,0,0.206,1,0,23605,0.765,0.563,0.369,33.0,30.2,0.1827,180.6,0.0,1,1,0.852,1.59509,1,1,0.825,1.54814,0,69.928,0.566,0.434,0.0,1.0,0.5,0.01,0.0,0.5,0.0,0.679,0.361,0.5,0.44,0.0,0.255,0.0,0,0,0.317,0.497,0.0,0.352,0.048,0.493,0.552,0.0,0.528,0.478,0.0,1.0,0.83
70778,2025.03.19 10:40:00,EURAUDm,PULLBACK,BUY,2,1.72141,1.72041,1.72257,1.17,0.5,1.71835,1.72237,1.71777,1,0.796,2.28,1.5132,1.72,1.7196,1.72224,1.71274,1,0.0,0.6,0,1.71835,0.693,0.192,0,0.0,0.0,1.72217,1.70169,11.075,0,0,0,0.675,0.685,0.1179,0.685,0.287,2,0.463,3,0.422,1.72026,1.72141,0.453,0.183,0.0,2,0.0,0,0.463,0.616,1.513,0.407,0.343,0,1.72026,2,0.55,0.094,0.214,0.206,0.0,0.817,0.813,1.65788,1.65209,1.72097,1818372.1907,-241332.0549,1,1.65981,0.776,1.68486,0.287,0.0,0.0,0,0.206,1,0,23605,0.765,0.563,0.369,33.0,30.3,0.1827,180.6,0.0,1,1,0.852,1.59509,1,1,0.825,1.54814,0,69.928,0.566,0.434,0.0,1.0,0.5,0.01,0.0,0.5,0.0,0.663,0.378,0.5,0.422,0.0,0.259,0.0,0,0,0.303,0.497,0.329,0.352,0.048,0.584,0.552,0.0,0.528,0.478,0.0,1.0,0.83
70779,2025.03.19 10:40:20,EURAUDm,TREND_CONTINUATION,BUY,2,1.72147,1.7193,1.72599,2.08,0.411,1.71835,1.72237,1.71777,1,0.796,2.28,1.5464,1.72,1.7196,1.72224,1.71274,1,0.0,0.6,0,1.71835,0.693,0.192,0,0.0,0.0,1.72217,1.70169,11.075,0,0,0,0.675,0.685,0.1179,0.685,0.287,2,0.463,3,0.422,1.72026,1.72141,0.486,0.15,0.0,2,0.0,0,0.463,0.629,1.546,0.407,0.344,0,1.72026,2,0.55,0.027,0.214,0.206,0.0,0.817,0.813,1.65788,1.65209,1.72097,1818372.1907,-241332.0549,1,1.65981,0.776,1.68486,0.287,0.0,0.0,0,0.206,1,0,23605,0.765,0.563,0.369,33.0,30.4,0.1827,180.6,0.0,1,1,0.852,1.59509,1,1,0.825,1.54814,0,69.961,0.566,0.434,0.0,1.0,0.5,0.03,0.0,0.5,0.0,0.663,0.389,0.5,0.422,0.0,0.259,0.0,0,0,0.297,0.497,0.329,0.352,0.048,0.584,0.555,0.0,0.528,0.478,0.0,1.0,0.83
70784,2025.03.19 12:28:40,EURAUDm,MEAN_REVERSION,BUY,2,1.72167,1.72013,1.72456,1.87,0.61,1.72145,1.72343,1.72086,1,0.058,0.907,0.0113,1.7196,1.71991,1.72238,1.71347,1,0.0,0.55,0,1.72145,0.719,0.458,0,0.0,0.0,0.0,1.70169,10.316,0,0,0,0.55,0.58,0.1982,0.58,1.0,2,0.636,0,0.753,1.72157,1.7197,0.049,0.921,0.0,2,0.25,0,0.636,0.276,0.921,0.3,0.359,1,1.72086,5,0.6,0.901,0.1,0.174,0.238,0.886,0.836,1.66127,1.64612,1.72097,1992572.7325,174200.5418,2,1.65938,0.772,1.68399,0.285,0.0,0.0,0,0.205,1,0,23607,0.765,0.563,0.369,20.0,25.3,0.1039,192.6,0.0,1,1,0.852,1.59509,1,1,0.825,1.54814,0,65.731,0.5,0.5,0.0,0.0,0.5,0.41,0.0,0.5,0.0,0.572,0.457,0.5,0.529,0.0,0.379,0.0,0,0,0.336,0.8,0.0,0.536,0.067,0.577,0.491,0.0,0.576,0.478,0.0,1.0,0.81
70786,2025.03.19 12:39:40,EURAUDm,BREAKOUT,BUY,2,1.72176,1.71887,1.72657,1.67,0.255,1.72145,1.72343,1.72086,1,0.058,0.907,0.058,1.7196,1.71991,1.72238,1.71347,1,0.0,0.55,0,1.72145,0.719,0.458,0,0.0,0.0,0.0,1.70169,10.316,0,0,0,0.55,0.58,0.1982,0.58,1.0,2,0.636,0,0.753,1.72157,1.7197,0.003,0.967,0.0,2,0.25,0,0.636,0.29,0.967,0.3,0.36,1,1.72086,5,0.6,0.995,0.1,0.174,0.238,0.886,0.836,1.66127,1.64612,1.72097,1992572.7325,174200.5418,2,1.65938,0.772,1.68399,0.285,0.0,0.0,0,0.205,1,0,23607,0.765,0.563,0.369,20.0,23.1,0.1039,192.6,0.0,1,1,0.852,1.59509,1,1,0.825,1.54814,0,65.778,0.5,0.5,0.0,0.0,0.5,0.65,0.0,0.5,0.0,0.588,0.506,0.5,0.535,0.0,0.415,0.0,0,0,0.33,0.8,0.0,0.536,0.067,0.577,0.494,0.0,0.567,0.478,0.0,1.0,0.81
70787,2025.03.19 12:39:59,EURAUDm,BREAKOUT_RETEST,BUY,2,1.72176,1.72118,1.72492,5.47,0.38,1.72145,1.72343,1.72086,1,0.058,0.907,0.058,1.7196,1.71991,1.72238,1.71347,1,0.0,0.55,0,1.72145,0.719,0.458,0,0.0,0.0,0.0,1.70169,10.316,0,0,0,0.55,0.58,0.1982,0.58,1.0,2,0.636,0,0.753,1.72157,1.7197,0.003,0.967,0.0,2,0.25,0,0.636,0.29,0.967,0.3,0.36,1,1.72086,5,0.6,0.995,0.1,0.174,0.238,0.886,0.836,1.66127,1.64612,1.72097,1992572.7325,174200.5418,2,1.65938,0.772,1.68399,0.285,0.0,0.0,0,0.205,1,0,23607,0.765,0.563,0.369,20.0,23.1,0.1039,192.6,0.0,1,1,0.852,1.59509,1,1,0.825,1.54814,0,65.778,0.5,0.5,0.0,0.0,0.5,0.65,0.0,0.5,0.0,0.588,0.513,0.5,0.535,0.0,0.415,0.0,0,0,0.334,0.8,0.0,0.536,0.067,0.577,0.494,0.0,0.567,0.478,0.0,1.0,0.81
70788,2025.03.19 12:40:20,EURAUDm,TREND_CONTINUATION,BUY,2,1.72176,1.71945,1.72657,2.08,0.362,1.72145,1.72343,1.72086,1,0.058,0.907,0.058,1.7196,1.71991,1.72238,1.71347,1,0.0,0.55,0,1.72145,0.719,0.458,0,0.0,0.0,0.0,1.70169,10.316,0,0,0,0.55,0.58,0.1982,0.58,1.0,2,0.636,0,0.753,1.72157,1.7197,0.003,0.967,0.0,2,0.25,0,0.636,0.29,0.967,0.3,0.36,1,1.72086,5,0.6,0.995,0.1,0.174,0.238,0.886,0.836,1.66127,1.64612,1.72097,1992572.7325,174200.5418,2,1.65938,0.772,1.68399,0.285,0.0,0.0,0,0.205,1,0,23607,0.765,0.563,0.369,20.0,23.1,0.1039,192.6,0.0,1,1,0.852,1.59509,1,1,0.825,1.54814,0,65.778,0.5,0.5,0.0,0.0,0.5,0.65,0.0,0.5,0.0,0.562,0.49,0.5,0.527,0.0,0.443,0.0,0,0,0.341,0.8,0.0,0.536,0.067,0.577,0.494,0.0,0.567,0.478,0.0,1.0,0.81
70792,2025.03.19 13:35:40,EURAUDm,PULLBACK,BUY,4,1.72269,1.72157,1.72874,5.4,0.471,1.72157,1.72252,1.72114,1,0.208,0.049,0.4556,1.71979,1.72024,1.72226,1.71417,0,0.0,0.4,0,1.72157,0.789,0.903,0,0.0,0.0,1.72156,1.70169,9.564,0,0,0,0.6,0.79,0.1894,0.79,0.479,0,0.691,1,0.087,1.72209,1.72278,0.199,0.143,0.0,2,0.15,0,0.691,0.172,0.456,0.378,0.279,0,1.72157,8,0.758,0.602,0.216,0.237,0.053,0.78,0.859,1.66127,1.64612,1.72097,1992572.7325,174200.5418,2,1.65938,0.772,1.68399,0.285,0.0,0.0,0,0.205,1,0,23608,0.765,0.563,0.369,20.0,27.0,0.0992,201.6,0.0,1,1,0.852,1.59509,1,1,0.825,1.54814,0,63.28,0.5,0.5,0.0,0.0,0.5,0.99,0.0,0.5,0.0,0.671,0.584,0.5,0.526,0.0,0.433,0.0,0,0,0.382,0.554,0.0,0.417,0.071,0.259,0.72,0.0,0.527,0.478,0.0,1.0,0.908
70794,2025.03.19 14:29:40,EURAUDm,MEAN_REVERSION,BUY,4,1.72122,1.71954,1.7226,0.82,0.636,1.72143,1.7224,1.7211,0,0.178,0.44,-0.1927,1.72026,1.72044,1.72236,1.71467,1,0.0,0.5,0,1.72143,0.746,0.642,0,0.0,0.0,0.0,1.70169,9.688,0,0,0,0.65,0.65,0.1678,0.65,0.434,0,0.693,0,0.589,1.72149,1.72065,0.224,0.178,0.0,2,0.25,0,0.693,0.577,1.5,0.385,0.389,1,1.7224,4,0.6,0.553,0.27,0.195,0.205,0.895,0.93,1.66127,1.64612,1.72097,1992572.7325,174200.5418,2,1.65938,0.772,1.68399,0.285,0.0,0.0,0,0.205,1,0,23609,0.765,0.563,0.369,20.0,25.3,0.0951,210.2,0.0,1,1,0.852,1.59509,1,1,0.825,1.54814,0,60.001,0.5,0.5,0.0,0.0,0.5,0.72,0.0,0.5,0.0,0.421,0.492,0.5,0.479,0.0,0.429,0.0,0,0,0.32,0.835,0.0,0.819,0.071,0.364,0.479,0.0,0.53,0.478,0.0,1.0,0.969
70795,2025.03.19 14:43:20,EURAUDm,SWEEP_REVERSAL,BUY,4,1.72001,1.71791,1.72176,0.83,0.218,1.72143,1.7224,1.7211,0,0.178,0.44,-0.8301,1.72026,1.72044,1.72236,1.71467,1,0.0,0.5,0,1.72143,0.746,0.642,0,0.0,0.0,0.0,1.70169,9.688,0,0,0,0.65,0.65,0.1678,0.65,0.027,0,0.693,0,0.589,1.72149,1.72065,0.861,0.459,0.0,2,0.25,0,0.693,0.384,0.861,0.446,0.366,1,1.72143,8,0.749,0.0,0.392,0.195,0.205,0.895,0.93,1.66127,1.64612,1.72097,1992572.7325,174200.5418,2,1.65938,0.772,1.68399,0.285,0.0,0.0,0,0.205,1,0,23609,0.765,0.563,0.369,33.0,27.4,0.157,210.2,0.0,1,1,0.852,1.59509,1,1,0.825,1.54814,0,59.425,0.5,0.5,0.0,0.0,0.5,0.0,0.0,0.5,0.0,0.441,0.344,0.5,0.488,0.0,0.409,0.0,0,0,0.404,0.66,0.0,0.91,0.071,0.252,0.309,0.0,0.533,0.478,0.0,1.0,0.969
70797,2025.03.19 14:52:40,EURAUDm,TREND_CONTINUATION,BUY,4,1.71885,1.71633,1.72176,1.15,0.414,1.72143,1.7224,1.7211,0,0.178,0.44,-1.3819,1.72026,1.72044,1.72236,1.71467,1,0.0,0.5,0,1.72143,0.746,0.642,0,0.0,0.0,0.0,1.70169,9.688,0,0,0,0.65,0.65,0.1678,0.65,0.027,0,0.693,0,0.589,1.72149,1.72065,1.413,1.011,0.0,2,0.25,0,0.693,0.63,1.413,0.446,0.395,1,1.72143,8,0.749,0.0,0.392,0.195,0.205,0.895,0.93,1.66127,1.64612,1.72097,1992572.7325,174200.5418,2,1.65938,0.772,1.68399,0.285,0.0,0.0,0,0.205,1,0,23609,0.765,0.563,0.369,33.0,29.9,0.157,210.2,0.0,1,1,0.852,1.59509,1,1,0.825,1.54814,0,58.873,0.5,0.5,0.0,0.0,0.5,0.0,0.0,0.5,0.0,0.498,0.302,0.5,0.502,0.0,0.401,0.0,0,0,0.43,0.616,0.0,0.682,0.071,0.26,0.255,0.0,0.533,0.478,0.0,1.0,0.969
70800,2025.03.19 15:56:40,EURAUDm,PULLBACK,BUY,4,1.71831,1.7149,1.72181,1.03,0.448,1.72148,1.72257,1.72088,0,0.771,0.028,-1.5415,1.72026,1.71967,1.72236,1.71467,1,0.0,0.35,0,1.72148,0.737,0.604,0,0.0,0.0,1.72009,1.70169,7.724,0,0,0,1.0,0.685,0.1345,0.685,0.06,0,0.73,2,0.362,1.72136,1.71835,1.488,0.163,0.0,2,0.4,0,0.73,0.68,1.541,0.441,0.345,0,1.72148,8,0.747,0.0,0.442,0.206,0.14,0.787,0.94,1.66127,1.64612,1.72097,1992572.7325,174200.5418,2,1.65938,0.772,1.68399,0.285,0.0,0.0,0,0.205,1,0,23610,0.765,0.565,0.367,33.0,30.7,0.1452,227.3,0.0,1,1,0.852,1.59509,1,1,0.825,1.54814,0,54.214,0.5,0.5,0.0,0.0,0.5,0.0,0.0,0.5,0.0,0.884,0.386,0.5,0.468,0.0,0.274,0.0,0,0,0.319,0.381,0.0,0.92,0.071,0.343,0.248,0.0,0.538,0.478,0.0,1.0,0.83
70802,2025.03.19 16:29:40,EURAUDm,MEAN_REVERSION,BUY,4,1.71845,1.71659,1.7216,1.7,0.645,1.7214,1.72305,1.71975,0,1.26,0.049,-1.3566,1.7195,1.71967,1.72236,1.71467,1,0.0,0.65,0,1.7214,0.738,0.004,0,0.0,0.0,1.71827,1.70169,7.112,0,0,0,1.0,0.6983,0.0473,0.698,0.411,0,0.742,3,0.573,1.7214,1.71811,1.357,0.062,0.0,2,0.4,0,0.742,0.527,1.357,0.388,0.369,1,1.7214,8,0.748,0.0,0.337,0.209,0.14,0.886,0.844,1.65829,1.64258,1.72097,2024849.016,32276.2835,2,1.66025,0.781,1.68381,0.287,0.0,0.0,0,0.224,1,0,23611,0.765,0.565,0.367,20.0,21.4,0.0861,232.4,0.0,1,1,0.852,1.59509,1,1,0.825,1.54814,-1,53.091,0.5,0.5,0.0,0.0,0.0,0.65,0.0,0.5,0.0,0.929,0.63,0.5,0.523,0.0,0.377,0.0,0,0,0.386,0.447,0.0,0.781,0.071,0.708,0.294,0.0,0.516,0.478,0.0,1.0,0.83
70804,2025.03.19 16:43:20,EURAUDm,SWEEP_REVERSAL,BUY,4,1.71829,1.71597,1.72173,1.48,0.25,1.7214,1.72305,1.71975,0,1.26,0.049,-1.4814,1.7195,1.71967,1.72236,1.71467,1,0.0,0.65,0,1.7214,0.738,0.004,0,0.0,0.0,1.71827,1.70169,7.112,0,0,0,1.0,0.6983,0.0473,0.698,0.15,0,0.742,3,0.573,1.7214,1.71811,1.481,0.063,0.0,2,0.4,0,0.742,0.633,1.481,0.427,0.382,1,1.7214,8,0.748,0.0,0.415,0.209,0.14,0.886,0.844,1.65829,1.64258,1.72097,2024849.016,32276.2835,2,1.66025,0.781,1.68381,0.287,0.0,0.0,0,0.224,1,0,23611,0.765,0.565,0.367,33.0,20.4,0.142,232.4,0.0,1,1,0.852,1.59509,1,1,0.825,1.54814,-1,53.022,0.5,0.5,0.0,0.0,0.0,0.0,0.0,0.5,0.0,1.0,0.445,0.5,0.503,0.0,0.362,0.0,0,0,0.328,0.393,0.0,0.781,0.071,0.53,0.275,0.0,0.516,0.478,0.0,1.0,0.83
70806,2025.03.19 16:52:40,EURAUDm,TREND_CONTINUATION,BUY,4,1.71857,1.71578,1.7216,1.09,0.533,1.7214,1.72305,1.71975,0,1.26,0.049,-1.305,1.7195,1.71967,1.72236,1.71467,1,0.0,0.65,0,1.7214,0.738,0.004,0,0.0,0.0,1.71827,1.70169,7.112,0,0,0,1.0,0.6983,0.0473,0.698,0.411,0,0.742,3,0.573,1.7214,1.71811,1.305,0.113,0.0,2,0.4,0,0.742,0.507,1.305,0.388,0.367,1,1.7214,8,0.748,0.0,0.337,0.209,0.14,0.886,0.844,1.65829,1.64258,1.72097,2024849.016,32276.2835,2,1.66025,0.781,1.68381,0.287,0.0,0.0,0,0.224,1,0,23611,0.765,0.565,0.367,20.0,21.6,0.0861,232.4,0.0,1,1,0.852,1.59509,1,1,0.825,1.54814,-1,53.142,0.5,0.5,0.0,0.0,0.0,0.63,0.0,0.5,0.0,0.904,0.531,0.5,0.533,0.0,0.365,0.0,0,0,0.325,0.447,0.0,0.873,0.071,0.524,0.567,0.0,0.516,0.478,0.0,1.0,0.83
70808,2025.03.19 17:00:00,EURAUDm,ANCHORED_PULLBACK,BUY,3,1.71918,1.71777,1.72137,1.55,0.678,1.71843,1.72137,1.71745,1,0.114,0.358,0.2319,1.71911,1.71967,1.72236,1.71467,1,0.0,0.7,2,1.71843,0.765,0.408,0,0.0,0.0,1.71848,1.70169,7.289,0,0,0,0.675,-0.685,-0.0571,0.685,0.621,1,0.3,3,0.578,1.71927,1.71969,0.122,0.299,0.2633,0,0.3,2,1.0,0.76,1.5,0.507,0.463,1,1.71745,5,0.6,0.755,0.234,0.906,0.105,0.775,0.702,1.65829,1.64258,1.72097,2024849.016,32276.2835,2,1.66025,0.781,1.68381,0.287,0.0,0.0,0,0.224,1,0,23612,0.765,0.565,0.367,20.0,21.3,0.0843,237.1,0.0,1,1,0.852,1.59509,1,1,0.825,1.54814,-1,52.327,0.5,0.5,0.0,0.0,0.0,0.97,0.0,0.5,0.0,0.913,0.639,0.5,0.541,0.0,0.424,0.0,0,0,0.415,0.881,0.0,1.0,0.071,0.674,0.538,0.0,0.469,0.478,0.0,1.0,0.682
70810,2025.03.19 18:42:40,EURAUDm,MEAN_REVERSION,BUY,3,1.71705,1.71512,1.71865,0.83,0.671,1.71832,1.71944,1.7177,0,0.004,0.725,-0.663,1.71911,1.71967,1.72236,1.71467,1,0.0,0.35,2,1.71832,0.758,0.719,0,0.0,0.0,1.71799,1.70169,7.085,0,0,0,0.5,-0.545,-0.1731,0.545,0.169,0,0.759,1,0.453,1.7187,1.72056,0.818,1.591,0.0,2,0.25,0,0.759,0.675,1.591,0.425,0.388,1,1.71832,8,0.752,0.0,0.349,0.164,0.088,0.802,0.884,1.65829,1.64258,1.72097,2024849.016,32276.2835,2,1.66025,0.781,1.68381,0.287,0.0,0.0,0,0.224,1,0,23613,0.765,0.565,0.367,33.0,30.8,0.1366,241.6,0.0,1,1,0.852,1.59509,1,1,0.825,1.54814,-1,50.486,0.5,0.5,0.0,0.0,0.0,0.0,0.0,0.5,0.0,0.288,0.51,0.5,0.53,0.0,0.558,0.0,0,0,0.388,0.675,0.0,0.681,0.048,0.314,0.301,0.0,0.525,0.478,0.0,1.0,0.803
70811,2025.03.19 18:45:40,EURAUDm,SWEEP_REVERSAL,BUY,3,1.71666,1.71424,1.71865,0.82,0.196,1.71832,1.71944,1.7177,0,0.004,0.725,-0.8244,1.71911,1.71967,1.72236,1.71467,1,0.0,0.35,2,1.71832,0.758,0.719,0,0.0,0.0,1.71799,1.70169,7.085,0,0,0,0.5,-0.545,-0.1731,0.545,0.169,0,0.759,1,0.453,1.7187,1.72056,0.979,1.752,0.0,2,0.25,0,0.759,0.744,1.752,0.425,0.396,1,1.71832,8,0.752,0.0,0.349,0.164,0.088,0.802,0.884,1.65829,1.64258,1.72097,2024849.016,32276.2835,2,1.66025,0.781,1.68381,0.287,0.0,0.0,0,0.224,1,0,23613,0.765,0.565,0.367,33.0,31.6,0.1366,241.6,0.0,1,1,0.852,1.59509,1,1,0.825,1.54814,-1,50.325,0.5,0.5,0.0,0.0,0.0,0.0,0.0,0.5,0.0,0.288,0.452,0.5,0.531,0.0,0.672,0.0,0,0,0.457,0.675,0.0,0.681,0.048,0.23,0.276,0.0,0.527,0.478,0.0,1.0,0.803
70814,2025.03.19 20:42:40,EURAUDm,MEAN_REVERSION,BUY,3,1.71561,1.71346,1.71869,1.43,0.579,1.71836,1.71922,1.71602,0,0.617,0.158,-1.1459,1.71945,1.7189,1.72159,1.7139,1,0.0,0.65,0,1.71836,0.728,0.069,0,0.0,0.0,0.0,1.70169,5.399,0,0,0,0.9,-0.79,-0.2406,0.79,0.403,2,0.627,0,0.298,1.71824,1.71479,1.1,0.184,0.0,2,0.15,0,0.627,0.446,1.146,0.389,0.33,0,1.71836,8,0.746,0.0,0.239,0.237,0.112,0.854,0.817,1.65829,1.64258,1.72097,2011488.5753,-13360.4407,1,1.66025,0.782,1.68381,0.288,0.0,0.0,0,0.204,1,0,23615,0.765,0.565,0.367,33.0,33.0,0.1227,268.9,0.0,1,1,0.852,1.59509,1,1,0.825,1.54814,-1,44.827,0.503,0.497,0.0,1.0,0.0,0.0,0.0,0.5,0.0,1.0,0.597,0.5,0.495,0.0,0.258,0.0,0,0,0.31,0.442,0.0,0.886,0.071,0.443,0.305,0.0,0.506,0.478,0.0,1.0,0.681
70816,2025.03.19 20:45:40,EURAUDm,SWEEP_REVERSAL,BUY,3,1.71545,1.71276,1.71869,1.21,0.157,1.71836,1.71922,1.71602,0,0.617,0.158,-1.2054,1.71945,1.7189,1.72159,1.7139,1,0.0,0.65,0,1.71836,0.728,0.069,0,0.0,0.0,0.0,1.70169,5.399,0,0,0,0.9,-0.79,-0.2406,0.79,0.351,2,0.627,0,0.298,1.71824,1.71479,1.16,0.124,0.0,2,0.15,0,0.627,0.479,1.205,0.397,0.334,0,1.71836,8,0.746,0.0,0.255,0.237,0.112,0.854,0.817,1.65829,1.64258,1.72097,2011488.5753,-13360.4407,1,1.66025,0.782,1.68381,0.288,0.0,0.0,0,0.204,1,0,23615,0.765,0.565,0.367,33.0,33.0,0.1227,268.9,0.0,1,1,0.852,1.59509,1,1,0.825,1.54814,-1,44.767,0.503,0.497,0.0,1.0,0.0,0.0,0.0,0.5,0.0,1.0,0.518,0.5,0.491,0.0,0.239,0.0,0,0,0.254,0.431,0.0,0.886,0.071,0.441,0.296,0.0,0.518,0.478,0.0,1.0,0.681
70818,2025.03.19 22:42:59,EURAUDm,MEAN_REVERSION,BUY,1,1.71558,1.7137,1.71836,1.48,0.582,1.71568,1.71784,1.71467,1,0.325,0.08,-0.2635,1.71949,1.71967,1.72159,1.7139,1,0.0,0.55,0,1.71568,0.69,0.538,0,0.0,0.0,0.0,1.70169,5.375,0,0,0,1.0,-0.86,-0.3141,0.86,0.667,2,0.625,0,0.55,1.71554,1.71453,0.202,0.226,0.0,2,0.15,0,0.625,0.525,1.5,0.35,0.366,1,1.71784,4,0.6,0.595,0.16,0.258,0.162,0.815,0.813,1.65829,1.64258,1.72097,2011488.5753,-13360.4407,1,1.66025,0.782,1.68381,0.288,0.0,0.0,0,0.204,1,0,23617,0.765,0.565,0.367,52.0,52.0,0.221,235.3,0.0,1,1,0.852,1.59509,1,1,0.825,1.54814,-1,51.21,0.503,0.497,0.0,1.0,0.0,0.85,0.0,0.5,0.0,0.815,0.649,0.5,0.544,0.0,0.316,0.0,0,0,0.379,0.651,0.0,0.677,0.1,0.415,0.46,0.0,0.531,0.478,0.0,1.0,0.708
70820,2025.03.20 01:01:40,EURAUDm,ANCHORED_PULLBACK,BUY,1,1.72171,1.71686,1.72888,1.48,0.557,1.71421,1.71628,1.71352,0,1.786,0.695,2.8375,1.71897,1.71967,1.72159,1.7139,1,0.0,0.3,4,1.72156,0.646,0.144,0,0.0,0.0,1.72152,1.70169,7.283,0,0,0,1.0,-0.965,-0.1948,0.965,0.323,2,0.591,1,0.237,1.7149,1.71812,2.565,1.292,0.0,2,0.0,0,0.591,1.139,2.837,0.402,0.421,1,1.71421,1,0.7,0.0,0.203,0.29,0.15,0.886,0.987,1.66127,1.64612,1.72097,2007459.7701,-4028.8052,1,1.65938,0.775,1.68399,0.287,0.0,0.0,0,0.144,1,0,23620,0.76,0.568,0.366,33.0,33.0,0.1306,252.7,0.0,1,1,0.852,1.59509,1,1,0.825,1.54814,-1,50.104,0.501,0.499,0.0,1.0,0.0,0.62,0.0,0.5,0.689,0.417,0.355,0.5,0.538,0.0,0.777,0.0,0,0,0.559,0.673,0.0,1.0,0.048,0.318,0.465,0.0,0.537,0.478,0.0,1.0,0.792
70822,2025.03.20 03:00:00,EURAUDm,TREND_CONTINUATION,BUY,1,1.72155,1.71841,1.72808,2.08,0.339,1.72148,1.72256,1.71998,1,0.064,1.217,-0.1007,1.72156,1.71967,1.72159,1.7139,1,0.0,0.3,2,1.72148,0.746,0.464,0,0.0,0.0,0.0,1.70169,7.471,0,0,0,0.45,0.51,0.106,0.51,0.873,0,0.774,3,1.0,1.72148,1.71782,0.101,1.299,0.0,2,0.25,0,0.774,0.415,1.299,0.319,0.425,1,1.71998,5,0.6,0.799,0.138,0.153,0.088,0.767,0.989,1.66127,1.64612,1.72097,2007459.7701,-4028.8052,1,1.65938,0.775,1.68399,0.287,0.0,0.0,0,0.144,1,0,23622,0.76,0.568,0.366,33.0,30.7,0.1263,261.4,0.0,1,1,0.852,1.59509,1,1,0.825,1.54814,-1,48.386,0.501,0.499,0.0,1.0,0.0,0.48,0.0,0.5,0.0,0.712,0.543,0.5,0.479,0.0,0.289,0.0,0,0,0.285,0.8,0.0,1.0,0.067,0.449,0.528,0.0,0.533,0.478,0.0,1.0,0.813
70824,2025.03.20 03:31:40,EURAUDm,SWEEP_REVERSAL,BUY,1,1.7195,1.71689,1.72168,0.84,0.202,1.72148,1.72256,1.71998,0,0.064,1.217,-0.8354,1.72156,1.71967,1.72159,1.7139,1,0.0,0.3,2,1.72148,0.746,0.464,0,0.0,0.0,0.0,1.70169,7.471,0,0,0,0.45,0.51,0.106,0.51,0.019,0,0.774,3,1.0,1.72148,1.71782,0.835,0.565,0.0,2,0.25,0,0.774,0.374,0.835,0.447,0.42,1,1.72148,8,0.749,0.0,0.394,0.153,0.088,0.767,0.989,1.66127,1.64612,1.72097,2007459.7701,-4028.8052,1,1.65938,0.775,1.68399,0.287,0.0,0.0,0,0.144,1,0,23622,0.76,0.568,0.366,20.0,23.2,0.0765,261.4,0.0,1,1,0.852,1.59509,1,1,0.825,1.54814,-1,47.602,0.501,0.499,0.0,1.0,0.0,0.3,0.0,0.5,0.0,0.75,0.425,0.5,0.536,0.0,0.273,0.0,0,0,0.315,0.655,0.0,0.819,0.048,0.459,0.435,0.0,0.501,0.478,0.0,1.0,0.915
70826,2025.03.20 04:44:40,EURAUDm,MEAN_REVERSION,BUY,1,1.71906,1.71694,1.72149,1.15,0.69,1.72116,1.72218,1.72015,0,0.57,0.505,-0.9198,1.72156,1.71967,1.72159,1.7139,1,0.0,0.25,4,1.72116,0.75,0.508,0,0.0,0.0,0.0,1.70169,6.637,0,0,0,0.75,0.545,0.2172,0.545,0.042,0,0.827,2,0.47,1.72137,1.71751,0.997,0.462,0.0,2,0.25,0,0.827,0.442,0.997,0.444,0.361,1,1.72116,8,0.75,0.0,0.387,0.164,0.238,0.648,0.99,1.66222,1.64737,1.72097,1757163.5402,-250296.2299,1,1.66009,0.763,1.68342,0.289,0.0,0.0,0,0.237,1,0,23623,0.76,0.568,0.366,33.0,26.1,0.1248,264.5,0.0,1,1,0.852,1.59509,1,1,0.825,1.54814,-1,46.87,0.571,0.429,0.0,1.0,0.0,0.02,0.0,0.5,0.0,0.592,0.448,0.5,0.543,0.0,0.281,0.0,0,0,0.307,0.642,0.0,1.0,0.1,0.418,0.397,0.0,0.522,0.478,0.0,1.0,0.956
70828,2025.03.20 05:31:40,EURAUDm,SWEEP_REVERSAL,BUY,1,1.71866,1.71614,1.72156,1.15,0.213,1.72123,1.72218,1.71947,0,0.166,0.049,-1.1515,1.72156,1.71967,1.72159,1.7139,1,0.0,0.5,0,1.72123,0.721,0.086,0,0.0,0.0,1.71883,1.70169,6.728,0,0,0,0.825,0.58,0.2832,0.58,0.088,0,0.72,2,0.005,1.71907,1.71839,0.293,0.024,0.0,2,0.4,0,0.72,0.503,1.151,0.437,0.233,0,1.72123,8,0.744,0.414,0.434,0.174,0.14,0.428,0.901,1.66222,1.64737,1.72097,1757163.5402,-250296.2299,1,1.66009,0.763,1.68342,0.289,0.0,0.0,0,0.237,1,0,23624,0.76,0.568,0.366,33.0,28.5,0.131,252.0,0.0,1,1,0.852,1.59509,1,1,0.825,1.54814,-1,49.036,0.571,0.429,0.0,1.0,0.0,0.22,0.0,0.5,0.0,0.912,0.627,0.5,0.54,0.0,0.287,0.0,0,0,0.353,0.554,0.0,1.0,0.181,0.448,0.39,0.0,0.496,0.478,0.0,1.0,0.895
70830,2025.03.20 06:00:00,EURAUDm,BREAKOUT_RETEST,BUY,1,1.71911,1.71789,1.72292,3.11,0.742,1.71906,1.72099,1.71781,1,0.02,0.43,-0.1105,1.72156,1.71967,1.72159,1.7139,1,0.0,0.7,0,1.72133,0.7,0.367,0,0.0,0.0,0.0,1.70169,6.77,0,0,0,0.9,0.615,0.262,0.615,0.819,2,0.418,3,0.397,1.71894,1.71781,0.065,0.385,0.1902,0,0.55,2,1.0,0.483,1.012,0.477,0.387,1,1.71781,5,0.6,0.869,0.274,0.885,0.193,0.912,0.806,1.66222,1.64737,1.72097,1757163.5402,-250296.2299,1,1.66009,0.763,1.68342,0.289,0.0,0.0,0,0.237,1,0,23625,0.76,0.568,0.366,33.0,20.1,0.1308,252.4,0.0,1,1,0.852,1.59509,1,1,0.825,1.54814,-1,49.145,0.571,0.429,0.0,1.0,0.0,0.0,0.0,0.5,0.0,0.326,0.355,0.5,0.511,0.0,0.465,0.0,0,0,0.426,0.719,0.0,0.872,0.107,0.491,0.5,0.0,0.468,0.478,0.0,1.0,0.902
70831,2025.03.20 06:00:20,EURAUDm,PULLBACK,BUY,1,1.71902,1.71789,1.72192,2.56,0.563,1.71906,1.72099,1.71781,1,0.02,0.43,-0.1461,1.72156,1.71967,1.72159,1.7139,1,0.0,0.7,0,1.72133,0.7,0.367,0,0.0,0.0,0.0,1.70169,6.77,0,0,0,0.9,0.615,0.262,0.615,0.593,0,0.718,3,0.397,1.71894,1.71781,0.101,0.35,0.0,2,0.25,0,0.718,0.378,1.048,0.361,0.35,0,1.71781,5,0.6,0.798,0.222,0.185,0.088,0.912,0.806,1.66222,1.64737,1.72097,1757163.5402,-250296.2299,1,1.66009,0.763,1.68342,0.289,0.0,0.0,0,0.237,1,0,23625,0.76,0.568,0.366,33.0,20.3,0.1308,252.4,0.0,1,1,0.852,1.59509,1,1,0.825,1.54814,-1,49.109,0.571,0.429,0.0,1.0,0.0,0.0,0.0,0.5,0.0,0.548,0.345,0.5,0.562,0.0,0.398,0.0,0,0,0.421,0.765,0.0,0.814,0.146,0.311,0.496,0.0,0.509,0.478,0.0,1.0,0.818
70832,2025.03.20 06:00:20,EURAUDm,TREND_CONTINUATION,BUY,1,1.71902,1.71599,1.72533,2.08,0.484,1.71906,1.72099,1.71781,1,0.02,0.43,-0.1461,1.72156,1.71967,1.72159,1.7139,1,0.0,0.7,0,1.72133,0.7,0.367,0,0.0,0.0,0.0,1.70169,6.77,0,0,0,0.9,0.615,0.262,0.615,0.593,0,0.718,3,0.397,1.71894,1.71781,0.101,0.35,0.0,2,0.25,0,0.718,0.378,1.048,0.361,0.35,0,1.71781,5,0.6,0.798,0.222,0.185,0.088,0.912,0.806,1.66222,1.64737,1.72097,1757163.5402,-250296.2299,1,1.66009,0.763,1.68342,0.289,0.0,0.0,0,0.237,1,0,23625,0.76,0.568,0.366,33.0,20.4,0.1308,252.4,0.0,1,1,0.852,1.59509,1,1,0.825,1.54814,-1,49.109,0.571,0.429,0.0,1.0,0.0,0.0,0.0,0.5,0.0,0.548,0.345,0.5,0.562,0.0,0.398,0.0,0,0,0.421,0.765,0.0,0.814,0.146,0.311,0.496,0.0,0.509,0.478,0.0,1.0,0.818
70836,2025.03.20 06:45:40,EURAUDm,BREAKOUT,BUY,1,1.72017,1.71901,1.72648,5.42,0.353,1.71906,1.72099,1.71781,1,0.02,0.43,0.3611,1.72156,1.71967,1.72159,1.7139,1,0.0,0.7,0,1.72133,0.7,0.367,0,0.0,0.0,0.0,1.70169,6.77,0,0,0,0.9,0.615,0.262,0.615,0.393,0,0.718,3,0.397,1.71894,1.72042,0.406,0.18,0.0,2,0.25,0,0.718,0.211,0.54,0.391,0.33,0,1.71906,1,0.7,0.188,0.282,0.185,0.088,0.912,0.755,1.66222,1.64737,1.72097,1757163.5402,-250296.2299,1,1.66009,0.763,1.68342,0.289,0.0,0.0,0,0.237,1,0,23625,0.76,0.568,0.366,20.0,25.3,0.0793,252.4,0.0,1,1,0.852,1.59509,1,1,0.825,1.54814,-1,49.565,0.571,0.429,0.0,1.0,0.0,0.91,0.0,0.5,0.0,0.257,0.575,0.5,0.501,0.0,0.308,0.0,0,0,0.318,0.727,0.0,1.0,0.146,0.323,0.569,0.0,0.511,0.478,0.0,1.0,0.895
70837,2025.03.20 07:00:00,EURAUDm,ANCHORED_PULLBACK,BUY,1,1.72076,1.71923,1.72556,3.14,0.437,1.71902,1.71988,1.71835,0,0.475,0.049,0.5499,1.72156,1.71967,1.72159,1.7139,1,0.0,0.4,0,1.71902,0.721,0.715,0,0.0,0.0,1.72,1.70169,7.306,0,0,0,0.65,0.65,0.2265,0.65,0.198,0,0.78,1,0.031,1.71892,1.72065,0.587,0.087,-0.6431,1,0.4,1,1.0,0.159,0.587,0.27,0.319,0,1.71902,8,0.744,0.0,0.701,0.195,0.14,0.853,0.918,1.66222,1.64737,1.72097,1757163.5402,-250296.2299,1,1.66009,0.763,1.68342,0.289,0.0,0.0,0,0.237,1,0,23626,0.76,0.568,0.366,33.0,26.0,0.1287,256.4,0.0,1,1,0.852,1.59509,1,1,0.825,1.54814,0,49.008,0.571,0.429,0.0,1.0,0.5,0.36,0.0,0.5,0.0,0.341,0.628,0.5,0.433,0.0,0.305,0.0,0,0,0.329,0.457,0.0,0.784,0.127,0.15,0.701,0.0,0.473,0.478,0.0,1.0,0.765
70840,2025.03.20 08:00:40,EURAUDm,TREND_CONTINUATION,BUY,2,1.72176,1.71853,1.72849,2.08,0.509,1.71898,1.72101,1.71789,0,0.622,0.654,0.9093,1.72156,1.71967,1.72236,1.7139,1,0.0,0.5,0,1.71898,0.695,0.319,0,0.0,0.0,1.721,1.70169,7.166,0,0,0,1.0,0.685,0.1673,0.685,0.19,0,0.691,1,0.099,1.71883,1.7232,0.967,0.657,0.0,2,0.25,0,0.691,0.408,0.967,0.421,0.289,0,1.71898,8,0.739,0.0,0.343,0.206,0.088,0.748,0.955,1.65843,1.64761,1.72076,1697013.907,-60149.6333,1,1.66009,0.763,1.68342,0.289,0.0,0.0,0,0.235,1,0,23627,0.76,0.568,0.366,33.0,26.9,0.1227,269.0,0.0,1,1,0.852,1.59509,1,1,0.825,1.54814,0,47.089,0.518,0.482,0.0,1.0,0.5,0.52,0.0,0.5,0.0,0.658,0.626,0.5,0.549,0.0,0.47,0.0,0,0,0.428,0.627,0.0,0.99,0.1,0.429,0.768,0.0,0.503,0.478,0.0,1.0,0.911
70842,2025.03.20 08:12:40,EURAUDm,PULLBACK,BUY,2,1.72118,1.71936,1.72306,1.03,0.582,1.71898,1.72101,1.71789,1,0.622,0.654,0.6937,1.72156,1.71967,1.72236,1.7139,1,0.0,0.5,0,1.71898,0.695,0.319,0,0.0,0.0,1.721,1.70169,7.166,0,0,0,1.0,0.685,0.1673,0.685,0.251,0,0.691,1,0.099,1.71883,1.7232,0.752,0.872,0.0,2,0.25,0,0.691,0.36,0.872,0.412,0.283,0,1.71898,8,0.739,0.0,0.325,0.206,0.088,0.748,0.955,1.65843,1.64761,1.72076,1697013.907,-60149.6333,1,1.66009,0.763,1.68342,0.289,0.0,0.0,0,0.235,1,0,23627,0.76,0.568,0.366,33.0,30.0,0.1227,269.0,0.0,1,1,0.852,1.59509,1,1,0.825,1.54814,0,46.874,0.518,0.482,0.0,1.0,0.5,0.0,0.0,0.5,0.0,0.68,0.492,0.5,0.563,0.0,0.487,0.0,0,0,0.368,0.7,0.0,1.0,0.13,0.389,0.433,0.0,0.502,0.478,0.0,1.0,0.872
70844,2025.03.20 08:13:40,EURAUDm,BREAKOUT_RETEST,BUY,2,1.72106,1.71936,1.7229,1.08,0.547,1.71898,1.72101,1.71789,1,0.622,0.654,0.6491,1.72156,1.71967,1.72236,1.7139,1,0.0,0.5,0,1.71898,0.695,0.319,0,0.0,0.0,1.721,1.70169,7.166,0,0,0,1.0,0.685,0.1673,0.685,0.251,0,0.691,1,0.099,1.71883,1.7232,0.707,0.917,0.0,2,0.25,0,0.691,0.378,0.917,0.412,0.285,0,1.71898,8,0.739,0.0,0.325,0.206,0.088,0.748,0.955,1.65843,1.64761,1.72076,1697013.907,-60149.6333,1,1.66009,0.763,1.68342,0.289,0.0,0.0,0,0.235,1,0,23627,0.76,0.568,0.366,33.0,30.8,0.1227,269.0,0.0,1,1,0.852,1.59509,1,1,0.825,1.54814,0,46.829,0.518,0.482,0.0,1.0,0.5,0.0,0.0,0.5,0.0,0.68,0.45,0.5,0.563,0.0,0.487,0.0,0,0,0.394,0.7,0.0,1.0,0.13,0.389,0.433,0.0,0.502,0.478,0.0,1.0,0.872
70846,2025.03.20 08:45:40,EURAUDm,BREAKOUT,BUY,2,1.72253,1.71936,1.72926,2.12,0.475,1.71898,1.72101,1.71789,0,0.622,0.654,1.1955,1.72156,1.71967,1.72236,1.7139,1,0.0,0.5,0,1.71898,0.695,0.319,0,0.0,0.0,1.721,1.70169,7.166,0,0,0,1.0,0.685,0.1673,0.685,0.373,0,0.691,1,0.099,1.71883,1.7232,1.254,0.37,0.0,2,0.25,0,0.691,0.494,1.254,0.394,0.299,0,1.71898,8,0.739,0.0,0.288,0.206,0.088,0.748,0.955,1.65843,1.64761,1.72076,1697013.907,-60149.6333,1,1.66009,0.763,1.68342,0.289,0.0,0.0,0,0.235,1,0,23627,0.76,0.568,0.366,33.0,32.2,0.1227,269.0,0.0,1,1,0.852,1.59509,1,1,0.825,1.54814,0,47.375,0.518,0.482,0.0,1.0,0.5,0.85,0.0,0.5,0.0,0.472,0.699,0.5,0.528,0.0,0.466,0.0,0,0,0.464,0.666,0.0,0.934,0.1,0.42,0.827,0.0,0.499,0.478,0.0,1.0,0.911
70848,2025.03.20 10:00:00,EURAUDm,ANCHORED_PULLBACK,BUY,2,1.72443,1.72313,1.72958,3.96,0.55,1.7211,1.72253,1.72031,0,0.747,0.063,1.0948,1.72054,1.71947,1.72231,1.71419,0,0.0,0.35,0,1.7211,0.787,0.929,0,0.0,0.0,1.72395,1.70169,8.173,0,0,1,1.0,0.93,0.0664,0.93,0.211,2,0.641,0,0.935,1.72157,1.72443,0.921,0.121,-0.4011,1,0.15,0,0.641,0.458,1.095,0.418,0.41,1,1.7211,8,0.757,0.0,0.597,0.279,0.24,0.816,0.938,1.65843,1.64761,1.72076,1697013.907,-60149.6333,1,1.66009,0.763,1.68342,0.289,0.0,0.0,0,0.235,1,0,23629,0.76,0.568,0.366,33.0,33.0,0.1204,274.1,0.0,1,1,0.852,1.59509,1,1,0.825,1.54814,0,47.18,0.518,0.482,0.0,1.0,0.5,0.76,0.0,0.5,0.0,0.685,0.535,0.5,0.512,0.0,0.404,0.0,0,0,0.336,0.371,0.0,0.239,0.222,0.279,0.861,0.0,0.485,0.478,0.0,1.0,0.829
70850,2025.03.20 10:00:40,EURAUDm,TREND_CONTINUATION,BUY,2,1.72391,1.72062,1.73076,2.08,0.571,1.7211,1.72253,1.72031,0,0.747,0.063,0.9051,1.72054,1.71947,1.72231,1.71419,0,0.0,0.35,0,1.7211,0.787,0.929,0,0.0,0.0,1.72395,1.70169,8.173,0,0,1,1.0,0.93,0.0664,0.93,0.155,0,0.675,0,0.935,1.72157,1.723,0.731,0.21,0.0,2,0.15,0,0.675,0.386,0.905,0.427,0.41,1,1.7211,8,0.757,0.0,0.314,0.279,0.24,0.816,0.898,1.65843,1.64761,1.72076,1697013.907,-60149.6333,1,1.66009,0.763,1.68342,0.289,0.0,0.0,0,0.235,1,0,23629,0.76,0.568,0.366,33.0,33.0,0.1204,274.1,0.0,1,1,0.852,1.59509,1,1,0.825,1.54814,0,46.99,0.518,0.482,0.0,1.0,0.5,0.16,0.0,0.5,0.0,0.685,0.511,0.5,0.448,0.0,0.354,0.0,0,0,0.282,0.439,0.0,0.431,0.224,0.368,0.435,0.0,0.485,0.478,0.0,1.0,0.886
70852,2025.03.20 10:12:40,EURAUDm,PULLBACK,BUY,2,1.72454,1.72043,1.73276,2.0,0.489,1.7211,1.72253,1.72031,0,0.747,0.063,1.1349,1.72054,1.71947,1.72231,1.71419,0,0.0,0.35,0,1.7211,0.787,0.929,0,0.0,0.0,1.72395,1.70169,8.173,0,0,1,1.0,0.93,0.0664,0.93,0.079,0,0.675,0,0.935,1.72157,1.72443,0.961,0.081,0.0,2,0.15,0,0.675,0.497,1.135,0.438,0.423,1,1.7211,8,0.757,0.0,0.336,0.279,0.24,0.816,0.938,1.65843,1.64761,1.72076,1697013.907,-60149.6333,1,1.66009,0.763,1.68342,0.289,0.0,0.0,0,0.235,1,0,23629,0.76,0.568,0.366,33.0,33.0,0.1204,274.1,0.0,1,1,0.852,1.59509,1,1,0.825,1.54814,0,47.22,0.518,0.482,0.0,1.0,0.5,0.64,0.0,0.5,0.0,0.716,0.559,0.5,0.501,0.0,0.441,0.0,0,0,0.362,0.351,0.0,0.239,0.224,0.37,0.862,0.0,0.499,0.478,0.0,1.0,0.886
70854,2025.03.20 10:45:40,EURAUDm,BREAKOUT,BUY,2,1.72568,1.72211,1.73253,1.92,0.511,1.7211,1.72253,1.72031,0,0.747,0.063,1.5507,1.72054,1.71947,1.72231,1.71419,0,0.0,0.35,0,1.7211,0.787,0.929,0,0.0,0.0,1.72395,1.70169,8.173,0,0,1,1.0,0.93,0.0664,0.93,0.036,0,0.675,0,0.935,1.72157,1.72443,1.377,0.335,0.0,2,0.15,0,0.675,0.689,1.551,0.445,0.446,1,1.7211,8,0.757,0.0,0.349,0.279,0.24,0.816,0.938,1.65843,1.64761,1.72076,1697013.907,-60149.6333,1,1.66009,0.763,1.68342,0.289,0.0,0.0,0,0.235,1,0,23629,0.76,0.568,0.366,33.0,32.3,0.1204,274.1,0.0,1,1,0.852,1.59509,1,1,0.825,1.54814,0,47.636,0.518,0.482,0.0,1.0,0.5,0.83,0.0,0.5,0.0,0.623,0.634,0.5,0.455,0.0,0.399,0.0,0,0,0.377,0.295,0.0,0.479,0.195,0.424,0.862,0.0,0.494,0.478,0.0,1.0,0.886
70856,2025.03.20 11:11:40,EURAUDm,BREAKOUT_RETEST,BUY,2,1.72365,1.72206,1.72599,1.48,0.56,1.72117,1.72384,1.72019,1,0.785,0.282,0.7712,1.72058,1.72018,1.72234,1.7137,0,0.0,0.65,2,1.72117,0.8,0.154,0,0.0,0.0,1.72469,1.70169,8.079,0,0,1,1.0,0.9138,0.0436,0.914,0.125,2,0.593,1,0.043,1.72159,1.72314,0.62,0.066,0.0,2,0.15,0,0.593,0.333,0.771,0.431,0.261,0,1.72117,8,0.76,0.0,0.323,0.274,0.053,0.726,0.901,1.65843,1.64761,1.72076,1697013.907,-60149.6333,1,1.66009,0.763,1.68342,0.289,0.0,0.0,0,0.235,1,0,23630,0.765,0.568,0.368,33.0,32.2,0.1185,278.6,0.0,1,1,0.852,1.59509,1,1,0.825,1.54814,0,46.15,0.518,0.482,0.0,1.0,0.5,0.0,0.0,0.5,0.0,1.0,0.367,0.5,0.493,0.0,0.336,0.0,0,0,0.362,0.431,0.0,0.428,0.17,0.66,0.724,0.0,0.481,0.478,0.0,1.0,0.845
70858,2025.03.20 12:00:40,EURAUDm,TREND_CONTINUATION,BUY,2,1.72615,1.72268,1.73337,2.08,0.59,1.72398,1.7258,1.72159,0,0.316,0.802,0.6383,1.71874,1.72018,1.72234,1.7137,0,0.0,0.75,0,1.72117,0.794,0.236,0,0.0,0.0,1.72474,1.70169,8.226,0,0,1,1.0,1.0,0.1346,1.0,0.152,2,0.645,3,0.752,1.72426,1.72271,0.541,1.075,0.0,2,0.0,0,0.645,0.688,1.61,0.427,0.451,1,1.72398,1,0.7,0.0,0.254,0.3,0.0,0.921,0.929,1.66165,1.64586,1.72084,1666409.4858,-30604.4212,1,1.66009,0.763,1.68342,0.289,0.0,0.0,0,0.164,1,0,23631,0.765,0.568,0.368,33.0,31.4,0.1143,288.8,0.0,1,1,0.852,1.59509,1,1,0.825,1.54814,0,45.383,0.509,0.491,0.0,1.0,0.5,0.87,0.0,0.5,0.0,0.803,0.454,0.5,0.499,0.0,0.33,0.0,0,0,0.31,0.518,0.0,0.238,0.1,0.673,0.853,0.0,0.473,0.478,0.0,1.0,1.034
70859,2025.03.20 12:01:40,EURAUDm,ANCHORED_PULLBACK,BUY,2,1.7267,1.72388,1.73215,1.93,0.319,1.72398,1.7258,1.72159,0,0.316,0.802,0.8287,1.71874,1.72018,1.72234,1.7137,0,0.0,0.75,0,1.72117,0.794,0.236,0,0.0,0.0,1.72474,1.70169,8.226,0,0,1,1.0,1.0,0.1346,1.0,0.152,2,0.645,3,0.752,1.72426,1.72271,0.732,1.266,0.0,2,0.0,0,0.645,0.769,1.8,0.427,0.46,1,1.72398,1,0.7,0.0,0.254,0.3,0.0,0.921,0.929,1.66165,1.64586,1.72084,1666409.4858,-30604.4212,1,1.66009,0.763,1.68342,0.289,0.0,0.0,0,0.164,1,0,23631,0.765,0.568,0.368,33.0,31.4,0.1143,288.8,0.0,1,1,0.852,1.59509,1,1,0.825,1.54814,0,45.574,0.509,0.491,0.0,1.0,0.5,0.87,0.0,0.5,0.0,0.698,0.512,0.5,0.499,0.0,0.3,0.0,0,0,0.277,0.502,0.0,0.143,0.1,0.673,0.859,0.0,0.473,0.478,0.0,1.0,1.034
70862,2025.03.20 12:12:40,EURAUDm,PULLBACK,BUY,2,1.7264,1.72478,1.73506,5.36,0.504,1.72398,1.7258,1.72159,0,0.316,0.802,0.7248,1.71874,1.72018,1.72234,1.7137,0,0.0,0.75,0,1.72117,0.794,0.236,0,0.0,0.0,1.72474,1.70169,8.226,0,0,1,1.0,1.0,0.1346,1.0,0.152,2,0.645,3,0.752,1.72426,1.72271,0.628,1.162,0.0,2,0.0,0,0.645,0.724,1.696,0.427,0.455,1,1.72398,1,0.7,0.0,0.254,0.3,0.0,0.921,0.929,1.66165,1.64586,1.72084,1666409.4858,-30604.4212,1,1.66009,0.763,1.68342,0.289,0.0,0.0,0,0.164,1,0,23631,0.765,0.568,0.368,33.0,33.0,0.1143,288.8,0.0,1,1,0.852,1.59509,1,1,0.825,1.54814,0,45.47,0.509,0.491,0.0,1.0,0.5,0.4,0.0,0.5,0.0,0.501,0.464,0.5,0.5,0.0,0.289,0.0,0,0,0.287,0.518,0.0,0.238,0.1,0.631,0.854,0.0,0.473,0.478,0.0,1.0,1.034
70864,2025.03.20 12:49:40,EURAUDm,BREAKOUT,BUY,2,1.72415,1.72163,1.73137,2.87,0.402,1.72398,1.7258,1.72159,1,0.316,0.802,-0.0543,1.71874,1.72018,1.72234,1.7137,0,0.0,0.75,0,1.72117,0.794,0.236,0,0.0,0.0,1.72474,1.70169,8.226,0,0,1,1.0,1.0,0.1346,1.0,0.543,2,0.645,3,0.752,1.72426,1.72271,0.151,0.383,0.0,2,0.0,0,0.645,0.338,0.917,0.369,0.41,1,1.72117,8,0.759,0.697,0.137,0.3,0.0,0.921,0.929,1.66165,1.64586,1.72084,1666409.4858,-30604.4212,1,1.66009,0.763,1.68342,0.289,0.0,0.0,0,0.164,1,0,23631,0.765,0.568,0.368,33.0,33.0,0.1143,288.8,0.0,1,1,0.852,1.59509,1,1,0.825,1.54814,0,44.691,0.509,0.491,0.0,1.0,0.5,0.06,0.0,0.5,0.0,0.492,0.525,0.5,0.523,0.0,0.339,0.0,0,0,0.307,0.724,0.0,0.475,0.14,0.477,0.435,0.0,0.484,0.478,0.0,1.0,0.87
70866,2025.03.20 12:56:20,EURAUDm,MEAN_REVERSION,BUY,2,1.72294,1.72163,1.72431,1.05,0.589,1.72398,1.7258,1.72159,1,0.316,0.802,-0.4733,1.71874,1.72018,1.72234,1.7137,0,0.0,0.75,0,1.72117,0.794,0.236,0,0.0,0.0,1.72474,1.70169,8.226,0,0,1,1.0,1.0,0.1346,1.0,0.069,2,0.645,3,0.752,1.72117,1.72271,0.498,0.036,0.0,2,0.0,0,0.645,0.219,0.498,0.44,0.403,1,1.72117,8,0.759,0.004,0.279,0.3,0.0,0.979,0.929,1.66165,1.64586,1.72084,1666409.4858,-30604.4212,1,1.66009,0.763,1.68342,0.289,0.0,0.0,0,0.164,1,0,23631,0.765,0.568,0.368,33.0,33.0,0.1143,288.8,0.0,1,1,0.852,1.59509,1,1,0.825,1.54814,0,44.272,0.509,0.491,0.0,1.0,0.5,0.0,0.0,0.5,0.0,0.735,0.454,0.5,0.532,0.0,0.347,0.0,0,0,0.326,0.518,0.0,0.891,0.1,0.481,0.65,0.0,0.476,0.478,0.0,1.0,0.952
70868,2025.03.20 13:11:40,EURAUDm,BREAKOUT_RETEST,BUY,4,1.72464,1.72372,1.72639,1.91,0.465,1.72427,1.72606,1.72345,1,0.089,0.231,0.0147,1.71847,1.71988,1.72307,1.71397,0,0.0,0.4,0,1.72427,0.74,0.538,0,0.0,0.0,1.72415,1.70169,7.08,0,0,1,0.8,0.825,0.1945,0.825,1.0,0,0.67,2,0.116,1.7241,1.72247,0.068,0.601,0.0,2,0.4,0,0.67,0.18,0.601,0.3,0.235,0,1.72606,4,0.6,0.864,0.16,0.247,0.14,0.735,0.945,1.66165,1.64586,1.72084,1666409.4858,-30604.4212,1,1.66009,0.763,1.68342,0.289,0.0,0.0,0,0.164,1,0,23632,0.765,0.568,0.368,33.0,32.2,0.1079,305.7,0.0,1,1,0.852,1.59509,1,1,0.825,1.54814,0,42.376,0.509,0.491,0.0,1.0,0.5,0.92,0.0,0.5,0.0,0.699,0.473,0.5,0.542,0.0,0.44,0.0,0,0,0.355,0.698,0.0,0.443,0.186,0.4,0.65,0.0,0.495,0.478,0.0,1.0,0.837
70870,2025.03.20 13:59:59,EURAUDm,SWEEP_REVERSAL,BUY,4,1.72372,1.72066,1.72639,0.87,0.212,1.72427,1.72606,1.72345,0,0.089,0.231,-0.2862,1.71847,1.71988,1.72307,1.71397,0,0.0,0.4,0,1.72427,0.74,0.538,0,0.0,0.0,1.72415,1.70169,7.08,0,0,1,0.8,0.825,0.1945,0.825,0.117,0,0.67,2,0.116,1.7241,1.72247,0.233,0.3,0.0,2,0.4,0,0.67,0.13,0.3,0.432,0.229,0,1.72606,4,0.6,0.534,0.425,0.247,0.14,0.735,0.945,1.66165,1.64586,1.72084,1666409.4858,-30604.4212,1,1.66009,0.763,1.68342,0.289,0.0,0.0,0,0.164,1,0,23632,0.765,0.568,0.368,33.0,33.0,0.1079,305.7,0.0,1,1,0.852,1.59509,1,1,0.825,1.54814,0,42.075,0.509,0.491,0.0,1.0,0.5,0.01,0.0,0.5,0.0,0.742,0.382,0.5,0.519,0.0,0.441,0.0,0,0,0.403,0.625,0.0,0.825,0.237,0.52,0.461,0.0,0.461,0.478,0.0,1.0,0.952
70872,2025.03.20 14:11:40,EURAUDm,TREND_CONTINUATION,BUY,4,1.72462,1.72086,1.73246,2.08,0.531,1.72415,1.72486,1.72343,1,0.192,0.135,0.0455,1.71847,1.71988,1.72307,1.71306,0,0.0,0.35,0,1.72415,0.775,0.889,0,0.0,0.0,1.72478,1.70169,6.906,0,0,1,1.0,0.825,0.2415,0.825,0.942,0,0.797,1,0.122,1.72425,1.72281,0.013,0.471,0.0,2,0.15,0,0.797,0.145,0.471,0.309,0.315,0,0.0,0,0.0,0.974,0.077,0.247,0.053,0.85,0.948,1.66165,1.64586,1.72084,1666409.4858,-30604.4212,1,1.66009,0.763,1.68342,0.289,0.0,0.0,0,0.164,1,0,23633,0.765,0.568,0.368,33.0,33.0,0.1053,313.4,0.0,1,1,0.852,1.59509,1,1,0.825,1.54814,0,41.327,0.509,0.491,0.0,1.0,0.5,0.99,0.0,0.5,0.0,0.59,0.389,0.5,0.521,0.0,0.44,0.0,0,0,0.399,0.698,0.0,0.342,0.192,0.143,0.46,0.0,0.494,0.478,0.0,1.0,0.837
70874,2025.03.20 14:12:40,EURAUDm,PULLBACK,BUY,4,1.72434,1.71964,1.73374,2.0,0.602,1.72415,1.72486,1.72343,1,0.192,0.135,-0.0439,1.71847,1.71988,1.72307,1.71306,0,0.0,0.35,0,1.72415,0.775,0.889,0,0.0,0.0,1.72478,1.70169,6.906,0,0,1,1.0,0.825,0.2415,0.825,0.818,0,0.797,1,0.122,1.72425,1.72281,0.077,0.381,0.0,2,0.15,0,0.797,0.125,0.381,0.327,0.313,0,0.0,0,0.0,0.847,0.114,0.247,0.053,0.85,0.948,1.66165,1.64586,1.72084,1666409.4858,-30604.4212,1,1.66009,0.763,1.68342,0.289,0.0,0.0,0,0.164,1,0,23633,0.765,0.568,0.368,33.0,33.0,0.1053,313.4,0.0,1,1,0.852,1.59509,1,1,0.825,1.54814,0,41.237,0.509,0.491,0.0,1.0,0.5,0.9,0.0,0.5,0.0,0.59,0.403,0.5,0.521,0.0,0.44,0.0,0,0,0.391,0.835,0.0,0.503,0.192,0.172,0.46,0.0,0.494,0.478,0.0,1.0,0.837
70876,2025.03.20 14:56:20,EURAUDm,MEAN_REVERSION,BUY,4,1.72189,1.71938,1.72435,0.98,0.647,1.72415,1.72486,1.72343,0,0.192,0.135,-0.7841,1.71847,1.71988,1.72307,1.71306,1,0.0,0.35,0,1.72415,0.775,0.889,0,0.0,0.0,1.72478,1.70169,6.906,0,0,1,1.0,0.825,0.2415,0.825,0.021,0,0.797,1,0.122,1.72425,1.72281,0.817,0.359,0.0,2,0.15,0,0.797,0.365,0.817,0.447,0.341,0,1.72415,8,0.755,0.0,0.354,0.247,0.053,0.85,0.948,1.66165,1.64586,1.72084,1666409.4858,-30604.4212,1,1.66009,0.763,1.68342,0.289,0.0,0.0,0,0.164,1,0,23633,0.765,0.568,0.368,20.0,29.5,0.0638,313.4,0.0,1,1,0.852,1.59509,1,1,0.825,1.54814,0,40.456,0.509,0.491,0.0,1.0,0.5,0.89,0.0,0.5,0.0,0.803,0.505,0.5,0.497,0.0,0.368,0.0,0,0,0.3,0.498,0.0,1.0,0.167,0.223,0.413,0.0,0.485,0.478,0.0,1.0,0.895
70878,2025.03.20 15:33:40,EURAUDm,BREAKOUT_RETEST,BUY,4,1.72308,1.72224,1.72446,1.64,0.564,1.72413,1.72489,1.72247,1,0.853,0.207,-0.4917,1.72044,1.71988,1.72398,1.71397,1,0.0,0.4,0,1.72413,0.675,0.714,0,0.0,0.0,1.72263,1.70169,7.009,0,0,0,1.0,0.825,0.2518,0.825,0.297,0,0.67,0,0.535,1.72429,1.72186,0.546,0.315,0.0,2,0.4,0,0.67,0.221,0.546,0.405,0.299,0,1.72413,8,0.735,0.0,0.371,0.247,0.247,0.79,0.891,1.66165,1.64586,1.72084,1666409.4858,-30604.4212,1,1.66009,0.763,1.68342,0.289,0.0,0.0,0,0.164,1,0,23634,0.765,0.568,0.368,33.0,29.9,0.1172,281.6,0.0,1,1,0.852,1.59509,1,1,0.825,1.54814,1,45.456,0.509,0.491,0.0,1.0,1.0,0.75,0.0,0.5,0.0,0.926,0.623,0.5,0.476,0.0,0.323,0.0,0,0,0.346,0.528,0.0,1.0,0.166,0.396,0.573,0.0,0.478,0.478,0.0,1.0,0.756
70880,2025.03.20 15:59:59,EURAUDm,SWEEP_REVERSAL,BUY,4,1.72199,1.71917,1.72433,0.83,0.261,1.72413,1.72489,1.72247,0,0.853,0.207,-0.8326,1.72044,1.71988,1.72398,1.71397,1,0.0,0.4,0,1.72413,0.675,0.714,0,0.0,0.0,1.72263,1.70169,7.009,0,0,0,1.0,0.825,0.2518,0.825,0.117,0,0.67,0,0.535,1.72429,1.72186,0.886,0.026,0.0,2,0.4,0,0.67,0.383,0.886,0.432,0.318,0,1.72413,8,0.735,0.0,0.425,0.247,0.247,0.79,0.891,1.66165,1.64586,1.72084,1666409.4858,-30604.4212,1,1.66009,0.763,1.68342,0.289,0.0,0.0,0,0.164,1,0,23634,0.765,0.568,0.368,20.0,28.6,0.071,281.6,0.0,1,1,0.852,1.59509,1,1,0.825,1.54814,1,45.068,0.509,0.491,0.0,1.0,1.0,0.73,0.0,0.5,0.0,1.0,0.389,0.5,0.513,0.0,0.281,0.0,0,0,0.333,0.449,0.0,1.0,0.18,0.43,0.434,0.0,0.481,0.478,0.0,1.0,0.833
70882,2025.03.20 16:14:40,EURAUDm,PULLBACK,BUY,4,1.72278,1.72148,1.72433,1.2,0.604,1.72413,1.72489,1.72156,1,0.284,1.277,-0.566,1.72242,1.71988,1.72398,1.71397,1,0.0,0.55,0,1.72413,0.713,0.275,0,0.0,0.0,0.0,1.70169,7.335,0,0,0,1.0,0.825,0.2024,0.825,0.755,2,0.598,0,0.668,1.72277,1.7208,0.07,0.648,0.0,2,0.25,0,0.598,0.218,0.648,0.337,0.32,0,1.72413,8,0.743,0.861,0.174,0.247,0.221,0.791,0.792,1.65809,1.64631,1.72055,1608672.8061,-57736.6797,1,1.66009,0.762,1.68342,0.29,0.0,0.0,0,0.254,1,0,23635,0.765,0.568,0.368,20.0,23.0,0.0728,274.6,0.0,1,1,0.852,1.59509,1,1,0.825,1.54814,1,46.493,0.518,0.482,0.0,1.0,1.0,0.86,0.0,0.5,0.0,0.393,0.55,0.5,0.527,0.0,0.309,0.0,0,0,0.311,0.695,0.0,0.933,0.1,0.467,0.506,0.0,0.501,0.478,0.0,1.0,0.941
70884,2025.03.20 16:49:40,EURAUDm,BREAKOUT,BUY,4,1.72378,1.72254,1.72509,1.06,0.384,1.72413,1.72489,1.72156,1,0.284,1.277,-0.2019,1.72242,1.71988,1.72398,1.71397,1,0.0,0.55,0,1.72413,0.713,0.275,0,0.0,0.0,0.0,1.70169,7.335,0,0,0,1.0,0.825,0.2024,0.825,0.741,2,0.598,0,0.668,1.72398,1.72565,0.147,0.754,0.0,2,0.25,0,0.598,0.255,0.754,0.339,0.337,0,1.72489,4,0.6,0.707,0.178,0.247,0.221,0.894,0.743,1.65809,1.64631,1.72055,1608672.8061,-57736.6797,1,1.66009,0.762,1.68342,0.29,0.0,0.0,0,0.254,1,0,23635,0.765,0.568,0.368,20.0,24.7,0.0728,274.6,0.0,1,1,0.852,1.59509,1,1,0.825,1.54814,1,46.857,0.518,0.482,0.0,1.0,1.0,0.99,0.0,0.5,0.0,0.658,0.339,0.5,0.522,0.0,0.471,0.0,0,0,0.442,0.772,0.0,0.801,0.1,0.406,0.54,0.0,0.505,0.478,0.0,1.0,0.941
70886,2025.03.20 17:00:00,EURAUDm,TREND_CONTINUATION,BUY,3,1.72397,1.72062,1.73096,2.08,0.462,1.72361,1.72421,1.7216,1,0.056,0.452,0.0563,1.72242,1.71988,1.72398,1.71488,1,0.0,0.55,0,1.72361,0.773,0.911,0,0.0,0.0,0.0,1.70169,7.896,0,0,0,0.8,0.825,0.1147,0.825,0.483,2,0.509,0,0.742,1.72349,1.72456,0.099,0.283,-0.2597,1,0.55,0,0.509,0.566,1.5,0.378,0.319,0,1.7216,5,0.6,0.803,0.675,0.247,0.341,0.923,0.648,1.65809,1.64631,1.72055,1608672.8061,-57736.6797,1,1.66009,0.762,1.68342,0.29,0.0,0.0,0,0.254,1,0,23636,0.765,0.568,0.368,20.0,27.5,0.0715,279.6,0.0,1,1,0.852,1.59509,1,1,0.825,1.54814,1,46.099,0.518,0.482,0.0,1.0,1.0,0.9,0.0,0.5,0.0,1.0,0.439,0.5,0.555,0.0,0.418,0.0,0,0,0.37,0.697,0.0,0.63,0.155,0.238,0.553,0.0,0.475,0.478,0.0,1.0,0.833
70888,2025.03.20 17:35:40,EURAUDm,BREAKOUT_RETEST,BUY,3,1.72321,1.72165,1.72584,1.68,0.495,1.72361,1.72421,1.7216,1,0.056,0.452,-0.262,1.72242,1.71988,1.72398,1.71488,1,0.0,0.55,0,1.72361,0.773,0.911,0,0.0,0.0,0.0,1.70169,7.896,0,0,0,0.8,0.825,0.1147,0.825,0.674,2,0.621,0,0.742,1.72266,1.72456,0.077,0.601,0.0,2,0.25,0,0.621,0.21,0.601,0.349,0.335,0,1.7216,5,0.6,0.846,0.198,0.247,0.236,0.802,0.648,1.65809,1.64631,1.72055,1608672.8061,-57736.6797,1,1.66009,0.762,1.68342,0.29,0.0,0.0,0,0.254,1,0,23636,0.765,0.568,0.368,33.0,24.6,0.118,279.6,0.0,1,1,0.852,1.59509,1,1,0.825,1.54814,1,45.827,0.518,0.482,0.0,1.0,1.0,0.06,0.0,0.5,0.0,0.53,0.502,0.5,0.518,0.0,0.405,0.0,0,0,0.319,0.8,0.0,1.0,0.133,0.362,0.524,0.0,0.504,0.478,0.0,1.0,0.941
70890,2025.03.20 20:00:00,EURAUDm,MEAN_REVERSION,BUY,3,1.72156,1.71946,1.72344,0.89,0.512,1.72156,1.72311,1.72116,1,0.065,0.058,-0.127,1.72176,1.71989,1.72398,1.71489,1,0.0,0.6,0,1.72156,0.739,0.19,0,0.0,0.0,0.0,1.70169,7.432,0,0,0,0.5,-0.72,-0.1134,0.72,0.587,2,0.487,3,0.379,1.72156,1.72091,0.127,0.12,0.0251,2,0.45,0,0.487,0.543,1.5,0.362,0.274,0,1.72311,4,0.6,0.746,0.304,0.216,0.157,0.874,0.833,1.66222,1.64737,1.72055,1727690.8938,119018.0877,2,1.66009,0.762,1.68342,0.291,0.0,0.0,0,0.263,1,0,23639,0.765,0.568,0.368,33.0,27.2,0.1255,262.9,0.0,1,1,0.852,1.59509,1,1,0.825,1.54814,1,48.114,0.5,0.5,0.0,0.0,1.0,0.48,0.0,0.5,0.0,0.618,0.518,0.5,0.555,0.0,0.393,0.0,0,0,0.335,0.673,0.0,1.0,0.151,0.306,0.485,0.0,0.474,0.478,0.0,1.0,0.543
0,2025.03.20 21:36:40,EURAUDm,SWEEP_REVERSAL,BUY,3,1.72499,1.72242,1.72706,0.81,0.136,1.72154,1.72257,1.72115,0,0.025,0.16,-0.8061,1.72187,1.7208,1.72398,1.7158,1,0.0,0.45,0,1.72154,0.71,0.836,0,0.0,0.0,0.0,1.70169,7.636,0,0,0,0.55,-0.755,-0.1321,0.755,0.055,0,0.692,1,0.159,1.72146,1.72083,0.775,0.529,0.0,2,0.15,0,0.692,0.356,0.806,0.442,0.31,0,1.72154,8,0.742,0.0,0.343,0.226,0.053,0.786,0.919,1.66222,1.64737,1.72055,1727690.8938,119018.0877,2,1.66009,0.762,1.68342,0.291,0.0,0.0,0,0.263,1,0,23640,0.766,0.569,0.366,552.0,412.8,2.1479,257.0,0.0,1,1,0.852,1.59509,1,1,0.825,1.54814,1,50.545,0.5,0.5,0.0,0.0,1.0,0.0,0.0,0.5,0.0,0.448,0.284,0.5,0.526,0.0,0.224,0.0,0,0,0.377,0.516,0.0,1.0,0.162,0.202,0.355,0.0,0.485,0.478,0.0,1.0,0.732
70892,2025.03.20 22:00:00,EURAUDm,ANCHORED_PULLBACK,BUY,1,1.72235,1.72161,1.72317,1.11,0.24,1.72155,1.72224,1.72101,1,0.051,0.42,0.1123,1.72209,1.7208,1.72398,1.7158,1,0.0,0.4,0,1.72155,0.797,0.302,0,0.0,0.0,1.72034,1.70169,8.047,0,0,0,0.9,-0.79,-0.1564,0.79,0.569,0,0.768,2,0.256,1.72147,1.72247,0.143,0.257,-0.0777,1,0.3,1,0.833,0.322,1.5,0.215,0.334,0,1.72101,5,0.6,0.714,0.549,0.237,0.105,0.81,0.899,1.66222,1.64737,1.72055,1727690.8938,119018.0877,2,1.66009,0.762,1.68342,0.291,0.0,0.0,0,0.263,1,0,23641,0.766,0.569,0.366,52.0,348.9,0.2078,250.2,0.0,1,1,0.852,1.59509,1,1,0.825,1.54814,1,50.86,0.5,0.5,0.0,0.0,1.0,0.99,0.0,0.5,0.0,0.322,0.779,0.5,0.514,0.0,0.323,0.0,0,0,0.451,0.79,0.677,0.901,0.132,0.158,0.533,0.0,0.468,0.478,0.0,1.0,0.559
70894,2025.03.20 23:00:00,EURAUDm,BREAKOUT,BUY,1,1.72316,1.71949,1.72927,1.67,0.6,1.7214,1.72249,1.72098,0,0.241,0.034,0.5842,1.72157,1.7208,1.72398,1.7158,1,0.0,0.45,0,1.7214,0.771,0.579,0,0.0,0.0,0.0,0.0,0.0,0,0,0,0.975,-0.65,-0.1236,0.65,0.044,0,0.671,2,0.028,1.72224,1.72275,0.241,0.034,0.1146,0,0.4,2,0.783,1.78,3.0,0.593,0.431,1,1.7214,8,0.754,0.519,0.447,0.895,0.14,0.672,0.949,1.66222,1.64737,1.72055,1727690.8938,119018.0877,2,1.66009,0.762,1.68342,0.291,0.0,0.0,0,0.263,1,0,23642,0.766,0.569,0.366,33.0,51.8,0.135,244.4,0.0,1,1,0.852,1.59509,1,1,0.825,1.54814,1,52.396,0.5,0.5,0.0,0.0,1.0,0.99,0.0,0.5,0.0,0.941,0.721,0.5,0.464,0.0,0.32,0.0,0,0,0.4,0.451,0.0,0.779,0.15,0.567,0.639,0.0,0.441,0.478,0.0,1.0,0.752
70896,2025.03.21 03:00:00,EURAUDm,TREND_CONTINUATION,BUY,1,1.72358,1.72132,1.72828,2.08,0.27,1.72267,1.7231,1.72225,0,0.244,0.015,0.3084,1.72237,1.72066,1.72429,1.71703,1,0.0,0.35,0,1.72267,0.748,0.363,0,0.0,0.0,1.72275,0.0,0.0,0,0,0,0.308,0.2655,0.0194,0.266,0.046,0,0.87,2,0.259,1.72261,1.72334,0.341,0.047,-0.0,2,0.4,0,0.87,1.329,3.0,0.443,0.447,1,1.72267,8,0.75,0.319,0.446,0.08,0.14,0.815,0.962,1.65843,1.72118,1.72055,-14633.2079,-1742324.1016,-2,1.66009,0.763,1.68342,0.291,0.0,0.0,0,0.267,1,0,23646,0.766,0.569,0.366,33.0,24.1,0.1755,188.0,0.0,1,1,0.852,1.59509,1,1,0.825,1.54814,0,68.346,0.5,0.5,0.0,0.0,0.5,0.3,0.0,0.5,0.0,1.0,0.591,0.5,0.526,0.0,0.37,0.0,0,0,0.361,0.77,0.0,0.613,0.205,0.176,0.761,0.0,0.537,0.458,0.0,1.0,0.794
70897,2025.03.21 03:00:20,EURAUDm,BREAKOUT,BUY,1,1.72363,1.72081,1.72833,1.67,0.307,1.72267,1.7231,1.72225,0,0.244,0.015,0.335,1.72237,1.72066,1.72429,1.71703,1,0.0,0.35,0,1.72267,0.748,0.363,0,0.0,0.0,1.72275,0.0,0.0,0,0,0,0.308,0.2655,0.0194,0.266,0.046,0,0.909,2,0.259,1.72261,1.72334,0.367,0.02,0.0,2,0.4,0,0.909,1.329,3.0,0.443,0.457,1,1.72267,8,0.75,0.265,0.446,0.08,0.14,0.815,0.962,1.65843,1.72118,1.72055,-14633.2079,-1742324.1016,-2,1.66009,0.763,1.68342,0.291,0.0,0.0,0,0.267,1,0,23646,0.766,0.569,0.366,33.0,24.2,0.1755,188.0,0.0,1,1,0.852,1.59509,1,1,0.825,1.54814,0,68.372,0.5,0.5,0.0,0.0,0.5,0.31,0.0,0.5,0.0,1.0,0.605,0.5,0.526,0.0,0.37,0.0,0,0,0.369,0.777,0.0,0.707,0.207,0.177,0.767,0.0,0.537,0.458,0.0,1.0,0.794
70898,2025.03.21 03:00:20,EURAUDm,ANCHORED_PULLBACK,BUY,1,1.72363,1.72219,1.72706,2.38,0.387,1.72267,1.7231,1.72225,0,0.244,0.015,0.335,1.72237,1.72066,1.72429,1.71703,1,0.0,0.35,0,1.72267,0.748,0.363,0,0.0,0.0,1.72275,0.0,0.0,0,0,0,0.308,0.2655,0.0194,0.266,0.046,0,0.909,2,0.259,1.72261,1.72334,0.367,0.02,0.0,2,0.4,0,0.909,1.329,3.0,0.443,0.457,1,1.72267,8,0.75,0.265,0.446,0.08,0.14,0.815,0.962,1.65843,1.72118,1.72055,-14633.2079,-1742324.1016,-2,1.66009,0.763,1.68342,0.291,0.0,0.0,0,0.267,1,0,23646,0.766,0.569,0.366,33.0,24.4,0.1755,188.0,0.0,1,1,0.852,1.59509,1,1,0.825,1.54814,0,68.372,0.5,0.5,0.0,0.0,0.5,0.31,0.0,0.5,0.0,1.0,0.605,0.5,0.526,0.0,0.37,0.0,0,0,0.369,0.777,0.0,0.707,0.207,0.177,0.767,0.0,0.537,0.458,0.0,1.0,0.794
70902,2025.03.21 03:50:40,EURAUDm,MEAN_REVERSION,BUY,1,1.72168,1.72018,1.723,0.88,0.776,1.72267,1.7231,1.72225,0,0.244,0.015,-0.7023,1.72237,1.72066,1.72429,1.71703,1,0.0,0.35,0,1.72267,0.748,0.363,0,0.0,0.0,1.72275,0.0,0.0,0,0,0,0.308,0.2655,0.0194,0.266,0.095,0,0.909,2,0.259,1.72261,1.72115,0.67,0.106,0.0,2,0.4,0,0.909,1.307,3.0,0.436,0.454,1,1.72267,8,0.75,0.0,0.431,0.08,0.14,0.815,0.962,1.65843,1.72118,1.72055,-14633.2079,-1742324.1016,-2,1.66009,0.763,1.68342,0.291,0.0,0.0,0,0.267,1,0,23646,0.766,0.569,0.366,33.0,29.9,0.1755,188.0,0.0,1,1,0.852,1.59509,1,1,0.825,1.54814,0,67.335,0.5,0.5,0.0,0.0,0.5,0.0,0.0,0.5,0.0,0.691,0.311,0.5,0.441,0.0,0.294,0.0,0,0,0.364,0.644,0.0,1.0,0.163,0.179,0.413,0.0,0.564,0.478,0.0,1.0,0.785
70904,2025.03.21 04:21:40,EURAUDm,SWEEP_REVERSAL,BUY,1,1.72145,1.71957,1.72304,0.85,0.164,1.72271,1.72344,1.72224,0,0.39,0.11,-0.845,1.72202,1.72077,1.72433,1.71721,1,0.0,0.45,0,1.72271,0.798,0.545,0,0.0,0.0,1.72176,0.0,0.0,0,0,0,0.75,0.72,0.0904,0.72,0.037,0,0.747,2,0.018,1.72277,1.72116,0.881,0.023,0.0,2,0.15,0,0.747,1.333,3.0,0.444,0.425,1,1.72271,8,0.76,0.0,0.349,0.216,0.053,0.822,0.938,1.66111,1.72075,1.72055,-4480.023,10153.1849,-1,1.66009,0.764,1.68342,0.291,0.0,0.0,0,0.274,1,0,23647,0.766,0.569,0.366,33.0,22.2,0.1759,187.6,0.0,1,1,0.852,1.59509,1,1,0.825,1.54814,0,67.366,1.0,0.0,0.0,1.0,0.5,0.0,0.0,0.5,0.0,1.0,0.45,0.5,0.557,0.0,0.332,0.0,0,0,0.33,0.616,0.0,1.0,0.189,0.232,0.4,0.0,0.552,0.478,0.0,1.0,0.892
0,2025.03.21 05:00:20,EURAUDm,ANCHORED_PULLBACK,BUY,1,1.72224,1.72206,1.7227,2.57,0.556,1.7227,1.72344,1.72223,0,0.387,0.149,-0.3898,1.72235,1.72077,1.72433,1.71721,1,0.0,0.45,0,1.7227,0.796,0.384,0,0.0,0.0,1.72201,0.0,0.0,0,0,0,0.825,0.755,0.1278,0.755,0.269,0,0.734,2,0.068,1.72277,1.72216,0.429,0.073,0.0,2,0.15,0,0.734,1.229,3.0,0.41,0.42,1,1.7227,8,0.759,0.141,0.279,0.226,0.053,0.854,0.841,1.66111,1.72075,1.72055,-4480.023,10153.1849,-1,1.66009,0.764,1.68342,0.291,0.0,0.0,0,0.274,1,0,23648,0.766,0.569,0.366,20.0,31.7,0.1179,169.6,0.0,1,1,0.852,1.59509,1,1,0.825,1.54814,0,74.952,1.0,0.0,0.0,1.0,0.5,0.94,0.0,0.5,0.0,0.824,0.555,0.5,0.501,0.0,0.304,0.0,0,0,0.305,0.709,0.0,1.0,0.207,0.302,0.574,0.0,0.552,0.458,0.0,1.0,0.893
70906,2025.03.21 05:50:40,EURAUDm,MEAN_REVERSION,BUY,1,1.7216,1.72024,1.72303,1.05,0.653,1.7227,1.72344,1.72223,0,0.387,0.149,-0.8437,1.72235,1.72077,1.72433,1.71721,1,0.0,0.45,0,1.7227,0.796,0.384,0,0.0,0.0,1.72201,0.0,0.0,0,0,0,0.825,0.755,0.1278,0.755,0.164,0,0.734,2,0.068,1.72277,1.72115,0.883,0.068,0.0,2,0.15,0,0.734,1.276,3.0,0.425,0.425,1,1.7227,8,0.759,0.0,0.311,0.226,0.053,0.854,0.877,1.66111,1.72075,1.72055,-4480.023,10153.1849,-1,1.66009,0.764,1.68342,0.291,0.0,0.0,0,0.274,1,0,23648,0.766,0.569,0.366,33.0,23.0,0.1945,169.6,0.0,1,1,0.852,1.59509,1,1,0.825,1.54814,0,74.574,1.0,0.0,0.0,1.0,0.5,0.02,0.0,0.5,0.0,0.731,0.554,0.5,0.53,0.0,0.297,0.0,0,0,0.31,0.642,0.0,1.0,0.164,0.29,0.406,0.0,0.552,0.458,0.0,1.0,0.893
70908,2025.03.21 06:00:00,EURAUDm,BREAKOUT_RETEST,BUY,1,1.72178,1.72129,1.72406,4.67,0.78,1.72145,1.72284,1.7208,1,0.077,0.371,0.0771,1.72219,1.72077,1.72433,1.71721,1,0.0,0.7,0,1.72276,0.751,0.15,0,0.0,0.0,0.0,0.0,0.0,0,0,0,0.9,0.615,0.0884,0.615,0.816,2,0.383,3,0.458,1.72145,1.72095,0.077,0.391,0.5088,0,0.55,2,1.0,1.433,3.0,0.478,0.517,2,1.7208,5,0.6,0.846,0.275,0.885,0.193,1.0,0.78,1.66111,1.72075,1.72055,-4480.023,10153.1849,-1,1.66009,0.764,1.68342,0.291,0.0,0.0,0,0.274,1,0,23649,0.766,0.569,0.366,20.0,25.5,0.1231,162.4,0.0,1,1,0.852,1.59509,1,1,0.825,1.54814,-1,77.997,1.0,0.0,0.0,1.0,0.0,0.82,0.0,0.5,0.0,0.336,0.557,0.5,0.499,0.0,0.451,0.0,0,0,0.364,0.731,0.0,1.0,0.107,0.704,0.512,0.0,0.5,0.458,0.0,1.0,0.816
70910,2025.03.21 06:00:59,EURAUDm,PULLBACK,BUY,1,1.72149,1.72084,1.72238,1.37,0.584,1.72145,1.72284,1.7208,1,0.077,0.371,-0.1014,1.72219,1.72077,1.72433,1.71721,1,0.0,0.7,0,1.72276,0.751,0.15,0,0.0,0.0,0.0,0.0,0.0,0,0,0,0.9,0.615,0.0884,0.615,0.718,0,0.683,3,0.458,1.72145,1.72095,0.101,0.212,0.0,2,0.25,0,0.683,1.027,3.0,0.342,0.435,1,1.7208,5,0.6,0.797,0.184,0.185,0.088,1.0,0.78,1.66111,1.72075,1.72055,-4480.023,10153.1849,-1,1.66009,0.764,1.68342,0.291,0.0,0.0,0,0.274,1,0,23649,0.766,0.569,0.366,20.0,25.5,0.1231,162.4,0.0,1,1,0.852,1.59509,1,1,0.825,1.54814,-1,77.819,1.0,0.0,0.0,1.0,0.0,0.47,0.0,0.5,0.0,0.4,0.52,0.5,0.572,0.0,0.409,0.0,0,0,0.347,0.8,0.0,1.0,0.123,0.487,0.498,0.0,0.586,0.458,0.0,1.0,0.784
70912,2025.03.21 06:35:40,EURAUDm,TREND_CONTINUATION,BUY,1,1.72158,1.71963,1.72564,2.08,0.51,1.72145,1.72284,1.7208,1,0.077,0.371,-0.046,1.72219,1.72077,1.72433,1.71721,1,0.0,0.7,0,1.72276,0.751,0.15,0,0.0,0.0,0.0,0.0,0.0,0,0,0,0.9,0.615,0.0884,0.615,0.718,0,0.683,3,0.458,1.72145,1.72095,0.046,0.268,0.0,2,0.25,0,0.683,1.027,3.0,0.342,0.435,1,1.7208,5,0.6,0.908,0.184,0.185,0.088,1.0,0.78,1.66111,1.72075,1.72055,-4480.023,10153.1849,-1,1.66009,0.764,1.68342,0.291,0.0,0.0,0,0.274,1,0,23649,0.766,0.569,0.366,20.0,26.1,0.1231,162.4,0.0,1,1,0.852,1.59509,1,1,0.825,1.54814,-1,77.874,1.0,0.0,0.0,1.0,0.0,0.99,0.0,0.5,0.0,0.317,0.626,0.5,0.528,0.0,0.514,0.0,0,0,0.439,0.8,0.0,1.0,0.123,0.339,0.504,0.0,0.596,0.458,0.0,1.0,0.784
70913,2025.03.21 07:09:00,EURAUDm,SWEEP_REVERSAL,BUY,1,1.7201,1.71857,1.72133,0.81,0.214,1.72133,1.72207,1.72076,0,0.087,0.943,-1.019,1.72182,1.72077,1.72433,1.718,1,0.0,0.4,0,1.721,0.773,0.368,0,0.0,0.0,0.0,0.0,0.0,0,0,0,0.462,0.4623,0.0265,0.462,0.129,0,0.805,1,0.29,1.72125,1.7224,0.966,1.714,0.0,2,0.25,0,0.805,1.292,3.0,0.431,0.469,1,1.721,8,0.755,0.0,0.361,0.139,0.088,0.945,0.922,1.66111,1.72075,1.72055,-4480.023,10153.1849,-1,1.66009,0.764,1.68342,0.291,0.0,0.0,0,0.274,1,0,23650,0.757,0.578,0.368,33.0,26.8,0.2153,153.3,0.0,1,1,0.852,1.59509,1,1,0.825,1.54814,-1,81.554,1.0,0.0,0.0,1.0,0.0,0.0,0.0,0.5,0.0,0.288,0.395,0.5,0.517,0.0,0.439,0.0,0,0,0.394,0.731,0.0,0.912,0.1,0.362,0.356,0.0,0.536,0.458,0.0,1.0,0.916
70916,2025.03.21 07:57:40,EURAUDm,MEAN_REVERSION,BUY,1,1.72135,1.72012,1.7224,0.86,0.709,1.72133,1.72207,1.72076,1,0.087,0.943,-0.2035,1.72182,1.72077,1.72433,1.718,1,0.0,0.4,0,1.721,0.773,0.368,0,0.0,0.0,0.0,0.0,0.0,0,0,0,0.462,0.4623,0.0265,0.462,0.909,0,0.805,1,0.29,1.72125,1.7224,0.15,0.899,0.0,2,0.25,0,0.805,0.941,3.0,0.314,0.428,1,1.72207,4,0.6,0.7,0.127,0.139,0.088,0.945,0.922,1.66111,1.72075,1.72055,-4480.023,10153.1849,-1,1.66009,0.764,1.68342,0.291,0.0,0.0,0,0.274,1,0,23650,0.757,0.578,0.368,33.0,32.2,0.2153,153.3,0.0,1,1,0.852,1.59509,1,1,0.825,1.54814,-1,82.369,1.0,0.0,0.0,1.0,0.0,0.0,0.0,0.5,0.0,0.322,0.455,0.5,0.49,0.0,0.52,0.0,0,0,0.382,0.8,0.0,0.944,0.1,0.378,0.486,0.0,0.588,0.458,0.0,1.0,0.887
70918,2025.03.21 10:00:00,EURAUDm,BREAKOUT,BUY,2,1.72258,1.72143,1.72678,3.66,0.597,1.72088,1.72219,1.72062,0,0.582,0.353,0.8944,1.72182,1.7219,1.72375,1.71783,1,0.0,0.45,0,1.72088,0.73,0.604,0,0.0,0.0,1.7225,0.0,0.0,0,0,0,0.825,-0.58,-0.1038,0.58,0.417,2,0.627,0,0.851,1.7214,1.72289,0.582,0.301,0.2767,0,0.25,2,1.0,1.613,3.0,0.538,0.599,2,1.72088,8,0.746,0.0,0.275,0.874,0.258,0.736,0.908,1.66111,1.72075,1.71474,-136681.4267,-132201.4037,-2,1.66009,0.765,1.68342,0.291,0.0,0.0,0,0.282,1,0,23653,0.757,0.578,0.368,20.0,26.2,0.1191,167.9,0.0,1,1,0.852,1.59509,1,1,0.825,1.54814,0,75.951,0.5,0.5,0.0,0.0,0.5,0.5,0.0,0.5,0.0,0.701,0.464,0.5,0.418,0.0,0.397,0.0,0,0,0.306,0.799,0.0,0.968,0.176,0.601,0.437,0.0,0.493,0.458,0.0,1.0,0.723
0,2025.03.21 10:00:20,EURAUDm,ANCHORED_PULLBACK,BUY,2,1.72267,1.72256,1.72426,13.88,0.554,1.72088,1.72219,1.72062,0,0.582,0.353,0.948,1.72182,1.7219,1.72375,1.71783,1,0.0,0.45,0,1.72088,0.73,0.604,0,0.0,0.0,1.7225,0.0,0.0,0,0,0,0.825,-0.58,-0.1038,0.58,0.417,2,0.639,0,0.851,1.7214,1.72289,0.636,0.248,0.0,2,0.25,0,0.639,1.163,3.0,0.388,0.456,1,1.72088,8,0.746,0.0,0.275,0.174,0.258,0.736,0.908,1.66111,1.72075,1.71474,-136681.4267,-132201.4037,-2,1.66009,0.765,1.68342,0.291,0.0,0.0,0,0.282,1,0,23653,0.757,0.578,0.368,20.0,26.2,0.1191,167.9,0.0,1,1,0.852,1.59509,1,1,0.825,1.54814,0,76.005,0.5,0.5,0.0,0.0,0.5,0.67,0.0,0.5,0.0,0.834,0.478,0.5,0.475,0.0,0.349,0.0,0,0,0.295,0.758,0.0,1.0,0.181,0.346,0.433,0.0,0.536,0.458,0.0,1.0,0.701
70920,2025.03.21 12:00:00,EURAUDm,BREAKOUT,BUY,2,1.72453,1.72266,1.72859,2.17,0.512,1.7223,1.72334,1.72145,0,1.053,0.003,1.1696,1.72199,1.7219,1.72375,1.71857,0,0.0,0.5,0,1.7223,0.714,0.427,0,0.0,0.0,1.7231,0.0,0.0,0,0,1,0.609,-0.4057,-0.0195,0.406,0.072,0,0.788,0,0.754,1.72221,1.72391,1.228,0.178,0.1139,0,0.4,2,0.658,1.768,3.0,0.589,0.517,2,1.7223,8,0.743,0.0,0.438,0.822,0.291,0.893,0.873,1.65843,1.72118,1.72304,43428.0734,180109.5001,2,1.66009,0.766,1.68342,0.291,0.0,0.0,0,0.254,1,0,23655,0.757,0.578,0.368,33.0,32.2,0.2032,162.4,0.0,1,1,0.852,1.59509,1,1,0.825,1.54814,0,79.69,0.5,0.5,0.0,0.0,0.5,0.91,0.0,0.5,0.0,0.685,0.592,0.5,0.498,0.0,0.444,0.0,0,0,0.382,0.319,0.0,0.421,0.193,0.919,0.747,0.0,0.483,0.478,0.0,1.0,0.757
70921,2025.03.21 12:00:20,EURAUDm,ANCHORED_PULLBACK,BUY,2,1.72432,1.72383,1.72601,3.48,0.287,1.7223,1.72334,1.72145,0,1.053,0.003,1.0403,1.72199,1.7219,1.72375,1.71857,0,0.0,0.5,0,1.7223,0.714,0.427,0,0.0,0.0,1.7231,0.0,0.0,0,0,1,0.609,-0.4057,-0.0195,0.406,0.133,0,0.797,0,0.754,1.72221,1.72391,1.099,0.049,0.0,2,0.4,0,0.797,1.29,3.0,0.43,0.496,1,1.7223,8,0.743,0.0,0.42,0.122,0.291,0.893,0.873,1.65843,1.72118,1.72304,43428.0734,180109.5001,2,1.66009,0.766,1.68342,0.291,0.0,0.0,0,0.254,1,0,23655,0.757,0.578,0.368,33.0,32.2,0.2032,162.4,0.0,1,1,0.852,1.59509,1,1,0.825,1.54814,0,79.561,0.5,0.5,0.0,0.0,0.5,0.77,0.0,0.5,0.0,0.815,0.573,0.5,0.516,0.0,0.395,0.0,0,0,0.357,0.345,0.0,0.548,0.191,0.623,0.883,0.0,0.552,0.478,0.0,1.0,0.716
70924,2025.03.21 13:02:40,EURAUDm,TREND_CONTINUATION,BUY,4,1.72408,1.72204,1.72833,2.08,0.34,1.72298,1.72359,1.72202,0,0.009,0.621,0.4538,1.72174,1.72176,1.72341,1.71814,0,0.0,0.45,0,1.72228,0.738,0.511,0,0.0,0.0,1.72303,0.0,0.0,0,0,0,0.343,0.5776,0.0366,0.578,0.373,0,0.752,0,0.675,1.72315,1.72454,0.352,0.464,0.0,2,0.0,0,0.752,1.182,3.0,0.394,0.532,2,1.72298,1,0.7,0.296,0.188,0.173,0.135,0.976,0.937,1.65843,1.72118,1.72304,43428.0734,180109.5001,2,1.66009,0.766,1.68342,0.291,0.0,0.0,0,0.254,1,0,23656,0.757,0.578,0.368,33.0,32.3,0.194,170.1,0.0,1,1,0.852,1.59509,1,1,0.825,1.54814,0,75.845,0.5,0.5,0.0,0.0,0.5,0.93,0.0,0.5,0.0,0.3,0.442,0.5,0.491,0.0,0.499,0.0,0,0,0.382,0.72,0.886,0.75,0.1,0.406,0.829,0.0,0.556,0.478,0.0,1.0,0.969
70926,2025.03.21 14:00:00,EURAUDm,BREAKOUT,BUY,4,1.72633,1.72354,1.73102,1.68,0.563,1.72315,1.72427,1.72202,0,1.388,0.344,1.5215,1.72184,1.7218,1.72346,1.71816,0,0.0,0.45,0,1.72315,0.737,0.324,0,0.0,0.0,1.72571,0.0,0.0,0,0,1,0.75,0.72,0.0863,0.72,0.301,0,0.703,1,0.116,1.72302,1.72665,1.588,0.344,0.3669,0,0.0,2,1.0,1.665,3.0,0.555,0.551,2,1.72315,8,0.747,0.0,0.21,0.916,0.0,0.735,0.956,1.65843,1.72118,1.72304,43428.0734,180109.5001,2,1.66009,0.766,1.68342,0.291,0.0,0.0,0,0.254,1,0,23657,0.757,0.578,0.368,33.0,33.0,0.1759,187.6,0.0,1,1,0.852,1.59509,1,1,0.825,1.54814,0,69.941,0.5,0.5,0.0,0.0,0.5,0.88,0.0,0.5,0.0,0.424,0.497,0.5,0.46,0.0,0.666,0.0,0,0,0.406,0.459,0.0,0.517,0.219,0.862,0.745,0.0,0.479,0.478,0.0,1.0,0.975
70927,2025.03.21 14:00:20,EURAUDm,ANCHORED_PULLBACK,BUY,4,1.72633,1.72515,1.72975,2.89,0.49,1.72315,1.72427,1.72202,0,1.388,0.344,1.5215,1.72184,1.7218,1.72346,1.71816,0,0.0,0.45,0,1.72315,0.737,0.324,0,0.0,0.0,1.72571,0.0,0.0,0,0,1,0.75,0.72,0.0863,0.72,0.301,0,0.756,1,0.116,1.72302,1.72665,1.588,0.344,0.0,2,0.0,0,0.756,1.215,3.0,0.405,0.437,1,1.72315,8,0.747,0.0,0.21,0.216,0.0,0.735,0.956,1.65843,1.72118,1.72304,43428.0734,180109.5001,2,1.66009,0.766,1.68342,0.291,0.0,0.0,0,0.254,1,0,23657,0.757,0.578,0.368,33.0,33.0,0.1759,187.6,0.0,1,1,0.852,1.59509,1,1,0.825,1.54814,0,69.941,0.5,0.5,0.0,0.0,0.5,0.87,0.0,0.5,0.0,0.505,0.497,0.5,0.498,0.0,0.666,0.0,0,0,0.417,0.436,0.0,0.333,0.231,0.34,0.872,0.0,0.544,0.478,0.0,1.0,0.884
70930,2025.03.21 14:35:59,EURAUDm,BREAKOUT_RETEST,BUY,4,1.72448,1.72354,1.72573,1.32,0.495,1.72315,1.72427,1.72202,1,1.388,0.344,0.5356,1.72184,1.7218,1.72346,1.71816,0,0.0,0.45,0,1.72315,0.737,0.324,0,0.0,0.0,1.72571,0.0,0.0,0,0,1,0.75,0.72,0.0863,0.72,0.348,0,0.756,1,0.116,1.72302,1.72452,0.602,0.197,0.0,2,0.0,0,0.756,1.193,3.0,0.398,0.435,1,1.72315,8,0.747,0.0,0.196,0.216,0.0,0.735,0.875,1.65843,1.72118,1.72304,43428.0734,180109.5001,2,1.66009,0.766,1.68342,0.291,0.0,0.0,0,0.254,1,0,23657,0.757,0.578,0.368,33.0,30.7,0.1759,187.6,0.0,1,1,0.852,1.59509,1,1,0.825,1.54814,0,68.955,0.5,0.5,0.0,0.0,0.5,0.04,0.0,0.5,0.0,0.508,0.302,0.5,0.42,0.0,0.497,0.0,0,0,0.444,0.458,0.0,0.38,0.179,0.549,0.748,0.0,0.558,0.478,0.0,1.0,0.843
70932,2025.03.21 14:55:40,EURAUDm,PULLBACK,BUY,4,1.72468,1.72354,1.72698,2.01,0.402,1.72315,1.72427,1.72202,0,1.388,0.344,0.6422,1.72184,1.7218,1.72346,1.71816,0,0.0,0.45,0,1.72315,0.737,0.324,0,0.0,0.0,1.72571,0.0,0.0,0,0,1,0.75,0.72,0.0863,0.72,0.097,0,0.756,1,0.116,1.72302,1.72452,0.709,0.091,0.0,2,0.0,0,0.756,1.306,3.0,0.435,0.448,1,1.72315,8,0.747,0.0,0.271,0.216,0.0,0.735,0.875,1.65843,1.72118,1.72304,43428.0734,180109.5001,2,1.66009,0.766,1.68342,0.291,0.0,0.0,0,0.254,1,0,23657,0.757,0.578,0.368,33.0,32.2,0.1759,187.6,0.0,1,1,0.852,1.59509,1,1,0.825,1.54814,0,69.062,0.5,0.5,0.0,0.0,0.5,0.0,0.0,0.5,0.0,0.863,0.527,0.5,0.475,0.0,0.396,0.0,0,0,0.317,0.356,0.0,0.38,0.201,0.627,0.827,0.0,0.558,0.478,0.0,1.0,0.884
70934,2025.03.21 15:07:20,EURAUDm,TREND_CONTINUATION,BUY,4,1.72561,1.72325,1.73053,2.08,0.395,1.72324,1.72551,1.7227,1,0.415,0.026,1.0382,1.72186,1.72183,1.72349,1.71817,0,0.0,0.65,2,1.72324,0.715,0.339,0,0.0,0.0,1.72486,0.0,0.0,0,0,1,0.55,0.755,0.2191,0.755,0.315,2,0.576,3,0.495,1.72584,1.72443,0.283,0.433,0.0,2,0.15,0,0.576,1.208,3.0,0.403,0.412,1,1.72324,8,0.743,0.435,0.265,0.226,0.053,0.704,0.678,1.65843,1.72118,1.72304,43428.0734,180109.5001,2,1.66009,0.766,1.68342,0.291,0.0,0.0,0,0.254,1,0,23658,0.757,0.578,0.368,33.0,30.7,0.1678,196.7,0.0,1,1,0.852,1.59509,1,1,0.825,1.54814,0,66.35,0.5,0.5,0.0,0.0,0.5,0.67,0.0,0.5,0.0,0.847,0.583,0.5,0.461,0.0,0.43,0.0,0,0,0.36,0.446,0.0,0.62,0.388,0.582,0.747,0.0,0.539,0.478,0.0,1.0,0.854
70936,2025.03.21 16:02:20,EURAUDm,BREAKOUT,BUY,4,1.72555,1.72421,1.72707,1.13,0.29,1.72581,1.72662,1.72409,1,0.1,0.77,-0.2892,1.72232,1.722,1.72369,1.71827,0,0.0,0.55,0,1.72581,0.739,0.868,0,0.0,0.0,1.72542,0.0,0.0,0,0,1,0.6,0.79,0.2731,0.79,0.565,2,0.649,0,0.337,1.7257,1.72444,0.233,0.382,0.0,2,0.0,0,0.649,1.096,3.0,0.365,0.44,1,1.72409,5,0.6,0.533,0.13,0.237,0.067,0.86,0.7,1.65843,1.72118,1.72304,43478.5964,50.5229,2,1.66009,0.768,1.68342,0.292,0.0,0.0,0,0.202,1,0,23659,0.757,0.578,0.368,33.0,32.2,0.1604,205.7,0.0,1,1,0.852,1.59509,1,1,0.825,1.54814,0,63.418,0.5,0.5,0.0,0.0,0.5,0.1,0.0,0.5,0.0,0.38,0.323,0.5,0.523,0.0,0.308,0.0,0,0,0.386,0.878,0.0,0.95,0.295,0.621,0.461,0.0,0.526,0.478,0.0,1.0,0.949
70938,2025.03.21 16:37:40,EURAUDm,BREAKOUT_RETEST,BUY,4,1.725,1.72408,1.72602,1.11,0.442,1.72581,1.72662,1.72409,1,0.1,0.77,-0.4934,1.72232,1.722,1.72369,1.71827,0,0.0,0.55,0,1.72581,0.739,0.868,0,0.0,0.0,1.72542,0.0,0.0,0,0,1,0.6,0.79,0.2731,0.79,0.626,2,0.649,0,0.337,1.7257,1.72444,0.437,0.177,0.0,2,0.0,0,0.649,1.068,3.0,0.356,0.436,1,1.72581,8,0.748,0.125,0.112,0.237,0.067,0.86,0.7,1.65843,1.72118,1.72304,43478.5964,50.5229,2,1.66009,0.768,1.68342,0.292,0.0,0.0,0,0.202,1,0,23659,0.757,0.578,0.368,20.0,31.6,0.0972,205.7,0.0,1,1,0.852,1.59509,1,1,0.825,1.54814,0,63.151,0.5,0.5,0.0,0.0,0.5,0.89,0.0,0.5,0.0,0.925,0.384,0.5,0.496,0.0,0.303,0.0,0,0,0.34,0.816,0.0,0.808,0.268,0.565,0.434,0.0,0.526,0.478,0.0,1.0,0.949
70940,2025.03.21 17:09:40,EURAUDm,TREND_CONTINUATION,BUY,3,1.72322,1.72064,1.72613,1.13,0.543,1.7258,1.7261,1.72472,0,0.421,0.129,-1.3555,1.72232,1.722,1.72437,1.71894,1,0.0,0.35,0,1.7258,0.705,0.883,0,0.0,0.0,1.72492,0.0,0.0,0,0,0,0.975,0.65,0.2548,0.65,0.049,0,0.674,0,0.601,1.72491,1.72344,0.942,0.254,0.0,2,0.4,0,0.674,1.328,3.0,0.443,0.445,1,1.7258,8,0.741,0.0,0.445,0.195,0.26,0.852,0.938,1.65843,1.72118,1.72304,43478.5964,50.5229,2,1.66009,0.768,1.68342,0.292,0.0,0.0,0,0.202,1,0,23660,0.746,0.583,0.373,33.0,25.4,0.1537,214.6,0.0,1,1,0.852,1.59509,1,1,0.825,1.54814,0,59.695,0.5,0.5,0.0,0.0,0.5,0.0,0.0,0.5,0.0,0.915,0.389,0.5,0.44,0.0,0.377,0.0,0,0,0.349,0.473,0.0,1.0,0.311,0.304,0.391,0.0,0.51,0.478,0.0,1.0,0.892
70942,2025.03.21 17:22:40,EURAUDm,SWEEP_REVERSAL,BUY,3,1.72368,1.72153,1.72613,1.14,0.296,1.7258,1.7261,1.72472,0,0.421,0.129,-1.1412,1.72232,1.722,1.72437,1.71894,1,0.0,0.35,0,1.7258,0.705,0.883,0,0.0,0.0,1.72492,0.0,0.0,0,0,0,0.975,0.65,0.2548,0.65,0.055,0,0.674,0,0.601,1.72491,1.72344,0.728,0.04,0.0,2,0.4,0,0.674,1.325,3.0,0.442,0.445,1,1.7258,8,0.741,0.0,0.444,0.195,0.26,0.852,0.938,1.65843,1.72118,1.72304,43478.5964,50.5229,2,1.66009,0.768,1.68342,0.292,0.0,0.0,0,0.202,1,0,23660,0.746,0.583,0.373,33.0,26.0,0.1537,214.6,0.0,1,1,0.852,1.59509,1,1,0.825,1.54814,0,59.909,0.5,0.5,0.0,0.0,0.5,0.08,0.0,0.5,0.0,0.867,0.58,0.5,0.451,0.0,0.391,0.0,0,0,0.34,0.431,0.0,0.93,0.311,0.345,0.423,0.0,0.51,0.478,0.0,1.0,0.892
70944,2025.03.21 17:59:40,EURAUDm,MEAN_REVERSION,BUY,3,1.72469,1.72297,1.72613,0.84,0.642,1.7258,1.7261,1.72472,0,0.421,0.129,-0.6706,1.72232,1.722,1.72437,1.71894,1,0.0,0.35,0,1.7258,0.705,0.883,0,0.0,0.0,1.72492,0.0,0.0,0,0,0,0.975,0.65,0.2548,0.65,0.219,0,0.674,0,0.601,1.72491,1.72403,0.258,0.155,0.0,2,0.4,0,0.674,1.251,3.0,0.417,0.436,1,1.7258,8,0.741,0.485,0.394,0.195,0.26,0.852,0.871,1.65843,1.72118,1.72304,43478.5964,50.5229,2,1.66009,0.768,1.68342,0.292,0.0,0.0,0,0.202,1,0,23660,0.746,0.583,0.373,33.0,30.0,0.1537,214.6,0.0,1,1,0.852,1.59509,1,1,0.825,1.54814,0,60.379,0.5,0.5,0.0,0.0,0.5,0.58,0.0,0.5,0.0,1.0,0.648,0.5,0.531,0.0,0.263,0.0,0,0,0.353,0.569,0.0,0.639,0.43,0.345,0.433,0.0,0.517,0.478,0.0,1.0,0.892
70945,2025.03.21 18:00:20,EURAUDm,ANCHORED_PULLBACK,BUY,3,1.72488,1.72413,1.72592,1.38,0.423,1.72486,1.72624,1.72434,1,0.149,0.65,-0.1488,1.72232,1.722,1.72437,1.71894,0,0.0,0.45,0,1.72592,0.766,0.518,0,0.0,0.0,1.72382,0.0,0.0,0,0,1,1.0,0.86,0.2271,0.86,0.725,2,0.642,0,0.654,1.72497,1.72307,0.199,0.7,0.0,2,0.0,0,0.642,1.024,3.0,0.341,0.482,1,1.72592,8,0.753,0.603,0.083,0.258,0.131,0.962,0.941,1.65843,1.72118,1.72304,43478.5964,50.5229,2,1.66009,0.768,1.68342,0.292,0.0,0.0,0,0.202,1,0,23661,0.746,0.583,0.373,33.0,30.5,0.1561,211.4,0.0,1,1,0.852,1.59509,1,1,0.825,1.54814,1,61.408,0.5,0.5,0.0,0.0,1.0,0.65,0.0,0.5,0.0,0.842,0.614,0.5,0.489,0.0,0.287,0.0,0,0,0.33,0.704,0.0,0.716,0.213,0.391,0.65,0.0,0.543,0.478,0.0,1.0,0.916
70948,2025.03.21 18:45:40,EURAUDm,BREAKOUT_RETEST,BUY,3,1.72468,1.72405,1.72612,2.27,0.628,1.72486,1.72624,1.72434,1,0.149,0.65,-0.1819,1.72232,1.722,1.72437,1.71894,0,0.0,0.45,0,1.72592,0.766,0.518,0,0.0,0.0,1.72382,0.0,0.0,0,0,1,1.0,0.86,0.2271,0.86,0.352,2,0.642,0,0.654,1.72497,1.72307,0.232,0.667,0.0,2,0.0,0,0.642,1.192,3.0,0.397,0.502,2,1.72592,8,0.753,0.536,0.194,0.258,0.131,0.962,0.941,1.65843,1.72118,1.72304,43478.5964,50.5229,2,1.66009,0.768,1.68342,0.292,0.0,0.0,0,0.202,1,0,23661,0.746,0.583,0.373,20.0,21.6,0.0946,211.4,0.0,1,1,0.852,1.59509,1,1,0.825,1.54814,1,61.313,0.5,0.5,0.0,0.0,1.0,0.98,0.0,0.5,0.0,0.988,0.571,0.5,0.548,0.0,0.338,0.0,0,0,0.342,0.639,0.0,0.796,0.25,0.419,0.65,0.0,0.519,0.478,0.0,1.0,0.949
70950,2025.03.21 19:00:40,EURAUDm,PULLBACK,BUY,3,1.72479,1.72393,1.73117,7.39,0.622,1.72381,1.7256,1.72349,1,0.17,0.467,0.306,1.72232,1.722,1.72437,1.71894,0,0.0,0.5,0,1.72592,0.763,0.284,0,0.0,0.0,0.0,0.0,0.0,0,0,0,1.0,0.72,0.1547,0.72,0.739,2,0.598,0,0.6,1.72486,1.72307,0.19,0.653,0.0,2,0.25,0,0.598,1.018,3.0,0.339,0.427,1,1.72381,1,0.7,0.619,0.178,0.216,0.207,0.972,0.927,1.65843,1.72118,1.72304,43478.5964,50.5229,2,1.66009,0.768,1.68342,0.292,0.0,0.0,0,0.202,1,0,23662,0.746,0.583,0.373,33.0,20.6,0.1552,212.6,0.0,1,1,0.852,1.59509,1,1,0.825,1.54814,1,61.015,0.5,0.5,0.0,0.0,1.0,0.04,0.0,0.5,0.0,0.626,0.481,0.5,0.528,0.0,0.344,0.0,0,0,0.307,0.713,0.0,0.738,0.192,0.414,0.65,0.0,0.535,0.478,0.0,1.0,0.998
70952,2025.03.21 19:09:40,EURAUDm,TREND_CONTINUATION,BUY,3,1.72485,1.7223,1.73016,2.08,0.551,1.72381,1.7256,1.72349,1,0.17,0.467,0.3954,1.72232,1.722,1.72437,1.71894,0,0.0,0.5,0,1.72592,0.763,0.284,0,0.0,0.0,0.0,0.0,0.0,0,0,0,1.0,0.72,0.1547,0.72,0.938,2,0.598,0,0.6,1.72486,1.72307,0.101,0.743,0.0,2,0.25,0,0.598,0.928,3.0,0.309,0.417,1,1.72381,1,0.7,0.798,0.119,0.216,0.207,0.972,0.927,1.65843,1.72118,1.72304,43478.5964,50.5229,2,1.66009,0.768,1.68342,0.292,0.0,0.0,0,0.202,1,0,23662,0.746,0.583,0.373,20.0,20.8,0.0941,212.6,0.0,1,1,0.852,1.59509,1,1,0.825,1.54814,1,61.043,0.5,0.5,0.0,0.0,1.0,0.51,0.0,0.5,0.0,0.529,0.545,0.5,0.501,0.0,0.356,0.0,0,0,0.32,0.754,0.0,0.958,0.192,0.41,0.65,0.0,0.535,0.478,0.0,1.0,0.998
70954,2025.03.21 19:59:40,EURAUDm,MEAN_REVERSION,BUY,3,1.72411,1.72241,1.72625,1.26,0.6,1.72381,1.7256,1.72349,1,0.17,0.467,-0.0139,1.72232,1.722,1.72437,1.71894,1,0.0,0.5,0,1.72592,0.763,0.284,0,0.0,0.0,0.0,0.0,0.0,0,0,0,1.0,0.72,0.1547,0.72,1.0,2,0.598,0,0.6,1.72381,1.72307,0.014,0.334,0.0,2,0.25,0,0.598,0.9,3.0,0.3,0.417,1,1.72592,8,0.753,0.972,0.1,0.216,0.207,1.0,0.927,1.65843,1.72118,1.72304,43478.5964,50.5229,2,1.66009,0.768,1.68342,0.292,0.0,0.0,0,0.202,1,0,23662,0.746,0.583,0.373,33.0,33.0,0.1552,212.6,0.0,1,1,0.852,1.59509,1,1,0.825,1.54814,1,60.695,0.5,0.5,0.0,0.0,1.0,0.05,0.0,0.5,0.0,0.847,0.568,0.5,0.557,0.0,0.327,0.0,0,0,0.339,0.79,0.0,0.887,0.192,0.284,0.502,0.0,0.534,0.478,0.0,1.0,0.861
70956,2025.03.21 20:10:40,EURAUDm,BREAKOUT,BUY,3,1.72452,1.7213,1.72989,1.67,0.347,1.7246,1.72501,1.72352,1,0.077,0.231,-0.1899,1.72232,1.722,1.72437,1.71894,1,0.0,0.45,0,1.7246,0.71,0.368,0,0.0,0.0,1.72448,0.0,0.0,0,0,0,0.8,0.93,0.0989,0.93,0.702,2,0.645,0,0.559,1.72402,1.72526,0.08,0.498,0.0,2,0.15,0,0.645,1.034,3.0,0.345,0.427,1,1.72352,5,0.6,0.84,0.149,0.279,0.164,0.78,0.841,1.66222,1.72159,1.72304,34935.2851,-8543.3113,1,1.66009,0.769,1.68342,0.293,0.0,0.0,0,0.274,1,0,23663,0.746,0.583,0.373,33.0,33.0,0.1537,214.7,0.0,1,1,0.852,1.59509,1,1,0.825,1.54814,1,60.28,0.622,0.378,0.0,1.0,1.0,0.9,0.0,0.5,0.0,0.882,0.645,0.5,0.542,0.0,0.344,0.0,0,0,0.387,0.8,0.0,0.744,0.246,0.294,0.461,0.0,0.52,0.478,0.0,1.0,0.861
70958,2025.03.21 20:45:40,EURAUDm,BREAKOUT_RETEST,BUY,3,1.72445,1.72381,1.72534,1.38,0.529,1.7246,1.72501,1.72352,1,0.077,0.231,-0.2225,1.72232,1.722,1.72437,1.71894,1,0.0,0.45,0,1.7246,0.71,0.368,0,0.0,0.0,1.72448,0.0,0.0,0,0,0,0.8,0.93,0.0989,0.93,0.844,2,0.645,0,0.559,1.72402,1.72311,0.047,0.471,0.0,2,0.15,0,0.645,0.97,3.0,0.323,0.419,1,1.72501,4,0.6,0.905,0.107,0.279,0.164,0.78,0.915,1.66222,1.72159,1.72304,34935.2851,-8543.3113,1,1.66009,0.769,1.68342,0.293,0.0,0.0,0,0.274,1,0,23663,0.746,0.583,0.373,33.0,33.0,0.1537,214.7,0.0,1,1,0.852,1.59509,1,1,0.825,1.54814,1,60.248,0.622,0.378,0.0,1.0,1.0,0.99,0.0,0.5,0.0,1.0,0.464,0.5,0.531,0.0,0.339,0.0,0,0,0.317,0.8,0.0,0.744,0.246,0.315,0.461,0.0,0.52,0.478,0.0,1.0,0.861
0,2025.03.23 21:05:00,EURAUDm,TREND_CONTINUATION,BUY,3,1.7272,1.72464,1.7299,1.06,0.49,1.7241,1.72457,1.72364,0,1.093,0.131,-1.2675,1.72201,1.722,1.72437,1.71894,1,0.0,0.25,4,1.7241,0.764,0.767,0,0.0,0.0,1.72398,0.0,0.0,0,0,0,0.737,0.7268,0.0421,0.727,0.008,0,0.818,0,0.89,1.72401,1.72215,1.224,0.35,0.0,2,0.4,0,0.818,1.347,3.0,0.449,0.519,2,1.7241,8,0.753,0.0,0.458,0.218,0.468,0.852,1.0,1.65829,1.72112,1.72304,49500.4583,14565.1732,2,1.66025,0.789,1.68381,0.29,0.0,0.0,0,0.308,1,0,23664,0.746,0.583,0.373,580.0,43.9,2.7184,213.4,0.0,1,1,0.852,1.59509,1,1,0.825,1.54814,1,61.92,0.5,0.5,0.0,0.0,1.0,0.0,0.0,0.5,0.0,0.411,0.545,0.5,0.588,0.0,0.269,0.0,0,0,0.311,0.437,0.0,0.998,0.178,0.273,0.332,0.0,0.525,0.458,0.0,1.0,0.872
0,2025.03.23 21:05:20,EURAUDm,SWEEP_REVERSAL,BUY,3,1.72728,1.72515,1.7299,1.23,0.367,1.7241,1.72457,1.72364,0,1.093,0.131,-1.23,1.72201,1.722,1.72437,1.71894,1,0.0,0.25,4,1.7241,0.764,0.767,0,0.0,0.0,1.72398,0.0,0.0,0,0,0,0.737,0.7268,0.0421,0.727,0.008,0,0.818,0,0.89,1.72401,1.72215,1.186,0.312,0.0,2,0.4,0,0.818,1.347,3.0,0.449,0.519,2,1.7241,8,0.753,0.0,0.458,0.218,0.468,0.852,1.0,1.65829,1.72112,1.72304,49500.4583,14565.1732,2,1.66025,0.789,1.68381,0.29,0.0,0.0,0,0.308,1,0,23664,0.746,0.583,0.373,580.0,49.4,2.7184,213.4,0.0,1,1,0.852,1.59509,1,1,0.825,1.54814,1,61.957,0.5,0.5,0.0,0.0,1.0,0.02,0.0,0.5,0.0,0.411,0.549,0.5,0.588,0.0,0.269,0.0,0,0,0.314,0.437,0.0,0.998,0.178,0.273,0.333,0.0,0.525,0.458,0.0,1.0,0.872
0,2025.03.23 21:05:20,EURAUDm,MEAN_REVERSION,BUY,3,1.72728,1.72557,1.7299,1.54,0.718,1.7241,1.72457,1.72364,0,1.093,0.131,-1.23,1.72201,1.722,1.72437,1.71894,1,0.0,0.25,4,1.7241,0.764,0.767,0,0.0,0.0,1.72398,0.0,0.0,0,0,0,0.737,0.7268,0.0421,0.727,0.008,0,0.818,0,0.89,1.72401,1.72215,1.186,0.312,0.0,2,0.4,0,0.818,1.347,3.0,0.449,0.519,2,1.7241,8,0.753,0.0,0.458,0.218,0.468,0.852,1.0,1.65829,1.72112,1.72304,49500.4583,14565.1732,2,1.66025,0.789,1.68381,0.29,0.0,0.0,0,0.308,1,0,23664,0.746,0.583,0.373,580.0,54.9,2.7184,213.4,0.0,1,1,0.852,1.59509,1,1,0.825,1.54814,1,61.957,0.5,0.5,0.0,0.0,1.0,0.02,0.0,0.5,0.0,0.411,0.549,0.5,0.588,0.0,0.269,0.0,0,0,0.314,0.437,0.0,0.998,0.178,0.273,0.333,0.0,0.525,0.458,0.0,1.0,0.872
70960,2025.03.23 23:19:20,EURAUDm,MEAN_REVERSION,BUY,1,1.72291,1.72192,1.72457,1.67,0.631,1.72424,1.72513,1.72181,1,0.381,0.033,-0.7499,1.72314,1.722,1.72437,1.71894,1,0.0,0.65,2,1.72424,0.783,0.0,2,0.0,0.0,1.72195,0.0,0.0,0,0,0,0.675,-0.685,-0.0986,0.685,0.185,2,0.622,3,0.66,1.72194,1.72296,0.292,0.171,0.0,2,0.15,0,0.622,1.267,3.0,0.422,0.478,1,1.72181,5,0.6,0.417,0.304,0.206,0.053,0.916,0.861,1.65829,1.72112,1.72304,49500.4583,14565.1732,2,1.66025,0.789,1.68381,0.29,0.0,0.0,0,0.308,1,0,23666,0.746,0.583,0.373,33.0,33.0,0.1495,220.8,0.0,1,1,0.852,1.59509,1,1,0.825,1.54814,1,57.893,0.5,0.5,0.0,0.0,1.0,0.0,0.0,0.5,0.0,0.788,0.357,0.5,0.534,0.0,0.672,0.0,0,0,0.515,0.591,1.0,0.976,0.164,0.504,0.574,0.0,0.474,0.478,0.0,1.0,0.664
0,2025.03.23 23:59:40,EURAUDm,ANCHORED_PULLBACK,BUY,1,1.72325,1.72295,1.72436,3.66,0.362,1.72424,1.72513,1.72181,1,0.381,0.033,-0.5959,1.72314,1.722,1.72437,1.71894,1,0.0,0.65,2,1.72424,0.783,0.0,2,0.0,0.0,1.72195,0.0,0.0,0,0,0,0.675,-0.685,-0.0986,0.685,0.09,2,0.622,3,0.66,1.72194,1.72296,0.446,0.017,0.0,2,0.15,0,0.622,1.309,3.0,0.436,0.483,1,1.72424,8,0.757,0.109,0.333,0.206,0.053,0.916,0.861,1.65829,1.72112,1.72304,49500.4583,14565.1732,2,1.66025,0.789,1.68381,0.29,0.0,0.0,0,0.308,1,0,23666,0.746,0.583,0.373,33.0,33.0,0.1495,220.8,0.0,1,1,0.852,1.59509,1,1,0.825,1.54814,1,58.047,0.5,0.5,0.0,0.0,1.0,0.2,0.0,0.5,0.0,1.0,0.523,0.5,0.471,0.0,0.362,0.0,0,0,0.3,0.573,0.198,1.0,0.142,0.504,0.511,0.0,0.474,0.478,0.0,1.0,0.664
70962,2025.03.24 01:23:40,EURAUDm,MEAN_REVERSION,BUY,1,1.72204,1.72031,1.7236,0.9,0.69,1.72245,1.7234,1.7215,1,0.011,0.67,-0.2798,1.72314,1.722,1.72437,1.71894,1,0.0,0.45,0,1.72245,0.64,0.46,0,0.0,0.0,0.0,0.0,0.0,0,0,0,0.55,-0.755,-0.1589,0.755,0.771,0,0.776,0,0.587,1.72234,1.72034,0.231,0.694,0.0,2,0.0,0,0.776,1.003,3.0,0.334,0.49,1,1.7234,4,0.6,0.538,0.069,0.226,0.117,0.847,0.878,1.66272,1.72073,1.72304,58496.4336,8995.9753,2,1.66071,0.779,1.68472,0.289,0.0,0.0,0,0.303,1,0,23668,0.746,0.583,0.373,20.0,26.3,0.0923,216.8,0.0,1,1,0.852,1.59509,1,1,0.825,1.54814,0,58.56,0.5,0.5,0.0,0.0,0.5,0.63,0.0,0.5,0.0,0.352,0.462,0.5,0.541,0.0,0.486,0.0,0,0,0.38,0.812,0.0,0.99,0.048,0.174,0.476,0.0,0.523,0.458,0.0,1.0,0.786
70964,2025.03.24 03:00:00,EURAUDm,ANCHORED_PULLBACK,BUY,1,1.72397,1.72372,1.72533,5.46,0.513,1.72241,1.72331,1.72211,0,0.531,0.019,0.6448,1.72314,1.722,1.72437,1.71894,1,0.0,0.5,0,1.72241,0.756,0.636,0,0.0,0.0,1.7234,0.0,0.0,0,0,0,0.975,-0.825,-0.1296,0.825,0.142,2,0.644,0,0.809,1.72247,1.72373,0.616,0.019,-0.1214,1,0.15,0,0.644,1.286,3.0,0.429,0.505,2,1.72241,8,0.751,0.0,0.617,0.247,0.214,0.92,0.864,1.66272,1.72073,1.72304,58496.4336,8995.9753,2,1.66071,0.779,1.68472,0.289,0.0,0.0,0,0.303,1,0,23670,0.733,0.584,0.378,20.0,20.8,0.0948,210.9,0.0,1,1,0.852,1.59509,1,1,0.825,1.54814,0,61.101,0.5,0.5,0.0,0.0,0.5,0.93,0.0,0.5,0.0,1.0,0.501,0.5,0.55,0.0,0.456,0.0,0,0,0.348,0.541,0.0,0.946,0.071,0.132,0.746,0.0,0.5,0.478,0.0,1.0,0.628
70966,2025.03.24 07:00:00,EURAUDm,BREAKOUT_RETEST,BUY,1,1.72404,1.72349,1.72499,1.72,0.361,1.72407,1.72435,1.72346,1,0.004,0.53,-0.1354,1.72373,1.722,1.72505,1.7203,1,0.0,0.4,0,1.72407,0.696,0.787,0,0.0,0.0,1.72393,0.0,0.0,0,0,0,0.45,0.51,0.0643,0.51,0.961,0,0.76,0,0.591,1.7239,1.72468,0.037,0.497,0.0,2,0.25,0,0.76,0.918,3.0,0.306,0.452,1,0.0,0,0.0,0.927,0.112,0.153,0.206,0.945,0.92,1.65817,1.72107,1.72304,55192.8941,-3303.5394,1,1.65997,0.807,1.68513,0.289,0.0,0.0,0,0.265,1,0,23674,0.733,0.584,0.378,20.0,22.6,0.1185,168.8,0.0,1,1,0.852,1.59509,1,1,0.825,1.54814,-1,76.399,0.53,0.47,0.0,1.0,0.0,0.49,0.0,0.5,0.0,0.358,0.423,0.5,0.485,0.0,0.535,0.0,0,0,0.406,0.8,0.0,1.0,0.067,0.174,0.459,0.0,0.54,0.478,0.0,1.0,0.81
70968,2025.03.24 07:30:40,EURAUDm,TREND_CONTINUATION,BUY,1,1.72429,1.72226,1.72851,2.08,0.346,1.72407,1.72435,1.72346,1,0.004,0.53,-0.0643,1.72373,1.722,1.72505,1.7203,1,0.0,0.4,0,1.72407,0.696,0.787,0,0.0,0.0,1.72393,0.0,0.0,0,0,0,0.45,0.51,0.0643,0.51,0.98,0,0.76,0,0.591,1.7239,1.72468,0.034,0.426,0.0,2,0.25,0,0.76,0.909,3.0,0.303,0.451,1,0.0,0,0.0,0.931,0.106,0.153,0.206,0.945,0.92,1.65817,1.72107,1.72304,55192.8941,-3303.5394,1,1.65997,0.807,1.68513,0.289,0.0,0.0,0,0.265,1,0,23674,0.733,0.584,0.378,33.0,27.7,0.1955,168.8,0.0,1,1,0.852,1.59509,1,1,0.825,1.54814,-1,76.547,0.53,0.47,0.0,1.0,0.0,0.49,0.0,0.5,0.0,0.432,0.59,0.5,0.527,0.0,0.615,0.0,0,0,0.458,0.8,0.0,0.826,0.067,0.174,0.545,0.0,0.54,0.478,0.0,1.0,0.81
70969,2025.03.24 07:37:40,EURAUDm,MEAN_REVERSION,BUY,1,1.72305,1.7217,1.7244,1.0,0.708,1.72407,1.72435,1.72346,0,0.004,0.53,-0.7989,1.72373,1.722,1.72505,1.7203,1,0.0,0.4,0,1.72407,0.696,0.787,0,0.0,0.0,1.72393,0.0,0.0,0,0,0,0.45,0.51,0.0643,0.51,0.037,0,0.76,0,0.591,1.7239,1.72274,0.7,0.01,0.0,2,0.25,0,0.76,1.333,3.0,0.444,0.5,2,1.72407,8,0.739,0.0,0.389,0.153,0.206,0.945,0.951,1.65817,1.72107,1.72304,55192.8941,-3303.5394,1,1.65997,0.807,1.68513,0.289,0.0,0.0,0,0.265,1,0,23674,0.733,0.584,0.378,33.0,28.3,0.1955,168.8,0.0,1,1,0.852,1.59509,1,1,0.825,1.54814,-1,75.812,0.53,0.47,0.0,1.0,0.0,0.0,0.0,0.5,0.0,0.364,0.534,0.5,0.495,0.0,0.486,0.0,0,0,0.363,0.695,0.0,0.917,0.048,0.174,0.413,0.0,0.504,0.478,0.0,1.0,0.912
70970,2025.03.24 07:39:40,EURAUDm,SWEEP_REVERSAL,BUY,1,1.72288,1.72119,1.72427,0.82,0.252,1.72407,1.72435,1.72346,0,0.004,0.53,-0.8226,1.72373,1.722,1.72505,1.7203,1,0.0,0.4,0,1.72407,0.696,0.787,0,0.0,0.0,1.72393,0.0,0.0,0,0,0,0.45,0.51,0.0643,0.51,0.016,0,0.76,0,0.591,1.7239,1.72274,0.724,0.033,0.0,2,0.25,0,0.76,1.343,3.0,0.448,0.501,2,1.72407,8,0.739,0.0,0.395,0.153,0.206,0.945,0.951,1.65817,1.72107,1.72304,55192.8941,-3303.5394,1,1.65997,0.807,1.68513,0.289,0.0,0.0,0,0.265,1,0,23674,0.733,0.584,0.378,20.0,27.8,0.1185,168.8,0.0,1,1,0.852,1.59509,1,1,0.825,1.54814,-1,75.711,0.53,0.47,0.0,1.0,0.0,0.6,0.0,0.5,0.0,0.364,0.585,0.5,0.495,0.0,0.486,0.0,0,0,0.394,0.69,0.0,0.917,0.048,0.174,0.41,0.0,0.504,0.478,0.0,1.0,0.912
70974,2025.03.24 08:22:40,EURAUDm,PULLBACK,BUY,2,1.72349,1.72274,1.72426,1.02,0.379,1.72393,1.72426,1.72333,0,0.638,0.142,-0.4528,1.72373,1.722,1.72505,1.7203,1,0.0,0.35,0,1.72393,0.742,0.434,0,0.0,0.0,1.72258,0.0,0.0,0,0,0,0.75,0.545,0.1233,0.545,0.168,0,0.774,2,0.192,1.72386,1.72294,0.414,0.133,0.0,2,0.4,0,0.774,1.275,3.0,0.425,0.421,1,1.72393,8,0.748,0.172,0.41,0.164,0.14,0.922,0.906,1.66179,1.72238,1.72304,20026.824,-35166.0701,1,1.66011,0.817,1.68535,0.287,0.0,0.0,0,0.339,1,0,23675,0.733,0.584,0.378,33.0,31.4,0.1944,169.8,0.0,1,1,0.852,1.59509,1,1,0.825,1.54814,-1,75.625,1.0,0.0,0.0,1.0,0.0,0.87,0.0,0.5,0.0,0.43,0.431,0.5,0.501,0.0,0.461,0.0,0,0,0.376,0.53,0.0,0.881,0.071,0.271,0.576,0.0,0.507,0.478,0.0,1.0,0.83
70976,2025.03.24 09:00:20,EURAUDm,ANCHORED_PULLBACK,BUY,2,1.72276,1.72238,1.72387,2.93,0.486,1.72387,1.72441,1.72256,0,0.566,0.303,-0.8178,1.72373,1.722,1.72505,1.7203,1,0.0,0.6,0,1.72387,0.727,0.131,0,0.0,0.0,1.7222,0.0,0.0,0,0,0,0.825,0.58,0.0517,0.58,0.446,0,0.692,3,0.608,1.72348,1.72294,0.599,0.292,0.0,2,0.25,0,0.692,1.149,3.0,0.383,0.424,1,1.72387,8,0.745,0.0,0.266,0.174,0.088,0.627,0.84,1.66179,1.72238,1.72304,20026.824,-35166.0701,1,1.66011,0.817,1.68535,0.287,0.0,0.0,0,0.339,1,0,23676,0.733,0.584,0.378,33.0,32.2,0.1878,175.7,0.0,1,1,0.852,1.59509,1,1,0.825,1.54814,-1,72.658,1.0,0.0,0.0,1.0,0.0,0.77,0.0,0.5,0.0,0.759,0.48,0.5,0.471,0.0,0.474,0.0,0,0,0.343,0.732,0.0,0.997,0.1,0.264,0.575,0.0,0.516,0.478,0.0,1.0,0.83
70978,2025.03.24 09:30:40,EURAUDm,TREND_CONTINUATION,BUY,2,1.72113,1.71902,1.7242,1.45,0.483,1.72387,1.72441,1.72256,0,0.566,0.303,-1.7454,1.72373,1.722,1.72505,1.7203,1,0.0,0.6,0,1.72387,0.727,0.131,0,0.0,0.0,1.7222,0.0,0.0,0,0,0,0.825,0.58,0.0517,0.58,0.039,0,0.692,3,0.608,1.72348,1.72163,1.526,0.475,0.0,2,0.25,0,0.692,1.332,3.0,0.444,0.445,1,1.72387,8,0.745,0.0,0.388,0.174,0.088,0.627,0.926,1.66179,1.72238,1.72304,20026.824,-35166.0701,1,1.66011,0.817,1.68535,0.287,0.0,0.0,0,0.339,1,0,23676,0.733,0.584,0.378,33.0,26.8,0.1878,175.7,0.0,1,1,0.852,1.59509,1,1,0.825,1.54814,-1,71.73,1.0,0.0,0.0,1.0,0.0,0.13,0.0,0.5,0.0,1.0,0.388,0.5,0.506,0.0,0.467,0.0,0,0,0.406,0.496,0.0,1.0,0.1,0.394,0.271,0.0,0.516,0.478,0.0,1.0,0.83
70980,2025.03.24 09:37:40,EURAUDm,MEAN_REVERSION,BUY,2,1.72116,1.71975,1.72407,2.07,0.658,1.72387,1.72441,1.72256,0,0.566,0.303,-1.6544,1.72373,1.722,1.72505,1.7203,1,0.0,0.6,0,1.72387,0.727,0.131,0,0.0,0.0,1.7222,0.0,0.0,0,0,0,0.825,0.58,0.0517,0.58,0.039,0,0.692,3,0.608,1.72348,1.72163,1.435,0.384,0.0,2,0.25,0,0.692,1.332,3.0,0.444,0.445,1,1.72387,8,0.745,0.0,0.388,0.174,0.088,0.627,0.926,1.66179,1.72238,1.72304,20026.824,-35166.0701,1,1.66011,0.817,1.68535,0.287,0.0,0.0,0,0.339,1,0,23676,0.733,0.584,0.378,20.0,24.7,0.1138,175.7,0.0,1,1,0.852,1.59509,1,1,0.825,1.54814,-1,71.747,1.0,0.0,0.0,1.0,0.0,0.88,0.0,0.5,0.0,0.876,0.485,0.5,0.476,0.0,0.417,0.0,0,0,0.318,0.496,0.0,1.0,0.1,0.394,0.285,0.0,0.516,0.478,0.0,1.0,0.83
70982,2025.03.24 09:39:40,EURAUDm,SWEEP_REVERSAL,BUY,2,1.72095,1.71919,1.7242,1.85,0.208,1.72387,1.72441,1.72256,0,0.566,0.303,-1.8479,1.72373,1.722,1.72505,1.7203,1,0.0,0.6,0,1.72387,0.727,0.131,0,0.0,0.0,1.7222,0.0,0.0,0,0,0,0.825,0.58,0.0517,0.58,0.039,0,0.692,3,0.608,1.72348,1.72163,1.629,0.577,0.0,2,0.25,0,0.692,1.332,3.0,0.444,0.445,1,1.72387,8,0.745,0.0,0.388,0.174,0.088,0.627,0.926,1.66179,1.72238,1.72304,20026.824,-35166.0701,1,1.66011,0.817,1.68535,0.287,0.0,0.0,0,0.339,1,0,23676,0.733,0.584,0.378,33.0,25.4,0.1878,175.7,0.0,1,1,0.852,1.59509,1,1,0.825,1.54814,-1,71.628,1.0,0.0,0.0,1.0,0.0,0.02,0.0,0.5,0.0,1.0,0.455,0.5,0.538,0.0,0.459,0.0,0,0,0.372,0.496,0.0,1.0,0.1,0.394,0.267,0.0,0.499,0.478,0.0,1.0,0.83
70984,2025.03.24 10:41:40,EURAUDm,BREAKOUT_RETEST,BUY,2,1.72218,1.72164,1.72409,3.55,0.372,1.72389,1.7242,1.72176,1,0.611,0.272,-1.0646,1.72373,1.722,1.72505,1.7203,1,0.0,0.6,2,1.72389,0.756,0.489,0,0.0,0.0,0.0,0.0,0.0,0,0,0,0.564,0.3912,0.022,0.391,0.63,2,0.621,3,0.362,1.72237,1.72156,0.217,0.235,0.0,2,0.4,0,0.621,1.066,3.0,0.355,0.37,1,1.72389,8,0.751,0.566,0.271,0.117,0.14,0.837,0.716,1.66179,1.72238,1.72304,20026.824,-35166.0701,1,1.66011,0.817,1.68535,0.287,0.0,0.0,0,0.339,1,0,23677,0.733,0.584,0.378,20.0,22.3,0.1113,179.6,0.0,1,1,0.852,1.59509,1,1,0.825,1.54814,-1,70.746,1.0,0.0,0.0,1.0,0.0,0.99,0.0,0.5,0.0,0.64,0.612,0.5,0.39,0.0,0.266,0.0,0,0,0.291,0.584,0.0,1.0,0.1,0.372,0.445,0.0,0.508,0.478,0.0,1.0,0.709
70986,2025.03.24 11:43:59,EURAUDm,MEAN_REVERSION,BUY,2,1.72124,1.71977,1.72284,1.09,0.622,1.72101,1.72264,1.72053,1,0.007,0.632,0.0152,1.72373,1.722,1.72505,1.7203,1,0.0,0.55,2,1.72101,0.744,0.405,0,0.0,0.0,1.72154,0.0,0.0,0,0,0,0.675,-0.685,-0.0642,0.685,1.0,2,0.631,0,0.422,1.72092,1.72044,0.067,0.328,0.0,2,0.0,0,0.631,0.9,3.0,0.3,0.437,1,1.72264,4,0.6,0.865,0.0,0.206,0.084,0.968,0.816,1.66179,1.72238,1.72304,20026.824,-35166.0701,1,1.66011,0.817,1.68535,0.287,0.0,0.0,0,0.339,1,0,23678,0.733,0.584,0.378,20.0,20.8,0.1087,184.1,0.0,1,1,0.852,1.59509,1,1,0.825,1.54814,-1,68.533,1.0,0.0,0.0,1.0,0.0,0.07,0.0,0.5,0.0,0.736,0.42,0.5,0.521,0.0,0.398,0.0,0,0,0.363,0.811,0.0,0.99,0.093,0.337,0.456,0.0,0.537,0.478,0.0,1.0,0.708
70988,2025.03.24 13:00:20,EURAUDm,ANCHORED_PULLBACK,BUY,4,1.72317,1.72221,1.72468,1.56,0.49,1.72147,1.72184,1.72079,0,0.809,0.003,0.8981,1.72373,1.722,1.72505,1.7203,1,0.0,0.35,0,1.72147,0.74,0.66,0,0.0,0.0,1.72318,0.0,0.0,0,0,0,0.825,-0.58,-0.1943,0.58,0.096,0,0.76,1,0.281,1.72147,1.72312,0.898,0.087,0.0,2,0.4,0,0.76,1.307,3.0,0.436,0.433,1,1.72147,8,0.748,0.0,0.431,0.174,0.14,0.922,0.91,1.66182,1.72353,1.72304,-15460.9634,-35487.7874,-2,1.66024,0.816,1.68397,0.29,0.0,0.0,0,0.362,1,0,23680,0.736,0.585,0.382,20.0,25.6,0.1194,167.6,0.0,1,1,0.852,1.59509,1,1,0.825,1.54814,0,76.433,0.5,0.5,0.0,0.0,0.5,0.71,0.0,0.5,0.0,0.531,0.464,0.5,0.449,0.0,0.371,0.0,0,0,0.305,0.48,0.0,1.0,0.071,0.248,0.432,0.0,0.508,0.478,0.0,1.0,0.679
70990,2025.03.24 13:43:59,EURAUDm,MEAN_REVERSION,BUY,4,1.72053,1.71919,1.72167,0.85,0.674,1.72147,1.72184,1.72079,0,0.809,0.003,-0.6773,1.72373,1.722,1.72505,1.7203,1,0.0,0.35,0,1.72147,0.74,0.66,0,0.0,0.0,1.72318,0.0,0.0,0,0,0,0.825,-0.58,-0.1943,0.58,0.101,0,0.76,1,0.281,1.72102,1.72259,0.409,1.349,0.0,2,0.4,0,0.76,1.304,3.0,0.435,0.406,1,1.72147,8,0.748,0.182,0.43,0.174,0.14,0.709,0.91,1.66182,1.72353,1.72304,-15460.9634,-35487.7874,-2,1.66024,0.816,1.68397,0.29,0.0,0.0,0,0.362,1,0,23680,0.736,0.585,0.382,20.0,20.8,0.1194,167.6,0.0,1,1,0.852,1.59509,1,1,0.825,1.54814,0,74.858,0.5,0.5,0.0,0.0,0.5,0.37,0.0,0.5,0.0,0.579,0.426,0.5,0.497,0.0,0.394,0.0,0,0,0.351,0.377,0.442,1.0,0.071,0.343,0.373,0.0,0.524,0.478,0.0,1.0,0.679
70992,2025.03.24 14:48:40,EURAUDm,SWEEP_REVERSAL,BUY,4,1.71805,1.71608,1.72163,1.81,0.17,1.72143,1.72234,1.72051,0,1.261,0.204,-1.8147,1.72374,1.722,1.72505,1.7203,0,0.0,0.35,0,1.72143,0.701,0.357,0,0.0,0.0,1.72035,0.0,0.0,0,0,-1,0.9,-0.79,-0.1942,0.79,0.096,0,0.765,2,0.228,1.7213,1.71934,1.749,0.757,0.0,2,0.15,0,0.765,1.307,3.0,0.436,0.448,1,1.72143,8,0.74,0.0,0.331,0.237,0.053,0.787,0.939,1.66182,1.72353,1.72304,-15460.9634,-35487.7874,-2,1.66024,0.816,1.68397,0.29,0.0,0.0,0,0.362,1,0,23681,0.736,0.585,0.382,20.0,22.3,0.1015,197.1,0.0,1,1,0.852,1.59509,1,1,0.825,1.54814,0,62.394,0.5,0.5,0.0,0.0,0.5,0.59,0.0,0.5,0.0,0.597,0.595,0.5,0.482,0.0,0.6,0.0,0,0,0.442,0.217,0.0,0.238,0.071,0.357,0.162,0.0,0.52,0.478,0.0,1.0,0.642
70994,2025.03.24 15:43:59,EURAUDm,MEAN_REVERSION,BUY,4,1.71782,1.7162,1.72167,2.37,0.581,1.72147,1.72338,1.71851,0,0.358,0.157,-1.8973,1.72349,1.722,1.72505,1.7203,0,0.0,0.7,0,1.72147,0.704,0.0,2,0.0,0.0,1.71785,0.0,0.0,0,0,-1,0.975,-0.825,-0.2652,0.825,0.305,2,0.581,3,0.566,1.71816,1.71677,0.266,0.42,0.0,2,0.15,0,0.581,1.213,3.0,0.404,0.41,1,1.72147,8,0.741,0.467,0.269,0.247,0.053,0.603,0.933,1.66182,1.72353,1.72304,-15460.9634,-35487.7874,-2,1.66024,0.816,1.68397,0.29,0.0,0.0,0,0.362,1,0,23682,0.736,0.585,0.382,20.0,24.7,0.0987,202.7,0.0,1,1,0.852,1.59509,1,1,0.825,1.54814,0,60.543,0.5,0.5,0.0,0.0,0.5,0.47,0.0,0.5,0.0,1.0,0.434,0.5,0.525,0.0,0.434,0.0,0,0,0.371,0.348,0.0,0.333,0.071,0.545,0.231,0.0,0.486,0.478,0.0,1.0,0.697
70996,2025.03.24 17:00:20,EURAUDm,ANCHORED_PULLBACK,BUY,3,1.72092,1.72039,1.72183,1.72,0.47,1.71797,1.71985,1.71711,0,0.439,0.547,1.2556,1.72317,1.722,1.72505,1.7203,1,0.0,0.4,0,1.71797,0.771,0.371,0,0.0,0.0,1.7203,0.0,0.0,0,0,0,0.75,-0.72,-0.3049,0.72,0.334,0,0.653,1,0.185,1.71968,1.72192,0.434,0.634,0.0,2,0.25,0,0.653,1.2,3.0,0.4,0.358,1,1.71968,2,0.55,0.132,0.3,0.216,0.088,0.552,0.966,1.66262,1.72134,1.72304,52770.0654,68231.0288,2,1.66099,0.811,1.68546,0.286,0.0,0.0,0,0.339,1,0,23684,0.736,0.585,0.382,33.0,29.1,0.1579,209.0,0.0,1,1,0.852,1.59509,1,1,0.825,1.54814,-1,60.206,0.5,0.5,0.0,0.0,0.0,0.45,0.0,0.5,0.0,0.75,0.61,0.5,0.521,0.0,0.404,0.0,0,0,0.384,0.676,0.0,1.0,0.048,0.701,0.627,0.0,0.482,0.478,0.0,1.0,0.811
70998,2025.03.24 20:00:00,EURAUDm,MEAN_REVERSION,BUY,3,1.71951,1.7178,1.72122,1.0,0.591,1.71973,1.72089,1.71934,0,0.183,0.251,-0.2556,1.72333,1.722,1.72505,1.7203,0,0.0,0.5,0,1.71973,0.8,0.501,0,0.0,0.0,0.0,0.0,0.0,0,0,-1,0.8,-1.0,-0.1247,1.0,0.631,2,0.607,0,0.751,1.71965,1.71856,0.219,0.287,-0.4696,1,0.15,0,0.607,1.066,3.0,0.355,0.462,1,1.72089,4,0.6,0.561,0.471,0.3,0.203,0.919,0.885,1.66262,1.72134,1.72304,52945.9265,175.8611,2,1.66099,0.81,1.68546,0.287,0.0,0.0,0,0.35,1,0,23687,0.736,0.585,0.382,33.0,27.2,0.1541,214.2,0.0,1,1,0.852,1.59509,1,1,0.825,1.54814,-1,58.082,0.5,0.5,0.0,0.0,0.0,0.48,0.0,0.5,0.0,1.0,0.573,0.5,0.556,0.0,0.498,0.0,0,0,0.41,0.529,0.0,0.523,0.071,0.215,0.35,0.0,0.492,0.478,0.0,1.0,0.648
71000,2025.03.24 20:01:59,EURAUDm,SWEEP_REVERSAL,BUY,3,1.71942,1.71728,1.72122,0.84,0.212,1.71973,1.72089,1.71934,0,0.183,0.251,-0.2976,1.72333,1.722,1.72505,1.7203,0,0.0,0.5,0,1.71973,0.8,0.501,0,0.0,0.0,0.0,0.0,0.0,0,0,-1,0.8,-1.0,-0.1247,1.0,0.631,2,0.615,0,0.751,1.71965,1.71856,0.261,0.245,0.0,2,0.15,0,0.615,1.066,3.0,0.355,0.464,1,1.72089,4,0.6,0.477,0.171,0.3,0.203,0.919,0.885,1.66262,1.72134,1.72304,52945.9265,175.8611,2,1.66099,0.81,1.68546,0.287,0.0,0.0,0,0.35,1,0,23687,0.736,0.585,0.382,33.0,28.5,0.1541,214.2,0.0,1,1,0.852,1.59509,1,1,0.825,1.54814,-1,58.04,0.5,0.5,0.0,0.0,0.0,0.42,0.0,0.5,0.0,1.0,0.552,0.5,0.556,0.0,0.498,0.0,0,0,0.397,0.53,0.0,0.333,0.071,0.297,0.35,0.0,0.49,0.478,0.0,1.0,0.697
71002,2025.03.24 22:00:59,EURAUDm,MEAN_REVERSION,BUY,1,1.71848,1.71783,1.71958,1.69,0.594,1.71906,1.72022,1.71739,1,0.549,0.061,-0.5226,1.72331,1.7221,1.72509,1.72044,0,0.0,0.55,0,1.71906,0.68,0.0,2,0.0,0.0,0.0,0.0,0.0,0,0,-1,1.0,-1.0,-0.1077,1.0,0.44,2,0.643,0,0.746,1.71752,1.71855,0.209,0.279,0.0,2,0.15,0,0.643,1.152,3.0,0.384,0.422,1,1.71906,8,0.736,0.582,0.228,0.3,0.202,0.447,0.741,1.66262,1.72134,1.72304,52945.9265,175.8611,2,1.66099,0.81,1.68546,0.287,0.0,0.0,0,0.35,1,0,23689,0.736,0.585,0.382,52.0,124.1,0.2462,211.2,0.0,1,1,0.852,1.59509,1,1,0.825,1.54814,-1,58.419,0.5,0.5,0.0,0.0,0.0,0.98,0.0,0.5,0.663,0.659,0.801,0.5,0.454,0.0,0.316,0.0,0,0,0.443,0.429,0.0,0.475,0.071,0.547,0.35,0.0,0.499,0.458,0.0,1.0,0.591
71004,2025.03.25 01:12:40,EURAUDm,MEAN_REVERSION,BUY,1,1.71755,1.71589,1.71902,0.88,0.589,1.71869,1.7189,1.71763,0,0.022,0.294,-0.7067,1.7191,1.72199,1.72494,1.72065,0,0.0,0.45,2,1.71869,0.72,0.75,0,0.0,0.0,0.0,1.71751,0.478,0,0,-1,0.546,-0.5715,-0.0183,0.571,0.199,0,0.668,2,0.099,1.71862,1.71664,0.673,0.279,0.0,2,0.4,0,0.668,0.297,0.707,0.42,0.245,0,1.71869,8,0.744,0.0,0.4,0.171,0.14,0.725,0.957,1.66182,1.72037,1.72304,84721.4909,31775.5644,2,1.66024,0.815,1.68397,0.291,0.0,0.0,0,0.311,1,0,23692,0.754,0.577,0.386,33.0,24.4,0.159,207.5,0.0,1,1,0.852,1.59509,1,1,0.825,1.54814,-1,59.017,0.5,0.5,0.0,0.0,0.0,0.0,0.0,0.5,0.0,0.493,0.46,0.5,0.607,0.0,0.466,0.0,0,0,0.393,0.564,0.0,0.5,0.107,0.129,0.227,0.0,0.476,0.458,0.0,1.0,0.706
71005,2025.03.25 01:13:59,EURAUDm,SWEEP_REVERSAL,BUY,1,1.7173,1.71523,1.71902,0.83,0.218,1.71869,1.7189,1.71763,0,0.022,0.294,-0.8272,1.7191,1.72199,1.72494,1.72065,0,0.0,0.45,2,1.71869,0.72,0.75,0,0.0,0.0,0.0,1.71751,0.478,0,0,-1,0.546,-0.5715,-0.0183,0.571,0.14,0,0.668,2,0.099,1.71862,1.71664,0.793,0.158,0.0,2,0.4,0,0.668,0.355,0.827,0.429,0.251,0,1.71869,8,0.744,0.0,0.418,0.171,0.14,0.725,0.957,1.66182,1.72037,1.72304,84721.4909,31775.5644,2,1.66024,0.815,1.68397,0.291,0.0,0.0,0,0.311,1,0,23692,0.754,0.577,0.386,33.0,24.4,0.159,207.5,0.0,1,1,0.852,1.59509,1,1,0.825,1.54814,-1,58.896,0.5,0.5,0.0,0.0,0.0,0.01,0.0,0.5,0.0,0.493,0.439,0.5,0.607,0.0,0.466,0.0,0,0,0.405,0.549,0.0,0.5,0.107,0.129,0.207,0.0,0.476,0.458,0.0,1.0,0.706
71008,2025.03.25 07:00:00,EURAUDm,MEAN_REVERSION,BUY,1,1.71716,1.71585,1.71826,0.84,0.641,1.71723,1.71806,1.71684,1,0.097,0.106,-0.1649,1.71799,1.72199,1.72494,1.72011,0,0.0,0.55,0,1.71723,0.658,0.124,0,0.0,0.0,0.0,0.0,0.0,0,0,-1,0.82,-0.7467,-0.0183,0.747,0.757,0,0.698,3,0.351,1.71723,1.71673,0.165,0.14,0.0,2,0.15,0,0.698,1.009,3.0,0.336,0.431,1,1.71806,4,0.6,0.67,0.133,0.224,0.053,0.941,0.875,1.66182,1.72037,1.7194,-30589.753,-115311.2439,-2,1.66024,0.816,1.68397,0.291,0.0,0.0,0,0.26,1,0,23698,0.754,0.577,0.386,20.0,23.4,0.122,164.0,0.0,1,1,0.852,1.59509,1,1,0.825,1.54814,-1,74.433,0.5,0.5,0.0,0.0,0.0,0.61,0.0,0.5,0.0,0.64,0.65,0.5,0.566,0.0,0.544,0.0,0,0,0.477,0.684,0.0,0.515,0.143,0.255,0.35,0.0,0.522,0.458,0.0,1.0,0.689
71010,2025.03.25 07:22:20,EURAUDm,SWEEP_REVERSAL,BUY,1,1.71694,1.7153,1.71826,0.81,0.173,1.71723,1.71806,1.71684,0,0.097,0.106,-0.2991,1.71799,1.72199,1.72494,1.72011,0,0.0,0.55,0,1.71723,0.658,0.124,0,0.0,0.0,0.0,0.0,0.0,0,0,-1,0.82,-0.7467,-0.0183,0.747,0.209,0,0.698,3,0.351,1.71723,1.71673,0.299,0.005,0.0,2,0.15,0,0.698,1.256,3.0,0.419,0.46,1,1.71806,4,0.6,0.402,0.297,0.224,0.053,0.941,0.875,1.66182,1.72037,1.7194,-30589.753,-115311.2439,-2,1.66024,0.816,1.68397,0.291,0.0,0.0,0,0.26,1,0,23698,0.754,0.577,0.386,20.0,26.4,0.122,164.0,0.0,1,1,0.852,1.59509,1,1,0.825,1.54814,-1,74.299,0.5,0.5,0.0,0.0,0.0,0.49,0.0,0.5,0.0,0.659,0.429,0.5,0.572,0.0,0.621,0.0,0,0,0.463,0.564,0.0,0.621,0.143,0.273,0.341,0.0,0.502,0.458,0.0,1.0,0.717
71012,2025.03.25 09:22:40,EURAUDm,MEAN_REVERSION,BUY,2,1.71613,1.71488,1.71718,0.84,0.675,1.71698,1.71751,1.71645,0,0.007,0.666,-0.6702,1.71809,1.72333,1.72535,1.72016,0,0.0,0.35,0,1.71698,0.743,0.371,0,0.0,0.0,1.71629,0.0,0.0,0,0,-1,0.8,-1.0,-0.1362,1.0,0.144,0,0.744,0,0.902,1.71706,1.71563,0.718,0.195,0.0,2,0.0,0,0.744,1.285,3.0,0.428,0.557,2,1.71698,8,0.749,0.0,0.257,0.3,0.18,0.865,0.949,1.66144,1.72224,1.72283,18970.4866,49560.2396,2,1.65988,0.828,1.68482,0.293,0.0,0.0,0,0.22,1,0,23700,0.75,0.584,0.386,20.0,23.1,0.1277,156.6,0.0,1,1,0.852,1.59509,1,1,0.825,1.54814,-1,77.271,0.5,0.5,0.0,0.0,0.0,0.24,0.0,0.5,0.0,0.573,0.396,0.5,0.49,0.0,0.584,0.0,0,0,0.443,0.65,0.065,0.57,0.067,0.288,0.191,0.0,0.531,0.458,0.0,1.0,0.787
71014,2025.03.25 09:30:40,EURAUDm,SWEEP_REVERSAL,BUY,2,1.7158,1.71423,1.71718,0.88,0.185,1.71698,1.71751,1.71645,0,0.007,0.666,-0.8808,1.71809,1.72333,1.72535,1.72016,0,0.0,0.35,0,1.71698,0.743,0.371,0,0.0,0.0,1.71629,0.0,0.0,0,0,-1,0.8,-1.0,-0.1362,1.0,0.053,0,0.744,0,0.902,1.71706,1.71563,0.929,0.016,0.0,2,0.0,0,0.744,1.326,3.0,0.442,0.561,2,1.71698,8,0.749,0.0,0.284,0.3,0.18,0.865,0.949,1.66144,1.72224,1.72283,18970.4866,49560.2396,2,1.65988,0.828,1.68482,0.293,0.0,0.0,0,0.22,1,0,23700,0.75,0.584,0.386,20.0,21.6,0.1277,156.6,0.0,1,1,0.852,1.59509,1,1,0.825,1.54814,-1,77.061,0.5,0.5,0.0,0.0,0.0,0.12,0.0,0.5,0.0,0.558,0.498,0.5,0.482,0.0,0.543,0.0,0,0,0.363,0.632,0.0,0.333,0.067,0.379,0.159,0.0,0.541,0.458,0.0,1.0,0.787
71016,2025.03.25 11:22:40,EURAUDm,MEAN_REVERSION,BUY,2,1.71291,1.71149,1.7153,1.68,0.536,1.71681,1.71747,1.71484,0,1.181,0.005,-2.3807,1.71779,1.72313,1.72564,1.71991,0,0.0,0.5,0,1.71681,0.764,0.132,0,0.0,0.0,1.71475,0.0,0.0,0,0,-1,1.0,-1.0,-0.1741,1.0,0.092,2,0.552,2,0.1,1.71497,1.71313,1.344,0.307,0.0,2,0.15,0,0.552,1.309,3.0,0.436,0.351,1,1.71497,2,0.55,0.0,0.333,0.3,0.053,0.567,0.933,1.66144,1.72224,1.72283,18970.4866,49560.2396,2,1.65988,0.828,1.68482,0.293,0.0,0.0,0,0.22,1,0,23702,0.75,0.584,0.386,33.0,27.7,0.1855,177.9,0.0,1,1,0.852,1.59509,1,1,0.825,1.54814,-1,66.244,0.5,0.5,0.0,0.0,0.0,0.52,0.0,0.5,0.0,0.565,0.545,0.5,0.439,0.0,0.353,0.0,0,0,0.3,0.2,0.0,0.238,0.1,0.65,0.144,0.0,0.547,0.458,0.0,1.0,0.661
71018,2025.03.25 11:30:40,EURAUDm,SWEEP_REVERSAL,BUY,2,1.71235,1.71057,1.71517,1.59,0.146,1.71681,1.71747,1.71484,0,1.181,0.005,-2.6225,1.71779,1.72313,1.72564,1.71991,0,0.0,0.5,0,1.71681,0.764,0.132,0,0.0,0.0,1.71475,0.0,0.0,0,0,-1,1.0,-1.0,-0.1741,1.0,0.092,2,0.552,2,0.1,1.71497,1.71313,1.585,0.548,0.0,2,0.15,0,0.552,1.309,3.0,0.436,0.351,1,1.71497,2,0.55,0.0,0.333,0.3,0.053,0.567,0.933,1.66144,1.72224,1.72283,18970.4866,49560.2396,2,1.65988,0.828,1.68482,0.293,0.0,0.0,0,0.22,1,0,23702,0.75,0.584,0.386,20.0,27.0,0.1124,177.9,0.0,1,1,0.852,1.59509,1,1,0.825,1.54814,-1,65.929,0.5,0.5,0.0,0.0,0.0,0.63,0.0,0.5,0.0,0.561,0.527,0.5,0.434,0.0,0.351,0.0,0,0,0.287,0.2,0.0,0.095,0.1,0.656,0.144,0.0,0.547,0.458,0.0,1.0,0.661
71020,2025.03.25 13:00:00,EURAUDm,ANCHORED_PULLBACK,BUY,4,1.71299,1.7119,1.71496,1.8,0.683,1.71221,1.71496,1.71148,1,0.099,0.249,0.2727,1.71775,1.72279,1.72552,1.7185,0,0.0,0.6,2,1.71249,0.757,0.201,0,0.0,0.0,1.7124,0.0,0.0,0,0,-1,1.0,-1.0,-0.3828,1.0,0.37,1,0.18,3,0.684,1.71221,1.71322,0.273,0.336,0.0,2,0.45,3,1.0,1.784,3.0,0.595,0.577,2,1.71148,5,0.6,0.455,0.369,0.7,0.157,0.805,0.927,1.66262,1.72134,1.72283,45856.3662,26885.8796,2,1.66099,0.815,1.68546,0.291,0.0,0.0,0,0.097,1,0,23704,0.75,0.584,0.386,33.0,20.1,0.1978,166.9,0.0,1,1,0.852,1.59509,1,1,0.825,1.54814,-1,70.659,0.5,0.5,0.0,0.0,0.0,0.0,0.0,0.5,0.0,0.714,0.502,0.5,0.452,0.0,0.299,0.0,0,0,0.257,0.545,0.0,0.514,0.1,0.967,0.538,0.0,0.451,0.458,0.0,1.0,0.582
71022,2025.03.25 13:22:59,EURAUDm,MEAN_REVERSION,BUY,4,1.71206,1.71151,1.7127,1.16,0.527,1.71221,1.71496,1.71148,1,0.099,0.249,-0.2068,1.71775,1.72279,1.72552,1.7185,0,0.0,0.6,2,1.71249,0.757,0.201,0,0.0,0.0,1.7124,0.0,0.0,0,0,-1,1.0,-1.0,-0.3828,1.0,0.494,2,0.48,3,0.684,1.71221,1.71163,0.207,0.141,0.0,2,0.15,0,0.48,1.128,3.0,0.376,0.415,1,1.71249,8,0.751,0.586,0.212,0.3,0.053,0.805,0.915,1.66262,1.72134,1.72283,45856.3662,26885.8796,2,1.66099,0.815,1.68546,0.291,0.0,0.0,0,0.097,1,0,23704,0.75,0.584,0.386,20.0,20.0,0.1199,166.9,0.0,1,1,0.852,1.59509,1,1,0.825,1.54814,-1,70.102,0.5,0.5,0.0,0.0,0.0,0.07,0.0,0.5,0.0,0.899,0.411,0.5,0.504,0.0,0.345,0.0,0,0,0.343,0.576,0.0,0.475,0.1,0.406,0.294,0.0,0.532,0.458,0.0,1.0,0.647
71024,2025.03.25 19:55:40,EURAUDm,MEAN_REVERSION,BUY,3,1.71322,1.71176,1.71442,0.82,0.586,1.71422,1.7146,1.71324,0,0.016,1.01,-0.6583,1.71785,1.72193,1.7255,1.71757,0,0.0,0.45,0,1.71422,0.654,0.81,0,0.0,0.0,0.0,0.0,0.0,0,0,-1,0.8,-1.0,-0.0607,1.0,0.316,2,0.627,2,0.069,1.71399,1.71218,0.534,0.46,0.0,2,0.0,0,0.627,1.208,3.0,0.403,0.417,1,1.71422,8,0.731,0.0,0.205,0.3,0.0,0.889,0.964,1.66222,1.72004,1.72283,87721.5462,41865.1799,2,1.66061,0.823,1.6847,0.298,0.0,0.0,0,0.119,1,0,23710,0.753,0.584,0.391,20.0,21.6,0.1097,182.4,0.0,1,1,0.852,1.59509,1,1,0.825,1.54814,-1,64.779,0.5,0.5,0.0,0.0,0.0,0.12,0.0,0.5,0.0,0.538,0.344,0.5,0.526,0.0,0.521,0.0,0,0,0.46,0.676,0.0,0.238,0.067,0.379,0.221,0.0,0.508,0.458,0.0,1.0,0.787
71026,2025.03.25 20:40:40,EURAUDm,SWEEP_REVERSAL,BUY,3,1.71298,1.71117,1.71452,0.85,0.294,1.71419,1.71446,1.71358,0,0.346,0.141,-0.8491,1.71262,1.72351,1.7255,1.71757,0,0.0,0.4,0,1.71419,0.686,0.525,0,0.0,0.0,1.71362,0.0,0.0,0,0,-1,0.675,0.51,0.0561,0.51,0.032,0,0.764,0,0.506,1.7138,1.71286,0.636,0.119,0.0,2,0.4,0,0.764,1.336,3.0,0.445,0.454,1,1.71419,8,0.737,0.0,0.45,0.153,0.241,0.832,0.938,1.66144,1.72224,1.72283,18953.0224,-68768.5238,1,1.65988,0.832,1.68482,0.298,0.0,0.0,0,0.156,1,0,23711,0.753,0.584,0.391,33.0,26.1,0.1825,180.8,0.0,1,1,0.852,1.59509,1,1,0.825,1.54814,-1,65.21,1.0,0.0,0.0,1.0,0.0,0.02,0.0,0.5,0.0,1.0,0.581,0.5,0.551,0.0,0.342,0.0,0,0,0.351,0.409,0.0,0.505,0.1,0.245,0.151,0.0,0.533,0.458,0.0,1.0,0.838
71028,2025.03.25 20:58:40,EURAUDm,TREND_CONTINUATION,BUY,3,1.71208,1.70991,1.71452,1.12,0.426,1.71419,1.71446,1.71358,0,0.346,0.141,-1.3469,1.71262,1.72351,1.7255,1.71757,0,0.0,0.4,0,1.71419,0.686,0.525,0,0.0,0.0,1.71362,0.0,0.0,0,0,-1,0.675,0.51,0.0561,0.51,0.032,0,0.764,0,0.506,1.7138,1.71286,1.134,0.617,0.0,2,0.4,0,0.764,1.336,3.0,0.445,0.454,1,1.71419,8,0.737,0.0,0.45,0.153,0.241,0.832,0.938,1.66144,1.72224,1.72283,18953.0224,-68768.5238,1,1.65988,0.832,1.68482,0.298,0.0,0.0,0,0.156,1,0,23711,0.753,0.584,0.391,33.0,33.0,0.1825,180.8,0.0,1,1,0.852,1.59509,1,1,0.825,1.54814,-1,64.712,1.0,0.0,0.0,1.0,0.0,0.0,0.0,0.5,0.0,1.0,0.196,0.5,0.53,0.0,0.287,0.0,0,0,0.456,0.409,0.0,0.505,0.1,0.275,0.122,0.0,0.533,0.458,0.0,1.0,0.838
71030,2025.03.25 21:04:40,EURAUDm,PULLBACK,BUY,3,1.71208,1.70934,1.71489,1.03,0.38,1.71417,1.71458,1.71344,0,1.044,0.021,-1.5409,1.71262,1.72351,1.7255,1.71678,0,0.0,0.35,0,1.71417,0.691,0.414,0,0.0,0.0,1.71262,0.0,0.0,0,0,-1,0.75,0.545,0.0992,0.545,0.045,0,0.768,3,0.435,1.71377,1.71207,1.319,0.386,0.0,2,0.4,0,0.768,1.33,3.0,0.443,0.424,1,1.71417,8,0.738,0.0,0.447,0.164,0.14,0.657,0.949,1.66144,1.72224,1.72283,18953.0224,-68768.5238,1,1.65988,0.832,1.68482,0.298,0.0,0.0,0,0.156,1,0,23712,0.753,0.584,0.391,72.0,42.6,0.3947,182.4,0.0,1,1,0.852,1.59509,1,1,0.825,1.54814,-1,64.129,1.0,0.0,0.0,1.0,0.0,0.06,0.0,0.5,0.0,0.777,0.142,0.5,0.521,0.0,0.29,0.0,0,0,0.487,0.281,0.0,0.501,0.1,0.333,0.123,0.0,0.519,0.458,0.0,1.0,0.78
71032,2025.03.25 21:55:40,EURAUDm,MEAN_REVERSION,BUY,3,1.71279,1.71133,1.71537,1.77,0.685,1.71417,1.71458,1.71344,0,1.044,0.021,-1.4148,1.71262,1.72351,1.7255,1.71678,0,0.0,0.35,0,1.71417,0.691,0.414,0,0.0,0.0,1.71262,0.0,0.0,0,0,-1,0.75,0.545,0.0992,0.545,0.045,0,0.768,3,0.435,1.71377,1.71207,1.193,0.26,0.0,2,0.4,0,0.768,1.33,3.0,0.443,0.424,1,1.71417,8,0.738,0.0,0.447,0.164,0.14,0.657,0.949,1.66144,1.72224,1.72283,18953.0224,-68768.5238,1,1.65988,0.832,1.68482,0.298,0.0,0.0,0,0.156,1,0,23712,0.753,0.584,0.391,120.0,231.9,0.6578,182.4,0.0,1,1,0.852,1.59509,1,1,0.825,1.54814,-1,64.518,1.0,0.0,0.0,1.0,0.0,0.99,0.0,0.5,0.0,1.0,0.614,0.5,0.521,0.0,0.281,0.0,0,0,0.337,0.281,0.657,0.501,0.1,0.363,0.123,0.0,0.519,0.458,0.0,1.0,0.78
71034,2025.03.25 22:40:40,EURAUDm,SWEEP_REVERSAL,BUY,1,1.71252,1.7107,1.71432,0.99,0.279,1.7138,1.71479,1.71259,0,1.222,0.011,-0.9906,1.71281,1.72332,1.72541,1.71707,0,0.0,0.5,0,1.7138,0.762,0.231,0,0.0,0.0,1.71086,0.0,0.0,0,0,-1,0.825,0.58,0.0654,0.58,0.071,0,0.758,3,0.83,1.71369,1.71171,0.93,0.16,0.0,2,0.4,0,0.758,1.318,3.0,0.439,0.495,1,1.7138,8,0.752,0.0,0.439,0.174,0.14,0.862,0.85,1.66144,1.72224,1.72283,18953.0224,-68768.5238,1,1.65988,0.832,1.68482,0.298,0.0,0.0,0,0.156,1,0,23713,0.753,0.584,0.391,52.0,52.0,0.2862,181.7,0.0,1,1,0.852,1.59509,1,1,0.825,1.54814,-1,64.623,1.0,0.0,0.0,1.0,0.0,0.96,0.0,0.5,0.0,1.0,0.679,0.5,0.525,0.0,0.548,0.0,0,0,0.484,0.228,0.0,0.4,0.1,0.566,0.178,0.0,0.494,0.458,0.0,1.0,0.78
71036,2025.03.25 22:58:40,EURAUDm,TREND_CONTINUATION,BUY,1,1.71197,1.70979,1.71432,1.08,0.497,1.7138,1.71479,1.71259,0,1.222,0.011,-1.2932,1.71281,1.72332,1.72541,1.71707,0,0.0,0.5,0,1.7138,0.762,0.231,0,0.0,0.0,1.71086,0.0,0.0,0,0,-1,0.825,0.58,0.0654,0.58,0.143,0,0.758,3,0.83,1.71369,1.71171,1.233,0.143,0.0,2,0.4,0,0.758,1.286,3.0,0.429,0.491,1,1.7138,8,0.752,0.0,0.417,0.174,0.14,0.862,0.85,1.66144,1.72224,1.72283,18953.0224,-68768.5238,1,1.65988,0.832,1.68482,0.298,0.0,0.0,0,0.156,1,0,23713,0.753,0.584,0.391,52.0,52.0,0.2862,181.7,0.0,1,1,0.852,1.59509,1,1,0.825,1.54814,-1,64.321,1.0,0.0,0.0,1.0,0.0,0.07,0.0,0.5,0.0,1.0,0.515,0.5,0.485,0.0,0.303,0.0,0,0,0.276,0.356,0.0,0.45,0.1,0.566,0.568,0.0,0.513,0.458,0.0,1.0,0.78
71038,2025.03.25 23:55:40,EURAUDm,MEAN_REVERSION,BUY,1,1.71065,1.7092,1.71194,0.89,0.687,1.71278,1.71455,1.71143,0,0.133,0.096,-1.2864,1.71279,1.72332,1.72541,1.71707,0,0.0,0.75,0,1.71382,0.763,0.447,0,0.0,0.0,0.0,0.0,0.0,0,0,-1,0.394,-0.4975,-0.0266,0.497,0.244,0,0.724,3,0.422,1.71174,1.71049,0.713,0.024,0.0,2,0.15,0,0.724,1.24,3.0,0.413,0.473,1,1.71174,2,0.55,0.0,0.287,0.149,0.053,0.936,0.824,1.66144,1.72224,1.72283,18953.0224,-68768.5238,1,1.65988,0.832,1.68482,0.298,0.0,0.0,0,0.156,1,0,23714,0.753,0.584,0.391,20.0,25.5,0.1103,181.3,0.0,1,1,0.852,1.59509,1,1,0.825,1.54814,-1,63.745,1.0,0.0,0.0,1.0,0.0,0.44,0.0,0.5,0.0,1.0,0.32,0.5,0.574,0.0,0.396,0.0,0,0,0.438,0.514,0.0,0.242,0.1,0.448,0.126,0.0,0.513,0.458,0.0,1.0,0.706
71040,2025.03.26 02:00:00,EURAUDm,BREAKOUT_RETEST,BUY,1,1.71282,1.71163,1.71518,1.98,0.797,1.71163,1.71339,1.71019,1,0.141,1.402,0.4895,1.71257,1.72328,1.72539,1.7161,0,0.0,0.5,0,1.71291,0.716,0.0,1,0.0,0.0,1.71336,0.0,0.0,0,0,-1,0.9,-0.615,-0.1654,0.615,0.386,2,0.524,0,0.524,1.71307,1.71578,0.22,1.559,0.813,0,0.25,2,1.0,1.626,3.0,0.542,0.571,2,1.71163,1,0.7,0.56,0.284,0.885,0.192,0.827,0.97,1.66262,1.72134,1.71954,-55829.1753,-74782.1977,-2,1.66099,0.825,1.68546,0.294,0.0,0.0,0,0.073,1,0,23717,0.753,0.584,0.391,20.0,24.7,0.0987,202.7,0.0,1,1,0.852,1.59509,1,1,0.825,1.54814,-1,58.077,0.5,0.5,0.0,0.0,0.0,0.44,0.0,0.5,0.0,0.48,0.489,0.5,0.484,0.0,0.82,0.0,0,0,0.48,0.674,0.0,0.421,0.067,0.994,0.35,0.0,0.442,0.458,0.0,1.0,0.781
71042,2025.03.26 03:00:00,EURAUDm,SWEEP_REVERSAL,BUY,1,1.71137,1.70925,1.71311,0.82,0.151,1.71291,1.71498,1.71147,0,0.065,2.022,-0.8179,1.71257,1.72328,1.72539,1.7161,0,0.0,0.55,0,1.71291,0.761,0.741,0,0.0,0.0,1.71245,0.0,0.0,0,0,-1,0.65,-0.825,-0.1244,0.825,0.726,0,0.652,0,0.773,1.71131,1.71578,0.065,2.173,0.0,2,0.0,0,0.652,1.023,3.0,0.341,0.451,1,1.71291,8,0.752,0.87,0.082,0.247,0.155,0.573,0.966,1.66262,1.72134,1.71954,-55829.1753,-74782.1977,-2,1.66099,0.825,1.68546,0.294,0.0,0.0,0,0.073,1,0,23718,0.753,0.584,0.391,20.0,20.0,0.0942,212.2,0.0,1,1,0.852,1.59509,1,1,0.825,1.54814,-1,54.794,0.5,0.5,0.0,0.0,0.0,0.05,0.0,0.5,0.0,0.647,0.463,0.5,0.52,0.0,0.365,0.0,0,0,0.324,0.709,0.0,0.342,0.048,0.98,0.238,0.0,0.516,0.458,0.0,1.0,0.83
71044,2025.03.26 03:56:40,EURAUDm,MEAN_REVERSION,BUY,1,1.71007,1.70837,1.71151,0.85,0.628,1.71291,1.71498,1.71147,0,0.065,2.022,-1.4305,1.71257,1.72328,1.72539,1.7161,0,0.0,0.55,0,1.71291,0.761,0.741,0,0.0,0.0,1.71245,0.0,0.0,0,0,-1,0.65,-0.825,-0.1244,0.825,0.292,0,0.652,0,0.773,1.71131,1.71578,0.678,2.786,0.0,2,0.0,0,0.652,1.219,3.0,0.406,0.473,1,1.71131,2,0.55,0.0,0.212,0.247,0.155,0.573,0.966,1.66262,1.72134,1.71954,-55829.1753,-74782.1977,-2,1.66099,0.825,1.68546,0.294,0.0,0.0,0,0.073,1,0,23718,0.753,0.584,0.391,20.0,20.0,0.0942,212.2,0.0,1,1,0.852,1.59509,1,1,0.825,1.54814,-1,54.181,0.5,0.5,0.0,0.0,0.0,0.53,0.0,0.5,0.0,0.743,0.499,0.5,0.538,0.0,0.364,0.0,0,0,0.308,0.606,0.0,0.38,0.048,0.833,0.135,0.0,0.515,0.458,0.0,1.0,0.787
71046,2025.03.26 05:01:40,EURAUDm,SWEEP_REVERSAL,BUY,1,1.70953,1.70741,1.71293,1.61,0.148,1.71273,1.71537,1.7101,0,0.504,1.459,-1.6055,1.71253,1.72383,1.72615,1.71592,0,0.0,0.65,0,1.71273,0.734,0.509,0,0.0,0.0,0.0,0.0,0.0,0,0,-1,1.0,-0.895,-0.1323,0.895,0.467,2,0.614,0,0.703,1.7099,1.71192,0.268,1.223,0.0,2,0.0,0,0.614,1.14,3.0,0.38,0.451,1,1.71273,8,0.747,0.464,0.16,0.269,0.141,0.611,0.941,1.66265,1.72,1.71955,-12962.893,42866.2822,-1,1.66091,0.814,1.68524,0.298,0.0,0.0,0,0.077,1,0,23720,0.763,0.581,0.403,20.0,20.0,0.0944,211.9,0.0,1,1,0.852,1.59509,1,1,0.825,1.54814,0,53.999,1.0,0.0,0.0,1.0,0.5,0.99,0.0,0.5,0.0,0.788,0.496,0.5,0.555,0.0,0.322,0.0,0,0,0.298,0.526,0.0,0.143,0.1,0.948,0.173,0.0,0.503,0.458,0.0,1.0,0.731
71048,2025.03.26 05:56:40,EURAUDm,MEAN_REVERSION,BUY,1,1.70845,1.70675,1.7101,0.97,0.601,1.71273,1.71537,1.7101,0,0.504,1.459,-2.1151,1.71253,1.72383,1.72615,1.71592,0,0.0,0.65,0,1.71273,0.734,0.509,0,0.0,0.0,0.0,0.0,0.0,0,0,-1,1.0,-0.895,-0.1323,0.895,0.418,2,0.614,0,0.703,1.7099,1.71192,0.777,1.733,0.0,2,0.0,0,0.614,1.162,3.0,0.387,0.453,1,1.7099,2,0.55,0.0,0.175,0.269,0.141,0.611,0.941,1.66265,1.72,1.71955,-12962.893,42866.2822,-1,1.66091,0.814,1.68524,0.298,0.0,0.0,0,0.077,1,0,23720,0.763,0.581,0.403,20.0,20.0,0.0944,211.9,0.0,1,1,0.852,1.59509,1,1,0.825,1.54814,0,53.49,1.0,0.0,0.0,1.0,0.5,0.87,0.0,0.5,0.0,0.507,0.492,0.5,0.57,0.0,0.389,0.0,0,0,0.332,0.514,0.0,0.143,0.1,0.689,0.139,0.0,0.507,0.458,0.0,1.0,0.731
71050,2025.03.26 07:01:40,EURAUDm,SWEEP_REVERSAL,BUY,1,1.70733,1.70528,1.71024,1.42,0.205,1.70741,1.70991,1.70706,0,0.128,0.104,-0.2017,1.71327,1.72349,1.72503,1.71375,0,0.0,0.6,2,1.70741,0.783,0.324,0,0.0,0.0,0.0,0.0,0.0,0,0,-1,1.0,-0.965,-0.2088,0.965,0.247,2,0.503,0,0.666,1.70741,1.70682,0.202,0.089,0.0,2,0.15,0,0.503,1.239,3.0,0.413,0.456,1,1.70991,4,0.6,0.597,0.286,0.29,0.186,1.0,0.802,1.66265,1.72,1.71955,-12962.893,42866.2822,-1,1.66091,0.814,1.68524,0.298,0.0,0.0,0,0.077,1,0,23722,0.763,0.581,0.403,33.0,23.8,0.1612,204.7,0.0,1,1,0.852,1.59509,1,1,0.825,1.54814,0,54.828,1.0,0.0,0.0,1.0,0.5,0.19,0.0,0.5,0.0,0.794,0.485,0.5,0.537,0.0,0.446,0.0,0,0,0.349,0.441,0.0,0.285,0.205,0.575,0.327,0.0,0.527,0.458,0.0,1.0,0.717
71052,2025.03.26 07:59:40,EURAUDm,MEAN_REVERSION,BUY,1,1.70716,1.70552,1.71011,1.8,0.551,1.70741,1.70991,1.70706,0,0.128,0.104,-0.2213,1.71327,1.72349,1.72503,1.71375,0,0.0,0.6,2,1.70741,0.783,0.324,0,0.0,0.0,0.0,0.0,0.0,0,0,-1,1.0,-0.965,-0.2088,0.965,0.247,2,0.503,0,0.666,1.70741,1.70682,0.221,0.069,0.0,2,0.15,0,0.503,1.239,3.0,0.413,0.456,1,1.70991,4,0.6,0.557,0.286,0.29,0.186,1.0,0.802,1.66265,1.72,1.71955,-12962.893,42866.2822,-1,1.66091,0.814,1.68524,0.298,0.0,0.0,0,0.077,1,0,23722,0.763,0.581,0.403,20.0,20.0,0.0977,204.7,0.0,1,1,0.852,1.59509,1,1,0.825,1.54814,0,54.745,1.0,0.0,0.0,1.0,0.5,0.99,0.0,0.5,0.0,0.935,0.515,0.5,0.523,0.0,0.476,0.0,0,0,0.356,0.441,0.0,0.285,0.205,0.578,0.33,0.0,0.527,0.458,0.0,1.0,0.717
71054,2025.03.26 09:38:40,EURAUDm,SWEEP_REVERSAL,BUY,2,1.7066,1.7045,1.70834,0.83,0.246,1.70814,1.70876,1.70663,0,0.033,0.371,-0.8283,1.71312,1.72338,1.72496,1.71333,0,0.0,0.6,0,1.70814,0.754,0.595,0,0.0,0.0,0.0,0.0,0.0,0,0,-1,0.8,-0.825,-0.319,0.825,0.51,2,0.646,0,0.712,1.70672,1.70601,0.152,0.186,0.0,2,0.25,0,0.646,1.121,3.0,0.374,0.454,1,1.70814,8,0.751,0.696,0.247,0.247,0.23,0.883,0.808,1.65817,1.72107,1.72286,50388.6376,63351.5306,2,1.65997,0.826,1.68513,0.301,0.0,0.0,0,0.11,1,0,23724,0.763,0.581,0.403,20.0,20.8,0.0953,209.9,0.0,1,1,0.852,1.59509,1,1,0.825,1.54814,0,53.118,0.5,0.5,0.0,0.0,0.5,0.06,0.0,0.5,0.0,0.814,0.347,0.5,0.535,0.0,0.349,0.0,0,0,0.392,0.688,0.0,0.244,0.19,0.289,0.194,0.0,0.518,0.458,0.0,1.0,0.717
71056,2025.03.26 09:59:40,EURAUDm,MEAN_REVERSION,BUY,2,1.70734,1.70662,1.70834,1.39,0.62,1.70814,1.70876,1.70663,1,0.033,0.371,-0.4758,1.71312,1.72338,1.72496,1.71333,0,0.0,0.6,0,1.70814,0.754,0.595,0,0.0,0.0,0.0,0.0,0.0,0,0,-1,0.8,-0.825,-0.319,0.825,0.52,2,0.646,0,0.712,1.70672,1.70601,0.201,0.539,0.0,2,0.25,0,0.646,1.116,3.0,0.372,0.454,1,1.70814,8,0.751,0.599,0.244,0.247,0.23,0.883,0.808,1.65817,1.72107,1.72286,50388.6376,63351.5306,2,1.65997,0.826,1.68513,0.301,0.0,0.0,0,0.11,1,0,23724,0.763,0.581,0.403,20.0,20.0,0.0953,209.9,0.0,1,1,0.852,1.59509,1,1,0.825,1.54814,0,53.471,0.5,0.5,0.0,0.0,0.5,0.99,0.0,0.5,0.0,0.713,0.622,0.5,0.519,0.0,0.3,0.0,0,0,0.349,0.711,0.0,0.146,0.172,0.406,0.312,0.0,0.518,0.458,0.0,1.0,0.647
71057,2025.03.26 10:00:00,EURAUDm,ANCHORED_PULLBACK,BUY,2,1.70734,1.70711,1.70842,4.76,0.378,1.70741,1.70776,1.70606,1,0.124,0.322,-0.1239,1.71312,1.72338,1.72496,1.71333,0,0.0,0.6,0,1.7067,0.712,0.495,0,0.0,0.0,1.70627,0.0,0.0,0,0,-1,0.8,-0.825,-0.3008,0.825,0.641,2,0.418,0,0.532,1.70741,1.70783,0.124,0.322,-0.2015,1,0.55,5,1.0,0.762,3.0,0.254,0.448,1,1.70606,5,0.6,0.752,0.628,0.247,0.599,1.0,0.569,1.65817,1.72107,1.72286,50388.6376,63351.5306,2,1.65997,0.826,1.68513,0.301,0.0,0.0,0,0.11,1,0,23725,0.763,0.581,0.403,20.0,20.0,0.0933,214.4,0.0,1,1,0.852,1.59509,1,1,0.825,1.54814,0,52.348,0.5,0.5,0.0,0.0,0.5,0.98,0.0,0.5,0.0,0.843,0.665,0.5,0.482,0.0,0.284,0.0,0,0,0.357,0.629,0.0,0.387,0.108,0.24,0.35,0.0,0.467,0.458,0.0,1.0,0.443
71060,2025.03.26 12:00:00,EURAUDm,ANCHORED_PULLBACK,BUY,2,1.70748,1.70714,1.7084,2.7,0.37,1.70636,1.70856,1.70608,1,0.016,0.567,0.4003,1.71338,1.7232,1.72597,1.71268,0,0.0,0.65,0,1.70636,0.722,0.333,0,0.0,0.0,1.70625,0.0,0.0,0,0,-1,0.8,-1.0,-0.2937,1.0,0.934,2,0.517,0,0.632,1.70732,1.7077,0.016,0.183,0.0,2,0.0,0,0.517,0.929,3.0,0.31,0.44,1,1.70636,8,0.744,0.967,0.02,0.3,0.126,0.982,0.512,1.66222,1.72254,1.72191,-17194.1378,-67582.7754,-2,1.66039,0.826,1.68415,0.303,0.0,0.0,0,0.095,1,0,23727,0.763,0.581,0.403,20.0,22.3,0.0873,229.2,0.0,1,1,0.852,1.59509,1,1,0.825,1.54814,0,49.033,0.5,0.5,0.0,0.0,0.5,0.77,0.0,0.5,0.0,0.335,0.555,0.5,0.548,0.0,0.363,0.0,0,0,0.343,0.883,0.0,0.171,0.161,0.454,0.35,0.0,0.523,0.458,0.0,1.0,0.759
0,2025.03.26 14:00:00,EURAUDm,ANCHORED_PULLBACK,BUY,4,1.7087,1.7086,1.71,13.3,0.424,1.70721,1.70821,1.7062,0,0.237,0.009,0.5423,1.70755,1.7232,1.72486,1.71158,0,0.0,0.55,0,1.70721,0.783,0.532,0,0.0,0.0,1.70769,0.0,0.0,0,0,-1,1.0,-1.0,-0.0827,1.0,0.123,0,0.73,3,0.408,1.70784,1.70839,0.276,0.047,-0.0762,1,0.15,1,0.829,0.844,3.0,0.281,0.44,1,1.70721,8,0.757,0.449,0.623,0.3,0.053,0.849,0.804,1.66222,1.72254,1.72191,-17194.1378,-67582.7754,-2,1.66039,0.826,1.68415,0.303,0.0,0.0,0,0.095,1,0,23729,0.763,0.581,0.403,20.0,20.8,0.0838,238.8,0.0,1,1,0.852,1.59509,1,1,0.825,1.54814,0,47.578,0.5,0.5,0.0,0.0,0.5,0.99,0.0,0.5,0.0,0.612,0.694,0.5,0.396,0.0,0.364,0.0,0,0,0.381,0.464,0.0,0.388,0.158,0.307,0.565,0.0,0.47,0.458,0.0,1.0,0.607
71062,2025.03.26 15:00:00,EURAUDm,BREAKOUT,BUY,4,1.7097,1.70798,1.71543,3.33,0.643,1.70801,1.70871,1.70562,0,0.65,0.282,0.6504,1.70755,1.7232,1.72486,1.71158,0,0.0,0.55,0,1.70801,0.754,0.322,0,0.0,0.0,1.71006,0.0,0.0,0,0,-1,0.802,-0.7343,-0.0168,0.734,0.244,2,0.393,0,0.604,1.70759,1.70885,0.834,0.282,0.4755,0,0.15,2,1.0,1.69,3.0,0.563,0.611,2,1.70801,8,0.751,0.0,0.287,0.92,0.173,0.889,0.875,1.66222,1.72254,1.72191,-17194.1378,-67582.7754,-2,1.66039,0.826,1.68415,0.303,0.0,0.0,0,0.095,1,0,23730,0.779,0.568,0.409,20.0,20.0,0.0873,229.0,0.0,1,1,0.852,1.59509,1,1,0.825,1.54814,0,50.048,0.5,0.5,0.0,0.0,0.5,0.16,0.0,0.5,0.0,0.874,0.388,0.5,0.459,0.0,0.474,0.0,0,0,0.394,0.419,0.0,0.481,0.215,0.968,0.35,0.0,0.47,0.458,0.0,1.0,0.697
71064,2025.03.26 16:00:00,EURAUDm,ANCHORED_PULLBACK,BUY,4,1.70993,1.70937,1.71411,7.51,0.342,1.70796,1.70937,1.70676,0,0.709,0.113,0.8084,1.70755,1.72351,1.72511,1.7113,0,0.0,0.6,0,1.70796,0.735,0.331,0,0.0,0.0,1.7087,0.0,0.0,0,0,-1,0.675,0.685,0.1027,0.685,0.336,0,0.729,0,0.454,1.70785,1.70959,0.858,0.063,-0.2198,1,0.15,1,1.0,0.749,3.0,0.25,0.474,1,1.70796,8,0.747,0.0,0.559,0.206,0.143,0.816,0.675,1.66127,1.71996,1.72319,86851.0169,104045.1547,2,1.65938,0.791,1.68399,0.306,0.0,0.0,0,0.121,1,0,23731,0.779,0.568,0.409,20.0,21.6,0.0914,218.8,0.0,1,1,0.852,1.59509,1,1,0.825,1.54814,0,52.49,0.5,0.5,0.0,0.0,0.5,0.71,0.0,0.5,0.0,0.4,0.553,0.5,0.367,0.0,0.302,0.0,0,0,0.263,0.413,0.0,0.463,0.161,0.373,0.35,0.0,0.471,0.458,0.0,1.0,0.662
71066,2025.03.26 17:00:00,EURAUDm,BREAKOUT,BUY,3,1.71141,1.7082,1.71676,1.67,0.63,1.71077,1.71117,1.70794,0,0.206,0.045,0.2062,1.70755,1.72362,1.72513,1.712,0,0.0,0.6,2,1.70996,0.766,0.591,0,0.0,0.0,0.0,0.0,0.0,0,0,-1,0.75,0.72,0.1887,0.72,0.4,1,0.243,0,0.612,1.71077,1.71144,0.206,0.108,0.2887,0,0.15,2,1.0,1.62,3.0,0.54,0.618,2,1.70996,8,0.753,0.588,0.24,0.916,0.175,1.0,0.737,1.66127,1.71996,1.72319,86851.0169,104045.1547,2,1.65938,0.791,1.68399,0.306,0.0,0.0,0,0.121,1,0,23732,0.779,0.568,0.409,20.0,20.0,0.0934,214.1,0.0,1,1,0.852,1.59509,1,1,0.825,1.54814,0,54.337,0.5,0.5,0.0,0.0,0.5,0.71,0.0,0.5,0.0,0.9,0.539,0.5,0.484,0.0,0.406,0.0,0,0,0.331,0.371,0.0,0.517,0.187,1.0,0.35,0.0,0.467,0.458,0.0,1.0,0.915
71068,2025.03.26 17:12:40,EURAUDm,PULLBACK,BUY,3,1.71134,1.70813,1.71776,2.0,0.547,1.71077,1.71117,1.70794,1,0.206,0.045,0.1735,1.70755,1.72362,1.72513,1.712,0,0.0,0.6,2,1.70996,0.766,0.591,0,0.0,0.0,0.0,0.0,0.0,0,0,-1,0.75,0.72,0.1887,0.72,0.805,2,0.543,0,0.612,1.71077,1.71144,0.174,0.141,0.0,2,0.15,0,0.543,0.988,3.0,0.329,0.43,1,1.70996,8,0.753,0.653,0.118,0.216,0.175,1.0,0.737,1.66127,1.71996,1.72319,86851.0169,104045.1547,2,1.65938,0.791,1.68399,0.306,0.0,0.0,0,0.121,1,0,23732,0.779,0.568,0.409,20.0,20.0,0.0934,214.1,0.0,1,1,0.852,1.59509,1,1,0.825,1.54814,0,54.304,0.5,0.5,0.0,0.0,0.5,0.23,0.0,0.5,0.0,0.905,0.582,0.5,0.526,0.0,0.382,0.0,0,0,0.36,0.568,0.0,0.304,0.142,0.684,0.35,0.0,0.538,0.458,0.0,1.0,0.846
71069,2025.03.26 17:12:59,EURAUDm,TREND_CONTINUATION,BUY,3,1.71134,1.70877,1.71669,2.08,0.467,1.71077,1.71117,1.70794,1,0.206,0.045,0.1735,1.70755,1.72362,1.72513,1.712,0,0.0,0.6,2,1.70996,0.766,0.591,0,0.0,0.0,0.0,0.0,0.0,0,0,-1,0.75,0.72,0.1887,0.72,0.805,2,0.543,0,0.612,1.71077,1.71144,0.174,0.141,0.0,2,0.15,0,0.543,0.988,3.0,0.329,0.43,1,1.70996,8,0.753,0.653,0.118,0.216,0.175,1.0,0.737,1.66127,1.71996,1.72319,86851.0169,104045.1547,2,1.65938,0.791,1.68399,0.306,0.0,0.0,0,0.121,1,0,23732,0.779,0.568,0.409,20.0,20.0,0.0934,214.1,0.0,1,1,0.852,1.59509,1,1,0.825,1.54814,0,54.304,0.5,0.5,0.0,0.0,0.5,0.22,0.0,0.5,0.0,0.905,0.573,0.5,0.526,0.0,0.382,0.0,0,0,0.354,0.568,0.0,0.304,0.142,0.684,0.35,0.0,0.538,0.458,0.0,1.0,0.846
71072,2025.03.26 18:00:00,EURAUDm,BREAKOUT_RETEST,BUY,3,1.70986,1.70858,1.71222,1.85,0.438,1.70974,1.71088,1.70861,1,0.038,0.614,-0.0376,1.70755,1.72362,1.72513,1.71099,0,0.0,0.55,0,1.70974,0.759,0.65,0,0.0,0.0,0.0,0.0,0.0,0,0,-1,0.55,0.755,0.2296,0.755,1.0,0,0.764,0,0.692,1.70954,1.70798,0.056,0.754,0.0,2,0.0,0,0.764,0.9,3.0,0.3,0.499,1,1.70861,5,0.6,0.889,0.0,0.226,0.138,0.931,0.755,1.66127,1.71996,1.72319,86851.0169,104045.1547,2,1.65938,0.791,1.68399,0.306,0.0,0.0,0,0.121,1,0,23733,0.779,0.568,0.409,20.0,21.0,0.0899,222.4,0.0,1,1,0.852,1.59509,1,1,0.825,1.54814,0,51.615,0.5,0.5,0.0,0.0,0.5,0.77,0.0,0.5,0.0,0.579,0.483,0.5,0.495,0.0,0.366,0.0,0,0,0.305,0.731,0.0,0.428,0.14,0.482,0.35,0.0,0.52,0.458,0.0,1.0,0.764
71074,2025.03.26 18:11:59,EURAUDm,MEAN_REVERSION,BUY,3,1.70929,1.70858,1.71108,2.53,0.692,1.70974,1.71088,1.70861,1,0.038,0.614,-0.2939,1.70755,1.72362,1.72513,1.71099,0,0.0,0.55,0,1.70974,0.759,0.65,0,0.0,0.0,0.0,0.0,0.0,0,0,-1,0.55,0.755,0.2296,0.755,0.696,0,0.764,0,0.692,1.70954,1.70798,0.201,0.497,0.0,2,0.0,0,0.764,1.037,3.0,0.346,0.515,2,1.71088,4,0.6,0.598,0.091,0.226,0.138,0.931,0.755,1.66127,1.71996,1.72319,86851.0169,104045.1547,2,1.65938,0.791,1.68399,0.306,0.0,0.0,0,0.121,1,0,23733,0.779,0.568,0.409,20.0,20.0,0.0899,222.4,0.0,1,1,0.852,1.59509,1,1,0.825,1.54814,0,51.359,0.5,0.5,0.0,0.0,0.5,0.04,0.0,0.5,0.0,0.774,0.435,0.5,0.501,0.0,0.334,0.0,0,0,0.323,0.716,0.0,0.299,0.1,0.482,0.35,0.0,0.505,0.458,0.0,1.0,0.834
71076,2025.03.26 19:00:00,EURAUDm,BREAKOUT,BUY,3,1.71082,1.70972,1.71638,5.06,0.335,1.70933,1.71088,1.70861,1,0.394,0.444,0.5807,1.70755,1.71756,1.72513,1.71099,0,0.0,0.55,0,1.70933,0.786,0.292,0,0.0,0.0,1.70936,0.0,0.0,0,0,-1,0.6,0.615,0.2126,0.615,0.45,2,0.589,0,0.568,1.70943,1.71161,0.534,0.444,0.0,2,0.25,0,0.589,1.147,3.0,0.382,0.42,1,1.70933,8,0.757,0.0,0.265,0.185,0.201,0.841,0.887,1.66127,1.71996,1.72319,86851.0169,104045.1547,2,1.65938,0.791,1.68399,0.306,0.0,0.0,0,0.121,1,0,23734,0.779,0.568,0.409,20.0,20.1,0.09,222.2,0.0,1,1,0.852,1.59509,1,1,0.825,1.54814,-1,52.08,0.5,0.5,0.0,0.0,0.0,0.99,0.0,0.5,0.0,0.696,0.656,0.5,0.535,0.0,0.447,0.0,0,0,0.433,0.621,0.0,0.591,0.169,0.472,0.35,0.0,0.5,0.458,0.0,1.0,0.875
71078,2025.03.26 19:12:40,EURAUDm,PULLBACK,BUY,3,1.71066,1.70972,1.71181,1.22,0.499,1.70933,1.71088,1.70861,1,0.394,0.444,0.5087,1.70755,1.71756,1.72513,1.71099,0,0.0,0.55,0,1.70933,0.786,0.292,0,0.0,0.0,1.70936,0.0,0.0,0,0,-1,0.6,0.615,0.2126,0.615,0.334,0,0.701,0,0.568,1.70943,1.71161,0.462,0.516,0.0,2,0.25,0,0.701,1.2,3.0,0.4,0.454,1,1.70933,8,0.757,0.076,0.3,0.185,0.201,0.841,0.887,1.66127,1.71996,1.72319,86851.0169,104045.1547,2,1.65938,0.791,1.68399,0.306,0.0,0.0,0,0.121,1,0,23734,0.779,0.568,0.409,20.0,20.0,0.09,222.2,0.0,1,1,0.852,1.59509,1,1,0.825,1.54814,-1,52.008,0.5,0.5,0.0,0.0,0.0,0.46,0.0,0.5,0.0,0.972,0.6,0.5,0.554,0.0,0.338,0.0,0,0,0.361,0.719,0.0,0.591,0.174,0.472,0.35,0.0,0.487,0.458,0.0,1.0,0.875
71079,2025.03.26 19:12:59,EURAUDm,TREND_CONTINUATION,BUY,3,1.71073,1.70806,1.71629,2.08,0.409,1.70933,1.71088,1.70861,1,0.394,0.444,0.5402,1.70755,1.71756,1.72513,1.71099,0,0.0,0.55,0,1.70933,0.786,0.292,0,0.0,0.0,1.70936,0.0,0.0,0,0,-1,0.6,0.615,0.2126,0.615,0.45,0,0.701,0,0.568,1.70943,1.71161,0.494,0.484,0.0,2,0.25,0,0.701,1.147,3.0,0.382,0.448,1,1.70933,8,0.757,0.013,0.265,0.185,0.201,0.841,0.887,1.66127,1.71996,1.72319,86851.0169,104045.1547,2,1.65938,0.791,1.68399,0.306,0.0,0.0,0,0.121,1,0,23734,0.779,0.568,0.409,20.0,20.0,0.09,222.2,0.0,1,1,0.852,1.59509,1,1,0.825,1.54814,-1,52.04,0.5,0.5,0.0,0.0,0.0,0.72,0.0,0.5,0.0,0.972,0.596,0.5,0.554,0.0,0.338,0.0,0,0,0.359,0.639,0.0,0.591,0.174,0.472,0.35,0.0,0.487,0.458,0.0,1.0,0.875
71082,2025.03.26 19:17:40,EURAUDm,ANCHORED_PULLBACK,BUY,3,1.7099,1.70869,1.71088,0.81,0.48,1.70933,1.71088,1.70861,1,0.394,0.444,0.1667,1.70755,1.71756,1.72513,1.71099,0,0.0,0.55,0,1.70933,0.786,0.292,0,0.0,0.0,1.70936,0.0,0.0,0,0,-1,0.6,0.615,0.2126,0.615,0.69,0,0.701,0,0.568,1.70943,1.70798,0.12,0.772,0.0,2,0.25,0,0.701,1.039,3.0,0.346,0.435,1,1.70861,5,0.6,0.76,0.193,0.185,0.201,0.841,0.927,1.66127,1.71996,1.72319,86851.0169,104045.1547,2,1.65938,0.791,1.68399,0.306,0.0,0.0,0,0.121,1,0,23734,0.779,0.568,0.409,20.0,20.1,0.09,222.2,0.0,1,1,0.852,1.59509,1,1,0.825,1.54814,-1,51.666,0.5,0.5,0.0,0.0,0.0,0.06,0.0,0.5,0.0,0.95,0.515,0.5,0.537,0.0,0.304,0.0,0,0,0.291,0.864,0.0,0.576,0.187,0.519,0.54,0.0,0.508,0.458,0.0,1.0,0.882
71084,2025.03.26 20:00:20,EURAUDm,SWEEP_REVERSAL,BUY,3,1.7093,1.70706,1.7111,0.8,0.274,1.70943,1.71077,1.70904,0,0.097,0.114,-0.2069,1.70755,1.7233,1.72479,1.71089,0,0.0,0.55,0,1.70943,0.77,0.732,0,0.0,0.0,0.0,0.0,0.0,0,0,-1,0.65,0.65,0.2205,0.65,0.253,0,0.669,0,0.379,1.70951,1.70881,0.242,0.073,0.0,2,0.4,0,0.669,1.236,3.0,0.412,0.399,1,1.71077,4,0.6,0.516,0.384,0.195,0.216,0.801,0.853,1.66265,1.72,1.72319,92370.575,5519.5581,2,1.66091,0.823,1.68524,0.306,0.0,0.0,0,0.117,1,0,23735,0.779,0.568,0.409,33.0,26.6,0.1473,224.0,0.0,1,1,0.852,1.59509,1,1,0.825,1.54814,-1,50.987,0.5,0.5,0.0,0.0,0.0,0.09,0.0,0.5,0.0,0.919,0.359,0.5,0.52,0.0,0.305,0.0,0,0,0.362,0.467,0.0,0.551,0.205,0.325,0.345,0.0,0.497,0.458,0.0,1.0,0.838
71086,2025.03.26 20:22:40,EURAUDm,MEAN_REVERSION,BUY,3,1.70831,1.70652,1.70976,0.81,0.632,1.70943,1.71077,1.70904,0,0.097,0.114,-0.6489,1.70755,1.7233,1.72479,1.71089,0,0.0,0.55,0,1.70943,0.77,0.732,0,0.0,0.0,0.0,0.0,0.0,0,0,-1,0.65,0.65,0.2205,0.65,0.051,0,0.669,0,0.379,1.70951,1.70881,0.684,0.369,0.0,2,0.4,0,0.669,1.327,3.0,0.442,0.41,1,1.70943,8,0.754,0.0,0.445,0.195,0.216,0.801,0.853,1.66265,1.72,1.72319,92370.575,5519.5581,2,1.66091,0.823,1.68524,0.306,0.0,0.0,0,0.117,1,0,23735,0.779,0.568,0.409,33.0,33.0,0.1473,224.0,0.0,1,1,0.852,1.59509,1,1,0.825,1.54814,-1,50.545,0.5,0.5,0.0,0.0,0.0,0.0,0.0,0.5,0.0,1.0,0.368,0.5,0.549,0.0,0.286,0.0,0,0,0.358,0.422,0.0,0.5,0.187,0.406,0.176,0.0,0.497,0.458,0.0,1.0,0.838
71088,2025.03.26 21:12:59,EURAUDm,TREND_CONTINUATION,BUY,3,1.70825,1.70555,1.71112,1.06,0.553,1.7094,1.71043,1.70883,0,0.964,0.051,-1.2748,1.70755,1.7233,1.72479,1.71089,0,0.0,0.35,0,1.7094,0.732,0.488,0,0.0,0.0,1.70724,0.0,0.0,0,0,-1,1.0,0.685,0.1714,0.685,0.079,0,0.732,0,0.59,1.70951,1.70746,1.326,0.412,0.0,2,0.4,0,0.732,1.314,3.0,0.438,0.436,1,1.7094,8,0.746,0.0,0.436,0.206,0.258,0.685,0.932,1.66265,1.72,1.72319,92370.575,5519.5581,2,1.66091,0.823,1.68524,0.306,0.0,0.0,0,0.117,1,0,23736,0.779,0.568,0.409,172.0,119.0,0.7642,225.1,0.0,1,1,0.852,1.59509,1,1,0.825,1.54814,-1,50.277,0.5,0.5,0.0,0.0,0.0,0.3,0.0,0.5,0.0,1.0,0.339,0.5,0.547,0.0,0.286,0.0,0,0,0.375,0.333,0.0,0.351,0.364,0.378,0.128,0.0,0.521,0.458,0.0,1.0,0.78
71090,2025.03.26 21:20:40,EURAUDm,PULLBACK,BUY,3,1.70875,1.70537,1.71228,1.05,0.471,1.7094,1.71043,1.70883,0,0.964,0.051,-1.5681,1.70755,1.7233,1.72479,1.71089,0,0.0,0.35,0,1.7094,0.732,0.488,0,0.0,0.0,1.70724,0.0,0.0,0,0,-1,1.0,0.685,0.1714,0.685,0.079,0,0.732,0,0.59,1.70951,1.70746,1.619,0.705,0.0,2,0.4,0,0.732,1.314,3.0,0.438,0.436,1,1.7094,8,0.746,0.0,0.436,0.206,0.258,0.685,0.932,1.66265,1.72,1.72319,92370.575,5519.5581,2,1.66091,0.823,1.68524,0.306,0.0,0.0,0,0.117,1,0,23736,0.779,0.568,0.409,288.0,179.8,1.2796,225.1,0.0,1,1,0.852,1.59509,1,1,0.825,1.54814,-1,50.5,0.5,0.5,0.0,0.0,0.0,0.0,0.0,0.5,0.0,0.961,0.377,0.5,0.556,0.0,0.291,0.0,0,0,0.357,0.287,0.0,0.25,0.316,0.388,0.128,0.0,0.521,0.458,0.0,1.0,0.78
71092,2025.03.26 22:00:20,EURAUDm,SWEEP_REVERSAL,BUY,1,1.7053,1.70296,1.7101,2.05,0.188,1.70929,1.71069,1.70727,0,1.919,0.062,-2.0512,1.70841,1.71311,1.71971,1.7055,0,0.0,0.55,0,1.70929,0.797,0.0,2,0.0,0.0,0.0,0.0,0.0,0,0,-1,0.179,0.0,-0.0086,0.354,0.121,0,0.833,3,0.815,1.70929,1.70479,2.051,0.128,0.0,2,0.15,0,0.833,1.296,3.0,0.432,0.52,2,1.70929,8,0.759,0.0,0.324,0.0,0.053,0.65,0.854,1.66265,1.72,1.72319,92370.575,5519.5581,2,1.66091,0.823,1.68524,0.306,0.0,0.0,0,0.117,1,0,23737,0.779,0.568,0.409,81.0,337.4,0.3459,234.1,0.0,1,1,0.852,1.59509,1,1,0.825,1.54814,-1,47.07,0.5,0.5,0.0,0.0,0.0,0.91,0.0,0.5,0.0,0.468,0.531,0.5,0.459,0.0,0.468,0.0,0,0,0.344,0.242,0.0,0.1,0.329,0.802,0.104,0.0,0.513,0.458,0.0,1.0,0.694
71094,2025.03.26 22:22:40,EURAUDm,MEAN_REVERSION,BUY,1,1.70792,1.70605,1.70981,1.01,0.789,1.70929,1.71069,1.70727,1,1.919,0.062,-0.8084,1.70841,1.71311,1.71971,1.7055,1,0.0,0.55,0,1.70929,0.797,0.0,2,0.0,0.0,0.0,0.0,0.0,0,0,-1,0.179,0.0,-0.0086,0.354,0.107,0,0.833,3,0.815,1.70929,1.70758,0.808,0.079,0.0,2,0.15,0,0.833,1.302,3.0,0.434,0.521,2,1.70929,8,0.759,0.0,0.328,0.0,0.053,0.65,0.892,1.66265,1.72,1.72319,92370.575,5519.5581,2,1.66091,0.823,1.68524,0.306,0.0,0.0,0,0.117,1,0,23737,0.779,0.568,0.409,52.0,53.7,0.2221,234.1,0.0,1,1,0.852,1.59509,1,1,0.825,1.54814,-1,48.189,0.5,0.5,0.0,0.0,0.0,0.81,0.0,0.5,0.0,0.374,0.501,0.5,0.391,0.0,0.567,0.0,0,0,0.345,0.361,0.519,0.37,0.25,0.743,0.353,0.0,0.511,0.458,0.0,1.0,0.659
71096,2025.03.26 23:17:40,EURAUDm,ANCHORED_PULLBACK,BUY,1,1.70909,1.70839,1.71182,3.92,0.29,1.70929,1.70976,1.70603,1,0.105,0.352,-0.2125,1.70841,1.71311,1.71971,1.7055,1,0.0,0.6,0,1.70929,0.798,0.754,0,0.0,0.0,1.70731,0.0,0.0,0,0,0,0.45,-0.685,-0.1042,0.685,0.617,2,0.552,0,0.722,1.70929,1.70774,0.212,0.407,0.0,2,0.0,0,0.552,1.072,3.0,0.357,0.478,1,1.70976,4,0.6,0.575,0.115,0.206,0.144,1.0,0.429,1.66265,1.72,1.72319,92370.575,5519.5581,2,1.66091,0.823,1.68524,0.306,0.0,0.0,0,0.117,1,0,23738,0.779,0.568,0.409,33.0,33.0,0.1316,250.7,0.0,1,1,0.852,1.59509,1,1,0.825,1.54814,-1,45.47,0.5,0.5,0.0,0.0,0.0,0.33,0.0,0.5,0.0,0.698,0.408,0.5,0.499,0.0,0.383,0.0,0,0,0.358,0.779,0.0,0.572,0.26,0.752,0.497,0.0,0.488,0.458,0.0,1.0,0.669
71098,2025.03.27 03:10:59,EURAUDm,MEAN_REVERSION,BUY,1,1.7083,1.7063,1.70996,0.83,0.657,1.70867,1.70963,1.70805,0,0.01,0.433,-0.2787,1.70864,1.70803,1.7187,1.7055,1,0.0,0.45,0,1.70867,0.727,0.583,0,0.0,0.0,1.70838,1.70573,1.165,0,0,0,0.65,-0.65,-0.0637,0.65,0.227,0,0.762,0,0.605,1.70858,1.70796,0.243,0.003,0.0,2,0.25,0,0.762,0.373,0.897,0.416,0.371,1,1.70963,4,0.6,0.513,0.332,0.195,0.208,0.791,0.769,1.66222,1.72254,1.72306,14608.3871,-77762.1879,1,1.66039,0.826,1.68415,0.309,0.0,0.0,0,0.125,1,0,23742,0.774,0.574,0.412,33.0,29.4,0.1322,249.7,0.0,1,1,0.852,1.59509,1,1,0.825,1.54814,-1,45.336,1.0,0.0,0.0,1.0,0.0,0.01,0.0,0.5,0.0,0.551,0.567,0.5,0.53,0.0,0.518,0.0,0,0,0.406,0.881,0.0,0.683,0.0,0.291,0.374,0.0,0.484,0.458,0.0,1.0,0.827
71100,2025.03.27 05:00:00,EURAUDm,TREND_CONTINUATION,BUY,1,1.70777,1.70495,1.71364,2.08,0.338,1.70807,1.70942,1.70725,1,0.189,0.119,-0.2663,1.70864,1.70799,1.71854,1.70548,1,0.0,0.6,0,1.70807,0.73,0.524,0,0.0,0.0,0.0,1.70573,0.728,0,0,0,0.274,0.2429,0.0166,0.243,0.48,0,0.793,0,0.412,1.70807,1.70716,0.266,0.119,0.1754,0,0.15,0,0.793,0.275,0.728,0.378,0.371,1,1.70573,6,0.65,0.467,0.216,0.373,0.135,0.889,0.672,1.66222,1.72254,1.72306,14427.8243,-180.5628,1,1.66039,0.828,1.68415,0.311,0.0,0.0,0,0.135,1,0,23744,0.774,0.574,0.412,33.0,24.0,0.1405,234.9,0.0,1,1,0.852,1.59509,1,1,0.825,1.54814,-1,47.978,0.506,0.494,0.0,1.0,0.0,0.17,0.0,0.5,0.0,0.924,0.584,0.5,0.553,0.0,0.265,0.0,0,0,0.322,0.765,0.0,0.704,0.0,0.485,0.423,0.0,0.489,0.458,0.0,1.0,0.769
71102,2025.03.27 05:01:40,EURAUDm,BREAKOUT_RETEST,BUY,1,1.70766,1.70696,1.71071,4.33,0.244,1.70807,1.70942,1.70725,1,0.189,0.119,-0.2578,1.70864,1.70799,1.71854,1.70548,1,0.0,0.6,0,1.70807,0.73,0.524,0,0.0,0.0,0.0,1.70573,0.728,0,0,0,0.274,0.2429,0.0166,0.243,0.48,0,0.812,0,0.412,1.70807,1.70716,0.258,0.128,0.0,2,0.15,0,0.812,0.278,0.736,0.378,0.376,1,1.70573,6,0.65,0.484,0.216,0.073,0.135,0.889,0.672,1.66222,1.72254,1.72306,14427.8243,-180.5628,1,1.66039,0.828,1.68415,0.311,0.0,0.0,0,0.135,1,0,23744,0.774,0.574,0.412,20.0,24.6,0.0852,234.9,0.0,1,1,0.852,1.59509,1,1,0.825,1.54814,-1,47.931,0.506,0.494,0.0,1.0,0.0,0.56,0.0,0.5,0.0,0.924,0.599,0.5,0.553,0.0,0.247,0.0,0,0,0.324,0.76,0.0,0.733,0.0,0.372,0.422,0.0,0.489,0.458,0.0,1.0,0.718
71104,2025.03.27 05:13:40,EURAUDm,MEAN_REVERSION,BUY,1,1.70795,1.70722,1.70962,2.28,0.717,1.70807,1.70942,1.70725,1,0.189,0.119,-0.1343,1.70864,1.70799,1.71854,1.70548,1,0.0,0.6,0,1.70807,0.73,0.524,0,0.0,0.0,0.0,1.70573,0.728,0,0,0,0.274,0.2429,0.0166,0.243,0.555,0,0.812,0,0.412,1.70807,1.70716,0.134,0.251,0.0,2,0.15,0,0.812,0.315,0.86,0.367,0.38,1,1.70942,4,0.6,0.731,0.193,0.073,0.135,0.889,0.672,1.66222,1.72254,1.72306,14427.8243,-180.5628,1,1.66039,0.828,1.68415,0.311,0.0,0.0,0,0.135,1,0,23744,0.774,0.574,0.412,20.0,23.1,0.0852,234.9,0.0,1,1,0.852,1.59509,1,1,0.825,1.54814,-1,48.055,0.506,0.494,0.0,1.0,0.0,0.86,0.0,0.5,0.0,0.906,0.45,0.5,0.56,0.0,0.297,0.0,0,0,0.317,0.76,0.0,0.733,0.0,0.372,0.447,0.0,0.485,0.458,0.0,1.0,0.645
71106,2025.03.27 06:00:20,EURAUDm,ANCHORED_PULLBACK,BUY,1,1.70912,1.70686,1.71341,1.89,0.178,1.70815,1.70863,1.70709,0,0.149,0.602,0.2789,1.70864,1.70896,1.71743,1.70548,1,0.0,0.4,0,1.70815,0.775,0.559,0,0.0,0.0,1.70727,1.70573,1.195,0,0,0,0.341,0.3858,0.0301,0.386,0.192,0,0.774,1,0.089,1.70795,1.71007,0.362,0.555,0.0,2,0.25,0,0.774,0.558,1.325,0.421,0.352,1,1.70795,2,0.55,0.276,0.343,0.116,0.088,0.956,0.96,1.66222,1.72254,1.72306,14427.8243,-180.5628,1,1.66039,0.828,1.68415,0.311,0.0,0.0,0,0.135,1,0,23745,0.774,0.574,0.412,33.0,30.5,0.1429,230.9,0.0,1,1,0.852,1.59509,1,1,0.825,1.54814,-1,49.394,0.506,0.494,0.0,1.0,0.0,0.76,0.0,0.5,0.0,0.316,0.622,0.5,0.684,0.0,0.404,0.0,0,0,0.44,0.845,0.0,0.825,0.0,0.36,0.507,0.0,0.548,0.458,0.0,1.0,0.913
71108,2025.03.27 06:14:40,EURAUDm,SWEEP_REVERSAL,BUY,1,1.70651,1.7042,1.70848,0.85,0.175,1.70815,1.70863,1.70709,0,0.149,0.602,-0.8517,1.70864,1.70896,1.71743,1.70548,1,0.0,0.4,0,1.70815,0.775,0.559,0,0.0,0.0,1.70727,1.70573,1.195,0,0,0,0.341,0.3858,0.0301,0.386,0.067,0,0.774,1,0.089,1.70738,1.7067,0.518,0.226,0.0,2,0.25,0,0.774,0.375,0.852,0.44,0.311,0,1.70815,8,0.755,0.0,0.38,0.116,0.088,0.802,0.871,1.66222,1.72254,1.72306,14427.8243,-180.5628,1,1.66039,0.828,1.68415,0.311,0.0,0.0,0,0.135,1,0,23745,0.774,0.574,0.412,33.0,30.7,0.1429,230.9,0.0,1,1,0.852,1.59509,1,1,0.825,1.54814,-1,48.264,0.506,0.494,0.0,1.0,0.0,0.0,0.0,0.5,0.0,0.288,0.375,0.5,0.553,0.0,0.386,0.0,0,0,0.395,0.79,0.0,0.55,0.0,0.335,0.216,0.0,0.548,0.458,0.0,1.0,0.913
71110,2025.03.27 07:13:40,EURAUDm,MEAN_REVERSION,BUY,1,1.70629,1.70435,1.70809,0.93,0.708,1.70789,1.70854,1.70669,0,0.618,0.145,-0.744,1.70864,1.70891,1.71729,1.70547,1,0.0,0.5,0,1.70789,0.701,0.297,0,0.0,0.0,0.0,0.0,0.0,0,0,0,0.495,0.3597,0.0225,0.36,0.515,0,0.789,0,0.343,1.70734,1.70678,0.515,0.286,0.0,2,0.4,0,0.789,1.118,3.0,0.373,0.416,1,1.70789,8,0.74,0.0,0.305,0.108,0.209,0.839,0.696,1.66222,1.72254,1.72306,14427.8243,-180.5628,1,1.66039,0.828,1.68415,0.311,0.0,0.0,0,0.135,1,0,23746,0.774,0.574,0.412,20.0,20.0,0.0825,242.3,0.0,1,1,0.852,1.59509,1,1,0.825,1.54814,-1,45.896,0.506,0.494,0.0,1.0,0.0,0.84,0.0,0.5,0.0,0.666,0.683,0.5,0.593,0.0,0.569,0.0,0,0,0.515,0.572,0.0,0.742,0.0,0.297,0.232,0.0,0.531,0.458,0.0,1.0,0.781
71112,2025.03.27 07:27:40,EURAUDm,BREAKOUT_RETEST,BUY,1,1.70703,1.7063,1.70809,1.46,0.358,1.70789,1.70854,1.70669,1,0.618,0.145,-0.4385,1.70864,1.70891,1.71729,1.70547,1,0.0,0.5,0,1.70789,0.701,0.297,0,0.0,0.0,0.0,0.0,0.0,0,0,0,0.495,0.3597,0.0225,0.36,0.302,0,0.789,0,0.343,1.70734,1.70678,0.209,0.02,0.0,2,0.4,0,0.789,1.214,3.0,0.405,0.427,1,1.70789,8,0.74,0.581,0.369,0.108,0.209,0.839,0.696,1.66222,1.72254,1.72306,14427.8243,-180.5628,1,1.66039,0.828,1.68415,0.311,0.0,0.0,0,0.135,1,0,23746,0.774,0.574,0.412,20.0,20.0,0.0825,242.3,0.0,1,1,0.852,1.59509,1,1,0.825,1.54814,-1,46.202,0.506,0.494,0.0,1.0,0.0,0.99,0.0,0.5,0.0,0.491,0.642,0.5,0.455,0.0,0.541,0.0,0,0,0.438,0.567,0.0,0.565,0.0,0.277,0.363,0.0,0.534,0.458,0.0,1.0,0.708
71114,2025.03.27 08:00:20,EURAUDm,ANCHORED_PULLBACK,BUY,2,1.70736,1.70705,1.70849,3.63,0.342,1.70603,1.70757,1.70557,1,0.058,0.519,0.4799,1.70864,1.70878,1.71691,1.70448,1,0.0,0.55,0,1.70603,0.787,0.422,0,0.0,0.0,1.70614,0.0,0.0,0,0,0,0.45,-0.685,-0.0677,0.685,0.593,0,0.656,0,0.38,1.7073,1.70857,0.058,0.596,0.0,2,0.0,0,0.656,1.083,3.0,0.361,0.417,1,1.70603,8,0.757,0.884,0.122,0.206,0.076,0.635,0.867,1.66268,1.7222,1.72304,22537.5723,8109.7479,2,1.66082,0.816,1.685,0.315,0.0,0.0,0,0.159,1,0,23747,0.774,0.574,0.412,20.0,20.0,0.0847,236.1,0.0,1,1,0.852,1.59509,1,1,0.825,1.54814,-1,47.543,0.5,0.5,0.0,0.0,0.0,0.86,0.0,0.5,0.0,0.522,0.534,0.5,0.502,0.0,0.364,0.0,0,0,0.316,0.811,0.0,0.66,0.0,0.258,0.498,0.0,0.498,0.458,0.0,1.0,0.742
71116,2025.03.27 09:15:40,EURAUDm,MEAN_REVERSION,BUY,2,1.70601,1.7041,1.70759,0.83,0.644,1.70603,1.70739,1.70575,1,0.105,0.561,-0.0908,1.70864,1.70779,1.71677,1.70448,1,0.0,0.45,0,1.70603,0.785,0.499,0,0.0,0.0,1.707,0.0,0.0,0,0,0,0.5,-0.545,-0.1553,0.545,0.662,0,0.667,0,0.439,1.70621,1.7053,0.167,0.213,0.0,2,0.25,0,0.667,1.052,3.0,0.351,0.421,1,1.70739,4,0.6,0.666,0.202,0.164,0.175,0.911,0.909,1.66268,1.7222,1.72304,22537.5723,8109.7479,2,1.66082,0.816,1.685,0.315,0.0,0.0,0,0.159,1,0,23748,0.774,0.574,0.412,20.0,20.0,0.0838,238.7,0.0,1,1,0.852,1.59509,1,1,0.825,1.54814,0,46.466,0.5,0.5,0.0,0.0,0.5,0.16,0.0,0.5,0.0,0.677,0.377,0.5,0.538,0.0,0.462,0.0,0,0,0.42,0.8,0.0,0.699,0.0,0.216,0.426,0.0,0.558,0.458,0.0,1.0,0.713
71118,2025.03.27 10:00:20,EURAUDm,ANCHORED_PULLBACK,BUY,2,1.70778,1.70748,1.70924,4.8,0.443,1.70612,1.70704,1.70577,0,0.49,0.037,0.6073,1.70864,1.70779,1.71582,1.70448,1,0.0,0.45,0,1.70612,0.712,0.699,0,0.0,0.0,1.70704,0.0,0.0,0,0,0,0.825,-0.58,-0.1544,0.58,0.229,0,0.729,0,0.474,1.70619,1.70781,0.578,0.096,0.0,2,0.4,0,0.729,1.247,3.0,0.416,0.442,1,1.70612,8,0.742,0.0,0.391,0.174,0.235,0.917,0.919,1.66268,1.7222,1.72304,22537.5723,8109.7479,2,1.66082,0.816,1.685,0.315,0.0,0.0,0,0.159,1,0,23749,0.774,0.574,0.412,20.0,20.0,0.0834,239.9,0.0,1,1,0.852,1.59509,1,1,0.825,1.54814,0,46.982,0.5,0.5,0.0,0.0,0.5,0.97,0.0,0.5,0.0,1.0,0.594,0.5,0.525,0.0,0.295,0.0,0,0,0.332,0.612,0.0,0.932,0.0,0.164,0.567,0.0,0.502,0.458,0.0,1.0,0.753
71120,2025.03.27 11:00:00,EURAUDm,BREAKOUT,BUY,2,1.70914,1.70646,1.7151,2.22,0.607,1.70611,1.70756,1.70562,0,1.026,0.035,1.1896,1.70864,1.70779,1.71582,1.70448,1,0.0,0.5,0,1.70611,0.753,0.482,0,0.0,0.0,0.0,0.0,0.0,0,0,0,0.9,-0.79,-0.1466,0.79,0.143,2,0.644,1,0.033,1.7062,1.70902,1.149,0.035,0.2856,0,0.15,2,1.0,1.736,3.0,0.579,0.546,2,1.70611,8,0.751,0.0,0.317,0.937,0.053,0.897,0.845,1.66268,1.7222,1.72304,22537.5723,8109.7479,2,1.66082,0.816,1.685,0.315,0.0,0.0,0,0.159,1,0,23750,0.766,0.576,0.416,20.0,20.4,0.0839,238.3,0.0,1,1,0.852,1.59509,1,1,0.825,1.54814,0,47.863,0.5,0.5,0.0,0.0,0.5,0.84,0.0,0.5,0.0,0.702,0.627,0.5,0.42,0.0,0.35,0.0,0,0,0.342,0.395,0.0,0.968,0.0,0.709,0.555,0.0,0.459,0.458,0.0,1.0,0.714
71122,2025.03.27 13:00:00,EURAUDm,BREAKOUT,BUY,4,1.70972,1.70634,1.71535,1.67,0.361,1.70893,1.71009,1.70724,1,0.264,0.311,0.2635,1.70864,1.70779,1.71488,1.70543,1,0.0,0.55,0,1.70893,0.782,0.341,0,0.0,0.0,0.0,0.0,0.0,0,0,0,0.397,0.4998,0.0269,0.5,0.704,2,0.449,0,0.556,1.7088,1.71035,0.321,0.369,0.2682,0,0.3,2,1.0,1.483,3.0,0.494,0.568,2,1.7088,2,0.55,0.358,0.209,0.85,0.216,0.962,0.826,1.66222,1.72112,1.72304,49735.4791,27197.9068,2,1.66025,0.807,1.68381,0.317,0.0,0.0,0,0.171,1,0,23752,0.766,0.576,0.416,20.0,20.8,0.0888,225.2,0.0,1,1,0.852,1.59509,1,1,0.825,1.54814,0,50.898,0.5,0.5,0.0,0.0,0.5,0.18,0.0,0.5,0.0,0.362,0.553,0.5,0.538,0.0,0.404,0.0,0,0,0.355,0.799,0.0,0.631,0.0,0.681,0.506,0.0,0.476,0.458,0.0,1.0,0.888
0,2025.03.27 14:00:00,EURAUDm,ANCHORED_PULLBACK,BUY,4,1.7109,1.71086,1.71259,46.2,0.483,1.70888,1.71029,1.70746,0,0.696,0.595,0.6957,1.70873,1.70746,1.7147,1.70533,1,0.0,0.45,0,1.70888,0.77,0.523,0,0.0,0.0,1.71101,0.0,0.0,0,0,0,0.75,0.72,0.1088,0.72,0.41,0,0.747,1,0.185,1.70841,1.71139,0.889,0.337,-0.0095,2,0.0,0,0.747,1.165,3.0,0.388,0.456,1,1.70888,8,0.754,0.0,0.177,0.216,0.0,0.879,0.8,1.66222,1.72112,1.72304,49735.4791,27197.9068,2,1.66025,0.807,1.68381,0.317,0.0,0.0,0,0.171,1,0,23753,0.766,0.576,0.416,33.0,28.7,0.1356,243.4,0.0,1,1,0.852,1.59509,1,1,0.825,1.54814,0,47.588,0.5,0.5,0.0,0.0,0.5,0.04,0.0,0.5,0.0,0.288,0.396,0.5,0.505,0.0,0.512,0.0,0,0,0.419,0.695,1.0,0.836,0.0,0.273,0.433,0.0,0.519,0.458,0.0,1.0,0.906
71124,2025.03.27 14:36:40,EURAUDm,PULLBACK,BUY,4,1.71107,1.70883,1.7149,1.71,0.403,1.70888,1.71029,1.70746,0,0.696,0.595,0.819,1.70873,1.70746,1.7147,1.70533,1,0.0,0.45,0,1.70888,0.77,0.523,0,0.0,0.0,1.71101,0.0,0.0,0,0,0,0.75,0.72,0.1088,0.72,0.487,0,0.759,1,0.185,1.70841,1.71139,1.013,0.213,0.0,2,0.0,0,0.759,1.131,3.0,0.377,0.455,1,1.70888,8,0.754,0.0,0.154,0.216,0.0,0.879,0.8,1.66222,1.72112,1.72304,49735.4791,27197.9068,2,1.66025,0.807,1.68381,0.317,0.0,0.0,0,0.171,1,0,23753,0.766,0.576,0.416,20.0,20.0,0.0822,243.4,0.0,1,1,0.852,1.59509,1,1,0.825,1.54814,0,47.658,0.5,0.5,0.0,0.0,0.5,0.0,0.0,0.5,0.0,0.588,0.371,0.5,0.522,0.0,0.432,0.0,0,0,0.407,0.714,0.0,0.616,0.0,0.433,0.433,0.0,0.519,0.458,0.0,1.0,0.906
71126,2025.03.27 14:45:40,EURAUDm,BREAKOUT_RETEST,BUY,4,1.71013,1.70883,1.7119,1.37,0.497,1.70888,1.71029,1.70746,1,0.696,0.595,0.4327,1.70873,1.70746,1.7147,1.70533,1,0.0,0.45,0,1.70888,0.77,0.523,0,0.0,0.0,1.71101,0.0,0.0,0,0,0,0.75,0.72,0.1088,0.72,0.744,0,0.759,1,0.185,1.70841,1.71139,0.626,0.6,0.0,2,0.0,0,0.759,1.015,3.0,0.338,0.441,1,1.70888,8,0.754,0.0,0.077,0.216,0.0,0.879,0.8,1.66222,1.72112,1.72304,49735.4791,27197.9068,2,1.66025,0.807,1.68381,0.317,0.0,0.0,0,0.171,1,0,23753,0.766,0.576,0.416,20.0,20.0,0.0822,243.4,0.0,1,1,0.852,1.59509,1,1,0.825,1.54814,0,47.272,0.5,0.5,0.0,0.0,0.5,0.0,0.0,0.5,0.0,0.6,0.274,0.5,0.491,0.0,0.393,0.0,0,0,0.44,0.767,1.0,0.752,0.0,0.386,0.505,0.0,0.545,0.458,0.0,1.0,0.914
71128,2025.03.27 14:48:40,EURAUDm,TREND_CONTINUATION,BUY,4,1.71123,1.70831,1.71731,2.08,0.476,1.70888,1.71029,1.70746,0,0.696,0.595,0.8847,1.70873,1.70746,1.7147,1.70533,1,0.0,0.45,0,1.70888,0.77,0.523,0,0.0,0.0,1.71101,0.0,0.0,0,0,0,0.75,0.72,0.1088,0.72,0.363,0,0.759,1,0.185,1.70841,1.71139,1.078,0.148,0.0,2,0.0,0,0.759,1.186,3.0,0.395,0.461,1,1.70888,8,0.754,0.0,0.191,0.216,0.0,0.879,0.8,1.66222,1.72112,1.72304,49735.4791,27197.9068,2,1.66025,0.807,1.68381,0.317,0.0,0.0,0,0.171,1,0,23753,0.766,0.576,0.416,20.0,20.0,0.0822,243.4,0.0,1,1,0.852,1.59509,1,1,0.825,1.54814,0,47.724,0.5,0.5,0.0,0.0,0.5,0.72,0.0,0.5,0.0,0.676,0.382,0.5,0.513,0.0,0.423,0.0,0,0,0.394,0.687,1.0,0.528,0.0,0.433,0.577,0.0,0.521,0.458,0.0,1.0,0.906
71130,2025.03.27 15:07:40,EURAUDm,BREAKOUT,BUY,4,1.71193,1.70816,1.71821,1.67,0.373,1.71076,1.71186,1.70841,1,0.087,0.712,0.3856,1.70873,1.70746,1.7147,1.70533,1,0.0,0.55,0,1.71139,0.792,0.411,0,0.0,0.0,1.71141,0.0,0.0,0,0,0,0.825,0.755,0.2003,0.755,0.545,2,0.644,0,0.734,1.71139,1.71312,0.136,0.552,0.0,2,0.0,0,0.644,1.105,3.0,0.368,0.503,2,1.71076,1,0.7,0.729,0.136,0.226,0.147,0.972,0.705,1.66222,1.72112,1.72304,49735.4791,27197.9068,2,1.66025,0.807,1.68381,0.317,0.0,0.0,0,0.171,1,0,23754,0.766,0.576,0.416,20.0,20.0,0.0796,251.3,0.0,1,1,0.852,1.59509,1,1,0.825,1.54814,0,46.497,0.5,0.5,0.0,0.0,0.5,0.98,0.0,0.5,0.0,0.782,0.636,0.5,0.525,0.0,0.46,0.0,0,0,0.423,0.812,0.0,0.572,0.0,0.454,0.544,0.0,0.523,0.458,0.0,1.0,0.929
71132,2025.03.27 16:36:40,EURAUDm,PULLBACK,BUY,4,1.71105,1.70959,1.71374,1.84,0.612,1.71123,1.71282,1.70964,1,0.071,0.52,-0.1476,1.70899,1.70746,1.7147,1.70618,1,0.0,0.55,0,1.71123,0.789,0.689,0,0.0,0.0,1.71316,0.0,0.0,0,0,0,0.9,0.79,0.2612,0.79,0.768,0,0.739,0,0.64,1.71123,1.70921,0.148,0.638,0.0,2,0.0,0,0.739,1.004,3.0,0.335,0.483,1,1.70964,5,0.6,0.705,0.07,0.237,0.128,0.812,0.623,1.66222,1.72112,1.72304,49717.0858,-18.3933,1,1.66025,0.798,1.68381,0.323,0.0,0.0,0,0.178,1,0,23755,0.766,0.576,0.416,20.0,20.0,0.0778,256.9,0.0,1,1,0.852,1.59509,1,1,0.825,1.54814,0,45.133,0.5,0.5,0.0,1.0,0.5,0.26,0.0,0.5,0.0,0.604,0.37,0.5,0.54,0.0,0.39,0.0,0,0,0.396,0.813,0.0,0.713,0.0,0.502,0.477,0.0,0.57,0.458,0.0,1.0,0.859
71134,2025.03.27 16:45:40,EURAUDm,BREAKOUT_RETEST,BUY,4,1.71174,1.71097,1.71302,1.66,0.577,1.71123,1.71282,1.70964,1,0.071,0.52,0.1209,1.70899,1.70746,1.7147,1.70618,1,0.0,0.55,0,1.71123,0.789,0.689,0,0.0,0.0,1.71316,0.0,0.0,0,0,0,0.9,0.79,0.2612,0.79,0.723,0,0.739,0,0.64,1.71123,1.71368,0.121,0.834,0.0,2,0.0,0,0.739,1.024,3.0,0.341,0.486,1,1.71282,4,0.6,0.758,0.083,0.237,0.128,0.812,0.925,1.66222,1.72112,1.72304,49717.0858,-18.3933,1,1.66025,0.798,1.68381,0.323,0.0,0.0,0,0.178,1,0,23755,0.766,0.576,0.416,20.0,20.0,0.0778,256.9,0.0,1,1,0.852,1.59509,1,1,0.825,1.54814,0,45.402,0.5,0.5,0.0,1.0,0.5,0.99,0.0,0.5,0.0,0.656,0.351,0.5,0.537,0.0,0.406,0.0,0,0,0.413,0.813,0.0,0.673,0.0,0.502,0.494,0.0,0.558,0.458,0.0,1.0,0.859
71136,2025.03.27 16:49:40,EURAUDm,TREND_CONTINUATION,BUY,4,1.71246,1.70938,1.71888,2.08,0.538,1.71123,1.71282,1.70964,1,0.071,0.52,0.4012,1.70899,1.70746,1.7147,1.70618,1,0.0,0.55,0,1.71123,0.789,0.689,0,0.0,0.0,1.71316,0.0,0.0,0,0,0,0.9,0.79,0.2612,0.79,0.627,0,0.739,0,0.64,1.71238,1.71368,0.048,0.553,0.0,2,0.0,0,0.739,1.068,3.0,0.356,0.468,1,1.71123,8,0.758,0.904,0.112,0.237,0.128,0.633,0.925,1.66222,1.72112,1.72304,49717.0858,-18.3933,1,1.66025,0.798,1.68381,0.323,0.0,0.0,0,0.178,1,0,23755,0.766,0.576,0.416,20.0,20.0,0.0778,256.9,0.0,1,1,0.852,1.59509,1,1,0.825,1.54814,0,45.682,0.5,0.5,0.0,1.0,0.5,0.99,0.0,0.5,0.0,0.968,0.558,0.5,0.537,0.0,0.362,0.0,0,0,0.341,0.813,0.0,0.748,0.0,0.457,0.434,0.0,0.509,0.458,0.0,1.0,0.929
71138,2025.03.27 17:07:40,EURAUDm,BREAKOUT,BUY,3,1.71282,1.70901,1.71918,1.67,0.39,1.71116,1.71285,1.7106,1,0.296,0.147,0.5753,1.70899,1.70746,1.7147,1.70618,1,0.0,0.5,0,1.71116,0.769,0.885,0,0.0,0.0,1.71108,0.0,0.0,0,0,0,0.975,0.65,0.2779,0.65,0.575,0,0.671,0,0.678,1.71251,1.71363,0.044,0.398,0.0,2,0.4,0,0.671,1.091,3.0,0.364,0.391,1,1.71116,8,0.754,0.911,0.288,0.195,0.276,0.571,0.925,1.66222,1.72112,1.72304,49717.0858,-18.3933,1,1.66025,0.798,1.68381,0.323,0.0,0.0,0,0.178,1,0,23756,0.766,0.576,0.416,20.0,20.0,0.0787,254.2,0.0,1,1,0.852,1.59509,1,1,0.825,1.54814,0,46.311,0.5,0.5,0.0,1.0,0.5,0.23,0.0,0.5,0.0,0.733,0.536,0.5,0.487,0.0,0.337,0.0,0,0,0.303,0.571,0.0,0.558,0.0,0.264,0.556,0.0,0.503,0.458,0.0,1.0,0.852
71140,2025.03.27 18:36:40,EURAUDm,PULLBACK,BUY,3,1.7124,1.71119,1.71387,1.21,0.545,1.71124,1.71296,1.71074,1,0.046,0.447,0.3792,1.70851,1.70746,1.71385,1.70618,1,0.0,0.55,0,1.71124,0.797,0.742,0,0.0,0.0,0.0,0.0,0.0,0,0,0,0.7,0.86,0.3041,0.86,0.497,2,0.618,3,0.313,1.71286,1.71367,0.261,0.581,0.0,2,0.0,0,0.618,1.126,3.0,0.375,0.43,1,1.71124,8,0.759,0.478,0.151,0.258,0.0,0.837,0.931,1.66222,1.72112,1.72304,49717.0858,-18.3933,1,1.66025,0.798,1.68381,0.323,0.0,0.0,0,0.178,1,0,23757,0.766,0.576,0.416,20.0,20.0,0.0793,252.4,0.0,1,1,0.852,1.59509,1,1,0.825,1.54814,1,46.486,0.5,0.5,0.0,1.0,1.0,0.16,0.0,0.5,0.0,0.715,0.529,0.5,0.526,0.0,0.264,0.0,0,0,0.281,0.801,0.0,0.88,0.0,0.371,0.51,0.0,0.516,0.458,0.0,1.0,0.89
71142,2025.03.27 18:45:40,EURAUDm,BREAKOUT_RETEST,BUY,3,1.71243,1.71119,1.71427,1.49,0.486,1.71124,1.71296,1.71074,1,0.046,0.447,0.3911,1.70851,1.70746,1.71385,1.70618,1,0.0,0.55,0,1.71124,0.797,0.742,0,0.0,0.0,0.0,0.0,0.0,0,0,0,0.7,0.86,0.3041,0.86,0.497,2,0.618,3,0.313,1.71286,1.71367,0.249,0.569,0.0,2,0.0,0,0.618,1.126,3.0,0.375,0.43,1,1.71124,8,0.759,0.502,0.151,0.258,0.0,0.837,0.931,1.66222,1.72112,1.72304,49717.0858,-18.3933,1,1.66025,0.798,1.68381,0.323,0.0,0.0,0,0.178,1,0,23757,0.766,0.576,0.416,20.0,20.0,0.0793,252.4,0.0,1,1,0.852,1.59509,1,1,0.825,1.54814,1,46.498,0.5,0.5,0.0,1.0,1.0,0.03,0.0,0.5,0.0,0.633,0.528,0.5,0.512,0.0,0.238,0.0,0,0,0.266,0.801,0.0,0.88,0.0,0.369,0.513,0.0,0.516,0.458,0.0,1.0,0.89
71144,2025.03.27 18:49:40,EURAUDm,TREND_CONTINUATION,BUY,3,1.71289,1.70986,1.7192,2.08,0.459,1.71124,1.71296,1.71074,1,0.046,0.447,0.5734,1.70851,1.70746,1.71385,1.70618,1,0.0,0.55,0,1.71124,0.797,0.742,0,0.0,0.0,0.0,0.0,0.0,0,0,0,0.7,0.86,0.3041,0.86,0.857,2,0.618,3,0.313,1.71286,1.71367,0.067,0.387,0.0,2,0.0,0,0.618,0.964,3.0,0.321,0.411,1,1.71124,8,0.759,0.866,0.043,0.258,0.0,0.837,0.931,1.66222,1.72112,1.72304,49717.0858,-18.3933,1,1.66025,0.798,1.68381,0.323,0.0,0.0,0,0.178,1,0,23757,0.766,0.576,0.416,20.0,20.0,0.0793,252.4,0.0,1,1,0.852,1.59509,1,1,0.825,1.54814,1,46.68,0.5,0.5,0.0,1.0,1.0,0.93,0.0,0.5,0.0,0.645,0.494,0.5,0.544,0.0,0.263,0.0,0,0,0.272,0.79,0.0,0.792,0.0,0.335,0.526,0.0,0.542,0.458,0.0,1.0,0.976
71146,2025.03.27 19:07:40,EURAUDm,BREAKOUT,BUY,3,1.71282,1.70911,1.719,1.67,0.328,1.71246,1.71326,1.71149,1,0.032,0.391,0.0642,1.70756,1.70862,1.71351,1.70599,1,0.0,0.5,0,1.71246,0.735,0.348,0,0.0,0.0,0.0,0.0,0.0,0,0,0,0.75,0.72,0.2968,0.72,0.976,0,0.771,0,0.328,1.71273,1.7137,0.043,0.439,0.0,2,0.25,0,0.771,0.911,3.0,0.304,0.412,1,1.71149,5,0.6,0.913,0.107,0.216,0.153,0.872,0.963,1.66222,1.72112,1.72304,49717.0858,-18.3933,1,1.66025,0.798,1.68381,0.323,0.0,0.0,0,0.178,1,0,23758,0.766,0.576,0.416,20.0,21.6,0.0809,247.1,0.0,1,1,0.852,1.59509,1,1,0.825,1.54814,1,47.636,0.5,0.5,0.0,1.0,1.0,0.67,0.0,0.5,0.0,0.74,0.421,0.5,0.538,0.0,0.301,0.0,0,0,0.329,0.8,0.0,0.812,0.0,0.296,0.502,0.0,0.548,0.458,0.0,1.0,0.782
71148,2025.03.27 20:45:40,EURAUDm,BREAKOUT_RETEST,BUY,3,1.71324,1.71253,1.71398,1.03,0.497,1.7129,1.71312,1.71207,1,0.061,0.128,0.0063,1.70756,1.70854,1.71334,1.70596,1,0.0,0.35,2,1.7129,0.726,0.689,0,0.0,0.0,0.0,0.0,0.0,0,0,0,0.8,0.755,0.2718,0.755,1.0,0,0.669,2,0.284,1.71267,1.71335,0.101,0.183,0.0,2,0.4,0,0.669,0.9,3.0,0.3,0.365,1,1.71207,5,0.6,0.798,0.16,0.226,0.14,0.937,0.974,1.66173,1.72149,1.72304,40485.5855,-9231.5003,1,1.65981,0.786,1.68486,0.327,0.0,0.0,0,0.209,1,0,23759,0.766,0.576,0.416,33.0,33.0,0.1386,238.1,0.0,1,1,0.852,1.59509,1,1,0.825,1.54814,1,49.628,0.614,0.386,0.0,1.0,1.0,0.96,0.0,0.5,0.0,1.0,0.513,0.5,0.574,0.0,0.323,0.0,0,0,0.309,0.76,0.0,0.855,0.0,0.169,0.515,0.0,0.546,0.458,0.0,1.0,0.782
71150,2025.03.27 20:49:40,EURAUDm,TREND_CONTINUATION,BUY,3,1.71321,1.71035,1.71916,2.08,0.469,1.7129,1.71312,1.71207,1,0.061,0.128,-0.0063,1.70756,1.70854,1.71334,1.70596,1,0.0,0.35,2,1.7129,0.726,0.689,0,0.0,0.0,0.0,0.0,0.0,0,0,0,0.8,0.755,0.2718,0.755,1.0,0,0.669,2,0.284,1.71267,1.71335,0.088,0.195,0.0,2,0.4,0,0.669,0.9,3.0,0.3,0.365,1,1.71207,5,0.6,0.824,0.16,0.226,0.14,0.937,0.974,1.66173,1.72149,1.72304,40485.5855,-9231.5003,1,1.65981,0.786,1.68486,0.327,0.0,0.0,0,0.209,1,0,23759,0.766,0.576,0.416,33.0,33.0,0.1386,238.1,0.0,1,1,0.852,1.59509,1,1,0.825,1.54814,1,49.615,0.614,0.386,0.0,1.0,1.0,0.71,0.0,0.5,0.0,1.0,0.515,0.5,0.574,0.0,0.323,0.0,0,0,0.31,0.76,0.0,0.979,0.0,0.169,0.512,0.0,0.546,0.458,0.0,1.0,0.782
71152,2025.03.27 22:00:40,EURAUDm,BREAKOUT,BUY,1,1.71368,1.71051,1.71897,1.67,0.515,1.71288,1.71302,1.71228,0,0.124,0.271,0.1302,1.70806,1.71293,1.7133,1.70595,1,0.0,0.4,2,1.71251,0.745,0.457,0,0.0,0.0,0.0,0.0,0.0,0,0,0,1.0,1.0,0.189,1.0,0.09,2,0.614,0,0.509,1.71284,1.71158,0.152,0.745,0.0,2,0.15,0,0.614,1.309,3.0,0.436,0.458,1,1.71251,8,0.749,0.696,0.333,0.3,0.154,0.886,0.94,1.66173,1.72149,1.72304,40485.5855,-9231.5003,1,1.65981,0.786,1.68486,0.327,0.0,0.0,0,0.209,1,0,23761,0.772,0.573,0.42,52.0,159.4,0.2457,211.6,0.0,1,1,0.852,1.59509,1,1,0.825,1.54814,1,56.033,0.614,0.386,0.0,1.0,1.0,0.99,0.0,0.5,0.0,0.891,0.582,0.5,0.504,0.0,0.311,0.0,0,0,0.325,0.647,0.0,0.825,0.0,0.162,0.545,0.0,0.543,0.458,0.0,1.0,0.89
71154,2025.03.27 22:05:40,EURAUDm,PULLBACK,BUY,1,1.71385,1.71068,1.7202,2.0,0.505,1.71288,1.71302,1.71228,0,0.124,0.271,0.2105,1.70806,1.71293,1.7133,1.70595,0,0.0,0.4,2,1.71251,0.745,0.457,0,0.0,0.0,0.0,0.0,0.0,0,0,0,1.0,1.0,0.189,1.0,0.09,2,0.614,0,0.509,1.71284,1.71158,0.232,0.826,0.0,2,0.15,0,0.614,1.309,3.0,0.436,0.458,1,1.71251,8,0.749,0.535,0.333,0.3,0.154,0.886,0.94,1.66173,1.72149,1.72304,40485.5855,-9231.5003,1,1.65981,0.786,1.68486,0.327,0.0,0.0,0,0.209,1,0,23761,0.772,0.573,0.42,52.0,117.4,0.2457,211.6,0.0,1,1,0.852,1.59509,1,1,0.825,1.54814,1,56.113,0.614,0.386,0.0,1.0,1.0,0.99,0.0,0.5,0.0,0.79,0.598,0.5,0.443,0.0,0.306,0.0,0,0,0.314,0.502,0.0,0.891,0.0,0.153,0.694,0.0,0.525,0.458,0.0,1.0,0.942
71156,2025.03.27 22:49:40,EURAUDm,TREND_CONTINUATION,BUY,1,1.7135,1.71096,1.71879,2.08,0.584,1.71288,1.71302,1.71228,1,0.124,0.271,0.0451,1.70806,1.71293,1.7133,1.70595,1,0.0,0.4,2,1.71251,0.745,0.457,0,0.0,0.0,0.0,0.0,0.0,0,0,0,1.0,1.0,0.189,1.0,0.612,2,0.614,0,0.509,1.71284,1.71158,0.067,0.66,0.0,2,0.15,0,0.614,1.075,3.0,0.358,0.431,1,1.71228,5,0.6,0.866,0.176,0.3,0.154,0.886,0.94,1.66173,1.72149,1.72304,40485.5855,-9231.5003,1,1.65981,0.786,1.68486,0.327,0.0,0.0,0,0.209,1,0,23761,0.772,0.573,0.42,52.0,52.0,0.2457,211.6,0.0,1,1,0.852,1.59509,1,1,0.825,1.54814,1,55.948,0.614,0.386,0.0,1.0,1.0,0.02,0.0,0.5,0.0,1.0,0.425,0.5,0.54,0.0,0.402,0.0,0,0,0.368,0.756,0.0,0.825,0.0,0.201,0.525,0.0,0.538,0.458,0.0,1.0,0.852
71158,2025.03.28 00:00:20,EURAUDm,BREAKOUT_RETEST,BUY,1,1.71413,1.71298,1.71537,1.07,0.592,1.71285,1.71395,1.71176,1,0.097,0.231,0.4616,1.7125,1.7129,1.71326,1.70594,0,0.0,0.65,0,1.71285,0.756,0.0,1,0.0,0.0,0.0,1.71212,0.915,0,0,1,1.0,1.0,0.1289,1.0,0.157,0,0.711,0,0.615,1.71428,1.71361,0.235,0.093,0.0,2,0.15,4,0.613,0.431,0.818,0.527,0.339,0,1.71285,8,0.751,0.53,0.313,0.3,0.176,0.649,0.792,1.66222,1.72112,1.72326,55138.9653,14653.3798,2,1.66025,0.798,1.68381,0.326,0.0,0.0,0,0.215,1,0,23763,0.772,0.573,0.42,33.0,33.0,0.1605,205.6,0.0,1,1,0.852,1.59509,1,1,0.825,1.54814,1,57.887,0.5,0.5,0.0,0.0,1.0,0.06,0.0,0.5,0.0,0.359,0.451,0.5,0.507,0.0,0.485,0.0,0,0,0.376,0.44,0.0,0.827,0.0,0.493,0.65,0.0,0.491,0.458,0.0,1.0,0.877
71159,2025.03.28 00:00:40,EURAUDm,BREAKOUT,BUY,1,1.71446,1.71298,1.7196,3.46,0.485,1.71285,1.71395,1.71176,0,0.097,0.231,0.6221,1.7125,1.7129,1.71326,1.70594,0,0.0,0.65,0,1.71285,0.756,0.0,1,0.0,0.0,0.0,1.71212,0.915,0,0,1,1.0,1.0,0.1289,1.0,0.64,0,0.711,0,0.615,1.71428,1.71361,0.074,0.253,0.0,2,0.15,4,0.613,0.444,0.979,0.454,0.341,0,1.71285,8,0.751,0.851,0.168,0.3,0.176,0.649,0.792,1.66222,1.72112,1.72326,55138.9653,14653.3798,2,1.66025,0.798,1.68381,0.326,0.0,0.0,0,0.215,1,0,23763,0.772,0.573,0.42,33.0,33.0,0.1605,205.6,0.0,1,1,0.852,1.59509,1,1,0.825,1.54814,1,58.047,0.5,0.5,0.0,0.0,1.0,0.45,0.0,0.5,0.0,0.312,0.504,0.5,0.449,0.0,0.487,0.0,0,0,0.332,0.443,0.0,0.494,0.0,0.554,0.65,0.0,0.486,0.458,0.0,1.0,0.917
71160,2025.03.28 00:05:40,EURAUDm,PULLBACK,BUY,1,1.71468,1.7116,1.72085,2.0,0.476,1.71285,1.71395,1.71176,0,0.097,0.231,0.7291,1.7125,1.7129,1.71326,1.70594,0,0.0,0.65,0,1.71285,0.756,0.0,1,0.0,0.0,0.0,1.71212,0.915,0,0,1,1.0,1.0,0.1289,1.0,0.661,0,0.711,0,0.615,1.71428,1.71361,0.033,0.36,0.0,2,0.15,4,0.613,0.489,1.085,0.451,0.346,0,1.71285,8,0.751,0.935,0.162,0.3,0.176,0.649,0.792,1.66222,1.72112,1.72326,55138.9653,14653.3798,2,1.66025,0.798,1.68381,0.326,0.0,0.0,0,0.215,1,0,23763,0.772,0.573,0.42,33.0,33.0,0.1605,205.6,0.0,1,1,0.852,1.59509,1,1,0.825,1.54814,1,58.154,0.5,0.5,0.0,0.0,1.0,0.78,0.0,0.5,0.0,0.312,0.552,0.5,0.497,0.0,0.618,0.0,0,0,0.428,0.447,0.0,0.411,0.0,0.554,0.65,0.0,0.512,0.458,0.0,1.0,0.965
71164,2025.03.28 00:49:40,EURAUDm,TREND_CONTINUATION,BUY,1,1.71502,1.71255,1.72016,2.08,0.565,1.71285,1.71395,1.71176,0,0.097,0.231,0.9576,1.7125,1.7129,1.71326,1.70594,0,0.0,0.65,0,1.71285,0.756,0.0,1,0.0,0.0,0.0,1.71212,0.915,0,0,1,1.0,1.0,0.1289,1.0,0.294,0,0.711,0,0.615,1.71428,1.71361,0.261,0.589,0.0,2,0.15,4,0.613,0.665,1.314,0.506,0.366,1,1.71285,8,0.751,0.478,0.272,0.3,0.176,0.649,0.792,1.66222,1.72112,1.72326,55138.9653,14653.3798,2,1.66025,0.798,1.68381,0.326,0.0,0.0,0,0.215,1,0,23763,0.772,0.573,0.42,20.0,31.6,0.0973,205.6,0.0,1,1,0.852,1.59509,1,1,0.825,1.54814,1,58.32,0.5,0.5,0.0,0.0,1.0,0.93,0.0,0.5,0.0,0.312,0.557,0.5,0.475,0.0,0.643,0.0,0,0,0.434,0.376,0.0,0.646,0.0,0.481,0.696,0.0,0.497,0.458,0.0,1.0,0.917
71165,2025.03.28 01:00:00,EURAUDm,ANCHORED_PULLBACK,BUY,1,1.71466,1.7142,1.71534,1.47,0.607,1.71437,1.71533,1.71319,1,0.045,0.781,0.0452,1.71271,1.70843,1.7131,1.70592,0,0.0,0.5,0,1.71437,0.684,0.476,0,0.0,0.0,1.71481,1.71212,1.145,0,0,1,1.0,1.0,0.1358,1.0,1.0,2,0.387,2,0.071,1.71447,1.71544,0.007,0.48,-0.0198,2,0.3,3,1.0,0.572,1.145,0.5,0.382,1,1.71533,4,0.6,0.985,0.12,0.7,0.105,0.808,0.889,1.66222,1.72112,1.72326,55138.9653,14653.3798,2,1.66025,0.798,1.68381,0.326,0.0,0.0,0,0.215,1,0,23764,0.772,0.573,0.42,20.0,30.5,0.0977,204.6,0.0,1,1,0.852,1.59509,1,1,0.825,1.54814,1,58.429,0.5,0.5,0.0,0.0,1.0,0.83,0.0,0.5,0.0,0.292,0.601,0.5,0.556,0.0,0.73,0.0,0,0,0.52,0.717,0.0,0.738,0.0,0.526,0.462,0.0,0.5,0.458,0.0,1.0,0.939
71168,2025.03.28 02:00:40,EURAUDm,BREAKOUT,BUY,1,1.71575,1.71284,1.7206,1.67,0.429,1.71488,1.71523,1.71411,0,0.093,0.196,0.2781,1.71278,1.70843,1.7131,1.70592,0,0.0,0.4,0,1.71488,0.766,0.438,0,0.0,0.0,0.0,1.71212,1.588,0,0,1,0.8,1.0,0.155,1.0,0.251,0,0.658,2,0.161,1.71495,1.71558,0.242,0.082,0.0,2,0.15,0,0.658,0.701,1.701,0.412,0.356,1,1.71411,5,0.6,0.516,0.285,0.3,0.053,0.895,0.912,1.66222,1.72112,1.72326,55138.9653,14653.3798,2,1.66025,0.798,1.68381,0.326,0.0,0.0,0,0.215,1,0,23765,0.772,0.573,0.42,33.0,23.0,0.17,194.1,0.0,1,1,0.852,1.59509,1,1,0.825,1.54814,1,62.15,0.5,0.5,0.0,0.0,1.0,0.22,0.0,0.5,0.0,0.757,0.505,0.5,0.554,0.0,0.562,0.0,0,0,0.395,0.494,0.0,0.333,0.0,0.256,0.65,0.0,0.544,0.458,0.0,1.0,0.942
71170,2025.03.28 02:04:40,EURAUDm,BREAKOUT_RETEST,BUY,1,1.71519,1.71461,1.71599,1.37,0.509,1.71488,1.71523,1.71411,1,0.093,0.196,0.0567,1.71278,1.70843,1.7131,1.70592,0,0.0,0.4,0,1.71488,0.766,0.438,0,0.0,0.0,0.0,1.71212,1.588,0,0,1,0.8,1.0,0.155,1.0,0.79,0,0.658,2,0.161,1.71495,1.71558,0.021,0.304,0.0,2,0.15,0,0.658,0.491,1.479,0.332,0.331,0,1.71411,5,0.6,0.959,0.123,0.3,0.053,0.895,0.912,1.66222,1.72112,1.72326,55138.9653,14653.3798,2,1.66025,0.798,1.68381,0.326,0.0,0.0,0,0.215,1,0,23765,0.772,0.573,0.42,20.0,23.9,0.103,194.1,0.0,1,1,0.852,1.59509,1,1,0.825,1.54814,1,61.862,0.5,0.5,0.0,0.0,1.0,0.57,0.0,0.5,0.0,0.643,0.413,0.5,0.554,0.0,0.564,0.0,0,0,0.444,0.604,0.0,0.642,0.0,0.25,0.65,0.0,0.571,0.458,0.0,1.0,0.828
71171,2025.03.28 02:05:40,EURAUDm,PULLBACK,BUY,1,1.71531,1.7124,1.72113,2.0,0.564,1.71488,1.71523,1.71411,1,0.093,0.196,0.1185,1.71278,1.70843,1.7131,1.70592,0,0.0,0.4,0,1.71488,0.766,0.438,0,0.0,0.0,0.0,1.71212,1.588,0,0,1,0.8,1.0,0.155,1.0,0.63,0,0.658,2,0.161,1.71495,1.71558,0.082,0.242,0.0,2,0.15,0,0.658,0.548,1.541,0.355,0.338,0,1.71411,5,0.6,0.835,0.171,0.3,0.053,0.895,0.912,1.66222,1.72112,1.72326,55138.9653,14653.3798,2,1.66025,0.798,1.68381,0.326,0.0,0.0,0,0.215,1,0,23765,0.772,0.573,0.42,20.0,23.9,0.103,194.1,0.0,1,1,0.852,1.59509,1,1,0.825,1.54814,1,61.923,0.5,0.5,0.0,0.0,1.0,0.78,0.0,0.5,0.0,0.756,0.444,0.5,0.549,0.0,0.514,0.0,0,0,0.404,0.577,0.0,0.76,0.0,0.227,0.65,0.0,0.544,0.458,0.0,1.0,0.901
71174,2025.03.28 02:49:40,EURAUDm,TREND_CONTINUATION,BUY,1,1.7151,1.71277,1.71995,2.08,0.482,1.71488,1.71523,1.71411,1,0.093,0.196,0.0103,1.71278,1.70843,1.7131,1.70592,0,0.0,0.4,0,1.71488,0.766,0.438,0,0.0,0.0,0.0,1.71212,1.588,0,0,1,0.8,1.0,0.155,1.0,1.0,0,0.658,2,0.161,1.71495,1.71558,0.026,0.35,0.0,2,0.15,0,0.658,0.43,1.433,0.3,0.324,0,1.71411,5,0.6,0.948,0.06,0.3,0.053,0.895,0.912,1.66222,1.72112,1.72326,55138.9653,14653.3798,2,1.66025,0.798,1.68381,0.326,0.0,0.0,0,0.215,1,0,23765,0.772,0.573,0.42,20.0,22.3,0.103,194.1,0.0,1,1,0.852,1.59509,1,1,0.825,1.54814,1,61.815,0.5,0.5,0.0,0.0,1.0,0.38,0.0,0.5,0.0,0.618,0.474,0.5,0.502,0.0,0.39,0.0,0,0,0.322,0.612,0.0,0.535,0.0,0.256,0.65,0.0,0.571,0.458,0.0,1.0,0.828
71176,2025.03.28 03:00:00,EURAUDm,ANCHORED_PULLBACK,BUY,1,1.71584,1.71443,1.7194,2.53,0.425,1.71494,1.71523,1.71421,0,0.311,0.049,0.3708,1.71243,1.70843,1.7131,1.70592,0,0.0,0.45,0,1.71494,0.8,0.752,0,0.0,0.0,1.715,1.71212,1.876,0,0,1,1.0,1.0,0.1532,1.0,0.133,2,0.624,0,0.841,1.71489,1.71573,0.401,0.049,-0.0572,1,0.15,0,0.624,0.807,1.876,0.43,0.447,1,1.71494,8,0.76,0.199,0.62,0.3,0.221,0.916,0.905,1.66222,1.72112,1.72326,55138.9653,14653.3798,2,1.66025,0.798,1.68381,0.326,0.0,0.0,0,0.215,1,0,23766,0.772,0.573,0.42,20.0,22.3,0.1065,187.8,0.0,1,1,0.852,1.59509,1,1,0.825,1.54814,1,64.302,0.5,0.5,0.0,0.0,1.0,0.8,0.0,0.5,0.0,0.893,0.501,0.5,0.521,0.0,0.35,0.0,0,0,0.297,0.53,0.0,0.324,0.0,0.159,0.74,0.0,0.548,0.458,0.0,1.0,0.885
71178,2025.03.28 04:00:40,EURAUDm,BREAKOUT,BUY,1,1.7178,1.71533,1.72228,1.82,0.524,1.71489,1.71563,1.71436,0,1.17,0.347,1.5118,1.71266,1.70843,1.7131,1.70592,0,0.0,0.3,0,1.71489,0.72,0.219,0,0.0,0.0,0.0,1.71212,2.952,0,0,1,1.0,1.0,0.1898,1.0,0.151,0,0.699,1,0.568,1.715,1.71637,1.453,0.688,0.0,2,0.0,0,0.699,1.307,3.058,0.427,0.496,1,1.71489,8,0.744,0.0,0.255,0.3,0.0,0.78,0.95,1.65916,1.72236,1.71945,-72607.813,-127746.7783,-2,1.6612,0.763,1.68362,0.331,0.0,0.0,0,0.345,1,0,23767,0.772,0.573,0.42,20.0,26.1,0.1116,179.3,0.0,1,1,0.852,1.59509,1,1,0.825,1.54814,1,68.444,0.5,0.5,0.0,0.0,1.0,0.87,0.0,0.5,0.0,0.834,0.573,0.5,0.461,0.0,0.384,0.0,0,0,0.336,0.433,0.0,0.238,0.0,0.432,0.861,0.0,0.568,0.458,0.0,1.0,0.877
71180,2025.03.28 04:49:40,EURAUDm,TREND_CONTINUATION,BUY,1,1.71707,1.71492,1.72155,2.08,0.598,1.71489,1.71563,1.71436,0,1.17,0.347,1.0322,1.71266,1.70843,1.7131,1.70592,0,0.0,0.3,0,1.71489,0.72,0.219,0,0.0,0.0,0.0,1.71212,2.952,0,0,1,1.0,1.0,0.1898,1.0,0.036,0,0.699,1,0.568,1.715,1.71637,0.973,0.208,0.0,2,0.0,0,0.699,1.146,2.578,0.445,0.477,1,1.71489,8,0.744,0.0,0.289,0.3,0.0,0.78,0.95,1.65916,1.72236,1.71945,-72607.813,-127746.7783,-2,1.6612,0.763,1.68362,0.331,0.0,0.0,0,0.345,1,0,23767,0.772,0.573,0.42,33.0,25.3,0.1841,179.3,0.0,1,1,0.852,1.59509,1,1,0.825,1.54814,1,68.037,0.5,0.5,0.0,0.0,1.0,0.34,0.0,0.5,0.0,1.0,0.51,0.5,0.508,0.0,0.377,0.0,0,0,0.309,0.406,0.0,0.19,0.0,0.432,0.817,0.0,0.553,0.458,0.0,1.0,0.877
71182,2025.03.28 05:00:00,EURAUDm,PULLBACK,BUY,1,1.71728,1.71653,1.72237,6.76,0.734,1.715,1.71663,1.71433,0,1.113,0.548,1.2254,1.71266,1.71258,1.71363,1.70659,0,0.0,0.6,2,1.715,0.771,0.298,0,0.0,0.0,1.7165,1.71212,2.924,0,0,1,1.0,1.0,0.2513,1.0,0.365,2,0.544,1,0.022,1.7149,1.71806,1.282,0.58,0.6081,0,0.0,2,1.0,1.594,2.924,0.545,0.534,2,1.715,8,0.754,0.0,0.191,1.0,0.0,0.763,0.844,1.65916,1.72236,1.71945,-72607.813,-127746.7783,-2,1.6612,0.763,1.68362,0.331,0.0,0.0,0,0.345,1,0,23768,0.772,0.573,0.42,20.0,26.2,0.1178,169.7,0.0,1,1,0.852,1.59509,1,1,0.825,1.54814,1,71.997,0.5,0.5,0.0,0.0,1.0,0.85,0.0,0.5,0.0,0.709,0.616,0.5,0.511,0.0,0.384,0.0,0,0,0.377,0.493,0.0,0.216,0.0,1.0,0.65,0.0,0.484,0.458,0.0,1.0,1.049
71183,2025.03.28 05:00:20,EURAUDm,ANCHORED_PULLBACK,BUY,1,1.71728,1.71599,1.72047,2.47,0.401,1.715,1.71663,1.71433,0,1.113,0.548,1.2254,1.71266,1.71258,1.71363,1.70659,0,0.0,0.6,2,1.715,0.771,0.298,0,0.0,0.0,1.7165,1.71212,2.924,0,0,1,1.0,1.0,0.2513,1.0,0.365,2,0.583,1,0.022,1.7149,1.71806,1.282,0.58,0.0,2,0.0,0,0.583,1.156,2.924,0.395,0.379,1,1.715,8,0.754,0.0,0.191,0.3,0.0,0.763,0.844,1.65916,1.72236,1.71945,-72607.813,-127746.7783,-2,1.6612,0.763,1.68362,0.331,0.0,0.0,0,0.345,1,0,23768,0.772,0.573,0.42,20.0,26.2,0.1178,169.7,0.0,1,1,0.852,1.59509,1,1,0.825,1.54814,1,71.997,0.5,0.5,0.0,0.0,1.0,0.84,0.0,0.5,0.0,0.845,0.613,0.5,0.529,0.0,0.384,0.0,0,0,0.38,0.468,0.0,0.333,0.0,0.777,0.768,0.0,0.553,0.458,0.0,1.0,0.959
71186,2025.03.28 05:38:40,EURAUDm,BREAKOUT_RETEST,BUY,1,1.71652,1.71522,1.71798,1.12,0.598,1.715,1.71663,1.71433,1,1.113,0.548,0.7776,1.71266,1.71258,1.71363,1.70659,0,0.0,0.6,2,1.715,0.771,0.298,0,0.0,0.0,1.7165,1.71212,2.924,0,0,1,1.0,1.0,0.2513,1.0,0.31,2,0.583,1,0.022,1.7149,1.71596,0.834,0.213,0.0,2,0.0,0,0.583,0.999,2.476,0.404,0.36,1,1.715,8,0.754,0.0,0.207,0.3,0.0,0.763,0.88,1.65916,1.72236,1.71945,-72607.813,-127746.7783,-2,1.6612,0.763,1.68362,0.331,0.0,0.0,0,0.345,1,0,23768,0.772,0.573,0.42,20.0,21.6,0.1178,169.7,0.0,1,1,0.852,1.59509,1,1,0.825,1.54814,1,71.55,0.5,0.5,0.0,0.0,1.0,0.12,0.0,0.5,0.0,0.921,0.445,0.5,0.483,0.0,0.293,0.0,0,0,0.295,0.577,0.0,0.333,0.0,0.565,0.436,0.0,0.553,0.458,0.0,1.0,0.918
71188,2025.03.28 06:00:59,EURAUDm,BREAKOUT,BUY,1,1.71634,1.71572,1.72022,6.21,0.334,1.71653,1.71816,1.71567,1,0.006,0.129,-0.2527,1.71266,1.70756,1.71406,1.70653,0,0.0,0.65,0,1.71653,0.717,0.42,0,0.0,0.0,0.0,1.71212,2.727,0,0,1,0.8,0.825,0.2965,0.825,0.143,2,0.624,0,0.476,1.71663,1.71596,0.314,0.117,0.0,2,0.4,0,0.624,1.111,2.591,0.429,0.376,1,1.71567,5,0.6,0.371,0.417,0.247,0.235,0.725,0.856,1.65916,1.72236,1.71945,-72607.813,-127746.7783,-2,1.6612,0.763,1.68362,0.331,0.0,0.0,0,0.345,1,0,23769,0.772,0.573,0.42,20.0,23.1,0.1289,155.2,0.0,1,1,0.852,1.59509,1,1,0.825,1.54814,1,78.118,0.5,0.5,0.0,0.0,1.0,0.25,0.0,0.5,0.0,1.0,0.568,0.5,0.551,0.0,0.283,0.0,0,0,0.319,0.569,0.0,0.893,0.0,0.58,0.65,0.0,0.556,0.458,0.0,1.0,0.861
71190,2025.03.28 06:40:40,EURAUDm,MEAN_REVERSION,BUY,1,1.71482,1.71358,1.71673,1.54,0.572,1.71653,1.71816,1.71567,0,0.006,0.129,-1.232,1.71266,1.70756,1.71406,1.70653,0,0.0,0.65,0,1.71653,0.717,0.42,0,0.0,0.0,0.0,1.71212,2.727,0,0,1,0.8,0.825,0.2965,0.825,0.321,2,0.624,0,0.476,1.71663,1.71443,1.294,0.125,0.0,2,0.4,0,0.624,0.648,1.612,0.402,0.322,0,1.71653,8,0.743,0.0,0.364,0.247,0.235,0.725,0.892,1.65916,1.72236,1.71945,-72607.813,-127746.7783,-2,1.6612,0.763,1.68362,0.331,0.0,0.0,0,0.345,1,0,23769,0.772,0.573,0.42,20.0,22.3,0.1289,155.2,0.0,1,1,0.852,1.59509,1,1,0.825,1.54814,1,77.139,0.5,0.5,0.0,0.0,1.0,0.2,0.0,0.5,0.0,0.556,0.413,0.5,0.538,0.0,0.411,0.0,0,0,0.378,0.469,0.0,0.496,0.0,0.726,0.394,0.0,0.556,0.458,0.0,1.0,0.942
71192,2025.03.28 07:00:20,EURAUDm,ANCHORED_PULLBACK,BUY,1,1.71607,1.71583,1.71644,1.55,0.311,1.71644,1.71816,1.71598,0,0.416,0.171,-0.3819,1.71275,1.70756,1.71406,1.70653,0,0.0,0.6,0,1.71644,0.719,0.373,0,0.0,0.0,1.71515,1.71212,2.499,0,0,1,0.8,0.825,0.3152,0.825,0.242,2,0.567,0,0.567,1.71671,1.71598,0.566,0.076,0.0,2,0.4,0,0.567,1.048,2.533,0.414,0.369,1,1.71644,8,0.744,0.0,0.387,0.247,0.253,0.754,0.766,1.65916,1.72236,1.71945,-72607.813,-127746.7783,-2,1.6612,0.763,1.68362,0.331,0.0,0.0,0,0.345,1,0,23770,0.773,0.575,0.42,20.0,23.3,0.135,148.1,0.0,1,1,0.852,1.59509,1,1,0.825,1.54814,1,81.664,0.5,0.5,0.0,0.0,1.0,0.99,0.0,0.5,0.0,0.595,0.695,0.5,0.476,0.0,0.387,0.0,0,0,0.414,0.582,0.0,0.894,0.0,0.795,0.481,0.0,0.561,0.458,0.0,1.0,0.942
71194,2025.03.28 07:00:59,EURAUDm,PULLBACK,BUY,1,1.71583,1.7152,1.71664,1.29,0.404,1.71644,1.71816,1.71598,0,0.416,0.171,-0.5439,1.71275,1.70756,1.71406,1.70653,0,0.0,0.6,0,1.71644,0.719,0.373,0,0.0,0.0,1.71515,1.71212,2.499,0,0,1,0.8,0.825,0.3152,0.825,0.316,2,0.567,0,0.567,1.71671,1.71598,0.728,0.238,0.0,2,0.4,0,0.567,0.955,2.371,0.403,0.358,1,1.71644,8,0.744,0.0,0.365,0.247,0.253,0.754,0.766,1.65916,1.72236,1.71945,-72607.813,-127746.7783,-2,1.6612,0.763,1.68362,0.331,0.0,0.0,0,0.345,1,0,23770,0.773,0.575,0.42,20.0,23.2,0.135,148.1,0.0,1,1,0.852,1.59509,1,1,0.825,1.54814,1,81.502,0.5,0.5,0.0,0.0,1.0,0.87,0.0,0.5,0.0,0.595,0.619,0.5,0.499,0.0,0.453,0.0,0,0,0.402,0.421,0.0,0.745,0.0,0.723,0.65,0.0,0.558,0.458,0.0,1.0,0.942
71196,2025.03.28 07:21:40,EURAUDm,SWEEP_REVERSAL,BUY,1,1.71543,1.71395,1.71664,0.81,0.27,1.71644,1.71816,1.71598,0,0.416,0.171,-0.8139,1.71275,1.70756,1.71406,1.70653,0,0.0,0.6,0,1.71644,0.719,0.373,0,0.0,0.0,1.71515,1.71212,2.499,0,0,1,0.8,0.825,0.3152,0.825,0.258,2,0.567,0,0.567,1.71671,1.71489,0.998,0.227,0.0,2,0.4,0,0.567,0.864,2.101,0.411,0.348,0,1.71644,8,0.744,0.0,0.383,0.247,0.253,0.754,0.806,1.65916,1.72236,1.71945,-72607.813,-127746.7783,-2,1.6612,0.763,1.68362,0.331,0.0,0.0,0,0.345,1,0,23770,0.773,0.575,0.42,20.0,23.0,0.135,148.1,0.0,1,1,0.852,1.59509,1,1,0.825,1.54814,1,81.232,0.5,0.5,0.0,0.0,1.0,0.23,0.0,0.5,0.0,0.448,0.478,0.5,0.542,0.0,0.466,0.0,0,0,0.362,0.41,0.0,0.994,0.0,0.723,0.65,0.0,0.558,0.458,0.0,1.0,0.942
71198,2025.03.28 07:32:40,EURAUDm,TREND_CONTINUATION,BUY,1,1.71477,1.71299,1.71664,1.05,0.465,1.71644,1.71816,1.71598,0,0.416,0.171,-1.2594,1.71275,1.70756,1.71406,1.70653,0,0.0,0.6,0,1.71644,0.719,0.373,0,0.0,0.0,1.71515,1.71212,2.499,0,0,1,0.8,0.825,0.3152,0.825,0.191,2,0.567,0,0.567,1.71671,1.71489,1.443,0.218,0.0,2,0.4,0,0.567,0.697,1.655,0.421,0.328,0,1.71644,8,0.744,0.0,0.403,0.247,0.253,0.754,0.806,1.65916,1.72236,1.71945,-72607.813,-127746.7783,-2,1.6612,0.763,1.68362,0.331,0.0,0.0,0,0.345,1,0,23770,0.773,0.575,0.42,20.0,21.6,0.135,148.1,0.0,1,1,0.852,1.59509,1,1,0.825,1.54814,1,80.787,0.5,0.5,0.0,0.0,1.0,0.12,0.0,0.5,0.0,0.516,0.309,0.5,0.449,0.0,0.399,0.0,0,0,0.409,0.477,0.0,0.596,0.0,0.705,0.343,0.0,0.55,0.458,0.0,1.0,0.942
71200,2025.03.28 08:40:40,EURAUDm,MEAN_REVERSION,BUY,2,1.71204,1.71076,1.71663,3.58,0.601,1.71643,1.71725,1.7149,0,0.821,0.088,-2.8661,1.71275,1.70756,1.71406,1.70653,1,0.0,0.5,0,1.71643,0.707,0.342,0,0.0,0.0,1.71491,1.71212,1.139,0,0,0,1.0,0.825,0.2337,0.825,0.032,2,0.638,0,0.641,1.71537,1.71349,2.207,1.034,0.0,2,0.4,0,0.638,1.276,2.866,0.445,0.401,1,1.71643,8,0.741,0.0,0.45,0.247,0.268,0.583,0.953,1.66173,1.72149,1.71945,-53124.3333,19483.4797,-1,1.65981,0.777,1.68486,0.333,0.0,0.0,0,0.228,1,0,23771,0.773,0.575,0.42,20.0,23.8,0.125,160.0,0.0,1,1,0.852,1.59509,1,1,0.825,1.54814,1,73.094,0.683,0.317,0.0,1.0,1.0,0.61,0.0,0.5,0.0,0.566,0.442,0.5,0.474,0.0,0.626,0.0,0,0,0.427,0.331,0.0,0.414,0.0,0.626,0.258,0.0,0.539,0.458,0.0,1.0,0.828
71202,2025.03.28 09:21:40,EURAUDm,SWEEP_REVERSAL,BUY,2,1.71131,1.70954,1.71585,2.56,0.126,1.71552,1.71689,1.71322,0,1.902,0.691,-2.5643,1.71238,1.70756,1.71337,1.70653,1,0.0,0.6,0,1.71552,0.674,0.03,0,0.0,0.0,1.71129,0.0,0.0,0,0,0,0.184,0.0,-0.0091,0.358,0.321,0,0.765,3,0.494,1.71521,1.71292,2.391,1.094,0.0,2,0.0,0,0.765,1.206,3.0,0.402,0.505,2,1.71552,8,0.735,0.0,0.204,0.0,0.0,0.888,0.837,1.66173,1.72149,1.71945,-53124.3333,19483.4797,-1,1.65981,0.777,1.68486,0.333,0.0,0.0,0,0.228,1,0,23772,0.773,0.575,0.42,33.0,31.6,0.1865,176.9,0.0,1,1,0.852,1.59509,1,1,0.825,1.54814,1,65.688,0.683,0.317,0.0,1.0,1.0,0.41,0.0,0.5,0.0,0.464,0.442,0.5,0.438,0.0,0.513,0.0,0,0,0.372,0.582,0.392,0.633,0.0,0.321,0.227,0.0,0.553,0.458,0.0,1.0,0.806
71204,2025.03.28 10:41:20,EURAUDm,MEAN_REVERSION,BUY,2,1.71135,1.71066,1.71525,5.66,0.611,1.71167,1.71505,1.71064,1,0.037,0.286,-0.2864,1.71238,1.70756,1.71337,1.70653,1,0.0,0.75,0,1.71167,0.746,0.373,0,0.0,0.0,0.0,0.0,0.0,0,0,0,0.675,-0.51,-0.1358,0.51,0.343,2,0.563,3,0.835,1.71152,1.71064,0.206,0.279,0.0,2,0.4,0,0.563,1.195,3.0,0.398,0.439,1,1.71505,4,0.6,0.589,0.357,0.153,0.14,0.915,0.853,1.66173,1.72149,1.71945,-53124.3333,19483.4797,-1,1.65981,0.777,1.68486,0.333,0.0,0.0,0,0.228,1,0,23773,0.773,0.575,0.42,20.0,20.0,0.11,181.9,0.0,1,1,0.852,1.59509,1,1,0.825,1.54814,1,63.929,0.683,0.317,0.0,1.0,1.0,0.33,0.0,0.5,0.0,0.621,0.42,0.5,0.48,0.0,0.3,0.0,0,0,0.312,0.586,0.0,0.743,0.0,0.339,0.449,0.0,0.521,0.458,0.0,1.0,0.678
71206,2025.03.28 14:00:40,EURAUDm,ANCHORED_PULLBACK,BUY,4,1.71368,1.71253,1.71565,1.71,0.268,1.71138,1.712,1.71076,0,0.936,0.161,1.0155,1.71211,1.70756,1.71337,1.70653,1,0.0,0.35,0,1.71138,0.767,0.607,0,0.0,0.0,1.71218,0.0,0.0,0,0,1,0.975,-0.65,-0.3746,0.65,0.068,0,0.817,1,0.452,1.71147,1.71306,0.97,0.147,0.0,2,0.4,0,0.817,1.319,3.0,0.44,0.462,1,1.71138,8,0.753,0.0,0.44,0.195,0.14,0.857,0.963,1.66173,1.72149,1.71945,-53462.8951,-338.5618,-2,1.65981,0.771,1.68486,0.336,0.0,0.0,0,0.215,1,0,23777,0.773,0.575,0.42,33.0,27.7,0.1704,193.6,0.0,1,1,0.852,1.59509,1,1,0.825,1.54814,0,61.242,0.5,0.5,0.0,0.0,0.5,0.19,0.0,0.5,0.0,0.479,0.551,0.5,0.486,0.0,0.594,0.0,0,0,0.414,0.376,0.0,0.599,0.0,0.298,0.72,0.0,0.536,0.458,0.0,1.0,0.693
0,2025.03.28 16:00:40,EURAUDm,ANCHORED_PULLBACK,BUY,4,1.71846,1.71835,1.71939,8.73,0.386,1.71136,1.71939,1.71058,1,0.183,0.668,2.8296,1.71221,1.71066,1.71354,1.70613,0,0.0,0.85,2,1.71136,0.741,0.0,1,0.0,0.0,1.71908,0.0,0.0,0,0,1,0.232,0.3896,0.0131,0.39,0.119,2,0.466,3,1.0,1.71939,1.71706,0.465,0.491,0.0,2,0.0,0,0.466,1.296,3.0,0.432,0.486,1,1.71939,4,0.6,0.07,0.264,0.117,0.0,0.743,0.944,1.66276,1.72118,1.71663,-106287.8607,-52824.9656,-2,1.66009,0.752,1.68342,0.339,0.0,0.0,0,0.379,1,0,23779,0.773,0.575,0.42,20.0,30.1,0.082,243.9,0.0,1,1,0.852,1.59509,1,1,0.825,1.54814,0,50.576,0.5,0.5,0.0,0.0,0.5,0.82,0.0,0.5,0.0,1.0,0.384,0.5,0.51,0.0,0.355,0.0,0,0,0.364,0.6,0.0,0.239,0.0,1.0,0.433,0.0,0.477,0.458,0.0,1.0,0.991
71208,2025.03.28 16:06:40,EURAUDm,BREAKOUT,BUY,4,1.7189,1.71402,1.725,1.25,0.189,1.71136,1.71939,1.71058,1,0.183,0.668,3.01,1.71221,1.71066,1.71354,1.70613,0,0.0,0.85,2,1.71136,0.741,0.0,1,0.0,0.0,1.71908,0.0,0.0,0,0,1,0.232,0.3896,0.0131,0.39,0.287,2,0.466,3,1.0,1.71939,1.71706,0.285,0.672,0.0,2,0.0,0,0.466,1.225,3.01,0.407,0.477,1,1.71136,8,0.748,0.431,0.214,0.117,0.0,0.743,0.944,1.66276,1.72118,1.71663,-106287.8607,-52824.9656,-2,1.66009,0.752,1.68342,0.339,0.0,0.0,0,0.379,1,0,23779,0.773,0.575,0.42,20.0,28.5,0.082,243.9,0.0,1,1,0.852,1.59509,1,1,0.825,1.54814,0,50.757,0.5,0.5,0.0,0.0,0.5,0.89,0.0,0.5,0.0,1.0,0.381,0.5,0.511,0.0,0.378,0.0,0,0,0.376,0.641,0.0,0.239,0.0,1.0,0.433,0.0,0.472,0.458,0.0,1.0,0.991
71210,2025.03.28 16:16:40,EURAUDm,TREND_CONTINUATION,BUY,4,1.71932,1.71639,1.72542,2.08,0.262,1.71136,1.71939,1.71058,1,0.183,0.668,3.1822,1.71221,1.71066,1.71354,1.70613,0,0.0,0.85,2,1.71136,0.741,0.0,1,0.0,0.0,1.71908,0.0,0.0,0,0,1,0.232,0.3896,0.0131,0.39,0.62,2,0.466,3,1.0,1.71939,1.71706,0.113,0.844,0.0,2,0.0,0,0.466,1.136,3.182,0.357,0.467,1,1.71136,8,0.748,0.775,0.114,0.117,0.0,0.743,0.944,1.66276,1.72118,1.71663,-106287.8607,-52824.9656,-2,1.66009,0.752,1.68342,0.339,0.0,0.0,0,0.379,1,0,23779,0.773,0.575,0.42,20.0,21.6,0.082,243.9,0.0,1,1,0.852,1.59509,1,1,0.825,1.54814,0,50.929,0.5,0.5,0.0,0.0,0.5,0.99,0.0,0.5,0.0,1.0,0.531,0.5,0.535,0.0,0.354,0.0,0,0,0.321,0.723,0.0,0.191,0.0,1.0,0.73,0.0,0.472,0.458,0.0,1.0,0.991
71212,2025.03.28 17:00:00,EURAUDm,BREAKOUT_RETEST,BUY,3,1.72006,1.71931,1.72115,1.46,0.459,1.71971,1.72095,1.71402,1,0.059,1.056,0.0594,1.71115,1.71066,1.71354,1.70613,0,0.0,0.7,2,1.71971,0.743,0.627,0,0.0,0.0,0.0,0.0,0.0,0,0,1,0.75,0.72,0.2454,0.72,1.0,2,0.463,2,0.083,1.71947,1.71699,0.159,1.155,0.0,2,0.0,0,0.463,0.9,3.0,0.3,0.315,0,1.72095,4,0.6,0.682,0.0,0.216,0.0,0.673,0.95,1.66276,1.72118,1.71663,-106287.8607,-52824.9656,-2,1.66009,0.752,1.68342,0.339,0.0,0.0,0,0.379,1,0,23780,0.769,0.571,0.423,20.0,23.1,0.0805,248.4,0.0,1,1,0.852,1.59509,1,1,0.825,1.54814,0,50.304,0.5,0.5,0.0,0.0,0.5,0.35,0.0,0.5,0.0,0.919,0.576,0.5,0.552,0.0,0.393,0.0,0,0,0.369,0.641,0.0,0.47,0.0,0.421,0.65,0.0,0.528,0.458,0.0,1.0,1.032
71214,2025.03.28 17:05:40,EURAUDm,PULLBACK,BUY,3,1.72041,1.71668,1.72786,2.0,0.524,1.71971,1.72095,1.71402,1,0.059,1.056,0.2003,1.71115,1.71066,1.71354,1.70613,0,0.0,0.7,2,1.71971,0.743,0.627,0,0.0,0.0,0.0,0.0,0.0,0,0,1,0.75,0.72,0.2454,0.72,0.57,2,0.463,2,0.083,1.71947,1.71699,0.3,1.296,0.0,2,0.0,0,0.463,1.094,3.0,0.365,0.338,0,1.71402,5,0.6,0.4,0.129,0.216,0.0,0.673,0.95,1.66276,1.72118,1.71663,-106287.8607,-52824.9656,-2,1.66009,0.752,1.68342,0.339,0.0,0.0,0,0.379,1,0,23780,0.769,0.571,0.423,20.0,24.7,0.0805,248.4,0.0,1,1,0.852,1.59509,1,1,0.825,1.54814,0,50.445,0.5,0.5,0.0,0.0,0.5,0.99,0.0,0.5,0.0,1.0,0.568,0.5,0.564,0.0,0.343,0.0,0,0,0.347,0.565,0.0,0.523,0.0,0.421,0.65,0.0,0.499,0.458,0.0,1.0,0.983
71216,2025.03.28 18:07:20,EURAUDm,BREAKOUT,BUY,3,1.72062,1.71701,1.72663,1.67,0.363,1.7197,1.72112,1.71869,1,0.119,1.464,0.2994,1.71119,1.70746,1.71385,1.70618,0,0.0,0.3,4,1.7197,0.732,0.389,0,0.0,0.0,0.0,0.0,0.0,0,0,1,0.55,0.755,0.45,0.755,0.506,0,0.723,2,0.81,1.7195,1.71687,0.383,1.476,0.0,2,0.0,0,0.723,1.122,3.0,0.374,0.511,2,1.7195,2,0.55,0.233,0.148,0.226,0.15,0.784,0.961,1.66276,1.72118,1.71663,-106287.8607,-52824.9656,-2,1.66009,0.752,1.68342,0.339,0.0,0.0,0,0.379,1,0,23781,0.769,0.571,0.423,20.0,29.6,0.0831,240.6,0.0,1,1,0.852,1.59509,1,1,0.825,1.54814,0,52.18,0.5,0.5,0.0,0.0,0.5,0.81,0.0,0.5,0.0,1.0,0.583,0.5,0.514,0.0,0.303,0.0,0,0,0.325,0.717,0.0,0.677,0.0,0.493,0.65,0.0,0.529,0.458,0.0,1.0,0.932
71218,2025.03.28 18:23:40,EURAUDm,TREND_CONTINUATION,BUY,3,1.72062,1.71773,1.72663,2.08,0.425,1.7197,1.72112,1.71869,1,0.119,1.464,0.2994,1.71119,1.70746,1.71385,1.70618,0,0.0,0.3,4,1.7197,0.732,0.389,0,0.0,0.0,0.0,0.0,0.0,0,0,1,0.55,0.755,0.45,0.755,0.506,0,0.723,2,0.81,1.7195,1.71687,0.383,1.476,0.0,2,0.0,0,0.723,1.122,3.0,0.374,0.511,2,1.7195,2,0.55,0.233,0.148,0.226,0.15,0.784,0.961,1.66276,1.72118,1.71663,-106287.8607,-52824.9656,-2,1.66009,0.752,1.68342,0.339,0.0,0.0,0,0.379,1,0,23781,0.769,0.571,0.423,20.0,23.1,0.0831,240.6,0.0,1,1,0.852,1.59509,1,1,0.825,1.54814,0,52.18,0.5,0.5,0.0,0.0,0.5,0.97,0.0,0.5,0.0,1.0,0.604,0.5,0.548,0.0,0.316,0.0,0,0,0.353,0.717,0.0,0.677,0.0,0.493,0.65,0.0,0.529,0.458,0.0,1.0,0.932
71220,2025.03.28 19:00:00,EURAUDm,ANCHORED_PULLBACK,BUY,3,1.72192,1.72089,1.7266,4.53,0.563,1.72001,1.7213,1.71911,0,0.54,0.111,0.7032,1.71123,1.70844,1.71329,1.70624,0,0.0,0.55,0,1.72001,0.761,0.825,0,0.0,0.0,1.72162,0.0,0.0,0,0,1,0.9,0.79,0.5315,0.79,0.272,2,0.647,0,0.726,1.72011,1.72199,0.662,0.111,-0.0999,1,0.15,0,0.647,1.228,3.0,0.409,0.463,1,1.72001,8,0.752,0.0,0.578,0.237,0.198,0.721,0.912,1.66276,1.72118,1.71663,-106287.8607,-52824.9656,-2,1.66009,0.752,1.68342,0.339,0.0,0.0,0,0.379,1,0,23782,0.769,0.571,0.423,20.0,27.1,0.082,243.8,0.0,1,1,0.852,1.59509,1,1,0.825,1.54814,0,52.025,0.5,0.5,0.0,0.0,0.5,0.78,0.0,0.5,0.0,0.961,0.438,0.5,0.562,0.0,0.375,0.0,0,0,0.356,0.43,0.0,0.241,0.0,0.316,0.835,0.0,0.519,0.458,0.0,1.0,0.82
71222,2025.03.28 19:05:40,EURAUDm,PULLBACK,BUY,3,1.72167,1.72036,1.72898,5.58,0.462,1.72001,1.7213,1.71911,0,0.54,0.111,0.6006,1.71123,1.70844,1.71329,1.70624,0,0.0,0.55,0,1.72001,0.761,0.825,0,0.0,0.0,1.72162,0.0,0.0,0,0,1,0.9,0.79,0.5315,0.79,0.28,0,0.722,0,0.726,1.72011,1.7214,0.56,0.031,0.0,2,0.15,0,0.722,1.224,3.0,0.408,0.482,1,1.72001,8,0.752,0.0,0.276,0.237,0.198,0.721,0.706,1.66276,1.72118,1.71663,-106287.8607,-52824.9656,-2,1.66009,0.752,1.68342,0.339,0.0,0.0,0,0.379,1,0,23782,0.769,0.571,0.423,20.0,23.2,0.082,243.8,0.0,1,1,0.852,1.59509,1,1,0.825,1.54814,0,51.923,0.5,0.5,0.0,0.0,0.5,0.43,0.0,0.5,0.0,0.957,0.405,0.5,0.497,0.0,0.307,0.0,0,0,0.329,0.532,0.0,0.192,0.0,0.421,0.434,0.0,0.513,0.458,0.0,1.0,0.877
71224,2025.03.28 20:00:00,EURAUDm,BREAKOUT_RETEST,BUY,3,1.72192,1.72119,1.72338,2.01,0.59,1.72171,1.722,1.7199,1,0.028,0.894,-0.0505,1.71124,1.70846,1.71422,1.70625,0,0.0,0.55,2,1.72171,0.753,0.033,0,0.0,0.0,0.0,0.0,0.0,0,0,1,0.975,0.825,0.5913,0.825,0.709,2,0.581,0,0.392,1.72162,1.71933,0.011,0.934,0.0,2,0.0,0,0.581,1.031,3.0,0.344,0.419,1,1.7199,5,0.6,0.978,0.087,0.247,0.078,0.833,0.912,1.66276,1.72118,1.71663,-107038.3802,-750.5195,-2,1.66009,0.744,1.68342,0.342,0.0,0.0,0,0.401,1,0,23783,0.769,0.571,0.423,33.0,32.2,0.136,242.6,0.0,1,1,0.852,1.59509,1,1,0.825,1.54814,0,52.286,0.5,0.5,0.0,0.0,0.5,0.24,0.0,0.5,0.0,0.64,0.385,0.5,0.562,0.0,0.372,0.0,0,0,0.386,0.841,0.0,0.257,0.0,0.413,0.65,0.0,0.533,0.458,0.0,1.0,1.032
71226,2025.03.28 20:07:20,EURAUDm,BREAKOUT,BUY,3,1.72212,1.71848,1.72818,1.67,0.393,1.72171,1.722,1.7199,1,0.028,0.894,0.0319,1.71124,1.70846,1.71422,1.70625,0,0.0,0.55,2,1.72171,0.753,0.033,0,0.0,0.0,0.0,0.0,0.0,0,0,1,0.975,0.825,0.5913,0.825,1.0,2,0.581,0,0.392,1.72162,1.71933,0.071,1.016,0.0,2,0.0,0,0.581,0.9,3.0,0.3,0.403,1,1.7199,5,0.6,0.857,0.0,0.247,0.078,0.833,0.912,1.66276,1.72118,1.71663,-107038.3802,-750.5195,-2,1.66009,0.744,1.68342,0.342,0.0,0.0,0,0.401,1,0,23783,0.769,0.571,0.423,33.0,33.0,0.136,242.6,0.0,1,1,0.852,1.59509,1,1,0.825,1.54814,0,52.368,0.5,0.5,0.0,0.0,0.5,0.67,0.0,0.5,0.0,0.679,0.418,0.5,0.56,0.0,0.385,0.0,0,0,0.371,0.732,0.0,0.257,0.0,0.344,0.65,0.0,0.533,0.458,0.0,1.0,1.032
71228,2025.03.28 20:23:40,EURAUDm,TREND_CONTINUATION,BUY,3,1.72267,1.71976,1.72873,2.08,0.561,1.72171,1.722,1.7199,0,0.028,0.894,0.2587,1.71124,1.70846,1.71422,1.70625,0,0.0,0.55,2,1.72171,0.753,0.033,0,0.0,0.0,0.0,0.0,0.0,0,0,1,0.975,0.825,0.5913,0.825,0.2,2,0.581,0,0.392,1.72162,1.71933,0.298,1.243,0.0,2,0.0,0,0.581,1.26,3.0,0.42,0.445,1,1.7199,5,0.6,0.404,0.24,0.247,0.078,0.833,0.912,1.66276,1.72118,1.71663,-107038.3802,-750.5195,-2,1.66009,0.744,1.68342,0.342,0.0,0.0,0,0.401,1,0,23783,0.769,0.571,0.423,33.0,31.4,0.136,242.6,0.0,1,1,0.852,1.59509,1,1,0.825,1.54814,0,52.595,0.5,0.5,0.0,0.0,0.5,0.86,0.0,0.5,0.0,1.0,0.559,0.5,0.534,0.0,0.313,0.0,0,0,0.321,0.604,0.0,0.285,0.0,0.39,0.702,0.0,0.51,0.458,0.0,1.0,1.024
0,2025.03.30 21:05:00,EURAUDm,SWEEP_REVERSAL,BUY,3,1.72473,1.72233,1.72752,1.16,0.188,1.72172,1.72223,1.72058,0,0.903,0.043,-1.1605,1.7113,1.70773,1.71377,1.70634,0,0.0,0.4,0,1.72172,0.748,0.738,0,0.0,0.0,1.72192,0.0,0.0,0,0,1,1.0,0.86,0.6049,0.86,0.007,0,0.677,0,0.524,1.7211,1.71934,0.903,0.172,0.0,2,0.15,0,0.677,1.347,3.0,0.449,0.415,1,1.72172,8,0.75,0.0,0.358,0.258,0.157,0.367,0.997,1.6617,1.7199,1.71663,-79280.5485,27757.8318,-1,1.65962,0.733,1.68456,0.341,0.0,0.0,0,0.406,1,0,23784,0.769,0.571,0.423,580.0,43.9,2.4145,240.2,0.0,1,1,0.852,1.59509,1,1,0.825,1.54814,0,53.968,0.675,0.325,0.0,1.0,0.5,0.0,0.0,0.5,0.0,0.592,0.389,0.5,0.536,0.0,0.281,0.0,0,0,0.34,0.291,0.0,0.239,0.0,0.334,0.465,0.0,0.514,0.458,0.0,1.0,0.877
0,2025.03.30 21:05:20,EURAUDm,MEAN_REVERSION,BUY,3,1.72473,1.72281,1.72752,1.45,0.618,1.72172,1.72223,1.72058,0,0.903,0.043,-1.1605,1.7113,1.70773,1.71377,1.70634,0,0.0,0.4,0,1.72172,0.748,0.738,0,0.0,0.0,1.72192,0.0,0.0,0,0,1,1.0,0.86,0.6049,0.86,0.007,0,0.677,0,0.524,1.7211,1.71934,0.903,0.172,0.0,2,0.15,0,0.677,1.347,3.0,0.449,0.415,1,1.72172,8,0.75,0.0,0.358,0.258,0.157,0.367,0.997,1.6617,1.7199,1.71663,-79280.5485,27757.8318,-1,1.65962,0.733,1.68456,0.341,0.0,0.0,0,0.406,1,0,23784,0.769,0.571,0.423,580.0,49.4,2.4145,240.2,0.0,1,1,0.852,1.59509,1,1,0.825,1.54814,0,53.968,0.675,0.325,0.0,1.0,0.5,0.0,0.0,0.5,0.0,0.592,0.389,0.5,0.536,0.0,0.281,0.0,0,0,0.34,0.291,0.0,0.239,0.0,0.334,0.465,0.0,0.514,0.458,0.0,1.0,0.877
0,2025.03.30 21:37:40,EURAUDm,BREAKOUT_RETEST,BUY,3,1.72366,1.72294,1.72447,1.12,0.597,1.72172,1.72223,1.72058,1,0.903,0.043,-0.3363,1.7113,1.70773,1.71377,1.70634,0,0.0,0.4,0,1.72172,0.748,0.738,0,0.0,0.0,1.72192,0.0,0.0,0,0,1,1.0,0.86,0.6049,0.86,0.311,0,0.677,0,0.524,1.7211,1.71934,0.078,0.652,0.0,2,0.15,0,0.677,1.21,3.0,0.403,0.399,1,1.72172,8,0.75,0.843,0.267,0.258,0.157,0.367,0.997,1.6617,1.7199,1.71663,-79280.5485,27757.8318,-1,1.65962,0.733,1.68456,0.341,0.0,0.0,0,0.406,1,0,23784,0.769,0.571,0.423,275.0,439.7,1.1448,240.2,0.0,1,1,0.852,1.59509,1,1,0.825,1.54814,0,53.523,0.675,0.325,0.0,1.0,0.5,0.99,0.0,0.5,0.874,0.773,0.66,0.5,0.441,0.0,0.295,0.0,0,0,0.346,0.599,0.0,0.382,0.0,0.278,0.65,0.0,0.514,0.458,0.0,1.0,0.795
71230,2025.03.30 21:59:40,EURAUDm,PULLBACK,BUY,3,1.7229,1.7193,1.73011,2.0,0.628,1.72172,1.72223,1.72058,1,0.903,0.043,-0.0407,1.7113,1.70773,1.71377,1.70634,0,0.0,0.4,0,1.72172,0.748,0.738,0,0.0,0.0,1.72192,0.0,0.0,0,0,1,1.0,0.86,0.6049,0.86,1.0,0,0.677,0,0.524,1.72172,1.72275,0.041,0.471,0.0,2,0.15,0,0.677,0.9,3.0,0.3,0.404,1,1.72058,5,0.6,0.919,0.06,0.258,0.157,0.691,0.911,1.6617,1.7199,1.71663,-79280.5485,27757.8318,-1,1.65962,0.733,1.68456,0.341,0.0,0.0,0,0.406,1,0,23784,0.769,0.571,0.423,128.0,234.9,0.5329,240.2,0.0,1,1,0.852,1.59509,1,1,0.825,1.54814,0,53.207,0.675,0.325,0.0,1.0,0.5,0.99,0.0,0.5,0.0,0.443,0.612,0.5,0.462,0.0,0.37,0.0,0,0,0.354,0.742,0.0,0.344,0.0,0.351,0.461,0.0,0.549,0.458,0.0,1.0,0.762
71231,2025.03.30 21:59:59,EURAUDm,TREND_CONTINUATION,BUY,3,1.7229,1.72002,1.72891,2.08,0.561,1.72172,1.72223,1.72058,1,0.903,0.043,-0.0407,1.7113,1.70773,1.71377,1.70634,0,0.0,0.4,0,1.72172,0.748,0.738,0,0.0,0.0,1.72192,0.0,0.0,0,0,1,1.0,0.86,0.6049,0.86,1.0,0,0.677,0,0.524,1.72172,1.72275,0.041,0.471,0.0,2,0.15,0,0.677,0.9,3.0,0.3,0.404,1,1.72058,5,0.6,0.919,0.06,0.258,0.157,0.691,0.911,1.6617,1.7199,1.71663,-79280.5485,27757.8318,-1,1.65962,0.733,1.68456,0.341,0.0,0.0,0,0.406,1,0,23784,0.769,0.571,0.423,128.0,233.7,0.5329,240.2,0.0,1,1,0.852,1.59509,1,1,0.825,1.54814,0,53.207,0.675,0.325,0.0,1.0,0.5,0.98,0.0,0.5,0.0,0.443,0.618,0.5,0.462,0.0,0.37,0.0,0,0,0.357,0.742,0.0,0.344,0.0,0.351,0.461,0.0,0.549,0.458,0.0,1.0,0.762
71234,2025.03.30 23:05:00,EURAUDm,BREAKOUT,BUY,1,1.72486,1.72262,1.73086,2.67,0.493,1.72178,1.7229,1.72115,0,0.573,0.052,1.1479,1.71137,1.71074,1.71411,1.70544,0,0.0,0.35,0,1.72178,0.8,0.832,0,0.0,0.0,1.72266,0.0,0.0,0,0,1,1.0,0.93,0.4658,0.93,0.015,0,0.682,2,0.188,1.72253,1.72353,0.835,0.419,0.0,2,0.15,0,0.682,1.343,3.0,0.448,0.373,1,1.72178,8,0.76,0.0,0.356,0.279,0.053,0.358,0.979,1.6617,1.7199,1.71663,-79280.5485,27757.8318,-1,1.65962,0.733,1.68456,0.341,0.0,0.0,0,0.406,1,0,23786,0.769,0.571,0.423,33.0,77.5,0.1375,240.0,0.0,1,1,0.852,1.59509,1,1,0.825,1.54814,0,54.071,0.675,0.325,0.0,1.0,0.5,0.98,0.0,0.5,0.0,0.747,0.671,0.5,0.474,0.0,0.8,0.0,0,0,0.565,0.356,0.0,0.475,0.0,0.459,0.863,0.0,0.524,0.478,0.0,1.0,0.884
71236,2025.03.30 23:27:20,EURAUDm,ANCHORED_PULLBACK,BUY,1,1.72369,1.72194,1.72816,2.56,0.419,1.72178,1.7229,1.72115,0,0.573,0.052,0.6604,1.71137,1.71074,1.71411,1.70544,0,0.0,0.35,0,1.72178,0.8,0.832,0,0.0,0.0,1.72266,0.0,0.0,0,0,1,1.0,0.93,0.4658,0.93,0.028,0,0.682,2,0.188,1.72253,1.72353,0.348,0.069,0.0,2,0.15,0,0.682,1.338,3.0,0.446,0.372,1,1.72178,8,0.76,0.304,0.352,0.279,0.053,0.358,0.979,1.6617,1.7199,1.71663,-79280.5485,27757.8318,-1,1.65962,0.733,1.68456,0.341,0.0,0.0,0,0.406,1,0,23786,0.769,0.571,0.423,33.0,33.0,0.1375,240.0,0.0,1,1,0.852,1.59509,1,1,0.825,1.54814,0,53.583,0.675,0.325,0.0,1.0,0.5,0.35,0.0,0.5,0.0,1.0,0.424,0.5,0.485,0.0,0.819,0.0,0,0,0.519,0.396,0.0,0.238,0.0,0.476,0.86,0.0,0.51,0.478,0.0,1.0,0.884
71238,2025.03.30 23:42:40,EURAUDm,BREAKOUT_RETEST,BUY,1,1.72278,1.72187,1.72411,1.45,0.589,1.72178,1.7229,1.72115,1,0.573,0.052,0.2812,1.71137,1.71074,1.71411,1.70544,0,0.0,0.35,0,1.72178,0.8,0.832,0,0.0,0.0,1.72266,0.0,0.0,0,0,1,1.0,0.93,0.4658,0.93,0.411,0,0.682,2,0.188,1.72253,1.72353,0.031,0.448,0.0,2,0.15,0,0.682,1.165,3.0,0.388,0.352,1,1.72115,5,0.6,0.937,0.237,0.279,0.053,0.358,0.979,1.6617,1.7199,1.71663,-79280.5485,27757.8318,-1,1.65962,0.733,1.68456,0.341,0.0,0.0,0,0.406,1,0,23786,0.769,0.571,0.423,33.0,33.0,0.1375,240.0,0.0,1,1,0.852,1.59509,1,1,0.825,1.54814,0,53.204,0.675,0.325,0.0,1.0,0.5,0.0,0.0,0.5,0.0,0.703,0.467,0.5,0.503,0.0,0.677,0.0,0,0,0.442,0.563,0.0,0.333,0.0,0.392,0.461,0.0,0.51,0.478,0.0,1.0,0.802
71240,2025.03.30 23:59:40,EURAUDm,PULLBACK,BUY,1,1.723,1.7194,1.7302,2.0,0.622,1.72178,1.7229,1.72115,1,0.573,0.052,0.3729,1.71137,1.71074,1.71411,1.70544,0,0.0,0.35,0,1.72178,0.8,0.832,0,0.0,0.0,1.72266,0.0,0.0,0,0,1,1.0,0.93,0.4658,0.93,0.366,0,0.682,2,0.188,1.72253,1.72353,0.06,0.356,0.0,2,0.15,0,0.682,1.185,3.0,0.395,0.354,1,1.72178,8,0.76,0.879,0.25,0.279,0.053,0.358,0.979,1.6617,1.7199,1.71663,-79280.5485,27757.8318,-1,1.65962,0.733,1.68456,0.341,0.0,0.0,0,0.406,1,0,23786,0.769,0.571,0.423,33.0,33.0,0.1375,240.0,0.0,1,1,0.852,1.59509,1,1,0.825,1.54814,0,53.296,0.675,0.325,0.0,1.0,0.5,0.3,0.0,0.5,0.0,1.0,0.503,0.5,0.528,0.0,0.458,0.0,0,0,0.343,0.555,0.0,0.38,0.0,0.392,0.733,0.0,0.51,0.478,0.0,1.0,0.843
71241,2025.03.30 23:59:59,EURAUDm,TREND_CONTINUATION,BUY,1,1.72304,1.72016,1.72904,2.08,0.554,1.72178,1.7229,1.72115,1,0.573,0.052,0.3896,1.71137,1.71074,1.71411,1.70544,0,0.0,0.35,0,1.72178,0.8,0.832,0,0.0,0.0,1.72266,0.0,0.0,0,0,1,1.0,0.93,0.4658,0.93,0.366,0,0.682,2,0.188,1.72253,1.72353,0.077,0.34,0.0,2,0.15,0,0.682,1.185,3.0,0.395,0.354,1,1.72178,8,0.76,0.846,0.25,0.279,0.053,0.358,0.979,1.6617,1.7199,1.71663,-79280.5485,27757.8318,-1,1.65962,0.733,1.68456,0.341,0.0,0.0,0,0.406,1,0,23786,0.769,0.571,0.423,33.0,33.0,0.1375,240.0,0.0,1,1,0.852,1.59509,1,1,0.825,1.54814,0,53.312,0.675,0.325,0.0,1.0,0.5,0.37,0.0,0.5,0.0,1.0,0.492,0.5,0.528,0.0,0.458,0.0,0,0,0.346,0.555,0.0,0.38,0.0,0.392,0.738,0.0,0.51,0.478,0.0,1.0,0.843
71244,2025.03.31 01:08:00,EURAUDm,BREAKOUT,BUY,1,1.72295,1.7215,1.72443,1.02,0.389,1.7241,1.72457,1.72142,1,0.076,0.295,-0.5801,1.71072,1.70811,1.7138,1.70552,0,0.0,0.5,2,1.7241,0.767,0.266,0,0.0,0.0,0.0,0.0,0.0,0,0,1,1.0,1.0,0.1779,1.0,0.836,2,0.522,3,0.323,1.72268,1.72032,0.024,0.904,0.0,2,0.15,0,0.522,0.974,3.0,0.325,0.355,1,1.7241,8,0.753,0.953,0.109,0.3,0.053,0.743,0.635,1.66222,1.72159,1.71945,-50897.5975,28382.9509,-1,1.66009,0.736,1.68342,0.345,0.0,0.0,0,0.344,1,0,23788,0.769,0.571,0.423,33.0,33.0,0.1296,254.7,0.0,1,1,0.852,1.59509,1,1,0.825,1.54814,1,50.197,0.779,0.221,0.0,1.0,1.0,0.0,0.0,0.5,0.0,0.449,0.367,0.5,0.513,0.0,0.437,0.0,0,0,0.408,0.606,0.0,0.214,0.0,0.223,0.65,0.0,0.536,0.478,0.0,1.0,0.916
71245,2025.03.31 01:11:40,EURAUDm,MEAN_REVERSION,BUY,1,1.72248,1.7215,1.72443,1.98,0.531,1.7241,1.72457,1.72142,1,0.076,0.295,-0.7646,1.71072,1.70811,1.7138,1.70552,0,0.0,0.5,2,1.7241,0.767,0.266,0,0.0,0.0,0.0,0.0,0.0,0,0,1,1.0,1.0,0.1779,1.0,0.451,2,0.522,3,0.323,1.72268,1.72032,0.208,0.719,0.0,2,0.15,0,0.522,1.147,3.0,0.382,0.375,1,1.7241,8,0.753,0.584,0.225,0.3,0.053,0.743,0.635,1.66222,1.72159,1.71945,-50897.5975,28382.9509,-1,1.66009,0.736,1.68342,0.345,0.0,0.0,0,0.344,1,0,23788,0.769,0.571,0.423,33.0,33.0,0.1296,254.7,0.0,1,1,0.852,1.59509,1,1,0.825,1.54814,1,50.013,0.779,0.221,0.0,1.0,1.0,0.0,0.0,0.5,0.0,0.591,0.303,0.5,0.507,0.0,0.389,0.0,0,0,0.426,0.526,0.0,0.238,0.0,0.264,0.65,0.0,0.514,0.478,0.0,1.0,0.867
71248,2025.03.31 01:42:40,EURAUDm,BREAKOUT_RETEST,BUY,1,1.72219,1.72143,1.72301,1.07,0.604,1.7241,1.72457,1.72142,1,0.076,0.295,-0.8784,1.71072,1.70811,1.7138,1.70552,0,0.0,0.5,2,1.7241,0.767,0.266,0,0.0,0.0,0.0,0.0,0.0,0,0,1,1.0,1.0,0.1779,1.0,0.383,2,0.522,3,0.323,1.72268,1.72032,0.322,0.606,0.0,2,0.15,0,0.522,1.178,3.0,0.393,0.379,1,1.72268,2,0.55,0.356,0.245,0.3,0.053,0.743,0.635,1.66222,1.72159,1.71945,-50897.5975,28382.9509,-1,1.66009,0.736,1.68342,0.345,0.0,0.0,0,0.344,1,0,23788,0.769,0.571,0.423,33.0,33.0,0.1296,254.7,0.0,1,1,0.852,1.59509,1,1,0.825,1.54814,1,49.899,0.779,0.221,0.0,1.0,1.0,0.74,0.0,0.5,0.0,0.401,0.663,0.5,0.479,0.0,0.399,0.0,0,0,0.402,0.512,0.0,0.238,0.0,0.51,0.65,0.0,0.514,0.478,0.0,1.0,0.867
71250,2025.03.31 01:59:40,EURAUDm,PULLBACK,BUY,1,1.72275,1.7215,1.72537,2.09,0.629,1.7241,1.72457,1.72142,1,0.076,0.295,-0.6586,1.71072,1.70811,1.7138,1.70552,0,0.0,0.5,2,1.7241,0.767,0.266,0,0.0,0.0,0.0,0.0,0.0,0,0,1,1.0,1.0,0.1779,1.0,0.836,2,0.522,3,0.323,1.72268,1.72032,0.102,0.825,0.0,2,0.15,0,0.522,0.974,3.0,0.325,0.355,1,1.72142,5,0.6,0.796,0.109,0.3,0.053,0.743,0.635,1.66222,1.72159,1.71945,-50897.5975,28382.9509,-1,1.66009,0.736,1.68342,0.345,0.0,0.0,0,0.344,1,0,23788,0.769,0.571,0.423,33.0,33.0,0.1296,254.7,0.0,1,1,0.852,1.59509,1,1,0.825,1.54814,1,50.119,0.779,0.221,0.0,1.0,1.0,0.44,0.0,0.5,0.0,0.36,0.473,0.5,0.498,0.0,0.429,0.0,0,0,0.337,0.606,0.0,0.214,0.0,0.51,0.65,0.0,0.536,0.478,0.0,1.0,0.916
71251,2025.03.31 02:00:00,EURAUDm,TREND_CONTINUATION,BUY,1,1.72251,1.7193,1.7292,2.08,0.528,1.72291,1.724,1.7211,1,0.183,0.538,-0.2731,1.71072,1.70811,1.7138,1.70552,0,0.0,0.6,0,1.72387,0.715,0.478,0,0.0,0.0,1.72239,0.0,0.0,0,0,1,0.8,1.0,0.1733,1.0,0.611,2,0.381,0,0.685,1.72279,1.72074,0.228,0.538,-0.0964,1,0.3,5,0.89,0.775,3.0,0.258,0.477,1,1.7211,5,0.6,0.544,0.537,0.3,0.542,0.987,0.836,1.66222,1.72159,1.71945,-50897.5975,28382.9509,-1,1.66009,0.736,1.68342,0.345,0.0,0.0,0,0.344,1,0,23789,0.769,0.571,0.423,33.0,33.0,0.1234,267.5,0.0,1,1,0.852,1.59509,1,1,0.825,1.54814,1,47.634,0.779,0.221,0.0,1.0,1.0,0.28,0.0,0.5,0.0,0.409,0.506,0.5,0.449,0.0,0.392,0.0,0,0,0.295,0.536,0.0,0.306,0.0,0.318,0.437,0.0,0.47,0.478,0.0,1.0,0.77
71252,2025.03.31 02:00:20,EURAUDm,ANCHORED_PULLBACK,BUY,1,1.72249,1.72159,1.724,1.67,0.57,1.72291,1.724,1.7211,1,0.183,0.538,-0.2806,1.71072,1.70811,1.7138,1.70552,0,0.0,0.6,0,1.72387,0.715,0.478,0,0.0,0.0,1.72239,0.0,0.0,0,0,1,0.8,1.0,0.1733,1.0,0.611,2,0.647,0,0.685,1.72279,1.72074,0.236,0.53,0.0,2,0.0,0,0.647,1.075,3.0,0.358,0.496,1,1.7211,5,0.6,0.529,0.117,0.3,0.137,0.987,0.836,1.66222,1.72159,1.71945,-50897.5975,28382.9509,-1,1.66009,0.736,1.68342,0.345,0.0,0.0,0,0.344,1,0,23789,0.769,0.571,0.423,33.0,33.0,0.1234,267.5,0.0,1,1,0.852,1.59509,1,1,0.825,1.54814,1,47.626,0.779,0.221,0.0,1.0,1.0,0.25,0.0,0.5,0.0,0.445,0.497,0.5,0.488,0.0,0.394,0.0,0,0,0.306,0.818,0.0,0.333,0.0,0.476,0.435,0.0,0.503,0.478,0.0,1.0,0.949
71256,2025.03.31 03:08:00,EURAUDm,BREAKOUT,BUY,1,1.72531,1.72111,1.7323,1.67,0.504,1.72403,1.72435,1.722,0,0.015,0.214,0.3412,1.71072,1.70811,1.71484,1.70552,0,0.0,0.55,0,1.72403,0.725,0.417,0,0.0,0.0,1.72417,0.0,0.0,0,0,1,1.0,0.825,0.1152,0.825,0.112,2,0.583,0,0.593,1.72392,1.72499,0.379,0.002,0.0,2,0.4,0,0.583,1.3,3.0,0.433,0.416,1,1.72403,8,0.745,0.241,0.427,0.247,0.259,0.836,0.91,1.66222,1.72159,1.71945,-50897.5975,28382.9509,-1,1.66009,0.736,1.68342,0.345,0.0,0.0,0,0.344,1,0,23790,0.767,0.577,0.425,33.0,30.7,0.118,279.7,0.0,1,1,0.852,1.59509,1,1,0.825,1.54814,1,46.555,0.779,0.221,0.0,1.0,1.0,0.79,0.0,0.5,0.0,1.0,0.747,0.5,0.552,0.0,0.366,0.0,0,0,0.46,0.536,0.0,0.745,0.0,0.429,0.862,0.0,0.497,0.478,0.0,1.0,0.949
71258,2025.03.31 03:59:40,EURAUDm,PULLBACK,BUY,1,1.72496,1.72076,1.73335,2.0,0.477,1.72403,1.72435,1.722,0,0.015,0.214,0.216,1.71072,1.70811,1.71484,1.70552,0,0.0,0.55,0,1.72403,0.725,0.417,0,0.0,0.0,1.72417,0.0,0.0,0,0,1,1.0,0.825,0.1152,0.825,0.218,2,0.583,0,0.593,1.72392,1.72499,0.254,0.127,0.0,2,0.4,0,0.583,1.252,3.0,0.417,0.411,1,1.722,5,0.6,0.492,0.395,0.247,0.259,0.836,0.91,1.66222,1.72159,1.71945,-50897.5975,28382.9509,-1,1.66009,0.736,1.68342,0.345,0.0,0.0,0,0.344,1,0,23790,0.767,0.577,0.425,33.0,29.9,0.118,279.7,0.0,1,1,0.852,1.59509,1,1,0.825,1.54814,1,46.43,0.779,0.221,0.0,1.0,1.0,0.15,0.0,0.5,0.0,1.0,0.379,0.5,0.535,0.0,0.33,0.0,0,0,0.365,0.556,0.077,0.646,0.0,0.319,0.714,0.0,0.497,0.478,0.0,1.0,0.949
71259,2025.03.31 04:00:00,EURAUDm,BREAKOUT_RETEST,BUY,1,1.72503,1.72423,1.72705,2.51,0.855,1.72422,1.72524,1.72229,1,0.179,0.245,0.1786,1.72131,1.70815,1.71497,1.70553,0,0.0,0.65,0,1.72422,0.752,0.061,0,0.0,0.0,0.0,0.0,0.0,0,0,1,1.0,1.0,0.1163,1.0,0.755,2,0.587,3,0.397,1.72399,1.72536,0.263,0.245,0.2249,0,0.45,2,1.0,1.46,3.0,0.487,0.518,2,1.72229,5,0.6,0.473,0.253,1.0,0.157,0.92,0.783,1.66276,1.72118,1.71945,-40389.2624,10508.3352,-1,1.66009,0.731,1.68342,0.347,0.0,0.0,0,0.357,1,0,23791,0.767,0.577,0.425,33.0,29.9,0.1232,267.9,0.0,1,1,0.852,1.59509,1,1,0.825,1.54814,1,48.511,0.63,0.37,0.0,1.0,1.0,0.24,0.0,0.5,0.0,0.832,0.397,0.5,0.537,0.0,0.345,0.0,0,0,0.361,0.527,0.0,0.465,0.0,0.746,0.65,0.0,0.453,0.478,0.0,1.0,1.0
71260,2025.03.31 04:00:20,EURAUDm,TREND_CONTINUATION,BUY,1,1.72509,1.72188,1.73179,2.08,0.58,1.72422,1.72524,1.72229,1,0.179,0.245,0.201,1.72131,1.70815,1.71497,1.70553,0,0.0,0.65,0,1.72422,0.752,0.061,0,0.0,0.0,0.0,0.0,0.0,0,0,1,1.0,1.0,0.1163,1.0,0.755,2,0.631,3,0.397,1.72399,1.72536,0.286,0.223,0.0,2,0.15,0,0.631,1.01,3.0,0.337,0.418,1,1.72229,5,0.6,0.428,0.133,0.3,0.053,0.92,0.783,1.66276,1.72118,1.71945,-40389.2624,10508.3352,-1,1.66009,0.731,1.68342,0.347,0.0,0.0,0,0.357,1,0,23791,0.767,0.577,0.425,33.0,29.9,0.1232,267.9,0.0,1,1,0.852,1.59509,1,1,0.825,1.54814,1,48.533,0.63,0.37,0.0,1.0,1.0,0.41,0.0,0.5,0.0,0.99,0.406,0.5,0.537,0.0,0.345,0.0,0,0,0.356,0.567,0.0,0.47,0.0,0.489,0.65,0.0,0.519,0.478,0.0,1.0,0.957
71264,2025.03.31 05:13:40,EURAUDm,BREAKOUT,BUY,1,1.72522,1.7218,1.73092,1.67,0.399,1.72501,1.72567,1.72198,1,0.014,0.217,0.0025,1.71075,1.70828,1.71534,1.70557,0,0.0,0.7,0,1.72185,0.71,0.308,0,0.0,0.0,0.0,0.0,0.0,0,0,1,1.0,1.0,0.1509,1.0,1.0,2,0.505,3,0.623,1.72515,1.72594,0.055,0.402,0.0,2,0.15,0,0.505,0.9,3.0,0.3,0.398,1,1.72185,8,0.742,0.89,0.06,0.3,0.053,0.89,0.862,1.66276,1.72118,1.71945,-40389.2624,10508.3352,-1,1.66009,0.731,1.68342,0.347,0.0,0.0,0,0.357,1,0,23792,0.767,0.577,0.425,20.0,29.2,0.0877,228.1,0.0,1,1,0.852,1.59509,1,1,0.825,1.54814,1,57.039,0.63,0.37,0.0,1.0,1.0,0.85,0.0,0.5,0.0,0.662,0.47,0.5,0.556,0.0,0.357,0.0,0,0,0.328,0.641,0.0,0.428,0.0,0.423,0.709,0.0,0.538,0.478,0.0,1.0,0.957
71266,2025.03.31 06:00:00,EURAUDm,BREAKOUT_RETEST,BUY,1,1.72483,1.72418,1.72583,1.53,0.52,1.72492,1.7255,1.72387,1,0.023,0.344,-0.1905,1.71075,1.7072,1.71534,1.70557,0,0.0,0.35,0,1.72468,0.723,0.908,0,0.0,0.0,0.0,0.0,0.0,0,0,1,0.8,0.825,0.1643,0.825,0.576,0,0.701,2,0.407,1.7248,1.72351,0.137,0.451,0.0,2,0.25,0,0.701,1.091,3.0,0.364,0.42,1,1.7255,4,0.6,0.726,0.227,0.247,0.088,0.836,0.907,1.66276,1.72118,1.71945,-40389.2624,10508.3352,-1,1.66009,0.731,1.68342,0.347,0.0,0.0,0,0.357,1,0,23793,0.767,0.577,0.425,33.0,31.2,0.1512,218.3,0.0,1,1,0.852,1.59509,1,1,0.825,1.54814,1,59.436,0.63,0.37,0.0,1.0,1.0,0.43,0.0,0.5,0.0,0.597,0.435,0.5,0.524,0.0,0.363,0.0,0,0,0.342,0.834,0.0,0.289,0.0,0.381,0.65,0.0,0.526,0.478,0.0,1.0,0.867
71267,2025.03.31 06:00:20,EURAUDm,PULLBACK,BUY,1,1.72499,1.72172,1.73154,2.0,0.565,1.72492,1.7255,1.72387,1,0.023,0.344,-0.1172,1.71075,1.7072,1.71534,1.70557,0,0.0,0.35,0,1.72468,0.723,0.908,0,0.0,0.0,0.0,0.0,0.0,0,0,1,0.8,0.825,0.1643,0.825,0.942,0,0.701,2,0.407,1.7248,1.72351,0.064,0.525,0.0,2,0.25,0,0.701,0.926,3.0,0.309,0.401,1,1.72387,5,0.6,0.873,0.117,0.247,0.088,0.836,0.907,1.66276,1.72118,1.71945,-40389.2624,10508.3352,-1,1.66009,0.731,1.68342,0.347,0.0,0.0,0,0.357,1,0,23793,0.767,0.577,0.425,33.0,31.3,0.1512,218.3,0.0,1,1,0.852,1.59509,1,1,0.825,1.54814,1,59.509,0.63,0.37,0.0,1.0,1.0,0.6,0.0,0.5,0.0,0.507,0.452,0.5,0.539,0.0,0.424,0.0,0,0,0.36,0.864,0.0,0.477,0.0,0.381,0.65,0.0,0.54,0.478,0.0,1.0,0.835
71268,2025.03.31 06:00:20,EURAUDm,TREND_CONTINUATION,BUY,1,1.72499,1.72237,1.73045,2.08,0.487,1.72492,1.7255,1.72387,1,0.023,0.344,-0.1172,1.71075,1.7072,1.71534,1.70557,0,0.0,0.35,0,1.72468,0.723,0.908,0,0.0,0.0,0.0,0.0,0.0,0,0,1,0.8,0.825,0.1643,0.825,0.942,0,0.701,2,0.407,1.7248,1.72351,0.064,0.525,0.0,2,0.25,0,0.701,0.926,3.0,0.309,0.401,1,1.72387,5,0.6,0.873,0.117,0.247,0.088,0.836,0.907,1.66276,1.72118,1.71945,-40389.2624,10508.3352,-1,1.66009,0.731,1.68342,0.347,0.0,0.0,0,0.357,1,0,23793,0.767,0.577,0.425,33.0,31.4,0.1512,218.3,0.0,1,1,0.852,1.59509,1,1,0.825,1.54814,1,59.509,0.63,0.37,0.0,1.0,1.0,0.6,0.0,0.5,0.0,0.507,0.452,0.5,0.539,0.0,0.424,0.0,0,0,0.36,0.864,0.0,0.477,0.0,0.381,0.65,0.0,0.54,0.478,0.0,1.0,0.835
71272,2025.03.31 06:35:40,EURAUDm,SWEEP_REVERSAL,BUY,1,1.72316,1.72098,1.72501,0.85,0.208,1.72492,1.7255,1.72387,0,0.023,0.344,-0.9555,1.71075,1.7072,1.71534,1.70557,0,0.0,0.35,0,1.72468,0.723,0.908,0,0.0,0.0,0.0,0.0,0.0,0,0,1,0.8,0.825,0.1643,0.825,0.097,0,0.701,2,0.407,1.7248,1.72258,0.902,0.114,0.0,2,0.25,0,0.701,1.306,3.0,0.435,0.446,1,1.72468,8,0.745,0.0,0.371,0.247,0.088,0.836,0.911,1.66276,1.72118,1.71945,-40389.2624,10508.3352,-1,1.66009,0.731,1.68342,0.347,0.0,0.0,0,0.357,1,0,23793,0.767,0.577,0.425,33.0,31.4,0.1512,218.3,0.0,1,1,0.852,1.59509,1,1,0.825,1.54814,1,58.671,0.63,0.37,0.0,1.0,1.0,0.0,0.0,0.5,0.0,0.453,0.41,0.5,0.551,0.0,0.522,0.0,0,0,0.428,0.621,0.0,0.337,0.0,0.326,0.65,0.0,0.515,0.478,0.0,1.0,0.949
71274,2025.03.31 08:00:20,EURAUDm,PULLBACK,BUY,2,1.72783,1.72671,1.73505,6.41,0.475,1.72435,1.7255,1.72346,0,1.134,0.03,1.308,1.72474,1.70856,1.71614,1.70448,0,0.0,0.4,0,1.72435,0.792,0.616,0,0.0,0.0,1.72662,0.0,0.0,0,0,1,1.0,0.825,0.096,0.825,0.071,0,0.733,1,0.126,1.72448,1.72741,1.255,0.038,0.0,2,0.4,0,0.733,1.318,3.0,0.439,0.404,1,1.72435,8,0.758,0.0,0.439,0.247,0.14,0.888,0.905,1.66111,1.72296,1.72167,-29398.3979,10990.8645,-1,1.66009,0.723,1.68342,0.351,0.0,0.0,0,0.146,1,0,23795,0.767,0.577,0.425,33.0,33.0,0.1372,240.5,0.0,1,1,0.852,1.59509,1,1,0.825,1.54814,1,55.193,0.687,0.313,0.0,1.0,1.0,0.88,0.0,0.5,0.0,1.0,0.64,0.5,0.505,0.0,0.572,0.0,0,0,0.464,0.314,0.0,0.246,0.0,0.426,0.868,0.0,0.509,0.478,0.0,1.0,0.884
71275,2025.03.31 08:00:20,EURAUDm,TREND_CONTINUATION,BUY,2,1.72783,1.72494,1.73384,2.08,0.558,1.72435,1.7255,1.72346,0,1.134,0.03,1.308,1.72474,1.70856,1.71614,1.70448,0,0.0,0.4,0,1.72435,0.792,0.616,0,0.0,0.0,1.72662,0.0,0.0,0,0,1,1.0,0.825,0.096,0.825,0.071,0,0.733,1,0.126,1.72448,1.72741,1.255,0.038,0.0,2,0.4,0,0.733,1.318,3.0,0.439,0.404,1,1.72435,8,0.758,0.0,0.439,0.247,0.14,0.888,0.905,1.66111,1.72296,1.72167,-29398.3979,10990.8645,-1,1.66009,0.723,1.68342,0.351,0.0,0.0,0,0.146,1,0,23795,0.767,0.577,0.425,33.0,33.0,0.1372,240.5,0.0,1,1,0.852,1.59509,1,1,0.825,1.54814,1,55.193,0.687,0.313,0.0,1.0,1.0,0.87,0.0,0.5,0.0,1.0,0.64,0.5,0.505,0.0,0.572,0.0,0,0,0.464,0.314,0.0,0.246,0.0,0.426,0.868,0.0,0.509,0.478,0.0,1.0,0.884
71278,2025.03.31 09:00:00,EURAUDm,ANCHORED_PULLBACK,BUY,2,1.73044,1.72958,1.73504,5.34,0.657,1.72439,1.7272,1.7227,0,2.171,0.04,2.3235,1.72476,1.7077,1.71605,1.70448,0,0.0,0.6,0,1.72439,0.743,0.0,1,0.0,0.0,1.72919,0.0,0.0,0,0,1,1.0,1.0,0.1501,1.0,0.124,2,0.577,1,0.082,1.7242,1.72983,2.4,0.116,1.0005,0,0.15,2,1.0,1.744,3.0,0.581,0.553,2,1.72439,8,0.749,0.0,0.323,1.0,0.053,0.898,0.836,1.66111,1.72296,1.72167,-29398.3979,10990.8645,-1,1.66009,0.723,1.68342,0.351,0.0,0.0,0,0.146,1,0,23796,0.767,0.577,0.425,33.0,33.0,0.134,246.3,0.0,1,1,0.852,1.59509,1,1,0.825,1.54814,1,54.956,0.687,0.313,0.0,1.0,1.0,0.92,0.0,0.5,0.0,1.0,0.49,0.5,0.463,0.0,0.508,0.0,0,0,0.348,0.242,0.0,0.421,0.0,1.0,0.745,0.0,0.453,0.478,0.0,1.0,0.989
71280,2025.03.31 09:13:59,EURAUDm,BREAKOUT,BUY,2,1.72987,1.72494,1.73603,1.25,0.507,1.72439,1.7272,1.7227,0,2.171,0.04,2.0921,1.72476,1.7077,1.71605,1.70448,0,0.0,0.6,0,1.72439,0.743,0.0,1,0.0,0.0,1.72919,0.0,0.0,0,0,1,1.0,1.0,0.1501,1.0,0.195,2,0.585,1,0.082,1.7242,1.72983,2.168,0.116,0.0,2,0.15,4,0.576,1.562,3.0,0.521,0.426,1,1.72439,8,0.749,0.0,0.301,0.3,0.053,0.898,0.836,1.66111,1.72296,1.72167,-29398.3979,10990.8645,-1,1.66009,0.723,1.68342,0.351,0.0,0.0,0,0.146,1,0,23796,0.767,0.577,0.425,33.0,33.0,0.134,246.3,0.0,1,1,0.852,1.59509,1,1,0.825,1.54814,1,54.725,0.687,0.313,0.0,1.0,1.0,0.07,0.0,0.5,0.0,1.0,0.441,0.5,0.447,0.0,0.432,0.0,0,0,0.342,0.196,0.0,0.266,0.0,0.89,0.85,0.0,0.473,0.478,0.0,1.0,0.862
71282,2025.03.31 10:00:20,EURAUDm,PULLBACK,BUY,2,1.73044,1.72421,1.73797,1.21,0.491,1.72413,1.72925,1.7227,0,0.014,1.455,2.3825,1.72423,1.71042,1.71636,1.70448,0,0.0,0.8,2,1.72413,0.78,0.375,0,0.0,0.0,0.0,0.0,0.0,0,0,1,1.0,1.0,0.2256,1.0,0.915,2,0.442,3,0.753,1.73007,1.72659,0.016,1.403,0.0,2,0.0,0,0.442,0.938,3.0,0.313,0.403,1,1.72413,8,0.756,0.969,0.026,0.3,0.0,0.709,0.776,1.66111,1.72296,1.72167,-29398.3979,10990.8645,-1,1.66009,0.723,1.68342,0.351,0.0,0.0,0,0.146,1,0,23797,0.767,0.577,0.425,33.0,33.0,0.1315,250.9,0.0,1,1,0.852,1.59509,1,1,0.825,1.54814,1,53.955,0.687,0.313,0.0,1.0,1.0,0.03,0.0,0.5,0.0,0.607,0.429,0.5,0.509,0.0,0.308,0.0,0,0,0.319,0.72,0.0,0.342,0.0,0.273,0.827,0.0,0.533,0.478,0.0,1.0,1.08
71283,2025.03.31 10:00:20,EURAUDm,TREND_CONTINUATION,BUY,2,1.73044,1.72421,1.73671,1.01,0.576,1.72413,1.72925,1.7227,0,0.014,1.455,2.3825,1.72423,1.71042,1.71636,1.70448,0,0.0,0.8,2,1.72413,0.78,0.375,0,0.0,0.0,0.0,0.0,0.0,0,0,1,1.0,1.0,0.2256,1.0,0.915,2,0.442,3,0.753,1.73007,1.72659,0.016,1.403,0.0,2,0.0,0,0.442,0.938,3.0,0.313,0.403,1,1.72413,8,0.756,0.969,0.026,0.3,0.0,0.709,0.776,1.66111,1.72296,1.72167,-29398.3979,10990.8645,-1,1.66009,0.723,1.68342,0.351,0.0,0.0,0,0.146,1,0,23797,0.767,0.577,0.425,33.0,33.0,0.1315,250.9,0.0,1,1,0.852,1.59509,1,1,0.825,1.54814,1,53.955,0.687,0.313,0.0,1.0,1.0,0.03,0.0,0.5,0.0,0.607,0.429,0.5,0.509,0.0,0.308,0.0,0,0,0.319,0.72,0.0,0.342,0.0,0.273,0.827,0.0,0.533,0.478,0.0,1.0,1.08
71286,2025.03.31 11:00:00,EURAUDm,BREAKOUT_RETEST,BUY,2,1.73084,1.73007,1.73322,3.1,0.619,1.73023,1.73089,1.7269,1,0.063,0.41,0.1111,1.72383,1.70789,1.71813,1.70448,0,0.0,0.45,2,1.73023,0.7,0.365,0,0.0,0.0,0.0,0.0,0.0,0,0,1,1.0,1.0,0.3036,1.0,0.694,2,0.503,3,0.71,1.73023,1.73156,0.111,0.41,0.0,2,0.0,0,0.503,1.038,3.0,0.346,0.432,1,1.7269,5,0.6,0.778,0.092,0.3,0.0,0.769,0.925,1.66111,1.72296,1.72167,-29398.3979,10990.8645,-1,1.66009,0.723,1.68342,0.351,0.0,0.0,0,0.146,1,0,23798,0.767,0.577,0.425,33.0,32.2,0.1291,255.6,0.0,1,1,0.852,1.59509,1,1,0.825,1.54814,1,53.101,0.687,0.313,0.0,1.0,1.0,0.64,0.0,0.5,0.0,0.782,0.381,0.5,0.53,0.0,0.412,0.0,0,0,0.395,0.673,0.0,0.47,0.0,0.348,0.65,0.0,0.542,0.478,0.0,1.0,1.039
71288,2025.03.31 11:13:59,EURAUDm,BREAKOUT,BUY,2,1.73119,1.72736,1.73758,1.67,0.408,1.73023,1.73089,1.7269,1,0.063,0.41,0.248,1.72383,1.70789,1.71813,1.70448,0,0.0,0.45,2,1.73023,0.7,0.365,0,0.0,0.0,0.0,0.0,0.0,0,0,1,1.0,1.0,0.3036,1.0,0.694,2,0.503,3,0.71,1.73023,1.73156,0.248,0.273,0.0,2,0.0,0,0.503,1.038,3.0,0.346,0.432,1,1.7269,5,0.6,0.504,0.092,0.3,0.0,0.769,0.925,1.66111,1.72296,1.72167,-29398.3979,10990.8645,-1,1.66009,0.723,1.68342,0.351,0.0,0.0,0,0.146,1,0,23798,0.767,0.577,0.425,33.0,30.7,0.1291,255.6,0.0,1,1,0.852,1.59509,1,1,0.825,1.54814,1,53.238,0.687,0.313,0.0,1.0,1.0,0.55,0.0,0.5,0.0,0.651,0.488,0.5,0.518,0.0,0.462,0.0,0,0,0.347,0.673,0.0,0.257,0.0,0.348,0.65,0.0,0.539,0.478,0.0,1.0,1.039
71290,2025.03.31 12:00:40,EURAUDm,PULLBACK,BUY,2,1.73137,1.72765,1.73881,2.0,0.645,1.73049,1.73155,1.72967,1,0.083,0.295,0.2215,1.72401,1.70789,1.7195,1.70448,0,0.0,0.4,0,1.73049,0.769,0.504,0,0.0,0.0,0.0,0.0,0.0,0,0,1,1.0,1.0,0.375,1.0,0.592,0,0.706,2,0.263,1.73037,1.73166,0.269,0.251,0.0,2,0.15,0,0.706,1.083,3.0,0.361,0.421,1,1.72967,5,0.6,0.462,0.182,0.3,0.053,0.864,0.901,1.66111,1.72296,1.72188,-24452.0939,4946.3041,-1,1.66009,0.715,1.68342,0.356,0.0,0.0,0,0.109,1,0,23799,0.767,0.577,0.425,33.0,33.0,0.133,248.1,0.0,1,1,0.852,1.59509,1,1,0.825,1.54814,1,54.92,0.601,0.399,0.0,1.0,1.0,0.17,0.0,0.5,0.0,1.0,0.556,0.5,0.534,0.0,0.356,0.0,0,0,0.336,0.583,0.0,0.285,0.0,0.296,0.65,0.0,0.523,0.478,0.0,1.0,0.867
71291,2025.03.31 12:00:59,EURAUDm,TREND_CONTINUATION,BUY,2,1.73137,1.72839,1.73757,2.08,0.581,1.73049,1.73155,1.72967,1,0.083,0.295,0.2215,1.72401,1.70789,1.7195,1.70448,0,0.0,0.4,0,1.73049,0.769,0.504,0,0.0,0.0,0.0,0.0,0.0,0,0,1,1.0,1.0,0.375,1.0,0.592,0,0.706,2,0.263,1.73037,1.73166,0.269,0.251,0.0,2,0.15,0,0.706,1.083,3.0,0.361,0.421,1,1.72967,5,0.6,0.462,0.182,0.3,0.053,0.864,0.901,1.66111,1.72296,1.72188,-24452.0939,4946.3041,-1,1.66009,0.715,1.68342,0.356,0.0,0.0,0,0.109,1,0,23799,0.767,0.577,0.425,33.0,33.0,0.133,248.1,0.0,1,1,0.852,1.59509,1,1,0.825,1.54814,1,54.92,0.601,0.399,0.0,1.0,1.0,0.16,0.0,0.5,0.0,1.0,0.563,0.5,0.534,0.0,0.356,0.0,0,0,0.341,0.583,0.0,0.285,0.0,0.296,0.65,0.0,0.523,0.478,0.0,1.0,0.867
71294,2025.03.31 13:00:00,EURAUDm,ANCHORED_PULLBACK,BUY,4,1.73258,1.73062,1.73698,2.24,0.402,1.7304,1.73141,1.72986,0,0.388,0.059,0.7826,1.72245,1.71078,1.71989,1.70448,0,0.0,0.5,0,1.7304,0.753,0.462,0,0.0,0.0,1.73133,0.0,0.0,0,0,1,1.0,1.0,0.3771,1.0,0.171,2,0.647,0,0.587,1.73133,1.73242,0.388,0.073,-0.1359,1,0.15,0,0.647,1.273,3.0,0.424,0.452,1,1.73133,2,0.55,0.224,0.609,0.3,0.17,0.724,0.923,1.66111,1.72296,1.72188,-24452.0939,4946.3041,-1,1.66009,0.715,1.68342,0.356,0.0,0.0,0,0.109,1,0,23800,0.776,0.568,0.433,33.0,32.2,0.1397,236.3,0.0,1,1,0.852,1.59509,1,1,0.825,1.54814,1,58.188,0.601,0.399,0.0,1.0,1.0,0.91,0.0,0.5,0.0,0.874,0.667,0.5,0.519,0.0,0.458,0.0,0,0,0.439,0.456,0.0,0.283,0.0,0.18,0.859,0.0,0.524,0.478,0.0,1.0,0.892
71296,2025.03.31 13:13:59,EURAUDm,BREAKOUT,BUY,4,1.73329,1.73143,1.7392,3.17,0.516,1.7304,1.73141,1.72986,0,0.388,0.059,1.0831,1.72245,1.71078,1.71989,1.70448,0,0.0,0.5,0,1.7304,0.753,0.462,0,0.0,0.0,1.73133,0.0,0.0,0,0,1,1.0,1.0,0.3771,1.0,0.076,0,0.67,0,0.587,1.73133,1.73242,0.688,0.228,0.0,2,0.15,0,0.67,1.316,3.0,0.439,0.462,1,1.7304,8,0.751,0.0,0.337,0.3,0.17,0.724,0.923,1.66111,1.72296,1.72188,-24452.0939,4946.3041,-1,1.66009,0.715,1.68342,0.356,0.0,0.0,0,0.109,1,0,23800,0.776,0.568,0.433,33.0,33.0,0.1397,236.3,0.0,1,1,0.852,1.59509,1,1,0.825,1.54814,1,58.489,0.601,0.399,0.0,1.0,1.0,0.97,0.0,0.5,0.0,0.695,0.668,0.5,0.523,0.0,0.443,0.0,0,0,0.435,0.413,0.0,0.238,0.0,0.289,0.86,0.0,0.53,0.478,0.0,1.0,0.949
71298,2025.03.31 14:00:40,EURAUDm,PULLBACK,BUY,4,1.73475,1.73158,1.74232,2.39,0.509,1.73082,1.73236,1.72962,0,1.278,0.328,1.427,1.72408,1.71008,1.72048,1.70448,0,0.0,0.4,2,1.73082,0.712,0.256,0,0.0,0.0,1.73495,0.0,0.0,0,0,1,1.0,1.0,0.3706,1.0,0.156,0,0.678,1,0.356,1.73099,1.73459,1.359,0.066,0.0,2,0.0,0,0.678,1.28,3.0,0.427,0.477,1,1.73082,8,0.742,0.0,0.253,0.3,0.0,0.911,0.841,1.66111,1.72296,1.72188,-24452.0939,4946.3041,-1,1.66009,0.715,1.68342,0.356,0.0,0.0,0,0.109,1,0,23801,0.776,0.568,0.433,33.0,33.0,0.1308,252.4,0.0,1,1,0.852,1.59509,1,1,0.825,1.54814,1,55.342,0.601,0.399,0.0,1.0,1.0,0.0,0.0,0.5,0.0,0.516,0.508,0.5,0.462,0.0,0.451,0.0,0,0,0.324,0.525,0.0,0.238,0.0,0.514,0.435,0.0,0.507,0.478,0.0,1.0,0.884
71299,2025.03.31 14:00:59,EURAUDm,TREND_CONTINUATION,BUY,4,1.73483,1.73158,1.74114,1.94,0.598,1.73082,1.73236,1.72962,0,1.278,0.328,1.4587,1.72408,1.71008,1.72048,1.70448,0,0.0,0.4,2,1.73082,0.712,0.256,0,0.0,0.0,1.73495,0.0,0.0,0,0,1,1.0,1.0,0.3706,1.0,0.156,0,0.678,1,0.356,1.73099,1.73459,1.391,0.034,0.0,2,0.0,0,0.678,1.28,3.0,0.427,0.477,1,1.73082,8,0.742,0.0,0.253,0.3,0.0,0.911,0.841,1.66111,1.72296,1.72188,-24452.0939,4946.3041,-1,1.66009,0.715,1.68342,0.356,0.0,0.0,0,0.109,1,0,23801,0.776,0.568,0.433,33.0,33.0,0.1308,252.4,0.0,1,1,0.852,1.59509,1,1,0.825,1.54814,1,55.374,0.601,0.399,0.0,1.0,1.0,0.01,0.0,0.5,0.0,0.516,0.499,0.5,0.462,0.0,0.451,0.0,0,0,0.319,0.525,0.0,0.475,0.0,0.514,0.435,0.0,0.507,0.478,0.0,1.0,0.884
71302,2025.03.31 15:00:40,EURAUDm,BREAKOUT_RETEST,BUY,4,1.73313,1.73149,1.73696,2.34,0.619,1.73141,1.73451,1.73027,1,0.188,0.333,0.5544,1.72418,1.71008,1.72207,1.70448,0,0.0,0.65,0,1.73141,0.716,0.333,0,0.0,0.0,1.73375,0.0,0.0,0,0,1,1.0,1.0,0.4299,1.0,0.201,2,0.544,3,0.395,1.73418,1.73288,0.552,0.031,0.0,2,0.0,0,0.544,1.259,3.0,0.42,0.429,1,1.73141,8,0.743,0.0,0.24,0.3,0.0,0.774,0.802,1.66111,1.72296,1.72188,-24452.0939,4946.3041,-1,1.66009,0.715,1.68342,0.356,0.0,0.0,0,0.109,1,0,23802,0.776,0.568,0.433,33.0,33.0,0.1315,250.9,0.0,1,1,0.852,1.59509,1,1,0.825,1.54814,1,55.027,0.601,0.399,0.0,1.0,1.0,0.02,0.0,0.5,0.061,0.516,0.506,0.5,0.477,0.0,0.386,0.0,0,0,0.301,0.707,0.0,0.238,0.0,0.389,0.436,0.0,0.504,0.478,0.0,1.0,0.867
0,2025.03.31 15:00:59,EURAUDm,ANCHORED_PULLBACK,BUY,4,1.73313,1.733,1.73451,10.42,0.401,1.73141,1.73451,1.73027,1,0.188,0.333,0.5544,1.72418,1.71008,1.72207,1.70448,0,0.0,0.65,0,1.73141,0.716,0.333,0,0.0,0.0,1.73375,0.0,0.0,0,0,1,1.0,1.0,0.4299,1.0,0.201,2,0.544,3,0.395,1.73418,1.73288,0.552,0.031,0.0,2,0.0,0,0.544,1.259,3.0,0.42,0.429,1,1.73141,8,0.743,0.0,0.24,0.3,0.0,0.774,0.802,1.66111,1.72296,1.72188,-24452.0939,4946.3041,-1,1.66009,0.715,1.68342,0.356,0.0,0.0,0,0.109,1,0,23802,0.776,0.568,0.433,33.0,33.0,0.1315,250.9,0.0,1,1,0.852,1.59509,1,1,0.825,1.54814,1,55.027,0.601,0.399,0.0,1.0,1.0,0.02,0.0,0.5,0.0,0.516,0.496,0.5,0.477,0.0,0.386,0.0,0,0,0.3,0.707,0.0,0.238,0.0,0.389,0.436,0.0,0.504,0.478,0.0,1.0,0.867
71303,2025.03.31 15:13:59,EURAUDm,BREAKOUT,BUY,4,1.73411,1.73149,1.74038,2.39,0.403,1.73141,1.73451,1.73027,1,0.188,0.333,0.9451,1.72418,1.71008,1.72207,1.70448,0,0.0,0.65,0,1.73141,0.716,0.333,0,0.0,0.0,1.73375,0.0,0.0,0,0,1,1.0,1.0,0.4299,1.0,0.514,2,0.544,3,0.395,1.73418,1.73288,0.161,0.359,0.0,2,0.0,0,0.544,1.119,3.0,0.373,0.413,1,1.73141,8,0.743,0.678,0.146,0.3,0.0,0.774,0.802,1.66111,1.72296,1.72188,-24452.0939,4946.3041,-1,1.66009,0.715,1.68342,0.356,0.0,0.0,0,0.109,1,0,23802,0.776,0.568,0.433,33.0,33.0,0.1315,250.9,0.0,1,1,0.852,1.59509,1,1,0.825,1.54814,1,55.418,0.601,0.399,0.0,1.0,1.0,0.82,0.0,0.5,0.0,0.448,0.595,0.5,0.474,0.0,0.532,0.0,0,0,0.412,0.644,0.0,0.19,0.0,0.585,0.725,0.0,0.504,0.478,0.0,1.0,0.908
71306,2025.03.31 15:57:40,EURAUDm,MEAN_REVERSION,BUY,4,1.73101,1.729,1.73484,1.91,0.554,1.73141,1.73451,1.73027,1,0.188,0.333,-0.2907,1.72418,1.71008,1.72207,1.70448,0,0.0,0.65,0,1.73141,0.716,0.333,0,0.0,0.0,1.73375,0.0,0.0,0,0,1,1.0,1.0,0.4299,1.0,0.566,2,0.544,3,0.395,1.73125,1.7301,0.226,0.23,0.0,2,0.0,0,0.544,1.095,3.0,0.365,0.421,1,1.73451,4,0.6,0.549,0.13,0.3,0.0,0.867,0.914,1.66111,1.72296,1.72188,-24452.0939,4946.3041,-1,1.66009,0.715,1.68342,0.356,0.0,0.0,0,0.109,1,0,23802,0.776,0.568,0.433,33.0,33.0,0.1315,250.9,0.0,1,1,0.852,1.59509,1,1,0.825,1.54814,1,54.182,0.601,0.399,0.0,1.0,1.0,0.0,0.0,0.5,0.0,1.0,0.348,0.5,0.461,0.0,0.339,0.0,0,0,0.365,0.767,0.0,0.38,0.0,0.657,0.65,0.0,0.504,0.478,0.0,1.0,0.867
71308,2025.03.31 16:00:40,EURAUDm,SWEEP_REVERSAL,BUY,4,1.73129,1.72877,1.73405,1.09,0.299,1.73169,1.73444,1.73126,0,0.16,0.184,-0.2906,1.72461,1.71168,1.72207,1.70448,0,0.0,0.55,2,1.73372,0.749,0.584,0,0.0,0.0,1.73292,0.0,0.0,0,0,1,0.8,0.825,0.4107,0.825,0.097,2,0.548,0,0.684,1.73169,1.73082,0.291,0.054,0.0,2,0.4,0,0.548,1.307,3.0,0.436,0.44,1,1.73372,8,0.75,0.419,0.431,0.247,0.277,1.0,0.896,1.66111,1.72296,1.72167,-29237.0395,-4784.9456,-2,1.66009,0.709,1.68342,0.361,0.0,0.0,0,0.097,1,0,23803,0.776,0.568,0.433,33.0,33.0,0.1308,252.3,0.0,1,1,0.852,1.59509,1,1,0.825,1.54814,1,53.986,0.5,0.5,0.0,0.0,1.0,0.1,0.0,0.5,0.0,1.0,0.37,0.5,0.477,0.0,0.385,0.0,0,0,0.375,0.4,0.0,0.149,0.0,0.652,0.65,0.0,0.51,0.478,0.0,1.0,0.949
71310,2025.03.31 16:59:40,EURAUDm,PULLBACK,BUY,4,1.73247,1.72869,1.74004,2.0,0.568,1.73169,1.73444,1.73126,1,0.16,0.184,0.1771,1.72461,1.71168,1.72207,1.70448,0,0.0,0.55,2,1.73372,0.749,0.584,0,0.0,0.0,1.73292,0.0,0.0,0,0,1,0.8,0.825,0.4107,0.825,0.57,2,0.548,0,0.684,1.73169,1.73082,0.177,0.521,0.0,2,0.4,0,0.548,1.094,3.0,0.365,0.415,1,1.73126,5,0.6,0.646,0.289,0.247,0.277,1.0,0.896,1.66111,1.72296,1.72167,-29237.0395,-4784.9456,-2,1.66009,0.709,1.68342,0.361,0.0,0.0,0,0.097,1,0,23803,0.776,0.568,0.433,33.0,33.0,0.1308,252.3,0.0,1,1,0.852,1.59509,1,1,0.825,1.54814,1,54.454,0.5,0.5,0.0,0.0,1.0,0.99,0.0,0.5,0.0,1.0,0.694,0.5,0.453,0.0,0.196,0.0,0,0,0.331,0.657,0.0,0.348,0.0,0.464,0.435,0.0,0.503,0.478,0.0,1.0,0.867
71311,2025.03.31 16:59:59,EURAUDm,TREND_CONTINUATION,BUY,4,1.73247,1.72944,1.73878,2.08,0.491,1.73169,1.73444,1.73126,1,0.16,0.184,0.1771,1.72461,1.71168,1.72207,1.70448,0,0.0,0.55,2,1.73372,0.749,0.584,0,0.0,0.0,1.73292,0.0,0.0,0,0,1,0.8,0.825,0.4107,0.825,0.57,2,0.548,0,0.684,1.73169,1.73082,0.177,0.521,0.0,2,0.4,0,0.548,1.094,3.0,0.365,0.415,1,1.73126,5,0.6,0.646,0.289,0.247,0.277,1.0,0.896,1.66111,1.72296,1.72167,-29237.0395,-4784.9456,-2,1.66009,0.709,1.68342,0.361,0.0,0.0,0,0.097,1,0,23803,0.776,0.568,0.433,33.0,33.0,0.1308,252.3,0.0,1,1,0.852,1.59509,1,1,0.825,1.54814,1,54.454,0.5,0.5,0.0,0.0,1.0,0.98,0.0,0.5,0.0,1.0,0.7,0.5,0.453,0.0,0.196,0.0,0,0,0.334,0.657,0.0,0.348,0.0,0.464,0.435,0.0,0.503,0.478,0.0,1.0,0.867
71314,2025.03.31 17:00:59,EURAUDm,ANCHORED_PULLBACK,BUY,3,1.73237,1.73168,1.73315,1.12,0.348,1.73315,1.73577,1.73193,1,0.26,0.858,-0.4436,1.72461,1.71168,1.72207,1.70448,0,0.0,0.55,0,1.73315,0.758,0.3,0,0.0,0.0,1.73088,0.0,0.0,0,0,1,0.8,0.825,0.3424,0.825,0.301,2,0.616,0,0.563,1.73298,1.7321,0.374,0.024,0.0,2,0.25,0,0.616,1.214,3.0,0.405,0.444,1,1.73315,8,0.752,0.252,0.31,0.247,0.2,0.927,0.667,1.66111,1.72296,1.72167,-29237.0395,-4784.9456,-2,1.66009,0.709,1.68342,0.361,0.0,0.0,0,0.097,1,0,23804,0.776,0.568,0.433,33.0,33.0,0.1319,250.1,0.0,1,1,0.852,1.59509,1,1,0.825,1.54814,1,54.881,0.5,0.5,0.0,0.0,1.0,0.94,0.0,0.5,0.0,0.827,0.636,0.5,0.469,0.0,0.208,0.0,0,0,0.306,0.597,0.0,0.389,0.0,0.722,0.65,0.0,0.496,0.478,0.0,1.0,0.949
71316,2025.03.31 17:28:20,EURAUDm,BREAKOUT_RETEST,BUY,3,1.73247,1.73172,1.73348,1.35,0.528,1.73315,1.73577,1.73193,1,0.26,0.858,-0.4037,1.72461,1.71168,1.72207,1.70448,0,0.0,0.55,0,1.73315,0.758,0.3,0,0.0,0.0,1.73088,0.0,0.0,0,0,1,0.8,0.825,0.3424,0.825,0.301,2,0.616,0,0.563,1.73298,1.7321,0.334,0.015,0.0,2,0.25,0,0.616,1.214,3.0,0.405,0.444,1,1.73315,8,0.752,0.332,0.31,0.247,0.2,0.927,0.667,1.66111,1.72296,1.72167,-29237.0395,-4784.9456,-2,1.66009,0.709,1.68342,0.361,0.0,0.0,0,0.097,1,0,23804,0.776,0.568,0.433,33.0,33.0,0.1319,250.1,0.0,1,1,0.852,1.59509,1,1,0.825,1.54814,1,54.921,0.5,0.5,0.0,0.0,1.0,0.99,0.0,0.5,0.0,1.0,0.628,0.5,0.523,0.0,0.238,0.0,0,0,0.329,0.613,0.0,0.389,0.0,0.685,0.65,0.0,0.505,0.478,0.0,1.0,0.949
71318,2025.03.31 17:58:40,EURAUDm,MEAN_REVERSION,BUY,3,1.73288,1.73201,1.7361,3.69,0.603,1.73315,1.73577,1.73193,1,0.26,0.858,-0.2398,1.72461,1.71168,1.72207,1.70448,0,0.0,0.55,0,1.73315,0.758,0.3,0,0.0,0.0,1.73088,0.0,0.0,0,0,1,0.8,0.825,0.3424,0.825,0.473,2,0.616,0,0.563,1.73298,1.7321,0.17,0.179,0.0,2,0.25,0,0.616,1.137,3.0,0.379,0.435,1,1.73577,4,0.6,0.66,0.258,0.247,0.2,0.927,0.667,1.66111,1.72296,1.72167,-29237.0395,-4784.9456,-2,1.66009,0.709,1.68342,0.361,0.0,0.0,0,0.097,1,0,23804,0.776,0.568,0.433,33.0,33.0,0.1319,250.1,0.0,1,1,0.852,1.59509,1,1,0.825,1.54814,1,55.085,0.5,0.5,0.0,0.0,1.0,0.88,0.0,0.5,0.0,0.973,0.667,0.5,0.517,0.0,0.272,0.0,0,0,0.364,0.735,0.0,0.535,0.0,0.678,0.65,0.0,0.501,0.478,0.0,1.0,0.949
71320,2025.03.31 18:09:40,EURAUDm,SWEEP_REVERSAL,BUY,3,1.73071,1.72814,1.73392,1.25,0.239,1.73103,1.73372,1.73061,0,0.16,0.929,-0.2036,1.72461,1.71168,1.72367,1.70448,0,0.0,0.55,0,1.73103,0.7,0.401,0,0.0,0.0,1.73239,0.0,0.0,0,0,1,0.8,0.825,0.1734,0.825,0.386,2,0.553,0,0.648,1.73089,1.73005,0.149,0.181,0.0,2,0.25,0,0.553,1.176,3.0,0.392,0.438,1,1.73372,4,0.6,0.703,0.284,0.247,0.217,0.951,0.821,1.66111,1.72296,1.72167,-29237.0395,-4784.9456,-2,1.66009,0.709,1.68342,0.361,0.0,0.0,0,0.097,1,0,23805,0.776,0.568,0.433,20.0,32.3,0.0778,257.2,0.0,1,1,0.852,1.59509,1,1,0.825,1.54814,1,52.726,0.5,0.5,0.0,0.0,1.0,0.95,0.0,0.5,0.0,0.641,0.261,0.5,0.48,0.0,0.289,0.0,0,0,0.403,0.715,0.0,0.535,0.0,0.642,0.65,0.0,0.498,0.478,0.0,1.0,1.031
71322,2025.03.31 18:59:59,EURAUDm,TREND_CONTINUATION,BUY,3,1.73073,1.72764,1.73405,1.07,0.498,1.73103,1.73372,1.73061,0,0.16,0.929,-0.2464,1.72461,1.71168,1.72367,1.70448,0,0.0,0.55,0,1.73103,0.7,0.401,0,0.0,0.0,1.73239,0.0,0.0,0,0,1,0.8,0.825,0.1734,0.825,0.386,2,0.553,0,0.648,1.73089,1.73005,0.191,0.138,0.0,2,0.25,0,0.553,1.176,3.0,0.392,0.438,1,1.73372,4,0.6,0.617,0.284,0.247,0.217,0.951,0.821,1.66111,1.72296,1.72167,-29237.0395,-4784.9456,-2,1.66009,0.709,1.68342,0.361,0.0,0.0,0,0.097,1,0,23805,0.776,0.568,0.433,33.0,33.0,0.1283,257.2,0.0,1,1,0.852,1.59509,1,1,0.825,1.54814,1,52.734,0.5,0.5,0.0,0.0,1.0,0.64,0.0,0.5,0.0,0.776,0.494,0.5,0.522,0.0,0.298,0.0,0,0,0.28,0.715,0.0,0.535,0.0,0.597,0.65,0.0,0.498,0.478,0.0,1.0,1.031
71324,2025.03.31 19:28:40,EURAUDm,BREAKOUT_RETEST,BUY,3,1.73062,1.72982,1.73292,2.87,0.594,1.73103,1.73259,1.72996,1,0.031,0.3,-0.2784,1.73076,1.71168,1.72367,1.70448,0,0.0,0.55,0,1.73103,0.689,0.752,0,0.0,0.0,0.0,0.0,0.0,0,0,1,1.0,0.825,0.0582,0.825,0.836,0,0.708,0,0.405,1.73068,1.72972,0.144,0.214,0.0,2,0.4,0,0.708,0.974,3.0,0.325,0.398,1,1.73259,4,0.6,0.712,0.209,0.247,0.221,0.932,0.836,1.66111,1.72296,1.72167,-29237.0395,-4784.9456,-2,1.66009,0.709,1.68342,0.361,0.0,0.0,0,0.097,1,0,23806,0.776,0.568,0.433,33.0,33.0,0.1236,267.1,0.0,1,1,0.852,1.59509,1,1,0.825,1.54814,1,50.747,0.5,0.5,0.0,0.0,1.0,0.99,0.0,0.5,0.0,1.0,0.593,0.5,0.55,0.0,0.31,0.0,0,0,0.345,0.734,0.0,0.535,0.0,0.48,0.65,0.0,0.506,0.478,0.0,1.0,0.916
71326,2025.03.31 19:53:40,EURAUDm,PULLBACK,BUY,3,1.73121,1.7272,1.73922,2.0,0.622,1.73103,1.73259,1.72996,1,0.031,0.3,-0.0575,1.73076,1.71168,1.72367,1.70448,0,0.0,0.55,0,1.73103,0.689,0.752,0,0.0,0.0,0.0,0.0,0.0,0,0,1,1.0,0.825,0.0582,0.825,0.971,0,0.708,0,0.405,1.73068,1.72972,0.077,0.435,0.0,2,0.4,0,0.708,0.913,3.0,0.304,0.39,1,1.72996,5,0.6,0.846,0.169,0.247,0.221,0.932,0.836,1.66111,1.72296,1.72167,-29237.0395,-4784.9456,-2,1.66009,0.709,1.68342,0.361,0.0,0.0,0,0.097,1,0,23806,0.776,0.568,0.433,33.0,32.2,0.1236,267.1,0.0,1,1,0.852,1.59509,1,1,0.825,1.54814,1,50.968,0.5,0.5,0.0,0.0,1.0,0.93,0.0,0.5,0.0,0.64,0.611,0.5,0.553,0.0,0.352,0.0,0,0,0.373,0.734,0.088,0.446,0.0,0.498,0.65,0.0,0.508,0.478,0.0,1.0,0.835
71328,2025.03.31 19:59:40,EURAUDm,MEAN_REVERSION,BUY,3,1.73082,1.72868,1.73292,0.98,0.627,1.73103,1.73259,1.72996,1,0.031,0.3,-0.2035,1.73076,1.71168,1.72367,1.70448,0,0.0,0.55,0,1.73103,0.689,0.752,0,0.0,0.0,0.0,0.0,0.0,0,0,1,1.0,0.825,0.0582,0.825,0.931,0,0.708,0,0.405,1.73068,1.72972,0.069,0.289,0.0,2,0.4,0,0.708,0.931,3.0,0.31,0.393,1,1.73259,4,0.6,0.861,0.181,0.247,0.221,0.932,0.836,1.66111,1.72296,1.72167,-29237.0395,-4784.9456,-2,1.66009,0.709,1.68342,0.361,0.0,0.0,0,0.097,1,0,23806,0.776,0.568,0.433,33.0,32.3,0.1236,267.1,0.0,1,1,0.852,1.59509,1,1,0.825,1.54814,1,50.822,0.5,0.5,0.0,0.0,1.0,0.8,0.0,0.5,0.0,0.643,0.568,0.5,0.554,0.0,0.348,0.0,0,0,0.346,0.734,0.088,0.535,0.0,0.498,0.65,0.0,0.512,0.478,0.0,1.0,0.916
71330,2025.03.31 23:00:00,EURAUDm,ANCHORED_PULLBACK,BUY,1,1.73344,1.73267,1.73783,5.71,0.453,1.73017,1.73128,1.72966,0,1.161,0.043,1.2469,1.73064,1.71224,1.72397,1.70521,0,0.0,0.4,0,1.73017,0.767,0.367,0,0.0,0.0,1.73152,0.0,0.0,0,0,1,0.825,-0.58,-0.1413,0.58,0.037,0,0.723,1,0.164,1.73007,1.73291,1.29,0.086,0.2673,0,0.4,2,1.0,1.784,3.0,0.595,0.509,2,1.73017,8,0.753,0.0,0.449,0.874,0.14,0.726,0.954,1.66111,1.72296,1.72167,-29024.1139,212.9255,-1,1.66009,0.706,1.68342,0.363,0.0,0.0,0,0.128,1,0,23810,0.775,0.568,0.436,33.0,51.8,0.1398,236.1,0.0,1,1,0.852,1.59509,1,1,0.825,1.54814,1,58.605,0.504,0.496,0.0,1.0,1.0,0.99,0.0,0.5,0.0,0.563,0.711,0.5,0.428,0.0,0.387,0.0,0,0,0.41,0.249,0.0,0.421,0.0,0.857,0.744,0.0,0.457,0.478,0.0,1.0,0.733
