ticket,timestamp,symbol,setupType,direction,session,entryPrice,SL,TP,RR,thesis,vpPOC,vpVAH,vpVAL,vpInsideVA,vpDistToHVN,vpDistToLVN,vpPriceVsPOC,vpDailyPOC,vpCompPOC,vpCompVAH,vpCompVAL,vpCompInsideVA,vpDistCompPOC,vpThinnessRatio,vpProfileShape,vpBestHVN,vpBestHVNScore,vpVAOverlapRatio,vpVAOverlapBias,vpRangePOC,vpBreakoutPOC,vpPullbackPOC,vpNearestNakedPOC,vpDistNakedPOC_ATR,vpUpthrust,vpSpring,vpCompPosition,vpMigrationConf,vpDevPOCDir,vpDevPOCSlope,vpMigrationScore,auctAcceptance,auctState,auctBalance,auctProfileShape,auctShapeConf,auctMajorHVN,auctMajorLVN,auctDistHVN,auctDistLVN,auctVAExpRate,auctVAState,auctFailure,auctRegime,auctRegimeConf,auctExpReward,auctExpMoveATR,auctTargetProb,auctTradeQuality,auctTradeGrade,auctTargetPrice,auctTargetType,auctTargetConf,auctProfitZone,auctExhaustion,auctContinuation,auctReversalRisk,auctHVNStrength,auctLVNStrength,vpLTPOC60d,vpLTPOC30d,vpLTPOC10d,vpLTPOCVelocity,vpLTPOCAcceleration,vpLTPOCMigration,vpLTMajorHVNPrice,vpLTMajorHVNStrength,vpLTMajorLVNPrice,vpLTMajorLVNStrength,vpLTNearestZonePrice,vpLTNearestZoneStrength,vpLTNearestZoneDir,vpLTAcceptanceAtPrice,vpLTValid,profilerArchetype,profilerSamples,profilerMigMean,profilerBalMean,profilerTQMean,spreadPoints,avgSpread,spreadToATR,atrProxy,dataQuality,bosConfirmed,bosBullish,bosScore,bosLevel,chochConfirmed,chochBullish,chochScore,chochLevel,trendDirection,structDistATR,ltTransitionScore,ltBalanceStability,ltTrendDuration,ltTrendExhaustion,structureBias,msSpreadScore,msTickVelocity,msTickImbalance,msLiqVacuum,msCompression,ofDeltaProxy,ofCvdProxy,ofAbsorption,ofExhaustion,ofParticipation,ofDivergence,ofBullDiv,ofBearDiv,ofFlowIntensity,liqDensity,liqSweep,liqStopCluster,liqEqualHL,liqSessionLiq,liqPremDisc,smOrderBlock,smFVG,smMitigation,smBreakerBlock,smRejectionBlock,smZoneQuality
0,2021.09.01 00:00:00,GBPCHFm,NAKED_POC,SELL,1,1.25877,1.25902,1.25641,9.52,0.658,1.25899,1.25919,1.2581,1,0.036,0.813,-0.1371,1.25895,1.25869,1.26201,1.25598,1,0.0,0.4,2,1.25899,0.738,0.914,0,0.0,0.0,0.0,1.25801,0.484,0,0,0,0.386,-0.6211,-0.042,0.621,0.877,2,0.61,2,0.209,1.25878,1.25837,0.008,0.251,0.259,0,0.0,2,1.0,0.227,0.484,0.469,0.406,1,1.25801,6,0.65,0.985,0.037,0.886,0.0,0.83,0.982,1.26898,1.25888,1.25897,3350.0,-150.9501,1,1.2699,0.563,1.29072,0.27,0.0,0.0,0,0.225,1,2,1496,0.768,0.546,0.419,27.0,27.0,0.1714,157.5,0.0,1,1,0.807,1.23714,1,0,0.276,1.2757,0,10.749,0.121,0.879,0.0,1.0,0.5,0.02,0.0,0.5,0.0,0.425,0.58,0.5,0.789,0.0,0.334,0.0,0,0,0.418,0.926,0.0,0.741,0.0,0.498,0.513,0.0,0.491,0.455,0.0,1.0,0.792
6354,2021.09.01 00:09:00,GBPCHFm,MEAN_REVERSION,SELL,1,1.25902,1.26028,1.25801,0.8,0.604,1.25899,1.25919,1.2581,1,0.036,0.813,0.0216,1.25895,1.25869,1.26201,1.25598,1,0.0,0.4,2,1.25899,0.738,0.914,0,0.0,0.0,0.0,1.25801,0.484,0,0,0,0.386,-0.6211,-0.042,0.621,1.0,0,0.662,2,0.209,1.25878,1.25837,0.151,0.41,0.0,2,0.0,0,0.662,0.193,0.643,0.3,0.318,0,1.25801,6,0.65,0.698,0.0,0.186,0.0,0.83,0.982,1.26898,1.25888,1.25897,3350.0,-150.9501,1,1.2699,0.563,1.29072,0.27,0.0,0.0,0,0.225,1,2,1496,0.768,0.546,0.419,27.0,27.0,0.1714,157.5,0.0,1,1,0.807,1.23714,1,0,0.276,1.2757,0,10.59,0.121,0.879,0.0,1.0,0.5,0.84,0.0,0.5,0.0,0.352,0.563,0.5,0.853,0.0,0.348,0.0,0,0,0.433,0.809,0.0,0.792,0.0,0.326,0.539,0.0,0.545,0.455,0.0,1.0,0.87
6355,2021.09.01 01:00:00,GBPCHFm,BREAKOUT_RETEST,SELL,1,1.25883,1.25929,1.25801,1.8,0.586,1.25871,1.25956,1.25801,1,0.023,0.99,0.0785,1.25895,1.25869,1.26201,1.25598,1,0.0,0.5,0,1.25871,0.755,0.053,0,0.0,0.0,0.0,1.25801,0.539,0,0,0,0.5,-0.545,-0.107,0.545,0.671,0,0.673,0,0.484,1.25871,1.2574,0.079,0.94,0.2997,0,0.25,2,1.0,0.469,0.94,0.499,0.424,1,1.25801,6,0.65,0.843,0.199,0.863,0.184,0.773,0.957,1.26898,1.25888,1.25897,3350.0,-150.9501,1,1.2699,0.563,1.29072,0.27,0.0,0.0,0,0.225,1,2,1497,0.768,0.546,0.419,27.0,27.0,0.177,152.5,0.0,1,1,0.807,1.23714,1,0,0.276,1.2757,0,11.062,0.121,0.879,0.0,1.0,0.5,0.26,0.0,0.5,0.0,0.266,0.298,0.5,1.0,0.0,0.683,0.0,0,0,0.695,0.877,0.0,0.872,0.0,0.697,0.509,0.0,0.494,0.455,0.0,1.0,0.792
6356,2021.09.01 01:01:40,GBPCHFm,PULLBACK,SELL,1,1.25898,1.25971,1.25801,1.33,0.439,1.25871,1.25956,1.25801,1,0.023,0.99,0.1769,1.25895,1.25869,1.26201,1.25598,1,0.0,0.5,0,1.25871,0.755,0.053,0,0.0,0.0,0.0,1.25801,0.539,0,0,0,0.5,-0.545,-0.107,0.545,0.455,0,0.782,0,0.484,1.25871,1.2574,0.177,1.038,0.0,2,0.25,0,0.782,0.396,1.038,0.382,0.361,1,1.25956,4,0.6,0.646,0.263,0.164,0.184,0.773,0.957,1.26898,1.25888,1.25897,3350.0,-150.9501,1,1.2699,0.563,1.29072,0.27,0.0,0.0,0,0.225,1,2,1497,0.768,0.546,0.419,27.0,27.0,0.177,152.5,0.0,1,1,0.807,1.23714,1,0,0.276,1.2757,0,10.964,0.121,0.879,0.0,1.0,0.5,0.44,0.0,0.5,0.0,0.275,0.384,0.5,1.0,0.0,0.584,0.0,0,0,0.603,0.8,0.0,0.823,0.0,0.29,0.523,0.0,0.517,0.455,0.0,1.0,0.787
6358,2021.09.01 01:10:00,GBPCHFm,BREAKOUT,SELL,1,1.2591,1.25971,1.25801,1.78,0.242,1.25871,1.25956,1.25801,1,0.023,0.99,0.2556,1.25895,1.25869,1.26201,1.25598,1,0.0,0.5,0,1.25871,0.755,0.053,0,0.0,0.0,0.0,1.25801,0.539,0,0,0,0.5,-0.545,-0.107,0.545,0.222,0,0.782,0,0.484,1.25871,1.2574,0.256,1.117,0.0,2,0.25,0,0.782,0.465,1.117,0.417,0.369,1,1.25956,4,0.6,0.489,0.334,0.164,0.184,0.773,0.957,1.26898,1.25888,1.25897,3350.0,-150.9501,1,1.2699,0.563,1.29072,0.27,0.0,0.0,0,0.225,1,2,1497,0.768,0.546,0.419,27.0,27.0,0.177,152.5,0.0,1,1,0.807,1.23714,1,0,0.276,1.2757,0,10.885,0.121,0.879,0.0,1.0,0.5,0.89,0.0,0.5,0.0,0.38,0.586,0.5,1.0,0.0,0.693,0.0,0,0,0.629,0.8,0.0,0.823,0.0,0.084,0.536,0.0,0.517,0.455,0.0,1.0,0.787
0,2021.09.01 02:00:00,GBPCHFm,ANCHORED_PULLBACK,SELL,1,1.2598,1.25981,1.25902,78.38,0.468,1.25937,1.25966,1.25861,0,0.29,0.834,0.2899,1.25895,1.25869,1.26201,1.25658,1,0.0,0.45,0,1.25902,0.745,0.675,0,0.0,0.0,1.25953,1.25801,1.197,0,0,0,0.825,-0.58,-0.0758,0.58,0.108,2,0.452,3,0.475,1.25937,1.25838,0.29,0.951,-0.3315,1,0.25,5,1.0,0.399,1.197,0.334,0.443,1,1.25902,8,0.749,0.42,0.668,0.174,0.387,1.0,0.978,1.26898,1.25888,1.25897,3350.0,-150.9501,1,1.2699,0.563,1.29072,0.27,0.0,0.0,0,0.225,1,2,1498,0.768,0.546,0.419,27.0,27.0,0.1803,149.8,0.0,1,1,0.807,1.23714,1,0,0.276,1.2757,0,10.615,0.121,0.879,0.0,1.0,0.5,0.89,0.0,0.5,0.0,0.418,0.706,0.5,0.58,0.0,0.623,0.0,0,0,0.547,0.403,0.0,0.866,0.0,0.132,0.658,0.0,0.499,0.455,0.0,1.0,0.72
0,2021.09.01 02:04:59,GBPCHFm,NAKED_POC,SELL,1,1.25962,1.25988,1.25801,6.16,0.666,1.25937,1.25966,1.25861,1,0.29,0.834,0.1697,1.25895,1.25869,1.26201,1.25658,1,0.0,0.45,0,1.25902,0.745,0.675,0,0.0,0.0,1.25953,1.25801,1.197,0,0,0,0.825,-0.58,-0.0758,0.58,0.269,0,0.715,3,0.475,1.25937,1.25838,0.17,0.831,0.0,2,0.25,0,0.715,0.441,1.077,0.41,0.377,1,1.25902,8,0.749,0.661,0.319,0.174,0.088,1.0,0.978,1.26898,1.25888,1.25897,3350.0,-150.9501,1,1.2699,0.563,1.29072,0.27,0.0,0.0,0,0.225,1,2,1498,0.768,0.546,0.419,27.0,27.0,0.1803,149.8,0.0,1,1,0.807,1.23714,1,0,0.276,1.2757,0,10.735,0.121,0.879,0.0,1.0,0.5,0.1,0.0,0.5,0.0,0.474,0.583,0.5,0.58,0.0,0.712,0.0,0,0,0.509,0.763,0.0,0.906,0.0,0.251,0.589,0.0,0.538,0.455,0.0,1.0,0.849
6362,2021.09.01 03:00:00,GBPCHFm,TREND_CONTINUATION,BUY,1,1.26051,1.25889,1.26388,2.08,0.244,1.25903,1.25968,1.25873,0,0.635,1.345,0.9012,1.25895,1.25869,1.26201,1.25658,1,0.0,0.4,0,1.25903,0.8,0.451,0,0.0,0.0,0.0,1.25801,1.656,0,0,0,0.21,0.3752,0.0113,0.375,0.125,2,0.621,0,0.643,1.25932,1.25831,0.68,1.433,-0.0686,1,0.0,0,0.621,0.714,1.656,0.431,0.437,1,1.25903,8,0.76,0.0,0.563,0.113,0.129,0.945,0.986,1.26898,1.25888,1.25897,3350.0,-150.9501,1,1.2699,0.563,1.29072,0.27,0.0,0.0,0,0.225,1,2,1499,0.768,0.546,0.419,27.0,27.0,0.2003,134.8,0.0,1,1,0.807,1.23714,1,0,0.276,1.2757,0,11.27,0.121,0.879,0.0,1.0,0.5,0.95,0.0,0.5,0.0,0.754,0.5,0.5,0.498,0.0,0.29,0.0,0,0,0.266,0.649,0.0,1.0,0.0,0.211,0.783,0.0,0.555,0.455,0.0,1.0,0.8
6363,2021.09.01 03:00:20,GBPCHFm,SWEEP_REVERSAL,SELL,1,1.26024,1.26159,1.25903,0.9,0.151,1.25903,1.25968,1.25873,0,0.635,1.345,0.9012,1.25895,1.25869,1.26201,1.25658,1,0.0,0.4,0,1.25903,0.8,0.451,0,0.0,0.0,0.0,1.25801,1.656,0,0,0,0.21,0.3752,0.0113,0.375,0.125,0,0.772,0,0.643,1.25932,1.25831,0.68,1.433,0.0,2,0.0,0,0.772,0.714,1.656,0.431,0.475,1,1.25903,8,0.76,0.0,0.263,0.113,0.129,0.945,0.986,1.26898,1.25888,1.25897,3350.0,-150.9501,1,1.2699,0.563,1.29072,0.27,0.0,0.0,0,0.225,1,2,1499,0.768,0.546,0.419,27.0,27.0,0.2003,134.8,0.0,1,1,0.807,1.23714,1,0,0.276,1.2757,0,11.47,0.121,0.879,0.0,1.0,0.5,0.94,0.0,0.5,0.0,0.754,0.5,0.5,0.498,0.0,0.306,0.0,0,0,0.272,0.68,0.0,1.0,0.0,0.321,0.787,0.0,0.555,0.455,0.0,1.0,0.852
6364,2021.09.01 03:00:20,GBPCHFm,MEAN_REVERSION,SELL,1,1.26024,1.26132,1.25903,1.13,0.718,1.25903,1.25968,1.25873,0,0.635,1.345,0.9012,1.25895,1.25869,1.26201,1.25658,1,0.0,0.4,0,1.25903,0.8,0.451,0,0.0,0.0,0.0,1.25801,1.656,0,0,0,0.21,0.3752,0.0113,0.375,0.125,0,0.772,0,0.643,1.25932,1.25831,0.68,1.433,0.0,2,0.0,0,0.772,0.714,1.656,0.431,0.475,1,1.25903,8,0.76,0.0,0.263,0.113,0.129,0.945,0.986,1.26898,1.25888,1.25897,3350.0,-150.9501,1,1.2699,0.563,1.29072,0.27,0.0,0.0,0,0.225,1,2,1499,0.768,0.546,0.419,27.0,27.0,0.2003,134.8,0.0,1,1,0.807,1.23714,1,0,0.276,1.2757,0,11.47,0.121,0.879,0.0,1.0,0.5,0.93,0.0,0.5,0.0,0.754,0.5,0.5,0.498,0.0,0.306,0.0,0,0,0.272,0.68,0.0,1.0,0.0,0.321,0.787,0.0,0.555,0.455,0.0,1.0,0.852
6366,2021.09.01 03:01:40,GBPCHFm,PULLBACK,BUY,1,1.26055,1.25952,1.26228,1.67,0.216,1.25903,1.25968,1.25873,0,0.635,1.345,0.9309,1.25895,1.25869,1.26201,1.25658,1,0.0,0.4,0,1.25903,0.8,0.451,0,0.0,0.0,0.0,1.25801,1.656,0,0,0,0.21,0.3752,0.0113,0.375,0.125,0,0.772,0,0.643,1.25932,1.25831,0.709,1.463,0.0,2,0.0,0,0.772,0.727,1.686,0.431,0.476,1,1.25903,8,0.76,0.0,0.263,0.113,0.129,0.945,0.986,1.26898,1.25888,1.25897,3350.0,-150.9501,1,1.2699,0.563,1.29072,0.27,0.0,0.0,0,0.225,1,2,1499,0.768,0.546,0.419,27.0,27.0,0.2003,134.8,0.0,1,1,0.807,1.23714,1,0,0.276,1.2757,0,11.24,0.121,0.879,0.0,1.0,0.5,0.92,0.0,0.5,0.0,0.754,0.592,0.5,0.498,0.0,0.306,0.0,0,0,0.327,0.68,0.0,0.669,0.0,0.321,0.793,0.0,0.553,0.455,0.0,1.0,0.852
6368,2021.09.01 03:10:00,GBPCHFm,BREAKOUT,BUY,1,1.26061,1.25952,1.26398,3.09,0.283,1.25903,1.25968,1.25873,0,0.635,1.345,0.9754,1.25895,1.25869,1.26201,1.25658,1,0.0,0.4,0,1.25903,0.8,0.451,0,0.0,0.0,0.0,1.25801,1.656,0,0,0,0.21,0.3752,0.0113,0.375,0.125,0,0.772,0,0.643,1.25932,1.25831,0.754,1.507,0.0,2,0.0,0,0.772,0.746,1.731,0.431,0.479,1,1.25903,8,0.76,0.0,0.263,0.113,0.129,0.945,0.986,1.26898,1.25888,1.25897,3350.0,-150.9501,1,1.2699,0.563,1.29072,0.27,0.0,0.0,0,0.225,1,2,1499,0.768,0.546,0.419,27.0,27.0,0.2003,134.8,0.0,1,1,0.807,1.23714,1,0,0.276,1.2757,0,11.196,0.121,0.879,0.0,1.0,0.5,0.63,0.0,0.5,0.0,0.711,0.567,0.5,0.503,0.0,0.26,0.0,0,0,0.295,0.68,0.0,0.669,0.0,0.239,0.801,0.0,0.553,0.455,0.0,1.0,0.852
6371,2021.09.01 04:05:00,GBPCHFm,NAKED_POC,SELL,1,1.26104,1.26273,1.25801,1.79,0.44,1.25932,1.25995,1.2588,0,1.05,0.038,1.3743,1.25895,1.25869,1.26201,1.25658,1,0.0,0.5,0,1.25885,0.734,0.426,0,0.0,0.0,0.0,1.25801,2.369,0,0,0,0.75,0.72,0.0855,0.72,0.06,0,0.754,1,0.07,1.25966,1.26087,1.098,0.132,0.0,2,0.15,0,0.754,1.066,2.416,0.441,0.39,1,1.25932,1,0.7,0.0,0.342,0.216,0.053,0.725,0.872,1.26983,1.25888,1.2587,-6852.494,-10202.494,-2,1.2699,0.562,1.28582,0.268,0.0,0.0,0,0.256,1,2,1500,0.766,0.551,0.422,27.0,27.0,0.2151,125.5,0.0,1,1,0.807,1.23714,1,0,0.276,1.2757,0,11.681,0.11,0.89,0.0,0.0,0.5,0.87,0.0,0.5,0.0,1.0,0.728,0.5,0.488,0.0,0.195,0.0,0,0,0.361,0.347,0.0,0.885,0.0,0.42,0.868,0.0,0.565,0.455,0.0,1.0,0.816
6372,2021.09.01 05:00:00,GBPCHFm,TREND_CONTINUATION,BUY,1,1.26145,1.26031,1.26383,2.08,0.79,1.25965,1.26024,1.25868,0,0.1,0.237,1.6041,1.25895,1.25869,1.26201,1.25658,1,0.0,0.6,0,1.259,0.673,0.0,1,0.0,0.0,0.0,1.25801,3.337,0,0,0,0.825,0.755,0.2279,0.755,0.345,2,0.435,3,0.348,1.26109,1.26089,0.1,0.305,0.426,0,0.15,2,1.0,1.83,3.337,0.548,0.591,2,1.25965,1,0.7,0.8,0.257,0.926,0.053,0.855,0.854,1.26983,1.25888,1.2587,-6852.494,-10202.494,-2,1.2699,0.562,1.28582,0.268,0.0,0.0,0,0.256,1,2,1501,0.766,0.551,0.422,27.0,27.0,0.284,95.1,0.0,1,1,0.807,1.23714,1,0,0.276,1.2757,0,14.989,0.11,0.89,0.0,0.0,0.5,0.72,0.0,0.5,0.0,0.449,0.571,0.5,0.486,0.0,0.369,0.0,0,0,0.336,0.496,0.0,0.835,0.0,0.867,0.711,0.0,0.519,0.455,0.0,1.0,0.998
6373,2021.09.01 05:00:20,GBPCHFm,MEAN_REVERSION,SELL,1,1.26117,1.26193,1.25966,1.99,0.633,1.25965,1.26024,1.25868,0,0.1,0.237,1.5935,1.25895,1.25869,1.26201,1.25658,1,0.0,0.6,0,1.259,0.673,0.0,1,0.0,0.0,0.0,1.25801,3.337,0,0,0,0.825,0.755,0.2279,0.755,0.345,2,0.65,3,0.348,1.26109,1.26089,0.089,0.295,0.0,2,0.15,4,0.595,1.658,3.326,0.498,0.47,1,1.25965,1,0.7,0.821,0.257,0.226,0.053,0.855,0.854,1.26983,1.25888,1.2587,-6852.494,-10202.494,-2,1.2699,0.562,1.28582,0.268,0.0,0.0,0,0.256,1,2,1501,0.766,0.551,0.422,27.0,27.0,0.284,95.1,0.0,1,1,0.807,1.23714,1,0,0.276,1.2757,0,15.283,0.11,0.89,0.0,0.0,0.5,0.71,0.0,0.5,0.0,0.428,0.55,0.5,0.442,0.0,0.319,0.0,0,0,0.29,0.44,0.0,0.53,0.0,0.452,0.802,0.0,0.544,0.455,0.0,1.0,0.845
6374,2021.09.01 05:10:00,GBPCHFm,BREAKOUT,BUY,1,1.26145,1.26002,1.26383,1.67,0.465,1.25965,1.26024,1.25868,0,0.1,0.237,1.6041,1.25895,1.25869,1.26201,1.25658,1,0.0,0.6,0,1.259,0.673,0.0,1,0.0,0.0,0.0,1.25801,3.337,0,0,0,0.825,0.755,0.2279,0.755,0.345,2,0.65,3,0.348,1.26109,1.26089,0.1,0.305,0.0,2,0.15,4,0.595,1.663,3.337,0.498,0.471,1,1.25965,1,0.7,0.8,0.257,0.226,0.053,0.855,0.854,1.26983,1.25888,1.2587,-6852.494,-10202.494,-2,1.2699,0.562,1.28582,0.268,0.0,0.0,0,0.256,1,2,1501,0.766,0.551,0.422,27.0,27.0,0.284,95.1,0.0,1,1,0.807,1.23714,1,0,0.276,1.2757,0,14.989,0.11,0.89,0.0,0.0,0.5,0.64,0.0,0.5,0.0,0.28,0.491,0.5,0.59,0.0,0.387,0.0,0,0,0.337,0.44,0.0,0.53,0.0,0.42,0.803,0.0,0.544,0.455,0.0,1.0,0.845
6376,2021.09.01 05:18:20,GBPCHFm,PULLBACK,BUY,1,1.26166,1.26126,1.26228,1.54,0.436,1.25965,1.26024,1.25868,0,0.1,0.237,1.8249,1.25895,1.25869,1.26201,1.25658,1,0.0,0.6,0,1.259,0.673,0.0,1,0.0,0.0,0.0,1.25801,3.337,0,0,0,0.825,0.755,0.2279,0.755,0.345,2,0.65,3,0.348,1.26109,1.26089,0.321,0.526,0.0,2,0.15,4,0.595,1.773,3.558,0.498,0.483,1,1.26109,2,0.55,0.358,0.257,0.226,0.053,0.855,0.854,1.26983,1.25888,1.2587,-6852.494,-10202.494,-2,1.2699,0.562,1.28582,0.268,0.0,0.0,0,0.256,1,2,1501,0.766,0.551,0.422,27.0,27.0,0.284,95.1,0.0,1,1,0.807,1.23714,1,0,0.276,1.2757,0,14.768,0.11,0.89,0.0,0.0,0.5,0.99,0.0,0.5,0.0,0.26,0.509,0.5,0.554,0.0,0.388,0.0,0,0,0.327,0.44,0.0,0.707,0.0,0.424,0.81,0.0,0.54,0.455,0.0,1.0,0.845
6381,2021.09.01 06:00:00,GBPCHFm,ANCHORED_PULLBACK,BUY,1,1.26214,1.2615,1.2636,2.27,0.739,1.26105,1.26137,1.25961,0,0.078,0.512,0.9459,1.25895,1.25869,1.26201,1.25658,1,0.0,0.7,0,1.2598,0.726,0.441,0,0.0,0.0,1.26176,1.25801,4.469,0,0,0,0.9,0.615,0.3401,0.615,0.104,1,0.248,3,0.493,1.26174,1.26193,0.15,0.067,0.2198,0,0.25,2,1.0,1.398,2.392,0.584,0.538,2,1.26105,1,0.7,0.699,0.369,0.885,0.088,0.81,0.92,1.26983,1.25888,1.2587,-6852.494,-10202.494,-2,1.2699,0.562,1.28582,0.268,0.0,0.0,0,0.256,1,2,1502,0.766,0.551,0.422,27.0,27.0,0.3124,86.4,0.0,1,1,0.807,1.23714,1,0,0.276,1.2757,0,15.689,0.11,0.89,0.0,0.0,0.5,0.93,0.0,0.5,0.0,0.333,0.551,0.5,0.99,0.0,0.723,0.0,0,0,0.617,0.685,0.0,1.0,0.0,0.922,0.687,0.0,0.522,0.455,0.0,1.0,1.021
6382,2021.09.01 06:00:20,GBPCHFm,SWEEP_REVERSAL,SELL,1,1.2618,1.26266,1.26105,0.86,0.186,1.26105,1.26137,1.25961,0,0.078,0.512,0.8649,1.25895,1.25869,1.26201,1.25658,1,0.0,0.7,0,1.2598,0.726,0.441,0,0.0,0.0,1.26176,1.25801,4.469,0,0,0,0.9,0.615,0.3401,0.615,0.631,2,0.548,3,0.493,1.26174,1.26193,0.069,0.148,0.0,2,0.25,0,0.548,0.821,2.311,0.355,0.358,1,1.26105,1,0.7,0.861,0.211,0.185,0.088,0.81,0.92,1.26983,1.25888,1.2587,-6852.494,-10202.494,-2,1.2699,0.562,1.28582,0.268,0.0,0.0,0,0.256,1,2,1502,0.766,0.551,0.422,27.0,27.0,0.3124,86.4,0.0,1,1,0.807,1.23714,1,0,0.276,1.2757,0,16.083,0.11,0.89,0.0,0.0,0.5,0.66,0.0,0.5,0.0,0.345,0.531,0.5,0.99,0.0,0.723,0.0,0,0,0.605,0.805,0.0,0.848,0.0,0.587,0.83,0.0,0.603,0.455,0.0,1.0,0.952
6386,2021.09.01 07:00:00,GBPCHFm,TREND_CONTINUATION,BUY,1,1.2634,1.2621,1.26575,1.81,0.827,1.26174,1.26294,1.25999,0,0.094,0.888,1.4769,1.25876,1.25899,1.26243,1.25679,0,0.0,0.8,0,1.26193,0.698,0.152,0,0.0,0.0,1.26313,1.25801,5.454,0,0,1,0.975,0.825,0.4274,0.825,0.549,1,0.238,0,0.56,1.26313,1.26359,0.004,0.487,1.2797,0,0.0,2,1.0,0.765,1.477,0.518,0.515,2,1.26193,8,0.74,0.993,0.135,0.947,0.112,0.849,0.907,1.26983,1.25888,1.2587,-6852.494,-10202.494,-2,1.2699,0.562,1.28582,0.268,0.0,0.0,0,0.256,1,2,1503,0.766,0.551,0.422,27.0,27.0,0.2875,93.9,0.0,1,1,0.807,1.23714,1,0,0.276,1.2757,0,13.095,0.11,0.89,0.0,0.0,0.5,0.68,0.0,0.5,0.0,0.29,0.584,0.5,0.657,0.0,0.828,0.0,0,0,0.579,0.701,0.0,0.517,0.0,1.0,0.437,0.0,0.505,0.455,0.0,1.0,1.059
6387,2021.09.01 07:00:20,GBPCHFm,MEAN_REVERSION,SELL,1,1.26339,1.26414,1.26193,1.95,0.559,1.26174,1.26294,1.25999,0,0.094,0.888,1.7537,1.25876,1.25899,1.26243,1.25679,0,0.0,0.8,0,1.26193,0.698,0.152,0,0.0,0.0,1.26313,1.25801,5.454,0,0,1,0.975,0.825,0.4274,0.825,0.277,2,0.538,0,0.56,1.26313,1.26359,0.281,0.211,0.0,2,0.0,0,0.538,0.716,1.754,0.408,0.394,1,1.26193,8,0.74,0.439,0.217,0.247,0.112,0.849,0.907,1.26983,1.25888,1.2587,-6852.494,-10202.494,-2,1.2699,0.562,1.28582,0.268,0.0,0.0,0,0.256,1,2,1503,0.766,0.551,0.422,27.0,27.0,0.2875,93.9,0.0,1,1,0.807,1.23714,1,0,0.276,1.2757,0,13.106,0.11,0.89,0.0,0.0,0.5,0.91,0.0,0.5,0.0,0.345,0.605,0.5,0.76,0.0,0.827,0.0,0,0,0.622,0.555,0.0,0.238,0.0,1.0,0.86,0.0,0.588,0.455,0.0,1.0,0.985
6389,2021.09.01 07:03:40,GBPCHFm,BREAKOUT_RETEST,BUY,1,1.26279,1.26192,1.26469,2.18,0.57,1.26174,1.26294,1.25999,1,0.094,0.888,0.8275,1.25876,1.25899,1.26243,1.25679,0,0.0,0.8,0,1.26193,0.698,0.152,0,0.0,0.0,1.26313,1.25801,5.454,0,0,1,0.975,0.825,0.4274,0.825,0.217,2,0.538,0,0.56,1.26313,1.2623,0.646,0.238,0.0,2,0.0,0,0.538,0.345,0.827,0.418,0.351,1,1.26193,8,0.74,0.0,0.235,0.247,0.112,0.849,0.977,1.26983,1.25888,1.2587,-6852.494,-10202.494,-2,1.2699,0.562,1.28582,0.268,0.0,0.0,0,0.256,1,2,1503,0.766,0.551,0.422,27.0,27.0,0.2875,93.9,0.0,1,1,0.807,1.23714,1,0,0.276,1.2757,0,13.744,0.11,0.89,0.0,0.0,0.5,0.0,0.0,0.5,0.0,0.414,0.468,0.5,0.76,0.0,0.748,0.0,0,0,0.547,0.562,0.0,0.558,0.0,1.0,0.732,0.0,0.583,0.455,0.0,1.0,0.944
6391,2021.09.01 07:10:00,GBPCHFm,BREAKOUT,BUY,1,1.26336,1.2621,1.26571,1.87,0.485,1.26174,1.26294,1.25999,0,0.094,0.888,1.4343,1.25876,1.25899,1.26243,1.25679,0,0.0,0.8,0,1.26193,0.698,0.152,0,0.0,0.0,1.26313,1.25801,5.454,0,0,1,0.975,0.825,0.4274,0.825,0.66,2,0.538,0,0.56,1.26313,1.26359,0.039,0.53,0.0,2,0.0,0,0.538,0.503,1.434,0.351,0.369,1,1.26193,8,0.74,0.922,0.102,0.247,0.112,0.849,0.907,1.26983,1.25888,1.2587,-6852.494,-10202.494,-2,1.2699,0.562,1.28582,0.268,0.0,0.0,0,0.256,1,2,1503,0.766,0.551,0.422,27.0,27.0,0.2875,93.9,0.0,1,1,0.807,1.23714,1,0,0.276,1.2757,0,13.138,0.11,0.89,0.0,0.0,0.5,0.67,0.0,0.5,0.0,0.345,0.504,0.5,0.814,0.0,0.725,0.0,0,0,0.537,0.756,0.0,0.428,0.0,1.0,0.435,0.0,0.614,0.455,0.0,1.0,1.033
6393,2021.09.01 07:18:20,GBPCHFm,PULLBACK,BUY,1,1.26313,1.2621,1.26595,2.74,0.607,1.26174,1.26294,1.25999,1,0.094,0.888,1.1895,1.25876,1.25899,1.26243,1.25679,0,0.0,0.8,0,1.26193,0.698,0.152,0,0.0,0.0,1.26313,1.25801,5.454,0,0,1,0.975,0.825,0.4274,0.825,0.524,2,0.538,0,0.56,1.26313,1.2623,0.284,0.6,0.0,2,0.0,0,0.538,0.442,1.189,0.371,0.362,1,1.26193,8,0.74,0.433,0.143,0.247,0.112,0.849,0.977,1.26983,1.25888,1.2587,-6852.494,-10202.494,-2,1.2699,0.562,1.28582,0.268,0.0,0.0,0,0.256,1,2,1503,0.766,0.551,0.422,27.0,27.0,0.2875,93.9,0.0,1,1,0.807,1.23714,1,0,0.276,1.2757,0,13.383,0.11,0.89,0.0,0.0,0.5,0.22,0.0,0.5,0.005,0.414,0.503,0.5,0.525,0.0,0.676,0.0,0,0,0.43,0.733,0.0,0.475,0.0,1.0,0.435,0.0,0.583,0.455,0.0,1.0,0.944
6396,2021.09.01 08:03:40,GBPCHFm,ANCHORED_PULLBACK,SELL,2,1.26247,1.26302,1.26191,1.02,0.411,1.26302,1.26353,1.26191,1,0.531,0.802,-0.5486,1.25876,1.25899,1.26243,1.25679,0,0.0,0.55,0,1.26302,0.759,0.366,0,0.0,0.0,1.26272,1.25801,4.351,0,0,0,0.7,0.86,0.5454,0.86,0.216,2,0.601,2,0.057,1.26302,1.26147,0.549,1.007,0.0,2,0.0,0,0.601,0.42,1.007,0.418,0.317,0,1.26302,8,0.752,0.0,0.235,0.258,0.0,0.884,0.868,1.26898,1.25888,1.25904,5905.7409,12758.2349,2,1.2699,0.562,0.0,0.0,0.0,0.0,0,0.285,1,2,1504,0.766,0.551,0.422,27.0,27.0,0.2712,99.6,0.0,1,1,0.807,1.23714,1,0,0.276,1.2757,0,13.287,0.098,0.902,0.0,0.0,0.5,0.74,0.0,0.5,0.0,0.397,0.486,0.5,0.505,0.0,0.557,0.0,0,0,0.383,0.655,0.0,0.891,0.0,0.771,0.435,0.0,0.604,0.455,0.0,1.0,0.84
6397,2021.09.01 08:12:40,GBPCHFm,SWEEP_REVERSAL,BUY,2,1.26215,1.26115,1.26329,1.14,0.108,1.26302,1.26353,1.26191,0,0.531,0.802,-1.1411,1.25876,1.25899,1.26243,1.25679,1,0.0,0.55,0,1.26302,0.759,0.366,0,0.0,0.0,1.26272,1.25801,4.351,0,0,0,0.7,0.86,0.5454,0.86,0.568,2,0.601,2,0.057,1.26302,1.26147,1.141,0.414,0.0,2,0.0,0,0.601,1.418,3.889,0.365,0.433,1,1.26302,8,0.752,0.0,0.129,0.258,0.0,0.884,0.868,1.26898,1.25888,1.25904,5905.7409,12758.2349,2,1.2699,0.562,0.0,0.0,0.0,0.0,0,0.285,1,2,1504,0.766,0.551,0.422,27.0,27.0,0.2712,99.6,0.0,1,1,0.807,1.23714,1,0,0.276,1.2757,0,13.608,0.098,0.902,0.0,0.0,0.5,0.02,0.0,0.5,0.0,0.259,0.425,0.5,0.413,0.0,0.479,0.0,0,0,0.361,0.648,0.0,0.792,0.0,0.784,0.512,0.0,0.601,0.455,0.0,1.0,0.889
6400,2021.09.01 09:00:00,GBPCHFm,TREND_CONTINUATION,BUY,2,1.26222,1.26099,1.26478,2.08,0.475,1.2621,1.26299,1.26163,1,0.017,0.519,-0.1512,1.25876,1.25899,1.26243,1.25679,1,0.0,0.5,0,1.26293,0.775,0.463,0,0.0,0.0,1.26201,1.25801,3.857,0,0,0,0.75,0.72,0.5082,0.72,0.819,2,0.369,0,0.581,1.26204,1.26121,0.084,0.72,-0.247,1,0.55,5,1.0,0.876,3.857,0.227,0.457,1,1.26163,5,0.6,0.832,0.574,0.216,0.609,0.915,0.844,1.26898,1.25888,1.25904,5905.7409,12758.2349,2,1.2699,0.562,0.0,0.0,0.0,0.0,0,0.285,1,2,1505,0.766,0.551,0.422,27.0,27.0,0.2642,102.2,0.0,1,1,0.807,1.23714,1,0,0.276,1.2757,1,13.188,0.098,0.902,0.0,0.0,1.0,0.04,0.0,0.5,0.0,0.759,0.436,0.5,0.476,0.0,0.251,0.0,0,0,0.282,0.593,0.0,0.956,0.0,0.48,0.437,0.0,0.559,0.455,0.0,1.0,0.707
6402,2021.09.01 09:02:40,GBPCHFm,MEAN_REVERSION,BUY,2,1.26213,1.26179,1.2632,3.16,0.646,1.2621,1.26299,1.26163,1,0.017,0.519,-0.2392,1.25876,1.25899,1.26243,1.25679,1,0.0,0.5,0,1.26293,0.775,0.463,0,0.0,0.0,1.26201,1.25801,3.857,0,0,0,0.75,0.72,0.5082,0.72,0.591,0,0.669,0,0.581,1.26204,1.26121,0.172,0.632,0.0,2,0.25,0,0.669,1.362,3.769,0.361,0.476,1,1.26293,8,0.755,0.656,0.223,0.216,0.204,0.915,0.844,1.26898,1.25888,1.25904,5905.7409,12758.2349,2,1.2699,0.562,0.0,0.0,0.0,0.0,0,0.285,1,2,1505,0.766,0.551,0.422,27.0,27.0,0.2642,102.2,0.0,1,1,0.807,1.23714,1,0,0.276,1.2757,1,13.276,0.098,0.902,0.0,0.0,1.0,0.0,0.0,0.5,0.0,0.971,0.416,0.5,0.495,0.0,0.25,0.0,0,0,0.299,0.8,0.0,1.0,0.0,0.634,0.434,0.0,0.599,0.455,0.0,1.0,0.874
6404,2021.09.01 09:03:59,GBPCHFm,BREAKOUT_RETEST,BUY,2,1.26198,1.26167,1.26237,1.29,0.505,1.2621,1.26299,1.26163,1,0.017,0.519,-0.386,1.25876,1.25899,1.26243,1.25679,1,0.0,0.5,0,1.26293,0.775,0.463,0,0.0,0.0,1.26201,1.25801,3.857,0,0,0,0.75,0.72,0.5082,0.72,0.605,0,0.669,0,0.581,1.26204,1.26121,0.319,0.485,0.0,2,0.25,0,0.669,1.301,3.622,0.359,0.469,1,1.2621,1,0.7,0.362,0.218,0.216,0.204,0.915,0.844,1.26898,1.25888,1.25904,5905.7409,12758.2349,2,1.2699,0.562,0.0,0.0,0.0,0.0,0,0.285,1,2,1505,0.766,0.551,0.422,27.0,27.0,0.2642,102.2,0.0,1,1,0.807,1.23714,1,0,0.276,1.2757,1,13.423,0.098,0.902,0.0,0.0,1.0,0.01,0.0,0.5,0.0,0.971,0.403,0.5,0.495,0.0,0.25,0.0,0,0,0.307,0.8,0.0,1.0,0.0,0.634,0.434,0.0,0.599,0.455,0.0,1.0,0.874
6406,2021.09.01 09:10:00,GBPCHFm,BREAKOUT,BUY,2,1.2624,1.26087,1.26496,1.67,0.312,1.2621,1.26299,1.26163,1,0.017,0.519,0.0249,1.25876,1.25899,1.26243,1.25679,1,0.0,0.5,0,1.26293,0.775,0.463,0,0.0,0.0,1.26201,1.25801,3.857,0,0,0,0.75,0.72,0.5082,0.72,1.0,0,0.669,0,0.581,1.26204,1.26121,0.092,0.896,0.0,2,0.25,0,0.669,0.269,0.896,0.3,0.348,0,1.26163,5,0.6,0.816,0.1,0.216,0.204,0.915,0.844,1.26898,1.25888,1.25904,5905.7409,12758.2349,2,1.2699,0.562,0.0,0.0,0.0,0.0,0,0.285,1,2,1505,0.766,0.551,0.422,27.0,27.0,0.2642,102.2,0.0,1,1,0.807,1.23714,1,0,0.276,1.2757,1,13.012,0.098,0.902,0.0,0.0,1.0,0.82,0.0,0.5,0.0,0.898,0.474,0.5,0.467,0.0,0.293,0.0,0,0,0.273,0.8,0.0,0.765,0.0,0.61,0.574,0.0,0.629,0.455,0.0,1.0,0.842
6408,2021.09.01 09:16:00,GBPCHFm,NAKED_POC,SELL,2,1.26158,1.26219,1.25801,5.86,0.377,1.2621,1.26299,1.26163,0,0.017,0.519,-0.5131,1.25876,1.25899,1.26243,1.25679,1,0.0,0.5,0,1.26293,0.775,0.463,0,0.0,0.0,1.26201,1.25801,3.857,0,0,0,0.75,0.72,0.5082,0.72,0.198,0,0.669,0,0.581,1.26204,1.26121,0.446,0.358,0.0,2,0.25,0,0.669,1.469,3.495,0.42,0.488,1,1.2621,1,0.7,0.108,0.341,0.216,0.204,0.915,0.844,1.26898,1.25888,1.25904,5905.7409,12758.2349,2,1.2699,0.562,0.0,0.0,0.0,0.0,0,0.285,1,2,1505,0.766,0.551,0.422,27.0,27.0,0.2642,102.2,0.0,1,1,0.807,1.23714,1,0,0.276,1.2757,1,13.814,0.098,0.902,0.0,0.0,1.0,0.0,0.0,0.5,0.0,0.72,0.434,0.5,0.454,0.0,0.231,0.0,0,0,0.268,0.751,0.0,0.906,0.0,0.673,0.504,0.0,0.591,0.455,0.0,1.0,0.952
6409,2021.09.01 09:36:00,GBPCHFm,PULLBACK,BUY,2,1.26084,1.25931,1.26237,1.0,0.4,1.2621,1.26299,1.26163,0,0.017,0.519,-1.5013,1.25876,1.25899,1.26243,1.25679,1,0.0,0.5,0,1.26293,0.775,0.463,0,0.0,0.0,1.26201,1.25801,3.857,0,0,0,0.75,0.72,0.5082,0.72,0.132,0,0.669,0,0.581,1.26204,1.26121,1.434,0.63,0.0,2,0.25,0,0.669,1.078,2.507,0.43,0.443,1,1.2621,1,0.7,0.0,0.36,0.216,0.204,0.915,0.844,1.26898,1.25888,1.25904,5905.7409,12758.2349,2,1.2699,0.562,0.0,0.0,0.0,0.0,0,0.285,1,2,1505,0.766,0.551,0.422,27.0,27.0,0.2642,102.2,0.0,1,1,0.807,1.23714,1,0,0.276,1.2757,1,14.538,0.098,0.902,0.0,0.0,1.0,0.0,0.0,0.5,0.0,0.615,0.275,0.5,0.488,0.0,0.219,0.0,0,0,0.369,0.631,0.0,0.906,0.0,0.557,0.368,0.0,0.593,0.455,0.0,1.0,0.952
6411,2021.09.01 10:03:40,GBPCHFm,ANCHORED_PULLBACK,SELL,2,1.26061,1.26143,1.25942,1.45,0.52,1.26207,1.26334,1.26182,0,1.104,0.056,-1.2894,1.25915,1.25899,1.26243,1.25679,1,0.0,0.45,0,1.26207,0.763,0.562,0,0.0,0.0,1.26057,1.25801,2.484,0,0,0,1.0,0.755,0.389,0.755,0.266,2,0.57,2,0.183,1.26207,1.26097,1.289,0.316,0.0,2,0.4,0,0.57,0.943,2.299,0.41,0.34,0,1.26207,8,0.753,0.0,0.38,0.226,0.14,1.0,0.9,1.26898,1.25888,1.25904,5905.7409,12758.2349,2,1.2699,0.562,0.0,0.0,0.0,0.0,0,0.285,1,2,1506,0.766,0.551,0.422,27.0,27.0,0.2385,113.2,0.0,1,1,0.807,1.23714,1,0,0.276,1.2757,1,13.329,0.098,0.902,0.0,0.0,1.0,0.73,0.0,0.5,0.0,1.0,0.478,0.5,0.494,0.0,0.252,0.0,0,0,0.262,0.417,0.0,0.916,0.0,0.555,0.573,0.0,0.582,0.455,0.0,1.0,0.811
6412,2021.09.01 10:12:40,GBPCHFm,SWEEP_REVERSAL,BUY,2,1.26078,1.25965,1.26234,1.38,0.239,1.26207,1.26334,1.26182,0,1.104,0.056,-1.3777,1.25915,1.25899,1.26243,1.25679,1,0.0,0.45,0,1.26207,0.763,0.562,0,0.0,0.0,1.26057,1.25801,2.484,0,0,0,1.0,0.755,0.389,0.755,0.266,2,0.57,2,0.183,1.26207,1.26097,1.378,0.405,0.0,2,0.4,0,0.57,0.907,2.21,0.41,0.336,0,1.26207,8,0.753,0.0,0.38,0.226,0.14,1.0,0.9,1.26898,1.25888,1.25904,5905.7409,12758.2349,2,1.2699,0.562,0.0,0.0,0.0,0.0,0,0.285,1,2,1506,0.766,0.551,0.422,27.0,27.0,0.2385,113.2,0.0,1,1,0.807,1.23714,1,0,0.276,1.2757,1,13.179,0.098,0.902,0.0,0.0,1.0,0.08,0.0,0.5,0.0,1.0,0.535,0.5,0.507,0.0,0.276,0.0,0,0,0.283,0.417,0.0,1.0,0.0,0.555,0.349,0.0,0.582,0.455,0.0,1.0,0.811
6415,2021.09.01 11:00:59,GBPCHFm,TREND_CONTINUATION,BUY,2,1.26131,1.25994,1.26417,2.08,0.544,1.26207,1.26355,1.26129,0,0.193,0.111,-0.9016,1.25915,1.25899,1.26243,1.25679,1,0.0,0.65,0,1.26207,0.726,0.0,2,0.0,0.0,1.26049,1.25801,2.529,0,0,0,1.0,0.79,0.2439,0.79,0.149,2,0.6,3,0.412,1.26059,1.26103,0.392,0.011,0.0,2,0.4,0,0.6,1.134,2.652,0.428,0.369,1,1.26059,2,0.55,0.216,0.415,0.237,0.14,0.758,0.801,1.26898,1.25888,1.25904,5905.7409,12758.2349,2,1.2699,0.562,0.0,0.0,0.0,0.0,0,0.285,1,2,1507,0.766,0.551,0.422,27.0,27.0,0.2361,114.4,0.0,1,1,0.807,1.23714,1,0,0.276,1.2757,1,12.583,0.098,0.902,0.0,0.0,1.0,0.84,0.0,0.5,0.0,0.653,0.574,0.5,0.482,0.0,0.251,0.0,0,0,0.289,0.517,0.0,0.914,0.0,0.695,0.472,0.0,0.569,0.455,0.0,1.0,0.874
6417,2021.09.01 11:02:40,GBPCHFm,MEAN_REVERSION,BUY,2,1.261,1.26009,1.26234,1.47,0.568,1.26207,1.26355,1.26129,0,0.193,0.111,-1.1726,1.25915,1.25899,1.26243,1.25679,1,0.0,0.65,0,1.26207,0.726,0.0,2,0.0,0.0,1.26049,1.25801,2.529,0,0,0,1.0,0.79,0.2439,0.79,0.762,2,0.6,3,0.412,1.26059,1.26103,0.121,0.26,0.0,2,0.4,0,0.6,0.799,2.381,0.336,0.33,0,1.26207,8,0.745,0.759,0.231,0.237,0.14,0.758,0.801,1.26898,1.25888,1.25904,5905.7409,12758.2349,2,1.2699,0.562,0.0,0.0,0.0,0.0,0,0.285,1,2,1507,0.766,0.551,0.422,27.0,27.0,0.2361,114.4,0.0,1,1,0.807,1.23714,1,0,0.276,1.2757,1,12.854,0.098,0.902,0.0,0.0,1.0,0.5,0.0,0.5,0.0,0.555,0.523,0.5,0.507,0.0,0.311,0.0,0,0,0.29,0.645,0.0,0.699,0.0,0.695,0.573,0.0,0.593,0.455,0.0,1.0,0.921
6419,2021.09.01 11:10:00,GBPCHFm,BREAKOUT,SELL,2,1.26068,1.26219,1.25801,1.78,0.482,1.26207,1.26355,1.26129,0,0.193,0.111,-1.2164,1.25915,1.25899,1.26243,1.25679,1,0.0,0.65,0,1.26207,0.726,0.0,2,0.0,0.0,1.26049,1.25801,2.529,0,0,0,1.0,0.79,0.2439,0.79,0.762,2,0.6,3,0.412,1.26059,1.26103,0.077,0.303,0.0,2,0.4,0,0.6,0.784,2.337,0.336,0.328,0,1.26207,8,0.745,0.846,0.231,0.237,0.14,0.758,0.801,1.26898,1.25888,1.25904,5905.7409,12758.2349,2,1.2699,0.562,0.0,0.0,0.0,0.0,0,0.285,1,2,1507,0.766,0.551,0.422,27.0,27.0,0.2361,114.4,0.0,1,1,0.807,1.23714,1,0,0.276,1.2757,1,13.134,0.098,0.902,0.0,0.0,1.0,0.23,0.0,0.5,0.0,0.371,0.554,0.5,0.539,0.0,0.341,0.0,0,0,0.33,0.645,0.0,0.699,0.0,0.695,0.573,0.0,0.593,0.455,0.0,1.0,0.921
6421,2021.09.01 11:16:00,GBPCHFm,NAKED_POC,SELL,2,1.26105,1.26259,1.25801,1.97,0.463,1.26207,1.26355,1.26129,0,0.193,0.111,-0.8928,1.25915,1.25899,1.26243,1.25679,1,0.0,0.65,0,1.26207,0.726,0.0,2,0.0,0.0,1.26049,1.25801,2.529,0,0,0,1.0,0.79,0.2439,0.79,0.149,2,0.6,3,0.412,1.26059,1.26103,0.4,0.02,0.0,2,0.4,0,0.6,1.138,2.661,0.428,0.369,1,1.26059,2,0.55,0.199,0.415,0.237,0.14,0.758,0.801,1.26898,1.25888,1.25904,5905.7409,12758.2349,2,1.2699,0.562,0.0,0.0,0.0,0.0,0,0.285,1,2,1507,0.766,0.551,0.422,27.0,27.0,0.2361,114.4,0.0,1,1,0.807,1.23714,1,0,0.276,1.2757,1,12.811,0.098,0.902,0.0,0.0,1.0,0.94,0.0,0.5,0.0,0.447,0.577,0.5,0.494,0.0,0.288,0.0,0,0,0.31,0.517,0.0,0.914,0.0,0.695,0.473,0.0,0.569,0.455,0.0,1.0,0.874
6422,2021.09.01 11:36:40,GBPCHFm,PULLBACK,BUY,2,1.262,1.26144,1.2627,1.25,0.623,1.26207,1.26355,1.26129,1,0.193,0.111,-0.2982,1.25915,1.25899,1.26243,1.25679,1,0.0,0.65,0,1.26207,0.726,0.0,2,0.0,0.0,1.26049,1.25801,2.529,0,0,0,1.0,0.79,0.2439,0.79,0.249,2,0.6,3,0.412,1.26216,1.26155,0.374,0.158,0.0,2,0.4,0,0.6,1.343,3.255,0.413,0.407,1,1.26129,5,0.6,0.251,0.385,0.237,0.14,0.867,0.808,1.26898,1.25888,1.25904,5905.7409,12758.2349,2,1.2699,0.562,0.0,0.0,0.0,0.0,0,0.285,1,2,1507,0.766,0.551,0.422,27.0,27.0,0.2361,114.4,0.0,1,1,0.807,1.23714,1,0,0.276,1.2757,1,11.98,0.098,0.902,0.0,0.0,1.0,0.93,0.0,0.5,0.0,0.85,0.713,0.5,0.522,0.0,0.336,0.0,0,0,0.419,0.561,0.0,1.0,0.0,0.705,0.498,0.0,0.581,0.455,0.0,1.0,0.795
6426,2021.09.01 12:00:40,GBPCHFm,BREAKOUT_RETEST,BUY,2,1.26254,1.26211,1.26372,2.75,0.554,1.26195,1.26254,1.26072,1,0.022,0.318,0.2743,1.25915,1.25899,1.26243,1.25679,1,0.0,0.7,0,1.26195,0.731,0.861,0,0.0,0.0,1.26192,1.25801,3.415,0,0,0,0.8,1.0,0.1169,1.0,0.79,2,0.579,3,0.589,1.26202,1.2626,0.218,0.292,0.0,2,0.0,0,0.579,1.23,3.711,0.331,0.481,1,1.26072,5,0.6,0.565,0.063,0.3,0.0,0.957,0.78,1.26983,1.25888,1.25904,6106.2834,200.5425,2,1.2699,0.56,0.0,0.0,0.0,0.0,0,0.266,1,2,1508,0.766,0.551,0.422,27.0,27.0,0.2351,114.9,0.0,1,1,0.807,1.23714,1,0,0.276,1.2757,1,11.458,0.107,0.893,0.0,0.0,1.0,0.99,0.0,0.5,0.0,0.925,0.354,0.5,0.56,0.0,0.563,0.0,0,0,0.481,0.818,0.0,0.743,0.0,0.642,0.555,0.0,0.602,0.455,0.0,1.0,0.881
6428,2021.09.01 12:03:59,GBPCHFm,ANCHORED_PULLBACK,BUY,2,1.26291,1.26249,1.26494,4.83,0.257,1.26195,1.26254,1.26072,0,0.022,0.318,0.5964,1.25915,1.25899,1.26243,1.25679,0,0.0,0.7,0,1.26195,0.731,0.861,0,0.0,0.0,1.26192,1.25801,3.415,0,0,0,0.8,1.0,0.1169,1.0,0.22,2,0.579,3,0.589,1.26202,1.2626,0.54,0.03,0.0,2,0.0,0,0.579,0.249,0.596,0.417,0.367,1,1.26195,8,0.746,0.0,0.234,0.3,0.0,0.957,0.78,1.26983,1.25888,1.25904,6106.2834,200.5425,2,1.2699,0.56,0.0,0.0,0.0,0.0,0,0.266,1,2,1508,0.766,0.551,0.422,27.0,27.0,0.2351,114.9,0.0,1,1,0.807,1.23714,1,0,0.276,1.2757,1,11.136,0.107,0.893,0.0,0.0,1.0,0.98,0.0,0.5,0.0,0.989,0.484,0.5,0.56,0.0,0.563,0.0,0,0,0.403,0.59,0.0,0.653,0.0,0.708,0.836,0.0,0.578,0.455,0.0,1.0,0.904
6430,2021.09.01 12:14:00,GBPCHFm,SWEEP_REVERSAL,SELL,2,1.26288,1.26403,1.26196,0.81,0.094,1.26195,1.26254,1.26072,0,0.022,0.318,0.8053,1.25915,1.25899,1.26243,1.25679,0,0.0,0.7,0,1.26195,0.731,0.861,0,0.0,0.0,1.26192,1.25801,3.415,0,0,0,0.8,1.0,0.1169,1.0,0.22,2,0.579,3,0.589,1.26202,1.2626,0.749,0.239,0.0,2,0.0,0,0.579,0.336,0.805,0.417,0.377,1,1.26195,8,0.746,0.0,0.234,0.3,0.0,0.957,0.78,1.26983,1.25888,1.25904,6106.2834,200.5425,2,1.2699,0.56,0.0,0.0,0.0,0.0,0,0.266,1,2,1508,0.766,0.551,0.422,27.0,27.0,0.2351,114.9,0.0,1,1,0.807,1.23714,1,0,0.276,1.2757,1,11.162,0.107,0.893,0.0,0.0,1.0,0.99,0.0,0.5,0.0,0.588,0.719,0.5,0.507,0.0,0.533,0.0,0,0,0.497,0.59,0.0,0.475,0.0,0.915,0.857,0.0,0.578,0.455,0.0,1.0,0.904
6432,2021.09.01 13:16:00,GBPCHFm,NAKED_POC,SELL,4,1.26174,1.26297,1.25801,3.04,0.381,1.26055,1.26277,1.26026,1,0.521,0.968,0.9175,1.25927,1.25914,1.26265,1.25691,1,0.0,0.65,2,1.26306,0.657,0.0,1,0.0,0.0,1.26308,1.25801,2.637,1,0,0,0.8,1.0,0.0923,1.0,0.479,2,0.446,3,0.399,1.26277,1.26229,0.797,0.425,0.0,2,0.3,6,0.5,0.658,2.884,0.228,0.294,0,1.26055,1,0.7,0.0,0.476,0.3,0.405,0.702,0.81,1.26983,1.25888,1.25904,6106.2834,200.5425,2,1.2699,0.56,0.0,0.0,0.0,0.0,0,0.266,1,2,1509,0.766,0.551,0.422,27.0,27.0,0.2086,129.4,0.0,1,1,0.807,1.23714,1,0,0.276,1.2757,1,10.786,0.107,0.893,0.0,0.0,1.0,0.89,0.0,0.5,0.0,0.288,0.518,0.5,0.428,0.0,0.589,0.0,0,0,0.375,0.326,0.0,1.0,0.0,0.819,0.561,0.0,0.501,0.455,0.0,1.0,0.706
6433,2021.09.01 14:00:00,GBPCHFm,TREND_CONTINUATION,BUY,4,1.26186,1.26021,1.26529,2.08,0.414,1.2619,1.26316,1.26104,1,0.053,1.038,-0.2286,1.26151,1.2617,1.26265,1.25691,1,0.0,0.55,0,1.2619,0.715,0.669,0,0.0,0.0,1.26196,1.25801,2.612,0,0,0,0.61,0.6351,0.0263,0.635,0.593,2,0.399,0,0.793,1.26181,1.26026,0.158,0.968,-0.2815,1,0.55,5,1.0,0.682,2.612,0.261,0.446,1,1.26104,5,0.6,0.684,0.642,0.191,0.651,0.795,0.698,1.26983,1.25888,1.25904,6106.2834,200.5425,2,1.2699,0.56,0.0,0.0,0.0,0.0,0,0.266,1,2,1510,0.765,0.541,0.425,27.0,27.0,0.1969,137.1,0.0,1,1,0.807,1.23714,1,0,0.276,1.2757,1,10.092,0.107,0.893,0.0,0.0,1.0,0.22,0.0,0.5,0.0,0.697,0.443,0.5,0.484,0.0,0.425,0.0,0,0,0.35,0.706,0.0,0.909,0.0,0.567,0.458,0.0,0.488,0.455,0.0,1.0,0.667
6434,2021.09.01 14:00:20,GBPCHFm,BREAKOUT,BUY,4,1.26182,1.25976,1.26525,1.67,0.294,1.2619,1.26316,1.26104,1,0.053,1.038,-0.2578,1.26151,1.2617,1.26265,1.25691,1,0.0,0.55,0,1.2619,0.715,0.669,0,0.0,0.0,1.26196,1.25801,2.612,0,0,0,0.61,0.6351,0.0263,0.635,0.593,0,0.699,0,0.793,1.26181,1.26026,0.187,0.938,0.0,2,0.25,0,0.699,0.933,2.583,0.361,0.444,1,1.26104,5,0.6,0.625,0.222,0.191,0.246,0.795,0.698,1.26983,1.25888,1.25904,6106.2834,200.5425,2,1.2699,0.56,0.0,0.0,0.0,0.0,0,0.266,1,2,1510,0.765,0.541,0.425,27.0,27.0,0.1969,137.1,0.0,1,1,0.807,1.23714,1,0,0.276,1.2757,1,10.121,0.107,0.893,0.0,0.0,1.0,0.18,0.0,0.5,0.0,0.757,0.421,0.5,0.484,0.0,0.45,0.0,0,0,0.372,0.8,0.0,1.0,0.0,0.74,0.455,0.0,0.545,0.455,0.0,1.0,0.874
6435,2021.09.01 14:00:40,GBPCHFm,BREAKOUT_RETEST,BUY,4,1.26271,1.26204,1.26449,2.64,0.447,1.2619,1.26316,1.26104,1,0.053,1.038,0.3912,1.26151,1.2617,1.26265,1.25691,1,0.0,0.55,0,1.2619,0.715,0.669,0,0.0,0.0,1.26196,1.25801,2.612,0,0,0,0.61,0.6351,0.0263,0.635,0.362,0,0.699,0,0.793,1.26181,1.26364,0.462,0.875,0.0,2,0.25,0,0.699,1.279,3.232,0.396,0.485,1,1.2619,8,0.743,0.077,0.291,0.191,0.246,0.795,0.903,1.26983,1.25888,1.25904,6106.2834,200.5425,2,1.2699,0.56,0.0,0.0,0.0,0.0,0,0.266,1,2,1510,0.765,0.541,0.425,27.0,27.0,0.1969,137.1,0.0,1,1,0.807,1.23714,1,0,0.276,1.2757,1,9.472,0.107,0.893,0.0,0.0,1.0,0.99,0.0,0.5,0.328,0.688,0.493,0.5,0.484,0.0,0.45,0.0,0,0,0.329,0.8,0.0,0.856,0.0,0.74,0.586,0.0,0.549,0.455,0.0,1.0,0.874
6439,2021.09.01 14:03:59,GBPCHFm,ANCHORED_PULLBACK,SELL,4,1.26191,1.26237,1.26104,1.91,0.543,1.2619,1.26316,1.26104,1,0.053,1.038,0.0047,1.26151,1.2617,1.26265,1.25691,1,0.0,0.55,0,1.2619,0.715,0.669,0,0.0,0.0,1.26196,1.25801,2.612,0,0,0,0.61,0.6351,0.0263,0.635,1.0,0,0.699,0,0.793,1.26181,1.26026,0.075,1.201,0.0,2,0.25,0,0.699,0.854,2.846,0.3,0.435,1,1.26104,5,0.6,0.85,0.1,0.191,0.246,0.795,0.698,1.26983,1.25888,1.25904,6106.2834,200.5425,2,1.2699,0.56,0.0,0.0,0.0,0.0,0,0.266,1,2,1510,0.765,0.541,0.425,27.0,27.0,0.1969,137.1,0.0,1,1,0.807,1.23714,1,0,0.276,1.2757,1,10.055,0.107,0.893,0.0,0.0,1.0,0.64,0.0,0.5,0.0,0.617,0.485,0.5,0.484,0.0,0.478,0.0,0,0,0.346,0.8,0.0,0.904,0.0,0.74,0.46,0.0,0.581,0.455,0.0,1.0,0.842
6441,2021.09.01 14:08:40,GBPCHFm,PULLBACK,BUY,4,1.26293,1.26209,1.26704,4.89,0.51,1.2619,1.26316,1.26104,1,0.053,1.038,0.5516,1.26151,1.2617,1.26265,1.25691,0,0.0,0.55,0,1.2619,0.715,0.669,0,0.0,0.0,1.26196,1.25801,2.612,0,0,0,0.61,0.6351,0.0263,0.635,0.591,0,0.699,0,0.793,1.26181,1.26364,0.622,0.715,0.0,2,0.25,0,0.699,1.226,3.392,0.361,0.479,1,1.2619,8,0.743,0.0,0.223,0.191,0.246,0.795,0.903,1.26983,1.25888,1.25904,6106.2834,200.5425,2,1.2699,0.56,0.0,0.0,0.0,0.0,0,0.266,1,2,1510,0.765,0.541,0.425,27.0,27.0,0.1969,137.1,0.0,1,1,0.807,1.23714,1,0,0.276,1.2757,1,9.311,0.107,0.893,0.0,0.0,1.0,0.99,0.0,0.5,0.0,0.415,0.546,0.5,0.527,0.0,0.495,0.0,0,0,0.384,0.753,0.0,0.678,0.0,0.726,0.72,0.0,0.551,0.455,0.0,1.0,0.904
6444,2021.09.01 14:16:40,GBPCHFm,MEAN_REVERSION,SELL,4,1.26277,1.2633,1.2619,1.65,0.667,1.2619,1.26316,1.26104,1,0.053,1.038,0.6318,1.26151,1.2617,1.26265,1.25691,0,0.0,0.55,0,1.2619,0.715,0.669,0,0.0,0.0,1.26196,1.25801,2.612,0,0,0,0.61,0.6351,0.0263,0.635,0.591,0,0.699,0,0.793,1.26181,1.26364,0.702,0.635,0.0,2,0.25,0,0.699,1.255,3.473,0.361,0.482,1,1.2619,8,0.743,0.0,0.223,0.191,0.246,0.795,0.903,1.26983,1.25888,1.25904,6106.2834,200.5425,2,1.2699,0.56,0.0,0.0,0.0,0.0,0,0.266,1,2,1510,0.765,0.541,0.425,27.0,27.0,0.1969,137.1,0.0,1,1,0.807,1.23714,1,0,0.276,1.2757,1,9.428,0.107,0.893,0.0,0.0,1.0,0.99,0.0,0.5,0.0,0.387,0.6,0.5,0.491,0.0,0.498,0.0,0,0,0.406,0.753,0.0,0.678,0.0,0.726,0.732,0.0,0.551,0.455,0.0,1.0,0.944
6446,2021.09.01 14:39:40,GBPCHFm,SWEEP_REVERSAL,BUY,4,1.26102,1.25965,1.26217,0.84,0.241,1.2619,1.26316,1.26104,0,0.053,1.038,-0.8411,1.26151,1.2617,1.26265,1.25691,1,0.0,0.55,0,1.2619,0.715,0.669,0,0.0,0.0,1.26196,1.25801,2.612,0,0,0,0.61,0.6351,0.0263,0.635,0.66,0,0.699,0,0.793,1.26181,1.26026,0.771,0.355,0.0,2,0.25,0,0.699,0.702,2.0,0.351,0.418,1,1.2619,8,0.743,0.0,0.202,0.191,0.246,0.795,0.698,1.26983,1.25888,1.25904,6106.2834,200.5425,2,1.2699,0.56,0.0,0.0,0.0,0.0,0,0.266,1,2,1510,0.765,0.541,0.425,27.0,27.0,0.1969,137.1,0.0,1,1,0.807,1.23714,1,0,0.276,1.2757,1,10.704,0.107,0.893,0.0,0.0,1.0,0.0,0.0,0.5,0.0,0.492,0.272,0.5,0.485,0.0,0.406,0.0,0,0,0.445,0.783,0.0,0.945,0.0,0.74,0.504,0.0,0.562,0.455,0.0,1.0,0.999
6448,2021.09.01 15:16:00,GBPCHFm,NAKED_POC,SELL,4,1.26077,1.26241,1.25801,1.69,0.352,1.26179,1.26318,1.26116,0,0.991,0.427,-0.64,1.26188,1.2617,1.26265,1.25754,1,0.0,0.4,0,1.26179,0.694,0.779,0,0.0,0.0,1.26082,1.25801,1.379,0,0,0,0.077,0.0,0.0002,0.111,0.375,0,0.801,2,0.039,1.26217,1.25928,0.876,0.935,0.0,2,0.25,0,0.801,0.681,1.73,0.394,0.35,1,1.26179,8,0.739,0.0,0.287,0.0,0.088,0.826,0.961,1.26983,1.25888,1.25904,6106.2834,200.5425,2,1.2699,0.56,0.0,0.0,0.0,0.0,0,0.266,1,2,1511,0.765,0.541,0.425,27.0,27.0,0.1691,159.7,0.0,1,1,0.807,1.23714,1,0,0.276,1.2757,1,9.348,0.107,0.893,0.0,0.0,1.0,0.93,0.0,0.5,0.0,0.603,0.544,0.5,0.505,0.0,0.424,0.0,0,0,0.348,0.713,0.478,1.0,0.0,0.535,0.421,0.0,0.511,0.417,0.0,1.0,0.867
6450,2021.09.01 16:00:00,GBPCHFm,TREND_CONTINUATION,SELL,4,1.26097,1.26294,1.25801,1.51,0.702,1.26179,1.26292,1.26066,1,0.502,0.88,-0.502,1.26188,1.2617,1.26265,1.25754,1,0.0,0.45,0,1.26179,0.734,0.545,0,0.0,0.0,0.0,1.25801,1.809,0,0,0,0.675,-0.685,-0.069,0.685,0.67,0,0.748,0,0.618,1.26217,1.25928,0.732,1.034,0.1536,0,0.3,2,1.0,0.904,1.809,0.5,0.495,1,1.26179,8,0.747,0.0,0.219,0.906,0.229,0.861,0.946,1.26952,1.25888,1.25878,-3535.2645,-9641.5479,-2,1.2699,0.559,0.0,0.0,0.0,0.0,0,0.273,1,2,1512,0.765,0.541,0.425,27.0,27.0,0.1648,163.8,0.0,1,1,0.807,1.23714,1,0,0.276,1.2757,1,8.993,0.106,0.894,0.0,0.0,1.0,0.61,0.0,0.5,0.0,0.825,0.464,0.5,0.441,0.0,0.349,0.0,0,0,0.294,0.695,0.0,0.902,0.0,1.0,0.501,0.0,0.473,0.417,0.0,1.0,0.889
6451,2021.09.01 16:00:20,GBPCHFm,BREAKOUT,SELL,4,1.26097,1.26196,1.25801,3.0,0.314,1.26179,1.26292,1.26066,1,0.502,0.88,-0.502,1.26188,1.2617,1.26265,1.25754,1,0.0,0.45,0,1.26179,0.734,0.545,0,0.0,0.0,0.0,1.25801,1.809,0,0,0,0.675,-0.685,-0.069,0.685,0.67,0,0.748,0,0.618,1.26217,1.25928,0.732,1.034,0.0,2,0.0,0,0.748,0.632,1.809,0.35,0.446,1,1.26179,8,0.747,0.0,0.099,0.206,0.124,0.861,0.946,1.26952,1.25888,1.25878,-3535.2645,-9641.5479,-2,1.2699,0.559,0.0,0.0,0.0,0.0,0,0.273,1,2,1512,0.765,0.541,0.425,27.0,27.0,0.1648,163.8,0.0,1,1,0.807,1.23714,1,0,0.276,1.2757,1,8.993,0.106,0.894,0.0,0.0,1.0,0.61,0.0,0.5,0.0,0.983,0.464,0.5,0.502,0.0,0.288,0.0,0,0,0.287,0.709,0.0,0.99,0.0,0.478,0.501,0.0,0.525,0.417,0.0,1.0,0.843
6452,2021.09.01 16:00:40,GBPCHFm,BREAKOUT_RETEST,SELL,4,1.26089,1.26196,1.25801,2.7,0.464,1.26179,1.26292,1.26066,1,0.502,0.88,-0.5509,1.26188,1.2617,1.26265,1.25754,1,0.0,0.45,0,1.26179,0.734,0.545,0,0.0,0.0,0.0,1.25801,1.809,0,0,0,0.675,-0.685,-0.069,0.685,0.731,0,0.748,0,0.618,1.26217,1.25928,0.781,0.985,0.0,2,0.0,0,0.748,0.599,1.76,0.34,0.442,1,1.26179,8,0.747,0.0,0.081,0.206,0.124,0.861,0.946,1.26952,1.25888,1.25878,-3535.2645,-9641.5479,-2,1.2699,0.559,0.0,0.0,0.0,0.0,0,0.273,1,2,1512,0.765,0.541,0.425,27.0,27.0,0.1648,163.8,0.0,1,1,0.807,1.23714,1,0,0.276,1.2757,1,9.042,0.106,0.894,0.0,0.0,1.0,0.38,0.0,0.5,0.0,0.835,0.453,0.5,0.502,0.0,0.288,0.0,0,0,0.294,0.721,0.0,0.99,0.0,0.478,0.496,0.0,0.522,0.417,0.0,1.0,0.843
6453,2021.09.01 16:08:40,GBPCHFm,PULLBACK,SELL,4,1.26064,1.26196,1.25801,2.0,0.374,1.26179,1.26292,1.26066,0,0.502,0.88,-0.7035,1.26188,1.2617,1.26265,1.25754,1,0.0,0.45,0,1.26179,0.734,0.545,0,0.0,0.0,0.0,1.25801,1.809,0,0,0,0.675,-0.685,-0.069,0.685,0.661,0,0.748,0,0.618,1.26217,1.25928,0.934,0.832,0.0,2,0.0,0,0.748,0.564,1.607,0.351,0.438,1,1.26179,8,0.747,0.0,0.102,0.206,0.124,0.861,0.946,1.26952,1.25888,1.25878,-3535.2645,-9641.5479,-2,1.2699,0.559,0.0,0.0,0.0,0.0,0,0.273,1,2,1512,0.765,0.541,0.425,27.0,27.0,0.1648,163.8,0.0,1,1,0.807,1.23714,1,0,0.276,1.2757,1,9.195,0.106,0.894,0.0,0.0,1.0,0.0,0.0,0.5,0.0,0.847,0.487,0.5,0.538,0.0,0.296,0.0,0,0,0.287,0.658,0.0,0.99,0.0,0.537,0.516,0.0,0.522,0.417,0.0,1.0,0.924
6454,2021.09.01 16:16:40,GBPCHFm,MEAN_REVERSION,BUY,4,1.26081,1.2595,1.26206,0.96,0.668,1.26179,1.26292,1.26066,0,0.502,0.88,-0.7646,1.26188,1.2617,1.26265,1.25754,1,0.0,0.45,0,1.26179,0.734,0.545,0,0.0,0.0,0.0,1.25801,1.809,0,0,0,0.675,-0.685,-0.069,0.685,0.661,0,0.748,0,0.618,1.26217,1.25928,0.995,0.771,0.0,2,0.0,0,0.748,0.543,1.546,0.351,0.435,1,1.26179,8,0.747,0.0,0.102,0.206,0.124,0.861,0.946,1.26952,1.25888,1.25878,-3535.2645,-9641.5479,-2,1.2699,0.559,0.0,0.0,0.0,0.0,0,0.273,1,2,1512,0.765,0.541,0.425,27.0,27.0,0.1648,163.8,0.0,1,1,0.807,1.23714,1,0,0.276,1.2757,1,9.091,0.106,0.894,0.0,0.0,1.0,0.17,0.0,0.5,0.0,0.869,0.557,0.5,0.515,0.0,0.241,0.0,0,0,0.285,0.658,0.0,0.99,0.0,0.537,0.509,0.0,0.522,0.417,0.0,1.0,0.924
6456,2021.09.01 17:01:40,GBPCHFm,SWEEP_REVERSAL,BUY,3,1.26075,1.2591,1.2626,1.12,0.218,1.26062,1.26233,1.26052,0,0.002,0.736,-0.083,1.26188,1.26106,1.26265,1.25754,1,0.0,0.45,0,1.26062,0.689,0.299,0,0.0,0.0,0.0,1.25801,1.582,0,0,0,0.75,-0.545,-0.1028,0.545,0.473,2,0.577,0,0.633,1.26072,1.2593,0.144,0.712,0.0,2,0.25,0,0.577,0.567,1.497,0.379,0.357,1,1.26233,4,0.6,0.712,0.258,0.164,0.214,0.839,0.96,1.26952,1.25888,1.25878,-3535.2645,-9641.5479,-2,1.2699,0.559,0.0,0.0,0.0,0.0,0,0.273,1,2,1513,0.765,0.541,0.425,27.0,27.0,0.1635,165.1,0.0,1,1,0.807,1.23714,1,0,0.276,1.2757,0,9.053,0.106,0.894,0.0,0.0,0.5,0.0,0.0,0.5,0.0,0.939,0.607,0.5,0.557,0.0,0.183,0.0,0,0,0.305,0.802,0.0,1.0,0.093,0.601,0.502,0.0,0.5,0.417,0.0,1.0,0.928
6458,2021.09.01 17:16:00,GBPCHFm,NAKED_POC,SELL,3,1.25996,1.26097,1.25801,1.94,0.634,1.26062,1.26233,1.26052,0,0.002,0.736,-0.3978,1.26188,1.26106,1.26265,1.25754,1,0.0,0.45,0,1.26062,0.689,0.299,0,0.0,0.0,0.0,1.25801,1.582,0,0,0,0.75,-0.545,-0.1028,0.545,0.128,2,0.577,0,0.633,1.26072,1.2593,0.459,0.397,0.0,2,0.25,0,0.577,0.509,1.182,0.431,0.35,1,1.26062,8,0.738,0.082,0.362,0.164,0.214,0.839,0.96,1.26952,1.25888,1.25878,-3535.2645,-9641.5479,-2,1.2699,0.559,0.0,0.0,0.0,0.0,0,0.273,1,2,1513,0.765,0.541,0.425,27.0,27.0,0.1635,165.1,0.0,1,1,0.807,1.23714,1,0,0.276,1.2757,0,9.531,0.106,0.894,0.0,0.0,0.5,0.02,0.0,0.5,0.0,0.89,0.34,0.5,0.541,0.0,0.186,0.0,0,0,0.333,0.685,0.0,1.0,0.067,0.601,0.422,0.0,0.5,0.417,0.0,1.0,0.928
6460,2021.09.01 18:00:00,GBPCHFm,TREND_CONTINUATION,SELL,3,1.26096,1.26297,1.25801,1.47,0.377,1.26062,1.26173,1.25991,1,0.036,0.926,0.2043,1.26188,1.26106,1.26265,1.25754,1,0.0,0.45,0,1.26062,0.664,0.863,0,0.0,0.0,1.26088,1.25801,1.759,0,0,0,0.55,-0.755,-0.0776,0.755,0.594,0,0.703,0,0.484,1.26072,1.2593,0.144,0.987,-0.0,2,0.3,0,0.703,0.635,1.759,0.361,0.351,1,1.26173,4,0.6,0.712,0.242,0.226,0.202,0.686,0.966,1.26952,1.25888,1.25878,-3535.2645,-9641.5479,-2,1.2699,0.559,0.0,0.0,0.0,0.0,0,0.273,1,2,1514,0.765,0.541,0.425,27.0,27.0,0.1609,167.9,0.0,1,1,0.807,1.23714,1,0,0.276,1.2757,0,8.781,0.106,0.894,0.0,0.0,0.5,0.93,0.0,0.5,0.0,0.854,0.572,0.5,0.548,0.0,0.346,0.0,0,0,0.346,0.8,0.0,1.0,0.067,0.344,0.54,0.0,0.499,0.417,0.0,1.0,0.828
6461,2021.09.01 18:00:20,GBPCHFm,BREAKOUT,SELL,3,1.26096,1.26348,1.25801,1.17,0.264,1.26062,1.26173,1.25991,1,0.036,0.926,0.2043,1.26188,1.26106,1.26265,1.25754,1,0.0,0.45,0,1.26062,0.664,0.863,0,0.0,0.0,1.26088,1.25801,1.759,0,0,0,0.55,-0.755,-0.0776,0.755,0.594,0,0.703,0,0.484,1.26072,1.2593,0.144,0.987,0.0,2,0.0,0,0.703,0.635,1.759,0.361,0.396,1,1.26173,4,0.6,0.712,0.122,0.226,0.097,0.686,0.966,1.26952,1.25888,1.25878,-3535.2645,-9641.5479,-2,1.2699,0.559,0.0,0.0,0.0,0.0,0,0.273,1,2,1514,0.765,0.541,0.425,27.0,27.0,0.1609,167.9,0.0,1,1,0.807,1.23714,1,0,0.276,1.2757,0,8.781,0.106,0.894,0.0,0.0,0.5,0.93,0.0,0.5,0.0,0.854,0.57,0.5,0.548,0.0,0.346,0.0,0,0,0.345,0.812,0.0,1.0,0.067,0.349,0.54,0.0,0.499,0.417,0.0,1.0,0.828
6462,2021.09.01 18:00:20,GBPCHFm,ANCHORED_PULLBACK,SELL,3,1.26096,1.26138,1.25991,2.49,0.532,1.26062,1.26173,1.25991,1,0.036,0.926,0.2043,1.26188,1.26106,1.26265,1.25754,1,0.0,0.45,0,1.26062,0.664,0.863,0,0.0,0.0,1.26088,1.25801,1.759,0,0,0,0.55,-0.755,-0.0776,0.755,0.594,0,0.703,0,0.484,1.26072,1.2593,0.144,0.987,0.0,2,0.0,0,0.703,0.635,1.759,0.361,0.396,1,1.26173,4,0.6,0.712,0.122,0.226,0.097,0.686,0.966,1.26952,1.25888,1.25878,-3535.2645,-9641.5479,-2,1.2699,0.559,0.0,0.0,0.0,0.0,0,0.273,1,2,1514,0.765,0.541,0.425,27.0,27.0,0.1609,167.9,0.0,1,1,0.807,1.23714,1,0,0.276,1.2757,0,8.781,0.106,0.894,0.0,0.0,0.5,0.93,0.0,0.5,0.0,0.854,0.57,0.5,0.548,0.0,0.346,0.0,0,0,0.345,0.812,0.0,1.0,0.067,0.349,0.54,0.0,0.499,0.417,0.0,1.0,0.828
6463,2021.09.01 18:00:40,GBPCHFm,BREAKOUT_RETEST,SELL,3,1.26085,1.26135,1.25801,5.64,0.404,1.26062,1.26173,1.25991,1,0.036,0.926,0.1388,1.26188,1.26106,1.26265,1.25754,1,0.0,0.45,0,1.26062,0.664,0.863,0,0.0,0.0,1.26088,1.25801,1.759,0,0,0,0.55,-0.755,-0.0776,0.755,0.763,0,0.703,0,0.484,1.26072,1.2593,0.079,0.921,0.0,2,0.0,0,0.703,0.568,1.693,0.336,0.388,1,1.26173,4,0.6,0.843,0.071,0.226,0.097,0.686,0.966,1.26952,1.25888,1.25878,-3535.2645,-9641.5479,-2,1.2699,0.559,0.0,0.0,0.0,0.0,0,0.273,1,2,1514,0.765,0.541,0.425,27.0,27.0,0.1609,167.9,0.0,1,1,0.807,1.23714,1,0,0.276,1.2757,0,8.847,0.106,0.894,0.0,0.0,0.5,0.62,0.0,0.5,0.0,0.726,0.54,0.5,0.548,0.0,0.368,0.0,0,0,0.336,0.812,0.0,0.99,0.093,0.349,0.456,0.0,0.534,0.417,0.0,1.0,0.797
6464,2021.09.01 18:09:00,GBPCHFm,PULLBACK,SELL,3,1.26089,1.26341,1.25801,1.14,0.48,1.26062,1.26173,1.25991,1,0.036,0.926,0.1626,1.26188,1.26106,1.26265,1.25754,1,0.0,0.45,0,1.26062,0.664,0.863,0,0.0,0.0,1.26088,1.25801,1.759,0,0,0,0.55,-0.755,-0.0776,0.755,0.763,0,0.703,0,0.484,1.26072,1.2593,0.102,0.945,0.0,2,0.0,0,0.703,0.576,1.717,0.336,0.389,1,1.26173,4,0.6,0.795,0.071,0.226,0.097,0.686,0.966,1.26952,1.25888,1.25878,-3535.2645,-9641.5479,-2,1.2699,0.559,0.0,0.0,0.0,0.0,0,0.273,1,2,1514,0.765,0.541,0.425,27.0,27.0,0.1609,167.9,0.0,1,1,0.807,1.23714,1,0,0.276,1.2757,0,8.823,0.106,0.894,0.0,0.0,0.5,0.63,0.0,0.5,0.0,0.607,0.627,0.5,0.564,0.0,0.414,0.0,0,0,0.411,0.812,0.0,0.99,0.093,0.3,0.54,0.0,0.526,0.417,0.0,1.0,0.875
6465,2021.09.01 18:35:40,GBPCHFm,MEAN_REVERSION,BUY,3,1.26058,1.26001,1.262,2.5,0.63,1.26062,1.26173,1.25991,1,0.036,0.926,-0.1829,1.26188,1.26106,1.26265,1.25754,1,0.0,0.45,0,1.26062,0.664,0.863,0,0.0,0.0,1.26088,1.25801,1.759,0,0,0,0.55,-0.755,-0.0776,0.755,0.265,0,0.703,0,0.484,1.26072,1.2593,0.243,0.599,0.0,2,0.0,0,0.703,0.563,1.372,0.41,0.388,1,1.26173,4,0.6,0.514,0.22,0.226,0.097,0.686,0.966,1.26952,1.25888,1.25878,-3535.2645,-9641.5479,-2,1.2699,0.559,0.0,0.0,0.0,0.0,0,0.273,1,2,1514,0.765,0.541,0.425,27.0,27.0,0.1609,167.9,0.0,1,1,0.807,1.23714,1,0,0.276,1.2757,0,9.008,0.106,0.894,0.0,0.0,0.5,0.0,0.0,0.5,0.0,1.0,0.32,0.5,0.574,0.0,0.383,0.0,0,0,0.433,0.812,0.0,1.0,0.093,0.319,0.456,0.0,0.505,0.417,0.0,1.0,0.828
6467,2021.09.01 19:16:00,GBPCHFm,NAKED_POC,SELL,3,1.26018,1.26089,1.25801,3.06,0.608,1.26059,1.26101,1.26035,0,0.033,0.293,-0.2382,1.26113,1.26106,1.26265,1.25754,1,0.0,0.35,0,1.26059,0.727,0.89,0,0.0,0.0,0.0,1.25801,1.65,0,0,0,0.6,-0.79,-0.0711,0.79,0.113,0,0.739,0,0.515,1.26063,1.25994,0.265,0.142,0.0,2,0.15,0,0.739,0.55,1.27,0.433,0.389,1,1.26101,4,0.6,0.469,0.326,0.237,0.156,0.785,0.885,1.26952,1.25888,1.25878,-3535.2645,-9641.5479,-2,1.2699,0.559,0.0,0.0,0.0,0.0,0,0.273,1,2,1515,0.765,0.541,0.425,27.0,27.0,0.1578,171.1,0.0,1,1,0.807,1.23714,1,0,0.276,1.2757,0,9.072,0.106,0.894,0.0,0.0,0.5,0.0,0.0,0.5,0.0,0.526,0.326,0.5,0.58,0.0,0.452,0.0,0,0,0.459,0.635,0.0,1.0,0.1,0.154,0.475,0.0,0.515,0.417,0.0,1.0,0.848
6477,2021.09.01 20:00:00,GBPCHFm,TREND_CONTINUATION,SELL,3,1.26065,1.26268,1.25801,1.3,0.43,1.26057,1.2608,1.26022,1,0.007,0.223,0.0458,1.26113,1.26106,1.26201,1.25754,1,0.0,0.45,0,1.26057,0.757,0.496,0,0.0,0.0,0.0,1.25801,1.562,0,0,0,0.65,-0.825,-0.0616,0.825,0.758,0,0.745,0,0.796,1.26054,1.26109,0.065,0.262,-0.039,2,0.45,0,0.745,0.525,1.562,0.336,0.385,1,1.25801,6,0.65,0.87,0.253,0.247,0.317,0.841,0.896,1.26931,1.25888,1.25878,-3846.2592,-310.9948,-2,1.2699,0.558,0.0,0.0,0.0,0.0,0,0.236,1,2,1516,0.765,0.541,0.425,27.0,27.0,0.1596,169.1,0.0,1,1,0.807,1.23714,1,0,0.276,1.2757,0,8.898,0.104,0.896,0.0,0.0,0.5,0.97,0.0,0.5,0.0,0.304,0.631,0.5,0.714,0.0,0.526,0.0,0,0,0.503,0.76,0.0,1.0,0.1,0.111,0.536,0.0,0.514,0.417,0.0,1.0,0.689
6478,2021.09.01 20:00:20,GBPCHFm,BREAKOUT,SELL,3,1.26067,1.26321,1.25801,1.05,0.303,1.26057,1.2608,1.26022,1,0.007,0.223,0.0576,1.26113,1.26106,1.26201,1.25754,1,0.0,0.45,0,1.26057,0.757,0.496,0,0.0,0.0,0.0,1.25801,1.562,0,0,0,0.65,-0.825,-0.0616,0.825,0.758,0,0.751,0,0.796,1.26054,1.26109,0.077,0.25,0.0,2,0.15,0,0.751,0.529,1.574,0.336,0.431,1,1.25801,6,0.65,0.846,0.133,0.247,0.212,0.841,0.896,1.26931,1.25888,1.25878,-3846.2592,-310.9948,-2,1.2699,0.558,0.0,0.0,0.0,0.0,0,0.236,1,2,1516,0.765,0.541,0.425,27.0,27.0,0.1596,169.1,0.0,1,1,0.807,1.23714,1,0,0.276,1.2757,0,8.886,0.104,0.896,0.0,0.0,0.5,0.98,0.0,0.5,0.0,0.304,0.642,0.5,0.714,0.0,0.554,0.0,0,0,0.521,0.76,0.0,1.0,0.1,0.111,0.538,0.0,0.527,0.417,0.0,1.0,0.737
6479,2021.09.01 20:00:40,GBPCHFm,BREAKOUT_RETEST,SELL,3,1.26044,1.26095,1.25801,4.79,0.462,1.26057,1.2608,1.26022,1,0.007,0.223,-0.0783,1.26113,1.26106,1.26201,1.25754,1,0.0,0.45,0,1.26057,0.757,0.496,0,0.0,0.0,0.0,1.25801,1.562,0,0,0,0.65,-0.825,-0.0616,0.825,0.824,0,0.751,0,0.796,1.26054,1.25996,0.059,0.287,0.0,2,0.15,0,0.751,0.469,1.438,0.326,0.424,1,1.25801,6,0.65,0.882,0.113,0.247,0.212,0.841,0.843,1.26931,1.25888,1.25878,-3846.2592,-310.9948,-2,1.2699,0.558,0.0,0.0,0.0,0.0,0,0.236,1,2,1516,0.765,0.541,0.425,27.0,27.0,0.1596,169.1,0.0,1,1,0.807,1.23714,1,0,0.276,1.2757,0,9.022,0.104,0.896,0.0,0.0,0.5,0.64,0.0,0.5,0.0,0.304,0.598,0.5,0.714,0.0,0.554,0.0,0,0,0.495,0.76,0.0,1.0,0.1,0.122,0.51,0.0,0.527,0.417,0.0,1.0,0.737
6481,2021.09.01 20:09:20,GBPCHFm,PULLBACK,SELL,3,1.26058,1.26312,1.25801,1.01,0.525,1.26057,1.2608,1.26022,1,0.007,0.223,0.0044,1.26113,1.26106,1.26201,1.25754,1,0.0,0.45,0,1.26057,0.757,0.496,0,0.0,0.0,0.0,1.25801,1.562,0,0,0,0.65,-0.825,-0.0616,0.825,1.0,0,0.751,0,0.796,1.26054,1.26109,0.024,0.303,0.0,2,0.15,0,0.751,0.456,1.521,0.3,0.423,1,1.25801,6,0.65,0.953,0.06,0.247,0.212,0.841,0.896,1.26931,1.25888,1.25878,-3846.2592,-310.9948,-2,1.2699,0.558,0.0,0.0,0.0,0.0,0,0.236,1,2,1516,0.765,0.541,0.425,27.0,27.0,0.1596,169.1,0.0,1,1,0.807,1.23714,1,0,0.276,1.2757,0,8.939,0.104,0.896,0.0,0.0,0.5,0.67,0.0,0.5,0.0,0.304,0.572,0.5,0.693,0.0,0.58,0.0,0,0,0.484,0.76,0.0,1.0,0.1,0.111,0.527,0.0,0.527,0.417,0.0,1.0,0.737
6482,2021.09.01 20:38:40,GBPCHFm,MEAN_REVERSION,SELL,3,1.26066,1.26201,1.25801,1.96,0.655,1.26057,1.2608,1.26022,1,0.007,0.223,0.0517,1.26113,1.26106,1.26201,1.25754,1,0.0,0.45,0,1.26057,0.757,0.496,0,0.0,0.0,0.0,1.25801,1.562,0,0,0,0.65,-0.825,-0.0616,0.825,0.758,0,0.751,0,0.796,1.26054,1.26109,0.071,0.256,0.0,2,0.15,0,0.751,0.527,1.568,0.336,0.431,1,1.25801,6,0.65,0.858,0.133,0.247,0.212,0.841,0.896,1.26931,1.25888,1.25878,-3846.2592,-310.9948,-2,1.2699,0.558,0.0,0.0,0.0,0.0,0,0.236,1,2,1516,0.765,0.541,0.425,27.0,27.0,0.1596,169.1,0.0,1,1,0.807,1.23714,1,0,0.276,1.2757,0,8.892,0.104,0.896,0.0,0.0,0.5,0.8,0.0,0.5,0.0,1.0,0.629,0.5,0.585,0.0,0.375,0.0,0,0,0.403,0.76,0.0,1.0,0.1,0.15,0.537,0.0,0.527,0.417,0.0,1.0,0.737
0,2021.09.01 21:00:00,GBPCHFm,ANCHORED_PULLBACK,SELL,3,1.25992,1.26069,1.25672,4.14,0.311,1.26056,1.26083,1.26024,0,0.328,0.0,-0.4012,1.2609,1.26106,1.26201,1.25754,1,0.0,0.5,0,1.26056,0.724,0.882,0,0.0,0.0,1.26076,1.25801,1.194,0,0,0,1.0,-0.86,-0.1149,0.86,0.075,0,0.769,0,0.651,1.26053,1.25995,0.383,0.018,0.0,2,0.15,0,0.769,0.524,1.194,0.439,0.417,1,1.26056,8,0.745,0.234,0.337,0.258,0.183,0.838,0.854,1.26931,1.25888,1.25878,-3846.2592,-310.9948,-2,1.2699,0.558,0.0,0.0,0.0,0.0,0,0.236,1,2,1517,0.765,0.541,0.425,180.0,29.5,1.1235,160.2,0.0,1,1,0.807,1.23714,1,0,0.276,1.2757,0,9.849,0.104,0.896,0.0,0.0,0.5,0.0,0.0,0.5,0.0,0.697,0.316,0.5,0.507,0.0,0.224,0.0,0,0,0.352,0.495,0.0,1.0,0.1,0.129,0.44,0.0,0.522,0.417,0.0,1.0,0.855
0,2021.09.01 21:05:00,GBPCHFm,SWEEP_REVERSAL,BUY,3,1.26208,1.26048,1.26367,0.99,0.193,1.26056,1.26083,1.26024,0,0.328,0.0,-0.9941,1.2609,1.26106,1.26201,1.25754,1,0.0,0.5,0,1.26056,0.724,0.882,0,0.0,0.0,1.26076,1.25801,1.194,0,0,0,1.0,-0.86,-0.1149,0.86,0.075,0,0.773,0,0.651,1.26053,1.25995,0.976,0.611,0.0,2,0.15,0,0.773,0.436,0.994,0.439,0.408,1,1.25801,6,0.65,0.0,0.337,0.258,0.183,0.838,0.854,1.26931,1.25888,1.25878,-3846.2592,-310.9948,-2,1.2699,0.558,0.0,0.0,0.0,0.0,0,0.236,1,2,1517,0.765,0.541,0.425,311.0,61.2,1.9412,160.2,0.0,1,1,0.807,1.23714,1,0,0.276,1.2757,0,8.501,0.104,0.896,0.0,0.0,0.5,0.0,0.0,0.5,0.0,0.668,0.3,0.5,0.493,0.0,0.222,0.0,0,0,0.357,0.496,0.0,0.975,0.1,0.207,0.319,0.0,0.506,0.417,0.0,1.0,0.855
0,2021.09.01 21:16:00,GBPCHFm,NAKED_POC,SELL,3,1.25961,1.26077,1.25801,1.38,0.717,1.26056,1.26083,1.26024,0,0.328,0.0,-0.5947,1.2609,1.26106,1.26201,1.25754,1,0.0,0.5,0,1.26056,0.724,0.882,0,0.0,0.0,1.26076,1.25801,1.194,0,0,0,1.0,-0.86,-0.1149,0.86,0.075,0,0.773,0,0.651,1.26053,1.25995,0.576,0.211,0.0,2,0.15,0,0.773,0.439,1.0,0.439,0.408,1,1.26056,8,0.745,0.0,0.337,0.258,0.183,0.838,0.854,1.26931,1.25888,1.25878,-3846.2592,-310.9948,-2,1.2699,0.558,0.0,0.0,0.0,0.0,0,0.236,1,2,1517,0.765,0.541,0.425,232.0,186.7,1.4481,160.2,0.0,1,1,0.807,1.23714,1,0,0.276,1.2757,0,10.043,0.104,0.896,0.0,0.0,0.5,0.43,0.0,0.5,0.0,0.684,0.393,0.5,0.448,0.0,0.2,0.0,0,0,0.278,0.496,0.423,0.886,0.1,0.234,0.407,0.0,0.513,0.417,0.0,1.0,0.855
0,2021.09.01 22:00:20,GBPCHFm,BREAKOUT,SELL,1,1.25956,1.26043,1.25801,1.78,0.546,1.26064,1.26082,1.26021,0,0.427,0.187,-0.6823,1.26084,1.26114,1.26269,1.25835,1,0.0,0.25,4,1.26064,0.697,0.442,0,0.0,0.0,0.0,1.25801,1.009,0,0,0,1.0,-0.72,-0.1507,0.72,0.153,0,0.724,2,0.269,1.26046,1.25924,0.567,0.2,0.0,2,0.4,0,0.724,0.42,0.984,0.427,0.303,0,1.26064,8,0.739,0.0,0.414,0.216,0.29,0.795,0.924,1.26931,1.25888,1.25878,-3846.2592,-310.9948,-2,1.2699,0.558,0.0,0.0,0.0,0.0,0,0.236,1,2,1518,0.765,0.541,0.425,199.0,169.6,1.2612,157.8,0.0,1,1,0.807,1.23714,1,0,0.276,1.2757,0,10.229,0.104,0.896,0.0,0.0,0.5,0.02,0.0,0.5,0.0,0.427,0.435,0.5,0.567,0.0,0.21,0.0,0,0,0.293,0.506,0.0,0.94,0.1,0.24,0.412,0.0,0.529,0.417,0.0,1.0,0.891
0,2021.09.01 22:01:40,GBPCHFm,TREND_CONTINUATION,SELL,1,1.25994,1.26183,1.25801,1.02,0.519,1.26064,1.26082,1.26021,0,0.427,0.187,-0.4414,1.26084,1.26114,1.26269,1.25835,1,0.0,0.25,4,1.26064,0.697,0.442,0,0.0,0.0,0.0,1.25801,1.009,0,0,0,1.0,-0.72,-0.1507,0.72,0.275,0,0.724,2,0.269,1.26046,1.25924,0.326,0.44,0.0,2,0.4,0,0.724,0.501,1.225,0.409,0.312,0,1.26064,8,0.739,0.347,0.378,0.216,0.29,0.795,0.924,1.26931,1.25888,1.25878,-3846.2592,-310.9948,-2,1.2699,0.558,0.0,0.0,0.0,0.0,0,0.236,1,2,1518,0.765,0.541,0.425,199.0,169.8,1.2612,157.8,0.0,1,1,0.807,1.23714,1,0,0.276,1.2757,0,9.988,0.104,0.896,0.0,0.0,0.5,0.12,0.0,0.5,0.0,0.372,0.606,0.5,0.567,0.0,0.223,0.0,0,0,0.323,0.534,0.0,1.0,0.1,0.24,0.449,0.0,0.528,0.417,0.0,1.0,0.891
0,2021.09.01 22:43:20,GBPCHFm,BREAKOUT_RETEST,SELL,1,1.26025,1.26072,1.25801,4.74,0.559,1.26064,1.26082,1.26021,1,0.427,0.187,-0.245,1.26084,1.26114,1.26269,1.25835,1,0.0,0.25,4,1.26064,0.697,0.442,0,0.0,0.0,0.0,1.25801,1.009,0,0,0,1.0,-0.72,-0.1507,0.72,0.549,0,0.724,2,0.269,1.26046,1.25924,0.13,0.637,0.0,2,0.4,0,0.724,0.523,1.421,0.368,0.315,0,1.26082,4,0.6,0.74,0.295,0.216,0.29,0.795,0.924,1.26931,1.25888,1.25878,-3846.2592,-310.9948,-2,1.2699,0.558,0.0,0.0,0.0,0.0,0,0.236,1,2,1518,0.765,0.541,0.425,169.0,173.6,1.0711,157.8,0.0,1,1,0.807,1.23714,1,0,0.276,1.2757,0,9.792,0.104,0.896,0.0,0.0,0.5,0.86,0.0,0.5,0.0,1.0,0.434,0.5,0.576,0.0,0.532,0.0,0,0,0.425,0.723,0.0,1.0,0.1,0.244,0.475,0.0,0.529,0.417,0.0,1.0,0.807
6485,2021.09.01 23:00:00,GBPCHFm,ANCHORED_PULLBACK,BUY,1,1.2611,1.25985,1.26392,2.25,0.594,1.26063,1.2608,1.26,0,0.132,1.086,0.1318,1.26089,1.26142,1.26281,1.25835,1,0.0,0.35,2,1.26063,0.727,0.299,0,0.0,0.0,1.26013,1.25801,1.826,0,0,0,1.0,-0.93,-0.1159,0.93,0.149,2,0.624,2,0.278,1.26046,1.25926,0.242,1.013,0.1226,0,0.0,2,1.0,1.055,1.826,0.578,0.502,2,1.26,5,0.6,0.516,0.255,0.979,0.0,0.755,0.929,1.26931,1.25888,1.25878,-3846.2592,-310.9948,-2,1.2699,0.558,0.0,0.0,0.0,0.0,0,0.236,1,2,1519,0.765,0.541,0.425,27.0,166.0,0.1747,154.6,0.0,1,1,0.807,1.23714,1,0,0.276,1.2757,0,9.445,0.104,0.896,0.0,0.0,0.5,0.99,0.0,0.5,0.0,0.925,0.271,0.5,0.586,0.0,0.506,0.0,0,0,0.515,0.97,0.0,1.0,0.093,0.691,0.55,0.0,0.455,0.417,0.0,1.0,0.971
6487,2021.09.01 23:16:30,GBPCHFm,NAKED_POC,SELL,1,1.26064,1.26103,1.25801,6.78,0.638,1.26063,1.2608,1.26,1,0.132,1.086,0.0089,1.26089,1.26142,1.26281,1.25835,1,0.0,0.35,2,1.26063,0.727,0.299,0,0.0,0.0,1.26013,1.25801,1.826,0,0,0,1.0,-0.93,-0.1159,0.93,1.0,2,0.628,2,0.278,1.26046,1.25926,0.119,0.89,0.0,2,0.0,0,0.628,0.511,1.703,0.3,0.346,0,1.26,5,0.6,0.762,0.0,0.279,0.0,0.755,0.929,1.26931,1.25888,1.25878,-3846.2592,-310.9948,-2,1.2699,0.558,0.0,0.0,0.0,0.0,0,0.236,1,2,1519,0.765,0.541,0.425,27.0,71.5,0.1747,154.6,0.0,1,1,0.807,1.23714,1,0,0.276,1.2757,0,9.743,0.104,0.896,0.0,0.0,0.5,0.32,0.0,0.5,0.0,1.0,0.363,0.5,0.587,0.0,0.392,0.0,0,0,0.415,0.816,0.0,0.99,0.093,0.238,0.539,0.0,0.527,0.417,0.0,1.0,0.936
6489,2021.09.02 00:00:20,GBPCHFm,MEAN_REVERSION,SELL,1,1.26082,1.26195,1.25989,0.82,0.583,1.26063,1.26081,1.25989,0,0.116,1.162,0.1305,1.26089,1.26142,1.26281,1.25835,1,0.0,0.4,2,1.26041,0.674,0.83,0,0.0,0.0,0.0,1.25801,1.971,0,0,0,1.0,-0.79,-0.0978,0.79,0.19,2,0.632,2,0.168,1.26052,1.25927,0.211,1.096,0.0,2,0.25,0,0.632,0.837,1.985,0.422,0.336,0,1.25989,5,0.6,0.578,0.343,0.237,0.088,0.774,0.932,1.26983,1.25888,1.25878,-3753.6775,92.5818,-1,1.2699,0.557,0.0,0.0,0.0,0.0,0,0.278,1,2,1520,0.762,0.55,0.421,27.0,27.0,0.1905,141.7,0.0,1,1,0.807,1.23714,1,0,0.276,1.2757,0,10.5,0.121,0.879,0.0,1.0,0.5,0.79,0.0,0.5,0.0,1.0,0.641,0.5,0.591,0.0,0.13,0.0,0,0,0.314,0.776,0.0,1.0,0.067,0.234,0.574,0.0,0.537,0.417,0.0,1.0,0.928
6490,2021.09.02 00:30:00,GBPCHFm,BREAKOUT,SELL,1,1.26037,1.2625,1.25801,1.11,0.377,1.26063,1.26081,1.25989,1,0.116,1.162,-0.187,1.26089,1.26142,1.26281,1.25835,1,0.0,0.4,2,1.26041,0.674,0.83,0,0.0,0.0,0.0,1.25801,1.971,0,0,0,1.0,-0.79,-0.0978,0.79,0.561,2,0.632,2,0.168,1.26052,1.25927,0.107,0.778,0.0,2,0.25,0,0.632,0.61,1.667,0.366,0.309,0,1.26081,4,0.6,0.787,0.232,0.237,0.088,0.774,0.932,1.26983,1.25888,1.25878,-3753.6775,92.5818,-1,1.2699,0.557,0.0,0.0,0.0,0.0,0,0.278,1,2,1520,0.762,0.55,0.421,27.0,27.0,0.1905,141.7,0.0,1,1,0.807,1.23714,1,0,0.276,1.2757,0,10.818,0.121,0.879,0.0,1.0,0.5,0.01,0.0,0.5,0.0,0.275,0.311,0.5,0.727,0.0,0.382,0.0,0,0,0.484,0.8,0.0,0.939,0.067,0.27,0.519,0.0,0.523,0.417,0.0,1.0,0.848
6491,2021.09.02 00:30:20,GBPCHFm,PULLBACK,SELL,1,1.26037,1.2625,1.25801,1.11,0.598,1.26063,1.26081,1.25989,1,0.116,1.162,-0.187,1.26089,1.26142,1.26281,1.25835,1,0.0,0.4,2,1.26041,0.674,0.83,0,0.0,0.0,0.0,1.25801,1.971,0,0,0,1.0,-0.79,-0.0978,0.79,0.561,2,0.632,2,0.168,1.26052,1.25927,0.107,0.778,0.0,2,0.25,0,0.632,0.61,1.667,0.366,0.309,0,1.26081,4,0.6,0.787,0.232,0.237,0.088,0.774,0.932,1.26983,1.25888,1.25878,-3753.6775,92.5818,-1,1.2699,0.557,0.0,0.0,0.0,0.0,0,0.278,1,2,1520,0.762,0.55,0.421,27.0,27.0,0.1905,141.7,0.0,1,1,0.807,1.23714,1,0,0.276,1.2757,0,10.818,0.121,0.879,0.0,1.0,0.5,0.01,0.0,0.5,0.0,0.275,0.313,0.5,0.727,0.0,0.382,0.0,0,0,0.483,0.8,0.0,0.939,0.067,0.27,0.519,0.0,0.523,0.417,0.0,1.0,0.848
6492,2021.09.02 00:30:20,GBPCHFm,TREND_CONTINUATION,SELL,1,1.26037,1.26207,1.25801,1.39,0.526,1.26063,1.26081,1.25989,1,0.116,1.162,-0.187,1.26089,1.26142,1.26281,1.25835,1,0.0,0.4,2,1.26041,0.674,0.83,0,0.0,0.0,0.0,1.25801,1.971,0,0,0,1.0,-0.79,-0.0978,0.79,0.561,2,0.632,2,0.168,1.26052,1.25927,0.107,0.778,0.0,2,0.25,0,0.632,0.61,1.667,0.366,0.309,0,1.26081,4,0.6,0.787,0.232,0.237,0.088,0.774,0.932,1.26983,1.25888,1.25878,-3753.6775,92.5818,-1,1.2699,0.557,0.0,0.0,0.0,0.0,0,0.278,1,2,1520,0.762,0.55,0.421,27.0,27.0,0.1905,141.7,0.0,1,1,0.807,1.23714,1,0,0.276,1.2757,0,10.818,0.121,0.879,0.0,1.0,0.5,0.01,0.0,0.5,0.0,0.275,0.313,0.5,0.727,0.0,0.382,0.0,0,0,0.483,0.8,0.0,0.939,0.067,0.27,0.519,0.0,0.523,0.417,0.0,1.0,0.848
6493,2021.09.02 00:43:20,GBPCHFm,BREAKOUT_RETEST,SELL,1,1.25998,1.26078,1.25801,2.48,0.554,1.26063,1.26081,1.25989,1,0.116,1.162,-0.4622,1.26089,1.26142,1.26281,1.25835,1,0.0,0.4,2,1.26041,0.674,0.83,0,0.0,0.0,0.0,1.25801,1.971,0,0,0,1.0,-0.79,-0.0978,0.79,0.54,2,0.632,2,0.168,1.25984,1.25927,0.101,0.503,0.0,2,0.25,0,0.632,0.514,1.392,0.369,0.276,0,1.26041,8,0.735,0.798,0.238,0.237,0.088,0.594,0.932,1.26983,1.25888,1.25878,-3753.6775,92.5818,-1,1.2699,0.557,0.0,0.0,0.0,0.0,0,0.278,1,2,1520,0.762,0.55,0.421,27.0,27.0,0.1905,141.7,0.0,1,1,0.807,1.23714,1,0,0.276,1.2757,0,11.093,0.121,0.879,0.0,1.0,0.5,0.04,0.0,0.5,0.0,0.3,0.273,0.5,0.722,0.0,0.518,0.0,0,0,0.56,0.8,0.0,1.0,0.048,0.268,0.457,0.0,0.539,0.417,0.0,1.0,0.848
6499,2021.09.02 01:16:40,GBPCHFm,NAKED_POC,SELL,1,1.26094,1.26282,1.25801,1.56,0.554,1.26063,1.26092,1.25989,0,0.097,0.965,0.2185,1.26089,1.26142,1.26281,1.25835,1,0.0,0.45,2,1.26063,0.673,0.128,0,0.0,0.0,0.0,1.25801,1.786,0,0,0,0.658,-0.6834,-0.0323,0.683,0.237,0,0.691,0,0.555,1.26069,1.25927,0.178,1.199,0.0,2,0.25,0,0.691,0.871,2.101,0.414,0.409,1,1.25989,5,0.6,0.645,0.329,0.205,0.199,0.82,0.938,1.26983,1.25888,1.25878,-3753.6775,92.5818,-1,1.2699,0.557,0.0,0.0,0.0,0.0,0,0.278,1,2,1521,0.762,0.55,0.421,27.0,27.0,0.1934,139.6,0.0,1,1,0.807,1.23714,1,0,0.276,1.2757,0,10.575,0.121,0.879,0.0,1.0,0.5,0.98,0.0,0.5,0.0,0.316,0.794,0.5,0.618,0.0,0.749,0.0,0,0,0.662,0.843,0.0,1.0,0.048,0.142,0.621,0.0,0.519,0.417,0.0,1.0,0.928
6500,2021.09.02 01:46:40,GBPCHFm,SWEEP_REVERSAL,SELL,1,1.26102,1.26242,1.25989,0.81,0.228,1.26063,1.26092,1.25989,0,0.097,0.965,0.2758,1.26089,1.26142,1.26281,1.25835,1,0.0,0.45,2,1.26063,0.673,0.128,0,0.0,0.0,0.0,1.25801,1.786,0,0,0,0.658,-0.6834,-0.0323,0.683,0.237,0,0.691,0,0.555,1.26069,1.25927,0.235,1.256,0.0,2,0.25,0,0.691,0.895,2.158,0.414,0.411,1,1.25989,5,0.6,0.53,0.329,0.205,0.199,0.82,0.938,1.26983,1.25888,1.25878,-3753.6775,92.5818,-1,1.2699,0.557,0.0,0.0,0.0,0.0,0,0.278,1,2,1521,0.762,0.55,0.421,27.0,27.0,0.1934,139.6,0.0,1,1,0.807,1.23714,1,0,0.276,1.2757,0,10.518,0.121,0.879,0.0,1.0,0.5,0.47,0.0,0.5,0.0,0.499,0.665,0.5,0.623,0.0,0.747,0.0,0,0,0.584,0.843,0.0,1.0,0.048,0.225,0.626,0.0,0.527,0.417,0.0,1.0,0.928
6501,2021.09.02 02:14:40,GBPCHFm,MEAN_REVERSION,SELL,1,1.26088,1.26194,1.26001,0.82,0.769,1.26001,1.26076,1.25967,0,0.026,0.198,0.6533,1.26089,1.26149,1.26285,1.25851,1,0.0,0.55,0,1.26001,0.7,0.775,0,0.0,0.0,0.0,1.25801,2.058,0,0,0,0.123,0.0,-0.0091,0.183,0.503,0,0.841,0,0.691,1.26076,1.261,0.094,0.092,0.0,2,0.4,0,0.841,0.81,2.163,0.375,0.443,1,1.26001,8,0.74,0.812,0.309,0.0,0.278,0.898,0.923,1.26983,1.25888,1.25878,-3753.6775,92.5818,-1,1.2699,0.557,0.0,0.0,0.0,0.0,0,0.278,1,2,1522,0.762,0.55,0.421,27.0,27.0,0.2033,132.8,0.0,1,1,0.807,1.23714,1,0,0.276,1.2757,0,11.161,0.121,0.879,0.0,1.0,0.5,0.97,0.0,0.5,0.0,1.0,0.427,0.5,0.519,0.0,0.474,0.0,0,0,0.389,0.722,0.0,1.0,0.071,0.225,0.725,0.0,0.54,0.417,0.0,1.0,0.836
6502,2021.09.02 03:00:00,GBPCHFm,BREAKOUT,BUY,1,1.26111,1.25936,1.26403,1.67,0.149,1.2608,1.26104,1.26027,1,0.021,0.201,0.0385,1.26089,1.26108,1.26237,1.25822,1,0.0,0.55,0,1.2608,0.658,0.727,0,0.0,0.0,0.0,1.25801,2.422,0,0,0,0.275,0.2435,0.0167,0.244,0.739,2,0.506,2,0.003,1.26076,1.26114,0.068,0.261,-0.2728,1,0.45,0,0.506,0.822,2.422,0.339,0.264,0,1.26027,5,0.6,0.863,0.558,0.073,0.157,0.871,0.872,1.26983,1.25888,1.25878,-3753.6775,92.5818,-1,1.2699,0.557,0.0,0.0,0.0,0.0,0,0.278,1,2,1523,0.762,0.55,0.421,27.0,27.0,0.2309,116.9,0.0,1,1,0.807,1.23714,1,0,0.276,1.2757,0,12.478,0.121,0.879,0.0,1.0,0.5,0.22,0.0,0.5,0.0,0.936,0.298,0.5,0.565,0.0,0.174,0.0,0,0,0.36,0.76,0.0,1.0,0.071,0.144,0.537,0.0,0.569,0.417,0.0,1.0,0.627
6503,2021.09.02 03:00:20,GBPCHFm,BREAKOUT_RETEST,BUY,1,1.26111,1.26076,1.2617,1.67,0.247,1.2608,1.26104,1.26027,1,0.021,0.201,0.0385,1.26089,1.26108,1.26237,1.25822,1,0.0,0.55,0,1.2608,0.658,0.727,0,0.0,0.0,0.0,1.25801,2.422,0,0,0,0.275,0.2435,0.0167,0.244,0.739,0,0.806,2,0.003,1.26076,1.26114,0.068,0.261,0.0,2,0.15,0,0.806,0.822,2.422,0.339,0.384,1,1.26027,5,0.6,0.863,0.138,0.073,0.053,0.871,0.872,1.26983,1.25888,1.25878,-3753.6775,92.5818,-1,1.2699,0.557,0.0,0.0,0.0,0.0,0,0.278,1,2,1523,0.762,0.55,0.421,27.0,27.0,0.2309,116.9,0.0,1,1,0.807,1.23714,1,0,0.276,1.2757,0,12.478,0.121,0.879,0.0,1.0,0.5,0.22,0.0,0.5,0.0,0.936,0.302,0.5,0.565,0.0,0.193,0.0,0,0,0.366,0.76,0.0,1.0,0.071,0.268,0.539,0.0,0.586,0.417,0.0,1.0,0.727
6504,2021.09.02 03:00:20,GBPCHFm,TREND_CONTINUATION,BUY,1,1.26111,1.25971,1.26403,2.08,0.237,1.2608,1.26104,1.26027,1,0.021,0.201,0.0385,1.26089,1.26108,1.26237,1.25822,1,0.0,0.55,0,1.2608,0.658,0.727,0,0.0,0.0,0.0,1.25801,2.422,0,0,0,0.275,0.2435,0.0167,0.244,0.739,0,0.806,2,0.003,1.26076,1.26114,0.068,0.261,0.0,2,0.15,0,0.806,0.822,2.422,0.339,0.384,1,1.26027,5,0.6,0.863,0.138,0.073,0.053,0.871,0.872,1.26983,1.25888,1.25878,-3753.6775,92.5818,-1,1.2699,0.557,0.0,0.0,0.0,0.0,0,0.278,1,2,1523,0.762,0.55,0.421,27.0,27.0,0.2309,116.9,0.0,1,1,0.807,1.23714,1,0,0.276,1.2757,0,12.478,0.121,0.879,0.0,1.0,0.5,0.22,0.0,0.5,0.0,0.936,0.302,0.5,0.565,0.0,0.193,0.0,0,0,0.366,0.76,0.0,1.0,0.071,0.268,0.539,0.0,0.586,0.417,0.0,1.0,0.727
6507,2021.09.02 03:00:40,GBPCHFm,PULLBACK,BUY,1,1.26102,1.26042,1.26264,2.72,0.347,1.2608,1.26104,1.26027,1,0.021,0.201,-0.0385,1.26089,1.26108,1.26237,1.25822,1,0.0,0.55,0,1.2608,0.658,0.727,0,0.0,0.0,0.0,1.25801,2.422,0,0,0,0.275,0.2435,0.0167,0.244,0.982,0,0.806,2,0.003,1.26076,1.26114,0.009,0.338,0.0,2,0.15,0,0.806,0.71,2.345,0.303,0.371,1,1.26027,5,0.6,0.983,0.066,0.073,0.053,0.871,0.872,1.26983,1.25888,1.25878,-3753.6775,92.5818,-1,1.2699,0.557,0.0,0.0,0.0,0.0,0,0.278,1,2,1523,0.762,0.55,0.421,27.0,27.0,0.2309,116.9,0.0,1,1,0.807,1.23714,1,0,0.276,1.2757,0,12.555,0.121,0.879,0.0,1.0,0.5,0.16,0.0,0.5,0.0,0.936,0.281,0.5,0.565,0.0,0.193,0.0,0,0,0.378,0.76,0.0,0.82,0.071,0.268,0.53,0.0,0.586,0.417,0.0,1.0,0.727
6510,2021.09.02 03:16:40,GBPCHFm,NAKED_POC,SELL,1,1.26082,1.26122,1.25801,7.11,0.341,1.2608,1.26104,1.26027,1,0.021,0.201,0.0214,1.26089,1.26108,1.26237,1.25822,1,0.0,0.55,0,1.2608,0.658,0.727,0,0.0,0.0,0.0,1.25801,2.422,0,0,0,0.275,0.2435,0.0167,0.244,1.0,0,0.806,2,0.003,1.26076,1.26114,0.051,0.278,0.0,2,0.15,0,0.806,0.722,2.405,0.3,0.372,1,1.26027,5,0.6,0.897,0.06,0.073,0.053,0.871,0.872,1.26983,1.25888,1.25878,-3753.6775,92.5818,-1,1.2699,0.557,0.0,0.0,0.0,0.0,0,0.278,1,2,1523,0.762,0.55,0.421,27.0,27.0,0.2309,116.9,0.0,1,1,0.807,1.23714,1,0,0.276,1.2757,0,12.726,0.121,0.879,0.0,1.0,0.5,0.83,0.0,0.5,0.0,0.912,0.448,0.5,0.579,0.0,0.212,0.0,0,0,0.29,0.76,0.0,1.0,0.071,0.268,0.537,0.0,0.586,0.417,0.0,1.0,0.727
6512,2021.09.02 05:00:00,GBPCHFm,BREAKOUT,BUY,1,1.26125,1.26003,1.26328,1.67,0.394,1.26093,1.26104,1.26041,1,0.055,0.289,0.0554,1.26089,1.26115,1.26241,1.25836,1,0.0,0.45,0,1.26093,0.623,0.579,0,0.0,0.0,0.0,1.25801,3.66,0,0,0,0.55,0.755,0.101,0.755,0.489,2,0.463,2,0.274,1.26083,1.26121,0.185,0.289,0.0862,0,0.15,2,0.722,1.928,3.66,0.527,0.515,2,1.26041,5,0.6,0.631,0.213,0.926,0.053,0.779,0.933,1.26962,1.25888,1.25878,-3941.3086,-187.6312,-2,1.2699,0.556,1.29562,0.275,0.0,0.0,0,0.28,1,2,1525,0.762,0.55,0.421,27.0,27.0,0.3325,81.2,0.0,1,1,0.807,1.23714,1,0,0.276,1.2757,-1,17.792,0.107,0.893,0.0,0.0,0.0,0.81,0.0,0.5,0.0,0.769,0.538,0.5,0.572,0.0,0.285,0.0,0,0,0.309,0.717,0.0,0.924,0.071,0.325,0.536,0.0,0.527,0.417,0.0,1.0,0.87
0,2021.09.02 05:00:20,GBPCHFm,BREAKOUT_RETEST,BUY,1,1.26125,1.26101,1.26163,1.54,0.415,1.26093,1.26104,1.26041,1,0.055,0.289,0.0554,1.26089,1.26115,1.26241,1.25836,1,0.0,0.45,0,1.26093,0.623,0.579,0,0.0,0.0,0.0,1.25801,3.66,0,0,0,0.55,0.755,0.101,0.755,0.489,2,0.618,2,0.274,1.26083,1.26121,0.185,0.289,0.0,2,0.15,0,0.618,1.379,3.66,0.377,0.424,1,1.26041,5,0.6,0.631,0.213,0.226,0.053,0.779,0.933,1.26962,1.25888,1.25878,-3941.3086,-187.6312,-2,1.2699,0.556,1.29562,0.275,0.0,0.0,0,0.28,1,2,1525,0.762,0.55,0.421,27.0,27.0,0.3325,81.2,0.0,1,1,0.807,1.23714,1,0,0.276,1.2757,-1,17.792,0.107,0.893,0.0,0.0,0.0,0.8,0.0,0.5,0.0,0.916,0.538,0.5,0.572,0.0,0.278,0.0,0,0,0.306,0.738,0.0,0.751,0.071,0.21,0.548,0.0,0.602,0.417,0.0,1.0,0.811
6513,2021.09.02 05:00:59,GBPCHFm,PULLBACK,BUY,1,1.26128,1.26006,1.26268,1.15,0.489,1.26093,1.26104,1.26041,1,0.055,0.289,0.0923,1.26089,1.26115,1.26241,1.25836,1,0.0,0.45,0,1.26093,0.623,0.579,0,0.0,0.0,0.0,1.25801,3.66,0,0,0,0.55,0.755,0.101,0.755,0.489,2,0.618,2,0.274,1.26083,1.26121,0.222,0.252,0.0,2,0.15,0,0.618,1.393,3.697,0.377,0.426,1,1.26041,5,0.6,0.557,0.213,0.226,0.053,0.779,0.933,1.26962,1.25888,1.25878,-3941.3086,-187.6312,-2,1.2699,0.556,1.29562,0.275,0.0,0.0,0,0.28,1,2,1525,0.762,0.55,0.421,27.0,27.0,0.3325,81.2,0.0,1,1,0.807,1.23714,1,0,0.276,1.2757,-1,17.755,0.107,0.893,0.0,0.0,0.0,0.93,0.0,0.5,0.0,0.916,0.573,0.5,0.572,0.0,0.278,0.0,0,0,0.327,0.738,0.0,0.751,0.071,0.21,0.551,0.0,0.602,0.417,0.0,1.0,0.811
6514,2021.09.02 05:01:00,GBPCHFm,TREND_CONTINUATION,BUY,1,1.26127,1.2603,1.2633,2.08,0.399,1.26093,1.26104,1.26041,1,0.055,0.289,0.08,1.26089,1.26115,1.26241,1.25836,1,0.0,0.45,0,1.26093,0.623,0.579,0,0.0,0.0,0.0,1.25801,3.66,0,0,0,0.55,0.755,0.101,0.755,0.489,2,0.618,2,0.274,1.26083,1.26121,0.209,0.265,0.0,2,0.15,0,0.618,1.388,3.685,0.377,0.425,1,1.26041,5,0.6,0.581,0.213,0.226,0.053,0.779,0.933,1.26962,1.25888,1.25878,-3941.3086,-187.6312,-2,1.2699,0.556,1.29562,0.275,0.0,0.0,0,0.28,1,2,1525,0.762,0.55,0.421,27.0,27.0,0.3325,81.2,0.0,1,1,0.807,1.23714,1,0,0.276,1.2757,-1,17.768,0.107,0.893,0.0,0.0,0.0,0.88,0.0,0.5,0.0,0.916,0.6,0.5,0.572,0.0,0.278,0.0,0,0,0.343,0.738,0.0,0.751,0.071,0.21,0.55,0.0,0.602,0.417,0.0,1.0,0.811
6515,2021.09.02 05:01:20,GBPCHFm,MEAN_REVERSION,SELL,1,1.261,1.26165,1.26041,0.91,0.607,1.26093,1.26104,1.26041,1,0.055,0.289,0.08,1.26089,1.26115,1.26241,1.25836,1,0.0,0.45,0,1.26093,0.623,0.579,0,0.0,0.0,0.0,1.25801,3.66,0,0,0,0.55,0.755,0.101,0.755,0.489,2,0.618,2,0.274,1.26083,1.26121,0.209,0.265,0.0,2,0.15,0,0.618,1.388,3.685,0.377,0.425,1,1.26041,5,0.6,0.581,0.213,0.226,0.053,0.779,0.933,1.26962,1.25888,1.25878,-3941.3086,-187.6312,-2,1.2699,0.556,1.29562,0.275,0.0,0.0,0,0.28,1,2,1525,0.762,0.55,0.421,27.0,27.0,0.3325,81.2,0.0,1,1,0.807,1.23714,1,0,0.276,1.2757,-1,18.1,0.107,0.893,0.0,0.0,0.0,0.87,0.0,0.5,0.0,0.916,0.598,0.5,0.572,0.0,0.278,0.0,0,0,0.342,0.738,0.0,0.751,0.071,0.21,0.55,0.0,0.602,0.417,0.0,1.0,0.811
6519,2021.09.02 05:03:30,GBPCHFm,SWEEP_REVERSAL,SELL,1,1.26107,1.26188,1.26041,0.81,0.171,1.26093,1.26104,1.26041,0,0.055,0.289,0.1662,1.26089,1.26115,1.26241,1.25836,1,0.0,0.45,0,1.26093,0.623,0.579,0,0.0,0.0,0.0,1.25801,3.66,0,0,0,0.55,0.755,0.101,0.755,0.159,2,0.618,2,0.274,1.26083,1.26121,0.296,0.179,0.0,2,0.15,0,0.618,1.607,3.771,0.426,0.451,1,1.26041,5,0.6,0.409,0.312,0.226,0.053,0.779,0.933,1.26962,1.25888,1.25878,-3941.3086,-187.6312,-2,1.2699,0.556,1.29562,0.275,0.0,0.0,0,0.28,1,2,1525,0.762,0.55,0.421,27.0,27.0,0.3325,81.2,0.0,1,1,0.807,1.23714,1,0,0.276,1.2757,-1,18.014,0.107,0.893,0.0,0.0,0.0,0.95,0.0,0.5,0.0,1.0,0.694,0.5,0.572,0.0,0.247,0.0,0,0,0.387,0.665,0.0,0.751,0.071,0.21,0.579,0.0,0.597,0.417,0.0,1.0,0.85
6520,2021.09.02 05:18:00,GBPCHFm,NAKED_POC,SELL,1,1.26084,1.26116,1.25801,8.8,0.31,1.26093,1.26104,1.26041,1,0.055,0.289,-0.117,1.26089,1.26115,1.26241,1.25836,1,0.0,0.45,0,1.26093,0.623,0.579,0,0.0,0.0,0.0,1.25801,3.66,0,0,0,0.55,0.755,0.101,0.755,0.802,2,0.618,2,0.274,1.26083,1.26121,0.012,0.462,0.0,2,0.15,0,0.618,1.15,3.488,0.33,0.398,1,1.26041,5,0.6,0.975,0.119,0.226,0.053,0.779,0.933,1.26962,1.25888,1.25878,-3941.3086,-187.6312,-2,1.2699,0.556,1.29562,0.275,0.0,0.0,0,0.28,1,2,1525,0.762,0.55,0.421,27.0,27.0,0.3325,81.2,0.0,1,1,0.807,1.23714,1,0,0.276,1.2757,-1,18.297,0.107,0.893,0.0,0.0,0.0,0.0,0.0,0.5,0.0,0.318,0.554,0.5,0.583,0.0,0.352,0.0,0,0,0.348,0.76,0.0,0.795,0.071,0.199,0.532,0.0,0.643,0.417,0.0,1.0,0.741
6523,2021.09.02 06:00:00,GBPCHFm,ANCHORED_PULLBACK,BUY,1,1.26143,1.26094,1.26263,2.44,0.568,1.26093,1.26108,1.26074,0,0.25,0.27,0.3075,1.26089,1.26127,1.26248,1.25813,1,0.0,0.4,0,1.26093,0.669,0.771,0,0.0,0.0,1.26116,1.25801,4.285,0,0,0,0.9,0.79,0.133,0.79,0.229,0,0.771,0,0.588,1.26091,1.26136,0.336,0.27,-0.3942,1,0.15,1,1.0,0.089,0.336,0.266,0.421,1,1.26093,8,0.734,0.327,0.591,0.237,0.17,0.879,0.97,1.26962,1.25888,1.25878,-3941.3086,-187.6312,-2,1.2699,0.556,1.29562,0.275,0.0,0.0,0,0.28,1,2,1526,0.762,0.55,0.421,27.0,27.0,0.367,73.6,0.0,1,1,0.807,1.23714,1,0,0.276,1.2757,-1,19.396,0.107,0.893,0.0,0.0,0.0,0.46,0.0,0.5,0.0,0.344,0.574,0.5,0.694,0.0,0.489,0.0,0,0,0.448,0.694,0.351,0.64,0.071,0.109,0.668,0.0,0.554,0.417,0.0,1.0,0.76
6529,2021.09.02 07:00:00,GBPCHFm,BREAKOUT,SELL,1,1.26062,1.26091,1.25801,8.94,0.517,1.26094,1.26107,1.26071,0,0.3,0.052,-0.441,1.26089,1.26127,1.26248,1.25861,1,0.0,0.35,0,1.26094,0.625,0.458,0,0.0,0.0,1.26078,1.25801,3.575,0,0,0,0.975,0.65,0.1258,0.65,0.104,0,0.75,0,0.681,1.26092,1.26058,0.406,0.052,0.0281,2,0.4,0,0.75,1.553,3.575,0.434,0.499,1,1.26094,8,0.725,0.188,0.429,0.195,0.276,0.841,0.95,1.26962,1.25888,1.25878,-3941.3086,-187.6312,-2,1.2699,0.556,1.29562,0.275,0.0,0.0,0,0.28,1,2,1527,0.762,0.55,0.421,27.0,27.0,0.3695,73.1,0.0,1,1,0.807,1.23714,1,0,0.276,1.2757,-1,20.637,0.107,0.893,0.0,0.0,0.0,0.0,0.0,0.5,0.0,0.43,0.445,0.5,0.712,0.0,0.775,0.0,0,0,0.557,0.597,0.0,0.698,0.071,0.219,0.425,0.0,0.593,0.417,0.0,1.0,0.887
6530,2021.09.02 07:01:40,GBPCHFm,MEAN_REVERSION,BUY,1,1.26069,1.26011,1.26121,0.89,0.691,1.26094,1.26107,1.26071,0,0.3,0.052,-0.7147,1.26089,1.26127,1.26248,1.25861,1,0.0,0.35,0,1.26094,0.625,0.458,0,0.0,0.0,1.26078,1.25801,3.575,0,0,0,0.975,0.65,0.1258,0.65,0.094,0,0.757,0,0.681,1.26092,1.2604,0.679,0.025,0.0,2,0.4,0,0.757,1.439,3.302,0.436,0.488,1,1.26094,8,0.725,0.0,0.432,0.195,0.276,0.841,0.95,1.26962,1.25888,1.25878,-3941.3086,-187.6312,-2,1.2699,0.556,1.29562,0.275,0.0,0.0,0,0.28,1,2,1527,0.762,0.55,0.421,27.0,27.0,0.3695,73.1,0.0,1,1,0.807,1.23714,1,0,0.276,1.2757,-1,20.542,0.107,0.893,0.0,0.0,0.0,0.0,0.0,0.5,0.0,0.374,0.404,0.5,0.677,0.0,0.704,0.0,0,0,0.542,0.596,0.0,0.791,0.071,0.219,0.424,0.0,0.592,0.417,0.0,1.0,0.887
6531,2021.09.02 07:03:40,GBPCHFm,SWEEP_REVERSAL,BUY,1,1.26053,1.2598,1.26121,0.93,0.309,1.26094,1.26107,1.26071,0,0.3,0.052,-0.9337,1.26089,1.26127,1.26248,1.25861,1,0.0,0.35,0,1.26094,0.625,0.458,0,0.0,0.0,1.26078,1.25801,3.575,0,0,0,0.975,0.65,0.1258,0.65,0.035,0,0.757,0,0.681,1.26092,1.2604,0.898,0.194,0.0,2,0.4,0,0.757,1.371,3.083,0.445,0.48,1,1.26094,8,0.725,0.0,0.45,0.195,0.276,0.841,0.95,1.26962,1.25888,1.25878,-3941.3086,-187.6312,-2,1.2699,0.556,1.29562,0.275,0.0,0.0,0,0.28,1,2,1527,0.762,0.55,0.421,27.0,27.0,0.3695,73.1,0.0,1,1,0.807,1.23714,1,0,0.276,1.2757,-1,20.761,0.107,0.893,0.0,0.0,0.0,0.0,0.0,0.5,0.0,0.374,0.378,0.5,0.677,0.0,0.704,0.0,0,0,0.558,0.481,0.0,0.698,0.071,0.219,0.391,0.0,0.603,0.417,0.0,1.0,0.887
0,2021.09.02 07:06:40,GBPCHFm,BREAKOUT_RETEST,BUY,1,1.26129,1.26107,1.26152,1.05,0.55,1.26094,1.26107,1.26071,1,0.3,0.052,0.1064,1.26089,1.26127,1.26248,1.25861,1,0.0,0.35,0,1.26094,0.625,0.458,0,0.0,0.0,1.26078,1.25801,3.575,0,0,0,0.975,0.65,0.1258,0.65,0.511,0,0.757,0,0.681,1.26092,1.26133,0.142,0.422,0.0,2,0.4,0,0.757,0.158,0.422,0.373,0.338,0,1.26071,5,0.6,0.717,0.307,0.195,0.276,0.841,0.944,1.26962,1.25888,1.25878,-3941.3086,-187.6312,-2,1.2699,0.556,1.29562,0.275,0.0,0.0,0,0.28,1,2,1527,0.762,0.55,0.421,27.0,27.0,0.3695,73.1,0.0,1,1,0.807,1.23714,1,0,0.276,1.2757,-1,19.72,0.107,0.893,0.0,0.0,0.0,0.87,0.0,0.5,0.0,0.411,0.431,0.5,0.778,0.0,0.931,0.0,0,0,0.647,0.8,0.0,0.931,0.071,0.238,0.546,0.0,0.607,0.417,0.0,1.0,0.847
6533,2021.09.02 07:06:59,GBPCHFm,PULLBACK,BUY,1,1.26129,1.26019,1.26275,1.33,0.586,1.26094,1.26107,1.26071,1,0.3,0.052,0.1064,1.26089,1.26127,1.26248,1.25861,1,0.0,0.35,0,1.26094,0.625,0.458,0,0.0,0.0,1.26078,1.25801,3.575,0,0,0,0.975,0.65,0.1258,0.65,0.511,0,0.757,0,0.681,1.26092,1.26133,0.142,0.422,0.0,2,0.4,0,0.757,0.158,0.422,0.373,0.338,0,1.26071,5,0.6,0.717,0.307,0.195,0.276,0.841,0.944,1.26962,1.25888,1.25878,-3941.3086,-187.6312,-2,1.2699,0.556,1.29562,0.275,0.0,0.0,0,0.28,1,2,1527,0.762,0.55,0.421,27.0,27.0,0.3695,73.1,0.0,1,1,0.807,1.23714,1,0,0.276,1.2757,-1,19.72,0.107,0.893,0.0,0.0,0.0,0.86,0.0,0.5,0.0,0.411,0.445,0.5,0.778,0.0,0.931,0.0,0,0,0.639,0.8,0.0,0.931,0.071,0.238,0.546,0.0,0.607,0.417,0.0,1.0,0.847
6534,2021.09.02 07:07:00,GBPCHFm,TREND_CONTINUATION,BUY,1,1.26131,1.26043,1.26314,2.08,0.511,1.26094,1.26107,1.26071,1,0.3,0.052,0.1338,1.26089,1.26127,1.26248,1.25861,1,0.0,0.35,0,1.26094,0.625,0.458,0,0.0,0.0,1.26078,1.25801,3.575,0,0,0,0.975,0.65,0.1258,0.65,0.511,0,0.757,0,0.681,1.26092,1.26133,0.169,0.395,0.0,2,0.4,0,0.757,0.147,0.395,0.373,0.337,0,1.26071,5,0.6,0.662,0.307,0.195,0.276,0.841,0.944,1.26962,1.25888,1.25878,-3941.3086,-187.6312,-2,1.2699,0.556,1.29562,0.275,0.0,0.0,0,0.28,1,2,1527,0.762,0.55,0.421,27.0,27.0,0.3695,73.1,0.0,1,1,0.807,1.23714,1,0,0.276,1.2757,-1,19.693,0.107,0.893,0.0,0.0,0.0,0.87,0.0,0.5,0.0,0.411,0.426,0.5,0.778,0.0,0.931,0.0,0,0,0.65,0.8,0.0,0.931,0.071,0.238,0.55,0.0,0.607,0.417,0.0,1.0,0.847
0,2021.09.02 08:22:00,GBPCHFm,NAKED_POC,SELL,2,1.26078,1.26103,1.25801,11.14,0.397,1.26091,1.26156,1.26066,1,0.505,0.126,-0.164,1.26089,1.26129,1.26231,1.25865,1,0.0,0.45,0,1.26091,0.652,0.514,0,0.0,0.0,0.0,1.25801,4.796,0,0,0,1.0,0.86,0.131,0.86,0.449,2,0.622,1,0.005,1.26091,1.26061,0.164,0.214,0.0,2,0.15,0,0.622,1.338,3.497,0.383,0.388,1,1.26156,4,0.6,0.672,0.225,0.258,0.053,0.787,0.897,1.26882,1.25888,1.25878,-3869.5892,71.7194,-1,1.2699,0.554,0.0,0.0,0.0,0.0,0,0.284,1,2,1528,0.762,0.55,0.421,27.0,27.0,0.3405,79.3,0.0,1,1,0.807,1.23714,1,0,0.276,1.2757,-1,18.818,0.108,0.892,0.0,1.0,0.0,0.0,0.0,0.5,0.0,0.57,0.348,0.5,0.469,0.0,0.483,0.0,0,0,0.425,0.611,0.0,1.0,0.071,0.429,0.495,0.0,0.586,0.455,0.0,1.0,0.733
6542,2021.09.02 09:00:00,GBPCHFm,BREAKOUT,BUY,2,1.26239,1.262,1.26447,5.29,0.622,1.26101,1.26186,1.26086,0,0.373,0.012,1.3339,1.26089,1.26129,1.26231,1.25865,1,0.0,0.5,0,1.26161,0.78,0.5,0,0.0,0.0,1.26162,1.25801,4.942,0,0,0,1.0,0.895,0.1244,0.895,0.159,2,0.474,0,0.72,1.26181,1.26216,0.373,0.048,0.1202,0,0.15,2,0.928,0.769,1.334,0.576,0.488,1,1.26161,8,0.756,0.255,0.312,0.968,0.196,0.791,0.915,1.26882,1.25888,1.25878,-3869.5892,71.7194,-1,1.2699,0.554,0.0,0.0,0.0,0.0,0,0.284,1,2,1529,0.762,0.55,0.421,27.0,27.0,0.3245,83.2,0.0,1,1,0.807,1.23714,1,0,0.276,1.2757,-1,15.995,0.108,0.892,0.0,1.0,0.0,0.99,0.0,0.5,0.0,0.512,0.606,0.5,0.474,0.0,0.472,0.0,0,0,0.395,0.437,0.0,0.779,0.0,0.993,0.661,0.0,0.512,0.455,0.0,1.0,0.942
6543,2021.09.02 09:00:20,GBPCHFm,ANCHORED_PULLBACK,BUY,2,1.26239,1.26137,1.26378,1.36,0.258,1.26101,1.26186,1.26086,0,0.373,0.012,1.3339,1.26089,1.26129,1.26231,1.25865,1,0.0,0.5,0,1.26161,0.78,0.5,0,0.0,0.0,1.26162,1.25801,4.942,0,0,0,1.0,0.895,0.1244,0.895,0.159,2,0.546,0,0.72,1.26181,1.26216,0.373,0.048,0.0,2,0.15,0,0.546,0.568,1.334,0.426,0.369,1,1.26161,8,0.756,0.255,0.312,0.269,0.196,0.791,0.915,1.26882,1.25888,1.25878,-3869.5892,71.7194,-1,1.2699,0.554,0.0,0.0,0.0,0.0,0,0.284,1,2,1529,0.762,0.55,0.421,27.0,27.0,0.3245,83.2,0.0,1,1,0.807,1.23714,1,0,0.276,1.2757,-1,15.995,0.108,0.892,0.0,1.0,0.0,0.98,0.0,0.5,0.0,0.609,0.605,0.5,0.493,0.0,0.407,0.0,0,0,0.373,0.449,0.0,0.609,0.0,0.432,0.788,0.0,0.588,0.455,0.0,1.0,0.874
6546,2021.09.02 09:01:40,GBPCHFm,MEAN_REVERSION,SELL,2,1.26215,1.26282,1.26161,0.81,0.549,1.26101,1.26186,1.26086,0,0.373,0.012,1.37,1.26089,1.26129,1.26231,1.25865,1,0.0,0.5,0,1.26161,0.78,0.5,0,0.0,0.0,1.26162,1.25801,4.942,0,0,0,1.0,0.895,0.1244,0.895,0.159,2,0.546,0,0.72,1.26181,1.26216,0.409,0.012,0.0,2,0.15,0,0.546,0.584,1.37,0.426,0.371,1,1.26161,8,0.756,0.183,0.312,0.269,0.196,0.791,0.915,1.26882,1.25888,1.25878,-3869.5892,71.7194,-1,1.2699,0.554,0.0,0.0,0.0,0.0,0,0.284,1,2,1529,0.762,0.55,0.421,27.0,27.0,0.3245,83.2,0.0,1,1,0.807,1.23714,1,0,0.276,1.2757,-1,16.283,0.108,0.892,0.0,1.0,0.0,0.93,0.0,0.5,0.0,0.609,0.633,0.5,0.493,0.0,0.407,0.0,0,0,0.39,0.449,0.0,0.609,0.0,0.432,0.794,0.0,0.58,0.455,0.0,1.0,0.874
6547,2021.09.02 09:04:40,GBPCHFm,SWEEP_REVERSAL,SELL,2,1.26245,1.26328,1.26161,1.01,0.192,1.26101,1.26186,1.26086,0,0.373,0.012,1.7305,1.26089,1.26129,1.26231,1.25865,0,0.0,0.5,0,1.26161,0.78,0.5,0,0.0,0.0,1.26162,1.25801,4.942,0,0,0,1.0,0.895,0.1244,0.895,0.038,2,0.546,0,0.72,1.26181,1.26216,0.769,0.348,0.0,2,0.15,0,0.546,0.769,1.73,0.444,0.393,1,1.26161,8,0.756,0.0,0.349,0.269,0.196,0.791,0.915,1.26882,1.25888,1.25878,-3869.5892,71.7194,-1,1.2699,0.554,0.0,0.0,0.0,0.0,0,0.284,1,2,1529,0.762,0.55,0.421,27.0,27.0,0.3245,83.2,0.0,1,1,0.807,1.23714,1,0,0.276,1.2757,-1,15.923,0.108,0.892,0.0,1.0,0.0,0.99,0.0,0.5,0.0,0.609,0.546,0.5,0.493,0.0,0.439,0.0,0,0,0.351,0.36,0.0,0.897,0.0,0.466,0.859,0.0,0.59,0.455,0.0,1.0,0.904
6548,2021.09.02 09:07:00,GBPCHFm,TREND_CONTINUATION,BUY,2,1.26237,1.26137,1.26445,2.08,0.554,1.26101,1.26186,1.26086,0,0.373,0.012,1.3099,1.26089,1.26129,1.26231,1.25865,1,0.0,0.5,0,1.26161,0.78,0.5,0,0.0,0.0,1.26162,1.25801,4.942,0,0,0,1.0,0.895,0.1244,0.895,0.159,2,0.546,0,0.72,1.26181,1.26216,0.348,0.072,0.0,2,0.15,0,0.546,0.558,1.31,0.426,0.368,1,1.26161,8,0.756,0.303,0.312,0.269,0.196,0.791,0.915,1.26882,1.25888,1.25878,-3869.5892,71.7194,-1,1.2699,0.554,0.0,0.0,0.0,0.0,0,0.284,1,2,1529,0.762,0.55,0.421,27.0,27.0,0.3245,83.2,0.0,1,1,0.807,1.23714,1,0,0.276,1.2757,-1,16.019,0.108,0.892,0.0,1.0,0.0,0.61,0.0,0.5,0.0,0.732,0.611,0.5,0.489,0.0,0.392,0.0,0,0,0.37,0.449,0.0,0.919,0.0,0.528,0.784,0.0,0.588,0.455,0.0,1.0,0.874
6550,2021.09.02 09:24:40,GBPCHFm,PULLBACK,BUY,2,1.26275,1.262,1.26525,3.31,0.479,1.26101,1.26186,1.26086,0,0.373,0.012,1.7665,1.26089,1.26129,1.26231,1.25865,0,0.0,0.5,0,1.26161,0.78,0.5,0,0.0,0.0,1.26162,1.25801,4.942,0,0,0,1.0,0.895,0.1244,0.895,0.038,2,0.546,0,0.72,1.26181,1.26216,0.805,0.385,0.0,2,0.15,0,0.546,0.785,1.767,0.444,0.394,1,1.26161,8,0.756,0.0,0.349,0.269,0.196,0.791,0.915,1.26882,1.25888,1.25878,-3869.5892,71.7194,-1,1.2699,0.554,0.0,0.0,0.0,0.0,0,0.284,1,2,1529,0.762,0.55,0.421,27.0,27.0,0.3245,83.2,0.0,1,1,0.807,1.23714,1,0,0.276,1.2757,-1,15.562,0.108,0.892,0.0,1.0,0.0,0.99,0.0,0.5,0.0,1.0,0.557,0.5,0.468,0.0,0.322,0.0,0,0,0.303,0.36,0.0,0.897,0.0,0.57,0.859,0.0,0.59,0.455,0.0,1.0,0.904
6554,2021.09.02 11:00:00,GBPCHFm,BREAKOUT,BUY,2,1.26313,1.26201,1.26556,2.17,0.62,1.26165,1.26286,1.26082,0,1.053,0.48,1.2443,1.26091,1.26091,1.26234,1.25867,0,0.0,0.55,0,1.26184,0.769,0.0,1,0.0,0.0,1.26273,1.25801,4.995,0,0,1,1.0,0.965,0.1861,0.965,0.59,2,0.559,0,0.353,1.26156,1.26249,1.34,0.385,0.6223,0,0.0,2,1.0,0.685,1.34,0.512,0.481,1,1.26184,8,0.754,0.0,0.123,0.99,0.071,0.858,0.84,1.26882,1.25888,1.25878,-3869.5892,71.7194,-1,1.2699,0.554,0.0,0.0,0.0,0.0,0,0.284,1,2,1531,0.767,0.546,0.42,27.0,27.0,0.2779,97.1,0.0,1,1,0.807,1.23714,1,0,0.276,1.2757,0,12.94,0.108,0.892,0.0,1.0,0.5,0.4,0.0,0.5,0.0,0.785,0.418,0.5,0.491,0.0,0.301,0.0,0,0,0.317,0.52,0.0,0.902,0.0,1.0,0.679,0.0,0.504,0.455,0.0,1.0,1.006
6555,2021.09.02 11:00:20,GBPCHFm,ANCHORED_PULLBACK,BUY,2,1.26318,1.26244,1.26485,2.25,0.468,1.26165,1.26286,1.26082,0,1.053,0.48,1.2958,1.26091,1.26091,1.26234,1.25867,0,0.0,0.55,0,1.26184,0.769,0.0,1,0.0,0.0,1.26273,1.25801,4.995,0,0,1,1.0,0.965,0.1861,0.965,0.59,2,0.587,0,0.353,1.26156,1.26249,1.391,0.436,0.0,2,0.0,0,0.587,0.503,1.391,0.362,0.357,1,1.26184,8,0.754,0.0,0.123,0.29,0.071,0.858,0.84,1.26882,1.25888,1.25878,-3869.5892,71.7194,-1,1.2699,0.554,0.0,0.0,0.0,0.0,0,0.284,1,2,1531,0.767,0.546,0.42,27.0,27.0,0.2779,97.1,0.0,1,1,0.807,1.23714,1,0,0.276,1.2757,0,12.888,0.108,0.892,0.0,1.0,0.5,0.5,0.0,0.5,0.0,0.934,0.441,0.5,0.508,0.0,0.301,0.0,0,0,0.308,0.495,0.0,0.713,0.0,1.0,0.833,0.0,0.578,0.455,0.0,1.0,0.963
6558,2021.09.02 11:01:20,GBPCHFm,BREAKOUT_RETEST,BUY,2,1.26293,1.26201,1.26415,1.32,0.593,1.26165,1.26286,1.26082,1,1.053,0.48,1.0384,1.26091,1.26091,1.26234,1.25867,0,0.0,0.55,0,1.26184,0.769,0.0,1,0.0,0.0,1.26273,1.25801,4.995,0,0,1,1.0,0.965,0.1861,0.965,0.167,2,0.587,0,0.353,1.26156,1.26249,1.134,0.179,0.0,2,0.0,0,0.587,0.482,1.134,0.425,0.354,1,1.26184,8,0.754,0.0,0.25,0.29,0.071,0.858,0.84,1.26882,1.25888,1.25878,-3869.5892,71.7194,-1,1.2699,0.554,0.0,0.0,0.0,0.0,0,0.284,1,2,1531,0.767,0.546,0.42,27.0,27.0,0.2779,97.1,0.0,1,1,0.807,1.23714,1,0,0.276,1.2757,0,13.146,0.108,0.892,0.0,1.0,0.5,0.08,0.0,0.5,0.0,1.0,0.415,0.5,0.508,0.0,0.272,0.0,0,0,0.312,0.528,0.0,0.808,0.0,0.907,0.436,0.0,0.578,0.455,0.0,1.0,0.921
6559,2021.09.02 11:01:40,GBPCHFm,MEAN_REVERSION,SELL,2,1.26285,1.26363,1.26184,1.3,0.555,1.26165,1.26286,1.26082,1,1.053,0.48,1.234,1.26091,1.26091,1.26234,1.25867,0,0.0,0.55,0,1.26184,0.769,0.0,1,0.0,0.0,1.26273,1.25801,4.995,0,0,1,1.0,0.965,0.1861,0.965,0.444,2,0.587,0,0.353,1.26156,1.26249,1.329,0.375,0.0,2,0.0,0,0.587,0.51,1.329,0.383,0.357,1,1.26184,8,0.754,0.0,0.167,0.29,0.071,0.858,0.84,1.26882,1.25888,1.25878,-3869.5892,71.7194,-1,1.2699,0.554,0.0,0.0,0.0,0.0,0,0.284,1,2,1531,0.767,0.546,0.42,27.0,27.0,0.2779,97.1,0.0,1,1,0.807,1.23714,1,0,0.276,1.2757,0,13.228,0.108,0.892,0.0,1.0,0.5,0.36,0.0,0.5,0.0,1.0,0.468,0.5,0.508,0.0,0.29,0.0,0,0,0.288,0.489,0.0,0.713,0.0,0.907,0.758,0.0,0.578,0.455,0.0,1.0,0.921
6562,2021.09.02 11:04:40,GBPCHFm,SWEEP_REVERSAL,SELL,2,1.26339,1.26436,1.26184,1.6,0.114,1.26165,1.26286,1.26082,0,1.053,0.48,1.7899,1.26091,1.26091,1.26234,1.25867,0,0.0,0.55,0,1.26184,0.769,0.0,1,0.0,0.0,1.26273,1.25801,4.995,0,0,1,1.0,0.965,0.1861,0.965,0.329,2,0.587,0,0.353,1.26156,1.26249,1.885,0.931,0.0,2,0.0,0,0.587,0.755,1.885,0.401,0.386,1,1.26184,8,0.754,0.0,0.201,0.29,0.071,0.858,0.84,1.26882,1.25888,1.25878,-3869.5892,71.7194,-1,1.2699,0.554,0.0,0.0,0.0,0.0,0,0.284,1,2,1531,0.767,0.546,0.42,27.0,27.0,0.2779,97.1,0.0,1,1,0.807,1.23714,1,0,0.276,1.2757,0,12.672,0.108,0.892,0.0,1.0,0.5,0.99,0.0,0.5,0.283,0.812,0.592,0.5,0.507,0.0,0.273,0.0,0,0,0.317,0.413,0.0,0.475,0.0,1.0,0.858,0.0,0.578,0.455,0.0,1.0,0.963
6563,2021.09.02 11:07:00,GBPCHFm,TREND_CONTINUATION,BUY,2,1.26354,1.26237,1.26597,2.08,0.565,1.26165,1.26286,1.26082,0,1.053,0.48,1.6664,1.26091,1.26091,1.26234,1.25867,0,0.0,0.55,0,1.26184,0.769,0.0,1,0.0,0.0,1.26273,1.25801,4.995,0,0,1,1.0,0.965,0.1861,0.965,0.329,2,0.587,0,0.353,1.26156,1.26249,1.762,0.807,0.0,2,0.0,0,0.587,0.706,1.762,0.401,0.38,1,1.26184,8,0.754,0.0,0.201,0.29,0.071,0.858,0.84,1.26882,1.25888,1.25878,-3869.5892,71.7194,-1,1.2699,0.554,0.0,0.0,0.0,0.0,0,0.284,1,2,1531,0.767,0.546,0.42,27.0,27.0,0.2779,97.1,0.0,1,1,0.807,1.23714,1,0,0.276,1.2757,0,12.518,0.108,0.892,0.0,1.0,0.5,0.88,0.0,0.5,0.0,0.467,0.459,0.5,0.499,0.0,0.298,0.0,0,0,0.294,0.413,0.0,0.475,0.0,1.0,0.858,0.0,0.578,0.455,0.0,1.0,0.963
6564,2021.09.02 11:24:40,GBPCHFm,PULLBACK,BUY,2,1.26318,1.26172,1.26609,2.0,0.476,1.26165,1.26286,1.26082,0,1.053,0.48,1.2958,1.26091,1.26091,1.26234,1.25867,0,0.0,0.55,0,1.26184,0.769,0.0,1,0.0,0.0,1.26273,1.25801,4.995,0,0,1,1.0,0.965,0.1861,0.965,0.59,2,0.587,0,0.353,1.26156,1.26249,1.391,0.436,0.0,2,0.0,0,0.587,0.503,1.391,0.362,0.357,1,1.26184,8,0.754,0.0,0.123,0.29,0.071,0.858,0.84,1.26882,1.25888,1.25878,-3869.5892,71.7194,-1,1.2699,0.554,0.0,0.0,0.0,0.0,0,0.284,1,2,1531,0.767,0.546,0.42,27.0,27.0,0.2779,97.1,0.0,1,1,0.807,1.23714,1,0,0.276,1.2757,0,12.888,0.108,0.892,0.0,1.0,0.5,0.0,0.0,0.5,0.0,0.42,0.309,0.5,0.524,0.0,0.345,0.0,0,0,0.41,0.495,0.0,0.713,0.0,1.0,0.833,0.0,0.578,0.455,0.0,1.0,0.963
6568,2021.09.02 11:51:40,GBPCHFm,NAKED_POC,SELL,2,1.2613,1.2617,1.25801,8.15,0.421,1.26165,1.26286,1.26082,1,1.053,0.48,-0.3616,1.26091,1.26091,1.26234,1.25867,1,0.0,0.55,0,1.26184,0.769,0.0,1,0.0,0.0,1.26273,1.25801,4.995,0,0,1,1.0,0.965,0.1861,0.965,0.608,2,0.587,0,0.353,1.26156,1.26054,0.266,0.784,0.0,2,0.0,0,0.587,1.216,3.389,0.359,0.44,1,1.26165,1,0.7,0.468,0.117,0.29,0.071,0.858,0.908,1.26882,1.25888,1.25878,-3869.5892,71.7194,-1,1.2699,0.554,0.0,0.0,0.0,0.0,0,0.284,1,2,1531,0.767,0.546,0.42,27.0,27.0,0.2779,97.1,0.0,1,1,0.807,1.23714,1,0,0.276,1.2757,0,14.824,0.108,0.892,0.0,1.0,0.5,0.0,0.0,0.5,0.0,0.315,0.344,0.5,0.456,0.0,0.28,0.0,0,0,0.342,0.6,0.0,0.88,0.0,0.863,0.497,0.0,0.571,0.455,0.0,1.0,0.858
6570,2021.09.02 13:05:00,GBPCHFm,SWEEP_REVERSAL,BUY,4,1.26287,1.26253,1.26351,1.84,0.442,1.26324,1.26384,1.26237,1,0.149,0.678,-0.5626,1.26091,1.26091,1.26275,1.25867,1,0.0,0.55,0,1.26324,0.756,0.787,0,0.0,0.0,0.0,1.25801,4.241,0,1,1,0.8,1.0,0.2642,1.0,0.23,2,0.646,2,0.041,1.26317,1.26257,0.504,0.028,0.0,2,0.3,6,0.5,0.149,0.563,0.265,0.201,0,1.26324,8,0.751,0.0,0.551,0.3,0.405,0.788,0.759,1.26931,1.25888,1.25881,-2706.8176,1162.7716,-1,1.2699,0.553,0.0,0.0,0.0,0.0,0,0.289,1,2,1533,0.767,0.546,0.42,27.0,27.0,0.2389,113.0,0.0,1,1,0.807,1.23714,1,0,0.276,1.2757,1,11.354,0.319,0.681,0.0,1.0,1.0,0.2,0.0,0.5,0.0,0.476,0.376,0.5,0.556,0.0,0.532,0.0,0,0,0.454,0.384,0.0,1.0,0.067,0.59,0.498,0.0,0.527,0.455,0.0,1.0,0.787
6572,2021.09.02 15:05:00,GBPCHFm,SWEEP_REVERSAL,SELL,4,1.26413,1.26496,1.26323,1.08,0.46,1.26323,1.26494,1.2613,1,0.018,0.521,0.6614,1.26098,1.26108,1.26284,1.25832,0,0.0,0.8,0,1.26505,0.736,0.0,1,0.0,0.0,1.265,1.25801,5.05,1,0,1,1.0,1.0,0.3121,1.0,0.083,2,0.561,3,0.374,1.26323,1.26403,0.661,0.074,0.0,2,0.3,6,0.5,0.196,0.682,0.288,0.275,0,1.26505,8,0.747,0.0,0.595,0.3,0.405,1.0,0.905,1.26931,1.25888,1.25881,-2706.8176,1162.7716,-1,1.2699,0.553,0.0,0.0,0.0,0.0,0,0.289,1,2,1535,0.767,0.546,0.42,27.0,27.0,0.1993,135.5,0.0,1,1,0.807,1.23714,1,0,0.276,1.2757,0,8.539,0.319,0.681,0.0,1.0,0.5,0.02,0.0,0.5,0.0,0.476,0.317,0.5,0.639,0.0,0.718,0.0,0,0,0.589,0.217,0.0,0.337,0.0,0.512,0.656,0.0,0.503,0.455,0.0,1.0,0.784
6574,2021.09.02 16:00:00,GBPCHFm,TREND_CONTINUATION,BUY,4,1.26648,1.26471,1.27016,2.08,0.564,1.26509,1.26597,1.26346,0,0.76,0.092,0.7596,1.26079,1.26141,1.26274,1.25847,0,0.0,0.5,0,1.26509,0.784,0.79,0,0.0,0.0,1.26506,1.25801,5.575,0,0,1,1.0,1.0,0.3244,1.0,0.175,1,0.283,2,0.033,1.26472,1.26622,1.015,0.006,-0.7714,1,0.15,5,1.0,0.329,1.015,0.324,0.363,1,1.26509,8,0.757,0.0,0.608,0.3,0.353,0.744,0.82,1.26983,1.25888,1.25906,6549.1083,9255.9259,2,1.2699,0.552,0.0,0.0,0.0,0.0,0,0.572,1,2,1536,0.767,0.546,0.42,27.0,27.0,0.1835,147.1,0.0,1,1,0.807,1.23714,1,0,0.276,1.2757,0,6.266,0.106,0.894,0.0,0.0,0.5,0.79,0.0,0.5,0.0,0.971,0.624,0.5,0.426,0.0,0.349,0.0,0,0,0.342,0.069,0.0,0.108,0.0,0.557,0.796,0.0,0.505,0.455,0.0,1.0,0.676
6575,2021.09.02 16:00:20,GBPCHFm,BREAKOUT,BUY,4,1.26648,1.26522,1.27016,2.91,0.468,1.26509,1.26597,1.26346,0,0.76,0.092,0.7596,1.26079,1.26141,1.26274,1.25847,0,0.0,0.5,0,1.26509,0.784,0.79,0,0.0,0.0,1.26506,1.25801,5.575,0,0,1,1.0,1.0,0.3244,1.0,0.175,2,0.583,2,0.033,1.26472,1.26622,1.015,0.006,0.0,2,0.15,0,0.583,0.43,1.015,0.424,0.271,0,1.26509,8,0.757,0.0,0.308,0.3,0.053,0.744,0.82,1.26983,1.25888,1.25906,6549.1083,9255.9259,2,1.2699,0.552,0.0,0.0,0.0,0.0,0,0.572,1,2,1536,0.767,0.546,0.42,27.0,27.0,0.1835,147.1,0.0,1,1,0.807,1.23714,1,0,0.276,1.2757,0,6.266,0.106,0.894,0.0,0.0,0.5,0.78,0.0,0.5,0.0,1.0,0.622,0.5,0.463,0.0,0.351,0.0,0,0,0.352,0.278,0.0,0.143,0.0,0.742,0.857,0.0,0.545,0.455,0.0,1.0,0.84
6576,2021.09.02 16:00:20,GBPCHFm,PULLBACK,BUY,4,1.26648,1.26522,1.27089,3.49,0.458,1.26509,1.26597,1.26346,0,0.76,0.092,0.7596,1.26079,1.26141,1.26274,1.25847,0,0.0,0.5,0,1.26509,0.784,0.79,0,0.0,0.0,1.26506,1.25801,5.575,0,0,1,1.0,1.0,0.3244,1.0,0.175,2,0.583,2,0.033,1.26472,1.26622,1.015,0.006,0.0,2,0.15,0,0.583,0.43,1.015,0.424,0.271,0,1.26509,8,0.757,0.0,0.308,0.3,0.053,0.744,0.82,1.26983,1.25888,1.25906,6549.1083,9255.9259,2,1.2699,0.552,0.0,0.0,0.0,0.0,0,0.572,1,2,1536,0.767,0.546,0.42,27.0,27.0,0.1835,147.1,0.0,1,1,0.807,1.23714,1,0,0.276,1.2757,0,6.266,0.106,0.894,0.0,0.0,0.5,0.77,0.0,0.5,0.0,1.0,0.622,0.5,0.463,0.0,0.351,0.0,0,0,0.352,0.278,0.0,0.143,0.0,0.742,0.857,0.0,0.545,0.455,0.0,1.0,0.84
6579,2021.09.02 16:01:20,GBPCHFm,ANCHORED_PULLBACK,BUY,4,1.26625,1.26461,1.26892,1.63,0.218,1.26509,1.26597,1.26346,0,0.76,0.092,0.6033,1.26079,1.26141,1.26274,1.25847,0,0.0,0.5,0,1.26509,0.784,0.79,0,0.0,0.0,1.26506,1.25801,5.575,0,0,1,1.0,1.0,0.3244,1.0,0.175,2,0.583,2,0.033,1.26472,1.26622,0.859,0.163,0.0,2,0.15,0,0.583,0.364,0.859,0.424,0.263,0,1.26509,8,0.757,0.0,0.308,0.3,0.053,0.744,0.82,1.26983,1.25888,1.25906,6549.1083,9255.9259,2,1.2699,0.552,0.0,0.0,0.0,0.0,0,0.572,1,2,1536,0.767,0.546,0.42,27.0,27.0,0.1835,147.1,0.0,1,1,0.807,1.23714,1,0,0.276,1.2757,0,6.422,0.106,0.894,0.0,0.0,0.5,0.51,0.0,0.5,0.0,1.0,0.601,0.5,0.463,0.0,0.351,0.0,0,0,0.34,0.278,0.0,0.143,0.0,0.742,0.841,0.0,0.545,0.455,0.0,1.0,0.84
6582,2021.09.02 16:02:20,GBPCHFm,BREAKOUT_RETEST,BUY,4,1.2661,1.26522,1.26749,1.57,0.567,1.26509,1.26597,1.26346,1,0.76,0.092,0.5014,1.26079,1.26141,1.26274,1.25847,0,0.0,0.5,0,1.26509,0.784,0.79,0,0.0,0.0,1.26506,1.25801,5.575,0,0,1,1.0,1.0,0.3244,1.0,0.283,2,0.583,2,0.033,1.26472,1.26622,0.757,0.265,0.0,2,0.15,0,0.583,0.308,0.757,0.408,0.256,0,1.26509,8,0.757,0.0,0.275,0.3,0.053,0.744,0.82,1.26983,1.25888,1.25906,6549.1083,9255.9259,2,1.2699,0.552,0.0,0.0,0.0,0.0,0,0.572,1,2,1536,0.767,0.546,0.42,27.0,27.0,0.1835,147.1,0.0,1,1,0.807,1.23714,1,0,0.276,1.2757,0,6.524,0.106,0.894,0.0,0.0,0.5,0.3,0.0,0.5,0.0,0.918,0.549,0.5,0.454,0.0,0.359,0.0,0,0,0.31,0.356,0.0,0.143,0.0,0.659,0.754,0.0,0.545,0.455,0.0,1.0,0.799
6584,2021.09.02 16:05:40,GBPCHFm,MEAN_REVERSION,SELL,4,1.26605,1.26723,1.26509,0.81,0.523,1.26509,1.26597,1.26346,0,0.76,0.092,0.6509,1.26079,1.26141,1.26274,1.25847,0,0.0,0.5,0,1.26509,0.784,0.79,0,0.0,0.0,1.26506,1.25801,5.575,0,0,1,1.0,1.0,0.3244,1.0,0.175,2,0.583,2,0.033,1.26472,1.26622,0.906,0.115,0.0,2,0.15,0,0.583,0.384,0.906,0.424,0.265,0,1.26509,8,0.757,0.0,0.308,0.3,0.053,0.744,0.82,1.26983,1.25888,1.25906,6549.1083,9255.9259,2,1.2699,0.552,0.0,0.0,0.0,0.0,0,0.572,1,2,1536,0.767,0.546,0.42,27.0,27.0,0.1835,147.1,0.0,1,1,0.807,1.23714,1,0,0.276,1.2757,0,6.558,0.106,0.894,0.0,0.0,0.5,0.58,0.0,0.5,0.0,1.0,0.592,0.5,0.5,0.0,0.354,0.0,0,0,0.347,0.278,0.0,0.143,0.0,0.742,0.849,0.0,0.545,0.455,0.0,1.0,0.84
6586,2021.09.02 18:02:20,GBPCHFm,BREAKOUT_RETEST,BUY,3,1.26563,1.26517,1.26698,2.96,0.494,1.2658,1.2661,1.26488,1,0.185,0.614,-0.2875,1.26079,1.26141,1.26327,1.25847,0,0.0,0.5,0,1.26507,0.723,0.265,0,0.0,0.0,0.0,1.25801,4.808,0,0,1,0.8,0.825,0.3309,0.825,0.524,2,0.643,0,0.508,1.26507,1.26635,0.192,0.647,0.0,2,0.25,0,0.643,0.24,0.647,0.371,0.332,0,1.26488,5,0.6,0.616,0.243,0.247,0.189,0.934,0.879,1.26983,1.25888,1.25906,6549.1083,9255.9259,2,1.2699,0.552,0.0,0.0,0.0,0.0,0,0.572,1,2,1538,0.767,0.546,0.42,27.0,27.0,0.1768,152.7,0.0,1,1,0.807,1.23714,1,0,0.276,1.2757,1,6.594,0.106,0.894,0.0,0.0,1.0,0.11,0.0,0.5,0.0,0.725,0.461,0.5,0.551,0.0,0.307,0.0,0,0,0.311,0.643,0.0,0.34,0.0,0.338,0.65,0.0,0.54,0.417,0.0,1.0,0.932
6588,2021.09.02 18:56:40,GBPCHFm,BREAKOUT,BUY,3,1.26585,1.26518,1.26967,5.73,0.32,1.2658,1.2661,1.26488,1,0.185,0.614,-0.1434,1.26079,1.26141,1.26327,1.25847,0,0.0,0.5,0,1.26507,0.723,0.265,0,0.0,0.0,0.0,1.25801,4.808,0,0,1,0.8,0.825,0.3309,0.825,0.77,2,0.643,0,0.508,1.2658,1.26635,0.143,0.503,0.0,2,0.25,0,0.643,0.168,0.503,0.335,0.319,0,1.26507,8,0.745,0.713,0.169,0.247,0.189,0.9,0.879,1.26983,1.25888,1.25906,6549.1083,9255.9259,2,1.2699,0.552,0.0,0.0,0.0,0.0,0,0.572,1,2,1538,0.767,0.546,0.42,27.0,27.0,0.1768,152.7,0.0,1,1,0.807,1.23714,1,0,0.276,1.2757,1,6.45,0.106,0.894,0.0,0.0,1.0,0.99,0.0,0.5,0.0,0.615,0.511,0.5,0.547,0.0,0.415,0.0,0,0,0.337,0.685,0.0,0.437,0.0,0.27,0.65,0.0,0.559,0.417,0.0,1.0,0.899
6589,2021.09.02 18:56:59,GBPCHFm,PULLBACK,BUY,3,1.26583,1.26518,1.27041,7.1,0.544,1.2658,1.2661,1.26488,1,0.185,0.614,-0.1565,1.26079,1.26141,1.26327,1.25847,0,0.0,0.5,0,1.26507,0.723,0.265,0,0.0,0.0,0.0,1.25801,4.808,0,0,1,0.8,0.825,0.3309,0.825,0.77,2,0.643,0,0.508,1.2658,1.26635,0.157,0.516,0.0,2,0.25,0,0.643,0.173,0.516,0.335,0.32,0,1.26507,8,0.745,0.687,0.169,0.247,0.189,0.9,0.879,1.26983,1.25888,1.25906,6549.1083,9255.9259,2,1.2699,0.552,0.0,0.0,0.0,0.0,0,0.572,1,2,1538,0.767,0.546,0.42,27.0,27.0,0.1768,152.7,0.0,1,1,0.807,1.23714,1,0,0.276,1.2757,1,6.463,0.106,0.894,0.0,0.0,1.0,0.98,0.0,0.5,0.0,0.615,0.522,0.5,0.547,0.0,0.377,0.0,0,0,0.328,0.685,0.0,0.437,0.0,0.27,0.65,0.0,0.558,0.417,0.0,1.0,0.981
6590,2021.09.02 18:57:00,GBPCHFm,TREND_CONTINUATION,BUY,3,1.26582,1.26399,1.26964,2.08,0.463,1.2658,1.2661,1.26488,1,0.185,0.614,-0.163,1.26079,1.26141,1.26327,1.25847,0,0.0,0.5,0,1.26507,0.723,0.265,0,0.0,0.0,0.0,1.25801,4.808,0,0,1,0.8,0.825,0.3309,0.825,0.77,2,0.643,0,0.508,1.2658,1.26635,0.163,0.523,0.0,2,0.25,0,0.643,0.175,0.523,0.335,0.32,0,1.26507,8,0.745,0.674,0.169,0.247,0.189,0.9,0.879,1.26983,1.25888,1.25906,6549.1083,9255.9259,2,1.2699,0.552,0.0,0.0,0.0,0.0,0,0.572,1,2,1538,0.767,0.546,0.42,27.0,27.0,0.1768,152.7,0.0,1,1,0.807,1.23714,1,0,0.276,1.2757,1,6.47,0.106,0.894,0.0,0.0,1.0,0.97,0.0,0.5,0.0,0.615,0.559,0.5,0.547,0.0,0.377,0.0,0,0,0.35,0.685,0.0,0.437,0.0,0.27,0.65,0.0,0.558,0.417,0.0,1.0,0.981
6594,2021.09.02 19:22:59,GBPCHFm,MEAN_REVERSION,BUY,3,1.26519,1.26394,1.26619,0.8,0.57,1.26592,1.26623,1.26501,0,0.038,0.351,-0.6431,1.26079,1.26141,1.26327,1.25847,0,0.0,0.5,0,1.26592,0.668,0.2,0,0.0,0.0,0.0,1.25801,4.968,0,0,1,0.8,0.825,0.2863,0.825,0.22,2,0.645,3,0.319,1.26537,1.26495,0.29,0.016,0.0,2,0.25,0,0.645,0.268,0.643,0.417,0.287,0,1.26592,8,0.734,0.419,0.334,0.247,0.088,0.739,0.804,1.26983,1.25888,1.25906,6549.1083,9255.9259,2,1.2699,0.552,0.0,0.0,0.0,0.0,0,0.572,1,2,1539,0.767,0.546,0.42,27.0,27.0,0.1735,155.6,0.0,1,1,0.807,1.23714,1,0,0.276,1.2757,1,6.753,0.106,0.894,0.0,0.0,1.0,0.01,0.0,0.5,0.0,1.0,0.244,0.5,0.571,0.0,0.283,0.0,0,0,0.439,0.62,0.0,0.723,0.0,0.336,0.65,0.0,0.537,0.5,0.0,1.0,0.888
6596,2021.09.02 19:40:20,GBPCHFm,SWEEP_REVERSAL,BUY,3,1.26475,1.26319,1.26619,0.93,0.172,1.26592,1.26623,1.26501,0,0.038,0.351,-0.9258,1.26079,1.26141,1.26327,1.25847,0,0.0,0.5,0,1.26592,0.668,0.2,0,0.0,0.0,0.0,1.25801,4.968,0,0,1,0.8,0.825,0.2863,0.825,0.344,2,0.645,3,0.319,1.26537,1.26415,0.573,0.211,0.0,2,0.25,0,0.645,0.369,0.926,0.398,0.299,0,1.26592,8,0.734,0.0,0.297,0.247,0.088,0.739,0.884,1.26983,1.25888,1.25906,6549.1083,9255.9259,2,1.2699,0.552,0.0,0.0,0.0,0.0,0,0.572,1,2,1539,0.767,0.546,0.42,27.0,27.0,0.1735,155.6,0.0,1,1,0.807,1.23714,1,0,0.276,1.2757,1,7.035,0.106,0.894,0.0,0.0,1.0,0.0,0.0,0.5,0.0,0.837,0.447,0.5,0.581,0.0,0.292,0.0,0,0,0.323,0.648,0.0,0.482,0.0,0.388,0.65,0.0,0.53,0.455,0.0,1.0,0.904
6598,2021.09.02 20:59:40,GBPCHFm,TREND_CONTINUATION,BUY,3,1.26421,1.26227,1.26629,1.07,0.587,1.26586,1.26625,1.26525,0,0.234,0.03,-1.2853,1.26079,1.26141,1.26327,1.25847,0,0.0,0.45,0,1.26586,0.8,0.51,0,0.0,0.0,0.0,1.25801,4.273,0,0,1,1.0,1.0,0.2189,1.0,0.091,0,0.693,2,0.132,1.26537,1.26437,0.978,0.365,0.0,2,0.15,0,0.693,1.555,3.563,0.436,0.439,1,1.26586,8,0.76,0.0,0.333,0.3,0.053,0.719,0.896,1.26868,1.25888,1.25906,7258.1121,709.0038,2,1.2699,0.551,0.0,0.0,0.0,0.0,0,0.435,1,2,1540,0.782,0.548,0.413,43.0,30.7,0.2654,162.0,0.0,1,1,0.807,1.23714,1,0,0.276,1.2757,1,7.093,0.095,0.905,0.0,0.0,1.0,0.0,0.0,0.5,0.0,1.0,0.357,0.5,0.63,0.0,0.301,0.0,0,0,0.395,0.436,0.0,0.713,0.0,0.347,0.452,0.0,0.52,0.455,0.0,1.0,0.904
0,2021.09.02 21:00:30,GBPCHFm,BREAKOUT,SELL,3,1.26397,1.2655,1.25801,3.91,0.57,1.26533,1.26614,1.2649,0,0.824,0.002,-0.8242,1.26077,1.26141,1.26327,1.25847,0,0.0,0.5,0,1.26583,0.739,0.624,0,0.0,0.0,1.26491,1.25801,3.614,0,0,1,1.0,0.825,0.1583,0.825,0.027,0,0.697,0,0.504,1.26539,1.26409,0.862,0.073,0.0,2,0.4,0,0.697,1.611,3.614,0.446,0.482,1,1.26533,1,0.7,0.0,0.452,0.247,0.241,0.933,0.956,1.26868,1.25888,1.25906,7258.1121,709.0038,2,1.2699,0.551,0.0,0.0,0.0,0.0,0,0.435,1,2,1541,0.782,0.548,0.413,158.0,33.6,0.9576,165.0,0.0,1,1,0.807,1.23714,1,0,0.276,1.2757,1,7.109,0.095,0.905,0.0,0.0,1.0,0.0,0.0,0.5,0.0,0.628,0.34,0.5,0.57,0.0,0.304,0.0,0,0,0.389,0.291,0.0,0.397,0.0,0.423,0.496,0.0,0.514,0.455,0.0,1.0,0.84
0,2021.09.02 21:00:59,GBPCHFm,ANCHORED_PULLBACK,SELL,3,1.26397,1.2654,1.26067,2.3,0.308,1.26533,1.26614,1.2649,0,0.824,0.002,-0.8242,1.26077,1.26141,1.26327,1.25847,0,0.0,0.5,0,1.26583,0.739,0.624,0,0.0,0.0,1.26491,1.25801,3.614,0,0,1,1.0,0.825,0.1583,0.825,0.027,0,0.697,0,0.504,1.26539,1.26409,0.862,0.073,0.0,2,0.4,0,0.697,1.611,3.614,0.446,0.482,1,1.26533,1,0.7,0.0,0.452,0.247,0.241,0.933,0.956,1.26868,1.25888,1.25906,7258.1121,709.0038,2,1.2699,0.551,0.0,0.0,0.0,0.0,0,0.435,1,2,1541,0.782,0.548,0.413,158.0,34.9,0.9576,165.0,0.0,1,1,0.807,1.23714,1,0,0.276,1.2757,1,7.109,0.095,0.905,0.0,0.0,1.0,0.0,0.0,0.5,0.0,0.628,0.34,0.5,0.57,0.0,0.304,0.0,0,0,0.389,0.291,0.0,0.397,0.0,0.423,0.496,0.0,0.514,0.455,0.0,1.0,0.84
0,2021.09.02 21:02:00,GBPCHFm,NAKED_POC,SELL,3,1.26363,1.26564,1.25801,2.8,0.43,1.26533,1.26614,1.2649,0,0.824,0.002,-1.0303,1.26077,1.26141,1.26327,1.25847,0,0.0,0.5,0,1.26583,0.739,0.624,0,0.0,0.0,1.26491,1.25801,3.614,0,0,1,1.0,0.825,0.1583,0.825,0.014,0,0.697,0,0.504,1.26539,1.26409,1.068,0.279,0.0,2,0.4,0,0.697,1.526,3.408,0.448,0.472,1,1.26533,1,0.7,0.0,0.456,0.247,0.241,0.933,0.956,1.26868,1.25888,1.25906,7258.1121,709.0038,2,1.2699,0.551,0.0,0.0,0.0,0.0,0,0.435,1,2,1541,0.782,0.548,0.413,205.0,38.0,1.2424,165.0,0.0,1,1,0.807,1.23714,1,0,0.276,1.2757,1,7.315,0.095,0.905,0.0,0.0,1.0,0.0,0.0,0.5,0.0,0.628,0.347,0.5,0.598,0.0,0.334,0.0,0,0,0.405,0.288,0.0,1.0,0.0,0.423,0.466,0.0,0.511,0.455,0.0,1.0,0.84
0,2021.09.02 21:23:00,GBPCHFm,MEAN_REVERSION,BUY,3,1.26704,1.26572,1.2684,1.03,0.649,1.26533,1.26614,1.2649,0,0.824,0.002,-0.8242,1.26077,1.26141,1.26327,1.25847,0,0.0,0.5,0,1.26583,0.739,0.624,0,0.0,0.0,1.26491,1.25801,3.614,0,0,1,1.0,0.825,0.1583,0.825,0.027,0,0.697,0,0.504,1.26539,1.26409,0.862,0.073,0.0,2,0.4,0,0.697,1.611,3.614,0.446,0.482,1,1.26533,1,0.7,0.0,0.452,0.247,0.241,0.933,0.956,1.26868,1.25888,1.25906,7258.1121,709.0038,2,1.2699,0.551,0.0,0.0,0.0,0.0,0,0.435,1,2,1541,0.782,0.548,0.413,307.0,282.6,1.8606,165.0,0.0,1,1,0.807,1.23714,1,0,0.276,1.2757,1,5.248,0.095,0.905,0.0,0.0,1.0,0.33,0.0,0.5,0.0,1.0,0.544,0.5,0.486,0.0,0.209,0.0,0,0,0.256,0.291,0.0,0.397,0.0,0.349,0.496,0.0,0.514,0.455,0.0,1.0,0.84
0,2021.09.02 21:40:40,GBPCHFm,SWEEP_REVERSAL,BUY,3,1.26655,1.2649,1.26814,0.96,0.299,1.26533,1.26614,1.2649,0,0.824,0.002,-0.9636,1.26077,1.26141,1.26327,1.25847,0,0.0,0.5,0,1.26583,0.739,0.624,0,0.0,0.0,1.26491,1.25801,3.614,0,0,1,1.0,0.825,0.1583,0.825,0.014,0,0.697,0,0.504,1.26539,1.26409,1.001,0.212,0.0,2,0.4,0,0.697,1.556,3.474,0.448,0.475,1,1.26533,1,0.7,0.0,0.456,0.247,0.241,0.933,0.956,1.26868,1.25888,1.25906,7258.1121,709.0038,2,1.2699,0.551,0.0,0.0,0.0,0.0,0,0.435,1,2,1541,0.782,0.548,0.413,281.0,305.8,1.703,165.0,0.0,1,1,0.807,1.23714,1,0,0.276,1.2757,1,5.545,0.095,0.905,0.0,0.0,1.0,0.91,0.0,0.5,0.0,0.851,0.439,0.5,0.444,0.0,0.2,0.0,0,0,0.25,0.288,0.0,0.931,0.0,0.298,0.475,0.0,0.511,0.455,0.0,1.0,0.84
0,2021.09.02 22:50:00,GBPCHFm,PULLBACK,BUY,1,1.26622,1.26557,1.26706,1.29,0.456,1.26535,1.26586,1.26454,0,0.538,0.191,-0.5207,1.26564,1.26141,1.26327,1.25847,0,0.0,0.45,2,1.26579,0.627,0.578,0,0.0,0.0,1.26402,1.25801,3.572,0,0,1,1.0,1.0,0.1073,1.0,0.192,0,0.676,2,0.084,1.26461,1.2633,0.065,0.755,0.0,2,0.15,0,0.676,0.334,0.794,0.421,0.263,0,1.26535,1,0.7,0.87,0.302,0.3,0.053,0.538,0.844,1.26868,1.25888,1.25906,7258.1121,709.0038,2,1.2699,0.551,0.0,0.0,0.0,0.0,0,0.435,1,2,1542,0.782,0.548,0.413,171.0,183.9,1.0635,160.8,0.0,1,1,0.807,1.23714,1,0,0.276,1.2757,1,5.896,0.095,0.905,0.0,0.0,1.0,0.99,0.0,0.5,0.0,1.0,0.557,0.5,0.588,0.0,0.598,0.0,0,0,0.45,0.42,0.0,0.38,0.0,0.481,0.65,0.0,0.52,0.455,0.0,1.0,0.84
6600,2021.09.02 23:00:00,GBPCHFm,TREND_CONTINUATION,BUY,1,1.26543,1.26354,1.26936,2.08,0.673,1.26471,1.26507,1.26364,0,0.104,1.101,0.2854,1.26564,1.26141,1.26327,1.25847,0,0.0,0.5,0,1.26471,0.698,0.432,0,0.0,0.0,1.26418,1.25801,4.55,0,0,1,0.723,0.5071,0.0103,0.507,0.282,2,0.455,0,0.706,1.265,1.26329,0.104,1.192,0.0677,0,0.25,2,0.625,0.665,1.192,0.558,0.405,1,1.26364,5,0.6,0.792,0.316,0.852,0.229,0.963,0.838,1.26868,1.25888,1.25906,7258.1121,709.0038,2,1.2699,0.551,0.0,0.0,0.0,0.0,0,0.435,1,2,1543,0.782,0.548,0.413,27.0,174.4,0.1717,157.2,0.0,1,1,0.807,1.23714,1,0,0.276,1.2757,1,6.532,0.095,0.905,0.0,0.0,1.0,0.99,0.0,0.5,0.0,1.0,0.573,0.5,0.577,0.0,0.591,0.0,0,0,0.453,0.662,0.0,0.529,0.0,0.711,0.65,0.0,0.471,0.417,0.0,1.0,1.054
6602,2021.09.02 23:00:40,GBPCHFm,BREAKOUT,BUY,1,1.26525,1.26289,1.26918,1.67,0.313,1.26471,1.26507,1.26364,1,0.104,1.101,0.1709,1.26564,1.26141,1.26327,1.25847,0,0.0,0.5,0,1.26471,0.698,0.432,0,0.0,0.0,1.26418,1.25801,4.55,0,0,1,0.723,0.5071,0.0103,0.507,0.985,0,0.698,0,0.706,1.265,1.26329,0.01,1.077,0.0,2,0.25,0,0.698,0.326,1.077,0.302,0.384,1,1.26364,5,0.6,0.979,0.104,0.152,0.229,0.963,0.838,1.26868,1.25888,1.25906,7258.1121,709.0038,2,1.2699,0.551,0.0,0.0,0.0,0.0,0,0.435,1,2,1543,0.782,0.548,0.413,27.0,169.7,0.1717,157.2,0.0,1,1,0.807,1.23714,1,0,0.276,1.2757,1,6.647,0.095,0.905,0.0,0.0,1.0,0.96,0.0,0.5,0.0,1.0,0.508,0.5,0.577,0.0,0.591,0.0,0,0,0.414,0.72,0.0,0.581,0.0,0.423,0.65,0.0,0.545,0.5,0.0,1.0,1.018
6603,2021.09.02 23:00:59,GBPCHFm,ANCHORED_PULLBACK,BUY,1,1.26538,1.26371,1.26825,1.72,0.24,1.26471,1.26507,1.26364,0,0.104,1.101,0.2536,1.26564,1.26141,1.26327,1.25847,0,0.0,0.5,0,1.26471,0.698,0.432,0,0.0,0.0,1.26418,1.25801,4.55,0,0,1,0.723,0.5071,0.0103,0.507,0.282,0,0.698,0,0.706,1.265,1.26329,0.072,1.16,0.0,2,0.25,0,0.698,0.473,1.16,0.408,0.401,1,1.26364,5,0.6,0.855,0.316,0.152,0.229,0.963,0.838,1.26868,1.25888,1.25906,7258.1121,709.0038,2,1.2699,0.551,0.0,0.0,0.0,0.0,0,0.435,1,2,1543,0.782,0.548,0.413,27.0,168.1,0.1717,157.2,0.0,1,1,0.807,1.23714,1,0,0.276,1.2757,1,6.564,0.095,0.905,0.0,0.0,1.0,0.96,0.0,0.5,0.0,1.0,0.477,0.5,0.577,0.0,0.591,0.0,0,0,0.423,0.691,0.0,0.546,0.0,0.465,0.706,0.0,0.531,0.5,0.0,1.0,1.011
6606,2021.09.02 23:24:30,GBPCHFm,MEAN_REVERSION,SELL,1,1.26513,1.26639,1.26364,1.18,0.654,1.26471,1.26507,1.26364,0,0.104,1.101,0.2664,1.26564,1.26141,1.26327,1.25847,0,0.0,0.5,0,1.26471,0.698,0.432,0,0.0,0.0,1.26418,1.25801,4.55,0,0,1,0.723,0.5071,0.0103,0.507,0.282,0,0.698,0,0.706,1.265,1.26329,0.085,1.173,0.0,2,0.25,0,0.698,0.478,1.173,0.408,0.401,1,1.26364,5,0.6,0.83,0.316,0.152,0.229,0.963,0.838,1.26868,1.25888,1.25906,7258.1121,709.0038,2,1.2699,0.551,0.0,0.0,0.0,0.0,0,0.435,1,2,1543,0.782,0.548,0.413,27.0,63.0,0.1717,157.2,0.0,1,1,0.807,1.23714,1,0,0.276,1.2757,1,6.723,0.095,0.905,0.0,0.0,1.0,0.9,0.0,0.5,0.0,1.0,0.37,0.5,0.587,0.0,0.436,0.0,0,0,0.428,0.691,0.0,0.546,0.0,0.465,0.707,0.0,0.531,0.5,0.0,1.0,1.011
6607,2021.09.02 23:34:30,GBPCHFm,BREAKOUT_RETEST,BUY,1,1.26524,1.26477,1.26605,1.72,0.45,1.26471,1.26507,1.26364,1,0.104,1.101,0.1646,1.26564,1.26141,1.26327,1.25847,0,0.0,0.5,0,1.26471,0.698,0.432,0,0.0,0.0,1.26418,1.25801,4.55,0,0,1,0.723,0.5071,0.0103,0.507,0.985,0,0.698,0,0.706,1.265,1.26329,0.017,1.071,0.0,2,0.25,0,0.698,0.324,1.071,0.302,0.383,1,1.26364,5,0.6,0.967,0.104,0.152,0.229,0.963,0.838,1.26868,1.25888,1.25906,7258.1121,709.0038,2,1.2699,0.551,0.0,0.0,0.0,0.0,0,0.435,1,2,1543,0.782,0.548,0.413,27.0,27.0,0.1717,157.2,0.0,1,1,0.807,1.23714,1,0,0.276,1.2757,1,6.653,0.095,0.905,0.0,0.0,1.0,0.0,0.0,0.5,0.0,1.0,0.414,0.5,0.596,0.0,0.302,0.0,0,0,0.351,0.72,0.0,0.581,0.0,0.423,0.65,0.0,0.545,0.5,0.0,1.0,1.009
6609,2021.09.02 23:53:59,GBPCHFm,SWEEP_REVERSAL,SELL,1,1.26508,1.26665,1.26364,0.91,0.232,1.26471,1.26507,1.26364,0,0.104,1.101,0.2346,1.26564,1.26141,1.26327,1.25847,0,0.0,0.5,0,1.26471,0.698,0.432,0,0.0,0.0,1.26418,1.25801,4.55,0,0,1,0.723,0.5071,0.0103,0.507,0.282,0,0.698,0,0.706,1.265,1.26329,0.053,1.141,0.0,2,0.25,0,0.698,0.465,1.141,0.408,0.4,1,1.26364,5,0.6,0.893,0.316,0.152,0.229,0.963,0.838,1.26868,1.25888,1.25906,7258.1121,709.0038,2,1.2699,0.551,0.0,0.0,0.0,0.0,0,0.435,1,2,1543,0.782,0.548,0.413,27.0,27.0,0.1717,157.2,0.0,1,1,0.807,1.23714,1,0,0.276,1.2757,1,6.755,0.095,0.905,0.0,0.0,1.0,0.73,0.0,0.5,0.0,1.0,0.396,0.5,0.581,0.0,0.099,0.0,0,0,0.276,0.691,0.0,0.546,0.0,0.465,0.704,0.0,0.524,0.5,0.0,1.0,0.974
6610,2021.09.03 01:00:00,GBPCHFm,PULLBACK,BUY,1,1.26552,1.26343,1.26969,2.0,0.736,1.265,1.2656,1.264,1,0.108,1.332,0.1803,1.26569,1.26141,1.26381,1.25847,0,0.0,0.6,0,1.2654,0.63,0.0,1,0.0,0.0,0.0,1.25801,5.208,0,0,1,0.75,-0.545,-0.0959,0.545,0.432,0,0.727,3,0.41,1.2654,1.26473,0.108,0.372,0.3915,0,0.25,2,1.0,0.199,0.372,0.535,0.406,1,1.264,5,0.6,0.785,0.27,0.863,0.088,0.955,0.957,1.26953,1.25888,1.25906,7044.0882,-214.0239,1,1.26882,0.543,0.0,0.0,0.0,0.0,0,0.459,1,2,1545,0.782,0.548,0.413,27.0,27.0,0.1941,139.1,0.0,1,1,0.807,1.23714,1,0,0.276,1.2757,1,7.32,0.119,0.881,0.0,1.0,1.0,0.04,0.0,0.5,0.0,0.435,0.452,0.5,0.785,0.0,0.931,0.0,0,0,0.636,0.738,0.0,0.661,0.0,0.787,0.65,0.0,0.481,0.5,0.0,1.0,0.868
6611,2021.09.03 01:00:40,GBPCHFm,TREND_CONTINUATION,SELL,1,1.26509,1.26676,1.2634,1.01,0.431,1.265,1.2656,1.264,1,0.108,1.332,0.0653,1.26569,1.26141,1.26381,1.25847,0,0.0,0.6,0,1.2654,0.63,0.0,1,0.0,0.0,0.0,1.25801,5.208,0,0,1,0.75,-0.545,-0.0959,0.545,0.668,0,0.733,3,0.41,1.265,1.26473,0.065,0.257,0.0,2,0.25,4,0.62,0.675,1.5,0.45,0.372,1,1.2656,4,0.6,0.869,0.2,0.164,0.088,1.0,0.957,1.26953,1.25888,1.25906,7044.0882,-214.0239,1,1.26882,0.543,0.0,0.0,0.0,0.0,0,0.459,1,2,1545,0.782,0.548,0.413,27.0,27.0,0.1941,139.1,0.0,1,1,0.807,1.23714,1,0,0.276,1.2757,1,7.629,0.119,0.881,0.0,1.0,1.0,0.0,0.0,0.5,0.0,0.397,0.426,0.5,0.785,0.0,0.931,0.0,0,0,0.652,0.696,0.0,0.459,0.0,0.41,0.65,0.0,0.531,0.5,0.0,1.0,0.732
6612,2021.09.03 01:09:40,GBPCHFm,BREAKOUT,SELL,1,1.26455,1.26514,1.2634,1.96,0.351,1.265,1.2656,1.264,1,0.108,1.332,-0.323,1.26569,1.26141,1.26381,1.25847,0,0.0,0.6,0,1.2654,0.63,0.0,1,0.0,0.0,0.0,1.25801,5.208,0,0,1,0.75,-0.545,-0.0959,0.545,0.125,0,0.733,3,0.41,1.2642,1.26473,0.253,0.131,0.0,2,0.25,4,0.62,0.325,0.611,0.531,0.306,0,1.265,1,0.7,0.494,0.362,0.164,0.088,0.793,0.957,1.26953,1.25888,1.25906,7044.0882,-214.0239,1,1.26882,0.543,0.0,0.0,0.0,0.0,0,0.459,1,2,1545,0.782,0.548,0.413,27.0,27.0,0.1941,139.1,0.0,1,1,0.807,1.23714,1,0,0.276,1.2757,1,8.017,0.119,0.881,0.0,1.0,1.0,0.0,0.0,0.5,0.0,0.276,0.288,0.5,0.466,0.0,0.777,0.0,0,0,0.578,0.516,0.0,0.314,0.0,0.088,0.65,0.0,0.501,0.455,0.0,1.0,0.782
6613,2021.09.03 01:24:30,GBPCHFm,MEAN_REVERSION,BUY,1,1.26465,1.26413,1.26527,1.19,0.637,1.265,1.2656,1.264,1,0.108,1.332,-0.4453,1.26569,1.26141,1.26381,1.25847,0,0.0,0.6,0,1.2654,0.63,0.0,1,0.0,0.0,0.0,1.25801,5.208,0,0,1,0.75,-0.545,-0.0959,0.545,0.408,0,0.733,3,0.41,1.2642,1.26473,0.131,0.253,0.0,2,0.25,4,0.62,0.358,0.733,0.489,0.31,0,1.265,1,0.7,0.739,0.278,0.164,0.088,0.793,0.957,1.26953,1.25888,1.25906,7044.0882,-214.0239,1,1.26882,0.543,0.0,0.0,0.0,0.0,0,0.459,1,2,1545,0.782,0.548,0.413,27.0,27.0,0.1941,139.1,0.0,1,1,0.807,1.23714,1,0,0.276,1.2757,1,7.946,0.119,0.881,0.0,1.0,1.0,0.14,0.0,0.5,0.0,0.288,0.427,0.5,0.724,0.0,0.835,0.0,0,0,0.595,0.565,0.0,0.314,0.0,0.219,0.65,0.0,0.496,0.455,0.0,1.0,0.782
6615,2021.09.03 01:39:40,GBPCHFm,BREAKOUT_RETEST,BUY,1,1.26527,1.26485,1.26587,1.44,0.458,1.265,1.2656,1.264,1,0.108,1.332,0.0005,1.26569,1.26141,1.26381,1.25847,0,0.0,0.6,0,1.2654,0.63,0.0,1,0.0,0.0,0.0,1.25801,5.208,0,0,1,0.75,-0.545,-0.0959,0.545,1.0,0,0.733,3,0.41,1.265,1.26473,0.001,0.193,0.0,2,0.25,4,0.62,0.6,1.5,0.4,0.364,1,1.2656,4,0.6,0.999,0.1,0.164,0.088,1.0,0.957,1.26953,1.25888,1.25906,7044.0882,-214.0239,1,1.26882,0.543,0.0,0.0,0.0,0.0,0,0.459,1,2,1545,0.782,0.548,0.413,27.0,27.0,0.1941,139.1,0.0,1,1,0.807,1.23714,1,0,0.276,1.2757,1,7.5,0.119,0.881,0.0,1.0,1.0,0.99,0.0,0.5,0.0,0.292,0.584,0.5,0.65,0.0,0.935,0.0,0,0,0.619,0.753,0.0,0.459,0.0,0.241,0.65,0.0,0.531,0.455,0.0,1.0,0.752
0,2021.09.03 03:00:00,GBPCHFm,ANCHORED_PULLBACK,BUY,1,1.26519,1.26513,1.26567,7.97,0.364,1.26444,1.26518,1.26433,1,0.169,0.304,0.4051,1.26569,1.26141,1.26381,1.25847,0,0.0,0.6,2,1.26444,0.731,0.098,0,0.0,0.0,1.2645,1.25801,5.795,0,0,1,0.6,-0.79,-0.0764,0.79,0.315,2,0.595,3,0.573,1.26472,1.26493,0.169,0.009,0.0,2,0.0,0,0.595,0.163,0.405,0.403,0.337,0,1.26444,8,0.746,0.663,0.205,0.237,0.0,0.782,0.659,1.26953,1.25888,1.25906,7044.0882,-214.0239,1,1.26882,0.543,0.0,0.0,0.0,0.0,0,0.459,1,2,1547,0.782,0.548,0.413,27.0,27.0,0.2263,119.3,0.0,1,1,0.807,1.23714,1,0,0.276,1.2757,0,8.811,0.119,0.881,0.0,1.0,0.5,0.98,0.0,0.5,0.0,0.448,0.486,0.5,0.705,0.0,0.427,0.0,0,0,0.391,0.631,0.0,0.808,0.0,0.304,0.7,0.0,0.585,0.5,0.0,1.0,0.746
6622,2021.09.03 03:00:40,GBPCHFm,PULLBACK,SELL,1,1.26464,1.26643,1.26106,2.0,0.498,1.26444,1.26518,1.26433,1,0.169,0.304,0.1704,1.26569,1.26141,1.26381,1.25847,0,0.0,0.6,2,1.26444,0.731,0.098,0,0.0,0.0,1.2645,1.25801,5.795,0,0,1,0.6,-0.79,-0.0764,0.79,0.394,2,0.595,3,0.573,1.26472,1.26493,0.066,0.243,0.0,2,0.0,0,0.595,0.586,1.5,0.391,0.387,1,1.26518,4,0.6,0.868,0.182,0.237,0.0,0.782,0.659,1.26953,1.25888,1.25906,7044.0882,-214.0239,1,1.26882,0.543,0.0,0.0,0.0,0.0,0,0.459,1,2,1547,0.782,0.548,0.413,27.0,27.0,0.2263,119.3,0.0,1,1,0.807,1.23714,1,0,0.276,1.2757,0,9.272,0.119,0.881,0.0,1.0,0.5,0.87,0.0,0.5,0.0,0.493,0.45,0.5,0.705,0.0,0.462,0.0,0,0,0.426,0.718,0.0,0.713,0.0,0.279,0.65,0.0,0.555,0.455,0.0,1.0,0.739
6623,2021.09.03 03:00:59,GBPCHFm,TREND_CONTINUATION,SELL,1,1.26464,1.26607,1.26166,2.08,0.409,1.26444,1.26518,1.26433,1,0.169,0.304,0.1704,1.26569,1.26141,1.26381,1.25847,0,0.0,0.6,2,1.26444,0.731,0.098,0,0.0,0.0,1.2645,1.25801,5.795,0,0,1,0.6,-0.79,-0.0764,0.79,0.394,2,0.595,3,0.573,1.26472,1.26493,0.066,0.243,0.0,2,0.0,0,0.595,0.586,1.5,0.391,0.387,1,1.26518,4,0.6,0.868,0.182,0.237,0.0,0.782,0.659,1.26953,1.25888,1.25906,7044.0882,-214.0239,1,1.26882,0.543,0.0,0.0,0.0,0.0,0,0.459,1,2,1547,0.782,0.548,0.413,27.0,27.0,0.2263,119.3,0.0,1,1,0.807,1.23714,1,0,0.276,1.2757,0,9.272,0.119,0.881,0.0,1.0,0.5,0.86,0.0,0.5,0.0,0.493,0.439,0.5,0.705,0.0,0.462,0.0,0,0,0.433,0.718,0.0,0.713,0.0,0.279,0.65,0.0,0.555,0.455,0.0,1.0,0.739
6624,2021.09.03 03:09:40,GBPCHFm,BREAKOUT,SELL,1,1.26456,1.26635,1.26158,1.67,0.328,1.26444,1.26518,1.26433,1,0.169,0.304,0.1033,1.26569,1.26141,1.26381,1.25847,0,0.0,0.6,2,1.26444,0.731,0.098,0,0.0,0.0,1.2645,1.25801,5.795,0,0,1,0.6,-0.79,-0.0764,0.79,0.726,2,0.595,3,0.573,1.26451,1.26426,0.044,0.251,0.0,2,0.0,0,0.595,0.512,1.5,0.341,0.393,1,1.26518,4,0.6,0.912,0.082,0.237,0.0,0.901,0.807,1.26953,1.25888,1.25906,7044.0882,-214.0239,1,1.26882,0.543,0.0,0.0,0.0,0.0,0,0.459,1,2,1547,0.782,0.548,0.413,27.0,27.0,0.2263,119.3,0.0,1,1,0.807,1.23714,1,0,0.276,1.2757,0,9.339,0.119,0.881,0.0,1.0,0.5,0.29,0.0,0.5,0.0,0.419,0.519,0.5,0.65,0.0,0.429,0.0,0,0,0.378,0.732,0.0,0.556,0.0,0.279,0.65,0.0,0.579,0.455,0.0,1.0,0.708
6625,2021.09.03 03:31:40,GBPCHFm,MEAN_REVERSION,BUY,1,1.2646,1.26365,1.26545,0.89,0.588,1.26444,1.26518,1.26433,0,0.169,0.304,-0.0895,1.26569,1.26141,1.26381,1.25847,0,0.0,0.6,2,1.26444,0.731,0.098,0,0.0,0.0,1.2645,1.25801,5.795,0,0,1,0.6,-0.79,-0.0764,0.79,0.302,2,0.595,3,0.573,1.26451,1.26426,0.149,0.058,0.0,2,0.0,0,0.595,0.607,1.5,0.405,0.404,1,1.26518,4,0.6,0.703,0.209,0.237,0.0,0.901,0.807,1.26953,1.25888,1.25906,7044.0882,-214.0239,1,1.26882,0.543,0.0,0.0,0.0,0.0,0,0.459,1,2,1547,0.782,0.548,0.413,27.0,27.0,0.2263,119.3,0.0,1,1,0.807,1.23714,1,0,0.276,1.2757,0,9.305,0.119,0.881,0.0,1.0,0.5,0.0,0.0,0.5,0.0,1.0,0.253,0.5,0.572,0.0,0.384,0.0,0,0,0.473,0.847,0.0,0.95,0.0,0.301,0.461,0.0,0.566,0.455,0.0,1.0,0.818
6627,2021.09.03 03:41:40,GBPCHFm,BREAKOUT_RETEST,SELL,1,1.26438,1.26474,1.26391,1.32,0.429,1.26444,1.26518,1.26433,1,0.169,0.304,-0.0476,1.26569,1.26141,1.26381,1.25847,0,0.0,0.6,2,1.26444,0.731,0.098,0,0.0,0.0,1.2645,1.25801,5.795,0,0,1,0.6,-0.79,-0.0764,0.79,0.77,2,0.595,3,0.573,1.26451,1.26426,0.107,0.1,0.0,2,0.0,0,0.595,0.502,1.5,0.334,0.392,1,1.26518,4,0.6,0.787,0.069,0.237,0.0,0.901,0.807,1.26953,1.25888,1.25906,7044.0882,-214.0239,1,1.26882,0.543,0.0,0.0,0.0,0.0,0,0.459,1,2,1547,0.782,0.548,0.413,27.0,27.0,0.2263,119.3,0.0,1,1,0.807,1.23714,1,0,0.276,1.2757,0,9.49,0.119,0.881,0.0,1.0,0.5,0.29,0.0,0.5,0.0,1.0,0.32,0.5,0.565,0.0,0.416,0.0,0,0,0.444,0.878,0.0,0.855,0.0,0.272,0.461,0.0,0.577,0.455,0.0,1.0,0.708
6629,2021.09.03 05:00:40,GBPCHFm,PULLBACK,SELL,1,1.26463,1.26605,1.26178,2.0,0.429,1.26471,1.26479,1.26439,1,0.027,0.274,-0.0817,1.26445,1.26141,1.26381,1.25847,0,0.0,0.35,0,1.26471,0.787,0.8,0,0.0,0.0,0.0,1.25801,7.15,0,0,1,0.519,-0.5041,-0.0274,0.504,0.656,0,0.721,1,0.536,1.26457,1.26516,0.069,0.562,0.0,2,0.4,0,0.721,0.198,0.562,0.352,0.312,0,0.0,0,0.0,0.863,0.263,0.151,0.14,0.812,0.959,1.27607,1.25888,1.25906,7338.2046,294.1164,2,1.26922,0.507,0.0,0.0,0.0,0.0,0,0.32,1,2,1549,0.782,0.548,0.413,27.0,27.0,0.2846,94.9,0.0,1,1,0.807,1.23714,1,0,0.276,1.2757,0,11.67,0.168,0.832,0.0,0.0,0.5,0.37,0.0,0.5,0.0,0.9,0.621,0.5,0.56,0.0,0.186,0.0,0,0,0.315,0.811,0.0,0.768,0.0,0.164,0.65,0.0,0.62,0.455,0.0,1.0,0.691
6630,2021.09.03 05:00:59,GBPCHFm,TREND_CONTINUATION,SELL,1,1.26463,1.26577,1.26226,2.08,0.328,1.26471,1.26479,1.26439,1,0.027,0.274,-0.0817,1.26445,1.26141,1.26381,1.25847,0,0.0,0.35,0,1.26471,0.787,0.8,0,0.0,0.0,0.0,1.25801,7.15,0,0,1,0.519,-0.5041,-0.0274,0.504,0.656,0,0.721,1,0.536,1.26457,1.26516,0.069,0.562,0.0,2,0.4,0,0.721,0.198,0.562,0.352,0.312,0,0.0,0,0.0,0.863,0.263,0.151,0.14,0.812,0.959,1.27607,1.25888,1.25906,7338.2046,294.1164,2,1.26922,0.507,0.0,0.0,0.0,0.0,0,0.32,1,2,1549,0.782,0.548,0.413,27.0,27.0,0.2846,94.9,0.0,1,1,0.807,1.23714,1,0,0.276,1.2757,0,11.67,0.168,0.832,0.0,0.0,0.5,0.36,0.0,0.5,0.0,0.9,0.602,0.5,0.56,0.0,0.186,0.0,0,0,0.303,0.811,0.0,0.768,0.0,0.164,0.65,0.0,0.62,0.455,0.0,1.0,0.691
6631,2021.09.03 05:09:40,GBPCHFm,BREAKOUT,SELL,1,1.2646,1.26602,1.26223,1.67,0.284,1.26471,1.26479,1.26439,1,0.027,0.274,-0.1133,1.26445,1.26141,1.26381,1.25847,0,0.0,0.35,0,1.26471,0.787,0.8,0,0.0,0.0,0.0,1.25801,7.15,0,0,1,0.519,-0.5041,-0.0274,0.504,0.786,0,0.721,1,0.536,1.26457,1.26516,0.037,0.594,0.0,2,0.4,0,0.721,0.197,0.594,0.332,0.312,0,0.0,0,0.0,0.926,0.224,0.151,0.14,0.812,0.959,1.27607,1.25888,1.25906,7338.2046,294.1164,2,1.26922,0.507,0.0,0.0,0.0,0.0,0,0.32,1,2,1549,0.782,0.548,0.413,27.0,27.0,0.2846,94.9,0.0,1,1,0.807,1.23714,1,0,0.276,1.2757,0,11.702,0.168,0.832,0.0,0.0,0.5,0.49,0.0,0.5,0.0,0.826,0.72,0.5,0.532,0.0,0.19,0.0,0,0,0.367,0.813,0.0,0.768,0.0,0.164,0.65,0.0,0.62,0.455,0.0,1.0,0.691
6632,2021.09.03 05:42:00,GBPCHFm,BREAKOUT_RETEST,SELL,1,1.26467,1.26495,1.26419,1.67,0.35,1.26471,1.26479,1.26439,1,0.027,0.274,-0.0395,1.26445,1.26141,1.26381,1.25847,0,0.0,0.35,0,1.26471,0.787,0.8,0,0.0,0.0,0.0,1.25801,7.15,0,0,1,0.519,-0.5041,-0.0274,0.504,0.656,0,0.721,1,0.536,1.26474,1.26516,0.07,0.52,0.0,2,0.4,0,0.721,0.183,0.52,0.352,0.322,0,0.0,0,0.0,0.861,0.263,0.151,0.14,0.91,0.959,1.27607,1.25888,1.25906,7338.2046,294.1164,2,1.26922,0.507,0.0,0.0,0.0,0.0,0,0.32,1,2,1549,0.782,0.548,0.413,27.0,27.0,0.2846,94.9,0.0,1,1,0.807,1.23714,1,0,0.276,1.2757,0,11.628,0.168,0.832,0.0,0.0,0.5,0.68,0.0,0.5,0.0,0.755,0.6,0.5,0.631,0.0,0.399,0.0,0,0,0.409,0.811,0.0,0.904,0.0,0.221,0.65,0.0,0.62,0.455,0.0,1.0,0.691
6634,2021.09.03 06:47:00,GBPCHFm,MEAN_REVERSION,BUY,1,1.2644,1.26375,1.26494,0.83,0.715,1.26467,1.26478,1.26448,0,0.076,0.132,-0.6626,1.26445,1.26087,1.26381,1.25794,0,0.0,0.45,0,1.26467,0.765,0.708,0,0.0,0.0,0.0,1.25801,8.359,0,0,1,0.287,0.4261,0.0176,0.426,0.048,0,0.828,0,0.639,1.26456,1.26431,0.538,0.227,0.0,2,0.15,0,0.828,0.293,0.663,0.443,0.407,1,1.26467,8,0.753,0.0,0.346,0.128,0.18,0.868,0.917,1.27607,1.25888,1.25906,7338.2046,294.1164,2,1.26922,0.507,0.0,0.0,0.0,0.0,0,0.32,1,2,1550,0.781,0.545,0.413,27.0,27.0,0.3342,80.8,0.0,1,1,0.807,1.23714,1,0,0.276,1.2757,0,13.988,0.168,0.832,0.0,0.0,0.5,0.0,0.0,0.5,0.0,0.448,0.268,0.5,0.565,0.0,0.668,0.0,0,0,0.576,0.601,0.0,0.491,0.0,0.21,0.65,0.0,0.62,0.455,0.0,1.0,0.86
6635,2021.09.03 06:49:40,GBPCHFm,SWEEP_REVERSAL,BUY,1,1.26421,1.2634,1.26494,0.9,0.195,1.26467,1.26478,1.26448,0,0.076,0.132,-0.8977,1.26445,1.26087,1.26381,1.25794,0,0.0,0.45,0,1.26467,0.765,0.708,0,0.0,0.0,0.0,1.25801,8.359,0,0,1,0.287,0.4261,0.0176,0.426,0.048,0,0.828,0,0.639,1.26456,1.26431,0.773,0.462,0.0,2,0.15,0,0.828,0.398,0.898,0.443,0.419,1,1.26467,8,0.753,0.0,0.346,0.128,0.18,0.868,0.917,1.27607,1.25888,1.25906,7338.2046,294.1164,2,1.26922,0.507,0.0,0.0,0.0,0.0,0,0.32,1,2,1550,0.781,0.545,0.413,27.0,27.0,0.3342,80.8,0.0,1,1,0.807,1.23714,1,0,0.276,1.2757,0,14.223,0.168,0.832,0.0,0.0,0.5,0.0,0.0,0.5,0.0,0.448,0.253,0.5,0.565,0.0,0.735,0.0,0,0,0.611,0.601,0.0,0.43,0.0,0.21,0.476,0.0,0.62,0.455,0.0,1.0,0.86
0,2021.09.03 07:00:00,GBPCHFm,ANCHORED_PULLBACK,SELL,1,1.26403,1.26405,1.26367,20.09,0.449,1.26466,1.26481,1.2644,0,0.547,0.132,-0.7542,1.26491,1.26087,1.26434,1.25847,1,0.0,0.35,0,1.26466,0.692,0.466,0,0.0,0.0,1.26443,1.25801,7.176,0,0,0,0.326,0.2624,0.0147,0.262,0.196,0,0.834,2,0.245,1.26458,1.26391,0.651,0.144,0.1245,0,0.4,2,0.729,0.43,0.754,0.571,0.3,0,1.26466,8,0.738,0.0,0.401,0.779,0.14,0.779,0.987,1.27607,1.25888,1.25906,7338.2046,294.1164,2,1.26922,0.507,0.0,0.0,0.0,0.0,0,0.32,1,2,1551,0.781,0.545,0.413,27.0,27.0,0.3217,83.9,0.0,1,1,0.807,1.23714,1,0,0.276,1.2757,0,13.905,0.168,0.832,0.0,0.0,0.5,0.3,0.0,0.5,0.0,0.299,0.321,0.5,0.419,0.0,0.759,0.0,0,0,0.537,0.683,0.0,0.534,0.0,0.484,0.465,0.0,0.532,0.455,0.0,1.0,0.786
6637,2021.09.03 07:01:00,GBPCHFm,TREND_CONTINUATION,BUY,1,1.26391,1.2629,1.26493,1.02,0.244,1.26466,1.26481,1.2644,0,0.547,0.132,-1.2189,1.26491,1.26087,1.26434,1.25847,1,0.0,0.35,0,1.26466,0.692,0.466,0,0.0,0.0,1.26443,1.25801,7.176,0,0,0,0.326,0.2624,0.0147,0.262,0.012,0,0.836,2,0.245,1.26458,1.26391,1.115,0.321,0.0,2,0.4,0,0.836,0.546,1.219,0.448,0.341,0,1.26466,8,0.738,0.0,0.456,0.079,0.14,0.779,0.987,1.27607,1.25888,1.25906,7338.2046,294.1164,2,1.26922,0.507,0.0,0.0,0.0,0.0,0,0.32,1,2,1551,0.781,0.545,0.413,27.0,27.0,0.3217,83.9,0.0,1,1,0.807,1.23714,1,0,0.276,1.2757,0,14.048,0.168,0.832,0.0,0.0,0.5,0.0,0.0,0.5,0.397,0.374,0.284,0.5,0.476,0.0,0.599,0.0,0,0,0.512,0.526,0.0,0.707,0.0,0.258,0.384,0.0,0.62,0.455,0.0,1.0,0.748
6638,2021.09.03 07:09:40,GBPCHFm,BREAKOUT,SELL,1,1.26362,1.26457,1.26152,2.2,0.283,1.26466,1.26481,1.2644,0,0.547,0.132,-1.2427,1.26491,1.26087,1.26434,1.25847,1,0.0,0.35,0,1.26466,0.692,0.466,0,0.0,0.0,1.26443,1.25801,7.176,0,0,0,0.326,0.2624,0.0147,0.262,0.012,0,0.836,2,0.245,1.26458,1.26391,1.139,0.344,0.0,2,0.4,0,0.836,0.557,1.243,0.448,0.342,0,1.26466,8,0.738,0.0,0.456,0.079,0.14,0.779,0.987,1.27607,1.25888,1.25906,7338.2046,294.1164,2,1.26922,0.507,0.0,0.0,0.0,0.0,0,0.32,1,2,1551,0.781,0.545,0.413,27.0,27.0,0.3217,83.9,0.0,1,1,0.807,1.23714,1,0,0.276,1.2757,0,14.393,0.168,0.832,0.0,0.0,0.5,0.3,0.0,0.5,0.0,0.374,0.518,0.5,0.676,0.0,0.737,0.0,0,0,0.508,0.526,0.0,0.707,0.0,0.311,0.38,0.0,0.62,0.455,0.0,1.0,0.748
6647,2021.09.03 07:18:40,GBPCHFm,PULLBACK,BUY,1,1.26359,1.26233,1.26493,1.07,0.212,1.26466,1.26481,1.2644,0,0.547,0.132,-1.6002,1.26491,1.26087,1.26434,1.25847,1,0.0,0.35,0,1.26466,0.692,0.466,0,0.0,0.0,1.26443,1.25801,7.176,0,0,0,0.326,0.2624,0.0147,0.262,0.012,0,0.836,2,0.245,1.26458,1.26391,1.497,0.702,0.0,2,0.4,0,0.836,0.717,1.6,0.448,0.361,1,1.26466,8,0.738,0.0,0.456,0.079,0.14,0.779,0.987,1.27607,1.25888,1.25906,7338.2046,294.1164,2,1.26922,0.507,0.0,0.0,0.0,0.0,0,0.32,1,2,1551,0.781,0.545,0.413,27.0,27.0,0.3217,83.9,0.0,1,1,0.807,1.23714,1,0,0.276,1.2757,0,14.429,0.168,0.832,0.0,0.0,0.5,0.0,0.0,0.5,0.0,0.374,0.562,0.5,0.666,0.0,0.765,0.0,0,0,0.543,0.526,0.0,0.707,0.0,0.336,0.366,0.0,0.624,0.455,0.0,1.0,0.748
0,2021.09.03 07:55:40,GBPCHFm,BREAKOUT_RETEST,BUY,1,1.26473,1.26448,1.26508,1.38,0.241,1.26466,1.26481,1.2644,1,0.547,0.132,-0.2419,1.26491,1.26087,1.26434,1.25847,0,0.0,0.35,0,1.26466,0.692,0.466,0,0.0,0.0,1.26443,1.25801,7.176,0,0,0,0.326,0.2624,0.0147,0.262,0.377,0,0.836,2,0.245,1.26458,1.2642,0.138,0.311,0.0,2,0.4,0,0.836,0.122,0.311,0.393,0.291,0,1.26481,4,0.6,0.724,0.347,0.079,0.14,0.779,0.949,1.27607,1.25888,1.25906,7338.2046,294.1164,2,1.26922,0.507,0.0,0.0,0.0,0.0,0,0.32,1,2,1551,0.781,0.545,0.413,27.0,27.0,0.3217,83.9,0.0,1,1,0.807,1.23714,1,0,0.276,1.2757,0,13.071,0.168,0.832,0.0,0.0,0.5,0.99,0.0,0.5,0.0,0.752,0.61,0.5,0.504,0.0,0.741,0.0,0,0,0.514,0.811,0.0,0.751,0.0,0.373,0.65,0.0,0.629,0.455,0.0,1.0,0.691
6650,2021.09.03 08:47:40,GBPCHFm,MEAN_REVERSION,SELL,2,1.26467,1.26495,1.26404,2.23,0.721,1.26465,1.26487,1.26391,1,0.142,0.544,0.0249,1.26453,1.26087,1.26434,1.25847,0,0.0,0.55,0,1.26404,0.648,0.0,2,0.0,0.0,0.0,1.25801,6.731,0,0,0,0.116,0.0,-0.0034,0.312,1.0,0,0.771,3,0.388,1.2646,1.26495,0.075,0.327,0.0,2,0.0,0,0.771,0.219,0.729,0.3,0.374,1,1.26404,8,0.73,0.85,0.0,0.0,0.0,0.857,0.933,1.26924,1.25888,1.25906,7465.1092,126.9046,2,1.26934,0.496,0.0,0.0,0.0,0.0,0,0.256,1,2,1552,0.781,0.545,0.413,27.0,27.0,0.3121,86.5,0.0,1,1,0.807,1.23714,1,0,0.276,1.2757,0,12.751,0.101,0.899,0.0,0.0,0.5,0.99,0.0,0.5,0.0,0.702,0.754,0.5,0.504,0.0,0.478,0.0,0,0,0.495,0.864,0.0,0.22,0.0,0.401,0.716,0.0,0.635,0.455,0.0,1.0,0.799
0,2021.09.03 09:00:00,GBPCHFm,ANCHORED_PULLBACK,SELL,2,1.26455,1.26455,1.26397,57.95,0.395,1.26397,1.26458,1.26346,1,0.076,0.371,0.6142,1.26453,1.26087,1.26434,1.25847,0,0.0,0.6,0,1.26397,0.754,0.805,0,0.0,0.0,1.26427,1.25801,6.934,0,0,1,0.45,-0.685,-0.0769,0.685,0.724,0,0.744,0,0.587,1.26467,1.26495,0.125,0.421,0.0,2,0.0,0,0.744,0.21,0.614,0.341,0.378,1,1.26397,8,0.751,0.75,0.083,0.206,0.117,0.757,0.865,1.26924,1.25888,1.25906,7465.1092,126.9046,2,1.26934,0.496,0.0,0.0,0.0,0.0,0,0.256,1,2,1553,0.781,0.545,0.413,27.0,27.0,0.2861,94.4,0.0,1,1,0.807,1.23714,1,0,0.276,1.2757,0,11.817,0.101,0.899,0.0,0.0,0.5,0.24,0.0,0.5,0.0,0.718,0.632,0.5,0.496,0.0,0.362,0.0,0,0,0.373,0.725,0.0,0.802,0.0,0.612,0.718,0.0,0.64,0.455,0.0,1.0,0.806
6652,2021.09.03 09:12:40,GBPCHFm,SWEEP_REVERSAL,SELL,2,1.26483,1.26577,1.26397,0.91,0.128,1.26397,1.26458,1.26346,0,0.076,0.371,0.9109,1.26453,1.26087,1.26434,1.25847,0,0.0,0.6,0,1.26397,0.754,0.805,0,0.0,0.0,1.26427,1.25801,6.934,0,0,1,0.45,-0.685,-0.0769,0.685,0.337,0,0.744,0,0.587,1.26467,1.26495,0.172,0.124,0.0,2,0.0,0,0.744,0.364,0.911,0.399,0.396,1,1.26397,8,0.751,0.657,0.199,0.206,0.117,0.757,0.865,1.26924,1.25888,1.25906,7465.1092,126.9046,2,1.26934,0.496,0.0,0.0,0.0,0.0,0,0.256,1,2,1553,0.781,0.545,0.413,27.0,27.0,0.2861,94.4,0.0,1,1,0.807,1.23714,1,0,0.276,1.2757,0,11.52,0.101,0.899,0.0,0.0,0.5,0.92,0.0,0.5,0.0,0.892,0.498,0.5,0.554,0.0,0.335,0.0,0,0,0.301,0.669,0.0,1.0,0.0,0.687,0.866,0.0,0.591,0.455,0.0,1.0,0.799
6654,2021.09.03 10:00:00,GBPCHFm,BREAKOUT,BUY,2,1.2656,1.26485,1.26791,3.06,0.533,1.26395,1.26485,1.26354,0,0.717,0.056,1.4893,1.26453,1.26087,1.26434,1.25847,0,0.0,0.55,0,1.26395,0.712,0.152,0,0.0,0.0,1.2651,1.25801,7.922,0,0,1,0.75,-0.545,-0.0858,0.545,0.238,0,0.671,0,0.439,1.26467,1.26544,0.717,0.12,0.2088,0,0.4,2,1.0,0.84,1.489,0.564,0.43,1,1.26467,2,0.55,0.0,0.389,0.863,0.228,0.697,0.818,1.26924,1.25888,1.25906,7465.1092,126.9046,2,1.26934,0.496,0.0,0.0,0.0,0.0,0,0.256,1,2,1554,0.781,0.545,0.413,27.0,27.0,0.2921,92.4,0.0,1,1,0.807,1.23714,1,0,0.276,1.2757,0,10.927,0.101,0.899,0.0,0.0,0.5,0.92,0.0,0.5,0.0,0.814,0.563,0.5,0.438,0.0,0.46,0.0,0,0,0.353,0.375,0.0,0.457,0.0,0.916,0.726,0.0,0.533,0.417,0.0,1.0,0.806
6656,2021.09.03 10:03:40,GBPCHFm,BREAKOUT_RETEST,SELL,2,1.26469,1.26497,1.26395,2.66,0.435,1.26395,1.26485,1.26354,1,0.717,0.056,0.7968,1.26453,1.26087,1.26434,1.25847,0,0.0,0.55,0,1.26395,0.712,0.152,0,0.0,0.0,1.2651,1.25801,7.922,0,0,1,0.75,-0.545,-0.0858,0.545,0.661,0,0.682,0,0.439,1.26467,1.26491,0.024,0.233,0.0,2,0.4,0,0.682,0.28,0.797,0.351,0.285,0,1.26395,8,0.742,0.951,0.262,0.164,0.228,0.697,0.727,1.26924,1.25888,1.25906,7465.1092,126.9046,2,1.26934,0.496,0.0,0.0,0.0,0.0,0,0.256,1,2,1554,0.781,0.545,0.413,27.0,27.0,0.2921,92.4,0.0,1,1,0.807,1.23714,1,0,0.276,1.2757,0,11.912,0.101,0.899,0.0,0.0,0.5,0.0,0.0,0.5,0.0,0.732,0.378,0.5,0.469,0.0,0.405,0.0,0,0,0.376,0.59,0.0,0.635,0.0,0.52,0.709,0.0,0.632,0.455,0.0,1.0,0.763
6658,2021.09.03 10:05:40,GBPCHFm,PULLBACK,SELL,2,1.26454,1.26593,1.26177,2.0,0.494,1.26395,1.26485,1.26354,1,0.717,0.056,0.6345,1.26453,1.26087,1.26434,1.25847,0,0.0,0.55,0,1.26395,0.712,0.152,0,0.0,0.0,1.2651,1.25801,7.922,0,0,1,0.75,-0.545,-0.0858,0.545,0.596,0,0.682,0,0.439,1.26467,1.26491,0.138,0.395,0.0,2,0.4,0,0.682,0.229,0.635,0.361,0.279,0,1.26485,4,0.6,0.724,0.281,0.164,0.228,0.697,0.727,1.26924,1.25888,1.25906,7465.1092,126.9046,2,1.26934,0.496,0.0,0.0,0.0,0.0,0,0.256,1,2,1554,0.781,0.545,0.413,27.0,27.0,0.2921,92.4,0.0,1,1,0.807,1.23714,1,0,0.276,1.2757,0,12.074,0.101,0.899,0.0,0.0,0.5,0.0,0.0,0.5,0.0,0.491,0.381,0.5,0.482,0.0,0.397,0.0,0,0,0.375,0.473,0.0,0.693,0.0,0.52,0.715,0.0,0.607,0.455,0.0,1.0,0.677
6659,2021.09.03 10:05:59,GBPCHFm,TREND_CONTINUATION,SELL,2,1.26454,1.26565,1.26223,2.08,0.403,1.26395,1.26485,1.26354,1,0.717,0.056,0.6345,1.26453,1.26087,1.26434,1.25847,0,0.0,0.55,0,1.26395,0.712,0.152,0,0.0,0.0,1.2651,1.25801,7.922,0,0,1,0.75,-0.545,-0.0858,0.545,0.596,0,0.682,0,0.439,1.26467,1.26491,0.138,0.395,0.0,2,0.4,0,0.682,0.229,0.635,0.361,0.279,0,1.26485,4,0.6,0.724,0.281,0.164,0.228,0.697,0.727,1.26924,1.25888,1.25906,7465.1092,126.9046,2,1.26934,0.496,0.0,0.0,0.0,0.0,0,0.256,1,2,1554,0.781,0.545,0.413,27.0,27.0,0.2921,92.4,0.0,1,1,0.807,1.23714,1,0,0.276,1.2757,0,12.074,0.101,0.899,0.0,0.0,0.5,0.0,0.0,0.5,0.0,0.491,0.377,0.5,0.482,0.0,0.397,0.0,0,0,0.377,0.473,0.0,0.693,0.0,0.52,0.715,0.0,0.607,0.455,0.0,1.0,0.677
6660,2021.09.03 10:48:40,GBPCHFm,MEAN_REVERSION,BUY,2,1.26407,1.26371,1.26512,2.94,0.608,1.26395,1.26485,1.26354,1,0.717,0.056,-0.1661,1.26453,1.26087,1.26434,1.25847,1,0.0,0.55,0,1.26395,0.712,0.152,0,0.0,0.0,1.2651,1.25801,7.922,0,0,1,0.75,-0.545,-0.0858,0.545,0.663,0,0.682,0,0.439,1.26372,1.2633,0.091,0.542,0.0,2,0.4,0,0.682,0.19,0.542,0.351,0.281,0,1.26485,4,0.6,0.817,0.261,0.164,0.228,0.749,0.936,1.26924,1.25888,1.25906,7465.1092,126.9046,2,1.26934,0.496,0.0,0.0,0.0,0.0,0,0.256,1,2,1554,0.781,0.545,0.413,27.0,27.0,0.2921,92.4,0.0,1,1,0.807,1.23714,1,0,0.276,1.2757,0,12.583,0.101,0.899,0.0,0.0,0.5,0.0,0.0,0.5,0.0,0.802,0.287,0.5,0.472,0.0,0.404,0.0,0,0,0.431,0.611,0.0,0.63,0.0,0.617,0.505,0.0,0.616,0.455,0.0,1.0,0.712
6662,2021.09.03 11:00:40,GBPCHFm,ANCHORED_PULLBACK,SELL,2,1.2644,1.26494,1.26395,0.82,0.347,1.26395,1.26485,1.26354,1,0.194,0.933,0.462,1.26459,1.26087,1.26434,1.25847,0,0.0,0.55,0,1.26372,0.708,0.686,0,0.0,0.0,1.26475,1.25801,6.47,0,0,0,0.24,-0.445,-0.0113,0.445,0.444,0,0.707,0,0.519,1.26389,1.26544,0.524,1.077,0.0,2,0.0,0,0.707,0.413,1.077,0.383,0.398,1,1.26395,1,0.7,0.0,0.167,0.134,0.104,0.863,0.806,1.26924,1.25888,1.25906,7465.1092,126.9046,2,1.26934,0.496,0.0,0.0,0.0,0.0,0,0.256,1,2,1555,0.781,0.545,0.413,27.0,27.0,0.2794,96.6,0.0,1,1,0.807,1.23714,1,0,0.276,1.2757,0,11.693,0.101,0.899,0.0,0.0,0.5,0.99,0.0,0.5,0.0,0.804,0.514,0.5,0.489,0.0,0.319,0.0,0,0,0.283,0.87,0.0,0.623,0.0,0.677,0.432,0.0,0.588,0.455,0.0,1.0,0.799
6664,2021.09.03 11:12:59,GBPCHFm,SWEEP_REVERSAL,SELL,2,1.26485,1.26582,1.26395,0.93,0.127,1.26395,1.26485,1.26354,0,0.194,0.933,0.9276,1.26459,1.26087,1.26434,1.25847,0,0.0,0.55,0,1.26372,0.708,0.686,0,0.0,0.0,1.26475,1.25801,6.47,0,0,0,0.24,-0.445,-0.0113,0.445,0.433,0,0.707,0,0.519,1.26389,1.26544,0.989,0.612,0.0,2,0.0,0,0.707,0.452,1.174,0.385,0.402,1,1.26395,1,0.7,0.0,0.17,0.134,0.104,0.863,0.806,1.26924,1.25888,1.25906,7465.1092,126.9046,2,1.26934,0.496,0.0,0.0,0.0,0.0,0,0.256,1,2,1555,0.781,0.545,0.413,27.0,27.0,0.2794,96.6,0.0,1,1,0.807,1.23714,1,0,0.276,1.2757,0,11.227,0.101,0.899,0.0,0.0,0.5,0.93,0.0,0.5,0.0,0.647,0.639,0.5,0.472,0.0,0.383,0.0,0,0,0.378,0.743,0.0,0.958,0.0,0.761,0.832,0.0,0.595,0.455,0.0,1.0,0.876
6668,2021.09.03 12:00:00,GBPCHFm,BREAKOUT,BUY,2,1.26567,1.26417,1.26817,1.67,0.283,1.26509,1.26559,1.26431,1,0.168,0.398,0.3102,1.26457,1.26087,1.26434,1.25847,0,0.0,0.45,0,1.26509,0.7,0.813,0,0.0,0.0,1.26564,1.25801,7.403,0,0,1,0.647,0.4915,0.0477,0.491,0.647,0,0.74,0,0.552,1.26516,1.26587,0.239,0.469,0.0,2,0.25,0,0.74,0.166,0.469,0.353,0.355,1,1.26509,8,0.74,0.521,0.206,0.147,0.198,0.952,0.911,1.26924,1.25888,1.25906,7444.7806,-20.3286,1,1.26934,0.504,0.0,0.0,0.0,0.0,0,0.315,1,2,1556,0.781,0.545,0.413,27.0,27.0,0.2704,99.9,0.0,1,1,0.807,1.23714,1,0,0.276,1.2757,0,10.044,0.102,0.898,0.0,1.0,0.5,0.11,0.0,0.5,0.0,0.622,0.514,0.5,0.489,0.0,0.298,0.0,0,0,0.275,0.72,0.557,0.694,0.0,0.448,0.432,0.0,0.6,0.417,0.0,1.0,0.901
6670,2021.09.03 12:04:40,GBPCHFm,BREAKOUT_RETEST,BUY,2,1.2657,1.2654,1.26649,2.64,0.409,1.26509,1.26559,1.26431,1,0.168,0.398,0.3402,1.26457,1.26087,1.26434,1.25847,0,0.0,0.45,0,1.26509,0.7,0.813,0,0.0,0.0,1.26564,1.25801,7.403,0,0,1,0.647,0.4915,0.0477,0.491,0.647,0,0.74,0,0.552,1.26516,1.26587,0.269,0.439,0.0,2,0.25,0,0.74,0.155,0.439,0.353,0.354,1,1.26509,8,0.74,0.461,0.206,0.147,0.198,0.952,0.911,1.26924,1.25888,1.25906,7444.7806,-20.3286,1,1.26934,0.504,0.0,0.0,0.0,0.0,0,0.315,1,2,1556,0.781,0.545,0.413,27.0,27.0,0.2704,99.9,0.0,1,1,0.807,1.23714,1,0,0.276,1.2757,0,10.014,0.102,0.898,0.0,1.0,0.5,0.23,0.0,0.5,0.0,0.622,0.477,0.5,0.489,0.0,0.298,0.0,0,0,0.279,0.72,0.557,0.694,0.0,0.448,0.432,0.0,0.6,0.417,0.0,1.0,0.901
6671,2021.09.03 12:05:40,GBPCHFm,PULLBACK,BUY,2,1.26575,1.26425,1.26875,2.0,0.477,1.26509,1.26559,1.26431,1,0.168,0.398,0.3903,1.26457,1.26087,1.26434,1.25847,0,0.0,0.45,0,1.26509,0.7,0.813,0,0.0,0.0,1.26564,1.25801,7.403,0,0,1,0.647,0.4915,0.0477,0.491,0.479,0,0.74,0,0.552,1.26516,1.26587,0.319,0.389,0.0,2,0.25,0,0.74,0.148,0.39,0.378,0.353,1,1.26509,8,0.74,0.361,0.256,0.147,0.198,0.952,0.911,1.26924,1.25888,1.25906,7444.7806,-20.3286,1,1.26934,0.504,0.0,0.0,0.0,0.0,0,0.315,1,2,1556,0.781,0.545,0.413,27.0,27.0,0.2704,99.9,0.0,1,1,0.807,1.23714,1,0,0.276,1.2757,0,9.964,0.102,0.898,0.0,1.0,0.5,0.36,0.0,0.5,0.0,0.578,0.462,0.5,0.496,0.0,0.366,0.0,0,0,0.318,0.72,0.878,0.694,0.0,0.448,0.432,0.0,0.6,0.417,0.0,1.0,0.901
6673,2021.09.03 12:05:59,GBPCHFm,TREND_CONTINUATION,BUY,2,1.26571,1.26451,1.26821,2.08,0.384,1.26509,1.26559,1.26431,1,0.168,0.398,0.3503,1.26457,1.26087,1.26434,1.25847,0,0.0,0.45,0,1.26509,0.7,0.813,0,0.0,0.0,1.26564,1.25801,7.403,0,0,1,0.647,0.4915,0.0477,0.491,0.647,0,0.74,0,0.552,1.26516,1.26587,0.279,0.429,0.0,2,0.25,0,0.74,0.151,0.429,0.353,0.353,1,1.26509,8,0.74,0.441,0.206,0.147,0.198,0.952,0.911,1.26924,1.25888,1.25906,7444.7806,-20.3286,1,1.26934,0.504,0.0,0.0,0.0,0.0,0,0.315,1,2,1556,0.781,0.545,0.413,27.0,27.0,0.2704,99.9,0.0,1,1,0.807,1.23714,1,0,0.276,1.2757,0,10.004,0.102,0.898,0.0,1.0,0.5,0.28,0.0,0.5,0.0,0.578,0.467,0.5,0.496,0.0,0.366,0.0,0,0,0.315,0.72,0.878,0.694,0.0,0.448,0.432,0.0,0.6,0.417,0.0,1.0,0.901
6676,2021.09.03 12:48:40,GBPCHFm,MEAN_REVERSION,SELL,2,1.26617,1.26697,1.26509,1.35,0.669,1.26509,1.26559,1.26431,0,0.168,0.398,1.0813,1.26457,1.26087,1.26434,1.25847,0,0.0,0.45,0,1.26509,0.7,0.813,0,0.0,0.0,1.26564,1.25801,7.403,0,0,1,0.647,0.4915,0.0477,0.491,0.049,0,0.74,0,0.552,1.26516,1.26587,1.01,0.302,0.0,2,0.25,0,0.74,0.479,1.081,0.443,0.391,1,1.26509,8,0.74,0.0,0.385,0.147,0.198,0.952,0.911,1.26924,1.25888,1.25906,7444.7806,-20.3286,1,1.26934,0.504,0.0,0.0,0.0,0.0,0,0.315,1,2,1556,0.781,0.545,0.413,27.0,27.0,0.2704,99.9,0.0,1,1,0.807,1.23714,1,0,0.276,1.2757,0,9.544,0.102,0.898,0.0,1.0,0.5,0.81,0.0,0.5,0.0,0.448,0.448,0.5,0.86,0.0,0.694,0.0,0,0,0.567,0.56,0.0,0.248,0.0,0.612,0.878,0.0,0.6,0.455,0.0,1.0,0.904
6678,2021.09.03 13:12:59,GBPCHFm,SWEEP_REVERSAL,BUY,4,1.26447,1.26329,1.26553,0.9,0.502,1.26526,1.26584,1.26435,0,0.022,0.681,-0.9032,1.26452,1.26097,1.26558,1.26015,1,0.0,0.45,0,1.26543,0.541,0.456,0,0.0,0.0,0.0,1.25801,6.467,1,1,1,0.5,0.72,0.0702,0.72,0.3,0,0.695,0,0.69,1.26535,1.26361,0.974,0.503,0.0,2,0.3,6,0.5,0.266,1.044,0.255,0.303,0,1.26526,1,0.7,0.0,0.53,0.216,0.543,0.848,0.924,1.26924,1.25888,1.25906,7444.7806,-20.3286,1,1.26934,0.504,0.0,0.0,0.0,0.0,0,0.315,1,2,1557,0.781,0.545,0.413,27.0,27.0,0.2294,117.7,0.0,1,1,0.807,1.23714,1,0,0.276,1.2757,0,9.54,0.102,0.898,0.0,1.0,0.5,0.16,0.0,0.5,0.0,0.288,0.312,0.5,0.474,0.0,0.878,0.0,0,0,0.607,0.342,1.0,1.0,0.0,0.743,0.491,0.0,0.501,0.455,0.0,1.0,0.776
6680,2021.09.03 15:00:00,GBPCHFm,BREAKOUT,BUY,4,1.26709,1.26621,1.27097,4.43,0.554,1.26559,1.26623,1.26418,0,0.465,0.031,0.7956,1.26482,1.26116,1.2653,1.25978,0,0.0,0.4,0,1.26559,0.653,0.92,0,0.0,0.0,1.26545,1.25801,5.683,0,0,1,0.9,0.79,0.0853,0.79,0.082,2,0.518,2,0.032,1.26571,1.267,0.713,0.114,0.0784,0,0.15,2,0.808,0.468,0.796,0.588,0.335,0,1.26559,8,0.731,0.0,0.335,0.937,0.053,0.773,0.937,1.26924,1.25888,1.25906,7444.7806,-20.3286,1,1.26934,0.504,0.0,0.0,0.0,0.0,0,0.315,1,2,1559,0.781,0.545,0.413,27.0,27.0,0.1741,155.1,0.0,1,1,0.807,1.23714,1,0,0.276,1.2757,0,5.552,0.102,0.898,0.0,1.0,0.5,0.73,0.0,0.5,0.0,0.781,0.53,0.5,0.391,0.0,0.297,0.0,0,0,0.254,0.293,0.0,0.277,0.0,1.0,0.739,0.0,0.464,0.455,0.0,1.0,0.978
6681,2021.09.03 15:00:20,GBPCHFm,PULLBACK,BUY,4,1.26713,1.26621,1.27178,5.08,0.411,1.26559,1.26623,1.26418,0,0.465,0.031,0.8214,1.26482,1.26116,1.2653,1.25978,0,0.0,0.4,0,1.26559,0.653,0.92,0,0.0,0.0,1.26545,1.25801,5.683,0,0,1,0.9,0.79,0.0853,0.79,0.082,2,0.638,2,0.032,1.26571,1.267,0.739,0.088,0.0,2,0.15,0,0.638,0.36,0.821,0.438,0.28,0,1.26559,8,0.731,0.0,0.335,0.237,0.053,0.773,0.937,1.26924,1.25888,1.25906,7444.7806,-20.3286,1,1.26934,0.504,0.0,0.0,0.0,0.0,0,0.315,1,2,1559,0.781,0.545,0.413,27.0,27.0,0.1741,155.1,0.0,1,1,0.807,1.23714,1,0,0.276,1.2757,0,5.526,0.102,0.898,0.0,1.0,0.5,0.73,0.0,0.5,0.0,0.93,0.54,0.5,0.445,0.0,0.253,0.0,0,0,0.259,0.327,0.0,0.143,0.0,0.663,0.865,0.0,0.53,0.455,0.0,1.0,0.904
6682,2021.09.03 15:00:20,GBPCHFm,TREND_CONTINUATION,BUY,4,1.26713,1.26527,1.27101,2.08,0.482,1.26559,1.26623,1.26418,0,0.465,0.031,0.8214,1.26482,1.26116,1.2653,1.25978,0,0.0,0.4,0,1.26559,0.653,0.92,0,0.0,0.0,1.26545,1.25801,5.683,0,0,1,0.9,0.79,0.0853,0.79,0.082,2,0.638,2,0.032,1.26571,1.267,0.739,0.088,0.0,2,0.15,0,0.638,0.36,0.821,0.438,0.28,0,1.26559,8,0.731,0.0,0.335,0.237,0.053,0.773,0.937,1.26924,1.25888,1.25906,7444.7806,-20.3286,1,1.26934,0.504,0.0,0.0,0.0,0.0,0,0.315,1,2,1559,0.781,0.545,0.413,27.0,27.0,0.1741,155.1,0.0,1,1,0.807,1.23714,1,0,0.276,1.2757,0,5.526,0.102,0.898,0.0,1.0,0.5,0.72,0.0,0.5,0.0,0.93,0.54,0.5,0.445,0.0,0.253,0.0,0,0,0.259,0.327,0.0,0.143,0.0,0.663,0.865,0.0,0.53,0.455,0.0,1.0,0.904
6685,2021.09.03 15:00:40,GBPCHFm,ANCHORED_PULLBACK,BUY,4,1.26679,1.26499,1.26962,1.57,0.171,1.26559,1.26623,1.26418,0,0.465,0.031,0.6021,1.26482,1.26116,1.2653,1.25978,0,0.0,0.4,0,1.26559,0.653,0.92,0,0.0,0.0,1.26545,1.25801,5.683,0,0,1,0.9,0.79,0.0853,0.79,0.102,2,0.638,2,0.032,1.26571,1.267,0.519,0.308,0.0,2,0.15,0,0.638,0.262,0.602,0.435,0.268,0,1.26559,8,0.731,0.0,0.33,0.237,0.053,0.773,0.937,1.26924,1.25888,1.25906,7444.7806,-20.3286,1,1.26934,0.504,0.0,0.0,0.0,0.0,0,0.315,1,2,1559,0.781,0.545,0.413,27.0,27.0,0.1741,155.1,0.0,1,1,0.807,1.23714,1,0,0.276,1.2757,0,5.746,0.102,0.898,0.0,1.0,0.5,0.58,0.0,0.5,0.0,0.93,0.508,0.5,0.445,0.0,0.253,0.0,0,0,0.239,0.332,0.0,0.143,0.0,0.663,0.864,0.0,0.518,0.455,0.0,1.0,0.904
6686,2021.09.03 15:00:59,GBPCHFm,MEAN_REVERSION,SELL,4,1.26661,1.26785,1.26559,0.83,0.565,1.26559,1.26623,1.26418,0,0.465,0.031,0.6602,1.26482,1.26116,1.2653,1.25978,0,0.0,0.4,0,1.26559,0.653,0.92,0,0.0,0.0,1.26545,1.25801,5.683,0,0,1,0.9,0.79,0.0853,0.79,0.102,2,0.638,2,0.032,1.26571,1.267,0.577,0.25,0.0,2,0.15,0,0.638,0.287,0.66,0.435,0.271,0,1.26559,8,0.731,0.0,0.33,0.237,0.053,0.773,0.937,1.26924,1.25888,1.25906,7444.7806,-20.3286,1,1.26934,0.504,0.0,0.0,0.0,0.0,0,0.315,1,2,1559,0.781,0.545,0.413,27.0,27.0,0.1741,155.1,0.0,1,1,0.807,1.23714,1,0,0.276,1.2757,0,5.862,0.102,0.898,0.0,1.0,0.5,0.58,0.0,0.5,0.0,0.93,0.497,0.5,0.445,0.0,0.253,0.0,0,0,0.236,0.332,0.0,0.143,0.0,0.663,0.865,0.0,0.518,0.455,0.0,1.0,0.904
6689,2021.09.03 15:08:40,GBPCHFm,BREAKOUT_RETEST,BUY,4,1.26629,1.2657,1.26752,2.09,0.511,1.26559,1.26623,1.26418,1,0.465,0.031,0.2797,1.26482,1.26116,1.2653,1.25978,0,0.0,0.4,0,1.26559,0.653,0.92,0,0.0,0.0,1.26545,1.25801,5.683,0,0,1,0.9,0.79,0.0853,0.79,0.419,2,0.638,2,0.032,1.26571,1.267,0.197,0.63,0.0,2,0.15,0,0.638,0.244,0.63,0.387,0.266,0,1.26418,5,0.6,0.606,0.234,0.237,0.053,0.773,0.937,1.26924,1.25888,1.25906,7444.7806,-20.3286,1,1.26934,0.504,0.0,0.0,0.0,0.0,0,0.315,1,2,1559,0.781,0.545,0.413,27.0,27.0,0.1741,155.1,0.0,1,1,0.807,1.23714,1,0,0.276,1.2757,0,6.068,0.102,0.898,0.0,1.0,0.5,0.01,0.0,0.5,0.0,0.875,0.51,0.5,0.489,0.0,0.33,0.0,0,0,0.285,0.532,0.0,0.857,0.0,0.543,0.65,0.0,0.53,0.455,0.0,1.0,0.864
6691,2021.09.03 16:56:30,GBPCHFm,SWEEP_REVERSAL,SELL,4,1.2671,1.26867,1.26584,0.8,0.136,1.26559,1.26648,1.26443,0,0.054,0.273,0.9637,1.26482,1.26503,1.26585,1.26033,0,0.0,0.4,0,1.26584,0.675,0.285,0,0.0,0.0,0.0,1.25801,5.369,0,0,1,0.975,0.825,0.1036,0.825,0.089,0,0.695,2,0.113,1.26636,1.26713,0.474,0.016,0.0,2,0.15,0,0.695,0.421,0.964,0.437,0.31,0,1.26584,8,0.735,0.052,0.333,0.247,0.053,0.761,0.935,1.26924,1.25888,1.25877,-4421.7257,-11866.5063,-2,1.26934,0.492,0.0,0.0,0.0,0.0,0,0.424,1,2,1560,0.773,0.551,0.408,27.0,27.0,0.1719,157.1,0.0,1,1,0.807,1.23714,1,0,0.276,1.2757,-1,5.475,0.103,0.897,0.0,0.0,0.0,0.99,0.0,0.5,0.0,1.0,0.719,0.5,0.57,0.0,0.138,0.0,0,0,0.358,0.416,0.0,0.238,0.0,0.624,0.866,0.0,0.521,0.455,0.0,1.0,0.904
6692,2021.09.03 17:00:00,GBPCHFm,BREAKOUT,BUY,3,1.26754,1.26672,1.27153,4.88,0.61,1.26636,1.267,1.26443,0,0.412,0.07,0.5732,1.26482,1.26503,1.26585,1.26033,0,0.0,0.5,0,1.26559,0.706,0.304,0,0.0,0.0,1.26669,1.25801,5.807,0,0,1,1.0,0.86,0.1359,0.86,0.089,1,0.28,3,0.317,1.26648,1.26725,0.493,0.01,0.3216,0,0.15,2,1.0,0.619,1.056,0.587,0.439,1,1.26636,1,0.7,0.014,0.333,0.958,0.053,0.797,0.879,1.26924,1.25888,1.25877,-4421.7257,-11866.5063,-2,1.26934,0.492,0.0,0.0,0.0,0.0,0,0.424,1,2,1561,0.773,0.551,0.408,27.0,27.0,0.1693,159.5,0.0,1,1,0.807,1.23714,1,0,0.276,1.2757,0,5.116,0.103,0.897,0.0,0.0,0.5,0.93,0.0,0.5,0.0,1.0,0.72,0.5,0.504,0.0,0.139,0.0,0,0,0.339,0.316,0.0,0.517,0.0,1.0,0.708,0.0,0.465,0.455,0.0,1.0,0.978
6693,2021.09.03 17:00:20,GBPCHFm,PULLBACK,BUY,3,1.26754,1.2668,1.27233,6.44,0.456,1.26636,1.267,1.26443,0,0.412,0.07,0.5732,1.26482,1.26503,1.26585,1.26033,0,0.0,0.5,0,1.26559,0.706,0.304,0,0.0,0.0,1.26669,1.25801,5.807,0,0,1,1.0,0.86,0.1359,0.86,0.089,2,0.569,3,0.317,1.26648,1.26725,0.493,0.01,0.0,2,0.15,0,0.569,0.461,1.056,0.437,0.313,0,1.26636,1,0.7,0.014,0.333,0.258,0.053,0.797,0.879,1.26924,1.25888,1.25877,-4421.7257,-11866.5063,-2,1.26934,0.492,0.0,0.0,0.0,0.0,0,0.424,1,2,1561,0.773,0.551,0.408,27.0,27.0,0.1693,159.5,0.0,1,1,0.807,1.23714,1,0,0.276,1.2757,0,5.116,0.103,0.897,0.0,0.0,0.5,0.92,0.0,0.5,0.0,1.0,0.715,0.5,0.546,0.0,0.139,0.0,0,0,0.349,0.35,0.0,0.333,0.0,0.657,0.861,0.0,0.518,0.455,0.0,1.0,0.904
6694,2021.09.03 17:00:20,GBPCHFm,TREND_CONTINUATION,BUY,3,1.26754,1.26563,1.27153,2.08,0.534,1.26636,1.267,1.26443,0,0.412,0.07,0.5732,1.26482,1.26503,1.26585,1.26033,0,0.0,0.5,0,1.26559,0.706,0.304,0,0.0,0.0,1.26669,1.25801,5.807,0,0,1,1.0,0.86,0.1359,0.86,0.089,2,0.569,3,0.317,1.26648,1.26725,0.493,0.01,0.0,2,0.15,0,0.569,0.461,1.056,0.437,0.313,0,1.26636,1,0.7,0.014,0.333,0.258,0.053,0.797,0.879,1.26924,1.25888,1.25877,-4421.7257,-11866.5063,-2,1.26934,0.492,0.0,0.0,0.0,0.0,0,0.424,1,2,1561,0.773,0.551,0.408,27.0,27.0,0.1693,159.5,0.0,1,1,0.807,1.23714,1,0,0.276,1.2757,0,5.116,0.103,0.897,0.0,0.0,0.5,0.91,0.0,0.5,0.0,1.0,0.715,0.5,0.546,0.0,0.139,0.0,0,0,0.349,0.35,0.0,0.333,0.0,0.657,0.861,0.0,0.518,0.455,0.0,1.0,0.904
6697,2021.09.03 17:00:40,GBPCHFm,ANCHORED_PULLBACK,BUY,3,1.26741,1.26621,1.27033,2.43,0.393,1.26636,1.267,1.26443,0,0.412,0.07,0.4917,1.26482,1.26503,1.26585,1.26033,0,0.0,0.5,0,1.26559,0.706,0.304,0,0.0,0.0,1.26669,1.25801,5.807,0,0,1,1.0,0.86,0.1359,0.86,0.177,2,0.569,3,0.317,1.26648,1.26725,0.411,0.071,0.0,2,0.15,0,0.569,0.412,0.974,0.423,0.307,0,1.26636,1,0.7,0.177,0.307,0.258,0.053,0.797,0.879,1.26924,1.25888,1.25877,-4421.7257,-11866.5063,-2,1.26934,0.492,0.0,0.0,0.0,0.0,0,0.424,1,2,1561,0.773,0.551,0.408,27.0,27.0,0.1693,159.5,0.0,1,1,0.807,1.23714,1,0,0.276,1.2757,0,5.197,0.103,0.897,0.0,0.0,0.5,0.82,0.0,0.5,0.0,1.0,0.684,0.5,0.546,0.0,0.139,0.0,0,0,0.33,0.367,0.0,0.333,0.0,0.657,0.858,0.0,0.518,0.455,0.0,1.0,0.904
6700,2021.09.03 17:15:40,GBPCHFm,MEAN_REVERSION,SELL,3,1.26748,1.26876,1.26636,0.88,0.546,1.26636,1.267,1.26443,0,0.412,0.07,0.7049,1.26482,1.26503,1.26585,1.26033,0,0.0,0.5,0,1.26559,0.706,0.304,0,0.0,0.0,1.26669,1.25801,5.807,0,0,1,1.0,0.86,0.1359,0.86,0.089,2,0.569,3,0.317,1.26648,1.26725,0.624,0.142,0.0,2,0.15,0,0.569,0.518,1.187,0.437,0.319,0,1.26636,1,0.7,0.0,0.333,0.258,0.053,0.797,0.879,1.26924,1.25888,1.25877,-4421.7257,-11866.5063,-2,1.26934,0.492,0.0,0.0,0.0,0.0,0,0.424,1,2,1561,0.773,0.551,0.408,27.0,27.0,0.1693,159.5,0.0,1,1,0.807,1.23714,1,0,0.276,1.2757,0,5.154,0.103,0.897,0.0,0.0,0.5,0.99,0.0,0.5,0.0,1.0,0.479,0.5,0.504,0.0,0.102,0.0,0,0,0.205,0.35,0.0,0.333,0.0,0.517,0.861,0.0,0.522,0.455,0.0,1.0,0.904
6702,2021.09.03 18:56:30,GBPCHFm,SWEEP_REVERSAL,SELL,3,1.26796,1.26958,1.26634,1.0,0.139,1.26634,1.26669,1.26542,0,0.876,0.006,1.0005,1.26447,1.26078,1.26566,1.26049,0,0.0,0.45,0,1.26563,0.791,0.127,0,0.0,0.0,0.0,1.25801,6.104,0,0,1,1.0,0.895,0.1678,0.895,0.151,2,0.645,1,0.018,1.26641,1.26775,0.957,0.13,0.0,2,0.15,0,0.645,0.613,1.435,0.427,0.322,0,1.26634,1,0.7,0.0,0.315,0.269,0.053,0.873,0.788,1.26924,1.25888,1.25877,-4421.7257,-11866.5063,-2,1.26934,0.492,0.0,0.0,0.0,0.0,0,0.424,1,2,1562,0.773,0.551,0.408,27.0,27.0,0.1666,162.1,0.0,1,1,0.807,1.23714,1,0,0.276,1.2757,-1,4.776,0.103,0.897,0.0,0.0,0.0,0.61,0.0,0.5,0.0,1.0,0.437,0.5,0.542,0.0,0.291,0.0,0,0,0.317,0.306,0.0,0.238,0.0,0.384,0.862,0.0,0.521,0.417,0.0,1.0,0.857
6703,2021.09.03 19:00:00,GBPCHFm,BREAKOUT,BUY,3,1.26763,1.26644,1.27176,3.47,0.489,1.26634,1.26763,1.26615,1,0.348,0.423,0.6198,1.26482,1.26084,1.26579,1.26055,0,0.0,0.6,0,1.26634,0.688,0.225,0,0.0,0.0,0.0,1.25801,5.663,0,0,1,1.0,0.93,0.1844,0.93,0.349,2,0.551,3,0.433,1.26794,1.26769,0.348,0.2,0.1253,0,0.3,2,0.966,0.339,0.62,0.548,0.355,1,1.26634,8,0.738,0.303,0.315,0.979,0.105,0.519,0.653,1.26924,1.25888,1.25877,-4421.7257,-11866.5063,-2,1.26934,0.492,0.0,0.0,0.0,0.0,0,0.424,1,2,1563,0.773,0.551,0.408,27.0,27.0,0.1635,165.1,0.0,1,1,0.807,1.23714,1,0,0.276,1.2757,-1,4.887,0.103,0.897,0.0,0.0,0.0,0.02,0.0,0.5,0.0,0.365,0.269,0.5,0.548,0.0,0.34,0.0,0,0,0.439,0.586,0.0,0.421,0.0,0.606,0.65,0.0,0.457,0.417,0.0,1.0,1.042
6704,2021.09.03 19:00:20,GBPCHFm,PULLBACK,BUY,3,1.2676,1.26644,1.27255,4.28,0.605,1.26634,1.26763,1.26615,1,0.348,0.423,0.6016,1.26482,1.26084,1.26579,1.26055,0,0.0,0.6,0,1.26634,0.688,0.225,0,0.0,0.0,0.0,1.25801,5.663,0,0,1,1.0,0.93,0.1844,0.93,0.349,2,0.552,3,0.433,1.26794,1.26769,0.367,0.218,0.0,2,0.0,0,0.552,0.239,0.602,0.398,0.285,0,1.26634,8,0.738,0.267,0.195,0.279,0.0,0.519,0.653,1.26924,1.25888,1.25877,-4421.7257,-11866.5063,-2,1.26934,0.492,0.0,0.0,0.0,0.0,0,0.424,1,2,1563,0.773,0.551,0.408,27.0,27.0,0.1635,165.1,0.0,1,1,0.807,1.23714,1,0,0.276,1.2757,-1,4.905,0.103,0.897,0.0,0.0,0.0,0.0,0.0,0.5,0.0,0.434,0.257,0.5,0.592,0.0,0.285,0.0,0,0,0.438,0.607,0.0,0.238,0.0,0.368,0.726,0.0,0.512,0.417,0.0,1.0,0.923
6705,2021.09.03 19:00:20,GBPCHFm,TREND_CONTINUATION,BUY,3,1.2676,1.26562,1.27173,2.08,0.533,1.26634,1.26763,1.26615,1,0.348,0.423,0.6016,1.26482,1.26084,1.26579,1.26055,0,0.0,0.6,0,1.26634,0.688,0.225,0,0.0,0.0,0.0,1.25801,5.663,0,0,1,1.0,0.93,0.1844,0.93,0.349,2,0.552,3,0.433,1.26794,1.26769,0.367,0.218,0.0,2,0.0,0,0.552,0.239,0.602,0.398,0.285,0,1.26634,8,0.738,0.267,0.195,0.279,0.0,0.519,0.653,1.26924,1.25888,1.25877,-4421.7257,-11866.5063,-2,1.26934,0.492,0.0,0.0,0.0,0.0,0,0.424,1,2,1563,0.773,0.551,0.408,27.0,27.0,0.1635,165.1,0.0,1,1,0.807,1.23714,1,0,0.276,1.2757,-1,4.905,0.103,0.897,0.0,0.0,0.0,0.0,0.0,0.5,0.0,0.434,0.257,0.5,0.592,0.0,0.285,0.0,0,0,0.438,0.607,0.0,0.238,0.0,0.368,0.726,0.0,0.512,0.417,0.0,1.0,0.923
6706,2021.09.03 19:01:40,GBPCHFm,BREAKOUT_RETEST,BUY,3,1.26745,1.26644,1.26864,1.18,0.568,1.26634,1.26763,1.26615,1,0.348,0.423,0.5108,1.26482,1.26084,1.26579,1.26055,0,0.0,0.6,0,1.26634,0.688,0.225,0,0.0,0.0,0.0,1.25801,5.663,0,0,1,1.0,0.93,0.1844,0.93,0.374,2,0.552,3,0.433,1.26794,1.26769,0.457,0.309,0.0,2,0.0,0,0.552,0.201,0.511,0.394,0.28,0,1.26634,8,0.738,0.085,0.188,0.279,0.0,0.519,0.653,1.26924,1.25888,1.25877,-4421.7257,-11866.5063,-2,1.26934,0.492,0.0,0.0,0.0,0.0,0,0.424,1,2,1563,0.773,0.551,0.408,27.0,27.0,0.1635,165.1,0.0,1,1,0.807,1.23714,1,0,0.276,1.2757,-1,4.996,0.103,0.897,0.0,0.0,0.0,0.0,0.0,0.5,0.0,0.362,0.324,0.5,0.592,0.0,0.285,0.0,0,0,0.397,0.612,0.0,0.238,0.0,0.368,0.705,0.0,0.506,0.417,0.0,1.0,0.923
6708,2021.09.03 19:15:59,GBPCHFm,MEAN_REVERSION,SELL,3,1.26727,1.26779,1.26634,1.78,0.522,1.26634,1.26763,1.26615,1,0.348,0.423,0.5653,1.26482,1.26084,1.26579,1.26055,0,0.0,0.6,0,1.26634,0.688,0.225,0,0.0,0.0,0.0,1.25801,5.663,0,0,1,1.0,0.93,0.1844,0.93,0.349,2,0.552,3,0.433,1.26794,1.26769,0.403,0.254,0.0,2,0.0,0,0.552,0.225,0.565,0.398,0.283,0,1.26634,8,0.738,0.194,0.195,0.279,0.0,0.519,0.653,1.26924,1.25888,1.25877,-4421.7257,-11866.5063,-2,1.26934,0.492,0.0,0.0,0.0,0.0,0,0.424,1,2,1563,0.773,0.551,0.408,27.0,27.0,0.1635,165.1,0.0,1,1,0.807,1.23714,1,0,0.276,1.2757,-1,5.105,0.103,0.897,0.0,0.0,0.0,0.21,0.0,0.5,0.0,0.36,0.383,0.5,0.567,0.0,0.273,0.0,0,0,0.35,0.607,0.0,0.238,0.0,0.334,0.717,0.0,0.506,0.417,0.0,1.0,0.923
6715,2021.09.03 20:56:59,GBPCHFm,SWEEP_REVERSAL,BUY,3,1.26697,1.2653,1.26833,0.81,0.268,1.2679,1.26803,1.26689,0,0.013,0.092,-0.8126,1.26482,1.26084,1.26579,1.26055,0,0.0,0.65,2,1.2679,0.679,0.668,0,0.0,0.0,0.0,1.25801,5.319,0,0,1,0.8,0.79,0.2172,0.79,0.462,2,0.593,0,0.701,1.26693,1.2664,0.234,0.081,0.0,2,0.4,0,0.593,0.309,0.813,0.381,0.31,0,1.2679,8,0.736,0.532,0.321,0.237,0.28,0.785,0.791,1.26924,1.25888,1.25911,9998.4525,14420.1782,2,1.26934,0.491,0.0,0.0,0.0,0.0,0,0.526,1,2,1564,0.773,0.551,0.408,43.0,28.9,0.2569,167.4,0.0,1,1,0.807,1.23714,1,0,0.276,1.2757,-1,5.216,0.1,0.9,0.0,0.0,0.0,0.04,0.0,0.5,0.0,0.588,0.364,0.5,1.0,0.0,0.421,0.0,0,0,0.55,0.517,0.0,0.249,0.0,0.363,0.65,0.0,0.503,0.417,0.0,1.0,0.923
0,2021.09.05 21:00:20,GBPCHFm,BREAKOUT,SELL,3,1.26396,1.26636,1.25801,2.48,0.523,1.26693,1.26794,1.26665,0,1.476,0.164,-1.7685,1.26482,1.26084,1.26579,1.26055,1,0.0,0.35,0,1.26619,0.556,0.344,0,0.0,0.0,1.26667,1.25801,3.84,0,0,0,1.0,0.825,0.2032,0.825,0.01,2,0.628,0,0.751,1.26711,1.26528,1.878,0.784,0.0,2,0.4,0,0.628,1.591,3.548,0.448,0.492,1,1.26619,8,0.711,0.0,0.457,0.247,0.29,0.927,1.0,1.26924,1.25888,1.25869,-8117.4372,-18115.8897,-2,1.26934,0.471,0.0,0.0,0.0,0.0,0,0.317,1,2,1565,0.773,0.551,0.408,43.0,43.0,0.2563,167.8,0.0,1,1,0.807,1.23714,1,0,0.276,1.2757,0,6.997,0.104,0.896,0.0,0.0,0.5,0.0,0.0,0.5,0.0,0.374,0.245,0.5,0.922,0.0,0.525,0.0,0,0,0.64,0.229,0.0,0.692,0.0,0.26,0.329,0.0,0.499,0.455,0.0,1.0,0.811
0,2021.09.05 21:00:20,GBPCHFm,TREND_CONTINUATION,BUY,3,1.26439,1.26238,1.26662,1.11,0.584,1.26693,1.26794,1.26665,0,1.476,0.164,-1.7685,1.26482,1.26084,1.26579,1.26055,1,0.0,0.35,0,1.26619,0.556,0.344,0,0.0,0.0,1.26667,1.25801,3.84,0,0,0,1.0,0.825,0.2032,0.825,0.01,2,0.628,0,0.751,1.26711,1.26528,1.878,0.784,0.0,2,0.4,0,0.628,1.591,3.548,0.448,0.492,1,1.26619,8,0.711,0.0,0.457,0.247,0.29,0.927,1.0,1.26924,1.25888,1.25869,-8117.4372,-18115.8897,-2,1.26934,0.471,0.0,0.0,0.0,0.0,0,0.317,1,2,1565,0.773,0.551,0.408,43.0,43.0,0.2563,167.8,0.0,1,1,0.807,1.23714,1,0,0.276,1.2757,0,6.741,0.104,0.896,0.0,0.0,0.5,0.0,0.0,0.5,0.0,0.374,0.245,0.5,0.922,0.0,0.525,0.0,0,0,0.64,0.229,0.0,0.692,0.0,0.26,0.329,0.0,0.499,0.455,0.0,1.0,0.811
0,2021.09.05 21:00:40,GBPCHFm,ANCHORED_PULLBACK,SELL,3,1.26553,1.26717,1.26217,2.05,0.21,1.26693,1.26794,1.26665,0,1.476,0.164,-0.8328,1.26482,1.26084,1.26579,1.26055,1,0.0,0.35,0,1.26619,0.556,0.344,0,0.0,0.0,1.26667,1.25801,3.84,0,0,0,1.0,0.825,0.2032,0.825,0.0,2,0.628,0,0.751,1.26711,1.26528,0.942,0.152,0.0,2,0.4,0,0.628,0.424,0.942,0.45,0.356,1,1.26619,8,0.711,0.0,0.46,0.247,0.29,0.927,1.0,1.26924,1.25888,1.25869,-8117.4372,-18115.8897,-2,1.26934,0.471,0.0,0.0,0.0,0.0,0,0.317,1,2,1565,0.773,0.551,0.408,43.0,43.0,0.2563,167.8,0.0,1,1,0.807,1.23714,1,0,0.276,1.2757,0,6.061,0.104,0.896,0.0,0.0,0.5,0.03,0.0,0.5,0.0,0.448,0.375,0.5,1.0,0.0,0.577,0.0,0,0,0.606,0.313,0.0,1.0,0.0,0.286,0.418,0.0,0.49,0.455,0.0,1.0,0.811
0,2021.09.05 21:00:59,GBPCHFm,SWEEP_REVERSAL,BUY,3,1.26496,1.26328,1.26662,0.99,0.32,1.26693,1.26794,1.26665,0,1.476,0.164,-1.4288,1.26482,1.26084,1.26579,1.26055,1,0.0,0.35,0,1.26619,0.556,0.344,0,0.0,0.0,1.26667,1.25801,3.84,0,0,0,1.0,0.825,0.2032,0.825,0.01,2,0.628,0,0.751,1.26711,1.26528,1.538,0.444,0.0,2,0.4,0,0.628,1.743,3.887,0.448,0.51,2,1.26619,8,0.711,0.0,0.457,0.247,0.29,0.927,1.0,1.26924,1.25888,1.25869,-8117.4372,-18115.8897,-2,1.26934,0.471,0.0,0.0,0.0,0.0,0,0.317,1,2,1565,0.773,0.551,0.408,43.0,43.0,0.2563,167.8,0.0,1,1,0.807,1.23714,1,0,0.276,1.2757,0,6.401,0.104,0.896,0.0,0.0,0.5,0.03,0.0,0.5,0.0,0.374,0.416,0.5,0.922,0.0,0.525,0.0,0,0,0.537,0.229,0.0,0.692,0.0,0.26,0.34,0.0,0.486,0.455,0.0,1.0,0.811
0,2021.09.05 21:00:59,GBPCHFm,MEAN_REVERSION,BUY,3,1.26496,1.26362,1.26662,1.24,0.63,1.26693,1.26794,1.26665,0,1.476,0.164,-1.4288,1.26482,1.26084,1.26579,1.26055,1,0.0,0.35,0,1.26619,0.556,0.344,0,0.0,0.0,1.26667,1.25801,3.84,0,0,0,1.0,0.825,0.2032,0.825,0.01,2,0.628,0,0.751,1.26711,1.26528,1.538,0.444,0.0,2,0.4,0,0.628,1.743,3.887,0.448,0.51,2,1.26619,8,0.711,0.0,0.457,0.247,0.29,0.927,1.0,1.26924,1.25888,1.25869,-8117.4372,-18115.8897,-2,1.26934,0.471,0.0,0.0,0.0,0.0,0,0.317,1,2,1565,0.773,0.551,0.408,43.0,43.0,0.2563,167.8,0.0,1,1,0.807,1.23714,1,0,0.276,1.2757,0,6.401,0.104,0.896,0.0,0.0,0.5,0.03,0.0,0.5,0.0,0.374,0.416,0.5,0.922,0.0,0.525,0.0,0,0,0.537,0.229,0.0,0.692,0.0,0.26,0.34,0.0,0.486,0.455,0.0,1.0,0.811
6718,2021.09.05 23:00:00,GBPCHFm,BREAKOUT_RETEST,BUY,1,1.2672,1.26572,1.2687,1.02,0.784,1.26698,1.2675,1.26562,1,0.027,1.063,-0.0268,1.26482,1.26501,1.26621,1.26095,0,0.0,0.45,0,1.26635,0.597,0.447,0,0.0,0.0,1.26598,1.25801,5.194,0,0,1,1.0,0.825,0.0874,0.825,1.0,2,0.633,2,0.099,1.26698,1.2649,0.027,1.184,0.2422,0,0.55,2,1.0,0.533,1.184,0.45,0.331,0,1.26635,8,0.719,0.946,0.22,0.947,0.193,0.712,0.836,1.26924,1.25888,1.25869,-8117.4372,-18115.8897,-2,1.26934,0.471,0.0,0.0,0.0,0.0,0,0.317,1,2,1567,0.773,0.551,0.408,27.0,201.9,0.1572,171.8,0.0,1,1,0.807,1.23714,1,0,0.276,1.2757,0,4.948,0.104,0.896,0.0,0.0,0.5,0.99,0.0,0.5,0.0,0.85,0.411,0.5,0.565,0.0,0.223,0.0,0,0,0.312,0.671,0.0,0.509,0.0,0.759,0.65,0.0,0.469,0.417,0.0,1.0,0.915
6719,2021.09.05 23:00:20,GBPCHFm,BREAKOUT,BUY,1,1.2672,1.26645,1.27149,5.73,0.366,1.26698,1.2675,1.26562,1,0.027,1.063,-0.0268,1.26482,1.26501,1.26621,1.26095,0,0.0,0.45,0,1.26635,0.597,0.447,0,0.0,0.0,1.26598,1.25801,5.194,0,0,1,1.0,0.825,0.0874,0.825,1.0,2,0.633,2,0.099,1.26698,1.2649,0.027,1.184,0.0,2,0.25,0,0.633,0.355,1.184,0.3,0.264,0,1.26635,8,0.719,0.946,0.1,0.247,0.088,0.712,0.836,1.26924,1.25888,1.25869,-8117.4372,-18115.8897,-2,1.26934,0.471,0.0,0.0,0.0,0.0,0,0.317,1,2,1567,0.773,0.551,0.408,27.0,200.0,0.1572,171.8,0.0,1,1,0.807,1.23714,1,0,0.276,1.2757,0,4.948,0.104,0.896,0.0,0.0,0.5,0.98,0.0,0.5,0.0,1.0,0.414,0.5,0.576,0.0,0.223,0.0,0,0,0.314,0.718,0.0,0.347,0.0,0.513,0.65,0.0,0.53,0.417,0.0,1.0,0.888
6720,2021.09.05 23:00:20,GBPCHFm,PULLBACK,BUY,1,1.2672,1.26645,1.27235,6.87,0.59,1.26698,1.2675,1.26562,1,0.027,1.063,-0.0268,1.26482,1.26501,1.26621,1.26095,0,0.0,0.45,0,1.26635,0.597,0.447,0,0.0,0.0,1.26598,1.25801,5.194,0,0,1,1.0,0.825,0.0874,0.825,1.0,2,0.633,2,0.099,1.26698,1.2649,0.027,1.184,0.0,2,0.25,0,0.633,0.355,1.184,0.3,0.264,0,1.26635,8,0.719,0.946,0.1,0.247,0.088,0.712,0.836,1.26924,1.25888,1.25869,-8117.4372,-18115.8897,-2,1.26934,0.471,0.0,0.0,0.0,0.0,0,0.317,1,2,1567,0.773,0.551,0.408,27.0,198.0,0.1572,171.8,0.0,1,1,0.807,1.23714,1,0,0.276,1.2757,0,4.948,0.104,0.896,0.0,0.0,0.5,0.97,0.0,0.5,0.0,1.0,0.414,0.5,0.576,0.0,0.223,0.0,0,0,0.314,0.718,0.0,0.347,0.0,0.513,0.65,0.0,0.53,0.417,0.0,1.0,0.888
6721,2021.09.05 23:00:40,GBPCHFm,TREND_CONTINUATION,BUY,1,1.26729,1.26523,1.27158,2.08,0.516,1.26698,1.2675,1.26562,1,0.027,1.063,0.0256,1.26482,1.26501,1.26621,1.26095,0,0.0,0.45,0,1.26635,0.597,0.447,0,0.0,0.0,1.26598,1.25801,5.194,0,0,1,1.0,0.825,0.0874,0.825,1.0,2,0.633,2,0.099,1.26698,1.2649,0.026,1.236,0.0,2,0.25,0,0.633,0.371,1.236,0.3,0.265,0,1.26635,8,0.719,0.949,0.1,0.247,0.088,0.712,0.836,1.26924,1.25888,1.25869,-8117.4372,-18115.8897,-2,1.26934,0.471,0.0,0.0,0.0,0.0,0,0.317,1,2,1567,0.773,0.551,0.408,27.0,196.1,0.1572,171.8,0.0,1,1,0.807,1.23714,1,0,0.276,1.2757,0,4.896,0.104,0.896,0.0,0.0,0.5,0.99,0.0,0.5,0.0,1.0,0.453,0.5,0.576,0.0,0.223,0.0,0,0,0.29,0.718,0.0,0.26,0.0,0.513,0.699,0.0,0.552,0.417,0.0,1.0,0.888
6722,2021.09.05 23:01:20,GBPCHFm,MEAN_REVERSION,SELL,1,1.26706,1.26767,1.26635,1.16,0.559,1.26698,1.2675,1.26562,1,0.027,1.063,0.0489,1.26482,1.26501,1.26621,1.26095,0,0.0,0.45,0,1.26635,0.597,0.447,0,0.0,0.0,1.26598,1.25801,5.194,0,0,1,1.0,0.825,0.0874,0.825,1.0,2,0.633,2,0.099,1.26698,1.2649,0.049,1.26,0.0,2,0.25,0,0.633,0.378,1.26,0.3,0.266,0,1.26635,8,0.719,0.902,0.1,0.247,0.088,0.712,0.836,1.26924,1.25888,1.25869,-8117.4372,-18115.8897,-2,1.26934,0.471,0.0,0.0,0.0,0.0,0,0.317,1,2,1567,0.773,0.551,0.408,27.0,190.3,0.1572,171.8,0.0,1,1,0.807,1.23714,1,0,0.276,1.2757,0,5.03,0.104,0.896,0.0,0.0,0.5,0.99,0.0,0.5,0.0,1.0,0.505,0.5,0.576,0.0,0.223,0.0,0,0,0.265,0.775,0.0,0.217,0.0,0.56,0.703,0.0,0.552,0.417,0.0,1.0,0.888
6727,2021.09.06 01:00:00,GBPCHFm,BREAKOUT_RETEST,SELL,1,1.26673,1.2673,1.2658,1.62,0.264,1.26672,1.26714,1.2658,1,0.004,1.052,0.0039,1.26482,1.26504,1.26622,1.26101,0,0.0,0.4,2,1.26672,0.582,0.052,0,0.0,0.0,0.0,1.25801,5.456,0,0,1,0.313,-0.3726,-0.0328,0.373,1.0,0,0.762,3,0.497,1.26672,1.26488,0.004,1.157,0.0,2,0.25,0,0.762,0.347,1.157,0.3,0.35,0,1.2658,5,0.6,0.992,0.1,0.112,0.088,0.753,0.889,1.26924,1.25888,1.25885,-1207.2617,6910.1754,-1,1.26934,0.464,0.0,0.0,0.0,0.0,0,0.42,1,2,1569,0.773,0.551,0.408,27.0,27.0,0.1689,159.9,0.0,1,1,0.807,1.23714,1,0,0.276,1.2757,1,5.611,0.603,0.397,0.0,1.0,1.0,0.9,0.0,0.5,0.0,0.592,0.672,0.5,0.697,0.0,0.51,0.0,0,0,0.516,0.72,0.0,0.49,0.0,0.303,0.65,0.0,0.52,0.417,0.0,1.0,0.772
6728,2021.09.06 01:42:40,GBPCHFm,MEAN_REVERSION,SELL,1,1.26683,1.26811,1.2658,0.8,0.68,1.26672,1.26714,1.2658,1,0.004,1.052,0.0665,1.26482,1.26504,1.26622,1.26101,0,0.0,0.4,2,1.26672,0.582,0.052,0,0.0,0.0,0.0,1.25801,5.456,0,0,1,0.313,-0.3726,-0.0328,0.373,0.5,0,0.762,3,0.497,1.26672,1.26488,0.066,1.219,0.0,2,0.25,0,0.762,0.457,1.219,0.375,0.363,1,1.2658,5,0.6,0.867,0.25,0.112,0.088,0.753,0.889,1.26924,1.25888,1.25885,-1207.2617,6910.1754,-1,1.26934,0.464,0.0,0.0,0.0,0.0,0,0.42,1,2,1569,0.773,0.551,0.408,27.0,27.0,0.1689,159.9,0.0,1,1,0.807,1.23714,1,0,0.276,1.2757,1,5.549,0.603,0.397,0.0,1.0,1.0,0.99,0.0,0.5,0.0,1.0,0.576,0.5,0.58,0.0,0.447,0.0,0,0,0.398,0.714,0.0,0.545,0.0,0.088,0.65,0.0,0.506,0.417,0.0,1.0,0.726
6730,2021.09.06 02:24:00,GBPCHFm,SWEEP_REVERSAL,SELL,1,1.26709,1.2686,1.26583,0.84,0.189,1.26668,1.26707,1.26583,0,0.029,1.47,0.2707,1.26482,1.26504,1.26622,1.26101,0,0.0,0.4,2,1.26668,0.715,0.618,0,0.0,0.0,0.0,1.25801,5.876,0,0,1,0.5,-0.545,-0.0847,0.545,0.202,0,0.729,2,0.415,1.26668,1.26435,0.271,1.815,0.0,2,0.25,0,0.729,0.762,1.815,0.42,0.369,1,1.26583,5,0.6,0.459,0.339,0.164,0.088,0.673,0.981,1.26924,1.25888,1.25885,-1207.2617,6910.1754,-1,1.26934,0.464,0.0,0.0,0.0,0.0,0,0.42,1,2,1570,0.787,0.548,0.407,27.0,27.0,0.1788,151.0,0.0,1,1,0.807,1.23714,1,0,0.276,1.2757,1,5.702,0.603,0.397,0.0,1.0,1.0,0.99,0.0,0.5,0.0,1.0,0.596,0.5,0.58,0.0,0.307,0.0,0,0,0.355,0.591,0.0,0.392,0.0,0.163,0.701,0.0,0.506,0.417,0.0,1.0,0.881
6731,2021.09.06 03:44:00,GBPCHFm,BREAKOUT_RETEST,SELL,1,1.26696,1.26735,1.26652,1.11,0.472,1.26669,1.26699,1.26652,1,0.19,0.066,0.2063,1.26482,1.26504,1.26622,1.26101,0,0.0,0.35,0,1.26669,0.723,0.579,0,0.0,0.0,0.0,1.25801,6.99,0,0,1,0.825,-0.58,-0.1186,0.58,0.574,0,0.783,2,0.182,1.26689,1.26723,0.052,0.204,0.0,2,0.4,0,0.783,0.546,1.5,0.364,0.298,0,1.26652,5,0.6,0.895,0.288,0.174,0.14,0.609,0.934,1.26924,1.25888,1.25885,-1207.2617,6910.1754,-1,1.26934,0.464,0.0,0.0,0.0,0.0,0,0.42,1,2,1571,0.787,0.548,0.407,27.0,27.0,0.2067,130.6,0.0,1,1,0.807,1.23714,1,0,0.276,1.2757,1,6.69,0.603,0.397,0.0,1.0,1.0,0.0,0.0,0.5,0.0,0.87,0.465,0.5,0.672,0.0,0.262,0.0,0,0,0.327,0.58,0.0,0.35,0.0,0.119,0.652,0.0,0.524,0.417,0.0,1.0,0.781
6733,2021.09.06 04:13:00,GBPCHFm,BREAKOUT,SELL,1,1.26685,1.26844,1.2642,1.67,0.398,1.26664,1.26706,1.26657,1,0.424,0.043,0.1967,1.26482,1.26504,1.26622,1.26101,0,0.0,0.5,0,1.26664,0.651,0.246,0,0.0,0.0,0.0,1.25801,8.651,0,0,1,0.9,-0.615,-0.0989,0.615,0.598,0,0.663,0,0.699,1.26667,1.26724,0.173,0.363,0.0,2,0.4,0,0.663,0.131,0.363,0.36,0.313,0,0.0,0,0.0,0.653,0.28,0.185,0.28,0.84,0.938,1.26924,1.25888,1.25885,-1222.4265,-15.1647,-2,1.27566,0.475,0.0,0.0,0.0,0.0,0,0.499,1,2,1572,0.787,0.548,0.407,27.0,27.0,0.2544,106.1,0.0,1,1,0.807,1.23714,1,0,0.276,1.2757,1,8.338,0.103,0.897,0.0,0.0,1.0,0.0,0.0,0.5,0.0,1.0,0.508,0.5,0.574,0.0,0.281,0.0,0,0,0.29,0.535,0.0,0.353,0.0,0.165,0.65,0.0,0.552,0.417,0.0,1.0,0.742
6734,2021.09.06 04:13:20,GBPCHFm,PULLBACK,SELL,1,1.26688,1.26847,1.2637,2.0,0.553,1.26664,1.26706,1.26657,1,0.424,0.043,0.2249,1.26482,1.26504,1.26622,1.26101,0,0.0,0.5,0,1.26664,0.651,0.246,0,0.0,0.0,0.0,1.25801,8.651,0,0,1,0.9,-0.615,-0.0989,0.615,0.674,0,0.663,0,0.699,1.26667,1.26724,0.202,0.335,0.0,2,0.4,0,0.663,0.117,0.335,0.349,0.312,0,0.0,0,0.0,0.597,0.258,0.185,0.28,0.84,0.938,1.26924,1.25888,1.25885,-1222.4265,-15.1647,-2,1.27566,0.475,0.0,0.0,0.0,0.0,0,0.499,1,2,1572,0.787,0.548,0.407,27.0,27.0,0.2544,106.1,0.0,1,1,0.807,1.23714,1,0,0.276,1.2757,1,8.31,0.103,0.897,0.0,0.0,1.0,0.01,0.0,0.5,0.0,1.0,0.525,0.5,0.574,0.0,0.298,0.0,0,0,0.306,0.548,0.0,0.317,0.0,0.165,0.65,0.0,0.584,0.417,0.0,1.0,0.789
6735,2021.09.06 04:13:20,GBPCHFm,TREND_CONTINUATION,SELL,1,1.26688,1.26815,1.26423,2.08,0.473,1.26664,1.26706,1.26657,1,0.424,0.043,0.2249,1.26482,1.26504,1.26622,1.26101,0,0.0,0.5,0,1.26664,0.651,0.246,0,0.0,0.0,0.0,1.25801,8.651,0,0,1,0.9,-0.615,-0.0989,0.615,0.674,0,0.663,0,0.699,1.26667,1.26724,0.202,0.335,0.0,2,0.4,0,0.663,0.117,0.335,0.349,0.312,0,0.0,0,0.0,0.597,0.258,0.185,0.28,0.84,0.938,1.26924,1.25888,1.25885,-1222.4265,-15.1647,-2,1.27566,0.475,0.0,0.0,0.0,0.0,0,0.499,1,2,1572,0.787,0.548,0.407,27.0,27.0,0.2544,106.1,0.0,1,1,0.807,1.23714,1,0,0.276,1.2757,1,8.31,0.103,0.897,0.0,0.0,1.0,0.01,0.0,0.5,0.0,1.0,0.525,0.5,0.574,0.0,0.298,0.0,0,0,0.306,0.548,0.0,0.317,0.0,0.165,0.65,0.0,0.584,0.417,0.0,1.0,0.789
6736,2021.09.06 04:45:00,GBPCHFm,MEAN_REVERSION,BUY,1,1.26665,1.2658,1.26733,0.8,0.622,1.26664,1.26706,1.26657,0,0.424,0.043,-0.2461,1.26482,1.26504,1.26622,1.26101,0,0.0,0.5,0,1.26664,0.651,0.246,0,0.0,0.0,0.0,1.25801,8.651,0,0,1,0.9,-0.615,-0.0989,0.615,0.132,0,0.663,0,0.699,1.26667,1.26637,0.269,0.01,0.0,2,0.4,0,0.663,0.645,1.5,0.43,0.373,1,1.26706,4,0.6,0.461,0.421,0.185,0.28,0.84,0.875,1.26924,1.25888,1.25885,-1222.4265,-15.1647,-2,1.27566,0.475,0.0,0.0,0.0,0.0,0,0.499,1,2,1572,0.787,0.548,0.407,27.0,27.0,0.2544,106.1,0.0,1,1,0.807,1.23714,1,0,0.276,1.2757,1,8.526,0.103,0.897,0.0,0.0,1.0,0.0,0.0,0.5,0.0,0.731,0.233,0.5,0.555,0.0,0.44,0.0,0,0,0.503,0.494,0.0,1.0,0.0,0.204,0.65,0.0,0.548,0.417,0.0,1.0,0.821
0,2021.09.06 05:00:00,GBPCHFm,ANCHORED_PULLBACK,BUY,1,1.26664,1.26655,1.26693,3.08,0.677,1.26703,1.26721,1.26664,0,0.26,0.042,-0.695,1.26683,1.26504,1.26622,1.26101,0,0.0,0.55,0,1.26693,0.743,0.593,0,0.0,0.0,1.26632,1.25801,8.829,0,0,1,0.656,-0.4374,-0.0234,0.437,0.203,2,0.527,0,0.41,1.26662,1.26633,0.26,0.039,0.0755,0,0.4,2,0.621,0.396,0.695,0.57,0.305,0,1.26693,8,0.749,0.48,0.399,0.831,0.222,0.897,0.841,1.26924,1.25888,1.25885,-1222.4265,-15.1647,-2,1.27566,0.475,0.0,0.0,0.0,0.0,0,0.499,1,2,1573,0.787,0.548,0.407,27.0,27.0,0.2851,94.7,0.0,1,1,0.807,1.23714,1,0,0.276,1.2757,0,9.566,0.103,0.897,0.0,0.0,0.5,0.63,0.0,0.5,0.0,0.587,0.326,0.5,0.576,0.0,0.522,0.0,0,0,0.486,0.499,0.0,1.0,0.0,0.581,0.65,0.0,0.501,0.417,0.0,1.0,0.852
6739,2021.09.06 05:02:40,GBPCHFm,SWEEP_REVERSAL,BUY,1,1.26634,1.26539,1.2672,0.9,0.262,1.26703,1.26721,1.26664,0,0.26,0.042,-1.0117,1.26683,1.26504,1.26622,1.26101,1,0.0,0.55,0,1.26693,0.743,0.593,0,0.0,0.0,1.26632,1.25801,8.829,0,0,1,0.656,-0.4374,-0.0234,0.437,0.148,0,0.772,0,0.41,1.26662,1.26633,0.577,0.278,0.0,2,0.4,0,0.772,0.433,1.012,0.428,0.347,0,1.26693,8,0.749,0.0,0.415,0.131,0.222,0.897,0.841,1.26924,1.25888,1.25885,-1222.4265,-15.1647,-2,1.27566,0.475,0.0,0.0,0.0,0.0,0,0.499,1,2,1573,0.787,0.548,0.407,27.0,27.0,0.2851,94.7,0.0,1,1,0.807,1.23714,1,0,0.276,1.2757,0,9.882,0.103,0.897,0.0,0.0,0.5,0.0,0.0,0.5,0.0,0.699,0.259,0.5,0.576,0.0,0.499,0.0,0,0,0.516,0.676,0.0,0.974,0.0,0.216,0.421,0.0,0.549,0.417,0.0,1.0,0.803
6746,2021.09.06 05:44:00,GBPCHFm,BREAKOUT_RETEST,SELL,1,1.26677,1.26712,1.26636,1.17,0.397,1.26703,1.26721,1.26664,1,0.26,0.042,-0.2727,1.26683,1.26504,1.26622,1.26101,0,0.0,0.55,0,1.26693,0.743,0.593,0,0.0,0.0,1.26632,1.25801,8.829,0,0,1,0.656,-0.4374,-0.0234,0.437,0.34,0,0.772,0,0.41,1.26662,1.26633,0.162,0.461,0.0,2,0.4,0,0.772,0.184,0.461,0.399,0.318,0,1.26721,4,0.6,0.675,0.358,0.131,0.222,0.897,0.841,1.26924,1.25888,1.25885,-1222.4265,-15.1647,-2,1.27566,0.475,0.0,0.0,0.0,0.0,0,0.499,1,2,1573,0.787,0.548,0.407,27.0,27.0,0.2851,94.7,0.0,1,1,0.807,1.23714,1,0,0.276,1.2757,0,9.428,0.103,0.897,0.0,0.0,0.5,0.93,0.0,0.5,0.0,0.54,0.663,0.5,0.565,0.0,0.269,0.0,0,0,0.375,0.811,0.0,0.659,0.0,0.276,0.65,0.0,0.573,0.417,0.0,1.0,0.742
6748,2021.09.06 06:13:00,GBPCHFm,BREAKOUT,BUY,1,1.26728,1.26689,1.26967,6.16,0.191,1.26702,1.26725,1.26672,1,0.008,0.132,-0.0089,1.26683,1.26504,1.26622,1.26101,0,0.0,0.4,0,1.26702,0.665,0.242,0,0.0,0.0,1.26697,1.25801,9.562,0,0,1,0.308,0.3681,0.0323,0.368,1.0,0,0.848,3,0.67,1.26695,1.26729,0.061,0.289,0.0,2,0.4,0,0.848,0.45,1.5,0.3,0.393,1,1.26672,5,0.6,0.878,0.16,0.11,0.14,0.839,0.964,1.26924,1.25888,1.25885,-1222.4265,-15.1647,-2,1.27566,0.475,0.0,0.0,0.0,0.0,0,0.499,1,2,1574,0.787,0.548,0.407,27.0,27.0,0.2821,95.7,0.0,1,1,0.807,1.23714,1,0,0.276,1.2757,1,8.797,0.103,0.897,0.0,0.0,1.0,0.38,0.0,0.5,0.0,0.419,0.289,0.5,1.0,0.0,0.81,0.0,0,0,0.75,0.864,0.0,0.455,0.0,0.286,0.65,0.0,0.592,0.417,0.0,1.0,0.765
6749,2021.09.06 06:13:20,GBPCHFm,PULLBACK,BUY,1,1.26728,1.26584,1.27015,2.0,0.374,1.26702,1.26725,1.26672,1,0.008,0.132,-0.0089,1.26683,1.26504,1.26622,1.26101,0,0.0,0.4,0,1.26702,0.665,0.242,0,0.0,0.0,1.26697,1.25801,9.562,0,0,1,0.308,0.3681,0.0323,0.368,1.0,0,0.848,3,0.67,1.26695,1.26729,0.061,0.289,0.0,2,0.4,0,0.848,0.45,1.5,0.3,0.393,1,1.26672,5,0.6,0.878,0.16,0.11,0.14,0.839,0.964,1.26924,1.25888,1.25885,-1222.4265,-15.1647,-2,1.27566,0.475,0.0,0.0,0.0,0.0,0,0.499,1,2,1574,0.787,0.548,0.407,27.0,27.0,0.2821,95.7,0.0,1,1,0.807,1.23714,1,0,0.276,1.2757,1,8.797,0.103,0.897,0.0,0.0,1.0,0.38,0.0,0.5,0.0,0.419,0.29,0.5,1.0,0.0,0.81,0.0,0,0,0.75,0.864,0.0,0.455,0.0,0.286,0.65,0.0,0.592,0.417,0.0,1.0,0.765
6750,2021.09.06 06:13:20,GBPCHFm,TREND_CONTINUATION,BUY,1,1.26728,1.26613,1.26967,2.08,0.264,1.26702,1.26725,1.26672,1,0.008,0.132,-0.0089,1.26683,1.26504,1.26622,1.26101,0,0.0,0.4,0,1.26702,0.665,0.242,0,0.0,0.0,1.26697,1.25801,9.562,0,0,1,0.308,0.3681,0.0323,0.368,1.0,0,0.848,3,0.67,1.26695,1.26729,0.061,0.289,0.0,2,0.4,0,0.848,0.45,1.5,0.3,0.393,1,1.26672,5,0.6,0.878,0.16,0.11,0.14,0.839,0.964,1.26924,1.25888,1.25885,-1222.4265,-15.1647,-2,1.27566,0.475,0.0,0.0,0.0,0.0,0,0.499,1,2,1574,0.787,0.548,0.407,27.0,27.0,0.2821,95.7,0.0,1,1,0.807,1.23714,1,0,0.276,1.2757,1,8.797,0.103,0.897,0.0,0.0,1.0,0.38,0.0,0.5,0.0,0.419,0.29,0.5,1.0,0.0,0.81,0.0,0,0,0.75,0.864,0.0,0.455,0.0,0.286,0.65,0.0,0.592,0.417,0.0,1.0,0.765
6754,2021.09.06 07:00:20,GBPCHFm,ANCHORED_PULLBACK,SELL,1,1.26666,1.26711,1.26476,4.23,0.414,1.26705,1.26722,1.26667,0,0.002,0.216,-0.4091,1.26683,1.26504,1.2667,1.26101,1,0.0,0.4,0,1.26705,0.769,0.441,0,0.0,0.0,1.26685,1.25801,9.571,0,0,1,0.5,0.72,0.0839,0.72,0.252,0,0.714,2,0.203,1.26701,1.26643,0.373,0.243,0.0,2,0.15,0,0.714,0.169,0.409,0.412,0.29,0,1.26705,8,0.754,0.254,0.284,0.216,0.053,0.709,0.844,1.26924,1.25888,1.25885,-1222.4265,-15.1647,-2,1.27566,0.475,0.0,0.0,0.0,0.0,0,0.499,1,2,1575,0.787,0.548,0.407,27.0,27.0,0.2836,95.2,0.0,1,1,0.807,1.23714,1,0,0.276,1.2757,1,9.494,0.103,0.897,0.0,0.0,1.0,0.0,0.0,0.5,0.0,0.734,0.5,0.5,0.547,0.0,0.858,0.0,0,0,0.507,0.686,0.0,0.697,0.0,0.278,0.433,0.0,0.543,0.417,0.0,1.0,0.843
6756,2021.09.06 07:00:40,GBPCHFm,MEAN_REVERSION,SELL,1,1.26728,1.26804,1.26667,0.8,0.624,1.26705,1.26722,1.26667,0,0.002,0.216,0.2421,1.26683,1.26504,1.2667,1.26101,0,0.0,0.4,0,1.26705,0.769,0.441,0,0.0,0.0,1.26685,1.25801,9.571,0,0,1,0.5,0.72,0.0839,0.72,0.136,0,0.714,2,0.203,1.26701,1.26733,0.278,0.048,0.0,2,0.15,0,0.714,0.644,1.5,0.43,0.345,0,1.26667,5,0.6,0.443,0.319,0.216,0.053,0.709,0.906,1.26924,1.25888,1.25885,-1222.4265,-15.1647,-2,1.27566,0.475,0.0,0.0,0.0,0.0,0,0.499,1,2,1575,0.787,0.548,0.407,27.0,27.0,0.2836,95.2,0.0,1,1,0.807,1.23714,1,0,0.276,1.2757,1,8.843,0.103,0.897,0.0,0.0,1.0,0.86,0.0,0.5,0.0,0.808,0.661,0.5,0.547,0.0,0.804,0.0,0,0,0.582,0.595,0.0,0.382,0.0,0.263,0.706,0.0,0.563,0.417,0.0,1.0,0.874
6758,2021.09.06 07:15:40,GBPCHFm,SWEEP_REVERSAL,SELL,1,1.26797,1.26892,1.26705,0.97,0.138,1.26705,1.26722,1.26667,0,0.002,0.216,0.9668,1.26683,1.26504,1.2667,1.26101,0,0.0,0.4,0,1.26705,0.769,0.441,0,0.0,0.0,1.26685,1.25801,9.571,0,0,1,0.5,0.72,0.0839,0.72,0.095,0,0.714,2,0.203,1.26701,1.26733,1.003,0.677,0.0,2,0.15,0,0.714,0.437,1.003,0.436,0.321,0,1.26705,8,0.754,0.0,0.331,0.216,0.053,0.709,0.906,1.26924,1.25888,1.25885,-1222.4265,-15.1647,-2,1.27566,0.475,0.0,0.0,0.0,0.0,0,0.499,1,2,1575,0.787,0.548,0.407,27.0,27.0,0.2836,95.2,0.0,1,1,0.807,1.23714,1,0,0.276,1.2757,1,8.119,0.103,0.897,0.0,0.0,1.0,0.99,0.0,0.5,0.0,0.448,0.71,0.5,0.537,0.0,0.744,0.0,0,0,0.585,0.492,0.0,0.239,0.0,0.364,0.87,0.0,0.563,0.417,0.0,1.0,0.874
6759,2021.09.06 08:00:40,GBPCHFm,BREAKOUT_RETEST,BUY,2,1.26753,1.26723,1.26806,1.76,0.52,1.26709,1.26784,1.26656,1,0.364,0.687,0.1736,1.26668,1.26517,1.26734,1.26154,1,0.0,0.55,0,1.26779,0.663,0.509,0,0.0,0.0,1.26765,1.25801,9.463,0,0,1,0.825,0.755,0.1269,0.755,0.599,0,0.697,0,0.696,1.26691,1.26814,0.349,0.877,0.0,2,0.0,0,0.697,0.316,0.877,0.36,0.407,1,1.26779,8,0.733,0.303,0.12,0.226,0.139,0.874,0.902,1.26924,1.25888,1.25895,2924.6285,4147.0549,2,1.27566,0.484,0.0,0.0,0.0,0.0,0,0.596,1,2,1576,0.787,0.548,0.407,27.0,27.0,0.2706,99.8,0.0,1,1,0.807,1.23714,1,0,0.276,1.2757,1,8.188,0.102,0.898,0.0,0.0,1.0,0.0,0.0,0.5,0.0,0.432,0.428,0.5,0.518,0.0,0.582,0.0,0,0,0.431,0.806,0.0,0.561,0.0,0.588,0.434,0.0,0.538,0.417,0.0,1.0,0.886
6762,2021.09.06 08:13:20,GBPCHFm,BREAKOUT,BUY,2,1.26768,1.26726,1.26841,1.71,0.349,1.26709,1.26784,1.26656,1,0.364,0.687,0.3239,1.26668,1.26517,1.26734,1.26154,0,0.0,0.55,0,1.26779,0.663,0.509,0,0.0,0.0,1.26765,1.25801,9.463,0,0,1,0.825,0.755,0.1269,0.755,0.282,0,0.697,0,0.696,1.26691,1.26814,0.499,0.727,0.0,2,0.0,0,0.697,0.296,0.727,0.408,0.405,1,1.26709,1,0.7,0.002,0.216,0.226,0.139,0.874,0.902,1.26924,1.25888,1.25895,2924.6285,4147.0549,2,1.27566,0.484,0.0,0.0,0.0,0.0,0,0.596,1,2,1576,0.787,0.548,0.407,27.0,27.0,0.2706,99.8,0.0,1,1,0.807,1.23714,1,0,0.276,1.2757,1,8.037,0.102,0.898,0.0,0.0,1.0,0.65,0.0,0.5,0.0,0.371,0.419,0.5,0.489,0.0,0.526,0.0,0,0,0.406,0.803,0.0,0.748,0.0,0.692,0.434,0.0,0.558,0.417,0.0,1.0,0.921
6763,2021.09.06 08:13:20,GBPCHFm,PULLBACK,BUY,2,1.26768,1.26726,1.26841,1.71,0.567,1.26709,1.26784,1.26656,1,0.364,0.687,0.3239,1.26668,1.26517,1.26734,1.26154,0,0.0,0.55,0,1.26779,0.663,0.509,0,0.0,0.0,1.26765,1.25801,9.463,0,0,1,0.825,0.755,0.1269,0.755,0.282,0,0.697,0,0.696,1.26691,1.26814,0.499,0.727,0.0,2,0.0,0,0.697,0.296,0.727,0.408,0.405,1,1.26709,1,0.7,0.002,0.216,0.226,0.139,0.874,0.902,1.26924,1.25888,1.25895,2924.6285,4147.0549,2,1.27566,0.484,0.0,0.0,0.0,0.0,0,0.596,1,2,1576,0.787,0.548,0.407,27.0,27.0,0.2706,99.8,0.0,1,1,0.807,1.23714,1,0,0.276,1.2757,1,8.037,0.102,0.898,0.0,0.0,1.0,0.65,0.0,0.5,0.0,0.371,0.419,0.5,0.489,0.0,0.526,0.0,0,0,0.406,0.803,0.0,0.748,0.0,0.692,0.434,0.0,0.558,0.417,0.0,1.0,0.921
6764,2021.09.06 08:15:40,GBPCHFm,TREND_CONTINUATION,BUY,2,1.26799,1.26679,1.27048,2.08,0.49,1.26709,1.26784,1.26656,1,0.364,0.687,0.6346,1.26668,1.26517,1.26734,1.26154,0,0.0,0.55,0,1.26779,0.663,0.509,0,0.0,0.0,1.26765,1.25801,9.463,0,0,1,0.825,0.755,0.1269,0.755,0.533,0,0.697,0,0.696,1.26691,1.26814,0.81,0.416,0.0,2,0.0,0,0.697,0.3,0.81,0.37,0.405,1,1.26709,1,0.7,0.0,0.14,0.226,0.139,0.874,0.902,1.26924,1.25888,1.25895,2924.6285,4147.0549,2,1.27566,0.484,0.0,0.0,0.0,0.0,0,0.596,1,2,1576,0.787,0.548,0.407,27.0,27.0,0.2706,99.8,0.0,1,1,0.807,1.23714,1,0,0.276,1.2757,1,7.727,0.102,0.898,0.0,0.0,1.0,0.99,0.0,0.5,0.0,0.455,0.473,0.5,0.448,0.0,0.539,0.0,0,0,0.366,0.856,0.0,0.475,0.0,0.692,0.651,0.0,0.553,0.417,0.0,1.0,0.961
6768,2021.09.06 09:00:20,GBPCHFm,ANCHORED_PULLBACK,SELL,2,1.2673,1.26766,1.26668,1.71,0.542,1.26709,1.26773,1.26668,1,0.02,0.94,0.2107,1.26668,1.26517,1.26734,1.26154,1,0.0,0.45,0,1.26709,0.651,0.717,0,0.0,0.0,1.26736,1.25801,9.181,0,0,0,0.6,0.79,0.1049,0.79,0.705,0,0.7,0,0.925,1.26714,1.2665,0.153,0.786,0.0,2,0.0,0,0.7,0.271,0.786,0.344,0.429,1,1.26773,4,0.6,0.694,0.088,0.237,0.185,0.853,0.823,1.26924,1.25888,1.25895,2924.6285,4147.0549,2,1.27566,0.484,0.0,0.0,0.0,0.0,0,0.596,1,2,1577,0.787,0.548,0.407,27.0,27.0,0.2668,101.2,0.0,1,1,0.807,1.23714,1,0,0.276,1.2757,1,8.299,0.102,0.898,0.0,0.0,1.0,0.5,0.0,0.5,0.0,0.708,0.481,0.5,0.481,0.0,0.515,0.0,0,0,0.362,0.813,0.0,0.436,0.0,0.389,0.46,0.0,0.567,0.417,0.0,1.0,0.933
6770,2021.09.06 09:13:00,GBPCHFm,MEAN_REVERSION,SELL,2,1.2675,1.26783,1.26709,1.26,0.638,1.26709,1.26773,1.26668,1,0.02,0.94,0.4083,1.26668,1.26517,1.26734,1.26154,0,0.0,0.45,0,1.26709,0.651,0.717,0,0.0,0.0,1.26736,1.25801,9.181,0,0,0,0.6,0.79,0.1049,0.79,0.483,0,0.7,0,0.925,1.26714,1.26825,0.351,0.743,0.0,2,0.0,0,0.7,0.28,0.743,0.378,0.43,1,1.26709,8,0.73,0.299,0.155,0.237,0.185,0.853,0.935,1.26924,1.25888,1.25895,2924.6285,4147.0549,2,1.27566,0.484,0.0,0.0,0.0,0.0,0,0.596,1,2,1577,0.787,0.548,0.407,27.0,27.0,0.2668,101.2,0.0,1,1,0.807,1.23714,1,0,0.276,1.2757,1,8.102,0.102,0.898,0.0,0.0,1.0,0.93,0.0,0.5,0.0,0.779,0.358,0.5,0.504,0.0,0.398,0.0,0,0,0.395,0.687,0.0,0.475,0.0,0.542,0.724,0.0,0.556,0.417,0.0,1.0,0.921
6772,2021.09.06 10:04:40,GBPCHFm,BREAKOUT_RETEST,BUY,2,1.2679,1.26759,1.26831,1.32,0.562,1.26735,1.26767,1.26694,1,0.301,0.322,0.2733,1.26668,1.26517,1.26734,1.26154,0,0.0,0.4,0,1.26735,0.715,0.571,0,0.0,0.0,1.26752,1.25801,9.485,0,0,1,0.975,0.65,0.061,0.65,0.558,0,0.779,0,0.745,1.26735,1.26813,0.273,0.484,0.0,2,0.25,0,0.779,0.177,0.484,0.366,0.378,1,1.26694,5,0.6,0.453,0.233,0.195,0.237,0.852,0.922,1.26924,1.25888,1.25895,2924.6285,4147.0549,2,1.27566,0.484,0.0,0.0,0.0,0.0,0,0.596,1,2,1578,0.787,0.548,0.407,27.0,27.0,0.2629,102.7,0.0,1,1,0.807,1.23714,1,0,0.276,1.2757,1,7.594,0.102,0.898,0.0,0.0,1.0,0.53,0.0,0.5,0.0,1.0,0.694,0.5,0.507,0.0,0.356,0.0,0,0,0.411,0.72,0.0,0.776,0.0,0.305,0.658,0.0,0.548,0.417,0.0,1.0,0.88
6774,2021.09.06 10:13:20,GBPCHFm,BREAKOUT,BUY,2,1.26794,1.2664,1.27051,1.67,0.487,1.26735,1.26767,1.26694,0,0.301,0.322,0.3123,1.26668,1.26517,1.26734,1.26154,0,0.0,0.4,0,1.26735,0.715,0.571,0,0.0,0.0,1.26752,1.25801,9.485,0,0,1,0.975,0.65,0.061,0.65,0.414,0,0.779,0,0.745,1.26735,1.26813,0.312,0.445,0.0,2,0.25,0,0.779,0.173,0.445,0.388,0.377,1,1.26735,8,0.743,0.375,0.276,0.195,0.237,0.852,0.922,1.26924,1.25888,1.25895,2924.6285,4147.0549,2,1.27566,0.484,0.0,0.0,0.0,0.0,0,0.596,1,2,1578,0.787,0.548,0.407,27.0,27.0,0.2629,102.7,0.0,1,1,0.807,1.23714,1,0,0.276,1.2757,1,7.555,0.102,0.898,0.0,0.0,1.0,0.25,0.0,0.5,0.0,0.899,0.685,0.5,0.529,0.0,0.346,0.0,0,0,0.408,0.712,0.0,0.64,0.0,0.364,0.845,0.0,0.548,0.417,0.0,1.0,0.921
6775,2021.09.06 10:13:20,GBPCHFm,PULLBACK,BUY,2,1.26794,1.2664,1.27102,2.0,0.445,1.26735,1.26767,1.26694,0,0.301,0.322,0.3123,1.26668,1.26517,1.26734,1.26154,0,0.0,0.4,0,1.26735,0.715,0.571,0,0.0,0.0,1.26752,1.25801,9.485,0,0,1,0.975,0.65,0.061,0.65,0.414,0,0.779,0,0.745,1.26735,1.26813,0.312,0.445,0.0,2,0.25,0,0.779,0.173,0.445,0.388,0.377,1,1.26735,8,0.743,0.375,0.276,0.195,0.237,0.852,0.922,1.26924,1.25888,1.25895,2924.6285,4147.0549,2,1.27566,0.484,0.0,0.0,0.0,0.0,0,0.596,1,2,1578,0.787,0.548,0.407,27.0,27.0,0.2629,102.7,0.0,1,1,0.807,1.23714,1,0,0.276,1.2757,1,7.555,0.102,0.898,0.0,0.0,1.0,0.24,0.0,0.5,0.0,0.899,0.685,0.5,0.529,0.0,0.346,0.0,0,0,0.408,0.712,0.0,0.64,0.0,0.364,0.845,0.0,0.548,0.417,0.0,1.0,0.921
6778,2021.09.06 10:15:40,GBPCHFm,TREND_CONTINUATION,BUY,2,1.26786,1.26663,1.27043,2.08,0.523,1.26735,1.26767,1.26694,1,0.301,0.322,0.2344,1.26668,1.26517,1.26734,1.26154,0,0.0,0.4,0,1.26735,0.715,0.571,0,0.0,0.0,1.26752,1.25801,9.485,0,0,1,0.975,0.65,0.061,0.65,0.558,0,0.779,0,0.745,1.26735,1.26813,0.234,0.523,0.0,2,0.25,0,0.779,0.191,0.523,0.366,0.379,1,1.26694,5,0.6,0.531,0.233,0.195,0.237,0.852,0.922,1.26924,1.25888,1.25895,2924.6285,4147.0549,2,1.27566,0.484,0.0,0.0,0.0,0.0,0,0.596,1,2,1578,0.787,0.548,0.407,27.0,27.0,0.2629,102.7,0.0,1,1,0.807,1.23714,1,0,0.276,1.2757,1,7.633,0.102,0.898,0.0,0.0,1.0,0.01,0.0,0.5,0.0,1.0,0.693,0.5,0.539,0.0,0.343,0.0,0,0,0.415,0.72,0.0,0.776,0.0,0.33,0.651,0.0,0.548,0.417,0.0,1.0,0.88
6780,2021.09.06 11:50:40,GBPCHFm,MEAN_REVERSION,SELL,2,1.26801,1.26881,1.26735,0.83,0.619,1.26735,1.26781,1.26714,0,0.11,0.529,0.6617,1.26668,1.26517,1.26734,1.26154,0,0.0,0.4,0,1.26735,0.698,0.795,0,0.0,0.0,0.0,1.25801,9.503,0,0,1,0.7,0.86,0.0845,0.86,0.065,0,0.678,0,0.952,1.26764,1.26814,0.369,0.133,0.0,2,0.0,0,0.678,0.291,0.662,0.44,0.417,1,1.26735,8,0.74,0.262,0.281,0.258,0.19,0.752,0.945,1.26924,1.25888,1.25895,2924.6285,4147.0549,2,1.27566,0.484,0.0,0.0,0.0,0.0,0,0.596,1,2,1579,0.787,0.548,0.407,27.0,27.0,0.2706,99.8,0.0,1,1,0.807,1.23714,1,0,0.276,1.2757,1,7.707,0.102,0.898,0.0,0.0,1.0,0.99,0.0,0.5,0.0,0.606,0.539,0.5,0.531,0.0,0.274,0.0,0,0,0.293,0.607,0.0,0.57,0.0,0.348,0.865,0.0,0.556,0.417,0.0,1.0,1.002
6781,2021.09.06 11:59:40,GBPCHFm,SWEEP_REVERSAL,SELL,2,1.26821,1.26921,1.26735,0.86,0.154,1.26735,1.26781,1.26714,0,0.11,0.529,0.8621,1.26668,1.26517,1.26734,1.26154,0,0.0,0.4,0,1.26735,0.698,0.795,0,0.0,0.0,0.0,1.25801,9.503,0,0,1,0.7,0.86,0.0845,0.86,0.074,0,0.678,0,0.952,1.26764,1.26814,0.569,0.067,0.0,2,0.0,0,0.678,0.378,0.862,0.439,0.427,1,1.26735,8,0.74,0.0,0.278,0.258,0.19,0.752,0.945,1.26924,1.25888,1.25895,2924.6285,4147.0549,2,1.27566,0.484,0.0,0.0,0.0,0.0,0,0.596,1,2,1579,0.787,0.548,0.407,27.0,27.0,0.2706,99.8,0.0,1,1,0.807,1.23714,1,0,0.276,1.2757,1,7.506,0.102,0.898,0.0,0.0,1.0,0.99,0.0,0.5,0.0,0.739,0.666,0.5,0.539,0.0,0.269,0.0,0,0,0.369,0.609,0.0,0.238,0.0,0.352,0.865,0.0,0.556,0.417,0.0,1.0,1.002
6782,2021.09.06 12:00:00,GBPCHFm,ANCHORED_PULLBACK,BUY,2,1.26844,1.268,1.27008,3.77,0.318,1.26736,1.2677,1.26718,0,0.612,0.003,0.8426,1.26698,1.26517,1.26783,1.26202,0,0.0,0.35,0,1.26736,0.622,0.814,0,0.0,0.0,1.26767,1.25801,10.633,0,0,1,1.0,0.895,0.0995,0.895,0.026,0,0.695,0,0.933,1.26759,1.2681,0.612,0.074,-0.1606,1,0.15,0,0.775,0.376,0.843,0.446,0.427,1,1.26736,8,0.724,0.0,0.652,0.269,0.239,0.763,0.971,1.27615,1.25888,1.25895,3085.6,160.9715,2,1.27566,0.495,0.0,0.0,0.0,0.0,0,0.646,1,2,1580,0.783,0.555,0.404,27.0,27.0,0.2825,95.6,0.0,1,1,0.807,1.23714,1,0,0.276,1.2757,1,7.596,0.17,0.83,0.0,0.0,1.0,0.98,0.0,0.5,0.0,0.917,0.709,0.5,0.513,0.0,0.243,0.0,0,0,0.376,0.282,0.0,0.285,0.0,0.143,0.864,0.0,0.565,0.417,0.0,1.0,0.798
6784,2021.09.06 12:13:20,GBPCHFm,BREAKOUT,BUY,2,1.26819,1.26776,1.27058,5.55,0.504,1.26736,1.2677,1.26718,0,0.612,0.003,0.581,1.26698,1.26517,1.26783,1.26202,0,0.0,0.35,0,1.26736,0.622,0.814,0,0.0,0.0,1.26767,1.25801,10.633,0,0,1,1.0,0.895,0.0995,0.895,0.139,0,0.705,0,0.933,1.26759,1.2681,0.35,0.188,0.0,2,0.15,0,0.785,0.249,0.581,0.429,0.415,1,1.26736,8,0.724,0.299,0.318,0.269,0.239,0.763,0.971,1.27615,1.25888,1.25895,3085.6,160.9715,2,1.27566,0.495,0.0,0.0,0.0,0.0,0,0.646,1,2,1580,0.783,0.555,0.404,27.0,27.0,0.2825,95.6,0.0,1,1,0.807,1.23714,1,0,0.276,1.2757,1,7.858,0.17,0.83,0.0,0.0,1.0,0.1,0.0,0.5,0.0,1.0,0.523,0.5,0.517,0.0,0.357,0.0,0,0,0.312,0.42,0.157,0.755,0.0,0.276,0.865,0.0,0.565,0.417,0.0,1.0,0.855
6785,2021.09.06 12:13:20,GBPCHFm,PULLBACK,BUY,2,1.26819,1.26676,1.27106,2.0,0.484,1.26736,1.2677,1.26718,0,0.612,0.003,0.581,1.26698,1.26517,1.26783,1.26202,0,0.0,0.35,0,1.26736,0.622,0.814,0,0.0,0.0,1.26767,1.25801,10.633,0,0,1,1.0,0.895,0.0995,0.895,0.139,0,0.705,0,0.933,1.26759,1.2681,0.35,0.188,0.0,2,0.15,0,0.785,0.249,0.581,0.429,0.415,1,1.26736,8,0.724,0.299,0.318,0.269,0.239,0.763,0.971,1.27615,1.25888,1.25895,3085.6,160.9715,2,1.27566,0.495,0.0,0.0,0.0,0.0,0,0.646,1,2,1580,0.783,0.555,0.404,27.0,27.0,0.2825,95.6,0.0,1,1,0.807,1.23714,1,0,0.276,1.2757,1,7.858,0.17,0.83,0.0,0.0,1.0,0.1,0.0,0.5,0.0,1.0,0.523,0.5,0.517,0.0,0.357,0.0,0,0,0.312,0.42,0.157,0.755,0.0,0.276,0.865,0.0,0.565,0.417,0.0,1.0,0.855
6788,2021.09.06 12:15:40,GBPCHFm,TREND_CONTINUATION,BUY,2,1.26806,1.26691,1.27045,2.08,0.566,1.26736,1.2677,1.26718,0,0.612,0.003,0.445,1.26698,1.26517,1.26783,1.26202,1,0.0,0.35,0,1.26736,0.622,0.814,0,0.0,0.0,1.26767,1.25801,10.633,0,0,1,1.0,0.895,0.0995,0.895,0.18,0,0.705,0,0.933,1.26759,1.2681,0.214,0.324,0.0,2,0.15,0,0.785,0.188,0.445,0.423,0.408,1,1.26736,8,0.724,0.572,0.306,0.269,0.239,0.763,0.971,1.27615,1.25888,1.25895,3085.6,160.9715,2,1.27566,0.495,0.0,0.0,0.0,0.0,0,0.646,1,2,1580,0.783,0.555,0.404,27.0,27.0,0.2825,95.6,0.0,1,1,0.807,1.23714,1,0,0.276,1.2757,1,7.994,0.17,0.83,0.0,0.0,1.0,0.0,0.0,0.5,0.0,0.993,0.513,0.5,0.523,0.0,0.312,0.0,0,0,0.289,0.565,0.175,0.7,0.0,0.256,0.788,0.0,0.545,0.417,0.0,1.0,0.823
6790,2021.09.06 12:54:00,GBPCHFm,BREAKOUT_RETEST,BUY,2,1.26793,1.26764,1.26822,1.02,0.602,1.26736,1.2677,1.26718,1,0.612,0.003,0.3089,1.26698,1.26517,1.26783,1.26202,1,0.0,0.35,0,1.26736,0.622,0.814,0,0.0,0.0,1.26767,1.25801,10.633,0,0,1,1.0,0.895,0.0995,0.895,0.684,0,0.705,0,0.933,1.26759,1.2681,0.078,0.46,0.0,2,0.15,0,0.785,0.16,0.46,0.347,0.404,1,1.26736,8,0.724,0.844,0.155,0.269,0.239,0.763,0.971,1.27615,1.25888,1.25895,3085.6,160.9715,2,1.27566,0.495,0.0,0.0,0.0,0.0,0,0.646,1,2,1580,0.783,0.555,0.404,27.0,27.0,0.2825,95.6,0.0,1,1,0.807,1.23714,1,0,0.276,1.2757,1,8.13,0.17,0.83,0.0,0.0,1.0,0.0,0.0,0.5,0.0,0.948,0.308,0.5,0.528,0.0,0.428,0.0,0,0,0.445,0.761,0.0,0.71,0.0,0.251,0.434,0.0,0.571,0.417,0.0,1.0,0.831
6794,2021.09.06 13:54:40,GBPCHFm,MEAN_REVERSION,SELL,4,1.26821,1.26891,1.26764,0.81,0.599,1.26764,1.26784,1.26721,0,0.536,0.274,0.6499,1.26695,1.26473,1.2679,1.26205,0,0.0,0.4,0,1.26748,0.737,0.287,0,0.0,0.0,0.0,1.25801,11.508,0,0,1,1.0,0.93,0.1423,0.93,0.274,0,0.66,0,0.554,1.26752,1.26835,0.785,0.16,0.0,2,0.15,0,0.74,0.339,0.83,0.409,0.394,1,1.26764,1,0.7,0.0,0.278,0.279,0.163,0.979,0.948,1.27615,1.25888,1.25895,3085.6,160.9715,2,1.27566,0.495,0.0,0.0,0.0,0.0,0,0.646,1,2,1581,0.783,0.555,0.404,27.0,27.0,0.3076,87.8,0.0,1,1,0.807,1.23714,1,0,0.276,1.2757,1,8.532,0.17,0.83,0.0,0.0,1.0,0.99,0.0,0.5,0.0,0.527,0.751,0.5,0.491,0.0,0.422,0.0,0,0,0.467,0.418,0.0,0.333,0.0,0.355,0.862,0.0,0.574,0.417,0.0,1.0,0.855
6796,2021.09.06 14:13:20,GBPCHFm,BREAKOUT,SELL,4,1.26718,1.26856,1.26488,1.67,0.438,1.2677,1.26803,1.26729,0,0.168,0.149,-0.5605,1.26695,1.26473,1.2679,1.26254,1,0.0,0.5,0,1.2677,0.69,0.795,0,0.0,0.0,0.0,1.25801,10.031,0,0,0,0.8,0.965,0.1646,0.965,0.236,0,0.716,0,0.777,1.26744,1.26704,0.283,0.152,0.0,2,0.15,0,0.796,0.232,0.561,0.415,0.394,1,1.2677,8,0.738,0.433,0.289,0.29,0.208,0.744,0.858,1.27615,1.25888,1.25895,3085.6,160.9715,2,1.27566,0.495,0.0,0.0,0.0,0.0,0,0.646,1,2,1582,0.783,0.555,0.404,27.0,27.0,0.293,92.1,0.0,1,1,0.807,1.23714,1,0,0.276,1.2757,1,9.247,0.17,0.83,0.0,0.0,1.0,0.36,0.0,0.5,0.0,0.374,0.283,0.5,0.478,0.0,0.385,0.0,0,0,0.427,0.534,0.037,0.574,0.0,0.328,0.506,0.0,0.551,0.417,0.0,1.0,0.886
6797,2021.09.06 14:17:40,GBPCHFm,SWEEP_REVERSAL,BUY,4,1.26721,1.26629,1.26797,0.82,0.199,1.2677,1.26803,1.26729,0,0.168,0.149,-0.821,1.26695,1.26473,1.2679,1.26254,1,0.0,0.5,0,1.2677,0.69,0.795,0,0.0,0.0,0.0,1.25801,10.031,0,0,0,0.8,0.965,0.1646,0.965,0.078,0,0.716,0,0.777,1.26744,1.26704,0.544,0.108,0.0,2,0.15,0,0.796,0.36,0.821,0.438,0.409,1,1.2677,8,0.738,0.0,0.337,0.29,0.208,0.744,0.858,1.27615,1.25888,1.25895,3085.6,160.9715,2,1.27566,0.495,0.0,0.0,0.0,0.0,0,0.646,1,2,1582,0.783,0.555,0.404,27.0,27.0,0.293,92.1,0.0,1,1,0.807,1.23714,1,0,0.276,1.2757,1,9.214,0.17,0.83,0.0,0.0,1.0,0.0,0.0,0.5,0.0,0.374,0.281,0.5,0.492,0.0,0.404,0.0,0,0,0.44,0.5,0.037,0.662,0.0,0.328,0.468,0.0,0.551,0.417,0.0,1.0,0.886
6798,2021.09.06 14:21:40,GBPCHFm,TREND_CONTINUATION,BUY,4,1.26682,1.26571,1.26797,1.04,0.51,1.2677,1.26803,1.26729,0,0.168,0.149,-1.2443,1.26695,1.26473,1.2679,1.26254,1,0.0,0.5,0,1.2677,0.69,0.795,0,0.0,0.0,0.0,1.25801,10.031,0,0,0,0.8,0.965,0.1646,0.965,0.078,0,0.716,0,0.777,1.26744,1.26704,0.967,0.531,0.0,2,0.15,0,0.796,0.545,1.244,0.438,0.43,1,1.2677,8,0.738,0.0,0.337,0.29,0.208,0.744,0.858,1.27615,1.25888,1.25895,3085.6,160.9715,2,1.27566,0.495,0.0,0.0,0.0,0.0,0,0.646,1,2,1582,0.783,0.555,0.404,27.0,27.0,0.293,92.1,0.0,1,1,0.807,1.23714,1,0,0.276,1.2757,1,9.637,0.17,0.83,0.0,0.0,1.0,0.0,0.0,0.5,0.0,0.544,0.25,0.5,0.478,0.0,0.39,0.0,0,0,0.449,0.5,0.0,0.662,0.0,0.353,0.408,0.0,0.547,0.417,0.0,1.0,0.886
6801,2021.09.06 14:26:40,GBPCHFm,PULLBACK,BUY,4,1.26653,1.26515,1.26797,1.04,0.438,1.2677,1.26803,1.26729,0,0.168,0.149,-1.559,1.26695,1.26473,1.2679,1.26254,1,0.0,0.5,0,1.2677,0.69,0.795,0,0.0,0.0,0.0,1.25801,10.031,0,0,0,0.8,0.965,0.1646,0.965,0.078,0,0.716,0,0.777,1.26744,1.26704,1.282,0.846,0.0,2,0.15,0,0.796,0.683,1.559,0.438,0.446,1,1.2677,8,0.738,0.0,0.337,0.29,0.208,0.744,0.858,1.27615,1.25888,1.25895,3085.6,160.9715,2,1.27566,0.495,0.0,0.0,0.0,0.0,0,0.646,1,2,1582,0.783,0.555,0.404,27.0,27.0,0.293,92.1,0.0,1,1,0.807,1.23714,1,0,0.276,1.2757,1,9.952,0.17,0.83,0.0,0.0,1.0,0.0,0.0,0.5,0.0,0.621,0.272,0.5,0.487,0.0,0.439,0.0,0,0,0.458,0.5,0.0,0.441,0.0,0.386,0.378,0.0,0.548,0.417,0.0,1.0,0.886
6804,2021.09.06 15:54:40,GBPCHFm,MEAN_REVERSION,BUY,4,1.26647,1.26569,1.26767,1.54,0.582,1.2674,1.26827,1.26699,0,0.994,0.271,-1.2307,1.26717,1.26473,1.2679,1.26303,1,0.0,0.55,0,1.2674,0.711,0.0,2,0.0,0.0,0.0,1.25801,8.67,0,0,0,1.0,0.825,0.0863,0.825,0.268,2,0.634,3,0.312,1.2674,1.26617,1.231,0.034,0.0,2,0.4,0,0.714,0.504,1.231,0.41,0.341,0,1.2674,8,0.742,0.0,0.38,0.247,0.14,1.0,0.805,1.27615,1.25888,1.25895,3085.6,160.9715,2,1.27566,0.495,0.0,0.0,0.0,0.0,0,0.646,1,2,1583,0.783,0.555,0.404,27.0,27.0,0.2779,97.1,0.0,1,1,0.807,1.23714,1,0,0.276,1.2757,1,9.501,0.17,0.83,0.0,0.0,1.0,0.87,0.0,0.5,0.0,1.0,0.543,0.5,0.465,0.0,0.374,0.0,0,0,0.315,0.336,0.047,0.684,0.158,0.494,0.398,0.0,0.541,0.417,0.0,1.0,0.823
6806,2021.09.06 16:00:00,GBPCHFm,BREAKOUT_RETEST,SELL,4,1.26607,1.26636,1.26516,3.1,0.543,1.26638,1.26754,1.26595,1,0.189,0.06,-0.313,1.26717,1.26473,1.2679,1.26303,1,0.0,0.65,2,1.26638,0.796,0.42,0,0.0,0.0,0.0,1.25801,8.221,0,0,0,0.43,-0.5217,-0.0296,0.522,0.315,1,0.346,3,0.57,1.26638,1.26601,0.313,0.06,0.3049,0,0.45,2,1.0,0.173,0.313,0.553,0.381,1,1.26638,8,0.759,0.374,0.386,0.857,0.157,0.856,0.636,1.27615,1.25888,1.25899,5363.4937,2277.8937,2,1.27566,0.495,0.0,0.0,0.0,0.0,0,0.445,1,2,1584,0.783,0.555,0.404,27.0,27.0,0.2753,98.1,0.0,1,1,0.807,1.23714,1,0,0.276,1.2757,1,9.819,0.169,0.831,0.0,0.0,1.0,0.22,0.0,0.5,0.0,0.927,0.629,0.5,0.403,0.0,0.349,0.0,0,0,0.338,0.563,0.036,0.479,0.14,0.724,0.478,0.0,0.445,0.417,0.0,1.0,0.698
6808,2021.09.06 16:13:20,GBPCHFm,BREAKOUT,SELL,4,1.26606,1.26753,1.26361,1.67,0.212,1.26638,1.26754,1.26595,1,0.189,0.06,-0.3232,1.26717,1.26473,1.2679,1.26303,1,0.0,0.65,2,1.26638,0.796,0.42,0,0.0,0.0,0.0,1.25801,8.221,0,0,0,0.43,-0.5217,-0.0296,0.522,0.315,2,0.646,3,0.57,1.26638,1.26601,0.323,0.05,0.0,2,0.15,0,0.646,0.13,0.323,0.403,0.332,0,1.26638,8,0.759,0.354,0.266,0.157,0.053,0.856,0.636,1.27615,1.25888,1.25899,5363.4937,2277.8937,2,1.27566,0.495,0.0,0.0,0.0,0.0,0,0.445,1,2,1584,0.783,0.555,0.404,27.0,27.0,0.2753,98.1,0.0,1,1,0.807,1.23714,1,0,0.276,1.2757,1,9.83,0.169,0.831,0.0,0.0,1.0,0.08,0.0,0.5,0.0,1.0,0.458,0.5,0.478,0.0,0.317,0.0,0,0,0.296,0.636,0.0,0.493,0.158,0.573,0.466,0.0,0.518,0.417,0.0,1.0,0.709
6809,2021.09.06 16:21:40,GBPCHFm,TREND_CONTINUATION,SELL,4,1.26612,1.2673,1.26367,2.08,0.319,1.26638,1.26754,1.26595,1,0.189,0.06,-0.2621,1.26717,1.26473,1.2679,1.26303,1,0.0,0.65,2,1.26638,0.796,0.42,0,0.0,0.0,0.0,1.25801,8.221,0,0,0,0.43,-0.5217,-0.0296,0.522,0.671,2,0.646,3,0.57,1.26638,1.26601,0.262,0.111,0.0,2,0.15,0,0.646,0.524,1.5,0.349,0.378,1,1.26754,4,0.6,0.476,0.159,0.157,0.053,0.856,0.636,1.27615,1.25888,1.25899,5363.4937,2277.8937,2,1.27566,0.495,0.0,0.0,0.0,0.0,0,0.445,1,2,1584,0.783,0.555,0.404,27.0,27.0,0.2753,98.1,0.0,1,1,0.807,1.23714,1,0,0.276,1.2757,1,9.768,0.169,0.831,0.0,0.0,1.0,0.68,0.0,0.5,0.0,1.0,0.413,0.5,0.561,0.0,0.298,0.0,0,0,0.34,0.712,0.101,0.443,0.134,0.581,0.499,0.0,0.552,0.417,0.0,1.0,0.754
6810,2021.09.06 16:26:59,GBPCHFm,PULLBACK,SELL,4,1.26605,1.26752,1.26303,2.05,0.409,1.26638,1.26754,1.26595,1,0.189,0.06,-0.3334,1.26717,1.26473,1.2679,1.26303,1,0.0,0.65,2,1.26638,0.796,0.42,0,0.0,0.0,0.0,1.25801,8.221,0,0,0,0.43,-0.5217,-0.0296,0.522,0.315,2,0.646,3,0.57,1.26638,1.26601,0.333,0.04,0.0,2,0.15,0,0.646,0.134,0.333,0.403,0.333,0,1.26638,8,0.759,0.333,0.266,0.157,0.053,0.856,0.636,1.27615,1.25888,1.25899,5363.4937,2277.8937,2,1.27566,0.495,0.0,0.0,0.0,0.0,0,0.445,1,2,1584,0.783,0.555,0.404,27.0,27.0,0.2753,98.1,0.0,1,1,0.807,1.23714,1,0,0.276,1.2757,1,9.84,0.169,0.831,0.0,0.0,1.0,0.39,0.0,0.5,0.0,1.0,0.506,0.5,0.502,0.0,0.257,0.0,0,0,0.257,0.636,0.101,0.493,0.158,0.581,0.464,0.0,0.518,0.417,0.0,1.0,0.709
0,2021.09.06 17:00:00,GBPCHFm,ANCHORED_PULLBACK,SELL,3,1.26563,1.26595,1.2636,6.39,0.511,1.26636,1.26724,1.26589,0,0.456,0.057,-0.7222,1.26717,1.26473,1.2679,1.26351,1,0.0,0.5,0,1.26636,0.624,0.589,0,0.0,0.0,1.26564,1.25801,7.515,0,0,0,0.75,-0.72,-0.1009,0.72,0.036,0,0.662,1,0.107,1.2663,1.26575,0.656,0.123,-0.2327,1,0.15,0,0.662,0.321,0.722,0.445,0.293,0,1.26636,8,0.725,0.0,0.649,0.216,0.053,0.795,0.97,1.27615,1.25888,1.25899,5363.4937,2277.8937,2,1.27566,0.495,0.0,0.0,0.0,0.0,0,0.445,1,2,1585,0.783,0.555,0.404,43.0,27.2,0.4239,101.4,0.0,1,1,0.807,1.23714,1,0,0.276,1.2757,1,9.928,0.169,0.831,0.0,0.0,1.0,0.0,0.0,0.5,0.0,0.753,0.24,0.5,0.496,0.0,0.135,0.0,0,0,0.359,0.497,0.0,0.452,0.157,0.326,0.434,0.0,0.507,0.417,0.0,1.0,0.749
6811,2021.09.06 17:00:40,GBPCHFm,SWEEP_REVERSAL,BUY,3,1.26563,1.26462,1.26679,1.15,0.137,1.26636,1.26724,1.26589,0,0.456,0.057,-1.1461,1.26717,1.26473,1.2679,1.26351,1,0.0,0.5,0,1.26636,0.624,0.589,0,0.0,0.0,1.26564,1.25801,7.515,0,0,0,0.75,-0.72,-0.1009,0.72,0.036,0,0.67,1,0.107,1.2663,1.26575,1.08,0.547,0.0,2,0.15,0,0.67,0.51,1.146,0.445,0.317,0,1.26636,8,0.725,0.0,0.349,0.216,0.053,0.795,0.97,1.27615,1.25888,1.25899,5363.4937,2277.8937,2,1.27566,0.495,0.0,0.0,0.0,0.0,0,0.445,1,2,1585,0.783,0.555,0.404,43.0,27.8,0.4239,101.4,0.0,1,1,0.807,1.23714,1,0,0.276,1.2757,1,9.928,0.169,0.831,0.0,0.0,1.0,0.0,0.0,0.5,0.0,0.655,0.216,0.5,0.451,0.0,0.13,0.0,0,0,0.357,0.543,0.0,0.974,0.161,0.434,0.385,0.0,0.542,0.417,0.0,1.0,0.803
0,2021.09.06 17:55:00,GBPCHFm,MEAN_REVERSION,BUY,3,1.26654,1.26573,1.26739,1.05,0.594,1.26636,1.26724,1.26589,0,0.456,0.057,-0.8405,1.26717,1.26473,1.2679,1.26351,1,0.0,0.5,0,1.26636,0.624,0.589,0,0.0,0.0,1.26564,1.25801,7.515,0,0,0,0.75,-0.72,-0.1009,0.72,0.036,0,0.67,1,0.107,1.2663,1.26575,0.774,0.242,0.0,2,0.15,0,0.67,0.374,0.84,0.445,0.301,0,1.26636,8,0.725,0.0,0.349,0.216,0.053,0.795,0.97,1.27615,1.25888,1.25899,5363.4937,2277.8937,2,1.27566,0.495,0.0,0.0,0.0,0.0,0,0.445,1,2,1585,0.783,0.555,0.404,103.0,103.0,1.0155,101.4,0.0,1,1,0.807,1.23714,1,0,0.276,1.2757,1,9.031,0.169,0.831,0.0,0.0,1.0,0.47,0.0,0.5,0.0,0.58,0.278,0.5,0.529,0.0,0.601,0.0,0,0,0.533,0.499,0.0,0.753,0.185,0.518,0.43,0.0,0.542,0.5,0.0,1.0,0.798
0,2021.09.06 18:14:30,GBPCHFm,BREAKOUT,SELL,3,1.26567,1.26641,1.26303,3.6,0.335,1.2663,1.2675,1.26552,1,0.243,0.156,-0.5951,1.26717,1.26473,1.2679,1.26351,1,0.0,0.7,0,1.2663,0.651,0.0,2,0.0,0.0,0.0,1.25801,7.149,0,0,0,0.825,-0.755,-0.2026,0.755,0.064,2,0.64,0,0.763,1.26531,1.26581,0.338,0.129,0.0,2,0.15,0,0.64,0.262,0.595,0.44,0.348,0,1.2663,8,0.73,0.324,0.341,0.226,0.205,0.679,0.944,1.27615,1.25888,1.25899,5363.4937,2277.8937,2,1.27566,0.495,0.0,0.0,0.0,0.0,0,0.445,1,2,1586,0.783,0.555,0.404,103.0,103.0,0.9737,105.8,0.0,1,1,0.807,1.23714,1,0,0.276,1.2757,1,9.481,0.169,0.831,0.0,0.0,1.0,0.95,0.0,0.5,0.0,1.0,0.615,0.5,0.523,0.0,0.531,0.0,0,0,0.438,0.43,0.0,0.357,0.143,0.481,0.462,0.0,0.488,0.5,0.0,1.0,0.721
0,2021.09.06 18:29:00,GBPCHFm,PULLBACK,SELL,3,1.26568,1.26641,1.26352,2.99,0.552,1.2663,1.2675,1.26552,1,0.243,0.156,-0.5856,1.26717,1.26473,1.2679,1.26351,1,0.0,0.7,0,1.2663,0.651,0.0,2,0.0,0.0,0.0,1.25801,7.149,0,0,0,0.825,-0.755,-0.2026,0.755,0.064,2,0.64,0,0.763,1.26531,1.26581,0.347,0.119,0.0,2,0.15,0,0.64,0.258,0.586,0.44,0.348,0,1.2663,8,0.73,0.305,0.341,0.226,0.205,0.679,0.944,1.27615,1.25888,1.25899,5363.4937,2277.8937,2,1.27566,0.495,0.0,0.0,0.0,0.0,0,0.445,1,2,1586,0.783,0.555,0.404,103.0,103.0,0.9737,105.8,0.0,1,1,0.807,1.23714,1,0,0.276,1.2757,1,9.472,0.169,0.831,0.0,0.0,1.0,0.98,0.0,0.5,0.0,1.0,0.688,0.5,0.53,0.0,0.548,0.0,0,0,0.491,0.43,0.0,0.357,0.143,0.481,0.463,0.0,0.488,0.5,0.0,1.0,0.721
6813,2021.09.06 18:29:00,GBPCHFm,TREND_CONTINUATION,SELL,3,1.26568,1.26695,1.26304,2.08,0.472,1.2663,1.2675,1.26552,1,0.243,0.156,-0.5856,1.26717,1.26473,1.2679,1.26351,1,0.0,0.7,0,1.2663,0.651,0.0,2,0.0,0.0,0.0,1.25801,7.149,0,0,0,0.825,-0.755,-0.2026,0.755,0.064,2,0.64,0,0.763,1.26531,1.26581,0.347,0.119,0.0,2,0.15,0,0.64,0.258,0.586,0.44,0.348,0,1.2663,8,0.73,0.305,0.341,0.226,0.205,0.679,0.944,1.27615,1.25888,1.25899,5363.4937,2277.8937,2,1.27566,0.495,0.0,0.0,0.0,0.0,0,0.445,1,2,1586,0.783,0.555,0.404,103.0,103.0,0.9737,105.8,0.0,1,1,0.807,1.23714,1,0,0.276,1.2757,1,9.472,0.169,0.831,0.0,0.0,1.0,0.97,0.0,0.5,0.0,1.0,0.688,0.5,0.53,0.0,0.548,0.0,0,0,0.491,0.43,0.0,0.357,0.143,0.481,0.463,0.0,0.488,0.5,0.0,1.0,0.721
6814,2021.09.06 19:01:40,GBPCHFm,SWEEP_REVERSAL,BUY,3,1.26646,1.26543,1.26736,0.87,0.153,1.26633,1.26685,1.26543,0,0.091,0.274,-0.8704,1.26717,1.26571,1.2679,1.26351,1,0.0,0.75,0,1.26557,0.67,0.545,0,0.0,0.0,0.0,1.25801,7.225,0,0,0,0.9,-0.615,-0.2771,0.615,0.733,0,0.696,3,0.608,1.26529,1.26505,0.135,0.363,0.0,2,0.15,0,0.696,0.296,0.87,0.34,0.38,1,1.26633,1,0.7,0.731,0.14,0.185,0.053,0.946,0.926,1.27615,1.25888,1.25899,5363.4937,2277.8937,2,1.27566,0.495,0.0,0.0,0.0,0.0,0,0.445,1,2,1587,0.783,0.555,0.404,103.0,103.0,0.9959,103.4,0.0,1,1,0.807,1.23714,1,0,0.276,1.2757,1,8.934,0.169,0.831,0.0,0.0,1.0,0.44,0.0,0.5,0.0,0.67,0.267,0.5,0.558,0.0,0.231,0.0,0,0,0.4,0.736,0.0,0.601,0.151,0.571,0.503,0.0,0.536,0.5,0.0,1.0,0.844
0,2021.09.06 19:18:40,GBPCHFm,BREAKOUT_RETEST,SELL,3,1.26551,1.26582,1.26472,2.53,0.528,1.26633,1.26685,1.26543,1,0.091,0.274,-0.7931,1.26717,1.26571,1.2679,1.26351,1,0.0,0.75,0,1.26557,0.67,0.545,0,0.0,0.0,0.0,1.25801,7.225,0,0,0,0.9,-0.615,-0.2771,0.615,0.788,0,0.696,3,0.608,1.26557,1.26581,0.062,0.291,0.0,2,0.15,0,0.696,0.263,0.793,0.332,0.375,1,1.26633,1,0.7,0.876,0.124,0.185,0.053,0.935,0.954,1.27615,1.25888,1.25899,5363.4937,2277.8937,2,1.27566,0.495,0.0,0.0,0.0,0.0,0,0.445,1,2,1587,0.783,0.555,0.404,103.0,103.0,0.9959,103.4,0.0,1,1,0.807,1.23714,1,0,0.276,1.2757,1,9.852,0.169,0.831,0.0,0.0,1.0,0.99,0.0,0.5,0.0,0.538,0.455,0.5,0.703,0.0,0.244,0.0,0,0,0.336,0.751,0.0,0.722,0.136,0.498,0.49,0.0,0.536,0.5,0.0,1.0,0.767
0,2021.09.06 19:55:00,GBPCHFm,MEAN_REVERSION,BUY,3,1.26653,1.2657,1.26736,1.0,0.636,1.26633,1.26685,1.26543,1,0.091,0.274,-0.8027,1.26717,1.26571,1.2679,1.26351,1,0.0,0.75,0,1.26557,0.67,0.545,0,0.0,0.0,0.0,1.25801,7.225,0,0,0,0.9,-0.615,-0.2771,0.615,0.788,0,0.696,3,0.608,1.26557,1.26581,0.072,0.3,0.0,2,0.15,0,0.696,0.266,0.803,0.332,0.375,1,1.26633,1,0.7,0.856,0.124,0.185,0.053,0.935,0.954,1.27615,1.25888,1.25899,5363.4937,2277.8937,2,1.27566,0.495,0.0,0.0,0.0,0.0,0,0.445,1,2,1587,0.783,0.555,0.404,103.0,103.0,0.9959,103.4,0.0,1,1,0.807,1.23714,1,0,0.276,1.2757,1,8.866,0.169,0.831,0.0,0.0,1.0,0.65,0.0,0.5,0.0,0.544,0.56,0.5,0.654,0.0,0.378,0.0,0,0,0.384,0.751,0.0,0.722,0.136,0.225,0.489,0.0,0.536,0.5,0.0,1.0,0.767
6817,2021.09.06 20:18:40,GBPCHFm,BREAKOUT,SELL,3,1.26545,1.26694,1.26296,1.67,0.264,1.26548,1.26575,1.26512,1,0.134,0.265,-0.0269,1.26717,1.26571,1.2679,1.26351,1,0.0,0.4,0,1.26548,0.616,0.638,0,0.0,0.0,0.0,1.25801,7.716,0,0,0,0.65,-0.65,-0.3331,0.65,1.0,0,0.786,1,0.218,1.26544,1.26504,0.013,0.412,0.0,2,0.4,0,0.786,0.124,0.412,0.3,0.276,0,1.26575,4,0.6,0.974,0.16,0.195,0.14,0.78,0.969,1.26924,1.25888,1.25899,5441.2805,77.7868,2,1.27566,0.467,0.0,0.0,0.0,0.0,0,0.366,1,2,1588,0.783,0.555,0.404,137.0,135.3,1.3759,99.6,0.0,1,1,0.807,1.23714,1,0,0.276,1.2757,0,10.294,0.101,0.899,0.0,0.0,0.5,0.22,0.0,0.5,0.0,0.304,0.489,0.5,0.587,0.0,0.873,0.0,0,0,0.532,0.76,0.0,0.622,0.139,0.266,0.517,0.0,0.549,0.5,0.0,1.0,0.691
6819,2021.09.06 20:29:40,GBPCHFm,PULLBACK,SELL,3,1.26536,1.26685,1.26352,1.24,0.472,1.26548,1.26575,1.26512,1,0.134,0.265,-0.1173,1.26717,1.26571,1.2679,1.26351,1,0.0,0.4,0,1.26548,0.616,0.638,0,0.0,0.0,0.0,1.25801,7.716,0,0,0,0.65,-0.65,-0.3331,0.65,0.779,0,0.786,1,0.218,1.26544,1.26504,0.077,0.322,0.0,2,0.4,0,0.786,0.107,0.322,0.333,0.274,0,1.26575,4,0.6,0.845,0.226,0.195,0.14,0.78,0.969,1.26924,1.25888,1.25899,5441.2805,77.7868,2,1.27566,0.467,0.0,0.0,0.0,0.0,0,0.366,1,2,1588,0.783,0.555,0.404,138.0,136.8,1.3859,99.6,0.0,1,1,0.807,1.23714,1,0,0.276,1.2757,0,10.385,0.101,0.899,0.0,0.0,0.5,0.12,0.0,0.5,0.0,0.706,0.337,0.5,0.718,0.0,0.861,0.0,0,0,0.657,0.76,0.0,0.747,0.139,0.266,0.507,0.0,0.549,0.5,0.0,1.0,0.691
0,2021.09.06 20:30:00,GBPCHFm,TREND_CONTINUATION,SELL,3,1.26528,1.26647,1.26279,2.08,0.392,1.26548,1.26575,1.26512,1,0.134,0.265,-0.1976,1.26717,1.26571,1.2679,1.26351,1,0.0,0.4,0,1.26548,0.616,0.638,0,0.0,0.0,0.0,1.25801,7.716,0,0,0,0.65,-0.65,-0.3331,0.65,0.743,0,0.786,1,0.218,1.26544,1.26504,0.158,0.242,0.0,2,0.4,0,0.786,0.508,1.5,0.339,0.32,0,1.26575,4,0.6,0.685,0.237,0.195,0.14,0.78,0.969,1.26924,1.25888,1.25899,5441.2805,77.7868,2,1.27566,0.467,0.0,0.0,0.0,0.0,0,0.366,1,2,1588,0.783,0.555,0.404,193.0,137.4,1.9383,99.6,0.0,1,1,0.807,1.23714,1,0,0.276,1.2757,0,10.465,0.101,0.899,0.0,0.0,0.5,0.0,0.0,0.5,0.0,0.425,0.317,0.5,0.929,0.0,0.782,0.0,0,0,0.701,0.76,0.0,0.747,0.139,0.266,0.498,0.0,0.549,0.5,0.0,1.0,0.767
0,2021.09.06 21:06:40,GBPCHFm,SWEEP_REVERSAL,BUY,3,1.26682,1.26578,1.268,1.13,0.218,1.26544,1.26573,1.26527,0,0.198,0.472,-1.1346,1.267,1.26571,1.2679,1.264,1,0.0,0.2,4,1.26544,0.595,0.849,0,0.0,0.0,0.0,1.25801,6.82,0,0,0,1.0,-0.685,-0.3109,0.685,0.006,0,0.763,1,0.259,1.2655,1.26451,1.19,0.241,0.0,2,0.25,0,0.763,0.535,1.19,0.449,0.333,0,1.26544,8,0.719,0.0,0.398,0.206,0.238,0.679,0.99,1.26924,1.25888,1.25899,5441.2805,77.7868,2,1.27566,0.467,0.0,0.0,0.0,0.0,0,0.366,1,2,1589,0.783,0.555,0.404,256.0,179.1,2.4548,104.3,0.0,1,1,0.807,1.23714,1,0,0.276,1.2757,1,8.515,0.101,0.899,0.0,0.0,1.0,0.0,0.0,0.5,1.0,0.519,0.369,0.5,0.512,0.0,0.643,0.0,0,0,0.489,0.673,0.0,1.0,0.215,0.255,0.307,0.0,0.535,0.455,0.0,1.0,0.925
0,2021.09.06 21:47:40,GBPCHFm,BREAKOUT_RETEST,SELL,3,1.26535,1.26566,1.26504,1.01,0.553,1.26544,1.26573,1.26527,1,0.198,0.472,-0.0894,1.267,1.26571,1.2679,1.264,1,0.0,0.2,4,1.26544,0.595,0.849,0,0.0,0.0,0.0,1.25801,6.82,0,0,0,1.0,-0.685,-0.3109,0.685,0.597,0,0.763,1,0.259,1.2655,1.26451,0.145,0.804,0.0,2,0.25,0,0.763,0.29,0.804,0.36,0.304,0,1.26573,4,0.6,0.709,0.221,0.206,0.238,0.679,0.99,1.26924,1.25888,1.25899,5441.2805,77.7868,2,1.27566,0.467,0.0,0.0,0.0,0.0,0,0.366,1,2,1589,0.783,0.555,0.404,314.0,365.8,3.011,104.3,0.0,1,1,0.807,1.23714,1,0,0.276,1.2757,1,9.925,0.101,0.899,0.0,0.0,1.0,0.99,0.0,0.5,0.0,0.831,0.776,0.5,0.525,0.0,0.348,0.0,0,0,0.462,0.8,0.0,0.785,0.178,0.374,0.493,0.0,0.543,0.455,0.0,1.0,0.764
0,2021.09.06 21:59:40,GBPCHFm,MEAN_REVERSION,BUY,3,1.26764,1.26681,1.26839,0.9,0.637,1.26544,1.26573,1.26527,0,0.198,0.472,-0.7223,1.267,1.26571,1.2679,1.264,1,0.0,0.2,4,1.26544,0.595,0.849,0,0.0,0.0,0.0,1.25801,6.82,0,0,0,1.0,-0.685,-0.3109,0.685,0.012,0,0.763,1,0.259,1.2655,1.26451,0.778,0.171,0.0,2,0.25,0,0.763,0.349,0.778,0.448,0.311,0,1.26544,8,0.719,0.0,0.396,0.206,0.238,0.679,0.99,1.26924,1.25888,1.25899,5441.2805,77.7868,2,1.27566,0.467,0.0,0.0,0.0,0.0,0,0.366,1,2,1589,0.783,0.555,0.404,295.0,301.5,2.8288,104.3,0.0,1,1,0.807,1.23714,1,0,0.276,1.2757,1,7.729,0.101,0.899,0.0,0.0,1.0,0.53,0.0,0.5,0.436,0.595,0.599,0.5,0.469,0.0,0.258,0.0,0,0,0.303,0.675,0.0,0.831,0.179,0.375,0.385,0.0,0.529,0.455,0.0,1.0,0.925
0,2021.09.06 22:00:00,GBPCHFm,ANCHORED_PULLBACK,SELL,1,1.26533,1.26556,1.26317,9.39,0.568,1.26551,1.26568,1.26534,0,0.046,1.212,-0.166,1.26708,1.26508,1.26795,1.26398,1,0.0,0.15,4,1.26551,0.592,0.697,0,0.0,0.0,1.26532,1.25801,6.78,0,0,0,1.0,-0.895,-0.2695,0.895,0.342,0,0.758,2,0.5,1.26545,1.26391,0.113,1.318,-0.1134,1,0.0,1,0.94,0.328,1.318,0.249,0.41,1,1.26568,4,0.6,0.774,0.497,0.269,0.15,0.593,0.975,1.26924,1.25888,1.25899,5441.2805,77.7868,2,1.27566,0.467,0.0,0.0,0.0,0.0,0,0.366,1,2,1590,0.785,0.553,0.403,301.0,300.7,2.787,108.0,0.0,1,1,0.807,1.23714,1,0,0.276,1.2757,1,9.602,0.101,0.899,0.0,0.0,1.0,0.51,0.0,0.5,0.447,0.431,0.581,0.5,0.472,0.0,0.282,0.0,0,0,0.303,0.915,0.0,0.607,0.14,0.373,0.54,0.0,0.502,0.417,0.0,1.0,0.805
0,2021.09.06 22:30:00,GBPCHFm,TREND_CONTINUATION,SELL,1,1.26539,1.26669,1.26402,1.06,0.562,1.26551,1.26568,1.26534,1,0.046,1.212,-0.1104,1.26708,1.26508,1.26795,1.26398,1,0.0,0.15,4,1.26551,0.592,0.697,0,0.0,0.0,1.26532,1.25801,6.78,0,0,0,1.0,-0.895,-0.2695,0.895,0.618,0,0.794,2,0.5,1.26545,1.26391,0.057,1.374,0.0,2,0.0,0,0.794,0.491,1.374,0.357,0.393,1,0.0,0,0.0,0.885,0.115,0.269,0.15,0.593,0.975,1.26924,1.25888,1.25899,5441.2805,77.7868,2,1.27566,0.467,0.0,0.0,0.0,0.0,0,0.366,1,2,1590,0.785,0.553,0.403,216.0,245.7,2.0,108.0,0.0,1,1,0.807,1.23714,1,0,0.276,1.2757,1,9.546,0.101,0.899,0.0,0.0,1.0,0.99,0.0,0.5,0.0,1.0,0.784,0.5,0.541,0.0,0.195,0.0,0,0,0.41,0.815,0.0,0.759,0.14,0.339,0.54,0.0,0.539,0.455,0.0,1.0,0.764
6824,2021.09.07 00:00:00,GBPCHFm,BREAKOUT,BUY,1,1.2663,1.26586,1.26893,6.0,0.676,1.26556,1.26576,1.26523,0,0.317,1.846,0.4442,1.26732,1.26561,1.26754,1.26369,1,0.0,0.2,4,1.26556,0.625,0.529,0,0.0,0.0,0.0,1.25801,7.63,0,0,0,1.0,-0.79,-0.0608,0.79,0.034,0,0.72,0,0.1,1.2655,1.26395,0.508,1.974,0.1332,0,0.25,2,0.928,1.174,1.974,0.595,0.422,1,1.26556,8,0.725,0.0,0.39,0.937,0.258,0.627,0.96,1.26924,1.25888,1.25899,5378.4965,-62.784,1,1.27566,0.461,0.0,0.0,0.0,0.0,0,0.463,1,2,1592,0.785,0.553,0.403,27.0,27.0,0.2568,105.1,0.0,1,1,0.807,1.23714,1,0,0.276,1.2757,0,8.94,0.107,0.893,0.0,1.0,0.5,0.02,0.0,0.5,0.0,0.958,0.375,0.5,0.533,0.0,0.116,0.0,0,0,0.281,0.726,0.0,0.802,0.1,0.736,0.616,0.0,0.471,0.417,0.0,1.0,0.953
6826,2021.09.07 00:10:40,GBPCHFm,MEAN_REVERSION,SELL,1,1.26626,1.2671,1.26556,0.83,0.626,1.26556,1.26576,1.26523,0,0.317,1.846,0.6629,1.26732,1.26561,1.26754,1.26369,1,0.0,0.2,4,1.26556,0.625,0.529,0,0.0,0.0,0.0,1.25801,7.63,0,0,0,1.0,-0.79,-0.0608,0.79,0.333,0,0.737,0,0.1,1.2655,1.26395,0.727,2.192,0.0,2,0.25,0,0.737,0.877,2.192,0.4,0.34,0,1.26556,8,0.725,0.0,0.3,0.237,0.258,0.627,0.96,1.26924,1.25888,1.25899,5378.4965,-62.784,1,1.27566,0.461,0.0,0.0,0.0,0.0,0,0.463,1,2,1592,0.785,0.553,0.403,27.0,27.0,0.2568,105.1,0.0,1,1,0.807,1.23714,1,0,0.276,1.2757,0,8.978,0.107,0.893,0.0,1.0,0.5,0.98,0.0,0.5,0.0,0.521,0.655,0.5,0.845,0.0,0.156,0.0,0,0,0.409,0.719,0.0,0.736,0.1,0.3,0.756,0.0,0.55,0.417,0.0,1.0,0.938
6827,2021.09.07 00:19:40,GBPCHFm,SWEEP_REVERSAL,SELL,1,1.26642,1.26747,1.26556,0.82,0.226,1.26556,1.26576,1.26523,0,0.317,1.846,0.8151,1.26732,1.26561,1.26754,1.26369,1,0.0,0.2,4,1.26556,0.625,0.529,0,0.0,0.0,0.0,1.25801,7.63,0,0,0,1.0,-0.79,-0.0608,0.79,0.333,0,0.737,0,0.1,1.2655,1.26395,0.879,2.344,0.0,2,0.25,0,0.737,0.938,2.344,0.4,0.347,0,1.26556,8,0.725,0.0,0.3,0.237,0.258,0.627,0.96,1.26924,1.25888,1.25899,5378.4965,-62.784,1,1.27566,0.461,0.0,0.0,0.0,0.0,0,0.463,1,2,1592,0.785,0.553,0.403,27.0,27.0,0.2568,105.1,0.0,1,1,0.807,1.23714,1,0,0.276,1.2757,0,8.826,0.107,0.893,0.0,1.0,0.5,0.99,0.0,0.5,0.0,0.414,0.682,0.5,0.584,0.0,0.18,0.0,0,0,0.356,0.719,0.0,0.963,0.1,0.311,0.782,0.0,0.552,0.417,0.0,1.0,0.938
6828,2021.09.07 00:58:40,GBPCHFm,BREAKOUT_RETEST,SELL,1,1.26573,1.26605,1.26523,1.59,0.566,1.26556,1.26576,1.26523,1,0.317,1.846,0.1588,1.26732,1.26561,1.26754,1.26369,1,0.0,0.2,4,1.26556,0.625,0.529,0,0.0,0.0,0.0,1.25801,7.63,0,0,0,1.0,-0.79,-0.0608,0.79,0.28,0,0.737,0,0.1,1.2655,1.26395,0.223,1.688,0.0,2,0.25,0,0.737,0.689,1.688,0.408,0.318,0,1.26523,5,0.6,0.555,0.316,0.237,0.258,0.627,0.96,1.26924,1.25888,1.25899,5378.4965,-62.784,1,1.27566,0.461,0.0,0.0,0.0,0.0,0,0.463,1,2,1592,0.785,0.553,0.403,27.0,27.0,0.2568,105.1,0.0,1,1,0.807,1.23714,1,0,0.276,1.2757,0,9.482,0.107,0.893,0.0,1.0,0.5,0.0,0.0,0.5,0.0,0.363,0.307,0.5,1.0,0.0,0.761,0.0,0,0,0.72,0.8,0.0,0.555,0.14,0.191,0.544,0.0,0.513,0.417,0.0,1.0,0.897
6829,2021.09.07 01:00:00,GBPCHFm,ANCHORED_PULLBACK,SELL,1,1.26572,1.26624,1.26488,1.6,0.458,1.26551,1.26614,1.26488,1,0.067,1.539,0.2007,1.26732,1.26493,1.26758,1.26392,1,0.0,0.45,0,1.26551,0.754,0.262,0,0.0,0.0,1.26599,1.25801,7.37,0,0,0,0.066,0.0,0.002,0.126,0.476,0,0.869,0,0.722,1.26551,1.26397,0.201,1.672,0.6919,0,0.25,0,0.869,0.633,1.672,0.379,0.425,1,1.26614,4,0.6,0.599,0.257,0.3,0.232,0.651,0.945,1.26924,1.25888,1.25899,5378.4965,-62.784,1,1.27566,0.461,0.0,0.0,0.0,0.0,0,0.463,1,2,1593,0.785,0.553,0.403,27.0,27.0,0.258,104.6,0.0,1,1,0.807,1.23714,1,0,0.276,1.2757,0,9.537,0.107,0.893,0.0,1.0,0.5,0.02,0.0,0.5,0.0,0.316,0.281,0.5,1.0,0.0,0.851,0.0,0,0,0.772,0.8,0.0,0.491,0.1,0.375,0.458,0.0,0.492,0.417,0.0,1.0,0.881
6831,2021.09.07 01:00:20,GBPCHFm,PULLBACK,SELL,1,1.26582,1.26739,1.26411,1.09,0.282,1.26551,1.26614,1.26488,1,0.067,1.539,0.2962,1.26732,1.26493,1.26758,1.26392,1,0.0,0.45,0,1.26551,0.754,0.262,0,0.0,0.0,1.26599,1.25801,7.37,0,0,0,0.066,0.0,0.002,0.126,0.144,0,0.9,0,0.722,1.26551,1.26397,0.296,1.768,0.0,2,0.25,0,0.9,0.757,1.768,0.428,0.447,1,1.26614,4,0.6,0.408,0.357,0.0,0.232,0.651,0.945,1.26924,1.25888,1.25899,5378.4965,-62.784,1,1.27566,0.461,0.0,0.0,0.0,0.0,0,0.463,1,2,1593,0.785,0.553,0.403,27.0,27.0,0.258,104.6,0.0,1,1,0.807,1.23714,1,0,0.276,1.2757,0,9.442,0.107,0.893,0.0,1.0,0.5,0.15,0.0,0.5,0.0,0.436,0.302,0.5,1.0,0.0,0.752,0.0,0,0,0.72,0.8,0.0,0.521,0.1,0.307,0.457,0.0,0.493,0.417,0.0,1.0,0.827
6835,2021.09.07 02:00:30,GBPCHFm,TREND_CONTINUATION,BUY,1,1.26628,1.26506,1.26883,2.08,0.259,1.26621,1.26642,1.26544,1,0.196,1.865,-0.1964,1.26732,1.26493,1.26758,1.26392,1,0.0,0.35,2,1.26565,0.792,0.292,0,0.0,0.0,0.0,1.25801,7.857,0,0,0,0.335,0.3953,0.0357,0.395,0.5,2,0.398,2,0.013,1.26628,1.26404,0.265,1.934,-0.2749,1,0.55,5,1.0,0.532,1.934,0.275,0.333,0,1.26565,8,0.758,0.47,0.67,0.119,0.493,0.814,0.964,1.26924,1.25888,1.25899,5378.4965,-62.784,1,1.27566,0.461,0.0,0.0,0.0,0.0,0,0.463,1,2,1594,0.785,0.553,0.403,27.0,27.0,0.2651,101.9,0.0,1,1,0.807,1.23714,1,0,0.276,1.2757,0,9.248,0.107,0.893,0.0,1.0,0.5,0.87,0.0,0.5,0.0,0.357,0.608,0.5,0.443,0.0,0.451,0.0,0,0,0.378,0.482,0.0,0.292,0.14,0.081,0.541,0.0,0.432,0.417,0.0,1.0,0.655
6836,2021.09.07 02:01:00,GBPCHFm,BREAKOUT,BUY,1,1.26625,1.26582,1.2688,5.9,0.182,1.26621,1.26642,1.26544,1,0.196,1.865,-0.2258,1.26732,1.26493,1.26758,1.26392,1,0.0,0.35,2,1.26565,0.792,0.292,0,0.0,0.0,0.0,1.25801,7.857,0,0,0,0.335,0.3953,0.0357,0.395,0.378,0,0.698,2,0.013,1.26628,1.26404,0.295,1.905,0.0,2,0.25,0,0.698,0.749,1.905,0.393,0.328,0,1.26565,8,0.758,0.411,0.286,0.119,0.088,0.814,0.964,1.26924,1.25888,1.25899,5378.4965,-62.784,1,1.27566,0.461,0.0,0.0,0.0,0.0,0,0.463,1,2,1594,0.785,0.553,0.403,27.0,27.0,0.2651,101.9,0.0,1,1,0.807,1.23714,1,0,0.276,1.2757,0,9.278,0.107,0.893,0.0,1.0,0.5,0.67,0.0,0.5,0.0,0.388,0.608,0.5,0.504,0.0,0.531,0.0,0,0,0.428,0.797,0.0,0.366,0.1,0.224,0.542,0.0,0.475,0.417,0.0,1.0,0.857
6839,2021.09.07 02:50:00,GBPCHFm,MEAN_REVERSION,BUY,1,1.26592,1.26561,1.26648,1.8,0.636,1.26621,1.26642,1.26544,1,0.196,1.865,-0.5498,1.26732,1.26493,1.26758,1.26392,1,0.0,0.35,2,1.26565,0.792,0.292,0,0.0,0.0,0.0,1.25801,7.857,0,0,0,0.335,0.3953,0.0357,0.395,0.771,0,0.698,2,0.013,1.26558,1.26404,0.069,1.581,0.0,2,0.25,0,0.698,0.528,1.581,0.334,0.307,0,1.26621,1,0.7,0.863,0.169,0.119,0.088,0.852,0.964,1.26924,1.25888,1.25899,5378.4965,-62.784,1,1.27566,0.461,0.0,0.0,0.0,0.0,0,0.463,1,2,1594,0.785,0.553,0.403,27.0,27.0,0.2651,101.9,0.0,1,1,0.807,1.23714,1,0,0.276,1.2757,0,9.602,0.107,0.893,0.0,1.0,0.5,0.02,0.0,0.5,0.0,0.98,0.606,0.5,0.572,0.0,0.194,0.0,0,0,0.312,0.8,0.0,0.536,0.1,0.204,0.487,0.0,0.498,0.417,0.0,1.0,0.903
6841,2021.09.07 02:58:40,GBPCHFm,BREAKOUT_RETEST,BUY,1,1.26586,1.26555,1.26648,2.03,0.261,1.26621,1.26642,1.26544,1,0.196,1.865,-0.6087,1.26732,1.26493,1.26758,1.26392,1,0.0,0.35,2,1.26565,0.792,0.292,0,0.0,0.0,0.0,1.25801,7.857,0,0,0,0.335,0.3953,0.0357,0.395,0.771,0,0.698,2,0.013,1.26558,1.26404,0.01,1.522,0.0,2,0.25,0,0.698,0.509,1.522,0.334,0.304,0,1.26621,1,0.7,0.98,0.169,0.119,0.088,0.852,0.964,1.26924,1.25888,1.25899,5378.4965,-62.784,1,1.27566,0.461,0.0,0.0,0.0,0.0,0,0.463,1,2,1594,0.785,0.553,0.403,27.0,27.0,0.2651,101.9,0.0,1,1,0.807,1.23714,1,0,0.276,1.2757,0,9.661,0.107,0.893,0.0,1.0,0.5,0.1,0.0,0.5,0.0,0.843,0.398,0.5,0.736,0.0,0.209,0.0,0,0,0.366,0.8,0.0,0.536,0.1,0.204,0.494,0.0,0.498,0.417,0.0,1.0,0.903
6843,2021.09.07 04:03:30,GBPCHFm,BREAKOUT,BUY,1,1.26592,1.26454,1.26821,1.67,0.256,1.26578,1.26609,1.26537,1,0.126,0.177,-0.1437,1.26565,1.26575,1.26758,1.26392,1,0.0,0.65,0,1.26562,0.734,0.61,0,0.0,0.0,0.0,1.25801,8.169,0,0,0,0.55,0.58,0.0565,0.58,0.898,0,0.78,0,0.456,1.2657,1.26545,0.053,0.219,0.0,2,0.4,0,0.78,0.473,1.5,0.315,0.364,1,1.26537,5,0.6,0.894,0.191,0.174,0.231,0.935,0.634,1.26924,1.25888,1.25896,3735.4702,-1643.0263,1,1.27487,0.461,0.0,0.0,0.0,0.0,0,0.379,1,2,1596,0.785,0.553,0.403,27.0,27.0,0.2944,91.7,0.0,1,1,0.807,1.23714,1,0,0.276,1.2757,-1,10.664,0.321,0.679,0.0,1.0,0.0,0.99,0.0,0.5,0.0,0.395,0.568,0.5,0.558,0.0,0.508,0.0,0,0,0.411,0.76,0.0,0.419,0.138,0.306,0.507,0.0,0.503,0.417,0.0,1.0,0.75
6845,2021.09.07 04:30:40,GBPCHFm,PULLBACK,BUY,1,1.2662,1.26482,1.26785,1.2,0.448,1.26578,1.26609,1.26537,1,0.126,0.177,0.1616,1.26565,1.26575,1.26758,1.26392,1,0.0,0.65,0,1.26562,0.734,0.61,0,0.0,0.0,0.0,1.25801,8.169,0,0,0,0.55,0.58,0.0565,0.58,0.316,0,0.78,0,0.456,1.2657,1.26592,0.252,0.01,0.0,2,0.4,0,0.78,0.138,0.343,0.403,0.325,0,1.26562,8,0.747,0.495,0.365,0.174,0.231,0.935,0.671,1.26924,1.25888,1.25896,3735.4702,-1643.0263,1,1.27487,0.461,0.0,0.0,0.0,0.0,0,0.379,1,2,1596,0.785,0.553,0.403,27.0,27.0,0.2944,91.7,0.0,1,1,0.807,1.23714,1,0,0.276,1.2757,-1,10.358,0.321,0.679,0.0,1.0,0.0,0.99,0.0,0.5,0.634,1.0,0.757,0.5,0.514,0.0,0.31,0.0,0,0,0.432,0.705,0.0,0.373,0.163,0.303,0.568,0.0,0.484,0.417,0.0,1.0,0.781
6846,2021.09.07 04:30:59,GBPCHFm,TREND_CONTINUATION,BUY,1,1.26616,1.26506,1.26845,2.08,0.367,1.26578,1.26609,1.26537,1,0.126,0.177,0.118,1.26565,1.26575,1.26758,1.26392,1,0.0,0.65,0,1.26562,0.734,0.61,0,0.0,0.0,0.0,1.25801,8.169,0,0,0,0.55,0.58,0.0565,0.58,0.335,0,0.78,0,0.456,1.2657,1.26592,0.209,0.033,0.0,2,0.4,0,0.78,0.6,1.5,0.4,0.379,1,1.26537,5,0.6,0.582,0.359,0.174,0.231,0.935,0.671,1.26924,1.25888,1.25896,3735.4702,-1643.0263,1,1.27487,0.461,0.0,0.0,0.0,0.0,0,0.379,1,2,1596,0.785,0.553,0.403,27.0,27.0,0.2944,91.7,0.0,1,1,0.807,1.23714,1,0,0.276,1.2757,-1,10.402,0.321,0.679,0.0,1.0,0.0,0.98,0.0,0.5,0.634,1.0,0.801,0.5,0.571,0.0,0.375,0.0,0,0,0.502,0.709,0.0,0.373,0.163,0.303,0.536,0.0,0.485,0.417,0.0,1.0,0.704
6849,2021.09.07 04:51:00,GBPCHFm,MEAN_REVERSION,BUY,1,1.26527,1.26454,1.26589,0.84,0.665,1.26578,1.26609,1.26537,0,0.126,0.177,-0.8524,1.26565,1.26575,1.26758,1.26392,1,0.0,0.65,0,1.26562,0.734,0.61,0,0.0,0.0,0.0,1.25801,8.169,0,0,0,0.55,0.58,0.0565,0.58,0.261,0,0.78,0,0.456,1.2657,1.26534,0.762,0.368,0.0,2,0.4,0,0.78,0.35,0.852,0.411,0.35,0,1.26562,8,0.747,0.0,0.382,0.174,0.231,0.935,0.732,1.26924,1.25888,1.25896,3735.4702,-1643.0263,1,1.27487,0.461,0.0,0.0,0.0,0.0,0,0.379,1,2,1596,0.785,0.553,0.403,27.0,27.0,0.2944,91.7,0.0,1,1,0.807,1.23714,1,0,0.276,1.2757,-1,11.372,0.321,0.679,0.0,1.0,0.0,0.0,0.0,0.5,0.0,0.325,0.269,0.5,0.589,0.0,0.366,0.0,0,0,0.462,0.533,0.0,0.932,0.16,0.29,0.387,0.0,0.506,0.417,0.0,1.0,0.857
6850,2021.09.07 05:02:20,GBPCHFm,ANCHORED_PULLBACK,SELL,1,1.26518,1.26574,1.26339,3.19,0.181,1.26561,1.26588,1.26535,0,0.455,0.056,-0.4838,1.26565,1.26575,1.26758,1.26392,1,0.0,0.35,0,1.26576,0.664,0.925,0,0.0,0.0,1.2658,1.25801,7.977,0,0,0,0.577,0.3996,0.0231,0.4,0.213,0,0.87,0,0.86,1.26565,1.26508,0.526,0.112,0.0,2,0.4,0,0.87,0.273,0.654,0.418,0.407,1,1.26561,1,0.7,0.0,0.396,0.12,0.312,0.876,0.911,1.26924,1.25888,1.25896,3735.4702,-1643.0263,1,1.27487,0.461,0.0,0.0,0.0,0.0,0,0.379,1,2,1597,0.785,0.553,0.403,27.0,27.0,0.3024,89.3,0.0,1,1,0.807,1.23714,1,0,0.276,1.2757,-1,11.782,0.321,0.679,0.0,1.0,0.0,0.7,0.0,0.5,0.0,0.374,0.607,0.5,0.511,0.0,0.376,0.0,0,0,0.368,0.564,0.0,0.615,0.162,0.201,0.42,0.0,0.529,0.5,0.0,1.0,0.825
6851,2021.09.07 05:08:40,GBPCHFm,SWEEP_REVERSAL,BUY,1,1.26513,1.26424,1.26588,0.84,0.305,1.26561,1.26588,1.26535,0,0.455,0.056,-0.8422,1.26565,1.26575,1.26758,1.26392,1,0.0,0.35,0,1.26576,0.664,0.925,0,0.0,0.0,1.2658,1.25801,7.977,0,0,0,0.577,0.3996,0.0231,0.4,0.023,0,0.87,0,0.86,1.26565,1.26493,0.885,0.076,0.0,2,0.4,0,0.87,0.452,1.012,0.447,0.427,1,1.26561,1,0.7,0.0,0.453,0.12,0.312,0.876,0.982,1.26924,1.25888,1.25896,3735.4702,-1643.0263,1,1.27487,0.461,0.0,0.0,0.0,0.0,0,0.379,1,2,1597,0.785,0.553,0.403,27.0,27.0,0.3024,89.3,0.0,1,1,0.807,1.23714,1,0,0.276,1.2757,-1,11.838,0.321,0.679,0.0,1.0,0.0,0.0,0.0,0.5,0.0,0.374,0.506,0.5,0.744,0.0,0.414,0.0,0,0,0.392,0.52,0.0,0.947,0.162,0.201,0.359,0.0,0.515,0.5,0.0,1.0,0.825
6856,2021.09.07 06:00:40,GBPCHFm,BREAKOUT_RETEST,SELL,1,1.26516,1.26567,1.26453,1.25,0.363,1.26558,1.26605,1.26503,1,0.064,0.101,-0.4755,1.26565,1.26575,1.26758,1.26392,1,0.0,0.7,0,1.265,0.775,0.123,0,0.0,0.0,0.0,1.25801,7.792,0,0,0,0.519,-0.5809,-0.037,0.581,0.463,0,0.77,3,0.378,1.26496,1.26525,0.224,0.105,0.0,2,0.15,0,0.77,0.181,0.475,0.381,0.344,0,1.26558,1,0.7,0.552,0.221,0.174,0.053,0.847,0.809,1.26924,1.25888,1.25896,3735.4702,-1643.0263,1,1.27487,0.461,0.0,0.0,0.0,0.0,0,0.379,1,2,1598,0.785,0.553,0.403,27.0,27.0,0.3066,88.1,0.0,1,1,0.807,1.23714,1,0,0.276,1.2757,-1,11.968,0.321,0.679,0.0,1.0,0.0,0.99,0.0,0.5,0.0,0.498,0.596,0.5,0.567,0.0,0.78,0.0,0,0,0.54,0.722,0.0,1.0,0.162,0.469,0.47,0.0,0.495,0.417,0.0,1.0,0.727
6857,2021.09.07 06:03:40,GBPCHFm,BREAKOUT,SELL,1,1.26518,1.26567,1.26298,4.52,0.241,1.26558,1.26605,1.26503,1,0.064,0.101,-0.4528,1.26565,1.26575,1.26758,1.26392,1,0.0,0.7,0,1.265,0.775,0.123,0,0.0,0.0,0.0,1.25801,7.792,0,0,0,0.519,-0.5809,-0.037,0.581,0.463,0,0.77,3,0.378,1.26496,1.26525,0.247,0.082,0.0,2,0.15,0,0.77,0.172,0.453,0.381,0.343,0,1.26558,1,0.7,0.506,0.221,0.174,0.053,0.847,0.809,1.26924,1.25888,1.25896,3735.4702,-1643.0263,1,1.27487,0.461,0.0,0.0,0.0,0.0,0,0.379,1,2,1598,0.785,0.553,0.403,27.0,27.0,0.3066,88.1,0.0,1,1,0.807,1.23714,1,0,0.276,1.2757,-1,11.945,0.321,0.679,0.0,1.0,0.0,0.93,0.0,0.5,0.0,0.498,0.566,0.5,0.567,0.0,0.78,0.0,0,0,0.522,0.722,0.0,0.804,0.162,0.469,0.472,0.0,0.498,0.5,0.0,1.0,0.722
6860,2021.09.07 06:30:40,GBPCHFm,PULLBACK,SELL,1,1.26516,1.26567,1.26392,2.45,0.444,1.26558,1.26605,1.26503,1,0.064,0.101,-0.4755,1.26565,1.26575,1.26758,1.26392,1,0.0,0.7,0,1.265,0.775,0.123,0,0.0,0.0,0.0,1.25801,7.792,0,0,0,0.519,-0.5809,-0.037,0.581,0.463,0,0.77,3,0.378,1.26496,1.26525,0.224,0.105,0.0,2,0.15,0,0.77,0.181,0.475,0.381,0.344,0,1.26558,1,0.7,0.552,0.221,0.174,0.053,0.847,0.809,1.26924,1.25888,1.25896,3735.4702,-1643.0263,1,1.27487,0.461,0.0,0.0,0.0,0.0,0,0.379,1,2,1598,0.785,0.553,0.403,27.0,27.0,0.3066,88.1,0.0,1,1,0.807,1.23714,1,0,0.276,1.2757,-1,11.968,0.321,0.679,0.0,1.0,0.0,0.0,0.0,0.5,0.0,0.358,0.586,0.5,0.562,0.0,0.541,0.0,0,0,0.437,0.722,0.0,1.0,0.162,0.469,0.47,0.0,0.495,0.5,0.0,1.0,0.722
6861,2021.09.07 06:30:59,GBPCHFm,TREND_CONTINUATION,SELL,1,1.26516,1.26622,1.26296,2.08,0.346,1.26558,1.26605,1.26503,1,0.064,0.101,-0.4755,1.26565,1.26575,1.26758,1.26392,1,0.0,0.7,0,1.265,0.775,0.123,0,0.0,0.0,0.0,1.25801,7.792,0,0,0,0.519,-0.5809,-0.037,0.581,0.463,0,0.77,3,0.378,1.26496,1.26525,0.224,0.105,0.0,2,0.15,0,0.77,0.181,0.475,0.381,0.344,0,1.26558,1,0.7,0.552,0.221,0.174,0.053,0.847,0.809,1.26924,1.25888,1.25896,3735.4702,-1643.0263,1,1.27487,0.461,0.0,0.0,0.0,0.0,0,0.379,1,2,1598,0.785,0.553,0.403,27.0,27.0,0.3066,88.1,0.0,1,1,0.807,1.23714,1,0,0.276,1.2757,-1,11.968,0.321,0.679,0.0,1.0,0.0,0.0,0.0,0.5,0.0,0.358,0.575,0.5,0.562,0.0,0.541,0.0,0,0,0.43,0.722,0.0,1.0,0.162,0.469,0.47,0.0,0.495,0.5,0.0,1.0,0.722
6862,2021.09.07 06:55:40,GBPCHFm,MEAN_REVERSION,BUY,1,1.26507,1.26437,1.26585,1.11,0.665,1.26558,1.26605,1.26503,0,0.064,0.101,-0.8842,1.26565,1.26575,1.26758,1.26392,1,0.0,0.7,0,1.265,0.775,0.123,0,0.0,0.0,0.0,1.25801,7.792,0,0,0,0.519,-0.5809,-0.037,0.581,0.246,0,0.77,3,0.378,1.26496,1.26478,0.185,0.021,0.0,2,0.15,0,0.77,0.365,0.884,0.413,0.366,1,1.26558,1,0.7,0.631,0.286,0.174,0.053,0.847,0.766,1.26924,1.25888,1.25896,3735.4702,-1643.0263,1,1.27487,0.461,0.0,0.0,0.0,0.0,0,0.379,1,2,1598,0.785,0.553,0.403,27.0,27.0,0.3066,88.1,0.0,1,1,0.807,1.23714,1,0,0.276,1.2757,-1,12.07,0.321,0.679,0.0,1.0,0.0,0.4,0.0,0.5,0.0,0.672,0.44,0.5,0.487,0.0,0.33,0.0,0,0,0.314,0.666,0.0,0.759,0.181,0.532,0.438,0.0,0.466,0.455,0.0,1.0,0.784
6866,2021.09.07 07:02:20,GBPCHFm,ANCHORED_PULLBACK,SELL,1,1.26458,1.26508,1.26278,3.57,0.192,1.26519,1.26562,1.26484,0,0.517,0.003,-0.6777,1.26565,1.26575,1.26758,1.26392,1,0.0,0.5,0,1.26519,0.69,0.614,0,0.0,0.0,1.26519,1.25801,7.214,0,0,0,0.75,-0.545,-0.0857,0.545,0.101,0,0.794,0,0.803,1.26499,1.26449,0.461,0.103,0.0,2,0.4,0,0.794,0.295,0.678,0.435,0.382,1,1.26519,8,0.738,0.079,0.43,0.164,0.301,0.87,0.908,1.26924,1.25888,1.25896,3735.4702,-1643.0263,1,1.27487,0.461,0.0,0.0,0.0,0.0,0,0.379,1,2,1599,0.785,0.553,0.403,27.0,27.0,0.3005,89.9,0.0,1,1,0.807,1.23714,1,0,0.276,1.2757,-1,12.375,0.321,0.679,0.0,1.0,0.0,0.31,0.0,0.5,0.0,0.463,0.465,0.5,0.448,0.0,0.398,0.0,0,0,0.314,0.434,0.0,1.0,0.16,0.299,0.386,0.0,0.486,0.455,0.0,1.0,0.743
6868,2021.09.07 07:08:40,GBPCHFm,SWEEP_REVERSAL,BUY,1,1.26467,1.26377,1.26546,0.88,0.293,1.26519,1.26562,1.26484,0,0.517,0.003,-0.8781,1.26565,1.26575,1.26758,1.26392,1,0.0,0.5,0,1.26519,0.69,0.614,0,0.0,0.0,1.26519,1.25801,7.214,0,0,0,0.75,-0.545,-0.0857,0.545,0.05,0,0.794,0,0.803,1.26499,1.26449,0.661,0.097,0.0,2,0.4,0,0.794,0.388,0.878,0.442,0.393,1,1.26519,8,0.738,0.0,0.445,0.164,0.301,0.87,0.908,1.26924,1.25888,1.25896,3735.4702,-1643.0263,1,1.27487,0.461,0.0,0.0,0.0,0.0,0,0.379,1,2,1599,0.785,0.553,0.403,27.0,27.0,0.3005,89.9,0.0,1,1,0.807,1.23714,1,0,0.276,1.2757,-1,12.275,0.321,0.679,0.0,1.0,0.0,0.3,0.0,0.5,0.0,0.374,0.491,0.5,0.67,0.0,0.515,0.0,0,0,0.412,0.423,0.0,0.938,0.16,0.282,0.353,0.0,0.49,0.455,0.0,1.0,0.743
6870,2021.09.07 08:03:40,GBPCHFm,BREAKOUT,SELL,2,1.26359,1.26459,1.26122,2.38,0.443,1.26499,1.26556,1.26431,0,0.855,0.066,-1.4763,1.26554,1.26554,1.26763,1.2642,0,0.0,0.5,0,1.26499,0.695,0.263,0,0.0,0.0,1.26462,1.25801,5.971,0,0,-1,0.825,-0.755,-0.1522,0.755,0.275,0,0.714,0,0.512,1.26449,1.26349,0.95,0.103,0.0,2,0.15,0,0.714,0.603,1.476,0.409,0.381,1,1.26449,2,0.55,0.0,0.278,0.226,0.155,0.726,0.809,1.26924,1.25888,1.25896,3638.0789,-97.3913,1,1.27487,0.471,0.0,0.0,0.0,0.0,0,0.305,1,2,1600,0.776,0.56,0.397,27.0,27.0,0.2842,95.0,0.0,1,1,0.807,1.23714,1,0,0.276,1.2757,-1,12.747,0.115,0.885,0.0,1.0,0.0,0.06,0.0,0.5,0.0,0.462,0.287,0.5,0.474,0.0,0.76,0.0,0,0,0.574,0.323,0.125,0.721,0.196,0.526,0.224,0.0,0.497,0.455,0.0,1.0,0.731
6872,2021.09.07 08:30:40,GBPCHFm,PULLBACK,SELL,2,1.26344,1.26459,1.26059,2.48,0.413,1.26499,1.26556,1.26431,0,0.855,0.066,-1.6342,1.26554,1.26554,1.26763,1.2642,0,0.0,0.5,0,1.26499,0.695,0.263,0,0.0,0.0,1.26462,1.25801,5.971,0,0,-1,0.825,-0.755,-0.1522,0.755,0.205,0,0.714,0,0.512,1.26449,1.26349,1.108,0.055,0.0,2,0.15,0,0.714,0.685,1.634,0.419,0.391,1,1.26499,8,0.739,0.0,0.299,0.226,0.155,0.726,0.809,1.26924,1.25888,1.25896,3638.0789,-97.3913,1,1.27487,0.471,0.0,0.0,0.0,0.0,0,0.305,1,2,1600,0.776,0.56,0.397,27.0,27.0,0.2842,95.0,0.0,1,1,0.807,1.23714,1,0,0.276,1.2757,-1,12.905,0.115,0.885,0.0,1.0,0.0,0.69,0.0,0.5,0.0,0.726,0.589,0.5,0.47,0.0,0.603,0.0,0,0,0.436,0.306,0.939,0.721,0.196,0.618,0.2,0.0,0.497,0.455,0.0,1.0,0.731
6873,2021.09.07 08:30:59,GBPCHFm,TREND_CONTINUATION,SELL,2,1.26346,1.2646,1.26109,2.08,0.485,1.26499,1.26556,1.26431,0,0.855,0.066,-1.6132,1.26554,1.26554,1.26763,1.2642,0,0.0,0.5,0,1.26499,0.695,0.263,0,0.0,0.0,1.26462,1.25801,5.971,0,0,-1,0.825,-0.755,-0.1522,0.755,0.205,0,0.714,0,0.512,1.26449,1.26349,1.087,0.034,0.0,2,0.15,0,0.714,0.676,1.613,0.419,0.39,1,1.26499,8,0.739,0.0,0.299,0.226,0.155,0.726,0.809,1.26924,1.25888,1.25896,3638.0789,-97.3913,1,1.27487,0.471,0.0,0.0,0.0,0.0,0,0.305,1,2,1600,0.776,0.56,0.397,27.0,27.0,0.2842,95.0,0.0,1,1,0.807,1.23714,1,0,0.276,1.2757,-1,12.884,0.115,0.885,0.0,1.0,0.0,0.7,0.0,0.5,0.0,0.726,0.575,0.5,0.47,0.0,0.603,0.0,0,0,0.427,0.306,0.939,0.721,0.196,0.618,0.203,0.0,0.497,0.455,0.0,1.0,0.731
6874,2021.09.07 08:55:40,GBPCHFm,MEAN_REVERSION,BUY,2,1.26345,1.26269,1.26526,2.38,0.639,1.26499,1.26556,1.26431,0,0.855,0.066,-1.9079,1.26554,1.26554,1.26763,1.2642,0,0.0,0.5,0,1.26499,0.695,0.263,0,0.0,0.0,1.26462,1.25801,5.971,0,0,-1,0.825,-0.755,-0.1522,0.755,0.205,0,0.714,0,0.512,1.26449,1.26349,1.382,0.329,0.0,2,0.15,0,0.714,0.8,1.908,0.419,0.404,1,1.26499,8,0.739,0.0,0.299,0.226,0.155,0.726,0.809,1.26924,1.25888,1.25896,3638.0789,-97.3913,1,1.27487,0.471,0.0,0.0,0.0,0.0,0,0.305,1,2,1600,0.776,0.56,0.397,27.0,27.0,0.2842,95.0,0.0,1,1,0.807,1.23714,1,0,0.276,1.2757,-1,12.895,0.115,0.885,0.0,1.0,0.0,0.08,0.0,0.5,0.0,0.58,0.466,0.5,0.445,0.0,0.408,0.0,0,0,0.317,0.306,0.0,0.481,0.196,0.599,0.181,0.0,0.497,0.455,0.0,1.0,0.731
6876,2021.09.07 09:02:20,GBPCHFm,ANCHORED_PULLBACK,SELL,2,1.26266,1.26335,1.26062,2.94,0.342,1.26362,1.26526,1.26341,0,0.53,0.172,-0.9427,1.26568,1.26502,1.26733,1.26378,0,0.0,0.65,0,1.26362,0.659,0.622,0,0.0,0.0,1.26305,1.25801,4.984,0,0,-1,0.9,-0.79,-0.2478,0.79,0.072,2,0.497,3,0.338,1.26362,1.26283,0.943,0.17,0.0,2,0.15,0,0.497,0.414,0.943,0.439,0.317,0,1.26362,8,0.732,0.0,0.338,0.237,0.053,1.0,0.888,1.26924,1.25888,1.25896,3638.0789,-97.3913,1,1.27487,0.471,0.0,0.0,0.0,0.0,0,0.305,1,2,1601,0.776,0.56,0.397,27.0,27.0,0.2653,101.8,0.0,1,1,0.807,1.23714,1,0,0.276,1.2757,-1,12.811,0.115,0.885,0.0,1.0,0.0,0.0,0.0,0.5,0.0,0.559,0.362,0.5,0.481,0.0,0.538,0.0,0,0,0.442,0.311,0.0,0.333,0.213,0.992,0.205,0.0,0.458,0.455,0.0,1.0,0.731
6877,2021.09.07 09:09:40,GBPCHFm,SWEEP_REVERSAL,BUY,2,1.263,1.26198,1.26389,0.87,0.137,1.26362,1.26526,1.26341,0,0.53,0.172,-0.8739,1.26568,1.26502,1.26733,1.26378,0,0.0,0.65,0,1.26362,0.659,0.622,0,0.0,0.0,1.26305,1.25801,4.984,0,0,-1,0.9,-0.79,-0.2478,0.79,0.072,2,0.497,3,0.338,1.26362,1.26283,0.874,0.101,0.0,2,0.15,0,0.497,0.384,0.874,0.439,0.314,0,1.26362,8,0.732,0.0,0.338,0.237,0.053,1.0,0.888,1.26924,1.25888,1.25896,3638.0789,-97.3913,1,1.27487,0.471,0.0,0.0,0.0,0.0,0,0.305,1,2,1601,0.776,0.56,0.397,27.0,27.0,0.2653,101.8,0.0,1,1,0.807,1.23714,1,0,0.276,1.2757,-1,12.477,0.115,0.885,0.0,1.0,0.0,0.04,0.0,0.5,0.0,0.568,0.342,0.5,0.49,0.0,0.551,0.0,0,0,0.462,0.311,0.0,0.333,0.213,0.953,0.215,0.0,0.458,0.455,0.0,1.0,0.731
6881,2021.09.07 09:19:40,GBPCHFm,BREAKOUT_RETEST,SELL,2,1.26354,1.26385,1.26248,3.49,0.531,1.26362,1.26526,1.26341,1,0.53,0.172,-0.0781,1.26568,1.26502,1.26733,1.26378,0,0.0,0.65,0,1.26362,0.659,0.622,0,0.0,0.0,1.26305,1.25801,4.984,0,0,-1,0.9,-0.79,-0.2478,0.79,0.584,2,0.497,3,0.338,1.26362,1.26333,0.078,0.203,0.0,2,0.15,0,0.497,0.544,1.5,0.362,0.333,0,1.26526,4,0.6,0.844,0.185,0.237,0.053,1.0,0.675,1.26924,1.25888,1.25896,3638.0789,-97.3913,1,1.27487,0.471,0.0,0.0,0.0,0.0,0,0.305,1,2,1601,0.776,0.56,0.397,27.0,27.0,0.2653,101.8,0.0,1,1,0.807,1.23714,1,0,0.276,1.2757,-1,11.947,0.115,0.885,0.0,1.0,0.0,0.99,0.0,0.5,0.0,0.642,0.516,0.5,0.479,0.0,0.517,0.0,0,0,0.36,0.51,0.0,0.845,0.182,0.755,0.35,0.0,0.468,0.455,0.0,1.0,0.581
6883,2021.09.07 10:11:40,GBPCHFm,NAKED_POC,SELL,2,1.26148,1.26287,1.25801,2.5,0.5,1.26317,1.26439,1.2628,0,0.069,0.211,-1.6355,1.26567,1.26502,1.26733,1.26378,0,0.0,0.55,2,1.26288,0.689,0.126,0,0.0,0.0,1.26315,1.25801,4.795,0,1,-1,0.975,-0.825,-0.2996,0.825,0.172,2,0.57,3,0.482,1.26317,1.26273,1.636,1.215,0.0,2,0.45,6,0.65,0.924,3.369,0.274,0.38,1,1.26288,8,0.738,0.0,0.628,0.247,0.457,0.937,0.846,1.26924,1.25888,1.25896,3638.0789,-97.3913,1,1.27487,0.471,0.0,0.0,0.0,0.0,0,0.305,1,2,1602,0.776,0.56,0.397,27.0,27.0,0.262,103.1,0.0,1,1,0.807,1.23714,1,0,0.276,1.2757,-1,13.796,0.115,0.885,0.0,1.0,0.0,0.0,0.0,0.5,0.0,0.0,0.295,0.5,0.0,0.0,0.0,0.0,0,0,0.123,0.0,0.0,0.0,0.0,0.0,0.5,0.0,0.0,0.0,0.0,0.0,0.0
6885,2021.09.07 11:00:00,GBPCHFm,BREAKOUT,SELL,2,1.26029,1.26159,1.25801,1.75,0.624,1.26305,1.26476,1.26266,0,1.023,0.335,-2.3804,1.26559,1.26516,1.26753,1.26408,0,0.0,0.4,0,1.26305,0.653,0.342,0,0.0,0.0,1.26139,1.25801,1.968,0,0,-1,1.0,-0.86,-0.2947,0.86,0.135,2,0.462,2,0.187,1.26148,1.2599,1.023,0.335,0.4401,0,0.0,2,1.0,1.38,2.38,0.58,0.494,1,1.26148,2,0.55,0.0,0.26,0.958,0.0,0.48,0.969,1.26924,1.25888,1.25896,3638.0789,-97.3913,1,1.27487,0.471,0.0,0.0,0.0,0.0,0,0.305,1,2,1603,0.776,0.56,0.397,27.0,27.0,0.2328,116.0,0.0,1,1,0.807,1.23714,1,0,0.276,1.2757,-1,13.284,0.115,0.885,0.0,1.0,0.0,0.26,0.0,0.5,0.0,0.434,0.489,0.5,0.427,0.0,0.438,0.0,0,0,0.31,0.373,0.0,0.277,0.207,1.0,0.255,0.0,0.393,0.417,0.0,1.0,0.844
6886,2021.09.07 11:00:20,GBPCHFm,TREND_CONTINUATION,SELL,2,1.26014,1.26153,1.25801,1.53,0.542,1.26305,1.26476,1.26266,0,1.023,0.335,-2.5097,1.26559,1.26516,1.26753,1.26408,0,0.0,0.4,0,1.26305,0.653,0.342,0,0.0,0.0,1.26139,1.25801,1.968,0,0,-1,1.0,-0.86,-0.2947,0.86,0.135,2,0.521,2,0.187,1.26148,1.2599,1.152,0.206,0.0,2,0.0,0,0.521,1.079,2.51,0.43,0.339,0,1.26148,2,0.55,0.0,0.26,0.258,0.0,0.48,0.969,1.26924,1.25888,1.25896,3638.0789,-97.3913,1,1.27487,0.471,0.0,0.0,0.0,0.0,0,0.305,1,2,1603,0.776,0.56,0.397,27.0,27.0,0.2328,116.0,0.0,1,1,0.807,1.23714,1,0,0.276,1.2757,-1,13.414,0.115,0.885,0.0,1.0,0.0,0.15,0.0,0.5,0.0,0.516,0.478,0.5,0.485,0.0,0.403,0.0,0,0,0.32,0.362,0.0,0.38,0.19,0.701,0.141,0.0,0.454,0.417,0.0,1.0,0.794
6887,2021.09.07 11:00:20,GBPCHFm,MEAN_REVERSION,BUY,2,1.26041,1.25948,1.26175,1.44,0.533,1.26305,1.26476,1.26266,0,1.023,0.335,-2.5097,1.26559,1.26516,1.26753,1.26408,0,0.0,0.4,0,1.26305,0.653,0.342,0,0.0,0.0,1.26139,1.25801,1.968,0,0,-1,1.0,-0.86,-0.2947,0.86,0.135,2,0.521,2,0.187,1.26148,1.2599,1.152,0.206,0.0,2,0.0,0,0.521,1.079,2.51,0.43,0.339,0,1.26148,2,0.55,0.0,0.26,0.258,0.0,0.48,0.969,1.26924,1.25888,1.25896,3638.0789,-97.3913,1,1.27487,0.471,0.0,0.0,0.0,0.0,0,0.305,1,2,1603,0.776,0.56,0.397,27.0,27.0,0.2328,116.0,0.0,1,1,0.807,1.23714,1,0,0.276,1.2757,-1,13.181,0.115,0.885,0.0,1.0,0.0,0.15,0.0,0.5,0.0,0.516,0.478,0.5,0.485,0.0,0.403,0.0,0,0,0.32,0.362,0.0,0.38,0.19,0.701,0.141,0.0,0.454,0.417,0.0,1.0,0.794
6889,2021.09.07 11:00:40,GBPCHFm,PULLBACK,SELL,2,1.26049,1.26151,1.25801,2.44,0.459,1.26305,1.26476,1.26266,0,1.023,0.335,-2.208,1.26559,1.26516,1.26753,1.26408,0,0.0,0.4,0,1.26305,0.653,0.342,0,0.0,0.0,1.26139,1.25801,1.968,0,0,-1,1.0,-0.86,-0.2947,0.86,0.106,2,0.521,2,0.187,1.26148,1.26082,0.85,0.284,0.0,2,0.0,0,0.521,0.958,2.208,0.434,0.325,0,1.26148,2,0.55,0.0,0.268,0.258,0.0,0.48,0.977,1.26924,1.25888,1.25896,3638.0789,-97.3913,1,1.27487,0.471,0.0,0.0,0.0,0.0,0,0.305,1,2,1603,0.776,0.56,0.397,27.0,27.0,0.2328,116.0,0.0,1,1,0.807,1.23714,1,0,0.276,1.2757,-1,13.112,0.115,0.885,0.0,1.0,0.0,0.47,0.0,0.5,0.0,0.516,0.509,0.5,0.485,0.0,0.403,0.0,0,0,0.312,0.355,0.0,0.143,0.19,0.701,0.141,0.0,0.436,0.417,0.0,1.0,0.794
6890,2021.09.07 11:02:40,GBPCHFm,ANCHORED_PULLBACK,SELL,2,1.2607,1.26159,1.25838,2.6,0.247,1.26305,1.26476,1.26266,0,1.023,0.335,-2.0269,1.26559,1.26516,1.26753,1.26408,0,0.0,0.4,0,1.26305,0.653,0.342,0,0.0,0.0,1.26139,1.25801,1.968,0,0,-1,1.0,-0.86,-0.2947,0.86,0.028,2,0.521,2,0.187,1.26148,1.26082,0.669,0.103,0.0,2,0.0,0,0.521,1.035,2.321,0.446,0.334,0,1.26148,2,0.55,0.0,0.292,0.258,0.0,0.48,0.977,1.26924,1.25888,1.25896,3638.0789,-97.3913,1,1.27487,0.471,0.0,0.0,0.0,0.0,0,0.305,1,2,1603,0.776,0.56,0.397,27.0,27.0,0.2328,116.0,0.0,1,1,0.807,1.23714,1,0,0.276,1.2757,-1,12.931,0.115,0.885,0.0,1.0,0.0,0.65,0.0,0.5,0.0,0.516,0.564,0.5,0.485,0.0,0.403,0.0,0,0,0.345,0.337,0.0,0.143,0.19,0.701,0.141,0.0,0.444,0.417,0.0,1.0,0.794
6892,2021.09.07 11:09:40,GBPCHFm,SWEEP_REVERSAL,BUY,2,1.26036,1.2592,1.26175,1.2,0.085,1.26305,1.26476,1.26266,0,1.023,0.335,-2.5528,1.26559,1.26516,1.26753,1.26408,0,0.0,0.4,0,1.26305,0.653,0.342,0,0.0,0.0,1.26139,1.25801,1.968,0,0,-1,1.0,-0.86,-0.2947,0.86,0.135,2,0.521,2,0.187,1.26148,1.2599,1.195,0.163,0.0,2,0.0,0,0.521,1.097,2.553,0.43,0.342,0,1.26148,2,0.55,0.0,0.26,0.258,0.0,0.48,0.969,1.26924,1.25888,1.25896,3638.0789,-97.3913,1,1.27487,0.471,0.0,0.0,0.0,0.0,0,0.305,1,2,1603,0.776,0.56,0.397,27.0,27.0,0.2328,116.0,0.0,1,1,0.807,1.23714,1,0,0.276,1.2757,-1,13.224,0.115,0.885,0.0,1.0,0.0,0.17,0.0,0.5,0.0,0.528,0.563,0.5,0.456,0.0,0.411,0.0,0,0,0.339,0.362,0.0,0.38,0.19,0.701,0.141,0.0,0.454,0.417,0.0,1.0,0.794
6898,2021.09.07 12:11:40,GBPCHFm,NAKED_POC,SELL,2,1.26011,1.26163,1.25801,1.39,0.641,1.26304,1.26428,1.26112,0,0.989,1.591,-2.6075,1.26554,1.26516,1.26753,1.26408,0,0.0,0.7,0,1.26304,0.733,0.047,0,0.0,0.0,1.2607,1.25801,2.085,0,0,-1,1.0,-0.895,-0.4387,0.895,0.254,2,0.533,3,0.667,1.26146,1.25988,1.203,0.202,0.0,2,0.0,0,0.533,1.074,2.608,0.412,0.406,1,1.26146,2,0.55,0.0,0.224,0.269,0.0,0.509,0.898,1.27418,1.25888,1.2587,-8310.0876,-11948.1665,-2,1.27487,0.483,0.0,0.0,0.0,0.0,0,0.204,1,2,1604,0.776,0.56,0.397,27.0,27.0,0.2403,112.4,0.0,1,1,0.807,1.23714,1,0,0.276,1.2757,-1,13.875,0.153,0.847,0.0,0.0,0.0,0.04,0.0,0.5,0.0,0.539,0.324,0.5,0.509,0.0,0.451,0.0,0,0,0.438,0.351,0.0,0.38,0.212,1.0,0.142,0.0,0.458,0.5,0.0,1.0,0.828
6900,2021.09.07 12:32:40,GBPCHFm,BREAKOUT_RETEST,SELL,2,1.26136,1.2617,1.25801,9.95,0.604,1.26304,1.26428,1.26112,1,0.989,1.591,-1.495,1.26554,1.26516,1.26753,1.26408,0,0.0,0.7,0,1.26304,0.733,0.047,0,0.0,0.0,1.2607,1.25801,2.085,0,0,-1,1.0,-0.895,-0.4387,0.895,0.519,2,0.533,3,0.667,1.26146,1.26236,0.09,0.893,0.0,2,0.0,0,0.533,1.11,2.984,0.372,0.41,1,1.26304,8,0.747,0.82,0.144,0.269,0.0,0.509,0.949,1.27418,1.25888,1.2587,-8310.0876,-11948.1665,-2,1.27487,0.483,0.0,0.0,0.0,0.0,0,0.204,1,2,1604,0.776,0.56,0.397,27.0,27.0,0.2403,112.4,0.0,1,1,0.807,1.23714,1,0,0.276,1.2757,-1,12.763,0.153,0.847,0.0,0.0,0.0,0.99,0.0,0.5,0.0,0.898,0.582,0.5,0.432,0.0,0.33,0.0,0,0,0.311,0.457,0.0,0.143,0.189,1.0,0.306,0.0,0.466,0.5,0.0,1.0,0.752
6902,2021.09.07 13:00:20,GBPCHFm,TREND_CONTINUATION,SELL,4,1.26158,1.26297,1.25996,1.16,0.504,1.26161,1.2619,1.25996,1,0.042,0.542,-0.0244,1.26571,1.26516,1.26753,1.26408,0,0.0,0.5,0,1.26161,0.678,0.713,0,0.0,0.0,1.26155,1.25801,3.063,0,0,-1,0.8,-0.93,-0.519,0.93,0.96,2,0.5,3,0.514,1.26151,1.26229,0.059,0.608,0.0,2,0.0,0,0.5,0.942,3.08,0.306,0.421,1,1.25996,5,0.6,0.882,0.012,0.279,0.0,0.976,0.917,1.27418,1.25888,1.2587,-8310.0876,-11948.1665,-2,1.27487,0.483,0.0,0.0,0.0,0.0,0,0.204,1,2,1605,0.776,0.56,0.397,27.0,27.0,0.2328,116.0,0.0,1,1,0.807,1.23714,1,0,0.276,1.2757,-1,12.172,0.153,0.847,0.0,0.0,0.0,0.62,0.0,0.5,0.0,0.893,0.604,0.5,0.526,0.0,0.396,0.0,0,0,0.378,0.734,0.0,0.428,0.283,0.627,0.538,0.0,0.468,0.5,0.0,1.0,0.934
6903,2021.09.07 13:00:20,GBPCHFm,MEAN_REVERSION,SELL,4,1.26158,1.26251,1.25996,1.74,0.543,1.26161,1.2619,1.25996,1,0.042,0.542,-0.0244,1.26571,1.26516,1.26753,1.26408,0,0.0,0.5,0,1.26161,0.678,0.713,0,0.0,0.0,1.26155,1.25801,3.063,0,0,-1,0.8,-0.93,-0.519,0.93,0.96,2,0.5,3,0.514,1.26151,1.26229,0.059,0.608,0.0,2,0.0,0,0.5,0.942,3.08,0.306,0.421,1,1.25996,5,0.6,0.882,0.012,0.279,0.0,0.976,0.917,1.27418,1.25888,1.2587,-8310.0876,-11948.1665,-2,1.27487,0.483,0.0,0.0,0.0,0.0,0,0.204,1,2,1605,0.776,0.56,0.397,27.0,27.0,0.2328,116.0,0.0,1,1,0.807,1.23714,1,0,0.276,1.2757,-1,12.172,0.153,0.847,0.0,0.0,0.0,0.61,0.0,0.5,0.0,0.893,0.604,0.5,0.526,0.0,0.396,0.0,0,0,0.378,0.734,0.0,0.428,0.283,0.627,0.538,0.0,0.468,0.5,0.0,1.0,0.934
6904,2021.09.07 13:00:40,GBPCHFm,BREAKOUT,SELL,4,1.26137,1.26311,1.25801,1.93,0.343,1.26161,1.2619,1.25996,1,0.042,0.542,-0.2054,1.26571,1.26516,1.26753,1.26408,0,0.0,0.5,0,1.26161,0.678,0.713,0,0.0,0.0,1.26155,1.25801,3.063,0,0,-1,0.8,-0.93,-0.519,0.93,0.981,2,0.5,3,0.514,1.26151,1.26229,0.122,0.789,0.0,2,0.0,0,0.5,0.878,2.899,0.303,0.414,1,1.2619,4,0.6,0.756,0.006,0.279,0.0,0.976,0.917,1.27418,1.25888,1.2587,-8310.0876,-11948.1665,-2,1.27487,0.483,0.0,0.0,0.0,0.0,0,0.204,1,2,1605,0.776,0.56,0.397,27.0,27.0,0.2328,116.0,0.0,1,1,0.807,1.23714,1,0,0.276,1.2757,-1,12.353,0.153,0.847,0.0,0.0,0.0,0.34,0.0,0.5,0.0,0.893,0.566,0.5,0.526,0.0,0.396,0.0,0,0,0.356,0.734,0.0,0.428,0.202,0.627,0.35,0.0,0.477,0.5,0.0,1.0,0.896
6905,2021.09.07 13:00:59,GBPCHFm,PULLBACK,SELL,4,1.2615,1.26324,1.25801,2.01,0.578,1.26161,1.2619,1.25996,1,0.042,0.542,-0.0933,1.26571,1.26516,1.26753,1.26408,0,0.0,0.5,0,1.26161,0.678,0.713,0,0.0,0.0,1.26155,1.25801,3.063,0,0,-1,0.8,-0.93,-0.519,0.93,0.981,2,0.5,3,0.514,1.26151,1.26229,0.01,0.677,0.0,2,0.0,0,0.5,0.912,3.011,0.303,0.418,1,1.2619,4,0.6,0.98,0.006,0.279,0.0,0.976,0.917,1.27418,1.25888,1.2587,-8310.0876,-11948.1665,-2,1.27487,0.483,0.0,0.0,0.0,0.0,0,0.204,1,2,1605,0.776,0.56,0.397,27.0,27.0,0.2328,116.0,0.0,1,1,0.807,1.23714,1,0,0.276,1.2757,-1,12.241,0.153,0.847,0.0,0.0,0.0,0.4,0.0,0.5,0.0,0.893,0.554,0.5,0.526,0.0,0.396,0.0,0,0,0.348,0.734,0.0,0.428,0.283,0.627,0.35,0.0,0.481,0.5,0.0,1.0,0.809
6906,2021.09.07 13:02:40,GBPCHFm,ANCHORED_PULLBACK,SELL,4,1.26109,1.26163,1.25996,2.1,0.383,1.26161,1.2619,1.25996,1,0.042,0.542,-0.4468,1.26571,1.26516,1.26753,1.26408,0,0.0,0.5,0,1.26161,0.678,0.713,0,0.0,0.0,1.26155,1.25801,3.063,0,0,-1,0.8,-0.93,-0.519,0.93,0.584,2,0.5,3,0.514,1.26151,1.26229,0.363,1.031,0.0,2,0.0,0,0.5,0.963,2.657,0.362,0.424,1,1.26161,8,0.736,0.273,0.125,0.279,0.0,0.976,0.917,1.27418,1.25888,1.2587,-8310.0876,-11948.1665,-2,1.27487,0.483,0.0,0.0,0.0,0.0,0,0.204,1,2,1605,0.776,0.56,0.397,27.0,27.0,0.2328,116.0,0.0,1,1,0.807,1.23714,1,0,0.276,1.2757,-1,12.595,0.153,0.847,0.0,0.0,0.0,0.0,0.0,0.5,0.0,0.796,0.489,0.5,0.526,0.0,0.366,0.0,0,0,0.311,0.651,0.0,0.333,0.216,0.684,0.35,0.0,0.458,0.5,0.0,1.0,0.823
6909,2021.09.07 13:16:20,GBPCHFm,SWEEP_REVERSAL,SELL,4,1.26261,1.26377,1.26161,0.86,0.129,1.26161,1.2619,1.25996,0,0.042,0.542,0.8636,1.26571,1.26516,1.26753,1.26408,0,0.0,0.5,0,1.26161,0.678,0.713,0,0.0,0.0,1.26155,1.25801,3.063,0,0,-1,0.8,-0.93,-0.519,0.93,0.06,2,0.5,3,0.514,1.26151,1.26229,0.947,0.28,0.0,2,0.0,0,0.5,1.75,3.968,0.441,0.515,2,1.26161,8,0.736,0.0,0.282,0.279,0.0,0.976,0.917,1.27418,1.25888,1.2587,-8310.0876,-11948.1665,-2,1.27487,0.483,0.0,0.0,0.0,0.0,0,0.204,1,2,1605,0.776,0.56,0.397,27.0,27.0,0.2328,116.0,0.0,1,1,0.807,1.23714,1,0,0.276,1.2757,-1,11.284,0.153,0.847,0.0,0.0,0.0,0.99,0.0,0.5,0.0,0.472,0.639,0.5,0.467,0.0,0.354,0.0,0,0,0.365,0.535,0.0,0.475,0.211,0.896,0.553,0.0,0.446,0.455,0.0,1.0,0.866
6914,2021.09.07 15:00:40,GBPCHFm,BREAKOUT,BUY,4,1.26625,1.26452,1.26997,2.14,0.608,1.26032,1.26393,1.25985,0,0.938,0.094,3.8076,1.2657,1.26559,1.26753,1.26365,1,0.0,0.65,2,1.26032,0.598,0.372,0,0.0,0.0,1.26538,1.25801,5.236,0,0,0,1.0,-0.825,-0.222,0.825,0.115,2,0.414,3,0.544,1.2644,1.26581,1.066,0.117,0.0,2,0.4,3,1.0,2.409,3.808,0.633,0.63,2,1.2644,2,0.55,0.0,0.426,0.648,0.14,0.728,0.89,1.27418,1.25888,1.2587,-8310.0876,-11948.1665,-2,1.27487,0.483,0.0,0.0,0.0,0.0,0,0.204,1,2,1607,0.776,0.56,0.397,27.0,27.0,0.1816,148.6,0.0,1,1,0.807,1.23714,1,0,0.276,1.2757,-1,6.358,0.153,0.847,0.0,0.0,0.0,0.88,0.0,0.5,0.0,0.472,0.651,0.5,0.403,0.0,0.526,0.0,0,0,0.422,0.324,0.0,1.0,0.221,0.69,0.69,0.0,0.409,0.417,0.0,1.0,0.732
6915,2021.09.07 15:02:40,GBPCHFm,ANCHORED_PULLBACK,BUY,4,1.26641,1.26566,1.26911,3.59,0.512,1.26032,1.26393,1.25985,0,0.938,0.094,3.9153,1.2657,1.26559,1.26753,1.26365,1,0.0,0.65,2,1.26032,0.598,0.372,0,0.0,0.0,1.26538,1.25801,5.236,0,0,0,1.0,-0.825,-0.222,0.825,0.115,2,0.414,3,0.544,1.2644,1.26581,1.173,0.224,0.0,2,0.4,3,1.0,2.477,3.915,0.633,0.638,2,1.2644,2,0.55,0.0,0.426,0.648,0.14,0.728,0.89,1.27418,1.25888,1.2587,-8310.0876,-11948.1665,-2,1.27487,0.483,0.0,0.0,0.0,0.0,0,0.204,1,2,1607,0.776,0.56,0.397,27.0,27.0,0.1816,148.6,0.0,1,1,0.807,1.23714,1,0,0.276,1.2757,-1,6.25,0.153,0.847,0.0,0.0,0.0,0.99,0.0,0.5,0.0,0.472,0.723,0.5,0.403,0.0,0.526,0.0,0,0,0.465,0.207,0.0,1.0,0.221,0.69,0.694,0.0,0.424,0.417,0.0,1.0,0.732
6918,2021.09.07 15:28:40,GBPCHFm,TREND_CONTINUATION,SELL,4,1.2662,1.26798,1.2644,1.01,0.769,1.26032,1.26393,1.25985,0,0.938,0.094,3.9556,1.2657,1.26559,1.26753,1.26365,1,0.0,0.65,2,1.26032,0.598,0.372,0,0.0,0.0,1.26538,1.25801,5.236,0,0,0,1.0,-0.825,-0.222,0.825,0.115,2,0.414,3,0.544,1.2644,1.26581,1.214,0.265,0.0,2,0.4,3,1.0,2.503,3.956,0.633,0.641,2,1.2644,2,0.55,0.0,0.426,0.648,0.14,0.728,0.89,1.27418,1.25888,1.2587,-8310.0876,-11948.1665,-2,1.27487,0.483,0.0,0.0,0.0,0.0,0,0.204,1,2,1607,0.776,0.56,0.397,27.0,27.0,0.1816,148.6,0.0,1,1,0.807,1.23714,1,0,0.276,1.2757,-1,6.391,0.153,0.847,0.0,0.0,0.0,0.99,0.0,0.5,0.0,0.79,0.628,0.5,0.399,0.0,0.371,0.0,0,0,0.345,0.207,0.0,0.961,0.221,0.695,0.695,0.0,0.424,0.417,0.0,1.0,0.732
6919,2021.09.07 16:00:00,GBPCHFm,BREAKOUT_RETEST,SELL,4,1.26576,1.26622,1.26012,12.29,0.73,1.26548,1.26627,1.26217,1,0.024,1.626,0.1822,1.26559,1.26559,1.26753,1.26365,1,0.0,0.65,2,1.2639,0.749,0.469,0,0.0,0.0,0.0,1.25801,5.067,0,0,0,1.0,-0.825,-0.0614,0.825,0.965,1,0.158,3,0.425,1.26564,1.26296,0.079,1.832,0.017,2,0.55,3,1.0,0.925,1.832,0.505,0.453,1,1.26627,4,0.6,0.842,0.23,0.648,0.193,0.996,0.754,1.27418,1.25888,1.2587,-8003.7488,306.3387,-1,1.27487,0.482,0.0,0.0,0.0,0.0,0,0.396,1,2,1608,0.776,0.56,0.397,27.0,27.0,0.1765,153.0,0.0,1,1,0.807,1.23714,1,0,0.276,1.2757,-1,6.497,0.172,0.828,0.0,1.0,0.0,0.67,0.0,0.5,0.0,0.597,0.427,0.5,0.476,0.0,0.252,0.0,0,0,0.287,0.592,0.0,0.792,0.146,0.595,0.55,0.0,0.389,0.417,0.0,1.0,0.826
6920,2021.09.07 16:00:20,GBPCHFm,PULLBACK,SELL,4,1.26575,1.26805,1.26327,1.08,0.604,1.26548,1.26627,1.26217,1,0.024,1.626,0.1757,1.26559,1.26559,1.26753,1.26365,1,0.0,0.65,2,1.2639,0.749,0.469,0,0.0,0.0,0.0,1.25801,5.067,0,0,0,1.0,-0.825,-0.0614,0.825,0.965,2,0.458,3,0.425,1.26564,1.26296,0.073,1.825,0.0,2,0.25,0,0.458,0.557,1.825,0.305,0.32,0,1.26627,4,0.6,0.855,0.11,0.247,0.088,0.996,0.754,1.27418,1.25888,1.2587,-8003.7488,306.3387,-1,1.27487,0.482,0.0,0.0,0.0,0.0,0,0.396,1,2,1608,0.776,0.56,0.397,27.0,27.0,0.1765,153.0,0.0,1,1,0.807,1.23714,1,0,0.276,1.2757,-1,6.503,0.172,0.828,0.0,1.0,0.0,0.65,0.0,0.5,0.0,0.829,0.414,0.5,0.55,0.0,0.269,0.0,0,0,0.324,0.722,0.0,0.804,0.18,0.535,0.573,0.0,0.436,0.417,0.0,1.0,0.893
6921,2021.09.07 16:00:40,GBPCHFm,MEAN_REVERSION,SELL,4,1.26594,1.26642,1.2639,4.22,0.506,1.26548,1.26627,1.26217,1,0.024,1.626,0.2998,1.26559,1.26559,1.26753,1.26365,1,0.0,0.65,2,1.2639,0.749,0.469,0,0.0,0.0,0.0,1.25801,5.067,0,0,0,1.0,-0.825,-0.0614,0.825,0.965,2,0.458,3,0.425,1.26564,1.26296,0.197,1.95,0.0,2,0.25,0,0.458,0.595,1.95,0.305,0.324,0,1.2639,8,0.75,0.607,0.11,0.247,0.088,0.996,0.754,1.27418,1.25888,1.2587,-8003.7488,306.3387,-1,1.27487,0.482,0.0,0.0,0.0,0.0,0,0.396,1,2,1608,0.776,0.56,0.397,27.0,27.0,0.1765,153.0,0.0,1,1,0.807,1.23714,1,0,0.276,1.2757,-1,6.379,0.172,0.828,0.0,1.0,0.0,0.99,0.0,0.5,0.0,0.829,0.457,0.5,0.55,0.0,0.269,0.0,0,0,0.298,0.722,0.0,0.804,0.168,0.535,0.574,0.0,0.44,0.417,0.0,1.0,0.893
6924,2021.09.07 16:59:40,GBPCHFm,SWEEP_REVERSAL,SELL,4,1.26674,1.26827,1.26548,0.82,0.186,1.26548,1.26627,1.26217,0,0.024,1.626,0.8227,1.26559,1.26559,1.26753,1.26365,1,0.0,0.65,2,1.2639,0.749,0.469,0,0.0,0.0,0.0,1.25801,5.067,0,0,0,1.0,-0.825,-0.0614,0.825,0.62,2,0.458,3,0.425,1.26564,1.26296,0.72,2.472,0.0,2,0.25,0,0.458,0.883,2.472,0.357,0.358,1,1.26548,1,0.7,0.0,0.214,0.247,0.088,0.996,0.754,1.27418,1.25888,1.2587,-8003.7488,306.3387,-1,1.27487,0.482,0.0,0.0,0.0,0.0,0,0.396,1,2,1608,0.776,0.56,0.397,27.0,27.0,0.1765,153.0,0.0,1,1,0.807,1.23714,1,0,0.276,1.2757,-1,5.856,0.172,0.828,0.0,1.0,0.0,0.99,0.0,0.5,0.0,0.829,0.617,0.5,0.552,0.0,0.168,0.0,0,0,0.303,0.593,0.0,0.67,0.168,0.53,0.771,0.0,0.438,0.417,0.0,1.0,0.885
6925,2021.09.07 17:00:40,GBPCHFm,BREAKOUT,BUY,3,1.26695,1.2661,1.27086,4.62,0.399,1.26599,1.26644,1.26343,0,0.473,3.16,0.4415,1.26517,1.26516,1.26753,1.26365,1,0.0,0.5,2,1.26389,0.688,0.39,0,0.0,0.0,0.0,1.25801,5.571,0,0,0,0.675,0.685,0.1143,0.685,0.274,2,0.528,3,0.324,1.26569,1.26298,0.633,2.361,0.0,2,0.0,0,0.528,0.965,2.361,0.409,0.387,1,1.26599,1,0.7,0.0,0.218,0.206,0.0,0.814,0.907,1.27418,1.25888,1.2587,-8003.7488,306.3387,-1,1.27487,0.482,0.0,0.0,0.0,0.0,0,0.396,1,2,1609,0.776,0.56,0.397,27.0,27.0,0.1724,156.6,0.0,1,1,0.807,1.23714,1,0,0.276,1.2757,-1,5.589,0.172,0.828,0.0,1.0,0.0,0.93,0.0,0.5,0.0,0.759,0.613,0.5,0.507,0.0,0.205,0.0,0,0,0.302,0.514,0.0,0.792,0.176,0.582,0.751,0.0,0.442,0.417,0.0,1.0,0.971
6927,2021.09.07 17:28:40,GBPCHFm,TREND_CONTINUATION,BUY,3,1.26702,1.26514,1.27093,2.08,0.425,1.26599,1.26644,1.26343,0,0.473,3.16,0.4862,1.26517,1.26516,1.26753,1.26365,1,0.0,0.5,2,1.26389,0.688,0.39,0,0.0,0.0,0.0,1.25801,5.571,0,0,0,0.675,0.685,0.1143,0.685,0.274,2,0.528,3,0.324,1.26569,1.26298,0.678,2.405,0.0,2,0.0,0,0.528,0.984,2.405,0.409,0.389,1,1.26599,1,0.7,0.0,0.218,0.206,0.0,0.814,0.907,1.27418,1.25888,1.2587,-8003.7488,306.3387,-1,1.27487,0.482,0.0,0.0,0.0,0.0,0,0.396,1,2,1609,0.776,0.56,0.397,27.0,27.0,0.1724,156.6,0.0,1,1,0.807,1.23714,1,0,0.276,1.2757,-1,5.544,0.172,0.828,0.0,1.0,0.0,0.0,0.0,0.5,0.0,0.616,0.435,0.5,0.512,0.0,0.265,0.0,0,0,0.299,0.514,0.0,0.792,0.176,0.465,0.76,0.0,0.446,0.417,0.0,1.0,0.971
6929,2021.09.07 18:00:00,GBPCHFm,BREAKOUT_RETEST,BUY,3,1.26734,1.26627,1.26888,1.44,0.466,1.26598,1.26734,1.2648,1,0.566,0.001,0.679,1.26564,1.26516,1.26753,1.26365,1,0.0,0.7,0,1.26598,0.672,0.477,0,0.0,0.0,0.0,1.25801,5.639,0,0,0,0.75,0.72,0.2663,0.72,0.363,0,0.703,0,0.675,1.26607,1.26707,0.623,0.001,-0.2887,1,0.45,0,0.703,0.269,0.679,0.396,0.337,0,1.26598,8,0.734,0.0,0.671,0.216,0.292,0.909,0.537,1.27418,1.25888,1.2587,-8003.7488,306.3387,-1,1.27487,0.482,0.0,0.0,0.0,0.0,0,0.396,1,2,1610,0.777,0.55,0.4,27.0,27.0,0.168,160.7,0.0,1,1,0.807,1.23714,1,0,0.276,1.2757,-1,5.202,0.172,0.828,0.0,1.0,0.0,0.01,0.0,0.5,0.0,1.0,0.398,0.5,0.531,0.0,0.198,0.0,0,0,0.299,0.395,0.0,0.744,0.247,0.27,0.621,0.0,0.452,0.417,0.0,1.0,0.685
6931,2021.09.07 18:00:40,GBPCHFm,MEAN_REVERSION,SELL,3,1.26696,1.2675,1.26598,1.81,0.631,1.26598,1.26734,1.2648,1,0.566,0.001,0.6106,1.26564,1.26516,1.26753,1.26365,1,0.0,0.7,0,1.26598,0.672,0.477,0,0.0,0.0,0.0,1.25801,5.639,0,0,0,0.75,0.72,0.2663,0.72,0.481,0,0.706,0,0.675,1.26607,1.26707,0.554,0.067,0.0,2,0.15,0,0.706,0.231,0.611,0.378,0.379,1,1.26598,8,0.734,0.0,0.216,0.216,0.187,0.909,0.537,1.27418,1.25888,1.2587,-8003.7488,306.3387,-1,1.27487,0.482,0.0,0.0,0.0,0.0,0,0.396,1,2,1610,0.777,0.55,0.4,27.0,27.0,0.168,160.7,0.0,1,1,0.807,1.23714,1,0,0.276,1.2757,-1,5.438,0.172,0.828,0.0,1.0,0.0,0.0,0.0,0.5,0.0,0.926,0.37,0.5,0.485,0.0,0.222,0.0,0,0,0.312,0.482,0.0,0.76,0.242,0.396,0.612,0.0,0.463,0.417,0.0,1.0,0.789
6933,2021.09.07 19:00:40,GBPCHFm,BREAKOUT,BUY,3,1.26761,1.26525,1.27154,1.67,0.365,1.26605,1.26703,1.2653,0,0.053,0.347,0.8191,1.26567,1.26516,1.26753,1.26365,1,0.0,0.75,0,1.26605,0.741,0.11,0,0.0,0.0,0.0,1.25801,5.902,0,0,0,0.55,0.755,0.3914,0.755,0.681,0,0.724,0,0.653,1.26721,1.26669,0.085,0.415,0.0,2,0.0,0,0.724,0.285,0.819,0.348,0.398,1,1.26605,8,0.748,0.831,0.096,0.226,0.131,0.82,0.744,1.27418,1.25888,1.2587,-8003.7488,306.3387,-1,1.27487,0.482,0.0,0.0,0.0,0.0,0,0.396,1,2,1611,0.777,0.55,0.4,27.0,27.0,0.1717,157.3,0.0,1,1,0.807,1.23714,1,0,0.276,1.2757,-1,5.144,0.172,0.828,0.0,1.0,0.0,0.77,0.0,0.5,0.0,0.958,0.63,0.5,0.578,0.0,0.336,0.0,0,0,0.386,0.766,0.0,0.743,0.283,0.283,0.736,0.0,0.479,0.385,0.0,1.0,0.899
6934,2021.09.07 19:00:59,GBPCHFm,SWEEP_REVERSAL,SELL,3,1.26734,1.26891,1.26605,0.82,0.132,1.26605,1.26703,1.2653,0,0.053,0.347,0.8191,1.26567,1.26516,1.26753,1.26365,1,0.0,0.75,0,1.26605,0.741,0.11,0,0.0,0.0,0.0,1.25801,5.902,0,0,0,0.55,0.755,0.3914,0.755,0.681,0,0.724,0,0.653,1.26721,1.26669,0.085,0.415,0.0,2,0.0,0,0.724,0.285,0.819,0.348,0.398,1,1.26605,8,0.748,0.831,0.096,0.226,0.131,0.82,0.744,1.27418,1.25888,1.2587,-8003.7488,306.3387,-1,1.27487,0.482,0.0,0.0,0.0,0.0,0,0.396,1,2,1611,0.777,0.55,0.4,27.0,27.0,0.1717,157.3,0.0,1,1,0.807,1.23714,1,0,0.276,1.2757,-1,5.315,0.172,0.828,0.0,1.0,0.0,0.76,0.0,0.5,0.0,0.958,0.632,0.5,0.578,0.0,0.336,0.0,0,0,0.388,0.766,0.0,0.743,0.283,0.283,0.736,0.0,0.479,0.385,0.0,1.0,0.899
6936,2021.09.07 19:28:40,GBPCHFm,TREND_CONTINUATION,BUY,3,1.26753,1.26564,1.27146,2.08,0.39,1.26605,1.26703,1.2653,0,0.053,0.347,0.7682,1.26567,1.26516,1.26753,1.26365,1,0.0,0.75,0,1.26605,0.741,0.11,0,0.0,0.0,0.0,1.25801,5.902,0,0,0,0.55,0.755,0.3914,0.755,0.821,0,0.724,0,0.653,1.26721,1.26669,0.034,0.364,0.0,2,0.0,0,0.724,0.251,0.768,0.327,0.394,1,1.26605,8,0.748,0.932,0.054,0.226,0.131,0.82,0.744,1.27418,1.25888,1.2587,-8003.7488,306.3387,-1,1.27487,0.482,0.0,0.0,0.0,0.0,0,0.396,1,2,1611,0.777,0.55,0.4,27.0,27.0,0.1717,157.3,0.0,1,1,0.807,1.23714,1,0,0.276,1.2757,-1,5.194,0.172,0.828,0.0,1.0,0.0,0.17,0.0,0.5,0.0,0.901,0.571,0.5,0.573,0.0,0.328,0.0,0,0,0.346,0.797,0.0,0.743,0.283,0.225,0.728,0.0,0.469,0.385,0.0,1.0,0.899
6938,2021.09.07 19:38:40,GBPCHFm,PULLBACK,BUY,3,1.26787,1.26551,1.27259,2.0,0.334,1.26605,1.26703,1.2653,0,0.053,0.347,0.9844,1.26567,1.26516,1.26753,1.26365,0,0.0,0.75,0,1.26605,0.741,0.11,0,0.0,0.0,0.0,1.25801,5.902,0,0,0,0.55,0.755,0.3914,0.755,0.681,0,0.724,0,0.653,1.26721,1.26669,0.25,0.58,0.0,2,0.0,0,0.724,0.342,0.984,0.348,0.405,1,1.26605,8,0.748,0.5,0.096,0.226,0.131,0.82,0.744,1.27418,1.25888,1.2587,-8003.7488,306.3387,-1,1.27487,0.482,0.0,0.0,0.0,0.0,0,0.396,1,2,1611,0.777,0.55,0.4,27.0,27.0,0.1717,157.3,0.0,1,1,0.807,1.23714,1,0,0.276,1.2757,-1,4.978,0.172,0.828,0.0,1.0,0.0,0.99,0.0,0.5,0.0,1.0,0.738,0.5,0.561,0.0,0.397,0.0,0,0,0.47,0.729,0.0,0.802,0.283,0.185,0.825,0.0,0.477,0.385,0.0,1.0,0.936
6940,2021.09.07 20:00:20,GBPCHFm,BREAKOUT_RETEST,BUY,3,1.26758,1.26711,1.26826,1.45,0.548,1.26724,1.26746,1.26641,1,0.056,0.056,0.042,1.26508,1.26516,1.26753,1.26365,1,0.0,0.6,0,1.26724,0.693,0.524,0,0.0,0.0,0.0,1.25801,5.992,0,0,0,0.9,0.79,0.481,0.79,1.0,2,0.64,3,0.516,1.26724,1.26755,0.042,0.154,0.0,2,0.15,0,0.72,0.45,1.5,0.3,0.39,1,1.26641,5,0.6,0.916,0.06,0.237,0.053,0.926,0.818,1.27418,1.25888,1.2587,-7971.3752,32.3736,-1,1.27487,0.492,0.0,0.0,0.0,0.0,0,0.629,1,2,1612,0.777,0.55,0.4,27.0,27.0,0.1719,157.1,0.0,1,1,0.807,1.23714,1,0,0.276,1.2757,-1,5.17,0.155,0.845,0.0,1.0,0.0,0.1,0.0,0.5,0.0,0.45,0.45,0.5,0.711,0.0,0.428,0.0,0,0,0.415,0.76,0.0,0.823,0.273,0.211,0.559,0.0,0.478,0.385,0.0,1.0,0.907
6941,2021.09.07 20:00:40,GBPCHFm,MEAN_REVERSION,SELL,3,1.26768,1.26894,1.26641,1.01,0.609,1.26724,1.26746,1.26641,0,0.056,0.056,0.2776,1.26508,1.26516,1.26753,1.26365,0,0.0,0.6,0,1.26724,0.693,0.524,0,0.0,0.0,0.0,1.25801,5.992,0,0,0,0.9,0.79,0.481,0.79,0.11,2,0.64,3,0.516,1.26724,1.26755,0.278,0.081,0.0,2,0.15,0,0.72,0.65,1.5,0.434,0.414,1,1.26641,5,0.6,0.445,0.327,0.237,0.053,0.926,0.818,1.27418,1.25888,1.2587,-7971.3752,32.3736,-1,1.27487,0.492,0.0,0.0,0.0,0.0,0,0.629,1,2,1612,0.777,0.55,0.4,27.0,27.0,0.1719,157.1,0.0,1,1,0.807,1.23714,1,0,0.276,1.2757,-1,5.106,0.155,0.845,0.0,1.0,0.0,0.99,0.0,0.5,0.0,0.608,0.535,0.5,0.711,0.0,0.428,0.0,0,0,0.405,0.457,0.0,0.893,0.359,0.213,0.711,0.0,0.459,0.385,0.0,1.0,0.937
0,2021.09.07 21:00:30,GBPCHFm,ANCHORED_PULLBACK,SELL,3,1.26677,1.26744,1.26365,4.63,0.315,1.26729,1.26758,1.26693,0,0.29,0.127,-0.3317,1.26513,1.26688,1.26753,1.26365,1,0.0,0.5,0,1.26729,0.696,0.55,0,0.0,0.0,1.26753,1.25801,5.617,0,0,0,0.65,0.825,0.5426,0.825,0.194,0,0.759,0,0.434,1.26729,1.2667,0.332,0.043,-0.2603,1,0.15,1,1.0,0.09,0.332,0.271,0.383,1,1.26729,8,0.739,0.337,0.602,0.247,0.139,0.725,0.867,1.27418,1.25888,1.2587,-7971.3752,32.3736,-1,1.27487,0.492,0.0,0.0,0.0,0.0,0,0.629,1,2,1613,0.777,0.55,0.4,173.0,32.1,1.109,156.0,0.0,1,1,0.807,1.23714,1,0,0.276,1.2757,-1,5.724,0.155,0.845,0.0,1.0,0.0,0.0,0.0,0.5,0.0,0.378,0.355,0.5,0.471,0.0,0.242,0.0,0,0,0.325,0.671,0.0,0.692,0.21,0.09,0.49,0.0,0.436,0.385,0.0,1.0,0.766
6946,2021.09.07 21:01:30,GBPCHFm,BREAKOUT,SELL,3,1.26677,1.26911,1.26287,1.67,0.383,1.26729,1.26758,1.26693,0,0.29,0.127,-0.3317,1.26513,1.26688,1.26753,1.26365,1,0.0,0.5,0,1.26729,0.696,0.55,0,0.0,0.0,1.26753,1.25801,5.617,0,0,0,0.65,0.825,0.5426,0.825,0.194,0,0.775,0,0.434,1.26729,1.2667,0.332,0.043,0.0,2,0.15,0,0.855,0.14,0.332,0.421,0.353,1,1.26729,8,0.739,0.337,0.302,0.247,0.139,0.725,0.867,1.27418,1.25888,1.2587,-7971.3752,32.3736,-1,1.27487,0.492,0.0,0.0,0.0,0.0,0,0.629,1,2,1613,0.777,0.55,0.4,173.0,36.5,1.109,156.0,0.0,1,1,0.807,1.23714,1,0,0.276,1.2757,-1,5.724,0.155,0.845,0.0,1.0,0.0,0.0,0.0,0.5,0.0,0.473,0.355,0.5,0.589,0.0,0.267,0.0,0,0,0.371,0.769,0.0,1.0,0.31,0.244,0.49,0.0,0.465,0.385,0.0,1.0,0.899
0,2021.09.07 21:05:40,GBPCHFm,SWEEP_REVERSAL,BUY,3,1.26948,1.26792,1.27093,0.93,0.176,1.26729,1.26758,1.26693,0,0.29,0.127,-0.9279,1.26513,1.26688,1.26753,1.26365,1,0.0,0.5,0,1.26729,0.696,0.55,0,0.0,0.0,1.26753,1.25801,5.617,0,0,0,0.65,0.825,0.5426,0.825,0.069,0,0.775,0,0.434,1.26729,1.26651,0.928,0.428,0.0,2,0.15,0,0.855,0.408,0.928,0.44,0.384,1,1.26729,8,0.739,0.0,0.339,0.247,0.139,0.725,0.911,1.27418,1.25888,1.2587,-7971.3752,32.3736,-1,1.27487,0.492,0.0,0.0,0.0,0.0,0,0.629,1,2,1613,0.777,0.55,0.4,364.0,74.3,2.3333,156.0,0.0,1,1,0.807,1.23714,1,0,0.276,1.2757,-1,3.987,0.155,0.845,0.0,1.0,0.0,0.0,0.0,0.5,0.0,0.475,0.359,0.5,0.494,0.0,0.282,0.0,0,0,0.346,0.5,0.862,1.0,0.282,0.204,0.379,0.0,0.447,0.385,0.0,1.0,0.899
0,2021.09.07 21:53:40,GBPCHFm,TREND_CONTINUATION,BUY,3,1.26739,1.26552,1.26973,1.25,0.438,1.26729,1.26758,1.26693,0,0.29,0.127,-1.4984,1.26513,1.26688,1.26753,1.26365,1,0.0,0.5,0,1.26729,0.696,0.55,0,0.0,0.0,1.26753,1.25801,5.617,0,0,0,0.65,0.825,0.5426,0.825,0.069,0,0.775,0,0.434,1.26729,1.26651,1.498,0.998,0.0,2,0.15,0,0.855,0.659,1.498,0.44,0.413,1,1.26729,8,0.739,0.0,0.339,0.247,0.139,0.725,0.911,1.27418,1.25888,1.2587,-7971.3752,32.3736,-1,1.27487,0.492,0.0,0.0,0.0,0.0,0,0.629,1,2,1613,0.777,0.55,0.4,244.0,238.8,1.5641,156.0,0.0,1,1,0.807,1.23714,1,0,0.276,1.2757,-1,5.327,0.155,0.845,0.0,1.0,0.0,0.46,0.0,0.5,0.645,0.667,0.519,0.5,0.524,0.0,0.17,0.0,0,0,0.237,0.5,0.085,0.885,0.282,0.232,0.29,0.0,0.461,0.462,0.0,1.0,0.892
6950,2021.09.07 23:00:00,GBPCHFm,BREAKOUT_RETEST,BUY,1,1.26751,1.26706,1.26798,1.04,0.794,1.2675,1.26771,1.26647,1,0.009,0.192,-0.1743,1.26513,1.26688,1.26753,1.26365,1,0.0,0.45,2,1.2675,0.755,0.404,0,0.0,0.0,0.0,1.25801,6.12,0,0,0,1.0,0.72,0.2955,0.72,0.734,2,0.511,2,0.158,1.26743,1.26695,0.129,0.192,0.3659,0,0.4,2,1.0,0.735,1.5,0.49,0.396,1,1.26771,4,0.6,0.743,0.24,0.916,0.14,0.804,0.984,1.27418,1.25888,1.2587,-7971.3752,32.3736,-1,1.27487,0.492,0.0,0.0,0.0,0.0,0,0.629,1,2,1615,0.777,0.55,0.4,27.0,166.8,0.179,150.9,0.0,1,1,0.807,1.23714,1,0,0.276,1.2757,0,5.429,0.155,0.845,0.0,1.0,0.5,0.99,0.0,0.5,0.0,1.0,0.388,0.5,0.589,0.0,0.582,0.0,0,0,0.477,0.724,0.0,1.0,0.146,0.8,0.528,0.0,0.437,0.462,0.0,1.0,0.934
6952,2021.09.07 23:01:40,GBPCHFm,BREAKOUT,BUY,1,1.26735,1.26659,1.27112,4.94,0.378,1.2675,1.26771,1.26647,1,0.009,0.192,-0.2804,1.26513,1.26688,1.26753,1.26365,1,0.0,0.45,2,1.2675,0.755,0.404,0,0.0,0.0,0.0,1.25801,6.12,0,0,0,1.0,0.72,0.2955,0.72,0.062,2,0.621,2,0.158,1.26743,1.26695,0.235,0.086,0.0,2,0.4,0,0.701,0.661,1.5,0.441,0.312,0,1.26647,5,0.6,0.531,0.441,0.216,0.14,0.804,0.984,1.27418,1.25888,1.2587,-7971.3752,32.3736,-1,1.27487,0.492,0.0,0.0,0.0,0.0,0,0.629,1,2,1615,0.777,0.55,0.4,27.0,153.9,0.179,150.9,0.0,1,1,0.807,1.23714,1,0,0.276,1.2757,0,5.535,0.155,0.845,0.0,1.0,0.5,0.9,0.0,0.5,0.0,1.0,0.295,0.5,0.589,0.0,0.556,0.0,0,0,0.522,0.642,0.0,1.0,0.192,0.348,0.53,0.0,0.464,0.462,0.0,1.0,0.813
6954,2021.09.07 23:56:40,GBPCHFm,TREND_CONTINUATION,BUY,1,1.26735,1.26554,1.27112,2.08,0.519,1.2675,1.26771,1.26647,1,0.009,0.192,-0.2804,1.26513,1.26688,1.26753,1.26365,1,0.0,0.45,2,1.2675,0.755,0.404,0,0.0,0.0,0.0,1.25801,6.12,0,0,0,1.0,0.72,0.2955,0.72,0.062,2,0.621,2,0.158,1.26743,1.26695,0.235,0.086,0.0,2,0.4,0,0.701,0.661,1.5,0.441,0.312,0,1.26647,5,0.6,0.531,0.441,0.216,0.14,0.804,0.984,1.27418,1.25888,1.2587,-7971.3752,32.3736,-1,1.27487,0.492,0.0,0.0,0.0,0.0,0,0.629,1,2,1615,0.777,0.55,0.4,27.0,27.0,0.179,150.9,0.0,1,1,0.807,1.23714,1,0,0.276,1.2757,0,5.535,0.155,0.845,0.0,1.0,0.5,0.43,0.0,0.5,0.0,1.0,0.462,0.5,0.588,0.0,0.113,0.0,0,0,0.245,0.642,0.0,1.0,0.192,0.279,0.53,0.0,0.464,0.462,0.0,1.0,0.813
6956,2021.09.08 01:00:00,GBPCHFm,MEAN_REVERSION,SELL,1,1.26695,1.26796,1.26605,0.88,0.556,1.26695,1.26716,1.26605,1,0.001,1.197,-0.0008,1.26513,1.26688,1.26753,1.26365,1,0.0,0.4,0,1.26695,0.737,0.007,0,0.0,0.0,0.0,1.25801,7.053,0,0,0,0.8,0.965,0.0983,0.965,1.0,2,0.578,0,0.638,1.26702,1.2653,0.055,1.305,0.0,2,0.0,0,0.578,0.392,1.305,0.3,0.372,1,1.26605,5,0.6,0.89,0.0,0.29,0.128,0.819,0.974,1.27418,1.25888,1.2587,-7606.8884,364.4869,-1,1.27487,0.501,0.0,0.0,0.0,0.0,0,0.581,1,2,1617,0.777,0.55,0.4,27.0,27.0,0.213,126.8,0.0,1,1,0.807,1.23714,1,0,0.276,1.2757,1,6.901,0.177,0.823,0.0,1.0,1.0,0.04,0.0,0.5,0.0,0.374,0.335,0.5,0.669,0.0,0.739,0.0,0,0,0.595,0.817,0.0,0.99,0.14,0.27,0.551,0.0,0.49,0.462,0.0,1.0,0.979
6957,2021.09.08 01:00:40,GBPCHFm,BREAKOUT_RETEST,BUY,1,1.26732,1.26694,1.26798,1.74,0.522,1.26695,1.26716,1.26605,1,0.001,1.197,0.0781,1.26513,1.26688,1.26753,1.26365,1,0.0,0.4,0,1.26695,0.737,0.007,0,0.0,0.0,0.0,1.25801,7.053,0,0,0,0.8,0.965,0.0983,0.965,0.667,2,0.578,0,0.638,1.26702,1.2653,0.024,1.384,0.0,2,0.0,0,0.578,0.485,1.384,0.35,0.383,1,1.26605,5,0.6,0.953,0.1,0.29,0.128,0.819,0.974,1.27418,1.25888,1.2587,-7606.8884,364.4869,-1,1.27487,0.501,0.0,0.0,0.0,0.0,0,0.581,1,2,1617,0.777,0.55,0.4,27.0,27.0,0.213,126.8,0.0,1,1,0.807,1.23714,1,0,0.276,1.2757,1,6.61,0.177,0.823,0.0,1.0,1.0,0.42,0.0,0.5,0.0,0.44,0.368,0.5,0.669,0.0,0.739,0.0,0,0,0.575,0.817,0.0,0.792,0.14,0.27,0.559,0.0,0.49,0.462,0.0,1.0,0.979
6958,2021.09.08 01:01:40,GBPCHFm,BREAKOUT,BUY,1,1.26736,1.26546,1.27053,1.67,0.336,1.26695,1.26716,1.26605,1,0.001,1.197,0.1096,1.26513,1.26688,1.26753,1.26365,1,0.0,0.4,0,1.26695,0.737,0.007,0,0.0,0.0,0.0,1.25801,7.053,0,0,0,0.8,0.965,0.0983,0.965,0.667,2,0.578,0,0.638,1.26702,1.2653,0.055,1.416,0.0,2,0.0,0,0.578,0.496,1.416,0.35,0.384,1,1.26605,5,0.6,0.89,0.1,0.29,0.128,0.819,0.974,1.27418,1.25888,1.2587,-7606.8884,364.4869,-1,1.27487,0.501,0.0,0.0,0.0,0.0,0,0.581,1,2,1617,0.777,0.55,0.4,27.0,27.0,0.213,126.8,0.0,1,1,0.807,1.23714,1,0,0.276,1.2757,1,6.578,0.177,0.823,0.0,1.0,1.0,0.67,0.0,0.5,0.0,0.44,0.394,0.5,0.669,0.0,0.739,0.0,0,0,0.56,0.817,0.0,0.792,0.14,0.27,0.562,0.0,0.49,0.462,0.0,1.0,0.979
6960,2021.09.08 01:26:00,GBPCHFm,SWEEP_REVERSAL,SELL,1,1.26716,1.26843,1.26605,0.87,0.131,1.26695,1.26716,1.26605,0,0.001,1.197,0.1648,1.26513,1.26688,1.26753,1.26365,1,0.0,0.4,0,1.26695,0.737,0.007,0,0.0,0.0,0.0,1.25801,7.053,0,0,0,0.8,0.965,0.0983,0.965,0.289,2,0.578,0,0.638,1.26702,1.2653,0.11,1.471,0.0,2,0.0,0,0.578,0.598,1.471,0.407,0.396,1,1.26605,5,0.6,0.779,0.213,0.29,0.128,0.819,0.974,1.27418,1.25888,1.2587,-7606.8884,364.4869,-1,1.27487,0.501,0.0,0.0,0.0,0.0,0,0.581,1,2,1617,0.777,0.55,0.4,27.0,27.0,0.213,126.8,0.0,1,1,0.807,1.23714,1,0,0.276,1.2757,1,6.736,0.177,0.823,0.0,1.0,1.0,0.99,0.0,0.5,0.0,0.359,0.604,0.5,0.955,0.0,0.986,0.0,0,0,0.743,0.831,0.0,1.0,0.14,0.108,0.629,0.0,0.467,0.462,0.0,1.0,0.971
6962,2021.09.08 01:56:40,GBPCHFm,TREND_CONTINUATION,BUY,1,1.26726,1.26574,1.27043,2.08,0.493,1.26695,1.26716,1.26605,1,0.001,1.197,0.0308,1.26513,1.26688,1.26753,1.26365,1,0.0,0.4,0,1.26695,0.737,0.007,0,0.0,0.0,0.0,1.25801,7.053,0,0,0,0.8,0.965,0.0983,0.965,1.0,2,0.578,0,0.638,1.26702,1.2653,0.024,1.337,0.0,2,0.0,0,0.578,0.401,1.337,0.3,0.373,1,1.26605,5,0.6,0.953,0.0,0.29,0.128,0.819,0.974,1.27418,1.25888,1.2587,-7606.8884,364.4869,-1,1.27487,0.501,0.0,0.0,0.0,0.0,0,0.581,1,2,1617,0.777,0.55,0.4,27.0,27.0,0.213,126.8,0.0,1,1,0.807,1.23714,1,0,0.276,1.2757,1,6.657,0.177,0.823,0.0,1.0,1.0,0.0,0.0,0.5,0.0,0.382,0.409,0.5,0.638,0.0,0.644,0.0,0,0,0.503,0.817,0.0,0.911,0.14,0.159,0.554,0.0,0.49,0.462,0.0,1.0,0.979
6964,2021.09.08 03:00:00,GBPCHFm,PULLBACK,SELL,1,1.26701,1.26866,1.26365,2.04,0.279,1.26691,1.26723,1.2668,1,0.053,0.299,0.0923,1.26513,1.26688,1.26753,1.26365,1,0.0,0.5,0,1.26691,0.723,0.631,0,0.0,0.0,0.0,1.25801,8.189,0,0,0,0.107,0.0,-0.0071,0.342,0.823,0,0.826,0,0.748,1.26708,1.26732,0.064,0.279,-0.2665,1,0.45,1,1.0,0.265,1.5,0.177,0.389,1,0.0,0,0.0,0.872,0.533,0.0,0.307,0.66,0.896,1.27418,1.25888,1.2587,-7606.8884,364.4869,-1,1.27487,0.501,0.0,0.0,0.0,0.0,0,0.581,1,2,1619,0.777,0.55,0.4,27.0,27.0,0.2456,109.9,0.0,1,1,0.807,1.23714,1,0,0.276,1.2757,1,7.905,0.177,0.823,0.0,1.0,1.0,0.99,0.0,0.5,0.0,0.425,0.494,0.5,0.494,0.0,0.336,0.0,0,0,0.286,0.76,0.0,0.876,0.112,0.091,0.531,0.0,0.457,0.462,0.0,1.0,0.555
6965,2021.09.08 03:01:59,GBPCHFm,BREAKOUT,SELL,1,1.26709,1.26874,1.26434,1.67,0.138,1.26691,1.26723,1.2668,1,0.053,0.299,0.1651,1.26513,1.26688,1.26753,1.26365,1,0.0,0.5,0,1.26691,0.723,0.631,0,0.0,0.0,0.0,1.25801,8.189,0,0,0,0.107,0.0,-0.0071,0.342,0.739,0,0.842,0,0.748,1.26708,1.26732,0.009,0.206,0.0,2,0.15,0,0.842,0.509,1.5,0.339,0.423,1,0.0,0,0.0,0.983,0.138,0.0,0.202,0.66,0.896,1.27418,1.25888,1.2587,-7606.8884,364.4869,-1,1.27487,0.501,0.0,0.0,0.0,0.0,0,0.581,1,2,1619,0.777,0.55,0.4,27.0,27.0,0.2456,109.9,0.0,1,1,0.807,1.23714,1,0,0.276,1.2757,1,7.832,0.177,0.823,0.0,1.0,1.0,0.99,0.0,0.5,0.0,0.532,0.554,0.5,0.541,0.0,0.355,0.0,0,0,0.337,0.76,0.0,0.924,0.141,0.154,0.547,0.0,0.501,0.462,0.0,1.0,0.784
6966,2021.09.08 03:57:00,GBPCHFm,TREND_CONTINUATION,SELL,1,1.26679,1.26811,1.26404,2.08,0.176,1.26691,1.26723,1.2668,0,0.053,0.299,-0.1078,1.26513,1.26688,1.26753,1.26365,1,0.0,0.5,0,1.26691,0.723,0.631,0,0.0,0.0,0.0,1.25801,8.189,0,0,0,0.107,0.0,-0.0071,0.342,0.448,0,0.842,0,0.748,1.26691,1.26656,0.108,0.205,0.0,2,0.15,0,0.842,0.574,1.5,0.383,0.461,1,1.26723,4,0.6,0.784,0.226,0.0,0.202,0.897,0.757,1.27418,1.25888,1.2587,-7606.8884,364.4869,-1,1.27487,0.501,0.0,0.0,0.0,0.0,0,0.581,1,2,1619,0.777,0.55,0.4,27.0,27.0,0.2456,109.9,0.0,1,1,0.807,1.23714,1,0,0.276,1.2757,1,8.105,0.177,0.823,0.0,1.0,1.0,0.33,0.0,0.5,0.0,1.0,0.444,0.5,0.58,0.0,0.335,0.0,0,0,0.341,0.835,0.0,1.0,0.182,0.154,0.517,0.0,0.487,0.462,0.0,1.0,0.815
6967,2021.09.08 04:00:40,GBPCHFm,BREAKOUT_RETEST,SELL,1,1.2669,1.26717,1.2666,1.11,0.391,1.26697,1.26716,1.26679,1,0.098,0.175,-0.0783,1.26672,1.26688,1.26753,1.26365,1,0.0,0.45,0,1.26697,0.688,0.75,0,0.0,0.0,0.0,1.25801,9.769,0,0,0,0.584,-0.4494,-0.0424,0.449,0.72,0,0.876,0,0.878,1.26695,1.2666,0.056,0.332,0.0,2,0.4,0,0.876,0.113,0.332,0.342,0.391,1,0.0,0,0.0,0.889,0.244,0.135,0.316,0.874,0.881,1.27418,1.25888,1.2587,-8159.2357,-552.3473,-2,1.27487,0.516,0.0,0.0,0.0,0.0,0,0.578,1,2,1620,0.77,0.552,0.401,27.0,27.0,0.3,90.0,0.0,1,1,0.807,1.23714,1,0,0.276,1.2757,0,9.778,0.153,0.847,0.0,0.0,0.5,0.98,0.0,0.5,0.0,1.0,0.516,0.5,0.573,0.0,0.294,0.0,0,0,0.299,0.76,0.0,1.0,0.1,0.173,0.515,0.0,0.524,0.462,0.0,1.0,0.676
6969,2021.09.08 05:00:00,GBPCHFm,PULLBACK,SELL,1,1.26689,1.26802,1.26463,2.0,0.448,1.26697,1.26716,1.26679,1,0.052,0.328,-0.1067,1.26672,1.26688,1.26753,1.26365,1,0.0,0.45,0,1.26697,0.679,0.591,0,0.0,0.0,0.0,1.25801,11.776,0,0,0,0.5,-0.545,-0.0555,0.545,0.713,0,0.85,0,0.77,1.26699,1.2666,0.134,0.382,0.0,2,0.25,0,0.85,0.131,0.382,0.343,0.396,1,1.26716,4,0.6,0.732,0.186,0.164,0.241,0.871,0.879,1.27418,1.25888,1.2587,-8159.2357,-552.3473,-2,1.27487,0.516,0.0,0.0,0.0,0.0,0,0.578,1,2,1621,0.77,0.552,0.401,27.0,27.0,0.358,75.4,0.0,1,1,0.807,1.23714,1,0,0.276,1.2757,0,11.68,0.153,0.847,0.0,0.0,0.5,0.04,0.0,0.5,0.0,0.831,0.37,0.5,0.568,0.0,0.314,0.0,0,0,0.374,0.8,0.0,1.0,0.0,0.171,0.513,0.0,0.538,0.462,0.0,1.0,0.676
6970,2021.09.08 05:02:00,GBPCHFm,BREAKOUT,SELL,1,1.26695,1.26808,1.26506,1.67,0.25,1.26697,1.26716,1.26679,1,0.052,0.328,-0.0272,1.26672,1.26688,1.26753,1.26365,1,0.0,0.45,0,1.26697,0.679,0.591,0,0.0,0.0,0.0,1.25801,11.776,0,0,0,0.5,-0.545,-0.0555,0.545,0.738,0,0.85,0,0.77,1.26699,1.2666,0.054,0.462,0.0,2,0.25,0,0.85,0.157,0.462,0.339,0.398,1,0.0,0,0.0,0.891,0.179,0.164,0.241,0.871,0.879,1.27418,1.25888,1.2587,-8159.2357,-552.3473,-2,1.27487,0.516,0.0,0.0,0.0,0.0,0,0.578,1,2,1621,0.77,0.552,0.401,27.0,27.0,0.358,75.4,0.0,1,1,0.807,1.23714,1,0,0.276,1.2757,0,11.6,0.153,0.847,0.0,0.0,0.5,0.26,0.0,0.5,0.0,0.831,0.434,0.5,0.568,0.0,0.314,0.0,0,0,0.336,0.8,0.0,1.0,0.0,0.171,0.526,0.0,0.539,0.462,0.0,1.0,0.676
6976,2021.09.08 05:57:00,GBPCHFm,TREND_CONTINUATION,SELL,1,1.26672,1.26763,1.26483,2.08,0.351,1.26697,1.26716,1.26679,0,0.052,0.328,-0.3321,1.26672,1.26688,1.26753,1.26365,1,0.0,0.45,0,1.26697,0.679,0.591,0,0.0,0.0,0.0,1.25801,11.776,0,0,0,0.5,-0.545,-0.0555,0.545,0.338,0,0.85,0,0.77,1.26699,1.2666,0.359,0.157,0.0,2,0.25,0,0.85,0.143,0.359,0.399,0.397,1,1.26697,8,0.736,0.281,0.299,0.164,0.241,0.871,0.879,1.27418,1.25888,1.2587,-8159.2357,-552.3473,-2,1.27487,0.516,0.0,0.0,0.0,0.0,0,0.578,1,2,1621,0.77,0.552,0.401,27.0,27.0,0.358,75.4,0.0,1,1,0.807,1.23714,1,0,0.276,1.2757,0,11.905,0.153,0.847,0.0,0.0,0.5,0.34,0.0,0.5,0.0,0.325,0.593,0.5,0.482,0.0,0.485,0.0,0,0,0.395,0.874,0.04,0.964,0.0,0.176,0.49,0.0,0.508,0.462,0.0,1.0,0.782
6977,2021.09.08 06:03:40,GBPCHFm,MEAN_REVERSION,BUY,1,1.26669,1.26612,1.26718,0.87,0.678,1.26691,1.26706,1.26672,0,0.242,0.118,-0.6968,1.26672,1.26688,1.26753,1.26365,1,0.0,0.4,0,1.26691,0.692,0.818,0,0.0,0.0,0.0,1.25801,12.268,0,0,0,0.713,-0.6801,-0.0406,0.68,0.055,0,0.793,0,0.739,1.26691,1.26657,0.697,0.217,0.0,2,0.15,0,0.793,0.308,0.697,0.442,0.409,1,1.26691,8,0.738,0.0,0.343,0.204,0.2,0.836,0.878,1.27418,1.25888,1.2587,-8159.2357,-552.3473,-2,1.27487,0.516,0.0,0.0,0.0,0.0,0,0.578,1,2,1622,0.77,0.552,0.401,27.0,27.0,0.381,70.9,0.0,1,1,0.807,1.23714,1,0,0.276,1.2757,0,12.716,0.153,0.847,0.0,0.0,0.5,0.0,0.0,0.5,0.0,0.374,0.343,0.5,0.516,0.0,0.478,0.0,0,0,0.441,0.546,0.0,0.673,0.0,0.168,0.434,0.0,0.514,0.462,0.0,1.0,0.799
0,2021.09.08 06:17:40,GBPCHFm,BREAKOUT_RETEST,SELL,1,1.26678,1.26699,1.26655,1.07,0.478,1.26691,1.26706,1.26672,1,0.242,0.118,-0.1888,1.26672,1.26688,1.26753,1.26365,1,0.0,0.4,0,1.26691,0.692,0.818,0,0.0,0.0,0.0,1.25801,12.268,0,0,0,0.713,-0.6801,-0.0406,0.68,0.519,0,0.793,0,0.739,1.26691,1.26657,0.189,0.291,0.0,2,0.15,0,0.793,0.558,1.5,0.372,0.438,1,1.26706,4,0.6,0.622,0.204,0.204,0.2,0.836,0.878,1.27418,1.25888,1.2587,-8159.2357,-552.3473,-2,1.27487,0.516,0.0,0.0,0.0,0.0,0,0.578,1,2,1622,0.77,0.552,0.401,27.0,27.0,0.381,70.9,0.0,1,1,0.807,1.23714,1,0,0.276,1.2757,0,12.589,0.153,0.847,0.0,0.0,0.5,0.99,0.0,0.5,0.0,0.358,0.443,0.5,0.776,0.0,0.721,0.0,0,0,0.556,0.76,0.0,0.718,0.0,0.187,0.503,0.0,0.521,0.462,0.0,1.0,0.722
6980,2021.09.08 06:23:40,GBPCHFm,SWEEP_REVERSAL,BUY,1,1.2664,1.26569,1.26718,1.11,0.202,1.26691,1.26706,1.26672,0,0.242,0.118,-1.1061,1.26672,1.26688,1.26753,1.26365,1,0.0,0.4,0,1.26691,0.692,0.818,0,0.0,0.0,0.0,1.25801,12.268,0,0,0,0.713,-0.6801,-0.0406,0.68,0.055,0,0.793,0,0.739,1.26691,1.26657,1.106,0.626,0.0,2,0.15,0,0.793,0.489,1.106,0.442,0.43,1,1.26691,8,0.738,0.0,0.343,0.204,0.2,0.836,0.878,1.27418,1.25888,1.2587,-8159.2357,-552.3473,-2,1.27487,0.516,0.0,0.0,0.0,0.0,0,0.578,1,2,1622,0.77,0.552,0.401,27.0,27.0,0.381,70.9,0.0,1,1,0.807,1.23714,1,0,0.276,1.2757,0,13.125,0.153,0.847,0.0,0.0,0.5,0.0,0.0,0.5,0.0,0.374,0.4,0.5,0.887,0.0,0.698,0.0,0,0,0.605,0.546,0.0,0.673,0.0,0.19,0.369,0.0,0.508,0.462,0.0,1.0,0.799
6984,2021.09.08 07:00:40,GBPCHFm,PULLBACK,SELL,1,1.26614,1.26652,1.26408,5.36,0.334,1.26691,1.26709,1.26634,0,0.129,0.607,-1.0667,1.26672,1.26688,1.26753,1.26408,1,0.0,0.5,2,1.26645,0.667,0.0,2,0.0,0.0,0.0,1.25801,11.635,0,0,0,0.634,-0.6124,-0.0278,0.612,0.27,0,0.665,0,0.408,1.26645,1.26581,0.436,0.458,0.0,2,0.0,0,0.665,0.437,1.067,0.409,0.353,1,1.26645,8,0.733,0.129,0.219,0.184,0.082,0.682,0.955,1.27418,1.25888,1.2587,-8159.2357,-552.3473,-2,1.27487,0.516,0.0,0.0,0.0,0.0,0,0.578,1,2,1623,0.77,0.552,0.401,27.0,27.0,0.3761,71.8,0.0,1,1,0.807,1.23714,1,0,0.276,1.2757,0,13.317,0.153,0.847,0.0,0.0,0.5,0.53,0.0,0.5,0.0,0.25,0.317,0.5,0.55,0.0,0.707,0.0,0,0,0.557,0.758,0.0,0.572,0.0,0.383,0.445,0.0,0.498,0.462,0.0,1.0,0.876
6986,2021.09.08 07:02:00,GBPCHFm,BREAKOUT,SELL,1,1.26621,1.26652,1.26442,5.71,0.377,1.26691,1.26709,1.26634,0,0.129,0.607,-0.9692,1.26672,1.26688,1.26753,1.26408,1,0.0,0.5,2,1.26645,0.667,0.0,2,0.0,0.0,0.0,1.25801,11.635,0,0,0,0.634,-0.6124,-0.0278,0.612,0.388,0,0.665,0,0.408,1.26645,1.26581,0.338,0.556,0.0,2,0.0,0,0.665,0.38,0.969,0.392,0.347,0,1.26645,8,0.733,0.324,0.184,0.184,0.082,0.682,0.955,1.27418,1.25888,1.2587,-8159.2357,-552.3473,-2,1.27487,0.516,0.0,0.0,0.0,0.0,0,0.578,1,2,1623,0.77,0.552,0.401,27.0,27.0,0.3761,71.8,0.0,1,1,0.807,1.23714,1,0,0.276,1.2757,0,13.22,0.153,0.847,0.0,0.0,0.5,0.6,0.0,0.5,0.0,0.25,0.297,0.5,0.55,0.0,0.707,0.0,0,0,0.569,0.878,0.0,0.704,0.0,0.421,0.46,0.0,0.498,0.462,0.0,1.0,0.876
6988,2021.09.08 07:57:00,GBPCHFm,TREND_CONTINUATION,SELL,1,1.26513,1.26652,1.26334,1.29,0.415,1.26691,1.26709,1.26634,0,0.129,0.607,-2.4737,1.26672,1.26688,1.26753,1.26408,1,0.0,0.5,2,1.26645,0.667,0.0,2,0.0,0.0,0.0,1.25801,11.635,0,0,0,0.634,-0.6124,-0.0278,0.612,0.042,0,0.665,0,0.408,1.26645,1.26581,1.843,0.949,0.0,2,0.0,0,0.665,1.098,2.474,0.444,0.431,1,1.26645,8,0.733,0.0,0.288,0.184,0.082,0.682,0.955,1.27418,1.25888,1.2587,-8159.2357,-552.3473,-2,1.27487,0.516,0.0,0.0,0.0,0.0,0,0.578,1,2,1623,0.77,0.552,0.401,27.0,27.0,0.3761,71.8,0.0,1,1,0.807,1.23714,1,0,0.276,1.2757,0,14.724,0.153,0.847,0.0,0.0,0.5,0.47,0.0,0.5,0.253,0.288,0.591,0.5,0.463,0.0,0.868,0.0,0,0,0.541,0.703,1.0,0.66,0.0,0.466,0.295,0.0,0.517,0.417,0.0,1.0,0.877
0,2021.09.08 08:00:00,GBPCHFm,ANCHORED_PULLBACK,BUY,2,1.26541,1.2652,1.26608,3.15,0.669,1.26695,1.26717,1.26528,0,1.163,0.442,-2.2446,1.26672,1.26688,1.26753,1.26408,1,0.0,0.65,2,1.26608,0.731,0.395,0,0.0,0.0,1.26491,1.25801,8.837,0,0,0,0.687,-0.6331,-0.026,0.633,0.358,2,0.452,3,0.42,1.26608,1.26564,1.163,0.622,1.4081,0,0.0,2,1.0,1.226,2.245,0.546,0.564,2,1.26608,8,0.746,0.0,0.192,0.89,0.0,0.945,0.907,1.27418,1.25888,1.2587,-7689.0756,470.16,-1,1.27487,0.529,0.0,0.0,0.0,0.0,0,0.428,1,2,1624,0.77,0.552,0.401,27.0,27.0,0.3345,80.7,0.0,1,1,0.807,1.23714,1,0,0.276,1.2757,0,12.749,0.183,0.817,0.0,1.0,0.5,0.51,0.0,0.5,0.0,0.253,0.443,0.5,0.425,0.0,0.96,0.0,0,0,0.546,0.651,0.039,1.0,0.182,1.0,0.563,0.0,0.444,0.385,0.0,1.0,0.861
6989,2021.09.08 08:03:40,GBPCHFm,MEAN_REVERSION,BUY,2,1.26552,1.26487,1.26635,1.28,0.554,1.26695,1.26717,1.26528,0,1.163,0.442,-2.1084,1.26672,1.26688,1.26753,1.26408,1,0.0,0.65,2,1.26608,0.731,0.395,0,0.0,0.0,1.26491,1.25801,8.837,0,0,0,0.687,-0.6331,-0.026,0.633,0.358,2,0.486,3,0.42,1.26608,1.26564,1.027,0.486,0.0,2,0.0,0,0.486,0.835,2.108,0.396,0.39,1,1.26608,8,0.746,0.0,0.192,0.19,0.0,0.945,0.907,1.27418,1.25888,1.2587,-7689.0756,470.16,-1,1.27487,0.529,0.0,0.0,0.0,0.0,0,0.428,1,2,1624,0.77,0.552,0.401,27.0,27.0,0.3345,80.7,0.0,1,1,0.807,1.23714,1,0,0.276,1.2757,0,12.612,0.183,0.817,0.0,1.0,0.5,0.87,0.0,0.5,0.0,0.262,0.398,0.5,0.439,0.0,0.871,0.0,0,0,0.541,0.604,0.056,0.528,0.156,0.93,0.448,0.0,0.499,0.417,0.0,1.0,0.816
6992,2021.09.08 08:23:40,GBPCHFm,SWEEP_REVERSAL,BUY,2,1.26467,1.26386,1.26635,2.08,0.113,1.26695,1.26717,1.26528,0,1.163,0.442,-3.1615,1.26672,1.26688,1.26753,1.26408,1,0.0,0.65,2,1.26608,0.731,0.395,0,0.0,0.0,1.26491,1.25801,8.837,0,0,0,0.687,-0.6331,-0.026,0.633,0.143,2,0.486,3,0.42,1.26608,1.26433,2.08,0.083,0.0,2,0.0,0,0.486,1.355,3.161,0.429,0.45,1,1.26608,8,0.746,0.0,0.257,0.19,0.0,0.945,0.92,1.27418,1.25888,1.2587,-7689.0756,470.16,-1,1.27487,0.529,0.0,0.0,0.0,0.0,0,0.428,1,2,1624,0.77,0.552,0.401,27.0,27.0,0.3345,80.7,0.0,1,1,0.807,1.23714,1,0,0.276,1.2757,0,13.665,0.183,0.817,0.0,1.0,0.5,0.73,0.0,0.5,0.0,0.304,0.411,0.5,0.418,0.0,0.709,0.0,0,0,0.462,0.442,0.0,0.44,0.156,1.0,0.277,0.0,0.48,0.417,0.0,1.0,0.816
6994,2021.09.08 08:45:59,GBPCHFm,BREAKOUT_RETEST,SELL,2,1.26549,1.26616,1.26433,1.73,0.447,1.26695,1.26717,1.26528,1,1.163,0.442,-1.811,1.26672,1.26688,1.26753,1.26408,1,0.0,0.65,2,1.26608,0.731,0.395,0,0.0,0.0,1.26491,1.25801,8.837,0,0,0,0.687,-0.6331,-0.026,0.633,0.119,2,0.486,3,0.42,1.26608,1.26564,0.729,0.189,0.0,2,0.0,0,0.486,0.782,1.811,0.432,0.383,1,1.26608,8,0.746,0.0,0.264,0.19,0.0,0.945,0.907,1.27418,1.25888,1.2587,-7689.0756,470.16,-1,1.27487,0.529,0.0,0.0,0.0,0.0,0,0.428,1,2,1624,0.77,0.552,0.401,27.0,27.0,0.3345,80.7,0.0,1,1,0.807,1.23714,1,0,0.276,1.2757,0,12.65,0.183,0.817,0.0,1.0,0.5,0.98,0.0,0.5,0.729,0.471,0.675,0.5,0.413,0.0,0.4,0.0,0,0,0.389,0.469,1.0,0.44,0.139,0.923,0.456,0.0,0.497,0.417,0.0,1.0,0.739
6996,2021.09.08 10:24:59,GBPCHFm,SWEEP_REVERSAL,SELL,2,1.26679,1.2673,1.26637,0.83,0.499,1.26637,1.26719,1.26483,1,0.043,0.628,0.3865,1.26673,1.26688,1.26753,1.26408,1,0.0,0.65,0,1.26492,0.695,0.566,0,0.0,0.0,1.26702,1.25801,7.94,1,0,0,1.0,-0.895,-0.222,0.895,0.537,2,0.562,0,0.58,1.26637,1.26728,0.387,0.452,0.0,2,0.3,6,0.5,0.379,1.728,0.22,0.316,0,1.26637,1,0.7,0.227,0.459,0.269,0.521,0.957,0.96,1.27418,1.25888,1.2587,-7689.0756,470.16,-1,1.27487,0.529,0.0,0.0,0.0,0.0,0,0.428,1,2,1626,0.77,0.552,0.401,27.0,27.0,0.2495,108.2,0.0,1,1,0.807,1.23714,1,0,0.276,1.2757,0,8.234,0.183,0.817,0.0,1.0,0.5,0.16,0.0,0.5,0.0,1.0,0.482,0.5,0.488,0.0,0.317,0.0,0,0,0.284,0.543,0.0,1.0,0.13,0.612,0.43,0.0,0.435,0.385,0.0,1.0,0.714
6998,2021.09.08 11:00:00,GBPCHFm,BREAKOUT,BUY,2,1.26794,1.26716,1.27071,3.54,0.601,1.267,1.2673,1.26473,0,0.606,0.071,0.6063,1.26674,1.26688,1.26753,1.26408,0,0.0,0.65,2,1.267,0.661,0.05,0,0.0,0.0,1.26706,1.25801,8.727,0,0,1,1.0,-0.755,-0.1536,0.755,0.129,1,0.163,3,0.397,1.267,1.26749,0.606,0.16,0.1879,0,0.4,2,1.0,0.352,0.606,0.581,0.406,1,1.267,8,0.732,0.0,0.421,0.926,0.14,1.0,0.793,1.27418,1.25888,1.2587,-7689.0756,470.16,-1,1.27487,0.529,0.0,0.0,0.0,0.0,0,0.428,1,2,1627,0.77,0.552,0.401,27.0,27.0,0.2439,110.7,0.0,1,1,0.807,1.23714,1,0,0.276,1.2757,-1,7.009,0.183,0.817,0.0,1.0,0.0,0.94,0.0,0.5,0.0,1.0,0.541,0.5,0.479,0.0,0.266,0.0,0,0,0.275,0.187,0.0,0.781,0.181,1.0,0.71,0.0,0.416,0.385,0.0,1.0,0.798
6999,2021.09.08 11:00:20,GBPCHFm,MEAN_REVERSION,SELL,2,1.26775,1.26864,1.267,0.85,0.497,1.267,1.2673,1.26473,0,0.606,0.071,0.6785,1.26674,1.26688,1.26753,1.26408,0,0.0,0.65,2,1.267,0.661,0.05,0,0.0,0.0,1.26706,1.25801,8.727,0,0,1,1.0,-0.755,-0.1536,0.755,0.129,2,0.463,3,0.397,1.267,1.26749,0.679,0.233,0.0,2,0.4,0,0.463,0.292,0.679,0.431,0.265,0,1.267,8,0.732,0.0,0.421,0.226,0.14,1.0,0.793,1.27418,1.25888,1.2587,-7689.0756,470.16,-1,1.27487,0.529,0.0,0.0,0.0,0.0,0,0.428,1,2,1627,0.77,0.552,0.401,27.0,27.0,0.2439,110.7,0.0,1,1,0.807,1.23714,1,0,0.276,1.2757,-1,7.181,0.183,0.817,0.0,1.0,0.0,0.99,0.0,0.5,0.0,1.0,0.549,0.5,0.496,0.0,0.249,0.0,0,0,0.278,0.245,0.0,0.68,0.178,0.964,0.86,0.0,0.466,0.385,0.0,1.0,0.768
7000,2021.09.08 11:00:20,GBPCHFm,ANCHORED_PULLBACK,BUY,2,1.26802,1.26766,1.26877,2.11,0.2,1.267,1.2673,1.26473,0,0.606,0.071,0.6785,1.26674,1.26688,1.26753,1.26408,0,0.0,0.65,2,1.267,0.661,0.05,0,0.0,0.0,1.26706,1.25801,8.727,0,0,1,1.0,-0.755,-0.1536,0.755,0.129,2,0.463,3,0.397,1.267,1.26749,0.679,0.233,0.0,2,0.4,0,0.463,0.292,0.679,0.431,0.265,0,1.267,8,0.732,0.0,0.421,0.226,0.14,1.0,0.793,1.27418,1.25888,1.2587,-7689.0756,470.16,-1,1.27487,0.529,0.0,0.0,0.0,0.0,0,0.428,1,2,1627,0.77,0.552,0.401,27.0,27.0,0.2439,110.7,0.0,1,1,0.807,1.23714,1,0,0.276,1.2757,-1,6.937,0.183,0.817,0.0,1.0,0.0,0.98,0.0,0.5,0.0,1.0,0.549,0.5,0.496,0.0,0.249,0.0,0,0,0.278,0.245,0.0,0.68,0.178,0.964,0.86,0.0,0.466,0.385,0.0,1.0,0.768
7004,2021.09.08 11:17:40,GBPCHFm,TREND_CONTINUATION,SELL,2,1.26838,1.26971,1.267,1.04,0.517,1.267,1.2673,1.26473,0,0.606,0.071,1.2476,1.26674,1.26688,1.26753,1.26408,0,0.0,0.65,2,1.267,0.661,0.05,0,0.0,0.0,1.26706,1.25801,8.727,0,0,1,1.0,-0.755,-0.1536,0.755,0.129,2,0.463,3,0.397,1.267,1.26749,1.248,0.802,0.0,2,0.4,0,0.463,0.537,1.248,0.431,0.293,0,1.267,8,0.732,0.0,0.421,0.226,0.14,1.0,0.793,1.27418,1.25888,1.2587,-7689.0756,470.16,-1,1.27487,0.529,0.0,0.0,0.0,0.0,0,0.428,1,2,1627,0.77,0.552,0.401,27.0,27.0,0.2439,110.7,0.0,1,1,0.807,1.23714,1,0,0.276,1.2757,-1,6.612,0.183,0.817,0.0,1.0,0.0,0.99,0.0,0.5,0.0,1.0,0.568,0.5,0.501,0.0,0.25,0.0,0,0,0.291,0.245,0.0,0.247,0.178,1.0,0.86,0.0,0.466,0.385,0.0,1.0,0.768
7005,2021.09.08 11:38:40,GBPCHFm,PULLBACK,SELL,2,1.26721,1.26887,1.26473,1.49,0.592,1.267,1.2673,1.26473,1,0.606,0.071,0.1908,1.26674,1.26688,1.26753,1.26408,1,0.0,0.65,2,1.267,0.661,0.05,0,0.0,0.0,1.26706,1.25801,8.727,0,0,1,1.0,-0.755,-0.1536,0.755,0.568,2,0.463,3,0.397,1.267,1.26749,0.191,0.255,0.0,2,0.4,0,0.463,0.547,1.5,0.365,0.294,0,1.26473,5,0.6,0.618,0.29,0.226,0.14,1.0,0.793,1.27418,1.25888,1.2587,-7689.0756,470.16,-1,1.27487,0.529,0.0,0.0,0.0,0.0,0,0.428,1,2,1627,0.77,0.552,0.401,27.0,27.0,0.2439,110.7,0.0,1,1,0.807,1.23714,1,0,0.276,1.2757,-1,7.668,0.183,0.817,0.0,1.0,0.0,0.0,0.0,0.5,0.0,1.0,0.396,0.5,0.503,0.0,0.345,0.0,0,0,0.351,0.67,0.0,1.0,0.207,1.0,0.564,0.0,0.459,0.385,0.0,1.0,0.709
7006,2021.09.08 11:40:40,GBPCHFm,BREAKOUT_RETEST,SELL,2,1.26714,1.26747,1.26473,7.26,0.541,1.267,1.2673,1.26473,1,0.606,0.071,0.1276,1.26674,1.26688,1.26753,1.26408,1,0.0,0.65,2,1.267,0.661,0.05,0,0.0,0.0,1.26706,1.25801,8.727,0,0,1,1.0,-0.755,-0.1536,0.755,0.568,2,0.463,3,0.397,1.267,1.26749,0.128,0.318,0.0,2,0.4,0,0.463,0.116,0.318,0.365,0.244,0,1.26473,5,0.6,0.745,0.29,0.226,0.14,1.0,0.793,1.27418,1.25888,1.2587,-7689.0756,470.16,-1,1.27487,0.529,0.0,0.0,0.0,0.0,0,0.428,1,2,1627,0.77,0.552,0.401,27.0,27.0,0.2439,110.7,0.0,1,1,0.807,1.23714,1,0,0.276,1.2757,-1,7.732,0.183,0.817,0.0,1.0,0.0,0.0,0.0,0.5,0.0,0.597,0.393,0.5,0.488,0.0,0.397,0.0,0,0,0.37,0.67,1.0,1.0,0.173,0.856,0.561,0.0,0.477,0.385,0.0,1.0,0.709
7009,2021.09.08 13:00:00,GBPCHFm,BREAKOUT,BUY,4,1.26852,1.26681,1.27137,1.67,0.166,1.26798,1.2684,1.26689,1,0.088,1.856,0.2351,1.26675,1.26703,1.26813,1.26461,0,0.0,0.45,2,1.26798,0.788,0.197,0,0.0,0.0,0.0,1.25801,8.985,0,0,1,0.191,0.4258,0.0176,0.426,0.484,0,0.693,0,0.476,1.26807,1.26605,0.161,1.93,0.0,2,0.0,0,0.693,0.728,1.93,0.377,0.434,1,1.26689,5,0.6,0.677,0.155,0.128,0.095,0.93,0.898,1.27418,1.25888,1.25878,-4074.5394,3614.5363,-1,1.27487,0.532,0.0,0.0,0.0,0.0,0,0.582,1,2,1629,0.77,0.552,0.401,27.0,27.0,0.2368,114.0,0.0,1,1,0.807,1.23714,1,0,0.276,1.2757,-1,6.298,0.596,0.404,0.0,1.0,0.0,0.93,0.0,0.5,0.0,1.0,0.524,0.5,0.524,0.0,0.511,0.0,0,0,0.376,0.725,0.0,0.659,0.13,0.551,0.657,0.0,0.479,0.385,0.0,1.0,0.945
7010,2021.09.08 13:00:20,GBPCHFm,MEAN_REVERSION,SELL,4,1.26822,1.26913,1.26689,1.46,0.665,1.26798,1.2684,1.26689,1,0.088,1.856,0.2088,1.26675,1.26703,1.26813,1.26461,0,0.0,0.45,2,1.26798,0.788,0.197,0,0.0,0.0,0.0,1.25801,8.985,0,0,1,0.191,0.4258,0.0176,0.426,0.842,0,0.693,0,0.476,1.26807,1.26605,0.135,1.904,0.0,2,0.0,0,0.693,0.616,1.904,0.324,0.421,1,1.26689,5,0.6,0.73,0.047,0.128,0.095,0.93,0.898,1.27418,1.25888,1.25878,-4074.5394,3614.5363,-1,1.27487,0.532,0.0,0.0,0.0,0.0,0,0.582,1,2,1629,0.77,0.552,0.401,27.0,27.0,0.2368,114.0,0.0,1,1,0.807,1.23714,1,0,0.276,1.2757,-1,6.561,0.596,0.404,0.0,1.0,0.0,0.92,0.0,0.5,0.0,0.861,0.509,0.5,0.524,0.0,0.511,0.0,0,0,0.367,0.725,0.0,0.593,0.13,0.551,0.65,0.0,0.496,0.385,0.0,1.0,0.993
7012,2021.09.08 13:18:40,GBPCHFm,TREND_CONTINUATION,BUY,4,1.26757,1.2662,1.27042,2.08,0.226,1.26798,1.2684,1.26689,1,0.088,1.856,-0.5982,1.26675,1.26703,1.26813,1.26461,1,0.0,0.45,2,1.26798,0.788,0.197,0,0.0,0.0,0.0,1.25801,8.985,0,0,1,0.191,0.4258,0.0176,0.426,0.496,0,0.693,0,0.476,1.26706,1.26605,0.212,1.096,0.0,2,0.0,0,0.693,0.412,1.096,0.376,0.383,1,1.26689,5,0.6,0.575,0.151,0.128,0.095,0.814,0.898,1.27418,1.25888,1.25878,-4074.5394,3614.5363,-1,1.27487,0.532,0.0,0.0,0.0,0.0,0,0.582,1,2,1629,0.77,0.552,0.401,27.0,27.0,0.2368,114.0,0.0,1,1,0.807,1.23714,1,0,0.276,1.2757,-1,7.132,0.596,0.404,0.0,1.0,0.0,0.0,0.0,0.5,0.0,0.592,0.478,0.5,0.488,0.0,0.387,0.0,0,0,0.315,0.805,0.0,0.888,0.1,0.553,0.512,0.0,0.474,0.385,0.0,1.0,0.869
7015,2021.09.08 13:42:40,GBPCHFm,BREAKOUT_RETEST,BUY,4,1.26826,1.26792,1.26867,1.2,0.237,1.26798,1.2684,1.26689,1,0.088,1.856,0.007,1.26675,1.26703,1.26813,1.26461,1,0.0,0.45,2,1.26798,0.788,0.197,0,0.0,0.0,0.0,1.25801,8.985,0,0,1,0.191,0.4258,0.0176,0.426,1.0,0,0.693,0,0.476,1.26807,1.26605,0.067,1.702,0.0,2,0.0,0,0.693,0.511,1.702,0.3,0.409,1,1.2684,4,0.6,0.867,0.0,0.128,0.095,0.93,0.898,1.27418,1.25888,1.25878,-4074.5394,3614.5363,-1,1.27487,0.532,0.0,0.0,0.0,0.0,0,0.582,1,2,1629,0.77,0.552,0.401,27.0,27.0,0.2368,114.0,0.0,1,1,0.807,1.23714,1,0,0.276,1.2757,-1,6.526,0.596,0.404,0.0,1.0,0.0,0.76,0.0,0.5,0.0,0.337,0.507,0.5,0.518,0.0,0.504,0.0,0,0,0.361,0.805,0.0,0.669,0.14,0.608,0.557,0.0,0.493,0.385,0.0,1.0,0.838
7017,2021.09.08 13:45:40,GBPCHFm,PULLBACK,BUY,4,1.2684,1.26669,1.27182,2.0,0.35,1.26798,1.2684,1.26689,1,0.088,1.856,0.1298,1.26675,1.26703,1.26813,1.26461,1,0.0,0.45,2,1.26798,0.788,0.197,0,0.0,0.0,0.0,1.25801,8.985,0,0,1,0.191,0.4258,0.0176,0.426,0.842,0,0.693,0,0.476,1.26807,1.26605,0.056,1.825,0.0,2,0.0,0,0.693,0.591,1.825,0.324,0.418,1,1.26689,5,0.6,0.888,0.047,0.128,0.095,0.93,0.898,1.27418,1.25888,1.25878,-4074.5394,3614.5363,-1,1.27487,0.532,0.0,0.0,0.0,0.0,0,0.582,1,2,1629,0.77,0.552,0.401,27.0,27.0,0.2368,114.0,0.0,1,1,0.807,1.23714,1,0,0.276,1.2757,-1,6.404,0.596,0.404,0.0,1.0,0.0,0.88,0.0,0.5,0.0,0.344,0.559,0.5,0.496,0.0,0.478,0.0,0,0,0.375,0.805,0.0,0.549,0.14,0.608,0.565,0.0,0.493,0.385,0.0,1.0,0.954
7020,2021.09.08 14:06:00,GBPCHFm,SWEEP_REVERSAL,SELL,4,1.2682,1.26858,1.26739,2.13,0.444,1.26816,1.26846,1.26739,1,0.039,0.454,0.0312,1.26684,1.26714,1.26781,1.26424,0,0.0,0.45,0,1.26816,0.698,0.816,0,0.0,0.0,1.26811,1.25801,8.323,1,1,1,0.5,0.72,0.1151,0.72,1.0,0,0.671,2,0.163,1.2681,1.26864,0.08,0.363,0.0,2,0.3,6,0.5,0.055,0.363,0.15,0.213,0,1.26739,5,0.6,0.839,0.32,0.216,0.405,0.85,0.987,1.27418,1.25888,1.25878,-4074.5394,3614.5363,-1,1.27487,0.532,0.0,0.0,0.0,0.0,0,0.582,1,2,1630,0.759,0.55,0.397,27.0,27.0,0.2229,121.1,0.0,1,1,0.807,1.23714,1,0,0.276,1.2757,-1,6.191,0.596,0.404,0.0,1.0,0.0,0.48,0.0,0.5,0.0,0.487,0.503,0.5,0.538,0.0,0.467,0.0,0,0,0.35,0.662,0.0,0.898,0.214,0.489,0.65,0.0,0.454,0.385,0.0,1.0,0.739
7022,2021.09.08 16:00:00,GBPCHFm,BREAKOUT,BUY,4,1.26896,1.26665,1.2728,1.67,0.462,1.26809,1.26879,1.26738,1,0.19,0.216,0.3929,1.26709,1.267,1.26863,1.2649,0,0.0,0.45,0,1.26809,0.73,0.75,0,0.0,0.0,1.26774,1.25801,6.95,0,0,1,0.9,0.79,0.2358,0.79,0.301,0,0.766,2,0.118,1.26816,1.26902,0.342,0.216,0.203,0,0.15,2,1.0,0.218,0.393,0.555,0.367,1,1.26809,8,0.746,0.316,0.27,0.937,0.053,0.792,0.922,1.27418,1.25888,1.25901,4768.4815,8843.0208,2,1.27487,0.53,0.0,0.0,0.0,0.0,0,0.589,1,2,1632,0.759,0.55,0.397,27.0,27.0,0.1757,153.7,0.0,1,1,0.807,1.23714,1,0,0.276,1.2757,-1,4.385,0.15,0.85,0.0,0.0,0.0,0.71,0.0,0.5,0.0,0.93,0.655,0.5,0.497,0.0,0.395,0.0,0,0,0.4,0.496,0.0,0.457,0.179,0.836,0.65,0.0,0.403,0.357,0.0,1.0,1.017
7023,2021.09.08 16:00:20,GBPCHFm,BREAKOUT_RETEST,BUY,4,1.26896,1.2685,1.26976,1.73,0.521,1.26809,1.26879,1.26738,1,0.19,0.216,0.3929,1.26709,1.267,1.26863,1.2649,0,0.0,0.45,0,1.26809,0.73,0.75,0,0.0,0.0,1.26774,1.25801,6.95,0,0,1,0.9,0.79,0.2358,0.79,0.301,0,0.766,2,0.118,1.26816,1.26902,0.342,0.216,0.0,2,0.15,0,0.766,0.159,0.393,0.405,0.301,0,1.26809,8,0.746,0.316,0.27,0.237,0.053,0.792,0.922,1.27418,1.25888,1.25901,4768.4815,8843.0208,2,1.27487,0.53,0.0,0.0,0.0,0.0,0,0.589,1,2,1632,0.759,0.55,0.397,27.0,27.0,0.1757,153.7,0.0,1,1,0.807,1.23714,1,0,0.276,1.2757,-1,4.385,0.15,0.85,0.0,0.0,0.0,0.7,0.0,0.5,0.0,1.0,0.651,0.5,0.497,0.0,0.379,0.0,0,0,0.392,0.504,0.0,0.524,0.195,0.357,0.76,0.0,0.439,0.357,0.0,1.0,0.936
7024,2021.09.08 16:00:20,GBPCHFm,PULLBACK,BUY,4,1.26896,1.26665,1.27357,2.0,0.566,1.26809,1.26879,1.26738,1,0.19,0.216,0.3929,1.26709,1.267,1.26863,1.2649,0,0.0,0.45,0,1.26809,0.73,0.75,0,0.0,0.0,1.26774,1.25801,6.95,0,0,1,0.9,0.79,0.2358,0.79,0.301,0,0.766,2,0.118,1.26816,1.26902,0.342,0.216,0.0,2,0.15,0,0.766,0.159,0.393,0.405,0.301,0,1.26809,8,0.746,0.316,0.27,0.237,0.053,0.792,0.922,1.27418,1.25888,1.25901,4768.4815,8843.0208,2,1.27487,0.53,0.0,0.0,0.0,0.0,0,0.589,1,2,1632,0.759,0.55,0.397,27.0,27.0,0.1757,153.7,0.0,1,1,0.807,1.23714,1,0,0.276,1.2757,-1,4.385,0.15,0.85,0.0,0.0,0.0,0.69,0.0,0.5,0.0,1.0,0.651,0.5,0.497,0.0,0.379,0.0,0,0,0.392,0.504,0.0,0.524,0.195,0.357,0.76,0.0,0.439,0.357,0.0,1.0,0.936
7027,2021.09.08 16:00:40,GBPCHFm,TREND_CONTINUATION,BUY,4,1.26871,1.26687,1.27255,2.08,0.488,1.26809,1.26879,1.26738,1,0.19,0.216,0.2303,1.26709,1.267,1.26863,1.2649,1,0.0,0.45,0,1.26809,0.73,0.75,0,0.0,0.0,1.26774,1.25801,6.95,0,0,1,0.9,0.79,0.2358,0.79,0.571,0,0.766,2,0.118,1.26816,1.26902,0.18,0.379,0.0,2,0.15,0,0.766,0.138,0.379,0.364,0.299,0,1.26738,5,0.6,0.641,0.189,0.237,0.053,0.792,0.922,1.27418,1.25888,1.25901,4768.4815,8843.0208,2,1.27487,0.53,0.0,0.0,0.0,0.0,0,0.589,1,2,1632,0.759,0.55,0.397,27.0,27.0,0.1757,153.7,0.0,1,1,0.807,1.23714,1,0,0.276,1.2757,-1,4.547,0.15,0.85,0.0,0.0,0.0,0.42,0.0,0.5,0.0,1.0,0.627,0.5,0.497,0.0,0.371,0.0,0,0,0.374,0.788,0.0,0.573,0.195,0.397,0.565,0.0,0.436,0.357,0.0,1.0,0.855
7028,2021.09.08 16:01:40,GBPCHFm,ANCHORED_PULLBACK,BUY,4,1.26907,1.26728,1.27187,1.57,0.184,1.26809,1.26879,1.26738,0,0.19,0.216,0.4645,1.26709,1.267,1.26863,1.2649,0,0.0,0.45,0,1.26809,0.73,0.75,0,0.0,0.0,1.26774,1.25801,6.95,0,0,1,0.9,0.79,0.2358,0.79,0.2,0,0.766,2,0.118,1.26816,1.26902,0.414,0.144,0.0,2,0.15,0,0.766,0.195,0.464,0.42,0.305,0,1.26809,8,0.746,0.172,0.3,0.237,0.053,0.792,0.922,1.27418,1.25888,1.25901,4768.4815,8843.0208,2,1.27487,0.53,0.0,0.0,0.0,0.0,0,0.589,1,2,1632,0.759,0.55,0.397,27.0,27.0,0.1757,153.7,0.0,1,1,0.807,1.23714,1,0,0.276,1.2757,-1,4.313,0.15,0.85,0.0,0.0,0.0,0.89,0.0,0.5,0.0,1.0,0.619,0.5,0.497,0.0,0.37,0.0,0,0,0.369,0.461,0.0,0.381,0.198,0.437,0.853,0.0,0.439,0.357,0.0,1.0,0.979
7032,2021.09.08 16:02:20,GBPCHFm,MEAN_REVERSION,SELL,4,1.26852,1.26975,1.26738,0.92,0.624,1.26809,1.26879,1.26738,1,0.19,0.216,0.2823,1.26709,1.267,1.26863,1.2649,1,0.0,0.45,0,1.26809,0.73,0.75,0,0.0,0.0,1.26774,1.25801,6.95,0,0,1,0.9,0.79,0.2358,0.79,0.424,0,0.766,2,0.118,1.26816,1.26902,0.232,0.327,0.0,2,0.15,0,0.766,0.126,0.327,0.386,0.297,0,1.26738,5,0.6,0.537,0.233,0.237,0.053,0.792,0.922,1.27418,1.25888,1.25901,4768.4815,8843.0208,2,1.27487,0.53,0.0,0.0,0.0,0.0,0,0.589,1,2,1632,0.759,0.55,0.397,27.0,27.0,0.1757,153.7,0.0,1,1,0.807,1.23714,1,0,0.276,1.2757,-1,4.671,0.15,0.85,0.0,0.0,0.0,0.35,0.0,0.5,0.0,1.0,0.627,0.5,0.497,0.0,0.386,0.0,0,0,0.38,0.664,0.0,0.485,0.195,0.397,0.572,0.0,0.436,0.357,0.0,1.0,0.896
7033,2021.09.08 16:10:40,GBPCHFm,SWEEP_REVERSAL,SELL,4,1.26943,1.27097,1.26809,0.87,0.14,1.26809,1.26879,1.26738,0,0.19,0.216,0.8743,1.26709,1.267,1.26863,1.2649,0,0.0,0.45,0,1.26809,0.73,0.75,0,0.0,0.0,1.26774,1.25801,6.95,0,0,1,0.9,0.79,0.2358,0.79,0.086,0,0.766,2,0.118,1.26816,1.26902,0.824,0.265,0.0,2,0.15,0,0.766,0.382,0.874,0.437,0.327,0,1.26809,8,0.746,0.0,0.334,0.237,0.053,0.792,0.922,1.27418,1.25888,1.25901,4768.4815,8843.0208,2,1.27487,0.53,0.0,0.0,0.0,0.0,0,0.589,1,2,1632,0.759,0.55,0.397,27.0,27.0,0.1757,153.7,0.0,1,1,0.807,1.23714,1,0,0.276,1.2757,-1,4.079,0.15,0.85,0.0,0.0,0.0,0.99,0.0,0.5,0.0,1.0,0.708,0.5,0.479,0.0,0.296,0.0,0,0,0.387,0.434,0.0,0.238,0.198,0.456,0.87,0.0,0.439,0.357,0.0,1.0,0.979
7035,2021.09.08 18:00:00,GBPCHFm,BREAKOUT,BUY,3,1.26972,1.26729,1.27376,1.67,0.6,1.26863,1.26912,1.26637,0,0.019,0.141,0.5054,1.26667,1.26712,1.26839,1.26433,0,0.0,0.7,0,1.26863,0.774,0.0,1,0.0,0.0,0.0,1.25801,7.076,0,0,1,1.0,0.86,0.2579,0.86,0.76,2,0.38,3,0.317,1.26952,1.26922,0.041,0.141,0.486,0,0.15,2,1.0,0.246,0.505,0.486,0.401,1,1.26863,8,0.755,0.917,0.132,0.958,0.053,0.84,0.781,1.27418,1.25888,1.25901,4768.4815,8843.0208,2,1.27487,0.53,0.0,0.0,0.0,0.0,0,0.589,1,2,1634,0.759,0.55,0.397,27.0,27.0,0.167,161.7,0.0,1,1,0.807,1.23714,1,0,0.276,1.2757,0,3.698,0.15,0.85,0.0,0.0,0.5,0.49,0.0,0.5,0.0,0.825,0.512,0.5,0.521,0.0,0.269,0.0,0,0,0.271,0.479,0.0,0.292,0.172,0.978,0.674,0.0,0.413,0.357,0.0,1.0,1.12
7036,2021.09.08 18:00:20,GBPCHFm,PULLBACK,BUY,3,1.26972,1.26729,1.27457,2.0,0.449,1.26863,1.26912,1.26637,0,0.019,0.141,0.5054,1.26667,1.26712,1.26839,1.26433,0,0.0,0.7,0,1.26863,0.774,0.0,1,0.0,0.0,0.0,1.25801,7.076,0,0,1,1.0,0.86,0.2579,0.86,0.76,2,0.526,3,0.317,1.26952,1.26922,0.041,0.141,0.0,2,0.15,4,0.558,0.22,0.505,0.436,0.287,0,1.26863,8,0.755,0.917,0.132,0.258,0.053,0.84,0.781,1.27418,1.25888,1.25901,4768.4815,8843.0208,2,1.27487,0.53,0.0,0.0,0.0,0.0,0,0.589,1,2,1634,0.759,0.55,0.397,27.0,27.0,0.167,161.7,0.0,1,1,0.807,1.23714,1,0,0.276,1.2757,0,3.698,0.15,0.85,0.0,0.0,0.5,0.49,0.0,0.5,0.0,0.785,0.512,0.5,0.474,0.0,0.247,0.0,0,0,0.248,0.419,0.0,0.103,0.137,0.498,0.749,0.0,0.425,0.357,0.0,1.0,0.987
7037,2021.09.08 18:00:40,GBPCHFm,TREND_CONTINUATION,BUY,3,1.26997,1.26803,1.27401,2.08,0.528,1.26863,1.26912,1.26637,0,0.019,0.141,0.66,1.26667,1.26712,1.26839,1.26433,0,0.0,0.7,0,1.26863,0.774,0.0,1,0.0,0.0,0.0,1.25801,7.076,0,0,1,1.0,0.86,0.2579,0.86,0.972,2,0.526,3,0.317,1.26952,1.26922,0.113,0.295,0.0,2,0.15,4,0.558,0.267,0.66,0.404,0.293,0,1.26863,8,0.755,0.774,0.068,0.258,0.053,0.84,0.781,1.27418,1.25888,1.25901,4768.4815,8843.0208,2,1.27487,0.53,0.0,0.0,0.0,0.0,0,0.589,1,2,1634,0.759,0.55,0.397,27.0,27.0,0.167,161.7,0.0,1,1,0.807,1.23714,1,0,0.276,1.2757,0,3.543,0.15,0.85,0.0,0.0,0.5,0.99,0.0,0.5,0.0,0.785,0.553,0.5,0.474,0.0,0.247,0.0,0,0,0.273,0.46,0.0,0.342,0.137,0.498,0.768,0.0,0.425,0.357,0.0,1.0,0.987
7041,2021.09.08 18:02:40,GBPCHFm,MEAN_REVERSION,SELL,3,1.26908,1.27037,1.26637,2.09,0.537,1.26863,1.26912,1.26637,1,0.019,0.141,0.2766,1.26667,1.26712,1.26839,1.26433,0,0.0,0.7,0,1.26863,0.774,0.0,1,0.0,0.0,0.0,1.25801,7.076,0,0,1,1.0,0.86,0.2579,0.86,0.35,2,0.526,3,0.317,1.26952,1.26922,0.27,0.088,0.0,2,0.15,4,0.558,0.746,1.5,0.497,0.349,0,1.26637,5,0.6,0.46,0.255,0.258,0.053,0.84,0.781,1.27418,1.25888,1.25901,4768.4815,8843.0208,2,1.27487,0.53,0.0,0.0,0.0,0.0,0,0.589,1,2,1634,0.759,0.55,0.397,27.0,27.0,0.167,161.7,0.0,1,1,0.807,1.23714,1,0,0.276,1.2757,0,4.094,0.15,0.85,0.0,0.0,0.5,0.0,0.0,0.5,0.0,1.0,0.487,0.5,0.531,0.0,0.247,0.0,0,0,0.266,0.396,0.0,0.304,0.158,0.489,0.65,0.0,0.407,0.357,0.0,1.0,0.896
7042,2021.09.08 18:36:40,GBPCHFm,BREAKOUT_RETEST,BUY,3,1.26917,1.26868,1.27077,3.3,0.582,1.26863,1.26912,1.26637,1,0.019,0.141,0.1653,1.26667,1.26712,1.26839,1.26433,0,0.0,0.7,0,1.26863,0.774,0.0,1,0.0,0.0,0.0,1.25801,7.076,0,0,1,1.0,0.86,0.2579,0.86,0.453,2,0.526,3,0.317,1.26853,1.26922,0.226,0.199,0.0,2,0.15,4,0.558,0.723,1.5,0.482,0.348,0,1.26637,5,0.6,0.548,0.224,0.258,0.053,0.853,0.781,1.27418,1.25888,1.25901,4768.4815,8843.0208,2,1.27487,0.53,0.0,0.0,0.0,0.0,0,0.589,1,2,1634,0.759,0.55,0.397,27.0,27.0,0.167,161.7,0.0,1,1,0.807,1.23714,1,0,0.276,1.2757,0,4.038,0.15,0.85,0.0,0.0,0.5,0.0,0.0,0.5,0.0,0.94,0.397,0.5,0.551,0.0,0.341,0.0,0,0,0.363,0.411,0.0,0.418,0.158,0.219,0.65,0.0,0.411,0.357,0.0,1.0,0.896
7044,2021.09.08 20:00:00,GBPCHFm,BREAKOUT,BUY,3,1.27021,1.26772,1.27436,1.67,0.481,1.26963,1.26983,1.26926,0,0.138,0.06,0.1874,1.26707,1.26673,1.26853,1.26441,0,0.0,0.35,0,1.26963,0.72,0.719,0,0.0,0.0,0.0,1.25801,7.191,0,0,1,1.0,0.755,0.1599,0.755,0.08,0,0.692,2,0.181,1.26959,1.27,0.212,0.035,-0.7087,1,0.4,0,0.692,0.657,1.5,0.438,0.323,0,1.26926,5,0.6,0.576,0.736,0.226,0.14,0.886,0.929,1.27418,1.25888,1.25896,3183.1197,-1585.3617,1,1.27487,0.538,0.0,0.0,0.0,0.0,0,0.503,1,2,1636,0.759,0.55,0.397,27.0,27.0,0.1627,165.9,0.0,1,1,0.807,1.23714,1,0,0.276,1.2757,0,3.309,0.399,0.601,0.0,1.0,0.5,0.69,0.0,0.5,0.0,0.796,0.657,0.5,0.578,0.0,0.268,0.0,0,0,0.375,0.391,0.0,0.463,0.176,0.056,0.7,0.0,0.434,0.357,0.0,1.0,0.908
7045,2021.09.08 20:00:20,GBPCHFm,PULLBACK,BUY,3,1.2701,1.26761,1.27508,2.0,0.6,1.26963,1.26983,1.26926,1,0.138,0.06,0.1211,1.26707,1.26673,1.26853,1.26441,0,0.0,0.35,0,1.26963,0.72,0.719,0,0.0,0.0,0.0,1.25801,7.191,0,0,1,1.0,0.755,0.1599,0.755,0.49,0,0.749,2,0.181,1.26959,1.27,0.146,0.101,0.0,2,0.4,0,0.749,0.565,1.5,0.376,0.326,0,1.26926,5,0.6,0.708,0.313,0.226,0.14,0.886,0.929,1.27418,1.25888,1.25896,3183.1197,-1585.3617,1,1.27487,0.538,0.0,0.0,0.0,0.0,0,0.503,1,2,1636,0.759,0.55,0.397,27.0,27.0,0.1627,165.9,0.0,1,1,0.807,1.23714,1,0,0.276,1.2757,0,3.375,0.399,0.601,0.0,1.0,0.5,0.52,0.0,0.5,0.0,0.769,0.639,0.5,0.578,0.0,0.334,0.0,0,0,0.39,0.569,0.0,0.544,0.194,0.131,0.65,0.0,0.434,0.357,0.0,1.0,0.925
7046,2021.09.08 20:00:40,GBPCHFm,TREND_CONTINUATION,BUY,3,1.27022,1.26823,1.27437,2.08,0.53,1.26963,1.26983,1.26926,0,0.138,0.06,0.1935,1.26707,1.26673,1.26853,1.26441,0,0.0,0.35,0,1.26963,0.72,0.719,0,0.0,0.0,0.0,1.25801,7.191,0,0,1,1.0,0.755,0.1599,0.755,0.08,0,0.749,2,0.181,1.26959,1.27,0.218,0.029,0.0,2,0.4,0,0.749,0.657,1.5,0.438,0.337,0,1.26926,5,0.6,0.564,0.436,0.226,0.14,0.886,0.929,1.27418,1.25888,1.25896,3183.1197,-1585.3617,1,1.27487,0.538,0.0,0.0,0.0,0.0,0,0.503,1,2,1636,0.759,0.55,0.397,27.0,27.0,0.1627,165.9,0.0,1,1,0.807,1.23714,1,0,0.276,1.2757,0,3.303,0.399,0.601,0.0,1.0,0.5,0.7,0.0,0.5,0.0,0.884,0.676,0.5,0.578,0.0,0.313,0.0,0,0,0.405,0.462,0.0,0.544,0.21,0.141,0.702,0.0,0.435,0.357,0.0,1.0,0.968
7051,2021.09.08 20:57:40,GBPCHFm,BREAKOUT_RETEST,BUY,3,1.26995,1.26945,1.27055,1.21,0.564,1.26963,1.26983,1.26926,1,0.138,0.06,-0.0657,1.26707,1.26673,1.26853,1.26441,0,0.0,0.35,0,1.26963,0.72,0.719,0,0.0,0.0,0.0,1.25801,7.191,0,0,1,1.0,0.755,0.1599,0.755,0.773,0,0.749,2,0.181,1.26959,1.27,0.041,0.288,0.0,2,0.4,0,0.749,0.501,1.5,0.334,0.319,0,0.0,0,0.0,0.918,0.228,0.226,0.14,0.886,0.929,1.27418,1.25888,1.25896,3183.1197,-1585.3617,1,1.27487,0.538,0.0,0.0,0.0,0.0,0,0.503,1,2,1636,0.759,0.55,0.397,43.0,29.7,0.2591,165.9,0.0,1,1,0.807,1.23714,1,0,0.276,1.2757,0,3.465,0.399,0.601,0.0,1.0,0.5,0.0,0.0,0.5,0.0,0.457,0.627,0.5,0.952,0.0,0.348,0.0,0,0,0.501,0.734,0.0,0.356,0.165,0.161,0.65,0.0,0.449,0.357,0.0,1.0,0.849
0,2021.09.08 21:00:30,GBPCHFm,MEAN_REVERSION,BUY,3,1.27109,1.26976,1.27219,0.83,0.584,1.26971,1.2699,1.26937,0,0.525,0.023,-0.6616,1.26709,1.26728,1.26858,1.26391,0,0.0,0.35,0,1.26971,0.704,0.197,0,0.0,0.0,1.26986,1.25801,6.365,0,0,1,1.0,0.965,0.1575,0.965,0.009,0,0.679,0,0.527,1.26948,1.2688,0.525,0.114,-0.0252,2,0.15,0,0.679,0.297,0.662,0.449,0.331,0,1.26971,8,0.741,0.0,0.357,0.29,0.158,0.662,0.979,1.27418,1.25888,1.25896,3183.1197,-1585.3617,1,1.27487,0.538,0.0,0.0,0.0,0.0,0,0.503,1,2,1637,0.759,0.55,0.397,248.0,35.8,1.4889,166.6,0.0,1,1,0.807,1.23714,1,0,0.276,1.2757,0,2.768,0.399,0.601,0.0,1.0,0.5,0.0,0.0,0.5,0.0,0.448,0.524,0.5,0.922,0.0,0.379,0.0,0,0,0.443,0.378,0.0,0.416,0.195,0.183,0.65,0.0,0.43,0.357,0.0,1.0,0.9
0,2021.09.08 21:01:00,GBPCHFm,SWEEP_REVERSAL,BUY,3,1.27138,1.26971,1.27299,0.97,0.173,1.26971,1.2699,1.26937,0,0.525,0.023,-0.9678,1.26709,1.26728,1.26858,1.26391,1,0.0,0.35,0,1.26971,0.704,0.197,0,0.0,0.0,1.26986,1.25801,6.365,0,0,1,1.0,0.965,0.1575,0.965,0.009,0,0.709,0,0.527,1.26948,1.2688,0.831,0.42,0.0,2,0.15,0,0.709,0.434,0.968,0.449,0.354,1,1.26971,8,0.741,0.0,0.357,0.29,0.158,0.662,0.979,1.27418,1.25888,1.25896,3183.1197,-1585.3617,1,1.27487,0.538,0.0,0.0,0.0,0.0,0,0.503,1,2,1637,0.759,0.55,0.397,328.0,41.0,1.9691,166.6,0.0,1,1,0.807,1.23714,1,0,0.276,1.2757,0,2.593,0.399,0.601,0.0,1.0,0.5,0.0,0.0,0.5,0.0,0.448,0.564,0.5,0.922,0.0,0.351,0.0,0,0,0.456,0.49,0.0,0.605,0.196,0.17,0.411,0.0,0.441,0.357,0.0,1.0,0.86
0,2021.09.08 21:51:40,GBPCHFm,ANCHORED_PULLBACK,SELL,3,1.26874,1.26965,1.26541,3.66,0.216,1.26971,1.2699,1.26937,0,0.525,0.023,-0.5835,1.26709,1.26728,1.26858,1.26391,0,0.0,0.35,0,1.26971,0.704,0.197,0,0.0,0.0,1.26986,1.25801,6.365,0,0,1,1.0,0.965,0.1575,0.965,0.0,0,0.709,0,0.527,1.26948,1.2688,0.447,0.036,0.0,2,0.15,0,0.709,0.263,0.584,0.45,0.334,0,1.26971,8,0.741,0.107,0.36,0.29,0.158,0.662,0.979,1.27418,1.25888,1.25896,3183.1197,-1585.3617,1,1.27487,0.538,0.0,0.0,0.0,0.0,0,0.503,1,2,1637,0.759,0.55,0.397,203.0,241.9,1.2187,166.6,0.0,1,1,0.807,1.23714,1,0,0.276,1.2757,0,4.178,0.399,0.601,0.0,1.0,0.5,0.99,0.0,0.5,0.0,0.755,0.675,0.5,0.531,0.0,0.558,0.0,0,0,0.488,0.382,0.0,0.333,0.196,0.278,0.65,0.0,0.43,0.429,0.0,1.0,0.87
7054,2021.09.08 23:01:59,GBPCHFm,BREAKOUT,BUY,1,1.26977,1.26909,1.27338,5.35,0.376,1.26968,1.27013,1.26897,1,0.027,0.241,-0.1235,1.26709,1.26728,1.26858,1.26391,0,0.0,0.45,2,1.26981,0.779,0.0,0,0.0,0.0,1.2687,1.25801,8.05,0,0,1,1.0,0.825,0.1216,0.825,0.497,0,0.712,2,0.197,1.26974,1.26929,0.168,0.144,0.0,2,0.4,0,0.712,0.563,1.5,0.375,0.305,0,1.26897,5,0.6,0.664,0.311,0.247,0.14,0.774,0.925,1.27418,1.25888,1.25896,3183.1197,-1585.3617,1,1.27487,0.538,0.0,0.0,0.0,0.0,0,0.503,1,2,1639,0.759,0.55,0.397,27.0,154.8,0.1869,144.5,0.0,1,1,0.807,1.23714,1,0,0.276,1.2757,1,4.104,0.399,0.601,0.0,1.0,1.0,0.9,0.0,0.5,0.0,1.0,0.417,0.5,0.565,0.0,0.194,0.0,0,0,0.297,0.677,0.0,0.542,0.192,0.377,0.65,0.0,0.448,0.429,0.0,1.0,0.771
7055,2021.09.08 23:02:00,GBPCHFm,BREAKOUT_RETEST,BUY,1,1.26974,1.26909,1.27098,1.92,0.567,1.26968,1.27013,1.26897,1,0.027,0.241,-0.1443,1.26709,1.26728,1.26858,1.26391,0,0.0,0.45,2,1.26981,0.779,0.0,0,0.0,0.0,1.2687,1.25801,8.05,0,0,1,1.0,0.825,0.1216,0.825,0.378,0,0.712,2,0.197,1.26974,1.26929,0.189,0.124,0.0,2,0.4,0,0.712,0.59,1.5,0.393,0.308,0,1.26897,5,0.6,0.622,0.347,0.247,0.14,0.774,0.925,1.27418,1.25888,1.25896,3183.1197,-1585.3617,1,1.27487,0.538,0.0,0.0,0.0,0.0,0,0.503,1,2,1639,0.759,0.55,0.397,27.0,153.3,0.1869,144.5,0.0,1,1,0.807,1.23714,1,0,0.276,1.2757,1,4.125,0.399,0.601,0.0,1.0,1.0,0.89,0.0,0.5,0.0,1.0,0.438,0.5,0.565,0.0,0.194,0.0,0,0,0.284,0.653,0.0,0.542,0.192,0.377,0.65,0.0,0.448,0.429,0.0,1.0,0.771
7056,2021.09.08 23:02:20,GBPCHFm,PULLBACK,BUY,1,1.26975,1.26909,1.27409,6.61,0.601,1.26968,1.27013,1.26897,1,0.027,0.241,-0.1374,1.26709,1.26728,1.26858,1.26391,0,0.0,0.45,2,1.26981,0.779,0.0,0,0.0,0.0,1.2687,1.25801,8.05,0,0,1,1.0,0.825,0.1216,0.825,0.378,0,0.712,2,0.197,1.26974,1.26929,0.182,0.13,0.0,2,0.4,0,0.712,0.59,1.5,0.393,0.308,0,1.26897,5,0.6,0.636,0.347,0.247,0.14,0.774,0.925,1.27418,1.25888,1.25896,3183.1197,-1585.3617,1,1.27487,0.538,0.0,0.0,0.0,0.0,0,0.503,1,2,1639,0.759,0.55,0.397,27.0,151.9,0.1869,144.5,0.0,1,1,0.807,1.23714,1,0,0.276,1.2757,1,4.118,0.399,0.601,0.0,1.0,1.0,0.89,0.0,0.5,0.0,1.0,0.451,0.5,0.565,0.0,0.194,0.0,0,0,0.276,0.653,0.0,0.542,0.192,0.377,0.65,0.0,0.448,0.429,0.0,1.0,0.771
7057,2021.09.08 23:02:30,GBPCHFm,TREND_CONTINUATION,BUY,1,1.26975,1.26802,1.27336,2.08,0.529,1.26968,1.27013,1.26897,1,0.027,0.241,-0.1374,1.26709,1.26728,1.26858,1.26391,0,0.0,0.45,2,1.26981,0.779,0.0,0,0.0,0.0,1.2687,1.25801,8.05,0,0,1,1.0,0.825,0.1216,0.825,0.378,0,0.712,2,0.197,1.26974,1.26929,0.182,0.13,0.0,2,0.4,0,0.712,0.59,1.5,0.393,0.308,0,1.26897,5,0.6,0.636,0.347,0.247,0.14,0.774,0.925,1.27418,1.25888,1.25896,3183.1197,-1585.3617,1,1.27487,0.538,0.0,0.0,0.0,0.0,0,0.503,1,2,1639,0.759,0.55,0.397,27.0,150.5,0.1869,144.5,0.0,1,1,0.807,1.23714,1,0,0.276,1.2757,1,4.118,0.399,0.601,0.0,1.0,1.0,0.88,0.0,0.5,0.0,1.0,0.451,0.5,0.565,0.0,0.194,0.0,0,0,0.276,0.653,0.0,0.542,0.192,0.377,0.65,0.0,0.448,0.429,0.0,1.0,0.771
7062,2021.09.08 23:52:40,GBPCHFm,ANCHORED_PULLBACK,BUY,1,1.26925,1.26882,1.26968,1.01,0.422,1.26968,1.27013,1.26897,1,0.027,0.241,-0.4834,1.26709,1.26728,1.26858,1.26391,0,0.0,0.45,2,1.26981,0.779,0.0,0,0.0,0.0,1.2687,1.25801,8.05,0,0,1,1.0,0.825,0.1216,0.825,0.137,0,0.712,2,0.197,1.26974,1.26929,0.528,0.216,0.0,2,0.4,0,0.712,0.246,0.573,0.429,0.268,0,1.26968,1,0.7,0.0,0.419,0.247,0.14,0.774,0.925,1.27418,1.25888,1.25896,3183.1197,-1585.3617,1,1.27487,0.538,0.0,0.0,0.0,0.0,0,0.503,1,2,1639,0.759,0.55,0.397,27.0,27.0,0.1869,144.5,0.0,1,1,0.807,1.23714,1,0,0.276,1.2757,1,4.464,0.399,0.601,0.0,1.0,1.0,0.01,0.0,0.5,0.0,1.0,0.33,0.5,0.583,0.0,0.191,0.0,0,0,0.353,0.517,0.0,0.677,0.201,0.299,0.65,0.0,0.439,0.429,0.0,1.0,0.853
7064,2021.09.09 00:00:00,GBPCHFm,MEAN_REVERSION,BUY,1,1.26929,1.26885,1.27008,1.78,0.531,1.26981,1.27013,1.26871,1,0.278,0.202,-0.5858,1.26709,1.26728,1.26858,1.26391,0,0.0,0.55,2,1.26981,0.8,0.372,0,0.0,0.0,0.0,1.25801,8.192,0,0,1,0.8,1.0,0.0887,1.0,0.276,2,0.576,3,0.757,1.26865,1.26936,0.278,0.25,0.0,2,0.15,0,0.576,0.239,0.586,0.409,0.301,0,1.26981,8,0.76,0.444,0.277,0.3,0.053,0.46,0.821,1.27418,1.25888,1.26136,92016.7286,88833.6089,2,1.27487,0.552,0.0,0.0,0.0,0.0,0,0.561,1,2,1640,0.77,0.553,0.393,27.0,27.0,0.2009,134.4,0.0,1,1,0.807,1.23714,1,0,0.276,1.2757,1,4.768,0.127,0.873,0.0,0.0,1.0,0.36,0.0,0.5,0.0,1.0,0.397,0.5,0.555,0.0,0.177,0.0,0,0,0.299,0.472,0.0,0.38,0.1,0.476,0.65,0.0,0.441,0.429,0.0,1.0,0.853
7066,2021.09.09 00:49:40,GBPCHFm,SWEEP_REVERSAL,BUY,1,1.2689,1.26756,1.27008,0.88,0.135,1.26981,1.27013,1.26871,0,0.278,0.202,-0.8759,1.26709,1.26728,1.26858,1.26391,0,0.0,0.55,2,1.26981,0.8,0.372,0,0.0,0.0,0.0,1.25801,8.192,0,0,1,0.8,1.0,0.0887,1.0,0.741,2,0.576,3,0.757,1.26865,1.26936,0.012,0.54,0.0,2,0.15,0,0.576,0.297,0.876,0.339,0.308,0,1.26981,8,0.76,0.975,0.138,0.3,0.053,0.46,0.821,1.27418,1.25888,1.26136,92016.7286,88833.6089,2,1.27487,0.552,0.0,0.0,0.0,0.0,0,0.561,1,2,1640,0.77,0.553,0.393,27.0,27.0,0.2009,134.4,0.0,1,1,0.807,1.23714,1,0,0.276,1.2757,1,5.058,0.127,0.873,0.0,0.0,1.0,0.0,0.0,0.5,0.0,0.69,0.435,0.5,0.618,0.0,0.358,0.0,0,0,0.368,0.543,0.0,0.588,0.1,0.406,0.65,0.0,0.459,0.429,0.0,1.0,0.985
0,2021.09.09 01:52:40,GBPCHFm,ANCHORED_PULLBACK,SELL,1,1.26796,1.26821,1.26754,1.67,0.228,1.26981,1.27013,1.26858,0,0.187,0.401,-1.4034,1.26709,1.26728,1.26858,1.26391,1,0.0,0.6,2,1.26981,0.8,0.469,0,0.0,0.0,1.26887,1.25801,7.894,0,0,0,1.0,1.0,0.0563,1.0,0.265,2,0.556,0,0.69,1.26865,1.26774,0.521,0.164,0.0,2,0.0,0,0.556,0.576,1.403,0.41,0.388,1,1.26865,2,0.55,0.0,0.221,0.3,0.138,0.764,0.873,1.27418,1.25888,1.26136,92016.7286,88833.6089,2,1.27487,0.552,0.0,0.0,0.0,0.0,0,0.561,1,2,1641,0.77,0.553,0.393,27.0,27.0,0.2051,131.6,0.0,1,1,0.807,1.23714,1,0,0.276,1.2757,1,5.88,0.127,0.873,0.0,0.0,1.0,0.12,0.0,0.5,0.0,0.25,0.476,0.5,0.591,0.0,0.594,0.0,0,0,0.429,0.645,0.0,0.528,0.1,0.244,0.443,0.0,0.449,0.429,0.0,1.0,0.974
7068,2021.09.09 02:00:00,GBPCHFm,BREAKOUT,SELL,1,1.26806,1.26994,1.26492,1.67,0.494,1.26852,1.26906,1.26828,0,0.291,0.178,-0.3689,1.26709,1.26728,1.26858,1.26391,1,0.0,0.4,0,1.26852,0.76,0.536,0,0.0,0.0,0.0,1.25801,8.01,0,0,0,1.0,0.8784,0.0348,0.878,0.56,0,0.679,0,0.879,1.26867,1.26779,0.486,0.217,0.0,2,0.15,0,0.679,0.178,0.486,0.366,0.378,1,1.26852,8,0.752,0.028,0.192,0.264,0.228,0.801,0.942,1.27418,1.25888,1.26136,92016.7286,88833.6089,2,1.27487,0.552,0.0,0.0,0.0,0.0,0,0.561,1,2,1642,0.77,0.553,0.393,27.0,27.0,0.2151,125.5,0.0,1,1,0.807,1.23714,1,0,0.276,1.2757,1,6.088,0.127,0.873,0.0,0.0,1.0,0.89,0.0,0.5,0.0,0.674,0.669,0.5,0.542,0.0,0.491,0.0,0,0,0.46,0.727,0.0,0.533,0.1,0.275,0.48,0.0,0.445,0.429,0.0,1.0,0.895
7069,2021.09.09 02:53:40,GBPCHFm,MEAN_REVERSION,BUY,1,1.26787,1.26687,1.26879,0.92,0.613,1.26852,1.26906,1.26828,0,0.291,0.178,-0.7355,1.26709,1.26728,1.26858,1.26391,1,0.0,0.4,0,1.26852,0.76,0.536,0,0.0,0.0,0.0,1.25801,8.01,0,0,0,1.0,0.8784,0.0348,0.878,0.017,0,0.679,0,0.879,1.26867,1.26779,0.853,0.15,0.0,2,0.15,0,0.679,0.381,0.853,0.447,0.402,1,1.26852,8,0.752,0.0,0.355,0.264,0.228,0.801,0.942,1.27418,1.25888,1.26136,92016.7286,88833.6089,2,1.27487,0.552,0.0,0.0,0.0,0.0,0,0.561,1,2,1642,0.77,0.553,0.393,27.0,27.0,0.2151,125.5,0.0,1,1,0.807,1.23714,1,0,0.276,1.2757,1,6.239,0.127,0.873,0.0,0.0,1.0,0.0,0.0,0.5,0.0,0.62,0.545,0.5,0.538,0.0,0.359,0.0,0,0,0.332,0.557,0.0,0.444,0.1,0.275,0.425,0.0,0.45,0.429,0.0,1.0,0.895
7071,2021.09.09 02:58:40,GBPCHFm,SWEEP_REVERSAL,BUY,1,1.26776,1.26651,1.26879,0.82,0.204,1.26852,1.26906,1.26828,0,0.291,0.178,-0.8231,1.26709,1.26728,1.26858,1.26391,1,0.0,0.4,0,1.26852,0.76,0.536,0,0.0,0.0,0.0,1.25801,8.01,0,0,0,1.0,0.8784,0.0348,0.878,0.017,0,0.679,0,0.879,1.26867,1.26779,0.94,0.237,0.0,2,0.15,0,0.679,0.421,0.94,0.447,0.406,1,1.26852,8,0.752,0.0,0.355,0.264,0.228,0.801,0.942,1.27418,1.25888,1.26136,92016.7286,88833.6089,2,1.27487,0.552,0.0,0.0,0.0,0.0,0,0.561,1,2,1642,0.77,0.553,0.393,27.0,27.0,0.2151,125.5,0.0,1,1,0.807,1.23714,1,0,0.276,1.2757,1,6.327,0.127,0.873,0.0,0.0,1.0,0.0,0.0,0.5,0.0,0.396,0.448,0.5,0.543,0.0,0.335,0.0,0,0,0.328,0.557,0.0,0.444,0.1,0.298,0.412,0.0,0.453,0.429,0.0,1.0,0.895
7072,2021.09.09 03:00:00,GBPCHFm,PULLBACK,SELL,1,1.26741,1.26813,1.26391,4.88,0.584,1.268,1.26897,1.26795,0,0.485,0.022,-0.4848,1.26837,1.26728,1.26858,1.26391,1,0.0,0.45,0,1.268,0.726,0.134,0,0.0,0.0,1.26806,1.25801,7.671,0,0,0,0.675,-0.685,-0.129,0.685,0.056,1,0.317,0,0.681,1.26806,1.26749,0.531,0.068,0.1938,0,0.15,2,1.0,0.314,0.531,0.592,0.44,1,1.268,8,0.745,0.0,0.343,0.906,0.189,0.73,0.941,1.27418,1.25888,1.26136,92016.7286,88833.6089,2,1.27487,0.552,0.0,0.0,0.0,0.0,0,0.561,1,2,1643,0.77,0.553,0.393,27.0,27.0,0.2203,122.6,0.0,1,1,0.807,1.23714,1,0,0.276,1.2757,1,6.763,0.127,0.873,0.0,0.0,1.0,0.02,0.0,0.5,0.0,0.314,0.399,0.5,0.43,0.0,0.456,0.0,0,0,0.372,0.432,0.0,0.39,0.1,0.672,0.454,0.0,0.404,0.429,0.0,1.0,0.825
7073,2021.09.09 03:00:20,GBPCHFm,TREND_CONTINUATION,SELL,1,1.26741,1.26888,1.26435,2.08,0.405,1.268,1.26897,1.26795,0,0.485,0.022,-0.4848,1.26837,1.26728,1.26858,1.26391,1,0.0,0.45,0,1.268,0.726,0.134,0,0.0,0.0,1.26806,1.25801,7.671,0,0,0,0.675,-0.685,-0.129,0.685,0.056,2,0.571,0,0.681,1.26806,1.26749,0.531,0.068,0.0,2,0.15,0,0.571,0.235,0.531,0.442,0.324,0,1.268,8,0.745,0.0,0.343,0.206,0.189,0.73,0.941,1.27418,1.25888,1.26136,92016.7286,88833.6089,2,1.27487,0.552,0.0,0.0,0.0,0.0,0,0.561,1,2,1643,0.77,0.553,0.393,27.0,27.0,0.2203,122.6,0.0,1,1,0.807,1.23714,1,0,0.276,1.2757,1,6.763,0.127,0.873,0.0,0.0,1.0,0.02,0.0,0.5,0.0,0.374,0.401,0.5,0.488,0.0,0.389,0.0,0,0,0.362,0.463,0.0,0.448,0.1,0.381,0.432,0.0,0.443,0.429,0.0,1.0,0.797
7078,2021.09.09 04:00:00,GBPCHFm,BREAKOUT,SELL,1,1.26714,1.26809,1.26421,3.08,0.528,1.26797,1.26909,1.26765,0,0.713,0.265,-0.7128,1.26741,1.26728,1.26858,1.26391,1,0.0,0.55,0,1.26797,0.69,0.392,0,0.0,0.0,0.0,1.25801,7.801,0,0,0,0.75,-0.545,-0.1574,0.545,0.283,2,0.637,0,0.437,1.26804,1.26758,0.769,0.377,0.3583,0,0.4,2,1.0,0.429,0.769,0.558,0.413,1,1.26797,8,0.738,0.0,0.375,0.863,0.227,0.946,0.87,1.27418,1.25888,1.26136,92163.5638,146.8352,2,1.27487,0.563,0.0,0.0,0.0,0.0,0,0.513,1,2,1644,0.77,0.553,0.393,27.0,27.0,0.2306,117.1,0.0,1,1,0.807,1.23714,1,0,0.276,1.2757,1,7.312,0.127,0.873,0.0,0.0,1.0,0.76,0.0,0.5,0.0,0.572,0.59,0.5,0.441,0.0,0.407,0.0,0,0,0.349,0.46,0.0,0.612,0.0,0.727,0.444,0.0,0.418,0.429,0.0,1.0,0.763
7079,2021.09.09 04:54:00,GBPCHFm,MEAN_REVERSION,BUY,1,1.26674,1.2658,1.26824,1.61,0.613,1.26797,1.26909,1.26765,0,0.713,0.265,-1.2851,1.26741,1.26728,1.26858,1.26391,1,0.0,0.55,0,1.26797,0.69,0.392,0,0.0,0.0,0.0,1.25801,7.801,0,0,0,0.75,-0.545,-0.1574,0.545,0.423,0,0.652,0,0.437,1.26804,1.26758,1.341,0.949,0.0,2,0.4,0,0.652,0.518,1.341,0.387,0.336,0,1.26797,8,0.738,0.0,0.333,0.164,0.227,0.946,0.87,1.27418,1.25888,1.26136,92163.5638,146.8352,2,1.27487,0.563,0.0,0.0,0.0,0.0,0,0.513,1,2,1644,0.77,0.553,0.393,27.0,27.0,0.2306,117.1,0.0,1,1,0.807,1.23714,1,0,0.276,1.2757,1,7.653,0.127,0.873,0.0,0.0,1.0,0.19,0.0,0.5,0.0,0.491,0.478,0.5,0.479,0.0,0.195,0.0,0,0,0.235,0.441,0.0,0.7,0.0,0.464,0.301,0.0,0.457,0.429,0.0,1.0,0.733
7081,2021.09.09 04:58:59,GBPCHFm,SWEEP_REVERSAL,BUY,1,1.26674,1.26557,1.26824,1.29,0.261,1.26797,1.26909,1.26765,0,0.713,0.265,-1.2851,1.26741,1.26728,1.26858,1.26391,1,0.0,0.55,0,1.26797,0.69,0.392,0,0.0,0.0,0.0,1.25801,7.801,0,0,0,0.75,-0.545,-0.1574,0.545,0.423,0,0.652,0,0.437,1.26804,1.26758,1.341,0.949,0.0,2,0.4,0,0.652,0.518,1.341,0.387,0.336,0,1.26797,8,0.738,0.0,0.333,0.164,0.227,0.946,0.87,1.27418,1.25888,1.26136,92163.5638,146.8352,2,1.27487,0.563,0.0,0.0,0.0,0.0,0,0.513,1,2,1644,0.77,0.553,0.393,27.0,27.0,0.2306,117.1,0.0,1,1,0.807,1.23714,1,0,0.276,1.2757,1,7.653,0.127,0.873,0.0,0.0,1.0,0.26,0.0,0.5,0.0,0.594,0.4,0.5,0.499,0.0,0.178,0.0,0,0,0.281,0.441,0.0,0.7,0.0,0.464,0.301,0.0,0.457,0.429,0.0,1.0,0.733
7082,2021.09.09 05:00:00,GBPCHFm,PULLBACK,SELL,1,1.26647,1.26694,1.26391,5.41,0.644,1.268,1.26897,1.26703,0,0.369,1.009,-1.5206,1.26741,1.26728,1.26858,1.26391,1,0.0,0.75,0,1.268,0.703,0.255,0,0.0,0.0,1.26647,1.25801,8.397,0,0,0,0.825,-0.755,-0.2606,0.755,0.251,0,0.672,3,0.45,1.26684,1.26755,0.369,1.073,0.4901,0,0.0,2,1.0,0.855,1.521,0.562,0.476,1,1.26684,2,0.55,0.263,0.225,0.926,0.0,0.56,0.941,1.27418,1.25888,1.26136,92163.5638,146.8352,2,1.27487,0.563,0.0,0.0,0.0,0.0,0,0.513,1,2,1645,0.77,0.553,0.393,27.0,27.0,0.2679,100.8,0.0,1,1,0.807,1.23714,1,0,0.276,1.2757,1,9.158,0.127,0.873,0.0,0.0,1.0,0.26,0.0,0.5,0.0,0.513,0.389,0.5,0.554,0.0,0.22,0.0,0,0,0.321,0.763,0.0,0.701,0.0,0.973,0.563,0.0,0.422,0.429,0.0,1.0,0.897
7083,2021.09.09 05:00:20,GBPCHFm,TREND_CONTINUATION,SELL,1,1.26647,1.26768,1.26395,2.08,0.48,1.268,1.26897,1.26703,0,0.369,1.009,-1.5206,1.26741,1.26728,1.26858,1.26391,1,0.0,0.75,0,1.268,0.703,0.255,0,0.0,0.0,1.26647,1.25801,8.397,0,0,0,0.825,-0.755,-0.2606,0.755,0.251,0,0.689,3,0.45,1.26684,1.26755,0.369,1.073,0.0,2,0.0,0,0.689,0.627,1.521,0.412,0.372,1,1.26684,2,0.55,0.263,0.225,0.226,0.0,0.56,0.941,1.27418,1.25888,1.26136,92163.5638,146.8352,2,1.27487,0.563,0.0,0.0,0.0,0.0,0,0.513,1,2,1645,0.77,0.553,0.393,27.0,27.0,0.2679,100.8,0.0,1,1,0.807,1.23714,1,0,0.276,1.2757,1,9.158,0.127,0.873,0.0,0.0,1.0,0.26,0.0,0.5,0.0,0.611,0.392,0.5,0.577,0.0,0.203,0.0,0,0,0.319,0.725,0.0,0.572,0.0,0.619,0.566,0.0,0.467,0.429,0.0,1.0,0.871
7084,2021.09.09 05:00:20,GBPCHFm,ANCHORED_PULLBACK,SELL,1,1.26647,1.26677,1.26445,6.75,0.546,1.268,1.26897,1.26703,0,0.369,1.009,-1.5206,1.26741,1.26728,1.26858,1.26391,1,0.0,0.75,0,1.268,0.703,0.255,0,0.0,0.0,1.26647,1.25801,8.397,0,0,0,0.825,-0.755,-0.2606,0.755,0.251,0,0.689,3,0.45,1.26684,1.26755,0.369,1.073,0.0,2,0.0,0,0.689,0.627,1.521,0.412,0.372,1,1.26684,2,0.55,0.263,0.225,0.226,0.0,0.56,0.941,1.27418,1.25888,1.26136,92163.5638,146.8352,2,1.27487,0.563,0.0,0.0,0.0,0.0,0,0.513,1,2,1645,0.77,0.553,0.393,27.0,27.0,0.2679,100.8,0.0,1,1,0.807,1.23714,1,0,0.276,1.2757,1,9.158,0.127,0.873,0.0,0.0,1.0,0.26,0.0,0.5,0.0,0.611,0.392,0.5,0.577,0.0,0.203,0.0,0,0,0.319,0.725,0.0,0.572,0.0,0.619,0.566,0.0,0.467,0.429,0.0,1.0,0.871
7088,2021.09.09 06:00:00,GBPCHFm,BREAKOUT,SELL,1,1.26604,1.26658,1.26384,4.11,0.459,1.26798,1.26827,1.26655,0,0.509,0.014,-2.2074,1.26741,1.26728,1.26858,1.26391,1,0.0,0.75,2,1.26798,0.699,0.195,0,0.0,0.0,1.26643,1.25801,9.128,0,0,0,0.9,-0.79,-0.382,0.79,0.158,2,0.512,3,0.556,1.26649,1.26603,0.509,0.014,0.0,2,0.15,0,0.512,0.941,2.207,0.426,0.355,1,1.26649,2,0.55,0.0,0.312,0.237,0.053,0.56,0.864,1.27418,1.25888,1.26136,92163.5638,146.8352,2,1.27487,0.563,0.0,0.0,0.0,0.0,0,0.513,1,2,1646,0.77,0.553,0.393,27.0,27.0,0.3068,88.0,0.0,1,1,0.807,1.23714,1,0,0.276,1.2757,1,10.977,0.127,0.873,0.0,0.0,1.0,0.07,0.0,0.5,0.0,0.374,0.423,0.5,0.642,0.0,0.559,0.0,0,0,0.462,0.511,0.0,0.882,0.0,0.533,0.369,0.0,0.456,0.429,0.0,1.0,0.733
7092,2021.09.09 06:54:00,GBPCHFm,MEAN_REVERSION,BUY,1,1.26713,1.26673,1.26825,2.79,0.525,1.26798,1.26827,1.26655,1,0.509,0.014,-1.2756,1.26741,1.26728,1.26858,1.26391,1,0.0,0.75,2,1.26798,0.699,0.195,0,0.0,0.0,1.26643,1.25801,9.128,0,0,0,0.9,-0.79,-0.382,0.79,0.741,2,0.512,3,0.556,1.26683,1.26758,0.031,0.818,0.0,2,0.15,0,0.512,0.432,1.276,0.339,0.303,0,1.26655,5,0.6,0.938,0.138,0.237,0.053,0.624,0.886,1.27418,1.25888,1.26136,92163.5638,146.8352,2,1.27487,0.563,0.0,0.0,0.0,0.0,0,0.513,1,2,1646,0.77,0.553,0.393,27.0,27.0,0.3068,88.0,0.0,1,1,0.807,1.23714,1,0,0.276,1.2757,1,9.739,0.127,0.873,0.0,0.0,1.0,0.71,0.0,0.5,0.0,0.276,0.714,0.5,0.505,0.0,0.775,0.0,0,0,0.59,0.688,0.0,0.476,0.0,0.396,0.472,0.0,0.513,0.429,0.0,1.0,0.702
7094,2021.09.09 06:59:20,GBPCHFm,BREAKOUT_RETEST,SELL,1,1.26727,1.26807,1.26568,1.98,0.519,1.26798,1.26827,1.26655,1,0.509,0.014,-0.8097,1.26741,1.26728,1.26858,1.26391,1,0.0,0.75,2,1.26798,0.699,0.195,0,0.0,0.0,1.26643,1.25801,9.128,0,0,0,0.9,-0.79,-0.382,0.79,0.194,2,0.512,3,0.556,1.26683,1.26758,0.497,0.352,0.0,2,0.15,0,0.512,0.341,0.81,0.421,0.293,0,1.26798,8,0.74,0.006,0.302,0.237,0.053,0.624,0.886,1.27418,1.25888,1.26136,92163.5638,146.8352,2,1.27487,0.563,0.0,0.0,0.0,0.0,0,0.513,1,2,1646,0.77,0.553,0.393,27.0,27.0,0.3068,88.0,0.0,1,1,0.807,1.23714,1,0,0.276,1.2757,1,9.58,0.127,0.873,0.0,0.0,1.0,0.99,0.0,0.5,0.0,0.374,0.713,0.5,0.517,0.0,0.642,0.0,0,0,0.54,0.487,0.0,0.441,0.0,0.396,0.517,0.0,0.49,0.429,0.0,1.0,0.656
7095,2021.09.09 07:00:00,GBPCHFm,SWEEP_REVERSAL,SELL,1,1.26709,1.26796,1.26624,0.99,0.176,1.26624,1.26703,1.26608,0,0.253,0.482,0.9876,1.26741,1.26728,1.26858,1.26391,1,0.0,0.45,2,1.26624,0.719,0.938,0,0.0,0.0,1.2668,1.25801,10.491,0,0,0,0.65,-0.825,-0.4219,0.825,0.75,1,0.277,1,0.241,1.26687,1.26751,0.253,0.482,-0.8906,1,0.0,5,1.0,0.234,0.988,0.237,0.403,1,1.26624,8,0.744,0.494,0.375,0.247,0.3,0.762,0.908,1.27418,1.25888,1.26136,92163.5638,146.8352,2,1.27487,0.563,0.0,0.0,0.0,0.0,0,0.513,1,2,1647,0.77,0.553,0.393,27.0,27.0,0.3119,86.6,0.0,1,1,0.807,1.23714,1,0,0.276,1.2757,1,9.946,0.127,0.873,0.0,0.0,1.0,0.91,0.0,0.5,0.0,0.225,0.629,0.5,0.595,0.0,0.903,0.0,0,0,0.617,0.607,0.0,0.418,0.0,0.336,0.602,0.0,0.466,0.429,0.0,1.0,0.745
0,2021.09.09 07:00:20,GBPCHFm,ANCHORED_PULLBACK,SELL,1,1.26695,1.26706,1.26624,6.44,0.445,1.26624,1.26703,1.26608,1,0.253,0.482,0.8259,1.26741,1.26728,1.26858,1.26391,1,0.0,0.45,2,1.26624,0.719,0.938,0,0.0,0.0,1.2668,1.25801,10.491,0,0,0,0.65,-0.825,-0.4219,0.825,0.605,2,0.577,1,0.241,1.26687,1.26751,0.091,0.643,0.0,2,0.0,0,0.577,0.297,0.826,0.359,0.304,0,1.26624,8,0.744,0.817,0.119,0.247,0.0,0.762,0.908,1.27418,1.25888,1.26136,92163.5638,146.8352,2,1.27487,0.563,0.0,0.0,0.0,0.0,0,0.513,1,2,1647,0.77,0.553,0.393,27.0,27.0,0.3119,86.6,0.0,1,1,0.807,1.23714,1,0,0.276,1.2757,1,10.107,0.127,0.873,0.0,0.0,1.0,0.72,0.0,0.5,0.0,0.345,0.603,0.5,0.595,0.0,0.825,0.0,0,0,0.57,0.814,0.0,0.528,0.0,0.424,0.59,0.0,0.478,0.429,0.0,1.0,0.832
7098,2021.09.09 07:52:40,GBPCHFm,PULLBACK,SELL,1,1.26819,1.26949,1.26687,1.02,0.365,1.26624,1.26703,1.26608,0,0.253,0.482,2.2583,1.26741,1.26728,1.26858,1.26391,1,0.0,0.45,2,1.26624,0.719,0.938,0,0.0,0.0,1.2668,1.25801,10.491,0,0,0,0.65,-0.825,-0.4219,0.825,0.142,2,0.577,1,0.241,1.26687,1.26793,1.524,0.299,0.0,2,0.0,0,0.577,0.968,2.258,0.429,0.382,1,1.26687,2,0.55,0.0,0.257,0.247,0.0,0.762,0.867,1.27418,1.25888,1.26136,92163.5638,146.8352,2,1.27487,0.563,0.0,0.0,0.0,0.0,0,0.513,1,2,1647,0.77,0.553,0.393,27.0,27.0,0.3119,86.6,0.0,1,1,0.807,1.23714,1,0,0.276,1.2757,1,8.675,0.127,0.873,0.0,0.0,1.0,0.99,0.0,0.5,0.411,0.397,0.48,0.5,0.504,0.0,0.698,0.0,0,0,0.442,0.628,0.0,0.308,0.0,0.386,0.862,0.0,0.487,0.429,0.0,1.0,0.871
7099,2021.09.09 07:52:59,GBPCHFm,TREND_CONTINUATION,SELL,1,1.26804,1.26908,1.26687,1.13,0.426,1.26624,1.26703,1.26608,0,0.253,0.482,2.085,1.26741,1.26728,1.26858,1.26391,1,0.0,0.45,2,1.26624,0.719,0.938,0,0.0,0.0,1.2668,1.25801,10.491,0,0,0,0.65,-0.825,-0.4219,0.825,0.142,2,0.577,1,0.241,1.26687,1.26793,1.35,0.126,0.0,2,0.0,0,0.577,0.894,2.085,0.429,0.374,1,1.26687,2,0.55,0.0,0.257,0.247,0.0,0.762,0.867,1.27418,1.25888,1.26136,92163.5638,146.8352,2,1.27487,0.563,0.0,0.0,0.0,0.0,0,0.513,1,2,1647,0.77,0.553,0.393,27.0,27.0,0.3119,86.6,0.0,1,1,0.807,1.23714,1,0,0.276,1.2757,1,8.848,0.127,0.873,0.0,0.0,1.0,0.98,0.0,0.5,0.411,0.397,0.494,0.5,0.504,0.0,0.698,0.0,0,0,0.434,0.628,0.0,0.44,0.0,0.386,0.862,0.0,0.487,0.429,0.0,1.0,0.871
7100,2021.09.09 08:00:00,GBPCHFm,BREAKOUT,BUY,2,1.26848,1.26755,1.27086,2.55,0.628,1.2663,1.26744,1.2661,0,0.879,0.101,1.9991,1.2673,1.26728,1.26909,1.26443,1,0.0,0.5,2,1.26737,0.697,0.219,0,0.0,0.0,1.26695,1.25801,10.699,0,0,0,1.0,-0.685,-0.2987,0.685,0.169,2,0.528,0,0.531,1.26724,1.26844,1.019,0.241,0.3996,0,0.4,2,1.0,1.149,1.999,0.575,0.513,2,1.26737,8,0.739,0.0,0.409,0.906,0.246,0.982,0.936,1.27418,1.25888,1.26136,88492.0838,-3671.4801,1,1.27487,0.566,0.0,0.0,0.0,0.0,0,0.569,1,2,1648,0.77,0.553,0.393,27.0,27.0,0.2831,95.4,0.0,1,1,0.807,1.23714,1,0,0.276,1.2757,0,7.572,0.147,0.853,0.0,1.0,0.5,0.86,0.0,0.5,0.0,0.314,0.531,0.5,0.408,0.0,0.826,0.0,0,0,0.471,0.35,0.0,0.523,0.071,1.0,0.692,0.0,0.425,0.429,0.0,1.0,0.767
7103,2021.09.09 08:54:00,GBPCHFm,MEAN_REVERSION,SELL,2,1.26833,1.26909,1.26737,1.26,0.581,1.2663,1.26744,1.2661,0,0.879,0.101,2.1249,1.2673,1.26728,1.26909,1.26443,1,0.0,0.5,2,1.26737,0.697,0.219,0,0.0,0.0,1.26695,1.25801,10.699,0,0,0,1.0,-0.685,-0.2987,0.685,0.102,2,0.571,0,0.531,1.26724,1.26844,1.145,0.115,0.0,2,0.4,0,0.571,0.924,2.125,0.435,0.38,1,1.26737,8,0.739,0.0,0.429,0.206,0.246,0.982,0.936,1.27418,1.25888,1.26136,88492.0838,-3671.4801,1,1.27487,0.566,0.0,0.0,0.0,0.0,0,0.569,1,2,1648,0.77,0.553,0.393,27.0,27.0,0.2831,95.4,0.0,1,1,0.807,1.23714,1,0,0.276,1.2757,0,7.729,0.147,0.853,0.0,1.0,0.5,0.59,0.0,0.5,0.0,0.698,0.531,0.5,0.394,0.0,0.388,0.0,0,0,0.292,0.339,0.0,0.463,0.071,0.5,0.866,0.0,0.479,0.429,0.0,1.0,0.736
7106,2021.09.09 09:00:40,GBPCHFm,SWEEP_REVERSAL,SELL,2,1.26934,1.27034,1.26847,0.88,0.159,1.26622,1.2683,1.26597,0,0.702,0.033,3.1314,1.26836,1.26728,1.26909,1.26443,0,0.0,0.7,2,1.26755,0.73,0.52,0,0.0,0.0,1.26826,1.25801,11.283,0,0,1,1.0,-0.895,-0.2543,0.895,0.075,2,0.43,3,0.379,1.26847,1.26913,0.876,0.207,0.0,2,0.15,0,0.43,1.374,3.131,0.439,0.402,1,1.26847,2,0.55,0.0,0.337,0.269,0.053,0.878,0.941,1.27418,1.25888,1.26136,88492.0838,-3671.4801,1,1.27487,0.566,0.0,0.0,0.0,0.0,0,0.569,1,2,1649,0.77,0.553,0.393,27.0,27.0,0.271,99.6,0.0,1,1,0.807,1.23714,1,0,0.276,1.2757,0,6.383,0.147,0.853,0.0,1.0,0.5,0.99,0.0,0.5,0.0,0.73,0.692,0.5,0.499,0.0,0.414,0.0,0,0,0.43,0.246,0.0,0.475,0.1,1.0,0.854,0.0,0.465,0.429,0.0,1.0,0.758
7107,2021.09.09 09:05:40,GBPCHFm,ANCHORED_PULLBACK,BUY,2,1.26915,1.26867,1.26956,0.86,0.248,1.26622,1.2683,1.26597,0,0.702,0.033,2.6698,1.26836,1.26728,1.26909,1.26443,1,0.0,0.7,2,1.26755,0.73,0.52,0,0.0,0.0,1.26826,1.25801,11.283,0,0,1,1.0,-0.895,-0.2543,0.895,0.396,2,0.43,3,0.379,1.26847,1.26913,0.414,0.254,0.0,2,0.15,0,0.43,1.043,2.67,0.391,0.364,1,1.26847,2,0.55,0.172,0.241,0.269,0.053,0.878,0.941,1.27418,1.25888,1.26136,88492.0838,-3671.4801,1,1.27487,0.566,0.0,0.0,0.0,0.0,0,0.569,1,2,1649,0.77,0.553,0.393,27.0,27.0,0.271,99.6,0.0,1,1,0.807,1.23714,1,0,0.276,1.2757,0,6.573,0.147,0.853,0.0,1.0,0.5,0.51,0.0,0.5,0.0,0.715,0.636,0.5,0.49,0.0,0.389,0.0,0,0,0.384,0.387,0.0,0.473,0.1,1.0,0.829,0.0,0.458,0.429,0.0,1.0,0.736
7110,2021.09.09 09:52:40,GBPCHFm,PULLBACK,SELL,2,1.27013,1.27162,1.26847,1.11,0.491,1.26622,1.2683,1.26597,0,0.702,0.033,3.9243,1.26836,1.26728,1.26909,1.26443,0,0.0,0.7,2,1.26755,0.73,0.52,0,0.0,0.0,1.26826,1.25801,11.283,0,0,1,1.0,-0.895,-0.2543,0.895,0.075,2,0.43,3,0.379,1.26847,1.26913,1.668,1.0,0.0,2,0.15,0,0.43,1.722,3.924,0.439,0.443,1,1.26847,2,0.55,0.0,0.337,0.269,0.053,0.878,0.941,1.27418,1.25888,1.26136,88492.0838,-3671.4801,1,1.27487,0.566,0.0,0.0,0.0,0.0,0,0.569,1,2,1649,0.77,0.553,0.393,27.0,27.0,0.271,99.6,0.0,1,1,0.807,1.23714,1,0,0.276,1.2757,0,5.59,0.147,0.853,0.0,1.0,0.5,0.0,0.0,0.5,0.0,0.92,0.303,0.5,0.436,0.0,0.303,0.0,0,0,0.37,0.246,0.0,0.333,0.1,0.7,0.854,0.0,0.472,0.429,0.0,1.0,0.758
7111,2021.09.09 09:52:59,GBPCHFm,TREND_CONTINUATION,SELL,2,1.27017,1.27137,1.26847,1.42,0.577,1.26622,1.2683,1.26597,0,0.702,0.033,3.9644,1.26836,1.26728,1.26909,1.26443,0,0.0,0.7,2,1.26755,0.73,0.52,0,0.0,0.0,1.26826,1.25801,11.283,0,0,1,1.0,-0.895,-0.2543,0.895,0.075,2,0.43,3,0.379,1.26847,1.26913,1.709,1.04,0.0,2,0.15,0,0.43,1.739,3.964,0.439,0.445,1,1.26847,2,0.55,0.0,0.337,0.269,0.053,0.878,0.941,1.27418,1.25888,1.26136,88492.0838,-3671.4801,1,1.27487,0.566,0.0,0.0,0.0,0.0,0,0.569,1,2,1649,0.77,0.553,0.393,27.0,27.0,0.271,99.6,0.0,1,1,0.807,1.23714,1,0,0.276,1.2757,0,5.55,0.147,0.853,0.0,1.0,0.5,0.01,0.0,0.5,0.0,0.92,0.299,0.5,0.436,0.0,0.303,0.0,0,0,0.373,0.246,0.0,0.333,0.1,0.7,0.854,0.0,0.472,0.429,0.0,1.0,0.758
7112,2021.09.09 10:00:00,GBPCHFm,BREAKOUT,BUY,2,1.27034,1.26873,1.27307,1.7,0.627,1.26735,1.26894,1.266,0,1.372,0.025,2.4944,1.26856,1.26728,1.26923,1.26478,0,0.0,0.6,0,1.26735,0.8,0.347,0,0.0,0.0,1.27062,1.25801,11.052,0,0,1,1.0,-0.755,-0.119,0.755,0.28,1,0.304,0,0.447,1.26845,1.26992,1.484,0.137,0.558,0,0.4,2,1.0,1.392,2.494,0.558,0.508,2,1.26845,2,0.55,0.0,0.376,0.926,0.229,0.799,0.712,1.27418,1.25888,1.26136,88492.0838,-3671.4801,1,1.27487,0.566,0.0,0.0,0.0,0.0,0,0.569,1,2,1650,0.773,0.553,0.395,27.0,27.0,0.2474,109.1,0.0,1,1,0.807,1.23714,1,0,0.276,1.2757,0,4.911,0.147,0.853,0.0,1.0,0.5,0.19,0.0,0.5,0.0,0.838,0.353,0.5,0.429,0.0,0.316,0.0,0,0,0.343,0.126,0.388,0.661,0.1,1.0,0.745,0.0,0.407,0.429,0.0,1.0,0.794
7114,2021.09.09 10:54:00,GBPCHFm,MEAN_REVERSION,SELL,2,1.26986,1.27073,1.26845,1.61,0.582,1.26735,1.26894,1.266,0,1.372,0.025,2.302,1.26856,1.26728,1.26923,1.26478,0,0.0,0.6,0,1.26735,0.8,0.347,0,0.0,0.0,1.27062,1.25801,11.052,0,0,1,1.0,-0.755,-0.119,0.755,0.176,2,0.604,0,0.447,1.26845,1.26992,1.292,0.055,0.0,2,0.4,0,0.604,0.975,2.302,0.424,0.36,1,1.26845,2,0.55,0.0,0.407,0.226,0.229,0.799,0.712,1.27418,1.25888,1.26136,88492.0838,-3671.4801,1,1.27487,0.566,0.0,0.0,0.0,0.0,0,0.569,1,2,1650,0.773,0.553,0.395,27.0,27.0,0.2474,109.1,0.0,1,1,0.807,1.23714,1,0,0.276,1.2757,0,5.351,0.147,0.853,0.0,1.0,0.5,0.88,0.0,0.5,0.0,1.0,0.551,0.5,0.483,0.0,0.253,0.0,0,0,0.277,0.156,0.0,0.598,0.1,0.796,0.865,0.0,0.45,0.429,0.0,1.0,0.764
7115,2021.09.09 11:00:00,GBPCHFm,BREAKOUT_RETEST,BUY,2,1.26996,1.26871,1.27168,1.38,0.677,1.26732,1.26988,1.26681,1,1.039,1.008,2.1562,1.26856,1.26673,1.26923,1.26422,0,0.0,0.75,2,1.26732,0.761,0.128,0,0.0,0.0,0.0,1.25801,10.634,0,0,1,0.675,0.685,0.058,0.685,0.914,2,0.449,3,0.328,1.26845,1.26937,1.132,0.295,0.1161,0,0.3,2,0.907,0.998,2.156,0.463,0.452,1,1.26845,2,0.55,0.0,0.146,0.906,0.105,0.9,0.632,1.27418,1.25888,1.26136,88492.0838,-3671.4801,1,1.27487,0.566,0.0,0.0,0.0,0.0,0,0.569,1,2,1651,0.773,0.553,0.395,27.0,27.0,0.2458,109.9,0.0,1,1,0.807,1.23714,1,0,0.276,1.2757,0,5.225,0.147,0.853,0.0,1.0,0.5,0.14,0.0,0.5,0.0,0.676,0.333,0.5,0.459,0.0,0.343,0.0,0,0,0.375,0.531,0.0,0.379,0.087,1.0,0.65,0.0,0.425,0.429,0.0,1.0,1.044
7116,2021.09.09 11:01:40,GBPCHFm,SWEEP_REVERSAL,SELL,2,1.27018,1.27128,1.26845,1.58,0.094,1.26732,1.26988,1.26681,0,1.039,1.008,2.6022,1.26856,1.26673,1.26923,1.26422,0,0.0,0.75,2,1.26732,0.761,0.128,0,0.0,0.0,0.0,1.25801,10.634,0,0,1,0.675,0.685,0.058,0.685,0.634,2,0.464,3,0.328,1.26845,1.2708,1.578,0.562,0.0,2,0.0,0,0.464,0.923,2.602,0.355,0.377,1,1.26845,2,0.55,0.0,0.11,0.206,0.0,0.9,0.684,1.27418,1.25888,1.26136,88492.0838,-3671.4801,1,1.27487,0.566,0.0,0.0,0.0,0.0,0,0.569,1,2,1651,0.773,0.553,0.395,27.0,27.0,0.2458,109.9,0.0,1,1,0.807,1.23714,1,0,0.276,1.2757,0,5.025,0.147,0.853,0.0,1.0,0.5,0.99,0.0,0.5,0.0,0.789,0.433,0.5,0.503,0.0,0.311,0.0,0,0,0.315,0.452,0.0,0.238,0.067,0.832,0.862,0.0,0.451,0.429,0.0,1.0,0.956
7122,2021.09.09 11:52:40,GBPCHFm,PULLBACK,BUY,2,1.26921,1.26871,1.27107,3.7,0.498,1.26732,1.26988,1.26681,1,1.039,1.008,1.4735,1.26856,1.26673,1.26923,1.26422,1,0.0,0.75,2,1.26732,0.761,0.128,0,0.0,0.0,0.0,1.25801,10.634,0,0,1,0.675,0.685,0.058,0.685,0.388,2,0.464,3,0.328,1.26845,1.26937,0.45,0.388,0.0,2,0.0,0,0.464,0.577,1.474,0.392,0.337,0,1.26845,2,0.55,0.101,0.184,0.206,0.0,0.9,0.632,1.27418,1.25888,1.26136,88492.0838,-3671.4801,1,1.27487,0.566,0.0,0.0,0.0,0.0,0,0.569,1,2,1651,0.773,0.553,0.395,27.0,27.0,0.2458,109.9,0.0,1,1,0.807,1.23714,1,0,0.276,1.2757,0,5.908,0.147,0.853,0.0,1.0,0.5,0.07,0.0,0.5,0.0,0.3,0.426,0.5,0.77,0.0,0.355,0.0,0,0,0.418,0.487,0.188,0.385,0.067,0.533,0.581,0.0,0.446,0.429,0.0,1.0,0.837
7123,2021.09.09 11:52:59,GBPCHFm,TREND_CONTINUATION,BUY,2,1.26921,1.26789,1.27107,1.41,0.409,1.26732,1.26988,1.26681,1,1.039,1.008,1.4735,1.26856,1.26673,1.26923,1.26422,1,0.0,0.75,2,1.26732,0.761,0.128,0,0.0,0.0,0.0,1.25801,10.634,0,0,1,0.675,0.685,0.058,0.685,0.388,2,0.464,3,0.328,1.26845,1.26937,0.45,0.388,0.0,2,0.0,0,0.464,0.577,1.474,0.392,0.337,0,1.26845,2,0.55,0.101,0.184,0.206,0.0,0.9,0.632,1.27418,1.25888,1.26136,88492.0838,-3671.4801,1,1.27487,0.566,0.0,0.0,0.0,0.0,0,0.569,1,2,1651,0.773,0.553,0.395,27.0,27.0,0.2458,109.9,0.0,1,1,0.807,1.23714,1,0,0.276,1.2757,0,5.908,0.147,0.853,0.0,1.0,0.5,0.07,0.0,0.5,0.0,0.3,0.439,0.5,0.77,0.0,0.355,0.0,0,0,0.409,0.487,0.188,0.385,0.067,0.533,0.581,0.0,0.446,0.429,0.0,1.0,0.837
7126,2021.09.09 13:01:40,GBPCHFm,SWEEP_REVERSAL,BUY,4,1.27085,1.27,1.27351,3.11,0.661,1.26969,1.27079,1.2691,1,0.828,0.186,0.669,1.2694,1.26708,1.26971,1.26445,0,0.0,0.5,0,1.26935,0.689,0.547,0,0.0,0.0,1.27087,1.25801,9.744,0,1,1,0.825,0.58,0.2601,0.58,0.53,0,0.703,0,0.767,1.26961,1.27129,0.732,0.535,0.0,2,0.7,6,0.7,0.203,0.922,0.221,0.304,0,1.26969,1,0.7,0.0,0.621,0.174,0.698,0.919,0.957,1.27418,1.25888,1.26128,84501.7637,-3990.3201,1,1.27487,0.566,0.0,0.0,0.0,0.0,0,0.544,1,2,1653,0.773,0.553,0.395,27.0,27.0,0.2031,132.9,0.0,1,1,0.807,1.23714,1,0,0.276,1.2757,0,3.649,0.151,0.849,0.0,1.0,0.5,0.05,0.0,0.5,0.0,0.0,0.611,0.5,0.0,0.0,0.0,0.0,0,0,0.067,0.0,0.0,0.0,0.1,0.0,0.5,0.0,0.0,0.0,0.0,0.0,0.0
7128,2021.09.09 14:00:00,GBPCHFm,BREAKOUT,BUY,4,1.27193,1.27069,1.27549,2.87,0.599,1.26977,1.27126,1.26908,0,0.77,0.205,1.3269,1.26886,1.26683,1.27021,1.26468,0,0.0,0.55,0,1.27056,0.664,0.378,0,0.0,0.0,1.27141,1.25801,9.6,0,0,1,0.9,0.79,0.3492,0.79,0.271,2,0.589,0,0.784,1.27037,1.27195,0.909,0.205,0.3467,0,0.15,2,1.0,0.742,1.327,0.559,0.517,2,1.27056,8,0.733,0.0,0.279,0.937,0.209,0.842,0.873,1.27418,1.25888,1.26128,84501.7637,-3990.3201,1,1.27487,0.566,0.0,0.0,0.0,0.0,0,0.544,1,2,1654,0.773,0.553,0.395,27.0,27.0,0.1899,142.2,0.0,1,1,0.807,1.23714,1,0,0.276,1.2757,0,2.651,0.151,0.849,0.0,1.0,0.5,0.58,0.0,0.5,0.0,0.784,0.483,0.5,0.456,0.0,0.471,0.0,0,0,0.336,0.37,0.0,0.277,0.1,1.0,0.715,0.0,0.394,0.4,0.0,1.0,0.988
7129,2021.09.09 14:00:20,GBPCHFm,PULLBACK,BUY,4,1.272,1.26987,1.27627,2.0,0.442,1.26977,1.27126,1.26908,0,0.77,0.205,1.3761,1.26886,1.26683,1.27021,1.26468,0,0.0,0.55,0,1.27056,0.664,0.378,0,0.0,0.0,1.27141,1.25801,9.6,0,0,1,0.9,0.79,0.3492,0.79,0.271,2,0.623,0,0.784,1.27037,1.27195,0.958,0.155,0.0,2,0.15,0,0.623,0.563,1.376,0.409,0.402,1,1.27056,8,0.733,0.0,0.279,0.237,0.209,0.842,0.873,1.27418,1.25888,1.26128,84501.7637,-3990.3201,1,1.27487,0.566,0.0,0.0,0.0,0.0,0,0.544,1,2,1654,0.773,0.553,0.395,27.0,27.0,0.1899,142.2,0.0,1,1,0.807,1.23714,1,0,0.276,1.2757,0,2.602,0.151,0.849,0.0,1.0,0.5,0.6,0.0,0.5,0.0,0.933,0.491,0.5,0.494,0.0,0.471,0.0,0,0,0.342,0.369,0.0,0.241,0.1,0.64,0.865,0.0,0.431,0.4,0.0,1.0,0.907
7130,2021.09.09 14:00:20,GBPCHFm,TREND_CONTINUATION,BUY,4,1.272,1.27029,1.27556,2.08,0.519,1.26977,1.27126,1.26908,0,0.77,0.205,1.3761,1.26886,1.26683,1.27021,1.26468,0,0.0,0.55,0,1.27056,0.664,0.378,0,0.0,0.0,1.27141,1.25801,9.6,0,0,1,0.9,0.79,0.3492,0.79,0.271,2,0.623,0,0.784,1.27037,1.27195,0.958,0.155,0.0,2,0.15,0,0.623,0.563,1.376,0.409,0.402,1,1.27056,8,0.733,0.0,0.279,0.237,0.209,0.842,0.873,1.27418,1.25888,1.26128,84501.7637,-3990.3201,1,1.27487,0.566,0.0,0.0,0.0,0.0,0,0.544,1,2,1654,0.773,0.553,0.395,27.0,27.0,0.1899,142.2,0.0,1,1,0.807,1.23714,1,0,0.276,1.2757,0,2.602,0.151,0.849,0.0,1.0,0.5,0.59,0.0,0.5,0.0,0.933,0.491,0.5,0.494,0.0,0.471,0.0,0,0,0.342,0.369,0.0,0.241,0.1,0.64,0.865,0.0,0.431,0.4,0.0,1.0,0.907
7133,2021.09.09 14:00:40,GBPCHFm,MEAN_REVERSION,SELL,4,1.27149,1.27263,1.27057,0.81,0.596,1.26977,1.27126,1.26908,0,0.77,0.205,1.2073,1.26886,1.26683,1.27021,1.26468,0,0.0,0.55,0,1.27056,0.664,0.378,0,0.0,0.0,1.27141,1.25801,9.6,0,0,1,0.9,0.79,0.3492,0.79,0.36,2,0.623,0,0.784,1.27037,1.27195,0.79,0.324,0.0,2,0.15,0,0.623,0.478,1.207,0.396,0.392,1,1.27056,8,0.733,0.0,0.252,0.237,0.209,0.842,0.873,1.27418,1.25888,1.26128,84501.7637,-3990.3201,1,1.27487,0.566,0.0,0.0,0.0,0.0,0,0.544,1,2,1654,0.773,0.553,0.395,27.0,27.0,0.1899,142.2,0.0,1,1,0.807,1.23714,1,0,0.276,1.2757,0,2.96,0.151,0.849,0.0,1.0,0.5,0.23,0.0,0.5,0.0,0.933,0.468,0.5,0.494,0.0,0.471,0.0,0,0,0.356,0.386,0.0,0.241,0.1,0.64,0.865,0.0,0.43,0.4,0.0,1.0,0.907
7134,2021.09.09 14:00:59,GBPCHFm,ANCHORED_PULLBACK,BUY,4,1.27176,1.27098,1.27433,3.3,0.529,1.26977,1.27126,1.26908,0,0.77,0.205,1.2073,1.26886,1.26683,1.27021,1.26468,0,0.0,0.55,0,1.27056,0.664,0.378,0,0.0,0.0,1.27141,1.25801,9.6,0,0,1,0.9,0.79,0.3492,0.79,0.36,2,0.623,0,0.784,1.27037,1.27195,0.79,0.324,0.0,2,0.15,0,0.623,0.478,1.207,0.396,0.392,1,1.27056,8,0.733,0.0,0.252,0.237,0.209,0.842,0.873,1.27418,1.25888,1.26128,84501.7637,-3990.3201,1,1.27487,0.566,0.0,0.0,0.0,0.0,0,0.544,1,2,1654,0.773,0.553,0.395,27.0,27.0,0.1899,142.2,0.0,1,1,0.807,1.23714,1,0,0.276,1.2757,0,2.77,0.151,0.849,0.0,1.0,0.5,0.22,0.0,0.5,0.0,0.933,0.461,0.5,0.494,0.0,0.471,0.0,0,0,0.36,0.386,0.0,0.241,0.1,0.64,0.865,0.0,0.43,0.4,0.0,1.0,0.907
7137,2021.09.09 14:01:40,GBPCHFm,BREAKOUT_RETEST,BUY,4,1.27132,1.27069,1.27262,2.07,0.544,1.26977,1.27126,1.26908,1,0.77,0.205,0.8979,1.26886,1.26683,1.27021,1.26468,0,0.0,0.55,0,1.27056,0.664,0.378,0,0.0,0.0,1.27141,1.25801,9.6,0,0,1,0.9,0.79,0.3492,0.79,0.482,2,0.623,0,0.784,1.27037,1.27195,0.48,0.634,0.0,2,0.15,0,0.623,0.339,0.898,0.378,0.376,1,1.27056,8,0.733,0.039,0.215,0.237,0.209,0.842,0.873,1.27418,1.25888,1.26128,84501.7637,-3990.3201,1,1.27487,0.566,0.0,0.0,0.0,0.0,0,0.544,1,2,1654,0.773,0.553,0.395,27.0,27.0,0.1899,142.2,0.0,1,1,0.807,1.23714,1,0,0.276,1.2757,0,3.08,0.151,0.849,0.0,1.0,0.5,0.0,0.0,0.5,0.0,0.933,0.418,0.5,0.424,0.0,0.407,0.0,0,0,0.339,0.51,0.0,0.289,0.1,0.524,0.434,0.0,0.431,0.4,0.0,1.0,0.864
7140,2021.09.09 15:02:20,GBPCHFm,SWEEP_REVERSAL,SELL,4,1.27177,1.27227,1.27074,2.06,0.498,1.27149,1.27212,1.26935,1,0.035,0.875,0.1853,1.26937,1.26678,1.26979,1.26378,0,0.0,0.55,0,1.27074,0.752,0.553,0,0.0,0.0,1.27173,1.25801,8.955,1,0,1,0.975,0.825,0.3906,0.825,0.743,2,0.545,0,0.678,1.27162,1.27225,0.101,0.319,0.0,2,0.3,6,0.5,0.13,0.689,0.189,0.293,0,1.27074,8,0.75,0.797,0.397,0.247,0.541,0.907,0.674,1.27418,1.25888,1.26128,84501.7637,-3990.3201,1,1.27487,0.566,0.0,0.0,0.0,0.0,0,0.544,1,2,1655,0.773,0.553,0.395,27.0,27.0,0.18,150.0,0.0,1,1,0.807,1.23714,1,0,0.276,1.2757,1,2.62,0.151,0.849,0.0,1.0,1.0,0.53,0.0,0.5,1.0,0.58,0.4,0.5,0.479,0.0,0.319,0.0,0,0,0.331,0.401,0.0,0.225,0.067,0.44,0.656,0.0,0.418,0.4,0.0,1.0,0.867
7142,2021.09.09 16:00:00,GBPCHFm,BREAKOUT,BUY,4,1.2711,1.26869,1.27511,1.67,0.298,1.27074,1.27212,1.26985,1,0.059,1.157,0.0585,1.26937,1.26678,1.27046,1.26445,0,0.0,0.45,0,1.27074,0.736,0.758,0,0.0,0.0,1.27062,1.25801,7.986,0,0,1,0.7,0.685,0.3659,0.685,1.0,0,0.69,0,0.495,1.27086,1.26885,0.02,1.236,0.0,2,0.25,0,0.69,0.371,1.236,0.3,0.35,1,1.26985,5,0.6,0.96,0.1,0.206,0.186,0.882,0.853,1.27418,1.25888,1.26132,84932.8692,431.1056,2,1.27487,0.564,0.0,0.0,0.0,0.0,0,0.45,1,2,1656,0.773,0.553,0.395,27.0,27.0,0.1681,160.6,0.0,1,1,0.807,1.23714,1,0,0.276,1.2757,1,2.865,0.127,0.873,0.0,0.0,1.0,0.9,0.0,0.5,0.598,1.0,0.477,0.5,0.536,0.0,0.386,0.0,0,0,0.329,0.72,0.0,0.441,0.067,0.621,0.65,0.0,0.44,0.4,0.0,1.0,0.936
7143,2021.09.09 16:00:20,GBPCHFm,PULLBACK,BUY,4,1.2711,1.26869,1.27592,2.0,0.509,1.27074,1.27212,1.26985,1,0.059,1.157,0.0585,1.26937,1.26678,1.27046,1.26445,0,0.0,0.45,0,1.27074,0.736,0.758,0,0.0,0.0,1.27062,1.25801,7.986,0,0,1,0.7,0.685,0.3659,0.685,1.0,0,0.69,0,0.495,1.27086,1.26885,0.02,1.236,0.0,2,0.25,0,0.69,0.371,1.236,0.3,0.35,1,1.26985,5,0.6,0.96,0.1,0.206,0.186,0.882,0.853,1.27418,1.25888,1.26132,84932.8692,431.1056,2,1.27487,0.564,0.0,0.0,0.0,0.0,0,0.45,1,2,1656,0.773,0.553,0.395,27.0,27.0,0.1681,160.6,0.0,1,1,0.807,1.23714,1,0,0.276,1.2757,1,2.865,0.127,0.873,0.0,0.0,1.0,0.89,0.0,0.5,0.462,1.0,0.478,0.5,0.536,0.0,0.386,0.0,0,0,0.329,0.72,0.0,0.441,0.067,0.621,0.65,0.0,0.44,0.4,0.0,1.0,0.936
7144,2021.09.09 16:00:20,GBPCHFm,TREND_CONTINUATION,BUY,4,1.2711,1.26917,1.27511,2.08,0.422,1.27074,1.27212,1.26985,1,0.059,1.157,0.0585,1.26937,1.26678,1.27046,1.26445,0,0.0,0.45,0,1.27074,0.736,0.758,0,0.0,0.0,1.27062,1.25801,7.986,0,0,1,0.7,0.685,0.3659,0.685,1.0,0,0.69,0,0.495,1.27086,1.26885,0.02,1.236,0.0,2,0.25,0,0.69,0.371,1.236,0.3,0.35,1,1.26985,5,0.6,0.96,0.1,0.206,0.186,0.882,0.853,1.27418,1.25888,1.26132,84932.8692,431.1056,2,1.27487,0.564,0.0,0.0,0.0,0.0,0,0.45,1,2,1656,0.773,0.553,0.395,27.0,27.0,0.1681,160.6,0.0,1,1,0.807,1.23714,1,0,0.276,1.2757,1,2.865,0.127,0.873,0.0,0.0,1.0,0.88,0.0,0.5,0.337,1.0,0.478,0.5,0.536,0.0,0.386,0.0,0,0,0.329,0.72,0.0,0.441,0.067,0.621,0.65,0.0,0.44,0.4,0.0,1.0,0.936
7145,2021.09.09 16:00:59,GBPCHFm,ANCHORED_PULLBACK,BUY,4,1.27106,1.27013,1.27212,1.15,0.48,1.27074,1.27212,1.26985,1,0.059,1.157,0.0336,1.26937,1.26678,1.27046,1.26445,0,0.0,0.45,0,1.27074,0.736,0.758,0,0.0,0.0,1.27062,1.25801,7.986,0,0,1,0.7,0.685,0.3659,0.685,1.0,0,0.69,0,0.495,1.27086,1.26885,0.045,1.211,0.0,2,0.25,0,0.69,0.363,1.211,0.3,0.349,0,1.26985,5,0.6,0.91,0.1,0.206,0.186,0.882,0.853,1.27418,1.25888,1.26132,84932.8692,431.1056,2,1.27487,0.564,0.0,0.0,0.0,0.0,0,0.45,1,2,1656,0.773,0.553,0.395,27.0,27.0,0.1681,160.6,0.0,1,1,0.807,1.23714,1,0,0.276,1.2757,1,2.89,0.127,0.873,0.0,0.0,1.0,0.75,0.0,0.5,0.12,1.0,0.466,0.5,0.536,0.0,0.386,0.0,0,0,0.336,0.72,0.0,0.441,0.067,0.621,0.65,0.0,0.441,0.4,0.0,1.0,0.936
7150,2021.09.09 16:01:40,GBPCHFm,BREAKOUT_RETEST,BUY,4,1.27102,1.27054,1.27353,5.2,0.446,1.27074,1.27212,1.26985,1,0.059,1.157,0.0087,1.26937,1.26678,1.27046,1.26445,0,0.0,0.45,0,1.27074,0.736,0.758,0,0.0,0.0,1.27062,1.25801,7.986,0,0,1,0.7,0.685,0.3659,0.685,1.0,0,0.69,0,0.495,1.27086,1.26885,0.07,1.186,0.0,2,0.25,0,0.69,0.356,1.186,0.3,0.349,0,1.26985,5,0.6,0.86,0.1,0.206,0.186,0.882,0.853,1.27418,1.25888,1.26132,84932.8692,431.1056,2,1.27487,0.564,0.0,0.0,0.0,0.0,0,0.45,1,2,1656,0.773,0.553,0.395,27.0,27.0,0.1681,160.6,0.0,1,1,0.807,1.23714,1,0,0.276,1.2757,1,2.915,0.127,0.873,0.0,0.0,1.0,0.68,0.0,0.5,0.0,1.0,0.426,0.5,0.536,0.0,0.386,0.0,0,0,0.36,0.72,0.0,0.661,0.067,0.621,0.65,0.0,0.441,0.4,0.0,1.0,0.936
7152,2021.09.09 16:16:59,GBPCHFm,MEAN_REVERSION,BUY,4,1.27046,1.26996,1.27101,1.1,0.617,1.27074,1.27212,1.26985,1,0.059,1.157,-0.34,1.26937,1.26678,1.27046,1.26445,1,0.0,0.45,0,1.27074,0.736,0.758,0,0.0,0.0,1.27062,1.25801,7.986,0,0,1,0.7,0.685,0.3659,0.685,0.51,0,0.69,0,0.495,1.27086,1.26885,0.419,0.837,0.0,2,0.25,0,0.69,0.313,0.837,0.373,0.344,0,1.27074,8,0.747,0.163,0.247,0.206,0.186,0.882,0.853,1.27418,1.25888,1.26132,84932.8692,431.1056,2,1.27487,0.564,0.0,0.0,0.0,0.0,0,0.45,1,2,1656,0.773,0.553,0.395,27.0,27.0,0.1681,160.6,0.0,1,1,0.807,1.23714,1,0,0.276,1.2757,1,3.263,0.127,0.873,0.0,0.0,1.0,0.01,0.0,0.5,0.0,1.0,0.433,0.5,0.535,0.0,0.346,0.0,0,0,0.339,0.8,0.0,0.759,0.048,0.691,0.433,0.0,0.429,0.4,0.0,1.0,0.925
7154,2021.09.09 17:02:40,GBPCHFm,SWEEP_REVERSAL,BUY,3,1.27047,1.26883,1.27188,0.86,0.272,1.27161,1.27224,1.27027,0,0.265,0.172,-0.8585,1.26937,1.26678,1.27046,1.26445,1,0.0,0.55,0,1.27161,0.76,0.105,0,0.0,0.0,0.0,1.25801,7.37,0,0,0,0.75,0.72,0.2604,0.72,0.87,0,0.665,0,0.647,1.27062,1.26973,0.258,0.287,0.0,2,0.4,0,0.665,0.274,0.858,0.32,0.34,0,1.27161,8,0.752,0.483,0.199,0.216,0.269,0.966,0.696,1.27418,1.25888,1.26132,84932.8692,431.1056,2,1.27487,0.564,0.0,0.0,0.0,0.0,0,0.45,1,2,1657,0.773,0.553,0.395,27.0,27.0,0.1646,164.1,0.0,1,1,0.807,1.23714,1,0,0.276,1.2757,1,3.188,0.127,0.873,0.0,0.0,1.0,0.84,0.0,0.5,0.0,0.996,0.625,0.5,0.551,0.0,0.203,0.0,0,0,0.322,0.588,0.0,0.709,0.071,0.449,0.526,0.0,0.435,0.467,0.0,1.0,0.944
7156,2021.09.09 18:00:40,GBPCHFm,BREAKOUT,SELL,3,1.26884,1.27023,1.26461,3.05,0.486,1.27006,1.27186,1.26889,0,0.612,0.014,-0.7186,1.27009,1.26678,1.27046,1.26445,1,0.0,0.7,0,1.27006,0.67,0.21,0,0.0,0.0,0.0,1.25801,6.508,0,0,0,1.0,0.755,0.1573,0.755,0.247,2,0.649,0,0.645,1.27006,1.269,0.719,0.092,0.0,2,0.4,0,0.649,0.297,0.719,0.413,0.343,0,1.27006,8,0.734,0.0,0.386,0.226,0.269,1.0,0.75,1.27418,1.25888,1.26132,84932.8692,431.1056,2,1.27487,0.564,0.0,0.0,0.0,0.0,0,0.45,1,2,1658,0.773,0.553,0.395,27.0,27.0,0.1596,169.2,0.0,1,1,0.807,1.23714,1,0,0.276,1.2757,1,4.054,0.127,0.873,0.0,0.0,1.0,0.0,0.0,0.5,0.0,0.593,0.672,0.5,0.465,0.0,0.345,0.0,0,0,0.381,0.362,0.0,0.925,0.071,0.485,0.465,0.0,0.422,0.467,0.0,1.0,0.84
7157,2021.09.09 18:16:59,GBPCHFm,MEAN_REVERSION,BUY,3,1.2692,1.26785,1.27033,0.83,0.594,1.27006,1.27186,1.26889,1,0.612,0.014,-0.6654,1.27009,1.26678,1.27046,1.26445,1,0.0,0.7,0,1.27006,0.67,0.21,0,0.0,0.0,0.0,1.25801,6.508,0,0,0,1.0,0.755,0.1573,0.755,0.247,2,0.649,0,0.645,1.27006,1.269,0.665,0.039,0.0,2,0.4,0,0.649,0.275,0.665,0.413,0.34,0,1.27006,8,0.734,0.0,0.386,0.226,0.269,1.0,0.75,1.27418,1.25888,1.26132,84932.8692,431.1056,2,1.27487,0.564,0.0,0.0,0.0,0.0,0,0.45,1,2,1658,0.773,0.553,0.395,27.0,27.0,0.1596,169.2,0.0,1,1,0.807,1.23714,1,0,0.276,1.2757,1,3.841,0.127,0.873,0.0,0.0,1.0,0.65,0.0,0.5,0.0,0.756,0.448,0.5,0.469,0.0,0.346,0.0,0,0,0.31,0.414,0.0,0.925,0.071,0.485,0.447,0.0,0.417,0.467,0.0,1.0,0.761
7159,2021.09.09 19:02:40,GBPCHFm,SWEEP_REVERSAL,BUY,3,1.26897,1.2673,1.27034,0.82,0.215,1.27007,1.27089,1.26888,0,0.248,1.773,-0.8182,1.27009,1.26879,1.27046,1.26445,1,0.0,0.55,0,1.27007,0.645,0.292,0,0.0,0.0,0.0,1.25801,6.316,0,0,0,0.959,0.6293,0.0299,0.629,0.469,0,0.729,0,0.501,1.26888,1.27161,0.11,1.744,0.0,2,0.25,0,0.729,0.662,1.744,0.38,0.373,1,1.27007,8,0.729,0.78,0.259,0.189,0.188,0.71,0.87,1.27418,1.25888,1.26132,84932.8692,431.1056,2,1.27487,0.564,0.0,0.0,0.0,0.0,0,0.45,1,2,1659,0.773,0.553,0.395,27.0,27.0,0.1616,167.1,0.0,1,1,0.807,1.23714,1,0,0.276,1.2757,1,4.028,0.127,0.873,0.0,0.0,1.0,0.24,0.0,0.5,0.0,0.479,0.604,0.5,0.532,0.0,0.274,0.0,0,0,0.332,0.76,0.0,0.91,0.048,0.373,0.446,0.0,0.425,0.429,0.0,1.0,0.983
7160,2021.09.09 19:08:40,GBPCHFm,BREAKOUT_RETEST,BUY,3,1.26932,1.26882,1.27034,2.03,0.546,1.27007,1.27089,1.26888,1,0.248,1.773,-0.6087,1.27009,1.26879,1.27046,1.26445,1,0.0,0.55,0,1.27007,0.645,0.292,0,0.0,0.0,0.0,1.25801,6.316,0,0,0,0.959,0.6293,0.0299,0.629,0.85,0,0.729,0,0.501,1.26888,1.27161,0.099,1.535,0.0,2,0.25,0,0.729,0.495,1.535,0.322,0.354,1,1.27007,8,0.729,0.801,0.145,0.189,0.188,0.71,0.87,1.27418,1.25888,1.26132,84932.8692,431.1056,2,1.27487,0.564,0.0,0.0,0.0,0.0,0,0.45,1,2,1659,0.773,0.553,0.395,27.0,27.0,0.1616,167.1,0.0,1,1,0.807,1.23714,1,0,0.276,1.2757,1,3.819,0.127,0.873,0.0,0.0,1.0,0.99,0.0,0.5,0.0,0.48,0.565,0.5,0.523,0.0,0.257,0.0,0,0,0.299,0.8,0.0,0.942,0.048,0.339,0.486,0.0,0.436,0.429,0.0,1.0,0.951
7163,2021.09.09 20:00:00,GBPCHFm,TREND_CONTINUATION,SELL,3,1.2681,1.27013,1.26388,2.08,0.428,1.26888,1.26994,1.26852,0,0.377,0.126,-0.4607,1.26866,1.26879,1.27046,1.26445,1,0.0,0.5,0,1.26888,0.677,0.332,0,0.0,0.0,1.26879,1.25801,5.974,0,0,0,0.675,-0.685,-0.0572,0.685,0.101,2,0.368,0,0.386,1.26888,1.26838,0.461,0.168,-0.3475,1,0.15,5,1.0,0.154,0.461,0.335,0.399,1,1.26888,8,0.735,0.079,0.63,0.206,0.43,0.843,0.958,1.27418,1.25888,1.26132,92977.681,8044.8118,2,1.27487,0.576,0.0,0.0,0.0,0.0,0,0.572,1,2,1660,0.773,0.551,0.392,27.0,27.0,0.1598,168.9,0.0,1,1,0.807,1.23714,1,0,0.276,1.2757,1,4.499,0.127,0.873,0.0,0.0,1.0,0.0,0.0,0.5,0.0,0.637,0.26,0.5,0.513,0.0,0.206,0.0,0,0,0.381,0.363,0.0,0.853,0.071,0.18,0.419,0.0,0.413,0.429,0.0,1.0,0.645
7164,2021.09.09 20:00:20,GBPCHFm,PULLBACK,SELL,3,1.2681,1.26891,1.26445,4.54,0.345,1.26888,1.26994,1.26852,0,0.377,0.126,-0.4607,1.26866,1.26879,1.27046,1.26445,1,0.0,0.5,0,1.26888,0.677,0.332,0,0.0,0.0,1.26879,1.25801,5.974,0,0,0,0.675,-0.685,-0.0572,0.685,0.101,0,0.668,0,0.386,1.26888,1.26838,0.461,0.168,0.0,2,0.15,0,0.668,0.2,0.461,0.435,0.322,0,1.26888,8,0.735,0.079,0.33,0.206,0.13,0.843,0.958,1.27418,1.25888,1.26132,92977.681,8044.8118,2,1.27487,0.576,0.0,0.0,0.0,0.0,0,0.572,1,2,1660,0.773,0.551,0.392,27.0,27.0,0.1598,168.9,0.0,1,1,0.807,1.23714,1,0,0.276,1.2757,1,4.499,0.127,0.873,0.0,0.0,1.0,0.0,0.0,0.5,0.0,0.693,0.272,0.5,0.558,0.0,0.207,0.0,0,0,0.387,0.597,0.0,1.0,0.071,0.303,0.414,0.0,0.435,0.429,0.0,1.0,0.8
7165,2021.09.09 20:00:20,GBPCHFm,ANCHORED_PULLBACK,SELL,3,1.2681,1.26905,1.26472,3.57,0.32,1.26888,1.26994,1.26852,0,0.377,0.126,-0.4607,1.26866,1.26879,1.27046,1.26445,1,0.0,0.5,0,1.26888,0.677,0.332,0,0.0,0.0,1.26879,1.25801,5.974,0,0,0,0.675,-0.685,-0.0572,0.685,0.101,0,0.668,0,0.386,1.26888,1.26838,0.461,0.168,0.0,2,0.15,0,0.668,0.2,0.461,0.435,0.322,0,1.26888,8,0.735,0.079,0.33,0.206,0.13,0.843,0.958,1.27418,1.25888,1.26132,92977.681,8044.8118,2,1.27487,0.576,0.0,0.0,0.0,0.0,0,0.572,1,2,1660,0.773,0.551,0.392,27.0,27.0,0.1598,168.9,0.0,1,1,0.807,1.23714,1,0,0.276,1.2757,1,4.499,0.127,0.873,0.0,0.0,1.0,0.0,0.0,0.5,0.0,0.693,0.272,0.5,0.558,0.0,0.207,0.0,0,0,0.387,0.597,0.0,1.0,0.071,0.303,0.414,0.0,0.435,0.429,0.0,1.0,0.8
7166,2021.09.09 20:00:40,GBPCHFm,BREAKOUT,SELL,3,1.26861,1.27114,1.26439,1.67,0.295,1.26888,1.26994,1.26852,1,0.377,0.126,-0.1588,1.26866,1.26879,1.27046,1.26445,1,0.0,0.5,0,1.26888,0.677,0.332,0,0.0,0.0,1.26879,1.25801,5.974,0,0,0,0.675,-0.685,-0.0572,0.685,0.23,0,0.668,0,0.386,1.26888,1.26838,0.159,0.134,0.0,2,0.15,0,0.668,0.623,1.5,0.415,0.371,1,1.26994,4,0.6,0.682,0.291,0.206,0.13,0.843,0.958,1.27418,1.25888,1.26132,92977.681,8044.8118,2,1.27487,0.576,0.0,0.0,0.0,0.0,0,0.572,1,2,1660,0.773,0.551,0.392,27.0,27.0,0.1598,168.9,0.0,1,1,0.807,1.23714,1,0,0.276,1.2757,1,4.197,0.127,0.873,0.0,0.0,1.0,0.41,0.0,0.5,0.0,0.876,0.337,0.5,0.587,0.0,0.232,0.0,0,0,0.367,0.719,0.0,0.982,0.071,0.298,0.456,0.0,0.439,0.429,0.0,1.0,0.723
7169,2021.09.09 20:54:20,GBPCHFm,MEAN_REVERSION,BUY,3,1.26869,1.26734,1.27021,1.12,0.618,1.26888,1.26994,1.26852,0,0.377,0.126,-0.2713,1.26866,1.26879,1.27046,1.26445,1,0.0,0.5,0,1.26888,0.677,0.332,0,0.0,0.0,1.26879,1.25801,5.974,0,0,0,0.675,-0.685,-0.0572,0.685,0.043,0,0.668,0,0.386,1.26888,1.26838,0.271,0.022,0.0,2,0.15,0,0.668,0.665,1.5,0.444,0.376,1,1.26994,4,0.6,0.457,0.347,0.206,0.13,0.843,0.958,1.27418,1.25888,1.26132,92977.681,8044.8118,2,1.27487,0.576,0.0,0.0,0.0,0.0,0,0.572,1,2,1660,0.773,0.551,0.392,27.0,27.0,0.1598,168.9,0.0,1,1,0.807,1.23714,1,0,0.276,1.2757,1,4.15,0.127,0.873,0.0,0.0,1.0,0.99,0.0,0.5,0.0,1.0,0.569,0.5,0.57,0.0,0.337,0.0,0,0,0.347,0.674,0.094,0.982,0.071,0.279,0.456,0.0,0.435,0.429,0.0,1.0,0.8
0,2021.09.09 21:05:00,GBPCHFm,SWEEP_REVERSAL,BUY,3,1.26961,1.26789,1.27155,1.13,0.214,1.26883,1.26943,1.26806,0,0.911,0.084,-1.1269,1.26866,1.26879,1.27046,1.26445,1,0.0,0.4,0,1.26935,0.679,0.331,0,0.0,0.0,0.0,1.25801,5.27,0,0,0,0.75,-0.545,-0.1024,0.545,0.013,0,0.793,0,0.823,1.26883,1.26729,1.127,0.231,0.0,2,0.15,0,0.793,0.639,1.425,0.448,0.459,1,1.26883,1,0.7,0.0,0.356,0.164,0.217,0.842,0.983,1.27418,1.25888,1.26132,92977.681,8044.8118,2,1.27487,0.576,0.0,0.0,0.0,0.0,0,0.572,1,2,1661,0.773,0.551,0.392,272.0,64.8,1.5781,172.4,0.0,1,1,0.807,1.23714,1,0,0.276,1.2757,1,3.533,0.127,0.873,0.0,0.0,1.0,0.0,0.0,0.5,0.0,0.374,0.528,0.5,0.559,0.0,0.338,0.0,0,0,0.32,0.356,0.0,0.906,0.071,0.371,0.306,0.0,0.435,0.429,0.0,1.0,0.738
0,2021.09.09 22:00:00,GBPCHFm,TREND_CONTINUATION,SELL,1,1.26705,1.26908,1.26283,2.08,0.462,1.26884,1.26908,1.26797,0,0.685,0.157,-1.0599,1.26866,1.26879,1.27046,1.26445,1,0.0,0.35,0,1.26884,0.674,0.431,0,0.0,0.0,0.0,1.25801,5.357,0,0,0,0.825,-0.755,-0.1614,0.755,0.305,2,0.649,3,0.53,1.26821,1.26663,0.685,0.251,-0.1576,1,0.15,0,0.649,0.428,1.06,0.404,0.312,0,1.26884,8,0.735,0.0,0.568,0.226,0.053,0.451,0.93,1.27418,1.25888,1.26132,92977.681,8044.8118,2,1.27487,0.576,0.0,0.0,0.0,0.0,0,0.572,1,2,1662,0.773,0.551,0.392,282.0,212.1,1.6708,168.8,0.0,1,1,0.807,1.23714,1,0,0.276,1.2757,1,5.125,0.127,0.873,0.0,0.0,1.0,0.12,0.0,0.5,0.372,0.325,0.34,0.5,0.461,0.0,0.333,0.0,0,0,0.367,0.445,0.0,0.972,0.1,0.186,0.331,0.0,0.437,0.429,0.0,1.0,0.684
0,2021.09.09 22:00:20,GBPCHFm,PULLBACK,SELL,1,1.26703,1.26838,1.26445,1.92,0.394,1.26884,1.26908,1.26797,0,0.685,0.157,-1.0718,1.26866,1.26879,1.27046,1.26445,1,0.0,0.35,0,1.26884,0.674,0.431,0,0.0,0.0,0.0,1.25801,5.357,0,0,0,0.825,-0.755,-0.1614,0.755,0.305,0,0.652,3,0.53,1.26821,1.26663,0.697,0.239,0.0,2,0.15,0,0.652,0.433,1.072,0.404,0.314,0,1.26884,8,0.735,0.0,0.268,0.226,0.053,0.451,0.93,1.27418,1.25888,1.26132,92977.681,8044.8118,2,1.27487,0.576,0.0,0.0,0.0,0.0,0,0.572,1,2,1662,0.773,0.551,0.392,282.0,213.8,1.6708,168.8,0.0,1,1,0.807,1.23714,1,0,0.276,1.2757,1,5.137,0.127,0.873,0.0,0.0,1.0,0.12,0.0,0.5,0.119,0.325,0.33,0.5,0.461,0.0,0.351,0.0,0,0,0.381,0.445,0.0,0.972,0.1,0.258,0.329,0.0,0.437,0.429,0.0,1.0,0.738
0,2021.09.09 22:00:40,GBPCHFm,BREAKOUT,SELL,1,1.26727,1.26838,1.26305,3.82,0.424,1.26884,1.26908,1.26797,0,0.685,0.157,-0.9296,1.26866,1.26879,1.27046,1.26445,1,0.0,0.35,0,1.26884,0.674,0.431,0,0.0,0.0,0.0,1.25801,5.357,0,0,0,0.825,-0.755,-0.1614,0.755,0.42,0,0.652,3,0.53,1.26821,1.26781,0.555,0.321,0.0,2,0.15,0,0.652,0.36,0.93,0.387,0.305,0,1.26821,2,0.55,0.0,0.234,0.226,0.053,0.451,0.91,1.27418,1.25888,1.26132,92977.681,8044.8118,2,1.27487,0.576,0.0,0.0,0.0,0.0,0,0.572,1,2,1662,0.773,0.551,0.392,282.0,215.7,1.6708,168.8,0.0,1,1,0.807,1.23714,1,0,0.276,1.2757,1,4.994,0.127,0.873,0.0,0.0,1.0,0.16,0.0,0.5,0.0,0.325,0.375,0.5,0.461,0.0,0.351,0.0,0,0,0.353,0.47,0.0,0.795,0.1,0.258,0.375,0.0,0.435,0.429,0.0,1.0,0.738
7174,2021.09.09 23:00:00,GBPCHFm,BREAKOUT_RETEST,SELL,1,1.26824,1.26873,1.26726,1.98,0.757,1.26726,1.26841,1.26639,1,0.388,0.266,0.5937,1.26866,1.26678,1.27046,1.26445,1,0.0,0.75,0,1.26726,0.662,0.107,0,0.0,0.0,1.26719,1.25801,6.226,0,0,0,0.9,-0.79,-0.2669,0.79,0.415,2,0.406,3,0.687,1.26888,1.26774,0.388,0.307,0.5546,0,0.45,2,1.0,0.319,0.594,0.538,0.385,1,1.26726,8,0.732,0.223,0.356,0.937,0.157,0.636,0.949,1.27418,1.25888,1.26132,92977.681,8044.8118,2,1.27487,0.576,0.0,0.0,0.0,0.0,0,0.572,1,2,1663,0.773,0.551,0.392,27.0,194.0,0.1643,164.4,0.0,1,1,0.807,1.23714,1,0,0.276,1.2757,1,4.539,0.127,0.873,0.0,0.0,1.0,0.99,0.0,0.5,0.0,0.581,0.478,0.5,0.43,0.0,0.614,0.0,0,0,0.388,0.453,1.0,1.0,0.1,0.608,0.562,0.0,0.393,0.429,0.0,1.0,0.747
7175,2021.09.09 23:00:20,GBPCHFm,ANCHORED_PULLBACK,BUY,1,1.26857,1.26795,1.26961,1.68,0.205,1.26726,1.26841,1.26639,1,0.388,0.266,0.6302,1.26866,1.26678,1.27046,1.26445,1,0.0,0.75,0,1.26726,0.662,0.107,0,0.0,0.0,1.26719,1.25801,6.226,0,0,0,0.9,-0.79,-0.2669,0.79,0.347,0,0.706,3,0.687,1.26888,1.26774,0.352,0.344,0.0,2,0.15,0,0.706,0.251,0.63,0.398,0.349,0,1.26726,8,0.732,0.296,0.256,0.237,0.053,0.636,0.949,1.27418,1.25888,1.26132,92977.681,8044.8118,2,1.27487,0.576,0.0,0.0,0.0,0.0,0,0.572,1,2,1663,0.773,0.551,0.392,27.0,192.2,0.1643,164.4,0.0,1,1,0.807,1.23714,1,0,0.276,1.2757,1,4.338,0.127,0.873,0.0,0.0,1.0,0.99,0.0,0.5,0.0,0.692,0.491,0.5,0.511,0.0,0.557,0.0,0,0,0.381,0.509,1.0,0.97,0.1,0.396,0.599,0.0,0.444,0.429,0.0,1.0,0.762
7177,2021.09.09 23:03:00,GBPCHFm,MEAN_REVERSION,SELL,1,1.26807,1.26857,1.26726,1.61,0.623,1.26726,1.26841,1.26639,1,0.388,0.266,0.4902,1.26866,1.26678,1.27046,1.26445,1,0.0,0.75,0,1.26726,0.662,0.107,0,0.0,0.0,1.26719,1.25801,6.226,0,0,0,0.9,-0.79,-0.2669,0.79,0.404,0,0.706,3,0.687,1.26726,1.26774,0.49,0.204,0.0,2,0.15,0,0.706,0.191,0.49,0.389,0.372,1,1.26726,8,0.732,0.02,0.239,0.237,0.053,0.878,0.949,1.27418,1.25888,1.26132,92977.681,8044.8118,2,1.27487,0.576,0.0,0.0,0.0,0.0,0,0.572,1,2,1663,0.773,0.551,0.392,27.0,163.4,0.1643,164.4,0.0,1,1,0.807,1.23714,1,0,0.276,1.2757,1,4.642,0.127,0.873,0.0,0.0,1.0,0.82,0.0,0.5,0.0,0.692,0.507,0.5,0.511,0.0,0.557,0.0,0,0,0.38,0.52,1.0,1.0,0.1,0.396,0.577,0.0,0.436,0.429,0.0,1.0,0.762
7180,2021.09.09 23:47:20,GBPCHFm,SWEEP_REVERSAL,SELL,1,1.26852,1.26904,1.26726,2.4,0.147,1.26726,1.26841,1.26639,0,0.388,0.266,0.764,1.26866,1.26678,1.27046,1.26445,1,0.0,0.75,0,1.26726,0.662,0.107,0,0.0,0.0,1.26719,1.25801,6.226,0,0,0,0.9,-0.79,-0.2669,0.79,0.178,0,0.706,3,0.687,1.26888,1.26774,0.218,0.478,0.0,2,0.15,0,0.706,0.323,0.764,0.423,0.357,1,1.26726,8,0.732,0.564,0.307,0.237,0.053,0.636,0.949,1.27418,1.25888,1.26132,92977.681,8044.8118,2,1.27487,0.576,0.0,0.0,0.0,0.0,0,0.572,1,2,1663,0.773,0.551,0.392,27.0,27.0,0.1643,164.4,0.0,1,1,0.807,1.23714,1,0,0.276,1.2757,1,4.369,0.127,0.873,0.0,0.0,1.0,0.99,0.0,0.5,0.0,1.0,0.682,0.5,0.553,0.0,0.325,0.0,0,0,0.405,0.444,0.125,0.97,0.1,0.423,0.643,0.0,0.441,0.429,0.0,1.0,0.801
7182,2021.09.10 01:00:00,GBPCHFm,BREAKOUT,BUY,1,1.26881,1.26658,1.27252,1.67,0.612,1.26716,1.26829,1.26639,0,0.126,0.527,0.9274,1.26866,1.26879,1.27046,1.26445,1,0.0,0.8,0,1.26716,0.747,0.0,1,0.0,0.0,0.0,1.25801,7.096,0,0,0,1.0,-0.685,-0.2436,0.685,0.433,0,0.686,3,0.76,1.26835,1.26782,0.126,0.486,0.1617,0,0.25,2,1.0,0.496,0.927,0.535,0.447,1,1.26716,8,0.749,0.749,0.27,0.906,0.088,0.651,0.949,1.27418,1.25888,1.26132,92149.9865,-827.6945,1,1.27487,0.558,0.0,0.0,0.0,0.0,0,0.571,1,2,1665,0.773,0.551,0.392,27.0,27.0,0.1819,148.4,0.0,1,1,0.807,1.23714,1,0,0.276,1.2757,0,4.642,0.131,0.869,0.0,1.0,0.5,0.08,0.0,0.5,0.0,0.635,0.5,0.5,0.507,0.0,0.159,0.0,0,0,0.216,0.735,0.0,1.0,0.048,0.67,0.594,0.0,0.4,0.429,0.0,1.0,0.95
7184,2021.09.10 01:03:00,GBPCHFm,MEAN_REVERSION,SELL,1,1.26847,1.26966,1.26716,1.1,0.624,1.26716,1.26829,1.26639,0,0.126,0.527,0.8802,1.26866,1.26879,1.27046,1.26445,1,0.0,0.8,0,1.26716,0.747,0.0,1,0.0,0.0,0.0,1.25801,7.096,0,0,0,1.0,-0.685,-0.2436,0.685,0.465,0,0.709,3,0.76,1.26835,1.26782,0.078,0.439,0.0,2,0.25,4,0.613,0.423,0.88,0.48,0.341,0,1.26716,8,0.749,0.843,0.26,0.206,0.088,0.651,0.949,1.27418,1.25888,1.26132,92149.9865,-827.6945,1,1.27487,0.558,0.0,0.0,0.0,0.0,0,0.571,1,2,1665,0.773,0.551,0.392,27.0,27.0,0.1819,148.4,0.0,1,1,0.807,1.23714,1,0,0.276,1.2757,0,4.871,0.131,0.869,0.0,1.0,0.5,0.06,0.0,0.5,0.0,0.604,0.483,0.5,0.461,0.0,0.13,0.0,0,0,0.201,0.625,0.0,0.9,0.048,0.331,0.629,0.0,0.41,0.429,0.0,1.0,0.84
7185,2021.09.10 01:16:40,GBPCHFm,BREAKOUT_RETEST,BUY,1,1.2684,1.26729,1.26952,1.0,0.561,1.26716,1.26829,1.26639,1,0.126,0.527,0.6512,1.26866,1.26879,1.27046,1.26445,1,0.0,0.8,0,1.26716,0.747,0.0,1,0.0,0.0,0.0,1.25801,7.096,0,0,0,1.0,-0.685,-0.2436,0.685,0.324,0,0.709,3,0.76,1.26835,1.26782,0.151,0.21,0.0,2,0.25,4,0.613,0.326,0.651,0.501,0.33,0,1.26716,8,0.749,0.699,0.303,0.206,0.088,0.651,0.949,1.27418,1.25888,1.26132,92149.9865,-827.6945,1,1.27487,0.558,0.0,0.0,0.0,0.0,0,0.571,1,2,1665,0.773,0.551,0.392,27.0,27.0,0.1819,148.4,0.0,1,1,0.807,1.23714,1,0,0.276,1.2757,0,4.918,0.131,0.869,0.0,1.0,0.5,0.0,0.0,0.5,0.0,0.432,0.351,0.5,0.444,0.0,0.228,0.0,0,0,0.313,0.624,0.0,0.9,0.062,0.063,0.58,0.0,0.404,0.429,0.0,1.0,0.803
7186,2021.09.10 02:00:00,GBPCHFm,SWEEP_REVERSAL,SELL,1,1.26848,1.26987,1.26735,0.82,0.104,1.26735,1.26831,1.26649,0,0.16,0.488,0.8157,1.26866,1.26879,1.27046,1.26445,1,0.0,0.8,0,1.26712,0.749,0.406,0,0.0,0.0,0.0,1.25801,7.526,0,0,0,1.0,-0.895,-0.156,0.895,0.835,2,0.618,3,0.89,1.26826,1.2678,0.16,0.488,-0.0575,1,0.0,0,0.618,0.318,0.98,0.325,0.417,1,1.26735,1,0.7,0.679,0.35,0.269,0.0,0.91,0.966,1.27418,1.25888,1.26132,92149.9865,-827.6945,1,1.27487,0.558,0.0,0.0,0.0,0.0,0,0.571,1,2,1666,0.773,0.551,0.392,27.0,27.0,0.194,139.1,0.0,1,1,0.807,1.23714,1,0,0.276,1.2757,0,5.189,0.131,0.869,0.0,1.0,0.5,0.73,0.0,0.5,0.0,0.383,0.581,0.5,0.574,0.0,0.409,0.0,0,0,0.384,0.813,0.0,0.99,0.071,0.009,0.595,0.0,0.458,0.429,0.0,1.0,0.868
7188,2021.09.10 03:03:00,GBPCHFm,MEAN_REVERSION,SELL,1,1.26911,1.27007,1.26829,0.85,0.605,1.26829,1.269,1.26812,0,0.178,0.998,0.6832,1.26866,1.26879,1.27046,1.26445,1,0.0,0.4,0,1.26708,0.627,0.396,0,0.0,0.0,0.0,1.25801,9.186,0,0,0,1.0,-0.755,-0.0897,0.755,0.059,2,0.632,3,0.813,1.26884,1.26906,0.228,0.046,0.0,2,0.25,0,0.632,0.743,1.685,0.441,0.399,1,1.26829,1,0.7,0.545,0.382,0.226,0.088,0.723,0.949,1.27418,1.25888,1.26132,92149.9865,-827.6945,1,1.27487,0.558,0.0,0.0,0.0,0.0,0,0.571,1,2,1667,0.773,0.551,0.392,27.0,27.0,0.2246,120.2,0.0,1,1,0.807,1.23714,1,0,0.276,1.2757,0,5.482,0.131,0.869,0.0,1.0,0.5,0.88,0.0,0.5,0.0,0.491,0.761,0.5,0.645,0.0,0.44,0.0,0,0,0.526,0.656,0.0,0.583,0.048,0.273,0.711,0.0,0.461,0.467,0.0,1.0,0.866
7191,2021.09.10 05:00:00,GBPCHFm,BREAKOUT,BUY,1,1.26972,1.26826,1.27216,1.67,0.41,1.26918,1.26968,1.26859,1,0.28,0.201,0.2804,1.26867,1.26879,1.27046,1.26445,1,0.0,0.7,0,1.26879,0.784,0.478,0,0.0,0.0,0.0,1.25801,11.719,0,0,0,0.675,0.685,0.0544,0.685,0.461,2,0.453,0,0.634,1.26918,1.26949,0.28,0.037,0.3738,0,0.45,2,1.0,0.359,0.677,0.531,0.429,1,1.26879,8,0.757,0.439,0.342,0.906,0.284,1.0,0.471,1.27418,1.25888,1.26132,95659.4791,3509.4926,2,1.27487,0.566,0.0,0.0,0.0,0.0,0,0.528,1,2,1669,0.773,0.551,0.392,27.0,27.0,0.2765,97.6,0.0,1,1,0.807,1.23714,1,0,0.276,1.2757,0,6.124,0.127,0.873,0.0,0.0,0.5,0.58,0.0,0.5,0.0,0.592,0.531,0.5,0.42,0.0,0.341,0.0,0,0,0.281,0.507,0.0,0.557,0.071,0.489,0.556,0.0,0.419,0.467,0.0,1.0,0.847
7192,2021.09.10 05:00:20,GBPCHFm,BREAKOUT_RETEST,BUY,1,1.26974,1.26935,1.27049,1.92,0.452,1.26918,1.26968,1.26859,1,0.28,0.201,0.3008,1.26867,1.26879,1.27046,1.26445,1,0.0,0.7,0,1.26879,0.784,0.478,0,0.0,0.0,0.0,1.25801,11.719,0,0,0,0.675,0.685,0.0544,0.685,0.461,0,0.753,0,0.634,1.26918,1.26949,0.301,0.017,0.0,2,0.15,0,0.753,0.266,0.698,0.381,0.401,1,1.26918,1,0.7,0.398,0.222,0.206,0.179,1.0,0.471,1.27418,1.25888,1.26132,95659.4791,3509.4926,2,1.27487,0.566,0.0,0.0,0.0,0.0,0,0.528,1,2,1669,0.773,0.551,0.392,27.0,27.0,0.2765,97.6,0.0,1,1,0.807,1.23714,1,0,0.276,1.2757,0,6.104,0.127,0.873,0.0,0.0,0.5,0.62,0.0,0.5,0.0,0.704,0.553,0.5,0.518,0.0,0.298,0.0,0,0,0.306,0.586,0.0,0.672,0.071,0.302,0.589,0.0,0.48,0.467,0.0,1.0,0.859
7193,2021.09.10 05:00:20,GBPCHFm,PULLBACK,BUY,1,1.26974,1.26935,1.27073,2.52,0.514,1.26918,1.26968,1.26859,1,0.28,0.201,0.3008,1.26867,1.26879,1.27046,1.26445,1,0.0,0.7,0,1.26879,0.784,0.478,0,0.0,0.0,0.0,1.25801,11.719,0,0,0,0.675,0.685,0.0544,0.685,0.461,0,0.753,0,0.634,1.26918,1.26949,0.301,0.017,0.0,2,0.15,0,0.753,0.266,0.698,0.381,0.401,1,1.26918,1,0.7,0.398,0.222,0.206,0.179,1.0,0.471,1.27418,1.25888,1.26132,95659.4791,3509.4926,2,1.27487,0.566,0.0,0.0,0.0,0.0,0,0.528,1,2,1669,0.773,0.551,0.392,27.0,27.0,0.2765,97.6,0.0,1,1,0.807,1.23714,1,0,0.276,1.2757,0,6.104,0.127,0.873,0.0,0.0,0.5,0.62,0.0,0.5,0.0,0.704,0.553,0.5,0.518,0.0,0.298,0.0,0,0,0.306,0.586,0.0,0.672,0.071,0.302,0.589,0.0,0.48,0.467,0.0,1.0,0.859
7194,2021.09.10 05:00:40,GBPCHFm,TREND_CONTINUATION,BUY,1,1.26972,1.26855,1.27216,2.08,0.428,1.26918,1.26968,1.26859,1,0.28,0.201,0.2804,1.26867,1.26879,1.27046,1.26445,1,0.0,0.7,0,1.26879,0.784,0.478,0,0.0,0.0,0.0,1.25801,11.719,0,0,0,0.675,0.685,0.0544,0.685,0.461,0,0.753,0,0.634,1.26918,1.26949,0.28,0.037,0.0,2,0.15,0,0.753,0.258,0.677,0.381,0.4,1,1.26879,8,0.757,0.439,0.222,0.206,0.179,1.0,0.471,1.27418,1.25888,1.26132,95659.4791,3509.4926,2,1.27487,0.566,0.0,0.0,0.0,0.0,0,0.528,1,2,1669,0.773,0.551,0.392,27.0,27.0,0.2765,97.6,0.0,1,1,0.807,1.23714,1,0,0.276,1.2757,0,6.124,0.127,0.873,0.0,0.0,0.5,0.58,0.0,0.5,0.0,0.704,0.529,0.5,0.5,0.0,0.286,0.0,0,0,0.282,0.586,0.0,0.672,0.071,0.302,0.585,0.0,0.48,0.467,0.0,1.0,0.819
7199,2021.09.10 05:05:00,GBPCHFm,MEAN_REVERSION,SELL,1,1.26941,1.26978,1.26879,1.69,0.659,1.26918,1.26968,1.26859,1,0.28,0.201,0.2394,1.26867,1.26879,1.27046,1.26445,1,0.0,0.7,0,1.26879,0.784,0.478,0,0.0,0.0,0.0,1.25801,11.719,0,0,0,0.675,0.685,0.0544,0.685,0.448,0,0.753,0,0.634,1.26918,1.26949,0.239,0.078,0.0,2,0.15,0,0.753,0.244,0.636,0.383,0.398,1,1.26879,8,0.757,0.521,0.226,0.206,0.179,1.0,0.471,1.27418,1.25888,1.26132,95659.4791,3509.4926,2,1.27487,0.566,0.0,0.0,0.0,0.0,0,0.528,1,2,1669,0.773,0.551,0.392,27.0,27.0,0.2765,97.6,0.0,1,1,0.807,1.23714,1,0,0.276,1.2757,0,6.442,0.127,0.873,0.0,0.0,0.5,0.49,0.0,0.5,0.0,0.459,0.542,0.5,0.515,0.0,0.315,0.0,0,0,0.306,0.584,0.0,0.672,0.071,0.302,0.578,0.0,0.482,0.467,0.0,1.0,0.819
7202,2021.09.10 06:58:40,GBPCHFm,SWEEP_REVERSAL,SELL,1,1.27038,1.27127,1.26914,1.39,0.207,1.26914,1.26925,1.26846,0,0.06,0.221,1.3879,1.26858,1.26879,1.27113,1.26511,1,0.0,0.55,0,1.26879,0.712,0.7,0,0.0,0.0,1.26857,1.25801,12.442,0,0,0,0.5,0.72,0.1672,0.72,0.361,2,0.601,0,0.803,1.26914,1.26929,1.388,1.227,0.0,2,0.15,0,0.601,0.708,1.789,0.396,0.436,1,1.26914,1,0.7,0.0,0.252,0.216,0.213,1.0,0.75,1.27418,1.25888,1.26132,95659.4791,3509.4926,2,1.27487,0.566,0.0,0.0,0.0,0.0,0,0.528,1,2,1670,0.769,0.553,0.388,27.0,27.0,0.3031,89.1,0.0,1,1,0.807,1.23714,1,0,0.276,1.2757,0,5.973,0.127,0.873,0.0,0.0,0.5,0.99,0.0,0.5,0.644,0.325,0.627,0.5,0.477,0.0,0.679,0.0,0,0,0.491,0.568,0.0,0.224,0.071,0.405,0.866,0.0,0.502,0.429,0.0,1.0,0.857
7203,2021.09.10 07:00:00,GBPCHFm,BREAKOUT,BUY,1,1.27067,1.26937,1.27303,1.81,0.427,1.26909,1.26946,1.26871,0,1.28,0.074,1.3928,1.26892,1.26879,1.27113,1.26511,1,0.0,0.35,0,1.26909,0.591,0.367,0,0.0,0.0,1.269,1.25801,13.134,0,0,0,0.825,0.58,0.2156,0.58,0.048,0,0.781,1,0.368,1.26903,1.27052,1.449,0.131,-0.0435,2,0.4,1,0.73,0.424,1.449,0.293,0.316,0,1.26909,8,0.718,0.0,0.445,0.174,0.14,0.787,0.986,1.27418,1.25888,1.26132,95659.4791,3509.4926,2,1.27487,0.566,0.0,0.0,0.0,0.0,0,0.528,1,2,1671,0.769,0.553,0.388,27.0,27.0,0.2861,94.4,0.0,1,1,0.807,1.23714,1,0,0.276,1.2757,0,5.331,0.127,0.873,0.0,0.0,0.5,0.95,0.0,0.5,0.0,0.299,0.706,0.5,0.542,0.0,0.748,0.0,0,0,0.586,0.253,0.0,0.111,0.071,0.443,0.815,0.0,0.464,0.4,0.0,1.0,0.794
7204,2021.09.10 07:00:40,GBPCHFm,TREND_CONTINUATION,BUY,1,1.271,1.26937,1.27336,1.45,0.464,1.26909,1.26946,1.26871,0,1.28,0.074,1.7426,1.26892,1.26879,1.27113,1.26511,1,0.0,0.35,0,1.26909,0.591,0.367,0,0.0,0.0,1.269,1.25801,13.134,0,0,0,0.825,0.58,0.2156,0.58,0.023,0,0.818,1,0.368,1.26903,1.27052,1.799,0.219,0.0,2,0.4,0,0.818,0.803,1.799,0.447,0.383,1,1.26909,8,0.718,0.0,0.453,0.174,0.14,0.787,0.986,1.27418,1.25888,1.26132,95659.4791,3509.4926,2,1.27487,0.566,0.0,0.0,0.0,0.0,0,0.528,1,2,1671,0.769,0.553,0.388,27.0,27.0,0.2861,94.4,0.0,1,1,0.807,1.23714,1,0,0.276,1.2757,0,4.981,0.127,0.873,0.0,0.0,0.5,0.99,0.0,0.5,0.0,0.374,0.74,0.5,0.677,0.0,0.786,0.0,0,0,0.662,0.313,0.0,0.093,0.071,0.35,0.878,0.0,0.502,0.4,0.0,1.0,0.873
7207,2021.09.10 07:05:00,GBPCHFm,MEAN_REVERSION,SELL,1,1.27034,1.27109,1.26909,1.66,0.683,1.26909,1.26946,1.26871,0,1.28,0.074,1.3293,1.26892,1.26879,1.27113,1.26511,1,0.0,0.35,0,1.26909,0.591,0.367,0,0.0,0.0,1.269,1.25801,13.134,0,0,0,0.825,0.58,0.2156,0.58,0.048,0,0.818,1,0.368,1.26903,1.27052,1.386,0.194,0.0,2,0.4,0,0.818,0.614,1.386,0.443,0.36,1,1.26909,8,0.718,0.0,0.445,0.174,0.14,0.787,0.986,1.27418,1.25888,1.26132,95659.4791,3509.4926,2,1.27487,0.566,0.0,0.0,0.0,0.0,0,0.528,1,2,1671,0.769,0.553,0.388,27.0,27.0,0.2861,94.4,0.0,1,1,0.807,1.23714,1,0,0.276,1.2757,0,5.681,0.127,0.873,0.0,0.0,0.5,0.67,0.0,0.5,0.0,0.374,0.642,0.5,0.759,0.0,0.642,0.0,0,0,0.57,0.318,0.0,0.139,0.071,0.404,0.875,0.0,0.498,0.4,0.0,1.0,0.873
7208,2021.09.10 07:16:40,GBPCHFm,PULLBACK,BUY,1,1.26992,1.26937,1.27074,1.49,0.379,1.26909,1.26946,1.26871,0,1.28,0.074,0.598,1.26892,1.26879,1.27113,1.26511,1,0.0,0.35,0,1.26909,0.591,0.367,0,0.0,0.0,1.269,1.25801,13.134,0,0,0,0.825,0.58,0.2156,0.58,0.491,0,0.818,1,0.368,1.26903,1.2701,0.654,0.474,0.0,2,0.4,0,0.818,0.246,0.654,0.376,0.318,0,1.26909,8,0.718,0.0,0.313,0.174,0.14,0.787,0.978,1.27418,1.25888,1.26132,95659.4791,3509.4926,2,1.27487,0.566,0.0,0.0,0.0,0.0,0,0.528,1,2,1671,0.769,0.553,0.388,27.0,27.0,0.2861,94.4,0.0,1,1,0.807,1.23714,1,0,0.276,1.2757,0,6.126,0.127,0.873,0.0,0.0,0.5,0.0,0.0,0.5,0.0,0.325,0.499,0.5,0.571,0.0,0.685,0.0,0,0,0.446,0.41,0.0,0.37,0.071,0.404,0.748,0.0,0.498,0.467,0.0,1.0,0.867
7209,2021.09.10 07:17:40,GBPCHFm,ANCHORED_PULLBACK,BUY,1,1.2699,1.26872,1.27152,1.37,0.181,1.26909,1.26946,1.26871,0,1.28,0.074,0.5768,1.26892,1.26879,1.27113,1.26511,1,0.0,0.35,0,1.26909,0.591,0.367,0,0.0,0.0,1.269,1.25801,13.134,0,0,0,0.825,0.58,0.2156,0.58,0.491,0,0.818,1,0.368,1.26903,1.2701,0.633,0.495,0.0,2,0.4,0,0.818,0.238,0.633,0.376,0.317,0,1.26909,8,0.718,0.0,0.313,0.174,0.14,0.787,0.978,1.27418,1.25888,1.26132,95659.4791,3509.4926,2,1.27487,0.566,0.0,0.0,0.0,0.0,0,0.528,1,2,1671,0.769,0.553,0.388,27.0,27.0,0.2861,94.4,0.0,1,1,0.807,1.23714,1,0,0.276,1.2757,0,6.147,0.127,0.873,0.0,0.0,0.5,0.0,0.0,0.5,0.0,0.325,0.499,0.5,0.571,0.0,0.685,0.0,0,0,0.446,0.41,0.0,0.37,0.071,0.404,0.744,0.0,0.498,0.467,0.0,1.0,0.862
7214,2021.09.10 08:34:40,GBPCHFm,BREAKOUT_RETEST,BUY,2,1.27031,1.26927,1.27179,1.42,0.534,1.26909,1.2706,1.26876,1,0.127,0.404,0.9959,1.26993,1.26879,1.27113,1.26578,1,0.0,0.7,0,1.27028,0.643,0.0,1,0.0,0.0,1.2709,1.25801,13.309,0,0,0,0.9,0.79,0.3296,0.79,0.233,2,0.52,3,0.481,1.26962,1.27001,0.443,0.029,0.0,2,0.0,4,0.556,0.513,0.996,0.515,0.343,0,1.26962,2,0.55,0.113,0.23,0.237,0.0,0.673,0.813,1.27418,1.25888,1.26132,91044.7761,-4614.703,1,1.27566,0.554,0.0,0.0,0.0,0.0,0,0.448,1,2,1672,0.769,0.553,0.388,27.0,27.0,0.2836,95.2,0.0,1,1,0.807,1.23714,1,0,0.276,1.2757,0,5.661,0.152,0.848,0.0,1.0,0.5,0.0,0.0,0.5,0.0,0.331,0.3,0.5,0.442,0.0,0.553,0.0,0,0,0.474,0.637,0.0,0.528,0.071,0.819,0.542,0.0,0.438,0.467,0.0,1.0,0.869
7216,2021.09.10 09:01:40,GBPCHFm,BREAKOUT,BUY,2,1.27101,1.27046,1.27173,1.32,0.275,1.27076,1.27146,1.26944,1,0.131,0.477,-0.0214,1.27027,1.26879,1.27113,1.26578,1,0.0,0.65,0,1.27076,0.75,0.575,0,0.0,0.0,1.2704,1.25801,11.84,0,0,0,0.65,0.65,0.3158,0.65,0.853,2,0.628,3,0.479,1.27068,1.27146,0.055,0.705,0.0,2,0.25,0,0.628,0.227,0.705,0.322,0.319,0,1.27146,4,0.6,0.891,0.144,0.195,0.088,0.906,0.858,1.27418,1.25888,1.26132,91044.7761,-4614.703,1,1.27566,0.554,0.0,0.0,0.0,0.0,0,0.448,1,2,1673,0.769,0.553,0.388,27.0,27.0,0.263,102.6,0.0,1,1,0.807,1.23714,1,0,0.276,1.2757,0,4.569,0.152,0.848,0.0,1.0,0.5,0.85,0.0,0.5,0.0,0.835,0.52,0.5,0.483,0.0,0.344,0.0,0,0,0.295,0.8,0.0,0.284,0.1,0.962,0.544,0.0,0.497,0.467,0.0,1.0,0.866
7218,2021.09.10 09:12:40,GBPCHFm,TREND_CONTINUATION,BUY,2,1.26984,1.26861,1.27241,2.08,0.4,1.27076,1.27146,1.26944,1,0.131,0.477,-1.1613,1.27027,1.26879,1.27113,1.26578,1,0.0,0.65,0,1.27076,0.75,0.575,0,0.0,0.0,1.2704,1.25801,11.84,0,0,0,0.65,0.65,0.3158,0.65,0.146,2,0.628,3,0.479,1.26905,1.26951,0.511,0.055,0.0,2,0.25,0,0.628,0.497,1.161,0.428,0.349,0,1.26905,2,0.55,0.0,0.356,0.195,0.088,0.893,0.78,1.27418,1.25888,1.26132,91044.7761,-4614.703,1,1.27566,0.554,0.0,0.0,0.0,0.0,0,0.448,1,2,1673,0.769,0.553,0.388,27.0,27.0,0.263,102.6,0.0,1,1,0.807,1.23714,1,0,0.276,1.2757,0,5.709,0.152,0.848,0.0,1.0,0.5,0.0,0.0,0.5,0.72,0.777,0.275,0.5,0.452,0.0,0.237,0.0,0,0,0.365,0.618,0.0,0.586,0.1,0.849,0.462,0.0,0.48,0.467,0.0,1.0,0.898
7219,2021.09.10 09:12:59,GBPCHFm,MEAN_REVERSION,BUY,2,1.26984,1.26902,1.27103,1.45,0.598,1.27076,1.27146,1.26944,1,0.131,0.477,-1.1613,1.27027,1.26879,1.27113,1.26578,1,0.0,0.65,0,1.27076,0.75,0.575,0,0.0,0.0,1.2704,1.25801,11.84,0,0,0,0.65,0.65,0.3158,0.65,0.146,2,0.628,3,0.479,1.26905,1.26951,0.511,0.055,0.0,2,0.25,0,0.628,0.497,1.161,0.428,0.349,0,1.26905,2,0.55,0.0,0.356,0.195,0.088,0.893,0.78,1.27418,1.25888,1.26132,91044.7761,-4614.703,1,1.27566,0.554,0.0,0.0,0.0,0.0,0,0.448,1,2,1673,0.769,0.553,0.388,27.0,27.0,0.263,102.6,0.0,1,1,0.807,1.23714,1,0,0.276,1.2757,0,5.709,0.152,0.848,0.0,1.0,0.5,0.0,0.0,0.5,0.36,0.777,0.267,0.5,0.452,0.0,0.237,0.0,0,0,0.37,0.618,0.0,0.586,0.1,0.849,0.462,0.0,0.48,0.467,0.0,1.0,0.898
7222,2021.09.10 09:13:20,GBPCHFm,SWEEP_REVERSAL,BUY,2,1.2696,1.26857,1.27103,1.4,0.186,1.27076,1.27146,1.26944,0,0.131,0.477,-1.3951,1.27027,1.26879,1.27113,1.26578,1,0.0,0.65,0,1.27076,0.75,0.575,0,0.0,0.0,1.2704,1.25801,11.84,0,0,0,0.65,0.65,0.3158,0.65,0.272,2,0.628,3,0.479,1.26905,1.26951,0.277,0.179,0.0,2,0.25,0,0.628,0.571,1.395,0.409,0.358,1,1.27076,8,0.75,0.447,0.318,0.195,0.088,0.893,0.78,1.27418,1.25888,1.26132,91044.7761,-4614.703,1,1.27566,0.554,0.0,0.0,0.0,0.0,0,0.448,1,2,1673,0.769,0.553,0.388,27.0,27.0,0.263,102.6,0.0,1,1,0.807,1.23714,1,0,0.276,1.2757,0,5.943,0.152,0.848,0.0,1.0,0.5,0.0,0.0,0.5,0.087,0.563,0.268,0.5,0.476,0.0,0.272,0.0,0,0,0.391,0.619,0.0,0.586,0.1,0.935,0.465,0.0,0.468,0.467,0.0,1.0,0.977
7224,2021.09.10 09:16:40,GBPCHFm,PULLBACK,BUY,2,1.27004,1.2696,1.2714,3.11,0.488,1.27076,1.27146,1.26944,1,0.131,0.477,-0.9665,1.27027,1.26879,1.27113,1.26578,1,0.0,0.65,0,1.27076,0.75,0.575,0,0.0,0.0,1.2704,1.25801,11.84,0,0,0,0.65,0.65,0.3158,0.65,0.24,2,0.628,3,0.479,1.27029,1.26951,0.511,0.249,0.0,2,0.25,0,0.628,0.4,0.966,0.414,0.34,0,1.26944,5,0.6,0.0,0.328,0.195,0.088,0.909,0.78,1.27418,1.25888,1.26132,91044.7761,-4614.703,1,1.27566,0.554,0.0,0.0,0.0,0.0,0,0.448,1,2,1673,0.769,0.553,0.388,27.0,27.0,0.263,102.6,0.0,1,1,0.807,1.23714,1,0,0.276,1.2757,0,5.514,0.152,0.848,0.0,1.0,0.5,0.1,0.0,0.5,0.0,0.594,0.377,0.5,0.455,0.0,0.236,0.0,0,0,0.304,0.636,0.0,0.361,0.1,0.774,0.48,0.0,0.477,0.467,0.0,1.0,0.898
7226,2021.09.10 09:33:40,GBPCHFm,ANCHORED_PULLBACK,SELL,2,1.26999,1.2704,1.26944,1.36,0.325,1.27076,1.27146,1.26944,1,0.131,0.477,-0.7521,1.27027,1.26879,1.27113,1.26578,1,0.0,0.65,0,1.27076,0.75,0.575,0,0.0,0.0,1.2704,1.25801,11.84,0,0,0,0.65,0.65,0.3158,0.65,0.23,2,0.628,3,0.479,1.27029,1.26951,0.296,0.464,0.0,2,0.25,0,0.628,0.313,0.752,0.416,0.33,0,1.27076,8,0.75,0.408,0.331,0.195,0.088,0.909,0.78,1.27418,1.25888,1.26132,91044.7761,-4614.703,1,1.27566,0.554,0.0,0.0,0.0,0.0,0,0.448,1,2,1673,0.769,0.553,0.388,27.0,27.0,0.263,102.6,0.0,1,1,0.807,1.23714,1,0,0.276,1.2757,0,5.563,0.152,0.848,0.0,1.0,0.5,0.99,0.0,0.5,0.864,0.703,0.444,0.5,0.503,0.0,0.297,0.0,0,0,0.303,0.73,0.0,0.677,0.1,0.776,0.434,0.0,0.477,0.467,0.0,1.0,0.898
7228,2021.09.10 11:01:40,GBPCHFm,BREAKOUT,BUY,2,1.27309,1.27096,1.27605,1.39,0.493,1.27041,1.27151,1.26972,0,1.901,0.119,2.0349,1.27105,1.26691,1.27128,1.2659,0,0.0,0.45,0,1.27041,0.789,0.238,0,0.0,0.0,1.27306,1.25801,12.733,0,0,1,1.0,0.895,0.3329,0.895,0.534,2,0.639,1,0.219,1.27051,1.2732,1.951,0.322,0.0,2,0.15,0,0.639,0.753,2.035,0.37,0.37,1,1.27041,8,0.758,0.0,0.2,0.269,0.053,0.94,0.92,1.27418,1.25888,1.26132,91044.7761,-4614.703,1,1.27566,0.554,0.0,0.0,0.0,0.0,0,0.448,1,2,1675,0.769,0.553,0.388,27.0,27.0,0.2284,118.2,0.0,1,1,0.807,1.23714,1,0,0.276,1.2757,0,2.208,0.152,0.848,0.0,1.0,0.5,0.29,0.0,0.5,0.0,0.801,0.581,0.5,0.436,0.0,0.493,0.0,0,0,0.377,0.352,0.121,0.428,0.1,0.647,0.435,0.0,0.461,0.467,0.0,1.0,0.875
7230,2021.09.10 11:12:59,GBPCHFm,MEAN_REVERSION,SELL,2,1.27258,1.27353,1.27041,2.29,0.587,1.27041,1.27151,1.26972,0,1.901,0.119,1.8318,1.27105,1.26691,1.27128,1.2659,0,0.0,0.45,0,1.27041,0.789,0.238,0,0.0,0.0,1.27306,1.25801,12.733,0,0,1,1.0,0.895,0.3329,0.895,0.219,2,0.639,1,0.219,1.27051,1.27211,1.748,0.401,0.0,2,0.15,0,0.639,0.764,1.832,0.417,0.371,1,1.27041,8,0.758,0.0,0.294,0.269,0.053,0.94,0.895,1.27418,1.25888,1.26132,91044.7761,-4614.703,1,1.27566,0.554,0.0,0.0,0.0,0.0,0,0.448,1,2,1675,0.769,0.553,0.388,27.0,27.0,0.2284,118.2,0.0,1,1,0.807,1.23714,1,0,0.276,1.2757,0,2.639,0.152,0.848,0.0,1.0,0.5,0.27,0.0,0.5,0.0,1.0,0.286,0.5,0.484,0.0,0.492,0.0,0,0,0.471,0.279,0.153,0.428,0.1,0.647,0.862,0.0,0.461,0.467,0.0,1.0,0.875
7231,2021.09.10 11:13:20,GBPCHFm,SWEEP_REVERSAL,SELL,2,1.27253,1.27371,1.27041,1.79,0.15,1.27041,1.27151,1.26972,0,1.901,0.119,1.7895,1.27105,1.26691,1.27128,1.2659,0,0.0,0.45,0,1.27041,0.789,0.238,0,0.0,0.0,1.27306,1.25801,12.733,0,0,1,1.0,0.895,0.3329,0.895,0.219,2,0.639,1,0.219,1.27051,1.27211,1.705,0.359,0.0,2,0.15,0,0.639,0.746,1.79,0.417,0.369,1,1.27041,8,0.758,0.0,0.294,0.269,0.053,0.94,0.895,1.27418,1.25888,1.26132,91044.7761,-4614.703,1,1.27566,0.554,0.0,0.0,0.0,0.0,0,0.448,1,2,1675,0.769,0.553,0.388,27.0,27.0,0.2284,118.2,0.0,1,1,0.807,1.23714,1,0,0.276,1.2757,0,2.682,0.152,0.848,0.0,1.0,0.5,0.18,0.0,0.5,0.0,1.0,0.298,0.5,0.484,0.0,0.492,0.0,0,0,0.463,0.279,0.153,0.428,0.1,0.647,0.862,0.0,0.461,0.467,0.0,1.0,0.875
7232,2021.09.10 11:13:40,GBPCHFm,TREND_CONTINUATION,BUY,2,1.27288,1.27096,1.27584,1.54,0.556,1.27041,1.27151,1.26972,0,1.901,0.119,1.8572,1.27105,1.26691,1.27128,1.2659,0,0.0,0.45,0,1.27041,0.789,0.238,0,0.0,0.0,1.27306,1.25801,12.733,0,0,1,1.0,0.895,0.3329,0.895,0.219,2,0.639,1,0.219,1.27051,1.27211,1.773,0.426,0.0,2,0.15,0,0.639,0.775,1.857,0.417,0.373,1,1.27041,8,0.758,0.0,0.294,0.269,0.053,0.94,0.895,1.27418,1.25888,1.26132,91044.7761,-4614.703,1,1.27566,0.554,0.0,0.0,0.0,0.0,0,0.448,1,2,1675,0.769,0.553,0.388,27.0,27.0,0.2284,118.2,0.0,1,1,0.807,1.23714,1,0,0.276,1.2757,0,2.385,0.152,0.848,0.0,1.0,0.5,0.35,0.0,0.5,0.0,1.0,0.325,0.5,0.444,0.0,0.451,0.0,0,0,0.419,0.279,0.139,0.428,0.1,0.647,0.435,0.0,0.461,0.467,0.0,1.0,0.875
7234,2021.09.10 11:16:40,GBPCHFm,PULLBACK,BUY,2,1.27296,1.27096,1.27651,1.78,0.475,1.27041,1.27151,1.26972,0,1.901,0.119,1.9249,1.27105,1.26691,1.27128,1.2659,0,0.0,0.45,0,1.27041,0.789,0.238,0,0.0,0.0,1.27306,1.25801,12.733,0,0,1,1.0,0.895,0.3329,0.895,0.219,2,0.639,1,0.219,1.27051,1.2732,1.841,0.432,0.0,2,0.15,0,0.639,0.803,1.925,0.417,0.376,1,1.27041,8,0.758,0.0,0.294,0.269,0.053,0.94,0.92,1.27418,1.25888,1.26132,91044.7761,-4614.703,1,1.27566,0.554,0.0,0.0,0.0,0.0,0,0.448,1,2,1675,0.769,0.553,0.388,27.0,27.0,0.2284,118.2,0.0,1,1,0.807,1.23714,1,0,0.276,1.2757,0,2.318,0.152,0.848,0.0,1.0,0.5,0.58,0.0,0.5,0.0,1.0,0.276,0.5,0.461,0.0,0.409,0.0,0,0,0.436,0.279,0.295,0.428,0.1,0.647,0.435,0.0,0.461,0.467,0.0,1.0,0.875
7236,2021.09.10 11:33:40,GBPCHFm,ANCHORED_PULLBACK,BUY,2,1.27306,1.2719,1.27544,2.04,0.447,1.27041,1.27151,1.26972,0,1.901,0.119,2.0095,1.27105,1.26691,1.27128,1.2659,0,0.0,0.45,0,1.27041,0.789,0.238,0,0.0,0.0,1.27306,1.25801,12.733,0,0,1,1.0,0.895,0.3329,0.895,0.534,2,0.639,1,0.219,1.27051,1.2732,1.925,0.347,0.0,2,0.15,0,0.639,0.743,2.009,0.37,0.369,1,1.27041,8,0.758,0.0,0.2,0.269,0.053,0.94,0.92,1.27418,1.25888,1.26132,91044.7761,-4614.703,1,1.27566,0.554,0.0,0.0,0.0,0.0,0,0.448,1,2,1675,0.769,0.553,0.388,27.0,27.0,0.2284,118.2,0.0,1,1,0.807,1.23714,1,0,0.276,1.2757,0,2.233,0.152,0.848,0.0,1.0,0.5,0.24,0.0,0.5,0.0,1.0,0.532,0.5,0.44,0.0,0.435,0.0,0,0,0.325,0.352,0.03,0.428,0.1,0.647,0.435,0.0,0.461,0.467,0.0,1.0,0.875
7240,2021.09.10 12:00:00,GBPCHFm,BREAKOUT_RETEST,BUY,2,1.27361,1.27315,1.27537,3.81,0.824,1.27279,1.27352,1.27037,1,0.297,0.839,0.4776,1.27013,1.26708,1.27081,1.26606,0,0.0,0.75,2,1.27279,0.64,0.199,0,0.0,0.0,1.27265,1.25801,13.193,0,0,1,1.0,0.93,0.3894,0.93,0.106,1,0.155,3,0.632,1.27289,1.27341,0.387,0.065,1.1694,0,0.3,2,1.0,0.279,0.478,0.584,0.435,1,1.27279,8,0.728,0.226,0.388,0.979,0.105,0.947,0.921,1.27418,1.25888,1.2615,94525.2512,3480.4751,2,1.27566,0.563,0.0,0.0,0.0,0.0,0,0.616,1,2,1676,0.769,0.553,0.388,27.0,27.0,0.2323,116.2,0.0,1,1,0.807,1.23714,1,0,0.276,1.2757,0,1.798,0.125,0.875,0.0,0.0,0.5,0.8,0.0,0.5,0.0,0.731,0.635,0.5,0.477,0.0,0.349,0.0,0,0,0.364,0.411,0.0,0.18,0.087,1.0,0.65,0.0,0.424,0.467,0.0,1.0,1.067
7242,2021.09.10 13:01:40,GBPCHFm,BREAKOUT,BUY,4,1.27385,1.27315,1.27684,4.24,0.424,1.27279,1.27352,1.27163,0,0.339,1.217,0.6649,1.27013,1.26872,1.27096,1.26585,0,0.0,0.45,2,1.27279,0.7,0.762,0,0.0,0.0,1.27272,1.25801,12.873,0,0,1,0.8,0.79,0.4074,0.79,0.131,0,0.655,2,0.308,1.27268,1.27184,0.753,1.455,0.0,2,0.25,0,0.735,0.626,1.455,0.43,0.336,0,1.27279,8,0.74,0.0,0.361,0.237,0.088,0.624,0.933,1.27418,1.25888,1.2615,94525.2512,3480.4751,2,1.27566,0.563,0.0,0.0,0.0,0.0,0,0.616,1,2,1677,0.769,0.553,0.388,27.0,27.0,0.2258,119.6,0.0,1,1,0.807,1.23714,1,0,0.276,1.2757,0,1.547,0.125,0.875,0.0,0.0,0.5,0.99,0.0,0.5,0.0,0.345,0.752,0.5,0.51,0.0,0.382,0.0,0,0,0.457,0.497,0.0,0.145,0.067,0.489,0.866,0.0,0.465,0.467,0.0,1.0,1.024
7244,2021.09.10 13:13:40,GBPCHFm,TREND_CONTINUATION,BUY,4,1.2727,1.27127,1.27569,2.08,0.449,1.27279,1.27352,1.27163,1,0.339,1.217,-0.2969,1.27013,1.26872,1.27096,1.26585,0,0.0,0.45,2,1.27279,0.7,0.762,0,0.0,0.0,1.27272,1.25801,12.873,0,0,1,0.8,0.79,0.4074,0.79,0.198,0,0.655,2,0.308,1.27268,1.27184,0.209,0.493,0.0,2,0.25,0,0.735,0.207,0.493,0.42,0.287,0,1.27163,5,0.6,0.582,0.341,0.237,0.088,0.624,0.933,1.27418,1.25888,1.2615,94525.2512,3480.4751,2,1.27566,0.563,0.0,0.0,0.0,0.0,0,0.616,1,2,1677,0.769,0.553,0.388,27.0,27.0,0.2258,119.6,0.0,1,1,0.807,1.23714,1,0,0.276,1.2757,0,2.509,0.125,0.875,0.0,0.0,0.5,0.0,0.0,0.5,0.0,0.436,0.509,0.5,0.519,0.0,0.401,0.0,0,0,0.322,0.74,0.806,0.628,0.067,0.508,0.46,0.0,0.46,0.467,0.0,1.0,0.941
7245,2021.09.10 13:17:40,GBPCHFm,PULLBACK,BUY,4,1.27236,1.27178,1.27306,1.2,0.534,1.27279,1.27352,1.27163,1,0.339,1.217,-0.5812,1.27013,1.26872,1.27096,1.26585,0,0.0,0.45,2,1.27279,0.7,0.762,0,0.0,0.0,1.27272,1.25801,12.873,0,0,1,0.8,0.79,0.4074,0.79,0.083,0,0.655,2,0.308,1.27268,1.27184,0.493,0.209,0.0,2,0.25,0,0.735,0.254,0.581,0.438,0.292,0,1.27279,8,0.74,0.013,0.375,0.237,0.088,0.624,0.933,1.27418,1.25888,1.2615,94525.2512,3480.4751,2,1.27566,0.563,0.0,0.0,0.0,0.0,0,0.616,1,2,1677,0.769,0.553,0.388,27.0,27.0,0.2258,119.6,0.0,1,1,0.807,1.23714,1,0,0.276,1.2757,0,2.793,0.125,0.875,0.0,0.0,0.5,0.0,0.0,0.5,0.0,0.414,0.422,0.5,0.502,0.0,0.453,0.0,0,0,0.378,0.526,0.806,0.387,0.067,0.462,0.65,0.0,0.46,0.467,0.0,1.0,0.941
7246,2021.09.10 13:17:59,GBPCHFm,MEAN_REVERSION,BUY,4,1.27236,1.27178,1.27306,1.2,0.578,1.27279,1.27352,1.27163,1,0.339,1.217,-0.5812,1.27013,1.26872,1.27096,1.26585,0,0.0,0.45,2,1.27279,0.7,0.762,0,0.0,0.0,1.27272,1.25801,12.873,0,0,1,0.8,0.79,0.4074,0.79,0.083,0,0.655,2,0.308,1.27268,1.27184,0.493,0.209,0.0,2,0.25,0,0.735,0.254,0.581,0.438,0.292,0,1.27279,8,0.74,0.013,0.375,0.237,0.088,0.624,0.933,1.27418,1.25888,1.2615,94525.2512,3480.4751,2,1.27566,0.563,0.0,0.0,0.0,0.0,0,0.616,1,2,1677,0.769,0.553,0.388,27.0,27.0,0.2258,119.6,0.0,1,1,0.807,1.23714,1,0,0.276,1.2757,0,2.793,0.125,0.875,0.0,0.0,0.5,0.0,0.0,0.5,0.0,0.414,0.416,0.5,0.502,0.0,0.453,0.0,0,0,0.382,0.526,0.806,0.387,0.067,0.462,0.65,0.0,0.46,0.467,0.0,1.0,0.941
7250,2021.09.10 13:33:40,GBPCHFm,ANCHORED_PULLBACK,SELL,4,1.27241,1.2728,1.27163,2.0,0.393,1.27279,1.27352,1.27163,1,0.339,1.217,-0.3136,1.27013,1.26872,1.27096,1.26585,0,0.0,0.45,2,1.27279,0.7,0.762,0,0.0,0.0,1.27272,1.25801,12.873,0,0,1,0.8,0.79,0.4074,0.79,0.198,0,0.655,2,0.308,1.27268,1.27184,0.226,0.477,0.0,2,0.25,0,0.735,0.2,0.477,0.42,0.286,0,1.27279,8,0.74,0.548,0.341,0.237,0.088,0.624,0.933,1.27418,1.25888,1.2615,94525.2512,3480.4751,2,1.27566,0.563,0.0,0.0,0.0,0.0,0,0.616,1,2,1677,0.769,0.553,0.388,27.0,27.0,0.2258,119.6,0.0,1,1,0.807,1.23714,1,0,0.276,1.2757,0,2.751,0.125,0.875,0.0,0.0,0.5,0.21,0.0,0.5,0.0,0.533,0.608,0.5,0.453,0.0,0.466,0.0,0,0,0.387,0.74,0.0,0.628,0.067,0.545,0.434,0.0,0.46,0.467,0.0,1.0,0.941
7252,2021.09.10 14:03:40,GBPCHFm,SWEEP_REVERSAL,BUY,4,1.27176,1.2705,1.27301,0.99,0.597,1.27273,1.27306,1.27241,0,0.083,0.433,-0.9892,1.26873,1.26692,1.27111,1.26618,0,0.0,0.25,4,1.27273,0.677,0.98,0,0.0,0.0,0.0,1.25801,11.515,1,1,1,0.8,0.825,0.372,0.825,0.027,0,0.792,2,0.344,1.2728,1.2717,1.041,0.163,0.0,2,0.55,6,0.75,0.308,1.041,0.296,0.286,0,1.27273,8,0.735,0.0,0.712,0.247,0.643,0.815,0.975,1.27418,1.25888,1.2615,94525.2512,3480.4751,2,1.27566,0.563,0.0,0.0,0.0,0.0,0,0.616,1,2,1678,0.769,0.553,0.388,27.0,27.0,0.2145,125.9,0.0,1,1,0.807,1.23714,1,0,0.276,1.2757,0,3.131,0.125,0.875,0.0,0.0,0.5,0.0,0.0,0.5,0.0,0.0,0.496,0.5,0.0,0.0,0.0,0.0,0,0,0.003,0.0,0.0,0.0,0.1,0.0,0.5,0.0,0.0,0.0,0.0,0.0,0.0
7254,2021.09.10 15:06:40,GBPCHFm,BREAKOUT,BUY,4,1.27073,1.26856,1.27293,1.01,0.488,1.27266,1.27358,1.27133,0,1.245,0.596,-1.5178,1.26945,1.26694,1.27112,1.2662,1,0.0,0.55,0,1.27266,0.731,0.182,0,0.0,0.0,1.27057,1.25801,8.732,0,0,0,1.0,1.0,0.2967,1.0,0.239,2,0.625,2,0.194,1.27276,1.26979,1.589,0.464,0.0,2,0.0,0,0.705,0.658,1.589,0.414,0.352,1,1.27266,8,0.746,0.0,0.228,0.3,0.0,0.595,0.978,1.27418,1.25888,1.2615,94525.2512,3480.4751,2,1.27566,0.563,0.0,0.0,0.0,0.0,0,0.616,1,2,1679,0.769,0.553,0.388,27.0,27.0,0.1865,144.8,0.0,1,1,0.807,1.23714,1,0,0.276,1.2757,0,3.433,0.125,0.875,0.0,0.0,0.5,0.31,0.0,0.5,0.0,0.356,0.549,0.5,0.529,0.0,0.489,0.0,0,0,0.384,0.521,0.0,0.308,0.067,0.786,0.424,0.0,0.447,0.438,0.0,1.0,0.905
7256,2021.09.10 15:13:40,GBPCHFm,TREND_CONTINUATION,BUY,4,1.27095,1.26921,1.27293,1.14,0.558,1.27266,1.27358,1.27133,0,1.245,0.596,-1.3658,1.26945,1.26694,1.27112,1.2662,1,0.0,0.55,0,1.27266,0.731,0.182,0,0.0,0.0,1.27057,1.25801,8.732,0,0,0,1.0,1.0,0.2967,1.0,0.23,2,0.625,2,0.194,1.27276,1.26979,1.437,0.616,0.0,2,0.0,0,0.705,0.597,1.437,0.415,0.344,0,1.27266,8,0.746,0.0,0.231,0.3,0.0,0.595,0.978,1.27418,1.25888,1.2615,94525.2512,3480.4751,2,1.27566,0.563,0.0,0.0,0.0,0.0,0,0.616,1,2,1679,0.769,0.553,0.388,27.0,27.0,0.1865,144.8,0.0,1,1,0.807,1.23714,1,0,0.276,1.2757,0,3.281,0.125,0.875,0.0,0.0,0.5,0.47,0.0,0.5,0.0,0.331,0.526,0.5,0.5,0.0,0.46,0.0,0,0,0.35,0.519,0.0,0.396,0.067,0.786,0.572,0.0,0.442,0.438,0.0,1.0,0.905
7257,2021.09.10 15:17:59,GBPCHFm,MEAN_REVERSION,BUY,4,1.2708,1.26964,1.27293,1.84,0.565,1.27266,1.27358,1.27133,0,1.245,0.596,-1.4694,1.26945,1.26694,1.27112,1.2662,1,0.0,0.55,0,1.27266,0.731,0.182,0,0.0,0.0,1.27057,1.25801,8.732,0,0,0,1.0,1.0,0.2967,1.0,0.23,2,0.625,2,0.194,1.27276,1.26979,1.54,0.513,0.0,2,0.0,0,0.705,0.64,1.54,0.415,0.349,0,1.27266,8,0.746,0.0,0.231,0.3,0.0,0.595,0.978,1.27418,1.25888,1.2615,94525.2512,3480.4751,2,1.27566,0.563,0.0,0.0,0.0,0.0,0,0.616,1,2,1679,0.769,0.553,0.388,27.0,27.0,0.1865,144.8,0.0,1,1,0.807,1.23714,1,0,0.276,1.2757,0,3.384,0.125,0.875,0.0,0.0,0.5,0.13,0.0,0.5,0.0,0.331,0.538,0.5,0.488,0.0,0.413,0.0,0,0,0.334,0.519,0.0,0.308,0.067,0.786,0.431,0.0,0.447,0.438,0.0,1.0,0.905
7258,2021.09.10 15:19:40,GBPCHFm,PULLBACK,BUY,4,1.27075,1.26858,1.27293,1.0,0.478,1.27266,1.27358,1.27133,0,1.245,0.596,-1.5039,1.26945,1.26694,1.27112,1.2662,1,0.0,0.55,0,1.27266,0.731,0.182,0,0.0,0.0,1.27057,1.25801,8.732,0,0,0,1.0,1.0,0.2967,1.0,0.239,2,0.625,2,0.194,1.27276,1.26979,1.575,0.478,0.0,2,0.0,0,0.705,0.652,1.575,0.414,0.351,1,1.27266,8,0.746,0.0,0.228,0.3,0.0,0.595,0.978,1.27418,1.25888,1.2615,94525.2512,3480.4751,2,1.27566,0.563,0.0,0.0,0.0,0.0,0,0.616,1,2,1679,0.769,0.553,0.388,27.0,27.0,0.1865,144.8,0.0,1,1,0.807,1.23714,1,0,0.276,1.2757,0,3.419,0.125,0.875,0.0,0.0,0.5,0.13,0.0,0.5,0.0,0.331,0.473,0.5,0.488,0.0,0.413,0.0,0,0,0.328,0.521,0.0,0.308,0.067,0.786,0.426,0.0,0.447,0.438,0.0,1.0,0.905
7262,2021.09.10 15:33:40,GBPCHFm,ANCHORED_PULLBACK,SELL,4,1.27048,1.27091,1.26857,4.43,0.531,1.27266,1.27358,1.27133,0,1.245,0.596,-1.5039,1.26945,1.26694,1.27112,1.2662,1,0.0,0.55,0,1.27266,0.731,0.182,0,0.0,0.0,1.27057,1.25801,8.732,0,0,0,1.0,1.0,0.2967,1.0,0.239,2,0.625,2,0.194,1.27276,1.26979,1.575,0.478,0.0,2,0.0,0,0.705,0.652,1.575,0.414,0.351,1,1.27266,8,0.746,0.0,0.228,0.3,0.0,0.595,0.978,1.27418,1.25888,1.2615,94525.2512,3480.4751,2,1.27566,0.563,0.0,0.0,0.0,0.0,0,0.616,1,2,1679,0.769,0.553,0.388,27.0,27.0,0.1865,144.8,0.0,1,1,0.807,1.23714,1,0,0.276,1.2757,0,3.605,0.125,0.875,0.0,0.0,0.5,0.42,0.0,0.5,0.0,0.875,0.463,0.5,0.523,0.0,0.387,0.0,0,0,0.334,0.521,0.0,0.308,0.067,0.786,0.426,0.0,0.447,0.438,0.0,1.0,0.905
7264,2021.09.10 15:46:40,GBPCHFm,BREAKOUT_RETEST,BUY,4,1.27173,1.2713,1.27293,2.76,0.586,1.27266,1.27358,1.27133,1,1.245,0.596,-0.8271,1.26945,1.26694,1.27112,1.2662,0,0.0,0.55,0,1.27266,0.731,0.182,0,0.0,0.0,1.27057,1.25801,8.732,0,0,0,1.0,1.0,0.2967,1.0,0.047,2,0.625,2,0.194,1.27276,1.27174,0.898,0.19,0.0,2,0.0,0,0.705,0.398,0.898,0.443,0.321,0,1.27266,8,0.746,0.0,0.286,0.3,0.0,0.595,0.976,1.27418,1.25888,1.2615,94525.2512,3480.4751,2,1.27566,0.563,0.0,0.0,0.0,0.0,0,0.616,1,2,1679,0.769,0.553,0.388,27.0,27.0,0.1865,144.8,0.0,1,1,0.807,1.23714,1,0,0.276,1.2757,0,2.742,0.125,0.875,0.0,0.0,0.5,0.99,0.0,0.5,0.0,1.0,0.632,0.5,0.48,0.0,0.342,0.0,0,0,0.36,0.355,0.0,0.558,0.067,0.757,0.65,0.0,0.444,0.438,0.0,1.0,0.86
7266,2021.09.10 17:06:40,GBPCHFm,BREAKOUT,BUY,3,1.272,1.27134,1.27574,5.7,0.322,1.27122,1.27194,1.26948,1,0.205,0.205,0.3388,1.27088,1.26694,1.27112,1.2662,0,0.0,0.6,0,1.27061,0.689,0.573,0,0.0,0.0,0.0,1.25801,9.028,0,0,1,0.8,1.0,0.0581,1.0,0.132,2,0.559,3,0.535,1.27112,1.27184,0.407,0.072,0.0,2,0.15,0,0.559,0.322,0.749,0.43,0.329,0,1.27122,1,0.7,0.186,0.32,0.3,0.053,0.861,0.975,1.27418,1.25888,1.26135,90919.1176,-3606.1336,1,1.27566,0.562,0.0,0.0,0.0,0.0,0,0.407,1,2,1681,0.771,0.553,0.388,27.0,27.0,0.1803,149.8,0.0,1,1,0.807,1.23714,1,0,0.276,1.2757,1,2.47,0.146,0.854,0.0,1.0,1.0,0.87,0.0,0.5,0.0,1.0,0.626,0.5,0.533,0.0,0.173,0.0,0,0,0.304,0.387,0.0,0.57,0.071,0.65,0.734,0.0,0.442,0.438,0.0,1.0,0.885
7268,2021.09.10 17:13:59,GBPCHFm,TREND_CONTINUATION,BUY,3,1.27162,1.26982,1.27536,2.08,0.479,1.27122,1.27194,1.26948,1,0.205,0.205,0.0851,1.27088,1.26694,1.27112,1.2662,0,0.0,0.6,0,1.27061,0.689,0.573,0,0.0,0.0,0.0,1.25801,9.028,0,0,1,0.8,1.0,0.0581,1.0,0.503,2,0.559,3,0.535,1.27112,1.27184,0.154,0.325,0.0,2,0.15,0,0.559,0.186,0.496,0.374,0.313,0,1.27061,8,0.738,0.693,0.209,0.3,0.053,0.861,0.975,1.27418,1.25888,1.26135,90919.1176,-3606.1336,1,1.27566,0.562,0.0,0.0,0.0,0.0,0,0.407,1,2,1681,0.771,0.553,0.388,27.0,27.0,0.1803,149.8,0.0,1,1,0.807,1.23714,1,0,0.276,1.2757,1,2.724,0.146,0.854,0.0,1.0,1.0,0.12,0.0,0.5,0.0,1.0,0.538,0.5,0.508,0.0,0.212,0.0,0,0,0.26,0.464,0.0,0.748,0.071,0.65,0.65,0.0,0.446,0.438,0.0,1.0,0.762
7270,2021.09.10 17:17:59,GBPCHFm,MEAN_REVERSION,SELL,3,1.27151,1.27209,1.27061,1.56,0.529,1.27122,1.27194,1.26948,1,0.205,0.205,0.1919,1.27088,1.26694,1.27112,1.2662,0,0.0,0.6,0,1.27061,0.689,0.573,0,0.0,0.0,0.0,1.25801,9.028,0,0,1,0.8,1.0,0.0581,1.0,0.503,2,0.559,3,0.535,1.27112,1.27184,0.26,0.219,0.0,2,0.15,0,0.559,0.226,0.603,0.374,0.318,0,1.27061,8,0.738,0.479,0.209,0.3,0.053,0.861,0.975,1.27418,1.25888,1.26135,90919.1176,-3606.1336,1,1.27566,0.562,0.0,0.0,0.0,0.0,0,0.407,1,2,1681,0.771,0.553,0.388,27.0,27.0,0.1803,149.8,0.0,1,1,0.807,1.23714,1,0,0.276,1.2757,1,2.797,0.146,0.854,0.0,1.0,1.0,0.53,0.0,0.5,0.0,1.0,0.474,0.5,0.522,0.0,0.202,0.0,0,0,0.253,0.464,0.0,0.748,0.071,0.65,0.696,0.0,0.445,0.438,0.0,1.0,0.885
7271,2021.09.10 17:19:40,GBPCHFm,PULLBACK,BUY,3,1.27179,1.26954,1.27628,2.0,0.56,1.27122,1.27194,1.26948,1,0.205,0.205,0.1986,1.27088,1.26694,1.27112,1.2662,0,0.0,0.6,0,1.27061,0.689,0.573,0,0.0,0.0,0.0,1.25801,9.028,0,0,1,0.8,1.0,0.0581,1.0,0.503,2,0.559,3,0.535,1.27112,1.27184,0.267,0.212,0.0,2,0.15,0,0.559,0.228,0.609,0.374,0.318,0,1.27061,8,0.738,0.466,0.209,0.3,0.053,0.861,0.975,1.27418,1.25888,1.26135,90919.1176,-3606.1336,1,1.27566,0.562,0.0,0.0,0.0,0.0,0,0.407,1,2,1681,0.771,0.553,0.388,27.0,27.0,0.1803,149.8,0.0,1,1,0.807,1.23714,1,0,0.276,1.2757,1,2.61,0.146,0.854,0.0,1.0,1.0,0.63,0.0,0.5,0.0,1.0,0.482,0.5,0.522,0.0,0.202,0.0,0,0,0.248,0.464,0.0,0.748,0.071,0.65,0.697,0.0,0.445,0.438,0.0,1.0,0.885
7273,2021.09.10 17:46:40,GBPCHFm,BREAKOUT_RETEST,BUY,3,1.2715,1.27105,1.27344,4.32,0.502,1.27122,1.27194,1.26948,1,0.205,0.205,0.005,1.27088,1.26694,1.27112,1.2662,0,0.0,0.6,0,1.27061,0.689,0.573,0,0.0,0.0,0.0,1.25801,9.028,0,0,1,0.8,1.0,0.0581,1.0,1.0,2,0.559,3,0.535,1.27112,1.27184,0.073,0.406,0.0,2,0.15,0,0.559,0.125,0.416,0.3,0.306,0,1.27061,8,0.738,0.853,0.06,0.3,0.053,0.861,0.975,1.27418,1.25888,1.26135,90919.1176,-3606.1336,1,1.27566,0.562,0.0,0.0,0.0,0.0,0,0.407,1,2,1681,0.771,0.553,0.388,27.0,27.0,0.1803,149.8,0.0,1,1,0.807,1.23714,1,0,0.276,1.2757,1,2.804,0.146,0.854,0.0,1.0,1.0,0.08,0.0,0.5,0.0,0.906,0.576,0.5,0.527,0.0,0.215,0.0,0,0,0.29,0.567,0.0,0.674,0.071,0.441,0.65,0.0,0.462,0.438,0.0,1.0,0.811
7276,2021.09.10 19:06:40,GBPCHFm,BREAKOUT,SELL,3,1.27086,1.2732,1.26696,1.67,0.221,1.27129,1.27159,1.27055,1,0.147,0.312,-0.2723,1.27088,1.26841,1.27112,1.2662,1,0.0,0.6,0,1.27129,0.712,0.224,0,0.0,0.0,0.0,1.25801,8.158,0,0,0,0.45,-0.685,-0.0897,0.685,0.335,0,0.704,3,0.332,1.27051,1.27025,0.224,0.389,0.0,2,0.0,0,0.704,0.155,0.389,0.4,0.346,0,1.27159,4,0.6,0.553,0.199,0.206,0.0,0.883,0.792,1.27418,1.25888,1.26135,90919.1176,-3606.1336,1,1.27566,0.562,0.0,0.0,0.0,0.0,0,0.407,1,2,1683,0.771,0.553,0.388,27.0,27.0,0.173,156.1,0.0,1,1,0.807,1.23714,1,0,0.276,1.2757,1,3.101,0.146,0.854,0.0,1.0,1.0,0.99,0.0,0.5,0.0,0.694,0.591,0.5,0.947,0.0,0.435,0.0,0,0,0.513,0.779,0.0,0.737,0.071,0.382,0.505,0.0,0.443,0.438,0.0,1.0,0.707
7277,2021.09.10 19:13:59,GBPCHFm,TREND_CONTINUATION,SELL,3,1.27029,1.27216,1.26639,2.08,0.337,1.27129,1.27159,1.27055,0,0.147,0.312,-0.6375,1.27088,1.26841,1.27112,1.2662,1,0.0,0.6,0,1.27129,0.712,0.224,0,0.0,0.0,0.0,1.25801,8.158,0,0,0,0.45,-0.685,-0.0897,0.685,0.211,0,0.704,3,0.332,1.27051,1.27025,0.142,0.024,0.0,2,0.0,0,0.704,0.267,0.638,0.418,0.359,1,1.27129,8,0.742,0.717,0.237,0.206,0.0,0.883,0.792,1.27418,1.25888,1.26135,90919.1176,-3606.1336,1,1.27566,0.562,0.0,0.0,0.0,0.0,0,0.407,1,2,1683,0.771,0.553,0.388,27.0,27.0,0.173,156.1,0.0,1,1,0.807,1.23714,1,0,0.276,1.2757,1,3.466,0.146,0.854,0.0,1.0,1.0,0.0,0.0,0.5,0.0,0.428,0.456,0.5,0.891,0.0,0.405,0.0,0,0,0.456,0.666,0.0,0.968,0.071,0.369,0.469,0.0,0.443,0.438,0.0,1.0,0.783
7278,2021.09.10 19:17:59,GBPCHFm,MEAN_REVERSION,BUY,3,1.27054,1.26929,1.27156,0.81,0.628,1.27129,1.27159,1.27055,0,0.147,0.312,-0.6503,1.27088,1.26841,1.27112,1.2662,1,0.0,0.6,0,1.27129,0.712,0.224,0,0.0,0.0,0.0,1.25801,8.158,0,0,0,0.45,-0.685,-0.0897,0.685,0.211,0,0.704,3,0.332,1.27051,1.27025,0.154,0.011,0.0,2,0.0,0,0.704,0.272,0.65,0.418,0.36,1,1.27129,8,0.742,0.691,0.237,0.206,0.0,0.883,0.792,1.27418,1.25888,1.26135,90919.1176,-3606.1336,1,1.27566,0.562,0.0,0.0,0.0,0.0,0,0.407,1,2,1683,0.771,0.553,0.388,27.0,27.0,0.173,156.1,0.0,1,1,0.807,1.23714,1,0,0.276,1.2757,1,3.306,0.146,0.854,0.0,1.0,1.0,0.17,0.0,0.5,0.0,0.374,0.425,0.5,0.725,0.0,0.423,0.0,0,0,0.432,0.666,0.0,0.968,0.071,0.248,0.468,0.0,0.443,0.438,0.0,1.0,0.783
7279,2021.09.10 19:19:40,GBPCHFm,PULLBACK,SELL,3,1.27024,1.27258,1.2662,1.73,0.287,1.27129,1.27159,1.27055,0,0.147,0.312,-0.6696,1.27088,1.26841,1.27112,1.2662,1,0.0,0.6,0,1.27129,0.712,0.224,0,0.0,0.0,0.0,1.25801,8.158,0,0,0,0.45,-0.685,-0.0897,0.685,0.211,0,0.704,3,0.332,1.27051,1.27025,0.174,0.008,0.0,2,0.0,0,0.704,0.28,0.67,0.418,0.361,1,1.27129,8,0.742,0.653,0.237,0.206,0.0,0.883,0.792,1.27418,1.25888,1.26135,90919.1176,-3606.1336,1,1.27566,0.562,0.0,0.0,0.0,0.0,0,0.407,1,2,1683,0.771,0.553,0.388,27.0,27.0,0.173,156.1,0.0,1,1,0.807,1.23714,1,0,0.276,1.2757,1,3.498,0.146,0.854,0.0,1.0,1.0,0.22,0.0,0.5,0.0,0.374,0.335,0.5,0.725,0.0,0.423,0.0,0,0,0.486,0.666,0.0,0.88,0.071,0.248,0.465,0.0,0.443,0.438,0.0,1.0,0.783
7281,2021.09.10 20:28:00,GBPCHFm,BREAKOUT_RETEST,SELL,3,1.27039,1.27086,1.26963,1.61,0.456,1.2713,1.2717,1.27032,1,0.35,0.16,-0.5757,1.27088,1.26841,1.27112,1.2662,1,0.0,0.6,0,1.27072,0.629,0.408,0,0.0,0.0,0.0,1.25801,7.569,0,0,0,0.75,-0.72,-0.1964,0.72,0.716,0,0.679,3,0.382,1.27049,1.27089,0.065,0.32,0.0,2,0.15,0,0.679,0.197,0.576,0.343,0.305,0,1.2713,1,0.7,0.87,0.145,0.216,0.053,0.7,0.86,1.27418,1.25888,1.26147,97306.7633,6387.6456,2,1.27566,0.534,0.0,0.0,0.0,0.0,0,0.453,1,2,1684,0.771,0.553,0.388,27.0,27.0,0.1713,157.6,0.0,1,1,0.807,1.23714,1,0,0.276,1.2757,1,3.368,0.125,0.875,0.0,0.0,1.0,0.99,0.0,0.5,0.0,0.912,0.493,0.5,0.558,0.0,0.548,0.0,0,0,0.391,0.672,0.0,0.677,0.1,0.281,0.496,0.0,0.459,0.438,0.0,1.0,0.77
7284,2021.09.10 20:50:40,GBPCHFm,SWEEP_REVERSAL,BUY,3,1.26967,1.26809,1.27099,0.84,0.144,1.2713,1.2717,1.27032,0,0.35,0.16,-1.2037,1.27088,1.26841,1.27112,1.2662,1,0.0,0.6,0,1.27072,0.629,0.408,0,0.0,0.0,0.0,1.25801,7.569,0,0,0,0.75,-0.72,-0.1964,0.72,0.115,0,0.679,3,0.382,1.27049,1.26969,0.693,0.182,0.0,2,0.15,0,0.679,0.521,1.204,0.433,0.343,0,1.27072,8,0.726,0.0,0.325,0.216,0.053,0.7,0.88,1.27418,1.25888,1.26147,97306.7633,6387.6456,2,1.27566,0.534,0.0,0.0,0.0,0.0,0,0.453,1,2,1684,0.771,0.553,0.388,27.0,27.0,0.1713,157.6,0.0,1,1,0.807,1.23714,1,0,0.276,1.2757,1,3.825,0.125,0.875,0.0,0.0,1.0,0.0,0.0,0.5,0.0,0.449,0.421,0.5,0.629,0.0,0.252,0.0,0,0,0.337,0.444,0.0,0.664,0.1,0.316,0.403,0.0,0.442,0.438,0.0,1.0,0.801
0,2021.09.12 21:00:00,GBPCHFm,TREND_CONTINUATION,SELL,3,1.26975,1.27156,1.26598,2.08,0.452,1.27043,1.27076,1.26946,1,0.023,0.798,-0.4536,1.27035,1.26841,1.27112,1.2662,1,0.0,0.5,0,1.26965,0.651,0.154,0,0.0,0.0,1.26966,1.25801,7.776,0,0,0,0.825,-0.755,-0.2314,0.755,0.892,2,0.352,3,0.309,1.26979,1.27109,0.023,0.884,-0.053,1,0.3,5,0.572,0.191,0.884,0.216,0.28,0,1.27043,1,0.7,0.954,0.452,0.226,0.405,0.97,0.853,1.27418,1.25888,1.26136,94398.2613,-2908.5019,1,1.27566,0.517,0.0,0.0,0.0,0.0,0,0.465,1,2,1685,0.771,0.553,0.388,43.0,43.0,0.2848,151.0,0.0,1,1,0.807,1.23714,1,0,0.276,1.2757,1,3.94,0.142,0.858,0.0,1.0,1.0,0.99,0.0,0.5,0.0,0.297,0.461,0.5,1.0,0.0,0.366,0.0,0,0,0.47,0.743,0.378,0.914,0.067,0.266,0.542,0.0,0.443,0.438,0.0,1.0,0.692
0,2021.09.12 21:00:20,GBPCHFm,BREAKOUT,SELL,3,1.26992,1.27059,1.26615,5.67,0.336,1.27043,1.27076,1.26946,1,0.023,0.798,-0.3411,1.27035,1.26841,1.27112,1.2662,1,0.0,0.5,0,1.26965,0.651,0.154,0,0.0,0.0,1.26966,1.25801,7.776,0,0,0,0.825,-0.755,-0.2314,0.755,0.615,0,0.652,3,0.309,1.26979,1.27109,0.089,0.772,0.0,2,0.0,0,0.652,0.276,0.772,0.358,0.355,1,1.27043,1,0.7,0.821,0.115,0.226,0.0,0.97,0.853,1.27418,1.25888,1.26136,94398.2613,-2908.5019,1,1.27566,0.517,0.0,0.0,0.0,0.0,0,0.465,1,2,1685,0.771,0.553,0.388,43.0,43.0,0.2848,151.0,0.0,1,1,0.807,1.23714,1,0,0.276,1.2757,1,3.828,0.142,0.858,0.0,1.0,1.0,0.99,0.0,0.5,0.0,0.316,0.748,0.5,1.0,0.0,0.347,0.0,0,0,0.587,0.812,0.411,1.0,0.067,0.268,0.544,0.0,0.453,0.438,0.0,1.0,0.808
0,2021.09.12 21:00:20,GBPCHFm,BREAKOUT_RETEST,SELL,3,1.26992,1.27059,1.26881,1.67,0.504,1.27043,1.27076,1.26946,1,0.023,0.798,-0.3411,1.27035,1.26841,1.27112,1.2662,1,0.0,0.5,0,1.26965,0.651,0.154,0,0.0,0.0,1.26966,1.25801,7.776,0,0,0,0.825,-0.755,-0.2314,0.755,0.615,0,0.652,3,0.309,1.26979,1.27109,0.089,0.772,0.0,2,0.0,0,0.652,0.276,0.772,0.358,0.355,1,1.27043,1,0.7,0.821,0.115,0.226,0.0,0.97,0.853,1.27418,1.25888,1.26136,94398.2613,-2908.5019,1,1.27566,0.517,0.0,0.0,0.0,0.0,0,0.465,1,2,1685,0.771,0.553,0.388,43.0,43.0,0.2848,151.0,0.0,1,1,0.807,1.23714,1,0,0.276,1.2757,1,3.828,0.142,0.858,0.0,1.0,1.0,0.98,0.0,0.5,0.0,0.316,0.748,0.5,1.0,0.0,0.347,0.0,0,0,0.587,0.812,0.411,1.0,0.067,0.268,0.544,0.0,0.453,0.438,0.0,1.0,0.808
0,2021.09.12 21:00:40,GBPCHFm,PULLBACK,SELL,3,1.2681,1.26981,1.2662,1.11,0.421,1.27043,1.27076,1.26946,0,0.023,0.798,-1.5464,1.27035,1.26841,1.27112,1.2662,1,0.0,0.5,0,1.26965,0.651,0.154,0,0.0,0.0,1.26966,1.25801,7.776,0,0,0,0.825,-0.755,-0.2314,0.755,0.165,0,0.652,3,0.309,1.26979,1.27109,1.116,1.977,0.0,2,0.0,0,0.652,0.841,1.977,0.425,0.421,1,1.26965,8,0.73,0.0,0.25,0.226,0.0,0.97,0.853,1.27418,1.25888,1.26136,94398.2613,-2908.5019,1,1.27566,0.517,0.0,0.0,0.0,0.0,0,0.465,1,2,1685,0.771,0.553,0.388,43.0,43.0,0.2848,151.0,0.0,1,1,0.807,1.23714,1,0,0.276,1.2757,1,5.033,0.142,0.858,0.0,1.0,1.0,0.0,0.0,0.5,0.246,0.288,0.141,0.5,1.0,0.0,0.291,0.0,0,0,0.632,0.703,0.473,1.0,0.067,0.274,0.304,0.0,0.447,0.4,0.0,1.0,0.883
0,2021.09.12 21:00:59,GBPCHFm,MEAN_REVERSION,BUY,3,1.26905,1.26784,1.27009,0.86,0.614,1.27043,1.27076,1.26946,0,0.023,0.798,-1.202,1.27035,1.26841,1.27112,1.2662,1,0.0,0.5,0,1.26965,0.651,0.154,0,0.0,0.0,1.26966,1.25801,7.776,0,0,0,0.825,-0.755,-0.2314,0.755,0.165,0,0.652,3,0.309,1.26979,1.27109,0.772,1.632,0.0,2,0.0,0,0.652,0.694,1.632,0.425,0.404,1,1.26965,8,0.73,0.0,0.25,0.226,0.0,0.97,0.853,1.27418,1.25888,1.26136,94398.2613,-2908.5019,1,1.27566,0.517,0.0,0.0,0.0,0.0,0,0.465,1,2,1685,0.771,0.553,0.388,43.0,43.0,0.2848,151.0,0.0,1,1,0.807,1.23714,1,0,0.276,1.2757,1,4.404,0.142,0.858,0.0,1.0,1.0,0.01,0.0,0.5,0.146,0.288,0.105,0.5,1.0,0.0,0.291,0.0,0,0,0.654,0.703,0.473,1.0,0.067,0.274,0.392,0.0,0.451,0.4,0.0,1.0,0.883
0,2021.09.12 21:00:59,GBPCHFm,ANCHORED_PULLBACK,SELL,3,1.26862,1.26994,1.2656,2.29,0.216,1.27043,1.27076,1.26946,0,0.023,0.798,-1.202,1.27035,1.26841,1.27112,1.2662,1,0.0,0.5,0,1.26965,0.651,0.154,0,0.0,0.0,1.26966,1.25801,7.776,0,0,0,0.825,-0.755,-0.2314,0.755,0.165,0,0.652,3,0.309,1.26979,1.27109,0.772,1.632,0.0,2,0.0,0,0.652,0.694,1.632,0.425,0.404,1,1.26965,8,0.73,0.0,0.25,0.226,0.0,0.97,0.853,1.27418,1.25888,1.26136,94398.2613,-2908.5019,1,1.27566,0.517,0.0,0.0,0.0,0.0,0,0.465,1,2,1685,0.771,0.553,0.388,43.0,43.0,0.2848,151.0,0.0,1,1,0.807,1.23714,1,0,0.276,1.2757,1,4.689,0.142,0.858,0.0,1.0,1.0,0.01,0.0,0.5,0.046,0.288,0.105,0.5,1.0,0.0,0.291,0.0,0,0,0.654,0.703,0.473,1.0,0.067,0.274,0.392,0.0,0.451,0.4,0.0,1.0,0.883
0,2021.09.12 21:35:40,GBPCHFm,SWEEP_REVERSAL,BUY,3,1.27256,1.27105,1.27383,0.84,0.103,1.27043,1.27076,1.26946,0,0.023,0.798,-1.3543,1.27035,1.26841,1.27112,1.2662,1,0.0,0.5,0,1.26965,0.651,0.154,0,0.0,0.0,1.26966,1.25801,7.776,0,0,0,0.825,-0.755,-0.2314,0.755,0.165,0,0.652,3,0.309,1.26979,1.27109,0.924,1.785,0.0,2,0.0,0,0.652,0.759,1.785,0.425,0.412,1,1.26965,8,0.73,0.0,0.25,0.226,0.0,0.97,0.853,1.27418,1.25888,1.26136,94398.2613,-2908.5019,1,1.27566,0.517,0.0,0.0,0.0,0.0,0,0.465,1,2,1685,0.771,0.553,0.388,417.0,276.7,2.7616,151.0,0.0,1,1,0.807,1.23714,1,0,0.276,1.2757,1,2.079,0.142,0.858,0.0,1.0,1.0,0.0,0.0,0.5,0.0,0.776,0.048,0.5,0.475,0.0,1.0,0.0,0,0,0.813,0.703,0.0,1.0,0.067,0.377,0.355,0.0,0.453,0.4,0.0,1.0,0.883
7288,2021.09.12 23:00:59,GBPCHFm,MEAN_REVERSION,SELL,1,1.27011,1.27131,1.26887,1.04,0.588,1.26887,1.26991,1.26838,0,0.151,0.035,0.8289,1.26961,1.26841,1.27112,1.26669,1,0.0,0.55,0,1.26887,0.674,0.616,0,0.0,0.0,1.26932,1.25801,8.045,0,0,0,0.65,-0.825,-0.2506,0.825,0.455,0,0.659,0,0.481,1.26984,1.27019,0.178,0.055,0.0,2,0.15,0,0.659,0.316,0.829,0.382,0.33,0,1.26887,8,0.735,0.645,0.224,0.247,0.149,0.726,0.46,1.27418,1.25888,1.26136,94398.2613,-2908.5019,1,1.27566,0.517,0.0,0.0,0.0,0.0,0,0.465,1,2,1687,0.771,0.553,0.388,27.0,190.7,0.1801,149.9,0.0,1,1,0.807,1.23714,1,0,0.276,1.2757,1,3.728,0.142,0.858,0.0,1.0,1.0,0.98,0.0,0.5,0.0,1.0,0.592,0.5,0.546,0.0,0.161,0.0,0,0,0.283,0.541,0.535,1.0,0.1,0.419,0.732,0.0,0.456,0.375,0.0,1.0,0.823
7289,2021.09.12 23:01:00,GBPCHFm,ANCHORED_PULLBACK,BUY,1,1.27039,1.27004,1.27164,3.54,0.272,1.26887,1.26991,1.26838,0,0.151,0.035,0.8356,1.26961,1.26841,1.27112,1.26669,1,0.0,0.55,0,1.26887,0.674,0.616,0,0.0,0.0,1.26932,1.25801,8.045,0,0,0,0.65,-0.825,-0.2506,0.825,0.455,0,0.659,0,0.481,1.26984,1.27019,0.184,0.048,0.0,2,0.15,0,0.659,0.319,0.836,0.382,0.33,0,1.26887,8,0.735,0.631,0.224,0.247,0.149,0.726,0.46,1.27418,1.25888,1.26136,94398.2613,-2908.5019,1,1.27566,0.517,0.0,0.0,0.0,0.0,0,0.465,1,2,1687,0.771,0.553,0.388,27.0,188.8,0.1801,149.9,0.0,1,1,0.807,1.23714,1,0,0.276,1.2757,1,3.542,0.142,0.858,0.0,1.0,1.0,0.98,0.0,0.5,0.0,1.0,0.568,0.5,0.546,0.0,0.161,0.0,0,0,0.269,0.541,0.535,1.0,0.1,0.419,0.733,0.0,0.456,0.375,0.0,1.0,0.823
7291,2021.09.13 00:04:40,GBPCHFm,SWEEP_REVERSAL,SELL,1,1.27084,1.2722,1.26975,0.8,0.263,1.26883,1.26982,1.26836,0,0.631,0.047,1.4786,1.26961,1.26841,1.27112,1.26669,1,0.0,0.55,0,1.26883,0.664,0.913,0,0.0,0.0,0.0,1.25801,9.252,0,0,0,1.0,-0.685,-0.2632,0.685,0.123,0,0.683,0,0.476,1.26975,1.27067,0.8,0.122,0.0,2,0.4,0,0.683,0.638,1.479,0.432,0.337,0,1.26975,2,0.55,0.0,0.423,0.206,0.235,0.741,0.841,1.27418,1.25888,1.26136,94244.6433,-153.618,1,1.27566,0.463,0.0,0.0,0.0,0.0,0,0.448,1,2,1688,0.771,0.553,0.388,27.0,27.0,0.1982,136.2,0.0,1,1,0.807,1.23714,1,0,0.276,1.2757,0,3.568,0.127,0.873,0.0,1.0,0.5,0.99,0.0,0.5,0.0,1.0,0.432,0.5,0.561,0.0,0.046,0.0,0,0,0.227,0.381,0.0,0.463,0.143,0.346,0.817,0.0,0.466,0.375,0.0,1.0,0.756
7293,2021.09.13 01:00:00,GBPCHFm,BREAKOUT,SELL,1,1.27111,1.273,1.26881,1.22,0.486,1.26881,1.26968,1.26826,0,1.699,0.056,1.8246,1.26961,1.26841,1.27112,1.26669,1,0.0,0.45,0,1.26865,0.667,0.0,1,0.0,0.0,0.0,1.25801,10.399,0,0,0,1.0,-0.72,-0.1429,0.72,0.283,0,0.699,1,0.207,1.26873,1.2711,1.887,0.006,-0.0238,2,0.4,4,0.61,0.99,1.95,0.508,0.342,0,1.26881,1,0.7,0.0,0.375,0.216,0.14,0.868,0.585,1.27418,1.25888,1.26136,94244.6433,-153.618,1,1.27566,0.463,0.0,0.0,0.0,0.0,0,0.448,1,2,1689,0.771,0.553,0.388,27.0,27.0,0.2143,126.0,0.0,1,1,0.807,1.23714,1,0,0.276,1.2757,0,3.643,0.127,0.873,0.0,1.0,0.5,0.26,0.0,0.5,0.0,0.631,0.489,0.5,0.509,0.0,0.584,0.0,0,0,0.393,0.222,0.0,0.578,0.143,0.324,0.783,0.0,0.448,0.375,0.0,1.0,0.724
7294,2021.09.13 01:00:20,GBPCHFm,TREND_CONTINUATION,SELL,1,1.27111,1.27262,1.26881,1.52,0.528,1.26881,1.26968,1.26826,0,1.699,0.056,1.8246,1.26961,1.26841,1.27112,1.26669,1,0.0,0.45,0,1.26865,0.667,0.0,1,0.0,0.0,0.0,1.25801,10.399,0,0,0,1.0,-0.72,-0.1429,0.72,0.283,0,0.706,1,0.207,1.26873,1.2711,1.887,0.006,0.0,2,0.4,4,0.612,0.99,1.95,0.508,0.343,0,1.26881,1,0.7,0.0,0.375,0.216,0.14,0.868,0.585,1.27418,1.25888,1.26136,94244.6433,-153.618,1,1.27566,0.463,0.0,0.0,0.0,0.0,0,0.448,1,2,1689,0.771,0.553,0.388,27.0,27.0,0.2143,126.0,0.0,1,1,0.807,1.23714,1,0,0.276,1.2757,0,3.643,0.127,0.873,0.0,1.0,0.5,0.25,0.0,0.5,0.0,0.631,0.489,0.5,0.509,0.0,0.584,0.0,0,0,0.393,0.223,0.0,0.578,0.143,0.324,0.783,0.0,0.448,0.375,0.0,1.0,0.724
7295,2021.09.13 01:00:59,GBPCHFm,MEAN_REVERSION,SELL,1,1.27106,1.27207,1.26881,2.23,0.62,1.26881,1.26968,1.26826,0,1.699,0.056,1.7849,1.26961,1.26841,1.27112,1.26669,1,0.0,0.45,0,1.26865,0.667,0.0,1,0.0,0.0,0.0,1.25801,10.399,0,0,0,1.0,-0.72,-0.1429,0.72,0.324,0,0.706,1,0.207,1.26873,1.2711,1.848,0.033,0.0,2,0.4,4,0.612,0.958,1.91,0.501,0.339,0,1.26881,1,0.7,0.0,0.363,0.216,0.14,0.868,0.585,1.27418,1.25888,1.26136,94244.6433,-153.618,1,1.27566,0.463,0.0,0.0,0.0,0.0,0,0.448,1,2,1689,0.771,0.553,0.388,27.0,27.0,0.2143,126.0,0.0,1,1,0.807,1.23714,1,0,0.276,1.2757,0,3.683,0.127,0.873,0.0,1.0,0.5,0.05,0.0,0.5,0.0,0.631,0.458,0.5,0.509,0.0,0.584,0.0,0,0,0.412,0.23,0.0,0.578,0.143,0.324,0.782,0.0,0.448,0.375,0.0,1.0,0.724
7296,2021.09.13 02:00:00,GBPCHFm,BREAKOUT_RETEST,SELL,1,1.27084,1.27138,1.26799,5.23,0.85,1.27056,1.27126,1.26908,1,0.1,0.724,0.2247,1.27043,1.26841,1.27112,1.26669,1,0.0,0.7,0,1.26885,0.704,0.734,0,0.0,0.0,0.0,1.25801,10.307,0,0,0,1.0,-0.93,-0.1015,0.93,0.695,1,0.279,3,1.0,1.27103,1.26978,0.15,0.849,0.6064,0,0.3,2,1.0,0.792,1.599,0.496,0.521,2,1.27126,4,0.6,0.7,0.211,0.979,0.105,0.792,1.0,1.27418,1.25888,1.26136,94244.6433,-153.618,1,1.27566,0.463,0.0,0.0,0.0,0.0,0,0.448,1,2,1690,0.771,0.555,0.384,27.0,27.0,0.2169,124.5,0.0,1,1,0.807,1.23714,1,0,0.276,1.2757,0,3.904,0.127,0.873,0.0,1.0,0.5,0.96,0.0,0.5,0.0,0.495,0.675,0.5,0.56,0.0,0.444,0.0,0,0,0.451,0.651,0.0,0.431,0.087,0.457,0.558,0.0,0.449,0.375,0.0,1.0,0.932
7297,2021.09.13 02:00:20,GBPCHFm,PULLBACK,SELL,1,1.27084,1.27138,1.26994,1.66,0.642,1.27056,1.27126,1.26908,1,0.1,0.724,0.2247,1.27043,1.26841,1.27112,1.26669,1,0.0,0.7,0,1.26885,0.704,0.734,0,0.0,0.0,0.0,1.25801,10.307,0,0,0,1.0,-0.93,-0.1015,0.93,0.695,2,0.579,3,1.0,1.27103,1.26978,0.15,0.849,0.0,2,0.0,0,0.579,0.553,1.599,0.346,0.433,1,1.27126,4,0.6,0.7,0.091,0.279,0.0,0.792,1.0,1.27418,1.25888,1.26136,94244.6433,-153.618,1,1.27566,0.463,0.0,0.0,0.0,0.0,0,0.448,1,2,1690,0.771,0.555,0.384,27.0,27.0,0.2169,124.5,0.0,1,1,0.807,1.23714,1,0,0.276,1.2757,0,3.904,0.127,0.873,0.0,1.0,0.5,0.95,0.0,0.5,0.0,0.589,0.67,0.5,0.56,0.0,0.419,0.0,0,0,0.437,0.712,0.0,0.465,0.087,0.253,0.585,0.0,0.497,0.375,0.0,1.0,0.906
7300,2021.09.13 04:00:00,GBPCHFm,BREAKOUT,BUY,1,1.27149,1.26981,1.2743,1.67,0.393,1.27088,1.2712,1.27061,0,0.042,0.223,0.3066,1.27125,1.26841,1.27161,1.26718,1,0.0,0.5,0,1.27105,0.783,0.414,0,0.0,0.0,0.0,1.25801,11.767,0,0,0,0.675,0.685,0.1051,0.685,0.699,0,0.753,0,0.672,1.27117,1.27135,0.042,0.117,-0.0285,2,0.15,0,0.753,0.106,0.307,0.345,0.36,1,1.27088,1,0.7,0.917,0.15,0.206,0.187,0.786,0.698,1.26924,1.25888,1.26136,98047.4041,3802.7607,2,1.27566,0.461,0.0,0.0,0.0,0.0,0,0.461,1,2,1692,0.771,0.555,0.384,27.0,27.0,0.2405,112.3,0.0,1,1,0.807,1.23714,1,0,0.276,1.2757,0,3.749,0.078,0.922,0.0,0.0,0.5,0.26,0.0,0.5,0.0,1.0,0.458,0.5,0.576,0.0,0.36,0.0,0,0,0.342,0.759,0.0,0.444,0.1,0.198,0.579,0.0,0.514,0.375,0.0,1.0,0.966
7301,2021.09.13 04:00:20,GBPCHFm,TREND_CONTINUATION,BUY,1,1.27149,1.27014,1.2743,2.08,0.419,1.27088,1.2712,1.27061,0,0.042,0.223,0.3066,1.27125,1.26841,1.27161,1.26718,1,0.0,0.5,0,1.27105,0.783,0.414,0,0.0,0.0,0.0,1.25801,11.767,0,0,0,0.675,0.685,0.1051,0.685,0.699,0,0.794,0,0.672,1.27117,1.27135,0.042,0.117,0.0,2,0.15,0,0.794,0.106,0.307,0.345,0.371,1,1.27088,1,0.7,0.917,0.15,0.206,0.187,0.786,0.698,1.26924,1.25888,1.26136,98047.4041,3802.7607,2,1.27566,0.461,0.0,0.0,0.0,0.0,0,0.461,1,2,1692,0.771,0.555,0.384,27.0,27.0,0.2405,112.3,0.0,1,1,0.807,1.23714,1,0,0.276,1.2757,0,3.749,0.078,0.922,0.0,0.0,0.5,0.26,0.0,0.5,0.0,1.0,0.458,0.5,0.576,0.0,0.36,0.0,0,0,0.342,0.759,0.0,0.444,0.1,0.198,0.58,0.0,0.514,0.375,0.0,1.0,0.966
7304,2021.09.13 04:00:40,GBPCHFm,BREAKOUT_RETEST,BUY,1,1.2714,1.27103,1.27177,1.01,0.457,1.27088,1.2712,1.27061,1,0.042,0.223,0.2264,1.27125,1.26841,1.27161,1.26718,1,0.0,0.5,0,1.27105,0.783,0.414,0,0.0,0.0,0.0,1.25801,11.767,0,0,0,0.675,0.685,0.1051,0.685,0.753,0,0.794,0,0.672,1.27117,1.27135,0.039,0.197,0.0,2,0.15,0,0.794,0.506,1.5,0.337,0.417,1,1.27061,5,0.6,0.923,0.134,0.206,0.187,0.786,0.698,1.26924,1.25888,1.26136,98047.4041,3802.7607,2,1.27566,0.461,0.0,0.0,0.0,0.0,0,0.461,1,2,1692,0.771,0.555,0.384,27.0,27.0,0.2405,112.3,0.0,1,1,0.807,1.23714,1,0,0.276,1.2757,0,3.83,0.078,0.922,0.0,0.0,0.5,0.02,0.0,0.5,0.0,1.0,0.434,0.5,0.576,0.0,0.36,0.0,0,0,0.356,0.76,0.0,0.403,0.1,0.177,0.547,0.0,0.514,0.375,0.0,1.0,0.925
7310,2021.09.13 05:02:40,GBPCHFm,MEAN_REVERSION,BUY,1,1.27083,1.27006,1.27151,0.88,0.662,1.27076,1.27124,1.2706,0,0.031,0.3,-0.2071,1.27125,1.26841,1.27161,1.26718,1,0.0,0.5,0,1.27076,0.599,0.829,0,0.0,0.0,0.0,1.25801,13.174,0,0,0,0.5,0.545,0.193,0.545,0.425,0,0.711,0,0.775,1.27079,1.27041,0.24,0.157,0.0,2,0.25,0,0.711,0.579,1.5,0.386,0.423,1,1.27124,4,0.6,0.52,0.273,0.164,0.242,0.948,0.878,1.26924,1.25888,1.26136,98047.4041,3802.7607,2,1.27566,0.461,0.0,0.0,0.0,0.0,0,0.461,1,2,1693,0.771,0.555,0.384,27.0,27.0,0.2796,96.6,0.0,1,1,0.807,1.23714,1,0,0.276,1.2757,0,5.043,0.078,0.922,0.0,0.0,0.5,0.18,0.0,0.5,0.0,0.358,0.503,0.5,0.734,0.0,0.285,0.0,0,0,0.336,0.814,0.0,0.321,0.1,0.256,0.48,0.0,0.511,0.375,0.0,1.0,0.871
7312,2021.09.13 06:00:40,GBPCHFm,BREAKOUT,BUY,1,1.27094,1.27045,1.27325,4.73,0.329,1.27079,1.27105,1.27009,1,0.221,0.062,-0.1278,1.2707,1.26989,1.27161,1.26718,1,0.0,0.65,0,1.27027,0.757,0.0,2,0.0,0.0,0.0,1.25801,13.516,0,0,0,0.825,0.58,0.2151,0.58,0.403,0,0.683,0,0.648,1.27079,1.27053,0.128,0.15,0.0,2,0.4,0,0.683,0.167,0.428,0.39,0.327,0,1.27027,8,0.751,0.744,0.339,0.174,0.27,0.928,0.733,1.26924,1.25888,1.26136,98047.4041,3802.7607,2,1.27566,0.461,0.0,0.0,0.0,0.0,0,0.461,1,2,1694,0.771,0.555,0.384,27.0,27.0,0.2919,92.5,0.0,1,1,0.807,1.23714,1,0,0.276,1.2757,-1,5.146,0.078,0.922,0.0,0.0,0.0,0.99,0.0,0.5,0.0,0.325,0.445,0.5,0.566,0.0,0.732,0.0,0,0,0.496,0.57,0.0,0.374,0.1,0.409,0.544,0.0,0.515,0.375,0.0,1.0,0.754
7313,2021.09.13 06:00:59,GBPCHFm,PULLBACK,BUY,1,1.27085,1.27045,1.27188,2.59,0.531,1.27079,1.27105,1.27009,1,0.221,0.062,-0.2251,1.2707,1.26989,1.27161,1.26718,1,0.0,0.65,0,1.27027,0.757,0.0,2,0.0,0.0,0.0,1.25801,13.516,0,0,0,0.825,0.58,0.2151,0.58,0.24,0,0.683,0,0.648,1.27079,1.27053,0.225,0.053,0.0,2,0.4,0,0.683,0.137,0.331,0.414,0.324,0,1.27027,8,0.751,0.55,0.388,0.174,0.27,0.928,0.733,1.26924,1.25888,1.26136,98047.4041,3802.7607,2,1.27566,0.461,0.0,0.0,0.0,0.0,0,0.461,1,2,1694,0.771,0.555,0.384,27.0,27.0,0.2919,92.5,0.0,1,1,0.807,1.23714,1,0,0.276,1.2757,-1,5.243,0.078,0.922,0.0,0.0,0.0,0.98,0.0,0.5,0.0,0.374,0.472,0.5,0.518,0.0,0.626,0.0,0,0,0.422,0.619,0.0,0.467,0.1,0.45,0.531,0.0,0.513,0.375,0.0,1.0,0.835
7314,2021.09.13 06:01:00,GBPCHFm,TREND_CONTINUATION,BUY,1,1.27086,1.26975,1.27317,2.08,0.447,1.27079,1.27105,1.27009,1,0.221,0.062,-0.2143,1.2707,1.26989,1.27161,1.26718,1,0.0,0.65,0,1.27027,0.757,0.0,2,0.0,0.0,0.0,1.25801,13.516,0,0,0,0.825,0.58,0.2151,0.58,0.24,0,0.683,0,0.648,1.27079,1.27053,0.214,0.064,0.0,2,0.4,0,0.683,0.142,0.342,0.414,0.324,0,1.27027,8,0.751,0.571,0.388,0.174,0.27,0.928,0.733,1.26924,1.25888,1.26136,98047.4041,3802.7607,2,1.27566,0.461,0.0,0.0,0.0,0.0,0,0.461,1,2,1694,0.771,0.555,0.384,27.0,27.0,0.2919,92.5,0.0,1,1,0.807,1.23714,1,0,0.276,1.2757,-1,5.232,0.078,0.922,0.0,0.0,0.0,0.98,0.0,0.5,0.0,0.374,0.51,0.5,0.518,0.0,0.626,0.0,0,0,0.412,0.619,0.0,0.467,0.1,0.45,0.533,0.0,0.513,0.375,0.0,1.0,0.835
7318,2021.09.13 06:40:00,GBPCHFm,SWEEP_REVERSAL,SELL,1,1.27106,1.27199,1.27027,0.85,0.274,1.27079,1.27105,1.27009,0,0.221,0.062,0.2938,1.2707,1.26989,1.27161,1.26718,1,0.0,0.65,0,1.27027,0.757,0.0,2,0.0,0.0,0.0,1.25801,13.516,0,0,0,0.825,0.58,0.2151,0.58,0.457,0,0.683,0,0.648,1.27079,1.27101,0.294,0.055,0.0,2,0.4,0,0.683,0.324,0.85,0.382,0.345,0,1.27027,8,0.751,0.412,0.323,0.174,0.27,0.928,0.744,1.26924,1.25888,1.26136,98047.4041,3802.7607,2,1.27566,0.461,0.0,0.0,0.0,0.0,0,0.461,1,2,1694,0.771,0.555,0.384,27.0,27.0,0.2919,92.5,0.0,1,1,0.807,1.23714,1,0,0.276,1.2757,-1,5.016,0.078,0.922,0.0,0.0,0.0,0.8,0.0,0.5,0.0,0.325,0.578,0.5,0.541,0.0,0.668,0.0,0,0,0.477,0.54,0.0,0.467,0.1,0.378,0.718,0.0,0.51,0.375,0.0,1.0,0.917
7320,2021.09.13 07:00:00,GBPCHFm,BREAKOUT_RETEST,BUY,1,1.27084,1.27056,1.27113,1.03,0.42,1.27086,1.27119,1.27038,1,0.153,0.468,-0.308,1.2707,1.26989,1.27161,1.26718,1,0.0,0.55,0,1.27094,0.795,0.548,0,0.0,0.0,1.27069,1.25801,13.264,0,0,0,0.6,0.79,0.2121,0.79,0.424,0,0.679,0,0.812,1.27082,1.27016,0.269,0.429,-0.1552,1,0.3,0,0.679,0.166,0.429,0.386,0.364,1,1.27086,1,0.7,0.462,0.593,0.237,0.267,0.945,0.69,1.26924,1.25888,1.26136,98047.4041,3802.7607,2,1.27566,0.461,0.0,0.0,0.0,0.0,0,0.461,1,2,1695,0.771,0.555,0.384,27.0,27.0,0.2851,94.7,0.0,1,1,0.807,1.23714,1,0,0.276,1.2757,-1,5.131,0.078,0.922,0.0,0.0,0.0,0.28,0.0,0.5,0.0,0.345,0.366,0.5,0.498,0.0,0.579,0.0,0,0,0.461,0.8,0.0,0.593,0.1,0.277,0.434,0.0,0.521,0.375,0.0,1.0,0.86
0,2021.09.13 07:01:20,GBPCHFm,ANCHORED_PULLBACK,SELL,1,1.27068,1.27092,1.27038,1.23,0.566,1.27086,1.27119,1.27038,1,0.153,0.468,-0.1919,1.2707,1.26989,1.27161,1.26718,1,0.0,0.55,0,1.27094,0.795,0.548,0,0.0,0.0,1.27069,1.25801,13.264,0,0,0,0.6,0.79,0.2121,0.79,0.863,0,0.725,0,0.812,1.27082,1.27016,0.153,0.545,0.0,2,0.0,0,0.725,0.175,0.545,0.321,0.421,1,1.27038,5,0.6,0.694,0.041,0.237,0.162,0.945,0.69,1.26924,1.25888,1.26136,98047.4041,3802.7607,2,1.27566,0.461,0.0,0.0,0.0,0.0,0,0.461,1,2,1695,0.771,0.555,0.384,27.0,27.0,0.2851,94.7,0.0,1,1,0.807,1.23714,1,0,0.276,1.2757,-1,5.3,0.078,0.922,0.0,0.0,0.0,0.58,0.0,0.5,0.0,0.269,0.371,0.5,0.498,0.0,0.711,0.0,0,0,0.511,0.813,0.0,0.515,0.1,0.389,0.46,0.0,0.544,0.375,0.0,1.0,0.966
7322,2021.09.13 07:02:40,GBPCHFm,MEAN_REVERSION,SELL,1,1.27107,1.27183,1.27038,0.91,0.645,1.27086,1.27119,1.27038,1,0.153,0.468,0.2199,1.2707,1.26989,1.27161,1.26718,1,0.0,0.55,0,1.27094,0.795,0.548,0,0.0,0.0,1.27069,1.25801,13.264,0,0,0,0.6,0.79,0.2121,0.79,0.463,0,0.725,0,0.812,1.27082,1.27145,0.259,0.401,0.0,2,0.0,0,0.725,0.153,0.401,0.381,0.419,1,1.27038,5,0.6,0.483,0.161,0.237,0.162,0.945,0.72,1.26924,1.25888,1.26136,98047.4041,3802.7607,2,1.27566,0.461,0.0,0.0,0.0,0.0,0,0.461,1,2,1695,0.771,0.555,0.384,27.0,27.0,0.2851,94.7,0.0,1,1,0.807,1.23714,1,0,0.276,1.2757,-1,4.888,0.078,0.922,0.0,0.0,0.0,0.93,0.0,0.5,0.0,0.33,0.452,0.5,0.498,0.0,0.634,0.0,0,0,0.432,0.813,0.0,0.66,0.1,0.389,0.559,0.0,0.515,0.375,0.0,1.0,0.958
7324,2021.09.13 08:00:40,GBPCHFm,BREAKOUT,BUY,2,1.27166,1.27113,1.2741,4.6,0.39,1.27086,1.27142,1.27029,1,0.249,0.691,0.5479,1.2707,1.26989,1.27161,1.26718,1,0.0,0.55,0,1.27086,0.7,0.407,0,0.0,0.0,0.0,1.25801,13.511,0,0,0,0.975,0.825,0.1961,0.825,0.448,0,0.739,0,0.575,1.2708,1.27193,0.6,0.549,0.0,2,0.0,0,0.739,0.23,0.6,0.383,0.388,1,1.27086,8,0.74,0.0,0.166,0.247,0.115,0.837,0.833,1.26924,1.25888,1.26136,99821.8903,1774.4862,2,1.27566,0.472,0.0,0.0,0.0,0.0,0,0.428,1,2,1696,0.771,0.555,0.384,27.0,27.0,0.2765,97.6,0.0,1,1,0.807,1.23714,1,0,0.276,1.2757,0,4.138,0.078,0.922,0.0,0.0,0.5,0.18,0.0,0.5,0.0,0.51,0.584,0.5,0.477,0.0,0.597,0.0,0,0,0.432,0.706,0.876,0.693,0.062,0.389,0.625,0.0,0.514,0.375,0.0,1.0,0.958
7326,2021.09.13 08:06:00,GBPCHFm,PULLBACK,BUY,2,1.27153,1.27113,1.27215,1.54,0.615,1.27086,1.27142,1.27029,1,0.249,0.691,0.4148,1.2707,1.26989,1.27161,1.26718,1,0.0,0.55,0,1.27086,0.7,0.407,0,0.0,0.0,0.0,1.25801,13.511,0,0,0,0.975,0.825,0.1961,0.825,0.507,0,0.739,0,0.575,1.2708,1.27193,0.467,0.682,0.0,2,0.0,0,0.739,0.255,0.682,0.374,0.391,1,1.27086,8,0.74,0.066,0.148,0.247,0.115,0.837,0.833,1.26924,1.25888,1.26136,99821.8903,1774.4862,2,1.27566,0.472,0.0,0.0,0.0,0.0,0,0.428,1,2,1696,0.771,0.555,0.384,27.0,27.0,0.2765,97.6,0.0,1,1,0.807,1.23714,1,0,0.276,1.2757,0,4.271,0.078,0.922,0.0,0.0,0.5,0.46,0.0,0.5,0.0,0.468,0.579,0.5,0.454,0.0,0.451,0.0,0,0,0.364,0.717,0.807,0.572,0.062,0.389,0.603,0.0,0.514,0.375,0.0,1.0,0.958
7327,2021.09.13 08:06:40,GBPCHFm,TREND_CONTINUATION,BUY,2,1.27168,1.27051,1.27412,2.08,0.545,1.27086,1.27142,1.27029,1,0.249,0.691,0.5684,1.2707,1.26989,1.27161,1.26718,1,0.0,0.55,0,1.27086,0.7,0.407,0,0.0,0.0,0.0,1.25801,13.511,0,0,0,0.975,0.825,0.1961,0.825,0.448,0,0.739,0,0.575,1.2708,1.27193,0.621,0.528,0.0,2,0.0,0,0.739,0.238,0.621,0.383,0.389,1,1.27086,8,0.74,0.0,0.166,0.247,0.115,0.837,0.833,1.26924,1.25888,1.26136,99821.8903,1774.4862,2,1.27566,0.472,0.0,0.0,0.0,0.0,0,0.428,1,2,1696,0.771,0.555,0.384,27.0,27.0,0.2765,97.6,0.0,1,1,0.807,1.23714,1,0,0.276,1.2757,0,4.117,0.078,0.922,0.0,0.0,0.5,0.53,0.0,0.5,0.0,0.562,0.596,0.5,0.466,0.0,0.497,0.0,0,0,0.396,0.706,0.887,0.693,0.062,0.389,0.629,0.0,0.514,0.375,0.0,1.0,0.958
7330,2021.09.13 08:40:00,GBPCHFm,SWEEP_REVERSAL,SELL,2,1.27216,1.27314,1.27086,1.34,0.137,1.27086,1.27142,1.27029,0,0.249,0.691,1.3365,1.2707,1.26989,1.27161,1.26718,0,0.0,0.55,0,1.27086,0.7,0.407,0,0.0,0.0,0.0,1.25801,13.511,0,0,0,0.975,0.825,0.1961,0.825,0.053,0,0.739,0,0.575,1.2708,1.27193,1.389,0.24,0.0,2,0.0,0,0.739,0.614,1.389,0.442,0.433,1,1.27086,8,0.74,0.0,0.284,0.247,0.115,0.837,0.833,1.26924,1.25888,1.26136,99821.8903,1774.4862,2,1.27566,0.472,0.0,0.0,0.0,0.0,0,0.428,1,2,1696,0.771,0.555,0.384,27.0,27.0,0.2765,97.6,0.0,1,1,0.807,1.23714,1,0,0.276,1.2757,0,3.625,0.078,0.922,0.0,0.0,0.5,0.73,0.0,0.5,0.0,0.568,0.523,0.5,0.462,0.0,0.332,0.0,0,0,0.285,0.565,0.0,0.475,0.048,0.495,0.868,0.0,0.509,0.375,0.0,1.0,1.038
7332,2021.09.13 09:01:20,GBPCHFm,ANCHORED_PULLBACK,BUY,2,1.27285,1.27182,1.27472,1.82,0.372,1.27127,1.2719,1.27037,0,1.446,0.018,1.2221,1.27125,1.26877,1.27149,1.2673,0,0.0,0.55,0,1.27072,0.751,0.5,0,0.0,0.0,1.27215,1.25801,13.834,0,0,1,1.0,0.86,0.118,0.86,0.122,0,0.664,0,0.622,1.2712,1.27259,1.287,0.011,0.0,2,0.15,0,0.664,0.752,1.741,0.432,0.423,1,1.27127,1,0.7,0.0,0.323,0.258,0.177,0.913,0.86,1.26924,1.25888,1.26136,99821.8903,1774.4862,2,1.27566,0.472,0.0,0.0,0.0,0.0,0,0.428,1,2,1697,0.771,0.555,0.384,27.0,27.0,0.2522,107.1,0.0,1,1,0.807,1.23714,1,0,0.276,1.2757,0,2.662,0.078,0.922,0.0,0.0,0.5,0.83,0.0,0.5,0.0,1.0,0.538,0.5,0.458,0.0,0.271,0.0,0,0,0.269,0.236,0.0,0.574,0.1,0.839,0.864,0.0,0.503,0.375,0.0,1.0,0.887
7333,2021.09.13 09:02:40,GBPCHFm,MEAN_REVERSION,SELL,2,1.27274,1.2736,1.27127,1.71,0.618,1.27127,1.2719,1.27037,0,1.446,0.018,1.3715,1.27125,1.26877,1.27149,1.2673,0,0.0,0.55,0,1.27072,0.751,0.5,0,0.0,0.0,1.27215,1.25801,13.834,0,0,1,1.0,0.86,0.118,0.86,0.037,0,0.664,0,0.622,1.2712,1.27259,1.436,0.138,0.0,2,0.15,0,0.664,0.84,1.891,0.444,0.433,1,1.27127,1,0.7,0.0,0.349,0.258,0.177,0.913,0.86,1.26924,1.25888,1.26136,99821.8903,1774.4862,2,1.27566,0.472,0.0,0.0,0.0,0.0,0,0.428,1,2,1697,0.771,0.555,0.384,27.0,27.0,0.2522,107.1,0.0,1,1,0.807,1.23714,1,0,0.276,1.2757,0,2.765,0.078,0.922,0.0,0.0,0.5,0.93,0.0,0.5,0.0,1.0,0.596,0.5,0.458,0.0,0.271,0.0,0,0,0.303,0.147,0.0,0.574,0.1,0.839,0.864,0.0,0.503,0.375,0.0,1.0,0.887
7336,2021.09.13 10:00:40,GBPCHFm,BREAKOUT,BUY,2,1.27478,1.27252,1.27761,1.25,0.508,1.27128,1.27218,1.27057,0,2.522,0.027,2.8595,1.27078,1.26871,1.27187,1.26766,0,0.0,0.4,0,1.27128,0.781,0.181,0,0.0,0.0,1.27358,1.25801,14.436,0,0,1,1.0,0.895,0.0694,0.895,0.052,0,0.671,1,0.283,1.27118,1.2739,2.949,0.543,0.0,2,0.15,0,0.671,1.304,2.949,0.442,0.433,1,1.27128,8,0.756,0.0,0.344,0.269,0.053,0.804,0.872,1.26924,1.25888,1.26136,99821.8903,1774.4862,2,1.27566,0.472,0.0,0.0,0.0,0.0,0,0.428,1,2,1698,0.771,0.555,0.384,27.0,27.0,0.2388,113.1,0.0,1,1,0.807,1.23714,1,0,0.276,1.2757,0,0.814,0.078,0.922,0.0,0.0,0.5,0.99,0.0,0.5,0.0,1.0,0.878,0.5,0.453,0.0,0.283,0.0,0,0,0.476,0.146,0.0,0.095,0.1,0.732,0.863,0.0,0.51,0.4,0.0,1.0,0.903
7338,2021.09.13 10:06:00,GBPCHFm,PULLBACK,BUY,2,1.27476,1.27374,1.27815,3.33,0.489,1.27128,1.27218,1.27057,0,2.522,0.027,2.8418,1.27078,1.26871,1.27187,1.26766,0,0.0,0.4,0,1.27128,0.781,0.181,0,0.0,0.0,1.27358,1.25801,14.436,0,0,1,1.0,0.895,0.0694,0.895,0.052,0,0.671,1,0.283,1.27118,1.2739,2.931,0.525,0.0,2,0.15,0,0.671,1.296,2.931,0.442,0.432,1,1.27128,8,0.756,0.0,0.344,0.269,0.053,0.804,0.872,1.26924,1.25888,1.26136,99821.8903,1774.4862,2,1.27566,0.472,0.0,0.0,0.0,0.0,0,0.428,1,2,1698,0.771,0.555,0.384,27.0,27.0,0.2388,113.1,0.0,1,1,0.807,1.23714,1,0,0.276,1.2757,0,0.831,0.078,0.922,0.0,0.0,0.5,0.96,0.0,0.5,0.0,1.0,0.858,0.5,0.489,0.0,0.304,0.0,0,0,0.483,0.146,0.0,0.095,0.1,0.754,0.863,0.0,0.51,0.4,0.0,1.0,0.903
7340,2021.09.13 10:06:40,GBPCHFm,TREND_CONTINUATION,BUY,2,1.27466,1.2733,1.27749,2.08,0.572,1.27128,1.27218,1.27057,0,2.522,0.027,2.7533,1.27078,1.26871,1.27187,1.26766,0,0.0,0.4,0,1.27128,0.781,0.181,0,0.0,0.0,1.27358,1.25801,14.436,0,0,1,1.0,0.895,0.0694,0.895,0.052,0,0.671,1,0.283,1.27118,1.2739,2.842,0.437,0.0,2,0.15,0,0.671,1.257,2.842,0.442,0.428,1,1.27128,8,0.756,0.0,0.344,0.269,0.053,0.804,0.872,1.26924,1.25888,1.26136,99821.8903,1774.4862,2,1.27566,0.472,0.0,0.0,0.0,0.0,0,0.428,1,2,1698,0.771,0.555,0.384,27.0,27.0,0.2388,113.1,0.0,1,1,0.807,1.23714,1,0,0.276,1.2757,0,0.92,0.078,0.922,0.0,0.0,0.5,0.7,0.0,0.5,0.0,1.0,0.846,0.5,0.489,0.0,0.304,0.0,0,0,0.476,0.146,0.0,0.095,0.1,0.754,0.863,0.0,0.51,0.4,0.0,1.0,0.903
7342,2021.09.13 10:40:00,GBPCHFm,SWEEP_REVERSAL,SELL,2,1.27558,1.27671,1.27128,3.81,0.179,1.27128,1.27218,1.27057,0,2.522,0.027,3.8058,1.27078,1.26871,1.27187,1.26766,0,0.0,0.4,0,1.27128,0.781,0.181,0,0.0,0.0,1.27358,1.25801,14.436,0,0,1,1.0,0.895,0.0694,0.895,0.052,0,0.671,1,0.283,1.27118,1.2739,3.895,1.489,0.0,2,0.15,0,0.671,1.722,3.895,0.442,0.482,1,1.27128,8,0.756,0.0,0.344,0.269,0.053,0.804,0.872,1.26924,1.25888,1.26136,99821.8903,1774.4862,2,1.27566,0.472,0.0,0.0,0.0,0.0,0,0.428,1,2,1698,0.771,0.555,0.384,27.0,27.0,0.2388,113.1,0.0,1,1,0.807,1.23714,1,0,0.276,1.2757,0,0.106,0.078,0.922,0.0,0.0,0.5,0.8,0.0,0.5,0.0,0.448,0.623,0.5,0.505,0.0,0.38,0.0,0,0,0.378,0.146,0.0,0.095,0.1,0.647,0.863,0.0,0.51,0.4,0.0,1.0,0.903
7344,2021.09.13 11:01:20,GBPCHFm,ANCHORED_PULLBACK,BUY,2,1.27732,1.27641,1.27956,2.47,0.6,1.27149,1.27456,1.271,0,3.87,0.517,4.4338,1.27059,1.27016,1.27156,1.26709,0,0.0,0.55,2,1.27149,0.64,0.248,0,0.0,0.0,1.27679,1.25801,15.134,0,0,1,1.0,0.93,0.2094,0.93,0.223,2,0.396,1,0.167,1.27165,1.27618,4.305,0.694,0.0,2,0.0,3,1.0,0.428,0.694,0.617,0.428,1,0.0,0,0.0,0.0,0.233,0.679,0.0,0.859,0.865,1.26924,1.25888,1.26136,99821.8903,1774.4862,2,1.27566,0.472,0.0,0.0,0.0,0.0,0,0.428,1,2,1699,0.771,0.555,0.384,27.0,27.0,0.2153,125.4,0.0,1,1,0.807,1.23714,0,0,0.0,1.2757,0,32.034,0.078,0.922,0.0,0.0,0.5,0.92,0.0,0.5,0.0,0.286,0.806,0.5,0.665,0.0,0.682,0.0,0,0,0.656,0.288,0.0,0.164,0.067,1.0,0.745,0.0,0.445,0.4,0.0,1.0,1.015
7346,2021.09.13 12:00:00,GBPCHFm,BREAKOUT_RETEST,BUY,2,1.27714,1.27678,1.27978,7.25,0.832,1.27673,1.27719,1.27256,1,0.118,1.392,0.1183,1.2706,1.27018,1.27214,1.26765,0,0.0,0.75,2,1.27673,0.682,0.111,0,0.0,0.0,1.27662,1.25801,15.552,0,0,1,1.0,0.965,0.4114,0.965,0.985,1,0.057,3,0.702,1.27657,1.2758,0.246,0.883,0.8876,0,0.3,2,1.0,0.399,0.883,0.452,0.452,1,1.27256,5,0.6,0.509,0.124,0.99,0.105,0.899,0.825,1.26924,1.25888,1.26142,93719.0464,-6102.8439,1,1.27566,0.478,0.0,0.0,0.0,0.0,0,0.506,1,2,1700,0.777,0.551,0.384,27.0,27.0,0.2226,121.3,0.0,1,1,0.807,1.23714,0,0,0.0,1.2757,0,32.98,0.11,0.89,0.0,1.0,0.5,0.97,0.0,0.5,0.0,0.953,0.57,0.5,0.513,0.0,0.603,0.0,0,0,0.437,0.662,0.0,0.238,0.093,1.0,0.65,0.0,0.476,0.4,0.0,1.0,1.147
7347,2021.09.13 12:00:40,GBPCHFm,BREAKOUT,BUY,2,1.27724,1.27542,1.28027,1.67,0.48,1.27673,1.27719,1.27256,1,0.118,1.392,0.2008,1.2706,1.27018,1.27214,1.26765,0,0.0,0.75,2,1.27673,0.682,0.111,0,0.0,0.0,1.27662,1.25801,15.552,0,0,1,1.0,0.965,0.4114,0.965,0.274,2,0.357,3,0.702,1.27657,1.2758,0.328,0.965,0.0,2,0.0,3,1.0,0.588,0.965,0.609,0.519,2,1.27657,2,0.55,0.344,0.218,0.69,0.0,0.899,0.825,1.26924,1.25888,1.26142,93719.0464,-6102.8439,1,1.27566,0.478,0.0,0.0,0.0,0.0,0,0.506,1,2,1700,0.777,0.551,0.384,27.0,27.0,0.2226,121.3,0.0,1,1,0.807,1.23714,0,0,0.0,1.2757,0,33.062,0.11,0.89,0.0,1.0,0.5,0.99,0.0,0.5,0.0,0.961,0.598,0.5,0.513,0.0,0.603,0.0,0,0,0.454,0.561,0.0,0.24,0.087,1.0,0.65,0.0,0.452,0.4,0.0,1.0,1.041
7350,2021.09.13 12:06:00,GBPCHFm,PULLBACK,BUY,2,1.2777,1.27688,1.28134,4.41,0.643,1.27673,1.27719,1.27256,0,0.118,1.392,0.58,1.2706,1.27018,1.27214,1.26765,0,0.0,0.75,2,1.27673,0.682,0.111,0,0.0,0.0,1.27662,1.25801,15.552,0,0,1,1.0,0.965,0.4114,0.965,0.274,2,0.357,3,0.702,1.27657,1.2758,0.707,1.344,0.0,2,0.0,3,1.0,0.819,1.344,0.609,0.546,2,1.27673,8,0.736,0.0,0.218,0.69,0.0,0.899,0.825,1.26924,1.25888,1.26142,93719.0464,-6102.8439,1,1.27566,0.478,0.0,0.0,0.0,0.0,0,0.506,1,2,1700,0.777,0.551,0.384,27.0,27.0,0.2226,121.3,0.0,1,1,0.807,1.23714,0,0,0.0,1.2757,0,33.442,0.11,0.89,0.0,1.0,0.5,0.98,0.0,0.5,0.0,0.522,0.634,0.5,0.45,0.0,0.55,0.0,0,0,0.435,0.417,0.0,0.164,0.067,1.0,0.713,0.0,0.452,0.4,0.0,1.0,1.085
7351,2021.09.13 12:06:40,GBPCHFm,TREND_CONTINUATION,BUY,2,1.27763,1.27617,1.28066,2.08,0.754,1.27673,1.27719,1.27256,0,0.118,1.392,0.5223,1.2706,1.27018,1.27214,1.26765,0,0.0,0.75,2,1.27673,0.682,0.111,0,0.0,0.0,1.27662,1.25801,15.552,0,0,1,1.0,0.965,0.4114,0.965,0.274,2,0.357,3,0.702,1.27657,1.2758,0.65,1.287,0.0,2,0.0,3,1.0,0.783,1.287,0.609,0.541,2,1.27673,8,0.736,0.0,0.218,0.69,0.0,0.899,0.825,1.26924,1.25888,1.26142,93719.0464,-6102.8439,1,1.27566,0.478,0.0,0.0,0.0,0.0,0,0.506,1,2,1700,0.777,0.551,0.384,27.0,27.0,0.2226,121.3,0.0,1,1,0.807,1.23714,0,0,0.0,1.2757,0,33.384,0.11,0.89,0.0,1.0,0.5,0.9,0.0,0.5,0.0,0.522,0.615,0.5,0.45,0.0,0.55,0.0,0,0,0.424,0.417,0.0,0.164,0.067,1.0,0.707,0.0,0.452,0.4,0.0,1.0,1.085
0,2021.09.13 13:01:20,GBPCHFm,ANCHORED_PULLBACK,BUY,4,1.27657,1.27643,1.27673,1.12,0.372,1.27673,1.27767,1.27499,1,0.072,1.165,-0.3502,1.27073,1.26919,1.27182,1.26773,0,0.0,0.5,2,1.27673,0.741,0.528,0,0.0,0.0,1.2768,1.25801,15.093,0,0,1,0.8,1.0,0.5637,1.0,0.359,2,0.543,3,0.82,1.27673,1.27499,0.35,1.07,0.0,2,0.0,0,0.543,0.424,1.07,0.396,0.381,1,1.27673,8,0.748,0.3,0.192,0.3,0.0,0.745,0.911,1.26924,1.25888,1.26142,93719.0464,-6102.8439,1,1.27566,0.478,0.0,0.0,0.0,0.0,0,0.506,1,2,1701,0.777,0.551,0.384,27.0,27.0,0.2198,122.9,0.0,1,1,0.807,1.23714,0,0,0.0,1.2757,0,32.094,0.11,0.89,0.0,1.0,0.5,0.02,0.0,0.5,0.0,0.759,0.36,0.5,0.522,0.0,0.249,0.0,0,0,0.34,0.821,0.0,0.38,0.067,0.964,0.65,0.0,0.503,0.4,0.0,1.0,0.974
7354,2021.09.13 13:08:40,GBPCHFm,MEAN_REVERSION,BUY,4,1.27589,1.27513,1.277,1.46,0.526,1.27673,1.27767,1.27499,1,0.072,1.165,-0.9037,1.27073,1.26919,1.27182,1.26773,0,0.0,0.5,2,1.27673,0.741,0.528,0,0.0,0.0,1.2768,1.25801,15.093,0,0,1,0.8,1.0,0.5637,1.0,0.144,2,0.543,3,0.82,1.27458,1.27499,0.845,0.517,0.0,2,0.0,0,0.543,0.387,0.904,0.428,0.33,0,1.27499,5,0.6,0.0,0.257,0.3,0.0,0.376,0.911,1.26924,1.25888,1.26142,93719.0464,-6102.8439,1,1.27566,0.478,0.0,0.0,0.0,0.0,0,0.506,1,2,1701,0.777,0.551,0.384,27.0,27.0,0.2198,122.9,0.0,1,1,0.807,1.23714,0,0,0.0,1.2757,0,31.541,0.11,0.89,0.0,1.0,0.5,0.0,0.0,0.5,0.0,0.799,0.359,0.5,0.492,0.0,0.254,0.0,0,0,0.334,0.581,0.0,0.143,0.067,0.721,0.65,0.0,0.498,0.4,0.0,1.0,0.974
7356,2021.09.13 13:35:40,GBPCHFm,SWEEP_REVERSAL,BUY,4,1.27495,1.27372,1.277,1.67,0.09,1.27673,1.27767,1.27499,0,0.072,1.165,-1.6688,1.27073,1.26919,1.27182,1.26773,0,0.0,0.5,2,1.27673,0.741,0.528,0,0.0,0.0,1.2768,1.25801,15.093,0,0,1,0.8,1.0,0.5637,1.0,0.392,2,0.543,3,0.82,1.27458,1.27499,0.08,0.248,0.0,2,0.0,0,0.543,0.653,1.669,0.391,0.361,1,1.27673,8,0.748,0.841,0.182,0.3,0.0,0.376,0.911,1.26924,1.25888,1.26142,93719.0464,-6102.8439,1,1.27566,0.478,0.0,0.0,0.0,0.0,0,0.506,1,2,1701,0.777,0.551,0.384,27.0,27.0,0.2198,122.9,0.0,1,1,0.807,1.23714,0,0,0.0,1.2757,0,30.776,0.11,0.89,0.0,1.0,0.5,0.0,0.0,0.5,0.0,0.3,0.273,0.5,0.565,0.0,0.498,0.0,0,0,0.505,0.612,0.0,0.143,0.067,0.961,0.65,0.0,0.498,0.4,0.0,1.0,1.06
7358,2021.09.13 14:36:40,GBPCHFm,PULLBACK,BUY,4,1.27471,1.2727,1.27699,1.14,0.456,1.27672,1.2775,1.27543,0,0.149,0.107,-1.7036,1.27073,1.26919,1.27241,1.26773,0,0.0,0.6,0,1.27672,0.654,0.281,0,0.0,0.0,1.27478,1.25801,12.57,0,0,1,1.0,0.825,0.5354,0.825,0.592,2,0.644,3,0.49,1.27466,1.27526,0.164,0.613,0.0,2,0.4,0,0.644,0.615,1.704,0.361,0.325,0,1.27672,8,0.731,0.672,0.282,0.247,0.14,0.73,0.807,1.26924,1.25888,1.26142,93719.0464,-6102.8439,1,1.27566,0.478,0.0,0.0,0.0,0.0,0,0.506,1,2,1702,0.777,0.551,0.384,27.0,27.0,0.2014,134.1,0.0,1,1,0.807,1.23714,0,0,0.0,1.2757,0,28.022,0.11,0.89,0.0,1.0,0.5,0.99,0.0,0.5,0.0,0.452,0.584,0.5,0.492,0.0,0.553,0.0,0,0,0.419,0.62,0.0,0.345,0.1,0.634,0.434,0.0,0.487,0.4,0.0,1.0,0.972
7359,2021.09.13 14:36:59,GBPCHFm,TREND_CONTINUATION,BUY,4,1.27457,1.27296,1.27699,1.51,0.538,1.27672,1.2775,1.27543,0,0.149,0.107,-1.808,1.27073,1.26919,1.27241,1.26773,0,0.0,0.6,0,1.27672,0.654,0.281,0,0.0,0.0,1.27478,1.25801,12.57,0,0,1,1.0,0.825,0.5354,0.825,0.288,2,0.644,3,0.49,1.27466,1.27526,0.269,0.718,0.0,2,0.4,0,0.644,0.735,1.808,0.407,0.339,0,1.27672,8,0.731,0.463,0.374,0.247,0.14,0.73,0.807,1.26924,1.25888,1.26142,93719.0464,-6102.8439,1,1.27566,0.478,0.0,0.0,0.0,0.0,0,0.506,1,2,1702,0.777,0.551,0.384,27.0,27.0,0.2014,134.1,0.0,1,1,0.807,1.23714,0,0,0.0,1.2757,0,27.918,0.11,0.89,0.0,1.0,0.5,0.98,0.0,0.5,0.0,0.452,0.591,0.5,0.492,0.0,0.553,0.0,0,0,0.423,0.552,0.0,0.345,0.1,0.634,0.434,0.0,0.496,0.4,0.0,1.0,0.972
7362,2021.09.13 15:35:40,GBPCHFm,SWEEP_REVERSAL,BUY,4,1.27551,1.27498,1.27693,2.65,0.608,1.27666,1.27744,1.27451,1,0.345,0.123,-0.9804,1.27073,1.27094,1.27241,1.26773,0,0.0,0.65,0,1.27485,0.777,0.379,0,0.0,0.0,1.27511,1.25801,12.014,0,1,1,1.0,0.825,0.4806,0.825,0.256,2,0.55,3,0.325,1.27474,1.27564,0.347,0.277,0.0,2,0.7,6,0.7,0.256,0.98,0.262,0.245,0,1.27474,2,0.55,0.305,0.703,0.247,0.545,0.838,0.798,1.26924,1.25888,1.26142,93719.0464,-6102.8439,1,1.27566,0.478,0.0,0.0,0.0,0.0,0,0.506,1,2,1703,0.777,0.551,0.384,27.0,27.0,0.187,144.4,0.0,1,1,0.807,1.23714,0,0,0.0,1.2757,1,26.58,0.11,0.89,0.0,1.0,1.0,0.6,0.0,0.5,0.0,0.0,0.609,0.5,0.0,0.0,0.0,0.0,0,0,0.065,0.0,0.0,0.0,0.1,0.0,0.5,0.0,0.0,0.0,0.0,0.0,0.0
7364,2021.09.13 16:00:00,GBPCHFm,BREAKOUT_RETEST,BUY,4,1.27565,1.27522,1.27715,3.47,0.502,1.2753,1.27564,1.27316,1,0.054,0.259,0.0539,1.27073,1.27094,1.27241,1.26773,0,0.0,0.55,0,1.27485,0.725,0.636,0,0.0,0.0,0.0,1.25801,12.04,0,0,1,0.8,1.0,0.4171,1.0,1.0,2,0.475,0,0.58,1.27496,1.27575,0.288,0.259,0.0,2,0.15,0,0.555,0.11,0.366,0.3,0.308,0,1.27485,8,0.745,0.423,0.06,0.3,0.169,0.849,0.767,1.26726,1.25888,1.26537,242844.6433,149125.597,2,1.27566,0.5,0.0,0.0,0.0,0.0,0,0.75,1,2,1704,0.777,0.551,0.384,27.0,27.0,0.1871,144.3,0.0,1,1,0.807,1.23714,0,0,0.0,1.2757,1,26.69,0.019,0.981,0.0,0.0,1.0,0.76,0.0,0.5,0.0,1.0,0.565,0.5,0.536,0.0,0.343,0.0,0,0,0.337,0.584,0.0,0.299,0.1,0.614,0.701,0.0,0.492,0.4,0.0,1.0,0.98
7366,2021.09.13 16:00:40,GBPCHFm,BREAKOUT,BUY,4,1.27555,1.27339,1.27916,1.67,0.317,1.2753,1.27564,1.27316,1,0.054,0.259,-0.0154,1.27073,1.27094,1.27241,1.26773,0,0.0,0.55,0,1.27485,0.725,0.636,0,0.0,0.0,0.0,1.25801,12.04,0,0,1,0.8,1.0,0.4171,1.0,1.0,2,0.475,0,0.58,1.27496,1.27575,0.219,0.328,0.0,2,0.15,0,0.555,0.098,0.328,0.3,0.306,0,1.27316,5,0.6,0.562,0.06,0.3,0.169,0.849,0.767,1.26726,1.25888,1.26537,242844.6433,149125.597,2,1.27566,0.5,0.0,0.0,0.0,0.0,0,0.75,1,2,1704,0.777,0.551,0.384,27.0,27.0,0.1871,144.3,0.0,1,1,0.807,1.23714,0,0,0.0,1.2757,1,26.621,0.019,0.981,0.0,0.0,1.0,0.36,0.0,0.5,0.0,1.0,0.543,0.5,0.536,0.0,0.343,0.0,0,0,0.323,0.584,0.0,0.513,0.1,0.614,0.65,0.0,0.492,0.4,0.0,1.0,0.98
7368,2021.09.13 16:36:40,GBPCHFm,PULLBACK,BUY,4,1.27563,1.27347,1.27996,2.0,0.557,1.2753,1.27564,1.27316,1,0.054,0.259,0.04,1.27073,1.27094,1.27241,1.26773,0,0.0,0.55,0,1.27485,0.725,0.636,0,0.0,0.0,0.0,1.25801,12.04,0,0,1,0.8,1.0,0.4171,1.0,1.0,2,0.475,0,0.58,1.27496,1.27575,0.274,0.273,0.0,2,0.15,0,0.555,0.106,0.353,0.3,0.307,0,1.27485,8,0.745,0.451,0.06,0.3,0.169,0.849,0.767,1.26726,1.25888,1.26537,242844.6433,149125.597,2,1.27566,0.5,0.0,0.0,0.0,0.0,0,0.75,1,2,1704,0.777,0.551,0.384,27.0,27.0,0.1871,144.3,0.0,1,1,0.807,1.23714,0,0,0.0,1.2757,1,26.676,0.019,0.981,0.0,0.0,1.0,0.35,0.0,0.5,0.0,1.0,0.629,0.5,0.565,0.0,0.231,0.0,0,0,0.339,0.584,0.0,0.299,0.1,0.614,0.7,0.0,0.492,0.4,0.0,1.0,0.98
7369,2021.09.13 16:36:59,GBPCHFm,TREND_CONTINUATION,BUY,4,1.27563,1.2739,1.27924,2.08,0.477,1.2753,1.27564,1.27316,1,0.054,0.259,0.04,1.27073,1.27094,1.27241,1.26773,0,0.0,0.55,0,1.27485,0.725,0.636,0,0.0,0.0,0.0,1.25801,12.04,0,0,1,0.8,1.0,0.4171,1.0,1.0,2,0.475,0,0.58,1.27496,1.27575,0.274,0.273,0.0,2,0.15,0,0.555,0.106,0.353,0.3,0.307,0,1.27485,8,0.745,0.451,0.06,0.3,0.169,0.849,0.767,1.26726,1.25888,1.26537,242844.6433,149125.597,2,1.27566,0.5,0.0,0.0,0.0,0.0,0,0.75,1,2,1704,0.777,0.551,0.384,27.0,27.0,0.1871,144.3,0.0,1,1,0.807,1.23714,0,0,0.0,1.2757,1,26.676,0.019,0.981,0.0,0.0,1.0,0.34,0.0,0.5,0.0,1.0,0.615,0.5,0.565,0.0,0.231,0.0,0,0,0.33,0.584,0.0,0.299,0.1,0.614,0.7,0.0,0.492,0.4,0.0,1.0,0.98
7372,2021.09.13 18:00:00,GBPCHFm,ANCHORED_PULLBACK,BUY,3,1.27617,1.27562,1.27884,4.83,0.501,1.27528,1.27576,1.27453,0,0.326,0.047,0.4188,1.27073,1.27094,1.27299,1.26773,0,0.0,0.45,0,1.27528,0.639,0.81,0,0.0,0.0,1.27576,1.25801,12.154,0,0,1,1.0,1.0,0.225,1.0,0.091,0,0.673,2,0.275,1.27522,1.27576,0.465,0.093,-0.1987,1,0.15,0,0.753,0.203,0.465,0.436,0.313,0,1.27528,8,0.728,0.069,0.633,0.3,0.053,0.716,0.888,1.26726,1.25888,1.26537,242844.6433,149125.597,2,1.27566,0.5,0.0,0.0,0.0,0.0,0,0.75,1,2,1706,0.777,0.551,0.384,27.0,27.0,0.1834,147.2,0.0,1,1,0.807,1.23714,0,0,0.0,1.2757,1,26.512,0.019,0.981,0.0,0.0,1.0,0.97,0.0,0.5,0.0,1.0,0.562,0.5,0.566,0.0,0.287,0.0,0,0,0.322,0.44,0.0,0.485,0.1,0.176,0.826,0.0,0.459,0.4,0.0,1.0,0.912
7373,2021.09.13 18:00:40,GBPCHFm,BREAKOUT,BUY,3,1.27627,1.27554,1.27995,5.06,0.479,1.27528,1.27576,1.27453,0,0.326,0.047,0.4867,1.27073,1.27094,1.27299,1.26773,0,0.0,0.45,0,1.27528,0.639,0.81,0,0.0,0.0,1.27576,1.25801,12.154,0,0,1,1.0,1.0,0.225,1.0,0.091,0,0.675,2,0.275,1.27522,1.27576,0.533,0.161,0.0,2,0.15,0,0.755,0.233,0.533,0.436,0.317,0,1.27528,8,0.728,0.0,0.333,0.3,0.053,0.716,0.888,1.26726,1.25888,1.26537,242844.6433,149125.597,2,1.27566,0.5,0.0,0.0,0.0,0.0,0,0.75,1,2,1706,0.777,0.551,0.384,27.0,27.0,0.1834,147.2,0.0,1,1,0.807,1.23714,0,0,0.0,1.2757,1,26.58,0.019,0.981,0.0,0.0,1.0,0.99,0.0,0.5,0.0,1.0,0.585,0.5,0.566,0.0,0.298,0.0,0,0,0.34,0.44,0.0,0.57,0.1,0.31,0.838,0.0,0.473,0.4,0.0,1.0,0.972
7376,2021.09.13 18:36:40,GBPCHFm,PULLBACK,BUY,3,1.27634,1.27413,1.28076,2.0,0.47,1.27528,1.27576,1.27453,0,0.326,0.047,0.5343,1.27073,1.27094,1.27299,1.26773,0,0.0,0.45,0,1.27528,0.639,0.81,0,0.0,0.0,1.27576,1.25801,12.154,0,0,1,1.0,1.0,0.225,1.0,0.091,0,0.675,2,0.275,1.27522,1.27576,0.581,0.209,0.0,2,0.15,0,0.755,0.253,0.581,0.436,0.32,0,1.27528,8,0.728,0.0,0.333,0.3,0.053,0.716,0.888,1.26726,1.25888,1.26537,242844.6433,149125.597,2,1.27566,0.5,0.0,0.0,0.0,0.0,0,0.75,1,2,1706,0.777,0.551,0.384,27.0,27.0,0.1834,147.2,0.0,1,1,0.807,1.23714,0,0,0.0,1.2757,1,26.628,0.019,0.981,0.0,0.0,1.0,0.57,0.0,0.5,0.0,0.861,0.566,0.5,0.587,0.0,0.442,0.0,0,0,0.393,0.44,0.0,0.57,0.1,0.376,0.846,0.0,0.473,0.4,0.0,1.0,0.972
7377,2021.09.13 18:36:59,GBPCHFm,TREND_CONTINUATION,BUY,3,1.27632,1.27455,1.28,2.08,0.551,1.27528,1.27576,1.27453,0,0.326,0.047,0.5207,1.27073,1.27094,1.27299,1.26773,0,0.0,0.45,0,1.27528,0.639,0.81,0,0.0,0.0,1.27576,1.25801,12.154,0,0,1,1.0,1.0,0.225,1.0,0.091,0,0.675,2,0.275,1.27522,1.27576,0.567,0.195,0.0,2,0.15,0,0.755,0.248,0.567,0.436,0.319,0,1.27528,8,0.728,0.0,0.333,0.3,0.053,0.716,0.888,1.26726,1.25888,1.26537,242844.6433,149125.597,2,1.27566,0.5,0.0,0.0,0.0,0.0,0,0.75,1,2,1706,0.777,0.551,0.384,27.0,27.0,0.1834,147.2,0.0,1,1,0.807,1.23714,0,0,0.0,1.2757,1,26.614,0.019,0.981,0.0,0.0,1.0,0.38,0.0,0.5,0.0,0.861,0.569,0.5,0.587,0.0,0.442,0.0,0,0,0.394,0.44,0.0,0.57,0.1,0.376,0.844,0.0,0.473,0.4,0.0,1.0,0.972
7380,2021.09.13 20:00:00,GBPCHFm,BREAKOUT_RETEST,BUY,3,1.27655,1.27611,1.27749,2.15,0.502,1.27611,1.27658,1.2753,1,0.115,0.177,0.115,1.27647,1.27094,1.27299,1.26773,0,0.0,0.75,0,1.27611,0.78,0.412,0,0.0,0.0,0.0,1.25801,12.546,0,0,1,0.824,0.5741,0.0186,0.574,0.153,0,0.746,3,0.567,1.27607,1.27654,0.144,0.177,0.0,2,0.4,0,0.826,0.64,1.5,0.427,0.403,1,1.2753,5,0.6,0.712,0.414,0.172,0.14,0.886,0.887,1.27615,1.25888,1.26537,250404.27,7559.6266,2,1.27566,0.524,0.0,0.0,0.0,0.0,0,0.715,1,2,1708,0.777,0.551,0.384,27.0,27.0,0.1854,145.6,0.0,1,1,0.807,1.23714,0,0,0.0,1.2757,1,27.059,0.106,0.894,0.0,0.0,1.0,0.19,0.0,0.5,0.0,0.695,0.41,0.5,0.728,0.0,0.48,0.0,0,0,0.465,0.57,0.0,0.35,0.1,0.31,0.65,0.0,0.476,0.4,0.0,1.0,0.801
7382,2021.09.13 20:00:59,GBPCHFm,BREAKOUT,BUY,3,1.27649,1.27431,1.28013,1.67,0.346,1.27611,1.27658,1.2753,1,0.115,0.177,0.0738,1.27647,1.27094,1.27299,1.26773,0,0.0,0.75,0,1.27611,0.78,0.412,0,0.0,0.0,0.0,1.25801,12.546,0,0,1,0.824,0.5741,0.0186,0.574,0.388,0,0.746,3,0.567,1.27607,1.27654,0.103,0.218,0.0,2,0.4,0,0.826,0.588,1.5,0.392,0.397,1,1.2753,5,0.6,0.794,0.344,0.172,0.14,0.886,0.887,1.27615,1.25888,1.26537,250404.27,7559.6266,2,1.27566,0.524,0.0,0.0,0.0,0.0,0,0.715,1,2,1708,0.777,0.551,0.384,27.0,27.0,0.1854,145.6,0.0,1,1,0.807,1.23714,0,0,0.0,1.2757,1,27.018,0.106,0.894,0.0,0.0,1.0,0.19,0.0,0.5,0.0,0.604,0.374,0.5,0.728,0.0,0.503,0.0,0,0,0.495,0.616,0.0,0.35,0.1,0.31,0.65,0.0,0.476,0.4,0.0,1.0,0.801
7384,2021.09.13 20:37:00,GBPCHFm,PULLBACK,BUY,3,1.27677,1.27459,1.28114,2.0,0.55,1.27611,1.27658,1.2753,1,0.115,0.177,0.2661,1.27647,1.27094,1.27299,1.26773,0,0.0,0.75,0,1.27611,0.78,0.412,0,0.0,0.0,0.0,1.25801,12.546,0,0,1,0.824,0.5741,0.0186,0.574,0.104,0,0.746,3,0.567,1.27607,1.27654,0.295,0.026,0.0,2,0.4,0,0.826,0.652,1.5,0.434,0.404,1,1.2753,5,0.6,0.41,0.429,0.172,0.14,0.886,0.887,1.27615,1.25888,1.26537,250404.27,7559.6266,2,1.27566,0.524,0.0,0.0,0.0,0.0,0,0.715,1,2,1708,0.777,0.551,0.384,27.0,27.0,0.1854,145.6,0.0,1,1,0.807,1.23714,0,0,0.0,1.2757,1,27.21,0.106,0.894,0.0,0.0,1.0,0.99,0.0,0.5,0.0,1.0,0.688,0.5,0.573,0.0,0.323,0.0,0,0,0.413,0.56,0.0,0.35,0.1,0.195,0.656,0.0,0.48,0.4,0.0,1.0,0.929
7385,2021.09.13 20:37:20,GBPCHFm,TREND_CONTINUATION,BUY,3,1.27677,1.27502,1.28041,2.08,0.47,1.27611,1.27658,1.2753,1,0.115,0.177,0.2661,1.27647,1.27094,1.27299,1.26773,0,0.0,0.75,0,1.27611,0.78,0.412,0,0.0,0.0,0.0,1.25801,12.546,0,0,1,0.824,0.5741,0.0186,0.574,0.104,0,0.746,3,0.567,1.27607,1.27654,0.295,0.026,0.0,2,0.4,0,0.826,0.652,1.5,0.434,0.404,1,1.2753,5,0.6,0.41,0.429,0.172,0.14,0.886,0.887,1.27615,1.25888,1.26537,250404.27,7559.6266,2,1.27566,0.524,0.0,0.0,0.0,0.0,0,0.715,1,2,1708,0.777,0.551,0.384,27.0,27.0,0.1854,145.6,0.0,1,1,0.807,1.23714,0,0,0.0,1.2757,1,27.21,0.106,0.894,0.0,0.0,1.0,0.98,0.0,0.5,0.0,1.0,0.688,0.5,0.573,0.0,0.323,0.0,0,0,0.413,0.56,0.0,0.35,0.1,0.195,0.656,0.0,0.48,0.4,0.0,1.0,0.929
7388,2021.09.13 20:59:40,GBPCHFm,MEAN_REVERSION,BUY,3,1.27545,1.27428,1.27654,0.94,0.651,1.27611,1.27658,1.2753,0,0.115,0.177,-0.7501,1.27647,1.27094,1.27299,1.26773,0,0.0,0.75,0,1.27611,0.78,0.412,0,0.0,0.0,0.0,1.25801,12.546,0,0,1,0.824,0.5741,0.0186,0.574,0.077,0,0.746,3,0.567,1.2753,1.27496,0.196,0.038,0.0,2,0.4,0,0.826,0.329,0.75,0.438,0.349,0,1.27611,8,0.756,0.609,0.437,0.172,0.14,0.748,0.944,1.27615,1.25888,1.26537,250404.27,7559.6266,2,1.27566,0.524,0.0,0.0,0.0,0.0,0,0.715,1,2,1708,0.777,0.551,0.384,43.0,30.7,0.2952,145.6,0.0,1,1,0.807,1.23714,0,0,0.0,1.2757,1,26.304,0.106,0.894,0.0,0.0,1.0,0.0,0.0,0.5,0.714,0.775,0.328,0.5,0.78,0.0,0.266,0.0,0,0,0.444,0.53,0.0,0.75,0.1,0.229,0.65,0.0,0.473,0.4,0.0,1.0,0.972
0,2021.09.13 21:45:40,GBPCHFm,SWEEP_REVERSAL,BUY,3,1.27688,1.27538,1.27854,1.11,0.163,1.27608,1.27658,1.27592,0,1.07,0.111,-1.1101,1.27557,1.27094,1.27299,1.26773,0,0.0,0.3,0,1.27608,0.76,0.601,0,0.0,0.0,1.27641,1.25801,10.924,0,0,1,0.155,0.0,0.0066,0.338,0.009,0,0.838,3,0.502,1.27608,1.27465,1.11,0.151,0.0,2,0.15,0,0.918,0.498,1.11,0.449,0.421,1,1.27608,8,0.752,0.0,0.357,0.0,0.053,0.745,0.997,1.27615,1.25888,1.26537,250404.27,7559.6266,2,1.27566,0.524,0.0,0.0,0.0,0.0,0,0.715,1,2,1709,0.777,0.551,0.384,246.0,278.9,1.6423,149.8,0.0,1,1,0.807,1.23714,0,0,0.0,1.2757,1,26.531,0.106,0.894,0.0,0.0,1.0,0.77,0.0,0.5,0.0,1.0,0.623,0.5,0.486,0.0,0.217,0.0,0,0,0.306,0.391,0.0,0.249,0.1,0.387,0.419,0.0,0.475,0.4,0.0,1.0,0.809
0,2021.09.13 22:37:40,GBPCHFm,PULLBACK,BUY,1,1.27729,1.27668,1.27804,1.22,0.327,1.276,1.27658,1.27592,0,0.857,0.19,-0.5017,1.2752,1.27094,1.27299,1.26773,0,0.0,0.2,4,1.276,0.761,0.444,0,0.0,0.0,1.27479,1.25801,11.195,0,0,1,0.675,0.51,0.0697,0.51,0.01,0,0.673,2,0.448,1.27625,1.27509,0.669,0.11,0.0,2,0.4,0,0.753,0.3,0.669,0.448,0.313,0,1.276,8,0.752,0.0,0.457,0.153,0.29,0.75,0.988,1.27615,1.25888,1.26537,250404.27,7559.6266,2,1.27566,0.524,0.0,0.0,0.0,0.0,0,0.715,1,2,1710,0.775,0.56,0.377,204.0,214.1,1.3665,149.3,0.0,1,1,0.807,1.23714,0,0,0.0,1.2757,0,26.895,0.106,0.894,0.0,0.0,0.5,0.95,0.0,0.5,0.0,0.703,0.524,0.5,1.0,0.0,0.664,0.0,0,0,0.58,0.369,0.0,0.976,0.1,0.398,0.65,0.0,0.486,0.4,0.0,1.0,0.949
7390,2021.09.13 23:00:40,GBPCHFm,TREND_CONTINUATION,BUY,1,1.2766,1.27489,1.28017,2.08,0.415,1.27633,1.27658,1.27509,1,0.039,0.31,-0.1128,1.27521,1.27094,1.27358,1.26773,0,0.0,0.45,2,1.27517,0.764,0.0,2,0.0,0.0,1.27544,1.25801,12.684,0,0,1,0.75,0.545,0.1016,0.545,0.798,2,0.637,3,0.31,1.27617,1.27567,0.004,0.352,0.0,2,0.25,0,0.717,0.232,0.701,0.33,0.319,0,1.27517,8,0.753,0.993,0.161,0.164,0.088,0.893,0.982,1.27615,1.25888,1.26537,250404.27,7559.6266,2,1.27566,0.524,0.0,0.0,0.0,0.0,0,0.715,1,2,1711,0.775,0.56,0.377,43.0,182.4,0.3013,142.7,0.0,1,1,0.807,1.23714,0,0,0.0,1.2757,0,27.65,0.106,0.894,0.0,0.0,0.5,0.99,0.0,0.5,0.0,1.0,0.527,0.5,0.564,0.0,0.802,0.0,0,0,0.506,0.76,0.0,0.441,0.1,0.446,0.65,0.0,0.527,0.4,0.0,1.0,0.852
7392,2021.09.14 00:00:40,GBPCHFm,BREAKOUT_RETEST,BUY,1,1.2766,1.27621,1.2776,2.57,0.375,1.27633,1.27658,1.27509,1,0.042,0.342,-0.0008,1.27521,1.27094,1.27358,1.26773,0,0.0,0.45,2,1.27517,0.75,0.754,0,0.0,0.0,0.0,1.25801,13.986,0,0,1,0.55,0.58,0.053,0.58,1.0,2,0.621,0,0.593,1.27625,1.27575,0.063,0.448,0.0,2,0.25,0,0.701,0.269,0.897,0.3,0.343,0,1.27517,8,0.75,0.873,0.1,0.174,0.206,0.798,0.986,1.27615,1.25888,1.26537,243104.4397,-7299.8303,1,1.27566,0.546,0.0,0.0,0.0,0.0,0,0.734,1,2,1712,0.775,0.56,0.377,27.0,27.0,0.2086,129.4,0.0,1,1,0.807,1.23714,0,0,0.0,1.2757,0,30.488,0.121,0.879,0.0,1.0,0.5,0.9,0.0,0.5,0.0,1.0,0.542,0.5,0.569,0.0,0.234,0.0,0,0,0.289,0.778,0.0,0.444,0.1,0.555,0.711,0.0,0.546,0.4,0.0,1.0,0.929
7393,2021.09.14 00:00:59,GBPCHFm,BREAKOUT,BUY,1,1.2766,1.27466,1.27984,1.67,0.251,1.27633,1.27658,1.27509,1,0.042,0.342,-0.0008,1.27521,1.27094,1.27358,1.26773,0,0.0,0.45,2,1.27517,0.75,0.754,0,0.0,0.0,0.0,1.25801,13.986,0,0,1,0.55,0.58,0.053,0.58,1.0,2,0.621,0,0.593,1.27625,1.27575,0.063,0.448,0.0,2,0.25,0,0.701,0.269,0.897,0.3,0.343,0,1.27517,8,0.75,0.873,0.1,0.174,0.206,0.798,0.986,1.27615,1.25888,1.26537,243104.4397,-7299.8303,1,1.27566,0.546,0.0,0.0,0.0,0.0,0,0.734,1,2,1712,0.775,0.56,0.377,27.0,27.0,0.2086,129.4,0.0,1,1,0.807,1.23714,0,0,0.0,1.2757,0,30.488,0.121,0.879,0.0,1.0,0.5,0.89,0.0,0.5,0.0,1.0,0.569,0.5,0.569,0.0,0.234,0.0,0,0,0.305,0.778,0.0,0.444,0.1,0.555,0.711,0.0,0.546,0.4,0.0,1.0,0.929
7396,2021.09.14 00:37:40,GBPCHFm,PULLBACK,BUY,1,1.27676,1.27482,1.28064,2.0,0.456,1.27633,1.27658,1.27509,1,0.042,0.342,0.1228,1.27521,1.27094,1.27358,1.26773,0,0.0,0.45,2,1.27517,0.75,0.754,0,0.0,0.0,0.0,1.25801,13.986,0,0,1,0.55,0.58,0.053,0.58,0.501,2,0.621,0,0.593,1.27625,1.27575,0.187,0.572,0.0,2,0.25,0,0.701,0.383,1.021,0.375,0.356,1,1.27517,8,0.75,0.626,0.25,0.174,0.206,0.798,0.986,1.27615,1.25888,1.26537,243104.4397,-7299.8303,1,1.27566,0.546,0.0,0.0,0.0,0.0,0,0.734,1,2,1712,0.775,0.56,0.377,27.0,27.0,0.2086,129.4,0.0,1,1,0.807,1.23714,0,0,0.0,1.2757,0,30.611,0.121,0.879,0.0,1.0,0.5,0.92,0.0,0.5,0.0,1.0,0.627,0.5,0.552,0.0,0.126,0.0,0,0,0.292,0.69,0.0,0.493,0.1,0.521,0.728,0.0,0.524,0.4,0.0,1.0,0.88
7398,2021.09.14 01:00:59,GBPCHFm,TREND_CONTINUATION,BUY,1,1.27699,1.27563,1.27982,2.08,0.502,1.27631,1.27675,1.27501,1,0.359,0.822,0.3591,1.27521,1.27094,1.27358,1.26773,0,0.0,0.5,2,1.27509,0.722,0.0,1,0.0,0.0,0.0,1.25801,16.539,0,0,1,0.83,0.7436,0.0442,0.744,0.127,2,0.598,0,0.69,1.27631,1.27588,0.359,0.745,0.0,2,0.0,4,0.579,0.764,1.439,0.531,0.445,1,1.27631,1,0.7,0.282,0.262,0.223,0.138,1.0,0.989,1.27615,1.25888,1.26537,243104.4397,-7299.8303,1,1.27566,0.546,0.0,0.0,0.0,0.0,0,0.734,1,2,1713,0.775,0.56,0.377,27.0,27.0,0.2386,113.1,0.0,1,1,0.807,1.23714,0,0,0.0,1.2757,0,35.221,0.121,0.879,0.0,1.0,0.5,0.88,0.0,0.5,0.0,0.43,0.563,0.5,0.484,0.0,0.287,0.0,0,0,0.298,0.487,0.0,0.19,0.087,0.378,0.697,0.0,0.488,0.4,0.0,1.0,0.984
0,2021.09.14 02:00:00,GBPCHFm,ANCHORED_PULLBACK,BUY,1,1.27683,1.27681,1.27874,78.3,0.543,1.27519,1.27642,1.27425,0,0.19,0.589,1.2529,1.27634,1.27094,1.27358,1.26773,0,0.0,0.75,0,1.27519,0.8,0.193,0,0.0,0.0,1.27713,1.25801,16.998,0,0,1,0.65,0.825,0.0544,0.825,0.535,1,0.336,3,0.745,1.27635,1.27577,0.19,0.722,0.394,0,0.0,2,1.0,0.651,1.253,0.52,0.49,1,1.27519,8,0.76,0.62,0.14,0.947,0.0,0.564,1.0,1.27615,1.25888,1.26537,243104.4397,-7299.8303,1,1.27566,0.546,0.0,0.0,0.0,0.0,0,0.734,1,2,1714,0.775,0.56,0.377,27.0,27.0,0.2474,109.1,0.0,1,1,0.807,1.23714,0,0,0.0,1.2757,0,36.365,0.121,0.879,0.0,1.0,0.5,0.14,0.0,0.5,0.0,0.252,0.399,0.5,0.638,0.0,0.703,0.0,0,0,0.533,0.591,0.525,0.661,0.067,0.56,0.688,0.0,0.472,0.4,0.0,1.0,1.146
7399,2021.09.14 02:00:59,GBPCHFm,BREAKOUT,BUY,1,1.27677,1.27513,1.2795,1.67,0.394,1.27519,1.27642,1.27425,0,0.19,0.589,1.198,1.27634,1.27094,1.27358,1.26773,0,0.0,0.75,0,1.27519,0.8,0.193,0,0.0,0.0,1.27713,1.25801,16.998,0,0,1,0.65,0.825,0.0544,0.825,0.535,2,0.636,3,0.745,1.27635,1.27577,0.135,0.667,0.0,2,0.0,0,0.716,0.443,1.198,0.37,0.394,1,1.27519,8,0.76,0.73,0.14,0.247,0.0,0.564,1.0,1.27615,1.25888,1.26537,243104.4397,-7299.8303,1,1.27566,0.546,0.0,0.0,0.0,0.0,0,0.734,1,2,1714,0.775,0.56,0.377,27.0,27.0,0.2474,109.1,0.0,1,1,0.807,1.23714,0,0,0.0,1.2757,0,36.31,0.121,0.879,0.0,1.0,0.5,0.05,0.0,0.5,0.0,0.3,0.384,0.5,0.677,0.0,0.688,0.0,0,0,0.548,0.642,1.0,0.475,0.067,0.283,0.835,0.0,0.533,0.4,0.0,1.0,1.06
7402,2021.09.14 02:29:40,GBPCHFm,BREAKOUT_RETEST,BUY,1,1.27649,1.27535,1.27778,1.14,0.448,1.27519,1.27642,1.27425,1,0.19,0.589,0.9414,1.27634,1.27094,1.27358,1.26773,0,0.0,0.75,0,1.27519,0.8,0.193,0,0.0,0.0,1.27713,1.25801,16.998,0,0,1,0.65,0.825,0.0544,0.825,0.769,2,0.636,3,0.745,1.27635,1.27577,0.121,0.41,0.0,2,0.0,0,0.716,0.315,0.941,0.335,0.379,1,1.27519,8,0.76,0.757,0.069,0.247,0.0,0.564,1.0,1.27615,1.25888,1.26537,243104.4397,-7299.8303,1,1.27566,0.546,0.0,0.0,0.0,0.0,0,0.734,1,2,1714,0.775,0.56,0.377,27.0,27.0,0.2474,109.1,0.0,1,1,0.807,1.23714,0,0,0.0,1.2757,0,36.054,0.121,0.879,0.0,1.0,0.5,0.0,0.0,0.5,0.0,0.679,0.294,0.5,0.583,0.0,0.424,0.0,0,0,0.468,0.709,0.0,0.556,0.087,0.289,0.708,0.0,0.557,0.4,0.0,1.0,1.068
7404,2021.09.14 02:37:40,GBPCHFm,PULLBACK,BUY,1,1.27655,1.27535,1.27982,2.74,0.514,1.27519,1.27642,1.27425,1,0.19,0.589,0.9964,1.27634,1.27094,1.27358,1.26773,0,0.0,0.75,0,1.27519,0.8,0.193,0,0.0,0.0,1.27713,1.25801,16.998,0,0,1,0.65,0.825,0.0544,0.825,0.826,2,0.636,3,0.745,1.27635,1.27577,0.066,0.465,0.0,2,0.0,0,0.716,0.325,0.996,0.326,0.38,1,1.27519,8,0.76,0.867,0.052,0.247,0.0,0.564,1.0,1.27615,1.25888,1.26537,243104.4397,-7299.8303,1,1.27566,0.546,0.0,0.0,0.0,0.0,0,0.734,1,2,1714,0.775,0.56,0.377,27.0,27.0,0.2474,109.1,0.0,1,1,0.807,1.23714,0,0,0.0,1.2757,0,36.109,0.121,0.879,0.0,1.0,0.5,0.34,0.0,0.5,0.0,0.564,0.34,0.5,0.548,0.0,0.49,0.0,0,0,0.456,0.721,0.0,0.556,0.087,0.363,0.712,0.0,0.557,0.4,0.0,1.0,1.068
7406,2021.09.14 03:11:40,GBPCHFm,TREND_CONTINUATION,BUY,1,1.27671,1.27548,1.27928,2.08,0.405,1.27624,1.27686,1.2761,1,0.031,0.403,0.1919,1.27634,1.27094,1.27358,1.26773,0,0.0,0.4,0,1.27643,0.675,0.595,0,0.0,0.0,0.0,1.25801,17.865,0,0,1,0.695,0.6804,0.0494,0.68,0.777,2,0.646,2,0.176,1.27639,1.27586,0.053,0.564,0.0,2,0.25,0,0.726,0.188,0.564,0.333,0.3,0,1.2761,5,0.6,0.895,0.167,0.204,0.088,0.896,1.0,1.27615,1.25888,1.26537,243104.4397,-7299.8303,1,1.27566,0.546,0.0,0.0,0.0,0.0,0,0.734,1,2,1715,0.775,0.56,0.377,27.0,27.0,0.2627,102.8,0.0,1,1,0.807,1.23714,0,0,0.0,1.2757,0,38.498,0.121,0.879,0.0,1.0,0.5,0.94,0.0,0.5,0.0,0.281,0.574,0.5,0.731,0.0,0.476,0.0,0,0,0.454,0.72,0.0,0.438,0.1,0.336,0.65,0.0,0.58,0.4,0.0,1.0,1.023
7408,2021.09.14 03:41:40,GBPCHFm,MEAN_REVERSION,BUY,1,1.27647,1.27565,1.27713,0.81,0.584,1.27624,1.27686,1.2761,1,0.031,0.403,-0.0416,1.27634,1.27094,1.27358,1.26773,0,0.0,0.4,0,1.27643,0.675,0.595,0,0.0,0.0,0.0,1.25801,17.865,0,0,1,0.695,0.6804,0.0494,0.68,1.0,2,0.646,2,0.176,1.27639,1.27586,0.181,0.33,0.0,2,0.25,0,0.726,0.099,0.33,0.3,0.289,0,1.27686,4,0.6,0.638,0.1,0.204,0.088,0.896,1.0,1.27615,1.25888,1.26537,243104.4397,-7299.8303,1,1.27566,0.546,0.0,0.0,0.0,0.0,0,0.734,1,2,1715,0.775,0.56,0.377,27.0,27.0,0.2627,102.8,0.0,1,1,0.807,1.23714,0,0,0.0,1.2757,0,38.264,0.121,0.879,0.0,1.0,0.5,0.0,0.0,0.5,0.0,1.0,0.509,0.5,0.56,0.0,0.373,0.0,0,0,0.322,0.864,0.0,0.7,0.1,0.403,0.65,0.0,0.569,0.4,0.0,1.0,0.938
7410,2021.09.14 04:19:00,GBPCHFm,BREAKOUT,BUY,1,1.27659,1.27524,1.27883,1.67,0.262,1.27627,1.27658,1.27608,1,0.009,0.18,0.051,1.27634,1.27094,1.27358,1.26773,0,0.0,0.45,0,1.27627,0.713,0.335,0,0.0,0.0,0.0,1.25801,20.273,0,0,1,0.583,0.5527,0.0291,0.553,0.842,0,0.787,3,0.575,1.27627,1.27605,0.051,0.303,0.0,2,0.4,0,0.867,0.098,0.303,0.324,0.347,0,0.0,0,0.0,0.898,0.208,0.166,0.14,0.86,0.983,1.27615,1.25888,1.26151,98960.8028,-144143.6369,1,1.27566,0.561,0.0,0.0,0.0,0.0,0,0.748,1,2,1716,0.775,0.56,0.377,27.0,27.0,0.3007,89.8,0.0,1,1,0.807,1.23714,0,0,0.0,1.2757,1,43.938,0.645,0.355,0.0,1.0,1.0,0.99,0.0,0.5,0.0,1.0,0.552,0.5,0.571,0.0,0.33,0.0,0,0,0.335,0.672,0.0,0.676,0.0,0.207,0.65,0.0,0.583,0.4,0.0,1.0,0.803
7412,2021.09.14 04:30:00,GBPCHFm,BREAKOUT_RETEST,BUY,1,1.27651,1.27624,1.27686,1.28,0.401,1.27627,1.27658,1.27608,1,0.009,0.18,-0.0381,1.27634,1.27094,1.27358,1.26773,0,0.0,0.45,0,1.27627,0.713,0.335,0,0.0,0.0,0.0,1.25801,20.273,0,0,1,0.583,0.5527,0.0291,0.553,0.817,0,0.787,3,0.575,1.27627,1.27605,0.038,0.214,0.0,2,0.4,0,0.867,0.491,1.5,0.327,0.393,1,1.27658,4,0.6,0.924,0.215,0.166,0.14,0.86,0.983,1.27615,1.25888,1.26151,98960.8028,-144143.6369,1,1.27566,0.561,0.0,0.0,0.0,0.0,0,0.748,1,2,1716,0.775,0.56,0.377,27.0,27.0,0.3007,89.8,0.0,1,1,0.807,1.23714,0,0,0.0,1.2757,1,43.849,0.645,0.355,0.0,1.0,1.0,0.31,0.0,0.5,0.0,1.0,0.613,0.5,0.552,0.0,0.296,0.0,0,0,0.352,0.807,0.0,0.946,0.0,0.253,0.65,0.0,0.583,0.4,0.0,1.0,0.803
0,2021.09.14 05:00:00,GBPCHFm,ANCHORED_PULLBACK,BUY,1,1.27605,1.27604,1.27629,24.37,0.757,1.27629,1.27681,1.27612,0,0.486,0.044,-0.6623,1.27639,1.27094,1.27358,1.26773,0,0.0,0.5,0,1.27629,0.697,0.849,0,0.0,0.0,1.2758,1.25801,22.911,0,0,1,1.0,0.7425,0.0484,0.743,0.09,2,0.638,0,0.461,1.27623,1.27595,0.574,0.221,0.2275,0,0.4,2,1.0,0.388,0.662,0.586,0.4,1,1.27629,8,0.739,0.0,0.433,0.923,0.232,0.86,0.879,1.27615,1.25888,1.26151,98960.8028,-144143.6369,1,1.27566,0.561,0.0,0.0,0.0,0.0,0,0.748,1,2,1717,0.775,0.56,0.377,27.0,27.0,0.3481,77.6,0.0,1,1,0.807,1.23714,0,0,0.0,1.2757,1,50.16,0.645,0.355,0.0,1.0,1.0,0.0,0.0,0.5,0.0,0.943,0.289,0.5,0.432,0.0,0.208,0.0,0,0,0.34,0.492,0.0,0.998,0.0,0.684,0.437,0.0,0.48,0.4,0.0,1.0,1.055
7414,2021.09.14 05:26:40,GBPCHFm,PULLBACK,BUY,1,1.27634,1.27599,1.27708,2.09,0.458,1.27629,1.27681,1.27612,0,0.486,0.044,-0.2884,1.27639,1.27094,1.27358,1.26773,0,0.0,0.5,0,1.27629,0.697,0.849,0,0.0,0.0,1.2758,1.25801,22.911,0,0,1,1.0,0.7425,0.0484,0.743,0.165,0,0.653,0,0.461,1.27623,1.27595,0.2,0.153,0.0,2,0.4,0,0.733,0.638,1.5,0.425,0.363,1,1.27681,4,0.6,0.6,0.41,0.223,0.232,0.86,0.879,1.27615,1.25888,1.26151,98960.8028,-144143.6369,1,1.27566,0.561,0.0,0.0,0.0,0.0,0,0.748,1,2,1717,0.775,0.56,0.377,27.0,27.0,0.3481,77.6,0.0,1,1,0.807,1.23714,0,0,0.0,1.2757,1,50.534,0.645,0.355,0.0,1.0,1.0,0.93,0.0,0.5,0.0,0.63,0.482,0.5,0.818,0.0,0.318,0.0,0,0,0.384,0.604,0.0,0.797,0.0,0.431,0.65,0.0,0.558,0.4,0.0,1.0,0.968
7415,2021.09.14 05:26:59,GBPCHFm,SWEEP_REVERSAL,BUY,1,1.27634,1.27556,1.27708,0.95,0.269,1.27629,1.27681,1.27612,0,0.486,0.044,-0.2884,1.27639,1.27094,1.27358,1.26773,0,0.0,0.5,0,1.27629,0.697,0.849,0,0.0,0.0,1.2758,1.25801,22.911,0,0,1,1.0,0.7425,0.0484,0.743,0.165,0,0.653,0,0.461,1.27623,1.27595,0.2,0.153,0.0,2,0.4,0,0.733,0.638,1.5,0.425,0.363,1,1.27681,4,0.6,0.6,0.41,0.223,0.232,0.86,0.879,1.27615,1.25888,1.26151,98960.8028,-144143.6369,1,1.27566,0.561,0.0,0.0,0.0,0.0,0,0.748,1,2,1717,0.775,0.56,0.377,27.0,27.0,0.3481,77.6,0.0,1,1,0.807,1.23714,0,0,0.0,1.2757,1,50.534,0.645,0.355,0.0,1.0,1.0,0.92,0.0,0.5,0.0,0.63,0.47,0.5,0.818,0.0,0.318,0.0,0,0,0.391,0.604,0.0,0.797,0.0,0.431,0.65,0.0,0.558,0.4,0.0,1.0,0.968
7418,2021.09.14 05:41:40,GBPCHFm,MEAN_REVERSION,BUY,1,1.27603,1.27541,1.27656,0.86,0.591,1.27629,1.27681,1.27612,0,0.486,0.044,-0.6881,1.27639,1.27094,1.27358,1.26773,0,0.0,0.5,0,1.27629,0.697,0.849,0,0.0,0.0,1.2758,1.25801,22.911,0,0,1,1.0,0.7425,0.0484,0.743,0.09,0,0.653,0,0.461,1.27623,1.27595,0.6,0.247,0.0,2,0.4,0,0.733,0.3,0.688,0.436,0.323,0,1.27629,8,0.739,0.0,0.433,0.223,0.232,0.86,0.879,1.27615,1.25888,1.26151,98960.8028,-144143.6369,1,1.27566,0.561,0.0,0.0,0.0,0.0,0,0.748,1,2,1717,0.775,0.56,0.377,27.0,27.0,0.3481,77.6,0.0,1,1,0.807,1.23714,0,0,0.0,1.2757,1,50.134,0.645,0.355,0.0,1.0,1.0,0.0,0.0,0.5,0.0,0.516,0.438,0.5,0.609,0.0,0.426,0.0,0,0,0.391,0.493,0.0,0.847,0.0,0.387,0.434,0.0,0.544,0.4,0.0,1.0,0.968
7420,2021.09.14 06:03:40,GBPCHFm,TREND_CONTINUATION,BUY,1,1.27532,1.2744,1.27653,1.31,0.543,1.27626,1.27655,1.27589,0,0.574,0.04,-1.5745,1.2764,1.27096,1.27359,1.26775,0,0.0,0.4,0,1.27626,0.573,0.0,2,0.0,0.0,1.27582,1.25801,22.768,0,0,1,1.0,0.7235,0.0417,0.724,0.038,0,0.753,0,0.667,1.27593,1.27556,1.147,0.667,0.0,2,0.4,0,0.833,0.7,1.575,0.444,0.39,1,1.27626,8,0.715,0.0,0.449,0.217,0.273,0.613,0.977,1.27615,1.25888,1.26151,98960.8028,-144143.6369,1,1.27566,0.561,0.0,0.0,0.0,0.0,0,0.748,1,2,1718,0.775,0.56,0.377,27.0,27.0,0.3516,76.8,0.0,1,1,0.807,1.23714,0,0,0.0,1.2757,1,49.723,0.645,0.355,0.0,1.0,1.0,0.0,0.0,0.5,0.0,0.448,0.425,0.5,0.533,0.0,0.577,0.0,0,0,0.436,0.389,0.0,0.751,0.0,0.441,0.427,0.0,0.576,0.4,0.0,1.0,0.9
7422,2021.09.14 07:00:00,GBPCHFm,BREAKOUT_RETEST,BUY,1,1.27625,1.27588,1.27704,2.14,0.701,1.27602,1.27641,1.27569,1,0.044,0.579,-0.044,1.27617,1.27062,1.27372,1.26808,0,0.0,0.5,0,1.27551,0.686,0.655,0,0.0,0.0,1.27597,1.25801,22.426,0,0,1,0.8,0.825,0.062,0.825,0.962,2,0.553,0,0.433,1.27591,1.27644,0.09,0.579,0.0736,0,0.55,2,0.807,0.265,0.581,0.456,0.323,0,1.27569,5,0.6,0.82,0.231,0.947,0.279,0.948,0.872,1.27615,1.25888,1.26151,98960.8028,-144143.6369,1,1.27566,0.561,0.0,0.0,0.0,0.0,0,0.748,1,2,1719,0.775,0.56,0.377,27.0,27.0,0.3369,80.1,0.0,1,1,0.807,1.23714,0,0,0.0,1.2757,1,48.8,0.645,0.355,0.0,1.0,1.0,0.75,0.0,0.5,0.0,0.283,0.488,0.5,0.511,0.0,0.872,0.0,0,0,0.51,0.705,0.0,0.682,0.0,0.677,0.65,0.0,0.495,0.4,0.0,1.0,0.968
7423,2021.09.14 07:01:59,GBPCHFm,ANCHORED_PULLBACK,BUY,1,1.27675,1.27636,1.27808,3.45,0.247,1.27602,1.27641,1.27569,0,0.044,0.579,0.5799,1.27617,1.27062,1.27372,1.26808,0,0.0,0.5,0,1.27551,0.686,0.655,0,0.0,0.0,1.27597,1.25801,22.426,0,0,1,0.8,0.825,0.062,0.825,0.122,0,0.736,0,0.433,1.27591,1.27644,0.714,0.045,0.0,2,0.25,0,0.816,0.52,1.204,0.432,0.4,1,1.27602,1,0.7,0.0,0.363,0.247,0.174,0.948,0.872,1.27615,1.25888,1.26151,98960.8028,-144143.6369,1,1.27566,0.561,0.0,0.0,0.0,0.0,0,0.748,1,2,1719,0.775,0.56,0.377,27.0,27.0,0.3369,80.1,0.0,1,1,0.807,1.23714,0,0,0.0,1.2757,1,49.424,0.645,0.355,0.0,1.0,1.0,0.93,0.0,0.5,0.916,0.345,0.518,0.5,0.511,0.0,0.744,0.0,0,0,0.462,0.631,0.0,0.728,0.0,0.511,0.841,0.0,0.569,0.4,0.0,1.0,1.053
7426,2021.09.14 07:26:40,GBPCHFm,PULLBACK,BUY,1,1.27693,1.27621,1.27933,3.32,0.417,1.27602,1.27641,1.27569,0,0.044,0.579,0.8045,1.27617,1.27062,1.27372,1.26808,0,0.0,0.5,0,1.27551,0.686,0.655,0,0.0,0.0,1.27597,1.25801,22.426,0,0,1,0.8,0.825,0.062,0.825,0.122,0,0.736,0,0.433,1.27591,1.27644,0.938,0.269,0.0,2,0.25,0,0.816,0.617,1.429,0.432,0.411,1,1.27602,1,0.7,0.0,0.363,0.247,0.174,0.948,0.872,1.27615,1.25888,1.26151,98960.8028,-144143.6369,1,1.27566,0.561,0.0,0.0,0.0,0.0,0,0.748,1,2,1719,0.775,0.56,0.377,27.0,27.0,0.3369,80.1,0.0,1,1,0.807,1.23714,0,0,0.0,1.2757,1,49.649,0.645,0.355,0.0,1.0,1.0,0.14,0.0,0.5,0.0,0.345,0.4,0.5,0.551,0.0,0.867,0.0,0,0,0.572,0.631,0.959,0.485,0.0,0.567,0.868,0.0,0.569,0.4,0.0,1.0,1.053
7428,2021.09.14 08:19:00,GBPCHFm,BREAKOUT,BUY,2,1.27916,1.27728,1.28152,1.25,0.495,1.27589,1.27728,1.27524,0,2.205,0.23,3.1874,1.27602,1.27103,1.27382,1.26763,0,0.0,0.55,0,1.27589,0.599,0.283,0,0.0,0.0,0.0,1.25801,21.379,0,0,1,1.0,1.0,0.1399,1.0,0.174,2,0.528,1,0.118,1.27579,1.27784,3.286,1.114,0.0,2,0.15,0,0.528,1.393,3.286,0.424,0.379,1,1.27589,8,0.72,0.0,0.308,0.3,0.053,0.735,0.926,1.26924,1.25888,1.26567,248696.022,149735.2192,2,1.27566,0.511,0.0,0.0,0.0,0.0,0,0.377,1,2,1720,0.778,0.554,0.377,27.0,27.0,0.2866,94.2,0.0,1,1,0.807,1.23714,0,0,0.0,1.2757,1,44.6,0.035,0.965,0.0,0.0,1.0,0.16,0.0,0.5,0.0,0.448,0.631,0.5,0.439,0.0,0.731,0.0,0,0,0.503,0.152,0.0,0.095,0.0,0.647,0.855,0.0,0.554,0.4,0.0,1.0,0.903
7430,2021.09.14 08:38:40,GBPCHFm,TREND_CONTINUATION,BUY,2,1.2786,1.27625,1.28096,1.0,0.559,1.27589,1.27728,1.27524,0,2.205,0.23,2.593,1.27602,1.27103,1.27382,1.26763,0,0.0,0.55,0,1.27589,0.599,0.283,0,0.0,0.0,0.0,1.25801,21.379,0,0,1,1.0,1.0,0.1399,1.0,0.231,2,0.528,1,0.118,1.27579,1.27784,2.692,0.52,0.0,2,0.15,0,0.528,1.118,2.692,0.415,0.347,0,1.27589,8,0.72,0.0,0.291,0.3,0.053,0.735,0.926,1.26924,1.25888,1.26567,248696.022,149735.2192,2,1.27566,0.511,0.0,0.0,0.0,0.0,0,0.377,1,2,1720,0.778,0.554,0.377,27.0,27.0,0.2866,94.2,0.0,1,1,0.807,1.23714,0,0,0.0,1.2757,1,44.006,0.035,0.965,0.0,0.0,1.0,0.0,0.0,0.5,0.0,1.0,0.355,0.5,0.433,0.0,0.687,0.0,0,0,0.492,0.165,0.0,0.095,0.0,0.652,0.855,0.0,0.554,0.4,0.0,1.0,0.903
0,2021.09.14 09:02:40,GBPCHFm,ANCHORED_PULLBACK,BUY,2,1.27827,1.27823,1.27836,2.57,0.491,1.27585,1.27848,1.27505,1,0.271,0.182,2.132,1.27623,1.27069,1.27433,1.26771,0,0.0,0.75,2,1.27836,0.673,0.141,0,0.0,0.0,1.27854,1.25801,19.912,0,0,1,1.0,1.0,0.1884,1.0,0.071,2,0.417,3,0.652,1.27836,1.27779,0.36,0.206,0.0,2,0.15,3,1.0,1.363,2.132,0.639,0.563,2,1.27836,8,0.735,0.28,0.339,0.7,0.053,0.761,0.952,1.26924,1.25888,1.26567,248696.022,149735.2192,2,1.27566,0.511,0.0,0.0,0.0,0.0,0,0.377,1,2,1721,0.778,0.554,0.377,27.0,27.0,0.2677,100.9,0.0,1,1,0.807,1.23714,0,0,0.0,1.2757,1,40.78,0.035,0.965,0.0,0.0,1.0,0.0,0.0,0.5,0.0,0.801,0.564,0.5,0.391,0.0,0.403,0.0,0,0,0.317,0.39,0.0,0.426,0.1,1.0,0.65,0.0,0.464,0.4,0.0,1.0,0.952
7432,2021.09.14 09:26:40,GBPCHFm,PULLBACK,BUY,2,1.27915,1.27871,1.28218,6.81,0.66,1.27585,1.27848,1.27505,0,0.271,0.182,3.0045,1.27623,1.27069,1.27433,1.26771,0,0.0,0.75,2,1.27836,0.673,0.141,0,0.0,0.0,1.27854,1.25801,19.912,0,0,1,1.0,1.0,0.1884,1.0,0.619,2,0.417,3,0.652,1.27882,1.27951,0.059,0.62,0.0,2,0.15,3,1.0,1.674,3.004,0.557,0.599,2,1.27836,8,0.735,0.882,0.174,0.7,0.053,0.761,0.905,1.26924,1.25888,1.26567,248696.022,149735.2192,2,1.27566,0.511,0.0,0.0,0.0,0.0,0,0.377,1,2,1721,0.778,0.554,0.377,27.0,27.0,0.2677,100.9,0.0,1,1,0.807,1.23714,0,0,0.0,1.2757,1,41.653,0.035,0.965,0.0,0.0,1.0,0.88,0.0,0.5,0.0,0.892,0.62,0.5,0.469,0.0,0.293,0.0,0,0,0.33,0.399,0.0,0.197,0.1,1.0,0.721,0.0,0.466,0.4,0.0,1.0,0.995
7434,2021.09.14 10:11:40,GBPCHFm,BREAKOUT_RETEST,BUY,2,1.27853,1.27821,1.27886,1.04,0.498,1.27859,1.27939,1.27665,1,0.117,0.527,-0.3119,1.27623,1.27069,1.27499,1.26771,0,0.0,0.6,0,1.27836,0.738,0.448,0,0.0,0.0,1.27777,1.25801,18.807,0,0,1,0.8,1.0,0.2206,1.0,0.973,2,0.481,0,0.271,1.27848,1.27745,0.204,0.762,0.0,2,0.0,0,0.481,0.232,0.762,0.304,0.293,0,1.27859,1,0.7,0.591,0.008,0.3,0.054,0.898,0.804,1.26924,1.25888,1.26567,248696.022,149735.2192,2,1.27566,0.511,0.0,0.0,0.0,0.0,0,0.377,1,2,1722,0.778,0.554,0.377,27.0,27.0,0.2539,106.4,0.0,1,1,0.807,1.23714,0,0,0.0,1.2757,1,38.916,0.035,0.965,0.0,0.0,1.0,0.99,0.0,0.5,0.0,0.903,0.747,0.5,0.534,0.0,0.238,0.0,0,0,0.403,0.883,0.0,0.257,0.067,0.651,0.65,0.0,0.572,0.4,0.0,1.0,1.023
7436,2021.09.14 10:31:20,GBPCHFm,BREAKOUT,BUY,2,1.27898,1.27738,1.28164,1.67,0.312,1.27859,1.27939,1.27665,1,0.117,0.527,0.1112,1.27623,1.27069,1.27499,1.26771,0,0.0,0.6,0,1.27836,0.738,0.448,0,0.0,0.0,1.27777,1.25801,18.807,0,0,1,0.8,1.0,0.2206,1.0,0.957,2,0.481,0,0.271,1.27848,1.27939,0.219,0.641,0.0,2,0.0,0,0.481,0.196,0.641,0.306,0.289,0,1.27836,8,0.748,0.563,0.013,0.3,0.054,0.898,0.837,1.26924,1.25888,1.26567,248696.022,149735.2192,2,1.27566,0.511,0.0,0.0,0.0,0.0,0,0.377,1,2,1722,0.778,0.554,0.377,27.0,27.0,0.2539,106.4,0.0,1,1,0.807,1.23714,0,0,0.0,1.2757,1,39.339,0.035,0.965,0.0,0.0,1.0,0.99,0.0,0.5,0.0,0.672,0.475,0.5,0.455,0.0,0.34,0.0,0,0,0.288,0.686,0.0,0.342,0.093,0.543,0.698,0.0,0.574,0.4,0.0,1.0,0.938
7438,2021.09.14 10:38:40,GBPCHFm,TREND_CONTINUATION,BUY,2,1.27927,1.27799,1.28193,2.08,0.472,1.27859,1.27939,1.27665,1,0.117,0.527,0.3838,1.27623,1.27069,1.27499,1.26771,0,0.0,0.6,0,1.27836,0.738,0.448,0,0.0,0.0,1.27777,1.25801,18.807,0,0,1,0.8,1.0,0.2206,1.0,0.635,2,0.481,0,0.271,1.27848,1.27939,0.491,0.368,0.0,2,0.0,0,0.481,0.212,0.599,0.355,0.291,0,1.27859,1,0.7,0.017,0.109,0.3,0.054,0.898,0.837,1.26924,1.25888,1.26567,248696.022,149735.2192,2,1.27566,0.511,0.0,0.0,0.0,0.0,0,0.377,1,2,1722,0.778,0.554,0.377,27.0,27.0,0.2539,106.4,0.0,1,1,0.807,1.23714,0,0,0.0,1.2757,1,39.612,0.035,0.965,0.0,0.0,1.0,0.99,0.0,0.5,0.0,0.805,0.554,0.5,0.491,0.0,0.329,0.0,0,0,0.311,0.667,0.0,0.238,0.087,0.592,0.735,0.0,0.547,0.4,0.0,1.0,1.014
7440,2021.09.14 11:26:20,GBPCHFm,SWEEP_REVERSAL,BUY,2,1.27776,1.2767,1.27864,0.83,0.172,1.27837,1.27929,1.27778,0,0.159,0.473,-0.8306,1.27623,1.27069,1.27499,1.26771,0,0.0,0.45,0,1.27837,0.749,0.581,0,0.0,0.0,1.27914,1.25801,19.748,0,0,1,0.8,0.825,0.2589,0.825,0.129,0,0.661,2,0.062,1.27845,1.27745,0.91,0.039,0.0,2,0.25,0,0.661,0.392,0.91,0.431,0.3,0,1.27837,8,0.75,0.0,0.361,0.247,0.088,0.948,0.83,1.26924,1.25888,1.26567,248696.022,149735.2192,2,1.27566,0.511,0.0,0.0,0.0,0.0,0,0.377,1,2,1723,0.778,0.554,0.377,27.0,27.0,0.2556,105.6,0.0,1,1,0.807,1.23714,0,0,0.0,1.2757,1,38.45,0.035,0.965,0.0,0.0,1.0,0.0,0.0,0.5,0.0,0.661,0.164,0.5,0.485,0.0,0.266,0.0,0,0,0.453,0.576,0.0,0.482,0.1,0.662,0.65,0.0,0.548,0.4,0.0,1.0,1.059
7442,2021.09.14 11:58:40,GBPCHFm,PULLBACK,BUY,2,1.27705,1.27547,1.27864,1.0,0.396,1.27837,1.27929,1.27778,0,0.159,0.473,-1.5027,1.27623,1.27069,1.27499,1.26771,0,0.0,0.45,0,1.27837,0.749,0.581,0,0.0,0.0,1.27914,1.25801,19.748,0,0,1,0.8,0.825,0.2589,0.825,0.379,0,0.661,2,0.062,1.27845,1.27636,1.582,0.394,0.0,2,0.25,0,0.661,0.622,1.582,0.393,0.326,0,1.27837,8,0.75,0.0,0.286,0.247,0.088,0.948,0.92,1.26924,1.25888,1.26567,248696.022,149735.2192,2,1.27566,0.511,0.0,0.0,0.0,0.0,0,0.377,1,2,1723,0.778,0.554,0.377,27.0,27.0,0.2556,105.6,0.0,1,1,0.807,1.23714,0,0,0.0,1.2757,1,37.778,0.035,0.965,0.0,0.0,1.0,0.0,0.0,0.5,0.0,0.56,0.397,0.5,0.683,0.0,0.42,0.0,0,0,0.435,0.634,0.0,0.579,0.1,0.777,0.438,0.0,0.548,0.4,0.0,1.0,1.059
7444,2021.09.14 12:30:40,GBPCHFm,BREAKOUT_RETEST,BUY,2,1.27816,1.27783,1.27896,2.45,0.596,1.27883,1.27919,1.27776,1,1.238,0.056,-0.8662,1.27623,1.27069,1.27499,1.26771,0,0.0,0.5,0,1.27869,0.664,0.725,0,0.0,0.0,1.27724,1.25801,17.225,0,0,1,1.0,1.0,0.28,1.0,0.733,2,0.566,0,0.544,1.27812,1.2774,0.21,0.447,0.0,2,0.15,0,0.646,0.295,0.866,0.34,0.352,1,1.27869,8,0.733,0.58,0.14,0.3,0.161,0.884,0.898,1.26924,1.26156,1.26152,-1338.4866,-250034.5086,-2,1.27566,0.508,0.0,0.0,0.0,0.0,0,0.708,1,2,1724,0.778,0.554,0.377,27.0,27.0,0.2479,108.9,0.0,1,1,0.807,1.23714,0,0,0.0,1.2757,1,37.658,0.076,0.924,0.0,0.0,1.0,0.99,0.0,0.5,0.454,0.567,0.65,0.5,0.522,0.0,0.595,0.0,0,0,0.484,0.411,0.0,0.342,0.1,0.49,0.65,0.0,0.574,0.4,0.0,1.0,0.872
7446,2021.09.14 12:31:20,GBPCHFm,BREAKOUT,BUY,2,1.27717,1.27554,1.27896,1.1,0.502,1.27883,1.27919,1.27776,0,1.238,0.056,-1.775,1.27623,1.27069,1.27499,1.26771,0,0.0,0.5,0,1.27869,0.664,0.725,0,0.0,0.0,1.27724,1.25801,17.225,0,0,1,1.0,1.0,0.28,1.0,0.077,2,0.566,0,0.544,1.27812,1.2769,1.119,0.003,0.0,2,0.15,0,0.646,0.778,1.775,0.438,0.408,1,1.27869,8,0.733,0.0,0.337,0.3,0.161,0.884,0.939,1.26924,1.26156,1.26152,-1338.4866,-250034.5086,-2,1.27566,0.508,0.0,0.0,0.0,0.0,0,0.708,1,2,1724,0.778,0.554,0.377,27.0,27.0,0.2479,108.9,0.0,1,1,0.807,1.23714,0,0,0.0,1.2757,1,36.749,0.076,0.924,0.0,0.0,1.0,0.27,0.0,0.5,0.158,0.883,0.648,0.5,0.478,0.0,0.522,0.0,0,0,0.441,0.328,0.0,0.713,0.1,0.552,0.436,0.0,0.545,0.4,0.0,1.0,0.906
7448,2021.09.14 12:39:00,GBPCHFm,MEAN_REVERSION,BUY,2,1.27811,1.27724,1.27896,0.98,0.542,1.27883,1.27919,1.27776,1,1.238,0.056,-0.9121,1.27623,1.27069,1.27499,1.26771,0,0.0,0.5,0,1.27869,0.664,0.725,0,0.0,0.0,1.27724,1.25801,17.225,0,0,1,1.0,1.0,0.28,1.0,0.733,2,0.566,0,0.544,1.27812,1.2774,0.256,0.401,0.0,2,0.15,0,0.646,0.31,0.912,0.34,0.354,1,1.27869,8,0.733,0.489,0.14,0.3,0.161,0.884,0.898,1.26924,1.26156,1.26152,-1338.4866,-250034.5086,-2,1.27566,0.508,0.0,0.0,0.0,0.0,0,0.708,1,2,1724,0.778,0.554,0.377,27.0,27.0,0.2479,108.9,0.0,1,1,0.807,1.23714,0,0,0.0,1.2757,1,37.612,0.076,0.924,0.0,0.0,1.0,0.79,0.0,0.5,0.323,0.331,0.613,0.5,0.75,0.0,0.681,0.0,0,0,0.565,0.411,0.0,0.342,0.1,0.541,0.65,0.0,0.574,0.4,0.0,1.0,0.872
7450,2021.09.14 12:55:40,GBPCHFm,TREND_CONTINUATION,BUY,2,1.27712,1.27581,1.27896,1.41,0.578,1.27883,1.27919,1.27776,0,1.238,0.056,-1.8209,1.27623,1.27069,1.27499,1.26771,0,0.0,0.5,0,1.27869,0.664,0.725,0,0.0,0.0,1.27724,1.25801,17.225,0,0,1,1.0,1.0,0.28,1.0,0.077,2,0.566,0,0.544,1.27812,1.2769,1.165,0.049,0.0,2,0.15,0,0.646,0.798,1.821,0.438,0.411,1,1.27869,8,0.733,0.0,0.337,0.3,0.161,0.884,0.939,1.26924,1.26156,1.26152,-1338.4866,-250034.5086,-2,1.27566,0.508,0.0,0.0,0.0,0.0,0,0.708,1,2,1724,0.778,0.554,0.377,27.0,27.0,0.2479,108.9,0.0,1,1,0.807,1.23714,0,0,0.0,1.2757,1,36.703,0.076,0.924,0.0,0.0,1.0,0.0,0.0,0.5,0.894,0.516,0.332,0.5,0.457,0.0,0.676,0.0,0,0,0.508,0.328,0.0,0.713,0.1,0.609,0.436,0.0,0.545,0.4,0.0,1.0,0.906
7452,2021.09.14 15:00:00,GBPCHFm,BREAKOUT,BUY,4,1.27358,1.27123,1.27775,1.78,0.639,1.27748,1.27916,1.27671,0,2.273,0.075,-2.6638,1.27617,1.27069,1.27631,1.26771,1,0.0,0.4,0,1.27748,0.728,0.36,0,0.0,0.0,1.27547,1.25801,9.782,0,0,0,1.0,1.0,0.0986,1.0,0.066,2,0.566,2,0.348,1.27732,1.27335,2.566,0.023,0.5996,0,0.15,2,1.0,1.572,2.664,0.59,0.554,2,1.27748,8,0.746,0.0,0.34,1.0,0.053,0.798,0.903,1.26924,1.26156,1.26152,-1338.4866,-250034.5086,-2,1.27566,0.508,0.0,0.0,0.0,0.0,0,0.708,1,2,1727,0.778,0.554,0.377,27.0,27.0,0.1726,156.4,0.0,1,1,0.807,1.23714,0,0,0.0,1.27505,1,23.295,0.076,0.924,0.0,0.0,1.0,0.13,0.0,0.5,0.0,0.447,0.41,0.5,0.346,0.0,0.352,0.0,0,0,0.299,0.224,0.0,0.423,0.1,1.0,0.374,0.0,0.453,0.375,0.0,1.0,0.929
7453,2021.09.14 15:00:20,GBPCHFm,TREND_CONTINUATION,BUY,4,1.27357,1.27169,1.27775,2.23,0.582,1.27748,1.27916,1.27671,0,2.273,0.075,-2.6702,1.27617,1.27069,1.27631,1.26771,1,0.0,0.4,0,1.27748,0.728,0.36,0,0.0,0.0,1.27547,1.25801,9.782,0,0,0,1.0,1.0,0.0986,1.0,0.066,2,0.576,2,0.348,1.27732,1.27335,2.572,0.029,0.0,2,0.15,0,0.656,1.175,2.67,0.44,0.422,1,1.27748,8,0.746,0.0,0.34,0.3,0.053,0.798,0.903,1.26924,1.26156,1.26152,-1338.4866,-250034.5086,-2,1.27566,0.508,0.0,0.0,0.0,0.0,0,0.708,1,2,1727,0.778,0.554,0.377,27.0,27.0,0.1726,156.4,0.0,1,1,0.807,1.23714,0,0,0.0,1.27505,1,23.289,0.076,0.924,0.0,0.0,1.0,0.13,0.0,0.5,0.0,0.533,0.403,0.5,0.393,0.0,0.304,0.0,0,0,0.298,0.208,0.0,0.528,0.1,0.855,0.303,0.0,0.509,0.375,0.0,1.0,0.854
7454,2021.09.14 15:00:20,GBPCHFm,MEAN_REVERSION,BUY,4,1.27357,1.27232,1.27775,3.34,0.567,1.27748,1.27916,1.27671,0,2.273,0.075,-2.6702,1.27617,1.27069,1.27631,1.26771,1,0.0,0.4,0,1.27748,0.728,0.36,0,0.0,0.0,1.27547,1.25801,9.782,0,0,0,1.0,1.0,0.0986,1.0,0.066,2,0.576,2,0.348,1.27732,1.27335,2.572,0.029,0.0,2,0.15,0,0.656,1.175,2.67,0.44,0.422,1,1.27748,8,0.746,0.0,0.34,0.3,0.053,0.798,0.903,1.26924,1.26156,1.26152,-1338.4866,-250034.5086,-2,1.27566,0.508,0.0,0.0,0.0,0.0,0,0.708,1,2,1727,0.778,0.554,0.377,27.0,27.0,0.1726,156.4,0.0,1,1,0.807,1.23714,0,0,0.0,1.27505,1,23.289,0.076,0.924,0.0,0.0,1.0,0.13,0.0,0.5,0.0,0.533,0.403,0.5,0.393,0.0,0.304,0.0,0,0,0.298,0.208,0.0,0.528,0.1,0.855,0.303,0.0,0.509,0.375,0.0,1.0,0.854
7458,2021.09.14 15:26:40,GBPCHFm,SWEEP_REVERSAL,BUY,4,1.2734,1.27184,1.27775,2.78,0.165,1.27748,1.27916,1.27671,0,2.273,0.075,-2.7789,1.27617,1.27069,1.27631,1.26771,1,0.0,0.4,0,1.27748,0.728,0.36,0,0.0,0.0,1.27547,1.25801,9.782,0,0,0,1.0,1.0,0.0986,1.0,0.066,2,0.576,2,0.348,1.27732,1.27335,2.681,0.138,0.0,2,0.15,0,0.656,1.223,2.779,0.44,0.427,1,1.27748,8,0.746,0.0,0.34,0.3,0.053,0.798,0.903,1.26924,1.26156,1.26152,-1338.4866,-250034.5086,-2,1.27566,0.508,0.0,0.0,0.0,0.0,0,0.708,1,2,1727,0.778,0.554,0.377,27.0,27.0,0.1726,156.4,0.0,1,1,0.807,1.23714,0,0,0.0,1.27505,1,23.18,0.076,0.924,0.0,0.0,1.0,0.83,0.0,0.5,0.0,1.0,0.435,0.5,0.429,0.0,0.357,0.0,0,0,0.311,0.208,0.0,0.308,0.1,0.628,0.3,0.0,0.509,0.4,0.0,1.0,0.867
7460,2021.09.14 17:00:00,GBPCHFm,BREAKOUT,SELL,3,1.27247,1.27501,1.26823,1.67,0.467,1.27312,1.27744,1.27226,1,0.181,0.022,-0.3846,1.27612,1.27069,1.27631,1.26837,1,0.0,0.75,2,1.27726,0.627,0.209,0,0.0,0.0,0.0,1.25801,8.525,0,0,0,0.75,-0.72,-0.3031,0.72,0.132,1,0.139,3,0.718,1.27312,1.27243,0.385,0.022,0.8264,0,0.45,2,1.0,1.639,2.825,0.58,0.57,2,1.27312,1,0.7,0.231,0.44,0.916,0.157,0.851,0.864,1.26924,1.26156,1.26152,-1245.2687,93.2178,-1,1.27566,0.501,0.0,0.0,0.0,0.0,0,0.523,1,2,1729,0.778,0.554,0.377,27.0,27.0,0.1592,169.6,0.0,1,1,0.807,1.23714,1,0,0.655,1.27505,1,1.521,0.114,0.886,0.0,1.0,1.0,0.06,0.0,0.5,0.0,1.0,0.383,0.5,0.403,0.0,0.163,0.0,0,0,0.256,0.333,0.0,0.701,0.1,0.811,0.449,0.0,0.406,0.375,0.0,1.0,0.73
7461,2021.09.14 17:00:20,GBPCHFm,PULLBACK,SELL,3,1.27247,1.27501,1.26837,1.61,0.546,1.27312,1.27744,1.27226,1,0.181,0.022,-0.3846,1.27612,1.27069,1.27631,1.26837,1,0.0,0.75,2,1.27726,0.627,0.209,0,0.0,0.0,0.0,1.25801,8.525,0,0,0,0.75,-0.72,-0.3031,0.72,0.132,2,0.439,3,0.718,1.27312,1.27243,0.385,0.022,0.0,2,0.15,0,0.439,1.215,2.825,0.43,0.425,1,1.27312,1,0.7,0.231,0.32,0.216,0.053,0.851,0.864,1.26924,1.26156,1.26152,-1245.2687,93.2178,-1,1.27566,0.501,0.0,0.0,0.0,0.0,0,0.523,1,2,1729,0.778,0.554,0.377,27.0,27.0,0.1592,169.6,0.0,1,1,0.807,1.23714,1,0,0.655,1.27505,1,1.521,0.114,0.886,0.0,1.0,1.0,0.06,0.0,0.5,0.0,1.0,0.387,0.5,0.481,0.0,0.148,0.0,0,0,0.271,0.384,0.0,0.531,0.1,0.562,0.425,0.0,0.469,0.375,0.0,1.0,0.742
7462,2021.09.14 17:00:20,GBPCHFm,TREND_CONTINUATION,SELL,3,1.27247,1.27451,1.26823,2.08,0.466,1.27312,1.27744,1.27226,1,0.181,0.022,-0.3846,1.27612,1.27069,1.27631,1.26837,1,0.0,0.75,2,1.27726,0.627,0.209,0,0.0,0.0,0.0,1.25801,8.525,0,0,0,0.75,-0.72,-0.3031,0.72,0.132,2,0.439,3,0.718,1.27312,1.27243,0.385,0.022,0.0,2,0.15,0,0.439,1.215,2.825,0.43,0.425,1,1.27312,1,0.7,0.231,0.32,0.216,0.053,0.851,0.864,1.26924,1.26156,1.26152,-1245.2687,93.2178,-1,1.27566,0.501,0.0,0.0,0.0,0.0,0,0.523,1,2,1729,0.778,0.554,0.377,27.0,27.0,0.1592,169.6,0.0,1,1,0.807,1.23714,1,0,0.655,1.27505,1,1.521,0.114,0.886,0.0,1.0,1.0,0.06,0.0,0.5,0.0,1.0,0.387,0.5,0.481,0.0,0.148,0.0,0,0,0.271,0.384,0.0,0.531,0.1,0.562,0.425,0.0,0.469,0.375,0.0,1.0,0.742
7463,2021.09.14 17:06:40,GBPCHFm,MEAN_REVERSION,BUY,3,1.27222,1.27086,1.27339,0.86,0.543,1.27312,1.27744,1.27226,0,0.181,0.022,-0.6912,1.27612,1.27069,1.27631,1.26837,1,0.0,0.75,2,1.27726,0.627,0.209,0,0.0,0.0,0.0,1.25801,8.525,0,0,0,0.75,-0.72,-0.3031,0.72,0.132,2,0.439,3,0.718,1.27312,1.27243,0.691,0.284,0.0,2,0.15,0,0.439,1.347,3.132,0.43,0.441,1,1.27312,1,0.7,0.0,0.32,0.216,0.053,0.851,0.864,1.26924,1.26156,1.26152,-1245.2687,93.2178,-1,1.27566,0.501,0.0,0.0,0.0,0.0,0,0.523,1,2,1729,0.778,0.554,0.377,27.0,27.0,0.1592,169.6,0.0,1,1,0.807,1.23714,1,0,0.655,1.27505,1,1.668,0.114,0.886,0.0,1.0,1.0,0.0,0.0,0.5,0.0,1.0,0.306,0.5,0.506,0.0,0.147,0.0,0,0,0.327,0.339,0.0,0.443,0.1,0.569,0.385,0.0,0.466,0.375,0.0,1.0,0.821
7465,2021.09.14 17:26:40,GBPCHFm,SWEEP_REVERSAL,BUY,3,1.27131,1.26961,1.27339,1.23,0.175,1.27312,1.27744,1.27226,0,0.181,0.022,-1.2276,1.27612,1.27069,1.27631,1.26837,1,0.0,0.75,2,1.27726,0.627,0.209,0,0.0,0.0,0.0,1.25801,8.525,0,0,0,0.75,-0.72,-0.3031,0.72,0.132,2,0.439,3,0.718,1.27312,1.27243,1.228,0.821,0.0,2,0.15,0,0.439,1.578,3.668,0.43,0.468,1,1.27312,1,0.7,0.0,0.32,0.216,0.053,0.851,0.864,1.26924,1.26156,1.26152,-1245.2687,93.2178,-1,1.27566,0.501,0.0,0.0,0.0,0.0,0,0.523,1,2,1729,0.778,0.554,0.377,27.0,27.0,0.1592,169.6,0.0,1,1,0.807,1.23714,1,0,0.655,1.27505,1,2.205,0.114,0.886,0.0,1.0,1.0,0.01,0.0,0.5,0.0,0.782,0.22,0.5,0.509,0.0,0.23,0.0,0,0,0.413,0.384,0.0,0.664,0.1,0.588,0.292,0.0,0.474,0.375,0.0,1.0,0.821
7467,2021.09.14 19:00:00,GBPCHFm,BREAKOUT,SELL,3,1.26982,1.27121,1.26524,3.3,0.47,1.27289,1.27382,1.27092,0,0.658,0.319,-1.6755,1.27639,1.27069,1.27631,1.26837,1,0.0,0.7,0,1.27289,0.685,0.0,2,0.0,0.0,1.27006,1.25801,6.45,0,0,0,0.9,-0.79,-0.4891,0.79,0.156,2,0.59,3,0.868,1.27103,1.2704,0.658,0.319,-0.2981,1,0.0,0,0.59,0.715,1.675,0.427,0.4,1,1.27103,2,0.55,0.0,0.553,0.237,0.0,0.485,0.951,1.26924,1.26156,1.26152,-1245.2687,93.2178,-1,1.27566,0.501,0.0,0.0,0.0,0.0,0,0.523,1,2,1731,0.787,0.546,0.377,27.0,27.0,0.1474,183.1,0.0,1,1,0.807,1.23714,1,0,0.655,1.27505,1,2.856,0.114,0.886,0.0,1.0,1.0,0.07,0.0,0.5,0.0,0.478,0.444,0.5,0.575,0.0,0.487,0.0,0,0,0.401,0.659,0.0,0.748,0.1,0.513,0.257,0.0,0.473,0.438,0.0,1.0,0.702
7468,2021.09.14 19:00:20,GBPCHFm,TREND_CONTINUATION,SELL,3,1.26973,1.27193,1.26515,2.08,0.521,1.27289,1.27382,1.27092,0,0.658,0.319,-1.7246,1.27639,1.27069,1.27631,1.26837,1,0.0,0.7,0,1.27289,0.685,0.0,2,0.0,0.0,1.27006,1.25801,6.45,0,0,0,0.9,-0.79,-0.4891,0.79,0.156,2,0.621,3,0.868,1.27103,1.2704,0.707,0.368,0.0,2,0.0,0,0.621,0.736,1.725,0.427,0.41,1,1.27103,2,0.55,0.0,0.253,0.237,0.0,0.485,0.951,1.26924,1.26156,1.26152,-1245.2687,93.2178,-1,1.27566,0.501,0.0,0.0,0.0,0.0,0,0.523,1,2,1731,0.787,0.546,0.377,27.0,27.0,0.1474,183.1,0.0,1,1,0.807,1.23714,1,0,0.655,1.27505,1,2.905,0.114,0.886,0.0,1.0,1.0,0.01,0.0,0.5,0.0,0.478,0.427,0.5,0.575,0.0,0.513,0.0,0,0,0.421,0.619,0.0,0.748,0.1,0.623,0.249,0.0,0.481,0.438,0.0,1.0,0.758
7469,2021.09.14 19:00:20,GBPCHFm,ANCHORED_PULLBACK,SELL,3,1.26973,1.27061,1.26607,4.18,0.475,1.27289,1.27382,1.27092,0,0.658,0.319,-1.7246,1.27639,1.27069,1.27631,1.26837,1,0.0,0.7,0,1.27289,0.685,0.0,2,0.0,0.0,1.27006,1.25801,6.45,0,0,0,0.9,-0.79,-0.4891,0.79,0.156,2,0.621,3,0.868,1.27103,1.2704,0.707,0.368,0.0,2,0.0,0,0.621,0.736,1.725,0.427,0.41,1,1.27103,2,0.55,0.0,0.253,0.237,0.0,0.485,0.951,1.26924,1.26156,1.26152,-1245.2687,93.2178,-1,1.27566,0.501,0.0,0.0,0.0,0.0,0,0.523,1,2,1731,0.787,0.546,0.377,27.0,27.0,0.1474,183.1,0.0,1,1,0.807,1.23714,1,0,0.655,1.27505,1,2.905,0.114,0.886,0.0,1.0,1.0,0.01,0.0,0.5,0.0,0.478,0.427,0.5,0.575,0.0,0.513,0.0,0,0,0.421,0.619,0.0,0.748,0.1,0.623,0.249,0.0,0.481,0.438,0.0,1.0,0.758
7470,2021.09.14 19:08:40,GBPCHFm,PULLBACK,SELL,3,1.27012,1.27121,1.26837,1.6,0.44,1.27289,1.27382,1.27092,0,0.658,0.319,-1.5117,1.27639,1.27069,1.27631,1.26837,1,0.0,0.7,0,1.27289,0.685,0.0,2,0.0,0.0,1.27006,1.25801,6.45,0,0,0,0.9,-0.79,-0.4891,0.79,0.251,2,0.621,3,0.868,1.27103,1.2704,0.494,0.155,0.0,2,0.0,0,0.621,0.623,1.512,0.412,0.397,1,1.27103,2,0.55,0.011,0.225,0.237,0.0,0.485,0.951,1.26924,1.26156,1.26152,-1245.2687,93.2178,-1,1.27566,0.501,0.0,0.0,0.0,0.0,0,0.523,1,2,1731,0.787,0.546,0.377,27.0,27.0,0.1474,183.1,0.0,1,1,0.807,1.23714,1,0,0.655,1.27505,1,2.692,0.114,0.886,0.0,1.0,1.0,0.99,0.0,0.5,0.0,0.45,0.628,0.5,0.568,0.0,0.499,0.0,0,0,0.447,0.685,0.0,0.968,0.1,0.623,0.566,0.0,0.476,0.438,0.0,1.0,0.758
7471,2021.09.14 19:15:40,GBPCHFm,MEAN_REVERSION,BUY,3,1.27004,1.26857,1.2713,0.86,0.6,1.27289,1.27382,1.27092,0,0.658,0.319,-1.7028,1.27639,1.27069,1.27631,1.26837,1,0.0,0.7,0,1.27289,0.685,0.0,2,0.0,0.0,1.27006,1.25801,6.45,0,0,0,0.9,-0.79,-0.4891,0.79,0.156,2,0.621,3,0.868,1.27103,1.2704,0.686,0.346,0.0,2,0.0,0,0.621,0.726,1.703,0.427,0.409,1,1.27103,2,0.55,0.0,0.253,0.237,0.0,0.485,0.951,1.26924,1.26156,1.26152,-1245.2687,93.2178,-1,1.27566,0.501,0.0,0.0,0.0,0.0,0,0.523,1,2,1731,0.787,0.546,0.377,27.0,27.0,0.1474,183.1,0.0,1,1,0.807,1.23714,1,0,0.655,1.27505,1,2.736,0.114,0.886,0.0,1.0,1.0,0.04,0.0,0.5,0.0,0.612,0.56,0.5,0.549,0.0,0.456,0.0,0,0,0.383,0.619,0.0,0.748,0.1,0.606,0.252,0.0,0.481,0.438,0.0,1.0,0.758
7473,2021.09.14 19:27:00,GBPCHFm,SWEEP_REVERSAL,BUY,3,1.26983,1.268,1.2713,0.8,0.104,1.27289,1.27382,1.27092,0,0.658,0.319,-1.8174,1.27639,1.27069,1.27631,1.26837,1,0.0,0.7,0,1.27289,0.685,0.0,2,0.0,0.0,1.27006,1.25801,6.45,0,0,0,0.9,-0.79,-0.4891,0.79,0.156,2,0.621,3,0.868,1.27103,1.2704,0.8,0.461,0.0,2,0.0,0,0.621,0.775,1.817,0.427,0.415,1,1.27103,2,0.55,0.0,0.253,0.237,0.0,0.485,0.951,1.26924,1.26156,1.26152,-1245.2687,93.2178,-1,1.27566,0.501,0.0,0.0,0.0,0.0,0,0.523,1,2,1731,0.787,0.546,0.377,27.0,27.0,0.1474,183.1,0.0,1,1,0.807,1.23714,1,0,0.655,1.27505,1,2.85,0.114,0.886,0.0,1.0,1.0,0.42,0.0,0.5,0.0,0.639,0.373,0.5,0.546,0.0,0.525,0.0,0,0,0.45,0.619,0.0,0.528,0.1,0.593,0.235,0.0,0.484,0.438,0.0,1.0,0.742
7478,2021.09.14 20:00:40,GBPCHFm,BREAKOUT_RETEST,SELL,3,1.2697,1.27025,1.26823,2.67,0.579,1.26996,1.27179,1.26942,1,0.038,0.744,-0.1413,1.27631,1.27069,1.27631,1.26837,1,0.0,0.55,2,1.26996,0.717,0.331,0,0.0,0.0,0.0,1.25801,6.488,0,0,0,0.975,-0.825,-0.5517,0.825,0.666,2,0.591,3,0.776,1.26985,1.27136,0.082,0.906,0.0,2,0.0,0,0.591,0.317,0.906,0.35,0.384,1,1.27179,4,0.6,0.835,0.1,0.247,0.0,0.818,0.898,1.26924,1.26156,1.26152,-1185.1585,60.1102,-1,1.27566,0.512,0.0,0.0,0.0,0.0,0,0.464,1,2,1732,0.787,0.546,0.377,27.0,27.0,0.1474,183.1,0.0,1,1,0.807,1.23714,1,0,0.655,1.27505,1,2.921,0.102,0.898,0.0,1.0,1.0,0.76,0.0,0.5,0.0,0.593,0.455,0.5,0.57,0.0,0.663,0.0,0,0,0.463,0.814,0.0,0.713,0.093,0.34,0.452,0.0,0.506,0.438,0.0,1.0,0.769
0,2021.09.14 21:00:00,GBPCHFm,BREAKOUT,SELL,3,1.26891,1.26995,1.26434,4.4,0.484,1.26995,1.271,1.26948,0,0.468,0.052,-0.5717,1.27614,1.27069,1.27631,1.26837,1,0.0,0.4,0,1.26995,0.727,0.623,0,0.0,0.0,1.27019,1.25801,5.965,0,0,0,1.0,-0.86,-0.5877,0.86,0.009,0,0.664,3,0.589,1.26996,1.2691,0.572,0.104,-0.4653,1,0.15,0,0.664,0.257,0.572,0.449,0.336,0,1.26995,8,0.745,0.0,0.657,0.258,0.053,0.716,0.987,1.26924,1.26156,1.26152,-1185.1585,60.1102,-1,1.27566,0.512,0.0,0.0,0.0,0.0,0,0.464,1,2,1733,0.787,0.546,0.377,309.0,35.0,1.6905,182.8,0.0,1,1,0.807,1.23714,1,0,0.655,1.27505,1,3.359,0.102,0.898,0.0,1.0,1.0,0.0,0.0,0.5,0.0,0.494,0.487,0.5,0.644,0.0,0.185,0.0,0,0,0.275,0.345,0.0,0.374,0.1,0.147,0.274,0.0,0.499,0.438,0.0,1.0,0.749
0,2021.09.14 21:00:20,GBPCHFm,TREND_CONTINUATION,SELL,3,1.2687,1.27089,1.26413,2.08,0.543,1.26995,1.271,1.26948,0,0.468,0.052,-0.6866,1.27614,1.27069,1.27631,1.26837,1,0.0,0.4,0,1.26995,0.727,0.623,0,0.0,0.0,1.27019,1.25801,5.965,0,0,0,1.0,-0.86,-0.5877,0.86,0.009,0,0.665,3,0.589,1.26996,1.2691,0.687,0.219,0.0,2,0.15,0,0.665,0.308,0.687,0.449,0.343,0,1.26995,8,0.745,0.0,0.357,0.258,0.053,0.716,0.987,1.26924,1.26156,1.26152,-1185.1585,60.1102,-1,1.27566,0.512,0.0,0.0,0.0,0.0,0,0.464,1,2,1733,0.787,0.546,0.377,309.0,40.7,1.6905,182.8,0.0,1,1,0.807,1.23714,1,0,0.655,1.27505,1,3.474,0.102,0.898,0.0,1.0,1.0,0.0,0.0,0.5,0.0,0.494,0.482,0.5,0.644,0.0,0.216,0.0,0,0,0.291,0.417,0.0,0.44,0.1,0.271,0.256,0.0,0.5,0.438,0.0,1.0,0.803
0,2021.09.14 21:00:40,GBPCHFm,ANCHORED_PULLBACK,SELL,3,1.26912,1.27014,1.26546,3.59,0.251,1.26995,1.271,1.26948,0,0.468,0.052,-0.4568,1.27614,1.27069,1.27631,1.26837,1,0.0,0.4,0,1.26995,0.727,0.623,0,0.0,0.0,1.27019,1.25801,5.965,0,0,0,1.0,-0.86,-0.5877,0.86,0.011,0,0.665,3,0.589,1.26996,1.2691,0.457,0.011,0.0,2,0.15,0,0.665,0.205,0.457,0.448,0.331,0,1.26995,8,0.745,0.086,0.357,0.258,0.053,0.716,0.987,1.26924,1.26156,1.26152,-1185.1585,60.1102,-1,1.27566,0.512,0.0,0.0,0.0,0.0,0,0.464,1,2,1733,0.787,0.546,0.377,309.0,46.3,1.6905,182.8,0.0,1,1,0.807,1.23714,1,0,0.655,1.27505,1,3.244,0.102,0.898,0.0,1.0,1.0,0.04,0.0,0.5,0.0,0.411,0.495,0.5,0.569,0.0,0.197,0.0,0,0,0.252,0.418,0.0,0.352,0.1,0.271,0.291,0.0,0.498,0.438,0.0,1.0,0.803
0,2021.09.14 21:09:30,GBPCHFm,PULLBACK,SELL,3,1.26827,1.26995,1.26279,3.27,0.466,1.26995,1.271,1.26948,0,0.468,0.052,-0.9218,1.27614,1.27069,1.27631,1.26837,0,0.0,0.4,0,1.26995,0.727,0.623,0,0.0,0.0,1.27019,1.25801,5.965,0,0,0,1.0,-0.86,-0.5877,0.86,0.009,0,0.665,3,0.589,1.26996,1.2691,0.922,0.454,0.0,2,0.15,0,0.665,0.414,0.922,0.449,0.355,1,1.26995,8,0.745,0.0,0.357,0.258,0.053,0.716,0.987,1.26924,1.26156,1.26152,-1185.1585,60.1102,-1,1.27566,0.512,0.0,0.0,0.0,0.0,0,0.464,1,2,1733,0.787,0.546,0.377,412.0,138.8,2.254,182.8,0.0,1,1,0.807,1.23714,1,0,0.655,1.27505,1,3.709,0.102,0.898,0.0,1.0,1.0,0.03,0.0,0.5,0.0,0.537,0.421,0.5,0.51,0.0,0.223,0.0,0,0,0.29,0.354,0.0,0.475,0.1,0.33,0.167,0.0,0.494,0.4,0.0,1.0,0.785
0,2021.09.14 21:15:40,GBPCHFm,MEAN_REVERSION,BUY,3,1.27147,1.27001,1.27359,1.45,0.599,1.26995,1.271,1.26948,0,0.468,0.052,-1.1571,1.27614,1.27069,1.27631,1.26837,0,0.0,0.4,0,1.26995,0.727,0.623,0,0.0,0.0,1.27019,1.25801,5.965,0,0,0,1.0,-0.86,-0.5877,0.86,0.009,0,0.665,3,0.589,1.26996,1.2691,1.157,0.689,0.0,2,0.15,0,0.665,0.519,1.157,0.449,0.367,1,1.26995,8,0.745,0.0,0.357,0.258,0.053,0.716,0.987,1.26924,1.26156,1.26152,-1185.1585,60.1102,-1,1.27566,0.512,0.0,0.0,0.0,0.0,0,0.464,1,2,1733,0.787,0.546,0.377,363.0,212.0,1.9859,182.8,0.0,1,1,0.807,1.23714,1,0,0.655,1.27505,1,1.959,0.102,0.898,0.0,1.0,1.0,0.08,0.0,0.5,0.0,0.833,0.301,0.5,0.44,0.0,0.215,0.0,0,0,0.337,0.354,0.0,0.238,0.1,0.473,0.136,0.0,0.494,0.4,0.0,1.0,0.785
0,2021.09.14 21:27:00,GBPCHFm,SWEEP_REVERSAL,BUY,3,1.27108,1.26925,1.27339,1.26,0.151,1.26995,1.271,1.26948,0,0.468,0.052,-1.261,1.27614,1.27069,1.27631,1.26837,0,0.0,0.4,0,1.26995,0.727,0.623,0,0.0,0.0,1.27019,1.25801,5.965,0,0,0,1.0,-0.86,-0.5877,0.86,0.009,0,0.665,3,0.589,1.26996,1.2691,1.261,0.793,0.0,2,0.15,0,0.665,0.566,1.261,0.449,0.373,1,1.26995,8,0.745,0.0,0.357,0.258,0.053,0.716,0.987,1.26924,1.26156,1.26152,-1185.1585,60.1102,-1,1.27566,0.512,0.0,0.0,0.0,0.0,0,0.464,1,2,1733,0.787,0.546,0.377,343.0,327.2,1.8765,182.8,0.0,1,1,0.807,1.23714,1,0,0.655,1.27505,1,2.172,0.102,0.898,0.0,1.0,1.0,0.28,0.0,0.5,0.0,1.0,0.474,0.5,0.432,0.0,0.199,0.0,0,0,0.225,0.354,0.0,0.238,0.1,0.484,0.136,0.0,0.492,0.4,0.0,1.0,0.785
0,2021.09.14 22:45:40,GBPCHFm,BREAKOUT_RETEST,SELL,1,1.2695,1.27003,1.26897,1.01,0.592,1.26984,1.27028,1.2694,1,0.502,0.204,-0.1943,1.27633,1.27096,1.27641,1.26807,1,0.0,0.25,4,1.27002,0.692,0.61,0,0.0,0.0,1.26855,1.25801,6.089,0,0,0,1.0,-0.895,-0.5859,0.895,0.341,0,0.78,0,0.256,1.26993,1.26923,0.244,0.153,0.0,2,0.15,0,0.78,0.598,1.5,0.399,0.371,1,1.27028,4,0.6,0.512,0.258,0.269,0.254,0.771,0.937,1.26924,1.26156,1.26152,-1185.1585,60.1102,-1,1.27566,0.512,0.0,0.0,0.0,0.0,0,0.464,1,2,1734,0.787,0.546,0.377,178.0,188.3,1.0061,176.9,0.0,1,1,0.807,1.23714,1,0,0.655,1.27505,1,3.137,0.102,0.898,0.0,1.0,1.0,0.99,0.0,0.5,0.0,1.0,0.525,0.5,0.562,0.0,0.405,0.0,0,0,0.345,0.677,0.0,0.589,0.1,0.282,0.455,0.0,0.514,0.4,0.0,1.0,0.697
0,2021.09.14 23:00:40,GBPCHFm,ANCHORED_PULLBACK,BUY,1,1.27041,1.27025,1.27118,4.9,0.366,1.26996,1.27016,1.26937,1,0.144,1.208,0.1036,1.27633,1.27094,1.27603,1.26825,1,0.0,0.3,4,1.26996,0.657,0.111,0,0.0,0.0,1.26946,1.25801,7.024,0,0,0,0.8,-0.93,-0.5543,0.93,0.458,0,0.651,2,0.367,1.26976,1.26798,0.218,1.243,0.0,2,0.0,0,0.651,0.474,1.243,0.381,0.366,1,1.26937,5,0.6,0.565,0.163,0.279,0.15,0.819,0.893,1.26924,1.26156,1.26152,-1185.1585,60.1102,-1,1.27566,0.512,0.0,0.0,0.0,0.0,0,0.464,1,2,1735,0.787,0.546,0.377,27.0,168.7,0.1554,173.7,0.0,1,1,0.807,1.23714,1,0,0.655,1.27505,1,2.671,0.102,0.898,0.0,1.0,1.0,0.95,0.0,0.5,0.0,1.0,0.59,0.5,0.581,0.0,0.516,0.0,0,0,0.435,0.816,0.0,1.0,0.093,0.286,0.535,0.0,0.514,0.375,0.0,1.0,0.901
7484,2021.09.15 00:00:00,GBPCHFm,BREAKOUT,BUY,1,1.27068,1.2682,1.27482,1.67,0.626,1.26986,1.27021,1.26907,0,0.161,1.366,0.3331,1.27633,1.27094,1.27603,1.26825,1,0.0,0.4,0,1.26986,0.8,0.841,0,0.0,0.0,0.0,0.0,0.0,0,0,0,1.0,-0.79,-0.4759,0.79,0.384,0,0.654,2,0.04,1.26993,1.26801,0.29,1.452,0.2103,0,0.25,2,1.0,1.627,3.0,0.542,0.503,2,1.26986,8,0.76,0.42,0.285,0.937,0.088,0.766,0.821,1.26924,1.25904,1.26782,283839.4919,285024.6504,2,1.27566,0.521,0.0,0.0,0.0,0.0,0,0.474,1,2,1736,0.787,0.546,0.377,27.0,27.0,0.1631,165.5,0.0,1,1,0.807,1.23714,1,0,0.655,1.27505,0,2.64,0.014,0.986,0.0,0.0,0.5,0.53,0.0,0.5,0.0,0.698,0.52,0.5,0.508,0.0,0.191,0.0,0,0,0.241,0.857,0.0,1.0,0.048,0.683,0.515,0.0,0.454,0.375,0.0,1.0,0.929
7486,2021.09.15 00:26:40,GBPCHFm,MEAN_REVERSION,SELL,1,1.27096,1.27228,1.26986,0.83,0.617,1.26986,1.27021,1.26907,0,0.161,1.366,0.6654,1.27633,1.27094,1.27603,1.26825,1,0.0,0.4,0,1.26986,0.8,0.841,0,0.0,0.0,0.0,0.0,0.0,0,0,0,1.0,-0.79,-0.4759,0.79,0.384,0,0.691,2,0.04,1.26993,1.26801,0.622,1.785,0.0,2,0.25,0,0.691,1.177,3.0,0.392,0.373,1,1.26986,8,0.76,0.0,0.285,0.237,0.088,0.766,0.821,1.26924,1.25904,1.26782,283839.4919,285024.6504,2,1.27566,0.521,0.0,0.0,0.0,0.0,0,0.474,1,2,1736,0.787,0.546,0.377,27.0,27.0,0.1631,165.5,0.0,1,1,0.807,1.23714,1,0,0.655,1.27505,0,2.471,0.014,0.986,0.0,0.0,0.5,0.99,0.0,0.5,0.0,0.25,0.412,0.5,0.866,0.0,0.217,0.0,0,0,0.399,0.737,0.0,0.805,0.048,0.244,0.582,0.0,0.523,0.375,0.0,1.0,0.901
7487,2021.09.15 00:50:40,GBPCHFm,BREAKOUT_RETEST,SELL,1,1.27012,1.27062,1.26908,2.1,0.578,1.26986,1.27021,1.26907,1,0.161,1.366,0.1579,1.27633,1.27094,1.27603,1.26825,1,0.0,0.4,0,1.26986,0.8,0.841,0,0.0,0.0,0.0,0.0,0.0,0,0,0,1.0,-0.79,-0.4759,0.79,0.686,0,0.691,2,0.04,1.26993,1.26801,0.115,1.277,0.0,2,0.25,0,0.691,1.041,3.0,0.347,0.357,1,1.26907,5,0.6,0.77,0.194,0.237,0.088,0.766,0.821,1.26924,1.25904,1.26782,283839.4919,285024.6504,2,1.27566,0.521,0.0,0.0,0.0,0.0,0,0.474,1,2,1736,0.787,0.546,0.377,27.0,27.0,0.1631,165.5,0.0,1,1,0.807,1.23714,1,0,0.655,1.27505,0,2.979,0.014,0.986,0.0,0.0,0.5,0.0,0.0,0.5,0.0,0.33,0.189,0.5,0.693,0.0,0.525,0.0,0,0,0.605,0.8,0.0,1.0,0.067,0.319,0.504,0.0,0.527,0.375,0.0,1.0,0.908
7489,2021.09.15 01:00:40,GBPCHFm,ANCHORED_PULLBACK,SELL,1,1.26988,1.27046,1.26914,1.27,0.446,1.27022,1.27079,1.26914,1,0.043,1.071,-0.2051,1.27812,1.27094,1.27603,1.26825,1,0.0,0.5,0,1.27022,0.788,0.0,1,0.0,0.0,1.27029,0.0,0.0,0,0,0,0.8,-0.825,-0.2685,0.825,0.346,0,0.676,0,0.295,1.2703,1.27088,0.256,0.61,0.0,2,0.25,4,0.603,1.494,3.0,0.498,0.422,1,1.26914,5,0.6,0.488,0.296,0.247,0.147,0.781,0.919,1.26924,1.25904,1.26782,283839.4919,285024.6504,2,1.27566,0.521,0.0,0.0,0.0,0.0,0,0.474,1,2,1737,0.787,0.546,0.377,27.0,27.0,0.1652,163.4,0.0,1,1,0.807,1.23714,1,0,0.655,1.27505,0,3.163,0.014,0.986,0.0,0.0,0.5,0.02,0.0,0.5,0.0,0.253,0.306,0.5,0.982,0.0,0.685,0.0,0,0,0.685,0.787,0.0,0.717,0.048,0.33,0.458,0.0,0.467,0.375,0.0,1.0,0.78
7490,2021.09.15 01:37:40,GBPCHFm,PULLBACK,SELL,1,1.26951,1.27021,1.26823,1.82,0.571,1.27022,1.27079,1.26914,1,0.043,1.071,-0.4315,1.27812,1.27094,1.27603,1.26825,1,0.0,0.5,0,1.27022,0.788,0.0,1,0.0,0.0,1.27029,0.0,0.0,0,0,0,0.8,-0.825,-0.2685,0.825,0.237,0,0.676,0,0.295,1.2703,1.27088,0.482,0.837,0.0,2,0.25,4,0.603,1.543,3.0,0.514,0.428,1,1.27022,8,0.758,0.036,0.329,0.247,0.147,0.781,0.919,1.26924,1.25904,1.26782,283839.4919,285024.6504,2,1.27566,0.521,0.0,0.0,0.0,0.0,0,0.474,1,2,1737,0.787,0.546,0.377,27.0,27.0,0.1652,163.4,0.0,1,1,0.807,1.23714,1,0,0.655,1.27505,0,3.39,0.014,0.986,0.0,0.0,0.5,0.0,0.0,0.5,0.0,0.276,0.306,0.5,0.457,0.0,0.609,0.0,0,0,0.497,0.69,0.0,0.538,0.048,0.083,0.405,0.0,0.473,0.438,0.0,1.0,0.76
7491,2021.09.15 02:00:40,GBPCHFm,BREAKOUT,SELL,1,1.26904,1.27138,1.26515,1.67,0.433,1.27063,1.27069,1.26922,0,0.064,0.494,-1.0174,1.27812,1.27094,1.27603,1.26825,1,0.0,0.55,2,1.27063,0.77,0.605,0,0.0,0.0,1.2692,0.0,0.0,0,0,0,0.8,-0.825,-0.1909,0.825,0.366,2,0.529,3,0.328,1.26915,1.26841,0.071,0.402,0.0,2,0.25,0,0.529,1.185,3.0,0.395,0.372,1,1.27063,8,0.754,0.857,0.29,0.247,0.088,0.782,0.773,1.26924,1.25904,1.26782,283839.4919,285024.6504,2,1.27566,0.521,0.0,0.0,0.0,0.0,0,0.474,1,2,1738,0.787,0.546,0.377,27.0,27.0,0.1733,155.8,0.0,1,1,0.807,1.23714,1,0,0.655,1.27505,0,3.858,0.014,0.986,0.0,0.0,0.5,0.0,0.0,0.5,0.0,0.741,0.36,0.5,0.578,0.0,0.581,0.0,0,0,0.49,0.775,0.0,0.536,0.1,0.236,0.273,0.0,0.517,0.438,0.0,1.0,0.874
7492,2021.09.15 02:00:59,GBPCHFm,TREND_CONTINUATION,SELL,1,1.26904,1.27091,1.26515,2.08,0.478,1.27063,1.27069,1.26922,0,0.064,0.494,-1.0174,1.27812,1.27094,1.27603,1.26825,1,0.0,0.55,2,1.27063,0.77,0.605,0,0.0,0.0,1.2692,0.0,0.0,0,0,0,0.8,-0.825,-0.1909,0.825,0.366,2,0.529,3,0.328,1.26915,1.26841,0.071,0.402,0.0,2,0.25,0,0.529,1.185,3.0,0.395,0.372,1,1.27063,8,0.754,0.857,0.29,0.247,0.088,0.782,0.773,1.26924,1.25904,1.26782,283839.4919,285024.6504,2,1.27566,0.521,0.0,0.0,0.0,0.0,0,0.474,1,2,1738,0.787,0.546,0.377,27.0,27.0,0.1733,155.8,0.0,1,1,0.807,1.23714,1,0,0.655,1.27505,0,3.858,0.014,0.986,0.0,0.0,0.5,0.0,0.0,0.5,0.0,0.741,0.337,0.5,0.578,0.0,0.581,0.0,0,0,0.504,0.775,0.0,0.536,0.1,0.236,0.273,0.0,0.517,0.438,0.0,1.0,0.874
7493,2021.09.15 02:01:00,GBPCHFm,SWEEP_REVERSAL,BUY,1,1.26934,1.26778,1.2709,1.0,0.19,1.27063,1.27069,1.26922,0,0.064,0.494,-0.9982,1.27812,1.27094,1.27603,1.26825,1,0.0,0.55,2,1.27063,0.77,0.605,0,0.0,0.0,1.2692,0.0,0.0,0,0,0,0.8,-0.825,-0.1909,0.825,0.366,2,0.529,3,0.328,1.26915,1.26969,0.052,0.396,0.0,2,0.25,0,0.529,1.185,3.0,0.395,0.372,1,1.27063,8,0.754,0.896,0.29,0.247,0.088,0.782,0.758,1.26924,1.25904,1.26782,283839.4919,285024.6504,2,1.27566,0.521,0.0,0.0,0.0,0.0,0,0.474,1,2,1738,0.787,0.546,0.377,27.0,27.0,0.1733,155.8,0.0,1,1,0.807,1.23714,1,0,0.655,1.27505,0,3.665,0.014,0.986,0.0,0.0,0.5,0.02,0.0,0.5,0.0,0.741,0.346,0.5,0.578,0.0,0.581,0.0,0,0,0.499,0.775,0.0,0.536,0.1,0.236,0.276,0.0,0.516,0.438,0.0,1.0,0.874
7497,2021.09.15 02:26:40,GBPCHFm,MEAN_REVERSION,BUY,1,1.26912,1.26787,1.2709,1.42,0.547,1.27063,1.27069,1.26922,0,0.064,0.494,-1.1394,1.27812,1.27094,1.27603,1.26825,1,0.0,0.55,2,1.27063,0.77,0.605,0,0.0,0.0,1.2692,0.0,0.0,0,0,0,0.8,-0.825,-0.1909,0.825,0.473,2,0.529,3,0.328,1.26915,1.26841,0.193,0.28,0.0,2,0.25,0,0.529,1.137,3.0,0.379,0.366,1,1.27063,8,0.754,0.614,0.258,0.247,0.088,0.782,0.773,1.26924,1.25904,1.26782,283839.4919,285024.6504,2,1.27566,0.521,0.0,0.0,0.0,0.0,0,0.474,1,2,1738,0.787,0.546,0.377,27.0,27.0,0.1733,155.8,0.0,1,1,0.807,1.23714,1,0,0.655,1.27505,0,3.807,0.014,0.986,0.0,0.0,0.5,0.77,0.0,0.5,0.0,0.352,0.492,0.5,0.538,0.0,0.538,0.0,0,0,0.382,0.798,0.0,0.536,0.1,0.365,0.255,0.0,0.515,0.4,0.0,1.0,0.879
7502,2021.09.15 04:00:00,GBPCHFm,BREAKOUT_RETEST,SELL,1,1.26924,1.26964,1.26842,2.05,0.521,1.26912,1.27007,1.26842,1,0.004,0.1,0.0913,1.27812,1.27094,1.27603,1.26825,1,0.0,0.65,0,1.26912,0.698,0.369,0,0.0,0.0,0.0,0.0,0.0,0,0,0,0.8,-0.825,-0.0808,0.825,0.687,0,0.693,3,0.535,1.26912,1.2695,0.091,0.195,0.0,2,0.4,0,0.773,1.041,3.0,0.347,0.421,1,1.26842,5,0.6,0.817,0.254,0.247,0.14,0.795,0.914,1.26924,1.25904,1.26782,284496.5278,657.0359,2,1.27566,0.494,0.0,0.0,0.0,0.0,0,0.625,1,2,1740,0.786,0.547,0.381,27.0,27.0,0.2029,133.1,0.0,1,1,0.807,1.23714,1,0,0.655,1.27505,-1,4.366,0.014,0.986,0.0,0.0,0.0,0.76,0.0,0.5,0.0,1.0,0.395,0.5,0.574,0.0,0.324,0.0,0,0,0.365,0.736,0.0,0.657,0.1,0.328,0.467,0.0,0.57,0.438,0.0,1.0,0.692
7503,2021.09.15 04:00:40,GBPCHFm,BREAKOUT,SELL,1,1.26925,1.2702,1.26592,3.49,0.345,1.26912,1.27007,1.26842,1,0.004,0.1,0.0988,1.27812,1.27094,1.27603,1.26825,1,0.0,0.65,0,1.26912,0.698,0.369,0,0.0,0.0,0.0,0.0,0.0,0,0,0,0.8,-0.825,-0.0808,0.825,0.687,0,0.693,3,0.535,1.26912,1.2695,0.099,0.187,0.0,2,0.4,0,0.773,1.041,3.0,0.347,0.421,1,1.27007,4,0.6,0.802,0.254,0.247,0.14,0.795,0.914,1.26924,1.25904,1.26782,284496.5278,657.0359,2,1.27566,0.494,0.0,0.0,0.0,0.0,0,0.625,1,2,1740,0.786,0.547,0.381,27.0,27.0,0.2029,133.1,0.0,1,1,0.807,1.23714,1,0,0.655,1.27505,-1,4.359,0.014,0.986,0.0,0.0,0.0,0.81,0.0,0.5,0.0,1.0,0.443,0.5,0.574,0.0,0.324,0.0,0,0,0.336,0.736,0.0,0.657,0.1,0.328,0.468,0.0,0.57,0.438,0.0,1.0,0.692
7504,2021.09.15 04:01:00,GBPCHFm,PULLBACK,SELL,1,1.26925,1.2702,1.26825,1.05,0.569,1.26912,1.27007,1.26842,1,0.004,0.1,0.0988,1.27812,1.27094,1.27603,1.26825,1,0.0,0.65,0,1.26912,0.698,0.369,0,0.0,0.0,0.0,0.0,0.0,0,0,0,0.8,-0.825,-0.0808,0.825,0.687,0,0.693,3,0.535,1.26912,1.2695,0.099,0.187,0.0,2,0.4,0,0.773,1.041,3.0,0.347,0.421,1,1.27007,4,0.6,0.802,0.254,0.247,0.14,0.795,0.914,1.26924,1.25904,1.26782,284496.5278,657.0359,2,1.27566,0.494,0.0,0.0,0.0,0.0,0,0.625,1,2,1740,0.786,0.547,0.381,27.0,27.0,0.2029,133.1,0.0,1,1,0.807,1.23714,1,0,0.655,1.27505,-1,4.359,0.014,0.986,0.0,0.0,0.0,0.8,0.0,0.5,0.0,1.0,0.42,0.5,0.574,0.0,0.324,0.0,0,0,0.35,0.736,0.0,0.657,0.1,0.328,0.468,0.0,0.57,0.438,0.0,1.0,0.692
7505,2021.09.15 04:01:20,GBPCHFm,TREND_CONTINUATION,SELL,1,1.26925,1.27085,1.26592,2.08,0.493,1.26912,1.27007,1.26842,1,0.004,0.1,0.0988,1.27812,1.27094,1.27603,1.26825,1,0.0,0.65,0,1.26912,0.698,0.369,0,0.0,0.0,0.0,0.0,0.0,0,0,0,0.8,-0.825,-0.0808,0.825,0.687,0,0.693,3,0.535,1.26912,1.2695,0.099,0.187,0.0,2,0.4,0,0.773,1.041,3.0,0.347,0.421,1,1.27007,4,0.6,0.802,0.254,0.247,0.14,0.795,0.914,1.26924,1.25904,1.26782,284496.5278,657.0359,2,1.27566,0.494,0.0,0.0,0.0,0.0,0,0.625,1,2,1740,0.786,0.547,0.381,27.0,27.0,0.2029,133.1,0.0,1,1,0.807,1.23714,1,0,0.655,1.27505,-1,4.359,0.014,0.986,0.0,0.0,0.0,0.79,0.0,0.5,0.0,1.0,0.42,0.5,0.574,0.0,0.324,0.0,0,0,0.35,0.736,0.0,0.657,0.1,0.328,0.468,0.0,0.57,0.438,0.0,1.0,0.692
7509,2021.09.15 04:17:30,GBPCHFm,SWEEP_REVERSAL,SELL,1,1.27019,1.27152,1.26912,0.81,0.259,1.26912,1.27007,1.26842,0,0.004,0.1,0.8052,1.27812,1.27094,1.27603,1.26825,1,0.0,0.65,0,1.26912,0.698,0.369,0,0.0,0.0,0.0,0.0,0.0,0,0,0,0.8,-0.825,-0.0808,0.825,0.262,0,0.693,3,0.535,1.27064,1.27083,0.34,0.483,0.0,2,0.4,0,0.773,1.232,3.0,0.411,0.416,1,1.27064,2,0.55,0.32,0.381,0.247,0.14,0.58,0.917,1.26924,1.25904,1.26782,284496.5278,657.0359,2,1.27566,0.494,0.0,0.0,0.0,0.0,0,0.625,1,2,1740,0.786,0.547,0.381,27.0,27.0,0.2029,133.1,0.0,1,1,0.807,1.23714,1,0,0.655,1.27505,-1,3.652,0.014,0.986,0.0,0.0,0.0,0.99,0.0,0.5,0.0,0.325,0.731,0.5,0.675,0.0,0.329,0.0,0,0,0.473,0.536,0.0,1.0,0.1,0.439,0.514,0.0,0.533,0.438,0.0,1.0,0.8
7510,2021.09.15 04:26:59,GBPCHFm,MEAN_REVERSION,SELL,1,1.27026,1.27132,1.26912,1.07,0.629,1.26912,1.27007,1.26842,0,0.004,0.1,0.8578,1.27812,1.27094,1.27603,1.26825,1,0.0,0.65,0,1.26912,0.698,0.369,0,0.0,0.0,0.0,0.0,0.0,0,0,0,0.8,-0.825,-0.0808,0.825,0.164,0,0.693,3,0.535,1.27064,1.27083,0.287,0.431,0.0,2,0.4,0,0.773,1.276,3.0,0.425,0.422,1,1.26912,8,0.74,0.425,0.411,0.247,0.14,0.58,0.917,1.26924,1.25904,1.26782,284496.5278,657.0359,2,1.27566,0.494,0.0,0.0,0.0,0.0,0,0.625,1,2,1740,0.786,0.547,0.381,27.0,27.0,0.2029,133.1,0.0,1,1,0.807,1.23714,1,0,0.655,1.27505,-1,3.6,0.014,0.986,0.0,0.0,0.0,0.95,0.0,0.5,0.0,0.374,0.74,0.5,0.533,0.0,0.294,0.0,0,0,0.422,0.516,0.0,1.0,0.1,0.455,0.522,0.0,0.533,0.438,0.0,1.0,0.8
7513,2021.09.15 06:00:00,GBPCHFm,ANCHORED_PULLBACK,BUY,1,1.271,1.2703,1.27299,2.85,0.568,1.26916,1.2703,1.26842,0,0.2,0.795,1.3914,1.27812,1.27094,1.27603,1.26885,1,0.0,0.7,0,1.26903,0.661,0.033,0,0.0,0.0,1.27064,0.0,0.0,0,0,0,0.107,0.0,-0.0026,0.131,0.226,0,0.807,3,0.669,1.2705,1.27104,0.2,0.277,0.3553,0,0.25,0,0.887,1.248,3.0,0.416,0.477,1,1.26916,1,0.7,0.601,0.332,0.3,0.088,0.511,0.947,1.26924,1.25904,1.26782,284496.5278,657.0359,2,1.27566,0.494,0.0,0.0,0.0,0.0,0,0.625,1,2,1742,0.786,0.547,0.381,27.0,27.0,0.2392,112.9,0.0,1,1,0.807,1.23714,1,0,0.655,1.27505,0,3.589,0.014,0.986,0.0,0.0,0.5,0.51,0.0,0.5,0.0,0.355,0.57,0.5,0.762,0.0,0.455,0.0,0,0,0.453,0.889,0.55,0.53,0.048,0.729,0.569,0.0,0.558,0.438,0.0,1.0,0.936
7516,2021.09.15 06:17:40,GBPCHFm,TREND_CONTINUATION,SELL,1,1.2708,1.27215,1.26916,1.21,0.181,1.26916,1.2703,1.26842,0,0.2,0.795,1.4534,1.27812,1.27094,1.27603,1.26885,1,0.0,0.7,0,1.26903,0.661,0.033,0,0.0,0.0,1.27064,0.0,0.0,0,0,0,0.107,0.0,-0.0026,0.131,0.226,0,0.807,3,0.669,1.2705,1.27104,0.262,0.215,0.0,2,0.25,0,0.887,1.248,3.0,0.416,0.477,1,1.26916,1,0.7,0.477,0.332,0.0,0.088,0.511,0.947,1.26924,1.25904,1.26782,284496.5278,657.0359,2,1.27566,0.494,0.0,0.0,0.0,0.0,0,0.625,1,2,1742,0.786,0.547,0.381,27.0,27.0,0.2392,112.9,0.0,1,1,0.807,1.23714,1,0,0.655,1.27505,0,3.766,0.014,0.986,0.0,0.0,0.5,0.0,0.0,0.5,0.0,0.331,0.508,0.5,0.78,0.0,0.741,0.0,0,0,0.535,0.867,0.0,0.562,0.048,0.753,0.574,0.0,0.554,0.438,0.0,1.0,0.884
7517,2021.09.15 06:17:59,GBPCHFm,SWEEP_REVERSAL,SELL,1,1.27081,1.27194,1.26916,1.46,0.216,1.26916,1.2703,1.26842,0,0.2,0.795,1.4622,1.27812,1.27094,1.27603,1.26885,1,0.0,0.7,0,1.26903,0.661,0.033,0,0.0,0.0,1.27064,0.0,0.0,0,0,0,0.107,0.0,-0.0026,0.131,0.226,0,0.807,3,0.669,1.2705,1.27104,0.27,0.206,0.0,2,0.25,0,0.887,1.248,3.0,0.416,0.477,1,1.26916,1,0.7,0.459,0.332,0.0,0.088,0.511,0.947,1.26924,1.25904,1.26782,284496.5278,657.0359,2,1.27566,0.494,0.0,0.0,0.0,0.0,0,0.625,1,2,1742,0.786,0.547,0.381,27.0,27.0,0.2392,112.9,0.0,1,1,0.807,1.23714,1,0,0.655,1.27505,0,3.757,0.014,0.986,0.0,0.0,0.5,0.01,0.0,0.5,0.0,0.331,0.502,0.5,0.78,0.0,0.741,0.0,0,0,0.532,0.867,0.0,0.562,0.048,0.753,0.576,0.0,0.554,0.438,0.0,1.0,0.884
7518,2021.09.15 06:26:59,GBPCHFm,MEAN_REVERSION,SELL,1,1.27082,1.27172,1.26916,1.84,0.766,1.26916,1.2703,1.26842,0,0.2,0.795,1.4711,1.27812,1.27094,1.27603,1.26885,1,0.0,0.7,0,1.26903,0.661,0.033,0,0.0,0.0,1.27064,0.0,0.0,0,0,0,0.107,0.0,-0.0026,0.131,0.226,0,0.807,3,0.669,1.2705,1.27104,0.279,0.197,0.0,2,0.25,0,0.887,1.248,3.0,0.416,0.477,1,1.26916,1,0.7,0.441,0.332,0.0,0.088,0.511,0.947,1.26924,1.25904,1.26782,284496.5278,657.0359,2,1.27566,0.494,0.0,0.0,0.0,0.0,0,0.625,1,2,1742,0.786,0.547,0.381,27.0,27.0,0.2392,112.9,0.0,1,1,0.807,1.23714,1,0,0.655,1.27505,0,3.748,0.014,0.986,0.0,0.0,0.5,0.35,0.0,0.5,0.0,0.331,0.35,0.5,0.57,0.0,0.823,0.0,0,0,0.59,0.867,1.0,0.562,0.048,0.733,0.577,0.0,0.554,0.438,0.0,1.0,0.884
7519,2021.09.15 07:00:00,GBPCHFm,BREAKOUT_RETEST,BUY,1,1.2713,1.27097,1.27176,1.38,0.465,1.27096,1.27149,1.27013,1,0.064,1.017,0.0636,1.27812,1.27094,1.27603,1.26885,1,0.0,0.45,0,1.27111,0.766,0.157,0,0.0,0.0,0.0,0.0,0.0,0,0,0,0.675,0.685,0.0717,0.685,0.88,0,0.705,2,0.21,1.27088,1.27171,0.132,0.617,0.0,2,0.0,0,0.785,0.954,3.0,0.318,0.446,1,1.27149,4,0.6,0.737,0.036,0.206,0.0,0.897,0.933,1.26924,1.25904,1.26782,284496.5278,657.0359,2,1.27566,0.494,0.0,0.0,0.0,0.0,0,0.625,1,2,1743,0.786,0.547,0.381,27.0,27.0,0.2436,110.9,0.0,1,1,0.807,1.23714,1,0,0.655,1.27505,0,3.383,0.014,0.986,0.0,0.0,0.5,0.43,0.0,0.5,0.0,0.305,0.431,0.5,0.591,0.0,0.979,0.0,0,0,0.61,0.811,0.0,0.317,0.067,0.518,0.494,0.0,0.618,0.438,0.0,1.0,0.853
7520,2021.09.15 07:00:40,GBPCHFm,BREAKOUT,BUY,1,1.27161,1.26995,1.27438,1.67,0.32,1.27096,1.27149,1.27013,1,0.064,1.017,0.3432,1.27812,1.27094,1.27603,1.26885,1,0.0,0.45,0,1.27111,0.766,0.157,0,0.0,0.0,0.0,0.0,0.0,0,0,0,0.675,0.685,0.0717,0.685,0.394,0,0.705,2,0.21,1.27088,1.27171,0.411,0.338,0.0,2,0.0,0,0.785,1.172,3.0,0.391,0.472,1,1.27096,1,0.7,0.177,0.182,0.206,0.0,0.897,0.933,1.26924,1.25904,1.26782,284496.5278,657.0359,2,1.27566,0.494,0.0,0.0,0.0,0.0,0,0.625,1,2,1743,0.786,0.547,0.381,27.0,27.0,0.2436,110.9,0.0,1,1,0.807,1.23714,1,0,0.655,1.27505,0,3.103,0.014,0.986,0.0,0.0,0.5,0.88,0.0,0.5,0.0,0.375,0.476,0.5,0.591,0.0,0.94,0.0,0,0,0.568,0.811,0.0,0.484,0.062,0.518,0.525,0.0,0.582,0.438,0.0,1.0,0.924
7521,2021.09.15 07:00:59,GBPCHFm,PULLBACK,BUY,1,1.27158,1.26992,1.27491,2.0,0.532,1.27096,1.27149,1.27013,1,0.064,1.017,0.3162,1.27812,1.27094,1.27603,1.26885,1,0.0,0.45,0,1.27111,0.766,0.157,0,0.0,0.0,0.0,0.0,0.0,0,0,0,0.675,0.685,0.0717,0.685,0.42,0,0.705,2,0.21,1.27088,1.27171,0.384,0.365,0.0,2,0.0,0,0.785,1.161,3.0,0.387,0.47,1,1.27096,1,0.7,0.231,0.174,0.206,0.0,0.897,0.933,1.26924,1.25904,1.26782,284496.5278,657.0359,2,1.27566,0.494,0.0,0.0,0.0,0.0,0,0.625,1,2,1743,0.786,0.547,0.381,27.0,27.0,0.2436,110.9,0.0,1,1,0.807,1.23714,1,0,0.655,1.27505,0,3.13,0.014,0.986,0.0,0.0,0.5,0.82,0.0,0.5,0.0,0.375,0.496,0.5,0.591,0.0,0.94,0.0,0,0,0.556,0.811,0.0,0.484,0.062,0.518,0.522,0.0,0.582,0.438,0.0,1.0,0.924
7527,2021.09.15 08:14:40,GBPCHFm,ANCHORED_PULLBACK,SELL,2,1.27067,1.27108,1.26851,5.28,0.501,1.27145,1.27165,1.2707,0,0.095,0.916,-0.7211,1.27026,1.27094,1.27603,1.26885,1,0.0,0.35,2,1.27145,0.761,0.592,0,0.0,0.0,1.27082,0.0,0.0,0,0,0,0.5,0.72,0.1629,0.72,0.654,2,0.639,2,0.388,1.27097,1.26961,0.279,0.985,0.0,2,0.0,0,0.639,1.056,3.0,0.352,0.444,1,1.27145,8,0.752,0.443,0.104,0.216,0.0,0.898,0.938,1.26924,1.25904,1.26782,275442.6266,-9053.9012,1,1.27566,0.459,0.0,0.0,0.0,0.0,0,0.341,1,2,1744,0.786,0.547,0.381,27.0,27.0,0.25,108.0,0.0,1,1,0.807,1.23714,1,0,0.655,1.27505,0,4.056,0.03,0.97,0.0,1.0,0.5,0.03,0.0,0.5,0.0,0.585,0.493,0.5,0.444,0.0,0.464,0.0,0,0,0.323,0.912,0.0,0.594,0.048,0.372,0.372,0.0,0.617,0.438,0.0,1.0,0.96
7529,2021.09.15 08:17:40,GBPCHFm,TREND_CONTINUATION,BUY,2,1.27174,1.27044,1.27444,2.08,0.379,1.27145,1.27165,1.2707,1,0.095,0.916,0.0197,1.27026,1.27094,1.27603,1.26885,1,0.0,0.35,2,1.27145,0.761,0.592,0,0.0,0.0,1.27082,0.0,0.0,0,0,0,0.5,0.72,0.1629,0.72,1.0,2,0.639,2,0.388,1.27152,1.26961,0.044,1.726,0.0,2,0.0,0,0.639,0.9,3.0,0.3,0.429,1,1.2707,5,0.6,0.913,0.0,0.216,0.0,0.929,0.938,1.26924,1.25904,1.26782,275442.6266,-9053.9012,1,1.27566,0.459,0.0,0.0,0.0,0.0,0,0.341,1,2,1744,0.786,0.547,0.381,27.0,27.0,0.25,108.0,0.0,1,1,0.807,1.23714,1,0,0.655,1.27505,0,3.065,0.03,0.97,0.0,1.0,0.5,0.93,0.0,0.5,0.0,0.598,0.626,0.5,0.461,0.0,0.394,0.0,0,0,0.371,0.812,1.0,0.317,0.067,0.38,0.507,0.0,0.619,0.438,0.0,1.0,0.923
7531,2021.09.15 08:29:40,GBPCHFm,MEAN_REVERSION,SELL,2,1.27142,1.27228,1.2707,0.84,0.62,1.27145,1.27165,1.2707,1,0.095,0.916,-0.0266,1.27026,1.27094,1.27603,1.26885,1,0.0,0.35,2,1.27145,0.761,0.592,0,0.0,0.0,1.27082,0.0,0.0,0,0,0,0.5,0.72,0.1629,0.72,1.0,2,0.639,2,0.388,1.27152,1.26961,0.09,1.68,0.0,2,0.0,0,0.639,0.9,3.0,0.3,0.429,1,1.2707,5,0.6,0.82,0.0,0.216,0.0,0.929,0.938,1.26924,1.25904,1.26782,275442.6266,-9053.9012,1,1.27566,0.459,0.0,0.0,0.0,0.0,0,0.341,1,2,1744,0.786,0.547,0.381,27.0,27.0,0.25,108.0,0.0,1,1,0.807,1.23714,1,0,0.655,1.27505,0,3.361,0.03,0.97,0.0,1.0,0.5,0.82,0.0,0.5,0.0,0.506,0.552,0.5,0.455,0.0,0.352,0.0,0,0,0.308,0.812,0.0,0.436,0.067,0.365,0.503,0.0,0.622,0.438,0.0,1.0,0.81
7534,2021.09.15 08:53:40,GBPCHFm,SWEEP_REVERSAL,BUY,2,1.27012,1.26904,1.27172,1.48,0.119,1.27145,1.27165,1.2707,0,0.095,0.916,-1.4803,1.27026,1.27094,1.27603,1.26885,1,0.0,0.35,2,1.27145,0.761,0.592,0,0.0,0.0,1.27082,0.0,0.0,0,0,0,0.5,0.72,0.1629,0.72,0.049,2,0.639,2,0.388,1.27097,1.26961,1.038,0.226,0.0,2,0.0,0,0.639,1.328,3.0,0.443,0.476,1,1.27145,8,0.752,0.0,0.285,0.216,0.0,0.898,0.938,1.26924,1.25904,1.26782,275442.6266,-9053.9012,1,1.27566,0.459,0.0,0.0,0.0,0.0,0,0.341,1,2,1744,0.786,0.547,0.381,27.0,27.0,0.25,108.0,0.0,1,1,0.807,1.23714,1,0,0.655,1.27505,0,4.565,0.03,0.97,0.0,1.0,0.5,0.0,0.0,0.5,0.656,0.402,0.373,0.5,0.494,0.0,0.234,0.0,0,0,0.318,0.649,1.0,0.792,0.048,0.398,0.207,0.0,0.573,0.438,0.0,1.0,0.915
7536,2021.09.15 09:00:40,GBPCHFm,BREAKOUT,SELL,2,1.26992,1.27099,1.2671,2.64,0.454,1.27141,1.27157,1.27072,0,1.035,0.014,-1.3253,1.27026,1.27094,1.27603,1.26885,1,0.0,0.4,2,1.27141,0.768,0.803,0,0.0,0.0,1.27144,0.0,0.0,0,0,0,0.825,0.755,0.1755,0.755,0.118,2,0.629,2,0.147,1.27093,1.26985,0.896,0.058,0.0,2,0.15,0,0.629,1.297,3.0,0.432,0.424,1,1.27141,8,0.754,0.0,0.325,0.226,0.053,0.958,0.882,1.26924,1.25904,1.26782,275442.6266,-9053.9012,1,1.27566,0.459,0.0,0.0,0.0,0.0,0,0.341,1,2,1745,0.786,0.547,0.381,27.0,27.0,0.2395,112.7,0.0,1,1,0.807,1.23714,1,0,0.655,1.27505,1,4.551,0.03,0.97,0.0,1.0,1.0,0.28,0.0,0.5,0.0,0.374,0.371,0.5,0.438,0.0,0.254,0.0,0,0,0.311,0.358,0.0,1.0,0.1,0.318,0.219,0.0,0.582,0.438,0.0,1.0,0.821
7538,2021.09.15 10:00:00,GBPCHFm,PULLBACK,BUY,2,1.26864,1.26676,1.27173,1.64,0.679,1.27146,1.27179,1.27049,0,1.947,0.647,-2.4657,1.27067,1.2708,1.27597,1.26867,0,0.0,0.3,4,1.27146,0.766,0.249,0,0.0,0.0,1.26803,0.0,0.0,0,0,-1,0.9,0.615,0.1478,0.615,0.195,2,0.641,2,0.43,1.27114,1.26756,2.206,0.647,0.3522,0,0.25,2,1.0,1.712,3.0,0.571,0.576,2,1.27146,8,0.753,0.0,0.342,0.885,0.238,0.882,0.932,1.26924,1.25904,1.26782,275442.6266,-9053.9012,1,1.27566,0.459,0.0,0.0,0.0,0.0,0,0.341,1,2,1746,0.786,0.547,0.381,27.0,27.0,0.2151,125.5,0.0,1,1,0.807,1.23714,1,0,0.655,1.27505,1,5.108,0.03,0.97,0.0,1.0,1.0,0.43,0.0,0.5,0.0,0.846,0.498,0.5,0.512,0.0,0.586,0.0,0,0,0.389,0.542,0.0,0.649,0.067,1.0,0.557,0.0,0.511,0.4,0.0,1.0,0.977
7540,2021.09.15 10:14:40,GBPCHFm,ANCHORED_PULLBACK,SELL,2,1.26813,1.27009,1.26507,1.56,0.522,1.27146,1.27179,1.27049,0,1.947,0.647,-2.657,1.27067,1.2708,1.27597,1.26867,0,0.0,0.3,4,1.27146,0.766,0.249,0,0.0,0.0,1.26803,0.0,0.0,0,0,-1,0.9,0.615,0.1478,0.615,0.138,0,0.666,2,0.43,1.27114,1.26756,2.398,0.455,0.0,2,0.25,0,0.666,1.288,3.0,0.429,0.443,1,1.27146,8,0.753,0.0,0.359,0.185,0.238,0.882,0.932,1.26924,1.25904,1.26782,275442.6266,-9053.9012,1,1.27566,0.459,0.0,0.0,0.0,0.0,0,0.341,1,2,1746,0.786,0.547,0.381,27.0,27.0,0.2151,125.5,0.0,1,1,0.807,1.23714,1,0,0.655,1.27505,1,5.514,0.03,0.97,0.0,1.0,1.0,0.3,0.0,0.5,0.0,1.0,0.465,0.5,0.519,0.0,0.512,0.0,0,0,0.381,0.491,0.0,0.605,0.067,0.465,0.56,0.0,0.585,0.4,0.0,1.0,0.91
7541,2021.09.15 10:17:40,GBPCHFm,TREND_CONTINUATION,BUY,2,1.26858,1.26707,1.27173,2.09,0.513,1.27146,1.27179,1.27049,0,1.947,0.647,-2.5135,1.27067,1.2708,1.27597,1.26867,0,0.0,0.3,4,1.27146,0.766,0.249,0,0.0,0.0,1.26803,0.0,0.0,0,0,-1,0.9,0.615,0.1478,0.615,0.138,0,0.666,2,0.43,1.27114,1.26756,2.254,0.599,0.0,2,0.25,0,0.666,1.288,3.0,0.429,0.443,1,1.27146,8,0.753,0.0,0.359,0.185,0.238,0.882,0.932,1.26924,1.25904,1.26782,275442.6266,-9053.9012,1,1.27566,0.459,0.0,0.0,0.0,0.0,0,0.341,1,2,1746,0.786,0.547,0.381,27.0,27.0,0.2151,125.5,0.0,1,1,0.807,1.23714,1,0,0.655,1.27505,1,5.155,0.03,0.97,0.0,1.0,1.0,0.77,0.0,0.5,0.0,1.0,0.522,0.5,0.495,0.0,0.564,0.0,0,0,0.387,0.491,0.0,0.79,0.067,0.465,0.56,0.0,0.588,0.4,0.0,1.0,0.91
7543,2021.09.15 10:29:40,GBPCHFm,MEAN_REVERSION,BUY,2,1.26789,1.26689,1.27173,3.83,0.646,1.27146,1.27179,1.27049,0,1.947,0.647,-3.0633,1.27067,1.2708,1.27597,1.26867,0,0.0,0.3,4,1.27146,0.766,0.249,0,0.0,0.0,1.26803,0.0,0.0,0,0,-1,0.9,0.615,0.1478,0.615,0.068,0,0.666,2,0.43,1.27114,1.26756,2.804,0.049,0.0,2,0.25,0,0.666,1.347,3.063,0.44,0.45,1,1.27146,8,0.753,0.0,0.38,0.185,0.238,0.882,0.932,1.26924,1.25904,1.26782,275442.6266,-9053.9012,1,1.27566,0.459,0.0,0.0,0.0,0.0,0,0.341,1,2,1746,0.786,0.547,0.381,27.0,27.0,0.2151,125.5,0.0,1,1,0.807,1.23714,1,0,0.655,1.27505,1,5.705,0.03,0.97,0.0,1.0,1.0,0.0,0.0,0.5,0.0,0.998,0.439,0.5,0.52,0.0,0.47,0.0,0,0,0.381,0.395,0.0,0.259,0.067,0.465,0.166,0.0,0.586,0.4,0.0,1.0,0.91
7545,2021.09.15 10:53:40,GBPCHFm,SWEEP_REVERSAL,BUY,2,1.2675,1.26625,1.27173,3.37,0.251,1.27146,1.27179,1.27049,0,1.947,0.647,-3.3741,1.27067,1.2708,1.27597,1.26867,0,0.0,0.3,4,1.27146,0.766,0.249,0,0.0,0.0,1.26803,0.0,0.0,0,0,-1,0.9,0.615,0.1478,0.615,0.068,0,0.666,2,0.43,1.27114,1.26756,3.115,0.262,0.0,2,0.25,0,0.666,1.484,3.374,0.44,0.466,1,1.27146,8,0.753,0.0,0.38,0.185,0.238,0.882,0.932,1.26924,1.25904,1.26782,275442.6266,-9053.9012,1,1.27566,0.459,0.0,0.0,0.0,0.0,0,0.341,1,2,1746,0.786,0.547,0.381,27.0,27.0,0.2151,125.5,0.0,1,1,0.807,1.23714,1,0,0.655,1.27505,1,6.016,0.03,0.97,0.0,1.0,1.0,0.26,0.0,0.5,0.0,1.0,0.308,0.5,0.527,0.0,0.316,0.0,0,0,0.4,0.35,0.0,0.16,0.067,0.502,0.166,0.0,0.588,0.4,0.0,1.0,0.91
7547,2021.09.15 11:00:40,GBPCHFm,BREAKOUT,SELL,2,1.26732,1.2682,1.26412,3.62,0.492,1.27142,1.27178,1.26819,0,0.7,0.14,-3.2079,1.27034,1.27047,1.27646,1.26826,0,0.0,0.75,2,1.27142,0.769,0.094,0,0.0,0.0,1.26795,0.0,0.0,0,0,-1,0.975,0.65,0.0614,0.65,0.147,2,0.436,3,0.922,1.26808,1.26736,0.591,0.03,0.0,2,0.4,0,0.436,1.373,3.208,0.428,0.396,1,1.26808,2,0.55,0.0,0.416,0.195,0.14,0.575,0.833,1.26924,1.25904,1.26782,275442.6266,-9053.9012,1,1.27566,0.459,0.0,0.0,0.0,0.0,0,0.341,1,2,1747,0.786,0.547,0.381,27.0,27.0,0.2112,127.9,0.0,1,1,0.807,1.23714,1,0,0.655,1.27505,1,6.046,0.03,0.97,0.0,1.0,1.0,0.72,0.0,0.5,0.0,1.0,0.35,0.5,0.508,0.0,0.248,0.0,0,0,0.341,0.287,0.0,0.348,0.1,0.993,0.138,0.0,0.53,0.4,0.0,1.0,0.79
7549,2021.09.15 12:00:00,GBPCHFm,BREAKOUT_RETEST,SELL,2,1.26804,1.26843,1.26414,10.02,0.598,1.26808,1.26962,1.26597,1,0.029,0.896,-0.0289,1.27026,1.27041,1.27621,1.26802,1,0.0,0.65,0,1.26808,0.74,0.353,0,0.0,0.0,1.26706,0.0,0.0,0,0,0,0.518,-0.5802,-0.0369,0.58,1.0,1,0.311,3,0.508,1.26808,1.26934,0.029,1.004,0.0525,0,0.3,3,0.549,1.5,3.0,0.5,0.428,1,1.26962,4,0.6,0.942,0.12,0.874,0.105,0.775,0.906,1.26924,1.25904,1.26697,230204.8755,-45237.7511,1,1.27566,0.457,0.0,0.0,0.0,0.0,0,0.673,1,2,1748,0.786,0.547,0.381,27.0,27.0,0.2083,129.6,0.0,1,1,0.807,1.23714,1,0,0.655,1.27505,1,5.407,0.121,0.879,0.0,1.0,1.0,0.67,0.0,0.5,0.0,0.394,0.729,0.5,0.507,0.0,0.404,0.0,0,0,0.451,0.835,0.0,0.501,0.093,1.0,0.479,0.0,0.529,0.4,0.0,1.0,0.787
7550,2021.09.15 12:00:20,GBPCHFm,PULLBACK,SELL,2,1.26801,1.26995,1.26412,2.0,0.467,1.26808,1.26962,1.26597,1,0.029,0.896,-0.0521,1.27026,1.27041,1.27621,1.26802,0,0.0,0.65,0,1.26808,0.74,0.353,0,0.0,0.0,1.26706,0.0,0.0,0,0,0,0.518,-0.5802,-0.0369,0.58,1.0,2,0.611,3,0.508,1.26808,1.26934,0.052,1.027,0.0,2,0.0,0,0.691,0.9,3.0,0.3,0.438,1,1.26962,4,0.6,0.896,0.0,0.174,0.0,0.775,0.906,1.26924,1.25904,1.26697,230204.8755,-45237.7511,1,1.27566,0.457,0.0,0.0,0.0,0.0,0,0.673,1,2,1748,0.786,0.547,0.381,27.0,27.0,0.2083,129.6,0.0,1,1,0.807,1.23714,1,0,0.655,1.27505,1,5.43,0.121,0.879,0.0,1.0,1.0,0.65,0.0,0.5,0.0,0.521,0.708,0.5,0.507,0.0,0.404,0.0,0,0,0.439,0.728,0.0,0.374,0.093,0.856,0.35,0.0,0.59,0.4,0.0,1.0,0.737
7552,2021.09.15 12:16:40,GBPCHFm,ANCHORED_PULLBACK,BUY,2,1.26808,1.26772,1.26992,5.08,0.27,1.26808,1.26962,1.26597,1,0.029,0.896,-0.2063,1.27026,1.27041,1.27621,1.26802,0,0.0,0.65,0,1.26808,0.74,0.353,0,0.0,0.0,1.26706,0.0,0.0,0,0,0,0.518,-0.5802,-0.0369,0.58,0.796,2,0.611,3,0.508,1.26808,1.26934,0.206,1.182,0.0,2,0.0,0,0.691,0.992,3.0,0.331,0.449,1,1.26962,4,0.6,0.587,0.061,0.174,0.0,0.775,0.906,1.26924,1.25904,1.26697,230204.8755,-45237.7511,1,1.27566,0.457,0.0,0.0,0.0,0.0,0,0.673,1,2,1748,0.786,0.547,0.381,27.0,27.0,0.2083,129.6,0.0,1,1,0.807,1.23714,1,0,0.655,1.27505,1,5.376,0.121,0.879,0.0,1.0,1.0,0.0,0.0,0.5,0.0,0.613,0.5,0.5,0.536,0.0,0.364,0.0,0,0,0.306,0.707,0.0,0.374,0.067,0.856,0.35,0.0,0.587,0.4,0.0,1.0,0.81
7553,2021.09.15 12:17:40,GBPCHFm,TREND_CONTINUATION,SELL,2,1.26799,1.26955,1.26475,2.08,0.374,1.26808,1.26962,1.26597,1,0.029,0.896,-0.0675,1.27026,1.27041,1.27621,1.26802,0,0.0,0.65,0,1.26808,0.74,0.353,0,0.0,0.0,1.26706,0.0,0.0,0,0,0,0.518,-0.5802,-0.0369,0.58,1.0,2,0.611,3,0.508,1.26808,1.26934,0.067,1.043,0.0,2,0.0,0,0.691,0.9,3.0,0.3,0.438,1,1.26962,4,0.6,0.865,0.0,0.174,0.0,0.775,0.906,1.26924,1.25904,1.26697,230204.8755,-45237.7511,1,1.27566,0.457,0.0,0.0,0.0,0.0,0,0.673,1,2,1748,0.786,0.547,0.381,27.0,27.0,0.2083,129.6,0.0,1,1,0.807,1.23714,1,0,0.655,1.27505,1,5.446,0.121,0.879,0.0,1.0,1.0,0.21,0.0,0.5,0.0,0.705,0.56,0.5,0.536,0.0,0.364,0.0,0,0,0.342,0.728,0.0,0.374,0.093,0.856,0.35,0.0,0.59,0.4,0.0,1.0,0.737
7558,2021.09.15 12:37:40,GBPCHFm,MEAN_REVERSION,SELL,2,1.26893,1.26975,1.26808,1.04,0.636,1.26808,1.26962,1.26597,1,0.029,0.896,0.6576,1.27026,1.27041,1.27621,1.26802,1,0.0,0.65,0,1.26808,0.74,0.353,0,0.0,0.0,1.26706,0.0,0.0,0,0,0,0.518,-0.5802,-0.0369,0.58,0.236,2,0.611,3,0.508,1.26808,1.26934,0.658,0.318,0.0,2,0.0,0,0.691,1.244,3.0,0.415,0.478,1,1.26808,8,0.748,0.0,0.229,0.174,0.0,0.775,0.906,1.26924,1.25904,1.26697,230204.8755,-45237.7511,1,1.27566,0.457,0.0,0.0,0.0,0.0,0,0.673,1,2,1748,0.786,0.547,0.381,27.0,27.0,0.2083,129.6,0.0,1,1,0.807,1.23714,1,0,0.655,1.27505,1,4.721,0.121,0.879,0.0,1.0,1.0,0.99,0.0,0.5,0.0,0.345,0.615,0.5,0.692,0.0,0.366,0.0,0,0,0.423,0.669,0.0,0.572,0.087,0.694,0.512,0.0,0.572,0.4,0.0,1.0,0.823
7560,2021.09.15 12:53:40,GBPCHFm,SWEEP_REVERSAL,SELL,2,1.26975,1.27105,1.26808,1.29,0.12,1.26808,1.26962,1.26597,0,0.029,0.896,1.2901,1.27026,1.27041,1.27621,1.26802,1,0.0,0.65,0,1.26808,0.74,0.353,0,0.0,0.0,1.26706,0.0,0.0,0,0,0,0.518,-0.5802,-0.0369,0.58,0.231,2,0.611,3,0.508,1.26808,1.26934,1.29,0.315,0.0,2,0.0,0,0.691,1.246,3.0,0.415,0.478,1,1.26808,8,0.748,0.0,0.231,0.174,0.0,0.775,0.906,1.26924,1.25904,1.26697,230204.8755,-45237.7511,1,1.27566,0.457,0.0,0.0,0.0,0.0,0,0.673,1,2,1748,0.786,0.547,0.381,27.0,27.0,0.2083,129.6,0.0,1,1,0.807,1.23714,1,0,0.655,1.27505,1,4.088,0.121,0.879,0.0,1.0,1.0,0.99,0.0,0.5,0.0,0.288,0.684,0.5,0.54,0.0,0.506,0.0,0,0,0.475,0.66,1.0,0.88,0.067,1.0,0.532,0.0,0.566,0.4,0.0,1.0,0.86
7562,2021.09.15 13:23:40,GBPCHFm,BREAKOUT,SELL,4,1.27043,1.27256,1.26806,1.11,0.447,1.26806,1.26896,1.26697,0,1.145,0.021,1.6657,1.26957,1.27041,1.27621,1.26802,1,0.0,0.5,0,1.26806,0.672,0.72,0,0.0,0.0,1.26875,0.0,0.0,0,0,0,0.75,-0.545,-0.1425,0.545,0.128,0,0.749,0,0.809,1.26796,1.26986,1.736,0.401,0.0,2,0.4,0,0.829,1.292,3.0,0.431,0.487,1,1.26806,8,0.734,0.0,0.422,0.164,0.302,0.703,0.881,1.26924,1.25904,1.26697,230204.8755,-45237.7511,1,1.27566,0.457,0.0,0.0,0.0,0.0,0,0.673,1,2,1749,0.786,0.547,0.381,27.0,27.0,0.1901,142.0,0.0,1,1,0.807,1.23714,1,0,0.655,1.27505,1,3.254,0.121,0.879,0.0,1.0,1.0,0.99,0.0,0.5,0.0,0.654,0.589,0.5,0.477,0.0,0.523,0.0,0,0,0.405,0.365,0.0,0.797,0.1,0.576,0.729,0.0,0.573,0.375,0.0,1.0,0.756
7564,2021.09.15 14:16:40,GBPCHFm,ANCHORED_PULLBACK,BUY,4,1.27165,1.27068,1.27324,1.63,0.536,1.26979,1.27025,1.26719,0,1.054,0.288,0.9972,1.27009,1.27041,1.27621,1.26802,1,0.0,0.5,0,1.26979,0.691,0.349,0,0.0,0.0,1.27144,0.0,0.0,0,0,0,0.825,-0.58,-0.1494,0.58,0.15,2,0.549,0,0.497,1.26979,1.27086,0.997,0.327,0.0,2,0.4,0,0.629,1.283,3.0,0.428,0.434,1,1.26979,8,0.738,0.0,0.415,0.174,0.239,1.0,0.948,1.26924,1.25904,1.26697,230204.8755,-45237.7511,1,1.27566,0.457,0.0,0.0,0.0,0.0,0,0.673,1,2,1750,0.788,0.545,0.386,27.0,27.0,0.1692,159.6,0.0,1,1,0.807,1.23714,1,0,0.655,1.27505,0,2.131,0.121,0.879,0.0,1.0,0.5,0.26,0.0,0.5,0.0,0.43,0.29,0.5,0.455,0.0,0.533,0.0,0,0,0.475,0.386,0.517,0.699,0.071,0.957,0.434,0.0,0.543,0.438,0.0,1.0,0.738
7566,2021.09.15 14:21:20,GBPCHFm,PULLBACK,SELL,4,1.27081,1.2716,1.26979,1.3,0.409,1.26979,1.27025,1.26719,0,1.054,0.288,0.64,1.27009,1.27041,1.27621,1.26802,1,0.0,0.5,0,1.26979,0.691,0.349,0,0.0,0.0,1.27144,0.0,0.0,0,0,0,0.825,-0.58,-0.1494,0.58,0.071,2,0.549,0,0.497,1.26979,1.27086,0.64,0.03,0.0,2,0.4,0,0.629,1.318,3.0,0.439,0.438,1,1.26979,8,0.738,0.0,0.439,0.174,0.239,1.0,0.948,1.26924,1.25904,1.26697,230204.8755,-45237.7511,1,1.27566,0.457,0.0,0.0,0.0,0.0,0,0.673,1,2,1750,0.788,0.545,0.386,27.0,27.0,0.1692,159.6,0.0,1,1,0.807,1.23714,1,0,0.655,1.27505,0,2.657,0.121,0.879,0.0,1.0,0.5,0.0,0.0,0.5,0.0,0.502,0.371,0.5,0.474,0.0,0.461,0.0,0,0,0.404,0.413,0.678,0.886,0.071,0.957,0.434,0.0,0.549,0.438,0.0,1.0,0.738
7568,2021.09.15 14:36:20,GBPCHFm,TREND_CONTINUATION,SELL,4,1.27175,1.27366,1.26979,1.02,0.479,1.26979,1.27025,1.26719,0,1.054,0.288,1.2291,1.27009,1.27041,1.27621,1.26802,1,0.0,0.5,0,1.26979,0.691,0.349,0,0.0,0.0,1.27144,0.0,0.0,0,0,0,0.825,-0.58,-0.1494,0.58,0.203,2,0.549,0,0.497,1.26979,1.27193,1.229,0.111,0.0,2,0.4,0,0.629,1.259,3.0,0.42,0.431,1,1.26979,8,0.738,0.0,0.399,0.174,0.239,1.0,0.931,1.26924,1.25904,1.26697,230204.8755,-45237.7511,1,1.27566,0.457,0.0,0.0,0.0,0.0,0,0.673,1,2,1750,0.788,0.545,0.386,27.0,27.0,0.1692,159.6,0.0,1,1,0.807,1.23714,1,0,0.655,1.27505,0,2.068,0.121,0.879,0.0,1.0,0.5,0.99,0.0,0.5,0.0,1.0,0.495,0.5,0.488,0.0,0.373,0.0,0,0,0.299,0.397,0.0,0.559,0.071,0.957,0.747,0.0,0.545,0.438,0.0,1.0,0.738
7569,2021.09.15 14:37:40,GBPCHFm,MEAN_REVERSION,SELL,4,1.27164,1.27292,1.26979,1.45,0.597,1.26979,1.27025,1.26719,0,1.054,0.288,1.1601,1.27009,1.27041,1.27621,1.26802,1,0.0,0.5,0,1.26979,0.691,0.349,0,0.0,0.0,1.27144,0.0,0.0,0,0,0,0.825,-0.58,-0.1494,0.58,0.203,2,0.549,0,0.497,1.26979,1.27193,1.16,0.18,0.0,2,0.4,0,0.629,1.259,3.0,0.42,0.431,1,1.26979,8,0.738,0.0,0.399,0.174,0.239,1.0,0.931,1.26924,1.25904,1.26697,230204.8755,-45237.7511,1,1.27566,0.457,0.0,0.0,0.0,0.0,0,0.673,1,2,1750,0.788,0.545,0.386,27.0,27.0,0.1692,159.6,0.0,1,1,0.807,1.23714,1,0,0.655,1.27505,0,2.137,0.121,0.879,0.0,1.0,0.5,0.88,0.0,0.5,0.0,1.0,0.406,0.5,0.488,0.0,0.373,0.0,0,0,0.352,0.397,0.0,0.559,0.071,0.957,0.734,0.0,0.545,0.438,0.0,1.0,0.738
7570,2021.09.15 14:53:40,GBPCHFm,SWEEP_REVERSAL,SELL,4,1.27115,1.27275,1.26979,0.85,0.289,1.26979,1.27025,1.26719,0,1.054,0.288,0.8531,1.27009,1.27041,1.27621,1.26802,1,0.0,0.5,0,1.26979,0.691,0.349,0,0.0,0.0,1.27144,0.0,0.0,0,0,0,0.825,-0.58,-0.1494,0.58,0.066,2,0.549,0,0.497,1.26979,1.27086,0.853,0.183,0.0,2,0.4,0,0.629,1.32,3.0,0.44,0.439,1,1.26979,8,0.738,0.0,0.44,0.174,0.239,1.0,0.948,1.26924,1.25904,1.26697,230204.8755,-45237.7511,1,1.27566,0.457,0.0,0.0,0.0,0.0,0,0.673,1,2,1750,0.788,0.545,0.386,27.0,27.0,0.1692,159.6,0.0,1,1,0.807,1.23714,1,0,0.655,1.27505,0,2.444,0.121,0.879,0.0,1.0,0.5,0.09,0.0,0.5,0.0,0.83,0.437,0.5,0.467,0.0,0.387,0.0,0,0,0.333,0.412,0.098,0.699,0.071,0.957,0.434,0.0,0.543,0.438,0.0,1.0,0.738
7571,2021.09.15 14:57:20,GBPCHFm,BREAKOUT_RETEST,SELL,4,1.26992,1.27041,1.26719,5.61,0.501,1.26979,1.27025,1.26719,1,1.054,0.288,0.0823,1.27009,1.27041,1.27621,1.26802,1,0.0,0.5,0,1.26979,0.691,0.349,0,0.0,0.0,1.27144,0.0,0.0,0,0,0,0.825,-0.58,-0.1494,0.58,0.855,2,0.549,0,0.497,1.26979,1.27086,0.082,0.588,0.0,2,0.4,0,0.629,0.965,3.0,0.322,0.397,1,1.26719,5,0.6,0.835,0.203,0.174,0.239,1.0,0.948,1.26924,1.25904,1.26697,230204.8755,-45237.7511,1,1.27566,0.457,0.0,0.0,0.0,0.0,0,0.673,1,2,1750,0.788,0.545,0.386,27.0,27.0,0.1692,159.6,0.0,1,1,0.807,1.23714,1,0,0.655,1.27505,0,3.215,0.121,0.879,0.0,1.0,0.5,0.0,0.0,0.5,0.0,0.455,0.379,0.5,0.491,0.0,0.405,0.0,0,0,0.382,0.598,0.078,0.923,0.071,0.994,0.51,0.0,0.584,0.438,0.0,1.0,0.746
7576,2021.09.15 16:02:40,GBPCHFm,BREAKOUT,SELL,4,1.27237,1.27311,1.27157,1.08,0.371,1.27157,1.27294,1.26959,1,0.21,0.481,0.4563,1.26979,1.27041,1.27621,1.26802,1,0.0,0.55,0,1.27126,0.738,0.5,0,0.0,0.0,1.27209,0.0,0.0,0,0,0,0.875,-0.5834,-0.0417,0.583,0.26,0,0.68,0,0.389,1.27157,1.27309,0.456,0.407,0.0,2,0.25,0,0.68,1.233,3.0,0.411,0.435,1,1.27157,1,0.7,0.087,0.322,0.175,0.165,0.883,0.824,1.26924,1.25904,1.26697,230635.5228,430.6472,2,1.27566,0.461,0.0,0.0,0.0,0.0,0,0.151,1,2,1752,0.788,0.545,0.386,27.0,27.0,0.1531,176.4,0.0,1,1,0.807,1.23714,1,0,0.655,1.27505,0,1.52,0.022,0.978,0.0,0.0,0.5,0.99,0.0,0.5,0.0,1.0,0.449,0.5,0.527,0.0,0.297,0.0,0,0,0.307,0.741,0.0,0.455,0.071,0.602,0.575,0.0,0.52,0.412,0.0,1.0,0.837
7577,2021.09.15 16:17:00,GBPCHFm,ANCHORED_PULLBACK,SELL,4,1.27195,1.27261,1.27126,1.04,0.506,1.27157,1.27294,1.26959,1,0.21,0.481,0.2182,1.26979,1.27041,1.27621,1.26802,1,0.0,0.55,0,1.27126,0.738,0.5,0,0.0,0.0,1.27209,0.0,0.0,0,0,0,0.875,-0.5834,-0.0417,0.583,0.804,0,0.68,0,0.389,1.27157,1.27309,0.218,0.645,0.0,2,0.25,0,0.68,0.988,3.0,0.329,0.407,1,1.27126,8,0.748,0.564,0.159,0.175,0.165,0.883,0.824,1.26924,1.25904,1.26697,230635.5228,430.6472,2,1.27566,0.461,0.0,0.0,0.0,0.0,0,0.151,1,2,1752,0.788,0.545,0.386,27.0,27.0,0.1531,176.4,0.0,1,1,0.807,1.23714,1,0,0.655,1.27505,0,1.758,0.022,0.978,0.0,0.0,0.5,0.05,0.0,0.5,0.0,1.0,0.386,0.5,0.545,0.0,0.268,0.0,0,0,0.339,0.8,0.0,0.451,0.071,0.663,0.433,0.0,0.531,0.412,0.0,1.0,0.844
7578,2021.09.15 16:50:20,GBPCHFm,MEAN_REVERSION,SELL,4,1.27226,1.27311,1.27157,0.82,0.647,1.27157,1.27294,1.26959,1,0.21,0.481,0.3939,1.26979,1.27041,1.27621,1.26802,1,0.0,0.55,0,1.27126,0.738,0.5,0,0.0,0.0,1.27209,0.0,0.0,0,0,0,0.875,-0.5834,-0.0417,0.583,0.414,0,0.68,0,0.389,1.27157,1.27309,0.394,0.469,0.0,2,0.25,0,0.68,1.164,3.0,0.388,0.427,1,1.27157,1,0.7,0.212,0.276,0.175,0.165,0.883,0.824,1.26924,1.25904,1.26697,230635.5228,430.6472,2,1.27566,0.461,0.0,0.0,0.0,0.0,0,0.151,1,2,1752,0.788,0.545,0.386,27.0,27.0,0.1531,176.4,0.0,1,1,0.807,1.23714,1,0,0.655,1.27505,0,1.582,0.022,0.978,0.0,0.0,0.5,0.99,0.0,0.5,0.0,1.0,0.589,0.5,0.573,0.0,0.148,0.0,0,0,0.285,0.772,0.0,0.455,0.071,0.602,0.575,0.0,0.516,0.412,0.0,1.0,0.798
7579,2021.09.15 17:00:00,GBPCHFm,BREAKOUT_RETEST,BUY,3,1.27244,1.27192,1.27421,3.39,0.381,1.27153,1.27284,1.27063,1,0.02,0.44,0.3658,1.26979,1.27041,1.27621,1.26802,1,0.0,0.55,0,1.27153,0.707,0.538,0,0.0,0.0,0.0,0.0,0.0,0,0,0,0.45,0.685,0.0516,0.685,0.97,0,0.712,0,0.513,1.27213,1.27304,0.02,0.498,0.0,2,0.0,0,0.712,0.914,3.0,0.305,0.464,1,1.27153,8,0.741,0.959,0.009,0.206,0.103,0.925,0.88,1.26924,1.25904,1.26697,230635.5228,430.6472,2,1.27566,0.461,0.0,0.0,0.0,0.0,0,0.151,1,2,1753,0.788,0.545,0.386,27.0,27.0,0.1547,174.6,0.0,1,1,0.807,1.23714,1,0,0.655,1.27505,0,1.495,0.022,0.978,0.0,0.0,0.5,0.36,0.0,0.5,0.0,0.801,0.541,0.5,0.558,0.0,0.148,0.0,0,0,0.251,0.811,0.0,0.238,0.1,0.597,0.528,0.0,0.557,0.412,0.0,1.0,0.895
7580,2021.09.15 17:00:20,GBPCHFm,PULLBACK,BUY,3,1.27246,1.26984,1.27648,1.53,0.463,1.27153,1.27284,1.27063,1,0.02,0.44,0.3772,1.26979,1.27041,1.27621,1.26802,1,0.0,0.55,0,1.27153,0.707,0.538,0,0.0,0.0,0.0,0.0,0.0,0,0,0,0.45,0.685,0.0516,0.685,0.97,0,0.712,0,0.513,1.27213,1.27304,0.032,0.486,0.0,2,0.0,0,0.712,0.914,3.0,0.305,0.464,1,1.27153,8,0.741,0.936,0.009,0.206,0.103,0.925,0.88,1.26924,1.25904,1.26697,230635.5228,430.6472,2,1.27566,0.461,0.0,0.0,0.0,0.0,0,0.151,1,2,1753,0.788,0.545,0.386,27.0,27.0,0.1547,174.6,0.0,1,1,0.807,1.23714,1,0,0.655,1.27505,0,1.484,0.022,0.978,0.0,0.0,0.5,0.59,0.0,0.5,0.0,0.961,0.564,0.5,0.558,0.0,0.148,0.0,0,0,0.265,0.811,0.0,0.238,0.1,0.597,0.53,0.0,0.557,0.412,0.0,1.0,0.895
7581,2021.09.15 17:00:20,GBPCHFm,TREND_CONTINUATION,BUY,3,1.27246,1.27037,1.27682,2.08,0.369,1.27153,1.27284,1.27063,1,0.02,0.44,0.3772,1.26979,1.27041,1.27621,1.26802,1,0.0,0.55,0,1.27153,0.707,0.538,0,0.0,0.0,0.0,0.0,0.0,0,0,0,0.45,0.685,0.0516,0.685,0.97,0,0.712,0,0.513,1.27213,1.27304,0.032,0.486,0.0,2,0.0,0,0.712,0.914,3.0,0.305,0.464,1,1.27153,8,0.741,0.936,0.009,0.206,0.103,0.925,0.88,1.26924,1.25904,1.26697,230635.5228,430.6472,2,1.27566,0.461,0.0,0.0,0.0,0.0,0,0.151,1,2,1753,0.788,0.545,0.386,27.0,27.0,0.1547,174.6,0.0,1,1,0.807,1.23714,1,0,0.655,1.27505,0,1.484,0.022,0.978,0.0,0.0,0.5,0.59,0.0,0.5,0.0,0.961,0.564,0.5,0.558,0.0,0.148,0.0,0,0,0.265,0.811,0.0,0.238,0.1,0.597,0.53,0.0,0.557,0.412,0.0,1.0,0.895
7588,2021.09.15 18:00:00,GBPCHFm,SWEEP_REVERSAL,SELL,3,1.27261,1.2744,1.27092,0.95,0.256,1.27216,1.27224,1.27092,0,0.251,1.177,0.2506,1.26979,1.27041,1.27621,1.26802,1,0.0,0.4,0,1.27216,0.588,0.365,0,0.0,0.0,0.0,0.0,0.0,0,0,0,0.5,0.72,0.1558,0.72,0.363,2,0.365,0,0.815,1.27208,1.27316,0.297,0.305,-0.4929,1,0.0,5,1.0,0.887,3.0,0.296,0.562,2,1.27092,5,0.6,0.406,0.491,0.216,0.463,0.854,0.94,1.26924,1.25904,1.26697,230635.5228,430.6472,2,1.27566,0.461,0.0,0.0,0.0,0.0,0,0.151,1,2,1754,0.788,0.545,0.386,27.0,27.0,0.1507,179.1,0.0,1,1,0.807,1.23714,1,0,0.655,1.27505,0,1.362,0.022,0.978,0.0,0.0,0.5,0.37,0.0,0.5,0.0,0.569,0.508,0.5,0.552,0.0,0.294,0.0,0,0,0.288,0.5,0.0,0.237,0.067,0.146,0.564,0.0,0.495,0.412,0.0,1.0,0.749
7589,2021.09.15 18:02:40,GBPCHFm,BREAKOUT,BUY,3,1.27312,1.27225,1.2776,5.16,0.374,1.27216,1.27224,1.27092,0,0.251,1.177,0.3846,1.26979,1.27041,1.27621,1.26802,1,0.0,0.4,0,1.27216,0.588,0.365,0,0.0,0.0,0.0,0.0,0.0,0,0,0,0.5,0.72,0.1558,0.72,0.239,2,0.575,0,0.815,1.27208,1.27316,0.431,0.171,0.0,2,0.0,0,0.575,1.242,3.0,0.414,0.497,1,1.27216,8,0.718,0.138,0.228,0.216,0.163,0.854,0.94,1.26924,1.25904,1.26697,230635.5228,430.6472,2,1.27566,0.461,0.0,0.0,0.0,0.0,0,0.151,1,2,1754,0.788,0.545,0.386,27.0,27.0,0.1507,179.1,0.0,1,1,0.807,1.23714,1,0,0.655,1.27505,0,1.077,0.022,0.978,0.0,0.0,0.5,0.75,0.0,0.5,0.0,0.647,0.493,0.5,0.547,0.0,0.253,0.0,0,0,0.269,0.737,0.0,0.264,0.067,0.258,0.633,0.0,0.532,0.412,0.0,1.0,0.92
7591,2021.09.15 18:50:30,GBPCHFm,MEAN_REVERSION,SELL,3,1.27252,1.27395,1.27092,1.12,0.614,1.27216,1.27224,1.27092,0,0.251,1.177,0.2004,1.26979,1.27041,1.27621,1.26802,1,0.0,0.4,0,1.27216,0.588,0.365,0,0.0,0.0,0.0,0.0,0.0,0,0,0,0.5,0.72,0.1558,0.72,0.277,2,0.575,0,0.815,1.27208,1.27316,0.247,0.356,0.0,2,0.0,0,0.575,1.225,3.0,0.408,0.496,1,1.27092,5,0.6,0.507,0.217,0.216,0.163,0.854,0.94,1.26924,1.25904,1.26697,230635.5228,430.6472,2,1.27566,0.461,0.0,0.0,0.0,0.0,0,0.151,1,2,1754,0.788,0.545,0.386,27.0,27.0,0.1507,179.1,0.0,1,1,0.807,1.23714,1,0,0.655,1.27505,0,1.412,0.022,0.978,0.0,0.0,0.5,0.0,0.0,0.5,0.0,0.631,0.383,0.5,0.579,0.0,0.287,0.0,0,0,0.359,0.746,0.0,0.264,0.067,0.287,0.561,0.0,0.536,0.412,0.0,1.0,0.92
7592,2021.09.15 19:00:00,GBPCHFm,BREAKOUT_RETEST,BUY,3,1.27256,1.27203,1.27342,1.63,0.515,1.27222,1.27315,1.27196,1,0.043,0.817,0.0427,1.27093,1.27041,1.27621,1.26802,1,0.0,0.35,0,1.27222,0.582,0.065,0,0.0,0.0,1.27241,0.0,0.0,0,0,0,0.825,0.755,0.2721,0.755,0.955,2,0.631,2,0.376,1.27213,1.2712,0.091,0.623,-0.0785,1,0.3,0,0.631,0.92,3.0,0.307,0.39,1,1.27315,4,0.6,0.818,0.433,0.226,0.105,0.98,0.975,1.26924,1.25904,1.26697,230635.5228,430.6472,2,1.27566,0.461,0.0,0.0,0.0,0.0,0,0.151,1,2,1755,0.788,0.545,0.386,27.0,27.0,0.1537,175.7,0.0,1,1,0.807,1.23714,1,0,0.655,1.27505,0,1.417,0.022,0.978,0.0,0.0,0.5,0.01,0.0,0.5,0.0,0.645,0.408,0.5,0.732,0.0,0.365,0.0,0,0,0.421,0.8,0.0,0.244,0.093,0.159,0.46,0.0,0.574,0.412,0.0,1.0,0.803
0,2021.09.15 19:00:40,GBPCHFm,ANCHORED_PULLBACK,SELL,3,1.27212,1.27231,1.27196,0.86,0.489,1.27222,1.27315,1.27196,1,0.043,0.817,-0.0541,1.27093,1.27041,1.27621,1.26802,1,0.0,0.35,0,1.27222,0.582,0.065,0,0.0,0.0,1.27241,0.0,0.0,0,0,0,0.825,0.755,0.2721,0.755,0.984,2,0.65,2,0.376,1.27213,1.2712,0.006,0.526,0.0,2,0.0,0,0.65,0.907,3.0,0.302,0.438,1,1.27315,4,0.6,0.989,0.005,0.226,0.0,0.98,0.975,1.26924,1.25904,1.26697,230635.5228,430.6472,2,1.27566,0.461,0.0,0.0,0.0,0.0,0,0.151,1,2,1755,0.788,0.545,0.386,27.0,27.0,0.1537,175.7,0.0,1,1,0.807,1.23714,1,0,0.655,1.27505,0,1.667,0.022,0.978,0.0,0.0,0.5,0.0,0.0,0.5,0.0,0.645,0.383,0.5,0.732,0.0,0.365,0.0,0,0,0.436,0.812,0.0,0.317,0.093,0.268,0.46,0.0,0.565,0.412,0.0,1.0,0.858
7594,2021.09.15 19:13:30,GBPCHFm,PULLBACK,BUY,3,1.27277,1.27013,1.27648,1.41,0.566,1.27222,1.27315,1.27196,1,0.043,0.817,0.1622,1.27093,1.27041,1.27621,1.26802,1,0.0,0.35,0,1.27222,0.582,0.065,0,0.0,0.0,1.27241,0.0,0.0,0,0,0,0.825,0.755,0.2721,0.755,0.638,2,0.65,2,0.376,1.27264,1.2712,0.08,0.743,0.0,2,0.0,0,0.65,1.063,3.0,0.354,0.402,1,1.27196,5,0.6,0.841,0.109,0.226,0.0,0.545,0.975,1.26924,1.25904,1.26697,230635.5228,430.6472,2,1.27566,0.461,0.0,0.0,0.0,0.0,0,0.151,1,2,1755,0.788,0.545,0.386,27.0,27.0,0.1537,175.7,0.0,1,1,0.807,1.23714,1,0,0.655,1.27505,0,1.298,0.022,0.978,0.0,0.0,0.5,0.94,0.0,0.5,0.0,0.499,0.382,0.5,0.571,0.0,0.363,0.0,0,0,0.387,0.812,0.0,0.22,0.093,0.268,0.544,0.0,0.547,0.412,0.0,1.0,0.89
7595,2021.09.15 19:14:00,GBPCHFm,TREND_CONTINUATION,BUY,3,1.27279,1.27068,1.27718,2.08,0.489,1.27222,1.27315,1.27196,1,0.043,0.817,0.1736,1.27093,1.27041,1.27621,1.26802,1,0.0,0.35,0,1.27222,0.582,0.065,0,0.0,0.0,1.27241,0.0,0.0,0,0,0,0.825,0.755,0.2721,0.755,0.638,2,0.65,2,0.376,1.27264,1.2712,0.068,0.754,0.0,2,0.0,0,0.65,1.063,3.0,0.354,0.402,1,1.27196,5,0.6,0.863,0.109,0.226,0.0,0.545,0.975,1.26924,1.25904,1.26697,230635.5228,430.6472,2,1.27566,0.461,0.0,0.0,0.0,0.0,0,0.151,1,2,1755,0.788,0.545,0.386,27.0,27.0,0.1537,175.7,0.0,1,1,0.807,1.23714,1,0,0.655,1.27505,0,1.286,0.022,0.978,0.0,0.0,0.5,0.96,0.0,0.5,0.0,0.499,0.407,0.5,0.571,0.0,0.363,0.0,0,0,0.372,0.812,0.0,0.22,0.093,0.268,0.544,0.0,0.547,0.412,0.0,1.0,0.89
7598,2021.09.15 20:02:40,GBPCHFm,BREAKOUT,BUY,3,1.27334,1.27071,1.27773,1.67,0.475,1.27212,1.27274,1.27194,0,0.313,0.018,0.539,1.27093,1.27041,1.27621,1.26802,1,0.0,0.55,2,1.27212,0.774,0.709,0,0.0,0.0,0.0,0.0,0.0,0,0,0,0.9,0.79,0.3666,0.79,0.375,0,0.668,3,0.442,1.27263,1.27325,0.25,0.101,0.0,2,0.15,0,0.668,1.181,3.0,0.394,0.421,1,1.27212,8,0.755,0.5,0.248,0.237,0.053,0.668,0.842,1.27615,1.25904,1.26697,246301.3319,15665.8091,2,1.27566,0.48,0.0,0.0,0.0,0.0,0,0.293,1,2,1756,0.788,0.545,0.386,27.0,27.0,0.1538,175.6,0.0,1,1,0.807,1.23714,1,0,0.655,1.27505,0,0.974,0.091,0.909,0.0,0.0,0.5,0.63,0.0,0.5,0.0,0.396,0.558,0.5,0.836,0.0,0.389,0.0,0,0,0.441,0.549,0.0,0.309,0.1,0.204,0.619,0.0,0.539,0.412,0.0,1.0,0.89
0,2021.09.15 21:00:59,GBPCHFm,ANCHORED_PULLBACK,SELL,3,1.27226,1.27281,1.26875,6.43,0.362,1.27299,1.27325,1.27245,0,0.257,0.051,-0.4176,1.27093,1.27041,1.27621,1.26802,1,0.0,0.55,0,1.27299,0.8,0.633,0,0.0,0.0,1.27302,0.0,0.0,0,0,0,0.65,0.825,0.3495,0.825,0.292,0,0.706,3,0.354,1.27263,1.27231,0.211,0.026,0.0,2,0.15,0,0.706,1.219,3.0,0.406,0.439,1,1.27299,8,0.76,0.577,0.272,0.247,0.053,0.79,0.716,1.27615,1.25904,1.26697,246301.3319,15665.8091,2,1.27566,0.48,0.0,0.0,0.0,0.0,0,0.293,1,2,1757,0.788,0.545,0.386,167.0,34.5,0.9504,175.7,0.0,1,1,0.807,1.23714,1,0,0.655,1.27505,0,1.588,0.091,0.909,0.0,0.0,0.5,0.03,0.0,0.5,0.0,0.325,0.331,0.5,0.887,0.0,0.361,0.0,0,0,0.512,0.655,0.0,0.528,0.1,0.205,0.398,0.0,0.541,0.412,0.0,1.0,0.897
0,2021.09.15 21:05:30,GBPCHFm,MEAN_REVERSION,BUY,3,1.27403,1.27262,1.27516,0.81,0.644,1.27299,1.27325,1.27245,0,0.257,0.051,-0.6452,1.27093,1.27041,1.27621,1.26802,1,0.0,0.55,0,1.27299,0.8,0.633,0,0.0,0.0,1.27302,0.0,0.0,0,0,0,0.65,0.825,0.3495,0.825,0.045,0,0.706,3,0.354,1.27263,1.27194,0.439,0.047,0.0,2,0.15,0,0.706,1.33,3.0,0.443,0.452,1,1.27299,8,0.76,0.122,0.347,0.247,0.053,0.79,0.807,1.27615,1.25904,1.26697,246301.3319,15665.8091,2,1.27566,0.48,0.0,0.0,0.0,0.0,0,0.293,1,2,1757,0.788,0.545,0.386,217.0,54.2,1.235,175.7,0.0,1,1,0.807,1.23714,1,0,0.655,1.27505,0,0.58,0.091,0.909,0.0,0.0,0.5,0.0,0.0,0.5,0.0,0.374,0.321,0.5,0.568,0.0,0.31,0.0,0,0,0.401,0.494,0.0,0.44,0.1,0.147,0.344,0.0,0.538,0.412,0.0,1.0,0.897
0,2021.09.15 21:06:40,GBPCHFm,SWEEP_REVERSAL,BUY,3,1.27232,1.27056,1.27491,1.48,0.171,1.27299,1.27325,1.27245,0,0.257,0.051,-1.4761,1.27093,1.27041,1.27621,1.26802,1,0.0,0.55,0,1.27299,0.8,0.633,0,0.0,0.0,1.27302,0.0,0.0,0,0,0,0.65,0.825,0.3495,0.825,0.045,0,0.706,3,0.354,1.27263,1.27194,1.27,0.878,0.0,2,0.15,0,0.706,1.33,3.0,0.443,0.452,1,1.27299,8,0.76,0.0,0.347,0.247,0.053,0.79,0.807,1.27615,1.25904,1.26697,246301.3319,15665.8091,2,1.27566,0.48,0.0,0.0,0.0,0.0,0,0.293,1,2,1757,0.788,0.545,0.386,192.0,66.2,1.0927,175.7,0.0,1,1,0.807,1.23714,1,0,0.655,1.27505,0,1.554,0.091,0.909,0.0,0.0,0.5,0.05,0.0,0.5,0.645,0.374,0.32,0.5,0.568,0.0,0.31,0.0,0,0,0.403,0.539,0.0,0.88,0.1,0.147,0.219,0.0,0.542,0.412,0.0,1.0,0.897
0,2021.09.15 21:14:30,GBPCHFm,TREND_CONTINUATION,BUY,3,1.27417,1.27206,1.27671,1.21,0.45,1.27299,1.27325,1.27245,0,0.257,0.051,-1.4477,1.27093,1.27041,1.27621,1.26802,1,0.0,0.55,0,1.27299,0.8,0.633,0,0.0,0.0,1.27302,0.0,0.0,0,0,0,0.65,0.825,0.3495,0.825,0.045,0,0.706,3,0.354,1.27263,1.27194,1.241,0.849,0.0,2,0.15,0,0.706,1.33,3.0,0.443,0.452,1,1.27299,8,0.76,0.0,0.347,0.247,0.053,0.79,0.807,1.27615,1.25904,1.26697,246301.3319,15665.8091,2,1.27566,0.48,0.0,0.0,0.0,0.0,0,0.293,1,2,1757,0.788,0.545,0.386,372.0,169.4,2.1171,175.7,0.0,1,1,0.807,1.23714,1,0,0.655,1.27505,0,0.501,0.091,0.909,0.0,0.0,0.5,0.07,0.0,0.5,0.0,0.374,0.281,0.5,0.478,0.0,0.294,0.0,0,0,0.393,0.539,0.0,0.88,0.1,0.267,0.248,0.0,0.542,0.438,0.0,1.0,0.891
0,2021.09.15 22:02:40,GBPCHFm,BREAKOUT,SELL,1,1.27202,1.27279,1.27071,1.69,0.58,1.27308,1.27316,1.27237,0,0.432,0.606,-0.5822,1.27093,1.27041,1.27621,1.26802,1,0.0,0.25,4,1.27308,0.739,0.85,0,0.0,0.0,1.27185,0.0,0.0,0,0,0,1.0,0.86,0.2525,0.86,0.074,2,0.592,2,0.379,1.27285,1.27055,0.452,0.802,0.0,2,0.0,0,0.592,1.317,3.0,0.439,0.439,1,1.27308,8,0.748,0.095,0.278,0.258,0.15,0.719,0.897,1.27615,1.25904,1.26697,246301.3319,15665.8091,2,1.27566,0.48,0.0,0.0,0.0,0.0,0,0.293,1,2,1758,0.788,0.545,0.386,242.0,269.6,1.3255,182.6,0.0,1,1,0.807,1.23714,1,0,0.655,1.27505,0,1.66,0.091,0.909,0.0,0.0,0.5,0.65,0.0,0.5,0.0,0.438,0.628,0.5,0.852,0.0,0.236,0.0,0,0,0.426,0.764,0.0,0.451,0.067,0.275,0.565,0.0,0.553,0.412,0.0,1.0,1.022
0,2021.09.15 22:18:00,GBPCHFm,BREAKOUT_RETEST,BUY,1,1.2744,1.27385,1.27505,1.19,0.603,1.27308,1.27316,1.27237,1,0.432,0.606,-0.3577,1.27093,1.27041,1.27621,1.26802,1,0.0,0.25,4,1.27308,0.739,0.85,0,0.0,0.0,1.27185,0.0,0.0,0,0,0,1.0,0.86,0.2525,0.86,0.433,2,0.592,2,0.379,1.27285,1.27055,0.228,1.027,0.0,2,0.0,0,0.592,1.155,3.0,0.385,0.42,1,1.27308,8,0.748,0.544,0.17,0.258,0.15,0.719,0.897,1.27615,1.25904,1.26697,246301.3319,15665.8091,2,1.27566,0.48,0.0,0.0,0.0,0.0,0,0.293,1,2,1758,0.788,0.545,0.386,197.0,224.2,1.079,182.6,0.0,1,1,0.807,1.23714,1,0,0.655,1.27505,0,0.356,0.091,0.909,0.0,0.0,0.5,0.93,0.0,0.5,0.0,0.476,0.605,0.5,0.557,0.0,0.312,0.0,0,0,0.355,0.815,0.0,0.539,0.067,0.269,0.565,0.0,0.559,0.412,0.0,1.0,0.942
7602,2021.09.15 22:32:00,GBPCHFm,PULLBACK,BUY,1,1.27443,1.27169,1.27801,1.31,0.628,1.27308,1.27316,1.27237,1,0.432,0.606,-0.2481,1.27093,1.27041,1.27621,1.26802,1,0.0,0.25,4,1.27308,0.739,0.85,0,0.0,0.0,1.27185,0.0,0.0,0,0,0,1.0,0.86,0.2525,0.86,0.774,2,0.592,2,0.379,1.27285,1.27055,0.118,1.137,0.0,2,0.0,0,0.592,1.002,3.0,0.334,0.402,1,0.0,0,0.0,0.763,0.068,0.258,0.15,0.719,0.897,1.27615,1.25904,1.26697,246301.3319,15665.8091,2,1.27566,0.48,0.0,0.0,0.0,0.0,0,0.293,1,2,1758,0.788,0.545,0.386,180.0,198.6,0.9859,182.6,0.0,1,1,0.807,1.23714,1,0,0.655,1.27505,0,0.34,0.091,0.909,0.0,0.0,0.5,0.99,0.0,0.5,0.0,0.688,0.657,0.5,0.575,0.0,0.441,0.0,0,0,0.443,0.815,0.0,0.485,0.067,0.269,0.485,0.0,0.585,0.412,0.0,1.0,0.991
7604,2021.09.15 23:00:59,GBPCHFm,ANCHORED_PULLBACK,BUY,1,1.27399,1.27335,1.2773,5.2,0.261,1.27309,1.27318,1.27229,0,0.347,0.05,0.3528,1.27197,1.27041,1.27689,1.2687,1,0.0,0.25,4,1.27309,0.762,0.472,0,0.0,0.0,1.27261,0.0,0.0,0,0,0,0.75,0.895,0.1677,0.895,0.011,2,0.58,2,0.264,1.27282,1.27353,0.502,0.105,0.0,2,0.15,0,0.58,1.345,3.0,0.448,0.403,1,1.27309,8,0.752,0.0,0.357,0.269,0.202,0.722,0.992,1.27615,1.25904,1.26697,246301.3319,15665.8091,2,1.27566,0.48,0.0,0.0,0.0,0.0,0,0.293,1,2,1759,0.788,0.545,0.386,27.0,163.0,0.1509,178.9,0.0,1,1,0.807,1.23714,1,0,0.655,1.27505,0,0.592,0.091,0.909,0.0,0.0,0.5,0.98,0.0,0.5,0.0,0.921,0.841,0.5,0.577,0.0,0.519,0.0,0,0,0.585,0.581,0.0,0.853,0.1,0.343,0.676,0.0,0.568,0.438,0.0,1.0,0.95
7606,2021.09.15 23:14:30,GBPCHFm,TREND_CONTINUATION,BUY,1,1.2739,1.27175,1.27837,2.08,0.477,1.27309,1.27318,1.27229,0,0.347,0.05,0.3025,1.27197,1.27041,1.27689,1.2687,1,0.0,0.25,4,1.27309,0.762,0.472,0,0.0,0.0,1.27261,0.0,0.0,0,0,0,0.75,0.895,0.1677,0.895,0.011,2,0.58,2,0.264,1.27282,1.27353,0.451,0.054,0.0,2,0.15,0,0.58,1.345,3.0,0.448,0.403,1,1.27309,8,0.752,0.097,0.357,0.269,0.202,0.722,0.992,1.27615,1.25904,1.26697,246301.3319,15665.8091,2,1.27566,0.48,0.0,0.0,0.0,0.0,0,0.293,1,2,1759,0.788,0.545,0.386,27.0,98.5,0.1509,178.9,0.0,1,1,0.807,1.23714,1,0,0.655,1.27505,0,0.643,0.091,0.909,0.0,0.0,0.5,0.8,0.0,0.5,0.0,1.0,0.66,0.5,0.567,0.0,0.431,0.0,0,0,0.439,0.581,0.0,0.853,0.1,0.355,0.623,0.0,0.554,0.438,0.0,1.0,0.95
7608,2021.09.16 00:00:00,GBPCHFm,NAKED_POC,SELL,1,1.27352,1.27392,1.27104,6.16,0.673,1.27303,1.27367,1.27238,1,0.186,1.64,0.2977,1.27169,1.27041,1.27689,1.2687,1,0.0,0.35,0,1.27303,0.8,0.764,0,0.0,0.0,0.0,1.27309,0.261,0,0,0,1.0,0.755,0.0992,0.755,0.553,0,0.762,2,0.401,1.27293,1.27377,0.354,0.15,0.2463,0,0.55,2,1.0,0.183,0.354,0.517,0.317,0,1.27293,2,0.55,0.293,0.354,0.926,0.193,0.623,0.915,1.27615,1.25904,1.26697,235831.5622,-10469.7697,1,1.27566,0.496,0.0,0.0,0.0,0.0,0,0.301,1,2,1760,0.8,0.541,0.39,27.0,27.0,0.1632,165.4,0.0,1,1,0.807,1.23714,1,0,0.655,1.27505,1,0.925,0.113,0.887,0.0,1.0,1.0,0.64,0.0,0.5,0.0,0.852,0.442,0.5,0.579,0.0,0.253,0.0,0,0,0.31,0.786,0.0,0.779,0.062,0.801,0.53,0.0,0.467,0.438,0.0,1.0,0.977
7609,2021.09.16 00:02:40,GBPCHFm,BREAKOUT,BUY,1,1.27365,1.27117,1.27779,1.67,0.389,1.27303,1.27367,1.27238,1,0.186,1.64,0.2131,1.27169,1.27041,1.27689,1.2687,1,0.0,0.35,0,1.27303,0.8,0.764,0,0.0,0.0,0.0,1.27309,0.261,0,0,0,1.0,0.755,0.0992,0.755,0.328,0,0.784,2,0.401,1.27293,1.27377,0.269,0.234,0.0,2,0.25,0,0.784,0.601,1.5,0.401,0.357,1,1.27238,5,0.6,0.462,0.302,0.226,0.088,0.623,0.915,1.27615,1.25904,1.26697,235831.5622,-10469.7697,1,1.27566,0.496,0.0,0.0,0.0,0.0,0,0.301,1,2,1760,0.8,0.541,0.39,27.0,27.0,0.1632,165.4,0.0,1,1,0.807,1.23714,1,0,0.655,1.27505,1,0.846,0.113,0.887,0.0,1.0,1.0,0.1,0.0,0.5,0.0,1.0,0.272,0.5,0.588,0.0,0.233,0.0,0,0,0.407,0.787,0.0,1.0,0.048,0.362,0.533,0.0,0.549,0.438,0.0,1.0,0.905
7612,2021.09.16 00:18:00,GBPCHFm,BREAKOUT_RETEST,BUY,1,1.27365,1.27315,1.27459,1.9,0.575,1.27303,1.27367,1.27238,1,0.186,1.64,0.2131,1.27169,1.27041,1.27689,1.2687,1,0.0,0.35,0,1.27303,0.8,0.764,0,0.0,0.0,0.0,1.27309,0.261,0,0,0,1.0,0.755,0.0992,0.755,0.328,0,0.784,2,0.401,1.27293,1.27377,0.269,0.234,0.0,2,0.25,0,0.784,0.601,1.5,0.401,0.357,1,1.27238,5,0.6,0.462,0.302,0.226,0.088,0.623,0.915,1.27615,1.25904,1.26697,235831.5622,-10469.7697,1,1.27566,0.496,0.0,0.0,0.0,0.0,0,0.301,1,2,1760,0.8,0.541,0.39,27.0,27.0,0.1632,165.4,0.0,1,1,0.807,1.23714,1,0,0.655,1.27505,1,0.846,0.113,0.887,0.0,1.0,1.0,0.21,0.0,0.5,0.0,0.363,0.384,0.5,0.793,0.0,0.282,0.0,0,0,0.42,0.787,0.0,1.0,0.048,0.307,0.533,0.0,0.549,0.438,0.0,1.0,0.905
7613,2021.09.16 00:32:00,GBPCHFm,PULLBACK,BUY,1,1.27397,1.27149,1.27716,1.29,0.445,1.27303,1.27367,1.27238,0,0.186,1.64,0.4065,1.27169,1.27041,1.27689,1.2687,1,0.0,0.35,0,1.27303,0.8,0.764,0,0.0,0.0,0.0,1.27309,0.261,0,0,0,1.0,0.755,0.0992,0.755,0.072,0,0.784,2,0.401,1.27293,1.27377,0.462,0.041,0.0,2,0.25,0,0.784,0.203,0.462,0.439,0.31,0,1.27303,8,0.76,0.075,0.379,0.226,0.088,0.623,0.915,1.27615,1.25904,1.26697,235831.5622,-10469.7697,1,1.27566,0.496,0.0,0.0,0.0,0.0,0,0.301,1,2,1760,0.8,0.541,0.39,27.0,27.0,0.1632,165.4,0.0,1,1,0.807,1.23714,1,0,0.655,1.27505,1,0.653,0.113,0.887,0.0,1.0,1.0,0.99,0.0,0.5,0.0,0.318,0.613,0.5,0.679,0.0,0.254,0.0,0,0,0.373,0.638,0.0,0.762,0.048,0.37,0.611,0.0,0.55,0.438,0.0,1.0,0.985
7615,2021.09.16 01:14:40,GBPCHFm,TREND_CONTINUATION,BUY,1,1.27345,1.27152,1.27747,2.08,0.56,1.27355,1.27403,1.27248,1,0.031,1.836,-0.2278,1.27181,1.27041,1.27689,1.2687,1,0.0,0.4,2,1.27297,0.711,0.0,1,0.0,0.0,0.0,1.27309,0.436,0,0,0,1.0,0.965,0.107,0.965,0.355,2,0.633,3,0.511,1.27297,1.27142,0.133,1.096,0.0,2,0.0,4,0.59,0.544,1.096,0.497,0.363,1,1.27248,5,0.6,0.733,0.194,0.29,0.0,0.703,0.807,1.27615,1.25904,1.26697,235831.5622,-10469.7697,1,1.27566,0.496,0.0,0.0,0.0,0.0,0,0.301,1,2,1761,0.8,0.541,0.39,27.0,27.0,0.1679,160.8,0.0,1,1,0.807,1.23714,1,0,0.655,1.27505,1,0.995,0.113,0.887,0.0,1.0,1.0,0.12,0.0,0.5,0.0,0.242,0.228,0.5,0.533,0.0,0.686,0.0,0,0,0.597,0.71,1.0,0.634,0.048,0.115,0.498,0.0,0.509,0.438,0.0,1.0,0.876
7618,2021.09.16 02:04:20,GBPCHFm,BREAKOUT,SELL,1,1.27282,1.27343,1.27127,2.53,0.455,1.27345,1.27403,1.27286,0,0.197,1.128,-0.4137,1.27181,1.27041,1.27689,1.26938,1,0.0,0.35,2,1.27328,0.684,0.602,0,0.0,0.0,0.0,0.0,0.0,0,0,0,0.8,0.825,0.0925,0.825,0.115,0,0.771,2,0.392,1.27353,1.27111,0.469,1.132,0.0,2,0.25,0,0.771,1.298,3.0,0.433,0.46,1,1.27328,8,0.737,0.062,0.366,0.247,0.088,0.832,0.943,1.27615,1.25904,1.26697,235831.5622,-10469.7697,1,1.27566,0.496,0.0,0.0,0.0,0.0,0,0.301,1,2,1762,0.8,0.541,0.39,27.0,27.0,0.1786,151.2,0.0,1,1,0.807,1.23714,1,0,0.655,1.27505,1,1.475,0.113,0.887,0.0,1.0,1.0,0.05,0.0,0.5,0.0,0.618,0.382,0.5,0.568,0.0,0.389,0.0,0,0,0.397,0.736,0.411,0.491,0.0,0.227,0.418,0.0,0.56,0.412,0.0,1.0,0.985
7619,2021.09.16 03:02:00,GBPCHFm,MEAN_REVERSION,BUY,1,1.27265,1.27156,1.27353,0.8,0.676,1.27342,1.27387,1.27297,0,0.575,0.021,-0.7602,1.27181,1.27587,1.27894,1.27075,1,0.0,0.55,0,1.27326,0.748,0.456,0,0.0,0.0,0.0,0.0,0.0,0,0,0,1.0,0.825,0.0873,0.825,0.091,0,0.78,0,0.457,1.27338,1.27244,0.73,0.044,0.0,2,0.4,0,0.78,1.309,3.0,0.436,0.462,1,1.27326,8,0.75,0.0,0.433,0.247,0.231,0.935,0.902,1.27615,1.25904,1.26697,235831.5622,-10469.7697,1,1.27566,0.496,0.0,0.0,0.0,0.0,0,0.301,1,2,1763,0.8,0.541,0.39,27.0,27.0,0.1976,136.6,0.0,1,1,0.807,1.23714,1,0,0.655,1.27505,1,1.756,0.113,0.887,0.0,1.0,1.0,0.0,0.0,0.5,0.0,1.0,0.297,0.5,0.509,0.0,0.268,0.0,0,0,0.382,0.445,0.0,0.689,0.0,0.293,0.323,0.0,0.563,0.412,0.0,1.0,0.833
7621,2021.09.16 04:00:30,GBPCHFm,BREAKOUT_RETEST,BUY,1,1.27287,1.27251,1.27359,2.02,0.57,1.27257,1.27353,1.27244,1,0.026,0.114,0.0262,1.27181,1.27587,1.27894,1.27075,1,0.0,0.65,2,1.27332,0.728,0.242,0,0.0,0.0,0.0,0.0,0.0,0,0,0,1.0,0.7544,0.0412,0.754,1.0,2,0.581,3,0.351,1.27261,1.2724,0.009,0.166,0.0,2,0.4,0,0.581,0.9,3.0,0.3,0.34,0,1.27332,8,0.746,0.982,0.16,0.226,0.14,0.843,0.885,1.27615,1.25904,1.26697,244348.7117,8517.1496,2,1.27566,0.516,0.0,0.0,0.0,0.0,0,0.171,1,2,1764,0.8,0.541,0.39,27.0,27.0,0.2268,119.1,0.0,1,1,0.807,1.23714,1,0,0.655,1.27505,1,1.831,0.091,0.909,0.0,0.0,1.0,0.8,0.0,0.5,0.0,0.883,0.5,0.5,0.573,0.0,0.208,0.0,0,0,0.255,0.68,0.0,0.618,0.0,0.304,0.454,0.0,0.608,0.412,0.0,1.0,0.785
7623,2021.09.16 04:07:40,GBPCHFm,BREAKOUT,BUY,1,1.27329,1.27272,1.27627,5.22,0.393,1.27257,1.27353,1.27244,1,0.026,0.114,0.379,1.27181,1.27587,1.27894,1.27075,1,0.0,0.65,2,1.27332,0.728,0.242,0,0.0,0.0,0.0,0.0,0.0,0,0,0,1.0,0.7544,0.0412,0.754,0.207,2,0.581,3,0.351,1.27332,1.27282,0.252,0.169,0.0,2,0.4,0,0.581,1.257,3.0,0.419,0.371,1,1.27257,1,0.7,0.496,0.398,0.226,0.14,0.761,0.88,1.27615,1.25904,1.26697,244348.7117,8517.1496,2,1.27566,0.516,0.0,0.0,0.0,0.0,0,0.171,1,2,1764,0.8,0.541,0.39,27.0,27.0,0.2268,119.1,0.0,1,1,0.807,1.23714,1,0,0.655,1.27505,1,1.478,0.091,0.909,0.0,0.0,1.0,0.99,0.0,0.5,0.0,1.0,0.605,0.5,0.548,0.0,0.198,0.0,0,0,0.307,0.665,0.0,0.733,0.0,0.33,0.504,0.0,0.578,0.412,0.0,1.0,0.817
7624,2021.09.16 04:07:59,GBPCHFm,PULLBACK,BUY,1,1.27329,1.27272,1.27686,6.26,0.611,1.27257,1.27353,1.27244,1,0.026,0.114,0.379,1.27181,1.27587,1.27894,1.27075,1,0.0,0.65,2,1.27332,0.728,0.242,0,0.0,0.0,0.0,0.0,0.0,0,0,0,1.0,0.7544,0.0412,0.754,0.207,2,0.581,3,0.351,1.27332,1.27282,0.252,0.169,0.0,2,0.4,0,0.581,1.257,3.0,0.419,0.371,1,1.27257,1,0.7,0.496,0.398,0.226,0.14,0.761,0.88,1.27615,1.25904,1.26697,244348.7117,8517.1496,2,1.27566,0.516,0.0,0.0,0.0,0.0,0,0.171,1,2,1764,0.8,0.541,0.39,27.0,27.0,0.2268,119.1,0.0,1,1,0.807,1.23714,1,0,0.655,1.27505,1,1.478,0.091,0.909,0.0,0.0,1.0,0.98,0.0,0.5,0.0,1.0,0.612,0.5,0.548,0.0,0.198,0.0,0,0,0.311,0.665,0.0,0.733,0.0,0.33,0.504,0.0,0.578,0.412,0.0,1.0,0.817
7625,2021.09.16 04:08:00,GBPCHFm,TREND_CONTINUATION,BUY,1,1.27329,1.27186,1.27627,2.08,0.54,1.27257,1.27353,1.27244,1,0.026,0.114,0.379,1.27181,1.27587,1.27894,1.27075,1,0.0,0.65,2,1.27332,0.728,0.242,0,0.0,0.0,0.0,0.0,0.0,0,0,0,1.0,0.7544,0.0412,0.754,0.207,2,0.581,3,0.351,1.27332,1.27282,0.252,0.169,0.0,2,0.4,0,0.581,1.257,3.0,0.419,0.371,1,1.27257,1,0.7,0.496,0.398,0.226,0.14,0.761,0.88,1.27615,1.25904,1.26697,244348.7117,8517.1496,2,1.27566,0.516,0.0,0.0,0.0,0.0,0,0.171,1,2,1764,0.8,0.541,0.39,27.0,27.0,0.2268,119.1,0.0,1,1,0.807,1.23714,1,0,0.655,1.27505,1,1.478,0.091,0.909,0.0,0.0,1.0,0.97,0.0,0.5,0.0,1.0,0.612,0.5,0.548,0.0,0.198,0.0,0,0,0.311,0.665,0.0,0.733,0.0,0.33,0.504,0.0,0.578,0.412,0.0,1.0,0.817
7629,2021.09.16 05:19:40,GBPCHFm,MEAN_REVERSION,BUY,1,1.27293,1.27261,1.27359,2.04,0.721,1.27257,1.27336,1.27244,1,0.071,0.085,0.0855,1.27181,1.27587,1.27894,1.27075,1,0.0,0.55,2,1.27332,0.651,0.799,0,0.0,0.0,0.0,0.0,0.0,0,0,0,0.058,0.0,-0.001,0.118,0.741,0,0.747,0,0.432,1.27261,1.27278,0.046,0.11,0.0,2,0.4,0,0.747,1.016,3.0,0.339,0.408,1,1.27332,8,0.73,0.907,0.238,0.0,0.226,0.87,0.871,1.27615,1.25904,1.26697,244348.7117,8517.1496,2,1.27566,0.516,0.0,0.0,0.0,0.0,0,0.171,1,2,1765,0.8,0.541,0.39,27.0,27.0,0.2528,106.8,0.0,1,1,0.807,1.23714,1,0,0.655,1.27505,1,1.985,0.091,0.909,0.0,0.0,1.0,0.0,0.0,0.5,0.0,0.477,0.403,0.5,0.78,0.0,0.263,0.0,0,0,0.397,0.68,0.0,0.52,0.0,0.264,0.464,0.0,0.618,0.412,0.0,1.0,0.712
7632,2021.09.16 06:00:40,GBPCHFm,BREAKOUT_RETEST,SELL,1,1.27303,1.27332,1.2726,1.51,0.257,1.27304,1.27325,1.2726,1,0.156,0.46,-0.0089,1.27222,1.27587,1.27894,1.27075,1,0.0,0.55,0,1.27304,0.641,0.126,0,0.0,0.0,1.27304,0.0,0.0,0,0,0,0.238,-0.2977,-0.0235,0.298,1.0,0,0.793,0,0.745,1.27304,1.27342,0.009,0.409,0.0,2,0.25,0,0.793,0.9,3.0,0.3,0.45,1,1.2726,5,0.6,0.982,0.1,0.089,0.236,0.729,0.906,1.27615,1.25904,1.26697,244348.7117,8517.1496,2,1.27566,0.516,0.0,0.0,0.0,0.0,0,0.171,1,2,1766,0.8,0.541,0.39,27.0,27.0,0.2819,95.8,0.0,1,1,0.807,1.23714,1,0,0.655,1.27505,1,2.109,0.091,0.909,0.0,0.0,1.0,0.32,0.0,0.5,0.0,0.309,0.582,0.5,0.633,0.0,0.809,0.0,0,0,0.563,0.8,0.0,0.754,0.0,0.319,0.454,0.0,0.641,0.471,0.0,1.0,0.764
0,2021.09.16 06:00:59,GBPCHFm,ANCHORED_PULLBACK,SELL,1,1.27297,1.27313,1.2726,2.28,0.504,1.27304,1.27325,1.2726,1,0.156,0.46,-0.0715,1.27222,1.27587,1.27894,1.27075,1,0.0,0.55,0,1.27304,0.641,0.126,0,0.0,0.0,1.27304,0.0,0.0,0,0,0,0.238,-0.2977,-0.0235,0.298,0.657,0,0.793,0,0.745,1.27304,1.27342,0.072,0.472,0.0,2,0.25,0,0.793,1.054,3.0,0.351,0.468,1,1.2726,5,0.6,0.857,0.203,0.089,0.236,0.729,0.906,1.27615,1.25904,1.26697,244348.7117,8517.1496,2,1.27566,0.516,0.0,0.0,0.0,0.0,0,0.171,1,2,1766,0.8,0.541,0.39,27.0,27.0,0.2819,95.8,0.0,1,1,0.807,1.23714,1,0,0.655,1.27505,1,2.172,0.091,0.909,0.0,0.0,1.0,0.24,0.0,0.5,0.0,0.364,0.601,0.5,0.633,0.0,0.809,0.0,0,0,0.574,0.8,0.0,0.754,0.0,0.319,0.454,0.0,0.639,0.471,0.0,1.0,0.764
7634,2021.09.16 06:34:40,GBPCHFm,BREAKOUT,SELL,1,1.27277,1.27421,1.27038,1.67,0.192,1.27304,1.27325,1.2726,1,0.156,0.46,-0.2803,1.27222,1.27587,1.27894,1.27075,1,0.0,0.55,0,1.27304,0.641,0.126,0,0.0,0.0,1.27304,0.0,0.0,0,0,0,0.238,-0.2977,-0.0235,0.298,0.348,0,0.793,0,0.745,1.27263,1.27242,0.151,0.366,0.0,2,0.25,0,0.793,1.193,3.0,0.398,0.482,1,1.27325,4,0.6,0.698,0.296,0.089,0.236,0.714,0.893,1.27615,1.25904,1.26697,244348.7117,8517.1496,2,1.27566,0.516,0.0,0.0,0.0,0.0,0,0.171,1,2,1766,0.8,0.541,0.39,27.0,27.0,0.2819,95.8,0.0,1,1,0.807,1.23714,1,0,0.655,1.27505,1,2.38,0.091,0.909,0.0,0.0,1.0,0.0,0.0,0.5,0.0,0.38,0.53,0.5,0.75,0.0,0.868,0.0,0,0,0.591,0.8,0.0,0.698,0.0,0.308,0.454,0.0,0.61,0.438,0.0,1.0,0.813
7635,2021.09.16 06:34:59,GBPCHFm,PULLBACK,SELL,1,1.27279,1.27423,1.27075,1.42,0.369,1.27304,1.27325,1.2726,1,0.156,0.46,-0.2594,1.27222,1.27587,1.27894,1.27075,1,0.0,0.55,0,1.27304,0.641,0.126,0,0.0,0.0,1.27304,0.0,0.0,0,0,0,0.238,-0.2977,-0.0235,0.298,0.344,0,0.793,0,0.745,1.27263,1.27242,0.172,0.387,0.0,2,0.25,0,0.793,1.195,3.0,0.398,0.483,1,1.27325,4,0.6,0.657,0.297,0.089,0.236,0.714,0.893,1.27615,1.25904,1.26697,244348.7117,8517.1496,2,1.27566,0.516,0.0,0.0,0.0,0.0,0,0.171,1,2,1766,0.8,0.541,0.39,27.0,27.0,0.2819,95.8,0.0,1,1,0.807,1.23714,1,0,0.655,1.27505,1,2.359,0.091,0.909,0.0,0.0,1.0,0.01,0.0,0.5,0.0,0.38,0.521,0.5,0.75,0.0,0.868,0.0,0,0,0.585,0.8,0.0,0.698,0.0,0.308,0.454,0.0,0.61,0.438,0.0,1.0,0.813
7636,2021.09.16 06:35:00,GBPCHFm,TREND_CONTINUATION,SELL,1,1.27282,1.27397,1.27043,2.08,0.259,1.27304,1.27325,1.2726,1,0.156,0.46,-0.2281,1.27222,1.27587,1.27894,1.27075,1,0.0,0.55,0,1.27304,0.641,0.126,0,0.0,0.0,1.27304,0.0,0.0,0,0,0,0.238,-0.2977,-0.0235,0.298,0.344,0,0.793,0,0.745,1.27263,1.27242,0.203,0.419,0.0,2,0.25,0,0.793,1.195,3.0,0.398,0.483,1,1.27325,4,0.6,0.594,0.297,0.089,0.236,0.714,0.893,1.27615,1.25904,1.26697,244348.7117,8517.1496,2,1.27566,0.516,0.0,0.0,0.0,0.0,0,0.171,1,2,1766,0.8,0.541,0.39,27.0,27.0,0.2819,95.8,0.0,1,1,0.807,1.23714,1,0,0.655,1.27505,1,2.328,0.091,0.909,0.0,0.0,1.0,0.02,0.0,0.5,0.0,0.316,0.493,0.5,0.524,0.0,0.837,0.0,0,0,0.496,0.8,0.0,0.698,0.0,0.308,0.454,0.0,0.61,0.438,0.0,1.0,0.813
7640,2021.09.16 07:14:40,GBPCHFm,SWEEP_REVERSAL,SELL,1,1.27405,1.27501,1.27321,0.87,0.255,1.27305,1.27335,1.27286,0,0.174,0.054,1.0396,1.27262,1.27587,1.27894,1.27075,1,0.0,0.45,0,1.27321,0.686,0.715,0,0.0,0.0,1.27324,0.0,0.0,0,0,0,0.422,-0.3261,-0.0226,0.326,0.086,0,0.836,2,0.042,1.27321,1.2734,0.869,0.669,0.0,2,0.4,0,0.836,1.311,3.0,0.437,0.401,1,1.27321,8,0.737,0.0,0.434,0.098,0.14,0.747,0.891,1.27615,1.25904,1.26697,244348.7117,8517.1496,2,1.27566,0.516,0.0,0.0,0.0,0.0,0,0.171,1,2,1767,0.8,0.541,0.39,27.0,27.0,0.28,96.4,0.0,1,1,0.807,1.23714,1,0,0.655,1.27505,1,1.037,0.091,0.909,0.0,0.0,1.0,0.99,0.0,0.5,0.617,0.374,0.535,0.5,0.756,0.0,0.643,0.0,0,0,0.505,0.601,0.0,0.704,0.0,0.198,0.755,0.0,0.593,0.438,0.0,1.0,0.772
7641,2021.09.16 07:19:40,GBPCHFm,MEAN_REVERSION,SELL,1,1.2747,1.27547,1.27321,1.93,0.725,1.27305,1.27335,1.27286,0,0.174,0.054,1.7137,1.27262,1.27587,1.27894,1.27075,1,0.0,0.45,0,1.27321,0.686,0.715,0,0.0,0.0,1.27324,0.0,0.0,0,0,0,0.422,-0.3261,-0.0226,0.326,0.086,0,0.836,2,0.042,1.27321,1.2734,1.543,1.343,0.0,2,0.4,0,0.836,1.311,3.0,0.437,0.401,1,1.27321,8,0.737,0.0,0.434,0.098,0.14,0.747,0.891,1.27615,1.25904,1.26697,244348.7117,8517.1496,2,1.27566,0.516,0.0,0.0,0.0,0.0,0,0.171,1,2,1767,0.8,0.541,0.39,27.0,27.0,0.28,96.4,0.0,1,1,0.807,1.23714,1,0,0.655,1.27505,1,0.363,0.091,0.909,0.0,0.0,1.0,0.99,0.0,0.5,0.0,0.374,0.497,0.5,0.51,0.0,0.671,0.0,0,0,0.423,0.601,0.0,0.329,0.0,0.229,0.807,0.0,0.597,0.438,0.0,1.0,0.772
0,2021.09.16 08:00:59,GBPCHFm,ANCHORED_PULLBACK,SELL,2,1.27424,1.2743,1.27327,15.83,0.445,1.27312,1.2742,1.27277,0,1.024,0.075,1.0583,1.27323,1.27314,1.27689,1.26938,1,0.0,0.5,0,1.27327,0.697,0.271,0,0.0,0.0,1.27412,0.0,0.0,0,0,0,0.192,0.0,-0.0097,0.188,0.172,0,0.762,1,0.191,1.2732,1.27441,0.991,0.162,0.0,2,0.4,0,0.842,1.272,3.0,0.424,0.427,1,1.27327,8,0.739,0.0,0.408,0.0,0.14,0.829,0.937,1.27615,1.25904,1.26697,235982.0289,-8366.6828,1,1.27566,0.537,0.0,0.0,0.0,0.0,0,0.7,1,2,1768,0.8,0.541,0.39,27.0,27.0,0.2559,105.5,0.0,1,1,0.807,1.23714,1,0,0.655,1.27505,1,0.768,0.108,0.892,0.0,1.0,1.0,0.36,0.0,0.5,0.0,0.43,0.532,0.5,0.458,0.0,0.627,0.0,0,0,0.408,0.547,0.0,0.717,0.0,0.467,0.634,0.0,0.593,0.438,0.0,1.0,0.761
7644,2021.09.16 08:34:40,GBPCHFm,BREAKOUT,SELL,2,1.27516,1.27674,1.27327,1.2,0.265,1.27312,1.2742,1.27277,0,1.024,0.075,1.9303,1.27323,1.27314,1.27689,1.26938,1,0.0,0.5,0,1.27327,0.697,0.271,0,0.0,0.0,1.27412,0.0,0.0,0,0,0,0.192,0.0,-0.0097,0.188,0.103,0,0.762,1,0.191,1.2732,1.27527,1.863,0.103,0.0,2,0.4,0,0.842,1.303,3.0,0.434,0.43,1,1.27327,8,0.739,0.0,0.429,0.0,0.14,0.829,0.958,1.27615,1.25904,1.26697,235982.0289,-8366.6828,1,1.27566,0.537,0.0,0.0,0.0,0.0,0,0.7,1,2,1768,0.8,0.541,0.39,27.0,27.0,0.2559,105.5,0.0,1,1,0.807,1.23714,1,0,0.655,1.27505,1,0.104,0.108,0.892,0.0,1.0,1.0,0.6,0.0,0.5,0.0,0.578,0.415,0.5,0.404,0.0,0.59,0.0,0,0,0.408,0.428,0.0,0.813,0.0,0.477,0.846,0.0,0.586,0.438,0.0,1.0,0.761
7645,2021.09.16 08:34:59,GBPCHFm,PULLBACK,SELL,2,1.27512,1.2767,1.27327,1.17,0.165,1.27312,1.2742,1.27277,0,1.024,0.075,1.8924,1.27323,1.27314,1.27689,1.26938,1,0.0,0.5,0,1.27327,0.697,0.271,0,0.0,0.0,1.27412,0.0,0.0,0,0,0,0.192,0.0,-0.0097,0.188,0.103,0,0.762,1,0.191,1.2732,1.27527,1.825,0.141,0.0,2,0.4,0,0.842,1.303,3.0,0.434,0.43,1,1.27327,8,0.739,0.0,0.429,0.0,0.14,0.829,0.958,1.27615,1.25904,1.26697,235982.0289,-8366.6828,1,1.27566,0.537,0.0,0.0,0.0,0.0,0,0.7,1,2,1768,0.8,0.541,0.39,27.0,27.0,0.2559,105.5,0.0,1,1,0.807,1.23714,1,0,0.655,1.27505,1,0.066,0.108,0.892,0.0,1.0,1.0,0.6,0.0,0.5,0.0,0.578,0.423,0.5,0.404,0.0,0.59,0.0,0,0,0.403,0.428,0.0,0.813,0.0,0.477,0.839,0.0,0.586,0.438,0.0,1.0,0.761
7646,2021.09.16 08:35:00,GBPCHFm,TREND_CONTINUATION,SELL,2,1.27514,1.27641,1.27327,1.48,0.196,1.27312,1.2742,1.27277,0,1.024,0.075,1.9114,1.27323,1.27314,1.27689,1.26938,1,0.0,0.5,0,1.27327,0.697,0.271,0,0.0,0.0,1.27412,0.0,0.0,0,0,0,0.192,0.0,-0.0097,0.188,0.103,0,0.762,1,0.191,1.2732,1.27527,1.844,0.122,0.0,2,0.4,0,0.842,1.303,3.0,0.434,0.43,1,1.27327,8,0.739,0.0,0.429,0.0,0.14,0.829,0.958,1.27615,1.25904,1.26697,235982.0289,-8366.6828,1,1.27566,0.537,0.0,0.0,0.0,0.0,0,0.7,1,2,1768,0.8,0.541,0.39,27.0,27.0,0.2559,105.5,0.0,1,1,0.807,1.23714,1,0,0.655,1.27505,1,0.085,0.108,0.892,0.0,1.0,1.0,0.61,0.0,0.5,0.0,0.653,0.456,0.5,0.394,0.0,0.554,0.0,0,0,0.366,0.428,0.0,0.813,0.0,0.493,0.842,0.0,0.586,0.438,0.0,1.0,0.761
7650,2021.09.16 10:00:59,GBPCHFm,ANCHORED_PULLBACK,BUY,2,1.27695,1.27617,1.27916,2.83,0.512,1.2731,1.27559,1.27277,0,1.135,0.268,2.8957,1.27293,1.27587,1.27825,1.27075,1,0.0,0.65,2,1.27331,0.765,0.412,0,0.0,0.0,1.27654,0.0,0.0,0,0,0,0.75,0.72,0.1322,0.72,0.373,2,0.474,0,0.678,1.27516,1.277,1.23,0.26,0.0,2,0.15,0,0.554,1.182,3.0,0.394,0.439,1,1.27516,2,0.55,0.0,0.248,0.216,0.188,0.805,0.92,1.27615,1.25904,1.26697,235982.0289,-8366.6828,1,1.27566,0.537,0.0,0.0,0.0,0.0,0,0.7,1,2,1770,0.79,0.543,0.393,27.0,27.0,0.2181,123.8,0.0,1,1,0.807,1.23714,0,0,0.0,1.27505,1,32.16,0.108,0.892,0.0,1.0,1.0,0.84,0.0,0.5,0.0,0.933,0.551,0.5,0.444,0.0,0.314,0.0,0,0,0.289,0.425,0.0,0.447,0.0,0.566,0.848,0.0,0.571,0.438,0.0,1.0,0.84
7652,2021.09.16 10:34:40,GBPCHFm,BREAKOUT,BUY,2,1.27719,1.27541,1.28028,1.74,0.44,1.2731,1.27559,1.27277,0,1.135,0.268,3.0896,1.27293,1.27587,1.27825,1.27075,1,0.0,0.65,2,1.27331,0.765,0.412,0,0.0,0.0,1.27654,0.0,0.0,0,0,0,0.75,0.72,0.1322,0.72,0.082,2,0.474,0,0.678,1.27516,1.277,1.424,0.066,0.0,2,0.15,0,0.554,1.352,3.09,0.438,0.459,1,1.27516,2,0.55,0.0,0.336,0.216,0.188,0.805,0.92,1.27615,1.25904,1.26697,235982.0289,-8366.6828,1,1.27566,0.537,0.0,0.0,0.0,0.0,0,0.7,1,2,1770,0.79,0.543,0.393,27.0,27.0,0.2181,123.8,0.0,1,1,0.807,1.23714,0,0,0.0,1.27505,1,32.354,0.108,0.892,0.0,1.0,1.0,0.79,0.0,0.5,0.0,1.0,0.438,0.5,0.49,0.0,0.304,0.0,0,0,0.306,0.363,0.0,0.447,0.0,0.566,0.861,0.0,0.574,0.438,0.0,1.0,0.84
7653,2021.09.16 10:34:59,GBPCHFm,PULLBACK,BUY,2,1.27725,1.27669,1.27853,2.27,0.405,1.2731,1.27559,1.27277,0,1.135,0.268,3.1381,1.27293,1.27587,1.27825,1.27075,1,0.0,0.65,2,1.27331,0.765,0.412,0,0.0,0.0,1.27654,0.0,0.0,0,0,0,0.75,0.72,0.1322,0.72,0.082,2,0.474,0,0.678,1.27516,1.277,1.473,0.017,0.0,2,0.15,0,0.554,1.374,3.138,0.438,0.462,1,1.27516,2,0.55,0.0,0.336,0.216,0.188,0.805,0.92,1.27615,1.25904,1.26697,235982.0289,-8366.6828,1,1.27566,0.537,0.0,0.0,0.0,0.0,0,0.7,1,2,1770,0.79,0.543,0.393,27.0,27.0,0.2181,123.8,0.0,1,1,0.807,1.23714,0,0,0.0,1.27505,1,32.403,0.108,0.892,0.0,1.0,1.0,0.79,0.0,0.5,0.0,1.0,0.433,0.5,0.49,0.0,0.304,0.0,0,0,0.309,0.363,0.0,0.447,0.0,0.566,0.861,0.0,0.574,0.438,0.0,1.0,0.84
7654,2021.09.16 10:35:00,GBPCHFm,TREND_CONTINUATION,BUY,2,1.27727,1.27578,1.28036,2.08,0.477,1.2731,1.27559,1.27277,0,1.135,0.268,3.1542,1.27293,1.27587,1.27825,1.27075,1,0.0,0.65,2,1.27331,0.765,0.412,0,0.0,0.0,1.27654,0.0,0.0,0,0,0,0.75,0.72,0.1322,0.72,0.082,2,0.474,0,0.678,1.27516,1.277,1.489,0.001,0.0,2,0.15,0,0.554,1.381,3.154,0.438,0.462,1,1.27516,2,0.55,0.0,0.336,0.216,0.188,0.805,0.92,1.27615,1.25904,1.26697,235982.0289,-8366.6828,1,1.27566,0.537,0.0,0.0,0.0,0.0,0,0.7,1,2,1770,0.79,0.543,0.393,27.0,27.0,0.2181,123.8,0.0,1,1,0.807,1.23714,0,0,0.0,1.27505,1,32.419,0.108,0.892,0.0,1.0,1.0,0.8,0.0,0.5,0.0,1.0,0.38,0.5,0.467,0.0,0.311,0.0,0,0,0.337,0.363,0.0,0.447,0.0,0.569,0.861,0.0,0.574,0.438,0.0,1.0,0.84
7658,2021.09.16 12:00:59,GBPCHFm,ANCHORED_PULLBACK,BUY,2,1.27997,1.27946,1.28233,4.59,0.432,1.27646,1.27774,1.27461,0,2.46,0.078,2.4679,1.27316,1.27663,1.27835,1.27079,0,0.0,0.55,0,1.27646,0.66,0.077,0,0.0,0.0,1.27936,0.0,0.0,0,0,1,0.9,0.79,0.4062,0.79,0.148,2,0.598,1,0.003,1.27632,1.27959,2.576,0.085,0.0,2,0.15,0,0.598,1.284,3.0,0.428,0.398,1,1.27646,8,0.732,0.0,0.316,0.237,0.053,0.969,0.841,1.27615,1.25908,1.26701,226414.0641,-9567.9648,1,1.27566,0.536,0.0,0.0,0.0,0.0,0,0.162,1,2,1772,0.79,0.543,0.393,27.0,27.0,0.2055,131.4,0.0,1,1,0.807,1.23714,0,0,0.0,1.27505,1,32.606,0.111,0.889,0.0,1.0,1.0,0.96,0.0,0.5,0.0,1.0,0.667,0.5,0.519,0.0,0.522,0.0,0,0,0.464,0.217,0.0,0.19,0.0,1.0,0.864,0.0,0.567,0.438,0.0,1.0,0.882
7660,2021.09.16 12:34:40,GBPCHFm,BREAKOUT,BUY,2,1.28004,1.27741,1.28332,1.25,0.47,1.27646,1.27774,1.27461,0,2.46,0.078,2.5212,1.27316,1.27663,1.27835,1.27079,0,0.0,0.55,0,1.27646,0.66,0.077,0,0.0,0.0,1.27936,0.0,0.0,0,0,1,0.9,0.79,0.4062,0.79,0.148,2,0.598,1,0.003,1.27632,1.27959,2.629,0.139,0.0,2,0.15,0,0.598,1.284,3.0,0.428,0.398,1,1.27646,8,0.732,0.0,0.316,0.237,0.053,0.969,0.841,1.27615,1.25908,1.26701,226414.0641,-9567.9648,1,1.27566,0.536,0.0,0.0,0.0,0.0,0,0.162,1,2,1772,0.79,0.543,0.393,27.0,27.0,0.2055,131.4,0.0,1,1,0.807,1.23714,0,0,0.0,1.27505,1,32.659,0.111,0.889,0.0,1.0,1.0,0.54,0.0,0.5,0.084,0.516,0.637,0.5,0.507,0.0,0.388,0.0,0,0,0.389,0.217,0.0,0.428,0.0,1.0,0.864,0.0,0.567,0.4,0.0,1.0,0.902
7661,2021.09.16 12:34:59,GBPCHFm,PULLBACK,BUY,2,1.28012,1.2795,1.28406,6.36,0.441,1.27646,1.27774,1.27461,0,2.46,0.078,2.5821,1.27316,1.27663,1.27835,1.27079,0,0.0,0.55,0,1.27646,0.66,0.077,0,0.0,0.0,1.27936,0.0,0.0,0,0,1,0.9,0.79,0.4062,0.79,0.148,2,0.598,1,0.003,1.27632,1.27959,2.69,0.2,0.0,2,0.15,0,0.598,1.284,3.0,0.428,0.398,1,1.27646,8,0.732,0.0,0.316,0.237,0.053,0.969,0.841,1.27615,1.25908,1.26701,226414.0641,-9567.9648,1,1.27566,0.536,0.0,0.0,0.0,0.0,0,0.162,1,2,1772,0.79,0.543,0.393,27.0,27.0,0.2055,131.4,0.0,1,1,0.807,1.23714,0,0,0.0,1.27505,1,32.72,0.111,0.889,0.0,1.0,1.0,0.6,0.0,0.5,0.0,0.516,0.62,0.5,0.507,0.0,0.388,0.0,0,0,0.379,0.217,0.0,0.428,0.0,1.0,0.864,0.0,0.567,0.4,0.0,1.0,0.902
7662,2021.09.16 12:35:00,GBPCHFm,TREND_CONTINUATION,BUY,2,1.28016,1.27858,1.28344,2.08,0.517,1.27646,1.27774,1.27461,0,2.46,0.078,2.6125,1.27316,1.27663,1.27835,1.27079,0,0.0,0.55,0,1.27646,0.66,0.077,0,0.0,0.0,1.27936,0.0,0.0,0,0,1,0.9,0.79,0.4062,0.79,0.148,2,0.598,1,0.003,1.27632,1.27959,2.721,0.23,0.0,2,0.15,0,0.598,1.284,3.0,0.428,0.398,1,1.27646,8,0.732,0.0,0.316,0.237,0.053,0.969,0.841,1.27615,1.25908,1.26701,226414.0641,-9567.9648,1,1.27566,0.536,0.0,0.0,0.0,0.0,0,0.162,1,2,1772,0.79,0.543,0.393,27.0,27.0,0.2055,131.4,0.0,1,1,0.807,1.23714,0,0,0.0,1.27505,1,32.75,0.111,0.889,0.0,1.0,1.0,0.65,0.0,0.5,0.0,0.448,0.611,0.5,0.731,0.0,0.427,0.0,0,0,0.457,0.217,0.0,0.428,0.0,1.0,0.864,0.0,0.567,0.4,0.0,1.0,0.902
7666,2021.09.16 14:00:00,GBPCHFm,MEAN_REVERSION,BUY,4,1.27653,1.27528,1.27782,1.03,0.571,1.27946,1.28035,1.27729,0,0.741,0.238,-2.0459,1.2731,1.27602,1.27937,1.27118,1,0.0,0.6,0,1.27946,0.728,0.426,0,0.0,0.0,1.2776,0.0,0.0,0,0,0,1.0,0.86,0.5436,0.86,0.54,2,0.561,0,0.564,1.27754,1.27589,0.822,0.238,0.0,2,0.15,0,0.561,1.107,3.0,0.369,0.414,1,1.27754,2,0.55,0.0,0.198,0.258,0.165,0.776,0.744,1.27615,1.25908,1.26701,226414.0641,-9567.9648,1,1.27566,0.536,0.0,0.0,0.0,0.0,0,0.162,1,2,1774,0.79,0.543,0.393,27.0,27.0,0.1728,156.3,0.0,1,1,0.807,1.23714,0,0,0.0,1.27505,1,25.204,0.111,0.889,0.0,1.0,1.0,0.3,0.0,0.5,0.0,0.33,0.502,0.5,0.43,0.0,0.679,0.0,0,0,0.402,0.485,0.0,0.31,0.0,0.993,0.395,0.0,0.545,0.4,0.0,1.0,0.863
7668,2021.09.16 14:34:59,GBPCHFm,PULLBACK,BUY,4,1.27517,1.27283,1.27782,1.13,0.485,1.27946,1.28035,1.27729,0,0.741,0.238,-2.9161,1.2731,1.27602,1.27937,1.27118,1,0.0,0.6,0,1.27946,0.728,0.426,0,0.0,0.0,1.2776,0.0,0.0,0,0,0,1.0,0.86,0.5436,0.86,0.243,2,0.561,0,0.564,1.27754,1.27589,1.692,0.632,0.0,2,0.15,0,0.561,1.241,3.0,0.414,0.43,1,1.27754,2,0.55,0.0,0.287,0.258,0.165,0.776,0.744,1.27615,1.25908,1.26701,226414.0641,-9567.9648,1,1.27566,0.536,0.0,0.0,0.0,0.0,0,0.162,1,2,1774,0.79,0.543,0.393,27.0,27.0,0.1728,156.3,0.0,1,1,0.807,1.23714,0,0,0.0,1.27505,1,24.334,0.111,0.889,0.0,1.0,1.0,0.7,0.0,0.5,0.0,1.0,0.481,0.5,0.44,0.0,0.352,0.0,0,0,0.284,0.376,0.0,0.443,0.0,0.61,0.295,0.0,0.559,0.4,0.0,1.0,0.863
7669,2021.09.16 14:35:00,GBPCHFm,TREND_CONTINUATION,BUY,4,1.27516,1.27328,1.27782,1.42,0.569,1.27946,1.28035,1.27729,0,0.741,0.238,-2.9225,1.2731,1.27602,1.27937,1.27118,1,0.0,0.6,0,1.27946,0.728,0.426,0,0.0,0.0,1.2776,0.0,0.0,0,0,0,1.0,0.86,0.5436,0.86,0.243,2,0.561,0,0.564,1.27754,1.27589,1.699,0.638,0.0,2,0.15,0,0.561,1.241,3.0,0.414,0.43,1,1.27754,2,0.55,0.0,0.287,0.258,0.165,0.776,0.744,1.27615,1.25908,1.26701,226414.0641,-9567.9648,1,1.27566,0.536,0.0,0.0,0.0,0.0,0,0.162,1,2,1774,0.79,0.543,0.393,27.0,27.0,0.1728,156.3,0.0,1,1,0.807,1.23714,0,0,0.0,1.27505,1,24.327,0.111,0.889,0.0,1.0,1.0,0.69,0.0,0.5,0.0,1.0,0.509,0.5,0.444,0.0,0.342,0.0,0,0,0.276,0.376,0.0,0.443,0.0,0.61,0.295,0.0,0.559,0.4,0.0,1.0,0.863
7672,2021.09.16 15:15:00,GBPCHFm,SWEEP_REVERSAL,BUY,4,1.27413,1.27236,1.27785,2.11,0.244,1.27943,1.28045,1.27595,0,2.041,0.043,-3.1476,1.2731,1.27602,1.27937,1.27118,1,0.0,0.55,2,1.27943,0.689,0.204,0,0.0,0.0,1.27416,0.0,0.0,0,0,0,1.0,0.72,0.4336,0.72,0.194,2,0.507,3,0.476,1.27758,1.27369,2.106,0.094,0.0,2,0.4,0,0.507,1.325,3.148,0.421,0.356,1,1.27758,2,0.55,0.0,0.402,0.216,0.14,0.598,0.796,1.27615,1.25908,1.26701,226414.0641,-9567.9648,1,1.27566,0.536,0.0,0.0,0.0,0.0,0,0.162,1,2,1775,0.79,0.543,0.393,27.0,27.0,0.1527,176.9,0.0,1,1,0.807,1.23714,0,0,0.0,1.27505,1,20.915,0.111,0.889,0.0,1.0,1.0,0.61,0.0,0.5,0.0,0.591,0.621,0.5,0.48,0.0,0.438,0.0,0,0,0.392,0.288,0.0,0.321,0.0,0.71,0.276,0.0,0.529,0.4,0.0,1.0,0.863
7674,2021.09.16 16:00:00,GBPCHFm,BREAKOUT_RETEST,BUY,4,1.2752,1.27464,1.28215,12.48,0.829,1.27492,1.27881,1.27267,1,0.004,1.098,0.0042,1.2731,1.27602,1.27937,1.27118,1,0.0,0.75,0,1.27943,0.689,0.176,0,0.0,0.0,1.2751,0.0,0.0,0,0,0,1.0,0.755,0.241,0.755,1.0,1,0.232,3,0.508,1.27513,1.27574,0.106,0.437,0.882,0,0.55,2,1.0,1.35,3.0,0.45,0.503,2,1.27267,5,0.6,0.788,0.22,0.926,0.193,0.914,0.792,1.27615,1.25865,1.26689,212329.2526,-14084.8115,1,1.27566,0.567,0.0,0.0,0.0,0.0,0,0.72,1,2,1776,0.79,0.543,0.393,27.0,27.0,0.1454,185.7,0.0,1,1,0.807,1.23714,0,0,0.0,1.27505,1,20.494,0.125,0.875,0.0,1.0,1.0,0.18,0.0,0.5,0.0,0.779,0.437,0.5,0.534,0.0,0.326,0.0,0,0,0.328,0.745,0.0,0.551,0.0,0.876,0.43,0.0,0.466,0.4,0.0,1.0,0.93
7676,2021.09.16 16:35:40,GBPCHFm,BREAKOUT,BUY,4,1.27638,1.27501,1.28102,3.38,0.407,1.27492,1.27881,1.27267,1,0.004,1.098,0.6396,1.2731,1.27602,1.27937,1.27118,1,0.0,0.75,0,1.27943,0.689,0.176,0,0.0,0.0,1.2751,0.0,0.0,0,0,0,1.0,0.755,0.241,0.755,0.398,2,0.532,3,0.508,1.27513,1.27574,0.529,0.199,0.0,2,0.25,0,0.612,1.171,3.0,0.39,0.43,1,1.27492,1,0.7,0.0,0.281,0.226,0.088,0.914,0.792,1.27615,1.25865,1.26689,212329.2526,-14084.8115,1,1.27566,0.567,0.0,0.0,0.0,0.0,0,0.72,1,2,1776,0.79,0.543,0.393,27.0,27.0,0.1454,185.7,0.0,1,1,0.807,1.23714,0,0,0.0,1.27505,1,21.129,0.125,0.875,0.0,1.0,1.0,0.79,0.0,0.5,0.0,0.951,0.401,0.5,0.529,0.0,0.19,0.0,0,0,0.294,0.648,0.0,0.359,0.0,0.612,0.537,0.0,0.509,0.4,0.0,1.0,0.928
7677,2021.09.16 16:35:59,GBPCHFm,PULLBACK,BUY,4,1.27638,1.27519,1.27964,2.74,0.625,1.27492,1.27881,1.27267,1,0.004,1.098,0.6396,1.2731,1.27602,1.27937,1.27118,1,0.0,0.75,0,1.27943,0.689,0.176,0,0.0,0.0,1.2751,0.0,0.0,0,0,0,1.0,0.755,0.241,0.755,0.398,2,0.532,3,0.508,1.27513,1.27574,0.529,0.199,0.0,2,0.25,0,0.612,1.171,3.0,0.39,0.43,1,1.27492,1,0.7,0.0,0.281,0.226,0.088,0.914,0.792,1.27615,1.25865,1.26689,212329.2526,-14084.8115,1,1.27566,0.567,0.0,0.0,0.0,0.0,0,0.72,1,2,1776,0.79,0.543,0.393,27.0,27.0,0.1454,185.7,0.0,1,1,0.807,1.23714,0,0,0.0,1.27505,1,21.129,0.125,0.875,0.0,1.0,1.0,0.78,0.0,0.5,0.0,0.951,0.41,0.5,0.529,0.0,0.19,0.0,0,0,0.289,0.648,0.0,0.359,0.0,0.612,0.537,0.0,0.509,0.4,0.0,1.0,0.928
7678,2021.09.16 16:36:00,GBPCHFm,TREND_CONTINUATION,BUY,4,1.27639,1.27416,1.28103,2.08,0.558,1.27492,1.27881,1.27267,1,0.004,1.098,0.6449,1.2731,1.27602,1.27937,1.27118,1,0.0,0.75,0,1.27943,0.689,0.176,0,0.0,0.0,1.2751,0.0,0.0,0,0,0,1.0,0.755,0.241,0.755,0.398,2,0.532,3,0.508,1.27513,1.27574,0.535,0.204,0.0,2,0.25,0,0.612,1.171,3.0,0.39,0.43,1,1.27492,1,0.7,0.0,0.281,0.226,0.088,0.914,0.792,1.27615,1.25865,1.26689,212329.2526,-14084.8115,1,1.27566,0.567,0.0,0.0,0.0,0.0,0,0.72,1,2,1776,0.79,0.543,0.393,27.0,27.0,0.1454,185.7,0.0,1,1,0.807,1.23714,0,0,0.0,1.27505,1,21.135,0.125,0.875,0.0,1.0,1.0,0.79,0.0,0.5,0.0,0.951,0.432,0.5,0.529,0.0,0.19,0.0,0,0,0.275,0.648,0.0,0.359,0.0,0.612,0.537,0.0,0.509,0.4,0.0,1.0,0.928
7682,2021.09.16 18:00:00,GBPCHFm,ANCHORED_PULLBACK,BUY,3,1.27756,1.27688,1.27879,1.8,0.419,1.27606,1.27641,1.27384,0,0.618,0.033,0.6178,1.2731,1.27602,1.27937,1.27118,1,0.0,0.55,0,1.27489,0.716,0.004,0,0.0,0.0,1.27666,0.0,0.0,0,0,0,0.623,-0.4756,-0.0457,0.476,0.097,1,0.316,0,0.724,1.27606,1.27699,0.618,0.15,-0.4487,1,0.4,5,1.0,1.006,3.0,0.335,0.523,2,1.27606,1,0.7,0.0,0.731,0.143,0.585,1.0,0.823,1.27615,1.25865,1.26689,212329.2526,-14084.8115,1,1.27566,0.567,0.0,0.0,0.0,0.0,0,0.72,1,2,1778,0.79,0.543,0.393,27.0,27.0,0.1351,199.8,0.0,1,1,0.807,1.23714,0,0,0.0,1.27505,1,20.232,0.125,0.875,0.0,1.0,1.0,0.93,0.0,0.5,0.0,1.0,0.617,0.5,0.512,0.0,0.185,0.0,0,0,0.297,0.207,0.0,0.359,0.0,0.294,0.714,0.0,0.467,0.4,0.0,1.0,0.581
7684,2021.09.16 19:00:00,GBPCHFm,BREAKOUT,BUY,3,1.27843,1.27601,1.28351,2.1,0.564,1.27376,1.27631,1.2734,0,1.089,0.015,2.1634,1.2731,1.27602,1.27937,1.27118,1,0.0,0.6,2,1.27376,0.748,0.115,0,0.0,0.0,0.0,0.0,0.0,0,0,0,0.75,-0.545,-0.0622,0.545,0.088,1,0.284,0,0.527,1.27595,1.27813,1.089,0.015,0.168,0,0.4,2,0.945,1.761,3.0,0.587,0.556,2,1.27595,2,0.55,0.0,0.434,0.863,0.245,0.868,0.922,1.27615,1.25865,1.26689,212329.2526,-14084.8115,1,1.27566,0.567,0.0,0.0,0.0,0.0,0,0.72,1,2,1779,0.79,0.543,0.393,27.0,27.0,0.1329,203.2,0.0,1,1,0.807,1.23714,0,0,0.0,1.27505,1,20.318,0.125,0.875,0.0,1.0,1.0,0.92,0.0,0.5,0.0,0.393,0.723,0.5,0.474,0.0,0.441,0.0,0,0,0.452,0.242,0.0,0.39,0.0,0.69,0.706,0.0,0.448,0.4,0.0,1.0,0.75
7686,2021.09.16 23:00:00,GBPCHFm,BREAKOUT,BUY,1,1.28024,1.27883,1.2852,3.52,0.406,1.27811,1.27884,1.27755,0,0.611,0.041,0.937,1.27342,1.27825,1.27937,1.27118,0,0.0,0.4,0,1.27811,0.63,0.609,0,0.0,0.0,1.27909,0.0,0.0,0,0,1,0.675,0.51,0.0953,0.51,0.011,2,0.632,0,0.593,1.27868,1.27981,0.652,0.081,-0.0621,1,0.4,0,0.632,1.345,3.0,0.448,0.415,1,1.27811,8,0.726,0.0,0.757,0.153,0.259,0.688,0.992,1.27615,1.25865,1.26689,226328.9835,13999.7309,2,1.27566,0.583,0.0,0.0,0.0,0.0,0,0.447,1,2,1783,0.797,0.527,0.4,27.0,172.3,0.1362,198.2,0.0,1,1,0.807,1.23714,0,0,0.0,1.27505,1,21.744,0.091,0.909,0.0,0.0,1.0,0.99,0.0,0.5,0.0,1.0,0.621,0.5,0.562,0.0,0.296,0.0,0,0,0.36,0.302,0.0,0.516,0.0,0.216,0.873,0.0,0.524,0.4,0.0,1.0,0.851
7687,2021.09.16 23:00:40,GBPCHFm,PULLBACK,BUY,1,1.28039,1.27916,1.28634,4.84,0.363,1.27811,1.27884,1.27755,0,0.611,0.041,1.0127,1.27342,1.27825,1.27937,1.27118,0,0.0,0.4,0,1.27811,0.63,0.609,0,0.0,0.0,1.27909,0.0,0.0,0,0,1,0.675,0.51,0.0953,0.51,0.011,0,0.812,0,0.593,1.27868,1.27981,0.727,0.157,0.0,2,0.4,0,0.812,1.345,3.0,0.448,0.46,1,1.27811,8,0.726,0.0,0.457,0.153,0.259,0.688,0.992,1.27615,1.25865,1.26689,226328.9835,13999.7309,2,1.27566,0.583,0.0,0.0,0.0,0.0,0,0.447,1,2,1783,0.797,0.527,0.4,27.0,167.7,0.1362,198.2,0.0,1,1,0.807,1.23714,0,0,0.0,1.27505,1,21.82,0.091,0.909,0.0,0.0,1.0,0.99,0.0,0.5,0.0,1.0,0.664,0.5,0.562,0.0,0.346,0.0,0,0,0.406,0.358,0.0,0.506,0.0,0.325,0.88,0.0,0.538,0.4,0.0,1.0,0.91
7690,2021.09.17 00:04:20,GBPCHFm,TREND_CONTINUATION,BUY,1,1.27957,1.2773,1.2843,2.08,0.443,1.27868,1.27894,1.27742,0,0.095,0.083,0.3259,1.2781,1.27825,1.27937,1.27118,1,0.0,0.45,0,1.27851,0.74,0.84,0,0.0,0.0,0.0,1.27827,0.669,0,0,1,0.75,0.72,0.2258,0.72,0.678,2,0.622,0,0.782,1.27936,1.2797,0.031,0.21,0.0,2,0.15,0,0.622,0.189,0.542,0.348,0.349,0,1.27868,1,0.7,0.937,0.157,0.216,0.209,0.766,0.929,1.27615,1.25865,1.26689,230536.1783,4207.1948,2,1.27566,0.606,0.0,0.0,0.0,0.0,0,0.178,1,2,1784,0.797,0.527,0.4,27.0,27.0,0.1427,189.1,0.0,1,1,0.807,1.23714,0,0,0.0,1.27505,1,22.433,0.091,0.909,0.0,0.0,1.0,0.01,0.0,0.5,0.0,1.0,0.447,0.5,0.576,0.0,0.087,0.0,0,0,0.239,0.627,0.0,0.554,0.0,0.369,0.739,0.0,0.543,0.4,0.0,1.0,0.973
7692,2021.09.17 00:41:20,GBPCHFm,BREAKOUT_RETEST,BUY,1,1.27913,1.27856,1.27997,1.48,0.477,1.27868,1.27894,1.27742,1,0.095,0.083,0.0933,1.2781,1.27825,1.27937,1.27118,1,0.0,0.45,0,1.27851,0.74,0.84,0,0.0,0.0,0.0,1.27827,0.669,0,0,1,0.75,0.72,0.2258,0.72,0.38,2,0.622,0,0.782,1.2786,1.2797,0.138,0.443,0.0,2,0.15,0,0.622,0.174,0.443,0.393,0.375,1,1.27827,6,0.65,0.724,0.246,0.216,0.209,0.988,0.929,1.27615,1.25865,1.26689,230536.1783,4207.1948,2,1.27566,0.606,0.0,0.0,0.0,0.0,0,0.178,1,2,1784,0.797,0.527,0.4,27.0,27.0,0.1427,189.1,0.0,1,1,0.807,1.23714,0,0,0.0,1.27505,1,22.2,0.091,0.909,0.0,0.0,1.0,0.0,0.0,0.5,0.0,0.676,0.246,0.5,0.588,0.0,0.36,0.0,0,0,0.473,0.704,0.0,0.582,0.0,0.44,0.565,0.0,0.525,0.4,0.0,1.0,0.884
7694,2021.09.17 01:24:40,GBPCHFm,BREAKOUT,BUY,1,1.27952,1.27877,1.28399,5.99,0.238,1.27936,1.27961,1.27826,1,0.015,0.553,-0.0613,1.2781,1.27825,1.27937,1.27118,1,0.0,0.4,0,1.27936,0.8,0.164,0,0.0,0.0,0.0,1.27827,0.244,0,0,0,0.55,0.755,0.3229,0.755,0.833,2,0.63,2,0.052,1.27944,1.2797,0.109,0.25,0.0,2,0.0,0,0.63,0.178,0.546,0.325,0.294,0,1.27827,6,0.65,0.783,0.05,0.226,0.0,0.871,0.938,1.27615,1.25865,1.26689,230536.1783,4207.1948,2,1.27566,0.606,0.0,0.0,0.0,0.0,0,0.178,1,2,1785,0.797,0.527,0.4,27.0,27.0,0.1511,178.6,0.0,1,1,0.807,1.23714,0,0,0.0,1.27505,1,23.723,0.091,0.909,0.0,0.0,1.0,0.99,0.0,0.5,0.0,0.478,0.714,0.5,0.61,0.0,0.93,0.0,0,0,0.683,0.812,0.0,0.663,0.0,0.071,0.551,0.0,0.56,0.4,0.0,1.0,0.846
7695,2021.09.17 01:31:40,GBPCHFm,PULLBACK,BUY,1,1.27975,1.27707,1.28511,2.0,0.458,1.27936,1.27961,1.27826,1,0.015,0.553,0.0675,1.2781,1.27825,1.27937,1.27118,0,0.0,0.4,0,1.27936,0.8,0.164,0,0.0,0.0,0.0,1.27827,0.244,0,0,0,0.55,0.755,0.3229,0.755,0.672,2,0.63,2,0.052,1.27944,1.2797,0.02,0.122,0.0,2,0.0,0,0.63,0.236,0.675,0.349,0.3,0,1.27827,6,0.65,0.96,0.098,0.226,0.0,0.871,0.938,1.27615,1.25865,1.26689,230536.1783,4207.1948,2,1.27566,0.606,0.0,0.0,0.0,0.0,0,0.178,1,2,1785,0.797,0.527,0.4,27.0,27.0,0.1511,178.6,0.0,1,1,0.807,1.23714,0,0,0.0,1.27505,1,23.852,0.091,0.909,0.0,0.0,1.0,0.99,0.0,0.5,0.0,0.436,0.798,0.5,0.657,0.0,0.892,0.0,0,0,0.733,0.71,0.0,0.556,0.0,0.166,0.65,0.0,0.575,0.4,0.0,1.0,1.013
7696,2021.09.17 02:04:20,GBPCHFm,TREND_CONTINUATION,BUY,1,1.2795,1.27741,1.28385,2.08,0.37,1.27902,1.27961,1.27826,1,0.012,0.959,0.1199,1.2781,1.27825,1.27937,1.27118,1,0.0,0.4,0,1.27868,0.745,0.872,0,0.0,0.0,0.0,1.27827,0.417,0,0,0,0.6,0.615,0.2641,0.615,0.829,0,0.781,2,0.008,1.27902,1.27767,0.12,0.897,0.0,2,0.25,0,0.781,0.292,0.897,0.326,0.318,0,1.27868,8,0.749,0.76,0.151,0.185,0.088,1.0,0.902,1.27615,1.25865,1.26689,230536.1783,4207.1948,2,1.27566,0.606,0.0,0.0,0.0,0.0,0,0.178,1,2,1786,0.797,0.527,0.4,27.0,27.0,0.1552,173.9,0.0,1,1,0.807,1.23714,0,0,0.0,1.27505,0,24.355,0.091,0.909,0.0,0.0,0.5,0.45,0.0,0.5,0.0,0.337,0.379,0.5,0.558,0.0,0.579,0.0,0,0,0.472,0.8,0.0,0.559,0.0,0.338,0.586,0.0,0.561,0.4,0.0,1.0,0.892
7700,2021.09.17 02:41:20,GBPCHFm,BREAKOUT_RETEST,BUY,1,1.27897,1.27836,1.27988,1.49,0.384,1.27902,1.27961,1.27826,1,0.012,0.959,-0.1848,1.2781,1.27825,1.27937,1.27118,1,0.0,0.4,0,1.27868,0.745,0.872,0,0.0,0.0,0.0,1.27827,0.417,0,0,0,0.6,0.615,0.2641,0.615,0.914,0,0.781,2,0.008,1.2786,1.27767,0.058,0.592,0.0,2,0.25,0,0.781,0.185,0.592,0.313,0.295,0,1.27961,4,0.6,0.884,0.126,0.185,0.088,0.915,0.902,1.27615,1.25865,1.26689,230536.1783,4207.1948,2,1.27566,0.606,0.0,0.0,0.0,0.0,0,0.178,1,2,1786,0.797,0.527,0.4,27.0,27.0,0.1552,173.9,0.0,1,1,0.807,1.23714,0,0,0.0,1.27505,0,24.05,0.091,0.909,0.0,0.0,0.5,0.02,0.0,0.5,0.0,0.686,0.345,0.5,0.562,0.0,0.396,0.0,0,0,0.42,0.8,0.0,0.529,0.0,0.338,0.519,0.0,0.562,0.4,0.0,1.0,0.973
7702,2021.09.17 04:03:00,GBPCHFm,BREAKOUT,BUY,1,1.27899,1.27686,1.28255,1.67,0.284,1.27868,1.27927,1.27858,1,0.016,0.131,0.0262,1.27859,1.27825,1.27937,1.27118,1,0.0,0.5,0,1.27868,0.697,0.671,0,0.0,0.0,0.0,1.27827,0.271,0,0,0,0.7,0.685,0.1159,0.685,0.635,2,0.647,0,0.51,1.27865,1.27844,0.051,0.197,0.0,2,0.4,0,0.647,0.111,0.313,0.355,0.294,0,1.27827,6,0.65,0.899,0.27,0.206,0.242,0.927,0.839,1.27517,1.25865,1.26689,237466.0284,6929.8501,2,1.27645,0.536,0.0,0.0,0.0,0.0,0,0.323,1,2,1788,0.797,0.527,0.4,27.0,27.0,0.1899,142.2,0.0,1,1,0.807,1.23714,0,0,0.0,1.27505,0,29.427,0.082,0.918,0.0,0.0,0.5,0.95,0.0,0.5,0.0,1.0,0.357,0.5,0.561,0.0,0.252,0.0,0,0,0.355,0.76,0.0,0.695,0.0,0.214,0.509,0.0,0.555,0.4,0.0,1.0,0.763
7703,2021.09.17 04:03:30,GBPCHFm,MEAN_REVERSION,BUY,1,1.27901,1.27787,1.28114,1.87,0.586,1.27868,1.27927,1.27858,1,0.016,0.131,0.0403,1.27859,1.27825,1.27937,1.27118,1,0.0,0.5,0,1.27868,0.697,0.671,0,0.0,0.0,0.0,1.27827,0.271,0,0,0,0.7,0.685,0.1159,0.685,0.635,2,0.647,0,0.51,1.27865,1.27844,0.065,0.211,0.0,2,0.4,0,0.647,0.116,0.327,0.355,0.295,0,1.27827,6,0.65,0.871,0.27,0.206,0.242,0.927,0.839,1.27517,1.25865,1.26689,237466.0284,6929.8501,2,1.27645,0.536,0.0,0.0,0.0,0.0,0,0.323,1,2,1788,0.797,0.527,0.4,27.0,27.0,0.1899,142.2,0.0,1,1,0.807,1.23714,0,0,0.0,1.27505,0,29.441,0.082,0.918,0.0,0.0,0.5,0.97,0.0,0.5,0.0,1.0,0.373,0.5,0.561,0.0,0.252,0.0,0,0,0.345,0.76,0.0,0.695,0.0,0.214,0.512,0.0,0.555,0.4,0.0,1.0,0.763
7704,2021.09.17 04:04:30,GBPCHFm,TREND_CONTINUATION,BUY,1,1.27902,1.27731,1.28258,2.08,0.405,1.27868,1.27927,1.27858,1,0.016,0.131,0.0473,1.27859,1.27825,1.27937,1.27118,1,0.0,0.5,0,1.27868,0.697,0.671,0,0.0,0.0,0.0,1.27827,0.271,0,0,0,0.7,0.685,0.1159,0.685,0.635,2,0.647,0,0.51,1.27865,1.27844,0.072,0.218,0.0,2,0.4,0,0.647,0.119,0.335,0.355,0.295,0,1.27827,6,0.65,0.857,0.27,0.206,0.242,0.927,0.839,1.27517,1.25865,1.26689,237466.0284,6929.8501,2,1.27645,0.536,0.0,0.0,0.0,0.0,0,0.323,1,2,1788,0.797,0.527,0.4,27.0,27.0,0.1899,142.2,0.0,1,1,0.807,1.23714,0,0,0.0,1.27505,0,29.449,0.082,0.918,0.0,0.0,0.5,0.99,0.0,0.5,0.0,1.0,0.386,0.5,0.561,0.0,0.252,0.0,0,0,0.338,0.76,0.0,0.695,0.0,0.214,0.513,0.0,0.555,0.4,0.0,1.0,0.763
7708,2021.09.17 04:41:30,GBPCHFm,BREAKOUT_RETEST,BUY,1,1.27913,1.2787,1.27989,1.78,0.432,1.27868,1.27927,1.27858,1,0.016,0.131,0.1246,1.27859,1.27825,1.27937,1.27118,1,0.0,0.5,0,1.27868,0.697,0.671,0,0.0,0.0,0.0,1.27827,0.271,0,0,0,0.7,0.685,0.1159,0.685,0.402,2,0.647,0,0.51,1.27865,1.27844,0.149,0.296,0.0,2,0.4,0,0.647,0.161,0.412,0.39,0.3,0,1.27827,6,0.65,0.702,0.339,0.206,0.242,0.927,0.839,1.27517,1.25865,1.26689,237466.0284,6929.8501,2,1.27645,0.536,0.0,0.0,0.0,0.0,0,0.323,1,2,1788,0.797,0.527,0.4,27.0,27.0,0.1899,142.2,0.0,1,1,0.807,1.23714,0,0,0.0,1.27505,0,29.526,0.082,0.918,0.0,0.0,0.5,0.96,0.0,0.5,0.0,1.0,0.588,0.5,0.581,0.0,0.243,0.0,0,0,0.324,0.742,0.0,0.695,0.0,0.236,0.525,0.0,0.555,0.4,0.0,1.0,0.763
7710,2021.09.17 05:00:00,GBPCHFm,ANCHORED_PULLBACK,BUY,1,1.27957,1.27842,1.28179,1.93,0.616,1.27864,1.27922,1.27845,0,0.095,0.029,0.5282,1.27861,1.27825,1.27937,1.27118,1,0.0,0.5,0,1.27864,0.663,0.484,0,0.0,0.0,1.27879,0.0,0.0,0,0,0,1.0,0.895,0.0955,0.895,0.104,2,0.625,3,0.42,1.27918,1.27934,0.095,0.029,0.0603,0,0.15,2,0.789,1.753,3.0,0.584,0.511,2,1.27864,8,0.733,0.811,0.329,0.968,0.053,0.637,0.899,1.27517,1.25865,1.26689,237466.0284,6929.8501,2,1.27645,0.536,0.0,0.0,0.0,0.0,0,0.323,1,2,1789,0.797,0.527,0.4,27.0,27.0,0.2172,124.3,0.0,1,1,0.807,1.23714,0,0,0.0,1.27505,0,34.139,0.082,0.918,0.0,0.0,0.5,0.97,0.0,0.5,0.0,0.827,0.737,0.5,0.541,0.0,0.251,0.0,0,0,0.405,0.646,0.0,0.868,0.0,0.484,0.655,0.0,0.497,0.4,0.0,1.0,1.009
7711,2021.09.17 05:00:40,GBPCHFm,PULLBACK,BUY,1,1.2797,1.27784,1.28343,2.0,0.485,1.27864,1.27922,1.27845,0,0.095,0.029,0.6328,1.27861,1.27825,1.27937,1.27118,0,0.0,0.5,0,1.27864,0.663,0.484,0,0.0,0.0,1.27879,0.0,0.0,0,0,0,1.0,0.895,0.0955,0.895,0.214,2,0.644,3,0.42,1.27918,1.27934,0.199,0.075,0.0,2,0.15,0,0.644,1.254,3.0,0.418,0.417,1,1.27864,8,0.733,0.602,0.296,0.269,0.053,0.637,0.899,1.27517,1.25865,1.26689,237466.0284,6929.8501,2,1.27645,0.536,0.0,0.0,0.0,0.0,0,0.323,1,2,1789,0.797,0.527,0.4,27.0,27.0,0.2172,124.3,0.0,1,1,0.807,1.23714,0,0,0.0,1.27505,0,34.244,0.082,0.918,0.0,0.0,0.5,0.99,0.0,0.5,0.0,0.984,0.776,0.5,0.562,0.0,0.251,0.0,0,0,0.435,0.499,0.0,0.653,0.0,0.295,0.849,0.0,0.584,0.4,0.0,1.0,0.974
7714,2021.09.17 06:04:40,GBPCHFm,MEAN_REVERSION,BUY,1,1.2788,1.27788,1.27964,0.91,0.607,1.27871,1.27937,1.27849,1,0.183,0.355,-0.1537,1.27861,1.27825,1.28012,1.27118,1,0.0,0.5,0,1.27871,0.708,0.0,1,0.0,0.0,1.27964,0.0,0.0,0,0,0,1.0,0.93,0.0988,0.93,0.401,2,0.625,0,0.374,1.27871,1.27835,0.154,0.154,0.0,2,0.0,4,0.587,1.469,3.0,0.49,0.468,1,1.27937,4,0.6,0.693,0.18,0.279,0.075,0.82,0.868,1.27517,1.25865,1.26689,237466.0284,6929.8501,2,1.27645,0.536,0.0,0.0,0.0,0.0,0,0.323,1,2,1790,0.79,0.526,0.399,27.0,27.0,0.2348,115.0,0.0,1,1,0.807,1.23714,0,0,0.0,1.27505,0,36.226,0.082,0.918,0.0,0.0,0.5,0.0,0.0,0.5,0.0,0.286,0.224,0.5,0.659,0.0,0.503,0.0,0,0,0.565,0.752,0.0,0.458,0.0,0.345,0.497,0.0,0.524,0.4,0.0,1.0,0.825
7715,2021.09.17 06:18:00,GBPCHFm,BREAKOUT,BUY,1,1.27938,1.27886,1.28004,1.27,0.412,1.27871,1.27937,1.27849,1,0.183,0.355,0.3507,1.27861,1.27825,1.28012,1.27118,1,0.0,0.5,0,1.27871,0.708,0.0,1,0.0,0.0,1.27964,0.0,0.0,0,0,0,1.0,0.93,0.0988,0.93,0.76,2,0.625,0,0.374,1.27915,1.27986,0.034,0.65,0.0,2,0.0,4,0.587,1.308,3.0,0.436,0.449,1,1.27871,8,0.742,0.932,0.072,0.279,0.075,0.824,0.843,1.27517,1.25865,1.26689,237466.0284,6929.8501,2,1.27645,0.536,0.0,0.0,0.0,0.0,0,0.323,1,2,1790,0.79,0.526,0.399,27.0,27.0,0.2348,115.0,0.0,1,1,0.807,1.23714,0,0,0.0,1.27505,0,36.73,0.082,0.918,0.0,0.0,0.5,0.97,0.0,0.5,0.0,0.221,0.396,0.5,0.66,0.0,0.647,0.0,0,0,0.52,0.816,0.0,0.539,0.0,0.345,0.588,0.0,0.551,0.4,0.0,1.0,0.872
7716,2021.09.17 06:19:40,GBPCHFm,TREND_CONTINUATION,BUY,1,1.27957,1.27819,1.28245,2.08,0.59,1.27871,1.27937,1.27849,1,0.183,0.355,0.5159,1.27861,1.27825,1.28012,1.27118,1,0.0,0.5,0,1.27871,0.708,0.0,1,0.0,0.0,1.27964,0.0,0.0,0,0,0,1.0,0.93,0.0988,0.93,0.291,2,0.625,0,0.374,1.27915,1.27986,0.131,0.485,0.0,2,0.0,4,0.587,1.519,3.0,0.506,0.474,1,1.27871,8,0.742,0.738,0.213,0.279,0.075,0.824,0.843,1.27517,1.25865,1.26689,237466.0284,6929.8501,2,1.27645,0.536,0.0,0.0,0.0,0.0,0,0.323,1,2,1790,0.79,0.526,0.399,27.0,27.0,0.2348,115.0,0.0,1,1,0.807,1.23714,0,0,0.0,1.27505,0,36.896,0.082,0.918,0.0,0.0,0.5,0.99,0.0,0.5,0.0,0.299,0.491,0.5,0.714,0.0,0.698,0.0,0,0,0.499,0.709,0.0,0.493,0.0,0.314,0.437,0.0,0.523,0.4,0.0,1.0,0.864
7720,2021.09.17 06:45:40,GBPCHFm,BREAKOUT_RETEST,BUY,1,1.2788,1.27846,1.27964,2.44,0.624,1.27871,1.27937,1.27849,1,0.183,0.355,-0.1537,1.27861,1.27825,1.28012,1.27118,1,0.0,0.5,0,1.27871,0.708,0.0,1,0.0,0.0,1.27964,0.0,0.0,0,0,0,1.0,0.93,0.0988,0.93,0.401,2,0.625,0,0.374,1.27871,1.27835,0.154,0.154,0.0,2,0.0,4,0.587,1.469,3.0,0.49,0.468,1,1.27937,4,0.6,0.693,0.18,0.279,0.075,0.82,0.868,1.27517,1.25865,1.26689,237466.0284,6929.8501,2,1.27645,0.536,0.0,0.0,0.0,0.0,0,0.323,1,2,1790,0.79,0.526,0.399,27.0,27.0,0.2348,115.0,0.0,1,1,0.807,1.23714,0,0,0.0,1.27505,0,36.226,0.082,0.918,0.0,0.0,0.5,0.42,0.0,0.5,0.0,0.286,0.432,0.5,0.543,0.0,0.702,0.0,0,0,0.484,0.752,0.0,0.458,0.0,0.378,0.497,0.0,0.524,0.4,0.0,1.0,0.825
7722,2021.09.17 07:00:40,GBPCHFm,ANCHORED_PULLBACK,BUY,1,1.27881,1.27826,1.27928,0.86,0.529,1.27863,1.27928,1.27837,1,0.04,0.308,-0.0746,1.27861,1.27825,1.28012,1.27118,1,0.0,0.45,0,1.27863,0.674,0.422,0,0.0,0.0,1.27851,0.0,0.0,0,0,0,0.765,0.7548,0.0456,0.755,0.657,0,0.673,1,0.095,1.27863,1.27812,0.075,0.361,0.0,2,0.25,0,0.673,1.054,3.0,0.351,0.351,1,1.27928,4,0.6,0.851,0.203,0.226,0.088,0.681,0.961,1.27517,1.25865,1.26689,237466.0284,6929.8501,2,1.27645,0.536,0.0,0.0,0.0,0.0,0,0.323,1,2,1791,0.79,0.526,0.399,27.0,27.0,0.2329,115.9,0.0,1,1,0.807,1.23714,0,0,0.0,1.27505,0,35.945,0.082,0.918,0.0,0.0,0.5,0.7,0.0,0.5,0.0,0.411,0.475,0.5,0.535,0.0,0.868,0.0,0,0,0.523,0.8,0.0,0.444,0.0,0.296,0.544,0.0,0.615,0.4,0.0,1.0,0.812
7724,2021.09.17 07:03:20,GBPCHFm,SWEEP_REVERSAL,BUY,1,1.27856,1.2774,1.27955,0.86,0.191,1.27863,1.27928,1.27837,0,0.04,0.308,-0.2903,1.27861,1.27825,1.28012,1.27118,1,0.0,0.45,0,1.27863,0.674,0.422,0,0.0,0.0,1.27851,0.0,0.0,0,0,0,0.765,0.7548,0.0456,0.755,0.154,0,0.673,1,0.095,1.27863,1.27812,0.29,0.145,0.0,2,0.25,0,0.673,1.281,3.0,0.427,0.377,1,1.27928,4,0.6,0.419,0.354,0.226,0.088,0.681,0.961,1.27517,1.25865,1.26689,237466.0284,6929.8501,2,1.27645,0.536,0.0,0.0,0.0,0.0,0,0.323,1,2,1791,0.79,0.526,0.399,27.0,27.0,0.2329,115.9,0.0,1,1,0.807,1.23714,0,0,0.0,1.27505,0,35.729,0.082,0.918,0.0,0.0,0.5,0.04,0.0,0.5,0.0,0.473,0.414,0.5,0.535,0.0,0.829,0.0,0,0,0.544,0.883,0.0,0.583,0.0,0.327,0.46,0.0,0.578,0.4,0.0,1.0,0.925
7726,2021.09.17 13:00:00,GBPCHFm,BREAKOUT,BUY,4,1.28097,1.27888,1.28445,1.67,0.25,1.28038,1.28067,1.2783,0,0.091,0.051,0.2333,1.27902,1.27826,1.28012,1.27119,0,0.0,0.6,2,1.28038,0.721,0.048,0,0.0,0.0,0.0,0.0,0.0,0,0,1,0.177,0.0,0.0085,0.353,0.138,2,0.37,3,0.491,1.28038,1.28077,0.233,0.051,0.1852,0,0.15,0,0.37,1.288,3.0,0.429,0.388,1,1.2783,5,0.6,0.533,0.318,0.3,0.053,0.853,0.87,1.27615,1.25865,1.27111,353443.9603,-6715.5812,1,1.27645,0.517,0.0,0.0,0.0,0.0,0,0.212,1,2,1797,0.79,0.526,0.399,27.0,27.0,0.1938,139.3,0.0,1,1,0.807,1.23714,0,0,0.0,1.27505,0,31.468,0.059,0.941,0.0,1.0,0.5,0.95,0.0,0.5,0.0,1.0,0.567,0.5,0.517,0.0,0.451,0.0,0,0,0.376,0.493,0.0,0.333,0.1,0.896,0.716,0.0,0.539,0.438,0.0,1.0,0.918
7728,2021.09.17 15:16:40,GBPCHFm,SWEEP_REVERSAL,BUY,4,1.28038,1.27985,1.28096,1.11,0.586,1.27973,1.28069,1.27929,1,0.024,0.363,0.249,1.27937,1.27886,1.28081,1.27144,1,0.0,0.55,0,1.27973,0.762,0.346,0,0.0,0.0,0.0,0.0,0.0,0,1,0,0.5,0.545,0.0863,0.545,0.551,0,0.722,0,0.316,1.27967,1.27916,0.291,0.63,0.0,2,0.55,6,0.75,0.652,3.0,0.217,0.33,0,1.28069,4,0.6,0.417,0.555,0.164,0.556,0.878,0.869,1.27615,1.25865,1.27111,353443.9603,-6715.5812,1,1.27645,0.517,0.0,0.0,0.0,0.0,0,0.212,1,2,1799,0.79,0.526,0.399,27.0,27.0,0.1788,151.0,0.0,1,1,0.807,1.23714,0,0,0.0,1.27505,0,28.636,0.059,0.941,0.0,1.0,0.5,0.05,0.0,0.5,0.0,0.0,0.536,0.5,0.0,0.0,0.0,0.0,0,0,0.022,0.0,0.0,0.0,0.1,0.0,0.5,0.0,0.0,0.0,0.0,0.0,0.0
7730,2021.09.17 16:00:00,GBPCHFm,TREND_CONTINUATION,BUY,4,1.28051,1.27873,1.28422,2.08,0.372,1.28039,1.28071,1.27945,1,0.018,0.661,-0.1031,1.2797,1.27964,1.28081,1.27144,1,0.0,0.5,0,1.27976,0.748,0.474,0,0.0,0.0,0.0,0.0,0.0,0,0,0,0.55,0.58,0.1408,0.58,0.929,2,0.422,0,0.575,1.28039,1.28102,0.103,0.528,-0.0998,1,0.55,5,0.876,0.632,3.0,0.211,0.397,1,1.27976,8,0.75,0.794,0.541,0.174,0.608,0.917,0.71,1.27615,1.25891,1.26768,265395.2206,-88048.7397,1,1.27645,0.428,0.0,0.0,0.0,0.0,0,0.115,1,2,1800,0.79,0.522,0.402,27.0,27.0,0.182,148.4,0.0,1,1,0.807,1.23714,0,0,0.0,1.27505,1,29.234,0.25,0.75,0.0,1.0,1.0,0.54,0.0,0.5,0.0,0.581,0.534,0.5,0.507,0.0,0.3,0.0,0,0,0.293,0.665,0.0,0.693,0.067,0.217,0.573,0.0,0.5,0.438,0.0,1.0,0.641
7731,2021.09.17 16:00:20,GBPCHFm,BREAKOUT,BUY,4,1.28056,1.27833,1.28427,1.67,0.272,1.28039,1.28071,1.27945,1,0.018,0.661,-0.0694,1.2797,1.27964,1.28081,1.27144,1,0.0,0.5,0,1.27976,0.748,0.474,0,0.0,0.0,0.0,0.0,0.0,0,0,0,0.55,0.58,0.1408,0.58,0.929,0,0.688,0,0.575,1.28039,1.28102,0.069,0.494,0.0,2,0.25,0,0.688,0.932,3.0,0.311,0.43,1,1.27976,8,0.75,0.861,0.121,0.174,0.203,0.917,0.71,1.27615,1.25891,1.26768,265395.2206,-88048.7397,1,1.27645,0.428,0.0,0.0,0.0,0.0,0,0.115,1,2,1800,0.79,0.522,0.402,27.0,27.0,0.182,148.4,0.0,1,1,0.807,1.23714,0,0,0.0,1.27505,1,29.267,0.25,0.75,0.0,1.0,1.0,0.73,0.0,0.5,0.0,0.726,0.547,0.5,0.533,0.0,0.318,0.0,0,0,0.315,0.8,0.0,0.74,0.067,0.37,0.583,0.0,0.558,0.438,0.0,1.0,0.839
7732,2021.09.17 16:00:20,GBPCHFm,BREAKOUT_RETEST,BUY,4,1.28056,1.28011,1.28161,2.35,0.401,1.28039,1.28071,1.27945,1,0.018,0.661,-0.0694,1.2797,1.27964,1.28081,1.27144,1,0.0,0.5,0,1.27976,0.748,0.474,0,0.0,0.0,0.0,0.0,0.0,0,0,0,0.55,0.58,0.1408,0.58,0.929,0,0.688,0,0.575,1.28039,1.28102,0.069,0.494,0.0,2,0.25,0,0.688,0.932,3.0,0.311,0.43,1,1.27976,8,0.75,0.861,0.121,0.174,0.203,0.917,0.71,1.27615,1.25891,1.26768,265395.2206,-88048.7397,1,1.27645,0.428,0.0,0.0,0.0,0.0,0,0.115,1,2,1800,0.79,0.522,0.402,27.0,27.0,0.182,148.4,0.0,1,1,0.807,1.23714,0,0,0.0,1.27505,1,29.267,0.25,0.75,0.0,1.0,1.0,0.72,0.0,0.5,0.0,0.726,0.547,0.5,0.533,0.0,0.318,0.0,0,0,0.315,0.8,0.0,0.74,0.067,0.37,0.583,0.0,0.558,0.438,0.0,1.0,0.839
7736,2021.09.17 16:02:20,GBPCHFm,PULLBACK,BUY,4,1.28048,1.27988,1.28108,1.01,0.475,1.28039,1.28071,1.27945,1,0.018,0.661,-0.1234,1.2797,1.27964,1.28081,1.27144,1,0.0,0.5,0,1.27976,0.748,0.474,0,0.0,0.0,0.0,0.0,0.0,0,0,0,0.55,0.58,0.1408,0.58,0.929,0,0.688,0,0.575,1.28039,1.28102,0.123,0.548,0.0,2,0.25,0,0.688,0.932,3.0,0.311,0.43,1,1.27976,8,0.75,0.753,0.121,0.174,0.203,0.917,0.71,1.27615,1.25891,1.26768,265395.2206,-88048.7397,1,1.27645,0.428,0.0,0.0,0.0,0.0,0,0.115,1,2,1800,0.79,0.522,0.402,27.0,27.0,0.182,148.4,0.0,1,1,0.807,1.23714,0,0,0.0,1.27505,1,29.213,0.25,0.75,0.0,1.0,1.0,0.42,0.0,0.5,0.0,0.631,0.587,0.5,0.533,0.0,0.318,0.0,0,0,0.339,0.8,0.0,0.74,0.067,0.37,0.575,0.0,0.558,0.438,0.0,1.0,0.839
7738,2021.09.17 18:00:00,GBPCHFm,TREND_CONTINUATION,BUY,3,1.28145,1.27953,1.28545,2.08,0.547,1.27968,1.28057,1.27934,0,0.509,0.253,0.9357,1.27965,1.27903,1.28101,1.27151,0,0.0,0.45,0,1.27968,0.799,0.0,1,0.0,0.0,0.0,0.0,0.0,0,0,1,0.975,0.825,0.203,0.825,0.486,0,0.66,1,0.059,1.2803,1.28132,0.551,0.089,-0.1708,1,0.15,0,0.66,1.132,3.0,0.377,0.396,1,1.27968,8,0.76,0.0,0.514,0.247,0.053,0.91,0.469,1.27615,1.25891,1.26768,265395.2206,-88048.7397,1,1.27645,0.428,0.0,0.0,0.0,0.0,0,0.115,1,2,1802,0.79,0.522,0.402,27.0,27.0,0.1689,159.9,0.0,1,1,0.807,1.23714,0,0,0.0,1.27505,0,27.718,0.25,0.75,0.0,1.0,0.5,0.77,0.0,0.5,0.0,0.723,0.474,0.5,0.544,0.0,0.257,0.0,0,0,0.282,0.466,0.0,0.238,0.193,0.29,0.865,0.0,0.525,0.438,0.0,1.0,0.896
7739,2021.09.17 18:00:20,GBPCHFm,BREAKOUT,BUY,3,1.28145,1.28048,1.28545,4.11,0.496,1.27968,1.28057,1.27934,0,0.509,0.253,0.9357,1.27965,1.27903,1.28101,1.27151,0,0.0,0.45,0,1.27968,0.799,0.0,1,0.0,0.0,0.0,0.0,0.0,0,0,1,0.975,0.825,0.203,0.825,0.486,0,0.66,1,0.059,1.2803,1.28132,0.551,0.089,0.0,2,0.15,4,0.598,1.432,3.0,0.477,0.415,1,1.27968,8,0.76,0.0,0.214,0.247,0.053,0.91,0.469,1.27615,1.25891,1.26768,265395.2206,-88048.7397,1,1.27645,0.428,0.0,0.0,0.0,0.0,0,0.115,1,2,1802,0.79,0.522,0.402,27.0,27.0,0.1689,159.9,0.0,1,1,0.807,1.23714,0,0,0.0,1.27505,0,27.718,0.25,0.75,0.0,1.0,0.5,0.77,0.0,0.5,0.0,0.579,0.475,0.5,0.477,0.0,0.258,0.0,0,0,0.262,0.364,0.0,0.19,0.161,0.353,0.818,0.0,0.486,0.438,0.0,1.0,0.894
7742,2021.09.17 18:11:40,GBPCHFm,BREAKOUT_RETEST,BUY,3,1.28077,1.28029,1.28146,1.43,0.588,1.27968,1.28057,1.27934,1,0.509,0.253,0.5103,1.27965,1.27903,1.28101,1.27151,1,0.0,0.45,0,1.27968,0.799,0.0,1,0.0,0.0,0.0,0.0,0.0,0,0,1,0.975,0.825,0.203,0.825,0.513,0,0.66,1,0.059,1.2803,1.28078,0.126,0.173,0.0,2,0.15,4,0.598,1.419,3.0,0.473,0.414,1,1.27968,8,0.76,0.748,0.206,0.247,0.053,0.91,0.571,1.27615,1.25891,1.26768,265395.2206,-88048.7397,1,1.27645,0.428,0.0,0.0,0.0,0.0,0,0.115,1,2,1802,0.79,0.522,0.402,27.0,27.0,0.1689,159.9,0.0,1,1,0.807,1.23714,0,0,0.0,1.27505,0,27.293,0.25,0.75,0.0,1.0,0.5,0.0,0.0,0.5,0.0,0.425,0.375,0.5,0.372,0.0,0.255,0.0,0,0,0.289,0.465,0.0,0.246,0.12,0.291,0.633,0.0,0.481,0.438,0.0,1.0,0.801
7744,2021.09.17 18:12:40,GBPCHFm,PULLBACK,BUY,3,1.28053,1.27979,1.28128,1.02,0.614,1.27968,1.28057,1.27934,1,0.509,0.253,0.3602,1.27965,1.27903,1.28101,1.27151,1,0.0,0.45,0,1.27968,0.799,0.0,1,0.0,0.0,0.0,0.0,0.0,0,0,1,0.975,0.825,0.203,0.825,0.964,0,0.66,1,0.059,1.2803,1.28078,0.024,0.323,0.0,2,0.15,4,0.598,1.216,3.0,0.405,0.39,1,1.27968,8,0.76,0.952,0.071,0.247,0.053,0.91,0.571,1.27615,1.25891,1.26768,265395.2206,-88048.7397,1,1.27645,0.428,0.0,0.0,0.0,0.0,0,0.115,1,2,1802,0.79,0.522,0.402,27.0,27.0,0.1689,159.9,0.0,1,1,0.807,1.23714,0,0,0.0,1.27505,0,27.143,0.25,0.75,0.0,1.0,0.5,0.0,0.0,0.5,0.0,0.362,0.329,0.5,0.379,0.0,0.26,0.0,0,0,0.32,0.617,0.0,0.475,0.112,0.321,0.598,0.0,0.505,0.438,0.0,1.0,0.809
7746,2021.09.17 20:06:00,GBPCHFm,TREND_CONTINUATION,BUY,3,1.28105,1.27913,1.28505,2.08,0.494,1.28094,1.28126,1.28035,1,0.225,0.115,-0.1002,1.27965,1.27903,1.2818,1.2723,1,0.0,0.5,0,1.28094,0.674,0.806,0,0.0,0.0,1.28089,0.0,0.0,0,0,0,0.75,0.895,0.1984,0.895,0.679,0,0.699,0,0.643,1.28089,1.28139,0.072,0.383,0.0,2,0.15,0,0.699,1.045,3.0,0.348,0.457,1,0.0,0,0.0,0.856,0.156,0.269,0.181,0.823,0.789,1.27615,1.25899,1.26776,292466.0391,27070.8185,2,1.27645,0.435,0.0,0.0,0.0,0.0,0,0.05,1,2,1804,0.79,0.522,0.402,27.0,27.0,0.1688,159.9,0.0,1,1,0.807,1.23714,0,0,0.0,1.27505,1,27.456,0.083,0.917,0.0,0.0,1.0,0.6,0.0,0.5,0.0,0.411,0.404,0.5,0.591,0.0,0.461,0.0,0,0,0.419,0.8,0.0,0.716,0.1,0.229,0.461,0.0,0.544,0.438,0.0,1.0,0.802
7747,2021.09.17 20:12:00,GBPCHFm,BREAKOUT_RETEST,BUY,3,1.28069,1.28021,1.28121,1.08,0.521,1.28094,1.28126,1.28035,1,0.225,0.115,-0.3253,1.27965,1.27903,1.2818,1.2723,1,0.0,0.5,0,1.28094,0.674,0.806,0,0.0,0.0,1.28089,0.0,0.0,0,0,0,0.75,0.895,0.1984,0.895,0.495,0,0.699,0,0.643,1.28089,1.28013,0.297,0.184,0.0,2,0.15,0,0.699,1.127,3.0,0.376,0.467,1,1.28094,8,0.735,0.406,0.211,0.269,0.181,0.823,0.93,1.27615,1.25899,1.26776,292466.0391,27070.8185,2,1.27645,0.435,0.0,0.0,0.0,0.0,0,0.05,1,2,1804,0.79,0.522,0.402,27.0,27.0,0.1688,159.9,0.0,1,1,0.807,1.23714,0,0,0.0,1.27505,1,27.231,0.083,0.917,0.0,0.0,1.0,0.34,0.0,0.5,0.0,0.374,0.364,0.5,0.566,0.0,0.38,0.0,0,0,0.403,0.781,0.0,0.796,0.1,0.213,0.434,0.0,0.52,0.438,0.0,1.0,0.834
7750,2021.09.17 20:45:20,GBPCHFm,MEAN_REVERSION,BUY,3,1.28016,1.27888,1.28121,0.82,0.647,1.28094,1.28126,1.28035,0,0.225,0.115,-0.6567,1.27965,1.27903,1.2818,1.2723,1,0.0,0.5,0,1.28094,0.674,0.806,0,0.0,0.0,1.28089,0.0,0.0,0,0,0,0.75,0.895,0.1984,0.895,0.022,0,0.699,0,0.643,1.28089,1.28013,0.628,0.147,0.0,2,0.15,0,0.699,1.34,3.0,0.447,0.492,1,1.28094,8,0.735,0.0,0.354,0.269,0.181,0.823,0.93,1.27615,1.25899,1.26776,292466.0391,27070.8185,2,1.27645,0.435,0.0,0.0,0.0,0.0,0,0.05,1,2,1804,0.79,0.522,0.402,27.0,27.0,0.1688,159.9,0.0,1,1,0.807,1.23714,0,0,0.0,1.27505,1,26.9,0.083,0.917,0.0,0.0,1.0,0.0,0.0,0.5,0.0,1.0,0.339,0.5,0.546,0.0,0.38,0.0,0,0,0.413,0.488,0.0,1.0,0.1,0.269,0.487,0.0,0.52,0.5,0.0,1.0,0.886
7752,2021.09.17 20:52:40,GBPCHFm,SWEEP_REVERSAL,BUY,3,1.27992,1.27832,1.28121,0.81,0.213,1.28094,1.28126,1.28035,0,0.225,0.115,-0.8068,1.27965,1.27903,1.2818,1.2723,1,0.0,0.5,0,1.28094,0.674,0.806,0,0.0,0.0,1.28089,0.0,0.0,0,0,0,0.75,0.895,0.1984,0.895,0.022,0,0.699,0,0.643,1.28089,1.28013,0.778,0.297,0.0,2,0.15,0,0.699,1.34,3.0,0.447,0.492,1,1.28094,8,0.735,0.0,0.354,0.269,0.181,0.823,0.93,1.27615,1.25899,1.26776,292466.0391,27070.8185,2,1.27645,0.435,0.0,0.0,0.0,0.0,0,0.05,1,2,1804,0.79,0.522,0.402,27.0,27.0,0.1688,159.9,0.0,1,1,0.807,1.23714,0,0,0.0,1.27505,1,26.749,0.083,0.917,0.0,0.0,1.0,0.0,0.0,0.5,0.0,1.0,0.186,0.5,0.547,0.0,0.351,0.0,0,0,0.493,0.533,0.0,1.0,0.1,0.269,0.465,0.0,0.52,0.5,0.0,1.0,0.886
0,2021.09.19 21:00:00,GBPCHFm,TREND_CONTINUATION,BUY,3,1.27938,1.2775,1.28136,1.05,0.523,1.28093,1.28127,1.28031,0,0.915,0.044,-1.263,1.27972,1.27982,1.2818,1.2723,1,0.0,0.35,0,1.28093,0.656,0.535,0,0.0,0.0,1.27983,1.28087,1.228,0,0,0,1.0,0.755,0.145,0.755,0.01,0,0.727,0,0.454,1.28038,1.27929,0.915,0.218,0.0,2,0.4,0,0.727,0.566,1.263,0.448,0.312,0,1.28093,8,0.731,0.0,0.457,0.226,0.231,0.537,0.991,1.27615,1.25899,1.26776,294078.0014,1611.9624,2,1.27645,0.425,0.0,0.0,0.0,0.0,0,0.257,1,2,1805,0.79,0.522,0.402,43.0,43.0,0.2744,156.7,0.0,1,1,0.807,1.23714,0,0,0.0,1.27505,1,26.954,0.083,0.917,0.0,0.0,1.0,0.0,0.0,0.5,0.0,0.618,0.536,0.5,0.752,0.0,0.389,0.0,0,0,0.403,0.356,0.0,1.0,0.1,0.286,0.39,0.0,0.523,0.467,0.0,1.0,0.855
0,2021.09.19 21:00:20,GBPCHFm,NAKED_POC,BUY,3,1.27995,1.27906,1.28087,1.03,0.714,1.28093,1.28127,1.28031,0,0.915,0.044,-0.8992,1.27972,1.27982,1.2818,1.2723,1,0.0,0.35,0,1.28093,0.656,0.535,0,0.0,0.0,1.27983,1.28087,1.228,0,0,0,1.0,0.755,0.145,0.755,0.039,0,0.727,0,0.454,1.28038,1.27929,0.551,0.146,0.0,2,0.4,0,0.727,0.399,0.899,0.444,0.292,0,1.28038,2,0.55,0.0,0.448,0.226,0.231,0.537,0.991,1.27615,1.25899,1.26776,294078.0014,1611.9624,2,1.27645,0.425,0.0,0.0,0.0,0.0,0,0.257,1,2,1805,0.79,0.522,0.402,43.0,43.0,0.2744,156.7,0.0,1,1,0.807,1.23714,0,0,0.0,1.27505,1,27.317,0.083,0.917,0.0,0.0,1.0,0.02,0.0,0.5,0.0,0.71,0.666,0.5,0.827,0.0,0.427,0.0,0,0,0.519,0.51,0.0,1.0,0.1,0.286,0.426,0.0,0.525,0.467,0.0,1.0,0.855
0,2021.09.19 21:00:40,GBPCHFm,PULLBACK,BUY,3,1.27846,1.27611,1.28136,1.23,0.454,1.28093,1.28127,1.28031,0,0.915,0.044,-1.85,1.27972,1.27982,1.2818,1.2723,1,0.0,0.35,0,1.28093,0.656,0.535,0,0.0,0.0,1.27983,1.28087,1.228,0,0,0,1.0,0.755,0.145,0.755,0.01,0,0.727,0,0.454,1.28038,1.27929,1.502,0.805,0.0,2,0.4,0,0.727,0.83,1.85,0.448,0.342,0,1.28093,8,0.731,0.0,0.457,0.226,0.231,0.537,0.991,1.27615,1.25899,1.26776,294078.0014,1611.9624,2,1.27645,0.425,0.0,0.0,0.0,0.0,0,0.257,1,2,1805,0.79,0.522,0.402,43.0,43.0,0.2744,156.7,0.0,1,1,0.807,1.23714,0,0,0.0,1.27505,1,26.366,0.083,0.917,0.0,0.0,1.0,0.0,0.0,0.5,0.0,0.618,0.302,0.5,0.752,0.0,0.389,0.0,0,0,0.5,0.356,0.0,0.784,0.1,0.26,0.356,0.0,0.528,0.467,0.0,1.0,0.855
0,2021.09.19 21:00:59,GBPCHFm,SWEEP_REVERSAL,BUY,3,1.27846,1.27689,1.28136,1.85,0.263,1.28093,1.28127,1.28031,0,0.915,0.044,-1.85,1.27972,1.27982,1.2818,1.2723,1,0.0,0.35,0,1.28093,0.656,0.535,0,0.0,0.0,1.27983,1.28087,1.228,0,0,0,1.0,0.755,0.145,0.755,0.01,0,0.727,0,0.454,1.28038,1.27929,1.502,0.805,0.0,2,0.4,0,0.727,0.83,1.85,0.448,0.342,0,1.28093,8,0.731,0.0,0.457,0.226,0.231,0.537,0.991,1.27615,1.25899,1.26776,294078.0014,1611.9624,2,1.27645,0.425,0.0,0.0,0.0,0.0,0,0.257,1,2,1805,0.79,0.522,0.402,43.0,43.0,0.2744,156.7,0.0,1,1,0.807,1.23714,0,0,0.0,1.27505,1,26.366,0.083,0.917,0.0,0.0,1.0,0.0,0.0,0.5,0.0,0.618,0.248,0.5,0.752,0.0,0.389,0.0,0,0,0.532,0.356,0.0,0.784,0.1,0.26,0.356,0.0,0.528,0.467,0.0,1.0,0.855
0,2021.09.19 21:00:59,GBPCHFm,MEAN_REVERSION,BUY,3,1.27846,1.27721,1.28136,2.31,0.625,1.28093,1.28127,1.28031,0,0.915,0.044,-1.85,1.27972,1.27982,1.2818,1.2723,1,0.0,0.35,0,1.28093,0.656,0.535,0,0.0,0.0,1.27983,1.28087,1.228,0,0,0,1.0,0.755,0.145,0.755,0.01,0,0.727,0,0.454,1.28038,1.27929,1.502,0.805,0.0,2,0.4,0,0.727,0.83,1.85,0.448,0.342,0,1.28093,8,0.731,0.0,0.457,0.226,0.231,0.537,0.991,1.27615,1.25899,1.26776,294078.0014,1611.9624,2,1.27645,0.425,0.0,0.0,0.0,0.0,0,0.257,1,2,1805,0.79,0.522,0.402,43.0,43.0,0.2744,156.7,0.0,1,1,0.807,1.23714,0,0,0.0,1.27505,1,26.366,0.083,0.917,0.0,0.0,1.0,0.0,0.0,0.5,0.0,0.618,0.248,0.5,0.752,0.0,0.389,0.0,0,0,0.532,0.356,0.0,0.784,0.1,0.26,0.356,0.0,0.528,0.467,0.0,1.0,0.855
7754,2021.09.19 23:02:40,GBPCHFm,MEAN_REVERSION,BUY,1,1.27977,1.27912,1.28122,2.25,0.577,1.28095,1.28126,1.27901,1,0.603,1.158,-0.9601,1.27972,1.27903,1.2818,1.2723,1,0.0,0.55,2,1.28095,0.688,0.589,0,0.0,0.0,1.27846,1.28087,0.822,0,0,0,0.543,-0.5971,-0.039,0.597,0.188,2,0.575,3,0.478,1.2787,1.27767,0.53,1.208,0.0,2,0.0,0,0.575,0.509,1.208,0.422,0.337,0,1.27901,5,0.6,0.0,0.244,0.179,0.0,0.595,0.947,1.27615,1.25899,1.26776,294078.0014,1611.9624,2,1.27645,0.425,0.0,0.0,0.0,0.0,0,0.257,1,2,1807,0.79,0.522,0.402,27.0,178.5,0.1785,151.3,0.0,1,1,0.807,1.23714,0,0,0.0,1.27505,1,28.178,0.083,0.917,0.0,0.0,1.0,0.83,0.0,0.5,0.0,1.0,0.561,0.5,0.474,0.0,0.174,0.0,0,0,0.248,0.611,0.0,0.968,0.067,0.584,0.503,0.0,0.513,0.467,0.0,1.0,0.689
7756,2021.09.19 23:03:40,GBPCHFm,NAKED_POC,BUY,1,1.27979,1.27878,1.28087,1.07,0.533,1.28095,1.28126,1.27901,1,0.603,1.158,-0.9469,1.27972,1.27903,1.2818,1.2723,1,0.0,0.55,2,1.28095,0.688,0.589,0,0.0,0.0,1.27846,1.28087,0.822,0,0,0,0.543,-0.5971,-0.039,0.597,0.188,2,0.575,3,0.478,1.2787,1.27767,0.544,1.221,0.0,2,0.0,0,0.575,0.515,1.221,0.422,0.338,0,1.27901,5,0.6,0.0,0.244,0.179,0.0,0.595,0.947,1.27615,1.25899,1.26776,294078.0014,1611.9624,2,1.27645,0.425,0.0,0.0,0.0,0.0,0,0.257,1,2,1807,0.79,0.522,0.402,27.0,168.8,0.1785,151.3,0.0,1,1,0.807,1.23714,0,0,0.0,1.27505,1,28.192,0.083,0.917,0.0,0.0,1.0,0.79,0.0,0.5,0.0,1.0,0.571,0.5,0.474,0.0,0.174,0.0,0,0,0.255,0.611,0.0,0.968,0.067,0.584,0.504,0.0,0.522,0.467,0.0,1.0,0.689
7758,2021.09.19 23:04:40,GBPCHFm,ANCHORED_PULLBACK,BUY,1,1.27976,1.27918,1.28025,0.84,0.18,1.28095,1.28126,1.27901,1,0.603,1.158,-0.9667,1.27972,1.27903,1.2818,1.2723,1,0.0,0.55,2,1.28095,0.688,0.589,0,0.0,0.0,1.27846,1.28087,0.822,0,0,0,0.543,-0.5971,-0.039,0.597,0.188,2,0.575,3,0.478,1.2787,1.27767,0.524,1.201,0.0,2,0.0,0,0.575,0.507,1.201,0.422,0.337,0,1.27901,5,0.6,0.0,0.244,0.179,0.0,0.595,0.947,1.27615,1.25899,1.26776,294078.0014,1611.9624,2,1.27645,0.425,0.0,0.0,0.0,0.0,0,0.257,1,2,1807,0.79,0.522,0.402,27.0,157.3,0.1785,151.3,0.0,1,1,0.807,1.23714,0,0,0.0,1.27505,1,28.172,0.083,0.917,0.0,0.0,1.0,0.72,0.0,0.5,0.0,1.0,0.523,0.5,0.474,0.0,0.174,0.0,0,0,0.225,0.611,0.0,0.968,0.067,0.584,0.502,0.0,0.513,0.467,0.0,1.0,0.689
7760,2021.09.20 01:03:40,GBPCHFm,NAKED_POC,BUY,1,1.27944,1.27848,1.28087,1.49,0.39,1.27949,1.28017,1.27867,1,0.01,1.441,-0.2594,1.27972,1.27903,1.2818,1.2723,1,0.0,0.5,0,1.27949,0.598,0.255,0,0.0,0.0,0.0,1.28087,1.12,0,0,0,0.55,-0.58,-0.115,0.58,0.244,0,0.758,2,0.037,1.27949,1.27754,0.259,1.313,0.0,2,0.25,0,0.758,0.566,1.369,0.413,0.325,0,1.27867,5,0.6,0.481,0.327,0.174,0.088,0.821,0.97,1.26883,1.25899,1.27106,416518.9795,122440.9781,2,1.27572,0.422,1.25067,0.446,0.0,0.0,0,0.029,1,2,1809,0.79,0.522,0.402,27.0,27.0,0.217,124.4,0.0,1,1,0.807,1.23714,0,0,0.0,1.27505,1,33.995,0.022,0.978,0.0,0.0,1.0,0.06,0.0,0.5,0.0,1.0,0.428,0.5,0.579,0.0,0.3,0.0,0,0,0.337,0.8,0.0,1.0,0.0,0.316,0.512,0.0,0.553,0.467,0.0,1.0,0.747
7762,2021.09.20 01:09:40,GBPCHFm,MEAN_REVERSION,BUY,1,1.2793,1.27881,1.27976,0.95,0.642,1.27949,1.28017,1.27867,1,0.01,1.441,-0.3719,1.27972,1.27903,1.2818,1.2723,1,0.0,0.5,0,1.27949,0.598,0.255,0,0.0,0.0,0.0,1.28087,1.12,0,0,0,0.55,-0.58,-0.115,0.58,0.293,0,0.758,2,0.037,1.27859,1.27754,0.354,1.2,0.0,2,0.25,0,0.758,0.602,1.482,0.406,0.302,0,1.27949,8,0.72,0.292,0.312,0.174,0.088,0.6,0.97,1.26883,1.25899,1.27106,416518.9795,122440.9781,2,1.27572,0.422,1.25067,0.446,0.0,0.0,0,0.029,1,2,1809,0.79,0.522,0.402,27.0,27.0,0.217,124.4,0.0,1,1,0.807,1.23714,0,0,0.0,1.27505,1,33.883,0.022,0.978,0.0,0.0,1.0,0.0,0.0,0.5,0.0,0.718,0.299,0.5,0.534,0.0,0.316,0.0,0,0,0.407,0.8,0.0,0.906,0.0,0.135,0.502,0.0,0.546,0.467,0.0,1.0,0.747
7764,2021.09.20 01:53:20,GBPCHFm,SWEEP_REVERSAL,BUY,1,1.27873,1.27749,1.27976,0.83,0.176,1.27949,1.28017,1.27867,0,0.01,1.441,-0.83,1.27972,1.27903,1.2818,1.2723,1,0.0,0.5,0,1.27949,0.598,0.255,0,0.0,0.0,0.0,1.28087,1.12,0,0,0,0.55,-0.58,-0.115,0.58,0.507,0,0.758,2,0.037,1.27859,1.27754,0.104,0.742,0.0,2,0.25,0,0.758,0.725,1.94,0.374,0.316,0,1.27949,8,0.72,0.791,0.248,0.174,0.088,0.6,0.97,1.26883,1.25899,1.27106,416518.9795,122440.9781,2,1.27572,0.422,1.25067,0.446,0.0,0.0,0,0.029,1,2,1809,0.79,0.522,0.402,27.0,27.0,0.217,124.4,0.0,1,1,0.807,1.23714,0,0,0.0,1.27505,1,33.425,0.022,0.978,0.0,0.0,1.0,0.0,0.0,0.5,0.0,0.344,0.5,0.5,0.663,0.0,0.353,0.0,0,0,0.34,0.774,0.0,0.815,0.0,0.229,0.474,0.0,0.545,0.467,0.0,1.0,0.821
7766,2021.09.20 03:03:40,GBPCHFm,NAKED_POC,BUY,1,1.27834,1.27787,1.28087,5.39,0.419,1.2795,1.27982,1.27846,0,0.058,0.098,-1.2235,1.27972,1.27903,1.2818,1.2723,1,0.0,0.75,2,1.27959,0.681,0.185,0,0.0,0.0,0.0,1.28087,2.319,0,0,0,0.975,-0.825,-0.2659,0.825,0.113,2,0.604,3,0.706,1.27823,1.27805,0.135,0.021,0.0,2,0.15,0,0.604,1.038,2.396,0.433,0.431,1,1.27959,8,0.736,0.731,0.326,0.247,0.053,0.742,0.909,1.26883,1.25899,1.27106,416518.9795,122440.9781,2,1.27572,0.422,1.25067,0.446,0.0,0.0,0,0.029,1,2,1811,0.784,0.532,0.399,27.0,27.0,0.2308,117.0,0.0,1,1,0.807,1.23714,0,0,0.0,1.27505,0,35.214,0.022,0.978,0.0,0.0,0.5,0.1,0.0,0.5,0.0,0.648,0.434,0.5,0.526,0.0,0.688,0.0,0,0,0.473,0.495,0.0,0.792,0.0,0.436,0.447,0.0,0.536,0.467,0.0,1.0,0.754
7768,2021.09.20 03:09:40,GBPCHFm,MEAN_REVERSION,BUY,1,1.27838,1.27744,1.27986,1.58,0.592,1.2795,1.27982,1.27846,0,0.058,0.098,-1.1893,1.27972,1.27903,1.2818,1.2723,1,0.0,0.75,2,1.27959,0.681,0.185,0,0.0,0.0,0.0,1.28087,2.319,0,0,0,0.975,-0.825,-0.2659,0.825,0.465,2,0.604,3,0.706,1.27823,1.27805,0.1,0.055,0.0,2,0.15,0,0.604,0.898,2.362,0.38,0.414,1,1.27959,8,0.736,0.799,0.221,0.247,0.053,0.742,0.909,1.26883,1.25899,1.27106,416518.9795,122440.9781,2,1.27572,0.422,1.25067,0.446,0.0,0.0,0,0.029,1,2,1811,0.784,0.532,0.399,27.0,27.0,0.2308,117.0,0.0,1,1,0.807,1.23714,0,0,0.0,1.27505,0,35.248,0.022,0.978,0.0,0.0,0.5,0.41,0.0,0.5,0.0,0.688,0.422,0.5,0.522,0.0,0.794,0.0,0,0,0.521,0.571,0.0,0.792,0.0,0.439,0.452,0.0,0.536,0.467,0.0,1.0,0.754
7770,2021.09.20 03:53:30,GBPCHFm,SWEEP_REVERSAL,BUY,1,1.27869,1.27752,1.27977,0.92,0.161,1.2795,1.27982,1.27846,0,0.058,0.098,-0.9244,1.27972,1.27903,1.2818,1.2723,1,0.0,0.75,2,1.27959,0.681,0.185,0,0.0,0.0,0.0,1.28087,2.319,0,0,0,0.975,-0.825,-0.2659,0.825,0.626,2,0.604,3,0.706,1.2785,1.27805,0.069,0.32,0.0,2,0.15,0,0.604,0.747,2.097,0.356,0.412,1,1.2795,1,0.7,0.862,0.172,0.247,0.053,0.863,0.909,1.26883,1.25899,1.27106,416518.9795,122440.9781,2,1.27572,0.422,1.25067,0.446,0.0,0.0,0,0.029,1,2,1811,0.784,0.532,0.399,27.0,27.0,0.2308,117.0,0.0,1,1,0.807,1.23714,0,0,0.0,1.27505,0,35.513,0.022,0.978,0.0,0.0,0.5,0.3,0.0,0.5,0.0,0.932,0.506,0.5,0.531,0.0,0.401,0.0,0,0,0.324,0.605,0.0,0.792,0.0,0.306,0.492,0.0,0.541,0.467,0.0,1.0,0.754
7772,2021.09.20 05:03:40,GBPCHFm,NAKED_POC,BUY,1,1.27772,1.27604,1.28087,1.87,0.366,1.27828,1.27885,1.27802,0,0.624,0.074,-0.7904,1.27972,1.27903,1.2818,1.27309,1,0.0,0.4,0,1.27828,0.746,0.668,0,0.0,0.0,1.27778,1.28087,3.201,0,0,0,1.0,-0.72,-0.2834,0.72,0.044,0,0.696,0,0.695,1.27823,1.27755,0.741,0.092,0.0,2,0.4,0,0.696,1.449,3.267,0.443,0.488,1,1.27828,8,0.749,0.0,0.447,0.216,0.279,0.949,0.864,1.26883,1.25899,1.27106,414780.9278,-1738.0517,1,1.27643,0.408,1.25067,0.45,0.0,0.0,0,0.194,1,2,1813,0.784,0.532,0.399,27.0,27.0,0.2577,104.8,0.0,1,1,0.807,1.23714,0,0,0.0,1.27505,0,38.727,0.024,0.976,0.0,1.0,0.5,0.08,0.0,0.5,0.0,1.0,0.5,0.5,0.544,0.0,0.236,0.0,0,0,0.258,0.507,0.0,0.788,0.0,0.349,0.406,0.0,0.572,0.467,0.0,1.0,0.7
7774,2021.09.20 05:11:59,GBPCHFm,MEAN_REVERSION,BUY,1,1.27787,1.27703,1.27855,0.81,0.657,1.27828,1.27885,1.27802,0,0.624,0.074,-0.6473,1.27972,1.27903,1.2818,1.27309,1,0.0,0.4,0,1.27828,0.746,0.668,0,0.0,0.0,1.27778,1.28087,3.201,0,0,0,1.0,-0.72,-0.2834,0.72,0.124,0,0.696,0,0.695,1.27823,1.27755,0.597,0.051,0.0,2,0.4,0,0.696,1.348,3.124,0.431,0.477,1,1.27828,8,0.749,0.0,0.423,0.216,0.279,0.949,0.864,1.26883,1.25899,1.27106,414780.9278,-1738.0517,1,1.27643,0.408,1.25067,0.45,0.0,0.0,0,0.194,1,2,1813,0.784,0.532,0.399,27.0,27.0,0.2577,104.8,0.0,1,1,0.807,1.23714,0,0,0.0,1.27505,0,38.87,0.024,0.976,0.0,1.0,0.5,0.77,0.0,0.5,0.0,1.0,0.611,0.5,0.596,0.0,0.272,0.0,0,0,0.354,0.524,0.0,0.788,0.0,0.349,0.426,0.0,0.567,0.467,0.0,1.0,0.7
7776,2021.09.20 05:56:40,GBPCHFm,SWEEP_REVERSAL,BUY,1,1.27824,1.27719,1.27912,0.84,0.303,1.27828,1.27885,1.27802,0,0.624,0.074,-0.2942,1.27972,1.27903,1.2818,1.27309,1,0.0,0.4,0,1.27828,0.746,0.668,0,0.0,0.0,1.27778,1.28087,3.201,0,0,0,1.0,-0.72,-0.2834,0.72,0.234,0,0.696,0,0.695,1.27823,1.27755,0.244,0.404,0.0,2,0.4,0,0.696,1.15,2.771,0.415,0.454,1,1.27885,4,0.6,0.511,0.39,0.216,0.279,0.949,0.864,1.26883,1.25899,1.27106,414780.9278,-1738.0517,1,1.27643,0.408,1.25067,0.45,0.0,0.0,0,0.194,1,2,1813,0.784,0.532,0.399,27.0,27.0,0.2577,104.8,0.0,1,1,0.807,1.23714,0,0,0.0,1.27505,0,39.223,0.024,0.976,0.0,1.0,0.5,0.99,0.0,0.5,0.0,0.473,0.535,0.5,0.66,0.0,0.505,0.0,0,0,0.421,0.633,0.0,0.881,0.0,0.363,0.54,0.0,0.574,0.467,0.0,1.0,0.7
7778,2021.09.20 07:11:59,GBPCHFm,MEAN_REVERSION,BUY,1,1.27629,1.27544,1.27783,1.81,0.552,1.27756,1.27841,1.27737,0,1.327,0.023,-1.4496,1.27965,1.27903,1.2818,1.27309,1,0.0,0.4,0,1.27756,0.642,0.472,0,0.0,0.0,1.27692,1.28087,4.444,0,0,0,1.0,-0.79,-0.2183,0.79,0.057,2,0.604,2,0.047,1.27769,1.27639,1.572,0.345,0.0,2,0.4,0,0.604,0.694,1.572,0.441,0.273,0,1.27756,8,0.728,0.0,0.443,0.237,0.14,0.761,0.969,1.26883,1.25899,1.27106,414780.9278,-1738.0517,1,1.27643,0.408,1.25067,0.45,0.0,0.0,0,0.194,1,2,1815,0.784,0.532,0.399,27.0,27.0,0.254,106.3,0.0,1,1,0.807,1.23714,0,0,0.0,1.27505,0,36.835,0.024,0.976,0.0,1.0,0.5,0.14,0.0,0.5,0.0,0.374,0.536,0.5,0.828,0.0,0.65,0.0,0,0,0.53,0.266,0.0,0.091,0.0,0.383,0.302,0.0,0.583,0.429,0.0,1.0,0.704
7780,2021.09.20 07:56:40,GBPCHFm,SWEEP_REVERSAL,BUY,1,1.27431,1.27325,1.27783,3.31,0.247,1.27756,1.27841,1.27737,0,1.327,0.023,-3.3125,1.27965,1.27903,1.2818,1.27309,1,0.0,0.4,0,1.27756,0.642,0.472,0,0.0,0.0,1.27692,1.28087,4.444,0,0,0,1.0,-0.79,-0.2183,0.79,0.057,2,0.604,2,0.047,1.27769,1.27639,3.435,2.207,0.0,2,0.4,0,0.604,1.517,3.435,0.441,0.369,1,1.27756,8,0.728,0.0,0.443,0.237,0.14,0.761,0.969,1.26883,1.25899,1.27106,414780.9278,-1738.0517,1,1.27643,0.408,1.25067,0.45,0.0,0.0,0,0.194,1,2,1815,0.784,0.532,0.399,27.0,27.0,0.254,106.3,0.0,1,1,0.807,1.23714,0,0,0.0,1.27505,0,34.972,0.024,0.976,0.0,1.0,0.5,0.07,0.0,0.5,0.0,0.442,0.387,0.5,0.418,0.0,0.784,0.0,0,0,0.507,0.266,0.0,0.457,0.0,0.428,0.27,0.0,0.58,0.429,0.0,1.0,0.704
7782,2021.09.20 10:00:00,GBPCHFm,MEAN_REVERSION,BUY,2,1.27416,1.27361,1.27634,4.0,0.476,1.27391,1.27607,1.27348,1,0.017,1.896,-0.0172,1.28019,1.27903,1.28101,1.27309,1,0.0,0.45,0,1.27391,0.768,0.753,0,0.0,0.0,1.27386,1.28087,5.071,0,0,0,1.0,-1.0,-0.435,1.0,1.0,2,0.477,1,0.091,1.27406,1.27334,0.122,0.4,0.0,2,0.0,0,0.477,0.12,0.4,0.3,0.25,0,1.27607,4,0.6,0.757,0.0,0.3,0.0,0.845,0.811,1.26883,1.25899,1.27106,397510.5857,-17270.3421,1,1.27643,0.415,1.25067,0.448,0.0,0.0,0,0.422,1,2,1818,0.784,0.532,0.399,27.0,27.0,0.1961,137.7,0.0,1,1,0.807,1.23714,0,0,0.0,1.27505,0,26.882,0.044,0.956,0.0,1.0,0.5,0.47,0.0,0.5,0.0,0.334,0.41,0.5,0.511,0.0,0.402,0.0,0,0,0.368,0.818,0.0,0.475,0.093,0.674,0.538,0.0,0.567,0.429,0.0,1.0,0.729
7784,2021.09.20 11:30:40,GBPCHFm,SWEEP_REVERSAL,BUY,2,1.27301,1.27159,1.27428,0.9,0.201,1.27401,1.27522,1.27355,0,0.172,0.614,-0.8975,1.28019,1.27903,1.28101,1.27309,0,0.0,0.45,0,1.27401,0.733,0.715,0,0.0,0.0,1.27406,1.28087,4.542,0,0,0,0.8,-0.825,-0.4396,0.825,0.066,2,0.626,0,0.477,1.27401,1.27271,0.898,0.019,0.0,2,0.25,0,0.626,0.395,0.898,0.44,0.322,0,1.27401,8,0.747,0.0,0.38,0.247,0.183,0.777,0.935,1.26883,1.25899,1.27106,397510.5857,-17270.3421,1,1.27643,0.415,1.25067,0.448,0.0,0.0,0,0.422,1,2,1819,0.784,0.532,0.399,27.0,27.0,0.1906,141.6,0.0,1,1,0.807,1.23714,0,0,0.0,1.27505,-1,25.324,0.044,0.956,0.0,1.0,0.0,0.0,0.0,0.5,0.0,0.83,0.28,0.5,0.484,0.0,0.37,0.0,0,0,0.426,0.533,0.0,0.91,0.067,0.49,0.247,0.0,0.541,0.429,0.0,1.0,0.787
7786,2021.09.20 12:00:00,GBPCHFm,MEAN_REVERSION,BUY,2,1.27035,1.26905,1.27413,2.89,0.584,1.27385,1.27521,1.2734,0,2.131,0.093,-2.316,1.28034,1.27924,1.28107,1.27374,0,0.0,0.3,4,1.27385,0.723,0.622,0,0.0,0.0,1.27093,1.28087,6.622,0,0,-1,1.0,-0.825,-0.3793,0.825,0.033,2,0.617,2,0.386,1.27401,1.27038,2.409,0.185,0.0,2,0.4,0,0.697,1.072,2.409,0.445,0.371,1,1.27385,8,0.745,0.0,0.45,0.247,0.29,0.663,0.965,1.26883,1.25899,1.27106,394632.7651,-2877.8207,1,1.26928,0.417,1.25067,0.458,0.0,0.0,0,0.621,1,2,1820,0.798,0.524,0.402,27.0,27.0,0.1656,163.0,0.0,1,1,0.807,1.23714,0,0,0.0,1.27505,0,20.374,0.026,0.974,0.0,1.0,0.5,0.0,0.0,0.5,0.0,0.583,0.276,0.5,0.483,0.0,0.415,0.0,0,0,0.445,0.156,0.0,0.411,0.208,0.588,0.187,0.0,0.544,0.462,0.0,1.0,0.693
7788,2021.09.20 13:52:40,GBPCHFm,SWEEP_REVERSAL,BUY,4,1.27047,1.26932,1.27409,3.16,0.154,1.27382,1.27612,1.27027,0,0.039,0.285,-2.1264,1.28005,1.27934,1.2811,1.27338,0,0.0,0.7,0,1.27382,0.72,0.0,2,0.0,0.0,1.27007,1.28087,6.803,0,0,-1,1.0,-1.0,-0.4833,1.0,0.253,2,0.496,3,0.829,1.26922,1.2688,0.574,0.819,0.0,2,0.15,0,0.576,0.876,2.126,0.412,0.382,1,1.26922,2,0.55,0.0,0.284,0.3,0.053,0.435,0.925,1.26883,1.25899,1.27106,394632.7651,-2877.8207,1,1.26928,0.417,1.25067,0.458,0.0,0.0,0,0.621,1,2,1821,0.798,0.524,0.402,27.0,27.0,0.1586,170.3,0.0,1,1,0.807,1.23714,0,0,0.0,1.27505,0,19.573,0.026,0.974,0.0,1.0,0.5,0.0,0.0,0.5,0.0,0.448,0.532,0.5,0.456,0.0,0.393,0.0,0,0,0.313,0.466,0.0,0.57,0.437,1.0,0.564,0.0,0.52,0.417,0.0,1.0,0.728
7790,2021.09.20 14:23:20,GBPCHFm,MEAN_REVERSION,BUY,4,1.26919,1.26784,1.27115,1.46,0.513,1.27088,1.27254,1.26776,1,0.345,0.244,-1.0481,1.28075,1.27934,1.2811,1.27338,0,0.0,0.65,0,1.27088,0.767,0.605,0,0.0,0.0,0.0,1.28087,4.987,0,0,-1,0.8,-1.0,-0.5137,1.0,0.441,2,0.511,3,0.387,1.26941,1.26868,0.264,0.129,0.0,2,0.15,0,0.591,0.402,1.048,0.384,0.328,0,1.26776,5,0.6,0.473,0.228,0.3,0.053,0.864,0.863,1.26883,1.25899,1.27106,394632.7651,-2877.8207,1,1.26928,0.417,1.25067,0.458,0.0,0.0,0,0.621,1,2,1822,0.798,0.524,0.402,27.0,27.0,0.1441,187.4,0.0,1,1,0.807,1.23714,0,0,0.0,1.27505,0,17.106,0.026,0.974,0.0,1.0,0.5,0.0,0.0,0.5,0.0,0.748,0.35,0.5,0.514,0.0,0.352,0.0,0,0,0.385,0.414,0.0,0.238,0.339,0.872,0.334,0.0,0.495,0.462,0.0,1.0,0.643
7792,2021.09.20 15:53:40,GBPCHFm,SWEEP_REVERSAL,BUY,4,1.26813,1.26602,1.27086,1.29,0.567,1.26818,1.2711,1.268,0,0.006,1.791,-0.1502,1.27367,1.27933,1.28109,1.27332,0,0.0,0.45,2,1.27059,0.774,0.716,0,0.0,0.0,1.26832,1.28087,6.015,1,1,-1,0.8,-0.825,-0.4347,0.825,0.403,2,0.49,1,0.175,1.26818,1.27266,0.15,2.274,0.0,2,0.55,6,0.75,0.545,2.274,0.239,0.315,0,1.27059,8,0.755,0.7,0.599,0.247,0.493,1.0,0.873,1.26883,1.25899,1.27106,394632.7651,-2877.8207,1,1.26928,0.417,1.25067,0.458,0.0,0.0,0,0.621,1,2,1823,0.798,0.524,0.402,27.0,27.0,0.128,210.9,0.0,1,1,0.807,1.23714,0,0,0.0,1.27505,0,14.697,0.026,0.974,0.0,1.0,0.5,0.08,0.0,0.5,0.0,0.0,0.293,0.5,0.0,0.0,0.0,0.0,0,0,0.124,0.0,0.0,0.0,0.0,0.0,0.5,0.0,0.0,0.0,0.0,0.0,0.0
7794,2021.09.20 16:23:20,GBPCHFm,MEAN_REVERSION,BUY,4,1.26668,1.26493,1.2687,1.15,0.529,1.26843,1.2706,1.26779,0,0.591,0.008,-0.9227,1.27373,1.27917,1.28105,1.27353,0,0.0,0.55,0,1.26843,0.764,0.099,0,0.0,0.0,1.26839,1.28087,6.4,0,0,-1,1.0,-1.0,-0.4371,1.0,0.058,2,0.557,3,0.313,1.2683,1.26728,0.864,0.398,0.0,2,0.15,0,0.557,0.407,0.923,0.441,0.32,0,1.26843,8,0.753,0.0,0.343,0.3,0.053,0.932,0.914,1.26883,1.25899,1.27106,425325.3209,30692.5559,2,1.26928,0.454,1.25067,0.453,0.0,0.0,0,0.477,1,2,1824,0.798,0.524,0.402,27.0,27.0,0.1235,218.6,0.0,1,1,0.807,1.23714,0,0,0.0,1.27505,0,13.511,0.022,0.978,0.0,0.0,0.5,0.23,0.0,0.5,0.0,1.0,0.536,0.5,0.505,0.0,0.266,0.0,0,0,0.28,0.302,0.0,0.238,0.378,0.576,0.144,0.0,0.489,0.385,0.0,1.0,0.721
7796,2021.09.20 18:12:40,GBPCHFm,SWEEP_REVERSAL,BUY,3,1.26657,1.26423,1.26855,0.85,0.125,1.26828,1.26928,1.26643,0,0.291,0.928,-0.8463,1.27381,1.27896,1.28099,1.27287,0,0.0,0.5,0,1.26828,0.724,0.112,0,0.0,0.0,0.0,1.28087,5.817,0,0,-1,1.0,-1.0,-0.3788,1.0,0.467,2,0.623,0,0.7,1.26657,1.26957,0.115,1.395,0.0,2,0.0,0,0.623,0.53,1.395,0.38,0.36,1,1.26828,8,0.745,0.77,0.16,0.3,0.14,0.44,0.898,1.26883,1.25899,1.27106,425325.3209,30692.5559,2,1.26928,0.454,1.25067,0.453,0.0,0.0,0,0.477,1,2,1826,0.798,0.524,0.402,27.0,27.0,0.1153,234.2,0.0,1,1,0.807,1.23714,0,0,0.0,1.27505,0,12.565,0.022,0.978,0.0,0.0,0.5,0.0,0.0,0.5,0.0,0.928,0.147,0.5,0.548,0.0,0.21,0.0,0,0,0.46,0.628,0.0,0.143,0.261,0.551,0.211,0.0,0.471,0.385,0.0,1.0,0.855
7798,2021.09.20 18:23:20,GBPCHFm,MEAN_REVERSION,BUY,3,1.26677,1.2649,1.26855,0.95,0.566,1.26828,1.26928,1.26643,1,0.291,0.928,-0.7609,1.27381,1.27896,1.28099,1.27287,0,0.0,0.5,0,1.26828,0.724,0.112,0,0.0,0.0,0.0,1.28087,5.817,0,0,-1,1.0,-1.0,-0.3788,1.0,0.501,2,0.623,0,0.7,1.26657,1.26957,0.03,1.309,0.0,2,0.0,0,0.623,0.491,1.309,0.375,0.356,1,1.26828,8,0.745,0.941,0.15,0.3,0.14,0.44,0.898,1.26883,1.25899,1.27106,425325.3209,30692.5559,2,1.26928,0.454,1.25067,0.453,0.0,0.0,0,0.477,1,2,1826,0.798,0.524,0.402,27.0,27.0,0.1153,234.2,0.0,1,1,0.807,1.23714,0,0,0.0,1.27505,0,12.651,0.022,0.978,0.0,0.0,0.5,0.56,0.0,0.5,0.0,1.0,0.252,0.5,0.565,0.0,0.197,0.0,0,0,0.397,0.655,0.0,0.143,0.233,0.362,0.282,0.0,0.471,0.385,0.0,1.0,0.779
7800,2021.09.20 20:00:00,GBPCHFm,ANCHORED_PULLBACK,BUY,3,1.2678,1.26742,1.26893,2.96,0.488,1.2664,1.2669,1.26568,0,0.411,0.007,0.4558,1.26735,1.27896,1.28099,1.27287,0,0.0,0.55,0,1.2664,0.699,0.794,0,0.0,0.0,1.26717,1.28087,5.395,0,0,-1,0.8,-1.0,-0.3597,1.0,0.155,0,0.687,0,0.445,1.26646,1.26757,0.433,0.015,-0.4077,1,0.15,0,0.687,0.194,0.456,0.427,0.345,0,1.2664,8,0.74,0.133,0.613,0.3,0.141,0.937,0.854,1.26883,1.25899,1.27106,439484.3953,14159.0744,2,1.26928,0.465,1.25067,0.443,0.0,0.0,0,0.575,1,2,1828,0.798,0.524,0.402,27.0,27.0,0.1092,247.4,0.0,1,1,0.807,1.23714,0,0,0.0,1.27505,-1,12.395,0.022,0.978,0.0,0.0,0.0,0.69,0.0,0.5,0.0,0.723,0.576,0.5,0.493,0.0,0.416,0.0,0,0,0.36,0.543,0.0,0.485,0.382,0.154,0.565,0.0,0.461,0.385,0.0,1.0,0.729
0,2021.09.20 21:00:30,GBPCHFm,MEAN_REVERSION,BUY,3,1.26911,1.26717,1.27074,0.84,0.399,1.26717,1.26745,1.2661,0,0.209,0.023,-0.6719,1.26733,1.27896,1.28099,1.27287,0,0.0,0.6,0,1.26605,0.745,0.394,0,0.0,0.0,1.26692,1.28087,6.316,0,0,-1,0.8,-0.825,-0.2883,0.825,0.171,2,0.453,0,0.594,1.26605,1.2656,0.209,0.023,0.0531,0,0.4,0,0.453,0.285,0.672,0.424,0.273,0,1.26717,1,0.7,0.583,0.409,0.548,0.259,0.895,0.852,1.26883,1.25899,1.27106,439484.3953,14159.0744,2,1.26928,0.465,1.25067,0.443,0.0,0.0,0,0.575,1,2,1829,0.798,0.524,0.402,357.0,34.3,1.4704,242.8,0.0,1,1,0.807,1.23714,0,0,0.0,1.27505,-1,13.168,0.022,0.978,0.0,0.0,0.0,0.0,0.0,0.5,0.0,0.493,0.341,0.5,1.0,0.0,0.384,0.0,0,0,0.549,0.426,0.0,0.38,0.4,0.422,0.312,0.0,0.461,0.385,0.0,1.0,0.835
7802,2021.09.21 03:00:00,GBPCHFm,ANCHORED_PULLBACK,BUY,1,1.2682,1.26773,1.27176,7.56,0.435,1.26724,1.26774,1.26684,0,0.31,0.018,0.3573,1.26734,1.27959,1.28092,1.27297,0,0.0,0.5,0,1.26734,0.8,0.809,0,0.0,0.0,1.26751,1.28087,6.752,0,0,-1,0.675,0.685,0.0583,0.685,0.085,0,0.78,0,0.721,1.2672,1.26792,0.381,0.005,-0.0516,1,0.15,1,0.755,0.109,0.381,0.287,0.379,1,1.26734,8,0.76,0.238,0.635,0.206,0.197,0.88,0.847,1.26883,1.25899,1.27061,416691.0069,-22793.3884,1,1.26928,0.487,1.25067,0.441,0.0,0.0,0,0.527,1,2,1835,0.809,0.522,0.403,27.0,27.0,0.1408,191.7,0.0,1,1,0.807,1.23714,0,1,0.0,1.26779,0,16.201,0.045,0.955,0.0,1.0,0.5,0.93,0.0,0.5,0.0,1.0,0.623,0.5,0.423,0.0,0.248,0.0,0,0,0.3,0.565,0.0,0.593,0.231,0.153,0.567,0.0,0.462,0.364,0.0,1.0,0.747
7804,2021.09.21 03:19:40,GBPCHFm,BREAKOUT_RETEST,BUY,1,1.26785,1.26727,1.26846,1.06,0.465,1.26724,1.26774,1.26684,1,0.31,0.018,0.1747,1.26734,1.27959,1.28092,1.27297,0,0.0,0.5,0,1.26734,0.8,0.809,0,0.0,0.0,1.26751,1.28087,6.752,0,0,-1,0.675,0.685,0.0583,0.685,0.424,0,0.799,0,0.721,1.2672,1.26792,0.198,0.177,0.0,2,0.15,0,0.799,0.58,1.5,0.386,0.445,1,1.26684,5,0.6,0.604,0.233,0.206,0.197,0.88,0.847,1.26883,1.25899,1.27061,416691.0069,-22793.3884,1,1.26928,0.487,1.25067,0.441,0.0,0.0,0,0.527,1,2,1835,0.809,0.522,0.403,27.0,27.0,0.1408,191.7,0.0,1,1,0.807,1.23714,0,1,0.0,1.26779,0,16.019,0.045,0.955,0.0,1.0,0.5,0.0,0.0,0.5,0.0,1.0,0.376,0.5,0.578,0.0,0.245,0.0,0,0,0.346,0.754,0.0,0.872,0.301,0.204,0.54,0.0,0.495,0.364,0.0,1.0,0.837
7806,2021.09.21 04:06:40,GBPCHFm,BREAKOUT,BUY,1,1.26828,1.26755,1.27275,6.16,0.477,1.26728,1.26779,1.26676,0,0.39,0.026,0.4101,1.26734,1.27959,1.28092,1.27297,0,0.0,0.55,0,1.26728,0.8,0.743,0,0.0,0.0,1.26771,1.28087,7.108,0,0,-1,0.75,0.72,0.0698,0.72,0.297,0,0.808,0,0.675,1.26732,1.26802,0.384,0.006,0.0,2,0.15,0,0.888,0.166,0.41,0.405,0.409,1,1.26728,8,0.76,0.232,0.271,0.216,0.187,0.842,0.722,1.26883,1.25899,1.27074,416912.5475,221.5406,2,1.26928,0.493,1.25067,0.424,0.0,0.0,0,0.612,1,2,1836,0.809,0.522,0.403,27.0,27.0,0.151,178.9,0.0,1,1,0.807,1.23714,1,1,0.293,1.26779,0,0.274,0.019,0.981,0.0,0.0,0.5,0.56,0.0,0.5,0.0,1.0,0.654,0.5,0.516,0.0,0.23,0.0,0,0,0.339,0.605,0.0,0.483,0.313,0.233,0.567,0.0,0.499,0.364,0.0,1.0,0.876
7807,2021.09.21 04:06:59,GBPCHFm,PULLBACK,BUY,1,1.26828,1.2656,1.27365,2.0,0.392,1.26728,1.26779,1.26676,0,0.39,0.026,0.4101,1.26734,1.27959,1.28092,1.27297,0,0.0,0.55,0,1.26728,0.8,0.743,0,0.0,0.0,1.26771,1.28087,7.108,0,0,-1,0.75,0.72,0.0698,0.72,0.297,0,0.808,0,0.675,1.26732,1.26802,0.384,0.006,0.0,2,0.15,0,0.888,0.166,0.41,0.405,0.409,1,1.26728,8,0.76,0.232,0.271,0.216,0.187,0.842,0.722,1.26883,1.25899,1.27074,416912.5475,221.5406,2,1.26928,0.493,1.25067,0.424,0.0,0.0,0,0.612,1,2,1836,0.809,0.522,0.403,27.0,27.0,0.151,178.9,0.0,1,1,0.807,1.23714,1,1,0.293,1.26779,0,0.274,0.019,0.981,0.0,0.0,0.5,0.55,0.0,0.5,0.0,1.0,0.647,0.5,0.516,0.0,0.23,0.0,0,0,0.335,0.605,0.0,0.483,0.313,0.233,0.567,0.0,0.499,0.364,0.0,1.0,0.876
7808,2021.09.21 04:07:00,GBPCHFm,TREND_CONTINUATION,BUY,1,1.26829,1.26614,1.27276,2.08,0.461,1.26728,1.26779,1.26676,0,0.39,0.026,0.4157,1.26734,1.27959,1.28092,1.27297,0,0.0,0.55,0,1.26728,0.8,0.743,0,0.0,0.0,1.26771,1.28087,7.108,0,0,-1,0.75,0.72,0.0698,0.72,0.297,0,0.808,0,0.675,1.26732,1.26802,0.39,0.0,0.0,2,0.15,0,0.888,0.169,0.416,0.405,0.409,1,1.26728,8,0.76,0.221,0.271,0.216,0.187,0.842,0.722,1.26883,1.25899,1.27074,416912.5475,221.5406,2,1.26928,0.493,1.25067,0.424,0.0,0.0,0,0.612,1,2,1836,0.809,0.522,0.403,27.0,27.0,0.151,178.9,0.0,1,1,0.807,1.23714,1,1,0.293,1.26779,0,0.28,0.019,0.981,0.0,0.0,0.5,0.56,0.0,0.5,0.0,1.0,0.57,0.5,0.516,0.0,0.23,0.0,0,0,0.289,0.605,0.0,0.483,0.313,0.233,0.567,0.0,0.499,0.364,0.0,1.0,0.876
7812,2021.09.21 05:24:40,GBPCHFm,BREAKOUT_RETEST,BUY,1,1.26833,1.26784,1.26891,1.17,0.506,1.26727,1.26812,1.2671,1,0.436,0.001,0.5029,1.26734,1.27959,1.28092,1.27297,0,0.0,0.45,0,1.26727,0.755,0.549,0,0.0,0.0,0.0,1.28087,7.924,0,0,-1,0.825,0.755,0.0901,0.755,0.911,2,0.628,0,0.538,1.26773,1.26835,0.213,0.186,0.0,2,0.15,0,0.708,0.158,0.503,0.313,0.361,1,1.26727,8,0.751,0.574,0.087,0.226,0.16,0.969,0.863,1.26883,1.25899,1.27074,416912.5475,221.5406,2,1.26928,0.493,1.25067,0.424,0.0,0.0,0,0.612,1,2,1837,0.809,0.522,0.403,27.0,27.0,0.1717,157.3,0.0,1,1,0.807,1.23714,1,1,0.293,1.26779,0,0.343,0.019,0.981,0.0,0.0,0.5,0.0,0.0,0.5,0.0,0.524,0.606,0.5,0.553,0.0,0.382,0.0,0,0,0.382,0.614,0.0,0.346,0.1,0.342,0.35,0.0,0.541,0.364,0.0,1.0,0.879
7814,2021.09.21 06:00:00,GBPCHFm,ANCHORED_PULLBACK,BUY,1,1.26745,1.26695,1.268,1.09,0.725,1.268,1.26829,1.2671,1,0.011,0.165,-0.5302,1.26749,1.27959,1.28092,1.27297,0,0.0,0.5,0,1.26716,0.72,0.422,0,0.0,0.0,1.26712,1.28087,8.892,0,0,-1,0.6,0.615,0.0747,0.615,0.609,2,0.404,0,0.499,1.26716,1.26687,0.011,0.204,0.1065,0,0.15,2,0.833,0.27,0.53,0.509,0.372,1,1.268,1,0.7,0.979,0.177,0.885,0.152,0.742,0.91,1.26883,1.25899,1.27074,416912.5475,221.5406,2,1.26928,0.493,1.25067,0.424,0.0,0.0,0,0.612,1,2,1838,0.809,0.522,0.403,27.0,27.0,0.1753,154.0,0.0,1,1,0.807,1.23714,1,1,0.293,1.26779,0,0.221,0.019,0.981,0.0,0.0,0.5,0.28,0.0,0.5,0.0,0.414,0.357,0.5,0.795,0.0,0.495,0.0,0,0,0.522,0.765,0.073,0.842,0.1,0.682,0.538,0.0,0.463,0.364,0.0,1.0,0.864
7816,2021.09.21 06:10:40,GBPCHFm,PULLBACK,BUY,1,1.26784,1.26553,1.27246,2.0,0.471,1.268,1.26829,1.2671,1,0.011,0.165,-0.2769,1.26749,1.27959,1.28092,1.27297,0,0.0,0.5,0,1.26716,0.72,0.422,0,0.0,0.0,1.26712,1.28087,8.892,0,0,-1,0.6,0.615,0.0747,0.615,0.557,0,0.688,0,0.499,1.26716,1.26687,0.264,0.457,0.0,2,0.15,0,0.768,0.168,0.457,0.366,0.344,0,1.2671,5,0.6,0.472,0.193,0.185,0.152,0.742,0.91,1.26883,1.25899,1.27074,416912.5475,221.5406,2,1.26928,0.493,1.25067,0.424,0.0,0.0,0,0.612,1,2,1838,0.809,0.522,0.403,27.0,27.0,0.1753,154.0,0.0,1,1,0.807,1.23714,1,1,0.293,1.26779,0,0.032,0.019,0.981,0.0,0.0,0.5,0.98,0.0,0.5,0.0,0.493,0.483,0.5,0.94,0.0,0.595,0.0,0,0,0.53,0.808,0.0,0.727,0.1,0.306,0.54,0.0,0.52,0.364,0.0,1.0,0.794
7817,2021.09.21 06:11:00,GBPCHFm,TREND_CONTINUATION,BUY,1,1.26786,1.26601,1.27171,2.08,0.38,1.268,1.26829,1.2671,1,0.011,0.165,-0.264,1.26749,1.27959,1.28092,1.27297,0,0.0,0.5,0,1.26716,0.72,0.422,0,0.0,0.0,1.26712,1.28087,8.892,0,0,-1,0.6,0.615,0.0747,0.615,0.509,0,0.688,0,0.499,1.268,1.26687,0.264,0.47,0.0,2,0.15,0,0.768,0.176,0.47,0.374,0.351,1,1.2671,5,0.6,0.472,0.207,0.185,0.152,0.788,0.91,1.26883,1.25899,1.27074,416912.5475,221.5406,2,1.26928,0.493,1.25067,0.424,0.0,0.0,0,0.612,1,2,1838,0.809,0.522,0.403,27.0,27.0,0.1753,154.0,0.0,1,1,0.807,1.23714,1,1,0.293,1.26779,0,0.045,0.019,0.981,0.0,0.0,0.5,0.98,0.0,0.5,0.0,0.493,0.494,0.5,0.94,0.0,0.595,0.0,0,0,0.523,0.798,0.0,0.63,0.1,0.306,0.54,0.0,0.52,0.364,0.0,1.0,0.794
7820,2021.09.21 07:58:40,GBPCHFm,BREAKOUT_RETEST,BUY,1,1.26821,1.26756,1.26909,1.35,0.448,1.26801,1.26836,1.26744,1,0.227,0.49,-0.0416,1.26743,1.27959,1.2818,1.27297,0,0.0,0.45,0,1.26831,0.647,0.686,0,0.0,0.0,1.26818,1.28087,8.454,0,0,-1,0.65,0.825,0.0987,0.825,0.719,0,0.731,0,0.402,1.26816,1.26867,0.139,0.465,0.0,2,0.0,0,0.811,0.159,0.465,0.342,0.38,1,1.26744,5,0.6,0.721,0.084,0.247,0.08,0.866,0.929,1.26883,1.25899,1.27074,416912.5475,221.5406,2,1.26928,0.493,1.25067,0.424,0.0,0.0,0,0.612,1,2,1839,0.809,0.522,0.403,27.0,27.0,0.1726,156.4,0.0,1,1,0.807,1.23714,1,1,0.293,1.26779,0,0.268,0.019,0.981,0.0,0.0,0.5,0.0,0.0,0.5,0.0,0.615,0.337,0.5,0.495,0.0,0.749,0.0,0,0,0.546,0.732,0.0,0.556,0.1,0.35,0.35,0.0,0.546,0.455,0.0,1.0,0.815
7822,2021.09.21 09:05:40,GBPCHFm,TREND_CONTINUATION,BUY,2,1.26634,1.26433,1.26848,1.06,0.564,1.26821,1.26869,1.26733,0,0.69,0.005,-1.2736,1.26771,1.27959,1.2818,1.2712,0,0.0,0.35,0,1.26821,0.695,0.77,0,0.0,0.0,1.26789,1.28087,8.468,0,0,-1,1.0,0.895,0.0968,0.895,0.038,0,0.682,0,0.423,1.26811,1.26655,1.216,0.289,0.0,2,0.15,0,0.762,0.566,1.274,0.444,0.401,1,1.26821,8,0.739,0.0,0.349,0.269,0.137,0.909,0.944,1.26883,1.25899,1.27074,405303.105,-11609.4426,1,1.26928,0.499,1.25067,0.418,0.0,0.0,0,0.625,1,2,1841,0.794,0.527,0.401,27.0,27.0,0.1609,167.9,0.0,1,1,0.807,1.23714,0,1,0.0,1.26779,0,17.396,0.033,0.967,0.0,1.0,0.5,0.0,0.0,0.5,0.0,0.595,0.351,0.5,0.465,0.0,0.319,0.0,0,0,0.357,0.344,0.0,0.714,0.1,0.478,0.142,0.0,0.517,0.455,0.0,1.0,0.789
7824,2021.09.21 09:08:40,GBPCHFm,PULLBACK,BUY,2,1.26591,1.26339,1.26848,1.02,0.484,1.26821,1.26869,1.26733,0,0.69,0.005,-1.5297,1.26771,1.27959,1.2818,1.2712,0,0.0,0.35,0,1.26821,0.695,0.77,0,0.0,0.0,1.26789,1.28087,8.468,0,0,-1,1.0,0.895,0.0968,0.895,0.038,0,0.682,0,0.423,1.26811,1.26655,1.472,0.545,0.0,2,0.15,0,0.762,0.68,1.53,0.444,0.414,1,1.26821,8,0.739,0.0,0.349,0.269,0.137,0.909,0.944,1.26883,1.25899,1.27074,405303.105,-11609.4426,1,1.26928,0.499,1.25067,0.418,0.0,0.0,0,0.625,1,2,1841,0.794,0.527,0.401,27.0,27.0,0.1609,167.9,0.0,1,1,0.807,1.23714,0,1,0.0,1.26779,0,17.14,0.033,0.967,0.0,1.0,0.5,0.0,0.0,0.5,0.0,0.595,0.342,0.5,0.465,0.0,0.319,0.0,0,0,0.362,0.344,0.0,0.714,0.1,0.478,0.136,0.0,0.517,0.455,0.0,1.0,0.789
7826,2021.09.21 09:23:20,GBPCHFm,MEAN_REVERSION,BUY,2,1.26606,1.26472,1.26848,1.8,0.615,1.26821,1.26869,1.26733,0,0.69,0.005,-1.4404,1.26771,1.27959,1.2818,1.2712,0,0.0,0.35,0,1.26821,0.695,0.77,0,0.0,0.0,1.26789,1.28087,8.468,0,0,-1,1.0,0.895,0.0968,0.895,0.038,0,0.682,0,0.423,1.26811,1.26655,1.382,0.455,0.0,2,0.15,0,0.762,0.64,1.44,0.444,0.409,1,1.26821,8,0.739,0.0,0.349,0.269,0.137,0.909,0.944,1.26883,1.25899,1.27074,405303.105,-11609.4426,1,1.26928,0.499,1.25067,0.418,0.0,0.0,0,0.625,1,2,1841,0.794,0.527,0.401,27.0,27.0,0.1609,167.9,0.0,1,1,0.807,1.23714,0,1,0.0,1.26779,0,17.229,0.033,0.967,0.0,1.0,0.5,0.13,0.0,0.5,0.0,0.988,0.496,0.5,0.493,0.0,0.31,0.0,0,0,0.275,0.344,0.0,0.714,0.1,0.529,0.136,0.0,0.517,0.455,0.0,1.0,0.789
7828,2021.09.21 09:44:40,GBPCHFm,SWEEP_REVERSAL,BUY,2,1.26622,1.26454,1.26848,1.35,0.18,1.26821,1.26869,1.26733,0,0.69,0.005,-1.345,1.26771,1.27959,1.2818,1.2712,0,0.0,0.35,0,1.26821,0.695,0.77,0,0.0,0.0,1.26789,1.28087,8.468,0,0,-1,1.0,0.895,0.0968,0.895,0.038,0,0.682,0,0.423,1.26811,1.26655,1.287,0.36,0.0,2,0.15,0,0.762,0.598,1.345,0.444,0.404,1,1.26821,8,0.739,0.0,0.349,0.269,0.137,0.909,0.944,1.26883,1.25899,1.27074,405303.105,-11609.4426,1,1.26928,0.499,1.25067,0.418,0.0,0.0,0,0.625,1,2,1841,0.794,0.527,0.401,27.0,27.0,0.1609,167.9,0.0,1,1,0.807,1.23714,0,1,0.0,1.26779,0,17.324,0.033,0.967,0.0,1.0,0.5,0.41,0.0,0.5,0.0,1.0,0.524,0.5,0.495,0.0,0.343,0.0,0,0,0.3,0.344,0.0,0.714,0.1,0.534,0.136,0.0,0.517,0.455,0.0,1.0,0.789
7830,2021.09.21 11:23:20,GBPCHFm,MEAN_REVERSION,BUY,2,1.26486,1.26354,1.26623,1.04,0.64,1.26824,1.27025,1.26623,0,0.37,0.119,-2.2198,1.26704,1.27959,1.2818,1.26944,0,0.0,0.75,0,1.26824,0.768,0.36,0,0.0,0.0,0.0,1.28087,9.52,0,0,-1,0.675,-0.685,-0.0603,0.685,0.083,0,0.659,0,0.676,1.26596,1.26502,0.834,0.264,0.0,2,0.15,0,0.739,0.971,2.22,0.438,0.46,1,1.26596,2,0.55,0.0,0.335,0.206,0.188,0.796,0.907,1.26883,1.25899,1.27074,405303.105,-11609.4426,1,1.26928,0.499,1.25067,0.418,0.0,0.0,0,0.625,1,2,1843,0.794,0.527,0.401,27.0,27.0,0.1642,164.4,0.0,1,1,0.807,1.23714,0,1,0.0,1.26779,0,16.858,0.033,0.967,0.0,1.0,0.5,0.38,0.0,0.5,0.0,0.448,0.327,0.5,0.529,0.0,0.281,0.0,0,0,0.375,0.35,0.675,0.484,0.0,0.842,0.131,0.0,0.501,0.455,0.0,1.0,0.749
7832,2021.09.21 11:44:40,GBPCHFm,SWEEP_REVERSAL,BUY,2,1.26478,1.26314,1.26623,0.88,0.207,1.26824,1.27025,1.26623,0,0.37,0.119,-2.2685,1.26704,1.27959,1.2818,1.26944,0,0.0,0.75,0,1.26824,0.768,0.36,0,0.0,0.0,0.0,1.28087,9.52,0,0,-1,0.675,-0.685,-0.0603,0.685,0.083,0,0.659,0,0.676,1.26596,1.26502,0.883,0.313,0.0,2,0.15,0,0.739,0.993,2.268,0.438,0.462,1,1.26596,2,0.55,0.0,0.335,0.206,0.188,0.796,0.907,1.26883,1.25899,1.27074,405303.105,-11609.4426,1,1.26928,0.499,1.25067,0.418,0.0,0.0,0,0.625,1,2,1843,0.794,0.527,0.401,27.0,27.0,0.1642,164.4,0.0,1,1,0.807,1.23714,0,1,0.0,1.26779,0,16.81,0.033,0.967,0.0,1.0,0.5,0.32,0.0,0.5,0.0,0.608,0.554,0.5,0.47,0.0,0.412,0.0,0,0,0.338,0.35,0.0,0.484,0.0,0.842,0.131,0.0,0.501,0.455,0.0,1.0,0.749
7834,2021.09.21 13:23:20,GBPCHFm,MEAN_REVERSION,BUY,4,1.2612,1.25986,1.26393,2.03,0.579,1.26366,1.26592,1.26306,0,0.815,0.105,-1.6253,1.26753,1.27934,1.2818,1.26802,0,0.0,0.6,0,1.26366,0.734,0.366,0,0.0,0.0,1.26237,1.28087,11.076,0,0,-1,0.825,-0.755,-0.2577,0.755,0.176,2,0.561,0,0.74,1.26378,1.26259,1.696,0.987,0.0,2,0.15,0,0.561,0.719,1.696,0.424,0.409,1,1.26366,8,0.747,0.0,0.307,0.226,0.201,0.915,0.899,1.26883,1.25899,1.26835,310667.5362,-94635.5688,1,1.26928,0.494,1.25067,0.414,0.0,0.0,0,0.484,1,2,1845,0.794,0.527,0.401,27.0,27.0,0.1609,167.8,0.0,1,1,0.807,1.23714,0,1,0.0,1.26779,0,14.34,0.157,0.843,0.0,1.0,0.5,0.0,0.0,0.5,0.0,0.615,0.451,0.5,0.474,0.0,0.687,0.0,0,0,0.446,0.303,0.0,0.096,0.0,0.898,0.137,0.0,0.505,0.545,0.0,1.0,0.671
7836,2021.09.21 13:44:40,GBPCHFm,SWEEP_REVERSAL,BUY,4,1.2618,1.26012,1.26393,1.27,0.193,1.26366,1.26592,1.26306,0,0.815,0.105,-1.2677,1.26753,1.27934,1.2818,1.26802,0,0.0,0.6,0,1.26366,0.734,0.366,0,0.0,0.0,1.26237,1.28087,11.076,0,0,-1,0.825,-0.755,-0.2577,0.755,0.176,2,0.561,0,0.74,1.26378,1.26259,1.339,0.629,0.0,2,0.15,0,0.561,0.567,1.339,0.424,0.391,1,1.26366,8,0.747,0.0,0.307,0.226,0.201,0.915,0.899,1.26883,1.25899,1.26835,310667.5362,-94635.5688,1,1.26928,0.494,1.25067,0.414,0.0,0.0,0,0.484,1,2,1845,0.794,0.527,0.401,27.0,27.0,0.1609,167.8,0.0,1,1,0.807,1.23714,0,1,0.0,1.26779,0,14.697,0.157,0.843,0.0,1.0,0.5,0.61,0.0,0.5,0.0,0.448,0.436,0.5,0.489,0.0,0.666,0.0,0,0,0.452,0.349,0.0,0.338,0.0,0.677,0.137,0.0,0.505,0.545,0.0,1.0,0.671
7838,2021.09.21 15:23:20,GBPCHFm,MEAN_REVERSION,BUY,4,1.26014,1.25857,1.26174,1.02,0.565,1.26147,1.26397,1.26064,0,1.249,0.231,-0.816,1.26706,1.2789,1.2818,1.26675,0,0.0,0.5,0,1.26147,0.729,0.6,0,0.0,0.0,1.26087,1.28087,11.142,0,0,-1,0.975,-0.825,-0.4044,0.825,0.042,2,0.569,0,0.629,1.2618,1.25981,0.986,0.033,0.0,2,0.15,0,0.569,0.437,0.986,0.444,0.371,1,1.26147,8,0.746,0.0,0.347,0.247,0.178,0.977,0.919,1.26883,1.25899,1.26835,310667.5362,-94635.5688,1,1.26928,0.494,1.25067,0.414,0.0,0.0,0,0.484,1,2,1847,0.794,0.527,0.401,27.0,27.0,0.1377,196.1,0.0,1,1,0.807,1.23714,0,1,0.0,1.26779,0,11.726,0.157,0.843,0.0,1.0,0.5,0.47,0.0,0.5,0.0,0.967,0.563,0.5,0.474,0.0,0.51,0.0,0,0,0.384,0.194,0.0,0.384,0.1,0.808,0.172,0.0,0.478,0.5,0.0,1.0,0.701
7840,2021.09.21 20:50:40,GBPCHFm,MEAN_REVERSION,BUY,3,1.26183,1.26022,1.26484,1.88,0.568,1.26156,1.26203,1.26145,1,0.001,0.216,0.001,1.26181,1.2789,1.2818,1.26673,0,0.0,0.4,0,1.26156,0.738,0.507,0,0.0,0.0,0.0,1.28087,9.623,0,0,-1,0.8,-1.0,-0.2371,1.0,1.0,2,0.62,0,0.596,1.26159,1.26116,0.017,0.198,0.0,2,0.15,0,0.62,0.45,1.5,0.3,0.367,1,0.0,0,0.0,0.966,0.06,0.3,0.172,0.862,0.911,1.26883,1.26167,1.27513,416139.0239,3372.8683,2,1.26928,0.488,1.25067,0.414,0.0,0.0,0,0.372,1,2,1852,0.791,0.527,0.396,27.0,27.0,0.1345,200.7,0.0,1,1,0.807,1.23714,0,1,0.0,1.26779,0,12.301,0.062,0.938,0.0,0.0,0.5,0.54,0.0,0.5,0.0,1.0,0.626,0.5,0.573,0.0,0.226,0.0,0,0,0.338,0.735,0.0,0.428,0.0,0.129,0.35,0.0,0.497,0.5,0.0,1.0,0.657
0,2021.09.21 22:00:59,GBPCHFm,SWEEP_REVERSAL,BUY,1,1.26281,1.26089,1.26451,0.88,0.08,1.26157,1.26253,1.2613,0,0.579,0.423,-0.8841,1.26123,1.2789,1.2818,1.26673,0,0.0,0.35,0,1.26157,0.651,0.32,0,0.0,0.0,0.0,1.28087,10.726,0,0,-1,1.0,-1.0,-0.0827,1.0,0.14,2,0.604,2,0.359,1.26165,1.25929,0.93,0.301,0.0,2,0.0,0,0.604,0.399,0.93,0.429,0.319,0,1.26157,8,0.73,0.0,0.258,0.3,0.0,0.616,0.949,1.26883,1.26167,1.27513,416139.0239,3372.8683,2,1.26928,0.488,1.25067,0.414,0.0,0.0,0,0.372,1,2,1854,0.791,0.527,0.396,294.0,311.3,1.5312,192.0,0.0,1,1,0.807,1.23714,0,1,0.0,1.26779,-1,13.37,0.062,0.938,0.0,0.0,0.0,0.71,0.0,0.5,0.0,0.345,0.557,0.5,0.749,0.0,0.607,0.0,0,0,0.502,0.538,0.0,0.618,0.0,0.349,0.142,0.0,0.484,0.5,0.0,1.0,0.774
7842,2021.09.21 23:00:00,GBPCHFm,ANCHORED_PULLBACK,BUY,1,1.26186,1.26145,1.26302,2.81,0.302,1.26157,1.26253,1.26043,1,0.012,0.201,0.0121,1.26123,1.2789,1.2818,1.26673,0,0.0,0.6,0,1.26157,0.62,0.422,0,0.0,0.0,1.26062,1.28087,10.4,0,0,-1,1.0,-1.0,-0.0617,1.0,1.0,0,0.685,3,0.393,1.26148,1.26122,0.059,0.201,0.0,2,0.15,0,0.685,0.45,1.5,0.3,0.353,1,1.26253,4,0.6,0.881,0.06,0.3,0.053,0.821,0.982,1.26883,1.26167,1.27513,416139.0239,3372.8683,2,1.26928,0.488,1.25067,0.414,0.0,0.0,0,0.372,1,2,1855,0.791,0.527,0.396,27.0,196.1,0.1456,185.4,0.0,1,1,0.807,1.23714,0,1,0.0,1.26779,-1,13.331,0.062,0.938,0.0,0.0,0.0,0.98,0.0,0.5,0.0,1.0,0.477,0.5,0.589,0.0,0.236,0.0,0,0,0.285,0.735,0.0,0.556,0.0,0.557,0.35,0.0,0.509,0.5,0.0,1.0,0.657
7844,2021.09.22 00:14:00,GBPCHFm,MEAN_REVERSION,BUY,1,1.26104,1.26039,1.26176,1.12,0.57,1.26149,1.26221,1.2603,1,0.174,0.002,-0.4008,1.26123,1.2789,1.2818,1.26673,0,0.0,0.6,0,1.26149,0.605,0.703,0,0.0,0.0,0.0,1.28087,10.893,0,0,-1,0.8,-0.825,-0.0525,0.825,0.347,0,0.685,0,0.465,1.2603,1.26118,0.259,0.225,0.0,2,0.4,0,0.685,0.159,0.401,0.398,0.233,0,1.26149,8,0.721,0.482,0.356,0.247,0.233,0.365,0.914,1.26883,1.26167,1.27513,402967.8144,-13171.2095,1,1.26928,0.486,1.25067,0.413,0.0,0.0,0,0.378,1,2,1856,0.791,0.527,0.396,27.0,27.0,0.1493,180.8,0.0,1,1,0.807,1.23714,0,1,0.0,1.26779,0,13.22,0.079,0.921,0.0,1.0,0.5,0.0,0.0,0.5,0.0,0.684,0.602,0.5,0.982,0.0,0.198,0.0,0,0,0.435,0.538,0.0,0.645,0.0,0.447,0.317,0.0,0.484,0.5,0.0,1.0,0.687
7846,2021.09.22 01:00:00,GBPCHFm,BREAKOUT_RETEST,BUY,1,1.26224,1.26166,1.2633,1.85,0.426,1.26157,1.26211,1.26026,1,0.226,0.401,0.2264,1.26123,1.2789,1.2818,1.26673,0,0.0,0.6,2,1.26096,0.576,0.0,1,0.0,0.0,0.0,1.28087,10.728,0,0,-1,0.694,-0.719,-0.0367,0.719,0.207,2,0.639,0,0.571,1.26149,1.26126,0.27,0.401,-0.034,2,0.55,4,0.592,0.299,0.576,0.519,0.279,0,1.26096,8,0.715,0.46,0.458,0.216,0.307,0.86,0.759,1.26883,1.26167,1.27513,402967.8144,-13171.2095,1,1.26928,0.486,1.25067,0.413,0.0,0.0,0,0.378,1,2,1857,0.791,0.527,0.396,27.0,27.0,0.1532,176.2,0.0,1,1,0.807,1.23714,0,1,0.0,1.26779,0,14.244,0.079,0.921,0.0,1.0,0.5,0.57,0.0,0.5,0.0,0.331,0.571,0.5,0.482,0.0,0.495,0.0,0,0,0.385,0.564,0.0,0.51,0.0,0.311,0.35,0.0,0.44,0.5,0.0,1.0,0.723
7848,2021.09.22 02:01:40,GBPCHFm,BREAKOUT,BUY,1,1.26259,1.26118,1.26711,3.21,0.228,1.26347,1.26403,1.26109,1,0.348,0.027,-0.6336,1.26181,1.2789,1.2818,1.26557,0,0.0,0.65,2,1.26347,0.733,0.094,0,0.0,0.0,1.26349,1.28087,10.106,0,0,-1,0.318,0.4467,0.0202,0.447,0.034,2,0.621,3,0.498,1.26177,1.26234,0.304,0.008,0.0,2,0.15,0,0.621,0.282,0.634,0.445,0.331,0,1.26177,2,0.55,0.391,0.35,0.134,0.053,0.827,0.891,1.26883,1.26167,1.27513,402967.8144,-13171.2095,1,1.26928,0.486,1.25067,0.413,0.0,0.0,0,0.378,1,2,1858,0.791,0.527,0.396,27.0,27.0,0.1494,180.7,0.0,1,1,0.807,1.23714,0,1,0.0,1.26779,0,14.083,0.079,0.921,0.0,1.0,0.5,0.0,0.0,0.5,0.0,0.929,0.335,0.5,0.516,0.0,0.795,0.0,0,0,0.572,0.485,0.0,0.389,0.0,0.521,0.35,0.0,0.484,0.5,0.0,1.0,0.731
7849,2021.09.22 02:01:59,GBPCHFm,PULLBACK,BUY,1,1.2626,1.26118,1.26802,3.82,0.368,1.26347,1.26403,1.26109,1,0.348,0.027,-0.6281,1.26181,1.2789,1.2818,1.26557,0,0.0,0.65,2,1.26347,0.733,0.094,0,0.0,0.0,1.26349,1.28087,10.106,0,0,-1,0.318,0.4467,0.0202,0.447,0.034,2,0.621,3,0.498,1.26177,1.26234,0.31,0.003,0.0,2,0.15,0,0.621,0.279,0.628,0.445,0.331,0,1.26177,2,0.55,0.38,0.35,0.134,0.053,0.827,0.891,1.26883,1.26167,1.27513,402967.8144,-13171.2095,1,1.26928,0.486,1.25067,0.413,0.0,0.0,0,0.378,1,2,1858,0.791,0.527,0.396,27.0,27.0,0.1494,180.7,0.0,1,1,0.807,1.23714,0,1,0.0,1.26779,0,14.089,0.079,0.921,0.0,1.0,0.5,0.01,0.0,0.5,0.0,0.929,0.328,0.5,0.516,0.0,0.795,0.0,0,0,0.576,0.485,0.0,0.389,0.0,0.521,0.35,0.0,0.484,0.5,0.0,1.0,0.731
7852,2021.09.22 02:06:40,GBPCHFm,TREND_CONTINUATION,BUY,1,1.26227,1.2601,1.26679,2.08,0.259,1.26347,1.26403,1.26109,1,0.348,0.027,-0.8107,1.26181,1.2789,1.2818,1.26557,0,0.0,0.65,2,1.26347,0.733,0.094,0,0.0,0.0,1.26349,1.28087,10.106,0,0,-1,0.318,0.4467,0.0202,0.447,0.232,2,0.621,3,0.498,1.26177,1.26234,0.127,0.185,0.0,2,0.15,0,0.621,0.337,0.811,0.415,0.338,0,1.26109,5,0.6,0.745,0.29,0.134,0.053,0.827,0.891,1.26883,1.26167,1.27513,402967.8144,-13171.2095,1,1.26928,0.486,1.25067,0.413,0.0,0.0,0,0.378,1,2,1858,0.791,0.527,0.396,27.0,27.0,0.1494,180.7,0.0,1,1,0.807,1.23714,0,1,0.0,1.26779,0,13.906,0.079,0.921,0.0,1.0,0.5,0.0,0.0,0.5,0.0,0.777,0.246,0.5,0.518,0.0,0.706,0.0,0,0,0.59,0.532,1.0,0.632,0.0,0.521,0.35,0.0,0.483,0.5,0.0,1.0,0.731
7854,2021.09.22 02:36:00,GBPCHFm,MEAN_REVERSION,BUY,1,1.26209,1.26118,1.26374,1.81,0.609,1.26347,1.26403,1.26109,1,0.348,0.027,-0.9103,1.26181,1.2789,1.2818,1.26557,0,0.0,0.65,2,1.26347,0.733,0.094,0,0.0,0.0,1.26349,1.28087,10.106,0,0,-1,0.318,0.4467,0.0202,0.447,0.693,2,0.621,3,0.498,1.26177,1.26234,0.028,0.285,0.0,2,0.15,0,0.621,0.315,0.91,0.346,0.335,0,1.26109,5,0.6,0.945,0.152,0.134,0.053,0.827,0.891,1.26883,1.26167,1.27513,402967.8144,-13171.2095,1,1.26928,0.486,1.25067,0.413,0.0,0.0,0,0.378,1,2,1858,0.791,0.527,0.396,27.0,27.0,0.1494,180.7,0.0,1,1,0.807,1.23714,0,1,0.0,1.26779,0,13.806,0.079,0.921,0.0,1.0,0.5,0.0,0.0,0.5,0.0,1.0,0.39,0.5,0.578,0.0,0.767,0.0,0,0,0.546,0.642,0.0,0.569,0.0,0.521,0.319,0.0,0.502,0.5,0.0,1.0,0.774
7856,2021.09.22 03:00:00,GBPCHFm,BREAKOUT_RETEST,BUY,1,1.2625,1.26199,1.26487,4.67,0.355,1.26183,1.26354,1.26142,1,0.044,0.149,0.2368,1.26181,1.26731,1.27832,1.25977,1,0.0,0.65,0,1.26346,0.674,0.895,0,0.0,0.0,0.0,1.28087,11.022,0,0,0,0.5,0.72,0.0927,0.72,0.696,2,0.598,3,0.327,1.26199,1.26256,0.14,0.197,0.0,2,0.15,0,0.598,0.251,0.727,0.346,0.301,0,1.26142,5,0.6,0.719,0.151,0.216,0.053,0.83,0.867,1.26883,1.26167,1.27513,402967.8144,-13171.2095,1,1.26928,0.486,1.25067,0.413,0.0,0.0,0,0.378,1,2,1859,0.791,0.527,0.396,27.0,27.0,0.1596,169.1,0.0,1,1,0.807,1.23714,0,1,0.0,1.26779,0,14.993,0.079,0.921,0.0,1.0,0.5,0.9,0.0,0.5,0.0,1.0,0.692,0.5,0.532,0.0,0.161,0.0,0,0,0.339,0.647,0.0,0.319,0.0,0.425,0.429,0.0,0.507,0.5,0.0,1.0,0.804
7858,2021.09.22 04:01:40,GBPCHFm,BREAKOUT,BUY,1,1.26244,1.26009,1.26635,1.67,0.256,1.26216,1.26338,1.26142,1,0.009,0.303,0.0093,1.26181,1.26731,1.27832,1.25977,1,0.0,0.6,0,1.26346,0.615,0.08,0,0.0,0.0,0.0,1.28087,11.946,0,0,0,0.55,0.58,0.1158,0.58,1.0,0,0.717,0,0.715,1.26199,1.26264,0.113,0.303,0.0,2,0.25,0,0.717,0.247,0.824,0.3,0.365,1,1.26142,5,0.6,0.773,0.1,0.174,0.23,0.839,0.863,1.26883,1.26167,1.27513,396857.0977,-6110.7166,1,1.26928,0.485,1.25067,0.412,0.0,0.0,0,0.369,1,2,1860,0.789,0.534,0.394,27.0,27.0,0.1724,156.6,0.0,1,1,0.807,1.23714,0,1,0.0,1.26779,1,16.159,0.07,0.93,0.0,1.0,1.0,0.73,0.0,0.5,0.0,0.719,0.512,0.5,0.578,0.0,0.237,0.0,0,0,0.275,0.8,0.0,0.494,0.0,0.404,0.433,0.0,0.524,0.5,0.0,1.0,0.726
7859,2021.09.22 04:01:59,GBPCHFm,PULLBACK,BUY,1,1.26242,1.26154,1.26712,5.31,0.459,1.26216,1.26338,1.26142,1,0.009,0.303,-0.0035,1.26181,1.26731,1.27832,1.25977,1,0.0,0.6,0,1.26346,0.615,0.08,0,0.0,0.0,0.0,1.28087,11.946,0,0,0,0.55,0.58,0.1158,0.58,1.0,0,0.717,0,0.715,1.26199,1.26264,0.101,0.316,0.0,2,0.25,0,0.717,0.251,0.836,0.3,0.365,1,1.26142,5,0.6,0.799,0.1,0.174,0.23,0.839,0.863,1.26883,1.26167,1.27513,396857.0977,-6110.7166,1,1.26928,0.485,1.25067,0.412,0.0,0.0,0,0.369,1,2,1860,0.789,0.534,0.394,27.0,27.0,0.1724,156.6,0.0,1,1,0.807,1.23714,0,1,0.0,1.26779,1,16.146,0.07,0.93,0.0,1.0,1.0,0.66,0.0,0.5,0.0,0.719,0.515,0.5,0.578,0.0,0.237,0.0,0,0,0.277,0.8,0.0,0.494,0.0,0.404,0.432,0.0,0.524,0.5,0.0,1.0,0.726
7862,2021.09.22 04:07:00,GBPCHFm,TREND_CONTINUATION,BUY,1,1.26237,1.26049,1.26628,2.08,0.363,1.26216,1.26338,1.26142,1,0.009,0.303,-0.0354,1.26181,1.26731,1.27832,1.25977,1,0.0,0.6,0,1.26346,0.615,0.08,0,0.0,0.0,0.0,1.28087,11.946,0,0,0,0.55,0.58,0.1158,0.58,1.0,0,0.717,0,0.715,1.26199,1.26264,0.069,0.348,0.0,2,0.25,0,0.717,0.26,0.868,0.3,0.366,1,1.26142,5,0.6,0.863,0.1,0.174,0.23,0.839,0.863,1.26883,1.26167,1.27513,396857.0977,-6110.7166,1,1.26928,0.485,1.25067,0.412,0.0,0.0,0,0.369,1,2,1860,0.789,0.534,0.394,27.0,27.0,0.1724,156.6,0.0,1,1,0.807,1.23714,0,1,0.0,1.26779,1,16.114,0.07,0.93,0.0,1.0,1.0,0.44,0.0,0.5,0.0,0.763,0.451,0.5,0.576,0.0,0.27,0.0,0,0,0.31,0.8,0.0,0.494,0.0,0.396,0.428,0.0,0.524,0.5,0.0,1.0,0.726
7864,2021.09.22 04:39:40,GBPCHFm,MEAN_REVERSION,BUY,1,1.26205,1.26154,1.26373,3.26,0.649,1.26216,1.26338,1.26142,1,0.009,0.303,-0.2398,1.26181,1.26731,1.27832,1.25977,1,0.0,0.6,0,1.26346,0.615,0.08,0,0.0,0.0,0.0,1.28087,11.946,0,0,0,0.55,0.58,0.1158,0.58,0.64,0,0.717,0,0.715,1.26199,1.26134,0.136,0.281,0.0,2,0.25,0,0.717,0.38,1.073,0.354,0.38,1,1.26346,8,0.723,0.729,0.208,0.174,0.23,0.839,0.877,1.26883,1.26167,1.27513,396857.0977,-6110.7166,1,1.26928,0.485,1.25067,0.412,0.0,0.0,0,0.369,1,2,1860,0.789,0.534,0.394,27.0,27.0,0.1724,156.6,0.0,1,1,0.807,1.23714,0,1,0.0,1.26779,1,15.91,0.07,0.93,0.0,1.0,1.0,0.0,0.0,0.5,0.0,1.0,0.439,0.5,0.532,0.0,0.307,0.0,0,0,0.319,0.783,0.0,0.687,0.0,0.176,0.389,0.0,0.501,0.5,0.0,1.0,0.756
7866,2021.09.22 05:00:00,GBPCHFm,BREAKOUT_RETEST,BUY,1,1.26257,1.26217,1.26418,4.02,0.382,1.26207,1.2632,1.26178,1,0.08,0.186,0.1687,1.26181,1.26731,1.27832,1.25977,1,0.0,0.6,2,1.26207,0.641,0.781,0,0.0,0.0,0.0,1.28087,13.913,0,0,0,0.6,0.615,0.14,0.615,0.33,2,0.642,0,0.208,1.26202,1.26267,0.213,0.275,0.0,2,0.4,0,0.642,0.601,1.5,0.4,0.288,0,1.26178,5,0.6,0.574,0.361,0.185,0.182,0.73,0.874,1.26883,1.26167,1.27513,396857.0977,-6110.7166,1,1.26928,0.485,1.25067,0.412,0.0,0.0,0,0.369,1,2,1861,0.789,0.534,0.394,27.0,27.0,0.2022,133.5,0.0,1,1,0.807,1.23714,0,1,0.0,1.26779,1,19.049,0.07,0.93,0.0,1.0,1.0,0.96,0.0,0.5,0.0,0.45,0.542,0.5,0.583,0.0,0.288,0.0,0,0,0.315,0.669,0.0,0.556,0.0,0.227,0.46,0.0,0.526,0.5,0.0,1.0,0.797
7868,2021.09.22 06:01:40,GBPCHFm,BREAKOUT,BUY,1,1.26274,1.26104,1.26557,1.67,0.379,1.26208,1.26245,1.26183,0,0.161,0.342,0.3412,1.26181,1.26731,1.27832,1.25977,1,0.0,0.55,0,1.26208,0.796,0.43,0,0.0,0.0,0.0,1.28087,16.325,0,0,0,0.65,0.65,0.1606,0.65,0.463,0,0.778,0,0.42,1.26211,1.26231,0.316,0.14,0.0,2,0.25,0,0.778,0.13,0.341,0.381,0.338,0,1.26208,8,0.759,0.368,0.261,0.195,0.172,0.904,0.655,1.26883,1.26167,1.27513,396857.0977,-6110.7166,1,1.26928,0.485,1.25067,0.412,0.0,0.0,0,0.369,1,2,1862,0.789,0.534,0.394,27.0,27.0,0.2383,113.3,0.0,1,1,0.807,1.23714,0,1,0.0,1.26779,1,22.598,0.07,0.93,0.0,1.0,1.0,0.36,0.0,0.5,0.0,0.325,0.385,0.5,0.643,0.0,0.309,0.0,0,0,0.385,0.832,0.0,0.545,0.0,0.2,0.492,0.0,0.54,0.5,0.0,1.0,0.874
7869,2021.09.22 06:01:59,GBPCHFm,PULLBACK,BUY,1,1.2626,1.2609,1.266,2.0,0.502,1.26208,1.26245,1.26183,1,0.161,0.342,0.2176,1.26181,1.26731,1.27832,1.25977,1,0.0,0.55,0,1.26208,0.796,0.43,0,0.0,0.0,0.0,1.28087,16.325,0,0,0,0.65,0.65,0.1606,0.65,0.326,0,0.778,0,0.42,1.26211,1.26231,0.192,0.016,0.0,2,0.25,0,0.778,0.602,1.5,0.401,0.393,1,1.26183,5,0.6,0.615,0.302,0.195,0.172,0.904,0.655,1.26883,1.26167,1.27513,396857.0977,-6110.7166,1,1.26928,0.485,1.25067,0.412,0.0,0.0,0,0.369,1,2,1862,0.789,0.534,0.394,27.0,27.0,0.2383,113.3,0.0,1,1,0.807,1.23714,0,1,0.0,1.26779,1,22.474,0.07,0.93,0.0,1.0,1.0,0.07,0.0,0.5,0.0,0.358,0.403,0.5,0.677,0.0,0.327,0.0,0,0,0.392,0.8,0.0,0.545,0.0,0.182,0.502,0.0,0.546,0.5,0.0,1.0,0.836
7870,2021.09.22 06:37:40,GBPCHFm,TREND_CONTINUATION,BUY,1,1.26252,1.26116,1.26535,2.08,0.411,1.26208,1.26245,1.26183,1,0.161,0.342,0.147,1.26181,1.26731,1.27832,1.25977,1,0.0,0.55,0,1.26208,0.796,0.43,0,0.0,0.0,0.0,1.28087,16.325,0,0,0,0.65,0.65,0.1606,0.65,0.653,0,0.778,0,0.42,1.26211,1.26231,0.122,0.054,0.0,2,0.25,0,0.778,0.528,1.5,0.352,0.384,1,1.26183,5,0.6,0.756,0.204,0.195,0.172,0.904,0.655,1.26883,1.26167,1.27513,396857.0977,-6110.7166,1,1.26928,0.485,1.25067,0.412,0.0,0.0,0,0.369,1,2,1862,0.789,0.534,0.394,27.0,27.0,0.2383,113.3,0.0,1,1,0.807,1.23714,0,1,0.0,1.26779,1,22.404,0.07,0.93,0.0,1.0,1.0,0.99,0.0,0.5,0.0,0.358,0.585,0.5,0.64,0.0,0.886,0.0,0,0,0.597,0.8,0.0,0.49,0.0,0.225,0.482,0.0,0.566,0.5,0.0,1.0,0.766
7871,2021.09.22 06:57:40,GBPCHFm,MEAN_REVERSION,BUY,1,1.26159,1.26068,1.26235,0.84,0.66,1.26208,1.26245,1.26183,0,0.161,0.342,-0.674,1.26181,1.26731,1.27832,1.25977,1,0.0,0.55,0,1.26208,0.796,0.43,0,0.0,0.0,0.0,1.28087,16.325,0,0,0,0.65,0.65,0.1606,0.65,0.11,0,0.778,0,0.42,1.26211,1.2618,0.699,0.422,0.0,2,0.25,0,0.778,0.303,0.699,0.433,0.358,1,1.26208,8,0.759,0.0,0.367,0.195,0.172,0.904,0.873,1.26883,1.26167,1.27513,396857.0977,-6110.7166,1,1.26928,0.485,1.25067,0.412,0.0,0.0,0,0.369,1,2,1862,0.789,0.534,0.394,27.0,27.0,0.2383,113.3,0.0,1,1,0.807,1.23714,0,1,0.0,1.26779,1,21.583,0.07,0.93,0.0,1.0,1.0,0.0,0.0,0.5,0.0,0.374,0.476,0.5,0.514,0.0,0.682,0.0,0,0,0.441,0.67,0.0,0.454,0.0,0.226,0.224,0.0,0.54,0.5,0.0,1.0,0.874
0,2021.09.22 07:00:00,GBPCHFm,ANCHORED_PULLBACK,BUY,1,1.26177,1.2616,1.26208,1.83,0.778,1.26208,1.26251,1.26172,0,0.435,0.053,-0.5046,1.26188,1.26731,1.27832,1.25977,1,0.0,0.5,0,1.26208,0.753,0.829,0,0.0,0.0,1.26156,1.28087,16.995,0,0,0,1.0,0.86,0.1726,0.86,0.153,0,0.741,0,0.852,1.26211,1.26144,0.539,0.053,0.1474,0,0.15,2,1.0,0.311,0.539,0.577,0.472,1,1.26208,8,0.751,0.0,0.314,0.958,0.223,0.814,0.896,1.26883,1.26167,1.27513,396857.0977,-6110.7166,1,1.26928,0.485,1.25067,0.412,0.0,0.0,0,0.369,1,2,1863,0.789,0.534,0.394,27.0,27.0,0.2368,114.0,0.0,1,1,0.807,1.23714,0,1,0.0,1.26779,1,21.605,0.07,0.93,0.0,1.0,1.0,0.12,0.0,0.5,0.0,0.361,0.489,0.5,0.456,0.0,0.906,0.0,0,0,0.506,0.623,0.0,0.612,0.0,0.646,0.351,0.0,0.481,0.5,0.0,1.0,0.949
7873,2021.09.22 07:01:40,GBPCHFm,SWEEP_REVERSAL,BUY,1,1.2614,1.26026,1.26235,0.83,0.205,1.26208,1.26251,1.26172,0,0.435,0.053,-0.8292,1.26188,1.26731,1.27832,1.25977,1,0.0,0.5,0,1.26208,0.753,0.829,0,0.0,0.0,1.26156,1.28087,16.995,0,0,0,1.0,0.86,0.1726,0.86,0.048,0,0.745,0,0.852,1.26211,1.26144,0.864,0.271,0.0,2,0.15,0,0.745,0.383,0.864,0.443,0.417,1,1.26208,8,0.751,0.0,0.345,0.258,0.223,0.814,0.896,1.26883,1.26167,1.27513,396857.0977,-6110.7166,1,1.26928,0.485,1.25067,0.412,0.0,0.0,0,0.369,1,2,1863,0.789,0.534,0.394,27.0,27.0,0.2368,114.0,0.0,1,1,0.807,1.23714,0,1,0.0,1.26779,1,21.281,0.07,0.93,0.0,1.0,1.0,0.0,0.0,0.5,0.0,0.43,0.387,0.5,0.518,0.0,0.781,0.0,0,0,0.536,0.586,0.0,0.533,0.0,0.25,0.219,0.0,0.563,0.5,0.0,1.0,0.874
7876,2021.09.22 07:08:20,GBPCHFm,BREAKOUT_RETEST,BUY,1,1.26205,1.26171,1.26278,2.14,0.609,1.26208,1.26251,1.26172,1,0.435,0.053,-0.259,1.26188,1.26731,1.27832,1.25977,1,0.0,0.5,0,1.26208,0.753,0.829,0,0.0,0.0,1.26156,1.28087,16.995,0,0,0,1.0,0.86,0.1726,0.86,0.42,0,0.745,0,0.852,1.26211,1.26144,0.294,0.299,0.0,2,0.15,0,0.745,0.58,1.5,0.387,0.44,1,1.26251,4,0.6,0.412,0.234,0.258,0.223,0.814,0.896,1.26883,1.26167,1.27513,396857.0977,-6110.7166,1,1.26928,0.485,1.25067,0.412,0.0,0.0,0,0.369,1,2,1863,0.789,0.534,0.394,27.0,27.0,0.2368,114.0,0.0,1,1,0.807,1.23714,0,1,0.0,1.26779,1,21.851,0.07,0.93,0.0,1.0,1.0,0.83,0.0,0.5,0.0,0.411,0.463,0.5,0.789,0.0,0.921,0.0,0,0,0.628,0.754,0.0,0.711,0.0,0.289,0.54,0.0,0.547,0.5,0.0,1.0,0.797
7880,2021.09.22 08:01:59,GBPCHFm,PULLBACK,BUY,2,1.25937,1.25732,1.26232,1.44,0.466,1.26205,1.26291,1.26094,0,2.357,0.014,-2.1604,1.26176,1.26216,1.27585,1.25799,1,0.0,0.4,2,1.26205,0.585,0.273,0,0.0,0.0,1.2601,1.28087,16.508,0,0,0,1.0,0.72,0.1154,0.72,0.141,0,0.705,3,0.694,1.2618,1.25836,1.98,0.543,0.0,2,0.4,0,0.705,0.927,2.16,0.429,0.407,1,1.26205,8,0.717,0.0,0.418,0.216,0.14,0.765,0.977,1.26883,1.26167,1.27079,252368.9676,-144488.1302,1,1.26928,0.485,1.25067,0.411,0.0,0.0,0,0.398,1,2,1864,0.789,0.534,0.394,27.0,27.0,0.1978,136.5,0.0,1,1,0.807,1.23714,0,0,0.0,1.25903,0,16.286,0.306,0.694,0.0,1.0,0.5,0.52,0.0,0.5,0.0,0.374,0.444,0.5,0.446,0.0,0.654,0.0,0,0,0.429,0.273,0.0,0.551,0.0,0.486,0.143,0.0,0.52,0.444,0.0,1.0,0.845
7882,2021.09.22 08:37:40,GBPCHFm,TREND_CONTINUATION,BUY,2,1.2591,1.25746,1.26232,1.97,0.551,1.26205,1.26291,1.26094,0,2.357,0.014,-2.3582,1.26176,1.26216,1.27585,1.25799,1,0.0,0.4,2,1.26205,0.585,0.273,0,0.0,0.0,1.2601,1.28087,16.508,0,0,0,1.0,0.72,0.1154,0.72,0.101,0,0.705,3,0.694,1.2618,1.25836,2.178,0.345,0.0,2,0.4,0,0.705,1.025,2.358,0.435,0.418,1,1.26205,8,0.717,0.0,0.43,0.216,0.14,0.765,0.977,1.26883,1.26167,1.27079,252368.9676,-144488.1302,1,1.26928,0.485,1.25067,0.411,0.0,0.0,0,0.398,1,2,1864,0.789,0.534,0.394,27.0,27.0,0.1978,136.5,0.0,1,1,0.807,1.23714,0,0,0.0,1.25903,0,16.088,0.306,0.694,0.0,1.0,0.5,0.0,0.0,0.5,0.0,0.881,0.487,0.5,0.452,0.0,0.594,0.0,0,0,0.381,0.265,0.0,0.321,0.0,0.502,0.14,0.0,0.52,0.444,0.0,1.0,0.845
7884,2021.09.22 08:57:40,GBPCHFm,MEAN_REVERSION,BUY,2,1.25814,1.25705,1.26232,3.83,0.655,1.26205,1.26291,1.26094,0,2.357,0.014,-3.0615,1.26176,1.26216,1.27585,1.25799,0,0.0,0.4,2,1.26205,0.585,0.273,0,0.0,0.0,1.2601,1.28087,16.508,0,0,0,1.0,0.72,0.1154,0.72,0.019,0,0.705,3,0.694,1.2618,1.25836,2.881,0.358,0.0,2,0.4,0,0.705,1.369,3.062,0.447,0.458,1,1.26205,8,0.717,0.0,0.454,0.216,0.14,0.765,0.977,1.26883,1.26167,1.27079,252368.9676,-144488.1302,1,1.26928,0.485,1.25067,0.411,0.0,0.0,0,0.398,1,2,1864,0.789,0.534,0.394,27.0,27.0,0.1978,136.5,0.0,1,1,0.807,1.23714,0,0,0.0,1.25903,0,15.385,0.306,0.694,0.0,1.0,0.5,0.0,0.0,0.5,0.0,0.719,0.288,0.5,0.49,0.0,0.505,0.0,0,0,0.476,0.175,0.0,0.186,0.0,0.542,0.13,0.0,0.532,0.444,0.0,1.0,0.808
7886,2021.09.22 09:00:20,GBPCHFm,ANCHORED_PULLBACK,SELL,2,1.25782,1.25898,1.25485,2.55,0.216,1.26199,1.26291,1.25949,0,0.703,0.006,-2.8091,1.26203,1.26188,1.27576,1.25765,1,0.0,0.65,2,1.25989,0.693,0.199,0,0.0,0.0,1.25884,1.28087,15.552,0,0,0,0.675,-0.685,-0.0905,0.685,0.088,2,0.556,3,0.508,1.25883,1.25791,0.683,0.063,0.0,2,0.15,0,0.556,1.227,2.809,0.437,0.422,1,1.25883,2,0.55,0.0,0.334,0.206,0.053,0.788,0.922,1.26883,1.26167,1.27079,252368.9676,-144488.1302,1,1.26928,0.485,1.25067,0.411,0.0,0.0,0,0.398,1,2,1865,0.789,0.534,0.394,27.0,27.0,0.1819,148.4,0.0,1,1,0.807,1.23714,1,0,0.535,1.25903,0,0.815,0.306,0.694,0.0,1.0,0.5,0.1,0.0,0.5,0.0,1.0,0.293,0.5,0.455,0.0,0.508,0.0,0,0,0.464,0.355,0.0,0.255,0.0,0.924,0.137,0.0,0.51,0.444,0.0,1.0,0.749
7887,2021.09.22 09:07:40,GBPCHFm,SWEEP_REVERSAL,BUY,2,1.25785,1.25637,1.2591,0.84,0.166,1.26199,1.26291,1.25949,0,0.703,0.006,-2.9708,1.26203,1.26188,1.27576,1.25765,0,0.0,0.65,2,1.25989,0.693,0.199,0,0.0,0.0,1.25884,1.28087,15.552,0,0,0,0.675,-0.685,-0.0905,0.685,0.088,2,0.556,3,0.508,1.25883,1.25791,0.845,0.224,0.0,2,0.15,0,0.556,1.298,2.971,0.437,0.43,1,1.25883,2,0.55,0.0,0.334,0.206,0.053,0.788,0.922,1.26883,1.26167,1.27079,252368.9676,-144488.1302,1,1.26928,0.485,1.25067,0.411,0.0,0.0,0,0.398,1,2,1865,0.789,0.534,0.394,27.0,27.0,0.1819,148.4,0.0,1,1,0.807,1.23714,1,0,0.535,1.25903,0,0.795,0.306,0.694,0.0,1.0,0.5,0.0,0.0,0.5,0.0,1.0,0.256,0.5,0.459,0.0,0.422,0.0,0,0,0.453,0.286,0.0,0.24,0.0,0.998,0.135,0.0,0.513,0.444,0.0,1.0,0.728
7889,2021.09.22 10:03:40,GBPCHFm,BREAKOUT,SELL,2,1.25779,1.26076,1.25408,1.25,0.421,1.26179,1.26247,1.25868,0,0.103,1.721,-2.694,1.26179,1.26757,1.27561,1.25705,1,0.0,0.7,2,1.26179,0.695,0.346,0,0.0,0.0,1.25731,1.28087,15.477,0,0,0,0.75,-0.72,-0.2984,0.72,0.839,2,0.482,3,0.444,1.25759,1.25827,0.133,0.323,0.0,2,0.0,0,0.482,0.873,2.694,0.324,0.384,1,1.26179,8,0.739,0.733,0.048,0.216,0.0,0.848,0.783,1.26883,1.26167,1.27079,252368.9676,-144488.1302,1,1.26928,0.485,1.25067,0.411,0.0,0.0,0,0.398,1,2,1866,0.789,0.534,0.394,27.0,27.0,0.1817,148.6,0.0,1,1,0.807,1.23714,1,0,0.535,1.25903,0,0.835,0.306,0.694,0.0,1.0,0.5,0.63,0.0,0.5,0.0,0.676,0.483,0.5,0.502,0.0,0.357,0.0,0,0,0.304,0.859,0.0,0.198,0.0,0.292,0.565,0.0,0.532,0.444,0.0,1.0,0.936
7891,2021.09.22 10:40:40,GBPCHFm,TREND_CONTINUATION,SELL,2,1.25871,1.26194,1.255,1.15,0.443,1.26179,1.26247,1.25868,1,0.103,1.721,-2.0748,1.26179,1.26757,1.27561,1.25705,1,0.0,0.7,2,1.26179,0.695,0.346,0,0.0,0.0,1.25731,1.28087,15.477,0,0,0,0.75,-0.72,-0.2984,0.72,0.706,2,0.482,3,0.444,1.25962,1.25827,0.616,0.296,0.0,2,0.0,0,0.482,0.714,2.075,0.344,0.351,1,1.25962,2,0.55,0.0,0.088,0.216,0.0,0.734,0.783,1.26883,1.26167,1.27079,252368.9676,-144488.1302,1,1.26928,0.485,1.25067,0.411,0.0,0.0,0,0.398,1,2,1866,0.789,0.534,0.394,27.0,27.0,0.1817,148.6,0.0,1,1,0.807,1.23714,1,0,0.535,1.25903,0,0.215,0.306,0.694,0.0,1.0,0.5,0.99,0.0,0.5,0.0,0.448,0.405,0.5,0.486,0.0,0.276,0.0,0,0,0.313,0.723,0.0,0.198,0.0,0.312,0.386,0.0,0.532,0.444,0.0,1.0,0.858
7893,2021.09.22 10:57:40,GBPCHFm,MEAN_REVERSION,BUY,2,1.25802,1.25683,1.26206,3.4,0.544,1.26179,1.26247,1.25868,0,0.103,1.721,-2.7209,1.26179,1.26757,1.27561,1.25705,1,0.0,0.7,2,1.26179,0.695,0.346,0,0.0,0.0,1.25731,1.28087,15.477,0,0,0,0.75,-0.72,-0.2984,0.72,0.839,2,0.482,3,0.444,1.25759,1.25827,0.106,0.35,0.0,2,0.0,0,0.482,0.882,2.721,0.324,0.385,1,1.26179,8,0.739,0.787,0.048,0.216,0.0,0.848,0.783,1.26883,1.26167,1.27079,252368.9676,-144488.1302,1,1.26928,0.485,1.25067,0.411,0.0,0.0,0,0.398,1,2,1866,0.789,0.534,0.394,27.0,27.0,0.1817,148.6,0.0,1,1,0.807,1.23714,1,0,0.535,1.25903,0,0.68,0.306,0.694,0.0,1.0,0.5,0.03,0.0,0.5,0.0,0.483,0.488,0.5,0.491,0.0,0.275,0.0,0,0,0.265,0.859,0.0,0.198,0.0,0.422,0.565,0.0,0.532,0.444,0.0,1.0,0.936
7894,2021.09.22 11:00:40,GBPCHFm,BREAKOUT_RETEST,SELL,2,1.25755,1.258,1.25605,3.36,0.513,1.25792,1.25979,1.2573,1,0.204,2.049,-0.2503,1.26215,1.26757,1.27438,1.25705,1,0.0,0.5,2,1.25792,0.654,0.384,0,0.0,0.0,1.25788,1.28087,15.835,0,0,0,0.825,-0.755,-0.4448,0.755,0.894,2,0.584,3,0.413,1.25792,1.26066,0.25,2.096,0.0,2,0.0,0,0.584,0.662,2.096,0.316,0.382,1,1.25979,4,0.6,0.499,0.032,0.226,0.0,0.858,0.904,1.26883,1.26167,1.27079,252368.9676,-144488.1302,1,1.26928,0.485,1.25067,0.411,0.0,0.0,0,0.398,1,2,1867,0.789,0.534,0.394,27.0,27.0,0.1819,148.4,0.0,1,1,0.807,1.23714,1,0,0.535,1.25903,0,0.997,0.306,0.694,0.0,1.0,0.5,0.11,0.0,0.5,0.0,0.692,0.395,0.5,0.481,0.0,0.284,0.0,0,0,0.321,0.812,0.0,0.317,0.0,0.414,0.433,0.0,0.535,0.444,0.0,1.0,0.858
7896,2021.09.22 11:08:40,GBPCHFm,ANCHORED_PULLBACK,SELL,2,1.25717,1.25807,1.2542,3.3,0.327,1.25792,1.25979,1.2573,0,0.204,2.049,-0.5063,1.26215,1.26757,1.27438,1.25705,1,0.0,0.5,2,1.25792,0.654,0.384,0,0.0,0.0,1.25788,1.28087,15.835,0,0,0,0.825,-0.755,-0.4448,0.755,0.238,2,0.584,3,0.413,1.25792,1.26066,0.506,2.352,0.0,2,0.0,0,0.584,0.974,2.352,0.414,0.419,1,1.25792,8,0.731,0.0,0.229,0.226,0.0,0.858,0.904,1.26883,1.26167,1.27079,252368.9676,-144488.1302,1,1.26928,0.485,1.25067,0.411,0.0,0.0,0,0.398,1,2,1867,0.789,0.534,0.394,27.0,27.0,0.1819,148.4,0.0,1,1,0.807,1.23714,1,0,0.535,1.25903,0,1.253,0.306,0.694,0.0,1.0,0.5,0.0,0.0,0.5,0.0,0.681,0.447,0.5,0.508,0.0,0.263,0.0,0,0,0.289,0.751,0.0,0.22,0.0,0.423,0.245,0.0,0.512,0.444,0.0,1.0,0.889
7897,2021.09.22 11:10:40,GBPCHFm,PULLBACK,SELL,2,1.25703,1.25782,1.25258,5.63,0.421,1.25792,1.25979,1.2573,0,0.204,2.049,-0.6006,1.26215,1.26757,1.27438,1.25705,0,0.0,0.5,2,1.25792,0.654,0.384,0,0.0,0.0,1.25788,1.28087,15.835,0,0,0,0.825,-0.755,-0.4448,0.755,0.238,2,0.584,3,0.413,1.25792,1.26066,0.601,2.446,0.0,2,0.0,0,0.584,1.013,2.446,0.414,0.423,1,1.25792,8,0.731,0.0,0.229,0.226,0.0,0.858,0.904,1.26883,1.26167,1.27079,252368.9676,-144488.1302,1,1.26928,0.485,1.25067,0.411,0.0,0.0,0,0.398,1,2,1867,0.789,0.534,0.394,27.0,27.0,0.1819,148.4,0.0,1,1,0.807,1.23714,1,0,0.535,1.25903,0,1.347,0.306,0.694,0.0,1.0,0.5,0.0,0.0,0.5,0.0,0.729,0.387,0.5,0.537,0.0,0.308,0.0,0,0,0.352,0.594,0.0,0.178,0.0,0.457,0.18,0.0,0.519,0.444,0.0,1.0,0.864
7901,2021.09.22 12:03:40,GBPCHFm,BREAKOUT,SELL,2,1.25804,1.25879,1.25688,1.55,0.257,1.25789,1.25864,1.25697,1,0.035,0.731,0.1047,1.26204,1.26743,1.2743,1.2568,1,0.0,0.5,0,1.25789,0.758,0.736,0,0.0,0.0,0.0,1.28087,15.871,0,0,0,0.6,-0.615,-0.4735,0.615,0.955,0,0.755,1,0.172,1.25781,1.25688,0.163,0.8,0.0,2,0.25,0,0.755,0.245,0.8,0.307,0.309,0,1.25864,4,0.6,0.675,0.114,0.185,0.088,0.861,0.938,1.26883,1.26167,1.27086,260409.919,8040.9515,2,1.26928,0.485,1.25067,0.411,0.0,0.0,0,0.39,1,2,1868,0.789,0.534,0.394,27.0,27.0,0.1869,144.5,0.0,1,1,0.807,1.23714,1,0,0.535,1.25903,0,0.685,0.02,0.98,0.0,0.0,0.5,0.52,0.0,0.5,0.0,0.446,0.604,0.5,0.563,0.0,0.428,0.0,0,0,0.402,0.8,0.0,0.325,0.0,0.444,0.47,0.0,0.537,0.444,0.0,1.0,0.78
7902,2021.09.22 12:40:40,GBPCHFm,TREND_CONTINUATION,SELL,2,1.25724,1.25897,1.25363,2.08,0.365,1.25789,1.25864,1.25697,1,0.035,0.731,-0.449,1.26204,1.26743,1.2743,1.2568,1,0.0,0.5,0,1.25789,0.758,0.736,0,0.0,0.0,0.0,1.28087,15.871,0,0,0,0.6,-0.615,-0.4735,0.615,0.293,0,0.755,1,0.172,1.25781,1.25688,0.391,0.247,0.0,2,0.25,0,0.755,0.182,0.449,0.406,0.302,0,1.25789,8,0.752,0.218,0.312,0.185,0.088,0.861,0.938,1.26883,1.26167,1.27086,260409.919,8040.9515,2,1.26928,0.485,1.25067,0.411,0.0,0.0,0,0.39,1,2,1868,0.789,0.534,0.394,27.0,27.0,0.1869,144.5,0.0,1,1,0.807,1.23714,1,0,0.535,1.25903,0,1.239,0.02,0.98,0.0,0.0,0.5,0.05,0.0,0.5,0.0,0.371,0.412,0.5,0.504,0.0,0.298,0.0,0,0,0.323,0.719,0.0,0.136,0.0,0.404,0.367,0.0,0.513,0.444,0.0,1.0,0.811
7905,2021.09.22 12:51:40,GBPCHFm,SWEEP_REVERSAL,BUY,2,1.25678,1.25534,1.25816,0.95,0.179,1.25789,1.25864,1.25697,0,0.035,0.731,-0.9542,1.26204,1.26743,1.2743,1.2568,0,0.0,0.5,0,1.25789,0.758,0.736,0,0.0,0.0,0.0,1.28087,15.871,0,0,0,0.6,-0.615,-0.4735,0.615,0.066,0,0.755,1,0.172,1.25781,1.25688,0.896,0.259,0.0,2,0.25,0,0.755,0.42,0.954,0.44,0.329,0,1.25789,8,0.752,0.0,0.38,0.185,0.088,0.861,0.938,1.26883,1.26167,1.27086,260409.919,8040.9515,2,1.26928,0.485,1.25067,0.411,0.0,0.0,0,0.39,1,2,1868,0.789,0.534,0.394,27.0,27.0,0.1869,144.5,0.0,1,1,0.807,1.23714,1,0,0.535,1.25903,0,1.557,0.02,0.98,0.0,0.0,0.5,0.0,0.0,0.5,0.0,0.345,0.459,0.5,0.519,0.0,0.441,0.0,0,0,0.356,0.613,0.0,0.244,0.0,0.48,0.154,0.0,0.52,0.444,0.0,1.0,0.864
7906,2021.09.22 12:57:40,GBPCHFm,MEAN_REVERSION,BUY,2,1.25701,1.25585,1.25816,0.99,0.643,1.25789,1.25864,1.25697,0,0.035,0.731,-0.795,1.26204,1.26743,1.2743,1.2568,0,0.0,0.5,0,1.25789,0.758,0.736,0,0.0,0.0,0.0,1.28087,15.871,0,0,0,0.6,-0.615,-0.4735,0.615,0.066,0,0.755,1,0.172,1.25781,1.25688,0.737,0.099,0.0,2,0.25,0,0.755,0.35,0.795,0.44,0.321,0,1.25789,8,0.752,0.0,0.38,0.185,0.088,0.861,0.938,1.26883,1.26167,1.27086,260409.919,8040.9515,2,1.26928,0.485,1.25067,0.411,0.0,0.0,0,0.39,1,2,1868,0.789,0.534,0.394,27.0,27.0,0.1869,144.5,0.0,1,1,0.807,1.23714,1,0,0.535,1.25903,0,1.398,0.02,0.98,0.0,0.0,0.5,0.24,0.0,0.5,0.0,0.345,0.56,0.5,0.484,0.0,0.392,0.0,0,0,0.338,0.613,0.0,0.244,0.0,0.673,0.181,0.0,0.52,0.444,0.0,1.0,0.864
7909,2021.09.22 13:08:40,GBPCHFm,ANCHORED_PULLBACK,SELL,4,1.25725,1.25778,1.25425,5.69,0.512,1.25773,1.25822,1.25738,0,0.509,0.323,-0.321,1.26182,1.26181,1.27406,1.25729,0,0.0,0.3,0,1.25773,0.746,0.603,0,0.0,0.0,1.25733,1.28087,16.037,0,0,-1,0.975,-0.825,-0.4376,0.825,0.493,0,0.747,2,0.07,1.2578,1.25662,0.367,0.418,0.0,2,0.0,0,0.747,0.157,0.418,0.376,0.324,0,1.25773,8,0.749,0.266,0.152,0.247,0.0,0.88,0.921,1.26883,1.26167,1.27086,260409.919,8040.9515,2,1.26928,0.485,1.25067,0.411,0.0,0.0,0,0.39,1,2,1869,0.789,0.534,0.394,27.0,27.0,0.1801,149.9,0.0,1,1,0.807,1.23714,1,0,0.535,1.25903,0,1.187,0.02,0.98,0.0,0.0,0.5,0.99,0.0,0.5,0.0,0.448,0.583,0.5,0.589,0.0,0.547,0.0,0,0,0.446,0.733,0.0,0.38,0.0,0.333,0.2,0.0,0.514,0.444,0.0,1.0,0.728
7911,2021.09.22 13:10:40,GBPCHFm,PULLBACK,SELL,4,1.25698,1.25923,1.25248,2.0,0.45,1.25773,1.25822,1.25738,0,0.509,0.323,-0.5011,1.26182,1.26181,1.27406,1.25729,0,0.0,0.3,0,1.25773,0.746,0.603,0,0.0,0.0,1.25733,1.28087,16.037,0,0,-1,0.975,-0.825,-0.4376,0.825,0.241,0,0.747,2,0.07,1.2578,1.25662,0.547,0.238,0.0,2,0.0,0,0.747,0.226,0.547,0.414,0.332,0,1.25773,8,0.749,0.0,0.228,0.247,0.0,0.88,0.921,1.26883,1.26167,1.27086,260409.919,8040.9515,2,1.26928,0.485,1.25067,0.411,0.0,0.0,0,0.39,1,2,1869,0.789,0.534,0.394,27.0,27.0,0.1801,149.9,0.0,1,1,0.807,1.23714,1,0,0.535,1.25903,0,1.367,0.02,0.98,0.0,0.0,0.5,0.76,0.0,0.5,0.0,0.516,0.614,0.5,0.571,0.0,0.59,0.0,0,0,0.476,0.601,0.0,0.273,0.0,0.342,0.176,0.0,0.514,0.444,0.0,1.0,0.728
7914,2021.09.22 13:50:40,GBPCHFm,BREAKOUT_RETEST,SELL,4,1.25756,1.25801,1.25697,1.31,0.563,1.25773,1.25822,1.25738,1,0.509,0.323,-0.1142,1.26182,1.26181,1.27406,1.25729,1,0.0,0.3,0,1.25773,0.746,0.603,0,0.0,0.0,1.25733,1.28087,16.037,0,0,-1,0.975,-0.825,-0.4376,0.825,0.822,0,0.747,2,0.07,1.2578,1.25662,0.16,0.625,0.0,2,0.0,0,0.747,0.204,0.625,0.327,0.329,0,1.25822,4,0.6,0.679,0.053,0.247,0.0,0.88,0.921,1.26883,1.26167,1.27086,260409.919,8040.9515,2,1.26928,0.485,1.25067,0.411,0.0,0.0,0,0.39,1,2,1869,0.789,0.534,0.394,27.0,27.0,0.1801,149.9,0.0,1,1,0.807,1.23714,1,0,0.535,1.25903,0,0.98,0.02,0.98,0.0,0.0,0.5,0.99,0.0,0.5,0.0,0.607,0.546,0.5,0.521,0.0,0.753,0.0,0,0,0.485,0.814,0.0,0.307,0.0,0.281,0.54,0.0,0.528,0.444,0.0,1.0,0.639
7916,2021.09.22 14:29:40,GBPCHFm,BREAKOUT,SELL,4,1.25741,1.25817,1.25339,5.29,0.283,1.25801,1.25822,1.25669,1,0.035,0.294,-0.3724,1.26182,1.26181,1.27148,1.256,1,0.0,0.55,0,1.25801,0.705,0.357,0,0.0,0.0,1.25655,1.28087,14.183,0,0,0,0.7,-0.86,-0.4339,0.86,0.356,2,0.567,3,0.374,1.25773,1.25856,0.2,0.717,0.0,2,0.15,0,0.567,0.284,0.717,0.397,0.292,0,1.25801,8,0.741,0.6,0.253,0.258,0.053,0.741,0.922,1.26883,1.26167,1.27086,260409.919,8040.9515,2,1.26928,0.485,1.25067,0.411,0.0,0.0,0,0.39,1,2,1870,0.787,0.535,0.396,27.0,27.0,0.1681,160.6,0.0,1,1,0.807,1.23714,1,0,0.535,1.25903,0,1.008,0.02,0.98,0.0,0.0,0.5,0.0,0.0,0.5,0.0,0.554,0.399,0.5,0.472,0.0,0.425,0.0,0,0,0.373,0.662,0.0,0.352,0.0,0.341,0.431,0.0,0.5,0.444,0.0,1.0,0.733
7918,2021.09.22 14:40:40,GBPCHFm,TREND_CONTINUATION,SELL,4,1.25772,1.25965,1.2537,2.08,0.419,1.25801,1.25822,1.25669,1,0.035,0.294,-0.1794,1.26182,1.26181,1.27148,1.256,1,0.0,0.55,0,1.25801,0.705,0.357,0,0.0,0.0,1.25655,1.28087,14.183,0,0,0,0.7,-0.86,-0.4339,0.86,0.709,2,0.567,3,0.374,1.25773,1.25856,0.007,0.524,0.0,2,0.15,0,0.567,0.18,0.524,0.344,0.28,0,1.25822,4,0.6,0.986,0.147,0.258,0.053,0.741,0.922,1.26883,1.26167,1.27086,260409.919,8040.9515,2,1.26928,0.485,1.25067,0.411,0.0,0.0,0,0.39,1,2,1870,0.787,0.535,0.396,27.0,27.0,0.1681,160.6,0.0,1,1,0.807,1.23714,1,0,0.535,1.25903,0,0.815,0.02,0.98,0.0,0.0,0.5,0.27,0.0,0.5,0.0,0.568,0.563,0.5,0.533,0.0,0.409,0.0,0,0,0.362,0.73,0.0,0.317,0.0,0.341,0.475,0.0,0.522,0.444,0.0,1.0,0.78
7919,2021.09.22 14:52:20,GBPCHFm,SWEEP_REVERSAL,SELL,4,1.25823,1.25984,1.25669,0.96,0.144,1.25801,1.25822,1.25669,0,0.035,0.294,0.138,1.26182,1.26181,1.27148,1.256,1,0.0,0.55,0,1.25801,0.705,0.357,0,0.0,0.0,1.25655,1.28087,14.183,0,0,0,0.7,-0.86,-0.4339,0.86,0.209,2,0.567,3,0.374,1.25808,1.25856,0.095,0.207,0.0,2,0.15,0,0.567,0.628,1.5,0.419,0.344,0,1.25669,5,0.6,0.81,0.297,0.258,0.053,0.838,0.922,1.26883,1.26167,1.27086,260409.919,8040.9515,2,1.26928,0.485,1.25067,0.411,0.0,0.0,0,0.39,1,2,1870,0.787,0.535,0.396,27.0,27.0,0.1681,160.6,0.0,1,1,0.807,1.23714,1,0,0.535,1.25903,0,0.498,0.02,0.98,0.0,0.0,0.5,0.93,0.0,0.5,0.0,0.969,0.6,0.5,0.525,0.0,0.476,0.0,0,0,0.407,0.621,0.0,0.264,0.0,0.383,0.465,0.0,0.5,0.444,0.0,1.0,0.811
7920,2021.09.22 14:57:40,GBPCHFm,MEAN_REVERSION,SELL,4,1.2593,1.26059,1.25801,1.01,0.543,1.25801,1.25822,1.25669,0,0.035,0.294,0.8041,1.26182,1.26181,1.27148,1.256,1,0.0,0.55,0,1.25801,0.705,0.357,0,0.0,0.0,1.25655,1.28087,14.183,0,0,0,0.7,-0.86,-0.4339,0.86,0.069,2,0.567,3,0.374,1.25808,1.25856,0.761,0.459,0.0,2,0.15,0,0.567,0.354,0.804,0.44,0.312,0,1.25801,8,0.741,0.0,0.339,0.258,0.053,0.838,0.922,1.26883,1.26167,1.27086,260409.919,8040.9515,2,1.26928,0.485,1.25067,0.411,0.0,0.0,0,0.39,1,2,1870,0.787,0.535,0.396,27.0,27.0,0.1681,160.6,0.0,1,1,0.807,1.23714,1,0,0.535,1.25903,0,0.168,0.02,0.98,0.0,0.0,0.5,0.99,0.0,0.5,0.0,0.807,0.548,0.5,0.499,0.0,0.395,0.0,0,0,0.336,0.501,0.0,0.66,0.0,0.348,0.56,0.0,0.5,0.444,0.0,1.0,0.811
7924,2021.09.22 15:45:40,GBPCHFm,PULLBACK,SELL,4,1.26057,1.26305,1.25798,1.04,0.465,1.25798,1.25842,1.25669,0,0.232,0.393,1.5613,1.26182,1.26181,1.27148,1.256,1,0.0,0.5,0,1.25798,0.708,0.362,0,0.0,0.0,0.0,1.28087,13.483,0,0,0,1.0,-0.72,-0.3659,0.72,0.044,2,0.644,0,0.743,1.2579,1.25928,1.613,0.78,0.0,2,0.25,0,0.644,0.715,1.613,0.443,0.401,1,1.25798,8,0.742,0.0,0.387,0.216,0.236,0.81,0.944,1.26883,1.26167,1.27086,260409.919,8040.9515,2,1.26928,0.485,1.25067,0.411,0.0,0.0,0,0.39,1,2,1871,0.787,0.535,0.396,27.0,27.0,0.163,165.6,0.0,1,1,0.807,1.23714,1,0,0.535,1.25903,-1,0.93,0.02,0.98,0.0,0.0,0.0,0.99,0.0,0.5,0.0,0.917,0.615,0.5,0.486,0.0,0.311,0.0,0,0,0.339,0.594,0.0,0.545,0.0,0.336,0.613,0.0,0.489,0.444,0.0,1.0,0.811
7925,2021.09.22 16:00:00,GBPCHFm,ANCHORED_PULLBACK,BUY,4,1.26081,1.25993,1.26382,3.42,0.791,1.25799,1.25928,1.2567,0,1.555,0.414,1.5555,1.26182,1.26181,1.27019,1.256,1,0.0,0.55,0,1.25799,0.78,0.694,0,0.0,0.0,1.26042,1.28087,12.399,0,0,0,1.0,-0.93,-0.2911,0.93,0.226,0,0.681,0,0.356,1.25787,1.26056,1.627,0.014,0.5177,0,0.0,2,1.0,0.921,1.627,0.566,0.524,2,1.25799,8,0.756,0.0,0.232,0.979,0.071,0.979,0.769,1.26883,1.26167,1.27116,276149.1265,15739.2074,2,1.26928,0.483,1.25067,0.41,0.0,0.0,0,0.385,1,2,1872,0.787,0.535,0.396,27.0,27.0,0.1646,164.0,0.0,1,1,0.807,1.23714,0,0,0.0,1.25903,-1,14.433,0.023,0.977,0.0,0.0,0.0,0.74,0.0,0.5,0.0,0.606,0.638,0.5,0.49,0.0,0.425,0.0,0,0,0.4,0.581,0.0,0.79,0.0,1.0,0.563,0.0,0.434,0.444,0.0,1.0,0.865
7927,2021.09.22 17:11:40,GBPCHFm,BREAKOUT_RETEST,BUY,3,1.26052,1.26002,1.26232,3.61,0.572,1.25797,1.26057,1.25763,1,0.075,0.198,1.3748,1.26182,1.26172,1.26999,1.256,1,0.0,0.65,0,1.25684,0.774,0.0,1,0.0,0.0,0.0,1.28087,12.514,0,0,0,1.0,-0.79,-0.0764,0.79,0.891,2,0.502,3,0.343,1.26035,1.25978,0.058,0.283,0.0,2,0.4,4,0.551,0.857,2.057,0.416,0.338,0,1.25797,1,0.7,0.883,0.193,0.237,0.14,0.939,0.76,1.26883,1.26167,1.27116,276149.1265,15739.2074,2,1.26928,0.483,1.25067,0.41,0.0,0.0,0,0.385,1,2,1873,0.787,0.535,0.396,27.0,27.0,0.1627,165.9,0.0,1,1,0.807,1.23714,0,0,0.0,1.25903,-1,14.09,0.023,0.977,0.0,0.0,0.0,0.93,0.0,0.5,0.0,0.691,0.649,0.5,0.435,0.0,0.234,0.0,0,0,0.313,0.534,0.0,0.592,0.0,0.486,0.492,0.0,0.465,0.444,0.0,1.0,0.8
7930,2021.09.22 18:30:20,GBPCHFm,BREAKOUT,BUY,3,1.26159,1.26067,1.26585,4.63,0.38,1.26038,1.26124,1.25856,0,0.082,0.532,0.5523,1.25781,1.26168,1.26989,1.256,1,0.0,0.7,0,1.26038,0.682,0.807,0,0.0,0.0,0.0,1.28087,11.826,0,0,0,0.675,0.51,0.1158,0.51,0.229,0,0.678,0,0.457,1.26028,1.26114,0.609,0.103,0.0,2,0.25,0,0.678,0.253,0.609,0.416,0.311,0,1.26038,8,0.736,0.0,0.331,0.153,0.179,0.74,0.75,1.26883,1.26167,1.27116,276149.1265,15739.2074,2,1.26928,0.483,1.25067,0.41,0.0,0.0,0,0.385,1,2,1874,0.787,0.535,0.396,27.0,27.0,0.1584,170.5,0.0,1,1,0.807,1.23714,0,1,0.0,1.26291,-1,14.34,0.023,0.977,0.0,0.0,0.0,0.39,0.0,0.5,0.0,0.288,0.465,0.5,0.547,0.0,0.904,0.0,0,0,0.547,0.678,0.287,0.687,0.0,0.629,0.507,0.0,0.476,0.444,0.0,1.0,0.996
7931,2021.09.22 18:41:00,GBPCHFm,TREND_CONTINUATION,BUY,3,1.26303,1.26067,1.26729,1.81,0.395,1.26038,1.26124,1.25856,0,0.082,0.532,1.3969,1.25781,1.26168,1.26989,1.256,1,0.0,0.7,0,1.26038,0.682,0.807,0,0.0,0.0,0.0,1.28087,11.826,0,0,0,0.675,0.51,0.1158,0.51,0.229,0,0.678,0,0.457,1.26028,1.26114,1.453,0.948,0.0,2,0.25,0,0.678,0.604,1.453,0.416,0.352,1,1.26038,8,0.736,0.0,0.331,0.153,0.179,0.74,0.75,1.26883,1.26167,1.27116,276149.1265,15739.2074,2,1.26928,0.483,1.25067,0.41,0.0,0.0,0,0.385,1,2,1874,0.787,0.535,0.396,27.0,27.0,0.1584,170.5,0.0,1,1,0.807,1.23714,0,1,0.0,1.26291,-1,15.185,0.023,0.977,0.0,0.0,0.0,0.98,0.0,0.5,0.133,0.288,0.775,0.5,0.658,0.0,0.91,0.0,0,0,0.726,0.634,0.0,0.458,0.0,0.616,0.639,0.0,0.482,0.444,0.0,1.0,0.996
7934,2021.09.22 20:00:40,GBPCHFm,BREAKOUT_RETEST,BUY,3,1.26138,1.26079,1.26206,1.17,0.402,1.26179,1.26222,1.26085,1,0.117,0.586,-0.3501,1.26222,1.26158,1.26839,1.256,1,0.0,0.4,0,1.26179,0.721,0.762,0,0.0,0.0,1.26172,1.28087,10.238,0,0,0,0.55,0.755,0.2558,0.755,0.877,0,0.697,0,0.615,1.26119,1.25974,0.043,0.704,0.0,2,0.0,0,0.697,0.224,0.704,0.318,0.38,1,1.26179,8,0.744,0.914,0.037,0.226,0.123,0.821,0.952,1.26883,1.26167,1.26148,-5769.2308,-281918.3572,-2,1.26928,0.479,1.25067,0.409,0.0,0.0,0,0.42,1,2,1876,0.787,0.535,0.396,27.0,27.0,0.1383,195.3,0.0,1,1,0.807,1.23714,0,1,0.0,1.26291,-1,12.413,0.073,0.927,0.0,0.0,0.0,0.24,0.0,0.5,0.0,1.0,0.393,0.5,0.524,0.0,0.338,0.0,0,0,0.357,0.812,0.0,0.911,0.0,0.285,0.401,0.0,0.48,0.444,0.0,1.0,0.92
7936,2021.09.22 20:04:59,GBPCHFm,PULLBACK,BUY,3,1.26172,1.25879,1.26866,2.37,0.478,1.26179,1.26222,1.26085,1,0.117,0.586,-0.176,1.26222,1.26158,1.26839,1.256,1,0.0,0.4,0,1.26179,0.721,0.762,0,0.0,0.0,1.26172,1.28087,10.238,0,0,0,0.55,0.755,0.2558,0.755,0.767,0,0.697,0,0.615,1.26119,1.26274,0.131,0.659,0.0,2,0.0,0,0.697,0.221,0.659,0.335,0.379,1,1.26085,5,0.6,0.737,0.07,0.226,0.123,0.821,0.933,1.26883,1.26167,1.26148,-5769.2308,-281918.3572,-2,1.26928,0.479,1.25067,0.409,0.0,0.0,0,0.42,1,2,1876,0.787,0.535,0.396,27.0,27.0,0.1383,195.3,0.0,1,1,0.807,1.23714,0,1,0.0,1.26291,-1,12.587,0.073,0.927,0.0,0.0,0.0,0.73,0.0,0.5,0.0,0.936,0.504,0.5,0.524,0.0,0.372,0.0,0,0,0.308,0.812,0.0,0.792,0.0,0.285,0.456,0.0,0.485,0.444,0.0,1.0,0.92
7938,2021.09.22 20:30:20,GBPCHFm,BREAKOUT,BUY,3,1.26222,1.25929,1.2671,1.67,0.263,1.26179,1.26222,1.26085,1,0.117,0.586,0.08,1.26222,1.26158,1.26839,1.256,1,0.0,0.4,0,1.26179,0.721,0.762,0,0.0,0.0,1.26172,1.28087,10.238,0,0,0,0.55,0.755,0.2558,0.755,0.608,0,0.697,0,0.615,1.26171,1.26274,0.124,0.403,0.0,2,0.0,0,0.697,0.145,0.403,0.359,0.392,1,1.26085,5,0.6,0.752,0.117,0.226,0.123,0.994,0.933,1.26883,1.26167,1.26148,-5769.2308,-281918.3572,-2,1.26928,0.479,1.25067,0.409,0.0,0.0,0,0.42,1,2,1876,0.787,0.535,0.396,27.0,27.0,0.1383,195.3,0.0,1,1,0.807,1.23714,0,1,0.0,1.26291,-1,12.843,0.073,0.927,0.0,0.0,0.0,0.99,0.0,0.5,0.0,1.0,0.714,0.5,0.568,0.0,0.185,0.0,0,0,0.373,0.812,0.0,0.88,0.0,0.247,0.544,0.0,0.469,0.444,0.0,1.0,0.912
7940,2021.09.22 20:49:00,GBPCHFm,TREND_CONTINUATION,BUY,3,1.26174,1.2594,1.26662,2.08,0.392,1.26179,1.26222,1.26085,1,0.117,0.586,-0.1658,1.26222,1.26158,1.26839,1.256,1,0.0,0.4,0,1.26179,0.721,0.762,0,0.0,0.0,1.26172,1.28087,10.238,0,0,0,0.55,0.755,0.2558,0.755,0.767,0,0.697,0,0.615,1.26171,1.26274,0.122,0.649,0.0,2,0.0,0,0.697,0.217,0.649,0.335,0.401,1,1.26085,5,0.6,0.756,0.07,0.226,0.123,0.994,0.933,1.26883,1.26167,1.26148,-5769.2308,-281918.3572,-2,1.26928,0.479,1.25067,0.409,0.0,0.0,0,0.42,1,2,1876,0.787,0.535,0.396,27.0,27.0,0.1383,195.3,0.0,1,1,0.807,1.23714,0,1,0.0,1.26291,-1,12.597,0.073,0.927,0.0,0.0,0.0,0.47,0.0,0.5,0.0,1.0,0.61,0.5,0.573,0.0,0.139,0.0,0,0,0.293,0.812,0.0,0.911,0.0,0.236,0.456,0.0,0.485,0.444,0.0,1.0,0.92
7942,2021.09.22 20:59:40,GBPCHFm,SWEEP_REVERSAL,BUY,3,1.26074,1.25879,1.26244,0.87,0.129,1.26179,1.26222,1.26085,0,0.117,0.586,-0.8724,1.26222,1.26158,1.26839,1.256,1,0.0,0.4,0,1.26179,0.721,0.762,0,0.0,0.0,1.26172,1.28087,10.238,0,0,0,0.55,0.755,0.2558,0.755,0.319,0,0.697,0,0.615,1.26119,1.25974,0.565,0.181,0.0,2,0.0,0,0.697,0.351,0.872,0.402,0.395,1,1.26179,8,0.744,0.0,0.204,0.226,0.123,0.821,0.952,1.26883,1.26167,1.26148,-5769.2308,-281918.3572,-2,1.26928,0.479,1.25067,0.409,0.0,0.0,0,0.42,1,2,1876,0.787,0.535,0.396,65.0,29.9,0.3328,195.3,0.0,1,1,0.807,1.23714,0,1,0.0,1.26291,-1,12.085,0.073,0.927,0.0,0.0,0.0,0.0,0.0,0.5,0.411,1.0,0.549,0.5,0.559,0.0,0.087,0.0,0,0,0.232,0.709,0.0,0.792,0.0,0.241,0.246,0.0,0.467,0.444,0.0,1.0,0.951
7943,2021.09.22 20:59:59,GBPCHFm,MEAN_REVERSION,BUY,3,1.26074,1.25918,1.26244,1.09,0.629,1.26179,1.26222,1.26085,0,0.117,0.586,-0.8724,1.26222,1.26158,1.26839,1.256,1,0.0,0.4,0,1.26179,0.721,0.762,0,0.0,0.0,1.26172,1.28087,10.238,0,0,0,0.55,0.755,0.2558,0.755,0.319,0,0.697,0,0.615,1.26119,1.25974,0.565,0.181,0.0,2,0.0,0,0.697,0.351,0.872,0.402,0.395,1,1.26179,8,0.744,0.0,0.204,0.226,0.123,0.821,0.952,1.26883,1.26167,1.26148,-5769.2308,-281918.3572,-2,1.26928,0.479,1.25067,0.409,0.0,0.0,0,0.42,1,2,1876,0.787,0.535,0.396,65.0,30.2,0.3328,195.3,0.0,1,1,0.807,1.23714,0,1,0.0,1.26291,-1,12.085,0.073,0.927,0.0,0.0,0.0,0.0,0.0,0.5,0.411,1.0,0.526,0.5,0.559,0.0,0.087,0.0,0,0,0.218,0.709,0.0,0.792,0.0,0.241,0.246,0.0,0.467,0.444,0.0,1.0,0.951
0,2021.09.22 22:14:40,GBPCHFm,PULLBACK,BUY,1,1.26297,1.26222,1.26449,2.02,0.431,1.26164,1.26197,1.26086,0,0.684,0.389,-0.815,1.26182,1.26136,1.26791,1.256,1,0.0,0.25,4,1.26186,0.699,0.45,0,0.0,0.0,1.25955,1.28087,11.257,0,0,0,0.975,0.65,0.3114,0.65,0.207,0,0.72,2,0.153,1.26153,1.25908,0.755,0.557,0.0,2,0.25,0,0.72,0.391,0.934,0.419,0.321,0,1.26164,1,0.7,0.0,0.338,0.195,0.238,0.91,0.896,1.26883,1.26167,1.26148,-5769.2308,-281918.3572,-2,1.26928,0.479,1.25067,0.409,0.0,0.0,0,0.42,1,2,1878,0.787,0.535,0.396,285.0,333.3,1.5311,186.1,0.0,1,1,0.807,1.23714,0,1,0.0,1.26291,0,13.876,0.073,0.927,0.0,0.0,0.5,0.99,0.0,0.5,0.0,0.56,0.603,0.5,0.54,0.0,0.347,0.0,0,0,0.362,0.736,0.0,1.0,0.071,0.293,0.56,0.0,0.491,0.444,0.0,1.0,0.892
7946,2021.09.22 23:00:00,GBPCHFm,BREAKOUT_RETEST,BUY,1,1.26161,1.26107,1.26235,1.37,0.653,1.26165,1.26208,1.26088,1,0.019,1.166,-0.1724,1.26222,1.26136,1.26791,1.256,1,0.0,0.35,2,1.26165,0.734,0.176,0,0.0,0.0,1.26019,1.28087,10.861,0,0,0,1.0,0.685,0.2632,0.685,0.839,0,0.731,2,0.305,1.26156,1.25907,0.125,1.262,0.0523,0,0.25,0,0.731,0.409,1.262,0.324,0.338,0,1.26208,4,0.6,0.751,0.148,0.505,0.088,0.85,0.829,1.26883,1.26167,1.26148,-5769.2308,-281918.3572,-2,1.26928,0.479,1.25067,0.409,0.0,0.0,0,0.42,1,2,1879,0.787,0.535,0.396,27.0,197.6,0.1501,179.9,0.0,1,1,0.807,1.23714,0,1,0.0,1.26291,0,13.605,0.073,0.927,0.0,0.0,0.5,0.99,0.0,0.5,0.0,0.855,0.58,0.5,0.571,0.0,0.36,0.0,0,0,0.363,0.803,0.0,0.99,0.067,0.341,0.466,0.0,0.503,0.444,0.0,1.0,1.02
7947,2021.09.22 23:00:40,GBPCHFm,TREND_CONTINUATION,BUY,1,1.26169,1.25953,1.26619,2.08,0.524,1.26165,1.26208,1.26088,1,0.019,1.166,-0.1279,1.26222,1.26136,1.26791,1.256,1,0.0,0.35,2,1.26165,0.734,0.176,0,0.0,0.0,1.26019,1.28087,10.861,0,0,0,1.0,0.685,0.2632,0.685,0.808,0,0.736,2,0.305,1.26156,1.25907,0.08,1.307,0.0,2,0.25,0,0.736,0.43,1.307,0.329,0.341,0,1.26088,5,0.6,0.84,0.158,0.206,0.088,0.85,0.829,1.26883,1.26167,1.26148,-5769.2308,-281918.3572,-2,1.26928,0.479,1.25067,0.409,0.0,0.0,0,0.42,1,2,1879,0.787,0.535,0.396,27.0,192.1,0.1501,179.9,0.0,1,1,0.807,1.23714,0,1,0.0,1.26291,0,13.65,0.073,0.927,0.0,0.0,0.5,0.99,0.0,0.5,0.0,0.855,0.602,0.5,0.571,0.0,0.37,0.0,0,0,0.38,0.8,0.0,1.0,0.067,0.269,0.473,0.0,0.516,0.444,0.0,1.0,0.882
7950,2021.09.23 00:14:40,GBPCHFm,PULLBACK,BUY,1,1.26247,1.26147,1.26818,5.68,0.36,1.26137,1.26178,1.25996,0,0.046,1.182,0.4733,1.26222,1.26136,1.26791,1.256,1,0.0,0.55,2,1.26137,0.59,0.907,0,0.0,0.0,0.0,1.28087,11.177,0,0,0,0.75,0.72,0.1525,0.72,0.154,2,0.633,3,0.313,1.26137,1.26187,0.473,0.19,0.0,2,0.25,0,0.633,0.202,0.473,0.427,0.283,0,1.26137,8,0.718,0.053,0.354,0.216,0.088,0.793,0.828,1.26883,1.26167,1.26148,-5636.8421,132.3887,-1,1.26928,0.479,1.25067,0.409,0.0,0.0,0,0.436,1,2,1880,0.786,0.537,0.394,27.0,27.0,0.1541,175.2,0.0,1,1,0.807,1.23714,0,1,0.0,1.26291,1,14.457,0.084,0.916,0.0,1.0,1.0,0.93,0.0,0.5,0.0,0.726,0.765,0.5,0.549,0.0,0.148,0.0,0,0,0.383,0.685,0.0,0.898,0.067,0.48,0.549,0.0,0.489,0.444,0.0,1.0,0.996
7952,2021.09.23 00:30:20,GBPCHFm,BREAKOUT,BUY,1,1.26254,1.26147,1.26692,4.08,0.396,1.26137,1.26178,1.25996,0,0.046,1.182,0.5132,1.26222,1.26136,1.26791,1.256,1,0.0,0.55,2,1.26137,0.59,0.907,0,0.0,0.0,0.0,1.28087,11.177,0,0,0,0.75,0.72,0.1525,0.72,0.154,2,0.633,3,0.313,1.26137,1.26187,0.513,0.23,0.0,2,0.25,0,0.633,0.219,0.513,0.427,0.285,0,1.26137,8,0.718,0.0,0.354,0.216,0.088,0.793,0.828,1.26883,1.26167,1.26148,-5636.8421,132.3887,-1,1.26928,0.479,1.25067,0.409,0.0,0.0,0,0.436,1,2,1880,0.786,0.537,0.394,27.0,27.0,0.1541,175.2,0.0,1,1,0.807,1.23714,0,1,0.0,1.26291,1,14.497,0.084,0.916,0.0,1.0,1.0,0.32,0.0,0.5,0.0,0.567,0.536,0.5,0.546,0.0,0.19,0.0,0,0,0.262,0.641,0.0,0.898,0.067,0.367,0.555,0.0,0.485,0.444,0.0,1.0,0.996
7954,2021.09.23 01:00:40,GBPCHFm,TREND_CONTINUATION,BUY,1,1.26229,1.2602,1.26664,2.08,0.553,1.26011,1.26138,1.25864,0,0.326,0.101,1.0973,1.26219,1.26128,1.26774,1.256,1,0.0,0.7,0,1.26011,0.718,0.0,1,0.0,0.0,0.0,1.28087,10.814,0,0,0,1.0,0.93,0.1043,0.93,0.287,0,0.665,0,0.449,1.26148,1.26187,0.309,0.084,0.0,2,0.15,4,0.599,0.556,1.097,0.507,0.351,1,1.26148,2,0.55,0.382,0.274,0.279,0.142,0.823,0.723,1.26883,1.26167,1.26148,-5636.8421,132.3887,-1,1.26928,0.479,1.25067,0.409,0.0,0.0,0,0.436,1,2,1881,0.786,0.537,0.394,27.0,27.0,0.1551,174.1,0.0,1,1,0.807,1.23714,0,1,0.0,1.26291,1,14.448,0.084,0.916,0.0,1.0,1.0,0.51,0.0,0.5,0.0,0.627,0.253,0.5,0.439,0.0,0.327,0.0,0,0,0.411,0.438,0.0,0.704,0.1,0.337,0.561,0.0,0.441,0.444,0.0,1.0,0.883
7956,2021.09.23 02:00:40,GBPCHFm,ANCHORED_PULLBACK,BUY,1,1.26335,1.26244,1.26651,3.47,0.544,1.26235,1.26308,1.26017,1,0.384,1.233,0.4245,1.26219,1.26111,1.26848,1.256,1,0.0,0.7,2,1.26027,0.706,0.245,0,0.0,0.0,1.26296,1.28087,10.416,0,0,0,1.0,0.965,0.0539,0.965,0.127,2,0.541,3,0.663,1.26225,1.26079,0.485,1.334,0.0,2,0.0,0,0.541,0.706,1.637,0.431,0.412,1,1.26235,1,0.7,0.03,0.262,0.29,0.0,0.891,1.0,1.26883,1.26167,1.26148,-5636.8421,132.3887,-1,1.26928,0.479,1.25067,0.409,0.0,0.0,0,0.436,1,2,1882,0.786,0.537,0.394,27.0,27.0,0.1574,171.5,0.0,1,1,0.807,1.23714,0,1,0.0,1.26291,1,15.283,0.084,0.916,0.0,1.0,1.0,0.97,0.0,0.5,0.0,0.397,0.717,0.5,0.648,0.0,0.371,0.0,0,0,0.473,0.675,0.0,0.22,0.087,0.206,0.571,0.0,0.486,0.444,0.0,1.0,0.955
7957,2021.09.23 02:02:40,GBPCHFm,BREAKOUT_RETEST,BUY,1,1.26311,1.26245,1.26481,2.57,0.608,1.26235,1.26308,1.26017,1,0.384,1.233,0.2845,1.26219,1.26111,1.26848,1.256,1,0.0,0.7,2,1.26027,0.706,0.245,0,0.0,0.0,1.26296,1.28087,10.416,0,0,0,1.0,0.965,0.0539,0.965,0.151,2,0.541,3,0.663,1.26225,1.26079,0.345,1.194,0.0,2,0.0,0,0.541,0.64,1.497,0.427,0.404,1,1.26225,2,0.55,0.31,0.255,0.29,0.0,0.891,1.0,1.26883,1.26167,1.26148,-5636.8421,132.3887,-1,1.26928,0.479,1.25067,0.409,0.0,0.0,0,0.436,1,2,1882,0.786,0.537,0.394,27.0,27.0,0.1574,171.5,0.0,1,1,0.807,1.23714,0,1,0.0,1.26291,1,15.143,0.084,0.916,0.0,1.0,1.0,0.55,0.0,0.5,0.0,0.397,0.611,0.5,0.648,0.0,0.371,0.0,0,0,0.409,0.68,0.0,0.748,0.087,0.206,0.436,0.0,0.489,0.444,0.0,1.0,0.955
7958,2021.09.23 02:14:59,GBPCHFm,PULLBACK,BUY,1,1.26325,1.26068,1.26875,2.14,0.639,1.26235,1.26308,1.26017,1,0.384,1.233,0.3662,1.26219,1.26111,1.26848,1.256,1,0.0,0.7,2,1.26027,0.706,0.245,0,0.0,0.0,1.26296,1.28087,10.416,0,0,0,1.0,0.965,0.0539,0.965,0.127,2,0.541,3,0.663,1.26225,1.26079,0.427,1.276,0.0,2,0.0,0,0.541,0.681,1.579,0.431,0.409,1,1.26235,1,0.7,0.146,0.262,0.29,0.0,0.891,1.0,1.26883,1.26167,1.26148,-5636.8421,132.3887,-1,1.26928,0.479,1.25067,0.409,0.0,0.0,0,0.436,1,2,1882,0.786,0.537,0.394,27.0,27.0,0.1574,171.5,0.0,1,1,0.807,1.23714,0,1,0.0,1.26291,1,15.224,0.084,0.916,0.0,1.0,1.0,0.51,0.0,0.5,0.0,0.481,0.599,0.5,0.545,0.0,0.366,0.0,0,0,0.369,0.675,0.163,0.44,0.087,0.223,0.571,0.0,0.484,0.444,0.0,1.0,0.955
7962,2021.09.23 02:30:20,GBPCHFm,BREAKOUT,BUY,1,1.26332,1.26245,1.26761,4.93,0.403,1.26235,1.26308,1.26017,1,0.384,1.233,0.407,1.26219,1.26111,1.26848,1.256,1,0.0,0.7,2,1.26027,0.706,0.245,0,0.0,0.0,1.26296,1.28087,10.416,0,0,0,1.0,0.965,0.0539,0.965,0.127,2,0.541,3,0.663,1.26225,1.26079,0.468,1.317,0.0,2,0.0,0,0.541,0.698,1.62,0.431,0.411,1,1.26235,1,0.7,0.065,0.262,0.29,0.0,0.891,1.0,1.26883,1.26167,1.26148,-5636.8421,132.3887,-1,1.26928,0.479,1.25067,0.409,0.0,0.0,0,0.436,1,2,1882,0.786,0.537,0.394,27.0,27.0,0.1574,171.5,0.0,1,1,0.807,1.23714,0,1,0.0,1.26291,1,15.265,0.084,0.916,0.0,1.0,1.0,0.84,0.0,0.5,0.0,0.935,0.505,0.5,0.578,0.0,0.402,0.0,0,0,0.337,0.675,0.08,0.44,0.087,0.223,0.571,0.0,0.486,0.444,0.0,1.0,0.955
7964,2021.09.23 03:04:40,GBPCHFm,TREND_CONTINUATION,BUY,1,1.263,1.26108,1.267,2.08,0.477,1.26224,1.26317,1.26188,1,0.007,0.621,0.3082,1.26084,1.26223,1.26847,1.256,1,0.0,0.45,0,1.26224,0.773,0.303,0,0.0,0.0,0.0,1.28087,11.306,0,0,0,0.8,1.0,0.0885,1.0,0.232,2,0.622,2,0.145,1.26288,1.26181,0.096,0.578,0.0,2,0.0,0,0.622,0.24,0.578,0.415,0.308,0,1.26224,8,0.755,0.809,0.23,0.3,0.0,0.848,0.881,1.26883,1.26167,1.26148,-5636.8421,132.3887,-1,1.26928,0.479,1.25067,0.409,0.0,0.0,0,0.436,1,2,1883,0.786,0.537,0.394,27.0,27.0,0.1689,159.9,0.0,1,1,0.807,1.23714,0,1,0.0,1.26291,1,16.177,0.084,0.916,0.0,1.0,1.0,0.24,0.0,0.5,0.0,0.706,0.367,0.5,0.54,0.0,0.358,0.0,0,0,0.385,0.818,0.0,0.792,0.067,0.263,0.497,0.0,0.501,0.444,0.0,1.0,0.91
7966,2021.09.23 04:00:59,GBPCHFm,ANCHORED_PULLBACK,BUY,1,1.26369,1.26322,1.26647,5.96,0.293,1.26276,1.26319,1.26221,0,0.291,0.049,0.4323,1.26073,1.26215,1.2683,1.25712,1,0.0,0.4,0,1.26227,0.728,0.449,0,0.0,0.0,1.26273,1.28087,11.42,0,0,0,1.0,0.825,0.0993,0.825,0.052,0,0.75,2,0.001,1.26288,1.26338,0.352,0.029,0.0,2,0.4,0,0.75,0.334,0.755,0.442,0.272,0,1.26276,1,0.7,0.297,0.444,0.247,0.14,0.844,0.948,1.26883,1.26167,1.26148,-5844.7937,-207.9516,-2,1.26928,0.478,1.25067,0.407,0.0,0.0,0,0.486,1,2,1884,0.786,0.537,0.394,27.0,27.0,0.177,152.6,0.0,1,1,0.807,1.23714,0,1,0.0,1.26291,1,17.402,0.073,0.927,0.0,0.0,1.0,0.63,0.0,0.5,0.0,0.419,0.573,0.5,0.534,0.0,0.396,0.0,0,0,0.362,0.582,0.0,0.319,0.1,0.28,0.553,0.0,0.5,0.444,0.0,1.0,0.91
7968,2021.09.23 04:14:59,GBPCHFm,PULLBACK,BUY,1,1.26372,1.26143,1.26857,2.12,0.442,1.26276,1.26319,1.26221,0,0.291,0.049,0.4519,1.26073,1.26215,1.2683,1.25712,1,0.0,0.4,0,1.26227,0.728,0.449,0,0.0,0.0,1.26273,1.28087,11.42,0,0,0,1.0,0.825,0.0993,0.825,0.145,0,0.75,2,0.001,1.26288,1.26338,0.371,0.049,0.0,2,0.4,0,0.75,0.332,0.774,0.428,0.272,0,1.26276,1,0.7,0.257,0.417,0.247,0.14,0.844,0.948,1.26883,1.26167,1.26148,-5844.7937,-207.9516,-2,1.26928,0.478,1.25067,0.407,0.0,0.0,0,0.486,1,2,1884,0.786,0.537,0.394,27.0,27.0,0.177,152.6,0.0,1,1,0.807,1.23714,0,1,0.0,1.26291,1,17.421,0.073,0.927,0.0,0.0,1.0,0.44,0.0,0.5,0.0,0.77,0.49,0.5,0.53,0.0,0.352,0.0,0,0,0.306,0.601,0.0,0.319,0.1,0.244,0.556,0.0,0.5,0.444,0.0,1.0,0.91
7970,2021.09.23 04:30:20,GBPCHFm,BREAKOUT,BUY,1,1.26356,1.26127,1.26737,1.67,0.467,1.26276,1.26319,1.26221,0,0.291,0.049,0.3471,1.26073,1.26215,1.2683,1.25712,1,0.0,0.4,0,1.26227,0.728,0.449,0,0.0,0.0,1.26273,1.28087,11.42,0,0,0,1.0,0.825,0.0993,0.825,0.16,0,0.75,2,0.001,1.26288,1.26338,0.266,0.056,0.0,2,0.4,0,0.75,0.285,0.67,0.426,0.266,0,1.26276,1,0.7,0.467,0.412,0.247,0.14,0.844,0.948,1.26883,1.26167,1.26148,-5844.7937,-207.9516,-2,1.26928,0.478,1.25067,0.407,0.0,0.0,0,0.486,1,2,1884,0.786,0.537,0.394,27.0,27.0,0.177,152.6,0.0,1,1,0.807,1.23714,0,1,0.0,1.26291,1,17.316,0.073,0.927,0.0,0.0,1.0,0.0,0.0,0.5,0.0,1.0,0.372,0.5,0.574,0.0,0.413,0.0,0,0,0.414,0.605,0.0,0.319,0.1,0.227,0.574,0.0,0.5,0.444,0.0,1.0,0.91
7972,2021.09.23 05:04:40,GBPCHFm,BREAKOUT_RETEST,BUY,1,1.26364,1.26314,1.26438,1.49,0.588,1.26283,1.26361,1.2626,1,0.441,0.01,0.3801,1.26081,1.26215,1.2683,1.25712,1,0.0,0.55,0,1.26283,0.711,0.377,0,0.0,0.0,0.0,1.28087,12.149,0,0,0,1.0,1.0,0.1588,1.0,0.565,2,0.605,0,0.615,1.26288,1.2632,0.348,0.122,0.0,2,0.15,0,0.605,0.139,0.38,0.365,0.327,0,1.26283,8,0.742,0.304,0.19,0.3,0.176,0.843,0.739,1.26883,1.26167,1.26148,-5844.7937,-207.9516,-2,1.26928,0.478,1.25067,0.407,0.0,0.0,0,0.486,1,2,1885,0.786,0.537,0.394,27.0,27.0,0.1903,141.9,0.0,1,1,0.807,1.23714,0,1,0.0,1.26291,1,18.681,0.073,0.927,0.0,0.0,1.0,0.02,0.0,0.5,0.0,0.789,0.457,0.5,0.475,0.0,0.333,0.0,0,0,0.301,0.654,0.0,0.308,0.156,0.268,0.518,0.0,0.503,0.444,0.0,1.0,0.829
7973,2021.09.23 05:04:59,GBPCHFm,TREND_CONTINUATION,BUY,1,1.26364,1.26194,1.26719,2.08,0.553,1.26283,1.26361,1.2626,1,0.441,0.01,0.3801,1.26081,1.26215,1.2683,1.25712,1,0.0,0.55,0,1.26283,0.711,0.377,0,0.0,0.0,0.0,1.28087,12.149,0,0,0,1.0,1.0,0.1588,1.0,0.565,2,0.605,0,0.615,1.26288,1.2632,0.348,0.122,0.0,2,0.15,0,0.605,0.139,0.38,0.365,0.327,0,1.26283,8,0.742,0.304,0.19,0.3,0.176,0.843,0.739,1.26883,1.26167,1.26148,-5844.7937,-207.9516,-2,1.26928,0.478,1.25067,0.407,0.0,0.0,0,0.486,1,2,1885,0.786,0.537,0.394,27.0,27.0,0.1903,141.9,0.0,1,1,0.807,1.23714,0,1,0.0,1.26291,1,18.681,0.073,0.927,0.0,0.0,1.0,0.01,0.0,0.5,0.0,0.789,0.444,0.5,0.475,0.0,0.333,0.0,0,0,0.309,0.654,0.0,0.308,0.156,0.268,0.518,0.0,0.503,0.444,0.0,1.0,0.829
7976,2021.09.23 06:19:59,GBPCHFm,MEAN_REVERSION,BUY,1,1.26274,1.26168,1.26361,0.81,0.615,1.26287,1.26334,1.26268,0,0.018,0.418,-0.2978,1.26081,1.26215,1.2683,1.25712,1,0.0,0.45,0,1.26287,0.712,0.633,0,0.0,0.0,0.0,1.28087,13.387,0,0,0,0.8,0.825,0.2293,0.825,0.039,0,0.683,0,0.565,1.26287,1.26239,0.298,0.056,0.0,2,0.25,0,0.683,0.666,1.5,0.444,0.386,1,1.26334,4,0.6,0.404,0.388,0.247,0.2,0.839,0.976,1.26883,1.26167,1.26148,-5844.7937,-207.9516,-2,1.26928,0.478,1.25067,0.407,0.0,0.0,0,0.486,1,2,1886,0.786,0.537,0.394,27.0,27.0,0.2029,133.1,0.0,1,1,0.807,1.23714,0,1,0.0,1.26291,1,19.238,0.073,0.927,0.0,0.0,1.0,0.08,0.0,0.5,0.0,0.316,0.345,0.5,1.0,0.0,0.792,0.0,0,0,0.71,0.793,0.604,1.0,0.176,0.196,0.395,0.0,0.517,0.444,0.0,1.0,0.991
7977,2021.09.23 06:31:40,GBPCHFm,PULLBACK,BUY,1,1.26328,1.26128,1.26857,2.65,0.542,1.26287,1.26334,1.26268,1,0.018,0.418,0.108,1.26081,1.26215,1.2683,1.25712,1,0.0,0.45,0,1.26287,0.712,0.633,0,0.0,0.0,0.0,1.28087,13.387,0,0,0,0.8,0.825,0.2293,0.825,0.705,0,0.683,0,0.565,1.26308,1.26239,0.055,0.462,0.0,2,0.25,0,0.683,0.159,0.462,0.344,0.31,0,0.0,0,0.0,0.889,0.188,0.247,0.2,0.702,0.976,1.26883,1.26167,1.26148,-5844.7937,-207.9516,-2,1.26928,0.478,1.25067,0.407,0.0,0.0,0,0.486,1,2,1886,0.786,0.537,0.394,27.0,27.0,0.2029,133.1,0.0,1,1,0.807,1.23714,0,1,0.0,1.26291,1,19.644,0.073,0.927,0.0,0.0,1.0,0.99,0.0,0.5,0.0,0.234,0.466,0.5,0.865,0.0,0.857,0.0,0,0,0.622,0.8,0.0,0.527,0.135,0.195,0.484,0.0,0.534,0.444,0.0,1.0,0.878
0,2021.09.23 07:00:00,GBPCHFm,ANCHORED_PULLBACK,BUY,1,1.2624,1.26231,1.26282,4.45,0.569,1.26282,1.26328,1.26244,0,0.388,0.012,-0.5137,1.26081,1.26159,1.2682,1.25702,1,0.0,0.5,0,1.26282,0.539,0.125,0,0.0,0.0,1.26269,1.28087,13.995,0,0,0,1.0,0.825,0.2449,0.825,0.149,0,0.736,0,0.629,1.26278,1.26215,0.482,0.012,0.14,0,0.4,2,0.972,0.297,0.514,0.578,0.407,1,1.26282,8,0.708,0.035,0.415,0.947,0.266,0.883,0.915,1.26883,1.26167,1.26148,-5844.7937,-207.9516,-2,1.26928,0.478,1.25067,0.407,0.0,0.0,0,0.486,1,2,1887,0.786,0.537,0.394,27.0,27.0,0.2016,133.9,0.0,1,1,0.807,1.23714,0,1,0.0,1.26291,1,18.861,0.073,0.927,0.0,0.0,1.0,0.01,0.0,0.5,0.0,0.314,0.411,0.5,0.527,0.0,0.744,0.0,0,0,0.509,0.652,0.0,1.0,0.151,0.571,0.385,0.0,0.46,0.444,0.0,1.0,0.986
7979,2021.09.23 07:00:40,GBPCHFm,SWEEP_REVERSAL,BUY,1,1.26176,1.26042,1.26309,0.99,0.279,1.26282,1.26328,1.26244,0,0.388,0.012,-0.9916,1.26081,1.26159,1.2682,1.25702,1,0.0,0.5,0,1.26282,0.539,0.125,0,0.0,0.0,1.26269,1.28087,13.995,0,0,0,1.0,0.825,0.2449,0.825,0.032,0,0.758,0,0.629,1.26278,1.26215,0.96,0.49,0.0,2,0.4,0,0.758,0.441,0.992,0.445,0.37,1,1.26282,8,0.708,0.0,0.45,0.247,0.266,0.883,0.915,1.26883,1.26167,1.26148,-5844.7937,-207.9516,-2,1.26928,0.478,1.25067,0.407,0.0,0.0,0,0.486,1,2,1887,0.786,0.537,0.394,27.0,27.0,0.2016,133.9,0.0,1,1,0.807,1.23714,0,1,0.0,1.26291,1,18.383,0.073,0.927,0.0,0.0,1.0,0.0,0.0,0.5,0.0,0.374,0.371,0.5,0.598,0.0,0.641,0.0,0,0,0.514,0.506,0.0,1.0,0.16,0.218,0.227,0.0,0.529,0.444,0.0,1.0,0.91
7981,2021.09.23 07:06:40,GBPCHFm,TREND_CONTINUATION,BUY,1,1.26116,1.25955,1.26309,1.2,0.555,1.26282,1.26328,1.26244,0,0.388,0.012,-1.4396,1.26081,1.26159,1.2682,1.25702,1,0.0,0.5,0,1.26282,0.539,0.125,0,0.0,0.0,1.26269,1.28087,13.995,0,0,0,1.0,0.825,0.2449,0.825,0.032,0,0.758,0,0.629,1.26278,1.26215,1.408,0.938,0.0,2,0.4,0,0.758,0.641,1.44,0.445,0.393,1,1.26282,8,0.708,0.0,0.45,0.247,0.266,0.883,0.915,1.26883,1.26167,1.26148,-5844.7937,-207.9516,-2,1.26928,0.478,1.25067,0.407,0.0,0.0,0,0.486,1,2,1887,0.786,0.537,0.394,27.0,27.0,0.2016,133.9,0.0,1,1,0.807,1.23714,0,1,0.0,1.26291,1,17.935,0.073,0.927,0.0,0.0,1.0,0.0,0.0,0.5,0.0,0.374,0.326,0.5,0.777,0.0,0.702,0.0,0,0,0.618,0.462,0.0,0.921,0.16,0.274,0.186,0.0,0.518,0.444,0.0,1.0,0.91
7982,2021.09.23 07:15:20,GBPCHFm,BREAKOUT_RETEST,BUY,1,1.26276,1.26236,1.26355,1.97,0.591,1.26282,1.26328,1.26244,1,0.388,0.012,-0.2449,1.26081,1.26159,1.2682,1.25702,1,0.0,0.5,0,1.26282,0.539,0.125,0,0.0,0.0,1.26269,1.28087,13.995,0,0,0,1.0,0.825,0.2449,0.825,0.297,0,0.758,0,0.629,1.26278,1.26215,0.214,0.257,0.0,2,0.4,0,0.758,0.608,1.5,0.406,0.389,1,1.26328,4,0.6,0.573,0.371,0.247,0.266,0.883,0.915,1.26883,1.26167,1.26148,-5844.7937,-207.9516,-2,1.26928,0.478,1.25067,0.407,0.0,0.0,0,0.486,1,2,1887,0.786,0.537,0.394,27.0,27.0,0.2016,133.9,0.0,1,1,0.807,1.23714,0,1,0.0,1.26291,1,19.13,0.073,0.927,0.0,0.0,1.0,0.99,0.0,0.5,0.0,0.411,0.522,0.5,0.649,0.0,0.841,0.0,0,0,0.545,0.733,0.0,1.0,0.186,0.354,0.44,0.0,0.517,0.444,0.0,1.0,0.829
7986,2021.09.23 08:23:20,GBPCHFm,MEAN_REVERSION,BUY,2,1.26193,1.26072,1.26291,0.81,0.595,1.26264,1.26366,1.26199,0,0.349,0.144,-0.6483,1.26073,1.26153,1.26707,1.25701,1,0.0,0.45,0,1.26264,0.683,0.447,0,0.0,0.0,1.26347,1.28087,11.234,0,0,0,1.0,0.825,0.2072,0.825,0.293,0,0.687,0,0.455,1.26282,1.26115,0.772,0.337,0.0,2,0.4,0,0.687,0.313,0.772,0.406,0.316,0,1.26264,8,0.737,0.0,0.372,0.247,0.231,0.885,0.925,1.26883,1.26167,1.26148,-5610.855,233.9387,-1,1.26928,0.475,1.25067,0.404,0.0,0.0,0,0.587,1,2,1888,0.786,0.537,0.394,27.0,27.0,0.1788,151.0,0.0,1,1,0.807,1.23714,0,1,0.0,1.26291,1,16.417,0.093,0.907,0.0,1.0,1.0,0.0,0.0,0.5,0.0,0.383,0.333,0.5,0.457,0.0,0.577,0.0,0,0,0.468,0.534,1.0,1.0,0.157,0.413,0.31,0.0,0.513,0.5,0.0,1.0,0.912
7988,2021.09.23 08:38:00,GBPCHFm,PULLBACK,BUY,2,1.26272,1.26211,1.2644,2.74,0.603,1.26264,1.26366,1.26199,1,0.349,0.144,-0.1252,1.26073,1.26153,1.26707,1.25701,1,0.0,0.45,0,1.26264,0.683,0.447,0,0.0,0.0,1.26347,1.28087,11.234,0,0,0,1.0,0.825,0.2072,0.825,0.516,0,0.687,0,0.455,1.26282,1.26115,0.248,0.86,0.0,2,0.4,0,0.687,0.321,0.86,0.373,0.317,0,1.26199,5,0.6,0.503,0.305,0.247,0.231,0.885,0.925,1.26883,1.26167,1.26148,-5610.855,233.9387,-1,1.26928,0.475,1.25067,0.404,0.0,0.0,0,0.587,1,2,1888,0.786,0.537,0.394,27.0,27.0,0.1788,151.0,0.0,1,1,0.807,1.23714,0,1,0.0,1.26291,1,16.94,0.093,0.907,0.0,1.0,1.0,0.99,0.0,0.5,0.0,0.645,0.532,0.5,0.489,0.0,0.659,0.0,0,0,0.43,0.656,0.0,1.0,0.159,0.419,0.467,0.0,0.518,0.444,0.0,1.0,0.749
7990,2021.09.23 09:09:40,GBPCHFm,TREND_CONTINUATION,BUY,2,1.26308,1.26131,1.26677,2.08,0.547,1.26282,1.2631,1.26143,1,0.495,0.386,-0.0101,1.26073,1.26153,1.26707,1.25701,1,0.0,0.45,0,1.26264,0.682,0.9,0,0.0,0.0,1.26203,1.28087,13.211,0,0,0,1.0,0.825,0.1195,0.825,1.0,2,0.574,0,0.868,1.26273,1.26403,0.053,0.828,0.0,2,0.25,0,0.574,0.248,0.828,0.3,0.368,1,1.26143,5,0.6,0.894,0.1,0.247,0.261,0.997,0.932,1.26883,1.26167,1.26148,-5610.855,233.9387,-1,1.26928,0.475,1.25067,0.404,0.0,0.0,0,0.587,1,2,1889,0.786,0.537,0.394,27.0,27.0,0.1827,147.8,0.0,1,1,0.807,1.23714,0,1,0.0,1.26291,1,17.552,0.093,0.907,0.0,1.0,1.0,0.99,0.0,0.5,0.0,0.858,0.599,0.5,0.471,0.0,0.481,0.0,0,0,0.393,0.8,0.0,0.61,0.219,0.428,0.505,0.0,0.553,0.5,0.0,1.0,0.925
7992,2021.09.23 09:15:40,GBPCHFm,BREAKOUT_RETEST,BUY,2,1.26324,1.2628,1.26421,2.19,0.585,1.26282,1.2631,1.26143,1,0.495,0.386,0.0981,1.26073,1.26153,1.26707,1.25701,1,0.0,0.45,0,1.26264,0.682,0.9,0,0.0,0.0,1.26203,1.28087,13.211,0,0,0,1.0,0.825,0.1195,0.825,0.71,2,0.574,0,0.868,1.26273,1.26403,0.161,0.72,0.0,2,0.25,0,0.574,0.247,0.72,0.343,0.368,1,1.26143,5,0.6,0.678,0.187,0.247,0.261,0.997,0.932,1.26883,1.26167,1.26148,-5610.855,233.9387,-1,1.26928,0.475,1.25067,0.404,0.0,0.0,0,0.587,1,2,1889,0.786,0.537,0.394,27.0,27.0,0.1827,147.8,0.0,1,1,0.807,1.23714,0,1,0.0,1.26291,1,17.661,0.093,0.907,0.0,1.0,1.0,0.99,0.0,0.5,0.0,0.581,0.6,0.5,0.511,0.0,0.379,0.0,0,0,0.365,0.769,0.0,0.407,0.219,0.428,0.513,0.0,0.549,0.5,0.0,1.0,0.925
7994,2021.09.23 11:00:00,GBPCHFm,ANCHORED_PULLBACK,BUY,2,1.26535,1.26421,1.26853,2.8,0.434,1.26373,1.26411,1.26127,0,0.636,0.261,0.7852,1.263,1.26205,1.26623,1.25693,1,0.0,0.55,0,1.26373,0.73,0.065,0,0.0,0.0,1.26473,1.28087,9.152,0,0,0,0.151,0.0,-0.0001,0.146,0.507,2,0.381,0,0.699,1.26373,1.2654,0.785,0.187,0.4294,0,0.4,0,0.381,0.294,0.785,0.374,0.272,0,1.26373,8,0.746,0.0,0.308,0.3,0.28,0.922,0.734,1.26883,1.26167,1.26148,-5610.855,233.9387,-1,1.26928,0.475,1.25067,0.404,0.0,0.0,0,0.587,1,2,1891,0.793,0.539,0.394,27.0,27.0,0.1565,172.6,0.0,1,1,0.807,1.23714,0,1,0.0,1.26291,1,16.347,0.093,0.907,0.0,1.0,1.0,0.82,0.0,0.5,0.0,0.599,0.35,0.5,0.417,0.0,0.477,0.0,0,0,0.406,0.601,0.0,0.456,0.167,0.805,0.628,0.0,0.492,0.5,0.0,1.0,0.815
7996,2021.09.23 12:39:40,GBPCHFm,BREAKOUT,BUY,2,1.26659,1.26495,1.26912,1.54,0.358,1.26408,1.26547,1.26149,0,2.081,0.03,1.1568,1.26298,1.26195,1.26632,1.25679,0,0.0,0.5,0,1.26408,0.61,0.503,0,0.0,0.0,1.26817,1.28087,6.165,0,0,1,0.561,0.6093,0.0405,0.609,0.218,2,0.632,0,0.339,1.26427,1.26607,1.054,0.131,0.0,2,0.15,0,0.712,0.483,1.157,0.417,0.36,1,1.26408,8,0.722,0.0,0.295,0.183,0.12,0.846,0.829,1.26883,1.26167,1.26148,-5133.2439,477.6111,-1,1.26928,0.467,1.25067,0.397,0.0,0.0,0,0.694,1,2,1892,0.793,0.539,0.394,27.0,27.0,0.1391,194.1,0.0,1,1,0.807,1.23714,0,1,0.0,1.26291,1,15.175,0.119,0.881,0.0,1.0,1.0,0.3,0.0,0.5,0.0,1.0,0.398,0.5,0.489,0.0,0.392,0.0,0,0,0.365,0.15,0.0,0.278,0.195,1.0,0.743,0.0,0.452,0.5,0.0,1.0,0.836
7997,2021.09.23 12:39:59,GBPCHFm,PULLBACK,BUY,2,1.26658,1.26495,1.26912,1.56,0.313,1.26408,1.26547,1.26149,0,2.081,0.03,1.1516,1.26298,1.26195,1.26632,1.25679,1,0.0,0.5,0,1.26408,0.61,0.503,0,0.0,0.0,1.26817,1.28087,6.165,0,0,1,0.561,0.6093,0.0405,0.609,0.218,2,0.632,0,0.339,1.26427,1.26607,1.049,0.126,0.0,2,0.15,0,0.712,0.481,1.152,0.417,0.36,1,1.26408,8,0.722,0.0,0.295,0.183,0.12,0.846,0.829,1.26883,1.26167,1.26148,-5133.2439,477.6111,-1,1.26928,0.467,1.25067,0.397,0.0,0.0,0,0.694,1,2,1892,0.793,0.539,0.394,27.0,27.0,0.1391,194.1,0.0,1,1,0.807,1.23714,0,1,0.0,1.26291,1,15.17,0.119,0.881,0.0,1.0,1.0,0.3,0.0,0.5,0.0,1.0,0.407,0.5,0.489,0.0,0.363,0.0,0,0,0.348,0.228,0.0,0.258,0.195,1.0,0.627,0.0,0.467,0.5,0.0,1.0,0.8
8000,2021.09.23 13:00:00,GBPCHFm,ANCHORED_PULLBACK,BUY,4,1.26767,1.26555,1.27149,1.8,0.515,1.26397,1.26717,1.26266,0,0.204,0.715,1.6759,1.26236,1.26195,1.26632,1.25679,0,0.0,0.6,0,1.26473,0.678,0.283,0,0.0,0.0,1.26616,1.28087,6.591,0,0,1,0.75,0.72,0.1353,0.72,0.596,2,0.538,0,0.694,1.26698,1.26886,0.204,0.715,0.2602,0,0.0,2,1.0,0.856,1.676,0.511,0.55,2,1.26473,8,0.736,0.591,0.121,0.916,0.139,0.907,0.814,1.26883,1.26167,1.26148,-5133.2439,477.6111,-1,1.26928,0.467,1.25067,0.397,0.0,0.0,0,0.694,1,2,1893,0.793,0.539,0.394,27.0,27.0,0.1321,204.4,0.0,1,1,0.807,1.23714,0,1,0.0,1.26291,1,14.934,0.119,0.881,0.0,1.0,1.0,0.68,0.0,0.5,0.0,0.684,0.735,0.5,0.46,0.0,0.254,0.0,0,0,0.381,0.592,0.0,0.517,0.1,1.0,0.65,0.0,0.412,0.5,0.0,1.0,1.124
8002,2021.09.23 13:03:40,GBPCHFm,BREAKOUT_RETEST,BUY,4,1.26642,1.26404,1.2697,1.38,0.487,1.26397,1.26717,1.26266,1,0.204,0.715,1.0644,1.26236,1.26195,1.26632,1.25679,1,0.0,0.6,0,1.26473,0.678,0.283,0,0.0,0.0,1.26616,1.28087,6.591,0,0,1,0.75,0.72,0.1353,0.72,0.507,2,0.568,0,0.694,1.26698,1.26585,0.407,0.145,0.0,2,0.0,0,0.648,0.398,1.064,0.374,0.409,1,1.26473,8,0.736,0.186,0.148,0.216,0.139,0.907,0.628,1.26883,1.26167,1.26148,-5133.2439,477.6111,-1,1.26928,0.467,1.25067,0.397,0.0,0.0,0,0.694,1,2,1893,0.793,0.539,0.394,27.0,27.0,0.1321,204.4,0.0,1,1,0.807,1.23714,0,1,0.0,1.26291,1,14.323,0.119,0.881,0.0,1.0,1.0,0.0,0.0,0.5,0.0,1.0,0.609,0.5,0.488,0.0,0.239,0.0,0,0,0.307,0.731,0.0,0.473,0.1,0.883,0.434,0.0,0.463,0.5,0.0,1.0,0.912
8004,2021.09.23 13:09:40,GBPCHFm,TREND_CONTINUATION,BUY,4,1.26598,1.26353,1.26913,1.28,0.457,1.26397,1.26717,1.26266,1,0.204,0.715,0.8492,1.26236,1.26195,1.26632,1.25679,1,0.0,0.6,0,1.26473,0.678,0.283,0,0.0,0.0,1.26616,1.28087,6.591,0,0,1,0.75,0.72,0.1353,0.72,0.404,2,0.568,0,0.694,1.26473,1.26585,0.481,0.07,0.0,2,0.0,0,0.648,0.331,0.849,0.389,0.395,1,1.26473,8,0.736,0.037,0.179,0.216,0.139,0.861,0.628,1.26883,1.26167,1.26148,-5133.2439,477.6111,-1,1.26928,0.467,1.25067,0.397,0.0,0.0,0,0.694,1,2,1893,0.793,0.539,0.394,27.0,27.0,0.1321,204.4,0.0,1,1,0.807,1.23714,0,1,0.0,1.26291,1,14.108,0.119,0.881,0.0,1.0,1.0,0.0,0.0,0.5,0.0,0.768,0.422,0.5,0.486,0.0,0.261,0.0,0,0,0.297,0.711,0.0,0.341,0.1,0.883,0.434,0.0,0.473,0.5,0.0,1.0,0.912
8006,2021.09.23 14:40:00,GBPCHFm,BREAKOUT,BUY,4,1.26836,1.26674,1.27382,3.36,0.247,1.26637,1.26873,1.26526,1,0.049,0.482,0.7877,1.2609,1.26182,1.26609,1.25678,0,0.0,0.55,0,1.26637,0.723,0.632,0,0.0,0.0,1.26791,1.28087,6.444,0,0,1,0.55,0.58,0.1796,0.58,0.673,0,0.661,0,0.427,1.26763,1.26889,0.21,0.367,0.0,2,0.25,0,0.741,0.275,0.788,0.349,0.33,0,1.26637,8,0.745,0.579,0.198,0.174,0.173,0.774,0.849,1.26883,1.26167,1.26148,-5133.2439,477.6111,-1,1.26928,0.467,1.25067,0.397,0.0,0.0,0,0.694,1,2,1894,0.793,0.539,0.394,27.0,27.0,0.1235,218.6,0.0,1,1,0.807,1.23714,0,1,0.0,1.26291,1,14.284,0.119,0.881,0.0,1.0,1.0,0.12,0.0,0.5,0.0,1.0,0.568,0.5,0.504,0.0,0.44,0.0,0,0,0.368,0.663,0.0,0.443,0.172,0.556,0.65,0.0,0.475,0.5,0.0,1.0,0.991
8007,2021.09.23 14:40:20,GBPCHFm,PULLBACK,BUY,4,1.2684,1.26512,1.27496,2.0,0.45,1.26637,1.26873,1.26526,1,0.049,0.482,0.806,1.2609,1.26182,1.26609,1.25678,0,0.0,0.55,0,1.26637,0.723,0.632,0,0.0,0.0,1.26791,1.28087,6.444,0,0,1,0.55,0.58,0.1796,0.58,0.502,0,0.661,0,0.427,1.26763,1.26889,0.229,0.349,0.0,2,0.25,0,0.741,0.302,0.806,0.375,0.333,0,1.26637,8,0.745,0.543,0.249,0.174,0.173,0.774,0.849,1.26883,1.26167,1.26148,-5133.2439,477.6111,-1,1.26928,0.467,1.25067,0.397,0.0,0.0,0,0.694,1,2,1894,0.793,0.539,0.394,27.0,27.0,0.1235,218.6,0.0,1,1,0.807,1.23714,0,1,0.0,1.26291,1,14.302,0.119,0.881,0.0,1.0,1.0,0.18,0.0,0.5,0.0,1.0,0.579,0.5,0.504,0.0,0.423,0.0,0,0,0.367,0.633,0.0,0.492,0.202,0.556,0.65,0.0,0.457,0.5,0.0,1.0,0.943
8010,2021.09.23 15:03:59,GBPCHFm,BREAKOUT_RETEST,BUY,4,1.26756,1.26688,1.26856,1.47,0.41,1.2679,1.26829,1.26625,1,0.11,0.784,-0.2714,1.26306,1.26206,1.26669,1.25743,0,0.0,0.4,0,1.2679,0.621,0.528,0,0.0,0.0,1.26794,1.28087,5.953,0,0,1,0.6,0.79,0.2627,0.79,0.642,2,0.611,2,0.128,1.26701,1.26536,0.122,0.852,0.0,2,0.0,0,0.691,0.301,0.852,0.354,0.328,0,1.26829,4,0.6,0.756,0.107,0.237,0.0,0.836,0.968,1.26883,1.26167,1.26148,-5133.2439,477.6111,-1,1.26928,0.467,1.25067,0.397,0.0,0.0,0,0.694,1,2,1895,0.793,0.539,0.394,27.0,27.0,0.1192,226.5,0.0,1,1,0.807,1.23714,0,1,0.0,1.26291,1,13.43,0.119,0.881,0.0,1.0,1.0,0.29,0.0,0.5,0.0,0.561,0.457,0.5,0.496,0.0,0.43,0.0,0,0,0.347,0.878,0.0,0.891,0.1,0.433,0.461,0.0,0.45,0.5,0.0,1.0,0.954
8012,2021.09.23 15:11:40,GBPCHFm,TREND_CONTINUATION,BUY,4,1.26797,1.26525,1.27363,2.08,0.398,1.2679,1.26829,1.26625,1,0.11,0.784,-0.0904,1.26306,1.26206,1.26669,1.25743,0,0.0,0.4,0,1.2679,0.621,0.528,0,0.0,0.0,1.26794,1.28087,5.953,0,0,1,0.6,0.79,0.2627,0.79,0.648,2,0.611,2,0.128,1.26803,1.26536,0.147,1.033,0.0,2,0.0,0,0.691,0.364,1.033,0.353,0.351,1,1.26625,5,0.6,0.707,0.106,0.237,0.0,0.954,0.968,1.26883,1.26167,1.26148,-5133.2439,477.6111,-1,1.26928,0.467,1.25067,0.397,0.0,0.0,0,0.694,1,2,1895,0.793,0.539,0.394,27.0,27.0,0.1192,226.5,0.0,1,1,0.807,1.23714,0,1,0.0,1.26291,1,13.611,0.119,0.881,0.0,1.0,1.0,0.95,0.0,0.5,0.0,0.657,0.469,0.5,0.544,0.0,0.407,0.0,0,0,0.344,0.878,0.0,0.855,0.14,0.433,0.461,0.0,0.459,0.5,0.0,1.0,0.87
8014,2021.09.23 16:40:00,GBPCHFm,BREAKOUT,BUY,4,1.26969,1.26806,1.27578,3.73,0.469,1.26803,1.2684,1.2662,0,0.902,0.001,0.5695,1.26193,1.26221,1.26622,1.25673,0,0.0,0.45,0,1.26803,0.8,0.771,0,0.0,0.0,1.26966,1.28087,4.37,0,0,1,0.975,0.825,0.3046,0.825,0.245,2,0.593,1,0.084,1.26779,1.26913,0.67,0.118,0.0,2,0.15,0,0.673,0.277,0.67,0.413,0.308,0,1.26803,8,0.76,0.0,0.286,0.247,0.053,0.952,0.849,1.26883,1.26167,1.26148,-5155.9792,-22.7353,-2,1.26928,0.491,1.25067,0.39,0.0,0.0,0,0.661,1,2,1896,0.793,0.539,0.394,27.0,27.0,0.1109,243.6,0.0,1,1,0.807,1.23714,0,1,0.0,1.26291,1,13.364,0.073,0.927,0.0,0.0,1.0,0.02,0.0,0.5,0.0,1.0,0.527,0.5,0.489,0.0,0.252,0.0,0,0,0.264,0.423,0.0,0.428,0.223,0.365,0.435,0.0,0.438,0.545,0.0,1.0,0.867
8015,2021.09.23 16:40:20,GBPCHFm,PULLBACK,BUY,4,1.26975,1.26806,1.27706,4.32,0.444,1.26803,1.2684,1.2662,0,0.902,0.001,0.5942,1.26193,1.26221,1.26622,1.25673,0,0.0,0.45,0,1.26803,0.8,0.771,0,0.0,0.0,1.26966,1.28087,4.37,0,0,1,0.975,0.825,0.3046,0.825,0.245,2,0.593,1,0.084,1.26779,1.26913,0.695,0.142,0.0,2,0.15,0,0.673,0.287,0.695,0.413,0.309,0,1.26803,8,0.76,0.0,0.286,0.247,0.053,0.952,0.849,1.26883,1.26167,1.26148,-5155.9792,-22.7353,-2,1.26928,0.491,1.25067,0.39,0.0,0.0,0,0.661,1,2,1896,0.793,0.539,0.394,27.0,27.0,0.1109,243.6,0.0,1,1,0.807,1.23714,0,1,0.0,1.26291,1,13.388,0.073,0.927,0.0,0.0,1.0,0.09,0.0,0.5,0.0,1.0,0.543,0.5,0.489,0.0,0.252,0.0,0,0,0.273,0.423,0.0,0.428,0.223,0.365,0.435,0.0,0.438,0.545,0.0,1.0,0.867
8018,2021.09.23 17:10:40,GBPCHFm,BREAKOUT_RETEST,BUY,3,1.26868,1.26793,1.27026,2.11,0.59,1.26803,1.26864,1.26595,1,0.48,0.088,0.1511,1.26193,1.26221,1.26622,1.25673,0,0.0,0.55,0,1.26803,0.789,0.105,0,0.0,0.0,0.0,1.28087,4.664,0,0,1,1.0,0.86,0.3503,0.86,0.478,2,0.602,0,0.486,1.26767,1.26889,0.298,0.192,0.0,2,0.15,0,0.682,0.568,1.5,0.378,0.375,1,1.26595,5,0.6,0.404,0.217,0.258,0.15,0.797,0.768,1.26883,1.26167,1.26148,-5155.9792,-22.7353,-2,1.26928,0.491,1.25067,0.39,0.0,0.0,0,0.661,1,2,1897,0.793,0.539,0.394,27.0,27.0,0.1082,249.6,0.0,1,1,0.807,1.23714,0,1,0.0,1.26291,1,12.634,0.073,0.927,0.0,0.0,1.0,0.0,0.0,0.5,0.0,0.923,0.259,0.5,0.536,0.0,0.229,0.0,0,0,0.397,0.463,0.428,0.573,0.191,0.473,0.65,0.0,0.436,0.5,0.0,1.0,0.912
8019,2021.09.23 17:11:40,GBPCHFm,TREND_CONTINUATION,BUY,3,1.2688,1.2658,1.27504,2.08,0.537,1.26803,1.26864,1.26595,1,0.48,0.088,0.1992,1.26193,1.26221,1.26622,1.25673,0,0.0,0.55,0,1.26803,0.789,0.105,0,0.0,0.0,0.0,1.28087,4.664,0,0,1,1.0,0.86,0.3503,0.86,0.478,2,0.602,0,0.486,1.26767,1.26889,0.346,0.144,0.0,2,0.15,0,0.682,0.131,0.346,0.378,0.324,0,1.26767,2,0.55,0.308,0.217,0.258,0.15,0.797,0.768,1.26883,1.26167,1.26148,-5155.9792,-22.7353,-2,1.26928,0.491,1.25067,0.39,0.0,0.0,0,0.661,1,2,1897,0.793,0.539,0.394,27.0,27.0,0.1082,249.6,0.0,1,1,0.807,1.23714,0,1,0.0,1.26291,1,12.682,0.073,0.927,0.0,0.0,1.0,0.05,0.0,0.5,0.0,0.923,0.264,0.5,0.536,0.0,0.229,0.0,0,0,0.394,0.463,0.428,0.573,0.191,0.473,0.65,0.0,0.436,0.5,0.0,1.0,0.912
8022,2021.09.23 18:42:40,GBPCHFm,BREAKOUT,BUY,3,1.2683,1.26446,1.27471,1.67,0.326,1.26839,1.26955,1.26681,1,0.113,0.38,-0.1404,1.26193,1.26221,1.26622,1.25673,0,0.0,0.65,0,1.26797,0.755,0.856,0,0.0,0.0,0.0,1.28087,5.148,0,0,1,0.75,0.895,0.3729,0.895,0.745,0,0.694,0,0.623,1.26818,1.26902,0.058,0.387,0.0,2,0.0,0,0.774,0.131,0.387,0.338,0.405,1,1.26681,5,0.6,0.884,0.076,0.269,0.125,0.949,0.772,1.26883,1.26167,1.26148,-5155.9792,-22.7353,-2,1.26928,0.491,1.25067,0.39,0.0,0.0,0,0.661,1,2,1898,0.793,0.539,0.394,27.0,27.0,0.1054,256.3,0.0,1,1,0.807,1.23714,0,1,0.0,1.26291,1,12.158,0.073,0.927,0.0,0.0,1.0,0.52,0.0,0.5,0.0,1.0,0.719,0.5,0.574,0.0,0.327,0.0,0,0,0.434,0.692,0.0,0.77,0.169,0.397,0.65,0.0,0.454,0.5,0.0,1.0,0.836
8023,2021.09.23 18:42:59,GBPCHFm,PULLBACK,BUY,3,1.2683,1.26446,1.27599,2.0,0.557,1.26839,1.26955,1.26681,1,0.113,0.38,-0.1404,1.26193,1.26221,1.26622,1.25673,0,0.0,0.65,0,1.26797,0.755,0.856,0,0.0,0.0,0.0,1.28087,5.148,0,0,1,0.75,0.895,0.3729,0.895,0.745,0,0.694,0,0.623,1.26818,1.26902,0.058,0.387,0.0,2,0.0,0,0.774,0.131,0.387,0.338,0.405,1,1.26681,5,0.6,0.884,0.076,0.269,0.125,0.949,0.772,1.26883,1.26167,1.26148,-5155.9792,-22.7353,-2,1.26928,0.491,1.25067,0.39,0.0,0.0,0,0.661,1,2,1898,0.793,0.539,0.394,27.0,27.0,0.1054,256.3,0.0,1,1,0.807,1.23714,0,1,0.0,1.26291,1,12.158,0.073,0.927,0.0,0.0,1.0,0.51,0.0,0.5,0.0,1.0,0.701,0.5,0.574,0.0,0.327,0.0,0,0,0.423,0.692,0.0,0.77,0.169,0.397,0.65,0.0,0.454,0.5,0.0,1.0,0.836
8026,2021.09.23 19:01:40,GBPCHFm,MEAN_REVERSION,BUY,3,1.26824,1.26618,1.26992,0.81,0.593,1.26965,1.27043,1.268,0,0.01,0.212,-0.6495,1.26313,1.26221,1.26622,1.25673,0,0.0,0.7,0,1.26965,0.664,0.0,2,0.0,0.0,0.0,1.28087,4.947,0,0,1,0.8,0.755,0.3028,0.755,0.971,0,0.681,3,0.342,1.26808,1.26756,0.044,0.157,0.0,2,0.4,0,0.761,0.198,0.65,0.304,0.294,0,1.26965,8,0.733,0.911,0.169,0.226,0.14,0.782,0.783,1.26883,1.26167,1.26148,-5155.9792,-22.7353,-2,1.26928,0.491,1.25067,0.39,0.0,0.0,0,0.661,1,2,1899,0.793,0.539,0.394,27.0,27.0,0.1047,258.0,0.0,1,1,0.807,1.23714,0,1,0.0,1.26291,1,12.054,0.073,0.927,0.0,0.0,1.0,0.23,0.0,0.5,0.0,0.642,0.357,0.5,0.575,0.0,0.236,0.0,0,0,0.353,0.608,0.0,0.579,0.163,0.363,0.65,0.0,0.454,0.5,0.0,1.0,1.004
8028,2021.09.23 20:00:00,GBPCHFm,TREND_CONTINUATION,BUY,3,1.26862,1.26552,1.27507,2.08,0.497,1.26805,1.26946,1.26753,1,0.001,0.287,0.1164,1.26313,1.26221,1.26622,1.25673,0,0.0,0.65,2,1.26805,0.641,0.916,0,0.0,0.0,0.0,1.28087,4.856,0,0,1,0.8,0.965,0.2072,0.965,0.602,1,0.329,3,0.594,1.26842,1.26902,0.028,0.258,-0.1933,1,0.45,5,1.0,0.39,1.5,0.26,0.385,1,1.26753,5,0.6,0.945,0.599,0.29,0.457,0.658,0.896,1.26883,1.26167,1.26858,197653.3742,202809.3534,2,1.26928,0.498,1.25067,0.386,0.0,0.0,0,0.728,1,2,1900,0.787,0.534,0.392,27.0,27.0,0.1047,257.9,0.0,1,1,0.807,1.23714,0,1,0.0,1.26291,1,12.205,0.002,0.998,0.0,0.0,1.0,0.04,0.0,0.5,0.0,0.427,0.439,0.5,0.767,0.0,0.411,0.0,0,0,0.431,0.323,0.0,0.664,0.127,0.073,0.65,0.0,0.4,0.5,0.0,1.0,0.593
8029,2021.09.23 20:00:20,GBPCHFm,BREAKOUT_RETEST,BUY,3,1.26862,1.26785,1.2707,2.68,0.519,1.26805,1.26946,1.26753,1,0.001,0.287,0.1164,1.26313,1.26221,1.26622,1.25673,0,0.0,0.65,2,1.26805,0.641,0.916,0,0.0,0.0,0.0,1.28087,4.856,0,0,1,0.8,0.965,0.2072,0.965,0.602,2,0.629,3,0.594,1.26842,1.26902,0.028,0.258,0.0,2,0.15,0,0.709,0.54,1.5,0.36,0.374,1,1.26753,5,0.6,0.945,0.179,0.29,0.053,0.658,0.896,1.26883,1.26167,1.26858,197653.3742,202809.3534,2,1.26928,0.498,1.25067,0.386,0.0,0.0,0,0.728,1,2,1900,0.787,0.534,0.392,27.0,27.0,0.1047,257.9,0.0,1,1,0.807,1.23714,0,1,0.0,1.26291,1,12.205,0.002,0.998,0.0,0.0,1.0,0.04,0.0,0.5,0.0,0.464,0.44,0.5,0.767,0.0,0.427,0.0,0,0,0.437,0.569,0.0,0.713,0.192,0.189,0.65,0.0,0.436,0.5,0.0,1.0,0.786
8032,2021.09.23 20:42:40,GBPCHFm,BREAKOUT,BUY,3,1.26948,1.26836,1.27593,5.75,0.323,1.26805,1.26946,1.26753,1,0.001,0.287,0.4498,1.26313,1.26221,1.26622,1.25673,0,0.0,0.65,2,1.26805,0.641,0.916,0,0.0,0.0,0.0,1.28087,4.856,0,0,1,0.8,0.965,0.2072,0.965,0.226,2,0.629,3,0.594,1.26842,1.26902,0.306,0.076,0.0,2,0.15,0,0.709,0.187,0.45,0.416,0.333,0,1.26805,8,0.728,0.388,0.292,0.29,0.053,0.658,0.896,1.26883,1.26167,1.26858,197653.3742,202809.3534,2,1.26928,0.498,1.25067,0.386,0.0,0.0,0,0.728,1,2,1900,0.787,0.534,0.392,27.0,27.0,0.1047,257.9,0.0,1,1,0.807,1.23714,0,1,0.0,1.26291,1,12.538,0.002,0.998,0.0,0.0,1.0,0.69,0.0,0.5,0.0,0.779,0.481,0.5,0.578,0.0,0.288,0.0,0,0,0.3,0.518,0.0,0.238,0.175,0.242,0.65,0.0,0.436,0.5,0.0,1.0,0.912
8033,2021.09.23 20:42:59,GBPCHFm,PULLBACK,BUY,3,1.26948,1.26836,1.27722,6.9,0.56,1.26805,1.26946,1.26753,1,0.001,0.287,0.4498,1.26313,1.26221,1.26622,1.25673,0,0.0,0.65,2,1.26805,0.641,0.916,0,0.0,0.0,0.0,1.28087,4.856,0,0,1,0.8,0.965,0.2072,0.965,0.226,2,0.629,3,0.594,1.26842,1.26902,0.306,0.076,0.0,2,0.15,0,0.709,0.187,0.45,0.416,0.333,0,1.26805,8,0.728,0.388,0.292,0.29,0.053,0.658,0.896,1.26883,1.26167,1.26858,197653.3742,202809.3534,2,1.26928,0.498,1.25067,0.386,0.0,0.0,0,0.728,1,2,1900,0.787,0.534,0.392,27.0,27.0,0.1047,257.9,0.0,1,1,0.807,1.23714,0,1,0.0,1.26291,1,12.538,0.002,0.998,0.0,0.0,1.0,0.68,0.0,0.5,0.0,0.779,0.489,0.5,0.578,0.0,0.288,0.0,0,0,0.295,0.518,0.0,0.238,0.175,0.242,0.65,0.0,0.436,0.5,0.0,1.0,0.912
8036,2021.09.23 20:59:40,GBPCHFm,SWEEP_REVERSAL,BUY,3,1.26779,1.26521,1.26989,0.81,0.162,1.26805,1.26946,1.26753,0,0.001,0.287,-0.2674,1.26313,1.26221,1.26622,1.25673,0,0.0,0.65,2,1.26805,0.641,0.916,0,0.0,0.0,0.0,1.28087,4.856,0,0,1,0.8,0.965,0.2072,0.965,0.133,2,0.629,3,0.594,1.26798,1.2676,0.239,0.095,0.0,2,0.15,0,0.709,0.645,1.5,0.43,0.416,1,1.26946,4,0.6,0.523,0.32,0.29,0.053,0.896,0.868,1.26883,1.26167,1.26858,197653.3742,202809.3534,2,1.26928,0.498,1.25067,0.386,0.0,0.0,0,0.728,1,2,1900,0.787,0.534,0.392,43.0,30.7,0.1667,257.9,0.0,1,1,0.807,1.23714,0,1,0.0,1.26291,1,11.883,0.002,0.998,0.0,0.0,1.0,0.0,0.0,0.5,0.0,0.493,0.422,0.5,0.788,0.0,0.329,0.0,0,0,0.415,0.561,0.0,0.855,0.216,0.299,0.476,0.0,0.435,0.5,0.0,1.0,0.954
0,2021.09.23 21:04:30,GBPCHFm,MEAN_REVERSION,BUY,3,1.27019,1.26809,1.27197,0.84,0.604,1.26841,1.26876,1.26777,0,0.513,0.081,-0.6218,1.2633,1.26221,1.26622,1.25673,0,0.0,0.35,0,1.26855,0.758,0.567,0,0.0,0.0,1.26845,1.28087,5.417,0,0,1,1.0,1.0,0.1331,1.0,0.012,0,0.697,0,0.578,1.26805,1.26698,0.487,0.082,0.0,2,0.15,0,0.777,0.303,0.676,0.448,0.383,1,1.26855,8,0.752,0.026,0.357,0.3,0.168,0.828,0.997,1.26883,1.26167,1.26858,197653.3742,202809.3534,2,1.26928,0.498,1.25067,0.386,0.0,0.0,0,0.728,1,2,1901,0.787,0.534,0.392,342.0,68.5,1.3007,262.9,0.0,1,1,0.807,1.23714,0,1,0.0,1.26291,1,12.57,0.002,0.998,0.0,0.0,1.0,0.0,0.0,0.5,0.0,0.448,0.447,0.5,0.755,0.0,0.41,0.0,0,0,0.422,0.378,0.0,0.891,0.2,0.209,0.417,0.0,0.434,0.5,0.0,1.0,0.887
0,2021.09.23 22:29:30,GBPCHFm,BREAKOUT_RETEST,BUY,1,1.26973,1.26899,1.2708,1.45,0.574,1.2681,1.26884,1.2677,1,0.516,0.082,-0.1356,1.26328,1.26221,1.26622,1.25673,0,0.0,0.35,0,1.2681,0.783,0.381,0,0.0,0.0,0.0,1.28087,5.772,0,0,1,1.0,0.825,0.0729,0.825,0.589,0,0.725,2,0.05,1.26802,1.26745,0.102,0.13,0.0,2,0.4,0,0.805,0.542,1.5,0.362,0.333,0,1.26884,4,0.6,0.795,0.283,0.247,0.14,0.975,0.875,1.26883,1.26167,1.26858,197653.3742,202809.3534,2,1.26928,0.498,1.25067,0.386,0.0,0.0,0,0.728,1,2,1902,0.787,0.534,0.392,196.0,219.9,0.7965,246.1,0.0,1,1,0.807,1.23714,0,1,0.0,1.26291,1,13.244,0.002,0.998,0.0,0.0,1.0,0.99,0.0,0.5,0.0,1.0,0.621,0.5,0.572,0.0,0.331,0.0,0,0,0.377,0.629,0.0,0.788,0.197,0.261,0.65,0.0,0.45,0.5,0.0,1.0,0.719
8038,2021.09.23 23:00:00,GBPCHFm,BREAKOUT,BUY,1,1.26895,1.26541,1.27484,1.67,0.333,1.26843,1.26917,1.2677,1,0.036,0.453,0.1057,1.26782,1.26221,1.26622,1.25673,0,0.0,0.45,0,1.26843,0.771,0.386,0,0.0,0.0,1.26787,1.28087,5.173,0,0,1,0.497,0.5222,0.0122,0.522,0.545,0,0.76,2,0.037,1.26851,1.26761,0.071,0.453,0.1387,0,0.25,2,0.916,0.235,0.453,0.518,0.337,0,1.2677,5,0.6,0.858,0.237,0.857,0.088,0.907,0.725,1.26883,1.26167,1.26858,197653.3742,202809.3534,2,1.26928,0.498,1.25067,0.386,0.0,0.0,0,0.728,1,2,1903,0.787,0.534,0.392,27.0,175.1,0.1145,235.7,0.0,1,1,0.807,1.23714,0,1,0.0,1.26291,1,13.495,0.002,0.998,0.0,0.0,1.0,0.99,0.0,0.5,0.0,1.0,0.451,0.5,0.576,0.0,0.38,0.0,0,0,0.354,0.799,0.0,0.481,0.2,0.52,0.65,0.0,0.408,0.455,0.0,1.0,0.876
8039,2021.09.23 23:00:20,GBPCHFm,PULLBACK,BUY,1,1.26897,1.26543,1.27604,2.0,0.429,1.26843,1.26917,1.2677,1,0.036,0.453,0.1142,1.26782,1.26221,1.26622,1.25673,0,0.0,0.45,0,1.26843,0.771,0.386,0,0.0,0.0,1.26787,1.28087,5.173,0,0,1,0.497,0.5222,0.0122,0.522,0.545,0,0.844,2,0.037,1.26851,1.26761,0.08,0.461,0.0,2,0.25,0,0.924,0.17,0.461,0.368,0.331,0,1.2677,5,0.6,0.841,0.237,0.157,0.088,0.907,0.725,1.26883,1.26167,1.26858,197653.3742,202809.3534,2,1.26928,0.498,1.25067,0.386,0.0,0.0,0,0.728,1,2,1903,0.787,0.534,0.392,27.0,173.5,0.1145,235.7,0.0,1,1,0.807,1.23714,0,1,0.0,1.26291,1,13.504,0.002,0.998,0.0,0.0,1.0,0.99,0.0,0.5,0.0,1.0,0.473,0.5,0.576,0.0,0.38,0.0,0,0,0.341,0.72,0.0,0.491,0.233,0.263,0.65,0.0,0.473,0.455,0.0,1.0,0.836
8040,2021.09.23 23:00:30,GBPCHFm,TREND_CONTINUATION,BUY,1,1.26897,1.26614,1.27486,2.08,0.328,1.26843,1.26917,1.2677,1,0.036,0.453,0.1142,1.26782,1.26221,1.26622,1.25673,0,0.0,0.45,0,1.26843,0.771,0.386,0,0.0,0.0,1.26787,1.28087,5.173,0,0,1,0.497,0.5222,0.0122,0.522,0.545,0,0.844,2,0.037,1.26851,1.26761,0.08,0.461,0.0,2,0.25,0,0.924,0.17,0.461,0.368,0.331,0,1.2677,5,0.6,0.841,0.237,0.157,0.088,0.907,0.725,1.26883,1.26167,1.26858,197653.3742,202809.3534,2,1.26928,0.498,1.25067,0.386,0.0,0.0,0,0.728,1,2,1903,0.787,0.534,0.392,27.0,172.0,0.1145,235.7,0.0,1,1,0.807,1.23714,0,1,0.0,1.26291,1,13.504,0.002,0.998,0.0,0.0,1.0,0.98,0.0,0.5,0.0,1.0,0.473,0.5,0.576,0.0,0.38,0.0,0,0,0.341,0.72,0.0,0.491,0.233,0.263,0.65,0.0,0.473,0.455,0.0,1.0,0.836
8044,2021.09.24 02:14:00,GBPCHFm,MEAN_REVERSION,BUY,1,1.26852,1.26713,1.26965,0.81,0.672,1.26938,1.26979,1.26865,0,0.271,0.105,-0.6501,1.26833,1.26221,1.26622,1.25673,0,0.0,0.35,2,1.26938,0.756,0.411,0,0.0,0.0,1.26939,1.28087,7.157,0,0,1,0.477,-0.5069,-0.0409,0.507,0.0,0,0.772,3,0.682,1.26889,1.26815,0.368,0.055,0.0,2,0.4,0,0.852,0.293,0.65,0.45,0.362,1,1.26938,8,0.751,0.264,0.46,0.152,0.14,0.716,0.913,1.26883,1.26167,1.26858,190523.359,-7130.0153,1,1.26928,0.5,1.25067,0.384,0.0,0.0,0,0.733,1,2,1906,0.787,0.534,0.392,27.0,27.0,0.1552,174.0,0.0,1,1,0.807,1.23714,0,1,0.0,1.26291,1,18.034,0.021,0.979,0.0,1.0,1.0,0.0,0.0,0.5,0.0,0.448,0.323,0.5,0.573,0.0,0.427,0.0,0,0,0.449,0.437,0.0,0.652,0.1,0.309,0.449,0.0,0.493,0.5,0.0,1.0,0.812
8046,2021.09.24 04:00:00,GBPCHFm,BREAKOUT,BUY,1,1.26936,1.26719,1.27297,1.67,0.208,1.26843,1.26946,1.26831,1,0.058,0.229,0.4576,1.26833,1.26221,1.26622,1.25673,0,0.0,0.7,2,1.2695,0.729,0.562,0,0.0,0.0,0.0,1.28087,8.155,0,0,1,0.45,0.51,0.0581,0.51,0.667,2,0.635,3,0.355,1.26901,1.26876,0.058,0.229,0.0,2,0.4,0,0.715,0.16,0.458,0.35,0.291,0,1.26843,1,0.7,0.884,0.26,0.153,0.14,0.876,0.725,1.26883,1.26167,1.26858,194550.1208,4026.7618,2,1.26928,0.505,1.25067,0.382,0.0,0.0,0,0.755,1,2,1908,0.787,0.534,0.392,27.0,27.0,0.1869,144.5,0.0,1,1,0.807,1.23714,0,1,0.0,1.26291,0,22.298,0.002,0.998,0.0,0.0,0.5,0.75,0.0,0.5,0.0,1.0,0.684,0.5,0.568,0.0,0.243,0.0,0,0,0.378,0.706,0.0,0.587,0.0,0.368,0.65,0.0,0.55,0.455,0.0,1.0,0.907
8047,2021.09.24 04:00:20,GBPCHFm,PULLBACK,BUY,1,1.26936,1.26719,1.2737,2.0,0.404,1.26843,1.26946,1.26831,1,0.058,0.229,0.4576,1.26833,1.26221,1.26622,1.25673,0,0.0,0.7,2,1.2695,0.729,0.562,0,0.0,0.0,0.0,1.28087,8.155,0,0,1,0.45,0.51,0.0581,0.51,0.667,2,0.635,3,0.355,1.26901,1.26876,0.058,0.229,0.0,2,0.4,0,0.715,0.16,0.458,0.35,0.291,0,1.26843,1,0.7,0.884,0.26,0.153,0.14,0.876,0.725,1.26883,1.26167,1.26858,194550.1208,4026.7618,2,1.26928,0.505,1.25067,0.382,0.0,0.0,0,0.755,1,2,1908,0.787,0.534,0.392,27.0,27.0,0.1869,144.5,0.0,1,1,0.807,1.23714,0,1,0.0,1.26291,0,22.298,0.002,0.998,0.0,0.0,0.5,0.74,0.0,0.5,0.0,1.0,0.681,0.5,0.568,0.0,0.243,0.0,0,0,0.376,0.706,0.0,0.587,0.0,0.368,0.65,0.0,0.55,0.455,0.0,1.0,0.907
8048,2021.09.24 04:00:20,GBPCHFm,TREND_CONTINUATION,BUY,1,1.26936,1.26763,1.27297,2.08,0.298,1.26843,1.26946,1.26831,1,0.058,0.229,0.4576,1.26833,1.26221,1.26622,1.25673,0,0.0,0.7,2,1.2695,0.729,0.562,0,0.0,0.0,0.0,1.28087,8.155,0,0,1,0.45,0.51,0.0581,0.51,0.667,2,0.635,3,0.355,1.26901,1.26876,0.058,0.229,0.0,2,0.4,0,0.715,0.16,0.458,0.35,0.291,0,1.26843,1,0.7,0.884,0.26,0.153,0.14,0.876,0.725,1.26883,1.26167,1.26858,194550.1208,4026.7618,2,1.26928,0.505,1.25067,0.382,0.0,0.0,0,0.755,1,2,1908,0.787,0.534,0.392,27.0,27.0,0.1869,144.5,0.0,1,1,0.807,1.23714,0,1,0.0,1.26291,0,22.298,0.002,0.998,0.0,0.0,0.5,0.73,0.0,0.5,0.0,1.0,0.681,0.5,0.568,0.0,0.243,0.0,0,0,0.376,0.706,0.0,0.587,0.0,0.368,0.65,0.0,0.55,0.455,0.0,1.0,0.907
8052,2021.09.24 05:23:00,GBPCHFm,BREAKOUT_RETEST,BUY,1,1.2694,1.26877,1.27048,1.69,0.381,1.26931,1.26968,1.26863,1,0.012,0.236,-0.1411,1.26833,1.26221,1.26622,1.25673,0,0.0,0.65,0,1.26931,0.708,0.103,0,0.0,0.0,0.0,1.28087,8.831,0,0,1,0.5,0.72,0.07,0.72,0.827,0,0.712,3,0.384,1.26915,1.26875,0.017,0.293,0.0,2,0.15,0,0.792,0.489,1.5,0.326,0.387,1,1.26863,5,0.6,0.966,0.112,0.216,0.053,0.856,0.851,1.26883,1.26167,1.26858,194550.1208,4026.7618,2,1.26928,0.505,1.25067,0.382,0.0,0.0,0,0.755,1,2,1909,0.787,0.534,0.392,27.0,27.0,0.2066,130.7,0.0,1,1,0.807,1.23714,0,1,0.0,1.26291,0,24.68,0.002,0.998,0.0,0.0,0.5,0.36,0.0,0.5,0.0,0.518,0.534,0.5,0.576,0.0,0.346,0.0,0,0,0.332,0.734,0.0,0.774,0.0,0.36,0.65,0.0,0.561,0.545,0.0,1.0,0.787
8054,2021.09.24 06:07:40,GBPCHFm,PULLBACK,BUY,1,1.26923,1.26756,1.27256,2.0,0.447,1.26887,1.26941,1.26858,1,0.006,0.165,0.0808,1.26833,1.26221,1.26622,1.25673,0,0.0,0.65,0,1.26887,0.761,0.69,0,0.0,0.0,0.0,1.28087,10.87,0,0,1,0.55,0.58,0.076,0.58,0.519,0,0.745,0,0.493,1.269,1.26858,0.034,0.338,0.0,2,0.4,0,0.825,0.126,0.338,0.372,0.319,0,1.26858,5,0.6,0.933,0.304,0.174,0.239,0.769,0.667,1.26883,1.26167,1.26858,194550.1208,4026.7618,2,1.26928,0.505,1.25067,0.382,0.0,0.0,0,0.755,1,2,1910,0.775,0.536,0.391,27.0,27.0,0.2431,111.1,0.0,1,1,0.807,1.23714,0,1,0.0,1.26291,0,28.891,0.002,0.998,0.0,0.0,0.5,0.97,0.0,0.5,0.0,0.429,0.487,0.5,0.888,0.0,0.732,0.0,0,0,0.567,0.592,0.0,0.906,0.0,0.295,0.65,0.0,0.559,0.545,0.0,1.0,0.734
8055,2021.09.24 06:07:59,GBPCHFm,TREND_CONTINUATION,BUY,1,1.26922,1.26789,1.272,2.08,0.349,1.26887,1.26941,1.26858,1,0.006,0.165,0.0718,1.26833,1.26221,1.26622,1.25673,0,0.0,0.65,0,1.26887,0.761,0.69,0,0.0,0.0,0.0,1.28087,10.87,0,0,1,0.55,0.58,0.076,0.58,0.519,0,0.745,0,0.493,1.269,1.26858,0.043,0.329,0.0,2,0.4,0,0.825,0.122,0.329,0.372,0.318,0,1.26858,5,0.6,0.915,0.304,0.174,0.239,0.769,0.667,1.26883,1.26167,1.26858,194550.1208,4026.7618,2,1.26928,0.505,1.25067,0.382,0.0,0.0,0,0.755,1,2,1910,0.775,0.536,0.391,27.0,27.0,0.2431,111.1,0.0,1,1,0.807,1.23714,0,1,0.0,1.26291,0,28.882,0.002,0.998,0.0,0.0,0.5,0.96,0.0,0.5,0.0,0.429,0.5,0.5,0.888,0.0,0.732,0.0,0,0,0.559,0.592,0.0,0.906,0.0,0.295,0.65,0.0,0.559,0.545,0.0,1.0,0.734
0,2021.09.24 09:00:00,GBPCHFm,ANCHORED_PULLBACK,BUY,2,1.26767,1.26762,1.26895,24.36,0.35,1.26757,1.2688,1.26612,1,0.042,0.657,-0.1329,1.26883,1.26221,1.26622,1.25673,0,0.0,0.6,0,1.26757,0.72,0.51,0,0.0,0.0,1.26696,1.28087,10.562,0,0,1,0.45,-0.685,-0.1097,0.685,0.97,0,0.667,1,0.077,1.26723,1.26835,0.129,0.745,0.0,2,0.0,0,0.667,0.227,0.745,0.304,0.312,0,1.26612,5,0.6,0.741,0.009,0.206,0.0,0.876,0.888,1.26883,1.26167,1.26858,192228.5203,-2321.6005,1,1.26928,0.508,1.25067,0.377,0.0,0.0,0,0.574,1,2,1913,0.775,0.536,0.391,27.0,27.0,0.2116,127.6,0.0,1,1,0.807,1.23714,0,0,0.0,1.26814,1,23.932,0.009,0.991,0.0,1.0,1.0,0.49,0.0,0.5,0.0,0.927,0.536,0.5,0.476,0.0,0.384,0.0,0,0,0.318,0.876,0.0,0.642,0.067,1.0,0.65,0.0,0.574,0.5,0.0,1.0,0.775
8058,2021.09.24 09:03:40,GBPCHFm,MEAN_REVERSION,BUY,2,1.26697,1.26626,1.26784,1.23,0.608,1.26757,1.2688,1.26612,1,0.042,0.657,-0.6816,1.26883,1.26221,1.26622,1.25673,0,0.0,0.6,0,1.26757,0.72,0.51,0,0.0,0.0,1.26696,1.28087,10.562,0,0,1,0.45,-0.685,-0.1097,0.685,0.472,0,0.667,1,0.077,1.26723,1.26835,0.419,1.293,0.0,2,0.0,0,0.667,0.49,1.293,0.379,0.343,0,1.26757,8,0.744,0.161,0.158,0.206,0.0,0.876,0.888,1.26883,1.26167,1.26858,192228.5203,-2321.6005,1,1.26928,0.508,1.25067,0.377,0.0,0.0,0,0.574,1,2,1913,0.775,0.536,0.391,27.0,27.0,0.2116,127.6,0.0,1,1,0.807,1.23714,0,0,0.0,1.26814,1,23.383,0.009,0.991,0.0,1.0,1.0,0.0,0.0,0.5,0.0,1.0,0.391,0.5,0.444,0.0,0.299,0.0,0,0,0.318,0.795,0.0,0.57,0.048,0.967,0.433,0.0,0.532,0.5,0.0,1.0,0.807
8060,2021.09.24 10:27:40,GBPCHFm,SWEEP_REVERSAL,BUY,2,1.26537,1.26394,1.26758,1.55,0.141,1.26731,1.2684,1.26529,0,1.634,1.198,-1.5509,1.26844,1.26221,1.26549,1.25673,1,0.0,0.5,0,1.26731,0.791,0.489,0,0.0,0.0,1.26455,1.28087,11.565,0,0,0,0.75,-0.72,-0.1557,0.72,0.315,2,0.599,0,0.714,1.26716,1.26607,1.442,0.68,0.0,2,0.0,0,0.599,0.625,1.551,0.403,0.42,1,1.26731,8,0.758,0.0,0.205,0.216,0.143,0.867,0.868,1.26883,1.26167,1.26858,192228.5203,-2321.6005,1,1.26928,0.508,1.25067,0.377,0.0,0.0,0,0.574,1,2,1914,0.775,0.536,0.391,27.0,27.0,0.1891,142.8,0.0,1,1,0.807,1.23714,0,0,0.0,1.26814,1,19.771,0.009,0.991,0.0,1.0,1.0,0.68,0.0,0.5,0.0,0.539,0.499,0.5,0.44,0.0,0.303,0.0,0,0,0.254,0.516,0.0,0.517,0.048,0.949,0.573,0.0,0.511,0.5,0.0,1.0,0.811
8062,2021.09.24 11:00:40,GBPCHFm,BREAKOUT,SELL,2,1.26297,1.26547,1.25938,1.44,0.451,1.26728,1.26825,1.26518,0,1.236,0.069,-3.001,1.2683,1.26221,1.26549,1.25673,1,0.0,0.55,0,1.26728,0.678,0.046,0,0.0,0.0,1.2646,1.28087,12.072,0,0,0,0.825,-0.755,-0.2518,0.755,0.05,2,0.58,3,0.425,1.26532,1.26379,1.64,0.571,0.0,2,0.15,0,0.58,1.328,3.001,0.443,0.412,1,1.26532,2,0.55,0.0,0.345,0.226,0.053,0.654,0.923,1.26883,1.26167,1.26858,192228.5203,-2321.6005,1,1.26928,0.508,1.25067,0.377,0.0,0.0,0,0.574,1,2,1915,0.775,0.536,0.391,27.0,27.0,0.1882,143.5,0.0,1,1,0.807,1.23714,1,0,0.7,1.26814,1,3.603,0.009,0.991,0.0,1.0,1.0,0.0,0.0,0.5,0.0,0.832,0.152,0.5,0.428,0.0,0.31,0.0,0,0,0.461,0.251,0.0,0.53,0.071,0.998,0.241,0.0,0.519,0.5,0.0,1.0,0.734
8063,2021.09.24 11:01:00,GBPCHFm,TREND_CONTINUATION,SELL,2,1.26292,1.26474,1.25933,1.97,0.492,1.26728,1.26825,1.26518,0,1.236,0.069,-3.0359,1.2683,1.26221,1.26549,1.25673,1,0.0,0.55,0,1.26728,0.678,0.046,0,0.0,0.0,1.2646,1.28087,12.072,0,0,0,0.825,-0.755,-0.2518,0.755,0.05,2,0.58,3,0.425,1.26532,1.26379,1.675,0.606,0.0,2,0.15,0,0.58,1.343,3.036,0.443,0.414,1,1.26532,2,0.55,0.0,0.345,0.226,0.053,0.654,0.923,1.26883,1.26167,1.26858,192228.5203,-2321.6005,1,1.26928,0.508,1.25067,0.377,0.0,0.0,0,0.574,1,2,1915,0.775,0.536,0.391,27.0,27.0,0.1882,143.5,0.0,1,1,0.807,1.23714,1,0,0.7,1.26814,1,3.638,0.009,0.991,0.0,1.0,1.0,0.0,0.0,0.5,0.0,0.832,0.156,0.5,0.428,0.0,0.31,0.0,0,0,0.459,0.295,0.0,0.53,0.071,0.998,0.241,0.0,0.525,0.5,0.0,1.0,0.734
8064,2021.09.24 11:03:40,GBPCHFm,MEAN_REVERSION,BUY,2,1.26333,1.26218,1.26559,1.97,0.587,1.26728,1.26825,1.26518,0,1.236,0.069,-2.9383,1.2683,1.26221,1.26549,1.25673,1,0.0,0.55,0,1.26728,0.678,0.046,0,0.0,0.0,1.2646,1.28087,12.072,0,0,0,0.825,-0.755,-0.2518,0.755,0.05,2,0.58,3,0.425,1.26532,1.26379,1.577,0.508,0.0,2,0.15,0,0.58,1.3,2.938,0.443,0.409,1,1.26532,2,0.55,0.0,0.345,0.226,0.053,0.654,0.923,1.26883,1.26167,1.26858,192228.5203,-2321.6005,1,1.26928,0.508,1.25067,0.377,0.0,0.0,0,0.574,1,2,1915,0.775,0.536,0.391,27.0,27.0,0.1882,143.5,0.0,1,1,0.807,1.23714,1,0,0.7,1.26814,1,3.352,0.009,0.991,0.0,1.0,1.0,0.17,0.0,0.5,0.0,0.832,0.244,0.5,0.428,0.0,0.31,0.0,0,0,0.406,0.251,0.0,0.53,0.071,0.998,0.242,0.0,0.519,0.5,0.0,1.0,0.734
8066,2021.09.24 11:13:20,GBPCHFm,PULLBACK,SELL,2,1.26326,1.26474,1.25896,2.91,0.416,1.26728,1.26825,1.26518,0,1.236,0.069,-2.799,1.2683,1.26221,1.26549,1.25673,1,0.0,0.55,0,1.26728,0.678,0.046,0,0.0,0.0,1.2646,1.28087,12.072,0,0,0,0.825,-0.755,-0.2518,0.755,0.05,2,0.58,3,0.425,1.26532,1.26379,1.438,0.369,0.0,2,0.15,0,0.58,1.239,2.799,0.443,0.402,1,1.26532,2,0.55,0.0,0.345,0.226,0.053,0.654,0.923,1.26883,1.26167,1.26858,192228.5203,-2321.6005,1,1.26928,0.508,1.25067,0.377,0.0,0.0,0,0.574,1,2,1915,0.775,0.536,0.391,27.0,27.0,0.1882,143.5,0.0,1,1,0.807,1.23714,1,0,0.7,1.26814,1,3.401,0.009,0.991,0.0,1.0,1.0,0.75,0.0,0.5,0.0,0.658,0.463,0.5,0.426,0.0,0.342,0.0,0,0,0.287,0.251,0.0,0.442,0.071,1.0,0.244,0.0,0.519,0.5,0.0,1.0,0.734
8068,2021.09.24 11:31:20,GBPCHFm,ANCHORED_PULLBACK,SELL,2,1.26361,1.26503,1.26074,2.03,0.21,1.26728,1.26825,1.26518,0,1.236,0.069,-2.5551,1.2683,1.26221,1.26549,1.25673,1,0.0,0.55,0,1.26728,0.678,0.046,0,0.0,0.0,1.2646,1.28087,12.072,0,0,0,0.825,-0.755,-0.2518,0.755,0.05,2,0.58,3,0.425,1.26532,1.26379,1.194,0.125,0.0,2,0.15,0,0.58,1.131,2.555,0.443,0.389,1,1.26532,2,0.55,0.0,0.345,0.226,0.053,0.654,0.923,1.26883,1.26167,1.26858,192228.5203,-2321.6005,1,1.26928,0.508,1.25067,0.377,0.0,0.0,0,0.574,1,2,1915,0.775,0.536,0.391,27.0,27.0,0.1882,143.5,0.0,1,1,0.807,1.23714,1,0,0.7,1.26814,1,3.157,0.009,0.991,0.0,1.0,1.0,0.99,0.0,0.5,0.0,0.569,0.658,0.5,0.474,0.0,0.373,0.0,0,0,0.386,0.251,0.0,0.442,0.071,1.0,0.248,0.0,0.517,0.5,0.0,1.0,0.734
8069,2021.09.24 12:27:40,GBPCHFm,SWEEP_REVERSAL,BUY,2,1.26409,1.26263,1.2655,0.97,0.501,1.26665,1.26781,1.26394,0,0.64,1.171,-1.9434,1.26841,1.26221,1.26549,1.25673,1,0.0,0.75,0,1.26665,0.749,0.153,0,0.0,0.0,1.26389,1.28087,11.475,0,1,0,0.9,-0.79,-0.3672,0.79,0.505,2,0.52,0,0.614,1.26523,1.26355,0.969,0.183,0.0,2,0.3,6,0.5,0.436,1.943,0.224,0.315,0,1.26523,2,0.55,0.0,0.468,0.237,0.528,0.86,0.59,1.26883,1.26167,1.26858,191315.3207,-913.1996,1,1.26928,0.504,1.25067,0.373,0.0,0.0,0,0.586,1,2,1916,0.775,0.536,0.391,27.0,27.0,0.1855,145.6,0.0,1,1,0.807,1.23714,1,0,0.7,1.26814,1,2.782,0.005,0.995,0.0,1.0,1.0,0.38,0.0,0.5,0.0,0.843,0.545,0.5,0.509,0.0,0.47,0.0,0,0,0.368,0.363,0.0,0.555,0.048,0.735,0.372,0.0,0.473,0.5,0.0,1.0,0.729
8072,2021.09.24 13:00:40,GBPCHFm,BREAKOUT_RETEST,SELL,4,1.26381,1.26424,1.26332,1.14,0.407,1.26388,1.26533,1.26332,1,0.063,1.179,-0.0463,1.26881,1.26221,1.26549,1.25673,1,0.0,0.45,0,1.26388,0.781,0.531,0,0.0,0.0,1.26397,1.28087,11.615,0,0,0,0.65,-0.65,-0.451,0.65,1.0,2,0.642,1,0.079,1.26399,1.26633,0.124,1.754,0.0,2,0.25,0,0.642,0.526,1.754,0.3,0.294,0,1.26332,5,0.6,0.752,0.1,0.195,0.088,0.794,0.914,1.26883,1.26167,1.26858,191315.3207,-913.1996,1,1.26928,0.504,1.25067,0.373,0.0,0.0,0,0.586,1,2,1917,0.775,0.536,0.391,27.0,27.0,0.188,143.6,0.0,1,1,0.807,1.23714,1,0,0.7,1.26814,1,3.014,0.005,0.995,0.0,1.0,1.0,0.0,0.0,0.5,0.0,0.562,0.55,0.5,0.516,0.0,0.433,0.0,0,0,0.358,0.8,0.0,0.325,0.093,0.696,0.46,0.0,0.551,0.5,0.0,1.0,0.765
8073,2021.09.24 13:01:40,GBPCHFm,BREAKOUT,SELL,4,1.26364,1.26579,1.26005,1.67,0.271,1.26388,1.26533,1.26332,1,0.063,1.179,-0.1646,1.26881,1.26221,1.26549,1.25673,1,0.0,0.45,0,1.26388,0.781,0.531,0,0.0,0.0,1.26397,1.28087,11.615,0,0,0,0.65,-0.65,-0.451,0.65,0.832,2,0.642,1,0.079,1.26399,1.26633,0.242,1.872,0.0,2,0.25,0,0.642,0.609,1.872,0.325,0.303,0,1.26533,4,0.6,0.515,0.15,0.195,0.088,0.794,0.914,1.26883,1.26167,1.26858,191315.3207,-913.1996,1,1.26928,0.504,1.25067,0.373,0.0,0.0,0,0.586,1,2,1917,0.775,0.536,0.391,27.0,27.0,0.188,143.6,0.0,1,1,0.807,1.23714,1,0,0.7,1.26814,1,3.133,0.005,0.995,0.0,1.0,1.0,0.0,0.0,0.5,0.0,0.562,0.5,0.5,0.516,0.0,0.432,0.0,0,0,0.328,0.8,0.0,0.325,0.093,0.696,0.46,0.0,0.55,0.5,0.0,1.0,0.842
8074,2021.09.24 13:01:59,GBPCHFm,TREND_CONTINUATION,SELL,4,1.26366,1.26538,1.26007,2.08,0.387,1.26388,1.26533,1.26332,1,0.063,1.179,-0.1507,1.26881,1.26221,1.26549,1.25673,1,0.0,0.45,0,1.26388,0.781,0.531,0,0.0,0.0,1.26397,1.28087,11.615,0,0,0,0.65,-0.65,-0.451,0.65,0.832,2,0.642,1,0.079,1.26399,1.26633,0.228,1.858,0.0,2,0.25,0,0.642,0.604,1.858,0.325,0.303,0,1.26533,4,0.6,0.543,0.15,0.195,0.088,0.794,0.914,1.26883,1.26167,1.26858,191315.3207,-913.1996,1,1.26928,0.504,1.25067,0.373,0.0,0.0,0,0.586,1,2,1917,0.775,0.536,0.391,27.0,27.0,0.188,143.6,0.0,1,1,0.807,1.23714,1,0,0.7,1.26814,1,3.119,0.005,0.995,0.0,1.0,1.0,0.01,0.0,0.5,0.0,0.562,0.49,0.5,0.516,0.0,0.432,0.0,0,0,0.333,0.8,0.0,0.325,0.093,0.696,0.46,0.0,0.55,0.5,0.0,1.0,0.842
8076,2021.09.24 13:08:40,GBPCHFm,MEAN_REVERSION,BUY,4,1.26388,1.26345,1.2656,3.95,0.59,1.26388,1.26533,1.26332,1,0.063,1.179,-0.1855,1.26881,1.26221,1.26549,1.25673,1,0.0,0.45,0,1.26388,0.781,0.531,0,0.0,0.0,1.26397,1.28087,11.615,0,0,0,0.65,-0.65,-0.451,0.65,0.832,2,0.642,1,0.079,1.26399,1.26633,0.263,1.893,0.0,2,0.25,0,0.642,0.616,1.893,0.325,0.304,0,1.26533,4,0.6,0.474,0.15,0.195,0.088,0.794,0.914,1.26883,1.26167,1.26858,191315.3207,-913.1996,1,1.26928,0.504,1.25067,0.373,0.0,0.0,0,0.586,1,2,1917,0.775,0.536,0.391,27.0,27.0,0.188,143.6,0.0,1,1,0.807,1.23714,1,0,0.7,1.26814,1,2.966,0.005,0.995,0.0,1.0,1.0,0.02,0.0,0.5,0.0,0.641,0.478,0.5,0.49,0.0,0.448,0.0,0,0,0.339,0.8,0.0,0.325,0.093,0.573,0.46,0.0,0.55,0.5,0.0,1.0,0.842
8079,2021.09.24 13:16:40,GBPCHFm,PULLBACK,SELL,4,1.26488,1.26547,1.26057,7.31,0.473,1.26388,1.26533,1.26332,1,0.063,1.179,0.6986,1.26881,1.26221,1.26549,1.25673,1,0.0,0.45,0,1.26388,0.781,0.531,0,0.0,0.0,1.26397,1.28087,11.615,0,0,0,0.65,-0.65,-0.451,0.65,0.429,2,0.642,1,0.079,1.26399,1.26633,0.621,1.009,0.0,2,0.25,0,0.642,0.389,1.009,0.386,0.278,0,1.26533,4,0.6,0.0,0.271,0.195,0.088,0.794,0.914,1.26883,1.26167,1.26858,191315.3207,-913.1996,1,1.26928,0.504,1.25067,0.373,0.0,0.0,0,0.586,1,2,1917,0.775,0.536,0.391,27.0,27.0,0.188,143.6,0.0,1,1,0.807,1.23714,1,0,0.7,1.26814,1,2.27,0.005,0.995,0.0,1.0,1.0,0.99,0.0,0.5,0.0,0.466,0.538,0.5,0.44,0.0,0.325,0.0,0,0,0.284,0.71,0.0,0.361,0.067,0.425,0.53,0.0,0.53,0.5,0.0,1.0,0.795
8084,2021.09.24 14:00:00,GBPCHFm,ANCHORED_PULLBACK,BUY,4,1.2661,1.26534,1.26908,3.9,0.761,1.26392,1.2652,1.26265,0,0.329,0.154,1.1745,1.26881,1.26221,1.26622,1.25673,1,0.0,0.65,0,1.26392,0.655,0.453,0,0.0,0.0,1.26582,1.28087,9.27,0,0,0,1.0,-0.685,-0.4362,0.685,0.232,0,0.715,0,0.43,1.2653,1.26608,0.329,0.154,0.3334,0,0.4,2,1.0,0.664,1.174,0.565,0.403,1,1.2653,2,0.55,0.342,0.39,0.906,0.226,0.654,0.855,1.26883,1.26167,1.26858,191315.3207,-913.1996,1,1.26928,0.504,1.25067,0.373,0.0,0.0,0,0.586,1,2,1918,0.775,0.536,0.391,27.0,27.0,0.1664,162.3,0.0,1,1,0.807,1.23714,1,0,0.7,1.26814,0,1.257,0.005,0.995,0.0,1.0,0.5,0.63,0.0,0.5,0.0,0.433,0.536,0.5,0.529,0.0,0.574,0.0,0,0,0.41,0.582,0.0,0.612,0.1,1.0,0.576,0.0,0.447,0.5,0.0,1.0,0.823
8086,2021.09.24 14:30:40,GBPCHFm,SWEEP_REVERSAL,SELL,4,1.26524,1.26686,1.26392,0.81,0.25,1.26392,1.2652,1.26265,0,0.329,0.154,0.8109,1.26881,1.26221,1.26622,1.25673,1,0.0,0.65,0,1.26392,0.655,0.453,0,0.0,0.0,1.26582,1.28087,9.27,0,0,0,1.0,-0.685,-0.4362,0.685,0.639,0,0.732,0,0.43,1.2653,1.26481,0.035,0.267,0.0,2,0.4,0,0.732,0.287,0.811,0.354,0.292,0,1.26392,8,0.731,0.931,0.268,0.206,0.226,0.654,0.782,1.26883,1.26167,1.26858,191315.3207,-913.1996,1,1.26928,0.504,1.25067,0.373,0.0,0.0,0,0.586,1,2,1918,0.775,0.536,0.391,27.0,27.0,0.1664,162.3,0.0,1,1,0.807,1.23714,1,0,0.7,1.26814,0,1.787,0.005,0.995,0.0,1.0,0.5,0.33,0.0,0.5,0.0,0.68,0.335,0.5,0.52,0.0,0.544,0.0,0,0,0.473,0.655,0.0,0.555,0.1,0.705,0.433,0.0,0.506,0.5,0.0,1.0,0.795
8088,2021.09.24 16:00:00,GBPCHFm,BREAKOUT,SELL,4,1.26486,1.26737,1.26068,1.67,0.33,1.26472,1.26545,1.26352,1,0.015,0.399,0.0813,1.26443,1.26221,1.26841,1.25965,1,0.0,0.6,0,1.26472,0.685,0.448,0,0.0,0.0,0.0,1.28087,9.585,0,0,0,0.8,-0.93,-0.2854,0.93,0.854,0,0.655,0,0.623,1.26472,1.26561,0.081,0.447,0.0,2,0.0,0,0.655,0.144,0.447,0.322,0.362,1,1.26545,4,0.6,0.837,0.044,0.279,0.125,0.826,0.582,1.26883,1.26167,1.26858,191846.9631,531.6424,2,1.26928,0.499,1.25067,0.367,0.0,0.0,0,0.599,1,2,1920,0.772,0.533,0.389,27.0,27.0,0.1616,167.1,0.0,1,1,0.807,1.23714,1,0,0.7,1.26814,-1,1.963,0.002,0.998,0.0,0.0,0.0,0.3,0.0,0.5,0.0,0.845,0.543,0.5,0.534,0.0,0.271,0.0,0,0,0.295,0.816,0.0,0.634,0.071,0.469,0.503,0.0,0.529,0.455,0.0,1.0,0.718
8089,2021.09.24 16:00:20,GBPCHFm,BREAKOUT_RETEST,SELL,4,1.26486,1.26536,1.26256,4.59,0.512,1.26472,1.26545,1.26352,1,0.015,0.399,0.0813,1.26443,1.26221,1.26841,1.25965,1,0.0,0.6,0,1.26472,0.685,0.448,0,0.0,0.0,0.0,1.28087,9.585,0,0,0,0.8,-0.93,-0.2854,0.93,0.854,0,0.655,0,0.623,1.26472,1.26561,0.081,0.447,0.0,2,0.0,0,0.655,0.144,0.447,0.322,0.362,1,1.26545,4,0.6,0.837,0.044,0.279,0.125,0.826,0.582,1.26883,1.26167,1.26858,191846.9631,531.6424,2,1.26928,0.499,1.25067,0.367,0.0,0.0,0,0.599,1,2,1920,0.772,0.533,0.389,27.0,27.0,0.1616,167.1,0.0,1,1,0.807,1.23714,1,0,0.7,1.26814,-1,1.963,0.002,0.998,0.0,0.0,0.0,0.29,0.0,0.5,0.0,0.845,0.542,0.5,0.534,0.0,0.271,0.0,0,0,0.294,0.816,0.0,0.634,0.071,0.469,0.503,0.0,0.529,0.455,0.0,1.0,0.718
8090,2021.09.24 16:00:20,GBPCHFm,PULLBACK,SELL,4,1.26486,1.26737,1.25965,2.08,0.564,1.26472,1.26545,1.26352,1,0.015,0.399,0.0813,1.26443,1.26221,1.26841,1.25965,1,0.0,0.6,0,1.26472,0.685,0.448,0,0.0,0.0,0.0,1.28087,9.585,0,0,0,0.8,-0.93,-0.2854,0.93,0.854,0,0.655,0,0.623,1.26472,1.26561,0.081,0.447,0.0,2,0.0,0,0.655,0.144,0.447,0.322,0.362,1,1.26545,4,0.6,0.837,0.044,0.279,0.125,0.826,0.582,1.26883,1.26167,1.26858,191846.9631,531.6424,2,1.26928,0.499,1.25067,0.367,0.0,0.0,0,0.599,1,2,1920,0.772,0.533,0.389,27.0,27.0,0.1616,167.1,0.0,1,1,0.807,1.23714,1,0,0.7,1.26814,-1,1.963,0.002,0.998,0.0,0.0,0.0,0.28,0.0,0.5,0.0,0.845,0.542,0.5,0.534,0.0,0.271,0.0,0,0,0.294,0.816,0.0,0.634,0.071,0.469,0.503,0.0,0.529,0.455,0.0,1.0,0.718
8091,2021.09.24 16:00:40,GBPCHFm,TREND_CONTINUATION,SELL,4,1.26477,1.26677,1.26059,2.08,0.486,1.26472,1.26545,1.26352,1,0.015,0.399,0.0274,1.26443,1.26221,1.26841,1.25965,1,0.0,0.6,0,1.26472,0.685,0.448,0,0.0,0.0,0.0,1.28087,9.585,0,0,0,0.8,-0.93,-0.2854,0.93,1.0,0,0.655,0,0.623,1.26472,1.26561,0.027,0.501,0.0,2,0.0,0,0.655,0.15,0.501,0.3,0.363,1,1.26545,4,0.6,0.945,0.0,0.279,0.125,0.826,0.582,1.26883,1.26167,1.26858,191846.9631,531.6424,2,1.26928,0.499,1.25067,0.367,0.0,0.0,0,0.599,1,2,1920,0.772,0.533,0.389,27.0,27.0,0.1616,167.1,0.0,1,1,0.807,1.23714,1,0,0.7,1.26814,-1,2.017,0.002,0.998,0.0,0.0,0.0,0.02,0.0,0.5,0.0,0.845,0.519,0.5,0.534,0.0,0.271,0.0,0,0,0.28,0.816,0.0,0.634,0.071,0.469,0.499,0.0,0.529,0.455,0.0,1.0,0.718
8093,2021.09.24 16:04:40,GBPCHFm,MEAN_REVERSION,SELL,4,1.2651,1.26561,1.26352,3.08,0.586,1.26472,1.26545,1.26352,1,0.015,0.399,0.2249,1.26443,1.26221,1.26841,1.25965,1,0.0,0.6,0,1.26472,0.685,0.448,0,0.0,0.0,0.0,1.28087,9.585,0,0,0,0.8,-0.93,-0.2854,0.93,0.74,0,0.655,0,0.623,1.26472,1.26561,0.225,0.303,0.0,2,0.0,0,0.655,0.103,0.303,0.339,0.357,1,1.26352,5,0.6,0.55,0.078,0.279,0.125,0.826,0.582,1.26883,1.26167,1.26858,191846.9631,531.6424,2,1.26928,0.499,1.25067,0.367,0.0,0.0,0,0.599,1,2,1920,0.772,0.533,0.389,27.0,27.0,0.1616,167.1,0.0,1,1,0.807,1.23714,1,0,0.7,1.26814,-1,1.82,0.002,0.998,0.0,0.0,0.0,0.92,0.0,0.5,0.0,0.845,0.357,0.5,0.534,0.0,0.271,0.0,0,0,0.354,0.816,0.0,0.634,0.071,0.469,0.523,0.0,0.526,0.455,0.0,1.0,0.837
8095,2021.09.24 17:22:40,GBPCHFm,SWEEP_REVERSAL,BUY,3,1.26482,1.26313,1.26622,0.83,0.219,1.26479,1.26595,1.26455,0,0.04,0.692,-0.1402,1.26443,1.26221,1.26841,1.25965,1,0.0,0.45,0,1.26479,0.717,0.528,0,0.0,0.0,0.0,1.28087,9.351,0,0,0,0.8,-0.79,-0.1815,0.79,0.341,2,0.607,0,0.754,1.26502,1.26378,0.277,0.454,0.0,2,0.25,0,0.607,0.181,0.454,0.399,0.336,0,1.26595,4,0.6,0.445,0.298,0.237,0.238,0.849,0.905,1.26883,1.26167,1.26858,191846.9631,531.6424,2,1.26928,0.499,1.25067,0.367,0.0,0.0,0,0.599,1,2,1921,0.772,0.533,0.389,27.0,27.0,0.1594,169.4,0.0,1,1,0.807,1.23714,1,0,0.7,1.26814,-1,1.96,0.002,0.998,0.0,0.0,0.0,0.0,0.0,0.5,0.0,0.711,0.41,0.5,0.554,0.0,0.294,0.0,0,0,0.338,0.771,0.0,0.498,0.093,0.345,0.445,0.0,0.508,0.455,0.0,1.0,0.908
8097,2021.09.24 18:00:00,GBPCHFm,BREAKOUT,SELL,3,1.26369,1.26487,1.25935,3.69,0.491,1.26483,1.2653,1.26422,0,0.577,0.033,-0.6548,1.26443,1.26221,1.26841,1.25965,1,0.0,0.4,0,1.26483,0.636,0.82,0,0.0,0.0,1.26388,1.28087,9.892,0,0,0,1.0,-1.0,-0.1074,1.0,0.05,0,0.703,0,0.582,1.2649,1.26375,0.694,0.033,-0.1813,1,0.15,0,0.703,0.307,0.694,0.443,0.366,1,1.26483,8,0.727,0.0,0.645,0.3,0.169,0.832,0.961,1.26883,1.26167,1.26858,191846.9631,531.6424,2,1.26928,0.499,1.25067,0.367,0.0,0.0,0,0.599,1,2,1922,0.772,0.533,0.389,27.0,27.0,0.1554,173.7,0.0,1,1,0.807,1.23714,1,0,0.7,1.26814,-1,2.562,0.002,0.998,0.0,0.0,0.0,0.01,0.0,0.5,0.0,0.762,0.154,0.5,0.785,0.0,0.318,0.0,0,0,0.57,0.538,0.0,0.449,0.1,0.132,0.324,0.0,0.507,0.455,0.0,1.0,0.71
8098,2021.09.24 18:00:20,GBPCHFm,PULLBACK,SELL,3,1.26369,1.2663,1.25965,1.55,0.482,1.26483,1.2653,1.26422,0,0.577,0.033,-0.6548,1.26443,1.26221,1.26841,1.25965,1,0.0,0.4,0,1.26483,0.636,0.82,0,0.0,0.0,1.26388,1.28087,9.892,0,0,0,1.0,-1.0,-0.1074,1.0,0.05,0,0.717,0,0.582,1.2649,1.26375,0.694,0.033,0.0,2,0.15,0,0.717,0.307,0.694,0.443,0.369,1,1.26483,8,0.727,0.0,0.345,0.3,0.169,0.832,0.961,1.26883,1.26167,1.26858,191846.9631,531.6424,2,1.26928,0.499,1.25067,0.367,0.0,0.0,0,0.599,1,2,1922,0.772,0.533,0.389,27.0,27.0,0.1554,173.7,0.0,1,1,0.807,1.23714,1,0,0.7,1.26814,-1,2.562,0.002,0.998,0.0,0.0,0.0,0.01,0.0,0.5,0.0,0.762,0.166,0.5,0.785,0.0,0.334,0.0,0,0,0.57,0.541,0.0,0.528,0.1,0.204,0.323,0.0,0.507,0.455,0.0,1.0,0.765
8099,2021.09.24 18:00:20,GBPCHFm,ANCHORED_PULLBACK,SELL,3,1.26369,1.2644,1.26022,4.86,0.514,1.26483,1.2653,1.26422,0,0.577,0.033,-0.6548,1.26443,1.26221,1.26841,1.25965,1,0.0,0.4,0,1.26483,0.636,0.82,0,0.0,0.0,1.26388,1.28087,9.892,0,0,0,1.0,-1.0,-0.1074,1.0,0.05,0,0.717,0,0.582,1.2649,1.26375,0.694,0.033,0.0,2,0.15,0,0.717,0.307,0.694,0.443,0.369,1,1.26483,8,0.727,0.0,0.345,0.3,0.169,0.832,0.961,1.26883,1.26167,1.26858,191846.9631,531.6424,2,1.26928,0.499,1.25067,0.367,0.0,0.0,0,0.599,1,2,1922,0.772,0.533,0.389,27.0,27.0,0.1554,173.7,0.0,1,1,0.807,1.23714,1,0,0.7,1.26814,-1,2.562,0.002,0.998,0.0,0.0,0.0,0.01,0.0,0.5,0.0,0.762,0.166,0.5,0.785,0.0,0.334,0.0,0,0,0.57,0.541,0.0,0.528,0.1,0.204,0.323,0.0,0.507,0.455,0.0,1.0,0.765
8100,2021.09.24 18:00:40,GBPCHFm,TREND_CONTINUATION,SELL,3,1.26393,1.26601,1.25959,2.08,0.563,1.26483,1.2653,1.26422,0,0.577,0.033,-0.5167,1.26443,1.26221,1.26841,1.25965,1,0.0,0.4,0,1.26483,0.636,0.82,0,0.0,0.0,1.26388,1.28087,9.892,0,0,0,1.0,-1.0,-0.1074,1.0,0.123,0,0.717,0,0.582,1.2649,1.26409,0.556,0.089,0.0,2,0.15,0,0.717,0.24,0.556,0.432,0.361,1,1.26483,8,0.727,0.0,0.323,0.3,0.169,0.832,0.89,1.26883,1.26167,1.26858,191846.9631,531.6424,2,1.26928,0.499,1.25067,0.367,0.0,0.0,0,0.599,1,2,1922,0.772,0.533,0.389,27.0,27.0,0.1554,173.7,0.0,1,1,0.807,1.23714,1,0,0.7,1.26814,-1,2.424,0.002,0.998,0.0,0.0,0.0,0.22,0.0,0.5,0.0,0.762,0.212,0.5,0.785,0.0,0.334,0.0,0,0,0.542,0.557,0.0,0.616,0.1,0.204,0.572,0.0,0.507,0.455,0.0,1.0,0.765
8102,2021.09.24 18:17:40,GBPCHFm,BREAKOUT_RETEST,SELL,3,1.26431,1.26487,1.26368,1.13,0.595,1.26483,1.2653,1.26422,1,0.577,0.033,-0.2979,1.26443,1.26221,1.26841,1.25965,1,0.0,0.4,0,1.26483,0.636,0.82,0,0.0,0.0,1.26388,1.28087,9.892,0,0,0,1.0,-1.0,-0.1074,1.0,0.289,0,0.717,0,0.582,1.2649,1.26409,0.337,0.13,0.0,2,0.15,0,0.717,0.137,0.337,0.407,0.349,0,1.2649,2,0.55,0.326,0.273,0.3,0.169,0.832,0.89,1.26883,1.26167,1.26858,191846.9631,531.6424,2,1.26928,0.499,1.25067,0.367,0.0,0.0,0,0.599,1,2,1922,0.772,0.533,0.389,27.0,27.0,0.1554,173.7,0.0,1,1,0.807,1.23714,1,0,0.7,1.26814,-1,2.205,0.002,0.998,0.0,0.0,0.0,0.99,0.0,0.5,0.0,0.602,0.424,0.5,0.574,0.0,0.355,0.0,0,0,0.36,0.687,0.0,0.484,0.1,0.199,0.543,0.0,0.513,0.455,0.0,1.0,0.686
8103,2021.09.24 18:41:40,GBPCHFm,MEAN_REVERSION,BUY,3,1.26398,1.26259,1.2651,0.8,0.607,1.26483,1.2653,1.26422,0,0.577,0.033,-0.6433,1.26443,1.26221,1.26841,1.25965,1,0.0,0.4,0,1.26483,0.636,0.82,0,0.0,0.0,1.26388,1.28087,9.892,0,0,0,1.0,-1.0,-0.1074,1.0,0.05,0,0.717,0,0.582,1.2649,1.26375,0.682,0.022,0.0,2,0.15,0,0.717,0.302,0.682,0.443,0.369,1,1.26483,8,0.727,0.0,0.345,0.3,0.169,0.832,0.961,1.26883,1.26167,1.26858,191846.9631,531.6424,2,1.26928,0.499,1.25067,0.367,0.0,0.0,0,0.599,1,2,1922,0.772,0.533,0.389,27.0,27.0,0.1554,173.7,0.0,1,1,0.807,1.23714,1,0,0.7,1.26814,-1,2.395,0.002,0.998,0.0,0.0,0.0,0.0,0.0,0.5,0.0,1.0,0.49,0.5,0.528,0.0,0.348,0.0,0,0,0.304,0.541,0.0,0.528,0.1,0.204,0.325,0.0,0.507,0.455,0.0,1.0,0.765
8110,2021.09.24 20:01:00,GBPCHFm,BREAKOUT,BUY,3,1.26497,1.26417,1.26948,5.63,0.174,1.26476,1.26534,1.26408,1,0.101,0.451,-0.0347,1.26443,1.26221,1.26841,1.25965,1,0.0,0.6,0,1.26476,0.607,0.696,0,0.0,0.0,0.0,1.28087,9.038,0,0,0,0.157,0.3918,0.0133,0.392,0.289,0,0.843,0,0.659,1.26482,1.26455,0.064,0.082,0.0,2,0.0,0,0.923,0.61,1.5,0.407,0.508,2,1.26408,5,0.6,0.872,0.213,0.118,0.132,0.993,0.64,1.26883,1.26167,1.26858,202201.8828,10354.9198,2,1.26928,0.496,1.25067,0.363,0.0,0.0,0,0.612,1,2,1924,0.772,0.533,0.389,27.0,27.0,0.1498,180.3,0.0,1,1,0.807,1.23714,1,0,0.7,1.26814,-1,1.758,0.002,0.998,0.0,0.0,0.0,0.97,0.0,0.5,0.0,0.685,0.71,0.5,0.56,0.0,0.244,0.0,0,0,0.392,0.804,0.0,0.803,0.1,0.259,0.488,0.0,0.495,0.455,0.0,1.0,0.783
8111,2021.09.24 20:01:20,GBPCHFm,PULLBACK,BUY,3,1.26497,1.26417,1.26868,4.64,0.359,1.26476,1.26534,1.26408,1,0.101,0.451,-0.0347,1.26443,1.26221,1.26841,1.25965,1,0.0,0.6,0,1.26476,0.607,0.696,0,0.0,0.0,0.0,1.28087,9.038,0,0,0,0.157,0.3918,0.0133,0.392,0.289,0,0.843,0,0.659,1.26482,1.26455,0.064,0.082,0.0,2,0.0,0,0.923,0.61,1.5,0.407,0.508,2,1.26408,5,0.6,0.872,0.213,0.118,0.132,0.993,0.64,1.26883,1.26167,1.26858,202201.8828,10354.9198,2,1.26928,0.496,1.25067,0.363,0.0,0.0,0,0.612,1,2,1924,0.772,0.533,0.389,27.0,27.0,0.1498,180.3,0.0,1,1,0.807,1.23714,1,0,0.7,1.26814,-1,1.758,0.002,0.998,0.0,0.0,0.0,0.96,0.0,0.5,0.0,0.685,0.705,0.5,0.56,0.0,0.244,0.0,0,0,0.388,0.804,0.0,0.803,0.1,0.259,0.488,0.0,0.495,0.455,0.0,1.0,0.783
8112,2021.09.24 20:01:20,GBPCHFm,TREND_CONTINUATION,BUY,3,1.26497,1.26281,1.26948,2.08,0.248,1.26476,1.26534,1.26408,1,0.101,0.451,-0.0347,1.26443,1.26221,1.26841,1.25965,1,0.0,0.6,0,1.26476,0.607,0.696,0,0.0,0.0,0.0,1.28087,9.038,0,0,0,0.157,0.3918,0.0133,0.392,0.289,0,0.843,0,0.659,1.26482,1.26455,0.064,0.082,0.0,2,0.0,0,0.923,0.61,1.5,0.407,0.508,2,1.26408,5,0.6,0.872,0.213,0.118,0.132,0.993,0.64,1.26883,1.26167,1.26858,202201.8828,10354.9198,2,1.26928,0.496,1.25067,0.363,0.0,0.0,0,0.612,1,2,1924,0.772,0.533,0.389,27.0,27.0,0.1498,180.3,0.0,1,1,0.807,1.23714,1,0,0.7,1.26814,-1,1.758,0.002,0.998,0.0,0.0,0.0,0.95,0.0,0.5,0.0,0.685,0.705,0.5,0.56,0.0,0.244,0.0,0,0,0.388,0.804,0.0,0.803,0.1,0.259,0.488,0.0,0.495,0.455,0.0,1.0,0.783
8116,2021.09.24 20:25:40,GBPCHFm,BREAKOUT_RETEST,BUY,3,1.26447,1.26393,1.26503,1.04,0.232,1.26476,1.26534,1.26408,1,0.101,0.451,-0.312,1.26443,1.26221,1.26841,1.25965,1,0.0,0.6,0,1.26476,0.607,0.696,0,0.0,0.0,0.0,1.28087,9.038,0,0,0,0.157,0.3918,0.0133,0.392,0.99,0,0.843,0,0.659,1.26424,1.26455,0.021,0.196,0.0,2,0.0,0,0.923,0.094,0.312,0.301,0.446,1,1.26476,8,0.721,0.958,0.003,0.118,0.132,0.975,0.64,1.26883,1.26167,1.26858,202201.8828,10354.9198,2,1.26928,0.496,1.25067,0.363,0.0,0.0,0,0.612,1,2,1924,0.772,0.533,0.389,27.0,27.0,0.1498,180.3,0.0,1,1,0.807,1.23714,1,0,0.7,1.26814,-1,2.036,0.002,0.998,0.0,0.0,0.0,0.44,0.0,0.5,0.0,0.67,0.226,0.5,0.555,0.0,0.269,0.0,0,0,0.438,0.804,0.0,0.522,0.1,0.292,0.438,0.0,0.512,0.455,0.0,1.0,0.907
8118,2021.09.24 20:56:59,GBPCHFm,MEAN_REVERSION,BUY,3,1.26397,1.26253,1.26519,0.85,0.737,1.26476,1.26534,1.26408,0,0.101,0.451,-0.6781,1.26443,1.26221,1.26841,1.25965,1,0.0,0.6,0,1.26476,0.607,0.696,0,0.0,0.0,0.0,1.28087,9.038,0,0,0,0.157,0.3918,0.0133,0.392,0.037,0,0.843,0,0.659,1.26392,1.26356,0.212,0.008,0.0,2,0.0,0,0.923,0.301,0.678,0.444,0.45,1,1.26476,8,0.721,0.576,0.289,0.118,0.132,0.814,0.94,1.26883,1.26167,1.26858,202201.8828,10354.9198,2,1.26928,0.496,1.25067,0.363,0.0,0.0,0,0.612,1,2,1924,0.772,0.533,0.389,43.0,28.0,0.2385,180.3,0.0,1,1,0.807,1.23714,1,0,0.7,1.26814,-1,2.313,0.002,0.998,0.0,0.0,0.0,0.01,0.0,0.5,0.0,0.516,0.444,0.5,0.989,0.0,0.289,0.0,0,0,0.446,0.772,0.0,0.446,0.1,0.265,0.311,0.0,0.49,0.455,0.0,1.0,0.937
0,2021.09.26 21:00:00,GBPCHFm,SWEEP_REVERSAL,BUY,3,1.26247,1.26068,1.26443,1.09,0.381,1.26377,1.26471,1.26369,0,1.095,0.143,-1.095,1.26466,1.26221,1.26841,1.26038,1,0.0,0.3,0,1.26377,0.583,0.79,0,0.0,0.0,1.26378,1.28087,10.646,0,0,0,0.486,0.3693,0.028,0.369,0.01,2,0.37,0,0.774,1.26403,1.26249,1.238,0.381,-0.1323,1,0.4,5,1.0,0.431,1.238,0.349,0.448,1,1.26377,8,0.717,0.0,0.757,0.111,0.595,0.887,1.0,1.26883,1.26167,1.26858,209204.5455,7002.6626,2,1.26928,0.496,1.25067,0.361,0.0,0.0,0,0.409,1,2,1925,0.772,0.533,0.389,66.0,66.0,0.3686,179.1,0.0,1,1,0.807,1.23714,1,0,0.7,1.26814,-1,3.166,0.002,0.998,0.0,0.0,0.0,0.0,0.0,0.5,0.0,0.309,0.503,0.5,0.716,0.0,0.444,0.0,0,0,0.394,0.122,0.0,0.362,0.1,0.233,0.257,0.0,0.473,0.455,0.0,1.0,0.643
0,2021.09.26 21:00:20,GBPCHFm,BREAKOUT,SELL,3,1.26088,1.26395,1.2564,1.46,0.348,1.26377,1.26471,1.26369,0,1.095,0.143,-1.6143,1.26466,1.26221,1.26841,1.26038,1,0.0,0.3,0,1.26377,0.583,0.79,0,0.0,0.0,1.26378,1.28087,10.646,0,0,0,0.486,0.3693,0.028,0.369,0.01,0,0.67,0,0.774,1.26403,1.26249,1.757,0.9,0.0,2,0.4,0,0.67,0.788,1.757,0.449,0.407,1,1.26377,8,0.717,0.0,0.457,0.111,0.295,0.887,1.0,1.26883,1.26167,1.26858,209204.5455,7002.6626,2,1.26928,0.496,1.25067,0.361,0.0,0.0,0,0.409,1,2,1925,0.772,0.533,0.389,66.0,66.0,0.3686,179.1,0.0,1,1,0.807,1.23714,1,0,0.7,1.26814,-1,4.054,0.002,0.998,0.0,0.0,0.0,0.0,0.0,0.5,0.71,0.448,0.394,0.5,0.881,0.0,0.545,0.0,0,0,0.546,0.352,0.0,0.651,0.1,0.257,0.212,0.0,0.507,0.4,0.0,1.0,0.805
0,2021.09.26 21:00:20,GBPCHFm,TREND_CONTINUATION,BUY,3,1.26154,1.25939,1.26443,1.35,0.331,1.26377,1.26471,1.26369,0,1.095,0.143,-1.6143,1.26466,1.26221,1.26841,1.26038,1,0.0,0.3,0,1.26377,0.583,0.79,0,0.0,0.0,1.26378,1.28087,10.646,0,0,0,0.486,0.3693,0.028,0.369,0.01,0,0.67,0,0.774,1.26403,1.26249,1.757,0.9,0.0,2,0.4,0,0.67,0.788,1.757,0.449,0.407,1,1.26377,8,0.717,0.0,0.457,0.111,0.295,0.887,1.0,1.26883,1.26167,1.26858,209204.5455,7002.6626,2,1.26928,0.496,1.25067,0.361,0.0,0.0,0,0.409,1,2,1925,0.772,0.533,0.389,66.0,66.0,0.3686,179.1,0.0,1,1,0.807,1.23714,1,0,0.7,1.26814,-1,3.686,0.002,0.998,0.0,0.0,0.0,0.0,0.0,0.5,0.71,0.448,0.394,0.5,0.881,0.0,0.545,0.0,0,0,0.546,0.352,0.0,0.651,0.1,0.257,0.212,0.0,0.507,0.4,0.0,1.0,0.805
0,2021.09.26 21:00:40,GBPCHFm,MEAN_REVERSION,BUY,3,1.26324,1.26181,1.26443,0.83,0.642,1.26377,1.26471,1.26369,0,1.095,0.143,-0.665,1.26466,1.26221,1.26841,1.26038,1,0.0,0.3,0,1.26377,0.583,0.79,0,0.0,0.0,1.26378,1.28087,10.646,0,0,0,0.486,0.3693,0.028,0.369,0.0,0,0.67,0,0.774,1.26403,1.26249,0.808,0.049,0.0,2,0.4,0,0.67,0.364,0.808,0.45,0.358,1,1.26377,8,0.717,0.0,0.46,0.111,0.295,0.887,1.0,1.26883,1.26167,1.26858,209204.5455,7002.6626,2,1.26928,0.496,1.25067,0.361,0.0,0.0,0,0.409,1,2,1925,0.772,0.533,0.389,66.0,66.0,0.3686,179.1,0.0,1,1,0.807,1.23714,1,0,0.7,1.26814,-1,2.736,0.002,0.998,0.0,0.0,0.0,0.03,0.0,0.5,0.471,0.374,0.681,0.5,0.779,0.0,0.495,0.0,0,0,0.54,0.392,0.0,0.379,0.1,0.257,0.312,0.0,0.512,0.4,0.0,1.0,0.805
0,2021.09.26 21:41:00,GBPCHFm,ANCHORED_PULLBACK,SELL,3,1.26258,1.26421,1.259,2.2,0.173,1.26377,1.26471,1.26369,0,1.095,0.143,-0.665,1.26466,1.26221,1.26841,1.26038,1,0.0,0.3,0,1.26377,0.583,0.79,0,0.0,0.0,1.26378,1.28087,10.646,0,0,0,0.486,0.3693,0.028,0.369,0.0,0,0.67,0,0.774,1.26403,1.26249,0.808,0.049,0.0,2,0.4,0,0.67,0.364,0.808,0.45,0.358,1,1.26377,8,0.717,0.0,0.46,0.111,0.295,0.887,1.0,1.26883,1.26167,1.26858,209204.5455,7002.6626,2,1.26928,0.496,1.25067,0.361,0.0,0.0,0,0.409,1,2,1925,0.772,0.533,0.389,307.0,351.1,1.7144,179.1,0.0,1,1,0.807,1.23714,1,0,0.7,1.26814,-1,3.105,0.002,0.998,0.0,0.0,0.0,0.93,0.0,0.5,0.0,0.982,0.417,0.5,0.422,0.0,0.653,0.0,0,0,0.438,0.392,0.0,0.379,0.1,0.261,0.312,0.0,0.512,0.4,0.0,1.0,0.805
0,2021.09.26 22:00:20,GBPCHFm,PULLBACK,SELL,1,1.26237,1.26394,1.26038,1.26,0.296,1.26377,1.26467,1.26307,0,1.003,0.422,-0.8166,1.26452,1.26221,1.26841,1.26038,1,0.0,0.4,0,1.26377,0.587,0.274,0,0.0,0.0,1.26211,1.28087,10.958,0,0,0,0.493,-0.5639,-0.0349,0.564,0.241,0,0.779,2,0.304,1.26407,1.26287,0.991,0.294,0.0,2,0.0,0,0.779,0.41,0.991,0.414,0.39,1,1.26377,8,0.717,0.0,0.228,0.169,0.0,0.876,0.992,1.26883,1.26167,1.26858,209204.5455,7002.6626,2,1.26928,0.496,1.25067,0.361,0.0,0.0,0,0.409,1,2,1926,0.772,0.533,0.389,268.0,285.7,1.5601,171.8,0.0,1,1,0.807,1.23714,1,0,0.7,1.26814,-1,3.359,0.002,0.998,0.0,0.0,0.0,0.57,0.0,0.5,0.0,0.429,0.581,0.5,0.513,0.0,0.692,0.0,0,0,0.479,0.723,0.0,0.44,0.1,0.348,0.575,0.0,0.513,0.455,0.0,1.0,0.852
0,2021.09.26 22:11:40,GBPCHFm,BREAKOUT_RETEST,SELL,1,1.26322,1.26394,1.26228,1.3,0.358,1.26377,1.26467,1.26307,1,1.003,0.422,-0.3218,1.26452,1.26221,1.26841,1.26038,1,0.0,0.4,0,1.26377,0.587,0.274,0,0.0,0.0,1.26211,1.28087,10.958,0,0,0,0.493,-0.5639,-0.0349,0.564,0.077,0,0.779,2,0.304,1.26407,1.26287,0.496,0.201,0.0,2,0.0,0,0.779,0.217,0.496,0.438,0.367,1,1.26377,8,0.717,0.008,0.277,0.169,0.0,0.876,0.992,1.26883,1.26167,1.26858,209204.5455,7002.6626,2,1.26928,0.496,1.25067,0.361,0.0,0.0,0,0.409,1,2,1926,0.772,0.533,0.389,221.0,247.2,1.2865,171.8,0.0,1,1,0.807,1.23714,1,0,0.7,1.26814,-1,2.864,0.002,0.998,0.0,0.0,0.0,0.99,0.0,0.5,0.0,0.503,0.604,0.5,0.398,0.0,0.556,0.0,0,0,0.404,0.634,0.868,0.528,0.1,0.419,0.433,0.0,0.514,0.455,0.0,1.0,0.749
8122,2021.09.26 23:00:20,GBPCHFm,BREAKOUT,SELL,1,1.26425,1.26504,1.25995,5.43,0.219,1.26377,1.26487,1.26228,1,0.045,0.302,0.2772,1.26452,1.26221,1.26841,1.26038,1,0.0,0.65,0,1.26377,0.571,0.718,0,0.0,0.0,1.26297,1.28087,9.657,0,0,0,0.5,-0.545,-0.0684,0.545,0.675,0,0.727,0,0.277,1.26407,1.26477,0.103,0.302,0.0,2,0.25,0,0.727,0.105,0.302,0.349,0.278,0,1.26487,4,0.6,0.793,0.197,0.164,0.143,0.692,0.939,1.26883,1.26167,1.26858,209204.5455,7002.6626,2,1.26928,0.496,1.25067,0.361,0.0,0.0,0,0.409,1,2,1927,0.772,0.533,0.389,27.0,166.8,0.1568,172.1,0.0,1,1,0.807,1.23714,1,0,0.7,1.26814,-1,2.26,0.002,0.998,0.0,0.0,0.0,0.97,0.0,0.5,0.0,1.0,0.767,0.5,0.581,0.0,0.138,0.0,0,0,0.389,0.8,0.0,0.451,0.1,0.61,0.534,0.0,0.528,0.455,0.0,1.0,0.78
8123,2021.09.26 23:00:20,GBPCHFm,TREND_CONTINUATION,SELL,1,1.26425,1.26632,1.25995,2.08,0.316,1.26377,1.26487,1.26228,1,0.045,0.302,0.2772,1.26452,1.26221,1.26841,1.26038,1,0.0,0.65,0,1.26377,0.571,0.718,0,0.0,0.0,1.26297,1.28087,9.657,0,0,0,0.5,-0.545,-0.0684,0.545,0.675,0,0.727,0,0.277,1.26407,1.26477,0.103,0.302,0.0,2,0.25,0,0.727,0.105,0.302,0.349,0.278,0,1.26487,4,0.6,0.793,0.197,0.164,0.143,0.692,0.939,1.26883,1.26167,1.26858,209204.5455,7002.6626,2,1.26928,0.496,1.25067,0.361,0.0,0.0,0,0.409,1,2,1927,0.772,0.533,0.389,27.0,165.3,0.1568,172.1,0.0,1,1,0.807,1.23714,1,0,0.7,1.26814,-1,2.26,0.002,0.998,0.0,0.0,0.0,0.96,0.0,0.5,0.0,1.0,0.767,0.5,0.581,0.0,0.138,0.0,0,0,0.389,0.8,0.0,0.451,0.1,0.61,0.534,0.0,0.528,0.455,0.0,1.0,0.78
0,2021.09.26 23:41:30,GBPCHFm,ANCHORED_PULLBACK,BUY,1,1.26402,1.26376,1.26549,5.67,0.274,1.26377,1.26487,1.26228,1,0.045,0.302,-0.0132,1.26452,1.26221,1.26841,1.26038,1,0.0,0.65,0,1.26377,0.571,0.718,0,0.0,0.0,1.26297,1.28087,9.657,0,0,0,0.5,-0.545,-0.0684,0.545,0.927,0,0.727,0,0.277,1.26407,1.26278,0.187,0.566,0.0,2,0.25,0,0.727,0.176,0.566,0.311,0.286,0,1.26487,4,0.6,0.626,0.122,0.164,0.143,0.692,0.918,1.26883,1.26167,1.26858,209204.5455,7002.6626,2,1.26928,0.496,1.25067,0.361,0.0,0.0,0,0.409,1,2,1927,0.772,0.533,0.389,27.0,27.0,0.1568,172.1,0.0,1,1,0.807,1.23714,1,0,0.7,1.26814,-1,2.393,0.002,0.998,0.0,0.0,0.0,0.78,0.0,0.5,0.0,1.0,0.362,0.5,0.58,0.0,0.204,0.0,0,0,0.339,0.8,0.0,0.533,0.1,0.628,0.508,0.0,0.535,0.455,0.0,1.0,0.703
8124,2021.09.27 00:01:40,GBPCHFm,PULLBACK,SELL,1,1.26394,1.26503,1.26278,1.07,0.478,1.26377,1.26487,1.26228,1,0.047,0.596,0.1077,1.26452,1.26221,1.26841,1.26038,1,0.0,0.65,0,1.26098,0.545,0.638,0,0.0,0.0,0.0,1.28087,11.059,0,0,0,0.55,-0.755,-0.1157,0.755,0.75,0,0.671,3,0.377,1.26377,1.26477,0.108,0.535,0.0,2,0.0,0,0.671,0.643,1.906,0.337,0.382,1,1.26487,4,0.6,0.785,0.075,0.226,0.0,0.735,0.947,1.26883,1.26167,1.26858,208933.2036,-271.3418,1,1.26928,0.495,1.25067,0.359,0.0,0.0,0,0.518,1,2,1928,0.772,0.533,0.389,27.0,27.0,0.1739,155.3,0.0,1,1,0.807,1.23714,1,0,0.7,1.26814,-1,2.705,0.003,0.997,0.0,1.0,0.0,0.99,0.0,0.5,0.0,0.691,0.593,0.5,0.565,0.0,0.182,0.0,0,0,0.298,0.752,0.0,0.594,0.093,0.572,0.524,0.0,0.553,0.455,0.0,1.0,0.772
8125,2021.09.27 00:04:40,GBPCHFm,MEAN_REVERSION,SELL,1,1.26441,1.26503,1.26377,1.04,0.623,1.26377,1.26487,1.26228,1,0.047,0.596,0.4104,1.26452,1.26221,1.26841,1.26038,1,0.0,0.65,0,1.26098,0.545,0.638,0,0.0,0.0,0.0,1.28087,11.059,0,0,0,0.55,-0.755,-0.1157,0.755,0.421,0,0.671,3,0.377,1.26377,1.26477,0.41,0.232,0.0,2,0.0,0,0.671,0.854,2.209,0.387,0.407,1,1.26377,1,0.7,0.179,0.174,0.226,0.0,0.735,0.947,1.26883,1.26167,1.26858,208933.2036,-271.3418,1,1.26928,0.495,1.25067,0.359,0.0,0.0,0,0.518,1,2,1928,0.772,0.533,0.389,27.0,27.0,0.1739,155.3,0.0,1,1,0.807,1.23714,1,0,0.7,1.26814,-1,2.402,0.003,0.997,0.0,1.0,0.0,0.99,0.0,0.5,0.0,0.976,0.766,0.5,0.551,0.0,0.163,0.0,0,0,0.39,0.687,0.0,0.44,0.087,0.572,0.568,0.0,0.521,0.455,0.0,1.0,0.841
8126,2021.09.27 00:11:40,GBPCHFm,BREAKOUT_RETEST,SELL,1,1.26454,1.26503,1.26377,1.58,0.413,1.26377,1.26487,1.26228,1,0.047,0.596,0.4941,1.26452,1.26221,1.26841,1.26038,1,0.0,0.65,0,1.26098,0.545,0.638,0,0.0,0.0,0.0,1.28087,11.059,0,0,0,0.55,-0.755,-0.1157,0.755,0.264,0,0.671,3,0.377,1.26377,1.26477,0.494,0.148,0.0,2,0.0,0,0.671,0.941,2.293,0.41,0.417,1,1.26377,1,0.7,0.012,0.221,0.226,0.0,0.735,0.947,1.26883,1.26167,1.26858,208933.2036,-271.3418,1,1.26928,0.495,1.25067,0.359,0.0,0.0,0,0.518,1,2,1928,0.772,0.533,0.389,27.0,27.0,0.1739,155.3,0.0,1,1,0.807,1.23714,1,0,0.7,1.26814,-1,2.318,0.003,0.997,0.0,1.0,0.0,0.88,0.0,0.5,0.0,0.3,0.761,0.5,0.79,0.0,0.197,0.0,0,0,0.473,0.657,0.0,0.44,0.087,0.575,0.578,0.0,0.526,0.455,0.0,1.0,0.841
8131,2021.09.27 01:04:40,GBPCHFm,BREAKOUT,SELL,1,1.26433,1.26494,1.26371,1.01,0.264,1.26371,1.26479,1.26225,1,0.107,0.156,0.4137,1.26452,1.26439,1.26841,1.26038,1,0.0,0.65,0,1.26098,0.545,0.276,0,0.0,0.0,0.0,1.28087,11.037,0,0,0,0.6,-0.615,-0.0714,0.615,0.692,0,0.696,0,0.27,1.26401,1.26469,0.217,0.244,0.0,2,0.4,0,0.696,0.78,2.254,0.346,0.335,0,1.26371,1,0.7,0.567,0.252,0.185,0.194,0.771,0.836,1.26883,1.26167,1.26858,208933.2036,-271.3418,1,1.26928,0.495,1.25067,0.359,0.0,0.0,0,0.518,1,2,1929,0.772,0.533,0.389,27.0,27.0,0.1816,148.7,0.0,1,1,0.807,1.23714,1,0,0.7,1.26814,-1,2.562,0.003,0.997,0.0,1.0,0.0,0.15,0.0,0.5,0.0,0.325,0.601,0.5,0.571,0.0,0.597,0.0,0,0,0.471,0.645,0.0,0.334,0.1,0.24,0.561,0.0,0.545,0.455,0.0,1.0,0.832
8132,2021.09.27 01:24:40,GBPCHFm,TREND_CONTINUATION,SELL,1,1.26404,1.26582,1.26032,2.08,0.375,1.26371,1.26479,1.26225,1,0.107,0.156,0.2187,1.26452,1.26439,1.26841,1.26038,1,0.0,0.65,0,1.26098,0.545,0.276,0,0.0,0.0,0.0,1.28087,11.037,0,0,0,0.6,-0.615,-0.0714,0.615,0.495,0,0.696,0,0.27,1.26401,1.26469,0.022,0.439,0.0,2,0.4,0,0.696,0.774,2.059,0.376,0.335,0,1.26479,4,0.6,0.957,0.311,0.185,0.194,0.771,0.836,1.26883,1.26167,1.26858,208933.2036,-271.3418,1,1.26928,0.495,1.25067,0.359,0.0,0.0,0,0.518,1,2,1929,0.772,0.533,0.389,27.0,27.0,0.1816,148.7,0.0,1,1,0.807,1.23714,1,0,0.7,1.26814,-1,2.757,0.003,0.997,0.0,1.0,0.0,0.0,0.0,0.5,0.0,0.544,0.487,0.5,0.623,0.0,0.637,0.0,0,0,0.45,0.607,0.0,0.371,0.1,0.108,0.54,0.0,0.513,0.455,0.0,1.0,0.745
8134,2021.09.27 01:48:00,GBPCHFm,SWEEP_REVERSAL,SELL,1,1.26491,1.2664,1.26371,0.8,0.262,1.26371,1.26479,1.26225,0,0.107,0.156,0.8037,1.26452,1.26439,1.26841,1.26038,1,0.0,0.65,0,1.26098,0.545,0.276,0,0.0,0.0,0.0,1.28087,11.037,0,0,0,0.6,-0.615,-0.0714,0.615,0.165,0,0.696,0,0.27,1.26401,1.26469,0.607,0.146,0.0,2,0.4,0,0.696,1.124,2.644,0.425,0.375,1,1.26371,1,0.7,0.0,0.41,0.185,0.194,0.771,0.836,1.26883,1.26167,1.26858,208933.2036,-271.3418,1,1.26928,0.495,1.25067,0.359,0.0,0.0,0,0.518,1,2,1929,0.772,0.533,0.389,27.0,27.0,0.1816,148.7,0.0,1,1,0.807,1.23714,1,0,0.7,1.26814,-1,2.172,0.003,0.997,0.0,1.0,0.0,0.99,0.0,0.5,0.0,0.834,0.704,0.5,0.548,0.0,0.527,0.0,0,0,0.497,0.501,0.0,0.695,0.1,0.16,0.633,0.0,0.513,0.455,0.0,1.0,0.824
0,2021.09.27 02:00:00,GBPCHFm,ANCHORED_PULLBACK,BUY,1,1.26536,1.26533,1.26611,25.92,0.321,1.26434,1.26495,1.26356,0,0.392,0.084,0.5111,1.26452,1.26439,1.26841,1.26038,1,0.0,0.4,0,1.26434,0.8,0.714,0,0.0,0.0,1.26462,1.28087,10.8,0,0,0,0.894,-0.5959,-0.0432,0.596,0.118,2,0.512,2,0.332,1.26426,1.26521,0.571,0.084,-0.7866,1,0.4,0,0.512,0.247,0.571,0.432,0.22,0,1.26434,8,0.76,0.0,0.725,0.179,0.14,0.651,0.946,1.26883,1.26167,1.26858,208933.2036,-271.3418,1,1.26928,0.495,1.25067,0.359,0.0,0.0,0,0.518,1,2,1930,0.762,0.544,0.387,27.0,27.0,0.1848,146.1,0.0,1,1,0.807,1.23714,1,0,0.7,1.26814,-1,1.902,0.003,0.997,0.0,1.0,0.0,0.92,0.0,0.5,0.0,0.666,0.683,0.5,0.559,0.0,0.304,0.0,0,0,0.399,0.5,0.0,0.589,0.1,0.181,0.636,0.0,0.524,0.455,0.0,1.0,0.769
8135,2021.09.27 02:12:40,GBPCHFm,BREAKOUT_RETEST,SELL,1,1.26484,1.26528,1.26434,1.13,0.494,1.26434,1.26495,1.26356,1,0.392,0.084,0.3401,1.26452,1.26439,1.26841,1.26038,1,0.0,0.4,0,1.26434,0.8,0.714,0,0.0,0.0,1.26462,1.28087,10.8,0,0,0,0.894,-0.5959,-0.0432,0.596,0.193,0,0.77,2,0.332,1.26426,1.26521,0.4,0.255,0.0,2,0.4,0,0.77,0.168,0.4,0.421,0.275,0,1.26434,8,0.76,0.201,0.402,0.179,0.14,0.651,0.946,1.26883,1.26167,1.26858,208933.2036,-271.3418,1,1.26928,0.495,1.25067,0.359,0.0,0.0,0,0.518,1,2,1930,0.762,0.544,0.387,27.0,27.0,0.1848,146.1,0.0,1,1,0.807,1.23714,1,0,0.7,1.26814,-1,2.258,0.003,0.997,0.0,1.0,0.0,0.16,0.0,0.5,0.0,1.0,0.536,0.5,0.544,0.0,0.316,0.0,0,0,0.311,0.745,0.0,0.832,0.1,0.311,0.592,0.0,0.524,0.455,0.0,1.0,0.784
8136,2021.09.27 02:24:40,GBPCHFm,MEAN_REVERSION,SELL,1,1.26461,1.2651,1.26356,2.15,0.637,1.26434,1.26495,1.26356,1,0.392,0.084,0.1827,1.26452,1.26439,1.26841,1.26038,1,0.0,0.4,0,1.26434,0.8,0.714,0,0.0,0.0,1.26462,1.28087,10.8,0,0,0,0.894,-0.5959,-0.0432,0.596,0.418,0,0.77,2,0.332,1.26426,1.26521,0.242,0.413,0.0,2,0.4,0,0.77,0.16,0.413,0.387,0.274,0,1.26356,5,0.6,0.516,0.335,0.179,0.14,0.651,0.946,1.26883,1.26167,1.26858,208933.2036,-271.3418,1,1.26928,0.495,1.25067,0.359,0.0,0.0,0,0.518,1,2,1930,0.762,0.544,0.387,27.0,27.0,0.1848,146.1,0.0,1,1,0.807,1.23714,1,0,0.7,1.26814,-1,2.415,0.003,0.997,0.0,1.0,0.0,0.0,0.0,0.5,0.0,1.0,0.535,0.5,0.558,0.0,0.329,0.0,0,0,0.32,0.79,0.0,0.509,0.1,0.311,0.459,0.0,0.527,0.455,0.0,1.0,0.745
8137,2021.09.27 02:28:40,GBPCHFm,PULLBACK,SELL,1,1.2644,1.26659,1.26038,1.83,0.541,1.26434,1.26495,1.26356,1,0.392,0.084,0.039,1.26452,1.26439,1.26841,1.26038,1,0.0,0.4,0,1.26434,0.8,0.714,0,0.0,0.0,1.26462,1.28087,10.8,0,0,0,0.894,-0.5959,-0.0432,0.596,1.0,0,0.77,2,0.332,1.26426,1.26521,0.099,0.556,0.0,2,0.4,0,0.77,0.167,0.556,0.3,0.275,0,1.26495,4,0.6,0.803,0.16,0.179,0.14,0.651,0.946,1.26883,1.26167,1.26858,208933.2036,-271.3418,1,1.26928,0.495,1.25067,0.359,0.0,0.0,0,0.518,1,2,1930,0.762,0.544,0.387,27.0,27.0,0.1848,146.1,0.0,1,1,0.807,1.23714,1,0,0.7,1.26814,-1,2.559,0.003,0.997,0.0,1.0,0.0,0.0,0.0,0.5,0.0,0.924,0.438,0.5,0.541,0.0,0.332,0.0,0,0,0.332,0.8,0.0,0.458,0.1,0.311,0.459,0.0,0.548,0.455,0.0,1.0,0.714
8139,2021.09.27 03:05:40,GBPCHFm,BREAKOUT,SELL,1,1.26446,1.26663,1.26084,1.67,0.106,1.26436,1.2649,1.26401,1,0.003,0.277,0.0694,1.26452,1.26439,1.26841,1.26038,1,0.0,0.45,0,1.26436,0.792,0.61,0,0.0,0.0,0.0,1.28087,11.073,0,0,0,0.081,0.0,-0.0038,0.141,0.492,0,0.893,0,0.608,1.26456,1.2652,0.067,0.512,0.0,2,0.4,0,0.893,0.193,0.512,0.376,0.328,0,1.2649,4,0.6,0.865,0.312,0.0,0.262,0.529,0.956,1.26883,1.26167,1.26858,208933.2036,-271.3418,1,1.26928,0.495,1.25067,0.359,0.0,0.0,0,0.518,1,2,1931,0.762,0.544,0.387,27.0,27.0,0.1866,144.7,0.0,1,1,0.807,1.23714,1,0,0.7,1.26814,-1,2.543,0.003,0.997,0.0,1.0,0.0,0.02,0.0,0.5,0.0,0.889,0.458,0.5,0.54,0.0,0.335,0.0,0,0,0.321,0.76,0.0,0.482,0.1,0.308,0.508,0.0,0.528,0.455,0.0,1.0,0.676
8141,2021.09.27 04:00:00,GBPCHFm,TREND_CONTINUATION,BUY,1,1.2656,1.26404,1.26886,2.08,0.425,1.26436,1.26493,1.26413,0,0.406,0.004,0.7472,1.26452,1.26439,1.26841,1.26038,1,0.0,0.45,0,1.26436,0.707,0.414,0,0.0,0.0,1.26514,1.28087,11.931,0,0,0,0.675,0.685,0.063,0.685,0.104,0,0.699,0,0.856,1.2648,1.26534,0.406,0.004,-0.0691,1,0.15,0,0.779,0.325,0.747,0.434,0.389,1,1.2648,2,0.55,0.189,0.629,0.206,0.224,0.573,0.867,1.26883,1.26167,1.26858,211354.6906,2421.4869,2,1.26928,0.482,1.25067,0.36,0.0,0.0,0,0.619,1,2,1932,0.762,0.544,0.387,27.0,27.0,0.2072,130.3,0.0,1,1,0.807,1.23714,1,0,0.7,1.26814,-1,1.95,0.002,0.998,0.0,0.0,0.0,0.94,0.0,0.5,0.0,1.0,0.455,0.5,0.536,0.0,0.291,0.0,0,0,0.304,0.578,0.0,0.267,0.1,0.163,0.725,0.0,0.536,0.455,0.0,1.0,0.843
8142,2021.09.27 04:00:20,GBPCHFm,ANCHORED_PULLBACK,BUY,1,1.26558,1.26475,1.26792,2.82,0.483,1.26436,1.26493,1.26413,0,0.406,0.004,0.7319,1.26452,1.26439,1.26841,1.26038,1,0.0,0.45,0,1.26436,0.707,0.414,0,0.0,0.0,1.26514,1.28087,11.931,0,0,0,0.675,0.685,0.063,0.685,0.104,0,0.701,0,0.856,1.2648,1.26534,0.39,0.02,0.0,2,0.15,0,0.781,0.318,0.732,0.434,0.388,1,1.2648,2,0.55,0.219,0.329,0.206,0.224,0.573,0.867,1.26883,1.26167,1.26858,211354.6906,2421.4869,2,1.26928,0.482,1.25067,0.36,0.0,0.0,0,0.619,1,2,1932,0.762,0.544,0.387,27.0,27.0,0.2072,130.3,0.0,1,1,0.807,1.23714,1,0,0.7,1.26814,-1,1.965,0.002,0.998,0.0,0.0,0.0,0.9,0.0,0.5,0.0,1.0,0.272,0.5,0.536,0.0,0.306,0.0,0,0,0.42,0.579,0.0,0.314,0.1,0.27,0.722,0.0,0.536,0.455,0.0,1.0,0.899
8144,2021.09.27 04:00:40,GBPCHFm,SWEEP_REVERSAL,SELL,1,1.26579,1.26709,1.26436,1.1,0.203,1.26436,1.26493,1.26413,0,0.406,0.004,1.1003,1.26452,1.26439,1.26841,1.26038,1,0.0,0.45,0,1.26436,0.707,0.414,0,0.0,0.0,1.26514,1.28087,11.931,0,0,0,0.675,0.685,0.063,0.685,0.104,0,0.701,0,0.856,1.2648,1.26534,0.759,0.349,0.0,2,0.15,0,0.781,0.478,1.1,0.434,0.407,1,1.26436,8,0.741,0.0,0.329,0.206,0.224,0.573,0.867,1.26883,1.26167,1.26858,211354.6906,2421.4869,2,1.26928,0.482,1.25067,0.36,0.0,0.0,0,0.619,1,2,1932,0.762,0.544,0.387,27.0,27.0,0.2072,130.3,0.0,1,1,0.807,1.23714,1,0,0.7,1.26814,-1,1.804,0.002,0.998,0.0,0.0,0.0,0.99,0.0,0.5,0.0,1.0,0.766,0.5,0.488,0.0,0.278,0.0,0,0,0.417,0.579,0.0,0.314,0.1,0.27,0.787,0.0,0.533,0.455,0.0,1.0,0.899
8147,2021.09.27 04:24:40,GBPCHFm,MEAN_REVERSION,SELL,1,1.2656,1.26664,1.26436,1.19,0.639,1.26436,1.26493,1.26413,0,0.406,0.004,0.9544,1.26452,1.26439,1.26841,1.26038,1,0.0,0.45,0,1.26436,0.707,0.414,0,0.0,0.0,1.26514,1.28087,11.931,0,0,0,0.675,0.685,0.063,0.685,0.104,0,0.701,0,0.856,1.2648,1.26534,0.613,0.203,0.0,2,0.15,0,0.781,0.415,0.954,0.434,0.4,1,1.26436,8,0.741,0.0,0.329,0.206,0.224,0.573,0.867,1.26883,1.26167,1.26858,211354.6906,2421.4869,2,1.26928,0.482,1.25067,0.36,0.0,0.0,0,0.619,1,2,1932,0.762,0.544,0.387,27.0,27.0,0.2072,130.3,0.0,1,1,0.807,1.23714,1,0,0.7,1.26814,-1,1.95,0.002,0.998,0.0,0.0,0.0,0.93,0.0,0.5,0.0,0.487,0.725,0.5,0.526,0.0,0.431,0.0,0,0,0.466,0.579,0.0,0.314,0.1,0.218,0.761,0.0,0.531,0.455,0.0,1.0,0.899
8148,2021.09.27 04:29:00,GBPCHFm,PULLBACK,BUY,1,1.26589,1.26528,1.26868,4.59,0.364,1.26436,1.26493,1.26413,0,0.406,0.004,0.9698,1.26452,1.26439,1.26841,1.26038,1,0.0,0.45,0,1.26436,0.707,0.414,0,0.0,0.0,1.26514,1.28087,11.931,0,0,0,0.675,0.685,0.063,0.685,0.104,0,0.701,0,0.856,1.2648,1.26534,0.628,0.218,0.0,2,0.15,0,0.781,0.421,0.97,0.434,0.4,1,1.26436,8,0.741,0.0,0.329,0.206,0.224,0.573,0.867,1.26883,1.26167,1.26858,211354.6906,2421.4869,2,1.26928,0.482,1.25067,0.36,0.0,0.0,0,0.619,1,2,1932,0.762,0.544,0.387,27.0,27.0,0.2072,130.3,0.0,1,1,0.807,1.23714,1,0,0.7,1.26814,-1,1.727,0.002,0.998,0.0,0.0,0.0,0.93,0.0,0.5,0.0,1.0,0.655,0.5,0.539,0.0,0.436,0.0,0,0,0.429,0.579,0.0,0.314,0.1,0.218,0.764,0.0,0.531,0.455,0.0,1.0,0.899
8152,2021.09.27 05:05:40,GBPCHFm,BREAKOUT,BUY,1,1.26649,1.26501,1.26946,2.0,0.433,1.26477,1.26517,1.26419,0,0.719,0.27,1.2236,1.26452,1.26439,1.26841,1.26038,1,0.0,0.55,0,1.26432,0.734,0.345,0,0.0,0.0,0.0,1.28087,12.766,0,0,0,0.75,0.72,0.1255,0.72,0.348,0,0.742,0,0.413,1.26477,1.26543,1.224,0.662,0.0,2,0.15,0,0.822,0.636,1.598,0.398,0.432,1,1.26477,1,0.7,0.0,0.256,0.216,0.135,0.989,0.659,1.26883,1.26167,1.26858,211354.6906,2421.4869,2,1.26928,0.482,1.25067,0.36,0.0,0.0,0,0.619,1,2,1933,0.762,0.544,0.387,27.0,27.0,0.2273,118.8,0.0,1,1,0.807,1.23714,1,0,0.7,1.26814,-1,1.389,0.002,0.998,0.0,0.0,0.0,0.92,0.0,0.5,0.0,0.442,0.682,0.5,0.502,0.0,0.472,0.0,0,0,0.448,0.471,0.0,0.445,0.1,0.299,0.831,0.0,0.543,0.455,0.0,1.0,0.835
8158,2021.09.27 06:00:00,GBPCHFm,TREND_CONTINUATION,BUY,1,1.26754,1.26606,1.27062,2.08,0.727,1.2648,1.26589,1.26438,0,1.326,0.098,2.0086,1.26409,1.26439,1.26841,1.26038,1,0.0,0.45,2,1.2648,0.631,0.559,0,0.0,0.0,1.26626,1.28087,11.054,0,0,0,0.825,0.58,0.179,0.58,0.119,0,0.655,3,0.4,1.26564,1.26715,1.326,0.098,0.4331,0,0.4,2,1.0,1.169,2.009,0.582,0.443,1,1.26564,2,0.55,0.0,0.424,0.874,0.14,0.529,0.93,1.26883,1.26167,1.26858,211354.6906,2421.4869,2,1.26928,0.482,1.25067,0.36,0.0,0.0,0,0.619,1,2,1934,0.762,0.544,0.387,27.0,27.0,0.2194,123.1,0.0,1,1,0.807,1.23714,1,0,0.7,1.26814,-1,0.488,0.002,0.998,0.0,0.0,0.0,0.86,0.0,0.5,0.0,0.314,0.644,0.5,0.538,0.0,0.405,0.0,0,0,0.41,0.284,0.0,0.39,0.15,0.89,0.7,0.0,0.471,0.455,0.0,1.0,0.905
8159,2021.09.27 06:00:40,GBPCHFm,SWEEP_REVERSAL,SELL,1,1.26707,1.2683,1.26564,1.16,0.239,1.2648,1.26589,1.26438,0,1.326,0.098,1.8461,1.26409,1.26439,1.26841,1.26038,1,0.0,0.45,2,1.2648,0.631,0.559,0,0.0,0.0,1.26626,1.28087,11.054,0,0,0,0.825,0.58,0.179,0.58,0.093,0,0.671,3,0.4,1.26564,1.26715,1.164,0.065,0.0,2,0.4,0,0.751,0.805,1.846,0.436,0.338,0,1.26564,2,0.55,0.0,0.432,0.174,0.14,0.529,0.93,1.26883,1.26167,1.26858,211354.6906,2421.4869,2,1.26928,0.482,1.25067,0.36,0.0,0.0,0,0.619,1,2,1934,0.762,0.544,0.387,27.0,27.0,0.2194,123.1,0.0,1,1,0.807,1.23714,1,0,0.7,1.26814,-1,0.869,0.002,0.998,0.0,0.0,0.0,0.58,0.0,0.5,0.0,0.374,0.579,0.5,0.612,0.0,0.345,0.0,0,0,0.369,0.271,0.0,0.37,0.158,0.565,0.862,0.0,0.531,0.455,0.0,1.0,0.835
8162,2021.09.27 06:22:40,GBPCHFm,ANCHORED_PULLBACK,BUY,1,1.26727,1.26589,1.26946,1.58,0.217,1.2648,1.26589,1.26438,0,1.326,0.098,1.7892,1.26409,1.26439,1.26841,1.26038,1,0.0,0.45,2,1.2648,0.631,0.559,0,0.0,0.0,1.26626,1.28087,11.054,0,0,0,0.825,0.58,0.179,0.58,0.123,0,0.671,3,0.4,1.26564,1.26715,1.107,0.122,0.0,2,0.4,0,0.751,0.772,1.789,0.431,0.334,0,1.26564,2,0.55,0.0,0.423,0.174,0.14,0.529,0.93,1.26883,1.26167,1.26858,211354.6906,2421.4869,2,1.26928,0.482,1.25067,0.36,0.0,0.0,0,0.619,1,2,1934,0.762,0.544,0.387,27.0,27.0,0.2194,123.1,0.0,1,1,0.807,1.23714,1,0,0.7,1.26814,-1,0.707,0.002,0.998,0.0,0.0,0.0,0.0,0.0,0.5,0.0,0.374,0.455,0.5,0.72,0.0,0.637,0.0,0,0,0.497,0.277,0.0,0.37,0.158,0.419,0.852,0.0,0.531,0.455,0.0,1.0,0.835
8163,2021.09.27 06:24:40,GBPCHFm,MEAN_REVERSION,SELL,1,1.26692,1.2679,1.26564,1.3,0.615,1.2648,1.26589,1.26438,0,1.326,0.098,1.7242,1.26409,1.26439,1.26841,1.26038,1,0.0,0.45,2,1.2648,0.631,0.559,0,0.0,0.0,1.26626,1.28087,11.054,0,0,0,0.825,0.58,0.179,0.58,0.123,0,0.671,3,0.4,1.26564,1.26715,1.042,0.187,0.0,2,0.4,0,0.751,0.744,1.724,0.431,0.331,0,1.26564,2,0.55,0.0,0.423,0.174,0.14,0.529,0.93,1.26883,1.26167,1.26858,211354.6906,2421.4869,2,1.26928,0.482,1.25067,0.36,0.0,0.0,0,0.619,1,2,1934,0.762,0.544,0.387,27.0,27.0,0.2194,123.1,0.0,1,1,0.807,1.23714,1,0,0.7,1.26814,-1,0.991,0.002,0.998,0.0,0.0,0.0,0.0,0.0,0.5,0.0,0.374,0.447,0.5,0.72,0.0,0.637,0.0,0,0,0.503,0.277,0.0,0.37,0.158,0.419,0.841,0.0,0.531,0.455,0.0,1.0,0.835
8164,2021.09.27 06:29:00,GBPCHFm,PULLBACK,BUY,1,1.26709,1.2664,1.26868,2.32,0.381,1.2648,1.26589,1.26438,0,1.326,0.098,1.6429,1.26409,1.26439,1.26841,1.26038,1,0.0,0.45,2,1.2648,0.631,0.559,0,0.0,0.0,1.26626,1.28087,11.054,0,0,0,0.825,0.58,0.179,0.58,0.128,0,0.671,3,0.4,1.26564,1.26665,0.96,0.141,0.0,2,0.4,0,0.751,0.708,1.643,0.431,0.326,0,1.26564,2,0.55,0.0,0.422,0.174,0.14,0.529,0.889,1.26883,1.26167,1.26858,211354.6906,2421.4869,2,1.26928,0.482,1.25067,0.36,0.0,0.0,0,0.619,1,2,1934,0.762,0.544,0.387,27.0,27.0,0.2194,123.1,0.0,1,1,0.807,1.23714,1,0,0.7,1.26814,-1,0.853,0.002,0.998,0.0,0.0,0.0,0.1,0.0,0.5,0.0,0.374,0.396,0.5,0.663,0.0,0.635,0.0,0,0,0.515,0.382,0.0,0.463,0.158,0.407,0.826,0.0,0.531,0.455,0.0,1.0,0.835
8167,2021.09.27 06:39:00,GBPCHFm,BREAKOUT_RETEST,BUY,1,1.26608,1.26571,1.26692,2.26,0.467,1.2648,1.26589,1.26438,1,1.326,0.098,0.8223,1.26409,1.26439,1.26841,1.26038,1,0.0,0.45,2,1.2648,0.631,0.559,0,0.0,0.0,1.26626,1.28087,11.054,0,0,0,0.825,0.58,0.179,0.58,0.251,0,0.671,3,0.4,1.26564,1.26665,0.14,0.679,0.0,2,0.4,0,0.751,0.339,0.822,0.412,0.283,0,1.2648,8,0.726,0.72,0.385,0.174,0.14,0.529,0.889,1.26883,1.26167,1.26858,211354.6906,2421.4869,2,1.26928,0.482,1.25067,0.36,0.0,0.0,0,0.619,1,2,1934,0.762,0.544,0.387,27.0,27.0,0.2194,123.1,0.0,1,1,0.807,1.23714,1,0,0.7,1.26814,-1,1.674,0.002,0.998,0.0,0.0,0.0,0.0,0.0,0.5,0.0,0.374,0.187,0.5,0.707,0.0,0.771,0.0,0,0,0.708,0.458,1.0,0.416,0.169,0.376,0.433,0.0,0.535,0.455,0.0,1.0,0.795
8170,2021.09.27 07:09:40,GBPCHFm,BREAKOUT,BUY,1,1.26791,1.2659,1.27127,1.67,0.466,1.26575,1.26758,1.26526,0,0.091,0.196,1.4093,1.26434,1.26439,1.26914,1.26111,1,0.0,0.6,0,1.26748,0.785,0.0,1,0.0,0.0,1.26658,1.28087,9.736,0,0,0,0.9,0.79,0.2229,0.79,0.657,2,0.552,0,0.598,1.26758,1.26797,0.044,0.244,0.0,2,0.15,4,0.566,0.636,1.409,0.451,0.385,1,1.26575,1,0.7,0.912,0.163,0.237,0.172,0.934,0.788,1.26883,1.26167,1.26858,211354.6906,2421.4869,2,1.26928,0.482,1.25067,0.36,0.0,0.0,0,0.619,1,2,1935,0.762,0.544,0.387,27.0,27.0,0.2011,134.3,0.0,1,1,0.807,1.23714,1,0,0.7,1.26814,-1,0.171,0.002,0.998,0.0,0.0,0.0,0.71,0.0,0.5,0.67,0.286,0.643,0.5,0.8,0.0,0.791,0.0,0,0,0.643,0.554,0.0,0.384,0.126,0.617,0.582,0.0,0.502,0.455,0.0,1.0,0.919
8171,2021.09.27 08:00:00,GBPCHFm,TREND_CONTINUATION,BUY,2,1.27056,1.26877,1.2743,2.08,0.838,1.26758,1.2685,1.26588,0,1.46,0.061,1.8099,1.26442,1.26439,1.26914,1.26111,0,0.0,0.5,0,1.26785,0.755,0.619,0,0.0,0.0,1.26981,1.28087,7.079,0,0,1,0.975,0.825,0.2662,0.825,0.119,1,0.314,0,0.745,1.26771,1.27007,1.722,0.148,0.2,0,0.15,2,1.0,1.053,1.81,0.582,0.549,2,1.26785,8,0.751,0.0,0.324,0.947,0.201,0.847,0.838,1.26883,1.26167,1.26858,205512.4389,-5842.2517,1,1.26856,0.5,1.25067,0.36,0.0,0.0,0,0.642,1,2,1936,0.762,0.544,0.387,27.0,27.0,0.1806,149.5,0.0,1,1,0.807,1.23714,0,0,0.0,1.26814,-1,22.355,0.017,0.983,0.0,1.0,0.0,0.98,0.0,0.5,0.0,0.433,0.585,0.5,0.451,0.0,0.922,0.0,0,0,0.555,0.184,0.0,0.902,0.216,1.0,0.745,0.0,0.457,0.5,0.0,1.0,0.966
8174,2021.09.27 08:22:40,GBPCHFm,ANCHORED_PULLBACK,BUY,2,1.27097,1.26992,1.27369,2.59,0.285,1.26758,1.2685,1.26588,0,1.46,0.061,2.0841,1.26442,1.26439,1.26914,1.26111,0,0.0,0.5,0,1.26785,0.755,0.619,0,0.0,0.0,1.26981,1.28087,7.079,0,0,1,0.975,0.825,0.2662,0.825,0.119,2,0.614,0,0.745,1.26771,1.27007,1.997,0.422,0.0,2,0.15,0,0.694,0.901,2.084,0.432,0.455,1,1.26785,8,0.751,0.0,0.324,0.247,0.201,0.847,0.838,1.26883,1.26167,1.26858,205512.4389,-5842.2517,1,1.26856,0.5,1.25067,0.36,0.0,0.0,0,0.642,1,2,1936,0.762,0.544,0.387,27.0,27.0,0.1806,149.5,0.0,1,1,0.807,1.23714,0,1,0.0,1.26657,-1,22.629,0.017,0.983,0.0,1.0,0.0,0.39,0.0,0.5,0.0,0.565,0.599,0.5,0.444,0.0,0.709,0.0,0,0,0.476,0.136,0.0,0.336,0.195,0.65,0.863,0.0,0.523,0.5,0.0,1.0,0.883
8176,2021.09.27 08:29:00,GBPCHFm,PULLBACK,BUY,2,1.27096,1.26993,1.27545,4.34,0.48,1.26758,1.2685,1.26588,0,1.46,0.061,2.0774,1.26442,1.26439,1.26914,1.26111,0,0.0,0.5,0,1.26785,0.755,0.619,0,0.0,0.0,1.26981,1.28087,7.079,0,0,1,0.975,0.825,0.2662,0.825,0.119,2,0.614,0,0.745,1.26771,1.27007,1.99,0.416,0.0,2,0.15,0,0.694,0.898,2.077,0.432,0.455,1,1.26785,8,0.751,0.0,0.324,0.247,0.201,0.847,0.838,1.26883,1.26167,1.26858,205512.4389,-5842.2517,1,1.26856,0.5,1.25067,0.36,0.0,0.0,0,0.642,1,2,1936,0.762,0.544,0.387,27.0,27.0,0.1806,149.5,0.0,1,1,0.807,1.23714,0,1,0.0,1.26657,-1,22.622,0.017,0.983,0.0,1.0,0.0,0.07,0.0,0.5,0.596,0.869,0.541,0.5,0.452,0.0,0.694,0.0,0,0,0.438,0.136,0.0,0.336,0.195,0.65,0.863,0.0,0.523,0.5,0.0,1.0,0.883
8178,2021.09.27 09:09:40,GBPCHFm,BREAKOUT,BUY,2,1.27152,1.26903,1.27566,1.67,0.492,1.26766,1.27044,1.26562,0,0.554,0.107,2.1677,1.26422,1.26409,1.26962,1.26111,0,0.0,0.65,0,1.26766,0.743,0.092,0,0.0,0.0,0.0,1.28087,5.409,0,0,1,1.0,0.86,0.3829,0.86,0.244,2,0.547,3,0.378,1.27099,1.27173,0.156,0.292,0.0,2,0.15,0,0.627,0.896,2.168,0.413,0.366,1,1.26766,8,0.749,0.689,0.287,0.258,0.053,0.64,0.767,1.26883,1.26167,1.26858,205512.4389,-5842.2517,1,1.26856,0.5,1.25067,0.36,0.0,0.0,0,0.642,1,2,1937,0.762,0.544,0.387,27.0,27.0,0.1629,165.7,0.0,1,1,0.807,1.23714,0,1,0.0,1.26657,-1,20.747,0.017,0.983,0.0,1.0,0.0,0.03,0.0,0.5,0.0,1.0,0.273,0.5,0.458,0.0,0.451,0.0,0,0,0.454,0.268,0.0,0.38,0.192,1.0,0.86,0.0,0.477,0.5,0.0,1.0,0.88
8180,2021.09.27 09:35:40,GBPCHFm,BREAKOUT_RETEST,BUY,2,1.26942,1.26776,1.27311,2.23,0.572,1.26766,1.27044,1.26562,1,0.554,0.107,0.9005,1.26422,1.26409,1.26962,1.26111,1,0.0,0.65,0,1.26766,0.743,0.092,0,0.0,0.0,0.0,1.28087,5.409,0,0,1,1.0,0.86,0.3829,0.86,0.174,2,0.547,3,0.378,1.26766,1.26895,0.9,0.118,0.0,2,0.15,0,0.627,0.382,0.9,0.424,0.315,0,1.26766,8,0.749,0.0,0.308,0.258,0.053,0.71,0.791,1.26883,1.26167,1.26858,205512.4389,-5842.2517,1,1.26856,0.5,1.25067,0.36,0.0,0.0,0,0.642,1,2,1937,0.762,0.544,0.387,27.0,27.0,0.1629,165.7,0.0,1,1,0.807,1.23714,0,1,0.0,1.26657,-1,19.479,0.017,0.983,0.0,1.0,0.0,0.0,0.0,0.5,0.0,1.0,0.264,0.5,0.465,0.0,0.283,0.0,0,0,0.394,0.368,0.0,0.913,0.171,1.0,0.579,0.0,0.486,0.5,0.0,1.0,0.76
8182,2021.09.27 10:00:00,GBPCHFm,TREND_CONTINUATION,BUY,2,1.27057,1.26843,1.27502,2.08,0.433,1.2677,1.27082,1.26642,1,0.192,0.841,1.4606,1.26422,1.26409,1.26962,1.26111,0,0.0,0.6,0,1.2677,0.747,0.528,0,0.0,0.0,1.26968,1.28087,5.943,0,0,1,0.75,0.72,0.4305,0.72,0.727,2,0.531,0,0.636,1.26991,1.2688,0.221,0.841,-0.2285,1,0.55,0,0.611,0.498,1.461,0.341,0.315,0,1.2677,8,0.749,0.557,0.602,0.216,0.32,0.857,0.737,1.26883,1.26167,1.26858,205512.4389,-5842.2517,1,1.26856,0.5,1.25067,0.36,0.0,0.0,0,0.642,1,2,1938,0.762,0.544,0.387,27.0,27.0,0.1517,177.9,0.0,1,1,0.807,1.23714,1,1,0.75,1.26657,-1,2.248,0.017,0.983,0.0,1.0,0.0,0.67,0.0,0.5,0.0,0.827,0.689,0.5,0.481,0.0,0.33,0.0,0,0,0.39,0.607,0.0,0.586,0.13,0.504,0.698,0.0,0.485,0.5,0.0,1.0,0.937
8184,2021.09.27 10:44:40,GBPCHFm,PULLBACK,BUY,2,1.26875,1.26779,1.26989,1.2,0.526,1.2677,1.27082,1.26642,1,0.192,0.841,0.4377,1.26422,1.26409,1.26962,1.26111,1,0.0,0.6,0,1.2677,0.747,0.528,0,0.0,0.0,1.26968,1.28087,5.943,0,0,1,0.75,0.72,0.4305,0.72,0.448,2,0.545,0,0.636,1.2677,1.2688,0.438,0.182,0.0,2,0.25,0,0.625,0.168,0.438,0.383,0.343,0,1.2677,8,0.749,0.125,0.266,0.216,0.215,1.0,0.737,1.26883,1.26167,1.26858,205512.4389,-5842.2517,1,1.26856,0.5,1.25067,0.36,0.0,0.0,0,0.642,1,2,1938,0.762,0.544,0.387,27.0,27.0,0.1517,177.9,0.0,1,1,0.807,1.23714,1,1,0.75,1.26657,-1,1.225,0.017,0.983,0.0,1.0,0.0,0.0,0.0,0.5,0.0,0.551,0.375,0.5,0.46,0.0,0.256,0.0,0,0,0.316,0.607,0.0,0.907,0.1,0.654,0.528,0.0,0.463,0.5,0.0,1.0,0.912
8186,2021.09.27 11:09:40,GBPCHFm,BREAKOUT,BUY,2,1.27014,1.26743,1.27465,1.67,0.346,1.27003,1.27145,1.2683,1,0.431,0.968,-0.0902,1.26422,1.26409,1.26962,1.26111,0,0.0,0.5,0,1.27003,0.739,0.181,0,0.0,0.0,1.26883,1.28087,6.617,0,0,0,0.8,0.755,0.4456,0.755,0.889,0,0.678,0,0.801,1.26987,1.27256,0.003,1.49,0.0,2,0.25,0,0.758,0.472,1.49,0.317,0.425,1,1.2683,5,0.6,0.994,0.133,0.226,0.248,0.941,0.854,1.26883,1.26167,1.26858,205512.4389,-5842.2517,1,1.26856,0.5,1.25067,0.36,0.0,0.0,0,0.642,1,2,1939,0.762,0.544,0.387,27.0,27.0,0.1497,180.4,0.0,1,1,0.807,1.23714,1,1,0.75,1.26657,0,1.979,0.017,0.983,0.0,1.0,0.5,0.99,0.0,0.5,0.0,0.649,0.583,0.5,0.507,0.0,0.353,0.0,0,0,0.343,0.765,0.0,1.0,0.093,0.81,0.65,0.0,0.507,0.545,0.0,1.0,0.886
8188,2021.09.27 11:35:40,GBPCHFm,BREAKOUT_RETEST,BUY,2,1.27126,1.27012,1.2733,1.79,0.498,1.27003,1.27145,1.2683,1,0.431,0.968,0.5308,1.26422,1.26409,1.26962,1.26111,0,0.0,0.5,0,1.27003,0.739,0.181,0,0.0,0.0,1.26883,1.28087,6.617,0,0,0,0.8,0.755,0.4456,0.755,0.561,0,0.678,0,0.801,1.27082,1.27256,0.093,0.869,0.0,2,0.25,0,0.758,0.318,0.869,0.366,0.367,1,1.27003,8,0.748,0.813,0.232,0.226,0.248,0.624,0.854,1.26883,1.26167,1.26858,205512.4389,-5842.2517,1,1.26856,0.5,1.25067,0.36,0.0,0.0,0,0.642,1,2,1939,0.762,0.544,0.387,27.0,27.0,0.1497,180.4,0.0,1,1,0.807,1.23714,1,1,0.75,1.26657,0,2.6,0.017,0.983,0.0,1.0,0.5,0.45,0.0,0.5,0.0,0.79,0.574,0.5,0.53,0.0,0.388,0.0,0,0,0.358,0.61,0.0,0.392,0.087,0.737,0.732,0.0,0.482,0.5,0.0,1.0,0.998
8190,2021.09.27 12:20:20,GBPCHFm,TREND_CONTINUATION,BUY,2,1.27082,1.26859,1.27547,2.08,0.514,1.27083,1.27164,1.26956,1,0.166,0.954,-0.1509,1.26483,1.26409,1.26962,1.26111,0,0.0,0.45,0,1.27106,0.756,0.443,0,0.0,0.0,1.27049,1.28087,5.688,0,0,1,0.8,0.965,0.4473,0.965,0.91,0,0.658,0,0.755,1.27083,1.27257,0.151,1.084,0.0,2,0.0,0,0.738,0.34,1.084,0.314,0.441,1,1.26956,5,0.6,0.698,0.027,0.29,0.151,0.977,0.87,1.26883,1.26167,1.26858,221172.7689,15660.33,2,1.26928,0.514,1.25067,0.358,0.0,0.0,0,0.665,1,2,1940,0.754,0.544,0.388,27.0,27.0,0.1451,186.1,0.0,1,1,0.807,1.23714,1,1,0.75,1.26657,0,2.284,0.002,0.998,0.0,0.0,0.5,0.99,0.0,0.5,0.0,0.323,0.539,0.5,0.52,0.0,0.548,0.0,0,0,0.399,0.882,0.0,0.898,0.093,0.598,0.65,0.0,0.506,0.5,0.0,1.0,1.004
8191,2021.09.27 12:44:40,GBPCHFm,PULLBACK,BUY,2,1.27145,1.26866,1.27703,2.0,0.585,1.27083,1.27164,1.26956,1,0.166,0.954,0.1877,1.26483,1.26409,1.26962,1.26111,0,0.0,0.45,0,1.27106,0.756,0.443,0,0.0,0.0,1.27049,1.28087,5.688,0,0,1,0.8,0.965,0.4473,0.965,0.456,0,0.658,0,0.755,1.27083,1.27257,0.188,0.745,0.0,2,0.0,0,0.738,0.284,0.745,0.382,0.434,1,1.26956,5,0.6,0.625,0.163,0.29,0.151,0.977,0.87,1.26883,1.26167,1.26858,221172.7689,15660.33,2,1.26928,0.514,1.25067,0.358,0.0,0.0,0,0.665,1,2,1940,0.754,0.544,0.388,27.0,27.0,0.1451,186.1,0.0,1,1,0.807,1.23714,1,1,0.75,1.26657,0,2.623,0.002,0.998,0.0,0.0,0.5,0.55,0.0,0.5,0.0,0.482,0.547,0.5,0.601,0.0,0.699,0.0,0,0,0.488,0.723,0.0,0.618,0.093,0.509,0.65,0.0,0.487,0.5,0.0,1.0,0.954
8193,2021.09.27 15:00:20,GBPCHFm,MEAN_REVERSION,BUY,4,1.26951,1.26789,1.27119,1.04,0.587,1.27092,1.2713,1.26992,0,0.762,0.076,-0.8303,1.2703,1.26905,1.27086,1.26216,1,0.0,0.45,0,1.27092,0.787,0.521,0,0.0,0.0,1.26929,1.28087,5.837,0,0,0,1.0,0.825,0.2712,0.825,0.388,0,0.667,0,0.336,1.27084,1.26899,0.792,0.122,0.0,2,0.4,0,0.747,0.325,0.83,0.392,0.316,0,1.27092,8,0.757,0.0,0.344,0.247,0.207,0.871,0.838,1.26883,1.26167,1.26858,221172.7689,15660.33,2,1.26928,0.514,1.25067,0.358,0.0,0.0,0,0.665,1,2,1943,0.754,0.544,0.388,27.0,27.0,0.1335,202.2,0.0,1,1,0.807,1.23714,1,1,0.75,1.26657,0,1.454,0.002,0.998,0.0,0.0,0.5,0.17,0.0,0.5,0.0,0.486,0.537,0.5,0.483,0.0,0.454,0.0,0,0,0.349,0.587,0.0,1.0,0.1,0.327,0.434,0.0,0.466,0.545,0.0,1.0,0.847
8196,2021.09.27 15:01:40,GBPCHFm,TREND_CONTINUATION,BUY,4,1.2682,1.26577,1.27119,1.23,0.542,1.27092,1.2713,1.26992,0,0.762,0.076,-1.4781,1.2703,1.26905,1.27086,1.26216,1,0.0,0.45,0,1.27092,0.787,0.521,0,0.0,0.0,1.26929,1.28087,5.837,0,0,0,1.0,0.825,0.2712,0.825,0.112,0,0.667,0,0.336,1.27084,1.26899,1.44,0.526,0.0,2,0.4,0,0.747,0.64,1.478,0.433,0.352,1,1.27092,8,0.757,0.0,0.426,0.247,0.207,0.871,0.838,1.26883,1.26167,1.26858,221172.7689,15660.33,2,1.26928,0.514,1.25067,0.358,0.0,0.0,0,0.665,1,2,1943,0.754,0.544,0.388,27.0,27.0,0.1335,202.2,0.0,1,1,0.807,1.23714,1,1,0.75,1.26657,0,0.806,0.002,0.998,0.0,0.0,0.5,0.0,0.0,0.5,0.0,0.486,0.451,0.5,0.439,0.0,0.388,0.0,0,0,0.316,0.382,0.0,1.0,0.1,0.327,0.321,0.0,0.474,0.545,0.0,1.0,0.841
8198,2021.09.27 15:03:40,GBPCHFm,PULLBACK,BUY,4,1.2679,1.26487,1.27119,1.08,0.464,1.27092,1.2713,1.26992,0,0.762,0.076,-1.6265,1.2703,1.26905,1.27086,1.26216,1,0.0,0.45,0,1.27092,0.787,0.521,0,0.0,0.0,1.26929,1.28087,5.837,0,0,0,1.0,0.825,0.2712,0.825,0.112,0,0.667,0,0.336,1.27084,1.26899,1.588,0.675,0.0,2,0.4,0,0.747,0.705,1.626,0.433,0.36,1,1.27092,8,0.757,0.0,0.426,0.247,0.207,0.871,0.838,1.26883,1.26167,1.26858,221172.7689,15660.33,2,1.26928,0.514,1.25067,0.358,0.0,0.0,0,0.665,1,2,1943,0.754,0.544,0.388,27.0,27.0,0.1335,202.2,0.0,1,1,0.807,1.23714,1,1,0.75,1.26657,0,0.658,0.002,0.998,0.0,0.0,0.5,0.0,0.0,0.5,0.0,0.486,0.431,0.5,0.439,0.0,0.388,0.0,0,0,0.328,0.382,0.0,1.0,0.1,0.327,0.314,0.0,0.478,0.545,0.0,1.0,0.841
8200,2021.09.27 15:10:40,GBPCHFm,SWEEP_REVERSAL,BUY,4,1.2689,1.26688,1.27119,1.13,0.255,1.27092,1.2713,1.26992,0,0.762,0.076,-1.132,1.2703,1.26905,1.27086,1.26216,1,0.0,0.45,0,1.27092,0.787,0.521,0,0.0,0.0,1.26929,1.28087,5.837,0,0,0,1.0,0.825,0.2712,0.825,0.112,0,0.667,0,0.336,1.27084,1.26899,1.094,0.18,0.0,2,0.4,0,0.747,0.49,1.132,0.433,0.335,0,1.27092,8,0.757,0.0,0.426,0.247,0.207,0.871,0.838,1.26883,1.26167,1.26858,221172.7689,15660.33,2,1.26928,0.514,1.25067,0.358,0.0,0.0,0,0.665,1,2,1943,0.754,0.544,0.388,27.0,27.0,0.1335,202.2,0.0,1,1,0.807,1.23714,1,1,0.75,1.26657,0,1.152,0.002,0.998,0.0,0.0,0.5,0.54,0.0,0.5,0.0,0.43,0.461,0.5,0.506,0.0,0.453,0.0,0,0,0.356,0.53,0.0,1.0,0.1,0.305,0.399,0.0,0.468,0.545,0.0,1.0,0.841
8202,2021.09.27 17:00:20,GBPCHFm,MEAN_REVERSION,BUY,3,1.26891,1.26725,1.27106,1.29,0.668,1.27079,1.27127,1.26859,1,0.023,0.392,-1.0357,1.2703,1.26907,1.27087,1.26296,1,0.0,0.7,2,1.27079,0.79,0.395,0,0.0,0.0,0.0,1.28087,5.85,0,0,0,0.323,-0.275,-0.0206,0.275,0.815,0,0.677,3,0.516,1.26859,1.26782,0.025,0.394,0.0,2,0.0,0,0.757,0.339,1.036,0.328,0.406,1,1.27079,8,0.758,0.949,0.056,0.083,0.0,0.904,0.764,1.26883,1.26167,1.26858,224251.7401,3078.9713,2,1.26928,0.539,1.25067,0.355,0.0,0.0,0,0.789,1,2,1945,0.754,0.544,0.388,27.0,27.0,0.1301,207.6,0.0,1,1,0.807,1.23714,1,1,0.75,1.26657,0,1.127,0.002,0.998,0.0,0.0,0.5,0.38,0.0,0.5,0.0,0.872,0.607,0.5,0.488,0.0,0.163,0.0,0,0,0.276,0.802,0.0,0.801,0.1,0.423,0.484,0.0,0.487,0.545,0.0,1.0,0.788
8204,2021.09.27 17:10:40,GBPCHFm,SWEEP_REVERSAL,BUY,3,1.26874,1.26666,1.27106,1.12,0.101,1.27079,1.27127,1.26859,0,0.023,0.392,-1.1176,1.2703,1.26907,1.27087,1.26296,1,0.0,0.7,2,1.27079,0.79,0.395,0,0.0,0.0,0.0,1.28087,5.85,0,0,0,0.323,-0.275,-0.0206,0.275,0.996,0,0.677,3,0.516,1.26859,1.26782,0.057,0.312,0.0,2,0.0,0,0.757,0.336,1.118,0.301,0.406,1,1.27079,8,0.758,0.887,0.001,0.083,0.0,0.904,0.764,1.26883,1.26167,1.26858,224251.7401,3078.9713,2,1.26928,0.539,1.25067,0.355,0.0,0.0,0,0.789,1,2,1945,0.754,0.544,0.388,27.0,27.0,0.1301,207.6,0.0,1,1,0.807,1.23714,1,1,0.75,1.26657,0,1.045,0.002,0.998,0.0,0.0,0.5,0.01,0.0,0.5,0.0,0.801,0.496,0.5,0.528,0.0,0.159,0.0,0,0,0.225,0.902,0.0,0.921,0.1,0.475,0.51,0.0,0.467,0.545,0.0,1.0,0.864
0,2021.09.27 21:00:00,GBPCHFm,MEAN_REVERSION,BUY,3,1.26962,1.268,1.27112,0.92,0.591,1.2691,1.26932,1.26832,0,0.738,0.035,-1.2297,1.27051,1.26907,1.27087,1.26368,1,0.0,0.35,2,1.2691,0.8,0.631,0,0.0,0.0,1.26846,1.28087,7.034,0,0,0,0.975,-0.825,-0.1512,0.825,0.012,2,0.632,0,0.548,1.26811,1.26718,0.738,0.281,-0.0402,2,0.15,0,0.712,0.551,1.23,0.448,0.375,1,1.26811,2,0.55,0.0,0.356,0.247,0.162,0.692,0.989,1.26883,1.26167,1.26858,231281.407,7029.6669,2,1.26928,0.545,1.25067,0.353,0.0,0.0,0,0.775,1,2,1949,0.754,0.544,0.388,301.0,30.7,1.4843,202.8,0.0,1,1,0.807,1.23714,1,1,0.75,1.26657,1,1.504,0.002,0.998,0.0,0.0,1.0,0.0,0.0,0.5,0.421,0.491,0.385,0.5,0.507,0.0,0.25,0.0,0,0,0.321,0.383,0.0,1.0,0.1,0.227,0.318,0.0,0.494,0.545,0.0,1.0,0.743
0,2021.09.27 21:05:00,GBPCHFm,SWEEP_REVERSAL,BUY,3,1.26955,1.26752,1.27225,1.33,0.182,1.2691,1.26932,1.26832,0,0.738,0.035,-1.3333,1.27051,1.26907,1.27087,1.26368,1,0.0,0.35,2,1.2691,0.8,0.631,0,0.0,0.0,1.26846,1.28087,7.034,0,0,0,0.975,-0.825,-0.1512,0.825,0.012,0,0.651,0,0.548,1.26811,1.26718,0.841,0.385,0.0,2,0.15,0,0.731,0.598,1.333,0.448,0.385,1,1.2691,8,0.76,0.0,0.356,0.247,0.162,0.692,0.989,1.26883,1.26167,1.26858,231281.407,7029.6669,2,1.26928,0.545,1.25067,0.353,0.0,0.0,0,0.775,1,2,1949,0.754,0.544,0.388,315.0,79.5,1.5534,202.8,0.0,1,1,0.807,1.23714,1,1,0.75,1.26657,1,1.47,0.002,0.998,0.0,0.0,1.0,0.0,0.0,0.5,0.0,0.482,0.349,0.5,0.458,0.0,0.251,0.0,0,0,0.328,0.387,0.0,0.887,0.1,0.239,0.302,0.0,0.502,0.545,0.0,1.0,0.743
8206,2021.09.28 03:00:00,GBPCHFm,ANCHORED_PULLBACK,BUY,1,1.26956,1.26911,1.27018,1.37,0.457,1.26867,1.26872,1.26812,0,0.533,0.275,0.5332,1.26898,1.26896,1.27052,1.26363,1,0.0,0.3,0,1.26827,0.58,0.514,0,0.0,0.0,1.26932,1.28087,9.961,0,0,0,0.819,-0.5711,-0.0183,0.571,0.148,2,0.455,0,0.222,1.26862,1.26947,0.576,0.155,-0.031,2,0.4,5,0.292,0.288,0.877,0.328,0.198,0,1.26867,1,0.7,0.0,0.416,0.171,0.484,0.991,0.986,1.26883,1.26167,1.26858,233742.4426,2461.0355,2,1.26928,0.548,1.25067,0.352,0.0,0.0,0,0.681,1,2,1955,0.758,0.547,0.381,27.0,27.0,0.2322,116.3,0.0,1,1,0.807,1.23714,1,1,0.75,1.26657,-1,2.571,0.002,0.998,0.0,0.0,0.0,0.74,0.0,0.5,0.0,0.395,0.671,0.5,0.842,0.0,0.415,0.0,0,0,0.521,0.505,0.164,0.71,0.1,0.274,0.436,0.0,0.513,0.545,0.0,1.0,0.63
8208,2021.09.28 06:00:20,GBPCHFm,ANCHORED_PULLBACK,BUY,1,1.27096,1.27026,1.27268,2.47,0.499,1.27016,1.27067,1.26919,0,0.246,0.932,0.5349,1.26909,1.26896,1.27052,1.26363,0,0.0,0.65,0,1.27016,0.636,0.383,0,0.0,0.0,1.27056,1.28087,10.28,0,0,1,0.75,0.72,0.1776,0.72,0.214,0,0.655,3,0.807,1.27027,1.26976,0.421,0.935,0.0,2,0.0,0,0.735,0.391,0.935,0.418,0.424,1,1.27016,8,0.727,0.159,0.236,0.216,0.0,0.753,0.93,1.26883,1.26167,1.26858,230839.5032,-2902.9393,1,1.26928,0.555,1.25067,0.351,0.0,0.0,0,0.7,1,2,1958,0.758,0.547,0.381,27.0,27.0,0.271,99.6,0.0,1,1,0.807,1.23714,1,1,0.75,1.26657,-1,4.406,0.009,0.991,0.0,1.0,0.0,0.99,0.0,0.5,0.0,0.64,0.507,0.5,1.0,0.0,0.624,0.0,0,0,0.554,0.598,0.0,0.238,0.0,0.386,0.803,0.0,0.575,0.5,0.0,1.0,1.047
8210,2021.09.28 06:00:40,GBPCHFm,BREAKOUT_RETEST,BUY,1,1.27061,1.27031,1.27094,1.1,0.486,1.27016,1.27067,1.26919,1,0.246,0.932,0.1837,1.26909,1.26896,1.27052,1.26363,1,0.0,0.65,0,1.27016,0.636,0.383,0,0.0,0.0,1.27056,1.28087,10.28,0,0,1,0.75,0.72,0.1776,0.72,0.65,0,0.655,3,0.807,1.27027,1.26976,0.069,0.584,0.0,2,0.0,0,0.735,0.206,0.584,0.352,0.403,1,1.27067,4,0.6,0.862,0.105,0.216,0.0,0.753,0.93,1.26883,1.26167,1.26858,230839.5032,-2902.9393,1,1.26928,0.555,1.25067,0.351,0.0,0.0,0,0.7,1,2,1958,0.758,0.547,0.381,27.0,27.0,0.271,99.6,0.0,1,1,0.807,1.23714,1,1,0.75,1.26657,-1,4.054,0.009,0.991,0.0,1.0,0.0,0.06,0.0,0.5,0.0,0.734,0.429,0.5,1.0,0.0,0.624,0.0,0,0,0.592,0.812,0.0,0.426,0.0,0.35,0.46,0.0,0.598,0.5,0.0,1.0,0.97
8212,2021.09.28 06:38:40,GBPCHFm,BREAKOUT,BUY,1,1.27222,1.27056,1.27471,1.5,0.447,1.27016,1.27067,1.26919,0,0.246,0.932,1.7994,1.26909,1.26896,1.27052,1.26363,0,0.0,0.65,0,1.27016,0.636,0.383,0,0.0,0.0,1.27056,1.28087,10.28,0,0,1,0.75,0.72,0.1776,0.72,0.214,0,0.655,3,0.807,1.27027,1.26976,1.685,2.2,0.0,2,0.0,0,0.735,0.919,2.2,0.418,0.486,1,1.27016,8,0.727,0.0,0.236,0.216,0.0,0.753,0.93,1.26883,1.26167,1.26858,230839.5032,-2902.9393,1,1.26928,0.555,1.25067,0.351,0.0,0.0,0,0.7,1,2,1958,0.758,0.547,0.381,27.0,27.0,0.271,99.6,0.0,1,1,0.807,1.23714,1,1,0.75,1.26657,-1,5.67,0.009,0.991,0.0,1.0,0.0,0.87,0.0,0.5,0.0,0.345,0.591,0.5,0.845,0.0,0.85,0.0,0,0,0.648,0.6,0.0,0.238,0.0,0.803,0.868,0.0,0.575,0.5,0.0,1.0,1.047
8213,2021.09.28 06:38:59,GBPCHFm,PULLBACK,BUY,1,1.27222,1.27073,1.27521,2.01,0.411,1.27016,1.27067,1.26919,0,0.246,0.932,1.7994,1.26909,1.26896,1.27052,1.26363,0,0.0,0.65,0,1.27016,0.636,0.383,0,0.0,0.0,1.27056,1.28087,10.28,0,0,1,0.75,0.72,0.1776,0.72,0.214,0,0.655,3,0.807,1.27027,1.26976,1.685,2.2,0.0,2,0.0,0,0.735,0.919,2.2,0.418,0.486,1,1.27016,8,0.727,0.0,0.236,0.216,0.0,0.753,0.93,1.26883,1.26167,1.26858,230839.5032,-2902.9393,1,1.26928,0.555,1.25067,0.351,0.0,0.0,0,0.7,1,2,1958,0.758,0.547,0.381,27.0,27.0,0.271,99.6,0.0,1,1,0.807,1.23714,1,1,0.75,1.26657,-1,5.67,0.009,0.991,0.0,1.0,0.0,0.86,0.0,0.5,0.0,0.345,0.578,0.5,0.845,0.0,0.85,0.0,0,0,0.64,0.6,0.0,0.238,0.0,0.803,0.868,0.0,0.575,0.5,0.0,1.0,1.047
8214,2021.09.28 06:39:00,GBPCHFm,TREND_CONTINUATION,BUY,1,1.27225,1.27073,1.27474,1.64,0.484,1.27016,1.27067,1.26919,0,0.246,0.932,1.8295,1.26909,1.26896,1.27052,1.26363,0,0.0,0.65,0,1.27016,0.636,0.383,0,0.0,0.0,1.27056,1.28087,10.28,0,0,1,0.75,0.72,0.1776,0.72,0.214,0,0.655,3,0.807,1.27027,1.26976,1.715,2.23,0.0,2,0.0,0,0.735,0.932,2.23,0.418,0.488,1,1.27016,8,0.727,0.0,0.236,0.216,0.0,0.753,0.93,1.26883,1.26167,1.26858,230839.5032,-2902.9393,1,1.26928,0.555,1.25067,0.351,0.0,0.0,0,0.7,1,2,1958,0.758,0.547,0.381,27.0,27.0,0.271,99.6,0.0,1,1,0.807,1.23714,1,1,0.75,1.26657,-1,5.7,0.009,0.991,0.0,1.0,0.0,0.87,0.0,0.5,0.0,0.345,0.592,0.5,0.845,0.0,0.85,0.0,0,0,0.649,0.6,0.0,0.238,0.0,0.803,0.868,0.0,0.575,0.5,0.0,1.0,1.047
8218,2021.09.28 08:56:20,GBPCHFm,SWEEP_REVERSAL,BUY,2,1.26832,1.26713,1.27139,2.57,0.521,1.27112,1.27152,1.2699,0,0.684,0.401,-2.5681,1.27022,1.26908,1.27121,1.26452,1,0.0,0.5,0,1.27112,0.782,0.593,0,0.0,0.0,1.2694,1.28087,9.532,1,0,0,0.9,0.79,0.3453,0.79,0.077,2,0.604,0,0.725,1.27047,1.26901,2.025,0.805,0.0,2,0.3,6,0.5,0.741,2.568,0.288,0.372,1,1.27112,8,0.756,0.0,0.597,0.237,0.55,0.923,0.941,1.26883,1.26167,1.26858,234309.0909,3469.5877,2,1.26928,0.569,1.25067,0.35,0.0,0.0,0,0.819,1,2,1960,0.759,0.545,0.377,27.0,27.0,0.2261,119.4,0.0,1,1,0.807,1.23714,1,1,0.75,1.26657,-1,1.465,0.002,0.998,0.0,0.0,0.0,0.76,0.0,0.5,0.0,0.84,0.512,0.5,0.42,0.0,0.431,0.0,0,0,0.306,0.239,0.0,0.877,0.1,0.715,0.319,0.0,0.51,0.5,0.0,1.0,0.775
8220,2021.09.28 09:00:00,GBPCHFm,BREAKOUT,BUY,2,1.26873,1.2668,1.27072,1.03,0.52,1.27045,1.27164,1.26846,1,1.548,0.929,-1.5484,1.27022,1.26908,1.27121,1.26513,1,0.0,0.6,0,1.27124,0.73,0.198,0,0.0,0.0,1.26803,1.28087,9.671,0,0,0,0.975,0.65,0.1937,0.65,0.397,1,0.301,0,0.38,1.27085,1.26886,1.858,0.31,1.2154,0,0.25,2,1.0,1.172,2.168,0.54,0.51,2,1.27045,1,0.7,0.0,0.281,0.895,0.163,0.907,0.828,1.26883,1.26167,1.26858,234309.0909,3469.5877,2,1.26928,0.569,1.25067,0.35,0.0,0.0,0,0.819,1,2,1961,0.759,0.545,0.377,27.0,27.0,0.2104,128.4,0.0,1,1,0.807,1.23714,1,1,0.75,1.26657,0,1.683,0.002,0.998,0.0,0.0,0.5,0.97,0.0,0.5,0.0,0.74,0.528,0.5,0.373,0.0,0.438,0.0,0,0,0.304,0.57,0.0,0.835,0.0,1.0,0.563,0.0,0.457,0.5,0.0,1.0,0.905
8221,2021.09.28 09:00:20,GBPCHFm,BREAKOUT_RETEST,BUY,2,1.2689,1.26851,1.27072,4.72,0.565,1.27045,1.27164,1.26846,1,1.548,0.929,-1.416,1.27022,1.26908,1.27121,1.26513,1,0.0,0.6,0,1.27124,0.73,0.198,0,0.0,0.0,1.26803,1.28087,9.671,0,0,0,0.975,0.65,0.1937,0.65,0.37,2,0.601,0,0.38,1.27085,1.26886,1.726,0.177,0.0,2,0.25,0,0.681,0.803,2.035,0.394,0.387,1,1.27045,1,0.7,0.0,0.289,0.195,0.163,0.907,0.828,1.26883,1.26167,1.26858,234309.0909,3469.5877,2,1.26928,0.569,1.25067,0.35,0.0,0.0,0,0.819,1,2,1961,0.759,0.545,0.377,27.0,27.0,0.2104,128.4,0.0,1,1,0.807,1.23714,1,1,0.75,1.26657,0,1.815,0.002,0.998,0.0,0.0,0.5,0.99,0.0,0.5,0.0,0.766,0.54,0.5,0.385,0.0,0.344,0.0,0,0,0.277,0.568,0.0,0.771,0.0,0.883,0.443,0.0,0.536,0.5,0.0,1.0,0.84
8222,2021.09.28 09:00:20,GBPCHFm,TREND_CONTINUATION,BUY,2,1.2689,1.26736,1.27072,1.18,0.526,1.27045,1.27164,1.26846,1,1.548,0.929,-1.416,1.27022,1.26908,1.27121,1.26513,1,0.0,0.6,0,1.27124,0.73,0.198,0,0.0,0.0,1.26803,1.28087,9.671,0,0,0,0.975,0.65,0.1937,0.65,0.37,2,0.601,0,0.38,1.27085,1.26886,1.726,0.177,0.0,2,0.25,0,0.681,0.803,2.035,0.394,0.387,1,1.27045,1,0.7,0.0,0.289,0.195,0.163,0.907,0.828,1.26883,1.26167,1.26858,234309.0909,3469.5877,2,1.26928,0.569,1.25067,0.35,0.0,0.0,0,0.819,1,2,1961,0.759,0.545,0.377,27.0,27.0,0.2104,128.4,0.0,1,1,0.807,1.23714,1,1,0.75,1.26657,0,1.815,0.002,0.998,0.0,0.0,0.5,0.98,0.0,0.5,0.0,0.766,0.54,0.5,0.385,0.0,0.344,0.0,0,0,0.277,0.568,0.0,0.771,0.0,0.883,0.443,0.0,0.536,0.5,0.0,1.0,0.84
8225,2021.09.28 09:00:40,GBPCHFm,PULLBACK,BUY,2,1.26862,1.26669,1.27072,1.09,0.45,1.27045,1.27164,1.26846,0,1.548,0.929,-1.6341,1.27022,1.26908,1.27121,1.26513,1,0.0,0.6,0,1.27124,0.73,0.198,0,0.0,0.0,1.26803,1.28087,9.671,0,0,0,0.975,0.65,0.1937,0.65,0.397,2,0.601,0,0.38,1.27085,1.26886,1.944,0.395,0.0,2,0.25,0,0.681,0.88,2.253,0.39,0.396,1,1.27045,1,0.7,0.0,0.281,0.195,0.163,0.907,0.828,1.26883,1.26167,1.26858,234309.0909,3469.5877,2,1.26928,0.569,1.25067,0.35,0.0,0.0,0,0.819,1,2,1961,0.759,0.545,0.377,27.0,27.0,0.2104,128.4,0.0,1,1,0.807,1.23714,1,1,0.75,1.26657,0,1.597,0.002,0.998,0.0,0.0,0.5,0.88,0.0,0.5,0.0,0.735,0.503,0.5,0.44,0.0,0.408,0.0,0,0,0.297,0.499,0.0,0.771,0.0,0.973,0.566,0.0,0.511,0.5,0.0,1.0,0.922
8226,2021.09.28 09:00:59,GBPCHFm,MEAN_REVERSION,BUY,2,1.26862,1.26759,1.27072,2.04,0.601,1.27045,1.27164,1.26846,0,1.548,0.929,-1.6341,1.27022,1.26908,1.27121,1.26513,1,0.0,0.6,0,1.27124,0.73,0.198,0,0.0,0.0,1.26803,1.28087,9.671,0,0,0,0.975,0.65,0.1937,0.65,0.397,2,0.601,0,0.38,1.27085,1.26886,1.944,0.395,0.0,2,0.25,0,0.681,0.88,2.253,0.39,0.396,1,1.27045,1,0.7,0.0,0.281,0.195,0.163,0.907,0.828,1.26883,1.26167,1.26858,234309.0909,3469.5877,2,1.26928,0.569,1.25067,0.35,0.0,0.0,0,0.819,1,2,1961,0.759,0.545,0.377,27.0,27.0,0.2104,128.4,0.0,1,1,0.807,1.23714,1,1,0.75,1.26657,0,1.597,0.002,0.998,0.0,0.0,0.5,0.87,0.0,0.5,0.0,0.735,0.493,0.5,0.44,0.0,0.408,0.0,0,0,0.299,0.499,0.0,0.771,0.0,0.973,0.566,0.0,0.511,0.5,0.0,1.0,0.922
8227,2021.09.28 09:01:00,GBPCHFm,ANCHORED_PULLBACK,BUY,2,1.26861,1.26833,1.27045,6.6,0.427,1.27045,1.27164,1.26846,0,1.548,0.929,-1.6419,1.27022,1.26908,1.27121,1.26513,1,0.0,0.6,0,1.27124,0.73,0.198,0,0.0,0.0,1.26803,1.28087,9.671,0,0,0,0.975,0.65,0.1937,0.65,0.397,2,0.601,0,0.38,1.27085,1.26886,1.952,0.403,0.0,2,0.25,0,0.681,0.883,2.261,0.39,0.397,1,1.27045,1,0.7,0.0,0.281,0.195,0.163,0.907,0.828,1.26883,1.26167,1.26858,234309.0909,3469.5877,2,1.26928,0.569,1.25067,0.35,0.0,0.0,0,0.819,1,2,1961,0.759,0.545,0.377,27.0,27.0,0.2104,128.4,0.0,1,1,0.807,1.23714,1,1,0.75,1.26657,0,1.589,0.002,0.998,0.0,0.0,0.5,0.86,0.0,0.5,0.0,0.735,0.447,0.5,0.44,0.0,0.408,0.0,0,0,0.327,0.499,0.0,0.771,0.0,0.973,0.566,0.0,0.511,0.5,0.0,1.0,0.922
8232,2021.09.28 10:56:20,GBPCHFm,SWEEP_REVERSAL,BUY,2,1.26292,1.26152,1.26823,3.8,0.21,1.26796,1.27092,1.26687,0,1.056,0.06,-3.7972,1.26889,1.26908,1.27121,1.26513,0,0.0,0.65,0,1.26796,0.731,0.485,0,0.0,0.0,1.26626,1.28087,10.519,0,0,0,1.0,0.86,0.0605,0.86,0.234,2,0.471,0,0.64,1.26796,1.2664,3.797,2.681,0.0,2,0.15,0,0.551,1.576,3.797,0.415,0.481,1,1.26796,8,0.746,0.0,0.29,0.258,0.181,0.814,0.816,1.26883,1.26167,1.26858,234309.0909,3469.5877,2,1.26928,0.569,1.25067,0.35,0.0,0.0,0,0.819,1,2,1962,0.759,0.545,0.377,27.0,27.0,0.1932,139.8,0.0,1,1,0.807,1.23714,1,1,0.75,1.26657,0,2.611,0.002,0.998,0.0,0.0,0.5,0.03,0.0,0.5,0.0,0.558,0.198,0.5,0.464,0.0,0.395,0.0,0,0,0.478,0.182,0.0,0.239,0.0,1.0,0.143,0.0,0.5,0.5,0.0,1.0,0.809
8234,2021.09.28 11:00:59,GBPCHFm,MEAN_REVERSION,BUY,2,1.2623,1.26103,1.26835,4.76,0.59,1.26808,1.27181,1.26634,0,3.343,0.102,-3.8077,1.26882,1.26908,1.27121,1.26513,0,0.0,0.55,0,1.26808,0.639,0.159,0,0.0,0.0,1.26434,1.28087,11.711,0,0,-1,0.675,-0.685,-0.1517,0.685,0.099,2,0.522,0,0.438,1.26808,1.26285,3.808,0.519,0.0,2,0.15,0,0.602,1.657,3.808,0.435,0.475,1,1.26808,8,0.728,0.0,0.33,0.206,0.14,0.792,0.915,1.26883,1.26167,1.26858,234309.0909,3469.5877,2,1.26928,0.569,1.25067,0.35,0.0,0.0,0,0.819,1,2,1963,0.759,0.545,0.377,27.0,27.0,0.17,158.9,0.0,1,1,0.807,1.23714,0,1,0.0,1.26657,0,15.838,0.002,0.998,0.0,0.0,0.5,0.03,0.0,0.5,0.196,0.448,0.218,0.5,0.516,0.0,0.53,0.0,0,0,0.536,0.033,0.0,0.241,0.0,1.0,0.136,0.0,0.496,0.5,0.0,1.0,0.775
8236,2021.09.28 13:01:00,GBPCHFm,MEAN_REVERSION,BUY,4,1.25777,1.25696,1.26272,6.12,0.551,1.26245,1.2645,1.25689,1,1.564,0.205,-2.4939,1.26873,1.26859,1.27061,1.26415,0,0.0,0.65,0,1.26245,0.66,0.668,0,0.0,0.0,1.25815,1.28087,11.726,0,0,-1,0.825,-0.58,-0.4671,0.58,0.38,2,0.519,0,0.64,1.2607,1.25718,1.609,0.16,0.0,2,0.4,0,0.519,0.98,2.494,0.393,0.318,0,1.25689,5,0.6,0.0,0.346,0.174,0.268,0.432,0.851,1.26883,1.26167,1.26858,212937.8718,-21371.2191,1,1.26928,0.572,1.25067,0.351,0.0,0.0,0,0.326,1,2,1965,0.759,0.545,0.377,27.0,27.0,0.136,198.6,0.0,1,1,0.807,1.23714,0,1,0.0,1.26657,0,10.389,0.053,0.947,0.0,1.0,0.5,0.14,0.0,0.5,0.0,0.448,0.558,0.5,0.468,0.0,0.524,0.0,0,0,0.384,0.225,0.0,0.101,0.0,1.0,0.283,0.0,0.475,0.455,0.0,1.0,0.728
8238,2021.09.28 14:10:40,GBPCHFm,SWEEP_REVERSAL,BUY,4,1.25659,1.25449,1.25834,0.83,0.101,1.25807,1.26254,1.25689,0,0.022,2.263,-0.8315,1.26873,1.26859,1.27142,1.26415,0,0.0,0.6,2,1.25807,0.741,0.093,0,0.0,0.0,1.25842,1.28087,10.659,0,0,-1,0.6,-0.79,-0.6515,0.79,0.151,2,0.472,3,0.517,1.25807,1.26136,0.832,2.4,0.0,2,0.0,0,0.472,1.026,2.4,0.427,0.404,1,1.25807,8,0.748,0.0,0.255,0.237,0.0,0.814,0.78,1.26883,1.26167,1.26858,212937.8718,-21371.2191,1,1.26928,0.572,1.25067,0.351,0.0,0.0,0,0.326,1,2,1966,0.759,0.545,0.377,27.0,27.0,0.1286,210.0,0.0,1,1,0.807,1.23714,0,1,0.0,1.26657,0,9.262,0.053,0.947,0.0,1.0,0.5,0.0,0.0,0.5,0.0,0.52,0.318,0.5,0.488,0.0,0.443,0.0,0,0,0.433,0.504,0.0,0.143,0.0,1.0,0.174,0.0,0.472,0.455,0.0,1.0,0.949
8240,2021.09.28 16:00:00,GBPCHFm,MEAN_REVERSION,BUY,4,1.25671,1.25478,1.25892,1.14,0.536,1.25635,1.25865,1.25582,1,0.039,0.773,0.0386,1.26906,1.26884,1.27117,1.26278,0,0.0,0.4,0,1.25635,0.694,0.393,0,0.0,0.0,0.0,1.28087,10.132,0,0,-1,0.7,-0.86,-0.729,0.86,1.0,2,0.574,1,0.031,1.25635,1.25458,0.039,0.773,0.0,2,0.0,0,0.574,0.232,0.773,0.3,0.28,0,1.25865,4,0.6,0.923,0.0,0.258,0.0,0.848,0.955,1.26883,1.25899,1.26844,268638.8551,55700.9833,2,1.26928,0.559,1.25067,0.355,0.0,0.0,0,0.319,1,2,1968,0.759,0.545,0.377,27.0,27.0,0.112,241.1,0.0,1,1,0.807,1.23714,0,1,0.0,1.26657,0,8.116,0.004,0.996,0.0,0.0,0.5,0.65,0.0,0.5,0.0,1.0,0.503,0.5,0.55,0.0,0.297,0.0,0,0,0.285,0.88,0.0,0.342,0.0,0.649,0.35,0.0,0.475,0.417,0.0,1.0,0.882
0,2021.09.28 21:01:00,GBPCHFm,MEAN_REVERSION,BUY,3,1.25895,1.25696,1.26074,0.9,0.643,1.25796,1.25836,1.25756,0,0.531,0.023,-0.7203,1.25751,1.26884,1.2721,1.26278,0,0.0,0.35,0,1.25796,0.64,0.86,0,0.0,0.0,1.2579,1.28087,9.83,0,0,-1,0.8,-0.825,-0.175,0.825,0.011,0,0.808,2,0.199,1.25791,1.25652,0.697,0.143,0.0,2,0.4,0,0.808,0.323,0.72,0.448,0.314,0,1.25796,8,0.728,0.0,0.457,0.247,0.14,0.874,0.975,1.26883,1.25899,1.26844,265193.3868,-3445.4683,1,1.26928,0.553,1.25067,0.356,0.0,0.0,0,0.457,1,2,1973,0.767,0.534,0.375,278.0,38.9,1.1171,248.9,0.0,1,1,0.807,1.23714,0,1,0.0,1.26657,0,8.764,0.01,0.99,0.0,1.0,0.5,0.02,0.0,0.5,0.0,0.841,0.472,0.5,0.512,0.0,0.273,0.0,0,0,0.28,0.39,0.0,0.246,0.0,0.179,0.154,0.0,0.472,0.5,0.0,1.0,0.816
0,2021.09.28 21:05:00,GBPCHFm,SWEEP_REVERSAL,BUY,3,1.25932,1.25683,1.26135,0.82,0.235,1.25796,1.25836,1.25756,0,0.531,0.023,-0.8167,1.25751,1.26884,1.2721,1.26278,0,0.0,0.35,0,1.25796,0.64,0.86,0,0.0,0.0,1.2579,1.28087,9.83,0,0,-1,0.8,-0.825,-0.175,0.825,0.011,0,0.808,2,0.199,1.25791,1.25652,0.794,0.239,0.0,2,0.4,0,0.808,0.366,0.817,0.448,0.319,0,1.25796,8,0.728,0.0,0.457,0.247,0.14,0.874,0.975,1.26883,1.25899,1.26844,265193.3868,-3445.4683,1,1.26928,0.553,1.25067,0.356,0.0,0.0,0,0.457,1,2,1973,0.767,0.534,0.375,339.0,69.1,1.3622,248.9,0.0,1,1,0.807,1.23714,0,1,0.0,1.26657,0,8.913,0.01,0.99,0.0,1.0,0.5,0.0,0.0,0.5,0.0,0.867,0.443,0.5,0.481,0.0,0.26,0.0,0,0,0.283,0.39,0.0,0.246,0.0,0.207,0.139,0.0,0.472,0.5,0.0,1.0,0.816
0,2021.09.28 23:00:40,GBPCHFm,ANCHORED_PULLBACK,BUY,1,1.25811,1.25791,1.25959,7.41,0.349,1.2579,1.25871,1.25636,1,0.076,0.16,-0.0242,1.25751,1.26884,1.2721,1.26278,0,0.0,0.65,0,1.25826,0.74,0.344,0,0.0,0.0,1.25695,1.28087,10.086,0,0,-1,0.983,-0.68,-0.0319,0.68,0.945,0,0.702,3,0.675,1.25808,1.25726,0.103,0.252,0.0,2,0.4,0,0.702,0.462,1.5,0.308,0.376,1,1.25871,4,0.6,0.794,0.176,0.204,0.14,0.975,0.886,1.26883,1.25899,1.26844,265193.3868,-3445.4683,1,1.26928,0.553,1.25067,0.356,0.0,0.0,0,0.457,1,2,1975,0.767,0.534,0.375,27.0,170.7,0.1176,229.6,0.0,1,1,0.807,1.23714,0,1,0.0,1.26657,-1,9.134,0.01,0.99,0.0,1.0,0.0,0.99,0.0,0.5,0.0,1.0,0.639,0.5,0.579,0.0,0.507,0.0,0,0,0.46,0.72,0.0,0.492,0.0,0.415,0.54,0.0,0.501,0.5,0.0,1.0,0.768
8242,2021.09.29 01:00:00,GBPCHFm,TREND_CONTINUATION,BUY,1,1.25865,1.25641,1.26332,2.08,0.378,1.25827,1.25853,1.25629,1,0.058,0.518,0.0578,1.25751,1.26884,1.2721,1.26278,0,0.0,0.65,2,1.25655,0.767,0.0,1,0.0,0.0,0.0,1.28087,12.047,0,0,-1,0.519,0.5811,0.037,0.581,0.262,1,0.292,3,0.701,1.25819,1.25733,0.104,0.564,-0.2035,1,0.3,5,1.0,0.304,0.979,0.311,0.451,1,1.25655,8,0.753,0.792,0.641,0.174,0.405,0.981,0.984,1.26883,1.25899,1.26502,164358.2002,-100835.1865,1,1.26928,0.545,1.25067,0.357,0.0,0.0,0,0.466,1,2,1977,0.767,0.534,0.375,27.0,27.0,0.1446,186.7,0.0,1,1,0.807,1.23714,0,1,0.0,1.26657,0,11.52,0.344,0.656,0.0,1.0,0.5,0.95,0.0,0.5,0.0,0.331,0.626,0.5,0.742,0.0,0.808,0.0,0,0,0.621,0.402,0.0,0.314,0.0,0.25,0.35,0.0,0.472,0.5,0.0,1.0,0.739
8243,2021.09.29 01:00:20,GBPCHFm,BREAKOUT,BUY,1,1.25842,1.25664,1.26309,2.62,0.304,1.25827,1.25853,1.25629,1,0.058,0.518,-0.0653,1.25751,1.26884,1.2721,1.26278,0,0.0,0.65,2,1.25655,0.767,0.0,1,0.0,0.0,0.0,1.28087,12.047,0,0,-1,0.519,0.5811,0.037,0.581,0.985,2,0.592,3,0.701,1.25819,1.25733,0.019,0.441,0.0,2,0.0,4,0.578,0.344,0.856,0.402,0.395,1,1.25655,8,0.753,0.961,0.005,0.174,0.0,0.981,0.984,1.26883,1.25899,1.26502,164358.2002,-100835.1865,1,1.26928,0.545,1.25067,0.357,0.0,0.0,0,0.466,1,2,1977,0.767,0.534,0.375,27.0,27.0,0.1446,186.7,0.0,1,1,0.807,1.23714,0,1,0.0,1.26657,0,11.397,0.344,0.656,0.0,1.0,0.5,0.17,0.0,0.5,0.0,0.245,0.598,0.5,0.677,0.0,0.819,0.0,0,0,0.59,0.722,0.0,0.228,0.0,0.314,0.35,0.0,0.492,0.5,0.0,1.0,0.873
8244,2021.09.29 01:00:20,GBPCHFm,PULLBACK,BUY,1,1.25842,1.25664,1.26402,3.14,0.457,1.25827,1.25853,1.25629,1,0.058,0.518,-0.0653,1.25751,1.26884,1.2721,1.26278,0,0.0,0.65,2,1.25655,0.767,0.0,1,0.0,0.0,0.0,1.28087,12.047,0,0,-1,0.519,0.5811,0.037,0.581,0.985,2,0.592,3,0.701,1.25819,1.25733,0.019,0.441,0.0,2,0.0,4,0.578,0.344,0.856,0.402,0.395,1,1.25655,8,0.753,0.961,0.005,0.174,0.0,0.981,0.984,1.26883,1.25899,1.26502,164358.2002,-100835.1865,1,1.26928,0.545,1.25067,0.357,0.0,0.0,0,0.466,1,2,1977,0.767,0.534,0.375,27.0,27.0,0.1446,186.7,0.0,1,1,0.807,1.23714,0,1,0.0,1.26657,0,11.397,0.344,0.656,0.0,1.0,0.5,0.17,0.0,0.5,0.0,0.245,0.598,0.5,0.677,0.0,0.819,0.0,0,0,0.59,0.722,0.0,0.228,0.0,0.314,0.35,0.0,0.492,0.5,0.0,1.0,0.873
8245,2021.09.29 01:00:40,GBPCHFm,BREAKOUT_RETEST,BUY,1,1.25868,1.25812,1.25992,2.21,0.384,1.25827,1.25853,1.25629,1,0.058,0.518,0.0739,1.25751,1.26884,1.2721,1.26278,0,0.0,0.65,2,1.25655,0.767,0.0,1,0.0,0.0,0.0,1.28087,12.047,0,0,-1,0.519,0.5811,0.037,0.581,0.262,2,0.592,3,0.701,1.25819,1.25733,0.12,0.581,0.0,2,0.0,4,0.578,0.508,0.995,0.511,0.414,1,1.25655,8,0.753,0.76,0.221,0.174,0.0,0.981,0.984,1.26883,1.25899,1.26502,164358.2002,-100835.1865,1,1.26928,0.545,1.25067,0.357,0.0,0.0,0,0.466,1,2,1977,0.767,0.534,0.375,27.0,27.0,0.1446,186.7,0.0,1,1,0.807,1.23714,0,1,0.0,1.26657,0,11.536,0.344,0.656,0.0,1.0,0.5,0.97,0.0,0.5,0.0,0.288,0.657,0.5,0.646,0.0,0.773,0.0,0,0,0.597,0.587,0.0,0.317,0.0,0.314,0.35,0.0,0.47,0.5,0.0,1.0,0.829
8250,2021.09.29 03:00:00,GBPCHFm,TREND_CONTINUATION,BUY,1,1.25899,1.25713,1.26286,2.08,0.407,1.25813,1.25854,1.25772,0,0.263,0.029,0.3799,1.25751,1.26884,1.2721,1.26185,0,0.0,0.45,0,1.25822,0.725,0.468,0,0.0,0.0,1.25723,1.28087,14.306,0,0,-1,0.724,0.5129,0.0416,0.513,0.025,0,0.823,2,0.114,1.25818,1.25863,0.351,0.058,-0.2383,1,0.4,1,1.0,0.113,0.38,0.296,0.332,0,1.25822,8,0.745,0.299,0.753,0.154,0.14,0.916,0.956,1.26883,1.25899,1.26502,164358.2002,-100835.1865,1,1.26928,0.545,1.25067,0.357,0.0,0.0,0,0.466,1,2,1979,0.767,0.534,0.375,27.0,27.0,0.1744,154.9,0.0,1,1,0.807,1.23714,0,1,0.0,1.26657,0,14.11,0.344,0.656,0.0,1.0,0.5,0.99,0.0,0.5,0.0,0.523,0.78,0.5,0.423,0.0,0.334,0.0,0,0,0.429,0.38,0.0,0.273,0.0,0.193,0.35,0.0,0.496,0.5,0.0,1.0,0.739
8251,2021.09.29 03:00:20,GBPCHFm,BREAKOUT,BUY,1,1.25899,1.25667,1.26286,1.67,0.443,1.25813,1.25854,1.25772,0,0.263,0.029,0.3799,1.25751,1.26884,1.2721,1.26185,0,0.0,0.45,0,1.25822,0.725,0.468,0,0.0,0.0,1.25723,1.28087,14.306,0,0,-1,0.724,0.5129,0.0416,0.513,0.025,0,0.854,2,0.114,1.25818,1.25863,0.351,0.058,0.0,2,0.4,0,0.854,0.17,0.38,0.446,0.302,0,1.25822,8,0.745,0.299,0.453,0.154,0.14,0.916,0.956,1.26883,1.25899,1.26502,164358.2002,-100835.1865,1,1.26928,0.545,1.25067,0.357,0.0,0.0,0,0.466,1,2,1979,0.767,0.534,0.375,27.0,27.0,0.1744,154.9,0.0,1,1,0.807,1.23714,0,1,0.0,1.26657,0,14.11,0.344,0.656,0.0,1.0,0.5,0.98,0.0,0.5,0.0,0.727,0.774,0.5,0.515,0.0,0.41,0.0,0,0,0.483,0.563,0.0,0.401,0.0,0.266,0.35,0.0,0.539,0.5,0.0,1.0,0.869
8252,2021.09.29 03:00:20,GBPCHFm,PULLBACK,BUY,1,1.25899,1.25667,1.26364,2.0,0.339,1.25813,1.25854,1.25772,0,0.263,0.029,0.3799,1.25751,1.26884,1.2721,1.26185,0,0.0,0.45,0,1.25822,0.725,0.468,0,0.0,0.0,1.25723,1.28087,14.306,0,0,-1,0.724,0.5129,0.0416,0.513,0.025,0,0.854,2,0.114,1.25818,1.25863,0.351,0.058,0.0,2,0.4,0,0.854,0.17,0.38,0.446,0.302,0,1.25822,8,0.745,0.299,0.453,0.154,0.14,0.916,0.956,1.26883,1.25899,1.26502,164358.2002,-100835.1865,1,1.26928,0.545,1.25067,0.357,0.0,0.0,0,0.466,1,2,1979,0.767,0.534,0.375,27.0,27.0,0.1744,154.9,0.0,1,1,0.807,1.23714,0,1,0.0,1.26657,0,14.11,0.344,0.656,0.0,1.0,0.5,0.97,0.0,0.5,0.0,0.727,0.774,0.5,0.515,0.0,0.41,0.0,0,0,0.483,0.563,0.0,0.401,0.0,0.266,0.35,0.0,0.539,0.5,0.0,1.0,0.869
8256,2021.09.29 04:00:00,GBPCHFm,BREAKOUT_RETEST,BUY,1,1.25911,1.25845,1.25985,1.12,0.774,1.25822,1.25895,1.2577,1,0.354,0.196,0.4328,1.25751,1.26884,1.2721,1.26185,0,0.0,0.55,0,1.25822,0.767,0.598,0,0.0,0.0,0.0,1.28087,15.263,0,0,-1,0.9,0.79,0.0658,0.79,0.353,0,0.69,0,0.713,1.25816,1.25912,0.472,0.196,0.3006,0,0.15,2,1.0,0.258,0.472,0.547,0.444,1,1.25822,8,0.753,0.056,0.254,0.937,0.195,0.778,0.776,1.26883,1.25899,1.26502,167956.8073,3598.6071,2,1.26928,0.538,1.25067,0.358,0.0,0.0,0,0.456,1,2,1980,0.763,0.548,0.369,27.0,27.0,0.187,144.4,0.0,1,1,0.807,1.23714,0,1,0.0,1.26657,0,15.219,0.038,0.962,0.0,0.0,0.5,0.69,0.0,0.5,0.0,0.993,0.473,0.5,0.505,0.0,0.297,0.0,0,0,0.286,0.497,0.0,0.277,0.0,0.782,0.35,0.0,0.478,0.5,0.0,1.0,0.883
8258,2021.09.29 05:00:00,GBPCHFm,TREND_CONTINUATION,BUY,1,1.25932,1.25789,1.2623,2.08,0.791,1.25799,1.25882,1.25704,0,0.137,0.351,0.8849,1.25751,1.26884,1.2721,1.26092,0,0.0,0.7,0,1.25799,0.732,0.286,0,0.0,0.0,0.0,1.28087,18.284,0,0,-1,0.975,0.65,0.149,0.65,0.768,2,0.616,0,0.704,1.25889,1.2594,0.137,0.29,0.4495,0,0.25,2,1.0,0.429,0.885,0.485,0.454,1,1.25799,8,0.746,0.726,0.17,0.895,0.228,0.827,0.286,1.26883,1.25899,1.26502,167956.8073,3598.6071,2,1.26928,0.538,1.25067,0.358,0.0,0.0,0,0.456,1,2,1981,0.763,0.548,0.369,27.0,27.0,0.2262,119.4,0.0,1,1,0.807,1.23714,0,1,0.0,1.26657,0,18.583,0.038,0.962,0.0,0.0,0.5,0.02,0.0,0.5,0.0,0.79,0.519,0.5,0.507,0.0,0.287,0.0,0,0,0.278,0.721,0.0,0.325,0.0,1.0,0.35,0.0,0.509,0.417,0.0,1.0,1.009
8259,2021.09.29 05:00:20,GBPCHFm,BREAKOUT,BUY,1,1.25932,1.25753,1.2623,1.67,0.535,1.25799,1.25882,1.25704,0,0.137,0.351,0.8849,1.25751,1.26884,1.2721,1.26092,0,0.0,0.7,0,1.25799,0.732,0.286,0,0.0,0.0,0.0,1.28087,18.284,0,0,-1,0.975,0.65,0.149,0.65,0.768,0,0.728,0,0.704,1.25889,1.2594,0.137,0.29,0.0,2,0.25,0,0.728,0.296,0.885,0.335,0.37,1,1.25799,8,0.746,0.726,0.17,0.195,0.228,0.827,0.286,1.26883,1.25899,1.26502,167956.8073,3598.6071,2,1.26928,0.538,1.25067,0.358,0.0,0.0,0,0.456,1,2,1981,0.763,0.548,0.369,27.0,27.0,0.2262,119.4,0.0,1,1,0.807,1.23714,0,1,0.0,1.26657,0,18.583,0.038,0.962,0.0,0.0,0.5,0.02,0.0,0.5,0.0,0.941,0.519,0.5,0.533,0.0,0.276,0.0,0,0,0.281,0.749,0.0,0.443,0.0,0.767,0.35,0.0,0.582,0.417,0.0,1.0,0.956
8260,2021.09.29 05:00:20,GBPCHFm,PULLBACK,BUY,1,1.25932,1.25753,1.2629,2.0,0.444,1.25799,1.25882,1.25704,0,0.137,0.351,0.8849,1.25751,1.26884,1.2721,1.26092,0,0.0,0.7,0,1.25799,0.732,0.286,0,0.0,0.0,0.0,1.28087,18.284,0,0,-1,0.975,0.65,0.149,0.65,0.768,0,0.728,0,0.704,1.25889,1.2594,0.137,0.29,0.0,2,0.25,0,0.728,0.296,0.885,0.335,0.37,1,1.25799,8,0.746,0.726,0.17,0.195,0.228,0.827,0.286,1.26883,1.25899,1.26502,167956.8073,3598.6071,2,1.26928,0.538,1.25067,0.358,0.0,0.0,0,0.456,1,2,1981,0.763,0.548,0.369,27.0,27.0,0.2262,119.4,0.0,1,1,0.807,1.23714,0,1,0.0,1.26657,0,18.583,0.038,0.962,0.0,0.0,0.5,0.02,0.0,0.5,0.0,0.941,0.519,0.5,0.533,0.0,0.276,0.0,0,0,0.281,0.749,0.0,0.443,0.0,0.767,0.35,0.0,0.582,0.417,0.0,1.0,0.956
8264,2021.09.29 06:00:00,GBPCHFm,BREAKOUT_RETEST,BUY,1,1.25934,1.25899,1.25973,1.11,0.58,1.25876,1.25946,1.25831,1,0.048,0.813,0.2667,1.25745,1.26884,1.2721,1.26092,0,0.0,0.45,0,1.25876,0.672,0.821,0,0.0,0.0,1.25867,1.28087,18.681,0,0,-1,1.0,0.86,0.2358,0.86,0.861,0,0.691,2,0.212,1.25882,1.25806,0.212,0.868,0.0,2,0.0,0,0.691,0.278,0.868,0.321,0.343,0,1.25946,4,0.6,0.576,0.042,0.258,0.0,0.892,0.898,1.26883,1.25899,1.26502,167956.8073,3598.6071,2,1.26928,0.538,1.25067,0.358,0.0,0.0,0,0.456,1,2,1982,0.763,0.548,0.369,27.0,27.0,0.2313,116.7,0.0,1,1,0.807,1.23714,0,1,0.0,1.26657,0,19.021,0.038,0.962,0.0,0.0,0.5,0.98,0.0,0.5,0.0,0.387,0.528,0.5,0.616,0.0,0.597,0.0,0,0,0.44,0.88,0.0,0.556,0.0,0.455,0.539,0.0,0.596,0.5,0.0,1.0,0.915
8266,2021.09.29 06:59:40,GBPCHFm,SWEEP_REVERSAL,BUY,1,1.25801,1.25684,1.25903,0.87,0.089,1.25876,1.25946,1.25831,0,0.048,0.813,-0.8729,1.25745,1.26884,1.2721,1.26092,0,0.0,0.45,0,1.25876,0.672,0.821,0,0.0,0.0,1.25867,1.28087,18.681,0,0,-1,1.0,0.86,0.2358,0.86,0.151,0,0.691,2,0.212,1.25882,1.25806,0.927,0.272,0.0,2,0.0,0,0.691,0.396,0.927,0.427,0.357,1,1.25876,8,0.734,0.0,0.255,0.258,0.0,0.892,0.898,1.26883,1.25899,1.26502,167956.8073,3598.6071,2,1.26928,0.538,1.25067,0.358,0.0,0.0,0,0.456,1,2,1982,0.763,0.548,0.369,27.0,27.0,0.2313,116.7,0.0,1,1,0.807,1.23714,0,1,0.0,1.26657,0,17.881,0.038,0.962,0.0,0.0,0.5,0.0,0.0,0.5,0.0,0.345,0.491,0.5,0.519,0.0,0.709,0.0,0,0,0.445,0.655,0.0,0.38,0.0,0.494,0.19,0.0,0.566,0.5,0.0,1.0,0.947
8268,2021.09.29 07:02:00,GBPCHFm,TREND_CONTINUATION,BUY,1,1.25774,1.25632,1.25917,1.01,0.542,1.2589,1.2592,1.25851,0,0.482,0.101,-1.2112,1.25856,1.26884,1.2721,1.25999,0,0.0,0.4,0,1.2589,0.716,0.645,0,0.0,0.0,1.25873,1.28087,19.226,0,0,-1,1.0,0.72,0.298,0.72,0.017,0,0.776,0,0.568,1.25873,1.25796,1.066,0.411,0.0,2,0.4,0,0.776,0.542,1.211,0.447,0.387,1,1.2589,8,0.743,0.0,0.455,0.216,0.254,0.947,0.967,1.26883,1.25899,1.26502,167956.8073,3598.6071,2,1.26928,0.538,1.25067,0.358,0.0,0.0,0,0.456,1,2,1983,0.763,0.548,0.369,27.0,27.0,0.2285,118.1,0.0,1,1,0.807,1.23714,0,1,0.0,1.26657,1,17.437,0.038,0.962,0.0,0.0,1.0,0.0,0.0,0.5,0.552,0.448,0.341,0.5,0.51,0.0,0.734,0.0,0,0,0.542,0.396,0.0,0.75,0.0,0.285,0.132,0.0,0.553,0.5,0.0,1.0,0.867
8269,2021.09.29 07:02:40,GBPCHFm,PULLBACK,BUY,1,1.25692,1.25515,1.25917,1.27,0.471,1.2589,1.2592,1.25851,0,0.482,0.101,-1.9053,1.25856,1.26884,1.2721,1.25999,0,0.0,0.4,0,1.2589,0.716,0.645,0,0.0,0.0,1.25873,1.28087,19.226,0,0,-1,1.0,0.72,0.298,0.72,0.017,0,0.776,0,0.568,1.25873,1.25796,1.76,1.105,0.0,2,0.4,0,0.776,0.853,1.905,0.447,0.423,1,1.2589,8,0.743,0.0,0.455,0.216,0.254,0.947,0.967,1.26883,1.25899,1.26502,167956.8073,3598.6071,2,1.26928,0.538,1.25067,0.358,0.0,0.0,0,0.456,1,2,1983,0.763,0.548,0.369,27.0,27.0,0.2285,118.1,0.0,1,1,0.807,1.23714,0,0,0.0,1.25691,1,16.742,0.038,0.962,0.0,0.0,1.0,0.0,0.0,0.5,0.716,0.448,0.318,0.5,0.51,0.0,0.734,0.0,0,0,0.556,0.396,0.0,0.5,0.0,0.285,0.127,0.0,0.562,0.5,0.0,1.0,0.867
8272,2021.09.29 08:10:40,GBPCHFm,MEAN_REVERSION,BUY,2,1.2564,1.25539,1.25931,2.88,0.556,1.25904,1.25946,1.25744,0,1.442,0.243,-2.3007,1.2576,1.26884,1.2721,1.25906,0,0.0,0.6,2,1.25904,0.625,0.308,0,0.0,0.0,1.25799,1.28087,19.113,0,0,-1,1.0,0.755,0.219,0.755,0.098,2,0.57,2,0.047,1.25879,1.25626,2.101,0.102,0.0,2,0.4,0,0.57,1.001,2.301,0.435,0.32,0,1.25904,8,0.725,0.0,0.431,0.226,0.14,0.919,0.886,1.26883,1.25899,1.25748,-40695.0067,-208651.8141,-2,1.26928,0.529,1.25067,0.358,0.0,0.0,0,0.349,1,2,1984,0.763,0.548,0.369,27.0,27.0,0.2136,126.4,0.0,1,1,0.807,1.23714,0,0,0.0,1.25691,1,15.234,0.112,0.888,0.0,0.0,1.0,0.22,0.0,0.5,0.0,1.0,0.339,0.5,0.426,0.0,0.506,0.0,0,0,0.427,0.178,0.0,0.495,0.0,0.633,0.136,0.0,0.565,0.5,0.0,1.0,0.807
8274,2021.09.29 08:59:40,GBPCHFm,SWEEP_REVERSAL,BUY,2,1.25516,1.2539,1.25931,3.28,0.247,1.25904,1.25946,1.25744,0,1.442,0.243,-3.2815,1.2576,1.26884,1.2721,1.25906,0,0.0,0.6,2,1.25904,0.625,0.308,0,0.0,0.0,1.25799,1.28087,19.113,0,0,-1,1.0,0.755,0.219,0.755,0.098,2,0.57,2,0.047,1.25879,1.25626,3.082,1.082,0.0,2,0.4,0,0.57,1.428,3.281,0.435,0.37,1,1.25904,8,0.725,0.0,0.431,0.226,0.14,0.919,0.886,1.26883,1.25899,1.25748,-40695.0067,-208651.8141,-2,1.26928,0.529,1.25067,0.358,0.0,0.0,0,0.349,1,2,1984,0.763,0.548,0.369,27.0,27.0,0.2136,126.4,0.0,1,1,0.807,1.23714,0,0,0.0,1.25691,1,14.253,0.112,0.888,0.0,0.0,1.0,0.36,0.0,0.5,0.0,0.723,0.449,0.5,0.42,0.0,0.317,0.0,0,0,0.284,0.178,0.0,0.495,0.0,0.621,0.136,0.0,0.565,0.5,0.0,1.0,0.807
8275,2021.09.29 09:00:00,GBPCHFm,ANCHORED_PULLBACK,SELL,2,1.25485,1.25617,1.25213,2.05,0.189,1.25876,1.25938,1.25641,0,0.875,0.146,-2.8774,1.25708,1.26884,1.2721,1.25813,0,0.0,0.6,2,1.25876,0.655,0.299,0,0.0,0.0,1.25579,1.28087,19.145,0,0,-1,1.0,0.6637,0.0342,0.664,0.206,2,0.539,3,0.464,1.25604,1.25455,0.875,0.218,0.0,2,0.4,0,0.539,1.206,2.877,0.419,0.352,1,1.25604,2,0.55,0.0,0.398,0.199,0.14,0.626,0.943,1.26883,1.25899,1.25748,-40695.0067,-208651.8141,-2,1.26928,0.529,1.25067,0.358,0.0,0.0,0,0.349,1,2,1985,0.763,0.548,0.369,27.0,27.0,0.1986,135.9,0.0,1,1,0.807,1.23714,1,0,0.793,1.25691,1,1.516,0.112,0.888,0.0,0.0,1.0,0.35,0.0,0.5,0.0,0.685,0.437,0.5,0.447,0.0,0.314,0.0,0,0,0.298,0.312,0.0,0.497,0.0,1.0,0.135,0.0,0.538,0.5,0.0,1.0,0.809
8276,2021.09.29 09:00:20,GBPCHFm,BREAKOUT,SELL,2,1.25492,1.25617,1.25152,2.71,0.487,1.25876,1.25938,1.25641,0,0.875,0.146,-2.8259,1.25708,1.26884,1.2721,1.25813,0,0.0,0.6,2,1.25876,0.655,0.299,0,0.0,0.0,1.25579,1.28087,19.145,0,0,-1,1.0,0.6637,0.0342,0.664,0.206,2,0.539,3,0.464,1.25604,1.25455,0.823,0.269,0.0,2,0.4,0,0.539,1.184,2.826,0.419,0.349,0,1.25604,2,0.55,0.0,0.398,0.199,0.14,0.626,0.943,1.26883,1.25899,1.25748,-40695.0067,-208651.8141,-2,1.26928,0.529,1.25067,0.358,0.0,0.0,0,0.349,1,2,1985,0.763,0.548,0.369,27.0,27.0,0.1986,135.9,0.0,1,1,0.807,1.23714,1,0,0.793,1.25691,1,1.464,0.112,0.888,0.0,0.0,1.0,0.5,0.0,0.5,0.0,0.685,0.448,0.5,0.447,0.0,0.314,0.0,0,0,0.291,0.312,0.0,0.497,0.0,1.0,0.135,0.0,0.538,0.5,0.0,1.0,0.809
8278,2021.09.29 09:16:40,GBPCHFm,TREND_CONTINUATION,BUY,2,1.25458,1.25295,1.25631,1.06,0.533,1.25876,1.25938,1.25641,0,0.875,0.146,-3.2747,1.25708,1.26884,1.2721,1.25813,0,0.0,0.6,2,1.25876,0.655,0.299,0,0.0,0.0,1.25579,1.28087,19.145,0,0,-1,1.0,0.6637,0.0342,0.664,0.073,2,0.539,3,0.464,1.25604,1.25455,1.272,0.179,0.0,2,0.4,0,0.539,1.438,3.275,0.439,0.379,1,1.25604,2,0.55,0.0,0.438,0.199,0.14,0.626,0.943,1.26883,1.25899,1.25748,-40695.0067,-208651.8141,-2,1.26928,0.529,1.25067,0.358,0.0,0.0,0,0.349,1,2,1985,0.763,0.548,0.369,27.0,27.0,0.1986,135.9,0.0,1,1,0.807,1.23714,1,0,0.793,1.25691,1,1.714,0.112,0.888,0.0,0.0,1.0,0.0,0.0,0.5,0.0,1.0,0.564,0.5,0.443,0.0,0.26,0.0,0,0,0.275,0.28,0.0,0.249,0.0,1.0,0.135,0.0,0.544,0.5,0.0,1.0,0.809
8280,2021.09.29 09:32:40,GBPCHFm,PULLBACK,BUY,2,1.25592,1.25388,1.25903,1.53,0.441,1.25876,1.25938,1.25641,0,0.875,0.146,-2.2889,1.25708,1.26884,1.2721,1.25813,0,0.0,0.6,2,1.25876,0.655,0.299,0,0.0,0.0,1.25579,1.28087,19.145,0,0,-1,1.0,0.6637,0.0342,0.664,0.172,2,0.539,3,0.464,1.25604,1.2553,0.286,0.26,0.0,2,0.4,0,0.539,0.971,2.289,0.424,0.324,0,1.25876,8,0.731,0.428,0.408,0.199,0.14,0.626,0.838,1.26883,1.25899,1.25748,-40695.0067,-208651.8141,-2,1.26928,0.529,1.25067,0.358,0.0,0.0,0,0.349,1,2,1985,0.763,0.548,0.369,27.0,27.0,0.1986,135.9,0.0,1,1,0.807,1.23714,1,0,0.793,1.25691,1,0.728,0.112,0.888,0.0,0.0,1.0,0.99,0.0,0.5,0.0,1.0,0.573,0.5,0.442,0.0,0.298,0.0,0,0,0.295,0.347,0.0,0.597,0.0,1.0,0.156,0.0,0.538,0.5,0.0,1.0,0.809
8284,2021.09.29 09:59:20,GBPCHFm,BREAKOUT_RETEST,BUY,2,1.25694,1.25653,1.26114,10.29,0.544,1.25876,1.25938,1.25641,1,0.875,0.146,-1.5385,1.25708,1.26884,1.2721,1.25813,0,0.0,0.6,2,1.25876,0.655,0.299,0,0.0,0.0,1.25579,1.28087,19.145,0,0,-1,1.0,0.6637,0.0342,0.664,0.436,2,0.539,3,0.464,1.25604,1.25703,0.464,0.264,0.0,2,0.4,0,0.539,0.592,1.538,0.385,0.28,0,1.25604,2,0.55,0.071,0.329,0.199,0.14,0.626,0.8,1.26883,1.25899,1.25748,-40695.0067,-208651.8141,-2,1.26928,0.529,1.25067,0.358,0.0,0.0,0,0.349,1,2,1985,0.763,0.548,0.369,27.0,27.0,0.1986,135.9,0.0,1,1,0.807,1.23714,1,0,0.793,1.25691,1,0.022,0.112,0.888,0.0,0.0,1.0,0.99,0.0,0.5,0.0,1.0,0.638,0.5,0.418,0.0,0.276,0.0,0,0,0.318,0.427,0.0,0.746,0.0,0.967,0.298,0.0,0.544,0.5,0.0,1.0,0.728
8286,2021.09.29 10:19:20,GBPCHFm,MEAN_REVERSION,BUY,2,1.25556,1.25472,1.25633,0.92,0.573,1.25606,1.25831,1.2546,1,0.192,0.53,-0.5229,1.2584,1.25739,1.26829,1.25407,1,0.0,0.7,0,1.25606,0.712,0.307,0,0.0,0.0,1.2553,1.28087,16.714,0,0,0,0.675,-0.685,-0.1269,0.685,0.815,2,0.599,3,0.347,1.25526,1.25434,0.019,0.651,0.0,2,0.0,0,0.599,0.213,0.651,0.328,0.319,0,1.25606,8,0.742,0.963,0.055,0.206,0.0,0.805,0.744,1.26883,1.25899,1.25748,-40695.0067,-208651.8141,-2,1.26928,0.529,1.25067,0.358,0.0,0.0,0,0.349,1,2,1986,0.763,0.548,0.369,27.0,27.0,0.1839,146.8,0.0,1,1,0.807,1.23714,1,0,0.793,1.25691,1,0.92,0.112,0.888,0.0,0.0,1.0,0.0,0.0,0.5,0.0,0.691,0.325,0.5,0.482,0.0,0.356,0.0,0,0,0.392,0.811,0.0,0.713,0.0,0.612,0.381,0.0,0.574,0.462,0.0,1.0,0.937
8288,2021.09.29 10:59:40,GBPCHFm,SWEEP_REVERSAL,BUY,2,1.25409,1.25262,1.25553,0.98,0.092,1.25606,1.25831,1.2546,0,0.192,0.53,-1.5243,1.2584,1.25739,1.26829,1.25407,0,0.0,0.7,0,1.25606,0.712,0.307,0,0.0,0.0,1.2553,1.28087,16.714,0,0,0,0.675,-0.685,-0.1269,0.685,0.148,2,0.599,3,0.347,1.25526,1.25434,0.983,0.351,0.0,2,0.0,0,0.599,0.652,1.524,0.428,0.37,1,1.25526,2,0.55,0.0,0.256,0.206,0.0,0.805,0.744,1.26883,1.25899,1.25748,-40695.0067,-208651.8141,-2,1.26928,0.529,1.25067,0.358,0.0,0.0,0,0.349,1,2,1986,0.763,0.548,0.369,27.0,27.0,0.1839,146.8,0.0,1,1,0.807,1.23714,1,0,0.793,1.25691,1,1.921,0.112,0.888,0.0,0.0,1.0,0.13,0.0,0.5,0.0,0.864,0.333,0.5,0.489,0.0,0.294,0.0,0,0,0.365,0.55,0.0,0.238,0.0,0.743,0.139,0.0,0.547,0.538,0.0,1.0,0.96
8289,2021.09.29 11:00:00,GBPCHFm,ANCHORED_PULLBACK,SELL,2,1.25384,1.2554,1.25065,2.05,0.222,1.25585,1.25702,1.25467,0,0.932,0.05,-1.2587,1.25814,1.25703,1.26818,1.25363,1,0.0,0.45,0,1.25663,0.682,0.834,0,0.0,0.0,1.25492,1.28087,16.941,0,0,0,0.75,-0.72,-0.205,0.72,0.105,0,0.655,0,0.516,1.25572,1.25402,1.177,0.114,-0.8529,1,0.15,0,0.655,0.76,1.749,0.434,0.413,1,1.25585,1,0.7,0.0,0.628,0.216,0.156,0.948,0.821,1.26883,1.25899,1.25748,-40695.0067,-208651.8141,-2,1.26928,0.529,1.25067,0.358,0.0,0.0,0,0.349,1,2,1987,0.763,0.548,0.369,27.0,27.0,0.1692,159.6,0.0,1,1,0.807,1.23714,1,0,0.793,1.25691,1,1.924,0.112,0.888,0.0,0.0,1.0,0.18,0.0,0.5,0.0,1.0,0.347,0.5,0.513,0.0,0.253,0.0,0,0,0.347,0.357,0.0,0.218,0.0,0.516,0.192,0.0,0.541,0.538,0.0,1.0,0.753
8290,2021.09.29 11:00:20,GBPCHFm,BREAKOUT,SELL,2,1.25384,1.25549,1.24985,2.42,0.433,1.25585,1.25702,1.25467,0,0.932,0.05,-1.2587,1.25814,1.25703,1.26818,1.25363,1,0.0,0.45,0,1.25663,0.682,0.834,0,0.0,0.0,1.25492,1.28087,16.941,0,0,0,0.75,-0.72,-0.205,0.72,0.105,0,0.733,0,0.516,1.25572,1.25402,1.177,0.114,0.0,2,0.15,0,0.733,0.76,1.749,0.434,0.432,1,1.25585,1,0.7,0.0,0.328,0.216,0.156,0.948,0.821,1.26883,1.25899,1.25748,-40695.0067,-208651.8141,-2,1.26928,0.529,1.25067,0.358,0.0,0.0,0,0.349,1,2,1987,0.763,0.548,0.369,27.0,27.0,0.1692,159.6,0.0,1,1,0.807,1.23714,1,0,0.793,1.25691,1,1.924,0.112,0.888,0.0,0.0,1.0,0.18,0.0,0.5,0.0,1.0,0.35,0.5,0.513,0.0,0.266,0.0,0,0,0.35,0.371,0.0,0.256,0.0,0.623,0.189,0.0,0.541,0.538,0.0,1.0,0.809
8292,2021.09.29 11:16:40,GBPCHFm,TREND_CONTINUATION,SELL,2,1.25275,1.25508,1.24876,1.71,0.478,1.25585,1.25702,1.25467,0,0.932,0.05,-1.9418,1.25814,1.25703,1.26818,1.25363,0,0.0,0.45,0,1.25663,0.682,0.834,0,0.0,0.0,1.25492,1.28087,16.941,0,0,0,0.75,-0.72,-0.205,0.72,0.105,0,0.733,0,0.516,1.25572,1.25402,1.86,0.797,0.0,2,0.15,0,0.733,1.056,2.432,0.434,0.467,1,1.25585,1,0.7,0.0,0.328,0.216,0.156,0.948,0.821,1.26883,1.25899,1.25748,-40695.0067,-208651.8141,-2,1.26928,0.529,1.25067,0.358,0.0,0.0,0,0.349,1,2,1987,0.763,0.548,0.369,27.0,27.0,0.1692,159.6,0.0,1,1,0.807,1.23714,1,0,0.793,1.25691,1,2.607,0.112,0.888,0.0,0.0,1.0,0.35,0.0,0.5,0.0,0.546,0.304,0.5,0.474,0.0,0.355,0.0,0,0,0.402,0.304,0.0,0.096,0.0,0.662,0.129,0.0,0.538,0.5,0.0,1.0,0.83
8295,2021.09.29 11:32:40,GBPCHFm,PULLBACK,SELL,2,1.25228,1.25508,1.24749,1.71,0.41,1.25585,1.25702,1.25467,0,0.932,0.05,-2.2363,1.25814,1.25703,1.26818,1.25363,0,0.0,0.45,0,1.25663,0.682,0.834,0,0.0,0.0,1.25492,1.28087,16.941,0,0,0,0.75,-0.72,-0.205,0.72,0.105,0,0.733,0,0.516,1.25572,1.25402,2.155,1.091,0.0,2,0.15,0,0.733,1.184,2.727,0.434,0.482,1,1.25585,1,0.7,0.0,0.328,0.216,0.156,0.948,0.821,1.26883,1.25899,1.25748,-40695.0067,-208651.8141,-2,1.26928,0.529,1.25067,0.358,0.0,0.0,0,0.349,1,2,1987,0.763,0.548,0.369,27.0,27.0,0.1692,159.6,0.0,1,1,0.807,1.23714,1,0,0.793,1.25691,1,2.902,0.112,0.888,0.0,0.0,1.0,0.0,0.0,0.5,0.0,0.448,0.619,0.5,0.453,0.0,0.449,0.0,0,0,0.387,0.304,0.0,0.096,0.0,0.662,0.129,0.0,0.538,0.5,0.0,1.0,0.83
8296,2021.09.29 12:00:20,GBPCHFm,BREAKOUT_RETEST,SELL,2,1.25371,1.25532,1.25205,1.03,0.501,1.2559,1.25652,1.25354,1,0.989,0.377,-1.3494,1.25816,1.26936,1.27198,1.2573,0,0.0,0.6,0,1.2559,0.72,0.183,0,0.0,0.0,1.25345,1.28087,16.822,0,0,-1,0.825,-0.755,-0.3621,0.755,0.315,2,0.55,0,0.249,1.25553,1.25404,1.12,0.202,0.0,2,0.0,0,0.55,0.543,1.349,0.403,0.343,0,1.2559,8,0.744,0.0,0.205,0.226,0.05,0.887,0.764,1.26883,1.25899,1.26878,264603.9174,305298.9242,2,1.26928,0.518,1.25067,0.362,0.0,0.0,0,0.249,1,2,1988,0.763,0.548,0.369,27.0,27.0,0.1662,162.4,0.0,1,1,0.807,1.23714,1,0,0.793,1.25691,1,1.97,0.0,1.0,0.0,0.0,1.0,0.81,0.0,0.5,0.0,0.617,0.551,0.5,0.421,0.0,0.353,0.0,0,0,0.298,0.597,0.0,0.238,0.0,0.965,0.565,0.0,0.532,0.5,0.0,1.0,0.749
8298,2021.09.29 12:19:20,GBPCHFm,MEAN_REVERSION,BUY,2,1.25368,1.25238,1.25617,1.92,0.558,1.2559,1.25652,1.25354,0,0.989,0.377,-1.5341,1.25816,1.26936,1.27198,1.2573,0,0.0,0.6,0,1.2559,0.72,0.183,0,0.0,0.0,1.25345,1.28087,16.822,0,0,-1,0.825,-0.755,-0.3621,0.755,0.224,2,0.55,0,0.249,1.25553,1.25404,1.305,0.387,0.0,2,0.0,0,0.55,0.639,1.534,0.416,0.354,1,1.2559,8,0.744,0.0,0.233,0.226,0.05,0.887,0.764,1.26883,1.25899,1.26878,264603.9174,305298.9242,2,1.26928,0.518,1.25067,0.362,0.0,0.0,0,0.249,1,2,1988,0.763,0.548,0.369,27.0,27.0,0.1662,162.4,0.0,1,1,0.807,1.23714,1,0,0.793,1.25691,1,1.989,0.0,1.0,0.0,0.0,1.0,0.95,0.0,0.5,0.0,0.864,0.54,0.5,0.505,0.0,0.509,0.0,0,0,0.379,0.458,0.0,0.333,0.0,1.0,0.21,0.0,0.532,0.5,0.0,1.0,0.83
8302,2021.09.29 12:59:40,GBPCHFm,SWEEP_REVERSAL,BUY,2,1.25248,1.25086,1.25617,2.27,0.111,1.2559,1.25652,1.25354,0,0.989,0.377,-2.2728,1.25816,1.26936,1.27198,1.2573,0,0.0,0.6,0,1.2559,0.72,0.183,0,0.0,0.0,1.25345,1.28087,16.822,0,0,-1,0.825,-0.755,-0.3621,0.755,0.078,2,0.55,0,0.249,1.25553,1.25217,2.043,0.022,0.0,2,0.0,0,0.55,0.996,2.273,0.438,0.396,1,1.2559,8,0.744,0.0,0.277,0.226,0.05,0.887,0.927,1.26883,1.25899,1.26878,264603.9174,305298.9242,2,1.26928,0.518,1.25067,0.362,0.0,0.0,0,0.249,1,2,1988,0.763,0.548,0.369,27.0,27.0,0.1662,162.4,0.0,1,1,0.807,1.23714,1,0,0.793,1.25691,1,2.727,0.0,1.0,0.0,0.0,1.0,0.51,0.0,0.5,0.0,0.475,0.504,0.5,0.461,0.0,0.529,0.0,0,0,0.352,0.397,0.0,0.095,0.0,1.0,0.137,0.0,0.532,0.5,0.0,1.0,0.83
8304,2021.09.29 14:59:40,GBPCHFm,SWEEP_REVERSAL,BUY,4,1.2531,1.25122,1.25807,2.64,0.445,1.25254,1.25334,1.25079,1,0.368,1.554,0.1541,1.25834,1.2578,1.26852,1.25047,1,0.0,0.4,0,1.25286,0.647,0.609,0,0.0,0.0,1.25116,1.28087,15.608,0,1,0,0.975,-0.825,-0.4574,0.825,0.962,2,0.628,1,0.205,1.2527,1.25445,0.069,0.862,0.0,2,0.3,6,0.5,0.134,0.862,0.156,0.217,0,1.25079,5,0.6,0.861,0.331,0.247,0.405,0.762,0.908,1.26883,1.25899,1.26878,264603.9174,305298.9242,2,1.26928,0.518,1.25067,0.362,0.0,0.0,0,0.249,1,2,1990,0.774,0.544,0.371,27.0,27.0,0.1436,188.0,0.0,1,1,0.807,1.23714,1,0,0.793,1.25691,1,2.027,0.0,1.0,0.0,0.0,1.0,0.46,0.0,0.5,0.0,0.368,0.546,0.5,0.493,0.0,0.546,0.0,0,0,0.394,0.552,0.0,0.333,0.0,0.525,0.488,0.0,0.506,0.5,0.0,1.0,0.817
8306,2021.09.29 16:00:00,GBPCHFm,BREAKOUT,BUY,4,1.25463,1.2529,1.25987,3.03,0.607,1.25261,1.25318,1.25115,0,0.726,0.242,0.8334,1.25834,1.2578,1.26852,1.25047,1,0.0,0.45,0,1.25284,0.714,0.322,0,0.0,0.0,0.0,1.28087,12.643,0,0,0,1.0,-0.72,-0.3354,0.72,0.371,2,0.619,0,0.582,1.2525,1.25475,0.887,0.188,0.1781,0,0.4,2,1.0,0.483,0.887,0.544,0.429,1,1.25284,8,0.743,0.0,0.349,0.916,0.256,0.879,0.826,1.26883,1.25899,1.26888,267709.381,3105.4636,2,1.26928,0.502,1.25067,0.369,0.0,0.0,0,0.317,1,2,1992,0.774,0.544,0.371,27.0,27.0,0.1287,209.7,0.0,1,1,0.807,1.23714,1,0,0.793,1.25691,0,1.087,0.0,1.0,0.0,0.0,0.5,0.87,0.0,0.5,0.0,0.825,0.507,0.5,0.405,0.0,0.3,0.0,0,0,0.245,0.439,0.0,0.523,0.0,0.795,0.54,0.0,0.453,0.462,0.0,1.0,0.884
8307,2021.09.29 16:00:20,GBPCHFm,MEAN_REVERSION,SELL,4,1.25432,1.256,1.25284,0.88,0.599,1.25261,1.25318,1.25115,0,0.726,0.242,0.8143,1.25834,1.2578,1.26852,1.25047,1,0.0,0.45,0,1.25284,0.714,0.322,0,0.0,0.0,0.0,1.28087,12.643,0,0,0,1.0,-0.72,-0.3354,0.72,0.371,0,0.664,0,0.582,1.2525,1.25475,0.868,0.207,0.0,2,0.4,0,0.664,0.342,0.868,0.394,0.329,0,1.25284,8,0.743,0.0,0.349,0.216,0.256,0.879,0.826,1.26883,1.25899,1.26888,267709.381,3105.4636,2,1.26928,0.502,1.25067,0.369,0.0,0.0,0,0.317,1,2,1992,0.774,0.544,0.371,27.0,27.0,0.1287,209.7,0.0,1,1,0.807,1.23714,1,0,0.793,1.25691,0,1.235,0.0,1.0,0.0,0.0,0.5,0.78,0.0,0.5,0.0,0.982,0.492,0.5,0.46,0.0,0.258,0.0,0,0,0.246,0.448,0.0,0.37,0.0,0.328,0.557,0.0,0.506,0.462,0.0,1.0,0.827
8309,2021.09.29 16:59:40,GBPCHFm,SWEEP_REVERSAL,SELL,4,1.25502,1.25712,1.25284,1.04,0.271,1.25261,1.25318,1.25115,0,0.726,0.242,1.1481,1.25834,1.2578,1.26852,1.25047,1,0.0,0.45,0,1.25284,0.714,0.322,0,0.0,0.0,0.0,1.28087,12.643,0,0,0,1.0,-0.72,-0.3354,0.72,0.117,0,0.664,0,0.582,1.2525,1.25475,1.202,0.127,0.0,2,0.4,0,0.664,0.52,1.202,0.432,0.349,0,1.25284,8,0.743,0.0,0.425,0.216,0.256,0.879,0.826,1.26883,1.25899,1.26888,267709.381,3105.4636,2,1.26928,0.502,1.25067,0.369,0.0,0.0,0,0.317,1,2,1992,0.774,0.544,0.371,27.0,27.0,0.1287,209.7,0.0,1,1,0.807,1.23714,1,0,0.793,1.25691,0,0.901,0.0,1.0,0.0,0.0,0.5,0.95,0.0,0.5,0.0,1.0,0.752,0.5,0.476,0.0,0.229,0.0,0,0,0.385,0.395,0.0,0.694,0.0,0.43,0.605,0.0,0.506,0.462,0.0,1.0,0.827
8310,2021.09.29 17:00:00,GBPCHFm,ANCHORED_PULLBACK,BUY,3,1.25534,1.25483,1.25613,1.56,0.282,1.25428,1.25509,1.25209,1,0.375,0.705,0.3753,1.25834,1.2578,1.26852,1.25047,1,0.0,0.65,2,1.25243,0.626,0.318,0,0.0,0.0,1.25393,1.28087,12.283,0,0,0,1.0,-0.755,-0.2266,0.755,0.308,2,0.614,0,0.668,1.25428,1.25497,0.375,0.045,0.0,2,0.25,0,0.614,0.507,1.255,0.404,0.384,1,1.25428,1,0.7,0.249,0.308,0.226,0.221,1.0,0.672,1.26883,1.25899,1.26888,267709.381,3105.4636,2,1.26928,0.502,1.25067,0.369,0.0,0.0,0,0.317,1,2,1993,0.774,0.544,0.371,27.0,27.0,0.1285,210.1,0.0,1,1,0.807,1.23714,1,0,0.793,1.25691,0,0.747,0.0,1.0,0.0,0.0,0.5,0.96,0.0,0.5,0.0,0.879,0.738,0.5,0.507,0.0,0.226,0.0,0,0,0.385,0.634,0.0,0.679,0.0,0.458,0.539,0.0,0.506,0.462,0.0,1.0,0.941
8312,2021.09.29 17:00:40,GBPCHFm,BREAKOUT_RETEST,SELL,3,1.25492,1.25555,1.25428,1.01,0.582,1.25428,1.25509,1.25209,1,0.375,0.705,0.3039,1.25834,1.2578,1.26852,1.25047,1,0.0,0.65,2,1.25243,0.626,0.318,0,0.0,0.0,1.25393,1.28087,12.283,0,0,0,1.0,-0.755,-0.2266,0.755,0.308,2,0.614,0,0.668,1.25428,1.25497,0.304,0.026,0.0,2,0.25,0,0.614,0.478,1.184,0.404,0.38,1,1.25428,1,0.7,0.392,0.308,0.226,0.221,1.0,0.672,1.26883,1.25899,1.26888,267709.381,3105.4636,2,1.26928,0.502,1.25067,0.369,0.0,0.0,0,0.317,1,2,1993,0.774,0.544,0.371,27.0,27.0,0.1285,210.1,0.0,1,1,0.807,1.23714,1,0,0.793,1.25691,0,0.947,0.0,1.0,0.0,0.0,0.5,0.81,0.0,0.5,0.0,0.879,0.719,0.5,0.507,0.0,0.226,0.0,0,0,0.374,0.73,0.0,0.77,0.0,0.458,0.53,0.0,0.501,0.462,0.0,1.0,0.941
8314,2021.09.29 17:40:20,GBPCHFm,PULLBACK,SELL,3,1.25441,1.2553,1.25047,4.43,0.609,1.25428,1.25509,1.25209,1,0.375,0.705,0.0612,1.25834,1.2578,1.26852,1.25047,1,0.0,0.65,2,1.25243,0.626,0.318,0,0.0,0.0,1.25393,1.28087,12.283,0,0,0,1.0,-0.755,-0.2266,0.755,0.616,2,0.614,0,0.668,1.25428,1.25497,0.061,0.269,0.0,2,0.25,0,0.614,0.336,0.941,0.358,0.364,1,1.25509,4,0.6,0.878,0.215,0.226,0.221,1.0,0.672,1.26883,1.25899,1.26888,267709.381,3105.4636,2,1.26928,0.502,1.25067,0.369,0.0,0.0,0,0.317,1,2,1993,0.774,0.544,0.371,27.0,27.0,0.1285,210.1,0.0,1,1,0.807,1.23714,1,0,0.793,1.25691,0,1.19,0.0,1.0,0.0,0.0,0.5,0.0,0.0,0.5,0.0,0.729,0.462,0.5,0.516,0.0,0.252,0.0,0,0,0.278,0.789,0.0,0.77,0.0,0.321,0.566,0.0,0.501,0.462,0.0,1.0,0.817
8315,2021.09.29 17:40:20,GBPCHFm,TREND_CONTINUATION,SELL,3,1.25441,1.25693,1.24916,2.08,0.538,1.25428,1.25509,1.25209,1,0.375,0.705,0.0612,1.25834,1.2578,1.26852,1.25047,1,0.0,0.65,2,1.25243,0.626,0.318,0,0.0,0.0,1.25393,1.28087,12.283,0,0,0,1.0,-0.755,-0.2266,0.755,0.616,2,0.614,0,0.668,1.25428,1.25497,0.061,0.269,0.0,2,0.25,0,0.614,0.336,0.941,0.358,0.364,1,1.25509,4,0.6,0.878,0.215,0.226,0.221,1.0,0.672,1.26883,1.25899,1.26888,267709.381,3105.4636,2,1.26928,0.502,1.25067,0.369,0.0,0.0,0,0.317,1,2,1993,0.774,0.544,0.371,27.0,27.0,0.1285,210.1,0.0,1,1,0.807,1.23714,1,0,0.793,1.25691,0,1.19,0.0,1.0,0.0,0.0,0.5,0.0,0.0,0.5,0.0,0.729,0.462,0.5,0.516,0.0,0.252,0.0,0,0,0.278,0.789,0.0,0.77,0.0,0.321,0.566,0.0,0.501,0.462,0.0,1.0,0.817
8317,2021.09.29 18:08:20,GBPCHFm,MEAN_REVERSION,SELL,3,1.25487,1.25659,1.2526,1.32,0.595,1.25427,1.25528,1.2526,1,0.316,0.005,0.2772,1.25834,1.2578,1.26852,1.25047,1,0.0,0.6,0,1.25427,0.691,0.679,0,0.0,0.0,0.0,1.28087,11.836,0,0,0,1.0,-0.79,-0.0814,0.79,0.739,0,0.676,0,0.334,1.25439,1.25539,0.225,0.241,0.0,2,0.4,0,0.676,0.509,1.5,0.339,0.318,0,1.2526,5,0.6,0.549,0.238,0.237,0.207,0.861,0.883,1.26883,1.25899,1.26888,267709.381,3105.4636,2,1.26928,0.502,1.25067,0.369,0.0,0.0,0,0.317,1,2,1994,0.774,0.544,0.371,27.0,27.0,0.1255,215.2,0.0,1,1,0.807,1.23714,1,0,0.793,1.25691,0,0.948,0.0,1.0,0.0,0.0,0.5,0.29,0.0,0.5,0.0,0.369,0.562,0.5,0.605,0.0,0.337,0.0,0,0,0.353,0.7,0.0,0.661,0.0,0.383,0.495,0.0,0.522,0.462,0.0,1.0,0.901
8319,2021.09.29 19:37:40,GBPCHFm,BREAKOUT,SELL,3,1.25465,1.25565,1.24918,5.44,0.13,1.25441,1.25544,1.25401,1,0.318,0.753,0.1116,1.25834,1.2578,1.26852,1.25047,1,0.0,0.45,0,1.25441,0.636,0.243,0,0.0,0.0,0.0,1.28087,11.707,0,0,0,0.057,0.0,0.0009,0.292,0.739,0,0.835,0,0.912,1.25433,1.2533,0.148,0.619,0.0,2,0.0,0,0.835,0.21,0.619,0.339,0.452,1,1.25544,4,0.6,0.704,0.078,0.0,0.182,0.841,0.909,1.26883,1.25899,1.26888,267709.381,3105.4636,2,1.26928,0.502,1.25067,0.369,0.0,0.0,0,0.317,1,2,1995,0.774,0.544,0.371,27.0,27.0,0.1234,218.8,0.0,1,1,0.807,1.23714,1,0,0.793,1.25691,0,1.033,0.0,1.0,0.0,0.0,0.5,0.0,0.0,0.5,0.0,0.818,0.35,0.5,0.571,0.0,0.359,0.0,0,0,0.405,0.8,0.0,0.948,0.0,0.314,0.466,0.0,0.521,0.462,0.0,1.0,0.823
8320,2021.09.29 19:40:20,GBPCHFm,PULLBACK,SELL,3,1.25464,1.25565,1.25047,4.11,0.28,1.25441,1.25544,1.25401,1,0.318,0.753,0.1071,1.25834,1.2578,1.26852,1.25047,1,0.0,0.45,0,1.25441,0.636,0.243,0,0.0,0.0,0.0,1.28087,11.707,0,0,0,0.057,0.0,0.0009,0.292,0.768,0,0.835,0,0.912,1.25433,1.2533,0.143,0.614,0.0,2,0.0,0,0.835,0.206,0.614,0.335,0.452,1,1.25544,4,0.6,0.713,0.069,0.0,0.182,0.841,0.909,1.26883,1.25899,1.26888,267709.381,3105.4636,2,1.26928,0.502,1.25067,0.369,0.0,0.0,0,0.317,1,2,1995,0.774,0.544,0.371,27.0,27.0,0.1234,218.8,0.0,1,1,0.807,1.23714,1,0,0.793,1.25691,0,1.038,0.0,1.0,0.0,0.0,0.5,0.01,0.0,0.5,0.0,0.79,0.412,0.5,0.563,0.0,0.289,0.0,0,0,0.337,0.8,0.0,0.948,0.0,0.314,0.465,0.0,0.521,0.462,0.0,1.0,0.823
8321,2021.09.29 19:52:40,GBPCHFm,TREND_CONTINUATION,SELL,3,1.25398,1.25661,1.24851,2.08,0.152,1.25441,1.25544,1.25401,0,0.318,0.753,-0.1946,1.25834,1.2578,1.26852,1.25047,1,0.0,0.45,0,1.25441,0.636,0.243,0,0.0,0.0,0.0,1.28087,11.707,0,0,0,0.057,0.0,0.0009,0.292,0.414,0,0.835,0,0.912,1.25433,1.2533,0.158,0.313,0.0,2,0.0,0,0.835,0.121,0.313,0.388,0.442,1,1.25544,4,0.6,0.683,0.176,0.0,0.182,0.841,0.909,1.26883,1.25899,1.26888,267709.381,3105.4636,2,1.26928,0.502,1.25067,0.369,0.0,0.0,0,0.317,1,2,1995,0.774,0.544,0.371,27.0,27.0,0.1234,218.8,0.0,1,1,0.807,1.23714,1,0,0.793,1.25691,0,1.339,0.0,1.0,0.0,0.0,0.5,0.0,0.0,0.5,0.0,0.91,0.268,0.5,0.576,0.0,0.225,0.0,0,0,0.402,0.896,0.0,0.321,0.0,0.314,0.381,0.0,0.5,0.462,0.0,1.0,0.934
8322,2021.09.29 20:00:40,GBPCHFm,BREAKOUT_RETEST,BUY,3,1.2548,1.25413,1.25592,1.67,0.357,1.25515,1.25565,1.25437,1,0.273,0.236,-0.2786,1.25519,1.2578,1.26852,1.25047,1,0.0,0.45,0,1.25515,0.75,0.91,0,0.0,0.0,0.0,1.28087,11.954,0,0,0,0.45,0.685,0.0939,0.685,0.763,0,0.76,0,0.658,1.25508,1.25359,0.247,0.421,0.0,2,0.15,0,0.76,0.141,0.421,0.336,0.385,1,1.25565,4,0.6,0.506,0.131,0.206,0.184,0.952,0.891,1.26883,1.25899,1.26888,275489.1521,7779.771,2,1.26928,0.478,1.25067,0.372,0.0,0.0,0,0.336,1,2,1996,0.774,0.544,0.371,27.0,27.0,0.1213,222.6,0.0,1,1,0.807,1.23714,1,0,0.793,1.25691,0,0.948,0.0,1.0,0.0,0.0,0.5,0.99,0.0,0.5,0.0,0.741,0.561,0.5,0.569,0.0,0.213,0.0,0,0,0.292,0.745,0.0,0.484,0.0,0.181,0.447,0.0,0.514,0.462,0.0,1.0,0.819
8324,2021.09.29 20:59:40,GBPCHFm,MEAN_REVERSION,BUY,3,1.25438,1.2526,1.25581,0.8,0.663,1.25515,1.25565,1.25437,0,0.273,0.236,-0.6424,1.25519,1.2578,1.26852,1.25047,1,0.0,0.45,0,1.25515,0.75,0.91,0,0.0,0.0,0.0,1.28087,11.954,0,0,0,0.45,0.685,0.0939,0.685,0.104,0,0.76,0,0.658,1.25508,1.25359,0.611,0.057,0.0,2,0.15,0,0.76,0.279,0.642,0.434,0.401,1,1.25515,8,0.75,0.0,0.329,0.206,0.184,0.952,0.891,1.26883,1.25899,1.26888,275489.1521,7779.771,2,1.26928,0.478,1.25067,0.372,0.0,0.0,0,0.336,1,2,1996,0.774,0.544,0.371,66.0,30.9,0.2964,222.6,0.0,1,1,0.807,1.23714,1,0,0.793,1.25691,0,1.136,0.0,1.0,0.0,0.0,0.5,0.0,0.0,0.5,0.0,0.788,0.413,0.5,0.706,0.0,0.215,0.0,0,0,0.35,0.512,0.0,0.224,0.0,0.184,0.251,0.0,0.495,0.462,0.0,1.0,0.851
8326,2021.09.29 21:00:40,GBPCHFm,SWEEP_REVERSAL,BUY,3,1.25307,1.25086,1.25597,1.31,0.294,1.25531,1.25548,1.25442,0,0.464,0.015,-1.3126,1.25429,1.2578,1.26852,1.25047,1,0.0,0.45,0,1.25531,0.757,0.026,0,0.0,0.0,0.0,1.28087,12.211,0,0,0,0.75,0.545,0.1522,0.545,0.015,0,0.684,0,0.798,1.25513,1.2539,1.233,0.674,0.0,2,0.4,0,0.684,0.588,1.313,0.448,0.396,1,1.25531,8,0.751,0.0,0.456,0.164,0.3,0.934,0.933,1.26883,1.25899,1.26888,275489.1521,7779.771,2,1.26928,0.478,1.25067,0.372,0.0,0.0,0,0.336,1,2,1997,0.774,0.544,0.371,66.0,33.2,0.2991,220.6,0.0,1,1,0.807,1.23714,1,0,0.793,1.25691,-1,1.74,0.0,1.0,0.0,0.0,0.0,0.0,0.0,0.5,0.775,0.374,0.303,0.5,0.659,0.0,0.268,0.0,0,0,0.423,0.434,0.0,0.469,0.0,0.176,0.159,0.0,0.495,0.462,0.0,1.0,0.882
0,2021.09.29 21:38:00,GBPCHFm,BREAKOUT,SELL,3,1.25334,1.25517,1.24782,3.01,0.419,1.25531,1.25548,1.25442,0,0.464,0.015,-0.8911,1.25429,1.2578,1.26852,1.25047,1,0.0,0.45,0,1.25531,0.757,0.026,0,0.0,0.0,0.0,1.28087,12.211,0,0,0,0.75,0.545,0.1522,0.545,0.015,0,0.684,0,0.798,1.25513,1.2539,0.811,0.252,0.0,2,0.4,0,0.684,0.399,0.891,0.448,0.374,1,1.25531,8,0.751,0.0,0.456,0.164,0.3,0.934,0.933,1.26883,1.25899,1.26888,275489.1521,7779.771,2,1.26928,0.478,1.25067,0.372,0.0,0.0,0,0.336,1,2,1997,0.774,0.544,0.371,308.0,306.7,1.3959,220.6,0.0,1,1,0.807,1.23714,1,0,0.793,1.25691,-1,1.618,0.0,1.0,0.0,0.0,0.0,0.41,0.0,0.5,0.0,1.0,0.708,0.5,0.486,0.0,0.275,0.0,0,0,0.381,0.434,0.0,0.469,0.0,0.219,0.222,0.0,0.495,0.462,0.0,1.0,0.882
0,2021.09.29 22:00:00,GBPCHFm,ANCHORED_PULLBACK,SELL,1,1.25348,1.25423,1.24922,5.68,0.488,1.25525,1.25589,1.25442,0,0.486,0.202,-0.8291,1.25429,1.2578,1.26852,1.25047,1,0.0,0.4,0,1.25525,0.741,0.939,0,0.0,0.0,1.25359,1.28087,12.857,0,0,0,0.825,0.58,0.1315,0.58,0.363,0,0.795,2,0.186,1.25451,1.25378,0.486,0.142,0.0,2,0.4,0,0.795,0.328,0.829,0.396,0.319,0,1.25525,8,0.748,0.029,0.351,0.174,0.14,0.951,0.837,1.26883,1.25899,1.26888,275489.1521,7779.771,2,1.26928,0.478,1.25067,0.372,0.0,0.0,0,0.336,1,2,1998,0.774,0.544,0.371,284.0,280.3,1.3329,213.1,0.0,1,1,0.807,1.23714,1,0,0.793,1.25691,-1,1.61,0.0,1.0,0.0,0.0,0.0,0.43,0.0,0.5,0.0,1.0,0.541,0.5,0.554,0.0,0.276,0.0,0,0,0.301,0.619,0.0,0.463,0.0,0.223,0.227,0.0,0.501,0.462,0.0,1.0,0.882
0,2021.09.29 22:12:40,GBPCHFm,PULLBACK,BUY,1,1.25634,1.25543,1.2573,1.05,0.375,1.25525,1.25589,1.25442,0,0.486,0.202,-0.4489,1.25429,1.2578,1.26852,1.25047,1,0.0,0.4,0,1.25525,0.741,0.939,0,0.0,0.0,1.25359,1.28087,12.857,0,0,0,0.825,0.58,0.1315,0.58,0.432,0,0.795,2,0.186,1.25451,1.25378,0.105,0.238,0.0,2,0.4,0,0.795,0.173,0.449,0.385,0.301,0,1.25525,8,0.748,0.789,0.331,0.174,0.14,0.951,0.837,1.26883,1.25899,1.26888,275489.1521,7779.771,2,1.26928,0.478,1.25067,0.372,0.0,0.0,0,0.336,1,2,1998,0.774,0.544,0.371,205.0,232.7,0.9621,213.1,0.0,1,1,0.807,1.23714,1,0,0.793,1.25691,-1,0.268,0.0,1.0,0.0,0.0,0.0,0.93,0.0,0.5,0.0,0.894,0.746,0.5,0.553,0.0,0.273,0.0,0,0,0.423,0.633,0.0,0.416,0.0,0.223,0.568,0.0,0.499,0.462,0.0,1.0,0.882
0,2021.09.29 22:21:40,GBPCHFm,BREAKOUT_RETEST,BUY,1,1.25646,1.25582,1.25716,1.09,0.47,1.25525,1.25589,1.25442,1,0.486,0.202,-0.3269,1.25429,1.2578,1.26852,1.25047,1,0.0,0.4,0,1.25525,0.741,0.939,0,0.0,0.0,1.25359,1.28087,12.857,0,0,0,0.825,0.58,0.1315,0.58,0.939,0,0.795,2,0.186,1.25451,1.25378,0.017,0.36,0.0,2,0.4,0,0.795,0.111,0.36,0.309,0.294,0,1.25525,8,0.748,0.967,0.178,0.174,0.14,0.951,0.837,1.26883,1.25899,1.26888,275489.1521,7779.771,2,1.26928,0.478,1.25067,0.372,0.0,0.0,0,0.336,1,2,1998,0.774,0.544,0.371,191.0,203.6,0.8964,213.1,0.0,1,1,0.807,1.23714,1,0,0.793,1.25691,-1,0.211,0.0,1.0,0.0,0.0,0.0,0.99,0.0,0.5,0.0,0.471,0.77,0.5,0.499,0.0,0.328,0.0,0,0,0.443,0.8,0.0,0.708,0.0,0.228,0.407,0.0,0.52,0.462,0.0,1.0,0.849
8334,2021.09.29 23:00:00,GBPCHFm,TREND_CONTINUATION,BUY,1,1.25541,1.25296,1.26051,2.08,0.626,1.25449,1.25548,1.25385,1,0.144,1.028,0.3206,1.25429,1.2578,1.26852,1.25047,1,0.0,0.45,0,1.25449,0.666,0.78,0,0.0,0.0,0.0,1.28087,12.61,0,0,0,0.6,0.615,0.1015,0.615,0.5,2,0.531,0,0.722,1.25458,1.25286,0.276,1.117,0.0786,0,0.55,2,0.722,0.586,1.117,0.525,0.354,1,1.25449,8,0.733,0.447,0.37,0.885,0.337,0.775,0.879,1.26883,1.25899,1.26888,275489.1521,7779.771,2,1.26928,0.478,1.25067,0.372,0.0,0.0,0,0.336,1,2,1999,0.774,0.544,0.371,27.0,167.0,0.1323,204.1,0.0,1,1,0.807,1.23714,1,0,0.793,1.25691,-1,0.735,0.0,1.0,0.0,0.0,0.0,0.99,0.0,0.5,0.0,0.803,0.687,0.5,0.447,0.0,0.26,0.0,0,0,0.35,0.754,0.0,0.835,0.0,0.544,0.506,0.0,0.44,0.462,0.0,1.0,0.887
8336,2021.09.29 23:39:40,GBPCHFm,BREAKOUT,BUY,1,1.25486,1.2518,1.25996,1.67,0.273,1.25449,1.25548,1.25385,1,0.144,1.028,0.0511,1.25429,1.2578,1.26852,1.25047,1,0.0,0.45,0,1.25449,0.666,0.78,0,0.0,0.0,0.0,1.28087,12.61,0,0,0,0.6,0.615,0.1015,0.615,0.697,0,0.755,0,0.722,1.25458,1.25286,0.007,0.847,0.0,2,0.25,0,0.755,0.293,0.847,0.346,0.373,1,1.25385,5,0.6,0.986,0.191,0.185,0.232,0.775,0.879,1.26883,1.25899,1.26888,275489.1521,7779.771,2,1.26928,0.478,1.25067,0.372,0.0,0.0,0,0.336,1,2,1999,0.774,0.544,0.371,27.0,27.0,0.1323,204.1,0.0,1,1,0.807,1.23714,1,0,0.793,1.25691,-1,1.005,0.0,1.0,0.0,0.0,0.0,0.4,0.0,0.5,0.0,0.902,0.572,0.5,0.58,0.0,0.949,0.0,0,0,0.597,0.8,0.0,0.452,0.0,0.255,0.468,0.0,0.529,0.462,0.0,1.0,0.849
8338,2021.09.30 00:12:40,GBPCHFm,PULLBACK,BUY,1,1.25472,1.25185,1.26047,2.0,0.512,1.25459,1.25494,1.25396,1,0.035,0.698,-0.0719,1.25429,1.2578,1.26852,1.25047,1,0.0,0.35,0,1.25459,0.691,0.467,0,0.0,0.0,0.0,1.28087,13.83,0,0,0,0.65,0.825,0.062,0.825,0.997,0,0.721,2,0.436,1.25452,1.25276,0.035,0.882,0.0,2,0.0,0,0.721,0.265,0.882,0.301,0.371,1,0.0,0,0.0,0.93,0.001,0.247,0.0,0.842,0.934,1.26883,1.25899,1.26888,269324.2849,-6164.8672,1,1.26928,0.471,1.25067,0.373,0.0,0.0,0,0.343,1,2,2000,0.78,0.546,0.368,27.0,27.0,0.1409,191.6,0.0,1,1,0.807,1.23714,1,0,0.793,1.25691,0,1.143,0.012,0.988,0.0,1.0,0.5,0.4,0.0,0.5,0.0,0.289,0.598,0.5,1.0,0.0,0.373,0.0,0,0,0.508,0.814,0.0,0.554,0.0,0.186,0.472,0.0,0.538,0.462,0.0,1.0,0.846
8339,2021.09.30 00:21:40,GBPCHFm,BREAKOUT_RETEST,BUY,1,1.25495,1.25438,1.2557,1.31,0.449,1.25459,1.25494,1.25396,1,0.035,0.698,0.0482,1.25429,1.2578,1.26852,1.25047,1,0.0,0.35,0,1.25459,0.691,0.467,0,0.0,0.0,0.0,1.28087,13.83,0,0,0,0.65,0.825,0.062,0.825,0.635,0,0.721,2,0.436,1.25452,1.25276,0.085,1.002,0.0,2,0.0,0,0.721,0.355,1.002,0.355,0.381,1,1.25396,5,0.6,0.83,0.109,0.247,0.0,0.842,0.934,1.26883,1.25899,1.26888,269324.2849,-6164.8672,1,1.26928,0.471,1.25067,0.373,0.0,0.0,0,0.343,1,2,2000,0.78,0.546,0.368,27.0,27.0,0.1409,191.6,0.0,1,1,0.807,1.23714,1,0,0.793,1.25691,0,1.023,0.012,0.988,0.0,1.0,0.5,0.89,0.0,0.5,0.0,0.33,0.723,0.5,0.659,0.0,0.361,0.0,0,0,0.476,0.814,0.0,1.0,0.0,0.186,0.49,0.0,0.516,0.462,0.0,1.0,0.797
8342,2021.09.30 03:03:40,GBPCHFm,BREAKOUT,SELL,1,1.25496,1.25723,1.25118,1.67,0.18,1.2552,1.25542,1.25467,1,0.007,0.131,-0.1577,1.25474,1.2578,1.26852,1.25047,1,0.0,0.6,0,1.2552,0.691,0.371,0,0.0,0.0,0.0,1.28087,16.929,0,0,0,0.281,0.0,-0.0047,0.217,0.422,0,0.855,0,0.382,1.25517,1.25479,0.137,0.111,0.0,2,0.4,0,0.855,0.58,1.5,0.387,0.382,1,1.25542,4,0.6,0.726,0.333,0.0,0.216,0.906,0.721,1.26883,1.25899,1.26888,269324.2849,-6164.8672,1,1.26928,0.471,1.25067,0.373,0.0,0.0,0,0.343,1,2,2003,0.78,0.546,0.368,27.0,27.0,0.1784,151.4,0.0,1,1,0.807,1.23714,1,0,0.793,1.25691,0,1.288,0.012,0.988,0.0,1.0,0.5,0.11,0.0,0.5,0.0,0.632,0.453,0.5,0.521,0.0,0.34,0.0,0,0,0.32,0.76,0.0,0.865,0.0,0.167,0.463,0.0,0.541,0.462,0.0,1.0,0.764
8343,2021.09.30 03:03:59,GBPCHFm,PULLBACK,SELL,1,1.25496,1.25723,1.25047,1.98,0.33,1.2552,1.25542,1.25467,1,0.007,0.131,-0.1577,1.25474,1.2578,1.26852,1.25047,1,0.0,0.6,0,1.2552,0.691,0.371,0,0.0,0.0,0.0,1.28087,16.929,0,0,0,0.281,0.0,-0.0047,0.217,0.422,0,0.855,0,0.382,1.25517,1.25479,0.137,0.111,0.0,2,0.4,0,0.855,0.58,1.5,0.387,0.382,1,1.25542,4,0.6,0.726,0.333,0.0,0.216,0.906,0.721,1.26883,1.25899,1.26888,269324.2849,-6164.8672,1,1.26928,0.471,1.25067,0.373,0.0,0.0,0,0.343,1,2,2003,0.78,0.546,0.368,27.0,27.0,0.1784,151.4,0.0,1,1,0.807,1.23714,1,0,0.793,1.25691,0,1.288,0.012,0.988,0.0,1.0,0.5,0.11,0.0,0.5,0.0,0.632,0.45,0.5,0.521,0.0,0.34,0.0,0,0,0.323,0.76,0.0,0.865,0.0,0.167,0.463,0.0,0.541,0.462,0.0,1.0,0.764
8344,2021.09.30 04:00:00,GBPCHFm,ANCHORED_PULLBACK,BUY,1,1.25621,1.25587,1.25693,2.1,0.226,1.25522,1.25546,1.2547,0,0.447,0.095,0.5143,1.25515,1.2578,1.26852,1.25047,1,0.0,0.4,0,1.25522,0.668,0.653,0,0.0,0.0,1.2552,1.28087,17.865,0,0,0,0.387,0.0,0.0072,0.273,0.098,0,0.851,0,0.859,1.25517,1.25603,0.548,0.061,0.0043,2,0.4,0,0.851,0.239,0.548,0.435,0.401,1,1.25522,8,0.734,0.0,0.431,0.0,0.312,0.905,0.936,1.26883,1.25899,1.26888,274342.4182,5018.1334,2,1.26928,0.466,1.25067,0.374,0.0,0.0,0,0.292,1,2,2004,0.78,0.546,0.368,27.0,27.0,0.1934,139.6,0.0,1,1,0.807,1.23714,1,0,0.793,1.25691,0,0.502,0.0,1.0,0.0,0.0,0.5,0.72,0.0,0.5,0.0,0.773,0.556,0.5,0.458,0.0,0.29,0.0,0,0,0.287,0.592,0.054,0.629,0.0,0.262,0.557,0.0,0.546,0.462,0.0,1.0,0.842
8346,2021.09.30 04:17:40,GBPCHFm,MEAN_REVERSION,SELL,1,1.25612,1.25724,1.25522,0.8,0.768,1.25522,1.25546,1.2547,0,0.447,0.095,0.6432,1.25515,1.2578,1.26852,1.25047,1,0.0,0.4,0,1.25522,0.668,0.653,0,0.0,0.0,1.2552,1.28087,17.865,0,0,0,0.387,0.0,0.0072,0.273,0.033,0,0.861,0,0.859,1.25517,1.25603,0.677,0.068,0.0,2,0.4,0,0.861,0.301,0.677,0.445,0.411,1,1.25522,8,0.734,0.0,0.45,0.0,0.312,0.905,0.936,1.26883,1.25899,1.26888,274342.4182,5018.1334,2,1.26928,0.466,1.25067,0.374,0.0,0.0,0,0.292,1,2,2004,0.78,0.546,0.368,27.0,27.0,0.1934,139.6,0.0,1,1,0.807,1.23714,1,0,0.793,1.25691,0,0.566,0.0,1.0,0.0,0.0,0.5,0.99,0.0,0.5,0.0,0.858,0.523,0.5,0.47,0.0,0.301,0.0,0,0,0.276,0.578,0.068,0.726,0.0,0.262,0.575,0.0,0.551,0.462,0.0,1.0,0.842
8347,2021.09.30 05:00:00,GBPCHFm,BREAKOUT_RETEST,BUY,1,1.25535,1.25496,1.25594,1.54,0.352,1.25515,1.25544,1.25499,1,0.006,0.146,-0.0565,1.25515,1.2578,1.26852,1.25047,1,0.0,0.35,0,1.25515,0.76,0.196,0,0.0,0.0,1.25572,1.28087,20.095,0,0,0,0.45,0.685,0.053,0.685,0.794,0,0.729,1,0.366,1.25518,1.25489,0.082,0.146,-0.2345,1,0.45,1,1.0,0.271,1.5,0.181,0.367,1,0.0,0,0.0,0.836,0.542,0.206,0.157,0.86,0.915,1.26883,1.25899,1.26888,274342.4182,5018.1334,2,1.26928,0.466,1.25067,0.374,0.0,0.0,0,0.292,1,2,2005,0.78,0.546,0.368,27.0,27.0,0.2104,128.4,0.0,1,1,0.807,1.23714,1,0,0.793,1.25691,0,1.215,0.0,1.0,0.0,0.0,0.5,0.07,0.0,0.5,0.0,0.685,0.387,0.5,0.544,0.0,0.303,0.0,0,0,0.352,0.686,0.0,0.534,0.0,0.116,0.451,0.0,0.52,0.462,0.0,1.0,0.572
8348,2021.09.30 05:00:20,GBPCHFm,TREND_CONTINUATION,BUY,1,1.25535,1.25381,1.25856,2.08,0.343,1.25515,1.25544,1.25499,1,0.006,0.146,-0.0565,1.25515,1.2578,1.26852,1.25047,1,0.0,0.35,0,1.25515,0.76,0.196,0,0.0,0.0,1.25572,1.28087,20.095,0,0,0,0.45,0.685,0.053,0.685,0.794,0,0.762,1,0.366,1.25518,1.25489,0.082,0.146,0.0,2,0.15,0,0.762,0.496,1.5,0.331,0.379,1,0.0,0,0.0,0.836,0.122,0.206,0.053,0.86,0.915,1.26883,1.25899,1.26888,274342.4182,5018.1334,2,1.26928,0.466,1.25067,0.374,0.0,0.0,0,0.292,1,2,2005,0.78,0.546,0.368,27.0,27.0,0.2104,128.4,0.0,1,1,0.807,1.23714,1,0,0.793,1.25691,0,1.215,0.0,1.0,0.0,0.0,0.5,0.07,0.0,0.5,0.0,0.857,0.394,0.5,0.572,0.0,0.353,0.0,0,0,0.376,0.76,0.0,0.639,0.0,0.157,0.451,0.0,0.584,0.462,0.0,1.0,0.731
8352,2021.09.30 05:03:40,GBPCHFm,BREAKOUT,BUY,1,1.25543,1.2535,1.25864,1.67,0.228,1.25515,1.25544,1.25499,1,0.006,0.146,0.0058,1.25515,1.2578,1.26852,1.25047,1,0.0,0.35,0,1.25515,0.76,0.196,0,0.0,0.0,1.25572,1.28087,20.095,0,0,0,0.45,0.685,0.053,0.685,1.0,0,0.762,1,0.366,1.25518,1.25489,0.019,0.208,0.0,2,0.15,0,0.762,0.45,1.5,0.3,0.374,1,0.0,0,0.0,0.961,0.06,0.206,0.053,0.86,0.915,1.26883,1.25899,1.26888,274342.4182,5018.1334,2,1.26928,0.466,1.25067,0.374,0.0,0.0,0,0.292,1,2,2005,0.78,0.546,0.368,27.0,27.0,0.2104,128.4,0.0,1,1,0.807,1.23714,1,0,0.793,1.25691,0,1.153,0.0,1.0,0.0,0.0,0.5,0.33,0.0,0.5,0.0,0.857,0.431,0.5,0.572,0.0,0.353,0.0,0,0,0.354,0.8,0.0,0.798,0.0,0.169,0.464,0.0,0.584,0.462,0.0,1.0,0.731
8353,2021.09.30 05:03:59,GBPCHFm,PULLBACK,BUY,1,1.25548,1.25355,1.25933,2.0,0.441,1.25515,1.25544,1.25499,1,0.006,0.146,0.0448,1.25515,1.2578,1.26852,1.25047,1,0.0,0.35,0,1.25515,0.76,0.196,0,0.0,0.0,1.25572,1.28087,20.095,0,0,0,0.45,0.685,0.053,0.685,0.869,0,0.762,1,0.366,1.25518,1.25551,0.019,0.234,0.0,2,0.15,0,0.762,0.479,1.5,0.32,0.377,1,0.0,0,0.0,0.961,0.099,0.206,0.053,0.86,0.894,1.26883,1.25899,1.26888,274342.4182,5018.1334,2,1.26928,0.466,1.25067,0.374,0.0,0.0,0,0.292,1,2,2005,0.78,0.546,0.368,27.0,27.0,0.2104,128.4,0.0,1,1,0.807,1.23714,1,0,0.793,1.25691,0,1.114,0.0,1.0,0.0,0.0,0.5,0.42,0.0,0.5,0.0,0.857,0.41,0.5,0.572,0.0,0.353,0.0,0,0,0.366,0.8,0.0,0.918,0.0,0.169,0.473,0.0,0.584,0.462,0.0,1.0,0.731
8358,2021.09.30 06:05:40,GBPCHFm,SWEEP_REVERSAL,BUY,1,1.25508,1.25387,1.25623,0.96,0.294,1.25512,1.25596,1.25487,0,0.358,0.112,-0.2575,1.25487,1.25555,1.26852,1.25047,1,0.0,0.55,0,1.25512,0.651,0.063,0,0.0,0.0,0.0,1.28087,21.799,0,0,0,0.75,0.545,0.074,0.545,0.049,0,0.679,0,0.82,1.25517,1.25477,0.299,0.03,0.0,2,0.4,0,0.679,0.664,1.5,0.443,0.393,1,1.25596,4,0.6,0.403,0.445,0.164,0.304,0.828,0.921,1.26883,1.25899,1.26888,274342.4182,5018.1334,2,1.26928,0.466,1.25067,0.374,0.0,0.0,0,0.292,1,2,2006,0.78,0.546,0.368,27.0,27.0,0.2239,120.6,0.0,1,1,0.807,1.23714,1,0,0.793,1.25691,0,1.518,0.0,1.0,0.0,0.0,0.5,0.99,0.0,0.5,0.0,0.411,0.55,0.5,0.822,0.0,0.566,0.0,0,0,0.503,0.544,0.0,0.798,0.0,0.324,0.376,0.0,0.568,0.462,0.0,1.0,0.871
8359,2021.09.30 06:18:40,GBPCHFm,MEAN_REVERSION,SELL,1,1.25597,1.25693,1.25512,0.88,0.628,1.25512,1.25596,1.25487,0,0.358,0.112,0.7046,1.25487,1.25555,1.26852,1.25047,1,0.0,0.55,0,1.25512,0.651,0.063,0,0.0,0.0,0.0,1.28087,21.799,0,0,0,0.75,0.545,0.074,0.545,0.16,0,0.679,0,0.82,1.25517,1.25611,0.664,0.117,0.0,2,0.4,0,0.679,0.3,0.705,0.426,0.351,1,1.25512,8,0.73,0.0,0.412,0.164,0.304,0.828,0.914,1.26883,1.25899,1.26888,274342.4182,5018.1334,2,1.26928,0.466,1.25067,0.374,0.0,0.0,0,0.292,1,2,2006,0.78,0.546,0.368,27.0,27.0,0.2239,120.6,0.0,1,1,0.807,1.23714,1,0,0.793,1.25691,0,0.78,0.0,1.0,0.0,0.0,0.5,0.99,0.0,0.5,0.0,0.374,0.673,0.5,0.866,0.0,0.802,0.0,0,0,0.685,0.524,0.0,0.704,0.0,0.294,0.514,0.0,0.572,0.462,0.0,1.0,0.871
8362,2021.09.30 07:00:00,GBPCHFm,ANCHORED_PULLBACK,BUY,1,1.25652,1.25612,1.2588,5.74,0.683,1.25452,1.25586,1.2543,0,0.358,0.309,1.3593,1.25489,1.25555,1.26852,1.25047,1,0.0,0.55,2,1.25466,0.68,0.639,0,0.0,0.0,1.25651,1.28087,19.291,0,0,0,0.74,0.5233,0.0429,0.523,0.262,1,0.327,0,0.644,1.25579,1.25636,0.358,0.087,0.3706,0,0.25,2,1.0,0.762,1.359,0.561,0.502,2,1.25579,2,0.55,0.284,0.321,0.857,0.216,0.962,0.826,1.26883,1.25899,1.26888,274342.4182,5018.1334,2,1.26928,0.466,1.25067,0.374,0.0,0.0,0,0.292,1,2,2007,0.78,0.546,0.368,27.0,27.0,0.2115,127.6,0.0,1,1,0.807,1.23714,1,0,0.793,1.25691,0,0.306,0.0,1.0,0.0,0.0,0.5,0.27,0.0,0.5,0.0,0.314,0.428,0.5,0.504,0.0,0.932,0.0,0,0,0.567,0.737,0.0,0.568,0.0,0.947,0.437,0.0,0.491,0.462,0.0,1.0,0.923
8363,2021.09.30 07:00:20,GBPCHFm,TREND_CONTINUATION,BUY,1,1.25668,1.25515,1.25987,2.08,0.43,1.25452,1.25586,1.2543,0,0.358,0.309,1.4846,1.25489,1.25555,1.26852,1.25047,1,0.0,0.55,2,1.25466,0.68,0.639,0,0.0,0.0,1.25651,1.28087,19.291,0,0,0,0.74,0.5233,0.0429,0.523,0.223,2,0.612,0,0.644,1.25579,1.25636,0.483,0.038,0.0,2,0.25,0,0.612,0.618,1.485,0.417,0.388,1,1.25579,2,0.55,0.033,0.333,0.157,0.216,0.962,0.826,1.26883,1.25899,1.26888,274342.4182,5018.1334,2,1.26928,0.466,1.25067,0.374,0.0,0.0,0,0.292,1,2,2007,0.78,0.546,0.368,27.0,27.0,0.2115,127.6,0.0,1,1,0.807,1.23714,1,0,0.793,1.25691,0,0.18,0.0,1.0,0.0,0.0,0.5,0.46,0.0,0.5,0.0,0.43,0.462,0.5,0.548,0.0,0.874,0.0,0,0,0.537,0.74,0.0,0.596,0.0,0.404,0.433,0.0,0.564,0.462,0.0,1.0,0.871
8365,2021.09.30 07:03:40,GBPCHFm,BREAKOUT,BUY,1,1.25646,1.25594,1.25965,6.08,0.417,1.25452,1.25586,1.2543,0,0.358,0.309,1.3123,1.25489,1.25555,1.26852,1.25047,1,0.0,0.55,2,1.25466,0.68,0.639,0,0.0,0.0,1.25651,1.28087,19.291,0,0,0,0.74,0.5233,0.0429,0.523,0.262,2,0.612,0,0.644,1.25579,1.25636,0.311,0.134,0.0,2,0.25,0,0.612,0.539,1.312,0.411,0.379,1,1.25579,2,0.55,0.378,0.321,0.157,0.216,0.962,0.826,1.26883,1.25899,1.26888,274342.4182,5018.1334,2,1.26928,0.466,1.25067,0.374,0.0,0.0,0,0.292,1,2,2007,0.78,0.546,0.368,27.0,27.0,0.2115,127.6,0.0,1,1,0.807,1.23714,1,0,0.793,1.25691,0,0.353,0.0,1.0,0.0,0.0,0.5,0.21,0.0,0.5,0.0,0.374,0.407,0.5,0.548,0.0,0.93,0.0,0,0,0.592,0.749,0.0,0.596,0.0,0.404,0.433,0.0,0.561,0.462,0.0,1.0,0.871
8366,2021.09.30 07:03:59,GBPCHFm,PULLBACK,BUY,1,1.25646,1.25594,1.26029,7.3,0.364,1.25452,1.25586,1.2543,0,0.358,0.309,1.3123,1.25489,1.25555,1.26852,1.25047,1,0.0,0.55,2,1.25466,0.68,0.639,0,0.0,0.0,1.25651,1.28087,19.291,0,0,0,0.74,0.5233,0.0429,0.523,0.262,2,0.612,0,0.644,1.25579,1.25636,0.311,0.134,0.0,2,0.25,0,0.612,0.539,1.312,0.411,0.379,1,1.25579,2,0.55,0.378,0.321,0.157,0.216,0.962,0.826,1.26883,1.25899,1.26888,274342.4182,5018.1334,2,1.26928,0.466,1.25067,0.374,0.0,0.0,0,0.292,1,2,2007,0.78,0.546,0.368,27.0,27.0,0.2115,127.6,0.0,1,1,0.807,1.23714,1,0,0.793,1.25691,0,0.353,0.0,1.0,0.0,0.0,0.5,0.21,0.0,0.5,0.0,0.374,0.422,0.5,0.548,0.0,0.93,0.0,0,0,0.583,0.749,0.0,0.596,0.0,0.404,0.433,0.0,0.561,0.462,0.0,1.0,0.871
8370,2021.09.30 07:06:40,GBPCHFm,BREAKOUT_RETEST,BUY,1,1.25532,1.25466,1.25692,2.41,0.445,1.25452,1.25586,1.2543,1,0.358,0.309,0.4191,1.25489,1.25555,1.26852,1.25047,1,0.0,0.55,2,1.25466,0.68,0.639,0,0.0,0.0,1.25651,1.28087,19.291,0,0,0,0.74,0.5233,0.0429,0.523,0.947,2,0.612,0,0.644,1.25523,1.25423,0.137,0.642,0.0,2,0.25,0,0.612,0.198,0.642,0.308,0.339,0,1.25466,8,0.736,0.726,0.116,0.157,0.216,0.962,0.848,1.26883,1.25899,1.26888,274342.4182,5018.1334,2,1.26928,0.466,1.25067,0.374,0.0,0.0,0,0.292,1,2,2007,0.78,0.546,0.368,27.0,27.0,0.2115,127.6,0.0,1,1,0.807,1.23714,1,0,0.793,1.25691,0,1.246,0.0,1.0,0.0,0.0,0.5,0.0,0.0,0.5,0.0,0.276,0.326,0.5,0.839,0.0,0.709,0.0,0,0,0.64,0.8,1.0,0.619,0.0,0.405,0.452,0.0,0.592,0.462,0.0,1.0,0.839
8372,2021.09.30 08:06:40,GBPCHFm,SWEEP_REVERSAL,BUY,2,1.25464,1.25326,1.25624,1.16,0.491,1.25452,1.25597,1.25426,1,0.126,0.865,-0.1091,1.25488,1.25555,1.26739,1.25047,1,0.0,0.5,0,1.25469,0.696,0.851,0,0.0,0.0,1.25462,1.28087,18.727,1,1,0,0.344,0.5338,0.018,0.534,0.608,2,0.615,0,0.576,1.25461,1.25375,0.171,0.449,0.0,2,0.3,6,0.5,0.094,0.449,0.209,0.282,0,1.25597,4,0.6,0.658,0.438,0.16,0.52,0.954,0.906,1.26883,1.25899,1.26888,267709.381,-6633.0372,1,1.26928,0.461,1.25067,0.375,0.0,0.0,0,0.33,1,2,2008,0.78,0.546,0.368,27.0,27.0,0.1957,138.0,0.0,1,1,0.807,1.23714,1,0,0.793,1.25691,0,1.645,0.013,0.987,0.0,1.0,0.5,0.08,0.0,0.5,0.0,0.617,0.61,0.5,0.456,0.0,0.724,0.0,0,0,0.493,0.68,0.0,0.944,0.0,0.627,0.442,0.0,0.505,0.462,0.0,1.0,0.651
8374,2021.09.30 09:00:00,GBPCHFm,MEAN_REVERSION,SELL,2,1.25565,1.25681,1.25435,1.12,0.6,1.25435,1.25546,1.25392,0,0.663,0.638,0.8996,1.25488,1.25535,1.26675,1.25047,1,0.0,0.45,0,1.25435,0.725,0.517,0,0.0,0.0,1.25398,1.28087,17.447,0,0,0,0.274,-0.5091,-0.028,0.509,0.358,2,0.627,1,0.021,1.25443,1.25666,0.84,0.697,-0.1183,1,0.0,0,0.627,0.356,0.9,0.396,0.316,0,1.25435,8,0.745,0.0,0.493,0.153,0.0,0.923,0.891,1.26883,1.25899,1.26888,267709.381,-6633.0372,1,1.26928,0.461,1.25067,0.375,0.0,0.0,0,0.33,1,2,2009,0.78,0.546,0.368,27.0,27.0,0.1868,144.6,0.0,1,1,0.807,1.23714,1,0,0.793,1.25691,1,0.872,0.013,0.987,0.0,1.0,1.0,0.85,0.0,0.5,0.0,0.536,0.715,0.5,0.459,0.0,0.327,0.0,0,0,0.398,0.715,0.0,0.572,0.0,0.342,0.526,0.0,0.544,0.462,0.0,1.0,0.806
8375,2021.09.30 09:16:20,GBPCHFm,TREND_CONTINUATION,SELL,2,1.25617,1.2579,1.25435,1.05,0.255,1.25435,1.25546,1.25392,0,0.663,0.638,1.2592,1.25488,1.25535,1.26675,1.25047,1,0.0,0.45,0,1.25435,0.725,0.517,0,0.0,0.0,1.25398,1.28087,17.447,0,0,0,0.274,-0.5091,-0.028,0.509,0.237,0,0.698,1,0.021,1.25443,1.25666,1.2,0.338,0.0,2,0.0,0,0.698,0.522,1.259,0.414,0.353,1,1.25435,8,0.745,0.0,0.229,0.153,0.0,0.923,0.891,1.26883,1.25899,1.26888,267709.381,-6633.0372,1,1.26928,0.461,1.25067,0.375,0.0,0.0,0,0.33,1,2,2009,0.78,0.546,0.368,27.0,27.0,0.1868,144.6,0.0,1,1,0.807,1.23714,1,0,0.793,1.25691,1,0.512,0.013,0.987,0.0,1.0,1.0,0.99,0.0,0.5,0.0,0.8,0.716,0.5,0.457,0.0,0.226,0.0,0,0,0.357,0.654,0.0,0.572,0.0,0.415,0.582,0.0,0.544,0.462,0.0,1.0,0.861
8377,2021.09.30 09:20:40,GBPCHFm,BREAKOUT,SELL,2,1.25677,1.25894,1.25435,1.12,0.277,1.25435,1.25546,1.25392,0,0.663,0.638,1.6743,1.25488,1.25535,1.26675,1.25047,1,0.0,0.45,0,1.25435,0.725,0.517,0,0.0,0.0,1.25398,1.28087,17.447,0,0,0,0.274,-0.5091,-0.028,0.509,0.063,0,0.698,1,0.021,1.25443,1.25666,1.615,0.077,0.0,2,0.0,0,0.698,0.738,1.674,0.441,0.379,1,1.25435,8,0.745,0.0,0.281,0.153,0.0,0.923,0.891,1.26883,1.25899,1.26888,267709.381,-6633.0372,1,1.26928,0.461,1.25067,0.375,0.0,0.0,0,0.33,1,2,2009,0.78,0.546,0.368,27.0,27.0,0.1868,144.6,0.0,1,1,0.807,1.23714,1,0,0.793,1.25691,1,0.097,0.013,0.987,0.0,1.0,1.0,0.99,0.0,0.5,0.0,0.746,0.672,0.5,0.448,0.0,0.221,0.0,0,0,0.326,0.612,0.0,0.66,0.0,0.376,0.646,0.0,0.544,0.462,0.0,1.0,0.861
8378,2021.09.30 09:20:59,GBPCHFm,PULLBACK,SELL,2,1.25671,1.25888,1.25435,1.09,0.222,1.25435,1.25546,1.25392,0,0.663,0.638,1.6328,1.25488,1.25535,1.26675,1.25047,1,0.0,0.45,0,1.25435,0.725,0.517,0,0.0,0.0,1.25398,1.28087,17.447,0,0,0,0.274,-0.5091,-0.028,0.509,0.063,0,0.698,1,0.021,1.25443,1.25666,1.574,0.036,0.0,2,0.0,0,0.698,0.719,1.633,0.441,0.376,1,1.25435,8,0.745,0.0,0.281,0.153,0.0,0.923,0.891,1.26883,1.25899,1.26888,267709.381,-6633.0372,1,1.26928,0.461,1.25067,0.375,0.0,0.0,0,0.33,1,2,2009,0.78,0.546,0.368,27.0,27.0,0.1868,144.6,0.0,1,1,0.807,1.23714,1,0,0.793,1.25691,1,0.138,0.013,0.987,0.0,1.0,1.0,0.98,0.0,0.5,0.0,0.746,0.678,0.5,0.448,0.0,0.221,0.0,0,0,0.329,0.612,0.0,0.66,0.0,0.376,0.64,0.0,0.544,0.462,0.0,1.0,0.861
8382,2021.09.30 10:00:00,GBPCHFm,ANCHORED_PULLBACK,BUY,2,1.25798,1.25664,1.26,1.51,0.481,1.25424,1.25622,1.25384,0,1.202,0.029,2.208,1.25487,1.25535,1.26349,1.25047,1,0.0,0.45,2,1.25424,0.772,0.439,0,0.0,0.0,1.25864,1.28087,14.734,0,0,0,0.75,-0.545,-0.0602,0.545,0.076,2,0.556,3,0.335,1.25569,1.25766,1.286,0.029,0.5295,0,0.4,2,1.0,1.3,2.208,0.589,0.476,1,1.25569,2,0.55,0.0,0.437,0.863,0.14,0.738,0.902,1.26883,1.25899,1.26888,267709.381,-6633.0372,1,1.26928,0.461,1.25067,0.375,0.0,0.0,0,0.33,1,2,2010,0.761,0.552,0.367,27.0,27.0,0.1717,157.2,0.0,1,1,0.807,1.23714,0,0,0.0,1.25691,0,13.256,0.013,0.987,0.0,1.0,0.5,0.01,0.0,0.5,0.0,0.643,0.399,0.5,0.369,0.0,0.356,0.0,0,0,0.314,0.285,0.0,0.835,0.0,0.983,0.608,0.0,0.468,0.462,0.0,1.0,0.875
8384,2021.09.30 11:16:20,GBPCHFm,TREND_CONTINUATION,BUY,2,1.25891,1.25699,1.26292,2.08,0.429,1.25431,1.25826,1.25358,0,0.322,0.225,2.7019,1.25517,1.25535,1.26241,1.25047,1,0.0,0.8,2,1.25431,0.769,0.0,1,0.0,0.0,1.25896,1.28087,14.346,0,0,0,0.675,0.685,0.0593,0.685,0.709,2,0.448,3,0.857,1.25841,1.25753,0.146,0.694,0.0,2,0.15,0,0.448,0.929,2.702,0.344,0.402,1,1.25431,8,0.754,0.708,0.147,0.206,0.053,0.778,0.879,1.26883,1.25899,1.26888,267709.381,-6633.0372,1,1.26928,0.461,1.25067,0.375,0.0,0.0,0,0.33,1,2,2011,0.761,0.552,0.367,27.0,27.0,0.1685,160.2,0.0,1,1,0.807,1.23714,0,0,0.0,1.25691,0,13.588,0.013,0.987,0.0,1.0,0.5,0.9,0.0,0.5,0.0,0.648,0.454,0.5,0.484,0.0,0.461,0.0,0,0,0.357,0.602,0.0,0.479,0.0,0.894,0.435,0.0,0.545,0.462,0.0,1.0,0.959
8386,2021.09.30 11:20:40,GBPCHFm,BREAKOUT,BUY,2,1.2586,1.2554,1.26261,1.25,0.4,1.25431,1.25826,1.25358,0,0.322,0.225,2.5084,1.25517,1.25535,1.26241,1.25047,1,0.0,0.8,2,1.25431,0.769,0.0,1,0.0,0.0,1.25896,1.28087,14.346,0,0,0,0.675,0.685,0.0593,0.685,0.835,2,0.448,3,0.857,1.25841,1.25753,0.048,0.5,0.0,2,0.15,0,0.448,0.815,2.508,0.325,0.389,1,1.25431,8,0.754,0.905,0.11,0.206,0.053,0.778,0.879,1.26883,1.25899,1.26888,267709.381,-6633.0372,1,1.26928,0.461,1.25067,0.375,0.0,0.0,0,0.33,1,2,2011,0.761,0.552,0.367,27.0,27.0,0.1685,160.2,0.0,1,1,0.807,1.23714,0,0,0.0,1.25691,0,13.395,0.013,0.987,0.0,1.0,0.5,0.57,0.0,0.5,0.0,0.705,0.434,0.5,0.475,0.0,0.405,0.0,0,0,0.344,0.629,0.0,0.599,0.0,0.894,0.435,0.0,0.545,0.462,0.0,1.0,0.959
8388,2021.09.30 11:21:40,GBPCHFm,PULLBACK,BUY,2,1.25842,1.25442,1.26268,1.06,0.513,1.25431,1.25826,1.25358,1,0.322,0.225,2.396,1.25517,1.25535,1.26241,1.25047,1,0.0,0.8,2,1.25431,0.769,0.0,1,0.0,0.0,1.25896,1.28087,14.346,0,0,0,0.675,0.685,0.0593,0.685,0.598,2,0.448,3,0.857,1.25841,1.25753,0.16,0.388,0.0,2,0.15,0,0.448,0.863,2.396,0.36,0.395,1,1.25431,8,0.754,0.68,0.181,0.206,0.053,0.778,0.879,1.26883,1.25899,1.26888,267709.381,-6633.0372,1,1.26928,0.461,1.25067,0.375,0.0,0.0,0,0.33,1,2,2011,0.761,0.552,0.367,27.0,27.0,0.1685,160.2,0.0,1,1,0.807,1.23714,0,0,0.0,1.25691,0,13.282,0.013,0.987,0.0,1.0,0.5,0.29,0.0,0.5,0.0,0.722,0.401,0.5,0.443,0.0,0.335,0.0,0,0,0.327,0.502,0.0,0.577,0.0,0.801,0.56,0.0,0.52,0.462,0.0,1.0,0.867
8390,2021.09.30 12:00:40,GBPCHFm,BREAKOUT_RETEST,BUY,2,1.25868,1.25821,1.2597,2.15,0.36,1.25812,1.25943,1.25565,1,0.057,0.494,0.1829,1.25517,1.25752,1.26132,1.25047,1,0.0,0.65,0,1.25841,0.72,0.61,0,0.0,0.0,0.0,1.28087,14.432,0,0,0,0.5,0.545,0.1664,0.545,0.946,2,0.615,3,0.96,1.25841,1.25725,0.001,0.734,0.0,2,0.25,0,0.615,0.226,0.734,0.308,0.37,1,1.25943,4,0.6,0.998,0.116,0.164,0.088,0.862,0.971,1.26883,1.2572,1.26888,301127.0265,33417.6455,2,1.26856,0.448,1.25067,0.376,0.0,0.0,0,0.526,1,2,2012,0.761,0.552,0.367,27.0,27.0,0.1706,158.3,0.0,1,1,0.807,1.23714,0,0,0.0,1.25691,0,13.608,0.0,1.0,0.0,0.0,0.5,0.99,0.0,0.5,0.0,0.651,0.427,0.5,0.505,0.0,0.375,0.0,0,0,0.345,0.8,0.0,0.654,0.0,0.558,0.504,0.0,0.545,0.462,0.0,1.0,0.893
8392,2021.09.30 16:36:40,GBPCHFm,SWEEP_REVERSAL,BUY,4,1.25763,1.25538,1.26018,1.13,0.659,1.25801,1.25991,1.25767,0,0.124,0.273,-0.288,1.25528,1.25752,1.26024,1.25264,1,0.0,0.5,0,1.25801,0.677,0.75,0,0.0,0.0,1.25937,1.28087,10.267,1,1,0,0.7,0.685,0.3153,0.685,0.293,2,0.605,0,0.645,1.25801,1.25712,0.288,0.109,0.0,2,0.7,6,0.7,0.384,1.5,0.256,0.32,0,1.25991,4,0.6,0.424,0.692,0.206,0.674,1.0,0.858,1.26883,1.25899,1.26888,279890.2932,-21236.7333,1,1.26856,0.427,1.25067,0.377,0.0,0.0,0,0.558,1,2,2016,0.761,0.552,0.367,27.0,27.0,0.1198,225.4,0.0,1,1,0.807,1.23714,0,0,0.0,1.25691,0,9.089,0.038,0.962,0.0,1.0,0.5,0.99,0.0,0.5,0.0,0.0,0.631,0.5,0.0,0.0,0.0,0.0,0,0,0.079,0.0,0.0,0.0,0.0,0.0,0.5,0.0,0.0,0.0,0.0,0.0,0.0
8394,2021.09.30 17:00:40,GBPCHFm,MEAN_REVERSION,BUY,3,1.25767,1.25581,1.25998,1.24,0.596,1.25971,1.26078,1.2577,0,0.327,0.021,-0.9918,1.25528,1.25752,1.26024,1.25264,1,0.0,0.65,0,1.25971,0.761,0.414,0,0.0,0.0,0.0,1.28087,10.128,0,0,0,1.0,0.72,0.2277,0.72,0.661,0,0.669,3,0.348,1.25805,1.25734,0.279,0.026,0.0,2,0.4,0,0.669,0.348,0.992,0.351,0.309,0,1.25971,8,0.752,0.441,0.262,0.216,0.14,0.945,0.282,1.26883,1.25899,1.26888,279890.2932,-21236.7333,1,1.26856,0.427,1.25067,0.377,0.0,0.0,0,0.558,1,2,2017,0.761,0.552,0.367,27.0,27.0,0.116,232.9,0.0,1,1,0.807,1.23714,0,0,0.0,1.25691,1,8.817,0.038,0.962,0.0,1.0,1.0,0.98,0.0,0.5,0.0,1.0,0.574,0.5,0.532,0.0,0.24,0.0,0,0,0.3,0.552,0.0,0.909,0.0,0.504,0.38,0.0,0.48,0.385,0.0,1.0,0.949
8396,2021.09.30 18:00:00,GBPCHFm,BREAKOUT_RETEST,BUY,3,1.2572,1.2565,1.25986,3.83,0.695,1.25687,1.25959,1.25651,1,0.028,0.381,0.0278,1.25794,1.25752,1.26024,1.25264,1,0.0,0.65,2,1.25687,0.699,0.223,0,0.0,0.0,0.0,1.28087,10.333,0,0,0,1.0,0.755,0.1422,0.755,0.975,1,0.246,3,0.527,1.2571,1.25781,0.074,0.381,0.0,2,0.55,3,0.977,0.192,0.381,0.504,0.357,1,1.25959,4,0.6,0.851,0.228,0.627,0.193,0.854,0.775,1.26883,1.25899,1.26888,279890.2932,-21236.7333,1,1.26856,0.427,1.25067,0.377,0.0,0.0,0,0.558,1,2,2018,0.761,0.552,0.367,27.0,27.0,0.1165,231.7,0.0,1,1,0.807,1.23714,0,0,0.0,1.25691,1,8.657,0.038,0.962,0.0,1.0,1.0,0.83,0.0,0.5,0.0,0.574,0.381,0.5,0.538,0.0,0.245,0.0,0,0,0.331,0.733,0.0,0.911,0.0,0.489,0.469,0.0,0.447,0.385,0.0,1.0,0.729
8397,2021.09.30 18:01:40,GBPCHFm,TREND_CONTINUATION,BUY,3,1.25767,1.25489,1.26346,2.08,0.529,1.25687,1.25959,1.25651,1,0.028,0.381,0.2307,1.25794,1.25752,1.26024,1.25264,1,0.0,0.65,2,1.25687,0.699,0.223,0,0.0,0.0,0.0,1.28087,10.333,0,0,0,1.0,0.755,0.1422,0.755,0.648,2,0.546,3,0.527,1.2571,1.25781,0.128,0.178,0.0,2,0.25,0,0.546,0.529,1.5,0.353,0.333,0,1.25651,5,0.6,0.743,0.205,0.226,0.088,0.854,0.775,1.26883,1.25899,1.26888,279890.2932,-21236.7333,1,1.26856,0.427,1.25067,0.377,0.0,0.0,0,0.558,1,2,2018,0.761,0.552,0.367,27.0,27.0,0.1165,231.7,0.0,1,1,0.807,1.23714,0,0,0.0,1.25691,1,8.86,0.038,0.962,0.0,1.0,1.0,0.99,0.0,0.5,0.0,0.938,0.466,0.5,0.538,0.0,0.225,0.0,0,0,0.272,0.8,0.0,1.0,0.0,0.444,0.461,0.0,0.464,0.385,0.0,1.0,0.816
8400,2021.09.30 18:05:40,GBPCHFm,PULLBACK,BUY,3,1.25786,1.2569,1.26051,2.77,0.589,1.25687,1.25959,1.25651,1,0.028,0.381,0.3127,1.25794,1.25752,1.26024,1.25264,1,0.0,0.65,2,1.25687,0.699,0.223,0,0.0,0.0,0.0,1.28087,10.333,0,0,0,1.0,0.755,0.1422,0.755,0.394,2,0.546,3,0.527,1.2571,1.25781,0.21,0.096,0.0,2,0.25,0,0.546,0.122,0.313,0.391,0.286,0,1.25687,8,0.74,0.579,0.282,0.226,0.088,0.854,0.775,1.26883,1.25899,1.26888,279890.2932,-21236.7333,1,1.26856,0.427,1.25067,0.377,0.0,0.0,0,0.558,1,2,2018,0.761,0.552,0.367,27.0,27.0,0.1165,231.7,0.0,1,1,0.807,1.23714,0,0,0.0,1.25691,1,8.942,0.038,0.962,0.0,1.0,1.0,0.99,0.0,0.5,0.0,0.727,0.545,0.5,0.485,0.0,0.215,0.0,0,0,0.258,0.766,0.0,1.0,0.0,0.359,0.452,0.0,0.464,0.462,0.0,1.0,0.811
8402,2021.09.30 19:00:40,GBPCHFm,MEAN_REVERSION,BUY,3,1.25686,1.25496,1.25856,0.9,0.563,1.25685,1.25829,1.25656,1,0.19,0.028,-0.1097,1.25794,1.25752,1.26024,1.25264,1,0.0,0.45,2,1.25685,0.689,0.507,0,0.0,0.0,1.25793,1.28087,10.33,0,0,0,1.0,0.8424,0.0347,0.842,0.397,2,0.604,1,0.164,1.25714,1.25647,0.231,0.052,0.0,2,0.15,0,0.604,0.586,1.5,0.39,0.324,0,1.25829,4,0.6,0.537,0.241,0.253,0.053,0.85,0.944,1.26883,1.25899,1.26888,279890.2932,-21236.7333,1,1.26856,0.427,1.25067,0.377,0.0,0.0,0,0.558,1,2,2019,0.761,0.552,0.367,27.0,27.0,0.114,236.9,0.0,1,1,0.807,1.23714,0,0,0.0,1.25691,1,8.323,0.038,0.962,0.0,1.0,1.0,0.06,0.0,0.5,0.0,0.545,0.24,0.5,0.493,0.0,0.326,0.0,0,0,0.434,0.71,0.0,0.968,0.0,0.269,0.445,0.0,0.493,0.462,0.0,1.0,0.715
8404,2021.09.30 20:45:40,GBPCHFm,SWEEP_REVERSAL,BUY,3,1.25525,1.25282,1.25726,0.83,0.229,1.25699,1.25736,1.25661,0,0.587,0.031,-0.8266,1.25794,1.25752,1.26024,1.25264,1,0.0,0.25,4,1.25699,0.656,0.553,0,0.0,0.0,1.25703,1.28087,10.559,0,0,0,0.675,-0.685,-0.0854,0.685,0.022,0,0.837,0,0.644,1.25691,1.25564,0.796,0.27,0.0,2,0.15,0,0.837,0.369,0.827,0.447,0.405,1,1.25699,8,0.731,0.0,0.353,0.206,0.331,0.76,0.98,1.26883,1.25899,1.26888,305127.3148,25237.0216,2,1.26856,0.387,1.25067,0.381,0.0,0.0,0,0.342,1,2,2020,0.75,0.555,0.363,27.0,27.0,0.1113,242.6,0.0,1,1,0.807,1.23714,0,0,0.0,1.25691,1,7.466,0.0,1.0,0.0,0.0,1.0,0.0,0.0,0.5,0.0,1.0,0.367,0.5,0.56,0.0,0.339,0.0,0,0,0.383,0.486,0.0,1.0,0.0,0.193,0.246,0.0,0.521,0.462,0.0,1.0,0.863
8406,2021.09.30 21:01:00,GBPCHFm,MEAN_REVERSION,BUY,3,1.25598,1.2541,1.25851,1.34,0.614,1.25696,1.25806,1.25646,0,1.059,0.042,-1.0757,1.25784,1.25752,1.26024,1.25264,1,0.0,0.4,0,1.25696,0.727,0.703,0,0.0,0.0,1.25512,1.28087,11.297,0,0,0,0.75,-0.72,-0.105,0.72,0.022,0,0.706,2,0.129,1.25696,1.25457,1.076,0.059,0.0,2,0.15,0,0.706,0.481,1.076,0.447,0.323,0,1.25696,8,0.745,0.0,0.354,0.216,0.053,0.774,0.964,1.26883,1.25899,1.26888,305127.3148,25237.0216,2,1.26856,0.387,1.25067,0.381,0.0,0.0,0,0.342,1,2,2021,0.75,0.555,0.363,155.0,38.8,0.6582,235.5,0.0,1,1,0.807,1.23714,0,0,0.0,1.25691,1,8.0,0.0,1.0,0.0,0.0,1.0,0.04,0.0,0.5,0.0,0.476,0.24,0.5,0.704,0.0,0.43,0.0,0,0,0.539,0.426,0.0,0.974,0.0,0.279,0.193,0.0,0.486,0.462,0.0,1.0,0.818
8408,2021.09.30 22:46:00,GBPCHFm,SWEEP_REVERSAL,BUY,1,1.25689,1.2546,1.25873,0.8,0.127,1.25704,1.25826,1.25554,0,0.389,0.204,-0.8002,1.25767,1.25752,1.26024,1.25264,1,0.0,0.5,0,1.25704,0.8,0.304,0,0.0,0.0,1.25435,1.28087,11.609,0,0,0,0.825,-0.755,-0.1658,0.755,0.335,0,0.725,3,0.341,1.25513,1.25459,0.03,0.267,0.0,2,0.15,0,0.725,0.32,0.8,0.4,0.276,0,1.25704,8,0.76,0.941,0.259,0.226,0.053,0.3,0.487,1.26883,1.25899,1.26888,305127.3148,25237.0216,2,1.26856,0.387,1.25067,0.381,0.0,0.0,0,0.342,1,2,2022,0.75,0.555,0.363,169.0,174.0,0.7366,229.4,0.0,1,1,0.807,1.23714,0,0,0.0,1.25358,1,8.608,0.0,1.0,0.0,0.0,1.0,0.89,0.0,0.5,0.0,1.0,0.619,0.5,0.569,0.0,0.269,0.0,0,0,0.349,0.575,0.0,1.0,0.0,0.452,0.567,0.0,0.479,0.462,0.0,1.0,0.883
8410,2021.09.30 23:00:00,GBPCHFm,ANCHORED_PULLBACK,BUY,1,1.25633,1.25582,1.25739,2.05,0.27,1.25708,1.25719,1.25501,1,0.259,1.098,-0.4527,1.25767,1.25752,1.26024,1.25264,1,0.0,0.5,2,1.25708,0.8,0.528,0,0.0,0.0,1.25487,1.28087,11.004,0,0,0,0.9,-0.79,-0.2187,0.79,0.297,2,0.536,3,0.351,1.25686,1.25337,0.356,1.195,0.0,2,0.0,0,0.536,0.484,1.195,0.405,0.322,0,1.25708,8,0.76,0.288,0.211,0.237,0.0,0.704,0.767,1.26883,1.25899,1.26888,305127.3148,25237.0216,2,1.26856,0.387,1.25067,0.381,0.0,0.0,0,0.342,1,2,2023,0.75,0.555,0.363,27.0,165.7,0.1197,225.5,0.0,1,1,0.807,1.23714,0,0,0.0,1.25358,1,8.51,0.0,1.0,0.0,0.0,1.0,0.98,0.0,0.5,0.0,1.0,0.707,0.5,0.549,0.0,0.234,0.0,0,0,0.382,0.627,0.0,0.88,0.0,0.391,0.461,0.0,0.491,0.462,0.0,1.0,0.883
