ticket,timestamp,symbol,setupType,direction,session,entryPrice,SL,TP,RR,thesis,vpPOC,vpVAH,vpVAL,vpInsideVA,vpDistToHVN,vpDistToLVN,vpPriceVsPOC,vpDailyPOC,vpCompPOC,vpCompVAH,vpCompVAL,vpCompInsideVA,vpDistCompPOC,vpThinnessRatio,vpProfileShape,vpBestHVN,vpBestHVNScore,vpVAOverlapRatio,vpVAOverlapBias,vpRangePOC,vpBreakoutPOC,vpPullbackPOC,vpNearestNakedPOC,vpDistNakedPOC_ATR,vpUpthrust,vpSpring,vpCompPosition,vpMigrationConf,vpDevPOCDir,vpDevPOCSlope,vpMigrationScore,auctAcceptance,auctState,auctBalance,auctProfileShape,auctShapeConf,auctMajorHVN,auctMajorLVN,auctDistHVN,auctDistLVN,auctVAExpRate,auctVAState,auctFailure,auctRegime,auctRegimeConf,auctExpReward,auctExpMoveATR,auctTargetProb,auctTradeQuality,auctTradeGrade,auctTargetPrice,auctTargetType,auctTargetConf,auctProfitZone,auctExhaustion,auctContinuation,auctReversalRisk,auctHVNStrength,auctLVNStrength,vpLTPOC60d,vpLTPOC30d,vpLTPOC10d,vpLTPOCVelocity,vpLTPOCAcceleration,vpLTPOCMigration,vpLTMajorHVNPrice,vpLTMajorHVNStrength,vpLTMajorLVNPrice,vpLTMajorLVNStrength,vpLTNearestZonePrice,vpLTNearestZoneStrength,vpLTNearestZoneDir,vpLTAcceptanceAtPrice,vpLTValid,profilerArchetype,profilerSamples,profilerMigMean,profilerBalMean,profilerTQMean,spreadPoints,avgSpread,spreadToATR,atrProxy,dataQuality,bosConfirmed,bosBullish,bosScore,bosLevel,chochConfirmed,chochBullish,chochScore,chochLevel,trendDirection,structDistATR,ltTransitionScore,ltBalanceStability,ltTrendDuration,ltTrendExhaustion,structureBias,msSpreadScore,msTickVelocity,msTickImbalance,msLiqVacuum,msCompression,ofDeltaProxy,ofCvdProxy,ofAbsorption,ofExhaustion,ofParticipation,ofDivergence,ofBullDiv,ofBearDiv,ofFlowIntensity,liqDensity,liqSweep,liqStopCluster,liqEqualHL,liqSessionLiq,liqPremDisc,smOrderBlock,smFVG,smMitigation,smBreakerBlock,smRejectionBlock,smZoneQuality
0,2026.05.01 10:20:30,NFLXm,MEAN_REVERSION,BUY,2,94.1,93.63,94.49,0.83,0.57,93.86125,94.02,93.0675,0,0.015,0.2,-1.7606,91.80625,92.2025,93.44,91.415,1,0.01,0.75,2,93.86125,0.707,0.111,0,0.0,0.0,0.0,93.211,0.526,0,0,0,0.9,0.79,0.4161,0.79,0.302,2,0.541,3,0.69,92.9405,92.78175,0.204,0.065,0.0,2,0.15,0,0.621,0.713,1.761,0.405,0.416,1,93.211,6,0.65,0.593,0.27,0.237,0.053,0.909,0.932,94.11737,92.32684,98.58125,528.4352,524.5758,2,94.11737,0.691,104.26368,0.329,94.11737,0.921,1,0.816,1,0,12546,0.71,0.573,0.407,128.0,49.7,2.1643,59.1,0.0,1,1,0.78,50.1,1,1,0.78,18.0,0,74.396,0.047,0.953,0.0,0.0,0.5,0.0,0.0,0.5,0.0,0.969,0.558,0.5,0.57,0.0,0.378,0.0,0,0,0.357,0.502,0.0,0.661,0.213,0.013,0.428,0.0,0.591,0.421,0.0,1.0,0.957
0,2026.05.01 11:00:30,NFLXm,ANCHORED_PULLBACK,BUY,2,94.21,93.12,95.21,0.92,0.516,93.81,93.96,93.18,0,0.488,0.802,-1.5342,91.80625,92.2025,93.44,91.415,1,0.013,0.65,2,93.81,0.789,0.714,0,0.0,0.0,92.91,93.211,0.49,0,0,0,0.975,0.65,0.5067,0.65,0.876,2,0.549,3,0.638,93.21,93.03,0.488,0.174,-0.3007,1,0.25,0,0.629,0.489,1.534,0.319,0.357,1,93.211,6,0.65,0.024,0.437,0.195,0.088,0.799,0.76,94.11737,92.32684,98.58125,528.4352,524.5758,2,94.11737,0.691,104.26368,0.329,94.11737,0.921,1,0.816,1,0,12547,0.71,0.573,0.407,128.0,128.0,2.2316,57.4,0.0,1,1,0.78,50.1,1,1,0.78,18.0,0,76.904,0.047,0.953,0.0,0.0,0.5,0.77,0.0,0.5,0.0,1.0,0.423,0.5,0.594,0.0,0.219,0.0,0,0,0.312,0.789,0.0,0.609,0.133,0.0,0.573,0.0,0.632,0.41,0.0,1.0,1.031
0,2026.05.01 11:23:40,NFLXm,TREND_CONTINUATION,BUY,2,94.33,93.64,95.09,1.1,0.523,93.81,93.96,93.18,0,0.488,0.802,-1.325,91.80625,92.2025,93.44,91.415,1,0.015,0.65,2,93.81,0.789,0.714,0,0.0,0.0,92.91,93.211,0.49,0,0,0,0.975,0.65,0.5067,0.65,0.242,2,0.603,3,0.638,93.21,93.03,0.279,0.035,0.0,2,0.25,0,0.683,0.548,1.325,0.414,0.377,1,93.81,8,0.758,0.442,0.328,0.195,0.198,0.799,0.76,94.11737,92.32684,98.58125,528.4352,524.5758,2,94.11737,0.691,104.26368,0.329,94.11737,0.921,1,0.816,1,0,12547,0.71,0.573,0.407,128.0,128.0,2.2316,57.4,0.0,1,1,0.78,50.1,1,1,0.78,18.0,0,77.113,0.047,0.953,0.0,0.0,0.5,0.99,0.0,0.5,0.0,1.0,0.435,0.5,0.55,0.0,0.155,0.0,0,0,0.266,0.664,0.0,0.682,0.133,0.101,0.574,0.0,0.591,0.41,0.0,1.0,1.039
0,2026.05.01 11:23:59,NFLXm,SWEEP_REVERSAL,BUY,2,94.33,93.76,95.09,1.33,0.219,93.81,93.96,93.18,0,0.488,0.802,-1.325,91.80625,92.2025,93.44,91.415,1,0.015,0.65,2,93.81,0.789,0.714,0,0.0,0.0,92.91,93.211,0.49,0,0,0,0.975,0.65,0.5067,0.65,0.242,2,0.603,3,0.638,93.21,93.03,0.279,0.035,0.0,2,0.25,0,0.683,0.548,1.325,0.414,0.377,1,93.81,8,0.758,0.442,0.328,0.195,0.198,0.799,0.76,94.11737,92.32684,98.58125,528.4352,524.5758,2,94.11737,0.691,104.26368,0.329,94.11737,0.921,1,0.816,1,0,12547,0.71,0.573,0.407,128.0,128.0,2.2316,57.4,0.0,1,1,0.78,50.1,1,1,0.78,18.0,0,77.113,0.047,0.953,0.0,0.0,0.5,0.98,0.0,0.5,0.0,1.0,0.447,0.5,0.55,0.0,0.155,0.0,0,0,0.259,0.664,0.0,0.682,0.133,0.101,0.574,0.0,0.591,0.41,0.0,1.0,1.039
0,2026.05.01 11:38:00,NFLXm,PULLBACK,BUY,2,94.37,94.13,95.09,3.03,0.444,93.81,93.96,93.18,0,0.488,0.802,-1.2553,91.80625,92.2025,93.44,91.415,1,0.015,0.65,2,93.81,0.789,0.714,0,0.0,0.0,92.91,93.211,0.49,0,0,0,0.975,0.65,0.5067,0.65,0.294,2,0.603,3,0.638,93.21,93.03,0.209,0.105,0.0,2,0.25,0,0.683,0.51,1.255,0.406,0.372,1,93.81,8,0.758,0.582,0.312,0.195,0.198,0.799,0.76,94.11737,92.32684,98.58125,528.4352,524.5758,2,94.11737,0.691,104.26368,0.329,94.11737,0.921,1,0.816,1,0,12547,0.71,0.573,0.407,128.0,128.0,2.2316,57.4,0.0,1,1,0.78,50.1,1,1,0.78,18.0,0,77.183,0.047,0.953,0.0,0.0,0.5,0.99,0.0,0.5,0.0,0.722,0.717,0.5,0.539,0.0,0.135,0.0,0,0,0.346,0.675,0.0,0.455,0.133,0.189,0.574,0.0,0.591,0.41,0.0,1.0,1.039
0,2026.05.01 12:14:20,NFLXm,BREAKOUT_RETEST,BUY,2,94.61,94.44,95.09,2.8,0.577,93.8065,94.02,93.288,1,0.207,0.223,-0.8391,91.80625,92.2025,93.44,91.415,1,0.02,0.6,2,93.8065,0.769,0.787,0,0.0,0.0,0.0,93.211,0.125,0,0,0,1.0,0.86,0.5457,0.86,0.43,2,0.616,3,0.608,93.2575,93.4405,0.128,0.195,0.0,2,0.15,0,0.696,0.323,0.839,0.385,0.331,0,93.8065,8,0.754,0.745,0.231,0.258,0.166,0.524,0.905,94.03644,98.64932,98.58125,-5.9046,-534.3398,-2,94.03644,0.708,104.41542,0.322,94.03644,0.945,1,0.802,1,0,12548,0.71,0.573,0.407,128.0,128.0,2.2541,56.8,0.0,1,1,0.78,50.1,1,1,0.78,18.0,0,78.382,0.048,0.952,0.8,0.0,0.5,0.99,0.0,0.5,0.0,0.639,0.506,0.5,0.546,0.0,0.129,0.0,0,0,0.219,0.552,0.0,0.387,0.143,0.31,0.474,0.0,0.587,0.41,0.0,1.0,0.875
0,2026.05.01 12:18:30,NFLXm,BREAKOUT,BUY,2,94.67,93.82,96.09,1.67,0.382,93.8065,94.02,93.288,1,0.207,0.223,-0.7335,91.80625,92.2025,93.44,91.415,1,0.021,0.6,2,93.8065,0.769,0.787,0,0.0,0.0,0.0,93.211,0.125,0,0,0,1.0,0.86,0.5457,0.86,0.242,2,0.616,3,0.608,93.2575,93.4405,0.233,0.089,0.0,2,0.15,0,0.696,0.303,0.733,0.414,0.329,0,93.211,6,0.65,0.533,0.287,0.258,0.166,0.524,0.905,94.03644,98.64932,98.58125,-5.9046,-534.3398,-2,94.03644,0.708,104.41542,0.322,94.03644,0.945,1,0.802,1,0,12548,0.71,0.573,0.407,128.0,128.0,2.2541,56.8,0.0,1,1,0.78,50.1,1,1,0.78,18.0,0,78.488,0.048,0.952,0.8,0.0,0.5,0.99,0.0,0.5,0.0,0.493,0.506,0.5,0.572,0.0,0.163,0.0,0,0,0.24,0.516,0.0,0.387,0.143,0.342,0.489,0.0,0.587,0.41,0.0,1.0,0.875
0,2026.05.01 12:20:40,NFLXm,MEAN_REVERSION,BUY,2,94.61,94.16,95.09,1.05,0.568,93.8065,94.02,93.288,1,0.207,0.223,-0.8391,91.80625,92.2025,93.44,91.415,1,0.02,0.6,2,93.8065,0.769,0.787,0,0.0,0.0,0.0,93.211,0.125,0,0,0,1.0,0.86,0.5457,0.86,0.43,2,0.616,3,0.608,93.2575,93.4405,0.128,0.195,0.0,2,0.15,0,0.696,0.323,0.839,0.385,0.331,0,93.8065,8,0.754,0.745,0.231,0.258,0.166,0.524,0.905,94.03644,98.64932,98.58125,-5.9046,-534.3398,-2,94.03644,0.708,104.41542,0.322,94.03644,0.945,1,0.802,1,0,12548,0.71,0.573,0.407,128.0,128.0,2.2541,56.8,0.0,1,1,0.78,50.1,1,1,0.78,18.0,0,78.382,0.048,0.952,0.8,0.0,0.5,0.72,0.0,0.5,0.0,0.429,0.395,0.5,0.584,0.0,0.246,0.0,0,0,0.337,0.552,0.0,0.387,0.143,0.394,0.474,0.0,0.587,0.41,0.0,1.0,0.875
0,2026.05.01 13:25:40,NFLXm,TREND_CONTINUATION,BUY,4,95.01,94.32,96.44,2.08,0.544,93.8065,94.02,93.532,1,0.616,0.234,-0.1334,91.80625,92.2025,93.44,91.415,0,0.027,0.4,2,93.8065,0.8,0.0,2,0.0,0.0,0.0,105.84025,21.916,0,0,0,1.0,0.72,0.331,0.72,0.722,0,0.754,3,0.782,93.8065,93.166,0.133,0.983,0.0,2,0.4,0,0.834,0.336,0.983,0.342,0.394,1,93.532,5,0.6,0.733,0.244,0.216,0.253,0.866,0.663,94.03644,98.64932,98.58125,-5.9046,-534.3398,-2,94.03644,0.708,104.41542,0.322,94.03644,0.945,1,0.802,1,0,12549,0.71,0.573,0.407,128.0,128.0,2.2316,57.4,0.0,1,1,0.78,50.1,1,1,0.78,18.0,0,78.299,0.048,0.952,0.8,0.0,0.5,0.99,0.0,0.5,0.0,0.596,0.639,0.5,0.559,0.0,0.785,0.0,0,0,0.565,0.631,0.0,0.495,0.143,0.472,0.65,0.0,0.609,0.41,0.0,1.0,0.83
0,2026.05.01 13:38:00,NFLXm,PULLBACK,BUY,4,94.73,94.33,96.45,4.29,0.475,93.8065,94.02,93.532,0,0.616,0.234,0.5989,91.80625,92.2025,93.44,91.415,0,0.034,0.4,2,93.8065,0.8,0.0,2,0.0,0.0,0.0,105.84025,21.916,0,0,0,1.0,0.72,0.331,0.72,0.183,0,0.754,3,0.782,93.8065,93.166,0.599,1.716,0.0,2,0.4,0,0.834,0.725,1.716,0.423,0.439,1,93.8065,8,0.76,0.0,0.405,0.216,0.253,0.866,0.663,94.03644,98.64932,98.58125,-5.9046,-534.3398,-2,94.03644,0.708,104.41542,0.322,94.03644,0.945,1,0.802,1,0,12549,0.71,0.573,0.407,58.0,106.1,1.0112,57.4,0.0,1,1,0.78,50.1,1,1,0.78,18.0,0,77.811,0.048,0.952,0.8,0.0,0.5,0.97,0.0,0.5,0.0,0.448,0.623,0.5,0.763,0.0,1.0,0.0,0,0,0.703,0.375,0.0,0.25,0.143,0.427,0.872,0.0,0.579,0.41,0.0,1.0,0.953
0,2026.05.01 14:18:40,NFLXm,BREAKOUT_RETEST,BUY,4,93.99,93.8,94.2,1.1,0.5,93.815,94.13,93.57,1,0.089,0.766,-0.3306,91.88275,91.9775,93.665,91.64,1,0.026,0.4,0,93.815,0.649,0.0,1,0.0,0.0,93.775,105.84025,19.597,0,0,1,0.8,0.93,0.2468,0.93,0.179,0,0.707,2,0.37,93.85,93.535,0.387,0.121,0.0,2,0.0,4,0.612,0.203,0.387,0.523,0.322,0,93.815,8,0.73,0.226,0.246,0.279,0.113,0.79,0.778,94.03644,98.64932,98.58125,-5.9046,-534.3398,-2,94.03644,0.708,104.41542,0.322,94.03644,0.945,1,0.802,1,0,12550,0.724,0.567,0.407,38.0,38.0,0.6129,62.0,0.0,1,1,0.78,50.1,1,1,0.78,18.0,1,70.79,0.048,0.952,0.8,0.0,1.0,0.57,0.0,0.5,0.0,0.381,0.612,0.5,0.632,0.0,0.695,0.0,0,0,0.535,0.777,0.0,0.66,0.095,0.477,0.437,0.0,0.52,0.41,0.0,1.0,0.936
39494,2026.05.01 14:23:40,NFLXm,MEAN_REVERSION,BUY,4,94.06,93.56,94.51,0.91,0.614,93.815,94.13,93.57,1,0.089,0.766,-0.2177,91.88275,91.9775,93.665,91.64,0,0.027,0.4,0,93.815,0.649,0.0,1,0.0,0.0,93.775,105.84025,19.597,0,0,1,0.8,0.93,0.2468,0.93,0.44,0,0.707,2,0.37,93.85,93.535,0.274,0.234,0.0,2,0.0,4,0.612,0.726,1.5,0.484,0.383,1,94.13,4,0.6,0.452,0.168,0.279,0.113,0.79,0.778,94.03644,98.64932,98.58125,-5.9046,-534.3398,-2,94.03644,0.708,104.41542,0.322,94.03644,0.945,1,0.802,1,0,12550,0.724,0.567,0.407,38.0,38.0,0.6129,62.0,0.0,1,1,0.78,50.1,1,1,0.78,18.0,1,70.903,0.048,0.952,0.8,0.0,1.0,0.9,0.0,0.5,0.0,0.425,0.579,0.5,0.664,0.0,0.837,0.0,0,0,0.581,0.797,0.0,0.713,0.095,0.516,0.462,0.0,0.509,0.41,0.0,1.0,1.0
39496,2026.05.01 14:31:40,NFLXm,BREAKOUT,BUY,4,94.33,93.4,95.88,1.67,0.319,93.815,94.13,93.57,1,0.089,0.766,0.2177,91.88275,91.9775,93.665,91.64,0,0.032,0.4,0,93.815,0.649,0.0,1,0.0,0.0,93.775,105.84025,19.597,0,0,1,0.8,0.93,0.2468,0.93,0.586,0,0.707,2,0.37,93.85,94.165,0.161,0.347,0.0,2,0.0,4,0.612,0.16,0.347,0.462,0.317,0,93.57,5,0.6,0.677,0.124,0.279,0.113,0.79,0.956,94.03644,98.64932,98.58125,-5.9046,-534.3398,-2,94.03644,0.708,104.41542,0.322,94.03644,0.945,1,0.802,1,0,12550,0.724,0.567,0.407,38.0,38.0,0.6129,62.0,0.0,1,1,0.78,50.1,1,1,0.78,18.0,1,71.339,0.048,0.952,0.8,0.0,1.0,0.99,0.0,0.5,0.0,0.472,0.552,0.5,0.559,0.0,0.823,0.0,0,0,0.529,0.686,0.0,0.494,0.095,0.48,0.65,0.0,0.509,0.41,0.0,1.0,1.0
39498,2026.05.01 16:06:40,NFLXm,PULLBACK,BUY,4,94.15,93.18,96.09,2.0,0.562,93.88375,94.085,93.5675,1,0.006,0.707,-0.1762,91.88275,91.9775,93.665,91.415,0,0.028,0.45,0,93.88375,0.763,0.674,0,0.0,0.0,93.92375,105.84025,18.879,0,0,0,0.8,1.0,0.1427,1.0,0.655,0,0.678,2,0.013,93.65375,94.17125,0.18,0.621,0.0,2,0.0,0,0.758,0.219,0.621,0.352,0.327,0,93.5675,5,0.6,0.64,0.104,0.3,0.112,0.882,0.878,93.78293,98.47534,98.58125,9.0462,14.9508,2,93.78293,0.698,104.34086,0.321,93.78293,0.931,1,0.948,1,0,12552,0.724,0.567,0.407,38.0,38.0,0.5885,64.6,0.0,1,1,0.78,50.1,1,1,0.78,18.0,1,68.219,0.051,0.949,0.5,0.0,1.0,0.96,0.0,0.5,0.0,0.941,0.311,0.5,0.531,0.0,0.236,0.0,0,0,0.367,0.883,0.0,0.588,0.133,0.404,0.461,0.0,0.591,0.41,0.0,1.0,1.076
39500,2026.05.01 16:23:40,NFLXm,MEAN_REVERSION,BUY,4,93.6,93.08,94.26,1.28,0.587,93.88375,94.085,93.5675,0,0.006,0.707,-1.0279,91.88275,91.9775,93.665,91.415,1,0.019,0.45,0,93.88375,0.763,0.674,0,0.0,0.0,93.92375,105.84025,18.879,0,0,0,0.8,1.0,0.1427,1.0,0.201,0,0.678,2,0.013,93.65375,93.13625,0.672,0.13,0.0,2,0.0,0,0.758,0.432,1.028,0.42,0.352,1,93.88375,8,0.753,0.0,0.24,0.3,0.112,0.882,0.83,93.78293,98.47534,98.58125,9.0462,14.9508,2,93.78293,0.698,104.34086,0.321,93.78293,0.931,1,0.948,1,0,12552,0.724,0.567,0.407,38.0,38.0,0.5885,64.6,0.0,1,1,0.78,50.1,1,1,0.78,18.0,1,67.367,0.051,0.949,0.5,0.0,1.0,0.0,0.0,0.5,0.0,0.732,0.381,0.5,0.529,0.0,0.192,0.0,0,0,0.307,0.695,0.0,0.352,0.095,0.32,0.431,0.0,0.582,0.41,0.0,1.0,1.041
39502,2026.05.01 16:27:40,NFLXm,TREND_CONTINUATION,BUY,4,93.48,92.71,94.26,1.01,0.494,93.88375,94.085,93.5675,0,0.006,0.707,-1.2138,91.88275,91.9775,93.665,91.415,1,0.017,0.45,0,93.88375,0.763,0.674,0,0.0,0.0,93.92375,105.84025,18.879,0,0,0,0.8,1.0,0.1427,1.0,0.078,0,0.678,2,0.013,93.65375,93.13625,0.858,0.056,0.0,2,0.0,0,0.758,0.532,1.214,0.438,0.363,1,93.88375,8,0.753,0.0,0.277,0.3,0.112,0.882,0.83,93.78293,98.47534,98.58125,9.0462,14.9508,2,93.78293,0.698,104.34086,0.321,93.78293,0.931,1,0.948,1,0,12552,0.724,0.567,0.407,38.0,38.0,0.5885,64.6,0.0,1,1,0.78,50.1,1,1,0.78,18.0,1,67.181,0.051,0.949,0.5,0.0,1.0,0.0,0.0,0.5,0.0,0.7,0.302,0.5,0.526,0.0,0.207,0.0,0,0,0.36,0.668,0.0,0.44,0.095,0.326,0.402,0.0,0.574,0.41,0.0,1.0,1.041
39504,2026.05.01 16:48:40,NFLXm,BREAKOUT,BUY,4,93.24,92.27,94.26,1.06,0.436,93.88375,94.085,93.5675,0,0.006,0.707,-1.5855,91.88275,91.9775,93.665,91.415,1,0.014,0.45,0,93.88375,0.763,0.674,0,0.0,0.0,93.92375,105.84025,18.879,0,0,0,0.8,1.0,0.1427,1.0,0.078,0,0.678,2,0.013,93.65375,93.13625,1.229,0.428,0.0,2,0.0,0,0.758,0.695,1.585,0.438,0.382,1,93.88375,8,0.753,0.0,0.277,0.3,0.112,0.882,0.83,93.78293,98.47534,98.58125,9.0462,14.9508,2,93.78293,0.698,104.34086,0.321,93.78293,0.931,1,0.948,1,0,12552,0.724,0.567,0.407,38.0,38.0,0.5885,64.6,0.0,1,1,0.78,50.1,1,1,0.78,18.0,1,66.81,0.051,0.949,0.5,0.0,1.0,0.0,0.0,0.5,0.0,0.579,0.423,0.5,0.534,0.0,0.234,0.0,0,0,0.3,0.668,0.0,0.88,0.095,0.381,0.337,0.0,0.584,0.41,0.0,1.0,1.041
39506,2026.05.01 17:49:40,NFLXm,SWEEP_REVERSAL,BUY,3,92.85,92.16,94.0,1.66,0.184,93.622,94.132,93.588,0,1.069,0.089,-1.6593,91.88275,91.9775,93.665,91.415,1,0.007,0.4,0,93.894,0.695,0.491,0,0.0,0.0,93.1025,105.84025,18.667,0,0,0,1.0,1.0,0.1046,1.0,0.213,2,0.516,3,0.35,93.656,92.908,1.708,0.631,0.0,2,0.15,0,0.596,0.858,2.051,0.418,0.392,1,93.622,1,0.7,0.0,0.296,0.3,0.164,0.974,0.806,93.78293,98.47534,98.58125,9.0462,14.9508,2,93.78293,0.698,104.34086,0.321,93.78293,0.931,1,0.948,1,0,12553,0.724,0.567,0.407,38.0,38.0,0.5473,69.4,0.0,1,1,0.78,50.1,1,1,0.78,18.0,1,61.574,0.051,0.949,0.5,0.0,1.0,0.55,0.0,0.5,0.0,0.87,0.35,0.5,0.497,0.0,0.367,0.0,0,0,0.386,0.336,0.0,1.0,0.143,0.462,0.32,0.0,0.583,0.41,0.0,1.0,0.893
39508,2026.05.01 18:23:40,NFLXm,MEAN_REVERSION,BUY,3,92.71,92.26,93.99,2.83,0.658,93.61175,94.2,93.114,0,2.142,0.382,-2.2657,92.89025,91.9775,93.665,91.415,1,0.006,0.6,0,93.61175,0.8,0.0,2,0.0,0.0,0.0,105.84025,23.758,0,0,0,0.675,-0.6848,-0.05,0.685,0.711,0,0.682,3,0.658,93.61175,92.61625,2.266,0.506,0.0,2,0.0,0,0.762,0.778,2.266,0.343,0.489,1,93.61175,8,0.76,0.0,0.087,0.205,0.0,1.0,0.738,93.78293,98.47534,98.58125,9.0462,14.9508,2,93.78293,0.698,104.34086,0.321,93.78293,0.931,1,0.948,1,0,12554,0.724,0.567,0.407,38.0,38.0,0.6717,56.6,0.0,1,1,0.78,50.1,1,1,0.78,18.0,1,75.321,0.051,0.949,0.5,0.0,1.0,0.49,0.0,0.5,0.0,0.496,0.474,0.5,0.509,0.0,0.382,0.0,0,0,0.321,0.494,0.0,0.99,0.143,0.984,0.399,0.0,0.613,0.41,0.0,1.0,0.765
0,2026.05.04 10:03:00,NFLXm,MEAN_REVERSION,BUY,2,92.34,91.92,92.76,0.99,0.503,91.95825,93.0935,91.8985,0,0.79,0.113,-0.7902,92.89025,91.9775,93.665,91.415,1,0.008,0.5,2,91.95825,0.74,0.274,0,0.0,0.0,0.0,92.4145,1.652,0,0,0,0.55,-0.755,-0.3425,0.755,0.01,2,0.436,3,0.482,92.018,91.71925,0.903,0.339,0.0,2,0.15,0,0.436,0.741,1.652,0.449,0.322,0,91.95825,8,0.748,0.0,0.357,0.226,0.053,0.709,0.974,94.11737,92.32684,98.58125,524.6358,515.5896,2,94.11737,0.691,104.26368,0.319,94.11737,0.921,1,0.547,1,0,12556,0.724,0.567,0.407,80.0,39.3,1.5115,52.9,0.0,1,1,0.78,50.1,1,1,0.78,18.0,1,79.806,0.047,0.953,0.0,0.0,1.0,0.0,0.0,0.5,0.0,0.503,0.302,0.5,0.496,0.0,0.406,0.0,0,0,0.43,0.271,0.0,0.663,0.1,0.268,0.28,0.0,0.56,0.41,0.0,1.0,0.711
0,2026.05.04 10:03:59,NFLXm,SWEEP_REVERSAL,BUY,2,92.2,91.67,92.76,1.05,0.142,91.95825,93.0935,91.8985,0,0.79,0.113,-1.0547,92.89025,91.9775,93.665,91.415,0,0.011,0.5,2,91.95825,0.74,0.274,0,0.0,0.0,0.0,92.4145,1.652,0,0,0,0.55,-0.755,-0.3425,0.755,0.01,2,0.436,3,0.482,92.018,91.71925,1.168,0.603,0.0,2,0.15,0,0.436,0.86,1.917,0.449,0.336,0,91.95825,8,0.748,0.0,0.357,0.226,0.053,0.709,0.974,94.11737,92.32684,98.58125,524.6358,515.5896,2,94.11737,0.691,104.26368,0.319,94.11737,0.921,1,0.547,1,0,12556,0.724,0.567,0.407,80.0,41.4,1.5115,52.9,0.0,1,1,0.78,50.1,1,1,0.78,18.0,1,79.541,0.047,0.953,0.0,0.0,1.0,0.0,0.0,0.5,0.0,0.503,0.293,0.5,0.496,0.0,0.439,0.0,0,0,0.448,0.196,0.0,0.656,0.1,0.29,0.189,0.0,0.584,0.41,0.0,1.0,0.667
0,2026.05.04 12:05:30,NFLXm,SWEEP_REVERSAL,BUY,2,92.55,92.04,93.27,1.4,0.09,91.99125,92.467,91.8615,0,0.131,0.374,-1.4024,92.89025,91.9775,93.665,91.415,0,0.014,0.35,0,91.99125,0.754,0.111,0,0.0,0.0,0.0,92.4145,2.206,0,0,-1,0.975,-0.825,-0.544,0.825,0.135,2,0.594,3,0.522,91.21275,91.64525,0.111,0.73,0.0,2,0.0,0,0.594,0.956,2.225,0.43,0.361,1,91.99125,8,0.751,0.777,0.26,0.247,0.0,0.286,0.986,94.03644,92.30661,98.58125,545.6209,20.9851,2,94.03644,0.717,104.41542,0.317,94.03644,0.956,1,0.46,1,0,12558,0.724,0.567,0.407,128.0,128.0,2.4889,51.4,0.0,1,1,0.78,50.1,1,1,0.78,18.0,1,82.542,0.048,0.952,0.0,0.0,1.0,0.73,0.0,0.5,0.0,1.0,0.402,0.5,0.578,0.0,0.1,0.0,0,0,0.272,0.586,0.0,0.796,0.1,0.545,0.171,0.0,0.607,0.41,0.0,1.0,0.731
0,2026.05.04 12:06:00,NFLXm,MEAN_REVERSION,BUY,2,92.52,92.11,93.27,1.83,0.566,91.99125,92.467,91.8615,0,0.131,0.374,-1.4608,92.89025,91.9775,93.665,91.415,0,0.014,0.35,0,91.99125,0.754,0.111,0,0.0,0.0,0.0,92.4145,2.206,0,0,-1,0.975,-0.825,-0.544,0.825,0.714,2,0.594,3,0.522,91.21275,91.64525,0.053,0.788,0.0,2,0.0,0,0.594,0.783,2.284,0.343,0.341,0,91.99125,8,0.751,0.894,0.086,0.247,0.0,0.286,0.986,94.03644,92.30661,98.58125,545.6209,20.9851,2,94.03644,0.717,104.41542,0.317,94.03644,0.956,1,0.46,1,0,12558,0.724,0.567,0.407,128.0,128.0,2.4889,51.4,0.0,1,1,0.78,50.1,1,1,0.78,18.0,1,82.483,0.048,0.952,0.0,0.0,1.0,0.55,0.0,0.5,0.0,1.0,0.398,0.5,0.578,0.0,0.102,0.0,0,0,0.276,0.723,0.0,0.556,0.1,0.545,0.247,0.0,0.637,0.41,0.0,1.0,0.775
39510,2026.05.04 13:35:59,NFLXm,NAKED_POC,BUY,4,92.31,91.58,93.04,1.01,0.501,92.0105,92.33,91.407,1,0.186,0.542,-0.575,92.89025,91.96325,93.6395,91.181,1,0.005,0.65,0,92.0105,0.772,0.106,0,0.0,0.0,0.0,92.4145,2.243,0,0,0,1.0,-0.685,-0.7074,0.685,0.0,2,0.628,3,1.0,92.0105,91.6555,0.575,0.153,0.0,2,0.25,0,0.628,0.631,1.403,0.45,0.406,1,92.0105,8,0.754,0.0,0.4,0.206,0.088,0.699,0.994,94.03644,92.30661,98.58125,545.6209,20.9851,2,94.03644,0.717,104.41542,0.317,94.03644,0.956,1,0.46,1,0,12559,0.724,0.567,0.407,58.0,90.2,1.1889,48.8,0.0,1,1,0.78,50.1,1,1,0.78,18.0,0,86.521,0.048,0.952,0.0,0.0,0.5,0.98,0.0,0.5,0.36,0.288,0.55,0.5,0.756,0.0,0.732,0.0,0,0,0.55,0.623,0.0,1.0,0.067,0.625,0.464,0.0,0.59,0.41,0.0,1.0,0.779
39512,2026.05.04 14:06:00,NFLXm,MEAN_REVERSION,BUY,4,91.37,90.96,91.77,0.97,0.662,91.38625,91.672,91.1005,0,0.155,0.465,-0.7726,92.89025,91.96325,93.6395,91.181,0,0.019,0.45,0,91.44975,0.8,0.0,1,0.0,0.0,91.46725,92.4145,2.407,0,0,-1,1.0,-0.72,-0.6598,0.72,0.188,0,0.763,1,0.017,91.25925,90.94175,0.525,0.094,0.0,2,0.25,0,0.763,1.172,2.778,0.422,0.404,1,91.38625,1,0.7,0.0,0.344,0.216,0.088,0.897,0.894,94.03644,92.30661,98.58125,545.6209,20.9851,2,94.03644,0.717,104.41542,0.317,94.03644,0.956,1,0.46,1,0,12560,0.728,0.563,0.407,38.0,38.0,0.7409,51.3,0.0,1,1,0.78,50.1,1,1,0.78,18.0,0,80.471,0.048,0.952,0.0,0.0,0.5,0.01,0.0,0.5,0.0,0.345,0.303,0.5,0.824,0.0,0.871,0.0,0,0,0.714,0.608,0.0,0.687,0.195,0.51,0.24,0.0,0.599,0.41,0.0,1.0,0.86
39514,2026.05.04 14:06:40,NFLXm,SWEEP_REVERSAL,BUY,4,91.32,90.81,91.77,0.87,0.2,91.38625,91.672,91.1005,0,0.155,0.465,-0.8701,92.89025,91.96325,93.6395,91.181,0,0.02,0.45,0,91.44975,0.8,0.0,1,0.0,0.0,91.46725,92.4145,2.407,0,0,-1,1.0,-0.72,-0.6598,0.72,0.097,0,0.763,1,0.017,91.25925,90.94175,0.622,0.003,0.0,2,0.25,0,0.763,1.252,2.875,0.435,0.414,1,91.38625,1,0.7,0.0,0.371,0.216,0.088,0.897,0.894,94.03644,92.30661,98.58125,545.6209,20.9851,2,94.03644,0.717,104.41542,0.317,94.03644,0.956,1,0.46,1,0,12560,0.728,0.563,0.407,38.0,38.0,0.7409,51.3,0.0,1,1,0.78,50.1,1,1,0.78,18.0,0,80.373,0.048,0.952,0.0,0.0,0.5,0.0,0.0,0.5,0.0,0.345,0.292,0.5,0.824,0.0,0.871,0.0,0,0,0.72,0.587,0.0,0.606,0.195,0.51,0.225,0.0,0.599,0.41,0.0,1.0,0.86
39516,2026.05.04 15:40:40,NFLXm,NAKED_POC,BUY,4,91.76,91.2,92.41,1.17,0.394,91.897,92.042,91.288,1,0.271,0.124,-0.8816,92.89025,91.96325,93.416,91.181,1,0.01,0.65,2,91.897,0.782,0.455,0,0.0,0.0,92.0655,92.4145,1.304,1,1,0,0.8,-0.755,-0.4891,0.755,0.677,2,0.588,0,0.691,91.375,91.085,0.009,0.503,0.0,2,0.7,6,0.7,0.35,1.764,0.198,0.283,0,91.897,8,0.756,0.983,0.577,0.226,0.683,0.684,0.862,94.03644,92.30661,98.58125,545.6209,20.9851,2,94.03644,0.717,104.41542,0.317,94.03644,0.956,1,0.46,1,0,12561,0.728,0.563,0.407,38.0,38.0,0.648,58.6,0.0,1,1,0.78,50.1,1,1,0.78,18.0,0,71.04,0.048,0.952,0.0,0.0,0.5,0.0,0.0,0.5,0.0,0.0,0.415,0.5,0.0,0.0,0.0,0.0,0,0,0.051,0.0,0.0,0.0,0.0,0.0,0.5,0.0,0.0,0.0,0.0,0.0,0.0
39518,2026.05.04 16:06:00,NFLXm,MEAN_REVERSION,BUY,4,91.72,91.24,92.25,1.09,0.648,91.491,91.868,91.23,1,0.022,0.556,-0.2505,92.89025,91.911,93.11,90.93,1,0.009,0.55,0,91.491,0.749,0.833,0,0.0,0.0,0.0,92.4145,1.65,0,0,0,0.8,-0.79,-0.313,0.79,0.747,0,0.708,0,0.836,91.52,91.027,0.299,0.519,0.0,2,0.0,0,0.708,0.602,1.782,0.338,0.452,1,91.868,4,0.6,0.403,0.076,0.237,0.167,0.8,0.874,94.11737,92.32684,91.96625,-30.3748,-575.9956,-2,94.11737,0.701,104.26368,0.319,94.11737,0.935,1,0.472,1,0,12562,0.728,0.563,0.407,38.0,38.0,0.6303,60.3,0.0,1,1,0.78,50.1,1,1,0.78,18.0,0,69.038,0.023,0.977,0.1,0.0,0.5,0.08,0.0,0.5,0.0,0.839,0.411,0.5,0.547,0.0,0.314,0.0,0,0,0.343,0.813,0.0,0.871,0.1,0.332,0.452,0.0,0.577,0.41,0.0,1.0,0.826
39520,2026.05.04 17:15:40,NFLXm,SWEEP_REVERSAL,BUY,3,91.39,90.79,91.87,0.81,0.196,91.491,91.694,91.114,0,0.33,0.156,-0.8055,91.32125,91.911,93.11,91.148,0,0.015,0.5,0,91.491,0.741,0.279,0,0.0,0.0,0.0,92.4145,2.168,0,0,-1,1.0,-1.0,-0.1477,1.0,0.126,2,0.644,0,0.572,91.346,90.998,0.563,0.02,0.0,2,0.15,0,0.644,1.014,2.352,0.431,0.437,1,91.491,8,0.748,0.0,0.322,0.3,0.167,0.872,0.917,94.11737,92.32684,91.96625,-30.3748,-575.9956,-2,94.11737,0.701,104.26368,0.319,94.11737,0.935,1,0.472,1,0,12563,0.728,0.563,0.407,38.0,38.0,0.6364,59.7,0.0,1,1,0.78,50.1,1,1,0.78,18.0,0,69.146,0.023,0.977,0.1,0.0,0.5,0.0,0.0,0.5,0.0,1.0,0.406,0.5,0.557,0.0,0.364,0.0,0,0,0.369,0.404,0.0,1.0,0.258,0.543,0.255,0.0,0.593,0.41,0.0,1.0,0.731
39522,2026.05.04 17:40:40,NFLXm,NAKED_POC,BUY,3,91.22,90.03,92.41,1.01,0.41,91.491,91.694,91.114,0,0.33,0.156,-1.0902,91.32125,91.911,93.11,91.148,0,0.018,0.5,0,91.491,0.741,0.279,0,0.0,0.0,0.0,92.4145,2.168,0,0,-1,1.0,-1.0,-0.1477,1.0,0.062,2,0.644,0,0.572,91.346,90.998,0.847,0.265,0.0,2,0.15,0,0.644,1.162,2.637,0.441,0.455,1,91.491,8,0.748,0.0,0.341,0.3,0.167,0.872,0.917,94.11737,92.32684,91.96625,-30.3748,-575.9956,-2,94.11737,0.701,104.26368,0.319,94.11737,0.935,1,0.472,1,0,12563,0.728,0.563,0.407,38.0,38.0,0.6364,59.7,0.0,1,1,0.78,50.1,1,1,0.78,18.0,0,68.861,0.023,0.977,0.1,0.0,0.5,0.0,0.0,0.5,0.0,1.0,0.386,0.5,0.536,0.0,0.314,0.0,0,0,0.355,0.389,0.0,0.713,0.258,0.506,0.211,0.0,0.595,0.41,0.0,1.0,0.731
39524,2026.05.04 18:11:40,NFLXm,MEAN_REVERSION,BUY,3,91.33,90.89,91.88,1.25,0.555,91.5015,91.659,90.966,0,0.361,0.209,-0.9988,93.612,91.911,93.11,91.148,0,0.017,0.55,0,91.5015,0.797,0.468,0,0.0,0.0,0.0,92.4145,2.471,0,0,-1,1.0,-1.0,-0.1285,1.0,0.351,2,0.559,0,0.517,91.281,90.903,0.599,0.085,0.0,2,0.15,0,0.559,1.054,2.652,0.397,0.405,1,91.5015,8,0.759,0.0,0.255,0.3,0.156,0.801,0.756,94.11737,92.32684,91.96625,-30.3748,-575.9956,-2,94.11737,0.701,104.26368,0.319,94.11737,0.935,1,0.472,1,0,12564,0.728,0.563,0.407,38.0,38.0,0.6882,55.2,0.0,1,1,0.78,50.1,1,1,0.78,18.0,-1,74.673,0.023,0.977,0.1,0.0,0.0,0.0,0.0,0.5,0.0,1.0,0.611,0.5,0.571,0.0,0.297,0.0,0,0,0.357,0.425,0.0,0.808,0.252,0.564,0.27,0.0,0.597,0.41,0.0,1.0,0.731
39526,2026.05.04 19:40:40,NFLXm,NAKED_POC,BUY,3,91.34,90.85,92.41,2.18,0.363,91.11425,91.5155,90.927,1,0.027,0.478,-0.291,91.2425,91.911,93.11,90.93,1,0.018,0.55,0,91.27475,0.752,0.256,0,0.0,0.0,91.0955,92.4145,2.48,0,0,0,0.8,-1.0,-0.1075,1.0,0.749,2,0.617,0,0.597,91.11425,90.84675,0.291,0.214,0.0,2,0.0,0,0.617,0.926,2.744,0.338,0.462,1,91.27475,8,0.75,0.418,0.075,0.3,0.119,1.0,0.786,94.11737,92.32684,91.96625,-30.3748,-575.9956,-2,94.11737,0.701,104.26368,0.319,94.11737,0.935,1,0.472,1,0,12565,0.728,0.563,0.407,38.0,38.0,0.717,53.0,0.0,1,1,0.78,50.1,1,1,0.78,18.0,-1,77.811,0.023,0.977,0.1,0.0,0.0,0.04,0.0,0.5,0.0,0.462,0.342,0.5,0.534,0.0,0.419,0.0,0,0,0.423,0.818,0.0,0.822,0.341,0.27,0.419,0.0,0.621,0.41,0.0,1.0,0.826
0,2026.05.05 10:23:00,NFLXm,MEAN_REVERSION,BUY,2,91.76,91.36,92.09,0.82,0.664,91.10475,91.289,90.9205,1,0.031,0.298,-0.2883,91.2425,91.911,93.11,90.93,1,0.019,0.55,0,91.10475,0.687,0.909,0,0.0,0.0,0.0,92.4145,2.777,0,0,0,0.8,-0.825,-0.1038,0.825,0.591,0,0.774,0,0.538,91.0545,90.8535,0.188,0.212,0.0,2,0.4,0,0.774,1.047,2.897,0.361,0.427,1,91.289,4,0.6,0.624,0.283,0.247,0.248,0.837,0.839,93.96082,92.2877,91.96625,-28.8856,1.4892,-1,93.96082,0.731,103.99951,0.316,93.96082,0.975,1,0.499,1,0,12566,0.728,0.563,0.407,80.0,46.8,1.5932,50.2,0.0,1,1,0.78,50.1,1,1,0.78,18.0,-1,82.964,0.047,0.953,0.1,1.0,0.0,0.0,0.0,0.5,0.0,1.0,0.416,0.5,0.597,0.0,0.359,0.0,0,0,0.373,0.743,0.0,0.954,0.39,0.056,0.431,0.0,0.602,0.41,0.0,1.0,0.701
0,2026.05.05 11:23:30,NFLXm,SWEEP_REVERSAL,BUY,2,91.87,91.42,92.37,1.12,0.171,91.09075,91.162,90.877,0,0.3,0.084,-1.1235,91.2425,91.911,92.892,90.712,0,0.03,0.5,0,91.09075,0.697,0.818,0,0.0,0.0,0.0,92.4145,3.398,0,0,0,1.0,-0.825,-0.0759,0.825,0.049,0,0.657,0,0.433,91.0765,90.8485,1.092,0.58,0.0,2,0.15,0,0.657,0.497,1.123,0.443,0.365,1,91.09075,8,0.739,0.0,0.345,0.247,0.139,0.89,0.9,93.96082,92.2877,91.96625,-28.8856,1.4892,-1,93.96082,0.731,103.99951,0.316,93.96082,0.975,1,0.499,1,0,12567,0.728,0.563,0.407,128.0,80.5,2.8718,44.6,0.0,1,1,0.78,50.1,1,1,0.78,18.0,-1,93.715,0.047,0.953,0.1,1.0,0.0,0.0,0.0,0.5,0.0,1.0,0.444,0.5,0.561,0.0,0.169,0.0,0,0,0.269,0.418,0.182,0.897,0.386,0.226,0.152,0.0,0.627,0.41,0.0,1.0,0.731
0,2026.05.05 13:01:30,NFLXm,MEAN_REVERSION,BUY,4,92.06,91.72,92.37,0.92,0.579,91.08975,91.137,90.885,0,0.392,0.206,-0.735,91.20525,91.911,92.892,90.712,1,0.027,0.4,2,91.08975,0.799,0.0,2,0.0,0.0,0.0,92.4145,3.76,0,0,0,1.0,-1.0,-0.2501,1.0,0.313,2,0.594,2,0.171,91.0425,90.759,0.623,0.05,0.0,2,0.15,0,0.594,1.563,3.878,0.403,0.44,1,91.08975,8,0.76,0.0,0.266,0.3,0.053,0.88,0.667,93.76104,92.23776,91.96625,-27.016,1.8695,-1,93.76104,0.73,104.42403,0.315,93.76104,0.974,1,0.379,1,0,12569,0.728,0.563,0.407,128.0,128.0,3.0373,42.1,0.0,1,1,0.78,50.1,1,1,0.78,18.0,-1,99.566,0.054,0.946,0.1,1.0,0.0,0.02,0.0,0.5,0.0,1.0,0.671,0.5,0.554,0.0,0.75,0.0,0,0,0.569,0.511,0.0,0.693,0.382,0.236,0.269,0.0,0.616,0.41,0.0,1.0,0.779
0,2026.05.05 13:23:30,NFLXm,SWEEP_REVERSAL,BUY,4,91.97,91.55,92.37,0.95,0.134,91.08975,91.137,90.885,0,0.392,0.206,-0.9486,91.20525,91.911,92.892,90.712,0,0.029,0.4,2,91.08975,0.799,0.0,2,0.0,0.0,0.0,92.4145,3.76,0,0,0,1.0,-1.0,-0.2501,1.0,0.225,2,0.594,2,0.171,91.0425,90.759,0.836,0.164,0.0,2,0.15,0,0.594,0.395,0.949,0.416,0.303,0,91.08975,8,0.76,0.0,0.292,0.3,0.053,0.88,0.667,93.76104,92.23776,91.96625,-27.016,1.8695,-1,93.76104,0.73,104.42403,0.315,93.76104,0.974,1,0.379,1,0,12569,0.728,0.563,0.407,128.0,128.0,3.0373,42.1,0.0,1,1,0.78,50.1,1,1,0.78,18.0,-1,99.353,0.054,0.946,0.1,1.0,0.0,0.17,0.0,0.5,0.0,0.684,0.442,0.5,0.594,0.0,0.556,0.0,0,0,0.435,0.434,0.0,0.653,0.382,0.255,0.187,0.0,0.636,0.41,0.0,1.0,0.731
39528,2026.05.05 15:01:40,NFLXm,MEAN_REVERSION,BUY,4,89.06,88.64,90.25,2.8,0.54,89.86675,90.4225,88.817,0,0.067,1.0,-2.2422,91.24425,91.80725,93.074,90.5405,0,0.059,0.65,0,89.86675,0.8,0.494,0,0.0,0.0,88.7095,92.4145,6.98,0,0,-1,1.0,-0.825,-0.3742,0.825,0.232,2,0.508,0,0.577,88.817,89.1875,0.259,0.959,0.0,2,0.25,0,0.508,0.931,2.242,0.415,0.371,1,89.86675,8,0.76,0.482,0.33,0.247,0.203,0.81,0.924,93.76104,92.23776,91.96625,-27.016,1.8695,-1,93.76104,0.73,104.42403,0.315,93.76104,0.974,1,0.379,1,0,12571,0.733,0.56,0.41,38.0,38.0,0.7179,52.9,0.0,1,1,0.78,50.1,1,1,0.78,18.0,-1,73.609,0.054,0.946,0.1,1.0,0.0,0.13,0.0,0.5,0.826,0.591,0.482,0.5,0.493,0.0,0.999,0.0,0,0,0.558,0.537,0.0,0.243,0.235,0.33,0.18,0.0,0.626,0.41,0.0,1.0,0.804
39530,2026.05.05 15:23:40,NFLXm,SWEEP_REVERSAL,BUY,4,88.52,87.99,89.2,1.28,0.231,89.86675,90.4225,88.817,0,0.067,1.0,-3.2624,91.24425,91.80725,93.074,90.5405,0,0.069,0.65,0,89.86675,0.8,0.494,0,0.0,0.0,88.7095,92.4145,6.98,0,0,-1,1.0,-0.825,-0.3742,0.825,0.232,2,0.508,0,0.577,88.817,89.1875,1.279,1.979,0.0,2,0.25,0,0.508,1.355,3.262,0.415,0.421,1,88.817,2,0.55,0.0,0.33,0.247,0.203,0.81,0.924,93.76104,92.23776,91.96625,-27.016,1.8695,-1,93.76104,0.73,104.42403,0.315,93.76104,0.974,1,0.379,1,0,12571,0.733,0.56,0.41,38.0,38.0,0.7179,52.9,0.0,1,1,0.78,50.1,1,1,0.78,18.0,-1,72.588,0.054,0.946,0.1,1.0,0.0,0.06,0.0,0.5,0.0,0.597,0.398,0.5,0.44,0.0,0.697,0.0,0,0,0.472,0.53,0.0,0.146,0.204,0.473,0.141,0.0,0.626,0.41,0.0,1.0,0.804
39532,2026.05.05 17:01:40,NFLXm,MEAN_REVERSION,BUY,3,88.43,87.9,89.23,1.49,0.489,88.84625,90.485,87.8975,1,0.219,0.298,-1.1948,91.3015,91.9835,93.177,90.449,0,0.059,0.75,0,88.84625,0.712,0.0,2,0.0,0.0,87.945,92.4145,6.429,0,0,-1,1.0,-1.0,-0.5422,1.0,0.933,2,0.483,3,0.324,87.98375,88.415,0.099,0.548,0.0,2,0.15,0,0.483,0.37,1.195,0.31,0.286,0,88.84625,8,0.742,0.801,0.08,0.3,0.053,0.833,0.816,93.935,92.045,91.919,-10.1205,16.8956,-1,93.935,0.707,104.015,0.323,93.935,0.943,1,0.106,1,0,12573,0.733,0.56,0.41,38.0,38.0,0.5702,66.6,0.0,1,1,0.78,50.1,1,1,0.78,18.0,-1,57.516,0.521,0.479,0.2,1.0,0.0,0.72,0.0,0.5,0.0,0.989,0.324,0.5,0.472,0.0,0.278,0.0,0,0,0.358,0.623,0.0,0.214,0.269,0.913,0.564,0.0,0.635,0.41,0.0,1.0,0.702
39534,2026.05.05 17:23:40,NFLXm,SWEEP_REVERSAL,BUY,3,88.15,87.48,89.23,1.61,0.134,88.84625,90.485,87.8975,0,0.219,0.298,-1.615,91.3015,91.9835,93.177,90.449,0,0.063,0.75,0,88.84625,0.712,0.0,2,0.0,0.0,87.945,92.4145,6.429,0,0,-1,1.0,-1.0,-0.5422,1.0,0.761,2,0.483,3,0.324,87.63875,88.415,0.197,0.968,0.0,2,0.15,0,0.483,0.542,1.615,0.336,0.305,0,88.84625,8,0.742,0.606,0.132,0.3,0.053,0.823,0.816,93.935,92.045,91.919,-10.1205,16.8956,-1,93.935,0.707,104.015,0.323,93.935,0.943,1,0.106,1,0,12573,0.733,0.56,0.41,38.0,38.0,0.5702,66.6,0.0,1,1,0.78,50.1,1,1,0.78,18.0,-1,57.095,0.521,0.479,0.2,1.0,0.0,0.14,0.0,0.5,0.0,0.816,0.318,0.5,0.521,0.0,0.366,0.0,0,0,0.412,0.47,0.0,0.171,0.302,1.0,0.242,0.0,0.635,0.41,0.0,1.0,0.775
39536,2026.05.05 19:09:40,NFLXm,MEAN_REVERSION,BUY,3,87.82,87.35,88.26,0.92,0.616,87.87725,88.0685,87.6095,0,0.176,1.08,-0.7384,91.05425,91.9835,93.177,90.449,0,0.077,0.3,0,87.87725,0.684,0.499,0,0.0,0.0,0.0,92.4145,8.097,0,0,-1,0.8,-1.0,-0.7681,1.0,0.07,0,0.694,1,0.652,87.839,88.25975,0.674,1.384,0.0,2,0.0,0,0.694,0.609,1.384,0.44,0.428,1,87.87725,8,0.737,0.0,0.279,0.3,0.0,0.82,0.955,93.935,92.045,91.919,-10.1205,16.8956,-1,93.935,0.707,104.015,0.323,93.935,0.943,1,0.106,1,0,12575,0.733,0.56,0.41,38.0,38.0,0.6417,59.2,0.0,1,1,0.78,50.1,1,1,0.78,18.0,-1,63.701,0.521,0.479,0.2,1.0,0.0,0.0,0.0,0.5,0.0,0.9,0.333,0.5,0.541,0.0,0.26,0.0,0,0,0.366,0.612,0.0,0.238,0.222,0.438,0.173,0.0,0.617,0.41,0.0,1.0,0.804
0,2026.05.06 10:00:30,NFLXm,SWEEP_REVERSAL,BUY,2,88.55,87.96,89.11,0.94,0.196,87.825,88.0,87.6,0,0.889,0.042,-0.9395,91.0475,91.9835,93.177,90.108,0,0.08,0.4,0,87.825,0.656,0.809,0,0.0,0.0,87.8435,92.4145,8.827,0,0,-1,0.8,-1.0,-0.7586,1.0,0.0,0,0.712,0,0.728,87.8,87.3,0.897,0.051,0.0,2,0.15,0,0.712,0.423,0.94,0.45,0.407,1,87.825,8,0.731,0.0,0.36,0.3,0.198,0.886,0.987,93.7145,98.8175,92.31575,-576.1044,-565.9839,-2,93.7145,0.717,104.4875,0.326,93.7145,0.956,1,0.103,1,0,12576,0.733,0.56,0.41,128.0,41.6,2.1669,59.1,0.0,1,1,0.78,50.1,1,1,0.78,18.0,-1,65.091,0.015,0.985,0.0,0.0,0.0,0.02,0.0,0.5,0.0,0.819,0.46,0.5,0.525,0.0,0.384,0.0,0,0,0.335,0.312,0.0,0.143,0.328,0.335,0.141,0.0,0.624,0.41,0.0,1.0,0.673
0,2026.05.06 10:01:00,NFLXm,MEAN_REVERSION,BUY,2,88.51,88.04,89.11,1.26,0.618,87.825,88.0,87.6,0,0.889,0.042,-1.0073,91.0475,91.9835,93.177,90.108,0,0.08,0.4,0,87.825,0.656,0.809,0,0.0,0.0,87.8435,92.4145,8.827,0,0,-1,0.8,-1.0,-0.7586,1.0,0.009,0,0.712,0,0.728,87.8,87.3,0.965,0.119,0.0,2,0.15,0,0.712,0.452,1.007,0.449,0.41,1,87.825,8,0.731,0.0,0.357,0.3,0.198,0.886,0.987,93.7145,98.8175,92.31575,-576.1044,-565.9839,-2,93.7145,0.717,104.4875,0.326,93.7145,0.956,1,0.103,1,0,12576,0.733,0.56,0.41,128.0,42.5,2.1669,59.1,0.0,1,1,0.78,50.1,1,1,0.78,18.0,-1,65.023,0.015,0.985,0.0,0.0,0.0,0.02,0.0,0.5,0.0,0.819,0.488,0.5,0.525,0.0,0.384,0.0,0,0,0.319,0.314,0.0,0.143,0.328,0.335,0.138,0.0,0.624,0.41,0.0,1.0,0.673
0,2026.05.06 12:00:30,NFLXm,SWEEP_REVERSAL,BUY,2,88.35,87.76,89.13,1.32,0.082,87.85075,88.08,87.425,0,1.183,0.519,-1.3201,91.23325,91.78525,93.0855,90.1135,0,0.08,0.5,2,87.85075,0.8,0.0,2,0.0,0.0,0.0,92.4145,9.121,0,0,-1,1.0,-1.0,-0.6021,1.0,0.556,2,0.633,2,0.183,87.818,87.3595,1.265,0.489,0.0,2,0.0,0,0.633,0.484,1.32,0.367,0.328,0,87.85075,8,0.76,0.0,0.133,0.3,0.0,0.72,0.905,93.7145,98.8175,91.98788,-604.7739,-28.6694,-2,93.7145,0.718,104.4875,0.326,93.7145,0.957,1,0.043,1,0,12578,0.733,0.56,0.41,128.0,128.0,2.1643,59.1,0.0,1,1,0.78,50.1,1,1,0.78,18.0,-1,64.674,0.018,0.982,0.0,0.0,0.0,0.38,0.0,0.5,0.0,0.854,0.549,0.5,0.543,0.0,0.235,0.0,0,0,0.286,0.516,0.0,0.238,0.218,0.416,0.147,0.0,0.626,0.41,0.0,1.0,0.746
0,2026.05.06 12:01:00,NFLXm,MEAN_REVERSION,BUY,2,88.34,87.87,89.13,1.67,0.562,87.85075,88.08,87.425,0,1.183,0.519,-1.337,91.23325,91.78525,93.0855,90.1135,0,0.08,0.5,2,87.85075,0.8,0.0,2,0.0,0.0,0.0,92.4145,9.121,0,0,-1,1.0,-1.0,-0.6021,1.0,0.556,2,0.633,2,0.183,87.818,87.3595,1.282,0.506,0.0,2,0.0,0,0.633,0.49,1.337,0.367,0.328,0,87.85075,8,0.76,0.0,0.133,0.3,0.0,0.72,0.905,93.7145,98.8175,91.98788,-604.7739,-28.6694,-2,93.7145,0.718,104.4875,0.326,93.7145,0.957,1,0.043,1,0,12578,0.733,0.56,0.41,128.0,128.0,2.1643,59.1,0.0,1,1,0.78,50.1,1,1,0.78,18.0,-1,64.657,0.018,0.982,0.0,0.0,0.0,0.26,0.0,0.5,0.0,0.854,0.515,0.5,0.543,0.0,0.235,0.0,0,0,0.266,0.516,0.0,0.238,0.218,0.416,0.144,0.0,0.626,0.41,0.0,1.0,0.746
0,2026.05.06 19:00:00,NFLXm,BREAKOUT_RETEST,BUY,3,88.18,87.99,88.39,1.15,0.316,87.8515,87.892,87.649,1,0.004,0.302,-0.0834,87.7805,92.055,94.2,90.3,0,0.069,0.45,0,87.8515,0.747,0.533,0,0.0,0.0,0.0,92.4145,7.477,0,0,-1,0.439,0.4993,0.0487,0.499,0.824,0,0.701,0,0.608,87.7975,87.9865,0.004,0.302,0.0,2,0.25,0,0.701,0.099,0.302,0.326,0.319,0,0.0,0,0.0,0.992,0.153,0.15,0.209,0.753,0.943,93.58564,92.34855,92.26425,-6.8573,597.9166,-1,93.58564,0.708,104.10091,0.329,93.58564,0.944,1,0.196,1,0,12585,0.766,0.545,0.409,38.0,38.0,0.6157,61.7,0.0,1,1,0.78,50.1,1,1,0.78,18.0,-1,61.704,0.514,0.486,0.2,1.0,0.0,0.28,0.0,0.5,0.0,1.0,0.344,0.5,0.569,0.0,0.309,0.0,0,0,0.388,0.72,0.0,0.446,0.0,0.187,0.35,0.0,0.652,0.41,0.0,1.0,0.737
39538,2026.05.06 19:00:20,NFLXm,TREND_CONTINUATION,BUY,3,88.17,87.43,89.71,2.08,0.302,87.8515,87.892,87.649,1,0.004,0.302,-0.0997,87.7805,92.055,94.2,90.3,0,0.069,0.45,0,87.8515,0.747,0.533,0,0.0,0.0,0.0,92.4145,7.477,0,0,-1,0.439,0.4993,0.0487,0.499,0.824,0,0.701,0,0.608,87.7975,87.9865,0.012,0.318,0.0,2,0.25,0,0.701,0.104,0.318,0.326,0.32,0,0.0,0,0.0,0.976,0.153,0.15,0.209,0.753,0.943,93.58564,92.34855,92.26425,-6.8573,597.9166,-1,93.58564,0.708,104.10091,0.329,93.58564,0.944,1,0.196,1,0,12585,0.766,0.545,0.409,38.0,38.0,0.6157,61.7,0.0,1,1,0.78,50.1,1,1,0.78,18.0,-1,61.687,0.514,0.486,0.2,1.0,0.0,0.15,0.0,0.5,0.0,1.0,0.335,0.5,0.569,0.0,0.309,0.0,0,0,0.394,0.72,0.0,0.58,0.0,0.187,0.35,0.0,0.652,0.41,0.0,1.0,0.737
0,2026.05.07 10:06:30,NFLXm,BREAKOUT,BUY,2,88.65,88.4,89.98,5.44,0.47,87.84875,87.9225,87.716,0,0.36,0.028,0.4152,87.72,90.885,94.2,89.91,0,0.053,0.35,0,87.84875,0.774,0.929,0,0.0,0.0,87.8135,92.4145,8.153,0,0,-1,0.75,0.72,0.1187,0.72,0.008,0,0.749,0,0.629,87.834,88.0405,0.443,0.055,-0.0685,1,0.15,1,0.805,0.132,0.443,0.299,0.381,1,87.84875,8,0.755,0.114,0.657,0.216,0.178,0.868,0.97,94.12203,94.12203,91.985,-202.2883,-195.431,-2,94.12203,0.757,104.22172,0.332,94.12203,1.0,1,0.25,1,0,12586,0.766,0.545,0.409,58.0,38.2,1.0885,53.3,0.0,1,1,0.78,50.1,1,1,0.78,18.0,-1,72.346,0.023,0.977,0.0,0.0,0.0,0.0,0.0,0.5,0.0,0.512,0.488,0.5,0.454,0.0,0.309,0.0,0,0,0.267,0.372,0.0,0.394,0.0,0.275,0.35,0.0,0.579,0.41,0.0,1.0,0.762
0,2026.05.07 10:06:30,NFLXm,PULLBACK,BUY,2,88.65,88.4,90.25,6.52,0.384,87.84875,87.9225,87.716,0,0.36,0.028,0.4152,87.72,90.885,94.2,89.91,0,0.053,0.35,0,87.84875,0.774,0.929,0,0.0,0.0,87.8135,92.4145,8.153,0,0,-1,0.75,0.72,0.1187,0.72,0.008,0,0.752,0,0.629,87.834,88.0405,0.443,0.055,0.0,2,0.15,0,0.752,0.199,0.443,0.449,0.376,1,87.84875,8,0.755,0.114,0.357,0.216,0.178,0.868,0.97,94.12203,94.12203,91.985,-202.2883,-195.431,-2,94.12203,0.757,104.22172,0.332,94.12203,1.0,1,0.25,1,0,12586,0.766,0.545,0.409,58.0,38.4,1.0885,53.3,0.0,1,1,0.78,50.1,1,1,0.78,18.0,-1,72.346,0.023,0.977,0.0,0.0,0.0,0.0,0.0,0.5,0.0,0.639,0.488,0.5,0.553,0.0,0.379,0.0,0,0,0.325,0.545,0.0,0.579,0.0,0.333,0.35,0.0,0.634,0.41,0.0,1.0,0.892
39540,2026.05.07 10:06:30,NFLXm,TREND_CONTINUATION,BUY,2,88.65,88.01,89.98,2.08,0.451,87.84875,87.9225,87.716,0,0.36,0.028,0.4152,87.72,90.885,94.2,89.91,0,0.053,0.35,0,87.84875,0.774,0.929,0,0.0,0.0,87.8135,92.4145,8.153,0,0,-1,0.75,0.72,0.1187,0.72,0.008,0,0.752,0,0.629,87.834,88.0405,0.443,0.055,0.0,2,0.15,0,0.752,0.199,0.443,0.449,0.376,1,87.84875,8,0.755,0.114,0.357,0.216,0.178,0.868,0.97,94.12203,94.12203,91.985,-202.2883,-195.431,-2,94.12203,0.757,104.22172,0.332,94.12203,1.0,1,0.25,1,0,12586,0.766,0.545,0.409,58.0,38.6,1.0885,53.3,0.0,1,1,0.78,50.1,1,1,0.78,18.0,-1,72.346,0.023,0.977,0.0,0.0,0.0,0.0,0.0,0.5,0.0,0.639,0.488,0.5,0.553,0.0,0.379,0.0,0,0,0.325,0.545,0.0,0.579,0.0,0.333,0.35,0.0,0.634,0.41,0.0,1.0,0.892
0,2026.05.07 12:06:30,NFLXm,BREAKOUT,BUY,2,88.82,88.62,89.98,5.72,0.499,87.84,87.924,87.732,0,0.488,0.082,0.3889,87.71725,90.885,94.2,89.91,0,0.062,0.4,0,87.84,0.798,0.0,1,0.0,0.0,0.0,92.4145,9.343,0,0,-1,0.9,0.79,0.1987,0.79,0.447,0,0.776,1,0.145,87.828,87.948,0.415,0.156,0.0,2,0.15,0,0.776,0.159,0.415,0.383,0.315,0,87.84,8,0.76,0.17,0.226,0.237,0.053,0.858,0.861,94.19522,98.63261,92.10911,-663.728,-461.4397,-2,94.19522,0.739,104.05609,0.33,94.19522,0.985,1,0.254,1,0,12588,0.766,0.545,0.409,80.0,63.1,1.7284,46.3,0.0,1,1,0.78,50.1,1,1,0.78,18.0,-1,83.654,0.022,0.978,0.0,0.0,0.0,0.22,0.0,0.5,0.0,0.952,0.372,0.5,0.422,0.0,0.156,0.0,0,0,0.266,0.61,0.0,0.436,0.0,0.182,0.35,0.0,0.645,0.41,0.0,1.0,0.957
0,2026.05.07 12:06:30,NFLXm,PULLBACK,BUY,2,88.82,88.62,90.21,6.86,0.42,87.84,87.924,87.732,0,0.488,0.082,0.3889,87.71725,90.885,94.2,89.91,0,0.062,0.4,0,87.84,0.798,0.0,1,0.0,0.0,0.0,92.4145,9.343,0,0,-1,0.9,0.79,0.1987,0.79,0.447,0,0.776,1,0.145,87.828,87.948,0.415,0.156,0.0,2,0.15,0,0.776,0.159,0.415,0.383,0.315,0,87.84,8,0.76,0.17,0.226,0.237,0.053,0.858,0.861,94.19522,98.63261,92.10911,-663.728,-461.4397,-2,94.19522,0.739,104.05609,0.33,94.19522,0.985,1,0.254,1,0,12588,0.766,0.545,0.409,80.0,63.3,1.7284,46.3,0.0,1,1,0.78,50.1,1,1,0.78,18.0,-1,83.654,0.022,0.978,0.0,0.0,0.0,0.22,0.0,0.5,0.0,0.952,0.372,0.5,0.422,0.0,0.156,0.0,0,0,0.266,0.61,0.0,0.436,0.0,0.182,0.35,0.0,0.645,0.41,0.0,1.0,0.957
0,2026.05.07 12:07:00,NFLXm,TREND_CONTINUATION,BUY,2,88.83,88.27,89.99,2.08,0.493,87.84,87.924,87.732,0,0.488,0.082,0.4105,87.71725,90.885,94.2,89.91,0,0.062,0.4,0,87.84,0.798,0.0,1,0.0,0.0,0.0,92.4145,9.343,0,0,-1,0.9,0.79,0.1987,0.79,0.375,0,0.776,1,0.145,87.828,87.948,0.436,0.177,0.0,2,0.15,0,0.776,0.172,0.436,0.394,0.317,0,87.84,8,0.76,0.127,0.248,0.237,0.053,0.858,0.861,94.19522,98.63261,92.10911,-663.728,-461.4397,-2,94.19522,0.739,104.05609,0.33,94.19522,0.985,1,0.254,1,0,12588,0.766,0.545,0.409,80.0,63.5,1.7284,46.3,0.0,1,1,0.78,50.1,1,1,0.78,18.0,-1,83.676,0.022,0.978,0.0,0.0,0.0,0.24,0.0,0.5,0.0,0.952,0.295,0.5,0.422,0.0,0.156,0.0,0,0,0.312,0.497,0.0,0.317,0.0,0.165,0.35,0.0,0.645,0.41,0.0,1.0,0.957
0,2026.05.07 13:16:59,NFLXm,BREAKOUT_RETEST,BUY,4,88.83,88.69,89.01,1.25,0.522,87.8565,88.06,87.764,1,0.789,0.012,0.3647,87.67875,90.885,94.2,89.91,0,0.06,0.4,0,87.8565,0.8,0.706,0,0.0,0.0,88.28375,92.4145,8.481,0,0,-1,0.975,0.65,0.1339,0.65,0.81,0,0.724,3,0.344,88.0045,88.1895,0.054,0.335,0.0,2,0.4,0,0.724,0.12,0.365,0.329,0.245,0,87.8565,8,0.76,0.893,0.217,0.195,0.14,0.536,0.875,94.19522,98.63261,92.10911,-663.728,-461.4397,-2,94.19522,0.739,104.05609,0.33,94.19522,0.985,1,0.254,1,0,12589,0.766,0.545,0.409,80.0,80.0,1.6817,47.6,0.0,1,1,0.78,50.1,1,1,0.78,18.0,-1,81.414,0.022,0.978,0.0,0.0,0.0,0.0,0.0,0.5,0.619,0.365,0.556,0.5,0.515,0.0,0.372,0.0,0,0,0.337,0.643,0.327,0.493,0.0,0.259,0.35,0.0,0.681,0.41,0.0,1.0,0.838
39542,2026.05.07 14:06:40,NFLXm,BREAKOUT,BUY,4,89.34,88.89,90.73,3.1,0.546,88.0695,88.858,87.862,0,0.112,0.411,1.6024,87.676,92.055,94.2,89.52,0,0.056,0.6,0,88.5675,0.685,0.0,1,0.0,0.0,88.5675,92.4145,6.288,0,0,-1,1.0,0.86,0.1526,0.86,0.275,2,0.533,0,0.632,88.9825,89.1485,0.04,0.339,0.0,2,0.0,4,0.56,0.815,1.602,0.509,0.382,1,88.5675,8,0.737,0.919,0.217,0.258,0.126,0.546,0.957,94.19522,98.63261,92.10911,-663.728,-461.4397,-2,94.19522,0.739,104.05609,0.33,94.19522,0.985,1,0.254,1,0,12590,0.779,0.541,0.405,38.0,38.0,0.6838,55.6,0.0,1,1,0.78,50.1,1,1,0.78,18.0,-1,70.612,0.022,0.978,0.0,0.0,0.0,0.84,0.0,0.5,0.0,0.24,0.492,0.5,0.629,0.0,0.626,0.0,0,0,0.444,0.513,0.0,0.158,0.0,0.754,0.503,0.0,0.568,0.41,0.0,1.0,0.945
39543,2026.05.07 14:06:59,NFLXm,PULLBACK,BUY,4,89.38,88.55,91.05,2.0,0.474,88.0695,88.858,87.862,0,0.112,0.411,1.6744,87.676,92.055,94.2,89.52,0,0.055,0.6,0,88.5675,0.685,0.0,1,0.0,0.0,88.5675,92.4145,6.288,0,0,-1,1.0,0.86,0.1526,0.86,0.275,2,0.533,0,0.632,88.9825,89.1485,0.031,0.267,0.0,2,0.0,4,0.56,0.852,1.674,0.509,0.387,1,88.5675,8,0.737,0.937,0.217,0.258,0.126,0.546,0.957,94.19522,98.63261,92.10911,-663.728,-461.4397,-2,94.19522,0.739,104.05609,0.33,94.19522,0.985,1,0.254,1,0,12590,0.779,0.541,0.405,38.0,38.0,0.6838,55.6,0.0,1,1,0.78,50.1,1,1,0.78,18.0,-1,70.684,0.022,0.978,0.0,0.0,0.0,0.94,0.0,0.5,0.0,0.24,0.505,0.5,0.629,0.0,0.626,0.0,0,0,0.442,0.513,0.0,0.095,0.0,0.754,0.512,0.0,0.568,0.41,0.0,1.0,0.945
39544,2026.05.07 14:07:00,NFLXm,TREND_CONTINUATION,BUY,4,89.37,88.7,90.76,2.08,0.556,88.0695,88.858,87.862,0,0.112,0.411,1.6564,87.676,92.055,94.2,89.52,0,0.055,0.6,0,88.5675,0.685,0.0,1,0.0,0.0,88.5675,92.4145,6.288,0,0,-1,1.0,0.86,0.1526,0.86,0.275,2,0.533,0,0.632,88.9825,89.1485,0.013,0.285,0.0,2,0.0,4,0.56,0.843,1.656,0.509,0.385,1,88.5675,8,0.737,0.973,0.217,0.258,0.126,0.546,0.957,94.19522,98.63261,92.10911,-663.728,-461.4397,-2,94.19522,0.739,104.05609,0.33,94.19522,0.985,1,0.254,1,0,12590,0.779,0.541,0.405,38.0,38.0,0.6838,55.6,0.0,1,1,0.78,50.1,1,1,0.78,18.0,-1,70.666,0.022,0.978,0.0,0.0,0.0,0.89,0.0,0.5,0.0,0.24,0.474,0.5,0.629,0.0,0.626,0.0,0,0,0.455,0.513,0.0,0.095,0.0,0.754,0.51,0.0,0.568,0.41,0.0,1.0,0.945
0,2026.05.07 16:00:40,NFLXm,BREAKOUT_RETEST,BUY,4,88.89,88.68,89.2,1.46,0.498,88.8165,88.941,88.36,1,0.067,1.166,-0.506,87.61825,92.055,94.2,88.74,0,0.059,0.35,0,88.8165,0.756,0.723,0,0.0,0.0,0.0,92.4145,6.281,0,0,-1,0.8,0.93,0.1987,0.93,0.827,2,0.591,2,0.123,88.4845,87.7375,0.042,1.275,0.0,2,0.0,0,0.591,0.416,1.275,0.326,0.314,0,88.8165,8,0.751,0.916,0.052,0.279,0.0,0.818,0.925,93.89,92.27,92.12122,-13.8034,649.9246,-1,93.89,0.722,104.15,0.337,93.89,0.963,1,0.279,1,0,12592,0.779,0.541,0.405,38.0,38.0,0.6274,60.6,0.0,1,1,0.78,50.1,1,1,0.78,18.0,1,64.04,0.519,0.481,0.1,1.0,1.0,0.29,0.0,0.5,0.0,0.843,0.54,0.5,0.505,0.0,0.228,0.0,0,0,0.266,0.791,0.0,0.556,0.0,0.388,0.35,0.0,0.646,0.41,0.0,1.0,0.938
39548,2026.05.07 16:01:40,NFLXm,MEAN_REVERSION,BUY,4,88.76,88.28,89.2,0.9,0.544,88.8165,88.941,88.36,1,0.067,1.166,-0.7206,87.61825,92.055,94.2,88.74,0,0.061,0.35,0,88.8165,0.756,0.723,0,0.0,0.0,0.0,92.4145,6.281,0,0,-1,0.8,0.93,0.1987,0.93,0.916,2,0.591,2,0.123,88.4845,87.7375,0.173,1.061,0.0,2,0.0,0,0.591,0.332,1.061,0.313,0.304,0,88.8165,8,0.751,0.655,0.025,0.279,0.0,0.818,0.925,93.89,92.27,92.12122,-13.8034,649.9246,-1,93.89,0.722,104.15,0.337,93.89,0.963,1,0.279,1,0,12592,0.779,0.541,0.405,38.0,38.0,0.6274,60.6,0.0,1,1,0.78,50.1,1,1,0.78,18.0,1,63.825,0.519,0.481,0.1,1.0,1.0,0.0,0.0,0.5,0.0,0.843,0.531,0.5,0.505,0.0,0.228,0.0,0,0,0.261,0.793,0.0,0.428,0.0,0.388,0.35,0.0,0.646,0.41,0.0,1.0,0.938
0,2026.05.07 16:14:40,NFLXm,BREAKOUT,BUY,4,88.93,88.68,89.2,1.06,0.369,88.8165,88.941,88.36,1,0.067,1.166,-0.44,87.61825,92.055,94.2,88.74,0,0.058,0.35,0,88.8165,0.756,0.723,0,0.0,0.0,0.0,92.4145,6.281,0,0,-1,0.8,0.93,0.1987,0.93,0.774,2,0.591,2,0.123,88.4845,87.7375,0.108,1.341,0.0,2,0.0,0,0.591,0.448,1.341,0.334,0.318,0,88.8165,8,0.751,0.784,0.068,0.279,0.0,0.818,0.925,93.89,92.27,92.12122,-13.8034,649.9246,-1,93.89,0.722,104.15,0.337,93.89,0.963,1,0.279,1,0,12592,0.779,0.541,0.405,38.0,38.0,0.6274,60.6,0.0,1,1,0.78,50.1,1,1,0.78,18.0,1,64.106,0.519,0.481,0.1,1.0,1.0,0.78,0.0,0.5,0.0,0.573,0.546,0.5,0.51,0.0,0.239,0.0,0,0,0.276,0.78,0.0,0.556,0.0,0.388,0.35,0.0,0.646,0.41,0.0,1.0,0.938
0,2026.05.07 16:15:40,NFLXm,PULLBACK,BUY,4,88.93,88.68,89.2,1.06,0.553,88.8165,88.941,88.36,1,0.067,1.166,-0.44,87.61825,92.055,94.2,88.74,0,0.058,0.35,0,88.8165,0.756,0.723,0,0.0,0.0,0.0,92.4145,6.281,0,0,-1,0.8,0.93,0.1987,0.93,0.774,2,0.591,2,0.123,88.4845,87.7375,0.108,1.341,0.0,2,0.0,0,0.591,0.448,1.341,0.334,0.318,0,88.8165,8,0.751,0.784,0.068,0.279,0.0,0.818,0.925,93.89,92.27,92.12122,-13.8034,649.9246,-1,93.89,0.722,104.15,0.337,93.89,0.963,1,0.279,1,0,12592,0.779,0.541,0.405,38.0,38.0,0.6274,60.6,0.0,1,1,0.78,50.1,1,1,0.78,18.0,1,64.106,0.519,0.481,0.1,1.0,1.0,0.83,0.0,0.5,0.0,0.511,0.548,0.5,0.547,0.0,0.275,0.0,0,0,0.303,0.78,0.0,0.556,0.0,0.388,0.35,0.0,0.646,0.41,0.0,1.0,0.938
39550,2026.05.07 16:39:00,NFLXm,TREND_CONTINUATION,BUY,4,89.03,88.3,90.54,2.08,0.478,88.8165,88.941,88.36,1,0.067,1.166,-0.2749,87.61825,92.055,94.2,88.74,0,0.056,0.35,0,88.8165,0.756,0.723,0,0.0,0.0,0.0,92.4145,6.281,0,0,-1,0.8,0.93,0.1987,0.93,0.787,2,0.591,2,0.123,88.7335,87.7375,0.138,1.506,0.0,2,0.0,0,0.591,0.5,1.506,0.332,0.334,0,88.36,5,0.6,0.724,0.064,0.279,0.0,0.9,0.925,93.89,92.27,92.12122,-13.8034,649.9246,-1,93.89,0.722,104.15,0.337,93.89,0.963,1,0.279,1,0,12592,0.779,0.541,0.405,38.0,38.0,0.6274,60.6,0.0,1,1,0.78,50.1,1,1,0.78,18.0,1,64.271,0.519,0.481,0.1,1.0,1.0,0.97,0.0,0.5,0.0,0.632,0.549,0.5,0.51,0.0,0.318,0.0,0,0,0.31,0.725,0.0,0.47,0.0,0.356,0.35,0.0,0.647,0.41,0.0,1.0,0.938
39552,2026.05.07 17:01:40,NFLXm,SWEEP_REVERSAL,BUY,3,88.68,88.06,89.24,0.9,0.191,88.4845,88.858,88.36,0,0.197,0.609,-0.2986,87.6675,92.055,94.2,88.35,0,0.061,0.3,0,88.4845,0.738,0.454,0,0.0,0.0,88.41975,92.4145,6.692,0,0,-1,1.0,0.79,0.1839,0.79,0.365,2,0.65,0,0.249,88.4845,88.1525,0.299,0.239,0.0,2,0.25,0,0.65,0.593,1.5,0.395,0.329,0,88.858,4,0.6,0.403,0.29,0.237,0.137,0.827,0.927,93.89,92.27,92.12122,-13.8034,649.9246,-1,93.89,0.722,104.15,0.337,93.89,0.963,1,0.279,1,0,12593,0.779,0.541,0.405,38.0,38.0,0.615,61.8,0.0,1,1,0.78,50.1,1,1,0.78,18.0,1,62.442,0.519,0.481,0.1,1.0,1.0,0.33,0.0,0.5,0.0,1.0,0.336,0.5,0.546,0.0,0.353,0.0,0,0,0.403,0.714,0.0,0.873,0.0,0.4,0.35,0.0,0.617,0.41,0.0,1.0,0.969
39554,2026.05.07 18:01:40,NFLXm,MEAN_REVERSION,BUY,3,88.47,88.03,88.83,0.81,0.59,88.44775,88.834,88.2675,0,0.316,0.243,-0.6471,88.00425,92.055,94.2,88.35,0,0.072,0.55,0,88.44775,0.712,0.503,0,0.0,0.0,0.0,92.4145,7.677,0,0,-1,1.0,0.825,0.1905,0.825,0.353,0,0.659,0,0.724,88.422,88.03575,0.601,0.098,0.0,2,0.4,0,0.659,0.257,0.647,0.397,0.336,0,88.44775,8,0.742,0.0,0.354,0.247,0.285,0.886,0.823,93.89,92.27,92.12122,-13.8034,649.9246,-1,93.89,0.722,104.15,0.337,93.89,0.963,1,0.279,1,0,12594,0.779,0.541,0.405,38.0,38.0,0.6873,55.3,0.0,1,1,0.78,50.1,1,1,0.78,18.0,1,69.403,0.519,0.481,0.1,1.0,1.0,0.33,0.0,0.5,0.0,0.89,0.544,0.5,0.549,0.0,0.352,0.0,0,0,0.332,0.468,0.0,0.647,0.0,0.513,0.22,0.0,0.63,0.41,0.0,1.0,0.892
0,2026.05.07 18:21:20,NFLXm,BREAKOUT_RETEST,BUY,3,88.68,88.51,89.21,3.22,0.586,88.44775,88.834,88.2675,1,0.316,0.243,-0.2672,88.00425,92.055,94.2,88.35,0,0.068,0.55,0,88.44775,0.712,0.503,0,0.0,0.0,0.0,92.4145,7.677,0,0,-1,1.0,0.825,0.1905,0.825,0.49,0,0.659,0,0.724,88.422,88.19025,0.221,0.199,0.0,2,0.4,0,0.659,0.565,1.5,0.376,0.372,1,88.834,4,0.6,0.559,0.313,0.247,0.285,0.886,0.758,93.89,92.27,92.12122,-13.8034,649.9246,-1,93.89,0.722,104.15,0.337,93.89,0.963,1,0.279,1,0,12594,0.779,0.541,0.405,38.0,38.0,0.6873,55.3,0.0,1,1,0.78,50.1,1,1,0.78,18.0,1,69.783,0.519,0.481,0.1,1.0,1.0,0.99,0.0,0.5,0.0,1.0,0.536,0.5,0.536,0.0,0.361,0.0,0,0,0.327,0.527,0.0,0.797,0.0,0.434,0.35,0.0,0.624,0.41,0.0,1.0,0.815
39556,2026.05.07 18:34:40,NFLXm,PULLBACK,BUY,3,88.92,88.09,90.58,2.0,0.608,88.44775,88.834,88.2675,1,0.316,0.243,0.1669,88.00425,92.055,94.2,88.35,1,0.064,0.55,0,88.44775,0.712,0.503,0,0.0,0.0,0.0,92.4145,7.677,0,0,-1,1.0,0.825,0.1905,0.825,0.551,0,0.659,0,0.724,88.422,88.19025,0.213,0.633,0.0,2,0.4,0,0.659,0.232,0.633,0.367,0.333,0,88.2675,5,0.6,0.573,0.295,0.247,0.285,0.886,0.758,93.89,92.27,92.12122,-13.8034,649.9246,-1,93.89,0.722,104.15,0.337,93.89,0.963,1,0.279,1,0,12594,0.779,0.541,0.405,38.0,38.0,0.6873,55.3,0.0,1,1,0.78,50.1,1,1,0.78,18.0,1,70.217,0.519,0.481,0.1,1.0,1.0,0.99,0.0,0.5,0.0,0.81,0.567,0.5,0.525,0.0,0.313,0.0,0,0,0.323,0.678,0.0,0.599,0.0,0.456,0.479,0.0,0.602,0.41,0.0,1.0,0.875
39558,2026.05.07 18:39:00,NFLXm,TREND_CONTINUATION,BUY,3,88.89,88.23,90.27,2.08,0.535,88.44775,88.834,88.2675,1,0.316,0.243,0.1126,88.00425,92.055,94.2,88.35,1,0.064,0.55,0,88.44775,0.712,0.503,0,0.0,0.0,0.0,92.4145,7.677,0,0,-1,1.0,0.825,0.1905,0.825,0.919,0,0.659,0,0.724,88.422,88.19025,0.159,0.578,0.0,2,0.4,0,0.659,0.181,0.578,0.312,0.327,0,88.2675,5,0.6,0.682,0.184,0.247,0.285,0.886,0.758,93.89,92.27,92.12122,-13.8034,649.9246,-1,93.89,0.722,104.15,0.337,93.89,0.963,1,0.279,1,0,12594,0.779,0.541,0.405,38.0,38.0,0.6873,55.3,0.0,1,1,0.78,50.1,1,1,0.78,18.0,1,70.163,0.519,0.481,0.1,1.0,1.0,0.75,0.0,0.5,0.0,0.751,0.636,0.5,0.49,0.0,0.356,0.0,0,0,0.371,0.748,0.0,0.695,0.0,0.456,0.475,0.0,0.634,0.41,0.0,1.0,0.842
0,2026.05.08 10:03:30,NFLXm,TREND_CONTINUATION,BUY,2,89.03,88.44,90.23,2.04,0.485,88.47125,88.5125,88.1,0,2.276,0.253,-2.7821,88.00425,88.155,92.25,86.79,1,0.021,0.25,4,88.30625,0.673,0.868,0,0.0,0.0,88.3865,92.4145,10.841,0,0,0,0.8,0.825,0.0844,0.825,0.008,2,0.565,0,0.439,88.3475,87.56375,2.529,0.927,0.0,2,0.4,0,0.565,1.248,2.782,0.449,0.396,1,88.30625,8,0.735,0.0,0.457,0.247,0.378,0.913,1.0,94.12203,94.12203,91.985,-204.0821,-190.2788,-2,94.12203,0.746,104.22172,0.339,94.12203,0.994,1,0.104,1,0,12596,0.779,0.541,0.405,192.0,41.1,3.9241,48.9,0.0,1,1,0.78,50.1,1,1,0.78,18.0,1,79.565,0.023,0.977,0.0,0.0,1.0,0.0,0.0,0.5,0.0,0.792,0.589,0.5,0.5,0.0,0.254,0.0,0,0,0.305,0.262,0.0,0.29,0.0,0.273,0.204,0.0,0.655,0.41,0.0,1.0,0.936
0,2026.05.08 10:04:00,NFLXm,SWEEP_REVERSAL,BUY,2,89.01,88.52,90.23,2.49,0.314,88.47125,88.5125,88.1,0,2.276,0.253,-2.823,88.00425,88.155,92.25,86.79,1,0.022,0.25,4,88.30625,0.673,0.868,0,0.0,0.0,88.3865,92.4145,10.841,0,0,0,0.8,0.825,0.0844,0.825,0.008,2,0.565,0,0.439,88.3475,87.56375,2.57,0.968,0.0,2,0.4,0,0.565,1.267,2.823,0.449,0.398,1,88.30625,8,0.735,0.0,0.457,0.247,0.378,0.913,1.0,94.12203,94.12203,91.985,-204.0821,-190.2788,-2,94.12203,0.746,104.22172,0.339,94.12203,0.994,1,0.104,1,0,12596,0.779,0.541,0.405,192.0,42.6,3.9241,48.9,0.0,1,1,0.78,50.1,1,1,0.78,18.0,1,79.524,0.023,0.977,0.0,0.0,1.0,0.0,0.0,0.5,0.0,0.792,0.593,0.5,0.5,0.0,0.254,0.0,0,0,0.307,0.262,0.0,0.29,0.0,0.273,0.203,0.0,0.658,0.41,0.0,1.0,0.936
0,2026.05.08 10:04:00,NFLXm,MEAN_REVERSION,BUY,2,89.01,88.62,90.23,3.11,0.571,88.47125,88.5125,88.1,0,2.276,0.253,-2.823,88.00425,88.155,92.25,86.79,1,0.022,0.25,4,88.30625,0.673,0.868,0,0.0,0.0,88.3865,92.4145,10.841,0,0,0,0.8,0.825,0.0844,0.825,0.008,2,0.565,0,0.439,88.3475,87.56375,2.57,0.968,0.0,2,0.4,0,0.565,1.267,2.823,0.449,0.398,1,88.30625,8,0.735,0.0,0.457,0.247,0.378,0.913,1.0,94.12203,94.12203,91.985,-204.0821,-190.2788,-2,94.12203,0.746,104.22172,0.339,94.12203,0.994,1,0.104,1,0,12596,0.779,0.541,0.405,192.0,44.2,3.9241,48.9,0.0,1,1,0.78,50.1,1,1,0.78,18.0,1,79.524,0.023,0.977,0.0,0.0,1.0,0.0,0.0,0.5,0.0,0.792,0.593,0.5,0.5,0.0,0.254,0.0,0,0,0.307,0.262,0.0,0.29,0.0,0.273,0.203,0.0,0.658,0.41,0.0,1.0,0.936
0,2026.05.08 11:00:00,NFLXm,PULLBACK,BUY,2,88.65,87.91,89.58,1.25,0.39,88.303,88.432,88.088,0,1.535,0.494,-1.8821,88.00425,88.155,92.25,86.79,1,0.016,0.2,4,88.303,0.709,0.815,0,0.0,0.0,87.358,92.4145,10.176,0,0,0,0.764,0.7093,0.0137,0.709,0.255,2,0.534,2,0.5,88.26,87.787,1.795,0.841,-0.1382,1,0.0,0,0.534,0.775,1.882,0.412,0.387,1,88.303,8,0.742,0.0,0.524,0.213,0.15,0.801,1.0,94.12203,94.12203,91.985,-204.0821,-190.2788,-2,94.12203,0.746,104.22172,0.339,94.12203,0.994,1,0.104,1,0,12597,0.779,0.541,0.405,128.0,128.0,2.5821,49.6,0.0,1,1,0.78,50.1,1,1,0.78,18.0,1,77.767,0.023,0.977,0.0,0.0,1.0,0.54,0.0,0.5,0.0,0.909,0.521,0.5,0.523,0.0,0.181,0.0,0,0,0.242,0.666,0.0,0.451,0.0,0.201,0.559,0.0,0.653,0.41,0.0,1.0,0.962
0,2026.05.08 12:05:30,NFLXm,SWEEP_REVERSAL,BUY,2,88.74,88.25,89.42,1.39,0.292,88.1445,88.428,88.023,0,1.352,0.198,-1.3929,88.00425,88.155,92.25,86.79,1,0.014,0.25,4,88.1445,0.731,0.284,0,0.0,0.0,0.0,92.4145,10.041,0,0,0,0.444,-0.356,-0.0307,0.356,0.238,0,0.76,2,0.71,88.266,87.7395,1.64,0.569,0.0,2,0.4,0,0.76,0.679,1.64,0.414,0.396,1,88.1445,8,0.746,0.0,0.389,0.107,0.29,0.787,1.0,94.12577,94.12577,91.86617,-238.0321,-33.95,-2,94.12577,0.748,104.18803,0.333,94.12577,0.998,1,0.146,1,0,12598,0.779,0.541,0.405,128.0,128.0,2.6047,49.1,0.0,1,1,0.78,50.1,1,1,0.78,18.0,1,78.628,0.024,0.976,0.0,0.0,1.0,0.61,0.0,0.5,0.0,1.0,0.363,0.5,0.555,0.0,0.129,0.0,0,0,0.3,0.411,0.0,0.391,0.0,0.346,0.202,0.0,0.652,0.41,0.0,1.0,0.747
0,2026.05.08 12:06:30,NFLXm,MEAN_REVERSION,BUY,2,88.75,88.36,89.42,1.72,0.691,88.1445,88.428,88.023,0,1.352,0.198,-1.3725,88.00425,88.155,92.25,86.79,1,0.014,0.25,4,88.1445,0.731,0.284,0,0.0,0.0,0.0,92.4145,10.041,0,0,0,0.444,-0.356,-0.0307,0.356,0.238,0,0.76,2,0.71,88.266,87.7395,1.62,0.548,0.0,2,0.4,0,0.76,0.671,1.62,0.414,0.395,1,88.1445,8,0.746,0.0,0.389,0.107,0.29,0.787,1.0,94.12577,94.12577,91.86617,-238.0321,-33.95,-2,94.12577,0.748,104.18803,0.333,94.12577,0.998,1,0.146,1,0,12598,0.779,0.541,0.405,128.0,128.0,2.6047,49.1,0.0,1,1,0.78,50.1,1,1,0.78,18.0,1,78.648,0.024,0.976,0.0,0.0,1.0,0.7,0.0,0.5,0.0,1.0,0.363,0.5,0.555,0.0,0.129,0.0,0,0,0.3,0.411,0.0,0.391,0.0,0.346,0.202,0.0,0.652,0.41,0.0,1.0,0.747
0,2026.05.08 15:09:40,NFLXm,SWEEP_REVERSAL,BUY,4,87.82,87.6,88.01,0.86,0.592,87.49275,87.631,87.2755,1,0.014,0.266,-0.0932,87.72525,87.765,92.25,86.79,1,0.006,0.45,0,87.49275,0.682,0.813,0,0.0,0.0,87.50175,92.4145,8.617,1,1,0,0.6,-0.615,-0.2466,0.615,0.962,0,0.769,2,0.052,87.473,87.69025,0.058,0.442,0.0,2,0.7,6,0.7,0.069,0.442,0.156,0.182,0,87.631,4,0.6,0.883,0.491,0.185,0.545,0.779,0.98,94.12577,94.12577,91.86617,-238.0321,-33.95,-2,94.12577,0.748,104.18803,0.333,94.12577,0.998,1,0.146,1,0,12601,0.773,0.544,0.399,38.0,38.0,0.6717,56.6,0.0,1,1,0.78,50.1,1,1,0.78,18.0,1,66.677,0.024,0.976,0.0,0.0,1.0,0.0,0.0,0.5,0.0,0.0,0.563,0.5,0.0,0.0,0.0,0.0,0,0,0.038,0.0,0.0,0.0,0.0,0.0,0.5,0.0,0.0,0.0,0.0,0.0,0.0
39560,2026.05.08 18:01:59,NFLXm,MEAN_REVERSION,BUY,3,87.7,87.31,88.02,0.81,0.582,87.37425,87.6375,87.3135,1,0.009,0.486,-0.1104,87.65775,87.765,92.25,86.79,1,0.009,0.4,0,87.45525,0.646,0.773,0,0.0,0.0,0.0,92.4145,10.265,0,0,0,0.75,-0.895,-0.2463,0.895,0.8,2,0.61,0,0.913,87.435,87.09075,0.234,0.466,0.0,2,0.0,0,0.61,0.154,0.466,0.33,0.394,1,87.6375,4,0.6,0.532,0.06,0.269,0.183,0.879,0.948,94.403,94.403,91.985,-249.2784,-11.2463,-2,93.917,0.725,104.123,0.342,93.917,0.966,1,0.213,1,0,12604,0.773,0.544,0.399,38.0,38.0,0.7733,49.1,0.0,1,1,0.78,50.1,1,1,0.78,18.0,-1,76.512,0.026,0.974,0.0,0.0,0.0,0.27,0.0,0.5,0.0,0.722,0.494,0.5,0.515,0.0,0.326,0.0,0,0,0.289,0.815,0.0,0.475,0.0,0.215,0.45,0.0,0.662,0.41,0.0,1.0,0.748
0,2026.05.11 10:21:00,NFLXm,SWEEP_REVERSAL,BUY,2,87.82,87.38,88.65,1.88,0.237,87.37375,87.53,87.2175,0,1.758,0.211,-1.8766,87.2615,87.765,91.86,86.79,0,0.028,0.25,4,87.37375,0.713,0.616,0,0.0,0.0,87.545,92.4145,13.245,0,0,-1,0.8,-0.965,-0.2192,0.965,0.007,0,0.748,0,0.597,87.37375,86.87375,1.877,0.751,0.0,2,0.15,0,0.748,0.842,1.877,0.449,0.445,1,87.37375,8,0.743,0.0,0.358,0.29,0.322,0.863,1.0,94.06014,92.19603,92.21771,2.3349,251.6132,2,94.06014,0.733,104.31274,0.346,94.06014,0.977,1,0.035,1,0,12606,0.773,0.544,0.399,128.0,40.7,2.881,44.4,0.0,1,1,0.78,50.1,1,1,0.78,18.0,-1,84.9,0.02,0.98,0.8,0.0,0.0,0.02,0.0,0.5,0.0,0.493,0.276,0.5,0.501,0.0,0.403,0.0,0,0,0.446,0.224,0.0,0.3,0.0,0.352,0.172,0.0,0.691,0.41,0.0,1.0,0.707
0,2026.05.11 10:21:00,NFLXm,MEAN_REVERSION,BUY,2,87.82,87.46,88.65,2.35,0.646,87.37375,87.53,87.2175,0,1.758,0.211,-1.8766,87.2615,87.765,91.86,86.79,0,0.028,0.25,4,87.37375,0.713,0.616,0,0.0,0.0,87.545,92.4145,13.245,0,0,-1,0.8,-0.965,-0.2192,0.965,0.007,0,0.748,0,0.597,87.37375,86.87375,1.877,0.751,0.0,2,0.15,0,0.748,0.842,1.877,0.449,0.445,1,87.37375,8,0.743,0.0,0.358,0.29,0.322,0.863,1.0,94.06014,92.19603,92.21771,2.3349,251.6132,2,94.06014,0.733,104.31274,0.346,94.06014,0.977,1,0.035,1,0,12606,0.773,0.544,0.399,128.0,41.6,2.881,44.4,0.0,1,1,0.78,50.1,1,1,0.78,18.0,-1,84.9,0.02,0.98,0.8,0.0,0.0,0.02,0.0,0.5,0.0,0.493,0.276,0.5,0.501,0.0,0.403,0.0,0,0,0.446,0.224,0.0,0.3,0.0,0.352,0.172,0.0,0.691,0.41,0.0,1.0,0.707
0,2026.05.11 12:21:00,NFLXm,SWEEP_REVERSAL,BUY,2,87.29,86.88,88.11,2.02,0.233,87.31325,87.4845,87.2105,0,2.149,0.803,-2.022,87.25275,87.699,91.836,86.32,1,0.03,0.2,4,87.31325,0.689,0.349,0,0.0,0.0,0.0,92.4145,14.846,0,0,0,0.871,-0.6059,-0.0226,0.606,0.203,0,0.76,2,0.389,87.3475,86.90225,2.106,1.013,0.0,2,0.25,0,0.76,0.884,2.106,0.42,0.396,1,87.31325,8,0.738,0.0,0.339,0.182,0.238,0.737,1.0,94.25851,94.25851,92.03939,-244.4356,-246.7704,-2,93.79878,0.719,104.37257,0.346,93.79878,0.959,1,0.042,1,0,12608,0.773,0.544,0.399,80.0,80.0,1.9649,40.7,0.0,1,1,0.78,50.1,1,1,0.78,18.0,-1,91.344,0.024,0.976,0.0,0.0,0.0,0.74,0.0,0.5,0.0,0.92,0.5,0.5,0.545,0.0,0.155,0.0,0,0,0.225,0.544,0.0,0.286,0.0,0.265,0.171,0.0,0.674,0.41,0.0,1.0,0.834
0,2026.05.11 12:21:00,NFLXm,MEAN_REVERSION,BUY,2,87.29,86.96,88.11,2.53,0.668,87.31325,87.4845,87.2105,0,2.149,0.803,-2.022,87.25275,87.699,91.836,86.32,1,0.03,0.2,4,87.31325,0.689,0.349,0,0.0,0.0,0.0,92.4145,14.846,0,0,0,0.871,-0.6059,-0.0226,0.606,0.203,0,0.76,2,0.389,87.3475,86.90225,2.106,1.013,0.0,2,0.25,0,0.76,0.884,2.106,0.42,0.396,1,87.31325,8,0.738,0.0,0.339,0.182,0.238,0.737,1.0,94.25851,94.25851,92.03939,-244.4356,-246.7704,-2,93.79878,0.719,104.37257,0.346,93.79878,0.959,1,0.042,1,0,12608,0.773,0.544,0.399,80.0,80.0,1.9649,40.7,0.0,1,1,0.78,50.1,1,1,0.78,18.0,-1,91.344,0.024,0.976,0.0,0.0,0.0,0.73,0.0,0.5,0.0,0.92,0.5,0.5,0.545,0.0,0.155,0.0,0,0,0.225,0.544,0.0,0.286,0.0,0.265,0.171,0.0,0.674,0.41,0.0,1.0,0.834
0,2026.05.11 14:21:00,NFLXm,SWEEP_REVERSAL,BUY,4,87.22,86.96,87.97,2.93,0.447,86.5285,86.882,86.276,1,0.487,0.405,0.6879,87.518,87.58925,91.641,86.0965,1,0.017,0.3,0,86.5285,0.56,0.417,0,0.0,0.0,86.47,92.4145,12.288,0,1,0,1.0,-1.0,-0.2106,1.0,0.142,2,0.647,1,0.26,86.478,87.084,0.799,0.539,0.0,2,0.3,6,0.5,0.223,0.799,0.279,0.223,0,86.5285,8,0.712,0.0,0.577,0.3,0.405,0.672,1.0,94.25851,94.25851,92.03939,-244.4356,-246.7704,-2,93.79878,0.719,104.37257,0.346,93.79878,0.959,1,0.042,1,0,12610,0.784,0.544,0.397,38.0,38.0,0.8391,45.3,0.0,1,1,0.78,50.1,1,1,0.78,18.0,-1,81.968,0.024,0.976,0.0,0.0,0.0,0.31,0.0,0.5,0.0,0.405,0.525,0.5,0.486,0.0,0.759,0.0,0,0,0.465,0.354,0.0,0.637,0.0,0.752,0.53,0.0,0.577,0.41,0.0,1.0,0.761
0,2026.05.11 15:01:59,NFLXm,MEAN_REVERSION,BUY,4,86.86,86.49,87.2,0.92,0.564,86.817,86.928,86.41,1,0.063,1.232,-0.7372,87.518,87.58925,91.641,86.0965,1,0.024,0.35,0,86.817,0.778,0.405,0,0.0,0.0,86.6425,92.4145,12.632,0,0,0,0.8,-0.825,-0.2206,0.825,0.856,2,0.598,0,0.499,86.521,86.077,0.09,0.882,0.0,2,0.25,0,0.598,0.284,0.882,0.322,0.329,0,86.817,8,0.756,0.821,0.143,0.247,0.187,0.976,0.973,94.25851,94.25851,92.03939,-244.4356,-246.7704,-2,93.79878,0.719,104.37257,0.346,93.79878,0.959,1,0.042,1,0,12611,0.784,0.544,0.397,38.0,38.0,0.8312,45.7,0.0,1,1,0.78,50.1,1,1,0.78,18.0,-1,80.413,0.024,0.976,0.0,0.0,0.0,0.0,0.0,0.5,0.0,0.782,0.304,0.5,0.533,0.0,0.761,0.0,0,0,0.582,0.8,0.0,0.202,0.0,0.24,0.411,0.0,0.672,0.41,0.0,1.0,0.826
39562,2026.05.11 16:35:40,NFLXm,SWEEP_REVERSAL,BUY,4,86.35,85.88,86.75,0.86,0.154,86.373,86.854,86.262,0,0.176,0.453,-0.8561,87.518,87.58925,91.641,86.0965,0,0.034,0.4,0,86.817,0.679,0.606,0,0.0,0.0,0.0,92.4145,13.011,0,0,0,1.0,-1.0,-0.2573,1.0,0.019,2,0.539,0,0.887,86.447,86.077,1.013,0.227,0.0,2,0.0,0,0.539,0.805,1.799,0.447,0.44,1,86.373,1,0.7,0.0,0.294,0.3,0.177,0.808,0.977,94.19522,98.63261,92.29649,-647.0144,-402.5788,-2,94.19522,0.706,104.05609,0.349,94.19522,0.942,1,0.068,1,0,12612,0.784,0.544,0.397,38.0,38.0,0.8073,47.1,0.0,1,1,0.78,50.1,1,1,0.78,18.0,-1,77.011,0.02,0.98,0.0,0.0,0.0,0.0,0.0,0.5,0.0,0.871,0.469,0.5,0.498,0.0,0.254,0.0,0,0,0.269,0.554,0.0,0.416,0.0,0.597,0.152,0.0,0.672,0.41,0.0,1.0,0.804
39564,2026.05.11 17:01:59,NFLXm,MEAN_REVERSION,BUY,3,86.0,85.59,86.78,1.92,0.586,86.40425,86.9145,86.208,0,1.445,0.057,-1.5399,87.3965,87.5195,91.183,85.58,1,0.037,0.45,0,86.79675,0.742,0.374,0,0.0,0.0,85.9115,92.4145,13.4,0,0,0,1.0,-0.825,-0.2607,0.825,0.051,2,0.608,0,0.522,86.40425,85.69775,1.54,0.153,0.0,2,0.4,0,0.608,1.022,2.311,0.442,0.39,1,86.40425,1,0.7,0.0,0.445,0.247,0.244,0.911,0.907,94.19522,98.63261,92.29649,-647.0144,-402.5788,-2,94.19522,0.706,104.05609,0.349,94.19522,0.942,1,0.068,1,0,12613,0.784,0.544,0.397,38.0,38.0,0.7461,50.9,0.0,1,1,0.78,50.1,1,1,0.78,18.0,-1,70.491,0.02,0.98,0.0,0.0,0.0,0.12,0.0,0.5,0.0,0.521,0.242,0.5,0.501,0.0,0.346,0.0,0,0,0.444,0.242,0.0,0.264,0.0,0.602,0.142,0.0,0.637,0.41,0.0,1.0,0.717
39566,2026.05.11 19:01:59,NFLXm,MEAN_REVERSION,BUY,3,85.56,85.18,86.27,1.87,0.489,85.14375,86.244,84.94,1,0.032,0.374,0.0761,87.28375,87.4865,90.959,84.94,1,0.048,0.8,2,85.14375,0.766,0.238,0,0.0,0.0,0.0,92.4145,15.122,0,0,0,0.8,-0.825,-0.5195,0.825,1.0,2,0.435,3,1.0,85.14375,84.98075,0.076,0.418,0.0,2,0.25,0,0.435,0.125,0.418,0.3,0.296,0,84.94,5,0.6,0.848,0.1,0.247,0.088,0.685,0.932,94.19522,98.63261,92.29649,-647.0144,-402.5788,-2,94.19522,0.706,104.05609,0.349,94.19522,0.942,1,0.068,1,0,12615,0.784,0.544,0.397,38.0,38.0,0.7976,47.6,0.0,1,1,0.78,50.1,1,1,0.78,18.0,-1,74.429,0.02,0.98,0.0,0.0,0.0,0.25,0.0,0.5,0.0,0.74,0.456,0.5,0.526,0.0,0.377,0.0,0,0,0.335,0.8,0.0,0.241,0.0,0.805,0.438,0.0,0.675,0.41,0.0,1.0,0.67
0,2026.05.12 10:17:30,NFLXm,MEAN_REVERSION,BUY,2,85.48,85.11,85.78,0.81,0.578,85.19775,85.6185,84.93,0,0.184,1.013,-0.6453,87.4005,87.47925,90.9555,84.93,0,0.056,0.45,2,85.19775,0.769,0.667,0,0.0,0.0,85.191,92.4145,16.155,0,0,0,0.8,-0.825,-0.5703,0.825,0.113,0,0.655,1,0.341,85.1595,85.4655,0.562,1.226,0.0,2,0.25,0,0.655,0.531,1.226,0.433,0.301,0,85.19775,8,0.754,0.0,0.366,0.247,0.088,0.562,0.97,94.01183,98.57549,92.11405,-787.98,-140.9656,-2,94.01183,0.775,103.9689,0.345,79.07622,0.339,-1,0.228,1,0,12616,0.784,0.544,0.397,58.0,43.6,1.257,46.1,0.0,1,1,0.78,50.1,1,1,0.78,18.0,-1,76.675,0.02,0.98,0.0,0.0,0.0,0.0,0.0,0.5,0.0,0.786,0.458,0.5,0.551,0.0,0.345,0.0,0,0,0.329,0.574,0.0,0.181,0.0,0.033,0.193,0.0,0.669,0.41,0.0,1.0,0.804
0,2026.05.12 14:02:20,NFLXm,ANCHORED_PULLBACK,BUY,4,86.75,86.59,87.1,2.14,0.245,85.1625,86.16,84.83,0,1.019,1.569,2.3317,87.31325,87.87525,89.9835,84.83,1,0.029,0.7,2,86.0175,0.607,0.0,1,0.0,0.0,86.05,92.4145,11.151,0,0,0,1.0,-0.825,-0.2517,0.825,0.184,2,0.496,3,0.863,86.1125,85.6375,0.497,1.414,0.0,2,0.25,0,0.496,0.985,2.332,0.422,0.371,1,86.0175,8,0.721,0.006,0.345,0.247,0.088,0.492,0.971,94.30128,94.30128,92.20225,-266.9065,521.0735,-1,93.9057,0.785,103.79523,0.346,78.8736,0.339,-1,0.184,1,0,12620,0.782,0.542,0.397,38.0,38.0,0.7338,51.8,0.0,1,1,0.78,50.1,1,1,0.78,18.0,-1,70.772,0.522,0.478,0.0,1.0,0.0,0.51,0.0,0.5,0.0,0.201,0.521,0.5,0.784,0.0,0.762,0.0,0,0,0.552,0.398,0.0,0.223,0.0,0.932,0.587,0.0,0.619,0.41,0.0,1.0,0.851
0,2026.05.12 15:00:20,NFLXm,BREAKOUT_RETEST,BUY,4,88.52,88.32,90.15,8.11,0.432,87.90725,88.56,86.1355,1,0.367,1.479,0.347,87.34775,87.87525,89.515,84.83,1,0.004,0.65,2,87.90725,0.713,0.179,0,0.0,0.0,87.8975,92.4145,6.075,0,0,0,0.675,0.685,0.1079,0.685,0.396,2,0.498,3,0.364,88.0005,87.2545,0.208,1.32,0.0,2,0.0,0,0.498,0.516,1.32,0.391,0.336,0,87.90725,8,0.742,0.584,0.181,0.206,0.0,0.846,0.971,94.30128,94.30128,92.20225,-266.9065,521.0735,-1,93.9057,0.785,103.79523,0.346,78.8736,0.339,-1,0.184,1,0,12621,0.782,0.542,0.397,38.0,38.0,0.5666,67.1,0.0,1,1,0.78,50.1,1,1,0.78,18.0,-1,57.282,0.522,0.478,0.0,1.0,0.0,0.22,0.0,0.5,0.0,0.069,0.552,0.5,0.522,0.0,0.952,0.0,0,0,0.569,0.726,0.0,1.0,0.0,0.268,0.595,0.0,0.593,0.41,0.0,1.0,0.998
39568,2026.05.12 15:32:40,NFLXm,PULLBACK,BUY,4,89.03,88.41,89.9,1.39,0.359,87.90725,88.56,86.1355,0,0.367,1.479,1.1074,87.34775,87.87525,89.515,84.83,1,0.012,0.65,2,87.90725,0.713,0.179,0,0.0,0.0,87.8975,92.4145,6.075,0,0,0,0.675,0.685,0.1079,0.685,0.202,2,0.498,3,0.364,88.0005,87.2545,0.968,2.081,0.0,2,0.0,0,0.498,0.873,2.081,0.42,0.378,1,87.90725,8,0.742,0.0,0.239,0.206,0.0,0.846,0.971,94.30128,94.30128,92.20225,-266.9065,521.0735,-1,93.9057,0.785,103.79523,0.346,78.8736,0.339,-1,0.184,1,0,12621,0.782,0.542,0.397,38.0,38.0,0.5666,67.1,0.0,1,1,0.78,50.1,1,1,0.78,18.0,-1,58.043,0.522,0.478,0.0,1.0,0.0,0.78,0.0,0.5,0.0,0.502,0.602,0.5,0.484,0.0,0.618,0.0,0,0,0.454,0.436,0.0,0.572,0.0,0.358,0.772,0.0,0.594,0.41,0.0,1.0,1.039
39570,2026.05.12 16:10:00,NFLXm,TREND_CONTINUATION,BUY,4,89.06,88.23,90.8,2.08,0.507,88.5165,88.8,86.532,1,0.106,1.736,0.235,87.31125,87.87525,89.0465,84.83,1,0.012,0.6,2,88.5165,0.762,0.328,0,0.0,0.0,88.644,92.4145,5.497,0,0,0,0.5,0.72,0.3862,0.72,0.538,2,0.419,2,0.084,88.422,87.1935,0.371,2.137,0.0,2,0.0,3,0.61,1.216,2.137,0.569,0.39,1,88.422,2,0.55,0.258,0.139,0.616,0.0,0.678,0.946,94.04955,98.68864,91.84707,-672.1544,-405.2478,-2,94.04955,0.727,104.35864,0.365,94.04955,0.969,1,0.344,1,0,12622,0.782,0.542,0.397,38.0,38.0,0.5462,69.6,0.0,1,1,0.78,50.1,1,1,0.78,18.0,-1,56.0,0.023,0.977,0.0,0.0,0.0,0.9,0.0,0.5,0.0,0.773,0.441,0.5,0.478,0.0,0.351,0.0,0,0,0.319,0.736,0.0,0.627,0.0,0.329,0.563,0.0,0.504,0.41,0.0,1.0,0.972
39572,2026.05.12 16:11:00,NFLXm,BREAKOUT,BUY,4,88.99,87.95,90.73,1.67,0.293,88.5165,88.8,86.532,1,0.106,1.736,0.1344,87.31125,87.87525,89.0465,84.83,1,0.011,0.6,2,88.5165,0.762,0.328,0,0.0,0.0,88.644,92.4145,5.497,0,0,0,0.5,0.72,0.3862,0.72,0.815,2,0.419,2,0.084,88.422,87.1935,0.27,2.036,0.0,2,0.0,3,0.61,1.075,2.036,0.528,0.373,1,86.532,5,0.6,0.46,0.056,0.616,0.0,0.678,0.946,94.04955,98.68864,91.84707,-672.1544,-405.2478,-2,94.04955,0.727,104.35864,0.365,94.04955,0.969,1,0.344,1,0,12622,0.782,0.542,0.397,38.0,38.0,0.5462,69.6,0.0,1,1,0.78,50.1,1,1,0.78,18.0,-1,55.899,0.023,0.977,0.0,0.0,0.0,0.67,0.0,0.5,0.0,0.657,0.45,0.5,0.478,0.0,0.351,0.0,0,0,0.314,0.783,0.0,0.492,0.0,0.329,0.462,0.0,0.553,0.41,0.0,1.0,1.02
39574,2026.05.12 16:38:40,NFLXm,ANCHORED_PULLBACK,BUY,4,89.25,88.44,90.26,1.24,0.515,88.5165,88.8,86.532,0,0.106,1.736,0.5081,87.31125,87.87525,89.0465,84.83,1,0.014,0.6,2,88.5165,0.762,0.328,0,0.0,0.0,88.644,92.4145,5.497,0,0,0,0.5,0.72,0.3862,0.72,0.538,2,0.419,2,0.084,88.422,87.1935,0.644,2.41,0.0,2,0.0,3,0.61,1.372,2.41,0.569,0.408,1,88.5165,8,0.752,0.0,0.139,0.616,0.0,0.678,0.946,94.04955,98.68864,91.84707,-672.1544,-405.2478,-2,94.04955,0.727,104.35864,0.365,94.04955,0.969,1,0.344,1,0,12622,0.782,0.542,0.397,38.0,38.0,0.5462,69.6,0.0,1,1,0.78,50.1,1,1,0.78,18.0,-1,56.273,0.023,0.977,0.0,0.0,0.0,0.99,0.0,0.5,0.0,0.887,0.738,0.5,0.547,0.0,0.288,0.0,0,0,0.422,0.644,0.0,0.506,0.0,0.387,0.677,0.0,0.504,0.41,0.0,1.0,1.012
39576,2026.05.12 17:06:40,NFLXm,BREAKOUT_RETEST,BUY,3,88.56,87.74,90.12,1.9,0.394,88.682,88.97,87.434,1,0.127,1.732,-0.6945,87.2105,87.87525,89.0465,85.2985,1,0.004,0.4,2,88.682,0.708,0.274,0,0.0,0.0,88.47975,92.4145,5.291,0,0,0,0.55,0.755,0.6087,0.755,0.254,2,0.516,3,0.978,87.914,87.242,0.368,1.298,0.0,2,0.0,0,0.516,0.535,1.298,0.412,0.352,1,87.914,2,0.55,0.264,0.224,0.226,0.0,0.31,0.97,94.04955,98.68864,91.84707,-672.1544,-405.2478,-2,94.04955,0.727,104.35864,0.365,94.04955,0.969,1,0.344,1,0,12623,0.782,0.542,0.397,38.0,38.0,0.5257,72.3,0.0,1,1,0.78,50.1,1,1,0.78,18.0,-1,53.206,0.023,0.977,0.0,0.0,0.0,0.0,0.0,0.5,0.0,0.579,0.35,0.5,0.482,0.0,0.234,0.0,0,0,0.328,0.725,0.0,0.792,0.0,0.373,0.536,0.0,0.593,0.41,0.0,1.0,0.899
39578,2026.05.12 17:32:40,NFLXm,PULLBACK,BUY,3,88.39,87.74,89.06,1.04,0.468,88.682,88.97,87.434,1,0.127,1.732,-0.9296,87.2105,87.87525,89.0465,85.2985,1,0.002,0.4,2,88.682,0.708,0.274,0,0.0,0.0,88.47975,92.4145,5.291,0,0,0,0.55,0.755,0.6087,0.755,0.254,2,0.516,3,0.978,87.914,87.242,0.133,1.062,0.0,2,0.0,0,0.516,0.438,1.062,0.412,0.341,0,88.682,8,0.742,0.734,0.224,0.226,0.0,0.31,0.97,94.04955,98.68864,91.84707,-672.1544,-405.2478,-2,94.04955,0.727,104.35864,0.365,94.04955,0.969,1,0.344,1,0,12623,0.782,0.542,0.397,38.0,38.0,0.5257,72.3,0.0,1,1,0.78,50.1,1,1,0.78,18.0,-1,52.97,0.023,0.977,0.0,0.0,0.0,0.67,0.0,0.5,0.0,0.521,0.377,0.5,0.498,0.0,0.249,0.0,0,0,0.323,0.628,0.0,0.792,0.0,0.517,0.511,0.0,0.593,0.41,0.0,1.0,0.899
39580,2026.05.12 17:47:40,NFLXm,MEAN_REVERSION,BUY,3,88.19,87.74,89.06,1.95,0.543,88.682,88.97,87.434,1,0.127,1.732,-1.2063,87.2105,87.87525,89.0465,85.2985,1,0.001,0.4,2,88.682,0.708,0.274,0,0.0,0.0,88.47975,92.4145,5.291,0,0,0,0.55,0.755,0.6087,0.755,0.137,2,0.516,3,0.978,87.914,87.242,0.144,0.786,0.0,2,0.0,0,0.516,0.518,1.206,0.429,0.35,1,87.434,5,0.6,0.712,0.259,0.226,0.0,0.31,0.97,94.04955,98.68864,91.84707,-672.1544,-405.2478,-2,94.04955,0.727,104.35864,0.365,94.04955,0.969,1,0.344,1,0,12623,0.782,0.542,0.397,38.0,38.0,0.5257,72.3,0.0,1,1,0.78,50.1,1,1,0.78,18.0,-1,52.694,0.023,0.977,0.0,0.0,0.0,0.0,0.0,0.5,0.0,1.0,0.339,0.5,0.536,0.0,0.232,0.0,0,0,0.35,0.605,0.0,0.88,0.0,0.517,0.482,0.0,0.593,0.41,0.0,1.0,0.899
39582,2026.05.12 18:09:40,NFLXm,SWEEP_REVERSAL,BUY,3,87.73,87.03,88.31,0.82,0.089,88.645,88.71,87.8,0,0.362,0.377,-1.8406,87.2105,87.7355,89.3,85.724,1,0.005,0.35,2,88.645,0.708,0.275,0,0.0,0.0,87.993,92.4145,6.829,0,0,0,0.6,0.79,0.711,0.79,0.025,2,0.52,3,0.557,87.93,87.28,0.824,0.099,0.0,2,0.0,0,0.52,0.821,1.841,0.446,0.358,1,87.93,2,0.55,0.0,0.293,0.237,0.0,0.497,0.968,94.04955,98.68864,91.84707,-672.1544,-405.2478,-2,94.04955,0.727,104.35864,0.365,94.04955,0.969,1,0.344,1,0,12624,0.782,0.542,0.397,38.0,38.0,0.5401,70.4,0.0,1,1,0.78,50.1,1,1,0.78,18.0,-1,53.484,0.023,0.977,0.0,0.0,0.0,0.0,0.0,0.5,0.0,0.812,0.211,0.5,0.51,0.0,0.331,0.0,0,0,0.459,0.53,0.0,0.572,0.0,0.6,0.331,0.0,0.613,0.41,0.0,1.0,0.957
39584,2026.05.12 19:00:00,NFLXm,TREND_CONTINUATION,BUY,3,87.88,87.04,89.64,2.08,0.503,88.6445,88.784,87.854,0,0.357,0.041,-1.63,87.2105,87.85625,89.2685,86.0405,1,0.005,0.5,2,88.6445,0.788,0.0,2,0.0,0.0,87.4205,92.4145,6.999,0,0,0,0.975,0.65,0.6267,0.65,0.129,2,0.584,3,0.84,87.2495,87.5285,0.357,0.041,0.0285,2,0.4,0,0.584,0.702,1.63,0.431,0.31,0,87.2495,2,0.55,0.286,0.421,0.195,0.14,0.3,0.851,94.04955,98.68864,91.84707,-672.1544,-405.2478,-2,94.04955,0.727,104.35864,0.365,94.04955,0.969,1,0.344,1,0,12625,0.782,0.542,0.397,38.0,38.0,0.5412,70.2,0.0,1,1,0.78,50.1,1,1,0.78,18.0,0,53.807,0.023,0.977,0.0,0.0,0.5,0.84,0.0,0.5,0.0,1.0,0.54,0.5,0.532,0.0,0.263,0.0,0,0,0.289,0.507,0.0,0.922,0.0,0.458,0.566,0.0,0.594,0.41,0.0,1.0,0.957
39586,2026.05.12 19:32:40,NFLXm,PULLBACK,BUY,3,87.78,86.73,89.02,1.18,0.43,88.6445,88.784,87.854,0,0.357,0.041,-1.7724,87.2105,87.85625,89.2685,86.0405,1,0.006,0.5,2,88.6445,0.788,0.0,2,0.0,0.0,87.4205,92.4145,6.999,0,0,0,0.975,0.65,0.6267,0.65,0.218,2,0.585,3,0.84,87.2495,87.3425,0.214,0.082,0.0,2,0.4,0,0.585,0.74,1.772,0.417,0.315,0,88.6445,8,0.758,0.571,0.395,0.195,0.14,0.3,0.838,94.04955,98.68864,91.84707,-672.1544,-405.2478,-2,94.04955,0.727,104.35864,0.365,94.04955,0.969,1,0.344,1,0,12625,0.782,0.542,0.397,38.0,38.0,0.5412,70.2,0.0,1,1,0.78,50.1,1,1,0.78,18.0,0,53.664,0.023,0.977,0.0,0.0,0.5,0.52,0.0,0.5,0.0,1.0,0.551,0.5,0.559,0.0,0.285,0.0,0,0,0.312,0.526,0.0,0.83,0.0,0.551,0.331,0.0,0.593,0.41,0.0,1.0,0.957
0,2026.05.13 10:10:00,NFLXm,ANCHORED_PULLBACK,BUY,2,87.76,87.39,88.3,1.48,0.512,88.61825,88.97,87.4625,0,0.365,0.073,-2.4082,87.2105,87.6875,89.021,85.973,1,0.011,0.75,2,88.61825,0.729,0.376,0,0.0,0.0,87.4055,87.2195,0.377,0,0,0,1.0,0.86,0.5317,0.86,0.011,2,0.489,3,0.737,87.21125,87.0605,0.365,0.146,0.8387,0,0.15,2,1.0,1.441,2.408,0.598,0.565,2,87.2195,6,0.65,0.27,0.357,0.958,0.053,0.621,0.931,93.76104,92.23776,87.62798,-455.7695,216.3849,-1,93.76104,0.707,104.42403,0.356,93.76104,0.943,1,0.176,1,0,12626,0.782,0.542,0.397,80.0,38.4,1.1618,68.9,0.0,1,1,0.78,50.1,1,1,0.78,18.0,0,54.693,0.303,0.697,0.0,1.0,0.5,0.0,0.0,0.5,0.0,0.924,0.595,0.5,0.509,0.0,0.304,0.0,0,0,0.331,0.337,0.0,0.924,0.0,0.752,0.375,0.0,0.502,0.41,0.0,1.0,1.053
39588,2026.05.13 10:10:30,NFLXm,PULLBACK,BUY,2,87.85,86.82,89.42,1.52,0.476,88.61825,88.97,87.4625,0,0.365,0.073,-2.2775,87.2105,87.6875,89.021,85.973,1,0.009,0.75,2,88.61825,0.729,0.376,0,0.0,0.0,87.4055,87.2195,0.377,0,0,0,1.0,0.86,0.5317,0.86,0.011,2,0.512,3,0.737,87.21125,87.0605,0.234,0.015,0.0,2,0.15,0,0.512,1.021,2.278,0.448,0.394,1,88.61825,8,0.746,0.532,0.357,0.258,0.053,0.621,0.931,93.76104,92.23776,87.62798,-455.7695,216.3849,-1,93.76104,0.707,104.42403,0.356,93.76104,0.943,1,0.176,1,0,12626,0.782,0.542,0.397,80.0,39.3,1.1618,68.9,0.0,1,1,0.78,50.1,1,1,0.78,18.0,0,54.824,0.303,0.697,0.0,1.0,0.5,0.02,0.0,0.5,0.0,1.0,0.6,0.5,0.554,0.0,0.262,0.0,0,0,0.331,0.333,0.0,0.88,0.0,0.296,0.32,0.0,0.579,0.41,0.0,1.0,0.957
39589,2026.05.13 10:10:30,NFLXm,TREND_CONTINUATION,BUY,2,87.85,87.02,89.42,1.9,0.559,88.61825,88.97,87.4625,0,0.365,0.073,-2.2775,87.2105,87.6875,89.021,85.973,1,0.009,0.75,2,88.61825,0.729,0.376,0,0.0,0.0,87.4055,87.2195,0.377,0,0,0,1.0,0.86,0.5317,0.86,0.011,2,0.512,3,0.737,87.21125,87.0605,0.234,0.015,0.0,2,0.15,0,0.512,1.021,2.278,0.448,0.394,1,88.61825,8,0.746,0.532,0.357,0.258,0.053,0.621,0.931,93.76104,92.23776,87.62798,-455.7695,216.3849,-1,93.76104,0.707,104.42403,0.356,93.76104,0.943,1,0.176,1,0,12626,0.782,0.542,0.397,80.0,39.7,1.1618,68.9,0.0,1,1,0.78,50.1,1,1,0.78,18.0,0,54.824,0.303,0.697,0.0,1.0,0.5,0.02,0.0,0.5,0.0,1.0,0.6,0.5,0.554,0.0,0.262,0.0,0,0,0.331,0.333,0.0,0.88,0.0,0.296,0.32,0.0,0.579,0.41,0.0,1.0,0.957
0,2026.05.13 10:12:00,NFLXm,SWEEP_REVERSAL,BUY,2,87.84,87.15,89.42,2.29,0.157,88.61825,88.97,87.4625,0,0.365,0.073,-2.2921,87.2105,87.6875,89.021,85.973,1,0.009,0.75,2,88.61825,0.729,0.376,0,0.0,0.0,87.4055,87.2195,0.377,0,0,0,1.0,0.86,0.5317,0.86,0.011,2,0.512,3,0.737,87.21125,87.0605,0.249,0.03,0.0,2,0.15,0,0.512,1.028,2.292,0.448,0.395,1,88.61825,8,0.746,0.503,0.357,0.258,0.053,0.621,0.931,93.76104,92.23776,87.62798,-455.7695,216.3849,-1,93.76104,0.707,104.42403,0.356,93.76104,0.943,1,0.176,1,0,12626,0.782,0.542,0.397,80.0,40.9,1.1618,68.9,0.0,1,1,0.78,50.1,1,1,0.78,18.0,0,54.809,0.303,0.697,0.0,1.0,0.5,0.04,0.0,0.5,0.0,1.0,0.56,0.5,0.554,0.0,0.262,0.0,0,0,0.307,0.333,0.0,0.88,0.0,0.296,0.317,0.0,0.579,0.41,0.0,1.0,0.957
0,2026.05.13 10:12:00,NFLXm,MEAN_REVERSION,BUY,2,87.84,87.29,89.42,2.87,0.546,88.61825,88.97,87.4625,0,0.365,0.073,-2.2921,87.2105,87.6875,89.021,85.973,1,0.009,0.75,2,88.61825,0.729,0.376,0,0.0,0.0,87.4055,87.2195,0.377,0,0,0,1.0,0.86,0.5317,0.86,0.011,2,0.512,3,0.737,87.21125,87.0605,0.249,0.03,0.0,2,0.15,0,0.512,1.028,2.292,0.448,0.395,1,88.61825,8,0.746,0.503,0.357,0.258,0.053,0.621,0.931,93.76104,92.23776,87.62798,-455.7695,216.3849,-1,93.76104,0.707,104.42403,0.356,93.76104,0.943,1,0.176,1,0,12626,0.782,0.542,0.397,80.0,41.4,1.1618,68.9,0.0,1,1,0.78,50.1,1,1,0.78,18.0,0,54.809,0.303,0.697,0.0,1.0,0.5,0.04,0.0,0.5,0.0,1.0,0.56,0.5,0.554,0.0,0.262,0.0,0,0,0.307,0.333,0.0,0.88,0.0,0.296,0.317,0.0,0.579,0.41,0.0,1.0,0.957
0,2026.05.13 12:10:59,NFLXm,TREND_CONTINUATION,BUY,2,87.63,86.86,88.5,1.14,0.563,87.44175,87.9065,87.146,0,1.048,0.012,-1.7116,86.5895,87.55625,89.192,86.284,1,0.019,0.45,0,87.44175,0.695,0.47,0,0.0,0.0,0.0,87.2195,1.097,0,0,0,1.0,0.93,0.2214,0.93,0.119,0,0.659,0,0.614,87.18825,86.51225,1.314,0.254,0.0,2,0.15,0,0.659,0.74,1.712,0.432,0.384,1,87.2195,6,0.65,0.0,0.324,0.279,0.175,0.632,0.833,94.04955,98.68864,87.6888,-1078.4149,-622.6455,-2,94.04955,0.698,104.35864,0.373,79.10136,0.343,-1,0.081,1,0,12628,0.782,0.542,0.397,128.0,128.0,2.0067,63.8,0.0,1,1,0.78,50.1,1,1,0.78,18.0,0,58.838,0.068,0.932,0.0,0.0,0.5,0.0,0.0,0.5,0.0,0.669,0.373,0.5,0.527,0.0,0.093,0.0,0,0,0.272,0.325,0.0,0.529,0.0,0.428,0.229,0.0,0.596,0.41,0.0,1.0,0.891
0,2026.05.13 12:12:00,NFLXm,SWEEP_REVERSAL,BUY,2,87.68,87.04,88.5,1.28,0.184,87.44175,87.9065,87.146,0,1.048,0.012,-1.6332,86.5895,87.55625,89.192,86.284,1,0.018,0.45,0,87.44175,0.695,0.47,0,0.0,0.0,0.0,87.2195,1.097,0,0,0,1.0,0.93,0.2214,0.93,0.119,0,0.659,0,0.614,87.18825,86.51225,1.236,0.176,0.0,2,0.15,0,0.659,0.706,1.633,0.432,0.38,1,87.2195,6,0.65,0.0,0.324,0.279,0.175,0.632,0.833,94.04955,98.68864,87.6888,-1078.4149,-622.6455,-2,94.04955,0.698,104.35864,0.373,79.10136,0.343,-1,0.081,1,0,12628,0.782,0.542,0.397,128.0,128.0,2.0067,63.8,0.0,1,1,0.78,50.1,1,1,0.78,18.0,0,58.916,0.068,0.932,0.0,0.0,0.5,0.13,0.0,0.5,0.0,0.669,0.43,0.5,0.527,0.0,0.093,0.0,0,0,0.238,0.325,0.0,0.529,0.0,0.428,0.232,0.0,0.597,0.41,0.0,1.0,0.891
0,2026.05.13 12:12:00,NFLXm,MEAN_REVERSION,BUY,2,87.68,87.17,88.5,1.61,0.594,87.44175,87.9065,87.146,0,1.048,0.012,-1.6332,86.5895,87.55625,89.192,86.284,1,0.018,0.45,0,87.44175,0.695,0.47,0,0.0,0.0,0.0,87.2195,1.097,0,0,0,1.0,0.93,0.2214,0.93,0.119,0,0.659,0,0.614,87.18825,86.51225,1.236,0.176,0.0,2,0.15,0,0.659,0.706,1.633,0.432,0.38,1,87.2195,6,0.65,0.0,0.324,0.279,0.175,0.632,0.833,94.04955,98.68864,87.6888,-1078.4149,-622.6455,-2,94.04955,0.698,104.35864,0.373,79.10136,0.343,-1,0.081,1,0,12628,0.782,0.542,0.397,128.0,128.0,2.0067,63.8,0.0,1,1,0.78,50.1,1,1,0.78,18.0,0,58.916,0.068,0.932,0.0,0.0,0.5,0.13,0.0,0.5,0.0,0.669,0.43,0.5,0.527,0.0,0.093,0.0,0,0,0.238,0.325,0.0,0.529,0.0,0.428,0.232,0.0,0.597,0.41,0.0,1.0,0.891
0,2026.05.13 13:00:00,NFLXm,ANCHORED_PULLBACK,BUY,4,87.99,87.8,89.29,6.91,0.253,87.4,87.502,87.094,0,0.748,0.12,-1.0615,86.5895,87.55625,89.192,86.284,1,0.013,0.3,2,87.4,0.714,0.0,2,0.0,0.0,86.327,87.2195,0.784,0,0,0,0.675,-0.685,-0.0956,0.685,0.359,2,0.647,3,1.0,87.23,86.924,0.8,0.329,-0.5423,1,0.15,0,0.647,0.421,1.062,0.396,0.389,1,87.2195,6,0.65,0.0,0.552,0.206,0.053,0.606,0.904,94.04955,98.68864,87.6888,-1078.4149,-622.6455,-2,94.04955,0.698,104.35864,0.373,79.10136,0.343,-1,0.081,1,0,12629,0.782,0.542,0.397,128.0,128.0,1.9692,65.0,0.0,1,1,0.78,50.1,1,1,0.78,18.0,0,58.292,0.068,0.932,0.0,0.0,0.5,0.94,0.0,0.5,0.0,0.325,0.562,0.5,0.511,0.0,0.741,0.0,0,0,0.487,0.453,0.0,0.754,0.0,0.191,0.295,0.0,0.601,0.41,0.0,1.0,0.662
39592,2026.05.13 13:34:59,NFLXm,NAKED_POC,BUY,4,87.08,86.15,88.06,1.04,0.441,87.4,87.502,87.094,0,0.748,0.12,-1.7231,86.5895,87.55625,89.192,86.284,0,0.02,0.3,2,87.4,0.714,0.0,2,0.0,0.0,86.327,87.2195,0.784,0,0,0,0.675,-0.685,-0.0956,0.685,0.256,0,0.686,3,1.0,87.23,86.244,1.462,0.055,0.0,2,0.15,0,0.686,0.709,1.723,0.412,0.432,1,87.2195,6,0.65,0.0,0.283,0.206,0.053,0.606,0.94,94.04955,98.68864,87.6888,-1078.4149,-622.6455,-2,94.04955,0.698,104.35864,0.373,79.10136,0.343,-1,0.081,1,0,12629,0.782,0.542,0.397,80.0,119.4,1.2308,65.0,0.0,1,1,0.78,50.1,1,1,0.78,18.0,0,56.892,0.068,0.932,0.0,0.0,0.5,0.93,0.0,0.5,0.0,0.448,0.489,0.5,0.844,0.0,0.922,0.0,0,0,0.629,0.41,0.0,0.559,0.0,0.261,0.165,0.0,0.638,0.41,0.0,1.0,0.673
39594,2026.05.13 15:34:59,NFLXm,NAKED_POC,BUY,4,87.17,86.38,88.31,1.43,0.55,87.04825,87.0855,86.4895,1,0.097,1.277,-0.3401,86.5895,87.55625,89.192,86.284,1,0.01,0.4,2,87.04825,0.8,0.571,0,0.0,0.0,0.0,87.2195,0.421,0,0,0,0.55,-0.58,-0.2995,0.58,0.436,2,0.6,2,0.129,86.6385,85.85625,0.2,1.23,0.0,2,0.25,0,0.6,0.473,1.23,0.385,0.294,0,87.04825,8,0.76,0.601,0.269,0.174,0.088,0.88,0.942,94.04955,98.68864,87.6888,-1078.4149,-622.6455,-2,94.04955,0.698,104.35864,0.373,79.10136,0.343,-1,0.081,1,0,12631,0.773,0.538,0.397,38.0,38.0,0.5005,75.9,0.0,1,1,0.78,50.1,1,1,0.78,18.0,0,48.822,0.068,0.932,0.0,0.0,0.5,0.39,0.0,0.5,0.0,0.856,0.59,0.5,0.539,0.0,0.299,0.0,0,0,0.336,0.78,0.0,0.679,0.0,0.19,0.493,0.0,0.58,0.41,0.0,1.0,0.773
39596,2026.05.13 17:00:00,NFLXm,BREAKOUT,BUY,3,88.08,87.35,90.13,2.81,0.608,86.95125,87.105,86.49,0,0.788,0.038,0.9131,86.5895,87.8305,88.713,86.242,1,0.002,0.3,0,86.84875,0.758,0.642,0,0.0,0.0,87.465,92.4145,5.749,0,0,0,0.975,-0.825,-0.1667,0.825,0.069,2,0.555,0,0.485,86.9,87.66875,0.976,0.038,0.114,0,0.15,2,0.969,0.612,1.038,0.59,0.462,1,86.95125,1,0.7,0.0,0.339,0.947,0.15,0.886,0.926,93.96082,92.2877,91.94607,-30.6398,1047.7751,-1,93.96082,0.674,103.99951,0.366,93.96082,0.898,1,0.149,1,0,12633,0.773,0.538,0.397,38.0,38.0,0.4634,82.0,0.0,1,1,0.78,50.1,1,1,0.78,18.0,1,46.317,0.521,0.479,0.1,1.0,1.0,0.92,0.0,0.5,0.0,0.843,0.613,0.5,0.46,0.0,0.316,0.0,0,0,0.332,0.538,0.0,1.0,0.0,0.637,0.64,0.0,0.506,0.41,0.0,1.0,0.732
39597,2026.05.13 17:00:20,NFLXm,ANCHORED_PULLBACK,BUY,3,88.08,87.57,88.83,1.46,0.408,86.95125,87.105,86.49,0,0.788,0.038,0.9131,86.5895,87.8305,88.713,86.242,1,0.002,0.3,0,86.84875,0.758,0.642,0,0.0,0.0,87.465,92.4145,5.749,0,0,0,0.975,-0.825,-0.1667,0.825,0.069,2,0.647,0,0.485,86.9,87.66875,0.976,0.038,0.0,2,0.15,0,0.647,0.456,1.038,0.44,0.364,1,86.95125,1,0.7,0.0,0.339,0.247,0.15,0.886,0.926,93.96082,92.2877,91.94607,-30.6398,1047.7751,-1,93.96082,0.674,103.99951,0.366,93.96082,0.898,1,0.149,1,0,12633,0.773,0.538,0.397,38.0,38.0,0.4634,82.0,0.0,1,1,0.78,50.1,1,1,0.78,18.0,1,46.317,0.521,0.479,0.1,1.0,1.0,0.9,0.0,0.5,0.0,1.0,0.611,0.5,0.522,0.0,0.272,0.0,0,0,0.332,0.521,0.0,0.975,0.0,0.249,0.759,0.0,0.577,0.41,0.0,1.0,0.717
39600,2026.05.13 19:00:40,NFLXm,BREAKOUT,BUY,3,88.46,88.06,90.02,3.9,0.228,87.6535,88.41,86.986,1,0.669,1.239,0.6832,87.6245,87.53725,88.9705,86.741,1,0.009,0.8,0,86.8525,0.632,0.36,0,0.0,0.0,88.1695,92.4145,6.815,0,0,0,0.403,0.5039,0.0274,0.504,0.303,0,0.694,3,0.349,87.698,87.9205,0.612,0.255,0.0,2,0.0,0,0.694,0.795,1.966,0.404,0.427,1,87.6535,1,0.7,0.0,0.209,0.151,0.0,0.935,0.934,93.96082,92.2877,91.94607,-30.6398,1047.7751,-1,93.96082,0.674,103.99951,0.366,93.96082,0.898,1,0.149,1,0,12635,0.773,0.538,0.397,38.0,38.0,0.6087,62.4,0.0,1,1,0.78,50.1,1,1,0.78,18.0,1,61.446,0.521,0.479,0.1,1.0,1.0,0.17,0.0,0.5,0.0,0.345,0.605,0.5,0.73,0.0,0.744,0.0,0,0,0.58,0.685,0.0,0.748,0.0,0.517,0.432,0.0,0.59,0.41,0.0,1.0,0.837
39601,2026.05.13 19:01:40,NFLXm,BREAKOUT_RETEST,BUY,3,88.46,88.06,89.5,2.61,0.335,87.6535,88.41,86.986,1,0.669,1.239,0.6832,87.6245,87.53725,88.9705,86.741,1,0.009,0.8,0,86.8525,0.632,0.36,0,0.0,0.0,88.1695,92.4145,6.815,0,0,0,0.403,0.5039,0.0274,0.504,0.303,0,0.694,3,0.349,87.698,87.9205,0.612,0.255,0.0,2,0.0,0,0.694,0.795,1.966,0.404,0.427,1,87.6535,1,0.7,0.0,0.209,0.151,0.0,0.935,0.934,93.96082,92.2877,91.94607,-30.6398,1047.7751,-1,93.96082,0.674,103.99951,0.366,93.96082,0.898,1,0.149,1,0,12635,0.773,0.538,0.397,38.0,38.0,0.6087,62.4,0.0,1,1,0.78,50.1,1,1,0.78,18.0,1,61.446,0.521,0.479,0.1,1.0,1.0,0.13,0.0,0.5,0.0,0.345,0.576,0.5,0.73,0.0,0.744,0.0,0,0,0.562,0.685,0.0,0.748,0.0,0.517,0.432,0.0,0.59,0.41,0.0,1.0,0.837
0,2026.05.13 19:02:40,NFLXm,PULLBACK,BUY,3,88.4,88.06,89.35,2.8,0.423,87.6535,88.41,86.986,1,0.669,1.239,0.5871,87.6245,87.53725,88.9705,86.741,1,0.008,0.8,0,86.8525,0.632,0.36,0,0.0,0.0,88.1695,92.4145,6.815,0,0,0,0.403,0.5039,0.0274,0.504,0.108,0,0.694,3,0.349,87.698,87.9205,0.516,0.159,0.0,2,0.0,0,0.694,0.811,1.87,0.434,0.428,1,87.6535,1,0.7,0.0,0.268,0.151,0.0,0.935,0.934,93.96082,92.2877,91.94607,-30.6398,1047.7751,-1,93.96082,0.674,103.99951,0.366,93.96082,0.898,1,0.149,1,0,12635,0.773,0.538,0.397,38.0,38.0,0.6087,62.4,0.0,1,1,0.78,50.1,1,1,0.78,18.0,1,61.35,0.521,0.479,0.1,1.0,1.0,0.0,0.0,0.5,0.0,0.397,0.523,0.5,0.73,0.0,0.699,0.0,0,0,0.512,0.643,0.0,0.748,0.0,0.517,0.432,0.0,0.588,0.41,0.0,1.0,0.837
39604,2026.05.13 19:02:59,NFLXm,TREND_CONTINUATION,BUY,3,88.43,87.68,89.99,2.08,0.323,87.6535,88.41,86.986,1,0.669,1.239,0.6351,87.6245,87.53725,88.9705,86.741,1,0.008,0.8,0,86.8525,0.632,0.36,0,0.0,0.0,88.1695,92.4145,6.815,0,0,0,0.403,0.5039,0.0274,0.504,0.108,0,0.694,3,0.349,87.698,87.9205,0.564,0.207,0.0,2,0.0,0,0.694,0.832,1.918,0.434,0.431,1,87.6535,1,0.7,0.0,0.268,0.151,0.0,0.935,0.934,93.96082,92.2877,91.94607,-30.6398,1047.7751,-1,93.96082,0.674,103.99951,0.366,93.96082,0.898,1,0.149,1,0,12635,0.773,0.538,0.397,38.0,38.0,0.6087,62.4,0.0,1,1,0.78,50.1,1,1,0.78,18.0,1,61.398,0.521,0.479,0.1,1.0,1.0,0.01,0.0,0.5,0.0,0.397,0.518,0.5,0.73,0.0,0.699,0.0,0,0,0.51,0.643,0.0,0.748,0.0,0.517,0.432,0.0,0.588,0.41,0.0,1.0,0.837
0,2026.05.14 11:00:00,NFLXm,BREAKOUT_RETEST,BUY,2,88.06,87.89,88.27,1.23,0.484,87.6945,87.986,87.403,1,0.278,0.178,-0.3698,87.6245,87.533,88.646,86.42,1,0.001,0.55,0,87.6945,0.66,0.602,0,0.0,0.0,0.0,92.4145,8.508,0,0,0,0.825,0.755,0.2092,0.755,0.339,0,0.7,0,0.52,87.6945,87.3765,0.37,0.178,-0.2672,1,0.45,0,0.7,0.148,0.37,0.399,0.287,0,87.6945,8,0.732,0.26,0.678,0.226,0.261,0.783,0.6,93.96082,92.2877,92.33663,4.416,35.0558,2,93.96082,0.673,103.99951,0.367,93.96082,0.897,1,0.248,1,0,12637,0.773,0.538,0.397,58.0,58.0,1.0,58.0,0.0,1,1,0.78,50.1,1,1,0.78,18.0,0,65.448,0.017,0.983,0.4,0.0,0.5,0.74,0.0,0.5,0.0,1.0,0.556,0.5,0.456,0.0,0.078,0.0,0,0,0.201,0.605,0.0,0.83,0.0,0.003,0.456,0.0,0.579,0.41,0.0,1.0,0.768
0,2026.05.14 11:00:40,NFLXm,MEAN_REVERSION,BUY,2,87.89,87.43,88.27,0.83,0.647,87.6945,87.986,87.403,0,0.278,0.178,-0.6629,87.6245,87.533,88.646,86.42,1,0.004,0.55,0,87.6945,0.66,0.602,0,0.0,0.0,0.0,92.4145,8.508,0,0,0,0.825,0.755,0.2092,0.755,0.285,0,0.765,0,0.52,87.6945,87.3765,0.663,0.115,0.0,2,0.15,0,0.765,0.27,0.663,0.407,0.363,1,87.6945,8,0.732,0.0,0.275,0.226,0.156,0.783,0.6,93.96082,92.2877,92.33663,4.416,35.0558,2,93.96082,0.673,103.99951,0.367,93.96082,0.897,1,0.248,1,0,12637,0.773,0.538,0.397,58.0,58.0,1.0,58.0,0.0,1,1,0.78,50.1,1,1,0.78,18.0,0,65.155,0.017,0.983,0.4,0.0,0.5,0.0,0.0,0.5,0.0,1.0,0.5,0.5,0.504,0.0,0.103,0.0,0,0,0.193,0.569,0.0,0.89,0.0,0.111,0.419,0.0,0.593,0.41,0.0,1.0,0.957
0,2026.05.14 11:04:40,NFLXm,SWEEP_REVERSAL,BUY,2,88.02,87.44,88.49,0.82,0.177,87.6945,87.986,87.403,0,0.278,0.178,-0.8181,87.6245,87.533,88.646,86.42,1,0.005,0.55,0,87.6945,0.66,0.602,0,0.0,0.0,0.0,92.4145,8.508,0,0,0,0.825,0.755,0.2092,0.755,0.285,0,0.765,0,0.52,87.6945,87.3765,0.818,0.27,0.0,2,0.15,0,0.765,0.333,0.818,0.407,0.37,1,87.6945,8,0.732,0.0,0.275,0.226,0.156,0.783,0.6,93.96082,92.2877,92.33663,4.416,35.0558,2,93.96082,0.673,103.99951,0.367,93.96082,0.897,1,0.248,1,0,12637,0.773,0.538,0.397,80.0,61.7,1.3793,58.0,0.0,1,1,0.78,50.1,1,1,0.78,18.0,0,65.379,0.017,0.983,0.4,0.0,0.5,0.0,0.0,0.5,0.0,1.0,0.327,0.5,0.504,0.0,0.103,0.0,0,0,0.297,0.525,0.0,0.668,0.0,0.111,0.392,0.0,0.592,0.41,0.0,1.0,0.957
0,2026.05.14 12:02:20,NFLXm,TREND_CONTINUATION,BUY,2,88.04,87.39,88.7,1.01,0.464,87.89625,88.273,87.6565,0,0.687,0.052,-1.2153,87.6245,87.7845,88.873,86.696,1,0.01,0.45,0,87.89625,0.705,0.0,2,0.0,0.0,87.1825,92.4145,9.434,0,0,0,0.9,0.615,0.2327,0.615,0.539,0,0.726,2,0.012,87.7935,87.314,1.025,0.137,0.0,2,0.4,0,0.726,0.449,1.215,0.369,0.281,0,87.89625,8,0.741,0.0,0.298,0.185,0.14,0.849,0.692,94.19919,98.58887,92.33663,-571.3538,-575.7698,-2,93.65048,0.662,104.07597,0.378,93.65048,0.882,1,0.199,1,0,12638,0.773,0.538,0.397,80.0,80.0,1.4815,54.0,0.0,1,1,0.78,50.1,1,1,0.78,18.0,0,70.259,0.02,0.98,0.0,0.0,0.5,0.5,0.0,0.5,0.0,0.835,0.414,0.5,0.525,0.0,0.186,0.0,0,0,0.284,0.585,0.0,0.554,0.0,0.313,0.567,0.0,0.595,0.41,0.0,1.0,0.891
0,2026.05.14 12:07:30,NFLXm,PULLBACK,BUY,2,88.16,87.93,88.7,2.32,0.395,87.89625,88.273,87.6565,0,0.687,0.052,-0.9931,87.6245,87.7845,88.873,86.696,1,0.008,0.45,0,87.89625,0.705,0.0,2,0.0,0.0,87.1825,92.4145,9.434,0,0,0,0.9,0.615,0.2327,0.615,0.212,0,0.726,2,0.012,87.7935,87.314,0.803,0.085,0.0,2,0.4,0,0.726,0.415,0.993,0.418,0.278,0,87.89625,8,0.741,0.0,0.396,0.185,0.14,0.849,0.692,94.19919,98.58887,92.33663,-571.3538,-575.7698,-2,93.65048,0.662,104.07597,0.378,93.65048,0.882,1,0.199,1,0,12638,0.773,0.538,0.397,80.0,80.0,1.4815,54.0,0.0,1,1,0.78,50.1,1,1,0.78,18.0,0,70.481,0.02,0.98,0.0,0.0,0.5,0.99,0.0,0.5,0.0,0.843,0.509,0.5,0.537,0.0,0.203,0.0,0,0,0.247,0.518,0.0,0.831,0.0,0.313,0.567,0.0,0.599,0.41,0.0,1.0,0.891
0,2026.05.14 13:00:40,NFLXm,MEAN_REVERSION,BUY,4,88.09,87.67,88.7,1.46,0.567,87.89625,88.41,87.6565,0,0.378,0.28,-1.1659,87.6245,87.77975,88.8665,86.693,1,0.009,0.55,0,87.89625,0.705,0.653,0,0.0,0.0,0.0,92.4145,9.989,0,0,0,0.975,0.825,0.1682,0.825,0.443,2,0.623,3,0.466,87.41675,87.1085,0.244,0.349,0.0,2,0.15,0,0.623,0.447,1.166,0.384,0.307,0,87.89625,8,0.741,0.512,0.227,0.247,0.053,0.504,0.824,94.19919,98.58887,92.33663,-571.3538,-575.7698,-2,93.65048,0.662,104.07597,0.378,93.65048,0.882,1,0.199,1,0,12639,0.773,0.538,0.397,80.0,80.0,1.5385,52.0,0.0,1,1,0.78,50.1,1,1,0.78,18.0,0,73.058,0.02,0.98,0.0,0.0,0.5,0.25,0.0,0.5,0.0,0.441,0.443,0.5,0.535,0.0,0.362,0.0,0,0,0.339,0.502,0.0,0.352,0.0,0.338,0.327,0.0,0.588,0.41,0.0,1.0,0.957
0,2026.05.14 13:05:40,NFLXm,SWEEP_REVERSAL,BUY,4,87.77,87.25,88.22,0.86,0.145,87.89625,88.41,87.6565,0,0.378,0.28,-1.7812,87.6245,87.77975,88.8665,86.693,1,0.016,0.55,0,87.89625,0.705,0.653,0,0.0,0.0,0.0,92.4145,9.989,0,0,0,0.975,0.825,0.1682,0.825,0.061,2,0.623,3,0.466,87.41675,87.1085,0.859,0.266,0.0,2,0.15,0,0.623,0.785,1.781,0.441,0.346,0,87.41675,2,0.55,0.0,0.342,0.247,0.053,0.504,0.824,94.19919,98.58887,92.33663,-571.3538,-575.7698,-2,93.65048,0.662,104.07597,0.378,93.65048,0.882,1,0.199,1,0,12639,0.773,0.538,0.397,80.0,80.0,1.5385,52.0,0.0,1,1,0.78,50.1,1,1,0.78,18.0,0,72.442,0.02,0.98,0.0,0.0,0.5,0.0,0.0,0.5,0.807,0.525,0.446,0.5,0.579,0.0,0.286,0.0,0,0,0.321,0.42,0.0,0.66,0.0,0.338,0.272,0.0,0.591,0.41,0.0,1.0,0.957
0,2026.05.14 13:34:40,NFLXm,BREAKOUT_RETEST,BUY,4,88.45,88.18,89.37,3.45,0.567,87.89625,88.41,87.6565,1,0.378,0.28,-0.0505,87.6245,87.77975,88.8665,86.693,1,0.002,0.55,0,87.89625,0.705,0.653,0,0.0,0.0,0.0,92.4145,9.989,0,0,0,0.975,0.825,0.1682,0.825,0.696,2,0.623,3,0.466,87.89625,87.55375,0.05,0.608,0.0,2,0.15,0,0.623,0.21,0.608,0.346,0.341,0,87.6565,5,0.6,0.899,0.151,0.247,0.053,1.0,0.934,94.19919,98.58887,92.33663,-571.3538,-575.7698,-2,93.65048,0.662,104.07597,0.378,93.65048,0.882,1,0.199,1,0,12639,0.773,0.538,0.397,58.0,114.4,1.1154,52.0,0.0,1,1,0.78,50.1,1,1,0.78,18.0,0,73.75,0.02,0.98,0.0,0.0,0.5,0.99,0.0,0.5,0.539,0.358,0.707,0.5,0.839,0.0,0.399,0.0,0,0,0.535,0.696,0.0,0.634,0.0,0.379,0.505,0.0,0.628,0.41,0.0,1.0,0.842
0,2026.05.14 14:02:40,NFLXm,BREAKOUT,BUY,4,88.39,88.07,89.91,4.73,0.393,87.23425,87.9325,86.977,0,0.232,0.594,1.2732,87.04625,87.77975,88.8665,86.693,1,0.004,0.65,0,88.11625,0.712,0.208,0,0.0,0.0,0.0,92.4145,7.426,0,0,0,0.7,0.685,0.0723,0.685,0.469,2,0.617,3,0.38,87.74875,88.26325,0.429,0.416,0.0,2,0.25,0,0.617,0.483,1.273,0.38,0.333,0,87.74875,2,0.55,0.142,0.259,0.206,0.088,0.9,0.956,94.19919,98.58887,92.33663,-571.3538,-575.7698,-2,93.65048,0.662,104.07597,0.378,93.65048,0.882,1,0.199,1,0,12640,0.778,0.534,0.396,38.0,38.0,0.6237,60.9,0.0,1,1,0.78,50.1,1,1,0.78,18.0,0,62.844,0.02,0.98,0.0,0.0,0.5,0.31,0.0,0.5,0.0,0.275,0.398,0.5,0.884,0.0,0.769,0.0,0,0,0.634,0.769,0.0,0.81,0.0,0.772,0.643,0.0,0.568,0.41,0.0,1.0,1.039
39606,2026.05.14 14:02:59,NFLXm,TREND_CONTINUATION,BUY,4,88.39,87.66,89.91,2.08,0.417,87.23425,87.9325,86.977,0,0.232,0.594,1.2732,87.04625,87.77975,88.8665,86.693,1,0.004,0.65,0,88.11625,0.712,0.208,0,0.0,0.0,0.0,92.4145,7.426,0,0,0,0.7,0.685,0.0723,0.685,0.469,2,0.617,3,0.38,87.74875,88.26325,0.429,0.416,0.0,2,0.25,0,0.617,0.483,1.273,0.38,0.333,0,87.74875,2,0.55,0.142,0.259,0.206,0.088,0.9,0.956,94.19919,98.58887,92.33663,-571.3538,-575.7698,-2,93.65048,0.662,104.07597,0.378,93.65048,0.882,1,0.199,1,0,12640,0.778,0.534,0.396,38.0,38.0,0.6237,60.9,0.0,1,1,0.78,50.1,1,1,0.78,18.0,0,62.844,0.02,0.98,0.0,0.0,0.5,0.31,0.0,0.5,0.0,0.275,0.408,0.5,0.884,0.0,0.769,0.0,0,0,0.628,0.769,0.0,0.81,0.0,0.772,0.643,0.0,0.568,0.41,0.0,1.0,1.039
0,2026.05.14 14:07:40,NFLXm,PULLBACK,BUY,4,88.42,88.07,89.25,2.35,0.355,87.23425,87.9325,86.977,0,0.232,0.594,1.3225,87.04625,87.77975,88.8665,86.693,1,0.004,0.65,0,88.11625,0.712,0.208,0,0.0,0.0,0.0,92.4145,7.426,0,0,0,0.7,0.685,0.0723,0.685,0.469,2,0.617,3,0.38,87.74875,88.26325,0.478,0.366,0.0,2,0.25,0,0.617,0.502,1.322,0.38,0.335,0,87.74875,2,0.55,0.044,0.259,0.206,0.088,0.9,0.956,94.19919,98.58887,92.33663,-571.3538,-575.7698,-2,93.65048,0.662,104.07597,0.378,93.65048,0.882,1,0.199,1,0,12640,0.778,0.534,0.396,38.0,38.0,0.6237,60.9,0.0,1,1,0.78,50.1,1,1,0.78,18.0,0,62.893,0.02,0.98,0.0,0.0,0.5,0.57,0.0,0.5,0.0,0.275,0.446,0.5,0.715,0.0,0.822,0.0,0,0,0.576,0.769,0.0,0.81,0.0,0.772,0.649,0.0,0.568,0.41,0.0,1.0,1.039
39608,2026.05.14 15:00:40,NFLXm,MEAN_REVERSION,BUY,4,87.56,87.04,88.13,1.09,0.564,87.30775,87.9325,87.124,1,0.024,0.363,-0.1961,87.68625,87.68,88.73,86.63,1,0.008,0.55,0,87.74875,0.625,0.563,0,0.0,0.0,87.2985,92.4145,7.928,0,0,0,0.75,0.895,0.0641,0.895,0.446,2,0.581,0,0.647,87.271,86.977,0.14,0.312,0.0,2,0.0,0,0.581,0.335,0.873,0.383,0.372,1,87.74875,8,0.725,0.721,0.166,0.269,0.129,0.854,0.868,94.19919,98.58887,92.33663,-571.3538,-575.7698,-2,93.65048,0.662,104.07597,0.378,93.65048,0.882,1,0.199,1,0,12641,0.778,0.534,0.396,38.0,38.0,0.5833,65.1,0.0,1,1,0.78,50.1,1,1,0.78,18.0,0,57.504,0.02,0.98,0.0,0.0,0.5,0.0,0.0,0.5,0.0,0.899,0.548,0.5,0.521,0.0,0.719,0.0,0,0,0.472,0.802,0.0,0.66,0.0,0.245,0.428,0.0,0.562,0.41,0.0,1.0,0.875
39610,2026.05.14 15:34:40,NFLXm,BREAKOUT_RETEST,BUY,4,88.03,87.62,88.72,1.69,0.487,87.30775,87.9325,87.124,1,0.024,0.363,0.5254,87.68625,87.68,88.73,86.63,1,0.0,0.55,0,87.74875,0.625,0.563,0,0.0,0.0,87.2985,92.4145,7.928,0,0,0,0.75,0.895,0.0641,0.895,0.33,2,0.581,0,0.647,87.74875,88.26325,0.152,0.941,0.0,2,0.0,0,0.581,0.377,0.941,0.4,0.356,1,87.30775,1,0.7,0.697,0.201,0.269,0.129,0.687,0.959,94.19919,98.58887,92.33663,-571.3538,-575.7698,-2,93.65048,0.662,104.07597,0.378,93.65048,0.882,1,0.199,1,0,12641,0.778,0.534,0.396,38.0,38.0,0.5833,65.1,0.0,1,1,0.78,50.1,1,1,0.78,18.0,0,58.226,0.02,0.98,0.0,0.0,0.5,0.92,0.0,0.5,0.0,0.969,0.669,0.5,0.487,0.0,0.321,0.0,0,0,0.376,0.804,0.0,0.704,0.0,0.281,0.528,0.0,0.59,0.41,0.0,1.0,0.875
0,2026.05.14 17:02:40,NFLXm,MEAN_REVERSION,BUY,3,87.96,87.73,88.61,2.79,0.689,87.74875,88.2265,87.418,1,0.222,0.618,-0.2408,87.7325,87.555,88.754,87.01,1,0.0,0.55,0,87.74875,0.679,0.441,0,0.0,0.0,87.7375,92.4145,6.985,0,0,0,0.359,-0.4187,-0.0386,0.419,0.555,0,0.775,0,0.646,87.74875,86.977,0.241,0.861,0.0,2,0.25,0,0.775,0.316,0.861,0.367,0.39,1,88.2265,4,0.6,0.518,0.234,0.126,0.217,0.93,0.84,94.36948,98.47534,87.40063,-954.1297,-382.7759,-2,93.78293,0.634,104.34086,0.38,93.78293,0.846,1,0.358,1,0,12643,0.778,0.534,0.396,38.0,38.0,0.5423,70.1,0.0,1,1,0.78,50.1,1,1,0.78,18.0,0,54.031,0.074,0.926,0.0,0.0,0.5,0.6,0.0,0.5,0.0,0.816,0.386,0.5,0.508,0.0,0.296,0.0,0,0,0.339,0.8,0.0,1.0,0.0,0.469,0.459,0.0,0.599,0.41,0.0,1.0,0.773
39612,2026.05.14 17:57:40,NFLXm,SWEEP_REVERSAL,BUY,3,87.56,86.86,88.13,0.81,0.227,87.74875,88.2265,87.418,0,0.222,0.618,-0.8117,87.7325,87.555,88.754,87.01,1,0.005,0.55,0,87.74875,0.679,0.441,0,0.0,0.0,87.7375,92.4145,6.985,0,0,0,0.359,-0.4187,-0.0386,0.419,0.245,0,0.775,0,0.646,87.30775,86.977,0.182,0.29,0.0,2,0.25,0,0.775,0.335,0.812,0.413,0.39,1,87.74875,8,0.736,0.635,0.326,0.126,0.217,0.914,0.84,94.36948,98.47534,87.40063,-954.1297,-382.7759,-2,93.78293,0.634,104.34086,0.38,93.78293,0.846,1,0.358,1,0,12643,0.778,0.534,0.396,38.0,38.0,0.5423,70.1,0.0,1,1,0.78,50.1,1,1,0.78,18.0,0,53.46,0.074,0.926,0.0,0.0,0.5,0.0,0.0,0.5,0.0,0.632,0.16,0.5,0.555,0.0,0.361,0.0,0,0,0.516,0.657,0.0,0.831,0.0,0.37,0.382,0.0,0.575,0.41,0.0,1.0,0.851
39614,2026.05.14 19:02:40,NFLXm,MEAN_REVERSION,BUY,3,87.2,86.69,87.97,1.5,0.709,87.59375,88.02,87.245,0,0.107,0.348,-1.2036,87.7325,87.555,88.536,86.792,1,0.011,0.5,0,87.59375,0.73,0.264,0,0.0,0.0,0.0,92.4145,8.811,0,0,-1,0.387,-0.288,-0.0135,0.288,0.542,0,0.817,3,0.61,86.81875,87.0125,0.002,0.299,0.0,2,0.25,0,0.817,0.444,1.204,0.369,0.362,1,87.59375,8,0.746,0.996,0.237,0.086,0.088,0.534,0.92,94.36948,98.47534,87.40063,-954.1297,-382.7759,-2,93.78293,0.634,104.34086,0.38,93.78293,0.846,1,0.358,1,0,12645,0.778,0.534,0.396,38.0,38.0,0.5911,64.3,0.0,1,1,0.78,50.1,1,1,0.78,18.0,0,57.711,0.074,0.926,0.0,0.0,0.5,0.99,0.0,0.5,0.0,1.0,0.59,0.5,0.543,0.0,0.437,0.0,0,0,0.392,0.83,0.0,0.553,0.0,0.447,0.289,0.0,0.546,0.41,0.0,1.0,0.836
39616,2026.05.15 10:02:00,NFLXm,SWEEP_REVERSAL,BUY,2,87.32,86.68,88.17,1.33,0.099,87.59375,88.02,86.8575,0,0.002,0.361,-1.331,87.64775,87.555,88.536,86.574,1,0.013,0.75,0,87.59375,0.745,0.344,0,0.0,0.0,0.0,87.62625,1.382,0,0,0,0.825,-0.7401,-0.0438,0.74,0.772,2,0.634,3,0.712,86.78,86.5475,0.062,0.3,0.0,2,0.0,0,0.634,0.462,1.382,0.334,0.396,1,87.59375,8,0.749,0.875,0.068,0.222,0.0,0.757,0.846,94.46375,98.71625,87.40063,-938.4997,15.63,-1,93.85625,0.635,104.18375,0.385,93.85625,0.847,1,0.169,1,0,12646,0.778,0.534,0.396,58.0,38.6,0.9042,64.1,0.0,1,1,0.78,50.1,1,1,0.78,18.0,0,58.027,0.083,0.917,0.0,1.0,0.5,0.0,0.0,0.5,0.0,0.762,0.549,0.5,0.535,0.0,0.353,0.0,0,0,0.331,0.771,0.0,0.594,0.0,0.279,0.421,0.0,0.584,0.41,0.0,1.0,0.826
0,2026.05.15 10:02:30,NFLXm,MEAN_REVERSION,BUY,2,87.33,86.82,88.17,1.64,0.606,87.59375,88.02,86.8575,0,0.002,0.361,-1.3154,87.64775,87.555,88.536,86.574,1,0.013,0.75,0,87.59375,0.745,0.344,0,0.0,0.0,0.0,87.62625,1.382,0,0,0,0.825,-0.7401,-0.0438,0.74,0.772,2,0.634,3,0.712,86.78,86.5475,0.047,0.316,0.0,2,0.0,0,0.634,0.456,1.366,0.334,0.395,1,87.59375,8,0.749,0.906,0.068,0.222,0.0,0.757,0.846,94.46375,98.71625,87.40063,-938.4997,15.63,-1,93.85625,0.635,104.18375,0.385,93.85625,0.847,1,0.169,1,0,12646,0.778,0.534,0.396,58.0,38.8,0.9042,64.1,0.0,1,1,0.78,50.1,1,1,0.78,18.0,0,58.042,0.083,0.917,0.0,1.0,0.5,0.03,0.0,0.5,0.0,0.762,0.555,0.5,0.535,0.0,0.353,0.0,0,0,0.335,0.771,0.0,0.594,0.0,0.279,0.423,0.0,0.584,0.41,0.0,1.0,0.826
39618,2026.05.15 10:03:30,NFLXm,NAKED_POC,BUY,2,87.32,86.45,88.28,1.11,0.465,87.59375,88.02,86.8575,0,0.002,0.361,-1.331,87.64775,87.555,88.536,86.574,1,0.013,0.75,0,87.59375,0.745,0.344,0,0.0,0.0,0.0,87.62625,1.382,0,0,0,0.825,-0.7401,-0.0438,0.74,0.772,2,0.634,3,0.712,86.78,86.5475,0.062,0.3,0.0,2,0.0,0,0.634,0.462,1.382,0.334,0.396,1,87.59375,8,0.749,0.875,0.068,0.222,0.0,0.757,0.846,94.46375,98.71625,87.40063,-938.4997,15.63,-1,93.85625,0.635,104.18375,0.385,93.85625,0.847,1,0.169,1,0,12646,0.778,0.534,0.396,58.0,39.4,0.9042,64.1,0.0,1,1,0.78,50.1,1,1,0.78,18.0,0,58.027,0.083,0.917,0.0,1.0,0.5,0.02,0.0,0.5,0.0,0.762,0.526,0.5,0.535,0.0,0.353,0.0,0,0,0.317,0.771,0.0,0.594,0.0,0.279,0.421,0.0,0.584,0.41,0.0,1.0,0.826
0,2026.05.15 12:02:30,NFLXm,MEAN_REVERSION,BUY,2,87.43,87.21,87.93,2.27,0.648,86.80125,87.132,86.4705,1,0.009,0.604,-0.2772,87.1085,87.555,88.536,86.574,1,0.015,0.45,0,86.80125,0.717,0.603,0,0.0,0.0,86.68875,87.62625,1.564,0,0,0,1.0,-0.685,-0.0944,0.685,0.927,0,0.774,1,0.077,86.72775,86.50725,0.158,0.199,0.0,2,0.25,0,0.774,0.501,1.612,0.311,0.335,0,87.132,4,0.6,0.684,0.122,0.206,0.088,0.891,0.731,94.46375,98.60028,87.6775,-901.6448,36.8549,-1,93.85625,0.635,104.18375,0.385,93.85625,0.847,1,0.17,1,0,12648,0.778,0.534,0.396,80.0,95.8,1.2948,61.8,0.0,1,1,0.78,50.1,1,1,0.78,18.0,0,60.418,0.092,0.908,0.0,1.0,0.5,0.4,0.0,0.5,0.0,0.789,0.66,0.5,0.572,0.0,0.176,0.0,0,0,0.338,0.8,0.0,0.729,0.0,0.432,0.455,0.0,0.617,0.41,0.0,1.0,0.826
39620,2026.05.15 15:15:40,NFLXm,MEAN_REVERSION,BUY,4,87.21,86.58,87.72,0.8,0.548,87.3375,88.57,87.12,0,0.313,0.054,-0.6424,87.671,87.555,88.536,86.574,1,0.009,0.5,0,87.3375,0.689,0.6,0,0.0,0.0,87.34075,92.4145,6.74,0,0,0,0.556,-0.7207,-0.0195,0.721,0.369,2,0.528,0,0.687,87.41,86.975,0.734,0.184,0.0,2,0.15,0,0.528,0.29,0.734,0.395,0.338,0,87.3375,8,0.738,0.0,0.249,0.216,0.19,0.867,0.944,94.46375,98.60028,87.6775,-901.6448,36.8549,-1,93.85625,0.635,104.18375,0.385,93.85625,0.847,1,0.17,1,0,12651,0.77,0.536,0.393,38.0,38.0,0.481,79.0,0.0,1,1,0.78,50.1,1,1,0.78,18.0,-1,46.975,0.092,0.908,0.0,1.0,0.0,0.0,0.0,0.5,0.0,0.925,0.288,0.5,0.518,0.0,0.758,0.0,0,0,0.586,0.495,0.0,0.894,0.0,0.127,0.332,0.0,0.546,0.41,0.0,1.0,0.773
39622,2026.05.15 15:41:20,NFLXm,SWEEP_REVERSAL,BUY,4,87.06,86.27,87.72,0.83,0.177,87.3375,88.57,87.12,0,0.313,0.054,-0.8323,87.671,87.555,88.536,86.574,1,0.011,0.5,0,87.3375,0.689,0.6,0,0.0,0.0,87.34075,92.4145,6.74,0,0,0,0.556,-0.7207,-0.0195,0.721,0.786,2,0.528,0,0.687,87.41,86.975,0.924,0.373,0.0,2,0.15,0,0.528,0.307,0.924,0.332,0.34,0,87.3375,8,0.738,0.0,0.124,0.216,0.19,0.867,0.944,94.46375,98.60028,87.6775,-901.6448,36.8549,-1,93.85625,0.635,104.18375,0.385,93.85625,0.847,1,0.17,1,0,12651,0.77,0.536,0.393,38.0,38.0,0.481,79.0,0.0,1,1,0.78,50.1,1,1,0.78,18.0,-1,46.785,0.092,0.908,0.0,1.0,0.0,0.0,0.0,0.5,0.0,1.0,0.358,0.5,0.555,0.0,0.332,0.0,0,0,0.385,0.598,0.0,0.604,0.0,0.148,0.383,0.0,0.592,0.41,0.0,1.0,0.82
39624,2026.05.15 18:01:20,NFLXm,MEAN_REVERSION,BUY,3,87.29,86.7,87.79,0.85,0.741,86.97,87.41,86.77,1,0.041,1.124,-0.0812,87.1925,87.555,88.536,86.574,1,0.009,0.4,0,86.97,0.641,0.476,0,0.0,0.0,0.0,92.4145,7.412,0,0,0,0.087,0.0,-0.0046,0.147,0.946,0,0.834,1,0.13,86.93,87.93,0.027,1.381,0.0,2,0.25,0,0.834,0.426,1.381,0.308,0.358,1,87.41,4,0.6,0.946,0.116,0.0,0.088,0.969,0.96,94.50714,98.71609,87.45437,-817.7592,83.8857,-1,93.431,0.619,104.9978,0.38,93.431,0.826,1,0.196,1,0,12654,0.77,0.536,0.393,38.0,38.0,0.5145,73.9,0.0,1,1,0.78,50.1,1,1,0.78,18.0,0,50.354,0.126,0.874,0.0,1.0,0.5,0.02,0.0,0.5,0.0,0.827,0.616,0.5,0.568,0.0,0.377,0.0,0,0,0.391,0.8,0.0,0.885,0.0,0.44,0.476,0.0,0.575,0.41,0.0,1.0,0.805
39626,2026.05.15 18:32:59,NFLXm,SWEEP_REVERSAL,BUY,3,87.14,86.4,87.79,0.88,0.194,86.97,87.41,86.77,0,0.041,1.124,-0.2843,87.1925,87.555,88.536,86.574,1,0.011,0.4,0,86.97,0.641,0.476,0,0.0,0.0,0.0,92.4145,7.412,0,0,0,0.087,0.0,-0.0046,0.147,0.132,0,0.834,1,0.13,86.93,87.93,0.23,1.584,0.0,2,0.25,0,0.834,0.682,1.584,0.43,0.388,1,87.41,4,0.6,0.54,0.36,0.0,0.088,0.969,0.96,94.50714,98.71609,87.45437,-817.7592,83.8857,-1,93.431,0.619,104.9978,0.38,93.431,0.826,1,0.196,1,0,12654,0.77,0.536,0.393,38.0,38.0,0.5145,73.9,0.0,1,1,0.78,50.1,1,1,0.78,18.0,0,50.151,0.126,0.874,0.0,1.0,0.5,0.01,0.0,0.5,0.0,0.875,0.286,0.5,0.559,0.0,0.298,0.0,0,0,0.415,0.867,0.0,0.75,0.0,0.281,0.432,0.0,0.541,0.41,0.0,1.0,0.914
0,2026.05.18 10:11:30,NFLXm,SWEEP_REVERSAL,BUY,2,86.87,86.22,87.75,1.35,0.198,86.94725,87.2195,86.7355,0,0.883,0.139,-1.3481,87.071,87.119,88.536,86.574,0,0.016,0.4,0,86.94725,0.727,0.296,0,0.0,0.0,86.60475,86.9305,1.322,0,0,-1,0.66,-0.6751,-0.0488,0.675,0.009,0,0.772,0,0.741,86.64475,86.312,0.883,0.372,0.0,2,0.15,0,0.772,0.605,1.348,0.449,0.412,1,86.94725,8,0.745,0.0,0.357,0.203,0.201,0.627,1.0,94.39824,92.21848,87.45437,-359.3612,458.3979,-1,93.73118,0.631,104.40412,0.386,93.73118,0.841,1,0.188,1,0,12656,0.77,0.536,0.393,80.0,39.7,1.2294,65.1,0.0,1,1,0.78,50.1,1,1,0.78,18.0,0,56.507,0.573,0.427,0.0,1.0,0.5,0.0,0.0,0.5,0.0,0.985,0.426,0.5,0.523,0.0,0.401,0.0,0,0,0.362,0.306,0.0,0.485,0.0,0.295,0.15,0.0,0.591,0.41,0.0,1.0,0.673
0,2026.05.18 10:11:30,NFLXm,MEAN_REVERSION,BUY,2,86.87,86.35,87.75,1.69,0.672,86.94725,87.2195,86.7355,0,0.883,0.139,-1.3481,87.071,87.119,88.536,86.574,0,0.016,0.4,0,86.94725,0.727,0.296,0,0.0,0.0,86.60475,86.9305,1.322,0,0,-1,0.66,-0.6751,-0.0488,0.675,0.009,0,0.772,0,0.741,86.64475,86.312,0.883,0.372,0.0,2,0.15,0,0.772,0.605,1.348,0.449,0.412,1,86.94725,8,0.745,0.0,0.357,0.203,0.201,0.627,1.0,94.39824,92.21848,87.45437,-359.3612,458.3979,-1,93.73118,0.631,104.40412,0.386,93.73118,0.841,1,0.188,1,0,12656,0.77,0.536,0.393,80.0,40.1,1.2294,65.1,0.0,1,1,0.78,50.1,1,1,0.78,18.0,0,56.507,0.573,0.427,0.0,1.0,0.5,0.0,0.0,0.5,0.0,0.985,0.426,0.5,0.523,0.0,0.401,0.0,0,0,0.362,0.306,0.0,0.485,0.0,0.295,0.15,0.0,0.591,0.41,0.0,1.0,0.673
39628,2026.05.18 11:07:59,NFLXm,NAKED_POC,BUY,2,87.18,86.25,88.12,1.0,0.563,86.94725,87.2195,86.796,0,0.681,0.099,-0.9097,87.071,87.119,88.536,86.574,0,0.012,0.35,0,86.94725,0.708,0.875,0,0.0,0.0,86.60375,86.9305,1.139,0,0,-1,0.75,-0.545,-0.1213,0.545,0.0,0,0.763,2,0.147,86.64475,86.34225,0.425,0.061,0.0,2,0.15,0,0.763,0.409,0.91,0.45,0.295,0,86.64475,2,0.55,0.151,0.36,0.164,0.053,0.485,0.972,94.39824,92.21848,87.45437,-359.3612,458.3979,-1,93.73118,0.631,104.40412,0.386,93.73118,0.841,1,0.188,1,0,12657,0.77,0.536,0.393,80.0,80.0,1.2829,62.4,0.0,1,1,0.78,50.1,1,1,0.78,18.0,0,59.464,0.573,0.427,0.0,1.0,0.5,0.95,0.0,0.5,0.0,1.0,0.6,0.5,0.585,0.0,0.195,0.0,0,0,0.314,0.38,0.09,0.58,0.0,0.153,0.207,0.0,0.596,0.41,0.0,1.0,0.673
0,2026.05.18 12:12:00,NFLXm,MEAN_REVERSION,BUY,2,87.48,86.99,87.9,0.86,0.669,86.911,87.172,86.65,0,0.593,0.265,-1.1683,87.071,87.119,88.318,86.356,0,0.015,0.45,0,86.911,0.68,0.483,0,0.0,0.0,0.0,86.9305,1.102,0,0,-1,0.825,-0.58,-0.16,0.58,0.334,0,0.813,2,0.262,86.621,86.128,0.692,0.118,0.0,2,0.4,0,0.813,0.48,1.2,0.4,0.322,0,86.621,2,0.55,0.0,0.36,0.174,0.14,0.722,0.792,93.935,94.49612,87.42612,-564.6319,-205.2706,-2,93.305,0.63,104.015,0.388,93.305,0.84,1,0.179,1,0,12658,0.77,0.536,0.393,128.0,128.0,2.1033,60.9,0.0,1,1,0.78,50.1,1,1,0.78,18.0,0,61.423,0.069,0.931,0.0,0.0,0.5,0.03,0.0,0.5,0.0,1.0,0.243,0.5,0.553,0.0,0.141,0.0,0,0,0.376,0.421,0.0,0.537,0.0,0.262,0.186,0.0,0.602,0.41,0.0,1.0,0.673
0,2026.05.18 13:02:40,NFLXm,SWEEP_REVERSAL,BUY,4,87.39,86.8,87.91,0.89,0.136,86.6335,87.001,86.56,0,0.584,0.249,-0.8905,87.071,87.119,88.318,86.356,0,0.017,0.45,0,86.6335,0.78,0.0,2,0.0,0.0,0.0,86.9305,1.09,0,0,-1,0.9,-0.79,-0.2659,0.79,0.124,2,0.613,2,0.047,86.658,86.1435,0.932,0.057,0.0,2,0.15,0,0.613,0.602,1.396,0.431,0.31,0,86.6335,8,0.756,0.0,0.323,0.237,0.053,0.826,0.689,93.935,94.49612,87.42612,-564.6319,-205.2706,-2,93.305,0.63,104.015,0.388,93.305,0.84,1,0.179,1,0,12659,0.77,0.536,0.393,128.0,128.0,2.1774,58.8,0.0,1,1,0.78,50.1,1,1,0.78,18.0,0,63.434,0.069,0.931,0.0,0.0,0.5,0.0,0.0,0.5,0.0,0.448,0.275,0.5,0.902,0.0,0.736,0.0,0,0,0.7,0.36,0.0,0.476,0.0,0.302,0.189,0.0,0.602,0.41,0.0,1.0,0.673
0,2026.05.18 16:00:40,NFLXm,BREAKOUT_RETEST,BUY,4,89.16,88.9,89.42,1.01,0.329,89.32975,89.62,88.072,1,0.034,1.098,-0.6435,87.20125,87.10525,88.662,86.5065,0,0.02,0.4,2,89.32975,0.773,0.189,0,0.0,0.0,88.77,92.4145,4.325,0,0,1,0.45,0.685,0.19,0.685,0.553,2,0.556,2,0.269,89.0395,87.8785,0.304,1.055,0.0,2,0.0,0,0.556,0.387,1.055,0.367,0.292,0,89.0395,2,0.55,0.392,0.134,0.206,0.0,0.594,0.94,93.998,93.41187,87.41825,-397.4929,167.139,-1,93.431,0.623,104.9978,0.385,93.431,0.831,1,0.389,1,0,12662,0.765,0.535,0.39,38.0,38.0,0.4448,85.4,0.0,1,1,0.78,50.1,1,1,0.78,18.0,0,45.722,0.28,0.72,0.0,1.0,0.5,0.47,0.0,0.5,0.0,1.0,0.524,0.5,0.514,0.0,0.312,0.0,0,0,0.293,0.621,0.0,0.796,0.1,0.405,0.65,0.0,0.522,0.41,0.0,1.0,0.96
39630,2026.05.18 16:10:59,NFLXm,BREAKOUT,BUY,4,89.51,89.04,90.0,1.05,0.24,89.32975,89.62,88.072,1,0.034,1.098,-0.2338,87.20125,87.10525,88.662,86.5065,0,0.024,0.4,2,89.32975,0.773,0.189,0,0.0,0.0,88.77,92.4145,4.325,0,0,1,0.45,0.685,0.19,0.685,0.433,2,0.556,2,0.269,89.0395,87.8785,0.106,1.465,0.0,2,0.0,0,0.556,1.481,3.845,0.385,0.42,1,89.62,4,0.6,0.788,0.17,0.206,0.0,0.594,0.94,93.998,93.41187,87.41825,-397.4929,167.139,-1,93.431,0.623,104.9978,0.385,93.431,0.831,1,0.389,1,0,12662,0.765,0.535,0.39,38.0,38.0,0.4448,85.4,0.0,1,1,0.78,50.1,1,1,0.78,18.0,0,46.132,0.28,0.72,0.0,1.0,0.5,0.98,0.0,0.5,0.0,0.992,0.687,0.5,0.534,0.0,0.236,0.0,0,0,0.367,0.808,0.0,0.38,0.1,0.446,0.65,0.0,0.52,0.41,0.0,1.0,0.96
39631,2026.05.18 16:11:00,NFLXm,PULLBACK,BUY,4,89.5,89.06,90.0,1.15,0.452,89.32975,89.62,88.072,1,0.034,1.098,-0.2455,87.20125,87.10525,88.662,86.5065,0,0.024,0.4,2,89.32975,0.773,0.189,0,0.0,0.0,88.77,92.4145,4.325,0,0,1,0.45,0.685,0.19,0.685,0.433,2,0.556,2,0.269,89.0395,87.8785,0.094,1.453,0.0,2,0.0,0,0.556,1.485,3.856,0.385,0.42,1,89.62,4,0.6,0.812,0.17,0.206,0.0,0.594,0.94,93.998,93.41187,87.41825,-397.4929,167.139,-1,93.431,0.623,104.9978,0.385,93.431,0.831,1,0.389,1,0,12662,0.765,0.535,0.39,38.0,38.0,0.4448,85.4,0.0,1,1,0.78,50.1,1,1,0.78,18.0,0,46.12,0.28,0.72,0.0,1.0,0.5,0.97,0.0,0.5,0.0,0.992,0.723,0.5,0.534,0.0,0.236,0.0,0,0,0.388,0.808,0.0,0.38,0.1,0.446,0.65,0.0,0.52,0.41,0.0,1.0,0.96
39634,2026.05.18 17:03:40,NFLXm,NAKED_POC,BUY,3,89.72,88.14,92.41,1.71,0.327,89.32975,89.62,88.2655,1,0.016,1.544,0.0116,87.20125,87.10525,88.662,86.5065,0,0.025,0.35,2,89.32975,0.75,0.603,0,0.0,0.0,0.0,92.4145,3.683,0,0,1,0.5,0.545,0.3037,0.545,0.934,2,0.621,2,0.558,89.0395,87.78175,0.339,1.758,0.0,2,0.25,0,0.621,1.075,3.468,0.31,0.414,1,89.62,4,0.6,0.322,0.12,0.164,0.088,0.807,0.969,93.998,93.41187,87.41825,-397.4929,167.139,-1,93.431,0.623,104.9978,0.385,93.431,0.831,1,0.389,1,0,12663,0.765,0.535,0.39,38.0,38.0,0.4287,88.6,0.0,1,1,0.78,50.1,1,1,0.78,18.0,0,44.696,0.28,0.72,0.0,1.0,0.5,0.99,0.0,0.5,0.0,0.587,0.627,0.5,0.546,0.0,0.297,0.0,0,0,0.359,0.688,0.0,0.353,0.14,0.379,0.65,0.0,0.543,0.41,0.0,1.0,0.927
39635,2026.05.18 17:04:40,NFLXm,TREND_CONTINUATION,BUY,3,89.82,88.76,92.79,2.8,0.366,89.32975,89.62,88.2655,1,0.016,1.544,0.1244,87.20125,87.10525,88.662,86.5065,0,0.026,0.35,2,89.32975,0.75,0.603,0,0.0,0.0,0.0,92.4145,3.683,0,0,1,0.5,0.545,0.3037,0.545,0.336,2,0.621,2,0.558,89.0395,87.78175,0.452,1.871,0.0,2,0.25,0,0.621,1.341,3.356,0.4,0.445,1,89.0395,2,0.55,0.096,0.299,0.164,0.088,0.807,0.969,93.998,93.41187,87.41825,-397.4929,167.139,-1,93.431,0.623,104.9978,0.385,93.431,0.831,1,0.389,1,0,12663,0.765,0.535,0.39,38.0,38.0,0.4287,88.6,0.0,1,1,0.78,50.1,1,1,0.78,18.0,0,44.809,0.28,0.72,0.0,1.0,0.5,0.99,0.0,0.5,0.0,0.691,0.686,0.5,0.546,0.0,0.297,0.0,0,0,0.394,0.584,0.0,0.392,0.14,0.379,0.65,0.0,0.518,0.41,0.0,1.0,1.001
39638,2026.05.18 18:02:40,NFLXm,BREAKOUT_RETEST,BUY,3,89.63,89.14,90.16,1.08,0.358,89.34525,89.463,88.835,1,0.007,1.065,-0.1301,87.20125,87.10525,88.662,86.5065,0,0.029,0.4,2,89.42375,0.693,0.753,0,0.0,0.0,0.0,92.4145,4.199,0,0,1,0.55,0.58,0.4618,0.58,0.716,0,0.656,2,0.247,89.306,89.58075,0.076,0.452,0.0,2,0.25,0,0.656,0.155,0.452,0.343,0.284,0,88.835,5,0.6,0.847,0.185,0.174,0.088,0.872,0.886,93.998,93.41187,87.41825,-397.4929,167.139,-1,93.431,0.623,104.9978,0.385,93.431,0.831,1,0.389,1,0,12664,0.765,0.535,0.39,38.0,38.0,0.519,73.2,0.0,1,1,0.78,50.1,1,1,0.78,18.0,0,53.992,0.28,0.72,0.0,1.0,0.5,0.0,0.0,0.5,0.0,0.841,0.614,0.5,0.561,0.0,0.333,0.0,0,0,0.37,0.84,0.0,0.484,0.0,0.468,0.65,0.0,0.556,0.41,0.0,1.0,0.927
39640,2026.05.18 18:10:59,NFLXm,BREAKOUT,BUY,3,89.67,89.14,91.5,3.47,0.236,89.34525,89.463,88.835,1,0.007,1.065,-0.0755,87.20125,87.10525,88.662,86.5065,0,0.03,0.4,2,89.42375,0.693,0.753,0,0.0,0.0,0.0,92.4145,4.199,0,0,1,0.55,0.58,0.4618,0.58,0.716,0,0.656,2,0.247,89.306,89.58075,0.022,0.397,0.0,2,0.25,0,0.656,0.136,0.397,0.343,0.282,0,88.835,5,0.6,0.956,0.185,0.174,0.088,0.872,0.886,93.998,93.41187,87.41825,-397.4929,167.139,-1,93.431,0.623,104.9978,0.385,93.431,0.831,1,0.389,1,0,12664,0.765,0.535,0.39,38.0,38.0,0.519,73.2,0.0,1,1,0.78,50.1,1,1,0.78,18.0,0,54.047,0.28,0.72,0.0,1.0,0.5,0.27,0.0,0.5,0.0,1.0,0.45,0.5,0.556,0.0,0.324,0.0,0,0,0.327,0.84,0.0,0.484,0.0,0.468,0.65,0.0,0.556,0.41,0.0,1.0,0.927
39641,2026.05.18 18:11:00,NFLXm,PULLBACK,BUY,3,89.67,89.14,91.87,4.16,0.438,89.34525,89.463,88.835,1,0.007,1.065,-0.0755,87.20125,87.10525,88.662,86.5065,0,0.03,0.4,2,89.42375,0.693,0.753,0,0.0,0.0,0.0,92.4145,4.199,0,0,1,0.55,0.58,0.4618,0.58,0.716,0,0.656,2,0.247,89.306,89.58075,0.022,0.397,0.0,2,0.25,0,0.656,0.136,0.397,0.343,0.282,0,88.835,5,0.6,0.956,0.185,0.174,0.088,0.872,0.886,93.998,93.41187,87.41825,-397.4929,167.139,-1,93.431,0.623,104.9978,0.385,93.431,0.831,1,0.389,1,0,12664,0.765,0.535,0.39,38.0,38.0,0.519,73.2,0.0,1,1,0.78,50.1,1,1,0.78,18.0,0,54.047,0.28,0.72,0.0,1.0,0.5,0.27,0.0,0.5,0.0,1.0,0.415,0.5,0.556,0.0,0.324,0.0,0,0,0.348,0.84,0.0,0.484,0.0,0.468,0.65,0.0,0.556,0.41,0.0,1.0,0.927
39644,2026.05.18 19:04:40,NFLXm,TREND_CONTINUATION,BUY,3,89.68,88.86,91.4,2.08,0.382,89.1235,89.476,89.053,1,0.18,0.436,0.2571,86.81425,87.10525,88.4225,86.267,0,0.032,0.45,0,89.1235,0.636,0.713,0,0.0,0.0,0.0,92.4145,4.974,0,0,1,0.6,0.79,0.5646,0.79,0.832,2,0.624,2,0.073,89.3585,89.523,0.085,0.325,0.0,2,0.0,0,0.624,0.106,0.325,0.325,0.296,0,89.053,5,0.6,0.83,0.05,0.237,0.0,0.95,0.864,93.998,93.41187,87.41825,-397.4929,167.139,-1,93.431,0.623,104.9978,0.385,93.431,0.831,1,0.389,1,0,12665,0.765,0.535,0.39,38.0,38.0,0.5536,68.6,0.0,1,1,0.78,50.1,1,1,0.78,18.0,0,57.661,0.28,0.72,0.0,1.0,0.5,0.81,0.0,0.5,0.0,0.632,0.593,0.5,0.528,0.0,0.28,0.0,0,0,0.326,0.715,0.0,0.342,0.0,0.225,0.65,0.0,0.57,0.41,0.0,1.0,1.075
39646,2026.05.19 10:06:00,NFLXm,BREAKOUT,BUY,2,90.21,89.18,91.93,1.67,0.264,89.24875,89.4715,89.0755,1,0.019,0.197,0.2342,86.81425,87.10525,88.4225,86.267,0,0.033,0.4,0,89.14975,0.679,0.852,0,0.0,0.0,0.0,92.4145,4.363,0,0,1,0.65,0.65,0.564,0.65,0.878,0,0.791,2,0.082,89.39725,89.5705,0.019,0.233,0.0,2,0.4,0,0.791,0.12,0.378,0.318,0.276,0,89.14975,8,0.736,0.963,0.197,0.195,0.14,0.908,0.937,94.01981,92.41075,87.38412,-385.6041,11.8888,-1,93.36558,0.63,104.4875,0.388,93.36558,0.84,1,0.33,1,0,12666,0.765,0.535,0.39,80.0,38.8,1.1618,68.9,0.0,1,1,0.78,50.1,1,1,0.78,18.0,0,58.251,0.086,0.914,0.0,1.0,0.5,0.0,0.0,0.5,0.0,0.581,0.581,0.5,0.551,0.0,0.455,0.0,0,0,0.396,0.612,0.0,0.314,0.0,0.273,0.718,0.0,0.573,0.41,0.0,1.0,1.031
0,2026.05.19 10:06:20,NFLXm,BREAKOUT_RETEST,BUY,2,90.21,90.0,90.47,1.26,0.401,89.24875,89.4715,89.0755,1,0.019,0.197,0.2342,86.81425,87.10525,88.4225,86.267,0,0.033,0.4,0,89.14975,0.679,0.852,0,0.0,0.0,0.0,92.4145,4.363,0,0,1,0.65,0.65,0.564,0.65,0.878,0,0.791,2,0.082,89.39725,89.5705,0.019,0.233,0.0,2,0.4,0,0.791,0.12,0.378,0.318,0.276,0,89.14975,8,0.736,0.963,0.197,0.195,0.14,0.908,0.937,94.01981,92.41075,87.38412,-385.6041,11.8888,-1,93.36558,0.63,104.4875,0.388,93.36558,0.84,1,0.33,1,0,12666,0.765,0.535,0.39,80.0,39.3,1.1618,68.9,0.0,1,1,0.78,50.1,1,1,0.78,18.0,0,58.251,0.086,0.914,0.0,1.0,0.5,0.0,0.0,0.5,0.0,0.581,0.58,0.5,0.551,0.0,0.455,0.0,0,0,0.395,0.612,0.0,0.314,0.0,0.273,0.718,0.0,0.573,0.41,0.0,1.0,1.031
39647,2026.05.19 10:06:20,NFLXm,PULLBACK,BUY,2,90.21,89.18,92.28,2.0,0.472,89.24875,89.4715,89.0755,1,0.019,0.197,0.2342,86.81425,87.10525,88.4225,86.267,0,0.033,0.4,0,89.14975,0.679,0.852,0,0.0,0.0,0.0,92.4145,4.363,0,0,1,0.65,0.65,0.564,0.65,0.878,0,0.791,2,0.082,89.39725,89.5705,0.019,0.233,0.0,2,0.4,0,0.791,0.12,0.378,0.318,0.276,0,89.14975,8,0.736,0.963,0.197,0.195,0.14,0.908,0.937,94.01981,92.41075,87.38412,-385.6041,11.8888,-1,93.36558,0.63,104.4875,0.388,93.36558,0.84,1,0.33,1,0,12666,0.765,0.535,0.39,80.0,39.7,1.1618,68.9,0.0,1,1,0.78,50.1,1,1,0.78,18.0,0,58.251,0.086,0.914,0.0,1.0,0.5,0.0,0.0,0.5,0.0,0.581,0.58,0.5,0.551,0.0,0.455,0.0,0,0,0.395,0.612,0.0,0.314,0.0,0.273,0.718,0.0,0.573,0.41,0.0,1.0,1.031
39648,2026.05.19 10:06:40,NFLXm,TREND_CONTINUATION,BUY,2,90.34,89.51,92.06,2.08,0.383,89.24875,89.4715,89.0755,0,0.019,0.197,0.423,86.81425,87.10525,88.4225,86.267,0,0.035,0.4,0,89.14975,0.679,0.852,0,0.0,0.0,0.0,92.4145,4.363,0,0,1,0.65,0.65,0.564,0.65,0.125,0,0.791,2,0.082,89.39725,89.5705,0.207,0.044,0.0,2,0.4,0,0.791,0.244,0.567,0.431,0.29,0,89.24875,1,0.7,0.585,0.423,0.195,0.14,0.908,0.937,94.01981,92.41075,87.38412,-385.6041,11.8888,-1,93.36558,0.63,104.4875,0.388,93.36558,0.84,1,0.33,1,0,12666,0.765,0.535,0.39,80.0,40.1,1.1618,68.9,0.0,1,1,0.78,50.1,1,1,0.78,18.0,0,58.44,0.086,0.914,0.0,1.0,0.5,0.04,0.0,0.5,0.0,0.786,0.59,0.5,0.551,0.0,0.419,0.0,0,0,0.387,0.487,0.0,0.348,0.0,0.322,0.875,0.0,0.54,0.41,0.0,1.0,1.022
0,2026.05.19 12:06:00,NFLXm,BREAKOUT,BUY,2,90.73,89.67,92.5,1.67,0.329,89.39275,89.4505,89.1425,1,0.01,0.261,0.0807,89.02525,87.15275,88.4975,86.297,0,0.032,0.4,0,89.27725,0.774,0.552,0,0.0,0.0,0.0,92.4145,4.25,0,0,1,0.75,0.895,0.4221,0.895,0.556,2,0.629,0,0.818,89.3735,89.58525,0.108,0.191,0.0,2,0.15,0,0.629,0.55,1.5,0.367,0.415,1,89.1425,5,0.6,0.784,0.193,0.269,0.216,0.908,0.841,93.58564,98.55605,92.08138,-530.0901,-144.486,-2,93.58564,0.631,104.10091,0.395,93.58564,0.841,1,0.339,1,0,12668,0.765,0.535,0.39,128.0,128.0,1.8046,70.9,0.0,1,1,0.78,50.1,1,1,0.78,18.0,0,57.283,0.016,0.984,0.0,0.0,0.5,0.67,0.0,0.5,0.0,1.0,0.425,0.5,0.565,0.0,0.219,0.0,0,0,0.302,0.578,0.0,0.335,0.0,0.174,0.65,0.0,0.54,0.41,0.0,1.0,0.978
0,2026.05.19 12:06:20,NFLXm,PULLBACK,BUY,2,90.73,89.67,92.86,2.0,0.559,89.39275,89.4505,89.1425,1,0.01,0.261,0.0807,89.02525,87.15275,88.4975,86.297,0,0.032,0.4,0,89.27725,0.774,0.552,0,0.0,0.0,0.0,92.4145,4.25,0,0,1,0.75,0.895,0.4221,0.895,0.556,2,0.629,0,0.818,89.3735,89.58525,0.108,0.191,0.0,2,0.15,0,0.629,0.55,1.5,0.367,0.415,1,89.1425,5,0.6,0.784,0.193,0.269,0.216,0.908,0.841,93.58564,98.55605,92.08138,-530.0901,-144.486,-2,93.58564,0.631,104.10091,0.395,93.58564,0.841,1,0.339,1,0,12668,0.765,0.535,0.39,128.0,128.0,1.8046,70.9,0.0,1,1,0.78,50.1,1,1,0.78,18.0,0,57.283,0.016,0.984,0.0,0.0,0.5,0.67,0.0,0.5,0.0,1.0,0.426,0.5,0.565,0.0,0.219,0.0,0,0,0.301,0.578,0.0,0.335,0.0,0.174,0.65,0.0,0.54,0.41,0.0,1.0,0.978
0,2026.05.19 12:06:40,NFLXm,TREND_CONTINUATION,BUY,2,90.66,89.81,92.43,2.08,0.477,89.39275,89.4505,89.1425,1,0.01,0.261,-0.018,89.02525,87.15275,88.4975,86.297,0,0.031,0.4,0,89.27725,0.774,0.552,0,0.0,0.0,0.0,92.4145,4.25,0,0,1,0.75,0.895,0.4221,0.895,1.0,2,0.629,0,0.818,89.3735,89.58525,0.009,0.289,0.0,2,0.15,0,0.629,0.45,1.5,0.3,0.403,1,89.1425,5,0.6,0.982,0.06,0.269,0.216,0.908,0.841,93.58564,98.55605,92.08138,-530.0901,-144.486,-2,93.58564,0.631,104.10091,0.395,93.58564,0.841,1,0.339,1,0,12668,0.765,0.535,0.39,128.0,128.0,1.8046,70.9,0.0,1,1,0.78,50.1,1,1,0.78,18.0,0,57.184,0.016,0.984,0.0,0.0,0.5,0.12,0.0,0.5,0.0,0.904,0.406,0.5,0.565,0.0,0.219,0.0,0,0,0.314,0.612,0.0,0.302,0.0,0.174,0.65,0.0,0.568,0.41,0.0,1.0,0.899
0,2026.05.19 13:25:40,NFLXm,BREAKOUT_RETEST,BUY,4,90.19,89.97,90.42,1.05,0.606,89.23875,89.4505,89.104,1,0.393,0.044,0.2143,89.22375,87.15275,88.742,86.297,0,0.032,0.45,0,89.23875,0.799,0.53,0,0.0,0.0,0.0,92.4145,3.889,0,0,1,1.0,0.93,0.2912,0.93,0.992,0,0.718,0,0.598,89.39275,89.58525,0.004,0.277,0.0,2,0.15,0,0.718,0.452,1.5,0.301,0.407,1,89.104,5,0.6,0.992,0.062,0.279,0.172,0.981,0.732,93.58564,98.55605,92.08138,-530.0901,-144.486,-2,93.58564,0.631,104.10091,0.395,93.58564,0.841,1,0.339,1,0,12669,0.765,0.535,0.39,80.0,88.6,1.1336,70.6,0.0,1,1,0.78,50.1,1,1,0.78,18.0,0,56.808,0.016,0.984,0.0,0.0,0.5,0.18,0.0,0.5,0.774,0.365,0.377,0.5,0.826,0.0,0.358,0.0,0,0,0.465,0.608,0.0,0.429,0.0,0.202,0.65,0.0,0.565,0.41,0.0,1.0,1.031
39652,2026.05.19 13:31:40,NFLXm,NAKED_POC,BUY,4,90.9,89.59,92.41,1.16,0.556,89.23875,89.4505,89.104,0,0.393,0.044,1.2204,89.22375,87.15275,88.742,86.297,0,0.042,0.45,0,89.23875,0.799,0.53,0,0.0,0.0,0.0,92.4145,3.889,0,0,1,1.0,0.93,0.2912,0.93,0.072,0,0.718,0,0.598,89.39275,89.70075,1.002,0.566,0.0,2,0.15,0,0.718,1.441,3.28,0.439,0.522,2,89.23875,8,0.76,0.0,0.339,0.279,0.172,0.981,0.911,93.58564,98.55605,92.08138,-530.0901,-144.486,-2,93.58564,0.631,104.10091,0.395,93.58564,0.841,1,0.339,1,0,12669,0.765,0.535,0.39,80.0,92.5,1.1336,70.6,0.0,1,1,0.78,50.1,1,1,0.78,18.0,0,57.814,0.016,0.984,0.0,0.0,0.5,0.93,0.0,0.5,0.122,0.448,0.511,0.5,0.826,0.0,0.341,0.0,0,0,0.391,0.411,0.929,0.476,0.0,0.231,0.864,0.0,0.536,0.41,0.0,1.0,1.022
39654,2026.05.19 14:00:00,NFLXm,ANCHORED_PULLBACK,BUY,4,91.25,90.61,92.5,1.96,0.822,89.388,90.306,89.01,0,1.417,0.301,1.8136,89.4085,87.2075,88.951,86.415,0,0.045,0.6,2,90.792,0.724,0.213,0,0.0,0.0,90.855,92.4145,1.89,0,0,1,1.0,0.79,0.168,0.79,0.32,2,0.496,3,0.79,89.658,91.116,1.483,0.301,1.162,0,0.0,2,1.0,1.043,1.89,0.552,0.571,2,89.388,1,0.7,0.0,0.204,0.937,0.0,0.803,0.985,93.58564,98.55605,92.08138,-530.0901,-144.486,-2,93.58564,0.631,104.10091,0.395,93.58564,0.841,1,0.339,1,0,12670,0.757,0.534,0.385,38.0,38.0,0.465,81.7,0.0,1,1,0.78,50.1,1,1,0.78,18.0,0,50.358,0.016,0.984,0.0,0.0,0.5,0.71,0.0,0.5,0.0,0.29,0.585,0.5,0.904,0.0,0.82,0.0,0,0,0.651,0.506,0.0,0.277,0.242,1.0,0.65,0.0,0.455,0.41,0.0,1.0,1.053
39655,2026.05.19 14:06:00,NFLXm,BREAKOUT,BUY,4,91.34,90.11,92.79,1.19,0.512,89.388,90.306,89.01,0,1.417,0.301,1.9238,89.4085,87.2075,88.951,86.415,0,0.046,0.6,2,90.792,0.724,0.213,0,0.0,0.0,90.855,92.4145,1.89,0,0,1,1.0,0.79,0.168,0.79,0.145,2,0.606,3,0.79,89.658,91.116,1.593,0.191,0.0,2,0.0,0,0.606,0.824,1.924,0.428,0.447,1,89.388,1,0.7,0.0,0.256,0.237,0.0,0.803,0.985,93.58564,98.55605,92.08138,-530.0901,-144.486,-2,93.58564,0.631,104.10091,0.395,93.58564,0.841,1,0.339,1,0,12670,0.757,0.534,0.385,38.0,38.0,0.465,81.7,0.0,1,1,0.78,50.1,1,1,0.78,18.0,0,50.469,0.016,0.984,0.0,0.0,0.5,0.79,0.0,0.5,0.0,0.397,0.513,0.5,0.742,0.0,0.851,0.0,0,0,0.571,0.438,0.0,0.238,0.246,0.803,0.718,0.0,0.523,0.41,0.0,1.0,0.952
39656,2026.05.19 14:06:20,NFLXm,PULLBACK,BUY,4,91.31,90.08,92.79,1.21,0.481,89.388,90.306,89.01,0,1.417,0.301,1.8871,89.4085,87.2075,88.951,86.415,0,0.046,0.6,2,90.792,0.724,0.213,0,0.0,0.0,90.855,92.4145,1.89,0,0,1,1.0,0.79,0.168,0.79,0.32,2,0.606,3,0.79,89.658,91.116,1.557,0.228,0.0,2,0.0,0,0.606,0.759,1.887,0.402,0.439,1,89.388,1,0.7,0.0,0.204,0.237,0.0,0.803,0.985,93.58564,98.55605,92.08138,-530.0901,-144.486,-2,93.58564,0.631,104.10091,0.395,93.58564,0.841,1,0.339,1,0,12670,0.757,0.534,0.385,38.0,38.0,0.465,81.7,0.0,1,1,0.78,50.1,1,1,0.78,18.0,0,50.432,0.016,0.984,0.0,0.0,0.5,0.73,0.0,0.5,0.0,0.345,0.505,0.5,0.742,0.0,0.851,0.0,0,0,0.566,0.472,0.0,0.238,0.246,0.803,0.718,0.0,0.523,0.41,0.0,1.0,0.952
39657,2026.05.19 14:06:40,NFLXm,TREND_CONTINUATION,BUY,4,91.52,90.54,92.79,1.3,0.572,89.388,90.306,89.01,0,1.417,0.301,2.1441,89.4085,87.2075,88.951,86.415,0,0.048,0.6,2,90.792,0.724,0.213,0,0.0,0.0,90.855,92.4145,1.89,0,0,1,1.0,0.79,0.168,0.79,0.022,2,0.606,3,0.79,89.658,91.116,1.814,0.029,0.0,2,0.0,0,0.606,0.958,2.144,0.447,0.462,1,90.792,8,0.745,0.0,0.294,0.237,0.0,0.803,0.985,93.58564,98.55605,92.08138,-530.0901,-144.486,-2,93.58564,0.631,104.10091,0.395,93.58564,0.841,1,0.339,1,0,12670,0.757,0.534,0.385,38.0,38.0,0.465,81.7,0.0,1,1,0.78,50.1,1,1,0.78,18.0,0,50.689,0.016,0.984,0.0,0.0,0.5,0.97,0.0,0.5,0.0,0.361,0.527,0.5,0.742,0.0,0.798,0.0,0,0,0.558,0.331,0.0,0.19,0.223,0.876,0.864,0.0,0.523,0.41,0.0,1.0,0.952
0,2026.05.19 15:02:40,NFLXm,MEAN_REVERSION,BUY,4,90.64,90.3,91.18,1.61,0.565,90.80075,91.17,90.0095,1,0.116,0.499,-0.6303,89.4085,87.2075,89.268,86.415,0,0.036,0.55,2,90.80075,0.8,0.183,0,0.0,0.0,90.653,92.4145,2.243,0,0,1,1.0,1.0,0.1182,1.0,0.109,2,0.596,2,0.109,90.748,90.115,0.569,0.169,0.0,2,0.0,0,0.596,1.089,2.511,0.434,0.387,1,90.80075,8,0.76,0.0,0.267,0.3,0.0,0.779,0.923,93.58564,98.55605,92.08138,-530.0901,-144.486,-2,93.58564,0.631,104.10091,0.395,93.58564,0.841,1,0.339,1,0,12671,0.757,0.534,0.385,38.0,38.0,0.443,85.8,0.0,1,1,0.78,50.1,1,1,0.78,18.0,0,47.257,0.016,0.984,0.0,0.0,0.5,0.0,0.0,0.5,0.0,0.878,0.441,0.5,0.535,0.0,0.684,0.0,0,0,0.47,0.69,0.0,0.238,0.173,0.305,0.65,0.0,0.515,0.41,0.0,1.0,1.022
39662,2026.05.19 15:17:40,NFLXm,SWEEP_REVERSAL,BUY,4,90.37,89.51,91.18,0.95,0.1,90.80075,91.17,90.0095,0,0.116,0.499,-0.9451,89.4085,87.2075,89.268,86.415,0,0.032,0.55,2,90.80075,0.8,0.183,0,0.0,0.0,90.653,92.4145,2.243,0,0,1,1.0,1.0,0.1182,1.0,0.14,2,0.596,2,0.109,90.748,90.115,0.884,0.146,0.0,2,0.0,0,0.596,1.213,2.826,0.429,0.402,1,90.80075,8,0.76,0.0,0.258,0.3,0.0,0.779,0.923,93.58564,98.55605,92.08138,-530.0901,-144.486,-2,93.58564,0.631,104.10091,0.395,93.58564,0.841,1,0.339,1,0,12671,0.757,0.534,0.385,38.0,38.0,0.443,85.8,0.0,1,1,0.78,50.1,1,1,0.78,18.0,0,46.943,0.016,0.984,0.0,0.0,0.5,0.0,0.0,0.5,0.0,0.962,0.46,0.5,0.522,0.0,0.657,0.0,0,0,0.443,0.564,0.0,0.475,0.195,0.159,0.65,0.0,0.515,0.41,0.0,1.0,1.11
0,2026.05.19 15:26:00,NFLXm,BREAKOUT_RETEST,BUY,4,90.45,90.19,91.18,2.84,0.61,90.80075,91.17,90.0095,1,0.116,0.499,-0.8518,89.4085,87.2075,89.268,86.415,0,0.033,0.55,2,90.80075,0.8,0.183,0,0.0,0.0,90.653,92.4145,2.243,0,0,1,1.0,1.0,0.1182,1.0,0.071,2,0.596,2,0.109,90.748,90.115,0.79,0.052,0.0,2,0.0,0,0.596,1.201,2.733,0.439,0.4,1,90.80075,8,0.76,0.0,0.279,0.3,0.0,0.779,0.923,93.58564,98.55605,92.08138,-530.0901,-144.486,-2,93.58564,0.631,104.10091,0.395,93.58564,0.841,1,0.339,1,0,12671,0.757,0.534,0.385,38.0,38.0,0.443,85.8,0.0,1,1,0.78,50.1,1,1,0.78,18.0,0,47.036,0.016,0.984,0.0,0.0,0.5,0.42,0.0,0.5,0.0,1.0,0.375,0.5,0.512,0.0,0.392,0.0,0,0,0.386,0.576,0.0,0.38,0.173,0.26,0.65,0.0,0.515,0.41,0.0,1.0,1.022
39664,2026.05.19 15:31:40,NFLXm,NAKED_POC,BUY,4,90.42,89.88,92.41,3.7,0.483,90.80075,91.17,90.0095,1,0.116,0.499,-0.8868,89.4085,87.2075,89.268,86.415,0,0.033,0.55,2,90.80075,0.8,0.183,0,0.0,0.0,90.653,92.4145,2.243,0,0,1,1.0,1.0,0.1182,1.0,0.071,2,0.596,2,0.109,90.748,90.115,0.825,0.087,0.0,2,0.0,0,0.596,1.216,2.768,0.439,0.402,1,90.80075,8,0.76,0.0,0.279,0.3,0.0,0.779,0.923,93.58564,98.55605,92.08138,-530.0901,-144.486,-2,93.58564,0.631,104.10091,0.395,93.58564,0.841,1,0.339,1,0,12671,0.757,0.534,0.385,38.0,38.0,0.443,85.8,0.0,1,1,0.78,50.1,1,1,0.78,18.0,0,47.001,0.016,0.984,0.0,0.0,0.5,0.52,0.0,0.5,0.0,1.0,0.375,0.5,0.54,0.0,0.324,0.0,0,0,0.367,0.576,0.0,0.475,0.173,0.275,0.65,0.0,0.515,0.41,0.0,1.0,1.022
39666,2026.05.19 16:06:40,NFLXm,TREND_CONTINUATION,BUY,4,89.76,88.67,91.04,1.18,0.576,90.6585,91.17,89.961,0,1.29,0.045,-1.4116,89.4085,87.2075,89.268,86.415,0,0.024,0.65,0,90.6585,0.8,0.812,0,0.0,0.0,90.02575,92.4145,3.229,0,0,1,1.0,0.825,0.1718,0.825,0.199,0,0.685,0,0.342,90.798,89.403,1.566,0.025,0.0,2,0.15,0,0.685,1.408,3.35,0.42,0.463,1,90.6585,8,0.76,0.0,0.3,0.247,0.121,0.859,0.535,87.72765,94.47475,92.08138,-182.402,347.6881,-1,93.06412,0.6,104.40412,0.395,93.06412,0.8,1,0.336,1,0,12672,0.757,0.534,0.385,38.0,38.0,0.4196,90.6,0.0,1,1,0.78,50.1,1,1,0.78,18.0,0,43.789,0.55,0.45,0.0,1.0,0.5,0.0,0.0,0.5,0.0,1.0,0.474,0.5,0.559,0.0,0.228,0.0,0,0,0.274,0.215,0.0,0.752,0.195,0.521,0.444,0.0,0.519,0.41,0.0,1.0,0.952
39668,2026.05.19 16:25:40,NFLXm,PULLBACK,BUY,4,89.66,88.3,91.04,1.01,0.491,90.6585,91.17,89.961,0,1.29,0.045,-1.522,89.4085,87.2075,89.268,86.415,0,0.023,0.65,0,90.6585,0.8,0.812,0,0.0,0.0,90.02575,92.4145,3.229,0,0,1,1.0,0.825,0.1718,0.825,0.199,0,0.685,0,0.342,90.798,89.403,1.676,0.136,0.0,2,0.15,0,0.685,1.454,3.461,0.42,0.469,1,90.6585,8,0.76,0.0,0.3,0.247,0.121,0.859,0.535,87.72765,94.47475,92.08138,-182.402,347.6881,-1,93.06412,0.6,104.40412,0.395,93.06412,0.8,1,0.336,1,0,12672,0.757,0.534,0.385,38.0,38.0,0.4196,90.6,0.0,1,1,0.78,50.1,1,1,0.78,18.0,0,43.678,0.55,0.45,0.0,1.0,0.5,0.0,0.0,0.5,0.0,1.0,0.534,0.5,0.54,0.0,0.262,0.0,0,0,0.287,0.215,0.0,0.513,0.195,0.57,0.426,0.0,0.519,0.41,0.0,1.0,0.952
39670,2026.05.19 17:05:40,NFLXm,MEAN_REVERSION,BUY,3,89.26,88.52,89.88,0.84,0.596,90.7675,91.17,89.79,0,0.552,0.067,-2.0343,89.4085,87.2075,89.268,86.415,1,0.018,0.6,2,90.6525,0.771,0.0,2,0.0,0.0,89.00275,92.4145,3.691,0,0,0,1.0,0.825,0.1384,0.825,0.262,2,0.607,3,0.453,89.5025,88.9275,0.671,0.051,0.0,2,0.4,0,0.607,1.564,3.809,0.411,0.424,1,89.5025,2,0.55,0.0,0.381,0.247,0.14,0.741,0.714,87.72765,94.47475,92.08138,-182.402,347.6881,-1,93.06412,0.6,104.40412,0.395,93.06412,0.8,1,0.336,1,0,12673,0.757,0.534,0.385,38.0,38.0,0.4095,92.8,0.0,1,1,0.78,50.1,1,1,0.78,18.0,0,42.205,0.55,0.45,0.0,1.0,0.5,0.0,0.0,0.5,0.0,1.0,0.426,0.5,0.556,0.0,0.309,0.0,0,0,0.335,0.495,0.0,1.0,0.177,0.647,0.313,0.0,0.538,0.41,0.0,1.0,0.891
39672,2026.05.19 17:17:40,NFLXm,SWEEP_REVERSAL,BUY,3,89.06,88.13,89.88,0.89,0.242,90.7675,91.17,89.79,0,0.552,0.067,-2.2498,89.4085,87.2075,89.268,86.415,1,0.016,0.6,2,90.6525,0.771,0.0,2,0.0,0.0,89.00275,92.4145,3.691,0,0,0,1.0,0.825,0.1384,0.825,0.262,2,0.607,3,0.453,89.5025,88.9275,0.886,0.267,0.0,2,0.4,0,0.607,0.924,2.25,0.411,0.349,0,89.5025,2,0.55,0.0,0.381,0.247,0.14,0.741,0.714,87.72765,94.47475,92.08138,-182.402,347.6881,-1,93.06412,0.6,104.40412,0.395,93.06412,0.8,1,0.336,1,0,12673,0.757,0.534,0.385,38.0,38.0,0.4095,92.8,0.0,1,1,0.78,50.1,1,1,0.78,18.0,0,41.989,0.55,0.45,0.0,1.0,0.5,0.0,0.0,0.5,0.0,1.0,0.362,0.5,0.553,0.0,0.339,0.0,0,0,0.384,0.495,0.0,1.0,0.177,0.652,0.302,0.0,0.538,0.41,0.0,1.0,0.891
39674,2026.05.19 18:22:20,NFLXm,TREND_CONTINUATION,BUY,3,89.14,88.2,91.06,2.04,0.545,90.6815,91.14,89.437,0,0.304,0.639,-2.4522,89.4085,87.2075,89.268,86.415,1,0.02,0.65,2,90.6815,0.784,0.235,0,0.0,0.0,0.0,92.4145,4.689,0,0,0,1.0,0.825,0.0786,0.825,0.863,2,0.539,3,0.641,88.9785,88.5855,0.279,0.223,0.0,2,0.25,0,0.539,0.786,2.452,0.321,0.361,1,90.6815,8,0.757,0.442,0.141,0.247,0.088,0.74,0.692,87.72765,94.47475,92.08138,-182.402,347.6881,-1,93.06412,0.6,104.40412,0.395,93.06412,0.8,1,0.336,1,0,12674,0.757,0.534,0.385,38.0,38.0,0.485,78.4,0.0,1,1,0.78,50.1,1,1,0.78,18.0,0,49.823,0.55,0.45,0.0,1.0,0.5,0.99,0.0,0.5,0.0,0.552,0.593,0.5,0.551,0.0,0.285,0.0,0,0,0.335,0.669,0.0,0.804,0.0,0.551,0.409,0.0,0.581,0.41,0.0,1.0,1.089
39676,2026.05.19 18:26:00,NFLXm,PULLBACK,BUY,3,89.14,87.96,91.06,1.63,0.465,90.6815,91.14,89.437,0,0.304,0.639,-2.4522,89.4085,87.2075,89.268,86.415,1,0.02,0.65,2,90.6815,0.784,0.235,0,0.0,0.0,0.0,92.4145,4.689,0,0,0,1.0,0.825,0.0786,0.825,0.863,2,0.539,3,0.641,88.9785,88.5855,0.279,0.223,0.0,2,0.25,0,0.539,0.786,2.452,0.321,0.361,1,90.6815,8,0.757,0.442,0.141,0.247,0.088,0.74,0.692,87.72765,94.47475,92.08138,-182.402,347.6881,-1,93.06412,0.6,104.40412,0.395,93.06412,0.8,1,0.336,1,0,12674,0.757,0.534,0.385,38.0,38.0,0.485,78.4,0.0,1,1,0.78,50.1,1,1,0.78,18.0,0,49.823,0.55,0.45,0.0,1.0,0.5,0.85,0.0,0.5,0.0,0.497,0.655,0.5,0.536,0.0,0.289,0.0,0,0,0.369,0.669,0.0,0.804,0.0,0.54,0.409,0.0,0.581,0.41,0.0,1.0,1.089
39678,2026.05.19 19:06:20,NFLXm,MEAN_REVERSION,BUY,3,89.14,88.58,90.19,1.88,0.632,88.75875,89.6045,88.51,1,0.016,0.553,0.0018,89.4085,87.2075,89.268,86.415,1,0.022,0.55,2,88.75875,0.716,0.398,0,0.0,0.0,0.0,92.4145,5.212,0,0,0,0.231,-0.389,-0.013,0.389,1.0,0,0.655,3,0.662,88.75875,89.2065,0.002,0.639,0.0,2,0.0,0,0.655,0.192,0.639,0.3,0.35,1,88.51,5,0.6,0.996,0.0,0.117,0.0,0.651,0.93,87.72765,94.47475,92.08138,-182.402,347.6881,-1,93.06412,0.6,104.40412,0.395,93.06412,0.8,1,0.336,1,0,12675,0.757,0.534,0.385,38.0,38.0,0.5434,69.9,0.0,1,1,0.78,50.1,1,1,0.78,18.0,0,55.828,0.55,0.45,0.0,1.0,0.5,0.32,0.0,0.5,0.0,0.567,0.62,0.5,0.568,0.0,0.387,0.0,0,0,0.397,0.804,0.0,0.676,0.0,0.409,0.485,0.0,0.601,0.41,0.0,1.0,0.742
0,2026.05.20 10:47:30,NFLXm,MEAN_REVERSION,BUY,2,89.08,88.55,89.56,0.92,0.64,88.761,89.102,88.606,0,0.519,0.047,-0.7328,89.4085,87.2075,89.268,86.415,1,0.016,0.4,0,88.761,0.725,0.509,0,0.0,0.0,88.915,92.4145,6.085,0,0,0,0.5,-0.545,-0.1125,0.545,0.009,0,0.734,1,0.194,88.854,88.482,0.874,0.308,0.0,2,0.15,0,0.734,0.392,0.874,0.449,0.317,0,88.761,8,0.745,0.0,0.357,0.164,0.053,0.683,0.958,93.65566,94.50875,92.08138,-189.6387,-7.2367,-2,93.65566,0.609,103.92585,0.397,93.65566,0.812,1,0.443,1,0,12676,0.757,0.534,0.385,80.0,80.0,1.2187,65.6,0.0,1,1,0.78,50.1,1,1,0.78,18.0,0,59.382,0.017,0.983,0.0,0.0,0.5,0.0,0.0,0.5,0.0,1.0,0.452,0.5,0.498,0.0,0.249,0.0,0,0,0.278,0.432,0.0,1.0,0.0,0.087,0.33,0.0,0.581,0.41,0.0,1.0,0.711
0,2026.05.20 10:53:00,NFLXm,SWEEP_REVERSAL,BUY,2,89.49,88.83,90.04,0.84,0.139,88.761,89.102,88.606,0,0.519,0.047,-0.8394,89.4085,87.2075,89.268,86.415,1,0.015,0.4,0,88.761,0.725,0.509,0,0.0,0.0,88.915,92.4145,6.085,0,0,0,0.5,-0.545,-0.1125,0.545,0.009,0,0.734,1,0.194,88.854,88.482,0.981,0.414,0.0,2,0.15,0,0.734,0.44,0.981,0.449,0.322,0,88.761,8,0.745,0.0,0.357,0.164,0.053,0.683,0.958,93.65566,94.50875,92.08138,-189.6387,-7.2367,-2,93.65566,0.609,103.92585,0.397,93.65566,0.812,1,0.443,1,0,12676,0.757,0.534,0.385,128.0,87.7,1.9499,65.6,0.0,1,1,0.78,50.1,1,1,0.78,18.0,0,60.007,0.017,0.983,0.0,0.0,0.5,0.0,0.0,0.5,0.0,1.0,0.387,0.5,0.463,0.0,0.227,0.0,0,0,0.298,0.432,0.0,1.0,0.0,0.179,0.316,0.0,0.581,0.41,0.0,1.0,0.711
0,2026.05.20 12:12:00,NFLXm,ANCHORED_PULLBACK,BUY,2,89.29,89.23,90.55,22.24,0.328,88.7725,88.93,88.615,0,0.455,0.028,-0.4469,89.4085,87.2075,89.268,86.415,1,0.02,0.35,0,88.7725,0.698,0.375,0,0.0,0.0,88.2435,92.4145,6.287,0,0,0,0.9,-0.615,-0.2703,0.615,0.295,0,0.835,2,0.611,88.795,88.39,0.482,0.158,0.0,2,0.4,0,0.835,0.196,0.482,0.406,0.336,0,88.7725,8,0.74,0.035,0.371,0.185,0.14,0.702,0.907,98.71625,92.24,92.08138,-13.2109,176.4278,-1,93.24875,0.59,104.18375,0.402,93.24875,0.786,1,0.455,1,0,12678,0.757,0.534,0.385,80.0,93.0,1.2655,63.2,0.0,1,1,0.78,50.1,1,1,0.78,18.0,0,61.995,0.567,0.433,0.5,1.0,0.5,0.77,0.0,0.5,0.0,0.374,0.506,0.5,0.767,0.0,0.136,0.0,0,0,0.288,0.62,0.0,0.831,0.0,0.209,0.576,0.0,0.583,0.41,0.0,1.0,0.779
0,2026.05.20 12:47:30,NFLXm,MEAN_REVERSION,BUY,2,89.46,88.95,90.05,1.17,0.687,88.7725,88.93,88.615,0,0.455,0.028,-0.9373,89.4085,87.2075,89.268,86.415,1,0.015,0.35,0,88.7725,0.698,0.375,0,0.0,0.0,88.2435,92.4145,6.287,0,0,0,0.9,-0.615,-0.2703,0.615,0.195,0,0.835,2,0.611,88.795,88.1425,0.973,0.059,0.0,2,0.4,0,0.835,0.409,0.973,0.421,0.361,1,88.7725,8,0.74,0.0,0.402,0.185,0.14,0.702,0.823,98.71625,92.24,92.08138,-13.2109,176.4278,-1,93.24875,0.59,104.18375,0.402,93.24875,0.786,1,0.455,1,0,12678,0.757,0.534,0.385,128.0,80.5,2.0249,63.2,0.0,1,1,0.78,50.1,1,1,0.78,18.0,0,62.264,0.567,0.433,0.5,1.0,0.5,0.0,0.0,0.5,0.602,0.757,0.542,0.5,0.544,0.0,0.62,0.0,0,0,0.436,0.6,0.0,1.0,0.0,0.209,0.304,0.0,0.584,0.41,0.0,1.0,0.779
0,2026.05.20 12:53:00,NFLXm,SWEEP_REVERSAL,BUY,2,89.43,88.8,90.05,0.98,0.246,88.7725,88.93,88.615,0,0.455,0.028,-0.9847,89.4085,87.2075,89.268,86.415,1,0.015,0.35,0,88.7725,0.698,0.375,0,0.0,0.0,88.2435,92.4145,6.287,0,0,0,0.9,-0.615,-0.2703,0.615,0.128,0,0.835,2,0.611,88.795,88.1425,1.02,0.012,0.0,2,0.4,0,0.835,0.44,1.02,0.431,0.364,1,88.7725,8,0.74,0.0,0.422,0.185,0.14,0.702,0.823,98.71625,92.24,92.08138,-13.2109,176.4278,-1,93.24875,0.59,104.18375,0.402,93.24875,0.786,1,0.455,1,0,12678,0.757,0.534,0.385,128.0,94.9,2.0249,63.2,0.0,1,1,0.78,50.1,1,1,0.78,18.0,0,62.217,0.567,0.433,0.5,1.0,0.5,0.08,0.0,0.5,0.0,0.606,0.528,0.5,0.501,0.0,0.552,0.0,0,0,0.388,0.586,0.0,1.0,0.0,0.212,0.297,0.0,0.584,0.41,0.0,1.0,0.779
0,2026.05.21 10:17:30,NFLXm,SWEEP_REVERSAL,BUY,2,88.5,87.97,89.19,1.29,0.273,87.9085,88.189,87.781,0,1.001,0.143,-1.2869,87.93825,87.2075,89.268,86.732,1,0.0,0.4,0,87.9085,0.757,0.644,0,0.0,0.0,0.0,92.4145,9.709,0,0,0,1.0,-0.825,-0.1772,0.825,0.011,0,0.678,0,0.591,87.7555,87.3985,1.001,0.334,0.0,2,0.4,0,0.678,0.577,1.287,0.448,0.352,1,87.9085,8,0.751,0.0,0.457,0.247,0.258,0.809,1.0,92.34855,92.30187,87.7925,-369.8374,-17.2913,-2,93.58564,0.601,104.10091,0.402,93.58564,0.801,1,0.41,1,0,12686,0.758,0.537,0.382,128.0,40.7,2.3925,53.5,0.0,1,1,0.78,50.1,1,1,0.78,18.0,1,71.776,0.049,0.951,0.0,0.0,1.0,0.0,0.0,0.5,0.0,0.81,0.659,0.5,0.479,0.0,0.281,0.0,0,0,0.352,0.38,0.0,0.69,0.0,0.26,0.235,0.0,0.594,0.41,0.0,1.0,0.717
0,2026.05.21 10:17:30,NFLXm,MEAN_REVERSION,BUY,2,88.5,88.07,89.19,1.61,0.602,87.9085,88.189,87.781,0,1.001,0.143,-1.2869,87.93825,87.2075,89.268,86.732,1,0.0,0.4,0,87.9085,0.757,0.644,0,0.0,0.0,0.0,92.4145,9.709,0,0,0,1.0,-0.825,-0.1772,0.825,0.011,0,0.678,0,0.591,87.7555,87.3985,1.001,0.334,0.0,2,0.4,0,0.678,0.577,1.287,0.448,0.352,1,87.9085,8,0.751,0.0,0.457,0.247,0.258,0.809,1.0,92.34855,92.30187,87.7925,-369.8374,-17.2913,-2,93.58564,0.601,104.10091,0.402,93.58564,0.801,1,0.41,1,0,12686,0.758,0.537,0.382,128.0,41.6,2.3925,53.5,0.0,1,1,0.78,50.1,1,1,0.78,18.0,1,71.776,0.049,0.951,0.0,0.0,1.0,0.0,0.0,0.5,0.0,0.81,0.659,0.5,0.479,0.0,0.281,0.0,0,0,0.352,0.38,0.0,0.69,0.0,0.26,0.235,0.0,0.594,0.41,0.0,1.0,0.717
0,2026.05.21 12:17:30,NFLXm,SWEEP_REVERSAL,BUY,2,88.82,88.34,89.33,1.04,0.204,88.04575,88.1845,87.907,0,1.031,0.23,-1.0428,87.93825,87.2075,89.268,86.732,1,0.007,0.25,4,88.04575,0.746,0.103,0,0.0,0.0,87.3615,92.4145,10.154,0,0,0,1.0,-1.0,-0.1456,1.0,0.087,0,0.752,2,0.898,88.0735,87.685,1.1,0.299,0.0,2,0.15,0,0.752,0.481,1.1,0.437,0.435,1,88.04575,8,0.749,0.0,0.334,0.3,0.202,0.809,0.987,92.30661,98.53451,87.75813,-944.7052,-574.8678,-2,93.45983,0.612,104.41542,0.396,88.27034,0.351,1,0.479,1,0,12688,0.758,0.537,0.382,128.0,128.0,2.6392,48.5,0.0,1,1,0.78,50.1,1,1,0.78,18.0,1,79.835,0.049,0.951,0.0,0.0,1.0,0.58,0.0,0.5,0.0,0.943,0.686,0.5,0.56,0.0,0.196,0.0,0,0,0.358,0.53,0.0,0.715,0.0,0.284,0.565,0.0,0.645,0.41,0.0,1.0,0.753
0,2026.05.21 12:17:30,NFLXm,MEAN_REVERSION,BUY,2,88.82,88.43,89.33,1.3,0.641,88.04575,88.1845,87.907,0,1.031,0.23,-1.0428,87.93825,87.2075,89.268,86.732,1,0.007,0.25,4,88.04575,0.746,0.103,0,0.0,0.0,87.3615,92.4145,10.154,0,0,0,1.0,-1.0,-0.1456,1.0,0.087,0,0.752,2,0.898,88.0735,87.685,1.1,0.299,0.0,2,0.15,0,0.752,0.481,1.1,0.437,0.435,1,88.04575,8,0.749,0.0,0.334,0.3,0.202,0.809,0.987,92.30661,98.53451,87.75813,-944.7052,-574.8678,-2,93.45983,0.612,104.41542,0.396,88.27034,0.351,1,0.479,1,0,12688,0.758,0.537,0.382,128.0,128.0,2.6392,48.5,0.0,1,1,0.78,50.1,1,1,0.78,18.0,1,79.835,0.049,0.951,0.0,0.0,1.0,0.58,0.0,0.5,0.0,0.943,0.686,0.5,0.56,0.0,0.196,0.0,0,0,0.358,0.53,0.0,0.715,0.0,0.284,0.565,0.0,0.645,0.41,0.0,1.0,0.753
0,2026.05.21 14:00:00,NFLXm,ANCHORED_PULLBACK,BUY,4,88.16,88.14,88.33,9.37,0.368,87.606,88.026,87.354,1,0.216,0.399,0.3184,87.93825,87.63375,89.0175,86.5575,1,0.003,0.6,0,87.606,0.655,0.452,0,0.0,0.0,87.5975,92.4145,8.481,0,0,0,0.8,-0.825,-0.1577,0.825,0.342,0,0.67,0,0.522,87.578,87.83,0.37,0.092,0.0,2,0.25,0,0.67,0.147,0.37,0.399,0.318,0,87.606,8,0.731,0.261,0.297,0.247,0.192,0.843,0.803,92.30661,98.53451,87.75813,-944.7052,-574.8678,-2,93.45983,0.612,104.41542,0.396,88.27034,0.351,1,0.479,1,0,12690,0.768,0.535,0.38,38.0,38.0,0.6954,54.6,0.0,1,1,0.78,50.1,1,1,0.78,18.0,1,69.652,0.049,0.951,0.0,0.0,1.0,0.98,0.0,0.5,0.0,0.374,0.479,0.5,0.949,0.0,0.76,0.0,0,0,0.601,0.8,0.0,1.0,0.0,0.555,0.573,0.0,0.587,0.41,0.0,1.0,0.701
39680,2026.05.21 16:00:00,NFLXm,ANCHORED_PULLBACK,BUY,4,89.59,88.86,90.51,1.27,0.691,87.65675,88.621,87.3015,0,1.139,1.607,2.387,87.93825,88.0075,88.97,86.495,0,0.018,0.65,0,87.65675,0.593,0.146,0,0.0,0.0,89.05775,92.4145,4.925,0,0,1,1.0,-0.748,-0.0404,0.748,0.372,2,0.5,3,0.489,88.46875,88.06275,1.139,1.763,0.4095,0,0.25,2,1.0,1.299,2.387,0.544,0.516,2,88.46875,2,0.55,0.0,0.288,0.924,0.088,0.73,0.884,93.305,93.49737,87.75813,-463.3766,481.3286,-1,93.305,0.579,104.015,0.406,88.265,0.36,-1,0.476,1,0,12692,0.768,0.535,0.38,38.0,38.0,0.584,65.1,0.0,1,1,0.78,50.1,1,1,0.78,18.0,1,60.687,0.559,0.441,0.0,1.0,1.0,0.88,0.0,0.5,0.0,0.874,0.511,0.5,0.502,0.0,0.288,0.0,0,0,0.272,0.458,0.0,0.421,0.0,1.0,0.705,0.0,0.471,0.41,0.0,1.0,0.854
39682,2026.05.21 17:22:20,NFLXm,NAKED_POC,BUY,3,90.56,89.33,92.41,1.5,0.373,89.195,89.366,87.884,0,0.395,0.042,1.5254,87.9315,88.0075,88.97,86.495,0,0.034,0.65,2,89.195,0.675,0.31,0,0.0,0.0,89.20175,92.4145,4.591,0,0,1,0.675,0.685,0.0981,0.685,0.131,2,0.479,3,0.546,89.138,89.423,1.614,1.172,0.0,2,0.15,0,0.479,1.489,3.461,0.43,0.45,1,89.195,8,0.735,0.0,0.321,0.206,0.053,0.885,0.842,93.305,93.49737,87.75813,-463.3766,481.3286,-1,93.305,0.579,104.015,0.406,88.265,0.36,-1,0.476,1,0,12693,0.768,0.535,0.38,38.0,38.0,0.5885,64.6,0.0,1,1,0.78,50.1,1,1,0.78,18.0,1,62.659,0.559,0.441,0.0,1.0,1.0,0.99,0.0,0.5,0.0,0.595,0.548,0.5,0.578,0.0,0.291,0.0,0,0,0.318,0.305,0.0,0.24,0.0,1.0,0.862,0.0,0.554,0.41,0.0,1.0,1.022
39684,2026.05.21 17:45:40,NFLXm,PULLBACK,BUY,3,90.36,89.52,92.79,2.89,0.381,89.195,89.366,87.884,0,0.395,0.042,1.2157,87.9315,88.0075,88.97,86.495,0,0.031,0.65,2,89.195,0.675,0.31,0,0.0,0.0,89.20175,92.4145,4.591,0,0,1,0.675,0.685,0.0981,0.685,0.131,2,0.479,3,0.546,89.138,89.423,1.304,0.863,0.0,2,0.15,0,0.479,1.623,3.77,0.43,0.465,1,89.195,8,0.735,0.0,0.321,0.206,0.053,0.885,0.842,93.305,93.49737,87.75813,-463.3766,481.3286,-1,93.305,0.579,104.015,0.406,88.265,0.36,-1,0.476,1,0,12693,0.768,0.535,0.38,38.0,38.0,0.5885,64.6,0.0,1,1,0.78,50.1,1,1,0.78,18.0,1,62.35,0.559,0.441,0.0,1.0,1.0,0.5,0.0,0.5,0.0,1.0,0.508,0.5,0.555,0.0,0.349,0.0,0,0,0.311,0.305,0.0,0.479,0.0,1.0,0.862,0.0,0.554,0.41,0.0,1.0,1.022
0,2026.05.21 18:00:00,NFLXm,ANCHORED_PULLBACK,BUY,3,90.2,89.85,91.03,2.34,0.621,89.19375,89.5225,87.6815,0,0.27,0.166,1.0376,87.9625,87.7325,88.97,86.495,0,0.035,0.7,0,89.19375,0.622,0.1,0,0.0,0.0,90.027,92.4145,4.299,0,0,1,0.75,0.72,0.2886,0.72,0.372,2,0.444,0,0.739,89.98275,89.58825,0.27,0.384,0.5948,0,0.15,2,1.0,0.565,1.038,0.544,0.48,1,89.19375,8,0.724,0.461,0.248,0.916,0.2,0.753,0.944,93.305,93.49737,87.75813,-463.3766,481.3286,-1,93.305,0.579,104.015,0.406,88.265,0.36,-1,0.476,1,0,12694,0.768,0.535,0.38,38.0,38.0,0.6296,60.4,0.0,1,1,0.78,50.1,1,1,0.78,18.0,1,66.438,0.559,0.441,0.0,1.0,1.0,0.0,0.0,0.5,0.0,0.855,0.323,0.5,0.432,0.0,0.472,0.0,0,0,0.424,0.473,0.0,0.421,0.0,1.0,0.437,0.0,0.464,0.41,0.0,1.0,1.125
0,2026.05.21 18:22:40,NFLXm,BREAKOUT_RETEST,BUY,3,89.78,89.51,90.82,3.91,0.46,89.19375,89.5225,87.6815,1,0.27,0.166,0.3417,87.9625,87.7325,88.97,86.495,0,0.028,0.7,0,89.19375,0.622,0.1,0,0.0,0.0,90.027,92.4145,4.299,0,0,1,0.75,0.72,0.2886,0.72,0.08,2,0.445,0,0.739,89.128,89.58825,0.451,0.312,0.0,2,0.15,0,0.445,0.197,0.451,0.438,0.318,0,89.19375,8,0.724,0.099,0.336,0.216,0.2,0.91,0.944,93.305,93.49737,87.75813,-463.3766,481.3286,-1,93.305,0.579,104.015,0.406,88.265,0.36,-1,0.476,1,0,12694,0.768,0.535,0.38,38.0,38.0,0.6296,60.4,0.0,1,1,0.78,50.1,1,1,0.78,18.0,1,65.742,0.559,0.441,0.0,1.0,1.0,0.0,0.0,0.5,0.0,0.761,0.411,0.5,0.49,0.0,0.464,0.0,0,0,0.386,0.356,0.0,0.338,0.0,0.742,0.709,0.0,0.559,0.41,0.0,1.0,0.978
39686,2026.05.21 18:46:20,NFLXm,TREND_CONTINUATION,BUY,3,90.21,89.49,91.72,2.08,0.435,89.19375,89.5225,87.6815,0,0.27,0.166,1.0541,87.9625,87.7325,88.97,86.495,0,0.035,0.7,0,89.19375,0.622,0.1,0,0.0,0.0,90.027,92.4145,4.299,0,0,1,0.75,0.72,0.2886,0.72,0.372,2,0.445,0,0.739,89.98275,89.58825,0.253,0.401,0.0,2,0.15,0,0.445,0.416,1.054,0.394,0.324,0,89.19375,8,0.724,0.494,0.248,0.216,0.2,0.753,0.944,93.305,93.49737,87.75813,-463.3766,481.3286,-1,93.305,0.579,104.015,0.406,88.265,0.36,-1,0.476,1,0,12694,0.768,0.535,0.38,38.0,38.0,0.6296,60.4,0.0,1,1,0.78,50.1,1,1,0.78,18.0,1,66.454,0.559,0.441,0.0,1.0,1.0,0.99,0.0,0.5,0.0,0.902,0.611,0.5,0.477,0.0,0.44,0.0,0,0,0.386,0.468,0.0,0.242,0.0,0.905,0.435,0.0,0.547,0.41,0.0,1.0,1.022
39688,2026.05.21 18:59:40,NFLXm,BREAKOUT,BUY,3,89.95,89.51,91.46,3.46,0.403,89.19375,89.5225,87.6815,0,0.27,0.166,0.6234,87.9625,87.7325,88.97,86.495,0,0.03,0.7,0,89.19375,0.622,0.1,0,0.0,0.0,90.027,92.4145,4.299,0,0,1,0.75,0.72,0.2886,0.72,0.044,2,0.445,0,0.739,89.98275,89.58825,0.684,0.03,0.0,2,0.15,0,0.445,0.303,0.684,0.443,0.311,0,89.19375,8,0.724,0.0,0.347,0.216,0.2,0.753,0.944,93.305,93.49737,87.75813,-463.3766,481.3286,-1,93.305,0.579,104.015,0.406,88.265,0.36,-1,0.476,1,0,12694,0.768,0.535,0.38,38.0,38.0,0.6296,60.4,0.0,1,1,0.78,50.1,1,1,0.78,18.0,1,66.024,0.559,0.441,0.0,1.0,1.0,0.28,0.0,0.5,0.0,0.573,0.415,0.5,0.545,0.0,0.345,0.0,0,0,0.353,0.277,0.0,0.483,0.0,0.905,0.771,0.0,0.55,0.41,0.0,1.0,1.022
0,2026.05.22 10:15:30,NFLXm,BREAKOUT_RETEST,BUY,2,89.86,89.69,90.11,1.48,0.39,89.53425,89.8725,89.0115,1,0.29,0.507,-0.4477,88.1925,87.1825,89.245,86.495,0,0.037,0.7,0,89.53425,0.697,0.363,0,0.0,0.0,89.37875,92.4145,5.432,0,0,1,0.6,0.615,0.5436,0.615,0.349,0,0.697,3,0.344,89.16525,89.28825,0.202,0.015,0.0,2,0.25,0,0.697,0.178,0.448,0.398,0.314,0,89.53425,8,0.739,0.596,0.295,0.185,0.088,0.911,0.628,92.30661,98.7775,87.75813,-967.8247,-504.4481,-2,93.45983,0.58,104.41542,0.402,88.27034,0.401,-1,0.393,1,0,12696,0.768,0.535,0.38,58.0,41.4,1.0214,56.8,0.0,1,1,0.78,50.1,1,1,0.78,18.0,0,70.018,0.049,0.951,0.0,0.0,0.5,0.0,0.0,0.5,0.0,0.93,0.34,0.5,0.549,0.0,0.315,0.0,0,0,0.387,0.731,0.0,0.769,0.0,0.035,0.433,0.0,0.561,0.41,0.0,1.0,1.022
39690,2026.05.22 10:28:00,NFLXm,BREAKOUT,BUY,2,90.0,89.15,91.42,1.67,0.259,89.53425,89.8725,89.0115,1,0.29,0.507,-0.5886,88.1925,87.1825,89.245,86.495,1,0.036,0.7,0,89.53425,0.697,0.363,0,0.0,0.0,89.37875,92.4145,5.432,0,0,1,0.6,0.615,0.5436,0.615,0.727,0,0.697,3,0.344,89.16525,89.28825,0.061,0.155,0.0,2,0.25,0,0.697,0.201,0.589,0.341,0.317,0,89.0115,5,0.6,0.878,0.182,0.185,0.088,0.911,0.628,92.30661,98.7775,87.75813,-967.8247,-504.4481,-2,93.45983,0.58,104.41542,0.402,88.27034,0.401,-1,0.393,1,0,12696,0.768,0.535,0.38,80.0,49.2,1.4088,56.8,0.0,1,1,0.78,50.1,1,1,0.78,18.0,0,70.264,0.049,0.951,0.0,0.0,0.5,0.0,0.0,0.5,0.0,1.0,0.703,0.5,0.572,0.0,0.33,0.0,0,0,0.425,0.8,0.0,0.641,0.0,0.065,0.433,0.0,0.616,0.41,0.0,1.0,1.006
0,2026.05.22 10:30:30,NFLXm,MEAN_REVERSION,BUY,2,89.96,89.75,90.33,1.82,0.619,89.53425,89.8725,89.0115,1,0.29,0.507,-0.6591,88.1925,87.1825,89.245,86.495,1,0.035,0.7,0,89.53425,0.697,0.363,0,0.0,0.0,89.37875,92.4145,5.432,0,0,1,0.6,0.615,0.5436,0.615,0.923,0,0.697,3,0.344,89.16525,89.28825,0.009,0.226,0.0,2,0.25,0,0.697,0.205,0.659,0.312,0.318,0,89.53425,8,0.739,0.982,0.123,0.185,0.088,0.911,0.628,92.30661,98.7775,87.75813,-967.8247,-504.4481,-2,93.45983,0.58,104.41542,0.402,88.27034,0.401,-1,0.393,1,0,12696,0.768,0.535,0.38,80.0,51.7,1.4088,56.8,0.0,1,1,0.78,50.1,1,1,0.78,18.0,0,70.194,0.049,0.951,0.0,0.0,0.5,0.0,0.0,0.5,0.0,1.0,0.787,0.5,0.538,0.0,0.322,0.0,0,0,0.463,0.8,0.0,0.763,0.0,0.149,0.433,0.0,0.616,0.41,0.0,1.0,1.006
0,2026.05.22 10:31:00,NFLXm,TREND_CONTINUATION,BUY,2,89.99,89.31,91.41,2.08,0.369,89.53425,89.8725,89.0115,1,0.29,0.507,-0.6062,88.1925,87.1825,89.245,86.495,1,0.035,0.7,0,89.53425,0.697,0.363,0,0.0,0.0,89.37875,92.4145,5.432,0,0,1,0.6,0.615,0.5436,0.615,0.923,0,0.697,3,0.344,89.16525,89.28825,0.044,0.173,0.0,2,0.25,0,0.697,0.189,0.606,0.312,0.316,0,89.0115,5,0.6,0.913,0.123,0.185,0.088,0.911,0.628,92.30661,98.7775,87.75813,-967.8247,-504.4481,-2,93.45983,0.58,104.41542,0.402,88.27034,0.401,-1,0.393,1,0,12696,0.768,0.535,0.38,80.0,52.6,1.4088,56.8,0.0,1,1,0.78,50.1,1,1,0.78,18.0,0,70.247,0.049,0.951,0.0,0.0,0.5,0.02,0.0,0.5,0.0,1.0,0.716,0.5,0.538,0.0,0.322,0.0,0,0,0.42,0.8,0.0,0.641,0.0,0.149,0.433,0.0,0.616,0.41,0.0,1.0,1.006
39692,2026.05.22 10:34:40,NFLXm,PULLBACK,BUY,2,90.21,89.36,91.91,2.0,0.474,89.53425,89.8725,89.0115,1,0.29,0.507,-0.2188,88.1925,87.1825,89.245,86.495,0,0.039,0.7,0,89.53425,0.697,0.363,0,0.0,0.0,89.37875,92.4145,5.432,0,0,1,0.6,0.615,0.5436,0.615,0.585,0,0.697,3,0.344,89.565,89.28825,0.273,0.214,0.0,2,0.25,0,0.697,0.543,1.5,0.362,0.356,1,89.0115,5,0.6,0.454,0.225,0.185,0.088,0.904,0.628,92.30661,98.7775,87.75813,-967.8247,-504.4481,-2,93.45983,0.58,104.41542,0.402,88.27034,0.401,-1,0.393,1,0,12696,0.768,0.535,0.38,80.0,59.3,1.4088,56.8,0.0,1,1,0.78,50.1,1,1,0.78,18.0,0,70.634,0.049,0.951,0.0,0.0,0.5,0.24,0.0,0.5,0.0,1.0,0.677,0.5,0.538,0.0,0.301,0.0,0,0,0.388,0.864,0.0,0.964,0.0,0.177,0.65,0.0,0.561,0.41,0.0,1.0,1.022
0,2026.05.22 10:56:00,NFLXm,SWEEP_REVERSAL,BUY,2,90.28,89.71,90.81,0.94,0.183,89.53425,89.8725,89.0115,0,0.29,0.507,-0.9408,88.1925,87.1825,89.245,86.495,1,0.032,0.7,0,89.53425,0.697,0.363,0,0.0,0.0,89.37875,92.4145,5.432,0,0,1,0.6,0.615,0.5436,0.615,0.021,0,0.697,3,0.344,89.16525,89.0115,0.291,0.02,0.0,2,0.25,0,0.697,0.42,0.941,0.447,0.343,0,89.53425,8,0.739,0.418,0.394,0.185,0.088,0.911,0.849,92.30661,98.7775,87.75813,-967.8247,-504.4481,-2,93.45983,0.58,104.41542,0.402,88.27034,0.401,-1,0.393,1,0,12696,0.768,0.535,0.38,128.0,80.5,2.2541,56.8,0.0,1,1,0.78,50.1,1,1,0.78,18.0,0,70.757,0.049,0.951,0.0,0.0,0.5,0.0,0.0,0.5,0.0,1.0,0.63,0.5,0.514,0.0,0.168,0.0,0,0,0.3,0.57,0.0,0.678,0.0,0.185,0.444,0.0,0.591,0.41,0.0,1.0,1.039
0,2026.05.22 12:30:30,NFLXm,MEAN_REVERSION,BUY,2,90.41,89.96,90.85,0.98,0.622,89.56725,89.9865,89.277,0,0.693,0.117,-0.7808,88.1925,88.0075,89.245,86.495,1,0.02,0.55,0,89.56725,0.699,0.724,0,0.0,0.0,0.0,92.4145,6.008,0,0,0,0.7,0.685,0.5203,0.685,0.131,0,0.712,0,0.535,89.50275,89.18025,0.666,0.09,0.0,2,0.4,0,0.712,0.336,0.781,0.43,0.33,0,89.56725,8,0.74,0.0,0.421,0.206,0.247,0.85,0.81,93.7145,98.7775,87.75813,-981.994,-14.1693,-2,93.1475,0.556,104.4875,0.408,88.0445,0.385,-1,0.441,1,0,12698,0.768,0.535,0.38,128.0,128.0,2.2857,56.0,0.0,1,1,0.78,50.1,1,1,0.78,18.0,0,71.982,0.063,0.937,0.0,0.0,0.5,0.49,0.0,0.5,0.0,1.0,0.541,0.5,0.56,0.0,0.327,0.0,0,0,0.323,0.398,0.0,1.0,0.0,0.376,0.421,0.0,0.587,0.41,0.0,1.0,0.891
0,2026.05.22 12:56:30,NFLXm,SWEEP_REVERSAL,BUY,2,90.3,89.74,90.85,0.98,0.266,89.56725,89.9865,89.277,0,0.693,0.117,-0.9772,88.1925,88.0075,89.245,86.495,1,0.018,0.55,0,89.56725,0.699,0.724,0,0.0,0.0,0.0,92.4145,6.008,0,0,0,0.7,0.685,0.5203,0.685,0.345,0,0.712,0,0.535,89.50275,88.98675,0.862,0.059,0.0,2,0.4,0,0.712,0.389,0.977,0.398,0.336,0,89.56725,8,0.74,0.0,0.357,0.206,0.247,0.85,0.357,93.7145,98.7775,87.75813,-981.994,-14.1693,-2,93.1475,0.556,104.4875,0.408,88.0445,0.385,-1,0.441,1,0,12698,0.768,0.535,0.38,128.0,128.0,2.2857,56.0,0.0,1,1,0.78,50.1,1,1,0.78,18.0,0,71.786,0.063,0.937,0.0,0.0,0.5,0.0,0.0,0.5,0.0,0.708,0.388,0.5,0.511,0.0,0.368,0.0,0,0,0.368,0.443,0.0,0.695,0.0,0.376,0.392,0.0,0.593,0.41,0.0,1.0,0.891
0,2026.05.22 13:16:40,NFLXm,TREND_CONTINUATION,BUY,4,90.01,89.34,90.83,1.23,0.522,89.54625,89.7825,89.31,0,0.633,0.16,-1.4707,88.1925,88.0075,89.245,86.495,1,0.013,0.45,0,89.54625,0.73,0.0,2,0.0,0.0,0.0,92.4145,5.99,0,0,0,1.0,0.72,0.3401,0.72,0.36,0,0.785,2,0.068,89.52,88.91625,1.423,0.336,0.0,2,0.4,0,0.785,0.582,1.471,0.396,0.323,0,89.54625,8,0.746,0.0,0.352,0.216,0.14,0.882,0.472,93.7145,98.7775,87.75813,-981.994,-14.1693,-2,93.1475,0.556,104.4875,0.408,88.0445,0.385,-1,0.441,1,0,12699,0.768,0.535,0.38,128.0,128.0,2.3063,55.5,0.0,1,1,0.78,50.1,1,1,0.78,18.0,0,71.91,0.063,0.937,0.0,0.0,0.5,0.0,0.0,0.5,0.623,0.325,0.484,0.5,0.547,0.0,0.428,0.0,0,0,0.345,0.483,0.0,0.689,0.0,0.359,0.297,0.0,0.596,0.41,0.0,1.0,0.891
0,2026.05.22 13:28:40,NFLXm,PULLBACK,BUY,4,89.78,88.95,90.83,1.26,0.45,89.54625,89.7825,89.31,0,0.633,0.16,-1.8851,88.1925,88.0075,89.245,86.495,1,0.009,0.45,0,89.54625,0.73,0.0,2,0.0,0.0,0.0,92.4145,5.99,0,0,0,1.0,0.72,0.3401,0.72,0.36,0,0.785,2,0.068,89.52,88.91625,1.838,0.75,0.0,2,0.4,0,0.785,0.746,1.885,0.396,0.342,0,89.54625,8,0.746,0.0,0.352,0.216,0.14,0.882,0.472,93.7145,98.7775,87.75813,-981.994,-14.1693,-2,93.1475,0.556,104.4875,0.408,88.0445,0.385,-1,0.441,1,0,12699,0.768,0.535,0.38,128.0,128.0,2.3063,55.5,0.0,1,1,0.78,50.1,1,1,0.78,18.0,0,71.495,0.063,0.937,0.0,0.0,0.5,0.0,0.0,0.5,0.623,0.325,0.397,0.5,0.738,0.0,0.463,0.0,0,0,0.468,0.483,0.872,0.321,0.0,0.303,0.287,0.0,0.593,0.41,0.0,1.0,0.891
0,2026.05.22 14:00:59,NFLXm,BREAKOUT_RETEST,BUY,4,88.98,88.8,89.23,1.38,0.561,88.978,89.202,88.498,1,0.664,0.027,-0.627,88.0335,88.0075,89.245,86.495,1,0.01,0.55,0,88.85,0.711,0.512,0,0.0,0.0,88.84375,92.4145,6.576,0,0,0,1.0,0.755,0.1479,0.755,0.338,0,0.661,0,0.465,88.946,88.434,0.574,0.275,0.0,2,0.4,0,0.661,0.25,0.627,0.399,0.312,0,88.85,8,0.742,0.0,0.359,0.226,0.233,0.953,0.943,93.7145,98.7775,87.75813,-981.994,-14.1693,-2,93.1475,0.556,104.4875,0.408,88.0445,0.385,-1,0.441,1,0,12700,0.773,0.532,0.379,38.0,38.0,0.6303,60.3,0.0,1,1,0.78,50.1,1,1,0.78,18.0,0,64.493,0.063,0.937,0.0,0.0,0.5,0.19,0.0,0.5,0.0,0.325,0.432,0.5,0.813,0.0,0.655,0.0,0,0,0.547,0.581,0.0,0.692,0.0,0.496,0.447,0.0,0.585,0.41,0.0,1.0,0.809
39694,2026.05.22 14:31:40,NFLXm,MEAN_REVERSION,BUY,4,88.8,88.32,89.23,0.89,0.596,88.978,89.202,88.498,0,0.664,0.027,-0.9256,88.0335,88.0075,89.245,86.495,1,0.007,0.55,0,88.85,0.711,0.512,0,0.0,0.0,88.84375,92.4145,6.576,0,0,0,1.0,0.755,0.1479,0.755,0.02,0,0.661,0,0.465,88.946,88.434,0.873,0.023,0.0,2,0.4,0,0.661,0.414,0.926,0.447,0.331,0,88.85,8,0.742,0.0,0.454,0.226,0.233,0.953,0.943,93.7145,98.7775,87.75813,-981.994,-14.1693,-2,93.1475,0.556,104.4875,0.408,88.0445,0.385,-1,0.441,1,0,12700,0.773,0.532,0.379,38.0,38.0,0.6303,60.3,0.0,1,1,0.78,50.1,1,1,0.78,18.0,0,64.194,0.063,0.937,0.0,0.0,0.5,0.76,0.0,0.5,0.0,0.516,0.546,0.5,0.526,0.0,0.672,0.0,0,0,0.455,0.373,0.0,0.692,0.0,0.593,0.403,0.0,0.591,0.41,0.0,1.0,0.891
39696,2026.05.22 14:56:40,NFLXm,SWEEP_REVERSAL,BUY,4,88.65,88.05,89.23,0.96,0.264,88.978,89.202,88.498,0,0.664,0.027,-1.1744,88.0335,88.0075,89.245,86.495,1,0.004,0.55,0,88.85,0.711,0.512,0,0.0,0.0,88.84375,92.4145,6.576,0,0,0,1.0,0.755,0.1479,0.755,0.02,0,0.661,0,0.465,88.946,88.434,1.121,0.272,0.0,2,0.4,0,0.661,0.525,1.174,0.447,0.344,0,88.85,8,0.742,0.0,0.454,0.226,0.233,0.953,0.943,93.7145,98.7775,87.75813,-981.994,-14.1693,-2,93.1475,0.556,104.4875,0.408,88.0445,0.385,-1,0.441,1,0,12700,0.773,0.532,0.379,38.0,38.0,0.6303,60.3,0.0,1,1,0.78,50.1,1,1,0.78,18.0,0,63.945,0.063,0.937,0.0,0.0,0.5,0.26,0.0,0.5,0.0,0.775,0.375,0.5,0.458,0.0,0.691,0.0,0,0,0.489,0.416,0.0,0.461,0.0,0.616,0.347,0.0,0.592,0.41,0.0,1.0,0.891
39698,2026.05.22 17:23:40,NFLXm,MEAN_REVERSION,BUY,3,88.54,88.02,89.0,0.89,0.602,88.623,88.71,88.246,0,0.002,0.449,-0.7147,88.27375,88.0535,89.544,87.105,1,0.002,0.4,0,88.333,0.764,0.614,0,0.0,0.0,0.0,92.4145,6.119,0,0,0,0.55,-0.58,-0.3001,0.58,0.034,0,0.668,1,0.053,88.333,88.159,0.267,0.002,0.0,2,0.25,0,0.668,0.318,0.715,0.445,0.291,0,88.623,1,0.7,0.466,0.39,0.174,0.088,0.944,0.97,92.32684,92.30187,87.75813,-386.2325,595.7614,-1,93.52053,0.574,104.26368,0.405,88.14895,0.416,-1,0.527,1,0,12703,0.773,0.532,0.379,38.0,38.0,0.5865,64.8,0.0,1,1,0.78,50.1,1,1,0.78,18.0,0,59.334,0.549,0.451,0.0,1.0,0.5,0.0,0.0,0.5,0.0,0.827,0.402,0.5,0.551,0.0,0.261,0.0,0,0,0.328,0.774,0.0,0.77,0.0,0.282,0.433,0.0,0.573,0.41,0.0,1.0,0.851
39700,2026.05.22 19:27:40,NFLXm,MEAN_REVERSION,BUY,3,88.67,88.25,89.04,0.86,0.638,88.3785,88.656,88.175,1,0.196,0.154,-0.1672,88.27375,88.0535,89.544,87.105,1,0.004,0.65,0,88.3785,0.743,0.328,0,0.0,0.0,0.0,92.4145,8.17,0,0,0,0.975,-0.825,-0.3252,0.825,0.641,0,0.721,0,0.611,88.36,88.2305,0.132,0.112,0.0,2,0.15,0,0.721,0.531,1.5,0.354,0.413,1,88.656,4,0.6,0.735,0.168,0.247,0.175,0.938,0.667,92.32684,92.30187,87.75813,-386.2325,595.7614,-1,93.52053,0.574,104.26368,0.405,88.14895,0.416,-1,0.527,1,0,12705,0.773,0.532,0.379,38.0,38.0,0.7179,52.9,0.0,1,1,0.78,50.1,1,1,0.78,18.0,0,72.872,0.549,0.451,0.0,1.0,0.5,0.45,0.0,0.5,0.0,0.51,0.608,0.5,0.551,0.0,0.336,0.0,0,0,0.364,0.758,0.0,0.488,0.0,0.313,0.48,0.0,0.573,0.41,0.0,1.0,0.701
0,2026.05.26 11:03:30,NFLXm,SWEEP_REVERSAL,BUY,2,88.73,88.28,89.15,0.93,0.187,88.35225,88.431,88.116,0,0.206,0.142,-0.9339,88.27375,88.0535,89.544,87.105,1,0.003,0.5,0,88.35225,0.8,0.846,0,0.0,0.0,88.09625,92.4145,9.609,0,0,0,1.0,-0.895,-0.2828,0.895,0.262,2,0.638,0,0.64,88.179,88.00575,0.551,0.168,0.0,2,0.15,0,0.718,0.384,0.934,0.411,0.387,1,88.35225,8,0.76,0.0,0.281,0.269,0.181,0.845,0.681,94.12577,98.4587,87.75813,-1128.0727,-741.8401,-2,93.64662,0.56,104.18803,0.398,88.37592,0.492,1,0.619,1,0,12707,0.773,0.532,0.379,80.0,60.4,1.7694,45.2,0.0,1,1,0.78,50.1,1,1,0.78,18.0,0,85.438,0.068,0.932,0.0,0.0,0.5,0.0,0.0,0.5,0.0,1.0,0.257,0.5,0.572,0.0,0.178,0.0,0,0,0.389,0.692,0.0,0.31,0.0,0.111,0.265,0.0,0.581,0.41,0.0,1.0,0.779
0,2026.05.26 11:03:30,NFLXm,MEAN_REVERSION,BUY,2,88.73,88.37,89.15,1.17,0.591,88.35225,88.431,88.116,0,0.206,0.142,-0.9339,88.27375,88.0535,89.544,87.105,1,0.003,0.5,0,88.35225,0.8,0.846,0,0.0,0.0,88.09625,92.4145,9.609,0,0,0,1.0,-0.895,-0.2828,0.895,0.262,2,0.638,0,0.64,88.179,88.00575,0.551,0.168,0.0,2,0.15,0,0.718,0.384,0.934,0.411,0.387,1,88.35225,8,0.76,0.0,0.281,0.269,0.181,0.845,0.681,94.12577,98.4587,87.75813,-1128.0727,-741.8401,-2,93.64662,0.56,104.18803,0.398,88.37592,0.492,1,0.619,1,0,12707,0.773,0.532,0.379,80.0,60.6,1.7694,45.2,0.0,1,1,0.78,50.1,1,1,0.78,18.0,0,85.438,0.068,0.932,0.0,0.0,0.5,0.0,0.0,0.5,0.0,1.0,0.257,0.5,0.572,0.0,0.178,0.0,0,0,0.389,0.692,0.0,0.31,0.0,0.111,0.265,0.0,0.581,0.41,0.0,1.0,0.779
0,2026.05.26 13:03:59,NFLXm,SWEEP_REVERSAL,BUY,4,88.79,88.37,89.39,1.43,0.162,88.10725,88.303,87.9985,0,1.206,0.044,-1.4293,88.27375,88.0535,89.544,87.105,1,0.013,0.35,0,88.28125,0.726,0.0,2,0.0,0.0,0.0,92.4145,11.618,0,0,0,1.0,-0.965,-0.209,0.965,0.061,0,0.675,3,0.468,88.10725,87.54175,1.429,0.076,0.0,2,0.15,0,0.675,0.814,1.846,0.441,0.415,1,88.10725,1,0.7,0.0,0.342,0.29,0.053,0.92,0.92,92.19603,98.66029,87.75813,-1175.8888,-47.8161,-2,94.06014,0.546,104.31274,0.404,88.46781,0.498,1,0.519,1,0,12709,0.773,0.532,0.379,128.0,128.0,3.0632,41.8,0.0,1,1,0.78,50.1,1,1,0.78,18.0,0,92.591,0.048,0.952,0.0,0.0,0.5,0.0,0.0,0.5,0.0,0.587,0.371,0.5,0.494,0.0,0.374,0.0,0,0,0.375,0.325,0.0,0.44,0.0,0.271,0.17,0.0,0.609,0.41,0.0,1.0,0.717
0,2026.05.26 13:04:00,NFLXm,MEAN_REVERSION,BUY,4,88.77,88.44,89.39,1.85,0.608,88.10725,88.303,87.9985,0,1.206,0.044,-1.4772,88.27375,88.0535,89.544,87.105,1,0.013,0.35,0,88.28125,0.726,0.0,2,0.0,0.0,0.0,92.4145,11.618,0,0,0,1.0,-0.965,-0.209,0.965,0.061,0,0.675,3,0.468,88.10725,87.54175,1.477,0.124,0.0,2,0.15,0,0.675,0.835,1.894,0.441,0.417,1,88.10725,1,0.7,0.0,0.342,0.29,0.053,0.92,0.92,92.19603,98.66029,87.75813,-1175.8888,-47.8161,-2,94.06014,0.546,104.31274,0.404,88.46781,0.498,1,0.519,1,0,12709,0.773,0.532,0.379,128.0,128.0,3.0632,41.8,0.0,1,1,0.78,50.1,1,1,0.78,18.0,0,92.544,0.048,0.952,0.0,0.0,0.5,0.0,0.0,0.5,0.0,0.587,0.371,0.5,0.494,0.0,0.374,0.0,0,0,0.375,0.325,0.0,0.44,0.0,0.271,0.169,0.0,0.609,0.41,0.0,1.0,0.717
0,2026.05.26 14:11:40,NFLXm,ANCHORED_PULLBACK,BUY,4,88.36,88.2,88.64,1.82,0.208,87.69625,88.1125,87.4465,1,0.041,0.578,0.6326,88.29875,88.0535,89.544,87.105,1,0.002,0.6,0,87.69625,0.722,0.656,0,0.0,0.0,87.6895,92.4145,10.354,0,0,0,1.0,-0.825,-0.1698,0.825,0.429,2,0.649,3,0.399,87.69625,88.02925,0.633,0.11,0.0,2,0.25,0,0.649,0.244,0.633,0.386,0.308,0,87.69625,8,0.744,0.0,0.271,0.247,0.088,0.836,0.632,92.19603,98.66029,87.75813,-1175.8888,-47.8161,-2,94.06014,0.546,104.31274,0.404,88.46781,0.498,1,0.519,1,0,12710,0.783,0.528,0.378,38.0,38.0,0.8471,44.9,0.0,1,1,0.78,50.1,1,1,0.78,18.0,0,85.293,0.048,0.952,0.0,0.0,0.5,0.63,0.0,0.5,0.0,0.3,0.425,0.5,0.874,0.0,0.74,0.0,0,0,0.603,0.747,0.0,0.357,0.0,0.591,0.513,0.0,0.587,0.41,0.0,1.0,0.818
39702,2026.05.26 15:08:40,NFLXm,SWEEP_REVERSAL,BUY,4,87.65,87.15,88.08,0.87,0.659,87.7,88.03,87.43,0,0.765,0.081,-0.8662,88.23625,88.0535,89.544,87.105,1,0.016,0.5,0,87.7,0.604,0.455,0,0.0,0.0,87.33,92.4145,10.383,1,0,0,1.0,-0.825,-0.1813,0.825,0.263,0,0.709,0,0.777,87.73,87.16,0.927,0.222,0.0,2,0.7,6,0.7,0.241,0.927,0.26,0.298,0,87.7,8,0.721,0.0,0.701,0.247,0.7,0.817,0.908,92.19603,98.66029,87.75813,-1175.8888,-47.8161,-2,94.06014,0.546,104.31274,0.404,88.46781,0.498,1,0.519,1,0,12711,0.783,0.528,0.378,38.0,38.0,0.7655,49.6,0.0,1,1,0.78,50.1,1,1,0.78,18.0,0,75.64,0.048,0.952,0.0,0.0,0.5,0.16,0.0,0.5,0.0,0.0,0.424,0.5,0.0,0.0,0.0,0.0,0,0,0.046,0.0,0.0,0.0,0.0,0.0,0.5,0.0,0.0,0.0,0.0,0.0,0.0
0,2026.05.27 10:13:30,NFLXm,SWEEP_REVERSAL,BUY,2,87.93,87.5,88.91,2.27,0.206,87.63425,87.8565,87.539,0,2.12,0.219,-2.2664,88.32675,88.0535,89.544,87.105,0,0.032,0.25,4,87.63425,0.77,0.341,0,0.0,0.0,87.5075,92.4145,13.274,0,0,-1,0.8,-1.0,-0.1254,1.0,0.009,2,0.639,0,0.199,87.6025,87.031,2.193,0.877,0.0,2,0.15,0,0.639,1.017,2.266,0.449,0.4,1,87.63425,8,0.754,0.0,0.357,0.3,0.242,0.954,1.0,98.49038,98.52391,87.75813,-1242.5472,-101.4784,-2,93.69269,0.533,104.16038,0.399,88.02269,0.573,1,0.187,1,0,12716,0.783,0.528,0.378,128.0,40.7,2.9474,43.4,0.0,1,1,0.78,50.1,1,1,0.78,18.0,-1,87.109,0.109,0.891,0.0,0.0,0.0,0.0,0.0,0.5,0.0,0.804,0.492,0.5,0.537,0.0,0.362,0.0,0,0,0.311,0.196,0.0,0.155,0.0,0.352,0.177,0.0,0.67,0.41,0.0,1.0,0.707
0,2026.05.27 10:14:30,NFLXm,MEAN_REVERSION,BUY,2,87.93,87.58,88.91,2.83,0.586,87.63425,87.8565,87.539,0,2.12,0.219,-2.2664,88.32675,88.0535,89.544,87.105,0,0.032,0.25,4,87.63425,0.77,0.341,0,0.0,0.0,87.5075,92.4145,13.274,0,0,-1,0.8,-1.0,-0.1254,1.0,0.009,2,0.639,0,0.199,87.6025,87.031,2.193,0.877,0.0,2,0.15,0,0.639,1.017,2.266,0.449,0.4,1,87.63425,8,0.754,0.0,0.357,0.3,0.242,0.954,1.0,98.49038,98.52391,87.75813,-1242.5472,-101.4784,-2,93.69269,0.533,104.16038,0.399,88.02269,0.573,1,0.187,1,0,12716,0.783,0.528,0.378,128.0,41.6,2.9474,43.4,0.0,1,1,0.78,50.1,1,1,0.78,18.0,-1,87.109,0.109,0.891,0.0,0.0,0.0,0.0,0.0,0.5,0.0,0.804,0.53,0.5,0.537,0.0,0.362,0.0,0,0,0.324,0.196,0.0,0.155,0.0,0.352,0.177,0.0,0.67,0.41,0.0,1.0,0.707
0,2026.05.27 11:00:00,NFLXm,ANCHORED_PULLBACK,BUY,2,88.08,88.03,88.92,16.97,0.385,87.8165,87.851,87.506,0,1.763,0.12,-2.4202,87.48325,88.0535,89.544,87.105,0,0.03,0.25,4,87.8165,0.8,0.857,0,0.0,0.0,86.6245,92.4145,13.368,0,0,-1,1.0,-1.0,-0.101,1.0,0.023,2,0.532,3,0.818,87.575,87.092,1.845,0.695,0.0,2,0.15,0,0.532,1.081,2.42,0.447,0.439,1,87.8165,8,0.76,0.0,0.353,0.3,0.202,0.804,1.0,98.49038,98.52391,87.75813,-1242.5472,-101.4784,-2,93.69269,0.533,104.16038,0.399,88.02269,0.573,1,0.187,1,0,12717,0.783,0.528,0.378,128.0,128.0,3.0476,42.0,0.0,1,1,0.78,50.1,1,1,0.78,18.0,-1,90.429,0.109,0.891,0.0,0.0,0.0,0.98,0.0,0.5,0.0,1.0,0.757,0.5,0.535,0.0,0.247,0.0,0,0,0.413,0.302,0.0,0.154,0.0,0.291,0.181,0.0,0.671,0.41,0.0,1.0,0.707
0,2026.05.27 12:14:00,NFLXm,SWEEP_REVERSAL,BUY,2,87.37,86.93,88.91,3.46,0.159,87.63125,87.7625,87.4125,0,2.846,1.666,-3.4635,88.31875,88.0535,89.544,87.105,0,0.044,0.2,4,87.63125,0.703,0.03,0,0.0,0.0,86.2625,92.4145,13.988,0,0,-1,1.0,-1.0,-0.1351,1.0,0.024,0,0.672,2,0.378,87.5875,87.10625,3.365,2.284,0.0,2,0.0,0,0.672,1.546,3.463,0.446,0.487,1,87.63125,8,0.741,0.0,0.293,0.3,0.15,0.734,1.0,94.06887,87.60527,87.75813,18.151,1260.6982,2,94.06887,0.552,103.84963,0.4,88.11538,0.582,1,0.104,1,0,12718,0.783,0.528,0.378,128.0,128.0,2.8764,44.5,0.0,1,1,0.78,50.1,1,1,0.78,18.0,-1,83.753,0.067,0.933,0.3,0.0,0.0,0.0,0.0,0.5,0.0,0.964,0.406,0.5,0.553,0.0,0.341,0.0,0,0,0.359,0.417,0.0,0.297,0.0,0.376,0.176,0.0,0.688,0.41,0.0,1.0,0.783
0,2026.05.27 12:14:30,NFLXm,MEAN_REVERSION,BUY,2,87.38,87.02,88.91,4.3,0.625,87.63125,87.7625,87.4125,0,2.846,1.666,-3.441,88.31875,88.0535,89.544,87.105,0,0.044,0.2,4,87.63125,0.703,0.03,0,0.0,0.0,86.2625,92.4145,13.988,0,0,-1,1.0,-1.0,-0.1351,1.0,0.024,0,0.672,2,0.378,87.5875,87.10625,3.343,2.261,0.0,2,0.0,0,0.672,1.536,3.441,0.446,0.486,1,87.63125,8,0.741,0.0,0.293,0.3,0.15,0.734,1.0,94.06887,87.60527,87.75813,18.151,1260.6982,2,94.06887,0.552,103.84963,0.4,88.11538,0.582,1,0.104,1,0,12718,0.783,0.528,0.378,128.0,128.0,2.8764,44.5,0.0,1,1,0.78,50.1,1,1,0.78,18.0,-1,83.775,0.067,0.933,0.3,0.0,0.0,0.02,0.0,0.5,0.0,0.964,0.429,0.5,0.553,0.0,0.341,0.0,0,0,0.345,0.417,0.0,0.297,0.0,0.376,0.176,0.0,0.688,0.41,0.0,1.0,0.783
0,2026.05.27 14:15:40,NFLXm,SWEEP_REVERSAL,BUY,4,88.11,87.88,88.43,1.4,0.622,87.55475,87.98,86.5625,1,0.518,0.157,0.3129,87.61,88.0535,89.544,87.105,1,0.006,0.75,0,87.55475,0.611,0.25,0,0.0,0.0,87.78225,92.4145,9.365,0,1,0,0.8,-0.825,-0.2773,0.825,0.181,2,0.524,3,0.565,87.5075,86.9405,0.397,1.41,0.0,2,0.7,6,0.7,0.385,1.41,0.273,0.304,0,87.55475,8,0.722,0.205,0.726,0.247,0.545,0.948,0.904,94.06887,87.60527,87.75813,18.151,1260.6982,2,94.06887,0.552,103.84963,0.4,88.11538,0.582,1,0.104,1,0,12720,0.8,0.527,0.379,38.0,38.0,0.6786,56.0,0.0,1,1,0.78,50.1,1,1,0.78,18.0,-1,67.875,0.067,0.933,0.3,0.0,0.0,0.99,0.0,0.5,0.0,0.0,0.64,0.5,0.0,0.0,0.0,0.0,0,0,0.084,0.0,0.0,0.0,0.0,0.0,0.5,0.0,0.0,0.0,0.0,0.0,0.0
0,2026.05.27 15:00:20,NFLXm,ANCHORED_PULLBACK,BUY,4,88.44,88.41,89.42,37.3,0.379,87.89675,88.28,87.0755,1,0.056,1.674,0.258,87.61,88.0535,89.544,87.105,1,0.0,0.55,2,87.89675,0.701,0.175,0,0.0,0.0,87.84375,92.4145,6.849,0,0,0,1.0,-0.825,-0.1482,0.825,0.44,2,0.585,3,0.553,88.11575,86.8565,0.088,1.902,0.0,2,0.25,0,0.585,0.73,1.902,0.384,0.358,1,88.28,4,0.6,0.824,0.268,0.247,0.088,0.758,0.847,94.06887,87.60527,87.75813,18.151,1260.6982,2,94.06887,0.552,103.84963,0.4,88.11538,0.582,1,0.104,1,0,12721,0.8,0.527,0.379,38.0,38.0,0.6005,63.3,0.0,1,1,0.78,50.1,1,1,0.78,18.0,-1,60.582,0.067,0.933,0.3,0.0,0.0,0.89,0.0,0.5,0.0,0.524,0.672,0.5,0.486,0.0,0.93,0.0,0,0,0.621,0.8,0.0,0.893,0.258,0.264,0.543,0.0,0.57,0.41,0.0,1.0,0.818
39704,2026.05.27 16:45:40,NFLXm,SWEEP_REVERSAL,BUY,4,87.76,87.14,88.51,1.19,0.174,88.125,88.29,87.41,0,0.184,1.227,-1.1947,88.25,88.0535,89.544,87.376,1,0.011,0.4,2,88.125,0.722,0.403,0,0.0,0.0,88.1775,92.4145,7.416,0,0,0,0.8,-0.825,-0.068,0.825,0.324,2,0.561,2,0.359,88.07,86.97,1.107,0.658,0.0,2,0.25,0,0.641,0.48,1.195,0.401,0.308,0,88.125,8,0.744,0.0,0.303,0.247,0.088,0.674,0.9,87.599,98.73684,87.75813,-1135.1696,-1153.3206,-2,93.917,0.527,104.123,0.406,88.085,0.558,1,0.604,1,0,12722,0.8,0.527,0.379,38.0,38.0,0.6094,62.4,0.0,1,1,0.78,50.1,1,1,0.78,18.0,-1,60.394,0.002,0.998,0.0,0.0,0.0,0.0,0.0,0.5,0.0,1.0,0.545,0.5,0.531,0.0,0.201,0.0,0,0,0.267,0.612,0.0,0.837,0.211,0.488,0.332,0.0,0.535,0.41,0.0,1.0,0.857
39706,2026.05.27 17:00:20,NFLXm,TREND_CONTINUATION,BUY,3,87.72,86.94,88.52,1.02,0.316,88.13625,88.29,87.47,0,0.091,0.542,-1.2291,87.5285,88.0535,89.544,87.376,0,0.011,0.4,2,88.13625,0.785,0.713,0,0.0,0.0,0.0,92.4145,7.802,0,0,-1,0.442,0.5296,0.0306,0.53,0.387,2,0.632,3,0.351,87.41875,86.9575,0.122,0.59,0.0,2,0.0,0,0.712,0.482,1.229,0.392,0.351,1,88.13625,8,0.757,0.757,0.184,0.159,0.0,0.586,0.891,87.599,98.73684,87.75813,-1135.1696,-1153.3206,-2,93.917,0.527,104.123,0.406,88.085,0.558,1,0.604,1,0,12723,0.8,0.527,0.379,38.0,38.0,0.5865,64.8,0.0,1,1,0.78,50.1,1,1,0.78,18.0,-1,58.068,0.002,0.998,0.0,0.0,0.0,0.24,0.0,0.5,0.0,0.883,0.448,0.5,0.56,0.0,0.238,0.0,0,0,0.294,0.693,0.0,1.0,0.22,0.633,0.252,0.0,0.565,0.41,0.0,1.0,0.911
39708,2026.05.27 17:01:59,NFLXm,MEAN_REVERSION,BUY,3,87.78,87.26,88.52,1.42,0.608,88.13625,88.29,87.47,0,0.091,0.542,-1.1364,87.5285,88.0535,89.544,87.376,1,0.01,0.4,2,88.13625,0.785,0.713,0,0.0,0.0,0.0,92.4145,7.802,0,0,-1,0.442,0.5296,0.0306,0.53,0.638,2,0.632,3,0.351,87.41875,86.9575,0.029,0.683,0.0,2,0.0,0,0.712,0.403,1.136,0.354,0.342,0,88.13625,8,0.757,0.942,0.109,0.159,0.0,0.586,0.891,87.599,98.73684,87.75813,-1135.1696,-1153.3206,-2,93.917,0.527,104.123,0.406,88.085,0.558,1,0.604,1,0,12723,0.8,0.527,0.379,38.0,38.0,0.5865,64.8,0.0,1,1,0.78,50.1,1,1,0.78,18.0,-1,58.161,0.002,0.998,0.0,0.0,0.0,0.72,0.0,0.5,0.0,0.883,0.517,0.5,0.56,0.0,0.22,0.0,0,0,0.266,0.793,0.0,0.913,0.22,0.586,0.321,0.0,0.549,0.41,0.0,1.0,0.976
0,2026.05.27 17:14:40,NFLXm,BREAKOUT,BUY,3,88.05,87.79,89.67,6.12,0.269,88.13625,88.29,87.47,1,0.091,0.542,-0.7197,87.5285,88.0535,89.544,87.376,1,0.006,0.4,2,88.13625,0.785,0.713,0,0.0,0.0,0.0,92.4145,7.802,0,0,-1,0.442,0.5296,0.0306,0.53,0.467,2,0.632,3,0.351,87.82875,86.9575,0.245,1.1,0.0,2,0.0,0,0.712,0.418,1.1,0.38,0.344,0,87.47,5,0.6,0.51,0.16,0.159,0.0,0.59,0.891,87.599,98.73684,87.75813,-1135.1696,-1153.3206,-2,93.917,0.527,104.123,0.406,88.085,0.558,1,0.604,1,0,12723,0.8,0.527,0.379,38.0,38.0,0.5865,64.8,0.0,1,1,0.78,50.1,1,1,0.78,18.0,-1,58.578,0.002,0.998,0.0,0.0,0.0,0.99,0.0,0.5,0.0,0.948,0.657,0.5,0.516,0.0,0.186,0.0,0,0,0.324,0.75,0.0,0.748,0.163,0.522,0.437,0.0,0.593,0.41,0.0,1.0,0.899
39710,2026.05.27 18:45:40,NFLXm,SWEEP_REVERSAL,BUY,3,87.82,87.19,88.48,1.05,0.242,88.0975,88.29,87.52,0,0.275,0.012,-1.0496,87.608,88.0535,89.544,87.376,1,0.01,0.7,2,88.0975,0.776,0.0,2,0.0,0.0,0.0,92.4145,8.308,0,0,-1,0.75,0.545,0.0755,0.545,0.645,0,0.664,3,0.68,87.3825,87.245,0.092,0.311,0.0,2,0.4,0,0.744,0.371,1.05,0.353,0.35,0,88.0975,8,0.755,0.816,0.266,0.164,0.14,0.767,0.719,87.599,98.73684,87.75813,-1135.1696,-1153.3206,-2,93.917,0.527,104.123,0.406,88.085,0.558,1,0.604,1,0,12724,0.8,0.527,0.379,38.0,38.0,0.6066,62.6,0.0,1,1,0.78,50.1,1,1,0.78,18.0,0,60.214,0.002,0.998,0.0,0.0,0.5,0.99,0.0,0.5,0.0,0.937,0.487,0.5,0.557,0.0,0.398,0.0,0,0,0.334,0.544,0.0,1.0,0.316,0.304,0.321,0.0,0.561,0.41,0.0,1.0,0.957
0,2026.05.27 19:00:00,NFLXm,BREAKOUT_RETEST,BUY,3,87.74,87.51,88.89,5.08,0.732,87.3825,88.07,87.19,1,0.04,0.723,-0.0399,87.5735,88.0535,89.544,87.376,0,0.012,0.8,2,88.0975,0.687,0.431,0,0.0,0.0,0.0,92.4145,8.969,0,0,-1,0.825,0.58,0.1194,0.58,1.0,1,0.313,3,0.99,87.355,87.6575,0.009,0.528,0.1952,0,0.55,2,1.0,0.589,1.309,0.45,0.467,1,87.19,5,0.6,0.982,0.22,0.874,0.193,0.853,0.9,87.599,98.73684,87.75813,-1135.1696,-1153.3206,-2,93.917,0.527,104.123,0.406,88.085,0.558,1,0.604,1,0,12725,0.8,0.527,0.379,38.0,38.0,0.6743,56.4,0.0,1,1,0.78,50.1,1,1,0.78,18.0,0,66.788,0.002,0.998,0.0,0.0,0.5,0.38,0.0,0.5,0.0,0.682,0.525,0.5,0.574,0.0,0.318,0.0,0,0,0.314,0.661,0.0,0.833,0.2,0.552,0.35,0.0,0.509,0.41,0.0,1.0,0.9
0,2026.05.27 19:00:00,NFLXm,PULLBACK,BUY,3,87.74,87.51,88.15,1.8,0.553,87.3825,88.07,87.19,1,0.04,0.723,-0.0399,87.5735,88.0535,89.544,87.376,0,0.012,0.8,2,88.0975,0.687,0.431,0,0.0,0.0,0.0,92.4145,8.969,0,0,-1,0.825,0.58,0.1194,0.58,1.0,2,0.613,3,0.99,87.355,87.6575,0.009,0.528,0.0,2,0.25,0,0.693,0.393,1.309,0.3,0.412,1,87.19,5,0.6,0.982,0.1,0.174,0.088,0.853,0.9,87.599,98.73684,87.75813,-1135.1696,-1153.3206,-2,93.917,0.527,104.123,0.406,88.085,0.558,1,0.604,1,0,12725,0.8,0.527,0.379,38.0,38.0,0.6743,56.4,0.0,1,1,0.78,50.1,1,1,0.78,18.0,0,66.788,0.002,0.998,0.0,0.0,0.5,0.38,0.0,0.5,0.0,0.812,0.525,0.5,0.574,0.0,0.318,0.0,0,0,0.314,0.771,0.0,0.958,0.23,0.339,0.35,0.0,0.599,0.41,0.0,1.0,0.861
39712,2026.05.27 19:00:20,NFLXm,TREND_CONTINUATION,BUY,3,87.72,87.04,88.48,1.12,0.476,87.3825,88.07,87.19,1,0.04,0.723,-0.0754,87.5735,88.0535,89.544,87.376,0,0.013,0.8,2,88.0975,0.687,0.431,0,0.0,0.0,0.0,92.4145,8.969,0,0,-1,0.825,0.58,0.1194,0.58,0.711,2,0.613,3,0.99,87.355,87.6575,0.027,0.563,0.0,2,0.25,0,0.693,0.461,1.344,0.343,0.42,1,88.0975,8,0.737,0.947,0.187,0.174,0.088,0.853,0.9,87.599,98.73684,87.75813,-1135.1696,-1153.3206,-2,93.917,0.527,104.123,0.406,88.085,0.558,1,0.604,1,0,12725,0.8,0.527,0.379,38.0,38.0,0.6743,56.4,0.0,1,1,0.78,50.1,1,1,0.78,18.0,0,66.753,0.002,0.998,0.0,0.0,0.5,0.11,0.0,0.5,0.0,0.812,0.508,0.5,0.574,0.0,0.318,0.0,0,0,0.304,0.711,0.0,0.826,0.23,0.339,0.35,0.0,0.599,0.41,0.0,1.0,0.861
0,2026.05.27 19:01:59,NFLXm,MEAN_REVERSION,BUY,3,87.72,87.51,88.48,3.67,0.619,87.3825,88.07,87.19,1,0.04,0.723,-0.0754,87.5735,88.0535,89.544,87.376,0,0.013,0.8,2,88.0975,0.687,0.431,0,0.0,0.0,0.0,92.4145,8.969,0,0,-1,0.825,0.58,0.1194,0.58,0.711,2,0.613,3,0.99,87.355,87.6575,0.027,0.563,0.0,2,0.25,0,0.693,0.461,1.344,0.343,0.42,1,88.0975,8,0.737,0.947,0.187,0.174,0.088,0.853,0.9,87.599,98.73684,87.75813,-1135.1696,-1153.3206,-2,93.917,0.527,104.123,0.406,88.085,0.558,1,0.604,1,0,12725,0.8,0.527,0.379,38.0,38.0,0.6743,56.4,0.0,1,1,0.78,50.1,1,1,0.78,18.0,0,66.753,0.002,0.998,0.0,0.0,0.5,0.12,0.0,0.5,0.0,0.812,0.508,0.5,0.574,0.0,0.318,0.0,0,0,0.304,0.711,0.0,0.826,0.23,0.339,0.35,0.0,0.599,0.41,0.0,1.0,0.861
39714,2026.05.27 19:16:40,NFLXm,BREAKOUT,BUY,3,87.87,87.02,89.28,1.67,0.401,87.3825,88.07,87.19,1,0.04,0.723,0.1907,87.5735,88.0535,89.544,87.376,1,0.01,0.8,2,88.0975,0.687,0.431,0,0.0,0.0,0.0,92.4145,8.969,0,0,-1,0.825,0.58,0.1194,0.58,0.39,2,0.613,3,0.99,87.355,87.6575,0.24,0.297,0.0,2,0.25,0,0.693,0.422,1.078,0.391,0.415,1,87.19,5,0.6,0.521,0.283,0.174,0.088,0.853,0.9,87.599,98.73684,87.75813,-1135.1696,-1153.3206,-2,93.917,0.527,104.123,0.406,88.085,0.558,1,0.604,1,0,12725,0.8,0.527,0.379,38.0,38.0,0.6743,56.4,0.0,1,1,0.78,50.1,1,1,0.78,18.0,0,67.019,0.002,0.998,0.0,0.0,0.5,0.97,0.0,0.5,0.0,0.775,0.595,0.5,0.552,0.0,0.253,0.0,0,0,0.324,0.677,0.0,0.985,0.271,0.313,0.457,0.0,0.581,0.41,0.0,1.0,0.957
0,2026.05.28 10:12:30,NFLXm,BREAKOUT_RETEST,BUY,2,87.88,87.72,88.17,1.74,0.436,87.41275,87.586,87.2395,1,0.116,0.839,-0.2061,87.57125,88.0535,89.544,87.376,0,0.014,0.35,0,87.41275,0.617,0.8,0,0.0,0.0,87.52475,92.4145,9.348,0,0,-1,0.6,0.79,0.1652,0.79,0.472,0,0.789,1,0.656,87.4375,87.784,0.251,0.885,0.0,2,0.0,0,0.789,0.335,0.885,0.379,0.415,1,87.586,4,0.6,0.497,0.158,0.237,0.072,0.776,0.945,87.6476,87.81875,87.75813,-6.7042,1128.4654,-1,93.998,0.534,104.4308,0.402,88.1012,0.6,1,0.454,1,0,12726,0.8,0.527,0.379,58.0,38.4,1.0601,54.7,0.0,1,1,0.78,50.1,1,1,0.78,18.0,0,69.05,0.501,0.499,0.0,1.0,0.5,0.0,0.0,0.5,0.0,0.66,0.586,0.5,0.562,0.0,0.371,0.0,0,0,0.369,0.732,0.0,0.95,0.221,0.278,0.35,0.0,0.584,0.41,0.0,1.0,0.892
0,2026.05.28 12:40:40,NFLXm,MEAN_REVERSION,BUY,2,87.83,87.41,88.18,0.82,0.665,87.3755,87.484,87.267,0,0.391,0.024,-0.6599,87.5275,88.0535,89.544,87.376,0,0.02,0.35,0,87.3755,0.654,0.75,0,0.0,0.0,0.0,92.4145,10.074,0,0,-1,1.0,0.86,0.1459,0.86,0.008,0,0.793,0,0.886,87.391,87.0965,0.689,0.127,0.0,2,0.15,0,0.793,0.309,0.689,0.449,0.416,1,87.3755,8,0.731,0.0,0.358,0.258,0.23,0.748,0.958,92.17182,87.70806,87.75813,5.6943,12.3985,2,93.93909,0.539,104.54273,0.401,88.19545,0.596,1,0.514,1,0,12728,0.8,0.527,0.379,80.0,80.0,1.528,52.4,0.0,1,1,0.78,50.1,1,1,0.78,18.0,0,72.063,0.048,0.952,0.8,0.0,0.5,0.0,0.0,0.5,0.0,0.649,0.486,0.5,0.829,0.0,0.402,0.0,0,0,0.418,0.423,0.0,0.48,0.333,0.229,0.204,0.0,0.615,0.41,0.0,1.0,0.892
0,2026.05.28 12:53:40,NFLXm,SWEEP_REVERSAL,BUY,2,87.75,87.23,88.18,0.81,0.208,87.3755,87.484,87.267,0,0.391,0.024,-0.8127,87.5275,88.0535,89.544,87.376,0,0.021,0.35,0,87.3755,0.654,0.75,0,0.0,0.0,0.0,92.4145,10.074,0,0,-1,1.0,0.86,0.1459,0.86,0.008,0,0.793,0,0.886,87.391,87.0965,0.842,0.28,0.0,2,0.15,0,0.793,0.378,0.842,0.449,0.424,1,87.3755,8,0.731,0.0,0.358,0.258,0.23,0.748,0.958,92.17182,87.70806,87.75813,5.6943,12.3985,2,93.93909,0.539,104.54273,0.401,88.19545,0.596,1,0.514,1,0,12728,0.8,0.527,0.379,80.0,80.0,1.528,52.4,0.0,1,1,0.78,50.1,1,1,0.78,18.0,0,71.91,0.048,0.952,0.8,0.0,0.5,0.0,0.0,0.5,0.0,0.448,0.418,0.5,1.0,0.0,0.513,0.0,0,0,0.554,0.423,0.0,0.24,0.333,0.167,0.181,0.0,0.615,0.41,0.0,1.0,0.892
39716,2026.05.28 14:53:40,NFLXm,SWEEP_REVERSAL,BUY,4,86.31,85.69,86.96,1.04,0.468,87.43025,87.59,86.312,0,0.029,0.484,-2.4087,87.51175,88.17225,89.457,87.173,0,0.036,0.6,2,86.57825,0.766,0.0,2,0.0,0.0,86.57375,92.4145,9.512,0,1,-1,0.75,-0.72,-0.2092,0.72,0.333,2,0.498,3,0.496,86.525,85.5665,0.955,0.584,0.0,2,0.3,6,0.5,0.602,2.409,0.25,0.308,0,86.57825,8,0.753,0.0,0.52,0.216,0.405,0.765,0.976,92.17182,87.70806,87.75813,5.6943,12.3985,2,93.93909,0.539,104.54273,0.401,88.19545,0.596,1,0.514,1,0,12730,0.8,0.533,0.38,38.0,38.0,0.6101,62.3,0.0,1,1,0.78,50.1,1,1,0.78,18.0,0,58.135,0.048,0.952,0.8,0.0,0.5,0.12,0.0,0.5,0.0,0.53,0.253,0.5,0.447,0.0,0.899,0.0,0,0,0.642,0.199,0.0,0.248,0.685,0.784,0.171,0.0,0.532,0.41,0.0,1.0,0.746
39718,2026.05.28 16:00:40,NFLXm,MEAN_REVERSION,BUY,4,86.31,85.77,86.91,1.11,0.586,86.52875,86.7525,85.768,1,0.033,0.565,-0.8889,87.498,88.146,89.73,87.426,0,0.033,0.55,0,86.52875,0.777,0.692,0,0.0,0.0,85.55,92.4145,9.701,0,0,-1,0.9,-0.615,-0.2169,0.615,0.676,2,0.619,0,0.654,85.90225,86.26025,0.041,0.49,0.0,2,0.25,0,0.619,0.31,0.889,0.349,0.312,0,86.52875,8,0.755,0.918,0.197,0.185,0.218,0.614,0.848,98.63261,87.51378,87.75813,25.0983,19.4039,2,93.20913,0.505,104.05609,0.411,88.2787,0.568,1,0.144,1,0,12732,0.8,0.533,0.38,38.0,38.0,0.5642,67.4,0.0,1,1,0.78,50.1,1,1,0.78,18.0,0,53.758,0.11,0.89,0.4,0.0,0.5,0.92,0.0,0.5,0.0,1.0,0.608,0.5,0.524,0.0,0.202,0.0,0,0,0.303,0.709,0.0,0.133,0.322,0.33,0.326,0.0,0.602,0.41,0.0,1.0,0.775
0,2026.05.28 16:00:59,NFLXm,ANCHORED_PULLBACK,BUY,4,86.31,86.13,86.47,0.91,0.232,86.52875,86.7525,85.768,1,0.033,0.565,-0.8889,87.498,88.146,89.73,87.426,0,0.033,0.55,0,86.52875,0.777,0.692,0,0.0,0.0,85.55,92.4145,9.701,0,0,-1,0.9,-0.615,-0.2169,0.615,0.676,2,0.619,0,0.654,85.90225,86.26025,0.041,0.49,0.0,2,0.25,0,0.619,0.31,0.889,0.349,0.312,0,86.52875,8,0.755,0.918,0.197,0.185,0.218,0.614,0.848,98.63261,87.51378,87.75813,25.0983,19.4039,2,93.20913,0.505,104.05609,0.411,88.2787,0.568,1,0.144,1,0,12732,0.8,0.533,0.38,38.0,38.0,0.5642,67.4,0.0,1,1,0.78,50.1,1,1,0.78,18.0,0,53.758,0.11,0.89,0.4,0.0,0.5,0.91,0.0,0.5,0.0,1.0,0.612,0.5,0.524,0.0,0.202,0.0,0,0,0.305,0.709,0.0,0.133,0.322,0.33,0.326,0.0,0.602,0.41,0.0,1.0,0.775
39720,2026.05.28 17:11:40,NFLXm,SWEEP_REVERSAL,BUY,3,86.13,85.46,86.94,1.21,0.124,86.5575,86.77,85.835,0,0.004,1.281,-1.213,87.498,87.858,89.442,87.138,0,0.032,0.55,0,86.5575,0.8,0.176,0,0.0,0.0,0.0,92.4145,9.696,0,0,-1,0.65,-0.825,-0.2619,0.825,0.191,2,0.582,0,0.675,85.92,85.4525,0.255,0.447,0.0,2,0.0,0,0.582,0.511,1.213,0.421,0.362,1,86.5575,8,0.76,0.489,0.243,0.247,0.135,0.584,0.88,98.63261,87.51378,87.75813,25.0983,19.4039,2,93.20913,0.505,104.05609,0.411,88.2787,0.568,1,0.144,1,0,12733,0.8,0.533,0.38,38.0,38.0,0.5708,66.6,0.0,1,1,0.78,50.1,1,1,0.78,18.0,0,54.122,0.11,0.89,0.4,0.0,0.5,0.0,0.0,0.5,0.0,0.996,0.51,0.5,0.554,0.0,0.207,0.0,0,0,0.255,0.598,0.0,0.143,0.429,0.532,0.207,0.0,0.582,0.41,0.0,1.0,0.804
0,2026.05.29 10:07:40,NFLXm,MEAN_REVERSION,BUY,2,86.62,86.22,86.94,0.8,0.63,85.9415,86.143,85.833,0,0.06,0.247,-0.2409,87.498,87.858,89.442,87.138,0,0.04,0.5,0,85.9415,0.76,0.555,0,0.0,0.0,0.0,85.86025,0.039,0,0,-1,1.0,-0.755,-0.3859,0.755,0.447,0,0.723,0,0.518,85.9415,85.7555,0.241,0.128,0.0,2,0.4,0,0.723,0.575,1.5,0.383,0.363,1,86.143,4,0.6,0.518,0.326,0.226,0.244,0.884,0.865,87.58654,87.70806,87.75813,5.741,-19.3573,1,94.12885,0.492,104.16038,0.407,88.02269,0.628,1,0.15,1,0,12736,0.8,0.533,0.38,80.0,49.8,1.5864,50.4,0.0,1,1,0.78,50.1,1,1,0.78,18.0,0,72.419,0.502,0.498,0.0,1.0,0.5,0.07,0.0,0.5,0.0,0.678,0.492,0.5,0.518,0.0,0.488,0.0,0,0,0.355,0.535,0.0,0.399,0.765,0.103,0.333,0.0,0.612,0.41,0.0,1.0,0.731
0,2026.05.29 11:00:40,NFLXm,SWEEP_REVERSAL,BUY,2,86.82,86.33,87.25,0.88,0.263,85.9705,86.155,85.827,0,0.446,0.026,-0.8824,87.498,87.858,89.73,87.138,0,0.048,0.4,0,85.9705,0.746,0.58,0,0.0,0.0,0.0,92.4145,13.907,0,0,-1,1.0,-0.79,-0.3231,0.79,0.012,0,0.755,0,0.621,85.8475,85.622,0.63,0.168,0.0,2,0.4,0,0.755,0.395,0.882,0.448,0.309,0,85.9705,8,0.749,0.0,0.456,0.237,0.264,0.454,0.953,87.58654,87.70806,87.75813,5.741,-19.3573,1,94.12885,0.492,104.16038,0.407,88.02269,0.628,1,0.15,1,0,12737,0.8,0.533,0.38,128.0,84.8,2.6237,48.8,0.0,1,1,0.78,50.1,1,1,0.78,18.0,0,75.268,0.502,0.498,0.0,1.0,0.5,0.0,0.0,0.5,0.0,1.0,0.189,0.5,0.471,0.0,0.301,0.0,0,0,0.448,0.386,0.0,0.249,0.638,0.295,0.135,0.0,0.621,0.41,0.0,1.0,0.731
39722,2026.05.29 12:00:00,NFLXm,ANCHORED_PULLBACK,BUY,2,87.03,85.74,88.12,0.84,0.785,85.942,86.272,85.788,0,0.402,0.033,-0.4018,85.914,87.858,89.73,87.138,0,0.044,0.55,0,86.03,0.743,0.372,0,0.0,0.0,85.732,92.4145,13.947,0,0,-1,1.0,-1.0,-0.2572,1.0,0.514,2,0.589,0,0.518,85.986,85.766,0.494,0.033,0.3265,0,0.15,2,1.0,0.306,0.586,0.523,0.439,1,85.942,1,0.7,0.012,0.206,1.0,0.156,0.889,0.306,87.6312,87.50957,87.75813,30.5781,24.8371,2,93.7794,0.519,104.02639,0.399,88.04108,0.658,1,0.174,1,0,12738,0.8,0.533,0.38,128.0,128.0,2.6786,47.8,0.0,1,1,0.78,50.1,1,1,0.78,18.0,-1,77.283,0.001,0.999,0.0,0.0,0.0,0.72,0.0,0.5,0.0,0.749,0.731,0.5,0.41,0.0,0.195,0.0,0,0,0.34,0.597,0.0,0.517,0.391,0.68,0.563,0.0,0.531,0.41,0.0,1.0,0.744
0,2026.05.29 12:29:30,NFLXm,MEAN_REVERSION,BUY,2,87.17,87.02,87.55,2.55,0.572,85.942,86.272,85.788,1,0.402,0.033,-0.1088,85.914,87.858,89.73,87.138,0,0.041,0.55,0,86.03,0.743,0.372,0,0.0,0.0,85.732,92.4145,13.947,0,0,-1,1.0,-1.0,-0.2572,1.0,0.614,2,0.625,0,0.518,85.986,85.766,0.201,0.259,0.0,2,0.15,0,0.625,0.537,1.5,0.358,0.372,1,86.272,4,0.6,0.598,0.176,0.3,0.156,0.889,0.306,87.6312,87.50957,87.75813,30.5781,24.8371,2,93.7794,0.519,104.02639,0.399,88.04108,0.658,1,0.174,1,0,12738,0.8,0.533,0.38,128.0,128.0,2.6786,47.8,0.0,1,1,0.78,50.1,1,1,0.78,18.0,-1,77.575,0.001,0.999,0.0,0.0,0.0,0.19,0.0,0.5,0.0,0.493,0.667,0.5,0.54,0.0,0.684,0.0,0,0,0.536,0.61,0.0,0.523,0.361,0.421,0.539,0.0,0.61,0.41,0.0,1.0,0.586
0,2026.05.29 13:25:40,NFLXm,SWEEP_REVERSAL,BUY,4,87.0,86.52,87.4,0.83,0.16,86.118,86.316,85.832,0,0.087,0.004,-0.8267,85.914,87.858,89.73,87.138,0,0.044,0.55,0,86.118,0.791,0.497,0,0.0,0.0,0.0,92.4145,13.532,0,0,-1,0.8,-1.0,-0.2021,1.0,0.679,0,0.671,0,0.395,85.986,85.656,0.553,0.133,0.0,2,0.15,0,0.671,0.288,0.827,0.348,0.329,0,86.118,8,0.758,0.0,0.156,0.3,0.132,0.81,0.78,87.6312,87.50957,87.75813,30.5781,24.8371,2,93.7794,0.519,104.02639,0.399,88.04108,0.658,1,0.174,1,0,12739,0.8,0.533,0.38,128.0,128.0,2.6588,48.1,0.0,1,1,0.78,50.1,1,1,0.78,18.0,-1,76.647,0.001,0.999,0.0,0.0,0.0,0.0,0.0,0.5,0.0,0.824,0.356,0.5,0.537,0.0,0.369,0.0,0,0,0.395,0.595,0.0,0.428,0.276,0.513,0.24,0.0,0.634,0.41,0.0,1.0,0.775
0,2026.05.29 16:00:00,NFLXm,BREAKOUT,BUY,4,86.43,86.18,87.84,5.71,0.456,85.7365,86.003,85.552,0,0.338,0.317,0.5563,85.914,88.13175,89.7075,86.8425,0,0.037,0.55,0,85.6955,0.755,0.431,0,0.0,0.0,0.0,92.4145,11.293,0,0,-1,0.291,0.4291,0.018,0.429,0.417,0,0.796,0,0.515,85.8595,86.0235,0.338,0.047,0.1757,0,0.0,2,1.0,0.338,0.629,0.537,0.475,1,85.6955,8,0.751,0.324,0.175,0.829,0.103,0.967,0.524,92.15,87.55658,87.75813,24.1786,-6.3995,1,93.83,0.501,100.55,0.412,87.95,0.655,1,0.185,1,0,12742,0.803,0.53,0.377,38.0,38.0,0.6743,56.4,0.0,1,1,0.78,50.1,1,1,0.78,18.0,0,64.464,0.18,0.82,0.2,1.0,0.5,0.0,0.0,0.5,0.0,1.0,0.343,0.5,0.48,0.0,0.257,0.0,0,0,0.341,0.766,0.0,0.625,0.315,0.748,0.35,0.0,0.512,0.41,0.0,1.0,0.873
0,2026.05.29 16:00:00,NFLXm,PULLBACK,BUY,4,86.43,86.18,88.12,6.85,0.23,85.7365,86.003,85.552,0,0.338,0.317,0.5563,85.914,88.13175,89.7075,86.8425,0,0.037,0.55,0,85.6955,0.755,0.431,0,0.0,0.0,0.0,92.4145,11.293,0,0,-1,0.291,0.4291,0.018,0.429,0.417,0,0.802,0,0.515,85.8595,86.0235,0.338,0.047,0.0,2,0.0,0,0.802,0.244,0.629,0.387,0.414,1,85.6955,8,0.751,0.324,0.175,0.129,0.103,0.967,0.524,92.15,87.55658,87.75813,24.1786,-6.3995,1,93.83,0.501,100.55,0.412,87.95,0.655,1,0.185,1,0,12742,0.803,0.53,0.377,38.0,38.0,0.6743,56.4,0.0,1,1,0.78,50.1,1,1,0.78,18.0,0,64.464,0.18,0.82,0.2,1.0,0.5,0.0,0.0,0.5,0.0,1.0,0.343,0.5,0.532,0.0,0.233,0.0,0,0,0.347,0.77,0.0,0.623,0.337,0.427,0.35,0.0,0.585,0.41,0.0,1.0,0.838
39724,2026.05.29 16:00:20,NFLXm,TREND_CONTINUATION,BUY,4,86.43,85.75,87.84,2.08,0.271,85.7365,86.003,85.552,0,0.338,0.317,0.5563,85.914,88.13175,89.7075,86.8425,0,0.037,0.55,0,85.6955,0.755,0.431,0,0.0,0.0,0.0,92.4145,11.293,0,0,-1,0.291,0.4291,0.018,0.429,0.417,0,0.802,0,0.515,85.8595,86.0235,0.338,0.047,0.0,2,0.0,0,0.802,0.244,0.629,0.387,0.414,1,85.6955,8,0.751,0.324,0.175,0.129,0.103,0.967,0.524,92.15,87.55658,87.75813,24.1786,-6.3995,1,93.83,0.501,100.55,0.412,87.95,0.655,1,0.185,1,0,12742,0.803,0.53,0.377,38.0,38.0,0.6743,56.4,0.0,1,1,0.78,50.1,1,1,0.78,18.0,0,64.464,0.18,0.82,0.2,1.0,0.5,0.0,0.0,0.5,0.0,1.0,0.346,0.5,0.532,0.0,0.233,0.0,0,0,0.345,0.77,0.0,0.623,0.337,0.427,0.35,0.0,0.585,0.41,0.0,1.0,0.838
0,2026.05.29 16:01:40,NFLXm,BREAKOUT_RETEST,BUY,4,86.36,86.18,86.61,1.41,0.277,85.7365,86.003,85.552,1,0.338,0.317,0.4321,85.914,88.13175,89.7075,86.8425,0,0.038,0.55,0,85.6955,0.755,0.431,0,0.0,0.0,0.0,92.4145,11.293,0,0,-1,0.291,0.4291,0.018,0.429,0.499,0,0.802,0,0.515,85.8595,86.0235,0.214,0.077,0.0,2,0.0,0,0.802,0.189,0.505,0.375,0.408,1,85.7365,1,0.7,0.572,0.15,0.129,0.103,0.967,0.524,92.15,87.55658,87.75813,24.1786,-6.3995,1,93.83,0.501,100.55,0.412,87.95,0.655,1,0.185,1,0,12742,0.803,0.53,0.377,38.0,38.0,0.6743,56.4,0.0,1,1,0.78,50.1,1,1,0.78,18.0,0,64.34,0.18,0.82,0.2,1.0,0.5,0.0,0.0,0.5,0.0,1.0,0.338,0.5,0.532,0.0,0.224,0.0,0,0,0.346,0.792,0.0,0.623,0.3,0.38,0.35,0.0,0.585,0.41,0.0,1.0,0.802
39726,2026.05.29 18:00:00,NFLXm,BREAKOUT,BUY,3,86.26,85.55,87.44,1.67,0.249,85.90525,86.128,85.6825,1,0.032,0.545,-0.0533,85.914,88.15275,89.4645,87.0795,0,0.048,0.55,0,85.90525,0.661,0.414,0,0.0,0.0,0.0,92.4145,13.798,0,0,-1,0.393,0.4229,0.0304,0.423,0.854,0,0.779,0,0.652,85.9255,85.62175,0.096,0.545,-0.0116,2,0.55,0,0.779,0.176,0.545,0.322,0.326,0,85.6825,5,0.6,0.808,0.264,0.127,0.323,0.898,0.833,92.15,87.55658,87.75813,24.1786,-6.3995,1,93.83,0.501,100.55,0.412,87.95,0.655,1,0.185,1,0,12744,0.803,0.53,0.377,38.0,38.0,0.8024,47.4,0.0,1,1,0.78,50.1,1,1,0.78,18.0,0,76.356,0.18,0.82,0.2,1.0,0.5,0.43,0.0,0.5,0.0,0.723,0.42,0.5,0.556,0.0,0.301,0.0,0,0,0.335,0.72,0.0,0.748,0.14,0.406,0.35,0.0,0.622,0.41,0.0,1.0,0.766
39727,2026.05.29 18:00:20,NFLXm,PULLBACK,BUY,3,86.27,85.56,87.69,2.0,0.402,85.90525,86.128,85.6825,1,0.032,0.545,-0.0322,85.914,88.15275,89.4645,87.0795,0,0.048,0.55,0,85.90525,0.661,0.414,0,0.0,0.0,0.0,92.4145,13.798,0,0,-1,0.393,0.4229,0.0304,0.423,1.0,0,0.837,0,0.652,85.9255,85.62175,0.075,0.566,0.0,2,0.25,0,0.837,0.17,0.566,0.3,0.385,1,85.6825,5,0.6,0.85,0.1,0.127,0.218,0.898,0.833,92.15,87.55658,87.75813,24.1786,-6.3995,1,93.83,0.501,100.55,0.412,87.95,0.655,1,0.185,1,0,12744,0.803,0.53,0.377,38.0,38.0,0.8024,47.4,0.0,1,1,0.78,50.1,1,1,0.78,18.0,0,76.377,0.18,0.82,0.2,1.0,0.5,0.47,0.0,0.5,0.0,0.723,0.433,0.5,0.556,0.0,0.301,0.0,0,0,0.328,0.72,0.0,0.718,0.14,0.409,0.35,0.0,0.637,0.41,0.0,1.0,0.81
39728,2026.05.29 18:00:20,NFLXm,TREND_CONTINUATION,BUY,3,86.27,85.7,87.45,2.08,0.298,85.90525,86.128,85.6825,1,0.032,0.545,-0.0322,85.914,88.15275,89.4645,87.0795,0,0.048,0.55,0,85.90525,0.661,0.414,0,0.0,0.0,0.0,92.4145,13.798,0,0,-1,0.393,0.4229,0.0304,0.423,1.0,0,0.837,0,0.652,85.9255,85.62175,0.075,0.566,0.0,2,0.25,0,0.837,0.17,0.566,0.3,0.385,1,85.6825,5,0.6,0.85,0.1,0.127,0.218,0.898,0.833,92.15,87.55658,87.75813,24.1786,-6.3995,1,93.83,0.501,100.55,0.412,87.95,0.655,1,0.185,1,0,12744,0.803,0.53,0.377,38.0,38.0,0.8024,47.4,0.0,1,1,0.78,50.1,1,1,0.78,18.0,0,76.377,0.18,0.82,0.2,1.0,0.5,0.47,0.0,0.5,0.0,0.723,0.433,0.5,0.556,0.0,0.301,0.0,0,0,0.328,0.72,0.0,0.718,0.14,0.409,0.35,0.0,0.637,0.41,0.0,1.0,0.81
0,2026.05.29 18:01:40,NFLXm,BREAKOUT_RETEST,BUY,3,86.26,86.12,86.73,3.31,0.311,85.90525,86.128,85.6825,1,0.032,0.545,-0.0533,85.914,88.15275,89.4645,87.0795,0,0.048,0.55,0,85.90525,0.661,0.414,0,0.0,0.0,0.0,92.4145,13.798,0,0,-1,0.393,0.4229,0.0304,0.423,0.854,0,0.837,0,0.652,85.9255,85.62175,0.096,0.545,0.0,2,0.25,0,0.837,0.176,0.545,0.322,0.386,1,85.6825,5,0.6,0.808,0.144,0.127,0.218,0.898,0.833,92.15,87.55658,87.75813,24.1786,-6.3995,1,93.83,0.501,100.55,0.412,87.95,0.655,1,0.185,1,0,12744,0.803,0.53,0.377,38.0,38.0,0.8024,47.4,0.0,1,1,0.78,50.1,1,1,0.78,18.0,0,76.356,0.18,0.82,0.2,1.0,0.5,0.49,0.0,0.5,0.0,0.723,0.456,0.5,0.556,0.0,0.301,0.0,0,0,0.314,0.72,0.0,0.718,0.14,0.409,0.35,0.0,0.643,0.41,0.0,1.0,0.81
0,2026.05.29 18:24:40,NFLXm,MEAN_REVERSION,BUY,3,86.16,86.02,86.31,1.0,0.711,85.90525,86.128,85.6825,1,0.032,0.545,-0.2645,85.914,88.15275,89.4645,87.0795,0,0.05,0.55,0,85.90525,0.661,0.414,0,0.0,0.0,0.0,92.4145,13.798,0,0,-1,0.393,0.4229,0.0304,0.423,0.487,0,0.837,0,0.652,85.9255,85.62175,0.307,0.334,0.0,2,0.25,0,0.837,0.126,0.334,0.377,0.38,1,85.9255,2,0.55,0.386,0.254,0.127,0.218,0.898,0.833,92.15,87.55658,87.75813,24.1786,-6.3995,1,93.83,0.501,100.55,0.412,87.95,0.655,1,0.185,1,0,12744,0.803,0.53,0.377,38.0,38.0,0.8024,47.4,0.0,1,1,0.78,50.1,1,1,0.78,18.0,0,76.145,0.18,0.82,0.2,1.0,0.5,0.0,0.0,0.5,0.0,1.0,0.496,0.5,0.559,0.0,0.238,0.0,0,0,0.265,0.72,0.0,0.797,0.1,0.368,0.35,0.0,0.606,0.41,0.0,1.0,0.838
