ticket,timestamp,symbol,setupType,direction,session,entryPrice,SL,TP,RR,thesis,vpPOC,vpVAH,vpVAL,vpInsideVA,vpDistToHVN,vpDistToLVN,vpPriceVsPOC,vpDailyPOC,vpCompPOC,vpCompVAH,vpCompVAL,vpCompInsideVA,vpDistCompPOC,vpThinnessRatio,vpProfileShape,vpBestHVN,vpBestHVNScore,vpVAOverlapRatio,vpVAOverlapBias,vpRangePOC,vpBreakoutPOC,vpPullbackPOC,vpNearestNakedPOC,vpDistNakedPOC_ATR,vpUpthrust,vpSpring,vpCompPosition,vpMigrationConf,vpDevPOCDir,vpDevPOCSlope,vpMigrationScore,auctAcceptance,auctState,auctBalance,auctProfileShape,auctShapeConf,auctMajorHVN,auctMajorLVN,auctDistHVN,auctDistLVN,auctVAExpRate,auctVAState,auctFailure,auctRegime,auctRegimeConf,auctExpReward,auctExpMoveATR,auctTargetProb,auctTradeQuality,auctTradeGrade,auctTargetPrice,auctTargetType,auctTargetConf,auctProfitZone,auctExhaustion,auctContinuation,auctReversalRisk,auctHVNStrength,auctLVNStrength,vpLTPOC60d,vpLTPOC30d,vpLTPOC10d,vpLTPOCVelocity,vpLTPOCAcceleration,vpLTPOCMigration,vpLTMajorHVNPrice,vpLTMajorHVNStrength,vpLTMajorLVNPrice,vpLTMajorLVNStrength,vpLTNearestZonePrice,vpLTNearestZoneStrength,vpLTNearestZoneDir,vpLTAcceptanceAtPrice,vpLTValid,profilerArchetype,profilerSamples,profilerMigMean,profilerBalMean,profilerTQMean,spreadPoints,avgSpread,spreadToATR,atrProxy,dataQuality,bosConfirmed,bosBullish,bosScore,bosLevel,chochConfirmed,chochBullish,chochScore,chochLevel,trendDirection,structDistATR,ltTransitionScore,ltBalanceStability,ltTrendDuration,ltTrendExhaustion,structureBias,msSpreadScore,msTickVelocity,msTickImbalance,msLiqVacuum,msCompression,ofDeltaProxy,ofCvdProxy,ofAbsorption,ofExhaustion,ofParticipation,ofDivergence,ofBullDiv,ofBearDiv,ofFlowIntensity,liqDensity,liqSweep,liqStopCluster,liqEqualHL,liqSessionLiq,liqPremDisc,smOrderBlock,smFVG,smMitigation,smBreakerBlock,smRejectionBlock,smZoneQuality
66374,2024.07.01 01:37:40,USDCADm,NAKED_POC,BUY,1,1.36688,1.36627,1.36868,2.96,0.465,1.36718,1.36764,1.36689,0,0.039,0.219,-0.3233,1.36875,1.36935,1.37081,1.36747,0,0.0,0.45,0,1.36752,0.643,0.368,0,0.0,0.0,0.0,1.36868,0.833,0,0,-1,0.8,-0.825,-0.0912,0.825,0.502,0,0.741,0,0.48,1.36718,1.36652,0.323,0.089,0.0,2,0.4,0,0.821,0.467,1.247,0.375,0.373,1,1.36718,1,0.7,0.353,0.309,0.247,0.236,0.903,0.774,1.36819,1.36798,1.37001,97368.1055,-1079.2447,1,1.36798,0.533,1.35812,0.397,0.0,0.0,0,0.721,1,0,19156,0.76,0.554,0.446,22.0,22.0,0.1358,162.0,0.0,1,1,0.792,1.28023,1,1,0.425,1.21325,0,53.488,0.023,0.977,0.0,1.0,0.5,0.57,0.0,0.5,0.0,0.599,0.309,0.5,0.578,0.0,0.909,0.0,0,0,0.652,0.557,0.0,0.496,0.195,0.236,0.235,0.0,0.498,0.444,0.0,1.0,0.823
66376,2024.07.01 03:38:40,USDCADm,NAKED_POC,BUY,1,1.3677,1.36675,1.36868,1.03,0.588,1.36713,1.36756,1.36697,1,0.012,0.28,0.2385,1.36875,1.36912,1.37052,1.36732,1,0.0,0.45,0,1.36713,0.654,0.667,0,0.0,0.0,0.0,1.36868,1.05,0,0,-1,0.8,-1.0,-0.0843,1.0,0.455,0,0.655,0,0.505,1.36752,1.36772,0.029,0.163,0.0,2,0.15,0,0.735,0.314,0.823,0.382,0.33,0,1.36697,5,0.6,0.942,0.223,0.3,0.154,0.55,0.972,1.36819,1.36798,1.37001,97368.1055,-1079.2447,1,1.36798,0.533,1.35812,0.397,0.0,0.0,0,0.721,1,0,19158,0.76,0.554,0.446,22.0,22.0,0.151,145.7,0.0,1,1,0.792,1.28023,1,1,0.425,1.21325,0,60.028,0.023,0.977,0.0,1.0,0.5,0.83,0.0,0.5,0.0,1.0,0.739,0.5,0.566,0.0,0.286,0.0,0,0,0.427,0.705,0.0,0.825,0.0,0.165,0.519,0.0,0.457,0.444,0.0,1.0,0.807
66378,2024.07.01 04:09:20,USDCADm,MEAN_REVERSION,BUY,1,1.36745,1.36641,1.3689,1.39,0.571,1.3672,1.36762,1.3671,1,0.013,0.236,0.0249,1.36752,1.36916,1.37054,1.36737,0,0.0,0.4,0,1.3672,0.663,0.573,0,0.0,0.0,0.0,1.36868,0.973,0,0,0,0.8,-0.825,-0.0939,0.825,1.0,2,0.646,2,0.159,1.36717,1.36681,0.05,0.324,0.0,2,0.4,0,0.726,0.333,1.111,0.3,0.29,0,1.36868,6,0.65,0.9,0.16,0.247,0.14,0.882,0.897,1.36819,1.36798,1.36889,43964.891,-53403.2145,1,1.36798,0.535,1.35812,0.394,0.0,0.0,0,0.726,1,0,19159,0.76,0.554,0.446,22.0,22.0,0.1686,130.5,0.0,1,1,0.792,1.28023,1,1,0.425,1.21325,0,66.835,0.507,0.493,0.0,1.0,0.5,0.04,0.0,0.5,0.0,1.0,0.365,0.5,0.58,0.0,0.315,0.0,0,0,0.381,0.734,0.0,0.73,0.0,0.247,0.35,0.0,0.481,0.444,0.0,1.0,0.714
66380,2024.07.01 05:38:40,USDCADm,NAKED_POC,BUY,1,1.36721,1.36681,1.36868,3.67,0.429,1.3672,1.36742,1.36697,1,0.007,0.297,-0.1938,1.36745,1.36878,1.37056,1.3674,0,0.0,0.35,0,1.3672,0.644,0.513,0,0.0,0.0,0.0,1.36868,1.391,0,0,-1,0.8,-1.0,-0.1463,1.0,0.178,0,0.765,2,0.043,1.3672,1.36681,0.194,0.17,0.0,2,0.15,0,0.845,0.668,1.578,0.423,0.347,0,1.36742,4,0.6,0.612,0.307,0.3,0.053,0.599,0.933,1.36819,1.36798,1.36889,43964.891,-53403.2145,1,1.36798,0.535,1.35812,0.394,0.0,0.0,0,0.726,1,0,19160,0.768,0.555,0.44,22.0,22.0,0.2055,107.1,0.0,1,1,0.792,1.28023,1,1,0.425,1.21325,0,81.235,0.507,0.493,0.0,1.0,0.5,0.0,0.0,0.5,0.0,0.493,0.362,0.5,0.707,0.0,0.391,0.0,0,0,0.451,0.535,0.0,0.57,0.0,0.181,0.35,0.0,0.498,0.444,0.0,1.0,0.744
66382,2024.07.01 06:10:40,USDCADm,MEAN_REVERSION,BUY,1,1.36675,1.36594,1.36744,0.85,0.659,1.36722,1.36738,1.36707,0,0.002,0.22,-0.6796,1.36752,1.36878,1.37056,1.3674,0,0.0,0.35,0,1.36722,0.789,0.487,0,0.0,0.0,0.0,1.36868,1.562,0,0,-1,0.8,-1.0,-0.1059,1.0,0.02,0,0.774,0,0.869,1.36709,1.3668,0.548,0.264,0.0,2,0.15,0,0.854,0.944,2.112,0.447,0.466,1,1.36722,8,0.758,0.0,0.354,0.3,0.226,0.446,0.955,1.36819,1.36798,1.36889,43964.891,-53403.2145,1,1.36798,0.535,1.35812,0.394,0.0,0.0,0,0.726,1,0,19161,0.768,0.555,0.44,22.0,22.0,0.2161,101.8,0.0,1,1,0.792,1.28023,1,1,0.425,1.21325,0,85.002,0.507,0.493,0.0,1.0,0.5,0.02,0.0,0.5,0.0,0.448,0.396,0.5,0.818,0.0,0.612,0.0,0,0,0.553,0.501,0.0,0.476,0.0,0.204,0.189,0.0,0.535,0.444,0.0,1.0,0.823
66383,2024.07.01 06:28:40,USDCADm,SWEEP_REVERSAL,BUY,1,1.36654,1.36552,1.36744,0.89,0.221,1.36722,1.36738,1.36707,0,0.002,0.22,-0.8859,1.36752,1.36878,1.37056,1.3674,0,0.0,0.35,0,1.36722,0.789,0.487,0,0.0,0.0,0.0,1.36868,1.562,0,0,-1,0.8,-1.0,-0.1059,1.0,0.02,0,0.774,0,0.869,1.36709,1.3668,0.755,0.471,0.0,2,0.15,0,0.854,1.036,2.318,0.447,0.476,1,1.36722,8,0.758,0.0,0.354,0.3,0.226,0.446,0.955,1.36819,1.36798,1.36889,43964.891,-53403.2145,1,1.36798,0.535,1.35812,0.394,0.0,0.0,0,0.726,1,0,19161,0.768,0.555,0.44,22.0,22.0,0.2161,101.8,0.0,1,1,0.792,1.28023,1,1,0.425,1.21325,0,84.796,0.507,0.493,0.0,1.0,0.5,0.0,0.0,0.5,0.0,0.448,0.38,0.5,0.723,0.0,0.736,0.0,0,0,0.584,0.501,0.0,0.476,0.0,0.196,0.158,0.0,0.535,0.444,0.0,1.0,0.823
66386,2024.07.01 07:38:40,USDCADm,NAKED_POC,BUY,1,1.36795,1.36729,1.36868,1.1,0.626,1.36723,1.3674,1.36665,0,0.352,0.352,0.5223,1.36745,1.36879,1.37017,1.36702,1,0.0,0.55,0,1.36675,0.634,0.341,0,0.0,0.0,1.36702,1.36868,1.999,0,0,-1,1.0,-1.0,-0.0602,1.0,0.196,2,0.599,0,0.463,1.36719,1.36743,0.558,0.311,0.0,2,0.0,0,0.679,0.427,1.016,0.421,0.368,1,1.36723,1,0.7,0.0,0.241,0.3,0.093,0.726,0.789,1.36819,1.36798,1.36889,43964.891,-53403.2145,1,1.36798,0.535,1.35812,0.394,0.0,0.0,0,0.726,1,0,19162,0.768,0.555,0.44,22.0,22.0,0.228,96.5,0.0,1,1,0.792,1.28023,1,1,0.425,1.21325,0,90.902,0.507,0.493,0.0,1.0,0.5,0.88,0.0,0.5,0.0,0.508,0.556,0.5,0.483,0.0,0.591,0.0,0,0,0.415,0.628,0.0,0.66,0.0,0.298,0.574,0.0,0.528,0.444,0.0,1.0,0.85
66388,2024.07.01 09:38:40,USDCADm,NAKED_POC,BUY,2,1.36829,1.36785,1.36962,2.99,0.616,1.36702,1.36734,1.36642,0,0.046,0.874,1.1899,1.36745,1.36879,1.37017,1.36702,1,0.0,0.5,0,1.36702,0.672,0.666,0,0.0,0.0,0.0,1.36868,1.718,0,0,0,0.744,-0.944,-0.043,0.944,0.026,2,0.65,0,0.59,1.36706,1.36798,1.138,0.103,0.0,2,0.0,0,0.73,0.531,1.19,0.446,0.42,1,1.36868,6,0.65,0.0,0.292,0.283,0.118,0.813,0.965,1.36838,1.36798,1.36889,43573.0202,-391.8708,1,1.36816,0.533,1.3802,0.297,0.0,0.0,0,0.746,1,0,19164,0.768,0.555,0.44,22.0,22.0,0.2488,88.4,0.0,1,1,0.792,1.28023,1,1,0.425,1.21325,0,99.583,0.009,0.991,0.0,1.0,0.5,0.64,0.0,0.5,0.0,0.544,0.548,0.5,0.507,0.0,0.297,0.0,0,0,0.3,0.664,0.0,0.572,0.0,0.554,0.688,0.0,0.543,0.444,0.0,1.0,0.93
66390,2024.07.01 11:00:40,USDCADm,ANCHORED_PULLBACK,BUY,2,1.36904,1.36865,1.37048,3.69,0.495,1.3677,1.36879,1.36718,0,1.141,1.556,1.3512,1.36745,1.36879,1.37017,1.36702,1,0.0,0.7,0,1.36781,0.699,0.0,1,0.0,0.0,1.36867,0.0,0.0,0,0,0,0.57,0.615,0.0412,0.615,0.345,2,0.626,0,0.585,1.36775,1.36873,1.282,0.105,0.0,2,0.0,4,0.588,1.495,3.0,0.498,0.52,2,1.36781,8,0.74,0.0,0.197,0.184,0.117,1.0,0.61,1.36838,1.36798,1.36889,43573.0202,-391.8708,1,1.36816,0.533,1.3802,0.297,0.0,0.0,0,0.746,1,0,19166,0.768,0.555,0.44,22.0,22.0,0.2648,83.1,0.0,1,1,0.792,1.28023,1,1,0.425,1.21325,0,106.908,0.009,0.991,0.0,1.0,0.5,0.99,0.0,0.5,0.0,0.584,0.667,0.5,0.438,0.0,0.343,0.0,0,0,0.369,0.586,0.0,0.528,0.0,0.591,0.579,0.0,0.501,0.429,0.0,1.0,0.894
66392,2024.07.01 11:07:40,USDCADm,BREAKOUT_RETEST,BUY,2,1.36882,1.36795,1.36982,1.14,0.439,1.3677,1.36879,1.36718,1,1.141,1.556,1.0864,1.36745,1.36879,1.37017,1.36702,1,0.0,0.7,0,1.36781,0.699,0.0,1,0.0,0.0,1.36867,0.0,0.0,0,0,0,0.57,0.615,0.0412,0.615,0.372,2,0.626,0,0.585,1.36775,1.36873,1.017,0.16,0.0,2,0.0,4,0.588,1.483,3.0,0.494,0.518,2,1.36781,8,0.74,0.0,0.188,0.184,0.117,1.0,0.61,1.36838,1.36798,1.36889,43573.0202,-391.8708,1,1.36816,0.533,1.3802,0.297,0.0,0.0,0,0.746,1,0,19166,0.768,0.555,0.44,22.0,22.0,0.2648,83.1,0.0,1,1,0.792,1.28023,1,1,0.425,1.21325,0,106.643,0.009,0.991,0.0,1.0,0.5,0.06,0.0,0.5,0.0,0.755,0.477,0.5,0.443,0.0,0.275,0.0,0,0,0.257,0.607,0.0,0.458,0.0,0.531,0.429,0.0,0.498,0.429,0.0,1.0,0.855
66394,2024.07.01 11:23:40,USDCADm,BREAKOUT,BUY,2,1.36905,1.36795,1.37113,1.89,0.401,1.3677,1.36879,1.36718,0,1.141,1.556,1.3633,1.36745,1.36879,1.37017,1.36702,1,0.0,0.7,0,1.36781,0.699,0.0,1,0.0,0.0,1.36867,0.0,0.0,0,0,0,0.57,0.615,0.0412,0.615,0.345,2,0.626,0,0.585,1.36775,1.36873,1.294,0.117,0.0,2,0.0,4,0.588,1.495,3.0,0.498,0.52,2,1.36781,8,0.74,0.0,0.197,0.184,0.117,1.0,0.61,1.36838,1.36798,1.36889,43573.0202,-391.8708,1,1.36816,0.533,1.3802,0.297,0.0,0.0,0,0.746,1,0,19166,0.768,0.555,0.44,22.0,22.0,0.2648,83.1,0.0,1,1,0.792,1.28023,1,1,0.425,1.21325,0,106.92,0.009,0.991,0.0,1.0,0.5,0.84,0.0,0.5,0.0,0.592,0.519,0.5,0.435,0.0,0.264,0.0,0,0,0.248,0.586,0.0,0.528,0.0,0.6,0.581,0.0,0.501,0.429,0.0,1.0,0.894
66395,2024.07.01 11:23:59,USDCADm,TREND_CONTINUATION,BUY,2,1.36905,1.36805,1.37113,2.08,0.42,1.3677,1.36879,1.36718,0,1.141,1.556,1.3633,1.36745,1.36879,1.37017,1.36702,1,0.0,0.7,0,1.36781,0.699,0.0,1,0.0,0.0,1.36867,0.0,0.0,0,0,0,0.57,0.615,0.0412,0.615,0.345,2,0.626,0,0.585,1.36775,1.36873,1.294,0.117,0.0,2,0.0,4,0.588,1.495,3.0,0.498,0.52,2,1.36781,8,0.74,0.0,0.197,0.184,0.117,1.0,0.61,1.36838,1.36798,1.36889,43573.0202,-391.8708,1,1.36816,0.533,1.3802,0.297,0.0,0.0,0,0.746,1,0,19166,0.768,0.555,0.44,22.0,22.0,0.2648,83.1,0.0,1,1,0.792,1.28023,1,1,0.425,1.21325,0,106.92,0.009,0.991,0.0,1.0,0.5,0.83,0.0,0.5,0.0,0.592,0.513,0.5,0.435,0.0,0.264,0.0,0,0,0.244,0.586,0.0,0.528,0.0,0.6,0.581,0.0,0.501,0.429,0.0,1.0,0.894
66398,2024.07.01 11:46:40,USDCADm,PULLBACK,BUY,2,1.36912,1.36787,1.37039,1.02,0.356,1.3677,1.36879,1.36718,0,1.141,1.556,1.4475,1.36745,1.36879,1.37017,1.36702,1,0.0,0.7,0,1.36781,0.699,0.0,1,0.0,0.0,1.36867,0.0,0.0,0,0,0,0.57,0.615,0.0412,0.615,0.345,2,0.626,0,0.585,1.36775,1.36873,1.378,0.202,0.0,2,0.0,4,0.588,1.495,3.0,0.498,0.52,2,1.36781,8,0.74,0.0,0.197,0.184,0.117,1.0,0.61,1.36838,1.36798,1.36889,43573.0202,-391.8708,1,1.36816,0.533,1.3802,0.297,0.0,0.0,0,0.746,1,0,19166,0.768,0.555,0.44,22.0,22.0,0.2648,83.1,0.0,1,1,0.792,1.28023,1,1,0.425,1.21325,0,107.004,0.009,0.991,0.0,1.0,0.5,0.85,0.0,0.5,0.0,0.312,0.545,0.5,0.385,0.0,0.305,0.0,0,0,0.264,0.586,0.0,0.528,0.0,0.478,0.594,0.0,0.506,0.429,0.0,1.0,0.894
66400,2024.07.01 13:00:40,USDCADm,ANCHORED_PULLBACK,BUY,4,1.3703,1.36967,1.37164,2.12,0.43,1.36874,1.36936,1.36759,0,1.504,0.336,1.4781,1.36745,1.36879,1.37056,1.36741,1,0.0,0.5,0,1.36874,0.617,0.247,0,0.0,0.0,1.37036,0.0,0.0,0,0,0,0.825,0.755,0.2071,0.755,0.203,2,0.612,3,0.384,1.36874,1.36998,1.478,0.115,0.0,2,0.0,0,0.692,1.259,3.0,0.42,0.471,1,1.36874,8,0.723,0.0,0.239,0.226,0.0,0.827,0.902,1.36818,1.36798,1.36889,42824.2925,-748.7278,1,1.36786,0.536,1.37964,0.359,0.0,0.0,0,0.711,1,0,19168,0.768,0.555,0.44,22.0,22.0,0.2427,90.6,0.0,1,1,0.792,1.28023,1,1,0.425,1.21325,0,99.368,0.016,0.984,0.0,1.0,0.5,0.0,0.0,0.5,0.0,0.43,0.419,0.5,0.544,0.0,0.682,0.0,0,0,0.485,0.489,0.0,0.528,0.0,0.964,0.434,0.0,0.502,0.412,0.0,1.0,0.898
66402,2024.07.01 13:23:40,USDCADm,BREAKOUT,BUY,4,1.36999,1.36905,1.37226,2.4,0.465,1.36874,1.36936,1.36759,0,1.504,0.336,1.1361,1.36745,1.36879,1.37056,1.36741,1,0.0,0.5,0,1.36874,0.617,0.247,0,0.0,0.0,1.37036,0.0,0.0,0,0,0,0.825,0.755,0.2071,0.755,0.237,2,0.612,3,0.384,1.36874,1.36998,1.136,0.227,0.0,2,0.0,0,0.692,1.243,3.0,0.414,0.469,1,1.36874,8,0.723,0.0,0.229,0.226,0.0,0.827,0.902,1.36818,1.36798,1.36889,42824.2925,-748.7278,1,1.36786,0.536,1.37964,0.359,0.0,0.0,0,0.711,1,0,19168,0.768,0.555,0.44,22.0,22.0,0.2427,90.6,0.0,1,1,0.792,1.28023,1,1,0.425,1.21325,0,99.026,0.016,0.984,0.0,1.0,0.5,0.24,0.0,0.5,0.0,0.374,0.428,0.5,0.454,0.0,0.555,0.0,0,0,0.402,0.387,0.0,0.352,0.0,0.964,0.723,0.0,0.51,0.412,0.0,1.0,0.898
66403,2024.07.01 13:23:59,USDCADm,TREND_CONTINUATION,BUY,4,1.36995,1.36886,1.37222,2.08,0.509,1.36874,1.36936,1.36759,0,1.504,0.336,1.0919,1.36745,1.36879,1.37056,1.36741,1,0.0,0.5,0,1.36874,0.617,0.247,0,0.0,0.0,1.37036,0.0,0.0,0,0,0,0.825,0.755,0.2071,0.755,0.237,2,0.612,3,0.384,1.36874,1.36953,1.092,0.216,0.0,2,0.0,0,0.692,1.243,3.0,0.414,0.469,1,1.36874,8,0.723,0.0,0.229,0.226,0.0,0.827,0.943,1.36818,1.36798,1.36889,42824.2925,-748.7278,1,1.36786,0.536,1.37964,0.359,0.0,0.0,0,0.711,1,0,19168,0.768,0.555,0.44,22.0,22.0,0.2427,90.6,0.0,1,1,0.792,1.28023,1,1,0.425,1.21325,0,98.982,0.016,0.984,0.0,1.0,0.5,0.18,0.0,0.5,0.0,0.374,0.44,0.5,0.454,0.0,0.555,0.0,0,0,0.395,0.387,0.0,0.352,0.0,0.964,0.715,0.0,0.51,0.412,0.0,1.0,0.898
66404,2024.07.01 13:34:40,USDCADm,BREAKOUT_RETEST,BUY,4,1.36935,1.36905,1.37046,3.65,0.54,1.36874,1.36936,1.36759,1,1.504,0.336,0.43,1.36745,1.36879,1.37056,1.36741,1,0.0,0.5,0,1.36874,0.617,0.247,0,0.0,0.0,1.37036,0.0,0.0,0,0,0,0.825,0.755,0.2071,0.755,0.17,2,0.612,3,0.384,1.36874,1.36953,0.43,0.446,0.0,2,0.0,0,0.692,1.273,3.0,0.424,0.473,1,1.36874,8,0.723,0.14,0.249,0.226,0.0,0.827,0.943,1.36818,1.36798,1.36889,42824.2925,-748.7278,1,1.36786,0.536,1.37964,0.359,0.0,0.0,0,0.711,1,0,19168,0.768,0.555,0.44,22.0,22.0,0.2427,90.6,0.0,1,1,0.792,1.28023,1,1,0.425,1.21325,0,98.32,0.016,0.984,0.0,1.0,0.5,0.0,0.0,0.5,0.0,0.45,0.281,0.5,0.459,0.0,0.512,0.0,0,0,0.474,0.454,0.0,0.572,0.0,0.858,0.565,0.0,0.523,0.412,0.0,1.0,0.855
66408,2024.07.01 13:54:40,USDCADm,PULLBACK,BUY,4,1.36949,1.36905,1.3702,1.59,0.584,1.36874,1.36936,1.36759,1,1.504,0.336,0.5844,1.36745,1.36879,1.37056,1.36741,1,0.0,0.5,0,1.36874,0.617,0.247,0,0.0,0.0,1.37036,0.0,0.0,0,0,0,0.825,0.755,0.2071,0.755,0.167,2,0.612,3,0.384,1.36874,1.36953,0.584,0.292,0.0,2,0.0,0,0.692,1.275,3.0,0.425,0.473,1,1.36874,8,0.723,0.0,0.25,0.226,0.0,0.827,0.943,1.36818,1.36798,1.36889,42824.2925,-748.7278,1,1.36786,0.536,1.37964,0.359,0.0,0.0,0,0.711,1,0,19168,0.768,0.555,0.44,22.0,22.0,0.2427,90.6,0.0,1,1,0.792,1.28023,1,1,0.425,1.21325,0,98.474,0.016,0.984,0.0,1.0,0.5,0.99,0.0,0.5,0.0,0.374,0.389,0.5,0.458,0.0,0.605,0.0,0,0,0.446,0.413,0.0,0.572,0.0,0.858,0.581,0.0,0.523,0.412,0.0,1.0,0.855
66410,2024.07.01 16:00:00,USDCADm,BREAKOUT,BUY,4,1.37455,1.37181,1.37797,1.25,0.668,1.36891,1.37309,1.3684,0,0.199,0.29,3.9622,1.36707,1.36894,1.37057,1.36731,0,0.0,0.7,2,1.36891,0.729,0.083,0,0.0,0.0,0.0,0.0,0.0,0,0,1,1.0,0.86,0.4289,0.86,0.702,1,0.307,3,0.807,1.3746,1.37377,0.199,0.413,1.6711,0,0.15,2,1.0,1.96,3.962,0.495,0.674,3,1.36891,8,0.746,0.602,0.149,0.958,0.053,0.932,0.911,1.36818,1.36798,1.36889,37175.3437,-5648.9488,1,1.36786,0.517,1.37964,0.363,0.0,0.0,0,0.405,1,0,19171,0.773,0.556,0.44,22.0,22.0,0.1608,136.9,0.0,1,1,0.792,1.28023,1,1,0.425,1.21325,0,68.919,0.083,0.917,0.0,1.0,0.5,0.14,0.0,0.5,1.0,0.891,0.449,0.5,0.496,0.0,0.395,0.0,0,0,0.337,0.34,0.0,0.292,0.172,1.0,0.711,0.0,0.436,0.4,0.0,1.0,1.171
66412,2024.07.01 16:02:40,USDCADm,PULLBACK,BUY,4,1.37483,1.37278,1.37894,2.0,0.653,1.36891,1.37309,1.3684,0,0.199,0.29,4.1668,1.36707,1.36894,1.37057,1.36731,0,0.0,0.7,2,1.36891,0.729,0.083,0,0.0,0.0,0.0,0.0,0.0,0,0,1,1.0,0.86,0.4289,0.86,0.973,2,0.382,3,0.807,1.3746,1.37377,0.005,0.617,0.0,2,0.15,3,1.0,1.512,3.0,0.504,0.621,2,0.0,0,0.0,0.989,0.068,0.658,0.053,0.932,0.911,1.36818,1.36798,1.36889,37175.3437,-5648.9488,1,1.36786,0.517,1.37964,0.363,0.0,0.0,0,0.405,1,0,19171,0.773,0.556,0.44,22.0,22.0,0.1608,136.9,0.0,1,1,0.792,1.28023,1,1,0.425,1.21325,0,69.123,0.083,0.917,0.0,1.0,0.5,0.92,0.0,0.5,1.0,0.764,0.487,0.5,0.496,0.0,0.395,0.0,0,0,0.314,0.353,0.0,0.148,0.151,1.0,0.722,0.0,0.448,0.4,0.0,1.0,1.106
66413,2024.07.01 16:02:59,USDCADm,TREND_CONTINUATION,BUY,4,1.37483,1.37319,1.37825,2.08,0.767,1.36891,1.37309,1.3684,0,0.199,0.29,4.1668,1.36707,1.36894,1.37057,1.36731,0,0.0,0.7,2,1.36891,0.729,0.083,0,0.0,0.0,0.0,0.0,0.0,0,0,1,1.0,0.86,0.4289,0.86,0.973,2,0.382,3,0.807,1.3746,1.37377,0.005,0.617,0.0,2,0.15,3,1.0,1.512,3.0,0.504,0.621,2,0.0,0,0.0,0.989,0.068,0.658,0.053,0.932,0.911,1.36818,1.36798,1.36889,37175.3437,-5648.9488,1,1.36786,0.517,1.37964,0.363,0.0,0.0,0,0.405,1,0,19171,0.773,0.556,0.44,22.0,22.0,0.1608,136.9,0.0,1,1,0.792,1.28023,1,1,0.425,1.21325,0,69.123,0.083,0.917,0.0,1.0,0.5,0.91,0.0,0.5,1.0,0.764,0.497,0.5,0.496,0.0,0.395,0.0,0,0,0.309,0.353,0.0,0.148,0.151,1.0,0.722,0.0,0.448,0.4,0.0,1.0,1.106
66416,2024.07.01 17:00:00,USDCADm,BREAKOUT_RETEST,BUY,3,1.37384,1.37334,1.37482,1.96,0.846,1.3746,1.37477,1.36975,1,0.248,0.945,-0.6813,1.36722,1.36894,1.37057,1.36731,0,0.0,0.75,2,1.36891,0.696,0.351,0,0.0,0.0,0.0,0.0,0.0,0,0,1,1.0,0.72,0.5568,0.72,0.695,1,0.073,3,0.879,1.37326,1.37226,0.248,0.945,0.2323,0,0.55,2,1.0,1.62,3.268,0.496,0.571,2,1.3746,1,0.7,0.504,0.312,0.916,0.193,0.835,0.943,1.36818,1.36798,1.36889,37175.3437,-5648.9488,1,1.36786,0.517,1.37964,0.363,0.0,0.0,0,0.405,1,0,19172,0.773,0.556,0.44,22.0,22.0,0.1526,144.2,0.0,1,1,0.792,1.28023,1,1,0.425,1.21325,0,64.91,0.083,0.917,0.0,1.0,0.5,0.31,0.0,0.5,1.0,0.879,0.577,0.5,0.492,0.0,0.233,0.0,0,0,0.287,0.454,0.0,0.162,0.133,0.913,0.65,0.0,0.424,0.4,0.0,1.0,1.116
66418,2024.07.01 18:00:00,USDCADm,BREAKOUT,BUY,3,1.37415,1.37196,1.37781,1.67,0.363,1.37342,1.37477,1.37267,1,0.145,1.789,0.3503,1.36722,1.36894,1.37057,1.36684,0,0.0,0.35,0,1.37342,0.612,0.148,0,0.0,0.0,0.0,0.0,0.0,0,0,1,0.8,0.755,0.5915,0.755,0.286,0,0.658,3,0.872,1.37357,1.37086,0.248,2.097,0.0,2,0.25,0,0.658,1.221,3.0,0.407,0.491,1,1.37342,8,0.722,0.505,0.314,0.226,0.088,0.9,0.967,1.36818,1.36798,1.36889,37175.3437,-5648.9488,1,1.36786,0.517,1.37964,0.363,0.0,0.0,0,0.405,1,0,19173,0.773,0.556,0.44,22.0,22.0,0.1505,146.2,0.0,1,1,0.792,1.28023,1,1,0.425,1.21325,1,64.234,0.083,0.917,0.0,1.0,1.0,0.8,0.0,0.5,0.0,0.815,0.592,0.5,0.565,0.0,0.338,0.0,0,0,0.36,0.579,0.0,0.29,0.133,0.391,0.65,0.0,0.483,0.4,0.0,1.0,1.024
66419,2024.07.01 18:03:40,USDCADm,PULLBACK,BUY,3,1.37459,1.37379,1.37898,5.5,0.569,1.37342,1.37477,1.37267,1,0.145,1.789,0.6513,1.36722,1.36894,1.37057,1.36684,0,0.0,0.35,0,1.37342,0.612,0.148,0,0.0,0.0,0.0,0.0,0.0,0,0,1,0.8,0.755,0.5915,0.755,0.706,0,0.658,3,0.872,1.37447,1.37086,0.068,2.398,0.0,2,0.25,0,0.658,1.032,3.0,0.344,0.444,1,1.37342,8,0.722,0.864,0.188,0.226,0.088,0.702,0.967,1.36818,1.36798,1.36889,37175.3437,-5648.9488,1,1.36786,0.517,1.37964,0.363,0.0,0.0,0,0.405,1,0,19173,0.773,0.556,0.44,22.0,22.0,0.1505,146.2,0.0,1,1,0.792,1.28023,1,1,0.425,1.21325,1,64.535,0.083,0.917,0.0,1.0,1.0,0.99,0.0,0.5,0.0,0.831,0.717,0.5,0.565,0.0,0.373,0.0,0,0,0.449,0.696,0.0,0.349,0.169,0.427,0.735,0.0,0.503,0.4,0.0,1.0,1.123
66420,2024.07.01 18:03:59,USDCADm,TREND_CONTINUATION,BUY,3,1.37458,1.37283,1.37824,2.08,0.493,1.37342,1.37477,1.37267,1,0.145,1.789,0.6444,1.36722,1.36894,1.37057,1.36684,0,0.0,0.35,0,1.37342,0.612,0.148,0,0.0,0.0,0.0,0.0,0.0,0,0,1,0.8,0.755,0.5915,0.755,0.706,0,0.658,3,0.872,1.37447,1.37086,0.075,2.391,0.0,2,0.25,0,0.658,1.032,3.0,0.344,0.444,1,1.37342,8,0.722,0.85,0.188,0.226,0.088,0.702,0.967,1.36818,1.36798,1.36889,37175.3437,-5648.9488,1,1.36786,0.517,1.37964,0.363,0.0,0.0,0,0.405,1,0,19173,0.773,0.556,0.44,22.0,22.0,0.1505,146.2,0.0,1,1,0.792,1.28023,1,1,0.425,1.21325,1,64.529,0.083,0.917,0.0,1.0,1.0,0.98,0.0,0.5,0.0,0.831,0.723,0.5,0.565,0.0,0.373,0.0,0,0,0.452,0.696,0.0,0.349,0.169,0.427,0.734,0.0,0.503,0.4,0.0,1.0,1.123
66424,2024.07.01 19:00:00,USDCADm,BREAKOUT_RETEST,BUY,3,1.37461,1.37416,1.37543,1.83,0.542,1.37437,1.37468,1.37363,1,0.011,0.225,0.0107,1.36722,1.36894,1.37057,1.36684,0,0.0,0.6,0,1.37455,0.707,0.251,0,0.0,0.0,0.0,0.0,0.0,0,0,1,0.8,0.965,0.5993,0.965,1.0,2,0.644,3,0.735,1.37446,1.37473,0.048,0.225,0.0,2,0.15,0,0.644,0.9,3.0,0.3,0.452,1,1.37363,5,0.6,0.904,0.06,0.29,0.053,0.932,0.955,1.36818,1.36798,1.36889,37175.3437,-5648.9488,1,1.36786,0.517,1.37964,0.363,0.0,0.0,0,0.405,1,0,19174,0.773,0.556,0.44,22.0,22.0,0.1472,149.4,0.0,1,1,0.792,1.28023,1,1,0.425,1.21325,1,63.161,0.083,0.917,0.0,1.0,1.0,0.82,0.0,0.5,0.0,0.846,0.604,0.5,0.56,0.0,0.428,0.0,0,0,0.402,0.734,0.0,0.556,0.214,0.355,0.65,0.0,0.499,0.4,0.0,1.0,0.9
66426,2024.07.01 20:00:00,USDCADm,BREAKOUT,BUY,3,1.37404,1.3718,1.37778,1.67,0.352,1.37368,1.37424,1.37335,1,0.091,0.34,0.0907,1.36722,1.36894,1.37057,1.36684,0,0.0,0.6,0,1.37368,0.721,0.645,0,0.0,0.0,0.0,0.0,0.0,0,0,1,0.8,0.825,0.5572,0.825,0.669,0,0.723,3,0.453,1.37368,1.37413,0.091,0.208,0.0,2,0.25,0,0.723,1.049,3.0,0.35,0.447,1,1.37335,5,0.6,0.819,0.199,0.247,0.088,1.0,0.673,1.36818,1.36798,1.36889,37648.8448,473.5011,2,1.36786,0.512,1.37964,0.364,0.0,0.0,0,0.353,1,0,19175,0.773,0.556,0.44,22.0,22.0,0.147,149.6,0.0,1,1,0.792,1.28023,1,1,0.425,1.21325,1,62.689,0.007,0.993,0.0,0.0,1.0,0.91,0.0,0.5,0.0,1.0,0.553,0.5,0.565,0.0,0.364,0.0,0,0,0.346,0.699,0.0,0.347,0.218,0.263,0.65,0.0,0.506,0.4,0.0,1.0,0.898
66428,2024.07.01 20:03:40,USDCADm,PULLBACK,BUY,3,1.37415,1.37191,1.37864,2.0,0.579,1.37368,1.37424,1.37335,1,0.091,0.34,0.1642,1.36722,1.36894,1.37057,1.36684,0,0.0,0.6,0,1.37368,0.721,0.645,0,0.0,0.0,0.0,0.0,0.0,0,0,1,0.8,0.825,0.5572,0.825,0.416,0,0.723,3,0.453,1.37368,1.37413,0.164,0.134,0.0,2,0.25,0,0.723,1.163,3.0,0.388,0.46,1,1.37335,5,0.6,0.672,0.275,0.247,0.088,1.0,0.673,1.36818,1.36798,1.36889,37648.8448,473.5011,2,1.36786,0.512,1.37964,0.364,0.0,0.0,0,0.353,1,0,19175,0.773,0.556,0.44,22.0,22.0,0.147,149.6,0.0,1,1,0.792,1.28023,1,1,0.425,1.21325,1,62.763,0.007,0.993,0.0,0.0,1.0,0.99,0.0,0.5,0.0,1.0,0.544,0.5,0.565,0.0,0.336,0.0,0,0,0.33,0.656,0.0,0.386,0.257,0.263,0.65,0.0,0.48,0.4,0.0,1.0,0.934
66429,2024.07.01 20:03:59,USDCADm,TREND_CONTINUATION,BUY,3,1.37415,1.37235,1.37789,2.08,0.505,1.37368,1.37424,1.37335,1,0.091,0.34,0.1642,1.36722,1.36894,1.37057,1.36684,0,0.0,0.6,0,1.37368,0.721,0.645,0,0.0,0.0,0.0,0.0,0.0,0,0,1,0.8,0.825,0.5572,0.825,0.416,0,0.723,3,0.453,1.37368,1.37413,0.164,0.134,0.0,2,0.25,0,0.723,1.163,3.0,0.388,0.46,1,1.37335,5,0.6,0.672,0.275,0.247,0.088,1.0,0.673,1.36818,1.36798,1.36889,37648.8448,473.5011,2,1.36786,0.512,1.37964,0.364,0.0,0.0,0,0.353,1,0,19175,0.773,0.556,0.44,22.0,22.0,0.147,149.6,0.0,1,1,0.792,1.28023,1,1,0.425,1.21325,1,62.763,0.007,0.993,0.0,0.0,1.0,0.98,0.0,0.5,0.0,1.0,0.557,0.5,0.565,0.0,0.336,0.0,0,0,0.338,0.656,0.0,0.386,0.257,0.263,0.65,0.0,0.48,0.4,0.0,1.0,0.934
66432,2024.07.01 21:00:00,USDCADm,BREAKOUT_RETEST,BUY,3,1.37377,1.37333,1.37459,1.86,0.502,1.37351,1.3743,1.37334,1,0.0,0.14,0.0002,1.36731,1.36894,1.37057,1.36684,0,0.0,0.7,2,1.37433,0.723,0.246,0,0.0,0.0,0.0,0.0,0.0,0,0,1,0.8,0.825,0.509,0.825,1.0,2,0.549,3,0.42,1.37351,1.3733,0.0,0.14,0.0442,2,0.4,0,0.549,0.9,3.0,0.3,0.36,1,1.37433,8,0.745,1.0,0.16,0.247,0.14,1.0,0.854,1.36818,1.36798,1.36889,37648.8448,473.5011,2,1.36786,0.512,1.37964,0.364,0.0,0.0,0,0.353,1,0,19176,0.773,0.556,0.44,26.0,22.0,0.1768,147.1,0.0,1,1,0.792,1.28023,1,1,0.425,1.21325,1,63.602,0.007,0.993,0.0,0.0,1.0,0.0,0.0,0.5,0.0,1.0,0.71,0.5,0.582,0.0,0.24,0.0,0,0,0.396,0.648,0.0,0.222,0.19,0.29,0.65,0.0,0.504,0.4,0.0,1.0,0.898
66434,2024.07.01 21:07:40,USDCADm,MEAN_REVERSION,BUY,3,1.37376,1.37258,1.37473,0.83,0.594,1.37351,1.3743,1.37334,1,0.0,0.14,-0.1018,1.36731,1.36894,1.37057,1.36684,0,0.0,0.7,2,1.37433,0.723,0.246,0,0.0,0.0,0.0,0.0,0.0,0,0,1,0.8,0.825,0.509,0.825,0.544,2,0.62,3,0.42,1.37351,1.3733,0.102,0.038,0.0,2,0.4,0,0.62,1.105,3.0,0.368,0.401,1,1.37433,8,0.745,0.796,0.297,0.247,0.14,1.0,0.854,1.36818,1.36798,1.36889,37648.8448,473.5011,2,1.36786,0.512,1.37964,0.364,0.0,0.0,0,0.353,1,0,19176,0.773,0.556,0.44,40.0,27.4,0.272,147.1,0.0,1,1,0.792,1.28023,1,1,0.425,1.21325,1,63.595,0.007,0.993,0.0,0.0,1.0,0.06,0.0,0.5,0.0,1.0,0.624,0.5,0.582,0.0,0.188,0.0,0,0,0.324,0.593,0.0,0.394,0.228,0.29,0.65,0.0,0.479,0.4,0.0,1.0,0.844
66436,2024.07.01 23:00:00,USDCADm,BREAKOUT,BUY,1,1.3738,1.37179,1.37715,1.67,0.331,1.37345,1.37383,1.37331,1,0.035,0.425,0.0948,1.36731,1.36894,1.37057,1.36684,0,0.0,0.45,2,1.37345,0.643,0.662,0,0.0,0.0,0.0,0.0,0.0,0,0,1,0.8,1.0,0.3041,1.0,0.586,2,0.643,1,0.104,1.37366,1.37427,0.057,0.511,-0.3366,1,0.3,0,0.643,1.086,3.0,0.362,0.366,1,0.0,0,0.0,0.887,0.544,0.3,0.105,0.881,0.944,1.36818,1.36798,1.36889,37648.8448,473.5011,2,1.36786,0.512,1.37964,0.364,0.0,0.0,0,0.353,1,0,19178,0.773,0.556,0.44,22.0,22.0,0.1642,134.0,0.0,1,1,0.792,1.28023,1,1,0.425,1.21325,1,69.828,0.007,0.993,0.0,0.0,1.0,0.0,0.0,0.5,0.0,0.832,0.416,0.5,0.585,0.0,0.371,0.0,0,0,0.374,0.693,0.0,0.481,0.252,0.038,0.65,0.0,0.492,0.4,0.0,1.0,0.871
66437,2024.07.01 23:00:20,USDCADm,BREAKOUT_RETEST,BUY,1,1.37382,1.37342,1.37431,1.22,0.529,1.37345,1.37383,1.37331,1,0.035,0.425,0.1097,1.36731,1.36894,1.37057,1.36684,0,0.0,0.45,2,1.37345,0.643,0.662,0,0.0,0.0,0.0,0.0,0.0,0,0,1,0.8,1.0,0.3041,1.0,0.892,0,0.656,1,0.104,1.37366,1.37427,0.042,0.496,0.0,2,0.0,0,0.656,0.949,3.0,0.316,0.398,1,0.0,0,0.0,0.916,0.032,0.3,0.0,0.881,0.944,1.36818,1.36798,1.36889,37648.8448,473.5011,2,1.36786,0.512,1.37964,0.364,0.0,0.0,0,0.353,1,0,19178,0.773,0.556,0.44,22.0,22.0,0.1642,134.0,0.0,1,1,0.792,1.28023,1,1,0.425,1.21325,1,69.843,0.007,0.993,0.0,0.0,1.0,0.06,0.0,0.5,0.0,0.615,0.44,0.5,0.585,0.0,0.371,0.0,0,0,0.36,0.736,0.0,0.428,0.22,0.15,0.65,0.0,0.507,0.4,0.0,1.0,0.988
66438,2024.07.01 23:00:20,USDCADm,PULLBACK,BUY,1,1.37382,1.37181,1.37784,2.0,0.579,1.37345,1.37383,1.37331,1,0.035,0.425,0.1097,1.36731,1.36894,1.37057,1.36684,0,0.0,0.45,2,1.37345,0.643,0.662,0,0.0,0.0,0.0,0.0,0.0,0,0,1,0.8,1.0,0.3041,1.0,0.892,0,0.656,1,0.104,1.37366,1.37427,0.042,0.496,0.0,2,0.0,0,0.656,0.949,3.0,0.316,0.398,1,0.0,0,0.0,0.916,0.032,0.3,0.0,0.881,0.944,1.36818,1.36798,1.36889,37648.8448,473.5011,2,1.36786,0.512,1.37964,0.364,0.0,0.0,0,0.353,1,0,19178,0.773,0.556,0.44,22.0,22.0,0.1642,134.0,0.0,1,1,0.792,1.28023,1,1,0.425,1.21325,1,69.843,0.007,0.993,0.0,0.0,1.0,0.06,0.0,0.5,0.0,0.615,0.44,0.5,0.585,0.0,0.371,0.0,0,0,0.36,0.736,0.0,0.428,0.22,0.15,0.65,0.0,0.507,0.4,0.0,1.0,0.988
66441,2024.07.01 23:00:40,USDCADm,TREND_CONTINUATION,BUY,1,1.37376,1.37215,1.37711,2.08,0.508,1.37345,1.37383,1.37331,1,0.035,0.425,0.0649,1.36731,1.36894,1.37057,1.36684,0,0.0,0.45,2,1.37345,0.643,0.662,0,0.0,0.0,0.0,0.0,0.0,0,0,1,0.8,1.0,0.3041,1.0,0.909,0,0.656,1,0.104,1.37342,1.37427,0.087,0.541,0.0,2,0.0,0,0.656,0.941,3.0,0.314,0.411,1,0.0,0,0.0,0.827,0.027,0.3,0.0,0.995,0.944,1.36818,1.36798,1.36889,37648.8448,473.5011,2,1.36786,0.512,1.37964,0.364,0.0,0.0,0,0.353,1,0,19178,0.773,0.556,0.44,22.0,22.0,0.1642,134.0,0.0,1,1,0.792,1.28023,1,1,0.425,1.21325,1,69.799,0.007,0.993,0.0,0.0,1.0,0.0,0.0,0.5,0.0,0.707,0.384,0.5,0.585,0.0,0.371,0.0,0,0,0.393,0.736,0.0,0.299,0.22,0.15,0.65,0.0,0.513,0.4,0.0,1.0,0.988
0,2024.07.02 01:00:00,USDCADm,ANCHORED_PULLBACK,BUY,1,1.37419,1.37411,1.37477,6.91,0.546,1.37343,1.37376,1.37328,0,0.316,0.019,0.4162,1.36731,1.36894,1.37057,1.36684,0,0.0,0.55,0,1.37339,0.705,0.379,0,0.0,0.0,1.37396,0.0,0.0,0,0,1,0.675,-0.685,-0.0799,0.685,0.336,2,0.597,3,0.305,1.37356,1.37402,0.316,0.036,0.0281,2,0.15,0,0.597,1.199,3.0,0.4,0.398,1,1.37339,8,0.741,0.368,0.259,0.206,0.053,0.746,0.862,1.36818,1.36798,1.36916,49763.483,12114.6382,2,1.36786,0.504,1.37964,0.366,0.0,0.0,0,0.358,1,0,19180,0.781,0.551,0.438,22.0,22.0,0.1693,129.9,0.0,1,1,0.792,1.28023,1,1,0.425,1.21325,1,72.317,0.01,0.99,0.0,0.0,1.0,0.6,0.0,0.5,0.0,0.448,0.645,0.5,0.675,0.0,0.868,0.0,0,0,0.636,0.492,0.0,0.335,0.436,0.333,0.856,0.0,0.492,0.4,0.0,1.0,0.888
66444,2024.07.02 03:00:00,USDCADm,TREND_CONTINUATION,BUY,1,1.37498,1.37349,1.37809,2.08,0.606,1.37396,1.37428,1.37328,0,0.571,0.011,0.6435,1.37347,1.36855,1.37118,1.36687,0,0.0,0.55,0,1.37396,0.771,0.31,0,0.0,0.0,0.0,0.0,0.0,0,0,1,0.353,0.4701,0.0231,0.47,0.137,0,0.707,0,0.652,1.37391,1.37482,0.68,0.047,0.2214,0,0.15,2,1.0,1.738,3.0,0.579,0.627,2,1.37396,8,0.754,0.0,0.319,0.841,0.183,0.918,0.858,1.36818,1.36798,1.36916,49763.483,12114.6382,2,1.36786,0.504,1.37964,0.366,0.0,0.0,0,0.358,1,0,19182,0.781,0.551,0.438,22.0,22.0,0.1768,124.4,0.0,1,1,0.792,1.28023,1,1,0.425,1.21325,1,76.148,0.01,0.99,0.0,0.0,1.0,0.67,0.0,0.5,0.0,0.803,0.544,0.5,0.456,0.0,0.357,0.0,0,0,0.306,0.433,0.146,0.757,0.267,0.733,0.725,0.0,0.444,0.4,0.0,1.0,0.985
66446,2024.07.02 03:49:20,USDCADm,BREAKOUT,BUY,1,1.37553,1.37415,1.37864,2.25,0.334,1.37396,1.37428,1.37328,0,0.571,0.011,1.0856,1.37347,1.36855,1.37118,1.36687,0,0.0,0.55,0,1.37396,0.771,0.31,0,0.0,0.0,0.0,0.0,0.0,0,0,1,0.353,0.4701,0.0231,0.47,0.081,0,0.748,0,0.652,1.37391,1.37482,1.122,0.395,0.0,2,0.15,0,0.748,1.314,3.0,0.438,0.514,2,1.37396,8,0.754,0.0,0.336,0.141,0.183,0.918,0.858,1.36818,1.36798,1.36916,49763.483,12114.6382,2,1.36786,0.504,1.37964,0.366,0.0,0.0,0,0.358,1,0,19182,0.781,0.551,0.438,22.0,22.0,0.1768,124.4,0.0,1,1,0.792,1.28023,1,1,0.425,1.21325,1,76.59,0.01,0.99,0.0,0.0,1.0,0.15,0.0,0.5,0.0,1.0,0.46,0.5,0.552,0.0,0.398,0.0,0,0,0.349,0.444,0.0,0.49,0.261,0.328,0.879,0.0,0.495,0.4,0.0,1.0,0.901
66447,2024.07.02 03:49:20,USDCADm,PULLBACK,BUY,1,1.37553,1.37415,1.37926,2.7,0.277,1.37396,1.37428,1.37328,0,0.571,0.011,1.0856,1.37347,1.36855,1.37118,1.36687,0,0.0,0.55,0,1.37396,0.771,0.31,0,0.0,0.0,0.0,0.0,0.0,0,0,1,0.353,0.4701,0.0231,0.47,0.081,0,0.748,0,0.652,1.37391,1.37482,1.122,0.395,0.0,2,0.15,0,0.748,1.314,3.0,0.438,0.514,2,1.37396,8,0.754,0.0,0.336,0.141,0.183,0.918,0.858,1.36818,1.36798,1.36916,49763.483,12114.6382,2,1.36786,0.504,1.37964,0.366,0.0,0.0,0,0.358,1,0,19182,0.781,0.551,0.438,22.0,22.0,0.1768,124.4,0.0,1,1,0.792,1.28023,1,1,0.425,1.21325,1,76.59,0.01,0.99,0.0,0.0,1.0,0.14,0.0,0.5,0.0,1.0,0.46,0.5,0.552,0.0,0.398,0.0,0,0,0.349,0.444,0.0,0.49,0.261,0.328,0.879,0.0,0.495,0.4,0.0,1.0,0.901
66450,2024.07.02 05:06:40,USDCADm,BREAKOUT_RETEST,BUY,1,1.37544,1.3752,1.37626,3.42,0.502,1.37529,1.37542,1.37417,1,0.134,0.532,-0.0829,1.37381,1.36868,1.37093,1.36644,0,0.0,0.7,2,1.37529,0.698,0.402,0,0.0,0.0,0.0,0.0,0.0,0,0,1,0.825,0.58,0.2103,0.58,0.659,2,0.558,3,0.564,1.37524,1.37466,0.027,0.694,0.0,2,0.25,0,0.558,1.053,3.0,0.351,0.398,1,1.37417,5,0.6,0.945,0.202,0.174,0.088,0.818,0.721,1.36818,1.36798,1.36916,52184.8341,2421.3511,2,1.36786,0.495,1.37964,0.367,0.0,0.0,0,0.477,1,0,19184,0.781,0.551,0.438,22.0,22.0,0.2743,80.2,0.0,1,1,0.792,1.28023,1,1,0.425,1.21325,1,118.695,0.01,0.99,0.0,0.0,1.0,0.97,0.0,0.5,0.0,0.749,0.356,0.5,0.556,0.0,0.253,0.0,0,0,0.354,0.793,0.0,0.264,0.0,0.501,0.65,0.0,0.56,0.4,0.0,1.0,1.123
66451,2024.07.02 05:06:59,USDCADm,TREND_CONTINUATION,BUY,1,1.37544,1.37448,1.37745,2.08,0.469,1.37529,1.37542,1.37417,1,0.134,0.532,-0.0829,1.37381,1.36868,1.37093,1.36644,0,0.0,0.7,2,1.37529,0.698,0.402,0,0.0,0.0,0.0,0.0,0.0,0,0,1,0.825,0.58,0.2103,0.58,0.659,2,0.558,3,0.564,1.37524,1.37466,0.027,0.694,0.0,2,0.25,0,0.558,1.053,3.0,0.351,0.398,1,1.37417,5,0.6,0.945,0.202,0.174,0.088,0.818,0.721,1.36818,1.36798,1.36916,52184.8341,2421.3511,2,1.36786,0.495,1.37964,0.367,0.0,0.0,0,0.477,1,0,19184,0.781,0.551,0.438,22.0,22.0,0.2743,80.2,0.0,1,1,0.792,1.28023,1,1,0.425,1.21325,1,118.695,0.01,0.99,0.0,0.0,1.0,0.96,0.0,0.5,0.0,0.749,0.365,0.5,0.556,0.0,0.253,0.0,0,0,0.349,0.793,0.0,0.264,0.0,0.501,0.65,0.0,0.56,0.4,0.0,1.0,1.123
66454,2024.07.02 06:18:40,USDCADm,SWEEP_REVERSAL,BUY,1,1.37457,1.37385,1.37517,0.83,0.207,1.37531,1.37542,1.37484,0,0.006,0.72,-1.342,1.37341,1.36868,1.37093,1.36644,0,0.0,0.4,2,1.37531,0.746,0.453,0,0.0,0.0,1.37495,0.0,0.0,0,0,1,0.6,0.615,0.3096,0.615,0.091,0,0.653,3,0.612,1.37495,1.37443,0.832,0.118,0.0,2,0.25,0,0.653,1.309,3.0,0.436,0.442,1,1.37495,2,0.55,0.0,0.373,0.185,0.088,0.697,0.911,1.36818,1.36798,1.36916,52184.8341,2421.3511,2,1.36786,0.495,1.37964,0.367,0.0,0.0,0,0.477,1,0,19185,0.781,0.551,0.438,22.0,22.0,0.3074,71.6,0.0,1,1,0.792,1.28023,1,1,0.425,1.21325,1,131.812,0.01,0.99,0.0,0.0,1.0,0.0,0.0,0.5,0.0,0.345,0.46,0.5,0.631,0.0,0.643,0.0,0,0,0.471,0.619,0.0,0.732,0.0,0.466,0.497,0.0,0.545,0.4,0.0,1.0,1.115
66455,2024.07.02 06:31:40,USDCADm,PULLBACK,BUY,1,1.37437,1.3733,1.37553,1.08,0.346,1.37531,1.37542,1.37484,0,0.006,0.72,-1.6215,1.37341,1.36868,1.37093,1.36644,0,0.0,0.4,2,1.37531,0.746,0.453,0,0.0,0.0,1.37495,0.0,0.0,0,0,1,0.6,0.615,0.3096,0.615,0.097,0,0.653,3,0.612,1.37495,1.37414,1.111,0.01,0.0,2,0.25,0,0.653,1.306,3.0,0.435,0.442,1,1.37531,8,0.749,0.0,0.371,0.185,0.088,0.697,0.906,1.36818,1.36798,1.36916,52184.8341,2421.3511,2,1.36786,0.495,1.37964,0.367,0.0,0.0,0,0.477,1,0,19185,0.781,0.551,0.438,22.0,22.0,0.3074,71.6,0.0,1,1,0.792,1.28023,1,1,0.425,1.21325,1,131.533,0.01,0.99,0.0,0.0,1.0,0.0,0.0,0.5,0.0,0.345,0.31,0.5,0.517,0.0,0.74,0.0,0,0,0.565,0.62,0.0,0.732,0.0,0.347,0.458,0.0,0.545,0.4,0.0,1.0,1.115
66458,2024.07.02 07:06:59,USDCADm,TREND_CONTINUATION,BUY,1,1.37434,1.37351,1.37552,1.43,0.551,1.3753,1.37542,1.37463,0,1.157,0.009,-1.7159,1.37393,1.36868,1.37143,1.36644,0,0.0,0.5,2,1.3753,0.691,0.333,0,0.0,0.0,1.37396,0.0,0.0,0,0,1,0.975,0.825,0.3313,0.825,0.131,2,0.564,3,0.623,1.37495,1.37416,1.2,0.052,0.0,2,0.15,0,0.564,1.291,3.0,0.43,0.411,1,1.3753,8,0.738,0.0,0.321,0.247,0.053,0.512,0.866,1.36818,1.36798,1.36916,52184.8341,2421.3511,2,1.36786,0.495,1.37964,0.367,0.0,0.0,0,0.477,1,0,19186,0.781,0.551,0.438,22.0,22.0,0.3195,68.9,0.0,1,1,0.792,1.28023,1,1,0.425,1.21325,1,136.674,0.01,0.99,0.0,0.0,1.0,0.66,0.0,0.5,0.0,0.61,0.653,0.5,0.616,0.0,0.737,0.0,0,0,0.572,0.31,0.0,0.618,0.0,0.502,0.65,0.0,0.542,0.4,0.0,1.0,0.952
66460,2024.07.02 07:10:40,USDCADm,MEAN_REVERSION,BUY,1,1.37432,1.37377,1.37552,2.18,0.575,1.3753,1.37542,1.37463,0,1.157,0.009,-1.7449,1.37393,1.36868,1.37143,1.36644,0,0.0,0.5,2,1.3753,0.691,0.333,0,0.0,0.0,1.37396,0.0,0.0,0,0,1,0.975,0.825,0.3313,0.825,0.131,2,0.564,3,0.623,1.37495,1.37416,1.229,0.081,0.0,2,0.15,0,0.564,1.291,3.0,0.43,0.411,1,1.3753,8,0.738,0.0,0.321,0.247,0.053,0.512,0.866,1.36818,1.36798,1.36916,52184.8341,2421.3511,2,1.36786,0.495,1.37964,0.367,0.0,0.0,0,0.477,1,0,19186,0.781,0.551,0.438,22.0,22.0,0.3195,68.9,0.0,1,1,0.792,1.28023,1,1,0.425,1.21325,1,136.645,0.01,0.99,0.0,0.0,1.0,0.37,0.0,0.5,0.0,0.738,0.639,0.5,0.619,0.0,0.663,0.0,0,0,0.534,0.31,0.0,0.713,0.0,0.502,0.65,0.0,0.545,0.4,0.0,1.0,0.952
66462,2024.07.02 08:20:20,USDCADm,SWEEP_REVERSAL,BUY,2,1.37374,1.37303,1.37434,0.84,0.286,1.37412,1.37508,1.37386,0,0.725,0.126,-0.8382,1.37397,1.36868,1.37143,1.36644,0,0.0,0.6,0,1.37412,0.75,0.285,0,0.0,0.0,1.3741,0.0,0.0,0,0,1,1.0,0.685,0.2131,0.685,0.229,2,0.575,0,0.568,1.37412,1.37341,0.838,0.154,0.0,2,0.4,0,0.575,1.247,3.0,0.416,0.411,1,1.37412,8,0.75,0.0,0.391,0.206,0.254,0.881,0.921,1.36818,1.36798,1.36916,53210.3737,1025.5396,2,1.36786,0.487,1.37964,0.369,0.0,0.0,0,0.372,1,0,19187,0.781,0.551,0.438,22.0,22.0,0.3086,71.3,0.0,1,1,0.792,1.28023,1,1,0.425,1.21325,1,131.176,0.01,0.99,0.0,0.0,1.0,0.31,0.0,0.5,0.0,0.464,0.454,0.5,0.439,0.0,0.473,0.0,0,0,0.349,0.332,0.0,0.401,0.0,0.886,0.498,0.0,0.545,0.4,0.0,1.0,0.952
66464,2024.07.02 08:48:40,USDCADm,PULLBACK,BUY,2,1.37324,1.37217,1.37434,1.03,0.466,1.37412,1.37508,1.37386,0,0.725,0.126,-1.5396,1.37397,1.36868,1.37143,1.36644,0,0.0,0.6,0,1.37412,0.75,0.285,0,0.0,0.0,1.3741,0.0,0.0,0,0,1,1.0,0.685,0.2131,0.685,0.084,2,0.575,0,0.568,1.37412,1.37341,1.54,0.548,0.0,2,0.4,0,0.575,1.312,3.0,0.437,0.418,1,1.37412,8,0.75,0.0,0.435,0.206,0.254,0.881,0.921,1.36818,1.36798,1.36916,53210.3737,1025.5396,2,1.36786,0.487,1.37964,0.369,0.0,0.0,0,0.372,1,0,19187,0.781,0.551,0.438,22.0,22.0,0.3086,71.3,0.0,1,1,0.792,1.28023,1,1,0.425,1.21325,1,130.475,0.01,0.99,0.0,0.0,1.0,0.0,0.0,0.5,0.0,0.822,0.36,0.5,0.487,0.0,0.49,0.0,0,0,0.426,0.3,0.0,0.351,0.0,0.763,0.423,0.0,0.541,0.4,0.0,1.0,0.952
66466,2024.07.02 09:10:40,USDCADm,MEAN_REVERSION,BUY,2,1.37321,1.37262,1.37384,1.06,0.641,1.37406,1.37462,1.37336,0,0.792,0.064,-1.4503,1.37377,1.36868,1.37193,1.36644,0,0.0,0.5,0,1.37406,0.8,0.377,0,0.0,0.0,1.37322,0.0,0.0,0,0,1,1.0,0.72,0.055,0.72,0.297,0,0.688,0,0.54,1.37362,1.37292,0.851,0.091,0.0,2,0.4,0,0.688,1.216,3.0,0.405,0.434,1,1.37362,2,0.55,0.0,0.371,0.216,0.248,0.904,0.811,1.36818,1.36798,1.36916,53210.3737,1025.5396,2,1.36786,0.487,1.37964,0.369,0.0,0.0,0,0.372,1,0,19188,0.781,0.551,0.438,22.0,22.0,0.299,73.6,0.0,1,1,0.792,1.28023,1,1,0.425,1.21325,1,126.381,0.01,0.99,0.0,0.0,1.0,0.5,0.0,0.5,0.0,1.0,0.446,0.5,0.454,0.0,0.384,0.0,0,0,0.322,0.466,0.0,0.5,0.0,0.832,0.434,0.0,0.533,0.4,0.0,1.0,0.952
66468,2024.07.02 09:15:40,USDCADm,TREND_CONTINUATION,BUY,2,1.37297,1.37209,1.37428,1.48,0.558,1.37406,1.37462,1.37336,0,0.792,0.064,-1.7765,1.37377,1.36868,1.37193,1.36644,0,0.0,0.5,0,1.37406,0.8,0.377,0,0.0,0.0,1.37322,0.0,0.0,0,0,1,1.0,0.72,0.055,0.72,0.157,0,0.688,0,0.54,1.37362,1.37292,1.177,0.235,0.0,2,0.4,0,0.688,1.279,3.0,0.426,0.442,1,1.37406,8,0.76,0.0,0.413,0.216,0.248,0.904,0.811,1.36818,1.36798,1.36916,53210.3737,1025.5396,2,1.36786,0.487,1.37964,0.369,0.0,0.0,0,0.372,1,0,19188,0.781,0.551,0.438,22.0,22.0,0.299,73.6,0.0,1,1,0.792,1.28023,1,1,0.425,1.21325,1,126.054,0.01,0.99,0.0,0.0,1.0,0.0,0.0,0.5,0.0,1.0,0.459,0.5,0.5,0.0,0.379,0.0,0,0,0.326,0.322,0.0,0.5,0.0,0.832,0.435,0.0,0.539,0.4,0.0,1.0,0.952
66470,2024.07.02 10:28:40,USDCADm,SWEEP_REVERSAL,BUY,2,1.37305,1.37233,1.37436,1.81,0.154,1.37304,1.37419,1.37288,0,0.106,0.561,-0.2953,1.37377,1.36868,1.37193,1.36644,0,0.0,0.6,2,1.37414,0.789,0.218,0,0.0,0.0,0.0,0.0,0.0,0,0,1,0.675,-0.685,-0.1163,0.685,0.248,2,0.524,0,0.686,1.37299,1.37277,0.219,0.084,0.0,2,0.0,0,0.524,1.239,3.0,0.413,0.478,1,1.37414,8,0.758,0.561,0.226,0.206,0.137,0.937,0.853,1.36818,1.36798,1.36916,53210.3737,1025.5396,2,1.36786,0.487,1.37964,0.369,0.0,0.0,0,0.372,1,0,19189,0.781,0.551,0.438,22.0,22.0,0.3046,72.2,0.0,1,1,0.792,1.28023,1,1,0.425,1.21325,1,128.534,0.01,0.99,0.0,0.0,1.0,0.0,0.0,0.5,0.0,0.991,0.534,0.5,0.534,0.0,0.248,0.0,0,0,0.28,0.605,0.0,0.38,0.0,0.376,0.65,0.0,0.513,0.4,0.0,1.0,0.974
66472,2024.07.02 11:32:59,USDCADm,MEAN_REVERSION,BUY,2,1.37325,1.37299,1.37395,2.68,0.637,1.37306,1.37373,1.37284,1,0.094,0.593,-0.0456,1.3734,1.36868,1.37193,1.36644,0,0.0,0.5,0,1.37306,0.675,0.393,0,0.0,0.0,1.37305,0.0,0.0,0,0,1,0.5,-0.545,-0.2696,0.545,1.0,0,0.662,3,0.519,1.37306,1.37275,0.046,0.391,0.0,2,0.25,0,0.662,0.9,3.0,0.3,0.405,1,1.37373,4,0.6,0.909,0.1,0.164,0.088,0.858,0.936,1.36818,1.36798,1.36916,53210.3737,1025.5396,2,1.36786,0.487,1.37964,0.369,0.0,0.0,0,0.372,1,0,19190,0.779,0.548,0.441,22.0,22.0,0.3065,71.8,0.0,1,1,0.792,1.28023,1,1,0.425,1.21325,1,129.58,0.01,0.99,0.0,0.0,1.0,0.01,0.0,0.5,0.0,0.836,0.491,0.5,0.489,0.0,0.298,0.0,0,0,0.271,0.864,0.0,0.574,0.0,0.512,0.46,0.0,0.555,0.4,0.0,1.0,0.838
66474,2024.07.02 12:31:40,USDCADm,SWEEP_REVERSAL,BUY,2,1.3725,1.37175,1.37328,1.04,0.201,1.37319,1.37334,1.37285,0,0.017,0.593,-1.2036,1.3734,1.36868,1.37243,1.36644,1,0.0,0.4,0,1.37306,0.684,0.519,0,0.0,0.0,0.0,0.0,0.0,0,0,1,0.55,-0.58,-0.3605,0.58,0.024,0,0.735,1,0.04,1.37309,1.37275,1.08,0.628,0.0,2,0.25,0,0.735,1.339,3.0,0.446,0.418,1,1.37306,8,0.737,0.0,0.393,0.174,0.088,0.887,0.94,1.36818,1.36798,1.36916,55536.3147,2325.941,2,1.36786,0.495,1.37964,0.371,0.0,0.0,0,0.379,1,0,19191,0.779,0.548,0.441,22.0,22.0,0.2919,75.4,0.0,1,1,0.792,1.28023,1,1,0.425,1.21325,0,122.444,0.01,0.99,0.0,0.0,0.5,0.17,0.0,0.5,0.0,0.345,0.419,0.5,0.595,0.0,0.508,0.0,0,0,0.43,0.661,1.0,0.623,0.0,0.35,0.378,0.0,0.508,0.4,0.0,1.0,0.925
66476,2024.07.02 13:32:59,USDCADm,MEAN_REVERSION,BUY,4,1.37224,1.37157,1.37325,1.51,0.638,1.37313,1.37338,1.37248,0,1.098,0.024,-1.3248,1.3734,1.36868,1.37243,1.36644,1,0.0,0.45,0,1.37303,0.703,0.24,0,0.0,0.0,1.37194,0.0,0.0,0,0,0,0.9,-0.615,-0.3567,0.615,0.141,0,0.676,2,0.287,1.37308,1.37208,1.265,0.072,0.0,2,0.4,0,0.676,1.287,3.0,0.429,0.41,1,1.37303,8,0.741,0.0,0.418,0.185,0.14,0.921,0.877,1.36818,1.36798,1.36916,55536.3147,2325.941,2,1.36786,0.495,1.37964,0.371,0.0,0.0,0,0.379,1,0,19192,0.779,0.548,0.441,22.0,22.0,0.2626,83.8,0.0,1,1,0.792,1.28023,1,1,0.425,1.21325,1,109.816,0.01,0.99,0.0,0.0,1.0,0.67,0.0,0.5,0.0,0.624,0.439,0.5,0.507,0.0,0.717,0.0,0,0,0.475,0.444,0.0,0.231,0.0,0.464,0.574,0.0,0.5,0.4,0.0,1.0,0.793
66478,2024.07.02 14:31:40,USDCADm,SWEEP_REVERSAL,BUY,4,1.36944,1.36842,1.37204,2.54,0.158,1.37327,1.37337,1.37152,0,2.242,0.023,-3.957,1.37378,1.36868,1.37243,1.36644,1,0.0,0.45,2,1.37182,0.64,0.488,0,0.0,0.0,1.37058,0.0,0.0,0,0,0,0.975,-0.825,-0.3351,0.825,0.057,2,0.461,2,0.028,1.37193,1.36986,2.646,0.628,0.0,2,0.15,0,0.461,1.747,3.957,0.441,0.401,1,1.37182,8,0.728,0.0,0.343,0.247,0.053,0.803,0.961,1.36818,1.36798,1.36916,55536.3147,2325.941,2,1.36786,0.495,1.37964,0.371,0.0,0.0,0,0.379,1,0,19193,0.779,0.548,0.441,22.0,22.0,0.2149,102.4,0.0,1,1,0.792,1.28023,1,1,0.425,1.21325,1,87.156,0.01,0.99,0.0,0.0,1.0,0.0,0.0,0.5,0.0,0.374,0.402,0.5,0.426,0.0,0.833,0.0,0,0,0.52,0.195,0.0,0.308,0.153,0.597,0.266,0.0,0.51,0.412,0.0,1.0,0.787
66480,2024.07.02 15:33:40,USDCADm,MEAN_REVERSION,BUY,4,1.36968,1.3688,1.37199,2.62,0.589,1.37177,1.37358,1.36995,0,0.233,0.426,-2.0941,1.37325,1.36868,1.37243,1.36644,1,0.0,0.75,0,1.36959,0.639,0.0,2,0.0,0.0,1.36954,0.0,0.0,0,0,0,1.0,-0.86,-0.4196,0.86,0.647,2,0.578,3,0.505,1.36959,1.36886,0.115,0.544,0.0,2,0.0,0,0.578,1.059,3.0,0.353,0.449,1,1.37177,1,0.7,0.769,0.106,0.258,0.0,0.944,0.978,1.36818,1.36798,1.36916,55536.3147,2325.941,2,1.36786,0.495,1.37964,0.371,0.0,0.0,0,0.379,1,0,19194,0.779,0.548,0.441,22.0,22.0,0.1999,110.1,0.0,1,1,0.792,1.28023,1,1,0.425,1.21325,1,81.265,0.01,0.99,0.0,0.0,1.0,0.5,0.0,0.5,0.0,0.868,0.379,0.5,0.475,0.0,0.606,0.0,0,0,0.457,0.845,0.0,0.572,0.204,0.713,0.397,0.0,0.472,0.412,0.0,1.0,0.936
66482,2024.07.02 17:14:40,USDCADm,SWEEP_REVERSAL,BUY,3,1.36866,1.36758,1.36961,0.88,0.202,1.36939,1.37041,1.36911,0,0.018,0.534,-0.8806,1.37325,1.36918,1.37243,1.36644,1,0.0,0.35,2,1.36939,0.66,0.588,0,0.0,0.0,0.0,0.0,0.0,0,0,0,0.8,-0.755,-0.5128,0.755,0.013,2,0.606,1,0.441,1.36948,1.36883,0.967,0.364,0.0,2,0.25,0,0.606,1.344,3.0,0.448,0.42,1,1.36939,8,0.732,0.0,0.396,0.226,0.088,0.753,0.989,1.36818,1.37034,1.36916,-54986.6889,-110523.0036,-2,1.36786,0.485,1.37964,0.372,0.0,0.0,0,0.571,1,0,19196,0.779,0.548,0.441,22.0,22.0,0.2037,108.0,0.0,1,1,0.792,1.28023,1,1,0.425,1.21325,0,81.88,0.01,0.99,0.0,0.0,0.5,0.0,0.0,0.5,0.0,0.717,0.156,0.5,0.48,0.0,0.191,0.0,0,0,0.427,0.611,0.0,0.538,0.067,0.503,0.259,0.0,0.506,0.412,0.0,1.0,0.936
66484,2024.07.02 17:39:40,USDCADm,MEAN_REVERSION,BUY,3,1.3689,1.36804,1.36961,0.82,0.6,1.36939,1.37041,1.36911,0,0.018,0.534,-0.6583,1.37325,1.36918,1.37243,1.36644,1,0.0,0.35,2,1.36939,0.66,0.588,0,0.0,0.0,0.0,0.0,0.0,0,0,0,0.8,-0.755,-0.5128,0.755,0.013,2,0.606,1,0.441,1.36948,1.36883,0.744,0.142,0.0,2,0.25,0,0.606,1.344,3.0,0.448,0.42,1,1.36939,8,0.732,0.0,0.396,0.226,0.088,0.753,0.989,1.36818,1.37034,1.36916,-54986.6889,-110523.0036,-2,1.36786,0.485,1.37964,0.372,0.0,0.0,0,0.571,1,0,19196,0.779,0.548,0.441,22.0,22.0,0.2037,108.0,0.0,1,1,0.792,1.28023,1,1,0.425,1.21325,0,82.102,0.01,0.99,0.0,0.0,0.5,0.33,0.0,0.5,0.0,0.705,0.417,0.5,0.505,0.0,0.194,0.0,0,0,0.279,0.655,0.715,0.538,0.067,0.488,0.291,0.0,0.501,0.412,0.0,1.0,0.936
66486,2024.07.02 19:14:40,USDCADm,SWEEP_REVERSAL,BUY,3,1.36795,1.36677,1.36968,1.46,0.16,1.36946,1.36992,1.3686,0,1.579,0.022,-1.462,1.37322,1.36918,1.37243,1.36644,1,0.0,0.5,0,1.36946,0.778,0.102,0,0.0,0.0,1.36801,0.0,0.0,0,0,0,1.0,-1.0,-0.5193,1.0,0.084,2,0.632,2,0.178,1.36952,1.36762,1.518,0.095,0.0,2,0.15,0,0.632,1.312,3.0,0.437,0.409,1,1.36946,8,0.756,0.0,0.335,0.3,0.053,0.788,0.925,1.36818,1.37034,1.36916,-54986.6889,-110523.0036,-2,1.36786,0.485,1.37964,0.372,0.0,0.0,0,0.571,1,0,19198,0.779,0.548,0.441,22.0,22.0,0.1861,118.2,0.0,1,1,0.792,1.28023,1,1,0.425,1.21325,1,74.204,0.01,0.99,0.0,0.0,1.0,0.32,0.0,0.5,0.0,0.778,0.48,0.5,0.519,0.0,0.351,0.0,0,0,0.308,0.356,0.0,0.748,0.185,0.366,0.231,0.0,0.501,0.429,0.0,1.0,0.783
66488,2024.07.02 19:39:40,USDCADm,MEAN_REVERSION,BUY,3,1.36717,1.36622,1.36968,2.65,0.586,1.36946,1.36992,1.3686,0,1.579,0.022,-2.1218,1.37322,1.36918,1.37243,1.36644,1,0.0,0.5,0,1.36946,0.778,0.102,0,0.0,0.0,1.36801,0.0,0.0,0,0,0,1.0,-1.0,-0.5193,1.0,0.056,2,0.632,2,0.178,1.36952,1.36762,2.177,0.564,0.0,2,0.15,0,0.632,1.325,3.0,0.442,0.411,1,1.36946,8,0.756,0.0,0.343,0.3,0.053,0.788,0.925,1.36818,1.37034,1.36916,-54986.6889,-110523.0036,-2,1.36786,0.485,1.37964,0.372,0.0,0.0,0,0.571,1,0,19198,0.779,0.548,0.441,22.0,22.0,0.1861,118.2,0.0,1,1,0.792,1.28023,1,1,0.425,1.21325,1,73.544,0.01,0.99,0.0,0.0,1.0,0.0,0.0,0.5,0.0,1.0,0.206,0.5,0.493,0.0,0.296,0.0,0,0,0.443,0.242,0.0,0.66,0.161,0.481,0.18,0.0,0.524,0.429,0.0,1.0,0.783
66490,2024.07.02 21:39:59,USDCADm,MEAN_REVERSION,BUY,3,1.36798,1.36757,1.36886,2.15,0.579,1.3685,1.36885,1.36733,1,0.256,0.765,-0.7259,1.37344,1.36918,1.37243,1.36644,1,0.0,0.55,0,1.3685,0.785,0.335,0,0.0,0.0,0.0,0.0,0.0,0,0,0,1.0,-1.0,-0.5554,1.0,0.761,2,0.56,0,0.71,1.36795,1.36712,0.272,0.409,0.0,2,0.0,0,0.64,1.007,3.0,0.336,0.485,1,1.3685,8,0.757,0.456,0.072,0.3,0.142,0.948,0.529,1.36818,1.37034,1.36916,-56087.9158,-1101.227,-2,1.36786,0.491,1.37964,0.372,0.0,0.0,0,0.643,1,0,19200,0.79,0.538,0.442,36.0,36.3,0.2959,121.6,0.0,1,1,0.792,1.28023,1,1,0.425,1.21325,1,72.137,0.01,0.99,0.0,0.0,1.0,0.52,0.0,0.5,0.0,0.533,0.458,0.5,0.758,0.0,0.264,0.0,0,0,0.358,0.739,0.0,0.673,0.1,0.323,0.407,0.0,0.512,0.429,0.0,1.0,0.898
66492,2024.07.03 04:33:20,USDCADm,MEAN_REVERSION,BUY,1,1.3677,1.36698,1.36828,0.81,0.701,1.36766,1.36806,1.36744,1,0.021,0.464,-0.2,1.36773,1.36769,1.37243,1.36644,1,0.0,0.5,0,1.36766,0.784,0.933,0,0.0,0.0,0.0,0.0,0.0,0,0,0,0.493,-0.5184,-0.0117,0.518,0.696,0,0.764,0,0.741,1.36747,1.36735,0.008,0.146,0.0,2,0.25,0,0.844,1.037,3.0,0.346,0.473,1,1.36806,4,0.6,0.984,0.191,0.156,0.236,0.69,0.72,1.36818,1.37034,1.36916,-56278.951,19.1751,-1,1.36786,0.504,1.37964,0.37,0.0,0.0,0,0.754,1,0,19207,0.79,0.538,0.442,22.0,22.0,0.2458,89.5,0.0,1,1,0.792,1.28023,1,1,0.425,1.21325,-1,97.732,0.01,0.99,0.0,1.0,0.0,0.0,0.0,0.5,0.0,1.0,0.414,0.5,0.575,0.0,0.311,0.0,0,0,0.348,0.8,0.0,0.827,0.0,0.284,0.445,0.0,0.539,0.429,0.0,1.0,0.877
66494,2024.07.03 05:11:40,USDCADm,ANCHORED_PULLBACK,BUY,1,1.36833,1.368,1.36968,4.1,0.183,1.36766,1.36797,1.36755,0,0.014,0.441,0.5735,1.36768,1.36769,1.37193,1.36644,1,0.0,0.5,0,1.36766,0.726,0.369,0,0.0,0.0,1.36757,0.0,0.0,0,0,0,0.243,0.3027,0.0241,0.303,0.355,0,0.77,0,0.389,1.36793,1.36808,0.226,0.039,0.0,2,0.25,0,0.85,1.19,3.0,0.397,0.431,1,1.36766,8,0.745,0.547,0.294,0.091,0.165,0.55,0.813,1.36818,1.37034,1.36916,-56278.951,19.1751,-1,1.36786,0.504,1.37964,0.37,0.0,0.0,0,0.754,1,0,19208,0.79,0.538,0.442,22.0,22.0,0.2797,78.6,0.0,1,1,0.792,1.28023,1,1,0.425,1.21325,-1,112.025,0.01,0.99,0.0,1.0,0.0,0.89,0.0,0.5,0.0,0.285,0.813,0.5,0.578,0.0,0.276,0.0,0,0,0.472,0.817,0.0,0.602,0.0,0.178,0.545,0.0,0.572,0.429,0.0,1.0,0.984
66495,2024.07.03 05:32:40,USDCADm,BREAKOUT,BUY,1,1.3684,1.36805,1.37037,5.66,0.282,1.36766,1.36797,1.36755,0,0.014,0.441,0.6625,1.36768,1.36769,1.37193,1.36644,1,0.0,0.5,0,1.36766,0.726,0.369,0,0.0,0.0,1.36757,0.0,0.0,0,0,0,0.243,0.3027,0.0241,0.303,0.278,0,0.77,0,0.389,1.36793,1.36827,0.315,0.112,0.0,2,0.25,0,0.85,1.225,3.0,0.408,0.435,1,1.36793,2,0.55,0.369,0.317,0.091,0.165,0.55,0.898,1.36818,1.37034,1.36916,-56278.951,19.1751,-1,1.36786,0.504,1.37964,0.37,0.0,0.0,0,0.754,1,0,19208,0.79,0.538,0.442,22.0,22.0,0.2797,78.6,0.0,1,1,0.792,1.28023,1,1,0.425,1.21325,-1,112.114,0.01,0.99,0.0,1.0,0.0,0.17,0.0,0.5,0.0,0.301,0.583,0.5,0.617,0.0,0.388,0.0,0,0,0.39,0.799,0.178,0.602,0.0,0.197,0.559,0.0,0.564,0.429,0.0,1.0,0.984
66496,2024.07.03 05:32:59,USDCADm,TREND_CONTINUATION,BUY,1,1.3684,1.36746,1.37037,2.08,0.247,1.36766,1.36797,1.36755,0,0.014,0.441,0.6625,1.36768,1.36769,1.37193,1.36644,1,0.0,0.5,0,1.36766,0.726,0.369,0,0.0,0.0,1.36757,0.0,0.0,0,0,0,0.243,0.3027,0.0241,0.303,0.278,0,0.77,0,0.389,1.36793,1.36827,0.315,0.112,0.0,2,0.25,0,0.85,1.225,3.0,0.408,0.435,1,1.36793,2,0.55,0.369,0.317,0.091,0.165,0.55,0.898,1.36818,1.37034,1.36916,-56278.951,19.1751,-1,1.36786,0.504,1.37964,0.37,0.0,0.0,0,0.754,1,0,19208,0.79,0.538,0.442,22.0,22.0,0.2797,78.6,0.0,1,1,0.792,1.28023,1,1,0.425,1.21325,-1,112.114,0.01,0.99,0.0,1.0,0.0,0.16,0.0,0.5,0.0,0.301,0.577,0.5,0.617,0.0,0.388,0.0,0,0,0.386,0.799,0.178,0.602,0.0,0.197,0.559,0.0,0.564,0.429,0.0,1.0,0.984
66497,2024.07.03 06:00:00,USDCADm,BREAKOUT_RETEST,BUY,1,1.36848,1.36825,1.36887,1.68,0.734,1.3682,1.36832,1.36766,1,0.08,0.104,0.0805,1.36762,1.36769,1.37193,1.36644,1,0.0,0.7,0,1.3682,0.737,0.205,0,0.0,0.0,0.0,0.0,0.0,0,0,0,0.75,0.72,0.1065,0.72,0.558,1,0.324,3,0.331,1.3682,1.36834,0.08,0.104,0.3114,0,0.45,2,1.0,1.549,3.0,0.516,0.53,2,1.36766,5,0.6,0.839,0.313,0.916,0.157,1.0,0.833,1.36818,1.37034,1.36916,-56278.951,19.1751,-1,1.36786,0.504,1.37964,0.37,0.0,0.0,0,0.754,1,0,19209,0.79,0.538,0.442,22.0,22.0,0.2879,76.4,0.0,1,1,0.792,1.28023,1,1,0.425,1.21325,-1,115.467,0.01,0.99,0.0,1.0,0.0,0.66,0.0,0.5,0.0,0.3,0.506,0.5,0.564,0.0,0.723,0.0,0,0,0.462,0.631,0.161,0.701,0.0,0.584,0.508,0.0,0.468,0.429,0.0,1.0,0.94
66501,2024.07.03 06:26:40,USDCADm,PULLBACK,BUY,1,1.36875,1.36834,1.37104,5.62,0.407,1.3682,1.36832,1.36766,0,0.08,0.104,0.4337,1.36762,1.36769,1.37193,1.36644,1,0.0,0.7,0,1.3682,0.737,0.205,0,0.0,0.0,0.0,0.0,0.0,0,0,0,0.75,0.72,0.1065,0.72,0.131,2,0.624,3,0.331,1.3682,1.36834,0.434,0.249,0.0,2,0.15,0,0.704,1.291,3.0,0.43,0.47,1,1.3682,8,0.747,0.133,0.321,0.216,0.053,1.0,0.833,1.36818,1.37034,1.36916,-56278.951,19.1751,-1,1.36786,0.504,1.37964,0.37,0.0,0.0,0,0.754,1,0,19209,0.79,0.538,0.442,22.0,22.0,0.2879,76.4,0.0,1,1,0.792,1.28023,1,1,0.425,1.21325,-1,115.821,0.01,0.99,0.0,1.0,0.0,0.99,0.0,0.5,0.0,0.374,0.56,0.5,0.567,0.0,0.895,0.0,0,0,0.564,0.523,0.0,0.443,0.0,0.39,0.569,0.0,0.557,0.429,0.0,1.0,0.954
66504,2024.07.03 07:27:40,USDCADm,SWEEP_REVERSAL,BUY,1,1.3672,1.36642,1.36785,0.84,0.186,1.36821,1.36856,1.3678,0,0.031,0.171,-1.5758,1.36755,1.36769,1.37193,1.36644,1,0.0,0.7,0,1.36821,0.717,0.348,0,0.0,0.0,1.36843,0.0,0.0,0,0,0,0.825,0.755,0.1007,0.755,0.159,0,0.749,3,0.521,1.36763,1.3675,0.84,0.665,0.0,2,0.15,0,0.829,1.278,3.0,0.426,0.511,2,1.36763,2,0.55,0.0,0.312,0.226,0.053,0.893,0.841,1.36818,1.37034,1.36916,-56278.951,19.1751,-1,1.36786,0.504,1.37964,0.37,0.0,0.0,0,0.754,1,0,19210,0.79,0.544,0.442,22.0,22.0,0.2828,77.8,0.0,1,1,0.792,1.28023,1,1,0.425,1.21325,0,111.807,0.01,0.99,0.0,1.0,0.5,0.16,0.0,0.5,0.0,0.374,0.422,0.5,0.53,0.0,0.575,0.0,0,0,0.436,0.556,0.0,0.663,0.0,0.375,0.171,0.0,0.558,0.429,0.0,1.0,0.955
66505,2024.07.03 07:37:40,USDCADm,TREND_CONTINUATION,BUY,1,1.36691,1.36598,1.36785,1.01,0.521,1.36821,1.36856,1.3678,0,0.031,0.171,-1.9486,1.36755,1.36769,1.37193,1.36644,1,0.0,0.7,0,1.36821,0.717,0.348,0,0.0,0.0,1.36843,0.0,0.0,0,0,0,0.825,0.755,0.1007,0.755,0.159,0,0.749,3,0.521,1.36763,1.3675,1.213,1.038,0.0,2,0.15,0,0.829,1.278,3.0,0.426,0.511,2,1.36763,2,0.55,0.0,0.312,0.226,0.053,0.893,0.841,1.36818,1.37034,1.36916,-56278.951,19.1751,-1,1.36786,0.504,1.37964,0.37,0.0,0.0,0,0.754,1,0,19210,0.79,0.544,0.442,22.0,22.0,0.2828,77.8,0.0,1,1,0.792,1.28023,1,1,0.425,1.21325,0,111.434,0.01,0.99,0.0,1.0,0.5,0.0,0.0,0.5,0.0,0.48,0.388,0.5,0.482,0.0,0.608,0.0,0,0,0.455,0.556,0.0,0.663,0.0,0.392,0.163,0.0,0.577,0.429,0.0,1.0,0.955
66508,2024.07.03 08:31:40,USDCADm,BREAKOUT_RETEST,BUY,2,1.36776,1.36753,1.36845,3.06,0.566,1.36758,1.36856,1.36744,1,1.018,0.522,-0.0507,1.36785,1.36769,1.37143,1.36644,1,0.0,0.6,0,1.36823,0.697,0.269,0,0.0,0.0,0.0,0.0,0.0,0,0,0,0.9,0.79,0.1507,0.79,1.0,2,0.531,3,0.547,1.36758,1.36777,0.051,0.298,0.0,2,0.0,0,0.611,0.9,3.0,0.3,0.451,1,1.36823,8,0.739,0.899,0.0,0.237,0.0,1.0,0.784,1.36818,1.37034,1.36916,-55207.15,1071.8009,-1,1.36786,0.511,1.37964,0.369,0.0,0.0,0,0.658,1,0,19211,0.79,0.544,0.442,22.0,22.0,0.2914,75.5,0.0,1,1,0.792,1.28023,1,1,0.425,1.21325,-1,115.934,0.019,0.981,0.0,1.0,0.0,0.99,0.0,0.5,0.0,0.446,0.575,0.5,0.474,0.0,0.454,0.0,0,0,0.369,0.711,0.0,0.673,0.0,0.644,0.409,0.0,0.571,0.429,0.0,1.0,0.852
66510,2024.07.03 08:33:20,USDCADm,MEAN_REVERSION,BUY,2,1.36768,1.36708,1.36845,1.28,0.585,1.36758,1.36856,1.36744,1,1.018,0.522,-0.1566,1.36785,1.36769,1.37143,1.36644,1,0.0,0.6,0,1.36823,0.697,0.269,0,0.0,0.0,0.0,0.0,0.0,0,0,0,0.9,0.79,0.1507,0.79,0.43,2,0.531,3,0.547,1.36758,1.3673,0.157,0.215,0.0,2,0.0,0,0.611,1.156,3.0,0.385,0.481,1,1.36823,8,0.739,0.687,0.171,0.237,0.0,1.0,0.928,1.36818,1.37034,1.36916,-55207.15,1071.8009,-1,1.36786,0.511,1.37964,0.369,0.0,0.0,0,0.658,1,0,19211,0.79,0.544,0.442,22.0,22.0,0.2914,75.5,0.0,1,1,0.792,1.28023,1,1,0.425,1.21325,-1,115.828,0.019,0.981,0.0,1.0,0.0,0.88,0.0,0.5,0.0,0.524,0.52,0.5,0.415,0.0,0.389,0.0,0,0,0.292,0.6,0.0,0.748,0.0,0.644,0.399,0.0,0.532,0.429,0.0,1.0,0.886
66512,2024.07.03 08:59:20,USDCADm,PULLBACK,BUY,2,1.36789,1.36676,1.37016,2.0,0.611,1.36758,1.36856,1.36744,1,1.018,0.522,0.1215,1.36785,1.36769,1.37143,1.36644,1,0.0,0.6,0,1.36823,0.697,0.269,0,0.0,0.0,0.0,0.0,0.0,0,0,0,0.9,0.79,0.1507,0.79,0.493,2,0.531,3,0.547,1.36758,1.36777,0.122,0.126,0.0,2,0.0,0,0.611,1.128,3.0,0.376,0.478,1,1.36744,5,0.6,0.757,0.152,0.237,0.0,1.0,0.784,1.36818,1.37034,1.36916,-55207.15,1071.8009,-1,1.36786,0.511,1.37964,0.369,0.0,0.0,0,0.658,1,0,19211,0.79,0.544,0.442,22.0,22.0,0.2914,75.5,0.0,1,1,0.792,1.28023,1,1,0.425,1.21325,-1,116.106,0.019,0.981,0.0,1.0,0.0,0.99,0.0,0.5,0.0,0.627,0.548,0.5,0.532,0.0,0.346,0.0,0,0,0.327,0.612,0.0,0.66,0.0,0.644,0.424,0.0,0.558,0.429,0.0,1.0,0.802
66514,2024.07.03 09:32:40,USDCADm,BREAKOUT,BUY,2,1.36808,1.36763,1.36992,4.09,0.31,1.36748,1.36819,1.36669,1,0.184,0.07,0.511,1.36751,1.36769,1.37143,1.36644,1,0.0,0.8,0,1.36748,0.74,0.396,0,0.0,0.0,1.36751,0.0,0.0,0,0,0,0.65,0.65,0.1231,0.65,0.181,0,0.685,3,0.534,1.36823,1.36777,0.508,0.129,0.0,2,0.4,0,0.765,1.268,3.0,0.423,0.458,1,1.36748,8,0.748,0.0,0.406,0.195,0.14,0.899,0.78,1.36818,1.37034,1.36916,-55207.15,1071.8009,-1,1.36786,0.511,1.37964,0.369,0.0,0.0,0,0.658,1,0,19212,0.79,0.544,0.442,22.0,22.0,0.2996,73.4,0.0,1,1,0.792,1.28023,1,1,0.425,1.21325,0,119.64,0.019,0.981,0.0,1.0,0.5,0.78,0.0,0.5,0.0,0.872,0.494,0.5,0.479,0.0,0.332,0.0,0,0,0.28,0.656,0.0,0.599,0.0,0.558,0.512,0.0,0.583,0.429,0.0,1.0,0.868
66516,2024.07.03 09:42:20,USDCADm,TREND_CONTINUATION,BUY,2,1.36795,1.36707,1.36979,2.08,0.437,1.36748,1.36819,1.36669,1,0.184,0.07,0.334,1.36751,1.36769,1.37143,1.36644,1,0.0,0.8,0,1.36748,0.74,0.396,0,0.0,0.0,1.36751,0.0,0.0,0,0,0,0.65,0.65,0.1231,0.65,0.151,0,0.685,3,0.534,1.36748,1.36777,0.334,0.048,0.0,2,0.4,0,0.765,1.282,3.0,0.427,0.472,1,1.36748,8,0.748,0.332,0.415,0.195,0.14,1.0,0.78,1.36818,1.37034,1.36916,-55207.15,1071.8009,-1,1.36786,0.511,1.37964,0.369,0.0,0.0,0,0.658,1,0,19212,0.79,0.544,0.442,22.0,22.0,0.2996,73.4,0.0,1,1,0.792,1.28023,1,1,0.425,1.21325,0,119.463,0.019,0.981,0.0,1.0,0.5,0.39,0.0,0.5,0.0,1.0,0.566,0.5,0.508,0.0,0.361,0.0,0,0,0.337,0.73,0.0,0.691,0.0,0.614,0.574,0.0,0.555,0.429,0.0,1.0,0.868
66518,2024.07.03 10:31:40,USDCADm,BREAKOUT_RETEST,BUY,2,1.3681,1.36782,1.36878,2.47,0.505,1.36748,1.368,1.36688,1,0.027,0.531,0.5899,1.36751,1.36769,1.37193,1.36644,1,0.0,0.6,0,1.36748,0.74,0.348,0,0.0,0.0,0.0,0.0,0.0,0,0,0,0.7,0.86,0.0824,0.86,0.605,0,0.668,0,0.529,1.36762,1.36814,0.381,0.387,0.0,2,0.0,0,0.748,1.078,3.0,0.359,0.492,1,1.36748,8,0.748,0.239,0.119,0.258,0.106,0.905,0.868,1.36818,1.37034,1.36916,-55207.15,1071.8009,-1,1.36786,0.511,1.37964,0.369,0.0,0.0,0,0.658,1,0,19213,0.79,0.544,0.442,22.0,22.0,0.3284,67.0,0.0,1,1,0.792,1.28023,1,1,0.425,1.21325,1,131.149,0.019,0.981,0.0,1.0,1.0,0.96,0.0,0.5,0.0,0.872,0.547,0.5,0.534,0.0,0.333,0.0,0,0,0.321,0.81,0.0,0.572,0.13,0.19,0.532,0.0,0.554,0.429,0.0,1.0,0.995
66520,2024.07.03 10:59:20,USDCADm,PULLBACK,BUY,2,1.36809,1.36709,1.3701,2.0,0.56,1.36748,1.368,1.36688,1,0.027,0.531,0.575,1.36751,1.36769,1.37193,1.36644,1,0.0,0.6,0,1.36748,0.74,0.348,0,0.0,0.0,0.0,0.0,0.0,0,0,0,0.7,0.86,0.0824,0.86,0.605,0,0.668,0,0.529,1.36762,1.36814,0.366,0.402,0.0,2,0.0,0,0.748,1.078,3.0,0.359,0.492,1,1.36748,8,0.748,0.269,0.119,0.258,0.106,0.905,0.868,1.36818,1.37034,1.36916,-55207.15,1071.8009,-1,1.36786,0.511,1.37964,0.369,0.0,0.0,0,0.658,1,0,19213,0.79,0.544,0.442,22.0,22.0,0.3284,67.0,0.0,1,1,0.792,1.28023,1,1,0.425,1.21325,1,131.134,0.019,0.981,0.0,1.0,1.0,0.98,0.0,0.5,0.0,0.513,0.507,0.5,0.512,0.0,0.313,0.0,0,0,0.283,0.81,0.0,0.572,0.13,0.272,0.53,0.0,0.554,0.429,0.0,1.0,0.995
66522,2024.07.03 11:37:40,USDCADm,BREAKOUT,BUY,2,1.3676,1.3673,1.36817,1.87,0.316,1.36782,1.36798,1.36714,1,0.033,0.166,-0.6757,1.36779,1.36769,1.37193,1.36644,1,0.0,0.65,2,1.36782,0.709,0.424,0,0.0,0.0,1.36775,0.0,0.0,0,0,0,0.689,0.8336,0.0423,0.834,0.221,2,0.572,3,0.547,1.36753,1.36734,0.229,0.069,0.0,2,0.15,0,0.652,1.25,3.0,0.417,0.436,1,1.36714,5,0.6,0.543,0.294,0.25,0.053,0.652,0.788,1.36818,1.37034,1.36916,-55207.15,1071.8009,-1,1.36786,0.511,1.37964,0.369,0.0,0.0,0,0.658,1,0,19214,0.79,0.544,0.442,22.0,22.0,0.3388,64.9,0.0,1,1,0.792,1.28023,1,1,0.425,1.21325,1,134.563,0.019,0.981,0.0,1.0,1.0,0.0,0.0,0.5,0.0,0.674,0.397,0.5,0.478,0.0,0.271,0.0,0,0,0.313,0.617,0.0,0.88,0.143,0.276,0.418,0.0,0.57,0.429,0.0,1.0,0.868
66524,2024.07.03 11:57:40,USDCADm,TREND_CONTINUATION,BUY,2,1.36718,1.3664,1.36804,1.1,0.456,1.36782,1.36798,1.36714,0,0.033,0.166,-1.3226,1.36779,1.36769,1.37193,1.36644,1,0.0,0.65,2,1.36782,0.709,0.424,0,0.0,0.0,1.36775,0.0,0.0,0,0,0,0.689,0.8336,0.0423,0.834,0.462,2,0.572,3,0.547,1.36753,1.36675,0.876,0.317,0.0,2,0.15,0,0.652,1.142,3.0,0.381,0.424,1,1.36782,8,0.742,0.0,0.221,0.25,0.053,0.652,0.831,1.36818,1.37034,1.36916,-55207.15,1071.8009,-1,1.36786,0.511,1.37964,0.369,0.0,0.0,0,0.658,1,0,19214,0.79,0.544,0.442,22.0,22.0,0.3388,64.9,0.0,1,1,0.792,1.28023,1,1,0.425,1.21325,1,133.916,0.019,0.981,0.0,1.0,1.0,0.0,0.0,0.5,0.0,0.455,0.421,0.5,0.517,0.0,0.356,0.0,0,0,0.345,0.611,0.0,0.66,0.161,0.483,0.263,0.0,0.571,0.429,0.0,1.0,0.952
66525,2024.07.03 11:57:59,USDCADm,SWEEP_REVERSAL,BUY,2,1.3672,1.36655,1.36804,1.29,0.164,1.36782,1.36798,1.36714,0,0.033,0.166,-1.2918,1.36779,1.36769,1.37193,1.36644,1,0.0,0.65,2,1.36782,0.709,0.424,0,0.0,0.0,1.36775,0.0,0.0,0,0,0,0.689,0.8336,0.0423,0.834,0.462,2,0.572,3,0.547,1.36753,1.36675,0.845,0.347,0.0,2,0.15,0,0.652,1.142,3.0,0.381,0.424,1,1.36782,8,0.742,0.0,0.221,0.25,0.053,0.652,0.831,1.36818,1.37034,1.36916,-55207.15,1071.8009,-1,1.36786,0.511,1.37964,0.369,0.0,0.0,0,0.658,1,0,19214,0.79,0.544,0.442,22.0,22.0,0.3388,64.9,0.0,1,1,0.792,1.28023,1,1,0.425,1.21325,1,133.947,0.019,0.981,0.0,1.0,1.0,0.01,0.0,0.5,0.0,0.455,0.41,0.5,0.517,0.0,0.356,0.0,0,0,0.351,0.611,0.0,0.66,0.161,0.483,0.267,0.0,0.57,0.429,0.0,1.0,0.952
66528,2024.07.03 12:33:20,USDCADm,MEAN_REVERSION,BUY,2,1.36611,1.36554,1.36806,3.46,0.754,1.36784,1.36793,1.36738,0,0.815,0.034,-2.7657,1.36766,1.36769,1.37193,1.36644,0,0.0,0.5,2,1.36784,0.744,0.549,0,0.0,0.0,1.36717,0.0,0.0,0,0,0,0.109,0.0,0.0028,0.308,0.033,0,0.761,3,0.462,1.36763,1.36697,2.457,1.531,0.0,2,0.15,0,0.841,1.335,3.0,0.445,0.5,2,1.36784,8,0.749,0.0,0.35,0.0,0.053,0.791,0.915,1.36818,1.37034,1.36916,-56049.8643,-842.7143,-2,1.36786,0.521,1.37964,0.367,0.0,0.0,0,0.669,1,0,19215,0.79,0.544,0.442,22.0,21.1,0.3114,70.6,0.0,1,1,0.792,1.28023,1,1,0.425,1.21325,1,121.569,0.01,0.99,0.0,0.0,1.0,0.1,0.0,0.5,0.0,0.448,0.388,0.5,0.489,0.0,0.571,0.0,0,0,0.443,0.445,0.0,0.1,0.198,0.542,0.106,0.0,0.596,0.429,0.0,1.0,0.773
66530,2024.07.03 13:57:59,USDCADm,SWEEP_REVERSAL,BUY,4,1.36495,1.36415,1.3659,1.19,0.123,1.36776,1.36798,1.36624,0,0.066,0.661,-3.7381,1.36774,1.36741,1.3718,1.36611,0,0.0,0.6,2,1.36776,0.611,0.0,2,0.0,0.0,1.36565,0.0,0.0,0,0,-1,0.675,-0.685,-0.1651,0.685,0.041,2,0.494,3,1.0,1.36573,1.36515,1.194,0.467,0.0,2,0.0,0,0.574,1.659,3.738,0.444,0.493,1,1.36573,2,0.55,0.0,0.288,0.206,0.0,0.245,0.969,1.36818,1.37034,1.36916,-56049.8643,-842.7143,-2,1.36786,0.521,1.37964,0.367,0.0,0.0,0,0.669,1,0,19216,0.79,0.544,0.442,17.0,20.2,0.2131,79.8,0.0,1,1,0.792,1.28023,1,1,0.425,1.21325,1,106.184,0.01,0.99,0.0,0.0,1.0,0.92,0.0,0.5,0.0,0.519,0.719,0.5,0.457,0.0,0.461,0.0,0,0,0.453,0.544,0.0,0.238,0.1,0.687,0.137,0.0,0.562,0.429,0.0,1.0,0.902
66531,2024.07.03 14:00:00,USDCADm,ANCHORED_PULLBACK,BUY,4,1.36498,1.36432,1.36724,3.42,0.689,1.36457,1.36724,1.36429,1,0.069,1.88,0.2855,1.3676,1.36735,1.37208,1.3654,0,0.0,0.8,2,1.36457,0.708,0.342,0,0.0,0.0,1.36457,0.0,0.0,0,0,-1,0.75,-0.72,-0.3397,0.72,0.691,1,0.103,3,0.69,1.36466,1.36512,0.177,0.364,1.4223,0,0.3,2,1.0,1.489,3.0,0.496,0.578,2,1.36429,5,0.6,0.646,0.213,0.916,0.105,0.908,0.882,1.36818,1.37034,1.36916,-56049.8643,-842.7143,-2,1.36786,0.521,1.37964,0.367,0.0,0.0,0,0.669,1,0,19217,0.79,0.544,0.442,17.0,19.5,0.1995,85.2,0.0,1,1,0.792,1.28023,1,1,0.425,1.21325,1,99.455,0.01,0.99,0.0,0.0,1.0,0.89,0.0,0.5,0.0,0.569,0.635,0.5,0.458,0.0,0.529,0.0,0,0,0.43,0.796,0.0,0.509,0.1,1.0,0.538,0.0,0.528,0.429,0.0,1.0,0.902
66534,2024.07.03 15:59:40,USDCADm,SWEEP_REVERSAL,BUY,4,1.36271,1.36168,1.36487,2.08,0.621,1.36465,1.36798,1.36258,0,0.011,0.296,-2.0833,1.36773,1.36749,1.37335,1.36577,0,0.0,0.85,0,1.36274,0.74,0.404,0,0.0,0.0,1.36273,0.0,0.0,0,1,-1,0.825,-0.58,-0.4053,0.58,0.757,2,0.575,3,0.448,1.36274,1.36369,0.243,1.163,0.0,2,0.7,6,0.7,0.56,3.0,0.187,0.298,0,1.36465,1,0.7,0.514,0.553,0.174,0.545,0.854,0.966,1.36818,1.37034,1.36916,-56049.8643,-842.7143,-2,1.36786,0.521,1.37964,0.367,0.0,0.0,0,0.669,1,0,19218,0.79,0.544,0.442,22.0,22.0,0.2126,103.5,0.0,1,1,0.792,1.28023,1,1,0.425,1.21325,1,79.691,0.01,0.99,0.0,0.0,1.0,0.37,0.0,0.5,0.0,0.0,0.509,0.5,0.0,0.0,0.0,0.0,0,0,0.005,0.0,0.0,0.0,0.0,0.0,0.5,0.0,0.0,0.0,0.0,0.0,0.0
66536,2024.07.03 22:01:40,USDCADm,BREAKOUT_RETEST,BUY,1,1.36391,1.36357,1.3643,1.16,0.598,1.36369,1.36387,1.36346,1,0.004,0.104,0.0,1.36769,1.36749,1.37404,1.36577,0,0.0,0.4,0,1.36369,0.702,0.0,1,0.0,0.0,0.0,0.0,0.0,0,0,-1,1.0,-0.825,-0.176,0.825,0.982,0,0.77,0,0.521,1.36372,1.36395,0.025,0.251,0.0,2,0.4,0,0.77,0.908,3.0,0.303,0.414,1,0.0,0,0.0,0.95,0.165,0.247,0.244,0.879,0.902,1.36818,1.37034,1.37008,-13175.3597,-2018.6433,-2,1.36786,0.52,1.37964,0.368,0.0,0.0,0,0.202,1,0,19225,0.776,0.541,0.437,22.0,36.3,0.2127,103.4,0.0,1,1,0.792,1.28023,1,1,0.425,1.21325,-1,80.906,0.019,0.981,0.0,0.0,0.0,0.91,0.0,0.5,0.0,0.781,0.539,0.5,0.577,0.0,0.487,0.0,0,0,0.391,0.734,0.0,0.372,0.166,0.142,0.35,0.0,0.583,0.412,0.0,1.0,0.756
66538,2024.07.04 00:10:40,USDCADm,NAKED_POC,BUY,1,1.3636,1.36315,1.36509,3.29,0.631,1.36368,1.36385,1.36362,0,0.414,0.051,-0.3032,1.36769,1.36749,1.37404,1.36646,0,0.0,0.3,0,1.36368,0.619,0.367,0,0.0,0.0,0.0,1.36377,0.499,0,0,-1,0.377,0.3116,0.0252,0.312,0.124,0,0.793,2,0.375,1.36374,1.3633,0.361,0.084,0.0,2,0.4,0,0.793,0.167,0.388,0.431,0.297,0,1.36368,8,0.724,0.277,0.423,0.093,0.14,0.736,0.938,1.36818,1.37034,1.37008,-13525.6647,-350.305,-2,1.36786,0.52,1.37964,0.367,0.0,0.0,0,0.206,1,0,19227,0.776,0.541,0.437,22.0,22.0,0.2214,99.4,0.0,1,1,0.792,1.28023,1,1,0.425,1.21325,-1,83.909,0.019,0.981,0.0,0.0,0.0,0.99,0.0,0.5,0.0,0.493,0.5,0.5,1.0,0.0,0.378,0.0,0,0,0.451,0.502,0.0,0.66,0.231,0.149,0.189,0.0,0.576,0.412,0.0,1.0,0.872
66540,2024.07.04 00:46:40,USDCADm,MEAN_REVERSION,BUY,1,1.36321,1.36242,1.3639,0.87,0.685,1.36368,1.36385,1.36362,0,0.414,0.051,-0.6957,1.36769,1.36749,1.37404,1.36646,0,0.0,0.3,0,1.36368,0.619,0.367,0,0.0,0.0,0.0,1.36377,0.499,0,0,-1,0.377,0.3116,0.0252,0.312,0.036,0,0.793,2,0.375,1.36374,1.36322,0.754,0.231,0.0,2,0.4,0,0.793,0.347,0.781,0.445,0.318,0,1.36368,8,0.724,0.0,0.449,0.093,0.14,0.736,0.975,1.36818,1.37034,1.37008,-13525.6647,-350.305,-2,1.36786,0.52,1.37964,0.367,0.0,0.0,0,0.206,1,0,19227,0.776,0.541,0.437,22.0,22.0,0.2214,99.4,0.0,1,1,0.792,1.28023,1,1,0.425,1.21325,-1,83.517,0.019,0.981,0.0,0.0,0.0,0.0,0.0,0.5,0.0,0.493,0.304,0.5,0.563,0.0,0.733,0.0,0,0,0.58,0.488,0.0,0.508,0.21,0.131,0.132,0.0,0.582,0.412,0.0,1.0,0.872
66542,2024.07.04 00:56:40,USDCADm,SWEEP_REVERSAL,BUY,1,1.36307,1.36208,1.3639,0.84,0.236,1.36368,1.36385,1.36362,0,0.414,0.051,-0.8366,1.36769,1.36749,1.37404,1.36646,0,0.0,0.3,0,1.36368,0.619,0.367,0,0.0,0.0,0.0,1.36377,0.499,0,0,-1,0.377,0.3116,0.0252,0.312,0.036,0,0.793,2,0.375,1.36374,1.36322,0.895,0.372,0.0,2,0.4,0,0.793,0.41,0.921,0.445,0.325,0,1.36368,8,0.724,0.0,0.449,0.093,0.14,0.736,0.975,1.36818,1.37034,1.37008,-13525.6647,-350.305,-2,1.36786,0.52,1.37964,0.367,0.0,0.0,0,0.206,1,0,19227,0.776,0.541,0.437,22.0,22.0,0.2214,99.4,0.0,1,1,0.792,1.28023,1,1,0.425,1.21325,-1,83.376,0.019,0.981,0.0,0.0,0.0,0.0,0.0,0.5,0.0,0.701,0.19,0.5,0.732,0.0,0.753,0.0,0,0,0.707,0.488,0.0,0.508,0.21,0.15,0.115,0.0,0.582,0.412,0.0,1.0,0.872
66544,2024.07.04 02:00:00,USDCADm,BREAKOUT_RETEST,BUY,1,1.36353,1.36323,1.36399,1.52,0.343,1.36324,1.36353,1.36295,1,0.004,0.318,0.0682,1.36354,1.36749,1.37404,1.36646,0,0.0,0.45,0,1.36324,0.716,0.801,0,0.0,0.0,0.0,1.36377,0.455,0,0,-1,0.484,0.6887,0.0417,0.689,0.754,2,0.527,0,0.65,1.36327,1.36363,0.036,0.318,-0.0434,2,0.3,0,0.527,0.153,0.455,0.337,0.292,0,1.36295,5,0.6,0.928,0.194,0.207,0.235,0.852,0.659,1.36818,1.37034,1.37008,-13525.6647,-350.305,-2,1.36786,0.52,1.37964,0.367,0.0,0.0,0,0.206,1,0,19229,0.776,0.541,0.437,22.0,22.0,0.2197,100.1,0.0,1,1,0.792,1.28023,1,1,0.425,1.21325,-1,83.181,0.019,0.981,0.0,0.0,0.0,0.95,0.0,0.5,0.0,0.401,0.648,0.5,0.582,0.0,0.617,0.0,0,0,0.51,0.864,0.0,0.489,0.286,0.283,0.35,0.0,0.601,0.412,0.0,1.0,0.763
66546,2024.07.04 02:10:40,USDCADm,NAKED_POC,BUY,1,1.3637,1.3628,1.3652,1.67,0.711,1.36324,1.36353,1.36295,1,0.004,0.318,0.2379,1.36354,1.36749,1.37404,1.36646,0,0.0,0.45,0,1.36324,0.716,0.801,0,0.0,0.0,0.0,1.36377,0.455,0,0,-1,0.484,0.6887,0.0417,0.689,0.344,0,0.814,0,0.65,1.36327,1.36363,0.206,0.149,0.0,2,0.0,0,0.814,0.598,1.5,0.398,0.461,1,1.36295,5,0.6,0.589,0.197,0.207,0.13,0.852,0.659,1.36818,1.37034,1.37008,-13525.6647,-350.305,-2,1.36786,0.52,1.37964,0.367,0.0,0.0,0,0.206,1,0,19229,0.776,0.541,0.437,22.0,22.0,0.2197,100.1,0.0,1,1,0.792,1.28023,1,1,0.425,1.21325,-1,83.351,0.019,0.981,0.0,0.0,0.0,0.93,0.0,0.5,0.0,0.846,0.587,0.5,0.549,0.0,0.56,0.0,0,0,0.441,0.859,0.0,0.523,0.366,0.293,0.35,0.0,0.563,0.412,0.0,1.0,0.833
66548,2024.07.04 03:52:40,USDCADm,BREAKOUT,BUY,1,1.36399,1.36266,1.36621,1.67,0.338,1.36328,1.36359,1.36313,0,0.018,0.694,0.5557,1.36354,1.36749,1.37404,1.36646,0,0.0,0.4,0,1.36328,0.648,0.551,0,0.0,0.0,0.0,1.36377,0.31,0,0,-1,0.313,0.5026,0.0141,0.503,0.247,0,0.763,2,0.262,1.36348,1.36282,0.329,1.073,0.0,2,0.0,0,0.763,0.443,1.073,0.413,0.375,1,1.36328,8,0.73,0.342,0.226,0.151,0.0,0.803,0.893,1.36818,1.37034,1.37008,-13525.6647,-350.305,-2,1.36786,0.52,1.37964,0.367,0.0,0.0,0,0.206,1,0,19230,0.777,0.547,0.436,22.0,22.0,0.2476,88.9,0.0,1,1,0.792,1.28023,1,1,0.425,1.21325,-1,94.264,0.019,0.981,0.0,0.0,0.0,0.99,0.0,0.5,0.0,1.0,0.578,0.5,0.566,0.0,0.239,0.0,0,0,0.312,0.828,0.0,0.333,0.245,0.335,0.35,0.0,0.573,0.412,0.0,1.0,0.95
66549,2024.07.04 03:52:59,USDCADm,PULLBACK,BUY,1,1.36399,1.36266,1.36666,2.0,0.233,1.36328,1.36359,1.36313,0,0.018,0.694,0.5557,1.36354,1.36749,1.37404,1.36646,0,0.0,0.4,0,1.36328,0.648,0.551,0,0.0,0.0,0.0,1.36377,0.31,0,0,-1,0.313,0.5026,0.0141,0.503,0.247,0,0.763,2,0.262,1.36348,1.36282,0.329,1.073,0.0,2,0.0,0,0.763,0.443,1.073,0.413,0.375,1,1.36328,8,0.73,0.342,0.226,0.151,0.0,0.803,0.893,1.36818,1.37034,1.37008,-13525.6647,-350.305,-2,1.36786,0.52,1.37964,0.367,0.0,0.0,0,0.206,1,0,19230,0.777,0.547,0.436,22.0,22.0,0.2476,88.9,0.0,1,1,0.792,1.28023,1,1,0.425,1.21325,-1,94.264,0.019,0.981,0.0,0.0,0.0,0.98,0.0,0.5,0.0,1.0,0.586,0.5,0.566,0.0,0.239,0.0,0,0,0.317,0.828,0.0,0.333,0.245,0.335,0.35,0.0,0.573,0.412,0.0,1.0,0.95
66550,2024.07.04 03:53:00,USDCADm,TREND_CONTINUATION,BUY,1,1.36399,1.36292,1.36621,2.08,0.275,1.36328,1.36359,1.36313,0,0.018,0.694,0.5557,1.36354,1.36749,1.37404,1.36646,0,0.0,0.4,0,1.36328,0.648,0.551,0,0.0,0.0,0.0,1.36377,0.31,0,0,-1,0.313,0.5026,0.0141,0.503,0.247,0,0.763,2,0.262,1.36348,1.36282,0.329,1.073,0.0,2,0.0,0,0.763,0.443,1.073,0.413,0.375,1,1.36328,8,0.73,0.342,0.226,0.151,0.0,0.803,0.893,1.36818,1.37034,1.37008,-13525.6647,-350.305,-2,1.36786,0.52,1.37964,0.367,0.0,0.0,0,0.206,1,0,19230,0.777,0.547,0.436,22.0,22.0,0.2476,88.9,0.0,1,1,0.792,1.28023,1,1,0.425,1.21325,-1,94.264,0.019,0.981,0.0,0.0,0.0,0.97,0.0,0.5,0.0,1.0,0.61,0.5,0.566,0.0,0.239,0.0,0,0,0.331,0.828,0.0,0.333,0.245,0.335,0.35,0.0,0.573,0.412,0.0,1.0,0.95
66554,2024.07.04 05:53:40,USDCADm,SWEEP_REVERSAL,BUY,1,1.36321,1.3626,1.36372,0.83,0.166,1.3635,1.36366,1.36327,0,0.016,0.931,-0.8318,1.36354,1.36749,1.37473,1.36646,0,0.0,0.3,4,1.3635,0.68,0.724,0,0.0,0.0,0.0,0.0,0.0,0,0,-1,0.281,-0.5014,-0.0227,0.501,0.043,0,0.805,2,0.663,1.36347,1.36285,0.779,0.221,0.0,2,0.0,0,0.805,1.331,3.0,0.444,0.516,2,1.3635,8,0.736,0.0,0.287,0.15,0.15,0.61,0.973,1.36818,1.37034,1.36904,-65519.1405,-51993.4758,-2,1.36786,0.521,1.37964,0.367,0.0,0.0,0,0.235,1,0,19232,0.777,0.547,0.436,22.0,22.0,0.359,61.3,0.0,1,1,0.792,1.28023,1,1,0.425,1.21325,0,135.399,0.009,0.991,0.0,0.0,0.5,0.0,0.0,0.5,0.0,0.38,0.41,0.5,0.577,0.0,0.328,0.0,0,0,0.358,0.816,0.0,0.443,0.1,0.392,0.192,0.0,0.652,0.412,0.0,1.0,0.936
66555,2024.07.04 06:00:00,USDCADm,MEAN_REVERSION,BUY,1,1.36312,1.36266,1.36376,1.39,0.718,1.36354,1.36366,1.36339,0,0.956,0.1,-1.1119,1.36338,1.36749,1.37473,1.36646,0,0.0,0.3,4,1.36354,0.765,0.709,0,0.0,0.0,1.36326,0.0,0.0,0,0,-1,0.507,-0.3678,-0.0235,0.368,0.045,0,0.801,2,0.487,1.36352,1.36294,1.073,0.061,-0.2025,1,0.4,1,1.0,0.88,3.0,0.293,0.435,1,1.36354,8,0.753,0.0,0.747,0.11,0.29,0.654,0.959,1.36818,1.37034,1.36904,-65519.1405,-51993.4758,-2,1.36786,0.521,1.37964,0.367,0.0,0.0,0,0.235,1,0,19233,0.777,0.547,0.436,22.0,22.0,0.3807,57.8,0.0,1,1,0.792,1.28023,1,1,0.425,1.21325,0,143.444,0.009,0.991,0.0,0.0,0.5,0.02,0.0,0.5,0.0,0.355,0.379,0.5,0.452,0.0,0.32,0.0,0,0,0.336,0.232,0.0,0.391,0.144,0.239,0.154,0.0,0.605,0.412,0.0,1.0,0.665
66558,2024.07.04 07:53:40,USDCADm,SWEEP_REVERSAL,BUY,1,1.36296,1.3624,1.36372,1.36,0.166,1.3635,1.36379,1.36289,0,0.251,0.021,-1.3642,1.36338,1.36749,1.37473,1.36646,0,0.0,0.7,0,1.3635,0.682,0.0,2,0.0,0.0,1.36263,0.0,0.0,0,0,-1,0.9,-0.79,-0.1125,0.79,0.264,2,0.619,3,0.878,1.36267,1.36254,0.125,0.354,0.0,2,0.15,0,0.619,1.231,3.0,0.41,0.432,1,1.3635,8,0.736,0.749,0.281,0.237,0.053,0.374,0.907,1.36818,1.37034,1.36904,-65519.1405,-51993.4758,-2,1.36786,0.521,1.37964,0.367,0.0,0.0,0,0.235,1,0,19234,0.777,0.547,0.436,22.0,22.0,0.3939,55.9,0.0,1,1,0.792,1.28023,1,1,0.425,1.21325,0,148.11,0.009,0.991,0.0,0.0,0.5,0.84,0.0,0.5,0.0,0.717,0.412,0.5,0.503,0.0,0.592,0.0,0,0,0.44,0.585,0.038,0.809,0.22,0.867,0.566,0.0,0.627,0.412,0.0,1.0,0.833
66560,2024.07.04 08:03:40,USDCADm,MEAN_REVERSION,BUY,2,1.36253,1.36208,1.36296,0.95,0.585,1.36351,1.36361,1.36263,0,0.296,0.332,-2.1449,1.36338,1.3737,1.37542,1.36715,0,0.0,0.7,2,1.36274,0.753,0.45,0,0.0,0.0,1.3627,0.0,0.0,0,0,-1,0.975,-0.65,-0.1517,0.65,0.085,2,0.527,3,0.686,1.36274,1.36235,0.763,0.072,0.0,2,0.25,0,0.527,1.312,3.0,0.437,0.444,1,1.36274,8,0.751,0.0,0.374,0.195,0.088,0.884,0.904,1.36818,1.37034,1.37008,-13621.2347,51897.9058,-1,1.36786,0.524,1.37964,0.367,0.0,0.0,0,0.212,1,0,19235,0.777,0.547,0.436,22.0,22.0,0.3949,55.7,0.0,1,1,0.792,1.28023,1,1,0.425,1.21325,0,147.718,0.519,0.481,0.0,1.0,0.5,0.0,0.0,0.5,0.0,0.595,0.298,0.5,0.462,0.0,0.495,0.0,0,0,0.457,0.535,0.0,0.244,0.184,0.786,0.145,0.0,0.612,0.412,0.0,1.0,0.831
0,2024.07.04 10:09:40,USDCADm,MEAN_REVERSION,BUY,2,1.36256,1.36237,1.36292,1.92,0.579,1.3627,1.3628,1.36221,1,0.117,0.721,-0.6617,1.36338,1.3737,1.37542,1.36646,0,0.0,0.45,0,1.3627,0.711,0.6,0,0.0,0.0,1.36243,0.0,0.0,0,0,-1,0.75,-0.895,-0.2378,0.895,0.786,2,0.564,0,0.685,1.36234,1.36211,0.003,0.426,0.0,2,0.0,0,0.564,0.996,3.0,0.332,0.446,1,1.3627,8,0.742,0.994,0.064,0.269,0.137,0.823,0.895,1.36818,1.37034,1.37008,-13621.2347,51897.9058,-1,1.36786,0.524,1.37964,0.367,0.0,0.0,0,0.212,1,0,19237,0.777,0.547,0.436,22.0,22.0,0.4058,54.2,0.0,1,1,0.792,1.28023,1,1,0.425,1.21325,0,151.86,0.519,0.481,0.0,1.0,0.5,0.0,0.0,0.5,0.0,0.697,0.498,0.5,0.482,0.0,0.318,0.0,0,0,0.273,0.734,0.0,0.342,0.1,0.444,0.312,0.0,0.65,0.412,0.0,1.0,0.879
66562,2024.07.04 10:56:40,USDCADm,SWEEP_REVERSAL,BUY,2,1.36241,1.36187,1.36292,0.94,0.153,1.3627,1.3628,1.36221,0,0.117,0.721,-0.9384,1.36338,1.3737,1.37542,1.36646,0,0.0,0.45,0,1.3627,0.711,0.6,0,0.0,0.0,1.36243,0.0,0.0,0,0,-1,0.75,-0.895,-0.2378,0.895,0.263,2,0.564,0,0.685,1.36234,1.36211,0.274,0.149,0.0,2,0.0,0,0.564,1.231,3.0,0.41,0.473,1,1.3627,8,0.742,0.452,0.221,0.269,0.137,0.823,0.895,1.36818,1.37034,1.37008,-13621.2347,51897.9058,-1,1.36786,0.524,1.37964,0.367,0.0,0.0,0,0.212,1,0,19237,0.777,0.547,0.436,22.0,22.0,0.4058,54.2,0.0,1,1,0.792,1.28023,1,1,0.425,1.21325,0,151.584,0.519,0.481,0.0,1.0,0.5,0.12,0.0,0.5,0.0,0.714,0.388,0.5,0.522,0.0,0.253,0.0,0,0,0.325,0.64,0.0,0.333,0.1,0.499,0.212,0.0,0.619,0.412,0.0,1.0,0.911
66564,2024.07.04 12:09:40,USDCADm,MEAN_REVERSION,BUY,2,1.36169,1.36124,1.36246,1.69,0.659,1.36224,1.36244,1.36198,0,0.682,0.033,-1.3507,1.36332,1.37369,1.37542,1.36642,0,0.0,0.4,0,1.36224,0.745,0.438,0,0.0,0.0,1.36176,0.0,0.0,0,0,-1,1.0,-0.79,-0.3161,0.79,0.048,0,0.743,0,0.512,1.36232,1.36163,1.504,0.278,0.0,2,0.4,0,0.743,1.328,3.0,0.443,0.444,1,1.36224,8,0.749,0.0,0.446,0.237,0.242,0.798,0.931,1.36818,1.37034,1.37005,-15321.7441,-1700.5095,-2,1.36786,0.526,1.37964,0.368,0.0,0.0,0,0.17,1,0,19239,0.777,0.547,0.436,22.0,22.0,0.3874,56.8,0.0,1,1,0.792,1.28023,1,1,0.425,1.21325,0,143.452,0.018,0.982,0.0,0.0,0.5,0.0,0.0,0.5,0.0,0.585,0.33,0.5,0.492,0.0,0.403,0.0,0,0,0.411,0.361,0.0,0.099,0.318,0.41,0.131,0.0,0.627,0.412,0.0,1.0,0.767
66566,2024.07.04 12:56:40,USDCADm,SWEEP_REVERSAL,BUY,2,1.36156,1.36099,1.36246,1.58,0.292,1.36224,1.36244,1.36198,0,0.682,0.033,-1.5796,1.36332,1.37369,1.37542,1.36642,0,0.0,0.4,0,1.36224,0.745,0.438,0,0.0,0.0,1.36176,0.0,0.0,0,0,-1,1.0,-0.79,-0.3161,0.79,0.048,0,0.743,0,0.512,1.36232,1.36163,1.733,0.507,0.0,2,0.4,0,0.743,1.328,3.0,0.443,0.444,1,1.36224,8,0.749,0.0,0.446,0.237,0.242,0.798,0.931,1.36818,1.37034,1.37005,-15321.7441,-1700.5095,-2,1.36786,0.526,1.37964,0.368,0.0,0.0,0,0.17,1,0,19239,0.777,0.547,0.436,22.0,22.0,0.3874,56.8,0.0,1,1,0.792,1.28023,1,1,0.425,1.21325,0,143.223,0.018,0.982,0.0,0.0,0.5,0.69,0.0,0.5,0.0,0.537,0.414,0.5,0.469,0.0,0.53,0.0,0,0,0.404,0.361,0.0,0.099,0.318,0.431,0.131,0.0,0.627,0.412,0.0,1.0,0.767
66568,2024.07.04 15:35:40,USDCADm,SWEEP_REVERSAL,BUY,4,1.36115,1.36049,1.36172,0.86,0.202,1.3615,1.36179,1.3612,0,0.369,0.327,-0.8606,1.36337,1.37361,1.37542,1.36384,0,0.0,0.45,0,1.3615,0.723,0.64,0,0.0,0.0,1.36177,0.0,0.0,0,0,-1,0.8,-0.825,-0.32,0.825,0.059,0,0.76,1,0.003,1.3614,1.36101,0.711,0.115,0.0,2,0.25,0,0.76,1.324,3.0,0.441,0.42,1,1.3615,8,0.745,0.0,0.382,0.247,0.088,0.902,0.948,1.36818,1.37034,1.37005,-15321.7441,-1700.5095,-2,1.36786,0.526,1.37964,0.368,0.0,0.0,0,0.17,1,0,19242,0.781,0.544,0.438,22.0,22.0,0.3341,65.9,0.0,1,1,0.792,1.28023,1,1,0.425,1.21325,0,122.872,0.018,0.982,0.0,0.0,0.5,0.0,0.0,0.5,0.0,1.0,0.333,0.5,0.498,0.0,0.408,0.0,0,0,0.412,0.567,0.0,0.241,0.326,0.363,0.148,0.0,0.607,0.412,0.0,1.0,0.831
66570,2024.07.04 16:30:40,USDCADm,MEAN_REVERSION,BUY,4,1.36114,1.36062,1.36159,0.85,0.663,1.36137,1.36163,1.3611,0,0.729,0.014,-0.6805,1.36367,1.36775,1.37542,1.36373,0,0.0,0.45,0,1.36137,0.675,0.741,0,0.0,0.0,1.36093,0.0,0.0,0,0,-1,1.0,-1.0,-0.2591,1.0,0.224,0,0.733,0,0.871,1.36139,1.36087,0.725,0.079,0.0,2,0.15,0,0.733,1.249,3.0,0.416,0.534,2,1.36137,8,0.735,0.0,0.293,0.3,0.227,0.948,0.823,1.36818,1.37034,1.36903,-70640.4083,-55318.6642,-2,1.36786,0.531,1.37964,0.368,0.0,0.0,0,0.028,1,0,19243,0.781,0.544,0.438,22.0,22.0,0.3359,65.5,0.0,1,1,0.792,1.28023,1,1,0.425,1.21325,0,123.527,0.008,0.992,0.0,0.0,0.5,0.23,0.0,0.5,0.0,1.0,0.399,0.5,0.519,0.0,0.372,0.0,0,0,0.365,0.429,0.0,0.238,0.379,0.386,0.172,0.0,0.604,0.412,0.0,1.0,0.767
0,2024.07.04 17:36:00,USDCADm,SWEEP_REVERSAL,BUY,3,1.36127,1.36107,1.36162,1.74,0.206,1.3614,1.3618,1.36113,0,0.221,0.032,-0.5434,1.36366,1.36772,1.37542,1.36369,0,0.0,0.55,0,1.3614,0.704,0.382,0,0.0,0.0,0.0,0.0,0.0,0,0,-1,1.0,-1.0,-0.2906,1.0,0.357,0,0.668,0,0.713,1.36091,1.36097,0.213,0.119,0.0,2,0.15,0,0.668,1.19,3.0,0.397,0.449,1,1.3614,8,0.741,0.574,0.253,0.3,0.195,0.615,0.581,1.36818,1.37034,1.36903,-70640.4083,-55318.6642,-2,1.36786,0.531,1.37964,0.368,0.0,0.0,0,0.028,1,0,19244,0.781,0.544,0.438,22.0,22.0,0.3411,64.5,0.0,1,1,0.792,1.28023,1,1,0.425,1.21325,0,125.643,0.008,0.992,0.0,0.0,0.5,0.94,0.0,0.5,0.0,1.0,0.7,0.5,0.558,0.0,0.183,0.0,0,0,0.361,0.506,0.0,0.238,0.324,0.507,0.197,0.0,0.597,0.412,0.0,1.0,0.831
66572,2024.07.04 18:46:59,USDCADm,MEAN_REVERSION,BUY,3,1.36119,1.36067,1.36161,0.8,0.561,1.36095,1.36154,1.36085,1,0.11,0.399,0.0328,1.36357,1.36771,1.37542,1.36293,0,0.0,0.55,2,1.36139,0.591,0.344,0,0.0,0.0,0.0,0.0,0.0,0,0,-1,1.0,-0.825,-0.2744,0.825,0.983,2,0.565,3,0.315,1.36092,1.36076,0.081,0.322,0.0,2,0.25,0,0.565,0.908,3.0,0.303,0.365,1,1.36139,8,0.718,0.838,0.105,0.247,0.088,0.926,0.93,1.36818,1.37034,1.36903,-70640.4083,-55318.6642,-2,1.36786,0.531,1.37964,0.368,0.0,0.0,0,0.028,1,0,19245,0.781,0.544,0.438,22.0,22.0,0.3392,64.9,0.0,1,1,0.792,1.28023,1,1,0.425,1.21325,0,124.828,0.008,0.992,0.0,0.0,0.5,0.0,0.0,0.5,0.0,0.988,0.476,0.5,0.571,0.0,0.198,0.0,0,0,0.265,0.778,0.0,0.217,0.239,0.257,0.313,0.0,0.633,0.412,0.0,1.0,0.72
66574,2024.07.04 23:00:00,USDCADm,BREAKOUT,BUY,1,1.36158,1.36134,1.36285,5.38,0.624,1.36115,1.36123,1.36101,0,0.365,0.027,0.4069,1.36111,1.36771,1.37542,1.36293,0,0.0,0.5,0,1.36115,0.703,0.293,0,0.0,0.0,0.0,0.0,0.0,0,0,-1,0.842,-0.5866,-0.0202,0.587,0.561,0,0.66,1,0.104,1.36114,1.36134,0.428,0.048,0.1571,0,0.4,2,1.0,1.547,3.0,0.516,0.487,1,1.36115,8,0.741,0.144,0.292,0.876,0.14,0.824,0.952,1.36818,1.37034,1.36899,-85466.4094,-14826.0011,-2,1.36786,0.531,1.37964,0.365,0.0,0.0,0,0.124,1,0,19250,0.786,0.549,0.435,22.0,22.0,0.432,50.9,0.0,1,1,0.792,1.28023,1,1,0.425,1.21325,-1,159.734,0.008,0.992,0.0,0.0,0.0,0.1,0.0,0.5,0.0,0.913,0.454,0.5,0.522,0.0,0.507,0.0,0,0,0.387,0.589,0.0,0.661,0.18,0.521,0.35,0.0,0.544,0.412,0.0,1.0,0.865
66576,2024.07.05 00:00:00,USDCADm,PULLBACK,BUY,1,1.36165,1.36092,1.36311,2.0,0.472,1.36114,1.36137,1.36102,0,0.1,0.067,0.5993,1.36111,1.36771,1.37542,1.36293,0,0.0,0.65,0,1.36149,0.58,0.401,0,0.0,0.0,0.0,0.0,0.0,0,0,-1,0.34,0.2865,0.0221,0.287,0.28,0,0.788,0,0.528,1.36137,1.36146,0.127,0.067,0.2796,0,0.4,2,1.0,1.674,3.0,0.558,0.537,2,1.36114,1,0.7,0.745,0.376,0.786,0.246,0.686,0.86,1.36818,1.37034,1.37009,-17764.8747,67701.5347,-1,1.36786,0.531,1.37964,0.368,0.0,0.0,0,0.128,1,0,19251,0.786,0.549,0.435,22.0,22.0,0.4523,48.6,0.0,1,1,0.792,1.28023,1,1,0.425,1.21325,-1,167.383,0.519,0.481,0.0,1.0,0.0,0.06,0.0,0.5,0.0,0.704,0.442,0.5,0.957,0.0,0.359,0.0,0,0,0.466,0.571,0.0,0.421,0.0,0.504,0.35,0.0,0.528,0.412,0.0,1.0,0.907
66577,2024.07.05 00:00:20,USDCADm,TREND_CONTINUATION,BUY,1,1.36165,1.36107,1.36287,2.08,0.28,1.36114,1.36137,1.36102,0,0.1,0.067,0.5993,1.36111,1.36771,1.37542,1.36293,0,0.0,0.65,0,1.36149,0.58,0.401,0,0.0,0.0,0.0,0.0,0.0,0,0,-1,0.34,0.2865,0.0221,0.287,0.28,0,0.806,0,0.528,1.36137,1.36146,0.127,0.067,0.0,2,0.4,0,0.806,1.224,3.0,0.408,0.436,1,1.36114,1,0.7,0.745,0.376,0.086,0.246,0.686,0.86,1.36818,1.37034,1.37009,-17764.8747,67701.5347,-1,1.36786,0.531,1.37964,0.368,0.0,0.0,0,0.128,1,0,19251,0.786,0.549,0.435,22.0,22.0,0.4523,48.6,0.0,1,1,0.792,1.28023,1,1,0.425,1.21325,-1,167.383,0.519,0.481,0.0,1.0,0.0,0.06,0.0,0.5,0.0,0.88,0.446,0.5,0.957,0.0,0.358,0.0,0,0,0.463,0.587,0.0,0.41,0.0,0.374,0.35,0.0,0.604,0.412,0.0,1.0,0.842
0,2024.07.05 00:01:40,USDCADm,BREAKOUT_RETEST,BUY,1,1.36139,1.36124,1.36176,2.56,0.292,1.36114,1.36137,1.36102,1,0.1,0.067,0.0648,1.36111,1.36771,1.37542,1.36293,0,0.0,0.65,0,1.36149,0.58,0.401,0,0.0,0.0,0.0,0.0,0.0,0,0,-1,0.34,0.2865,0.0221,0.287,0.789,0,0.806,0,0.528,1.36115,1.36123,0.037,0.13,0.0,2,0.4,0,0.806,0.995,3.0,0.332,0.434,1,1.36102,5,0.6,0.926,0.223,0.086,0.246,0.881,0.86,1.36818,1.37034,1.37009,-17764.8747,67701.5347,-1,1.36786,0.531,1.37964,0.368,0.0,0.0,0,0.128,1,0,19251,0.786,0.549,0.435,22.0,22.0,0.4523,48.6,0.0,1,1,0.792,1.28023,1,1,0.425,1.21325,-1,166.849,0.519,0.481,0.0,1.0,0.0,0.0,0.0,0.5,0.0,0.68,0.325,0.5,0.957,0.0,0.352,0.0,0,0,0.533,0.734,0.0,0.369,0.0,0.364,0.35,0.0,0.623,0.412,0.0,1.0,0.732
66580,2024.07.05 00:32:40,USDCADm,SWEEP_REVERSAL,BUY,1,1.36089,1.3604,1.36136,0.96,0.299,1.36114,1.36137,1.36102,0,0.1,0.067,-0.9631,1.36111,1.36771,1.37542,1.36293,0,0.0,0.65,0,1.36149,0.58,0.401,0,0.0,0.0,0.0,0.0,0.0,0,0,-1,0.34,0.2865,0.0221,0.287,0.102,0,0.806,0,0.528,1.36115,1.361,0.991,0.686,0.0,2,0.4,0,0.806,1.304,3.0,0.435,0.47,1,1.36114,1,0.7,0.0,0.429,0.086,0.246,0.881,0.912,1.36818,1.37034,1.37009,-17764.8747,67701.5347,-1,1.36786,0.531,1.37964,0.368,0.0,0.0,0,0.128,1,0,19251,0.786,0.549,0.435,22.0,22.0,0.4523,48.6,0.0,1,1,0.792,1.28023,1,1,0.425,1.21325,-1,165.821,0.519,0.481,0.0,1.0,0.0,0.0,0.0,0.5,0.709,0.448,0.368,0.5,0.591,0.0,0.702,0.0,0,0,0.537,0.567,0.0,0.256,0.0,0.398,0.113,0.0,0.593,0.412,0.0,1.0,0.842
0,2024.07.05 01:00:00,USDCADm,ANCHORED_PULLBACK,BUY,1,1.361,1.36093,1.36112,1.63,0.749,1.36112,1.36148,1.36098,0,0.645,0.225,-0.6455,1.36119,1.36305,1.36942,1.36043,1,0.0,0.45,0,1.36112,0.664,0.227,0,0.0,0.0,1.36072,0.0,0.0,0,0,0,0.75,0.545,0.0645,0.545,0.305,0,0.677,3,0.393,1.36115,1.3609,0.698,0.225,0.2754,0,0.4,2,1.0,1.663,3.0,0.554,0.556,2,1.36112,8,0.733,0.0,0.368,0.863,0.14,0.983,0.915,1.36818,1.37034,1.37009,-17764.8747,67701.5347,-1,1.36786,0.531,1.37964,0.368,0.0,0.0,0,0.128,1,0,19252,0.786,0.549,0.435,22.0,22.0,0.4208,52.3,0.0,1,1,0.792,1.28023,1,1,0.425,1.21325,-1,154.478,0.519,0.481,0.0,1.0,0.0,0.79,0.0,0.5,0.0,0.314,0.486,0.5,0.459,0.0,0.885,0.0,0,0,0.5,0.576,0.545,0.39,0.172,0.653,0.563,0.0,0.498,0.412,0.0,1.0,0.97
66582,2024.07.05 01:38:59,USDCADm,MEAN_REVERSION,BUY,1,1.36129,1.36087,1.3617,0.97,0.657,1.36112,1.36148,1.36098,1,0.645,0.225,-0.0908,1.36119,1.36305,1.36942,1.36043,1,0.0,0.45,0,1.36112,0.664,0.227,0,0.0,0.0,1.36072,0.0,0.0,0,0,0,0.75,0.545,0.0645,0.545,0.483,0,0.701,3,0.393,1.36115,1.3609,0.143,0.33,0.0,2,0.4,0,0.701,1.133,3.0,0.378,0.419,1,1.36148,4,0.6,0.713,0.315,0.164,0.14,0.983,0.915,1.36818,1.37034,1.37009,-17764.8747,67701.5347,-1,1.36786,0.531,1.37964,0.368,0.0,0.0,0,0.128,1,0,19252,0.786,0.549,0.435,22.0,22.0,0.4208,52.3,0.0,1,1,0.792,1.28023,1,1,0.425,1.21325,-1,155.033,0.519,0.481,0.0,1.0,0.0,0.74,0.0,0.5,0.0,0.358,0.676,0.5,0.513,0.0,0.793,0.0,0,0,0.577,0.624,0.142,0.325,0.16,0.289,0.435,0.0,0.573,0.412,0.0,1.0,0.72
66584,2024.07.05 02:00:20,USDCADm,TREND_CONTINUATION,BUY,1,1.36089,1.36027,1.36153,1.04,0.435,1.36073,1.36131,1.36065,1,0.102,0.112,-0.1215,1.36119,1.36305,1.36942,1.36043,1,0.0,0.6,0,1.36073,0.753,0.408,0,0.0,0.0,1.36073,0.0,0.0,0,0,0,0.762,0.5378,0.0447,0.538,0.498,2,0.598,3,0.359,1.36076,1.36054,0.175,0.253,0.0,2,0.4,0,0.598,1.126,3.0,0.375,0.372,1,1.36131,4,0.6,0.65,0.311,0.161,0.14,0.854,0.904,1.36818,1.37034,1.37009,-17764.8747,67701.5347,-1,1.36786,0.531,1.37964,0.368,0.0,0.0,0,0.128,1,0,19253,0.786,0.549,0.435,22.0,22.0,0.4278,51.4,0.0,1,1,0.792,1.28023,1,1,0.425,1.21325,-1,156.839,0.519,0.481,0.0,1.0,0.0,0.18,0.0,0.5,0.0,0.642,0.469,0.5,0.508,0.0,0.582,0.0,0,0,0.404,0.799,0.0,0.603,0.179,0.383,0.422,0.0,0.563,0.412,0.0,1.0,0.788
66585,2024.07.05 02:00:40,USDCADm,PULLBACK,BUY,1,1.36108,1.36031,1.36262,2.0,0.52,1.36073,1.36131,1.36065,1,0.102,0.112,0.2479,1.36119,1.36305,1.36942,1.36043,1,0.0,0.6,0,1.36073,0.753,0.408,0,0.0,0.0,1.36073,0.0,0.0,0,0,0,0.762,0.5378,0.0447,0.538,0.517,2,0.598,3,0.359,1.36076,1.36054,0.194,0.622,0.0,2,0.4,0,0.598,1.117,3.0,0.372,0.371,1,1.36065,5,0.6,0.611,0.305,0.161,0.14,0.854,0.904,1.36818,1.37034,1.37009,-17764.8747,67701.5347,-1,1.36786,0.531,1.37964,0.368,0.0,0.0,0,0.128,1,0,19253,0.786,0.549,0.435,22.0,22.0,0.4278,51.4,0.0,1,1,0.792,1.28023,1,1,0.425,1.21325,-1,157.208,0.519,0.481,0.0,1.0,0.0,0.96,0.0,0.5,0.0,0.642,0.505,0.5,0.508,0.0,0.547,0.0,0,0,0.374,0.8,0.0,0.696,0.179,0.383,0.54,0.0,0.562,0.412,0.0,1.0,0.873
66587,2024.07.05 02:01:40,USDCADm,BREAKOUT_RETEST,BUY,1,1.36116,1.3609,1.36186,2.7,0.464,1.36073,1.36131,1.36065,1,0.102,0.112,0.4035,1.36119,1.36305,1.36942,1.36043,1,0.0,0.6,0,1.36073,0.753,0.408,0,0.0,0.0,1.36073,0.0,0.0,0,0,0,0.762,0.5378,0.0447,0.538,0.528,2,0.598,3,0.359,1.36076,1.36054,0.35,0.778,0.0,2,0.4,0,0.598,1.112,3.0,0.371,0.371,1,1.36073,8,0.751,0.3,0.302,0.161,0.14,0.854,0.904,1.36818,1.37034,1.37009,-17764.8747,67701.5347,-1,1.36786,0.531,1.37964,0.368,0.0,0.0,0,0.128,1,0,19253,0.786,0.549,0.435,22.0,22.0,0.4278,51.4,0.0,1,1,0.792,1.28023,1,1,0.425,1.21325,-1,157.364,0.519,0.481,0.0,1.0,0.0,0.99,0.0,0.5,0.0,0.508,0.579,0.5,0.457,0.0,0.452,0.0,0,0,0.366,0.725,0.0,0.557,0.142,0.348,0.42,0.0,0.562,0.412,0.0,1.0,0.873
66590,2024.07.05 03:40:40,USDCADm,MEAN_REVERSION,BUY,1,1.36095,1.36056,1.36137,1.06,0.738,1.36084,1.36115,1.36065,1,0.026,0.765,-0.2309,1.36117,1.36305,1.36942,1.36043,1,0.0,0.45,0,1.36084,0.749,0.487,0,0.0,0.0,0.0,0.0,0.0,0,0,0,0.134,-0.1937,-0.0105,0.194,0.765,0,0.821,3,0.321,1.36079,1.36054,0.118,0.39,0.0,2,0.25,0,0.821,1.006,3.0,0.335,0.423,1,1.36115,4,0.6,0.764,0.171,0.058,0.088,0.783,0.931,1.36818,1.37034,1.37009,-17764.8747,67701.5347,-1,1.36786,0.531,1.37964,0.368,0.0,0.0,0,0.128,1,0,19254,0.786,0.549,0.435,22.0,22.0,0.4516,48.7,0.0,1,1,0.792,1.28023,1,1,0.425,1.21325,-1,165.701,0.519,0.481,0.0,1.0,0.0,0.23,0.0,0.5,0.0,0.34,0.347,0.5,0.547,0.0,0.32,0.0,0,0,0.384,0.8,0.0,0.459,0.0,0.457,0.432,0.0,0.599,0.412,0.0,1.0,0.922
66592,2024.07.05 05:52:40,USDCADm,SWEEP_REVERSAL,BUY,1,1.36064,1.36021,1.36106,0.98,0.209,1.36084,1.36098,1.36063,0,0.356,0.187,-0.9763,1.36119,1.36753,1.3709,1.36118,0,0.0,0.45,0,1.36084,0.762,0.468,0,0.0,0.0,1.36057,0.0,0.0,0,0,-1,0.825,-0.755,-0.1231,0.755,0.054,0,0.726,0,0.579,1.36078,1.36051,0.84,0.207,0.0,2,0.15,0,0.726,1.326,3.0,0.442,0.49,1,1.36084,8,0.752,0.0,0.344,0.226,0.168,0.828,0.896,1.36818,1.37034,1.36924,-79851.1134,-62086.2387,-2,1.36786,0.529,1.37964,0.386,0.0,0.0,0,0.044,1,0,19256,0.786,0.549,0.435,22.0,22.0,0.5108,43.1,0.0,1,1,0.792,1.28023,1,1,0.425,1.21325,-1,186.69,0.01,0.99,0.0,0.0,0.0,0.0,0.0,0.5,0.0,0.869,0.339,0.5,0.499,0.0,0.347,0.0,0,0,0.386,0.455,0.0,0.337,0.0,0.439,0.14,0.0,0.598,0.412,0.0,1.0,0.831
66594,2024.07.05 07:45:40,USDCADm,MEAN_REVERSION,BUY,1,1.36068,1.36033,1.36114,1.33,0.613,1.36056,1.36092,1.36054,0,0.099,0.666,-0.2376,1.36099,1.36766,1.37445,1.3623,0,0.0,0.35,0,1.36056,0.735,0.623,0,0.0,0.0,1.36082,0.0,0.0,0,0,-1,0.65,-0.65,-0.1701,0.65,0.473,2,0.581,0,0.792,1.36056,1.36034,0.238,0.272,0.0,2,0.25,0,0.581,1.137,3.0,0.379,0.465,1,1.36092,4,0.6,0.525,0.258,0.195,0.246,1.0,0.899,1.36818,1.37034,1.36924,-79851.1134,-62086.2387,-2,1.36786,0.529,1.37964,0.386,0.0,0.0,0,0.044,1,0,19258,0.786,0.549,0.435,22.0,22.0,0.5099,43.1,0.0,1,1,0.792,1.28023,1,1,0.425,1.21325,-1,186.474,0.01,0.99,0.0,0.0,0.0,0.36,0.0,0.5,0.0,0.33,0.48,0.5,0.492,0.0,0.738,0.0,0,0,0.455,0.647,0.0,0.394,0.0,0.37,0.31,0.0,0.611,0.412,0.0,1.0,0.911
66596,2024.07.05 08:03:40,USDCADm,SWEEP_REVERSAL,BUY,2,1.36048,1.36003,1.36088,0.88,0.566,1.36066,1.36092,1.36051,0,0.656,0.027,-0.8792,1.36099,1.36324,1.3684,1.36015,1,0.0,0.5,0,1.36066,0.694,0.636,0,0.0,0.0,1.3604,0.0,0.0,1,0,0,1.0,-0.86,-0.1793,0.86,0.214,0,0.678,0,0.56,1.36068,1.36025,0.924,0.019,0.0,2,0.45,6,0.65,0.804,3.0,0.268,0.354,1,1.36066,8,0.739,0.0,0.616,0.258,0.569,0.763,0.872,1.36818,1.37032,1.36912,-88862.553,-9011.4396,-2,1.36786,0.528,1.37964,0.407,0.0,0.0,0,0.0,1,0,19259,0.786,0.549,0.435,22.0,22.0,0.4881,45.1,0.0,1,1,0.792,1.28023,1,1,0.425,1.21325,-1,178.051,0.009,0.991,0.0,0.0,0.0,0.06,0.0,0.5,0.0,0.0,0.476,0.5,0.0,0.0,0.0,0.0,0,0,0.014,0.0,0.0,0.0,0.0,0.0,0.5,0.0,0.0,0.0,0.0,0.0,0.0
0,2024.07.05 09:49:40,USDCADm,MEAN_REVERSION,BUY,2,1.36079,1.36064,1.36108,1.88,0.617,1.36086,1.36097,1.36047,1,0.172,0.284,-0.5721,1.36094,1.36787,1.37089,1.36149,0,0.0,0.55,0,1.36067,0.69,0.855,0,0.0,0.0,1.36084,0.0,0.0,0,0,-1,1.0,-0.72,-0.1336,0.72,0.596,2,0.636,0,0.632,1.36065,1.36022,0.161,0.706,0.0,2,0.4,0,0.636,1.082,3.0,0.361,0.425,1,1.36086,1,0.7,0.677,0.281,0.216,0.266,0.962,0.846,1.36818,1.37032,1.36912,-88862.553,-9011.4396,-2,1.36786,0.528,1.37964,0.407,0.0,0.0,0,0.0,1,0,19260,0.778,0.55,0.436,22.0,22.0,0.4413,49.9,0.0,1,1,0.792,1.28023,1,1,0.425,1.21325,-1,161.582,0.009,0.991,0.0,0.0,0.0,0.31,0.0,0.5,0.0,1.0,0.53,0.5,0.51,0.0,0.292,0.0,0,0,0.288,0.565,0.0,0.6,0.0,0.482,0.35,0.0,0.593,0.412,0.0,1.0,0.752
0,2024.07.05 11:09:59,USDCADm,ANCHORED_PULLBACK,BUY,2,1.36119,1.36105,1.36149,2.11,0.378,1.36067,1.36077,1.36032,0,0.252,0.103,0.5453,1.36074,1.36787,1.37089,1.36149,0,0.0,0.55,0,1.36067,0.79,0.718,0,0.0,0.0,1.36074,0.0,0.0,0,0,-1,1.0,-0.8986,-0.0417,0.899,0.455,2,0.615,0,0.621,1.36069,1.36102,0.508,0.089,0.0,2,0.15,0,0.615,1.145,3.0,0.382,0.45,1,1.36067,8,0.758,0.0,0.224,0.27,0.177,0.857,0.822,1.36818,1.37032,1.36912,-88862.553,-9011.4396,-2,1.36786,0.528,1.37964,0.407,0.0,0.0,0,0.0,1,0,19262,0.778,0.55,0.436,22.0,22.0,0.4005,54.9,0.0,1,1,0.792,1.28023,1,1,0.425,1.21325,-1,147.391,0.009,0.991,0.0,0.0,0.0,0.69,0.0,0.5,0.0,0.908,0.53,0.5,0.519,0.0,0.357,0.0,0,0,0.317,0.662,0.0,1.0,0.0,0.476,0.35,0.0,0.577,0.412,0.0,1.0,0.831
66598,2024.07.05 12:00:00,USDCADm,BREAKOUT,BUY,2,1.36146,1.36116,1.36289,4.81,0.624,1.36095,1.36103,1.36046,0,0.419,0.025,0.5082,1.36074,1.36765,1.37255,1.36211,0,0.0,0.55,0,1.36095,0.772,0.167,0,0.0,0.0,1.36088,0.0,0.0,0,0,-1,0.763,-0.5335,-0.0136,0.533,0.093,1,0.339,0,0.698,1.36097,1.36118,0.464,0.108,0.1918,0,0.4,2,1.0,1.758,3.0,0.586,0.58,2,1.36095,8,0.754,0.072,0.432,0.86,0.28,0.78,0.877,1.36818,1.37032,1.36912,-93051.858,-4189.305,-2,1.36786,0.527,1.37964,0.412,0.0,0.0,0,0.153,1,0,19263,0.778,0.55,0.436,22.0,22.0,0.3836,57.4,0.0,1,1,0.792,1.28023,1,1,0.425,1.21325,-1,141.621,0.009,0.991,0.0,0.0,0.0,0.93,0.0,0.5,0.0,0.491,0.535,0.5,0.428,0.0,0.534,0.0,0,0,0.363,0.404,0.0,0.866,0.0,0.911,0.35,0.0,0.541,0.412,0.0,1.0,0.871
66600,2024.07.05 13:09:59,USDCADm,ANCHORED_PULLBACK,BUY,4,1.36252,1.36189,1.36375,1.95,0.379,1.36091,1.36209,1.36028,0,0.064,0.829,1.9197,1.36095,1.36107,1.36754,1.36015,1,0.0,0.65,0,1.36216,0.666,0.152,0,0.0,0.0,1.36211,0.0,0.0,0,0,0,0.229,0.2128,0.0129,0.213,0.398,0,0.673,3,0.481,1.36216,1.36285,0.198,0.759,0.0,2,0.25,0,0.673,1.171,3.0,0.39,0.41,1,1.36091,1,0.7,0.605,0.281,0.064,0.088,0.658,0.903,1.36818,1.37032,1.36912,-93051.858,-4189.305,-2,1.36786,0.527,1.37964,0.412,0.0,0.0,0,0.153,1,0,19264,0.778,0.55,0.436,22.0,22.0,0.3029,72.6,0.0,1,1,0.792,1.28023,1,1,0.425,1.21325,-1,113.28,0.009,0.991,0.0,0.0,0.0,0.46,0.0,0.5,0.0,0.316,0.522,0.5,0.562,0.0,1.0,0.0,0,0,0.582,0.872,0.0,0.602,0.0,1.0,0.546,0.0,0.551,0.412,0.0,1.0,0.954
66602,2024.07.05 14:00:00,USDCADm,BREAKOUT,BUY,4,1.36441,1.36267,1.36676,1.35,0.56,1.36231,1.36312,1.36104,0,1.754,0.284,1.9993,1.36099,1.36094,1.36753,1.36015,1,0.0,0.45,0,1.36231,0.796,0.551,0,0.0,0.0,0.0,0.0,0.0,0,0,0,0.75,0.72,0.1028,0.72,0.163,1,0.317,1,0.028,1.36231,1.36369,1.999,0.529,0.2844,0,0.15,2,1.0,1.727,3.0,0.576,0.54,2,1.36231,8,0.759,0.0,0.311,0.916,0.053,0.864,0.968,1.36818,1.37032,1.36912,-93051.858,-4189.305,-2,1.36786,0.527,1.37964,0.412,0.0,0.0,0,0.153,1,0,19265,0.778,0.55,0.436,22.0,22.0,0.2339,94.1,0.0,1,1,0.792,1.28023,1,1,0.425,1.21325,-1,89.485,0.009,0.991,0.0,0.0,0.0,0.51,0.0,0.5,0.0,0.347,0.587,0.5,0.382,0.0,0.972,0.0,0,0,0.556,0.147,0.0,0.2,0.0,1.0,0.601,0.0,0.448,0.412,0.0,1.0,0.97
66604,2024.07.05 14:31:40,USDCADm,TREND_CONTINUATION,BUY,4,1.36473,1.36267,1.36708,1.14,0.457,1.36231,1.36312,1.36104,0,1.754,0.284,2.3394,1.36099,1.36094,1.36753,1.36015,1,0.0,0.45,0,1.36231,0.796,0.551,0,0.0,0.0,0.0,0.0,0.0,0,0,0,0.75,0.72,0.1028,0.72,0.074,2,0.617,1,0.028,1.36231,1.36473,2.339,0.233,0.0,2,0.15,0,0.617,1.317,3.0,0.439,0.397,1,1.36231,8,0.759,0.0,0.338,0.216,0.053,0.864,0.951,1.36818,1.37032,1.36912,-93051.858,-4189.305,-2,1.36786,0.527,1.37964,0.412,0.0,0.0,0,0.153,1,0,19265,0.778,0.55,0.436,22.0,22.0,0.2339,94.1,0.0,1,1,0.792,1.28023,1,1,0.425,1.21325,-1,89.825,0.009,0.991,0.0,0.0,0.0,0.05,0.0,0.5,0.0,0.83,0.466,0.5,0.398,0.0,0.314,0.0,0,0,0.265,0.157,0.0,0.089,0.0,0.52,0.709,0.0,0.526,0.412,0.0,1.0,0.89
66606,2024.07.05 14:55:20,USDCADm,PULLBACK,BUY,4,1.36332,1.36267,1.36414,1.26,0.535,1.36231,1.36312,1.36104,1,1.754,0.284,0.8406,1.36099,1.36094,1.36753,1.36015,1,0.0,0.45,0,1.36231,0.796,0.551,0,0.0,0.0,0.0,0.0,0.0,0,0,0,0.75,0.72,0.1028,0.72,0.344,2,0.617,1,0.028,1.36231,1.36369,0.841,0.63,0.0,2,0.15,0,0.617,1.195,3.0,0.398,0.383,1,1.36231,8,0.759,0.0,0.257,0.216,0.053,0.864,0.968,1.36818,1.37032,1.36912,-93051.858,-4189.305,-2,1.36786,0.527,1.37964,0.412,0.0,0.0,0,0.153,1,0,19265,0.778,0.55,0.436,22.0,22.0,0.2339,94.1,0.0,1,1,0.792,1.28023,1,1,0.425,1.21325,-1,88.326,0.009,0.991,0.0,0.0,0.0,0.0,0.0,0.5,0.0,0.867,0.261,0.5,0.381,0.0,0.218,0.0,0,0,0.345,0.273,0.0,0.575,0.0,0.465,0.542,0.0,0.518,0.412,0.0,1.0,0.848
66608,2024.07.05 16:00:00,USDCADm,BREAKOUT,BUY,4,1.36345,1.36246,1.3661,2.68,0.271,1.36235,1.36407,1.36155,1,0.032,1.694,0.8314,1.36104,1.36089,1.3651,1.36015,1,0.0,0.55,0,1.36235,0.8,0.688,0,0.0,0.0,1.36363,0.0,0.0,0,0,0,0.6,0.615,0.3506,0.615,0.984,2,0.588,0,0.633,1.36315,1.36395,0.076,0.679,-0.4315,1,0.55,0,0.588,0.907,3.0,0.302,0.366,1,1.36235,8,0.76,0.847,0.525,0.185,0.319,0.929,0.755,1.36818,1.37032,1.36912,-78252.0989,14799.7591,-1,1.36786,0.521,1.37964,0.407,0.0,0.0,0,0.265,1,0,19267,0.778,0.55,0.436,22.0,22.0,0.2073,106.1,0.0,1,1,0.792,1.28023,1,1,0.425,1.21325,-1,78.404,0.104,0.896,0.0,1.0,0.0,0.02,0.0,0.5,0.0,0.754,0.42,0.5,0.478,0.0,0.248,0.0,0,0,0.29,0.794,0.0,0.557,0.0,0.732,0.434,0.0,0.519,0.412,0.0,1.0,0.899
66609,2024.07.05 16:00:20,USDCADm,BREAKOUT_RETEST,BUY,4,1.36345,1.36246,1.36554,2.12,0.419,1.36235,1.36407,1.36155,1,0.032,1.694,0.8314,1.36104,1.36089,1.3651,1.36015,1,0.0,0.55,0,1.36235,0.8,0.688,0,0.0,0.0,1.36363,0.0,0.0,0,0,0,0.6,0.615,0.3506,0.615,0.984,2,0.588,0,0.633,1.36315,1.36395,0.076,0.679,0.0,2,0.25,0,0.588,0.907,3.0,0.302,0.411,1,1.36235,8,0.76,0.847,0.105,0.185,0.214,0.929,0.755,1.36818,1.37032,1.36912,-78252.0989,14799.7591,-1,1.36786,0.521,1.37964,0.407,0.0,0.0,0,0.265,1,0,19267,0.778,0.55,0.436,22.0,22.0,0.2073,106.1,0.0,1,1,0.792,1.28023,1,1,0.425,1.21325,-1,78.404,0.104,0.896,0.0,1.0,0.0,0.02,0.0,0.5,0.0,0.754,0.422,0.5,0.478,0.0,0.274,0.0,0,0,0.3,0.794,0.0,0.534,0.0,0.842,0.434,0.0,0.535,0.412,0.0,1.0,1.009
66612,2024.07.05 16:31:59,USDCADm,TREND_CONTINUATION,BUY,4,1.36378,1.36251,1.36643,2.08,0.398,1.36235,1.36407,1.36155,1,0.032,1.694,1.1423,1.36104,1.36089,1.3651,1.36015,1,0.0,0.55,0,1.36235,0.8,0.688,0,0.0,0.0,1.36363,0.0,0.0,0,0,0,0.6,0.615,0.3506,0.615,0.957,2,0.588,0,0.633,1.36315,1.36395,0.387,0.368,0.0,2,0.25,0,0.588,0.919,3.0,0.306,0.412,1,1.36315,2,0.55,0.226,0.113,0.185,0.214,0.929,0.755,1.36818,1.37032,1.36912,-78252.0989,14799.7591,-1,1.36786,0.521,1.37964,0.407,0.0,0.0,0,0.265,1,0,19267,0.778,0.55,0.436,22.0,22.0,0.2073,106.1,0.0,1,1,0.792,1.28023,1,1,0.425,1.21325,-1,78.715,0.104,0.896,0.0,1.0,0.0,0.98,0.0,0.5,0.0,0.955,0.548,0.5,0.511,0.0,0.243,0.0,0,0,0.279,0.788,0.0,0.534,0.0,0.842,0.434,0.0,0.525,0.412,0.0,1.0,1.009
66614,2024.07.05 16:58:40,USDCADm,PULLBACK,BUY,4,1.36383,1.36338,1.36429,1.01,0.494,1.36235,1.36407,1.36155,1,0.032,1.694,1.1894,1.36104,1.36089,1.3651,1.36015,1,0.0,0.55,0,1.36235,0.8,0.688,0,0.0,0.0,1.36363,0.0,0.0,0,0,0,0.6,0.615,0.3506,0.615,0.518,2,0.588,0,0.633,1.36315,1.36395,0.434,0.321,0.0,2,0.25,0,0.588,1.117,3.0,0.372,0.435,1,1.36407,4,0.6,0.131,0.245,0.185,0.214,0.929,0.755,1.36818,1.37032,1.36912,-78252.0989,14799.7591,-1,1.36786,0.521,1.37964,0.407,0.0,0.0,0,0.265,1,0,19267,0.778,0.55,0.436,22.0,22.0,0.2073,106.1,0.0,1,1,0.792,1.28023,1,1,0.425,1.21325,-1,78.762,0.104,0.896,0.0,1.0,0.0,0.03,0.0,0.5,0.0,0.975,0.537,0.5,0.529,0.0,0.227,0.0,0,0,0.272,0.704,0.0,0.593,0.0,0.839,0.434,0.0,0.501,0.412,0.0,1.0,1.001
66616,2024.07.05 18:00:20,USDCADm,BREAKOUT_RETEST,BUY,3,1.36394,1.3636,1.36434,1.18,0.495,1.36357,1.36412,1.36302,1,0.026,0.408,0.1341,1.36078,1.36331,1.36436,1.36015,1,0.0,0.45,0,1.36357,0.726,0.554,0,0.0,0.0,0.0,0.0,0.0,0,0,0,0.7,0.86,0.405,0.86,0.863,0,0.747,3,0.462,1.36357,1.3643,0.134,0.516,0.0,2,0.0,0,0.747,0.962,3.0,0.321,0.459,1,1.36412,4,0.6,0.732,0.041,0.258,0.0,0.819,0.862,1.36818,1.37032,1.36912,-78252.0989,14799.7591,-1,1.36786,0.521,1.37964,0.407,0.0,0.0,0,0.265,1,0,19269,0.778,0.55,0.436,22.0,22.0,0.1963,112.1,0.0,1,1,0.792,1.28023,1,1,0.425,1.21325,0,74.693,0.104,0.896,0.0,1.0,0.5,0.48,0.0,0.5,0.0,0.518,0.411,0.5,0.544,0.0,0.334,0.0,0,0,0.35,0.815,0.0,0.673,0.0,0.41,0.488,0.0,0.503,0.412,0.0,1.0,0.924
66618,2024.07.05 18:03:20,USDCADm,BREAKOUT,BUY,3,1.36375,1.36313,1.3644,1.05,0.323,1.36357,1.36412,1.36302,1,0.026,0.408,-0.0355,1.36078,1.36331,1.36436,1.36015,1,0.0,0.45,0,1.36357,0.726,0.554,0,0.0,0.0,0.0,0.0,0.0,0,0,0,0.7,0.86,0.405,0.86,1.0,0,0.747,3,0.462,1.36357,1.36284,0.035,0.615,0.0,2,0.0,0,0.747,0.9,3.0,0.3,0.452,1,1.36302,5,0.6,0.929,0.0,0.258,0.0,0.819,0.893,1.36818,1.37032,1.36912,-78252.0989,14799.7591,-1,1.36786,0.521,1.37964,0.407,0.0,0.0,0,0.265,1,0,19269,0.778,0.55,0.436,22.0,22.0,0.1963,112.1,0.0,1,1,0.792,1.28023,1,1,0.425,1.21325,0,74.524,0.104,0.896,0.0,1.0,0.5,0.0,0.0,0.5,0.0,0.596,0.411,0.5,0.544,0.0,0.334,0.0,0,0,0.35,0.815,0.0,0.911,0.0,0.41,0.475,0.0,0.503,0.412,0.0,1.0,0.924
66620,2024.07.05 18:33:40,USDCADm,MEAN_REVERSION,BUY,3,1.36349,1.36313,1.36434,2.36,0.656,1.36357,1.36412,1.36302,1,0.026,0.408,-0.2675,1.36078,1.36331,1.36436,1.36015,1,0.0,0.45,0,1.36357,0.726,0.554,0,0.0,0.0,0.0,0.0,0.0,0,0,0,0.7,0.86,0.405,0.86,0.639,0,0.747,3,0.462,1.36321,1.36284,0.058,0.383,0.0,2,0.0,0,0.747,1.062,3.0,0.354,0.45,1,1.36412,4,0.6,0.884,0.108,0.258,0.0,0.656,0.893,1.36818,1.37032,1.36912,-78252.0989,14799.7591,-1,1.36786,0.521,1.37964,0.407,0.0,0.0,0,0.265,1,0,19269,0.778,0.55,0.436,22.0,22.0,0.1963,112.1,0.0,1,1,0.792,1.28023,1,1,0.425,1.21325,0,74.292,0.104,0.896,0.0,1.0,0.5,0.0,0.0,0.5,0.0,0.777,0.505,0.5,0.557,0.0,0.326,0.0,0,0,0.3,0.815,0.0,0.88,0.0,0.392,0.445,0.0,0.502,0.412,0.0,1.0,0.958
66622,2024.07.05 18:59:40,USDCADm,SWEEP_REVERSAL,BUY,3,1.36284,1.36172,1.36379,0.85,0.119,1.36357,1.36412,1.36302,0,0.026,0.408,-0.8475,1.36078,1.36331,1.36436,1.36015,1,0.0,0.45,0,1.36357,0.726,0.554,0,0.0,0.0,0.0,0.0,0.0,0,0,0,0.7,0.86,0.405,0.86,0.118,0,0.747,3,0.462,1.36321,1.36284,0.522,0.197,0.0,2,0.0,0,0.747,1.297,3.0,0.432,0.478,1,1.36357,8,0.745,0.0,0.265,0.258,0.0,0.656,0.893,1.36818,1.37032,1.36912,-78252.0989,14799.7591,-1,1.36786,0.521,1.37964,0.407,0.0,0.0,0,0.265,1,0,19269,0.778,0.55,0.436,22.0,22.0,0.1963,112.1,0.0,1,1,0.792,1.28023,1,1,0.425,1.21325,0,73.712,0.104,0.896,0.0,1.0,0.5,0.0,0.0,0.5,0.0,0.719,0.247,0.5,0.559,0.0,0.3,0.0,0,0,0.439,0.648,0.0,0.88,0.0,0.407,0.252,0.0,0.498,0.412,0.0,1.0,1.043
66624,2024.07.05 19:54:40,USDCADm,PULLBACK,BUY,3,1.36365,1.36314,1.36458,1.8,0.624,1.36357,1.36378,1.36304,1,0.689,0.016,-0.1228,1.36078,1.3633,1.36436,1.36015,1,0.0,0.45,0,1.36349,0.714,0.922,0,0.0,0.0,1.36351,0.0,0.0,0,0,0,1.0,0.72,0.3679,0.72,0.607,0,0.692,0,0.656,1.36362,1.36274,0.158,0.582,0.0,2,0.4,0,0.692,1.077,3.0,0.359,0.436,1,1.36304,5,0.6,0.684,0.278,0.216,0.271,0.926,0.931,1.36818,1.37032,1.36912,-78252.0989,14799.7591,-1,1.36786,0.521,1.37964,0.407,0.0,0.0,0,0.265,1,0,19270,0.768,0.548,0.431,22.0,22.0,0.1869,117.7,0.0,1,1,0.792,1.28023,1,1,0.425,1.21325,0,70.867,0.104,0.896,0.0,1.0,0.5,0.99,0.0,0.5,0.0,0.925,0.524,0.5,0.54,0.0,0.36,0.0,0,0,0.321,0.748,0.0,1.0,0.0,0.243,0.46,0.0,0.494,0.412,0.0,1.0,0.72
66625,2024.07.05 19:55:20,USDCADm,TREND_CONTINUATION,BUY,3,1.36365,1.36224,1.36659,2.08,0.557,1.36357,1.36378,1.36304,1,0.689,0.016,-0.1228,1.36078,1.3633,1.36436,1.36015,1,0.0,0.45,0,1.36349,0.714,0.922,0,0.0,0.0,1.36351,0.0,0.0,0,0,0,1.0,0.72,0.3679,0.72,0.607,0,0.692,0,0.656,1.36362,1.36274,0.158,0.582,0.0,2,0.4,0,0.692,1.077,3.0,0.359,0.436,1,1.36304,5,0.6,0.684,0.278,0.216,0.271,0.926,0.931,1.36818,1.37032,1.36912,-78252.0989,14799.7591,-1,1.36786,0.521,1.37964,0.407,0.0,0.0,0,0.265,1,0,19270,0.768,0.548,0.431,22.0,22.0,0.1869,117.7,0.0,1,1,0.792,1.28023,1,1,0.425,1.21325,0,70.867,0.104,0.896,0.0,1.0,0.5,0.98,0.0,0.5,0.0,0.793,0.514,0.5,0.549,0.0,0.355,0.0,0,0,0.315,0.748,0.0,1.0,0.0,0.243,0.46,0.0,0.494,0.412,0.0,1.0,0.72
66628,2024.07.05 20:00:40,USDCADm,BREAKOUT_RETEST,BUY,3,1.3633,1.36294,1.36399,1.93,0.595,1.36314,1.36377,1.36301,1,0.091,0.191,-0.0495,1.36078,1.3633,1.36393,1.36015,1,0.0,0.45,0,1.36314,0.661,0.203,0,0.0,0.0,0.0,0.0,0.0,0,0,0,1.0,0.755,0.2936,0.755,0.714,2,0.629,0,0.66,1.36314,1.36284,0.049,0.198,0.0,2,0.4,0,0.629,1.029,3.0,0.343,0.425,1,1.36377,4,0.6,0.901,0.246,0.226,0.272,1.0,0.886,1.36788,1.37032,1.36912,-95001.4156,-16749.3167,-2,1.36757,0.515,1.37995,0.409,0.0,0.0,0,0.267,1,0,19271,0.768,0.548,0.431,22.0,22.0,0.1838,119.7,0.0,1,1,0.792,1.28023,1,1,0.425,1.21325,0,69.39,0.012,0.988,0.0,0.0,0.5,0.15,0.0,0.5,0.0,0.394,0.351,0.5,0.531,0.0,0.395,0.0,0,0,0.407,0.754,0.0,0.874,0.0,0.246,0.443,0.0,0.512,0.412,0.0,1.0,0.839
66630,2024.07.05 20:09:40,USDCADm,BREAKOUT,BUY,3,1.36366,1.36186,1.36665,1.67,0.404,1.36314,1.36377,1.36301,1,0.091,0.191,0.2512,1.36078,1.3633,1.36393,1.36015,1,0.0,0.45,0,1.36314,0.661,0.203,0,0.0,0.0,0.0,0.0,0.0,0,0,0,1.0,0.755,0.2936,0.755,0.463,2,0.629,0,0.66,1.36365,1.36284,0.172,0.498,0.0,2,0.4,0,0.629,1.142,3.0,0.381,0.417,1,1.36301,5,0.6,0.655,0.321,0.226,0.272,0.829,0.886,1.36788,1.37032,1.36912,-95001.4156,-16749.3167,-2,1.36757,0.515,1.37995,0.409,0.0,0.0,0,0.267,1,0,19271,0.768,0.548,0.431,22.0,22.0,0.1838,119.7,0.0,1,1,0.792,1.28023,1,1,0.425,1.21325,0,69.691,0.012,0.988,0.0,0.0,0.5,0.99,0.0,0.5,0.0,0.556,0.412,0.5,0.532,0.0,0.295,0.0,0,0,0.33,0.706,0.0,0.832,0.0,0.203,0.483,0.0,0.476,0.412,0.0,1.0,0.873
66632,2024.07.07 21:05:00,USDCADm,BREAKOUT,BUY,3,1.36497,1.36314,1.36802,1.67,0.623,1.36314,1.36377,1.36293,0,0.139,0.208,0.6243,1.36078,1.3633,1.36393,1.36015,1,0.0,0.5,0,1.36314,0.644,0.856,0,0.0,0.0,0.0,0.0,0.0,0,0,0,1.0,0.79,0.1939,0.79,0.437,0,0.659,0,0.643,1.36365,1.3642,0.208,0.242,0.0693,0,0.4,2,0.672,1.603,3.0,0.534,0.493,1,1.36314,8,0.729,0.584,0.329,0.937,0.269,0.938,0.918,1.36788,1.37032,1.36912,-98112.5731,-3111.1575,-2,1.36757,0.513,1.37995,0.407,0.0,0.0,0,0.286,1,0,19272,0.768,0.548,0.431,107.0,22.9,0.8781,121.9,0.0,1,1,0.792,1.28023,1,1,0.425,1.21325,0,69.54,0.012,0.988,0.0,0.0,0.5,0.0,0.0,0.5,0.0,0.688,0.737,0.5,0.574,0.0,0.348,0.0,0,0,0.454,0.577,0.0,0.868,0.0,0.609,0.521,0.0,0.425,0.412,0.0,1.0,1.039
66633,2024.07.07 21:05:20,USDCADm,TREND_CONTINUATION,BUY,3,1.36497,1.36351,1.36802,2.08,0.564,1.36314,1.36377,1.36293,0,0.139,0.208,0.6243,1.36078,1.3633,1.36393,1.36015,1,0.0,0.5,0,1.36314,0.644,0.856,0,0.0,0.0,0.0,0.0,0.0,0,0,0,1.0,0.79,0.1939,0.79,0.437,0,0.659,0,0.643,1.36365,1.3642,0.208,0.242,0.0,2,0.4,0,0.659,1.153,3.0,0.384,0.437,1,1.36314,8,0.729,0.584,0.329,0.237,0.269,0.938,0.918,1.36788,1.37032,1.36912,-98112.5731,-3111.1575,-2,1.36757,0.513,1.37995,0.407,0.0,0.0,0,0.286,1,0,19272,0.768,0.548,0.431,107.0,23.7,0.8781,121.9,0.0,1,1,0.792,1.28023,1,1,0.425,1.21325,0,69.54,0.012,0.988,0.0,0.0,0.5,0.0,0.0,0.5,0.0,0.819,0.734,0.5,0.598,0.0,0.348,0.0,0,0,0.459,0.577,0.0,0.727,0.0,0.26,0.527,0.0,0.471,0.412,0.0,1.0,0.958
66636,2024.07.07 21:07:40,USDCADm,PULLBACK,BUY,3,1.36502,1.36319,1.36868,2.0,0.48,1.36314,1.36377,1.36293,0,0.139,0.208,0.6735,1.36078,1.3633,1.36393,1.36015,0,0.0,0.5,0,1.36314,0.644,0.856,0,0.0,0.0,0.0,0.0,0.0,0,0,0,1.0,0.79,0.1939,0.79,0.439,0,0.659,0,0.643,1.36365,1.3642,0.257,0.193,0.0,2,0.4,0,0.659,1.152,3.0,0.384,0.437,1,1.36314,8,0.729,0.485,0.328,0.237,0.269,0.938,0.918,1.36788,1.37032,1.36912,-98112.5731,-3111.1575,-2,1.36757,0.513,1.37995,0.407,0.0,0.0,0,0.286,1,0,19272,0.768,0.548,0.431,106.0,36.5,0.8699,121.9,0.0,1,1,0.792,1.28023,1,1,0.425,1.21325,0,69.581,0.012,0.988,0.0,0.0,0.5,0.15,0.0,0.5,0.0,0.819,0.751,0.5,0.598,0.0,0.348,0.0,0,0,0.469,0.484,0.0,0.785,0.0,0.281,0.65,0.0,0.459,0.412,0.0,1.0,1.0
66638,2024.07.07 23:05:00,USDCADm,BREAKOUT,BUY,1,1.36463,1.36286,1.36758,1.67,0.497,1.36318,1.36405,1.36286,0,0.271,0.039,1.0371,1.36078,1.3633,1.36436,1.36057,0,0.0,0.65,0,1.36318,0.742,0.508,0,0.0,0.0,0.0,0.0,0.0,0,0,1,1.0,0.7941,0.0461,0.794,0.212,2,0.642,3,0.386,1.36405,1.36437,0.301,0.03,0.0,2,0.4,0,0.642,1.255,3.0,0.418,0.389,1,1.36405,2,0.55,0.397,0.396,0.238,0.14,0.75,0.739,1.36788,1.37032,1.36912,-98112.5731,-3111.1575,-2,1.36757,0.513,1.37995,0.407,0.0,0.0,0,0.286,1,0,19274,0.768,0.548,0.431,22.0,33.3,0.1862,118.1,0.0,1,1,0.792,1.28023,1,1,0.425,1.21325,1,71.439,0.012,0.988,0.0,0.0,1.0,0.77,0.0,0.5,0.0,1.0,0.478,0.5,0.61,0.0,0.368,0.0,0,0,0.344,0.39,0.0,0.74,0.1,0.31,0.65,0.0,0.461,0.412,0.0,1.0,1.0
66639,2024.07.07 23:05:20,USDCADm,TREND_CONTINUATION,BUY,1,1.36463,1.36321,1.36758,2.08,0.55,1.36318,1.36405,1.36286,0,0.271,0.039,1.0371,1.36078,1.3633,1.36436,1.36057,0,0.0,0.65,0,1.36318,0.742,0.508,0,0.0,0.0,0.0,0.0,0.0,0,0,1,1.0,0.7941,0.0461,0.794,0.212,2,0.642,3,0.386,1.36405,1.36437,0.301,0.03,0.0,2,0.4,0,0.642,1.255,3.0,0.418,0.389,1,1.36405,2,0.55,0.397,0.396,0.238,0.14,0.75,0.739,1.36788,1.37032,1.36912,-98112.5731,-3111.1575,-2,1.36757,0.513,1.37995,0.407,0.0,0.0,0,0.286,1,0,19274,0.768,0.548,0.431,22.0,33.2,0.1862,118.1,0.0,1,1,0.792,1.28023,1,1,0.425,1.21325,1,71.439,0.012,0.988,0.0,0.0,1.0,0.76,0.0,0.5,0.0,1.0,0.478,0.5,0.61,0.0,0.368,0.0,0,0,0.343,0.39,0.0,0.74,0.1,0.31,0.65,0.0,0.461,0.412,0.0,1.0,1.0
66642,2024.07.07 23:07:40,USDCADm,PULLBACK,BUY,1,1.36461,1.36284,1.36815,2.0,0.469,1.36318,1.36405,1.36286,0,0.271,0.039,1.0202,1.36078,1.3633,1.36436,1.36057,0,0.0,0.65,0,1.36318,0.742,0.508,0,0.0,0.0,0.0,0.0,0.0,0,0,1,1.0,0.7941,0.0461,0.794,0.212,2,0.642,3,0.386,1.36405,1.36437,0.284,0.013,0.0,2,0.4,0,0.642,1.255,3.0,0.418,0.389,1,1.36318,8,0.748,0.431,0.396,0.238,0.14,0.75,0.739,1.36788,1.37032,1.36912,-98112.5731,-3111.1575,-2,1.36757,0.513,1.37995,0.407,0.0,0.0,0,0.286,1,0,19274,0.768,0.548,0.431,22.0,30.8,0.1862,118.1,0.0,1,1,0.792,1.28023,1,1,0.425,1.21325,1,71.422,0.012,0.988,0.0,0.0,1.0,0.54,0.0,0.5,0.0,1.0,0.476,0.5,0.61,0.0,0.368,0.0,0,0,0.345,0.39,0.0,0.74,0.1,0.31,0.65,0.0,0.461,0.412,0.0,1.0,1.0
66644,2024.07.07 23:53:40,USDCADm,BREAKOUT_RETEST,BUY,1,1.36407,1.36329,1.36487,1.02,0.584,1.36318,1.36405,1.36286,1,0.271,0.039,0.5631,1.36078,1.3633,1.36436,1.36057,1,0.0,0.65,0,1.36318,0.742,0.508,0,0.0,0.0,0.0,0.0,0.0,0,0,1,1.0,0.7941,0.0461,0.794,0.492,2,0.642,3,0.386,1.36405,1.36364,0.173,0.176,0.0,2,0.4,0,0.642,1.129,3.0,0.376,0.374,1,1.36318,8,0.748,0.655,0.312,0.238,0.14,0.75,0.783,1.36788,1.37032,1.36912,-98112.5731,-3111.1575,-2,1.36757,0.513,1.37995,0.407,0.0,0.0,0,0.286,1,0,19274,0.768,0.548,0.431,22.0,22.0,0.1862,118.1,0.0,1,1,0.792,1.28023,1,1,0.425,1.21325,1,70.965,0.012,0.988,0.0,0.0,1.0,0.0,0.0,0.5,0.0,0.653,0.308,0.5,0.575,0.0,0.236,0.0,0,0,0.382,0.588,0.0,0.686,0.1,0.252,0.52,0.0,0.483,0.412,0.0,1.0,0.916
66646,2024.07.08 01:05:00,USDCADm,BREAKOUT,BUY,1,1.36472,1.36423,1.3677,6.05,0.427,1.36404,1.36432,1.36389,0,0.154,0.404,0.3848,1.36078,1.3633,1.36436,1.36057,0,0.0,0.5,0,1.36404,0.776,0.799,0,0.0,0.0,0.0,0.0,0.0,0,0,0,0.675,0.51,0.0609,0.51,0.129,0,0.793,0,0.497,1.36406,1.36451,0.367,0.007,0.0,2,0.0,0,0.793,1.292,3.0,0.431,0.496,1,1.36404,8,0.755,0.266,0.261,0.153,0.099,0.681,0.875,1.36788,1.37032,1.36912,-97655.7043,456.8688,-1,1.36757,0.511,1.37995,0.404,0.0,0.0,0,0.291,1,0,19276,0.768,0.548,0.431,22.0,22.0,0.1845,119.2,0.0,1,1,0.792,1.28023,1,1,0.425,1.21325,1,70.872,0.015,0.985,0.0,1.0,1.0,0.99,0.0,0.5,0.0,0.473,0.489,0.5,0.717,0.0,0.87,0.0,0,0,0.57,0.611,0.0,0.859,0.1,0.066,0.734,0.0,0.478,0.412,0.0,1.0,1.089
66647,2024.07.08 01:05:20,USDCADm,TREND_CONTINUATION,BUY,1,1.36471,1.36328,1.36769,2.08,0.439,1.36404,1.36432,1.36389,0,0.154,0.404,0.3764,1.36078,1.3633,1.36436,1.36057,0,0.0,0.5,0,1.36404,0.776,0.799,0,0.0,0.0,0.0,0.0,0.0,0,0,0,0.675,0.51,0.0609,0.51,0.129,0,0.793,0,0.497,1.36406,1.36451,0.359,0.016,0.0,2,0.0,0,0.793,1.292,3.0,0.431,0.496,1,1.36404,8,0.755,0.283,0.261,0.153,0.099,0.681,0.875,1.36788,1.37032,1.36912,-97655.7043,456.8688,-1,1.36757,0.511,1.37995,0.404,0.0,0.0,0,0.291,1,0,19276,0.768,0.548,0.431,22.0,22.0,0.1845,119.2,0.0,1,1,0.792,1.28023,1,1,0.425,1.21325,1,70.864,0.015,0.985,0.0,1.0,1.0,0.94,0.0,0.5,0.0,0.473,0.484,0.5,0.717,0.0,0.87,0.0,0,0,0.573,0.611,0.0,0.859,0.1,0.066,0.732,0.0,0.478,0.412,0.0,1.0,1.089
66648,2024.07.08 01:07:40,USDCADm,PULLBACK,BUY,1,1.36475,1.36423,1.36833,6.84,0.372,1.36404,1.36432,1.36389,0,0.154,0.404,0.41,1.36078,1.3633,1.36436,1.36057,0,0.0,0.5,0,1.36404,0.776,0.799,0,0.0,0.0,0.0,0.0,0.0,0,0,0,0.675,0.51,0.0609,0.51,0.129,0,0.793,0,0.497,1.36406,1.36451,0.392,0.018,0.0,2,0.0,0,0.793,1.292,3.0,0.431,0.496,1,1.36404,8,0.755,0.216,0.261,0.153,0.099,0.681,0.875,1.36788,1.37032,1.36912,-97655.7043,456.8688,-1,1.36757,0.511,1.37995,0.404,0.0,0.0,0,0.291,1,0,19276,0.768,0.548,0.431,22.0,22.0,0.1845,119.2,0.0,1,1,0.792,1.28023,1,1,0.425,1.21325,1,70.898,0.015,0.985,0.0,1.0,1.0,0.95,0.0,0.5,0.0,0.473,0.54,0.5,0.717,0.0,0.87,0.0,0,0,0.587,0.635,0.0,0.716,0.1,0.072,0.739,0.0,0.478,0.412,0.0,1.0,1.089
66652,2024.07.08 02:00:00,USDCADm,MEAN_REVERSION,BUY,1,1.36386,1.36287,1.36467,0.82,0.671,1.36401,1.36445,1.36386,0,0.299,0.061,-0.2991,1.36382,1.3633,1.36436,1.36057,1,0.0,0.5,0,1.36401,0.654,0.576,0,0.0,0.0,0.0,0.0,0.0,0,0,0,0.75,0.545,0.0603,0.545,0.386,0,0.726,0,0.385,1.36401,1.36377,0.299,0.109,0.0,2,0.4,0,0.726,1.176,3.0,0.392,0.432,1,1.36445,4,0.6,0.402,0.344,0.164,0.217,1.0,0.864,1.36788,1.37032,1.36912,-97655.7043,456.8688,-1,1.36757,0.511,1.37995,0.404,0.0,0.0,0,0.291,1,0,19277,0.768,0.548,0.431,22.0,22.0,0.1776,123.9,0.0,1,1,0.792,1.28023,1,1,0.425,1.21325,1,67.521,0.015,0.985,0.0,1.0,1.0,0.4,0.0,0.5,0.0,0.843,0.528,0.5,0.573,0.0,0.503,0.0,0,0,0.39,0.651,0.0,1.0,0.173,0.208,0.424,0.0,0.475,0.412,0.0,1.0,0.958
66654,2024.07.08 02:53:40,USDCADm,BREAKOUT_RETEST,BUY,1,1.36412,1.36375,1.36467,1.49,0.478,1.36401,1.36445,1.36386,1,0.299,0.061,-0.0892,1.36382,1.3633,1.36436,1.36057,1,0.0,0.5,0,1.36401,0.654,0.576,0,0.0,0.0,0.0,0.0,0.0,0,0,0,0.75,0.545,0.0603,0.545,0.417,0,0.726,0,0.385,1.36401,1.36377,0.089,0.101,0.0,2,0.4,0,0.726,1.162,3.0,0.387,0.43,1,1.36445,4,0.6,0.822,0.335,0.164,0.217,1.0,0.864,1.36788,1.37032,1.36912,-97655.7043,456.8688,-1,1.36757,0.511,1.37995,0.404,0.0,0.0,0,0.291,1,0,19277,0.768,0.548,0.431,22.0,22.0,0.1776,123.9,0.0,1,1,0.792,1.28023,1,1,0.425,1.21325,1,67.731,0.015,0.985,0.0,1.0,1.0,0.99,0.0,0.5,0.0,0.821,0.648,0.5,0.555,0.0,0.42,0.0,0,0,0.424,0.691,0.0,0.746,0.161,0.197,0.466,0.0,0.476,0.412,0.0,1.0,0.788
66656,2024.07.08 03:12:40,USDCADm,BREAKOUT,BUY,1,1.36397,1.36231,1.36673,1.67,0.325,1.3635,1.3642,1.36341,1,0.151,0.015,0.2249,1.36382,1.3633,1.36436,1.36057,1,0.0,0.65,2,1.3635,0.8,0.038,0,0.0,0.0,0.0,0.0,0.0,0,0,0,0.752,0.5312,0.0439,0.531,0.458,2,0.642,3,0.411,1.36362,1.36381,0.114,0.051,0.0,2,0.4,0,0.642,1.144,3.0,0.381,0.397,1,1.36341,5,0.6,0.771,0.323,0.159,0.14,0.895,0.711,1.36788,1.37032,1.36912,-97655.7043,456.8688,-1,1.36757,0.511,1.37995,0.404,0.0,0.0,0,0.291,1,0,19278,0.768,0.548,0.431,22.0,22.0,0.1991,110.5,0.0,1,1,0.792,1.28023,1,1,0.425,1.21325,1,75.783,0.015,0.985,0.0,1.0,1.0,0.51,0.0,0.5,0.0,0.651,0.49,0.5,0.56,0.0,0.293,0.0,0,0,0.291,0.712,0.0,0.789,0.157,0.369,0.487,0.0,0.494,0.412,0.0,1.0,0.873
66657,2024.07.08 03:13:40,USDCADm,TREND_CONTINUATION,BUY,1,1.36399,1.36266,1.36675,2.08,0.438,1.3635,1.3642,1.36341,1,0.151,0.015,0.243,1.36382,1.3633,1.36436,1.36057,1,0.0,0.65,2,1.3635,0.8,0.038,0,0.0,0.0,0.0,0.0,0.0,0,0,0,0.752,0.5312,0.0439,0.531,0.458,2,0.642,3,0.411,1.36362,1.36381,0.133,0.033,0.0,2,0.4,0,0.642,1.144,3.0,0.381,0.397,1,1.36341,5,0.6,0.735,0.323,0.159,0.14,0.895,0.711,1.36788,1.37032,1.36912,-97655.7043,456.8688,-1,1.36757,0.511,1.37995,0.404,0.0,0.0,0,0.291,1,0,19278,0.768,0.548,0.431,22.0,22.0,0.1991,110.5,0.0,1,1,0.792,1.28023,1,1,0.425,1.21325,1,75.801,0.015,0.985,0.0,1.0,1.0,0.66,0.0,0.5,0.0,0.651,0.484,0.5,0.56,0.0,0.293,0.0,0,0,0.295,0.712,0.0,0.789,0.157,0.369,0.49,0.0,0.494,0.412,0.0,1.0,0.873
66660,2024.07.08 03:21:40,USDCADm,SWEEP_REVERSAL,BUY,1,1.36345,1.36235,1.36442,0.88,0.26,1.3635,1.3642,1.36341,0,0.151,0.015,-0.2457,1.36382,1.3633,1.36436,1.36057,1,0.0,0.65,2,1.3635,0.8,0.038,0,0.0,0.0,0.0,0.0,0.0,0,0,0,0.752,0.5312,0.0439,0.531,0.262,2,0.642,3,0.411,1.3635,1.36344,0.246,0.19,0.0,2,0.4,0,0.642,1.232,3.0,0.411,0.421,1,1.3642,4,0.6,0.509,0.381,0.159,0.14,1.0,0.756,1.36788,1.37032,1.36912,-97655.7043,456.8688,-1,1.36757,0.511,1.37995,0.404,0.0,0.0,0,0.291,1,0,19278,0.768,0.548,0.431,22.0,22.0,0.1991,110.5,0.0,1,1,0.792,1.28023,1,1,0.425,1.21325,1,75.312,0.015,0.985,0.0,1.0,1.0,0.0,0.0,0.5,0.0,0.692,0.363,0.5,0.532,0.0,0.298,0.0,0,0,0.361,0.638,0.0,1.0,0.169,0.397,0.396,0.0,0.509,0.412,0.0,1.0,0.958
66662,2024.07.08 04:00:00,USDCADm,ANCHORED_PULLBACK,BUY,1,1.36361,1.3633,1.36435,2.37,0.822,1.36363,1.36434,1.36339,0,0.155,0.444,-0.2551,1.36382,1.3633,1.36436,1.36057,1,0.0,0.5,0,1.36363,0.734,0.656,0,0.0,0.0,1.36332,0.0,0.0,0,0,0,0.853,0.7584,0.0461,0.758,0.192,2,0.557,0,0.8,1.36363,1.36316,0.255,0.245,0.1651,0,0.0,2,1.0,1.714,3.0,0.571,0.665,3,1.36434,4,0.6,0.49,0.243,0.928,0.16,0.918,0.8,1.36833,1.37032,1.36912,-94307.1951,3348.5093,-1,1.36781,0.512,1.37969,0.465,0.0,0.0,0,0.251,1,0,19279,0.768,0.548,0.431,22.0,22.0,0.2314,95.1,0.0,1,1,0.792,1.28023,1,1,0.425,1.21325,0,87.702,0.026,0.974,0.0,1.0,0.5,0.91,0.0,0.5,0.0,0.507,0.612,0.5,0.556,0.0,0.399,0.0,0,0,0.393,0.938,0.0,1.0,0.201,0.778,0.542,0.0,0.466,0.412,0.0,1.0,1.125
66663,2024.07.08 04:00:20,USDCADm,MEAN_REVERSION,BUY,1,1.3636,1.36284,1.36457,1.27,0.644,1.36363,1.36434,1.36339,0,0.155,0.444,-0.2656,1.36382,1.3633,1.36436,1.36057,1,0.0,0.5,0,1.36363,0.734,0.656,0,0.0,0.0,1.36332,0.0,0.0,0,0,0,0.853,0.7584,0.0461,0.758,0.192,2,0.64,0,0.8,1.36363,1.36316,0.266,0.234,0.0,2,0.0,0,0.64,1.264,3.0,0.421,0.522,2,1.36434,4,0.6,0.469,0.243,0.228,0.16,0.918,0.8,1.36833,1.37032,1.36912,-94307.1951,3348.5093,-1,1.36781,0.512,1.37969,0.465,0.0,0.0,0,0.251,1,0,19279,0.768,0.548,0.431,22.0,22.0,0.2314,95.1,0.0,1,1,0.792,1.28023,1,1,0.425,1.21325,0,87.692,0.026,0.974,0.0,1.0,0.5,0.88,0.0,0.5,0.0,0.604,0.601,0.5,0.556,0.0,0.362,0.0,0,0,0.373,0.888,0.0,1.0,0.206,0.462,0.544,0.0,0.515,0.412,0.0,1.0,1.043
66666,2024.07.08 04:53:40,USDCADm,BREAKOUT_RETEST,BUY,1,1.3639,1.36361,1.36457,2.33,0.553,1.36363,1.36434,1.36339,1,0.155,0.444,0.05,1.36382,1.3633,1.36436,1.36057,1,0.0,0.5,0,1.36363,0.734,0.656,0,0.0,0.0,1.36332,0.0,0.0,0,0,0,0.853,0.7584,0.0461,0.758,1.0,2,0.64,0,0.8,1.36363,1.36316,0.05,0.55,0.0,2,0.0,0,0.64,0.9,3.0,0.3,0.48,1,1.36434,4,0.6,0.9,0.0,0.228,0.16,0.918,0.8,1.36833,1.37032,1.36912,-94307.1951,3348.5093,-1,1.36781,0.512,1.37969,0.465,0.0,0.0,0,0.251,1,0,19279,0.768,0.548,0.431,22.0,22.0,0.2314,95.1,0.0,1,1,0.792,1.28023,1,1,0.425,1.21325,0,88.008,0.026,0.974,0.0,1.0,0.5,0.99,0.0,0.5,0.0,0.903,0.619,0.5,0.57,0.0,0.37,0.0,0,0,0.39,0.812,0.0,0.792,0.156,0.412,0.544,0.0,0.527,0.412,0.0,1.0,0.924
66668,2024.07.08 05:02:40,USDCADm,PULLBACK,BUY,1,1.36378,1.36344,1.36433,1.6,0.402,1.36363,1.36387,1.3633,1,0.021,0.556,-0.0881,1.36382,1.3633,1.36436,1.36057,1,0.0,0.3,4,1.36363,0.703,0.906,0,0.0,0.0,0.0,0.0,0.0,0,0,0,0.38,0.3803,0.0163,0.38,0.902,0,0.825,0,0.309,1.36359,1.36297,0.03,0.72,0.0,2,0.25,0,0.825,0.944,3.0,0.315,0.416,1,1.3633,5,0.6,0.939,0.129,0.114,0.299,0.791,0.901,1.36833,1.37032,1.36912,-94307.1951,3348.5093,-1,1.36781,0.512,1.37969,0.465,0.0,0.0,0,0.251,1,0,19280,0.776,0.554,0.434,22.0,22.0,0.2674,82.3,0.0,1,1,0.792,1.28023,1,1,0.425,1.21325,0,101.536,0.026,0.974,0.0,1.0,0.5,0.16,0.0,0.5,0.0,0.884,0.462,0.5,0.561,0.0,0.324,0.0,0,0,0.321,0.8,0.0,1.0,0.0,0.302,0.49,0.0,0.587,0.412,0.0,1.0,0.921
66670,2024.07.08 05:12:40,USDCADm,BREAKOUT,BUY,1,1.36392,1.36269,1.36598,1.67,0.291,1.36363,1.36387,1.3633,1,0.021,0.556,0.082,1.36382,1.3633,1.36436,1.36057,1,0.0,0.3,4,1.36363,0.703,0.906,0,0.0,0.0,0.0,0.0,0.0,0,0,0,0.38,0.3803,0.0163,0.38,0.687,0,0.825,0,0.309,1.36359,1.3642,0.14,0.611,0.0,2,0.25,0,0.825,1.041,3.0,0.347,0.428,1,1.3633,5,0.6,0.72,0.194,0.114,0.299,0.791,0.959,1.36833,1.37032,1.36912,-94307.1951,3348.5093,-1,1.36781,0.512,1.37969,0.465,0.0,0.0,0,0.251,1,0,19280,0.776,0.554,0.434,22.0,22.0,0.2674,82.3,0.0,1,1,0.792,1.28023,1,1,0.425,1.21325,0,101.707,0.026,0.974,0.0,1.0,0.5,0.68,0.0,0.5,0.0,0.866,0.598,0.5,0.554,0.0,0.342,0.0,0,0,0.362,0.8,0.0,0.974,0.0,0.302,0.508,0.0,0.592,0.412,0.0,1.0,0.921
66671,2024.07.08 05:13:40,USDCADm,TREND_CONTINUATION,BUY,1,1.36397,1.36298,1.36603,2.08,0.301,1.36363,1.36387,1.3633,1,0.021,0.556,0.1428,1.36382,1.3633,1.36436,1.36057,1,0.0,0.3,4,1.36363,0.703,0.906,0,0.0,0.0,0.0,0.0,0.0,0,0,0,0.38,0.3803,0.0163,0.38,0.687,0,0.825,0,0.309,1.36359,1.3642,0.201,0.55,0.0,2,0.25,0,0.825,1.041,3.0,0.347,0.428,1,1.3633,5,0.6,0.599,0.194,0.114,0.299,0.791,0.959,1.36833,1.37032,1.36912,-94307.1951,3348.5093,-1,1.36781,0.512,1.37969,0.465,0.0,0.0,0,0.251,1,0,19280,0.776,0.554,0.434,22.0,22.0,0.2674,82.3,0.0,1,1,0.792,1.28023,1,1,0.425,1.21325,0,101.767,0.026,0.974,0.0,1.0,0.5,0.89,0.0,0.5,0.0,0.866,0.598,0.5,0.554,0.0,0.342,0.0,0,0,0.362,0.8,0.0,0.974,0.0,0.302,0.514,0.0,0.592,0.412,0.0,1.0,0.921
66674,2024.07.08 07:00:00,USDCADm,ANCHORED_PULLBACK,BUY,1,1.36466,1.36372,1.36598,1.41,0.481,1.36401,1.3644,1.36352,0,0.449,0.008,0.5626,1.36385,1.36348,1.36446,1.36093,1,0.0,0.5,0,1.36401,0.718,0.361,0,0.0,0.0,1.36395,0.0,0.0,0,0,0,0.656,-0.4976,-0.0485,0.498,0.09,2,0.522,0,0.35,1.36405,1.36445,0.506,0.008,0.2599,0,0.4,2,1.0,1.76,3.0,0.587,0.551,2,1.36401,8,0.744,0.0,0.433,0.849,0.21,0.892,0.907,1.36833,1.37032,1.36912,-94307.1951,3348.5093,-1,1.36781,0.512,1.37969,0.465,0.0,0.0,0,0.251,1,0,19282,0.776,0.554,0.434,22.0,22.0,0.2852,77.1,0.0,1,1,0.792,1.28023,1,1,0.425,1.21325,0,109.446,0.026,0.974,0.0,1.0,0.5,0.97,0.0,0.5,0.0,0.377,0.672,0.5,0.478,0.0,0.653,0.0,0,0,0.508,0.387,0.0,0.59,0.0,0.837,0.565,0.0,0.478,0.412,0.0,1.0,0.887
66676,2024.07.08 08:01:40,USDCADm,MEAN_REVERSION,BUY,2,1.3634,1.36275,1.36424,1.28,0.807,1.36402,1.36443,1.36353,0,1.032,0.065,-1.0255,1.36385,1.36348,1.36446,1.36093,1,0.0,0.6,0,1.36402,0.662,0.357,0,0.0,0.0,1.36336,0.0,0.0,0,0,0,0.083,0.0,0.0007,0.29,0.298,0,0.888,3,0.451,1.36398,1.36308,0.98,0.117,0.0,2,0.15,0,0.888,1.216,3.0,0.405,0.507,2,1.36402,8,0.732,0.0,0.271,0.0,0.053,0.87,0.88,1.36833,1.37032,1.36912,-93990.1961,316.999,-1,1.36781,0.508,1.37969,0.467,0.0,0.0,0,0.263,1,0,19283,0.776,0.554,0.434,22.0,22.0,0.2699,81.5,0.0,1,1,0.792,1.28023,1,1,0.425,1.21325,0,102.049,0.01,0.99,0.0,1.0,0.5,0.22,0.0,0.5,0.0,0.609,0.393,0.5,0.456,0.0,0.572,0.0,0,0,0.43,0.654,0.0,0.785,0.0,0.417,0.278,0.0,0.545,0.412,0.0,1.0,0.809
66678,2024.07.08 08:02:40,USDCADm,SWEEP_REVERSAL,BUY,2,1.36329,1.36248,1.36424,1.16,0.188,1.36402,1.36443,1.36353,0,1.032,0.065,-1.1604,1.36385,1.36348,1.36446,1.36093,1,0.0,0.6,0,1.36402,0.662,0.357,0,0.0,0.0,1.36336,0.0,0.0,0,0,0,0.083,0.0,0.0007,0.29,0.047,0,0.888,3,0.451,1.36398,1.36308,1.115,0.018,0.0,2,0.15,0,0.888,1.329,3.0,0.443,0.52,2,1.36402,8,0.732,0.0,0.346,0.0,0.053,0.87,0.88,1.36833,1.37032,1.36912,-93990.1961,316.999,-1,1.36781,0.508,1.37969,0.467,0.0,0.0,0,0.263,1,0,19283,0.776,0.554,0.434,22.0,22.0,0.2699,81.5,0.0,1,1,0.792,1.28023,1,1,0.425,1.21325,0,101.914,0.01,0.99,0.0,1.0,0.5,0.01,0.0,0.5,0.0,0.7,0.344,0.5,0.456,0.0,0.538,0.0,0,0,0.446,0.544,0.0,0.785,0.0,0.417,0.257,0.0,0.556,0.412,0.0,1.0,0.809
66680,2024.07.08 09:00:00,USDCADm,ANCHORED_PULLBACK,BUY,2,1.36378,1.36348,1.36412,1.15,0.22,1.36403,1.36441,1.36322,1,0.377,0.268,-0.5914,1.36363,1.36348,1.36446,1.36093,1,0.0,0.7,0,1.36403,0.717,0.068,0,0.0,0.0,1.36302,0.0,0.0,0,0,0,0.294,-0.5289,-0.0305,0.529,0.252,0,0.679,3,0.626,1.36322,1.36377,0.431,0.268,0.0,2,0.15,0,0.679,1.237,3.0,0.412,0.457,1,1.36403,8,0.743,0.138,0.285,0.159,0.053,0.693,0.798,1.36833,1.37032,1.36912,-93990.1961,316.999,-1,1.36781,0.508,1.37969,0.467,0.0,0.0,0,0.263,1,0,19284,0.776,0.554,0.434,22.0,22.0,0.277,79.4,0.0,1,1,0.792,1.28023,1,1,0.425,1.21325,0,105.189,0.01,0.99,0.0,1.0,0.5,0.79,0.0,0.5,0.0,0.809,0.624,0.5,0.46,0.0,0.284,0.0,0,0,0.326,0.564,0.0,0.806,0.0,0.673,0.453,0.0,0.525,0.412,0.0,1.0,0.756
66682,2024.07.08 10:01:40,USDCADm,MEAN_REVERSION,BUY,2,1.36333,1.36302,1.36429,3.07,0.66,1.36326,1.36407,1.36288,1,0.026,0.516,-0.1902,1.36372,1.36348,1.36446,1.36093,1,0.0,0.7,0,1.36326,0.701,0.748,0,0.0,0.0,0.0,0.0,0.0,0,0,0,0.484,-0.5288,-0.048,0.529,0.436,0,0.679,3,0.655,1.36326,1.36283,0.19,0.351,0.0,2,0.25,0,0.679,1.154,3.0,0.385,0.453,1,1.36407,4,0.6,0.62,0.269,0.159,0.088,0.832,0.959,1.36833,1.37032,1.36912,-93990.1961,316.999,-1,1.36781,0.508,1.37969,0.467,0.0,0.0,0,0.263,1,0,19285,0.776,0.554,0.434,22.0,22.0,0.2785,79.0,0.0,1,1,0.792,1.28023,1,1,0.425,1.21325,0,105.19,0.01,0.99,0.0,1.0,0.5,0.01,0.0,0.5,0.0,0.857,0.31,0.5,0.495,0.0,0.313,0.0,0,0,0.388,0.8,0.0,0.954,0.0,0.376,0.464,0.0,0.524,0.412,0.0,1.0,0.837
66684,2024.07.08 11:00:00,USDCADm,ANCHORED_PULLBACK,BUY,2,1.36435,1.36391,1.36516,1.83,0.277,1.36332,1.36361,1.36295,0,0.909,0.016,1.0124,1.36372,1.36348,1.36446,1.36132,1,0.0,0.4,0,1.36332,0.7,0.66,0,0.0,0.0,1.36369,0.0,0.0,0,0,0,0.825,-0.58,-0.0529,0.58,0.12,0,0.737,1,0.364,1.36328,1.36402,1.064,0.138,-0.6787,1,0.4,1,1.0,0.846,3.0,0.282,0.438,1,1.36332,8,0.74,0.0,0.724,0.174,0.14,0.83,0.892,1.36833,1.37032,1.36912,-93990.1961,316.999,-1,1.36781,0.508,1.37969,0.467,0.0,0.0,0,0.263,1,0,19286,0.776,0.554,0.434,22.0,22.0,0.276,79.7,0.0,1,1,0.792,1.28023,1,1,0.425,1.21325,0,105.527,0.01,0.99,0.0,1.0,0.5,0.98,0.0,0.5,0.0,0.51,0.611,0.5,0.35,0.0,0.247,0.0,0,0,0.27,0.227,0.0,0.566,0.071,0.226,0.67,0.0,0.509,0.412,0.0,1.0,0.665
66686,2024.07.08 12:04:40,USDCADm,MEAN_REVERSION,BUY,2,1.36325,1.36299,1.36353,1.09,0.779,1.36331,1.36362,1.36286,1,0.036,0.29,-0.3276,1.36389,1.36345,1.36467,1.36154,1,0.0,0.55,0,1.36331,0.716,0.338,0,0.0,0.0,1.36351,0.0,0.0,0,0,0,0.126,0.0,-0.0095,0.186,0.448,0,0.88,0,0.365,1.36327,1.36286,0.287,0.202,0.0,2,0.4,0,0.88,1.148,3.0,0.383,0.424,1,1.36331,8,0.743,0.426,0.326,0.0,0.213,0.677,0.917,1.36833,1.37032,1.36912,-92845.8771,1144.3189,-1,1.36781,0.502,0.0,0.0,0.0,0.0,0,0.278,1,0,19287,0.776,0.554,0.434,22.0,22.0,0.2597,84.7,0.0,1,1,0.792,1.28023,1,1,0.425,1.21325,0,98.0,0.014,0.986,0.0,1.0,0.5,0.06,0.0,0.5,0.0,0.589,0.403,0.5,0.429,0.0,0.34,0.0,0,0,0.323,0.76,0.0,1.0,0.071,0.482,0.422,0.0,0.553,0.412,0.0,1.0,0.792
66688,2024.07.08 12:56:40,USDCADm,SWEEP_REVERSAL,BUY,2,1.36276,1.36191,1.36353,0.91,0.285,1.36331,1.36362,1.36286,0,0.036,0.29,-0.906,1.36389,1.36345,1.36467,1.36154,1,0.0,0.55,0,1.36331,0.716,0.338,0,0.0,0.0,1.36351,0.0,0.0,0,0,0,0.126,0.0,-0.0095,0.186,0.031,0,0.88,0,0.365,1.36327,1.36286,0.865,0.377,0.0,2,0.4,0,0.88,1.336,3.0,0.445,0.446,1,1.36331,8,0.743,0.0,0.451,0.0,0.213,0.677,0.917,1.36833,1.37032,1.36912,-92845.8771,1144.3189,-1,1.36781,0.502,0.0,0.0,0.0,0.0,0,0.278,1,0,19287,0.776,0.554,0.434,22.0,22.0,0.2597,84.7,0.0,1,1,0.792,1.28023,1,1,0.425,1.21325,0,97.422,0.014,0.986,0.0,1.0,0.5,0.06,0.0,0.5,0.0,0.402,0.46,0.5,0.464,0.0,0.452,0.0,0,0,0.344,0.609,0.0,0.481,0.071,0.369,0.264,0.0,0.553,0.412,0.0,1.0,0.873
66690,2024.07.08 14:59:40,USDCADm,SWEEP_REVERSAL,BUY,4,1.36312,1.36278,1.36342,0.9,0.46,1.3632,1.36334,1.36251,1,0.23,0.535,-0.3359,1.36342,1.36331,1.3647,1.36192,1,0.0,0.45,0,1.36265,0.79,0.653,0,0.0,0.0,1.36302,0.0,0.0,1,1,0,0.5,-0.72,-0.1003,0.72,0.71,2,0.613,1,0.054,1.36265,1.36238,0.274,0.579,0.0,2,0.3,6,0.5,0.58,3.0,0.193,0.275,0,1.3632,1,0.7,0.452,0.407,0.216,0.405,0.967,0.918,1.36833,1.37032,1.36912,-92845.8771,1144.3189,-1,1.36781,0.502,0.0,0.0,0.0,0.0,0,0.278,1,0,19289,0.776,0.554,0.434,22.0,22.0,0.2431,90.5,0.0,1,1,0.792,1.28023,1,1,0.425,1.21325,0,91.591,0.014,0.986,0.0,1.0,0.5,0.0,0.0,0.5,0.0,0.662,0.325,0.5,0.46,0.0,0.655,0.0,0,0,0.505,0.656,0.0,1.0,0.067,0.466,0.458,0.0,0.51,0.412,0.0,1.0,0.757
66692,2024.07.08 16:00:00,USDCADm,ANCHORED_PULLBACK,BUY,4,1.36401,1.36373,1.36459,2.09,0.405,1.36321,1.36342,1.36258,0,0.524,0.001,0.6116,1.36342,1.36331,1.3647,1.36217,1,0.0,0.5,0,1.36321,0.682,0.707,0,0.0,0.0,1.36348,0.0,0.0,0,0,0,0.9,-0.615,-0.1038,0.615,0.223,0,0.677,0,0.727,1.36316,1.36383,0.655,0.045,0.0073,2,0.4,0,0.677,1.25,3.0,0.417,0.459,1,1.36321,8,0.736,0.0,0.393,0.185,0.285,0.905,0.828,1.36828,1.37032,1.36339,-522050.35,-429204.4729,-2,1.36769,0.52,0.0,0.0,0.0,0.0,0,0.296,1,0,19291,0.784,0.549,0.438,22.0,22.0,0.2307,95.4,0.0,1,1,0.792,1.28023,1,1,0.425,1.21325,-1,87.859,0.048,0.952,0.0,0.0,0.0,0.69,0.0,0.5,0.0,1.0,0.525,0.5,0.505,0.0,0.244,0.0,0,0,0.264,0.531,0.0,1.0,0.071,0.385,0.622,0.0,0.523,0.412,0.0,1.0,0.789
66694,2024.07.08 19:00:00,USDCADm,BREAKOUT,BUY,3,1.36413,1.36365,1.36665,5.27,0.575,1.3633,1.36365,1.36287,0,0.375,0.093,0.6084,1.36342,1.36331,1.3647,1.36217,1,0.0,0.5,0,1.36314,0.762,0.542,0,0.0,0.0,0.0,0.0,0.0,0,0,0,0.811,-0.5106,-0.0238,0.511,0.27,0,0.757,0,0.704,1.36353,1.36404,0.375,0.132,0.0993,0,0.4,2,0.752,1.679,3.0,0.56,0.528,2,1.3633,1,0.7,0.251,0.379,0.853,0.281,0.926,0.858,1.36828,1.37032,1.36339,-522050.35,-429204.4729,-2,1.36769,0.52,0.0,0.0,0.0,0.0,0,0.296,1,0,19294,0.784,0.549,0.438,22.0,22.0,0.2184,100.7,0.0,1,1,0.792,1.28023,1,1,0.425,1.21325,-1,83.305,0.048,0.952,0.0,0.0,0.0,0.31,0.0,0.5,0.0,0.326,0.498,0.5,0.448,0.0,0.334,0.0,0,0,0.269,0.54,0.026,1.0,0.071,0.634,0.579,0.0,0.442,0.4,0.0,1.0,0.894
66696,2024.07.08 20:00:00,USDCADm,PULLBACK,BUY,3,1.36405,1.36342,1.36492,1.38,0.576,1.3633,1.36396,1.3631,1,0.095,0.252,0.5312,1.36342,1.36331,1.3647,1.36217,1,0.0,0.55,0,1.36322,0.765,0.223,0,0.0,0.0,0.0,0.0,0.0,0,0,0,0.254,0.4045,0.0149,0.405,0.85,0,0.711,0,0.613,1.36393,1.36412,0.095,0.291,0.0783,0,0.45,2,0.515,1.418,3.0,0.473,0.414,1,1.3633,1,0.7,0.81,0.225,0.821,0.28,0.883,0.75,1.36828,1.37032,1.36339,-494363.845,27686.505,-1,1.36769,0.518,0.0,0.0,0.0,0.0,0,0.308,1,0,19295,0.784,0.549,0.438,22.0,22.0,0.2194,100.3,0.0,1,1,0.792,1.28023,1,1,0.425,1.21325,-1,83.581,0.076,0.924,0.0,1.0,0.0,0.54,0.0,0.5,0.0,0.338,0.558,0.5,0.47,0.0,0.391,0.0,0,0,0.332,0.705,0.0,1.0,0.071,0.422,0.522,0.0,0.424,0.429,0.0,1.0,0.897
66697,2024.07.08 20:00:20,USDCADm,TREND_CONTINUATION,BUY,3,1.36399,1.36279,1.3665,2.08,0.271,1.3633,1.36396,1.3631,1,0.095,0.252,0.4714,1.36342,1.36331,1.3647,1.36217,1,0.0,0.55,0,1.36322,0.765,0.223,0,0.0,0.0,0.0,0.0,0.0,0,0,0,0.254,0.4045,0.0149,0.405,0.638,0,0.711,0,0.613,1.36393,1.36412,0.155,0.35,0.0,2,0.15,0,0.711,1.063,3.0,0.354,0.466,1,1.3633,1,0.7,0.69,0.169,0.121,0.175,0.883,0.75,1.36828,1.37032,1.36339,-494363.845,27686.505,-1,1.36769,0.518,0.0,0.0,0.0,0.0,0,0.308,1,0,19295,0.784,0.549,0.438,22.0,22.0,0.2194,100.3,0.0,1,1,0.792,1.28023,1,1,0.425,1.21325,-1,83.521,0.076,0.924,0.0,1.0,0.0,0.54,0.0,0.5,0.0,0.473,0.546,0.5,0.511,0.0,0.304,0.0,0,0,0.302,0.68,0.0,1.0,0.071,0.353,0.539,0.0,0.469,0.429,0.0,1.0,0.818
66700,2024.07.08 20:21:30,USDCADm,BREAKOUT_RETEST,BUY,3,1.36392,1.36342,1.36462,1.38,0.278,1.3633,1.36396,1.3631,1,0.095,0.252,0.4016,1.36342,1.36331,1.3647,1.36217,1,0.0,0.55,0,1.36322,0.765,0.223,0,0.0,0.0,0.0,0.0,0.0,0,0,0,0.254,0.4045,0.0149,0.405,0.676,0,0.711,0,0.613,1.36361,1.36412,0.088,0.42,0.0,2,0.15,0,0.711,1.046,3.0,0.349,0.465,1,1.3633,1,0.7,0.823,0.157,0.121,0.175,0.891,0.75,1.36828,1.37032,1.36339,-494363.845,27686.505,-1,1.36769,0.518,0.0,0.0,0.0,0.0,0,0.308,1,0,19295,0.784,0.549,0.438,22.0,22.0,0.2194,100.3,0.0,1,1,0.792,1.28023,1,1,0.425,1.21325,-1,83.452,0.076,0.924,0.0,1.0,0.0,0.31,0.0,0.5,0.0,1.0,0.418,0.5,0.543,0.0,0.298,0.0,0,0,0.331,0.68,0.0,0.942,0.071,0.335,0.523,0.0,0.488,0.429,0.0,1.0,0.866
66702,2024.07.08 20:58:40,USDCADm,MEAN_REVERSION,BUY,3,1.36345,1.36265,1.36418,0.92,0.686,1.3633,1.36396,1.3631,1,0.095,0.252,-0.0671,1.36342,1.36331,1.3647,1.36217,1,0.0,0.55,0,1.36322,0.765,0.223,0,0.0,0.0,0.0,0.0,0.0,0,0,0,0.254,0.4045,0.0149,0.405,0.968,0,0.711,0,0.613,1.3633,1.36294,0.067,0.285,0.0,2,0.15,0,0.711,0.914,3.0,0.305,0.458,1,1.36396,4,0.6,0.866,0.07,0.121,0.175,0.96,0.675,1.36828,1.37032,1.36339,-494363.845,27686.505,-1,1.36769,0.518,0.0,0.0,0.0,0.0,0,0.308,1,0,19295,0.784,0.549,0.438,22.0,22.0,0.2194,100.3,0.0,1,1,0.792,1.28023,1,1,0.425,1.21325,-1,82.983,0.076,0.924,0.0,1.0,0.0,0.0,0.0,0.5,0.0,0.906,0.504,0.5,0.549,0.0,0.303,0.0,0,0,0.289,0.76,0.0,1.0,0.071,0.344,0.461,0.0,0.514,0.429,0.0,1.0,0.786
66704,2024.07.08 21:46:40,USDCADm,BREAKOUT,BUY,3,1.36372,1.36222,1.36623,1.67,0.266,1.36334,1.36386,1.3631,1,0.011,0.287,0.0823,1.36342,1.36331,1.3647,1.36217,1,0.0,0.55,0,1.36334,0.719,0.812,0,0.0,0.0,0.0,0.0,0.0,0,0,0,0.5,0.72,0.0517,0.72,0.859,0,0.702,0,0.727,1.3633,1.36296,0.117,0.461,0.0,2,0.15,0,0.702,0.963,3.0,0.321,0.466,1,1.3631,5,0.6,0.767,0.102,0.216,0.198,0.878,0.872,1.36828,1.37032,1.36339,-494363.845,27686.505,-1,1.36769,0.518,0.0,0.0,0.0,0.0,0,0.308,1,0,19296,0.784,0.549,0.438,30.0,42.3,0.2994,100.2,0.0,1,1,0.792,1.28023,1,1,0.425,1.21325,-1,83.311,0.076,0.924,0.0,1.0,0.0,0.87,0.0,0.5,0.0,0.479,0.701,0.5,0.565,0.0,0.293,0.0,0,0,0.407,0.76,0.0,1.0,0.071,0.335,0.486,0.0,0.504,0.429,0.0,1.0,0.786
66706,2024.07.08 22:01:40,USDCADm,TREND_CONTINUATION,BUY,1,1.36376,1.36266,1.36605,2.08,0.371,1.36325,1.36384,1.36317,1,0.176,0.33,0.3197,1.36342,1.36331,1.3647,1.36217,1,0.0,0.65,2,1.36325,0.776,0.0,2,0.0,0.0,0.0,0.0,0.0,0,0,0,0.55,0.58,0.0842,0.58,0.777,2,0.631,3,0.349,1.36327,1.3634,0.292,0.151,0.0,2,0.25,0,0.631,1.0,3.0,0.333,0.394,1,1.36325,8,0.755,0.417,0.167,0.174,0.088,0.904,0.243,1.36828,1.37032,1.36339,-494363.845,27686.505,-1,1.36769,0.518,0.0,0.0,0.0,0.0,0,0.308,1,0,19297,0.784,0.549,0.438,22.0,32.6,0.2402,91.6,0.0,1,1,0.792,1.28023,1,1,0.425,1.21325,-1,91.218,0.076,0.924,0.0,1.0,0.0,0.99,0.0,0.5,0.0,0.67,0.572,0.5,0.522,0.0,0.288,0.0,0,0,0.315,0.8,0.0,1.0,0.071,0.309,0.495,0.0,0.494,0.429,0.0,1.0,0.866
66707,2024.07.08 22:02:40,USDCADm,PULLBACK,BUY,1,1.36381,1.36343,1.36492,2.91,0.467,1.36325,1.36384,1.36317,1,0.176,0.33,0.3743,1.36342,1.36331,1.3647,1.36217,1,0.0,0.65,2,1.36325,0.776,0.0,2,0.0,0.0,0.0,0.0,0.0,0,0,0,0.55,0.58,0.0842,0.58,0.675,2,0.631,3,0.349,1.36327,1.36376,0.346,0.188,0.0,2,0.25,0,0.631,1.046,3.0,0.349,0.399,1,1.36325,8,0.755,0.308,0.197,0.174,0.088,0.904,0.541,1.36828,1.37032,1.36339,-494363.845,27686.505,-1,1.36769,0.518,0.0,0.0,0.0,0.0,0,0.308,1,0,19297,0.784,0.549,0.438,22.0,30.9,0.2402,91.6,0.0,1,1,0.792,1.28023,1,1,0.425,1.21325,-1,91.273,0.076,0.924,0.0,1.0,0.0,0.99,0.0,0.5,0.0,0.788,0.559,0.5,0.522,0.0,0.288,0.0,0,0,0.308,0.8,0.0,1.0,0.071,0.309,0.509,0.0,0.49,0.429,0.0,1.0,0.866
66710,2024.07.08 23:00:00,USDCADm,BREAKOUT_RETEST,BUY,1,1.3636,1.36334,1.36406,1.74,0.44,1.36325,1.36384,1.36317,1,0.151,0.434,0.1506,1.36342,1.36331,1.3647,1.36217,1,0.0,0.65,2,1.36325,0.775,0.965,0,0.0,0.0,0.0,0.0,0.0,0,0,0,0.6,0.79,0.0771,0.79,0.496,2,0.586,3,0.307,1.36322,1.36376,0.18,0.434,0.0,2,0.0,0,0.586,1.127,3.0,0.376,0.43,1,1.36384,4,0.6,0.64,0.151,0.237,0.0,0.911,0.641,1.36828,1.37032,1.36339,-494363.845,27686.505,-1,1.36769,0.518,0.0,0.0,0.0,0.0,0,0.308,1,0,19298,0.784,0.549,0.438,22.0,22.0,0.2496,88.1,0.0,1,1,0.792,1.28023,1,1,0.425,1.21325,-1,94.585,0.076,0.924,0.0,1.0,0.0,0.0,0.0,0.5,0.0,0.598,0.253,0.5,0.551,0.0,0.26,0.0,0,0,0.418,0.813,0.0,1.0,0.071,0.223,0.479,0.0,0.504,0.429,0.0,1.0,0.945
66712,2024.07.08 23:01:40,USDCADm,MEAN_REVERSION,BUY,1,1.36347,1.36276,1.36406,0.84,0.586,1.36325,1.36384,1.36317,1,0.151,0.434,0.0031,1.36342,1.36331,1.3647,1.36217,1,0.0,0.65,2,1.36325,0.775,0.965,0,0.0,0.0,0.0,0.0,0.0,0,0,0,0.6,0.79,0.0771,0.79,0.923,2,0.586,3,0.307,1.36322,1.36376,0.032,0.581,0.0,2,0.0,0,0.586,0.935,3.0,0.312,0.408,1,1.36384,4,0.6,0.935,0.023,0.237,0.0,0.911,0.641,1.36828,1.37032,1.36339,-494363.845,27686.505,-1,1.36769,0.518,0.0,0.0,0.0,0.0,0,0.308,1,0,19298,0.784,0.549,0.438,22.0,22.0,0.2496,88.1,0.0,1,1,0.792,1.28023,1,1,0.425,1.21325,-1,94.438,0.076,0.924,0.0,1.0,0.0,0.0,0.0,0.5,0.0,0.61,0.218,0.5,0.551,0.0,0.303,0.0,0,0,0.456,0.813,0.0,0.99,0.071,0.223,0.461,0.0,0.538,0.429,0.0,1.0,0.911
66714,2024.07.08 23:06:40,USDCADm,SWEEP_REVERSAL,BUY,1,1.36335,1.36247,1.36406,0.8,0.105,1.36325,1.36384,1.36317,0,0.151,0.434,-0.133,1.36342,1.36331,1.3647,1.36217,1,0.0,0.65,2,1.36325,0.775,0.965,0,0.0,0.0,0.0,0.0,0.0,0,0,0,0.6,0.79,0.0771,0.79,0.729,2,0.586,3,0.307,1.36322,1.36376,0.104,0.717,0.0,2,0.0,0,0.586,1.022,3.0,0.341,0.418,1,1.36384,4,0.6,0.792,0.081,0.237,0.0,0.911,0.641,1.36828,1.37032,1.36339,-494363.845,27686.505,-1,1.36769,0.518,0.0,0.0,0.0,0.0,0,0.308,1,0,19298,0.784,0.549,0.438,22.0,22.0,0.2496,88.1,0.0,1,1,0.792,1.28023,1,1,0.425,1.21325,-1,94.301,0.076,0.924,0.0,1.0,0.0,0.0,0.0,0.5,0.0,0.379,0.209,0.5,0.529,0.0,0.296,0.0,0,0,0.452,0.898,0.0,0.911,0.071,0.251,0.451,0.0,0.537,0.429,0.0,1.0,1.079
66716,2024.07.09 00:50:40,USDCADm,PULLBACK,BUY,1,1.36382,1.36337,1.36492,2.43,0.476,1.36323,1.3636,1.36316,1,0.317,0.086,0.4286,1.36342,1.36331,1.3647,1.36217,1,0.0,0.45,0,1.36323,0.8,0.575,0,0.0,0.0,0.0,0.0,0.0,0,0,0,0.651,0.4338,0.023,0.434,0.535,0,0.703,0,0.531,1.36368,1.36378,0.09,0.205,0.0,2,0.4,0,0.703,1.109,3.0,0.37,0.366,1,1.36323,8,0.76,0.82,0.3,0.13,0.246,0.439,0.833,1.36828,1.37032,1.36339,-483273.9282,11089.9168,-1,1.36769,0.519,0.0,0.0,0.0,0.0,0,0.286,1,0,19299,0.784,0.549,0.438,22.0,22.0,0.256,85.9,0.0,1,1,0.792,1.28023,1,1,0.425,1.21325,-1,97.278,0.06,0.94,0.0,1.0,0.0,0.99,0.0,0.5,0.0,0.325,0.648,0.5,0.595,0.0,0.508,0.0,0,0,0.47,0.68,0.0,1.0,0.071,0.177,0.617,0.0,0.511,0.429,0.0,1.0,0.903
66717,2024.07.09 00:50:59,USDCADm,TREND_CONTINUATION,BUY,1,1.36381,1.36278,1.36596,2.08,0.383,1.36323,1.3636,1.36316,1,0.317,0.086,0.4169,1.36342,1.36331,1.3647,1.36217,1,0.0,0.45,0,1.36323,0.8,0.575,0,0.0,0.0,0.0,0.0,0.0,0,0,0,0.651,0.4338,0.023,0.434,0.535,0,0.703,0,0.531,1.36368,1.36378,0.102,0.217,0.0,2,0.4,0,0.703,1.109,3.0,0.37,0.366,1,1.36323,8,0.76,0.797,0.3,0.13,0.246,0.439,0.833,1.36828,1.37032,1.36339,-483273.9282,11089.9168,-1,1.36769,0.519,0.0,0.0,0.0,0.0,0,0.286,1,0,19299,0.784,0.549,0.438,22.0,22.0,0.256,85.9,0.0,1,1,0.792,1.28023,1,1,0.425,1.21325,-1,97.267,0.06,0.94,0.0,1.0,0.0,0.98,0.0,0.5,0.0,0.325,0.661,0.5,0.595,0.0,0.508,0.0,0,0,0.478,0.68,0.0,1.0,0.071,0.177,0.613,0.0,0.517,0.429,0.0,1.0,0.903
66718,2024.07.09 01:00:00,USDCADm,ANCHORED_PULLBACK,BUY,1,1.36386,1.36334,1.36535,2.84,0.595,1.36322,1.36358,1.36302,0,0.366,0.094,0.4972,1.36336,1.36331,1.3647,1.36217,1,0.0,0.5,0,1.36322,0.72,0.539,0,0.0,0.0,1.36359,0.0,0.0,0,0,0,0.083,0.0,0.0007,0.29,0.308,0,0.859,0,0.891,1.36324,1.36378,0.464,0.159,0.1343,0,0.15,0,0.859,1.211,3.0,0.404,0.521,2,1.36322,8,0.744,0.071,0.268,0.3,0.231,0.612,0.97,1.36828,1.37032,1.36339,-483273.9282,11089.9168,-1,1.36769,0.519,0.0,0.0,0.0,0.0,0,0.286,1,0,19300,0.767,0.559,0.436,22.0,22.0,0.258,85.3,0.0,1,1,0.792,1.28023,1,1,0.425,1.21325,-1,98.059,0.06,0.94,0.0,1.0,0.0,0.76,0.0,0.5,0.0,0.374,0.624,0.5,0.712,0.0,0.666,0.0,0,0,0.554,0.84,0.0,1.0,0.071,0.34,0.716,0.0,0.507,0.429,0.0,1.0,0.919
66722,2024.07.09 02:00:00,USDCADm,BREAKOUT,BUY,1,1.36414,1.36375,1.36622,5.3,0.295,1.36329,1.36371,1.36306,0,0.372,0.094,0.7598,1.36336,1.36331,1.3647,1.36217,1,0.0,0.5,0,1.36329,0.657,0.505,0,0.0,0.0,1.36384,0.0,0.0,0,0,0,0.251,0.0,-0.0085,0.213,0.281,0,0.808,0,0.819,1.36361,1.364,0.372,0.094,0.1022,0,0.4,0,0.808,1.224,3.0,0.408,0.48,1,1.36361,2,0.55,0.256,0.376,0.3,0.304,0.744,0.935,1.36828,1.37032,1.36339,-483273.9282,11089.9168,-1,1.36769,0.519,0.0,0.0,0.0,0.0,0,0.286,1,0,19301,0.767,0.559,0.436,22.0,22.0,0.2646,83.1,0.0,1,1,0.792,1.28023,1,1,0.425,1.21325,-1,100.923,0.06,0.94,0.0,1.0,0.0,0.66,0.0,0.5,0.0,0.392,0.541,0.5,0.611,0.0,0.704,0.0,0,0,0.49,0.722,0.0,1.0,0.071,0.425,0.761,0.0,0.513,0.429,0.0,1.0,0.919
66724,2024.07.09 04:06:40,USDCADm,MEAN_REVERSION,BUY,1,1.36362,1.36335,1.36403,1.49,0.705,1.36381,1.36404,1.36321,1,0.029,0.612,-0.5132,1.36341,1.36331,1.3647,1.36217,1,0.0,0.45,0,1.36381,0.697,0.704,0,0.0,0.0,0.0,0.0,0.0,0,0,0,0.312,-0.3568,-0.0265,0.357,0.43,0,0.73,0,0.754,1.36367,1.36302,0.338,0.478,0.0,2,0.25,0,0.73,1.156,3.0,0.385,0.484,1,1.36381,8,0.739,0.323,0.271,0.107,0.238,0.879,0.833,1.36828,1.37032,1.36339,-463407.0268,19866.9014,-1,1.36769,0.52,0.0,0.0,0.0,0.0,0,0.317,1,0,19303,0.767,0.559,0.436,22.0,22.0,0.2757,79.8,0.0,1,1,0.792,1.28023,1,1,0.425,1.21325,0,104.517,0.07,0.93,0.0,1.0,0.5,0.0,0.0,0.5,0.0,0.758,0.595,0.5,0.509,0.0,0.245,0.0,0,0,0.308,0.8,0.0,1.0,0.107,0.415,0.476,0.0,0.49,0.429,0.0,1.0,0.829
66726,2024.07.09 04:45:00,USDCADm,SWEEP_REVERSAL,BUY,1,1.36338,1.36258,1.36403,0.81,0.256,1.36381,1.36404,1.36321,0,0.029,0.612,-0.8141,1.36341,1.36331,1.3647,1.36217,1,0.0,0.45,0,1.36381,0.697,0.704,0,0.0,0.0,0.0,0.0,0.0,0,0,0,0.312,-0.3568,-0.0265,0.357,0.364,0,0.73,0,0.754,1.36367,1.36302,0.639,0.177,0.0,2,0.25,0,0.73,1.186,3.0,0.395,0.488,1,1.36381,8,0.739,0.0,0.291,0.107,0.238,0.879,0.833,1.36828,1.37032,1.36339,-463407.0268,19866.9014,-1,1.36769,0.52,0.0,0.0,0.0,0.0,0,0.317,1,0,19303,0.767,0.559,0.436,22.0,22.0,0.2757,79.8,0.0,1,1,0.792,1.28023,1,1,0.425,1.21325,0,104.217,0.07,0.93,0.0,1.0,0.5,0.0,0.0,0.5,0.0,0.722,0.466,0.5,0.557,0.0,0.327,0.0,0,0,0.318,0.8,0.0,1.0,0.107,0.48,0.43,0.0,0.505,0.429,0.0,1.0,0.909
66728,2024.07.09 06:10:40,USDCADm,MEAN_REVERSION,BUY,1,1.36338,1.36283,1.36414,1.37,0.606,1.36311,1.36392,1.36299,1,0.163,0.083,0.0686,1.36341,1.36331,1.3647,1.36217,1,0.0,0.55,2,1.36311,0.653,0.0,2,0.0,0.0,0.0,0.0,0.0,0,0,0,0.553,-0.5588,-0.0211,0.559,0.738,2,0.594,0,0.354,1.36315,1.36337,0.007,0.3,0.0,2,0.15,0,0.594,1.018,3.0,0.339,0.396,1,1.36392,4,0.6,0.986,0.139,0.168,0.123,0.856,0.698,1.36828,1.37032,1.36339,-463407.0268,19866.9014,-1,1.36769,0.52,0.0,0.0,0.0,0.0,0,0.317,1,0,19305,0.767,0.559,0.436,22.0,22.0,0.3179,69.2,0.0,1,1,0.792,1.28023,1,1,0.425,1.21325,1,120.134,0.07,0.93,0.0,1.0,1.0,0.86,0.0,0.5,0.0,0.304,0.459,0.5,0.603,0.0,0.51,0.0,0,0,0.409,0.76,0.0,1.0,0.189,0.437,0.485,0.0,0.541,0.429,0.0,1.0,0.717
66730,2024.07.09 07:00:20,USDCADm,TREND_CONTINUATION,BUY,1,1.36341,1.36263,1.36504,2.08,0.253,1.36317,1.36353,1.36288,1,0.042,0.556,0.0269,1.36341,1.36331,1.3647,1.36217,1,0.0,0.5,0,1.36317,0.634,0.838,0,0.0,0.0,0.0,0.0,0.0,0,0,0,0.221,0.4557,0.0213,0.456,1.0,0,0.801,1,0.068,1.36321,1.36282,0.023,0.576,0.0,2,0.0,0,0.801,0.9,3.0,0.3,0.427,1,1.36288,5,0.6,0.954,0.0,0.137,0.0,0.903,0.886,1.36828,1.37032,1.36339,-463407.0268,19866.9014,-1,1.36769,0.52,0.0,0.0,0.0,0.0,0,0.317,1,0,19306,0.767,0.559,0.436,22.0,22.0,0.3377,65.1,0.0,1,1,0.792,1.28023,1,1,0.425,1.21325,1,127.689,0.07,0.93,0.0,1.0,1.0,0.0,0.0,0.5,0.0,0.534,0.391,0.5,0.543,0.0,0.698,0.0,0,0,0.507,0.806,0.0,0.99,0.187,0.391,0.507,0.0,0.559,0.429,0.0,1.0,0.866
66731,2024.07.09 07:02:20,USDCADm,PULLBACK,BUY,1,1.36342,1.36244,1.36492,1.54,0.364,1.36317,1.36353,1.36288,1,0.042,0.556,0.0422,1.36341,1.36331,1.3647,1.36217,1,0.0,0.5,0,1.36317,0.634,0.838,0,0.0,0.0,0.0,0.0,0.0,0,0,0,0.221,0.4557,0.0213,0.456,1.0,0,0.801,1,0.068,1.36321,1.36282,0.008,0.591,0.0,2,0.0,0,0.801,0.9,3.0,0.3,0.427,1,1.36288,5,0.6,0.985,0.0,0.137,0.0,0.903,0.886,1.36828,1.37032,1.36339,-463407.0268,19866.9014,-1,1.36769,0.52,0.0,0.0,0.0,0.0,0,0.317,1,0,19306,0.767,0.559,0.436,22.0,22.0,0.3377,65.1,0.0,1,1,0.792,1.28023,1,1,0.425,1.21325,1,127.704,0.07,0.93,0.0,1.0,1.0,0.02,0.0,0.5,0.0,0.534,0.417,0.5,0.543,0.0,0.698,0.0,0,0,0.492,0.806,0.0,0.99,0.187,0.391,0.508,0.0,0.559,0.429,0.0,1.0,0.866
0,2024.07.09 07:15:40,USDCADm,BREAKOUT_RETEST,BUY,1,1.36357,1.36337,1.36408,2.58,0.264,1.36317,1.36353,1.36288,1,0.042,0.556,0.2725,1.36341,1.36331,1.3647,1.36217,1,0.0,0.5,0,1.36317,0.634,0.838,0,0.0,0.0,0.0,0.0,0.0,0,0,0,0.221,0.4557,0.0213,0.456,0.582,0,0.801,1,0.068,1.36321,1.36282,0.223,0.821,0.0,2,0.0,0,0.801,1.088,3.0,0.363,0.449,1,1.36288,5,0.6,0.555,0.125,0.137,0.0,0.903,0.886,1.36828,1.37032,1.36339,-463407.0268,19866.9014,-1,1.36769,0.52,0.0,0.0,0.0,0.0,0,0.317,1,0,19306,0.767,0.559,0.436,22.0,22.0,0.3377,65.1,0.0,1,1,0.792,1.28023,1,1,0.425,1.21325,1,127.934,0.07,0.93,0.0,1.0,1.0,0.87,0.0,0.5,0.0,0.33,0.629,0.5,0.535,0.0,0.601,0.0,0,0,0.478,0.806,0.0,1.0,0.143,0.43,0.537,0.0,0.524,0.429,0.0,1.0,0.898
66734,2024.07.09 08:00:00,USDCADm,ANCHORED_PULLBACK,BUY,2,1.3641,1.3637,1.36478,1.7,0.403,1.3632,1.36342,1.36299,0,0.819,0.073,0.9976,1.36341,1.36331,1.3647,1.36217,1,0.0,0.35,0,1.3632,0.729,0.534,0,0.0,0.0,1.36374,0.0,0.0,0,0,0,0.109,0.0,0.0028,0.308,0.113,0,0.92,1,0.104,1.36323,1.36393,0.953,0.073,-0.3341,1,0.15,1,1.0,0.849,3.0,0.283,0.441,1,1.3632,8,0.746,0.0,0.626,0.0,0.053,0.812,0.97,1.36828,1.37032,1.36339,-454712.7111,8694.3157,-1,1.36769,0.52,0.0,0.0,0.0,0.0,0,0.337,1,0,19307,0.767,0.559,0.436,22.0,22.0,0.3246,67.8,0.0,1,1,0.792,1.28023,1,1,0.425,1.21325,1,123.728,0.058,0.942,0.0,1.0,1.0,0.91,0.0,0.5,0.0,0.361,0.679,0.5,0.385,0.0,0.409,0.0,0,0,0.386,0.55,0.0,0.785,0.184,0.281,0.77,0.0,0.503,0.429,0.0,1.0,0.676
66736,2024.07.09 09:00:20,USDCADm,TREND_CONTINUATION,BUY,2,1.36415,1.36336,1.3658,2.08,0.423,1.3632,1.36382,1.36275,0,0.123,0.371,1.1045,1.36341,1.36331,1.3647,1.36217,1,0.0,0.65,0,1.3632,0.753,0.172,0,0.0,0.0,1.36401,0.0,0.0,0,0,0,0.636,0.6588,0.0467,0.659,0.581,0,0.695,3,0.528,1.36402,1.36361,0.138,0.483,0.0,2,0.0,0,0.695,1.089,3.0,0.363,0.436,1,1.3632,8,0.751,0.724,0.126,0.198,0.0,0.556,0.933,1.36828,1.37032,1.36339,-454712.7111,8694.3157,-1,1.36769,0.52,0.0,0.0,0.0,0.0,0,0.337,1,0,19308,0.767,0.559,0.436,22.0,22.0,0.3333,66.0,0.0,1,1,0.792,1.28023,1,1,0.425,1.21325,1,127.152,0.058,0.942,0.0,1.0,1.0,0.21,0.0,0.5,0.0,0.659,0.388,0.5,0.538,0.0,0.532,0.0,0,0,0.441,0.84,0.0,1.0,0.407,0.683,0.433,0.0,0.507,0.429,0.0,1.0,0.946
66738,2024.07.09 09:02:59,USDCADm,PULLBACK,BUY,2,1.36413,1.36336,1.36492,1.02,0.359,1.3632,1.36382,1.36275,0,0.123,0.371,1.0742,1.36341,1.36331,1.3647,1.36217,1,0.0,0.65,0,1.3632,0.753,0.172,0,0.0,0.0,1.36401,0.0,0.0,0,0,0,0.636,0.6588,0.0467,0.659,0.581,0,0.695,3,0.528,1.36402,1.36361,0.168,0.453,0.0,2,0.0,0,0.695,1.089,3.0,0.363,0.436,1,1.3632,8,0.751,0.664,0.126,0.198,0.0,0.556,0.933,1.36828,1.37032,1.36339,-454712.7111,8694.3157,-1,1.36769,0.52,0.0,0.0,0.0,0.0,0,0.337,1,0,19308,0.767,0.559,0.436,22.0,22.0,0.3333,66.0,0.0,1,1,0.792,1.28023,1,1,0.425,1.21325,1,127.121,0.058,0.942,0.0,1.0,1.0,0.13,0.0,0.5,0.0,0.659,0.403,0.5,0.538,0.0,0.532,0.0,0,0,0.433,0.84,0.0,1.0,0.407,0.683,0.433,0.0,0.507,0.429,0.0,1.0,0.946
66740,2024.07.09 09:15:40,USDCADm,BREAKOUT_RETEST,BUY,2,1.36385,1.36336,1.36457,1.45,0.453,1.3632,1.36382,1.36275,1,0.123,0.371,0.65,1.36341,1.36331,1.3647,1.36217,1,0.0,0.65,0,1.3632,0.753,0.172,0,0.0,0.0,1.36401,0.0,0.0,0,0,0,0.636,0.6588,0.0467,0.659,0.067,0,0.695,3,0.528,1.36402,1.36361,0.592,0.029,0.0,2,0.0,0,0.695,1.32,3.0,0.44,0.463,1,1.3632,8,0.751,0.0,0.28,0.198,0.0,0.556,0.933,1.36828,1.37032,1.36339,-454712.7111,8694.3157,-1,1.36769,0.52,0.0,0.0,0.0,0.0,0,0.337,1,0,19308,0.767,0.559,0.436,22.0,22.0,0.3333,66.0,0.0,1,1,0.792,1.28023,1,1,0.425,1.21325,1,126.697,0.058,0.942,0.0,1.0,1.0,0.0,0.0,0.5,0.0,0.647,0.407,0.5,0.445,0.0,0.382,0.0,0,0,0.342,0.67,0.0,1.0,0.315,0.608,0.586,0.0,0.52,0.429,0.0,1.0,0.904
66742,2024.07.09 10:40:40,USDCADm,BREAKOUT,BUY,2,1.36369,1.3634,1.36441,2.44,0.327,1.36394,1.36414,1.36324,1,0.032,0.283,-0.7168,1.36341,1.36331,1.3647,1.36217,1,0.0,0.55,0,1.36394,0.718,0.325,0,0.0,0.0,1.36395,0.0,0.0,0,0,0,0.75,0.72,0.0774,0.72,0.249,2,0.605,3,0.406,1.36328,1.363,0.286,0.724,0.0,2,0.15,0,0.605,1.238,3.0,0.413,0.409,1,1.36324,5,0.6,0.428,0.285,0.216,0.053,0.68,0.927,1.36828,1.37032,1.36339,-454712.7111,8694.3157,-1,1.36769,0.52,0.0,0.0,0.0,0.0,0,0.337,1,0,19309,0.767,0.559,0.436,22.0,22.0,0.3362,65.4,0.0,1,1,0.792,1.28023,1,1,0.425,1.21325,1,127.559,0.058,0.942,0.0,1.0,1.0,0.0,0.0,0.5,0.0,1.0,0.335,0.5,0.469,0.0,0.21,0.0,0,0,0.324,0.58,0.0,1.0,0.304,0.298,0.481,0.0,0.522,0.429,0.0,1.0,0.861
66744,2024.07.09 11:00:40,USDCADm,TREND_CONTINUATION,BUY,2,1.3643,1.36351,1.36594,2.08,0.406,1.36393,1.36411,1.36354,1,0.03,0.722,0.2261,1.36341,1.36357,1.3647,1.36243,1,0.0,0.4,0,1.36393,0.68,0.664,0,0.0,0.0,0.0,0.0,0.0,0,0,0,0.55,0.755,0.0987,0.755,0.506,0,0.684,3,0.339,1.36393,1.36428,0.226,0.311,0.0,2,0.0,0,0.684,1.123,3.0,0.374,0.447,1,1.36354,5,0.6,0.548,0.148,0.226,0.0,0.819,0.959,1.36828,1.37032,1.36339,-454712.7111,8694.3157,-1,1.36769,0.52,0.0,0.0,0.0,0.0,0,0.337,1,0,19310,0.746,0.561,0.438,22.0,22.0,0.3355,65.6,0.0,1,1,0.792,1.28023,1,1,0.425,1.21325,0,128.211,0.058,0.942,0.0,1.0,0.5,0.99,0.0,0.5,0.643,0.715,0.604,0.5,0.534,0.0,0.267,0.0,0,0,0.329,0.812,0.0,1.0,0.3,0.357,0.572,0.0,0.529,0.429,0.0,1.0,0.938
66746,2024.07.09 11:09:40,USDCADm,PULLBACK,BUY,2,1.3644,1.36409,1.36492,1.67,0.35,1.36393,1.36411,1.36354,0,0.03,0.722,0.3786,1.36341,1.36357,1.3647,1.36243,1,0.0,0.4,0,1.36393,0.68,0.664,0,0.0,0.0,0.0,0.0,0.0,0,0,0,0.55,0.755,0.0987,0.755,0.058,0,0.684,3,0.339,1.36393,1.36428,0.379,0.159,0.0,2,0.0,0,0.684,1.324,3.0,0.441,0.47,1,1.36393,8,0.736,0.243,0.282,0.226,0.0,0.819,0.959,1.36828,1.37032,1.36339,-454712.7111,8694.3157,-1,1.36769,0.52,0.0,0.0,0.0,0.0,0,0.337,1,0,19310,0.746,0.561,0.438,22.0,22.0,0.3355,65.6,0.0,1,1,0.792,1.28023,1,1,0.425,1.21325,0,128.364,0.058,0.942,0.0,1.0,0.5,0.99,0.0,0.5,0.0,0.535,0.693,0.5,0.506,0.0,0.264,0.0,0,0,0.373,0.749,0.0,1.0,0.259,0.357,0.746,0.0,0.529,0.429,0.0,1.0,0.978
0,2024.07.09 11:29:40,USDCADm,BREAKOUT_RETEST,BUY,2,1.36427,1.36407,1.36461,1.73,0.422,1.36393,1.36411,1.36354,1,0.03,0.722,0.1803,1.36341,1.36357,1.3647,1.36243,1,0.0,0.4,0,1.36393,0.68,0.664,0,0.0,0.0,0.0,0.0,0.0,0,0,0,0.55,0.755,0.0987,0.755,0.506,0,0.684,3,0.339,1.36393,1.36428,0.18,0.357,0.0,2,0.0,0,0.684,1.123,3.0,0.374,0.447,1,1.36354,5,0.6,0.639,0.148,0.226,0.0,0.819,0.959,1.36828,1.37032,1.36339,-454712.7111,8694.3157,-1,1.36769,0.52,0.0,0.0,0.0,0.0,0,0.337,1,0,19310,0.746,0.561,0.438,22.0,22.0,0.3355,65.6,0.0,1,1,0.792,1.28023,1,1,0.425,1.21325,0,128.166,0.058,0.942,0.0,1.0,0.5,0.0,0.0,0.5,0.0,0.477,0.482,0.5,0.54,0.0,0.395,0.0,0,0,0.331,0.812,0.0,1.0,0.323,0.38,0.553,0.0,0.529,0.429,0.0,1.0,0.938
66748,2024.07.09 12:40:40,USDCADm,BREAKOUT,BUY,2,1.36453,1.3642,1.36625,5.15,0.416,1.364,1.36422,1.36382,0,0.022,0.458,0.4579,1.36341,1.36382,1.3647,1.36243,1,0.0,0.4,0,1.364,0.725,0.473,0,0.0,0.0,1.36409,0.0,0.0,0,0,0,0.6,0.79,0.1108,0.79,0.172,0,0.762,0,0.839,1.36397,1.3644,0.494,0.124,0.0,2,0.0,0,0.762,1.272,3.0,0.424,0.544,2,1.364,8,0.745,0.011,0.248,0.237,0.168,0.8,0.957,1.36828,1.37032,1.36339,-455139.6714,-426.9603,-2,1.36769,0.521,0.0,0.0,0.0,0.0,0,0.352,1,0,19311,0.746,0.561,0.438,22.0,22.0,0.3198,68.8,0.0,1,1,0.792,1.28023,1,1,0.425,1.21325,1,122.555,0.048,0.952,0.0,0.0,1.0,0.97,0.0,0.5,0.0,0.376,0.564,0.5,0.563,0.0,0.472,0.0,0,0,0.396,0.819,0.0,0.968,0.553,0.248,0.759,0.0,0.538,0.429,0.0,1.0,1.03
66750,2024.07.09 13:03:00,USDCADm,MEAN_REVERSION,BUY,4,1.36381,1.36325,1.36427,0.81,0.666,1.36404,1.36427,1.36387,0,0.278,0.435,-0.6487,1.36376,1.36382,1.3647,1.36268,1,0.0,0.4,0,1.3642,0.757,0.497,0,0.0,0.0,1.36425,0.0,0.0,0,0,0,0.975,0.825,0.1168,0.825,0.14,0,0.756,2,0.007,1.36404,1.36352,0.649,0.1,0.0,2,0.0,0,0.756,1.287,3.0,0.429,0.459,1,1.36404,1,0.7,0.0,0.258,0.247,0.0,0.953,0.93,1.36828,1.37032,1.36339,-455139.6714,-426.9603,-2,1.36769,0.521,0.0,0.0,0.0,0.0,0,0.352,1,0,19312,0.746,0.561,0.438,22.0,22.0,0.3136,70.1,0.0,1,1,0.792,1.28023,1,1,0.425,1.21325,1,119.157,0.048,0.952,0.0,0.0,1.0,0.0,0.0,0.5,0.0,0.373,0.324,0.5,0.519,0.0,0.462,0.0,0,0,0.446,0.702,0.0,1.0,0.48,0.243,0.412,0.0,0.515,0.429,0.0,1.0,1.031
66751,2024.07.09 13:12:20,USDCADm,TREND_CONTINUATION,BUY,4,1.3643,1.36346,1.36605,2.08,0.555,1.36404,1.36427,1.36387,1,0.278,0.435,0.0499,1.36376,1.36382,1.3647,1.36268,1,0.0,0.4,0,1.3642,0.757,0.497,0,0.0,0.0,1.36425,0.0,0.0,0,0,0,0.975,0.825,0.1168,0.825,0.839,0,0.756,2,0.007,1.36404,1.3644,0.05,0.449,0.0,2,0.0,0,0.756,0.973,3.0,0.324,0.422,1,0.0,0,0.0,0.9,0.048,0.247,0.0,0.953,0.958,1.36828,1.37032,1.36339,-455139.6714,-426.9603,-2,1.36769,0.521,0.0,0.0,0.0,0.0,0,0.352,1,0,19312,0.746,0.561,0.438,22.0,22.0,0.3136,70.1,0.0,1,1,0.792,1.28023,1,1,0.425,1.21325,1,119.855,0.048,0.952,0.0,0.0,1.0,0.97,0.0,0.5,0.0,0.309,0.534,0.5,0.489,0.0,0.619,0.0,0,0,0.415,0.814,0.0,0.99,0.46,0.23,0.46,0.0,0.554,0.429,0.0,1.0,0.913
0,2024.07.09 13:29:40,USDCADm,BREAKOUT_RETEST,BUY,4,1.36412,1.36391,1.36442,1.4,0.597,1.36404,1.36427,1.36387,1,0.278,0.435,-0.2067,1.36376,1.36382,1.3647,1.36268,1,0.0,0.4,0,1.3642,0.757,0.497,0,0.0,0.0,1.36425,0.0,0.0,0,0,0,0.975,0.825,0.1168,0.825,0.471,0,0.756,2,0.007,1.36404,1.36352,0.207,0.542,0.0,2,0.0,0,0.756,1.138,3.0,0.379,0.442,1,1.3642,8,0.751,0.587,0.159,0.247,0.0,0.953,0.93,1.36828,1.37032,1.36339,-455139.6714,-426.9603,-2,1.36769,0.521,0.0,0.0,0.0,0.0,0,0.352,1,0,19312,0.746,0.561,0.438,22.0,22.0,0.3136,70.1,0.0,1,1,0.792,1.28023,1,1,0.425,1.21325,1,119.599,0.048,0.952,0.0,0.0,1.0,0.79,0.0,0.5,0.0,0.432,0.418,0.5,0.485,0.0,0.445,0.0,0,0,0.372,0.771,0.0,1.0,0.428,0.209,0.464,0.0,0.53,0.429,0.0,1.0,0.947
66754,2024.07.09 13:53:40,USDCADm,SWEEP_REVERSAL,BUY,4,1.36357,1.36287,1.36427,0.99,0.116,1.36404,1.36427,1.36387,0,0.278,0.435,-0.9908,1.36376,1.36382,1.3647,1.36268,1,0.0,0.4,0,1.3642,0.757,0.497,0,0.0,0.0,1.36425,0.0,0.0,0,0,0,0.975,0.825,0.1168,0.825,0.026,0,0.756,2,0.007,1.36404,1.36352,0.991,0.242,0.0,2,0.0,0,0.756,1.338,3.0,0.446,0.465,1,1.36404,1,0.7,0.0,0.292,0.247,0.0,0.953,0.93,1.36828,1.37032,1.36339,-455139.6714,-426.9603,-2,1.36769,0.521,0.0,0.0,0.0,0.0,0,0.352,1,0,19312,0.746,0.561,0.438,22.0,22.0,0.3136,70.1,0.0,1,1,0.792,1.28023,1,1,0.425,1.21325,1,118.815,0.048,0.952,0.0,0.0,1.0,0.0,0.0,0.5,0.0,0.288,0.412,0.5,0.529,0.0,0.48,0.0,0,0,0.404,0.632,0.0,1.0,0.48,0.238,0.33,0.0,0.547,0.429,0.0,1.0,1.031
66756,2024.07.09 17:03:20,USDCADm,MEAN_REVERSION,BUY,3,1.36336,1.36276,1.3639,0.91,0.608,1.36368,1.36415,1.36358,0,0.271,0.113,-0.7292,1.36378,1.36382,1.36445,1.36268,1,0.0,0.4,0,1.36368,0.598,0.802,0,0.0,0.0,1.36367,0.0,0.0,0,0,0,1.0,0.6703,0.035,0.67,0.098,2,0.646,1,0.008,1.36372,1.36336,0.777,0.297,0.0,2,0.4,0,0.646,1.306,3.0,0.435,0.365,1,1.36368,8,0.72,0.0,0.431,0.201,0.14,0.884,0.889,1.36828,1.37032,1.36339,-534130.854,-78991.1826,-2,1.36769,0.517,0.0,0.0,0.0,0.0,0,0.38,1,0,19316,0.746,0.561,0.438,22.0,22.0,0.2953,74.5,0.0,1,1,0.792,1.28023,1,1,0.425,1.21325,1,111.584,0.048,0.952,0.0,0.0,1.0,0.0,0.0,0.5,0.0,1.0,0.365,0.5,0.478,0.0,0.223,0.0,0,0,0.314,0.447,0.0,1.0,0.332,0.345,0.36,0.0,0.54,0.412,0.0,1.0,0.958
66758,2024.07.09 17:10:40,USDCADm,TREND_CONTINUATION,BUY,3,1.36297,1.36208,1.3639,1.04,0.53,1.36368,1.36415,1.36358,0,0.271,0.113,-1.2527,1.36378,1.36382,1.36445,1.36268,1,0.0,0.4,0,1.36368,0.598,0.802,0,0.0,0.0,1.36367,0.0,0.0,0,0,0,1.0,0.6703,0.035,0.67,0.098,2,0.646,1,0.008,1.36372,1.36336,1.301,0.821,0.0,2,0.4,0,0.646,1.306,3.0,0.435,0.365,1,1.36368,8,0.72,0.0,0.431,0.201,0.14,0.884,0.889,1.36828,1.37032,1.36339,-534130.854,-78991.1826,-2,1.36769,0.517,0.0,0.0,0.0,0.0,0,0.38,1,0,19316,0.746,0.561,0.438,22.0,22.0,0.2953,74.5,0.0,1,1,0.792,1.28023,1,1,0.425,1.21325,1,111.06,0.048,0.952,0.0,0.0,1.0,0.0,0.0,0.5,0.0,1.0,0.288,0.5,0.459,0.0,0.248,0.0,0,0,0.364,0.447,0.0,1.0,0.398,0.408,0.267,0.0,0.54,0.412,0.0,1.0,0.958
66760,2024.07.09 18:54:40,USDCADm,SWEEP_REVERSAL,BUY,3,1.36328,1.36252,1.3639,0.81,0.306,1.36368,1.36432,1.36343,0,0.625,0.291,-0.8088,1.36377,1.36382,1.36445,1.36268,1,0.0,0.45,0,1.36368,0.742,0.474,0,0.0,0.0,0.0,0.0,0.0,0,0,0,0.532,-0.4149,-0.0381,0.415,0.239,0,0.708,0,0.719,1.36373,1.36288,0.874,0.238,0.0,2,0.4,0,0.708,1.243,3.0,0.414,0.459,1,1.36368,8,0.748,0.0,0.388,0.124,0.284,0.855,0.917,1.36828,1.37032,1.36339,-534130.854,-78991.1826,-2,1.36769,0.517,0.0,0.0,0.0,0.0,0,0.38,1,0,19317,0.746,0.561,0.438,22.0,22.0,0.2892,76.1,0.0,1,1,0.792,1.28023,1,1,0.425,1.21325,1,109.174,0.048,0.952,0.0,0.0,1.0,0.0,0.0,0.5,0.0,0.865,0.455,0.5,0.459,0.0,0.329,0.0,0,0,0.297,0.368,0.0,1.0,0.625,0.446,0.366,0.0,0.494,0.412,0.0,1.0,0.772
66762,2024.07.09 19:04:40,USDCADm,MEAN_REVERSION,BUY,3,1.36345,1.36316,1.36387,1.45,0.63,1.36365,1.36398,1.36302,1,0.415,0.085,-0.5397,1.36377,1.36382,1.36445,1.36268,1,0.0,0.5,0,1.36365,0.72,0.479,0,0.0,0.0,1.36321,0.0,0.0,0,0,0,0.75,-0.72,-0.0825,0.72,0.841,0,0.677,0,0.475,1.36331,1.36287,0.102,0.46,0.0,2,0.15,0,0.677,0.972,3.0,0.324,0.413,1,1.36365,8,0.744,0.795,0.108,0.216,0.148,0.746,0.86,1.36828,1.37032,1.36339,-534130.854,-78991.1826,-2,1.36769,0.517,0.0,0.0,0.0,0.0,0,0.38,1,0,19318,0.746,0.561,0.438,22.0,22.0,0.2849,77.2,0.0,1,1,0.792,1.28023,1,1,0.425,1.21325,1,107.778,0.048,0.952,0.0,0.0,1.0,0.76,0.0,0.5,0.0,0.723,0.484,0.5,0.464,0.0,0.286,0.0,0,0,0.263,0.631,0.0,1.0,0.564,0.424,0.566,0.0,0.501,0.412,0.0,1.0,0.822
0,2024.07.10 01:00:00,USDCADm,ANCHORED_PULLBACK,BUY,1,1.3636,1.36358,1.3638,10.11,0.436,1.3632,1.36333,1.36307,0,0.218,0.062,0.274,1.36376,1.36331,1.36445,1.36268,1,0.0,0.35,0,1.3632,0.696,0.473,0,0.0,0.0,1.36316,0.0,0.0,0,0,0,1.0,-0.93,-0.1243,0.93,0.183,0,0.779,2,0.409,1.36318,1.36342,0.302,0.062,0.0291,2,0.15,0,0.779,1.268,3.0,0.423,0.477,1,1.36318,2,0.55,0.396,0.305,0.279,0.053,0.842,0.97,1.36823,1.37032,1.36339,-568257.6202,-18372.4812,-2,1.36757,0.521,0.0,0.0,0.0,0.0,0,0.342,1,0,19324,0.742,0.566,0.437,22.0,22.0,0.328,67.1,0.0,1,1,0.792,1.28023,1,1,0.425,1.21325,0,124.3,0.048,0.952,0.0,0.0,0.5,0.87,0.0,0.5,0.0,0.473,0.658,0.5,0.864,0.0,0.847,0.0,0,0,0.693,0.769,0.0,1.0,1.0,0.297,0.583,0.0,0.519,0.4,0.0,1.0,0.867
0,2024.07.10 05:00:00,USDCADm,BREAKOUT_RETEST,BUY,1,1.36331,1.36315,1.36352,1.28,0.436,1.36334,1.36349,1.36299,1,0.14,0.29,-0.4597,1.36335,1.36331,1.3642,1.36268,1,0.0,0.6,0,1.3633,0.703,0.38,0,0.0,0.0,0.0,0.0,0.0,0,0,0,0.136,0.3713,0.0108,0.371,0.765,0,0.718,0,0.658,1.36301,1.36291,0.14,0.327,0.0768,0,0.15,2,0.493,1.456,3.0,0.485,0.461,1,1.3633,8,0.741,0.72,0.13,0.811,0.184,0.864,0.759,1.36823,1.37032,1.36339,-563304.7647,4952.8555,-1,1.36757,0.519,0.0,0.0,0.0,0.0,0,0.355,1,0,19328,0.742,0.566,0.437,22.0,22.0,0.4021,54.7,0.0,1,1,0.792,1.28023,1,1,0.425,1.21325,-1,151.843,0.052,0.948,0.0,1.0,0.0,0.37,0.0,0.5,0.0,0.636,0.647,0.5,0.47,0.0,0.311,0.0,0,0,0.353,0.85,0.0,1.0,0.489,0.436,0.466,0.0,0.494,0.4,0.0,1.0,0.92
66764,2024.07.10 05:20:40,USDCADm,BREAKOUT,BUY,1,1.36342,1.36318,1.36479,5.67,0.166,1.36334,1.36349,1.36299,1,0.14,0.29,-0.2586,1.36335,1.36331,1.3642,1.36268,1,0.0,0.6,0,1.3633,0.703,0.38,0,0.0,0.0,0.0,0.0,0.0,0,0,0,0.136,0.3713,0.0108,0.371,0.327,0,0.747,0,0.658,1.36334,1.36291,0.259,0.528,0.0,2,0.15,0,0.747,1.203,3.0,0.401,0.5,1,1.36299,5,0.6,0.483,0.262,0.111,0.184,0.902,0.759,1.36823,1.37032,1.36339,-563304.7647,4952.8555,-1,1.36757,0.519,0.0,0.0,0.0,0.0,0,0.355,1,0,19328,0.742,0.566,0.437,22.0,22.0,0.4021,54.7,0.0,1,1,0.792,1.28023,1,1,0.425,1.21325,-1,152.044,0.052,0.948,0.0,1.0,0.0,0.99,0.0,0.5,0.0,0.463,0.62,0.5,0.541,0.0,0.317,0.0,0,0,0.361,0.76,0.0,1.0,0.635,0.242,0.501,0.0,0.531,0.4,0.0,1.0,0.831
66766,2024.07.10 05:20:59,USDCADm,TREND_CONTINUATION,BUY,1,1.3634,1.36274,1.36477,2.08,0.233,1.36334,1.36349,1.36299,1,0.14,0.29,-0.2952,1.36335,1.36331,1.3642,1.36268,1,0.0,0.6,0,1.3633,0.703,0.38,0,0.0,0.0,0.0,0.0,0.0,0,0,0,0.136,0.3713,0.0108,0.371,0.571,0,0.747,0,0.658,1.36334,1.36291,0.295,0.492,0.0,2,0.15,0,0.747,1.093,3.0,0.364,0.487,1,1.36299,5,0.6,0.41,0.189,0.111,0.184,0.902,0.759,1.36823,1.37032,1.36339,-563304.7647,4952.8555,-1,1.36757,0.519,0.0,0.0,0.0,0.0,0,0.355,1,0,19328,0.742,0.566,0.437,22.0,22.0,0.4021,54.7,0.0,1,1,0.792,1.28023,1,1,0.425,1.21325,-1,152.008,0.052,0.948,0.0,1.0,0.0,0.98,0.0,0.5,0.0,0.463,0.623,0.5,0.541,0.0,0.317,0.0,0,0,0.363,0.76,0.0,1.0,0.635,0.242,0.496,0.0,0.532,0.4,0.0,1.0,0.831
66768,2024.07.10 08:00:00,USDCADm,ANCHORED_PULLBACK,BUY,2,1.36411,1.36349,1.3649,1.27,0.534,1.36336,1.36356,1.3631,0,0.822,0.022,1.05,1.36335,1.36335,1.36422,1.36274,1,0.0,0.4,0,1.36336,0.663,0.639,0,0.0,0.0,1.36364,0.0,0.0,0,0,0,0.425,0.5182,0.0291,0.518,0.043,2,0.489,0,0.504,1.36342,1.36394,0.936,0.092,0.0943,0,0.15,2,0.636,1.781,3.0,0.594,0.504,2,1.36336,8,0.733,0.0,0.347,0.855,0.153,0.776,0.956,1.36823,1.3637,1.36339,-25739.6719,537565.0927,-1,1.36757,0.517,0.0,0.0,0.0,0.0,0,0.391,1,0,19331,0.731,0.572,0.436,22.0,22.0,0.4369,50.4,0.0,1,1,0.792,1.28023,1,1,0.425,1.21325,-1,166.57,0.548,0.452,0.0,1.0,0.0,0.8,0.0,0.5,0.0,0.33,0.561,0.5,0.365,0.0,0.586,0.0,0,0,0.38,0.481,0.0,1.0,0.81,0.747,0.688,0.0,0.513,0.4,0.0,1.0,0.92
66770,2024.07.10 08:49:40,USDCADm,PULLBACK,BUY,2,1.36412,1.36381,1.36444,1.03,0.297,1.36336,1.36356,1.3631,0,0.822,0.022,1.0699,1.36335,1.36335,1.36422,1.36274,1,0.0,0.4,0,1.36336,0.663,0.639,0,0.0,0.0,1.36364,0.0,0.0,0,0,0,0.425,0.5182,0.0291,0.518,0.043,0,0.789,0,0.504,1.36342,1.36394,0.956,0.072,0.0,2,0.15,0,0.789,1.331,3.0,0.444,0.49,1,1.36336,8,0.733,0.0,0.347,0.155,0.153,0.776,0.956,1.36823,1.3637,1.36339,-25739.6719,537565.0927,-1,1.36757,0.517,0.0,0.0,0.0,0.0,0,0.391,1,0,19331,0.731,0.572,0.436,22.0,22.0,0.4369,50.4,0.0,1,1,0.792,1.28023,1,1,0.425,1.21325,-1,166.59,0.548,0.452,0.0,1.0,0.0,0.37,0.0,0.5,0.0,0.465,0.467,0.5,0.411,0.0,0.382,0.0,0,0,0.296,0.403,0.0,1.0,0.865,0.36,0.819,0.0,0.598,0.429,0.0,1.0,0.845
0,2024.07.10 09:00:40,USDCADm,BREAKOUT_RETEST,BUY,2,1.36384,1.36365,1.36437,2.78,0.506,1.36336,1.36381,1.36314,1,0.332,1.047,0.5417,1.36335,1.36336,1.36422,1.36274,1,0.0,0.55,0,1.36336,0.721,0.212,0,0.0,0.0,1.3639,0.0,0.0,0,0,0,0.75,0.72,0.0881,0.72,0.343,0,0.65,0,0.482,1.36342,1.36412,0.416,1.026,0.0,2,0.0,0,0.65,1.195,3.0,0.398,0.471,1,1.36336,8,0.744,0.167,0.197,0.216,0.096,0.867,0.845,1.36823,1.3637,1.36339,-25739.6719,537565.0927,-1,1.36757,0.517,0.0,0.0,0.0,0.0,0,0.391,1,0,19332,0.731,0.572,0.436,22.0,22.0,0.4523,48.6,0.0,1,1,0.792,1.28023,1,1,0.425,1.21325,-1,171.885,0.548,0.452,0.0,1.0,0.0,0.0,0.0,0.5,0.0,0.632,0.21,0.5,0.466,0.0,0.334,0.0,0,0,0.447,0.616,1.0,1.0,0.416,0.581,0.565,0.0,0.535,0.429,0.0,1.0,0.958
0,2024.07.10 09:46:59,USDCADm,MEAN_REVERSION,BUY,2,1.3635,1.36331,1.36403,2.88,0.627,1.36336,1.36381,1.36314,1,0.332,1.047,-0.1573,1.36335,1.36336,1.36422,1.36274,1,0.0,0.55,0,1.36336,0.721,0.212,0,0.0,0.0,1.3639,0.0,0.0,0,0,0,0.75,0.72,0.0881,0.72,0.499,0,0.65,0,0.482,1.36323,1.36305,0.094,0.47,0.0,2,0.0,0,0.65,1.125,3.0,0.375,0.44,1,1.36381,4,0.6,0.813,0.15,0.216,0.096,0.688,0.816,1.36823,1.3637,1.36339,-25739.6719,537565.0927,-1,1.36757,0.517,0.0,0.0,0.0,0.0,0,0.391,1,0,19332,0.731,0.572,0.436,22.0,22.0,0.4523,48.6,0.0,1,1,0.792,1.28023,1,1,0.425,1.21325,-1,171.186,0.548,0.452,0.0,1.0,0.0,0.96,0.0,0.5,0.0,0.852,0.455,0.5,0.49,0.0,0.306,0.0,0,0,0.297,0.768,0.0,1.0,0.64,0.468,0.489,0.0,0.519,0.429,0.0,1.0,0.958
66772,2024.07.10 09:55:40,USDCADm,TREND_CONTINUATION,BUY,2,1.36366,1.36308,1.36437,1.22,0.47,1.36336,1.36381,1.36314,1,0.332,1.047,0.1717,1.36335,1.36336,1.36422,1.36274,1,0.0,0.55,0,1.36336,0.721,0.212,0,0.0,0.0,1.3639,0.0,0.0,0,0,0,0.75,0.72,0.0881,0.72,0.944,0,0.65,0,0.482,1.36342,1.36305,0.046,0.799,0.0,2,0.0,0,0.65,0.925,3.0,0.308,0.439,1,1.36314,5,0.6,0.907,0.017,0.216,0.096,0.867,0.816,1.36823,1.3637,1.36339,-25739.6719,537565.0927,-1,1.36757,0.517,0.0,0.0,0.0,0.0,0,0.391,1,0,19332,0.731,0.572,0.436,22.0,22.0,0.4523,48.6,0.0,1,1,0.792,1.28023,1,1,0.425,1.21325,-1,171.515,0.548,0.452,0.0,1.0,0.0,0.81,0.0,0.5,0.0,0.602,0.663,0.5,0.491,0.0,0.331,0.0,0,0,0.377,0.812,0.0,0.99,0.544,0.468,0.509,0.0,0.508,0.429,0.0,1.0,1.009
66774,2024.07.10 09:59:40,USDCADm,BREAKOUT,BUY,2,1.36357,1.36331,1.36437,3.13,0.334,1.36336,1.36381,1.36314,1,0.332,1.047,-0.0134,1.36335,1.36336,1.36422,1.36274,1,0.0,0.55,0,1.36336,0.721,0.212,0,0.0,0.0,1.3639,0.0,0.0,0,0,0,0.75,0.72,0.0881,0.72,1.0,0,0.65,0,0.482,1.36342,1.36305,0.139,0.614,0.0,2,0.0,0,0.65,0.9,3.0,0.3,0.436,1,1.36314,5,0.6,0.722,0.0,0.216,0.096,0.867,0.816,1.36823,1.3637,1.36339,-25739.6719,537565.0927,-1,1.36757,0.517,0.0,0.0,0.0,0.0,0,0.391,1,0,19332,0.731,0.572,0.436,22.0,22.0,0.4523,48.6,0.0,1,1,0.792,1.28023,1,1,0.425,1.21325,-1,171.33,0.548,0.452,0.0,1.0,0.0,0.38,0.0,0.5,0.0,0.692,0.647,0.5,0.491,0.0,0.364,0.0,0,0,0.381,0.812,0.0,0.99,0.544,0.468,0.497,0.0,0.572,0.429,0.0,1.0,0.923
66776,2024.07.10 10:40:20,USDCADm,SWEEP_REVERSAL,BUY,2,1.36324,1.36273,1.36369,0.88,0.248,1.36347,1.36381,1.36313,0,0.01,0.597,-0.8752,1.36335,1.36339,1.36424,1.36278,1,0.0,0.55,0,1.36347,0.735,0.909,0,0.0,0.0,1.36344,0.0,0.0,0,0,0,0.55,0.58,0.135,0.58,0.169,0,0.773,0,0.601,1.36337,1.36303,0.693,0.025,0.0,2,0.25,0,0.773,1.274,3.0,0.425,0.484,1,1.36347,8,0.747,0.0,0.349,0.174,0.208,0.833,0.821,1.36823,1.3637,1.36339,-25739.6719,537565.0927,-1,1.36757,0.517,0.0,0.0,0.0,0.0,0,0.391,1,0,19333,0.731,0.572,0.436,22.0,22.0,0.4308,51.1,0.0,1,1,0.792,1.28023,1,1,0.425,1.21325,-1,162.537,0.548,0.452,0.0,1.0,0.0,0.0,0.0,0.5,0.0,0.901,0.534,0.5,0.532,0.0,0.241,0.0,0,0,0.277,0.617,0.0,1.0,0.568,0.514,0.402,0.0,0.57,0.429,0.0,1.0,0.992
66778,2024.07.10 10:49:40,USDCADm,PULLBACK,BUY,2,1.36354,1.36329,1.36446,3.75,0.48,1.36347,1.36381,1.36313,1,0.01,0.597,-0.2878,1.36335,1.36339,1.36424,1.36278,1,0.0,0.55,0,1.36347,0.735,0.909,0,0.0,0.0,1.36344,0.0,0.0,0,0,0,0.55,0.58,0.135,0.58,0.78,0,0.773,0,0.601,1.36337,1.36303,0.106,0.562,0.0,2,0.25,0,0.773,0.999,3.0,0.333,0.452,1,1.36313,5,0.6,0.789,0.166,0.174,0.208,0.833,0.821,1.36823,1.3637,1.36339,-25739.6719,537565.0927,-1,1.36757,0.517,0.0,0.0,0.0,0.0,0,0.391,1,0,19333,0.731,0.572,0.436,22.0,22.0,0.4308,51.1,0.0,1,1,0.792,1.28023,1,1,0.425,1.21325,-1,163.124,0.548,0.452,0.0,1.0,0.0,0.93,0.0,0.5,0.0,0.914,0.614,0.5,0.523,0.0,0.306,0.0,0,0,0.348,0.8,0.0,1.0,0.555,0.514,0.455,0.0,0.589,0.429,0.0,1.0,0.959
0,2024.07.10 11:03:40,USDCADm,BREAKOUT_RETEST,BUY,2,1.36346,1.36331,1.36369,1.48,0.428,1.36347,1.36381,1.36313,1,0.006,0.249,-0.4451,1.36335,1.36349,1.36429,1.36292,1,0.0,0.55,0,1.36347,0.745,0.041,0,0.0,0.0,1.36317,0.0,0.0,0,0,0,0.6,0.615,0.0903,0.615,0.793,0,0.766,0,0.55,1.36316,1.36303,0.163,0.406,0.0,2,0.4,0,0.766,0.993,3.0,0.331,0.441,1,1.36347,8,0.749,0.675,0.222,0.185,0.25,0.996,0.758,1.36823,1.3637,1.36339,-25739.6719,537565.0927,-1,1.36757,0.517,0.0,0.0,0.0,0.0,0,0.391,1,0,19334,0.731,0.572,0.436,22.0,22.0,0.4314,51.0,0.0,1,1,0.792,1.28023,1,1,0.425,1.21325,0,163.196,0.548,0.452,0.0,1.0,0.5,0.6,0.0,0.5,0.0,0.551,0.527,0.5,0.496,0.0,0.318,0.0,0,0,0.292,0.776,0.0,1.0,0.756,0.468,0.568,0.0,0.53,0.429,0.0,1.0,0.923
0,2024.07.10 11:46:59,USDCADm,MEAN_REVERSION,BUY,2,1.36351,1.36333,1.36369,0.96,0.684,1.36347,1.36381,1.36313,1,0.006,0.249,-0.3471,1.36335,1.36349,1.36429,1.36292,1,0.0,0.55,0,1.36347,0.745,0.041,0,0.0,0.0,1.36317,0.0,0.0,0,0,0,0.6,0.615,0.0903,0.615,0.645,0,0.766,0,0.55,1.36341,1.36303,0.225,0.504,0.0,2,0.4,0,0.766,1.06,3.0,0.353,0.445,1,1.36347,8,0.749,0.549,0.267,0.185,0.25,0.967,0.758,1.36823,1.3637,1.36339,-25739.6719,537565.0927,-1,1.36757,0.517,0.0,0.0,0.0,0.0,0,0.391,1,0,19334,0.731,0.572,0.436,22.0,22.0,0.4314,51.0,0.0,1,1,0.792,1.28023,1,1,0.425,1.21325,0,163.294,0.548,0.452,0.0,1.0,0.5,0.06,0.0,0.5,0.0,0.438,0.4,0.5,0.521,0.0,0.308,0.0,0,0,0.339,0.8,0.0,1.0,0.978,0.549,0.568,0.0,0.499,0.429,0.0,1.0,0.872
66780,2024.07.10 11:55:40,USDCADm,TREND_CONTINUATION,BUY,2,1.3636,1.36299,1.36488,2.08,0.404,1.36347,1.36381,1.36313,1,0.006,0.249,-0.1706,1.36335,1.36349,1.36429,1.36292,1,0.0,0.55,0,1.36347,0.745,0.041,0,0.0,0.0,1.36317,0.0,0.0,0,0,0,0.6,0.615,0.0903,0.615,0.869,0,0.766,0,0.55,1.36341,1.36303,0.049,0.68,0.0,2,0.4,0,0.766,0.959,3.0,0.32,0.433,1,1.36313,5,0.6,0.902,0.199,0.185,0.25,0.967,0.758,1.36823,1.3637,1.36339,-25739.6719,537565.0927,-1,1.36757,0.517,0.0,0.0,0.0,0.0,0,0.391,1,0,19334,0.731,0.572,0.436,22.0,22.0,0.4314,51.0,0.0,1,1,0.792,1.28023,1,1,0.425,1.21325,0,163.471,0.548,0.452,0.0,1.0,0.5,0.48,0.0,0.5,0.0,0.404,0.517,0.5,0.504,0.0,0.359,0.0,0,0,0.305,0.8,0.0,1.0,0.723,0.549,0.503,0.0,0.522,0.429,0.0,1.0,0.923
66781,2024.07.10 11:59:40,USDCADm,BREAKOUT,BUY,2,1.36366,1.36333,1.36494,3.82,0.288,1.36347,1.36381,1.36313,1,0.006,0.249,-0.0529,1.36335,1.36349,1.36429,1.36292,1,0.0,0.55,0,1.36347,0.745,0.041,0,0.0,0.0,1.36317,0.0,0.0,0,0,0,0.6,0.615,0.0903,0.615,0.882,0,0.766,0,0.55,1.36341,1.36303,0.069,0.798,0.0,2,0.4,0,0.766,0.953,3.0,0.318,0.432,1,1.36313,5,0.6,0.863,0.195,0.185,0.25,0.967,0.758,1.36823,1.3637,1.36339,-25739.6719,537565.0927,-1,1.36757,0.517,0.0,0.0,0.0,0.0,0,0.391,1,0,19334,0.731,0.572,0.436,22.0,22.0,0.4314,51.0,0.0,1,1,0.792,1.28023,1,1,0.425,1.21325,0,163.588,0.548,0.452,0.0,1.0,0.5,0.71,0.0,0.5,0.0,0.404,0.565,0.5,0.504,0.0,0.395,0.0,0,0,0.348,0.76,0.0,1.0,0.723,0.549,0.509,0.0,0.501,0.429,0.0,1.0,0.838
66784,2024.07.10 12:40:20,USDCADm,SWEEP_REVERSAL,BUY,2,1.36294,1.3624,1.36338,0.81,0.162,1.36316,1.36381,1.363,0,0.006,0.223,-0.8071,1.36335,1.36349,1.36429,1.36292,0,0.0,0.65,2,1.36316,0.687,0.898,0,0.0,0.0,1.36336,0.0,0.0,0,0,0,0.65,0.825,0.0627,0.825,0.137,2,0.557,3,0.348,1.36319,1.363,0.864,0.521,0.0,2,0.15,0,0.557,1.288,3.0,0.429,0.417,1,1.36316,8,0.737,0.0,0.319,0.247,0.053,0.849,0.822,1.36823,1.3637,1.36339,-26136.644,-396.9721,-2,1.36757,0.518,0.0,0.0,0.0,0.0,0,0.433,1,0,19335,0.731,0.572,0.436,22.0,22.0,0.4063,54.1,0.0,1,1,0.792,1.28023,1,1,0.425,1.21325,1,152.763,0.048,0.952,0.0,0.0,1.0,0.01,0.0,0.5,0.0,0.637,0.423,0.5,0.489,0.0,0.489,0.0,0,0,0.388,0.37,0.0,0.475,0.74,0.8,0.275,0.0,0.525,0.429,0.0,1.0,0.919
66786,2024.07.10 12:50:40,USDCADm,PULLBACK,BUY,2,1.36252,1.36171,1.36338,1.06,0.373,1.36316,1.36381,1.363,0,0.006,0.223,-1.5828,1.36335,1.36349,1.36429,1.36292,0,0.0,0.65,2,1.36316,0.687,0.898,0,0.0,0.0,1.36336,0.0,0.0,0,0,0,0.65,0.825,0.0627,0.825,0.137,2,0.557,3,0.348,1.36319,1.363,1.64,1.297,0.0,2,0.15,0,0.557,1.288,3.0,0.429,0.417,1,1.36316,8,0.737,0.0,0.319,0.247,0.053,0.849,0.822,1.36823,1.3637,1.36339,-26136.644,-396.9721,-2,1.36757,0.518,0.0,0.0,0.0,0.0,0,0.433,1,0,19335,0.731,0.572,0.436,22.0,22.0,0.4063,54.1,0.0,1,1,0.792,1.28023,1,1,0.425,1.21325,1,151.987,0.048,0.952,0.0,0.0,1.0,0.0,0.0,0.5,0.0,0.621,0.299,0.5,0.458,0.0,0.538,0.0,0,0,0.473,0.37,0.0,0.095,0.74,0.594,0.197,0.0,0.525,0.429,0.0,1.0,0.919
66788,2024.07.10 13:40:20,USDCADm,BREAKOUT_RETEST,BUY,4,1.36328,1.36306,1.36355,1.19,0.613,1.36314,1.36347,1.3629,1,1.56,0.223,-0.1212,1.36327,1.36336,1.36415,1.36292,1,0.0,0.3,4,1.36333,0.735,0.491,0,0.0,0.0,1.36297,0.0,0.0,0,0,-1,1.0,0.86,0.0519,0.86,0.494,0,0.712,2,0.445,1.36328,1.36243,0.344,0.993,0.0,2,0.15,0,0.712,1.128,3.0,0.376,0.452,1,1.36333,8,0.747,0.312,0.212,0.258,0.202,0.874,0.943,1.36823,1.3637,1.36339,-26136.644,-396.9721,-2,1.36757,0.518,0.0,0.0,0.0,0.0,0,0.433,1,0,19336,0.731,0.572,0.436,22.0,22.0,0.3441,63.9,0.0,1,1,0.792,1.28023,1,1,0.425,1.21325,0,129.911,0.048,0.952,0.0,0.0,0.5,0.99,0.0,0.5,0.921,0.493,0.524,0.5,0.726,0.0,0.653,0.0,0,0,0.493,0.547,1.0,1.0,1.0,0.491,0.559,0.0,0.52,0.429,0.0,1.0,0.755
66790,2024.07.10 13:47:40,USDCADm,MEAN_REVERSION,BUY,4,1.36286,1.36235,1.36336,0.97,0.649,1.36314,1.36347,1.3629,0,1.56,0.223,-0.7782,1.36327,1.36336,1.36415,1.36292,0,0.0,0.3,4,1.36333,0.735,0.491,0,0.0,0.0,1.36297,0.0,0.0,0,0,-1,1.0,0.86,0.0519,0.86,0.108,0,0.712,2,0.445,1.36328,1.36243,1.001,0.336,0.0,2,0.15,0,0.712,1.301,3.0,0.434,0.472,1,1.36314,1,0.7,0.0,0.328,0.258,0.202,0.874,0.943,1.36823,1.3637,1.36339,-26136.644,-396.9721,-2,1.36757,0.518,0.0,0.0,0.0,0.0,0,0.433,1,0,19336,0.731,0.572,0.436,22.0,22.0,0.3441,63.9,0.0,1,1,0.792,1.28023,1,1,0.425,1.21325,0,129.254,0.048,0.952,0.0,0.0,0.5,0.44,0.0,0.5,0.0,0.493,0.465,0.5,0.647,0.0,0.599,0.0,0,0,0.455,0.178,1.0,0.491,1.0,0.594,0.303,0.0,0.496,0.429,0.0,1.0,0.896
66792,2024.07.10 13:56:40,USDCADm,TREND_CONTINUATION,BUY,4,1.36246,1.36169,1.36336,1.17,0.583,1.36314,1.36347,1.3629,0,1.56,0.223,-1.4039,1.36327,1.36336,1.36415,1.36292,0,0.0,0.3,4,1.36333,0.735,0.491,0,0.0,0.0,1.36297,0.0,0.0,0,0,-1,1.0,0.86,0.0519,0.86,0.055,0,0.712,2,0.445,1.36328,1.36243,1.627,0.289,0.0,2,0.15,0,0.712,1.325,3.0,0.442,0.475,1,1.36314,1,0.7,0.0,0.344,0.258,0.202,0.874,0.943,1.36823,1.3637,1.36339,-26136.644,-396.9721,-2,1.36757,0.518,0.0,0.0,0.0,0.0,0,0.433,1,0,19336,0.731,0.572,0.436,22.0,22.0,0.3441,63.9,0.0,1,1,0.792,1.28023,1,1,0.425,1.21325,0,128.628,0.048,0.952,0.0,0.0,0.5,0.0,0.0,0.5,0.0,0.493,0.401,0.5,0.527,0.0,0.553,0.0,0,0,0.439,0.165,1.0,0.156,1.0,0.601,0.221,0.0,0.496,0.429,0.0,1.0,0.896
66794,2024.07.10 14:40:20,USDCADm,SWEEP_REVERSAL,BUY,4,1.36181,1.36109,1.36338,2.18,0.144,1.36316,1.36353,1.36237,0,0.599,0.424,-2.18,1.36313,1.36339,1.36417,1.36295,0,0.0,0.55,0,1.36316,0.697,0.167,0,0.0,0.0,1.36275,0.0,0.0,0,0,-1,0.203,-0.3705,-0.0107,0.37,0.146,0,0.701,0,0.512,1.36274,1.3619,1.596,0.427,0.0,2,0.0,0,0.701,1.284,3.0,0.428,0.472,1,1.36316,8,0.739,0.0,0.256,0.111,0.102,0.661,0.858,1.36823,1.3637,1.36339,-26136.644,-396.9721,-2,1.36757,0.518,0.0,0.0,0.0,0.0,0,0.433,1,0,19337,0.731,0.572,0.436,22.0,22.0,0.3046,72.2,0.0,1,1,0.792,1.28023,1,1,0.425,1.21325,0,112.969,0.048,0.952,0.0,0.0,0.5,0.76,0.0,0.5,0.0,0.569,0.406,0.5,0.494,0.0,0.559,0.0,0,0,0.428,0.499,0.0,0.096,1.0,0.682,0.143,0.0,0.427,0.429,0.0,1.0,0.838
66796,2024.07.10 16:00:20,USDCADm,MEAN_REVERSION,BUY,4,1.36108,1.36042,1.36169,0.93,0.632,1.36189,1.36279,1.36126,0,0.746,0.239,-1.2527,1.36323,1.36342,1.36412,1.36292,0,0.0,0.55,0,1.36189,0.785,0.622,0,0.0,0.0,1.36088,0.0,0.0,0,0,-1,0.825,-0.755,-0.2548,0.755,0.554,2,0.649,0,0.745,1.36147,1.36113,0.746,0.324,0.0,2,0.15,0,0.649,1.101,3.0,0.367,0.47,1,1.36147,2,0.55,0.0,0.194,0.226,0.202,0.868,0.679,1.36823,1.3637,1.36339,-24045.1192,2091.5249,-1,1.36757,0.52,0.0,0.0,0.0,0.0,0,0.0,1,0,19339,0.731,0.572,0.436,22.0,22.0,0.2683,82.0,0.0,1,1,0.792,1.28023,1,1,0.425,1.21325,0,98.598,0.091,0.909,0.0,1.0,0.5,0.03,0.0,0.5,0.0,1.0,0.561,0.5,0.485,0.0,0.272,0.0,0,0,0.291,0.371,0.0,0.338,1.0,0.874,0.178,0.0,0.433,0.417,0.0,1.0,0.789
66798,2024.07.10 16:40:20,USDCADm,SWEEP_REVERSAL,BUY,4,1.36145,1.36063,1.36211,0.8,0.217,1.36189,1.36279,1.36126,0,0.746,0.239,-0.8015,1.36323,1.36342,1.36412,1.36292,0,0.0,0.55,0,1.36189,0.785,0.622,0,0.0,0.0,1.36088,0.0,0.0,0,0,-1,0.825,-0.755,-0.2548,0.755,0.204,2,0.649,0,0.745,1.36147,1.36113,0.295,0.127,0.0,2,0.15,0,0.649,1.258,3.0,0.419,0.488,1,1.36189,8,0.757,0.41,0.299,0.226,0.202,0.868,0.679,1.36823,1.3637,1.36339,-24045.1192,2091.5249,-1,1.36757,0.52,0.0,0.0,0.0,0.0,0,0.0,1,0,19339,0.731,0.572,0.436,22.0,22.0,0.2683,82.0,0.0,1,1,0.792,1.28023,1,1,0.425,1.21325,0,99.049,0.091,0.909,0.0,1.0,0.5,0.71,0.0,0.5,0.0,1.0,0.64,0.5,0.509,0.0,0.23,0.0,0,0,0.329,0.364,0.0,0.193,1.0,0.866,0.251,0.0,0.445,0.417,0.0,1.0,0.789
0,2024.07.10 16:52:40,USDCADm,ANCHORED_PULLBACK,BUY,4,1.36139,1.36135,1.36303,40.25,0.414,1.36189,1.36279,1.36126,0,0.746,0.239,-0.8747,1.36323,1.36342,1.36412,1.36292,0,0.0,0.55,0,1.36189,0.785,0.622,0,0.0,0.0,1.36088,0.0,0.0,0,0,-1,0.825,-0.755,-0.2548,0.755,0.204,2,0.649,0,0.745,1.36147,1.36113,0.368,0.054,0.0,2,0.15,0,0.649,1.258,3.0,0.419,0.488,1,1.36147,2,0.55,0.264,0.299,0.226,0.202,0.868,0.679,1.36823,1.3637,1.36339,-24045.1192,2091.5249,-1,1.36757,0.52,0.0,0.0,0.0,0.0,0,0.0,1,0,19339,0.731,0.572,0.436,22.0,22.0,0.2683,82.0,0.0,1,1,0.792,1.28023,1,1,0.425,1.21325,0,98.976,0.091,0.909,0.0,1.0,0.5,0.03,0.0,0.5,0.0,1.0,0.619,0.5,0.448,0.0,0.2,0.0,0,0,0.286,0.364,0.0,0.193,1.0,0.866,0.566,0.0,0.433,0.417,0.0,1.0,0.789
66800,2024.07.10 19:00:00,USDCADm,BREAKOUT,BUY,3,1.36229,1.36152,1.36451,2.89,0.692,1.36123,1.36183,1.36071,0,0.766,0.405,0.9461,1.36323,1.36342,1.36412,1.36272,0,0.0,0.7,0,1.36091,0.732,0.0,1,0.0,0.0,0.0,0.0,0.0,0,0,-1,1.0,-0.685,-0.326,0.685,0.564,2,0.612,3,0.409,1.36139,1.36227,0.766,0.225,0.227,0,0.25,2,1.0,1.546,3.0,0.515,0.567,2,1.36123,1,0.7,0.0,0.231,0.906,0.088,0.981,0.514,1.36823,1.3637,1.36339,-24045.1192,2091.5249,-1,1.36757,0.52,0.0,0.0,0.0,0.0,0,0.0,1,0,19342,0.718,0.577,0.436,22.0,22.0,0.2478,88.8,0.0,1,1,0.792,1.28023,1,1,0.425,1.21325,0,92.425,0.091,0.909,0.0,1.0,0.5,0.87,0.0,0.5,0.0,0.605,0.459,0.5,0.383,0.0,0.289,0.0,0,0,0.255,0.506,0.0,0.551,0.853,0.793,0.518,0.0,0.39,0.444,0.0,1.0,0.934
66802,2024.07.10 23:06:40,USDCADm,MEAN_REVERSION,BUY,1,1.36186,1.36119,1.3624,0.8,0.609,1.36165,1.36211,1.36153,1,0.119,0.683,-0.0119,1.36323,1.36342,1.36412,1.36272,0,0.0,0.6,2,1.36218,0.683,0.487,0,0.0,0.0,0.0,0.0,0.0,0,0,-1,0.928,-0.8184,-0.0273,0.818,1.0,2,0.633,3,0.414,1.36163,1.36199,0.017,0.413,0.0,2,0.0,0,0.633,0.9,3.0,0.3,0.432,1,1.36218,8,0.737,0.967,0.0,0.246,0.0,0.935,0.673,1.36823,1.3637,1.36339,-24004.2493,40.8699,-1,1.36757,0.52,0.0,0.0,0.0,0.0,0,0.195,1,0,19346,0.718,0.577,0.436,22.0,22.0,0.2628,83.7,0.0,1,1,0.792,1.28023,1,1,0.425,1.21325,-1,97.51,0.049,0.951,0.0,1.0,0.0,0.32,0.0,0.5,0.0,0.902,0.682,0.5,0.562,0.0,0.262,0.0,0,0,0.383,0.871,0.0,0.342,0.553,0.289,0.35,0.0,0.429,0.444,0.0,1.0,0.816
66804,2024.07.11 00:00:00,USDCADm,PULLBACK,BUY,1,1.36199,1.36079,1.36434,1.96,0.446,1.36167,1.36181,1.36153,1,0.126,0.301,0.1257,1.36323,1.36342,1.36412,1.36272,0,0.0,0.45,0,1.36167,0.653,0.758,0,0.0,0.0,0.0,0.0,0.0,0,0,-1,0.45,0.685,0.0544,0.685,0.65,0,0.819,1,0.196,1.36162,1.36201,0.184,0.301,-0.3716,1,0.3,1,1.0,0.608,3.0,0.203,0.398,1,1.36153,5,0.6,0.632,0.525,0.206,0.105,0.783,0.856,1.36823,1.3637,1.36339,-25369.7605,-1365.5112,-2,1.36757,0.52,0.0,0.0,0.0,0.0,0,0.201,1,0,19347,0.718,0.577,0.436,22.0,22.0,0.2752,79.9,0.0,1,1,0.792,1.28023,1,1,0.425,1.21325,-1,102.291,0.048,0.952,0.0,0.0,0.0,0.63,0.0,0.5,0.0,0.517,0.5,0.5,0.516,0.0,0.226,0.0,0,0,0.245,0.741,0.0,0.431,0.634,0.029,0.35,0.0,0.427,0.444,0.0,1.0,0.707
66806,2024.07.11 01:01:00,USDCADm,BREAKOUT,BUY,1,1.3622,1.36101,1.36419,1.67,0.489,1.36167,1.36184,1.36156,0,0.326,0.001,0.3865,1.36184,1.36342,1.36412,1.36272,0,0.0,0.55,0,1.36196,0.664,0.224,0,0.0,0.0,0.0,0.0,0.0,0,0,-1,0.75,0.72,0.0825,0.72,0.2,0,0.781,0,0.38,1.36175,1.36201,0.288,0.039,0.0,2,0.15,0,0.781,1.26,3.0,0.42,0.457,1,1.36167,1,0.7,0.423,0.3,0.216,0.129,0.719,0.881,1.36823,1.3637,1.36339,-25369.7605,-1365.5112,-2,1.36757,0.52,0.0,0.0,0.0,0.0,0,0.201,1,0,19348,0.718,0.577,0.436,22.0,22.0,0.277,79.4,0.0,1,1,0.792,1.28023,1,1,0.425,1.21325,-1,103.2,0.048,0.952,0.0,0.0,0.0,0.7,0.0,0.5,0.0,0.493,0.564,0.5,0.881,0.0,0.602,0.0,0,0,0.544,0.565,0.0,0.529,1.0,0.366,0.35,0.0,0.444,0.444,0.0,1.0,0.914
66808,2024.07.11 01:35:59,USDCADm,TREND_CONTINUATION,BUY,1,1.36233,1.36138,1.36432,2.08,0.477,1.36167,1.36184,1.36156,0,0.326,0.001,0.5502,1.36184,1.36342,1.36412,1.36272,0,0.0,0.55,0,1.36196,0.664,0.224,0,0.0,0.0,0.0,0.0,0.0,0,0,-1,0.75,0.72,0.0825,0.72,0.063,0,0.781,0,0.38,1.36175,1.36201,0.452,0.125,0.0,2,0.15,0,0.781,1.322,3.0,0.441,0.464,1,1.36167,1,0.7,0.096,0.341,0.216,0.129,0.719,0.881,1.36823,1.3637,1.36339,-25369.7605,-1365.5112,-2,1.36757,0.52,0.0,0.0,0.0,0.0,0,0.201,1,0,19348,0.718,0.577,0.436,22.0,22.0,0.277,79.4,0.0,1,1,0.792,1.28023,1,1,0.425,1.21325,-1,103.363,0.048,0.952,0.0,0.0,0.0,0.0,0.0,0.5,0.0,0.855,0.408,0.5,0.583,0.0,0.595,0.0,0,0,0.468,0.533,0.0,0.625,1.0,0.202,0.516,0.0,0.453,0.444,0.0,1.0,0.908
66810,2024.07.11 01:45:40,USDCADm,BREAKOUT_RETEST,BUY,1,1.36187,1.36163,1.36218,1.3,0.501,1.36167,1.36184,1.36156,1,0.326,0.001,-0.029,1.36184,1.36342,1.36412,1.36272,0,0.0,0.55,0,1.36196,0.664,0.224,0,0.0,0.0,0.0,0.0,0.0,0,0,-1,0.75,0.72,0.0825,0.72,0.6,0,0.781,0,0.38,1.36169,1.36154,0.045,0.135,0.0,2,0.15,0,0.781,1.08,3.0,0.36,0.453,1,1.36196,8,0.733,0.909,0.18,0.216,0.129,0.853,0.851,1.36823,1.3637,1.36339,-25369.7605,-1365.5112,-2,1.36757,0.52,0.0,0.0,0.0,0.0,0,0.201,1,0,19348,0.718,0.577,0.436,22.0,22.0,0.277,79.4,0.0,1,1,0.792,1.28023,1,1,0.425,1.21325,-1,102.784,0.048,0.952,0.0,0.0,0.0,0.0,0.0,0.5,0.0,0.506,0.176,0.5,0.549,0.0,0.614,0.0,0,0,0.604,0.562,0.0,0.625,1.0,0.12,0.35,0.0,0.44,0.444,0.0,1.0,0.745
66812,2024.07.11 02:00:00,USDCADm,ANCHORED_PULLBACK,BUY,1,1.36172,1.36147,1.362,1.14,0.708,1.36165,1.362,1.36155,0,0.143,0.012,-0.1942,1.36184,1.36342,1.36412,1.36272,0,0.0,0.55,0,1.36165,0.67,0.592,0,0.0,0.0,1.36165,0.0,0.0,0,0,-1,0.825,0.58,0.0781,0.58,0.071,0,0.686,0,0.447,1.36163,1.36151,0.168,0.014,0.2074,0,0.4,2,1.0,1.768,3.0,0.589,0.551,2,1.362,4,0.6,0.663,0.439,0.874,0.229,0.79,0.892,1.36823,1.3637,1.36339,-25369.7605,-1365.5112,-2,1.36757,0.52,0.0,0.0,0.0,0.0,0,0.201,1,0,19349,0.718,0.577,0.436,22.0,22.0,0.2765,79.6,0.0,1,1,0.792,1.28023,1,1,0.425,1.21325,-1,102.411,0.048,0.952,0.0,0.0,0.0,0.03,0.0,0.5,0.0,0.477,0.309,0.5,0.679,0.0,0.623,0.0,0,0,0.567,0.534,0.0,0.806,1.0,0.574,0.35,0.0,0.392,0.444,0.0,1.0,0.978
66814,2024.07.11 02:59:40,USDCADm,PULLBACK,BUY,1,1.36201,1.36082,1.36434,1.95,0.549,1.36165,1.362,1.36155,1,0.143,0.012,0.1703,1.36184,1.36342,1.36412,1.36272,0,0.0,0.55,0,1.36165,0.67,0.592,0,0.0,0.0,1.36165,0.0,0.0,0,0,-1,0.825,0.58,0.0781,0.58,0.574,0,0.7,0,0.447,1.36163,1.36151,0.196,0.351,0.0,2,0.4,0,0.7,1.092,3.0,0.364,0.397,1,0.0,0,0.0,0.608,0.288,0.174,0.229,0.79,0.892,1.36823,1.3637,1.36339,-25369.7605,-1365.5112,-2,1.36757,0.52,0.0,0.0,0.0,0.0,0,0.201,1,0,19349,0.718,0.577,0.436,22.0,22.0,0.2765,79.6,0.0,1,1,0.792,1.28023,1,1,0.425,1.21325,-1,102.776,0.048,0.952,0.0,0.0,0.0,0.99,0.0,0.5,0.0,1.0,0.592,0.5,0.567,0.0,0.381,0.0,0,0,0.377,0.776,0.0,0.754,1.0,0.264,0.54,0.0,0.473,0.444,0.0,1.0,0.827
66816,2024.07.11 04:03:40,USDCADm,MEAN_REVERSION,BUY,1,1.36173,1.36121,1.36219,0.88,0.661,1.36197,1.36209,1.36155,0,0.012,0.315,-0.7027,1.36184,1.36342,1.36432,1.36272,0,0.0,0.55,0,1.36197,0.75,0.619,0,0.0,0.0,0.0,0.0,0.0,0,0,-1,0.5,-0.545,-0.0905,0.545,0.704,0,0.685,0,0.64,1.36157,1.36135,0.095,0.246,0.0,2,0.25,0,0.685,1.033,3.0,0.344,0.454,1,1.36197,8,0.75,0.809,0.189,0.164,0.216,0.959,0.875,1.36823,1.3637,1.36339,-25369.7605,0.0,-1,1.36757,0.522,0.0,0.0,0.0,0.0,0,0.183,1,0,19351,0.718,0.58,0.437,22.0,22.0,0.3373,65.2,0.0,1,1,0.792,1.28023,1,1,0.425,1.21325,-1,124.973,0.048,0.952,0.0,0.0,0.0,0.0,0.0,0.5,0.0,1.0,0.49,0.5,0.578,0.0,0.337,0.0,0,0,0.314,0.733,0.0,0.579,0.973,0.484,0.275,0.0,0.482,0.444,0.0,1.0,0.865
66818,2024.07.11 04:15:40,USDCADm,SWEEP_REVERSAL,BUY,1,1.36166,1.36101,1.36219,0.81,0.247,1.36197,1.36209,1.36155,0,0.012,0.315,-0.81,1.36184,1.36342,1.36432,1.36272,0,0.0,0.55,0,1.36197,0.75,0.619,0,0.0,0.0,0.0,0.0,0.0,0,0,-1,0.5,-0.545,-0.0905,0.545,0.348,0,0.685,0,0.64,1.36157,1.36135,0.203,0.139,0.0,2,0.25,0,0.685,1.194,3.0,0.398,0.473,1,1.36197,8,0.75,0.594,0.296,0.164,0.216,0.959,0.875,1.36823,1.3637,1.36339,-25369.7605,0.0,-1,1.36757,0.522,0.0,0.0,0.0,0.0,0,0.183,1,0,19351,0.718,0.58,0.437,22.0,22.0,0.3373,65.2,0.0,1,1,0.792,1.28023,1,1,0.425,1.21325,-1,124.865,0.048,0.952,0.0,0.0,0.0,0.0,0.0,0.5,0.0,1.0,0.483,0.5,0.583,0.0,0.344,0.0,0,0,0.323,0.651,0.0,0.643,1.0,0.403,0.222,0.0,0.465,0.444,0.0,1.0,0.818
66820,2024.07.11 05:00:00,USDCADm,ANCHORED_PULLBACK,BUY,1,1.36228,1.36185,1.36329,2.33,0.663,1.36157,1.36194,1.3614,0,0.715,0.093,0.7959,1.36184,1.36342,1.36432,1.36272,0,0.0,0.55,0,1.36157,0.698,0.249,0,0.0,0.0,1.36203,0.0,0.0,0,0,-1,0.55,-0.58,-0.0865,0.58,0.591,2,0.419,0,0.379,1.36155,1.36214,0.836,0.133,-0.0,2,0.4,3,0.665,1.684,3.0,0.561,0.467,1,1.36157,8,0.74,0.0,0.283,0.574,0.216,0.939,0.815,1.36823,1.3637,1.36339,-25369.7605,0.0,-1,1.36757,0.522,0.0,0.0,0.0,0.0,0,0.183,1,0,19352,0.718,0.58,0.437,22.0,22.0,0.359,61.3,0.0,1,1,0.792,1.28023,1,1,0.425,1.21325,0,133.881,0.048,0.952,0.0,0.0,0.5,0.93,0.0,0.5,0.0,0.906,0.457,0.5,0.438,0.0,0.22,0.0,0,0,0.245,0.433,0.0,0.601,0.783,0.459,0.563,0.0,0.441,0.444,0.0,1.0,0.741
66822,2024.07.11 07:00:00,USDCADm,ANCHORED_PULLBACK,BUY,1,1.36265,1.36243,1.36354,3.99,0.622,1.3619,1.36212,1.36144,0,0.734,0.178,0.9564,1.36184,1.36342,1.36432,1.36272,0,0.0,0.55,0,1.3619,0.709,0.319,0,0.0,0.0,1.36259,0.0,0.0,0,0,-1,0.295,0.257,0.0184,0.257,0.274,0,0.725,0,0.35,1.36193,1.36236,0.901,0.122,0.2234,0,0.4,2,1.0,1.677,3.0,0.559,0.533,2,1.3619,8,0.742,0.0,0.378,0.777,0.21,0.828,0.877,1.36823,1.3637,1.36339,-25369.7605,0.0,-1,1.36757,0.522,0.0,0.0,0.0,0.0,0,0.183,1,0,19354,0.718,0.58,0.437,22.0,22.0,0.3979,55.3,0.0,1,1,0.792,1.28023,1,1,0.425,1.21325,0,149.08,0.048,0.952,0.0,0.0,0.5,0.06,0.0,0.5,0.0,0.456,0.533,0.5,0.476,0.0,0.713,0.0,0,0,0.448,0.446,0.0,0.337,0.681,0.998,0.35,0.0,0.43,0.417,0.0,1.0,0.834
66824,2024.07.11 07:36:40,USDCADm,BREAKOUT,BUY,1,1.36305,1.36219,1.36443,1.61,0.345,1.3619,1.36212,1.36144,0,0.734,0.178,1.6799,1.36184,1.36342,1.36432,1.36272,1,0.0,0.55,0,1.3619,0.709,0.319,0,0.0,0.0,1.36259,0.0,0.0,0,0,-1,0.295,0.257,0.0184,0.257,0.16,0,0.756,0,0.35,1.36193,1.36236,1.624,0.846,0.0,2,0.4,0,0.756,1.278,3.0,0.426,0.425,1,1.3619,8,0.742,0.0,0.412,0.077,0.21,0.828,0.877,1.36823,1.3637,1.36339,-25369.7605,0.0,-1,1.36757,0.522,0.0,0.0,0.0,0.0,0,0.183,1,0,19354,0.718,0.58,0.437,22.0,22.0,0.3979,55.3,0.0,1,1,0.792,1.28023,1,1,0.425,1.21325,0,149.804,0.048,0.952,0.0,0.0,0.5,0.04,0.0,0.5,0.0,0.448,0.487,0.5,0.467,0.0,0.734,0.0,0,0,0.441,0.558,0.0,1.0,0.629,0.553,0.773,0.0,0.525,0.429,0.0,1.0,0.813
66825,2024.07.11 07:36:59,USDCADm,PULLBACK,BUY,1,1.36306,1.36276,1.36454,4.9,0.218,1.3619,1.36212,1.36144,0,0.734,0.178,1.698,1.36184,1.36342,1.36432,1.36272,1,0.0,0.55,0,1.3619,0.709,0.319,0,0.0,0.0,1.36259,0.0,0.0,0,0,-1,0.295,0.257,0.0184,0.257,0.16,0,0.756,0,0.35,1.36193,1.36236,1.642,0.864,0.0,2,0.4,0,0.756,1.278,3.0,0.426,0.425,1,1.3619,8,0.742,0.0,0.412,0.077,0.21,0.828,0.877,1.36823,1.3637,1.36339,-25369.7605,0.0,-1,1.36757,0.522,0.0,0.0,0.0,0.0,0,0.183,1,0,19354,0.718,0.58,0.437,22.0,22.0,0.3979,55.3,0.0,1,1,0.792,1.28023,1,1,0.425,1.21325,0,149.822,0.048,0.952,0.0,0.0,0.5,0.05,0.0,0.5,0.0,0.448,0.475,0.5,0.467,0.0,0.734,0.0,0,0,0.449,0.558,0.0,1.0,0.629,0.553,0.773,0.0,0.525,0.429,0.0,1.0,0.813
66826,2024.07.11 07:38:40,USDCADm,TREND_CONTINUATION,BUY,1,1.36316,1.3625,1.36454,2.08,0.258,1.3619,1.36212,1.36144,0,0.734,0.178,1.8789,1.36184,1.36342,1.36432,1.36272,1,0.0,0.55,0,1.3619,0.709,0.319,0,0.0,0.0,1.36259,0.0,0.0,0,0,-1,0.295,0.257,0.0184,0.257,0.16,0,0.756,0,0.35,1.36193,1.36236,1.823,1.045,0.0,2,0.4,0,0.756,1.278,3.0,0.426,0.425,1,1.3619,8,0.742,0.0,0.412,0.077,0.21,0.828,0.877,1.36823,1.3637,1.36339,-25369.7605,0.0,-1,1.36757,0.522,0.0,0.0,0.0,0.0,0,0.183,1,0,19354,0.718,0.58,0.437,22.0,22.0,0.3979,55.3,0.0,1,1,0.792,1.28023,1,1,0.425,1.21325,0,150.003,0.048,0.952,0.0,0.0,0.5,0.19,0.0,0.5,0.0,0.374,0.488,0.5,0.406,0.0,0.667,0.0,0,0,0.396,0.456,0.0,1.0,0.525,0.553,0.781,0.0,0.525,0.429,0.0,1.0,0.813
0,2024.07.11 09:00:00,USDCADm,BREAKOUT_RETEST,BUY,2,1.36319,1.36303,1.36365,2.82,0.483,1.36296,1.36343,1.3624,1,0.019,1.121,0.0189,1.36173,1.36322,1.36432,1.36272,1,0.0,0.6,0,1.36296,0.727,0.41,0,0.0,0.0,1.36302,0.0,0.0,0,0,0,0.825,0.58,0.2212,0.58,1.0,0,0.706,2,0.02,1.363,1.36223,0.06,1.358,0.0,2,0.25,0,0.706,0.9,3.0,0.3,0.334,0,1.36343,4,0.6,0.88,0.1,0.174,0.088,0.704,0.801,1.36823,1.3637,1.36339,-25415.4169,-45.6564,-2,1.36757,0.522,0.0,0.0,0.0,0.0,0,0.387,1,0,19356,0.718,0.58,0.437,22.0,22.0,0.4053,54.3,0.0,1,1,0.792,1.28023,1,1,0.425,1.21325,0,152.821,0.048,0.952,0.0,0.0,0.5,0.37,0.0,0.5,0.0,0.609,0.445,0.5,0.479,0.0,0.451,0.0,0,0,0.357,0.8,0.0,0.938,0.486,0.77,0.455,0.0,0.565,0.429,0.0,1.0,0.923
66830,2024.07.11 09:37:40,USDCADm,BREAKOUT,BUY,2,1.36336,1.36313,1.36472,5.79,0.337,1.36296,1.36343,1.3624,1,0.019,1.121,0.332,1.36173,1.36322,1.36432,1.36272,1,0.0,0.6,0,1.36296,0.727,0.41,0,0.0,0.0,1.36302,0.0,0.0,0,0,0,0.825,0.58,0.2212,0.58,0.534,0,0.706,2,0.02,1.363,1.36223,0.253,1.671,0.0,2,0.25,0,0.706,1.11,3.0,0.37,0.359,1,1.36296,8,0.745,0.493,0.24,0.174,0.088,0.704,0.801,1.36823,1.3637,1.36339,-25415.4169,-45.6564,-2,1.36757,0.522,0.0,0.0,0.0,0.0,0,0.387,1,0,19356,0.718,0.58,0.437,22.0,22.0,0.4053,54.3,0.0,1,1,0.792,1.28023,1,1,0.425,1.21325,0,153.134,0.048,0.952,0.0,0.0,0.5,0.97,0.0,0.5,0.0,0.781,0.494,0.5,0.545,0.0,0.295,0.0,0,0,0.285,0.8,0.0,1.0,0.409,0.559,0.567,0.0,0.533,0.429,0.0,1.0,0.958
66831,2024.07.11 09:37:59,USDCADm,PULLBACK,BUY,2,1.36336,1.36255,1.36454,1.45,0.539,1.36296,1.36343,1.3624,1,0.019,1.121,0.332,1.36173,1.36322,1.36432,1.36272,1,0.0,0.6,0,1.36296,0.727,0.41,0,0.0,0.0,1.36302,0.0,0.0,0,0,0,0.825,0.58,0.2212,0.58,0.534,0,0.706,2,0.02,1.363,1.36223,0.253,1.671,0.0,2,0.25,0,0.706,1.11,3.0,0.37,0.359,1,1.36296,8,0.745,0.493,0.24,0.174,0.088,0.704,0.801,1.36823,1.3637,1.36339,-25415.4169,-45.6564,-2,1.36757,0.522,0.0,0.0,0.0,0.0,0,0.387,1,0,19356,0.718,0.58,0.437,22.0,22.0,0.4053,54.3,0.0,1,1,0.792,1.28023,1,1,0.425,1.21325,0,153.134,0.048,0.952,0.0,0.0,0.5,0.96,0.0,0.5,0.0,0.781,0.502,0.5,0.545,0.0,0.295,0.0,0,0,0.283,0.8,0.0,1.0,0.409,0.559,0.567,0.0,0.533,0.429,0.0,1.0,0.958
66833,2024.07.11 09:38:40,USDCADm,TREND_CONTINUATION,BUY,2,1.3634,1.36275,1.36476,2.08,0.461,1.36296,1.36343,1.3624,1,0.019,1.121,0.4057,1.36173,1.36322,1.36432,1.36272,1,0.0,0.6,0,1.36296,0.727,0.41,0,0.0,0.0,1.36302,0.0,0.0,0,0,0,0.825,0.58,0.2212,0.58,0.315,0,0.706,2,0.02,1.363,1.36223,0.327,1.744,0.0,2,0.25,0,0.706,1.208,3.0,0.403,0.37,1,1.36296,8,0.745,0.346,0.306,0.174,0.088,0.704,0.801,1.36823,1.3637,1.36339,-25415.4169,-45.6564,-2,1.36757,0.522,0.0,0.0,0.0,0.0,0,0.387,1,0,19356,0.718,0.58,0.437,22.0,22.0,0.4053,54.3,0.0,1,1,0.792,1.28023,1,1,0.425,1.21325,0,153.208,0.048,0.952,0.0,0.0,0.5,0.99,0.0,0.5,0.0,0.781,0.515,0.5,0.545,0.0,0.295,0.0,0,0,0.291,0.8,0.0,1.0,0.372,0.508,0.567,0.0,0.533,0.429,0.0,1.0,0.958
0,2024.07.11 11:00:00,USDCADm,ANCHORED_PULLBACK,BUY,2,1.36368,1.36355,1.3641,3.24,0.466,1.36304,1.36327,1.36281,0,0.628,0.562,0.7471,1.36172,1.36322,1.36432,1.36272,1,0.0,0.35,0,1.36304,0.743,0.422,0,0.0,0.0,1.36359,0.0,0.0,0,0,0,0.975,0.825,0.3302,0.825,0.1,0,0.698,1,0.208,1.36301,1.36351,0.807,0.086,-0.3393,1,0.0,0,0.698,1.305,3.0,0.435,0.454,1,1.36304,8,0.749,0.0,0.57,0.247,0.0,0.812,0.95,1.36823,1.3637,1.36339,-25415.4169,-45.6564,-2,1.36757,0.522,0.0,0.0,0.0,0.0,0,0.387,1,0,19358,0.718,0.58,0.437,22.0,22.0,0.3909,56.3,0.0,1,1,0.792,1.28023,1,1,0.425,1.21325,0,148.261,0.048,0.952,0.0,0.0,0.5,0.08,0.0,0.5,0.0,0.626,0.472,0.5,0.509,0.0,0.278,0.0,0,0,0.281,0.721,0.0,1.0,0.424,0.314,0.434,0.0,0.534,0.429,0.0,1.0,0.915
0,2024.07.11 11:09:40,USDCADm,BREAKOUT_RETEST,BUY,2,1.36345,1.36327,1.36373,1.55,0.601,1.36304,1.36327,1.36281,1,0.628,0.562,0.3385,1.36172,1.36322,1.36432,1.36272,1,0.0,0.35,0,1.36304,0.743,0.422,0,0.0,0.0,1.36359,0.0,0.0,0,0,0,0.975,0.825,0.3302,0.825,0.378,0,0.766,1,0.208,1.36301,1.36351,0.398,0.495,0.0,2,0.0,0,0.766,1.18,3.0,0.393,0.457,1,1.36304,8,0.749,0.204,0.187,0.247,0.0,0.812,0.95,1.36823,1.3637,1.36339,-25415.4169,-45.6564,-2,1.36757,0.522,0.0,0.0,0.0,0.0,0,0.387,1,0,19358,0.718,0.58,0.437,22.0,22.0,0.3909,56.3,0.0,1,1,0.792,1.28023,1,1,0.425,1.21325,0,147.853,0.048,0.952,0.0,0.0,0.5,0.0,0.0,0.5,0.0,0.545,0.363,0.5,0.459,0.0,0.283,0.0,0,0,0.333,0.772,0.0,1.0,0.477,0.39,0.591,0.0,0.561,0.429,0.0,1.0,0.932
66836,2024.07.11 11:40:40,USDCADm,BREAKOUT,BUY,2,1.36353,1.36327,1.364,1.8,0.508,1.36304,1.36327,1.36281,0,0.628,0.562,0.4806,1.36172,1.36322,1.36432,1.36272,1,0.0,0.35,0,1.36304,0.743,0.422,0,0.0,0.0,1.36359,0.0,0.0,0,0,0,0.975,0.825,0.3302,0.825,0.27,0,0.766,1,0.208,1.36301,1.36351,0.54,0.353,0.0,2,0.0,0,0.766,1.229,3.0,0.41,0.462,1,1.36304,8,0.749,0.0,0.219,0.247,0.0,0.812,0.95,1.36823,1.3637,1.36339,-25415.4169,-45.6564,-2,1.36757,0.522,0.0,0.0,0.0,0.0,0,0.387,1,0,19358,0.718,0.58,0.437,22.0,22.0,0.3909,56.3,0.0,1,1,0.792,1.28023,1,1,0.425,1.21325,0,147.995,0.048,0.952,0.0,0.0,0.5,0.37,0.0,0.5,0.0,0.289,0.399,0.5,0.459,0.0,0.321,0.0,0,0,0.326,0.66,0.0,1.0,0.375,0.322,0.641,0.0,0.56,0.429,0.0,1.0,0.975
66838,2024.07.11 11:52:40,USDCADm,PULLBACK,BUY,2,1.36323,1.36297,1.364,2.93,0.623,1.36304,1.36327,1.36281,1,0.628,0.562,-0.0524,1.36172,1.36322,1.36432,1.36272,1,0.0,0.35,0,1.36304,0.743,0.422,0,0.0,0.0,1.36359,0.0,0.0,0,0,0,0.975,0.825,0.3302,0.825,1.0,0,0.766,1,0.208,1.36301,1.36257,0.007,0.781,0.0,2,0.0,0,0.766,0.9,3.0,0.3,0.424,1,1.36281,5,0.6,0.986,0.0,0.247,0.0,0.812,0.958,1.36823,1.3637,1.36339,-25415.4169,-45.6564,-2,1.36757,0.522,0.0,0.0,0.0,0.0,0,0.387,1,0,19358,0.718,0.58,0.437,22.0,22.0,0.3909,56.3,0.0,1,1,0.792,1.28023,1,1,0.425,1.21325,0,147.462,0.048,0.952,0.0,0.0,0.5,0.0,0.0,0.5,0.0,0.392,0.383,0.5,0.529,0.0,0.414,0.0,0,0,0.395,0.814,0.0,0.911,0.437,0.297,0.502,0.0,0.587,0.429,0.0,1.0,0.855
66839,2024.07.11 11:52:59,USDCADm,TREND_CONTINUATION,BUY,2,1.36324,1.36256,1.364,1.12,0.555,1.36304,1.36327,1.36281,1,0.628,0.562,-0.0346,1.36172,1.36322,1.36432,1.36272,1,0.0,0.35,0,1.36304,0.743,0.422,0,0.0,0.0,1.36359,0.0,0.0,0,0,0,0.975,0.825,0.3302,0.825,1.0,0,0.766,1,0.208,1.36301,1.36257,0.025,0.799,0.0,2,0.0,0,0.766,0.9,3.0,0.3,0.424,1,1.36281,5,0.6,0.95,0.0,0.247,0.0,0.812,0.958,1.36823,1.3637,1.36339,-25415.4169,-45.6564,-2,1.36757,0.522,0.0,0.0,0.0,0.0,0,0.387,1,0,19358,0.718,0.58,0.437,22.0,22.0,0.3909,56.3,0.0,1,1,0.792,1.28023,1,1,0.425,1.21325,0,147.48,0.048,0.952,0.0,0.0,0.5,0.01,0.0,0.5,0.0,0.392,0.373,0.5,0.529,0.0,0.414,0.0,0,0,0.401,0.814,0.0,0.911,0.437,0.297,0.503,0.0,0.587,0.429,0.0,1.0,0.855
66842,2024.07.11 12:07:40,USDCADm,MEAN_REVERSION,BUY,2,1.36316,1.36269,1.36358,0.88,0.599,1.36299,1.36336,1.36285,1,0.035,0.347,-0.0858,1.36172,1.36322,1.36432,1.36272,1,0.0,0.45,0,1.36293,0.797,0.467,0,0.0,0.0,1.36323,0.0,0.0,0,0,0,0.7,0.86,0.3733,0.86,0.908,2,0.645,1,0.059,1.36302,1.36274,0.134,0.344,0.0,2,0.0,0,0.645,0.942,3.0,0.314,0.393,1,1.36336,4,0.6,0.733,0.028,0.258,0.0,0.914,0.877,1.36823,1.36322,1.36339,14377.6371,39793.054,2,1.36757,0.522,0.0,0.0,0.0,0.0,0,0.4,1,0,19359,0.718,0.58,0.437,22.0,22.0,0.372,59.1,0.0,1,1,0.792,1.28023,1,1,0.425,1.21325,0,140.22,0.048,0.952,0.0,0.0,0.5,0.65,0.0,0.5,0.0,0.304,0.404,0.5,0.578,0.0,0.595,0.0,0,0,0.469,0.815,0.0,0.792,0.273,0.388,0.481,0.0,0.539,0.429,0.0,1.0,0.838
66844,2024.07.11 12:30:40,USDCADm,SWEEP_REVERSAL,BUY,2,1.35918,1.35859,1.36321,6.82,0.109,1.36299,1.36336,1.36285,0,0.035,0.347,-6.8153,1.36172,1.36322,1.36432,1.36272,0,0.0,0.45,0,1.36293,0.797,0.467,0,0.0,0.0,1.36323,0.0,0.0,0,0,0,0.7,0.86,0.3733,0.86,0.082,2,0.645,1,0.059,1.36302,1.36274,6.863,6.385,0.0,2,0.0,0,0.645,1.313,3.0,0.438,0.436,1,0.0,0,0.0,0.0,0.275,0.258,0.0,0.914,0.877,1.36823,1.36322,1.36339,14377.6371,39793.054,2,1.36757,0.522,0.0,0.0,0.0,0.0,0,0.4,1,0,19359,0.718,0.58,0.437,22.0,22.0,0.372,59.1,0.0,1,1,0.792,1.28023,1,1,0.425,1.21325,0,133.49,0.048,0.952,0.0,0.0,0.5,0.0,0.0,0.5,0.757,0.448,0.427,0.5,0.569,0.0,0.62,0.0,0,0,0.462,0.607,0.0,0.095,0.393,0.478,0.137,0.0,0.494,0.429,0.0,1.0,0.919
66846,2024.07.11 17:00:00,USDCADm,ANCHORED_PULLBACK,BUY,3,1.36326,1.36279,1.36436,2.36,0.517,1.36194,1.36244,1.36025,0,0.659,0.213,0.8045,1.36169,1.36339,1.36442,1.36177,1,0.0,0.55,0,1.36194,0.702,0.838,0,0.0,0.0,1.3632,0.0,0.0,0,0,0,0.975,-0.65,-0.1794,0.65,0.409,1,0.3,0,0.659,1.36194,1.36333,0.805,0.213,-0.2508,1,0.4,5,1.0,0.866,3.0,0.289,0.48,1,1.36194,8,0.74,0.0,0.637,0.195,0.572,0.853,0.758,1.36818,1.36362,1.36317,-31933.0808,-46310.7179,-2,1.36752,0.517,0.0,0.0,0.0,0.0,0,0.246,1,0,19364,0.707,0.575,0.443,22.0,22.0,0.1611,136.6,0.0,1,1,0.792,1.28023,1,1,0.425,1.21325,0,60.796,0.049,0.951,0.0,0.0,0.5,0.24,0.0,0.5,0.0,0.884,0.464,0.5,0.446,0.0,0.31,0.0,0,0,0.28,0.302,0.0,0.889,0.203,0.581,0.43,0.0,0.417,0.429,0.0,1.0,0.64
66848,2024.07.11 18:22:40,USDCADm,BREAKOUT_RETEST,BUY,3,1.36372,1.36328,1.36516,3.3,0.592,1.36202,1.36367,1.36113,1,0.656,0.214,1.0121,1.3619,1.36339,1.36442,1.36177,1,0.0,0.5,0,1.36202,0.764,0.0,1,0.0,0.0,1.36423,0.0,0.0,0,0,0,1.0,-0.685,-0.0735,0.685,0.3,2,0.643,0,0.877,1.36329,1.36456,0.142,0.728,0.0,2,0.4,4,0.593,1.515,3.0,0.505,0.435,1,1.36202,8,0.753,0.716,0.37,0.206,0.315,0.48,0.912,1.36818,1.36362,1.36317,-31933.0808,-46310.7179,-2,1.36752,0.517,0.0,0.0,0.0,0.0,0,0.246,1,0,19365,0.707,0.575,0.443,22.0,22.0,0.1508,145.9,0.0,1,1,0.792,1.28023,1,1,0.425,1.21325,0,57.213,0.049,0.951,0.0,0.0,0.5,0.0,0.0,0.5,0.0,0.689,0.363,0.5,0.37,0.0,0.284,0.0,0,0,0.307,0.363,1.0,0.857,0.12,0.608,0.615,0.0,0.391,0.429,0.0,1.0,0.716
66850,2024.07.11 19:02:40,USDCADm,TREND_CONTINUATION,BUY,3,1.36347,1.36164,1.36729,2.08,0.35,1.36195,1.36345,1.36116,1,0.057,0.288,0.8477,1.3619,1.36339,1.36442,1.36177,1,0.0,0.65,0,1.36195,0.764,0.712,0,0.0,0.0,1.36305,0.0,0.0,0,0,0,0.45,0.685,0.0569,0.685,0.813,0,0.661,3,0.323,1.3631,1.36257,0.097,0.444,0.0,2,0.15,0,0.661,0.984,3.0,0.328,0.403,1,1.36195,8,0.753,0.806,0.116,0.206,0.053,0.843,0.913,1.36818,1.36362,1.36317,-31933.0808,-46310.7179,-2,1.36752,0.517,0.0,0.0,0.0,0.0,0,0.246,1,0,19366,0.707,0.575,0.443,22.0,22.0,0.1439,152.9,0.0,1,1,0.792,1.28023,1,1,0.425,1.21325,0,54.456,0.049,0.951,0.0,0.0,0.5,0.93,0.0,0.5,0.0,0.98,0.589,0.5,0.532,0.0,0.299,0.0,0,0,0.332,0.723,0.0,0.998,0.141,0.457,0.573,0.0,0.441,0.429,0.0,1.0,0.91
66852,2024.07.11 19:30:40,USDCADm,BREAKOUT,BUY,3,1.36371,1.36308,1.36753,6.07,0.34,1.36195,1.36345,1.36116,0,0.057,0.288,1.0047,1.3619,1.36339,1.36442,1.36177,1,0.0,0.65,0,1.36195,0.764,0.712,0,0.0,0.0,1.36305,0.0,0.0,0,0,0,0.45,0.685,0.0569,0.685,0.457,0,0.661,3,0.323,1.3631,1.36257,0.254,0.601,0.0,2,0.15,0,0.661,1.145,3.0,0.382,0.422,1,1.36195,8,0.753,0.492,0.223,0.206,0.053,0.843,0.913,1.36818,1.36362,1.36317,-31933.0808,-46310.7179,-2,1.36752,0.517,0.0,0.0,0.0,0.0,0,0.246,1,0,19366,0.707,0.575,0.443,22.0,22.0,0.1439,152.9,0.0,1,1,0.792,1.28023,1,1,0.425,1.21325,0,54.613,0.049,0.951,0.0,0.0,0.5,0.87,0.0,0.5,0.0,1.0,0.552,0.5,0.557,0.0,0.264,0.0,0,0,0.304,0.641,0.0,1.0,0.185,0.511,0.733,0.0,0.432,0.429,0.0,1.0,0.902
66854,2024.07.11 19:44:40,USDCADm,PULLBACK,BUY,3,1.36378,1.36312,1.36464,1.31,0.302,1.36195,1.36345,1.36116,0,0.057,0.288,1.0505,1.3619,1.36339,1.36442,1.36177,1,0.0,0.65,0,1.36195,0.764,0.712,0,0.0,0.0,1.36305,0.0,0.0,0,0,0,0.45,0.685,0.0569,0.685,0.457,0,0.661,3,0.323,1.3631,1.36451,0.3,0.624,0.0,2,0.15,0,0.661,1.145,3.0,0.382,0.422,1,1.36195,8,0.753,0.4,0.223,0.206,0.053,0.843,0.798,1.36818,1.36362,1.36317,-31933.0808,-46310.7179,-2,1.36752,0.517,0.0,0.0,0.0,0.0,0,0.246,1,0,19366,0.707,0.575,0.443,22.0,22.0,0.1439,152.9,0.0,1,1,0.792,1.28023,1,1,0.425,1.21325,0,54.659,0.049,0.951,0.0,0.0,0.5,0.98,0.0,0.5,0.0,1.0,0.413,0.5,0.554,0.0,0.282,0.0,0,0,0.331,0.641,0.0,1.0,0.185,0.511,0.743,0.0,0.441,0.429,0.0,1.0,0.902
66856,2024.07.11 20:23:00,USDCADm,BREAKOUT_RETEST,BUY,3,1.36356,1.3631,1.36498,3.07,0.377,1.36331,1.36411,1.36281,1,0.044,0.419,0.0178,1.3619,1.36339,1.36442,1.36177,1,0.0,0.45,0,1.36331,0.679,0.35,0,0.0,0.0,0.0,0.0,0.0,0,0,0,0.5,0.545,0.1408,0.545,1.0,0,0.765,0,0.641,1.36324,1.36259,0.065,0.487,0.0,2,0.25,0,0.765,0.9,3.0,0.3,0.428,1,1.36281,5,0.6,0.871,0.1,0.164,0.216,0.713,0.94,1.36818,1.36362,1.36317,-29726.1401,2206.9407,-1,1.36752,0.516,0.0,0.0,0.0,0.0,0,0.474,1,0,19367,0.707,0.575,0.443,22.0,22.0,0.1424,154.5,0.0,1,1,0.792,1.28023,1,1,0.425,1.21325,0,53.935,0.087,0.913,0.0,1.0,0.5,0.26,0.0,0.5,0.0,1.0,0.481,0.5,0.586,0.0,0.284,0.0,0,0,0.301,0.8,0.0,1.0,0.138,0.36,0.516,0.0,0.45,0.429,0.0,1.0,0.87
66858,2024.07.11 21:26:40,USDCADm,MEAN_REVERSION,BUY,3,1.36347,1.36226,1.36449,0.84,0.662,1.36331,1.36393,1.36298,0,0.045,0.206,-0.2656,1.36307,1.36339,1.36442,1.36177,1,0.0,0.5,0,1.36331,0.666,0.371,0,0.0,0.0,0.0,0.0,0.0,0,0,0,0.55,0.58,0.2285,0.58,0.233,0,0.757,1,0.021,1.36336,1.36288,0.297,0.016,0.0,2,0.4,0,0.757,1.245,3.0,0.415,0.373,1,1.36393,4,0.6,0.406,0.39,0.174,0.14,0.77,0.838,1.36818,1.36362,1.36317,-29726.1401,2206.9407,-1,1.36752,0.516,0.0,0.0,0.0,0.0,0,0.474,1,0,19368,0.707,0.575,0.443,56.0,35.4,0.3695,151.6,0.0,1,1,0.792,1.28023,1,1,0.425,1.21325,0,54.918,0.087,0.913,0.0,1.0,0.5,0.0,0.0,0.5,0.0,0.796,0.375,0.5,0.659,0.0,0.2,0.0,0,0,0.353,0.652,0.0,1.0,0.175,0.148,0.477,0.0,0.411,0.429,0.0,1.0,0.902
66860,2024.07.11 22:00:00,USDCADm,TREND_CONTINUATION,BUY,1,1.36339,1.36162,1.36707,2.08,0.4,1.36331,1.36351,1.36295,1,0.039,0.231,-0.0928,1.36307,1.36339,1.36442,1.36177,1,0.0,0.35,0,1.36331,0.72,0.0,2,0.0,0.0,0.0,0.0,0.0,0,0,0,0.6,0.615,0.3252,0.615,0.86,0,0.774,3,0.485,1.36327,1.36283,0.066,0.231,0.0,2,0.4,0,0.774,0.963,3.0,0.321,0.419,1,0.0,0,0.0,0.868,0.202,0.185,0.14,0.903,0.926,1.36818,1.36362,1.36317,-29726.1401,2206.9407,-1,1.36752,0.516,0.0,0.0,0.0,0.0,0,0.474,1,0,19369,0.707,0.575,0.443,22.0,45.1,0.1493,147.4,0.0,1,1,0.792,1.28023,1,1,0.425,1.21325,0,56.434,0.087,0.913,0.0,1.0,0.5,0.98,0.0,0.5,0.0,0.936,0.519,0.5,0.582,0.0,0.278,0.0,0,0,0.297,0.76,0.0,1.0,0.138,0.144,0.512,0.0,0.45,0.429,0.0,1.0,0.831
66862,2024.07.11 23:25:40,USDCADm,BREAKOUT_RETEST,BUY,1,1.36331,1.36287,1.36376,1.04,0.442,1.36328,1.36337,1.36301,1,0.016,0.095,-0.1332,1.36307,1.36339,1.36442,1.36177,1,0.0,0.55,0,1.36328,0.793,0.912,0,0.0,0.0,0.0,0.0,0.0,0,0,0,0.65,0.65,0.2314,0.65,0.699,0,0.713,0,0.749,1.36312,1.36294,0.021,0.101,0.0,2,0.4,0,0.713,1.035,3.0,0.345,0.413,1,0.0,0,0.0,0.957,0.25,0.195,0.29,0.643,0.795,1.36818,1.36362,1.36317,-29726.1401,2206.9407,-1,1.36752,0.516,0.0,0.0,0.0,0.0,0,0.474,1,0,19370,0.701,0.578,0.439,22.0,22.0,0.1512,145.5,0.0,1,1,0.792,1.28023,1,1,0.425,1.21325,0,57.1,0.087,0.913,0.0,1.0,0.5,0.0,0.0,0.5,0.0,0.981,0.365,0.5,0.587,0.0,0.211,0.0,0,0,0.341,0.76,0.0,1.0,0.136,0.099,0.5,0.0,0.452,0.429,0.0,1.0,0.831
66864,2024.07.11 23:55:40,USDCADm,MEAN_REVERSION,BUY,1,1.36257,1.36141,1.3635,0.8,0.659,1.36328,1.36337,1.36301,0,0.016,0.095,-0.6418,1.36307,1.36339,1.36442,1.36177,1,0.0,0.55,0,1.36328,0.793,0.912,0,0.0,0.0,0.0,0.0,0.0,0,0,0,0.65,0.65,0.2314,0.65,0.162,0,0.713,0,0.749,1.36312,1.36294,0.53,0.407,0.0,2,0.4,0,0.713,1.277,3.0,0.426,0.441,1,1.36328,8,0.759,0.0,0.411,0.195,0.29,0.643,0.795,1.36818,1.36362,1.36317,-29726.1401,2206.9407,-1,1.36752,0.516,0.0,0.0,0.0,0.0,0,0.474,1,0,19370,0.701,0.578,0.439,22.0,22.0,0.1512,145.5,0.0,1,1,0.792,1.28023,1,1,0.425,1.21325,0,56.591,0.087,0.913,0.0,1.0,0.5,0.0,0.0,0.5,0.0,0.374,0.181,0.5,1.0,0.0,0.437,0.0,0,0,0.666,0.541,0.0,1.0,0.157,0.102,0.38,0.0,0.416,0.429,0.0,1.0,0.949
66866,2024.07.12 00:50:20,USDCADm,PULLBACK,BUY,1,1.36314,1.36254,1.36464,2.51,0.497,1.3631,1.36332,1.36294,0,0.407,0.063,-0.1187,1.36307,1.36339,1.36442,1.36177,1,0.0,0.3,0,1.3631,0.619,0.383,0,0.0,0.0,1.36247,0.0,0.0,0,0,0,1.0,0.86,0.1488,0.86,0.179,0,0.765,2,0.504,1.36307,1.36262,0.097,0.201,0.0,2,0.15,0,0.765,1.27,3.0,0.423,0.478,1,0.0,0,0.0,0.805,0.306,0.258,0.053,0.783,0.968,1.36818,1.36362,1.36317,-29573.1993,152.9409,-1,1.36752,0.516,0.0,0.0,0.0,0.0,0,0.244,1,0,19371,0.701,0.578,0.439,22.0,22.0,0.1467,149.9,0.0,1,1,0.792,1.28023,1,1,0.425,1.21325,0,55.3,0.052,0.948,0.0,1.0,0.5,0.99,0.0,0.5,0.0,1.0,0.6,0.5,0.628,0.0,0.856,0.0,0,0,0.591,0.748,0.0,1.0,0.209,0.138,0.54,0.0,0.429,0.429,0.0,1.0,0.949
66867,2024.07.12 00:50:20,USDCADm,TREND_CONTINUATION,BUY,1,1.36314,1.36134,1.36689,2.08,0.584,1.3631,1.36332,1.36294,0,0.407,0.063,-0.1187,1.36307,1.36339,1.36442,1.36177,1,0.0,0.3,0,1.3631,0.619,0.383,0,0.0,0.0,1.36247,0.0,0.0,0,0,0,1.0,0.86,0.1488,0.86,0.179,0,0.765,2,0.504,1.36307,1.36262,0.097,0.201,0.0,2,0.15,0,0.765,1.27,3.0,0.423,0.478,1,0.0,0,0.0,0.805,0.306,0.258,0.053,0.783,0.968,1.36818,1.36362,1.36317,-29573.1993,152.9409,-1,1.36752,0.516,0.0,0.0,0.0,0.0,0,0.244,1,0,19371,0.701,0.578,0.439,22.0,22.0,0.1467,149.9,0.0,1,1,0.792,1.28023,1,1,0.425,1.21325,0,55.3,0.052,0.948,0.0,1.0,0.5,0.98,0.0,0.5,0.0,1.0,0.6,0.5,0.628,0.0,0.856,0.0,0,0,0.591,0.748,0.0,1.0,0.209,0.138,0.54,0.0,0.429,0.429,0.0,1.0,0.949
66870,2024.07.12 01:25:40,USDCADm,BREAKOUT_RETEST,BUY,1,1.3633,1.36278,1.36383,1.02,0.485,1.3631,1.36331,1.36271,1,0.007,0.153,-0.0133,1.36307,1.36339,1.36442,1.36206,1,0.0,0.5,0,1.3628,0.753,0.264,0,0.0,0.0,0.0,0.0,0.0,0,0,0,0.75,0.72,0.0513,0.72,0.99,0,0.748,0,0.401,1.3631,1.36334,0.013,0.173,0.0,2,0.4,0,0.748,0.904,3.0,0.301,0.402,1,0.0,0,0.0,0.973,0.163,0.216,0.22,0.958,0.79,1.36818,1.36362,1.36317,-29573.1993,152.9409,-1,1.36752,0.516,0.0,0.0,0.0,0.0,0,0.244,1,0,19372,0.701,0.578,0.439,22.0,22.0,0.146,150.6,0.0,1,1,0.792,1.28023,1,1,0.425,1.21325,0,55.144,0.052,0.948,0.0,1.0,0.5,0.5,0.0,0.5,0.0,0.539,0.582,0.5,0.539,0.0,0.703,0.0,0,0,0.492,0.76,0.0,1.0,0.137,0.093,0.526,0.0,0.454,0.429,0.0,1.0,0.831
66871,2024.07.12 01:31:00,USDCADm,BREAKOUT,BUY,1,1.3632,1.36094,1.36697,1.67,0.33,1.3631,1.36331,1.36271,1,0.007,0.153,-0.0797,1.36307,1.36339,1.36442,1.36206,1,0.0,0.5,0,1.3628,0.753,0.264,0,0.0,0.0,0.0,0.0,0.0,0,0,0,0.75,0.72,0.0513,0.72,0.639,0,0.748,0,0.401,1.3631,1.36334,0.08,0.239,0.0,2,0.4,0,0.748,1.062,3.0,0.354,0.421,1,0.0,0,0.0,0.841,0.268,0.216,0.22,0.958,0.79,1.36818,1.36362,1.36317,-29573.1993,152.9409,-1,1.36752,0.516,0.0,0.0,0.0,0.0,0,0.244,1,0,19372,0.701,0.578,0.439,22.0,22.0,0.146,150.6,0.0,1,1,0.792,1.28023,1,1,0.425,1.21325,0,55.077,0.052,0.948,0.0,1.0,0.5,0.06,0.0,0.5,0.0,0.63,0.592,0.5,0.552,0.0,0.623,0.0,0,0,0.47,0.76,0.0,1.0,0.162,0.093,0.513,0.0,0.441,0.429,0.0,1.0,0.781
66874,2024.07.12 03:32:40,USDCADm,MEAN_REVERSION,BUY,1,1.36247,1.36148,1.36331,0.85,0.703,1.36309,1.3633,1.36271,0,0.069,0.267,-0.6796,1.36307,1.36339,1.36413,1.36177,1,0.0,0.5,0,1.36309,0.751,0.336,0,0.0,0.0,1.36268,0.0,0.0,0,0,0,0.675,-0.51,-0.0681,0.51,0.061,0,0.783,0,0.448,1.36277,1.36229,0.416,0.031,0.0,2,0.4,0,0.783,1.323,3.0,0.441,0.451,1,1.36309,8,0.75,0.169,0.442,0.153,0.23,0.841,0.925,1.36818,1.36362,1.36317,-29573.1993,152.9409,-1,1.36752,0.516,0.0,0.0,0.0,0.0,0,0.244,1,0,19374,0.701,0.578,0.439,22.0,22.0,0.1775,123.9,0.0,1,1,0.792,1.28023,1,1,0.425,1.21325,1,66.361,0.052,0.948,0.0,1.0,1.0,0.0,0.0,0.5,0.0,0.909,0.432,0.5,0.537,0.0,0.368,0.0,0,0,0.349,0.61,0.0,1.0,0.1,0.149,0.384,0.0,0.422,0.429,0.0,1.0,0.854
66876,2024.07.12 03:37:40,USDCADm,SWEEP_REVERSAL,BUY,1,1.36225,1.36101,1.36331,0.86,0.291,1.36309,1.3633,1.36271,0,0.069,0.267,-0.8571,1.36307,1.36339,1.36413,1.36177,1,0.0,0.5,0,1.36309,0.751,0.336,0,0.0,0.0,1.36268,0.0,0.0,0,0,0,0.675,-0.51,-0.0681,0.51,0.015,0,0.783,0,0.448,1.36277,1.36229,0.593,0.209,0.0,2,0.4,0,0.783,1.343,3.0,0.448,0.454,1,1.36309,8,0.75,0.0,0.456,0.153,0.23,0.841,0.925,1.36818,1.36362,1.36317,-29573.1993,152.9409,-1,1.36752,0.516,0.0,0.0,0.0,0.0,0,0.244,1,0,19374,0.701,0.578,0.439,22.0,22.0,0.1775,123.9,0.0,1,1,0.792,1.28023,1,1,0.425,1.21325,1,66.183,0.052,0.948,0.0,1.0,1.0,0.0,0.0,0.5,0.0,0.969,0.239,0.5,0.542,0.0,0.351,0.0,0,0,0.46,0.498,0.0,1.0,0.1,0.162,0.326,0.0,0.432,0.429,0.0,1.0,0.854
66878,2024.07.12 05:32:40,USDCADm,MEAN_REVERSION,BUY,1,1.36232,1.36157,1.36336,1.4,0.623,1.36314,1.36334,1.36248,0,0.071,0.097,-1.1172,1.36307,1.36339,1.36413,1.36177,1,0.0,0.55,2,1.36314,0.771,0.0,2,0.0,0.0,0.0,0.0,0.0,0,0,0,0.825,-0.755,-0.114,0.755,0.301,2,0.636,3,0.715,1.36197,1.36232,0.143,0.235,0.0,2,0.15,0,0.636,1.214,3.0,0.405,0.456,1,1.36314,8,0.754,0.714,0.27,0.226,0.053,0.71,0.885,1.36818,1.36362,1.36317,-28391.3336,1181.8656,-1,1.36752,0.518,0.0,0.0,0.0,0.0,0,0.261,1,0,19376,0.701,0.578,0.439,22.0,22.0,0.2355,93.4,0.0,1,1,0.792,1.28023,1,1,0.425,1.21325,1,87.864,0.07,0.93,0.0,1.0,1.0,0.69,0.0,0.5,0.0,0.441,0.617,0.5,0.564,0.0,0.287,0.0,0,0,0.354,0.537,0.0,0.883,0.0,0.353,0.376,0.0,0.424,0.444,0.0,1.0,0.846
66880,2024.07.12 05:37:40,USDCADm,SWEEP_REVERSAL,BUY,1,1.36268,1.36209,1.36336,1.16,0.179,1.36314,1.36334,1.36248,0,0.071,0.097,-0.7318,1.36307,1.36339,1.36413,1.36177,1,0.0,0.55,2,1.36314,0.771,0.0,2,0.0,0.0,0.0,0.0,0.0,0,0,0,0.825,-0.755,-0.114,0.755,0.059,2,0.636,3,0.715,1.36267,1.36232,0.228,0.15,0.0,2,0.15,0,0.636,1.323,3.0,0.441,0.482,1,1.36314,8,0.754,0.545,0.342,0.226,0.053,0.816,0.885,1.36818,1.36362,1.36317,-28391.3336,1181.8656,-1,1.36752,0.518,0.0,0.0,0.0,0.0,0,0.261,1,0,19376,0.701,0.578,0.439,22.0,22.0,0.2355,93.4,0.0,1,1,0.792,1.28023,1,1,0.425,1.21325,1,88.249,0.07,0.93,0.0,1.0,1.0,0.99,0.0,0.5,0.0,0.582,0.731,0.5,0.54,0.0,0.311,0.0,0,0,0.425,0.485,0.695,1.0,0.0,0.353,0.444,0.0,0.419,0.444,0.0,1.0,0.846
0,2024.07.12 07:00:00,USDCADm,ANCHORED_PULLBACK,BUY,1,1.36272,1.36261,1.36313,3.75,0.524,1.36204,1.36231,1.36182,0,0.506,0.024,0.566,1.36307,1.36339,1.36413,1.36177,1,0.0,0.5,0,1.36209,0.743,0.632,0,0.0,0.0,1.36255,0.0,0.0,0,0,0,0.65,-0.65,-0.1715,0.65,0.127,0,0.791,1,0.161,1.36202,1.36243,0.596,0.084,-0.5556,1,0.4,1,1.0,0.843,3.0,0.281,0.419,1,1.36209,8,0.749,0.0,0.722,0.195,0.14,0.881,0.859,1.36818,1.36362,1.36317,-28391.3336,1181.8656,-1,1.36752,0.518,0.0,0.0,0.0,0.0,0,0.261,1,0,19378,0.701,0.578,0.439,22.0,22.0,0.2704,81.4,0.0,1,1,0.792,1.28023,1,1,0.425,1.21325,0,101.392,0.07,0.93,0.0,1.0,0.5,0.08,0.0,0.5,0.0,0.634,0.374,0.5,0.41,0.0,0.477,0.0,0,0,0.389,0.409,0.0,0.627,0.0,0.157,0.425,0.0,0.426,0.429,0.0,1.0,0.665
66882,2024.07.12 08:40:20,USDCADm,SWEEP_REVERSAL,BUY,2,1.36165,1.36091,1.36225,0.81,0.266,1.36203,1.36251,1.36183,0,0.375,0.066,-0.81,1.36307,1.36339,1.36413,1.36177,0,0.0,0.6,0,1.36203,0.757,0.106,0,0.0,0.0,1.36241,0.0,0.0,0,0,0,1.0,-0.685,-0.1512,0.685,0.133,0,0.681,3,0.588,1.36203,1.3618,0.81,0.5,0.0,2,0.4,0,0.681,1.29,3.0,0.43,0.445,1,1.36203,8,0.751,0.0,0.42,0.206,0.14,0.887,0.868,1.36818,1.36362,1.36317,-28213.967,177.3667,-1,1.36752,0.519,0.0,0.0,0.0,0.0,0,0.277,1,0,19379,0.701,0.578,0.439,22.0,22.0,0.2987,73.6,0.0,1,1,0.792,1.28023,1,1,0.425,1.21325,0,110.561,0.053,0.947,0.0,1.0,0.5,0.0,0.0,0.5,0.0,0.748,0.325,0.5,0.474,0.0,0.365,0.0,0,0,0.394,0.394,0.0,0.745,0.0,0.413,0.25,0.0,0.516,0.444,0.0,1.0,0.833
66884,2024.07.12 10:00:00,USDCADm,MEAN_REVERSION,BUY,2,1.36184,1.36126,1.3629,1.81,0.526,1.36268,1.36282,1.36169,0,0.029,0.287,-1.4466,1.36307,1.36339,1.36383,1.36147,1,0.0,0.6,2,1.36268,0.799,0.296,0,0.0,0.0,0.0,0.0,0.0,0,0,0,1.0,-0.93,-0.1193,0.93,0.9,2,0.498,0,0.493,1.36164,1.36183,0.029,0.287,0.0,2,0.15,0,0.498,0.945,3.0,0.315,0.368,1,1.36268,8,0.76,0.942,0.09,0.279,0.151,0.75,0.541,1.36818,1.36362,1.36317,-28213.967,177.3667,-1,1.36752,0.519,0.0,0.0,0.0,0.0,0,0.277,1,0,19381,0.698,0.588,0.44,22.0,22.0,0.3017,72.9,0.0,1,1,0.792,1.28023,1,1,0.425,1.21325,-1,111.904,0.053,0.947,0.0,1.0,0.0,0.26,0.0,0.5,0.0,0.809,0.453,0.5,0.54,0.0,0.438,0.0,0,0,0.365,0.636,0.0,0.793,0.0,0.499,0.435,0.0,0.5,0.444,0.0,1.0,0.897
66886,2024.07.12 10:52:40,USDCADm,SWEEP_REVERSAL,BUY,2,1.36189,1.36116,1.3629,1.38,0.175,1.36268,1.36282,1.36169,0,0.029,0.287,-1.3781,1.36307,1.36339,1.36383,1.36147,1,0.0,0.6,2,1.36268,0.799,0.296,0,0.0,0.0,0.0,0.0,0.0,0,0,0,1.0,-0.93,-0.1193,0.93,0.9,2,0.498,0,0.493,1.36164,1.36183,0.04,0.218,0.0,2,0.15,0,0.498,0.945,3.0,0.315,0.368,1,1.36268,8,0.76,0.92,0.09,0.279,0.151,0.75,0.541,1.36818,1.36362,1.36317,-28213.967,177.3667,-1,1.36752,0.519,0.0,0.0,0.0,0.0,0,0.277,1,0,19381,0.698,0.588,0.44,22.0,22.0,0.3017,72.9,0.0,1,1,0.792,1.28023,1,1,0.425,1.21325,-1,111.973,0.053,0.947,0.0,1.0,0.0,0.08,0.0,0.5,0.0,0.633,0.549,0.5,0.517,0.0,0.333,0.0,0,0,0.318,0.636,1.0,0.674,0.0,0.556,0.442,0.0,0.491,0.444,0.0,1.0,0.897
66888,2024.07.12 14:00:00,USDCADm,BREAKOUT_RETEST,BUY,4,1.36355,1.36301,1.36494,2.57,0.596,1.36288,1.36383,1.36206,1,0.063,0.483,0.4966,1.36303,1.36309,1.36383,1.36177,1,0.0,0.7,0,1.36288,0.783,0.363,0,0.0,0.0,0.0,0.0,0.0,0,0,0,0.675,0.685,0.0505,0.685,0.758,2,0.382,3,0.425,1.36332,1.3637,0.007,0.413,-0.0039,2,0.3,3,0.68,1.609,3.0,0.536,0.481,1,1.36288,8,0.757,0.987,0.193,0.606,0.105,0.924,0.858,1.36818,1.36362,1.36317,-27976.7699,237.1971,-1,1.36752,0.521,0.0,0.0,0.0,0.0,0,0.289,1,0,19385,0.698,0.588,0.44,22.0,22.0,0.2435,90.4,0.0,1,1,0.792,1.28023,1,1,0.425,1.21325,-1,92.212,0.054,0.946,0.0,1.0,0.0,0.18,0.0,0.5,0.784,0.342,0.448,0.5,0.394,0.0,0.902,0.0,0,0,0.51,0.651,0.0,0.756,0.0,0.722,0.559,0.0,0.43,0.429,0.0,1.0,1.018
66890,2024.07.12 14:02:20,USDCADm,PULLBACK,BUY,4,1.36349,1.36301,1.36399,1.04,0.529,1.36288,1.36383,1.36206,1,0.063,0.483,0.4302,1.36303,1.36309,1.36383,1.36177,1,0.0,0.7,0,1.36288,0.783,0.363,0,0.0,0.0,0.0,0.0,0.0,0,0,0,0.675,0.685,0.0505,0.685,0.671,0,0.682,3,0.425,1.36332,1.3637,0.06,0.48,0.0,2,0.0,0,0.682,1.048,3.0,0.349,0.461,1,1.36288,8,0.757,0.88,0.099,0.206,0.0,0.924,0.858,1.36818,1.36362,1.36317,-27976.7699,237.1971,-1,1.36752,0.521,0.0,0.0,0.0,0.0,0,0.289,1,0,19385,0.698,0.588,0.44,22.0,22.0,0.2435,90.4,0.0,1,1,0.792,1.28023,1,1,0.425,1.21325,-1,92.145,0.054,0.946,0.0,1.0,0.0,0.1,0.0,0.5,0.0,0.465,0.47,0.5,0.447,0.0,0.749,0.0,0,0,0.452,0.76,0.0,0.792,0.0,0.686,0.57,0.0,0.48,0.429,0.0,1.0,0.999
66892,2024.07.12 14:08:40,USDCADm,BREAKOUT,BUY,4,1.36304,1.36219,1.36399,1.11,0.32,1.36288,1.36383,1.36206,1,0.063,0.483,-0.0678,1.36303,1.36309,1.36383,1.36177,1,0.0,0.7,0,1.36288,0.783,0.363,0,0.0,0.0,0.0,0.0,0.0,0,0,0,0.675,0.685,0.0505,0.685,0.713,0,0.682,3,0.425,1.36288,1.36238,0.068,0.492,0.0,2,0.0,0,0.682,1.029,3.0,0.343,0.469,1,1.36206,5,0.6,0.864,0.086,0.206,0.0,1.0,0.91,1.36818,1.36362,1.36317,-27976.7699,237.1971,-1,1.36752,0.521,0.0,0.0,0.0,0.0,0,0.289,1,0,19385,0.698,0.588,0.44,22.0,22.0,0.2435,90.4,0.0,1,1,0.792,1.28023,1,1,0.425,1.21325,-1,91.647,0.054,0.946,0.0,1.0,0.0,0.0,0.0,0.5,0.0,0.47,0.439,0.5,0.479,0.0,0.853,0.0,0,0,0.522,0.811,0.0,0.911,0.0,0.754,0.51,0.0,0.478,0.429,0.0,1.0,0.914
66894,2024.07.12 14:58:40,USDCADm,TREND_CONTINUATION,BUY,4,1.36241,1.36133,1.36399,1.45,0.453,1.36288,1.36383,1.36206,1,0.063,0.483,-0.765,1.36303,1.36309,1.36383,1.36177,1,0.0,0.7,0,1.36288,0.783,0.363,0,0.0,0.0,0.0,0.0,0.0,0,0,0,0.675,0.685,0.0505,0.685,0.279,0,0.682,3,0.425,1.36187,1.36238,0.355,0.205,0.0,2,0.0,0,0.682,1.225,3.0,0.408,0.483,1,1.36187,2,0.55,0.29,0.216,0.206,0.0,0.936,0.91,1.36818,1.36362,1.36317,-27976.7699,237.1971,-1,1.36752,0.521,0.0,0.0,0.0,0.0,0,0.289,1,0,19385,0.698,0.588,0.44,22.0,22.0,0.2435,90.4,0.0,1,1,0.792,1.28023,1,1,0.425,1.21325,-1,90.95,0.054,0.946,0.0,1.0,0.0,0.05,0.0,0.5,0.0,0.862,0.474,0.5,0.462,0.0,0.284,0.0,0,0,0.267,0.643,0.0,1.0,0.0,0.637,0.435,0.0,0.442,0.429,0.0,1.0,0.948
66896,2024.07.12 15:00:20,USDCADm,SWEEP_REVERSAL,BUY,4,1.3623,1.36134,1.36308,0.81,0.604,1.36286,1.36349,1.36223,0,0.788,0.404,-0.8091,1.36295,1.36307,1.36381,1.36175,1,0.0,0.55,0,1.36286,0.8,0.543,0,0.0,0.0,1.36233,0.0,0.0,1,0,0,0.5,0.545,0.0717,0.545,0.559,0,0.782,0,0.519,1.36291,1.36171,0.869,0.384,0.0,2,0.55,6,0.75,0.648,3.0,0.216,0.358,1,1.36286,8,0.76,0.0,0.552,0.164,0.596,0.903,0.637,1.36818,1.36362,1.36317,-27976.7699,237.1971,-1,1.36752,0.521,0.0,0.0,0.0,0.0,0,0.289,1,0,19386,0.698,0.588,0.44,22.0,22.0,0.2292,96.0,0.0,1,1,0.792,1.28023,1,1,0.425,1.21325,-1,85.49,0.054,0.946,0.0,1.0,0.0,0.01,0.0,0.5,0.0,0.0,0.442,0.5,0.0,0.0,0.0,0.0,0,0,0.035,0.0,0.0,0.0,0.0,0.0,0.5,0.0,0.0,0.0,0.0,0.0,0.0
66898,2024.07.12 16:00:40,USDCADm,MEAN_REVERSION,BUY,4,1.36236,1.36153,1.36318,0.99,0.79,1.36296,1.36356,1.36222,0,0.224,0.689,-0.7909,1.36295,1.36307,1.36351,1.36146,1,0.0,0.5,0,1.36296,0.8,0.384,0,0.0,0.0,1.3614,0.0,0.0,0,0,0,0.089,0.0,0.0049,0.149,0.535,0,0.866,0,0.377,1.36289,1.36188,0.726,0.252,0.0,2,0.25,0,0.866,1.109,3.0,0.37,0.477,1,1.36296,8,0.76,0.0,0.24,0.0,0.163,0.972,0.692,1.36818,1.36362,1.36317,-26290.0208,1686.7491,-1,1.36752,0.491,0.0,0.0,0.0,0.0,0,0.419,1,0,19387,0.698,0.588,0.44,22.0,22.0,0.2133,103.1,0.0,1,1,0.792,1.28023,1,1,0.425,1.21325,0,79.627,0.082,0.918,0.0,1.0,0.5,0.78,0.0,0.5,0.0,0.5,0.663,0.5,0.444,0.0,0.303,0.0,0,0,0.352,0.818,0.0,1.0,0.048,0.546,0.414,0.0,0.433,0.429,0.0,1.0,0.947
66899,2024.07.12 16:01:20,USDCADm,ANCHORED_PULLBACK,BUY,4,1.36233,1.36193,1.36439,5.18,0.174,1.36296,1.36356,1.36222,0,0.224,0.689,-0.82,1.36295,1.36307,1.36351,1.36146,1,0.0,0.5,0,1.36296,0.8,0.384,0,0.0,0.0,1.3614,0.0,0.0,0,0,0,0.089,0.0,0.0049,0.149,0.535,0,0.866,0,0.377,1.36289,1.36188,0.755,0.223,0.0,2,0.25,0,0.866,1.109,3.0,0.37,0.477,1,1.36296,8,0.76,0.0,0.24,0.0,0.163,0.972,0.692,1.36818,1.36362,1.36317,-26290.0208,1686.7491,-1,1.36752,0.491,0.0,0.0,0.0,0.0,0,0.419,1,0,19387,0.698,0.588,0.44,22.0,22.0,0.2133,103.1,0.0,1,1,0.792,1.28023,1,1,0.425,1.21325,0,79.598,0.082,0.918,0.0,1.0,0.5,0.72,0.0,0.5,0.0,0.5,0.654,0.5,0.444,0.0,0.303,0.0,0,0,0.347,0.818,0.0,1.0,0.048,0.546,0.408,0.0,0.433,0.429,0.0,1.0,0.947
66902,2024.07.12 19:00:00,USDCADm,BREAKOUT_RETEST,BUY,3,1.36314,1.36282,1.3641,2.96,0.614,1.3627,1.36318,1.36179,1,0.006,0.292,0.2045,1.36278,1.36307,1.36351,1.36146,1,0.0,0.65,0,1.3627,0.747,0.237,0,0.0,0.0,0.0,0.0,0.0,0,0,0,0.45,0.685,0.0738,0.685,0.943,2,0.504,3,0.385,1.36297,1.36324,0.044,0.292,0.2019,0,0.15,2,1.0,1.376,3.0,0.459,0.542,2,1.36179,5,0.6,0.912,0.077,0.906,0.053,0.845,0.75,1.36818,1.36362,1.36317,-26290.0208,1686.7491,-1,1.36752,0.491,0.0,0.0,0.0,0.0,0,0.419,1,0,19390,0.692,0.589,0.438,22.0,22.0,0.2033,108.2,0.0,1,1,0.792,1.28023,1,1,0.425,1.21325,1,76.617,0.082,0.918,0.0,1.0,1.0,0.81,0.0,0.5,0.0,0.664,0.477,0.5,0.555,0.0,0.378,0.0,0,0,0.331,0.76,0.0,1.0,0.071,0.658,0.53,0.0,0.415,0.429,0.0,1.0,0.982
66903,2024.07.12 19:00:20,USDCADm,TREND_CONTINUATION,BUY,3,1.36314,1.36184,1.36585,2.08,0.352,1.3627,1.36318,1.36179,1,0.006,0.292,0.2045,1.36278,1.36307,1.36351,1.36146,1,0.0,0.65,0,1.3627,0.747,0.237,0,0.0,0.0,0.0,0.0,0.0,0,0,0,0.45,0.685,0.0738,0.685,0.943,0,0.678,3,0.385,1.36297,1.36324,0.044,0.292,0.0,2,0.15,0,0.678,0.926,3.0,0.309,0.409,1,1.36179,5,0.6,0.912,0.077,0.206,0.053,0.845,0.75,1.36818,1.36362,1.36317,-26290.0208,1686.7491,-1,1.36752,0.491,0.0,0.0,0.0,0.0,0,0.419,1,0,19390,0.692,0.589,0.438,22.0,22.0,0.2033,108.2,0.0,1,1,0.792,1.28023,1,1,0.425,1.21325,1,76.617,0.082,0.918,0.0,1.0,1.0,0.8,0.0,0.5,0.0,0.791,0.477,0.5,0.555,0.0,0.356,0.0,0,0,0.322,0.76,0.0,0.998,0.071,0.504,0.546,0.0,0.454,0.429,0.0,1.0,0.909
66906,2024.07.12 20:01:59,USDCADm,ANCHORED_PULLBACK,BUY,3,1.36354,1.36281,1.36549,2.66,0.495,1.36309,1.36329,1.3625,0,0.1,1.052,0.2102,1.36278,1.36307,1.36351,1.36146,1,0.0,0.5,2,1.36309,0.696,0.603,0,0.0,0.0,1.36313,0.0,0.0,0,0,0,0.75,0.72,0.0809,0.72,0.218,0,0.67,0,0.344,1.36301,1.36333,0.283,0.009,0.0,2,0.0,0,0.67,1.252,3.0,0.417,0.476,1,1.3625,5,0.6,0.433,0.234,0.216,0.069,0.953,0.815,1.36818,1.36919,1.36317,-369031.7287,-342741.7079,-2,1.36752,0.492,0.0,0.0,0.0,0.0,0,0.506,1,0,19391,0.692,0.589,0.438,22.0,22.0,0.2026,108.6,0.0,1,1,0.792,1.28023,1,1,0.425,1.21325,1,76.733,0.049,0.951,0.0,0.0,1.0,0.76,0.0,0.5,0.0,0.699,0.502,0.5,0.573,0.0,0.431,0.0,0,0,0.346,0.912,0.0,1.0,0.067,0.335,0.634,0.0,0.477,0.429,0.0,1.0,1.032
66908,2024.07.12 20:20:20,USDCADm,BREAKOUT,BUY,3,1.36356,1.36193,1.36627,1.67,0.444,1.36309,1.36329,1.3625,0,0.1,1.052,0.2287,1.36278,1.36307,1.36351,1.36146,1,0.0,0.5,2,1.36309,0.696,0.603,0,0.0,0.0,1.36313,0.0,0.0,0,0,0,0.75,0.72,0.0809,0.72,0.218,0,0.67,0,0.344,1.36301,1.36333,0.302,0.009,0.0,2,0.0,0,0.67,1.252,3.0,0.417,0.476,1,1.36301,2,0.55,0.396,0.234,0.216,0.069,0.953,0.815,1.36818,1.36919,1.36317,-369031.7287,-342741.7079,-2,1.36752,0.492,0.0,0.0,0.0,0.0,0,0.506,1,0,19391,0.692,0.589,0.438,22.0,22.0,0.2026,108.6,0.0,1,1,0.792,1.28023,1,1,0.425,1.21325,1,76.751,0.049,0.951,0.0,0.0,1.0,0.51,0.0,0.5,0.0,1.0,0.488,0.5,0.547,0.0,0.429,0.0,0,0,0.343,0.912,0.0,1.0,0.067,0.354,0.636,0.0,0.477,0.429,0.0,1.0,1.032
0,2024.07.14 21:05:30,USDCADm,BREAKOUT,BUY,3,1.36522,1.36471,1.36785,5.17,0.443,1.36295,1.36329,1.36269,0,0.383,1.169,0.5976,1.36278,1.36307,1.36351,1.36146,0,0.0,0.4,0,1.36295,0.799,0.729,0,0.0,0.0,0.0,1.36299,0.565,0,0,1,0.825,0.755,0.0851,0.755,0.232,0,0.691,0,0.63,1.36303,1.36355,0.526,0.026,-0.1857,1,0.0,0,0.691,0.248,0.598,0.415,0.382,1,1.36295,8,0.76,0.0,0.531,0.226,0.126,0.816,0.692,1.36818,1.36919,1.36317,-390568.5503,-21536.8216,-2,1.36752,0.493,0.0,0.0,0.0,0.0,0,0.512,1,0,19392,0.692,0.589,0.438,164.0,23.4,1.5619,105.0,0.0,1,1,0.792,1.28023,1,1,0.425,1.21325,1,80.943,0.049,0.951,0.0,0.0,1.0,0.0,0.0,0.5,0.0,1.0,0.442,0.5,0.553,0.0,0.297,0.0,0,0,0.319,0.642,0.0,0.743,0.067,0.213,0.839,0.0,0.498,0.429,0.0,1.0,1.014
0,2024.07.14 21:05:30,USDCADm,PULLBACK,BUY,3,1.36522,1.36471,1.36837,6.21,0.416,1.36295,1.36329,1.36269,0,0.383,1.169,0.5976,1.36278,1.36307,1.36351,1.36146,0,0.0,0.4,0,1.36295,0.799,0.729,0,0.0,0.0,0.0,1.36299,0.565,0,0,1,0.825,0.755,0.0851,0.755,0.232,0,0.77,0,0.63,1.36303,1.36355,0.526,0.026,0.0,2,0.0,0,0.77,0.248,0.598,0.415,0.402,1,1.36295,8,0.76,0.0,0.231,0.226,0.126,0.816,0.692,1.36818,1.36919,1.36317,-390568.5503,-21536.8216,-2,1.36752,0.493,0.0,0.0,0.0,0.0,0,0.512,1,0,19392,0.692,0.589,0.438,164.0,24.8,1.5619,105.0,0.0,1,1,0.792,1.28023,1,1,0.425,1.21325,1,80.943,0.049,0.951,0.0,0.0,1.0,0.0,0.0,0.5,0.0,1.0,0.442,0.5,0.553,0.0,0.313,0.0,0,0,0.326,0.657,0.0,0.743,0.067,0.293,0.841,0.0,0.498,0.429,0.0,1.0,1.075
0,2024.07.14 21:06:00,USDCADm,TREND_CONTINUATION,BUY,3,1.36523,1.36397,1.36786,2.08,0.489,1.36295,1.36329,1.36269,0,0.383,1.169,0.6071,1.36278,1.36307,1.36351,1.36146,0,0.0,0.4,0,1.36295,0.799,0.729,0,0.0,0.0,0.0,1.36299,0.565,0,0,1,0.825,0.755,0.0851,0.755,0.232,0,0.77,0,0.63,1.36303,1.36355,0.536,0.036,0.0,2,0.0,0,0.77,0.252,0.607,0.415,0.403,1,1.36295,8,0.76,0.0,0.231,0.226,0.126,0.816,0.692,1.36818,1.36919,1.36317,-390568.5503,-21536.8216,-2,1.36752,0.493,0.0,0.0,0.0,0.0,0,0.512,1,0,19392,0.692,0.589,0.438,164.0,26.3,1.5619,105.0,0.0,1,1,0.792,1.28023,1,1,0.425,1.21325,1,80.952,0.049,0.951,0.0,0.0,1.0,0.02,0.0,0.5,0.0,1.0,0.46,0.5,0.553,0.0,0.313,0.0,0,0,0.315,0.657,0.0,0.743,0.067,0.293,0.843,0.0,0.495,0.429,0.0,1.0,1.075
0,2024.07.14 21:12:40,USDCADm,BREAKOUT_RETEST,BUY,3,1.3646,1.36429,1.36493,1.05,0.516,1.36295,1.36329,1.36269,1,0.383,1.169,0.0071,1.36278,1.36307,1.36351,1.36146,1,0.0,0.4,0,1.36295,0.799,0.729,0,0.0,0.0,0.0,1.36299,0.565,0,0,1,0.825,0.755,0.0851,0.755,1.0,0,0.77,0,0.63,1.36303,1.36355,0.064,0.564,0.0,2,0.0,0,0.77,0.169,0.564,0.3,0.393,1,1.36329,4,0.6,0.871,0.0,0.226,0.126,0.816,0.692,1.36818,1.36919,1.36317,-390568.5503,-21536.8216,-2,1.36752,0.493,0.0,0.0,0.0,0.0,0,0.512,1,0,19392,0.692,0.589,0.438,164.0,80.2,1.5619,105.0,0.0,1,1,0.792,1.28023,1,1,0.425,1.21325,1,80.352,0.049,0.951,0.0,0.0,1.0,0.0,0.0,0.5,0.684,0.966,0.389,0.5,0.574,0.0,0.384,0.0,0,0,0.392,0.812,0.0,0.99,0.093,0.013,0.513,0.0,0.515,0.429,0.0,1.0,0.914
66910,2024.07.14 21:34:00,USDCADm,NAKED_POC,BUY,3,1.3639,1.36253,1.36548,1.15,0.761,1.36295,1.36329,1.36269,1,0.383,1.169,-0.2214,1.36278,1.36307,1.36351,1.36146,1,0.0,0.4,0,1.36295,0.799,0.729,0,0.0,0.0,0.0,1.36299,0.565,0,0,1,0.825,0.755,0.0851,0.755,0.603,0,0.77,0,0.63,1.36303,1.36224,0.293,0.457,0.0,2,0.0,0,0.77,0.164,0.457,0.36,0.393,1,1.36329,4,0.6,0.414,0.119,0.226,0.126,0.816,0.942,1.36818,1.36919,1.36317,-390568.5503,-21536.8216,-2,1.36752,0.493,0.0,0.0,0.0,0.0,0,0.512,1,0,19392,0.692,0.589,0.438,118.0,157.0,1.1238,105.0,0.0,1,1,0.792,1.28023,1,1,0.425,1.21325,1,79.686,0.049,0.951,0.0,0.0,1.0,0.99,0.0,0.5,0.0,0.61,0.433,0.5,0.577,0.0,0.155,0.0,0,0,0.275,0.812,0.0,1.0,0.067,0.24,0.466,0.0,0.463,0.429,0.0,1.0,0.948
66912,2024.07.14 22:00:00,USDCADm,ANCHORED_PULLBACK,BUY,1,1.36388,1.36292,1.36564,1.82,0.48,1.36292,1.3634,1.36289,0,0.271,0.146,0.5095,1.36278,1.36307,1.36351,1.36146,1,0.0,0.4,0,1.36292,0.8,0.551,0,0.0,0.0,1.36324,0.0,0.0,0,0,0,0.6,0.79,0.087,0.79,0.347,2,0.565,0,0.885,1.36314,1.36363,0.301,0.146,-0.0776,1,0.15,0,0.565,1.194,3.0,0.398,0.472,1,1.36292,8,0.76,0.398,0.556,0.237,0.23,0.825,0.911,1.36818,1.36919,1.36317,-390568.5503,-21536.8216,-2,1.36752,0.493,0.0,0.0,0.0,0.0,0,0.512,1,0,19393,0.692,0.589,0.438,41.0,108.9,0.3786,108.3,0.0,1,1,0.792,1.28023,1,1,0.425,1.21325,1,77.249,0.049,0.951,0.0,0.0,1.0,0.99,0.0,0.5,0.0,0.749,0.669,0.5,0.468,0.0,0.186,0.0,0,0,0.316,0.674,0.0,0.927,0.1,0.125,0.733,0.0,0.479,0.429,0.0,1.0,0.889
66914,2024.07.14 23:05:40,USDCADm,BREAKOUT,BUY,1,1.365,1.36335,1.36778,1.69,0.51,1.36311,1.36356,1.36254,0,1.589,0.787,1.4973,1.36255,1.36305,1.36352,1.36132,0,0.0,0.4,0,1.36311,0.8,0.223,0,0.0,0.0,1.36498,0.0,0.0,0,0,1,0.975,0.825,0.1567,0.825,0.404,0,0.727,1,0.357,1.36305,1.36401,1.555,0.695,0.0,2,0.0,0,0.727,1.168,3.0,0.389,0.47,1,1.36311,8,0.76,0.0,0.179,0.247,0.0,0.855,0.947,1.36818,1.36919,1.36317,-390568.5503,-21536.8216,-2,1.36752,0.493,0.0,0.0,0.0,0.0,0,0.512,1,0,19394,0.692,0.589,0.438,22.0,20.9,0.1977,111.3,0.0,1,1,0.792,1.28023,1,1,0.425,1.21325,1,76.173,0.049,0.951,0.0,0.0,1.0,0.0,0.0,0.5,0.0,0.945,0.413,0.5,0.521,0.0,0.729,0.0,0,0,0.5,0.525,0.0,0.333,0.067,0.485,0.434,0.0,0.456,0.412,0.0,1.0,1.018
66915,2024.07.14 23:05:59,USDCADm,PULLBACK,BUY,1,1.36501,1.36335,1.36835,2.01,0.484,1.36311,1.36356,1.36254,0,1.589,0.787,1.5063,1.36255,1.36305,1.36352,1.36132,0,0.0,0.4,0,1.36311,0.8,0.223,0,0.0,0.0,1.36498,0.0,0.0,0,0,1,0.975,0.825,0.1567,0.825,0.404,0,0.727,1,0.357,1.36305,1.36401,1.564,0.704,0.0,2,0.0,0,0.727,1.168,3.0,0.389,0.47,1,1.36311,8,0.76,0.0,0.179,0.247,0.0,0.855,0.947,1.36818,1.36919,1.36317,-390568.5503,-21536.8216,-2,1.36752,0.493,0.0,0.0,0.0,0.0,0,0.512,1,0,19394,0.692,0.589,0.438,22.0,20.9,0.1977,111.3,0.0,1,1,0.792,1.28023,1,1,0.425,1.21325,1,76.182,0.049,0.951,0.0,0.0,1.0,0.01,0.0,0.5,0.0,0.945,0.402,0.5,0.521,0.0,0.729,0.0,0,0,0.507,0.525,0.0,0.333,0.067,0.485,0.434,0.0,0.456,0.412,0.0,1.0,1.018
66916,2024.07.14 23:06:00,USDCADm,TREND_CONTINUATION,BUY,1,1.36501,1.36335,1.36779,1.68,0.569,1.36311,1.36356,1.36254,0,1.589,0.787,1.5063,1.36255,1.36305,1.36352,1.36132,0,0.0,0.4,0,1.36311,0.8,0.223,0,0.0,0.0,1.36498,0.0,0.0,0,0,1,0.975,0.825,0.1567,0.825,0.404,0,0.727,1,0.357,1.36305,1.36401,1.564,0.704,0.0,2,0.0,0,0.727,1.168,3.0,0.389,0.47,1,1.36311,8,0.76,0.0,0.179,0.247,0.0,0.855,0.947,1.36818,1.36919,1.36317,-390568.5503,-21536.8216,-2,1.36752,0.493,0.0,0.0,0.0,0.0,0,0.512,1,0,19394,0.692,0.589,0.438,22.0,20.9,0.1977,111.3,0.0,1,1,0.792,1.28023,1,1,0.425,1.21325,1,76.182,0.049,0.951,0.0,0.0,1.0,0.01,0.0,0.5,0.0,0.945,0.386,0.5,0.521,0.0,0.729,0.0,0,0,0.517,0.525,0.0,0.333,0.067,0.485,0.434,0.0,0.456,0.412,0.0,1.0,1.018
66920,2024.07.15 00:01:40,USDCADm,BREAKOUT_RETEST,BUY,1,1.36501,1.36468,1.36537,1.1,0.587,1.36488,1.36521,1.36334,1,0.048,0.318,-0.024,1.36281,1.36313,1.36361,1.36137,0,0.0,0.7,2,1.36488,0.753,0.199,0,0.0,0.0,0.0,0.0,0.0,0,0,1,1.0,0.685,0.2857,0.685,1.0,2,0.56,3,0.952,1.36488,1.36434,0.024,0.464,0.0,2,0.25,0,0.56,0.9,3.0,0.3,0.419,1,1.36521,4,0.6,0.952,0.1,0.206,0.088,0.738,0.951,1.36818,1.36919,1.36317,-356699.4501,33869.1002,-1,1.36752,0.495,0.0,0.0,0.0,0.0,0,0.226,1,0,19395,0.692,0.589,0.438,16.0,16.1,0.1463,109.4,0.0,1,1,0.792,1.28023,1,1,0.425,1.21325,1,77.526,0.097,0.903,0.0,1.0,1.0,0.91,0.0,0.5,0.0,1.0,0.459,0.5,0.558,0.0,0.367,0.0,0,0,0.338,0.82,0.0,0.481,0.1,0.881,0.65,0.0,0.503,0.412,0.0,1.0,1.009
66922,2024.07.15 01:05:40,USDCADm,BREAKOUT,BUY,1,1.36575,1.36408,1.36854,1.67,0.523,1.36499,1.36554,1.36459,0,0.157,1.007,0.539,1.36255,1.36312,1.36363,1.36157,0,0.0,0.3,0,1.36531,0.735,0.435,0,0.0,0.0,0.0,0.0,0.0,0,0,1,1.0,0.895,0.3811,0.895,0.228,0,0.708,2,0.433,1.36507,1.36404,0.468,1.389,0.0,2,0.0,0,0.708,1.247,3.0,0.416,0.492,1,1.36499,1,0.7,0.064,0.232,0.269,0.0,0.923,0.953,1.36818,1.36919,1.36317,-356699.4501,33869.1002,-1,1.36752,0.495,0.0,0.0,0.0,0.0,0,0.226,1,0,19396,0.692,0.589,0.438,16.0,16.1,0.1435,111.5,0.0,1,1,0.792,1.28023,1,1,0.425,1.21325,1,76.7,0.097,0.903,0.0,1.0,1.0,0.93,0.0,0.5,0.0,0.38,0.591,0.5,0.575,0.0,0.531,0.0,0,0,0.44,0.604,0.0,0.38,0.067,0.176,0.715,0.0,0.49,0.412,0.0,1.0,1.089
66923,2024.07.15 01:05:59,USDCADm,PULLBACK,BUY,1,1.36578,1.36411,1.36913,2.0,0.504,1.36499,1.36554,1.36459,0,0.157,1.007,0.5659,1.36255,1.36312,1.36363,1.36157,0,0.0,0.3,0,1.36531,0.735,0.435,0,0.0,0.0,0.0,0.0,0.0,0,0,1,1.0,0.895,0.3811,0.895,0.228,0,0.708,2,0.433,1.36507,1.36404,0.495,1.416,0.0,2,0.0,0,0.708,1.247,3.0,0.416,0.492,1,1.36499,1,0.7,0.01,0.232,0.269,0.0,0.923,0.953,1.36818,1.36919,1.36317,-356699.4501,33869.1002,-1,1.36752,0.495,0.0,0.0,0.0,0.0,0,0.226,1,0,19396,0.692,0.589,0.438,16.0,16.1,0.1435,111.5,0.0,1,1,0.792,1.28023,1,1,0.425,1.21325,1,76.726,0.097,0.903,0.0,1.0,1.0,0.93,0.0,0.5,0.0,0.38,0.581,0.5,0.575,0.0,0.531,0.0,0,0,0.433,0.604,0.0,0.38,0.067,0.176,0.718,0.0,0.49,0.412,0.0,1.0,1.089
66924,2024.07.15 01:06:00,USDCADm,TREND_CONTINUATION,BUY,1,1.36579,1.36445,1.36858,2.08,0.592,1.36499,1.36554,1.36459,0,0.157,1.007,0.5749,1.36255,1.36312,1.36363,1.36157,0,0.0,0.3,0,1.36531,0.735,0.435,0,0.0,0.0,0.0,0.0,0.0,0,0,1,1.0,0.895,0.3811,0.895,0.228,0,0.708,2,0.433,1.36507,1.36404,0.504,1.425,0.0,2,0.0,0,0.708,1.247,3.0,0.416,0.492,1,1.36499,1,0.7,0.0,0.232,0.269,0.0,0.923,0.953,1.36818,1.36919,1.36317,-356699.4501,33869.1002,-1,1.36752,0.495,0.0,0.0,0.0,0.0,0,0.226,1,0,19396,0.692,0.589,0.438,16.0,16.1,0.1435,111.5,0.0,1,1,0.792,1.28023,1,1,0.425,1.21325,1,76.735,0.097,0.903,0.0,1.0,1.0,0.93,0.0,0.5,0.0,0.38,0.617,0.5,0.575,0.0,0.531,0.0,0,0,0.455,0.604,0.0,0.38,0.067,0.176,0.719,0.0,0.49,0.412,0.0,1.0,1.089
66928,2024.07.15 02:01:40,USDCADm,BREAKOUT_RETEST,BUY,1,1.36537,1.36491,1.36614,1.67,0.532,1.36528,1.3656,1.36487,1,0.153,0.674,-0.0637,1.36258,1.36317,1.3637,1.3616,0,0.0,0.4,0,1.36528,0.794,0.322,0,0.0,0.0,0.0,0.0,0.0,0,0,1,0.8,0.93,0.3704,0.93,0.475,0,0.728,2,0.025,1.36537,1.36417,0.146,0.929,0.0,2,0.0,0,0.728,1.136,3.0,0.379,0.429,1,1.36487,5,0.6,0.707,0.158,0.279,0.0,0.891,0.954,1.36818,1.36919,1.36317,-356699.4501,33869.1002,-1,1.36752,0.495,0.0,0.0,0.0,0.0,0,0.226,1,0,19397,0.692,0.589,0.438,16.0,16.0,0.1431,111.8,0.0,1,1,0.792,1.28023,1,1,0.425,1.21325,1,76.164,0.097,0.903,0.0,1.0,1.0,0.12,0.0,0.5,0.0,0.926,0.372,0.5,0.558,0.0,0.482,0.0,0,0,0.437,0.802,0.0,0.523,0.093,0.271,0.65,0.0,0.484,0.412,0.0,1.0,0.912
66930,2024.07.15 04:04:40,USDCADm,BREAKOUT_RETEST,BUY,1,1.3652,1.36492,1.36561,1.5,0.616,1.36503,1.36545,1.36501,1,0.048,0.135,0.0065,1.36258,1.36317,1.3637,1.36125,0,0.0,0.4,0,1.36503,0.701,0.307,0,0.0,0.0,0.0,0.0,0.0,0,0,1,1.0,1.0,0.333,1.0,1.0,2,0.541,0,0.616,1.36503,1.36481,0.007,0.25,0.0,2,0.15,0,0.541,0.9,3.0,0.3,0.42,1,1.36545,4,0.6,0.987,0.06,0.3,0.176,1.0,0.974,1.36818,1.36919,1.36317,-354599.4533,2099.9968,-1,1.36752,0.484,0.0,0.0,0.0,0.0,0,0.303,1,0,19399,0.692,0.589,0.438,16.0,16.2,0.1739,92.0,0.0,1,1,0.792,1.28023,1,1,0.425,1.21325,1,92.359,0.052,0.948,0.0,1.0,1.0,0.6,0.0,0.5,0.0,1.0,0.523,0.5,0.563,0.0,0.246,0.0,0,0,0.282,0.612,0.0,0.556,0.071,0.215,0.65,0.0,0.526,0.412,0.0,1.0,0.877
66932,2024.07.15 04:30:40,USDCADm,PULLBACK,BUY,1,1.36536,1.36398,1.36812,2.0,0.642,1.36503,1.36545,1.36501,1,0.048,0.135,0.1804,1.36258,1.36317,1.3637,1.36125,0,0.0,0.4,0,1.36503,0.701,0.307,0,0.0,0.0,0.0,0.0,0.0,0,0,1,1.0,1.0,0.333,1.0,0.33,2,0.541,0,0.616,1.36529,1.36481,0.093,0.424,0.0,2,0.15,0,0.541,1.201,3.0,0.4,0.408,1,0.0,0,0.0,0.813,0.261,0.3,0.176,0.628,0.974,1.36818,1.36919,1.36317,-354599.4533,2099.9968,-1,1.36752,0.484,0.0,0.0,0.0,0.0,0,0.303,1,0,19399,0.692,0.589,0.438,16.0,16.3,0.1739,92.0,0.0,1,1,0.792,1.28023,1,1,0.425,1.21325,1,92.533,0.052,0.948,0.0,1.0,1.0,0.99,0.0,0.5,0.0,0.997,0.402,0.5,0.553,0.0,0.278,0.0,0,0,0.336,0.523,0.0,0.38,0.071,0.158,0.65,0.0,0.505,0.412,0.0,1.0,0.912
66933,2024.07.15 04:30:59,USDCADm,TREND_CONTINUATION,BUY,1,1.36536,1.36426,1.36766,2.08,0.577,1.36503,1.36545,1.36501,1,0.048,0.135,0.1804,1.36258,1.36317,1.3637,1.36125,0,0.0,0.4,0,1.36503,0.701,0.307,0,0.0,0.0,0.0,0.0,0.0,0,0,1,1.0,1.0,0.333,1.0,0.33,2,0.541,0,0.616,1.36529,1.36481,0.093,0.424,0.0,2,0.15,0,0.541,1.201,3.0,0.4,0.408,1,0.0,0,0.0,0.813,0.261,0.3,0.176,0.628,0.974,1.36818,1.36919,1.36317,-354599.4533,2099.9968,-1,1.36752,0.484,0.0,0.0,0.0,0.0,0,0.303,1,0,19399,0.692,0.589,0.438,16.0,16.3,0.1739,92.0,0.0,1,1,0.792,1.28023,1,1,0.425,1.21325,1,92.533,0.052,0.948,0.0,1.0,1.0,0.98,0.0,0.5,0.0,0.997,0.415,0.5,0.553,0.0,0.278,0.0,0,0,0.328,0.523,0.0,0.38,0.071,0.158,0.65,0.0,0.505,0.412,0.0,1.0,0.912
66936,2024.07.15 05:00:00,USDCADm,ANCHORED_PULLBACK,BUY,1,1.36573,1.36524,1.36726,3.13,0.5,1.36503,1.3654,1.36496,0,0.177,0.08,0.6389,1.36258,1.36317,1.3637,1.36125,0,0.0,0.5,2,1.36503,0.75,0.878,0,0.0,0.0,1.36549,0.0,0.0,0,0,1,1.0,0.825,0.3041,0.825,0.201,2,0.613,3,0.487,1.36542,1.3657,0.177,0.157,-0.0153,2,0.4,0,0.613,1.259,3.0,0.42,0.344,0,1.36503,8,0.75,0.646,0.4,0.247,0.14,0.342,0.946,1.36818,1.36919,1.36317,-354599.4533,2099.9968,-1,1.36752,0.484,0.0,0.0,0.0,0.0,0,0.303,1,0,19400,0.69,0.594,0.436,16.0,16.1,0.1889,84.7,0.0,1,1,0.792,1.28023,1,1,0.425,1.21325,1,100.927,0.052,0.948,0.0,1.0,1.0,0.85,0.0,0.5,0.0,1.0,0.535,0.5,0.575,0.0,0.323,0.0,0,0,0.323,0.473,0.0,0.345,0.071,0.281,0.863,0.0,0.516,0.412,0.0,1.0,1.0
66938,2024.07.15 05:08:40,USDCADm,BREAKOUT,BUY,1,1.36587,1.3655,1.36799,5.66,0.488,1.36503,1.3654,1.36496,0,0.177,0.08,0.8042,1.36258,1.36317,1.3637,1.36125,0,0.0,0.5,2,1.36503,0.75,0.878,0,0.0,0.0,1.36549,0.0,0.0,0,0,1,1.0,0.825,0.3041,0.825,0.049,2,0.617,3,0.487,1.36542,1.3657,0.342,0.008,0.0,2,0.4,0,0.617,1.328,3.0,0.443,0.353,1,1.36542,2,0.55,0.316,0.445,0.247,0.14,0.342,0.946,1.36818,1.36919,1.36317,-354599.4533,2099.9968,-1,1.36752,0.484,0.0,0.0,0.0,0.0,0,0.303,1,0,19400,0.69,0.594,0.436,16.0,16.1,0.1889,84.7,0.0,1,1,0.792,1.28023,1,1,0.425,1.21325,1,101.093,0.052,0.948,0.0,1.0,1.0,0.93,0.0,0.5,0.0,1.0,0.667,0.5,0.577,0.0,0.364,0.0,0,0,0.419,0.444,0.0,0.345,0.071,0.198,0.863,0.0,0.532,0.412,0.0,1.0,1.0
66940,2024.07.15 06:11:40,USDCADm,BREAKOUT_RETEST,BUY,1,1.36553,1.36519,1.36588,1.02,0.609,1.36502,1.36545,1.36492,1,0.633,0.169,0.4534,1.36258,1.36317,1.3637,1.36125,0,0.0,0.65,2,1.36502,0.748,0.0,1,0.0,0.0,0.0,0.0,0.0,0,0,1,1.0,1.0,0.2923,1.0,0.03,2,0.588,1,0.068,1.36504,1.36537,0.427,0.001,0.0,2,0.15,4,0.576,1.636,3.0,0.545,0.396,1,1.36502,8,0.75,0.147,0.351,0.3,0.053,0.599,0.916,1.36818,1.36919,1.36317,-354599.4533,2099.9968,-1,1.36752,0.484,0.0,0.0,0.0,0.0,0,0.303,1,0,19401,0.69,0.594,0.436,16.0,16.2,0.2088,76.6,0.0,1,1,0.792,1.28023,1,1,0.425,1.21325,1,111.295,0.052,0.948,0.0,1.0,1.0,0.17,0.0,0.5,0.0,0.407,0.322,0.5,0.681,0.0,0.449,0.0,0,0,0.49,0.314,0.0,0.266,0.071,0.288,0.675,0.0,0.5,0.412,0.0,1.0,0.857
66942,2024.07.15 06:30:40,USDCADm,PULLBACK,BUY,1,1.36593,1.36519,1.36823,3.1,0.488,1.36502,1.36545,1.36492,0,0.633,0.169,0.9753,1.36258,1.36317,1.3637,1.36125,0,0.0,0.65,2,1.36502,0.748,0.0,1,0.0,0.0,0.0,0.0,0.0,0,0,1,1.0,1.0,0.2923,1.0,0.077,2,0.588,1,0.068,1.36504,1.36572,0.949,0.066,0.0,2,0.15,4,0.576,1.615,3.0,0.538,0.393,1,1.36502,8,0.75,0.0,0.337,0.3,0.053,0.599,0.921,1.36818,1.36919,1.36317,-354599.4533,2099.9968,-1,1.36752,0.484,0.0,0.0,0.0,0.0,0,0.303,1,0,19401,0.69,0.594,0.436,16.0,16.1,0.2088,76.6,0.0,1,1,0.792,1.28023,1,1,0.425,1.21325,1,111.817,0.052,0.948,0.0,1.0,1.0,0.39,0.0,0.5,0.0,0.359,0.498,0.5,0.534,0.0,0.534,0.0,0,0,0.375,0.265,0.0,0.19,0.071,0.37,0.826,0.0,0.5,0.412,0.0,1.0,0.9
66943,2024.07.15 06:30:59,USDCADm,TREND_CONTINUATION,BUY,1,1.36593,1.36501,1.36785,2.08,0.573,1.36502,1.36545,1.36492,0,0.633,0.169,0.9753,1.36258,1.36317,1.3637,1.36125,0,0.0,0.65,2,1.36502,0.748,0.0,1,0.0,0.0,0.0,0.0,0.0,0,0,1,1.0,1.0,0.2923,1.0,0.077,2,0.588,1,0.068,1.36504,1.36572,0.949,0.066,0.0,2,0.15,4,0.576,1.615,3.0,0.538,0.393,1,1.36502,8,0.75,0.0,0.337,0.3,0.053,0.599,0.921,1.36818,1.36919,1.36317,-354599.4533,2099.9968,-1,1.36752,0.484,0.0,0.0,0.0,0.0,0,0.303,1,0,19401,0.69,0.594,0.436,16.0,16.1,0.2088,76.6,0.0,1,1,0.792,1.28023,1,1,0.425,1.21325,1,111.817,0.052,0.948,0.0,1.0,1.0,0.38,0.0,0.5,0.0,0.359,0.487,0.5,0.534,0.0,0.534,0.0,0,0,0.381,0.265,0.0,0.19,0.071,0.37,0.826,0.0,0.5,0.412,0.0,1.0,0.9
66946,2024.07.15 07:08:40,USDCADm,BREAKOUT,BUY,1,1.36624,1.36573,1.36813,3.71,0.498,1.36503,1.36574,1.36494,0,0.11,0.517,1.3877,1.3627,1.36304,1.36359,1.36102,0,0.0,0.65,2,1.36503,0.703,0.632,0,0.0,0.0,0.0,0.0,0.0,0,0,1,1.0,0.825,0.2213,0.825,0.164,2,0.554,0,0.582,1.36559,1.36614,0.655,0.078,0.0,2,0.25,0,0.554,1.276,3.0,0.425,0.392,1,1.36559,2,0.55,0.0,0.351,0.247,0.204,0.558,0.959,1.36818,1.36919,1.36317,-354599.4533,2099.9968,-1,1.36752,0.484,0.0,0.0,0.0,0.0,0,0.303,1,0,19402,0.69,0.594,0.436,16.0,16.1,0.2119,75.5,0.0,1,1,0.792,1.28023,1,1,0.425,1.21325,1,113.921,0.052,0.948,0.0,1.0,1.0,0.83,0.0,0.5,0.0,0.345,0.609,0.5,0.599,0.0,0.644,0.0,0,0,0.503,0.582,0.0,0.243,0.067,0.489,0.861,0.0,0.551,0.412,0.0,1.0,1.089
66948,2024.07.15 08:30:40,USDCADm,PULLBACK,BUY,2,1.364,1.36287,1.36581,1.59,0.435,1.36568,1.36592,1.36536,0,0.337,0.033,-2.3862,1.36276,1.36314,1.3637,1.36145,0,0.0,0.4,0,1.36568,0.745,0.746,0,0.0,0.0,1.36546,0.0,0.0,0,0,1,0.8,0.825,0.0961,0.825,0.155,0,0.742,0,0.784,1.36557,1.36498,2.247,1.461,0.0,2,0.4,0,0.742,1.28,3.0,0.427,0.483,1,1.36568,8,0.749,0.0,0.414,0.247,0.297,0.885,0.821,1.36818,1.36919,1.36317,-361129.5503,-6530.097,-2,1.36752,0.48,0.0,0.0,0.0,0.0,0,0.315,1,0,19403,0.69,0.594,0.436,13.0,14.5,0.1719,75.6,0.0,1,1,0.792,1.28023,1,1,0.425,1.21325,1,110.744,0.049,0.951,0.0,0.0,1.0,0.47,0.0,0.5,0.0,0.753,0.208,0.5,0.524,0.0,0.598,0.0,0,0,0.571,0.434,0.0,0.536,0.1,0.536,0.4,0.0,0.54,0.412,0.0,1.0,1.0
66949,2024.07.15 08:30:59,USDCADm,TREND_CONTINUATION,BUY,2,1.36404,1.36313,1.36581,1.94,0.512,1.36568,1.36592,1.36536,0,0.337,0.033,-2.3333,1.36276,1.36314,1.3637,1.36145,0,0.0,0.4,0,1.36568,0.745,0.746,0,0.0,0.0,1.36546,0.0,0.0,0,0,1,0.8,0.825,0.0961,0.825,0.155,0,0.742,0,0.784,1.36557,1.36498,2.195,1.408,0.0,2,0.4,0,0.742,1.28,3.0,0.427,0.483,1,1.36568,8,0.749,0.0,0.414,0.247,0.297,0.885,0.821,1.36818,1.36919,1.36317,-361129.5503,-6530.097,-2,1.36752,0.48,0.0,0.0,0.0,0.0,0,0.315,1,0,19403,0.69,0.594,0.436,13.0,14.4,0.1719,75.6,0.0,1,1,0.792,1.28023,1,1,0.425,1.21325,1,110.797,0.049,0.951,0.0,0.0,1.0,0.47,0.0,0.5,0.0,0.753,0.202,0.5,0.524,0.0,0.598,0.0,0,0,0.575,0.434,0.0,0.536,0.1,0.536,0.401,0.0,0.54,0.412,0.0,1.0,1.0
66952,2024.07.15 09:00:40,USDCADm,SWEEP_REVERSAL,BUY,2,1.36346,1.36261,1.36577,2.72,0.116,1.36564,1.36634,1.36495,0,2.571,0.567,-2.7183,1.36257,1.36314,1.3637,1.36107,1,0.0,0.45,0,1.36564,0.688,0.131,0,0.0,0.0,1.36349,0.0,0.0,0,0,0,0.675,-0.685,-0.0529,0.685,0.122,0,0.726,2,0.353,1.36572,1.36386,2.809,0.623,0.0,2,0.0,0,0.726,1.295,3.0,0.432,0.463,1,1.36564,8,0.738,0.0,0.263,0.206,0.0,0.693,0.944,1.36818,1.36919,1.36317,-361129.5503,-6530.097,-2,1.36752,0.48,0.0,0.0,0.0,0.0,0,0.315,1,0,19404,0.69,0.594,0.436,13.0,13.0,0.1528,85.1,0.0,1,1,0.792,1.28023,1,1,0.425,1.21325,1,97.835,0.049,0.951,0.0,0.0,1.0,0.19,0.0,0.5,0.0,0.817,0.324,0.5,0.534,0.0,0.555,0.0,0,0,0.488,0.551,0.0,0.836,0.067,0.608,0.31,0.0,0.522,0.412,0.0,1.0,0.871
66953,2024.07.15 09:00:59,USDCADm,MEAN_REVERSION,BUY,2,1.36344,1.36276,1.36577,3.43,0.668,1.36564,1.36634,1.36495,0,2.571,0.567,-2.7418,1.36257,1.36314,1.3637,1.36107,1,0.0,0.45,0,1.36564,0.688,0.131,0,0.0,0.0,1.36349,0.0,0.0,0,0,0,0.675,-0.685,-0.0529,0.685,0.122,0,0.726,2,0.353,1.36572,1.36386,2.833,0.647,0.0,2,0.0,0,0.726,1.295,3.0,0.432,0.463,1,1.36564,8,0.738,0.0,0.263,0.206,0.0,0.693,0.944,1.36818,1.36919,1.36317,-361129.5503,-6530.097,-2,1.36752,0.48,0.0,0.0,0.0,0.0,0,0.315,1,0,19404,0.69,0.594,0.436,13.0,13.0,0.1528,85.1,0.0,1,1,0.792,1.28023,1,1,0.425,1.21325,1,97.812,0.049,0.951,0.0,0.0,1.0,0.08,0.0,0.5,0.0,0.817,0.33,0.5,0.534,0.0,0.555,0.0,0,0,0.484,0.551,0.0,0.836,0.067,0.608,0.309,0.0,0.522,0.412,0.0,1.0,0.871
66956,2024.07.15 10:12:40,USDCADm,ANCHORED_PULLBACK,BUY,2,1.36418,1.36396,1.36475,2.55,0.278,1.36348,1.36569,1.36323,1,1.058,0.215,0.6352,1.36257,1.36314,1.3637,1.36107,0,0.0,0.75,2,1.36348,0.738,0.415,0,0.0,0.0,1.36356,0.0,0.0,0,0,1,0.75,-0.545,-0.1616,0.545,0.195,2,0.464,3,0.893,1.36348,1.36471,0.635,0.728,0.0,2,0.4,0,0.464,1.262,3.0,0.421,0.44,1,1.36348,8,0.748,0.0,0.402,0.164,0.14,1.0,0.924,1.36818,1.36919,1.36317,-361129.5503,-6530.097,-2,1.36752,0.48,0.0,0.0,0.0,0.0,0,0.315,1,0,19405,0.69,0.594,0.436,13.0,13.0,0.1446,89.9,0.0,1,1,0.792,1.28023,1,1,0.425,1.21325,1,93.352,0.049,0.951,0.0,0.0,1.0,0.0,0.0,0.5,0.0,1.0,0.521,0.5,0.508,0.0,0.303,0.0,0,0,0.286,0.242,0.0,0.601,0.071,0.654,0.65,0.0,0.492,0.412,0.0,1.0,0.725
66958,2024.07.15 11:43:20,USDCADm,SWEEP_REVERSAL,BUY,2,1.36333,1.36239,1.36516,1.95,0.196,1.36348,1.36503,1.36323,0,0.235,0.463,-0.2974,1.36257,1.36314,1.3637,1.36107,1,0.0,0.55,2,1.36348,0.738,0.529,0,0.0,0.0,1.36458,0.0,0.0,0,0,1,0.55,-0.58,-0.1575,0.58,0.063,2,0.542,3,0.364,1.3634,1.36315,0.21,0.051,0.0,2,0.25,0,0.542,1.322,3.0,0.441,0.398,1,1.36503,4,0.6,0.58,0.381,0.174,0.088,0.806,0.935,1.36818,1.36919,1.36317,-361129.5503,-6530.097,-2,1.36752,0.48,0.0,0.0,0.0,0.0,0,0.315,1,0,19406,0.69,0.594,0.436,13.0,13.0,0.1387,93.7,0.0,1,1,0.792,1.28023,1,1,0.425,1.21325,1,88.674,0.049,0.951,0.0,0.0,1.0,0.04,0.0,0.5,0.0,0.316,0.416,0.5,0.526,0.0,0.441,0.0,0,0,0.384,0.665,0.0,1.0,0.071,0.71,0.463,0.0,0.503,0.412,0.0,1.0,0.917
66960,2024.07.15 15:10:20,USDCADm,ANCHORED_PULLBACK,BUY,4,1.36592,1.36561,1.3666,2.18,0.276,1.36472,1.36533,1.36411,0,0.569,1.706,0.9592,1.36524,1.36287,1.36384,1.36075,0,0.0,0.35,0,1.36507,0.767,0.777,0,0.0,0.0,1.36647,0.0,0.0,0,0,1,1.0,-0.895,-0.1072,0.895,0.211,0,0.726,0,0.632,1.3649,1.36559,0.797,0.147,0.0,2,0.0,0,0.726,1.255,3.0,0.418,0.523,2,1.36507,8,0.753,0.0,0.237,0.269,0.126,0.93,0.857,1.36818,1.36919,1.36317,-346156.6092,14972.9411,-1,1.36752,0.48,0.0,0.0,0.0,0.0,0,0.367,1,0,19410,0.692,0.588,0.437,17.0,16.7,0.1588,107.1,0.0,1,1,0.792,1.28023,1,1,0.425,1.21325,1,80.031,0.071,0.929,0.0,1.0,1.0,0.76,0.0,0.5,0.0,0.596,0.304,0.5,0.464,0.0,0.448,0.0,0,0,0.436,0.534,0.492,0.475,0.067,0.473,0.865,0.0,0.498,0.412,0.0,1.0,0.896
66962,2024.07.15 16:00:00,USDCADm,BREAKOUT,BUY,4,1.36633,1.36516,1.36914,2.4,0.513,1.3647,1.36571,1.3641,0,0.94,0.108,1.2973,1.36516,1.36292,1.36429,1.36077,0,0.0,0.6,0,1.3647,0.768,0.087,0,0.0,0.0,0.0,0.0,0.0,0,0,1,0.571,0.6158,0.0413,0.616,0.598,0,0.685,0,0.378,1.3649,1.36597,1.119,0.167,0.3422,0,0.15,2,1.0,1.531,3.0,0.51,0.567,2,1.3647,8,0.754,0.0,0.181,0.885,0.128,0.911,0.725,1.36818,1.36919,1.36357,-344746.9325,1409.6767,-1,1.36752,0.477,0.0,0.0,0.0,0.0,0,0.519,1,0,19411,0.692,0.588,0.437,17.0,17.0,0.1515,112.2,0.0,1,1,0.792,1.28023,1,1,0.425,1.21325,1,76.728,0.047,0.953,0.0,1.0,1.0,0.15,0.0,0.5,0.0,1.0,0.484,0.5,0.431,0.0,0.307,0.0,0,0,0.262,0.356,0.06,0.421,0.1,1.0,0.72,0.0,0.437,0.412,0.0,1.0,0.961
66964,2024.07.15 17:10:20,USDCADm,ANCHORED_PULLBACK,BUY,3,1.36733,1.36668,1.36955,3.43,0.513,1.36498,1.36645,1.36444,0,0.313,0.201,1.8196,1.36532,1.36288,1.36437,1.36095,0,0.0,0.65,0,1.36498,0.8,0.272,0,0.0,0.0,1.36704,0.0,0.0,0,0,1,0.75,0.72,0.2055,0.72,0.729,2,0.601,3,0.44,1.36621,1.36729,0.79,0.111,0.0,2,0.15,0,0.601,1.022,3.0,0.341,0.421,1,1.36621,2,0.55,0.0,0.141,0.216,0.053,0.953,0.762,1.36818,1.36919,1.36357,-344746.9325,1409.6767,-1,1.36752,0.477,0.0,0.0,0.0,0.0,0,0.519,1,0,19412,0.692,0.588,0.437,17.0,17.0,0.1421,119.6,0.0,1,1,0.792,1.28023,1,1,0.425,1.21325,1,72.8,0.047,0.953,0.0,1.0,1.0,0.49,0.0,0.5,0.0,0.381,0.488,0.5,0.5,0.0,0.409,0.0,0,0,0.321,0.484,0.0,0.301,0.1,0.823,0.853,0.0,0.503,0.412,0.0,1.0,1.053
66965,2024.07.15 17:18:20,USDCADm,PULLBACK,BUY,3,1.36864,1.36709,1.37223,2.32,0.401,1.36498,1.36645,1.36444,0,0.313,0.201,2.9145,1.36532,1.36288,1.36437,1.36095,0,0.0,0.65,0,1.36498,0.8,0.272,0,0.0,0.0,1.36704,0.0,0.0,0,0,1,0.75,0.72,0.2055,0.72,0.243,2,0.601,3,0.44,1.36621,1.36729,1.885,0.984,0.0,2,0.15,0,0.601,1.241,3.0,0.414,0.447,1,1.36621,2,0.55,0.0,0.287,0.216,0.053,0.953,0.762,1.36818,1.36919,1.36357,-344746.9325,1409.6767,-1,1.36752,0.477,0.0,0.0,0.0,0.0,0,0.519,1,0,19412,0.692,0.588,0.437,17.0,17.0,0.1421,119.6,0.0,1,1,0.792,1.28023,1,1,0.425,1.21325,1,73.895,0.047,0.953,0.0,1.0,1.0,0.99,0.0,0.5,0.329,0.448,0.662,0.5,0.479,0.0,0.35,0.0,0,0,0.381,0.353,0.0,0.096,0.1,0.836,0.866,0.0,0.483,0.412,0.0,1.0,1.0
66966,2024.07.15 17:30:40,USDCADm,TREND_CONTINUATION,BUY,3,1.36866,1.36709,1.37165,1.91,0.472,1.36498,1.36645,1.36444,0,0.313,0.201,2.9312,1.36532,1.36288,1.36437,1.36095,0,0.0,0.65,0,1.36498,0.8,0.272,0,0.0,0.0,1.36704,0.0,0.0,0,0,1,0.75,0.72,0.2055,0.72,0.243,2,0.601,3,0.44,1.36621,1.36729,1.901,1.0,0.0,2,0.15,0,0.601,1.241,3.0,0.414,0.447,1,1.36621,2,0.55,0.0,0.287,0.216,0.053,0.953,0.762,1.36818,1.36919,1.36357,-344746.9325,1409.6767,-1,1.36752,0.477,0.0,0.0,0.0,0.0,0,0.519,1,0,19412,0.692,0.588,0.437,17.0,17.0,0.1421,119.6,0.0,1,1,0.792,1.28023,1,1,0.425,1.21325,1,73.912,0.047,0.953,0.0,1.0,1.0,0.93,0.0,0.5,0.0,0.448,0.705,0.5,0.482,0.0,0.461,0.0,0,0,0.452,0.353,0.0,0.096,0.1,0.665,0.866,0.0,0.483,0.412,0.0,1.0,1.0
66970,2024.07.15 18:00:00,USDCADm,BREAKOUT,BUY,3,1.36841,1.3672,1.37176,2.76,0.602,1.36629,1.36749,1.36509,0,0.804,0.316,1.4557,1.3652,1.36306,1.3653,1.36131,0,0.0,0.55,0,1.36629,0.7,0.531,0,0.0,0.0,0.0,0.0,0.0,0,0,1,0.825,0.755,0.3115,0.755,0.302,2,0.4,0,0.614,1.36705,1.36825,0.886,0.01,0.2993,0,0.0,2,1.0,1.664,3.0,0.555,0.617,2,1.36705,2,0.55,0.0,0.209,0.926,0.123,0.772,0.692,1.36818,1.36919,1.36357,-344746.9325,1409.6767,-1,1.36752,0.477,0.0,0.0,0.0,0.0,0,0.519,1,0,19413,0.692,0.588,0.437,17.0,17.0,0.1267,134.1,0.0,1,1,0.792,1.28023,1,1,0.425,1.21325,1,65.736,0.047,0.953,0.0,1.0,1.0,0.49,0.0,0.5,0.0,0.836,0.359,0.5,0.427,0.0,0.59,0.0,0,0,0.449,0.412,0.0,0.18,0.1,1.0,0.734,0.0,0.422,0.394,0.0,1.0,1.033
66972,2024.07.15 18:33:40,USDCADm,BREAKOUT_RETEST,BUY,3,1.3675,1.3671,1.36886,3.38,0.543,1.36629,1.36749,1.36509,1,0.804,0.316,0.7773,1.3652,1.36306,1.3653,1.36131,0,0.0,0.55,0,1.36629,0.7,0.531,0,0.0,0.0,0.0,0.0,0.0,0,0,1,0.825,0.755,0.3115,0.755,0.395,0,0.7,0,0.614,1.36705,1.36771,0.207,0.281,0.0,2,0.0,0,0.7,1.172,3.0,0.391,0.485,1,1.36629,8,0.74,0.586,0.181,0.226,0.123,0.772,0.827,1.36818,1.36919,1.36357,-344746.9325,1409.6767,-1,1.36752,0.477,0.0,0.0,0.0,0.0,0,0.519,1,0,19413,0.692,0.588,0.437,17.0,17.0,0.1267,134.1,0.0,1,1,0.792,1.28023,1,1,0.425,1.21325,1,65.058,0.047,0.953,0.0,1.0,1.0,0.0,0.0,0.5,0.0,1.0,0.307,0.5,0.482,0.0,0.346,0.0,0,0,0.399,0.508,0.0,0.143,0.1,0.796,0.743,0.0,0.49,0.394,0.0,1.0,0.901
66974,2024.07.15 19:18:20,USDCADm,PULLBACK,BUY,3,1.36718,1.36616,1.3714,4.14,0.525,1.36711,1.36827,1.36613,1,0.106,0.653,-0.0703,1.3652,1.36306,1.3653,1.36131,0,0.0,0.6,0,1.36711,0.722,0.554,0,0.0,0.0,1.36739,0.0,0.0,0,0,1,0.6,0.79,0.3177,0.79,0.591,0,0.695,0,0.659,1.3672,1.36569,0.134,0.941,0.0,2,0.0,0,0.695,1.084,3.0,0.361,0.497,1,1.36613,5,0.6,0.733,0.123,0.237,0.132,0.918,0.782,1.36818,1.36919,1.36357,-344746.9325,1409.6767,-1,1.36752,0.477,0.0,0.0,0.0,0.0,0,0.519,1,0,19414,0.692,0.588,0.437,17.0,17.0,0.1208,140.8,0.0,1,1,0.792,1.28023,1,1,0.425,1.21325,1,61.761,0.047,0.953,0.0,1.0,1.0,0.11,0.0,0.5,0.0,1.0,0.459,0.5,0.553,0.0,0.236,0.0,0,0,0.285,0.872,0.0,0.38,0.093,0.702,0.46,0.0,0.467,0.394,0.0,1.0,0.927
66976,2024.07.15 19:30:40,USDCADm,TREND_CONTINUATION,BUY,3,1.36727,1.36558,1.37079,2.08,0.436,1.36711,1.36827,1.36613,1,0.106,0.653,-0.0064,1.3652,1.36306,1.3653,1.36131,0,0.0,0.6,0,1.36711,0.722,0.554,0,0.0,0.0,1.36739,0.0,0.0,0,0,1,0.6,0.79,0.3177,0.79,1.0,0,0.695,0,0.659,1.3672,1.36569,0.07,1.005,0.0,2,0.0,0,0.695,0.9,3.0,0.3,0.476,1,1.36613,5,0.6,0.861,0.0,0.237,0.132,0.918,0.782,1.36818,1.36919,1.36357,-344746.9325,1409.6767,-1,1.36752,0.477,0.0,0.0,0.0,0.0,0,0.519,1,0,19414,0.692,0.588,0.437,17.0,17.0,0.1208,140.8,0.0,1,1,0.792,1.28023,1,1,0.425,1.21325,1,61.824,0.047,0.953,0.0,1.0,1.0,0.72,0.0,0.5,0.0,1.0,0.46,0.5,0.555,0.0,0.248,0.0,0,0,0.289,0.878,0.0,0.342,0.093,0.603,0.46,0.0,0.485,0.394,0.0,1.0,0.981
66978,2024.07.15 20:00:40,USDCADm,BREAKOUT,BUY,3,1.36734,1.36518,1.37094,1.67,0.305,1.36714,1.36793,1.36649,1,0.026,0.628,0.022,1.3652,1.36306,1.3653,1.36131,0,0.0,0.5,0,1.36714,0.661,0.42,0,0.0,0.0,0.0,0.0,0.0,0,0,1,0.65,0.65,0.3001,0.65,1.0,0,0.761,0,0.502,1.36721,1.36786,0.028,0.479,0.0,2,0.25,0,0.841,0.9,3.0,0.3,0.442,1,1.36649,5,0.6,0.944,0.1,0.195,0.188,0.81,0.843,1.36818,1.36919,1.36315,-371013.8097,-26266.8772,-2,1.36752,0.499,0.0,0.0,0.0,0.0,0,0.749,1,0,19415,0.692,0.588,0.437,17.0,17.0,0.118,144.1,0.0,1,1,0.792,1.28023,1,1,0.425,1.21325,1,60.463,0.05,0.95,0.0,0.0,1.0,0.0,0.0,0.5,0.0,0.389,0.568,0.5,0.566,0.0,0.361,0.0,0,0,0.355,0.72,0.0,0.353,0.093,0.422,0.65,0.0,0.482,0.394,0.0,1.0,0.981
66980,2024.07.15 20:34:40,USDCADm,BREAKOUT_RETEST,BUY,3,1.36801,1.36731,1.36883,1.16,0.464,1.36714,1.36793,1.36649,1,0.026,0.628,0.4871,1.3652,1.36306,1.3653,1.36131,0,0.0,0.5,0,1.36714,0.661,0.42,0,0.0,0.0,0.0,0.0,0.0,0,0,1,0.65,0.65,0.3001,0.65,0.163,0,0.761,0,0.502,1.36721,1.36786,0.437,0.014,0.0,2,0.25,0,0.841,1.277,3.0,0.426,0.486,1,1.36714,8,0.732,0.126,0.351,0.195,0.188,0.81,0.843,1.36818,1.36919,1.36315,-371013.8097,-26266.8772,-2,1.36752,0.499,0.0,0.0,0.0,0.0,0,0.749,1,0,19415,0.692,0.588,0.437,17.0,17.0,0.118,144.1,0.0,1,1,0.792,1.28023,1,1,0.425,1.21325,1,60.928,0.05,0.95,0.0,0.0,1.0,0.35,0.0,0.5,0.0,1.0,0.589,0.5,0.557,0.0,0.288,0.0,0,0,0.336,0.634,0.0,0.245,0.087,0.399,0.756,0.0,0.464,0.394,0.0,1.0,1.062
66982,2024.07.15 21:18:20,USDCADm,PULLBACK,BUY,3,1.36833,1.36772,1.37271,7.18,0.607,1.36732,1.36813,1.36699,1,0.38,0.249,0.5144,1.36522,1.36306,1.3653,1.36131,0,0.0,0.6,0,1.36732,0.667,0.95,0,0.0,0.0,0.0,0.0,0.0,0,0,1,1.0,0.685,0.2887,0.685,0.777,0,0.693,3,0.354,1.36761,1.3678,0.318,0.187,0.0,2,0.4,0,0.773,1.0,3.0,0.333,0.381,1,1.36732,8,0.733,0.364,0.227,0.206,0.14,0.697,0.646,1.36818,1.36919,1.36315,-371013.8097,-26266.8772,-2,1.36752,0.499,0.0,0.0,0.0,0.0,0,0.749,1,0,19416,0.692,0.588,0.437,26.0,24.7,0.1783,145.9,0.0,1,1,0.792,1.28023,1,1,0.425,1.21325,1,60.402,0.05,0.95,0.0,0.0,1.0,0.38,0.0,0.5,0.0,1.0,0.392,0.5,0.573,0.0,0.227,0.0,0,0,0.327,0.575,0.0,0.224,0.1,0.348,0.724,0.0,0.48,0.394,0.0,1.0,1.026
66984,2024.07.15 21:30:40,USDCADm,TREND_CONTINUATION,BUY,3,1.3684,1.36665,1.37205,2.08,0.54,1.36732,1.36813,1.36699,1,0.38,0.249,0.3978,1.36522,1.36306,1.3653,1.36131,0,0.0,0.6,0,1.36732,0.667,0.95,0,0.0,0.0,0.0,0.0,0.0,0,0,1,1.0,0.685,0.2887,0.685,0.539,0,0.693,3,0.354,1.36761,1.3678,0.201,0.07,0.0,2,0.4,0,0.773,1.107,3.0,0.369,0.394,1,1.36732,8,0.733,0.597,0.298,0.206,0.14,0.697,0.646,1.36818,1.36919,1.36315,-371013.8097,-26266.8772,-2,1.36752,0.499,0.0,0.0,0.0,0.0,0,0.749,1,0,19416,0.692,0.588,0.437,50.0,38.8,0.3428,145.9,0.0,1,1,0.792,1.28023,1,1,0.425,1.21325,1,60.45,0.05,0.95,0.0,0.0,1.0,0.26,0.0,0.5,0.0,1.0,0.476,0.5,0.557,0.0,0.139,0.0,0,0,0.237,0.51,0.0,0.397,0.1,0.312,0.727,0.0,0.463,0.394,0.0,1.0,0.927
66986,2024.07.15 22:00:40,USDCADm,BREAKOUT,BUY,1,1.36811,1.3674,1.37165,4.98,0.412,1.36734,1.36796,1.36697,1,0.086,0.03,0.4023,1.36522,1.36306,1.3653,1.36131,0,0.0,0.6,0,1.36734,0.76,0.0,1,0.0,0.0,0.0,0.0,0.0,0,0,1,1.0,0.895,0.2811,0.895,0.783,0,0.701,0,0.585,1.36783,1.36837,0.054,0.322,0.0,2,0.15,4,0.61,1.298,3.0,0.433,0.448,1,1.36734,8,0.752,0.891,0.125,0.269,0.17,0.751,0.864,1.36818,1.36919,1.36315,-371013.8097,-26266.8772,-2,1.36752,0.499,0.0,0.0,0.0,0.0,0,0.749,1,0,19417,0.692,0.588,0.437,20.0,47.3,0.1414,141.4,0.0,1,1,0.792,1.28023,1,1,0.425,1.21325,1,62.137,0.05,0.95,0.0,0.0,1.0,0.95,0.0,0.5,0.0,0.662,0.493,0.5,0.479,0.0,0.193,0.0,0,0,0.225,0.521,0.0,0.241,0.1,0.262,0.659,0.0,0.454,0.394,0.0,1.0,0.993
66988,2024.07.15 22:58:40,USDCADm,BREAKOUT_RETEST,BUY,1,1.36793,1.36737,1.36862,1.23,0.619,1.36734,1.36796,1.36697,1,0.086,0.03,0.2963,1.36522,1.36306,1.3653,1.36131,0,0.0,0.6,0,1.36734,0.76,0.0,1,0.0,0.0,0.0,0.0,0.0,0,0,1,1.0,0.895,0.2811,0.895,0.548,0,0.701,0,0.585,1.36783,1.36837,0.052,0.428,0.0,2,0.15,4,0.61,1.403,3.0,0.468,0.461,1,1.36697,5,0.6,0.897,0.196,0.269,0.17,0.751,0.864,1.36818,1.36919,1.36315,-371013.8097,-26266.8772,-2,1.36752,0.499,0.0,0.0,0.0,0.0,0,0.749,1,0,19417,0.692,0.588,0.437,17.0,17.0,0.1202,141.4,0.0,1,1,0.792,1.28023,1,1,0.425,1.21325,1,62.01,0.05,0.95,0.0,0.0,1.0,0.0,0.0,0.5,0.0,1.0,0.319,0.5,0.575,0.0,0.5,0.0,0,0,0.481,0.472,0.0,0.382,0.1,0.167,0.65,0.0,0.436,0.394,0.0,1.0,0.941
66990,2024.07.15 23:18:20,USDCADm,PULLBACK,BUY,1,1.3677,1.36574,1.37163,2.0,0.589,1.36798,1.36816,1.36724,1,0.085,0.076,-0.346,1.36522,1.36306,1.3653,1.36131,0,0.0,0.65,0,1.36707,0.67,0.655,0,0.0,0.0,0.0,0.0,0.0,0,0,1,0.8,0.93,0.2611,0.93,0.264,2,0.602,3,0.531,1.36791,1.36763,0.292,0.077,0.0,2,0.15,0,0.682,1.231,3.0,0.41,0.459,1,1.36707,8,0.734,0.416,0.281,0.279,0.053,0.812,0.816,1.36818,1.36919,1.36315,-371013.8097,-26266.8772,-2,1.36752,0.499,0.0,0.0,0.0,0.0,0,0.749,1,0,19418,0.692,0.588,0.437,17.0,17.0,0.1299,130.9,0.0,1,1,0.792,1.28023,1,1,0.425,1.21325,1,66.844,0.05,0.95,0.0,0.0,1.0,0.14,0.0,0.5,0.0,0.667,0.321,0.5,0.563,0.0,0.192,0.0,0,0,0.353,0.499,0.0,0.475,0.1,0.187,0.65,0.0,0.475,0.394,0.0,1.0,0.927
66992,2024.07.15 23:31:20,USDCADm,TREND_CONTINUATION,BUY,1,1.36772,1.36615,1.37099,2.08,0.515,1.36798,1.36816,1.36724,1,0.085,0.076,-0.3307,1.36522,1.36306,1.3653,1.36131,0,0.0,0.65,0,1.36707,0.67,0.655,0,0.0,0.0,0.0,0.0,0.0,0,0,1,0.8,0.93,0.2611,0.93,0.264,2,0.602,3,0.531,1.36791,1.36763,0.277,0.061,0.0,2,0.15,0,0.682,1.231,3.0,0.41,0.459,1,1.36707,8,0.734,0.446,0.281,0.279,0.053,0.812,0.816,1.36818,1.36919,1.36315,-371013.8097,-26266.8772,-2,1.36752,0.499,0.0,0.0,0.0,0.0,0,0.749,1,0,19418,0.692,0.588,0.437,17.0,17.0,0.1299,130.9,0.0,1,1,0.792,1.28023,1,1,0.425,1.21325,1,66.859,0.05,0.95,0.0,0.0,1.0,0.82,0.0,0.5,0.0,1.0,0.49,0.5,0.565,0.0,0.138,0.0,0,0,0.231,0.499,0.0,0.475,0.1,0.212,0.65,0.0,0.475,0.394,0.0,1.0,0.927
66994,2024.07.16 00:00:00,USDCADm,NAKED_POC,BUY,1,1.36787,1.36746,1.36971,4.45,0.727,1.368,1.36814,1.36764,1,0.108,0.295,-0.242,1.36522,1.36306,1.3653,1.36131,0,0.0,0.45,0,1.36783,0.637,0.525,0,0.0,0.0,0.0,1.36797,0.221,0,0,1,0.8,0.965,0.2221,0.965,0.303,0,0.655,0,0.421,1.36792,1.36731,0.175,0.317,-0.3429,1,0.45,0,0.735,0.128,0.317,0.404,0.286,0,1.36814,4,0.6,0.65,0.689,0.29,0.242,0.816,0.966,1.36818,1.36919,1.36331,-363677.1845,7336.6253,-1,1.36752,0.507,0.0,0.0,0.0,0.0,0,0.757,1,0,19419,0.692,0.588,0.437,17.0,17.0,0.1383,122.9,0.0,1,1,0.792,1.28023,1,1,0.425,1.21325,1,71.293,0.058,0.942,0.0,1.0,1.0,0.97,0.0,0.5,0.0,1.0,0.59,0.5,0.598,0.0,0.143,0.0,0,0,0.291,0.562,0.0,0.547,0.181,0.089,0.65,0.0,0.468,0.394,0.0,1.0,0.811
66996,2024.07.16 00:58:40,USDCADm,BREAKOUT_RETEST,BUY,1,1.36816,1.36779,1.36855,1.06,0.518,1.368,1.36814,1.36764,1,0.108,0.295,-0.0061,1.36522,1.36306,1.3653,1.36131,0,0.0,0.45,0,1.36783,0.637,0.525,0,0.0,0.0,0.0,1.36797,0.221,0,0,1,0.8,0.965,0.2221,0.965,1.0,0,0.662,0,0.421,1.36792,1.36827,0.061,0.23,0.0,2,0.15,0,0.742,0.45,1.5,0.3,0.37,1,0.0,0,0.0,0.878,0.06,0.29,0.137,0.816,0.939,1.36818,1.36919,1.36331,-363677.1845,7336.6253,-1,1.36752,0.507,0.0,0.0,0.0,0.0,0,0.757,1,0,19419,0.692,0.588,0.437,17.0,17.0,0.1383,122.9,0.0,1,1,0.792,1.28023,1,1,0.425,1.21325,1,71.529,0.058,0.942,0.0,1.0,1.0,0.81,0.0,0.5,0.0,0.401,0.467,0.5,0.79,0.0,0.844,0.0,0,0,0.595,0.612,0.0,0.428,0.181,0.193,0.65,0.0,0.489,0.394,0.0,1.0,0.892
66997,2024.07.16 01:18:20,USDCADm,PULLBACK,BUY,1,1.36832,1.3665,1.37195,2.0,0.426,1.36794,1.368,1.36759,0,0.016,0.155,0.1731,1.36522,1.36306,1.3653,1.36131,0,0.0,0.5,0,1.36786,0.713,0.654,0,0.0,0.0,0.0,0.0,0.0,0,0,1,0.8,0.825,0.1169,0.825,0.173,2,0.631,0,0.557,1.36792,1.36817,0.19,0.015,0.0,2,0.4,0,0.711,1.272,3.0,0.424,0.448,1,1.36759,5,0.6,0.619,0.408,0.247,0.251,0.898,0.865,1.36818,1.36919,1.36331,-363677.1845,7336.6253,-1,1.36752,0.507,0.0,0.0,0.0,0.0,0,0.757,1,0,19420,0.696,0.594,0.437,17.0,17.0,0.1403,121.1,0.0,1,1,0.792,1.28023,1,1,0.425,1.21325,1,72.716,0.058,0.942,0.0,1.0,1.0,0.76,0.0,0.5,0.0,0.493,0.696,0.5,0.678,0.0,0.941,0.0,0,0,0.697,0.481,0.0,0.397,0.208,0.108,0.692,0.0,0.484,0.394,0.0,1.0,1.017
66998,2024.07.16 01:31:20,USDCADm,TREND_CONTINUATION,BUY,1,1.36802,1.36657,1.37105,2.08,0.493,1.36794,1.368,1.36759,1,0.016,0.155,-0.0745,1.36522,1.36306,1.3653,1.36131,0,0.0,0.5,0,1.36786,0.713,0.654,0,0.0,0.0,0.0,0.0,0.0,0,0,1,0.8,0.825,0.1169,0.825,0.69,2,0.631,0,0.557,1.36792,1.36817,0.057,0.263,0.0,2,0.4,0,0.711,1.039,3.0,0.346,0.421,1,0.0,0,0.0,0.885,0.253,0.247,0.251,0.898,0.865,1.36818,1.36919,1.36331,-363677.1845,7336.6253,-1,1.36752,0.507,0.0,0.0,0.0,0.0,0,0.757,1,0,19420,0.696,0.594,0.437,17.0,17.0,0.1403,121.1,0.0,1,1,0.792,1.28023,1,1,0.425,1.21325,1,72.468,0.058,0.942,0.0,1.0,1.0,0.0,0.0,0.5,0.0,0.429,0.432,0.5,0.692,0.0,0.779,0.0,0,0,0.56,0.726,0.0,0.581,0.163,0.161,0.65,0.0,0.503,0.394,0.0,1.0,0.892
67002,2024.07.16 02:00:40,USDCADm,BREAKOUT,BUY,1,1.36802,1.3663,1.37088,1.67,0.364,1.36799,1.36812,1.36763,1,0.014,0.329,-0.1245,1.36522,1.36306,1.3658,1.36131,0,0.0,0.5,0,1.36799,0.699,0.476,0,0.0,0.0,0.0,0.0,0.0,0,0,1,0.8,1.0,0.0846,1.0,0.435,2,0.639,0,0.705,1.36797,1.36743,0.103,0.368,0.0,2,0.0,0,0.719,1.154,3.0,0.385,0.497,1,0.0,0,0.0,0.794,0.17,0.3,0.141,0.757,0.923,1.36818,1.36919,1.36331,-363677.1845,7336.6253,-1,1.36752,0.507,0.0,0.0,0.0,0.0,0,0.757,1,0,19421,0.696,0.594,0.437,17.0,17.0,0.1485,114.5,0.0,1,1,0.792,1.28023,1,1,0.425,1.21325,1,76.672,0.058,0.942,0.0,1.0,1.0,0.0,0.0,0.5,0.0,0.612,0.457,0.5,0.552,0.0,0.621,0.0,0,0,0.44,0.819,0.0,0.618,0.197,0.228,0.65,0.0,0.487,0.394,0.0,1.0,0.838
67004,2024.07.16 03:03:40,USDCADm,BREAKOUT_RETEST,BUY,1,1.36828,1.36795,1.36869,1.24,0.638,1.36801,1.36824,1.36768,1,0.219,0.105,0.0905,1.3678,1.36306,1.3658,1.36131,0,0.0,0.55,0,1.36801,0.773,0.584,0,0.0,0.0,0.0,0.0,0.0,0,0,1,1.0,1.0,0.0876,1.0,0.483,0,0.712,0,0.632,1.36796,1.36834,0.137,0.21,0.0,2,0.15,0,0.792,1.133,3.0,0.378,0.492,1,1.36768,5,0.6,0.727,0.215,0.3,0.179,0.841,0.735,1.36818,1.36919,1.36331,-363677.1845,7336.6253,-1,1.36752,0.507,0.0,0.0,0.0,0.0,0,0.757,1,0,19422,0.696,0.594,0.437,17.0,17.0,0.1558,109.1,0.0,1,1,0.792,1.28023,1,1,0.425,1.21325,1,80.674,0.058,0.942,0.0,1.0,1.0,0.02,0.0,0.5,0.0,1.0,0.389,0.5,0.571,0.0,0.319,0.0,0,0,0.365,0.547,0.0,0.523,0.0,0.211,0.65,0.0,0.493,0.394,0.0,1.0,0.838
67006,2024.07.16 03:18:20,USDCADm,PULLBACK,BUY,1,1.36827,1.36663,1.37154,2.0,0.663,1.36801,1.36824,1.36768,1,0.219,0.105,0.0813,1.3678,1.36306,1.3658,1.36131,0,0.0,0.55,0,1.36801,0.773,0.584,0,0.0,0.0,0.0,0.0,0.0,0,0,1,1.0,1.0,0.0876,1.0,0.483,0,0.712,0,0.632,1.36796,1.36834,0.128,0.219,0.0,2,0.15,0,0.792,1.133,3.0,0.378,0.492,1,1.36768,5,0.6,0.745,0.215,0.3,0.179,0.841,0.735,1.36818,1.36919,1.36331,-363677.1845,7336.6253,-1,1.36752,0.507,0.0,0.0,0.0,0.0,0,0.757,1,0,19422,0.696,0.594,0.437,17.0,17.0,0.1558,109.1,0.0,1,1,0.792,1.28023,1,1,0.425,1.21325,1,80.665,0.058,0.942,0.0,1.0,1.0,0.19,0.0,0.5,0.0,1.0,0.5,0.5,0.568,0.0,0.269,0.0,0,0,0.278,0.547,0.0,0.523,0.0,0.211,0.65,0.0,0.493,0.394,0.0,1.0,0.838
67008,2024.07.16 03:31:20,USDCADm,TREND_CONTINUATION,BUY,1,1.36814,1.36683,1.37087,2.08,0.599,1.36801,1.36824,1.36768,1,0.219,0.105,-0.0378,1.3678,1.36306,1.3658,1.36131,0,0.0,0.55,0,1.36801,0.773,0.584,0,0.0,0.0,0.0,0.0,0.0,0,0,1,1.0,1.0,0.0876,1.0,0.74,0,0.712,0,0.632,1.36796,1.36834,0.008,0.339,0.0,2,0.15,0,0.792,1.017,3.0,0.339,0.478,1,0.0,0,0.0,0.983,0.138,0.3,0.179,0.841,0.735,1.36818,1.36919,1.36331,-363677.1845,7336.6253,-1,1.36752,0.507,0.0,0.0,0.0,0.0,0,0.757,1,0,19422,0.696,0.594,0.437,17.0,17.0,0.1558,109.1,0.0,1,1,0.792,1.28023,1,1,0.425,1.21325,1,80.546,0.058,0.942,0.0,1.0,1.0,0.1,0.0,0.5,0.0,1.0,0.481,0.5,0.565,0.0,0.208,0.0,0,0,0.264,0.71,0.0,0.428,0.0,0.254,0.65,0.0,0.514,0.394,0.0,1.0,0.892
67010,2024.07.16 04:00:40,USDCADm,BREAKOUT,BUY,1,1.36827,1.36673,1.37085,1.67,0.359,1.36801,1.36824,1.36783,1,0.002,0.488,0.0862,1.3678,1.36306,1.3658,1.36131,0,0.0,0.4,0,1.36801,0.753,0.691,0,0.0,0.0,0.0,0.0,0.0,0,0,1,0.8,1.0,0.0878,1.0,0.913,0,0.736,0,0.515,1.36801,1.36836,0.086,0.257,0.0,2,0.0,0,0.816,0.939,3.0,0.313,0.476,1,0.0,0,0.0,0.828,0.026,0.3,0.103,0.787,0.866,1.36818,1.36919,1.36317,-379444.6942,-15767.5098,-2,1.36752,0.511,0.0,0.0,0.0,0.0,0,0.722,1,0,19423,0.696,0.594,0.437,17.0,17.0,0.165,103.0,0.0,1,1,0.792,1.28023,1,1,0.425,1.21325,1,85.476,0.049,0.951,0.0,0.0,1.0,0.69,0.0,0.5,0.0,0.936,0.445,0.5,0.57,0.0,0.299,0.0,0,0,0.324,0.736,0.0,0.556,0.0,0.134,0.65,0.0,0.522,0.394,0.0,1.0,0.981
67012,2024.07.16 05:18:20,USDCADm,PULLBACK,BUY,1,1.36887,1.36822,1.37159,4.16,0.498,1.3681,1.3683,1.36797,0,0.224,0.057,0.6612,1.3678,1.36306,1.3658,1.36131,0,0.0,0.45,0,1.36806,0.6,0.859,0,0.0,0.0,0.0,0.0,0.0,0,0,1,1.0,0.825,0.0961,0.825,0.139,0,0.749,0,0.62,1.36808,1.36839,0.681,0.34,0.0,2,0.4,0,0.829,1.287,3.0,0.429,0.494,1,1.3681,1,0.7,0.0,0.418,0.247,0.264,0.955,0.848,1.36818,1.36919,1.36317,-379444.6942,-15767.5098,-2,1.36752,0.511,0.0,0.0,0.0,0.0,0,0.722,1,0,19424,0.696,0.594,0.437,17.0,17.0,0.1873,90.8,0.0,1,1,0.792,1.28023,1,1,0.425,1.21325,1,97.637,0.049,0.951,0.0,0.0,1.0,0.96,0.0,0.5,0.0,0.484,0.772,0.5,0.567,0.0,0.399,0.0,0,0,0.493,0.464,0.0,0.497,0.0,0.174,0.868,0.0,0.501,0.394,0.0,1.0,1.017
67014,2024.07.16 05:31:20,USDCADm,TREND_CONTINUATION,BUY,1,1.36894,1.36785,1.37121,2.08,0.585,1.3681,1.3683,1.36797,0,0.224,0.057,0.7383,1.3678,1.36306,1.3658,1.36131,0,0.0,0.45,0,1.36806,0.6,0.859,0,0.0,0.0,0.0,0.0,0.0,0,0,1,1.0,0.825,0.0961,0.825,0.139,0,0.749,0,0.62,1.36808,1.36839,0.758,0.417,0.0,2,0.4,0,0.829,1.287,3.0,0.429,0.494,1,1.3681,1,0.7,0.0,0.418,0.247,0.264,0.955,0.848,1.36818,1.36919,1.36317,-379444.6942,-15767.5098,-2,1.36752,0.511,0.0,0.0,0.0,0.0,0,0.722,1,0,19424,0.696,0.594,0.437,17.0,17.0,0.1873,90.8,0.0,1,1,0.792,1.28023,1,1,0.425,1.21325,1,97.714,0.049,0.951,0.0,0.0,1.0,0.91,0.0,0.5,0.0,0.772,0.603,0.5,0.563,0.0,0.458,0.0,0,0,0.414,0.464,0.0,0.497,0.0,0.185,0.868,0.0,0.501,0.394,0.0,1.0,1.017
67016,2024.07.16 06:00:40,USDCADm,BREAKOUT,BUY,1,1.36891,1.36829,1.37101,3.38,0.516,1.36811,1.36841,1.3679,0,0.39,0.054,0.7518,1.3678,1.36306,1.3658,1.36131,0,0.0,0.55,0,1.36811,0.693,0.0,1,0.0,0.0,0.0,0.0,0.0,0,0,1,1.0,1.0,0.1245,1.0,0.203,0,0.703,3,0.509,1.3682,1.36874,0.64,0.004,0.0,2,0.15,4,0.611,1.559,3.0,0.52,0.465,1,1.36811,8,0.739,0.0,0.299,0.3,0.053,0.718,0.857,1.36818,1.36919,1.36317,-379444.6942,-15767.5098,-2,1.36752,0.511,0.0,0.0,0.0,0.0,0,0.722,1,0,19425,0.696,0.594,0.437,17.0,17.0,0.2024,84.0,0.0,1,1,0.792,1.28023,1,1,0.425,1.21325,1,105.571,0.049,0.951,0.0,0.0,1.0,0.99,0.0,0.5,0.0,0.359,0.504,0.5,0.476,0.0,0.436,0.0,0,0,0.32,0.349,0.0,0.38,0.0,0.294,0.827,0.0,0.468,0.394,0.0,1.0,0.984
67017,2024.07.16 07:18:20,USDCADm,PULLBACK,BUY,1,1.36922,1.36815,1.37161,2.23,0.489,1.36806,1.36896,1.36795,0,0.025,0.336,1.2444,1.36797,1.36278,1.36569,1.36093,0,0.0,0.7,2,1.36806,0.653,0.482,0,0.0,0.0,0.0,0.0,0.0,0,0,1,1.0,0.825,0.1099,0.825,0.326,2,0.533,3,0.562,1.36921,1.36885,0.201,0.251,0.0,2,0.0,0,0.613,1.203,3.0,0.401,0.458,1,1.36806,8,0.731,0.599,0.202,0.247,0.0,0.753,0.885,1.36818,1.36919,1.36317,-379444.6942,-15767.5098,-2,1.36752,0.511,0.0,0.0,0.0,0.0,0,0.722,1,0,19426,0.696,0.594,0.437,17.0,17.0,0.2133,79.7,0.0,1,1,0.792,1.28023,1,1,0.425,1.21325,1,111.636,0.049,0.951,0.0,0.0,1.0,0.1,0.0,0.5,0.0,0.528,0.39,0.5,0.564,0.0,0.539,0.0,0,0,0.45,0.647,0.0,0.143,0.0,0.629,0.859,0.0,0.508,0.394,0.0,1.0,1.017
67020,2024.07.16 07:31:20,USDCADm,TREND_CONTINUATION,BUY,1,1.36916,1.36815,1.37115,1.97,0.575,1.36806,1.36896,1.36795,0,0.025,0.336,1.1692,1.36797,1.36278,1.36569,1.36093,0,0.0,0.7,2,1.36806,0.653,0.482,0,0.0,0.0,0.0,0.0,0.0,0,0,1,1.0,0.825,0.1099,0.825,0.275,2,0.533,3,0.562,1.36921,1.36885,0.276,0.176,0.0,2,0.0,0,0.613,1.226,3.0,0.409,0.461,1,1.36806,8,0.731,0.448,0.217,0.247,0.0,0.753,0.885,1.36818,1.36919,1.36317,-379444.6942,-15767.5098,-2,1.36752,0.511,0.0,0.0,0.0,0.0,0,0.722,1,0,19426,0.696,0.594,0.437,17.0,17.0,0.2133,79.7,0.0,1,1,0.792,1.28023,1,1,0.425,1.21325,1,111.561,0.049,0.951,0.0,0.0,1.0,0.49,0.0,0.5,0.0,0.591,0.293,0.5,0.534,0.0,0.547,0.0,0,0,0.503,0.635,0.0,0.143,0.0,0.552,0.847,0.0,0.508,0.394,0.0,1.0,1.017
67022,2024.07.16 07:46:59,USDCADm,BREAKOUT_RETEST,BUY,1,1.36889,1.36815,1.36963,1.0,0.61,1.36806,1.36896,1.36795,1,0.025,0.336,0.8305,1.36797,1.36278,1.36569,1.36093,0,0.0,0.7,2,1.36806,0.653,0.482,0,0.0,0.0,0.0,0.0,0.0,0,0,1,1.0,0.825,0.1099,0.825,0.53,2,0.533,3,0.562,1.36863,1.36885,0.108,0.163,0.0,2,0.0,0,0.613,1.112,3.0,0.371,0.451,1,1.36806,8,0.731,0.784,0.141,0.247,0.0,0.782,0.885,1.36818,1.36919,1.36317,-379444.6942,-15767.5098,-2,1.36752,0.511,0.0,0.0,0.0,0.0,0,0.722,1,0,19426,0.696,0.594,0.437,17.0,17.0,0.2133,79.7,0.0,1,1,0.792,1.28023,1,1,0.425,1.21325,1,111.222,0.049,0.951,0.0,0.0,1.0,0.13,0.0,0.5,0.0,0.414,0.467,0.5,0.523,0.0,0.42,0.0,0,0,0.345,0.707,0.0,0.38,0.0,0.492,0.719,0.0,0.529,0.394,0.0,1.0,0.927
67024,2024.07.16 08:00:59,USDCADm,BREAKOUT,BUY,2,1.36894,1.36789,1.37068,1.67,0.346,1.36866,1.36932,1.36856,1,0.157,0.457,0.1574,1.36797,1.36278,1.36569,1.36093,0,0.0,0.55,0,1.36922,0.737,0.447,0,0.0,0.0,0.0,0.0,0.0,0,0,1,0.8,1.0,0.1924,1.0,0.463,2,0.527,0,0.425,1.36863,1.36842,0.207,0.506,0.0,2,0.0,0,0.527,1.142,3.0,0.381,0.425,1,1.36856,5,0.6,0.585,0.161,0.3,0.085,0.856,0.81,1.36818,1.36919,1.36344,-358216.9853,21227.7089,-1,1.36752,0.497,0.0,0.0,0.0,0.0,0,0.55,1,0,19427,0.696,0.594,0.437,17.0,17.0,0.2439,69.7,0.0,1,1,0.792,1.28023,1,1,0.425,1.21325,1,127.248,0.076,0.924,0.0,1.0,1.0,0.67,0.0,0.5,0.0,0.482,0.492,0.5,0.477,0.0,0.406,0.0,0,0,0.31,0.683,0.552,0.475,0.0,0.505,0.65,0.0,0.531,0.394,0.0,1.0,1.017
0,2024.07.16 09:00:00,USDCADm,ANCHORED_PULLBACK,BUY,2,1.36857,1.36848,1.36867,1.13,0.557,1.36867,1.36913,1.36854,0,0.345,0.015,-0.428,1.36828,1.36278,1.36622,1.36093,0,0.0,0.55,0,1.36867,0.8,0.453,0,0.0,0.0,1.36839,0.0,0.0,0,0,1,1.0,0.825,0.2238,0.825,0.087,2,0.61,0,0.534,1.3687,1.36841,0.469,0.015,-0.283,1,0.4,0,0.61,1.311,3.0,0.437,0.398,1,1.36867,8,0.76,0.061,0.734,0.247,0.247,0.69,0.878,1.36818,1.36919,1.36344,-358216.9853,21227.7089,-1,1.36752,0.497,0.0,0.0,0.0,0.0,0,0.55,1,0,19428,0.696,0.594,0.437,17.0,17.0,0.265,64.1,0.0,1,1,0.792,1.28023,1,1,0.425,1.21325,1,137.724,0.076,0.924,0.0,1.0,1.0,0.04,0.0,0.5,0.0,0.641,0.461,0.5,0.465,0.0,0.357,0.0,0,0,0.306,0.36,0.0,0.633,0.0,0.254,0.65,0.0,0.543,0.394,0.0,1.0,0.954
67026,2024.07.16 09:04:20,USDCADm,SWEEP_REVERSAL,BUY,2,1.36832,1.36768,1.36884,0.82,0.282,1.36867,1.36913,1.36854,0,0.345,0.015,-0.8177,1.36828,1.36278,1.36622,1.36093,0,0.0,0.55,0,1.36867,0.8,0.453,0,0.0,0.0,1.36839,0.0,0.0,0,0,1,1.0,0.825,0.2238,0.825,0.065,2,0.623,0,0.534,1.3687,1.36841,0.859,0.405,0.0,2,0.4,0,0.623,1.321,3.0,0.44,0.403,1,1.36867,8,0.76,0.0,0.44,0.247,0.247,0.69,0.878,1.36818,1.36919,1.36344,-358216.9853,21227.7089,-1,1.36752,0.497,0.0,0.0,0.0,0.0,0,0.55,1,0,19428,0.696,0.594,0.437,17.0,17.0,0.265,64.1,0.0,1,1,0.792,1.28023,1,1,0.425,1.21325,1,137.334,0.076,0.924,0.0,1.0,1.0,0.0,0.0,0.5,0.0,0.712,0.383,0.5,0.437,0.0,0.348,0.0,0,0,0.341,0.505,0.0,0.844,0.0,0.368,0.435,0.0,0.537,0.394,0.0,1.0,1.017
67028,2024.07.16 09:09:20,USDCADm,MEAN_REVERSION,BUY,2,1.36824,1.36773,1.36884,1.18,0.596,1.36867,1.36913,1.36854,0,0.345,0.015,-0.9424,1.36828,1.36278,1.36622,1.36093,0,0.0,0.55,0,1.36867,0.8,0.453,0,0.0,0.0,1.36839,0.0,0.0,0,0,1,1.0,0.825,0.2238,0.825,0.065,2,0.623,0,0.534,1.3687,1.36841,0.984,0.529,0.0,2,0.4,0,0.623,1.321,3.0,0.44,0.403,1,1.36867,8,0.76,0.0,0.44,0.247,0.247,0.69,0.878,1.36818,1.36919,1.36344,-358216.9853,21227.7089,-1,1.36752,0.497,0.0,0.0,0.0,0.0,0,0.55,1,0,19428,0.696,0.594,0.437,17.0,17.0,0.265,64.1,0.0,1,1,0.792,1.28023,1,1,0.425,1.21325,1,137.209,0.076,0.924,0.0,1.0,1.0,0.0,0.0,0.5,0.0,0.591,0.33,0.5,0.462,0.0,0.408,0.0,0,0,0.404,0.393,0.0,0.497,0.0,0.408,0.485,0.0,0.537,0.394,0.0,1.0,1.017
67030,2024.07.16 09:23:20,USDCADm,PULLBACK,BUY,2,1.36784,1.36688,1.36884,1.04,0.475,1.36867,1.36913,1.36854,0,0.345,0.015,-1.566,1.36828,1.36278,1.36622,1.36093,0,0.0,0.55,0,1.36867,0.8,0.453,0,0.0,0.0,1.36839,0.0,0.0,0,0,1,1.0,0.825,0.2238,0.825,0.065,2,0.623,0,0.534,1.3687,1.36841,1.607,1.153,0.0,2,0.4,0,0.623,1.321,3.0,0.44,0.403,1,1.36867,8,0.76,0.0,0.44,0.247,0.247,0.69,0.878,1.36818,1.36919,1.36344,-358216.9853,21227.7089,-1,1.36752,0.497,0.0,0.0,0.0,0.0,0,0.55,1,0,19428,0.696,0.594,0.437,17.0,17.0,0.265,64.1,0.0,1,1,0.792,1.28023,1,1,0.425,1.21325,1,136.586,0.076,0.924,0.0,1.0,1.0,0.0,0.0,0.5,0.0,0.97,0.305,0.5,0.542,0.0,0.394,0.0,0,0,0.437,0.393,0.0,0.348,0.0,0.433,0.444,0.0,0.537,0.394,0.0,1.0,1.017
67032,2024.07.16 09:46:40,USDCADm,TREND_CONTINUATION,BUY,2,1.36803,1.36726,1.36884,1.06,0.557,1.36867,1.36913,1.36854,0,0.345,0.015,-1.2698,1.36828,1.36278,1.36622,1.36093,0,0.0,0.55,0,1.36867,0.8,0.453,0,0.0,0.0,1.36839,0.0,0.0,0,0,1,1.0,0.825,0.2238,0.825,0.065,2,0.623,0,0.534,1.3687,1.36841,1.311,0.857,0.0,2,0.4,0,0.623,1.321,3.0,0.44,0.403,1,1.36867,8,0.76,0.0,0.44,0.247,0.247,0.69,0.878,1.36818,1.36919,1.36344,-358216.9853,21227.7089,-1,1.36752,0.497,0.0,0.0,0.0,0.0,0,0.55,1,0,19428,0.696,0.594,0.437,17.0,17.0,0.265,64.1,0.0,1,1,0.792,1.28023,1,1,0.425,1.21325,1,136.882,0.076,0.924,0.0,1.0,1.0,0.0,0.0,0.5,0.0,1.0,0.476,0.5,0.512,0.0,0.365,0.0,0,0,0.314,0.393,0.0,0.497,0.0,0.462,0.449,0.0,0.537,0.394,0.0,1.0,1.017
67034,2024.07.16 10:00:59,USDCADm,BREAKOUT,BUY,2,1.36784,1.36687,1.36895,1.14,0.513,1.36878,1.3693,1.36854,0,1.433,0.023,-1.7175,1.36828,1.36278,1.36622,1.36093,0,0.0,0.4,0,1.36878,0.749,0.405,0,0.0,0.0,1.36766,0.0,0.0,0,0,1,1.0,1.0,0.2244,1.0,0.193,2,0.609,3,0.45,1.36873,1.36765,1.645,0.029,0.0,2,0.15,0,0.609,1.263,3.0,0.421,0.454,1,1.36878,8,0.75,0.0,0.302,0.3,0.053,0.961,0.833,1.36818,1.36919,1.36344,-358216.9853,21227.7089,-1,1.36752,0.497,0.0,0.0,0.0,0.0,0,0.55,1,0,19429,0.696,0.594,0.437,17.0,17.0,0.2633,64.6,0.0,1,1,0.792,1.28023,1,1,0.425,1.21325,1,135.679,0.076,0.924,0.0,1.0,1.0,0.38,0.0,0.5,0.0,0.91,0.291,0.5,0.49,0.0,0.363,0.0,0,0,0.417,0.284,0.0,0.333,0.0,0.569,0.65,0.0,0.546,0.394,0.0,1.0,0.945
67036,2024.07.16 11:00:00,USDCADm,BREAKOUT_RETEST,BUY,2,1.36822,1.36804,1.36888,3.63,0.843,1.36871,1.36929,1.36796,1,0.083,0.503,-1.0882,1.36844,1.36278,1.36622,1.36093,0,0.0,0.75,0,1.36871,0.71,0.046,0,0.0,0.0,1.36804,0.0,0.0,0,0,1,1.0,0.825,0.1179,0.825,0.641,2,0.552,3,0.503,1.368,1.36844,0.083,0.649,0.9591,0,0.25,2,1.0,1.512,3.0,0.504,0.531,2,1.36871,8,0.742,0.834,0.208,0.947,0.088,0.632,0.754,1.36818,1.36919,1.36344,-358216.9853,21227.7089,-1,1.36752,0.497,0.0,0.0,0.0,0.0,0,0.55,1,0,19430,0.705,0.59,0.444,17.0,17.0,0.2797,60.8,0.0,1,1,0.792,1.28023,1,1,0.425,1.21325,1,144.754,0.076,0.924,0.0,1.0,1.0,0.68,0.0,0.5,0.0,0.796,0.62,0.5,0.525,0.0,0.353,0.0,0,0,0.371,0.663,0.0,0.517,0.0,0.896,0.65,0.0,0.477,0.394,0.0,1.0,1.106
67038,2024.07.16 11:00:40,USDCADm,ANCHORED_PULLBACK,BUY,2,1.36834,1.36789,1.36929,2.13,0.457,1.36871,1.36929,1.36796,1,0.083,0.503,-0.8908,1.36844,1.36278,1.36622,1.36093,0,0.0,0.75,0,1.36871,0.71,0.046,0,0.0,0.0,1.36804,0.0,0.0,0,0,1,1.0,0.825,0.1179,0.825,0.393,2,0.619,3,0.503,1.368,1.36844,0.28,0.452,0.0,2,0.25,0,0.619,1.173,3.0,0.391,0.396,1,1.36796,5,0.6,0.439,0.282,0.247,0.088,0.632,0.754,1.36818,1.36919,1.36344,-358216.9853,21227.7089,-1,1.36752,0.497,0.0,0.0,0.0,0.0,0,0.55,1,0,19430,0.705,0.59,0.444,17.0,17.0,0.2797,60.8,0.0,1,1,0.792,1.28023,1,1,0.425,1.21325,1,144.952,0.076,0.924,0.0,1.0,1.0,0.99,0.0,0.5,0.0,0.948,0.643,0.5,0.534,0.0,0.326,0.0,0,0,0.376,0.634,0.0,0.482,0.0,0.582,0.65,0.0,0.547,0.394,0.0,1.0,1.017
67040,2024.07.16 11:09:20,USDCADm,MEAN_REVERSION,BUY,2,1.36835,1.36811,1.36888,2.2,0.592,1.36871,1.36929,1.36796,1,0.083,0.503,-0.8744,1.36844,1.36278,1.36622,1.36093,0,0.0,0.75,0,1.36871,0.71,0.046,0,0.0,0.0,1.36804,0.0,0.0,0,0,1,1.0,0.825,0.1179,0.825,0.393,2,0.619,3,0.503,1.368,1.36844,0.297,0.435,0.0,2,0.25,0,0.619,1.173,3.0,0.391,0.396,1,1.36796,5,0.6,0.406,0.282,0.247,0.088,0.632,0.754,1.36818,1.36919,1.36344,-358216.9853,21227.7089,-1,1.36752,0.497,0.0,0.0,0.0,0.0,0,0.55,1,0,19430,0.705,0.59,0.444,17.0,17.0,0.2797,60.8,0.0,1,1,0.792,1.28023,1,1,0.425,1.21325,1,144.968,0.076,0.924,0.0,1.0,1.0,0.91,0.0,0.5,0.0,0.956,0.574,0.5,0.532,0.0,0.346,0.0,0,0,0.342,0.634,0.0,0.579,0.0,0.582,0.65,0.0,0.547,0.394,0.0,1.0,1.017
67042,2024.07.16 11:23:20,USDCADm,PULLBACK,BUY,2,1.36838,1.36747,1.3702,2.0,0.623,1.36871,1.36929,1.36796,1,0.083,0.503,-0.825,1.36844,1.36278,1.36622,1.36093,0,0.0,0.75,0,1.36871,0.71,0.046,0,0.0,0.0,1.36804,0.0,0.0,0,0,1,1.0,0.825,0.1179,0.825,0.393,2,0.619,3,0.503,1.368,1.36844,0.346,0.386,0.0,2,0.25,0,0.619,1.173,3.0,0.391,0.396,1,1.36796,5,0.6,0.307,0.282,0.247,0.088,0.632,0.754,1.36818,1.36919,1.36344,-358216.9853,21227.7089,-1,1.36752,0.497,0.0,0.0,0.0,0.0,0,0.55,1,0,19430,0.705,0.59,0.444,17.0,17.0,0.2797,60.8,0.0,1,1,0.792,1.28023,1,1,0.425,1.21325,1,145.018,0.076,0.924,0.0,1.0,1.0,0.15,0.0,0.5,0.0,0.807,0.525,0.5,0.516,0.0,0.372,0.0,0,0,0.319,0.634,0.0,0.579,0.0,0.673,0.65,0.0,0.547,0.394,0.0,1.0,1.017
67044,2024.07.16 11:48:40,USDCADm,TREND_CONTINUATION,BUY,2,1.3681,1.36737,1.36888,1.07,0.551,1.36871,1.36929,1.36796,0,0.083,0.503,-1.2857,1.36844,1.36278,1.36622,1.36093,0,0.0,0.75,0,1.36871,0.71,0.046,0,0.0,0.0,1.36804,0.0,0.0,0,0,1,1.0,0.825,0.1179,0.825,0.665,2,0.619,3,0.503,1.368,1.36755,0.114,0.618,0.0,2,0.25,0,0.619,1.051,3.0,0.35,0.382,1,1.36871,8,0.742,0.771,0.2,0.247,0.088,0.632,0.783,1.36818,1.36919,1.36344,-358216.9853,21227.7089,-1,1.36752,0.497,0.0,0.0,0.0,0.0,0,0.55,1,0,19430,0.705,0.59,0.444,17.0,17.0,0.2797,60.8,0.0,1,1,0.792,1.28023,1,1,0.425,1.21325,1,144.557,0.076,0.924,0.0,1.0,1.0,0.0,0.0,0.5,0.0,0.659,0.36,0.5,0.517,0.0,0.345,0.0,0,0,0.377,0.808,0.0,0.521,0.0,0.803,0.435,0.0,0.572,0.394,0.0,1.0,1.16
67045,2024.07.16 11:48:59,USDCADm,SWEEP_REVERSAL,BUY,2,1.36811,1.3675,1.36888,1.27,0.192,1.36871,1.36929,1.36796,0,0.083,0.503,-1.2692,1.36844,1.36278,1.36622,1.36093,0,0.0,0.75,0,1.36871,0.71,0.046,0,0.0,0.0,1.36804,0.0,0.0,0,0,1,1.0,0.825,0.1179,0.825,0.665,2,0.619,3,0.503,1.368,1.36755,0.098,0.634,0.0,2,0.25,0,0.619,1.051,3.0,0.35,0.382,1,1.36871,8,0.742,0.804,0.2,0.247,0.088,0.632,0.783,1.36818,1.36919,1.36344,-358216.9853,21227.7089,-1,1.36752,0.497,0.0,0.0,0.0,0.0,0,0.55,1,0,19430,0.705,0.59,0.444,17.0,17.0,0.2797,60.8,0.0,1,1,0.792,1.28023,1,1,0.425,1.21325,1,144.573,0.076,0.924,0.0,1.0,1.0,0.01,0.0,0.5,0.0,0.659,0.352,0.5,0.517,0.0,0.345,0.0,0,0,0.382,0.808,0.0,0.521,0.0,0.803,0.435,0.0,0.572,0.394,0.0,1.0,1.16
67048,2024.07.16 13:48:59,USDCADm,SWEEP_REVERSAL,BUY,4,1.36872,1.36832,1.37053,4.53,0.484,1.36803,1.36939,1.36667,1,1.789,0.863,0.5732,1.3677,1.3631,1.36673,1.36114,0,0.0,0.65,0,1.36971,0.678,0.116,0,0.0,0.0,0.0,0.0,0.0,0,1,1,0.675,0.685,0.0513,0.685,0.398,2,0.613,0,0.3,1.36793,1.36897,0.689,0.469,0.0,2,0.3,6,0.5,0.721,3.0,0.24,0.309,0,1.36803,1,0.7,0.0,0.501,0.206,0.465,0.86,0.941,1.36818,1.36919,1.36344,-353501.5358,4715.4496,-1,1.36752,0.51,0.0,0.0,0.0,0.0,0,0.76,1,0,19432,0.705,0.59,0.444,17.0,17.0,0.1878,90.5,0.0,1,1,0.792,1.28023,1,1,0.425,1.21325,1,97.779,0.053,0.947,0.0,1.0,1.0,0.06,0.0,0.5,0.0,0.345,0.293,0.5,0.452,0.0,0.921,0.0,0,0,0.628,0.164,0.878,0.705,0.0,0.937,0.65,0.0,0.473,0.382,0.0,1.0,0.879
67050,2024.07.16 14:00:00,USDCADm,TREND_CONTINUATION,BUY,4,1.36863,1.36736,1.37014,1.18,0.38,1.36997,1.37071,1.36816,1,0.018,0.419,-1.421,1.36784,1.36256,1.36678,1.36116,0,0.0,0.6,2,1.36997,0.788,0.68,0,0.0,0.0,1.36843,0.0,0.0,0,0,1,0.5,0.72,0.089,0.72,0.779,1,0.251,3,0.429,1.36848,1.3689,0.018,0.419,-0.1637,1,0.3,5,1.0,0.7,3.0,0.233,0.43,1,1.36997,8,0.758,0.965,0.486,0.216,0.405,0.719,0.841,1.36818,1.36919,1.36344,-353501.5358,4715.4496,-1,1.36752,0.51,0.0,0.0,0.0,0.0,0,0.76,1,0,19433,0.705,0.59,0.444,17.0,17.0,0.1604,106.0,0.0,1,1,0.792,1.28023,1,1,0.425,1.21325,1,83.396,0.053,0.947,0.0,1.0,1.0,0.42,0.0,0.5,0.0,0.461,0.373,0.5,0.473,0.0,0.921,0.0,0,0,0.586,0.433,0.341,0.593,0.0,0.765,0.65,0.0,0.486,0.382,0.0,1.0,0.833
67051,2024.07.16 14:00:20,USDCADm,BREAKOUT_RETEST,BUY,4,1.36865,1.36833,1.37216,11.02,0.39,1.36997,1.37071,1.36816,1,0.018,0.419,-1.4021,1.36784,1.36256,1.36678,1.36116,0,0.0,0.6,2,1.36997,0.788,0.68,0,0.0,0.0,1.36843,0.0,0.0,0,0,1,0.5,0.72,0.089,0.72,0.779,2,0.551,3,0.429,1.36848,1.3689,0.001,0.4,0.0,2,0.0,0,0.631,1.0,3.0,0.333,0.418,1,1.36816,5,0.6,0.998,0.066,0.216,0.0,0.719,0.841,1.36818,1.36919,1.36344,-353501.5358,4715.4496,-1,1.36752,0.51,0.0,0.0,0.0,0.0,0,0.76,1,0,19433,0.705,0.59,0.444,17.0,17.0,0.1604,106.0,0.0,1,1,0.792,1.28023,1,1,0.425,1.21325,1,83.415,0.053,0.947,0.0,1.0,1.0,0.47,0.0,0.5,0.0,0.501,0.383,0.5,0.473,0.0,0.921,0.0,0,0,0.58,0.68,0.494,0.513,0.0,0.645,0.65,0.0,0.522,0.382,0.0,1.0,1.025
67052,2024.07.16 14:00:20,USDCADm,PULLBACK,BUY,4,1.36865,1.36706,1.37183,2.0,0.469,1.36997,1.37071,1.36816,1,0.018,0.419,-1.4021,1.36784,1.36256,1.36678,1.36116,0,0.0,0.6,2,1.36997,0.788,0.68,0,0.0,0.0,1.36843,0.0,0.0,0,0,1,0.5,0.72,0.089,0.72,0.779,2,0.551,3,0.429,1.36848,1.3689,0.001,0.4,0.0,2,0.0,0,0.631,1.0,3.0,0.333,0.418,1,1.36816,5,0.6,0.998,0.066,0.216,0.0,0.719,0.841,1.36818,1.36919,1.36344,-353501.5358,4715.4496,-1,1.36752,0.51,0.0,0.0,0.0,0.0,0,0.76,1,0,19433,0.705,0.59,0.444,17.0,17.0,0.1604,106.0,0.0,1,1,0.792,1.28023,1,1,0.425,1.21325,1,83.415,0.053,0.947,0.0,1.0,1.0,0.47,0.0,0.5,0.0,0.501,0.383,0.5,0.473,0.0,0.921,0.0,0,0,0.58,0.68,0.494,0.513,0.0,0.645,0.65,0.0,0.522,0.382,0.0,1.0,1.025
67055,2024.07.16 14:00:40,USDCADm,MEAN_REVERSION,BUY,4,1.36834,1.36749,1.37014,2.12,0.583,1.36997,1.37071,1.36816,1,0.018,0.419,-1.6946,1.36784,1.36256,1.36678,1.36116,0,0.0,0.6,2,1.36997,0.788,0.68,0,0.0,0.0,1.36843,0.0,0.0,0,0,1,0.5,0.72,0.089,0.72,0.683,2,0.551,3,0.429,1.36848,1.3689,0.291,0.692,0.0,2,0.0,0,0.631,1.043,3.0,0.348,0.423,1,1.36997,8,0.758,0.417,0.095,0.216,0.0,0.719,0.841,1.36818,1.36919,1.36344,-353501.5358,4715.4496,-1,1.36752,0.51,0.0,0.0,0.0,0.0,0,0.76,1,0,19433,0.705,0.59,0.444,17.0,17.0,0.1604,106.0,0.0,1,1,0.792,1.28023,1,1,0.425,1.21325,1,83.123,0.053,0.947,0.0,1.0,1.0,0.0,0.0,0.5,0.0,0.59,0.362,0.5,0.464,0.0,0.812,0.0,0,0,0.547,0.796,0.543,0.727,0.0,0.645,0.434,0.0,0.511,0.382,0.0,1.0,1.025
67056,2024.07.16 14:00:59,USDCADm,BREAKOUT,BUY,4,1.36834,1.36675,1.37014,1.13,0.256,1.36997,1.37071,1.36816,1,0.018,0.419,-1.6946,1.36784,1.36256,1.36678,1.36116,0,0.0,0.6,2,1.36997,0.788,0.68,0,0.0,0.0,1.36843,0.0,0.0,0,0,1,0.5,0.72,0.089,0.72,0.683,2,0.551,3,0.429,1.36848,1.3689,0.291,0.692,0.0,2,0.0,0,0.631,1.043,3.0,0.348,0.423,1,1.36997,8,0.758,0.417,0.095,0.216,0.0,0.719,0.841,1.36818,1.36919,1.36344,-353501.5358,4715.4496,-1,1.36752,0.51,0.0,0.0,0.0,0.0,0,0.76,1,0,19433,0.705,0.59,0.444,17.0,17.0,0.1604,106.0,0.0,1,1,0.792,1.28023,1,1,0.425,1.21325,1,83.123,0.053,0.947,0.0,1.0,1.0,0.0,0.0,0.5,0.0,0.59,0.356,0.5,0.464,0.0,0.812,0.0,0,0,0.55,0.796,0.543,0.727,0.0,0.645,0.434,0.0,0.511,0.382,0.0,1.0,1.025
67060,2024.07.16 15:48:59,USDCADm,SWEEP_REVERSAL,BUY,4,1.36879,1.36766,1.37106,2.0,0.597,1.36848,1.37029,1.36816,1,0.047,2.013,0.1245,1.36843,1.36302,1.36724,1.36129,0,0.0,0.5,0,1.36997,0.751,0.594,0,0.0,0.0,1.36878,0.0,0.0,0,1,1,0.504,0.5341,0.0443,0.534,0.81,2,0.562,0,0.467,1.36858,1.36699,0.031,1.436,0.0,2,0.55,6,0.75,0.535,3.0,0.178,0.344,0,1.36816,5,0.6,0.938,0.477,0.16,0.586,0.943,0.863,1.36818,1.36919,1.36344,-353501.5358,4715.4496,-1,1.36752,0.51,0.0,0.0,0.0,0.0,0,0.76,1,0,19434,0.705,0.59,0.444,17.0,17.0,0.1499,113.4,0.0,1,1,0.792,1.28023,1,1,0.425,1.21325,0,78.076,0.053,0.947,0.0,1.0,0.5,0.46,0.0,0.5,0.0,0.0,0.393,0.5,0.0,0.0,0.0,0.0,0,0,0.064,0.0,0.0,0.0,0.093,0.0,0.5,0.0,0.0,0.0,0.0,0.0,0.0
67061,2024.07.16 16:00:00,USDCADm,TREND_CONTINUATION,BUY,4,1.36891,1.36748,1.37189,2.08,0.287,1.36869,1.37007,1.36837,1,0.041,0.576,0.0409,1.36827,1.36321,1.36781,1.36151,0,0.0,0.4,0,1.36869,0.758,0.47,0,0.0,0.0,1.36859,0.0,0.0,0,0,1,0.403,0.4182,0.0254,0.418,1.0,2,0.641,2,0.068,1.3688,1.36795,0.048,0.666,0.0,2,0.25,0,0.641,0.9,3.0,0.3,0.34,0,1.36837,5,0.6,0.903,0.1,0.125,0.088,0.831,0.907,1.36818,1.36919,1.36342,-331860.3696,21641.1662,-1,1.36793,0.506,0.0,0.0,0.0,0.0,0,0.58,1,0,19435,0.705,0.59,0.444,17.0,17.0,0.1428,119.1,0.0,1,1,0.792,1.28023,1,1,0.425,1.21325,0,74.476,0.08,0.92,0.0,1.0,0.5,0.92,0.0,0.5,0.0,1.0,0.57,0.5,0.541,0.0,0.296,0.0,0,0,0.323,0.72,0.0,0.8,0.14,0.576,0.65,0.0,0.498,0.382,0.0,1.0,0.943
67062,2024.07.16 16:00:20,USDCADm,BREAKOUT_RETEST,BUY,4,1.36891,1.36855,1.37109,6.11,0.301,1.36869,1.37007,1.36837,1,0.041,0.576,0.0409,1.36827,1.36321,1.36781,1.36151,0,0.0,0.4,0,1.36869,0.758,0.47,0,0.0,0.0,1.36859,0.0,0.0,0,0,1,0.403,0.4182,0.0254,0.418,1.0,2,0.641,2,0.068,1.3688,1.36795,0.048,0.666,0.0,2,0.25,0,0.641,0.9,3.0,0.3,0.34,0,1.36837,5,0.6,0.903,0.1,0.125,0.088,0.831,0.907,1.36818,1.36919,1.36342,-331860.3696,21641.1662,-1,1.36793,0.506,0.0,0.0,0.0,0.0,0,0.58,1,0,19435,0.705,0.59,0.444,17.0,17.0,0.1428,119.1,0.0,1,1,0.792,1.28023,1,1,0.425,1.21325,0,74.476,0.08,0.92,0.0,1.0,0.5,0.91,0.0,0.5,0.0,1.0,0.57,0.5,0.541,0.0,0.296,0.0,0,0,0.322,0.72,0.0,0.8,0.14,0.576,0.65,0.0,0.498,0.382,0.0,1.0,0.943
67063,2024.07.16 16:00:20,USDCADm,PULLBACK,BUY,4,1.36891,1.36712,1.37248,2.0,0.394,1.36869,1.37007,1.36837,1,0.041,0.576,0.0409,1.36827,1.36321,1.36781,1.36151,0,0.0,0.4,0,1.36869,0.758,0.47,0,0.0,0.0,1.36859,0.0,0.0,0,0,1,0.403,0.4182,0.0254,0.418,1.0,2,0.641,2,0.068,1.3688,1.36795,0.048,0.666,0.0,2,0.25,0,0.641,0.9,3.0,0.3,0.34,0,1.36837,5,0.6,0.903,0.1,0.125,0.088,0.831,0.907,1.36818,1.36919,1.36342,-331860.3696,21641.1662,-1,1.36793,0.506,0.0,0.0,0.0,0.0,0,0.58,1,0,19435,0.705,0.59,0.444,17.0,17.0,0.1428,119.1,0.0,1,1,0.792,1.28023,1,1,0.425,1.21325,0,74.476,0.08,0.92,0.0,1.0,0.5,0.9,0.0,0.5,0.0,1.0,0.57,0.5,0.541,0.0,0.296,0.0,0,0,0.322,0.72,0.0,0.8,0.14,0.576,0.65,0.0,0.498,0.382,0.0,1.0,0.943
67067,2024.07.16 16:00:40,USDCADm,MEAN_REVERSION,BUY,4,1.36879,1.36842,1.37024,3.96,0.621,1.36869,1.37007,1.36837,1,0.041,0.576,-0.0598,1.36827,1.36321,1.36781,1.36151,0,0.0,0.4,0,1.36869,0.758,0.47,0,0.0,0.0,1.36859,0.0,0.0,0,0,1,0.403,0.4182,0.0254,0.418,1.0,2,0.641,2,0.068,1.3688,1.36795,0.149,0.565,0.0,2,0.25,0,0.641,0.9,3.0,0.3,0.34,0,1.37007,4,0.6,0.702,0.1,0.125,0.088,0.831,0.907,1.36818,1.36919,1.36342,-331860.3696,21641.1662,-1,1.36793,0.506,0.0,0.0,0.0,0.0,0,0.58,1,0,19435,0.705,0.59,0.444,17.0,17.0,0.1428,119.1,0.0,1,1,0.792,1.28023,1,1,0.425,1.21325,0,74.376,0.08,0.92,0.0,1.0,0.5,0.47,0.0,0.5,0.0,1.0,0.556,0.5,0.541,0.0,0.292,0.0,0,0,0.313,0.864,0.0,0.933,0.14,0.635,0.65,0.0,0.498,0.382,0.0,1.0,0.943
67068,2024.07.16 16:01:20,USDCADm,ANCHORED_PULLBACK,BUY,4,1.36887,1.36825,1.37007,1.95,0.459,1.36869,1.37007,1.36837,1,0.041,0.576,0.0073,1.36827,1.36321,1.36781,1.36151,0,0.0,0.4,0,1.36869,0.758,0.47,0,0.0,0.0,1.36859,0.0,0.0,0,0,1,0.403,0.4182,0.0254,0.418,1.0,2,0.641,2,0.068,1.3688,1.36795,0.082,0.632,0.0,2,0.25,0,0.641,0.9,3.0,0.3,0.34,0,1.37007,4,0.6,0.836,0.1,0.125,0.088,0.831,0.907,1.36818,1.36919,1.36342,-331860.3696,21641.1662,-1,1.36793,0.506,0.0,0.0,0.0,0.0,0,0.58,1,0,19435,0.705,0.59,0.444,17.0,17.0,0.1428,119.1,0.0,1,1,0.792,1.28023,1,1,0.425,1.21325,0,74.443,0.08,0.92,0.0,1.0,0.5,0.69,0.0,0.5,0.0,1.0,0.526,0.5,0.541,0.0,0.296,0.0,0,0,0.296,0.72,0.0,0.8,0.14,0.576,0.65,0.0,0.498,0.382,0.0,1.0,0.943
67072,2024.07.16 16:03:20,USDCADm,BREAKOUT,BUY,4,1.36892,1.36713,1.3719,1.67,0.206,1.36869,1.37007,1.36837,1,0.041,0.576,0.0493,1.36827,1.36321,1.36781,1.36151,0,0.0,0.4,0,1.36869,0.758,0.47,0,0.0,0.0,1.36859,0.0,0.0,0,0,1,0.403,0.4182,0.0254,0.418,1.0,2,0.641,2,0.068,1.3688,1.36795,0.04,0.674,0.0,2,0.25,0,0.641,0.9,3.0,0.3,0.34,0,1.36837,5,0.6,0.92,0.1,0.125,0.088,0.831,0.907,1.36818,1.36919,1.36342,-331860.3696,21641.1662,-1,1.36793,0.506,0.0,0.0,0.0,0.0,0,0.58,1,0,19435,0.705,0.59,0.444,17.0,17.0,0.1428,119.1,0.0,1,1,0.792,1.28023,1,1,0.425,1.21325,0,74.485,0.08,0.92,0.0,1.0,0.5,0.93,0.0,0.5,0.0,1.0,0.606,0.5,0.541,0.0,0.296,0.0,0,0,0.344,0.72,0.0,0.8,0.14,0.576,0.65,0.0,0.498,0.382,0.0,1.0,0.943
67074,2024.07.16 17:48:59,USDCADm,SWEEP_REVERSAL,BUY,3,1.3678,1.36659,1.36887,0.89,0.169,1.3687,1.36942,1.36825,0,0.21,0.004,-0.8887,1.36827,1.36321,1.36781,1.36151,1,0.0,0.45,0,1.3687,0.763,0.801,0,0.0,0.0,1.36843,0.0,0.0,0,0,1,0.498,0.5068,0.0102,0.507,0.109,0,0.763,1,0.209,1.36864,1.36818,0.835,0.46,0.0,2,0.15,0,0.763,1.301,3.0,0.434,0.443,1,1.3687,8,0.753,0.0,0.327,0.152,0.053,0.774,0.877,1.36818,1.36919,1.36342,-331860.3696,21641.1662,-1,1.36793,0.506,0.0,0.0,0.0,0.0,0,0.58,1,0,19436,0.705,0.59,0.444,17.0,17.0,0.1408,120.7,0.0,1,1,0.792,1.28023,1,1,0.425,1.21325,0,72.543,0.08,0.92,0.0,1.0,0.5,0.0,0.0,0.5,0.0,1.0,0.495,0.5,0.538,0.0,0.264,0.0,0,0,0.27,0.604,0.0,0.841,0.197,0.488,0.421,0.0,0.481,0.412,0.0,1.0,0.924
67076,2024.07.16 18:00:40,USDCADm,MEAN_REVERSION,BUY,3,1.36798,1.36699,1.36882,0.85,0.66,1.36865,1.36941,1.36835,0,0.678,0.013,-0.6763,1.36827,1.36321,1.36781,1.36151,0,0.0,0.45,0,1.36865,0.768,0.61,0,0.0,0.0,0.0,0.0,0.0,0,0,0,0.801,0.6941,0.0293,0.694,0.224,0,0.679,0,0.924,1.36871,1.36765,0.724,0.131,0.0,2,0.15,0,0.679,1.249,3.0,0.416,0.504,2,1.36865,8,0.754,0.0,0.293,0.208,0.237,0.761,0.813,1.36818,1.36919,1.36342,-331860.3696,21641.1662,-1,1.36793,0.506,0.0,0.0,0.0,0.0,0,0.58,1,0,19437,0.705,0.59,0.444,17.0,17.0,0.1375,123.6,0.0,1,1,0.792,1.28023,1,1,0.425,1.21325,0,70.971,0.08,0.92,0.0,1.0,0.5,0.99,0.0,0.5,0.0,1.0,0.355,0.5,0.565,0.0,0.301,0.0,0,0,0.377,0.423,0.0,0.813,0.194,0.475,0.489,0.0,0.465,0.412,0.0,1.0,0.946
67078,2024.07.16 19:49:40,USDCADm,SWEEP_REVERSAL,BUY,3,1.36757,1.36632,1.36887,1.04,0.165,1.3687,1.36938,1.3679,0,0.048,1.336,-1.038,1.36827,1.36321,1.36781,1.36151,1,0.0,0.6,0,1.3687,0.72,0.0,2,0.0,0.0,0.0,0.0,0.0,0,0,0,0.249,-0.401,-0.0145,0.401,0.265,0,0.8,0,0.717,1.36777,1.36833,0.297,0.741,0.0,2,0.0,0,0.8,1.231,3.0,0.41,0.517,2,1.3687,8,0.744,0.407,0.221,0.12,0.143,0.666,0.854,1.36818,1.36919,1.36342,-331860.3696,21641.1662,-1,1.36793,0.506,0.0,0.0,0.0,0.0,0,0.58,1,0,19438,0.705,0.59,0.444,17.0,17.0,0.1355,125.4,0.0,1,1,0.792,1.28023,1,1,0.425,1.21325,0,69.633,0.08,0.92,0.0,1.0,0.5,0.36,0.0,0.5,0.0,0.532,0.41,0.5,0.566,0.0,0.425,0.0,0,0,0.393,0.797,0.0,0.58,0.1,0.29,0.429,0.0,0.455,0.412,0.0,1.0,0.923
67080,2024.07.16 20:45:59,USDCADm,MEAN_REVERSION,BUY,3,1.36755,1.36652,1.36868,1.1,0.625,1.36763,1.36851,1.36737,1,0.503,0.02,-0.1934,1.36827,1.36272,1.36781,1.36151,1,0.0,0.55,0,1.36763,0.758,0.553,0,0.0,0.0,1.36741,0.0,0.0,0,0,0,0.75,-0.72,-0.0525,0.72,0.578,2,0.646,0,0.486,1.36773,1.36711,0.274,0.209,0.0,2,0.15,0,0.646,1.09,3.0,0.363,0.437,1,1.36851,4,0.6,0.452,0.187,0.216,0.15,0.884,0.904,1.36818,1.36919,1.36342,-325314.0097,6546.3599,-1,1.36793,0.518,0.0,0.0,0.0,0.0,0,0.599,1,0,19439,0.705,0.59,0.444,17.0,17.0,0.1315,129.3,0.0,1,1,0.792,1.28023,1,1,0.425,1.21325,0,67.54,0.057,0.943,0.0,1.0,0.5,0.98,0.0,0.5,0.0,1.0,0.562,0.5,0.558,0.0,0.336,0.0,0,0,0.339,0.726,0.0,0.803,0.181,0.362,0.46,0.0,0.451,0.394,0.0,1.0,0.712
67082,2024.07.16 22:58:40,USDCADm,MEAN_REVERSION,BUY,1,1.36715,1.36616,1.36796,0.82,0.633,1.36712,1.3677,1.36697,1,0.014,0.162,-0.1153,1.36827,1.36272,1.36781,1.36151,1,0.0,0.6,0,1.36779,0.734,0.093,0,0.0,0.0,0.0,0.0,0.0,0,0,0,0.9,-0.79,-0.2356,0.79,0.392,2,0.647,0,0.658,1.36712,1.36691,0.115,0.056,0.0,2,0.15,0,0.647,1.174,3.0,0.391,0.483,1,1.36779,8,0.747,0.769,0.242,0.237,0.184,1.0,0.933,1.36818,1.36919,1.36342,-325314.0097,6546.3599,-1,1.36793,0.518,0.0,0.0,0.0,0.0,0,0.599,1,0,19441,0.693,0.588,0.442,17.0,17.0,0.1378,123.4,0.0,1,1,0.792,1.28023,1,1,0.425,1.21325,1,70.462,0.057,0.943,0.0,1.0,1.0,0.0,0.0,0.5,0.0,0.325,0.497,0.5,0.869,0.0,0.417,0.0,0,0,0.429,0.606,0.0,0.579,0.0,0.143,0.471,0.0,0.462,0.394,0.0,1.0,0.695
67084,2024.07.17 03:08:40,USDCADm,MEAN_REVERSION,BUY,1,1.36726,1.36651,1.36788,0.83,0.62,1.36778,1.36808,1.36713,0,0.071,0.22,-0.7343,1.36848,1.36756,1.36974,1.36297,1,0.0,0.7,0,1.36771,0.631,0.355,0,0.0,0.0,0.0,0.0,0.0,0,0,0,1.0,-0.79,-0.0579,0.79,0.928,0,0.668,3,0.608,1.3671,1.36682,0.006,0.285,0.0,2,0.4,0,0.748,0.933,3.0,0.311,0.414,1,1.36771,8,0.726,0.987,0.182,0.237,0.14,0.819,0.943,1.36818,1.36919,1.36342,-322458.1006,2855.9091,-1,1.36793,0.521,0.0,0.0,0.0,0.0,0,0.606,1,0,19446,0.693,0.588,0.442,17.0,17.0,0.182,93.4,0.0,1,1,0.792,1.28023,1,1,0.425,1.21325,0,93.151,0.051,0.949,0.0,1.0,0.5,0.67,0.0,0.5,0.0,0.602,0.59,0.5,0.547,0.0,0.338,0.0,0,0,0.353,0.65,0.0,0.699,0.135,0.416,0.481,0.0,0.514,0.394,0.0,1.0,0.911
67086,2024.07.17 03:30:40,USDCADm,SWEEP_REVERSAL,BUY,1,1.36713,1.3662,1.36788,0.8,0.264,1.36778,1.36808,1.36713,0,0.071,0.22,-0.8734,1.36848,1.36756,1.36974,1.36297,1,0.0,0.7,0,1.36771,0.631,0.355,0,0.0,0.0,0.0,0.0,0.0,0,0,0,1.0,-0.79,-0.0579,0.79,0.522,0,0.668,3,0.608,1.3671,1.36682,0.146,0.146,0.0,2,0.4,0,0.748,1.115,3.0,0.372,0.435,1,1.36771,8,0.726,0.709,0.303,0.237,0.14,0.819,0.943,1.36818,1.36919,1.36342,-322458.1006,2855.9091,-1,1.36793,0.521,0.0,0.0,0.0,0.0,0,0.606,1,0,19446,0.693,0.588,0.442,17.0,17.0,0.182,93.4,0.0,1,1,0.792,1.28023,1,1,0.425,1.21325,0,93.012,0.051,0.949,0.0,1.0,0.5,0.0,0.0,0.5,0.0,0.817,0.484,0.5,0.5,0.0,0.268,0.0,0,0,0.267,0.579,0.0,0.777,0.159,0.416,0.421,0.0,0.498,0.394,0.0,1.0,0.861
67088,2024.07.17 06:00:00,USDCADm,ANCHORED_PULLBACK,BUY,1,1.36782,1.36758,1.36824,1.74,0.201,1.36723,1.36741,1.367,0,0.529,0.016,0.6578,1.36742,1.36756,1.36974,1.36345,1,0.0,0.5,0,1.36723,0.749,0.434,0,0.0,0.0,1.36722,0.0,0.0,0,0,0,0.11,0.0,0.0029,0.308,0.027,0,0.894,0,0.831,1.36725,1.3676,0.626,0.081,-0.3832,1,0.15,1,1.0,0.888,3.0,0.296,0.543,2,1.36723,8,0.75,0.0,0.652,0.0,0.219,0.868,0.918,1.36818,1.36919,1.36342,-340962.0253,-18503.9248,-2,1.36793,0.528,0.0,0.0,0.0,0.0,0,0.617,1,0,19449,0.693,0.588,0.442,17.0,17.0,0.2659,63.9,0.0,1,1,0.792,1.28023,1,1,0.425,1.21325,0,137.012,0.047,0.953,0.0,0.0,0.5,0.98,0.0,0.5,0.0,0.299,0.606,0.5,0.386,0.0,0.323,0.0,0,0,0.309,0.441,0.0,0.795,0.224,0.185,0.707,0.0,0.498,0.382,0.0,1.0,0.697
67090,2024.07.17 08:00:00,USDCADm,BREAKOUT_RETEST,BUY,2,1.36771,1.36748,1.36864,4.0,0.584,1.3673,1.36802,1.36712,1,0.236,0.67,0.3442,1.36742,1.36756,1.36974,1.36393,1,0.0,0.6,2,1.36805,0.78,0.504,0,0.0,0.0,1.36721,0.0,0.0,0,0,0,0.38,0.6146,0.0412,0.615,0.804,2,0.621,0,0.619,1.36734,1.36708,0.29,0.67,0.1645,0,0.3,2,0.965,1.438,3.0,0.479,0.558,2,1.3673,1,0.7,0.42,0.179,0.884,0.229,0.931,0.6,1.36818,1.37426,1.36342,-630319.9003,-289357.875,-2,1.36793,0.543,0.0,0.0,0.0,0.0,0,0.788,1,0,19451,0.684,0.592,0.443,17.0,17.0,0.2464,69.0,0.0,1,1,0.792,1.28023,1,1,0.425,1.21325,0,126.783,0.047,0.953,0.0,0.0,0.5,0.5,0.0,0.5,0.0,0.211,0.605,0.5,0.428,0.0,0.529,0.0,0,0,0.403,0.884,0.0,0.982,0.149,0.814,0.512,0.0,0.499,0.382,0.0,1.0,1.065
67092,2024.07.17 08:02:40,USDCADm,ANCHORED_PULLBACK,BUY,2,1.36755,1.36705,1.36802,0.92,0.449,1.3673,1.36802,1.36712,1,0.236,0.67,0.1123,1.36742,1.36756,1.36974,1.36393,1,0.0,0.6,2,1.36805,0.78,0.504,0,0.0,0.0,1.36721,0.0,0.0,0,0,0,0.38,0.6146,0.0412,0.615,0.931,2,0.623,0,0.619,1.36734,1.36708,0.058,0.438,0.0,2,0.0,0,0.703,0.931,3.0,0.31,0.478,1,1.36712,5,0.6,0.884,0.021,0.184,0.124,0.931,0.6,1.36818,1.37426,1.36342,-630319.9003,-289357.875,-2,1.36793,0.543,0.0,0.0,0.0,0.0,0,0.788,1,0,19451,0.684,0.592,0.443,17.0,17.0,0.2464,69.0,0.0,1,1,0.792,1.28023,1,1,0.425,1.21325,0,126.551,0.047,0.953,0.0,0.0,0.5,0.22,0.0,0.5,0.0,0.347,0.474,0.5,0.491,0.0,0.552,0.0,0,0,0.384,0.809,0.0,0.99,0.268,0.375,0.567,0.0,0.559,0.382,0.0,1.0,0.902
67093,2024.07.17 08:16:59,USDCADm,TREND_CONTINUATION,BUY,2,1.36734,1.36651,1.36822,1.07,0.344,1.3673,1.36802,1.36712,1,0.236,0.67,-0.192,1.36742,1.36756,1.36974,1.36393,1,0.0,0.6,2,1.36805,0.78,0.504,0,0.0,0.0,1.36721,0.0,0.0,0,0,0,0.38,0.6146,0.0412,0.615,0.708,2,0.623,0,0.619,1.36734,1.36708,0.246,0.134,0.0,2,0.0,0,0.703,1.031,3.0,0.344,0.49,1,1.36805,8,0.756,0.507,0.088,0.184,0.124,0.931,0.6,1.36818,1.37426,1.36342,-630319.9003,-289357.875,-2,1.36793,0.543,0.0,0.0,0.0,0.0,0,0.788,1,0,19451,0.684,0.592,0.443,17.0,17.0,0.2464,69.0,0.0,1,1,0.792,1.28023,1,1,0.425,1.21325,0,126.246,0.047,0.953,0.0,0.0,0.5,0.03,0.0,0.5,0.0,0.479,0.392,0.5,0.486,0.0,0.485,0.0,0,0,0.405,0.809,0.0,0.871,0.268,0.375,0.426,0.0,0.56,0.394,0.0,1.0,0.971
67094,2024.07.17 08:24:40,USDCADm,BREAKOUT,BUY,2,1.36775,1.36672,1.36948,1.67,0.238,1.3673,1.36802,1.36712,1,0.236,0.67,0.4022,1.36742,1.36756,1.36974,1.36393,1,0.0,0.6,2,1.36805,0.78,0.504,0,0.0,0.0,1.36721,0.0,0.0,0,0,0,0.38,0.6146,0.0412,0.615,0.576,2,0.623,0,0.619,1.36734,1.36708,0.348,0.728,0.0,2,0.0,0,0.703,1.091,3.0,0.364,0.497,1,1.3673,1,0.7,0.304,0.127,0.184,0.124,0.931,0.6,1.36818,1.37426,1.36342,-630319.9003,-289357.875,-2,1.36793,0.543,0.0,0.0,0.0,0.0,0,0.788,1,0,19451,0.684,0.592,0.443,17.0,17.0,0.2464,69.0,0.0,1,1,0.792,1.28023,1,1,0.425,1.21325,0,126.841,0.047,0.953,0.0,0.0,0.5,0.81,0.0,0.5,0.0,0.427,0.545,0.5,0.471,0.0,0.418,0.0,0,0,0.336,0.788,0.0,1.0,0.196,0.375,0.529,0.0,0.536,0.394,0.0,1.0,0.922
67097,2024.07.17 08:25:40,USDCADm,PULLBACK,BUY,2,1.36772,1.36669,1.36991,2.12,0.44,1.3673,1.36802,1.36712,1,0.236,0.67,0.3587,1.36742,1.36756,1.36974,1.36393,1,0.0,0.6,2,1.36805,0.78,0.504,0,0.0,0.0,1.36721,0.0,0.0,0,0,0,0.38,0.6146,0.0412,0.615,0.804,2,0.623,0,0.619,1.36734,1.36708,0.304,0.685,0.0,2,0.0,0,0.703,0.988,3.0,0.329,0.485,1,1.3673,1,0.7,0.391,0.059,0.184,0.124,0.931,0.6,1.36818,1.37426,1.36342,-630319.9003,-289357.875,-2,1.36793,0.543,0.0,0.0,0.0,0.0,0,0.788,1,0,19451,0.684,0.592,0.443,17.0,17.0,0.2464,69.0,0.0,1,1,0.792,1.28023,1,1,0.425,1.21325,0,126.797,0.047,0.953,0.0,0.0,0.5,0.75,0.0,0.5,0.0,0.333,0.545,0.5,0.472,0.0,0.426,0.0,0,0,0.339,0.809,0.0,0.99,0.167,0.375,0.52,0.0,0.56,0.394,0.0,1.0,0.971
67100,2024.07.17 08:43:40,USDCADm,SWEEP_REVERSAL,BUY,2,1.36672,1.36603,1.36747,1.09,0.157,1.3673,1.36802,1.36712,0,0.236,0.67,-1.0906,1.36742,1.36756,1.36974,1.36393,1,0.0,0.6,2,1.36805,0.78,0.504,0,0.0,0.0,1.36721,0.0,0.0,0,0,0,0.38,0.6146,0.0412,0.615,0.396,2,0.623,0,0.619,1.36734,1.36708,1.145,0.764,0.0,2,0.0,0,0.703,1.172,3.0,0.391,0.506,2,1.3673,1,0.7,0.0,0.181,0.184,0.124,0.931,0.6,1.36818,1.37426,1.36342,-630319.9003,-289357.875,-2,1.36793,0.543,0.0,0.0,0.0,0.0,0,0.788,1,0,19451,0.684,0.592,0.443,17.0,17.0,0.2464,69.0,0.0,1,1,0.792,1.28023,1,1,0.425,1.21325,0,125.348,0.047,0.953,0.0,0.0,0.5,0.0,0.0,0.5,0.0,0.275,0.353,0.5,0.473,0.0,0.538,0.0,0,0,0.445,0.708,0.0,0.22,0.22,0.43,0.304,0.0,0.536,0.394,0.0,1.0,1.004
67102,2024.07.17 09:21:40,USDCADm,MEAN_REVERSION,BUY,2,1.36665,1.36605,1.3675,1.41,0.718,1.36733,1.36808,1.36715,0,1.337,0.264,-1.1243,1.36746,1.36756,1.36926,1.36345,1,0.0,0.4,0,1.36733,0.775,0.544,0,0.0,0.0,1.36759,0.0,0.0,0,0,0,0.13,0.0,0.0046,0.147,0.089,0,0.742,2,0.026,1.36744,1.36658,1.278,0.128,0.0,2,0.4,0,0.822,1.31,3.0,0.437,0.405,1,1.36733,8,0.755,0.0,0.433,0.0,0.14,0.831,0.898,1.36818,1.37426,1.36342,-630319.9003,-289357.875,-2,1.36793,0.543,0.0,0.0,0.0,0.0,0,0.788,1,0,19452,0.684,0.592,0.443,17.0,17.0,0.2256,75.4,0.0,1,1,0.792,1.28023,1,1,0.425,1.21325,0,114.681,0.047,0.953,0.0,0.0,0.5,0.86,0.0,0.5,0.0,0.845,0.63,0.5,0.417,0.0,0.353,0.0,0,0,0.344,0.361,0.0,0.239,0.477,0.494,0.28,0.0,0.513,0.394,0.0,1.0,0.818
0,2024.07.17 12:07:40,USDCADm,ANCHORED_PULLBACK,BUY,2,1.3674,1.36732,1.36772,3.93,0.367,1.36642,1.36713,1.36594,0,0.116,0.823,0.9962,1.36727,1.3676,1.36927,1.36401,1,0.0,0.55,0,1.36642,0.703,0.353,0,0.0,0.0,1.36691,0.0,0.0,0,0,0,0.55,-0.58,-0.1179,0.58,0.402,0,0.716,0,0.654,1.36691,1.36773,0.393,0.613,0.0,2,0.25,0,0.796,1.169,3.0,0.39,0.47,1,1.36691,2,0.55,0.214,0.279,0.174,0.218,0.723,0.897,1.36818,1.37426,1.36342,-610780.9984,19538.9019,-1,1.36793,0.548,0.0,0.0,0.0,0.0,0,0.612,1,0,19455,0.684,0.592,0.443,17.0,17.0,0.2101,80.9,0.0,1,1,0.792,1.28023,1,1,0.425,1.21325,1,107.712,0.063,0.937,0.0,1.0,1.0,0.98,0.0,0.5,0.0,0.432,0.624,0.5,0.522,0.0,0.422,0.0,0,0,0.4,0.833,0.067,1.0,0.327,0.631,0.634,0.0,0.529,0.394,0.0,1.0,0.926
67104,2024.07.17 13:35:59,USDCADm,MEAN_REVERSION,BUY,4,1.36677,1.36646,1.36714,1.2,0.68,1.36697,1.36779,1.36637,1,0.022,0.537,-0.4405,1.36742,1.3676,1.36927,1.36449,1,0.0,0.65,0,1.36697,0.71,0.418,0,0.0,0.0,1.36767,0.0,0.0,0,0,0,0.6,-0.615,-0.0784,0.615,0.141,0,0.699,0,0.756,1.36643,1.36665,0.204,0.054,0.0,2,0.25,0,0.779,1.287,3.0,0.429,0.52,2,1.36697,8,0.742,0.592,0.358,0.185,0.239,0.942,0.83,1.36818,1.37426,1.36342,-610780.9984,19538.9019,-1,1.36793,0.548,0.0,0.0,0.0,0.0,0,0.612,1,0,19456,0.684,0.592,0.443,17.0,17.0,0.201,84.6,0.0,1,1,0.792,1.28023,1,1,0.425,1.21325,0,102.328,0.063,0.937,0.0,1.0,0.5,0.01,0.0,0.5,0.369,0.345,0.462,0.5,0.504,0.0,0.405,0.0,0,0,0.336,0.646,0.0,0.594,0.197,0.435,0.45,0.0,0.506,0.394,0.0,1.0,0.861
0,2024.07.17 16:00:00,USDCADm,ANCHORED_PULLBACK,BUY,4,1.36859,1.36843,1.36874,0.93,0.68,1.36707,1.36836,1.36623,0,0.308,0.424,1.3027,1.36745,1.36736,1.36937,1.36535,1,0.0,0.7,0,1.36707,0.744,0.113,0,0.0,0.0,1.36874,0.0,0.0,0,0,0,0.565,0.6118,0.0408,0.612,0.288,2,0.597,3,0.576,1.36874,1.36798,0.308,0.424,1.1264,0,0.0,2,1.0,1.67,3.0,0.557,0.626,2,1.36874,2,0.55,0.383,0.214,0.884,0.0,0.875,0.846,1.36818,1.37426,1.36342,-589425.0194,21355.979,-1,1.36793,0.577,0.0,0.0,0.0,0.0,0,0.778,1,0,19459,0.684,0.592,0.443,17.0,17.0,0.1638,103.8,0.0,1,1,0.792,1.28023,1,1,0.425,1.21325,0,85.137,0.065,0.935,0.0,1.0,0.5,0.0,0.0,0.5,0.0,0.706,0.533,0.5,0.45,0.0,0.386,0.0,0,0,0.309,0.718,0.554,1.0,0.364,1.0,0.437,0.0,0.435,0.382,0.0,1.0,1.093
67106,2024.07.17 16:02:00,USDCADm,BREAKOUT,BUY,4,1.36861,1.36713,1.3712,1.76,0.396,1.36707,1.36836,1.36623,0,0.308,0.424,1.322,1.36745,1.36736,1.36937,1.36535,1,0.0,0.7,0,1.36707,0.744,0.113,0,0.0,0.0,1.36874,0.0,0.0,0,0,0,0.565,0.6118,0.0408,0.612,0.288,0,0.653,3,0.576,1.36874,1.36798,0.289,0.443,0.0,2,0.0,0,0.733,1.22,3.0,0.407,0.507,2,1.36707,8,0.749,0.422,0.214,0.184,0.0,0.875,0.846,1.36818,1.37426,1.36342,-589425.0194,21355.979,-1,1.36793,0.577,0.0,0.0,0.0,0.0,0,0.778,1,0,19459,0.684,0.592,0.443,17.0,17.0,0.1638,103.8,0.0,1,1,0.792,1.28023,1,1,0.425,1.21325,0,85.156,0.065,0.935,0.0,1.0,0.5,0.14,0.0,0.5,0.0,0.841,0.541,0.5,0.469,0.0,0.385,0.0,0,0,0.32,0.683,0.801,1.0,0.383,0.858,0.433,0.0,0.486,0.382,0.0,1.0,1.013
67107,2024.07.17 16:02:40,USDCADm,TREND_CONTINUATION,BUY,4,1.36875,1.36713,1.37134,1.61,0.41,1.36707,1.36836,1.36623,0,0.308,0.424,1.4568,1.36745,1.36736,1.36937,1.36535,1,0.0,0.7,0,1.36707,0.744,0.113,0,0.0,0.0,1.36874,0.0,0.0,0,0,0,0.565,0.6118,0.0408,0.612,0.53,0,0.653,3,0.576,1.36874,1.36798,0.154,0.578,0.0,2,0.0,0,0.733,1.112,3.0,0.371,0.494,1,1.36707,8,0.749,0.692,0.141,0.184,0.0,0.875,0.846,1.36818,1.37426,1.36342,-589425.0194,21355.979,-1,1.36793,0.577,0.0,0.0,0.0,0.0,0,0.778,1,0,19459,0.684,0.592,0.443,17.0,17.0,0.1638,103.8,0.0,1,1,0.792,1.28023,1,1,0.425,1.21325,0,85.291,0.065,0.935,0.0,1.0,0.5,0.22,0.0,0.5,0.0,0.841,0.562,0.5,0.469,0.0,0.385,0.0,0,0,0.332,0.738,0.801,0.968,0.383,0.858,0.433,0.0,0.478,0.382,0.0,1.0,1.013
67110,2024.07.17 16:13:40,USDCADm,PULLBACK,BUY,4,1.36965,1.36881,1.37276,3.69,0.353,1.36707,1.36836,1.36623,0,0.308,0.424,2.324,1.36745,1.36736,1.36937,1.36535,0,0.0,0.7,0,1.36707,0.744,0.113,0,0.0,0.0,1.36874,0.0,0.0,0,0,0,0.565,0.6118,0.0408,0.612,0.173,0,0.653,3,0.576,1.36874,1.36798,0.713,1.445,0.0,2,0.0,0,0.733,1.272,3.0,0.424,0.513,2,1.36874,2,0.55,0.0,0.248,0.184,0.0,0.875,0.846,1.36818,1.37426,1.36342,-589425.0194,21355.979,-1,1.36793,0.577,0.0,0.0,0.0,0.0,0,0.778,1,0,19459,0.684,0.592,0.443,17.0,17.0,0.1638,103.8,0.0,1,1,0.792,1.28023,1,1,0.425,1.21325,0,86.158,0.065,0.935,0.0,1.0,0.5,0.99,0.0,0.5,0.0,0.862,0.668,0.5,0.466,0.0,0.384,0.0,0,0,0.394,0.493,0.0,0.416,0.399,0.927,0.871,0.0,0.476,0.382,0.0,1.0,1.058
67112,2024.07.17 17:00:00,USDCADm,BREAKOUT_RETEST,BUY,3,1.36943,1.36884,1.37175,3.92,0.744,1.36878,1.37008,1.36708,1,0.426,1.137,0.4264,1.36729,1.36748,1.36899,1.36511,0,0.0,0.75,0,1.36878,0.695,0.403,0,0.0,0.0,1.37,0.0,0.0,0,0,1,0.75,0.72,0.117,0.72,0.232,1,0.301,3,0.418,1.36868,1.36938,0.515,0.107,0.7746,0,0.3,2,1.0,1.696,3.0,0.565,0.565,2,1.36878,8,0.739,0.0,0.35,0.916,0.105,0.883,0.786,1.36818,1.37426,1.36342,-589425.0194,21355.979,-1,1.36793,0.577,0.0,0.0,0.0,0.0,0,0.778,1,0,19460,0.679,0.59,0.445,17.0,17.0,0.151,112.6,0.0,1,1,0.792,1.28023,1,1,0.425,1.21325,0,79.239,0.065,0.935,0.0,1.0,0.5,0.12,0.0,0.5,0.0,0.837,0.336,0.5,0.455,0.0,0.332,0.0,0,0,0.368,0.38,0.0,0.842,0.211,1.0,0.65,0.0,0.419,0.382,0.0,1.0,1.119
67114,2024.07.17 18:02:00,USDCADm,BREAKOUT,BUY,3,1.36944,1.36884,1.37016,1.2,0.265,1.36878,1.36991,1.36835,1,0.027,0.589,0.4361,1.36729,1.36765,1.36948,1.3654,1,0.0,0.45,0,1.36878,0.762,0.4,0,0.0,0.0,0.0,0.0,0.0,0,0,0,0.55,0.755,0.2511,0.755,0.938,2,0.622,2,0.118,1.36895,1.36999,0.282,0.642,0.0,2,0.0,0,0.702,0.928,3.0,0.309,0.4,1,1.36878,8,0.752,0.436,0.019,0.226,0.0,0.815,0.857,1.36818,1.37426,1.36342,-589425.0194,21355.979,-1,1.36793,0.577,0.0,0.0,0.0,0.0,0,0.778,1,0,19461,0.679,0.59,0.445,17.0,17.0,0.1509,112.6,0.0,1,1,0.792,1.28023,1,1,0.425,1.21325,0,79.197,0.065,0.935,0.0,1.0,0.5,0.41,0.0,0.5,0.0,0.659,0.453,0.5,0.533,0.0,0.294,0.0,0,0,0.306,0.768,0.0,0.624,0.201,0.559,0.568,0.0,0.486,0.382,0.0,1.0,0.98
67116,2024.07.17 18:04:59,USDCADm,TREND_CONTINUATION,BUY,3,1.36961,1.36826,1.37243,2.08,0.398,1.36878,1.36991,1.36835,1,0.027,0.589,0.587,1.36729,1.36765,1.36948,1.3654,1,0.0,0.45,0,1.36878,0.762,0.4,0,0.0,0.0,0.0,0.0,0.0,0,0,0,0.55,0.755,0.2511,0.755,0.578,2,0.622,2,0.118,1.36895,1.36999,0.433,0.491,0.0,2,0.0,0,0.702,1.09,3.0,0.363,0.419,1,1.36878,8,0.752,0.134,0.127,0.226,0.0,0.815,0.857,1.36818,1.37426,1.36342,-589425.0194,21355.979,-1,1.36793,0.577,0.0,0.0,0.0,0.0,0,0.778,1,0,19461,0.679,0.59,0.445,17.0,17.0,0.1509,112.6,0.0,1,1,0.792,1.28023,1,1,0.425,1.21325,0,79.348,0.065,0.935,0.0,1.0,0.5,0.98,0.0,0.5,0.0,0.93,0.523,0.5,0.533,0.0,0.278,0.0,0,0,0.285,0.697,0.0,0.473,0.236,0.559,0.589,0.0,0.468,0.382,0.0,1.0,0.931
67118,2024.07.17 18:13:40,USDCADm,PULLBACK,BUY,3,1.36932,1.36884,1.37016,1.74,0.485,1.36878,1.36991,1.36835,1,0.027,0.589,0.3296,1.36729,1.36765,1.36948,1.3654,1,0.0,0.45,0,1.36878,0.762,0.4,0,0.0,0.0,0.0,0.0,0.0,0,0,0,0.55,0.755,0.2511,0.755,0.784,2,0.622,2,0.118,1.36895,1.36999,0.176,0.749,0.0,2,0.0,0,0.702,0.997,3.0,0.332,0.409,1,1.36878,8,0.752,0.649,0.065,0.226,0.0,0.815,0.857,1.36818,1.37426,1.36342,-589425.0194,21355.979,-1,1.36793,0.577,0.0,0.0,0.0,0.0,0,0.778,1,0,19461,0.679,0.59,0.445,17.0,17.0,0.1509,112.6,0.0,1,1,0.792,1.28023,1,1,0.425,1.21325,0,79.091,0.065,0.935,0.0,1.0,0.5,0.3,0.0,0.5,0.0,0.622,0.469,0.5,0.499,0.0,0.327,0.0,0,0,0.299,0.812,0.0,0.624,0.221,0.637,0.552,0.0,0.486,0.382,0.0,1.0,0.98
67120,2024.07.17 19:00:00,USDCADm,BREAKOUT_RETEST,BUY,3,1.36905,1.3687,1.36962,1.63,0.455,1.36895,1.36945,1.36863,1,0.019,0.409,-0.0592,1.36729,1.36765,1.36948,1.36581,1,0.0,0.45,0,1.36895,0.746,0.577,0,0.0,0.0,0.0,0.0,0.0,0,0,0,0.6,0.79,0.3202,0.79,0.93,0,0.728,0,0.45,1.3689,1.36841,0.02,0.409,0.0,2,0.0,0,0.808,0.931,3.0,0.31,0.481,1,1.36945,4,0.6,0.96,0.021,0.237,0.09,0.912,0.846,1.36818,1.37426,1.36342,-589425.0194,21355.979,-1,1.36793,0.577,0.0,0.0,0.0,0.0,0,0.778,1,0,19462,0.679,0.59,0.445,17.0,17.0,0.1465,116.1,0.0,1,1,0.792,1.28023,1,1,0.425,1.21325,0,76.522,0.065,0.935,0.0,1.0,0.5,0.52,0.0,0.5,0.0,0.672,0.576,0.5,0.52,0.0,0.319,0.0,0,0,0.33,0.813,0.0,0.871,0.283,0.272,0.513,0.0,0.478,0.382,0.0,1.0,0.947
67122,2024.07.17 20:02:40,USDCADm,BREAKOUT,BUY,3,1.36909,1.36733,1.37202,1.67,0.309,1.36897,1.36955,1.36857,1,0.161,0.295,-0.0406,1.36729,1.36765,1.36948,1.36581,1,0.0,0.55,0,1.36897,0.742,0.189,0,0.0,0.0,0.0,0.0,0.0,0,0,0,0.65,0.65,0.2989,0.65,0.911,0,0.755,0,0.656,1.36897,1.36839,0.041,0.454,0.0,2,0.4,0,0.835,0.94,3.0,0.313,0.457,1,1.36857,5,0.6,0.919,0.187,0.195,0.271,0.935,0.771,1.36818,1.37426,1.36342,-609799.0354,-20374.0159,-2,1.36793,0.572,0.0,0.0,0.0,0.0,0,0.604,1,0,19463,0.679,0.59,0.445,17.0,17.0,0.1452,117.1,0.0,1,1,0.792,1.28023,1,1,0.425,1.21325,0,75.902,0.047,0.953,0.0,0.0,0.5,0.97,0.0,0.5,0.0,0.636,0.518,0.5,0.551,0.0,0.425,0.0,0,0,0.346,0.747,0.0,0.921,0.281,0.378,0.518,0.0,0.477,0.382,0.0,1.0,0.86
67124,2024.07.17 20:04:40,USDCADm,MEAN_REVERSION,BUY,3,1.36893,1.36799,1.36972,0.84,0.682,1.36897,1.36955,1.36857,1,0.161,0.295,-0.1772,1.36729,1.36765,1.36948,1.36581,1,0.0,0.55,0,1.36897,0.742,0.189,0,0.0,0.0,0.0,0.0,0.0,0,0,0,0.65,0.65,0.2989,0.65,0.803,0,0.755,0,0.656,1.36897,1.36839,0.177,0.317,0.0,2,0.4,0,0.835,0.989,3.0,0.33,0.463,1,1.36955,4,0.6,0.646,0.219,0.195,0.271,0.935,0.771,1.36818,1.37426,1.36342,-609799.0354,-20374.0159,-2,1.36793,0.572,0.0,0.0,0.0,0.0,0,0.604,1,0,19463,0.679,0.59,0.445,17.0,17.0,0.1452,117.1,0.0,1,1,0.792,1.28023,1,1,0.425,1.21325,0,75.766,0.047,0.953,0.0,0.0,0.5,0.68,0.0,0.5,0.0,0.636,0.5,0.5,0.551,0.0,0.386,0.0,0,0,0.32,0.726,0.0,1.0,0.281,0.378,0.504,0.0,0.477,0.382,0.0,1.0,0.947
67126,2024.07.17 22:04:40,USDCADm,BREAKOUT_RETEST,BUY,1,1.36862,1.3683,1.36906,1.37,0.614,1.36889,1.36908,1.36841,1,0.328,0.74,-0.4097,1.36729,1.36823,1.36956,1.36613,1,0.0,0.45,0,1.36897,0.731,0.085,0,0.0,0.0,0.0,0.0,0.0,0,0,0,1.0,0.72,0.1777,0.72,0.522,0,0.693,0,0.849,1.36885,1.3683,0.375,0.14,0.0,2,0.25,0,0.773,1.115,3.0,0.372,0.497,1,1.36889,1,0.7,0.249,0.243,0.216,0.257,0.836,0.764,1.36818,1.37426,1.36342,-609799.0354,-20374.0159,-2,1.36793,0.572,0.0,0.0,0.0,0.0,0,0.604,1,0,19465,0.679,0.59,0.445,17.0,32.0,0.1579,107.6,0.0,1,1,0.792,1.28023,1,1,0.425,1.21325,0,82.114,0.047,0.953,0.0,0.0,0.5,0.99,0.0,0.5,0.0,0.985,0.548,0.5,0.547,0.0,0.15,0.0,0,0,0.253,0.737,0.0,1.0,0.197,0.231,0.465,0.0,0.462,0.412,0.0,1.0,0.969
67128,2024.07.17 22:16:59,USDCADm,MEAN_REVERSION,BUY,1,1.36843,1.36757,1.36914,0.82,0.659,1.36889,1.36908,1.36841,0,0.328,0.74,-0.5862,1.36729,1.36823,1.36956,1.36613,1,0.0,0.45,0,1.36897,0.731,0.085,0,0.0,0.0,0.0,0.0,0.0,0,0,0,1.0,0.72,0.1777,0.72,0.658,0,0.693,0,0.849,1.36885,1.3683,0.552,0.036,0.0,2,0.25,0,0.773,1.054,3.0,0.351,0.489,1,1.36897,8,0.746,0.0,0.203,0.216,0.257,0.836,0.764,1.36818,1.37426,1.36342,-609799.0354,-20374.0159,-2,1.36793,0.572,0.0,0.0,0.0,0.0,0,0.604,1,0,19465,0.679,0.59,0.445,17.0,20.2,0.1579,107.6,0.0,1,1,0.792,1.28023,1,1,0.425,1.21325,0,81.938,0.047,0.953,0.0,0.0,0.5,0.29,0.0,0.5,0.0,0.834,0.419,0.5,0.57,0.0,0.23,0.0,0,0,0.312,0.753,0.0,1.0,0.185,0.254,0.509,0.0,0.455,0.412,0.0,1.0,1.106
67130,2024.07.17 22:57:40,USDCADm,SWEEP_REVERSAL,BUY,1,1.36815,1.36707,1.36914,0.92,0.268,1.36889,1.36908,1.36841,0,0.328,0.74,-0.8463,1.36729,1.36823,1.36956,1.36613,1,0.0,0.45,0,1.36897,0.731,0.085,0,0.0,0.0,0.0,0.0,0.0,0,0,0,1.0,0.72,0.1777,0.72,0.174,0,0.693,0,0.849,1.36885,1.3683,0.812,0.296,0.0,2,0.25,0,0.773,1.272,3.0,0.424,0.515,2,1.36897,8,0.746,0.0,0.348,0.216,0.257,0.836,0.764,1.36818,1.37426,1.36342,-609799.0354,-20374.0159,-2,1.36793,0.572,0.0,0.0,0.0,0.0,0,0.604,1,0,19465,0.679,0.59,0.445,17.0,17.0,0.1579,107.6,0.0,1,1,0.792,1.28023,1,1,0.425,1.21325,0,81.678,0.047,0.953,0.0,0.0,0.5,0.0,0.0,0.5,0.0,0.656,0.301,0.5,0.579,0.0,0.27,0.0,0,0,0.401,0.651,0.0,1.0,0.217,0.184,0.423,0.0,0.44,0.412,0.0,1.0,1.055
67132,2024.07.18 00:00:20,USDCADm,NAKED_POC,BUY,1,1.36801,1.36766,1.36951,4.24,0.519,1.36823,1.36846,1.36781,1,0.001,0.198,-0.3928,1.36751,1.36823,1.36956,1.36613,1,0.0,0.5,0,1.36784,0.767,0.0,2,0.0,0.0,0.0,1.36822,0.384,0,0,0,0.263,-0.4103,-0.0157,0.41,0.723,0,0.788,1,0.086,1.36787,1.36764,0.032,0.198,0.0,2,0.15,0,0.868,0.134,0.393,0.342,0.331,0,1.36823,1,0.7,0.936,0.143,0.123,0.053,0.876,0.933,1.36818,1.37426,1.36342,-651150.2146,-41351.1792,-2,1.36793,0.577,0.0,0.0,0.0,0.0,0,0.827,1,0,19467,0.679,0.59,0.445,17.0,17.0,0.1702,99.9,0.0,1,1,0.792,1.28023,1,1,0.425,1.21325,0,87.906,0.047,0.953,0.0,0.0,0.5,0.08,0.0,0.5,0.0,0.353,0.531,0.5,0.609,0.0,0.642,0.0,0,0,0.458,0.76,0.0,1.0,0.311,0.325,0.484,0.0,0.459,0.412,0.0,1.0,0.81
0,2024.07.18 01:00:00,USDCADm,ANCHORED_PULLBACK,BUY,1,1.36832,1.36829,1.36867,9.98,0.367,1.3678,1.36817,1.3677,1,0.227,0.177,0.3612,1.36751,1.36823,1.36956,1.36613,1,0.0,0.55,0,1.3678,0.8,0.472,0,0.0,0.0,1.36783,1.36822,0.076,0,0,0,0.5,-0.72,-0.1492,0.72,0.576,2,0.41,0,0.357,1.36787,1.36838,0.294,0.244,-0.1897,1,0.45,5,1.0,0.095,0.361,0.264,0.343,0,1.3678,8,0.76,0.412,0.607,0.216,0.529,0.836,0.877,1.36818,1.37426,1.36342,-651150.2146,-41351.1792,-2,1.36793,0.577,0.0,0.0,0.0,0.0,0,0.827,1,0,19468,0.679,0.59,0.445,17.0,17.0,0.1772,95.9,0.0,1,1,0.792,1.28023,1,1,0.425,1.21325,0,91.829,0.047,0.953,0.0,0.0,0.5,0.84,0.0,0.5,0.0,0.667,0.743,0.5,0.577,0.0,0.491,0.0,0,0,0.515,0.566,0.0,0.887,0.227,0.293,0.593,0.0,0.418,0.412,0.0,1.0,0.602
67134,2024.07.18 03:27:40,USDCADm,MEAN_REVERSION,BUY,1,1.36786,1.3671,1.36853,0.88,0.639,1.36781,1.36836,1.36773,0,0.053,0.297,-0.129,1.36773,1.36823,1.36918,1.36613,1,0.0,0.55,2,1.36781,0.778,0.342,0,0.0,0.0,1.36798,0.0,0.0,0,0,0,0.6,-0.615,-0.1744,0.615,0.183,2,0.639,0,0.549,1.36781,1.36767,0.129,0.023,0.0,2,0.4,0,0.719,1.268,3.0,0.423,0.461,1,1.36836,4,0.6,0.742,0.405,0.185,0.25,1.0,0.833,1.36818,1.37426,1.36342,-651150.2146,-41351.1792,-2,1.36793,0.577,0.0,0.0,0.0,0.0,0,0.827,1,0,19470,0.679,0.596,0.443,17.0,17.0,0.1783,95.4,0.0,1,1,0.792,1.28023,1,1,0.425,1.21325,0,91.897,0.047,0.953,0.0,0.0,0.5,0.0,0.0,0.5,0.0,1.0,0.368,0.5,0.523,0.0,0.246,0.0,0,0,0.334,0.694,0.0,1.0,0.398,0.318,0.456,0.0,0.473,0.412,0.0,1.0,0.859
67136,2024.07.18 05:32:40,USDCADm,MEAN_REVERSION,BUY,1,1.36796,1.36739,1.36846,0.87,0.612,1.36794,1.36837,1.36786,0,0.005,0.314,-0.2147,1.36773,1.36823,1.36918,1.36613,1,0.0,0.45,0,1.36829,0.71,0.364,0,0.0,0.0,0.0,0.0,0.0,0,0,0,0.7,-0.86,-0.1128,0.86,0.168,2,0.602,0,0.567,1.36794,1.36772,0.215,0.104,0.0,2,0.0,0,0.682,1.275,3.0,0.425,0.495,1,1.36829,8,0.742,0.571,0.25,0.258,0.113,0.84,0.903,1.36818,1.37426,1.36342,-650312.9018,837.3127,-1,1.36793,0.588,0.0,0.0,0.0,0.0,0,0.804,1,0,19472,0.679,0.596,0.443,17.0,17.0,0.2378,71.5,0.0,1,1,0.792,1.28023,1,1,0.425,1.21325,-1,122.699,0.048,0.952,0.0,1.0,0.0,0.39,0.0,0.5,0.0,0.374,0.436,0.5,0.509,0.0,0.271,0.0,0,0,0.3,0.679,0.0,1.0,0.33,0.261,0.442,0.0,0.503,0.412,0.0,1.0,0.856
67138,2024.07.18 06:19:40,USDCADm,SWEEP_REVERSAL,BUY,1,1.3675,1.36681,1.36812,0.9,0.211,1.36795,1.36808,1.36771,0,0.009,0.369,-0.8975,1.36773,1.36823,1.36918,1.36613,1,0.0,0.35,0,1.36795,0.663,0.732,0,0.0,0.0,0.0,0.0,0.0,0,0,0,0.75,-0.72,-0.0603,0.72,0.047,0,0.741,1,0.332,1.36792,1.36764,0.86,0.444,0.0,2,0.25,0,0.821,1.329,3.0,0.443,0.458,1,1.36795,8,0.733,0.0,0.386,0.216,0.088,0.755,0.956,1.36818,1.37426,1.36342,-650312.9018,837.3127,-1,1.36793,0.588,0.0,0.0,0.0,0.0,0,0.804,1,0,19473,0.679,0.596,0.443,17.0,17.0,0.2469,68.9,0.0,1,1,0.792,1.28023,1,1,0.425,1.21325,-1,126.741,0.048,0.952,0.0,1.0,0.0,0.0,0.0,0.5,0.0,0.374,0.387,0.5,0.508,0.0,0.453,0.0,0,0,0.401,0.663,0.0,0.898,0.33,0.166,0.362,0.0,0.507,0.412,0.0,1.0,0.858
67140,2024.07.18 07:32:40,USDCADm,MEAN_REVERSION,BUY,1,1.36758,1.36708,1.36812,1.08,0.598,1.36795,1.36803,1.3676,0,1.02,0.014,-0.8636,1.36773,1.36823,1.36918,1.36651,1,0.0,0.4,2,1.36795,0.726,0.372,0,0.0,0.0,1.36752,0.0,0.0,0,0,0,1.0,-0.8485,-0.0398,0.848,0.115,2,0.617,2,0.3,1.36779,1.36719,0.605,0.343,0.0,2,0.15,0,0.697,1.298,3.0,0.433,0.427,1,1.36795,8,0.745,0.0,0.325,0.255,0.053,0.69,0.951,1.36818,1.37426,1.36342,-650312.9018,837.3127,-1,1.36793,0.588,0.0,0.0,0.0,0.0,0,0.804,1,0,19474,0.679,0.596,0.443,17.0,17.0,0.2714,62.6,0.0,1,1,0.792,1.28023,1,1,0.425,1.21325,-1,139.441,0.048,0.952,0.0,1.0,0.0,0.37,0.0,0.5,0.0,0.505,0.484,0.5,0.502,0.0,0.502,0.0,0,0,0.361,0.482,0.0,1.0,0.374,0.262,0.401,0.0,0.517,0.394,0.0,1.0,0.795
67142,2024.07.18 08:19:40,USDCADm,SWEEP_REVERSAL,BUY,2,1.3674,1.36677,1.36812,1.14,0.153,1.36795,1.36803,1.36738,0,0.017,0.411,-1.1444,1.36773,1.36785,1.36918,1.36651,1,0.0,0.6,2,1.36741,0.769,0.272,0,0.0,0.0,1.36739,0.0,0.0,0,0,0,1.0,-0.965,-0.0665,0.965,0.4,2,0.534,0,0.664,1.36741,1.36714,0.287,0.141,0.0,2,0.0,0,0.614,1.17,3.0,0.39,0.481,1,1.36795,1,0.7,0.425,0.18,0.29,0.133,0.864,0.828,1.36818,1.37426,1.36342,-648367.5214,1945.3805,-1,1.36793,0.598,0.0,0.0,0.0,0.0,0,0.814,1,0,19475,0.679,0.596,0.443,17.0,17.0,0.2698,63.0,0.0,1,1,0.792,1.28023,1,1,0.425,1.21325,-1,138.365,0.048,0.952,0.0,1.0,0.0,0.36,0.0,0.5,0.0,0.607,0.519,0.5,0.479,0.0,0.477,0.0,0,0,0.346,0.91,0.0,0.968,0.412,0.508,0.443,0.0,0.503,0.394,0.0,1.0,0.945
67144,2024.07.18 12:00:00,USDCADm,BREAKOUT,BUY,2,1.36806,1.36759,1.36954,3.17,0.624,1.36742,1.36781,1.36722,0,0.69,0.008,0.7895,1.36758,1.36751,1.36902,1.36667,1,0.0,0.5,0,1.36742,0.761,0.421,0,0.0,0.0,0.0,0.0,0.0,0,0,0,1.0,-0.825,-0.1313,0.825,0.184,2,0.647,1,0.012,1.36739,1.36789,0.839,0.008,0.3884,0,0.4,2,1.0,1.717,3.0,0.572,0.494,1,1.36742,8,0.752,0.0,0.405,0.947,0.14,0.82,0.794,1.36818,1.36767,1.36342,-256727.0375,391640.4839,-1,1.36793,0.608,0.0,0.0,0.0,0.0,0,0.858,1,0,19479,0.679,0.596,0.443,17.0,17.0,0.2871,59.2,0.0,1,1,0.792,1.28023,1,1,0.425,1.21325,0,148.326,0.547,0.453,0.0,1.0,0.5,0.47,0.0,0.5,0.0,0.484,0.459,0.5,0.404,0.0,0.308,0.0,0,0,0.269,0.407,0.0,1.0,0.202,0.694,0.602,0.0,0.436,0.412,0.0,1.0,0.822
67146,2024.07.18 14:00:00,USDCADm,BREAKOUT,BUY,4,1.36878,1.36827,1.37039,3.15,0.261,1.36803,1.36823,1.3676,0,0.695,0.162,0.8169,1.36768,1.36773,1.36914,1.36694,1,0.0,0.4,0,1.36803,0.705,0.364,0,0.0,0.0,0.0,0.0,0.0,0,0,0,0.182,0.0,0.0089,0.181,0.2,0,0.796,1,0.109,1.36799,1.36866,0.878,0.162,0.0844,0,0.4,0,0.876,1.26,3.0,0.42,0.424,1,1.36803,8,0.741,0.0,0.4,0.3,0.14,0.836,0.894,1.36818,1.36767,1.36342,-256727.0375,391640.4839,-1,1.36793,0.608,0.0,0.0,0.0,0.0,0,0.858,1,0,19481,0.685,0.593,0.442,22.0,22.0,0.3407,64.6,0.0,1,1,0.792,1.28023,1,1,0.425,1.21325,0,137.135,0.547,0.453,0.0,1.0,0.5,0.25,0.0,0.5,0.0,0.374,0.397,0.5,0.399,0.0,0.662,0.0,0,0,0.446,0.53,0.735,0.542,0.33,0.433,0.797,0.0,0.496,0.412,0.0,1.0,0.873
67148,2024.07.18 16:00:00,USDCADm,BREAKOUT,BUY,4,1.36977,1.36909,1.37155,2.62,0.564,1.36805,1.36915,1.36779,0,0.853,0.179,2.18,1.36775,1.36778,1.36892,1.36688,0,0.0,0.65,2,1.36805,0.695,0.203,0,0.0,0.0,1.36955,0.0,0.0,0,0,1,0.75,0.72,0.2555,0.72,0.475,2,0.542,3,0.371,1.36894,1.36973,0.927,0.179,0.4423,0,0.15,2,1.0,1.586,3.0,0.529,0.557,2,1.36894,2,0.55,0.0,0.217,0.916,0.053,0.784,0.857,1.36818,1.36919,1.36342,-341682.8753,-84955.8377,-2,1.36793,0.604,0.0,0.0,0.0,0.0,0,0.378,1,0,19483,0.685,0.593,0.442,17.0,17.0,0.2387,71.2,0.0,1,1,0.792,1.28023,1,1,0.425,1.21325,0,125.733,0.047,0.953,0.0,0.0,0.5,0.85,0.0,0.5,0.0,0.796,0.609,0.5,0.443,0.0,0.545,0.0,0,0,0.417,0.353,0.0,0.757,0.43,1.0,0.725,0.0,0.416,0.412,0.0,1.0,1.032
67149,2024.07.18 16:00:20,USDCADm,PULLBACK,BUY,4,1.36983,1.36876,1.37197,2.0,0.387,1.36805,1.36915,1.36779,0,0.853,0.179,2.2643,1.36775,1.36778,1.36892,1.36688,0,0.0,0.65,2,1.36805,0.695,0.203,0,0.0,0.0,1.36955,0.0,0.0,0,0,1,0.75,0.72,0.2555,0.72,0.475,2,0.542,3,0.371,1.36894,1.36973,1.011,0.095,0.0,2,0.15,0,0.542,1.136,3.0,0.379,0.39,1,1.36894,2,0.55,0.0,0.217,0.216,0.053,0.784,0.857,1.36818,1.36919,1.36342,-341682.8753,-84955.8377,-2,1.36793,0.604,0.0,0.0,0.0,0.0,0,0.378,1,0,19483,0.685,0.593,0.442,17.0,17.0,0.2387,71.2,0.0,1,1,0.792,1.28023,1,1,0.425,1.21325,0,125.817,0.047,0.953,0.0,0.0,0.5,0.97,0.0,0.5,0.0,0.948,0.616,0.5,0.48,0.0,0.545,0.0,0,0,0.432,0.346,0.0,0.574,0.43,0.903,0.864,0.0,0.462,0.412,0.0,1.0,0.945
67150,2024.07.18 16:00:20,USDCADm,TREND_CONTINUATION,BUY,4,1.36983,1.36898,1.37161,2.08,0.455,1.36805,1.36915,1.36779,0,0.853,0.179,2.2643,1.36775,1.36778,1.36892,1.36688,0,0.0,0.65,2,1.36805,0.695,0.203,0,0.0,0.0,1.36955,0.0,0.0,0,0,1,0.75,0.72,0.2555,0.72,0.475,2,0.542,3,0.371,1.36894,1.36973,1.011,0.095,0.0,2,0.15,0,0.542,1.136,3.0,0.379,0.39,1,1.36894,2,0.55,0.0,0.217,0.216,0.053,0.784,0.857,1.36818,1.36919,1.36342,-341682.8753,-84955.8377,-2,1.36793,0.604,0.0,0.0,0.0,0.0,0,0.378,1,0,19483,0.685,0.593,0.442,17.0,17.0,0.2387,71.2,0.0,1,1,0.792,1.28023,1,1,0.425,1.21325,0,125.817,0.047,0.953,0.0,0.0,0.5,0.96,0.0,0.5,0.0,0.948,0.616,0.5,0.48,0.0,0.545,0.0,0,0,0.432,0.346,0.0,0.574,0.43,0.903,0.864,0.0,0.462,0.412,0.0,1.0,0.945
67153,2024.07.18 16:00:59,USDCADm,ANCHORED_PULLBACK,BUY,4,1.36977,1.36934,1.37102,2.89,0.516,1.36805,1.36915,1.36779,0,0.853,0.179,2.18,1.36775,1.36778,1.36892,1.36688,0,0.0,0.65,2,1.36805,0.695,0.203,0,0.0,0.0,1.36955,0.0,0.0,0,0,1,0.75,0.72,0.2555,0.72,0.475,2,0.542,3,0.371,1.36894,1.36973,0.927,0.179,0.0,2,0.15,0,0.542,1.136,3.0,0.379,0.39,1,1.36894,2,0.55,0.0,0.217,0.216,0.053,0.784,0.857,1.36818,1.36919,1.36342,-341682.8753,-84955.8377,-2,1.36793,0.604,0.0,0.0,0.0,0.0,0,0.378,1,0,19483,0.685,0.593,0.442,17.0,17.0,0.2387,71.2,0.0,1,1,0.792,1.28023,1,1,0.425,1.21325,0,125.733,0.047,0.953,0.0,0.0,0.5,0.82,0.0,0.5,0.0,0.948,0.605,0.5,0.48,0.0,0.545,0.0,0,0,0.425,0.346,0.0,0.574,0.43,0.903,0.864,0.0,0.462,0.412,0.0,1.0,0.945
67156,2024.07.18 17:04:40,USDCADm,BREAKOUT_RETEST,BUY,3,1.3697,1.36948,1.37009,1.83,0.526,1.36963,1.36992,1.36864,1,0.34,0.992,-0.1401,1.36767,1.36778,1.36892,1.36688,0,0.0,0.55,2,1.36951,0.732,0.488,0,0.0,0.0,1.36974,0.0,0.0,0,0,1,0.825,0.755,0.3587,0.755,0.955,2,0.563,0,0.428,1.36957,1.36998,0.059,0.63,0.0,2,0.0,0,0.563,0.92,3.0,0.307,0.426,1,1.36992,4,0.6,0.883,0.014,0.226,0.086,0.994,0.881,1.36818,1.36919,1.36342,-341682.8753,-84955.8377,-2,1.36793,0.604,0.0,0.0,0.0,0.0,0,0.378,1,0,19484,0.685,0.593,0.442,17.0,17.0,0.2371,71.7,0.0,1,1,0.792,1.28023,1,1,0.425,1.21325,0,124.759,0.047,0.953,0.0,0.0,0.5,0.42,0.0,0.5,0.0,0.772,0.355,0.5,0.493,0.0,0.294,0.0,0,0,0.352,0.731,0.0,0.642,0.343,0.786,0.461,0.0,0.488,0.412,0.0,1.0,0.979
67158,2024.07.18 18:00:00,USDCADm,BREAKOUT,BUY,3,1.36992,1.36881,1.37176,1.67,0.293,1.36955,1.36977,1.36897,1,0.153,0.333,0.2744,1.36767,1.36778,1.36918,1.36714,0,0.0,0.45,0,1.36955,0.782,0.785,0,0.0,0.0,1.36974,0.0,0.0,0,0,1,0.6,0.79,0.4029,0.79,0.511,2,0.64,0,0.415,1.36955,1.37,0.274,0.333,0.0,2,0.0,0,0.64,1.12,3.0,0.373,0.451,1,1.36897,5,0.6,0.451,0.147,0.237,0.083,0.871,0.924,1.36818,1.36919,1.36342,-341682.8753,-84955.8377,-2,1.36793,0.604,0.0,0.0,0.0,0.0,0,0.378,1,0,19485,0.685,0.593,0.442,17.0,17.0,0.2306,73.7,0.0,1,1,0.792,1.28023,1,1,0.425,1.21325,0,121.672,0.047,0.953,0.0,0.0,0.5,0.8,0.0,0.5,0.0,0.917,0.533,0.5,0.45,0.0,0.339,0.0,0,0,0.29,0.726,0.0,0.57,0.441,0.441,0.652,0.0,0.465,0.412,0.0,1.0,0.97
67159,2024.07.18 18:00:20,USDCADm,PULLBACK,BUY,3,1.36987,1.36876,1.37208,2.0,0.514,1.36955,1.36977,1.36897,1,0.153,0.333,0.2065,1.36767,1.36778,1.36918,1.36714,0,0.0,0.45,0,1.36955,0.782,0.785,0,0.0,0.0,1.36974,0.0,0.0,0,0,1,0.6,0.79,0.4029,0.79,0.511,2,0.64,0,0.415,1.36955,1.37,0.207,0.401,0.0,2,0.0,0,0.64,1.12,3.0,0.373,0.451,1,1.36897,5,0.6,0.587,0.147,0.237,0.083,0.871,0.924,1.36818,1.36919,1.36342,-341682.8753,-84955.8377,-2,1.36793,0.604,0.0,0.0,0.0,0.0,0,0.378,1,0,19485,0.685,0.593,0.442,17.0,17.0,0.2306,73.7,0.0,1,1,0.792,1.28023,1,1,0.425,1.21325,0,121.605,0.047,0.953,0.0,0.0,0.5,0.78,0.0,0.5,0.0,0.917,0.52,0.5,0.45,0.0,0.339,0.0,0,0,0.283,0.726,0.0,0.665,0.441,0.441,0.461,0.0,0.465,0.412,0.0,1.0,0.97
67160,2024.07.18 18:00:20,USDCADm,TREND_CONTINUATION,BUY,3,1.36987,1.36899,1.37171,2.08,0.428,1.36955,1.36977,1.36897,1,0.153,0.333,0.2065,1.36767,1.36778,1.36918,1.36714,0,0.0,0.45,0,1.36955,0.782,0.785,0,0.0,0.0,1.36974,0.0,0.0,0,0,1,0.6,0.79,0.4029,0.79,0.511,2,0.64,0,0.415,1.36955,1.37,0.207,0.401,0.0,2,0.0,0,0.64,1.12,3.0,0.373,0.451,1,1.36897,5,0.6,0.587,0.147,0.237,0.083,0.871,0.924,1.36818,1.36919,1.36342,-341682.8753,-84955.8377,-2,1.36793,0.604,0.0,0.0,0.0,0.0,0,0.378,1,0,19485,0.685,0.593,0.442,17.0,17.0,0.2306,73.7,0.0,1,1,0.792,1.28023,1,1,0.425,1.21325,0,121.605,0.047,0.953,0.0,0.0,0.5,0.77,0.0,0.5,0.0,0.917,0.52,0.5,0.45,0.0,0.339,0.0,0,0,0.283,0.726,0.0,0.665,0.441,0.441,0.461,0.0,0.465,0.412,0.0,1.0,0.97
67164,2024.07.18 18:00:59,USDCADm,ANCHORED_PULLBACK,BUY,3,1.37005,1.36952,1.37135,2.46,0.49,1.36955,1.36977,1.36897,0,0.153,0.333,0.4507,1.36767,1.36778,1.36918,1.36714,0,0.0,0.45,0,1.36955,0.782,0.785,0,0.0,0.0,1.36974,0.0,0.0,0,0,1,0.6,0.79,0.4029,0.79,0.238,2,0.64,0,0.415,1.36955,1.37,0.451,0.156,0.0,2,0.0,0,0.64,1.243,3.0,0.414,0.466,1,1.36955,8,0.756,0.099,0.229,0.237,0.083,0.871,0.924,1.36818,1.36919,1.36342,-341682.8753,-84955.8377,-2,1.36793,0.604,0.0,0.0,0.0,0.0,0,0.378,1,0,19485,0.685,0.593,0.442,17.0,17.0,0.2306,73.7,0.0,1,1,0.792,1.28023,1,1,0.425,1.21325,0,121.849,0.047,0.953,0.0,0.0,0.5,0.96,0.0,0.5,0.0,0.959,0.565,0.5,0.45,0.0,0.318,0.0,0,0,0.301,0.597,0.0,0.808,0.451,0.54,0.847,0.0,0.465,0.412,0.0,1.0,1.015
67166,2024.07.18 20:00:00,USDCADm,BREAKOUT_RETEST,BUY,3,1.37148,1.37121,1.37193,1.68,0.865,1.37116,1.37176,1.36962,1,0.019,0.429,0.1688,1.36782,1.36761,1.3693,1.36715,0,0.0,0.8,0,1.37116,0.738,0.108,0,0.0,0.0,1.37127,0.0,0.0,0,0,1,1.0,0.86,0.4092,0.86,0.788,1,0.219,3,0.841,1.37123,1.37169,0.094,0.429,1.2186,0,0.3,2,1.0,1.446,3.0,0.482,0.593,2,1.37176,4,0.6,0.812,0.184,0.958,0.105,0.915,0.92,1.36818,1.36919,1.36318,-381408.0199,-39725.1447,-2,1.36793,0.604,0.0,0.0,0.0,0.0,0,0.223,1,0,19487,0.685,0.593,0.442,17.0,17.0,0.1904,89.3,0.0,1,1,0.792,1.28023,1,1,0.425,1.21325,0,102.2,0.049,0.951,0.0,0.0,0.5,0.85,0.0,0.5,0.0,0.495,0.408,0.5,0.457,0.0,0.45,0.0,0,0,0.372,0.682,0.0,0.249,0.342,1.0,0.65,0.0,0.434,0.412,0.0,1.0,1.159
67168,2024.07.18 21:00:00,USDCADm,BREAKOUT,BUY,3,1.37072,1.3702,1.37295,4.24,0.308,1.37116,1.37176,1.37002,1,0.486,0.036,-0.7857,1.36782,1.36761,1.3693,1.36715,0,0.0,0.65,0,1.37116,0.716,0.942,0,0.0,0.0,1.37054,0.0,0.0,0,0,1,0.75,0.895,0.4385,0.895,0.257,2,0.582,2,0.064,1.37109,1.37036,0.711,0.114,-0.45,1,0.45,0,0.582,1.234,3.0,0.411,0.331,0,1.37002,5,0.6,0.0,0.703,0.269,0.157,0.812,0.845,1.36818,1.36919,1.36318,-381408.0199,-39725.1447,-2,1.36793,0.604,0.0,0.0,0.0,0.0,0,0.223,1,0,19488,0.685,0.593,0.442,26.0,17.5,0.2921,89.0,0.0,1,1,0.792,1.28023,1,1,0.425,1.21325,0,101.674,0.049,0.951,0.0,0.0,0.5,0.0,0.0,0.5,0.0,1.0,0.29,0.5,0.429,0.0,0.165,0.0,0,0,0.321,0.419,0.0,0.504,0.331,0.435,0.435,0.0,0.44,0.412,0.0,1.0,0.81
67169,2024.07.18 21:00:30,USDCADm,PULLBACK,BUY,3,1.37073,1.3702,1.3734,5.0,0.55,1.37116,1.37176,1.37002,1,0.486,0.036,-0.7744,1.36782,1.36761,1.3693,1.36715,0,0.0,0.65,0,1.37116,0.716,0.942,0,0.0,0.0,1.37054,0.0,0.0,0,0,1,0.75,0.895,0.4385,0.895,0.257,2,0.582,2,0.064,1.37109,1.37036,0.699,0.126,0.0,2,0.15,0,0.582,1.234,3.0,0.411,0.376,1,1.37002,5,0.6,0.0,0.283,0.269,0.053,0.812,0.845,1.36818,1.36919,1.36318,-381408.0199,-39725.1447,-2,1.36793,0.604,0.0,0.0,0.0,0.0,0,0.223,1,0,19488,0.685,0.593,0.442,26.0,17.5,0.2921,89.0,0.0,1,1,0.792,1.28023,1,1,0.425,1.21325,0,101.685,0.049,0.951,0.0,0.0,0.5,0.01,0.0,0.5,0.0,1.0,0.3,0.5,0.452,0.0,0.203,0.0,0,0,0.337,0.488,0.0,0.57,0.389,0.603,0.435,0.0,0.451,0.412,0.0,1.0,0.926
67170,2024.07.18 21:00:59,USDCADm,TREND_CONTINUATION,BUY,3,1.37071,1.36964,1.37294,2.08,0.469,1.37116,1.37176,1.37002,1,0.486,0.036,-0.7969,1.36782,1.36761,1.3693,1.36715,0,0.0,0.65,0,1.37116,0.716,0.942,0,0.0,0.0,1.37054,0.0,0.0,0,0,1,0.75,0.895,0.4385,0.895,0.257,2,0.582,2,0.064,1.37109,1.37036,0.722,0.103,0.0,2,0.15,0,0.582,1.234,3.0,0.411,0.376,1,1.37002,5,0.6,0.0,0.283,0.269,0.053,0.812,0.845,1.36818,1.36919,1.36318,-381408.0199,-39725.1447,-2,1.36793,0.604,0.0,0.0,0.0,0.0,0,0.223,1,0,19488,0.685,0.593,0.442,26.0,17.6,0.2921,89.0,0.0,1,1,0.792,1.28023,1,1,0.425,1.21325,0,101.663,0.049,0.951,0.0,0.0,0.5,0.0,0.0,0.5,0.0,1.0,0.282,0.5,0.452,0.0,0.203,0.0,0,0,0.348,0.488,0.0,0.57,0.389,0.603,0.435,0.0,0.449,0.412,0.0,1.0,0.926
67172,2024.07.18 21:01:00,USDCADm,MEAN_REVERSION,BUY,3,1.37077,1.37028,1.3715,1.47,0.565,1.37116,1.37176,1.37002,1,0.486,0.036,-0.8194,1.36782,1.36761,1.3693,1.36715,0,0.0,0.65,0,1.37116,0.716,0.942,0,0.0,0.0,1.37054,0.0,0.0,0,0,1,0.75,0.895,0.4385,0.895,0.257,2,0.582,2,0.064,1.37109,1.37036,0.744,0.081,0.0,2,0.15,0,0.582,1.234,3.0,0.411,0.376,1,1.37002,5,0.6,0.0,0.283,0.269,0.053,0.812,0.845,1.36818,1.36919,1.36318,-381408.0199,-39725.1447,-2,1.36793,0.604,0.0,0.0,0.0,0.0,0,0.223,1,0,19488,0.685,0.593,0.442,34.0,17.8,0.382,89.0,0.0,1,1,0.792,1.28023,1,1,0.425,1.21325,0,101.73,0.049,0.951,0.0,0.0,0.5,0.0,0.0,0.5,0.0,1.0,0.298,0.5,0.452,0.0,0.203,0.0,0,0,0.338,0.488,0.0,0.57,0.389,0.603,0.435,0.0,0.449,0.412,0.0,1.0,0.926
67176,2024.07.18 22:00:40,USDCADm,SWEEP_REVERSAL,BUY,1,1.37041,1.36954,1.37139,1.13,0.217,1.37119,1.37155,1.37042,0,0.642,0.544,-1.1333,1.36782,1.36761,1.3693,1.36684,0,0.0,0.55,0,1.37119,0.704,0.0,2,0.0,0.0,0.0,0.0,0.0,0,0,1,0.8,0.755,0.3947,0.755,0.386,2,0.649,0,0.366,1.37114,1.36985,1.074,0.41,0.0,2,0.25,0,0.649,1.176,3.0,0.392,0.409,1,1.37119,8,0.741,0.0,0.284,0.226,0.161,0.812,0.92,1.36818,1.36919,1.36318,-381408.0199,-39725.1447,-2,1.36793,0.604,0.0,0.0,0.0,0.0,0,0.223,1,0,19489,0.685,0.593,0.442,20.0,48.1,0.2305,86.8,0.0,1,1,0.792,1.28023,1,1,0.425,1.21325,1,103.911,0.049,0.951,0.0,0.0,1.0,0.95,0.0,0.5,0.0,0.762,0.599,0.5,0.557,0.0,0.223,0.0,0,0,0.316,0.523,0.0,0.633,0.253,0.638,0.65,0.0,0.45,0.412,0.0,1.0,1.033
67178,2024.07.18 23:00:00,USDCADm,BREAKOUT,BUY,1,1.37072,1.36944,1.37285,1.67,0.346,1.37039,1.37126,1.3701,1,0.187,0.008,0.187,1.36782,1.36761,1.3693,1.36684,0,0.0,0.7,2,1.37122,0.691,0.465,0,0.0,0.0,0.0,0.0,0.0,0,0,1,0.8,0.79,0.3273,0.79,0.213,2,0.603,3,0.526,1.37035,1.37064,0.236,0.105,0.0,2,0.4,0,0.603,1.254,3.0,0.418,0.424,1,1.3701,5,0.6,0.529,0.396,0.237,0.14,0.969,0.749,1.36818,1.36919,1.36318,-381408.0199,-39725.1447,-2,1.36793,0.604,0.0,0.0,0.0,0.0,0,0.223,1,0,19490,0.7,0.585,0.44,17.0,17.0,0.1993,85.3,0.0,1,1,0.792,1.28023,1,1,0.425,1.21325,1,106.102,0.049,0.951,0.0,0.0,1.0,0.96,0.0,0.5,0.0,1.0,0.644,0.5,0.503,0.0,0.348,0.0,0,0,0.376,0.461,0.0,0.592,0.34,0.322,0.65,0.0,0.457,0.412,0.0,1.0,0.926
67179,2024.07.18 23:00:20,USDCADm,BREAKOUT_RETEST,BUY,1,1.3706,1.37034,1.37201,5.52,0.506,1.37039,1.37126,1.3701,1,0.187,0.008,0.0463,1.36782,1.36761,1.3693,1.36684,0,0.0,0.7,2,1.37122,0.691,0.465,0,0.0,0.0,0.0,0.0,0.0,0,0,1,0.8,0.79,0.3273,0.79,0.979,2,0.603,3,0.526,1.37035,1.37064,0.095,0.246,0.0,2,0.4,0,0.603,0.909,3.0,0.303,0.384,1,1.3701,5,0.6,0.81,0.166,0.237,0.14,0.969,0.749,1.36818,1.36919,1.36318,-381408.0199,-39725.1447,-2,1.36793,0.604,0.0,0.0,0.0,0.0,0,0.223,1,0,19490,0.7,0.585,0.44,17.0,17.0,0.1993,85.3,0.0,1,1,0.792,1.28023,1,1,0.425,1.21325,1,105.961,0.049,0.951,0.0,0.0,1.0,0.89,0.0,0.5,0.0,0.933,0.61,0.5,0.517,0.0,0.432,0.0,0,0,0.394,0.62,0.0,0.533,0.289,0.322,0.65,0.0,0.466,0.412,0.0,1.0,0.89
67180,2024.07.18 23:01:40,USDCADm,PULLBACK,BUY,1,1.37082,1.37048,1.37338,7.42,0.567,1.37039,1.37126,1.3701,1,0.187,0.008,0.3043,1.36782,1.36761,1.3693,1.36684,0,0.0,0.7,2,1.37122,0.691,0.465,0,0.0,0.0,0.0,0.0,0.0,0,0,1,0.8,0.79,0.3273,0.79,0.203,2,0.603,3,0.526,1.37035,1.37064,0.353,0.012,0.0,2,0.4,0,0.603,1.259,3.0,0.42,0.425,1,1.37039,1,0.7,0.294,0.399,0.237,0.14,0.969,0.749,1.36818,1.36919,1.36318,-381408.0199,-39725.1447,-2,1.36793,0.604,0.0,0.0,0.0,0.0,0,0.223,1,0,19490,0.7,0.585,0.44,17.0,17.0,0.1993,85.3,0.0,1,1,0.792,1.28023,1,1,0.425,1.21325,1,106.219,0.049,0.951,0.0,0.0,1.0,0.99,0.0,0.5,0.0,1.0,0.731,0.5,0.503,0.0,0.348,0.0,0,0,0.429,0.459,0.0,0.494,0.34,0.322,0.65,0.0,0.462,0.412,0.0,1.0,0.926
67181,2024.07.18 23:01:59,USDCADm,TREND_CONTINUATION,BUY,1,1.37081,1.36979,1.37294,2.08,0.49,1.37039,1.37126,1.3701,1,0.187,0.008,0.2925,1.36782,1.36761,1.3693,1.36684,0,0.0,0.7,2,1.37122,0.691,0.465,0,0.0,0.0,0.0,0.0,0.0,0,0,1,0.8,0.79,0.3273,0.79,0.203,2,0.603,3,0.526,1.37035,1.37064,0.341,0.001,0.0,2,0.4,0,0.603,1.259,3.0,0.42,0.425,1,1.37035,2,0.55,0.318,0.399,0.237,0.14,0.969,0.749,1.36818,1.36919,1.36318,-381408.0199,-39725.1447,-2,1.36793,0.604,0.0,0.0,0.0,0.0,0,0.223,1,0,19490,0.7,0.585,0.44,17.0,17.0,0.1993,85.3,0.0,1,1,0.792,1.28023,1,1,0.425,1.21325,1,106.208,0.049,0.951,0.0,0.0,1.0,0.98,0.0,0.5,0.0,1.0,0.738,0.5,0.503,0.0,0.348,0.0,0,0,0.433,0.459,0.0,0.494,0.34,0.322,0.65,0.0,0.462,0.412,0.0,1.0,0.926
67186,2024.07.18 23:06:40,USDCADm,MEAN_REVERSION,BUY,1,1.37052,1.37018,1.37139,2.6,0.585,1.37039,1.37126,1.3701,1,0.187,0.008,-0.0475,1.36782,1.36761,1.3693,1.36684,0,0.0,0.7,2,1.37122,0.691,0.465,0,0.0,0.0,0.0,0.0,0.0,0,0,1,0.8,0.79,0.3273,0.79,0.979,2,0.603,3,0.526,1.37035,1.37064,0.001,0.339,0.0,2,0.4,0,0.603,0.909,3.0,0.303,0.384,1,1.37122,8,0.738,0.998,0.166,0.237,0.14,0.969,0.749,1.36818,1.36919,1.36318,-381408.0199,-39725.1447,-2,1.36793,0.604,0.0,0.0,0.0,0.0,0,0.223,1,0,19490,0.7,0.585,0.44,17.0,17.0,0.1993,85.3,0.0,1,1,0.792,1.28023,1,1,0.425,1.21325,1,105.868,0.049,0.951,0.0,0.0,1.0,0.54,0.0,0.5,0.0,0.685,0.606,0.5,0.482,0.0,0.379,0.0,0,0,0.36,0.62,0.0,0.533,0.289,0.322,0.65,0.0,0.466,0.412,0.0,1.0,0.89
67188,2024.07.19 01:00:00,USDCADm,BREAKOUT,BUY,1,1.37083,1.37046,1.37311,6.18,0.546,1.37032,1.37074,1.37009,1,0.305,0.338,0.3761,1.36758,1.36792,1.3693,1.36684,0,0.0,0.5,2,1.37032,0.606,0.0,1,0.0,0.0,1.3707,0.0,0.0,0,0,1,1.0,1.0,0.1454,1.0,0.364,2,0.635,1,0.24,1.37029,1.37051,0.412,0.162,0.3118,0,0.0,2,1.0,1.636,3.0,0.545,0.582,2,1.37032,8,0.721,0.176,0.191,1.0,0.0,0.889,0.831,1.36818,1.36919,1.36318,-396872.9373,-15464.9174,-2,1.36793,0.605,0.0,0.0,0.0,0.0,0,0.309,1,0,19492,0.7,0.585,0.44,17.0,17.0,0.1867,91.1,0.0,1,1,0.792,1.28023,1,1,0.425,1.21325,1,99.482,0.049,0.951,0.0,0.0,1.0,0.15,0.0,0.5,0.0,0.426,0.443,0.5,0.649,0.0,0.832,0.0,0,0,0.562,0.731,0.0,0.613,0.636,0.833,0.437,0.0,0.413,0.412,0.0,1.0,1.073
67189,2024.07.19 01:00:40,USDCADm,BREAKOUT_RETEST,BUY,1,1.37075,1.37046,1.37124,1.68,0.633,1.37032,1.37074,1.37009,1,0.305,0.338,0.2882,1.36758,1.36792,1.3693,1.36684,0,0.0,0.5,2,1.37032,0.606,0.0,1,0.0,0.0,1.3707,0.0,0.0,0,0,1,1.0,1.0,0.1454,1.0,0.141,0,0.666,1,0.24,1.37029,1.37051,0.324,0.074,0.0,2,0.0,4,0.6,1.587,3.0,0.529,0.476,1,1.37029,2,0.55,0.352,0.258,0.3,0.0,0.889,0.831,1.36818,1.36919,1.36318,-396872.9373,-15464.9174,-2,1.36793,0.605,0.0,0.0,0.0,0.0,0,0.309,1,0,19492,0.7,0.585,0.44,17.0,17.0,0.1867,91.1,0.0,1,1,0.792,1.28023,1,1,0.425,1.21325,1,99.395,0.049,0.951,0.0,0.0,1.0,0.01,0.0,0.5,0.0,0.514,0.42,0.5,0.665,0.0,0.757,0.0,0,0,0.55,0.596,0.0,0.342,0.559,0.419,0.462,0.0,0.409,0.412,0.0,1.0,0.897
67190,2024.07.19 01:01:40,USDCADm,PULLBACK,BUY,1,1.37088,1.36951,1.37361,2.0,0.655,1.37032,1.37074,1.37009,1,0.305,0.338,0.431,1.36758,1.36792,1.3693,1.36684,0,0.0,0.5,2,1.37032,0.606,0.0,1,0.0,0.0,1.3707,0.0,0.0,0,0,1,1.0,1.0,0.1454,1.0,0.436,0,0.666,1,0.24,1.37029,1.37051,0.467,0.217,0.0,2,0.0,4,0.6,1.454,3.0,0.485,0.461,1,1.37032,8,0.721,0.067,0.169,0.3,0.0,0.889,0.831,1.36818,1.36919,1.36318,-396872.9373,-15464.9174,-2,1.36793,0.605,0.0,0.0,0.0,0.0,0,0.309,1,0,19492,0.7,0.585,0.44,17.0,17.0,0.1867,91.1,0.0,1,1,0.792,1.28023,1,1,0.425,1.21325,1,99.537,0.049,0.951,0.0,0.0,1.0,0.4,0.0,0.5,0.0,0.406,0.413,0.5,0.59,0.0,0.762,0.0,0,0,0.534,0.566,0.0,0.266,0.508,0.381,0.685,0.0,0.426,0.412,0.0,1.0,0.94
67191,2024.07.19 01:01:59,USDCADm,TREND_CONTINUATION,BUY,1,1.37087,1.36978,1.37315,2.08,0.593,1.37032,1.37074,1.37009,1,0.305,0.338,0.42,1.36758,1.36792,1.3693,1.36684,0,0.0,0.5,2,1.37032,0.606,0.0,1,0.0,0.0,1.3707,0.0,0.0,0,0,1,1.0,1.0,0.1454,1.0,0.436,0,0.666,1,0.24,1.37029,1.37051,0.456,0.206,0.0,2,0.0,4,0.6,1.454,3.0,0.485,0.461,1,1.37032,8,0.721,0.089,0.169,0.3,0.0,0.889,0.831,1.36818,1.36919,1.36318,-396872.9373,-15464.9174,-2,1.36793,0.605,0.0,0.0,0.0,0.0,0,0.309,1,0,19492,0.7,0.585,0.44,17.0,17.0,0.1867,91.1,0.0,1,1,0.792,1.28023,1,1,0.425,1.21325,1,99.526,0.049,0.951,0.0,0.0,1.0,0.37,0.0,0.5,0.0,0.406,0.423,0.5,0.59,0.0,0.762,0.0,0,0,0.528,0.566,0.0,0.266,0.508,0.381,0.683,0.0,0.426,0.412,0.0,1.0,0.94
67192,2024.07.19 01:02:40,USDCADm,ANCHORED_PULLBACK,BUY,1,1.37097,1.37043,1.37262,3.03,0.547,1.37032,1.37074,1.37009,0,0.305,0.338,0.5298,1.36758,1.36792,1.3693,1.36684,0,0.0,0.5,2,1.37032,0.606,0.0,1,0.0,0.0,1.3707,0.0,0.0,0,0,1,1.0,1.0,0.1454,1.0,0.362,0,0.666,1,0.24,1.37029,1.37103,0.565,0.255,0.0,2,0.0,4,0.6,1.487,3.0,0.496,0.465,1,1.37032,8,0.721,0.0,0.191,0.3,0.0,0.889,0.897,1.36818,1.36919,1.36318,-396872.9373,-15464.9174,-2,1.36793,0.605,0.0,0.0,0.0,0.0,0,0.309,1,0,19492,0.7,0.585,0.44,17.0,17.0,0.1867,91.1,0.0,1,1,0.792,1.28023,1,1,0.425,1.21325,1,99.636,0.049,0.951,0.0,0.0,1.0,0.69,0.0,0.5,0.0,0.406,0.408,0.5,0.6,0.0,0.791,0.0,0,0,0.552,0.541,0.0,0.266,0.57,0.427,0.757,0.0,0.426,0.412,0.0,1.0,0.983
67198,2024.07.19 03:06:40,USDCADm,BREAKOUT_RETEST,BUY,1,1.37055,1.37027,1.37088,1.19,0.509,1.37071,1.37087,1.37035,1,0.182,0.747,-0.356,1.36758,1.36761,1.3693,1.36684,0,0.0,0.4,0,1.37071,0.672,0.633,0,0.0,0.0,0.0,0.0,0.0,0,0,1,0.8,0.825,0.0653,0.825,0.828,0,0.694,1,0.121,1.37045,1.37012,0.073,0.28,0.0,2,0.25,0,0.694,0.977,3.0,0.326,0.381,1,1.37071,8,0.734,0.853,0.152,0.247,0.088,0.927,0.792,1.36818,1.36919,1.36318,-396872.9373,-15464.9174,-2,1.36793,0.605,0.0,0.0,0.0,0.0,0,0.309,1,0,19494,0.7,0.585,0.44,17.0,17.0,0.1848,92.0,0.0,1,1,0.792,1.28023,1,1,0.425,1.21325,0,98.174,0.049,0.951,0.0,0.0,0.5,0.91,0.0,0.5,0.0,0.847,0.5,0.5,0.553,0.0,0.302,0.0,0,0,0.287,0.856,0.0,0.781,0.217,0.299,0.65,0.0,0.439,0.412,0.0,1.0,1.068
67200,2024.07.19 03:46:20,USDCADm,PULLBACK,BUY,1,1.37077,1.36939,1.37353,2.0,0.559,1.37071,1.37087,1.37035,1,0.182,0.747,-0.1168,1.36758,1.36761,1.3693,1.36684,0,0.0,0.4,0,1.37071,0.672,0.633,0,0.0,0.0,0.0,0.0,0.0,0,0,1,0.8,0.825,0.0653,0.825,0.779,0,0.694,1,0.121,1.37071,1.37103,0.117,0.47,0.0,2,0.25,0,0.694,0.999,3.0,0.333,0.381,1,0.0,0,0.0,0.766,0.166,0.247,0.088,0.902,0.874,1.36818,1.36919,1.36318,-396872.9373,-15464.9174,-2,1.36793,0.605,0.0,0.0,0.0,0.0,0,0.309,1,0,19494,0.7,0.585,0.44,17.0,17.0,0.1848,92.0,0.0,1,1,0.792,1.28023,1,1,0.425,1.21325,0,98.413,0.049,0.951,0.0,0.0,0.5,0.99,0.0,0.5,0.0,0.969,0.668,0.5,0.574,0.0,0.269,0.0,0,0,0.38,0.846,0.0,0.781,0.304,0.283,0.65,0.0,0.441,0.412,0.0,1.0,0.979
67201,2024.07.19 03:46:20,USDCADm,TREND_CONTINUATION,BUY,1,1.37077,1.36967,1.37307,2.08,0.481,1.37071,1.37087,1.37035,1,0.182,0.747,-0.1168,1.36758,1.36761,1.3693,1.36684,0,0.0,0.4,0,1.37071,0.672,0.633,0,0.0,0.0,0.0,0.0,0.0,0,0,1,0.8,0.825,0.0653,0.825,0.779,0,0.694,1,0.121,1.37071,1.37103,0.117,0.47,0.0,2,0.25,0,0.694,0.999,3.0,0.333,0.381,1,0.0,0,0.0,0.766,0.166,0.247,0.088,0.902,0.874,1.36818,1.36919,1.36318,-396872.9373,-15464.9174,-2,1.36793,0.605,0.0,0.0,0.0,0.0,0,0.309,1,0,19494,0.7,0.585,0.44,17.0,17.0,0.1848,92.0,0.0,1,1,0.792,1.28023,1,1,0.425,1.21325,0,98.413,0.049,0.951,0.0,0.0,0.5,0.98,0.0,0.5,0.0,0.969,0.668,0.5,0.574,0.0,0.269,0.0,0,0,0.38,0.846,0.0,0.781,0.304,0.283,0.65,0.0,0.441,0.412,0.0,1.0,0.979
67204,2024.07.19 07:00:00,USDCADm,ANCHORED_PULLBACK,BUY,1,1.37093,1.3704,1.37219,2.39,0.472,1.37058,1.37067,1.37042,0,0.255,0.038,0.2552,1.37045,1.36761,1.36961,1.36684,0,0.0,0.35,0,1.37058,0.665,0.585,0,0.0,0.0,1.37062,0.0,0.0,0,0,1,0.375,0.4853,0.025,0.485,0.178,0,0.701,0,0.762,1.37056,1.37079,0.28,0.038,0.0245,2,0.15,0,0.701,1.27,3.0,0.423,0.51,2,1.37042,5,0.6,0.441,0.307,0.146,0.205,0.912,0.915,1.36818,1.36919,1.3635,-366012.1783,30860.759,-1,1.36793,0.599,0.0,0.0,0.0,0.0,0,0.314,1,0,19498,0.7,0.585,0.44,17.0,17.0,0.2378,71.5,0.0,1,1,0.792,1.28023,1,1,0.425,1.21325,0,126.853,0.088,0.912,0.0,1.0,0.5,0.77,0.0,0.5,0.0,0.567,0.424,0.5,0.589,0.0,0.756,0.0,0,0,0.524,0.632,0.0,0.637,0.245,0.169,0.711,0.0,0.462,0.412,0.0,1.0,0.961
67205,2024.07.19 07:00:20,USDCADm,BREAKOUT,BUY,1,1.37089,1.36982,1.37268,1.67,0.346,1.37058,1.37067,1.37042,0,0.255,0.038,0.1993,1.37045,1.36761,1.36961,1.36684,0,0.0,0.35,0,1.37058,0.665,0.585,0,0.0,0.0,1.37062,0.0,0.0,0,0,1,0.375,0.4853,0.025,0.485,0.22,0,0.803,0,0.762,1.37056,1.37079,0.224,0.094,0.0,2,0.15,0,0.803,1.251,3.0,0.417,0.533,2,1.37042,5,0.6,0.552,0.294,0.146,0.205,0.912,0.915,1.36818,1.36919,1.3635,-366012.1783,30860.759,-1,1.36793,0.599,0.0,0.0,0.0,0.0,0,0.314,1,0,19498,0.7,0.585,0.44,17.0,17.0,0.2378,71.5,0.0,1,1,0.792,1.28023,1,1,0.425,1.21325,0,126.797,0.088,0.912,0.0,1.0,0.5,0.63,0.0,0.5,0.0,0.567,0.41,0.5,0.589,0.0,0.756,0.0,0,0,0.533,0.659,0.0,0.637,0.251,0.171,0.687,0.0,0.462,0.412,0.0,1.0,0.961
67208,2024.07.19 07:46:20,USDCADm,PULLBACK,BUY,1,1.37177,1.37072,1.37392,2.03,0.292,1.37058,1.37067,1.37042,0,0.255,0.038,1.4301,1.37045,1.36761,1.36961,1.36684,0,0.0,0.35,0,1.37058,0.665,0.585,0,0.0,0.0,1.37062,0.0,0.0,0,0,1,0.375,0.4853,0.025,0.485,0.046,0,0.803,0,0.762,1.37056,1.37088,1.455,1.014,0.0,2,0.15,0,0.803,1.329,3.0,0.443,0.543,2,1.37058,8,0.733,0.0,0.346,0.146,0.205,0.912,0.939,1.36818,1.36919,1.3635,-366012.1783,30860.759,-1,1.36793,0.599,0.0,0.0,0.0,0.0,0,0.314,1,0,19498,0.7,0.585,0.44,17.0,17.0,0.2378,71.5,0.0,1,1,0.792,1.28023,1,1,0.425,1.21325,0,128.028,0.088,0.912,0.0,1.0,0.5,0.88,0.0,0.5,0.0,0.448,0.594,0.5,0.529,0.0,0.701,0.0,0,0,0.495,0.534,0.0,0.245,0.199,0.343,0.881,0.0,0.463,0.412,0.0,1.0,0.961
67209,2024.07.19 07:46:20,USDCADm,TREND_CONTINUATION,BUY,1,1.37177,1.37072,1.37356,1.69,0.345,1.37058,1.37067,1.37042,0,0.255,0.038,1.4301,1.37045,1.36761,1.36961,1.36684,0,0.0,0.35,0,1.37058,0.665,0.585,0,0.0,0.0,1.37062,0.0,0.0,0,0,1,0.375,0.4853,0.025,0.485,0.046,0,0.803,0,0.762,1.37056,1.37088,1.455,1.014,0.0,2,0.15,0,0.803,1.329,3.0,0.443,0.543,2,1.37058,8,0.733,0.0,0.346,0.146,0.205,0.912,0.939,1.36818,1.36919,1.3635,-366012.1783,30860.759,-1,1.36793,0.599,0.0,0.0,0.0,0.0,0,0.314,1,0,19498,0.7,0.585,0.44,17.0,17.0,0.2378,71.5,0.0,1,1,0.792,1.28023,1,1,0.425,1.21325,0,128.028,0.088,0.912,0.0,1.0,0.5,0.87,0.0,0.5,0.0,0.448,0.594,0.5,0.529,0.0,0.701,0.0,0,0,0.495,0.534,0.0,0.245,0.199,0.343,0.881,0.0,0.463,0.412,0.0,1.0,0.961
67212,2024.07.19 09:00:20,USDCADm,BREAKOUT,BUY,2,1.3717,1.37071,1.37336,1.67,0.45,1.37065,1.37143,1.37039,0,0.197,0.14,1.3294,1.37057,1.36761,1.36992,1.36684,0,0.0,0.7,0,1.37065,0.744,0.191,0,0.0,0.0,0.0,0.0,0.0,0,0,1,0.825,0.755,0.0901,0.755,0.667,2,0.593,3,0.505,1.37143,1.37169,0.148,0.246,0.0,2,0.15,0,0.593,1.05,3.0,0.35,0.409,1,1.37065,8,0.749,0.704,0.16,0.226,0.053,0.78,0.825,1.36818,1.36919,1.3635,-364171.2391,1840.9392,-1,1.36793,0.601,0.0,0.0,0.0,0.0,0,0.256,1,0,19500,0.706,0.582,0.441,17.0,17.0,0.2567,66.2,0.0,1,1,0.792,1.28023,1,1,0.425,1.21325,0,138.142,0.049,0.951,0.0,1.0,0.5,0.23,0.0,0.5,0.0,1.0,0.537,0.5,0.508,0.0,0.396,0.0,0,0,0.333,0.528,0.0,0.301,0.161,0.797,0.823,0.0,0.48,0.412,0.0,1.0,1.068
67214,2024.07.19 09:46:20,USDCADm,PULLBACK,BUY,2,1.37182,1.37083,1.37381,2.0,0.421,1.37065,1.37143,1.37039,0,0.197,0.14,1.5106,1.37057,1.36761,1.36992,1.36684,0,0.0,0.7,0,1.37065,0.744,0.191,0,0.0,0.0,0.0,0.0,0.0,0,0,1,0.825,0.755,0.0901,0.755,0.438,2,0.593,3,0.505,1.37143,1.37169,0.329,0.065,0.0,2,0.15,0,0.593,1.153,3.0,0.384,0.421,1,1.37143,2,0.55,0.342,0.229,0.226,0.053,0.78,0.825,1.36818,1.36919,1.3635,-364171.2391,1840.9392,-1,1.36793,0.601,0.0,0.0,0.0,0.0,0,0.256,1,0,19500,0.706,0.582,0.441,17.0,17.0,0.2567,66.2,0.0,1,1,0.792,1.28023,1,1,0.425,1.21325,0,138.324,0.049,0.951,0.0,1.0,0.5,0.28,0.0,0.5,0.0,0.943,0.506,0.5,0.462,0.0,0.258,0.0,0,0,0.245,0.475,0.0,0.334,0.19,0.685,0.865,0.0,0.462,0.412,0.0,1.0,1.015
67215,2024.07.19 09:46:20,USDCADm,TREND_CONTINUATION,BUY,2,1.37182,1.37103,1.37348,2.08,0.494,1.37065,1.37143,1.37039,0,0.197,0.14,1.5106,1.37057,1.36761,1.36992,1.36684,0,0.0,0.7,0,1.37065,0.744,0.191,0,0.0,0.0,0.0,0.0,0.0,0,0,1,0.825,0.755,0.0901,0.755,0.438,2,0.593,3,0.505,1.37143,1.37169,0.329,0.065,0.0,2,0.15,0,0.593,1.153,3.0,0.384,0.421,1,1.37143,2,0.55,0.342,0.229,0.226,0.053,0.78,0.825,1.36818,1.36919,1.3635,-364171.2391,1840.9392,-1,1.36793,0.601,0.0,0.0,0.0,0.0,0,0.256,1,0,19500,0.706,0.582,0.441,17.0,17.0,0.2567,66.2,0.0,1,1,0.792,1.28023,1,1,0.425,1.21325,0,138.324,0.049,0.951,0.0,1.0,0.5,0.28,0.0,0.5,0.0,0.943,0.506,0.5,0.462,0.0,0.258,0.0,0,0,0.245,0.475,0.0,0.334,0.19,0.685,0.865,0.0,0.462,0.412,0.0,1.0,1.015
67218,2024.07.19 10:00:00,USDCADm,ANCHORED_PULLBACK,BUY,2,1.37203,1.37167,1.3731,2.95,0.596,1.3715,1.37184,1.37093,0,0.456,0.036,0.5788,1.37053,1.36766,1.36971,1.36656,0,0.0,0.6,0,1.3715,0.775,0.431,0,0.0,0.0,1.37185,0.0,0.0,0,0,1,0.9,0.79,0.1413,0.79,0.2,2,0.357,3,0.434,1.3715,1.37188,0.579,0.036,-0.2118,1,0.15,5,1.0,0.96,3.0,0.32,0.514,2,1.3715,8,0.755,0.0,0.6,0.237,0.353,0.958,0.804,1.36818,1.36919,1.3635,-364171.2391,1840.9392,-1,1.36793,0.601,0.0,0.0,0.0,0.0,0,0.256,1,0,19501,0.706,0.582,0.441,17.0,17.0,0.2748,61.9,0.0,1,1,0.792,1.28023,1,1,0.425,1.21325,0,148.406,0.049,0.951,0.0,1.0,0.5,0.74,0.0,0.5,0.0,0.999,0.471,0.5,0.473,0.0,0.282,0.0,0,0,0.272,0.211,0.0,0.182,0.126,0.24,0.781,0.0,0.436,0.412,0.0,1.0,0.823
67220,2024.07.19 10:03:40,USDCADm,BREAKOUT_RETEST,BUY,2,1.37188,1.37169,1.37247,3.04,0.565,1.3715,1.37184,1.37093,1,0.456,0.036,0.3363,1.37053,1.36766,1.36971,1.36656,0,0.0,0.6,0,1.3715,0.775,0.431,0,0.0,0.0,1.37185,0.0,0.0,0,0,1,0.9,0.79,0.1413,0.79,0.495,0,0.657,3,0.434,1.3715,1.37188,0.336,0.278,0.0,2,0.15,0,0.657,1.127,3.0,0.376,0.447,1,1.3715,8,0.755,0.327,0.211,0.237,0.053,0.958,0.804,1.36818,1.36919,1.3635,-364171.2391,1840.9392,-1,1.36793,0.601,0.0,0.0,0.0,0.0,0,0.256,1,0,19501,0.706,0.582,0.441,17.0,17.0,0.2748,61.9,0.0,1,1,0.792,1.28023,1,1,0.425,1.21325,0,148.164,0.049,0.951,0.0,1.0,0.5,0.34,0.0,0.5,0.0,0.944,0.484,0.5,0.42,0.0,0.242,0.0,0,0,0.232,0.574,0.0,0.428,0.218,0.324,0.434,0.0,0.47,0.412,0.0,1.0,0.97
67222,2024.07.19 11:00:20,USDCADm,BREAKOUT,BUY,2,1.37187,1.37093,1.37343,1.67,0.295,1.37161,1.37178,1.37117,1,0.01,1.205,0.1374,1.37054,1.36766,1.36971,1.36656,0,0.0,0.45,0,1.37148,0.676,0.777,0,0.0,0.0,1.37158,0.0,0.0,0,0,1,0.65,0.825,0.2163,0.825,0.828,2,0.642,2,0.079,1.37158,1.37073,0.192,1.55,0.0,2,0.0,0,0.642,0.977,3.0,0.326,0.4,1,1.37148,8,0.735,0.616,0.052,0.247,0.0,0.921,0.946,1.36818,1.36919,1.3635,-364171.2391,1840.9392,-1,1.36793,0.601,0.0,0.0,0.0,0.0,0,0.256,1,0,19502,0.706,0.582,0.441,17.0,17.0,0.2717,62.6,0.0,1,1,0.792,1.28023,1,1,0.425,1.21325,0,146.457,0.049,0.951,0.0,1.0,0.5,0.87,0.0,0.5,0.0,0.669,0.626,0.5,0.493,0.0,0.379,0.0,0,0,0.375,0.732,0.0,0.342,0.0,0.48,0.726,0.0,0.479,0.412,0.0,1.0,1.113
67224,2024.07.19 11:15:59,USDCADm,MEAN_REVERSION,BUY,2,1.37149,1.37128,1.37178,1.4,0.608,1.37161,1.37178,1.37117,1,0.01,1.205,-0.4699,1.37054,1.36766,1.36971,1.36656,0,0.0,0.45,0,1.37148,0.676,0.777,0,0.0,0.0,1.37158,0.0,0.0,0,0,1,0.65,0.825,0.2163,0.825,0.492,2,0.642,2,0.079,1.37158,1.37073,0.416,0.943,0.0,2,0.0,0,0.642,1.128,3.0,0.376,0.417,1,1.37161,1,0.7,0.169,0.152,0.247,0.0,0.921,0.946,1.36818,1.36919,1.3635,-364171.2391,1840.9392,-1,1.36793,0.601,0.0,0.0,0.0,0.0,0,0.256,1,0,19502,0.706,0.582,0.441,17.0,17.0,0.2717,62.6,0.0,1,1,0.792,1.28023,1,1,0.425,1.21325,0,145.849,0.049,0.951,0.0,1.0,0.5,0.19,0.0,0.5,0.0,0.654,0.486,0.5,0.503,0.0,0.344,0.0,0,0,0.297,0.879,1.0,0.855,0.0,0.576,0.65,0.0,0.462,0.412,0.0,1.0,1.015
67226,2024.07.19 11:25:40,USDCADm,SWEEP_REVERSAL,BUY,2,1.37111,1.37048,1.37165,0.86,0.108,1.37161,1.37178,1.37117,0,0.01,1.205,-1.0772,1.37054,1.36766,1.36971,1.36656,0,0.0,0.45,0,1.37148,0.676,0.777,0,0.0,0.0,1.37158,0.0,0.0,0,0,1,0.65,0.825,0.2163,0.825,0.205,2,0.642,2,0.079,1.37158,1.37073,1.023,0.336,0.0,2,0.0,0,0.642,1.258,3.0,0.419,0.432,1,1.37148,8,0.735,0.0,0.238,0.247,0.0,0.921,0.946,1.36818,1.36919,1.3635,-364171.2391,1840.9392,-1,1.36793,0.601,0.0,0.0,0.0,0.0,0,0.256,1,0,19502,0.706,0.582,0.441,17.0,17.0,0.2717,62.6,0.0,1,1,0.792,1.28023,1,1,0.425,1.21325,0,145.242,0.049,0.951,0.0,1.0,0.5,0.0,0.0,0.5,0.0,0.728,0.424,0.5,0.498,0.0,0.37,0.0,0,0,0.343,0.651,0.452,0.618,0.0,0.588,0.65,0.0,0.46,0.412,0.0,1.0,1.104
67228,2024.07.19 11:56:20,USDCADm,PULLBACK,BUY,2,1.37153,1.37128,1.37178,1.01,0.524,1.37161,1.37178,1.37117,1,0.01,1.205,-0.4059,1.37054,1.36766,1.36971,1.36656,0,0.0,0.45,0,1.37148,0.676,0.777,0,0.0,0.0,1.37158,0.0,0.0,0,0,1,0.65,0.825,0.2163,0.825,0.492,2,0.642,2,0.079,1.37158,1.37073,0.352,1.007,0.0,2,0.0,0,0.642,1.128,3.0,0.376,0.417,1,1.37161,1,0.7,0.297,0.152,0.247,0.0,0.921,0.946,1.36818,1.36919,1.3635,-364171.2391,1840.9392,-1,1.36793,0.601,0.0,0.0,0.0,0.0,0,0.256,1,0,19502,0.706,0.582,0.441,17.0,17.0,0.2717,62.6,0.0,1,1,0.792,1.28023,1,1,0.425,1.21325,0,145.913,0.049,0.951,0.0,1.0,0.5,0.99,0.0,0.5,0.0,0.941,0.497,0.5,0.47,0.0,0.325,0.0,0,0,0.273,0.879,0.0,0.855,0.0,0.441,0.461,0.0,0.462,0.412,0.0,1.0,1.015
0,2024.07.19 12:00:00,USDCADm,ANCHORED_PULLBACK,BUY,2,1.3713,1.37123,1.37145,2.1,0.373,1.37164,1.3718,1.37129,0,0.478,0.266,-0.7577,1.37055,1.36766,1.37003,1.36656,0,0.0,0.4,0,1.37145,0.731,0.379,0,0.0,0.0,1.37089,0.0,0.0,0,0,1,1.0,0.685,0.2264,0.685,0.345,0,0.685,2,0.144,1.37155,1.37098,0.618,0.22,-0.1668,1,0.4,0,0.685,1.195,3.0,0.398,0.391,1,1.37145,8,0.746,0.0,0.657,0.206,0.14,0.976,0.757,1.36818,1.36919,1.36323,-385849.9075,-21678.6684,-2,1.36793,0.603,0.0,0.0,0.0,0.0,0,0.276,1,0,19503,0.706,0.582,0.441,17.0,17.0,0.2532,67.1,0.0,1,1,0.792,1.28023,1,1,0.425,1.21325,1,135.636,0.049,0.951,0.0,0.0,1.0,0.56,0.0,0.5,0.0,0.991,0.406,0.5,0.51,0.0,0.328,0.0,0,0,0.341,0.394,0.0,0.76,0.0,0.258,0.65,0.0,0.457,0.412,0.0,1.0,0.952
67230,2024.07.19 12:03:40,USDCADm,BREAKOUT_RETEST,BUY,2,1.3715,1.3713,1.37181,1.53,0.578,1.37164,1.3718,1.37129,1,0.478,0.266,-0.4598,1.37055,1.36766,1.37003,1.36656,0,0.0,0.4,0,1.37145,0.731,0.379,0,0.0,0.0,1.37089,0.0,0.0,0,0,1,1.0,0.685,0.2264,0.685,0.528,0,0.707,2,0.144,1.37155,1.37098,0.32,0.518,0.0,2,0.4,0,0.707,1.113,3.0,0.371,0.387,1,1.37164,1,0.7,0.36,0.302,0.206,0.14,0.976,0.757,1.36818,1.36919,1.36323,-385849.9075,-21678.6684,-2,1.36793,0.603,0.0,0.0,0.0,0.0,0,0.276,1,0,19503,0.706,0.582,0.441,17.0,17.0,0.2532,67.1,0.0,1,1,0.792,1.28023,1,1,0.425,1.21325,1,135.934,0.049,0.951,0.0,0.0,1.0,0.91,0.0,0.5,0.0,0.948,0.521,0.5,0.459,0.0,0.296,0.0,0,0,0.269,0.617,0.0,1.0,0.0,0.38,0.65,0.0,0.457,0.412,0.0,1.0,0.926
67232,2024.07.19 12:07:20,USDCADm,TREND_CONTINUATION,BUY,2,1.37167,1.37086,1.37335,2.08,0.531,1.37164,1.3718,1.37129,1,0.478,0.266,-0.2066,1.37055,1.36766,1.37003,1.36656,0,0.0,0.4,0,1.37145,0.731,0.379,0,0.0,0.0,1.37089,0.0,0.0,0,0,1,1.0,0.685,0.2264,0.685,0.96,0,0.707,2,0.144,1.37155,1.37183,0.067,0.486,0.0,2,0.4,0,0.707,0.918,3.0,0.306,0.364,1,1.37129,5,0.6,0.866,0.172,0.206,0.14,0.976,0.794,1.36818,1.36919,1.36323,-385849.9075,-21678.6684,-2,1.36793,0.603,0.0,0.0,0.0,0.0,0,0.276,1,0,19503,0.706,0.582,0.441,17.0,17.0,0.2532,67.1,0.0,1,1,0.792,1.28023,1,1,0.425,1.21325,1,136.187,0.049,0.951,0.0,0.0,1.0,0.99,0.0,0.5,0.0,0.574,0.595,0.5,0.503,0.0,0.37,0.0,0,0,0.356,0.589,0.0,0.581,0.0,0.317,0.65,0.0,0.474,0.412,0.0,1.0,0.979
67234,2024.07.19 13:00:20,USDCADm,BREAKOUT,BUY,4,1.37247,1.37178,1.37432,2.69,0.524,1.3716,1.37191,1.37102,0,0.815,0.143,0.9488,1.37066,1.36749,1.37005,1.36663,0,0.0,0.5,0,1.37169,0.756,0.55,0,0.0,0.0,1.37217,0.0,0.0,0,0,1,1.0,0.895,0.1956,0.895,0.238,2,0.646,0,0.856,1.37155,1.3724,1.009,0.13,0.0,2,0.15,0,0.646,1.243,3.0,0.414,0.498,1,1.37169,8,0.751,0.0,0.289,0.269,0.224,0.853,0.938,1.36818,1.36919,1.36323,-385849.9075,-21678.6684,-2,1.36793,0.603,0.0,0.0,0.0,0.0,0,0.276,1,0,19504,0.706,0.582,0.441,17.0,17.0,0.2302,73.9,0.0,1,1,0.792,1.28023,1,1,0.425,1.21325,0,124.89,0.049,0.951,0.0,0.0,0.5,0.77,0.0,0.5,0.0,0.552,0.538,0.5,0.503,0.0,0.528,0.0,0,0,0.385,0.377,0.0,0.24,0.0,0.535,0.862,0.0,0.478,0.412,0.0,1.0,0.944
67236,2024.07.19 13:56:20,USDCADm,PULLBACK,BUY,4,1.37239,1.37128,1.37461,2.0,0.504,1.3716,1.37191,1.37102,0,0.815,0.143,0.8405,1.37066,1.36749,1.37005,1.36663,0,0.0,0.5,0,1.37169,0.756,0.55,0,0.0,0.0,1.37217,0.0,0.0,0,0,1,1.0,0.895,0.1956,0.895,0.279,2,0.646,0,0.856,1.37155,1.3724,0.9,0.238,0.0,2,0.15,0,0.646,1.224,3.0,0.408,0.495,1,1.37169,8,0.751,0.0,0.276,0.269,0.224,0.853,0.938,1.36818,1.36919,1.36323,-385849.9075,-21678.6684,-2,1.36793,0.603,0.0,0.0,0.0,0.0,0,0.276,1,0,19504,0.706,0.582,0.441,17.0,17.0,0.2302,73.9,0.0,1,1,0.792,1.28023,1,1,0.425,1.21325,0,124.781,0.049,0.951,0.0,0.0,0.5,0.0,0.0,0.5,0.0,0.448,0.215,0.5,0.521,0.0,0.718,0.0,0,0,0.615,0.385,0.0,0.24,0.0,0.545,0.848,0.0,0.457,0.412,0.0,1.0,0.944
67238,2024.07.19 16:00:00,USDCADm,BREAKOUT_RETEST,BUY,4,1.37265,1.37236,1.37414,5.19,0.484,1.37226,1.37325,1.37181,1,0.042,1.087,0.2299,1.37063,1.36765,1.3706,1.36652,0,0.0,0.4,0,1.37226,0.663,0.665,0,0.0,0.0,1.37279,0.0,0.0,0,0,1,0.8,0.825,0.1957,0.825,0.746,2,0.564,1,0.124,1.37235,1.37361,0.136,1.181,-0.3855,1,0.55,0,0.564,1.014,3.0,0.338,0.298,0,1.37181,5,0.6,0.728,0.596,0.247,0.193,0.842,0.886,1.36818,1.36919,1.36338,-353355.7484,32494.1591,-1,1.36793,0.605,0.0,0.0,0.0,0.0,0,0.263,1,0,19507,0.706,0.582,0.441,17.0,17.0,0.1776,95.7,0.0,1,1,0.792,1.28023,1,1,0.425,1.21325,1,96.558,0.093,0.907,0.0,1.0,1.0,0.02,0.0,0.5,0.836,0.912,0.209,0.5,0.51,0.0,0.284,0.0,0,0,0.441,0.72,0.0,0.498,0.0,0.517,0.461,0.0,0.447,0.412,0.0,1.0,0.952
67240,2024.07.19 16:01:20,USDCADm,TREND_CONTINUATION,BUY,4,1.37252,1.37137,1.37369,1.02,0.469,1.37226,1.37325,1.37181,1,0.042,1.087,0.094,1.37063,1.36765,1.3706,1.36652,0,0.0,0.4,0,1.37226,0.663,0.665,0,0.0,0.0,1.37279,0.0,0.0,0,0,1,0.8,0.825,0.1957,0.825,1.0,2,0.616,1,0.124,1.37235,1.37118,0.0,1.222,0.0,2,0.25,0,0.616,0.9,3.0,0.3,0.342,0,1.37181,5,0.6,0.0,0.1,0.247,0.088,0.842,0.909,1.36818,1.36919,1.36338,-353355.7484,32494.1591,-1,1.36793,0.605,0.0,0.0,0.0,0.0,0,0.263,1,0,19507,0.706,0.582,0.441,17.0,17.0,0.1776,95.7,0.0,1,1,0.792,1.28023,1,1,0.425,1.21325,1,96.422,0.093,0.907,0.0,1.0,1.0,0.0,0.0,0.5,0.0,0.912,0.207,0.5,0.51,0.0,0.292,0.0,0,0,0.445,0.72,0.0,0.347,0.0,0.626,0.65,0.0,0.462,0.412,0.0,1.0,0.979
67242,2024.07.19 16:09:20,USDCADm,BREAKOUT,BUY,4,1.3724,1.37188,1.37369,2.5,0.326,1.37226,1.37325,1.37181,1,0.042,1.087,-0.0313,1.37063,1.36765,1.3706,1.36652,0,0.0,0.4,0,1.37226,0.663,0.665,0,0.0,0.0,1.37279,0.0,0.0,0,0,1,0.8,0.825,0.1957,0.825,1.0,2,0.616,1,0.124,1.37235,1.37118,0.125,1.097,0.0,2,0.25,0,0.616,0.9,3.0,0.3,0.342,0,1.37181,5,0.6,0.749,0.1,0.247,0.088,0.842,0.909,1.36818,1.36919,1.36338,-353355.7484,32494.1591,-1,1.36793,0.605,0.0,0.0,0.0,0.0,0,0.263,1,0,19507,0.706,0.582,0.441,17.0,17.0,0.1776,95.7,0.0,1,1,0.792,1.28023,1,1,0.425,1.21325,1,96.297,0.093,0.907,0.0,1.0,1.0,0.0,0.0,0.5,0.0,1.0,0.335,0.5,0.501,0.0,0.252,0.0,0,0,0.35,0.864,0.0,0.26,0.0,0.751,0.65,0.0,0.462,0.412,0.0,1.0,0.979
67243,2024.07.19 16:09:20,USDCADm,PULLBACK,BUY,4,1.3724,1.37188,1.37369,2.5,0.55,1.37226,1.37325,1.37181,1,0.042,1.087,-0.0313,1.37063,1.36765,1.3706,1.36652,0,0.0,0.4,0,1.37226,0.663,0.665,0,0.0,0.0,1.37279,0.0,0.0,0,0,1,0.8,0.825,0.1957,0.825,1.0,2,0.616,1,0.124,1.37235,1.37118,0.125,1.097,0.0,2,0.25,0,0.616,0.9,3.0,0.3,0.342,0,1.37181,5,0.6,0.749,0.1,0.247,0.088,0.842,0.909,1.36818,1.36919,1.36338,-353355.7484,32494.1591,-1,1.36793,0.605,0.0,0.0,0.0,0.0,0,0.263,1,0,19507,0.706,0.582,0.441,17.0,17.0,0.1776,95.7,0.0,1,1,0.792,1.28023,1,1,0.425,1.21325,1,96.297,0.093,0.907,0.0,1.0,1.0,0.0,0.0,0.5,0.0,1.0,0.335,0.5,0.501,0.0,0.252,0.0,0,0,0.35,0.864,0.0,0.26,0.0,0.751,0.65,0.0,0.462,0.412,0.0,1.0,0.979
67246,2024.07.19 18:00:00,USDCADm,BREAKOUT_RETEST,BUY,3,1.37249,1.37217,1.37325,2.36,0.54,1.37229,1.37308,1.37206,1,0.024,0.456,0.0245,1.37067,1.36765,1.37106,1.36652,0,0.0,0.55,0,1.37229,0.695,0.881,0,0.0,0.0,1.37293,0.0,0.0,0,0,1,0.8,1.0,0.1155,1.0,1.0,2,0.585,0,0.607,1.37234,1.37174,0.019,0.542,0.0,2,0.0,0,0.585,0.9,3.0,0.3,0.435,1,1.37308,4,0.6,0.963,0.0,0.3,0.121,0.863,0.879,1.36818,1.36919,1.36338,-353355.7484,32494.1591,-1,1.36793,0.605,0.0,0.0,0.0,0.0,0,0.263,1,0,19509,0.706,0.582,0.441,17.0,17.0,0.1585,107.3,0.0,1,1,0.792,1.28023,1,1,0.425,1.21325,1,85.995,0.093,0.907,0.0,1.0,1.0,0.14,0.0,0.5,0.0,0.602,0.433,0.5,0.519,0.0,0.415,0.0,0,0,0.362,0.736,0.0,0.428,0.0,0.47,0.65,0.0,0.46,0.412,0.0,1.0,0.979
67247,2024.07.19 18:01:20,USDCADm,TREND_CONTINUATION,BUY,3,1.37269,1.3714,1.37537,2.08,0.52,1.37229,1.37308,1.37206,1,0.024,0.456,0.2109,1.37067,1.36765,1.37106,1.36652,0,0.0,0.55,0,1.37229,0.695,0.881,0,0.0,0.0,1.37293,0.0,0.0,0,0,1,0.8,1.0,0.1155,1.0,0.728,2,0.585,0,0.607,1.37234,1.37174,0.168,0.728,0.0,2,0.0,0,0.585,1.022,3.0,0.341,0.449,1,1.37206,5,0.6,0.664,0.082,0.3,0.121,0.863,0.879,1.36818,1.36919,1.36338,-353355.7484,32494.1591,-1,1.36793,0.605,0.0,0.0,0.0,0.0,0,0.263,1,0,19509,0.706,0.582,0.441,17.0,17.0,0.1585,107.3,0.0,1,1,0.792,1.28023,1,1,0.425,1.21325,1,86.181,0.093,0.907,0.0,1.0,1.0,0.8,0.0,0.5,0.0,0.577,0.497,0.5,0.519,0.0,0.415,0.0,0,0,0.324,0.736,0.0,0.556,0.0,0.47,0.461,0.0,0.46,0.412,0.0,1.0,1.068
67250,2024.07.19 18:09:20,USDCADm,BREAKOUT,BUY,3,1.37259,1.37098,1.37527,1.67,0.349,1.37229,1.37308,1.37206,1,0.024,0.456,0.1177,1.37067,1.36765,1.37106,1.36652,0,0.0,0.55,0,1.37229,0.695,0.881,0,0.0,0.0,1.37293,0.0,0.0,0,0,1,0.8,1.0,0.1155,1.0,0.947,2,0.585,0,0.607,1.37234,1.37174,0.075,0.635,0.0,2,0.0,0,0.585,0.924,3.0,0.308,0.438,1,1.37206,5,0.6,0.851,0.016,0.3,0.121,0.863,0.879,1.36818,1.36919,1.36338,-353355.7484,32494.1591,-1,1.36793,0.605,0.0,0.0,0.0,0.0,0,0.263,1,0,19509,0.706,0.582,0.441,17.0,17.0,0.1585,107.3,0.0,1,1,0.792,1.28023,1,1,0.425,1.21325,1,86.088,0.093,0.907,0.0,1.0,1.0,0.38,0.0,0.5,0.0,0.543,0.531,0.5,0.521,0.0,0.398,0.0,0,0,0.334,0.736,0.0,0.556,0.0,0.47,0.65,0.0,0.46,0.412,0.0,1.0,0.979
67251,2024.07.19 18:09:20,USDCADm,PULLBACK,BUY,3,1.37259,1.37098,1.37581,2.0,0.589,1.37229,1.37308,1.37206,1,0.024,0.456,0.1177,1.37067,1.36765,1.37106,1.36652,0,0.0,0.55,0,1.37229,0.695,0.881,0,0.0,0.0,1.37293,0.0,0.0,0,0,1,0.8,1.0,0.1155,1.0,0.947,2,0.585,0,0.607,1.37234,1.37174,0.075,0.635,0.0,2,0.0,0,0.585,0.924,3.0,0.308,0.438,1,1.37206,5,0.6,0.851,0.016,0.3,0.121,0.863,0.879,1.36818,1.36919,1.36338,-353355.7484,32494.1591,-1,1.36793,0.605,0.0,0.0,0.0,0.0,0,0.263,1,0,19509,0.706,0.582,0.441,17.0,17.0,0.1585,107.3,0.0,1,1,0.792,1.28023,1,1,0.425,1.21325,1,86.088,0.093,0.907,0.0,1.0,1.0,0.38,0.0,0.5,0.0,0.543,0.531,0.5,0.521,0.0,0.398,0.0,0,0,0.334,0.736,0.0,0.556,0.0,0.47,0.65,0.0,0.46,0.412,0.0,1.0,0.979
67254,2024.07.19 20:00:00,USDCADm,BREAKOUT_RETEST,BUY,3,1.37325,1.3729,1.37386,1.76,0.498,1.37281,1.37327,1.37243,1,0.016,0.884,0.2328,1.37044,1.36765,1.37106,1.36652,0,0.0,0.5,0,1.37281,0.8,0.753,0,0.0,0.0,0.0,0.0,0.0,0,0,1,0.8,0.825,0.1404,0.825,0.911,2,0.578,0,0.57,1.3731,1.3734,0.021,0.274,-0.0772,1,0.55,0,0.578,0.94,3.0,0.313,0.346,0,1.37243,5,0.6,0.959,0.547,0.247,0.307,0.821,0.87,1.36818,1.36919,1.36338,-375511.7566,-22156.0082,-2,1.36793,0.602,0.0,0.0,0.0,0.0,0,0.254,1,0,19511,0.726,0.577,0.437,17.0,17.0,0.1466,116.0,0.0,1,1,0.792,1.28023,1,1,0.425,1.21325,1,80.19,0.047,0.953,0.0,0.0,1.0,0.28,0.0,0.5,0.0,0.64,0.42,0.5,0.535,0.0,0.329,0.0,0,0,0.34,0.72,0.0,0.365,0.0,0.214,0.65,0.0,0.442,0.412,0.0,1.0,0.952
67256,2024.07.19 20:01:20,USDCADm,TREND_CONTINUATION,BUY,3,1.37322,1.37183,1.37612,2.08,0.497,1.37281,1.37327,1.37243,1,0.016,0.884,0.2069,1.37044,1.36765,1.37106,1.36652,0,0.0,0.5,0,1.37281,0.8,0.753,0,0.0,0.0,0.0,0.0,0.0,0,0,1,0.8,0.825,0.1404,0.825,0.911,0,0.75,0,0.57,1.3731,1.3734,0.047,0.3,0.0,2,0.25,0,0.75,0.94,3.0,0.313,0.434,1,1.37243,5,0.6,0.907,0.127,0.247,0.202,0.821,0.87,1.36818,1.36919,1.36338,-375511.7566,-22156.0082,-2,1.36793,0.602,0.0,0.0,0.0,0.0,0,0.254,1,0,19511,0.726,0.577,0.437,17.0,17.0,0.1466,116.0,0.0,1,1,0.792,1.28023,1,1,0.425,1.21325,1,80.164,0.047,0.953,0.0,0.0,1.0,0.08,0.0,0.5,0.0,0.64,0.454,0.5,0.535,0.0,0.365,0.0,0,0,0.334,0.72,0.0,0.35,0.0,0.323,0.65,0.0,0.452,0.412,0.0,1.0,1.068
67258,2024.07.19 20:09:20,USDCADm,BREAKOUT,BUY,3,1.37324,1.3715,1.37614,1.67,0.348,1.37281,1.37327,1.37243,1,0.016,0.884,0.2241,1.37044,1.36765,1.37106,1.36652,0,0.0,0.5,0,1.37281,0.8,0.753,0,0.0,0.0,0.0,0.0,0.0,0,0,1,0.8,0.825,0.1404,0.825,0.911,0,0.75,0,0.57,1.3731,1.3734,0.029,0.283,0.0,2,0.25,0,0.75,0.94,3.0,0.313,0.434,1,1.37243,5,0.6,0.941,0.127,0.247,0.202,0.821,0.87,1.36818,1.36919,1.36338,-375511.7566,-22156.0082,-2,1.36793,0.602,0.0,0.0,0.0,0.0,0,0.254,1,0,19511,0.726,0.577,0.437,17.0,17.0,0.1466,116.0,0.0,1,1,0.792,1.28023,1,1,0.425,1.21325,1,80.181,0.047,0.953,0.0,0.0,1.0,0.2,0.0,0.5,0.0,0.701,0.468,0.5,0.523,0.0,0.397,0.0,0,0,0.335,0.72,0.0,0.35,0.0,0.323,0.65,0.0,0.452,0.412,0.0,1.0,1.068
67259,2024.07.19 20:09:20,USDCADm,PULLBACK,BUY,3,1.37324,1.3715,1.37672,2.0,0.573,1.37281,1.37327,1.37243,1,0.016,0.884,0.2241,1.37044,1.36765,1.37106,1.36652,0,0.0,0.5,0,1.37281,0.8,0.753,0,0.0,0.0,0.0,0.0,0.0,0,0,1,0.8,0.825,0.1404,0.825,0.911,0,0.75,0,0.57,1.3731,1.3734,0.029,0.283,0.0,2,0.25,0,0.75,0.94,3.0,0.313,0.434,1,1.37243,5,0.6,0.941,0.127,0.247,0.202,0.821,0.87,1.36818,1.36919,1.36338,-375511.7566,-22156.0082,-2,1.36793,0.602,0.0,0.0,0.0,0.0,0,0.254,1,0,19511,0.726,0.577,0.437,17.0,17.0,0.1466,116.0,0.0,1,1,0.792,1.28023,1,1,0.425,1.21325,1,80.181,0.047,0.953,0.0,0.0,1.0,0.2,0.0,0.5,0.0,0.701,0.468,0.5,0.523,0.0,0.397,0.0,0,0,0.335,0.72,0.0,0.35,0.0,0.323,0.65,0.0,0.452,0.412,0.0,1.0,1.068
0,2024.07.21 21:05:00,USDCADm,TREND_CONTINUATION,BUY,3,1.37301,1.37162,1.37451,1.08,0.532,1.37287,1.37323,1.37261,0,1.299,0.134,-1.2985,1.37067,1.36765,1.37106,1.36652,0,0.0,0.3,4,1.37287,0.773,0.599,0,0.0,0.0,0.0,0.0,0.0,0,0,1,0.8,1.0,0.1436,1.0,0.009,0,0.682,0,0.536,1.37303,1.37184,1.433,0.403,-0.1895,1,0.15,0,0.682,1.346,3.0,0.449,0.488,1,1.37287,8,0.755,0.0,0.657,0.3,0.31,0.931,1.0,1.36818,1.36919,1.36338,-398866.3075,-23354.551,-2,1.36793,0.6,0.0,0.0,0.0,0.0,0,0.277,1,0,19512,0.726,0.577,0.437,164.0,29.4,1.419,115.6,0.0,1,1,0.792,1.28023,1,1,0.425,1.21325,1,80.279,0.047,0.953,0.0,0.0,1.0,0.0,0.0,0.5,0.0,1.0,0.443,0.5,0.503,0.0,0.292,0.0,0,0,0.302,0.157,0.0,0.815,0.0,0.232,0.403,0.0,0.447,0.412,0.0,1.0,0.925
0,2024.07.21 21:05:00,USDCADm,SWEEP_REVERSAL,BUY,3,1.37301,1.37185,1.37451,1.3,0.247,1.37287,1.37323,1.37261,0,1.299,0.134,-1.2985,1.37067,1.36765,1.37106,1.36652,0,0.0,0.3,4,1.37287,0.773,0.599,0,0.0,0.0,0.0,0.0,0.0,0,0,1,0.8,1.0,0.1436,1.0,0.009,0,0.714,0,0.536,1.37303,1.37184,1.433,0.403,0.0,2,0.15,0,0.714,1.346,3.0,0.449,0.496,1,1.37287,8,0.755,0.0,0.357,0.3,0.31,0.931,1.0,1.36818,1.36919,1.36338,-398866.3075,-23354.551,-2,1.36793,0.6,0.0,0.0,0.0,0.0,0,0.277,1,0,19512,0.726,0.577,0.437,164.0,30.7,1.419,115.6,0.0,1,1,0.792,1.28023,1,1,0.425,1.21325,1,80.279,0.047,0.953,0.0,0.0,1.0,0.0,0.0,0.5,0.0,1.0,0.443,0.5,0.503,0.0,0.321,0.0,0,0,0.314,0.247,0.0,0.958,0.0,0.352,0.403,0.0,0.447,0.412,0.0,1.0,0.991
0,2024.07.21 21:05:00,USDCADm,MEAN_REVERSION,BUY,3,1.37301,1.37209,1.37451,1.62,0.644,1.37287,1.37323,1.37261,0,1.299,0.134,-1.2985,1.37067,1.36765,1.37106,1.36652,0,0.0,0.3,4,1.37287,0.773,0.599,0,0.0,0.0,0.0,0.0,0.0,0,0,1,0.8,1.0,0.1436,1.0,0.009,0,0.714,0,0.536,1.37303,1.37184,1.433,0.403,0.0,2,0.15,0,0.714,1.346,3.0,0.449,0.496,1,1.37287,8,0.755,0.0,0.357,0.3,0.31,0.931,1.0,1.36818,1.36919,1.36338,-398866.3075,-23354.551,-2,1.36793,0.6,0.0,0.0,0.0,0.0,0,0.277,1,0,19512,0.726,0.577,0.437,164.0,32.1,1.419,115.6,0.0,1,1,0.792,1.28023,1,1,0.425,1.21325,1,80.279,0.047,0.953,0.0,0.0,1.0,0.0,0.0,0.5,0.0,1.0,0.443,0.5,0.503,0.0,0.321,0.0,0,0,0.314,0.247,0.0,0.958,0.0,0.352,0.403,0.0,0.447,0.412,0.0,1.0,0.991
67262,2024.07.21 22:00:00,USDCADm,PULLBACK,BUY,1,1.37231,1.37183,1.37309,1.64,0.741,1.37287,1.37323,1.37251,0,0.597,0.05,-0.6883,1.37067,1.36765,1.37106,1.36652,0,0.0,0.35,0,1.37308,0.718,0.357,0,0.0,0.0,1.37173,0.0,0.0,0,0,1,1.0,1.0,0.1295,1.0,0.167,0,0.747,3,0.441,1.37282,1.3722,0.643,0.095,0.0912,0,0.15,2,0.865,1.725,3.0,0.575,0.563,2,1.37287,1,0.7,0.0,0.31,1.0,0.053,0.901,0.935,1.36818,1.36919,1.36338,-398866.3075,-23354.551,-2,1.36793,0.6,0.0,0.0,0.0,0.0,0,0.277,1,0,19513,0.726,0.577,0.437,22.0,90.4,0.194,113.4,0.0,1,1,0.792,1.28023,1,1,0.425,1.21325,1,81.179,0.047,0.953,0.0,0.0,1.0,0.99,0.0,0.5,0.0,0.726,0.565,0.5,0.466,0.0,0.208,0.0,0,0,0.262,0.432,0.0,0.457,0.0,0.564,0.65,0.0,0.411,0.412,0.0,1.0,1.032
67264,2024.07.21 22:19:40,USDCADm,BREAKOUT,BUY,1,1.37,1.3683,1.3733,1.94,0.522,1.37287,1.37323,1.37251,0,0.597,0.05,-2.7248,1.37067,1.36765,1.37106,1.36652,1,0.0,0.35,0,1.37308,0.718,0.357,0,0.0,0.0,1.37173,0.0,0.0,0,0,1,1.0,1.0,0.1295,1.0,0.04,0,0.747,3,0.441,1.37282,1.37147,2.679,1.493,0.0,2,0.15,0,0.747,1.332,3.0,0.444,0.487,1,1.37308,8,0.744,0.0,0.348,0.3,0.053,0.901,0.852,1.36818,1.36919,1.36338,-398866.3075,-23354.551,-2,1.36793,0.6,0.0,0.0,0.0,0.0,0,0.277,1,0,19513,0.726,0.577,0.437,22.0,24.6,0.194,113.4,0.0,1,1,0.792,1.28023,1,1,0.425,1.21325,1,79.142,0.047,0.953,0.0,0.0,1.0,0.51,0.0,0.5,0.648,0.374,0.299,0.5,0.766,0.0,0.206,0.0,0,0,0.433,0.431,0.0,0.968,0.0,0.278,0.281,0.0,0.483,0.412,0.0,1.0,0.901
67266,2024.07.21 23:05:00,USDCADm,MEAN_REVERSION,BUY,1,1.37089,1.36987,1.37189,0.98,0.613,1.37312,1.37342,1.37182,0,0.673,0.203,-1.8781,1.37166,1.36765,1.37106,1.36652,1,0.0,0.4,2,1.37312,0.788,0.19,0,0.0,0.0,1.37061,0.0,0.0,0,0,0,0.818,0.5701,0.0181,0.57,0.339,2,0.625,3,0.749,1.37172,1.37032,0.783,0.313,0.0,2,0.4,0,0.625,1.198,3.0,0.399,0.38,1,1.37172,2,0.55,0.0,0.358,0.171,0.14,0.403,0.952,1.36818,1.36919,1.36338,-398866.3075,-23354.551,-2,1.36793,0.6,0.0,0.0,0.0,0.0,0,0.277,1,0,19514,0.726,0.577,0.437,17.0,33.4,0.133,127.8,0.0,1,1,0.792,1.28023,1,1,0.425,1.21325,1,70.947,0.047,0.953,0.0,0.0,1.0,0.69,0.0,0.5,0.0,1.0,0.371,0.5,0.605,0.0,0.794,0.0,0,0,0.576,0.577,0.302,0.868,0.0,0.447,0.574,0.0,0.458,0.412,0.0,1.0,0.901
67268,2024.07.21 23:06:40,USDCADm,SWEEP_REVERSAL,BUY,1,1.3708,1.36952,1.37189,0.85,0.25,1.37312,1.37342,1.37182,0,0.673,0.203,-1.9486,1.37166,1.36765,1.37106,1.36652,1,0.0,0.4,2,1.37312,0.788,0.19,0,0.0,0.0,1.37061,0.0,0.0,0,0,0,0.818,0.5701,0.0181,0.57,0.339,2,0.625,3,0.749,1.37172,1.37032,0.853,0.243,0.0,2,0.4,0,0.625,1.198,3.0,0.399,0.38,1,1.37172,2,0.55,0.0,0.358,0.171,0.14,0.403,0.952,1.36818,1.36919,1.36338,-398866.3075,-23354.551,-2,1.36793,0.6,0.0,0.0,0.0,0.0,0,0.277,1,0,19514,0.726,0.577,0.437,17.0,30.6,0.133,127.8,0.0,1,1,0.792,1.28023,1,1,0.425,1.21325,1,70.876,0.047,0.953,0.0,0.0,1.0,0.6,0.0,0.5,0.0,1.0,0.312,0.5,0.588,0.0,0.722,0.0,0,0,0.578,0.577,0.302,0.695,0.0,0.447,0.574,0.0,0.458,0.412,0.0,1.0,0.901
67270,2024.07.22 00:00:20,USDCADm,NAKED_POC,BUY,1,1.37084,1.37013,1.37164,1.13,0.572,1.37052,1.37222,1.36942,1,0.016,0.3,0.1183,1.37166,1.36765,1.37106,1.36652,1,0.0,0.7,0,1.37052,0.728,0.238,0,0.0,0.0,0.0,1.37164,0.709,0,0,0,0.675,-0.685,-0.0754,0.685,0.994,2,0.625,3,0.468,1.37062,1.37032,0.039,0.276,0.0,2,0.15,0,0.625,0.23,0.765,0.301,0.343,0,1.37164,6,0.65,0.921,0.062,0.206,0.053,0.993,0.953,1.36818,1.36919,1.36338,-372591.4913,26274.8162,-1,1.36793,0.598,0.0,0.0,0.0,0.0,0,0.353,1,0,19515,0.726,0.577,0.437,17.0,17.0,0.1341,126.8,0.0,1,1,0.792,1.28023,1,1,0.425,1.21325,1,71.467,0.083,0.917,0.0,1.0,1.0,0.76,0.0,0.5,0.0,0.806,0.65,0.5,0.576,0.0,0.296,0.0,0,0,0.381,0.711,0.593,0.559,0.0,0.966,0.501,0.0,0.488,0.412,0.0,1.0,0.74
67272,2024.07.22 02:36:40,USDCADm,ANCHORED_PULLBACK,BUY,1,1.37285,1.3719,1.37384,1.05,0.227,1.37068,1.3716,1.37043,0,0.808,1.851,1.5512,1.37166,1.36765,1.37151,1.36652,0,0.0,0.35,0,1.37169,0.631,0.247,0,0.0,0.0,1.37179,0.0,0.0,0,0,1,0.825,-0.58,-0.1688,0.58,0.077,0,0.665,0,0.879,1.37169,1.37009,0.769,2.007,0.0,2,0.25,0,0.665,1.316,3.0,0.439,0.481,1,1.37169,8,0.726,0.0,0.377,0.174,0.263,0.714,0.938,1.36818,1.36919,1.36338,-372591.4913,26274.8162,-1,1.36793,0.598,0.0,0.0,0.0,0.0,0,0.353,1,0,19517,0.726,0.577,0.437,17.0,17.0,0.1319,128.9,0.0,1,1,0.792,1.28023,1,1,0.425,1.21325,0,71.838,0.083,0.917,0.0,1.0,0.5,0.0,0.0,0.5,0.0,0.647,0.341,0.5,0.53,0.0,0.38,0.0,0,0,0.406,0.435,0.0,0.396,0.0,0.368,0.873,0.0,0.443,0.4,0.0,1.0,0.899
67274,2024.07.22 06:00:00,USDCADm,BREAKOUT,BUY,1,1.37364,1.37216,1.37611,1.67,0.311,1.37308,1.3735,1.37286,1,0.201,0.059,0.3954,1.37298,1.36765,1.37197,1.36697,0,0.0,0.5,0,1.37308,0.711,0.36,0,0.0,0.0,0.0,0.0,0.0,0,0,1,0.675,0.51,0.0728,0.51,0.551,0,0.769,0,0.523,1.37327,1.37353,0.201,0.059,0.0,2,0.4,0,0.769,1.102,3.0,0.367,0.435,1,1.37308,8,0.742,0.599,0.295,0.153,0.245,0.873,0.843,1.36818,1.36919,1.36774,-87132.1321,285459.3592,-1,1.36793,0.595,0.0,0.0,0.0,0.0,0,0.297,1,0,19521,0.727,0.572,0.437,17.0,17.0,0.1723,98.6,0.0,1,1,0.792,1.28023,1,1,0.425,1.21325,0,94.695,0.504,0.496,0.0,1.0,0.5,0.84,0.0,0.5,0.0,0.424,0.626,0.5,0.565,0.0,0.367,0.0,0,0,0.392,0.566,0.0,0.354,0.0,0.273,0.757,0.0,0.498,0.4,0.0,1.0,0.972
67275,2024.07.22 06:00:20,USDCADm,PULLBACK,BUY,1,1.37364,1.37216,1.3766,2.0,0.507,1.37308,1.3735,1.37286,1,0.201,0.059,0.3954,1.37298,1.36765,1.37197,1.36697,0,0.0,0.5,0,1.37308,0.711,0.36,0,0.0,0.0,0.0,0.0,0.0,0,0,1,0.675,0.51,0.0728,0.51,0.551,0,0.769,0,0.523,1.37327,1.37353,0.201,0.059,0.0,2,0.4,0,0.769,1.102,3.0,0.367,0.435,1,1.37308,8,0.742,0.599,0.295,0.153,0.245,0.873,0.843,1.36818,1.36919,1.36774,-87132.1321,285459.3592,-1,1.36793,0.595,0.0,0.0,0.0,0.0,0,0.297,1,0,19521,0.727,0.572,0.437,17.0,17.0,0.1723,98.6,0.0,1,1,0.792,1.28023,1,1,0.425,1.21325,0,94.695,0.504,0.496,0.0,1.0,0.5,0.83,0.0,0.5,0.0,0.424,0.622,0.5,0.565,0.0,0.367,0.0,0,0,0.389,0.566,0.0,0.354,0.0,0.273,0.757,0.0,0.498,0.4,0.0,1.0,0.972
67276,2024.07.22 06:12:40,USDCADm,TREND_CONTINUATION,BUY,1,1.37333,1.37215,1.3758,2.08,0.417,1.37308,1.3735,1.37286,1,0.201,0.059,0.0811,1.37298,1.36765,1.37197,1.36697,0,0.0,0.5,0,1.37308,0.711,0.36,0,0.0,0.0,0.0,0.0,0.0,0,0,1,0.675,0.51,0.0728,0.51,0.766,0,0.769,0,0.523,1.37311,1.37353,0.049,0.373,0.0,2,0.4,0,0.769,1.005,3.0,0.335,0.424,1,1.37286,5,0.6,0.903,0.23,0.153,0.245,0.87,0.843,1.36818,1.36919,1.36774,-87132.1321,285459.3592,-1,1.36793,0.595,0.0,0.0,0.0,0.0,0,0.297,1,0,19521,0.727,0.572,0.437,17.0,17.0,0.1723,98.6,0.0,1,1,0.792,1.28023,1,1,0.425,1.21325,0,94.381,0.504,0.496,0.0,1.0,0.5,0.12,0.0,0.5,0.0,0.365,0.319,0.5,0.697,0.0,0.6,0.0,0,0,0.558,0.603,0.0,0.318,0.0,0.284,0.65,0.0,0.524,0.4,0.0,1.0,0.892
67280,2024.07.22 08:00:00,USDCADm,BREAKOUT,BUY,2,1.37462,1.37324,1.37692,1.67,0.599,1.3734,1.3741,1.37294,0,0.149,0.031,1.141,1.37298,1.36765,1.37242,1.36697,0,0.0,0.7,0,1.37431,0.757,0.092,0,0.0,0.0,1.37435,0.0,0.0,0,0,1,0.825,0.755,0.4066,0.755,0.054,0,0.661,3,0.502,1.37427,1.37448,0.194,0.031,0.1412,0,0.15,2,0.942,1.776,3.0,0.592,0.604,2,1.3734,1,0.7,0.611,0.344,0.926,0.053,0.971,0.938,1.36818,1.36919,1.36774,-85016.7434,2115.3887,-1,1.36793,0.593,0.0,0.0,0.0,0.0,0,0.239,1,0,19523,0.727,0.572,0.437,17.0,17.0,0.1846,92.1,0.0,1,1,0.792,1.28023,1,1,0.425,1.21325,0,102.518,0.017,0.983,0.0,1.0,0.5,0.96,0.0,0.5,0.0,1.0,0.577,0.5,0.536,0.0,0.477,0.0,0,0,0.398,0.537,0.0,0.517,0.0,0.969,0.65,0.0,0.46,0.4,0.0,1.0,1.108
67281,2024.07.22 08:00:20,USDCADm,PULLBACK,BUY,2,1.37469,1.37331,1.37745,2.0,0.438,1.3734,1.3741,1.37294,0,0.149,0.031,1.217,1.37298,1.36765,1.37242,1.36697,0,0.0,0.7,0,1.37431,0.757,0.092,0,0.0,0.0,1.37435,0.0,0.0,0,0,1,0.825,0.755,0.4066,0.755,0.054,0,0.69,3,0.502,1.37427,1.37448,0.27,0.045,0.0,2,0.15,0,0.69,1.326,3.0,0.442,0.489,1,1.3734,1,0.7,0.459,0.344,0.226,0.053,0.971,0.938,1.36818,1.36919,1.36774,-85016.7434,2115.3887,-1,1.36793,0.593,0.0,0.0,0.0,0.0,0,0.239,1,0,19523,0.727,0.572,0.437,17.0,17.0,0.1846,92.1,0.0,1,1,0.792,1.28023,1,1,0.425,1.21325,0,102.594,0.017,0.983,0.0,1.0,0.5,0.98,0.0,0.5,0.0,1.0,0.586,0.5,0.536,0.0,0.477,0.0,0,0,0.403,0.527,0.0,0.477,0.0,0.613,0.721,0.0,0.537,0.4,0.0,1.0,1.019
67282,2024.07.22 08:00:20,USDCADm,ANCHORED_PULLBACK,BUY,2,1.37469,1.37439,1.37636,5.51,0.498,1.3734,1.3741,1.37294,0,0.149,0.031,1.217,1.37298,1.36765,1.37242,1.36697,0,0.0,0.7,0,1.37431,0.757,0.092,0,0.0,0.0,1.37435,0.0,0.0,0,0,1,0.825,0.755,0.4066,0.755,0.054,0,0.69,3,0.502,1.37427,1.37448,0.27,0.045,0.0,2,0.15,0,0.69,1.326,3.0,0.442,0.489,1,1.3734,1,0.7,0.459,0.344,0.226,0.053,0.971,0.938,1.36818,1.36919,1.36774,-85016.7434,2115.3887,-1,1.36793,0.593,0.0,0.0,0.0,0.0,0,0.239,1,0,19523,0.727,0.572,0.437,17.0,17.0,0.1846,92.1,0.0,1,1,0.792,1.28023,1,1,0.425,1.21325,0,102.594,0.017,0.983,0.0,1.0,0.5,0.97,0.0,0.5,0.0,1.0,0.586,0.5,0.536,0.0,0.477,0.0,0,0,0.403,0.527,0.0,0.477,0.0,0.613,0.721,0.0,0.537,0.4,0.0,1.0,1.019
67286,2024.07.22 08:12:40,USDCADm,TREND_CONTINUATION,BUY,2,1.37434,1.37324,1.37664,2.08,0.508,1.3734,1.3741,1.37294,0,0.149,0.031,0.8369,1.37298,1.36765,1.37242,1.36697,0,0.0,0.7,0,1.37431,0.757,0.092,0,0.0,0.0,1.37435,0.0,0.0,0,0,1,0.825,0.755,0.4066,0.755,0.463,0,0.69,3,0.502,1.37427,1.37448,0.11,0.335,0.0,2,0.15,0,0.69,1.142,3.0,0.381,0.467,1,1.3734,1,0.7,0.781,0.221,0.226,0.053,0.971,0.938,1.36818,1.36919,1.36774,-85016.7434,2115.3887,-1,1.36793,0.593,0.0,0.0,0.0,0.0,0,0.239,1,0,19523,0.727,0.572,0.437,17.0,17.0,0.1846,92.1,0.0,1,1,0.792,1.28023,1,1,0.425,1.21325,0,102.214,0.017,0.983,0.0,1.0,0.5,0.0,0.0,0.5,0.0,1.0,0.397,0.5,0.537,0.0,0.379,0.0,0,0,0.375,0.727,0.0,0.716,0.0,0.739,0.46,0.0,0.518,0.4,0.0,1.0,1.019
67288,2024.07.22 08:29:40,USDCADm,BREAKOUT_RETEST,BUY,2,1.37396,1.37348,1.37486,1.86,0.538,1.3734,1.3741,1.37294,1,0.149,0.031,0.4241,1.37298,1.36765,1.37242,1.36697,0,0.0,0.7,0,1.37431,0.757,0.092,0,0.0,0.0,1.37435,0.0,0.0,0,0,1,0.825,0.755,0.4066,0.755,0.453,0,0.69,3,0.502,1.37336,1.37361,0.469,0.199,0.0,2,0.15,0,0.69,1.146,3.0,0.382,0.466,1,1.3734,1,0.7,0.062,0.224,0.226,0.053,0.954,0.781,1.36818,1.36919,1.36774,-85016.7434,2115.3887,-1,1.36793,0.593,0.0,0.0,0.0,0.0,0,0.239,1,0,19523,0.727,0.572,0.437,17.0,17.0,0.1846,92.1,0.0,1,1,0.792,1.28023,1,1,0.425,1.21325,0,101.801,0.017,0.983,0.0,1.0,0.5,0.0,0.0,0.5,0.0,0.996,0.282,0.5,0.517,0.0,0.291,0.0,0,0,0.402,0.545,0.0,0.334,0.0,0.6,0.711,0.0,0.538,0.4,0.0,1.0,0.93
67290,2024.07.22 10:00:00,USDCADm,BREAKOUT,BUY,2,1.37443,1.37304,1.37675,1.67,0.276,1.37433,1.37445,1.37372,1,0.015,1.151,-0.0729,1.37298,1.36765,1.37242,1.36697,0,0.0,0.45,2,1.37433,0.717,0.7,0,0.0,0.0,0.0,0.0,0.0,0,0,1,0.65,0.825,0.4427,0.825,0.836,2,0.603,2,0.131,1.37425,1.37311,0.015,1.239,-0.2623,1,0.3,0,0.603,0.974,3.0,0.325,0.322,0,1.37372,5,0.6,0.971,0.469,0.247,0.105,0.692,0.94,1.36818,1.36919,1.36774,-85016.7434,2115.3887,-1,1.36793,0.593,0.0,0.0,0.0,0.0,0,0.239,1,0,19525,0.727,0.572,0.437,17.0,17.0,0.1835,92.6,0.0,1,1,0.792,1.28023,1,1,0.425,1.21325,0,101.681,0.017,0.983,0.0,1.0,0.5,0.37,0.0,0.5,0.0,0.844,0.458,0.5,0.529,0.0,0.277,0.0,0,0,0.295,0.864,0.0,0.35,0.0,0.246,0.65,0.0,0.545,0.4,0.0,1.0,0.921
67291,2024.07.22 10:00:20,USDCADm,PULLBACK,BUY,2,1.37443,1.37304,1.37721,2.0,0.511,1.37433,1.37445,1.37372,1,0.015,1.151,-0.0729,1.37298,1.36765,1.37242,1.36697,0,0.0,0.45,2,1.37433,0.717,0.7,0,0.0,0.0,0.0,0.0,0.0,0,0,1,0.65,0.825,0.4427,0.825,0.836,2,0.603,2,0.131,1.37425,1.37311,0.015,1.239,0.0,2,0.0,0,0.603,0.974,3.0,0.325,0.367,1,1.37372,5,0.6,0.971,0.049,0.247,0.0,0.692,0.94,1.36818,1.36919,1.36774,-85016.7434,2115.3887,-1,1.36793,0.593,0.0,0.0,0.0,0.0,0,0.239,1,0,19525,0.727,0.572,0.437,17.0,17.0,0.1835,92.6,0.0,1,1,0.792,1.28023,1,1,0.425,1.21325,0,101.681,0.017,0.983,0.0,1.0,0.5,0.37,0.0,0.5,0.0,0.844,0.459,0.5,0.529,0.0,0.292,0.0,0,0,0.3,0.879,0.0,0.342,0.0,0.384,0.65,0.0,0.545,0.4,0.0,1.0,0.983
67294,2024.07.22 10:12:40,USDCADm,TREND_CONTINUATION,BUY,2,1.37446,1.37335,1.37678,2.08,0.422,1.37433,1.37445,1.37372,1,0.015,1.151,-0.0405,1.37298,1.36765,1.37242,1.36697,0,0.0,0.45,2,1.37433,0.717,0.7,0,0.0,0.0,0.0,0.0,0.0,0,0,1,0.65,0.825,0.4427,0.825,1.0,2,0.603,2,0.131,1.37425,1.37311,0.047,1.271,0.0,2,0.0,0,0.603,0.9,3.0,0.3,0.359,1,1.37372,5,0.6,0.906,0.0,0.247,0.0,0.692,0.94,1.36818,1.36919,1.36774,-85016.7434,2115.3887,-1,1.36793,0.593,0.0,0.0,0.0,0.0,0,0.239,1,0,19525,0.727,0.572,0.437,17.0,17.0,0.1835,92.6,0.0,1,1,0.792,1.28023,1,1,0.425,1.21325,0,101.713,0.017,0.983,0.0,1.0,0.5,0.63,0.0,0.5,0.0,0.797,0.59,0.5,0.54,0.0,0.364,0.0,0,0,0.361,0.879,0.0,0.342,0.0,0.384,0.65,0.0,0.545,0.4,0.0,1.0,0.983
67296,2024.07.22 10:29:40,USDCADm,BREAKOUT_RETEST,BUY,2,1.37453,1.37425,1.37498,1.63,0.442,1.37433,1.37445,1.37372,1,0.015,1.151,0.0351,1.37298,1.36765,1.37242,1.36697,0,0.0,0.45,2,1.37433,0.717,0.7,0,0.0,0.0,0.0,0.0,0.0,0,0,1,0.65,0.825,0.4427,0.825,1.0,2,0.603,2,0.131,1.37425,1.37311,0.123,1.347,0.0,2,0.0,0,0.603,0.9,3.0,0.3,0.359,1,1.37372,5,0.6,0.755,0.0,0.247,0.0,0.692,0.94,1.36818,1.36919,1.36774,-85016.7434,2115.3887,-1,1.36793,0.593,0.0,0.0,0.0,0.0,0,0.239,1,0,19525,0.727,0.572,0.437,17.0,17.0,0.1835,92.6,0.0,1,1,0.792,1.28023,1,1,0.425,1.21325,0,101.789,0.017,0.983,0.0,1.0,0.5,0.71,0.0,0.5,0.0,0.997,0.471,0.5,0.552,0.0,0.382,0.0,0,0,0.336,0.732,0.0,0.257,0.0,0.32,0.65,0.0,0.545,0.4,0.0,1.0,1.117
67298,2024.07.22 12:00:00,USDCADm,BREAKOUT,BUY,2,1.37507,1.37456,1.37735,4.46,0.638,1.37432,1.3746,1.37395,0,0.461,0.013,0.6394,1.37291,1.36764,1.37233,1.36697,0,0.0,0.4,0,1.37432,0.662,0.575,0,0.0,0.0,1.37445,0.0,0.0,0,0,1,1.0,0.72,0.2876,0.72,0.046,0,0.758,0,0.468,1.37436,1.37489,0.595,0.013,0.3368,0,0.4,2,1.0,1.779,3.0,0.593,0.553,2,1.37432,8,0.732,0.0,0.446,0.916,0.234,0.773,0.94,1.36818,1.36333,1.36752,241016.8447,326033.5881,2,1.36793,0.59,0.0,0.0,0.0,0.0,0,0.228,1,0,19527,0.727,0.572,0.437,17.0,17.0,0.1865,91.1,0.0,1,1,0.792,1.28023,1,1,0.425,1.21325,0,104.056,0.007,0.993,0.0,0.0,0.5,0.81,0.0,0.5,0.0,0.406,0.755,0.5,0.457,0.0,0.473,0.0,0,0,0.479,0.414,0.0,0.457,0.0,0.657,0.722,0.0,0.474,0.4,0.0,1.0,1.109
67299,2024.07.22 12:00:20,USDCADm,PULLBACK,BUY,2,1.37501,1.37456,1.37774,6.06,0.475,1.37432,1.3746,1.37395,0,0.461,0.013,0.5736,1.37291,1.36764,1.37233,1.36697,0,0.0,0.4,0,1.37432,0.662,0.575,0,0.0,0.0,1.37445,0.0,0.0,0,0,1,1.0,0.72,0.2876,0.72,0.098,0,0.765,0,0.468,1.37436,1.37489,0.529,0.052,0.0,2,0.4,0,0.765,1.306,3.0,0.435,0.439,1,1.37432,8,0.732,0.0,0.431,0.216,0.234,0.773,0.94,1.36818,1.36333,1.36752,241016.8447,326033.5881,2,1.36793,0.59,0.0,0.0,0.0,0.0,0,0.228,1,0,19527,0.727,0.572,0.437,17.0,17.0,0.1865,91.1,0.0,1,1,0.792,1.28023,1,1,0.425,1.21325,0,103.991,0.007,0.993,0.0,0.0,0.5,0.72,0.0,0.5,0.0,0.483,0.727,0.5,0.519,0.0,0.436,0.0,0,0,0.466,0.424,0.0,0.499,0.0,0.364,0.872,0.0,0.535,0.4,0.0,1.0,1.02
67300,2024.07.22 12:00:20,USDCADm,ANCHORED_PULLBACK,BUY,2,1.37501,1.37418,1.37666,1.98,0.354,1.37432,1.3746,1.37395,0,0.461,0.013,0.5736,1.37291,1.36764,1.37233,1.36697,0,0.0,0.4,0,1.37432,0.662,0.575,0,0.0,0.0,1.37445,0.0,0.0,0,0,1,1.0,0.72,0.2876,0.72,0.098,0,0.765,0,0.468,1.37436,1.37489,0.529,0.052,0.0,2,0.4,0,0.765,1.306,3.0,0.435,0.439,1,1.37432,8,0.732,0.0,0.431,0.216,0.234,0.773,0.94,1.36818,1.36333,1.36752,241016.8447,326033.5881,2,1.36793,0.59,0.0,0.0,0.0,0.0,0,0.228,1,0,19527,0.727,0.572,0.437,17.0,17.0,0.1865,91.1,0.0,1,1,0.792,1.28023,1,1,0.425,1.21325,0,103.991,0.007,0.993,0.0,0.0,0.5,0.71,0.0,0.5,0.0,0.483,0.727,0.5,0.519,0.0,0.436,0.0,0,0,0.466,0.424,0.0,0.499,0.0,0.364,0.872,0.0,0.535,0.4,0.0,1.0,1.02
67304,2024.07.22 12:12:40,USDCADm,TREND_CONTINUATION,BUY,2,1.37503,1.37394,1.37731,2.08,0.558,1.37432,1.3746,1.37395,0,0.461,0.013,0.5955,1.37291,1.36764,1.37233,1.36697,0,0.0,0.4,0,1.37432,0.662,0.575,0,0.0,0.0,1.37445,0.0,0.0,0,0,1,1.0,0.72,0.2876,0.72,0.046,0,0.765,0,0.468,1.37436,1.37489,0.551,0.03,0.0,2,0.4,0,0.765,1.329,3.0,0.443,0.442,1,1.37432,8,0.732,0.0,0.446,0.216,0.234,0.773,0.94,1.36818,1.36333,1.36752,241016.8447,326033.5881,2,1.36793,0.59,0.0,0.0,0.0,0.0,0,0.228,1,0,19527,0.727,0.572,0.437,17.0,17.0,0.1865,91.1,0.0,1,1,0.792,1.28023,1,1,0.425,1.21325,0,104.013,0.007,0.993,0.0,0.0,0.5,0.37,0.0,0.5,0.0,0.448,0.67,0.5,0.626,0.0,0.513,0.0,0,0,0.495,0.414,0.0,0.499,0.0,0.364,0.872,0.0,0.535,0.4,0.0,1.0,1.02
67306,2024.07.22 13:05:40,USDCADm,BREAKOUT_RETEST,BUY,4,1.37488,1.37436,1.37564,1.46,0.626,1.37427,1.37502,1.37413,1,0.001,1.158,0.5752,1.37285,1.36771,1.37213,1.36701,0,0.0,0.5,0,1.37427,0.68,0.0,1,0.0,0.0,0.0,0.0,0.0,0,0,1,1.0,0.93,0.2836,0.93,0.224,2,0.543,0,0.672,1.37502,1.37409,0.408,0.807,0.0,2,0.0,4,0.563,1.549,3.0,0.516,0.474,1,1.37427,8,0.736,0.184,0.233,0.279,0.134,0.549,0.914,1.36818,1.36333,1.36752,241016.8447,326033.5881,2,1.36793,0.59,0.0,0.0,0.0,0.0,0,0.228,1,0,19528,0.727,0.572,0.437,17.0,17.0,0.221,76.9,0.0,1,1,0.792,1.28023,1,1,0.425,1.21325,0,123.036,0.007,0.993,0.0,0.0,0.5,0.0,0.0,0.5,0.0,0.526,0.298,0.5,0.472,0.0,0.514,0.0,0,0,0.468,0.558,0.0,0.114,0.0,0.459,0.65,0.0,0.5,0.4,0.0,1.0,0.985
67308,2024.07.22 14:00:00,USDCADm,BREAKOUT,BUY,4,1.37686,1.37509,1.37907,1.25,0.636,1.375,1.37545,1.37417,0,1.914,0.038,1.9141,1.37325,1.36816,1.37257,1.36739,0,0.0,0.5,0,1.375,0.725,0.541,0,0.0,0.0,1.37613,0.0,0.0,0,0,1,1.0,0.965,0.2393,0.965,0.082,1,0.312,1,0.003,1.37493,1.37647,1.986,0.255,0.4357,0,0.15,2,1.0,1.763,3.0,0.588,0.544,2,1.375,8,0.745,0.0,0.335,0.99,0.053,0.886,0.926,1.36818,1.36333,1.36752,241016.8447,326033.5881,2,1.36793,0.59,0.0,0.0,0.0,0.0,0,0.228,1,0,19529,0.727,0.572,0.437,17.0,17.0,0.1924,88.4,0.0,1,1,0.792,1.28023,1,1,0.425,1.21325,0,109.363,0.007,0.993,0.0,0.0,0.5,0.96,0.0,0.5,0.0,0.377,0.792,0.5,0.437,0.0,0.696,0.0,0,0,0.585,0.112,0.0,0.18,0.0,1.0,0.745,0.0,0.471,0.412,0.0,1.0,1.04
67309,2024.07.22 14:00:20,USDCADm,PULLBACK,BUY,4,1.37686,1.37622,1.37951,4.11,0.486,1.375,1.37545,1.37417,0,1.914,0.038,1.9141,1.37325,1.36816,1.37257,1.36739,0,0.0,0.5,0,1.375,0.725,0.541,0,0.0,0.0,1.37613,0.0,0.0,0,0,1,1.0,0.965,0.2393,0.965,0.082,2,0.612,1,0.003,1.37493,1.37647,1.986,0.255,0.0,2,0.15,0,0.612,1.313,3.0,0.438,0.395,1,1.375,8,0.745,0.0,0.335,0.29,0.053,0.886,0.926,1.36818,1.36333,1.36752,241016.8447,326033.5881,2,1.36793,0.59,0.0,0.0,0.0,0.0,0,0.228,1,0,19529,0.727,0.572,0.437,17.0,17.0,0.1924,88.4,0.0,1,1,0.792,1.28023,1,1,0.425,1.21325,0,109.363,0.007,0.993,0.0,0.0,0.5,0.95,0.0,0.5,0.0,0.448,0.785,0.5,0.497,0.0,0.641,0.0,0,0,0.577,0.166,0.0,0.095,0.0,0.643,0.859,0.0,0.532,0.412,0.0,1.0,0.95
67310,2024.07.22 14:00:20,USDCADm,ANCHORED_PULLBACK,BUY,4,1.37686,1.37638,1.37846,3.3,0.26,1.375,1.37545,1.37417,0,1.914,0.038,1.9141,1.37325,1.36816,1.37257,1.36739,0,0.0,0.5,0,1.375,0.725,0.541,0,0.0,0.0,1.37613,0.0,0.0,0,0,1,1.0,0.965,0.2393,0.965,0.082,2,0.612,1,0.003,1.37493,1.37647,1.986,0.255,0.0,2,0.15,0,0.612,1.313,3.0,0.438,0.395,1,1.375,8,0.745,0.0,0.335,0.29,0.053,0.886,0.926,1.36818,1.36333,1.36752,241016.8447,326033.5881,2,1.36793,0.59,0.0,0.0,0.0,0.0,0,0.228,1,0,19529,0.727,0.572,0.437,17.0,17.0,0.1924,88.4,0.0,1,1,0.792,1.28023,1,1,0.425,1.21325,0,109.363,0.007,0.993,0.0,0.0,0.5,0.94,0.0,0.5,0.0,0.448,0.785,0.5,0.497,0.0,0.641,0.0,0,0,0.577,0.166,0.0,0.095,0.0,0.643,0.859,0.0,0.532,0.412,0.0,1.0,0.95
67314,2024.07.22 14:12:40,USDCADm,TREND_CONTINUATION,BUY,4,1.37725,1.37619,1.37946,2.08,0.57,1.375,1.37545,1.37417,0,1.914,0.038,2.3555,1.37325,1.36816,1.37257,1.36739,0,0.0,0.5,0,1.375,0.725,0.541,0,0.0,0.0,1.37613,0.0,0.0,0,0,1,1.0,0.965,0.2393,0.965,0.082,2,0.612,1,0.003,1.37493,1.37647,2.428,0.696,0.0,2,0.15,0,0.612,1.313,3.0,0.438,0.395,1,1.375,8,0.745,0.0,0.335,0.29,0.053,0.886,0.926,1.36818,1.36333,1.36752,241016.8447,326033.5881,2,1.36793,0.59,0.0,0.0,0.0,0.0,0,0.228,1,0,19529,0.727,0.572,0.437,17.0,17.0,0.1924,88.4,0.0,1,1,0.792,1.28023,1,1,0.425,1.21325,0,109.804,0.007,0.993,0.0,0.0,0.5,0.68,0.0,0.5,0.0,0.448,0.656,0.5,0.491,0.0,0.633,0.0,0,0,0.494,0.166,0.0,0.095,0.0,0.636,0.859,0.0,0.544,0.412,0.0,1.0,0.95
67316,2024.07.22 16:00:00,USDCADm,BREAKOUT_RETEST,BUY,4,1.37603,1.37576,1.37647,1.65,0.515,1.37582,1.3763,1.3748,1,0.039,0.57,0.0395,1.37321,1.36776,1.37323,1.3675,0,0.0,0.55,0,1.3761,0.784,0.784,0,0.0,0.0,1.37598,0.0,0.0,0,0,1,0.8,0.825,0.3126,0.825,1.0,2,0.604,0,0.548,1.37596,1.37637,0.113,0.57,0.0,2,0.25,0,0.604,0.9,3.0,0.3,0.403,1,1.3763,4,0.6,0.774,0.1,0.247,0.197,0.931,0.767,1.36818,1.36333,1.3688,306838.4708,65821.6261,2,1.36793,0.594,0.0,0.0,0.0,0.0,0,0.089,1,0,19531,0.742,0.563,0.439,17.0,17.0,0.189,89.9,0.0,1,1,0.792,1.28023,1,1,0.425,1.21325,0,106.529,0.006,0.994,0.0,0.0,0.5,0.25,0.0,0.5,0.0,0.943,0.477,0.5,0.488,0.0,0.324,0.0,0,0,0.29,0.864,0.0,0.437,0.0,0.925,0.461,0.0,0.548,0.412,0.0,1.0,0.984
67318,2024.07.22 16:08:40,USDCADm,BREAKOUT,BUY,4,1.37539,1.37488,1.37654,2.25,0.346,1.37582,1.3763,1.3748,1,0.039,0.57,-0.6722,1.37321,1.36776,1.37323,1.3675,0,0.0,0.55,0,1.3761,0.784,0.784,0,0.0,0.0,1.37598,0.0,0.0,0,0,1,0.8,0.825,0.3126,0.825,0.716,2,0.604,0,0.548,1.375,1.37473,0.242,0.547,0.0,2,0.25,0,0.604,1.028,3.0,0.343,0.426,1,1.3748,5,0.6,0.516,0.185,0.247,0.197,0.989,0.86,1.36818,1.36333,1.3688,306838.4708,65821.6261,2,1.36793,0.594,0.0,0.0,0.0,0.0,0,0.089,1,0,19531,0.742,0.563,0.439,17.0,17.0,0.189,89.9,0.0,1,1,0.792,1.28023,1,1,0.425,1.21325,0,105.817,0.006,0.994,0.0,0.0,0.5,0.0,0.0,0.5,0.0,0.743,0.345,0.5,0.497,0.0,0.311,0.0,0,0,0.366,0.724,0.0,0.131,0.0,0.841,0.65,0.0,0.556,0.412,0.0,1.0,1.073
67319,2024.07.22 16:08:59,USDCADm,PULLBACK,BUY,4,1.37543,1.37488,1.37599,1.02,0.571,1.37582,1.3763,1.3748,1,0.039,0.57,-0.6277,1.37321,1.36776,1.37323,1.3675,0,0.0,0.55,0,1.3761,0.784,0.784,0,0.0,0.0,1.37598,0.0,0.0,0,0,1,0.8,0.825,0.3126,0.825,0.716,2,0.604,0,0.548,1.375,1.37473,0.286,0.591,0.0,2,0.25,0,0.604,1.028,3.0,0.343,0.426,1,1.37582,1,0.7,0.427,0.185,0.247,0.197,0.989,0.86,1.36818,1.36333,1.3688,306838.4708,65821.6261,2,1.36793,0.594,0.0,0.0,0.0,0.0,0,0.089,1,0,19531,0.742,0.563,0.439,17.0,17.0,0.189,89.9,0.0,1,1,0.792,1.28023,1,1,0.425,1.21325,0,105.862,0.006,0.994,0.0,0.0,0.5,0.01,0.0,0.5,0.0,0.619,0.337,0.5,0.497,0.0,0.311,0.0,0,0,0.371,0.724,0.0,0.131,0.0,0.841,0.65,0.0,0.556,0.412,0.0,1.0,1.073
67322,2024.07.22 16:09:20,USDCADm,MEAN_REVERSION,BUY,4,1.37534,1.37488,1.37599,1.41,0.595,1.37582,1.3763,1.3748,1,0.039,0.57,-0.7278,1.37321,1.36776,1.37323,1.3675,0,0.0,0.55,0,1.3761,0.784,0.784,0,0.0,0.0,1.37598,0.0,0.0,0,0,1,0.8,0.825,0.3126,0.825,0.754,2,0.604,0,0.548,1.375,1.37473,0.186,0.491,0.0,2,0.25,0,0.604,1.011,3.0,0.337,0.424,1,1.3748,5,0.6,0.627,0.174,0.247,0.197,0.989,0.86,1.36818,1.36333,1.3688,306838.4708,65821.6261,2,1.36793,0.594,0.0,0.0,0.0,0.0,0,0.089,1,0,19531,0.742,0.563,0.439,17.0,17.0,0.189,89.9,0.0,1,1,0.792,1.28023,1,1,0.425,1.21325,0,105.762,0.006,0.994,0.0,0.0,0.5,0.0,0.0,0.5,0.0,0.743,0.301,0.5,0.497,0.0,0.311,0.0,0,0,0.392,0.732,0.0,0.35,0.0,0.841,0.65,0.0,0.556,0.412,0.0,1.0,1.073
67324,2024.07.22 16:15:59,USDCADm,TREND_CONTINUATION,BUY,4,1.37545,1.37437,1.37654,1.01,0.494,1.37582,1.3763,1.3748,1,0.039,0.57,-0.6055,1.37321,1.36776,1.37323,1.3675,0,0.0,0.55,0,1.3761,0.784,0.784,0,0.0,0.0,1.37598,0.0,0.0,0,0,1,0.8,0.825,0.3126,0.825,0.716,2,0.604,0,0.548,1.375,1.37473,0.309,0.613,0.0,2,0.25,0,0.604,1.028,3.0,0.343,0.426,1,1.375,2,0.55,0.383,0.185,0.247,0.197,0.989,0.86,1.36818,1.36333,1.3688,306838.4708,65821.6261,2,1.36793,0.594,0.0,0.0,0.0,0.0,0,0.089,1,0,19531,0.742,0.563,0.439,17.0,17.0,0.189,89.9,0.0,1,1,0.792,1.28023,1,1,0.425,1.21325,0,105.884,0.006,0.994,0.0,0.0,0.5,0.11,0.0,0.5,0.0,0.589,0.387,0.5,0.472,0.0,0.287,0.0,0,0,0.324,0.724,0.0,0.131,0.0,0.841,0.65,0.0,0.556,0.412,0.0,1.0,1.073
67326,2024.07.22 16:59:20,USDCADm,SWEEP_REVERSAL,BUY,4,1.37494,1.37404,1.37599,1.17,0.238,1.37582,1.3763,1.3748,0,0.039,0.57,-1.1726,1.37321,1.36776,1.37323,1.3675,0,0.0,0.55,0,1.3761,0.784,0.784,0,0.0,0.0,1.37598,0.0,0.0,0,0,1,0.8,0.825,0.3126,0.825,0.133,2,0.604,0,0.548,1.375,1.37473,0.259,0.046,0.0,2,0.25,0,0.604,1.29,3.0,0.43,0.456,1,1.37582,1,0.7,0.483,0.36,0.247,0.197,0.989,0.86,1.36818,1.36333,1.3688,306838.4708,65821.6261,2,1.36793,0.594,0.0,0.0,0.0,0.0,0,0.089,1,0,19531,0.742,0.563,0.439,17.0,17.0,0.189,89.9,0.0,1,1,0.792,1.28023,1,1,0.425,1.21325,0,105.317,0.006,0.994,0.0,0.0,0.5,0.17,0.0,0.5,0.0,0.901,0.498,0.5,0.49,0.0,0.293,0.0,0,0,0.265,0.572,0.0,0.243,0.0,0.911,0.65,0.0,0.532,0.412,0.0,1.0,1.109
67328,2024.07.22 18:00:00,USDCADm,BREAKOUT_RETEST,BUY,3,1.37519,1.37471,1.3778,5.47,0.78,1.37517,1.37663,1.37464,1,0.163,0.486,-0.1631,1.37321,1.36776,1.37323,1.3675,0,0.0,0.65,0,1.37517,0.703,0.528,0,0.0,0.0,0.0,0.0,0.0,0,0,1,0.8,0.825,0.199,0.825,0.774,1,0.244,0,0.62,1.37517,1.37448,0.163,0.567,0.359,0,0.25,2,1.0,1.452,3.0,0.484,0.584,2,1.37464,5,0.6,0.674,0.168,0.947,0.212,1.0,0.711,1.36818,1.36333,1.3688,306838.4708,65821.6261,2,1.36793,0.594,0.0,0.0,0.0,0.0,0,0.089,1,0,19533,0.742,0.563,0.439,17.0,17.0,0.1798,94.6,0.0,1,1,0.792,1.28023,1,1,0.425,1.21325,0,100.411,0.006,0.994,0.0,0.0,0.5,0.64,0.0,0.5,0.0,0.715,0.585,0.5,0.502,0.0,0.255,0.0,0,0,0.303,0.72,0.0,0.638,0.0,1.0,0.65,0.0,0.483,0.412,0.0,1.0,1.168
67330,2024.07.22 18:08:40,USDCADm,BREAKOUT,BUY,3,1.37529,1.37471,1.37765,4.09,0.341,1.37517,1.37663,1.37464,1,0.163,0.486,-0.0574,1.37321,1.36776,1.37323,1.3675,0,0.0,0.65,0,1.37517,0.703,0.528,0,0.0,0.0,0.0,0.0,0.0,0,0,1,0.8,0.825,0.199,0.825,1.0,2,0.544,0,0.62,1.37517,1.37448,0.057,0.673,0.0,2,0.25,0,0.544,0.9,3.0,0.3,0.406,1,1.37464,5,0.6,0.885,0.1,0.247,0.212,1.0,0.711,1.36818,1.36333,1.3688,306838.4708,65821.6261,2,1.36793,0.594,0.0,0.0,0.0,0.0,0,0.089,1,0,19533,0.742,0.563,0.439,17.0,17.0,0.1798,94.6,0.0,1,1,0.792,1.28023,1,1,0.425,1.21325,0,100.517,0.006,0.994,0.0,0.0,0.5,0.73,0.0,0.5,0.0,0.7,0.666,0.5,0.511,0.0,0.246,0.0,0,0,0.351,0.817,0.0,0.482,0.0,0.892,0.65,0.0,0.546,0.412,0.0,1.0,0.984
67331,2024.07.22 18:08:59,USDCADm,PULLBACK,BUY,3,1.37529,1.37471,1.37813,4.91,0.566,1.37517,1.37663,1.37464,1,0.163,0.486,-0.0574,1.37321,1.36776,1.37323,1.3675,0,0.0,0.65,0,1.37517,0.703,0.528,0,0.0,0.0,0.0,0.0,0.0,0,0,1,0.8,0.825,0.199,0.825,1.0,2,0.544,0,0.62,1.37517,1.37448,0.057,0.673,0.0,2,0.25,0,0.544,0.9,3.0,0.3,0.406,1,1.37464,5,0.6,0.885,0.1,0.247,0.212,1.0,0.711,1.36818,1.36333,1.3688,306838.4708,65821.6261,2,1.36793,0.594,0.0,0.0,0.0,0.0,0,0.089,1,0,19533,0.742,0.563,0.439,17.0,17.0,0.1798,94.6,0.0,1,1,0.792,1.28023,1,1,0.425,1.21325,0,100.517,0.006,0.994,0.0,0.0,0.5,0.72,0.0,0.5,0.0,0.7,0.661,0.5,0.511,0.0,0.246,0.0,0,0,0.348,0.817,0.0,0.482,0.0,0.892,0.65,0.0,0.546,0.412,0.0,1.0,0.984
67334,2024.07.22 18:15:59,USDCADm,TREND_CONTINUATION,BUY,3,1.37525,1.37412,1.37761,2.08,0.492,1.37517,1.37663,1.37464,1,0.163,0.486,-0.0997,1.37321,1.36776,1.37323,1.3675,0,0.0,0.65,0,1.37517,0.703,0.528,0,0.0,0.0,0.0,0.0,0.0,0,0,1,0.8,0.825,0.199,0.825,0.774,2,0.544,0,0.62,1.37517,1.37448,0.1,0.631,0.0,2,0.25,0,0.544,1.002,3.0,0.334,0.418,1,1.37464,5,0.6,0.801,0.168,0.247,0.212,1.0,0.711,1.36818,1.36333,1.3688,306838.4708,65821.6261,2,1.36793,0.594,0.0,0.0,0.0,0.0,0,0.089,1,0,19533,0.742,0.563,0.439,17.0,17.0,0.1798,94.6,0.0,1,1,0.792,1.28023,1,1,0.425,1.21325,0,100.474,0.006,0.994,0.0,0.0,0.5,0.28,0.0,0.5,0.0,0.735,0.635,0.5,0.531,0.0,0.267,0.0,0,0,0.347,0.77,0.0,0.482,0.0,0.804,0.65,0.0,0.546,0.412,0.0,1.0,0.984
67336,2024.07.22 18:26:40,USDCADm,MEAN_REVERSION,BUY,3,1.37509,1.37471,1.3768,4.54,0.574,1.37517,1.37663,1.37464,1,0.163,0.486,-0.2688,1.37321,1.36776,1.37323,1.3675,0,0.0,0.65,0,1.37517,0.703,0.528,0,0.0,0.0,0.0,0.0,0.0,0,0,1,0.8,0.825,0.199,0.825,0.443,2,0.544,0,0.62,1.37517,1.37448,0.269,0.462,0.0,2,0.25,0,0.544,1.151,3.0,0.384,0.435,1,1.37663,4,0.6,0.462,0.267,0.247,0.212,1.0,0.711,1.36818,1.36333,1.3688,306838.4708,65821.6261,2,1.36793,0.594,0.0,0.0,0.0,0.0,0,0.089,1,0,19533,0.742,0.563,0.439,17.0,17.0,0.1798,94.6,0.0,1,1,0.792,1.28023,1,1,0.425,1.21325,0,100.305,0.006,0.994,0.0,0.0,0.5,0.0,0.0,0.5,0.0,0.994,0.447,0.5,0.544,0.0,0.272,0.0,0,0,0.304,0.701,0.0,0.535,0.0,0.707,0.65,0.0,0.519,0.412,0.0,1.0,1.02
67338,2024.07.22 20:00:00,USDCADm,BREAKOUT_RETEST,BUY,3,1.37544,1.37516,1.3758,1.26,0.545,1.37521,1.3754,1.37494,1,0.017,0.339,0.0634,1.37521,1.36776,1.37323,1.36698,0,0.0,0.3,4,1.37521,0.671,0.552,0,0.0,0.0,0.0,0.0,0.0,0,0,1,0.8,1.0,0.0931,1.0,0.893,0,0.718,0,0.392,1.37517,1.37567,0.104,0.42,0.0,2,0.0,0,0.718,0.948,3.0,0.316,0.449,1,1.37494,5,0.6,0.793,0.032,0.3,0.228,0.883,0.948,1.36818,1.36333,1.3688,321511.1158,14672.645,2,1.36793,0.595,0.0,0.0,0.0,0.0,0,0.151,1,0,19535,0.742,0.563,0.439,17.0,17.0,0.1789,95.0,0.0,1,1,0.792,1.28023,1,1,0.425,1.21325,1,100.221,0.006,0.994,0.0,0.0,1.0,0.3,0.0,0.5,0.0,0.852,0.461,0.5,0.567,0.0,0.342,0.0,0,0,0.33,0.736,0.0,0.524,0.0,0.212,0.65,0.0,0.588,0.412,0.0,1.0,0.94
67340,2024.07.22 20:08:40,USDCADm,BREAKOUT,BUY,3,1.37554,1.37412,1.37792,1.67,0.429,1.37521,1.3754,1.37494,1,0.017,0.339,0.1687,1.37521,1.36776,1.37323,1.36698,0,0.0,0.3,4,1.37521,0.671,0.552,0,0.0,0.0,0.0,0.0,0.0,0,0,1,0.8,1.0,0.0931,1.0,0.407,0,0.718,0,0.392,1.37517,1.37567,0.209,0.314,0.0,2,0.0,0,0.718,1.167,3.0,0.389,0.475,1,1.37494,5,0.6,0.582,0.178,0.3,0.228,0.883,0.948,1.36818,1.36333,1.3688,321511.1158,14672.645,2,1.36793,0.595,0.0,0.0,0.0,0.0,0,0.151,1,0,19535,0.742,0.563,0.439,17.0,17.0,0.1789,95.0,0.0,1,1,0.792,1.28023,1,1,0.425,1.21325,1,100.326,0.006,0.994,0.0,0.0,1.0,0.85,0.0,0.5,0.0,1.0,0.468,0.5,0.551,0.0,0.348,0.0,0,0,0.324,0.736,0.0,0.582,0.0,0.212,0.65,0.0,0.563,0.412,0.0,1.0,1.024
67341,2024.07.22 20:08:59,USDCADm,PULLBACK,BUY,3,1.37554,1.37412,1.37839,2.0,0.599,1.37521,1.3754,1.37494,1,0.017,0.339,0.1687,1.37521,1.36776,1.37323,1.36698,0,0.0,0.3,4,1.37521,0.671,0.552,0,0.0,0.0,0.0,0.0,0.0,0,0,1,0.8,1.0,0.0931,1.0,0.407,0,0.718,0,0.392,1.37517,1.37567,0.209,0.314,0.0,2,0.0,0,0.718,1.167,3.0,0.389,0.475,1,1.37494,5,0.6,0.582,0.178,0.3,0.228,0.883,0.948,1.36818,1.36333,1.3688,321511.1158,14672.645,2,1.36793,0.595,0.0,0.0,0.0,0.0,0,0.151,1,0,19535,0.742,0.563,0.439,17.0,17.0,0.1789,95.0,0.0,1,1,0.792,1.28023,1,1,0.425,1.21325,1,100.326,0.006,0.994,0.0,0.0,1.0,0.84,0.0,0.5,0.0,1.0,0.473,0.5,0.551,0.0,0.348,0.0,0,0,0.321,0.736,0.0,0.582,0.0,0.212,0.65,0.0,0.563,0.412,0.0,1.0,1.024
67344,2024.07.22 20:15:59,USDCADm,TREND_CONTINUATION,BUY,3,1.37549,1.37435,1.37787,2.08,0.52,1.37521,1.3754,1.37494,1,0.017,0.339,0.1161,1.37521,1.36776,1.37323,1.36698,0,0.0,0.3,4,1.37521,0.671,0.552,0,0.0,0.0,0.0,0.0,0.0,0,0,1,0.8,1.0,0.0931,1.0,0.893,0,0.718,0,0.392,1.37517,1.37567,0.156,0.367,0.0,2,0.0,0,0.718,0.948,3.0,0.316,0.449,1,1.37494,5,0.6,0.687,0.032,0.3,0.228,0.883,0.948,1.36818,1.36333,1.3688,321511.1158,14672.645,2,1.36793,0.595,0.0,0.0,0.0,0.0,0,0.151,1,0,19535,0.742,0.563,0.439,17.0,17.0,0.1789,95.0,0.0,1,1,0.792,1.28023,1,1,0.425,1.21325,1,100.274,0.006,0.994,0.0,0.0,1.0,0.45,0.0,0.5,0.0,1.0,0.49,0.5,0.571,0.0,0.359,0.0,0,0,0.321,0.736,0.0,0.524,0.0,0.212,0.65,0.0,0.588,0.412,0.0,1.0,1.08
0,2024.07.22 23:00:00,USDCADm,ANCHORED_PULLBACK,BUY,1,1.37594,1.37581,1.3764,3.55,0.337,1.37531,1.37557,1.37521,0,0.307,0.024,0.543,1.37521,1.36776,1.37323,1.36698,0,0.0,0.45,0,1.37531,0.703,0.609,0,0.0,0.0,1.37539,0.0,0.0,0,0,1,0.75,-0.545,-0.0577,0.545,0.125,0,0.734,0,0.535,1.37551,1.37577,0.307,0.0,-0.2113,1,0.15,1,1.0,0.844,3.0,0.281,0.47,1,1.37531,8,0.741,0.386,0.623,0.164,0.159,0.621,0.869,1.36818,1.36333,1.3688,321511.1158,14672.645,2,1.36793,0.595,0.0,0.0,0.0,0.0,0,0.151,1,0,19538,0.742,0.563,0.439,17.0,17.0,0.2007,84.7,0.0,1,1,0.792,1.28023,1,1,0.425,1.21325,0,112.98,0.006,0.994,0.0,0.0,0.5,0.97,0.0,0.5,0.0,1.0,0.804,0.5,0.441,0.0,0.391,0.0,0,0,0.471,0.391,0.0,0.397,0.0,0.09,0.791,0.0,0.499,0.412,0.0,1.0,0.739
67346,2024.07.23 01:00:00,USDCADm,BREAKOUT,BUY,1,1.37662,1.37566,1.37877,2.23,0.436,1.3755,1.37604,1.37525,0,1.02,0.024,1.1025,1.37522,1.36776,1.37323,1.36698,0,0.0,0.55,2,1.3755,0.683,0.173,0,0.0,0.0,0.0,1.3755,1.101,0,0,1,0.459,0.5411,0.032,0.541,0.185,0,0.722,1,0.034,1.37546,1.3765,1.144,0.059,0.469,0,0.15,2,1.0,0.655,1.144,0.572,0.392,1,1.3755,8,0.737,0.0,0.304,0.862,0.053,0.667,0.858,1.36818,1.36333,1.3688,326579.6762,5068.5604,2,1.36793,0.596,0.0,0.0,0.0,0.0,0,0.101,1,0,19540,0.748,0.566,0.437,17.0,17.0,0.1973,86.1,0.0,1,1,0.792,1.28023,1,1,0.425,1.21325,1,111.896,0.006,0.994,0.0,0.0,1.0,0.19,0.0,0.5,0.0,0.377,0.551,0.5,0.643,0.0,0.955,0.0,0,0,0.605,0.343,0.0,0.421,0.0,0.591,0.72,0.0,0.479,0.412,0.0,1.0,0.981
67347,2024.07.23 01:15:40,USDCADm,BREAKOUT_RETEST,BUY,1,1.37609,1.37566,1.3766,1.17,0.314,1.3755,1.37604,1.37525,1,1.02,0.024,0.4873,1.37522,1.36776,1.37323,1.36698,0,0.0,0.55,2,1.3755,0.683,0.173,0,0.0,0.0,0.0,1.3755,1.101,0,0,1,0.459,0.5411,0.032,0.541,0.234,0,0.725,1,0.034,1.37546,1.37611,0.529,0.218,0.0,2,0.15,0,0.725,0.219,0.529,0.415,0.272,0,1.3755,8,0.737,0.0,0.29,0.162,0.053,0.667,0.815,1.36818,1.36333,1.3688,326579.6762,5068.5604,2,1.36793,0.596,0.0,0.0,0.0,0.0,0,0.101,1,0,19540,0.748,0.566,0.437,17.0,17.0,0.1973,86.1,0.0,1,1,0.792,1.28023,1,1,0.425,1.21325,1,111.28,0.006,0.994,0.0,0.0,1.0,0.0,0.0,0.5,0.0,0.448,0.296,0.5,0.514,0.0,0.682,0.0,0,0,0.55,0.417,0.0,0.483,0.0,0.211,0.733,0.0,0.544,0.412,0.0,1.0,0.854
67348,2024.07.23 01:15:59,USDCADm,PULLBACK,BUY,1,1.37609,1.37566,1.3766,1.17,0.404,1.3755,1.37604,1.37525,1,1.02,0.024,0.4873,1.37522,1.36776,1.37323,1.36698,0,0.0,0.55,2,1.3755,0.683,0.173,0,0.0,0.0,0.0,1.3755,1.101,0,0,1,0.459,0.5411,0.032,0.541,0.234,0,0.725,1,0.034,1.37546,1.37611,0.529,0.218,0.0,2,0.15,0,0.725,0.219,0.529,0.415,0.272,0,1.3755,8,0.737,0.0,0.29,0.162,0.053,0.667,0.815,1.36818,1.36333,1.3688,326579.6762,5068.5604,2,1.36793,0.596,0.0,0.0,0.0,0.0,0,0.101,1,0,19540,0.748,0.566,0.437,17.0,17.0,0.1973,86.1,0.0,1,1,0.792,1.28023,1,1,0.425,1.21325,1,111.28,0.006,0.994,0.0,0.0,1.0,0.0,0.0,0.5,0.0,0.448,0.287,0.5,0.514,0.0,0.682,0.0,0,0,0.555,0.417,0.0,0.483,0.0,0.211,0.733,0.0,0.544,0.412,0.0,1.0,0.854
67352,2024.07.23 02:45:40,USDCADm,TREND_CONTINUATION,BUY,1,1.37619,1.37515,1.37836,2.08,0.465,1.37603,1.37641,1.37572,1,0.042,0.59,-0.0107,1.37522,1.37089,1.37584,1.36958,0,0.0,0.5,0,1.37603,0.772,0.694,0,0.0,0.0,1.37617,1.3755,0.724,0,0,1,0.75,0.72,0.1272,0.72,0.813,0,0.765,0,0.665,1.37603,1.37555,0.011,0.542,0.0,2,0.0,0,0.765,0.196,0.597,0.328,0.422,1,1.37572,5,0.6,0.979,0.056,0.216,0.133,1.0,0.837,1.36818,1.36333,1.3688,326579.6762,5068.5604,2,1.36793,0.596,0.0,0.0,0.0,0.0,0,0.101,1,0,19541,0.748,0.566,0.437,17.0,17.0,0.1959,86.8,0.0,1,1,0.792,1.28023,1,1,0.425,1.21325,1,110.571,0.006,0.994,0.0,0.0,1.0,0.11,0.0,0.5,0.0,0.798,0.554,0.5,0.537,0.0,0.399,0.0,0,0,0.353,0.876,0.0,0.716,0.0,0.451,0.46,0.0,0.572,0.412,0.0,1.0,0.984
67354,2024.07.23 03:00:00,USDCADm,BREAKOUT,BUY,1,1.37648,1.37521,1.3786,1.67,0.26,1.37605,1.37635,1.3758,1,0.115,0.274,0.3096,1.37524,1.37089,1.37584,1.36958,0,0.0,0.5,0,1.37605,0.657,0.684,0,0.0,0.0,0.0,1.3755,0.953,0,0,1,0.55,0.58,0.1529,0.58,0.524,0,0.805,0,0.739,1.37613,1.3766,0.212,0.339,0.0,2,0.4,0,0.805,0.354,0.953,0.371,0.38,1,1.37605,8,0.731,0.575,0.303,0.174,0.288,0.842,0.865,1.36818,1.36333,1.3688,326579.6762,5068.5604,2,1.36793,0.596,0.0,0.0,0.0,0.0,0,0.101,1,0,19542,0.748,0.566,0.437,17.0,17.0,0.2005,84.8,0.0,1,1,0.792,1.28023,1,1,0.425,1.21325,0,113.521,0.006,0.994,0.0,0.0,0.5,0.96,0.0,0.5,0.0,0.949,0.46,0.5,0.558,0.0,0.392,0.0,0,0,0.348,0.582,0.0,0.606,0.0,0.253,0.755,0.0,0.544,0.412,0.0,1.0,0.921
67356,2024.07.23 03:15:40,USDCADm,BREAKOUT_RETEST,BUY,1,1.37645,1.3762,1.3768,1.36,0.385,1.37605,1.37635,1.3758,1,0.115,0.274,0.2742,1.37524,1.37089,1.37584,1.36958,0,0.0,0.5,0,1.37605,0.657,0.684,0,0.0,0.0,0.0,1.3755,0.953,0,0,1,0.55,0.58,0.1529,0.58,0.69,0,0.805,0,0.739,1.37613,1.3766,0.177,0.374,0.0,2,0.4,0,0.805,0.318,0.918,0.346,0.376,1,1.3758,5,0.6,0.646,0.253,0.174,0.288,0.842,0.865,1.36818,1.36333,1.3688,326579.6762,5068.5604,2,1.36793,0.596,0.0,0.0,0.0,0.0,0,0.101,1,0,19542,0.748,0.566,0.437,17.0,17.0,0.2005,84.8,0.0,1,1,0.792,1.28023,1,1,0.425,1.21325,0,113.486,0.006,0.994,0.0,0.0,0.5,0.27,0.0,0.5,0.0,1.0,0.538,0.5,0.549,0.0,0.358,0.0,0,0,0.331,0.611,0.0,0.545,0.0,0.253,0.65,0.0,0.569,0.412,0.0,1.0,0.972
67357,2024.07.23 03:15:59,USDCADm,PULLBACK,BUY,1,1.37646,1.37519,1.379,2.0,0.461,1.37605,1.37635,1.3758,1,0.115,0.274,0.286,1.37524,1.37089,1.37584,1.36958,0,0.0,0.5,0,1.37605,0.657,0.684,0,0.0,0.0,0.0,1.3755,0.953,0,0,1,0.55,0.58,0.1529,0.58,0.69,0,0.805,0,0.739,1.37613,1.3766,0.189,0.363,0.0,2,0.4,0,0.805,0.322,0.93,0.346,0.377,1,1.3758,5,0.6,0.623,0.253,0.174,0.288,0.842,0.865,1.36818,1.36333,1.3688,326579.6762,5068.5604,2,1.36793,0.596,0.0,0.0,0.0,0.0,0,0.101,1,0,19542,0.748,0.566,0.437,17.0,17.0,0.2005,84.8,0.0,1,1,0.792,1.28023,1,1,0.425,1.21325,0,113.498,0.006,0.994,0.0,0.0,0.5,0.31,0.0,0.5,0.0,1.0,0.535,0.5,0.549,0.0,0.358,0.0,0,0,0.329,0.611,0.0,0.545,0.0,0.253,0.65,0.0,0.569,0.412,0.0,1.0,0.972
67360,2024.07.23 04:45:40,USDCADm,TREND_CONTINUATION,BUY,1,1.37656,1.37567,1.3784,2.08,0.411,1.3761,1.3764,1.37596,1,0.017,0.539,0.3896,1.37527,1.37089,1.37584,1.36958,0,0.0,0.4,0,1.3761,0.652,0.638,0,0.0,0.0,0.0,1.3755,0.757,0,0,1,0.6,0.615,0.184,0.615,0.45,0,0.734,0,0.919,1.37613,1.37654,0.352,0.207,0.0,2,0.0,0,0.734,0.46,1.204,0.382,0.456,1,1.3761,8,0.73,0.295,0.165,0.185,0.184,0.833,0.918,1.36818,1.36333,1.3688,328117.5086,1537.8324,2,1.36793,0.599,0.0,0.0,0.0,0.0,0,0.113,1,0,19543,0.748,0.566,0.437,17.0,17.0,0.2304,73.8,0.0,1,1,0.792,1.28023,1,1,0.425,1.21325,0,130.554,0.006,0.994,0.0,0.0,0.5,0.69,0.0,0.5,0.0,0.7,0.519,0.5,0.549,0.0,0.313,0.0,0,0,0.302,0.693,0.0,0.477,0.0,0.264,0.762,0.0,0.56,0.412,0.0,1.0,1.064
67362,2024.07.23 05:00:00,USDCADm,BREAKOUT,BUY,1,1.37657,1.37556,1.37825,1.67,0.381,1.37611,1.37636,1.37599,0,0.296,0.114,0.4325,1.37527,1.37089,1.37584,1.36958,0,0.0,0.4,0,1.37611,0.598,0.858,0,0.0,0.0,1.37638,1.3755,1.335,0,0,1,0.65,0.825,0.1723,0.825,0.406,0,0.69,0,0.527,1.3762,1.37648,0.296,0.114,-0.107,1,0.15,0,0.69,0.519,1.335,0.389,0.345,0,1.37611,8,0.72,0.408,0.538,0.247,0.158,0.551,0.962,1.36818,1.36333,1.3688,328117.5086,1537.8324,2,1.36793,0.599,0.0,0.0,0.0,0.0,0,0.113,1,0,19544,0.748,0.566,0.437,17.0,17.0,0.2527,67.3,0.0,1,1,0.792,1.28023,1,1,0.425,1.21325,0,143.18,0.006,0.994,0.0,0.0,0.5,0.95,0.0,0.5,0.0,0.958,0.399,0.5,0.556,0.0,0.32,0.0,0,0,0.355,0.527,0.0,0.575,0.0,0.138,0.836,0.0,0.563,0.412,0.0,1.0,0.957
67363,2024.07.23 05:00:20,USDCADm,ANCHORED_PULLBACK,BUY,1,1.37656,1.37618,1.37774,3.07,0.537,1.37611,1.37636,1.37599,0,0.296,0.114,0.4176,1.37527,1.37089,1.37584,1.36958,0,0.0,0.4,0,1.37611,0.598,0.858,0,0.0,0.0,1.37638,1.3755,1.335,0,0,1,0.65,0.825,0.1723,0.825,0.406,0,0.696,0,0.527,1.3762,1.37648,0.281,0.129,0.0,2,0.15,0,0.696,0.514,1.32,0.389,0.346,0,1.37611,8,0.72,0.438,0.238,0.247,0.158,0.551,0.962,1.36818,1.36333,1.3688,328117.5086,1537.8324,2,1.36793,0.599,0.0,0.0,0.0,0.0,0,0.113,1,0,19544,0.748,0.566,0.437,17.0,17.0,0.2527,67.3,0.0,1,1,0.792,1.28023,1,1,0.425,1.21325,0,143.166,0.006,0.994,0.0,0.0,0.5,0.9,0.0,0.5,0.0,0.958,0.384,0.5,0.556,0.0,0.337,0.0,0,0,0.371,0.527,0.0,0.575,0.0,0.253,0.834,0.0,0.563,0.412,0.0,1.0,1.02
67366,2024.07.23 05:15:59,USDCADm,PULLBACK,BUY,1,1.37658,1.37557,1.3786,2.0,0.357,1.37611,1.37636,1.37599,0,0.296,0.114,0.4473,1.37527,1.37089,1.37584,1.36958,0,0.0,0.4,0,1.37611,0.598,0.858,0,0.0,0.0,1.37638,1.3755,1.335,0,0,1,0.65,0.825,0.1723,0.825,0.195,0,0.696,0,0.527,1.3762,1.37648,0.311,0.1,0.0,2,0.15,0,0.696,0.568,1.35,0.421,0.352,1,1.37611,8,0.72,0.379,0.302,0.247,0.158,0.551,0.962,1.36818,1.36333,1.3688,328117.5086,1537.8324,2,1.36793,0.599,0.0,0.0,0.0,0.0,0,0.113,1,0,19544,0.748,0.566,0.437,17.0,17.0,0.2527,67.3,0.0,1,1,0.792,1.28023,1,1,0.425,1.21325,0,143.195,0.006,0.994,0.0,0.0,0.5,0.1,0.0,0.5,0.0,1.0,0.606,0.5,0.589,0.0,0.311,0.0,0,0,0.365,0.487,0.0,0.575,0.0,0.273,0.839,0.0,0.563,0.412,0.0,1.0,1.02
67368,2024.07.23 05:37:40,USDCADm,BREAKOUT_RETEST,BUY,1,1.37644,1.37624,1.37672,1.37,0.436,1.37611,1.37636,1.37599,1,0.296,0.114,0.2393,1.37527,1.37089,1.37584,1.36958,0,0.0,0.4,0,1.37611,0.598,0.858,0,0.0,0.0,1.37638,1.3755,1.335,0,0,1,0.65,0.825,0.1723,0.825,0.405,0,0.696,0,0.527,1.3762,1.37648,0.103,0.308,0.0,2,0.15,0,0.696,0.444,1.142,0.389,0.338,0,1.37599,5,0.6,0.795,0.239,0.247,0.158,0.551,0.962,1.36818,1.36333,1.3688,328117.5086,1537.8324,2,1.36793,0.599,0.0,0.0,0.0,0.0,0,0.113,1,0,19544,0.748,0.566,0.437,17.0,17.0,0.2527,67.3,0.0,1,1,0.792,1.28023,1,1,0.425,1.21325,0,142.987,0.006,0.994,0.0,0.0,0.5,0.0,0.0,0.5,0.0,1.0,0.491,0.5,0.555,0.0,0.315,0.0,0,0,0.298,0.615,0.0,0.67,0.0,0.285,0.46,0.0,0.563,0.412,0.0,1.0,0.931
67370,2024.07.23 06:45:40,USDCADm,TREND_CONTINUATION,BUY,1,1.37677,1.37604,1.3783,2.08,0.54,1.3761,1.37642,1.37599,0,0.066,0.12,0.8123,1.37529,1.37089,1.37584,1.36958,0,0.0,0.65,0,1.3761,0.686,0.101,0,0.0,0.0,0.0,1.3755,1.571,0,0,1,1.0,0.86,0.2049,0.86,0.187,0,0.654,3,0.302,1.3765,1.37653,0.163,0.109,0.0,2,0.15,0,0.654,0.76,1.8,0.422,0.333,0,1.3761,8,0.737,0.674,0.304,0.258,0.053,0.528,0.814,1.36818,1.36333,1.3688,328117.5086,1537.8324,2,1.36793,0.599,0.0,0.0,0.0,0.0,0,0.113,1,0,19545,0.748,0.566,0.437,17.0,17.0,0.2787,61.0,0.0,1,1,0.792,1.28023,1,1,0.425,1.21325,0,158.262,0.006,0.994,0.0,0.0,0.5,0.16,0.0,0.5,0.0,0.448,0.447,0.5,0.525,0.0,0.465,0.0,0,0,0.375,0.498,0.504,0.475,0.0,0.355,0.864,0.0,0.561,0.412,0.0,1.0,1.02
67371,2024.07.23 07:02:40,USDCADm,BREAKOUT,BUY,1,1.37688,1.37661,1.37831,5.39,0.409,1.3764,1.3769,1.37627,1,0.137,0.595,0.547,1.37529,1.37089,1.37584,1.36958,0,0.0,0.6,0,1.3765,0.716,0.389,0,0.0,0.0,1.37667,1.3755,1.88,0,0,1,1.0,0.895,0.2097,0.895,0.335,2,0.584,0,0.621,1.3765,1.37655,0.364,0.272,0.0,2,0.0,0,0.584,0.842,2.107,0.4,0.434,1,1.3765,8,0.743,0.272,0.2,0.269,0.124,0.898,0.789,1.36818,1.36333,1.3688,328117.5086,1537.8324,2,1.36793,0.599,0.0,0.0,0.0,0.0,0,0.113,1,0,19546,0.748,0.566,0.437,17.0,17.0,0.2964,57.4,0.0,1,1,0.792,1.28023,1,1,0.425,1.21325,0,168.506,0.006,0.994,0.0,0.0,0.5,0.69,0.0,0.5,0.0,0.419,0.527,0.5,0.504,0.0,0.562,0.0,0,0,0.393,0.721,0.14,0.38,0.0,0.443,0.707,0.0,0.562,0.412,0.0,1.0,1.021
67373,2024.07.23 07:15:59,USDCADm,PULLBACK,BUY,1,1.3771,1.37678,1.37882,5.41,0.495,1.3764,1.3769,1.37627,0,0.137,0.595,0.9306,1.37529,1.37089,1.37584,1.36958,0,0.0,0.6,0,1.3765,0.716,0.389,0,0.0,0.0,1.37667,1.3755,1.88,0,0,1,1.0,0.895,0.2097,0.895,0.162,2,0.584,0,0.621,1.3765,1.37695,0.748,0.031,0.0,2,0.0,0,0.584,1.06,2.49,0.426,0.46,1,1.3765,8,0.743,0.0,0.251,0.269,0.124,0.898,0.895,1.36818,1.36333,1.3688,328117.5086,1537.8324,2,1.36793,0.599,0.0,0.0,0.0,0.0,0,0.113,1,0,19546,0.748,0.566,0.437,17.0,17.0,0.2964,57.4,0.0,1,1,0.792,1.28023,1,1,0.425,1.21325,0,168.889,0.006,0.994,0.0,0.0,0.5,0.98,0.0,0.5,0.0,0.345,0.635,0.5,0.537,0.0,0.66,0.0,0,0,0.506,0.61,0.0,0.333,0.0,0.539,0.847,0.0,0.562,0.412,0.0,1.0,1.11
67376,2024.07.23 08:08:40,USDCADm,BREAKOUT_RETEST,BUY,2,1.37716,1.37699,1.37757,2.46,0.608,1.37697,1.37707,1.37641,1,0.005,0.477,0.0304,1.37636,1.37089,1.37584,1.36958,0,0.0,0.5,0,1.37697,0.8,0.406,0,0.0,0.0,1.37698,1.3755,2.625,0,0,1,1.0,0.93,0.2328,0.93,0.847,2,0.541,0,0.515,1.37694,1.37724,0.089,0.442,0.0,2,0.0,0,0.541,0.859,2.661,0.323,0.414,1,1.37641,5,0.6,0.821,0.046,0.279,0.103,0.914,0.902,1.36818,1.36333,1.3688,329528.1599,1410.6514,2,1.36793,0.601,0.0,0.0,0.0,0.0,0,0.003,1,0,19547,0.748,0.566,0.437,17.0,17.0,0.304,55.9,0.0,1,1,0.792,1.28023,1,1,0.425,1.21325,0,173.31,0.006,0.994,0.0,0.0,0.5,0.68,0.0,0.5,0.0,0.66,0.531,0.5,0.483,0.0,0.503,0.0,0,0,0.365,0.734,0.0,0.342,0.0,0.545,0.65,0.0,0.601,0.412,0.0,1.0,1.119
67378,2024.07.23 08:34:40,USDCADm,SWEEP_REVERSAL,BUY,2,1.37648,1.37592,1.37714,1.19,0.118,1.37697,1.37707,1.37641,0,0.005,0.477,-1.1854,1.37636,1.37089,1.37584,1.36958,0,0.0,0.5,0,1.37697,0.8,0.406,0,0.0,0.0,1.37698,1.3755,2.625,0,0,1,1.0,0.93,0.2328,0.93,0.463,2,0.541,0,0.515,1.37638,1.37618,0.123,0.231,0.0,2,0.0,0,0.541,0.55,1.445,0.381,0.369,1,1.37697,8,0.76,0.753,0.161,0.279,0.103,0.838,0.882,1.36818,1.36333,1.3688,329528.1599,1410.6514,2,1.36793,0.601,0.0,0.0,0.0,0.0,0,0.003,1,0,19547,0.748,0.566,0.437,17.0,17.0,0.304,55.9,0.0,1,1,0.792,1.28023,1,1,0.425,1.21325,0,172.095,0.006,0.994,0.0,0.0,0.5,0.0,0.0,0.5,0.0,0.496,0.474,0.5,0.49,0.0,0.462,0.0,0,0,0.348,0.701,0.694,0.713,0.0,0.497,0.65,0.0,0.573,0.412,0.0,1.0,1.11
67380,2024.07.23 08:46:40,USDCADm,TREND_CONTINUATION,BUY,2,1.37647,1.3758,1.37714,1.0,0.558,1.37697,1.37707,1.37641,0,0.005,0.477,-1.2033,1.37636,1.37089,1.37584,1.36958,0,0.0,0.5,0,1.37697,0.8,0.406,0,0.0,0.0,1.37698,1.3755,2.625,0,0,1,1.0,0.93,0.2328,0.93,0.463,2,0.541,0,0.515,1.37638,1.37618,0.141,0.213,0.0,2,0.0,0,0.541,0.543,1.427,0.381,0.368,1,1.37697,8,0.76,0.717,0.161,0.279,0.103,0.838,0.882,1.36818,1.36333,1.3688,329528.1599,1410.6514,2,1.36793,0.601,0.0,0.0,0.0,0.0,0,0.003,1,0,19547,0.748,0.566,0.437,17.0,17.0,0.304,55.9,0.0,1,1,0.792,1.28023,1,1,0.425,1.21325,0,172.077,0.006,0.994,0.0,0.0,0.5,0.21,0.0,0.5,0.0,0.701,0.422,0.5,0.52,0.0,0.45,0.0,0,0,0.383,0.701,0.0,0.713,0.0,0.581,0.65,0.0,0.573,0.412,0.0,1.0,1.11
67382,2024.07.23 09:02:40,USDCADm,BREAKOUT,BUY,2,1.37695,1.3766,1.37842,4.17,0.341,1.37649,1.377,1.37646,1,0.193,0.561,0.4996,1.37538,1.37054,1.37588,1.36978,0,0.0,0.5,0,1.37649,0.743,0.768,0,0.0,0.0,1.3762,1.3755,1.873,0,0,1,0.8,0.965,0.2272,0.965,0.596,2,0.505,0,0.779,1.37684,1.37719,0.099,0.697,0.0,2,0.0,0,0.505,0.786,2.18,0.361,0.403,1,1.37649,8,0.749,0.802,0.121,0.29,0.156,0.701,0.894,1.36818,1.36333,1.3688,329528.1599,1410.6514,2,1.36793,0.601,0.0,0.0,0.0,0.0,0,0.003,1,0,19548,0.748,0.566,0.437,17.0,17.0,0.2899,58.6,0.0,1,1,0.792,1.28023,1,1,0.425,1.21325,0,164.931,0.006,0.994,0.0,0.0,0.5,0.99,0.0,0.5,0.0,0.871,0.593,0.5,0.507,0.0,0.318,0.0,0,0,0.335,0.709,0.0,0.38,0.0,0.374,0.65,0.0,0.567,0.412,0.0,1.0,1.02
67384,2024.07.23 09:03:40,USDCADm,ANCHORED_PULLBACK,BUY,2,1.37673,1.3764,1.377,0.82,0.281,1.37649,1.377,1.37646,1,0.193,0.561,0.1245,1.37538,1.37054,1.37588,1.36978,0,0.0,0.5,0,1.37649,0.743,0.768,0,0.0,0.0,1.3762,1.3755,1.873,0,0,1,0.8,0.965,0.2272,0.965,0.559,2,0.505,0,0.779,1.37649,1.37624,0.124,0.539,0.0,2,0.0,0,0.505,0.661,1.805,0.366,0.426,1,1.377,4,0.6,0.751,0.132,0.29,0.156,1.0,0.864,1.36818,1.36333,1.3688,329528.1599,1410.6514,2,1.36793,0.601,0.0,0.0,0.0,0.0,0,0.003,1,0,19548,0.748,0.566,0.437,17.0,17.0,0.2899,58.6,0.0,1,1,0.792,1.28023,1,1,0.425,1.21325,0,164.555,0.006,0.994,0.0,0.0,0.5,0.65,0.0,0.5,0.0,1.0,0.572,0.5,0.507,0.0,0.378,0.0,0,0,0.347,0.658,0.0,0.475,0.0,0.343,0.65,0.0,0.567,0.412,0.0,1.0,0.931
67385,2024.07.23 09:03:59,USDCADm,MEAN_REVERSION,BUY,2,1.37676,1.37629,1.37717,0.87,0.544,1.37649,1.377,1.37646,1,0.193,0.561,0.1756,1.37538,1.37054,1.37588,1.36978,0,0.0,0.5,0,1.37649,0.743,0.768,0,0.0,0.0,1.3762,1.3755,1.873,0,0,1,0.8,0.965,0.2272,0.965,0.554,2,0.505,0,0.779,1.37649,1.37624,0.176,0.59,0.0,2,0.0,0,0.505,0.681,1.856,0.367,0.428,1,1.377,4,0.6,0.649,0.134,0.29,0.156,1.0,0.864,1.36818,1.36333,1.3688,329528.1599,1410.6514,2,1.36793,0.601,0.0,0.0,0.0,0.0,0,0.003,1,0,19548,0.748,0.566,0.437,17.0,17.0,0.2899,58.6,0.0,1,1,0.792,1.28023,1,1,0.425,1.21325,0,164.607,0.006,0.994,0.0,0.0,0.5,0.71,0.0,0.5,0.0,1.0,0.555,0.5,0.507,0.0,0.35,0.0,0,0,0.325,0.657,0.0,0.475,0.0,0.343,0.65,0.0,0.567,0.412,0.0,1.0,1.02
67388,2024.07.23 09:15:59,USDCADm,PULLBACK,BUY,2,1.37681,1.37593,1.37857,2.0,0.585,1.37649,1.377,1.37646,1,0.193,0.561,0.2609,1.37538,1.37054,1.37588,1.36978,0,0.0,0.5,0,1.37649,0.743,0.768,0,0.0,0.0,1.3762,1.3755,1.873,0,0,1,0.8,0.965,0.2272,0.965,0.564,2,0.505,0,0.779,1.37649,1.37624,0.261,0.675,0.0,2,0.0,0,0.505,0.709,1.941,0.365,0.431,1,1.37646,5,0.6,0.478,0.131,0.29,0.156,1.0,0.864,1.36818,1.36333,1.3688,329528.1599,1410.6514,2,1.36793,0.601,0.0,0.0,0.0,0.0,0,0.003,1,0,19548,0.748,0.566,0.437,17.0,17.0,0.2899,58.6,0.0,1,1,0.792,1.28023,1,1,0.425,1.21325,0,164.692,0.006,0.994,0.0,0.0,0.5,0.74,0.0,0.5,0.0,0.739,0.546,0.5,0.477,0.0,0.291,0.0,0,0,0.287,0.659,0.38,0.475,0.0,0.343,0.65,0.0,0.567,0.412,0.0,1.0,1.02
67390,2024.07.23 10:08:40,USDCADm,BREAKOUT_RETEST,BUY,2,1.37666,1.37648,1.37714,2.69,0.592,1.3766,1.377,1.37641,1,0.079,0.373,-0.1754,1.37619,1.37066,1.3754,1.36892,0,0.0,0.55,0,1.37697,0.76,0.286,0,0.0,0.0,0.0,1.3755,1.567,0,0,1,1.0,0.825,0.1453,0.825,0.915,0,0.661,0,0.728,1.37649,1.37624,0.005,0.411,0.0,2,0.25,0,0.661,0.516,1.651,0.313,0.393,1,1.37697,8,0.752,0.99,0.126,0.247,0.233,0.91,0.745,1.36818,1.36333,1.3688,329528.1599,1410.6514,2,1.36793,0.601,0.0,0.0,0.0,0.0,0,0.003,1,0,19549,0.748,0.566,0.437,17.0,17.0,0.284,59.9,0.0,1,1,0.792,1.28023,1,1,0.425,1.21325,1,161.1,0.006,0.994,0.0,0.0,1.0,0.87,0.0,0.5,0.0,0.767,0.572,0.5,0.524,0.0,0.237,0.0,0,0,0.295,0.778,0.0,0.658,0.0,0.372,0.65,0.0,0.592,0.412,0.0,1.0,0.984
67392,2024.07.23 10:49:40,USDCADm,SWEEP_REVERSAL,BUY,2,1.37622,1.37562,1.37677,0.91,0.235,1.3766,1.377,1.37641,0,0.079,0.373,-0.9105,1.37619,1.37066,1.3754,1.36892,0,0.0,0.55,0,1.37697,0.76,0.286,0,0.0,0.0,0.0,1.3755,1.567,0,0,1,1.0,0.825,0.1453,0.825,0.188,0,0.661,0,0.728,1.37649,1.37624,0.73,0.324,0.0,2,0.25,0,0.661,0.65,1.542,0.422,0.408,1,1.3766,1,0.7,0.0,0.343,0.247,0.233,0.91,0.745,1.36818,1.36333,1.3688,329528.1599,1410.6514,2,1.36793,0.601,0.0,0.0,0.0,0.0,0,0.003,1,0,19549,0.748,0.566,0.437,17.0,17.0,0.284,59.9,0.0,1,1,0.792,1.28023,1,1,0.425,1.21325,1,160.365,0.006,0.994,0.0,0.0,1.0,0.0,0.0,0.5,0.0,0.855,0.393,0.5,0.536,0.0,0.297,0.0,0,0,0.344,0.626,0.0,0.487,0.0,0.371,0.65,0.0,0.564,0.412,0.0,1.0,1.02
67394,2024.07.23 10:50:40,USDCADm,TREND_CONTINUATION,BUY,2,1.37616,1.37544,1.37766,2.08,0.561,1.3766,1.377,1.37641,0,0.079,0.373,-1.0107,1.37619,1.37066,1.3754,1.36892,0,0.0,0.55,0,1.37697,0.76,0.286,0,0.0,0.0,0.0,1.3755,1.567,0,0,1,1.0,0.825,0.1453,0.825,0.188,0,0.661,0,0.728,1.37649,1.37624,0.83,0.424,0.0,2,0.25,0,0.661,0.693,1.642,0.422,0.413,1,1.3755,6,0.65,0.0,0.343,0.247,0.233,0.91,0.745,1.36818,1.36333,1.3688,329528.1599,1410.6514,2,1.36793,0.601,0.0,0.0,0.0,0.0,0,0.003,1,0,19549,0.748,0.566,0.437,17.0,17.0,0.284,59.9,0.0,1,1,0.792,1.28023,1,1,0.425,1.21325,1,160.265,0.006,0.994,0.0,0.0,1.0,0.0,0.0,0.5,0.0,0.872,0.365,0.5,0.531,0.0,0.323,0.0,0,0,0.37,0.626,0.0,0.487,0.0,0.423,0.487,0.0,0.558,0.412,0.0,1.0,1.02
67396,2024.07.23 11:03:59,USDCADm,MEAN_REVERSION,BUY,2,1.37609,1.3756,1.37659,1.02,0.592,1.37642,1.37693,1.37625,0,0.803,0.023,-0.8197,1.37625,1.37082,1.37447,1.36814,0,0.0,0.5,0,1.37696,0.745,0.84,0,0.0,0.0,1.3766,1.3755,0.702,0,0,1,1.0,0.825,0.1028,0.825,0.055,2,0.617,0,0.735,1.37649,1.37605,0.931,0.207,0.0,2,0.4,0,0.617,0.756,1.711,0.442,0.397,1,1.3755,6,0.65,0.0,0.443,0.247,0.287,0.98,0.89,1.36818,1.36333,1.3688,329528.1599,1410.6514,2,1.36793,0.601,0.0,0.0,0.0,0.0,0,0.003,1,0,19550,0.752,0.561,0.436,17.0,17.0,0.2787,61.0,0.0,1,1,0.792,1.28023,1,1,0.425,1.21325,1,157.148,0.006,0.994,0.0,0.0,1.0,0.08,0.0,0.5,0.0,0.983,0.543,0.5,0.493,0.0,0.342,0.0,0,0,0.31,0.301,0.0,0.498,0.0,0.484,0.65,0.0,0.565,0.412,0.0,1.0,0.95
67398,2024.07.23 11:16:40,USDCADm,PULLBACK,BUY,2,1.37562,1.37471,1.37659,1.06,0.483,1.37642,1.37693,1.37625,0,0.803,0.023,-1.5902,1.37625,1.37082,1.37447,1.36814,0,0.0,0.5,0,1.37696,0.745,0.84,0,0.0,0.0,1.3766,1.3755,0.702,0,0,1,1.0,0.825,0.1028,0.825,0.055,2,0.617,0,0.735,1.37649,1.37605,1.702,0.977,0.0,2,0.4,0,0.617,1.096,2.482,0.442,0.437,1,1.37642,1,0.7,0.0,0.443,0.247,0.287,0.98,0.89,1.36818,1.36333,1.3688,329528.1599,1410.6514,2,1.36793,0.601,0.0,0.0,0.0,0.0,0,0.003,1,0,19550,0.752,0.561,0.436,17.0,17.0,0.2787,61.0,0.0,1,1,0.792,1.28023,1,1,0.425,1.21325,1,156.377,0.006,0.994,0.0,0.0,1.0,0.24,0.0,0.5,0.0,0.489,0.463,0.5,0.454,0.0,0.378,0.0,0,0,0.309,0.301,0.0,0.249,0.0,0.585,0.438,0.0,0.561,0.412,0.0,1.0,0.95
0,2024.07.23 12:00:00,USDCADm,ANCHORED_PULLBACK,BUY,2,1.3761,1.37597,1.37646,2.8,0.793,1.37646,1.37697,1.37604,0,0.676,0.24,-0.8211,1.37625,1.37084,1.37497,1.36865,0,0.0,0.5,0,1.37646,0.707,0.039,0,0.0,0.0,1.37592,0.0,0.0,0,0,1,1.0,0.7348,0.0387,0.735,0.407,0,0.674,2,0.153,1.3765,1.37608,0.894,0.24,0.3906,0,0.4,2,1.0,1.617,3.0,0.539,0.497,1,1.37646,8,0.741,0.0,0.338,0.92,0.14,0.791,0.89,1.36818,1.36333,1.3688,321107.0381,-8421.1218,1,1.36793,0.606,0.0,0.0,0.0,0.0,0,0.135,1,0,19551,0.752,0.561,0.436,17.0,17.0,0.2656,64.0,0.0,1,1,0.792,1.28023,1,1,0.425,1.21325,1,149.797,0.019,0.981,0.0,1.0,1.0,0.65,0.0,0.5,0.0,0.629,0.526,0.5,0.483,0.0,0.491,0.0,0,0,0.357,0.453,0.0,0.661,0.0,1.0,0.65,0.0,0.482,0.412,0.0,1.0,1.04
67400,2024.07.23 12:10:20,USDCADm,BREAKOUT_RETEST,BUY,2,1.37626,1.37607,1.37663,1.9,0.582,1.37646,1.37697,1.37604,1,0.676,0.24,-0.5711,1.37625,1.37084,1.37497,1.36865,0,0.0,0.5,0,1.37646,0.707,0.039,0,0.0,0.0,1.37592,0.0,0.0,0,0,1,1.0,0.7348,0.0387,0.735,0.1,0,0.707,2,0.153,1.3765,1.37608,0.644,0.01,0.0,2,0.4,0,0.707,1.305,3.0,0.435,0.387,1,1.37646,8,0.741,0.0,0.43,0.22,0.14,0.791,0.89,1.36818,1.36333,1.3688,321107.0381,-8421.1218,1,1.36793,0.606,0.0,0.0,0.0,0.0,0,0.135,1,0,19551,0.752,0.561,0.436,17.0,17.0,0.2656,64.0,0.0,1,1,0.792,1.28023,1,1,0.425,1.21325,1,150.047,0.019,0.981,0.0,1.0,1.0,0.87,0.0,0.5,0.0,0.781,0.6,0.5,0.639,0.0,0.453,0.0,0,0,0.433,0.439,0.0,0.644,0.0,0.742,0.65,0.0,0.561,0.412,0.0,1.0,0.859
67402,2024.07.23 12:54:40,USDCADm,SWEEP_REVERSAL,BUY,2,1.3761,1.37546,1.37663,0.82,0.248,1.37646,1.37697,1.37604,0,0.676,0.24,-0.8211,1.37625,1.37084,1.37497,1.36865,0,0.0,0.5,0,1.37646,0.707,0.039,0,0.0,0.0,1.37592,0.0,0.0,0,0,1,1.0,0.7348,0.0387,0.735,0.407,0,0.707,2,0.153,1.3765,1.37608,0.894,0.24,0.0,2,0.4,0,0.707,1.167,3.0,0.389,0.371,1,1.37646,8,0.741,0.0,0.338,0.22,0.14,0.791,0.89,1.36818,1.36333,1.3688,321107.0381,-8421.1218,1,1.36793,0.606,0.0,0.0,0.0,0.0,0,0.135,1,0,19551,0.752,0.561,0.436,17.0,17.0,0.2656,64.0,0.0,1,1,0.792,1.28023,1,1,0.425,1.21325,1,149.797,0.019,0.981,0.0,1.0,1.0,0.08,0.0,0.5,0.0,0.746,0.464,0.5,0.482,0.0,0.606,0.0,0,0,0.409,0.458,0.0,0.495,0.0,0.786,0.65,0.0,0.549,0.412,0.0,1.0,0.949
67404,2024.07.23 13:03:59,USDCADm,MEAN_REVERSION,BUY,4,1.37609,1.37557,1.37671,1.2,0.684,1.37603,1.37654,1.37583,1,0.247,0.239,-0.1686,1.37625,1.37085,1.37546,1.36916,0,0.0,0.45,0,1.37603,0.777,0.536,0,0.0,0.0,1.37617,0.0,0.0,0,0,1,0.415,-0.3365,-0.0283,0.337,0.882,0,0.73,0,0.433,1.37599,1.37563,0.108,0.44,0.0,2,0.4,0,0.73,0.953,3.0,0.318,0.406,1,1.37654,4,0.6,0.784,0.195,0.101,0.227,0.944,0.857,1.36818,1.36333,1.3688,321107.0381,-8421.1218,1,1.36793,0.606,0.0,0.0,0.0,0.0,0,0.135,1,0,19552,0.752,0.561,0.436,17.0,17.0,0.2618,64.9,0.0,1,1,0.792,1.28023,1,1,0.425,1.21325,1,147.639,0.019,0.981,0.0,1.0,1.0,0.3,0.0,0.5,0.0,0.632,0.503,0.5,0.475,0.0,0.489,0.0,0,0,0.34,0.864,0.0,0.597,0.0,0.431,0.459,0.0,0.579,0.412,0.0,1.0,0.826
0,2024.07.23 15:00:00,USDCADm,ANCHORED_PULLBACK,BUY,4,1.37724,1.37721,1.37828,34.87,0.524,1.37603,1.37697,1.37564,0,0.218,0.395,1.4433,1.37626,1.37074,1.37569,1.36966,0,0.0,0.6,0,1.37691,0.701,0.223,0,0.0,0.0,1.37711,0.0,0.0,0,0,1,0.825,-0.58,-0.0573,0.58,0.603,2,0.627,0,0.725,1.37691,1.37735,0.218,0.395,0.0,2,0.25,0,0.627,1.079,3.0,0.36,0.436,1,1.37603,1,0.7,0.564,0.219,0.174,0.233,0.8,0.873,1.36818,1.36333,1.3688,321107.0381,-8421.1218,1,1.36793,0.606,0.0,0.0,0.0,0.0,0,0.135,1,0,19554,0.752,0.561,0.436,17.0,17.0,0.2356,72.1,0.0,1,1,0.792,1.28023,1,1,0.425,1.21325,1,134.469,0.019,0.981,0.0,1.0,1.0,0.2,0.0,0.5,0.0,0.969,0.423,0.5,0.485,0.0,0.645,0.0,0,0,0.449,0.716,0.456,0.692,0.0,0.589,0.46,0.0,0.534,0.412,0.0,1.0,0.875
67406,2024.07.23 19:00:20,USDCADm,TREND_CONTINUATION,BUY,3,1.37761,1.37667,1.37958,2.08,0.462,1.37658,1.37713,1.37646,0,0.546,1.608,1.0894,1.37639,1.37646,1.37746,1.37183,1,0.0,0.4,0,1.37658,0.768,0.488,0,0.0,0.0,0.0,0.0,0.0,0,0,0,0.675,0.685,0.0889,0.685,0.364,2,0.636,0,0.939,1.377,1.37617,0.559,1.62,0.0,2,0.0,0,0.636,1.186,3.0,0.395,0.513,2,1.377,2,0.55,0.0,0.191,0.206,0.188,0.788,0.914,1.36818,1.36333,1.36788,289824.8408,-31282.1974,1,1.36793,0.595,0.0,0.0,0.0,0.0,0,0.088,1,0,19558,0.752,0.561,0.436,17.0,17.0,0.2162,78.6,0.0,1,1,0.792,1.28023,1,1,0.425,1.21325,1,123.826,0.057,0.943,0.0,1.0,1.0,0.98,0.0,0.5,0.0,0.944,0.6,0.5,0.561,0.0,0.35,0.0,0,0,0.368,0.637,0.0,0.165,0.1,0.278,0.854,0.0,0.525,0.412,0.0,1.0,0.989
67408,2024.07.23 19:18:40,USDCADm,BREAKOUT,BUY,3,1.37743,1.37709,1.3794,5.82,0.431,1.37658,1.37713,1.37646,0,0.546,1.608,0.8605,1.37639,1.37646,1.37746,1.37183,1,0.0,0.4,0,1.37658,0.768,0.488,0,0.0,0.0,0.0,0.0,0.0,0,0,0,0.675,0.685,0.0889,0.685,0.363,2,0.636,0,0.939,1.377,1.37617,0.33,1.391,0.0,2,0.0,0,0.636,1.187,3.0,0.396,0.513,2,1.377,2,0.55,0.341,0.191,0.206,0.188,0.788,0.914,1.36818,1.36333,1.36788,289824.8408,-31282.1974,1,1.36793,0.595,0.0,0.0,0.0,0.0,0,0.088,1,0,19558,0.752,0.561,0.436,17.0,17.0,0.2162,78.6,0.0,1,1,0.792,1.28023,1,1,0.425,1.21325,1,123.597,0.057,0.943,0.0,1.0,1.0,0.06,0.0,0.5,0.0,0.897,0.438,0.5,0.535,0.0,0.303,0.0,0,0,0.319,0.637,0.173,0.825,0.1,0.405,0.815,0.0,0.525,0.412,0.0,1.0,0.989
67410,2024.07.23 19:26:40,USDCADm,BREAKOUT_RETEST,BUY,3,1.37725,1.37701,1.37763,1.61,0.484,1.37658,1.37713,1.37646,1,0.546,1.608,0.6317,1.37639,1.37646,1.37746,1.37183,1,0.0,0.4,0,1.37658,0.768,0.488,0,0.0,0.0,0.0,0.0,0.0,0,0,0,0.675,0.685,0.0889,0.685,0.491,2,0.636,0,0.939,1.377,1.37617,0.101,1.163,0.0,2,0.0,0,0.636,1.129,3.0,0.376,0.507,2,1.37658,8,0.754,0.798,0.153,0.206,0.188,0.788,0.914,1.36818,1.36333,1.36788,289824.8408,-31282.1974,1,1.36793,0.595,0.0,0.0,0.0,0.0,0,0.088,1,0,19558,0.752,0.561,0.436,17.0,17.0,0.2162,78.6,0.0,1,1,0.792,1.28023,1,1,0.425,1.21325,1,123.368,0.057,0.943,0.0,1.0,1.0,0.0,0.0,0.5,0.0,0.831,0.288,0.5,0.486,0.0,0.229,0.0,0,0,0.365,0.673,0.157,0.66,0.13,0.36,0.645,0.0,0.525,0.412,0.0,1.0,0.946
67412,2024.07.23 19:33:40,USDCADm,PULLBACK,BUY,3,1.37768,1.37709,1.38004,4.01,0.392,1.37658,1.37713,1.37646,0,0.546,1.608,1.1784,1.37639,1.37646,1.37746,1.37183,0,0.0,0.4,0,1.37658,0.768,0.488,0,0.0,0.0,0.0,0.0,0.0,0,0,0,0.675,0.685,0.0889,0.685,0.364,2,0.636,0,0.939,1.377,1.37617,0.648,1.709,0.0,2,0.0,0,0.636,1.186,3.0,0.395,0.513,2,1.377,2,0.55,0.0,0.191,0.206,0.188,0.788,0.914,1.36818,1.36333,1.36788,289824.8408,-31282.1974,1,1.36793,0.595,0.0,0.0,0.0,0.0,0,0.088,1,0,19558,0.752,0.561,0.436,17.0,17.0,0.2162,78.6,0.0,1,1,0.792,1.28023,1,1,0.425,1.21325,1,123.915,0.057,0.943,0.0,1.0,1.0,0.99,0.0,0.5,0.0,0.826,0.619,0.5,0.559,0.0,0.266,0.0,0,0,0.345,0.59,0.031,0.178,0.1,0.385,0.868,0.0,0.527,0.412,0.0,1.0,1.04
67414,2024.07.23 20:00:00,USDCADm,ANCHORED_PULLBACK,BUY,3,1.37802,1.37722,1.3795,1.86,0.618,1.37658,1.37738,1.37643,0,0.505,0.008,1.5307,1.37635,1.37642,1.37749,1.37197,0,0.0,0.45,0,1.37658,0.781,0.361,0,0.0,0.0,1.37747,0.0,0.0,0,0,1,0.75,0.72,0.1519,0.72,0.088,2,0.592,0,0.76,1.37743,1.37786,0.505,0.008,0.3461,0,0.15,2,1.0,1.761,3.0,0.587,0.639,2,1.37743,2,0.55,0.0,0.334,0.916,0.204,0.893,0.92,1.36818,1.36908,1.36764,-89451.3827,-379276.2235,-2,1.36793,0.597,0.0,0.0,0.0,0.0,0,0.0,1,0,19559,0.752,0.561,0.436,17.0,17.0,0.2057,82.6,0.0,1,1,0.792,1.28023,1,1,0.425,1.21325,1,118.328,0.005,0.995,0.0,0.0,1.0,0.93,0.0,0.5,0.0,0.377,0.637,0.5,0.45,0.0,0.376,0.0,0,0,0.367,0.399,0.0,0.277,0.202,0.889,0.745,0.0,0.463,0.394,0.0,1.0,1.054
67416,2024.07.23 21:00:20,USDCADm,TREND_CONTINUATION,BUY,3,1.37853,1.37747,1.38064,1.99,0.486,1.37738,1.37765,1.3767,0,1.169,0.17,1.1571,1.37627,1.37645,1.37758,1.37214,0,0.0,0.45,0,1.37738,0.655,0.548,0,0.0,0.0,1.37837,0.0,0.0,0,0,1,0.825,0.755,0.2197,0.755,0.204,2,0.644,1,0.074,1.37733,1.37812,1.22,0.283,0.0,2,0.15,0,0.644,1.258,3.0,0.419,0.392,1,1.37738,8,0.731,0.0,0.299,0.226,0.053,0.777,0.901,1.36818,1.36908,1.36764,-89451.3827,-379276.2235,-2,1.36793,0.597,0.0,0.0,0.0,0.0,0,0.0,1,0,19560,0.752,0.561,0.438,17.0,17.2,0.2012,84.5,0.0,1,1,0.792,1.28023,1,1,0.425,1.21325,1,116.331,0.005,0.995,0.0,0.0,1.0,0.32,0.0,0.5,0.0,0.942,0.581,0.5,0.483,0.0,0.417,0.0,0,0,0.36,0.391,0.0,0.239,0.221,0.623,0.434,0.0,0.516,0.394,0.0,1.0,0.96
67418,2024.07.23 21:18:40,USDCADm,BREAKOUT,BUY,3,1.37868,1.3778,1.38079,2.39,0.447,1.37738,1.37765,1.3767,0,1.169,0.17,0.9441,1.37627,1.37645,1.37758,1.37214,0,0.0,0.45,0,1.37738,0.655,0.548,0,0.0,0.0,1.37837,0.0,0.0,0,0,1,0.825,0.755,0.2197,0.755,0.066,2,0.644,1,0.074,1.37733,1.37812,1.007,0.07,0.0,2,0.15,0,0.644,1.32,3.0,0.44,0.399,1,1.37738,8,0.731,0.0,0.34,0.226,0.053,0.777,0.901,1.36818,1.36908,1.36764,-89451.3827,-379276.2235,-2,1.36793,0.597,0.0,0.0,0.0,0.0,0,0.0,1,0,19560,0.752,0.561,0.438,50.0,30.3,0.5917,84.5,0.0,1,1,0.792,1.28023,1,1,0.425,1.21325,1,116.509,0.005,0.995,0.0,0.0,1.0,0.0,0.0,0.5,0.0,1.0,0.389,0.5,0.503,0.0,0.375,0.0,0,0,0.367,0.359,0.0,0.191,0.221,0.623,0.434,0.0,0.516,0.394,0.0,1.0,0.96
0,2024.07.23 21:33:40,USDCADm,PULLBACK,BUY,3,1.37878,1.3782,1.38132,4.35,0.413,1.37738,1.37765,1.3767,0,1.169,0.17,0.5891,1.37627,1.37645,1.37758,1.37214,0,0.0,0.45,0,1.37738,0.655,0.548,0,0.0,0.0,1.37837,0.0,0.0,0,0,1,0.825,0.755,0.2197,0.755,0.264,2,0.644,1,0.074,1.37733,1.37812,0.651,0.285,0.0,2,0.15,0,0.644,1.231,3.0,0.41,0.389,1,1.37738,8,0.731,0.0,0.281,0.226,0.053,0.777,0.901,1.36818,1.36908,1.36764,-89451.3827,-379276.2235,-2,1.36793,0.597,0.0,0.0,0.0,0.0,0,0.0,1,0,19560,0.752,0.561,0.438,90.0,56.7,1.0651,84.5,0.0,1,1,0.792,1.28023,1,1,0.425,1.21325,1,116.627,0.005,0.995,0.0,0.0,1.0,0.0,0.0,0.5,0.0,0.919,0.212,0.5,0.543,0.0,0.349,0.0,0,0,0.476,0.289,0.0,0.143,0.192,0.623,0.867,0.0,0.531,0.394,0.0,1.0,0.96
67420,2024.07.23 23:00:00,USDCADm,BREAKOUT_RETEST,BUY,1,1.37867,1.37843,1.37918,2.09,0.595,1.37837,1.37856,1.37767,1,0.064,0.616,0.1559,1.37629,1.3765,1.37765,1.37216,0,0.0,0.6,2,1.37837,0.752,0.316,0,0.0,0.0,0.0,0.0,0.0,0,0,1,0.975,0.825,0.269,0.825,0.382,2,0.597,3,0.33,1.37841,1.378,0.11,0.616,0.0,2,0.0,0,0.597,1.178,3.0,0.393,0.435,1,1.37767,5,0.6,0.78,0.185,0.247,0.0,0.854,0.809,1.36818,1.36908,1.36764,-89451.3827,-379276.2235,-2,1.36793,0.597,0.0,0.0,0.0,0.0,0,0.0,1,0,19562,0.752,0.561,0.438,17.0,17.0,0.2099,81.0,0.0,1,1,0.792,1.28023,1,1,0.425,1.21325,1,121.531,0.005,0.995,0.0,0.0,1.0,0.96,0.0,0.5,0.0,0.7,0.465,0.5,0.534,0.0,0.276,0.0,0,0,0.291,0.647,0.0,0.38,0.14,0.38,0.65,0.0,0.529,0.394,0.0,1.0,1.079
67421,2024.07.23 23:00:20,USDCADm,TREND_CONTINUATION,BUY,1,1.37867,1.3777,1.3807,2.08,0.558,1.37837,1.37856,1.37767,1,0.064,0.616,0.1559,1.37629,1.3765,1.37765,1.37216,0,0.0,0.6,2,1.37837,0.752,0.316,0,0.0,0.0,0.0,0.0,0.0,0,0,1,0.975,0.825,0.269,0.825,0.382,2,0.597,3,0.33,1.37841,1.378,0.11,0.616,0.0,2,0.0,0,0.597,1.178,3.0,0.393,0.435,1,1.37767,5,0.6,0.78,0.185,0.247,0.0,0.854,0.809,1.36818,1.36908,1.36764,-89451.3827,-379276.2235,-2,1.36793,0.597,0.0,0.0,0.0,0.0,0,0.0,1,0,19562,0.752,0.561,0.438,17.0,17.0,0.2099,81.0,0.0,1,1,0.792,1.28023,1,1,0.425,1.21325,1,121.531,0.005,0.995,0.0,0.0,1.0,0.95,0.0,0.5,0.0,0.7,0.466,0.5,0.534,0.0,0.276,0.0,0,0,0.291,0.647,0.0,0.38,0.14,0.38,0.65,0.0,0.529,0.394,0.0,1.0,1.079
67424,2024.07.23 23:19:30,USDCADm,BREAKOUT,BUY,1,1.3786,1.37739,1.38063,1.67,0.395,1.37837,1.37856,1.37767,1,0.064,0.616,0.0694,1.37629,1.3765,1.37765,1.37216,0,0.0,0.6,2,1.37837,0.752,0.316,0,0.0,0.0,0.0,0.0,0.0,0,0,1,0.975,0.825,0.269,0.825,0.883,2,0.597,3,0.33,1.37841,1.378,0.023,0.529,0.0,2,0.0,0,0.597,0.953,3.0,0.318,0.408,1,1.37767,5,0.6,0.953,0.035,0.247,0.0,0.854,0.809,1.36818,1.36908,1.36764,-89451.3827,-379276.2235,-2,1.36793,0.597,0.0,0.0,0.0,0.0,0,0.0,1,0,19562,0.752,0.561,0.438,17.0,17.0,0.2099,81.0,0.0,1,1,0.792,1.28023,1,1,0.425,1.21325,1,121.444,0.005,0.995,0.0,0.0,1.0,0.05,0.0,0.5,0.0,0.459,0.463,0.5,0.525,0.0,0.235,0.0,0,0,0.274,0.732,0.0,0.342,0.14,0.417,0.65,0.0,0.552,0.394,0.0,1.0,1.133
67426,2024.07.23 23:33:40,USDCADm,PULLBACK,BUY,1,1.37856,1.37735,1.38099,2.0,0.618,1.37837,1.37856,1.37767,1,0.064,0.616,0.0201,1.37629,1.3765,1.37765,1.37216,0,0.0,0.6,2,1.37837,0.752,0.316,0,0.0,0.0,0.0,0.0,0.0,0,0,1,0.975,0.825,0.269,0.825,0.974,2,0.597,3,0.33,1.37841,1.378,0.026,0.48,0.0,2,0.0,0,0.597,0.911,3.0,0.304,0.404,1,1.37767,5,0.6,0.948,0.008,0.247,0.0,0.854,0.809,1.36818,1.36908,1.36764,-89451.3827,-379276.2235,-2,1.36793,0.597,0.0,0.0,0.0,0.0,0,0.0,1,0,19562,0.752,0.561,0.438,17.0,17.0,0.2099,81.0,0.0,1,1,0.792,1.28023,1,1,0.425,1.21325,1,121.395,0.005,0.995,0.0,0.0,1.0,0.16,0.0,0.5,0.0,0.92,0.383,0.5,0.566,0.0,0.271,0.0,0,0,0.349,0.732,0.0,0.214,0.14,0.417,0.65,0.0,0.548,0.394,0.0,1.0,1.133
67428,2024.07.24 01:00:40,USDCADm,BREAKOUT_RETEST,BUY,1,1.37842,1.37819,1.37883,1.75,0.513,1.37839,1.37866,1.37822,1,0.258,0.118,-0.1812,1.37634,1.37616,1.37732,1.37174,0,0.0,0.45,0,1.37839,0.661,0.483,0,0.0,0.0,1.37829,0.0,0.0,0,0,1,0.75,0.895,0.3289,0.895,0.327,0,0.718,2,0.283,1.37846,1.37802,0.275,0.289,0.0,2,0.15,0,0.718,1.203,3.0,0.401,0.441,1,1.37866,4,0.6,0.449,0.262,0.269,0.053,0.866,0.908,1.36818,1.36352,1.36749,241442.2242,330893.6068,2,1.36793,0.601,0.0,0.0,0.0,0.0,0,0.0,1,0,19564,0.752,0.561,0.438,17.0,17.0,0.2177,78.1,0.0,1,1,0.792,1.28023,1,1,0.425,1.21325,1,125.769,0.007,0.993,0.0,0.0,1.0,0.25,0.0,0.5,0.0,0.493,0.566,0.5,0.683,0.0,0.422,0.0,0,0,0.414,0.728,0.0,0.38,0.369,0.328,0.461,0.0,0.539,0.394,0.0,1.0,0.942
67430,2024.07.24 01:28:40,USDCADm,TREND_CONTINUATION,BUY,1,1.37861,1.37767,1.38056,2.08,0.48,1.37839,1.37866,1.37822,1,0.258,0.118,0.0621,1.37634,1.37616,1.37732,1.37174,0,0.0,0.45,0,1.37839,0.661,0.483,0,0.0,0.0,1.37829,0.0,0.0,0,0,1,0.75,0.895,0.3289,0.895,0.885,0,0.718,2,0.283,1.37846,1.37802,0.032,0.533,0.0,2,0.15,0,0.718,0.952,3.0,0.317,0.412,1,0.0,0,0.0,0.936,0.095,0.269,0.053,0.866,0.908,1.36818,1.36352,1.36749,241442.2242,330893.6068,2,1.36793,0.601,0.0,0.0,0.0,0.0,0,0.0,1,0,19564,0.752,0.561,0.438,17.0,17.0,0.2177,78.1,0.0,1,1,0.792,1.28023,1,1,0.425,1.21325,1,126.013,0.007,0.993,0.0,0.0,1.0,0.99,0.0,0.5,0.0,0.486,0.752,0.5,0.569,0.0,0.849,0.0,0,0,0.661,0.698,0.0,0.299,0.314,0.14,0.65,0.0,0.563,0.394,0.0,1.0,0.906
67432,2024.07.24 02:00:40,USDCADm,PULLBACK,BUY,1,1.37851,1.37738,1.38077,2.0,0.627,1.37842,1.37854,1.37816,1,0.236,0.085,-0.1018,1.37634,1.37616,1.37732,1.37174,0,0.0,0.55,0,1.37821,0.654,0.109,0,0.0,0.0,0.0,0.0,0.0,0,0,1,1.0,0.755,0.3113,0.755,0.877,0,0.716,0,0.723,1.37838,1.37807,0.056,0.356,0.0,2,0.4,0,0.716,0.955,3.0,0.318,0.436,1,0.0,0,0.0,0.888,0.197,0.226,0.285,0.921,0.856,1.36818,1.36352,1.36749,241442.2242,330893.6068,2,1.36793,0.601,0.0,0.0,0.0,0.0,0,0.0,1,0,19565,0.752,0.561,0.438,17.0,17.0,0.2256,75.4,0.0,1,1,0.792,1.28023,1,1,0.425,1.21325,1,130.419,0.007,0.993,0.0,0.0,1.0,0.84,0.0,0.5,0.0,0.365,0.583,0.5,0.554,0.0,0.704,0.0,0,0,0.498,0.612,0.0,0.225,0.273,0.196,0.65,0.0,0.568,0.394,0.0,1.0,0.906
67434,2024.07.24 03:20:40,USDCADm,BREAKOUT,BUY,1,1.37938,1.3785,1.38131,2.18,0.508,1.37835,1.37858,1.37812,0,0.566,0.038,1.1108,1.37645,1.37639,1.37712,1.37183,0,0.0,0.45,0,1.37835,0.706,0.805,0,0.0,0.0,0.0,0.0,0.0,0,0,1,1.0,0.965,0.2569,0.965,0.081,0,0.758,1,0.074,1.37833,1.37901,1.144,0.253,0.0,2,0.15,0,0.758,1.313,3.0,0.438,0.432,1,1.37835,8,0.741,0.0,0.336,0.29,0.053,0.819,0.927,1.36818,1.36352,1.36749,241442.2242,330893.6068,2,1.36793,0.601,0.0,0.0,0.0,0.0,0,0.0,1,0,19566,0.752,0.561,0.438,17.0,17.0,0.22,77.3,0.0,1,1,0.792,1.28023,1,1,0.425,1.21325,1,128.29,0.007,0.993,0.0,0.0,1.0,0.99,0.0,0.5,0.0,0.788,0.576,0.5,0.523,0.0,0.401,0.0,0,0,0.363,0.395,0.0,0.238,0.331,0.312,0.864,0.0,0.551,0.394,0.0,1.0,0.954
67436,2024.07.24 03:28:40,USDCADm,TREND_CONTINUATION,BUY,1,1.37943,1.3785,1.38136,2.07,0.581,1.37835,1.37858,1.37812,0,0.566,0.038,1.1755,1.37645,1.37639,1.37712,1.37183,0,0.0,0.45,0,1.37835,0.706,0.805,0,0.0,0.0,0.0,0.0,0.0,0,0,1,1.0,0.965,0.2569,0.965,0.081,0,0.758,1,0.074,1.37833,1.37901,1.209,0.318,0.0,2,0.15,0,0.758,1.313,3.0,0.438,0.432,1,1.37835,8,0.741,0.0,0.336,0.29,0.053,0.819,0.927,1.36818,1.36352,1.36749,241442.2242,330893.6068,2,1.36793,0.601,0.0,0.0,0.0,0.0,0,0.0,1,0,19566,0.752,0.561,0.438,17.0,17.0,0.22,77.3,0.0,1,1,0.792,1.28023,1,1,0.425,1.21325,1,128.355,0.007,0.993,0.0,0.0,1.0,0.69,0.0,0.5,0.0,0.676,0.532,0.5,0.498,0.0,0.425,0.0,0,0,0.338,0.395,0.0,0.238,0.331,0.356,0.864,0.0,0.551,0.394,0.0,1.0,0.954
67438,2024.07.24 04:00:00,USDCADm,ANCHORED_PULLBACK,BUY,1,1.37976,1.37934,1.38107,3.15,0.827,1.37831,1.37892,1.3781,0,1.621,0.194,1.7311,1.37642,1.37633,1.37709,1.37198,0,0.0,0.5,2,1.37831,0.726,0.0,1,0.0,0.0,1.37957,0.0,0.0,0,0,1,1.0,1.0,0.2758,1.0,0.453,2,0.546,1,0.219,1.37826,1.37928,1.786,0.413,0.4797,0,0.15,2,1.0,1.596,3.0,0.532,0.553,2,1.37831,8,0.745,0.0,0.224,1.0,0.053,0.897,0.874,1.36793,1.36897,1.36793,-66611.8721,-308054.0963,-2,1.36777,0.604,1.37861,0.511,0.0,0.0,0,0.0,1,0,19567,0.752,0.561,0.438,17.0,17.0,0.2291,74.2,0.0,1,1,0.792,1.28023,1,1,0.425,1.21325,1,134.112,0.0,1.0,0.0,0.0,1.0,0.55,0.0,0.5,0.0,1.0,0.49,0.5,0.506,0.0,0.403,0.0,0,0,0.319,0.318,0.0,0.18,0.362,1.0,0.745,0.0,0.483,0.394,0.0,1.0,1.063
67439,2024.07.24 04:00:40,USDCADm,PULLBACK,BUY,1,1.3798,1.37869,1.38203,2.0,0.497,1.37831,1.37892,1.3781,0,1.621,0.194,1.785,1.37642,1.37633,1.37709,1.37198,0,0.0,0.5,2,1.37831,0.726,0.0,1,0.0,0.0,1.37957,0.0,0.0,0,0,1,1.0,1.0,0.2758,1.0,0.453,2,0.583,1,0.219,1.37826,1.37928,1.84,0.467,0.0,2,0.15,4,0.575,1.446,3.0,0.482,0.429,1,1.37831,8,0.745,0.0,0.224,0.3,0.053,0.897,0.874,1.36793,1.36897,1.36793,-66611.8721,-308054.0963,-2,1.36777,0.604,1.37861,0.511,0.0,0.0,0,0.0,1,0,19567,0.752,0.561,0.438,17.0,17.0,0.2291,74.2,0.0,1,1,0.792,1.28023,1,1,0.425,1.21325,1,134.166,0.0,1.0,0.0,0.0,1.0,0.91,0.0,0.5,0.0,1.0,0.52,0.5,0.46,0.0,0.403,0.0,0,0,0.311,0.257,0.0,0.152,0.311,0.614,0.85,0.0,0.518,0.394,0.0,1.0,0.928
67442,2024.07.24 05:00:00,USDCADm,BREAKOUT_RETEST,BUY,1,1.37977,1.37956,1.38009,1.51,0.875,1.37959,1.37992,1.37831,1,0.018,0.557,0.0177,1.37626,1.37651,1.3773,1.37204,0,0.0,0.85,2,1.37826,0.681,0.255,0,0.0,0.0,0.0,0.0,0.0,0,0,1,1.0,1.0,0.2933,1.0,1.0,1,0.162,3,0.764,1.37959,1.37921,0.018,0.557,1.1348,0,0.3,2,1.0,1.35,3.0,0.45,0.583,2,1.37992,4,0.6,0.965,0.12,1.0,0.105,1.0,0.823,1.36793,1.36897,1.36793,-66611.8721,-308054.0963,-2,1.36777,0.604,1.37861,0.511,0.0,0.0,0,0.0,1,0,19568,0.752,0.561,0.438,17.0,17.0,0.2411,70.5,0.0,1,1,0.792,1.28023,1,1,0.425,1.21325,1,141.191,0.0,1.0,0.0,0.0,1.0,0.76,0.0,0.5,0.0,0.398,0.51,0.5,0.523,0.0,0.434,0.0,0,0,0.337,0.676,0.0,0.162,0.212,1.0,0.65,0.0,0.521,0.364,0.0,1.0,1.242
67444,2024.07.24 06:04:20,USDCADm,BREAKOUT,BUY,1,1.37938,1.37834,1.38112,1.67,0.338,1.37963,1.37984,1.379,1,0.032,0.573,-0.5992,1.37626,1.37651,1.3773,1.37204,0,0.0,0.5,2,1.37904,0.76,0.365,0,0.0,0.0,0.0,0.0,0.0,0,0,1,0.8,0.825,0.255,0.825,0.706,2,0.609,0,0.357,1.37908,1.37866,0.187,0.792,0.0,2,0.25,0,0.609,1.032,3.0,0.344,0.391,1,1.379,5,0.6,0.626,0.188,0.247,0.159,0.89,0.785,1.36793,1.36897,1.36793,-66611.8721,-308054.0963,-2,1.36777,0.604,1.37861,0.511,0.0,0.0,0,0.0,1,0,19569,0.752,0.561,0.438,17.0,17.0,0.2449,69.4,0.0,1,1,0.792,1.28023,1,1,0.425,1.21325,1,142.809,0.0,1.0,0.0,0.0,1.0,0.99,0.0,0.5,0.0,0.468,0.613,0.5,0.555,0.0,0.492,0.0,0,0,0.431,0.692,0.0,0.349,0.177,0.467,0.65,0.0,0.586,0.364,0.0,1.0,1.102
67445,2024.07.24 06:04:20,USDCADm,PULLBACK,BUY,1,1.37938,1.37834,1.38146,2.0,0.562,1.37963,1.37984,1.379,1,0.032,0.573,-0.5992,1.37626,1.37651,1.3773,1.37204,0,0.0,0.5,2,1.37904,0.76,0.365,0,0.0,0.0,0.0,0.0,0.0,0,0,1,0.8,0.825,0.255,0.825,0.706,2,0.609,0,0.357,1.37908,1.37866,0.187,0.792,0.0,2,0.25,0,0.609,1.032,3.0,0.344,0.391,1,1.379,5,0.6,0.626,0.188,0.247,0.159,0.89,0.785,1.36793,1.36897,1.36793,-66611.8721,-308054.0963,-2,1.36777,0.604,1.37861,0.511,0.0,0.0,0,0.0,1,0,19569,0.752,0.561,0.438,17.0,17.0,0.2449,69.4,0.0,1,1,0.792,1.28023,1,1,0.425,1.21325,1,142.809,0.0,1.0,0.0,0.0,1.0,0.98,0.0,0.5,0.0,0.468,0.613,0.5,0.555,0.0,0.492,0.0,0,0,0.431,0.692,0.0,0.349,0.177,0.467,0.65,0.0,0.586,0.364,0.0,1.0,1.102
67446,2024.07.24 06:08:40,USDCADm,SWEEP_REVERSAL,BUY,1,1.37908,1.37839,1.3798,1.03,0.217,1.37963,1.37984,1.379,0,0.032,0.573,-1.0313,1.37626,1.37651,1.3773,1.37204,0,0.0,0.5,2,1.37904,0.76,0.365,0,0.0,0.0,0.0,0.0,0.0,0,0,1,0.8,0.825,0.255,0.825,0.397,2,0.609,0,0.357,1.37908,1.37866,0.245,0.36,0.0,2,0.25,0,0.609,1.171,3.0,0.39,0.407,1,1.37963,1,0.7,0.51,0.281,0.247,0.159,0.89,0.785,1.36793,1.36897,1.36793,-66611.8721,-308054.0963,-2,1.36777,0.604,1.37861,0.511,0.0,0.0,0,0.0,1,0,19569,0.752,0.561,0.438,17.0,17.0,0.2449,69.4,0.0,1,1,0.792,1.28023,1,1,0.425,1.21325,1,142.377,0.0,1.0,0.0,0.0,1.0,0.0,0.0,0.5,0.0,0.46,0.532,0.5,0.551,0.0,0.426,0.0,0,0,0.355,0.751,0.0,0.291,0.23,0.62,0.65,0.0,0.571,0.364,0.0,1.0,1.139
67447,2024.07.24 06:25:40,USDCADm,TREND_CONTINUATION,BUY,1,1.37942,1.37859,1.38116,2.08,0.49,1.37963,1.37984,1.379,1,0.032,0.573,-0.5416,1.37626,1.37651,1.3773,1.37204,0,0.0,0.5,2,1.37904,0.76,0.365,0,0.0,0.0,0.0,0.0,0.0,0,0,1,0.8,0.825,0.255,0.825,0.317,2,0.609,0,0.357,1.37908,1.37866,0.245,0.85,0.0,2,0.25,0,0.609,1.207,3.0,0.402,0.412,1,1.37904,8,0.752,0.51,0.305,0.247,0.159,0.89,0.785,1.36793,1.36897,1.36793,-66611.8721,-308054.0963,-2,1.36777,0.604,1.37861,0.511,0.0,0.0,0,0.0,1,0,19569,0.752,0.561,0.438,17.0,17.0,0.2449,69.4,0.0,1,1,0.792,1.28023,1,1,0.425,1.21325,1,142.866,0.0,1.0,0.0,0.0,1.0,0.99,0.0,0.5,0.0,0.3,0.564,0.5,0.59,0.0,0.461,0.0,0,0,0.4,0.624,0.0,0.388,0.208,0.504,0.65,0.0,0.559,0.364,0.0,1.0,1.048
67452,2024.07.24 07:00:00,USDCADm,BREAKOUT_RETEST,BUY,1,1.37969,1.37949,1.38018,2.38,0.525,1.37943,1.37969,1.37905,1,0.034,0.374,0.1365,1.37626,1.37651,1.3773,1.37204,0,0.0,0.55,0,1.37914,0.716,0.699,0,0.0,0.0,1.37942,0.0,0.0,0,0,1,0.8,0.825,0.2278,0.825,0.921,0,0.712,0,0.638,1.37954,1.3798,0.034,0.417,0.0,2,0.25,0,0.712,0.936,3.0,0.312,0.437,1,1.37914,8,0.743,0.932,0.124,0.247,0.215,0.862,0.75,1.36793,1.36897,1.36793,-66611.8721,-308054.0963,-2,1.36777,0.604,1.37861,0.511,0.0,0.0,0,0.0,1,0,19570,0.762,0.56,0.442,17.0,17.0,0.2495,68.1,0.0,1,1,0.792,1.28023,1,1,0.425,1.21325,1,145.958,0.0,1.0,0.0,0.0,1.0,0.95,0.0,0.5,0.0,0.648,0.48,0.5,0.487,0.0,0.597,0.0,0,0,0.397,0.72,0.0,0.438,0.171,0.472,0.708,0.0,0.599,0.364,0.0,1.0,0.92
67454,2024.07.24 08:04:20,USDCADm,BREAKOUT,BUY,2,1.37959,1.37927,1.38128,5.23,0.352,1.37916,1.37958,1.37897,1,0.006,0.42,0.3785,1.37626,1.37651,1.3773,1.37204,0,0.0,0.55,0,1.37916,0.735,0.77,0,0.0,0.0,1.37923,0.0,0.0,0,0,1,0.8,1.0,0.1972,1.0,0.954,2,0.633,0,0.607,1.37942,1.37981,0.006,0.574,0.0,2,0.0,0,0.633,0.921,3.0,0.307,0.448,1,1.37916,8,0.747,0.988,0.014,0.3,0.121,0.85,0.789,1.36805,1.3691,1.36752,-108601.1759,-41989.3037,-2,1.36789,0.601,1.37844,0.493,0.0,0.0,0,0.0,1,0,19571,0.762,0.56,0.442,17.0,17.0,0.2513,67.6,0.0,1,1,0.792,1.28023,1,1,0.425,1.21325,1,146.889,0.005,0.995,0.0,0.0,1.0,0.47,0.0,0.5,0.0,0.785,0.518,0.5,0.512,0.0,0.477,0.0,0,0,0.355,0.736,0.0,0.342,0.188,0.401,0.715,0.0,0.597,0.364,0.0,1.0,1.102
67455,2024.07.24 08:04:20,USDCADm,PULLBACK,BUY,2,1.37959,1.37858,1.38162,2.0,0.592,1.37916,1.37958,1.37897,1,0.006,0.42,0.3785,1.37626,1.37651,1.3773,1.37204,0,0.0,0.55,0,1.37916,0.735,0.77,0,0.0,0.0,1.37923,0.0,0.0,0,0,1,0.8,1.0,0.1972,1.0,0.954,2,0.633,0,0.607,1.37942,1.37981,0.006,0.574,0.0,2,0.0,0,0.633,0.921,3.0,0.307,0.448,1,1.37916,8,0.747,0.988,0.014,0.3,0.121,0.85,0.789,1.36805,1.3691,1.36752,-108601.1759,-41989.3037,-2,1.36789,0.601,1.37844,0.493,0.0,0.0,0,0.0,1,0,19571,0.762,0.56,0.442,17.0,17.0,0.2513,67.6,0.0,1,1,0.792,1.28023,1,1,0.425,1.21325,1,146.889,0.005,0.995,0.0,0.0,1.0,0.46,0.0,0.5,0.0,0.785,0.518,0.5,0.512,0.0,0.477,0.0,0,0,0.355,0.736,0.0,0.342,0.188,0.401,0.715,0.0,0.597,0.364,0.0,1.0,1.102
67458,2024.07.24 08:31:40,USDCADm,TREND_CONTINUATION,BUY,2,1.37959,1.37878,1.38128,2.08,0.519,1.37916,1.37958,1.37897,1,0.006,0.42,0.3785,1.37626,1.37651,1.3773,1.37204,0,0.0,0.55,0,1.37916,0.735,0.77,0,0.0,0.0,1.37923,0.0,0.0,0,0,1,0.8,1.0,0.1972,1.0,0.954,2,0.633,0,0.607,1.37942,1.37981,0.006,0.574,0.0,2,0.0,0,0.633,0.921,3.0,0.307,0.448,1,1.37916,8,0.747,0.988,0.014,0.3,0.121,0.85,0.789,1.36805,1.3691,1.36752,-108601.1759,-41989.3037,-2,1.36789,0.601,1.37844,0.493,0.0,0.0,0,0.0,1,0,19571,0.762,0.56,0.442,17.0,17.0,0.2513,67.6,0.0,1,1,0.792,1.28023,1,1,0.425,1.21325,1,146.889,0.005,0.995,0.0,0.0,1.0,0.94,0.0,0.5,0.0,0.515,0.607,0.5,0.496,0.0,0.476,0.0,0,0,0.403,0.736,0.0,0.342,0.188,0.401,0.715,0.0,0.597,0.364,0.0,1.0,1.102
67460,2024.07.24 09:00:40,USDCADm,BREAKOUT_RETEST,BUY,2,1.37949,1.37915,1.37985,1.08,0.519,1.37941,1.37947,1.37905,1,0.11,0.505,-0.1302,1.37626,1.37651,1.3773,1.37204,0,0.0,0.5,0,1.37941,0.714,0.813,0,0.0,0.0,0.0,0.0,0.0,0,0,1,0.8,0.825,0.1841,0.825,0.877,2,0.609,0,0.702,1.37932,1.3796,0.007,0.407,0.0,2,0.25,0,0.609,0.955,3.0,0.318,0.417,1,1.37905,5,0.6,0.985,0.137,0.247,0.228,0.822,0.807,1.36805,1.3691,1.36752,-108601.1759,-41989.3037,-2,1.36789,0.601,1.37844,0.493,0.0,0.0,0,0.0,1,0,19572,0.762,0.56,0.442,17.0,17.0,0.2487,68.4,0.0,1,1,0.792,1.28023,1,1,0.425,1.21325,1,145.208,0.005,0.995,0.0,0.0,1.0,0.36,0.0,0.5,0.0,0.824,0.475,0.5,0.53,0.0,0.347,0.0,0,0,0.313,0.864,0.0,0.482,0.14,0.264,0.65,0.0,0.585,0.364,0.0,1.0,1.011
67462,2024.07.24 11:04:40,USDCADm,TREND_CONTINUATION,BUY,2,1.37879,1.37801,1.37958,1.01,0.571,1.37935,1.37949,1.37899,0,0.605,0.163,-1.1291,1.37897,1.37651,1.3773,1.37204,0,0.0,0.45,0,1.37941,0.778,0.268,0,0.0,0.0,0.0,0.0,0.0,0,0,1,1.0,0.825,0.113,0.825,0.069,0,0.66,0,0.562,1.37933,1.37869,1.086,0.106,0.0,2,0.4,0,0.66,1.319,3.0,0.44,0.446,1,1.37941,8,0.756,0.0,0.439,0.247,0.252,0.937,0.918,1.36805,1.3691,1.36752,-108601.1759,-41989.3037,-2,1.36789,0.601,1.37844,0.493,0.0,0.0,0,0.0,1,0,19574,0.762,0.56,0.442,17.0,17.0,0.2613,65.1,0.0,1,1,0.792,1.28023,1,1,0.425,1.21325,1,151.464,0.005,0.995,0.0,0.0,1.0,0.06,0.0,0.5,0.0,0.478,0.409,0.5,0.468,0.0,0.433,0.0,0,0,0.369,0.347,0.0,0.497,0.187,0.355,0.65,0.0,0.554,0.364,0.0,1.0,0.975
67463,2024.07.24 11:14:40,USDCADm,PULLBACK,BUY,2,1.37856,1.37758,1.37958,1.05,0.486,1.37935,1.37949,1.37899,0,0.605,0.163,-1.4826,1.37897,1.37651,1.3773,1.37204,0,0.0,0.45,0,1.37941,0.778,0.268,0,0.0,0.0,0.0,0.0,0.0,0,0,1,1.0,0.825,0.113,0.825,0.028,0,0.66,0,0.562,1.37933,1.37869,1.44,0.459,0.0,2,0.4,0,0.66,1.338,3.0,0.446,0.448,1,1.37941,8,0.756,0.0,0.452,0.247,0.252,0.937,0.918,1.36805,1.3691,1.36752,-108601.1759,-41989.3037,-2,1.36789,0.601,1.37844,0.493,0.0,0.0,0,0.0,1,0,19574,0.762,0.56,0.442,17.0,17.0,0.2613,65.1,0.0,1,1,0.792,1.28023,1,1,0.425,1.21325,1,151.111,0.005,0.995,0.0,0.0,1.0,0.0,0.0,0.5,0.0,0.448,0.467,0.5,0.506,0.0,0.421,0.0,0,0,0.34,0.338,0.0,0.248,0.187,0.355,0.457,0.0,0.563,0.364,0.0,1.0,0.975
67464,2024.07.24 11:16:40,USDCADm,MEAN_REVERSION,BUY,2,1.37864,1.37812,1.37958,1.81,0.624,1.37935,1.37949,1.37899,0,0.605,0.163,-1.3597,1.37897,1.37651,1.3773,1.37204,0,0.0,0.45,0,1.37941,0.778,0.268,0,0.0,0.0,0.0,0.0,0.0,0,0,1,1.0,0.825,0.113,0.825,0.028,0,0.66,0,0.562,1.37933,1.37869,1.317,0.336,0.0,2,0.4,0,0.66,1.338,3.0,0.446,0.448,1,1.37941,8,0.756,0.0,0.452,0.247,0.252,0.937,0.918,1.36805,1.3691,1.36752,-108601.1759,-41989.3037,-2,1.36789,0.601,1.37844,0.493,0.0,0.0,0,0.0,1,0,19574,0.762,0.56,0.442,17.0,17.0,0.2613,65.1,0.0,1,1,0.792,1.28023,1,1,0.425,1.21325,1,151.234,0.005,0.995,0.0,0.0,1.0,0.06,0.0,0.5,0.0,0.448,0.377,0.5,0.487,0.0,0.423,0.0,0,0,0.389,0.338,0.0,0.248,0.187,0.391,0.474,0.0,0.554,0.364,0.0,1.0,0.975
67465,2024.07.24 11:21:40,USDCADm,SWEEP_REVERSAL,BUY,2,1.37862,1.37797,1.37958,1.48,0.295,1.37935,1.37949,1.37899,0,0.605,0.163,-1.3904,1.37897,1.37651,1.3773,1.37204,0,0.0,0.45,0,1.37941,0.778,0.268,0,0.0,0.0,0.0,0.0,0.0,0,0,1,1.0,0.825,0.113,0.825,0.028,0,0.66,0,0.562,1.37933,1.37869,1.348,0.367,0.0,2,0.4,0,0.66,1.338,3.0,0.446,0.448,1,1.37941,8,0.756,0.0,0.452,0.247,0.252,0.937,0.918,1.36805,1.3691,1.36752,-108601.1759,-41989.3037,-2,1.36789,0.601,1.37844,0.493,0.0,0.0,0,0.0,1,0,19574,0.762,0.56,0.442,17.0,17.0,0.2613,65.1,0.0,1,1,0.792,1.28023,1,1,0.425,1.21325,1,151.203,0.005,0.995,0.0,0.0,1.0,0.19,0.0,0.5,0.0,0.498,0.354,0.5,0.466,0.0,0.387,0.0,0,0,0.382,0.338,0.0,0.248,0.187,0.399,0.469,0.0,0.554,0.364,0.0,1.0,0.975
67470,2024.07.24 13:37:00,USDCADm,MEAN_REVERSION,BUY,4,1.37841,1.37787,1.37886,0.84,0.618,1.37843,1.37898,1.37822,1,0.389,0.01,-0.291,1.37878,1.37651,1.3773,1.37204,0,0.0,0.45,0,1.37869,0.686,0.299,0,0.0,0.0,1.37867,0.0,0.0,0,0,1,0.675,-0.685,-0.1336,0.685,0.453,0,0.657,1,0.026,1.37843,1.37805,0.291,0.277,0.0,2,0.15,0,0.657,1.146,3.0,0.382,0.39,1,1.37869,8,0.737,0.418,0.224,0.206,0.053,0.889,0.951,1.36805,1.3691,1.36752,-110002.4814,-1401.3055,-2,1.36789,0.613,1.37844,0.479,0.0,0.0,0,0.0,1,0,19576,0.762,0.56,0.442,17.0,17.0,0.254,66.9,0.0,1,1,0.792,1.28023,1,1,0.425,1.21325,0,146.694,0.005,0.995,0.0,0.0,0.5,0.07,0.0,0.5,0.0,0.39,0.471,0.5,0.515,0.0,0.73,0.0,0,0,0.464,0.504,0.0,0.144,0.1,0.538,0.65,0.0,0.581,0.364,0.0,1.0,0.79
67472,2024.07.24 13:39:20,USDCADm,SWEEP_REVERSAL,BUY,4,1.37804,1.37737,1.3786,0.84,0.161,1.37843,1.37898,1.37822,0,0.389,0.01,-0.8438,1.37878,1.37651,1.3773,1.37204,0,0.0,0.45,0,1.37869,0.686,0.299,0,0.0,0.0,1.37867,0.0,0.0,0,0,1,0.675,-0.685,-0.1336,0.685,0.047,0,0.657,1,0.026,1.37843,1.37805,0.844,0.276,0.0,2,0.15,0,0.657,1.329,3.0,0.443,0.411,1,1.37843,1,0.7,0.0,0.346,0.206,0.053,0.889,0.951,1.36805,1.3691,1.36752,-110002.4814,-1401.3055,-2,1.36789,0.613,1.37844,0.479,0.0,0.0,0,0.0,1,0,19576,0.762,0.56,0.442,17.0,17.0,0.254,66.9,0.0,1,1,0.792,1.28023,1,1,0.425,1.21325,0,146.141,0.005,0.995,0.0,0.0,0.5,0.0,0.0,0.5,0.0,0.448,0.395,0.5,0.53,0.0,0.741,0.0,0,0,0.518,0.373,0.0,0.24,0.1,0.6,0.491,0.0,0.579,0.364,0.0,1.0,0.876
67474,2024.07.24 16:02:00,USDCADm,MEAN_REVERSION,BUY,4,1.37833,1.37796,1.37872,1.05,0.635,1.37855,1.37951,1.37789,1,0.066,0.652,-0.3888,1.37886,1.37646,1.37844,1.37224,1,0.0,0.55,0,1.37855,0.684,0.587,0,0.0,0.0,1.37865,0.0,0.0,0,0,1,0.6,-0.79,-0.064,0.79,0.397,0,0.662,0,0.428,1.37855,1.37781,0.389,0.344,0.0,2,0.0,0,0.662,1.171,3.0,0.39,0.471,1,1.37855,8,0.737,0.222,0.181,0.237,0.086,0.923,0.905,1.36784,1.36346,1.36784,285346.9958,395349.4772,2,1.36778,0.602,1.37828,0.431,0.0,0.0,0,0.0,1,0,19579,0.762,0.56,0.442,17.0,17.0,0.1689,100.6,0.0,1,1,0.792,1.28023,1,1,0.425,1.21325,0,97.473,0.0,1.0,0.0,0.0,0.5,0.01,0.0,0.5,0.0,1.0,0.4,0.5,0.495,0.0,0.243,0.0,0,0,0.305,0.813,0.0,0.957,0.067,0.843,0.484,0.0,0.535,0.382,0.0,1.0,0.837
67476,2024.07.24 18:00:00,USDCADm,ANCHORED_PULLBACK,BUY,3,1.37967,1.37947,1.3802,2.6,0.296,1.37884,1.37954,1.37839,1,0.524,0.608,0.6495,1.37879,1.37646,1.379,1.3728,0,0.0,0.45,0,1.37897,0.701,0.668,0,0.0,0.0,1.37899,0.0,0.0,0,0,1,0.654,-0.6391,-0.0443,0.639,0.461,0,0.722,1,0.099,1.37878,1.38018,0.712,0.67,0.0,2,0.25,0,0.722,1.143,3.0,0.381,0.398,1,1.37897,8,0.74,0.0,0.262,0.192,0.088,0.877,0.924,1.36784,1.36346,1.36784,285346.9958,395349.4772,2,1.36778,0.602,1.37828,0.431,0.0,0.0,0,0.0,1,0,19581,0.759,0.556,0.439,17.0,17.0,0.1676,101.4,0.0,1,1,0.792,1.28023,1,1,0.425,1.21325,1,98.039,0.0,1.0,0.0,0.0,1.0,0.9,0.0,0.5,0.0,1.0,0.62,0.5,0.534,0.0,0.302,0.0,0,0,0.353,0.624,0.0,0.829,0.062,0.493,0.759,0.0,0.53,0.382,0.0,1.0,0.846
67478,2024.07.24 20:29:40,USDCADm,BREAKOUT,BUY,3,1.38118,1.37896,1.38402,1.28,0.415,1.37891,1.38087,1.37814,0,0.18,0.722,1.8538,1.37878,1.37639,1.37973,1.37427,0,0.0,0.8,0,1.37891,0.74,0.051,0,0.0,0.0,0.0,0.0,0.0,0,0,1,0.675,0.685,0.1137,0.685,0.506,2,0.553,3,0.893,1.38129,1.38146,0.251,0.401,0.0,2,0.0,0,0.553,1.122,3.0,0.374,0.451,1,1.37891,8,0.748,0.499,0.148,0.206,0.0,0.561,0.852,1.36762,1.36762,1.36762,0.0,-285346.9958,0,1.36813,0.589,1.37859,0.409,0.0,0.0,0,0.0,1,0,19583,0.759,0.556,0.439,17.0,17.0,0.1499,113.4,0.0,1,1,0.792,1.28023,1,1,0.425,1.21325,1,88.999,0.0,1.0,0.0,0.0,1.0,0.72,0.0,0.5,0.0,1.0,0.558,0.5,0.558,0.0,0.377,0.0,0,0,0.353,0.545,0.0,0.143,0.048,0.818,0.862,0.0,0.52,0.382,0.0,1.0,1.135
67479,2024.07.24 20:29:59,USDCADm,PULLBACK,BUY,3,1.38118,1.37896,1.38458,1.54,0.377,1.37891,1.38087,1.37814,0,0.18,0.722,1.8538,1.37878,1.37639,1.37973,1.37427,0,0.0,0.8,0,1.37891,0.74,0.051,0,0.0,0.0,0.0,0.0,0.0,0,0,1,0.675,0.685,0.1137,0.685,0.506,2,0.553,3,0.893,1.38129,1.38146,0.251,0.401,0.0,2,0.0,0,0.553,1.122,3.0,0.374,0.451,1,1.37891,8,0.748,0.499,0.148,0.206,0.0,0.561,0.852,1.36762,1.36762,1.36762,0.0,-285346.9958,0,1.36813,0.589,1.37859,0.409,0.0,0.0,0,0.0,1,0,19583,0.759,0.556,0.439,17.0,17.0,0.1499,113.4,0.0,1,1,0.792,1.28023,1,1,0.425,1.21325,1,88.999,0.0,1.0,0.0,0.0,1.0,0.71,0.0,0.5,0.0,1.0,0.564,0.5,0.558,0.0,0.377,0.0,0,0,0.357,0.545,0.0,0.143,0.048,0.818,0.862,0.0,0.52,0.382,0.0,1.0,1.135
67480,2024.07.24 20:30:00,USDCADm,TREND_CONTINUATION,BUY,3,1.38118,1.37896,1.38402,1.28,0.443,1.37891,1.38087,1.37814,0,0.18,0.722,1.8538,1.37878,1.37639,1.37973,1.37427,0,0.0,0.8,0,1.37891,0.74,0.051,0,0.0,0.0,0.0,0.0,0.0,0,0,1,0.675,0.685,0.1137,0.685,0.506,2,0.553,3,0.893,1.38129,1.38146,0.251,0.401,0.0,2,0.0,0,0.553,1.122,3.0,0.374,0.451,1,1.37891,8,0.748,0.499,0.148,0.206,0.0,0.561,0.852,1.36762,1.36762,1.36762,0.0,-285346.9958,0,1.36813,0.589,1.37859,0.409,0.0,0.0,0,0.0,1,0,19583,0.759,0.556,0.439,17.0,17.0,0.1499,113.4,0.0,1,1,0.792,1.28023,1,1,0.425,1.21325,1,88.999,0.0,1.0,0.0,0.0,1.0,0.7,0.0,0.5,0.0,1.0,0.6,0.5,0.569,0.0,0.363,0.0,0,0,0.376,0.545,0.0,0.143,0.048,0.742,0.862,0.0,0.52,0.382,0.0,1.0,1.135
0,2024.07.24 21:30:40,USDCADm,BREAKOUT_RETEST,BUY,3,1.38093,1.38034,1.38152,1.0,0.402,1.3809,1.38155,1.37983,1,0.229,0.417,-0.5343,1.37879,1.37639,1.37973,1.37427,0,0.0,0.6,0,1.38119,0.638,0.548,0,0.0,0.0,0.0,0.0,0.0,0,0,1,0.5,0.545,0.2003,0.545,0.121,0,0.699,3,0.9,1.38105,1.38026,0.663,0.046,0.0,2,0.25,0,0.699,1.296,3.0,0.432,0.509,2,1.3809,1,0.7,0.0,0.364,0.164,0.088,0.861,0.913,1.36762,1.36762,1.36762,0.0,-285346.9958,0,1.36813,0.589,1.37859,0.409,0.0,0.0,0,0.0,1,0,19584,0.759,0.556,0.439,62.0,47.3,0.5575,111.2,0.0,1,1,0.792,1.28023,1,1,0.425,1.21325,1,90.546,0.0,1.0,0.0,0.0,1.0,0.12,0.0,0.5,0.0,0.719,0.518,0.5,0.76,0.0,0.2,0.0,0,0,0.319,0.552,0.0,0.392,0.071,0.429,0.65,0.0,0.505,0.382,0.0,1.0,0.984
67484,2024.07.24 22:57:40,USDCADm,BREAKOUT,BUY,1,1.38091,1.37928,1.38362,1.67,0.277,1.38097,1.38134,1.3804,1,0.016,0.274,-0.2141,1.37879,1.37639,1.37973,1.37427,0,0.0,0.45,0,1.38055,0.706,0.0,2,0.0,0.0,0.0,0.0,0.0,0,0,1,0.55,0.58,0.2427,0.58,0.44,0,0.756,0,0.463,1.38097,1.38019,0.214,0.511,0.0,2,0.4,0,0.756,1.152,3.0,0.384,0.446,1,1.3804,5,0.6,0.572,0.328,0.174,0.233,1.0,0.891,1.36762,1.36762,1.36762,0.0,-285346.9958,0,1.36813,0.589,1.37859,0.409,0.0,0.0,0,0.0,1,0,19585,0.759,0.556,0.439,17.0,17.0,0.1566,108.6,0.0,1,1,0.792,1.28023,1,1,0.425,1.21325,1,92.732,0.0,1.0,0.0,0.0,1.0,0.99,0.0,0.5,0.0,1.0,0.513,0.5,0.594,0.0,0.567,0.0,0,0,0.413,0.552,0.0,0.402,0.054,0.288,0.65,0.0,0.52,0.382,0.0,1.0,0.899
67485,2024.07.24 22:57:59,USDCADm,PULLBACK,BUY,1,1.3809,1.37927,1.38416,2.0,0.479,1.38097,1.38134,1.3804,1,0.016,0.274,-0.2234,1.37879,1.37639,1.37973,1.37427,0,0.0,0.45,0,1.38055,0.706,0.0,2,0.0,0.0,0.0,0.0,0.0,0,0,1,0.55,0.58,0.2427,0.58,0.44,0,0.756,0,0.463,1.38097,1.38019,0.223,0.502,0.0,2,0.4,0,0.756,1.152,3.0,0.384,0.446,1,1.3804,5,0.6,0.553,0.328,0.174,0.233,1.0,0.891,1.36762,1.36762,1.36762,0.0,-285346.9958,0,1.36813,0.589,1.37859,0.409,0.0,0.0,0,0.0,1,0,19585,0.759,0.556,0.439,17.0,17.0,0.1566,108.6,0.0,1,1,0.792,1.28023,1,1,0.425,1.21325,1,92.722,0.0,1.0,0.0,0.0,1.0,0.98,0.0,0.5,0.0,1.0,0.532,0.5,0.594,0.0,0.567,0.0,0,0,0.424,0.552,0.0,0.402,0.054,0.288,0.65,0.0,0.52,0.382,0.0,1.0,0.899
67486,2024.07.24 22:58:00,USDCADm,TREND_CONTINUATION,BUY,1,1.3809,1.3796,1.38361,2.08,0.387,1.38097,1.38134,1.3804,1,0.016,0.274,-0.2234,1.37879,1.37639,1.37973,1.37427,0,0.0,0.45,0,1.38055,0.706,0.0,2,0.0,0.0,0.0,0.0,0.0,0,0,1,0.55,0.58,0.2427,0.58,0.44,0,0.756,0,0.463,1.38097,1.38019,0.223,0.502,0.0,2,0.4,0,0.756,1.152,3.0,0.384,0.446,1,1.3804,5,0.6,0.553,0.328,0.174,0.233,1.0,0.891,1.36762,1.36762,1.36762,0.0,-285346.9958,0,1.36813,0.589,1.37859,0.409,0.0,0.0,0,0.0,1,0,19585,0.759,0.556,0.439,17.0,17.0,0.1566,108.6,0.0,1,1,0.792,1.28023,1,1,0.425,1.21325,1,92.722,0.0,1.0,0.0,0.0,1.0,0.97,0.0,0.5,0.0,1.0,0.479,0.5,0.594,0.0,0.567,0.0,0,0,0.418,0.552,0.0,0.402,0.054,0.288,0.65,0.0,0.52,0.382,0.0,1.0,0.899
67490,2024.07.24 23:30:40,USDCADm,BREAKOUT_RETEST,BUY,1,1.38079,1.38047,1.38159,2.48,0.451,1.38061,1.38103,1.38026,1,0.003,0.182,0.0049,1.37879,1.37628,1.37989,1.37434,0,0.0,0.6,0,1.38036,0.658,0.706,0,0.0,0.0,0.0,0.0,0.0,0,0,1,0.6,0.79,0.246,0.79,1.0,0,0.761,0,0.543,1.38061,1.38074,0.005,0.115,0.0,2,0.15,0,0.761,0.9,3.0,0.3,0.466,1,1.38026,5,0.6,0.99,0.06,0.237,0.161,1.0,0.613,1.36762,1.36762,1.36762,0.0,-285346.9958,0,1.36813,0.589,1.37859,0.409,0.0,0.0,0,0.0,1,0,19586,0.759,0.556,0.439,17.0,17.0,0.1576,107.9,0.0,1,1,0.792,1.28023,1,1,0.425,1.21325,1,93.234,0.0,1.0,0.0,0.0,1.0,0.0,0.0,0.5,0.0,1.0,0.314,0.5,0.573,0.0,0.155,0.0,0,0,0.346,0.612,0.0,0.518,0.054,0.279,0.65,0.0,0.553,0.382,0.0,1.0,0.918
67492,2024.07.25 00:57:40,USDCADm,BREAKOUT,BUY,1,1.38154,1.38098,1.3842,4.77,0.489,1.3806,1.3809,1.38031,0,0.17,0.002,0.7238,1.37879,1.37638,1.37992,1.37448,0,0.0,0.65,0,1.38033,0.664,0.276,0,0.0,0.0,0.0,1.3806,0.469,0,0,1,0.975,0.825,0.2236,0.825,0.075,0,0.789,0,0.553,1.38092,1.3811,0.424,0.253,0.0,2,0.15,0,0.789,0.43,0.981,0.439,0.385,1,1.38092,2,0.55,0.152,0.338,0.247,0.163,0.73,0.813,1.36762,1.36762,1.36762,0.0,0.0,0,1.36813,0.589,1.37859,0.411,0.0,0.0,0,0.0,1,0,19587,0.759,0.556,0.439,17.0,17.0,0.1601,106.2,0.0,1,1,0.792,1.28023,1,1,0.425,1.21325,1,95.383,0.0,1.0,0.0,0.0,1.0,0.25,0.0,0.5,0.0,0.493,0.327,0.5,0.693,0.0,0.549,0.0,0,0,0.531,0.462,0.563,0.335,0.054,0.215,0.87,0.0,0.532,0.382,0.0,1.0,1.045
67493,2024.07.25 00:57:59,USDCADm,PULLBACK,BUY,1,1.38157,1.38098,1.38476,5.43,0.463,1.3806,1.3809,1.38031,0,0.17,0.002,0.752,1.37879,1.37638,1.37992,1.37448,0,0.0,0.65,0,1.38033,0.664,0.276,0,0.0,0.0,0.0,1.3806,0.469,0,0,1,0.975,0.825,0.2236,0.825,0.075,0,0.789,0,0.553,1.38092,1.3811,0.452,0.281,0.0,2,0.15,0,0.789,0.443,1.009,0.439,0.387,1,1.38092,2,0.55,0.096,0.338,0.247,0.163,0.73,0.813,1.36762,1.36762,1.36762,0.0,0.0,0,1.36813,0.589,1.37859,0.411,0.0,0.0,0,0.0,1,0,19587,0.759,0.556,0.439,17.0,17.0,0.1601,106.2,0.0,1,1,0.792,1.28023,1,1,0.425,1.21325,1,95.411,0.0,1.0,0.0,0.0,1.0,0.33,0.0,0.5,0.0,0.493,0.337,0.5,0.693,0.0,0.549,0.0,0,0,0.525,0.462,0.563,0.335,0.054,0.215,0.87,0.0,0.532,0.382,0.0,1.0,1.045
67494,2024.07.25 00:58:00,USDCADm,TREND_CONTINUATION,BUY,1,1.38156,1.38029,1.38422,2.08,0.544,1.3806,1.3809,1.38031,0,0.17,0.002,0.7426,1.37879,1.37638,1.37992,1.37448,0,0.0,0.65,0,1.38033,0.664,0.276,0,0.0,0.0,0.0,1.3806,0.469,0,0,1,0.975,0.825,0.2236,0.825,0.075,0,0.789,0,0.553,1.38092,1.3811,0.443,0.271,0.0,2,0.15,0,0.789,0.439,1.0,0.439,0.386,1,1.38092,2,0.55,0.115,0.338,0.247,0.163,0.73,0.813,1.36762,1.36762,1.36762,0.0,0.0,0,1.36813,0.589,1.37859,0.411,0.0,0.0,0,0.0,1,0,19587,0.759,0.556,0.439,17.0,17.0,0.1601,106.2,0.0,1,1,0.792,1.28023,1,1,0.425,1.21325,1,95.401,0.0,1.0,0.0,0.0,1.0,0.31,0.0,0.5,0.0,0.493,0.304,0.5,0.693,0.0,0.549,0.0,0,0,0.545,0.462,0.563,0.335,0.054,0.215,0.87,0.0,0.532,0.382,0.0,1.0,1.045
67495,2024.07.25 02:00:00,USDCADm,ANCHORED_PULLBACK,BUY,1,1.38213,1.38132,1.38415,2.49,0.426,1.38157,1.38177,1.38104,0,0.285,0.009,0.3582,1.37891,1.37642,1.37909,1.37374,0,0.0,0.45,0,1.38157,0.8,0.878,0,0.0,0.0,1.38165,1.3806,1.239,0,0,1,1.0,0.895,0.2754,0.895,0.097,2,0.355,2,0.068,1.38153,1.38197,0.395,0.009,-0.2969,1,0.15,5,1.0,0.415,1.239,0.335,0.393,1,1.38157,8,0.76,0.21,0.631,0.269,0.353,0.87,0.889,1.36762,1.36762,1.36762,0.0,0.0,0,1.36813,0.589,1.37859,0.411,0.0,0.0,0,0.0,1,0,19589,0.759,0.556,0.439,17.0,17.0,0.155,109.6,0.0,1,1,0.792,1.28023,1,1,0.425,1.21325,1,92.938,0.0,1.0,0.0,0.0,1.0,0.97,0.0,0.5,0.0,0.529,0.637,0.5,0.533,0.0,0.74,0.0,0,0,0.538,0.303,0.0,0.362,0.0,0.202,0.801,0.0,0.485,0.382,0.0,1.0,0.847
67500,2024.07.25 02:10:40,USDCADm,BREAKOUT_RETEST,BUY,1,1.3819,1.38157,1.3823,1.22,0.572,1.38157,1.38177,1.38104,1,0.285,0.009,0.1484,1.37891,1.37642,1.37909,1.37374,0,0.0,0.45,0,1.38157,0.8,0.878,0,0.0,0.0,1.38165,1.3806,1.239,0,0,1,1.0,0.895,0.2754,0.895,0.366,0,0.655,2,0.068,1.38153,1.38181,0.185,0.072,0.0,2,0.15,0,0.655,0.407,1.029,0.395,0.306,0,1.38104,5,0.6,0.63,0.25,0.269,0.053,0.87,0.844,1.36762,1.36762,1.36762,0.0,0.0,0,1.36813,0.589,1.37859,0.411,0.0,0.0,0,0.0,1,0,19589,0.759,0.556,0.439,17.0,17.0,0.155,109.6,0.0,1,1,0.792,1.28023,1,1,0.425,1.21325,1,92.728,0.0,1.0,0.0,0.0,1.0,0.0,0.0,0.5,0.0,0.908,0.554,0.5,0.545,0.0,0.642,0.0,0,0,0.453,0.586,0.0,0.475,0.0,0.317,0.65,0.0,0.525,0.382,0.0,1.0,0.999
67502,2024.07.25 02:57:40,USDCADm,BREAKOUT,BUY,1,1.38205,1.38041,1.38479,1.67,0.479,1.38157,1.38177,1.38104,0,0.285,0.009,0.2852,1.37891,1.37642,1.37909,1.37374,0,0.0,0.45,0,1.38157,0.8,0.878,0,0.0,0.0,1.38165,1.3806,1.239,0,0,1,1.0,0.895,0.2754,0.895,0.163,0,0.655,2,0.068,1.38153,1.38181,0.322,0.065,0.0,2,0.15,0,0.655,0.496,1.166,0.426,0.316,0,1.38153,2,0.55,0.356,0.311,0.269,0.053,0.87,0.844,1.36762,1.36762,1.36762,0.0,0.0,0,1.36813,0.589,1.37859,0.411,0.0,0.0,0,0.0,1,0,19589,0.759,0.556,0.439,17.0,17.0,0.155,109.6,0.0,1,1,0.792,1.28023,1,1,0.425,1.21325,1,92.865,0.0,1.0,0.0,0.0,1.0,0.26,0.0,0.5,0.0,1.0,0.443,0.5,0.533,0.0,0.388,0.0,0,0,0.349,0.538,0.0,0.475,0.0,0.36,0.718,0.0,0.523,0.382,0.0,1.0,1.045
67503,2024.07.25 02:57:59,USDCADm,PULLBACK,BUY,1,1.38204,1.3804,1.38533,2.0,0.459,1.38157,1.38177,1.38104,0,0.285,0.009,0.2761,1.37891,1.37642,1.37909,1.37374,0,0.0,0.45,0,1.38157,0.8,0.878,0,0.0,0.0,1.38165,1.3806,1.239,0,0,1,1.0,0.895,0.2754,0.895,0.163,0,0.655,2,0.068,1.38153,1.38181,0.313,0.056,0.0,2,0.15,0,0.655,0.492,1.156,0.426,0.316,0,1.38153,2,0.55,0.374,0.311,0.269,0.053,0.87,0.844,1.36762,1.36762,1.36762,0.0,0.0,0,1.36813,0.589,1.37859,0.411,0.0,0.0,0,0.0,1,0,19589,0.759,0.556,0.439,17.0,17.0,0.155,109.6,0.0,1,1,0.792,1.28023,1,1,0.425,1.21325,1,92.856,0.0,1.0,0.0,0.0,1.0,0.26,0.0,0.5,0.0,1.0,0.451,0.5,0.533,0.0,0.388,0.0,0,0,0.344,0.538,0.0,0.475,0.0,0.36,0.718,0.0,0.523,0.382,0.0,1.0,1.045
67504,2024.07.25 02:58:00,USDCADm,TREND_CONTINUATION,BUY,1,1.38205,1.38073,1.38479,2.08,0.539,1.38157,1.38177,1.38104,0,0.285,0.009,0.2852,1.37891,1.37642,1.37909,1.37374,0,0.0,0.45,0,1.38157,0.8,0.878,0,0.0,0.0,1.38165,1.3806,1.239,0,0,1,1.0,0.895,0.2754,0.895,0.163,0,0.655,2,0.068,1.38153,1.38181,0.322,0.065,0.0,2,0.15,0,0.655,0.496,1.166,0.426,0.316,0,1.38153,2,0.55,0.356,0.311,0.269,0.053,0.87,0.844,1.36762,1.36762,1.36762,0.0,0.0,0,1.36813,0.589,1.37859,0.411,0.0,0.0,0,0.0,1,0,19589,0.759,0.556,0.439,17.0,17.0,0.155,109.6,0.0,1,1,0.792,1.28023,1,1,0.425,1.21325,1,92.865,0.0,1.0,0.0,0.0,1.0,0.27,0.0,0.5,0.0,1.0,0.472,0.5,0.533,0.0,0.388,0.0,0,0,0.332,0.538,0.0,0.475,0.0,0.36,0.718,0.0,0.523,0.382,0.0,1.0,1.045
67508,2024.07.25 04:10:40,USDCADm,BREAKOUT_RETEST,BUY,1,1.38154,1.38125,1.38186,1.1,0.514,1.38169,1.38182,1.38122,1,0.31,0.148,-0.3307,1.37894,1.37633,1.37887,1.37286,0,0.0,0.55,0,1.38169,0.778,0.816,0,0.0,0.0,1.38136,1.3806,0.706,0,0,1,0.8,0.965,0.228,0.965,0.753,2,0.618,0,0.712,1.38166,1.38111,0.302,0.271,0.0,2,0.15,0,0.618,0.27,0.8,0.337,0.359,1,1.38169,8,0.756,0.396,0.134,0.29,0.195,0.849,0.835,1.36783,1.369,1.36761,-89067.5241,-89067.5241,-2,1.36789,0.606,1.37861,0.395,0.0,0.0,0,0.0,1,0,19591,0.766,0.56,0.438,17.0,17.0,0.1771,96.0,0.0,1,1,0.792,1.28023,1,1,0.425,1.21325,1,105.531,0.002,0.998,0.0,0.0,1.0,0.57,0.0,0.5,0.0,1.0,0.571,0.5,0.555,0.0,0.329,0.0,0,0,0.341,0.78,0.0,0.471,0.0,0.362,0.65,0.0,0.564,0.382,0.0,1.0,1.008
67510,2024.07.25 04:56:59,USDCADm,ANCHORED_PULLBACK,BUY,1,1.38203,1.38112,1.38378,1.93,0.314,1.38169,1.38182,1.38122,0,0.31,0.148,0.1797,1.37894,1.37633,1.37887,1.37286,0,0.0,0.55,0,1.38169,0.778,0.816,0,0.0,0.0,1.38136,1.3806,0.706,0,0,1,0.8,0.965,0.228,0.965,0.476,2,0.618,0,0.712,1.38166,1.38207,0.208,0.221,0.0,2,0.15,0,0.618,0.496,1.31,0.379,0.385,1,1.38122,5,0.6,0.583,0.217,0.29,0.195,0.849,0.946,1.36783,1.369,1.36761,-89067.5241,-89067.5241,-2,1.36789,0.606,1.37861,0.395,0.0,0.0,0,0.0,1,0,19591,0.766,0.56,0.438,17.0,17.0,0.1771,96.0,0.0,1,1,0.792,1.28023,1,1,0.425,1.21325,1,106.042,0.002,0.998,0.0,0.0,1.0,0.98,0.0,0.5,0.0,1.0,0.638,0.5,0.567,0.0,0.269,0.0,0,0,0.36,0.499,0.0,0.476,0.0,0.339,0.693,0.0,0.541,0.382,0.0,1.0,1.045
67511,2024.07.25 04:57:40,USDCADm,BREAKOUT,BUY,1,1.38212,1.38068,1.38452,1.67,0.437,1.38169,1.38182,1.38122,0,0.31,0.148,0.2734,1.37894,1.37633,1.37887,1.37286,0,0.0,0.55,0,1.38169,0.778,0.816,0,0.0,0.0,1.38136,1.3806,0.706,0,0,1,0.8,0.965,0.228,0.965,0.567,2,0.618,0,0.712,1.38166,1.38207,0.302,0.128,0.0,2,0.15,0,0.618,0.512,1.404,0.365,0.387,1,1.38166,2,0.55,0.396,0.19,0.29,0.195,0.849,0.946,1.36783,1.369,1.36761,-89067.5241,-89067.5241,-2,1.36789,0.606,1.37861,0.395,0.0,0.0,0,0.0,1,0,19591,0.766,0.56,0.438,17.0,17.0,0.1771,96.0,0.0,1,1,0.792,1.28023,1,1,0.425,1.21325,1,106.135,0.002,0.998,0.0,0.0,1.0,0.99,0.0,0.5,0.0,1.0,0.636,0.5,0.567,0.0,0.269,0.0,0,0,0.359,0.517,0.0,0.476,0.0,0.339,0.716,0.0,0.541,0.382,0.0,1.0,1.045
67512,2024.07.25 04:57:59,USDCADm,PULLBACK,BUY,1,1.38212,1.38068,1.385,2.0,0.424,1.38169,1.38182,1.38122,0,0.31,0.148,0.2734,1.37894,1.37633,1.37887,1.37286,0,0.0,0.55,0,1.38169,0.778,0.816,0,0.0,0.0,1.38136,1.3806,0.706,0,0,1,0.8,0.965,0.228,0.965,0.567,2,0.618,0,0.712,1.38166,1.38207,0.302,0.128,0.0,2,0.15,0,0.618,0.512,1.404,0.365,0.387,1,1.38166,2,0.55,0.396,0.19,0.29,0.195,0.849,0.946,1.36783,1.369,1.36761,-89067.5241,-89067.5241,-2,1.36789,0.606,1.37861,0.395,0.0,0.0,0,0.0,1,0,19591,0.766,0.56,0.438,17.0,17.0,0.1771,96.0,0.0,1,1,0.792,1.28023,1,1,0.425,1.21325,1,106.135,0.002,0.998,0.0,0.0,1.0,0.98,0.0,0.5,0.0,1.0,0.642,0.5,0.567,0.0,0.269,0.0,0,0,0.363,0.517,0.0,0.476,0.0,0.339,0.716,0.0,0.541,0.382,0.0,1.0,1.045
67513,2024.07.25 04:58:00,USDCADm,TREND_CONTINUATION,BUY,1,1.38212,1.38097,1.38452,2.08,0.497,1.38169,1.38182,1.38122,0,0.31,0.148,0.2734,1.37894,1.37633,1.37887,1.37286,0,0.0,0.55,0,1.38169,0.778,0.816,0,0.0,0.0,1.38136,1.3806,0.706,0,0,1,0.8,0.965,0.228,0.965,0.567,2,0.618,0,0.712,1.38166,1.38207,0.302,0.128,0.0,2,0.15,0,0.618,0.512,1.404,0.365,0.387,1,1.38166,2,0.55,0.396,0.19,0.29,0.195,0.849,0.946,1.36783,1.369,1.36761,-89067.5241,-89067.5241,-2,1.36789,0.606,1.37861,0.395,0.0,0.0,0,0.0,1,0,19591,0.766,0.56,0.438,17.0,17.0,0.1771,96.0,0.0,1,1,0.792,1.28023,1,1,0.425,1.21325,1,106.135,0.002,0.998,0.0,0.0,1.0,0.97,0.0,0.5,0.0,1.0,0.619,0.5,0.567,0.0,0.269,0.0,0,0,0.349,0.517,0.0,0.476,0.0,0.339,0.716,0.0,0.541,0.382,0.0,1.0,1.045
67518,2024.07.25 06:21:40,USDCADm,BREAKOUT_RETEST,BUY,1,1.38205,1.38173,1.38238,1.02,0.521,1.38191,1.38202,1.38164,1,0.017,0.125,-0.0401,1.37894,1.37636,1.37934,1.37383,0,0.0,0.45,0,1.38191,0.78,0.384,0,0.0,0.0,0.0,1.3806,1.73,0,0,1,0.8,1.0,0.2121,1.0,0.82,2,0.648,3,0.451,1.38191,1.38206,0.04,0.23,0.0,2,0.15,0,0.648,0.54,1.652,0.327,0.37,1,1.38164,5,0.6,0.92,0.114,0.3,0.053,0.889,0.898,1.36783,1.369,1.36761,-89067.5241,-89067.5241,-2,1.36789,0.606,1.37861,0.395,0.0,0.0,0,0.0,1,0,19593,0.766,0.56,0.438,17.0,17.0,0.2198,77.4,0.0,1,1,0.792,1.28023,1,1,0.425,1.21325,1,131.623,0.002,0.998,0.0,0.0,1.0,0.0,0.0,0.5,0.0,0.365,0.485,0.5,0.564,0.0,0.812,0.0,0,0,0.503,0.735,0.0,0.556,0.0,0.28,0.65,0.0,0.596,0.382,0.0,1.0,0.918
67520,2024.07.25 06:57:40,USDCADm,BREAKOUT,BUY,1,1.38284,1.38205,1.38477,2.43,0.451,1.38191,1.38202,1.38164,0,0.017,0.125,0.9812,1.37894,1.37636,1.37934,1.37383,0,0.0,0.45,0,1.38191,0.78,0.384,0,0.0,0.0,0.0,1.3806,1.73,0,0,1,0.8,1.0,0.2121,1.0,0.048,2,0.648,3,0.451,1.38191,1.38206,0.981,0.791,0.0,2,0.15,0,0.648,1.184,2.673,0.443,0.445,1,1.38191,8,0.756,0.0,0.346,0.3,0.053,0.889,0.898,1.36783,1.369,1.36761,-89067.5241,-89067.5241,-2,1.36789,0.606,1.37861,0.395,0.0,0.0,0,0.0,1,0,19593,0.766,0.56,0.438,17.0,17.0,0.2198,77.4,0.0,1,1,0.792,1.28023,1,1,0.425,1.21325,1,132.645,0.002,0.998,0.0,0.0,1.0,0.79,0.0,0.5,0.0,0.805,0.548,0.5,0.509,0.0,0.689,0.0,0,0,0.457,0.475,0.0,0.238,0.0,0.318,0.859,0.0,0.569,0.382,0.0,1.0,1.045
67521,2024.07.25 06:57:59,USDCADm,PULLBACK,BUY,1,1.38284,1.38205,1.38516,2.92,0.441,1.38191,1.38202,1.38164,0,0.017,0.125,0.9812,1.37894,1.37636,1.37934,1.37383,0,0.0,0.45,0,1.38191,0.78,0.384,0,0.0,0.0,0.0,1.3806,1.73,0,0,1,0.8,1.0,0.2121,1.0,0.048,2,0.648,3,0.451,1.38191,1.38206,0.981,0.791,0.0,2,0.15,0,0.648,1.184,2.673,0.443,0.445,1,1.38191,8,0.756,0.0,0.346,0.3,0.053,0.889,0.898,1.36783,1.369,1.36761,-89067.5241,-89067.5241,-2,1.36789,0.606,1.37861,0.395,0.0,0.0,0,0.0,1,0,19593,0.766,0.56,0.438,17.0,17.0,0.2198,77.4,0.0,1,1,0.792,1.28023,1,1,0.425,1.21325,1,132.645,0.002,0.998,0.0,0.0,1.0,0.78,0.0,0.5,0.0,0.805,0.556,0.5,0.509,0.0,0.689,0.0,0,0,0.462,0.475,0.0,0.238,0.0,0.318,0.859,0.0,0.569,0.382,0.0,1.0,1.045
67522,2024.07.25 06:58:00,USDCADm,TREND_CONTINUATION,BUY,1,1.38283,1.3819,1.38476,2.08,0.518,1.38191,1.38202,1.38164,0,0.017,0.125,0.9682,1.37894,1.37636,1.37934,1.37383,0,0.0,0.45,0,1.38191,0.78,0.384,0,0.0,0.0,0.0,1.3806,1.73,0,0,1,0.8,1.0,0.2121,1.0,0.048,2,0.648,3,0.451,1.38191,1.38206,0.968,0.778,0.0,2,0.15,0,0.648,1.178,2.66,0.443,0.444,1,1.38191,8,0.756,0.0,0.346,0.3,0.053,0.889,0.898,1.36783,1.369,1.36761,-89067.5241,-89067.5241,-2,1.36789,0.606,1.37861,0.395,0.0,0.0,0,0.0,1,0,19593,0.766,0.56,0.438,17.0,17.0,0.2198,77.4,0.0,1,1,0.792,1.28023,1,1,0.425,1.21325,1,132.632,0.002,0.998,0.0,0.0,1.0,0.72,0.0,0.5,0.0,0.805,0.585,0.5,0.509,0.0,0.689,0.0,0,0,0.479,0.475,0.0,0.238,0.0,0.318,0.859,0.0,0.569,0.382,0.0,1.0,1.045
67526,2024.07.25 07:00:00,USDCADm,ANCHORED_PULLBACK,BUY,1,1.38286,1.38252,1.38422,3.94,0.64,1.38189,1.38237,1.38156,0,0.952,0.017,1.049,1.37887,1.37642,1.37946,1.37432,0,0.0,0.55,0,1.38189,0.707,0.379,0,0.0,0.0,1.38236,1.3806,2.735,0,0,1,1.0,1.0,0.2321,1.0,0.184,2,0.648,0,0.602,1.38189,1.38259,1.049,0.128,0.571,0,0.15,2,1.0,1.565,2.735,0.572,0.595,2,1.38189,8,0.741,0.0,0.305,1.0,0.173,0.876,0.893,1.36783,1.369,1.36761,-89067.5241,-89067.5241,-2,1.36789,0.606,1.37861,0.395,0.0,0.0,0,0.0,1,0,19594,0.766,0.56,0.438,17.0,17.0,0.2226,76.4,0.0,1,1,0.792,1.28023,1,1,0.425,1.21325,1,134.408,0.002,0.998,0.0,0.0,1.0,0.75,0.0,0.5,0.0,0.515,0.615,0.5,0.443,0.0,0.706,0.0,0,0,0.484,0.365,0.0,0.277,0.0,0.996,0.732,0.0,0.496,0.382,0.0,1.0,1.07
67528,2024.07.25 08:21:40,USDCADm,BREAKOUT_RETEST,BUY,2,1.38271,1.38241,1.38304,1.1,0.53,1.38184,1.38287,1.3813,1,0.2,0.493,0.8487,1.37878,1.37622,1.37958,1.37441,0,0.0,0.65,0,1.38184,0.641,0.415,0,0.0,0.0,1.38299,1.3806,1.895,0,0,1,0.8,1.0,0.2012,1.0,0.097,2,0.564,0,0.444,1.38232,1.38257,0.262,0.031,0.0,2,0.0,0,0.564,1.026,2.357,0.435,0.401,1,1.38287,4,0.6,0.475,0.271,0.3,0.089,0.676,0.897,1.36784,1.36348,1.36755,246772.7273,335840.2514,2,1.36802,0.59,1.38097,0.408,0.0,0.0,0,0.0,1,0,19595,0.766,0.56,0.438,17.0,17.0,0.2068,82.2,0.0,1,1,0.792,1.28023,1,1,0.425,1.21325,1,124.65,0.003,0.997,0.0,0.0,1.0,0.98,0.0,0.5,0.0,0.511,0.61,0.5,0.48,0.0,0.445,0.0,0,0,0.388,0.572,0.0,0.143,0.0,0.869,0.719,0.0,0.548,0.382,0.0,1.0,1.045
67530,2024.07.25 08:58:40,USDCADm,BREAKOUT,BUY,2,1.38292,1.38241,1.38498,4.05,0.336,1.38184,1.38287,1.3813,1,0.2,0.493,1.1041,1.37878,1.37622,1.37958,1.37441,0,0.0,0.65,0,1.38184,0.641,0.415,0,0.0,0.0,1.38299,1.3806,1.895,0,0,1,0.8,1.0,0.2012,1.0,0.36,2,0.564,0,0.444,1.38293,1.38257,0.215,0.225,0.0,2,0.0,0,0.564,1.034,2.613,0.396,0.385,1,1.38184,8,0.728,0.57,0.192,0.3,0.089,0.543,0.897,1.36784,1.36348,1.36755,246772.7273,335840.2514,2,1.36802,0.59,1.38097,0.408,0.0,0.0,0,0.0,1,0,19595,0.766,0.56,0.438,17.0,17.0,0.2068,82.2,0.0,1,1,0.792,1.28023,1,1,0.425,1.21325,1,124.905,0.003,0.997,0.0,0.0,1.0,0.79,0.0,0.5,0.0,0.897,0.513,0.5,0.478,0.0,0.483,0.0,0,0,0.344,0.734,0.0,0.238,0.0,0.869,0.436,0.0,0.548,0.382,0.0,1.0,1.09
67531,2024.07.25 08:58:59,USDCADm,PULLBACK,BUY,2,1.3829,1.38241,1.38537,5.05,0.576,1.38184,1.38287,1.3813,1,0.2,0.493,1.0798,1.37878,1.37622,1.37958,1.37441,0,0.0,0.65,0,1.38184,0.641,0.415,0,0.0,0.0,1.38299,1.3806,1.895,0,0,1,0.8,1.0,0.2012,1.0,0.322,2,0.564,0,0.444,1.38293,1.38257,0.239,0.2,0.0,2,0.0,0,0.564,1.04,2.588,0.402,0.386,1,1.38184,8,0.728,0.521,0.203,0.3,0.089,0.543,0.897,1.36784,1.36348,1.36755,246772.7273,335840.2514,2,1.36802,0.59,1.38097,0.408,0.0,0.0,0,0.0,1,0,19595,0.766,0.56,0.438,17.0,17.0,0.2068,82.2,0.0,1,1,0.792,1.28023,1,1,0.425,1.21325,1,124.881,0.003,0.997,0.0,0.0,1.0,0.62,0.0,0.5,0.0,0.897,0.52,0.5,0.478,0.0,0.483,0.0,0,0,0.349,0.725,0.0,0.238,0.0,0.869,0.436,0.0,0.548,0.382,0.0,1.0,1.09
67532,2024.07.25 08:59:00,USDCADm,TREND_CONTINUATION,BUY,2,1.38291,1.38192,1.38497,2.08,0.501,1.38184,1.38287,1.3813,1,0.2,0.493,1.092,1.37878,1.37622,1.37958,1.37441,0,0.0,0.65,0,1.38184,0.641,0.415,0,0.0,0.0,1.38299,1.3806,1.895,0,0,1,0.8,1.0,0.2012,1.0,0.322,2,0.564,0,0.444,1.38293,1.38257,0.227,0.213,0.0,2,0.0,0,0.564,1.045,2.601,0.402,0.386,1,1.38184,8,0.728,0.546,0.203,0.3,0.089,0.543,0.897,1.36784,1.36348,1.36755,246772.7273,335840.2514,2,1.36802,0.59,1.38097,0.408,0.0,0.0,0,0.0,1,0,19595,0.766,0.56,0.438,17.0,17.0,0.2068,82.2,0.0,1,1,0.792,1.28023,1,1,0.425,1.21325,1,124.893,0.003,0.997,0.0,0.0,1.0,0.76,0.0,0.5,0.0,0.897,0.547,0.5,0.478,0.0,0.483,0.0,0,0,0.365,0.725,0.0,0.238,0.0,0.869,0.436,0.0,0.548,0.382,0.0,1.0,1.09
67536,2024.07.25 10:00:00,USDCADm,ANCHORED_PULLBACK,BUY,2,1.38379,1.38336,1.38518,3.25,0.836,1.38269,1.38313,1.38196,0,0.939,0.065,1.1899,1.37879,1.37632,1.3799,1.37465,0,0.0,0.6,0,1.38269,0.701,0.711,0,0.0,0.0,1.3836,1.3806,3.866,0,0,1,1.0,0.825,0.1859,0.825,0.691,1,0.347,0,0.679,1.38279,1.38367,1.064,0.065,0.1614,0,0.4,2,1.0,1.919,3.866,0.496,0.619,2,1.38269,8,0.74,0.0,0.253,0.947,0.276,0.959,0.625,1.36784,1.36348,1.36755,246772.7273,335840.2514,2,1.36802,0.59,1.38097,0.408,0.0,0.0,0,0.0,1,0,19597,0.766,0.56,0.438,17.0,17.0,0.2177,78.1,0.0,1,1,0.792,1.28023,1,1,0.425,1.21325,1,132.648,0.003,0.997,0.0,0.0,1.0,0.61,0.0,0.5,0.0,1.0,0.54,0.5,0.511,0.0,0.371,0.0,0,0,0.326,0.39,0.0,0.249,0.0,1.0,0.704,0.0,0.519,0.382,0.0,1.0,1.126
67538,2024.07.25 10:58:40,USDCADm,BREAKOUT,BUY,2,1.38375,1.38298,1.3857,2.53,0.515,1.38269,1.38313,1.38196,0,0.939,0.065,1.1387,1.37879,1.37632,1.3799,1.37465,0,0.0,0.6,0,1.38269,0.701,0.711,0,0.0,0.0,1.3836,1.3806,3.866,0,0,1,1.0,0.825,0.1859,0.825,0.691,2,0.647,0,0.679,1.38279,1.38367,1.013,0.117,0.0,2,0.4,0,0.647,1.321,3.814,0.346,0.461,1,1.38269,8,0.74,0.0,0.253,0.247,0.276,0.959,0.625,1.36784,1.36348,1.36755,246772.7273,335840.2514,2,1.36802,0.59,1.38097,0.408,0.0,0.0,0,0.0,1,0,19597,0.766,0.56,0.438,17.0,17.0,0.2177,78.1,0.0,1,1,0.792,1.28023,1,1,0.425,1.21325,1,132.597,0.003,0.997,0.0,0.0,1.0,0.07,0.0,0.5,0.0,1.0,0.287,0.5,0.479,0.0,0.361,0.0,0,0,0.416,0.518,0.0,0.179,0.0,0.805,0.434,0.0,0.587,0.382,0.0,1.0,1.027
67539,2024.07.25 10:58:59,USDCADm,PULLBACK,BUY,2,1.38375,1.38298,1.38609,3.04,0.489,1.38269,1.38313,1.38196,0,0.939,0.065,1.1387,1.37879,1.37632,1.3799,1.37465,0,0.0,0.6,0,1.38269,0.701,0.711,0,0.0,0.0,1.3836,1.3806,3.866,0,0,1,1.0,0.825,0.1859,0.825,0.691,2,0.647,0,0.679,1.38279,1.38367,1.013,0.117,0.0,2,0.4,0,0.647,1.321,3.814,0.346,0.461,1,1.38269,8,0.74,0.0,0.253,0.247,0.276,0.959,0.625,1.36784,1.36348,1.36755,246772.7273,335840.2514,2,1.36802,0.59,1.38097,0.408,0.0,0.0,0,0.0,1,0,19597,0.766,0.56,0.438,17.0,17.0,0.2177,78.1,0.0,1,1,0.792,1.28023,1,1,0.425,1.21325,1,132.597,0.003,0.997,0.0,0.0,1.0,0.07,0.0,0.5,0.0,1.0,0.302,0.5,0.479,0.0,0.361,0.0,0,0,0.407,0.518,0.0,0.179,0.0,0.805,0.434,0.0,0.587,0.382,0.0,1.0,1.027
67540,2024.07.25 10:59:00,USDCADm,TREND_CONTINUATION,BUY,2,1.38373,1.38279,1.38568,2.08,0.575,1.38269,1.38313,1.38196,0,0.939,0.065,1.1131,1.37879,1.37632,1.3799,1.37465,0,0.0,0.6,0,1.38269,0.701,0.711,0,0.0,0.0,1.3836,1.3806,3.866,0,0,1,1.0,0.825,0.1859,0.825,0.691,2,0.647,0,0.679,1.38279,1.38367,0.988,0.142,0.0,2,0.4,0,0.647,1.312,3.789,0.346,0.46,1,1.38269,8,0.74,0.0,0.253,0.247,0.276,0.959,0.625,1.36784,1.36348,1.36755,246772.7273,335840.2514,2,1.36802,0.59,1.38097,0.408,0.0,0.0,0,0.0,1,0,19597,0.766,0.56,0.438,17.0,17.0,0.2177,78.1,0.0,1,1,0.792,1.28023,1,1,0.425,1.21325,1,132.571,0.003,0.997,0.0,0.0,1.0,0.06,0.0,0.5,0.0,1.0,0.325,0.5,0.479,0.0,0.361,0.0,0,0,0.393,0.518,0.0,0.179,0.0,0.805,0.434,0.0,0.587,0.382,0.0,1.0,1.027
67544,2024.07.25 11:12:40,USDCADm,BREAKOUT_RETEST,BUY,2,1.38331,1.38261,1.3846,1.84,0.629,1.3836,1.38379,1.38252,1,0.051,0.364,-0.5693,1.38184,1.37646,1.37975,1.37469,0,0.0,0.5,0,1.38271,0.697,0.264,0,0.0,0.0,1.38414,1.3806,3.649,0,0,1,1.0,1.0,0.2454,1.0,0.46,2,0.494,0,0.815,1.38284,1.38392,0.371,0.961,0.0,2,0.0,0,0.494,1.193,3.131,0.381,0.464,1,1.38271,8,0.739,0.259,0.162,0.3,0.163,0.793,0.915,1.36784,1.36348,1.36755,246772.7273,335840.2514,2,1.36802,0.59,1.38097,0.408,0.0,0.0,0,0.0,1,0,19598,0.766,0.56,0.438,17.0,17.0,0.2097,81.1,0.0,1,1,0.792,1.28023,1,1,0.425,1.21325,1,127.147,0.003,0.997,0.0,0.0,1.0,0.0,0.0,0.5,0.0,0.513,0.28,0.5,0.493,0.0,0.274,0.0,0,0,0.39,0.678,0.0,0.143,0.0,0.754,0.65,0.0,0.552,0.382,0.0,1.0,0.954
67546,2024.07.25 12:00:00,USDCADm,ANCHORED_PULLBACK,BUY,2,1.38419,1.38383,1.38571,4.27,0.531,1.3836,1.38392,1.38252,0,0.496,0.044,0.4961,1.38184,1.37657,1.37981,1.37483,0,0.0,0.55,0,1.3836,0.656,0.577,0,0.0,0.0,1.38359,1.3806,4.052,0,0,1,1.0,0.825,0.2757,0.825,0.085,2,0.561,0,0.488,1.38347,1.38392,0.647,0.12,0.1506,0,0.15,2,1.0,0.38,0.647,0.587,0.427,1,1.3836,8,0.731,0.0,0.335,0.947,0.15,0.75,0.89,1.36805,1.36359,1.36772,237789.8849,-8982.8424,1,1.36824,0.559,1.38201,0.406,0.0,0.0,0,0.0,1,0,19599,0.766,0.56,0.438,17.0,17.0,0.2015,84.4,0.0,1,1,0.792,1.28023,1,1,0.425,1.21325,1,123.238,0.022,0.978,0.0,1.0,1.0,0.97,0.0,0.5,0.0,0.701,0.629,0.5,0.402,0.0,0.398,0.0,0,0,0.357,0.324,0.0,0.18,0.0,0.997,0.703,0.0,0.486,0.382,0.0,1.0,1.144
67548,2024.07.25 13:55:40,USDCADm,SWEEP_REVERSAL,BUY,4,1.38136,1.38044,1.3838,2.65,0.625,1.38363,1.38422,1.38325,0,0.031,0.911,-2.654,1.38195,1.37616,1.38059,1.37485,0,0.0,0.45,0,1.38363,0.701,0.656,0,0.0,0.0,1.38407,1.3806,3.146,1,1,1,0.8,0.825,0.2678,0.825,0.056,0,0.691,0,0.738,1.38352,1.38265,2.536,1.595,0.0,2,0.55,6,0.75,0.774,2.654,0.292,0.4,1,1.3806,6,0.65,0.0,0.703,0.247,0.64,0.901,0.948,1.36805,1.36359,1.36772,237789.8849,-8982.8424,1,1.36824,0.559,1.38201,0.406,0.0,0.0,0,0.0,1,0,19600,0.767,0.558,0.439,17.0,17.0,0.1852,91.8,0.0,1,1,0.792,1.28023,1,1,0.425,1.21325,1,110.181,0.022,0.978,0.0,1.0,1.0,0.56,0.0,0.5,0.0,0.0,0.385,0.5,0.0,0.0,0.0,0.0,0,0,0.069,0.0,0.0,0.0,0.0,0.0,0.5,0.0,0.0,0.0,0.0,0.0,0.0
67549,2024.07.25 14:00:00,USDCADm,BREAKOUT,BUY,4,1.38144,1.37976,1.38423,1.67,0.644,1.38362,1.38455,1.38289,0,1.917,0.245,-2.1025,1.38195,1.37616,1.38111,1.37485,0,0.0,0.4,0,1.38362,0.636,0.426,0,0.0,0.0,1.38203,1.3806,0.598,0,0,1,1.0,1.0,0.2385,1.0,0.101,2,0.641,3,0.726,1.38352,1.38154,2.01,0.245,0.6159,0,0.15,2,1.0,1.23,2.102,0.585,0.578,2,1.3806,6,0.65,0.0,0.33,1.0,0.053,0.929,0.947,1.36805,1.36359,1.36772,237789.8849,-8982.8424,1,1.36824,0.559,1.38201,0.406,0.0,0.0,0,0.0,1,0,19601,0.767,0.558,0.439,17.0,17.0,0.1522,111.7,0.0,1,1,0.792,1.28023,1,1,0.425,1.21325,1,90.597,0.022,0.978,0.0,1.0,1.0,0.77,0.0,0.5,0.0,0.377,0.327,0.5,0.386,0.0,0.907,0.0,0,0,0.582,0.158,0.858,0.697,0.0,0.995,0.451,0.0,0.464,0.382,0.0,1.0,1.07
67550,2024.07.25 14:00:20,USDCADm,PULLBACK,BUY,4,1.38144,1.37976,1.38479,2.0,0.503,1.38362,1.38455,1.38289,0,1.917,0.245,-2.1025,1.38195,1.37616,1.38111,1.37485,0,0.0,0.4,0,1.38362,0.636,0.426,0,0.0,0.0,1.38203,1.3806,0.598,0,0,1,1.0,1.0,0.2385,1.0,0.101,2,0.645,3,0.726,1.38352,1.38154,2.01,0.245,0.0,2,0.15,0,0.645,0.914,2.102,0.435,0.452,1,1.3806,6,0.65,0.0,0.33,0.3,0.053,0.929,0.947,1.36805,1.36359,1.36772,237789.8849,-8982.8424,1,1.36824,0.559,1.38201,0.406,0.0,0.0,0,0.0,1,0,19601,0.767,0.558,0.439,17.0,17.0,0.1522,111.7,0.0,1,1,0.792,1.28023,1,1,0.425,1.21325,1,90.597,0.022,0.978,0.0,1.0,1.0,0.77,0.0,0.5,0.0,0.448,0.33,0.5,0.439,0.0,0.782,0.0,0,0,0.546,0.16,1.0,0.511,0.0,0.526,0.428,0.0,0.522,0.382,0.0,1.0,0.972
67551,2024.07.25 14:00:20,USDCADm,TREND_CONTINUATION,BUY,4,1.38144,1.3801,1.38423,2.08,0.591,1.38362,1.38455,1.38289,0,1.917,0.245,-2.1025,1.38195,1.37616,1.38111,1.37485,0,0.0,0.4,0,1.38362,0.636,0.426,0,0.0,0.0,1.38203,1.3806,0.598,0,0,1,1.0,1.0,0.2385,1.0,0.101,2,0.645,3,0.726,1.38352,1.38154,2.01,0.245,0.0,2,0.15,0,0.645,0.914,2.102,0.435,0.452,1,1.3806,6,0.65,0.0,0.33,0.3,0.053,0.929,0.947,1.36805,1.36359,1.36772,237789.8849,-8982.8424,1,1.36824,0.559,1.38201,0.406,0.0,0.0,0,0.0,1,0,19601,0.767,0.558,0.439,17.0,17.0,0.1522,111.7,0.0,1,1,0.792,1.28023,1,1,0.425,1.21325,1,90.597,0.022,0.978,0.0,1.0,1.0,0.77,0.0,0.5,0.0,0.448,0.33,0.5,0.439,0.0,0.782,0.0,0,0,0.546,0.16,1.0,0.511,0.0,0.526,0.428,0.0,0.522,0.382,0.0,1.0,0.972
67552,2024.07.25 14:00:40,USDCADm,MEAN_REVERSION,BUY,4,1.38182,1.38093,1.38379,2.2,0.599,1.38362,1.38455,1.38289,0,1.917,0.245,-1.7623,1.38195,1.37616,1.38111,1.37485,0,0.0,0.4,0,1.38362,0.636,0.426,0,0.0,0.0,1.38203,1.3806,0.598,0,0,1,1.0,1.0,0.2385,1.0,0.053,2,0.645,3,0.726,1.38352,1.38154,1.669,0.095,0.0,2,0.15,0,0.645,0.779,1.762,0.442,0.436,1,1.3806,6,0.65,0.0,0.344,0.3,0.053,0.929,0.947,1.36805,1.36359,1.36772,237789.8849,-8982.8424,1,1.36824,0.559,1.38201,0.406,0.0,0.0,0,0.0,1,0,19601,0.767,0.558,0.439,17.0,17.0,0.1522,111.7,0.0,1,1,0.792,1.28023,1,1,0.425,1.21325,1,90.937,0.022,0.978,0.0,1.0,1.0,0.99,0.0,0.5,0.0,0.516,0.349,0.5,0.42,0.0,0.782,0.0,0,0,0.529,0.266,1.0,0.19,0.0,0.526,0.435,0.0,0.522,0.382,0.0,1.0,0.972
67558,2024.07.25 15:20:40,USDCADm,BREAKOUT_RETEST,BUY,4,1.38236,1.38191,1.38358,2.7,0.574,1.38341,1.38455,1.38185,1,0.035,0.496,-1.0419,1.38195,1.37616,1.38163,1.37485,0,0.0,0.65,0,1.38196,0.714,0.151,0,0.0,0.0,0.0,1.3806,0.945,0,0,1,1.0,0.825,0.1275,0.825,0.553,2,0.605,3,0.364,1.38185,1.383,0.286,0.688,0.0,2,0.25,0,0.605,0.497,1.355,0.367,0.332,0,1.38341,1,0.7,0.428,0.234,0.247,0.088,0.922,0.778,1.36805,1.36359,1.36772,237789.8849,-8982.8424,1,1.36824,0.559,1.38201,0.406,0.0,0.0,0,0.0,1,0,19602,0.767,0.558,0.439,17.0,17.0,0.145,117.2,0.0,1,1,0.792,1.28023,1,1,0.425,1.21325,1,87.131,0.022,0.978,0.0,1.0,1.0,0.99,0.0,0.5,0.0,1.0,0.546,0.5,0.495,0.0,0.37,0.0,0,0,0.324,0.612,0.0,0.482,0.0,0.489,0.65,0.0,0.505,0.382,0.0,1.0,1.045
67560,2024.07.25 15:57:40,USDCADm,SWEEP_REVERSAL,BUY,4,1.38121,1.38004,1.38358,2.02,0.19,1.38341,1.38455,1.38185,0,0.035,0.496,-2.023,1.38195,1.37616,1.38163,1.37485,1,0.0,0.65,0,1.38196,0.714,0.151,0,0.0,0.0,0.0,1.3806,0.945,0,0,1,1.0,0.825,0.1275,0.825,0.219,2,0.605,3,0.364,1.38185,1.38123,0.695,0.164,0.0,2,0.25,0,0.605,0.844,2.023,0.417,0.373,1,1.3806,6,0.65,0.0,0.334,0.247,0.088,0.922,0.81,1.36805,1.36359,1.36772,237789.8849,-8982.8424,1,1.36824,0.559,1.38201,0.406,0.0,0.0,0,0.0,1,0,19602,0.767,0.558,0.439,17.0,17.0,0.145,117.2,0.0,1,1,0.792,1.28023,1,1,0.425,1.21325,1,86.15,0.022,0.978,0.0,1.0,1.0,0.0,0.0,0.5,0.0,0.907,0.332,0.5,0.544,0.0,0.226,0.0,0,0,0.354,0.592,0.0,0.446,0.0,0.515,0.407,0.0,0.506,0.382,0.0,1.0,1.072
67562,2024.07.25 16:00:00,USDCADm,BREAKOUT,BUY,4,1.38117,1.37937,1.38417,1.67,0.298,1.38154,1.38331,1.38082,1,0.453,0.238,-0.4526,1.38187,1.37876,1.38424,1.37694,1,0.0,0.6,0,1.38154,0.701,0.458,0,0.0,0.0,1.38151,1.3806,0.331,0,0,0,0.798,0.5568,0.0165,0.557,0.206,2,0.612,1,0.018,1.38186,1.38071,0.712,0.238,0.0,2,0.4,0,0.612,0.298,0.712,0.419,0.235,0,1.3806,6,0.65,0.0,0.398,0.167,0.14,0.839,0.913,1.36757,1.36757,1.36785,14954.9042,-222834.9807,1,1.36789,0.592,1.38035,0.388,0.0,0.0,0,0.0,1,0,19603,0.767,0.558,0.439,17.0,17.0,0.1415,120.1,0.0,1,1,0.792,1.28023,1,1,0.425,1.21325,1,84.017,0.503,0.497,0.0,1.0,1.0,0.02,0.0,0.5,0.0,1.0,0.351,0.5,0.419,0.0,0.209,0.0,0,0,0.298,0.6,0.0,0.463,0.0,0.54,0.466,0.0,0.502,0.371,0.0,1.0,0.898
67563,2024.07.25 16:00:20,USDCADm,PULLBACK,BUY,4,1.38117,1.37937,1.38441,1.8,0.498,1.38154,1.38331,1.38082,1,0.453,0.238,-0.4526,1.38187,1.37876,1.38424,1.37694,1,0.0,0.6,0,1.38154,0.701,0.458,0,0.0,0.0,1.38151,1.3806,0.331,0,0,0,0.798,0.5568,0.0165,0.557,0.206,2,0.612,1,0.018,1.38186,1.38071,0.712,0.238,0.0,2,0.4,0,0.612,0.298,0.712,0.419,0.235,0,1.3806,6,0.65,0.0,0.398,0.167,0.14,0.839,0.913,1.36757,1.36757,1.36785,14954.9042,-222834.9807,1,1.36789,0.592,1.38035,0.388,0.0,0.0,0,0.0,1,0,19603,0.767,0.558,0.439,17.0,17.0,0.1415,120.1,0.0,1,1,0.792,1.28023,1,1,0.425,1.21325,1,84.017,0.503,0.497,0.0,1.0,1.0,0.02,0.0,0.5,0.0,1.0,0.355,0.5,0.419,0.0,0.209,0.0,0,0,0.296,0.6,0.0,0.463,0.0,0.54,0.466,0.0,0.502,0.371,0.0,1.0,0.898
67564,2024.07.25 16:00:20,USDCADm,TREND_CONTINUATION,BUY,4,1.38117,1.37973,1.38417,2.08,0.408,1.38154,1.38331,1.38082,1,0.453,0.238,-0.4526,1.38187,1.37876,1.38424,1.37694,1,0.0,0.6,0,1.38154,0.701,0.458,0,0.0,0.0,1.38151,1.3806,0.331,0,0,0,0.798,0.5568,0.0165,0.557,0.206,2,0.612,1,0.018,1.38186,1.38071,0.712,0.238,0.0,2,0.4,0,0.612,0.298,0.712,0.419,0.235,0,1.3806,6,0.65,0.0,0.398,0.167,0.14,0.839,0.913,1.36757,1.36757,1.36785,14954.9042,-222834.9807,1,1.36789,0.592,1.38035,0.388,0.0,0.0,0,0.0,1,0,19603,0.767,0.558,0.439,17.0,17.0,0.1415,120.1,0.0,1,1,0.792,1.28023,1,1,0.425,1.21325,1,84.017,0.503,0.497,0.0,1.0,1.0,0.02,0.0,0.5,0.0,1.0,0.355,0.5,0.419,0.0,0.209,0.0,0,0,0.296,0.6,0.0,0.463,0.0,0.54,0.466,0.0,0.502,0.371,0.0,1.0,0.898
67568,2024.07.25 16:00:59,USDCADm,MEAN_REVERSION,BUY,4,1.3813,1.38087,1.38171,0.96,0.563,1.38154,1.38331,1.38082,1,0.453,0.238,-0.3444,1.38187,1.37876,1.38424,1.37694,1,0.0,0.6,0,1.38154,0.701,0.458,0,0.0,0.0,1.38151,1.3806,0.331,0,0,0,0.798,0.5568,0.0165,0.557,0.235,2,0.612,1,0.018,1.38186,1.38071,0.603,0.346,0.0,2,0.4,0,0.612,0.25,0.603,0.415,0.229,0,1.38154,8,0.74,0.0,0.39,0.167,0.14,0.839,0.913,1.36757,1.36757,1.36785,14954.9042,-222834.9807,1,1.36789,0.592,1.38035,0.388,0.0,0.0,0,0.0,1,0,19603,0.767,0.558,0.439,17.0,17.0,0.1415,120.1,0.0,1,1,0.792,1.28023,1,1,0.425,1.21325,1,84.125,0.503,0.497,0.0,1.0,1.0,0.15,0.0,0.5,0.0,1.0,0.398,0.5,0.461,0.0,0.23,0.0,0,0,0.291,0.687,0.0,0.602,0.0,0.554,0.433,0.0,0.497,0.371,0.0,1.0,0.898
67570,2024.07.25 18:00:59,USDCADm,MEAN_REVERSION,BUY,3,1.381,1.37993,1.38186,0.81,0.645,1.38169,1.38224,1.38068,1,0.536,0.738,-0.6443,1.38179,1.37657,1.38128,1.37483,1,0.0,0.5,0,1.38169,0.8,0.351,0,0.0,0.0,0.0,0.0,0.0,0,0,0,0.5,-0.72,-0.1666,0.72,0.497,0,0.685,0,0.413,1.38177,1.37983,0.702,0.745,0.0,2,0.0,0,0.685,1.126,3.0,0.375,0.454,1,1.38169,8,0.76,0.0,0.151,0.216,0.083,0.799,0.872,1.36757,1.36757,1.36785,14954.9042,-222834.9807,1,1.36789,0.592,1.38035,0.388,0.0,0.0,0,0.0,1,0,19605,0.767,0.558,0.439,17.0,17.0,0.127,133.9,0.0,1,1,0.792,1.28023,1,1,0.425,1.21325,1,75.282,0.503,0.497,0.0,1.0,1.0,0.07,0.0,0.5,0.0,0.656,0.489,0.5,0.455,0.0,0.297,0.0,0,0,0.262,0.651,0.0,0.352,0.0,0.569,0.468,0.0,0.488,0.4,0.0,1.0,0.752
67572,2024.07.25 19:00:00,USDCADm,ANCHORED_PULLBACK,BUY,3,1.38244,1.38198,1.38308,1.39,0.264,1.38163,1.38184,1.38058,0,0.458,0.157,0.4576,1.38179,1.37623,1.38135,1.37501,0,0.0,0.45,0,1.38163,0.729,0.595,0,0.0,0.0,1.38139,0.0,0.0,0,0,1,0.825,-0.755,-0.209,0.755,0.188,2,0.58,0,0.592,1.38142,1.38233,0.608,0.043,-0.2074,1,0.15,0,0.58,1.265,3.0,0.422,0.459,1,1.38163,8,0.746,0.0,0.603,0.226,0.171,0.919,0.836,1.36757,1.36757,1.36785,14954.9042,-222834.9807,1,1.36789,0.592,1.38035,0.388,0.0,0.0,0,0.0,1,0,19606,0.767,0.558,0.439,17.0,17.0,0.1216,139.9,0.0,1,1,0.792,1.28023,1,1,0.425,1.21325,1,73.082,0.503,0.497,0.0,1.0,1.0,0.97,0.0,0.5,0.0,0.836,0.532,0.5,0.481,0.0,0.305,0.0,0,0,0.285,0.37,0.0,0.205,0.0,0.329,0.849,0.0,0.483,0.382,0.0,1.0,0.812
67574,2024.07.25 20:00:00,USDCADm,BREAKOUT,BUY,3,1.3826,1.38143,1.38636,3.22,0.61,1.38112,1.38192,1.38047,0,0.677,0.002,0.8704,1.38179,1.3764,1.38189,1.37568,0,0.0,0.5,0,1.38112,0.758,0.429,0,0.0,0.0,1.38199,0.0,0.0,0,0,1,0.9,-0.615,-0.2249,0.615,0.075,2,0.569,0,0.79,1.38127,1.38236,0.774,0.05,0.1265,0,0.4,2,0.813,1.766,3.0,0.589,0.559,2,1.38112,8,0.752,0.0,0.437,0.885,0.298,0.885,0.826,1.36757,1.36757,1.36785,14314.7482,-640.156,1,1.36789,0.596,1.38035,0.383,0.0,0.0,0,0.0,1,0,19607,0.767,0.558,0.439,17.0,17.0,0.1132,150.2,0.0,1,1,0.792,1.28023,1,1,0.425,1.21325,1,68.149,0.025,0.975,0.0,1.0,1.0,0.97,0.0,0.5,0.0,0.644,0.73,0.5,0.49,0.0,0.47,0.0,0,0,0.473,0.333,0.0,0.757,0.0,0.768,0.712,0.0,0.431,0.382,0.0,1.0,0.828
67576,2024.07.26 00:06:40,USDCADm,MEAN_REVERSION,BUY,1,1.38163,1.38062,1.38245,0.81,0.717,1.38228,1.38261,1.38213,0,0.314,0.002,-0.6494,1.38205,1.3764,1.38189,1.37568,1,0.0,0.55,0,1.38228,0.757,0.41,0,0.0,0.0,0.0,0.0,0.0,0,0,0,0.675,0.51,0.0665,0.51,0.028,0,0.775,0,0.831,1.38228,1.38189,0.649,0.337,0.0,2,0.4,0,0.775,1.337,3.0,0.446,0.509,2,1.38228,8,0.751,0.0,0.452,0.153,0.306,0.92,0.927,1.36757,1.36757,1.36793,19114.2696,4799.5214,2,1.36789,0.597,1.38035,0.385,0.0,0.0,0,0.004,1,0,19611,0.768,0.56,0.439,17.0,17.0,0.1343,126.6,0.0,1,1,0.792,1.28023,1,1,0.425,1.21325,0,80.113,0.004,0.996,0.0,0.0,0.5,0.0,0.0,0.5,0.0,0.44,0.18,0.5,0.714,0.0,0.395,0.0,0,0,0.564,0.47,0.0,0.705,0.0,0.152,0.426,0.0,0.479,0.4,0.0,1.0,0.974
67577,2024.07.26 01:02:40,USDCADm,TREND_CONTINUATION,BUY,1,1.3822,1.3807,1.38533,2.08,0.432,1.38226,1.3824,1.38182,1,0.179,0.101,-0.1814,1.38205,1.38165,1.3838,1.37807,1,0.0,0.5,0,1.38226,0.734,0.294,0,0.0,0.0,0.0,0.0,0.0,0,0,0,0.75,0.545,0.0866,0.545,0.434,0,0.727,3,0.553,1.38196,1.38164,0.053,0.31,0.0,2,0.4,0,0.727,1.155,3.0,0.385,0.375,1,0.0,0,0.0,0.895,0.33,0.164,0.14,0.399,0.833,1.36757,1.36757,1.36793,19114.2696,4799.5214,2,1.36789,0.597,1.38035,0.385,0.0,0.0,0,0.004,1,0,19612,0.768,0.56,0.439,17.0,17.0,0.136,125.0,0.0,1,1,0.792,1.28023,1,1,0.425,1.21325,0,81.576,0.004,0.996,0.0,0.0,0.5,0.93,0.0,0.5,0.0,0.358,0.613,0.5,0.684,0.0,0.539,0.0,0,0,0.488,0.723,0.0,0.464,0.0,0.264,0.517,0.0,0.461,0.4,0.0,1.0,0.888
67580,2024.07.26 01:43:40,USDCADm,SWEEP_REVERSAL,BUY,1,1.38139,1.38014,1.38243,0.83,0.254,1.38226,1.3824,1.38182,0,0.179,0.101,-0.8294,1.38205,1.38165,1.3838,1.37807,1,0.0,0.5,0,1.38226,0.734,0.294,0,0.0,0.0,0.0,0.0,0.0,0,0,0,0.75,0.545,0.0866,0.545,0.068,0,0.727,3,0.553,1.38196,1.38138,0.595,0.127,0.0,2,0.4,0,0.727,1.319,3.0,0.44,0.395,1,1.38226,8,0.747,0.0,0.44,0.164,0.14,0.399,0.933,1.36757,1.36757,1.36793,19114.2696,4799.5214,2,1.36789,0.597,1.38035,0.385,0.0,0.0,0,0.004,1,0,19612,0.768,0.56,0.439,17.0,17.0,0.136,125.0,0.0,1,1,0.792,1.28023,1,1,0.425,1.21325,0,80.928,0.004,0.996,0.0,0.0,0.5,0.0,0.0,0.5,0.0,0.625,0.241,0.5,0.533,0.0,0.6,0.0,0,0,0.555,0.531,0.0,0.696,0.0,0.178,0.42,0.0,0.455,0.4,0.0,1.0,0.973
67582,2024.07.26 02:32:40,USDCADm,BREAKOUT_RETEST,BUY,1,1.38158,1.3812,1.38199,1.09,0.514,1.38178,1.38221,1.38136,1,0.552,0.183,-0.2965,1.38205,1.38165,1.3838,1.37807,1,0.0,0.55,0,1.38178,0.679,0.629,0,0.0,0.0,1.3812,0.0,0.0,0,0,0,0.825,0.58,0.0712,0.58,0.345,0,0.828,0,0.507,1.38182,1.38128,0.327,0.103,0.0,2,0.4,0,0.828,1.195,3.0,0.398,0.441,1,1.38182,2,0.55,0.346,0.356,0.174,0.241,0.73,0.898,1.36757,1.36757,1.36793,19114.2696,4799.5214,2,1.36789,0.597,1.38035,0.385,0.0,0.0,0,0.004,1,0,19613,0.768,0.56,0.439,17.0,17.0,0.1348,126.1,0.0,1,1,0.792,1.28023,1,1,0.425,1.21325,0,80.391,0.004,0.996,0.0,0.0,0.5,0.99,0.0,0.5,0.0,1.0,0.581,0.5,0.558,0.0,0.38,0.0,0,0,0.368,0.748,0.0,0.746,0.0,0.267,0.541,0.0,0.464,0.4,0.0,1.0,0.822
67584,2024.07.26 02:41:59,USDCADm,PULLBACK,BUY,1,1.38193,1.38004,1.38397,1.08,0.551,1.38178,1.38221,1.38136,1,0.552,0.183,-0.0188,1.38205,1.38165,1.3838,1.37807,1,0.0,0.55,0,1.38178,0.679,0.629,0,0.0,0.0,1.3812,0.0,0.0,0,0,0,0.825,0.58,0.0712,0.58,1.0,0,0.828,0,0.507,1.38182,1.38128,0.05,0.381,0.0,2,0.4,0,0.828,0.9,3.0,0.3,0.407,1,1.38136,5,0.6,0.901,0.16,0.174,0.241,0.73,0.898,1.36757,1.36757,1.36793,19114.2696,4799.5214,2,1.36789,0.597,1.38035,0.385,0.0,0.0,0,0.004,1,0,19613,0.768,0.56,0.439,17.0,17.0,0.1348,126.1,0.0,1,1,0.792,1.28023,1,1,0.425,1.21325,0,80.669,0.004,0.996,0.0,0.0,0.5,0.98,0.0,0.5,0.0,0.678,0.768,0.5,0.54,0.0,0.357,0.0,0,0,0.466,0.8,0.0,0.461,0.0,0.267,0.524,0.0,0.482,0.4,0.0,1.0,0.788
67586,2024.07.26 03:00:00,USDCADm,BREAKOUT,BUY,1,1.38197,1.38016,1.38498,1.67,0.284,1.38173,1.38209,1.38137,1,0.004,0.27,0.059,1.38205,1.38165,1.3838,1.37807,1,0.0,0.55,0,1.38173,0.72,0.661,0,0.0,0.0,1.38171,0.0,0.0,0,0,0,0.6,0.615,0.0573,0.615,0.83,0,0.827,0,0.421,1.3818,1.38219,0.004,0.325,0.0,2,0.4,0,0.827,0.976,3.0,0.325,0.417,1,1.38137,5,0.6,0.992,0.211,0.185,0.224,0.832,0.851,1.36757,1.36757,1.36793,19114.2696,4799.5214,2,1.36789,0.597,1.38035,0.385,0.0,0.0,0,0.004,1,0,19614,0.768,0.56,0.439,17.0,17.0,0.1412,120.4,0.0,1,1,0.792,1.28023,1,1,0.425,1.21325,0,84.482,0.004,0.996,0.0,0.0,0.5,0.9,0.0,0.5,0.0,1.0,0.484,0.5,0.569,0.0,0.302,0.0,0,0,0.301,0.8,0.0,0.544,0.0,0.261,0.545,0.0,0.481,0.4,0.0,1.0,0.856
67588,2024.07.26 03:05:40,USDCADm,TREND_CONTINUATION,BUY,1,1.38192,1.38047,1.38493,2.08,0.397,1.38173,1.38209,1.38137,1,0.004,0.27,0.0174,1.38205,1.38165,1.3838,1.37807,1,0.0,0.55,0,1.38173,0.72,0.661,0,0.0,0.0,1.38171,0.0,0.0,0,0,0,0.6,0.615,0.0573,0.615,1.0,0,0.827,0,0.421,1.3818,1.38219,0.037,0.366,0.0,2,0.4,0,0.827,0.9,3.0,0.3,0.408,1,1.38137,5,0.6,0.925,0.16,0.185,0.224,0.832,0.851,1.36757,1.36757,1.36793,19114.2696,4799.5214,2,1.36789,0.597,1.38035,0.385,0.0,0.0,0,0.004,1,0,19614,0.768,0.56,0.439,17.0,17.0,0.1412,120.4,0.0,1,1,0.792,1.28023,1,1,0.425,1.21325,0,84.44,0.004,0.996,0.0,0.0,0.5,0.81,0.0,0.5,0.0,0.942,0.482,0.5,0.557,0.0,0.332,0.0,0,0,0.311,0.8,0.0,0.418,0.0,0.261,0.545,0.0,0.481,0.4,0.0,1.0,0.856
67590,2024.07.26 04:37:59,USDCADm,MEAN_REVERSION,BUY,1,1.38127,1.38047,1.38192,0.8,0.717,1.38175,1.38193,1.3814,0,0.052,0.321,-0.6435,1.38205,1.38165,1.38333,1.37807,1,0.0,0.5,0,1.38175,0.716,0.579,0,0.0,0.0,0.0,0.0,0.0,0,0,0,0.363,0.363,0.0141,0.363,0.321,0,0.808,3,0.365,1.38148,1.38102,0.377,0.076,0.0,2,0.25,0,0.808,1.206,3.0,0.402,0.421,1,1.38175,8,0.743,0.246,0.304,0.109,0.088,0.563,0.789,1.36757,1.36757,1.36781,12902.0385,-6212.2311,1,1.36789,0.595,1.38035,0.384,0.0,0.0,0,0.005,1,0,19615,0.768,0.56,0.439,17.0,17.0,0.1694,100.4,0.0,1,1,0.792,1.28023,1,1,0.425,1.21325,0,100.68,0.243,0.757,0.0,1.0,0.5,0.0,0.0,0.5,0.0,0.83,0.302,0.5,0.539,0.0,0.328,0.0,0,0,0.411,0.83,0.0,0.688,0.0,0.172,0.441,0.0,0.478,0.4,0.0,1.0,0.92
67592,2024.07.26 09:00:00,USDCADm,SWEEP_REVERSAL,BUY,2,1.38101,1.38035,1.38159,0.88,0.298,1.38142,1.3815,1.38113,0,0.56,0.081,-0.8797,1.38128,1.38165,1.38333,1.37807,1,0.0,0.35,0,1.38142,0.725,0.48,0,0.0,0.0,1.3814,0.0,0.0,0,0,0,0.975,-0.65,-0.1499,0.65,0.189,0,0.68,0,0.628,1.38121,1.38079,0.56,0.081,0.0,2,0.4,0,0.68,1.265,3.0,0.422,0.446,1,1.38142,8,0.745,0.0,0.403,0.195,0.266,0.88,0.924,1.36757,1.36757,1.36782,13586.8718,684.8333,2,1.36789,0.587,1.38035,0.382,0.0,0.0,0,0.012,1,0,19620,0.764,0.565,0.439,17.0,17.0,0.2567,66.2,0.0,1,1,0.792,1.28023,1,1,0.425,1.21325,0,152.203,0.002,0.998,0.0,0.0,0.5,0.14,0.0,0.5,0.0,0.596,0.391,0.5,0.456,0.0,0.394,0.0,0,0,0.36,0.454,0.0,0.372,0.0,0.249,0.418,0.0,0.515,0.4,0.0,1.0,0.764
0,2024.07.26 11:00:40,USDCADm,ANCHORED_PULLBACK,BUY,2,1.38166,1.38165,1.38197,20.7,0.384,1.38142,1.38166,1.38118,1,0.027,0.38,0.1124,1.38128,1.38165,1.38333,1.37855,1,0.0,0.45,0,1.38142,0.725,0.695,0,0.0,0.0,1.38129,0.0,0.0,0,0,0,0.75,-0.72,-0.0713,0.72,0.782,0,0.79,2,0.016,1.38142,1.38177,0.112,0.461,0.0,2,0.25,0,0.79,0.998,3.0,0.333,0.375,1,1.38118,5,0.6,0.775,0.165,0.216,0.088,0.776,0.928,1.36757,1.36757,1.36782,13586.8718,684.8333,2,1.36789,0.587,1.38035,0.382,0.0,0.0,0,0.012,1,0,19622,0.764,0.565,0.439,17.0,17.0,0.283,60.1,0.0,1,1,0.792,1.28023,1,1,0.425,1.21325,-1,168.849,0.002,0.998,0.0,0.0,0.0,0.99,0.0,0.5,0.0,1.0,0.512,0.5,0.547,0.0,0.305,0.0,0,0,0.293,0.8,0.0,0.809,0.0,0.281,0.54,0.0,0.553,0.4,0.0,1.0,0.714
67594,2024.07.26 17:00:00,USDCADm,TREND_CONTINUATION,BUY,3,1.38228,1.381,1.38363,1.05,0.42,1.38346,1.38481,1.3819,1,0.101,0.484,-1.2649,1.38136,1.38165,1.38397,1.37933,1,0.0,0.7,0,1.38408,0.778,0.653,0,0.0,0.0,1.38228,0.0,0.0,0,0,0,0.65,0.65,0.2227,0.65,0.588,1,0.324,3,0.411,1.382,1.38283,0.101,0.679,-0.1952,1,0.55,5,1.0,0.785,3.0,0.262,0.414,1,1.38346,1,0.7,0.797,0.644,0.195,0.493,0.829,0.618,1.36759,1.36888,1.36769,-58900.0352,-72497.5011,-2,1.36791,0.596,1.37987,0.386,0.0,0.0,0,0.0,1,0,19628,0.764,0.565,0.439,17.0,17.0,0.1595,106.6,0.0,1,1,0.792,1.28023,1,1,0.425,1.21325,-1,95.757,0.001,0.999,0.0,0.0,0.0,0.01,0.0,0.5,0.0,0.743,0.325,0.5,0.441,0.0,0.203,0.0,0,0,0.319,0.547,0.0,0.647,0.0,0.76,0.437,0.0,0.418,0.371,0.0,1.0,0.751
67595,2024.07.26 17:00:20,USDCADm,BREAKOUT_RETEST,BUY,3,1.38231,1.38199,1.38363,4.12,0.439,1.38346,1.38481,1.3819,1,0.101,0.484,-1.2367,1.38136,1.38165,1.38397,1.37933,1,0.0,0.7,0,1.38408,0.778,0.653,0,0.0,0.0,1.38228,0.0,0.0,0,0,0,0.65,0.65,0.2227,0.65,0.588,2,0.624,3,0.411,1.382,1.38283,0.129,0.651,0.0,2,0.25,0,0.624,1.085,3.0,0.362,0.4,1,1.38346,1,0.7,0.741,0.224,0.195,0.088,0.829,0.618,1.36759,1.36888,1.36769,-58900.0352,-72497.5011,-2,1.36791,0.596,1.37987,0.386,0.0,0.0,0,0.0,1,0,19628,0.764,0.565,0.439,17.0,17.0,0.1595,106.6,0.0,1,1,0.792,1.28023,1,1,0.425,1.21325,-1,95.786,0.001,0.999,0.0,0.0,0.0,0.03,0.0,0.5,0.0,0.808,0.34,0.5,0.484,0.0,0.214,0.0,0,0,0.327,0.772,0.0,0.812,0.0,0.939,0.434,0.0,0.46,0.371,0.0,1.0,0.982
67596,2024.07.26 17:00:20,USDCADm,MEAN_REVERSION,BUY,3,1.38231,1.38146,1.38363,1.55,0.611,1.38346,1.38481,1.3819,1,0.101,0.484,-1.2367,1.38136,1.38165,1.38397,1.37933,1,0.0,0.7,0,1.38408,0.778,0.653,0,0.0,0.0,1.38228,0.0,0.0,0,0,0,0.65,0.65,0.2227,0.65,0.588,2,0.624,3,0.411,1.382,1.38283,0.129,0.651,0.0,2,0.25,0,0.624,1.085,3.0,0.362,0.4,1,1.38346,1,0.7,0.741,0.224,0.195,0.088,0.829,0.618,1.36759,1.36888,1.36769,-58900.0352,-72497.5011,-2,1.36791,0.596,1.37987,0.386,0.0,0.0,0,0.0,1,0,19628,0.764,0.565,0.439,17.0,17.0,0.1595,106.6,0.0,1,1,0.792,1.28023,1,1,0.425,1.21325,-1,95.786,0.001,0.999,0.0,0.0,0.0,0.03,0.0,0.5,0.0,0.808,0.34,0.5,0.484,0.0,0.214,0.0,0,0,0.327,0.772,0.0,0.812,0.0,0.939,0.434,0.0,0.46,0.371,0.0,1.0,0.982
67599,2024.07.26 17:03:40,USDCADm,PULLBACK,BUY,3,1.38244,1.38084,1.38414,1.06,0.504,1.38346,1.38481,1.3819,1,0.101,0.484,-1.1147,1.38136,1.38165,1.38397,1.37933,1,0.0,0.7,0,1.38408,0.778,0.653,0,0.0,0.0,1.38228,0.0,0.0,0,0,0,0.65,0.65,0.2227,0.65,0.588,2,0.624,3,0.411,1.382,1.38283,0.251,0.529,0.0,2,0.25,0,0.624,1.085,3.0,0.362,0.4,1,1.3819,5,0.6,0.497,0.224,0.195,0.088,0.829,0.618,1.36759,1.36888,1.36769,-58900.0352,-72497.5011,-2,1.36791,0.596,1.37987,0.386,0.0,0.0,0,0.0,1,0,19628,0.764,0.565,0.439,17.0,17.0,0.1595,106.6,0.0,1,1,0.792,1.28023,1,1,0.425,1.21325,-1,95.908,0.001,0.999,0.0,0.0,0.0,0.47,0.0,0.5,0.0,0.808,0.383,0.5,0.484,0.0,0.214,0.0,0,0,0.301,0.732,0.0,0.812,0.0,0.939,0.434,0.0,0.445,0.382,0.0,1.0,0.987
67602,2024.07.26 19:00:00,USDCADm,TREND_CONTINUATION,BUY,3,1.38388,1.38247,1.38682,2.08,0.471,1.38328,1.38437,1.38291,1,0.244,0.741,0.3683,1.38138,1.38191,1.38442,1.37978,1,0.0,0.5,0,1.38328,0.727,0.693,0,0.0,0.0,1.38318,0.0,0.0,0,0,0,0.75,0.72,0.2301,0.72,0.333,2,0.628,0,0.767,1.3832,1.38284,0.43,0.741,0.0,2,0.25,0,0.628,1.2,3.0,0.4,0.441,1,1.38328,8,0.745,0.139,0.3,0.216,0.241,0.689,0.855,1.36759,1.36888,1.36769,-58900.0352,-72497.5011,-2,1.36791,0.596,1.37987,0.386,0.0,0.0,0,0.0,1,0,19630,0.751,0.566,0.433,17.0,17.0,0.1446,117.6,0.0,1,1,0.792,1.28023,1,1,0.425,1.21325,0,88.159,0.001,0.999,0.0,0.0,0.5,0.38,0.0,0.5,0.0,0.357,0.576,0.5,0.501,0.0,0.35,0.0,0,0,0.336,0.793,0.0,0.454,0.1,0.519,0.57,0.0,0.474,0.382,0.0,1.0,0.987
67603,2024.07.26 19:00:20,USDCADm,BREAKOUT_RETEST,BUY,3,1.38386,1.38348,1.38527,3.67,0.497,1.38328,1.38437,1.38291,1,0.244,0.741,0.3513,1.38138,1.38191,1.38442,1.37978,1,0.0,0.5,0,1.38328,0.727,0.693,0,0.0,0.0,1.38318,0.0,0.0,0,0,0,0.75,0.72,0.2301,0.72,0.333,2,0.628,0,0.767,1.3832,1.38284,0.413,0.724,0.0,2,0.25,0,0.628,1.2,3.0,0.4,0.441,1,1.38328,8,0.745,0.173,0.3,0.216,0.241,0.689,0.855,1.36759,1.36888,1.36769,-58900.0352,-72497.5011,-2,1.36791,0.596,1.37987,0.386,0.0,0.0,0,0.0,1,0,19630,0.751,0.566,0.433,17.0,17.0,0.1446,117.6,0.0,1,1,0.792,1.28023,1,1,0.425,1.21325,0,88.142,0.001,0.999,0.0,0.0,0.5,0.33,0.0,0.5,0.0,0.357,0.568,0.5,0.501,0.0,0.35,0.0,0,0,0.331,0.793,0.0,0.454,0.1,0.519,0.568,0.0,0.474,0.382,0.0,1.0,0.987
67604,2024.07.26 19:01:00,USDCADm,BREAKOUT,BUY,3,1.38392,1.38216,1.38686,1.67,0.335,1.38328,1.38437,1.38291,1,0.244,0.741,0.4023,1.38138,1.38191,1.38442,1.37978,1,0.0,0.5,0,1.38328,0.727,0.693,0,0.0,0.0,1.38318,0.0,0.0,0,0,0,0.75,0.72,0.2301,0.72,0.333,2,0.628,0,0.767,1.3832,1.38284,0.464,0.775,0.0,2,0.25,0,0.628,1.2,3.0,0.4,0.441,1,1.38328,8,0.745,0.071,0.3,0.216,0.241,0.689,0.855,1.36759,1.36888,1.36769,-58900.0352,-72497.5011,-2,1.36791,0.596,1.37987,0.386,0.0,0.0,0,0.0,1,0,19630,0.751,0.566,0.433,17.0,17.0,0.1446,117.6,0.0,1,1,0.792,1.28023,1,1,0.425,1.21325,0,88.193,0.001,0.999,0.0,0.0,0.5,0.52,0.0,0.5,0.0,0.357,0.557,0.5,0.501,0.0,0.35,0.0,0,0,0.324,0.713,0.0,0.454,0.1,0.472,0.575,0.0,0.47,0.382,0.0,1.0,0.987
67605,2024.07.26 19:04:40,USDCADm,PULLBACK,BUY,3,1.384,1.38348,1.38459,1.13,0.551,1.38328,1.38437,1.38291,1,0.244,0.741,0.4704,1.38138,1.38191,1.38442,1.37978,1,0.0,0.5,0,1.38328,0.727,0.693,0,0.0,0.0,1.38318,0.0,0.0,0,0,0,0.75,0.72,0.2301,0.72,0.26,2,0.628,0,0.767,1.3832,1.38474,0.532,0.771,0.0,2,0.25,0,0.628,1.233,3.0,0.411,0.445,1,1.38328,8,0.745,0.0,0.322,0.216,0.241,0.689,0.855,1.36759,1.36888,1.36769,-58900.0352,-72497.5011,-2,1.36791,0.596,1.37987,0.386,0.0,0.0,0,0.0,1,0,19630,0.751,0.566,0.433,17.0,17.0,0.1446,117.6,0.0,1,1,0.792,1.28023,1,1,0.425,1.21325,0,88.261,0.001,0.999,0.0,0.0,0.5,0.81,0.0,0.5,0.0,0.357,0.624,0.5,0.501,0.0,0.35,0.0,0,0,0.365,0.603,0.0,0.454,0.1,0.472,0.586,0.0,0.47,0.382,0.0,1.0,0.987
67610,2024.07.26 19:08:40,USDCADm,ANCHORED_PULLBACK,BUY,3,1.38367,1.38283,1.38437,0.84,0.434,1.38328,1.38437,1.38291,1,0.244,0.741,0.1897,1.38138,1.38191,1.38442,1.37978,1,0.0,0.5,0,1.38328,0.727,0.693,0,0.0,0.0,1.38318,0.0,0.0,0,0,0,0.75,0.72,0.2301,0.72,0.327,2,0.628,0,0.767,1.3832,1.38284,0.252,0.562,0.0,2,0.25,0,0.628,1.203,3.0,0.401,0.442,1,1.38291,5,0.6,0.496,0.302,0.216,0.241,0.689,0.855,1.36759,1.36888,1.36769,-58900.0352,-72497.5011,-2,1.36791,0.596,1.37987,0.386,0.0,0.0,0,0.0,1,0,19630,0.751,0.566,0.433,17.0,17.0,0.1446,117.6,0.0,1,1,0.792,1.28023,1,1,0.425,1.21325,0,87.981,0.001,0.999,0.0,0.0,0.5,0.0,0.0,0.5,0.0,0.648,0.503,0.5,0.525,0.0,0.398,0.0,0,0,0.318,0.792,0.0,0.454,0.14,0.522,0.544,0.0,0.47,0.382,0.0,1.0,0.987
67612,2024.07.26 19:13:40,USDCADm,MEAN_REVERSION,BUY,3,1.38333,1.38296,1.38454,3.32,0.61,1.38328,1.38437,1.38291,1,0.244,0.741,-0.0995,1.38138,1.38191,1.38442,1.37978,1,0.0,0.5,0,1.38328,0.727,0.693,0,0.0,0.0,1.38318,0.0,0.0,0,0,0,0.75,0.72,0.2301,0.72,0.895,2,0.628,0,0.767,1.3832,1.38284,0.037,0.273,0.0,2,0.25,0,0.628,0.947,3.0,0.316,0.412,1,1.38437,4,0.6,0.925,0.132,0.216,0.241,0.689,0.855,1.36759,1.36888,1.36769,-58900.0352,-72497.5011,-2,1.36791,0.596,1.37987,0.386,0.0,0.0,0,0.0,1,0,19630,0.751,0.566,0.433,17.0,17.0,0.1446,117.6,0.0,1,1,0.792,1.28023,1,1,0.425,1.21325,0,87.691,0.001,0.999,0.0,0.0,0.5,0.0,0.0,0.5,0.0,0.73,0.432,0.5,0.512,0.0,0.434,0.0,0,0,0.368,0.8,0.0,0.736,0.14,0.522,0.46,0.0,0.445,0.382,0.0,1.0,0.952
0,2024.07.28 21:23:30,USDCADm,BREAKOUT_RETEST,BUY,3,1.38382,1.38344,1.38448,1.74,0.615,1.38326,1.38362,1.38291,1,0.509,0.219,-0.2391,1.38138,1.38145,1.3841,1.37985,1,0.0,0.35,0,1.38326,0.75,0.9,0,0.0,0.0,0.0,0.0,0.0,0,0,0,1.0,0.965,0.1679,0.965,0.366,0,0.76,2,0.169,1.38331,1.38275,0.28,0.165,0.0,2,0.15,0,0.76,1.185,3.0,0.395,0.427,1,1.38362,4,0.6,0.441,0.25,0.29,0.053,0.802,0.894,1.36759,1.36888,1.36769,-67202.8112,-6331.5853,-2,1.36791,0.602,1.37987,0.389,0.0,0.0,0,0.036,1,0,19632,0.751,0.566,0.433,86.0,106.2,0.6849,125.6,0.0,1,1,0.792,1.28023,1,1,0.425,1.21325,0,82.495,0.001,0.999,0.0,0.0,0.5,0.94,0.0,0.5,0.0,0.674,0.842,0.5,0.515,0.0,0.189,0.0,0,0,0.435,0.608,0.0,0.748,0.162,0.115,0.484,0.0,0.417,0.382,0.0,1.0,0.832
67614,2024.07.28 21:48:40,USDCADm,TREND_CONTINUATION,BUY,3,1.38386,1.38235,1.387,2.08,0.569,1.38326,1.38362,1.38291,1,0.509,0.219,-0.0082,1.38138,1.38145,1.3841,1.37985,1,0.0,0.35,0,1.38326,0.75,0.9,0,0.0,0.0,0.0,0.0,0.0,0,0,0,1.0,0.965,0.1679,0.965,1.0,0,0.76,2,0.169,1.38331,1.38275,0.049,0.396,0.0,2,0.15,0,0.76,0.9,3.0,0.3,0.394,1,0.0,0,0.0,0.903,0.06,0.29,0.053,0.802,0.894,1.36759,1.36888,1.36769,-67202.8112,-6331.5853,-2,1.36791,0.602,1.37987,0.389,0.0,0.0,0,0.036,1,0,19632,0.751,0.566,0.433,61.0,72.6,0.4858,125.6,0.0,1,1,0.792,1.28023,1,1,0.425,1.21325,0,82.527,0.001,0.999,0.0,0.0,0.5,0.99,0.0,0.5,0.0,0.487,0.581,0.5,0.509,0.0,0.196,0.0,0,0,0.28,0.729,0.0,0.634,0.138,0.2,0.528,0.0,0.457,0.382,0.0,1.0,0.798
67616,2024.07.28 23:21:40,USDCADm,MEAN_REVERSION,BUY,1,1.38281,1.3818,1.38362,0.8,0.641,1.38288,1.38342,1.38262,1,0.033,0.365,-0.1866,1.38138,1.38145,1.3841,1.38021,1,0.0,0.55,0,1.38345,0.691,0.61,0,0.0,0.0,0.0,0.0,0.0,0,0,0,0.8,0.825,0.0525,0.825,0.699,0,0.692,0,0.632,1.38288,1.38255,0.187,0.07,0.0,2,0.25,0,0.692,1.035,3.0,0.345,0.46,1,1.38345,8,0.738,0.627,0.19,0.247,0.214,1.0,0.771,1.36759,1.36888,1.36769,-67202.8112,-6331.5853,-2,1.36791,0.602,1.37987,0.389,0.0,0.0,0,0.036,1,0,19634,0.751,0.566,0.433,17.0,17.0,0.1344,126.5,0.0,1,1,0.792,1.28023,1,1,0.425,1.21325,-1,81.091,0.001,0.999,0.0,0.0,0.0,0.0,0.0,0.5,0.0,0.781,0.296,0.5,0.53,0.0,0.373,0.0,0,0,0.43,0.769,0.0,0.933,0.123,0.213,0.505,0.0,0.453,0.382,0.0,1.0,0.952
67618,2024.07.28 23:31:40,USDCADm,BREAKOUT_RETEST,BUY,1,1.38285,1.38247,1.38362,2.03,0.532,1.38288,1.38342,1.38262,1,0.033,0.365,-0.1549,1.38138,1.38145,1.3841,1.38021,1,0.0,0.55,0,1.38345,0.691,0.61,0,0.0,0.0,0.0,0.0,0.0,0,0,0,0.8,0.825,0.0525,0.825,0.699,0,0.692,0,0.632,1.38288,1.38255,0.155,0.101,0.0,2,0.25,0,0.692,1.035,3.0,0.345,0.46,1,1.38345,8,0.738,0.69,0.19,0.247,0.214,1.0,0.771,1.36759,1.36888,1.36769,-67202.8112,-6331.5853,-2,1.36791,0.602,1.37987,0.389,0.0,0.0,0,0.036,1,0,19634,0.751,0.566,0.433,17.0,17.0,0.1344,126.5,0.0,1,1,0.792,1.28023,1,1,0.425,1.21325,-1,81.123,0.001,0.999,0.0,0.0,0.0,0.57,0.0,0.5,0.0,0.785,0.397,0.5,0.528,0.0,0.379,0.0,0,0,0.372,0.769,0.0,0.933,0.123,0.223,0.489,0.0,0.453,0.382,0.0,1.0,0.952
67620,2024.07.29 00:53:40,USDCADm,SWEEP_REVERSAL,BUY,1,1.38174,1.38047,1.38285,0.88,0.163,1.38268,1.38308,1.38265,0,0.001,0.391,-0.8752,1.38138,1.38145,1.3841,1.38021,1,0.0,0.35,0,1.38268,0.657,0.614,0,0.0,0.0,0.0,0.0,0.0,0,0,0,0.135,-0.1954,-0.0107,0.195,0.065,0,0.718,0,0.601,1.38268,1.38243,0.875,0.679,0.0,2,0.0,0,0.718,1.321,3.0,0.44,0.534,2,1.38268,8,0.731,0.0,0.281,0.059,0.12,1.0,0.938,1.36759,1.36888,1.36788,-56510.4167,10692.3946,-1,1.36791,0.603,1.37987,0.389,0.0,0.0,0,0.008,1,0,19635,0.751,0.566,0.433,17.0,17.0,0.1342,126.7,0.0,1,1,0.792,1.28023,1,1,0.425,1.21325,-1,80.109,0.097,0.903,0.0,1.0,0.0,0.0,0.0,0.5,0.0,0.512,0.173,0.5,0.529,0.0,0.449,0.0,0,0,0.534,0.833,0.0,0.902,0.164,0.15,0.305,0.0,0.462,0.382,0.0,1.0,0.876
67622,2024.07.29 01:32:40,USDCADm,MEAN_REVERSION,BUY,1,1.38191,1.38084,1.38283,0.86,0.687,1.38266,1.38312,1.3824,0,0.62,0.077,-0.6874,1.38138,1.38145,1.3841,1.38021,1,0.0,0.35,0,1.38266,0.602,0.385,0,0.0,0.0,1.38241,0.0,0.0,0,0,0,0.75,-0.545,-0.0918,0.545,0.153,0,0.774,2,0.239,1.38276,1.38193,0.765,0.144,0.0,2,0.4,0,0.774,1.281,3.0,0.427,0.42,1,1.38266,8,0.72,0.0,0.414,0.164,0.14,0.858,0.962,1.36759,1.36888,1.36788,-56510.4167,10692.3946,-1,1.36791,0.603,1.37987,0.389,0.0,0.0,0,0.008,1,0,19636,0.751,0.566,0.433,17.0,17.0,0.1275,133.4,0.0,1,1,0.792,1.28023,1,1,0.425,1.21325,-1,76.246,0.097,0.903,0.0,1.0,0.0,0.0,0.0,0.5,0.0,0.374,0.384,0.5,0.587,0.0,0.758,0.0,0,0,0.549,0.464,0.0,0.927,0.265,0.152,0.376,0.0,0.485,0.382,0.0,1.0,0.767
67624,2024.07.29 05:00:00,USDCADm,ANCHORED_PULLBACK,BUY,1,1.38269,1.38238,1.38326,1.82,0.472,1.38195,1.38211,1.38184,0,0.491,0.022,0.5848,1.38179,1.38145,1.3841,1.38057,1,0.0,0.3,0,1.38195,0.73,0.486,0,0.0,0.0,1.38228,0.0,0.0,0,0,0,1.0,-0.86,-0.1754,0.86,0.054,0,0.742,1,0.426,1.38197,1.38252,0.561,0.001,-0.194,1,0.15,1,1.0,0.876,3.0,0.292,0.474,1,1.38195,8,0.746,0.0,0.644,0.258,0.053,0.725,0.957,1.36759,1.36888,1.36777,-61456.6929,-4946.2762,-2,1.36791,0.605,1.37987,0.39,0.0,0.0,0,0.049,1,0,19640,0.761,0.573,0.433,17.0,17.0,0.1745,97.4,0.0,1,1,0.792,1.28023,1,1,0.425,1.21325,0,105.164,0.002,0.998,0.0,0.0,0.5,0.74,0.0,0.5,0.0,0.54,0.621,0.5,0.433,0.0,0.234,0.0,0,0,0.296,0.488,0.0,0.748,0.1,0.072,0.695,0.0,0.436,0.382,0.0,1.0,0.704
67626,2024.07.29 06:00:00,USDCADm,PULLBACK,BUY,1,1.38268,1.38212,1.38392,2.22,0.695,1.38195,1.38234,1.38184,0,0.523,0.086,0.6244,1.38179,1.38145,1.38375,1.38057,1,0.0,0.55,0,1.38195,0.669,0.0,1,0.0,0.0,0.0,0.0,0.0,0,0,0,1.0,-0.72,-0.1563,0.72,0.253,0,0.673,1,0.041,1.38197,1.38259,0.599,0.086,0.2538,0,0.4,2,1.0,1.686,3.0,0.562,0.48,1,1.38195,8,0.734,0.0,0.384,0.916,0.14,0.708,0.976,1.36759,1.36888,1.36777,-61456.6929,-4946.2762,-2,1.36791,0.605,1.37987,0.39,0.0,0.0,0,0.049,1,0,19641,0.761,0.573,0.433,17.0,17.0,0.1896,89.6,0.0,1,1,0.792,1.28023,1,1,0.425,1.21325,0,114.287,0.002,0.998,0.0,0.0,0.5,0.86,0.0,0.5,0.0,0.273,0.573,0.5,0.505,0.0,0.474,0.0,0,0,0.385,0.455,0.0,0.968,0.1,0.476,0.61,0.0,0.424,0.382,0.0,1.0,0.839
67627,2024.07.29 06:12:40,USDCADm,BREAKOUT_RETEST,BUY,1,1.38233,1.38206,1.38276,1.59,0.577,1.38195,1.38234,1.38184,1,0.523,0.086,0.234,1.38179,1.38145,1.38375,1.38057,1,0.0,0.55,0,1.38195,0.669,0.0,1,0.0,0.0,0.0,0.0,0.0,0,0,0,1.0,-0.72,-0.1563,0.72,0.079,0,0.673,1,0.041,1.38197,1.38218,0.209,0.02,0.0,2,0.4,4,0.602,1.614,3.0,0.538,0.373,1,1.38184,5,0.6,0.583,0.436,0.216,0.14,0.708,0.905,1.36759,1.36888,1.36777,-61456.6929,-4946.2762,-2,1.36791,0.605,1.37987,0.39,0.0,0.0,0,0.049,1,0,19641,0.761,0.573,0.433,17.0,17.0,0.1896,89.6,0.0,1,1,0.792,1.28023,1,1,0.425,1.21325,0,113.896,0.002,0.998,0.0,0.0,0.5,0.0,0.0,0.5,0.0,0.329,0.424,0.5,0.766,0.0,0.395,0.0,0,0,0.433,0.478,0.0,0.918,0.1,0.214,0.526,0.0,0.453,0.382,0.0,1.0,0.662
67630,2024.07.29 08:00:40,USDCADm,PULLBACK,BUY,2,1.38408,1.38353,1.38655,4.48,0.246,1.38235,1.38329,1.3818,0,0.302,0.664,1.8992,1.382,1.38181,1.38375,1.38057,0,0.0,0.75,0,1.38344,0.704,0.137,0,0.0,0.0,1.38341,0.0,0.0,0,0,0,0.259,0.4075,0.0153,0.408,0.066,0,0.701,3,0.889,1.38344,1.38294,0.569,1.174,0.0,2,0.0,0,0.701,1.32,3.0,0.44,0.528,2,1.38344,8,0.741,0.0,0.28,0.122,0.0,0.704,0.976,1.36759,1.36888,1.36777,-62540.0641,-1083.3712,-2,1.36791,0.606,1.37987,0.39,0.0,0.0,0,0.0,1,0,19643,0.761,0.573,0.433,17.0,17.0,0.2066,82.3,0.0,1,1,0.792,1.28023,1,1,0.425,1.21325,0,126.207,0.002,0.998,0.0,0.0,0.5,0.99,0.0,0.5,0.0,0.657,0.683,0.5,0.556,0.0,0.52,0.0,0,0,0.484,0.58,0.0,0.893,0.1,0.907,0.879,0.0,0.507,0.382,0.0,1.0,1.07
67632,2024.07.29 08:13:40,USDCADm,TREND_CONTINUATION,BUY,2,1.38396,1.38297,1.38602,2.08,0.292,1.38235,1.38329,1.3818,0,0.302,0.664,1.7533,1.382,1.38181,1.38375,1.38057,0,0.0,0.75,0,1.38344,0.704,0.137,0,0.0,0.0,1.38341,0.0,0.0,0,0,0,0.259,0.4075,0.0153,0.408,0.066,0,0.701,3,0.889,1.38344,1.38294,0.423,1.028,0.0,2,0.0,0,0.701,1.32,3.0,0.44,0.528,2,1.38344,8,0.741,0.154,0.28,0.122,0.0,0.704,0.976,1.36759,1.36888,1.36777,-62540.0641,-1083.3712,-2,1.36791,0.606,1.37987,0.39,0.0,0.0,0,0.0,1,0,19643,0.761,0.573,0.433,17.0,17.0,0.2066,82.3,0.0,1,1,0.792,1.28023,1,1,0.425,1.21325,0,126.061,0.002,0.998,0.0,0.0,0.5,0.32,0.0,0.5,0.0,0.506,0.618,0.5,0.536,0.0,0.571,0.0,0,0,0.459,0.581,0.156,0.893,0.1,0.957,0.879,0.0,0.507,0.382,0.0,1.0,1.07
67634,2024.07.29 09:45:40,USDCADm,BREAKOUT_RETEST,BUY,2,1.38333,1.38248,1.3849,1.84,0.505,1.38239,1.3838,1.38196,1,0.389,1.306,0.9559,1.382,1.38181,1.38375,1.38057,1,0.0,0.75,2,1.38337,0.687,0.355,0,0.0,0.0,0.0,0.0,0.0,0,0,1,0.75,0.72,0.1095,0.72,0.024,2,0.532,3,0.79,1.38337,1.38294,0.266,0.268,0.0,2,0.0,0,0.532,1.339,3.0,0.446,0.466,1,1.38239,1,0.7,0.467,0.293,0.216,0.0,0.623,0.974,1.36759,1.36888,1.36777,-62540.0641,-1083.3712,-2,1.36791,0.606,1.37987,0.39,0.0,0.0,0,0.0,1,0,19644,0.761,0.573,0.433,17.0,17.0,0.2112,80.5,0.0,1,1,0.792,1.28023,1,1,0.425,1.21325,0,128.075,0.002,0.998,0.0,0.0,0.5,0.0,0.0,0.5,0.0,0.687,0.179,0.5,0.494,0.0,0.285,0.0,0,0,0.455,0.584,0.255,0.704,0.1,0.607,0.539,0.0,0.483,0.382,0.0,1.0,0.987
67636,2024.07.29 09:51:40,USDCADm,BREAKOUT,BUY,2,1.38334,1.38248,1.38535,2.34,0.341,1.38239,1.3838,1.38196,1,0.389,1.306,0.9683,1.382,1.38181,1.38375,1.38057,1,0.0,0.75,2,1.38337,0.687,0.355,0,0.0,0.0,0.0,0.0,0.0,0,0,1,0.75,0.72,0.1095,0.72,0.024,2,0.532,3,0.79,1.38337,1.38294,0.254,0.281,0.0,2,0.0,0,0.532,1.339,3.0,0.446,0.466,1,1.38239,1,0.7,0.492,0.293,0.216,0.0,0.623,0.974,1.36759,1.36888,1.36777,-62540.0641,-1083.3712,-2,1.36791,0.606,1.37987,0.39,0.0,0.0,0,0.0,1,0,19644,0.761,0.573,0.433,17.0,17.0,0.2112,80.5,0.0,1,1,0.792,1.28023,1,1,0.425,1.21325,0,128.087,0.002,0.998,0.0,0.0,0.5,0.12,0.0,0.5,0.0,0.613,0.258,0.5,0.542,0.0,0.259,0.0,0,0,0.412,0.584,0.0,0.704,0.1,0.668,0.54,0.0,0.483,0.382,0.0,1.0,0.987
67638,2024.07.29 10:02:20,USDCADm,PULLBACK,BUY,2,1.38337,1.38303,1.38392,1.62,0.504,1.38387,1.3843,1.38294,1,0.471,0.03,-0.7955,1.382,1.38181,1.38375,1.38057,1,0.0,0.55,0,1.38337,0.782,0.419,0,0.0,0.0,1.38383,0.0,0.0,0,0,0,0.55,0.755,0.2156,0.755,0.268,2,0.624,3,0.71,1.38337,1.38282,0.208,0.452,0.0,2,0.15,0,0.624,1.229,3.0,0.41,0.485,1,1.38294,5,0.6,0.583,0.28,0.226,0.053,0.953,0.875,1.36759,1.36888,1.36777,-62540.0641,-1083.3712,-2,1.36791,0.606,1.37987,0.39,0.0,0.0,0,0.0,1,0,19645,0.761,0.573,0.433,17.0,17.0,0.2029,83.8,0.0,1,1,0.792,1.28023,1,1,0.425,1.21325,0,123.1,0.002,0.998,0.0,0.0,0.5,0.97,0.0,0.5,0.0,0.826,0.342,0.5,0.514,0.0,0.27,0.0,0,0,0.357,0.534,0.0,0.928,0.157,0.66,0.492,0.0,0.467,0.382,0.0,1.0,0.849
67640,2024.07.29 10:10:40,USDCADm,MEAN_REVERSION,BUY,2,1.38334,1.38303,1.38404,2.25,0.628,1.38387,1.3843,1.38294,1,0.471,0.03,-0.8313,1.382,1.38181,1.38375,1.38057,1,0.0,0.55,0,1.38337,0.782,0.419,0,0.0,0.0,1.38383,0.0,0.0,0,0,0,0.55,0.755,0.2156,0.755,0.178,2,0.624,3,0.71,1.38337,1.38282,0.244,0.417,0.0,2,0.15,0,0.624,1.27,3.0,0.423,0.489,1,1.38387,1,0.7,0.512,0.307,0.226,0.053,0.953,0.875,1.36759,1.36888,1.36777,-62540.0641,-1083.3712,-2,1.36791,0.606,1.37987,0.39,0.0,0.0,0,0.0,1,0,19645,0.761,0.573,0.433,17.0,17.0,0.2029,83.8,0.0,1,1,0.792,1.28023,1,1,0.425,1.21325,0,123.064,0.002,0.998,0.0,0.0,0.5,0.93,0.0,0.5,0.0,0.916,0.469,0.5,0.539,0.0,0.252,0.0,0,0,0.281,0.517,0.0,0.928,0.157,0.66,0.49,0.0,0.467,0.382,0.0,1.0,0.849
67642,2024.07.29 10:13:40,USDCADm,TREND_CONTINUATION,BUY,2,1.38345,1.38244,1.38554,2.08,0.417,1.38387,1.3843,1.38294,1,0.471,0.03,-0.7,1.382,1.38181,1.38375,1.38057,1,0.0,0.55,0,1.38337,0.782,0.419,0,0.0,0.0,1.38383,0.0,0.0,0,0,0,0.55,0.755,0.2156,0.755,0.268,2,0.624,3,0.71,1.38337,1.38282,0.113,0.548,0.0,2,0.15,0,0.624,1.229,3.0,0.41,0.485,1,1.38294,5,0.6,0.774,0.28,0.226,0.053,0.953,0.875,1.36759,1.36888,1.36777,-62540.0641,-1083.3712,-2,1.36791,0.606,1.37987,0.39,0.0,0.0,0,0.0,1,0,19645,0.761,0.573,0.433,17.0,17.0,0.2029,83.8,0.0,1,1,0.792,1.28023,1,1,0.425,1.21325,0,123.195,0.002,0.998,0.0,0.0,0.5,0.99,0.0,0.5,0.0,0.797,0.61,0.5,0.539,0.0,0.268,0.0,0,0,0.335,0.534,0.0,0.928,0.157,0.66,0.499,0.0,0.467,0.382,0.0,1.0,0.849
67644,2024.07.29 11:51:40,USDCADm,BREAKOUT,BUY,2,1.38441,1.38351,1.38647,2.3,0.397,1.38343,1.384,1.38306,0,0.028,0.788,0.9852,1.382,1.38181,1.38375,1.38057,0,0.0,0.45,0,1.38343,0.712,0.144,0,0.0,0.0,0.0,0.0,0.0,0,0,0,0.6,0.615,0.2699,0.615,0.13,0,0.726,0,0.505,1.3839,1.38437,0.415,0.155,0.0,2,0.25,0,0.726,1.292,3.0,0.431,0.469,1,1.3839,2,0.55,0.17,0.361,0.185,0.188,0.885,0.943,1.36759,1.36888,1.36777,-62540.0641,-1083.3712,-2,1.36791,0.606,1.37987,0.39,0.0,0.0,0,0.0,1,0,19646,0.761,0.573,0.433,17.0,17.0,0.2061,82.5,0.0,1,1,0.792,1.28023,1,1,0.425,1.21325,1,126.279,0.002,0.998,0.0,0.0,1.0,0.14,0.0,0.5,0.0,0.913,0.605,0.5,0.555,0.0,0.494,0.0,0,0,0.427,0.591,0.0,0.738,0.067,0.657,0.874,0.0,0.501,0.382,0.0,1.0,1.135
67646,2024.07.29 12:00:00,USDCADm,BREAKOUT_RETEST,BUY,2,1.38464,1.38418,1.38533,1.48,0.837,1.38392,1.38458,1.38343,1,0.44,0.027,0.646,1.382,1.38181,1.38375,1.38057,0,0.0,0.65,0,1.38383,0.794,0.76,0,0.0,0.0,1.38426,0.0,0.0,0,0,1,0.975,0.825,0.2401,0.825,0.118,2,0.385,0,0.313,1.38396,1.38449,0.594,0.025,0.245,0,0.45,2,1.0,1.747,3.0,0.582,0.544,2,1.38392,1,0.7,0.0,0.445,0.947,0.22,0.946,0.898,1.36759,1.36888,1.36777,-64530.7979,-1990.7337,-2,1.36791,0.61,1.37987,0.392,0.0,0.0,0,0.0,1,0,19647,0.761,0.573,0.433,17.0,17.0,0.1983,85.7,0.0,1,1,0.792,1.28023,1,1,0.425,1.21325,0,121.812,0.002,0.998,0.0,0.0,0.5,0.82,0.0,0.5,0.0,1.0,0.582,0.5,0.473,0.0,0.584,0.0,0,0,0.424,0.37,0.0,0.661,0.178,0.986,0.65,0.0,0.437,0.382,0.0,1.0,1.042
67648,2024.07.29 12:02:20,USDCADm,PULLBACK,BUY,2,1.38464,1.38335,1.38721,2.0,0.631,1.38392,1.38458,1.38343,1,0.44,0.027,0.646,1.382,1.38181,1.38375,1.38057,0,0.0,0.65,0,1.38383,0.794,0.76,0,0.0,0.0,1.38426,0.0,0.0,0,0,1,0.975,0.825,0.2401,0.825,0.118,0,0.685,0,0.313,1.38396,1.38449,0.594,0.025,0.0,2,0.15,0,0.685,1.297,3.0,0.432,0.457,1,1.38392,1,0.7,0.0,0.325,0.247,0.115,0.946,0.898,1.36759,1.36888,1.36777,-64530.7979,-1990.7337,-2,1.36791,0.61,1.37987,0.392,0.0,0.0,0,0.0,1,0,19647,0.761,0.573,0.433,17.0,17.0,0.1983,85.7,0.0,1,1,0.792,1.28023,1,1,0.425,1.21325,0,121.812,0.002,0.998,0.0,0.0,0.5,0.75,0.0,0.5,0.0,1.0,0.556,0.5,0.549,0.0,0.57,0.0,0,0,0.426,0.421,0.0,0.477,0.2,0.677,0.752,0.0,0.502,0.382,0.0,1.0,0.999
67650,2024.07.29 12:13:40,USDCADm,TREND_CONTINUATION,BUY,2,1.38442,1.38339,1.38656,2.08,0.559,1.38392,1.38458,1.38343,1,0.44,0.027,0.3894,1.382,1.38181,1.38375,1.38057,0,0.0,0.65,0,1.38383,0.794,0.76,0,0.0,0.0,1.38426,0.0,0.0,0,0,1,0.975,0.825,0.2401,0.825,0.518,0,0.685,0,0.313,1.38396,1.38449,0.338,0.282,0.0,2,0.15,0,0.685,1.117,3.0,0.372,0.436,1,1.38392,1,0.7,0.324,0.204,0.247,0.115,0.946,0.898,1.36759,1.36888,1.36777,-64530.7979,-1990.7337,-2,1.36791,0.61,1.37987,0.392,0.0,0.0,0,0.0,1,0,19647,0.761,0.573,0.433,17.0,17.0,0.1983,85.7,0.0,1,1,0.792,1.28023,1,1,0.425,1.21325,0,121.555,0.002,0.998,0.0,0.0,0.5,0.0,0.0,0.5,0.0,0.448,0.476,0.5,0.445,0.0,0.539,0.0,0,0,0.364,0.589,0.0,0.668,0.2,0.479,0.434,0.0,0.502,0.382,0.0,1.0,0.954
67652,2024.07.29 13:51:40,USDCADm,BREAKOUT,BUY,4,1.3848,1.38411,1.38701,3.21,0.437,1.38403,1.38457,1.3834,0,0.024,0.638,0.6799,1.38357,1.38181,1.38375,1.38092,0,0.0,0.6,0,1.38403,0.613,0.23,0,0.0,0.0,1.38402,0.0,0.0,0,0,1,0.7,0.86,0.2537,0.86,0.071,0,0.697,0,0.531,1.38398,1.38466,0.735,0.037,0.0,2,0.0,0,0.697,1.318,3.0,0.439,0.508,2,1.38403,8,0.723,0.0,0.279,0.258,0.106,0.911,0.924,1.36759,1.36888,1.36777,-64530.7979,-1990.7337,-2,1.36791,0.61,1.37987,0.392,0.0,0.0,0,0.0,1,0,19648,0.761,0.573,0.433,17.0,17.0,0.1922,88.4,0.0,1,1,0.792,1.28023,1,1,0.425,1.21325,0,118.254,0.002,0.998,0.0,0.0,0.5,0.82,0.0,0.5,0.0,0.345,0.628,0.5,0.555,0.0,0.524,0.0,0,0,0.453,0.577,0.0,0.475,0.1,0.627,0.86,0.0,0.503,0.382,0.0,1.0,1.135
67654,2024.07.29 15:00:00,USDCADm,PULLBACK,BUY,4,1.38535,1.38458,1.38825,3.78,0.734,1.38405,1.38489,1.38352,0,0.693,0.093,1.1651,1.38363,1.38165,1.38393,1.38103,0,0.0,0.45,0,1.38405,0.673,0.066,0,0.0,0.0,1.38612,0.0,0.0,0,0,1,1.0,0.93,0.3058,0.93,0.195,2,0.635,1,0.241,1.38428,1.38497,0.929,0.221,0.4843,0,0.15,2,1.0,1.712,3.0,0.571,0.561,2,1.38405,8,0.735,0.0,0.301,0.979,0.053,0.832,0.908,1.36759,1.36888,1.36777,-64530.7979,-1990.7337,-2,1.36791,0.61,1.37987,0.392,0.0,0.0,0,0.0,1,0,19650,0.764,0.568,0.434,17.0,17.0,0.1759,96.6,0.0,1,1,0.792,1.28023,1,1,0.425,1.21325,0,108.772,0.002,0.998,0.0,0.0,0.5,0.06,0.0,0.5,0.0,0.377,0.408,0.5,0.397,0.0,0.906,0.0,0,0,0.537,0.311,0.0,0.517,0.203,1.0,0.695,0.0,0.446,0.382,0.0,1.0,1.07
67655,2024.07.29 15:00:20,USDCADm,TREND_CONTINUATION,BUY,4,1.38535,1.38419,1.38777,2.08,0.573,1.38405,1.38489,1.38352,0,0.693,0.093,1.1651,1.38363,1.38165,1.38393,1.38103,0,0.0,0.45,0,1.38405,0.673,0.066,0,0.0,0.0,1.38612,0.0,0.0,0,0,1,1.0,0.93,0.3058,0.93,0.195,2,0.64,1,0.241,1.38428,1.38497,0.929,0.221,0.0,2,0.15,0,0.64,1.262,3.0,0.421,0.419,1,1.38405,8,0.735,0.0,0.301,0.279,0.053,0.832,0.908,1.36759,1.36888,1.36777,-64530.7979,-1990.7337,-2,1.36791,0.61,1.37987,0.392,0.0,0.0,0,0.0,1,0,19650,0.764,0.568,0.434,17.0,17.0,0.1759,96.6,0.0,1,1,0.792,1.28023,1,1,0.425,1.21325,0,108.772,0.002,0.998,0.0,0.0,0.5,0.06,0.0,0.5,0.0,0.448,0.41,0.5,0.452,0.0,0.835,0.0,0,0,0.523,0.324,0.0,0.38,0.193,0.826,0.852,0.0,0.494,0.382,0.0,1.0,0.972
67656,2024.07.29 15:01:40,USDCADm,ANCHORED_PULLBACK,BUY,4,1.3857,1.38516,1.38718,2.72,0.277,1.38405,1.38489,1.38352,0,0.693,0.093,1.5273,1.38363,1.38165,1.38393,1.38103,0,0.0,0.45,0,1.38405,0.673,0.066,0,0.0,0.0,1.38612,0.0,0.0,0,0,1,1.0,0.93,0.3058,0.93,0.117,2,0.64,1,0.241,1.38428,1.38542,1.291,0.112,0.0,2,0.15,0,0.64,1.297,3.0,0.432,0.423,1,1.38405,8,0.735,0.0,0.325,0.279,0.053,0.832,0.897,1.36759,1.36888,1.36777,-64530.7979,-1990.7337,-2,1.36791,0.61,1.37987,0.392,0.0,0.0,0,0.0,1,0,19650,0.764,0.568,0.434,17.0,17.0,0.1759,96.6,0.0,1,1,0.792,1.28023,1,1,0.425,1.21325,0,109.134,0.002,0.998,0.0,0.0,0.5,0.24,0.0,0.5,0.0,0.448,0.488,0.5,0.452,0.0,0.835,0.0,0,0,0.477,0.306,0.0,0.238,0.193,0.826,0.861,0.0,0.504,0.382,0.0,1.0,0.972
67660,2024.07.29 15:51:40,USDCADm,BREAKOUT,BUY,4,1.38566,1.38458,1.38808,2.24,0.506,1.38405,1.38489,1.38352,0,0.693,0.093,1.4859,1.38363,1.38165,1.38393,1.38103,0,0.0,0.45,0,1.38405,0.673,0.066,0,0.0,0.0,1.38612,0.0,0.0,0,0,1,1.0,0.93,0.3058,0.93,0.076,2,0.64,1,0.241,1.38428,1.38542,1.25,0.07,0.0,2,0.15,0,0.64,1.316,3.0,0.439,0.425,1,1.38405,8,0.735,0.0,0.337,0.279,0.053,0.832,0.897,1.36759,1.36888,1.36777,-64530.7979,-1990.7337,-2,1.36791,0.61,1.37987,0.392,0.0,0.0,0,0.0,1,0,19650,0.764,0.568,0.434,17.0,17.0,0.1759,96.6,0.0,1,1,0.792,1.28023,1,1,0.425,1.21325,0,109.092,0.002,0.998,0.0,0.0,0.5,0.15,0.0,0.5,0.0,0.722,0.442,0.5,0.444,0.0,0.411,0.0,0,0,0.332,0.297,0.0,0.238,0.193,0.826,0.861,0.0,0.504,0.382,0.0,1.0,0.972
67662,2024.07.29 16:00:00,USDCADm,BREAKOUT_RETEST,BUY,4,1.38555,1.38525,1.38658,3.43,0.832,1.38546,1.38641,1.38422,1,0.065,0.357,-0.0809,1.38363,1.38165,1.38393,1.38103,0,0.0,0.75,0,1.38546,0.773,0.515,0,0.0,0.0,1.38596,0.0,0.0,0,0,1,1.0,0.79,0.3063,0.79,0.902,1,0.326,3,0.42,1.38539,1.38575,0.008,0.373,0.8214,0,0.55,2,1.0,1.394,3.0,0.465,0.504,2,1.38641,4,0.6,0.984,0.249,0.937,0.193,0.971,0.6,1.36813,1.3633,1.36795,283841.4634,348372.2613,2,1.36792,0.604,1.38006,0.363,0.0,0.0,0,0.0,1,0,19651,0.764,0.568,0.434,17.0,17.0,0.1699,100.1,0.0,1,1,0.792,1.28023,1,1,0.425,1.21325,0,105.245,0.002,0.998,0.0,0.0,0.5,0.15,0.0,0.5,0.0,0.593,0.421,0.5,0.446,0.0,0.454,0.0,0,0,0.363,0.709,0.0,0.422,0.143,1.0,0.65,0.0,0.458,0.382,0.0,1.0,0.958
67664,2024.07.29 17:00:20,USDCADm,PULLBACK,BUY,3,1.38602,1.38446,1.38913,2.0,0.576,1.38548,1.38641,1.3847,1,0.03,0.519,0.3531,1.38363,1.38197,1.3837,1.38061,0,0.0,0.6,0,1.38548,0.759,0.568,0,0.0,0.0,0.0,0.0,0.0,0,0,1,0.8,1.0,0.2778,1.0,0.858,2,0.642,2,0.018,1.3857,1.38634,0.147,0.471,0.0,2,0.0,0,0.642,0.964,3.0,0.321,0.384,1,1.38548,8,0.752,0.706,0.043,0.3,0.0,0.869,0.78,1.36813,1.3633,1.36795,283841.4634,348372.2613,2,1.36792,0.604,1.38006,0.363,0.0,0.0,0,0.0,1,0,19652,0.764,0.568,0.434,17.0,17.0,0.1639,103.7,0.0,1,1,0.792,1.28023,1,1,0.425,1.21325,1,102.001,0.002,0.998,0.0,0.0,1.0,0.98,0.0,0.5,0.0,0.662,0.531,0.5,0.511,0.0,0.299,0.0,0,0,0.291,0.7,0.0,0.299,0.067,0.499,0.701,0.0,0.513,0.382,0.0,1.0,1.099
67665,2024.07.29 17:00:20,USDCADm,TREND_CONTINUATION,BUY,3,1.38602,1.38478,1.38861,2.08,0.5,1.38548,1.38641,1.3847,1,0.03,0.519,0.3531,1.38363,1.38197,1.3837,1.38061,0,0.0,0.6,0,1.38548,0.759,0.568,0,0.0,0.0,0.0,0.0,0.0,0,0,1,0.8,1.0,0.2778,1.0,0.858,2,0.642,2,0.018,1.3857,1.38634,0.147,0.471,0.0,2,0.0,0,0.642,0.964,3.0,0.321,0.384,1,1.38548,8,0.752,0.706,0.043,0.3,0.0,0.869,0.78,1.36813,1.3633,1.36795,283841.4634,348372.2613,2,1.36792,0.604,1.38006,0.363,0.0,0.0,0,0.0,1,0,19652,0.764,0.568,0.434,17.0,17.0,0.1639,103.7,0.0,1,1,0.792,1.28023,1,1,0.425,1.21325,1,102.001,0.002,0.998,0.0,0.0,1.0,0.97,0.0,0.5,0.0,0.662,0.531,0.5,0.511,0.0,0.299,0.0,0,0,0.291,0.7,0.0,0.299,0.067,0.499,0.701,0.0,0.513,0.382,0.0,1.0,1.099
67668,2024.07.29 17:53:20,USDCADm,BREAKOUT,BUY,3,1.38541,1.38477,1.38651,1.71,0.34,1.38548,1.38641,1.3847,1,0.03,0.519,-0.235,1.38363,1.38197,1.3837,1.38061,0,0.0,0.6,0,1.38548,0.759,0.568,0,0.0,0.0,0.0,0.0,0.0,0,0,1,0.8,1.0,0.2778,1.0,0.557,2,0.642,2,0.018,1.3857,1.38491,0.441,0.315,0.0,2,0.0,0,0.642,1.1,3.0,0.367,0.4,1,1.3847,5,0.6,0.118,0.133,0.3,0.0,0.869,0.807,1.36813,1.3633,1.36795,283841.4634,348372.2613,2,1.36792,0.604,1.38006,0.363,0.0,0.0,0,0.0,1,0,19652,0.764,0.568,0.434,17.0,17.0,0.1639,103.7,0.0,1,1,0.792,1.28023,1,1,0.425,1.21325,1,101.413,0.002,0.998,0.0,0.0,1.0,0.26,0.0,0.5,0.0,0.85,0.391,0.5,0.552,0.0,0.222,0.0,0,0,0.32,0.776,0.0,0.618,0.067,0.487,0.65,0.0,0.493,0.382,0.0,1.0,1.045
67670,2024.07.29 18:00:00,USDCADm,BREAKOUT_RETEST,BUY,3,1.38544,1.38511,1.38625,2.49,0.531,1.38548,1.38608,1.3852,1,0.087,0.419,-0.1888,1.38363,1.38175,1.38365,1.38088,0,0.0,0.4,0,1.38548,0.647,0.814,0,0.0,0.0,0.0,0.0,0.0,0,0,1,0.8,1.0,0.2772,1.0,0.608,2,0.639,2,0.073,1.38553,1.38481,0.239,0.419,0.0,2,0.0,0,0.639,1.076,3.0,0.359,0.405,1,1.38608,4,0.6,0.521,0.118,0.3,0.0,0.883,0.922,1.36813,1.3633,1.36795,283841.4634,348372.2613,2,1.36792,0.604,1.38006,0.363,0.0,0.0,0,0.0,1,0,19653,0.764,0.568,0.434,17.0,17.0,0.1566,108.6,0.0,1,1,0.792,1.28023,1,1,0.425,1.21325,1,96.904,0.002,0.998,0.0,0.0,1.0,0.23,0.0,0.5,0.0,1.0,0.516,0.5,0.535,0.0,0.264,0.0,0,0,0.276,0.819,0.0,0.523,0.1,0.414,0.65,0.0,0.493,0.382,0.0,1.0,1.045
67672,2024.07.29 19:38:40,USDCADm,MEAN_REVERSION,BUY,3,1.38492,1.38406,1.38566,0.86,0.666,1.38543,1.38577,1.38514,0,0.237,0.055,-0.6316,1.38217,1.38181,1.38403,1.38096,0,0.0,0.5,0,1.38549,0.749,0.3,0,0.0,0.0,0.0,0.0,0.0,0,0,1,1.0,0.825,0.2631,0.825,0.113,0,0.761,0,0.471,1.38546,1.38505,0.661,0.281,0.0,2,0.4,0,0.761,1.299,3.0,0.433,0.454,1,1.38549,8,0.75,0.0,0.426,0.247,0.234,0.904,0.886,1.36813,1.3633,1.36795,283841.4634,348372.2613,2,1.36792,0.604,1.38006,0.363,0.0,0.0,0,0.0,1,0,19654,0.764,0.568,0.434,17.0,17.0,0.1588,107.1,0.0,1,1,0.792,1.28023,1,1,0.425,1.21325,1,97.776,0.002,0.998,0.0,0.0,1.0,0.0,0.0,0.5,0.0,1.0,0.439,0.5,0.552,0.0,0.293,0.0,0,0,0.32,0.433,0.0,0.992,0.1,0.225,0.65,0.0,0.485,0.382,0.0,1.0,1.045
67674,2024.07.29 20:00:00,USDCADm,BREAKOUT_RETEST,BUY,3,1.38541,1.38508,1.38604,1.91,0.78,1.38551,1.38587,1.38506,1,0.022,0.493,-0.2422,1.38217,1.38181,1.38403,1.38096,0,0.0,0.5,0,1.38551,0.774,0.412,0,0.0,0.0,1.38491,0.0,0.0,0,0,1,0.8,0.825,0.2415,0.825,0.92,0,0.705,0,0.756,1.38538,1.38474,0.132,0.456,0.1644,0,0.25,2,1.0,1.386,3.0,0.462,0.584,2,1.38587,4,0.6,0.736,0.124,0.947,0.239,0.927,0.875,1.36813,1.3633,1.36795,300738.3479,16896.8845,2,1.36792,0.606,1.38006,0.365,0.0,0.0,0,0.0,1,0,19655,0.764,0.568,0.434,17.0,17.0,0.1553,109.5,0.0,1,1,0.792,1.28023,1,1,0.425,1.21325,1,96.055,0.002,0.998,0.0,0.0,1.0,0.75,0.0,0.5,0.0,0.443,0.677,0.5,0.551,0.0,0.382,0.0,0,0,0.424,0.971,0.0,0.638,0.1,0.62,0.65,0.0,0.47,0.382,0.0,1.0,1.2
67675,2024.07.29 20:00:20,USDCADm,ANCHORED_PULLBACK,BUY,3,1.38541,1.38495,1.38587,1.0,0.438,1.38551,1.38587,1.38506,1,0.022,0.493,-0.2422,1.38217,1.38181,1.38403,1.38096,0,0.0,0.5,0,1.38551,0.774,0.412,0,0.0,0.0,1.38491,0.0,0.0,0,0,1,0.8,0.825,0.2415,0.825,0.92,0,0.749,0,0.756,1.38538,1.38474,0.132,0.456,0.0,2,0.25,0,0.749,0.936,3.0,0.312,0.469,1,1.38587,4,0.6,0.736,0.124,0.247,0.239,0.927,0.875,1.36813,1.3633,1.36795,300738.3479,16896.8845,2,1.36792,0.606,1.38006,0.365,0.0,0.0,0,0.0,1,0,19655,0.764,0.568,0.434,17.0,17.0,0.1553,109.5,0.0,1,1,0.792,1.28023,1,1,0.425,1.21325,1,96.055,0.002,0.998,0.0,0.0,1.0,0.74,0.0,0.5,0.0,0.527,0.674,0.5,0.551,0.0,0.343,0.0,0,0,0.407,0.864,0.0,0.483,0.1,0.354,0.65,0.0,0.519,0.382,0.0,1.0,1.099
67678,2024.07.29 22:00:00,USDCADm,BREAKOUT,BUY,1,1.3853,1.38384,1.38774,1.67,0.34,1.38502,1.38529,1.3849,1,0.021,0.419,0.0782,1.38508,1.38181,1.38403,1.38096,0,0.0,0.4,0,1.38502,0.661,0.574,0,0.0,0.0,0.0,0.0,0.0,0,0,1,0.8,0.825,0.0724,0.825,0.827,2,0.595,0,0.816,1.38507,1.38471,0.028,0.402,-0.201,1,0.55,0,0.595,0.978,3.0,0.326,0.399,1,0.0,0,0.0,0.943,0.572,0.247,0.356,0.933,0.948,1.36813,1.3633,1.36795,300738.3479,16896.8845,2,1.36792,0.606,1.38006,0.365,0.0,0.0,0,0.0,1,0,19657,0.764,0.568,0.434,20.0,32.6,0.2051,97.5,0.0,1,1,0.792,1.28023,1,1,0.425,1.21325,1,107.764,0.002,0.998,0.0,0.0,1.0,0.99,0.0,0.5,0.0,0.923,0.552,0.5,0.579,0.0,0.297,0.0,0,0,0.324,0.72,0.0,0.733,0.1,0.071,0.65,0.0,0.529,0.382,0.0,1.0,0.891
67679,2024.07.29 22:00:20,USDCADm,BREAKOUT_RETEST,BUY,1,1.3853,1.38501,1.38568,1.31,0.536,1.38502,1.38529,1.3849,1,0.021,0.419,0.0782,1.38508,1.38181,1.38403,1.38096,0,0.0,0.4,0,1.38502,0.661,0.574,0,0.0,0.0,0.0,0.0,0.0,0,0,1,0.8,0.825,0.0724,0.825,0.827,0,0.708,0,0.816,1.38507,1.38471,0.028,0.402,0.0,2,0.25,0,0.708,0.978,3.0,0.326,0.472,1,0.0,0,0.0,0.943,0.152,0.247,0.251,0.933,0.948,1.36813,1.3633,1.36795,300738.3479,16896.8845,2,1.36792,0.606,1.38006,0.365,0.0,0.0,0,0.0,1,0,19657,0.764,0.568,0.434,20.0,32.4,0.2051,97.5,0.0,1,1,0.792,1.28023,1,1,0.425,1.21325,1,107.764,0.002,0.998,0.0,0.0,1.0,0.98,0.0,0.5,0.0,0.923,0.551,0.5,0.579,0.0,0.305,0.0,0,0,0.326,0.72,0.0,0.703,0.1,0.144,0.65,0.0,0.544,0.382,0.0,1.0,1.008
67680,2024.07.29 22:00:20,USDCADm,PULLBACK,BUY,1,1.3853,1.38384,1.38823,2.0,0.582,1.38502,1.38529,1.3849,1,0.021,0.419,0.0782,1.38508,1.38181,1.38403,1.38096,0,0.0,0.4,0,1.38502,0.661,0.574,0,0.0,0.0,0.0,0.0,0.0,0,0,1,0.8,0.825,0.0724,0.825,0.827,0,0.708,0,0.816,1.38507,1.38471,0.028,0.402,0.0,2,0.25,0,0.708,0.978,3.0,0.326,0.472,1,0.0,0,0.0,0.943,0.152,0.247,0.251,0.933,0.948,1.36813,1.3633,1.36795,300738.3479,16896.8845,2,1.36792,0.606,1.38006,0.365,0.0,0.0,0,0.0,1,0,19657,0.764,0.568,0.434,20.0,32.1,0.2051,97.5,0.0,1,1,0.792,1.28023,1,1,0.425,1.21325,1,107.764,0.002,0.998,0.0,0.0,1.0,0.97,0.0,0.5,0.0,0.923,0.551,0.5,0.579,0.0,0.305,0.0,0,0,0.326,0.72,0.0,0.703,0.1,0.144,0.65,0.0,0.544,0.382,0.0,1.0,1.008
67683,2024.07.29 22:00:59,USDCADm,TREND_CONTINUATION,BUY,1,1.38529,1.38412,1.38773,2.08,0.507,1.38502,1.38529,1.3849,1,0.021,0.419,0.0679,1.38508,1.38181,1.38403,1.38096,0,0.0,0.4,0,1.38502,0.661,0.574,0,0.0,0.0,0.0,0.0,0.0,0,0,1,0.8,0.825,0.0724,0.825,0.896,0,0.708,0,0.816,1.38507,1.38471,0.018,0.391,0.0,2,0.25,0,0.708,0.947,3.0,0.316,0.469,1,0.0,0,0.0,0.964,0.131,0.247,0.251,0.933,0.948,1.36813,1.3633,1.36795,300738.3479,16896.8845,2,1.36792,0.606,1.38006,0.365,0.0,0.0,0,0.0,1,0,19657,0.764,0.568,0.434,20.0,31.6,0.2051,97.5,0.0,1,1,0.792,1.28023,1,1,0.425,1.21325,1,107.754,0.002,0.998,0.0,0.0,1.0,0.96,0.0,0.5,0.0,0.923,0.495,0.5,0.579,0.0,0.305,0.0,0,0,0.299,0.72,0.0,0.703,0.1,0.144,0.65,0.0,0.544,0.382,0.0,1.0,1.008
67686,2024.07.30 03:52:40,USDCADm,SWEEP_REVERSAL,BUY,1,1.38493,1.38407,1.38564,0.83,0.308,1.38547,1.38579,1.38523,0,0.155,0.256,-0.8262,1.38514,1.38181,1.38403,1.38096,0,0.0,0.4,0,1.38547,0.665,0.818,0,0.0,0.0,0.0,0.0,0.0,0,0,1,0.135,0.1948,0.0106,0.195,0.128,0,0.875,0,0.578,1.38558,1.38501,0.95,0.292,0.0,2,0.4,0,0.875,1.292,3.0,0.431,0.498,1,1.38547,8,0.733,0.0,0.422,0.058,0.256,0.932,0.888,1.36813,1.3633,1.36795,302132.5916,1394.2436,2,1.36792,0.608,1.38448,0.382,0.0,0.0,0,0.0,1,0,19662,0.771,0.574,0.432,17.0,17.0,0.1969,86.4,0.0,1,1,0.792,1.28023,1,1,0.425,1.21325,1,121.241,0.002,0.998,0.0,0.0,1.0,0.0,0.0,0.5,0.0,1.0,0.309,0.5,0.541,0.0,0.231,0.0,0,0,0.37,0.588,0.0,0.773,0.0,0.327,0.476,0.0,0.534,0.382,0.0,1.0,0.923
67688,2024.07.30 04:12:40,USDCADm,MEAN_REVERSION,BUY,1,1.38444,1.38378,1.38568,1.87,0.688,1.38551,1.3858,1.38506,0,0.827,0.136,-1.4939,1.38519,1.38181,1.38403,1.38096,0,0.0,0.45,0,1.38551,0.633,0.582,0,0.0,0.0,1.38466,0.0,0.0,0,0,1,0.75,0.72,0.0539,0.72,0.161,0,0.726,0,0.969,1.38543,1.38485,1.395,0.704,0.0,2,0.15,0,0.726,1.278,3.0,0.426,0.541,2,1.38551,8,0.727,0.0,0.312,0.216,0.246,0.891,0.932,1.36813,1.3633,1.36795,294354.1102,-7778.4814,1,1.36792,0.611,1.38448,0.375,0.0,0.0,0,0.0,1,0,19663,0.771,0.574,0.432,17.0,17.0,0.2046,83.1,0.0,1,1,0.792,1.28023,1,1,0.425,1.21325,0,125.446,0.015,0.985,0.0,1.0,0.5,0.0,0.0,0.5,0.0,0.712,0.356,0.5,0.527,0.0,0.368,0.0,0,0,0.392,0.45,0.0,0.764,0.0,0.488,0.409,0.0,0.552,0.382,0.0,1.0,0.972
67690,2024.07.30 04:51:20,USDCADm,TREND_CONTINUATION,BUY,1,1.3845,1.3835,1.38568,1.18,0.5,1.38551,1.3858,1.38506,0,0.827,0.136,-1.4217,1.38519,1.38181,1.38403,1.38096,0,0.0,0.45,0,1.38551,0.633,0.582,0,0.0,0.0,1.38466,0.0,0.0,0,0,1,0.75,0.72,0.0539,0.72,0.161,0,0.726,0,0.969,1.38543,1.38485,1.323,0.632,0.0,2,0.15,0,0.726,1.278,3.0,0.426,0.541,2,1.38551,8,0.727,0.0,0.312,0.216,0.246,0.891,0.932,1.36813,1.3633,1.36795,294354.1102,-7778.4814,1,1.36792,0.611,1.38448,0.375,0.0,0.0,0,0.0,1,0,19663,0.771,0.574,0.432,17.0,17.0,0.2046,83.1,0.0,1,1,0.792,1.28023,1,1,0.425,1.21325,0,125.518,0.015,0.985,0.0,1.0,0.5,0.79,0.0,0.5,0.0,0.921,0.637,0.5,0.544,0.0,0.325,0.0,0,0,0.375,0.45,0.0,0.582,0.0,0.422,0.42,0.0,0.552,0.382,0.0,1.0,0.972
67692,2024.07.30 04:51:40,USDCADm,PULLBACK,BUY,1,1.38442,1.38317,1.38568,1.01,0.425,1.38551,1.3858,1.38506,0,0.827,0.136,-1.518,1.38519,1.38181,1.38403,1.38096,0,0.0,0.45,0,1.38551,0.633,0.582,0,0.0,0.0,1.38466,0.0,0.0,0,0,1,0.75,0.72,0.0539,0.72,0.161,0,0.726,0,0.969,1.38543,1.38485,1.419,0.728,0.0,2,0.15,0,0.726,1.278,3.0,0.426,0.541,2,1.38551,8,0.727,0.0,0.312,0.216,0.246,0.891,0.932,1.36813,1.3633,1.36795,294354.1102,-7778.4814,1,1.36792,0.611,1.38448,0.375,0.0,0.0,0,0.0,1,0,19663,0.771,0.574,0.432,17.0,17.0,0.2046,83.1,0.0,1,1,0.792,1.28023,1,1,0.425,1.21325,0,125.422,0.015,0.985,0.0,1.0,0.5,0.19,0.0,0.5,0.0,0.921,0.609,0.5,0.57,0.0,0.357,0.0,0,0,0.379,0.45,0.0,0.764,0.0,0.422,0.405,0.0,0.552,0.382,0.0,1.0,0.972
67694,2024.07.30 05:52:40,USDCADm,SWEEP_REVERSAL,BUY,1,1.38466,1.38438,1.38565,3.54,0.162,1.38548,1.38607,1.38499,0,0.038,0.267,-1.3863,1.38519,1.38215,1.38403,1.38096,0,0.0,0.5,0,1.38548,0.66,0.119,0,0.0,0.0,0.0,0.0,0.0,0,0,1,0.197,-0.3661,-0.0101,0.366,0.073,0,0.775,2,0.035,1.38428,1.38472,0.291,0.319,0.0,2,0.15,0,0.775,1.317,3.0,0.439,0.416,1,1.38548,8,0.732,0.417,0.338,0.11,0.053,0.696,0.883,1.36813,1.3633,1.36795,294354.1102,-7778.4814,1,1.36792,0.611,1.38448,0.375,0.0,0.0,0,0.0,1,0,19664,0.771,0.574,0.432,17.0,17.0,0.239,71.1,0.0,1,1,0.792,1.28023,1,1,0.425,1.21325,0,146.789,0.015,0.985,0.0,1.0,0.5,0.99,0.0,0.5,0.0,0.448,0.691,0.5,0.564,0.0,0.358,0.0,0,0,0.427,0.559,0.0,0.342,0.0,0.704,0.446,0.0,0.55,0.382,0.0,1.0,0.862
67696,2024.07.30 06:12:59,USDCADm,MEAN_REVERSION,BUY,1,1.38452,1.38399,1.38552,1.88,0.583,1.38429,1.38533,1.38404,1,0.034,0.413,0.094,1.38526,1.38215,1.38437,1.38096,1,0.0,0.65,2,1.38429,0.628,0.218,0,0.0,0.0,0.0,0.0,0.0,0,0,0,0.75,-0.72,-0.0825,0.72,0.539,2,0.541,3,0.756,1.38429,1.38458,0.094,0.353,0.0,2,0.0,0,0.541,1.107,3.0,0.369,0.437,1,1.38404,5,0.6,0.812,0.138,0.216,0.0,0.624,0.938,1.36813,1.3633,1.36795,294354.1102,-7778.4814,1,1.36792,0.611,1.38448,0.375,0.0,0.0,0,0.0,1,0,19665,0.771,0.574,0.432,17.0,17.0,0.2556,66.5,0.0,1,1,0.792,1.28023,1,1,0.425,1.21325,0,156.827,0.015,0.985,0.0,1.0,0.5,0.21,0.0,0.5,0.0,0.396,0.567,0.5,0.835,0.0,0.57,0.0,0,0,0.518,0.783,0.0,0.473,0.0,0.611,0.498,0.0,0.523,0.382,0.0,1.0,0.75
67698,2024.07.30 09:00:20,USDCADm,ANCHORED_PULLBACK,BUY,2,1.38438,1.38417,1.38569,6.16,0.252,1.3844,1.38477,1.38426,0,0.071,0.445,-0.2888,1.38512,1.38181,1.38437,1.38096,1,0.0,0.45,0,1.3844,0.703,0.601,0,0.0,0.0,1.3838,0.0,0.0,0,0,0,0.65,-0.65,-0.2095,0.65,0.336,0,0.694,0,0.524,1.38437,1.38398,0.246,0.356,0.0,2,0.25,0,0.694,1.199,3.0,0.4,0.446,1,1.38477,4,0.6,0.508,0.299,0.195,0.192,0.838,0.892,1.36813,1.3633,1.36795,293955.7961,-398.3141,1,1.36792,0.613,1.38006,0.368,0.0,0.0,0,0.0,1,0,19668,0.771,0.574,0.432,17.0,17.0,0.2587,65.7,0.0,1,1,0.792,1.28023,1,1,0.425,1.21325,0,158.489,0.002,0.998,0.0,1.0,0.5,0.46,0.0,0.5,0.0,0.723,0.482,0.5,0.5,0.0,0.5,0.0,0,0,0.361,0.787,0.0,0.67,0.0,0.368,0.475,0.0,0.527,0.382,0.0,1.0,0.914
67700,2024.07.30 09:59:40,USDCADm,SWEEP_REVERSAL,BUY,2,1.38438,1.38372,1.38494,0.85,0.235,1.3844,1.38477,1.38426,0,0.071,0.445,-0.2888,1.38512,1.38181,1.38437,1.38096,1,0.0,0.45,0,1.3844,0.703,0.601,0,0.0,0.0,1.3838,0.0,0.0,0,0,0,0.65,-0.65,-0.2095,0.65,0.336,0,0.694,0,0.524,1.38437,1.38398,0.246,0.356,0.0,2,0.25,0,0.694,1.199,3.0,0.4,0.446,1,1.38477,4,0.6,0.508,0.299,0.195,0.192,0.838,0.892,1.36813,1.3633,1.36795,293955.7961,-398.3141,1,1.36792,0.613,1.38006,0.368,0.0,0.0,0,0.0,1,0,19668,0.771,0.574,0.432,17.0,17.0,0.2587,65.7,0.0,1,1,0.792,1.28023,1,1,0.425,1.21325,0,158.489,0.002,0.998,0.0,1.0,0.5,0.99,0.0,0.5,0.0,1.0,0.383,0.5,0.537,0.0,0.341,0.0,0,0,0.368,0.787,0.0,0.67,0.0,0.368,0.475,0.0,0.527,0.382,0.0,1.0,0.914
67702,2024.07.30 13:00:20,USDCADm,ANCHORED_PULLBACK,BUY,4,1.38628,1.38594,1.38759,3.83,0.251,1.38421,1.38555,1.38404,0,0.83,0.203,2.5622,1.38515,1.38181,1.38471,1.38096,0,0.0,0.65,2,1.38421,0.732,0.0,1,0.0,0.0,1.38568,0.0,0.0,0,0,1,0.247,0.3996,0.0143,0.4,0.015,2,0.558,3,0.674,1.38561,1.38601,0.681,0.132,0.0,2,0.15,0,0.558,1.343,3.0,0.448,0.448,1,1.38561,2,0.55,0.0,0.355,0.12,0.053,0.721,0.982,1.36813,1.3633,1.36795,286335.6766,-7620.1195,1,1.36792,0.62,1.38006,0.37,0.0,0.0,0,0.0,1,0,19672,0.766,0.575,0.436,17.0,17.0,0.2297,74.0,0.0,1,1,0.792,1.28023,1,1,0.425,1.21325,-1,143.311,0.015,0.985,0.0,1.0,0.0,0.83,0.0,0.5,0.0,0.448,0.572,0.5,0.481,0.0,0.702,0.0,0,0,0.468,0.279,0.194,0.487,0.0,1.0,0.874,0.0,0.522,0.382,0.0,1.0,0.98
67704,2024.07.30 13:56:40,USDCADm,BREAKOUT,BUY,4,1.38508,1.38431,1.38624,1.51,0.182,1.38421,1.38555,1.38404,1,0.83,0.203,0.9405,1.38515,1.38181,1.38471,1.38096,0,0.0,0.65,2,1.38421,0.732,0.0,1,0.0,0.0,1.38568,0.0,0.0,0,0,1,0.247,0.3996,0.0143,0.4,0.052,2,0.558,3,0.674,1.38445,1.38503,0.627,0.157,0.0,2,0.15,0,0.558,1.327,3.0,0.442,0.432,1,1.38421,8,0.746,0.0,0.344,0.12,0.053,0.604,0.939,1.36813,1.3633,1.36795,286335.6766,-7620.1195,1,1.36792,0.62,1.38006,0.37,0.0,0.0,0,0.0,1,0,19672,0.766,0.575,0.436,17.0,17.0,0.2297,74.0,0.0,1,1,0.792,1.28023,1,1,0.425,1.21325,-1,141.689,0.015,0.985,0.0,1.0,0.0,0.0,0.0,0.5,0.0,0.448,0.464,0.5,0.518,0.0,0.741,0.0,0,0,0.473,0.347,0.0,0.877,0.0,0.853,0.65,0.0,0.533,0.382,0.0,1.0,0.889
67705,2024.07.30 13:56:59,USDCADm,BREAKOUT_RETEST,BUY,4,1.38509,1.38431,1.38647,1.77,0.264,1.38421,1.38555,1.38404,1,0.83,0.203,0.9541,1.38515,1.38181,1.38471,1.38096,0,0.0,0.65,2,1.38421,0.732,0.0,1,0.0,0.0,1.38568,0.0,0.0,0,0,1,0.247,0.3996,0.0143,0.4,0.052,2,0.558,3,0.674,1.38445,1.38503,0.641,0.143,0.0,2,0.15,0,0.558,1.327,3.0,0.442,0.432,1,1.38421,8,0.746,0.0,0.344,0.12,0.053,0.604,0.939,1.36813,1.3633,1.36795,286335.6766,-7620.1195,1,1.36792,0.62,1.38006,0.37,0.0,0.0,0,0.0,1,0,19672,0.766,0.575,0.436,17.0,17.0,0.2297,74.0,0.0,1,1,0.792,1.28023,1,1,0.425,1.21325,-1,141.703,0.015,0.985,0.0,1.0,0.0,0.01,0.0,0.5,0.0,0.448,0.459,0.5,0.518,0.0,0.741,0.0,0,0,0.476,0.347,0.0,0.877,0.0,0.853,0.65,0.0,0.533,0.382,0.0,1.0,0.889
67706,2024.07.30 13:57:00,USDCADm,PULLBACK,BUY,4,1.38509,1.38431,1.38624,1.47,0.368,1.38421,1.38555,1.38404,1,0.83,0.203,0.9541,1.38515,1.38181,1.38471,1.38096,0,0.0,0.65,2,1.38421,0.732,0.0,1,0.0,0.0,1.38568,0.0,0.0,0,0,1,0.247,0.3996,0.0143,0.4,0.052,2,0.558,3,0.674,1.38445,1.38503,0.641,0.143,0.0,2,0.15,0,0.558,1.327,3.0,0.442,0.432,1,1.38421,8,0.746,0.0,0.344,0.12,0.053,0.604,0.939,1.36813,1.3633,1.36795,286335.6766,-7620.1195,1,1.36792,0.62,1.38006,0.37,0.0,0.0,0,0.0,1,0,19672,0.766,0.575,0.436,17.0,17.0,0.2297,74.0,0.0,1,1,0.792,1.28023,1,1,0.425,1.21325,-1,141.703,0.015,0.985,0.0,1.0,0.0,0.01,0.0,0.5,0.0,0.448,0.491,0.5,0.518,0.0,0.741,0.0,0,0,0.457,0.347,0.0,0.877,0.0,0.853,0.65,0.0,0.533,0.382,0.0,1.0,0.889
67707,2024.07.30 13:57:20,USDCADm,TREND_CONTINUATION,BUY,4,1.38516,1.38427,1.38624,1.22,0.258,1.38421,1.38555,1.38404,1,0.83,0.203,1.0486,1.38515,1.38181,1.38471,1.38096,0,0.0,0.65,2,1.38421,0.732,0.0,1,0.0,0.0,1.38568,0.0,0.0,0,0,1,0.247,0.3996,0.0143,0.4,0.066,2,0.558,3,0.674,1.38445,1.38503,0.735,0.049,0.0,2,0.15,0,0.558,1.32,3.0,0.44,0.431,1,1.38421,8,0.746,0.0,0.34,0.12,0.053,0.604,0.939,1.36813,1.3633,1.36795,286335.6766,-7620.1195,1,1.36792,0.62,1.38006,0.37,0.0,0.0,0,0.0,1,0,19672,0.766,0.575,0.436,17.0,17.0,0.2297,74.0,0.0,1,1,0.792,1.28023,1,1,0.425,1.21325,-1,141.797,0.015,0.985,0.0,1.0,0.0,0.03,0.0,0.5,0.0,0.448,0.496,0.5,0.466,0.0,0.674,0.0,0,0,0.412,0.351,0.0,0.877,0.0,0.853,0.65,0.0,0.533,0.382,0.0,1.0,0.889
67712,2024.07.30 16:01:40,USDCADm,BREAKOUT_RETEST,BUY,4,1.38513,1.38487,1.38549,1.37,0.554,1.38516,1.38573,1.3849,1,0.416,0.069,-0.2303,1.38512,1.38181,1.38505,1.38096,1,0.0,0.4,0,1.38516,0.732,0.749,0,0.0,0.0,1.38488,0.0,0.0,0,0,0,0.9,0.615,0.1687,0.615,0.614,0,0.702,0,0.842,1.38531,1.38469,0.412,0.316,0.0,2,0.4,0,0.702,1.074,3.0,0.358,0.462,1,1.38531,2,0.55,0.175,0.276,0.185,0.308,0.926,0.844,1.36813,1.3633,1.38511,1476123.7313,1189788.0546,2,1.36792,0.615,1.38006,0.377,0.0,0.0,0,0.007,1,0,19675,0.766,0.575,0.436,17.0,17.0,0.1975,86.1,0.0,1,1,0.792,1.28023,1,1,0.425,1.21325,0,121.876,0.168,0.832,0.0,0.0,0.5,0.51,0.0,0.5,0.0,1.0,0.404,0.5,0.481,0.0,0.357,0.0,0,0,0.345,0.745,0.0,1.0,0.294,0.423,0.545,0.0,0.494,0.371,0.0,1.0,0.897
67714,2024.07.30 16:03:40,USDCADm,MEAN_REVERSION,BUY,4,1.38527,1.38498,1.3859,2.19,0.662,1.38516,1.38573,1.3849,1,0.416,0.069,-0.0677,1.38512,1.38181,1.38505,1.38096,0,0.0,0.4,0,1.38516,0.732,0.749,0,0.0,0.0,1.38488,0.0,0.0,0,0,0,0.9,0.615,0.1687,0.615,0.772,0,0.702,0,0.842,1.38531,1.38469,0.25,0.479,0.0,2,0.4,0,0.702,1.003,3.0,0.334,0.453,1,1.38573,4,0.6,0.5,0.228,0.185,0.308,0.926,0.844,1.36813,1.3633,1.38511,1476123.7313,1189788.0546,2,1.36792,0.615,1.38006,0.377,0.0,0.0,0,0.007,1,0,19675,0.766,0.575,0.436,17.0,17.0,0.1975,86.1,0.0,1,1,0.792,1.28023,1,1,0.425,1.21325,0,122.038,0.168,0.832,0.0,0.0,0.5,0.78,0.0,0.5,0.0,1.0,0.351,0.5,0.481,0.0,0.357,0.0,0,0,0.377,0.751,0.0,1.0,0.25,0.456,0.65,0.0,0.535,0.371,0.0,1.0,0.911
67716,2024.07.30 16:10:40,USDCADm,SWEEP_REVERSAL,BUY,4,1.38458,1.38372,1.38533,0.87,0.318,1.38516,1.38573,1.3849,0,0.416,0.069,-0.8693,1.38512,1.38181,1.38505,1.38096,1,0.0,0.4,0,1.38516,0.732,0.749,0,0.0,0.0,1.38488,0.0,0.0,0,0,0,0.9,0.615,0.1687,0.615,0.195,0,0.702,0,0.842,1.38531,1.38432,1.051,0.102,0.0,2,0.4,0,0.702,1.262,3.0,0.421,0.484,1,1.38516,8,0.746,0.0,0.401,0.185,0.308,0.926,0.934,1.36813,1.3633,1.38511,1476123.7313,1189788.0546,2,1.36792,0.615,1.38006,0.377,0.0,0.0,0,0.007,1,0,19675,0.766,0.575,0.436,17.0,17.0,0.1975,86.1,0.0,1,1,0.792,1.28023,1,1,0.425,1.21325,0,121.237,0.168,0.832,0.0,0.0,0.5,0.0,0.0,0.5,0.0,0.955,0.327,0.5,0.395,0.0,0.281,0.0,0,0,0.335,0.441,0.0,0.467,0.209,0.414,0.406,0.0,0.558,0.371,0.0,1.0,0.983
67718,2024.07.30 16:30:20,USDCADm,TREND_CONTINUATION,BUY,4,1.38425,1.38322,1.38533,1.04,0.527,1.38516,1.38573,1.3849,0,0.416,0.069,-1.2527,1.38512,1.38181,1.38505,1.38096,1,0.0,0.4,0,1.38516,0.732,0.749,0,0.0,0.0,1.38488,0.0,0.0,0,0,0,0.9,0.615,0.1687,0.615,0.072,0,0.702,0,0.842,1.38531,1.38432,1.435,0.281,0.0,2,0.4,0,0.702,1.318,3.0,0.439,0.49,1,1.38516,8,0.746,0.0,0.438,0.185,0.308,0.926,0.934,1.36813,1.3633,1.38511,1476123.7313,1189788.0546,2,1.36792,0.615,1.38006,0.377,0.0,0.0,0,0.007,1,0,19675,0.766,0.575,0.436,17.0,17.0,0.1975,86.1,0.0,1,1,0.792,1.28023,1,1,0.425,1.21325,0,120.853,0.168,0.832,0.0,0.0,0.5,0.0,0.0,0.5,0.0,0.98,0.417,0.5,0.417,0.0,0.261,0.0,0,0,0.279,0.415,0.0,0.467,0.209,0.433,0.329,0.0,0.551,0.371,0.0,1.0,0.983
67720,2024.07.30 17:04:20,USDCADm,PULLBACK,BUY,3,1.38506,1.38469,1.3859,2.25,0.61,1.38515,1.38582,1.38461,1,0.659,0.288,-0.2911,1.38512,1.38522,1.38573,1.38164,1,0.0,0.5,0,1.38515,0.794,0.631,0,0.0,0.0,1.38448,0.0,0.0,0,0,0,0.975,0.65,0.1536,0.65,0.602,0,0.732,0,0.694,1.38521,1.38406,0.359,0.926,0.0,2,0.4,0,0.732,1.079,3.0,0.36,0.437,1,1.38461,5,0.6,0.283,0.279,0.195,0.279,0.809,0.801,1.36813,1.3633,1.38511,1476123.7313,1189788.0546,2,1.36792,0.615,1.38006,0.377,0.0,0.0,0,0.007,1,0,19676,0.766,0.575,0.436,17.0,17.0,0.1899,89.5,0.0,1,1,0.792,1.28023,1,1,0.425,1.21325,0,117.128,0.168,0.832,0.0,0.0,0.5,0.99,0.0,0.5,0.0,0.765,0.663,0.5,0.452,0.0,0.272,0.0,0,0,0.342,0.725,0.0,1.0,0.215,0.56,0.496,0.0,0.487,0.371,0.0,1.0,0.83
67722,2024.07.30 18:00:00,USDCADm,ANCHORED_PULLBACK,BUY,3,1.38471,1.38424,1.38517,0.98,0.516,1.38517,1.38534,1.38433,1,0.045,0.658,-0.6905,1.38486,1.38453,1.38612,1.38207,1,0.0,0.45,0,1.38517,0.749,0.39,0,0.0,0.0,1.3845,0.0,0.0,0,0,0,1.0,0.685,0.0937,0.685,0.971,2,0.589,0,0.645,1.38444,1.38394,0.106,0.658,-0.2152,1,0.55,0,0.589,0.913,3.0,0.304,0.36,1,1.38517,8,0.75,0.788,0.529,0.206,0.322,0.863,0.797,1.36813,1.3633,1.38511,1476123.7313,1189788.0546,2,1.36792,0.615,1.38006,0.377,0.0,0.0,0,0.007,1,0,19677,0.766,0.575,0.436,17.0,17.0,0.1852,91.8,0.0,1,1,0.792,1.28023,1,1,0.425,1.21325,0,113.83,0.168,0.832,0.0,0.0,0.5,0.22,0.0,0.5,0.0,0.789,0.456,0.5,0.492,0.0,0.314,0.0,0,0,0.3,0.8,0.0,0.64,0.133,0.349,0.573,0.0,0.522,0.371,0.0,1.0,0.923
67724,2024.07.30 18:00:59,USDCADm,BREAKOUT,BUY,3,1.38478,1.3834,1.38707,1.67,0.404,1.38517,1.38534,1.38433,1,0.045,0.658,-0.6142,1.38486,1.38453,1.38612,1.38207,1,0.0,0.45,0,1.38517,0.749,0.39,0,0.0,0.0,1.3845,0.0,0.0,0,0,0,1.0,0.685,0.0937,0.685,0.809,2,0.604,0,0.645,1.38444,1.38394,0.182,0.734,0.0,2,0.25,0,0.604,0.986,3.0,0.329,0.417,1,1.38433,5,0.6,0.635,0.157,0.206,0.217,0.863,0.797,1.36813,1.3633,1.38511,1476123.7313,1189788.0546,2,1.36792,0.615,1.38006,0.377,0.0,0.0,0,0.007,1,0,19677,0.766,0.575,0.436,17.0,17.0,0.1852,91.8,0.0,1,1,0.792,1.28023,1,1,0.425,1.21325,0,113.907,0.168,0.832,0.0,0.0,0.5,0.54,0.0,0.5,0.0,0.789,0.495,0.5,0.492,0.0,0.348,0.0,0,0,0.29,0.8,0.0,0.818,0.133,0.445,0.573,0.0,0.538,0.371,0.0,1.0,1.035
67726,2024.07.30 18:01:40,USDCADm,BREAKOUT_RETEST,BUY,3,1.38484,1.38456,1.38534,1.83,0.59,1.38517,1.38534,1.38433,1,0.045,0.658,-0.5488,1.38486,1.38453,1.38612,1.38207,1,0.0,0.45,0,1.38517,0.749,0.39,0,0.0,0.0,1.3845,0.0,0.0,0,0,0,1.0,0.685,0.0937,0.685,0.609,2,0.604,0,0.645,1.38444,1.38394,0.248,0.799,0.0,2,0.25,0,0.604,1.076,3.0,0.359,0.428,1,1.38517,8,0.75,0.504,0.217,0.206,0.217,0.863,0.797,1.36813,1.3633,1.38511,1476123.7313,1189788.0546,2,1.36792,0.615,1.38006,0.377,0.0,0.0,0,0.007,1,0,19677,0.766,0.575,0.436,17.0,17.0,0.1852,91.8,0.0,1,1,0.792,1.28023,1,1,0.425,1.21325,0,113.972,0.168,0.832,0.0,0.0,0.5,0.67,0.0,0.5,0.0,0.774,0.555,0.5,0.492,0.0,0.329,0.0,0,0,0.312,0.8,0.0,0.909,0.133,0.445,0.573,0.0,0.489,0.371,0.0,1.0,0.983
67728,2024.07.30 18:15:40,USDCADm,MEAN_REVERSION,BUY,3,1.38474,1.38401,1.38534,0.82,0.605,1.38517,1.38534,1.38433,1,0.045,0.658,-0.6578,1.38486,1.38453,1.38612,1.38207,1,0.0,0.45,0,1.38517,0.749,0.39,0,0.0,0.0,1.3845,0.0,0.0,0,0,0,1.0,0.685,0.0937,0.685,0.809,2,0.604,0,0.645,1.38444,1.38394,0.139,0.69,0.0,2,0.25,0,0.604,0.986,3.0,0.329,0.417,1,1.38517,8,0.75,0.722,0.157,0.206,0.217,0.863,0.797,1.36813,1.3633,1.38511,1476123.7313,1189788.0546,2,1.36792,0.615,1.38006,0.377,0.0,0.0,0,0.007,1,0,19677,0.766,0.575,0.436,17.0,17.0,0.1852,91.8,0.0,1,1,0.792,1.28023,1,1,0.425,1.21325,0,113.863,0.168,0.832,0.0,0.0,0.5,0.07,0.0,0.5,0.0,0.788,0.439,0.5,0.546,0.0,0.379,0.0,0,0,0.352,0.8,0.0,0.613,0.133,0.398,0.573,0.0,0.538,0.371,0.0,1.0,1.035
67730,2024.07.30 18:44:20,USDCADm,TREND_CONTINUATION,BUY,3,1.38524,1.38414,1.38753,2.08,0.548,1.38517,1.38534,1.38433,1,0.045,0.658,-0.113,1.38486,1.38453,1.38612,1.38207,1,0.0,0.45,0,1.38517,0.749,0.39,0,0.0,0.0,1.3845,0.0,0.0,0,0,0,1.0,0.685,0.0937,0.685,0.831,2,0.604,0,0.645,1.38512,1.38591,0.052,0.91,0.0,2,0.25,0,0.604,0.976,3.0,0.325,0.421,1,1.38433,5,0.6,0.896,0.151,0.206,0.217,0.904,0.86,1.36813,1.3633,1.38511,1476123.7313,1189788.0546,2,1.36792,0.615,1.38006,0.377,0.0,0.0,0,0.007,1,0,19677,0.766,0.575,0.436,17.0,17.0,0.1852,91.8,0.0,1,1,0.792,1.28023,1,1,0.425,1.21325,0,114.408,0.168,0.832,0.0,0.0,0.5,0.99,0.0,0.5,0.0,0.862,0.596,0.5,0.551,0.0,0.33,0.0,0,0,0.355,0.8,0.0,1.0,0.165,0.411,0.544,0.0,0.513,0.371,0.0,1.0,0.949
67732,2024.07.30 19:04:40,USDCADm,PULLBACK,BUY,3,1.38544,1.38506,1.38629,2.26,0.406,1.38491,1.38519,1.38437,0,0.003,0.434,0.3895,1.38486,1.38453,1.38612,1.38207,1,0.0,0.5,0,1.38491,0.753,0.662,0,0.0,0.0,0.0,0.0,0.0,0,0,0,0.691,0.8364,0.0427,0.836,0.501,0,0.685,0,0.543,1.38499,1.38544,0.302,0.179,0.0,2,0.0,0,0.685,1.125,3.0,0.375,0.492,1,1.38491,8,0.751,0.396,0.15,0.251,0.109,0.974,0.912,1.36813,1.3633,1.38511,1476123.7313,1189788.0546,2,1.36792,0.615,1.38006,0.377,0.0,0.0,0,0.007,1,0,19678,0.766,0.575,0.436,17.0,17.0,0.1814,93.7,0.0,1,1,0.792,1.28023,1,1,0.425,1.21325,1,112.267,0.168,0.832,0.0,0.0,1.0,0.99,0.0,0.5,0.0,0.77,0.637,0.5,0.539,0.0,0.246,0.0,0,0,0.342,0.857,0.0,0.924,0.364,0.455,0.752,0.0,0.484,0.371,0.0,1.0,1.069
67734,2024.07.30 20:00:00,USDCADm,ANCHORED_PULLBACK,BUY,3,1.38546,1.38522,1.3861,2.64,0.253,1.38465,1.38506,1.38425,0,0.591,0.13,0.6683,1.38486,1.38454,1.38612,1.38238,1,0.0,0.55,0,1.3845,0.791,0.384,0,0.0,0.0,1.38476,0.0,0.0,0,0,0,0.186,0.0,0.0092,0.359,0.755,0,0.77,0,0.827,1.38461,1.38517,0.707,0.13,-0.012,2,0.15,0,0.77,1.01,3.0,0.337,0.512,2,1.38465,1,0.7,0.0,0.133,0.0,0.218,0.963,0.646,1.36813,1.3633,1.38511,1517188.2762,41064.5449,2,1.36792,0.613,1.38006,0.381,0.0,0.0,0,0.021,1,0,19679,0.766,0.575,0.436,17.0,17.0,0.178,95.5,0.0,1,1,0.792,1.28023,1,1,0.425,1.21325,1,110.188,0.168,0.832,0.0,0.0,1.0,0.96,0.0,0.5,0.0,0.304,0.552,0.5,0.452,0.0,0.287,0.0,0,0,0.282,0.672,0.0,0.841,0.276,0.38,0.741,0.0,0.542,0.371,0.0,1.0,0.862
67736,2024.07.30 23:15:40,USDCADm,MEAN_REVERSION,BUY,1,1.38485,1.38413,1.38545,0.83,0.619,1.38528,1.38537,1.38466,1,0.164,0.547,-0.6605,1.3846,1.38454,1.38612,1.38238,1,0.0,0.6,0,1.38528,0.653,0.42,0,0.0,0.0,0.0,0.0,0.0,0,0,0,0.55,-0.58,-0.0752,0.58,0.845,2,0.632,3,0.414,1.38469,1.38446,0.015,0.244,0.0,2,0.25,0,0.632,0.97,3.0,0.323,0.396,1,1.38528,8,0.731,0.971,0.147,0.174,0.088,0.882,0.857,1.36813,1.3633,1.38511,1517188.2762,41064.5449,2,1.36792,0.613,1.38006,0.381,0.0,0.0,0,0.021,1,0,19682,0.756,0.577,0.435,17.0,17.0,0.1877,90.6,0.0,1,1,0.792,1.28023,1,1,0.425,1.21325,0,115.511,0.168,0.832,0.0,0.0,0.5,0.0,0.0,0.5,0.0,0.707,0.449,0.5,0.544,0.0,0.24,0.0,0,0,0.29,0.8,0.0,1.0,0.133,0.26,0.487,0.0,0.486,0.4,0.0,1.0,0.865
67738,2024.07.30 23:40:59,USDCADm,SWEEP_REVERSAL,BUY,1,1.38472,1.38381,1.38545,0.8,0.199,1.38528,1.38537,1.38466,0,0.164,0.547,-0.8041,1.3846,1.38454,1.38612,1.38238,1,0.0,0.6,0,1.38528,0.653,0.42,0,0.0,0.0,0.0,0.0,0.0,0,0,0,0.55,-0.58,-0.0752,0.58,0.615,2,0.632,3,0.414,1.38469,1.38446,0.158,0.1,0.0,2,0.25,0,0.632,1.073,3.0,0.358,0.408,1,1.38528,8,0.731,0.684,0.215,0.174,0.088,0.882,0.857,1.36813,1.3633,1.38511,1517188.2762,41064.5449,2,1.36792,0.613,1.38006,0.381,0.0,0.0,0,0.021,1,0,19682,0.756,0.577,0.435,17.0,17.0,0.1877,90.6,0.0,1,1,0.792,1.28023,1,1,0.425,1.21325,0,115.368,0.168,0.832,0.0,0.0,0.5,0.0,0.0,0.5,0.0,0.789,0.391,0.5,0.563,0.0,0.162,0.0,0,0,0.299,0.754,0.0,1.0,0.133,0.21,0.465,0.0,0.498,0.4,0.0,1.0,0.897
67740,2024.07.31 01:00:00,USDCADm,ANCHORED_PULLBACK,BUY,1,1.38525,1.38499,1.3856,1.32,0.285,1.38465,1.38484,1.38447,0,0.37,0.024,0.457,1.3846,1.38454,1.38612,1.38267,1,0.0,0.45,0,1.38473,0.676,0.609,0,0.0,0.0,1.38454,0.0,0.0,0,0,0,0.951,-0.8089,-0.048,0.809,0.162,0,0.794,1,0.182,1.38465,1.38506,0.457,0.024,-0.1107,1,0.15,1,0.932,0.827,3.0,0.276,0.435,1,1.38473,8,0.735,0.086,0.611,0.243,0.053,0.838,0.855,1.36813,1.3633,1.38514,1493267.8223,-23920.4539,1,1.36792,0.609,1.38006,0.384,0.0,0.0,0,0.017,1,0,19684,0.756,0.577,0.435,17.0,17.0,0.1818,93.5,0.0,1,1,0.792,1.28023,1,1,0.425,1.21325,0,112.321,0.176,0.824,0.0,1.0,0.5,0.71,0.0,0.5,0.0,0.299,0.517,0.5,0.672,0.0,0.4,0.0,0,0,0.372,0.511,0.0,0.749,0.168,0.271,0.704,0.0,0.455,0.4,0.0,1.0,0.702
67742,2024.07.31 03:16:40,USDCADm,SWEEP_REVERSAL,BUY,1,1.3841,1.38316,1.38492,0.87,0.214,1.38475,1.38496,1.38438,0,0.023,0.327,-0.8671,1.3846,1.38454,1.38612,1.38267,1,0.0,0.35,0,1.38475,0.668,0.66,0,0.0,0.0,0.0,0.0,0.0,0,0,0,0.551,-0.5214,-0.0252,0.521,0.033,0,0.773,1,0.324,1.38463,1.38421,0.736,0.299,0.0,2,0.25,0,0.773,1.335,3.0,0.445,0.467,1,1.38475,8,0.734,0.0,0.39,0.156,0.088,0.92,0.951,1.36813,1.3633,1.38514,1493267.8223,-23920.4539,1,1.36792,0.609,1.38006,0.384,0.0,0.0,0,0.017,1,0,19686,0.756,0.577,0.435,17.0,17.0,0.18,94.4,0.0,1,1,0.792,1.28023,1,1,0.425,1.21325,0,109.998,0.176,0.824,0.0,1.0,0.5,0.0,0.0,0.5,0.0,1.0,0.398,0.5,0.483,0.0,0.27,0.0,0,0,0.314,0.711,0.0,0.455,0.325,0.28,0.366,0.0,0.518,0.417,0.0,1.0,0.81
67744,2024.07.31 03:30:40,USDCADm,MEAN_REVERSION,BUY,1,1.3841,1.38334,1.38492,1.08,0.703,1.38475,1.38496,1.38438,0,0.023,0.327,-0.8671,1.3846,1.38454,1.38612,1.38267,1,0.0,0.35,0,1.38475,0.668,0.66,0,0.0,0.0,0.0,0.0,0.0,0,0,0,0.551,-0.5214,-0.0252,0.521,0.033,0,0.773,1,0.324,1.38463,1.38421,0.736,0.299,0.0,2,0.25,0,0.773,1.335,3.0,0.445,0.467,1,1.38475,8,0.734,0.0,0.39,0.156,0.088,0.92,0.951,1.36813,1.3633,1.38514,1493267.8223,-23920.4539,1,1.36792,0.609,1.38006,0.384,0.0,0.0,0,0.017,1,0,19686,0.756,0.577,0.435,17.0,17.0,0.18,94.4,0.0,1,1,0.792,1.28023,1,1,0.425,1.21325,0,109.998,0.176,0.824,0.0,1.0,0.5,0.0,0.0,0.5,0.0,1.0,0.273,0.5,0.522,0.0,0.21,0.0,0,0,0.376,0.711,0.0,0.455,0.325,0.301,0.366,0.0,0.518,0.417,0.0,1.0,0.81
67746,2024.07.31 04:00:00,USDCADm,ANCHORED_PULLBACK,BUY,1,1.38464,1.38423,1.3852,1.34,0.585,1.38456,1.38519,1.38432,1,0.007,0.656,-0.1012,1.3846,1.38454,1.38612,1.38295,1,0.0,0.45,0,1.38456,0.675,0.389,0,0.0,0.0,1.38399,0.0,0.0,0,0,0,0.8,-0.93,-0.06,0.93,0.862,2,0.497,0,0.599,1.38461,1.38388,0.155,0.656,0.3328,0,0.0,2,1.0,1.412,3.0,0.471,0.586,2,1.38519,4,0.6,0.689,0.041,0.979,0.12,0.768,0.939,1.36813,1.3633,1.3852,1428745.3402,-64522.4821,1,1.36792,0.603,1.38006,0.388,0.0,0.0,0,0.028,1,0,19687,0.756,0.577,0.435,17.0,17.0,0.1886,90.1,0.0,1,1,0.792,1.28023,1,1,0.425,1.21325,1,115.827,0.191,0.809,0.0,1.0,1.0,0.94,0.0,0.5,0.0,0.497,0.559,0.5,0.573,0.0,0.22,0.0,0,0,0.295,0.924,0.0,0.631,0.162,0.788,0.493,0.0,0.488,0.417,0.0,1.0,0.815
67748,2024.07.31 06:11:40,USDCADm,SWEEP_REVERSAL,BUY,1,1.38406,1.38326,1.38472,0.82,0.219,1.38455,1.38468,1.38415,0,0.221,0.177,-0.8194,1.3846,1.38454,1.38612,1.38295,1,0.0,0.5,0,1.38455,0.754,0.822,0,0.0,0.0,1.38482,0.0,0.0,0,0,0,1.0,-1.0,-0.087,1.0,0.132,2,0.62,0,0.742,1.38447,1.38388,0.72,0.009,0.0,2,0.15,0,0.62,1.29,3.0,0.43,0.493,1,1.38455,8,0.751,0.0,0.32,0.3,0.201,0.941,0.9,1.36813,1.3633,1.3852,1428745.3402,-64522.4821,1,1.36792,0.603,1.38006,0.388,0.0,0.0,0,0.028,1,0,19689,0.756,0.577,0.435,17.0,17.0,0.2125,80.0,0.0,1,1,0.792,1.28023,1,1,0.425,1.21325,0,129.788,0.191,0.809,0.0,1.0,0.5,0.0,0.0,0.5,0.0,0.374,0.249,0.5,0.563,0.0,0.251,0.0,0,0,0.42,0.485,0.0,0.66,0.214,0.224,0.39,0.0,0.541,0.417,0.0,1.0,0.824
67750,2024.07.31 07:33:40,USDCADm,MEAN_REVERSION,BUY,1,1.38368,1.38305,1.38448,1.27,0.613,1.38431,1.38458,1.38381,0,1.098,0.023,-1.0177,1.38448,1.38454,1.38612,1.38295,1,0.0,0.5,0,1.38431,0.674,0.322,0,0.0,0.0,1.38378,0.0,0.0,0,0,0,1.0,-1.0,-0.0931,1.0,0.112,2,0.644,0,0.623,1.38427,1.3835,0.969,0.008,0.0,2,0.15,0,0.644,1.3,3.0,0.433,0.484,1,1.38431,8,0.735,0.0,0.326,0.3,0.177,0.929,0.893,1.36813,1.3633,1.3852,1428745.3402,-64522.4821,1,1.36792,0.603,1.38006,0.388,0.0,0.0,0,0.028,1,0,19690,0.756,0.578,0.437,17.0,17.0,0.2156,78.9,0.0,1,1,0.792,1.28023,1,1,0.425,1.21325,1,131.187,0.191,0.809,0.0,1.0,1.0,0.02,0.0,0.5,0.0,0.652,0.409,0.5,0.506,0.0,0.572,0.0,0,0,0.435,0.422,0.0,0.22,0.371,0.352,0.363,0.0,0.512,0.417,0.0,1.0,0.757
0,2024.07.31 08:00:20,USDCADm,ANCHORED_PULLBACK,BUY,2,1.384,1.38388,1.38417,1.48,0.348,1.38431,1.38458,1.38366,1,0.073,0.572,-0.6249,1.38448,1.38454,1.38583,1.38295,1,0.0,0.6,0,1.38431,0.706,0.453,0,0.0,0.0,1.38348,0.0,0.0,0,0,0,1.0,-0.825,-0.1281,0.825,0.781,2,0.631,0,0.644,1.38374,1.38339,0.123,0.572,0.0,2,0.25,0,0.631,0.999,3.0,0.333,0.426,1,1.38431,8,0.741,0.754,0.166,0.247,0.216,0.871,0.776,1.36813,1.3633,1.3852,1428745.3402,0.0,1,1.36792,0.597,1.38006,0.393,0.0,0.0,0,0.028,1,0,19691,0.756,0.578,0.437,17.0,17.0,0.2202,77.2,0.0,1,1,0.792,1.28023,1,1,0.425,1.21325,1,134.392,0.168,0.832,0.0,0.0,1.0,0.96,0.0,0.5,0.0,0.38,0.475,0.5,0.491,0.0,0.374,0.0,0,0,0.312,0.8,0.0,0.487,0.162,0.34,0.453,0.0,0.55,0.417,0.0,1.0,0.871
67752,2024.07.31 11:07:40,USDCADm,SWEEP_REVERSAL,BUY,2,1.38361,1.38282,1.38444,1.04,0.143,1.38427,1.38471,1.38391,0,0.34,0.365,-1.044,1.38448,1.38454,1.38583,1.38324,1,0.0,0.5,0,1.38427,0.745,0.717,0,0.0,0.0,1.38398,0.0,0.0,0,0,0,0.8,-1.0,-0.0844,1.0,0.345,0,0.691,0,0.532,1.38395,1.38339,0.642,0.063,0.0,2,0.0,0,0.691,1.195,3.0,0.398,0.466,1,1.38427,8,0.749,0.0,0.197,0.3,0.106,0.701,0.833,1.36813,1.3633,1.3852,1428745.3402,0.0,1,1.36792,0.597,1.38006,0.393,0.0,0.0,0,0.028,1,0,19694,0.756,0.578,0.437,17.0,17.0,0.2138,79.5,0.0,1,1,0.792,1.28023,1,1,0.425,1.21325,0,130.038,0.168,0.832,0.0,0.0,0.5,0.0,0.0,0.5,0.0,0.641,0.285,0.5,0.483,0.0,0.438,0.0,0,0,0.449,0.629,0.0,0.352,0.266,0.464,0.313,0.0,0.533,0.417,0.0,1.0,0.823
67754,2024.07.31 11:33:59,USDCADm,MEAN_REVERSION,BUY,2,1.3829,1.38226,1.38444,2.42,0.629,1.38427,1.38471,1.38391,0,0.34,0.365,-1.9371,1.38448,1.38454,1.38583,1.38324,0,0.0,0.5,0,1.38427,0.745,0.717,0,0.0,0.0,1.38398,0.0,0.0,0,0,0,0.8,-1.0,-0.0844,1.0,0.178,0,0.691,0,0.532,1.38395,1.38339,1.535,0.83,0.0,2,0.0,0,0.691,1.27,3.0,0.423,0.475,1,1.38427,8,0.749,0.0,0.247,0.3,0.106,0.701,0.833,1.36813,1.3633,1.3852,1428745.3402,0.0,1,1.36792,0.597,1.38006,0.393,0.0,0.0,0,0.028,1,0,19694,0.756,0.578,0.437,17.0,17.0,0.2138,79.5,0.0,1,1,0.792,1.28023,1,1,0.425,1.21325,0,129.145,0.168,0.832,0.0,0.0,0.5,0.0,0.0,0.5,0.0,0.706,0.327,0.5,0.508,0.0,0.392,0.0,0,0,0.413,0.54,0.0,0.238,0.266,0.508,0.181,0.0,0.503,0.417,0.0,1.0,0.788
67756,2024.07.31 13:07:40,USDCADm,SWEEP_REVERSAL,BUY,4,1.38127,1.38026,1.38304,1.75,0.149,1.3844,1.38471,1.38247,0,1.779,0.235,-3.2621,1.38462,1.38453,1.38583,1.38323,0,0.0,0.55,2,1.3844,0.644,0.327,0,0.0,0.0,1.38165,0.0,0.0,0,0,-1,1.0,-1.0,-0.0847,1.0,0.182,2,0.434,3,0.379,1.38287,1.38134,1.751,0.241,0.0,2,0.15,0,0.434,1.379,3.262,0.423,0.363,1,1.38287,2,0.55,0.0,0.305,0.3,0.053,0.553,0.864,1.36813,1.3633,1.3852,1387997.9629,-40747.3773,1,1.36792,0.603,1.38006,0.394,0.0,0.0,0,0.063,1,0,19696,0.756,0.578,0.437,17.0,17.0,0.1678,101.3,0.0,1,1,0.792,1.28023,1,1,0.425,1.21325,0,99.757,0.183,0.817,0.0,1.0,0.5,0.38,0.0,0.5,0.0,0.448,0.448,0.5,0.481,0.0,0.902,0.0,0,0,0.536,0.06,0.0,0.095,0.244,1.0,0.149,0.0,0.493,0.432,0.0,1.0,0.727
67758,2024.07.31 13:33:59,USDCADm,MEAN_REVERSION,BUY,4,1.38097,1.38016,1.38304,2.56,0.498,1.3844,1.38471,1.38247,0,1.779,0.235,-3.5583,1.38462,1.38453,1.38583,1.38323,0,0.0,0.55,2,1.3844,0.644,0.327,0,0.0,0.0,1.38165,0.0,0.0,0,0,-1,1.0,-1.0,-0.0847,1.0,0.104,2,0.434,3,0.379,1.38287,1.38073,2.048,0.067,0.0,2,0.15,0,0.434,1.546,3.558,0.434,0.383,1,1.38287,2,0.55,0.0,0.329,0.3,0.053,0.553,0.915,1.36813,1.3633,1.3852,1387997.9629,-40747.3773,1,1.36792,0.603,1.38006,0.394,0.0,0.0,0,0.063,1,0,19696,0.756,0.578,0.437,17.0,17.0,0.1678,101.3,0.0,1,1,0.792,1.28023,1,1,0.425,1.21325,0,99.461,0.183,0.817,0.0,1.0,0.5,0.39,0.0,0.5,0.0,0.927,0.45,0.5,0.48,0.0,0.836,0.0,0,0,0.509,0.042,0.0,0.095,0.244,1.0,0.149,0.0,0.513,0.432,0.0,1.0,0.727
67760,2024.07.31 15:07:59,USDCADm,SWEEP_REVERSAL,BUY,4,1.38101,1.37976,1.38214,0.9,0.522,1.38108,1.38197,1.37919,1,0.013,0.62,-0.1947,1.38454,1.38467,1.38602,1.38332,0,0.0,0.55,0,1.38083,0.747,0.739,0,0.0,0.0,0.0,0.0,0.0,1,1,-1,0.8,-1.0,-0.254,1.0,0.842,2,0.524,0,0.868,1.38121,1.38007,0.296,0.614,0.0,2,0.3,6,0.5,0.521,3.0,0.174,0.35,1,1.38197,4,0.6,0.408,0.367,0.3,0.579,0.806,0.935,1.36813,1.3633,1.3852,1387997.9629,-40747.3773,1,1.36792,0.603,1.38006,0.394,0.0,0.0,0,0.063,1,0,19698,0.756,0.578,0.437,17.0,17.0,0.1359,125.1,0.0,1,1,0.792,1.28023,1,1,0.425,1.21325,0,80.578,0.183,0.817,0.0,1.0,0.5,0.01,0.0,0.5,0.0,0.323,0.413,0.5,0.517,0.0,0.521,0.0,0,0,0.416,0.385,0.0,0.391,0.347,0.853,0.35,0.0,0.498,0.432,0.0,1.0,0.712
67762,2024.07.31 16:00:40,USDCADm,MEAN_REVERSION,BUY,4,1.38062,1.37963,1.38143,0.82,0.631,1.38126,1.38182,1.38047,0,0.044,0.319,-0.6523,1.38454,1.38467,1.38602,1.38293,0,0.0,0.3,4,1.38126,0.745,0.833,0,0.0,0.0,1.38052,0.0,0.0,0,0,-1,0.8,-1.0,-0.3267,1.0,0.197,0,0.668,0,0.695,1.38092,1.38002,0.38,0.345,0.0,2,0.0,0,0.668,1.262,3.0,0.421,0.513,2,1.38126,8,0.749,0.239,0.241,0.3,0.289,0.899,0.937,1.36813,1.3633,1.3852,1236325.6048,-151672.358,1,1.36792,0.604,1.37896,0.383,0.0,0.0,0,0.0,1,0,19699,0.756,0.578,0.437,17.0,17.0,0.1376,123.6,0.0,1,1,0.792,1.28023,1,1,0.425,1.21325,0,81.24,0.23,0.77,0.0,1.0,0.5,0.16,0.0,0.5,0.0,1.0,0.401,0.5,0.521,0.0,0.399,0.0,0,0,0.375,0.664,0.0,0.297,0.502,0.603,0.286,0.0,0.521,0.432,0.0,1.0,0.826
0,2024.07.31 18:04:40,USDCADm,ANCHORED_PULLBACK,BUY,3,1.3817,1.38164,1.38264,16.33,0.516,1.38059,1.38134,1.38035,0,0.01,0.527,0.7266,1.38454,1.38467,1.38641,1.38332,0,0.0,0.3,4,1.38059,0.744,0.774,0,0.0,0.0,1.38132,0.0,0.0,0,0,-1,0.8,-1.0,-0.3963,1.0,0.164,2,0.61,2,0.372,1.38084,1.38018,0.533,1.05,0.0,2,0.0,0,0.61,1.276,3.0,0.425,0.446,1,1.38059,8,0.749,0.0,0.251,0.3,0.15,0.784,0.965,1.36813,1.3633,1.3852,1236325.6048,-151672.358,1,1.36792,0.604,1.37896,0.383,0.0,0.0,0,0.0,1,0,19701,0.766,0.569,0.437,17.0,17.3,0.1321,128.7,0.0,1,1,0.792,1.28023,1,1,0.425,1.21325,-1,78.834,0.23,0.77,0.0,1.0,0.0,0.75,0.0,0.5,0.975,0.555,0.383,0.5,0.518,0.0,0.293,0.0,0,0,0.343,0.803,0.0,0.392,0.33,0.489,0.558,0.0,0.515,0.432,0.0,1.0,0.904
67764,2024.07.31 20:04:40,USDCADm,ANCHORED_PULLBACK,BUY,3,1.38089,1.3805,1.38202,2.89,0.329,1.38062,1.3815,1.37959,1,0.049,0.771,0.0619,1.38454,1.38467,1.38641,1.38254,0,0.0,0.6,0,1.38062,0.667,0.302,0,0.0,0.0,1.37987,0.0,0.0,0,0,-1,0.8,-1.0,-0.303,1.0,0.729,0,0.677,0,0.682,1.38078,1.38189,0.041,0.758,0.0,2,0.0,0,0.677,1.022,3.0,0.341,0.472,1,1.3815,4,0.6,0.919,0.081,0.3,0.136,0.785,0.822,1.36813,1.3633,1.3852,1223987.0259,-12338.5789,1,1.36792,0.606,1.37896,0.389,0.0,0.0,0,0.015,1,0,19703,0.766,0.569,0.437,17.0,17.0,0.1099,154.6,0.0,1,1,0.792,1.28023,1,1,0.425,1.21325,-1,65.092,0.173,0.827,0.0,1.0,0.0,0.79,0.0,0.5,0.0,0.465,0.545,0.5,0.449,0.0,0.426,0.0,0,0,0.332,0.816,0.0,0.342,0.309,0.488,0.35,0.0,0.493,0.432,0.0,1.0,0.754
