ticket,symbol,setupType,direction,entryTime,exitTime,holdingMinutes,entryPrice,exitPrice,profitPips,profitUSD,maeATR,mfeATR,exitReason,entryVpPOC,entryVpVAH,entryVpVAL,entryVpInsideVA,entryVpDistHVN,entryVpDistLVN,entryVpBestHVN,entryVpThinnessRatio,entryVpOverlapBias,entryVpMigrationConf,entryVpDevPOCDir,entryVpProfileShape,entryVpUpthrust,entryVpSpring,entryVpCompPosition,entryVpBreakoutPOC,entryAuctRegime,entryAuctRegimeConf,entryAuctTradeQuality,entryAuctTradeGrade,entryAuctBalance,entryAuctContinuation,entryAuctReversalRisk,entryAuctExhaustion,entryAuctFailure,entryAuctVAExpRate,entryAuctTargetPrice,entryAuctTargetConf,entryAuctExpReward,entryLTValid,entryLTPOCMigration,entryLTNearestZoneStrength,entryArchetype,entryProfilerSamples,thesis,riskReward,exitAuctRegime,exitAuctFailure,exitAuctContinuation,exitAuctReversalRisk,exitAuctExhaustion,exitAuctBalance,exitVpMigrationConf,exitVpInsideVA,exitVpDevPOCDir,exitSpreadPoints,exitAtrProxy
89210,USDJPYm,PULLBACK,BUY,2026.06.01 00:02:40,2026.06.01 00:45:40,43,159.369,159.43,61.0,38.26,0.0,0.0,TRAIL_STOP,0.0,0.0,0.0,0,0.0,0.0,0.0,0.0,0,0.0,0.0,0,0,0,0,0.0,0,0.0,0.0,0,0.0,0.0,0.0,0.0,0.0,0.0,0.0,0.0,0.0,0,0,0.0,0,0,0.0,0.0,0,0.25,0.164,0.167,0.347,0.702,0.5,1,0.545,10.0,89.1
89212,USDJPYm,BREAKOUT,BUY,2026.06.01 01:15:20,2026.06.01 01:20:40,5,159.474,159.475,1.0,0.63,0.0,0.0,TRAIL_STOP,0.0,0.0,0.0,0,0.0,0.0,0.0,0.0,0,0.0,0.0,0,0,0,0,0.0,0,0.0,0.0,0,0.0,0.0,0.0,0.0,0.0,0.0,0.0,0.0,0.0,0,0,0.0,0,0,0.0,0.0,0,0.0,0.226,0.0,0.255,0.636,0.825,0,0.755,10.0,92.4
89213,USDJPYm,TREND_CONTINUATION,BUY,2026.06.01 01:15:30,2026.06.01 01:20:40,5,159.474,159.475,1.0,0.63,0.0,0.0,TRAIL_STOP,0.0,0.0,0.0,0,0.0,0.0,0.0,0.0,0,0.0,0.0,0,0,0,0,0.0,0,0.0,0.0,0,0.0,0.0,0.0,0.0,0.0,0.0,0.0,0.0,0.0,0,0,0.0,0,0,0.0,0.0,0,0.0,0.226,0.0,0.255,0.636,0.825,0,0.755,10.0,92.4
89216,USDJPYm,PULLBACK,BUY,2026.06.01 02:02:40,2026.06.01 02:03:59,1,159.493,159.486,-7.0,-4.39,0.0,0.0,SL_HIT,0.0,0.0,0.0,0,0.0,0.0,0.0,0.0,0,0.0,0.0,0,0,0,0,0.0,0,0.0,0.0,0,0.0,0.0,0.0,0.0,0.0,0.0,0.0,0.0,0.0,0,0,0.0,0,0,0.0,0.0,0,0.0,0.237,0.148,0.193,0.576,0.9,0,0.79,10.0,92.0
89218,USDJPYm,BREAKOUT_RETEST,BUY,2026.06.01 02:56:40,2026.06.01 03:00:00,3,159.456,159.458,2.0,1.25,0.0,0.0,TRAIL_STOP,0.0,0.0,0.0,0,0.0,0.0,0.0,0.0,0,0.0,0.0,0,0,0,0,0.0,0,0.0,0.0,0,0.0,0.0,0.0,0.0,0.0,0.0,0.0,0.0,0.0,0,0,0.0,0,0,0.0,0.0,5,0.3,0.247,0.484,0.521,0.367,0.65,1,0.825,10.0,91.3
89220,USDJPYm,BREAKOUT,BUY,2026.06.01 03:15:40,2026.06.01 03:18:59,3,159.461,159.477,16.0,10.03,0.0,0.0,TRAIL_STOP,0.0,0.0,0.0,0,0.0,0.0,0.0,0.0,0,0.0,0.0,0,0,0,0,0.0,0,0.0,0.0,0,0.0,0.0,0.0,0.0,0.0,0.0,0.0,0.0,0.0,0,0,0.0,0,0,0.0,0.0,0,0.0,0.247,0.0,0.0,0.667,0.65,1,0.825,10.0,91.3
89221,USDJPYm,TREND_CONTINUATION,BUY,2026.06.01 03:18:40,2026.06.01 03:19:20,0,159.49,159.465,-25.0,-15.68,0.0,0.0,SL_HIT,0.0,0.0,0.0,0,0.0,0.0,0.0,0.0,0,0.0,0.0,0,0,0,0,0.0,0,0.0,0.0,0,0.0,0.0,0.0,0.0,0.0,0.0,0.0,0.0,0.0,0,0,0.0,0,0,0.0,0.0,0,0.0,0.247,0.0,0.101,0.667,0.65,1,0.825,10.0,91.3
89224,USDJPYm,BREAKOUT_RETEST,BUY,2026.06.01 04:56:40,2026.06.01 04:57:40,1,159.472,159.46,-12.0,-7.53,0.0,0.0,SL_HIT,0.0,0.0,0.0,0,0.0,0.0,0.0,0.0,0,0.0,0.0,0,0,0,0,0.0,0,0.0,0.0,0,0.0,0.0,0.0,0.0,0.0,0.0,0.0,0.0,0.0,0,0,0.0,0,0,0.0,0.0,0,0.25,0.206,0.088,0.281,0.719,0.7,1,0.685,10.0,89.7
89226,USDJPYm,TREND_CONTINUATION,BUY,2026.06.01 05:36:40,2026.06.01 05:37:40,1,159.474,159.46,-14.0,-8.78,0.0,0.0,SL_HIT,0.0,0.0,0.0,0,0.0,0.0,0.0,0.0,0,0.0,0.0,0,0,0,0,0.0,0,0.0,0.0,0,0.0,0.0,0.0,0.0,0.0,0.0,0.0,0.0,0.0,0,0,0.0,0,0,0.0,0.0,0,0.4,0.216,0.31,0.232,0.8,0.75,1,0.72,10.0,77.6
89229,USDJPYm,SWEEP_REVERSAL,BUY,2026.06.01 06:57:40,2026.06.01 06:59:40,2,159.418,159.418,0.0,0.0,0.0,0.0,TRAIL_STOP,0.0,0.0,0.0,0,0.0,0.0,0.0,0.0,0,0.0,0.0,0,0,0,0,0.0,0,0.0,0.0,0,0.0,0.0,0.0,0.0,0.0,0.0,0.0,0.0,0.0,0,0,0.0,0,0,0.0,0.0,0,0.0,0.279,0.129,0.293,0.753,0.8,0,0.93,10.0,70.0
89231,USDJPYm,MEAN_REVERSION,BUY,2026.06.01 06:59:40,2026.06.01 07:03:20,3,159.423,159.439,16.0,10.03,0.0,0.0,TRAIL_STOP,0.0,0.0,0.0,0,0.0,0.0,0.0,0.0,0,0.0,0.0,0,0,0,0,0.0,0,0.0,0.0,0,0.0,0.0,0.0,0.0,0.0,0.0,0.0,0.0,0.0,0,0,0.0,0,0,0.0,0.0,0,0.4,0.237,0.254,0.354,0.769,1.0,0,0.79,10.0,71.6
89232,USDJPYm,BREAKOUT_RETEST,BUY,2026.06.01 07:02:40,2026.06.01 07:07:40,5,159.457,159.436,-21.0,-13.17,0.0,0.0,SL_HIT,0.0,0.0,0.0,0,0.0,0.0,0.0,0.0,0,0.0,0.0,0,0,0,0,0.0,0,0.0,0.0,0,0.0,0.0,0.0,0.0,0.0,0.0,0.0,0.0,0.0,0,0,0.0,0,0,0.0,0.0,0,0.4,0.237,0.254,0.436,0.769,1.0,0,0.79,10.0,71.6
89228,USDJPYm,PULLBACK,BUY,2026.06.01 06:15:40,2026.06.01 07:42:20,86,159.494,159.468,-26.0,-16.3,0.0,0.0,SL_HIT,0.0,0.0,0.0,0,0.0,0.0,0.0,0.0,0,0.0,0.0,0,0,0,0,0.0,0,0.0,0.0,0,0.0,0.0,0.0,0.0,0.0,0.0,0.0,0.0,0.0,0,0,0.0,0,0,0.0,0.0,0,0.4,0.237,0.254,0.16,0.769,1.0,1,0.79,10.0,71.6
89235,USDJPYm,TREND_CONTINUATION,BUY,2026.06.01 07:38:20,2026.06.01 07:42:20,4,159.469,159.468,-1.0,-0.63,0.0,0.0,SL_HIT,0.0,0.0,0.0,0,0.0,0.0,0.0,0.0,0,0.0,0.0,0,0,0,0,0.0,0,0.0,0.0,0,0.0,0.0,0.0,0.0,0.0,0.0,0.0,0.0,0.0,0,0,0.0,0,0,0.0,0.0,0,0.4,0.237,0.254,0.16,0.769,1.0,1,0.79,10.0,71.6
89238,USDJPYm,BREAKOUT_RETEST,BUY,2026.06.01 09:02:40,2026.06.01 09:04:40,2,159.462,159.453,-9.0,-5.64,0.0,0.0,SL_HIT,0.0,0.0,0.0,0,0.0,0.0,0.0,0.0,0,0.0,0.0,0,0,0,0,0.0,0,0.0,0.0,0,0.0,0.0,0.0,0.0,0.0,0.0,0.0,0.0,0.0,0,0,0.0,0,0,0.0,0.0,0,0.0,0.3,0.228,0.0,0.66,0.8,1,1.0,10.0,66.6
89240,USDJPYm,BREAKOUT,BUY,2026.06.01 09:15:40,2026.06.01 09:16:59,1,159.471,159.462,-9.0,-5.64,0.0,0.0,SL_HIT,0.0,0.0,0.0,0,0.0,0.0,0.0,0.0,0,0.0,0.0,0,0,0,0,0.0,0,0.0,0.0,0,0.0,0.0,0.0,0.0,0.0,0.0,0.0,0.0,0.0,0,0,0.0,0,0,0.0,0.0,0,0.0,0.3,0.228,0.142,0.66,0.8,1,1.0,10.0,66.6
89242,USDJPYm,TREND_CONTINUATION,BUY,2026.06.01 09:38:20,2026.06.01 09:38:40,0,159.481,159.469,-12.0,-7.53,0.0,0.0,SL_HIT,0.0,0.0,0.0,0,0.0,0.0,0.0,0.0,0,0.0,0.0,0,0,0,0,0.0,0,0.0,0.0,0,0.0,0.0,0.0,0.0,0.0,0.0,0.0,0.0,0.0,0,0,0.0,0,0,0.0,0.0,0,0.0,0.3,0.228,0.142,0.66,0.8,1,1.0,10.0,66.6
89244,USDJPYm,TREND_CONTINUATION,BUY,2026.06.01 14:25:40,2026.06.01 14:30:59,5,159.723,159.706,-17.0,-10.64,0.0,0.0,SL_HIT,0.0,0.0,0.0,0,0.0,0.0,0.0,0.0,0,0.0,0.0,0,0,0,0,0.0,0,0.0,0.0,0,0.0,0.0,0.0,0.0,0.0,0.0,0.0,0.0,0.0,0,0,0.0,0,0,0.0,0.0,0,0.0,0.142,0.0,0.237,0.488,0.359,0,0.4743,10.0,69.6
89246,USDJPYm,ANCHORED_PULLBACK,BUY,2026.06.01 16:00:00,2026.06.01 16:00:40,0,159.664,159.652,-12.0,-7.52,0.0,0.0,SL_HIT,0.0,0.0,0.0,0,0.0,0.0,0.0,0.0,0,0.0,0.0,0,0,0,0,0.0,0,0.0,0.0,0,0.0,0.0,0.0,0.0,0.0,0.0,0.0,0.0,0.0,0,0,0.0,0,0,0.0,0.0,0,0.0,0.226,0.0,0.196,0.55,0.55,1,0.755,10.0,77.1
89247,USDJPYm,BREAKOUT,BUY,2026.06.01 16:00:20,2026.06.01 16:00:40,0,159.665,159.652,-13.0,-8.14,0.0,0.0,SL_HIT,0.0,0.0,0.0,0,0.0,0.0,0.0,0.0,0,0.0,0.0,0,0,0,0,0.0,0,0.0,0.0,0,0.0,0.0,0.0,0.0,0.0,0.0,0.0,0.0,0.0,0,0,0.0,0,0,0.0,0.0,0,0.0,0.226,0.0,0.196,0.55,0.55,1,0.755,10.0,77.1
89248,USDJPYm,BREAKOUT_RETEST,BUY,2026.06.01 16:00:30,2026.06.01 16:02:59,2,159.665,159.649,-16.0,-10.02,0.0,0.0,SL_HIT,0.0,0.0,0.0,0,0.0,0.0,0.0,0.0,0,0.0,0.0,0,0,0,0,0.0,0,0.0,0.0,0,0.0,0.0,0.0,0.0,0.0,0.0,0.0,0.0,0.0,0,0,0.0,0,0,0.0,0.0,0,0.0,0.226,0.0,0.092,0.55,0.55,1,0.755,10.0,77.1
89251,USDJPYm,MEAN_REVERSION,BUY,2026.06.01 16:00:40,2026.06.01 16:02:59,2,159.626,159.649,23.0,14.41,0.0,0.0,TRAIL_STOP,0.0,0.0,0.0,0,0.0,0.0,0.0,0.0,0,0.0,0.0,0,0,0,0,0.0,0,0.0,0.0,0,0.0,0.0,0.0,0.0,0.0,0.0,0.0,0.0,0.0,0,0,0.0,0,0,0.0,0.0,0,0.0,0.226,0.0,0.092,0.55,0.55,1,0.755,10.0,77.1
89254,USDJPYm,PULLBACK,BUY,2026.06.01 16:15:59,2026.06.01 16:16:20,0,159.71,159.697,-13.0,-8.14,0.0,0.0,SL_HIT,0.0,0.0,0.0,0,0.0,0.0,0.0,0.0,0,0.0,0.0,0,0,0,0,0.0,0,0.0,0.0,0,0.0,0.0,0.0,0.0,0.0,0.0,0.0,0.0,0.0,0,0,0.0,0,0,0.0,0.0,0,0.0,0.226,0.0,0.063,0.55,0.55,1,0.755,10.0,77.1
89256,USDJPYm,TREND_CONTINUATION,BUY,2026.06.01 16:35:40,2026.06.01 16:36:20,0,159.665,159.654,-11.0,-6.89,0.0,0.0,SL_HIT,0.0,0.0,0.0,0,0.0,0.0,0.0,0.0,0,0.0,0.0,0,0,0,0,0.0,0,0.0,0.0,0,0.0,0.0,0.0,0.0,0.0,0.0,0.0,0.0,0.0,0,0,0.0,0,0,0.0,0.0,0,0.0,0.226,0.0,0.092,0.55,0.55,1,0.755,10.0,77.1
89258,USDJPYm,SWEEP_REVERSAL,BUY,2026.06.01 17:01:40,2026.06.01 17:08:40,7,159.601,159.621,20.0,12.53,0.0,0.0,TRAIL_STOP,0.0,0.0,0.0,0,0.0,0.0,0.0,0.0,0,0.0,0.0,0,0,0,0,0.0,0,0.0,0.0,0,0.0,0.0,0.0,0.0,0.0,0.0,0.0,0.0,0.0,0,0,0.0,0,0,0.0,0.0,0,0.25,0.185,0.088,0.312,0.641,0.9,0,0.615,10.0,84.0
89260,USDJPYm,ANCHORED_PULLBACK,BUY,2026.06.01 18:00:00,2026.06.01 18:05:40,5,159.641,159.635,-6.0,-3.76,0.0,0.0,SL_HIT,0.0,0.0,0.0,0,0.0,0.0,0.0,0.0,0,0.0,0.0,0,0,0,0,0.0,0,0.0,0.0,0,0.0,0.0,0.0,0.0,0.0,0.0,0.0,0.0,0.0,0,0,0.0,0,0,0.0,0.0,0,0.25,0.195,0.234,0.169,0.655,0.65,1,0.65,10.0,88.4
89261,USDJPYm,BREAKOUT_RETEST,BUY,2026.06.01 18:00:20,2026.06.01 18:05:40,5,159.641,159.635,-6.0,-3.76,0.0,0.0,SL_HIT,0.0,0.0,0.0,0,0.0,0.0,0.0,0.0,0,0.0,0.0,0,0,0,0,0.0,0,0.0,0.0,0,0.0,0.0,0.0,0.0,0.0,0.0,0.0,0.0,0.0,0,0,0.0,0,0,0.0,0.0,0,0.25,0.195,0.234,0.169,0.655,0.65,1,0.65,10.0,88.4
89262,USDJPYm,MEAN_REVERSION,BUY,2026.06.01 18:00:40,2026.06.01 18:05:40,5,159.637,159.635,-2.0,-1.25,0.0,0.0,SL_HIT,0.0,0.0,0.0,0,0.0,0.0,0.0,0.0,0,0.0,0.0,0,0,0,0,0.0,0,0.0,0.0,0,0.0,0.0,0.0,0.0,0.0,0.0,0.0,0.0,0.0,0,0,0.0,0,0,0.0,0.0,0,0.25,0.195,0.234,0.169,0.655,0.65,1,0.65,10.0,88.4
89266,USDJPYm,PULLBACK,BUY,2026.06.01 18:30:40,2026.06.01 18:32:40,2,159.662,159.648,-14.0,-8.77,0.0,0.0,SL_HIT,0.0,0.0,0.0,0,0.0,0.0,0.0,0.0,0,0.0,0.0,0,0,0,0,0.0,0,0.0,0.0,0,0.0,0.0,0.0,0.0,0.0,0.0,0.0,0.0,0.0,0,0,0.0,0,0,0.0,0.0,0,0.25,0.195,0.234,0.1,0.655,0.65,1,0.65,10.0,88.4
89268,USDJPYm,TREND_CONTINUATION,BUY,2026.06.01 18:41:20,2026.06.01 18:41:40,0,159.658,159.645,-13.0,-8.14,0.0,0.0,SL_HIT,0.0,0.0,0.0,0,0.0,0.0,0.0,0.0,0,0.0,0.0,0,0,0,0,0.0,0,0.0,0.0,0,0.0,0.0,0.0,0.0,0.0,0.0,0.0,0.0,0.0,0,0,0.0,0,0,0.0,0.0,0,0.25,0.195,0.234,0.1,0.655,0.65,1,0.65,10.0,88.4
89270,USDJPYm,BREAKOUT_RETEST,BUY,2026.06.01 20:01:40,2026.06.01 20:02:40,1,159.686,159.669,-17.0,-10.65,0.0,0.0,SL_HIT,0.0,0.0,0.0,0,0.0,0.0,0.0,0.0,0,0.0,0.0,0,0,0,0,0.0,0,0.0,0.0,0,0.0,0.0,0.0,0.0,0.0,0.0,0.0,0.0,0.0,0,0,0.0,0,0,0.0,0.0,0,0.0,0.269,0.142,0.151,0.582,1.0,1,0.895,10.0,101.3
89272,USDJPYm,BREAKOUT,BUY,2026.06.01 20:09:59,2026.06.01 20:17:20,7,159.685,159.666,-19.0,-11.9,0.0,0.0,SL_HIT,0.0,0.0,0.0,0,0.0,0.0,0.0,0.0,0,0.0,0.0,0,0,0,0,0.0,0,0.0,0.0,0,0.0,0.0,0.0,0.0,0.0,0.0,0.0,0.0,0.0,0,0,0.0,0,0,0.0,0.0,0,0.0,0.269,0.142,0.129,0.582,1.0,1,0.895,10.0,101.3
89274,USDJPYm,PULLBACK,BUY,2026.06.01 20:30:40,2026.06.01 20:31:40,1,159.687,159.672,-15.0,-9.39,0.0,0.0,SL_HIT,0.0,0.0,0.0,0,0.0,0.0,0.0,0.0,0,0.0,0.0,0,0,0,0,0.0,0,0.0,0.0,0,0.0,0.0,0.0,0.0,0.0,0.0,0.0,0.0,0.0,0,0,0.0,0,0,0.0,0.0,0,0.0,0.269,0.142,0.151,0.582,1.0,1,0.895,10.0,101.3
89276,USDJPYm,TREND_CONTINUATION,BUY,2026.06.01 21:02:30,2026.06.01 21:05:00,2,159.695,159.653,-42.0,-26.32,0.0,0.0,SL_HIT,0.0,0.0,0.0,0,0.0,0.0,0.0,0.0,0,0.0,0.0,0,0,0,0,0.0,0,0.0,0.0,0,0.0,0.0,0.0,0.0,0.0,0.0,0.0,0.0,0.0,0,0,0.0,0,0,0.0,0.0,0,0.25,0.226,0.21,0.381,0.721,0.8,0,0.755,61.0,98.1
89278,USDJPYm,BREAKOUT_RETEST,BUY,2026.06.01 22:01:59,2026.06.01 22:20:40,18,159.639,159.632,-7.0,-4.39,0.0,0.0,SL_HIT,0.0,0.0,0.0,0,0.0,0.0,0.0,0.0,0,0.0,0.0,0,0,0,0,0.0,0,0.0,0.0,0,0.0,0.0,0.0,0.0,0.0,0.0,0.0,0.0,0.0,0,0,0.0,0,0,0.0,0.0,0,0.0,0.29,0.112,0.17,0.699,0.8,1,0.965,10.0,105.5
89279,USDJPYm,BREAKOUT,BUY,2026.06.01 22:10:40,2026.06.01 22:20:40,10,159.66,159.632,-28.0,-17.54,0.0,0.0,SL_HIT,0.0,0.0,0.0,0,0.0,0.0,0.0,0.0,0,0.0,0.0,0,0,0,0,0.0,0,0.0,0.0,0,0.0,0.0,0.0,0.0,0.0,0.0,0.0,0.0,0.0,0,0,0.0,0,0,0.0,0.0,0,0.0,0.29,0.112,0.17,0.699,0.8,1,0.965,10.0,105.5
89282,USDJPYm,PULLBACK,BUY,2026.06.01 22:30:59,2026.06.01 22:32:40,1,159.664,159.65,-14.0,-8.77,0.0,0.0,SL_HIT,0.0,0.0,0.0,0,0.0,0.0,0.0,0.0,0,0.0,0.0,0,0,0,0,0.0,0,0.0,0.0,0,0.0,0.0,0.0,0.0,0.0,0.0,0.0,0.0,0.0,0,0,0.0,0,0,0.0,0.0,0,0.0,0.29,0.112,0.205,0.699,0.8,1,0.965,10.0,105.5
89284,USDJPYm,TREND_CONTINUATION,BUY,2026.06.01 23:02:59,2026.06.01 23:03:40,0,159.661,159.647,-14.0,-8.77,0.0,0.0,SL_HIT,0.0,0.0,0.0,0,0.0,0.0,0.0,0.0,0,0.0,0.0,0,0,0,0,0.0,0,0.0,0.0,0,0.0,0.0,0.0,0.0,0.0,0.0,0.0,0.0,0.0,0,0,0.0,0,0,0.0,0.0,0,0.25,0.247,0.193,0.256,0.727,0.8,1,0.825,10.0,106.9
89286,USDJPYm,BREAKOUT,BUY,2026.06.02 02:00:00,2026.06.02 02:01:40,1,159.711,159.687,-24.0,-15.03,0.0,0.0,SL_HIT,0.0,0.0,0.0,0,0.0,0.0,0.0,0.0,0,0.0,0.0,0,0,0,0,0.0,0,0.0,0.0,0,0.0,0.0,0.0,0.0,0.0,0.0,0.0,0.0,0.0,0,0,0.0,0,0,0.0,0.0,0,0.0,0.112,0.108,0.223,0.774,0.208,0,0.3736,10.0,113.0
89287,USDJPYm,PULLBACK,BUY,2026.06.02 02:00:20,2026.06.02 02:01:40,1,159.713,159.687,-26.0,-16.28,0.0,0.0,SL_HIT,0.0,0.0,0.0,0,0.0,0.0,0.0,0.0,0,0.0,0.0,0,0,0,0,0.0,0,0.0,0.0,0,0.0,0.0,0.0,0.0,0.0,0.0,0.0,0.0,0.0,0,0,0.0,0,0,0.0,0.0,0,0.0,0.112,0.108,0.223,0.774,0.208,0,0.3736,10.0,113.0
89290,USDJPYm,BREAKOUT_RETEST,BUY,2026.06.02 02:30:40,2026.06.02 02:31:59,1,159.686,159.681,-5.0,-3.13,0.0,0.0,SL_HIT,0.0,0.0,0.0,0,0.0,0.0,0.0,0.0,0,0.0,0.0,0,0,0,0,0.0,0,0.0,0.0,0,0.0,0.0,0.0,0.0,0.0,0.0,0.0,0.0,0.0,0,0,0.0,0,0,0.0,0.0,0,0.0,0.112,0.108,0.156,0.774,0.208,1,0.3736,10.0,113.0
89292,USDJPYm,TREND_CONTINUATION,BUY,2026.06.02 03:02:59,2026.06.02 03:03:20,0,159.713,159.699,-14.0,-8.77,0.0,0.0,SL_HIT,0.0,0.0,0.0,0,0.0,0.0,0.0,0.0,0,0.0,0.0,0,0,0,0,0.0,0,0.0,0.0,0,0.0,0.0,0.0,0.0,0.0,0.0,0.0,0.0,0.0,0,0,0.0,0,0,0.0,0.0,0,0.0,0.174,0.12,0.047,0.704,0.54,1,0.5799,10.0,111.5
89294,USDJPYm,BREAKOUT,BUY,2026.06.02 04:00:00,2026.06.02 04:01:20,1,159.724,159.711,-13.0,-8.14,0.0,0.0,SL_HIT,0.0,0.0,0.0,0,0.0,0.0,0.0,0.0,0,0.0,0.0,0,0,0,0,0.0,0,0.0,0.0,0,0.0,0.0,0.0,0.0,0.0,0.0,0.0,0.0,0.0,0,0,0.0,0,0,0.0,0.0,0,0.0,0.223,0.086,0.093,0.718,0.809,1,0.7442,10.0,95.5
89295,USDJPYm,PULLBACK,BUY,2026.06.02 04:00:20,2026.06.02 04:01:20,1,159.724,159.711,-13.0,-8.14,0.0,0.0,SL_HIT,0.0,0.0,0.0,0,0.0,0.0,0.0,0.0,0,0.0,0.0,0,0,0,0,0.0,0,0.0,0.0,0,0.0,0.0,0.0,0.0,0.0,0.0,0.0,0.0,0.0,0,0,0.0,0,0,0.0,0.0,0,0.0,0.223,0.086,0.093,0.718,0.809,1,0.7442,10.0,95.5
89298,USDJPYm,BREAKOUT_RETEST,BUY,2026.06.02 04:30:40,2026.06.02 04:33:40,3,159.721,159.72,-1.0,-0.63,0.0,0.0,SL_HIT,0.0,0.0,0.0,0,0.0,0.0,0.0,0.0,0,0.0,0.0,0,0,0,0,0.0,0,0.0,0.0,0,0.0,0.0,0.0,0.0,0.0,0.0,0.0,0.0,0.0,0,0,0.0,0,0,0.0,0.0,0,0.0,0.223,0.086,0.157,0.718,0.809,1,0.7442,10.0,95.5
89300,USDJPYm,TREND_CONTINUATION,BUY,2026.06.02 05:02:59,2026.06.02 05:03:40,0,159.724,159.713,-11.0,-6.89,0.0,0.0,SL_HIT,0.0,0.0,0.0,0,0.0,0.0,0.0,0.0,0,0.0,0.0,0,0,0,0,0.0,0,0.0,0.0,0,0.0,0.0,0.0,0.0,0.0,0.0,0.0,0.0,0.0,0,0,0.0,0,0,0.0,0.0,0,0.15,0.237,0.053,0.06,0.58,0.9,1,0.79,10.0,89.2
89302,USDJPYm,BREAKOUT,BUY,2026.06.02 06:00:00,2026.06.02 06:00:40,0,159.745,159.734,-11.0,-6.89,0.0,0.0,SL_HIT,0.0,0.0,0.0,0,0.0,0.0,0.0,0.0,0,0.0,0.0,0,0,0,0,0.0,0,0.0,0.0,0,0.0,0.0,0.0,0.0,0.0,0.0,0.0,0.0,0.0,0,0,0.0,0,0,0.0,0.0,0,0.15,0.247,0.236,0.299,0.653,0.975,0,0.825,10.0,80.4
89303,USDJPYm,PULLBACK,BUY,2026.06.02 06:00:20,2026.06.02 06:00:40,0,159.747,159.734,-13.0,-8.14,0.0,0.0,SL_HIT,0.0,0.0,0.0,0,0.0,0.0,0.0,0.0,0,0.0,0.0,0,0,0,0,0.0,0,0.0,0.0,0,0.0,0.0,0.0,0.0,0.0,0.0,0.0,0.0,0.0,0,0,0.0,0,0,0.0,0.0,0,0.15,0.247,0.236,0.299,0.653,0.975,0,0.825,10.0,80.4
89306,USDJPYm,BREAKOUT_RETEST,BUY,2026.06.02 06:32:40,2026.06.02 06:34:40,2,159.711,159.687,-24.0,-15.03,0.0,0.0,SL_HIT,0.0,0.0,0.0,0,0.0,0.0,0.0,0.0,0,0.0,0.0,0,0,0,0,0.0,0,0.0,0.0,0,0.0,0.0,0.0,0.0,0.0,0.0,0.0,0.0,0.0,0,0,0.0,0,0,0.0,0.0,0,0.15,0.247,0.236,0.298,0.653,0.975,0,0.825,10.0,80.4
89308,USDJPYm,TREND_CONTINUATION,BUY,2026.06.02 07:02:59,2026.06.02 07:21:40,18,159.72,159.699,-21.0,-13.15,0.0,0.0,SL_HIT,0.0,0.0,0.0,0,0.0,0.0,0.0,0.0,0,0.0,0.0,0,0,0,0,0.0,0,0.0,0.0,0,0.0,0.0,0.0,0.0,0.0,0.0,0.0,0.0,0.0,0,0,0.0,0,0,0.0,0.0,0,0.15,0.258,0.207,0.218,0.769,0.7,1,0.86,10.0,74.6
89310,USDJPYm,MEAN_REVERSION,BUY,2026.06.02 08:02:40,2026.06.02 08:03:40,1,159.672,159.685,13.0,8.14,0.0,0.0,TRAIL_STOP,0.0,0.0,0.0,0,0.0,0.0,0.0,0.0,0,0.0,0.0,0,0,0,0,0.0,0,0.0,0.0,0,0.0,0.0,0.0,0.0,0.0,0.0,0.0,0.0,0.0,0,0,0.0,0,0,0.0,0.0,0,0.4,0.216,0.306,0.457,0.795,1.0,0,0.72,10.0,69.4
89312,USDJPYm,SWEEP_REVERSAL,BUY,2026.06.02 08:03:40,2026.06.02 08:04:40,1,159.666,159.675,9.0,5.64,0.0,0.0,TRAIL_STOP,0.0,0.0,0.0,0,0.0,0.0,0.0,0.0,0,0.0,0.0,0,0,0,0,0.0,0,0.0,0.0,0,0.0,0.0,0.0,0.0,0.0,0.0,0.0,0.0,0.0,0,0,0.0,0,0,0.0,0.0,0,0.4,0.216,0.306,0.457,0.795,1.0,0,0.72,10.0,69.4
89314,USDJPYm,PULLBACK,BUY,2026.06.02 08:27:40,2026.06.02 08:28:59,1,159.714,159.706,-8.0,-5.01,0.0,0.0,SL_HIT,0.0,0.0,0.0,0,0.0,0.0,0.0,0.0,0,0.0,0.0,0,0,0,0,0.0,0,0.0,0.0,0,0.0,0.0,0.0,0.0,0.0,0.0,0.0,0.0,0.0,0,0,0.0,0,0,0.0,0.0,0,0.4,0.216,0.306,0.338,0.795,1.0,1,0.72,10.0,69.4
89316,USDJPYm,BREAKOUT_RETEST,BUY,2026.06.02 08:32:40,2026.06.02 08:33:40,1,159.715,159.704,-11.0,-6.89,0.0,0.0,SL_HIT,0.0,0.0,0.0,0,0.0,0.0,0.0,0.0,0,0.0,0.0,0,0,0,0,0.0,0,0.0,0.0,0,0.0,0.0,0.0,0.0,0.0,0.0,0.0,0.0,0.0,0,0,0.0,0,0,0.0,0.0,0,0.4,0.216,0.306,0.356,0.795,1.0,1,0.72,10.0,69.4
89318,USDJPYm,ANCHORED_PULLBACK,BUY,2026.06.02 09:00:20,2026.06.02 09:01:40,1,159.749,159.741,-8.0,-5.01,0.0,0.0,SL_HIT,0.0,0.0,0.0,0,0.0,0.0,0.0,0.0,0,0.0,0.0,0,0,0,0,0.0,0,0.0,0.0,0,0.0,0.0,0.0,0.0,0.0,0.0,0.0,0.0,0.0,0,0,0.0,0,0,0.0,0.0,0,0.15,0.279,0.053,0.28,0.673,1.0,0,0.93,10.0,65.4
89320,USDJPYm,TREND_CONTINUATION,BUY,2026.06.02 09:02:59,2026.06.02 09:03:59,1,159.748,159.743,-5.0,-3.13,0.0,0.0,SL_HIT,0.0,0.0,0.0,0,0.0,0.0,0.0,0.0,0,0.0,0.0,0,0,0,0,0.0,0,0.0,0.0,0,0.0,0.0,0.0,0.0,0.0,0.0,0.0,0.0,0.0,0,0,0.0,0,0,0.0,0.0,0,0.15,0.279,0.053,0.347,0.673,1.0,0,0.93,10.0,65.4
89322,USDJPYm,BREAKOUT,BUY,2026.06.02 10:00:00,2026.06.02 10:00:59,0,159.745,159.743,-2.0,-1.25,0.0,0.0,SL_HIT,0.0,0.0,0.0,0,0.0,0.0,0.0,0.0,0,0.0,0.0,0,0,0,0,0.0,0,0.0,0.0,0,0.0,0.0,0.0,0.0,0.0,0.0,0.0,0.0,0.0,0,0,0.0,0,0,0.0,0.0,0,0.0,0.29,0.0,0.269,0.663,1.0,0,0.965,10.0,61.5
89324,USDJPYm,PULLBACK,BUY,2026.06.02 10:27:40,2026.06.02 10:28:20,0,159.726,159.72,-6.0,-3.76,0.0,0.0,SL_HIT,0.0,0.0,0.0,0,0.0,0.0,0.0,0.0,0,0.0,0.0,0,0,0,0,0.0,0,0.0,0.0,0,0.0,0.0,0.0,0.0,0.0,0.0,0.0,0.0,0.0,0,0,0.0,0,0,0.0,0.0,0,0.0,0.29,0.0,0.0,0.663,1.0,1,0.965,10.0,61.5
89326,USDJPYm,BREAKOUT_RETEST,BUY,2026.06.02 10:32:40,2026.06.02 10:34:40,2,159.735,159.723,-12.0,-7.51,0.0,0.0,SL_HIT,0.0,0.0,0.0,0,0.0,0.0,0.0,0.0,0,0.0,0.0,0,0,0,0,0.0,0,0.0,0.0,0,0.0,0.0,0.0,0.0,0.0,0.0,0.0,0.0,0.0,0,0,0.0,0,0,0.0,0.0,0,0.0,0.29,0.0,0.0,0.663,1.0,1,0.965,10.0,61.5
89328,USDJPYm,TREND_CONTINUATION,BUY,2026.06.02 11:03:40,2026.06.02 11:04:59,1,159.729,159.725,-4.0,-2.5,0.0,0.0,SL_HIT,0.0,0.0,0.0,0,0.0,0.0,0.0,0.0,0,0.0,0.0,0,0,0,0,0.0,0,0.0,0.0,0,0.0,0.0,0.0,0.0,0.0,0.0,0.0,0.0,0.0,0,0,0.0,0,0,0.0,0.0,0,0.0,0.3,0.0,0.071,0.631,0.8,1,1.0,10.0,61.3
89330,USDJPYm,BREAKOUT,BUY,2026.06.02 12:00:00,2026.06.02 12:00:40,0,159.751,159.742,-9.0,-5.63,0.0,0.0,SL_HIT,0.0,0.0,0.0,0,0.0,0.0,0.0,0.0,0,0.0,0.0,0,0,0,0,0.0,0,0.0,0.0,0,0.0,0.0,0.0,0.0,0.0,0.0,0.0,0.0,0.0,0,0,0.0,0,0,0.0,0.0,0,0.0,0.28,0.0,0.125,0.76,0.733,1,0.9331,10.0,51.0
89331,USDJPYm,ANCHORED_PULLBACK,BUY,2026.06.02 12:00:20,2026.06.02 12:00:40,0,159.754,159.742,-12.0,-7.51,0.0,0.0,SL_HIT,0.0,0.0,0.0,0,0.0,0.0,0.0,0.0,0,0.0,0.0,0,0,0,0,0.0,0,0.0,0.0,0,0.0,0.0,0.0,0.0,0.0,0.0,0.0,0.0,0.0,0,0,0.0,0,0,0.0,0.0,0,0.0,0.28,0.0,0.125,0.76,0.733,1,0.9331,10.0,51.0
89334,USDJPYm,PULLBACK,BUY,2026.06.02 12:27:40,2026.06.02 13:00:20,32,159.77,159.771,1.0,0.63,0.0,0.0,TRAIL_STOP,0.0,0.0,0.0,0,0.0,0.0,0.0,0.0,0,0.0,0.0,0,0,0,0,0.0,0,0.0,0.0,0,0.0,0.0,0.0,0.0,0.0,0.0,0.0,0.0,0.0,0,0,0.0,0,0,0.0,0.0,0,0.15,0.3,0.053,0.277,0.649,1.0,0,1.0,10.0,50.5
89336,USDJPYm,TREND_CONTINUATION,BUY,2026.06.02 13:03:40,2026.06.02 13:04:20,0,159.782,159.773,-9.0,-5.63,0.0,0.0,SL_HIT,0.0,0.0,0.0,0,0.0,0.0,0.0,0.0,0,0.0,0.0,0,0,0,0,0.0,0,0.0,0.0,0,0.0,0.0,0.0,0.0,0.0,0.0,0.0,0.0,0.0,0,0,0.0,0,0,0.0,0.0,0,0.15,0.3,0.053,0.277,0.649,1.0,0,1.0,10.0,50.5
89338,USDJPYm,BREAKOUT,BUY,2026.06.02 14:00:00,2026.06.02 14:25:40,25,159.811,159.86,49.0,30.65,0.0,0.0,TRAIL_STOP,0.0,0.0,0.0,0,0.0,0.0,0.0,0.0,0,0.0,0.0,0,0,0,0,0.0,0,0.0,0.0,0,0.0,0.0,0.0,0.0,0.0,0.0,0.0,0.0,0.0,0,0,0.0,0,0,0.0,0.0,0,0.15,0.3,0.15,0.351,0.576,1.0,0,1.0,10.0,52.4
89340,USDJPYm,PULLBACK,BUY,2026.06.02 14:27:40,2026.06.02 14:28:40,1,159.874,159.862,-12.0,-7.51,0.0,0.0,SL_HIT,0.0,0.0,0.0,0,0.0,0.0,0.0,0.0,0,0.0,0.0,0,0,0,0,0.0,0,0.0,0.0,0,0.0,0.0,0.0,0.0,0.0,0.0,0.0,0.0,0.0,0,0,0.0,0,0,0.0,0.0,0,0.15,0.3,0.15,0.351,0.576,1.0,0,1.0,10.0,52.4
89342,USDJPYm,ANCHORED_PULLBACK,BUY,2026.06.02 15:00:00,2026.06.02 15:16:20,16,159.868,159.875,7.0,4.38,0.0,0.0,TRAIL_STOP,0.0,0.0,0.0,0,0.0,0.0,0.0,0.0,0,0.0,0.0,0,0,0,0,0.0,0,0.0,0.0,0,0.0,0.0,0.0,0.0,0.0,0.0,0.0,0.0,0.0,0,0,0.0,0,0,0.0,0.0,0,0.15,0.3,0.15,0.298,0.599,1.0,0,1.0,10.0,51.0
89343,USDJPYm,TREND_CONTINUATION,BUY,2026.06.02 15:03:40,2026.06.02 15:16:20,12,159.872,159.875,3.0,1.88,0.0,0.0,TRAIL_STOP,0.0,0.0,0.0,0,0.0,0.0,0.0,0.0,0,0.0,0.0,0,0,0,0,0.0,0,0.0,0.0,0,0.0,0.0,0.0,0.0,0.0,0.0,0.0,0.0,0.0,0,0,0.0,0,0,0.0,0.0,0,0.15,0.3,0.15,0.298,0.599,1.0,0,1.0,10.0,51.0
89346,USDJPYm,BREAKOUT,BUY,2026.06.02 16:00:00,2026.06.02 16:01:40,1,159.88,159.885,5.0,3.13,0.0,0.0,TRAIL_STOP,0.0,0.0,0.0,0,0.0,0.0,0.0,0.0,0,0.0,0.0,0,0,0,0,0.0,0,0.0,0.0,0,0.0,0.0,0.0,0.0,0.0,0.0,0.0,0.0,0.0,0,0,0.0,0,0,0.0,0.0,0,0.0,0.3,0.0,0.082,0.516,1.0,0,1.0,10.0,48.0
89348,USDJPYm,PULLBACK,BUY,2026.06.02 16:27:40,2026.06.02 16:28:20,0,159.903,159.892,-11.0,-6.88,0.0,0.0,SL_HIT,0.0,0.0,0.0,0,0.0,0.0,0.0,0.0,0,0.0,0.0,0,0,0,0,0.0,0,0.0,0.0,0,0.0,0.0,0.0,0.0,0.0,0.0,0.0,0.0,0.0,0,0,0.0,0,0,0.0,0.0,0,0.0,0.3,0.0,0.189,0.516,1.0,0,1.0,10.0,48.0
89350,USDJPYm,BREAKOUT_RETEST,BUY,2026.06.02 17:00:40,2026.06.02 17:01:20,0,159.898,159.891,-7.0,-4.38,0.0,0.0,SL_HIT,0.0,0.0,0.0,0,0.0,0.0,0.0,0.0,0,0.0,0.0,0,0,0,0,0.0,0,0.0,0.0,0,0.0,0.0,0.0,0.0,0.0,0.0,0.0,0.0,0.0,0,0,0.0,0,0,0.0,0.0,0,0.15,0.3,0.165,0.205,0.434,1.0,1,1.0,10.0,51.1
89352,USDJPYm,TREND_CONTINUATION,BUY,2026.06.02 17:03:40,2026.06.02 17:04:20,0,159.901,159.891,-10.0,-6.25,0.0,0.0,SL_HIT,0.0,0.0,0.0,0,0.0,0.0,0.0,0.0,0,0.0,0.0,0,0,0,0,0.0,0,0.0,0.0,0,0.0,0.0,0.0,0.0,0.0,0.0,0.0,0.0,0.0,0,0,0.0,0,0,0.0,0.0,0,0.15,0.3,0.165,0.205,0.434,1.0,1,1.0,10.0,51.1
89354,USDJPYm,BREAKOUT,BUY,2026.06.02 18:00:00,2026.06.02 18:00:40,0,159.968,159.956,-12.0,-7.5,0.0,0.0,SL_HIT,0.0,0.0,0.0,0,0.0,0.0,0.0,0.0,0,0.0,0.0,0,0,0,0,0.0,0,0.0,0.0,0,0.0,0.0,0.0,0.0,0.0,0.0,0.0,0.0,0.0,0,0,0.0,0,0,0.0,0.0,0,0.15,0.3,0.158,0.293,0.554,1.0,0,1.0,10.0,54.2
89356,USDJPYm,PULLBACK,BUY,2026.06.02 18:27:40,2026.06.02 18:28:20,0,159.961,159.952,-9.0,-5.63,0.0,0.0,SL_HIT,0.0,0.0,0.0,0,0.0,0.0,0.0,0.0,0,0.0,0.0,0,0,0,0,0.0,0,0.0,0.0,0,0.0,0.0,0.0,0.0,0.0,0.0,0.0,0.0,0.0,0,0,0.0,0,0,0.0,0.0,0,0.15,0.3,0.158,0.293,0.554,1.0,0,1.0,10.0,54.2
89358,USDJPYm,BREAKOUT_RETEST,BUY,2026.06.02 19:00:40,2026.06.02 19:06:40,6,159.907,159.907,0.0,0.0,0.0,0.0,TRAIL_STOP,0.0,0.0,0.0,0,0.0,0.0,0.0,0.0,0,0.0,0.0,0,0,0,0,0.0,0,0.0,0.0,0,0.0,0.0,0.0,0.0,0.0,0.0,0.0,0.0,0.0,0,0,0.0,0,0,0.0,0.0,0,0.0,0.3,0.0,0.154,0.651,0.8,1,1.0,10.0,59.0
89359,USDJPYm,TREND_CONTINUATION,BUY,2026.06.02 19:03:40,2026.06.02 19:18:59,15,159.928,159.908,-20.0,-12.51,0.0,0.0,SL_HIT,0.0,0.0,0.0,0,0.0,0.0,0.0,0.0,0,0.0,0.0,0,0,0,0,0.0,0,0.0,0.0,0,0.0,0.0,0.0,0.0,0.0,0.0,0.0,0.0,0.0,0,0,0.0,0,0,0.0,0.0,0,0.0,0.3,0.0,0.166,0.651,0.8,1,1.0,10.0,59.0
89362,USDJPYm,BREAKOUT,BUY,2026.06.02 20:00:40,2026.06.02 20:17:20,16,159.943,159.917,-26.0,-16.26,0.0,0.0,SL_HIT,0.0,0.0,0.0,0,0.0,0.0,0.0,0.0,0,0.0,0.0,0,0,0,0,0.0,0,0.0,0.0,0,0.0,0.0,0.0,0.0,0.0,0.0,0.0,0.0,0.0,0,0,0.0,0,0,0.0,0.0,0,0.25,0.247,0.196,0.122,0.66,0.8,1,0.825,10.0,61.3
89364,USDJPYm,PULLBACK,BUY,2026.06.02 20:27:40,2026.06.02 20:28:20,0,159.943,159.931,-12.0,-7.5,0.0,0.0,SL_HIT,0.0,0.0,0.0,0,0.0,0.0,0.0,0.0,0,0.0,0.0,0,0,0,0,0.0,0,0.0,0.0,0,0.0,0.0,0.0,0.0,0.0,0.0,0.0,0.0,0.0,0,0,0.0,0,0,0.0,0.0,0,0.25,0.247,0.196,0.178,0.66,0.8,1,0.825,10.0,61.3
89366,USDJPYm,TREND_CONTINUATION,BUY,2026.06.02 21:05:20,2026.06.02 21:06:00,0,159.878,159.879,1.0,0.63,0.0,0.0,TRAIL_STOP,0.0,0.0,0.0,0,0.0,0.0,0.0,0.0,0,0.0,0.0,0,0,0,0,0.0,0,0.0,0.0,0,0.0,0.0,0.0,0.0,0.0,0.0,0.0,0.0,0.0,0,0,0.0,0,0,0.0,0.0,0,0.15,0.3,0.134,0.331,0.627,0.8,0,1.0,69.0,60.4
89368,USDJPYm,BREAKOUT,BUY,2026.06.02 22:04:40,2026.06.02 22:07:40,3,159.931,159.916,-15.0,-9.38,0.0,0.0,SL_HIT,0.0,0.0,0.0,0,0.0,0.0,0.0,0.0,0,0.0,0.0,0,0,0,0,0.0,0,0.0,0.0,0,0.0,0.0,0.0,0.0,0.0,0.0,0.0,0.0,0.0,0,0,0.0,0,0,0.0,0.0,0,0.0,0.3,0.14,0.209,0.573,0.8,0,1.0,10.0,65.8
89370,USDJPYm,MEAN_REVERSION,BUY,2026.06.02 22:27:59,2026.06.02 22:31:20,3,159.926,159.916,-10.0,-6.25,0.0,0.0,SL_HIT,0.0,0.0,0.0,0,0.0,0.0,0.0,0.0,0,0.0,0.0,0,0,0,0,0.0,0,0.0,0.0,0,0.0,0.0,0.0,0.0,0.0,0.0,0.0,0.0,0.0,0,0,0.0,0,0,0.0,0.0,0,0.0,0.3,0.14,0.0,0.573,0.8,1,1.0,10.0,65.8
89372,USDJPYm,PULLBACK,BUY,2026.06.02 22:32:20,2026.06.02 22:32:40,0,159.93,159.918,-12.0,-7.5,0.0,0.0,SL_HIT,0.0,0.0,0.0,0,0.0,0.0,0.0,0.0,0,0.0,0.0,0,0,0,0,0.0,0,0.0,0.0,0,0.0,0.0,0.0,0.0,0.0,0.0,0.0,0.0,0.0,0,0,0.0,0,0,0.0,0.0,0,0.0,0.3,0.14,0.0,0.573,0.8,1,1.0,10.0,65.8
89374,USDJPYm,TREND_CONTINUATION,BUY,2026.06.02 23:05:20,2026.06.02 23:05:40,0,159.977,159.965,-12.0,-7.5,0.0,0.0,SL_HIT,0.0,0.0,0.0,0,0.0,0.0,0.0,0.0,0,0.0,0.0,0,0,0,0,0.0,0,0.0,0.0,0,0.0,0.0,0.0,0.0,0.0,0.0,0.0,0.0,0.0,0,0,0.0,0,0,0.0,0.0,0,0.25,0.247,0.088,0.389,0.731,0.8,0,0.825,10.0,64.2
89376,USDJPYm,ANCHORED_PULLBACK,BUY,2026.06.02 23:26:40,2026.06.02 23:28:40,2,159.984,159.98,-4.0,-2.5,0.0,0.0,SL_HIT,0.0,0.0,0.0,0,0.0,0.0,0.0,0.0,0,0.0,0.0,0,0,0,0,0.0,0,0.0,0.0,0,0.0,0.0,0.0,0.0,0.0,0.0,0.0,0.0,0.0,0,0,0.0,0,0,0.0,0.0,0,0.25,0.247,0.088,0.389,0.731,0.8,0,0.825,10.0,64.2
89378,USDJPYm,BREAKOUT_RETEST,BUY,2026.06.03 00:00:40,2026.06.03 00:01:40,1,159.974,159.97,-4.0,-2.5,0.0,0.0,SL_HIT,0.0,0.0,0.0,0,0.0,0.0,0.0,0.0,0,0.0,0.0,0,0,0,0,0.0,0,0.0,0.0,0,0.0,0.0,0.0,0.0,0.0,0.0,0.0,0.0,0.0,0,0,0.0,0,0,0.0,0.0,0,0.0,0.3,0.103,0.181,0.595,1.0,1,1.0,10.0,63.9
89380,USDJPYm,BREAKOUT,BUY,2026.06.03 00:04:40,2026.06.03 00:05:40,1,159.971,159.957,-14.0,-8.75,0.0,0.0,SL_HIT,0.0,0.0,0.0,0,0.0,0.0,0.0,0.0,0,0.0,0.0,0,0,0,0,0.0,0,0.0,0.0,0,0.0,0.0,0.0,0.0,0.0,0.0,0.0,0.0,0.0,0,0,0.0,0,0,0.0,0.0,0,0.0,0.3,0.103,0.25,0.595,1.0,1,1.0,10.0,63.9
89382,USDJPYm,PULLBACK,BUY,2026.06.03 00:32:40,2026.06.03 00:51:40,19,159.913,159.911,-2.0,-1.25,0.0,0.0,SL_HIT,0.0,0.0,0.0,0,0.0,0.0,0.0,0.0,0,0.0,0.0,0,0,0,0,0.0,0,0.0,0.0,0,0.0,0.0,0.0,0.0,0.0,0.0,0.0,0.0,0.0,0,0,0.0,0,0,0.0,0.0,0,0.0,0.3,0.103,0.192,0.595,1.0,1,1.0,10.0,63.9
89384,USDJPYm,TREND_CONTINUATION,BUY,2026.06.03 01:05:20,2026.06.03 01:20:20,15,159.94,159.911,-29.0,-18.14,0.0,0.0,SL_HIT,0.0,0.0,0.0,0,0.0,0.0,0.0,0.0,0,0.0,0.0,0,0,0,0,0.0,0,0.0,0.0,0,0.0,0.0,0.0,0.0,0.0,0.0,0.0,0.0,0.0,0,0,0.0,0,0,0.0,0.0,0,0.0,0.247,0.076,0.149,0.519,0.8,1,0.825,10.0,67.5
89385,USDJPYm,SWEEP_REVERSAL,BUY,2026.06.03 01:10:40,2026.06.03 01:20:20,9,159.914,159.911,-3.0,-1.88,0.0,0.0,SL_HIT,0.0,0.0,0.0,0,0.0,0.0,0.0,0.0,0,0.0,0.0,0,0,0,0,0.0,0,0.0,0.0,0,0.0,0.0,0.0,0.0,0.0,0.0,0.0,0.0,0.0,0,0,0.0,0,0,0.0,0.0,0,0.0,0.247,0.076,0.149,0.519,0.8,1,0.825,10.0,67.5
89388,USDJPYm,MEAN_REVERSION,BUY,2026.06.03 02:54:40,2026.06.03 02:56:40,2,159.878,159.872,-6.0,-3.75,0.0,0.0,SL_HIT,0.0,0.0,0.0,0,0.0,0.0,0.0,0.0,0,0.0,0.0,0,0,0,0,0.0,0,0.0,0.0,0,0.0,0.0,0.0,0.0,0.0,0.0,0.0,0.0,0.0,0,0,0.0,0,0,0.0,0.0,0,0.4,0.247,0.14,0.416,0.609,1.0,0,0.825,10.0,74.1
89390,USDJPYm,SWEEP_REVERSAL,BUY,2026.06.03 03:18:20,2026.06.03 03:19:20,1,159.876,159.871,-5.0,-3.13,0.0,0.0,SL_HIT,0.0,0.0,0.0,0,0.0,0.0,0.0,0.0,0,0.0,0.0,0,0,0,0,0.0,0,0.0,0.0,0,0.0,0.0,0.0,0.0,0.0,0.0,0.0,0.0,0.0,0,0,0.0,0,0,0.0,0.0,0,0.0,0.124,0.0,0.15,0.579,0.267,1,-0.4131,10.0,73.9
89392,USDJPYm,ANCHORED_PULLBACK,BUY,2026.06.03 06:00:00,2026.06.03 06:00:40,0,159.932,159.921,-11.0,-6.88,0.0,0.0,SL_HIT,0.0,0.0,0.0,0,0.0,0.0,0.0,0.0,0,0.0,0.0,0,0,0,0,0.0,0,0.0,0.0,0,0.0,0.0,0.0,0.0,0.0,0.0,0.0,0.0,0.0,0,0,0.0,0,0,0.0,0.0,0,0.15,0.237,0.213,0.269,0.789,0.9,0,-0.79,10.0,69.8
89394,USDJPYm,BREAKOUT,BUY,2026.06.03 07:00:00,2026.06.03 07:09:40,9,159.98,159.934,-46.0,-28.76,0.0,0.0,SL_HIT,0.0,0.0,0.0,0,0.0,0.0,0.0,0.0,0,0.0,0.0,0,0,0,0,0.0,0,0.0,0.0,0,0.0,0.0,0.0,0.0,0.0,0.0,0.0,0.0,0.0,0,0,0.0,0,0,0.0,0.0,4,0.4,0.195,0.14,0.29,0.673,0.975,0,-0.65,10.0,69.7
89396,USDJPYm,ANCHORED_PULLBACK,BUY,2026.06.03 08:00:00,2026.06.03 08:00:40,0,159.703,159.692,-11.0,-6.89,0.0,0.0,SL_HIT,0.0,0.0,0.0,0,0.0,0.0,0.0,0.0,0,0.0,0.0,0,0,0,0,0.0,0,0.0,0.0,0,0.0,0.0,0.0,0.0,0.0,0.0,0.0,0.0,0.0,0,0,0.0,0,0,0.0,0.0,0,0.25,0.152,0.164,0.31,0.495,0.781,0,-0.5058,10.0,96.1
89397,USDJPYm,SWEEP_REVERSAL,BUY,2026.06.03 08:00:20,2026.06.03 08:17:40,17,159.712,159.724,12.0,7.51,0.0,0.0,TRAIL_STOP,0.0,0.0,0.0,0,0.0,0.0,0.0,0.0,0,0.0,0.0,0,0,0,0,0.0,0,0.0,0.0,0,0.0,0.0,0.0,0.0,0.0,0.0,0.0,0.0,0.0,0,0,0.0,0,0,0.0,0.0,0,0.25,0.152,0.164,0.34,0.495,0.781,1,-0.5058,10.0,96.1
89400,USDJPYm,BREAKOUT,BUY,2026.06.03 15:00:40,2026.06.03 15:05:20,4,159.968,159.974,6.0,3.75,0.0,0.0,TRAIL_STOP,0.0,0.0,0.0,0,0.0,0.0,0.0,0.0,0,0.0,0.0,0,0,0,0,0.0,0,0.0,0.0,0,0.0,0.0,0.0,0.0,0.0,0.0,0.0,0.0,0.0,0,0,0.0,0,0,0.0,0.0,0,0.0,0.118,0.0,0.012,0.697,0.239,1,0.3946,10.0,140.5
89401,USDJPYm,TREND_CONTINUATION,BUY,2026.06.03 15:00:59,2026.06.03 15:05:20,4,159.968,159.974,6.0,3.75,0.0,0.0,TRAIL_STOP,0.0,0.0,0.0,0,0.0,0.0,0.0,0.0,0,0.0,0.0,0,0,0,0,0.0,0,0.0,0.0,0,0.0,0.0,0.0,0.0,0.0,0.0,0.0,0.0,0.0,0,0,0.0,0,0,0.0,0.0,0,0.0,0.118,0.0,0.012,0.697,0.239,1,0.3946,10.0,140.5
89404,USDJPYm,PULLBACK,BUY,2026.06.03 15:59:20,2026.06.03 15:59:40,0,160.009,159.994,-15.0,-9.38,0.0,0.0,SL_HIT,0.0,0.0,0.0,0,0.0,0.0,0.0,0.0,0,0.0,0.0,0,0,0,0,0.0,0,0.0,0.0,0,0.0,0.0,0.0,0.0,0.0,0.0,0.0,0.0,0.0,0,0,0.0,0,0,0.0,0.0,0,0.0,0.118,0.0,0.012,0.697,0.239,1,0.3946,10.0,140.5
89406,USDJPYm,BREAKOUT_RETEST,BUY,2026.06.03 16:57:40,2026.06.03 16:59:40,2,159.989,159.99,1.0,0.63,0.0,0.0,TRAIL_STOP,0.0,0.0,0.0,0,0.0,0.0,0.0,0.0,0,0.0,0.0,0,0,0,0,0.0,0,0.0,0.0,0,0.0,0.0,0.0,0.0,0.0,0.0,0.0,0.0,0.0,0,0,0.0,0,0,0.0,0.0,0,0.15,0.216,0.053,0.17,0.652,0.5,1,0.72,10.0,136.1
89408,USDJPYm,BREAKOUT,BUY,2026.06.03 17:00:40,2026.06.03 17:02:40,2,159.989,159.976,-13.0,-8.13,0.0,0.0,SL_HIT,0.0,0.0,0.0,0,0.0,0.0,0.0,0.0,0,0.0,0.0,0,0,0,0,0.0,0,0.0,0.0,0,0.0,0.0,0.0,0.0,0.0,0.0,0.0,0.0,0.0,0,0,0.0,0,0,0.0,0.0,0,0.0,0.226,0.156,0.008,0.777,0.55,1,0.755,10.0,139.6
89409,USDJPYm,TREND_CONTINUATION,BUY,2026.06.03 17:00:59,2026.06.03 17:02:40,1,159.99,159.976,-14.0,-8.75,0.0,0.0,SL_HIT,0.0,0.0,0.0,0,0.0,0.0,0.0,0.0,0,0.0,0.0,0,0,0,0,0.0,0,0.0,0.0,0,0.0,0.0,0.0,0.0,0.0,0.0,0.0,0.0,0.0,0,0,0.0,0,0,0.0,0.0,0,0.0,0.226,0.156,0.008,0.777,0.55,1,0.755,10.0,139.6
89412,USDJPYm,PULLBACK,BUY,2026.06.03 17:59:20,2026.06.03 18:00:40,1,160.044,160.039,-5.0,-3.12,0.0,0.0,SL_HIT,0.0,0.0,0.0,0,0.0,0.0,0.0,0.0,0,0.0,0.0,0,0,0,0,0.0,0,0.0,0.0,0,0.0,0.0,0.0,0.0,0.0,0.0,0.0,0.0,0.0,0,0,0.0,0,0,0.0,0.0,0,0.0,0.237,0.158,0.131,0.746,0.9,0,0.79,10.0,144.6
89414,USDJPYm,BREAKOUT_RETEST,BUY,2026.06.03 19:00:00,2026.06.03 19:00:40,0,160.041,160.027,-14.0,-8.75,0.0,0.0,SL_HIT,0.0,0.0,0.0,0,0.0,0.0,0.0,0.0,0,0.0,0.0,0,0,0,0,0.0,0,0.0,0.0,0,0.0,0.0,0.0,0.0,0.0,0.0,0.0,0.0,0.0,0,0,0.0,0,0,0.0,0.0,0,0.15,0.247,0.053,0.06,0.753,0.975,1,0.825,10.0,145.3
89416,USDJPYm,BREAKOUT,BUY,2026.06.03 19:00:40,2026.06.03 19:01:59,1,160.03,160.026,-4.0,-2.5,0.0,0.0,SL_HIT,0.0,0.0,0.0,0,0.0,0.0,0.0,0.0,0,0.0,0.0,0,0,0,0,0.0,0,0.0,0.0,0,0.0,0.0,0.0,0.0,0.0,0.0,0.0,0.0,0.0,0,0,0.0,0,0,0.0,0.0,0,0.15,0.247,0.053,0.118,0.753,0.975,1,0.825,10.0,145.3
89417,USDJPYm,TREND_CONTINUATION,BUY,2026.06.03 19:00:59,2026.06.03 19:01:59,1,160.032,160.026,-6.0,-3.75,0.0,0.0,SL_HIT,0.0,0.0,0.0,0,0.0,0.0,0.0,0.0,0,0.0,0.0,0,0,0,0,0.0,0,0.0,0.0,0,0.0,0.0,0.0,0.0,0.0,0.0,0.0,0.0,0.0,0,0,0.0,0,0,0.0,0.0,0,0.15,0.247,0.053,0.118,0.753,0.975,1,0.825,10.0,145.3
89420,USDJPYm,PULLBACK,BUY,2026.06.03 19:59:20,2026.06.03 20:00:00,0,160.076,160.069,-7.0,-4.37,0.0,0.0,SL_HIT,0.0,0.0,0.0,0,0.0,0.0,0.0,0.0,0,0.0,0.0,0,0,0,0,0.0,0,0.0,0.0,0,0.0,0.0,0.0,0.0,0.0,0.0,0.0,0.0,0.0,0,0,0.0,0,0,0.0,0.0,1,0.4,0.206,0.355,0.735,0.789,1.0,0,0.685,10.0,146.6
89422,USDJPYm,TREND_CONTINUATION,BUY,2026.06.03 21:46:40,2026.06.03 21:47:20,0,160.007,159.866,-141.0,-88.2,0.0,0.0,SL_HIT,0.0,0.0,0.0,0,0.0,0.0,0.0,0.0,0,0.0,0.0,0,0,0,0,0.0,0,0.0,0.0,0,0.0,0.0,0.0,0.0,0.0,0.0,0.0,0.0,0.0,0,0,0.0,0,0,0.0,0.0,0,0.15,0.269,0.053,0.351,0.697,1.0,0,0.895,190.0,147.7
89424,USDJPYm,BREAKOUT_RETEST,BUY,2026.06.03 22:00:40,2026.06.03 22:04:20,3,160.049,160.047,-2.0,-1.25,0.0,0.0,SL_HIT,0.0,0.0,0.0,0,0.0,0.0,0.0,0.0,0,0.0,0.0,0,0,0,0,0.0,0,0.0,0.0,0,0.0,0.0,0.0,0.0,0.0,0.0,0.0,0.0,0.0,0,0,0.0,0,0,0.0,0.0,0,0.25,0.226,0.238,0.255,0.711,1.0,1,0.755,50.0,125.8
89425,USDJPYm,PULLBACK,BUY,2026.06.03 22:00:59,2026.06.03 22:04:20,3,160.042,160.047,5.0,3.12,0.0,0.0,TRAIL_STOP,0.0,0.0,0.0,0,0.0,0.0,0.0,0.0,0,0.0,0.0,0,0,0,0,0.0,0,0.0,0.0,0,0.0,0.0,0.0,0.0,0.0,0.0,0.0,0.0,0.0,0,0,0.0,0,0,0.0,0.0,0,0.25,0.226,0.238,0.255,0.711,1.0,1,0.755,50.0,125.8
89428,USDJPYm,MEAN_REVERSION,BUY,2026.06.03 23:05:00,2026.06.03 23:20:40,15,159.928,159.928,0.0,0.0,0.0,0.0,TRAIL_STOP,0.0,0.0,0.0,0,0.0,0.0,0.0,0.0,0,0.0,0.0,0,0,0,0,0.0,0,0.0,0.0,0,0.0,0.0,0.0,0.0,0.0,0.0,0.0,0.0,0.0,0,0,0.0,0,0,0.0,0.0,0,0.25,0.237,0.088,0.316,0.657,1.0,0,0.79,10.0,111.6
89429,USDJPYm,SWEEP_REVERSAL,BUY,2026.06.03 23:05:20,2026.06.03 23:21:40,16,159.925,159.925,0.0,0.0,0.0,0.0,TRAIL_STOP,0.0,0.0,0.0,0,0.0,0.0,0.0,0.0,0,0.0,0.0,0,0,0,0,0.0,0,0.0,0.0,0,0.0,0.0,0.0,0.0,0.0,0.0,0.0,0.0,0.0,0,0,0.0,0,0,0.0,0.0,0,0.25,0.237,0.088,0.316,0.657,1.0,0,0.79,10.0,111.6
89432,USDJPYm,NAKED_POC,BUY,2026.06.04 00:00:00,2026.06.04 00:01:59,1,159.957,159.96,3.0,1.88,0.0,0.0,TRAIL_STOP,0.0,0.0,0.0,0,0.0,0.0,0.0,0.0,0,0.0,0.0,0,0,0,0,0.0,0,0.0,0.0,0,0.0,0.0,0.0,0.0,0.0,0.0,0.0,0.0,0.0,0,0,0.0,0,0,0.0,0.0,0,0.25,0.186,0.178,0.207,0.749,0.891,1,0.6193,10.0,108.6
89433,USDJPYm,BREAKOUT_RETEST,BUY,2026.06.04 00:00:40,2026.06.04 00:01:59,1,159.938,159.96,22.0,13.75,0.0,0.0,TRAIL_STOP,0.0,0.0,0.0,0,0.0,0.0,0.0,0.0,0,0.0,0.0,0,0,0,0,0.0,0,0.0,0.0,0,0.0,0.0,0.0,0.0,0.0,0.0,0.0,0.0,0.0,0,0,0.0,0,0,0.0,0.0,0,0.25,0.186,0.178,0.207,0.749,0.891,1,0.6193,10.0,108.6
89436,USDJPYm,PULLBACK,BUY,2026.06.04 00:08:40,2026.06.04 00:10:40,2,159.932,159.946,14.0,8.75,0.0,0.0,TRAIL_STOP,0.0,0.0,0.0,0,0.0,0.0,0.0,0.0,0,0.0,0.0,0,0,0,0,0.0,0,0.0,0.0,0,0.0,0.0,0.0,0.0,0.0,0.0,0.0,0.0,0.0,0,0,0.0,0,0,0.0,0.0,0,0.25,0.186,0.178,0.1,0.749,0.891,1,0.6193,10.0,108.6
89438,USDJPYm,NAKED_POC,BUY,2026.06.04 02:00:00,2026.06.04 02:01:40,1,159.891,159.891,0.0,0.0,0.0,0.0,TRAIL_STOP,0.0,0.0,0.0,0,0.0,0.0,0.0,0.0,0,0.0,0.0,0,0,0,0,0.0,0,0.0,0.0,0,0.0,0.0,0.0,0.0,0.0,0.0,0.0,0.0,0.0,0,0,0.0,0,0,0.0,0.0,0,0.15,0.216,0.202,0.196,0.67,0.75,1,-0.72,10.0,101.0
89440,USDJPYm,NAKED_POC,BUY,2026.06.04 04:00:00,2026.06.04 04:03:59,3,159.976,159.975,-1.0,-0.63,0.0,0.0,SL_HIT,0.0,0.0,0.0,0,0.0,0.0,0.0,0.0,0,0.0,0.0,0,0,0,0,0.0,0,0.0,0.0,0,0.0,0.0,0.0,0.0,0.0,0.0,0.0,0.0,0.0,0,0,0.0,0,0,0.0,0.0,0,0.4,0.185,0.14,0.438,0.777,0.9,0,-0.615,10.0,95.2
89442,USDJPYm,ANCHORED_PULLBACK,BUY,2026.06.04 05:00:00,2026.06.04 05:05:20,5,159.875,159.862,-13.0,-8.13,0.0,0.0,SL_HIT,0.0,0.0,0.0,0,0.0,0.0,0.0,0.0,0,0.0,0.0,0,0,0,0,0.0,0,0.0,0.0,0,0.0,0.0,0.0,0.0,0.0,0.0,0.0,0.0,0.0,0,0,0.0,0,0,0.0,0.0,0,0.0,0.247,0.0,0.212,0.663,0.975,1,-0.825,10.0,116.2
89444,USDJPYm,NAKED_POC,BUY,2026.06.04 06:00:00,2026.06.04 06:00:40,0,159.891,159.886,-5.0,-3.13,0.0,0.0,SL_HIT,0.0,0.0,0.0,0,0.0,0.0,0.0,0.0,0,0.0,0.0,0,0,0,0,0.0,0,0.0,0.0,0,0.0,0.0,0.0,0.0,0.0,0.0,0.0,0.0,0.0,0,0,0.0,0,0,0.0,0.0,0,0.0,0.206,0.0,0.168,0.692,0.7,1,-0.685,10.0,116.9
89446,USDJPYm,MEAN_REVERSION,BUY,2026.06.04 06:01:40,2026.06.04 06:02:20,0,159.85,159.839,-11.0,-6.88,0.0,0.0,SL_HIT,0.0,0.0,0.0,0,0.0,0.0,0.0,0.0,0,0.0,0.0,0,0,0,0,0.0,0,0.0,0.0,0,0.0,0.0,0.0,0.0,0.0,0.0,0.0,0.0,0.0,0,0,0.0,0,0,0.0,0.0,0,0.0,0.206,0.0,0.24,0.692,0.7,1,-0.685,10.0,116.9
89448,USDJPYm,NAKED_POC,BUY,2026.06.04 08:00:00,2026.06.04 08:01:40,1,159.907,159.91,3.0,1.88,0.0,0.0,TRAIL_STOP,0.0,0.0,0.0,0,0.0,0.0,0.0,0.0,0,0.0,0.0,0,0,0,0,0.0,0,0.0,0.0,0,0.0,0.0,0.0,0.0,0.0,0.0,0.0,0.0,0.0,0,0,0.0,0,0,0.0,0.0,0,0.25,0.226,0.238,0.124,0.776,0.8,1,-0.755,10.0,114.4
89450,USDJPYm,NAKED_POC,BUY,2026.06.04 10:00:00,2026.06.04 10:00:59,0,159.865,159.861,-4.0,-2.5,0.0,0.0,SL_HIT,0.0,0.0,0.0,0,0.0,0.0,0.0,0.0,0,0.0,0.0,0,0,0,0,0.0,0,0.0,0.0,0,0.0,0.0,0.0,0.0,0.0,0.0,0.0,0.0,0.0,0,0,0.0,0,0,0.0,0.0,0,0.15,0.3,0.173,0.193,0.654,1.0,1,-1.0,10.0,114.8
89452,USDJPYm,MEAN_REVERSION,BUY,2026.06.04 11:02:20,2026.06.04 11:02:40,0,159.874,159.86,-14.0,-8.76,0.0,0.0,SL_HIT,0.0,0.0,0.0,0,0.0,0.0,0.0,0.0,0,0.0,0.0,0,0,0,0,0.0,0,0.0,0.0,0,0.0,0.0,0.0,0.0,0.0,0.0,0.0,0.0,0.0,0,0,0.0,0,0,0.0,0.0,0,0.0,0.276,0.176,0.123,0.787,0.72,0,-0.9196,10.0,110.7
89454,USDJPYm,SWEEP_REVERSAL,BUY,2026.06.04 11:47:40,2026.06.04 12:04:59,17,159.79,159.807,17.0,10.64,0.0,0.0,TRAIL_STOP,0.0,0.0,0.0,0,0.0,0.0,0.0,0.0,0,0.0,0.0,0,0,0,0,0.0,0,0.0,0.0,0,0.0,0.0,0.0,0.0,0.0,0.0,0.0,0.0,0.0,0,0,0.0,0,0,0.0,0.0,0,0.4,0.161,0.14,0.405,0.777,0.767,0,-0.5363,10.0,110.1
89455,USDJPYm,NAKED_POC,BUY,2026.06.04 12:00:00,2026.06.04 12:04:59,4,159.775,159.807,32.0,20.02,0.0,0.0,TRAIL_STOP,0.0,0.0,0.0,0,0.0,0.0,0.0,0.0,0,0.0,0.0,0,0,0,0,0.0,0,0.0,0.0,0,0.0,0.0,0.0,0.0,0.0,0.0,0.0,0.0,0.0,0,0,0.0,0,0,0.0,0.0,0,0.4,0.161,0.14,0.405,0.777,0.767,0,-0.5363,10.0,110.1
89458,USDJPYm,NAKED_POC,BUY,2026.06.04 14:00:00,2026.06.04 14:00:40,0,159.922,159.908,-14.0,-8.76,0.0,0.0,SL_HIT,0.0,0.0,0.0,0,0.0,0.0,0.0,0.0,0,0.0,0.0,0,0,0,0,0.0,0,0.0,0.0,0,0.0,0.0,0.0,0.0,0.0,0.0,0.0,0.0,0.0,0,0,0.0,0,0,0.0,0.0,0,0.4,0.191,0.14,0.16,0.659,0.918,1,-0.6368,10.0,100.7
89459,USDJPYm,ANCHORED_PULLBACK,BUY,2026.06.04 14:00:20,2026.06.04 14:00:40,0,159.922,159.908,-14.0,-8.76,0.0,0.0,SL_HIT,0.0,0.0,0.0,0,0.0,0.0,0.0,0.0,0,0.0,0.0,0,0,0,0,0.0,0,0.0,0.0,0,0.0,0.0,0.0,0.0,0.0,0.0,0.0,0.0,0.0,0,0,0.0,0,0,0.0,0.0,0,0.4,0.191,0.14,0.16,0.659,0.918,1,-0.6368,10.0,100.7
89462,USDJPYm,BREAKOUT_RETEST,BUY,2026.06.04 17:00:00,2026.06.04 17:00:59,0,159.978,159.98,2.0,1.25,0.0,0.0,TRAIL_STOP,0.0,0.0,0.0,0,0.0,0.0,0.0,0.0,0,0.0,0.0,0,0,0,0,0.0,0,0.0,0.0,0,0.0,0.0,0.0,0.0,0.0,0.0,0.0,0.0,0.0,0,0,0.0,0,0,0.0,0.0,0,0.15,0.216,0.053,0.06,0.683,0.75,1,0.72,10.0,106.1
89464,USDJPYm,TREND_CONTINUATION,BUY,2026.06.04 17:22:20,2026.06.04 17:22:40,0,160.005,159.991,-14.0,-8.75,0.0,0.0,SL_HIT,0.0,0.0,0.0,0,0.0,0.0,0.0,0.0,0,0.0,0.0,0,0,0,0,0.0,0,0.0,0.0,0,0.0,0.0,0.0,0.0,0.0,0.0,0.0,0.0,0.0,0,0,0.0,0,0,0.0,0.0,0,0.15,0.216,0.053,0.235,0.683,0.75,1,0.72,10.0,106.1
89466,USDJPYm,BREAKOUT,BUY,2026.06.04 17:24:40,2026.06.04 17:25:59,1,159.997,159.991,-6.0,-3.75,0.0,0.0,SL_HIT,0.0,0.0,0.0,0,0.0,0.0,0.0,0.0,0,0.0,0.0,0,0,0,0,0.0,0,0.0,0.0,0,0.0,0.0,0.0,0.0,0.0,0.0,0.0,0.0,0.0,0,0,0.0,0,0,0.0,0.0,0,0.15,0.216,0.053,0.235,0.683,0.75,1,0.72,10.0,106.1
89468,USDJPYm,PULLBACK,BUY,2026.06.04 18:31:40,2026.06.04 18:32:59,1,160.019,160.024,5.0,3.12,0.0,0.0,TRAIL_STOP,0.0,0.0,0.0,0,0.0,0.0,0.0,0.0,0,0.0,0.0,0,0,0,0,0.0,0,0.0,0.0,0,0.0,0.0,0.0,0.0,0.0,0.0,0.0,0.0,0.0,0,0,0.0,0,0,0.0,0.0,0,0.0,0.226,0.15,0.259,0.77,0.55,0,0.755,10.0,101.9
89470,USDJPYm,ANCHORED_PULLBACK,BUY,2026.06.04 19:00:00,2026.06.04 19:00:40,0,160.03,160.02,-10.0,-6.25,0.0,0.0,SL_HIT,0.0,0.0,0.0,0,0.0,0.0,0.0,0.0,0,0.0,0.0,0,0,0,0,0.0,0,0.0,0.0,0,0.0,0.0,0.0,0.0,0.0,0.0,0.0,0.0,0.0,0,0,0.0,0,0,0.0,0.0,0,0.4,0.185,0.265,0.372,0.777,0.9,0,0.615,10.0,78.0
89472,USDJPYm,TREND_CONTINUATION,BUY,2026.06.04 19:22:20,2026.06.04 19:22:40,0,160.032,160.019,-13.0,-8.12,0.0,0.0,SL_HIT,0.0,0.0,0.0,0,0.0,0.0,0.0,0.0,0,0.0,0.0,0,0,0,0,0.0,0,0.0,0.0,0,0.0,0.0,0.0,0.0,0.0,0.0,0.0,0.0,0.0,0,0,0.0,0,0,0.0,0.0,0,0.4,0.185,0.265,0.372,0.777,0.9,0,0.615,10.0,78.0
89474,USDJPYm,BREAKOUT,BUY,2026.06.04 19:24:40,2026.06.04 19:27:40,3,160.024,160.015,-9.0,-5.62,0.0,0.0,SL_HIT,0.0,0.0,0.0,0,0.0,0.0,0.0,0.0,0,0.0,0.0,0,0,0,0,0.0,0,0.0,0.0,0,0.0,0.0,0.0,0.0,0.0,0.0,0.0,0.0,0.0,0,0,0.0,0,0,0.0,0.0,0,0.4,0.185,0.265,0.372,0.777,0.9,0,0.615,10.0,78.0
89476,USDJPYm,BREAKOUT_RETEST,BUY,2026.06.04 20:00:40,2026.06.04 20:02:40,2,160.011,160.006,-5.0,-3.12,0.0,0.0,SL_HIT,0.0,0.0,0.0,0,0.0,0.0,0.0,0.0,0,0.0,0.0,0,0,0,0,0.0,0,0.0,0.0,0,0.0,0.0,0.0,0.0,0.0,0.0,0.0,0.0,0.0,0,0,0.0,0,0,0.0,0.0,0,0.15,0.247,0.182,0.293,0.745,0.975,1,0.825,10.0,74.4
89478,USDJPYm,PULLBACK,BUY,2026.06.04 20:31:40,2026.06.04 20:32:40,1,160.044,160.031,-13.0,-8.12,0.0,0.0,SL_HIT,0.0,0.0,0.0,0,0.0,0.0,0.0,0.0,0,0.0,0.0,0,0,0,0,0.0,0,0.0,0.0,0,0.0,0.0,0.0,0.0,0.0,0.0,0.0,0.0,0.0,0,0,0.0,0,0,0.0,0.0,0,0.15,0.247,0.182,0.294,0.745,0.975,0,0.825,10.0,74.4
89480,USDJPYm,TREND_CONTINUATION,BUY,2026.06.04 21:22:40,2026.06.04 21:23:20,0,160.034,160.001,-33.0,-20.62,0.0,0.0,SL_HIT,0.0,0.0,0.0,0,0.0,0.0,0.0,0.0,0,0.0,0.0,0,0,0,0,0.0,0,0.0,0.0,0,0.0,0.0,0.0,0.0,0.0,0.0,0.0,0.0,0.0,0,0,0.0,0,0,0.0,0.0,0,0.15,0.258,0.053,0.271,0.642,0.7,1,0.86,26.0,70.2
89482,USDJPYm,BREAKOUT,BUY,2026.06.04 21:24:40,2026.06.04 21:25:59,1,160.027,160.004,-23.0,-14.37,0.0,0.0,SL_HIT,0.0,0.0,0.0,0,0.0,0.0,0.0,0.0,0,0.0,0.0,0,0,0,0,0.0,0,0.0,0.0,0,0.0,0.0,0.0,0.0,0.0,0.0,0.0,0.0,0.0,0,0,0.0,0,0,0.0,0.0,0,0.15,0.258,0.053,0.271,0.642,0.7,1,0.86,26.0,70.2
89484,USDJPYm,SWEEP_REVERSAL,BUY,2026.06.04 21:47:40,2026.06.04 21:48:20,0,159.921,159.922,1.0,0.63,0.0,0.0,TRAIL_STOP,0.0,0.0,0.0,0,0.0,0.0,0.0,0.0,0,0.0,0.0,0,0,0,0,0.0,0,0.0,0.0,0,0.0,0.0,0.0,0.0,0.0,0.0,0.0,0.0,0.0,0,0,0.0,0,0,0.0,0.0,0,0.15,0.258,0.053,0.342,0.642,0.7,0,0.86,74.0,70.2
89486,USDJPYm,BREAKOUT_RETEST,BUY,2026.06.04 22:16:20,2026.06.04 22:16:40,0,160.018,159.996,-22.0,-13.75,0.0,0.0,SL_HIT,0.0,0.0,0.0,0,0.0,0.0,0.0,0.0,0,0.0,0.0,0,0,0,0,0.0,0,0.0,0.0,0,0.0,0.0,0.0,0.0,0.0,0.0,0.0,0.0,0.0,0,0,0.0,0,0,0.0,0.0,0,0.25,0.216,0.238,0.34,0.759,1.0,0,0.72,10.0,74.4
89488,USDJPYm,PULLBACK,BUY,2026.06.04 22:45:40,2026.06.04 22:46:00,0,160.026,160.012,-14.0,-8.75,0.0,0.0,SL_HIT,0.0,0.0,0.0,0,0.0,0.0,0.0,0.0,0,0.0,0.0,0,0,0,0,0.0,0,0.0,0.0,0,0.0,0.0,0.0,0.0,0.0,0.0,0.0,0.0,0.0,0,0,0.0,0,0,0.0,0.0,0,0.25,0.216,0.238,0.155,0.759,1.0,1,0.72,10.0,74.4
89490,USDJPYm,MEAN_REVERSION,BUY,2026.06.04 23:20:20,2026.06.04 23:24:40,4,159.976,159.977,1.0,0.63,0.0,0.0,TRAIL_STOP,0.0,0.0,0.0,0,0.0,0.0,0.0,0.0,0,0.0,0.0,0,0,0,0,0.0,0,0.0,0.0,0,0.0,0.0,0.0,0.0,0.0,0.0,0.0,0.0,0.0,0,0,0.0,0,0,0.0,0.0,0,0.25,0.226,0.238,0.345,0.706,1.0,0,0.755,10.0,73.4
89492,USDJPYm,TREND_CONTINUATION,BUY,2026.06.05 00:00:20,2026.06.05 00:00:40,0,160.002,159.989,-13.0,-8.13,0.0,0.0,SL_HIT,0.0,0.0,0.0,0,0.0,0.0,0.0,0.0,0,0.0,0.0,0,0,0,0,0.0,0,0.0,0.0,0,0.0,0.0,0.0,0.0,0.0,0.0,0.0,0.0,0.0,0,0,0.0,0,0,0.0,0.0,0,0.25,0.237,0.238,0.37,0.798,1.0,0,0.79,10.0,72.4
89494,USDJPYm,BREAKOUT_RETEST,BUY,2026.06.05 00:16:20,2026.06.05 00:28:40,12,159.99,159.968,-22.0,-13.75,0.0,0.0,SL_HIT,0.0,0.0,0.0,0,0.0,0.0,0.0,0.0,0,0.0,0.0,0,0,0,0,0.0,0,0.0,0.0,0,0.0,0.0,0.0,0.0,0.0,0.0,0.0,0.0,0.0,0,0,0.0,0,0,0.0,0.0,0,0.25,0.237,0.238,0.371,0.798,1.0,0,0.79,10.0,72.4
89496,USDJPYm,SWEEP_REVERSAL,BUY,2026.06.05 01:05:40,2026.06.05 01:33:40,28,159.913,159.934,21.0,13.13,0.0,0.0,TRAIL_STOP,0.0,0.0,0.0,0,0.0,0.0,0.0,0.0,0,0.0,0.0,0,0,0,0,0.0,0,0.0,0.0,0,0.0,0.0,0.0,0.0,0.0,0.0,0.0,0.0,0.0,0,0,0.0,0,0,0.0,0.0,0,0.25,0.198,0.088,0.391,0.782,0.951,0,0.6592,10.0,73.9
89497,USDJPYm,MEAN_REVERSION,BUY,2026.06.05 01:20:20,2026.06.05 01:33:40,13,159.934,159.934,0.0,0.0,0.0,0.0,TRAIL_STOP,0.0,0.0,0.0,0,0.0,0.0,0.0,0.0,0,0.0,0.0,0,0,0,0,0.0,0,0.0,0.0,0,0.0,0.0,0.0,0.0,0.0,0.0,0.0,0.0,0.0,0,0,0.0,0,0,0.0,0.0,0,0.25,0.198,0.088,0.391,0.782,0.951,0,0.6592,10.0,73.9
89500,USDJPYm,MEAN_REVERSION,BUY,2026.06.05 03:37:40,2026.06.05 03:39:40,2,159.959,159.953,-6.0,-3.75,0.0,0.0,SL_HIT,0.0,0.0,0.0,0,0.0,0.0,0.0,0.0,0,0.0,0.0,0,0,0,0,0.0,0,0.0,0.0,0,0.0,0.0,0.0,0.0,0.0,0.0,0.0,0.0,0.0,0,0,0.0,0,0,0.0,0.0,0,0.0,0.216,0.144,0.0,0.68,0.5,1,-0.72,10.0,64.3
89502,USDJPYm,MEAN_REVERSION,BUY,2026.06.05 05:37:59,2026.06.05 05:43:40,5,159.928,159.934,6.0,3.75,0.0,0.0,TRAIL_STOP,0.0,0.0,0.0,0,0.0,0.0,0.0,0.0,0,0.0,0.0,0,0,0,0,0.0,0,0.0,0.0,0,0.0,0.0,0.0,0.0,0.0,0.0,0.0,0.0,0.0,0,0,0.0,0,0,0.0,0.0,0,0.25,0.185,0.184,0.329,0.827,0.6,0,-0.615,10.0,55.2
89504,USDJPYm,ANCHORED_PULLBACK,BUY,2026.06.05 06:03:40,2026.06.05 06:03:59,0,159.972,159.961,-11.0,-6.88,0.0,0.0,SL_HIT,0.0,0.0,0.0,0,0.0,0.0,0.0,0.0,0,0.0,0.0,0,0,0,0,0.0,0,0.0,0.0,0,0.0,0.0,0.0,0.0,0.0,0.0,0.0,0.0,0.0,0,0,0.0,0,0,0.0,0.0,0,0.0,0.247,0.129,0.154,0.758,0.65,1,-0.825,10.0,53.9
89506,USDJPYm,SWEEP_REVERSAL,BUY,2026.06.05 07:28:40,2026.06.05 07:29:00,0,159.921,159.916,-5.0,-3.13,0.0,0.0,SL_HIT,0.0,0.0,0.0,0,0.0,0.0,0.0,0.0,0,0.0,0.0,0,0,0,0,0.0,0,0.0,0.0,0,0.0,0.0,0.0,0.0,0.0,0.0,0.0,0.0,0.0,0,0,0.0,0,0,0.0,0.0,0,0.4,0.206,0.298,0.441,0.786,1.0,0,-0.685,10.0,53.4
89508,USDJPYm,MEAN_REVERSION,BUY,2026.06.05 07:37:59,2026.06.05 07:38:40,0,159.926,159.914,-12.0,-7.5,0.0,0.0,SL_HIT,0.0,0.0,0.0,0,0.0,0.0,0.0,0.0,0,0.0,0.0,0,0,0,0,0.0,0,0.0,0.0,0,0.0,0.0,0.0,0.0,0.0,0.0,0.0,0.0,0.0,0,0,0.0,0,0,0.0,0.0,0,0.4,0.206,0.298,0.441,0.786,1.0,0,-0.685,10.0,53.4
89510,USDJPYm,MEAN_REVERSION,BUY,2026.06.05 09:39:40,2026.06.05 09:54:40,15,159.928,159.934,6.0,3.75,0.0,0.0,TRAIL_STOP,0.0,0.0,0.0,0,0.0,0.0,0.0,0.0,0,0.0,0.0,0,0,0,0,0.0,0,0.0,0.0,0,0.0,0.0,0.0,0.0,0.0,0.0,0.0,0.0,0.0,0,0,0.0,0,0,0.0,0.0,0,0.25,0.226,0.232,0.118,0.701,0.8,1,-0.755,10.0,51.8
89512,USDJPYm,MEAN_REVERSION,BUY,2026.06.05 11:40:20,2026.06.05 11:50:40,10,159.892,159.848,-44.0,-27.53,0.0,0.0,SL_HIT,0.0,0.0,0.0,0,0.0,0.0,0.0,0.0,0,0.0,0.0,0,0,0,0,0.0,0,0.0,0.0,0,0.0,0.0,0.0,0.0,0.0,0.0,0.0,0.0,0.0,0,0,0.0,0,0,0.0,0.0,0,0.15,0.3,0.213,0.357,0.643,1.0,0,-1.0,10.0,55.1
89513,USDJPYm,SWEEP_REVERSAL,BUY,2026.06.05 11:46:40,2026.06.05 12:17:59,31,159.878,159.894,16.0,10.01,0.0,0.0,TRAIL_STOP,0.0,0.0,0.0,0,0.0,0.0,0.0,0.0,0,0.0,0.0,0,0,0,0,0.0,0,0.0,0.0,0,0.0,0.0,0.0,0.0,0.0,0.0,0.0,0.0,0.0,0,0,0.0,0,0,0.0,0.0,0,0.15,0.3,0.053,0.299,0.586,1.0,0,-1.0,10.0,53.2
89516,USDJPYm,PULLBACK,BUY,2026.06.05 15:00:00,2026.06.05 15:00:40,0,160.275,160.261,-14.0,-8.74,0.0,0.0,SL_HIT,0.0,0.0,0.0,0,0.0,0.0,0.0,0.0,0,0.0,0.0,0,0,0,0,0.0,0,0.0,0.0,0,0.0,0.0,0.0,0.0,0.0,0.0,0.0,0.0,0.0,0,0,0.0,0,0,0.0,0.0,0,0.0,0.206,0.109,0.165,0.599,0.675,1,0.685,10.0,124.1
89517,USDJPYm,TREND_CONTINUATION,BUY,2026.06.05 15:00:20,2026.06.05 15:00:40,0,160.275,160.261,-14.0,-8.74,0.0,0.0,SL_HIT,0.0,0.0,0.0,0,0.0,0.0,0.0,0.0,0,0.0,0.0,0,0,0,0,0.0,0,0.0,0.0,0,0.0,0.0,0.0,0.0,0.0,0.0,0.0,0.0,0.0,0,0,0.0,0,0,0.0,0.0,0,0.0,0.206,0.109,0.165,0.599,0.675,1,0.685,10.0,124.1
89518,USDJPYm,ANCHORED_PULLBACK,BUY,2026.06.05 15:00:30,2026.06.05 15:00:40,0,160.275,160.252,-23.0,-14.35,0.0,0.0,SL_HIT,0.0,0.0,0.0,0,0.0,0.0,0.0,0.0,0,0.0,0.0,0,0,0,0,0.0,0,0.0,0.0,0,0.0,0.0,0.0,0.0,0.0,0.0,0.0,0.0,0.0,0,0,0.0,0,0,0.0,0.0,0,0.0,0.206,0.109,0.165,0.599,0.675,1,0.685,10.0,124.1
89522,USDJPYm,BREAKOUT_RETEST,BUY,2026.06.05 15:16:40,2026.06.05 15:17:40,1,160.233,160.274,41.0,25.58,0.0,0.0,TRAIL_STOP,0.0,0.0,0.0,0,0.0,0.0,0.0,0.0,0,0.0,0.0,0,0,0,0,0.0,0,0.0,0.0,0,0.0,0.0,0.0,0.0,0.0,0.0,0.0,0.0,0.0,0,0,0.0,0,0,0.0,0.0,0,0.0,0.206,0.109,0.248,0.599,0.675,0,0.685,10.0,124.1
89524,USDJPYm,BREAKOUT,BUY,2026.06.05 15:38:40,2026.06.05 15:39:20,0,160.298,160.283,-15.0,-9.36,0.0,0.0,SL_HIT,0.0,0.0,0.0,0,0.0,0.0,0.0,0.0,0,0.0,0.0,0,0,0,0,0.0,0,0.0,0.0,0,0.0,0.0,0.0,0.0,0.0,0.0,0.0,0.0,0.0,0,0,0.0,0,0,0.0,0.0,0,0.0,0.206,0.109,0.248,0.599,0.675,0,0.685,10.0,124.1
89526,USDJPYm,PULLBACK,BUY,2026.06.05 17:00:00,2026.06.05 17:00:59,0,160.282,160.282,0.0,0.0,0.0,0.0,TRAIL_STOP,0.0,0.0,0.0,0,0.0,0.0,0.0,0.0,0,0.0,0.0,0,0,0,0,0.0,0,0.0,0.0,0,0.0,0.0,0.0,0.0,0.0,0.0,0.0,0.0,0.0,0,0,0.0,0,0,0.0,0.0,0,0.25,0.174,0.088,0.1,0.536,0.825,1,0.58,10.0,129.4
89527,USDJPYm,TREND_CONTINUATION,BUY,2026.06.05 17:00:20,2026.06.05 17:00:59,0,160.282,160.282,0.0,0.0,0.0,0.0,TRAIL_STOP,0.0,0.0,0.0,0,0.0,0.0,0.0,0.0,0,0.0,0.0,0,0,0,0,0.0,0,0.0,0.0,0,0.0,0.0,0.0,0.0,0.0,0.0,0.0,0.0,0.0,0,0,0.0,0,0,0.0,0.0,0,0.25,0.174,0.088,0.1,0.536,0.825,1,0.58,10.0,129.4
89530,USDJPYm,BREAKOUT_RETEST,BUY,2026.06.05 17:17:40,2026.06.05 17:19:40,2,160.298,160.294,-4.0,-2.5,0.0,0.0,SL_HIT,0.0,0.0,0.0,0,0.0,0.0,0.0,0.0,0,0.0,0.0,0,0,0,0,0.0,0,0.0,0.0,0,0.0,0.0,0.0,0.0,0.0,0.0,0.0,0.0,0.0,0,0,0.0,0,0,0.0,0.0,0,0.25,0.174,0.088,0.199,0.536,0.825,1,0.58,10.0,129.4
89532,USDJPYm,BREAKOUT,BUY,2026.06.05 17:38:40,2026.06.05 17:41:20,2,160.334,160.324,-10.0,-6.24,0.0,0.0,SL_HIT,0.0,0.0,0.0,0,0.0,0.0,0.0,0.0,0,0.0,0.0,0,0,0,0,0.0,0,0.0,0.0,0,0.0,0.0,0.0,0.0,0.0,0.0,0.0,0.0,0.0,0,0,0.0,0,0,0.0,0.0,0,0.25,0.174,0.088,0.337,0.536,0.825,0,0.58,10.0,129.4
89534,USDJPYm,SWEEP_REVERSAL,BUY,2026.06.05 18:36:40,2026.06.05 19:00:40,24,160.167,160.157,-10.0,-6.25,0.0,0.0,SL_HIT,0.0,0.0,0.0,0,0.0,0.0,0.0,0.0,0,0.0,0.0,0,0,0,0,0.0,0,0.0,0.0,0,0.0,0.0,0.0,0.0,0.0,0.0,0.0,0.0,0.0,0,0,0.0,0,0,0.0,0.0,0,0.15,0.247,0.202,0.321,0.667,0.975,0,0.825,10.0,146.9
89536,USDJPYm,PULLBACK,BUY,2026.06.05 19:12:40,2026.06.05 19:13:40,1,160.193,160.175,-18.0,-11.24,0.0,0.0,SL_HIT,0.0,0.0,0.0,0,0.0,0.0,0.0,0.0,0,0.0,0.0,0,0,0,0,0.0,0,0.0,0.0,0,0.0,0.0,0.0,0.0,0.0,0.0,0.0,0.0,0.0,0,0,0.0,0,0,0.0,0.0,0,0.15,0.247,0.202,0.312,0.667,0.975,0,0.825,10.0,146.9
89538,USDJPYm,MEAN_REVERSION,BUY,2026.06.05 20:00:00,2026.06.05 20:01:20,1,160.185,160.173,-12.0,-7.49,0.0,0.0,SL_HIT,0.0,0.0,0.0,0,0.0,0.0,0.0,0.0,0,0.0,0.0,0,0,0,0,0.0,0,0.0,0.0,0,0.0,0.0,0.0,0.0,0.0,0.0,0.0,0.0,0.0,0,0,0.0,0,0,0.0,0.0,0,0.4,0.206,0.198,0.248,0.656,1.0,0,0.685,10.0,149.6
89540,USDJPYm,BREAKOUT_RETEST,BUY,2026.06.05 20:02:40,2026.06.05 20:06:40,4,160.209,160.198,-11.0,-6.87,0.0,0.0,SL_HIT,0.0,0.0,0.0,0,0.0,0.0,0.0,0.0,0,0.0,0.0,0,0,0,0,0.0,0,0.0,0.0,0,0.0,0.0,0.0,0.0,0.0,0.0,0.0,0.0,0.0,0,0,0.0,0,0,0.0,0.0,0,0.4,0.206,0.198,0.216,0.656,1.0,1,0.685,10.0,149.6
89542,USDJPYm,TREND_CONTINUATION,BUY,2026.06.05 20:09:59,2026.06.05 20:10:40,0,160.232,160.22,-12.0,-7.49,0.0,0.0,SL_HIT,0.0,0.0,0.0,0,0.0,0.0,0.0,0.0,0,0.0,0.0,0,0,0,0,0.0,0,0.0,0.0,0,0.0,0.0,0.0,0.0,0.0,0.0,0.0,0.0,0.0,0,0,0.0,0,0,0.0,0.0,0,0.4,0.206,0.198,0.349,0.656,1.0,1,0.685,10.0,149.6
89544,USDJPYm,BREAKOUT,BUY,2026.06.07 21:15:40,2026.06.07 21:28:40,13,160.236,160.252,16.0,9.98,0.0,0.0,TRAIL_STOP,0.0,0.0,0.0,0,0.0,0.0,0.0,0.0,0,0.0,0.0,0,0,0,0,0.0,0,0.0,0.0,0,0.0,0.0,0.0,0.0,0.0,0.0,0.0,0.0,0.0,0,0,0.0,0,0,0.0,0.0,0,0.15,0.216,0.053,0.234,0.71,0.75,1,0.72,38.0,157.6
89545,USDJPYm,PULLBACK,BUY,2026.06.07 21:15:59,2026.06.07 21:28:40,12,160.252,160.252,0.0,0.0,0.0,0.0,TRAIL_STOP,0.0,0.0,0.0,0,0.0,0.0,0.0,0.0,0,0.0,0.0,0,0,0,0,0.0,0,0.0,0.0,0,0.0,0.0,0.0,0.0,0.0,0.0,0.0,0.0,0.0,0,0,0.0,0,0,0.0,0.0,0,0.15,0.216,0.053,0.234,0.71,0.75,1,0.72,38.0,157.6
89546,USDJPYm,TREND_CONTINUATION,BUY,2026.06.07 21:16:00,2026.06.07 21:28:40,12,160.234,160.252,18.0,11.23,0.0,0.0,TRAIL_STOP,0.0,0.0,0.0,0,0.0,0.0,0.0,0.0,0,0.0,0.0,0,0,0,0,0.0,0,0.0,0.0,0,0.0,0.0,0.0,0.0,0.0,0.0,0.0,0.0,0.0,0,0,0.0,0,0,0.0,0.0,0,0.15,0.216,0.053,0.234,0.71,0.75,1,0.72,38.0,157.6
89550,USDJPYm,ANCHORED_PULLBACK,BUY,2026.06.07 22:00:00,2026.06.07 22:00:59,0,160.283,160.312,29.0,18.09,0.0,0.0,TRAIL_STOP,0.0,0.0,0.0,0,0.0,0.0,0.0,0.0,0,0.0,0.0,0,0,0,0,0.0,0,0.0,0.0,0,0.0,0.0,0.0,0.0,0.0,0.0,0.0,0.0,0.0,0,0,0.0,0,0,0.0,0.0,0,0.15,0.279,0.053,0.328,0.756,0.8,0,0.93,18.0,162.3
89552,USDJPYm,BREAKOUT,BUY,2026.06.07 23:15:40,2026.06.07 23:16:40,1,160.303,160.294,-9.0,-5.62,0.0,0.0,SL_HIT,0.0,0.0,0.0,0,0.0,0.0,0.0,0.0,0,0.0,0.0,0,0,0,0,0.0,0,0.0,0.0,0,0.0,0.0,0.0,0.0,0.0,0.0,0.0,0.0,0.0,0,0,0.0,0,0,0.0,0.0,4,0.15,0.29,0.053,0.338,0.721,1.0,0,0.965,10.0,166.4
89553,USDJPYm,PULLBACK,BUY,2026.06.07 23:15:59,2026.06.07 23:16:40,0,160.31,160.294,-16.0,-9.98,0.0,0.0,SL_HIT,0.0,0.0,0.0,0,0.0,0.0,0.0,0.0,0,0.0,0.0,0,0,0,0,0.0,0,0.0,0.0,0,0.0,0.0,0.0,0.0,0.0,0.0,0.0,0.0,0.0,0,0,0.0,0,0,0.0,0.0,4,0.15,0.29,0.053,0.338,0.721,1.0,0,0.965,10.0,166.4
89554,USDJPYm,TREND_CONTINUATION,BUY,2026.06.07 23:16:00,2026.06.07 23:16:40,0,160.31,160.294,-16.0,-9.98,0.0,0.0,SL_HIT,0.0,0.0,0.0,0,0.0,0.0,0.0,0.0,0,0.0,0.0,0,0,0,0,0.0,0,0.0,0.0,0,0.0,0.0,0.0,0.0,0.0,0.0,0.0,0.0,0.0,0,0,0.0,0,0,0.0,0.0,4,0.15,0.29,0.053,0.338,0.721,1.0,0,0.965,10.0,166.4
89558,USDJPYm,BREAKOUT_RETEST,BUY,2026.06.08 00:00:00,2026.06.08 00:00:40,0,160.342,160.331,-11.0,-6.86,0.0,0.0,SL_HIT,0.0,0.0,0.0,0,0.0,0.0,0.0,0.0,0,0.0,0.0,0,0,0,0,0.0,0,0.0,0.0,0,0.0,0.0,0.0,0.0,0.0,0.0,0.0,0.0,0.0,0,0,0.0,0,0,0.0,0.0,0,0.15,0.226,0.053,0.06,0.593,1.0,1,0.7517,10.0,168.9
89560,USDJPYm,BREAKOUT,BUY,2026.06.08 01:15:40,2026.06.08 01:18:40,3,160.306,160.28,-26.0,-16.22,0.0,0.0,SL_HIT,0.0,0.0,0.0,0,0.0,0.0,0.0,0.0,0,0.0,0.0,0,0,0,0,0.0,0,0.0,0.0,0,0.0,0.0,0.0,0.0,0.0,0.0,0.0,0.0,0.0,0,0,0.0,0,0,0.0,0.0,0,0.25,0.169,0.088,0.306,0.782,0.538,0,0.5631,10.0,173.3
89561,USDJPYm,PULLBACK,BUY,2026.06.08 01:15:59,2026.06.08 01:18:40,2,160.313,160.28,-33.0,-20.59,0.0,0.0,SL_HIT,0.0,0.0,0.0,0,0.0,0.0,0.0,0.0,0,0.0,0.0,0,0,0,0,0.0,0,0.0,0.0,0,0.0,0.0,0.0,0.0,0.0,0.0,0.0,0.0,0.0,0,0,0.0,0,0,0.0,0.0,0,0.25,0.169,0.088,0.306,0.782,0.538,0,0.5631,10.0,173.3
89562,USDJPYm,TREND_CONTINUATION,BUY,2026.06.08 01:16:00,2026.06.08 01:18:40,2,160.313,160.28,-33.0,-20.59,0.0,0.0,SL_HIT,0.0,0.0,0.0,0,0.0,0.0,0.0,0.0,0,0.0,0.0,0,0,0,0,0.0,0,0.0,0.0,0,0.0,0.0,0.0,0.0,0.0,0.0,0.0,0.0,0.0,0,0,0.0,0,0,0.0,0.0,0,0.25,0.169,0.088,0.306,0.782,0.538,0,0.5631,10.0,173.3
89566,USDJPYm,BREAKOUT,BUY,2026.06.08 03:15:40,2026.06.08 03:19:40,4,160.384,160.375,-9.0,-5.61,0.0,0.0,SL_HIT,0.0,0.0,0.0,0,0.0,0.0,0.0,0.0,0,0.0,0.0,0,0,0,0,0.0,0,0.0,0.0,0,0.0,0.0,0.0,0.0,0.0,0.0,0.0,0.0,0.0,0,0,0.0,0,0,0.0,0.0,0,0.15,0.284,0.205,0.341,0.72,1.0,0,0.9453,10.0,148.9
89567,USDJPYm,PULLBACK,BUY,2026.06.08 03:15:59,2026.06.08 03:19:40,3,160.384,160.375,-9.0,-5.61,0.0,0.0,SL_HIT,0.0,0.0,0.0,0,0.0,0.0,0.0,0.0,0,0.0,0.0,0,0,0,0,0.0,0,0.0,0.0,0,0.0,0.0,0.0,0.0,0.0,0.0,0.0,0.0,0.0,0,0,0.0,0,0,0.0,0.0,0,0.15,0.284,0.205,0.341,0.72,1.0,0,0.9453,10.0,148.9
89568,USDJPYm,TREND_CONTINUATION,BUY,2026.06.08 03:16:00,2026.06.08 03:19:40,3,160.385,160.375,-10.0,-6.24,0.0,0.0,SL_HIT,0.0,0.0,0.0,0,0.0,0.0,0.0,0.0,0,0.0,0.0,0,0,0,0,0.0,0,0.0,0.0,0,0.0,0.0,0.0,0.0,0.0,0.0,0.0,0.0,0.0,0,0,0.0,0,0,0.0,0.0,0,0.15,0.284,0.205,0.341,0.72,1.0,0,0.9453,10.0,148.9
89572,USDJPYm,BREAKOUT_RETEST,BUY,2026.06.08 04:00:00,2026.06.08 04:01:40,1,160.344,160.332,-12.0,-7.48,0.0,0.0,SL_HIT,0.0,0.0,0.0,0,0.0,0.0,0.0,0.0,0,0.0,0.0,0,0,0,0,0.0,0,0.0,0.0,0,0.0,0.0,0.0,0.0,0.0,0.0,0.0,0.0,0.0,0,0,0.0,0,0,0.0,0.0,0,0.0,0.3,0.157,0.082,0.619,0.8,1,1.0,10.0,113.8
89574,USDJPYm,SWEEP_REVERSAL,BUY,2026.06.08 05:51:40,2026.06.08 06:11:40,20,160.205,160.258,53.0,33.07,0.0,0.0,TRAIL_STOP,0.0,0.0,0.0,0,0.0,0.0,0.0,0.0,0,0.0,0.0,0,0,0,0,0.0,0,0.0,0.0,0,0.0,0.0,0.0,0.0,0.0,0.0,0.0,0.0,0.0,0,0,0.0,0,0,0.0,0.0,0,0.4,0.247,0.14,0.415,0.743,1.0,0,0.825,10.0,106.5
89575,USDJPYm,MEAN_REVERSION,BUY,2026.06.08 05:53:40,2026.06.08 06:11:40,18,160.258,160.258,0.0,0.0,0.0,0.0,TRAIL_STOP,0.0,0.0,0.0,0,0.0,0.0,0.0,0.0,0,0.0,0.0,0,0,0,0,0.0,0,0.0,0.0,0,0.0,0.0,0.0,0.0,0.0,0.0,0.0,0.0,0.0,0,0,0.0,0,0,0.0,0.0,0,0.4,0.247,0.14,0.415,0.743,1.0,0,0.825,10.0,106.5
89578,USDJPYm,BREAKOUT_RETEST,BUY,2026.06.08 06:26:40,2026.06.08 06:30:40,4,160.328,160.296,-32.0,-19.96,0.0,0.0,SL_HIT,0.0,0.0,0.0,0,0.0,0.0,0.0,0.0,0,0.0,0.0,0,0,0,0,0.0,0,0.0,0.0,0,0.0,0.0,0.0,0.0,0.0,0.0,0.0,0.0,0.0,0,0,0.0,0,0,0.0,0.0,0,0.4,0.247,0.14,0.344,0.743,1.0,0,0.825,10.0,106.5
89579,USDJPYm,PULLBACK,BUY,2026.06.08 06:29:20,2026.06.08 06:50:20,21,160.349,160.258,-91.0,-56.78,0.0,0.0,SL_HIT,0.0,0.0,0.0,0,0.0,0.0,0.0,0.0,0,0.0,0.0,0,0,0,0,0.0,0,0.0,0.0,0,0.0,0.0,0.0,0.0,0.0,0.0,0.0,0.0,0.0,0,0,0.0,0,0,0.0,0.0,0,0.4,0.247,0.14,0.415,0.743,1.0,0,0.825,10.0,106.5
89580,USDJPYm,TREND_CONTINUATION,BUY,2026.06.08 06:29:30,2026.06.08 06:50:20,20,160.349,160.258,-91.0,-56.78,0.0,0.0,SL_HIT,0.0,0.0,0.0,0,0.0,0.0,0.0,0.0,0,0.0,0.0,0,0,0,0,0.0,0,0.0,0.0,0,0.0,0.0,0.0,0.0,0.0,0.0,0.0,0.0,0.0,0,0,0.0,0,0,0.0,0.0,0,0.4,0.247,0.14,0.415,0.743,1.0,0,0.825,10.0,106.5
89584,USDJPYm,MEAN_REVERSION,BUY,2026.06.08 07:55:40,2026.06.08 07:57:20,1,160.207,160.217,10.0,6.24,0.0,0.0,TRAIL_STOP,0.0,0.0,0.0,0,0.0,0.0,0.0,0.0,0,0.0,0.0,0,0,0,0,0.0,0,0.0,0.0,0,0.0,0.0,0.0,0.0,0.0,0.0,0.0,0.0,0.0,0,0,0.0,0,0,0.0,0.0,0,0.25,0.245,0.232,0.394,0.657,1.0,0,0.8182,10.0,107.4
89586,USDJPYm,SWEEP_REVERSAL,BUY,2026.06.08 08:09:40,2026.06.08 08:10:59,1,160.184,160.198,14.0,8.74,0.0,0.0,TRAIL_STOP,0.0,0.0,0.0,0,0.0,0.0,0.0,0.0,0,0.0,0.0,0,0,0,0,0.0,0,0.0,0.0,0,0.0,0.0,0.0,0.0,0.0,0.0,0.0,0.0,0.0,0,0,0.0,0,0,0.0,0.0,0,0.0,0.206,0.0,0.137,0.642,0.675,0,-0.685,10.0,110.4
89588,USDJPYm,MEAN_REVERSION,BUY,2026.06.08 09:55:40,2026.06.08 09:56:20,0,160.004,159.997,-7.0,-4.38,0.0,0.0,SL_HIT,0.0,0.0,0.0,0,0.0,0.0,0.0,0.0,0,0.0,0.0,0,0,0,0,0.0,0,0.0,0.0,0,0.0,0.0,0.0,0.0,0.0,0.0,0.0,0.0,0.0,0,0,0.0,0,0,0.0,0.0,0,0.4,0.164,0.29,0.433,0.663,0.75,0,-0.545,10.0,120.9
89590,USDJPYm,SWEEP_REVERSAL,BUY,2026.06.08 10:09:40,2026.06.08 10:10:20,0,160.008,159.993,-15.0,-9.38,0.0,0.0,SL_HIT,0.0,0.0,0.0,0,0.0,0.0,0.0,0.0,0,0.0,0.0,0,0,0,0,0.0,0,0.0,0.0,0,0.0,0.0,0.0,0.0,0.0,0.0,0.0,0.0,0.0,0,0,0.0,0,0,0.0,0.0,0,0.0,0.226,0.0,0.111,0.588,0.825,0,-0.755,10.0,121.1
89592,USDJPYm,MEAN_REVERSION,BUY,2026.06.08 11:55:40,2026.06.08 11:59:40,4,159.969,159.971,2.0,1.25,0.0,0.0,TRAIL_STOP,0.0,0.0,0.0,0,0.0,0.0,0.0,0.0,0,0.0,0.0,0,0,0,0,0.0,0,0.0,0.0,0,0.0,0.0,0.0,0.0,0.0,0.0,0.0,0.0,0.0,0,0,0.0,0,0,0.0,0.0,0,0.0,0.237,0.0,0.262,0.538,0.9,1,-0.79,10.0,121.1
89594,USDJPYm,ANCHORED_PULLBACK,BUY,2026.06.08 14:00:00,2026.06.08 14:01:20,1,160.038,160.028,-10.0,-6.25,0.0,0.0,SL_HIT,0.0,0.0,0.0,0,0.0,0.0,0.0,0.0,0,0.0,0.0,0,0,0,0,0.0,0,0.0,0.0,0,0.0,0.0,0.0,0.0,0.0,0.0,0.0,0.0,0.0,0,0,0.0,0,0,0.0,0.0,0,0.25,0.216,0.238,0.364,0.69,1.0,0,-0.72,10.0,120.9
89596,USDJPYm,BREAKOUT_RETEST,BUY,2026.06.08 18:02:00,2026.06.08 18:02:40,0,160.162,160.147,-15.0,-9.37,0.0,0.0,SL_HIT,0.0,0.0,0.0,0,0.0,0.0,0.0,0.0,0,0.0,0.0,0,0,0,0,0.0,0,0.0,0.0,0,0.0,0.0,0.0,0.0,0.0,0.0,0.0,0.0,0.0,0,0,0.0,0,0,0.0,0.0,0,0.15,0.141,0.198,0.073,0.745,0.234,1,0.4686,10.0,130.6
89598,USDJPYm,TREND_CONTINUATION,BUY,2026.06.08 18:29:20,2026.06.08 18:30:20,1,160.163,160.148,-15.0,-9.37,0.0,0.0,SL_HIT,0.0,0.0,0.0,0,0.0,0.0,0.0,0.0,0,0.0,0.0,0,0,0,0,0.0,0,0.0,0.0,0,0.0,0.0,0.0,0.0,0.0,0.0,0.0,0.0,0.0,0,0,0.0,0,0,0.0,0.0,0,0.15,0.141,0.198,0.073,0.745,0.234,1,0.4686,10.0,130.6
89600,USDJPYm,BREAKOUT,BUY,2026.06.08 18:45:40,2026.06.08 18:53:40,8,160.203,160.235,32.0,19.97,0.0,0.0,TRAIL_STOP,0.0,0.0,0.0,0,0.0,0.0,0.0,0.0,0,0.0,0.0,0,0,0,0,0.0,0,0.0,0.0,0,0.0,0.0,0.0,0.0,0.0,0.0,0.0,0.0,0.0,0,0,0.0,0,0,0.0,0.0,0,0.15,0.141,0.198,0.343,0.745,0.234,0,0.4686,10.0,130.6
89601,USDJPYm,PULLBACK,BUY,2026.06.08 18:52:40,2026.06.08 18:53:40,1,160.242,160.235,-7.0,-4.37,0.0,0.0,SL_HIT,0.0,0.0,0.0,0,0.0,0.0,0.0,0.0,0,0.0,0.0,0,0,0,0,0.0,0,0.0,0.0,0,0.0,0.0,0.0,0.0,0.0,0.0,0.0,0.0,0.0,0,0,0.0,0,0,0.0,0.0,0,0.15,0.141,0.198,0.343,0.745,0.234,0,0.4686,10.0,130.6
89604,USDJPYm,ANCHORED_PULLBACK,BUY,2026.06.08 19:00:40,2026.06.08 19:01:40,1,160.25,160.235,-15.0,-9.36,0.0,0.0,SL_HIT,0.0,0.0,0.0,0,0.0,0.0,0.0,0.0,0,0.0,0.0,0,0,0,0,0.0,0,0.0,0.0,0,0.0,0.0,0.0,0.0,0.0,0.0,0.0,0.0,0.0,0,0,0.0,0,0,0.0,0.0,0,0.4,0.164,0.254,0.433,0.698,0.75,0,0.545,10.0,135.4
89606,USDJPYm,BREAKOUT_RETEST,BUY,2026.06.08 20:02:00,2026.06.08 20:05:40,3,160.197,160.193,-4.0,-2.5,0.0,0.0,SL_HIT,0.0,0.0,0.0,0,0.0,0.0,0.0,0.0,0,0.0,0.0,0,0,0,0,0.0,0,0.0,0.0,0,0.0,0.0,0.0,0.0,0.0,0.0,0.0,0.0,0.0,0,0,0.0,0,0,0.0,0.0,0,0.15,0.226,0.157,0.298,0.692,0.825,1,0.755,10.0,129.4
89608,USDJPYm,TREND_CONTINUATION,BUY,2026.06.08 20:29:20,2026.06.08 20:29:40,0,160.185,160.17,-15.0,-9.37,0.0,0.0,SL_HIT,0.0,0.0,0.0,0,0.0,0.0,0.0,0.0,0,0.0,0.0,0,0,0,0,0.0,0,0.0,0.0,0,0.0,0.0,0.0,0.0,0.0,0.0,0.0,0.0,0.0,0,0,0.0,0,0,0.0,0.0,0,0.15,0.226,0.157,0.071,0.692,0.825,1,0.755,10.0,129.4
89610,USDJPYm,BREAKOUT,BUY,2026.06.08 20:45:40,2026.06.08 20:49:40,4,160.182,160.177,-5.0,-3.12,0.0,0.0,SL_HIT,0.0,0.0,0.0,0,0.0,0.0,0.0,0.0,0,0.0,0.0,0,0,0,0,0.0,0,0.0,0.0,0,0.0,0.0,0.0,0.0,0.0,0.0,0.0,0.0,0.0,0,0,0.0,0,0,0.0,0.0,0,0.15,0.226,0.157,0.225,0.692,0.825,1,0.755,10.0,129.4
89612,USDJPYm,SWEEP_REVERSAL,BUY,2026.06.08 21:05:20,2026.06.08 21:06:00,0,160.114,160.11,-4.0,-2.5,0.0,0.0,SL_HIT,0.0,0.0,0.0,0,0.0,0.0,0.0,0.0,0,0.0,0.0,0,0,0,0,0.0,0,0.0,0.0,0,0.0,0.0,0.0,0.0,0.0,0.0,0.0,0.0,0.0,0,0,0.0,0,0,0.0,0.0,0,0.4,0.185,0.14,0.454,0.687,0.6,0,0.615,74.0,125.9
89614,USDJPYm,BREAKOUT_RETEST,BUY,2026.06.08 22:13:40,2026.06.08 22:55:40,42,160.172,160.166,-6.0,-3.75,0.0,0.0,SL_HIT,0.0,0.0,0.0,0,0.0,0.0,0.0,0.0,0,0.0,0.0,0,0,0,0,0.0,0,0.0,0.0,0,0.0,0.0,0.0,0.0,0.0,0.0,0.0,0.0,0.0,0,0,0.0,0,0,0.0,0.0,0,0.25,0.195,0.167,0.215,0.67,0.975,1,0.65,10.0,127.0
89616,USDJPYm,MEAN_REVERSION,BUY,2026.06.08 23:00:40,2026.06.08 23:10:20,9,160.166,160.169,3.0,1.87,0.0,0.0,TRAIL_STOP,0.0,0.0,0.0,0,0.0,0.0,0.0,0.0,0,0.0,0.0,0,0,0,0,0.0,0,0.0,0.0,0,0.0,0.0,0.0,0.0,0.0,0.0,0.0,0.0,0.0,0,0,0.0,0,0,0.0,0.0,0,0.25,0.206,0.088,0.109,0.657,0.7,1,0.685,10.0,102.7
89618,USDJPYm,TREND_CONTINUATION,BUY,2026.06.08 23:27:40,2026.06.08 23:28:40,1,160.208,160.194,-14.0,-8.74,0.0,0.0,SL_HIT,0.0,0.0,0.0,0,0.0,0.0,0.0,0.0,0,0.0,0.0,0,0,0,0,0.0,0,0.0,0.0,0,0.0,0.0,0.0,0.0,0.0,0.0,0.0,0.0,0.0,0,0,0.0,0,0,0.0,0.0,0,0.25,0.206,0.088,0.333,0.657,0.7,1,0.685,10.0,102.7
89620,USDJPYm,BREAKOUT_RETEST,BUY,2026.06.09 00:23:40,2026.06.09 00:26:20,2,160.168,160.138,-30.0,-18.73,0.0,0.0,SL_HIT,0.0,0.0,0.0,0,0.0,0.0,0.0,0.0,0,0.0,0.0,0,0,0,0,0.0,0,0.0,0.0,0,0.0,0.0,0.0,0.0,0.0,0.0,0.0,0.0,0.0,0,0,0.0,0,0,0.0,0.0,0,0.0,0.269,0.1,0.169,0.645,0.75,0,0.895,10.0,100.8
89622,USDJPYm,BREAKOUT,BUY,2026.06.09 00:49:40,2026.06.09 00:52:20,2,160.196,160.221,25.0,15.6,0.0,0.0,TRAIL_STOP,0.0,0.0,0.0,0,0.0,0.0,0.0,0.0,0,0.0,0.0,0,0,0,0,0.0,0,0.0,0.0,0,0.0,0.0,0.0,0.0,0.0,0.0,0.0,0.0,0.0,0,0,0.0,0,0,0.0,0.0,0,0.0,0.269,0.1,0.274,0.645,0.75,0,0.895,10.0,100.8
89624,USDJPYm,PULLBACK,BUY,2026.06.09 00:52:40,2026.06.09 01:00:40,8,160.244,160.221,-23.0,-14.36,0.0,0.0,SL_HIT,0.0,0.0,0.0,0,0.0,0.0,0.0,0.0,0,0.0,0.0,0,0,0,0,0.0,0,0.0,0.0,0,0.0,0.0,0.0,0.0,0.0,0.0,0.0,0.0,0.0,0,0,0.0,0,0,0.0,0.0,0,0.0,0.226,0.15,0.262,0.695,1.0,0,0.755,10.0,99.9
89625,USDJPYm,ANCHORED_PULLBACK,BUY,2026.06.09 01:00:00,2026.06.09 01:30:40,30,160.241,160.217,-24.0,-14.98,0.0,0.0,SL_HIT,0.0,0.0,0.0,0,0.0,0.0,0.0,0.0,0,0.0,0.0,0,0,0,0,0.0,0,0.0,0.0,0,0.0,0.0,0.0,0.0,0.0,0.0,0.0,0.0,0.0,0,0,0.0,0,0,0.0,0.0,0,0.0,0.226,0.15,0.236,0.695,1.0,0,0.755,10.0,99.9
89627,USDJPYm,TREND_CONTINUATION,BUY,2026.06.09 01:27:40,2026.06.09 01:30:40,3,160.235,160.217,-18.0,-11.24,0.0,0.0,SL_HIT,0.0,0.0,0.0,0,0.0,0.0,0.0,0.0,0,0.0,0.0,0,0,0,0,0.0,0,0.0,0.0,0,0.0,0.0,0.0,0.0,0.0,0.0,0.0,0.0,0.0,0,0,0.0,0,0,0.0,0.0,0,0.0,0.226,0.15,0.236,0.695,1.0,0,0.755,10.0,99.9
89630,USDJPYm,BREAKOUT_RETEST,BUY,2026.06.09 02:23:40,2026.06.09 02:25:59,2,160.191,160.194,3.0,1.87,0.0,0.0,TRAIL_STOP,0.0,0.0,0.0,0,0.0,0.0,0.0,0.0,0,0.0,0.0,0,0,0,0,0.0,0,0.0,0.0,0,0.0,0.0,0.0,0.0,0.0,0.0,0.0,0.0,0.0,0,0,0.0,0,0,0.0,0.0,0,0.0,0.29,0.101,0.135,0.716,0.8,1,0.965,10.0,96.2
89632,USDJPYm,BREAKOUT,BUY,2026.06.09 02:58:40,2026.06.09 02:59:20,0,160.225,160.211,-14.0,-8.74,0.0,0.0,SL_HIT,0.0,0.0,0.0,0,0.0,0.0,0.0,0.0,0,0.0,0.0,0,0,0,0,0.0,0,0.0,0.0,0,0.0,0.0,0.0,0.0,0.0,0.0,0.0,0.0,0.0,0,0,0.0,0,0,0.0,0.0,0,0.0,0.29,0.101,0.165,0.716,0.8,1,0.965,10.0,96.2
89634,USDJPYm,PULLBACK,BUY,2026.06.09 03:05:20,2026.06.09 03:05:40,0,160.239,160.226,-13.0,-8.11,0.0,0.0,SL_HIT,0.0,0.0,0.0,0,0.0,0.0,0.0,0.0,0,0.0,0.0,0,0,0,0,0.0,0,0.0,0.0,0,0.0,0.0,0.0,0.0,0.0,0.0,0.0,0.0,0.0,0,0,0.0,0,0,0.0,0.0,0,0.25,0.176,0.23,0.25,0.713,0.563,1,0.588,10.0,93.9
89636,USDJPYm,TREND_CONTINUATION,BUY,2026.06.09 03:27:40,2026.06.09 03:29:40,2,160.232,160.228,-4.0,-2.5,0.0,0.0,SL_HIT,0.0,0.0,0.0,0,0.0,0.0,0.0,0.0,0,0.0,0.0,0,0,0,0,0.0,0,0.0,0.0,0,0.0,0.0,0.0,0.0,0.0,0.0,0.0,0.0,0.0,0,0,0.0,0,0,0.0,0.0,0,0.25,0.176,0.23,0.277,0.713,0.563,1,0.588,10.0,93.9
89638,USDJPYm,SWEEP_REVERSAL,BUY,2026.06.09 05:30:40,2026.06.09 05:32:00,1,160.129,160.172,43.0,26.84,0.0,0.0,TRAIL_STOP,0.0,0.0,0.0,0,0.0,0.0,0.0,0.0,0,0.0,0.0,0,0,0,0,0.0,0,0.0,0.0,0,0.0,0.0,0.0,0.0,0.0,0.0,0.0,0.0,0.0,0,0,0.0,0,0,0.0,0.0,0,0.4,0.062,0.271,0.451,0.823,0.146,0,-0.2058,10.0,83.1
89640,USDJPYm,MEAN_REVERSION,BUY,2026.06.09 06:01:40,2026.06.09 06:17:40,16,160.142,160.076,-66.0,-41.23,0.0,0.0,SL_HIT,0.0,0.0,0.0,0,0.0,0.0,0.0,0.0,0,0.0,0.0,0,0,0,0,0.0,0,0.0,0.0,0,0.0,0.0,0.0,0.0,0.0,0.0,0.0,0.0,0.0,0,0,0.0,0,0,0.0,0.0,0,0.4,0.06,0.14,0.438,0.745,0.212,0,0.201,10.0,82.9
89642,USDJPYm,BREAKOUT,BUY,2026.06.09 15:48:40,2026.06.09 15:55:40,7,160.283,160.255,-28.0,-17.47,0.0,0.0,SL_HIT,0.0,0.0,0.0,0,0.0,0.0,0.0,0.0,0,0.0,0.0,0,0,0,0,0.0,0,0.0,0.0,0,0.0,0.0,0.0,0.0,0.0,0.0,0.0,0.0,0.0,0,0,0.0,0,0,0.0,0.0,0,0.15,0.115,0.053,0.341,0.775,0.22,0,0.382,10.0,71.4
89643,USDJPYm,TREND_CONTINUATION,BUY,2026.06.09 15:49:00,2026.06.09 15:55:40,6,160.283,160.255,-28.0,-17.47,0.0,0.0,SL_HIT,0.0,0.0,0.0,0,0.0,0.0,0.0,0.0,0,0.0,0.0,0,0,0,0,0.0,0,0.0,0.0,0,0.0,0.0,0.0,0.0,0.0,0.0,0.0,0.0,0.0,0,0,0.0,0,0,0.0,0.0,0,0.15,0.115,0.053,0.341,0.775,0.22,0,0.382,10.0,71.4
89644,USDJPYm,PULLBACK,BUY,2026.06.09 15:51:40,2026.06.09 15:55:40,4,160.261,160.255,-6.0,-3.74,0.0,0.0,SL_HIT,0.0,0.0,0.0,0,0.0,0.0,0.0,0.0,0,0.0,0.0,0,0,0,0,0.0,0,0.0,0.0,0,0.0,0.0,0.0,0.0,0.0,0.0,0.0,0.0,0.0,0,0,0.0,0,0,0.0,0.0,0,0.15,0.115,0.053,0.341,0.775,0.22,0,0.382,10.0,71.4
89648,USDJPYm,BREAKOUT_RETEST,BUY,2026.06.09 16:00:00,2026.06.09 16:00:40,0,160.235,160.226,-9.0,-5.62,0.0,0.0,SL_HIT,0.0,0.0,0.0,0,0.0,0.0,0.0,0.0,0,0.0,0.0,0,0,0,0,0.0,0,0.0,0.0,0,0.0,0.0,0.0,0.0,0.0,0.0,0.0,0.0,0.0,0,0,0.0,0,0,0.0,0.0,0,0.15,0.216,0.053,0.294,0.71,0.75,1,0.72,10.0,72.2
89650,USDJPYm,BREAKOUT,BUY,2026.06.09 17:52:40,2026.06.09 17:54:20,1,160.351,160.337,-14.0,-8.73,0.0,0.0,SL_HIT,0.0,0.0,0.0,0,0.0,0.0,0.0,0.0,0,0.0,0.0,0,0,0,0,0.0,0,0.0,0.0,0,0.0,0.0,0.0,0.0,0.0,0.0,0.0,0.0,0.0,0,0,0.0,0,0,0.0,0.0,0,0.4,0.174,0.14,0.419,0.643,0.825,0,0.58,10.0,85.8
89651,USDJPYm,TREND_CONTINUATION,BUY,2026.06.09 17:52:59,2026.06.09 17:54:20,1,160.35,160.337,-13.0,-8.11,0.0,0.0,SL_HIT,0.0,0.0,0.0,0,0.0,0.0,0.0,0.0,0,0.0,0.0,0,0,0,0,0.0,0,0.0,0.0,0,0.0,0.0,0.0,0.0,0.0,0.0,0.0,0.0,0.0,0,0,0.0,0,0,0.0,0.0,0,0.4,0.174,0.14,0.419,0.643,0.825,0,0.58,10.0,85.8
89654,USDJPYm,BREAKOUT_RETEST,BUY,2026.06.09 18:00:40,2026.06.09 18:01:20,0,160.346,160.337,-9.0,-5.61,0.0,0.0,SL_HIT,0.0,0.0,0.0,0,0.0,0.0,0.0,0.0,0,0.0,0.0,0,0,0,0,0.0,0,0.0,0.0,0,0.0,0.0,0.0,0.0,0.0,0.0,0.0,0.0,0.0,0,0,0.0,0,0,0.0,0.0,0,0.15,0.237,0.155,0.208,0.616,0.9,1,0.79,10.0,90.6
89656,USDJPYm,PULLBACK,BUY,2026.06.09 18:03:40,2026.06.09 18:04:40,1,160.378,160.367,-11.0,-6.86,0.0,0.0,SL_HIT,0.0,0.0,0.0,0,0.0,0.0,0.0,0.0,0,0.0,0.0,0,0,0,0,0.0,0,0.0,0.0,0,0.0,0.0,0.0,0.0,0.0,0.0,0.0,0.0,0.0,0,0,0.0,0,0,0.0,0.0,0,0.15,0.237,0.155,0.212,0.616,0.9,0,0.79,10.0,90.6
89658,USDJPYm,ANCHORED_PULLBACK,BUY,2026.06.09 18:04:40,2026.06.09 18:05:40,1,160.373,160.363,-10.0,-6.24,0.0,0.0,SL_HIT,0.0,0.0,0.0,0,0.0,0.0,0.0,0.0,0,0.0,0.0,0,0,0,0,0.0,0,0.0,0.0,0,0.0,0.0,0.0,0.0,0.0,0.0,0.0,0.0,0.0,0,0,0.0,0,0,0.0,0.0,0,0.15,0.237,0.155,0.212,0.616,0.9,0,0.79,10.0,90.6
89660,USDJPYm,BREAKOUT,BUY,2026.06.09 19:52:40,2026.06.09 19:53:20,0,160.402,160.389,-13.0,-8.11,0.0,0.0,SL_HIT,0.0,0.0,0.0,0,0.0,0.0,0.0,0.0,0,0.0,0.0,0,0,0,0,0.0,0,0.0,0.0,0,0.0,0.0,0.0,0.0,0.0,0.0,0.0,0.0,0.0,0,0,0.0,0,0,0.0,0.0,0,0.0,0.247,0.142,0.245,0.696,0.975,1,0.825,10.0,88.6
89661,USDJPYm,TREND_CONTINUATION,BUY,2026.06.09 19:52:59,2026.06.09 19:53:20,0,160.402,160.389,-13.0,-8.11,0.0,0.0,SL_HIT,0.0,0.0,0.0,0,0.0,0.0,0.0,0.0,0,0.0,0.0,0,0,0,0,0.0,0,0.0,0.0,0,0.0,0.0,0.0,0.0,0.0,0.0,0.0,0.0,0.0,0,0,0.0,0,0,0.0,0.0,0,0.0,0.247,0.142,0.245,0.696,0.975,1,0.825,10.0,88.6
89664,USDJPYm,BREAKOUT_RETEST,BUY,2026.06.09 20:00:40,2026.06.09 20:01:40,1,160.424,160.41,-14.0,-8.73,0.0,0.0,SL_HIT,0.0,0.0,0.0,0,0.0,0.0,0.0,0.0,0,0.0,0.0,0,0,0,0,0.0,0,0.0,0.0,0,0.0,0.0,0.0,0.0,0.0,0.0,0.0,0.0,0.0,0,0,0.0,0,0,0.0,0.0,0,0.25,0.206,0.088,0.22,0.653,0.7,1,0.685,10.0,86.2
89666,USDJPYm,PULLBACK,BUY,2026.06.09 20:03:40,2026.06.09 20:04:20,0,160.415,160.401,-14.0,-8.73,0.0,0.0,SL_HIT,0.0,0.0,0.0,0,0.0,0.0,0.0,0.0,0,0.0,0.0,0,0,0,0,0.0,0,0.0,0.0,0,0.0,0.0,0.0,0.0,0.0,0.0,0.0,0.0,0.0,0,0,0.0,0,0,0.0,0.0,0,0.25,0.206,0.088,0.24,0.653,0.7,1,0.685,10.0,86.2
89668,USDJPYm,SWEEP_REVERSAL,BUY,2026.06.09 21:28:40,2026.06.09 21:30:20,1,160.305,160.344,39.0,24.31,0.0,0.0,TRAIL_STOP,0.0,0.0,0.0,0,0.0,0.0,0.0,0.0,0,0.0,0.0,0,0,0,0,0.0,0,0.0,0.0,0,0.0,0.0,0.0,0.0,0.0,0.0,0.0,0.0,0.0,0,0,0.0,0,0,0.0,0.0,0,0.15,0.269,0.154,0.222,0.727,0.75,1,0.895,61.0,83.1
89670,USDJPYm,MEAN_REVERSION,BUY,2026.06.09 21:50:59,2026.06.09 21:52:40,1,160.375,160.352,-23.0,-14.34,0.0,0.0,SL_HIT,0.0,0.0,0.0,0,0.0,0.0,0.0,0.0,0,0.0,0.0,0,0,0,0,0.0,0,0.0,0.0,0,0.0,0.0,0.0,0.0,0.0,0.0,0.0,0.0,0.0,0,0,0.0,0,0,0.0,0.0,0,0.15,0.269,0.154,0.12,0.727,0.75,1,0.895,38.0,83.1
89672,USDJPYm,BREAKOUT_RETEST,BUY,2026.06.09 22:00:40,2026.06.09 22:02:20,1,160.37,160.377,7.0,4.36,0.0,0.0,TRAIL_STOP,0.0,0.0,0.0,0,0.0,0.0,0.0,0.0,0,0.0,0.0,0,0,0,0,0.0,0,0.0,0.0,0,0.0,0.0,0.0,0.0,0.0,0.0,0.0,0.0,0.0,0,0,0.0,0,0,0.0,0.0,0,0.25,0.226,0.267,0.241,0.8,1.0,1,0.755,10.0,85.3
89673,USDJPYm,TREND_CONTINUATION,BUY,2026.06.09 22:01:40,2026.06.09 22:02:20,0,160.39,160.377,-13.0,-8.11,0.0,0.0,SL_HIT,0.0,0.0,0.0,0,0.0,0.0,0.0,0.0,0,0.0,0.0,0,0,0,0,0.0,0,0.0,0.0,0,0.0,0.0,0.0,0.0,0.0,0.0,0.0,0.0,0.0,0,0,0.0,0,0,0.0,0.0,0,0.25,0.226,0.267,0.241,0.8,1.0,1,0.755,10.0,85.3
89676,USDJPYm,PULLBACK,BUY,2026.06.09 22:03:40,2026.06.09 22:04:30,0,160.398,160.385,-13.0,-8.11,0.0,0.0,SL_HIT,0.0,0.0,0.0,0,0.0,0.0,0.0,0.0,0,0.0,0.0,0,0,0,0,0.0,0,0.0,0.0,0,0.0,0.0,0.0,0.0,0.0,0.0,0.0,0.0,0.0,0,0,0.0,0,0,0.0,0.0,0,0.25,0.226,0.267,0.294,0.8,1.0,1,0.755,10.0,85.3
89678,USDJPYm,ANCHORED_PULLBACK,BUY,2026.06.09 23:03:40,2026.06.09 23:05:59,2,160.413,160.403,-10.0,-6.23,0.0,0.0,SL_HIT,0.0,0.0,0.0,0,0.0,0.0,0.0,0.0,0,0.0,0.0,0,0,0,0,0.0,0,0.0,0.0,0,0.0,0.0,0.0,0.0,0.0,0.0,0.0,0.0,0.0,0,0,0.0,0,0,0.0,0.0,0,0.0,0.29,0.0,0.142,0.723,1.0,1,0.965,10.0,85.8
89680,USDJPYm,BREAKOUT,BUY,2026.06.09 23:54:40,2026.06.09 23:55:59,1,160.396,160.388,-8.0,-4.99,0.0,0.0,SL_HIT,0.0,0.0,0.0,0,0.0,0.0,0.0,0.0,0,0.0,0.0,0,0,0,0,0.0,0,0.0,0.0,0,0.0,0.0,0.0,0.0,0.0,0.0,0.0,0.0,0.0,0,0,0.0,0,0,0.0,0.0,0,0.0,0.29,0.0,0.039,0.723,1.0,1,0.965,10.0,85.8
89682,USDJPYm,BREAKOUT_RETEST,BUY,2026.06.10 00:00:40,2026.06.10 00:01:20,0,160.382,160.371,-11.0,-6.86,0.0,0.0,SL_HIT,0.0,0.0,0.0,0,0.0,0.0,0.0,0.0,0,0.0,0.0,0,0,0,0,0.0,0,0.0,0.0,0,0.0,0.0,0.0,0.0,0.0,0.0,0.0,0.0,0.0,0,0,0.0,0,0,0.0,0.0,0,0.0,0.3,0.0,0.09,0.715,0.8,1,1.0,10.0,85.1
89684,USDJPYm,PULLBACK,BUY,2026.06.10 00:18:40,2026.06.10 00:41:59,23,160.393,160.387,-6.0,-3.74,0.0,0.0,SL_HIT,0.0,0.0,0.0,0,0.0,0.0,0.0,0.0,0,0.0,0.0,0,0,0,0,0.0,0,0.0,0.0,0,0.0,0.0,0.0,0.0,0.0,0.0,0.0,0.0,0.0,0,0,0.0,0,0,0.0,0.0,0,0.0,0.3,0.0,0.055,0.715,0.8,1,1.0,10.0,85.1
89685,USDJPYm,TREND_CONTINUATION,BUY,2026.06.10 00:19:20,2026.06.10 00:41:59,22,160.391,160.387,-4.0,-2.49,0.0,0.0,SL_HIT,0.0,0.0,0.0,0,0.0,0.0,0.0,0.0,0,0.0,0.0,0,0,0,0,0.0,0,0.0,0.0,0,0.0,0.0,0.0,0.0,0.0,0.0,0.0,0.0,0.0,0,0,0.0,0,0,0.0,0.0,0,0.0,0.3,0.0,0.055,0.715,0.8,1,1.0,10.0,85.1
89688,USDJPYm,SWEEP_REVERSAL,BUY,2026.06.10 01:02:40,2026.06.10 01:05:20,2,160.296,160.317,21.0,13.1,0.0,0.0,TRAIL_STOP,0.0,0.0,0.0,0,0.0,0.0,0.0,0.0,0,0.0,0.0,0,0,0,0,0.0,0,0.0,0.0,0,0.0,0.0,0.0,0.0,0.0,0.0,0.0,0.0,0.0,0,0,0.0,0,0,0.0,0.0,0,0.25,0.247,0.282,0.38,0.696,0.8,0,0.825,10.0,86.1
89690,USDJPYm,BREAKOUT,BUY,2026.06.10 01:54:40,2026.06.10 01:55:40,1,160.396,160.386,-10.0,-6.24,0.0,0.0,SL_HIT,0.0,0.0,0.0,0,0.0,0.0,0.0,0.0,0,0.0,0.0,0,0,0,0,0.0,0,0.0,0.0,0,0.0,0.0,0.0,0.0,0.0,0.0,0.0,0.0,0.0,0,0,0.0,0,0,0.0,0.0,0,0.25,0.247,0.282,0.1,0.696,0.8,1,0.825,10.0,86.1
89692,USDJPYm,BREAKOUT_RETEST,BUY,2026.06.10 02:00:40,2026.06.10 02:01:20,0,160.38,160.368,-12.0,-7.48,0.0,0.0,SL_HIT,0.0,0.0,0.0,0,0.0,0.0,0.0,0.0,0,0.0,0.0,0,0,0,0,0.0,0,0.0,0.0,0,0.0,0.0,0.0,0.0,0.0,0.0,0.0,0.0,0.0,0,0,0.0,0,0,0.0,0.0,0,0.25,0.247,0.088,0.273,0.741,0.8,1,0.825,10.0,94.4
89694,USDJPYm,TREND_CONTINUATION,BUY,2026.06.10 03:01:20,2026.06.10 03:01:40,0,160.377,160.364,-13.0,-8.11,0.0,0.0,SL_HIT,0.0,0.0,0.0,0,0.0,0.0,0.0,0.0,0,0.0,0.0,0,0,0,0,0.0,0,0.0,0.0,0,0.0,0.0,0.0,0.0,0.0,0.0,0.0,0.0,0.0,0,0,0.0,0,0,0.0,0.0,0,0.25,0.208,0.088,0.185,0.767,0.669,1,0.6936,10.0,93.9
89696,USDJPYm,BREAKOUT,BUY,2026.06.10 08:00:00,2026.06.10 08:00:59,0,160.396,160.392,-4.0,-2.49,0.0,0.0,SL_HIT,0.0,0.0,0.0,0,0.0,0.0,0.0,0.0,0,0.0,0.0,0,0,0,0,0.0,0,0.0,0.0,0,0.0,0.0,0.0,0.0,0.0,0.0,0.0,0.0,0.0,0,0,0.0,0,0,0.0,0.0,0,0.4,0.131,0.292,0.442,0.717,0.656,0,-0.4371,10.0,64.7
89698,USDJPYm,ANCHORED_PULLBACK,BUY,2026.06.10 09:00:00,2026.06.10 09:00:59,0,160.427,160.435,8.0,4.99,0.0,0.0,TRAIL_STOP,0.0,0.0,0.0,0,0.0,0.0,0.0,0.0,0,0.0,0.0,0,0,0,0,0.0,0,0.0,0.0,0,0.0,0.0,0.0,0.0,0.0,0.0,0.0,0.0,0.0,0,0,0.0,0,0,0.0,0.0,0,0.15,0.0,0.206,0.35,0.905,0.154,0,0.0,10.0,65.1
89700,USDJPYm,BREAKOUT,BUY,2026.06.10 10:00:00,2026.06.10 10:00:59,0,160.449,160.448,-1.0,-0.62,0.0,0.0,SL_HIT,0.0,0.0,0.0,0,0.0,0.0,0.0,0.0,0,0.0,0.0,0,0,0,0,0.0,0,0.0,0.0,0,0.0,0.0,0.0,0.0,0.0,0.0,0.0,0.0,0.0,0,0,0.0,0,0,0.0,0.0,0,0.15,0.206,0.181,0.247,0.607,0.675,0,0.685,10.0,65.9
89702,USDJPYm,PULLBACK,BUY,2026.06.10 11:35:40,2026.06.10 11:36:40,1,160.508,160.495,-13.0,-8.1,0.0,0.0,SL_HIT,0.0,0.0,0.0,0,0.0,0.0,0.0,0.0,0,0.0,0.0,0,0,0,0,0.0,0,0.0,0.0,0,0.0,0.0,0.0,0.0,0.0,0.0,0.0,0.0,0.0,0,0,0.0,0,0,0.0,0.0,0,0.15,0.216,0.167,0.295,0.729,0.75,0,0.72,10.0,62.1
89704,USDJPYm,TREND_CONTINUATION,BUY,2026.06.10 11:41:40,2026.06.10 11:42:59,1,160.525,160.517,-8.0,-4.98,0.0,0.0,SL_HIT,0.0,0.0,0.0,0,0.0,0.0,0.0,0.0,0,0.0,0.0,0,0,0,0,0.0,0,0.0,0.0,0,0.0,0.0,0.0,0.0,0.0,0.0,0.0,0.0,0.0,0,0,0.0,0,0,0.0,0.0,0,0.15,0.216,0.167,0.295,0.729,0.75,0,0.72,10.0,62.1
89706,USDJPYm,BREAKOUT,BUY,2026.06.10 12:00:00,2026.06.10 12:30:40,30,160.505,160.414,-91.0,-56.75,0.0,0.0,SL_HIT,0.0,0.0,0.0,0,0.0,0.0,0.0,0.0,0,0.0,0.0,0,0,0,0,0.0,0,0.0,0.0,0,0.0,0.0,0.0,0.0,0.0,0.0,0.0,0.0,0.0,0,0,0.0,0,0,0.0,0.0,0,0.15,0.174,0.053,0.275,0.562,0.825,0,0.58,10.0,60.4
89707,USDJPYm,BREAKOUT_RETEST,BUY,2026.06.10 12:25:40,2026.06.10 12:30:40,5,160.44,160.447,7.0,4.37,0.0,0.0,TRAIL_STOP,0.0,0.0,0.0,0,0.0,0.0,0.0,0.0,0,0.0,0.0,0,0,0,0,0.0,0,0.0,0.0,0,0.0,0.0,0.0,0.0,0.0,0.0,0.0,0.0,0.0,0,0,0.0,0,0,0.0,0.0,0,0.15,0.174,0.053,0.275,0.562,0.825,0,0.58,10.0,60.4
89710,USDJPYm,BREAKOUT,BUY,2026.06.10 14:00:00,2026.06.10 14:00:59,0,160.387,160.386,-1.0,-0.62,0.0,0.0,SL_HIT,0.0,0.0,0.0,0,0.0,0.0,0.0,0.0,0,0.0,0.0,0,0,0,0,0.0,0,0.0,0.0,0,0.0,0.0,0.0,0.0,0.0,0.0,0.0,0.0,0.0,0,0,0.0,0,0,0.0,0.0,0,0.25,0.195,0.201,0.2,0.562,0.975,0,0.65,10.0,74.2
89711,USDJPYm,PULLBACK,BUY,2026.06.10 14:00:20,2026.06.10 14:00:59,0,160.385,160.386,1.0,0.62,0.0,0.0,TRAIL_STOP,0.0,0.0,0.0,0,0.0,0.0,0.0,0.0,0,0.0,0.0,0,0,0,0,0.0,0,0.0,0.0,0,0.0,0.0,0.0,0.0,0.0,0.0,0.0,0.0,0.0,0,0,0.0,0,0,0.0,0.0,0,0.25,0.195,0.201,0.2,0.562,0.975,0,0.65,10.0,74.2
89712,USDJPYm,TREND_CONTINUATION,BUY,2026.06.10 14:00:30,2026.06.10 14:00:59,0,160.385,160.386,1.0,0.62,0.0,0.0,TRAIL_STOP,0.0,0.0,0.0,0,0.0,0.0,0.0,0.0,0,0.0,0.0,0,0,0,0,0.0,0,0.0,0.0,0,0.0,0.0,0.0,0.0,0.0,0.0,0.0,0.0,0.0,0,0,0.0,0,0,0.0,0.0,0,0.25,0.195,0.201,0.2,0.562,0.975,0,0.65,10.0,74.2
89717,USDJPYm,ANCHORED_PULLBACK,BUY,2026.06.10 14:00:59,2026.06.10 14:01:20,0,160.396,160.385,-11.0,-6.86,0.0,0.0,SL_HIT,0.0,0.0,0.0,0,0.0,0.0,0.0,0.0,0,0.0,0.0,0,0,0,0,0.0,0,0.0,0.0,0,0.0,0.0,0.0,0.0,0.0,0.0,0.0,0.0,0.0,0,0,0.0,0,0,0.0,0.0,0,0.25,0.195,0.201,0.2,0.562,0.975,0,0.65,10.0,74.2
89713,USDJPYm,MEAN_REVERSION,BUY,2026.06.10 14:00:40,2026.06.10 14:02:20,1,160.399,160.393,-6.0,-3.74,0.0,0.0,SL_HIT,0.0,0.0,0.0,0,0.0,0.0,0.0,0.0,0,0.0,0.0,0,0,0,0,0.0,0,0.0,0.0,0,0.0,0.0,0.0,0.0,0.0,0.0,0.0,0.0,0.0,0,0,0.0,0,0,0.0,0.0,0,0.25,0.195,0.201,0.2,0.562,0.975,0,0.65,10.0,74.2
89720,USDJPYm,SWEEP_REVERSAL,BUY,2026.06.10 14:04:40,2026.06.10 14:05:20,0,160.398,160.385,-13.0,-8.11,0.0,0.0,SL_HIT,0.0,0.0,0.0,0,0.0,0.0,0.0,0.0,0,0.0,0.0,0,0,0,0,0.0,0,0.0,0.0,0,0.0,0.0,0.0,0.0,0.0,0.0,0.0,0.0,0.0,0,0,0.0,0,0,0.0,0.0,0,0.25,0.195,0.201,0.254,0.562,0.975,0,0.65,10.0,74.2
89722,USDJPYm,BREAKOUT_RETEST,BUY,2026.06.10 14:25:40,2026.06.10 14:26:40,1,160.426,160.411,-15.0,-9.35,0.0,0.0,SL_HIT,0.0,0.0,0.0,0,0.0,0.0,0.0,0.0,0,0.0,0.0,0,0,0,0,0.0,0,0.0,0.0,0,0.0,0.0,0.0,0.0,0.0,0.0,0.0,0.0,0.0,0,0,0.0,0,0,0.0,0.0,0,0.25,0.195,0.201,0.224,0.562,0.975,1,0.65,10.0,74.2
89724,USDJPYm,BREAKOUT,BUY,2026.06.10 16:00:40,2026.06.10 16:04:40,4,160.461,160.447,-14.0,-8.73,0.0,0.0,SL_HIT,0.0,0.0,0.0,0,0.0,0.0,0.0,0.0,0,0.0,0.0,0,0,0,0,0.0,0,0.0,0.0,0,0.0,0.0,0.0,0.0,0.0,0.0,0.0,0.0,0.0,0,0,0.0,0,0,0.0,0.0,0,0.0,0.269,0.118,0.181,0.677,0.75,1,0.895,10.0,72.4
89725,USDJPYm,PULLBACK,BUY,2026.06.10 16:00:59,2026.06.10 16:16:40,15,160.468,160.461,-7.0,-4.36,0.0,0.0,SL_HIT,0.0,0.0,0.0,0,0.0,0.0,0.0,0.0,0,0.0,0.0,0,0,0,0,0.0,0,0.0,0.0,0,0.0,0.0,0.0,0.0,0.0,0.0,0.0,0.0,0.0,0,0,0.0,0,0,0.0,0.0,0,0.0,0.269,0.118,0.186,0.677,0.75,1,0.895,10.0,72.4
89728,USDJPYm,BREAKOUT_RETEST,BUY,2026.06.10 16:26:20,2026.06.10 16:26:59,0,160.467,160.465,-2.0,-1.25,0.0,0.0,SL_HIT,0.0,0.0,0.0,0,0.0,0.0,0.0,0.0,0,0.0,0.0,0,0,0,0,0.0,0,0.0,0.0,0,0.0,0.0,0.0,0.0,0.0,0.0,0.0,0.0,0.0,0,0,0.0,0,0,0.0,0.0,0,0.0,0.269,0.118,0.074,0.677,0.75,1,0.895,10.0,72.4
89730,USDJPYm,TREND_CONTINUATION,BUY,2026.06.10 16:32:40,2026.06.10 16:33:40,1,160.488,160.475,-13.0,-8.1,0.0,0.0,SL_HIT,0.0,0.0,0.0,0,0.0,0.0,0.0,0.0,0,0.0,0.0,0,0,0,0,0.0,0,0.0,0.0,0,0.0,0.0,0.0,0.0,0.0,0.0,0.0,0.0,0.0,0,0,0.0,0,0,0.0,0.0,0,0.0,0.269,0.118,0.065,0.677,0.75,0,0.895,10.0,72.4
89732,USDJPYm,BREAKOUT,BUY,2026.06.10 18:00:59,2026.06.10 18:01:20,0,160.501,160.488,-13.0,-8.1,0.0,0.0,SL_HIT,0.0,0.0,0.0,0,0.0,0.0,0.0,0.0,0,0.0,0.0,0,0,0,0,0.0,0,0.0,0.0,0,0.0,0.0,0.0,0.0,0.0,0.0,0.0,0.0,0.0,0,0,0.0,0,0,0.0,0.0,0,0.0,0.29,0.077,0.15,0.637,0.8,1,0.965,10.0,77.5
89733,USDJPYm,PULLBACK,BUY,2026.06.10 18:01:00,2026.06.10 18:02:40,1,160.501,160.49,-11.0,-6.85,0.0,0.0,SL_HIT,0.0,0.0,0.0,0,0.0,0.0,0.0,0.0,0,0.0,0.0,0,0,0,0,0.0,0,0.0,0.0,0,0.0,0.0,0.0,0.0,0.0,0.0,0.0,0.0,0.0,0,0,0.0,0,0,0.0,0.0,0,0.0,0.29,0.077,0.15,0.637,0.8,1,0.965,10.0,77.5
89736,USDJPYm,BREAKOUT_RETEST,BUY,2026.06.10 18:26:20,2026.06.10 18:26:40,0,160.489,160.476,-13.0,-8.1,0.0,0.0,SL_HIT,0.0,0.0,0.0,0,0.0,0.0,0.0,0.0,0,0.0,0.0,0,0,0,0,0.0,0,0.0,0.0,0,0.0,0.0,0.0,0.0,0.0,0.0,0.0,0.0,0.0,0,0,0.0,0,0,0.0,0.0,0,0.0,0.29,0.077,0.111,0.637,0.8,1,0.965,10.0,77.5
89738,USDJPYm,MEAN_REVERSION,BUY,2026.06.10 18:47:20,2026.06.10 18:48:20,1,160.459,160.46,1.0,0.62,0.0,0.0,TRAIL_STOP,0.0,0.0,0.0,0,0.0,0.0,0.0,0.0,0,0.0,0.0,0,0,0,0,0.0,0,0.0,0.0,0,0.0,0.0,0.0,0.0,0.0,0.0,0.0,0.0,0.0,0,0,0.0,0,0,0.0,0.0,0,0.0,0.29,0.077,0.224,0.637,0.8,1,0.965,10.0,77.5
89740,USDJPYm,TREND_CONTINUATION,BUY,2026.06.10 18:55:40,2026.06.10 18:56:40,1,160.499,160.478,-21.0,-13.09,0.0,0.0,SL_HIT,0.0,0.0,0.0,0,0.0,0.0,0.0,0.0,0,0.0,0.0,0,0,0,0,0.0,0,0.0,0.0,0,0.0,0.0,0.0,0.0,0.0,0.0,0.0,0.0,0.0,0,0,0.0,0,0,0.0,0.0,0,0.0,0.29,0.077,0.111,0.637,0.8,1,0.965,10.0,77.5
89742,USDJPYm,BREAKOUT,BUY,2026.06.10 20:00:59,2026.06.10 20:02:40,1,160.544,160.533,-11.0,-6.85,0.0,0.0,SL_HIT,0.0,0.0,0.0,0,0.0,0.0,0.0,0.0,0,0.0,0.0,0,0,0,0,0.0,0,0.0,0.0,0,0.0,0.0,0.0,0.0,0.0,0.0,0.0,0.0,0.0,0,0,0.0,0,0,0.0,0.0,0,0.4,0.223,0.256,0.441,0.673,1.0,0,0.7443,10.0,79.1
89743,USDJPYm,PULLBACK,BUY,2026.06.10 20:01:00,2026.06.10 20:02:40,1,160.544,160.533,-11.0,-6.85,0.0,0.0,SL_HIT,0.0,0.0,0.0,0,0.0,0.0,0.0,0.0,0,0.0,0.0,0,0,0,0,0.0,0,0.0,0.0,0,0.0,0.0,0.0,0.0,0.0,0.0,0.0,0.0,0.0,0,0,0.0,0,0,0.0,0.0,0,0.4,0.223,0.256,0.441,0.673,1.0,0,0.7443,10.0,79.1
89746,USDJPYm,BREAKOUT_RETEST,BUY,2026.06.10 20:49:59,2026.06.10 20:52:20,2,160.473,160.479,6.0,3.74,0.0,0.0,TRAIL_STOP,0.0,0.0,0.0,0,0.0,0.0,0.0,0.0,0,0.0,0.0,0,0,0,0,0.0,0,0.0,0.0,0,0.0,0.0,0.0,0.0,0.0,0.0,0.0,0.0,0.0,0,0,0.0,0,0,0.0,0.0,0,0.4,0.223,0.256,0.209,0.673,1.0,1,0.7443,130.0,79.1
89748,USDJPYm,ANCHORED_PULLBACK,BUY,2026.06.10 21:00:00,2026.06.10 21:00:40,0,160.612,160.453,-159.0,-99.1,0.0,0.0,SL_HIT,0.0,0.0,0.0,0,0.0,0.0,0.0,0.0,0,0.0,0.0,0,0,0,0,0.0,0,0.0,0.0,0,0.0,0.0,0.0,0.0,0.0,0.0,0.0,0.0,0.0,0,0,0.0,0,0,0.0,0.0,0,0.15,0.3,0.144,0.344,0.669,0.8,0,1.0,158.0,81.9
89750,USDJPYm,BREAKOUT,BUY,2026.06.10 22:00:59,2026.06.10 22:01:59,1,160.52,160.548,28.0,17.44,0.0,0.0,TRAIL_STOP,0.0,0.0,0.0,0,0.0,0.0,0.0,0.0,0,0.0,0.0,0,0,0,0,0.0,0,0.0,0.0,0,0.0,0.0,0.0,0.0,0.0,0.0,0.0,0.0,0.0,0,0,0.0,0,0,0.0,0.0,0,0.0,0.3,0.0,0.257,0.606,1.0,0,1.0,10.0,88.1
89751,USDJPYm,PULLBACK,BUY,2026.06.10 22:01:00,2026.06.10 22:01:59,0,160.521,160.548,27.0,16.82,0.0,0.0,TRAIL_STOP,0.0,0.0,0.0,0,0.0,0.0,0.0,0.0,0,0.0,0.0,0,0,0,0,0.0,0,0.0,0.0,0,0.0,0.0,0.0,0.0,0.0,0.0,0.0,0.0,0.0,0,0,0.0,0,0,0.0,0.0,0,0.0,0.3,0.0,0.257,0.606,1.0,0,1.0,10.0,88.1
89754,USDJPYm,BREAKOUT_RETEST,BUY,2026.06.10 22:49:59,2026.06.10 22:51:40,1,160.527,160.515,-12.0,-7.48,0.0,0.0,SL_HIT,0.0,0.0,0.0,0,0.0,0.0,0.0,0.0,0,0.0,0.0,0,0,0,0,0.0,0,0.0,0.0,0,0.0,0.0,0.0,0.0,0.0,0.0,0.0,0.0,0.0,0,0,0.0,0,0,0.0,0.0,0,0.0,0.3,0.0,0.035,0.606,1.0,1,1.0,10.0,88.1
89756,USDJPYm,TREND_CONTINUATION,BUY,2026.06.10 23:05:40,2026.06.10 23:07:40,2,160.556,160.551,-5.0,-3.11,0.0,0.0,SL_HIT,0.0,0.0,0.0,0,0.0,0.0,0.0,0.0,0,0.0,0.0,0,0,0,0,0.0,0,0.0,0.0,0,0.0,0.0,0.0,0.0,0.0,0.0,0.0,0.0,0.0,0,0,0.0,0,0,0.0,0.0,0,0.25,0.247,0.238,0.353,0.729,1.0,0,0.825,10.0,94.3
89758,USDJPYm,BREAKOUT,BUY,2026.06.11 00:01:20,2026.06.11 00:01:40,0,160.538,160.525,-13.0,-8.1,0.0,0.0,SL_HIT,0.0,0.0,0.0,0,0.0,0.0,0.0,0.0,0,0.0,0.0,0,0,0,0,0.0,0,0.0,0.0,0,0.0,0.0,0.0,0.0,0.0,0.0,0.0,0.0,0.0,0,0,0.0,0,0,0.0,0.0,0,0.0,0.3,0.15,0.096,0.767,0.8,1,1.0,10.0,92.4
89759,USDJPYm,PULLBACK,BUY,2026.06.11 00:01:30,2026.06.11 00:02:40,1,160.538,160.517,-21.0,-13.08,0.0,0.0,SL_HIT,0.0,0.0,0.0,0,0.0,0.0,0.0,0.0,0,0.0,0.0,0,0,0,0,0.0,0,0.0,0.0,0,0.0,0.0,0.0,0.0,0.0,0.0,0.0,0.0,0.0,0,0,0.0,0,0,0.0,0.0,0,0.0,0.3,0.15,0.272,0.767,0.8,0,1.0,10.0,92.4
89762,USDJPYm,BREAKOUT_RETEST,BUY,2026.06.11 00:49:59,2026.06.11 00:50:40,0,160.535,160.523,-12.0,-7.48,0.0,0.0,SL_HIT,0.0,0.0,0.0,0,0.0,0.0,0.0,0.0,0,0.0,0.0,0,0,0,0,0.0,0,0.0,0.0,0,0.0,0.0,0.0,0.0,0.0,0.0,0.0,0.0,0.0,0,0,0.0,0,0,0.0,0.0,0,0.0,0.3,0.15,0.096,0.767,0.8,1,1.0,10.0,92.4
89764,USDJPYm,MEAN_REVERSION,BUY,2026.06.11 01:16:40,2026.06.11 01:25:40,9,160.475,160.461,-14.0,-8.73,0.0,0.0,SL_HIT,0.0,0.0,0.0,0,0.0,0.0,0.0,0.0,0,0.0,0.0,0,0,0,0,0.0,0,0.0,0.0,0,0.0,0.0,0.0,0.0,0.0,0.0,0.0,0.0,0.0,0,0,0.0,0,0,0.0,0.0,0,0.0,0.3,0.15,0.294,0.768,0.8,0,1.0,10.0,93.9
89766,USDJPYm,SWEEP_REVERSAL,BUY,2026.06.11 01:26:40,2026.06.11 01:30:40,4,160.453,160.44,-13.0,-8.1,0.0,0.0,SL_HIT,0.0,0.0,0.0,0,0.0,0.0,0.0,0.0,0,0.0,0.0,0,0,0,0,0.0,0,0.0,0.0,0,0.0,0.0,0.0,0.0,0.0,0.0,0.0,0.0,0.0,0,0,0.0,0,0,0.0,0.0,0,0.0,0.3,0.15,0.297,0.768,0.8,0,1.0,10.0,93.9
89768,USDJPYm,PULLBACK,BUY,2026.06.11 02:10:40,2026.06.11 02:11:20,0,160.48,160.475,-5.0,-3.12,0.0,0.0,SL_HIT,0.0,0.0,0.0,0,0.0,0.0,0.0,0.0,0,0.0,0.0,0,0,0,0,0.0,0,0.0,0.0,0,0.0,0.0,0.0,0.0,0.0,0.0,0.0,0.0,0.0,0,0,0.0,0,0,0.0,0.0,0,0.15,0.3,0.053,0.322,0.688,1.0,0,1.0,10.0,97.1
89770,USDJPYm,BREAKOUT,BUY,2026.06.11 02:39:40,2026.06.11 02:41:20,1,160.527,160.512,-15.0,-9.35,0.0,0.0,SL_HIT,0.0,0.0,0.0,0,0.0,0.0,0.0,0.0,0,0.0,0.0,0,0,0,0,0.0,0,0.0,0.0,0,0.0,0.0,0.0,0.0,0.0,0.0,0.0,0.0,0.0,0,0,0.0,0,0,0.0,0.0,0,0.15,0.3,0.053,0.244,0.688,1.0,1,1.0,10.0,97.1
89771,USDJPYm,TREND_CONTINUATION,BUY,2026.06.11 02:40:40,2026.06.11 02:43:20,2,160.525,160.514,-11.0,-6.85,0.0,0.0,SL_HIT,0.0,0.0,0.0,0,0.0,0.0,0.0,0.0,0,0.0,0.0,0,0,0,0,0.0,0,0.0,0.0,0,0.0,0.0,0.0,0.0,0.0,0.0,0.0,0.0,0.0,0,0,0.0,0,0,0.0,0.0,0,0.15,0.3,0.053,0.244,0.688,1.0,1,1.0,10.0,97.1
89774,USDJPYm,BREAKOUT_RETEST,BUY,2026.06.11 02:49:59,2026.06.11 02:51:40,1,160.536,160.527,-9.0,-5.61,0.0,0.0,SL_HIT,0.0,0.0,0.0,0,0.0,0.0,0.0,0.0,0,0.0,0.0,0,0,0,0,0.0,0,0.0,0.0,0,0.0,0.0,0.0,0.0,0.0,0.0,0.0,0.0,0.0,0,0,0.0,0,0,0.0,0.0,0,0.15,0.3,0.053,0.06,0.688,1.0,1,1.0,10.0,97.1
89776,USDJPYm,BREAKOUT_RETEST,BUY,2026.06.11 04:49:59,2026.06.11 04:50:40,0,160.513,160.499,-14.0,-8.72,0.0,0.0,SL_HIT,0.0,0.0,0.0,0,0.0,0.0,0.0,0.0,0,0.0,0.0,0,0,0,0,0.0,0,0.0,0.0,0,0.0,0.0,0.0,0.0,0.0,0.0,0.0,0.0,0.0,0,0,0.0,0,0,0.0,0.0,0,0.0,0.271,0.0,0.179,0.738,0.705,1,0.905,10.0,81.6
89778,USDJPYm,PULLBACK,BUY,2026.06.11 05:00:40,2026.06.11 05:02:40,2,160.515,160.502,-13.0,-8.1,0.0,0.0,SL_HIT,0.0,0.0,0.0,0,0.0,0.0,0.0,0.0,0,0.0,0.0,0,0,0,0,0.0,0,0.0,0.0,0,0.0,0.0,0.0,0.0,0.0,0.0,0.0,0.0,0.0,0,0,0.0,0,0,0.0,0.0,0,0.0,0.205,0.0,0.158,0.717,0.484,1,0.6838,10.0,75.6
89779,USDJPYm,TREND_CONTINUATION,BUY,2026.06.11 05:00:59,2026.06.11 05:02:40,1,160.515,160.502,-13.0,-8.1,0.0,0.0,SL_HIT,0.0,0.0,0.0,0,0.0,0.0,0.0,0.0,0,0.0,0.0,0,0,0,0,0.0,0,0.0,0.0,0,0.0,0.0,0.0,0.0,0.0,0.0,0.0,0.0,0.0,0,0,0.0,0,0,0.0,0.0,0,0.0,0.205,0.0,0.158,0.717,0.484,1,0.6838,10.0,75.6
89782,USDJPYm,ANCHORED_PULLBACK,BUY,2026.06.11 06:00:00,2026.06.11 06:00:20,0,160.549,160.537,-12.0,-7.48,0.0,0.0,SL_HIT,0.0,0.0,0.0,0,0.0,0.0,0.0,0.0,0,0.0,0.0,0,0,0,0,0.0,0,0.0,0.0,0,0.0,0.0,0.0,0.0,0.0,0.0,0.0,0.0,0.0,0,0,0.0,0,0,0.0,0.0,0,0.15,0.172,0.203,0.341,0.712,0.509,0,-0.5743,10.0,73.6
89784,USDJPYm,BREAKOUT,BUY,2026.06.11 07:00:00,2026.06.11 07:05:40,5,160.562,160.522,-40.0,-24.92,0.0,0.0,SL_HIT,0.0,0.0,0.0,0,0.0,0.0,0.0,0.0,0,0.0,0.0,0,0,0,0,0.0,0,0.0,0.0,0,0.0,0.0,0.0,0.0,0.0,0.0,0.0,0.0,0.0,0,0,0.0,0,0,0.0,0.0,0,0.4,0.091,0.14,0.251,0.811,0.389,1,-0.3044,10.0,72.7
89785,USDJPYm,BREAKOUT_RETEST,BUY,2026.06.11 07:00:40,2026.06.11 07:05:40,5,160.551,160.522,-29.0,-18.07,0.0,0.0,SL_HIT,0.0,0.0,0.0,0,0.0,0.0,0.0,0.0,0,0.0,0.0,0,0,0,0,0.0,0,0.0,0.0,0,0.0,0.0,0.0,0.0,0.0,0.0,0.0,0.0,0.0,0,0,0.0,0,0,0.0,0.0,0,0.4,0.091,0.14,0.251,0.811,0.389,1,-0.3044,10.0,72.7
89788,USDJPYm,MEAN_REVERSION,BUY,2026.06.11 07:53:40,2026.06.11 07:54:40,1,160.505,160.506,1.0,0.62,0.0,0.0,TRAIL_STOP,0.0,0.0,0.0,0,0.0,0.0,0.0,0.0,0,0.0,0.0,0,0,0,0,0.0,0,0.0,0.0,0,0.0,0.0,0.0,0.0,0.0,0.0,0.0,0.0,0.0,0,0,0.0,0,0,0.0,0.0,0,0.4,0.091,0.14,0.254,0.811,0.389,1,-0.3044,10.0,72.7
89790,USDJPYm,BREAKOUT_RETEST,BUY,2026.06.11 11:00:40,2026.06.11 11:01:20,0,160.527,160.52,-7.0,-4.36,0.0,0.0,SL_HIT,0.0,0.0,0.0,0,0.0,0.0,0.0,0.0,0,0.0,0.0,0,0,0,0,0.0,0,0.0,0.0,0,0.0,0.0,0.0,0.0,0.0,0.0,0.0,0.0,0.0,0,0,0.0,0,0,0.0,0.0,0,0.0,0.139,0.108,0.18,0.727,0.228,1,0.4635,10.0,64.9
89792,USDJPYm,BREAKOUT,BUY,2026.06.11 11:30:20,2026.06.11 11:30:40,0,160.533,160.521,-12.0,-7.48,0.0,0.0,SL_HIT,0.0,0.0,0.0,0,0.0,0.0,0.0,0.0,0,0.0,0.0,0,0,0,0,0.0,0,0.0,0.0,0,0.0,0.0,0.0,0.0,0.0,0.0,0.0,0.0,0.0,0,0,0.0,0,0,0.0,0.0,0,0.0,0.139,0.108,0.116,0.727,0.228,0,0.4635,10.0,64.9
89794,USDJPYm,PULLBACK,BUY,2026.06.11 11:55:40,2026.06.11 11:57:40,2,160.538,160.526,-12.0,-7.48,0.0,0.0,SL_HIT,0.0,0.0,0.0,0,0.0,0.0,0.0,0.0,0,0.0,0.0,0,0,0,0,0.0,0,0.0,0.0,0,0.0,0.0,0.0,0.0,0.0,0.0,0.0,0.0,0.0,0,0,0.0,0,0,0.0,0.0,0,0.0,0.139,0.108,0.097,0.727,0.228,1,0.4635,10.0,64.9
89795,USDJPYm,TREND_CONTINUATION,BUY,2026.06.11 11:56:40,2026.06.11 11:57:40,1,160.537,160.526,-11.0,-6.85,0.0,0.0,SL_HIT,0.0,0.0,0.0,0,0.0,0.0,0.0,0.0,0,0.0,0.0,0,0,0,0,0.0,0,0.0,0.0,0,0.0,0.0,0.0,0.0,0.0,0.0,0.0,0.0,0.0,0,0,0.0,0,0,0.0,0.0,0,0.0,0.139,0.108,0.097,0.727,0.228,1,0.4635,10.0,64.9
89798,USDJPYm,ANCHORED_PULLBACK,BUY,2026.06.11 12:19:40,2026.06.11 12:20:40,1,160.555,160.542,-13.0,-8.1,0.0,0.0,SL_HIT,0.0,0.0,0.0,0,0.0,0.0,0.0,0.0,0,0.0,0.0,0,0,0,0,0.0,0,0.0,0.0,0,0.0,0.0,0.0,0.0,0.0,0.0,0.0,0.0,0.0,0,0,0.0,0,0,0.0,0.0,0,0.4,0.128,0.246,0.279,0.75,0.382,1,0.4267,10.0,57.2
89800,USDJPYm,PULLBACK,BUY,2026.06.11 14:05:59,2026.06.11 14:11:40,5,160.513,160.502,-11.0,-6.85,0.0,0.0,SL_HIT,0.0,0.0,0.0,0,0.0,0.0,0.0,0.0,0,0.0,0.0,0,0,0,0,0.0,0,0.0,0.0,0,0.0,0.0,0.0,0.0,0.0,0.0,0.0,0.0,0.0,0,0,0.0,0,0,0.0,0.0,0,0.15,0.178,0.157,0.343,0.809,0.605,0,0.5934,10.0,57.1
89802,USDJPYm,BREAKOUT_RETEST,BUY,2026.06.11 14:16:40,2026.06.11 14:17:40,1,160.531,160.516,-15.0,-9.35,0.0,0.0,SL_HIT,0.0,0.0,0.0,0,0.0,0.0,0.0,0.0,0,0.0,0.0,0,0,0,0,0.0,0,0.0,0.0,0,0.0,0.0,0.0,0.0,0.0,0.0,0.0,0.0,0.0,0,0,0.0,0,0,0.0,0.0,0,0.15,0.178,0.157,0.322,0.809,0.605,0,0.5934,10.0,57.1
89804,USDJPYm,MEAN_REVERSION,BUY,2026.06.11 14:26:20,2026.06.11 14:26:40,0,160.529,160.517,-12.0,-7.48,0.0,0.0,SL_HIT,0.0,0.0,0.0,0,0.0,0.0,0.0,0.0,0,0.0,0.0,0,0,0,0,0.0,0,0.0,0.0,0,0.0,0.0,0.0,0.0,0.0,0.0,0.0,0.0,0.0,0,0,0.0,0,0,0.0,0.0,0,0.15,0.178,0.157,0.266,0.809,0.605,1,0.5934,10.0,57.1
89806,USDJPYm,TREND_CONTINUATION,BUY,2026.06.11 14:28:59,2026.06.11 14:29:59,1,160.543,160.544,1.0,0.62,0.0,0.0,TRAIL_STOP,0.0,0.0,0.0,0,0.0,0.0,0.0,0.0,0,0.0,0.0,0,0,0,0,0.0,0,0.0,0.0,0,0.0,0.0,0.0,0.0,0.0,0.0,0.0,0.0,0.0,0,0,0.0,0,0,0.0,0.0,0,0.15,0.178,0.157,0.139,0.809,0.605,1,0.5934,10.0,57.1
89808,USDJPYm,SWEEP_REVERSAL,BUY,2026.06.11 15:05:40,2026.06.11 15:06:40,1,160.479,160.492,13.0,8.1,0.0,0.0,TRAIL_STOP,0.0,0.0,0.0,0,0.0,0.0,0.0,0.0,0,0.0,0.0,0,0,0,0,0.0,0,0.0,0.0,0,0.0,0.0,0.0,0.0,0.0,0.0,0.0,0.0,0.0,0,0,0.0,0,0,0.0,0.0,0,0.0,0.203,0.191,0.246,0.753,0.753,0,0.6768,10.0,59.0
89810,USDJPYm,ANCHORED_PULLBACK,BUY,2026.06.11 16:22:59,2026.06.11 16:23:40,0,160.549,160.537,-12.0,-7.48,0.0,0.0,SL_HIT,0.0,0.0,0.0,0,0.0,0.0,0.0,0.0,0,0.0,0.0,0,0,0,0,0.0,0,0.0,0.0,0,0.0,0.0,0.0,0.0,0.0,0.0,0.0,0.0,0.0,0,0,0.0,0,0,0.0,0.0,0,0.0,0.0,0.131,0.071,0.716,0.121,1,0.0,10.0,54.1
89812,USDJPYm,BREAKOUT_RETEST,BUY,2026.06.11 17:00:00,2026.06.11 17:00:59,0,160.533,160.529,-4.0,-2.49,0.0,0.0,SL_HIT,0.0,0.0,0.0,0,0.0,0.0,0.0,0.0,0,0.0,0.0,0,0,0,0,0.0,0,0.0,0.0,0,0.0,0.0,0.0,0.0,0.0,0.0,0.0,0.0,0.0,0,0,0.0,0,0,0.0,0.0,0,0.0,0.111,0.129,0.066,0.792,0.136,1,0.3713,10.0,53.4
89813,USDJPYm,TREND_CONTINUATION,BUY,2026.06.11 17:00:40,2026.06.11 17:01:40,1,160.541,160.526,-15.0,-9.34,0.0,0.0,SL_HIT,0.0,0.0,0.0,0,0.0,0.0,0.0,0.0,0,0.0,0.0,0,0,0,0,0.0,0,0.0,0.0,0,0.0,0.0,0.0,0.0,0.0,0.0,0.0,0.0,0.0,0,0,0.0,0,0,0.0,0.0,0,0.0,0.111,0.129,0.002,0.792,0.136,1,0.3713,10.0,53.4
89816,USDJPYm,SWEEP_REVERSAL,BUY,2026.06.11 17:28:40,2026.06.11 17:29:40,1,160.406,160.463,57.0,35.54,0.0,0.0,TRAIL_STOP,0.0,0.0,0.0,0,0.0,0.0,0.0,0.0,0,0.0,0.0,0,0,0,0,0.0,0,0.0,0.0,0,0.0,0.0,0.0,0.0,0.0,0.0,0.0,0.0,0.0,0,0,0.0,0,0,0.0,0.0,0,0.0,0.111,0.129,0.289,0.792,0.136,0,0.3713,10.0,53.4
89818,USDJPYm,MEAN_REVERSION,BUY,2026.06.11 18:26:20,2026.06.11 18:32:59,6,160.118,160.161,43.0,26.85,0.0,0.0,TRAIL_STOP,0.0,0.0,0.0,0,0.0,0.0,0.0,0.0,0,0.0,0.0,0,0,0,0,0.0,0,0.0,0.0,0,0.0,0.0,0.0,0.0,0.0,0.0,0.0,0.0,0.0,0,0,0.0,0,0,0.0,0.0,0,0.0,0.0,0.0,0.251,0.55,0.165,0,0.0,10.0,88.4
89820,USDJPYm,SWEEP_REVERSAL,BUY,2026.06.11 19:28:40,2026.06.11 19:29:59,1,159.846,159.836,-10.0,-6.26,0.0,0.0,SL_HIT,0.0,0.0,0.0,0,0.0,0.0,0.0,0.0,0,0.0,0.0,0,0,0,0,0.0,0,0.0,0.0,0,0.0,0.0,0.0,0.0,0.0,0.0,0.0,0.0,0.0,0,0,0.0,0,0,0.0,0.0,0,0.0,0.206,0.0,0.281,0.525,0.675,0,-0.685,10.0,110.4
89822,USDJPYm,ANCHORED_PULLBACK,BUY,2026.06.12 00:00:00,2026.06.12 00:01:20,1,160.142,160.165,23.0,14.36,0.0,0.0,TRAIL_STOP,0.0,0.0,0.0,0,0.0,0.0,0.0,0.0,0,0.0,0.0,0,0,0,0,0.0,0,0.0,0.0,0,0.0,0.0,0.0,0.0,0.0,0.0,0.0,0.0,0.0,0,0,0.0,0,0,0.0,0.0,0,0.4,0.206,0.14,0.379,0.692,1.0,0,-0.685,10.0,179.9
89824,USDJPYm,TREND_CONTINUATION,BUY,2026.06.12 01:00:00,2026.06.12 01:21:40,21,160.175,160.177,2.0,1.25,0.0,0.0,TRAIL_STOP,0.0,0.0,0.0,0,0.0,0.0,0.0,0.0,0,0.0,0.0,0,0,0,0,0.0,0,0.0,0.0,0,0.0,0.0,0.0,0.0,0.0,0.0,0.0,0.0,0.0,0,0,0.0,0,0,0.0,0.0,4,0.25,0.216,0.088,0.104,0.623,1.0,1,-0.72,10.0,184.4
89825,USDJPYm,BREAKOUT_RETEST,BUY,2026.06.12 01:05:00,2026.06.12 01:21:40,16,160.195,160.177,-18.0,-11.24,0.0,0.0,SL_HIT,0.0,0.0,0.0,0,0.0,0.0,0.0,0.0,0,0.0,0.0,0,0,0,0,0.0,0,0.0,0.0,0,0.0,0.0,0.0,0.0,0.0,0.0,0.0,0.0,0.0,0,0,0.0,0,0,0.0,0.0,4,0.25,0.216,0.088,0.104,0.623,1.0,1,-0.72,10.0,184.4
89828,USDJPYm,ANCHORED_PULLBACK,BUY,2026.06.12 02:00:00,2026.06.12 02:00:40,0,160.27,160.256,-14.0,-8.74,0.0,0.0,SL_HIT,0.0,0.0,0.0,0,0.0,0.0,0.0,0.0,0,0.0,0.0,0,0,0,0,0.0,0,0.0,0.0,0,0.0,0.0,0.0,0.0,0.0,0.0,0.0,0.0,0.0,0,0,0.0,0,0,0.0,0.0,0,0.4,0.226,0.14,0.432,0.742,1.0,1,-0.755,10.0,190.4
89830,USDJPYm,BREAKOUT,BUY,2026.06.12 04:00:00,2026.06.12 04:02:20,2,160.235,160.226,-9.0,-5.62,0.0,0.0,SL_HIT,0.0,0.0,0.0,0,0.0,0.0,0.0,0.0,0,0.0,0.0,0,0,0,0,0.0,0,0.0,0.0,0,0.0,0.0,0.0,0.0,0.0,0.0,0.0,0.0,0.0,0,0,0.0,0,0,0.0,0.0,0,0.0,0.206,0.063,0.192,0.728,0.675,1,0.685,10.0,187.9
89831,USDJPYm,PULLBACK,BUY,2026.06.12 04:00:20,2026.06.12 04:02:20,2,160.231,160.226,-5.0,-3.12,0.0,0.0,SL_HIT,0.0,0.0,0.0,0,0.0,0.0,0.0,0.0,0,0.0,0.0,0,0,0,0,0.0,0,0.0,0.0,0,0.0,0.0,0.0,0.0,0.0,0.0,0.0,0.0,0.0,0,0,0.0,0,0,0.0,0.0,0,0.0,0.206,0.063,0.192,0.728,0.675,1,0.685,10.0,187.9
89832,USDJPYm,TREND_CONTINUATION,BUY,2026.06.12 04:00:30,2026.06.12 04:02:20,1,160.231,160.226,-5.0,-3.12,0.0,0.0,SL_HIT,0.0,0.0,0.0,0,0.0,0.0,0.0,0.0,0,0.0,0.0,0,0,0,0,0.0,0,0.0,0.0,0,0.0,0.0,0.0,0.0,0.0,0.0,0.0,0.0,0.0,0,0,0.0,0,0,0.0,0.0,0,0.0,0.206,0.063,0.192,0.728,0.675,1,0.685,10.0,187.9
89836,USDJPYm,BREAKOUT,BUY,2026.06.12 06:00:00,2026.06.12 06:00:40,0,160.353,160.346,-7.0,-4.37,0.0,0.0,SL_HIT,0.0,0.0,0.0,0,0.0,0.0,0.0,0.0,0,0.0,0.0,0,0,0,0,0.0,0,0.0,0.0,0,0.0,0.0,0.0,0.0,0.0,0.0,0.0,0.0,0.0,0,0,0.0,0,0,0.0,0.0,0,0.15,0.226,0.053,0.345,0.793,0.825,0,0.755,10.0,189.8
89837,USDJPYm,PULLBACK,BUY,2026.06.12 06:00:20,2026.06.12 06:00:40,0,160.363,160.346,-17.0,-10.6,0.0,0.0,SL_HIT,0.0,0.0,0.0,0,0.0,0.0,0.0,0.0,0,0.0,0.0,0,0,0,0,0.0,0,0.0,0.0,0,0.0,0.0,0.0,0.0,0.0,0.0,0.0,0.0,0.0,0,0,0.0,0,0,0.0,0.0,0,0.15,0.226,0.053,0.345,0.793,0.825,0,0.755,10.0,189.8
89838,USDJPYm,TREND_CONTINUATION,BUY,2026.06.12 06:00:30,2026.06.12 06:02:59,2,160.363,160.322,-41.0,-25.57,0.0,0.0,SL_HIT,0.0,0.0,0.0,0,0.0,0.0,0.0,0.0,0,0.0,0.0,0,0,0,0,0.0,0,0.0,0.0,0,0.0,0.0,0.0,0.0,0.0,0.0,0.0,0.0,0.0,0,0,0.0,0,0,0.0,0.0,0,0.15,0.226,0.053,0.345,0.793,0.825,0,0.755,10.0,189.8
89842,USDJPYm,BREAKOUT_RETEST,BUY,2026.06.12 06:28:40,2026.06.12 06:37:40,9,160.265,160.322,57.0,35.55,0.0,0.0,TP_HIT,0.0,0.0,0.0,0,0.0,0.0,0.0,0.0,0,0.0,0.0,0,0,0,0,0.0,0,0.0,0.0,0,0.0,0.0,0.0,0.0,0.0,0.0,0.0,0.0,0.0,0,0,0.0,0,0,0.0,0.0,0,0.15,0.226,0.053,0.356,0.793,0.825,0,0.755,10.0,189.8
89844,USDJPYm,SWEEP_REVERSAL,BUY,2026.06.12 08:04:40,2026.06.12 08:13:40,9,160.226,160.259,33.0,20.59,0.0,0.0,TRAIL_STOP,0.0,0.0,0.0,0,0.0,0.0,0.0,0.0,0,0.0,0.0,0,0,0,0,0.0,0,0.0,0.0,0,0.0,0.0,0.0,0.0,0.0,0.0,0.0,0.0,0.0,0,0,0.0,0,0,0.0,0.0,0,0.15,0.247,0.175,0.137,0.594,0.65,0,0.825,10.0,164.0
89846,USDJPYm,TREND_CONTINUATION,BUY,2026.06.12 08:18:40,2026.06.12 08:19:59,1,160.039,160.079,40.0,24.99,0.0,0.0,TRAIL_STOP,0.0,0.0,0.0,0,0.0,0.0,0.0,0.0,0,0.0,0.0,0,0,0,0,0.0,0,0.0,0.0,0,0.0,0.0,0.0,0.0,0.0,0.0,0.0,0.0,0.0,0,0,0.0,0,0,0.0,0.0,0,0.15,0.247,0.175,0.264,0.594,0.65,0,0.825,10.0,164.0
89847,USDJPYm,MEAN_REVERSION,BUY,2026.06.12 08:18:59,2026.06.12 08:19:59,1,160.055,160.079,24.0,14.99,0.0,0.0,TRAIL_STOP,0.0,0.0,0.0,0,0.0,0.0,0.0,0.0,0,0.0,0.0,0,0,0,0,0.0,0,0.0,0.0,0,0.0,0.0,0.0,0.0,0.0,0.0,0.0,0.0,0.0,0,0,0.0,0,0,0.0,0.0,0,0.15,0.247,0.175,0.264,0.594,0.65,0,0.825,10.0,164.0
89850,USDJPYm,PULLBACK,BUY,2026.06.12 08:21:40,2026.06.12 08:55:40,34,160.021,160.106,85.0,53.09,0.0,0.0,TRAIL_STOP,0.0,0.0,0.0,0,0.0,0.0,0.0,0.0,0,0.0,0.0,0,0,0,0,0.0,0,0.0,0.0,0,0.0,0.0,0.0,0.0,0.0,0.0,0.0,0.0,0.0,0,0,0.0,0,0,0.0,0.0,0,0.15,0.247,0.175,0.264,0.594,0.65,0,0.825,10.0,164.0
89852,USDJPYm,BREAKOUT_RETEST,BUY,2026.06.12 10:00:00,2026.06.12 10:01:40,1,160.073,160.075,2.0,1.25,0.0,0.0,TRAIL_STOP,0.0,0.0,0.0,0,0.0,0.0,0.0,0.0,0,0.0,0.0,0,0,0,0,0.0,0,0.0,0.0,0,0.0,0.0,0.0,0.0,0.0,0.0,0.0,0.0,0.0,0,0,0.0,0,0,0.0,0.0,0,0.25,0.216,0.088,0.207,0.577,1.0,1,0.72,10.0,135.9
89853,USDJPYm,ANCHORED_PULLBACK,BUY,2026.06.12 10:00:20,2026.06.12 10:01:40,1,160.071,160.075,4.0,2.5,0.0,0.0,TRAIL_STOP,0.0,0.0,0.0,0,0.0,0.0,0.0,0.0,0,0.0,0.0,0,0,0,0,0.0,0,0.0,0.0,0,0.0,0.0,0.0,0.0,0.0,0.0,0.0,0.0,0.0,0,0,0.0,0,0,0.0,0.0,0,0.25,0.216,0.088,0.207,0.577,1.0,1,0.72,10.0,135.9
89856,USDJPYm,BREAKOUT,BUY,2026.06.12 10:02:40,2026.06.12 10:03:40,1,160.06,160.044,-16.0,-10.0,0.0,0.0,SL_HIT,0.0,0.0,0.0,0,0.0,0.0,0.0,0.0,0,0.0,0.0,0,0,0,0,0.0,0,0.0,0.0,0,0.0,0.0,0.0,0.0,0.0,0.0,0.0,0.0,0.0,0,0,0.0,0,0,0.0,0.0,0,0.25,0.216,0.088,0.207,0.577,1.0,1,0.72,10.0,135.9
89858,USDJPYm,TREND_CONTINUATION,BUY,2026.06.12 10:18:40,2026.06.12 10:19:40,1,160.09,160.082,-8.0,-5.0,0.0,0.0,SL_HIT,0.0,0.0,0.0,0,0.0,0.0,0.0,0.0,0,0.0,0.0,0,0,0,0,0.0,0,0.0,0.0,0,0.0,0.0,0.0,0.0,0.0,0.0,0.0,0.0,0.0,0,0,0.0,0,0,0.0,0.0,0,0.25,0.216,0.088,0.113,0.577,1.0,1,0.72,10.0,135.9
89860,USDJPYm,PULLBACK,BUY,2026.06.12 10:21:40,2026.06.12 10:22:20,0,160.123,160.109,-14.0,-8.74,0.0,0.0,SL_HIT,0.0,0.0,0.0,0,0.0,0.0,0.0,0.0,0,0.0,0.0,0,0,0,0,0.0,0,0.0,0.0,0,0.0,0.0,0.0,0.0,0.0,0.0,0.0,0.0,0.0,0,0,0.0,0,0,0.0,0.0,0,0.25,0.216,0.088,0.215,0.577,1.0,1,0.72,10.0,135.9
89862,USDJPYm,ANCHORED_PULLBACK,BUY,2026.06.12 12:00:20,2026.06.12 12:01:20,1,160.18,160.177,-3.0,-1.87,0.0,0.0,SL_HIT,0.0,0.0,0.0,0,0.0,0.0,0.0,0.0,0,0.0,0.0,0,0,0,0,0.0,0,0.0,0.0,0,0.0,0.0,0.0,0.0,0.0,0.0,0.0,0.0,0.0,0,0,0.0,0,0,0.0,0.0,0,0.4,0.164,0.14,0.414,0.709,0.75,0,-0.545,10.0,127.9
89864,USDJPYm,MEAN_REVERSION,BUY,2026.06.12 15:01:00,2026.06.12 15:21:40,20,160.224,160.208,-16.0,-9.99,0.0,0.0,SL_HIT,0.0,0.0,0.0,0,0.0,0.0,0.0,0.0,0,0.0,0.0,0,0,0,0,0.0,0,0.0,0.0,0,0.0,0.0,0.0,0.0,0.0,0.0,0.0,0.0,0.0,0,0,0.0,0,0,0.0,0.0,0,0.0,0.247,0.081,0.161,0.765,0.65,0,-0.825,10.0,127.8
89866,USDJPYm,BREAKOUT_RETEST,BUY,2026.06.12 18:00:00,2026.06.12 18:02:40,2,160.205,160.197,-8.0,-4.99,0.0,0.0,SL_HIT,0.0,0.0,0.0,0,0.0,0.0,0.0,0.0,0,0.0,0.0,0,0,0,0,0.0,0,0.0,0.0,0,0.0,0.0,0.0,0.0,0.0,0.0,0.0,0.0,0.0,0,0,0.0,0,0,0.0,0.0,0,0.4,0.129,0.256,0.16,0.709,0.37,1,0.4301,10.0,126.1
89868,USDJPYm,TREND_CONTINUATION,BUY,2026.06.12 18:46:20,2026.06.12 18:47:20,1,160.214,160.199,-15.0,-9.36,0.0,0.0,SL_HIT,0.0,0.0,0.0,0,0.0,0.0,0.0,0.0,0,0.0,0.0,0,0,0,0,0.0,0,0.0,0.0,0,0.0,0.0,0.0,0.0,0.0,0.0,0.0,0.0,0.0,0,0,0.0,0,0,0.0,0.0,0,0.4,0.129,0.256,0.194,0.709,0.37,1,0.4301,10.0,126.1
89870,USDJPYm,BREAKOUT,BUY,2026.06.12 18:57:40,2026.06.12 18:59:59,2,160.215,160.232,17.0,10.61,0.0,0.0,TRAIL_STOP,0.0,0.0,0.0,0,0.0,0.0,0.0,0.0,0,0.0,0.0,0,0,0,0,0.0,0,0.0,0.0,0,0.0,0.0,0.0,0.0,0.0,0.0,0.0,0.0,0.0,0,0,0.0,0,0,0.0,0.0,0,0.4,0.129,0.256,0.295,0.709,0.37,1,0.4301,10.0,126.1
89872,USDJPYm,PULLBACK,BUY,2026.06.12 19:40:40,2026.06.12 19:57:20,16,160.234,160.202,-32.0,-19.98,0.0,0.0,SL_HIT,0.0,0.0,0.0,0,0.0,0.0,0.0,0.0,0,0.0,0.0,0,0,0,0,0.0,0,0.0,0.0,0,0.0,0.0,0.0,0.0,0.0,0.0,0.0,0.0,0.0,0,0,0.0,0,0,0.0,0.0,0,0.4,0.164,0.14,0.17,0.722,0.5,1,0.545,10.0,126.2
89874,USDJPYm,BREAKOUT_RETEST,BUY,2026.06.12 20:00:00,2026.06.12 20:01:40,1,160.211,160.207,-4.0,-2.5,0.0,0.0,SL_HIT,0.0,0.0,0.0,0,0.0,0.0,0.0,0.0,0,0.0,0.0,0,0,0,0,0.0,0,0.0,0.0,0,0.0,0.0,0.0,0.0,0.0,0.0,0.0,0.0,0.0,0,0,0.0,0,0,0.0,0.0,0,0.15,0.226,0.202,0.117,0.62,0.55,1,0.755,10.0,121.7
89876,USDJPYm,TREND_CONTINUATION,BUY,2026.06.12 20:46:20,2026.06.12 20:48:40,2,160.23,160.222,-8.0,-4.99,0.0,0.0,SL_HIT,0.0,0.0,0.0,0,0.0,0.0,0.0,0.0,0,0.0,0.0,0,0,0,0,0.0,0,0.0,0.0,0,0.0,0.0,0.0,0.0,0.0,0.0,0.0,0.0,0.0,0,0,0.0,0,0,0.0,0.0,0,0.15,0.226,0.202,0.107,0.62,0.55,1,0.755,10.0,121.7
89878,USDJPYm,BREAKOUT,BUY,2026.06.12 20:57:40,2026.06.12 20:58:40,1,160.228,160.214,-14.0,-8.74,0.0,0.0,SL_HIT,0.0,0.0,0.0,0,0.0,0.0,0.0,0.0,0,0.0,0.0,0,0,0,0,0.0,0,0.0,0.0,0,0.0,0.0,0.0,0.0,0.0,0.0,0.0,0.0,0.0,0,0,0.0,0,0,0.0,0.0,0,0.15,0.226,0.202,0.107,0.62,0.55,1,0.755,10.0,121.7
89880,USDJPYm,SWEEP_REVERSAL,BUY,2026.06.14 22:00:00,2026.06.14 22:00:59,0,159.818,159.811,-7.0,-4.38,0.0,0.0,SL_HIT,0.0,0.0,0.0,0,0.0,0.0,0.0,0.0,0,0.0,0.0,0,0,0,0,0.0,0,0.0,0.0,0,0.0,0.0,0.0,0.0,0.0,0.0,0.0,0.0,0.0,0,0,0.0,0,0,0.0,0.0,0,0.25,0.0,0.238,0.364,0.843,0.163,0,0.0,18.0,142.1
89881,USDJPYm,MEAN_REVERSION,BUY,2026.06.14 22:00:20,2026.06.14 22:00:59,0,159.804,159.811,7.0,4.38,0.0,0.0,TRAIL_STOP,0.0,0.0,0.0,0,0.0,0.0,0.0,0.0,0,0.0,0.0,0,0,0,0,0.0,0,0.0,0.0,0,0.0,0.0,0.0,0.0,0.0,0.0,0.0,0.0,0.0,0,0,0.0,0,0,0.0,0.0,0,0.25,0.0,0.238,0.364,0.843,0.163,0,0.0,18.0,142.1
89884,USDJPYm,ANCHORED_PULLBACK,BUY,2026.06.15 02:00:00,2026.06.15 02:02:40,2,160.211,160.211,0.0,0.0,0.0,0.0,TRAIL_STOP,0.0,0.0,0.0,0,0.0,0.0,0.0,0.0,0,0.0,0.0,0,0,0,0,0.0,0,0.0,0.0,0,0.0,0.0,0.0,0.0,0.0,0.0,0.0,0.0,0.0,0,0,0.0,0,0,0.0,0.0,0,0.25,0.185,0.164,0.363,0.594,0.9,0,-0.615,10.0,136.7
89886,USDJPYm,MEAN_REVERSION,BUY,2026.06.15 04:04:40,2026.06.15 04:05:40,1,160.093,160.077,-16.0,-10.0,0.0,0.0,SL_HIT,0.0,0.0,0.0,0,0.0,0.0,0.0,0.0,0,0.0,0.0,0,0,0,0,0.0,0,0.0,0.0,0,0.0,0.0,0.0,0.0,0.0,0.0,0.0,0.0,0.0,0,0,0.0,0,0,0.0,0.0,0,0.15,0.258,0.053,0.263,0.692,0.7,1,-0.86,10.0,130.7
89888,USDJPYm,SWEEP_REVERSAL,BUY,2026.06.15 04:52:40,2026.06.15 04:53:40,1,160.036,160.025,-11.0,-6.87,0.0,0.0,SL_HIT,0.0,0.0,0.0,0,0.0,0.0,0.0,0.0,0,0.0,0.0,0,0,0,0,0.0,0,0.0,0.0,0,0.0,0.0,0.0,0.0,0.0,0.0,0.0,0.0,0.0,0,0,0.0,0,0,0.0,0.0,0,0.15,0.258,0.053,0.354,0.692,0.7,0,-0.86,10.0,130.7
89890,USDJPYm,PULLBACK,BUY,2026.06.15 07:00:00,2026.06.15 07:01:40,1,160.134,160.129,-5.0,-3.12,0.0,0.0,SL_HIT,0.0,0.0,0.0,0,0.0,0.0,0.0,0.0,0,0.0,0.0,0,0,0,0,0.0,0,0.0,0.0,0,0.0,0.0,0.0,0.0,0.0,0.0,0.0,0.0,0.0,0,0,0.0,0,0,0.0,0.0,0,0.15,0.124,0.191,0.203,0.729,0.178,1,0.4132,10.0,127.5
89892,USDJPYm,TREND_CONTINUATION,BUY,2026.06.15 07:51:20,2026.06.15 07:53:40,2,160.119,160.131,12.0,7.49,0.0,0.0,TRAIL_STOP,0.0,0.0,0.0,0,0.0,0.0,0.0,0.0,0,0.0,0.0,0,0,0,0,0.0,0,0.0,0.0,0,0.0,0.0,0.0,0.0,0.0,0.0,0.0,0.0,0.0,0,0,0.0,0,0,0.0,0.0,0,0.15,0.124,0.191,0.203,0.729,0.178,1,0.4132,10.0,127.5
89894,USDJPYm,BREAKOUT_RETEST,BUY,2026.06.15 08:00:00,2026.06.15 08:00:59,0,160.118,160.125,7.0,4.37,0.0,0.0,TRAIL_STOP,0.0,0.0,0.0,0,0.0,0.0,0.0,0.0,0,0.0,0.0,0,0,0,0,0.0,0,0.0,0.0,0,0.0,0.0,0.0,0.0,0.0,0.0,0.0,0.0,0.0,0,0,0.0,0,0,0.0,0.0,0,0.15,0.216,0.181,0.223,0.751,0.5,1,0.72,10.0,130.6
89896,USDJPYm,BREAKOUT,BUY,2026.06.15 08:41:40,2026.06.15 08:42:40,1,160.13,160.121,-9.0,-5.62,0.0,0.0,SL_HIT,0.0,0.0,0.0,0,0.0,0.0,0.0,0.0,0,0.0,0.0,0,0,0,0,0.0,0,0.0,0.0,0,0.0,0.0,0.0,0.0,0.0,0.0,0.0,0.0,0.0,0,0,0.0,0,0,0.0,0.0,0,0.15,0.216,0.181,0.202,0.751,0.5,1,0.72,10.0,130.6
89898,USDJPYm,PULLBACK,BUY,2026.06.15 09:00:00,2026.06.15 09:01:40,1,160.141,160.13,-11.0,-6.87,0.0,0.0,SL_HIT,0.0,0.0,0.0,0,0.0,0.0,0.0,0.0,0,0.0,0.0,0,0,0,0,0.0,0,0.0,0.0,0,0.0,0.0,0.0,0.0,0.0,0.0,0.0,0.0,0.0,0,0,0.0,0,0,0.0,0.0,0,0.15,0.226,0.053,0.06,0.745,0.825,1,0.755,10.0,132.4
89900,USDJPYm,TREND_CONTINUATION,BUY,2026.06.15 09:51:20,2026.06.15 09:54:40,3,160.143,160.134,-9.0,-5.62,0.0,0.0,SL_HIT,0.0,0.0,0.0,0,0.0,0.0,0.0,0.0,0,0.0,0.0,0,0,0,0,0.0,0,0.0,0.0,0,0.0,0.0,0.0,0.0,0.0,0.0,0.0,0.0,0.0,0,0,0.0,0,0,0.0,0.0,0,0.15,0.226,0.053,0.173,0.745,0.825,1,0.755,10.0,132.4
89902,USDJPYm,BREAKOUT_RETEST,BUY,2026.06.15 10:19:40,2026.06.15 10:21:40,2,160.135,160.128,-7.0,-4.37,0.0,0.0,SL_HIT,0.0,0.0,0.0,0,0.0,0.0,0.0,0.0,0,0.0,0.0,0,0,0,0,0.0,0,0.0,0.0,0,0.0,0.0,0.0,0.0,0.0,0.0,0.0,0.0,0.0,0,0,0.0,0,0,0.0,0.0,0,0.15,0.146,0.139,0.108,0.791,0.472,1,0.4867,10.0,133.1
89904,USDJPYm,BREAKOUT,BUY,2026.06.15 10:44:40,2026.06.15 10:45:40,1,160.109,160.095,-14.0,-8.74,0.0,0.0,SL_HIT,0.0,0.0,0.0,0,0.0,0.0,0.0,0.0,0,0.0,0.0,0,0,0,0,0.0,0,0.0,0.0,0,0.0,0.0,0.0,0.0,0.0,0.0,0.0,0.0,0.0,0,0,0.0,0,0,0.0,0.0,0,0.15,0.146,0.139,0.194,0.791,0.472,1,0.4867,10.0,133.1
89906,USDJPYm,TREND_CONTINUATION,BUY,2026.06.15 12:00:00,2026.06.15 12:30:40,30,160.191,160.136,-55.0,-34.35,0.0,0.0,SL_HIT,0.0,0.0,0.0,0,0.0,0.0,0.0,0.0,0,0.0,0.0,0,0,0,0,0.0,0,0.0,0.0,0,0.0,0.0,0.0,0.0,0.0,0.0,0.0,0.0,0.0,0,0,0.0,0,0,0.0,0.0,0,0.15,0.143,0.053,0.079,0.798,0.365,1,0.4783,10.0,108.9
89908,USDJPYm,BREAKOUT_RETEST,BUY,2026.06.15 12:31:40,2026.06.15 12:41:40,10,160.135,160.145,10.0,6.24,0.0,0.0,TRAIL_STOP,0.0,0.0,0.0,0,0.0,0.0,0.0,0.0,0,0.0,0.0,0,0,0,0,0.0,0,0.0,0.0,0,0.0,0.0,0.0,0.0,0.0,0.0,0.0,0.0,0.0,0,0,0.0,0,0,0.0,0.0,0,0.15,0.143,0.053,0.278,0.798,0.365,0,0.4783,10.0,108.9
89910,USDJPYm,BREAKOUT,BUY,2026.06.15 12:50:20,2026.06.15 12:50:40,0,160.148,160.134,-14.0,-8.74,0.0,0.0,SL_HIT,0.0,0.0,0.0,0,0.0,0.0,0.0,0.0,0,0.0,0.0,0,0,0,0,0.0,0,0.0,0.0,0,0.0,0.0,0.0,0.0,0.0,0.0,0.0,0.0,0.0,0,0,0.0,0,0,0.0,0.0,0,0.15,0.143,0.053,0.06,0.798,0.365,1,0.4783,10.0,108.9
89912,USDJPYm,PULLBACK,BUY,2026.06.15 13:00:40,2026.06.15 13:02:59,2,160.15,160.147,-3.0,-1.87,0.0,0.0,SL_HIT,0.0,0.0,0.0,0,0.0,0.0,0.0,0.0,0,0.0,0.0,0,0,0,0,0.0,0,0.0,0.0,0,0.0,0.0,0.0,0.0,0.0,0.0,0.0,0.0,0.0,0,0,0.0,0,0,0.0,0.0,0,0.0,0.216,0.119,0.162,0.711,0.5,1,0.72,10.0,98.1
89914,USDJPYm,MEAN_REVERSION,BUY,2026.06.15 14:00:20,2026.06.15 14:00:40,0,160.077,160.063,-14.0,-8.75,0.0,0.0,SL_HIT,0.0,0.0,0.0,0,0.0,0.0,0.0,0.0,0,0.0,0.0,0,0,0,0,0.0,0,0.0,0.0,0,0.0,0.0,0.0,0.0,0.0,0.0,0.0,0.0,0.0,0,0,0.0,0,0,0.0,0.0,0,0.4,0.174,0.3,0.419,0.775,0.825,0,0.58,10.0,98.6
89916,USDJPYm,SWEEP_REVERSAL,BUY,2026.06.15 14:05:40,2026.06.15 14:06:40,1,160.061,160.056,-5.0,-3.12,0.0,0.0,SL_HIT,0.0,0.0,0.0,0,0.0,0.0,0.0,0.0,0,0.0,0.0,0,0,0,0,0.0,0,0.0,0.0,0,0.0,0.0,0.0,0.0,0.0,0.0,0.0,0.0,0.0,0,0,0.0,0,0,0.0,0.0,0,0.4,0.174,0.3,0.419,0.775,0.825,0,0.58,10.0,98.6
89918,USDJPYm,BREAKOUT_RETEST,BUY,2026.06.15 14:57:40,2026.06.15 14:58:20,0,160.139,160.109,-30.0,-18.74,0.0,0.0,SL_HIT,0.0,0.0,0.0,0,0.0,0.0,0.0,0.0,0,0.0,0.0,0,0,0,0,0.0,0,0.0,0.0,0,0.0,0.0,0.0,0.0,0.0,0.0,0.0,0.0,0.0,0,0,0.0,0,0,0.0,0.0,0,0.4,0.174,0.3,0.266,0.775,0.825,1,0.58,10.0,98.6
89920,USDJPYm,TREND_CONTINUATION,BUY,2026.06.15 14:58:40,2026.06.15 15:21:20,22,160.14,160.144,4.0,2.5,0.0,0.0,TRAIL_STOP,0.0,0.0,0.0,0,0.0,0.0,0.0,0.0,0,0.0,0.0,0,0,0,0,0.0,0,0.0,0.0,0,0.0,0.0,0.0,0.0,0.0,0.0,0.0,0.0,0.0,0,0,0.0,0,0,0.0,0.0,0,0.25,0.185,0.221,0.125,0.715,0.6,1,0.615,10.0,88.7
89921,USDJPYm,PULLBACK,BUY,2026.06.15 15:01:40,2026.06.15 15:21:20,19,160.159,160.144,-15.0,-9.37,0.0,0.0,SL_HIT,0.0,0.0,0.0,0,0.0,0.0,0.0,0.0,0,0.0,0.0,0,0,0,0,0.0,0,0.0,0.0,0,0.0,0.0,0.0,0.0,0.0,0.0,0.0,0.0,0.0,0,0,0.0,0,0,0.0,0.0,0,0.25,0.185,0.221,0.125,0.715,0.6,1,0.615,10.0,88.7
89924,USDJPYm,ANCHORED_PULLBACK,BUY,2026.06.15 16:00:00,2026.06.15 16:01:40,1,160.205,160.2,-5.0,-3.12,0.0,0.0,SL_HIT,0.0,0.0,0.0,0,0.0,0.0,0.0,0.0,0,0.0,0.0,0,0,0,0,0.0,0,0.0,0.0,0,0.0,0.0,0.0,0.0,0.0,0.0,0.0,0.0,0.0,0,0,0.0,0,0,0.0,0.0,0,0.4,0.195,0.25,0.45,0.748,0.975,0,0.65,10.0,85.7
89926,USDJPYm,BREAKOUT,BUY,2026.06.15 16:50:20,2026.06.15 16:51:40,1,160.234,160.233,-1.0,-0.62,0.0,0.0,SL_HIT,0.0,0.0,0.0,0,0.0,0.0,0.0,0.0,0,0.0,0.0,0,0,0,0,0.0,0,0.0,0.0,0,0.0,0.0,0.0,0.0,0.0,0.0,0.0,0.0,0.0,0,0,0.0,0,0,0.0,0.0,0,0.4,0.195,0.25,0.45,0.748,0.975,0,0.65,10.0,85.7
89928,USDJPYm,TREND_CONTINUATION,BUY,2026.06.15 16:58:40,2026.06.15 17:00:20,1,160.216,160.212,-4.0,-2.5,0.0,0.0,SL_HIT,0.0,0.0,0.0,0,0.0,0.0,0.0,0.0,0,0.0,0.0,0,0,0,0,0.0,0,0.0,0.0,0,0.0,0.0,0.0,0.0,0.0,0.0,0.0,0.0,0.0,0,0,0.0,0,0,0.0,0.0,0,0.15,0.0,0.147,0.326,0.794,0.126,0,0.0,10.0,84.7
89930,USDJPYm,BREAKOUT,BUY,2026.06.15 18:50:20,2026.06.15 19:30:40,40,160.273,160.31,37.0,23.08,0.0,0.0,TRAIL_STOP,0.0,0.0,0.0,0,0.0,0.0,0.0,0.0,0,0.0,0.0,0,0,0,0,0.0,0,0.0,0.0,0,0.0,0.0,0.0,0.0,0.0,0.0,0.0,0.0,0.0,0,0,0.0,0,0,0.0,0.0,0,0.15,0.216,0.053,0.307,0.573,0.75,1,0.72,10.0,81.6
89931,USDJPYm,TREND_CONTINUATION,BUY,2026.06.15 18:58:40,2026.06.15 19:30:40,32,160.318,160.31,-8.0,-4.99,0.0,0.0,SL_HIT,0.0,0.0,0.0,0,0.0,0.0,0.0,0.0,0,0.0,0.0,0,0,0,0,0.0,0,0.0,0.0,0,0.0,0.0,0.0,0.0,0.0,0.0,0.0,0.0,0.0,0,0,0.0,0,0,0.0,0.0,0,0.15,0.216,0.053,0.307,0.573,0.75,1,0.72,10.0,81.6
89932,USDJPYm,PULLBACK,BUY,2026.06.15 19:29:40,2026.06.15 19:30:40,1,160.325,160.31,-15.0,-9.36,0.0,0.0,SL_HIT,0.0,0.0,0.0,0,0.0,0.0,0.0,0.0,0,0.0,0.0,0,0,0,0,0.0,0,0.0,0.0,0,0.0,0.0,0.0,0.0,0.0,0.0,0.0,0.0,0.0,0,0,0.0,0,0,0.0,0.0,0,0.15,0.216,0.053,0.307,0.573,0.75,1,0.72,10.0,81.6
89936,USDJPYm,BREAKOUT_RETEST,BUY,2026.06.15 19:30:40,2026.06.15 19:31:40,1,160.289,160.285,-4.0,-2.5,0.0,0.0,SL_HIT,0.0,0.0,0.0,0,0.0,0.0,0.0,0.0,0,0.0,0.0,0,0,0,0,0.0,0,0.0,0.0,0,0.0,0.0,0.0,0.0,0.0,0.0,0.0,0.0,0.0,0,0,0.0,0,0,0.0,0.0,0,0.15,0.216,0.053,0.307,0.573,0.75,1,0.72,10.0,81.6
89938,USDJPYm,ANCHORED_PULLBACK,BUY,2026.06.15 20:01:40,2026.06.15 20:21:20,19,160.361,160.334,-27.0,-16.84,0.0,0.0,SL_HIT,0.0,0.0,0.0,0,0.0,0.0,0.0,0.0,0,0.0,0.0,0,0,0,0,0.0,0,0.0,0.0,0,0.0,0.0,0.0,0.0,0.0,0.0,0.0,0.0,0.0,0,0,0.0,0,0,0.0,0.0,0,0.15,0.226,0.212,0.324,0.534,0.825,0,0.755,10.0,84.4
89940,USDJPYm,BREAKOUT,BUY,2026.06.15 20:50:20,2026.06.15 20:51:40,1,160.356,160.352,-4.0,-2.49,0.0,0.0,SL_HIT,0.0,0.0,0.0,0,0.0,0.0,0.0,0.0,0,0.0,0.0,0,0,0,0,0.0,0,0.0,0.0,0,0.0,0.0,0.0,0.0,0.0,0.0,0.0,0.0,0.0,0,0,0.0,0,0,0.0,0.0,0,0.15,0.226,0.212,0.342,0.534,0.825,0,0.755,10.0,84.4
89942,USDJPYm,TREND_CONTINUATION,BUY,2026.06.15 20:58:40,2026.06.15 20:59:40,1,160.359,160.339,-20.0,-12.47,0.0,0.0,SL_HIT,0.0,0.0,0.0,0,0.0,0.0,0.0,0.0,0,0.0,0.0,0,0,0,0,0.0,0,0.0,0.0,0,0.0,0.0,0.0,0.0,0.0,0.0,0.0,0.0,0.0,0,0,0.0,0,0,0.0,0.0,0,0.15,0.226,0.212,0.263,0.534,0.825,0,0.755,18.0,84.4
89944,USDJPYm,PULLBACK,BUY,2026.06.15 21:29:40,2026.06.15 21:30:40,1,160.343,160.304,-39.0,-24.33,0.0,0.0,SL_HIT,0.0,0.0,0.0,0,0.0,0.0,0.0,0.0,0,0.0,0.0,0,0,0,0,0.0,0,0.0,0.0,0,0.0,0.0,0.0,0.0,0.0,0.0,0.0,0.0,0.0,0,0,0.0,0,0,0.0,0.0,0,0.0,0.237,0.119,0.127,0.654,0.9,1,0.79,38.0,80.7
89946,USDJPYm,BREAKOUT_RETEST,BUY,2026.06.15 21:30:40,2026.06.15 21:31:40,1,160.332,160.307,-25.0,-15.6,0.0,0.0,SL_HIT,0.0,0.0,0.0,0,0.0,0.0,0.0,0.0,0,0.0,0.0,0,0,0,0,0.0,0,0.0,0.0,0,0.0,0.0,0.0,0.0,0.0,0.0,0.0,0.0,0.0,0,0,0.0,0,0,0.0,0.0,0,0.0,0.237,0.119,0.127,0.654,0.9,1,0.79,26.0,80.7
89948,USDJPYm,MEAN_REVERSION,BUY,2026.06.15 22:28:40,2026.06.15 22:29:40,1,160.307,160.303,-4.0,-2.5,0.0,0.0,SL_HIT,0.0,0.0,0.0,0,0.0,0.0,0.0,0.0,0,0.0,0.0,0,0,0,0,0.0,0,0.0,0.0,0,0.0,0.0,0.0,0.0,0.0,0.0,0.0,0.0,0.0,0,0,0.0,0,0,0.0,0.0,0,0.0,0.247,0.123,0.075,0.681,0.65,1,0.825,30.0,81.8
89950,USDJPYm,BREAKOUT,BUY,2026.06.15 22:50:30,2026.06.15 22:51:00,0,160.342,160.328,-14.0,-8.73,0.0,0.0,SL_HIT,0.0,0.0,0.0,0,0.0,0.0,0.0,0.0,0,0.0,0.0,0,0,0,0,0.0,0,0.0,0.0,0,0.0,0.0,0.0,0.0,0.0,0.0,0.0,0.0,0.0,0,0,0.0,0,0,0.0,0.0,0,0.0,0.247,0.123,0.175,0.681,0.65,1,0.825,10.0,81.8
89952,USDJPYm,TREND_CONTINUATION,BUY,2026.06.15 23:00:59,2026.06.15 23:02:40,1,160.329,160.318,-11.0,-6.86,0.0,0.0,SL_HIT,0.0,0.0,0.0,0,0.0,0.0,0.0,0.0,0,0.0,0.0,0,0,0,0,0.0,0,0.0,0.0,0,0.0,0.0,0.0,0.0,0.0,0.0,0.0,0.0,0.0,0,0,0.0,0,0,0.0,0.0,0,0.25,0.206,0.213,0.128,0.664,0.7,1,0.685,10.0,80.1
89954,USDJPYm,SWEEP_REVERSAL,BUY,2026.06.15 23:52:20,2026.06.15 23:52:59,0,160.248,160.244,-4.0,-2.5,0.0,0.0,SL_HIT,0.0,0.0,0.0,0,0.0,0.0,0.0,0.0,0,0.0,0.0,0,0,0,0,0.0,0,0.0,0.0,0,0.0,0.0,0.0,0.0,0.0,0.0,0.0,0.0,0.0,0,0,0.0,0,0,0.0,0.0,0,0.25,0.206,0.213,0.397,0.664,0.7,0,0.685,10.0,80.1
89956,USDJPYm,MEAN_REVERSION,BUY,2026.06.16 00:28:40,2026.06.16 00:30:40,2,160.249,160.237,-12.0,-7.49,0.0,0.0,SL_HIT,0.0,0.0,0.0,0,0.0,0.0,0.0,0.0,0,0.0,0.0,0,0,0,0,0.0,0,0.0,0.0,0,0.0,0.0,0.0,0.0,0.0,0.0,0.0,0.0,0.0,0,0,0.0,0,0,0.0,0.0,0,0.4,0.216,0.14,0.421,0.757,1.0,0,0.72,10.0,83.6
89958,USDJPYm,PULLBACK,BUY,2026.06.16 00:37:40,2026.06.16 00:50:59,13,160.212,160.249,37.0,23.09,0.0,0.0,TRAIL_STOP,0.0,0.0,0.0,0,0.0,0.0,0.0,0.0,0,0.0,0.0,0,0,0,0,0.0,0,0.0,0.0,0,0.0,0.0,0.0,0.0,0.0,0.0,0.0,0.0,0.0,0,0,0.0,0,0,0.0,0.0,0,0.4,0.216,0.14,0.421,0.757,1.0,0,0.72,10.0,83.6
89960,USDJPYm,BREAKOUT_RETEST,BUY,2026.06.16 01:00:00,2026.06.16 01:02:40,2,160.204,160.178,-26.0,-16.23,0.0,0.0,SL_HIT,0.0,0.0,0.0,0,0.0,0.0,0.0,0.0,0,0.0,0.0,0,0,0,0,0.0,0,0.0,0.0,0,0.0,0.0,0.0,0.0,0.0,0.0,0.0,0.0,0.0,0,0,0.0,0,0,0.0,0.0,0,0.4,0.226,0.287,0.441,0.729,1.0,0,0.755,10.0,87.9
89962,USDJPYm,TREND_CONTINUATION,BUY,2026.06.16 01:04:40,2026.06.16 01:08:00,3,160.142,160.153,11.0,6.87,0.0,0.0,TRAIL_STOP,0.0,0.0,0.0,0,0.0,0.0,0.0,0.0,0,0.0,0.0,0,0,0,0,0.0,0,0.0,0.0,0,0.0,0.0,0.0,0.0,0.0,0.0,0.0,0.0,0.0,0,0,0.0,0,0,0.0,0.0,0,0.4,0.226,0.287,0.437,0.729,1.0,0,0.755,10.0,87.9
89964,USDJPYm,SWEEP_REVERSAL,BUY,2026.06.16 01:52:20,2026.06.16 01:53:40,1,160.157,160.144,-13.0,-8.12,0.0,0.0,SL_HIT,0.0,0.0,0.0,0,0.0,0.0,0.0,0.0,0,0.0,0.0,0,0,0,0,0.0,0,0.0,0.0,0,0.0,0.0,0.0,0.0,0.0,0.0,0.0,0.0,0.0,0,0,0.0,0,0,0.0,0.0,0,0.4,0.226,0.287,0.437,0.729,1.0,0,0.755,10.0,87.9
89966,USDJPYm,MEAN_REVERSION,BUY,2026.06.16 02:30:40,2026.06.16 02:31:40,1,160.139,160.132,-7.0,-4.37,0.0,0.0,SL_HIT,0.0,0.0,0.0,0,0.0,0.0,0.0,0.0,0,0.0,0.0,0,0,0,0,0.0,0,0.0,0.0,0,0.0,0.0,0.0,0.0,0.0,0.0,0.0,0.0,0.0,0,0,0.0,0,0,0.0,0.0,0,0.4,0.194,0.231,0.432,0.585,0.983,0,0.6452,10.0,89.4
89968,USDJPYm,PULLBACK,BUY,2026.06.16 02:37:40,2026.06.16 02:38:20,0,160.156,160.144,-12.0,-7.49,0.0,0.0,SL_HIT,0.0,0.0,0.0,0,0.0,0.0,0.0,0.0,0,0.0,0.0,0,0,0,0,0.0,0,0.0,0.0,0,0.0,0.0,0.0,0.0,0.0,0.0,0.0,0.0,0.0,0,0,0.0,0,0,0.0,0.0,0,0.4,0.194,0.231,0.16,0.585,0.983,1,0.6452,10.0,89.4
89970,USDJPYm,BREAKOUT,BUY,2026.06.16 02:50:59,2026.06.16 02:51:40,0,160.155,160.142,-13.0,-8.12,0.0,0.0,SL_HIT,0.0,0.0,0.0,0,0.0,0.0,0.0,0.0,0,0.0,0.0,0,0,0,0,0.0,0,0.0,0.0,0,0.0,0.0,0.0,0.0,0.0,0.0,0.0,0.0,0.0,0,0,0.0,0,0,0.0,0.0,0,0.4,0.194,0.231,0.336,0.585,0.983,1,0.6452,10.0,89.4
89972,USDJPYm,BREAKOUT,BUY,2026.06.16 05:00:00,2026.06.16 05:01:40,1,160.261,160.254,-7.0,-4.37,0.0,0.0,SL_HIT,0.0,0.0,0.0,0,0.0,0.0,0.0,0.0,0,0.0,0.0,0,0,0,0,0.0,0,0.0,0.0,0,0.0,0.0,0.0,0.0,0.0,0.0,0.0,0.0,0.0,0,0,0.0,0,0,0.0,0.0,0,0.4,0.174,0.216,0.411,0.663,0.825,0,-0.58,10.0,102.8
89974,USDJPYm,MEAN_REVERSION,BUY,2026.06.16 07:02:20,2026.06.16 07:11:40,9,160.217,160.31,93.0,58.0,0.0,0.0,TP_HIT,0.0,0.0,0.0,0,0.0,0.0,0.0,0.0,0,0.0,0.0,0,0,0,0,0.0,0,0.0,0.0,0,0.0,0.0,0.0,0.0,0.0,0.0,0.0,0.0,0.0,0,0,0.0,0,0,0.0,0.0,0,0.0,0.247,0.0,0.204,0.646,0.65,0,-0.825,10.0,106.0
89976,USDJPYm,ANCHORED_PULLBACK,BUY,2026.06.16 09:03:20,2026.06.16 09:03:40,0,160.342,160.328,-14.0,-8.73,0.0,0.0,SL_HIT,0.0,0.0,0.0,0,0.0,0.0,0.0,0.0,0,0.0,0.0,0,0,0,0,0.0,0,0.0,0.0,0,0.0,0.0,0.0,0.0,0.0,0.0,0.0,0.0,0.0,0,0,0.0,0,0,0.0,0.0,0,0.0,0.202,0.096,0.162,0.77,0.437,1,0.6717,10.0,114.8
89978,USDJPYm,BREAKOUT,BUY,2026.06.16 09:28:40,2026.06.16 09:29:59,1,160.313,160.314,1.0,0.62,0.0,0.0,TRAIL_STOP,0.0,0.0,0.0,0,0.0,0.0,0.0,0.0,0,0.0,0.0,0,0,0,0,0.0,0,0.0,0.0,0,0.0,0.0,0.0,0.0,0.0,0.0,0.0,0.0,0.0,0,0,0.0,0,0,0.0,0.0,0,0.0,0.202,0.096,0.047,0.77,0.437,1,0.6717,10.0,114.8
89980,USDJPYm,BREAKOUT_RETEST,BUY,2026.06.16 09:36:40,2026.06.16 09:37:20,0,160.327,160.314,-13.0,-8.11,0.0,0.0,SL_HIT,0.0,0.0,0.0,0,0.0,0.0,0.0,0.0,0,0.0,0.0,0,0,0,0,0.0,0,0.0,0.0,0,0.0,0.0,0.0,0.0,0.0,0.0,0.0,0.0,0.0,0,0,0.0,0,0,0.0,0.0,0,0.0,0.202,0.096,0.047,0.77,0.437,1,0.6717,10.0,114.8
89982,USDJPYm,PULLBACK,BUY,2026.06.16 10:00:00,2026.06.16 10:01:40,1,160.348,160.338,-10.0,-6.24,0.0,0.0,SL_HIT,0.0,0.0,0.0,0,0.0,0.0,0.0,0.0,0,0.0,0.0,0,0,0,0,0.0,0,0.0,0.0,0,0.0,0.0,0.0,0.0,0.0,0.0,0.0,0.0,0.0,0,0,0.0,0,0,0.0,0.0,0,0.4,0.164,0.14,0.288,0.636,0.75,1,0.545,10.0,111.1
89983,USDJPYm,TREND_CONTINUATION,BUY,2026.06.16 10:00:20,2026.06.16 10:01:40,1,160.348,160.338,-10.0,-6.24,0.0,0.0,SL_HIT,0.0,0.0,0.0,0,0.0,0.0,0.0,0.0,0,0.0,0.0,0,0,0,0,0.0,0,0.0,0.0,0,0.0,0.0,0.0,0.0,0.0,0.0,0.0,0.0,0.0,0,0,0.0,0,0,0.0,0.0,0,0.4,0.164,0.14,0.288,0.636,0.75,1,0.545,10.0,111.1
89986,USDJPYm,BREAKOUT,BUY,2026.06.16 11:28:40,2026.06.16 11:33:40,5,160.326,160.317,-9.0,-5.61,0.0,0.0,SL_HIT,0.0,0.0,0.0,0,0.0,0.0,0.0,0.0,0,0.0,0.0,0,0,0,0,0.0,0,0.0,0.0,0,0.0,0.0,0.0,0.0,0.0,0.0,0.0,0.0,0.0,0,0,0.0,0,0,0.0,0.0,0,0.0,0.226,0.0,0.0,0.769,0.55,1,0.755,10.0,111.2
89988,USDJPYm,BREAKOUT_RETEST,BUY,2026.06.16 11:36:40,2026.06.16 11:37:40,1,160.339,160.326,-13.0,-8.11,0.0,0.0,SL_HIT,0.0,0.0,0.0,0,0.0,0.0,0.0,0.0,0,0.0,0.0,0,0,0,0,0.0,0,0.0,0.0,0,0.0,0.0,0.0,0.0,0.0,0.0,0.0,0.0,0.0,0,0,0.0,0,0,0.0,0.0,0,0.0,0.226,0.0,0.045,0.769,0.55,1,0.755,10.0,111.2
89990,USDJPYm,PULLBACK,BUY,2026.06.16 12:00:00,2026.06.16 12:00:59,0,160.365,160.36,-5.0,-3.12,0.0,0.0,SL_HIT,0.0,0.0,0.0,0,0.0,0.0,0.0,0.0,0,0.0,0.0,0,0,0,0,0.0,0,0.0,0.0,0,0.0,0.0,0.0,0.0,0.0,0.0,0.0,0.0,0.0,0,0,0.0,0,0,0.0,0.0,0,0.15,0.237,0.053,0.338,0.794,0.9,0,0.79,10.0,107.9
89991,USDJPYm,TREND_CONTINUATION,BUY,2026.06.16 12:00:20,2026.06.16 12:00:59,0,160.358,160.36,2.0,1.25,0.0,0.0,TRAIL_STOP,0.0,0.0,0.0,0,0.0,0.0,0.0,0.0,0,0.0,0.0,0,0,0,0,0.0,0,0.0,0.0,0,0.0,0.0,0.0,0.0,0.0,0.0,0.0,0.0,0.0,0,0,0.0,0,0,0.0,0.0,0,0.15,0.237,0.053,0.338,0.794,0.9,0,0.79,10.0,107.9
89994,USDJPYm,BREAKOUT,BUY,2026.06.16 13:28:40,2026.06.16 14:00:40,32,160.392,160.393,1.0,0.62,0.0,0.0,TRAIL_STOP,0.0,0.0,0.0,0,0.0,0.0,0.0,0.0,0,0.0,0.0,0,0,0,0,0.0,0,0.0,0.0,0,0.0,0.0,0.0,0.0,0.0,0.0,0.0,0.0,0.0,0,0,0.0,0,0,0.0,0.0,0,0.15,0.258,0.208,0.288,0.652,1.0,0,0.86,10.0,107.3
89995,USDJPYm,PULLBACK,BUY,2026.06.16 14:00:00,2026.06.16 14:00:40,0,160.401,160.393,-8.0,-4.99,0.0,0.0,SL_HIT,0.0,0.0,0.0,0,0.0,0.0,0.0,0.0,0,0.0,0.0,0,0,0,0,0.0,0,0.0,0.0,0,0.0,0.0,0.0,0.0,0.0,0.0,0.0,0.0,0.0,0,0,0.0,0,0,0.0,0.0,0,0.15,0.258,0.208,0.288,0.652,1.0,0,0.86,10.0,107.3
89996,USDJPYm,TREND_CONTINUATION,BUY,2026.06.16 14:00:20,2026.06.16 14:00:40,0,160.407,160.393,-14.0,-8.73,0.0,0.0,SL_HIT,0.0,0.0,0.0,0,0.0,0.0,0.0,0.0,0,0.0,0.0,0,0,0,0,0.0,0,0.0,0.0,0,0.0,0.0,0.0,0.0,0.0,0.0,0.0,0.0,0.0,0,0,0.0,0,0,0.0,0.0,0,0.15,0.258,0.208,0.288,0.652,1.0,0,0.86,10.0,107.3
90000,USDJPYm,ANCHORED_PULLBACK,BUY,2026.06.16 15:00:00,2026.06.16 15:00:20,0,160.408,160.396,-12.0,-7.48,0.0,0.0,SL_HIT,0.0,0.0,0.0,0,0.0,0.0,0.0,0.0,0,0.0,0.0,0,0,0,0,0.0,0,0.0,0.0,0,0.0,0.0,0.0,0.0,0.0,0.0,0.0,0.0,0.0,0,0,0.0,0,0,0.0,0.0,0,0.0,0.269,0.0,0.152,0.581,1.0,1,0.895,10.0,105.7
90002,USDJPYm,BREAKOUT,BUY,2026.06.16 15:28:40,2026.06.16 15:29:40,1,160.456,160.443,-13.0,-8.1,0.0,0.0,SL_HIT,0.0,0.0,0.0,0,0.0,0.0,0.0,0.0,0,0.0,0.0,0,0,0,0,0.0,0,0.0,0.0,0,0.0,0.0,0.0,0.0,0.0,0.0,0.0,0.0,0.0,0,0,0.0,0,0,0.0,0.0,0,0.0,0.269,0.0,0.274,0.581,1.0,0,0.895,10.0,105.7
90004,USDJPYm,BREAKOUT_RETEST,BUY,2026.06.16 15:53:40,2026.06.16 15:54:20,0,160.365,160.351,-14.0,-8.73,0.0,0.0,SL_HIT,0.0,0.0,0.0,0,0.0,0.0,0.0,0.0,0,0.0,0.0,0,0,0,0,0.0,0,0.0,0.0,0,0.0,0.0,0.0,0.0,0.0,0.0,0.0,0.0,0.0,0,0,0.0,0,0,0.0,0.0,0,0.0,0.269,0.0,0.0,0.581,1.0,1,0.895,10.0,105.7
90006,USDJPYm,PULLBACK,BUY,2026.06.16 16:00:00,2026.06.16 16:20:59,20,160.395,160.345,-50.0,-31.18,0.0,0.0,SL_HIT,0.0,0.0,0.0,0,0.0,0.0,0.0,0.0,0,0.0,0.0,0,0,0,0,0.0,0,0.0,0.0,0,0.0,0.0,0.0,0.0,0.0,0.0,0.0,0.0,0.0,0,0,0.0,0,0,0.0,0.0,0,0.0,0.279,0.122,0.121,0.507,0.8,0,0.93,10.0,106.4
90007,USDJPYm,TREND_CONTINUATION,BUY,2026.06.16 16:00:20,2026.06.16 16:20:59,20,160.404,160.345,-59.0,-36.8,0.0,0.0,SL_HIT,0.0,0.0,0.0,0,0.0,0.0,0.0,0.0,0,0.0,0.0,0,0,0,0,0.0,0,0.0,0.0,0,0.0,0.0,0.0,0.0,0.0,0.0,0.0,0.0,0.0,0,0,0.0,0,0,0.0,0.0,0,0.0,0.279,0.122,0.121,0.507,0.8,0,0.93,10.0,106.4
90010,USDJPYm,BREAKOUT,BUY,2026.06.16 17:28:40,2026.06.16 17:30:40,2,160.431,160.42,-11.0,-6.86,0.0,0.0,SL_HIT,0.0,0.0,0.0,0,0.0,0.0,0.0,0.0,0,0.0,0.0,0,0,0,0,0.0,0,0.0,0.0,0,0.0,0.0,0.0,0.0,0.0,0.0,0.0,0.0,0.0,0,0,0.0,0,0,0.0,0.0,0,0.25,0.237,0.241,0.156,0.734,0.8,1,0.79,10.0,105.1
90012,USDJPYm,BREAKOUT_RETEST,BUY,2026.06.16 17:55:20,2026.06.16 17:58:40,3,160.433,160.431,-2.0,-1.25,0.0,0.0,SL_HIT,0.0,0.0,0.0,0,0.0,0.0,0.0,0.0,0,0.0,0.0,0,0,0,0,0.0,0,0.0,0.0,0,0.0,0.0,0.0,0.0,0.0,0.0,0.0,0.0,0.0,0,0,0.0,0,0,0.0,0.0,0,0.25,0.237,0.241,0.188,0.734,0.8,0,0.79,10.0,105.1
90014,USDJPYm,PULLBACK,BUY,2026.06.16 18:00:00,2026.06.16 18:00:40,0,160.44,160.431,-9.0,-5.61,0.0,0.0,SL_HIT,0.0,0.0,0.0,0,0.0,0.0,0.0,0.0,0,0.0,0.0,0,0,0,0,0.0,0,0.0,0.0,0,0.0,0.0,0.0,0.0,0.0,0.0,0.0,0.0,0.0,0,0,0.0,0,0,0.0,0.0,0,0.0,0.3,0.089,0.0,0.566,1.0,1,1.0,10.0,94.6
90015,USDJPYm,TREND_CONTINUATION,BUY,2026.06.16 18:00:20,2026.06.16 18:00:40,0,160.444,160.431,-13.0,-8.1,0.0,0.0,SL_HIT,0.0,0.0,0.0,0,0.0,0.0,0.0,0.0,0,0.0,0.0,0,0,0,0,0.0,0,0.0,0.0,0,0.0,0.0,0.0,0.0,0.0,0.0,0.0,0.0,0.0,0,0,0.0,0,0,0.0,0.0,0,0.0,0.3,0.089,0.0,0.566,1.0,1,1.0,10.0,94.6
90018,USDJPYm,BREAKOUT,BUY,2026.06.16 19:28:40,2026.06.16 19:29:40,1,160.42,160.406,-14.0,-8.73,0.0,0.0,SL_HIT,0.0,0.0,0.0,0,0.0,0.0,0.0,0.0,0,0.0,0.0,0,0,0,0,0.0,0,0.0,0.0,0,0.0,0.0,0.0,0.0,0.0,0.0,0.0,0.0,0.0,0,0,0.0,0,0,0.0,0.0,0,0.15,0.3,0.13,0.269,0.641,0.8,1,1.0,10.0,86.4
90020,USDJPYm,PULLBACK,BUY,2026.06.16 20:00:00,2026.06.16 20:00:40,0,160.471,160.458,-13.0,-8.1,0.0,0.0,SL_HIT,0.0,0.0,0.0,0,0.0,0.0,0.0,0.0,0,0.0,0.0,0,0,0,0,0.0,0,0.0,0.0,0,0.0,0.0,0.0,0.0,0.0,0.0,0.0,0.0,0.0,0,0,0.0,0,0,0.0,0.0,0,0.15,0.3,0.164,0.308,0.557,1.0,0,1.0,10.0,87.0
90021,USDJPYm,TREND_CONTINUATION,BUY,2026.06.16 20:00:20,2026.06.16 20:00:40,0,160.471,160.458,-13.0,-8.1,0.0,0.0,SL_HIT,0.0,0.0,0.0,0,0.0,0.0,0.0,0.0,0,0.0,0.0,0,0,0,0,0.0,0,0.0,0.0,0,0.0,0.0,0.0,0.0,0.0,0.0,0.0,0.0,0.0,0,0,0.0,0,0,0.0,0.0,0,0.15,0.3,0.164,0.308,0.557,1.0,0,1.0,10.0,87.0
90022,USDJPYm,ANCHORED_PULLBACK,BUY,2026.06.16 20:00:30,2026.06.16 20:01:40,1,160.471,160.457,-14.0,-8.73,0.0,0.0,SL_HIT,0.0,0.0,0.0,0,0.0,0.0,0.0,0.0,0,0.0,0.0,0,0,0,0,0.0,0,0.0,0.0,0,0.0,0.0,0.0,0.0,0.0,0.0,0.0,0.0,0.0,0,0,0.0,0,0,0.0,0.0,0,0.15,0.3,0.164,0.308,0.557,1.0,0,1.0,10.0,87.0
90026,USDJPYm,SWEEP_REVERSAL,BUY,2026.06.16 21:05:40,2026.06.16 21:06:00,0,160.361,160.38,19.0,11.84,0.0,0.0,TRAIL_STOP,0.0,0.0,0.0,0,0.0,0.0,0.0,0.0,0,0.0,0.0,0,0,0,0,0.0,0,0.0,0.0,0,0.0,0.0,0.0,0.0,0.0,0.0,0.0,0.0,0.0,0,0,0.0,0,0,0.0,0.0,0,0.25,0.247,0.231,0.394,0.736,1.0,0,0.825,144.0,79.0
90028,USDJPYm,ANCHORED_PULLBACK,BUY,2026.06.16 22:00:20,2026.06.16 22:01:20,1,160.413,160.433,20.0,12.47,0.0,0.0,TP_HIT,0.0,0.0,0.0,0,0.0,0.0,0.0,0.0,0,0.0,0.0,0,0,0,0,0.0,0,0.0,0.0,0,0.0,0.0,0.0,0.0,0.0,0.0,0.0,0.0,0.0,0,0,0.0,0,0,0.0,0.0,0,0.0,0.3,0.0,0.0,0.659,0.8,1,1.0,10.0,79.7
90030,USDJPYm,PULLBACK,BUY,2026.06.16 22:01:20,2026.06.16 22:01:40,0,160.444,160.431,-13.0,-8.1,0.0,0.0,SL_HIT,0.0,0.0,0.0,0,0.0,0.0,0.0,0.0,0,0.0,0.0,0,0,0,0,0.0,0,0.0,0.0,0,0.0,0.0,0.0,0.0,0.0,0.0,0.0,0.0,0.0,0,0,0.0,0,0,0.0,0.0,0,0.0,0.3,0.0,0.14,0.659,0.8,1,1.0,10.0,79.7
90031,USDJPYm,TREND_CONTINUATION,BUY,2026.06.16 22:01:30,2026.06.16 22:02:20,0,160.444,160.423,-21.0,-13.09,0.0,0.0,SL_HIT,0.0,0.0,0.0,0,0.0,0.0,0.0,0.0,0,0.0,0.0,0,0,0,0,0.0,0,0.0,0.0,0,0.0,0.0,0.0,0.0,0.0,0.0,0.0,0.0,0.0,0,0,0.0,0,0,0.0,0.0,0,0.0,0.3,0.0,0.14,0.659,0.8,1,1.0,10.0,79.7
90034,USDJPYm,BREAKOUT_RETEST,BUY,2026.06.16 23:00:40,2026.06.16 23:01:40,1,160.429,160.421,-8.0,-4.99,0.0,0.0,SL_HIT,0.0,0.0,0.0,0,0.0,0.0,0.0,0.0,0,0.0,0.0,0,0,0,0,0.0,0,0.0,0.0,0,0.0,0.0,0.0,0.0,0.0,0.0,0.0,0.0,0.0,0,0,0.0,0,0,0.0,0.0,0,0.25,0.247,0.088,0.164,0.761,1.0,1,0.825,10.0,75.2
90036,USDJPYm,MEAN_REVERSION,BUY,2026.06.16 23:06:00,2026.06.16 23:06:40,0,160.415,160.404,-11.0,-6.86,0.0,0.0,SL_HIT,0.0,0.0,0.0,0,0.0,0.0,0.0,0.0,0,0.0,0.0,0,0,0,0,0.0,0,0.0,0.0,0,0.0,0.0,0.0,0.0,0.0,0.0,0.0,0.0,0.0,0,0,0.0,0,0,0.0,0.0,0,0.25,0.247,0.088,0.322,0.761,1.0,1,0.825,10.0,75.2
90038,USDJPYm,BREAKOUT,BUY,2026.06.16 23:52:40,2026.06.16 23:55:59,3,160.427,160.431,4.0,2.49,0.0,0.0,TRAIL_STOP,0.0,0.0,0.0,0,0.0,0.0,0.0,0.0,0,0.0,0.0,0,0,0,0,0.0,0,0.0,0.0,0,0.0,0.0,0.0,0.0,0.0,0.0,0.0,0.0,0.0,0,0,0.0,0,0,0.0,0.0,0,0.25,0.247,0.088,0.309,0.761,1.0,1,0.825,10.0,75.2
90040,USDJPYm,PULLBACK,BUY,2026.06.17 00:01:20,2026.06.17 00:01:40,0,160.429,160.416,-13.0,-8.1,0.0,0.0,SL_HIT,0.0,0.0,0.0,0,0.0,0.0,0.0,0.0,0,0.0,0.0,0,0,0,0,0.0,0,0.0,0.0,0,0.0,0.0,0.0,0.0,0.0,0.0,0.0,0.0,0.0,0,0,0.0,0,0,0.0,0.0,0,0.25,0.247,0.088,0.226,0.593,0.8,1,0.825,10.0,74.5
90041,USDJPYm,TREND_CONTINUATION,BUY,2026.06.17 00:01:30,2026.06.17 00:03:40,2,160.429,160.416,-13.0,-8.1,0.0,0.0,SL_HIT,0.0,0.0,0.0,0,0.0,0.0,0.0,0.0,0,0.0,0.0,0,0,0,0,0.0,0,0.0,0.0,0,0.0,0.0,0.0,0.0,0.0,0.0,0.0,0.0,0.0,0,0,0.0,0,0,0.0,0.0,0,0.25,0.247,0.088,0.226,0.593,0.8,1,0.825,10.0,74.5
90044,USDJPYm,SWEEP_REVERSAL,BUY,2026.06.17 00:40:40,2026.06.17 00:57:40,17,160.365,160.357,-8.0,-4.99,0.0,0.0,SL_HIT,0.0,0.0,0.0,0,0.0,0.0,0.0,0.0,0,0.0,0.0,0,0,0,0,0.0,0,0.0,0.0,0,0.0,0.0,0.0,0.0,0.0,0.0,0.0,0.0,0.0,0,0,0.0,0,0,0.0,0.0,0,0.25,0.247,0.088,0.325,0.593,0.8,0,0.825,10.0,74.5
90046,USDJPYm,MEAN_REVERSION,BUY,2026.06.17 01:06:00,2026.06.17 01:40:20,34,160.347,160.326,-21.0,-13.1,0.0,0.0,SL_HIT,0.0,0.0,0.0,0,0.0,0.0,0.0,0.0,0,0.0,0.0,0,0,0,0,0.0,0,0.0,0.0,0,0.0,0.0,0.0,0.0,0.0,0.0,0.0,0.0,0.0,0,0,0.0,0,0,0.0,0.0,0,0.25,0.188,0.088,0.366,0.671,0.901,0,0.6259,10.0,75.2
90048,USDJPYm,SWEEP_REVERSAL,BUY,2026.06.17 02:40:40,2026.06.17 02:41:40,1,160.347,160.335,-12.0,-7.48,0.0,0.0,SL_HIT,0.0,0.0,0.0,0,0.0,0.0,0.0,0.0,0,0.0,0.0,0,0,0,0,0.0,0,0.0,0.0,0,0.0,0.0,0.0,0.0,0.0,0.0,0.0,0.0,0.0,0,0,0.0,0,0,0.0,0.0,0,0.15,0.15,0.053,0.158,0.615,0.396,0,-0.4993,10.0,74.8
90050,USDJPYm,MEAN_REVERSION,BUY,2026.06.17 03:06:00,2026.06.17 03:06:40,0,160.332,160.319,-13.0,-8.11,0.0,0.0,SL_HIT,0.0,0.0,0.0,0,0.0,0.0,0.0,0.0,0,0.0,0.0,0,0,0,0,0.0,0,0.0,0.0,0,0.0,0.0,0.0,0.0,0.0,0.0,0.0,0.0,0.0,0,0,0.0,0,0,0.0,0.0,0,0.15,0.216,0.053,0.297,0.58,0.75,0,-0.72,10.0,73.5
90052,USDJPYm,SWEEP_REVERSAL,BUY,2026.06.17 04:43:40,2026.06.17 04:44:20,0,160.275,160.264,-11.0,-6.86,0.0,0.0,SL_HIT,0.0,0.0,0.0,0,0.0,0.0,0.0,0.0,0,0.0,0.0,0,0,0,0,0.0,0,0.0,0.0,0,0.0,0.0,0.0,0.0,0.0,0.0,0.0,0.0,0.0,0,0,0.0,0,0,0.0,0.0,0,0.0,0.226,0.0,0.252,0.686,0.55,0,-0.755,10.0,70.3
90054,USDJPYm,MEAN_REVERSION,BUY,2026.06.17 05:06:00,2026.06.17 05:06:40,0,160.289,160.278,-11.0,-6.86,0.0,0.0,SL_HIT,0.0,0.0,0.0,0,0.0,0.0,0.0,0.0,0,0.0,0.0,0,0,0,0,0.0,0,0.0,0.0,0,0.0,0.0,0.0,0.0,0.0,0.0,0.0,0.0,0.0,0,0,0.0,0,0,0.0,0.0,0,0.15,0.237,0.053,0.298,0.757,0.9,0,-0.79,10.0,68.6
90056,USDJPYm,ANCHORED_PULLBACK,BUY,2026.06.17 06:00:00,2026.06.17 06:00:40,0,160.331,160.33,-1.0,-0.62,0.0,0.0,SL_HIT,0.0,0.0,0.0,0,0.0,0.0,0.0,0.0,0,0.0,0.0,0,0,0,0,0.0,0,0.0,0.0,0,0.0,0.0,0.0,0.0,0.0,0.0,0.0,0.0,0.0,0,0,0.0,0,0,0.0,0.0,0,0.15,0.247,0.053,0.341,0.691,0.65,1,-0.825,10.0,64.7
90058,USDJPYm,SWEEP_REVERSAL,BUY,2026.06.17 06:44:40,2026.06.17 07:27:40,43,160.275,160.27,-5.0,-3.12,0.0,0.0,SL_HIT,0.0,0.0,0.0,0,0.0,0.0,0.0,0.0,0,0.0,0.0,0,0,0,0,0.0,0,0.0,0.0,0,0.0,0.0,0.0,0.0,0.0,0.0,0.0,0.0,0.0,0,0,0.0,0,0,0.0,0.0,0,0.15,0.258,0.158,0.189,0.724,1.0,1,-0.86,10.0,65.8
90059,USDJPYm,MEAN_REVERSION,BUY,2026.06.17 07:24:40,2026.06.17 07:27:40,3,160.276,160.27,-6.0,-3.74,0.0,0.0,SL_HIT,0.0,0.0,0.0,0,0.0,0.0,0.0,0.0,0,0.0,0.0,0,0,0,0,0.0,0,0.0,0.0,0,0.0,0.0,0.0,0.0,0.0,0.0,0.0,0.0,0.0,0,0,0.0,0,0,0.0,0.0,0,0.15,0.258,0.158,0.189,0.724,1.0,1,-0.86,10.0,65.8
90062,USDJPYm,SWEEP_REVERSAL,BUY,2026.06.17 08:44:40,2026.06.17 08:52:20,7,160.159,160.178,19.0,11.86,0.0,0.0,TRAIL_STOP,0.0,0.0,0.0,0,0.0,0.0,0.0,0.0,0,0.0,0.0,0,0,0,0,0.0,0,0.0,0.0,0,0.0,0.0,0.0,0.0,0.0,0.0,0.0,0.0,0.0,0,0,0.0,0,0,0.0,0.0,0,0.15,0.269,0.053,0.348,0.757,1.0,0,-0.895,10.0,70.6
90064,USDJPYm,MEAN_REVERSION,BUY,2026.06.17 10:05:40,2026.06.17 10:07:59,2,160.186,160.187,1.0,0.62,0.0,0.0,TRAIL_STOP,0.0,0.0,0.0,0,0.0,0.0,0.0,0.0,0,0.0,0.0,0,0,0,0,0.0,0,0.0,0.0,0,0.0,0.0,0.0,0.0,0.0,0.0,0.0,0.0,0.0,0,0,0.0,0,0,0.0,0.0,0,0.0,0.29,0.148,0.004,0.605,1.0,1,-0.965,10.0,76.4
90066,USDJPYm,ANCHORED_PULLBACK,BUY,2026.06.17 12:16:40,2026.06.17 12:20:40,4,160.312,160.292,-20.0,-12.48,0.0,0.0,SL_HIT,0.0,0.0,0.0,0,0.0,0.0,0.0,0.0,0,0.0,0.0,0,0,0,0,0.0,0,0.0,0.0,0,0.0,0.0,0.0,0.0,0.0,0.0,0.0,0.0,0.0,0,0,0.0,0,0,0.0,0.0,0,0.4,0.247,0.14,0.389,0.705,1.0,0,-0.825,10.0,74.6
90068,USDJPYm,SWEEP_REVERSAL,BUY,2026.06.17 13:55:40,2026.06.17 13:57:40,2,160.193,160.197,4.0,2.5,0.0,0.0,TRAIL_STOP,0.0,0.0,0.0,0,0.0,0.0,0.0,0.0,0,0.0,0.0,0,0,0,0,0.0,0,0.0,0.0,0,0.0,0.0,0.0,0.0,0.0,0.0,0.0,0.0,0.0,0,0,0.0,0,0,0.0,0.0,0,0.4,0.247,0.14,0.211,0.545,1.0,0,-0.825,10.0,77.8
90070,USDJPYm,MEAN_REVERSION,BUY,2026.06.17 14:05:40,2026.06.17 14:12:40,7,160.218,160.233,15.0,9.36,0.0,0.0,TRAIL_STOP,0.0,0.0,0.0,0,0.0,0.0,0.0,0.0,0,0.0,0.0,0,0,0,0,0.0,0,0.0,0.0,0,0.0,0.0,0.0,0.0,0.0,0.0,0.0,0.0,0.0,0,0,0.0,0,0,0.0,0.0,0,0.15,0.3,0.134,0.257,0.697,1.0,0,-1.0,10.0,82.5
90072,USDJPYm,MEAN_REVERSION,BUY,2026.06.17 16:05:40,2026.06.17 16:06:40,1,160.217,160.208,-9.0,-5.62,0.0,0.0,SL_HIT,0.0,0.0,0.0,0,0.0,0.0,0.0,0.0,0,0.0,0.0,0,0,0,0,0.0,0,0.0,0.0,0,0.0,0.0,0.0,0.0,0.0,0.0,0.0,0.0,0.0,0,0,0.0,0,0,0.0,0.0,0,0.0,0.0,0.164,0.259,0.879,0.193,0,0.0,10.0,94.1
90074,USDJPYm,SWEEP_REVERSAL,BUY,2026.06.17 16:55:40,2026.06.17 16:56:59,1,160.203,160.202,-1.0,-0.62,0.0,0.0,SL_HIT,0.0,0.0,0.0,0,0.0,0.0,0.0,0.0,0,0.0,0.0,0,0,0,0,0.0,0,0.0,0.0,0,0.0,0.0,0.0,0.0,0.0,0.0,0.0,0.0,0.0,0,0,0.0,0,0,0.0,0.0,0,0.0,0.0,0.164,0.259,0.879,0.193,0,0.0,10.0,94.1
90076,USDJPYm,BREAKOUT,BUY,2026.06.17 20:00:00,2026.06.17 20:00:40,0,160.728,160.72,-8.0,-4.98,0.0,0.0,SL_HIT,0.0,0.0,0.0,0,0.0,0.0,0.0,0.0,0,0.0,0.0,0,0,0,0,0.0,0,0.0,0.0,0,0.0,0.0,0.0,0.0,0.0,0.0,0.0,0.0,0.0,0,0,0.0,0,0,0.0,0.0,0,0.25,0.164,0.203,0.341,0.43,0.75,0,0.545,10.0,129.7
90077,USDJPYm,ANCHORED_PULLBACK,BUY,2026.06.17 20:00:20,2026.06.17 20:00:40,0,160.735,160.72,-15.0,-9.33,0.0,0.0,SL_HIT,0.0,0.0,0.0,0,0.0,0.0,0.0,0.0,0,0.0,0.0,0,0,0,0,0.0,0,0.0,0.0,0,0.0,0.0,0.0,0.0,0.0,0.0,0.0,0.0,0.0,0,0,0.0,0,0,0.0,0.0,0,0.25,0.164,0.203,0.341,0.43,0.75,0,0.545,10.0,129.7
90080,USDJPYm,PULLBACK,BUY,2026.06.17 20:00:40,2026.06.17 20:02:40,2,160.721,160.726,5.0,3.11,0.0,0.0,TRAIL_STOP,0.0,0.0,0.0,0,0.0,0.0,0.0,0.0,0,0.0,0.0,0,0,0,0,0.0,0,0.0,0.0,0,0.0,0.0,0.0,0.0,0.0,0.0,0.0,0.0,0.0,0,0,0.0,0,0,0.0,0.0,0,0.25,0.164,0.203,0.364,0.43,0.75,0,0.545,10.0,129.7
90081,USDJPYm,TREND_CONTINUATION,BUY,2026.06.17 20:00:59,2026.06.17 20:02:40,1,160.728,160.726,-2.0,-1.24,0.0,0.0,SL_HIT,0.0,0.0,0.0,0,0.0,0.0,0.0,0.0,0,0.0,0.0,0,0,0,0,0.0,0,0.0,0.0,0,0.0,0.0,0.0,0.0,0.0,0.0,0.0,0.0,0.0,0,0,0.0,0,0,0.0,0.0,0,0.25,0.164,0.203,0.364,0.43,0.75,0,0.545,10.0,129.7
90084,USDJPYm,BREAKOUT,BUY,2026.06.17 22:00:20,2026.06.17 22:00:59,0,160.574,160.606,32.0,19.92,0.0,0.0,TRAIL_STOP,0.0,0.0,0.0,0,0.0,0.0,0.0,0.0,0,0.0,0.0,0,0,0,0,0.0,0,0.0,0.0,0,0.0,0.0,0.0,0.0,0.0,0.0,0.0,0.0,0.0,0,0,0.0,0,0,0.0,0.0,0,0.4,0.185,0.192,0.376,0.599,0.6,1,0.615,18.0,144.1
90085,USDJPYm,ANCHORED_PULLBACK,BUY,2026.06.17 22:00:30,2026.06.17 22:00:59,0,160.574,160.606,32.0,19.92,0.0,0.0,TRAIL_STOP,0.0,0.0,0.0,0,0.0,0.0,0.0,0.0,0,0.0,0.0,0,0,0,0,0.0,0,0.0,0.0,0,0.0,0.0,0.0,0.0,0.0,0.0,0.0,0.0,0.0,0,0,0.0,0,0,0.0,0.0,0,0.4,0.185,0.192,0.376,0.599,0.6,1,0.615,18.0,144.1
90086,USDJPYm,PULLBACK,BUY,2026.06.17 22:00:40,2026.06.17 22:01:59,1,160.629,160.616,-13.0,-8.09,0.0,0.0,SL_HIT,0.0,0.0,0.0,0,0.0,0.0,0.0,0.0,0,0.0,0.0,0,0,0,0,0.0,0,0.0,0.0,0,0.0,0.0,0.0,0.0,0.0,0.0,0.0,0.0,0.0,0,0,0.0,0,0,0.0,0.0,0,0.4,0.185,0.192,0.42,0.599,0.6,1,0.615,30.0,144.1
90089,USDJPYm,TREND_CONTINUATION,BUY,2026.06.17 22:01:40,2026.06.17 22:02:00,0,160.651,160.603,-48.0,-29.89,0.0,0.0,SL_HIT,0.0,0.0,0.0,0,0.0,0.0,0.0,0.0,0,0.0,0.0,0,0,0,0,0.0,0,0.0,0.0,0,0.0,0.0,0.0,0.0,0.0,0.0,0.0,0.0,0.0,0,0,0.0,0,0,0.0,0.0,0,0.4,0.185,0.192,0.376,0.599,0.6,1,0.615,30.0,144.1
90092,USDJPYm,BREAKOUT_RETEST,BUY,2026.06.17 23:00:40,2026.06.17 23:07:40,7,160.612,160.601,-11.0,-6.85,0.0,0.0,SL_HIT,0.0,0.0,0.0,0,0.0,0.0,0.0,0.0,0,0.0,0.0,0,0,0,0,0.0,0,0.0,0.0,0,0.0,0.0,0.0,0.0,0.0,0.0,0.0,0.0,0.0,0,0,0.0,0,0,0.0,0.0,0,0.25,0.195,0.182,0.13,0.61,0.65,1,0.65,10.0,140.1
90094,USDJPYm,SWEEP_REVERSAL,BUY,2026.06.17 23:13:40,2026.06.17 23:14:40,1,160.573,160.559,-14.0,-8.72,0.0,0.0,SL_HIT,0.0,0.0,0.0,0,0.0,0.0,0.0,0.0,0,0.0,0.0,0,0,0,0,0.0,0,0.0,0.0,0,0.0,0.0,0.0,0.0,0.0,0.0,0.0,0.0,0.0,0,0,0.0,0,0,0.0,0.0,0,0.25,0.195,0.182,0.237,0.61,0.65,0,0.65,10.0,140.1
90096,USDJPYm,BREAKOUT,BUY,2026.06.18 00:00:20,2026.06.18 00:00:40,0,160.613,160.598,-15.0,-9.34,0.0,0.0,SL_HIT,0.0,0.0,0.0,0,0.0,0.0,0.0,0.0,0,0.0,0.0,0,0,0,0,0.0,0,0.0,0.0,0,0.0,0.0,0.0,0.0,0.0,0.0,0.0,0.0,0.0,0,0,0.0,0,0,0.0,0.0,0,0.25,0.206,0.209,0.277,0.673,0.7,1,0.685,10.0,141.4
90098,USDJPYm,MEAN_REVERSION,BUY,2026.06.18 00:05:40,2026.06.18 00:30:40,25,160.589,160.631,42.0,26.15,0.0,0.0,TRAIL_STOP,0.0,0.0,0.0,0,0.0,0.0,0.0,0.0,0,0.0,0.0,0,0,0,0,0.0,0,0.0,0.0,0,0.0,0.0,0.0,0.0,0.0,0.0,0.0,0.0,0.0,0,0,0.0,0,0,0.0,0.0,0,0.25,0.206,0.209,0.362,0.673,0.7,1,0.685,10.0,141.4
90099,USDJPYm,PULLBACK,BUY,2026.06.18 00:08:40,2026.06.18 00:30:40,22,160.596,160.631,35.0,21.79,0.0,0.0,TRAIL_STOP,0.0,0.0,0.0,0,0.0,0.0,0.0,0.0,0,0.0,0.0,0,0,0,0,0.0,0,0.0,0.0,0,0.0,0.0,0.0,0.0,0.0,0.0,0.0,0.0,0.0,0,0,0.0,0,0,0.0,0.0,0,0.25,0.206,0.209,0.362,0.673,0.7,1,0.685,10.0,141.4
90100,USDJPYm,TREND_CONTINUATION,BUY,2026.06.18 00:09:40,2026.06.18 00:30:40,21,160.6,160.631,31.0,19.3,0.0,0.0,TRAIL_STOP,0.0,0.0,0.0,0,0.0,0.0,0.0,0.0,0,0.0,0.0,0,0,0,0,0.0,0,0.0,0.0,0,0.0,0.0,0.0,0.0,0.0,0.0,0.0,0.0,0.0,0,0,0.0,0,0,0.0,0.0,0,0.25,0.206,0.209,0.362,0.673,0.7,1,0.685,10.0,141.4
90104,USDJPYm,ANCHORED_PULLBACK,BUY,2026.06.18 01:00:00,2026.06.18 01:02:20,2,160.704,160.671,-33.0,-20.54,0.0,0.0,SL_HIT,0.0,0.0,0.0,0,0.0,0.0,0.0,0.0,0,0.0,0.0,0,0,0,0,0.0,0,0.0,0.0,0,0.0,0.0,0.0,0.0,0.0,0.0,0.0,0.0,0.0,0,0,0.0,0,0,0.0,0.0,0,0.0,0.269,0.079,0.244,0.712,0.75,0,0.895,10.0,152.3
90106,USDJPYm,BREAKOUT_RETEST,BUY,2026.06.18 01:30:40,2026.06.18 01:33:40,3,160.649,160.648,-1.0,-0.62,0.0,0.0,SL_HIT,0.0,0.0,0.0,0,0.0,0.0,0.0,0.0,0,0.0,0.0,0,0,0,0,0.0,0,0.0,0.0,0,0.0,0.0,0.0,0.0,0.0,0.0,0.0,0.0,0.0,0,0,0.0,0,0,0.0,0.0,0,0.0,0.269,0.079,0.26,0.712,0.75,0,0.895,10.0,152.3
90108,USDJPYm,BREAKOUT,BUY,2026.06.18 02:08:40,2026.06.18 02:10:40,2,160.66,160.657,-3.0,-1.87,0.0,0.0,SL_HIT,0.0,0.0,0.0,0,0.0,0.0,0.0,0.0,0,0.0,0.0,0,0,0,0,0.0,0,0.0,0.0,0,0.0,0.0,0.0,0.0,0.0,0.0,0.0,0.0,0.0,0,0,0.0,0,0,0.0,0.0,0,0.0,0.279,0.113,0.177,0.629,0.8,1,0.93,10.0,150.0
90109,USDJPYm,PULLBACK,BUY,2026.06.18 02:08:59,2026.06.18 02:10:40,1,160.659,160.657,-2.0,-1.24,0.0,0.0,SL_HIT,0.0,0.0,0.0,0,0.0,0.0,0.0,0.0,0,0.0,0.0,0,0,0,0,0.0,0,0.0,0.0,0,0.0,0.0,0.0,0.0,0.0,0.0,0.0,0.0,0.0,0,0,0.0,0,0,0.0,0.0,0,0.0,0.279,0.113,0.177,0.629,0.8,1,0.93,10.0,150.0
90110,USDJPYm,TREND_CONTINUATION,BUY,2026.06.18 02:09:40,2026.06.18 02:10:40,1,160.672,160.656,-16.0,-9.96,0.0,0.0,SL_HIT,0.0,0.0,0.0,0,0.0,0.0,0.0,0.0,0,0.0,0.0,0,0,0,0,0.0,0,0.0,0.0,0,0.0,0.0,0.0,0.0,0.0,0.0,0.0,0.0,0.0,0,0,0.0,0,0,0.0,0.0,0,0.0,0.279,0.113,0.177,0.629,0.8,1,0.93,10.0,150.0
90114,USDJPYm,MEAN_REVERSION,BUY,2026.06.18 02:43:40,2026.06.18 02:44:40,1,160.585,160.579,-6.0,-3.74,0.0,0.0,SL_HIT,0.0,0.0,0.0,0,0.0,0.0,0.0,0.0,0,0.0,0.0,0,0,0,0,0.0,0,0.0,0.0,0,0.0,0.0,0.0,0.0,0.0,0.0,0.0,0.0,0.0,0,0,0.0,0,0,0.0,0.0,0,0.0,0.279,0.113,0.202,0.629,0.8,0,0.93,10.0,150.0
90116,USDJPYm,SWEEP_REVERSAL,BUY,2026.06.18 02:53:20,2026.06.18 02:55:40,2,160.568,160.579,11.0,6.85,0.0,0.0,TRAIL_STOP,0.0,0.0,0.0,0,0.0,0.0,0.0,0.0,0,0.0,0.0,0,0,0,0,0.0,0,0.0,0.0,0,0.0,0.0,0.0,0.0,0.0,0.0,0.0,0.0,0.0,0,0,0.0,0,0,0.0,0.0,0,0.0,0.279,0.113,0.05,0.629,0.8,1,0.93,10.0,150.0
90118,USDJPYm,BREAKOUT_RETEST,BUY,2026.06.18 03:30:40,2026.06.18 03:31:40,1,160.594,160.579,-15.0,-9.34,0.0,0.0,SL_HIT,0.0,0.0,0.0,0,0.0,0.0,0.0,0.0,0,0.0,0.0,0,0,0,0,0.0,0,0.0,0.0,0,0.0,0.0,0.0,0.0,0.0,0.0,0.0,0.0,0.0,0,0,0.0,0,0,0.0,0.0,0,0.4,0.237,0.275,0.337,0.758,0.8,0,0.79,10.0,151.0
90120,USDJPYm,BREAKOUT,BUY,2026.06.18 04:19:40,2026.06.18 04:21:40,2,160.621,160.603,-18.0,-11.21,0.0,0.0,SL_HIT,0.0,0.0,0.0,0,0.0,0.0,0.0,0.0,0,0.0,0.0,0,0,0,0,0.0,0,0.0,0.0,0,0.0,0.0,0.0,0.0,0.0,0.0,0.0,0.0,0.0,0,0,0.0,0,0,0.0,0.0,0,0.4,0.247,0.262,0.335,0.599,0.8,1,0.825,10.0,146.3
90122,USDJPYm,PULLBACK,BUY,2026.06.18 04:24:40,2026.06.18 04:26:40,2,160.623,160.614,-9.0,-5.6,0.0,0.0,SL_HIT,0.0,0.0,0.0,0,0.0,0.0,0.0,0.0,0,0.0,0.0,0,0,0,0,0.0,0,0.0,0.0,0,0.0,0.0,0.0,0.0,0.0,0.0,0.0,0.0,0.0,0,0,0.0,0,0,0.0,0.0,0,0.4,0.247,0.262,0.375,0.599,0.8,1,0.825,10.0,146.3
90123,USDJPYm,TREND_CONTINUATION,BUY,2026.06.18 04:24:59,2026.06.18 04:26:40,1,160.623,160.614,-9.0,-5.6,0.0,0.0,SL_HIT,0.0,0.0,0.0,0,0.0,0.0,0.0,0.0,0,0.0,0.0,0,0,0,0,0.0,0,0.0,0.0,0,0.0,0.0,0.0,0.0,0.0,0.0,0.0,0.0,0.0,0,0,0.0,0,0,0.0,0.0,0,0.4,0.247,0.262,0.375,0.599,0.8,1,0.825,10.0,146.3
90126,USDJPYm,BREAKOUT_RETEST,BUY,2026.06.18 05:30:40,2026.06.18 05:31:40,1,160.622,160.61,-12.0,-7.47,0.0,0.0,SL_HIT,0.0,0.0,0.0,0,0.0,0.0,0.0,0.0,0,0.0,0.0,0,0,0,0,0.0,0,0.0,0.0,0,0.0,0.0,0.0,0.0,0.0,0.0,0.0,0.0,0.0,0,0,0.0,0,0,0.0,0.0,0,0.4,0.167,0.14,0.25,0.663,0.532,1,0.5569,10.0,138.6
90128,USDJPYm,ANCHORED_PULLBACK,BUY,2026.06.18 11:00:00,2026.06.18 11:00:40,0,160.928,160.917,-11.0,-6.84,0.0,0.0,SL_HIT,0.0,0.0,0.0,0,0.0,0.0,0.0,0.0,0,0.0,0.0,0,0,0,0,0.0,0,0.0,0.0,0,0.0,0.0,0.0,0.0,0.0,0.0,0.0,0.0,0.0,0,0,0.0,0,0,0.0,0.0,0,0.15,0.216,0.142,0.338,0.554,0.75,0,0.72,10.0,132.4
90130,USDJPYm,BREAKOUT,BUY,2026.06.18 11:02:40,2026.06.18 11:03:59,1,160.945,160.937,-8.0,-4.97,0.0,0.0,SL_HIT,0.0,0.0,0.0,0,0.0,0.0,0.0,0.0,0,0.0,0.0,0,0,0,0,0.0,0,0.0,0.0,0,0.0,0.0,0.0,0.0,0.0,0.0,0.0,0.0,0.0,0,0,0.0,0,0,0.0,0.0,0,0.15,0.216,0.142,0.312,0.554,0.75,0,0.72,10.0,132.4
90131,USDJPYm,PULLBACK,BUY,2026.06.18 11:03:40,2026.06.18 11:05:40,2,160.952,160.937,-15.0,-9.32,0.0,0.0,SL_HIT,0.0,0.0,0.0,0,0.0,0.0,0.0,0.0,0,0.0,0.0,0,0,0,0,0.0,0,0.0,0.0,0,0.0,0.0,0.0,0.0,0.0,0.0,0.0,0.0,0.0,0,0,0.0,0,0,0.0,0.0,0,0.15,0.216,0.142,0.312,0.554,0.75,0,0.72,10.0,132.4
90134,USDJPYm,TREND_CONTINUATION,BUY,2026.06.18 11:56:40,2026.06.18 11:58:59,2,160.918,160.921,3.0,1.86,0.0,0.0,TRAIL_STOP,0.0,0.0,0.0,0,0.0,0.0,0.0,0.0,0,0.0,0.0,0,0,0,0,0.0,0,0.0,0.0,0,0.0,0.0,0.0,0.0,0.0,0.0,0.0,0.0,0.0,0,0,0.0,0,0,0.0,0.0,0,0.15,0.216,0.142,0.338,0.554,0.75,0,0.72,10.0,132.4
90136,USDJPYm,BREAKOUT_RETEST,BUY,2026.06.18 13:00:00,2026.06.18 13:11:40,11,160.879,160.879,0.0,0.0,0.0,0.0,TRAIL_STOP,0.0,0.0,0.0,0,0.0,0.0,0.0,0.0,0,0.0,0.0,0,0,0,0,0.0,0,0.0,0.0,0,0.0,0.0,0.0,0.0,0.0,0.0,0.0,0.0,0.0,0,0,0.0,0,0,0.0,0.0,0,0.25,0.185,0.088,0.203,0.622,0.6,1,0.615,10.0,124.6
90137,USDJPYm,BREAKOUT,BUY,2026.06.18 13:03:40,2026.06.18 14:00:40,57,160.93,160.876,-54.0,-33.57,0.0,0.0,SL_HIT,0.0,0.0,0.0,0,0.0,0.0,0.0,0.0,0,0.0,0.0,0,0,0,0,0.0,0,0.0,0.0,0,0.0,0.0,0.0,0.0,0.0,0.0,0.0,0.0,0.0,0,0,0.0,0,0,0.0,0.0,0,0.25,0.195,0.193,0.146,0.7,0.65,1,0.65,10.0,127.9
90138,USDJPYm,PULLBACK,BUY,2026.06.18 13:03:59,2026.06.18 14:00:40,56,160.922,160.876,-46.0,-28.59,0.0,0.0,SL_HIT,0.0,0.0,0.0,0,0.0,0.0,0.0,0.0,0,0.0,0.0,0,0,0,0,0.0,0,0.0,0.0,0,0.0,0.0,0.0,0.0,0.0,0.0,0.0,0.0,0.0,0,0,0.0,0,0,0.0,0.0,0,0.25,0.195,0.193,0.146,0.7,0.65,1,0.65,10.0,127.9
90140,USDJPYm,ANCHORED_PULLBACK,BUY,2026.06.18 14:00:00,2026.06.18 14:01:20,1,160.891,160.87,-21.0,-13.05,0.0,0.0,SL_HIT,0.0,0.0,0.0,0,0.0,0.0,0.0,0.0,0,0.0,0.0,0,0,0,0,0.0,0,0.0,0.0,0,0.0,0.0,0.0,0.0,0.0,0.0,0.0,0.0,0.0,0,0,0.0,0,0,0.0,0.0,0,0.25,0.195,0.193,0.146,0.7,0.65,1,0.65,10.0,127.9
90141,USDJPYm,TREND_CONTINUATION,BUY,2026.06.18 14:00:20,2026.06.18 14:01:20,1,160.92,160.87,-50.0,-31.08,0.0,0.0,SL_HIT,0.0,0.0,0.0,0,0.0,0.0,0.0,0.0,0,0.0,0.0,0,0,0,0,0.0,0,0.0,0.0,0,0.0,0.0,0.0,0.0,0.0,0.0,0.0,0.0,0.0,0,0,0.0,0,0,0.0,0.0,0,0.25,0.195,0.193,0.146,0.7,0.65,1,0.65,10.0,127.9
90146,USDJPYm,SWEEP_REVERSAL,BUY,2026.06.18 14:23:40,2026.06.18 14:24:20,0,160.853,160.849,-4.0,-2.49,0.0,0.0,SL_HIT,0.0,0.0,0.0,0,0.0,0.0,0.0,0.0,0,0.0,0.0,0,0,0,0,0.0,0,0.0,0.0,0,0.0,0.0,0.0,0.0,0.0,0.0,0.0,0.0,0.0,0,0,0.0,0,0,0.0,0.0,0,0.25,0.195,0.193,0.279,0.7,0.65,0,0.65,10.0,127.9
90148,USDJPYm,BREAKOUT_RETEST,BUY,2026.06.18 15:00:00,2026.06.18 15:00:40,0,160.863,160.855,-8.0,-4.97,0.0,0.0,SL_HIT,0.0,0.0,0.0,0,0.0,0.0,0.0,0.0,0,0.0,0.0,0,0,0,0,0.0,0,0.0,0.0,0,0.0,0.0,0.0,0.0,0.0,0.0,0.0,0.0,0.0,0,0,0.0,0,0,0.0,0.0,0,0.4,0.206,0.312,0.361,0.786,1.0,1,0.685,10.0,117.9
90150,USDJPYm,BREAKOUT,BUY,2026.06.18 15:14:40,2026.06.18 15:15:40,1,160.9,160.885,-15.0,-9.32,0.0,0.0,SL_HIT,0.0,0.0,0.0,0,0.0,0.0,0.0,0.0,0,0.0,0.0,0,0,0,0,0.0,0,0.0,0.0,0,0.0,0.0,0.0,0.0,0.0,0.0,0.0,0.0,0.0,0,0,0.0,0,0,0.0,0.0,0,0.4,0.206,0.312,0.18,0.786,1.0,1,0.685,10.0,117.9
90151,USDJPYm,PULLBACK,BUY,2026.06.18 15:14:59,2026.06.18 15:15:40,0,160.899,160.885,-14.0,-8.7,0.0,0.0,SL_HIT,0.0,0.0,0.0,0,0.0,0.0,0.0,0.0,0,0.0,0.0,0,0,0,0,0.0,0,0.0,0.0,0,0.0,0.0,0.0,0.0,0.0,0.0,0.0,0.0,0.0,0,0,0.0,0,0,0.0,0.0,0,0.4,0.206,0.312,0.18,0.786,1.0,1,0.685,10.0,117.9
90154,USDJPYm,TREND_CONTINUATION,BUY,2026.06.18 16:01:40,2026.06.18 16:25:40,24,161.296,161.296,0.0,0.0,0.0,0.0,TRAIL_STOP,0.0,0.0,0.0,0,0.0,0.0,0.0,0.0,0,0.0,0.0,0,0,0,0,0.0,0,0.0,0.0,0,0.0,0.0,0.0,0.0,0.0,0.0,0.0,0.0,0.0,0,0,0.0,0,0,0.0,0.0,0,0.15,0.269,0.202,0.358,0.695,1.0,0,0.895,10.0,150.1
90156,USDJPYm,ANCHORED_PULLBACK,BUY,2026.06.18 17:02:40,2026.06.18 17:04:40,2,161.411,161.435,24.0,14.87,0.0,0.0,TRAIL_STOP,0.0,0.0,0.0,0,0.0,0.0,0.0,0.0,0,0.0,0.0,0,0,0,0,0.0,0,0.0,0.0,0,0.0,0.0,0.0,0.0,0.0,0.0,0.0,0.0,0.0,0,0,0.0,0,0,0.0,0.0,3,0.0,0.679,0.0,0.281,0.397,1.0,0,0.93,10.0,160.7
90158,USDJPYm,BREAKOUT,BUY,2026.06.18 17:14:40,2026.06.18 17:15:40,1,161.417,161.402,-15.0,-9.3,0.0,0.0,SL_HIT,0.0,0.0,0.0,0,0.0,0.0,0.0,0.0,0,0.0,0.0,0,0,0,0,0.0,0,0.0,0.0,0,0.0,0.0,0.0,0.0,0.0,0.0,0.0,0.0,0.0,0,0,0.0,0,0,0.0,0.0,3,0.0,0.679,0.0,0.26,0.397,1.0,0,0.93,10.0,160.7
90159,USDJPYm,PULLBACK,BUY,2026.06.18 17:14:59,2026.06.18 17:15:40,0,161.418,161.402,-16.0,-9.92,0.0,0.0,SL_HIT,0.0,0.0,0.0,0,0.0,0.0,0.0,0.0,0,0.0,0.0,0,0,0,0,0.0,0,0.0,0.0,0,0.0,0.0,0.0,0.0,0.0,0.0,0.0,0.0,0.0,0,0,0.0,0,0,0.0,0.0,3,0.0,0.679,0.0,0.26,0.397,1.0,0,0.93,10.0,160.7
90162,USDJPYm,TREND_CONTINUATION,BUY,2026.06.18 18:01:40,2026.06.18 18:04:40,3,161.457,161.443,-14.0,-8.67,0.0,0.0,SL_HIT,0.0,0.0,0.0,0,0.0,0.0,0.0,0.0,0,0.0,0.0,0,0,0,0,0.0,0,0.0,0.0,0,0.0,0.0,0.0,0.0,0.0,0.0,0.0,0.0,0.0,0,0,0.0,0,0,0.0,0.0,3,0.0,0.69,0.0,0.183,0.355,1.0,0,0.965,10.0,165.9
90164,USDJPYm,ANCHORED_PULLBACK,BUY,2026.06.18 19:05:20,2026.06.18 19:30:40,25,161.756,161.663,-93.0,-57.8,0.0,0.0,SL_HIT,0.0,0.0,0.0,0,0.0,0.0,0.0,0.0,0,0.0,0.0,0,0,0,0,0.0,0,0.0,0.0,0,0.0,0.0,0.0,0.0,0.0,0.0,0.0,0.0,0.0,0,0,0.0,0,0,0.0,0.0,0,0.0,0.3,0.0,0.268,0.545,1.0,0,1.0,10.0,182.9
90165,USDJPYm,BREAKOUT,BUY,2026.06.18 19:14:40,2026.06.18 19:30:40,16,161.719,161.663,-56.0,-34.81,0.0,0.0,SL_HIT,0.0,0.0,0.0,0,0.0,0.0,0.0,0.0,0,0.0,0.0,0,0,0,0,0.0,0,0.0,0.0,0,0.0,0.0,0.0,0.0,0.0,0.0,0.0,0.0,0.0,0,0,0.0,0,0,0.0,0.0,0,0.0,0.3,0.0,0.268,0.545,1.0,0,1.0,10.0,182.9
90166,USDJPYm,PULLBACK,BUY,2026.06.18 19:14:59,2026.06.18 19:30:40,15,161.731,161.663,-68.0,-42.26,0.0,0.0,SL_HIT,0.0,0.0,0.0,0,0.0,0.0,0.0,0.0,0,0.0,0.0,0,0,0,0,0.0,0,0.0,0.0,0,0.0,0.0,0.0,0.0,0.0,0.0,0.0,0.0,0.0,0,0,0.0,0,0,0.0,0.0,0,0.0,0.3,0.0,0.268,0.545,1.0,0,1.0,10.0,182.9
90170,USDJPYm,BREAKOUT_RETEST,BUY,2026.06.18 19:30:59,2026.06.18 19:31:59,1,161.41,161.539,129.0,79.86,0.0,0.0,TRAIL_STOP,0.0,0.0,0.0,0,0.0,0.0,0.0,0.0,0,0.0,0.0,0,0,0,0,0.0,0,0.0,0.0,0,0.0,0.0,0.0,0.0,0.0,0.0,0.0,0.0,0.0,0,0,0.0,0,0,0.0,0.0,0,0.0,0.3,0.0,0.294,0.545,1.0,1,1.0,10.0,182.9
90172,USDJPYm,MEAN_REVERSION,BUY,2026.06.18 21:01:30,2026.06.18 21:02:30,1,161.425,161.34,-85.0,-52.69,0.0,0.0,SL_HIT,0.0,0.0,0.0,0,0.0,0.0,0.0,0.0,0,0.0,0.0,0,0,0,0,0.0,0,0.0,0.0,0,0.0,0.0,0.0,0.0,0.0,0.0,0.0,0.0,0.0,0,0,0.0,0,0,0.0,0.0,0,0.25,0.247,0.241,0.286,0.655,0.8,1,0.825,106.0,245.6
90174,USDJPYm,TREND_CONTINUATION,BUY,2026.06.18 21:06:40,2026.06.18 21:10:00,3,161.418,161.371,-47.0,-29.13,0.0,0.0,SL_HIT,0.0,0.0,0.0,0,0.0,0.0,0.0,0.0,0,0.0,0.0,0,0,0,0,0.0,0,0.0,0.0,0,0.0,0.0,0.0,0.0,0.0,0.0,0.0,0.0,0.0,0,0,0.0,0,0,0.0,0.0,0,0.25,0.247,0.241,0.286,0.655,0.8,1,0.825,26.0,245.6
90176,USDJPYm,BREAKOUT,BUY,2026.06.18 21:14:40,2026.06.18 21:18:00,3,161.406,161.375,-31.0,-19.21,0.0,0.0,SL_HIT,0.0,0.0,0.0,0,0.0,0.0,0.0,0.0,0,0.0,0.0,0,0,0,0,0.0,0,0.0,0.0,0,0.0,0.0,0.0,0.0,0.0,0.0,0.0,0.0,0.0,0,0,0.0,0,0,0.0,0.0,0,0.25,0.247,0.241,0.156,0.655,0.8,1,0.825,38.0,245.6
90177,USDJPYm,PULLBACK,BUY,2026.06.18 21:16:40,2026.06.18 21:18:00,1,161.41,161.375,-35.0,-21.69,0.0,0.0,SL_HIT,0.0,0.0,0.0,0,0.0,0.0,0.0,0.0,0,0.0,0.0,0,0,0,0,0.0,0,0.0,0.0,0,0.0,0.0,0.0,0.0,0.0,0.0,0.0,0.0,0.0,0,0,0.0,0,0,0.0,0.0,0,0.25,0.247,0.241,0.156,0.655,0.8,1,0.825,38.0,245.6
90180,USDJPYm,BREAKOUT_RETEST,BUY,2026.06.18 21:30:59,2026.06.18 21:31:40,0,161.438,161.391,-47.0,-29.13,0.0,0.0,SL_HIT,0.0,0.0,0.0,0,0.0,0.0,0.0,0.0,0,0.0,0.0,0,0,0,0,0.0,0,0.0,0.0,0,0.0,0.0,0.0,0.0,0.0,0.0,0.0,0.0,0.0,0,0,0.0,0,0,0.0,0.0,0,0.25,0.247,0.241,0.156,0.655,0.8,1,0.825,38.0,245.6
90182,USDJPYm,SWEEP_REVERSAL,BUY,2026.06.18 22:40:40,2026.06.18 22:41:40,1,161.308,161.316,8.0,4.96,0.0,0.0,TRAIL_STOP,0.0,0.0,0.0,0,0.0,0.0,0.0,0.0,0,0.0,0.0,0,0,0,0,0.0,0,0.0,0.0,0,0.0,0.0,0.0,0.0,0.0,0.0,0.0,0.0,0.0,0,0,0.0,0,0,0.0,0.0,0,0.0,0.3,0.152,0.119,0.521,0.8,1,1.0,10.0,248.3
90184,USDJPYm,MEAN_REVERSION,BUY,2026.06.18 23:03:40,2026.06.18 23:15:20,11,161.285,161.292,7.0,4.34,0.0,0.0,TRAIL_STOP,0.0,0.0,0.0,0,0.0,0.0,0.0,0.0,0,0.0,0.0,0,0,0,0,0.0,0,0.0,0.0,0,0.0,0.0,0.0,0.0,0.0,0.0,0.0,0.0,0.0,0,0,0.0,0,0,0.0,0.0,0,0.25,0.247,0.266,0.349,0.645,1.0,1,0.825,10.0,253.5
90185,USDJPYm,TREND_CONTINUATION,BUY,2026.06.18 23:06:40,2026.06.18 23:15:20,8,161.322,161.292,-30.0,-18.6,0.0,0.0,SL_HIT,0.0,0.0,0.0,0,0.0,0.0,0.0,0.0,0,0.0,0.0,0,0,0,0,0.0,0,0.0,0.0,0,0.0,0.0,0.0,0.0,0.0,0.0,0.0,0.0,0.0,0,0,0.0,0,0,0.0,0.0,0,0.25,0.247,0.266,0.349,0.645,1.0,1,0.825,10.0,253.5
90186,USDJPYm,BREAKOUT,BUY,2026.06.18 23:14:40,2026.06.18 23:15:20,0,161.325,161.292,-33.0,-20.46,0.0,0.0,SL_HIT,0.0,0.0,0.0,0,0.0,0.0,0.0,0.0,0,0.0,0.0,0,0,0,0,0.0,0,0.0,0.0,0,0.0,0.0,0.0,0.0,0.0,0.0,0.0,0.0,0.0,0,0,0.0,0,0,0.0,0.0,0,0.25,0.247,0.266,0.349,0.645,1.0,1,0.825,10.0,253.5
90190,USDJPYm,PULLBACK,BUY,2026.06.18 23:16:40,2026.06.18 23:26:40,10,161.328,161.32,-8.0,-4.96,0.0,0.0,SL_HIT,0.0,0.0,0.0,0,0.0,0.0,0.0,0.0,0,0.0,0.0,0,0,0,0,0.0,0,0.0,0.0,0,0.0,0.0,0.0,0.0,0.0,0.0,0.0,0.0,0.0,0,0,0.0,0,0,0.0,0.0,0,0.25,0.247,0.266,0.187,0.645,1.0,1,0.825,10.0,253.5
90192,USDJPYm,BREAKOUT_RETEST,BUY,2026.06.18 23:30:59,2026.06.18 23:33:40,2,161.336,161.328,-8.0,-4.96,0.0,0.0,SL_HIT,0.0,0.0,0.0,0,0.0,0.0,0.0,0.0,0,0.0,0.0,0,0,0,0,0.0,0,0.0,0.0,0,0.0,0.0,0.0,0.0,0.0,0.0,0.0,0.0,0.0,0,0,0.0,0,0,0.0,0.0,0,0.25,0.247,0.266,0.187,0.645,1.0,1,0.825,10.0,253.5
90195,USDJPYm,MEAN_REVERSION,BUY,2026.06.19 01:03:40,2026.06.19 01:05:59,2,161.007,161.074,67.0,41.6,0.0,0.0,TRAIL_STOP,0.0,0.0,0.0,0,0.0,0.0,0.0,0.0,0,0.0,0.0,0,0,0,0,0.0,0,0.0,0.0,0,0.0,0.0,0.0,0.0,0.0,0.0,0.0,0.0,0.0,0,0,0.0,0,0,0.0,0.0,0,0.25,0.247,0.173,0.303,0.667,1.0,0,0.825,10.0,243.9
90194,USDJPYm,SWEEP_REVERSAL,BUY,2026.06.19 00:40:59,2026.06.19 01:25:40,44,161.167,161.1,-67.0,-41.6,0.0,0.0,SL_HIT,0.0,0.0,0.0,0,0.0,0.0,0.0,0.0,0,0.0,0.0,0,0,0,0,0.0,0,0.0,0.0,0,0.0,0.0,0.0,0.0,0.0,0.0,0.0,0.0,0.0,0,0,0.0,0,0,0.0,0.0,0,0.25,0.247,0.173,0.337,0.667,1.0,0,0.825,10.0,243.9
90197,USDJPYm,PULLBACK,BUY,2026.06.19 01:19:20,2026.06.19 01:25:40,6,161.152,161.1,-52.0,-32.29,0.0,0.0,SL_HIT,0.0,0.0,0.0,0,0.0,0.0,0.0,0.0,0,0.0,0.0,0,0,0,0,0.0,0,0.0,0.0,0,0.0,0.0,0.0,0.0,0.0,0.0,0.0,0.0,0.0,0,0,0.0,0,0,0.0,0.0,0,0.25,0.247,0.173,0.337,0.667,1.0,0,0.825,10.0,243.9
90200,USDJPYm,BREAKOUT_RETEST,BUY,2026.06.19 01:42:40,2026.06.19 01:45:40,3,161.187,161.183,-4.0,-2.48,0.0,0.0,SL_HIT,0.0,0.0,0.0,0,0.0,0.0,0.0,0.0,0,0.0,0.0,0,0,0,0,0.0,0,0.0,0.0,0,0.0,0.0,0.0,0.0,0.0,0.0,0.0,0.0,0.0,0,0,0.0,0,0,0.0,0.0,0,0.25,0.247,0.173,0.363,0.667,1.0,1,0.825,10.0,243.9
90202,USDJPYm,BREAKOUT,BUY,2026.06.19 05:00:00,2026.06.19 05:01:59,1,161.384,161.384,0.0,0.0,0.0,0.0,TRAIL_STOP,0.0,0.0,0.0,0,0.0,0.0,0.0,0.0,0,0.0,0.0,0,0,0,0,0.0,0,0.0,0.0,0,0.0,0.0,0.0,0.0,0.0,0.0,0.0,0.0,0.0,0,0,0.0,0,0,0.0,0.0,0,0.4,0.185,0.255,0.189,0.749,0.9,0,-0.615,10.0,257.5
90204,USDJPYm,BREAKOUT_RETEST,BUY,2026.06.19 08:00:00,2026.06.19 08:00:40,0,161.323,161.314,-9.0,-5.58,0.0,0.0,SL_HIT,0.0,0.0,0.0,0,0.0,0.0,0.0,0.0,0,0.0,0.0,0,0,0,0,0.0,0,0.0,0.0,0,0.0,0.0,0.0,0.0,0.0,0.0,0.0,0.0,0.0,0,0,0.0,0,0,0.0,0.0,0,0.4,0.117,0.267,0.309,0.829,0.497,1,0.3917,10.0,220.4
90206,USDJPYm,BREAKOUT,BUY,2026.06.19 09:00:40,2026.06.19 09:02:40,2,161.314,161.315,1.0,0.62,0.0,0.0,TRAIL_STOP,0.0,0.0,0.0,0,0.0,0.0,0.0,0.0,0,0.0,0.0,0,0,0,0,0.0,0,0.0,0.0,0,0.0,0.0,0.0,0.0,0.0,0.0,0.0,0.0,0.0,0,0,0.0,0,0,0.0,0.0,0,0.4,0.164,0.214,0.242,0.795,0.75,1,0.545,10.0,205.9
90207,USDJPYm,PULLBACK,BUY,2026.06.19 09:00:59,2026.06.19 09:02:40,1,161.313,161.315,2.0,1.24,0.0,0.0,TRAIL_STOP,0.0,0.0,0.0,0,0.0,0.0,0.0,0.0,0,0.0,0.0,0,0,0,0,0.0,0,0.0,0.0,0,0.0,0.0,0.0,0.0,0.0,0.0,0.0,0.0,0.0,0,0,0.0,0,0,0.0,0.0,0,0.4,0.164,0.214,0.242,0.795,0.75,1,0.545,10.0,205.9
90208,USDJPYm,TREND_CONTINUATION,BUY,2026.06.19 09:01:00,2026.06.19 09:02:40,1,161.313,161.315,2.0,1.24,0.0,0.0,TRAIL_STOP,0.0,0.0,0.0,0,0.0,0.0,0.0,0.0,0,0.0,0.0,0,0,0,0,0.0,0,0.0,0.0,0,0.0,0.0,0.0,0.0,0.0,0.0,0.0,0.0,0.0,0,0,0.0,0,0,0.0,0.0,0,0.4,0.164,0.214,0.242,0.795,0.75,1,0.545,10.0,205.9
90212,USDJPYm,BREAKOUT_RETEST,BUY,2026.06.19 10:00:00,2026.06.19 10:00:40,0,161.269,161.258,-11.0,-6.82,0.0,0.0,SL_HIT,0.0,0.0,0.0,0,0.0,0.0,0.0,0.0,0,0.0,0.0,0,0,0,0,0.0,0,0.0,0.0,0,0.0,0.0,0.0,0.0,0.0,0.0,0.0,0.0,0.0,0,0,0.0,0,0,0.0,0.0,0,0.4,0.174,0.228,0.389,0.785,0.55,0,0.58,10.0,147.6
90214,USDJPYm,BREAKOUT,BUY,2026.06.19 11:00:40,2026.06.19 11:02:40,2,161.293,161.303,10.0,6.2,0.0,0.0,TRAIL_STOP,0.0,0.0,0.0,0,0.0,0.0,0.0,0.0,0,0.0,0.0,0,0,0,0,0.0,0,0.0,0.0,0,0.0,0.0,0.0,0.0,0.0,0.0,0.0,0.0,0.0,0,0,0.0,0,0,0.0,0.0,0,0.0,0.237,0.145,0.02,0.7,0.6,1,0.79,10.0,145.1
90215,USDJPYm,PULLBACK,BUY,2026.06.19 11:00:59,2026.06.19 11:02:40,1,161.288,161.303,15.0,9.3,0.0,0.0,TRAIL_STOP,0.0,0.0,0.0,0,0.0,0.0,0.0,0.0,0,0.0,0.0,0,0,0,0,0.0,0,0.0,0.0,0,0.0,0.0,0.0,0.0,0.0,0.0,0.0,0.0,0.0,0,0,0.0,0,0,0.0,0.0,0,0.0,0.237,0.145,0.02,0.7,0.6,1,0.79,10.0,145.1
90216,USDJPYm,TREND_CONTINUATION,BUY,2026.06.19 11:01:00,2026.06.19 11:02:40,1,161.287,161.303,16.0,9.92,0.0,0.0,TRAIL_STOP,0.0,0.0,0.0,0,0.0,0.0,0.0,0.0,0,0.0,0.0,0,0,0,0,0.0,0,0.0,0.0,0,0.0,0.0,0.0,0.0,0.0,0.0,0.0,0.0,0.0,0,0,0.0,0,0,0.0,0.0,0,0.0,0.237,0.145,0.02,0.7,0.6,1,0.79,10.0,145.1
90220,USDJPYm,BREAKOUT_RETEST,BUY,2026.06.19 12:00:20,2026.06.19 12:00:40,0,161.278,161.263,-15.0,-9.3,0.0,0.0,SL_HIT,0.0,0.0,0.0,0,0.0,0.0,0.0,0.0,0,0.0,0.0,0,0,0,0,0.0,0,0.0,0.0,0,0.0,0.0,0.0,0.0,0.0,0.0,0.0,0.0,0.0,0,0,0.0,0,0,0.0,0.0,0,0.4,0.121,0.277,0.344,0.837,0.604,0,0.4029,10.0,140.4
90222,USDJPYm,MEAN_REVERSION,BUY,2026.06.19 12:50:40,2026.06.19 12:51:40,1,161.195,161.195,0.0,0.0,0.0,0.0,TRAIL_STOP,0.0,0.0,0.0,0,0.0,0.0,0.0,0.0,0,0.0,0.0,0,0,0,0,0.0,0,0.0,0.0,0,0.0,0.0,0.0,0.0,0.0,0.0,0.0,0.0,0.0,0,0,0.0,0,0,0.0,0.0,0,0.4,0.121,0.277,0.449,0.837,0.604,0,0.4029,10.0,140.4
90224,USDJPYm,SWEEP_REVERSAL,BUY,2026.06.19 12:52:40,2026.06.19 12:53:20,0,161.173,161.161,-12.0,-7.45,0.0,0.0,SL_HIT,0.0,0.0,0.0,0,0.0,0.0,0.0,0.0,0,0.0,0.0,0,0,0,0,0.0,0,0.0,0.0,0,0.0,0.0,0.0,0.0,0.0,0.0,0.0,0.0,0.0,0,0,0.0,0,0,0.0,0.0,0,0.4,0.121,0.277,0.449,0.837,0.604,0,0.4029,10.0,140.4
90226,USDJPYm,MEAN_REVERSION,BUY,2026.06.19 14:58:40,2026.06.19 14:59:40,1,161.181,161.18,-1.0,-0.62,0.0,0.0,SL_HIT,0.0,0.0,0.0,0,0.0,0.0,0.0,0.0,0,0.0,0.0,0,0,0,0,0.0,0,0.0,0.0,0,0.0,0.0,0.0,0.0,0.0,0.0,0.0,0.0,0.0,0,0,0.0,0,0,0.0,0.0,0,0.15,0.216,0.053,0.344,0.75,0.5,0,-0.72,10.0,133.6
90228,USDJPYm,SWEEP_REVERSAL,BUY,2026.06.19 14:59:40,2026.06.19 15:00:40,1,161.154,161.155,1.0,0.62,0.0,0.0,TRAIL_STOP,0.0,0.0,0.0,0,0.0,0.0,0.0,0.0,0,0.0,0.0,0,0,0,0,0.0,0,0.0,0.0,0,0.0,0.0,0.0,0.0,0.0,0.0,0.0,0.0,0.0,0,0,0.0,0,0,0.0,0.0,0,0.4,0.174,0.14,0.449,0.721,0.825,0,-0.58,10.0,125.6
90230,USDJPYm,BREAKOUT_RETEST,BUY,2026.06.19 18:24:40,2026.06.19 18:29:20,4,161.277,161.264,-13.0,-8.06,0.0,0.0,SL_HIT,0.0,0.0,0.0,0,0.0,0.0,0.0,0.0,0,0.0,0.0,0,0,0,0,0.0,0,0.0,0.0,0,0.0,0.0,0.0,0.0,0.0,0.0,0.0,0.0,0.0,0,0,0.0,0,0,0.0,0.0,0,0.0,0.119,0.0,0.148,0.768,0.16,1,0.3954,10.0,112.5
90232,USDJPYm,BREAKOUT,BUY,2026.06.19 19:53:40,2026.06.19 19:58:20,4,161.294,161.28,-14.0,-8.68,0.0,0.0,SL_HIT,0.0,0.0,0.0,0,0.0,0.0,0.0,0.0,0,0.0,0.0,0,0,0,0,0.0,0,0.0,0.0,0,0.0,0.0,0.0,0.0,0.0,0.0,0.0,0.0,0.0,0,0,0.0,0,0,0.0,0.0,0,0.25,0.068,0.088,0.255,0.8,0.182,1,0.2269,10.0,111.1
90233,USDJPYm,PULLBACK,BUY,2026.06.19 19:53:59,2026.06.19 19:58:20,4,161.294,161.28,-14.0,-8.68,0.0,0.0,SL_HIT,0.0,0.0,0.0,0,0.0,0.0,0.0,0.0,0,0.0,0.0,0,0,0,0,0.0,0,0.0,0.0,0,0.0,0.0,0.0,0.0,0.0,0.0,0.0,0.0,0.0,0,0,0.0,0,0,0.0,0.0,0,0.25,0.068,0.088,0.255,0.8,0.182,1,0.2269,10.0,111.1
90234,USDJPYm,TREND_CONTINUATION,BUY,2026.06.19 19:54:00,2026.06.19 19:58:20,4,161.294,161.28,-14.0,-8.68,0.0,0.0,SL_HIT,0.0,0.0,0.0,0,0.0,0.0,0.0,0.0,0,0.0,0.0,0,0,0,0,0.0,0,0.0,0.0,0,0.0,0.0,0.0,0.0,0.0,0.0,0.0,0.0,0.0,0,0,0.0,0,0,0.0,0.0,0,0.25,0.068,0.088,0.255,0.8,0.182,1,0.2269,10.0,111.1
90238,USDJPYm,MEAN_REVERSION,BUY,2026.06.19 20:11:40,2026.06.19 20:13:40,2,161.257,161.255,-2.0,-1.24,0.0,0.0,SL_HIT,0.0,0.0,0.0,0,0.0,0.0,0.0,0.0,0,0.0,0.0,0,0,0,0,0.0,0,0.0,0.0,0,0.0,0.0,0.0,0.0,0.0,0.0,0.0,0.0,0.0,0,0,0.0,0,0,0.0,0.0,0,0.25,0.0,0.088,0.28,0.827,0.085,1,0.0,10.0,106.5
90240,USDJPYm,SWEEP_REVERSAL,BUY,2026.06.21 21:42:40,2026.06.21 22:00:20,17,161.375,161.312,-63.0,-39.05,0.0,0.0,SL_HIT,0.0,0.0,0.0,0,0.0,0.0,0.0,0.0,0,0.0,0.0,0,0,0,0,0.0,0,0.0,0.0,0,0.0,0.0,0.0,0.0,0.0,0.0,0.0,0.0,0.0,0,0,0.0,0,0,0.0,0.0,0,0.4,0.079,0.29,0.458,0.879,0.329,0,0.2641,18.0,100.9
90241,USDJPYm,BREAKOUT,BUY,2026.06.21 22:00:00,2026.06.21 22:01:40,1,161.334,161.355,21.0,13.01,0.0,0.0,TRAIL_STOP,0.0,0.0,0.0,0,0.0,0.0,0.0,0.0,0,0.0,0.0,0,0,0,0,0.0,0,0.0,0.0,0,0.0,0.0,0.0,0.0,0.0,0.0,0.0,0.0,0.0,0,0,0.0,0,0,0.0,0.0,0,0.4,0.079,0.29,0.458,0.879,0.329,0,0.2641,18.0,100.9
90243,USDJPYm,PULLBACK,BUY,2026.06.21 22:00:20,2026.06.21 22:01:40,1,161.329,161.355,26.0,16.11,0.0,0.0,TRAIL_STOP,0.0,0.0,0.0,0,0.0,0.0,0.0,0.0,0,0.0,0.0,0,0,0,0,0.0,0,0.0,0.0,0,0.0,0.0,0.0,0.0,0.0,0.0,0.0,0.0,0.0,0,0,0.0,0,0,0.0,0.0,0,0.4,0.079,0.29,0.458,0.879,0.329,0,0.2641,18.0,100.9
90244,USDJPYm,TREND_CONTINUATION,BUY,2026.06.21 22:00:30,2026.06.21 22:01:40,1,161.329,161.355,26.0,16.11,0.0,0.0,TRAIL_STOP,0.0,0.0,0.0,0,0.0,0.0,0.0,0.0,0,0.0,0.0,0,0,0,0,0.0,0,0.0,0.0,0,0.0,0.0,0.0,0.0,0.0,0.0,0.0,0.0,0.0,0,0,0.0,0,0,0.0,0.0,0,0.4,0.079,0.29,0.458,0.879,0.329,0,0.2641,18.0,100.9
90245,USDJPYm,ANCHORED_PULLBACK,BUY,2026.06.21 22:00:59,2026.06.21 22:01:40,0,161.366,161.355,-11.0,-6.82,0.0,0.0,SL_HIT,0.0,0.0,0.0,0,0.0,0.0,0.0,0.0,0,0.0,0.0,0,0,0,0,0.0,0,0.0,0.0,0,0.0,0.0,0.0,0.0,0.0,0.0,0.0,0.0,0.0,0,0,0.0,0,0,0.0,0.0,0,0.4,0.079,0.29,0.458,0.879,0.329,0,0.2641,18.0,100.9
90250,USDJPYm,BREAKOUT,BUY,2026.06.22 00:00:00,2026.06.22 00:19:40,19,161.445,161.447,2.0,1.24,0.0,0.0,TRAIL_STOP,0.0,0.0,0.0,0,0.0,0.0,0.0,0.0,0,0.0,0.0,0,0,0,0,0.0,0,0.0,0.0,0,0.0,0.0,0.0,0.0,0.0,0.0,0.0,0.0,0.0,0,0,0.0,0,0,0.0,0.0,0,0.25,0.185,0.088,0.251,0.731,0.9,0,0.615,10.0,105.6
90251,USDJPYm,TREND_CONTINUATION,BUY,2026.06.22 00:00:20,2026.06.22 00:19:40,19,161.424,161.447,23.0,14.25,0.0,0.0,TRAIL_STOP,0.0,0.0,0.0,0,0.0,0.0,0.0,0.0,0,0.0,0.0,0,0,0,0,0.0,0,0.0,0.0,0,0.0,0.0,0.0,0.0,0.0,0.0,0.0,0.0,0.0,0,0,0.0,0,0,0.0,0.0,0,0.25,0.185,0.088,0.251,0.731,0.9,0,0.615,10.0,105.6
90252,USDJPYm,ANCHORED_PULLBACK,BUY,2026.06.22 00:00:59,2026.06.22 00:19:40,18,161.447,161.447,0.0,0.0,0.0,0.0,TRAIL_STOP,0.0,0.0,0.0,0,0.0,0.0,0.0,0.0,0,0.0,0.0,0,0,0,0,0.0,0,0.0,0.0,0,0.0,0.0,0.0,0.0,0.0,0.0,0.0,0.0,0.0,0,0,0.0,0,0,0.0,0.0,0,0.25,0.185,0.088,0.251,0.731,0.9,0,0.615,10.0,105.6
90253,USDJPYm,PULLBACK,BUY,2026.06.22 00:05:40,2026.06.22 00:59:40,54,161.49,161.49,0.0,0.0,0.0,0.0,TRAIL_STOP,0.0,0.0,0.0,0,0.0,0.0,0.0,0.0,0,0.0,0.0,0,0,0,0,0.0,0,0.0,0.0,0,0.0,0.0,0.0,0.0,0.0,0.0,0.0,0.0,0.0,0,0,0.0,0,0,0.0,0.0,0,0.25,0.185,0.088,0.376,0.731,0.9,0,0.615,10.0,105.6
90258,USDJPYm,BREAKOUT_RETEST,BUY,2026.06.22 01:00:00,2026.06.22 01:00:40,0,161.5,161.467,-33.0,-20.44,0.0,0.0,SL_HIT,0.0,0.0,0.0,0,0.0,0.0,0.0,0.0,0,0.0,0.0,0,0,0,0,0.0,0,0.0,0.0,0,0.0,0.0,0.0,0.0,0.0,0.0,0.0,0.0,0.0,0,0,0.0,0,0,0.0,0.0,0,0.0,0.247,0.0,0.113,0.741,0.975,1,0.825,10.0,109.9
90260,USDJPYm,BREAKOUT,BUY,2026.06.22 02:00:00,2026.06.22 02:01:40,1,161.542,161.544,2.0,1.24,0.0,0.0,TRAIL_STOP,0.0,0.0,0.0,0,0.0,0.0,0.0,0.0,0,0.0,0.0,0,0,0,0,0.0,0,0.0,0.0,0,0.0,0.0,0.0,0.0,0.0,0.0,0.0,0.0,0.0,0,0,0.0,0,0,0.0,0.0,0,0.15,0.258,0.188,0.284,0.625,1.0,0,0.86,10.0,112.3
90261,USDJPYm,TREND_CONTINUATION,BUY,2026.06.22 02:00:20,2026.06.22 02:01:40,1,161.542,161.544,2.0,1.24,0.0,0.0,TRAIL_STOP,0.0,0.0,0.0,0,0.0,0.0,0.0,0.0,0,0.0,0.0,0,0,0,0,0.0,0,0.0,0.0,0,0.0,0.0,0.0,0.0,0.0,0.0,0.0,0.0,0.0,0,0,0.0,0,0,0.0,0.0,0,0.15,0.258,0.188,0.284,0.625,1.0,0,0.86,10.0,112.3
90262,USDJPYm,ANCHORED_PULLBACK,BUY,2026.06.22 02:00:59,2026.06.22 02:01:40,0,161.555,161.541,-14.0,-8.67,0.0,0.0,SL_HIT,0.0,0.0,0.0,0,0.0,0.0,0.0,0.0,0,0.0,0.0,0,0,0,0,0.0,0,0.0,0.0,0,0.0,0.0,0.0,0.0,0.0,0.0,0.0,0.0,0.0,0,0,0.0,0,0,0.0,0.0,0,0.15,0.258,0.188,0.284,0.625,1.0,0,0.86,10.0,112.3
90266,USDJPYm,PULLBACK,BUY,2026.06.22 02:08:40,2026.06.22 02:09:59,1,161.571,161.561,-10.0,-6.19,0.0,0.0,SL_HIT,0.0,0.0,0.0,0,0.0,0.0,0.0,0.0,0,0.0,0.0,0,0,0,0,0.0,0,0.0,0.0,0,0.0,0.0,0.0,0.0,0.0,0.0,0.0,0.0,0.0,0,0,0.0,0,0,0.0,0.0,0,0.15,0.258,0.188,0.353,0.625,1.0,0,0.86,10.0,112.3
90268,USDJPYm,BREAKOUT,BUY,2026.06.22 04:00:00,2026.06.22 04:01:40,1,161.592,161.583,-9.0,-5.57,0.0,0.0,SL_HIT,0.0,0.0,0.0,0,0.0,0.0,0.0,0.0,0,0.0,0.0,0,0,0,0,0.0,0,0.0,0.0,0,0.0,0.0,0.0,0.0,0.0,0.0,0.0,0.0,0.0,0,0,0.0,0,0,0.0,0.0,0,0.15,0.279,0.053,0.242,0.705,1.0,0,0.93,10.0,104.0
90269,USDJPYm,TREND_CONTINUATION,BUY,2026.06.22 04:00:20,2026.06.22 04:01:40,1,161.592,161.583,-9.0,-5.57,0.0,0.0,SL_HIT,0.0,0.0,0.0,0,0.0,0.0,0.0,0.0,0,0.0,0.0,0,0,0,0,0.0,0,0.0,0.0,0,0.0,0.0,0.0,0.0,0.0,0.0,0.0,0.0,0.0,0,0,0.0,0,0,0.0,0.0,0,0.15,0.279,0.053,0.242,0.705,1.0,0,0.93,10.0,104.0
90272,USDJPYm,PULLBACK,BUY,2026.06.22 04:12:40,2026.06.22 04:13:59,1,161.649,161.64,-9.0,-5.57,0.0,0.0,SL_HIT,0.0,0.0,0.0,0,0.0,0.0,0.0,0.0,0,0.0,0.0,0,0,0,0,0.0,0,0.0,0.0,0,0.0,0.0,0.0,0.0,0.0,0.0,0.0,0.0,0.0,0,0,0.0,0,0,0.0,0.0,0,0.15,0.279,0.053,0.324,0.705,1.0,0,0.93,10.0,104.0
90274,USDJPYm,BREAKOUT_RETEST,BUY,2026.06.22 05:00:00,2026.06.22 05:00:59,0,161.671,161.67,-1.0,-0.62,0.0,0.0,SL_HIT,0.0,0.0,0.0,0,0.0,0.0,0.0,0.0,0,0.0,0.0,0,0,0,0,0.0,0,0.0,0.0,0,0.0,0.0,0.0,0.0,0.0,0.0,0.0,0.0,0.0,0,0,0.0,0,0,0.0,0.0,0,0.15,0.29,0.142,0.227,0.494,1.0,1,0.965,10.0,99.3
90276,USDJPYm,BREAKOUT,BUY,2026.06.22 06:00:00,2026.06.22 06:00:40,0,161.706,161.696,-10.0,-6.18,0.0,0.0,SL_HIT,0.0,0.0,0.0,0,0.0,0.0,0.0,0.0,0,0.0,0.0,0,0,0,0,0.0,0,0.0,0.0,0,0.0,0.0,0.0,0.0,0.0,0.0,0.0,0.0,0.0,0,0,0.0,0,0,0.0,0.0,0,0.15,0.3,0.053,0.299,0.573,1.0,1,1.0,10.0,91.1
90277,USDJPYm,TREND_CONTINUATION,BUY,2026.06.22 06:00:20,2026.06.22 06:00:40,0,161.709,161.696,-13.0,-8.04,0.0,0.0,SL_HIT,0.0,0.0,0.0,0,0.0,0.0,0.0,0.0,0,0.0,0.0,0,0,0,0,0.0,0,0.0,0.0,0,0.0,0.0,0.0,0.0,0.0,0.0,0.0,0.0,0.0,0,0,0.0,0,0,0.0,0.0,0,0.15,0.3,0.053,0.299,0.573,1.0,1,1.0,10.0,91.1
90278,USDJPYm,ANCHORED_PULLBACK,BUY,2026.06.22 06:00:30,2026.06.22 06:01:59,1,161.709,161.698,-11.0,-6.8,0.0,0.0,SL_HIT,0.0,0.0,0.0,0,0.0,0.0,0.0,0.0,0,0.0,0.0,0,0,0,0,0.0,0,0.0,0.0,0,0.0,0.0,0.0,0.0,0.0,0.0,0.0,0.0,0.0,0,0,0.0,0,0,0.0,0.0,0,0.15,0.3,0.053,0.326,0.573,1.0,1,1.0,10.0,91.1
90282,USDJPYm,PULLBACK,BUY,2026.06.22 06:32:40,2026.06.22 06:41:40,9,161.682,161.682,0.0,0.0,0.0,0.0,TRAIL_STOP,0.0,0.0,0.0,0,0.0,0.0,0.0,0.0,0,0.0,0.0,0,0,0,0,0.0,0,0.0,0.0,0,0.0,0.0,0.0,0.0,0.0,0.0,0.0,0.0,0.0,0,0,0.0,0,0,0.0,0.0,0,0.15,0.3,0.053,0.221,0.573,1.0,1,1.0,10.0,91.1
90284,USDJPYm,BREAKOUT_RETEST,BUY,2026.06.22 07:00:00,2026.06.22 07:01:20,1,161.686,161.687,1.0,0.62,0.0,0.0,TRAIL_STOP,0.0,0.0,0.0,0,0.0,0.0,0.0,0.0,0,0.0,0.0,0,0,0,0,0.0,0,0.0,0.0,0,0.0,0.0,0.0,0.0,0.0,0.0,0.0,0.0,0.0,0,0,0.0,0,0,0.0,0.0,0,0.25,0.247,0.088,0.23,0.777,0.8,1,0.825,10.0,93.1
90286,USDJPYm,BREAKOUT,BUY,2026.06.22 08:00:00,2026.06.22 08:00:40,0,161.745,161.732,-13.0,-8.04,0.0,0.0,SL_HIT,0.0,0.0,0.0,0,0.0,0.0,0.0,0.0,0,0.0,0.0,0,0,0,0,0.0,0,0.0,0.0,0,0.0,0.0,0.0,0.0,0.0,0.0,0.0,0.0,0.0,0,0,0.0,0,0,0.0,0.0,0,0.15,0.3,0.053,0.349,0.673,1.0,0,1.0,10.0,96.1
90287,USDJPYm,TREND_CONTINUATION,BUY,2026.06.22 08:00:20,2026.06.22 08:00:40,0,161.745,161.732,-13.0,-8.04,0.0,0.0,SL_HIT,0.0,0.0,0.0,0,0.0,0.0,0.0,0.0,0,0.0,0.0,0,0,0,0,0.0,0,0.0,0.0,0,0.0,0.0,0.0,0.0,0.0,0.0,0.0,0.0,0.0,0,0,0.0,0,0,0.0,0.0,0,0.15,0.3,0.053,0.349,0.673,1.0,0,1.0,10.0,96.1
90290,USDJPYm,PULLBACK,BUY,2026.06.22 08:32:40,2026.06.22 08:33:20,0,161.751,161.731,-20.0,-12.37,0.0,0.0,SL_HIT,0.0,0.0,0.0,0,0.0,0.0,0.0,0.0,0,0.0,0.0,0,0,0,0,0.0,0,0.0,0.0,0,0.0,0.0,0.0,0.0,0.0,0.0,0.0,0.0,0.0,0,0,0.0,0,0,0.0,0.0,0,0.15,0.3,0.053,0.304,0.673,1.0,0,1.0,10.0,96.1
90292,USDJPYm,ANCHORED_PULLBACK,BUY,2026.06.22 09:00:00,2026.06.22 09:01:40,1,161.774,161.765,-9.0,-5.56,0.0,0.0,SL_HIT,0.0,0.0,0.0,0,0.0,0.0,0.0,0.0,0,0.0,0.0,0,0,0,0,0.0,0,0.0,0.0,0,0.0,0.0,0.0,0.0,0.0,0.0,0.0,0.0,0.0,0,0,0.0,0,0,0.0,0.0,4,0.0,0.3,0.0,0.105,0.627,1.0,0,1.0,10.0,97.9
90294,USDJPYm,BREAKOUT_RETEST,BUY,2026.06.22 09:04:20,2026.06.22 09:05:40,1,161.73,161.738,8.0,4.95,0.0,0.0,TRAIL_STOP,0.0,0.0,0.0,0,0.0,0.0,0.0,0.0,0,0.0,0.0,0,0,0,0,0.0,0,0.0,0.0,0,0.0,0.0,0.0,0.0,0.0,0.0,0.0,0.0,0.0,0,0,0.0,0,0,0.0,0.0,4,0.0,0.3,0.0,0.127,0.627,1.0,1,1.0,10.0,97.9
90296,USDJPYm,BREAKOUT,BUY,2026.06.22 10:00:20,2026.06.22 10:00:40,0,161.756,161.742,-14.0,-8.66,0.0,0.0,SL_HIT,0.0,0.0,0.0,0,0.0,0.0,0.0,0.0,0,0.0,0.0,0,0,0,0,0.0,0,0.0,0.0,0,0.0,0.0,0.0,0.0,0.0,0.0,0.0,0.0,0.0,0,0,0.0,0,0,0.0,0.0,0,0.25,0.247,0.088,0.1,0.708,0.8,1,0.825,10.0,97.9
90297,USDJPYm,TREND_CONTINUATION,BUY,2026.06.22 10:00:30,2026.06.22 10:01:40,1,161.756,161.735,-21.0,-12.98,0.0,0.0,SL_HIT,0.0,0.0,0.0,0,0.0,0.0,0.0,0.0,0,0.0,0.0,0,0,0,0,0.0,0,0.0,0.0,0,0.0,0.0,0.0,0.0,0.0,0.0,0.0,0.0,0.0,0,0,0.0,0,0,0.0,0.0,0,0.25,0.247,0.088,0.1,0.708,0.8,1,0.825,10.0,97.9
90300,USDJPYm,SWEEP_REVERSAL,BUY,2026.06.22 10:27:40,2026.06.22 10:29:59,2,161.662,161.685,23.0,14.22,0.0,0.0,TRAIL_STOP,0.0,0.0,0.0,0,0.0,0.0,0.0,0.0,0,0.0,0.0,0,0,0,0,0.0,0,0.0,0.0,0,0.0,0.0,0.0,0.0,0.0,0.0,0.0,0.0,0.0,0,0,0.0,0,0,0.0,0.0,0,0.25,0.247,0.088,0.291,0.708,0.8,1,0.825,10.0,97.9
90302,USDJPYm,PULLBACK,BUY,2026.06.22 10:33:40,2026.06.22 10:34:40,1,161.725,161.711,-14.0,-8.66,0.0,0.0,SL_HIT,0.0,0.0,0.0,0,0.0,0.0,0.0,0.0,0,0.0,0.0,0,0,0,0,0.0,0,0.0,0.0,0,0.0,0.0,0.0,0.0,0.0,0.0,0.0,0.0,0.0,0,0,0.0,0,0,0.0,0.0,0,0.25,0.247,0.088,0.341,0.708,0.8,1,0.825,10.0,97.9
90304,USDJPYm,ANCHORED_PULLBACK,BUY,2026.06.22 11:00:00,2026.06.22 11:00:59,0,161.73,161.738,8.0,4.95,0.0,0.0,TRAIL_STOP,0.0,0.0,0.0,0,0.0,0.0,0.0,0.0,0,0.0,0.0,0,0,0,0,0.0,0,0.0,0.0,0,0.0,0.0,0.0,0.0,0.0,0.0,0.0,0.0,0.0,0,0,0.0,0,0,0.0,0.0,0,0.25,0.247,0.088,0.113,0.759,0.8,1,0.825,10.0,99.6
90306,USDJPYm,BREAKOUT_RETEST,BUY,2026.06.22 11:04:20,2026.06.22 11:04:40,0,161.748,161.734,-14.0,-8.66,0.0,0.0,SL_HIT,0.0,0.0,0.0,0,0.0,0.0,0.0,0.0,0,0.0,0.0,0,0,0,0,0.0,0,0.0,0.0,0,0.0,0.0,0.0,0.0,0.0,0.0,0.0,0.0,0.0,0,0,0.0,0,0,0.0,0.0,0,0.25,0.247,0.088,0.338,0.759,0.8,0,0.825,10.0,99.6
90308,USDJPYm,BREAKOUT,BUY,2026.06.22 12:00:20,2026.06.22 12:01:59,1,161.765,161.775,10.0,6.18,0.0,0.0,TRAIL_STOP,0.0,0.0,0.0,0,0.0,0.0,0.0,0.0,0,0.0,0.0,0,0,0,0,0.0,0,0.0,0.0,0,0.0,0.0,0.0,0.0,0.0,0.0,0.0,0.0,0.0,0,0,0.0,0,0,0.0,0.0,0,0.25,0.247,0.229,0.358,0.725,1.0,0,0.825,10.0,100.7
90309,USDJPYm,TREND_CONTINUATION,BUY,2026.06.22 12:00:30,2026.06.22 12:01:59,1,161.765,161.775,10.0,6.18,0.0,0.0,TRAIL_STOP,0.0,0.0,0.0,0,0.0,0.0,0.0,0.0,0,0.0,0.0,0,0,0,0,0.0,0,0.0,0.0,0,0.0,0.0,0.0,0.0,0.0,0.0,0.0,0.0,0.0,0,0,0.0,0,0,0.0,0.0,0,0.25,0.247,0.229,0.358,0.725,1.0,0,0.825,10.0,100.7
90312,USDJPYm,ANCHORED_PULLBACK,BUY,2026.06.22 13:00:00,2026.06.22 13:00:40,0,161.78,161.778,-2.0,-1.24,0.0,0.0,SL_HIT,0.0,0.0,0.0,0,0.0,0.0,0.0,0.0,0,0.0,0.0,0,0,0,0,0.0,0,0.0,0.0,0,0.0,0.0,0.0,0.0,0.0,0.0,0.0,0.0,0.0,0,0,0.0,0,0,0.0,0.0,0,0.15,0.3,0.123,0.168,0.687,1.0,1,1.0,10.0,94.8
90314,USDJPYm,PULLBACK,BUY,2026.06.22 13:02:40,2026.06.22 13:03:40,1,161.775,161.736,-39.0,-24.11,0.0,0.0,SL_HIT,0.0,0.0,0.0,0,0.0,0.0,0.0,0.0,0,0.0,0.0,0,0,0,0,0.0,0,0.0,0.0,0,0.0,0.0,0.0,0.0,0.0,0.0,0.0,0.0,0.0,0,0,0.0,0,0,0.0,0.0,0,0.15,0.3,0.123,0.069,0.687,1.0,1,1.0,10.0,94.8
90316,USDJPYm,BREAKOUT_RETEST,BUY,2026.06.22 13:04:20,2026.06.22 13:07:40,3,161.745,161.786,41.0,25.34,0.0,0.0,TP_HIT,0.0,0.0,0.0,0,0.0,0.0,0.0,0.0,0,0.0,0.0,0,0,0,0,0.0,0,0.0,0.0,0,0.0,0.0,0.0,0.0,0.0,0.0,0.0,0.0,0.0,0,0,0.0,0,0,0.0,0.0,0,0.15,0.3,0.123,0.357,0.687,1.0,0,1.0,10.0,94.8
90318,USDJPYm,BREAKOUT,BUY,2026.06.22 14:00:20,2026.06.22 14:00:40,0,161.905,161.891,-14.0,-8.65,0.0,0.0,SL_HIT,0.0,0.0,0.0,0,0.0,0.0,0.0,0.0,0,0.0,0.0,0,0,0,0,0.0,0,0.0,0.0,0,0.0,0.0,0.0,0.0,0.0,0.0,0.0,0.0,0.0,0,0,0.0,0,0,0.0,0.0,0,0.15,0.3,0.053,0.286,0.583,1.0,0,1.0,10.0,99.9
90319,USDJPYm,TREND_CONTINUATION,BUY,2026.06.22 14:00:30,2026.06.22 14:02:00,1,161.905,161.877,-28.0,-17.3,0.0,0.0,SL_HIT,0.0,0.0,0.0,0,0.0,0.0,0.0,0.0,0,0.0,0.0,0,0,0,0,0.0,0,0.0,0.0,0,0.0,0.0,0.0,0.0,0.0,0.0,0.0,0.0,0.0,0,0,0.0,0,0,0.0,0.0,0,0.15,0.3,0.053,0.286,0.583,1.0,0,1.0,10.0,99.9
90322,USDJPYm,SWEEP_REVERSAL,BUY,2026.06.22 15:21:40,2026.06.22 15:24:40,3,161.26,161.269,9.0,5.58,0.0,0.0,TRAIL_STOP,0.0,0.0,0.0,0,0.0,0.0,0.0,0.0,0,0.0,0.0,0,0,0,0,0.0,0,0.0,0.0,0,0.0,0.0,0.0,0.0,0.0,0.0,0.0,0.0,0.0,0,0,0.0,0,0,0.0,0.0,6,0.55,0.247,0.493,0.663,0.47,1.0,0,0.825,10.0,150.4
90324,USDJPYm,MEAN_REVERSION,BUY,2026.06.22 22:00:20,2026.06.22 22:01:40,1,161.553,161.554,1.0,0.62,0.0,0.0,TRAIL_STOP,0.0,0.0,0.0,0,0.0,0.0,0.0,0.0,0,0.0,0.0,0,0,0,0,0.0,0,0.0,0.0,0,0.0,0.0,0.0,0.0,0.0,0.0,0.0,0.0,0.0,0,0,0.0,0,0,0.0,0.0,0,0.4,0.216,0.273,0.405,0.773,0.75,1,-0.72,10.0,189.1
90326,USDJPYm,NAKED_POC,BUY,2026.06.23 00:00:40,2026.06.23 00:01:40,1,161.566,161.558,-8.0,-4.95,0.0,0.0,SL_HIT,0.0,0.0,0.0,0,0.0,0.0,0.0,0.0,0,0.0,0.0,0,0,0,0,0.0,0,0.0,0.0,0,0.0,0.0,0.0,0.0,0.0,0.0,0.0,0.0,0.0,0,0,0.0,0,0,0.0,0.0,0,0.25,0.135,0.088,0.296,0.761,0.39,0,0.4503,10.0,187.8
90328,USDJPYm,BREAKOUT,BUY,2026.06.23 01:03:40,2026.06.23 01:24:20,20,161.582,161.56,-22.0,-13.62,0.0,0.0,SL_HIT,0.0,0.0,0.0,0,0.0,0.0,0.0,0.0,0,0.0,0.0,0,0,0,0,0.0,0,0.0,0.0,0,0.0,0.0,0.0,0.0,0.0,0.0,0.0,0.0,0.0,0,0,0.0,0,0,0.0,0.0,0,0.0,0.216,0.304,0.06,0.707,0.5,1,0.72,10.0,189.3
90329,USDJPYm,TREND_CONTINUATION,BUY,2026.06.23 01:04:00,2026.06.23 01:24:20,20,161.587,161.56,-27.0,-16.71,0.0,0.0,SL_HIT,0.0,0.0,0.0,0,0.0,0.0,0.0,0.0,0,0.0,0.0,0,0,0,0,0.0,0,0.0,0.0,0,0.0,0.0,0.0,0.0,0.0,0.0,0.0,0.0,0.0,0,0,0.0,0,0,0.0,0.0,0,0.0,0.216,0.304,0.06,0.707,0.5,1,0.72,10.0,189.3
90330,USDJPYm,BREAKOUT_RETEST,BUY,2026.06.23 01:04:40,2026.06.23 01:24:20,19,161.572,161.56,-12.0,-7.43,0.0,0.0,SL_HIT,0.0,0.0,0.0,0,0.0,0.0,0.0,0.0,0,0.0,0.0,0,0,0,0,0.0,0,0.0,0.0,0,0.0,0.0,0.0,0.0,0.0,0.0,0.0,0.0,0.0,0,0,0.0,0,0,0.0,0.0,0,0.0,0.216,0.304,0.06,0.707,0.5,1,0.72,10.0,189.3
90334,USDJPYm,BREAKOUT,BUY,2026.06.23 03:03:40,2026.06.23 03:06:40,3,161.569,161.566,-3.0,-1.86,0.0,0.0,SL_HIT,0.0,0.0,0.0,0,0.0,0.0,0.0,0.0,0,0.0,0.0,0,0,0,0,0.0,0,0.0,0.0,0,0.0,0.0,0.0,0.0,0.0,0.0,0.0,0.0,0.0,0,0,0.0,0,0,0.0,0.0,0,0.4,0.117,0.288,0.16,0.832,0.375,1,0.3902,10.0,185.9
90335,USDJPYm,TREND_CONTINUATION,BUY,2026.06.23 03:04:00,2026.06.23 03:06:40,2,161.571,161.566,-5.0,-3.09,0.0,0.0,SL_HIT,0.0,0.0,0.0,0,0.0,0.0,0.0,0.0,0,0.0,0.0,0,0,0,0,0.0,0,0.0,0.0,0,0.0,0.0,0.0,0.0,0.0,0.0,0.0,0.0,0.0,0,0,0.0,0,0,0.0,0.0,0,0.4,0.117,0.288,0.16,0.832,0.375,1,0.3902,10.0,185.9
90338,USDJPYm,BREAKOUT_RETEST,BUY,2026.06.23 03:46:20,2026.06.23 03:50:40,4,161.562,161.542,-20.0,-12.38,0.0,0.0,SL_HIT,0.0,0.0,0.0,0,0.0,0.0,0.0,0.0,0,0.0,0.0,0,0,0,0,0.0,0,0.0,0.0,0,0.0,0.0,0.0,0.0,0.0,0.0,0.0,0.0,0.0,0,0,0.0,0,0,0.0,0.0,0,0.4,0.117,0.288,0.386,0.832,0.375,0,0.3902,10.0,185.9
90340,USDJPYm,PULLBACK,BUY,2026.06.23 05:00:40,2026.06.23 05:01:40,1,161.637,161.618,-19.0,-11.76,0.0,0.0,SL_HIT,0.0,0.0,0.0,0,0.0,0.0,0.0,0.0,0,0.0,0.0,0,0,0,0,0.0,0,0.0,0.0,0,0.0,0.0,0.0,0.0,0.0,0.0,0.0,0.0,0.0,0,0,0.0,0,0,0.0,0.0,0,0.15,0.182,0.203,0.346,0.697,0.672,0,0.608,10.0,122.1
90342,USDJPYm,BREAKOUT,BUY,2026.06.23 05:03:40,2026.06.23 05:05:59,2,161.621,161.609,-12.0,-7.43,0.0,0.0,SL_HIT,0.0,0.0,0.0,0,0.0,0.0,0.0,0.0,0,0.0,0.0,0,0,0,0,0.0,0,0.0,0.0,0,0.0,0.0,0.0,0.0,0.0,0.0,0.0,0.0,0.0,0,0,0.0,0,0,0.0,0.0,0,0.15,0.182,0.203,0.346,0.697,0.672,0,0.608,10.0,122.1
90343,USDJPYm,TREND_CONTINUATION,BUY,2026.06.23 05:04:00,2026.06.23 05:05:59,1,161.62,161.609,-11.0,-6.81,0.0,0.0,SL_HIT,0.0,0.0,0.0,0,0.0,0.0,0.0,0.0,0,0.0,0.0,0,0,0,0,0.0,0,0.0,0.0,0,0.0,0.0,0.0,0.0,0.0,0.0,0.0,0.0,0.0,0,0,0.0,0,0,0.0,0.0,0,0.15,0.182,0.203,0.346,0.697,0.672,0,0.608,10.0,122.1
90346,USDJPYm,ANCHORED_PULLBACK,BUY,2026.06.23 06:00:00,2026.06.23 06:45:40,45,161.654,161.663,9.0,5.57,0.0,0.0,TRAIL_STOP,0.0,0.0,0.0,0,0.0,0.0,0.0,0.0,0,0.0,0.0,0,0,0,0,0.0,0,0.0,0.0,0,0.0,0.0,0.0,0.0,0.0,0.0,0.0,0.0,0.0,0,0,0.0,0,0,0.0,0.0,0,0.4,0.0,0.14,0.418,0.853,0.079,0,0.0,10.0,101.6
90348,USDJPYm,BREAKOUT_RETEST,BUY,2026.06.23 07:00:00,2026.06.23 07:01:40,1,161.649,161.583,-66.0,-40.91,0.0,0.0,SL_HIT,0.0,0.0,0.0,0,0.0,0.0,0.0,0.0,0,0.0,0.0,0,0,0,0,0.0,0,0.0,0.0,0,0.0,0.0,0.0,0.0,0.0,0.0,0.0,0.0,0.0,0,0,0.0,0,0,0.0,0.0,4,0.15,0.206,0.053,0.342,0.73,0.675,0,0.685,10.0,96.1
90350,USDJPYm,PULLBACK,BUY,2026.06.23 07:01:40,2026.06.23 07:02:40,1,161.327,161.504,177.0,109.7,0.0,0.0,TRAIL_STOP,0.0,0.0,0.0,0,0.0,0.0,0.0,0.0,0,0.0,0.0,0,0,0,0,0.0,0,0.0,0.0,0,0.0,0.0,0.0,0.0,0.0,0.0,0.0,0.0,0.0,0,0,0.0,0,0,0.0,0.0,4,0.15,0.206,0.053,0.342,0.73,0.675,0,0.685,10.0,96.1
90352,USDJPYm,BREAKOUT,BUY,2026.06.23 07:03:59,2026.06.23 07:04:59,1,161.434,161.468,34.0,21.06,0.0,0.0,TRAIL_STOP,0.0,0.0,0.0,0,0.0,0.0,0.0,0.0,0,0.0,0.0,0,0,0,0,0.0,0,0.0,0.0,0,0.0,0.0,0.0,0.0,0.0,0.0,0.0,0.0,0.0,0,0,0.0,0,0,0.0,0.0,4,0.15,0.206,0.053,0.342,0.73,0.675,0,0.685,10.0,96.1
90353,USDJPYm,TREND_CONTINUATION,BUY,2026.06.23 07:04:00,2026.06.23 07:04:59,0,161.435,161.468,33.0,20.44,0.0,0.0,TRAIL_STOP,0.0,0.0,0.0,0,0.0,0.0,0.0,0.0,0,0.0,0.0,0,0,0,0,0.0,0,0.0,0.0,0,0.0,0.0,0.0,0.0,0.0,0.0,0.0,0.0,0.0,0,0,0.0,0,0,0.0,0.0,4,0.15,0.206,0.053,0.342,0.73,0.675,0,0.685,10.0,96.1
90356,USDJPYm,MEAN_REVERSION,BUY,2026.06.23 07:48:40,2026.06.23 07:49:20,0,161.439,161.448,9.0,5.57,0.0,0.0,TRAIL_STOP,0.0,0.0,0.0,0,0.0,0.0,0.0,0.0,0,0.0,0.0,0,0,0,0,0.0,0,0.0,0.0,0,0.0,0.0,0.0,0.0,0.0,0.0,0.0,0.0,0.0,0,0,0.0,0,0,0.0,0.0,4,0.15,0.206,0.053,0.342,0.73,0.675,0,0.685,10.0,96.1
90358,USDJPYm,SWEEP_REVERSAL,BUY,2026.06.23 08:01:40,2026.06.23 08:02:40,1,161.414,161.42,6.0,3.72,0.0,0.0,TRAIL_STOP,0.0,0.0,0.0,0,0.0,0.0,0.0,0.0,0,0.0,0.0,0,0,0,0,0.0,0,0.0,0.0,0,0.0,0.0,0.0,0.0,0.0,0.0,0.0,0.0,0.0,0,0,0.0,0,0,0.0,0.0,6,0.3,0.0,0.533,0.605,0.755,0.145,0,0.0,10.0,114.7
90360,USDJPYm,MEAN_REVERSION,BUY,2026.06.23 09:58:40,2026.06.23 09:59:20,0,161.386,161.374,-12.0,-7.44,0.0,0.0,SL_HIT,0.0,0.0,0.0,0,0.0,0.0,0.0,0.0,0,0.0,0.0,0,0,0,0,0.0,0,0.0,0.0,0,0.0,0.0,0.0,0.0,0.0,0.0,0.0,0.0,0.0,0,0,0.0,0,0,0.0,0.0,0,0.0,0.196,0.07,0.204,0.646,0.419,1,-0.6538,10.0,121.0
90362,USDJPYm,ANCHORED_PULLBACK,BUY,2026.06.23 13:00:20,2026.06.23 13:01:20,1,161.56,161.568,8.0,4.95,0.0,0.0,TRAIL_STOP,0.0,0.0,0.0,0,0.0,0.0,0.0,0.0,0,0.0,0.0,0,0,0,0,0.0,0,0.0,0.0,0,0.0,0.0,0.0,0.0,0.0,0.0,0.0,0.0,0.0,0,0,0.0,0,0,0.0,0.0,0,0.4,0.195,0.213,0.393,0.68,0.975,0,-0.65,10.0,126.1
90364,USDJPYm,BREAKOUT,BUY,2026.06.23 17:30:40,2026.06.23 17:31:40,1,161.617,161.602,-15.0,-9.28,0.0,0.0,SL_HIT,0.0,0.0,0.0,0,0.0,0.0,0.0,0.0,0,0.0,0.0,0,0,0,0,0.0,0,0.0,0.0,0,0.0,0.0,0.0,0.0,0.0,0.0,0.0,0.0,0.0,0,0,0.0,0,0,0.0,0.0,0,0.15,0.206,0.138,0.343,0.825,0.675,0,0.685,10.0,131.9
90365,USDJPYm,TREND_CONTINUATION,BUY,2026.06.23 17:31:00,2026.06.23 17:31:40,0,161.615,161.602,-13.0,-8.04,0.0,0.0,SL_HIT,0.0,0.0,0.0,0,0.0,0.0,0.0,0.0,0,0.0,0.0,0,0,0,0,0.0,0,0.0,0.0,0,0.0,0.0,0.0,0.0,0.0,0.0,0.0,0.0,0.0,0,0,0.0,0,0,0.0,0.0,0,0.15,0.206,0.138,0.343,0.825,0.675,0,0.685,10.0,131.9
90366,USDJPYm,PULLBACK,BUY,2026.06.23 17:31:20,2026.06.23 17:31:40,0,161.617,161.602,-15.0,-9.28,0.0,0.0,SL_HIT,0.0,0.0,0.0,0,0.0,0.0,0.0,0.0,0,0.0,0.0,0,0,0,0,0.0,0,0.0,0.0,0,0.0,0.0,0.0,0.0,0.0,0.0,0.0,0.0,0.0,0,0,0.0,0,0,0.0,0.0,0,0.15,0.206,0.138,0.343,0.825,0.675,0,0.685,10.0,131.9
90370,USDJPYm,BREAKOUT_RETEST,BUY,2026.06.23 17:40:40,2026.06.23 17:41:20,0,161.57,161.555,-15.0,-9.28,0.0,0.0,SL_HIT,0.0,0.0,0.0,0,0.0,0.0,0.0,0.0,0,0.0,0.0,0,0,0,0,0.0,0,0.0,0.0,0,0.0,0.0,0.0,0.0,0.0,0.0,0.0,0.0,0.0,0,0,0.0,0,0,0.0,0.0,0,0.15,0.206,0.138,0.088,0.825,0.675,1,0.685,10.0,131.9
90372,USDJPYm,TREND_CONTINUATION,BUY,2026.06.23 19:37:40,2026.06.23 19:53:40,16,161.557,161.53,-27.0,-16.72,0.0,0.0,SL_HIT,0.0,0.0,0.0,0,0.0,0.0,0.0,0.0,0,0.0,0.0,0,0,0,0,0.0,0,0.0,0.0,0,0.0,0.0,0.0,0.0,0.0,0.0,0.0,0.0,0.0,0,0,0.0,0,0,0.0,0.0,0,0.25,0.174,0.258,0.332,0.761,0.55,0,0.58,10.0,131.1
90373,USDJPYm,BREAKOUT_RETEST,BUY,2026.06.23 19:42:40,2026.06.23 19:53:40,11,161.548,161.53,-18.0,-11.14,0.0,0.0,SL_HIT,0.0,0.0,0.0,0,0.0,0.0,0.0,0.0,0,0.0,0.0,0,0,0,0,0.0,0,0.0,0.0,0,0.0,0.0,0.0,0.0,0.0,0.0,0.0,0.0,0.0,0,0,0.0,0,0,0.0,0.0,0,0.25,0.174,0.258,0.332,0.761,0.55,0,0.58,10.0,131.1
90376,USDJPYm,MEAN_REVERSION,BUY,2026.06.23 21:05:00,2026.06.23 21:05:40,0,161.573,161.516,-57.0,-35.31,0.0,0.0,SL_HIT,0.0,0.0,0.0,0,0.0,0.0,0.0,0.0,0,0.0,0.0,0,0,0,0,0.0,0,0.0,0.0,0,0.0,0.0,0.0,0.0,0.0,0.0,0.0,0.0,0.0,0,0,0.0,0,0,0.0,0.0,0,0.4,0.195,0.301,0.452,0.747,0.65,0,0.65,93.0,125.1
90378,USDJPYm,SWEEP_REVERSAL,BUY,2026.06.23 21:05:40,2026.06.23 21:06:40,1,161.518,161.478,-40.0,-24.78,0.0,0.0,SL_HIT,0.0,0.0,0.0,0,0.0,0.0,0.0,0.0,0,0.0,0.0,0,0,0,0,0.0,0,0.0,0.0,0,0.0,0.0,0.0,0.0,0.0,0.0,0.0,0.0,0.0,0,0,0.0,0,0,0.0,0.0,0,0.4,0.195,0.301,0.452,0.747,0.65,0,0.65,96.0,125.1
90380,USDJPYm,BREAKOUT_RETEST,BUY,2026.06.23 22:00:40,2026.06.23 22:03:40,3,161.556,161.553,-3.0,-1.86,0.0,0.0,SL_HIT,0.0,0.0,0.0,0,0.0,0.0,0.0,0.0,0,0.0,0.0,0,0,0,0,0.0,0,0.0,0.0,0,0.0,0.0,0.0,0.0,0.0,0.0,0.0,0.0,0.0,0,0,0.0,0,0,0.0,0.0,0,0.0,0.258,0.0,0.16,0.745,1.0,1,0.86,10.0,110.6
90381,USDJPYm,PULLBACK,BUY,2026.06.23 22:02:40,2026.06.23 22:03:40,1,161.567,161.551,-16.0,-9.9,0.0,0.0,SL_HIT,0.0,0.0,0.0,0,0.0,0.0,0.0,0.0,0,0.0,0.0,0,0,0,0,0.0,0,0.0,0.0,0,0.0,0.0,0.0,0.0,0.0,0.0,0.0,0.0,0.0,0,0,0.0,0,0,0.0,0.0,0,0.0,0.258,0.0,0.16,0.745,1.0,1,0.86,10.0,110.6
90384,USDJPYm,TREND_CONTINUATION,BUY,2026.06.23 22:04:40,2026.06.23 22:30:40,26,161.569,161.571,2.0,1.24,0.0,0.0,TRAIL_STOP,0.0,0.0,0.0,0,0.0,0.0,0.0,0.0,0,0.0,0.0,0,0,0,0,0.0,0,0.0,0.0,0,0.0,0.0,0.0,0.0,0.0,0.0,0.0,0.0,0.0,0,0,0.0,0,0,0.0,0.0,0,0.0,0.258,0.0,0.108,0.745,1.0,1,0.86,10.0,110.6
90386,USDJPYm,BREAKOUT,BUY,2026.06.23 23:30:40,2026.06.23 23:31:59,1,161.572,161.568,-4.0,-2.48,0.0,0.0,SL_HIT,0.0,0.0,0.0,0,0.0,0.0,0.0,0.0,0,0.0,0.0,0,0,0,0,0.0,0,0.0,0.0,0,0.0,0.0,0.0,0.0,0.0,0.0,0.0,0.0,0.0,0,0,0.0,0,0,0.0,0.0,0,0.25,0.216,0.088,0.1,0.769,0.75,1,0.72,10.0,100.4
90388,USDJPYm,BREAKOUT_RETEST,BUY,2026.06.24 00:00:59,2026.06.24 00:01:40,0,161.587,161.558,-29.0,-17.95,0.0,0.0,SL_HIT,0.0,0.0,0.0,0,0.0,0.0,0.0,0.0,0,0.0,0.0,0,0,0,0,0.0,0,0.0,0.0,0,0.0,0.0,0.0,0.0,0.0,0.0,0.0,0.0,0.0,0,0,0.0,0,0,0.0,0.0,0,0.25,0.164,0.238,0.142,0.749,0.889,1,0.5475,10.0,96.9
90390,USDJPYm,PULLBACK,BUY,2026.06.24 00:02:40,2026.06.24 00:50:40,48,161.588,161.603,15.0,9.28,0.0,0.0,TRAIL_STOP,0.0,0.0,0.0,0,0.0,0.0,0.0,0.0,0,0.0,0.0,0,0,0,0,0.0,0,0.0,0.0,0,0.0,0.0,0.0,0.0,0.0,0.0,0.0,0.0,0.0,0,0,0.0,0,0,0.0,0.0,0,0.25,0.164,0.238,0.377,0.749,0.889,0,0.5475,10.0,96.9
90391,USDJPYm,TREND_CONTINUATION,BUY,2026.06.24 00:05:40,2026.06.24 00:50:40,45,161.571,161.603,32.0,19.8,0.0,0.0,TRAIL_STOP,0.0,0.0,0.0,0,0.0,0.0,0.0,0.0,0,0.0,0.0,0,0,0,0,0.0,0,0.0,0.0,0,0.0,0.0,0.0,0.0,0.0,0.0,0.0,0.0,0.0,0,0,0.0,0,0,0.0,0.0,0,0.25,0.164,0.238,0.377,0.749,0.889,0,0.5475,10.0,96.9
90394,USDJPYm,ANCHORED_PULLBACK,BUY,2026.06.24 01:00:00,2026.06.24 01:05:40,5,161.628,161.566,-62.0,-38.37,0.0,0.0,SL_HIT,0.0,0.0,0.0,0,0.0,0.0,0.0,0.0,0,0.0,0.0,0,0,0,0,0.0,0,0.0,0.0,0,0.0,0.0,0.0,0.0,0.0,0.0,0.0,0.0,0.0,0,0,0.0,0,0,0.0,0.0,0,0.0,0.228,0.15,0.012,0.666,0.891,1,0.7592,10.0,93.9
90396,USDJPYm,BREAKOUT,BUY,2026.06.24 01:30:40,2026.06.24 01:32:40,2,161.593,161.579,-14.0,-8.66,0.0,0.0,SL_HIT,0.0,0.0,0.0,0,0.0,0.0,0.0,0.0,0,0.0,0.0,0,0,0,0,0.0,0,0.0,0.0,0,0.0,0.0,0.0,0.0,0.0,0.0,0.0,0.0,0.0,0,0,0.0,0,0,0.0,0.0,0,0.0,0.228,0.15,0.079,0.666,0.891,1,0.7592,10.0,93.9
90398,USDJPYm,BREAKOUT_RETEST,BUY,2026.06.24 02:00:59,2026.06.24 02:04:40,3,161.585,161.578,-7.0,-4.33,0.0,0.0,SL_HIT,0.0,0.0,0.0,0,0.0,0.0,0.0,0.0,0,0.0,0.0,0,0,0,0,0.0,0,0.0,0.0,0,0.0,0.0,0.0,0.0,0.0,0.0,0.0,0.0,0.0,0,0,0.0,0,0,0.0,0.0,0,0.25,0.18,0.193,0.1,0.78,0.576,1,0.6006,10.0,86.0
90400,USDJPYm,TREND_CONTINUATION,BUY,2026.06.24 02:05:40,2026.06.24 02:07:59,2,161.578,161.579,1.0,0.62,0.0,0.0,TRAIL_STOP,0.0,0.0,0.0,0,0.0,0.0,0.0,0.0,0,0.0,0.0,0,0,0,0,0.0,0,0.0,0.0,0,0.0,0.0,0.0,0.0,0.0,0.0,0.0,0.0,0.0,0,0,0.0,0,0,0.0,0.0,0,0.25,0.18,0.193,0.179,0.78,0.576,1,0.6006,10.0,86.0
90402,USDJPYm,PULLBACK,BUY,2026.06.24 03:14:40,2026.06.24 03:15:40,1,161.611,161.593,-18.0,-11.14,0.0,0.0,SL_HIT,0.0,0.0,0.0,0,0.0,0.0,0.0,0.0,0,0.0,0.0,0,0,0,0,0.0,0,0.0,0.0,0,0.0,0.0,0.0,0.0,0.0,0.0,0.0,0.0,0.0,0,0,0.0,0,0,0.0,0.0,0,0.4,0.165,0.234,0.301,0.784,0.789,1,0.5511,10.0,78.4
90404,USDJPYm,BREAKOUT,BUY,2026.06.24 06:00:00,2026.06.24 06:01:20,1,161.616,161.616,0.0,0.0,0.0,0.0,TRAIL_STOP,0.0,0.0,0.0,0,0.0,0.0,0.0,0.0,0,0.0,0.0,0,0,0,0,0.0,0,0.0,0.0,0,0.0,0.0,0.0,0.0,0.0,0.0,0.0,0.0,0.0,0,0,0.0,0,0,0.0,0.0,0,0.4,0.088,0.14,0.42,0.815,0.374,0,-0.2942,10.0,69.4
90406,USDJPYm,ANCHORED_PULLBACK,BUY,2026.06.24 07:00:00,2026.06.24 07:00:40,0,161.716,161.69,-26.0,-16.08,0.0,0.0,SL_HIT,0.0,0.0,0.0,0,0.0,0.0,0.0,0.0,0,0.0,0.0,0,0,0,0,0.0,0,0.0,0.0,0,0.0,0.0,0.0,0.0,0.0,0.0,0.0,0.0,0.0,0,0,0.0,0,0,0.0,0.0,4,0.15,0.134,0.053,0.315,0.614,0.319,0,0.4477,10.0,74.8
90408,USDJPYm,PULLBACK,BUY,2026.06.24 07:16:40,2026.06.24 07:31:40,15,161.716,161.686,-30.0,-18.56,0.0,0.0,SL_HIT,0.0,0.0,0.0,0,0.0,0.0,0.0,0.0,0,0.0,0.0,0,0,0,0,0.0,0,0.0,0.0,0,0.0,0.0,0.0,0.0,0.0,0.0,0.0,0.0,0.0,0,0,0.0,0,0,0.0,0.0,4,0.15,0.134,0.053,0.315,0.614,0.319,0,0.4477,10.0,74.8
90410,USDJPYm,BREAKOUT,BUY,2026.06.24 08:00:00,2026.06.24 08:00:40,0,161.721,161.71,-11.0,-6.8,0.0,0.0,SL_HIT,0.0,0.0,0.0,0,0.0,0.0,0.0,0.0,0,0.0,0.0,0,0,0,0,0.0,0,0.0,0.0,0,0.0,0.0,0.0,0.0,0.0,0.0,0.0,0.0,0.0,0,0,0.0,0,0,0.0,0.0,0,0.15,0.216,0.053,0.118,0.494,0.75,0,0.72,10.0,75.0
90412,USDJPYm,TREND_CONTINUATION,BUY,2026.06.24 08:08:40,2026.06.24 08:09:59,1,161.705,161.712,7.0,4.33,0.0,0.0,TRAIL_STOP,0.0,0.0,0.0,0,0.0,0.0,0.0,0.0,0,0.0,0.0,0,0,0,0,0.0,0,0.0,0.0,0,0.0,0.0,0.0,0.0,0.0,0.0,0.0,0.0,0.0,0,0,0.0,0,0,0.0,0.0,0,0.15,0.216,0.053,0.242,0.494,0.75,0,0.72,10.0,75.0
90414,USDJPYm,ANCHORED_PULLBACK,BUY,2026.06.24 09:00:00,2026.06.24 09:00:40,0,161.759,161.759,0.0,0.0,0.0,0.0,TRAIL_STOP,0.0,0.0,0.0,0,0.0,0.0,0.0,0.0,0,0.0,0.0,0,0,0,0,0.0,0,0.0,0.0,0,0.0,0.0,0.0,0.0,0.0,0.0,0.0,0.0,0.0,0,0,0.0,0,0,0.0,0.0,0,0.15,0.226,0.053,0.328,0.659,0.825,0,0.755,10.0,76.7
90416,USDJPYm,PULLBACK,BUY,2026.06.24 09:16:40,2026.06.24 09:18:40,2,161.774,161.764,-10.0,-6.18,0.0,0.0,SL_HIT,0.0,0.0,0.0,0,0.0,0.0,0.0,0.0,0,0.0,0.0,0,0,0,0,0.0,0,0.0,0.0,0,0.0,0.0,0.0,0.0,0.0,0.0,0.0,0.0,0.0,0,0,0.0,0,0,0.0,0.0,0,0.15,0.226,0.053,0.328,0.659,0.825,0,0.755,10.0,76.7
90418,USDJPYm,BREAKOUT_RETEST,BUY,2026.06.24 09:39:40,2026.06.24 09:40:40,1,161.716,161.729,13.0,8.04,0.0,0.0,TRAIL_STOP,0.0,0.0,0.0,0,0.0,0.0,0.0,0.0,0,0.0,0.0,0,0,0,0,0.0,0,0.0,0.0,0,0.0,0.0,0.0,0.0,0.0,0.0,0.0,0.0,0.0,0,0,0.0,0,0,0.0,0.0,0,0.15,0.226,0.053,0.215,0.659,0.825,1,0.755,10.0,76.7
90420,USDJPYm,BREAKOUT,BUY,2026.06.24 10:00:00,2026.06.24 10:00:59,0,161.746,161.744,-2.0,-1.24,0.0,0.0,SL_HIT,0.0,0.0,0.0,0,0.0,0.0,0.0,0.0,0,0.0,0.0,0,0,0,0,0.0,0,0.0,0.0,0,0.0,0.0,0.0,0.0,0.0,0.0,0.0,0.0,0.0,0,0,0.0,0,0,0.0,0.0,0,0.0,0.237,0.138,0.142,0.659,0.9,1,0.79,10.0,77.0
90422,USDJPYm,TREND_CONTINUATION,BUY,2026.06.24 10:08:40,2026.06.24 10:10:40,2,161.747,161.74,-7.0,-4.33,0.0,0.0,SL_HIT,0.0,0.0,0.0,0,0.0,0.0,0.0,0.0,0,0.0,0.0,0,0,0,0,0.0,0,0.0,0.0,0,0.0,0.0,0.0,0.0,0.0,0.0,0.0,0.0,0.0,0,0,0.0,0,0,0.0,0.0,0,0.0,0.237,0.138,0.142,0.659,0.9,1,0.79,10.0,77.0
90424,USDJPYm,SWEEP_REVERSAL,BUY,2026.06.24 11:01:20,2026.06.24 11:02:20,1,161.687,161.674,-13.0,-8.04,0.0,0.0,SL_HIT,0.0,0.0,0.0,0,0.0,0.0,0.0,0.0,0,0.0,0.0,0,0,0,0,0.0,0,0.0,0.0,0,0.0,0.0,0.0,0.0,0.0,0.0,0.0,0.0,0.0,0,0,0.0,0,0,0.0,0.0,0,0.15,0.247,0.162,0.308,0.632,0.65,0,0.825,10.0,78.7
90426,USDJPYm,MEAN_REVERSION,BUY,2026.06.24 11:28:40,2026.06.24 11:29:40,1,161.694,161.685,-9.0,-5.57,0.0,0.0,SL_HIT,0.0,0.0,0.0,0,0.0,0.0,0.0,0.0,0,0.0,0.0,0,0,0,0,0.0,0,0.0,0.0,0,0.0,0.0,0.0,0.0,0.0,0.0,0.0,0.0,0.0,0,0,0.0,0,0,0.0,0.0,0,0.15,0.247,0.162,0.344,0.632,0.65,0,0.825,10.0,78.7
90428,USDJPYm,PULLBACK,BUY,2026.06.24 12:15:59,2026.06.24 12:19:40,3,161.698,161.666,-32.0,-19.79,0.0,0.0,SL_HIT,0.0,0.0,0.0,0,0.0,0.0,0.0,0.0,0,0.0,0.0,0,0,0,0,0.0,0,0.0,0.0,0,0.0,0.0,0.0,0.0,0.0,0.0,0.0,0.0,0.0,0,0,0.0,0,0,0.0,0.0,0,0.4,0.206,0.264,0.368,0.752,1.0,0,0.685,10.0,75.8
90430,USDJPYm,TREND_CONTINUATION,BUY,2026.06.24 12:32:40,2026.06.24 12:33:20,0,161.732,161.708,-24.0,-14.84,0.0,0.0,SL_HIT,0.0,0.0,0.0,0,0.0,0.0,0.0,0.0,0,0.0,0.0,0,0,0,0,0.0,0,0.0,0.0,0,0.0,0.0,0.0,0.0,0.0,0.0,0.0,0.0,0.0,0,0,0.0,0,0,0.0,0.0,0,0.4,0.206,0.264,0.305,0.752,1.0,1,0.685,10.0,75.8
90432,USDJPYm,ANCHORED_PULLBACK,BUY,2026.06.24 13:01:59,2026.06.24 13:02:40,0,161.758,161.749,-9.0,-5.56,0.0,0.0,SL_HIT,0.0,0.0,0.0,0,0.0,0.0,0.0,0.0,0,0.0,0.0,0,0,0,0,0.0,0,0.0,0.0,0,0.0,0.0,0.0,0.0,0.0,0.0,0.0,0.0,0.0,0,0,0.0,0,0,0.0,0.0,0,0.4,0.216,0.272,0.16,0.538,0.75,1,0.72,10.0,79.1
90434,USDJPYm,BREAKOUT,BUY,2026.06.24 14:00:00,2026.06.24 14:01:40,1,161.756,161.75,-6.0,-3.71,0.0,0.0,SL_HIT,0.0,0.0,0.0,0,0.0,0.0,0.0,0.0,0,0.0,0.0,0,0,0,0,0.0,0,0.0,0.0,0,0.0,0.0,0.0,0.0,0.0,0.0,0.0,0.0,0.0,0,0,0.0,0,0,0.0,0.0,0,0.15,0.279,0.129,0.101,0.563,1.0,1,0.93,10.0,78.4
90436,USDJPYm,BREAKOUT_RETEST,BUY,2026.06.24 14:01:40,2026.06.24 14:02:40,1,161.75,161.745,-5.0,-3.09,0.0,0.0,SL_HIT,0.0,0.0,0.0,0,0.0,0.0,0.0,0.0,0,0.0,0.0,0,0,0,0,0.0,0,0.0,0.0,0,0.0,0.0,0.0,0.0,0.0,0.0,0.0,0.0,0.0,0,0,0.0,0,0,0.0,0.0,0,0.15,0.279,0.129,0.113,0.563,1.0,1,0.93,10.0,78.4
90438,USDJPYm,TREND_CONTINUATION,BUY,2026.06.24 14:32:40,2026.06.24 14:33:20,0,161.736,161.724,-12.0,-7.42,0.0,0.0,SL_HIT,0.0,0.0,0.0,0,0.0,0.0,0.0,0.0,0,0.0,0.0,0,0,0,0,0.0,0,0.0,0.0,0,0.0,0.0,0.0,0.0,0.0,0.0,0.0,0.0,0.0,0,0,0.0,0,0,0.0,0.0,0,0.15,0.279,0.129,0.098,0.563,1.0,1,0.93,10.0,78.4
90440,USDJPYm,PULLBACK,BUY,2026.06.24 14:56:40,2026.06.24 14:57:59,1,161.771,161.784,13.0,8.04,0.0,0.0,TRAIL_STOP,0.0,0.0,0.0,0,0.0,0.0,0.0,0.0,0,0.0,0.0,0,0,0,0,0.0,0,0.0,0.0,0,0.0,0.0,0.0,0.0,0.0,0.0,0.0,0.0,0.0,0,0,0.0,0,0,0.0,0.0,0,0.15,0.279,0.129,0.325,0.563,1.0,0,0.93,10.0,78.4
90442,USDJPYm,ANCHORED_PULLBACK,BUY,2026.06.24 15:03:40,2026.06.24 15:04:20,0,161.773,161.769,-4.0,-2.47,0.0,0.0,SL_HIT,0.0,0.0,0.0,0,0.0,0.0,0.0,0.0,0,0.0,0.0,0,0,0,0,0.0,0,0.0,0.0,0,0.0,0.0,0.0,0.0,0.0,0.0,0.0,0.0,0.0,0,0,0.0,0,0,0.0,0.0,0,0.4,0.237,0.245,0.452,0.699,1.0,0,0.79,10.0,80.3
90444,USDJPYm,BREAKOUT_RETEST,BUY,2026.06.24 16:01:40,2026.06.24 16:02:59,1,161.768,161.757,-11.0,-6.8,0.0,0.0,SL_HIT,0.0,0.0,0.0,0,0.0,0.0,0.0,0.0,0,0.0,0.0,0,0,0,0,0.0,0,0.0,0.0,0,0.0,0.0,0.0,0.0,0.0,0.0,0.0,0.0,0.0,0,0,0.0,0,0,0.0,0.0,0,0.25,0.247,0.169,0.255,0.769,0.8,1,0.825,10.0,80.5
90446,USDJPYm,BREAKOUT,BUY,2026.06.24 16:09:40,2026.06.24 16:10:40,1,161.745,161.736,-9.0,-5.57,0.0,0.0,SL_HIT,0.0,0.0,0.0,0,0.0,0.0,0.0,0.0,0,0.0,0.0,0,0,0,0,0.0,0,0.0,0.0,0,0.0,0.0,0.0,0.0,0.0,0.0,0.0,0.0,0.0,0,0,0.0,0,0,0.0,0.0,0,0.25,0.247,0.169,0.209,0.769,0.8,1,0.825,10.0,80.5
90448,USDJPYm,PULLBACK,BUY,2026.06.24 17:01:40,2026.06.24 17:02:59,1,161.75,161.762,12.0,7.42,0.0,0.0,TRAIL_STOP,0.0,0.0,0.0,0,0.0,0.0,0.0,0.0,0,0.0,0.0,0,0,0,0,0.0,0,0.0,0.0,0,0.0,0.0,0.0,0.0,0.0,0.0,0.0,0.0,0.0,0,0,0.0,0,0,0.0,0.0,0,0.0,0.3,0.121,0.043,0.654,0.8,1,1.0,10.0,82.3
90449,USDJPYm,TREND_CONTINUATION,BUY,2026.06.24 17:02:40,2026.06.24 17:03:40,1,161.775,161.75,-25.0,-15.46,0.0,0.0,SL_HIT,0.0,0.0,0.0,0,0.0,0.0,0.0,0.0,0,0.0,0.0,0,0,0,0,0.0,0,0.0,0.0,0,0.0,0.0,0.0,0.0,0.0,0.0,0.0,0.0,0.0,0,0,0.0,0,0,0.0,0.0,0,0.0,0.3,0.121,0.0,0.654,0.8,1,1.0,10.0,82.3
90452,USDJPYm,ANCHORED_PULLBACK,BUY,2026.06.24 17:05:40,2026.06.24 17:06:40,1,161.776,161.764,-12.0,-7.42,0.0,0.0,SL_HIT,0.0,0.0,0.0,0,0.0,0.0,0.0,0.0,0,0.0,0.0,0,0,0,0,0.0,0,0.0,0.0,0,0.0,0.0,0.0,0.0,0.0,0.0,0.0,0.0,0.0,0,0,0.0,0,0,0.0,0.0,0,0.0,0.3,0.121,0.205,0.654,0.8,0,1.0,10.0,82.3
90454,USDJPYm,BREAKOUT,BUY,2026.06.24 18:09:40,2026.06.24 18:10:40,1,161.812,161.802,-10.0,-6.18,0.0,0.0,SL_HIT,0.0,0.0,0.0,0,0.0,0.0,0.0,0.0,0,0.0,0.0,0,0,0,0,0.0,0,0.0,0.0,0,0.0,0.0,0.0,0.0,0.0,0.0,0.0,0.0,0.0,0,0,0.0,0,0,0.0,0.0,0,0.15,0.255,0.206,0.297,0.715,0.976,0,0.8504,10.0,84.1
90456,USDJPYm,BREAKOUT_RETEST,BUY,2026.06.24 18:31:40,2026.06.24 18:32:40,1,161.786,161.778,-8.0,-4.95,0.0,0.0,SL_HIT,0.0,0.0,0.0,0,0.0,0.0,0.0,0.0,0,0.0,0.0,0,0,0,0,0.0,0,0.0,0.0,0,0.0,0.0,0.0,0.0,0.0,0.0,0.0,0.0,0.0,0,0,0.0,0,0,0.0,0.0,0,0.15,0.255,0.206,0.186,0.715,0.976,1,0.8504,10.0,84.1
90458,USDJPYm,TREND_CONTINUATION,BUY,2026.06.24 19:02:59,2026.06.24 19:03:40,0,161.771,161.757,-14.0,-8.66,0.0,0.0,SL_HIT,0.0,0.0,0.0,0,0.0,0.0,0.0,0.0,0,0.0,0.0,0,0,0,0,0.0,0,0.0,0.0,0,0.0,0.0,0.0,0.0,0.0,0.0,0.0,0.0,0.0,0,0,0.0,0,0,0.0,0.0,0,0.0,0.285,0.153,0.075,0.662,0.749,1,0.9489,10.0,86.6
90460,USDJPYm,PULLBACK,BUY,2026.06.24 19:15:40,2026.06.24 19:17:40,2,161.819,161.809,-10.0,-6.18,0.0,0.0,SL_HIT,0.0,0.0,0.0,0,0.0,0.0,0.0,0.0,0,0.0,0.0,0,0,0,0,0.0,0,0.0,0.0,0,0.0,0.0,0.0,0.0,0.0,0.0,0.0,0.0,0.0,0,0,0.0,0,0,0.0,0.0,0,0.0,0.285,0.153,0.195,0.662,0.749,0,0.9489,10.0,86.6
90462,USDJPYm,BREAKOUT,BUY,2026.06.24 20:09:40,2026.06.24 20:20:40,11,161.804,161.806,2.0,1.24,0.0,0.0,TRAIL_STOP,0.0,0.0,0.0,0,0.0,0.0,0.0,0.0,0,0.0,0.0,0,0,0,0,0.0,0,0.0,0.0,0,0.0,0.0,0.0,0.0,0.0,0.0,0.0,0.0,0.0,0,0,0.0,0,0,0.0,0.0,0,0.0,0.3,0.106,0.126,0.624,1.0,1,1.0,18.0,88.1
90464,USDJPYm,BREAKOUT_RETEST,BUY,2026.06.24 20:31:40,2026.06.24 20:32:40,1,161.812,161.803,-9.0,-5.56,0.0,0.0,SL_HIT,0.0,0.0,0.0,0,0.0,0.0,0.0,0.0,0,0.0,0.0,0,0,0,0,0.0,0,0.0,0.0,0,0.0,0.0,0.0,0.0,0.0,0.0,0.0,0.0,0.0,0,0,0.0,0,0,0.0,0.0,0,0.0,0.3,0.106,0.04,0.624,1.0,1,1.0,10.0,88.1
90466,USDJPYm,MEAN_REVERSION,BUY,2026.06.24 22:03:40,2026.06.24 22:04:20,0,161.757,161.753,-4.0,-2.47,0.0,0.0,SL_HIT,0.0,0.0,0.0,0,0.0,0.0,0.0,0.0,0,0.0,0.0,0,0,0,0,0.0,0,0.0,0.0,0,0.0,0.0,0.0,0.0,0.0,0.0,0.0,0.0,0.0,0,0,0.0,0,0,0.0,0.0,0,0.25,0.247,0.238,0.365,0.676,1.0,0,0.825,10.0,90.0
90468,USDJPYm,SWEEP_REVERSAL,BUY,2026.06.24 22:34:40,2026.06.24 22:36:00,1,161.742,161.745,3.0,1.85,0.0,0.0,TRAIL_STOP,0.0,0.0,0.0,0,0.0,0.0,0.0,0.0,0,0.0,0.0,0,0,0,0,0.0,0,0.0,0.0,0,0.0,0.0,0.0,0.0,0.0,0.0,0.0,0.0,0.0,0,0,0.0,0,0,0.0,0.0,0,0.25,0.247,0.238,0.389,0.676,1.0,0,0.825,10.0,90.0
90470,USDJPYm,BREAKOUT_RETEST,BUY,2026.06.24 22:54:40,2026.06.24 22:55:40,1,161.782,161.769,-13.0,-8.04,0.0,0.0,SL_HIT,0.0,0.0,0.0,0,0.0,0.0,0.0,0.0,0,0.0,0.0,0,0,0,0,0.0,0,0.0,0.0,0,0.0,0.0,0.0,0.0,0.0,0.0,0.0,0.0,0.0,0,0,0.0,0,0,0.0,0.0,0,0.25,0.247,0.238,0.365,0.676,1.0,0,0.825,10.0,90.0
90472,USDJPYm,TREND_CONTINUATION,BUY,2026.06.24 23:13:40,2026.06.24 23:15:40,2,161.774,161.762,-12.0,-7.42,0.0,0.0,SL_HIT,0.0,0.0,0.0,0,0.0,0.0,0.0,0.0,0,0.0,0.0,0,0,0,0,0.0,0,0.0,0.0,0,0.0,0.0,0.0,0.0,0.0,0.0,0.0,0.0,0.0,0,0,0.0,0,0,0.0,0.0,0,0.25,0.247,0.088,0.189,0.608,0.8,1,0.825,10.0,87.9
90474,USDJPYm,PULLBACK,BUY,2026.06.24 23:31:59,2026.06.24 23:33:40,1,161.792,161.779,-13.0,-8.04,0.0,0.0,SL_HIT,0.0,0.0,0.0,0,0.0,0.0,0.0,0.0,0,0.0,0.0,0,0,0,0,0.0,0,0.0,0.0,0,0.0,0.0,0.0,0.0,0.0,0.0,0.0,0.0,0.0,0,0,0.0,0,0,0.0,0.0,0,0.25,0.247,0.088,0.32,0.608,0.8,1,0.825,10.0,87.9
90476,USDJPYm,MEAN_REVERSION,BUY,2026.06.25 00:04:20,2026.06.25 00:04:40,0,161.761,161.748,-13.0,-8.04,0.0,0.0,SL_HIT,0.0,0.0,0.0,0,0.0,0.0,0.0,0.0,0,0.0,0.0,0,0,0,0,0.0,0,0.0,0.0,0,0.0,0.0,0.0,0.0,0.0,0.0,0.0,0.0,0.0,0,0,0.0,0,0,0.0,0.0,0,0.0,0.3,0.0,0.246,0.647,0.8,0,1.0,10.0,85.8
90478,USDJPYm,SWEEP_REVERSAL,BUY,2026.06.25 00:48:20,2026.06.25 00:50:40,2,161.708,161.72,12.0,7.42,0.0,0.0,TRAIL_STOP,0.0,0.0,0.0,0,0.0,0.0,0.0,0.0,0,0.0,0.0,0,0,0,0,0.0,0,0.0,0.0,0,0.0,0.0,0.0,0.0,0.0,0.0,0.0,0.0,0.0,0,0,0.0,0,0,0.0,0.0,0,0.0,0.3,0.0,0.249,0.647,0.8,0,1.0,10.0,85.8
90480,USDJPYm,BREAKOUT_RETEST,BUY,2026.06.25 00:55:20,2026.06.25 00:55:40,0,161.755,161.729,-26.0,-16.08,0.0,0.0,SL_HIT,0.0,0.0,0.0,0,0.0,0.0,0.0,0.0,0,0.0,0.0,0,0,0,0,0.0,0,0.0,0.0,0,0.0,0.0,0.0,0.0,0.0,0.0,0.0,0.0,0.0,0,0,0.0,0,0,0.0,0.0,0,0.0,0.3,0.0,0.249,0.647,0.8,0,1.0,10.0,85.8
90482,USDJPYm,TREND_CONTINUATION,BUY,2026.06.25 01:22:40,2026.06.25 01:50:40,28,161.633,161.714,81.0,50.09,0.0,0.0,TRAIL_STOP,0.0,0.0,0.0,0,0.0,0.0,0.0,0.0,0,0.0,0.0,0,0,0,0,0.0,0,0.0,0.0,0,0.0,0.0,0.0,0.0,0.0,0.0,0.0,0.0,0.0,0,0,0.0,0,0,0.0,0.0,0,0.25,0.19,0.238,0.356,0.725,0.912,0,0.6329,10.0,86.9
90484,USDJPYm,MEAN_REVERSION,BUY,2026.06.25 02:04:40,2026.06.25 02:05:40,1,161.723,161.719,-4.0,-2.47,0.0,0.0,SL_HIT,0.0,0.0,0.0,0,0.0,0.0,0.0,0.0,0,0.0,0.0,0,0,0,0,0.0,0,0.0,0.0,0,0.0,0.0,0.0,0.0,0.0,0.0,0.0,0.0,0.0,0,0,0.0,0,0,0.0,0.0,0,0.0,0.139,0.0,0.159,0.762,0.344,1,-0.4641,10.0,93.4
90486,USDJPYm,ANCHORED_PULLBACK,BUY,2026.06.25 05:00:00,2026.06.25 05:00:40,0,161.772,161.76,-12.0,-7.42,0.0,0.0,SL_HIT,0.0,0.0,0.0,0,0.0,0.0,0.0,0.0,0,0.0,0.0,0,0,0,0,0.0,0,0.0,0.0,0,0.0,0.0,0.0,0.0,0.0,0.0,0.0,0.0,0.0,0,0,0.0,0,0,0.0,0.0,0,0.25,0.185,0.238,0.385,0.772,0.9,0,-0.615,10.0,85.8
90488,USDJPYm,ANCHORED_PULLBACK,BUY,2026.06.25 07:00:00,2026.06.25 07:01:40,1,161.889,161.861,-28.0,-17.3,0.0,0.0,SL_HIT,0.0,0.0,0.0,0,0.0,0.0,0.0,0.0,0,0.0,0.0,0,0,0,0,0.0,0,0.0,0.0,0,0.0,0.0,0.0,0.0,0.0,0.0,0.0,0.0,0.0,0,0,0.0,0,0,0.0,0.0,0,0.4,0.149,0.14,0.433,0.668,0.767,0,-0.4964,10.0,89.3
90490,USDJPYm,TREND_CONTINUATION,BUY,2026.06.25 08:00:00,2026.06.25 08:00:40,0,161.818,161.814,-4.0,-2.47,0.0,0.0,SL_HIT,0.0,0.0,0.0,0,0.0,0.0,0.0,0.0,0,0.0,0.0,0,0,0,0,0.0,0,0.0,0.0,0,0.0,0.0,0.0,0.0,0.0,0.0,0.0,0.0,0.0,0,0,0.0,0,0,0.0,0.0,0,0.4,0.153,0.209,0.273,0.758,0.45,1,0.51,10.0,93.6
90492,USDJPYm,MEAN_REVERSION,BUY,2026.06.25 08:15:40,2026.06.25 08:16:40,1,161.814,161.806,-8.0,-4.94,0.0,0.0,SL_HIT,0.0,0.0,0.0,0,0.0,0.0,0.0,0.0,0,0.0,0.0,0,0,0,0,0.0,0,0.0,0.0,0,0.0,0.0,0.0,0.0,0.0,0.0,0.0,0.0,0.0,0,0,0.0,0,0,0.0,0.0,0,0.4,0.153,0.209,0.403,0.758,0.45,1,0.51,10.0,93.6
90494,USDJPYm,PULLBACK,BUY,2026.06.25 08:54:40,2026.06.25 08:55:20,0,161.833,161.818,-15.0,-9.27,0.0,0.0,SL_HIT,0.0,0.0,0.0,0,0.0,0.0,0.0,0.0,0,0.0,0.0,0,0,0,0,0.0,0,0.0,0.0,0,0.0,0.0,0.0,0.0,0.0,0.0,0.0,0.0,0.0,0,0,0.0,0,0,0.0,0.0,0,0.4,0.153,0.209,0.216,0.758,0.45,1,0.51,10.0,93.6
90496,USDJPYm,BREAKOUT_RETEST,BUY,2026.06.25 09:29:20,2026.06.25 09:29:40,0,161.844,161.831,-13.0,-8.03,0.0,0.0,SL_HIT,0.0,0.0,0.0,0,0.0,0.0,0.0,0.0,0,0.0,0.0,0,0,0,0,0.0,0,0.0,0.0,0,0.0,0.0,0.0,0.0,0.0,0.0,0.0,0.0,0.0,0,0,0.0,0,0,0.0,0.0,0,0.15,0.164,0.203,0.079,0.798,0.5,1,0.545,10.0,92.8
90498,USDJPYm,TREND_CONTINUATION,BUY,2026.06.25 10:00:00,2026.06.25 10:00:40,0,161.82,161.808,-12.0,-7.42,0.0,0.0,SL_HIT,0.0,0.0,0.0,0,0.0,0.0,0.0,0.0,0,0.0,0.0,0,0,0,0,0.0,0,0.0,0.0,0,0.0,0.0,0.0,0.0,0.0,0.0,0.0,0.0,0.0,0,0,0.0,0,0,0.0,0.0,0,0.25,0.174,0.181,0.18,0.765,0.55,1,0.58,10.0,89.8
90500,USDJPYm,BREAKOUT,BUY,2026.06.25 10:46:40,2026.06.25 10:47:40,1,161.864,161.848,-16.0,-9.89,0.0,0.0,SL_HIT,0.0,0.0,0.0,0,0.0,0.0,0.0,0.0,0,0.0,0.0,0,0,0,0,0.0,0,0.0,0.0,0,0.0,0.0,0.0,0.0,0.0,0.0,0.0,0.0,0.0,0,0,0.0,0,0,0.0,0.0,0,0.25,0.174,0.181,0.326,0.765,0.55,0,0.58,10.0,89.8
90502,USDJPYm,PULLBACK,BUY,2026.06.25 10:54:40,2026.06.25 10:56:20,1,161.879,161.881,2.0,1.24,0.0,0.0,TRAIL_STOP,0.0,0.0,0.0,0,0.0,0.0,0.0,0.0,0,0.0,0.0,0,0,0,0,0.0,0,0.0,0.0,0,0.0,0.0,0.0,0.0,0.0,0.0,0.0,0.0,0.0,0,0,0.0,0,0,0.0,0.0,0,0.25,0.174,0.181,0.359,0.765,0.55,0,0.58,10.0,89.8
90504,USDJPYm,ANCHORED_PULLBACK,BUY,2026.06.25 11:00:00,2026.06.25 11:01:40,1,161.88,161.879,-1.0,-0.62,0.0,0.0,SL_HIT,0.0,0.0,0.0,0,0.0,0.0,0.0,0.0,0,0.0,0.0,0,0,0,0,0.0,0,0.0,0.0,0,0.0,0.0,0.0,0.0,0.0,0.0,0.0,0.0,0.0,0,0,0.0,0,0,0.0,0.0,0,0.4,0.185,0.14,0.419,0.757,0.9,0,0.615,10.0,87.6
90506,USDJPYm,BREAKOUT_RETEST,BUY,2026.06.25 11:51:59,2026.06.25 11:52:20,0,161.83,161.804,-26.0,-16.07,0.0,0.0,SL_HIT,0.0,0.0,0.0,0,0.0,0.0,0.0,0.0,0,0.0,0.0,0,0,0,0,0.0,0,0.0,0.0,0,0.0,0.0,0.0,0.0,0.0,0.0,0.0,0.0,0.0,0,0,0.0,0,0,0.0,0.0,0,0.4,0.185,0.14,0.413,0.757,0.9,0,0.615,10.0,87.6
90508,USDJPYm,MEAN_REVERSION,BUY,2026.06.25 14:00:00,2026.06.25 14:00:40,0,161.749,161.749,0.0,0.0,0.0,0.0,TRAIL_STOP,0.0,0.0,0.0,0,0.0,0.0,0.0,0.0,0,0.0,0.0,0,0,0,0,0.0,0,0.0,0.0,0,0.0,0.0,0.0,0.0,0.0,0.0,0.0,0.0,0.0,0,0,0.0,0,0,0.0,0.0,0,0.4,0.216,0.307,0.45,0.748,1.0,0,0.72,10.0,107.2
90510,USDJPYm,TREND_CONTINUATION,BUY,2026.06.25 14:02:40,2026.06.25 14:03:40,1,161.706,161.702,-4.0,-2.47,0.0,0.0,SL_HIT,0.0,0.0,0.0,0,0.0,0.0,0.0,0.0,0,0.0,0.0,0,0,0,0,0.0,0,0.0,0.0,0,0.0,0.0,0.0,0.0,0.0,0.0,0.0,0.0,0.0,0,0,0.0,0,0,0.0,0.0,0,0.4,0.216,0.307,0.455,0.748,1.0,0,0.72,10.0,107.2
90512,USDJPYm,PULLBACK,BUY,2026.06.25 14:04:40,2026.06.25 14:05:20,0,161.616,161.602,-14.0,-8.67,0.0,0.0,SL_HIT,0.0,0.0,0.0,0,0.0,0.0,0.0,0.0,0,0.0,0.0,0,0,0,0,0.0,0,0.0,0.0,0,0.0,0.0,0.0,0.0,0.0,0.0,0.0,0.0,0.0,0,0,0.0,0,0,0.0,0.0,0,0.4,0.216,0.307,0.455,0.748,1.0,0,0.72,10.0,107.2
90514,USDJPYm,SWEEP_REVERSAL,BUY,2026.06.25 14:58:40,2026.06.25 15:00:40,2,161.64,161.671,31.0,19.18,0.0,0.0,TRAIL_STOP,0.0,0.0,0.0,0,0.0,0.0,0.0,0.0,0,0.0,0.0,0,0,0,0,0.0,0,0.0,0.0,0,0.0,0.0,0.0,0.0,0.0,0.0,0.0,0.0,0.0,0,0,0.0,0,0,0.0,0.0,0,0.0,0.0,0.071,0.238,0.684,0.175,0,0.0,10.0,115.6
90516,USDJPYm,MEAN_REVERSION,BUY,2026.06.25 16:02:40,2026.06.25 16:03:20,0,161.669,161.658,-11.0,-6.8,0.0,0.0,SL_HIT,0.0,0.0,0.0,0,0.0,0.0,0.0,0.0,0,0.0,0.0,0,0,0,0,0.0,0,0.0,0.0,0,0.0,0.0,0.0,0.0,0.0,0.0,0.0,0.0,0.0,0,0,0.0,0,0,0.0,0.0,0,0.0,0.206,0.0,0.072,0.674,0.675,1,-0.685,10.0,110.0
90518,USDJPYm,ANCHORED_PULLBACK,BUY,2026.06.25 17:00:00,2026.06.25 17:00:59,0,161.773,161.768,-5.0,-3.09,0.0,0.0,SL_HIT,0.0,0.0,0.0,0,0.0,0.0,0.0,0.0,0,0.0,0.0,0,0,0,0,0.0,0,0.0,0.0,0,0.0,0.0,0.0,0.0,0.0,0.0,0.0,0.0,0.0,0,0,0.0,0,0,0.0,0.0,0,0.0,0.164,0.083,0.235,0.737,0.5,0,-0.545,10.0,112.9
90520,USDJPYm,BREAKOUT,BUY,2026.06.25 19:00:00,2026.06.25 19:01:40,1,161.799,161.787,-12.0,-7.42,0.0,0.0,SL_HIT,0.0,0.0,0.0,0,0.0,0.0,0.0,0.0,0,0.0,0.0,0,0,0,0,0.0,0,0.0,0.0,0,0.0,0.0,0.0,0.0,0.0,0.0,0.0,0.0,0.0,0,0,0.0,0,0,0.0,0.0,0,0.4,0.185,0.14,0.299,0.731,0.9,0,-0.615,10.0,115.4
90522,USDJPYm,MEAN_REVERSION,BUY,2026.06.25 21:05:40,2026.06.25 21:08:00,2,161.734,161.763,29.0,17.92,0.0,0.0,TRAIL_STOP,0.0,0.0,0.0,0,0.0,0.0,0.0,0.0,0,0.0,0.0,0,0,0,0,0.0,0,0.0,0.0,0,0.0,0.0,0.0,0.0,0.0,0.0,0.0,0.0,0.0,0,0,0.0,0,0,0.0,0.0,0,0.0,0.258,0.153,0.206,0.699,0.7,0,-0.86,38.0,108.7
90524,USDJPYm,SWEEP_REVERSAL,BUY,2026.06.25 21:55:40,2026.06.25 22:01:20,5,161.72,161.762,42.0,25.96,0.0,0.0,TRAIL_STOP,0.0,0.0,0.0,0,0.0,0.0,0.0,0.0,0,0.0,0.0,0,0,0,0,0.0,0,0.0,0.0,0,0.0,0.0,0.0,0.0,0.0,0.0,0.0,0.0,0.0,0,0,0.0,0,0,0.0,0.0,0,0.0,0.0,0.15,0.155,0.97,0.128,0,0.0,10.0,115.4
90526,USDJPYm,BREAKOUT,BUY,2026.06.25 23:02:40,2026.06.25 23:03:59,1,161.789,161.788,-1.0,-0.62,0.0,0.0,SL_HIT,0.0,0.0,0.0,0,0.0,0.0,0.0,0.0,0,0.0,0.0,0,0,0,0,0.0,0,0.0,0.0,0,0.0,0.0,0.0,0.0,0.0,0.0,0.0,0.0,0.0,0,0,0.0,0,0,0.0,0.0,0,0.25,0.153,0.238,0.1,0.869,0.45,1,0.51,10.0,113.6
90528,USDJPYm,BREAKOUT_RETEST,BUY,2026.06.25 23:38:40,2026.06.25 23:44:40,6,161.795,161.793,-2.0,-1.24,0.0,0.0,SL_HIT,0.0,0.0,0.0,0,0.0,0.0,0.0,0.0,0,0.0,0.0,0,0,0,0,0.0,0,0.0,0.0,0,0.0,0.0,0.0,0.0,0.0,0.0,0.0,0.0,0.0,0,0,0.0,0,0,0.0,0.0,0,0.25,0.153,0.238,0.1,0.869,0.45,1,0.51,10.0,113.6
90530,USDJPYm,TREND_CONTINUATION,BUY,2026.06.26 00:05:40,2026.06.26 00:06:40,1,161.81,161.799,-11.0,-6.8,0.0,0.0,SL_HIT,0.0,0.0,0.0,0,0.0,0.0,0.0,0.0,0,0.0,0.0,0,0,0,0,0.0,0,0.0,0.0,0,0.0,0.0,0.0,0.0,0.0,0.0,0.0,0.0,0.0,0,0,0.0,0,0,0.0,0.0,0,0.0,0.216,0.15,0.0,0.662,0.5,1,0.72,10.0,113.8
90532,USDJPYm,BREAKOUT,BUY,2026.06.26 01:02:40,2026.06.26 01:20:40,18,161.824,161.823,-1.0,-0.62,0.0,0.0,SL_HIT,0.0,0.0,0.0,0,0.0,0.0,0.0,0.0,0,0.0,0.0,0,0,0,0,0.0,0,0.0,0.0,0,0.0,0.0,0.0,0.0,0.0,0.0,0.0,0.0,0.0,0,0,0.0,0,0,0.0,0.0,0,0.0,0.226,0.15,0.076,0.745,0.825,1,0.755,10.0,110.8
90534,USDJPYm,PULLBACK,BUY,2026.06.26 01:37:20,2026.06.26 01:37:40,0,161.854,161.84,-14.0,-8.65,0.0,0.0,SL_HIT,0.0,0.0,0.0,0,0.0,0.0,0.0,0.0,0,0.0,0.0,0,0,0,0,0.0,0,0.0,0.0,0,0.0,0.0,0.0,0.0,0.0,0.0,0.0,0.0,0.0,0,0,0.0,0,0,0.0,0.0,0,0.0,0.226,0.15,0.229,0.745,0.825,0,0.755,10.0,110.8
90536,USDJPYm,BREAKOUT_RETEST,BUY,2026.06.26 01:56:40,2026.06.26 01:57:40,1,161.796,161.813,17.0,10.51,0.0,0.0,TRAIL_STOP,0.0,0.0,0.0,0,0.0,0.0,0.0,0.0,0,0.0,0.0,0,0,0,0,0.0,0,0.0,0.0,0,0.0,0.0,0.0,0.0,0.0,0.0,0.0,0.0,0.0,0,0,0.0,0,0,0.0,0.0,0,0.0,0.226,0.15,0.033,0.745,0.825,1,0.755,10.0,110.8
90538,USDJPYm,TREND_CONTINUATION,BUY,2026.06.26 02:06:40,2026.06.26 02:20:20,13,161.817,161.795,-22.0,-13.6,0.0,0.0,SL_HIT,0.0,0.0,0.0,0,0.0,0.0,0.0,0.0,0,0.0,0.0,0,0,0,0,0.0,0,0.0,0.0,0,0.0,0.0,0.0,0.0,0.0,0.0,0.0,0.0,0.0,0,0,0.0,0,0,0.0,0.0,0,0.0,0.237,0.107,0.179,0.758,0.6,1,0.79,10.0,100.8
90540,USDJPYm,MEAN_REVERSION,BUY,2026.06.26 03:04:40,2026.06.26 03:05:20,0,161.743,161.738,-5.0,-3.09,0.0,0.0,SL_HIT,0.0,0.0,0.0,0,0.0,0.0,0.0,0.0,0,0.0,0.0,0,0,0,0,0.0,0,0.0,0.0,0,0.0,0.0,0.0,0.0,0.0,0.0,0.0,0.0,0.0,0,0,0.0,0,0,0.0,0.0,0,0.4,0.195,0.31,0.453,0.725,0.975,0,0.65,10.0,94.9
90542,USDJPYm,SWEEP_REVERSAL,BUY,2026.06.26 03:11:40,2026.06.26 03:16:40,5,161.732,161.745,13.0,8.04,0.0,0.0,TRAIL_STOP,0.0,0.0,0.0,0,0.0,0.0,0.0,0.0,0,0.0,0.0,0,0,0,0,0.0,0,0.0,0.0,0,0.0,0.0,0.0,0.0,0.0,0.0,0.0,0.0,0.0,0,0,0.0,0,0,0.0,0.0,0,0.4,0.195,0.31,0.453,0.725,0.975,0,0.65,10.0,94.9
90544,USDJPYm,PULLBACK,BUY,2026.06.26 03:44:40,2026.06.26 03:45:20,0,161.657,161.646,-11.0,-6.8,0.0,0.0,SL_HIT,0.0,0.0,0.0,0,0.0,0.0,0.0,0.0,0,0.0,0.0,0,0,0,0,0.0,0,0.0,0.0,0,0.0,0.0,0.0,0.0,0.0,0.0,0.0,0.0,0.0,0,0,0.0,0,0,0.0,0.0,0,0.4,0.195,0.31,0.453,0.725,0.975,0,0.65,10.0,94.9
90546,USDJPYm,TREND_CONTINUATION,BUY,2026.06.26 04:06:40,2026.06.26 04:28:40,22,161.683,161.569,-114.0,-70.56,0.0,0.0,SL_HIT,0.0,0.0,0.0,0,0.0,0.0,0.0,0.0,0,0.0,0.0,0,0,0,0,0.0,0,0.0,0.0,0,0.0,0.0,0.0,0.0,0.0,0.0,0.0,0.0,0.0,0,0,0.0,0,0,0.0,0.0,0,0.25,0.142,0.088,0.379,0.836,0.735,0,0.4749,10.0,95.1
90548,USDJPYm,MEAN_REVERSION,BUY,2026.06.26 05:04:40,2026.06.26 05:05:59,1,161.638,161.637,-1.0,-0.62,0.0,0.0,SL_HIT,0.0,0.0,0.0,0,0.0,0.0,0.0,0.0,0,0.0,0.0,0,0,0,0,0.0,0,0.0,0.0,0,0.0,0.0,0.0,0.0,0.0,0.0,0.0,0.0,0.0,0,0,0.0,0,0,0.0,0.0,0,0.0,0.206,0.0,0.093,0.553,0.675,0,-0.685,10.0,89.1
90550,USDJPYm,SWEEP_REVERSAL,BUY,2026.06.26 05:11:40,2026.06.26 05:12:40,1,161.631,161.622,-9.0,-5.57,0.0,0.0,SL_HIT,0.0,0.0,0.0,0,0.0,0.0,0.0,0.0,0,0.0,0.0,0,0,0,0,0.0,0,0.0,0.0,0,0.0,0.0,0.0,0.0,0.0,0.0,0.0,0.0,0.0,0,0,0.0,0,0,0.0,0.0,0,0.0,0.206,0.0,0.207,0.553,0.675,0,-0.685,10.0,89.1
90552,USDJPYm,MEAN_REVERSION,BUY,2026.06.26 09:07:59,2026.06.26 09:08:40,0,161.564,161.55,-14.0,-8.67,0.0,0.0,SL_HIT,0.0,0.0,0.0,0,0.0,0.0,0.0,0.0,0,0.0,0.0,0,0,0,0,0.0,0,0.0,0.0,0,0.0,0.0,0.0,0.0,0.0,0.0,0.0,0.0,0.0,0,0,0.0,0,0,0.0,0.0,0,0.0,0.247,0.113,0.267,0.719,0.975,0,-0.825,10.0,101.1
90555,USDJPYm,PULLBACK,BUY,2026.06.26 15:08:20,2026.06.26 15:11:40,3,161.715,161.667,-48.0,-29.69,0.0,0.0,SL_HIT,0.0,0.0,0.0,0,0.0,0.0,0.0,0.0,0,0.0,0.0,0,0,0,0,0.0,0,0.0,0.0,0,0.0,0.0,0.0,0.0,0.0,0.0,0.0,0.0,0.0,0,0,0.0,0,0,0.0,0.0,0,0.15,0.19,0.19,0.066,0.829,0.622,1,0.6347,10.0,107.1
90556,USDJPYm,BREAKOUT_RETEST,BUY,2026.06.26 15:10:40,2026.06.26 15:13:40,3,161.678,161.646,-32.0,-19.8,0.0,0.0,SL_HIT,0.0,0.0,0.0,0,0.0,0.0,0.0,0.0,0,0.0,0.0,0,0,0,0,0.0,0,0.0,0.0,0,0.0,0.0,0.0,0.0,0.0,0.0,0.0,0.0,0.0,0,0,0.0,0,0,0.0,0.0,0,0.15,0.19,0.19,0.06,0.829,0.622,1,0.6347,10.0,107.1
90554,USDJPYm,BREAKOUT,BUY,2026.06.26 15:07:20,2026.06.26 15:24:40,17,161.706,161.646,-60.0,-37.12,0.0,0.0,SL_HIT,0.0,0.0,0.0,0,0.0,0.0,0.0,0.0,0,0.0,0.0,0,0,0,0,0.0,0,0.0,0.0,0,0.0,0.0,0.0,0.0,0.0,0.0,0.0,0.0,0.0,0,0,0.0,0,0,0.0,0.0,0,0.15,0.19,0.19,0.06,0.829,0.622,1,0.6347,10.0,107.1
90560,USDJPYm,TREND_CONTINUATION,BUY,2026.06.26 15:51:40,2026.06.26 15:52:20,0,161.728,161.706,-22.0,-13.61,0.0,0.0,SL_HIT,0.0,0.0,0.0,0,0.0,0.0,0.0,0.0,0,0.0,0.0,0,0,0,0,0.0,0,0.0,0.0,0,0.0,0.0,0.0,0.0,0.0,0.0,0.0,0.0,0.0,0,0,0.0,0,0,0.0,0.0,0,0.15,0.19,0.19,0.33,0.829,0.622,0,0.6347,10.0,107.1
90562,USDJPYm,BREAKOUT,BUY,2026.06.26 17:07:20,2026.06.26 17:08:40,1,161.754,161.742,-12.0,-7.42,0.0,0.0,SL_HIT,0.0,0.0,0.0,0,0.0,0.0,0.0,0.0,0,0.0,0.0,0,0,0,0,0.0,0,0.0,0.0,0,0.0,0.0,0.0,0.0,0.0,0.0,0.0,0.0,0.0,0,0,0.0,0,0,0.0,0.0,0,0.4,0.185,0.241,0.381,0.783,0.9,0,0.615,10.0,115.6
90564,USDJPYm,PULLBACK,BUY,2026.06.26 17:08:40,2026.06.26 17:10:40,2,161.733,161.731,-2.0,-1.24,0.0,0.0,SL_HIT,0.0,0.0,0.0,0,0.0,0.0,0.0,0.0,0,0.0,0.0,0,0,0,0,0.0,0,0.0,0.0,0,0.0,0.0,0.0,0.0,0.0,0.0,0.0,0.0,0.0,0,0,0.0,0,0,0.0,0.0,0,0.4,0.185,0.241,0.35,0.783,0.9,0,0.615,10.0,115.6
90566,USDJPYm,TREND_CONTINUATION,BUY,2026.06.26 17:51:40,2026.06.26 17:55:40,4,161.746,161.753,7.0,4.33,0.0,0.0,TRAIL_STOP,0.0,0.0,0.0,0,0.0,0.0,0.0,0.0,0,0.0,0.0,0,0,0,0,0.0,0,0.0,0.0,0,0.0,0.0,0.0,0.0,0.0,0.0,0.0,0.0,0.0,0,0,0.0,0,0,0.0,0.0,0,0.4,0.185,0.241,0.41,0.783,0.9,0,0.615,10.0,115.6
90568,USDJPYm,BREAKOUT_RETEST,BUY,2026.06.26 18:03:40,2026.06.26 18:05:59,2,161.755,161.747,-8.0,-4.95,0.0,0.0,SL_HIT,0.0,0.0,0.0,0,0.0,0.0,0.0,0.0,0,0.0,0.0,0,0,0,0,0.0,0,0.0,0.0,0,0.0,0.0,0.0,0.0,0.0,0.0,0.0,0.0,0.0,0,0,0.0,0,0,0.0,0.0,4,0.15,0.247,0.053,0.08,0.555,0.975,1,0.825,10.0,108.1
90570,USDJPYm,BREAKOUT,BUY,2026.06.26 19:07:20,2026.06.26 19:14:40,7,161.728,161.723,-5.0,-3.09,0.0,0.0,SL_HIT,0.0,0.0,0.0,0,0.0,0.0,0.0,0.0,0,0.0,0.0,0,0,0,0,0.0,0,0.0,0.0,0,0.0,0.0,0.0,0.0,0.0,0.0,0.0,0.0,0.0,0,0,0.0,0,0,0.0,0.0,0,0.15,0.258,0.119,0.259,0.599,0.7,1,0.86,10.0,104.1
90572,USDJPYm,TREND_CONTINUATION,BUY,2026.06.26 19:55:40,2026.06.26 19:56:40,1,161.749,161.737,-12.0,-7.42,0.0,0.0,SL_HIT,0.0,0.0,0.0,0,0.0,0.0,0.0,0.0,0,0.0,0.0,0,0,0,0,0.0,0,0.0,0.0,0,0.0,0.0,0.0,0.0,0.0,0.0,0.0,0.0,0.0,0,0,0.0,0,0,0.0,0.0,0,0.15,0.258,0.119,0.129,0.599,0.7,1,0.86,10.0,104.1
90574,USDJPYm,BREAKOUT_RETEST,BUY,2026.06.26 20:05:40,2026.06.26 20:20:40,15,161.748,161.748,0.0,0.0,0.0,0.0,TRAIL_STOP,0.0,0.0,0.0,0,0.0,0.0,0.0,0.0,0,0.0,0.0,0,0,0,0,0.0,0,0.0,0.0,0,0.0,0.0,0.0,0.0,0.0,0.0,0.0,0.0,0.0,0,0,0.0,0,0,0.0,0.0,0,0.4,0.216,0.14,0.16,0.702,0.75,1,0.72,10.0,100.3
90576,USDJPYm,SWEEP_REVERSAL,BUY,2026.06.28 21:15:40,2026.06.28 21:18:30,2,161.712,161.721,9.0,5.56,0.0,0.0,TRAIL_STOP,0.0,0.0,0.0,0,0.0,0.0,0.0,0.0,0,0.0,0.0,0,0,0,0,0.0,0,0.0,0.0,0,0.0,0.0,0.0,0.0,0.0,0.0,0.0,0.0,0.0,0,0,0.0,0,0,0.0,0.0,0,0.15,0.279,0.189,0.36,0.69,0.8,0,0.93,38.0,87.6
90578,USDJPYm,TREND_CONTINUATION,BUY,2026.06.28 21:23:30,2026.06.28 21:30:30,7,161.769,161.728,-41.0,-25.35,0.0,0.0,SL_HIT,0.0,0.0,0.0,0,0.0,0.0,0.0,0.0,0,0.0,0.0,0,0,0,0,0.0,0,0.0,0.0,0,0.0,0.0,0.0,0.0,0.0,0.0,0.0,0.0,0.0,0,0,0.0,0,0,0.0,0.0,0,0.15,0.279,0.189,0.282,0.69,0.8,0,0.93,38.0,87.6
90580,USDJPYm,MEAN_REVERSION,BUY,2026.06.28 21:32:40,2026.06.28 21:33:20,0,161.69,161.68,-10.0,-6.19,0.0,0.0,SL_HIT,0.0,0.0,0.0,0,0.0,0.0,0.0,0.0,0,0.0,0.0,0,0,0,0,0.0,0,0.0,0.0,0,0.0,0.0,0.0,0.0,0.0,0.0,0.0,0.0,0.0,0,0,0.0,0,0,0.0,0.0,0,0.15,0.279,0.189,0.358,0.69,0.8,0,0.93,38.0,87.6
90582,USDJPYm,PULLBACK,BUY,2026.06.28 22:00:20,2026.06.28 22:00:40,0,161.837,161.816,-21.0,-12.98,0.0,0.0,SL_HIT,0.0,0.0,0.0,0,0.0,0.0,0.0,0.0,0,0.0,0.0,0,0,0,0,0.0,0,0.0,0.0,0,0.0,0.0,0.0,0.0,0.0,0.0,0.0,0.0,0.0,0,0,0.0,0,0,0.0,0.0,0,0.25,0.237,0.21,0.344,0.681,1.0,0,0.79,18.0,89.5
90584,USDJPYm,ANCHORED_PULLBACK,BUY,2026.06.28 22:00:40,2026.06.28 22:01:59,1,161.784,161.804,20.0,12.36,0.0,0.0,TRAIL_STOP,0.0,0.0,0.0,0,0.0,0.0,0.0,0.0,0,0.0,0.0,0,0,0,0,0.0,0,0.0,0.0,0,0.0,0.0,0.0,0.0,0.0,0.0,0.0,0.0,0.0,0,0,0.0,0,0,0.0,0.0,0,0.25,0.237,0.21,0.393,0.681,1.0,0,0.79,10.0,89.5
90586,USDJPYm,BREAKOUT,BUY,2026.06.28 23:05:00,2026.06.28 23:06:59,1,161.786,161.786,0.0,0.0,0.0,0.0,TRAIL_STOP,0.0,0.0,0.0,0,0.0,0.0,0.0,0.0,0,0.0,0.0,0,0,0,0,0.0,0,0.0,0.0,0,0.0,0.0,0.0,0.0,0.0,0.0,0.0,0.0,0.0,0,0,0.0,0,0,0.0,0.0,0,0.0,0.3,0.294,0.172,0.71,1.0,0,1.0,10.0,86.8
90588,USDJPYm,TREND_CONTINUATION,BUY,2026.06.28 23:23:30,2026.06.28 23:24:40,1,161.799,161.789,-10.0,-6.18,0.0,0.0,SL_HIT,0.0,0.0,0.0,0,0.0,0.0,0.0,0.0,0,0.0,0.0,0,0,0,0,0.0,0,0.0,0.0,0,0.0,0.0,0.0,0.0,0.0,0.0,0.0,0.0,0.0,0,0,0.0,0,0,0.0,0.0,0,0.0,0.3,0.294,0.172,0.71,1.0,0,1.0,10.0,86.8
90590,USDJPYm,BREAKOUT_RETEST,BUY,2026.06.29 00:00:20,2026.06.29 00:00:40,0,161.8,161.775,-25.0,-15.46,0.0,0.0,SL_HIT,0.0,0.0,0.0,0,0.0,0.0,0.0,0.0,0,0.0,0.0,0,0,0,0,0.0,0,0.0,0.0,0,0.0,0.0,0.0,0.0,0.0,0.0,0.0,0.0,0.0,0,0,0.0,0,0,0.0,0.0,0,0.0,0.3,0.0,0.151,0.598,1.0,1,1.0,10.0,82.7
90592,USDJPYm,PULLBACK,BUY,2026.06.29 00:25:40,2026.06.29 00:31:40,6,161.785,161.75,-35.0,-21.64,0.0,0.0,SL_HIT,0.0,0.0,0.0,0,0.0,0.0,0.0,0.0,0,0.0,0.0,0,0,0,0,0.0,0,0.0,0.0,0,0.0,0.0,0.0,0.0,0.0,0.0,0.0,0.0,0.0,0,0,0.0,0,0,0.0,0.0,0,0.0,0.3,0.0,0.16,0.598,1.0,0,1.0,10.0,82.7
90594,USDJPYm,BREAKOUT,BUY,2026.06.29 01:29:20,2026.06.29 01:45:20,16,161.782,161.765,-17.0,-10.51,0.0,0.0,SL_HIT,0.0,0.0,0.0,0,0.0,0.0,0.0,0.0,0,0.0,0.0,0,0,0,0,0.0,0,0.0,0.0,0,0.0,0.0,0.0,0.0,0.0,0.0,0.0,0.0,0.0,0,0,0.0,0,0,0.0,0.0,0,0.25,0.247,0.19,0.244,0.562,0.8,1,0.825,10.0,82.9
90595,USDJPYm,TREND_CONTINUATION,BUY,2026.06.29 01:29:30,2026.06.29 01:45:20,15,161.782,161.765,-17.0,-10.51,0.0,0.0,SL_HIT,0.0,0.0,0.0,0,0.0,0.0,0.0,0.0,0,0.0,0.0,0,0,0,0,0.0,0,0.0,0.0,0,0.0,0.0,0.0,0.0,0.0,0.0,0.0,0.0,0.0,0,0,0.0,0,0,0.0,0.0,0,0.25,0.247,0.19,0.244,0.562,0.8,1,0.825,10.0,82.9
90598,USDJPYm,ANCHORED_PULLBACK,BUY,2026.06.29 02:00:00,2026.06.29 02:00:40,0,161.797,161.784,-13.0,-8.04,0.0,0.0,SL_HIT,0.0,0.0,0.0,0,0.0,0.0,0.0,0.0,0,0.0,0.0,0,0,0,0,0.0,0,0.0,0.0,0,0.0,0.0,0.0,0.0,0.0,0.0,0.0,0.0,0.0,0,0,0.0,0,0,0.0,0.0,0,0.15,0.3,0.172,0.173,0.628,0.8,1,1.0,10.0,81.8
90600,USDJPYm,BREAKOUT_RETEST,BUY,2026.06.29 02:01:20,2026.06.29 02:02:40,1,161.783,161.775,-8.0,-4.95,0.0,0.0,SL_HIT,0.0,0.0,0.0,0,0.0,0.0,0.0,0.0,0,0.0,0.0,0,0,0,0,0.0,0,0.0,0.0,0,0.0,0.0,0.0,0.0,0.0,0.0,0.0,0.0,0.0,0,0,0.0,0,0,0.0,0.0,0,0.15,0.3,0.172,0.212,0.628,0.8,1,1.0,10.0,81.8
90602,USDJPYm,MEAN_REVERSION,BUY,2026.06.29 02:22:20,2026.06.29 02:23:00,0,161.741,161.736,-5.0,-3.09,0.0,0.0,SL_HIT,0.0,0.0,0.0,0,0.0,0.0,0.0,0.0,0,0.0,0.0,0,0,0,0,0.0,0,0.0,0.0,0,0.0,0.0,0.0,0.0,0.0,0.0,0.0,0.0,0.0,0,0,0.0,0,0,0.0,0.0,0,0.15,0.3,0.172,0.286,0.628,0.8,0,1.0,10.0,81.8
90604,USDJPYm,BREAKOUT,BUY,2026.06.29 03:29:20,2026.06.29 03:30:40,1,161.781,161.772,-9.0,-5.56,0.0,0.0,SL_HIT,0.0,0.0,0.0,0,0.0,0.0,0.0,0.0,0,0.0,0.0,0,0,0,0,0.0,0,0.0,0.0,0,0.0,0.0,0.0,0.0,0.0,0.0,0.0,0.0,0.0,0,0,0.0,0,0,0.0,0.0,0,0.4,0.192,0.238,0.318,0.775,0.615,1,0.64,10.0,81.1
90605,USDJPYm,TREND_CONTINUATION,BUY,2026.06.29 03:29:30,2026.06.29 03:30:40,1,161.781,161.772,-9.0,-5.56,0.0,0.0,SL_HIT,0.0,0.0,0.0,0,0.0,0.0,0.0,0.0,0,0.0,0.0,0,0,0,0,0.0,0,0.0,0.0,0,0.0,0.0,0.0,0.0,0.0,0.0,0.0,0.0,0.0,0,0,0.0,0,0,0.0,0.0,0,0.4,0.192,0.238,0.318,0.775,0.615,1,0.64,10.0,81.1
90608,USDJPYm,BREAKOUT_RETEST,BUY,2026.06.29 05:12:40,2026.06.29 05:29:40,17,161.792,161.803,11.0,6.8,0.0,0.0,TRAIL_STOP,0.0,0.0,0.0,0,0.0,0.0,0.0,0.0,0,0.0,0.0,0,0,0,0,0.0,0,0.0,0.0,0,0.0,0.0,0.0,0.0,0.0,0.0,0.0,0.0,0.0,0,0,0.0,0,0,0.0,0.0,0,0.0,0.247,0.141,0.222,0.688,1.0,0,0.825,10.0,65.7
90609,USDJPYm,BREAKOUT,BUY,2026.06.29 05:29:20,2026.06.29 05:45:40,16,161.814,161.782,-32.0,-19.78,0.0,0.0,SL_HIT,0.0,0.0,0.0,0,0.0,0.0,0.0,0.0,0,0.0,0.0,0,0,0,0,0.0,0,0.0,0.0,0,0.0,0.0,0.0,0.0,0.0,0.0,0.0,0.0,0.0,0,0,0.0,0,0,0.0,0.0,0,0.0,0.247,0.141,0.125,0.688,1.0,1,0.825,10.0,65.7
90610,USDJPYm,TREND_CONTINUATION,BUY,2026.06.29 05:29:30,2026.06.29 05:50:59,21,161.814,161.79,-24.0,-14.83,0.0,0.0,SL_HIT,0.0,0.0,0.0,0,0.0,0.0,0.0,0.0,0,0.0,0.0,0,0,0,0,0.0,0,0.0,0.0,0,0.0,0.0,0.0,0.0,0.0,0.0,0.0,0.0,0.0,0,0,0.0,0,0,0.0,0.0,0,0.0,0.247,0.141,0.22,0.688,1.0,0,0.825,10.0,65.7
90614,USDJPYm,PULLBACK,BUY,2026.06.29 06:20:40,2026.06.29 06:47:40,27,161.838,161.793,-45.0,-27.81,0.0,0.0,SL_HIT,0.0,0.0,0.0,0,0.0,0.0,0.0,0.0,0,0.0,0.0,0,0,0,0,0.0,0,0.0,0.0,0,0.0,0.0,0.0,0.0,0.0,0.0,0.0,0.0,0.0,0,0,0.0,0,0,0.0,0.0,0,0.15,0.299,0.053,0.153,0.661,1.0,1,0.9966,10.0,60.1
90616,USDJPYm,BREAKOUT_RETEST,BUY,2026.06.29 07:14:40,2026.06.29 07:21:40,7,161.809,161.81,1.0,0.62,0.0,0.0,TRAIL_STOP,0.0,0.0,0.0,0,0.0,0.0,0.0,0.0,0,0.0,0.0,0,0,0,0,0.0,0,0.0,0.0,0,0.0,0.0,0.0,0.0,0.0,0.0,0.0,0.0,0.0,0,0,0.0,0,0,0.0,0.0,0,0.25,0.247,0.088,0.212,0.758,0.8,1,0.825,10.0,57.4
90618,USDJPYm,BREAKOUT,BUY,2026.06.29 07:31:40,2026.06.29 07:32:40,1,161.815,161.792,-23.0,-14.22,0.0,0.0,SL_HIT,0.0,0.0,0.0,0,0.0,0.0,0.0,0.0,0,0.0,0.0,0,0,0,0,0.0,0,0.0,0.0,0,0.0,0.0,0.0,0.0,0.0,0.0,0.0,0.0,0.0,0,0,0.0,0,0,0.0,0.0,0,0.25,0.247,0.088,0.1,0.758,0.8,1,0.825,10.0,57.4
90619,USDJPYm,TREND_CONTINUATION,BUY,2026.06.29 07:31:59,2026.06.29 07:32:40,0,161.804,161.791,-13.0,-8.04,0.0,0.0,SL_HIT,0.0,0.0,0.0,0,0.0,0.0,0.0,0.0,0,0.0,0.0,0,0,0,0,0.0,0,0.0,0.0,0,0.0,0.0,0.0,0.0,0.0,0.0,0.0,0.0,0.0,0,0,0.0,0,0,0.0,0.0,0,0.25,0.247,0.088,0.1,0.758,0.8,1,0.825,10.0,57.4
90622,USDJPYm,PULLBACK,BUY,2026.06.29 08:24:20,2026.06.29 08:24:40,0,161.853,161.841,-12.0,-7.42,0.0,0.0,SL_HIT,0.0,0.0,0.0,0,0.0,0.0,0.0,0.0,0,0.0,0.0,0,0,0,0,0.0,0,0.0,0.0,0,0.0,0.0,0.0,0.0,0.0,0.0,0.0,0.0,0.0,0,0,0.0,0,0,0.0,0.0,0,0.15,0.3,0.053,0.328,0.691,1.0,0,1.0,10.0,57.1
90624,USDJPYm,BREAKOUT,BUY,2026.06.29 09:31:40,2026.06.29 09:32:40,1,161.885,161.878,-7.0,-4.32,0.0,0.0,SL_HIT,0.0,0.0,0.0,0,0.0,0.0,0.0,0.0,0,0.0,0.0,0,0,0,0,0.0,0,0.0,0.0,0,0.0,0.0,0.0,0.0,0.0,0.0,0.0,0.0,0.0,0,0,0.0,0,0,0.0,0.0,0,0.15,0.3,0.053,0.327,0.615,1.0,0,1.0,10.0,56.6
90625,USDJPYm,TREND_CONTINUATION,BUY,2026.06.29 09:31:59,2026.06.29 09:32:40,0,161.885,161.878,-7.0,-4.32,0.0,0.0,SL_HIT,0.0,0.0,0.0,0,0.0,0.0,0.0,0.0,0,0.0,0.0,0,0,0,0,0.0,0,0.0,0.0,0,0.0,0.0,0.0,0.0,0.0,0.0,0.0,0.0,0.0,0,0,0.0,0,0,0.0,0.0,0,0.15,0.3,0.053,0.327,0.615,1.0,0,1.0,10.0,56.6
90628,USDJPYm,BREAKOUT_RETEST,BUY,2026.06.29 10:54:40,2026.06.29 10:56:40,2,161.852,161.858,6.0,3.71,0.0,0.0,TRAIL_STOP,0.0,0.0,0.0,0,0.0,0.0,0.0,0.0,0,0.0,0.0,0,0,0,0,0.0,0,0.0,0.0,0,0.0,0.0,0.0,0.0,0.0,0.0,0.0,0.0,0.0,0,0,0.0,0,0,0.0,0.0,4,0.15,0.3,0.053,0.288,0.587,1.0,0,1.0,10.0,57.9
90629,USDJPYm,PULLBACK,BUY,2026.06.29 10:54:59,2026.06.29 10:56:40,1,161.856,161.858,2.0,1.24,0.0,0.0,TRAIL_STOP,0.0,0.0,0.0,0,0.0,0.0,0.0,0.0,0,0.0,0.0,0,0,0,0,0.0,0,0.0,0.0,0,0.0,0.0,0.0,0.0,0.0,0.0,0.0,0.0,0.0,0,0,0.0,0,0,0.0,0.0,4,0.15,0.3,0.053,0.288,0.587,1.0,0,1.0,10.0,57.9
90632,USDJPYm,BREAKOUT,BUY,2026.06.29 11:31:40,2026.06.29 11:33:40,2,161.819,161.831,12.0,7.41,0.0,0.0,TRAIL_STOP,0.0,0.0,0.0,0,0.0,0.0,0.0,0.0,0,0.0,0.0,0,0,0,0,0.0,0,0.0,0.0,0,0.0,0.0,0.0,0.0,0.0,0.0,0.0,0.0,0.0,0,0,0.0,0,0,0.0,0.0,0,0.0,0.3,0.0,0.21,0.526,1.0,1,1.0,10.0,58.6
90633,USDJPYm,TREND_CONTINUATION,BUY,2026.06.29 11:31:59,2026.06.29 11:33:40,1,161.832,161.831,-1.0,-0.62,0.0,0.0,SL_HIT,0.0,0.0,0.0,0,0.0,0.0,0.0,0.0,0,0.0,0.0,0,0,0,0,0.0,0,0.0,0.0,0,0.0,0.0,0.0,0.0,0.0,0.0,0.0,0.0,0.0,0,0,0.0,0,0,0.0,0.0,0,0.0,0.3,0.0,0.21,0.526,1.0,1,1.0,10.0,58.6
90636,USDJPYm,PULLBACK,BUY,2026.06.29 12:54:59,2026.06.29 13:00:20,5,161.903,161.886,-17.0,-10.5,0.0,0.0,SL_HIT,0.0,0.0,0.0,0,0.0,0.0,0.0,0.0,0,0.0,0.0,0,0,0,0,0.0,0,0.0,0.0,0,0.0,0.0,0.0,0.0,0.0,0.0,0.0,0.0,0.0,0,0,0.0,0,0,0.0,0.0,0,0.15,0.3,0.18,0.132,0.72,1.0,0,1.0,10.0,52.6
90638,USDJPYm,ANCHORED_PULLBACK,BUY,2026.06.29 13:00:40,2026.06.29 13:01:20,0,161.9,161.887,-13.0,-8.03,0.0,0.0,SL_HIT,0.0,0.0,0.0,0,0.0,0.0,0.0,0.0,0,0.0,0.0,0,0,0,0,0.0,0,0.0,0.0,0,0.0,0.0,0.0,0.0,0.0,0.0,0.0,0.0,0.0,0,0,0.0,0,0,0.0,0.0,0,0.15,0.3,0.18,0.132,0.72,1.0,0,1.0,10.0,52.6
90640,USDJPYm,BREAKOUT,BUY,2026.06.29 13:31:40,2026.06.29 13:32:59,1,161.937,161.928,-9.0,-5.56,0.0,0.0,SL_HIT,0.0,0.0,0.0,0,0.0,0.0,0.0,0.0,0,0.0,0.0,0,0,0,0,0.0,0,0.0,0.0,0,0.0,0.0,0.0,0.0,0.0,0.0,0.0,0.0,0.0,0,0,0.0,0,0,0.0,0.0,0,0.15,0.3,0.18,0.354,0.72,1.0,0,1.0,10.0,52.6
90641,USDJPYm,TREND_CONTINUATION,BUY,2026.06.29 13:31:59,2026.06.29 13:32:59,1,161.932,161.928,-4.0,-2.47,0.0,0.0,SL_HIT,0.0,0.0,0.0,0,0.0,0.0,0.0,0.0,0,0.0,0.0,0,0,0,0,0.0,0,0.0,0.0,0,0.0,0.0,0.0,0.0,0.0,0.0,0.0,0.0,0.0,0,0,0.0,0,0,0.0,0.0,0,0.15,0.3,0.18,0.354,0.72,1.0,0,1.0,10.0,52.6
90644,USDJPYm,BREAKOUT_RETEST,BUY,2026.06.29 14:00:59,2026.06.29 14:01:20,0,161.864,161.829,-35.0,-21.63,0.0,0.0,SL_HIT,0.0,0.0,0.0,0,0.0,0.0,0.0,0.0,0,0.0,0.0,0,0,0,0,0.0,0,0.0,0.0,0,0.0,0.0,0.0,0.0,0.0,0.0,0.0,0.0,0.0,0,0,0.0,0,0,0.0,0.0,0,0.15,0.3,0.153,0.227,0.511,1.0,1,1.0,10.0,55.8
90646,USDJPYm,PULLBACK,BUY,2026.06.29 14:55:40,2026.06.29 14:56:20,0,161.92,161.907,-13.0,-8.03,0.0,0.0,SL_HIT,0.0,0.0,0.0,0,0.0,0.0,0.0,0.0,0,0.0,0.0,0,0,0,0,0.0,0,0.0,0.0,0,0.0,0.0,0.0,0.0,0.0,0.0,0.0,0.0,0.0,0,0,0.0,0,0,0.0,0.0,0,0.15,0.3,0.153,0.315,0.511,1.0,0,1.0,10.0,55.8
90648,USDJPYm,BREAKOUT_RETEST,BUY,2026.06.29 16:02:40,2026.06.29 16:04:20,1,161.931,161.925,-6.0,-3.71,0.0,0.0,SL_HIT,0.0,0.0,0.0,0,0.0,0.0,0.0,0.0,0,0.0,0.0,0,0,0,0,0.0,0,0.0,0.0,0,0.0,0.0,0.0,0.0,0.0,0.0,0.0,0.0,0.0,0,0,0.0,0,0,0.0,0.0,0,0.0,0.3,0.0,0.0,0.579,0.8,1,1.0,10.0,59.1
90650,USDJPYm,BREAKOUT,BUY,2026.06.29 16:04:40,2026.06.29 16:05:40,1,161.946,161.93,-16.0,-9.88,0.0,0.0,SL_HIT,0.0,0.0,0.0,0,0.0,0.0,0.0,0.0,0,0.0,0.0,0,0,0,0,0.0,0,0.0,0.0,0,0.0,0.0,0.0,0.0,0.0,0.0,0.0,0.0,0.0,0,0,0.0,0,0,0.0,0.0,0,0.0,0.3,0.0,0.0,0.579,0.8,1,1.0,10.0,59.1
90651,USDJPYm,TREND_CONTINUATION,BUY,2026.06.29 16:05:20,2026.06.29 16:05:40,0,161.942,161.93,-12.0,-7.41,0.0,0.0,SL_HIT,0.0,0.0,0.0,0,0.0,0.0,0.0,0.0,0,0.0,0.0,0,0,0,0,0.0,0,0.0,0.0,0,0.0,0.0,0.0,0.0,0.0,0.0,0.0,0.0,0.0,0,0,0.0,0,0,0.0,0.0,0,0.0,0.3,0.0,0.0,0.579,0.8,1,1.0,10.0,59.1
90654,USDJPYm,PULLBACK,BUY,2026.06.29 16:55:40,2026.06.29 16:57:00,1,161.939,161.931,-8.0,-4.94,0.0,0.0,SL_HIT,0.0,0.0,0.0,0,0.0,0.0,0.0,0.0,0,0.0,0.0,0,0,0,0,0.0,0,0.0,0.0,0,0.0,0.0,0.0,0.0,0.0,0.0,0.0,0.0,0.0,0,0,0.0,0,0,0.0,0.0,0,0.0,0.3,0.0,0.048,0.579,0.8,1,1.0,10.0,59.1
90656,USDJPYm,BREAKOUT_RETEST,BUY,2026.06.29 18:02:40,2026.06.29 18:03:59,1,161.942,161.937,-5.0,-3.09,0.0,0.0,SL_HIT,0.0,0.0,0.0,0,0.0,0.0,0.0,0.0,0,0.0,0.0,0,0,0,0,0.0,0,0.0,0.0,0,0.0,0.0,0.0,0.0,0.0,0.0,0.0,0.0,0.0,0,0,0.0,0,0,0.0,0.0,0,0.25,0.247,0.088,0.223,0.653,0.8,1,0.825,10.0,58.4
90658,USDJPYm,BREAKOUT,BUY,2026.06.29 18:04:40,2026.06.29 18:06:40,2,161.942,161.94,-2.0,-1.24,0.0,0.0,SL_HIT,0.0,0.0,0.0,0,0.0,0.0,0.0,0.0,0,0.0,0.0,0,0,0,0,0.0,0,0.0,0.0,0,0.0,0.0,0.0,0.0,0.0,0.0,0.0,0.0,0.0,0,0,0.0,0,0,0.0,0.0,0,0.25,0.247,0.088,0.223,0.653,0.8,1,0.825,10.0,58.4
90659,USDJPYm,TREND_CONTINUATION,BUY,2026.06.29 18:05:20,2026.06.29 18:06:40,1,161.943,161.94,-3.0,-1.85,0.0,0.0,SL_HIT,0.0,0.0,0.0,0,0.0,0.0,0.0,0.0,0,0.0,0.0,0,0,0,0,0.0,0,0.0,0.0,0,0.0,0.0,0.0,0.0,0.0,0.0,0.0,0.0,0.0,0,0,0.0,0,0,0.0,0.0,0,0.25,0.247,0.088,0.223,0.653,0.8,1,0.825,10.0,58.4
90662,USDJPYm,PULLBACK,BUY,2026.06.29 18:55:40,2026.06.29 19:04:40,9,161.987,161.944,-43.0,-26.55,0.0,0.0,SL_HIT,0.0,0.0,0.0,0,0.0,0.0,0.0,0.0,0,0.0,0.0,0,0,0,0,0.0,0,0.0,0.0,0,0.0,0.0,0.0,0.0,0.0,0.0,0.0,0.0,0.0,0,0,0.0,0,0,0.0,0.0,0,0.15,0.3,0.053,0.298,0.73,1.0,0,1.0,10.0,60.8
90663,USDJPYm,ANCHORED_PULLBACK,BUY,2026.06.29 19:00:00,2026.06.29 19:04:40,4,161.977,161.944,-33.0,-20.38,0.0,0.0,SL_HIT,0.0,0.0,0.0,0,0.0,0.0,0.0,0.0,0,0.0,0.0,0,0,0,0,0.0,0,0.0,0.0,0,0.0,0.0,0.0,0.0,0.0,0.0,0.0,0.0,0.0,0,0,0.0,0,0,0.0,0.0,0,0.15,0.3,0.053,0.298,0.73,1.0,0,1.0,10.0,60.8
90666,USDJPYm,BREAKOUT_RETEST,BUY,2026.06.29 20:02:40,2026.06.29 20:23:40,21,161.941,161.937,-4.0,-2.47,0.0,0.0,SL_HIT,0.0,0.0,0.0,0,0.0,0.0,0.0,0.0,0,0.0,0.0,0,0,0,0,0.0,0,0.0,0.0,0,0.0,0.0,0.0,0.0,0.0,0.0,0.0,0.0,0.0,0,0,0.0,0,0,0.0,0.0,0,0.25,0.247,0.088,0.174,0.799,0.8,1,0.825,10.0,63.0
90667,USDJPYm,BREAKOUT,BUY,2026.06.29 20:04:40,2026.06.29 20:23:40,19,161.942,161.937,-5.0,-3.09,0.0,0.0,SL_HIT,0.0,0.0,0.0,0,0.0,0.0,0.0,0.0,0,0.0,0.0,0,0,0,0,0.0,0,0.0,0.0,0,0.0,0.0,0.0,0.0,0.0,0.0,0.0,0.0,0.0,0,0,0.0,0,0,0.0,0.0,0,0.25,0.247,0.088,0.174,0.799,0.8,1,0.825,10.0,63.0
90668,USDJPYm,TREND_CONTINUATION,BUY,2026.06.29 20:05:20,2026.06.29 20:23:40,18,161.943,161.937,-6.0,-3.71,0.0,0.0,SL_HIT,0.0,0.0,0.0,0,0.0,0.0,0.0,0.0,0,0.0,0.0,0,0,0,0,0.0,0,0.0,0.0,0,0.0,0.0,0.0,0.0,0.0,0.0,0.0,0.0,0.0,0,0,0.0,0,0,0.0,0.0,0,0.25,0.247,0.088,0.174,0.799,0.8,1,0.825,10.0,63.0
90672,USDJPYm,PULLBACK,BUY,2026.06.29 20:55:40,2026.06.29 20:56:59,1,161.963,161.953,-10.0,-6.17,0.0,0.0,SL_HIT,0.0,0.0,0.0,0,0.0,0.0,0.0,0.0,0,0.0,0.0,0,0,0,0,0.0,0,0.0,0.0,0,0.0,0.0,0.0,0.0,0.0,0.0,0.0,0.0,0.0,0,0,0.0,0,0,0.0,0.0,0,0.25,0.247,0.088,0.307,0.799,0.8,0,0.825,10.0,63.0
90674,USDJPYm,MEAN_REVERSION,BUY,2026.06.29 21:05:00,2026.06.29 21:05:20,0,161.928,161.88,-48.0,-29.66,0.0,0.0,SL_HIT,0.0,0.0,0.0,0,0.0,0.0,0.0,0.0,0,0.0,0.0,0,0,0,0,0.0,0,0.0,0.0,0,0.0,0.0,0.0,0.0,0.0,0.0,0.0,0.0,0.0,0,0,0.0,0,0,0.0,0.0,0,0.15,0.3,0.154,0.356,0.62,0.8,0,1.0,38.0,60.5
90676,USDJPYm,SWEEP_REVERSAL,BUY,2026.06.29 21:05:20,2026.06.29 21:07:40,2,161.877,161.923,46.0,28.4,0.0,0.0,TRAIL_STOP,0.0,0.0,0.0,0,0.0,0.0,0.0,0.0,0,0.0,0.0,0,0,0,0,0.0,0,0.0,0.0,0,0.0,0.0,0.0,0.0,0.0,0.0,0.0,0.0,0.0,0,0,0.0,0,0,0.0,0.0,0,0.15,0.3,0.154,0.309,0.62,0.8,0,1.0,26.0,60.5
90678,USDJPYm,BREAKOUT_RETEST,BUY,2026.06.29 22:05:40,2026.06.29 22:10:40,5,161.937,161.918,-19.0,-11.73,0.0,0.0,SL_HIT,0.0,0.0,0.0,0,0.0,0.0,0.0,0.0,0,0.0,0.0,0,0,0,0,0.0,0,0.0,0.0,0,0.0,0.0,0.0,0.0,0.0,0.0,0.0,0.0,0.0,0,0,0.0,0,0,0.0,0.0,0,0.0,0.3,0.15,0.257,0.703,1.0,0,1.0,10.0,63.6
90680,USDJPYm,MEAN_REVERSION,BUY,2026.06.29 23:07:59,2026.06.29 23:08:40,0,161.924,161.913,-11.0,-6.79,0.0,0.0,SL_HIT,0.0,0.0,0.0,0,0.0,0.0,0.0,0.0,0,0.0,0.0,0,0,0,0,0.0,0,0.0,0.0,0,0.0,0.0,0.0,0.0,0.0,0.0,0.0,0.0,0.0,0,0,0.0,0,0,0.0,0.0,0,0.25,0.247,0.238,0.316,0.742,1.0,0,0.825,10.0,61.9
90682,USDJPYm,BREAKOUT,BUY,2026.06.30 00:00:40,2026.06.30 00:01:40,1,161.942,161.932,-10.0,-6.18,0.0,0.0,SL_HIT,0.0,0.0,0.0,0,0.0,0.0,0.0,0.0,0,0.0,0.0,0,0,0,0,0.0,0,0.0,0.0,0,0.0,0.0,0.0,0.0,0.0,0.0,0.0,0.0,0.0,0,0,0.0,0,0,0.0,0.0,0,0.25,0.165,0.237,0.24,0.797,0.526,1,0.5512,10.0,58.6
90683,USDJPYm,PULLBACK,BUY,2026.06.30 00:00:59,2026.06.30 00:01:40,0,161.941,161.932,-9.0,-5.56,0.0,0.0,SL_HIT,0.0,0.0,0.0,0,0.0,0.0,0.0,0.0,0,0.0,0.0,0,0,0,0,0.0,0,0.0,0.0,0,0.0,0.0,0.0,0.0,0.0,0.0,0.0,0.0,0.0,0,0,0.0,0,0,0.0,0.0,0,0.25,0.165,0.237,0.24,0.797,0.526,1,0.5512,10.0,58.6
90684,USDJPYm,TREND_CONTINUATION,BUY,2026.06.30 00:01:00,2026.06.30 00:01:40,0,161.941,161.932,-9.0,-5.56,0.0,0.0,SL_HIT,0.0,0.0,0.0,0,0.0,0.0,0.0,0.0,0,0.0,0.0,0,0,0,0,0.0,0,0.0,0.0,0,0.0,0.0,0.0,0.0,0.0,0.0,0.0,0.0,0.0,0,0,0.0,0,0,0.0,0.0,0,0.25,0.165,0.237,0.24,0.797,0.526,1,0.5512,10.0,58.6
90688,USDJPYm,BREAKOUT_RETEST,BUY,2026.06.30 00:07:20,2026.06.30 00:07:59,0,161.947,161.947,0.0,0.0,0.0,0.0,TRAIL_STOP,0.0,0.0,0.0,0,0.0,0.0,0.0,0.0,0,0.0,0.0,0,0,0,0,0.0,0,0.0,0.0,0,0.0,0.0,0.0,0.0,0.0,0.0,0.0,0.0,0.0,0,0,0.0,0,0,0.0,0.0,0,0.25,0.165,0.237,0.346,0.797,0.526,0,0.5512,10.0,58.6
90690,USDJPYm,SWEEP_REVERSAL,BUY,2026.06.30 02:47:40,2026.06.30 02:48:40,1,162.159,162.143,-16.0,-9.87,0.0,0.0,SL_HIT,0.0,0.0,0.0,0,0.0,0.0,0.0,0.0,0,0.0,0.0,0,0,0,0,0.0,0,0.0,0.0,0,0.0,0.0,0.0,0.0,0.0,0.0,0.0,0.0,0.0,0,0,0.0,0,0,0.0,0.0,6,0.3,0.206,0.511,0.44,0.589,0.45,1,0.685,10.0,103.9
90692,USDJPYm,BREAKOUT,BUY,2026.06.30 03:00:00,2026.06.30 03:01:59,1,162.151,162.154,3.0,1.85,0.0,0.0,TRAIL_STOP,0.0,0.0,0.0,0,0.0,0.0,0.0,0.0,0,0.0,0.0,0,0,0,0,0.0,0,0.0,0.0,0,0.0,0.0,0.0,0.0,0.0,0.0,0.0,0.0,0.0,0,0,0.0,0,0,0.0,0.0,0,0.25,0.164,0.182,0.1,0.64,0.5,1,0.545,10.0,105.2
90693,USDJPYm,BREAKOUT_RETEST,BUY,2026.06.30 03:00:20,2026.06.30 03:01:59,1,162.139,162.154,15.0,9.25,0.0,0.0,TRAIL_STOP,0.0,0.0,0.0,0,0.0,0.0,0.0,0.0,0,0.0,0.0,0,0,0,0,0.0,0,0.0,0.0,0,0.0,0.0,0.0,0.0,0.0,0.0,0.0,0.0,0.0,0,0,0.0,0,0,0.0,0.0,0,0.25,0.164,0.182,0.1,0.64,0.5,1,0.545,10.0,105.2
90694,USDJPYm,PULLBACK,BUY,2026.06.30 03:00:30,2026.06.30 03:01:59,1,162.139,162.154,15.0,9.25,0.0,0.0,TRAIL_STOP,0.0,0.0,0.0,0,0.0,0.0,0.0,0.0,0,0.0,0.0,0,0,0,0,0.0,0,0.0,0.0,0,0.0,0.0,0.0,0.0,0.0,0.0,0.0,0.0,0.0,0,0,0.0,0,0,0.0,0.0,0,0.25,0.164,0.182,0.1,0.64,0.5,1,0.545,10.0,105.2
90695,USDJPYm,TREND_CONTINUATION,BUY,2026.06.30 03:00:40,2026.06.30 03:01:59,1,162.154,162.154,0.0,0.0,0.0,0.0,TRAIL_STOP,0.0,0.0,0.0,0,0.0,0.0,0.0,0.0,0,0.0,0.0,0,0,0,0,0.0,0,0.0,0.0,0,0.0,0.0,0.0,0.0,0.0,0.0,0.0,0.0,0.0,0,0,0.0,0,0,0.0,0.0,0,0.25,0.164,0.182,0.1,0.64,0.5,1,0.545,10.0,105.2
90700,USDJPYm,ANCHORED_PULLBACK,BUY,2026.06.30 04:00:00,2026.06.30 04:02:59,2,162.18,162.19,10.0,6.17,0.0,0.0,TRAIL_STOP,0.0,0.0,0.0,0,0.0,0.0,0.0,0.0,0,0.0,0.0,0,0,0,0,0.0,0,0.0,0.0,0,0.0,0.0,0.0,0.0,0.0,0.0,0.0,0.0,0.0,0,0,0.0,0,0,0.0,0.0,0,0.25,0.174,0.168,0.192,0.739,0.55,1,0.58,10.0,114.1
90702,USDJPYm,BREAKOUT_RETEST,BUY,2026.06.30 05:00:40,2026.06.30 05:01:20,0,162.187,162.173,-14.0,-8.63,0.0,0.0,SL_HIT,0.0,0.0,0.0,0,0.0,0.0,0.0,0.0,0,0.0,0.0,0,0,0,0,0.0,0,0.0,0.0,0,0.0,0.0,0.0,0.0,0.0,0.0,0.0,0.0,0.0,0,0,0.0,0,0,0.0,0.0,0,0.0,0.237,0.257,0.0,0.655,0.6,1,0.79,10.0,107.5
90704,USDJPYm,TREND_CONTINUATION,BUY,2026.06.30 05:09:20,2026.06.30 05:12:40,3,162.159,162.218,59.0,36.37,0.0,0.0,TRAIL_STOP,0.0,0.0,0.0,0,0.0,0.0,0.0,0.0,0,0.0,0.0,0,0,0,0,0.0,0,0.0,0.0,0,0.0,0.0,0.0,0.0,0.0,0.0,0.0,0.0,0.0,0,0,0.0,0,0,0.0,0.0,0,0.0,0.237,0.257,0.252,0.655,0.6,0,0.79,10.0,107.5
90705,USDJPYm,PULLBACK,BUY,2026.06.30 05:11:40,2026.06.30 05:12:40,1,162.232,162.216,-16.0,-9.86,0.0,0.0,SL_HIT,0.0,0.0,0.0,0,0.0,0.0,0.0,0.0,0,0.0,0.0,0,0,0,0,0.0,0,0.0,0.0,0,0.0,0.0,0.0,0.0,0.0,0.0,0.0,0.0,0.0,0,0,0.0,0,0,0.0,0.0,0,0.0,0.237,0.257,0.252,0.655,0.6,0,0.79,10.0,107.5
90706,USDJPYm,BREAKOUT,BUY,2026.06.30 05:11:59,2026.06.30 05:12:40,0,162.23,162.215,-15.0,-9.25,0.0,0.0,SL_HIT,0.0,0.0,0.0,0,0.0,0.0,0.0,0.0,0,0.0,0.0,0,0,0,0,0.0,0,0.0,0.0,0,0.0,0.0,0.0,0.0,0.0,0.0,0.0,0.0,0.0,0,0,0.0,0,0,0.0,0.0,0,0.0,0.237,0.257,0.252,0.655,0.6,0,0.79,10.0,107.5
90710,USDJPYm,ANCHORED_PULLBACK,BUY,2026.06.30 06:00:20,2026.06.30 06:00:59,0,162.291,162.321,30.0,18.48,0.0,0.0,TRAIL_STOP,0.0,0.0,0.0,0,0.0,0.0,0.0,0.0,0,0.0,0.0,0,0,0,0,0.0,0,0.0,0.0,0,0.0,0.0,0.0,0.0,0.0,0.0,0.0,0.0,0.0,0,0,0.0,0,0,0.0,0.0,0,0.15,0.247,0.201,0.349,0.738,0.975,0,0.825,10.0,114.9
90712,USDJPYm,BREAKOUT,BUY,2026.06.30 08:00:00,2026.06.30 08:00:40,0,162.26,162.251,-9.0,-5.55,0.0,0.0,SL_HIT,0.0,0.0,0.0,0,0.0,0.0,0.0,0.0,0,0.0,0.0,0,0,0,0,0.0,0,0.0,0.0,0,0.0,0.0,0.0,0.0,0.0,0.0,0.0,0.0,0.0,0,0,0.0,0,0,0.0,0.0,0,0.25,0.216,0.088,0.235,0.627,0.75,1,0.72,10.0,135.1
90713,USDJPYm,BREAKOUT_RETEST,BUY,2026.06.30 08:00:20,2026.06.30 08:00:40,0,162.266,162.251,-15.0,-9.25,0.0,0.0,SL_HIT,0.0,0.0,0.0,0,0.0,0.0,0.0,0.0,0,0.0,0.0,0,0,0,0,0.0,0,0.0,0.0,0,0.0,0.0,0.0,0.0,0.0,0.0,0.0,0.0,0.0,0,0,0.0,0,0,0.0,0.0,0,0.25,0.216,0.088,0.235,0.627,0.75,1,0.72,10.0,135.1
90716,USDJPYm,PULLBACK,BUY,2026.06.30 08:00:40,2026.06.30 08:01:59,1,162.244,162.253,9.0,5.55,0.0,0.0,TRAIL_STOP,0.0,0.0,0.0,0,0.0,0.0,0.0,0.0,0,0.0,0.0,0,0,0,0,0.0,0,0.0,0.0,0,0.0,0.0,0.0,0.0,0.0,0.0,0.0,0.0,0.0,0,0,0.0,0,0,0.0,0.0,0,0.25,0.216,0.088,0.164,0.627,0.75,1,0.72,10.0,135.1
90718,USDJPYm,TREND_CONTINUATION,BUY,2026.06.30 08:13:40,2026.06.30 08:15:40,2,162.316,162.328,12.0,7.39,0.0,0.0,TRAIL_STOP,0.0,0.0,0.0,0,0.0,0.0,0.0,0.0,0,0.0,0.0,0,0,0,0,0.0,0,0.0,0.0,0,0.0,0.0,0.0,0.0,0.0,0.0,0.0,0.0,0.0,0,0,0.0,0,0,0.0,0.0,0,0.25,0.216,0.088,0.344,0.627,0.75,0,0.72,10.0,135.1
90720,USDJPYm,BREAKOUT_RETEST,BUY,2026.06.30 10:00:20,2026.06.30 10:00:59,0,162.297,162.3,3.0,1.85,0.0,0.0,TRAIL_STOP,0.0,0.0,0.0,0,0.0,0.0,0.0,0.0,0,0.0,0.0,0,0,0,0,0.0,0,0.0,0.0,0,0.0,0.0,0.0,0.0,0.0,0.0,0.0,0.0,0.0,0,0,0.0,0,0,0.0,0.0,0,0.25,0.237,0.214,0.163,0.71,0.8,1,0.79,10.0,145.3
90722,USDJPYm,BREAKOUT,BUY,2026.06.30 10:06:40,2026.06.30 10:07:40,1,162.321,162.306,-15.0,-9.24,0.0,0.0,SL_HIT,0.0,0.0,0.0,0,0.0,0.0,0.0,0.0,0,0.0,0.0,0,0,0,0,0.0,0,0.0,0.0,0,0.0,0.0,0.0,0.0,0.0,0.0,0.0,0.0,0.0,0,0,0.0,0,0,0.0,0.0,0,0.25,0.237,0.214,0.1,0.71,0.8,1,0.79,10.0,145.3
90723,USDJPYm,PULLBACK,BUY,2026.06.30 10:06:59,2026.06.30 10:07:40,0,162.321,162.306,-15.0,-9.24,0.0,0.0,SL_HIT,0.0,0.0,0.0,0,0.0,0.0,0.0,0.0,0,0.0,0.0,0,0,0,0,0.0,0,0.0,0.0,0,0.0,0.0,0.0,0.0,0.0,0.0,0.0,0.0,0.0,0,0,0.0,0,0,0.0,0.0,0,0.25,0.237,0.214,0.1,0.71,0.8,1,0.79,10.0,145.3
90726,USDJPYm,TREND_CONTINUATION,BUY,2026.06.30 10:13:40,2026.06.30 10:14:40,1,162.33,162.321,-9.0,-5.54,0.0,0.0,SL_HIT,0.0,0.0,0.0,0,0.0,0.0,0.0,0.0,0,0.0,0.0,0,0,0,0,0.0,0,0.0,0.0,0,0.0,0.0,0.0,0.0,0.0,0.0,0.0,0.0,0.0,0,0,0.0,0,0,0.0,0.0,0,0.25,0.237,0.214,0.131,0.71,0.8,1,0.79,10.0,145.3
90728,USDJPYm,BREAKOUT,BUY,2026.06.30 12:06:40,2026.06.30 12:07:40,1,162.436,162.423,-13.0,-8.0,0.0,0.0,SL_HIT,0.0,0.0,0.0,0,0.0,0.0,0.0,0.0,0,0.0,0.0,0,0,0,0,0.0,0,0.0,0.0,0,0.0,0.0,0.0,0.0,0.0,0.0,0.0,0.0,0.0,0,0,0.0,0,0,0.0,0.0,0,0.15,0.3,0.189,0.351,0.693,1.0,0,1.0,10.0,149.2
90729,USDJPYm,PULLBACK,BUY,2026.06.30 12:06:59,2026.06.30 12:07:40,0,162.438,162.422,-16.0,-9.85,0.0,0.0,SL_HIT,0.0,0.0,0.0,0,0.0,0.0,0.0,0.0,0,0.0,0.0,0,0,0,0,0.0,0,0.0,0.0,0,0.0,0.0,0.0,0.0,0.0,0.0,0.0,0.0,0.0,0,0,0.0,0,0,0.0,0.0,0,0.15,0.3,0.189,0.351,0.693,1.0,0,1.0,10.0,149.2
90732,USDJPYm,TREND_CONTINUATION,BUY,2026.06.30 12:13:40,2026.06.30 12:14:40,1,162.433,162.418,-15.0,-9.24,0.0,0.0,SL_HIT,0.0,0.0,0.0,0,0.0,0.0,0.0,0.0,0,0.0,0.0,0,0,0,0,0.0,0,0.0,0.0,0,0.0,0.0,0.0,0.0,0.0,0.0,0.0,0.0,0.0,0,0,0.0,0,0,0.0,0.0,0,0.15,0.3,0.189,0.314,0.693,1.0,0,1.0,10.0,149.2
90734,USDJPYm,BREAKOUT_RETEST,BUY,2026.06.30 12:32:59,2026.06.30 12:33:20,0,162.372,162.324,-48.0,-29.57,0.0,0.0,SL_HIT,0.0,0.0,0.0,0,0.0,0.0,0.0,0.0,0,0.0,0.0,0,0,0,0,0.0,0,0.0,0.0,0,0.0,0.0,0.0,0.0,0.0,0.0,0.0,0.0,0.0,0,0,0.0,0,0,0.0,0.0,0,0.15,0.3,0.189,0.06,0.693,1.0,1,1.0,10.0,149.2
90736,USDJPYm,ANCHORED_PULLBACK,BUY,2026.06.30 13:00:40,2026.06.30 13:02:40,2,162.421,162.402,-19.0,-11.7,0.0,0.0,SL_HIT,0.0,0.0,0.0,0,0.0,0.0,0.0,0.0,0,0.0,0.0,0,0,0,0,0.0,0,0.0,0.0,0,0.0,0.0,0.0,0.0,0.0,0.0,0.0,0.0,0.0,0,0,0.0,0,0,0.0,0.0,0,0.0,0.3,0.15,0.106,0.545,1.0,1,1.0,10.0,181.1
90738,USDJPYm,BREAKOUT,BUY,2026.06.30 14:06:40,2026.06.30 14:08:40,2,162.458,162.46,2.0,1.23,0.0,0.0,TRAIL_STOP,0.0,0.0,0.0,0,0.0,0.0,0.0,0.0,0,0.0,0.0,0,0,0,0,0.0,0,0.0,0.0,0,0.0,0.0,0.0,0.0,0.0,0.0,0.0,0.0,0.0,0,0,0.0,0,0,0.0,0.0,0,0.25,0.247,0.238,0.259,0.783,1.0,0,0.825,10.0,191.0
90739,USDJPYm,PULLBACK,BUY,2026.06.30 14:06:59,2026.06.30 14:08:40,1,162.448,162.46,12.0,7.39,0.0,0.0,TRAIL_STOP,0.0,0.0,0.0,0,0.0,0.0,0.0,0.0,0,0.0,0.0,0,0,0,0,0.0,0,0.0,0.0,0,0.0,0.0,0.0,0.0,0.0,0.0,0.0,0.0,0.0,0,0,0.0,0,0,0.0,0.0,0,0.25,0.247,0.238,0.259,0.783,1.0,0,0.825,10.0,191.0
90742,USDJPYm,TREND_CONTINUATION,BUY,2026.06.30 14:13:40,2026.06.30 14:14:40,1,162.481,162.466,-15.0,-9.23,0.0,0.0,SL_HIT,0.0,0.0,0.0,0,0.0,0.0,0.0,0.0,0,0.0,0.0,0,0,0,0,0.0,0,0.0,0.0,0,0.0,0.0,0.0,0.0,0.0,0.0,0.0,0.0,0.0,0,0,0.0,0,0,0.0,0.0,0,0.25,0.247,0.238,0.259,0.783,1.0,0,0.825,10.0,191.0
90744,USDJPYm,BREAKOUT_RETEST,BUY,2026.06.30 14:32:59,2026.06.30 14:33:40,0,162.425,162.408,-17.0,-10.47,0.0,0.0,SL_HIT,0.0,0.0,0.0,0,0.0,0.0,0.0,0.0,0,0.0,0.0,0,0,0,0,0.0,0,0.0,0.0,0,0.0,0.0,0.0,0.0,0.0,0.0,0.0,0.0,0.0,0,0,0.0,0,0,0.0,0.0,0,0.25,0.247,0.238,0.116,0.783,1.0,1,0.825,10.0,191.0
90746,USDJPYm,ANCHORED_PULLBACK,BUY,2026.06.30 15:00:40,2026.06.30 15:20:59,20,162.544,162.538,-6.0,-3.69,0.0,0.0,SL_HIT,0.0,0.0,0.0,0,0.0,0.0,0.0,0.0,0,0.0,0.0,0,0,0,0,0.0,0,0.0,0.0,0,0.0,0.0,0.0,0.0,0.0,0.0,0.0,0.0,0.0,0,0,0.0,0,0,0.0,0.0,0,0.0,0.3,0.15,0.288,0.686,1.0,0,1.0,10.0,170.9
90748,USDJPYm,BREAKOUT,BUY,2026.06.30 16:06:40,2026.06.30 16:07:20,0,162.654,162.638,-16.0,-9.84,0.0,0.0,SL_HIT,0.0,0.0,0.0,0,0.0,0.0,0.0,0.0,0,0.0,0.0,0,0,0,0,0.0,0,0.0,0.0,0,0.0,0.0,0.0,0.0,0.0,0.0,0.0,0.0,0.0,0,0,0.0,0,0,0.0,0.0,0,0.0,0.3,0.17,0.287,0.721,1.0,0,1.0,10.0,166.7
90749,USDJPYm,PULLBACK,BUY,2026.06.30 16:06:59,2026.06.30 16:07:20,0,162.654,162.638,-16.0,-9.84,0.0,0.0,SL_HIT,0.0,0.0,0.0,0,0.0,0.0,0.0,0.0,0,0.0,0.0,0,0,0,0,0.0,0,0.0,0.0,0,0.0,0.0,0.0,0.0,0.0,0.0,0.0,0.0,0.0,0,0,0.0,0,0,0.0,0.0,0,0.0,0.3,0.17,0.287,0.721,1.0,0,1.0,10.0,166.7
90752,USDJPYm,TREND_CONTINUATION,BUY,2026.06.30 16:13:40,2026.06.30 16:14:40,1,162.672,162.651,-21.0,-12.91,0.0,0.0,SL_HIT,0.0,0.0,0.0,0,0.0,0.0,0.0,0.0,0,0.0,0.0,0,0,0,0,0.0,0,0.0,0.0,0,0.0,0.0,0.0,0.0,0.0,0.0,0.0,0.0,0.0,0,0,0.0,0,0,0.0,0.0,0,0.0,0.3,0.17,0.287,0.721,1.0,0,1.0,10.0,166.7
90754,USDJPYm,BREAKOUT,BUY,2026.06.30 18:06:40,2026.06.30 18:09:20,2,162.577,162.576,-1.0,-0.62,0.0,0.0,SL_HIT,0.0,0.0,0.0,0,0.0,0.0,0.0,0.0,0,0.0,0.0,0,0,0,0,0.0,0,0.0,0.0,0,0.0,0.0,0.0,0.0,0.0,0.0,0.0,0.0,0.0,0,0,0.0,0,0,0.0,0.0,0,0.15,0.3,0.053,0.235,0.522,1.0,1,1.0,10.0,156.8
90755,USDJPYm,PULLBACK,BUY,2026.06.30 18:06:59,2026.06.30 18:09:20,2,162.579,162.576,-3.0,-1.85,0.0,0.0,SL_HIT,0.0,0.0,0.0,0,0.0,0.0,0.0,0.0,0,0.0,0.0,0,0,0,0,0.0,0,0.0,0.0,0,0.0,0.0,0.0,0.0,0.0,0.0,0.0,0.0,0.0,0,0,0.0,0,0,0.0,0.0,0,0.15,0.3,0.053,0.235,0.522,1.0,1,1.0,10.0,156.8
90758,USDJPYm,TREND_CONTINUATION,BUY,2026.06.30 18:13:40,2026.06.30 18:18:40,5,162.598,162.598,0.0,0.0,0.0,0.0,TRAIL_STOP,0.0,0.0,0.0,0,0.0,0.0,0.0,0.0,0,0.0,0.0,0,0,0,0,0.0,0,0.0,0.0,0,0.0,0.0,0.0,0.0,0.0,0.0,0.0,0.0,0.0,0,0,0.0,0,0,0.0,0.0,0,0.15,0.3,0.053,0.153,0.522,1.0,1,1.0,10.0,156.8
90760,USDJPYm,BREAKOUT_RETEST,BUY,2026.06.30 18:51:40,2026.06.30 18:52:20,0,162.568,162.555,-13.0,-8.0,0.0,0.0,SL_HIT,0.0,0.0,0.0,0,0.0,0.0,0.0,0.0,0,0.0,0.0,0,0,0,0,0.0,0,0.0,0.0,0,0.0,0.0,0.0,0.0,0.0,0.0,0.0,0.0,0.0,0,0,0.0,0,0,0.0,0.0,0,0.15,0.3,0.053,0.235,0.522,1.0,1,1.0,10.0,156.8
90762,USDJPYm,BREAKOUT,BUY,2026.06.30 20:09:40,2026.06.30 20:11:40,2,162.593,162.573,-20.0,-12.3,0.0,0.0,SL_HIT,0.0,0.0,0.0,0,0.0,0.0,0.0,0.0,0,0.0,0.0,0,0,0,0,0.0,0,0.0,0.0,0,0.0,0.0,0.0,0.0,0.0,0.0,0.0,0.0,0.0,0,0,0.0,0,0,0.0,0.0,0,0.15,0.3,0.148,0.229,0.606,0.8,0,1.0,10.0,151.6
90763,USDJPYm,PULLBACK,BUY,2026.06.30 20:09:59,2026.06.30 20:11:40,1,162.592,162.573,-19.0,-11.69,0.0,0.0,SL_HIT,0.0,0.0,0.0,0,0.0,0.0,0.0,0.0,0,0.0,0.0,0,0,0,0,0.0,0,0.0,0.0,0,0.0,0.0,0.0,0.0,0.0,0.0,0.0,0.0,0.0,0,0,0.0,0,0,0.0,0.0,0,0.15,0.3,0.148,0.229,0.606,0.8,0,1.0,10.0,151.6
90766,USDJPYm,TREND_CONTINUATION,BUY,2026.06.30 20:32:40,2026.06.30 20:34:40,2,162.597,162.585,-12.0,-7.38,0.0,0.0,SL_HIT,0.0,0.0,0.0,0,0.0,0.0,0.0,0.0,0,0.0,0.0,0,0,0,0,0.0,0,0.0,0.0,0,0.0,0.0,0.0,0.0,0.0,0.0,0.0,0.0,0.0,0,0,0.0,0,0,0.0,0.0,0,0.15,0.3,0.148,0.06,0.606,0.8,1,1.0,10.0,151.6
90768,USDJPYm,BREAKOUT_RETEST,BUY,2026.06.30 20:56:40,2026.06.30 21:05:00,8,162.595,162.55,-45.0,-27.7,0.0,0.0,SL_HIT,0.0,0.0,0.0,0,0.0,0.0,0.0,0.0,0,0.0,0.0,0,0,0,0,0.0,0,0.0,0.0,0,0.0,0.0,0.0,0.0,0.0,0.0,0.0,0.0,0.0,0,0,0.0,0,0,0.0,0.0,8,0.4,0.247,0.312,0.457,0.717,1.0,0,0.825,61.0,142.0
90772,USDJPYm,BREAKOUT,BUY,2026.06.30 22:09:40,2026.06.30 22:13:20,3,162.609,162.596,-13.0,-8.0,0.0,0.0,SL_HIT,0.0,0.0,0.0,0,0.0,0.0,0.0,0.0,0,0.0,0.0,0,0,0,0,0.0,0,0.0,0.0,0,0.0,0.0,0.0,0.0,0.0,0.0,0.0,0.0,0.0,0,0,0.0,0,0,0.0,0.0,0,0.25,0.247,0.238,0.146,0.806,1.0,1,0.825,10.0,144.4
90773,USDJPYm,PULLBACK,BUY,2026.06.30 22:09:59,2026.06.30 22:13:20,3,162.608,162.596,-12.0,-7.38,0.0,0.0,SL_HIT,0.0,0.0,0.0,0,0.0,0.0,0.0,0.0,0,0.0,0.0,0,0,0,0,0.0,0,0.0,0.0,0,0.0,0.0,0.0,0.0,0.0,0.0,0.0,0.0,0.0,0,0,0.0,0,0,0.0,0.0,0,0.25,0.247,0.238,0.146,0.806,1.0,1,0.825,10.0,144.4
90776,USDJPYm,TREND_CONTINUATION,BUY,2026.06.30 22:32:40,2026.06.30 22:41:40,9,162.628,162.614,-14.0,-8.61,0.0,0.0,SL_HIT,0.0,0.0,0.0,0,0.0,0.0,0.0,0.0,0,0.0,0.0,0,0,0,0,0.0,0,0.0,0.0,0,0.0,0.0,0.0,0.0,0.0,0.0,0.0,0.0,0.0,0,0,0.0,0,0,0.0,0.0,0,0.25,0.247,0.238,0.304,0.806,1.0,0,0.825,10.0,144.4
90778,USDJPYm,BREAKOUT_RETEST,BUY,2026.06.30 23:00:40,2026.06.30 23:03:40,3,162.606,162.598,-8.0,-4.92,0.0,0.0,SL_HIT,0.0,0.0,0.0,0,0.0,0.0,0.0,0.0,0,0.0,0.0,0,0,0,0,0.0,0,0.0,0.0,0,0.0,0.0,0.0,0.0,0.0,0.0,0.0,0.0,0.0,0,0,0.0,0,0,0.0,0.0,0,0.0,0.3,0.15,0.042,0.669,0.8,1,1.0,10.0,134.9
