ticket,signalId,symbol,setupType,direction,trailStyle,entryTime,exitTime,holdingMinutes,entryPrice,exitPrice,profitPips,profitUSD,maeATR,mfeATR,exitReason,entryVpPOC,entryVpVAH,entryVpVAL,entryVpInsideVA,entryVpDistHVN,entryVpDistLVN,entryVpBestHVN,entryVpThinnessRatio,entryVpOverlapBias,entryVpMigrationConf,entryVpDevPOCDir,entryVpProfileShape,entryVpUpthrust,entryVpSpring,entryVpCompPosition,entryVpBreakoutPOC,entryAuctRegime,entryAuctRegimeConf,entryAuctTradeQuality,entryAuctTradeGrade,entryAuctBalance,entryAuctContinuation,entryAuctReversalRisk,entryAuctExhaustion,entryAuctFailure,entryAuctVAExpRate,entryAuctTargetPrice,entryAuctTargetConf,entryAuctExpReward,entryLTValid,entryLTPOCMigration,entryLTNearestZoneStrength,entryArchetype,entryProfilerSamples,thesis,riskReward,exitAuctRegime,exitAuctFailure,exitAuctContinuation,exitAuctReversalRisk,exitAuctExhaustion,exitAuctBalance,exitVpMigrationConf,exitVpInsideVA,exitVpDevPOCDir,exitSpreadPoints,exitAtrProxy
35500,NVDAm_20251001100025_5,NVDAm,MEAN_REVERSION,BUY,0,2025.10.01 10:00:25,2025.10.01 10:04:27,4,185.65,185.09,-56.0,-280.0,0.499,0.0,SL_HIT,186.146,186.406,185.366,0,0.572,0.005,185.834,0.5,0,1.0,0.685,0,0,0,1,0.0,0,0.67,0.372,1,0.67,0.206,0.297,0.444,0.4,0.0,185.834,0.743,0.392,1,2,0.94,0,4369,0.618,0.8,0,0.4,0.206,0.297,0.436,0.67,1.0,0,0.685,64.0,128.2
35501,NVDAm_20251001100025_5,NVDAm,MEAN_REVERSION,BUY,1,2025.10.01 10:00:25,2025.10.01 10:05:30,5,185.65,185.0,-65.0,-325.0,0.499,0.0,SL_HIT,186.146,186.406,185.366,0,0.572,0.005,185.834,0.5,0,1.0,0.685,0,0,0,1,0.0,0,0.67,0.372,1,0.67,0.206,0.297,0.444,0.4,0.0,185.834,0.743,0.392,1,2,0.94,0,4369,0.618,0.8,0,0.4,0.206,0.297,0.444,0.67,1.0,0,0.685,64.0,128.2
35506,NVDAm_20251001110004_4,NVDAm,SWEEP_REVERSAL,BUY,0,2025.10.01 11:00:04,2025.10.01 11:02:59,2,185.46,185.08,-38.0,-190.0,0.519,0.0,SL_HIT,185.86975,186.223,185.438,0,0.727,0.025,185.86975,0.5,0,1.0,0.72,0,0,0,1,0.0,0,0.779,0.302,0,0.779,0.216,0.14,0.421,0.4,0.0,185.86975,0.754,0.374,1,2,0.94,0,4370,0.23,0.84,0,0.4,0.216,0.14,0.321,0.779,1.0,0,0.72,64.0,125.4
35507,NVDAm_20251001110004_4,NVDAm,SWEEP_REVERSAL,BUY,1,2025.10.01 11:00:04,2025.10.01 11:04:40,4,185.46,185.04,-42.0,-210.0,0.519,0.0,SL_HIT,185.86975,186.223,185.438,0,0.727,0.025,185.86975,0.5,0,1.0,0.72,0,0,0,1,0.0,0,0.779,0.302,0,0.779,0.216,0.14,0.421,0.4,0.0,185.86975,0.754,0.374,1,2,0.94,0,4370,0.23,0.84,0,0.4,0.216,0.14,0.321,0.779,1.0,0,0.72,64.0,125.4
35511,NVDAm_20251001120109_5,NVDAm,MEAN_REVERSION,BUY,0,2025.10.01 12:01:09,2025.10.01 12:01:19,0,185.71,185.05,-66.0,-330.0,0.519,0.0,SL_HIT,185.863,186.37,185.434,0,0.45,0.246,185.863,0.6,0,1.0,0.755,0,0,0,1,0.0,0,0.765,0.317,0,0.765,0.226,0.14,0.231,0.4,0.0,185.863,0.757,0.216,1,-2,0.932,0,4371,0.633,0.8,0,0.4,0.226,0.14,0.231,0.765,1.0,0,0.755,64.0,123.4
35512,NVDAm_20251001120109_5,NVDAm,MEAN_REVERSION,BUY,1,2025.10.01 12:01:09,2025.10.01 12:01:39,0,185.71,184.98,-73.0,-365.0,0.559,0.0,SL_HIT,185.863,186.37,185.434,0,0.45,0.246,185.863,0.6,0,1.0,0.755,0,0,0,1,0.0,0,0.765,0.317,0,0.765,0.226,0.14,0.231,0.4,0.0,185.863,0.757,0.216,1,-2,0.932,0,4371,0.633,0.8,0,0.4,0.226,0.14,0.287,0.765,1.0,0,0.755,64.0,123.4
35510,NVDAm_20251001120109_5,NVDAm,MEAN_REVERSION,BUY,-1,2025.10.01 12:01:09,2025.10.01 12:06:42,5,185.71,184.72,-99.0,-495.0,0.794,0.0,SL_HIT,185.863,186.37,185.434,0,0.45,0.246,185.863,0.6,0,1.0,0.755,0,0,0,1,0.0,0,0.765,0.317,0,0.765,0.226,0.14,0.231,0.4,0.0,185.863,0.757,0.216,1,-2,0.932,0,4371,0.633,0.8,0,0.4,0.226,0.14,0.415,0.765,1.0,0,0.755,64.0,123.4
35499,NVDAm_20251001100025_5,NVDAm,MEAN_REVERSION,BUY,-1,2025.10.01 10:00:25,2025.10.01 12:07:39,127,185.65,184.62,-103.0,-515.0,0.788,0.0,SL_HIT,186.146,186.406,185.366,0,0.572,0.005,185.834,0.5,0,1.0,0.685,0,0,0,1,0.0,0,0.67,0.372,1,0.67,0.206,0.297,0.444,0.4,0.0,185.834,0.743,0.392,1,2,0.94,0,4369,0.618,0.8,0,0.4,0.226,0.14,0.415,0.765,1.0,0,0.755,64.0,123.4
35518,NVDAm_20251001133020_2,NVDAm,PULLBACK,BUY,0,2025.10.01 13:30:20,2025.10.01 13:30:40,0,185.77,185.68,-9.0,-45.0,0.528,0.0,SL_HIT,185.30225,185.7725,184.7465,1,0.301,0.023,185.90075,0.6,0,1.0,0.79,0,0,0,1,0.0,0,0.752,0.342,0,0.752,0.237,0.259,0.163,0.4,0.0,184.7465,0.6,0.189,1,-2,0.932,0,4372,0.606,2.0,0,0.4,0.237,0.259,0.356,0.752,1.0,1,0.79,64.0,123.1
35521,NVDAm_20251001133020_3,NVDAm,TREND_CONTINUATION,BUY,0,2025.10.01 13:30:20,2025.10.01 13:30:40,0,185.78,185.68,-10.0,-50.0,0.536,0.0,SL_HIT,185.30225,185.7725,184.7465,1,0.301,0.023,185.90075,0.6,0,1.0,0.79,0,0,0,1,0.0,0,0.752,0.341,0,0.752,0.237,0.259,0.163,0.4,0.0,184.7465,0.6,0.186,1,-2,0.932,0,4372,0.535,2.08,0,0.4,0.237,0.259,0.356,0.752,1.0,1,0.79,64.0,123.1
35519,NVDAm_20251001133020_2,NVDAm,PULLBACK,BUY,1,2025.10.01 13:30:20,2025.10.01 13:30:41,0,185.77,185.6,-17.0,-85.0,0.528,0.0,SL_HIT,185.30225,185.7725,184.7465,1,0.301,0.023,185.90075,0.6,0,1.0,0.79,0,0,0,1,0.0,0,0.752,0.342,0,0.752,0.237,0.259,0.163,0.4,0.0,184.7465,0.6,0.189,1,-2,0.932,0,4372,0.606,2.0,0,0.4,0.237,0.259,0.346,0.752,1.0,1,0.79,64.0,123.1
35522,NVDAm_20251001133020_3,NVDAm,TREND_CONTINUATION,BUY,1,2025.10.01 13:30:20,2025.10.01 13:30:41,0,185.78,185.6,-18.0,-90.0,0.536,0.0,SL_HIT,185.30225,185.7725,184.7465,1,0.301,0.023,185.90075,0.6,0,1.0,0.79,0,0,0,1,0.0,0,0.752,0.341,0,0.752,0.237,0.259,0.163,0.4,0.0,184.7465,0.6,0.186,1,-2,0.932,0,4372,0.535,2.08,0,0.4,0.237,0.259,0.346,0.752,1.0,1,0.79,64.0,123.1
35531,NVDAm_20251001133840_4,NVDAm,SWEEP_REVERSAL,BUY,1,2025.10.01 13:38:40,2025.10.01 13:41:38,2,184.71,184.49,-22.0,-110.0,0.325,0.268,SL_HIT,185.30225,185.7725,184.7465,0,0.301,0.023,185.90075,0.6,0,1.0,0.79,0,0,0,1,0.0,0,0.752,0.368,1,0.752,0.237,0.259,0.443,0.4,0.0,185.30225,0.7,0.57,1,-2,0.932,0,4372,0.277,0.81,0,0.4,0.237,0.259,0.443,0.752,1.0,0,0.79,16.0,123.1
35530,NVDAm_20251001133840_4,NVDAm,SWEEP_REVERSAL,BUY,0,2025.10.01 13:38:40,2025.10.01 13:48:38,9,184.71,184.59,-12.0,-60.0,0.325,0.552,SL_HIT,185.30225,185.7725,184.7465,0,0.301,0.023,185.90075,0.6,0,1.0,0.79,0,0,0,1,0.0,0,0.752,0.368,1,0.752,0.237,0.259,0.443,0.4,0.0,185.30225,0.7,0.57,1,-2,0.932,0,4372,0.277,0.81,0,0.4,0.237,0.259,0.394,0.752,1.0,0,0.79,16.0,123.1
35520,NVDAm_20251001133020_3,NVDAm,TREND_CONTINUATION,BUY,-1,2025.10.01 13:30:20,2025.10.01 13:49:05,18,185.78,184.29,-149.0,-745.0,1.194,0.0,SL_HIT,185.30225,185.7725,184.7465,1,0.301,0.023,185.90075,0.6,0,1.0,0.79,0,0,0,1,0.0,0,0.752,0.341,0,0.752,0.237,0.259,0.163,0.4,0.0,184.7465,0.6,0.186,1,-2,0.932,0,4372,0.535,2.08,0,0.4,0.237,0.259,0.443,0.752,1.0,0,0.79,16.0,123.1
35505,NVDAm_20251001110004_4,NVDAm,SWEEP_REVERSAL,BUY,-1,2025.10.01 11:00:04,2025.10.01 13:49:17,169,185.46,184.14,-132.0,-660.0,0.989,0.207,SL_HIT,185.86975,186.223,185.438,0,0.727,0.025,185.86975,0.5,0,1.0,0.72,0,0,0,1,0.0,0,0.779,0.302,0,0.779,0.216,0.14,0.421,0.4,0.0,185.86975,0.754,0.374,1,2,0.94,0,4370,0.23,0.84,0,0.4,0.237,0.259,0.443,0.752,1.0,0,0.79,16.0,123.1
35517,NVDAm_20251001133020_2,NVDAm,PULLBACK,BUY,-1,2025.10.01 13:30:20,2025.10.01 13:49:40,19,185.77,183.92,-185.0,-925.0,1.494,0.0,SL_HIT,185.30225,185.7725,184.7465,1,0.301,0.023,185.90075,0.6,0,1.0,0.79,0,0,0,1,0.0,0,0.752,0.342,0,0.752,0.237,0.259,0.163,0.4,0.0,184.7465,0.6,0.189,1,-2,0.932,0,4372,0.606,2.0,0,0.4,0.237,0.259,0.443,0.752,1.0,0,0.79,16.0,123.1
35538,NVDAm_20251001140115_5,NVDAm,MEAN_REVERSION,BUY,-1,2025.10.01 14:01:15,2025.10.01 14:12:26,11,184.23,185.09,86.0,430.0,0.124,0.65,TP_HIT,184.91675,185.342,184.397,0,0.486,0.172,184.25525,0.5,0,0.675,-0.51,0,0,0,1,0.0,0,0.812,0.36,1,0.812,0.153,0.255,0.404,0.4,0.0,184.91675,0.7,0.277,1,-2,0.932,0,4373,0.687,0.82,0,0.4,0.153,0.255,0.215,0.812,0.675,1,-0.51,16.0,129.2
35539,NVDAm_20251001140115_5,NVDAm,MEAN_REVERSION,BUY,0,2025.10.01 14:01:15,2025.10.01 14:12:26,11,184.23,185.09,86.0,430.0,0.124,0.65,TP_HIT,184.91675,185.342,184.397,0,0.486,0.172,184.25525,0.5,0,0.675,-0.51,0,0,0,1,0.0,0,0.812,0.36,1,0.812,0.153,0.255,0.404,0.4,0.0,184.91675,0.7,0.277,1,-2,0.932,0,4373,0.687,0.82,0,0.4,0.153,0.255,0.215,0.812,0.675,1,-0.51,16.0,129.2
35540,NVDAm_20251001140115_5,NVDAm,MEAN_REVERSION,BUY,1,2025.10.01 14:01:15,2025.10.01 14:12:26,11,184.23,185.09,86.0,430.0,0.124,0.65,TP_HIT,184.91675,185.342,184.397,0,0.486,0.172,184.25525,0.5,0,0.675,-0.51,0,0,0,1,0.0,0,0.812,0.36,1,0.812,0.153,0.255,0.404,0.4,0.0,184.91675,0.7,0.277,1,-2,0.932,0,4373,0.687,0.82,0,0.4,0.153,0.255,0.215,0.812,0.675,1,-0.51,16.0,129.2
35529,NVDAm_20251001133840_4,NVDAm,SWEEP_REVERSAL,BUY,-1,2025.10.01 13:38:40,2025.10.01 14:21:35,42,184.71,185.7,99.0,495.0,0.715,0.78,TP_HIT,185.30225,185.7725,184.7465,0,0.301,0.023,185.90075,0.6,0,1.0,0.79,0,0,0,1,0.0,0,0.752,0.368,1,0.752,0.237,0.259,0.443,0.4,0.0,185.30225,0.7,0.57,1,-2,0.932,0,4372,0.277,0.81,0,0.4,0.153,0.255,0.456,0.812,0.675,0,-0.51,16.0,129.2
35546,NVDAm_20251001160000_0,NVDAm,BREAKOUT,BUY,0,2025.10.01 16:00:00,2025.10.01 16:01:06,1,187.35,187.37,2.0,10.0,0.096,0.051,TRAIL_STOP,184.91625,186.99,183.83,0,0.065,0.699,184.32375,0.8,0,0.617,-0.4413,0,0,0,1,0.0,2,1.0,0.542,2,0.664,0.832,0.088,0.239,0.25,0.761,184.91625,0.7,0.956,1,-2,0.98,0,4375,0.521,1.67,0,0.25,0.132,0.088,0.239,0.664,0.617,0,-0.4413,16.0,155.7
35547,NVDAm_20251001160000_0,NVDAm,BREAKOUT,BUY,1,2025.10.01 16:00:00,2025.10.01 16:01:25,1,187.35,187.29,-6.0,-30.0,0.096,0.051,SL_HIT,184.91625,186.99,183.83,0,0.065,0.699,184.32375,0.8,0,0.617,-0.4413,0,0,0,1,0.0,2,1.0,0.542,2,0.664,0.832,0.088,0.239,0.25,0.761,184.91625,0.7,0.956,1,-2,0.98,0,4375,0.521,1.67,0,0.25,0.132,0.088,0.239,0.664,0.617,0,-0.4413,16.0,155.7
35551,NVDAm_20251001173021_2,NVDAm,PULLBACK,BUY,0,2025.10.01 17:30:21,2025.10.01 17:30:28,0,187.6,187.36,-24.0,-120.0,0.135,0.0,SL_HIT,186.89125,187.78,184.8175,1,0.057,0.577,184.32375,0.75,0,0.482,0.3815,0,0,0,1,0.0,0,0.665,0.351,1,0.665,0.114,0.128,0.28,0.25,0.0,186.89125,0.7,0.781,1,-2,0.98,0,4376,0.417,2.0,0,0.25,0.114,0.128,0.211,0.665,0.482,1,0.3815,16.0,155.6
35552,NVDAm_20251001173021_2,NVDAm,PULLBACK,BUY,1,2025.10.01 17:30:21,2025.10.01 17:30:36,0,187.6,187.29,-31.0,-155.0,0.18,0.0,SL_HIT,186.89125,187.78,184.8175,1,0.057,0.577,184.32375,0.75,0,0.482,0.3815,0,0,0,1,0.0,0,0.665,0.351,1,0.665,0.114,0.128,0.28,0.25,0.0,186.89125,0.7,0.781,1,-2,0.98,0,4376,0.417,2.0,0,0.25,0.114,0.128,0.211,0.665,0.482,1,0.3815,16.0,155.6
35556,NVDAm_20251001173204_3,NVDAm,TREND_CONTINUATION,BUY,0,2025.10.01 17:32:04,2025.10.01 17:33:00,0,187.49,187.38,-11.0,-55.0,0.109,0.0,SL_HIT,186.89125,187.78,184.8175,1,0.057,0.577,184.32375,0.75,0,0.482,0.3815,0,0,0,1,0.0,0,0.665,0.34,0,0.665,0.114,0.128,0.211,0.25,0.0,184.32375,0.72,0.687,1,-2,0.98,0,4376,0.311,2.08,0,0.25,0.114,0.128,0.211,0.665,0.482,1,0.3815,16.0,155.6
35557,NVDAm_20251001173204_3,NVDAm,TREND_CONTINUATION,BUY,1,2025.10.01 17:32:04,2025.10.01 17:40:04,8,187.49,187.65,16.0,80.0,0.109,0.193,TRAIL_STOP,186.89125,187.78,184.8175,1,0.057,0.577,184.32375,0.75,0,0.482,0.3815,0,0,0,1,0.0,0,0.665,0.34,0,0.665,0.114,0.128,0.211,0.25,0.0,184.32375,0.72,0.687,1,-2,0.98,0,4376,0.311,2.08,0,0.25,0.114,0.128,0.344,0.665,0.482,1,0.3815,16.0,155.6
35561,NVDAm_20251001180000_0,NVDAm,BREAKOUT,BUY,0,2025.10.01 18:00:00,2025.10.01 18:00:41,0,187.6,187.69,9.0,45.0,0.116,0.095,TRAIL_STOP,187.3535,187.652,186.458,1,0.059,1.005,187.3535,0.3,0,0.5,0.72,2,0,0,1,0.0,0,0.663,0.416,1,0.663,0.216,0.0,0.027,0.0,0.0,186.458,0.6,0.294,1,-2,0.98,0,4377,0.254,1.67,0,0.0,0.216,0.0,0.184,0.663,0.5,0,0.72,16.0,147.1
35562,NVDAm_20251001180000_0,NVDAm,BREAKOUT,BUY,1,2025.10.01 18:00:00,2025.10.01 18:01:59,1,187.6,187.61,1.0,5.0,0.116,0.095,TRAIL_STOP,187.3535,187.652,186.458,1,0.059,1.005,187.3535,0.3,0,0.5,0.72,2,0,0,1,0.0,0,0.663,0.416,1,0.663,0.216,0.0,0.027,0.0,0.0,186.458,0.6,0.294,1,-2,0.98,0,4377,0.254,1.67,0,0.0,0.216,0.0,0.048,0.663,0.5,1,0.72,16.0,147.1
35566,NVDAm_20251001181333_1,NVDAm,BREAKOUT_RETEST,BUY,0,2025.10.01 18:13:33,2025.10.01 18:20:59,7,187.75,187.61,-14.0,-70.0,0.15,0.0,SL_HIT,187.3535,187.652,186.458,1,0.059,1.005,187.3535,0.3,0,0.5,0.72,2,0,0,1,0.0,0,0.663,0.421,1,0.663,0.216,0.0,0.048,0.0,0.0,186.458,0.6,0.337,1,-2,0.98,0,4377,0.391,1.49,0,0.0,0.216,0.0,0.048,0.663,0.5,1,0.72,16.0,147.1
35567,NVDAm_20251001181333_1,NVDAm,BREAKOUT_RETEST,BUY,1,2025.10.01 18:13:33,2025.10.01 18:22:51,9,187.75,187.53,-22.0,-110.0,0.15,0.0,SL_HIT,187.3535,187.652,186.458,1,0.059,1.005,187.3535,0.3,0,0.5,0.72,2,0,0,1,0.0,0,0.663,0.421,1,0.663,0.216,0.0,0.048,0.0,0.0,186.458,0.6,0.337,1,-2,0.98,0,4377,0.391,1.49,0,0.0,0.216,0.0,0.048,0.663,0.5,1,0.72,16.0,147.1
35565,NVDAm_20251001181333_1,NVDAm,BREAKOUT_RETEST,BUY,-1,2025.10.01 18:13:33,2025.10.01 18:29:05,15,187.75,187.31,-44.0,-220.0,0.292,0.0,SL_HIT,187.3535,187.652,186.458,1,0.059,1.005,187.3535,0.3,0,0.5,0.72,2,0,0,1,0.0,0,0.663,0.421,1,0.663,0.216,0.0,0.048,0.0,0.0,186.458,0.6,0.337,1,-2,0.98,0,4377,0.391,1.49,0,0.0,0.216,0.0,0.027,0.663,0.5,1,0.72,16.0,147.1
35572,NVDAm_20251002100000_0,NVDAm,BREAKOUT,BUY,0,2025.10.02 10:00:00,2025.10.02 10:10:25,10,189.74,189.2,-54.0,-270.0,0.781,0.0,SL_HIT,187.34825,187.784,186.9125,0,0.983,0.155,187.34825,0.35,0,0.9,0.615,0,0,0,1,0.0,1,0.758,0.331,0,0.785,0.185,0.226,0.758,0.4,-0.0528,187.34825,0.75,0.356,1,-1,0.967,0,4379,0.453,2.31,0,0.4,0.185,0.226,0.458,0.817,0.9,0,0.615,96.0,120.3
35575,NVDAm_20251002100008_2,NVDAm,PULLBACK,BUY,0,2025.10.02 10:00:08,2025.10.02 10:10:25,10,189.77,189.2,-57.0,-285.0,0.806,0.0,SL_HIT,187.34825,187.784,186.9125,0,0.983,0.155,187.34825,0.35,0,0.9,0.615,0,0,0,1,0.0,0,0.817,0.368,1,0.817,0.185,0.226,0.458,0.4,0.0,187.34825,0.75,0.545,1,-1,0.967,0,4379,0.417,2.71,0,0.4,0.185,0.226,0.458,0.817,0.9,0,0.615,96.0,120.3
35578,NVDAm_20251002100017_3,NVDAm,TREND_CONTINUATION,BUY,0,2025.10.02 10:00:17,2025.10.02 10:10:25,10,189.76,189.2,-56.0,-280.0,0.781,0.0,SL_HIT,187.34825,187.784,186.9125,0,0.983,0.155,187.34825,0.35,0,0.9,0.615,0,0,0,1,0.0,0,0.817,0.367,1,0.817,0.185,0.226,0.458,0.4,0.0,187.34825,0.75,0.542,1,-1,0.967,0,4379,0.49,2.08,0,0.4,0.185,0.226,0.458,0.817,0.9,0,0.615,96.0,120.3
35573,NVDAm_20251002100000_0,NVDAm,BREAKOUT,BUY,1,2025.10.02 10:00:00,2025.10.02 10:10:41,10,189.74,189.13,-61.0,-305.0,0.781,0.0,SL_HIT,187.34825,187.784,186.9125,0,0.983,0.155,187.34825,0.35,0,0.9,0.615,0,0,0,1,0.0,1,0.758,0.331,0,0.785,0.185,0.226,0.758,0.4,-0.0528,187.34825,0.75,0.356,1,-1,0.967,0,4379,0.453,2.31,0,0.4,0.185,0.226,0.458,0.817,0.9,0,0.615,96.0,120.3
35576,NVDAm_20251002100008_2,NVDAm,PULLBACK,BUY,1,2025.10.02 10:00:08,2025.10.02 10:10:41,10,189.77,189.13,-64.0,-320.0,0.806,0.0,SL_HIT,187.34825,187.784,186.9125,0,0.983,0.155,187.34825,0.35,0,0.9,0.615,0,0,0,1,0.0,0,0.817,0.368,1,0.817,0.185,0.226,0.458,0.4,0.0,187.34825,0.75,0.545,1,-1,0.967,0,4379,0.417,2.71,0,0.4,0.185,0.226,0.458,0.817,0.9,0,0.615,96.0,120.3
35579,NVDAm_20251002100017_3,NVDAm,TREND_CONTINUATION,BUY,1,2025.10.02 10:00:17,2025.10.02 10:10:41,10,189.76,189.13,-63.0,-315.0,0.781,0.0,SL_HIT,187.34825,187.784,186.9125,0,0.983,0.155,187.34825,0.35,0,0.9,0.615,0,0,0,1,0.0,0,0.817,0.367,1,0.817,0.185,0.226,0.458,0.4,0.0,187.34825,0.75,0.542,1,-1,0.967,0,4379,0.49,2.08,0,0.4,0.185,0.226,0.458,0.817,0.9,0,0.615,96.0,120.3
35587,NVDAm_20251002120000_0,NVDAm,BREAKOUT,BUY,0,2025.10.02 12:00:00,2025.10.02 12:00:33,0,190.13,189.44,-69.0,-345.0,0.589,0.0,SL_HIT,187.36575,187.7795,186.7865,0,0.024,0.836,187.36575,0.3,1,1.0,0.86,4,0,0,1,0.0,2,1.0,0.516,2,0.715,0.958,0.15,0.097,0.0,0.1433,187.36575,0.743,0.917,1,-1,0.972,0,4381,0.699,1.29,4,0.0,0.258,0.15,0.097,0.715,1.0,0,0.86,64.0,115.5
35590,NVDAm_20251002120009_2,NVDAm,PULLBACK,BUY,0,2025.10.02 12:00:09,2025.10.02 12:00:33,0,190.1,189.44,-66.0,-330.0,0.563,0.0,SL_HIT,187.36575,187.7795,186.7865,0,0.024,0.836,187.36575,0.3,1,1.0,0.86,4,0,0,1,0.0,4,0.614,0.407,1,0.715,0.258,0.15,0.097,0.0,0.0,187.36575,0.743,0.813,1,-1,0.972,0,4381,0.479,1.57,4,0.0,0.258,0.15,0.097,0.715,1.0,0,0.86,64.0,115.5
35593,NVDAm_20251002120018_3,NVDAm,TREND_CONTINUATION,BUY,0,2025.10.02 12:00:18,2025.10.02 12:00:42,0,190.1,189.41,-69.0,-345.0,0.571,0.0,SL_HIT,187.36575,187.7795,186.7865,0,0.024,0.836,187.36575,0.3,1,1.0,0.86,4,0,0,1,0.0,4,0.614,0.407,1,0.715,0.258,0.15,0.097,0.0,0.0,187.36575,0.743,0.813,1,-1,0.972,0,4381,0.562,1.31,4,0.0,0.258,0.15,0.085,0.715,1.0,0,0.86,64.0,115.5
35588,NVDAm_20251002120000_0,NVDAm,BREAKOUT,BUY,1,2025.10.02 12:00:00,2025.10.02 12:01:30,1,190.13,189.39,-74.0,-370.0,0.623,0.0,SL_HIT,187.36575,187.7795,186.7865,0,0.024,0.836,187.36575,0.3,1,1.0,0.86,4,0,0,1,0.0,2,1.0,0.516,2,0.715,0.958,0.15,0.097,0.0,0.1433,187.36575,0.743,0.917,1,-1,0.972,0,4381,0.699,1.29,4,0.0,0.258,0.15,0.085,0.715,1.0,0,0.86,64.0,115.5
35591,NVDAm_20251002120009_2,NVDAm,PULLBACK,BUY,1,2025.10.02 12:00:09,2025.10.02 12:01:30,1,190.1,189.39,-71.0,-355.0,0.597,0.0,SL_HIT,187.36575,187.7795,186.7865,0,0.024,0.836,187.36575,0.3,1,1.0,0.86,4,0,0,1,0.0,4,0.614,0.407,1,0.715,0.258,0.15,0.097,0.0,0.0,187.36575,0.743,0.813,1,-1,0.972,0,4381,0.479,1.57,4,0.0,0.258,0.15,0.085,0.715,1.0,0,0.86,64.0,115.5
35594,NVDAm_20251002120018_3,NVDAm,TREND_CONTINUATION,BUY,1,2025.10.02 12:00:18,2025.10.02 12:01:30,1,190.1,189.39,-71.0,-355.0,0.597,0.0,SL_HIT,187.36575,187.7795,186.7865,0,0.024,0.836,187.36575,0.3,1,1.0,0.86,4,0,0,1,0.0,4,0.614,0.407,1,0.715,0.258,0.15,0.097,0.0,0.0,187.36575,0.743,0.813,1,-1,0.972,0,4381,0.562,1.31,4,0.0,0.258,0.15,0.085,0.715,1.0,0,0.86,64.0,115.5
35571,NVDAm_20251002100000_0,NVDAm,BREAKOUT,BUY,-1,2025.10.02 10:00:00,2025.10.02 13:51:38,231,189.74,188.44,-130.0,-650.0,1.072,0.881,SL_HIT,187.34825,187.784,186.9125,0,0.983,0.155,187.34825,0.35,0,0.9,0.615,0,0,0,1,0.0,1,0.758,0.331,0,0.785,0.185,0.226,0.758,0.4,-0.0528,187.34825,0.75,0.356,1,-1,0.967,0,4379,0.453,2.31,0,0.25,0.216,0.088,0.4,0.493,1.0,1,0.72,16.0,114.7
35574,NVDAm_20251002100008_2,NVDAm,PULLBACK,BUY,-1,2025.10.02 10:00:08,2025.10.02 13:51:38,231,189.77,188.44,-133.0,-665.0,1.097,0.856,SL_HIT,187.34825,187.784,186.9125,0,0.983,0.155,187.34825,0.35,0,0.9,0.615,0,0,0,1,0.0,0,0.817,0.368,1,0.817,0.185,0.226,0.458,0.4,0.0,187.34825,0.75,0.545,1,-1,0.967,0,4379,0.417,2.71,0,0.25,0.216,0.088,0.4,0.493,1.0,1,0.72,16.0,114.7
35577,NVDAm_20251002100017_3,NVDAm,TREND_CONTINUATION,BUY,-1,2025.10.02 10:00:17,2025.10.02 13:51:41,231,189.76,188.32,-144.0,-720.0,1.181,0.865,SL_HIT,187.34825,187.784,186.9125,0,0.983,0.155,187.34825,0.35,0,0.9,0.615,0,0,0,1,0.0,0,0.817,0.367,1,0.817,0.185,0.226,0.458,0.4,0.0,187.34825,0.75,0.542,1,-1,0.967,0,4379,0.49,2.08,0,0.25,0.216,0.088,0.4,0.493,1.0,1,0.72,16.0,114.7
35607,NVDAm_20251002140004_0,NVDAm,BREAKOUT,BUY,1,2025.10.02 14:00:04,2025.10.02 14:11:54,11,189.32,189.58,26.0,130.0,0.293,0.657,TRAIL_STOP,189.42975,189.6255,188.5815,1,0.025,0.699,188.51625,0.4,0,0.8,0.755,0,0,0,1,0.0,0,0.624,0.301,0,0.624,0.226,0.179,0.265,0.25,0.0,188.51625,0.729,0.279,1,-1,0.972,0,4383,0.315,1.31,0,0.25,0.226,0.179,0.163,0.624,0.8,1,0.755,16.0,126.3
35610,NVDAm_20251002140009_2,NVDAm,PULLBACK,BUY,1,2025.10.02 14:00:09,2025.10.02 14:11:54,11,189.29,189.58,29.0,145.0,0.269,0.681,TRAIL_STOP,189.42975,189.6255,188.5815,1,0.025,0.699,188.51625,0.4,0,0.8,0.755,0,0,0,1,0.0,0,0.624,0.302,0,0.624,0.226,0.179,0.265,0.25,0.0,188.51625,0.729,0.288,1,-1,0.972,0,4383,0.533,1.56,0,0.25,0.226,0.179,0.163,0.624,0.8,1,0.755,16.0,126.3
35613,NVDAm_20251002140405_3,NVDAm,TREND_CONTINUATION,BUY,1,2025.10.02 14:04:05,2025.10.02 14:11:54,7,189.63,189.58,-5.0,-25.0,0.135,0.412,SL_HIT,189.42975,189.6255,188.5815,1,0.025,0.699,188.51625,0.4,0,0.8,0.755,0,0,0,1,0.0,0,0.624,0.295,0,0.624,0.226,0.179,0.1,0.25,0.0,188.51625,0.729,0.227,1,-1,0.972,0,4383,0.448,2.08,0,0.25,0.226,0.179,0.163,0.624,0.8,1,0.755,16.0,126.3
35605,NVDAm_20251002140004_0,NVDAm,BREAKOUT,BUY,-1,2025.10.02 14:00:04,2025.10.02 14:17:37,17,189.32,190.25,93.0,465.0,0.293,0.697,TP_HIT,189.42975,189.6255,188.5815,1,0.025,0.699,188.51625,0.4,0,0.8,0.755,0,0,0,1,0.0,0,0.624,0.301,0,0.624,0.226,0.179,0.265,0.25,0.0,188.51625,0.729,0.279,1,-1,0.972,0,4383,0.315,1.31,0,0.25,0.226,0.179,0.382,0.624,0.8,0,0.755,16.0,126.3
35606,NVDAm_20251002140004_0,NVDAm,BREAKOUT,BUY,0,2025.10.02 14:00:04,2025.10.02 14:17:37,17,189.32,190.25,93.0,465.0,0.293,0.697,TP_HIT,189.42975,189.6255,188.5815,1,0.025,0.699,188.51625,0.4,0,0.8,0.755,0,0,0,1,0.0,0,0.624,0.301,0,0.624,0.226,0.179,0.265,0.25,0.0,188.51625,0.729,0.279,1,-1,0.972,0,4383,0.315,1.31,0,0.25,0.226,0.179,0.382,0.624,0.8,0,0.755,16.0,126.3
35608,NVDAm_20251002140009_2,NVDAm,PULLBACK,BUY,-1,2025.10.02 14:00:09,2025.10.02 14:17:37,17,189.29,190.25,96.0,480.0,0.269,0.721,TP_HIT,189.42975,189.6255,188.5815,1,0.025,0.699,188.51625,0.4,0,0.8,0.755,0,0,0,1,0.0,0,0.624,0.302,0,0.624,0.226,0.179,0.265,0.25,0.0,188.51625,0.729,0.288,1,-1,0.972,0,4383,0.533,1.56,0,0.25,0.226,0.179,0.382,0.624,0.8,0,0.755,16.0,126.3
35609,NVDAm_20251002140009_2,NVDAm,PULLBACK,BUY,0,2025.10.02 14:00:09,2025.10.02 14:17:37,17,189.29,190.25,96.0,480.0,0.269,0.721,TP_HIT,189.42975,189.6255,188.5815,1,0.025,0.699,188.51625,0.4,0,0.8,0.755,0,0,0,1,0.0,0,0.624,0.302,0,0.624,0.226,0.179,0.265,0.25,0.0,188.51625,0.729,0.288,1,-1,0.972,0,4383,0.533,1.56,0,0.25,0.226,0.179,0.382,0.624,0.8,0,0.755,16.0,126.3
35612,NVDAm_20251002140405_3,NVDAm,TREND_CONTINUATION,BUY,0,2025.10.02 14:04:05,2025.10.02 14:40:36,36,189.63,189.63,0.0,0.0,0.19,0.57,TRAIL_STOP,189.42975,189.6255,188.5815,1,0.025,0.699,188.51625,0.4,0,0.8,0.755,0,0,0,1,0.0,0,0.624,0.295,0,0.624,0.226,0.179,0.1,0.25,0.0,188.51625,0.729,0.227,1,-1,0.972,0,4383,0.448,2.08,0,0.25,0.226,0.179,0.342,0.624,0.8,0,0.755,16.0,126.3
35623,NVDAm_20251002145836_7,NVDAm,ANCHORED_PULLBACK,BUY,0,2025.10.02 14:58:36,2025.10.02 14:59:05,0,189.1,189.01,-9.0,-45.0,0.15,0.0,SL_HIT,189.42975,189.6255,188.5815,1,0.025,0.699,188.51625,0.4,0,0.8,0.755,0,0,0,1,0.0,0,0.624,0.311,0,0.624,0.226,0.179,0.315,0.25,0.0,188.51625,0.729,0.369,1,-1,0.972,0,4383,0.411,0.81,0,0.25,0.226,0.179,0.305,0.624,0.8,1,0.755,16.0,126.3
35624,NVDAm_20251002145836_7,NVDAm,ANCHORED_PULLBACK,BUY,1,2025.10.02 14:58:36,2025.10.02 15:00:17,1,189.1,189.07,-3.0,-15.0,0.15,0.087,SL_HIT,189.42975,189.6255,188.5815,1,0.025,0.699,188.51625,0.4,0,0.8,0.755,0,0,0,1,0.0,0,0.624,0.311,0,0.624,0.226,0.179,0.315,0.25,0.0,188.51625,0.729,0.369,1,-1,0.972,0,4383,0.411,0.81,6,0.3,0.29,0.539,0.475,0.678,0.8,1,0.965,16.0,133.4
35622,NVDAm_20251002145836_7,NVDAm,ANCHORED_PULLBACK,BUY,-1,2025.10.02 14:58:36,2025.10.02 15:10:40,12,189.1,189.63,53.0,265.0,0.214,0.404,TP_HIT,189.42975,189.6255,188.5815,1,0.025,0.699,188.51625,0.4,0,0.8,0.755,0,0,0,1,0.0,0,0.624,0.311,0,0.624,0.226,0.179,0.315,0.25,0.0,188.51625,0.729,0.369,1,-1,0.972,0,4383,0.411,0.81,6,0.3,0.29,0.539,0.446,0.678,0.8,1,0.965,16.0,133.4
35629,NVDAm_20251002153716_4,NVDAm,SWEEP_REVERSAL,BUY,0,2025.10.02 15:37:16,2025.10.02 15:37:27,0,189.21,188.99,-22.0,-110.0,0.127,0.0,SL_HIT,189.42975,190.1475,188.973,1,0.031,0.716,189.16875,0.45,0,0.8,0.965,0,1,1,1,0.0,6,0.5,0.297,0,0.678,0.29,0.539,0.475,0.3,0.0,190.1475,0.6,0.135,1,-1,0.972,0,4384,0.499,0.82,6,0.3,0.29,0.539,0.475,0.678,0.8,1,0.965,16.0,133.4
35630,NVDAm_20251002153716_4,NVDAm,SWEEP_REVERSAL,BUY,1,2025.10.02 15:37:16,2025.10.02 15:37:36,0,189.21,188.95,-26.0,-130.0,0.187,0.0,SL_HIT,189.42975,190.1475,188.973,1,0.031,0.716,189.16875,0.45,0,0.8,0.965,0,1,1,1,0.0,6,0.5,0.297,0,0.678,0.29,0.539,0.475,0.3,0.0,190.1475,0.6,0.135,1,-1,0.972,0,4384,0.499,0.82,6,0.3,0.29,0.539,0.521,0.678,0.8,0,0.965,16.0,133.4
35634,NVDAm_20251002160000_1,NVDAm,BREAKOUT_RETEST,BUY,0,2025.10.02 16:00:00,2025.10.02 16:00:25,0,189.71,189.49,-22.0,-110.0,0.154,0.0,SL_HIT,189.16875,190.1475,188.973,1,0.008,0.677,189.16875,0.45,0,0.8,1.0,0,0,0,1,0.0,0,0.447,0.341,0,0.447,0.3,0.15,0.015,0.0,0.0,188.973,0.6,0.223,1,-1,0.975,0,4385,0.512,2.29,0,0.0,0.3,0.15,0.048,0.562,0.8,1,1.0,16.0,136.5
35635,NVDAm_20251002160000_1,NVDAm,BREAKOUT_RETEST,BUY,1,2025.10.02 16:00:00,2025.10.02 16:00:38,0,189.71,189.43,-28.0,-140.0,0.19,0.0,SL_HIT,189.16875,190.1475,188.973,1,0.008,0.677,189.16875,0.45,0,0.8,1.0,0,0,0,1,0.0,0,0.447,0.341,0,0.447,0.3,0.15,0.015,0.0,0.0,188.973,0.6,0.223,1,-1,0.975,0,4385,0.512,2.29,0,0.0,0.3,0.15,0.048,0.562,0.8,1,1.0,16.0,136.5
35633,NVDAm_20251002160000_1,NVDAm,BREAKOUT_RETEST,BUY,-1,2025.10.02 16:00:00,2025.10.02 16:03:34,3,189.71,189.18,-53.0,-265.0,0.374,0.0,SL_HIT,189.16875,190.1475,188.973,1,0.008,0.677,189.16875,0.45,0,0.8,1.0,0,0,0,1,0.0,0,0.447,0.341,0,0.447,0.3,0.15,0.015,0.0,0.0,188.973,0.6,0.223,1,-1,0.975,0,4385,0.512,2.29,0,0.0,0.3,0.15,0.083,0.562,0.8,1,1.0,16.0,136.5
35640,NVDAm_20251002160334_5,NVDAm,MEAN_REVERSION,BUY,0,2025.10.02 16:03:34,2025.10.02 16:04:17,0,189.34,189.2,-14.0,-70.0,0.117,0.0,SL_HIT,189.16875,190.1475,188.973,1,0.008,0.677,189.16875,0.45,0,0.8,1.0,0,0,0,1,0.0,0,0.562,0.386,1,0.562,0.3,0.15,0.083,0.0,0.0,190.1475,0.6,0.231,1,-1,0.975,0,4385,0.551,0.89,0,0.0,0.3,0.15,0.083,0.562,0.8,1,1.0,16.0,136.5
35641,NVDAm_20251002160334_5,NVDAm,MEAN_REVERSION,BUY,1,2025.10.02 16:03:34,2025.10.02 16:04:32,0,189.34,189.12,-22.0,-110.0,0.147,0.0,SL_HIT,189.16875,190.1475,188.973,1,0.008,0.677,189.16875,0.45,0,0.8,1.0,0,0,0,1,0.0,0,0.562,0.386,1,0.562,0.3,0.15,0.083,0.0,0.0,190.1475,0.6,0.231,1,-1,0.975,0,4385,0.551,0.89,0,0.0,0.3,0.15,0.083,0.562,0.8,1,1.0,16.0,136.5
35645,NVDAm_20251002170000_0,NVDAm,BREAKOUT,BUY,0,2025.10.02 17:00:00,2025.10.02 17:00:13,0,189.5,189.27,-23.0,-115.0,0.153,0.0,SL_HIT,189.16875,189.8865,188.8425,1,0.03,0.791,189.16875,0.4,0,0.8,0.825,0,0,0,1,0.0,0,0.678,0.316,0,0.678,0.247,0.335,0.615,0.55,-0.0951,188.8425,0.6,0.275,1,-1,0.975,0,4386,0.319,1.67,0,0.25,0.247,0.23,0.195,0.678,0.8,1,0.825,16.0,137.2
35648,NVDAm_20251002170001_2,NVDAm,PULLBACK,BUY,0,2025.10.02 17:00:01,2025.10.02 17:00:13,0,189.49,189.27,-22.0,-110.0,0.146,0.0,SL_HIT,189.16875,189.8865,188.8425,1,0.03,0.791,189.16875,0.4,0,0.8,0.825,0,0,0,1,0.0,0,0.678,0.361,1,0.678,0.247,0.23,0.195,0.25,0.0,188.8425,0.6,0.272,1,-1,0.975,0,4386,0.554,2.0,0,0.25,0.247,0.23,0.195,0.678,0.8,1,0.825,16.0,137.2
35651,NVDAm_20251002170002_3,NVDAm,TREND_CONTINUATION,BUY,0,2025.10.02 17:00:02,2025.10.02 17:00:21,0,189.48,189.24,-24.0,-120.0,0.16,0.0,SL_HIT,189.16875,189.8865,188.8425,1,0.03,0.791,189.16875,0.4,0,0.8,0.825,0,0,0,1,0.0,0,0.678,0.36,1,0.678,0.247,0.23,0.195,0.25,0.0,188.8425,0.6,0.27,1,-1,0.975,0,4386,0.475,2.08,0,0.25,0.247,0.23,0.195,0.678,0.8,1,0.825,16.0,137.2
35646,NVDAm_20251002170000_0,NVDAm,BREAKOUT,BUY,1,2025.10.02 17:00:00,2025.10.02 17:00:30,0,189.5,189.2,-30.0,-150.0,0.204,0.0,SL_HIT,189.16875,189.8865,188.8425,1,0.03,0.791,189.16875,0.4,0,0.8,0.825,0,0,0,1,0.0,0,0.678,0.316,0,0.678,0.247,0.335,0.615,0.55,-0.0951,188.8425,0.6,0.275,1,-1,0.975,0,4386,0.319,1.67,0,0.25,0.247,0.23,0.1,0.678,0.8,1,0.825,16.0,137.2
35649,NVDAm_20251002170001_2,NVDAm,PULLBACK,BUY,1,2025.10.02 17:00:01,2025.10.02 17:00:30,0,189.49,189.2,-29.0,-145.0,0.197,0.0,SL_HIT,189.16875,189.8865,188.8425,1,0.03,0.791,189.16875,0.4,0,0.8,0.825,0,0,0,1,0.0,0,0.678,0.361,1,0.678,0.247,0.23,0.195,0.25,0.0,188.8425,0.6,0.272,1,-1,0.975,0,4386,0.554,2.0,0,0.25,0.247,0.23,0.1,0.678,0.8,1,0.825,16.0,137.2
35652,NVDAm_20251002170002_3,NVDAm,TREND_CONTINUATION,BUY,1,2025.10.02 17:00:02,2025.10.02 17:01:26,1,189.48,189.18,-30.0,-150.0,0.204,0.0,SL_HIT,189.16875,189.8865,188.8425,1,0.03,0.791,189.16875,0.4,0,0.8,0.825,0,0,0,1,0.0,0,0.678,0.36,1,0.678,0.247,0.23,0.195,0.25,0.0,188.8425,0.6,0.27,1,-1,0.975,0,4386,0.475,2.08,0,0.25,0.247,0.23,0.1,0.678,0.8,1,0.825,16.0,137.2
35660,NVDAm_20251002175905_4,NVDAm,SWEEP_REVERSAL,BUY,0,2025.10.02 17:59:05,2025.10.02 17:59:26,0,188.94,188.74,-20.0,-100.0,0.138,0.0,SL_HIT,189.16875,189.8865,188.8425,0,0.03,0.791,189.16875,0.4,0,0.8,0.825,0,0,0,1,0.0,0,0.678,0.347,0,0.678,0.247,0.23,0.322,0.25,0.0,189.8865,0.6,0.157,1,-1,0.975,0,4386,0.219,0.81,0,0.25,0.247,0.23,0.322,0.678,0.8,0,0.825,16.0,137.2
35661,NVDAm_20251002175905_4,NVDAm,SWEEP_REVERSAL,BUY,1,2025.10.02 17:59:05,2025.10.02 18:00:03,0,188.94,188.67,-27.0,-135.0,0.189,0.0,SL_HIT,189.16875,189.8865,188.8425,0,0.03,0.791,189.16875,0.4,0,0.8,0.825,0,0,0,1,0.0,0,0.678,0.347,0,0.678,0.247,0.23,0.322,0.25,0.0,189.8865,0.6,0.157,1,-1,0.975,0,4386,0.219,0.81,0,0.4,0.247,0.201,0.45,0.639,1.0,0,0.825,16.0,128.4
35665,NVDAm_20251002180700_5,NVDAm,MEAN_REVERSION,BUY,0,2025.10.02 18:07:00,2025.10.02 18:08:34,1,188.88,188.73,-15.0,-75.0,0.117,0.0,SL_HIT,189.05575,189.7655,188.847,0,0.22,0.025,189.05575,0.55,0,1.0,0.825,0,0,0,1,0.0,0,0.639,0.313,0,0.639,0.247,0.201,0.45,0.4,0.0,189.7655,0.6,0.668,1,-1,0.975,0,4387,0.575,1.02,0,0.4,0.247,0.201,0.45,0.639,1.0,0,0.825,16.0,128.4
35669,NVDAm_20251002181031_1,NVDAm,BREAKOUT_RETEST,BUY,0,2025.10.02 18:10:31,2025.10.02 18:11:59,1,189.06,189.07,1.0,5.0,0.132,0.047,TRAIL_STOP,189.05575,189.7655,188.847,1,0.22,0.025,189.05575,0.55,0,1.0,0.825,0,0,0,1,0.0,0,0.639,0.305,0,0.639,0.247,0.201,0.359,0.4,0.0,189.7655,0.6,0.599,1,-1,0.975,0,4387,0.566,2.25,0,0.4,0.247,0.201,0.16,0.639,1.0,1,0.825,16.0,128.4
35666,NVDAm_20251002180700_5,NVDAm,MEAN_REVERSION,BUY,1,2025.10.02 18:07:00,2025.10.02 18:12:26,5,188.88,188.99,11.0,55.0,0.132,0.195,TRAIL_STOP,189.05575,189.7655,188.847,0,0.22,0.025,189.05575,0.55,0,1.0,0.825,0,0,0,1,0.0,0,0.639,0.313,0,0.639,0.247,0.201,0.45,0.4,0.0,189.7655,0.6,0.668,1,-1,0.975,0,4387,0.575,1.02,0,0.4,0.247,0.201,0.255,0.639,1.0,1,0.825,16.0,128.4
35670,NVDAm_20251002181031_1,NVDAm,BREAKOUT_RETEST,BUY,1,2025.10.02 18:10:31,2025.10.02 18:12:26,1,189.06,188.99,-7.0,-35.0,0.132,0.055,SL_HIT,189.05575,189.7655,188.847,1,0.22,0.025,189.05575,0.55,0,1.0,0.825,0,0,0,1,0.0,0,0.639,0.305,0,0.639,0.247,0.201,0.359,0.4,0.0,189.7655,0.6,0.599,1,-1,0.975,0,4387,0.566,2.25,0,0.4,0.247,0.201,0.255,0.639,1.0,1,0.825,16.0,128.4
35668,NVDAm_20251002181031_1,NVDAm,BREAKOUT_RETEST,BUY,-1,2025.10.02 18:10:31,2025.10.02 18:40:59,30,189.06,188.66,-40.0,-200.0,0.296,0.055,SL_HIT,189.05575,189.7655,188.847,1,0.22,0.025,189.05575,0.55,0,1.0,0.825,0,0,0,1,0.0,0,0.639,0.305,0,0.639,0.247,0.201,0.359,0.4,0.0,189.7655,0.6,0.599,1,-1,0.975,0,4387,0.566,2.25,0,0.4,0.247,0.201,0.45,0.639,1.0,0,0.825,16.0,128.4
35676,NVDAm_20251002190504_0,NVDAm,BREAKOUT,BUY,0,2025.10.02 19:05:04,2025.10.02 19:05:19,0,189.16,188.98,-18.0,-90.0,0.171,0.0,SL_HIT,189.05,189.288,188.676,1,0.07,0.188,189.05,0.45,0,1.0,0.825,0,0,0,1,0.0,0,0.731,0.246,0,0.731,0.247,0.14,0.236,0.4,0.0,188.676,0.6,0.126,1,-1,0.975,0,4388,0.361,1.67,0,0.4,0.247,0.14,0.236,0.731,1.0,1,0.825,16.0,105.3
35679,NVDAm_20251002190507_2,NVDAm,PULLBACK,BUY,0,2025.10.02 19:05:07,2025.10.02 19:05:19,0,189.15,188.98,-17.0,-85.0,0.161,0.0,SL_HIT,189.05,189.288,188.676,1,0.07,0.188,189.05,0.45,0,1.0,0.825,0,0,0,1,0.0,0,0.731,0.245,0,0.731,0.247,0.14,0.236,0.4,0.0,0.0,0.0,0.123,1,-1,0.975,0,4388,0.586,2.0,0,0.4,0.247,0.14,0.236,0.731,1.0,1,0.825,16.0,105.3
35682,NVDAm_20251002190509_3,NVDAm,TREND_CONTINUATION,BUY,0,2025.10.02 19:05:09,2025.10.02 19:05:19,0,189.14,188.98,-16.0,-80.0,0.133,0.0,SL_HIT,189.05,189.288,188.676,1,0.07,0.188,189.05,0.45,0,1.0,0.825,0,0,0,1,0.0,0,0.731,0.245,0,0.731,0.247,0.14,0.236,0.4,0.0,0.0,0.0,0.119,1,-1,0.975,0,4388,0.51,2.08,0,0.4,0.247,0.14,0.236,0.731,1.0,1,0.825,16.0,105.3
35677,NVDAm_20251002190504_0,NVDAm,BREAKOUT,BUY,1,2025.10.02 19:05:04,2025.10.02 19:05:38,0,189.16,188.91,-25.0,-125.0,0.209,0.0,SL_HIT,189.05,189.288,188.676,1,0.07,0.188,189.05,0.45,0,1.0,0.825,0,0,0,1,0.0,0,0.731,0.246,0,0.731,0.247,0.14,0.236,0.4,0.0,188.676,0.6,0.126,1,-1,0.975,0,4388,0.361,1.67,0,0.4,0.247,0.14,0.299,0.731,1.0,1,0.825,16.0,105.3
35680,NVDAm_20251002190507_2,NVDAm,PULLBACK,BUY,1,2025.10.02 19:05:07,2025.10.02 19:05:38,0,189.15,188.91,-24.0,-120.0,0.199,0.0,SL_HIT,189.05,189.288,188.676,1,0.07,0.188,189.05,0.45,0,1.0,0.825,0,0,0,1,0.0,0,0.731,0.245,0,0.731,0.247,0.14,0.236,0.4,0.0,0.0,0.0,0.123,1,-1,0.975,0,4388,0.586,2.0,0,0.4,0.247,0.14,0.299,0.731,1.0,1,0.825,16.0,105.3
35683,NVDAm_20251002190509_3,NVDAm,TREND_CONTINUATION,BUY,1,2025.10.02 19:05:09,2025.10.02 19:05:38,0,189.14,188.91,-23.0,-115.0,0.19,0.0,SL_HIT,189.05,189.288,188.676,1,0.07,0.188,189.05,0.45,0,1.0,0.825,0,0,0,1,0.0,0,0.731,0.245,0,0.731,0.247,0.14,0.236,0.4,0.0,0.0,0.0,0.119,1,-1,0.975,0,4388,0.51,2.08,0,0.4,0.247,0.14,0.299,0.731,1.0,1,0.825,16.0,105.3
35691,NVDAm_20251003100010_3,NVDAm,TREND_CONTINUATION,BUY,0,2025.10.03 10:00:10,2025.10.03 10:01:25,1,190.41,189.42,-99.0,-495.0,0.993,0.0,SL_HIT,189.0245,189.167,188.768,0,0.336,0.047,189.0245,0.35,0,0.8,0.825,0,0,0,1,0.0,0,0.73,0.318,0,0.73,0.247,0.243,0.447,0.4,0.0,189.0245,0.749,0.191,1,-2,1.0,0,4389,0.462,2.08,0,0.4,0.247,0.243,0.447,0.73,0.8,0,0.825,96.0,98.6
35692,NVDAm_20251003100010_3,NVDAm,TREND_CONTINUATION,BUY,1,2025.10.03 10:00:10,2025.10.03 10:11:35,11,190.41,189.41,-100.0,-500.0,1.004,0.0,SL_HIT,189.0245,189.167,188.768,0,0.336,0.047,189.0245,0.35,0,0.8,0.825,0,0,0,1,0.0,0,0.73,0.318,0,0.73,0.247,0.243,0.447,0.4,0.0,189.0245,0.749,0.191,1,-2,1.0,0,4389,0.462,2.08,0,0.4,0.247,0.243,0.447,0.73,0.8,0,0.825,96.0,98.6
35690,NVDAm_20251003100010_3,NVDAm,TREND_CONTINUATION,BUY,-1,2025.10.03 10:00:10,2025.10.03 11:00:04,59,190.41,189.23,-118.0,-590.0,1.176,0.0,SL_HIT,189.0245,189.167,188.768,0,0.336,0.047,189.0245,0.35,0,0.8,0.825,0,0,0,1,0.0,0,0.73,0.318,0,0.73,0.247,0.243,0.447,0.4,0.0,189.0245,0.749,0.191,1,-2,1.0,0,4389,0.462,2.08,0,0.25,0.133,0.088,0.351,0.806,0.575,0,-0.4435,64.0,93.9
35664,NVDAm_20251002180700_5,NVDAm,MEAN_REVERSION,BUY,-1,2025.10.02 18:07:00,2025.10.03 13:37:25,1170,188.88,189.94,106.0,511.0,0.28,0.802,TP_HIT,189.05575,189.7655,188.847,0,0.22,0.025,189.05575,0.55,0,1.0,0.825,0,0,0,1,0.0,0,0.639,0.313,0,0.639,0.247,0.201,0.45,0.4,0.0,189.7655,0.6,0.668,1,-1,0.975,0,4387,0.575,1.02,0,0.0,0.134,0.144,0.288,0.769,0.315,0,0.4451,40.0,88.5
35659,NVDAm_20251002175905_4,NVDAm,SWEEP_REVERSAL,BUY,-1,2025.10.02 17:59:05,2025.10.03 13:38:38,1179,188.94,190.05,111.0,536.0,0.306,0.802,TP_HIT,189.16875,189.8865,188.8425,0,0.03,0.791,189.16875,0.4,0,0.8,0.825,0,0,0,1,0.0,0,0.678,0.347,0,0.678,0.247,0.23,0.322,0.25,0.0,189.8865,0.6,0.157,1,-1,0.975,0,4386,0.219,0.81,0,0.0,0.134,0.144,0.288,0.769,0.315,0,0.4451,40.0,88.5
35699,NVDAm_20251003140529_5,NVDAm,MEAN_REVERSION,BUY,0,2025.10.03 14:05:29,2025.10.03 14:19:40,14,188.92,188.98,6.0,30.0,0.239,0.401,TRAIL_STOP,189.35125,189.57,189.045,0,0.397,0.172,189.35125,0.3,0,0.076,0.0,0,0,0,1,0.0,0,0.911,0.363,1,0.911,0.0,0.215,0.432,0.4,0.0,189.35125,0.705,0.279,1,2,0.999,0,4393,0.773,0.8,0,0.4,0.0,0.215,0.388,0.911,0.076,0,0.0,16.0,92.2
35700,NVDAm_20251003140529_5,NVDAm,MEAN_REVERSION,BUY,1,2025.10.03 14:05:29,2025.10.03 14:19:40,14,188.92,188.98,6.0,30.0,0.239,0.401,TRAIL_STOP,189.35125,189.57,189.045,0,0.397,0.172,189.35125,0.3,0,0.076,0.0,0,0,0,1,0.0,0,0.911,0.363,1,0.911,0.0,0.215,0.432,0.4,0.0,189.35125,0.705,0.279,1,2,0.999,0,4393,0.773,0.8,0,0.4,0.0,0.215,0.388,0.911,0.076,0,0.0,16.0,92.2
35698,NVDAm_20251003140529_5,NVDAm,MEAN_REVERSION,BUY,-1,2025.10.03 14:05:29,2025.10.03 15:26:30,81,188.92,189.51,59.0,295.0,0.672,0.629,TP_HIT,189.35125,189.57,189.045,0,0.397,0.172,189.35125,0.3,0,0.076,0.0,0,0,0,1,0.0,0,0.911,0.363,1,0.911,0.0,0.215,0.432,0.4,0.0,189.35125,0.705,0.279,1,2,0.999,0,4393,0.773,0.8,6,0.3,0.0,0.552,0.561,0.774,0.128,0,0.0,16.0,94.8
35705,NVDAm_20251003153839_4,NVDAm,SWEEP_REVERSAL,BUY,0,2025.10.03 15:38:39,2025.10.03 15:38:49,0,189.15,189.02,-13.0,-65.0,0.148,0.0,SL_HIT,189.23575,189.3835,188.5955,1,0.015,0.608,189.13725,0.4,0,0.128,0.0,0,1,1,1,0.0,6,0.5,0.309,0,0.774,0.0,0.552,0.442,0.3,0.0,189.3835,0.6,0.23,1,2,0.999,0,4394,0.505,0.8,6,0.3,0.0,0.552,0.442,0.774,0.128,1,0.0,16.0,94.8
35706,NVDAm_20251003153839_4,NVDAm,SWEEP_REVERSAL,BUY,1,2025.10.03 15:38:39,2025.10.03 15:39:33,0,189.15,189.01,-14.0,-70.0,0.148,0.0,SL_HIT,189.23575,189.3835,188.5955,1,0.015,0.608,189.13725,0.4,0,0.128,0.0,0,1,1,1,0.0,6,0.5,0.309,0,0.774,0.0,0.552,0.442,0.3,0.0,189.3835,0.6,0.23,1,2,0.999,0,4394,0.505,0.8,6,0.3,0.0,0.552,0.442,0.774,0.128,1,0.0,16.0,94.8
35704,NVDAm_20251003153839_4,NVDAm,SWEEP_REVERSAL,BUY,-1,2025.10.03 15:38:39,2025.10.03 15:52:34,13,189.15,188.66,-49.0,-245.0,0.506,0.0,SL_HIT,189.23575,189.3835,188.5955,1,0.015,0.608,189.13725,0.4,0,0.128,0.0,0,1,1,1,0.0,6,0.5,0.309,0,0.774,0.0,0.552,0.442,0.3,0.0,189.3835,0.6,0.23,1,2,0.999,0,4394,0.505,0.8,6,0.3,0.0,0.552,0.533,0.774,0.128,1,0.0,16.0,94.8
35714,NVDAm_20251003160001_7,NVDAm,ANCHORED_PULLBACK,BUY,0,2025.10.03 16:00:01,2025.10.03 16:00:03,0,189.07,188.89,-18.0,-90.0,0.155,0.0,SL_HIT,189.13725,189.482,188.694,1,0.122,0.934,189.13725,0.4,0,0.24,0.2998,0,0,0,1,0.0,0,0.841,0.427,1,0.841,0.09,0.23,0.199,0.25,0.0,189.482,0.6,0.401,1,1,0.991,0,4395,0.515,0.87,0,0.25,0.09,0.23,0.223,0.841,0.24,1,0.2998,16.0,97.1
35711,NVDAm_20251003160000_1,NVDAm,BREAKOUT_RETEST,BUY,0,2025.10.03 16:00:00,2025.10.03 16:00:05,0,189.08,188.88,-20.0,-100.0,0.196,0.0,SL_HIT,189.13725,189.482,188.694,1,0.122,0.934,189.13725,0.4,0,0.24,0.2998,0,0,0,1,0.0,0,0.78,0.366,1,0.78,0.09,0.335,0.319,0.55,0.0,189.482,0.6,0.398,1,1,0.991,0,4395,0.233,1.74,0,0.25,0.09,0.23,0.223,0.841,0.24,1,0.2998,16.0,97.1
35712,NVDAm_20251003160000_1,NVDAm,BREAKOUT_RETEST,BUY,1,2025.10.03 16:00:00,2025.10.03 16:00:32,0,189.08,188.83,-25.0,-125.0,0.247,0.0,SL_HIT,189.13725,189.482,188.694,1,0.122,0.934,189.13725,0.4,0,0.24,0.2998,0,0,0,1,0.0,0,0.78,0.366,1,0.78,0.09,0.335,0.319,0.55,0.0,189.482,0.6,0.398,1,1,0.991,0,4395,0.233,1.74,0,0.25,0.09,0.23,0.223,0.841,0.24,1,0.2998,16.0,97.1
35715,NVDAm_20251003160001_7,NVDAm,ANCHORED_PULLBACK,BUY,1,2025.10.03 16:00:01,2025.10.03 16:00:32,0,189.07,188.83,-24.0,-120.0,0.237,0.0,SL_HIT,189.13725,189.482,188.694,1,0.122,0.934,189.13725,0.4,0,0.24,0.2998,0,0,0,1,0.0,0,0.841,0.427,1,0.841,0.09,0.23,0.199,0.25,0.0,189.482,0.6,0.401,1,1,0.991,0,4395,0.515,0.87,0,0.25,0.09,0.23,0.223,0.841,0.24,1,0.2998,16.0,97.1
35710,NVDAm_20251003160000_1,NVDAm,BREAKOUT_RETEST,BUY,-1,2025.10.03 16:00:00,2025.10.03 16:03:04,3,189.08,188.74,-34.0,-170.0,0.319,0.0,SL_HIT,189.13725,189.482,188.694,1,0.122,0.934,189.13725,0.4,0,0.24,0.2998,0,0,0,1,0.0,0,0.78,0.366,1,0.78,0.09,0.335,0.319,0.55,0.0,189.482,0.6,0.398,1,1,0.991,0,4395,0.233,1.74,0,0.25,0.09,0.23,0.256,0.841,0.24,1,0.2998,16.0,97.1
35713,NVDAm_20251003160001_7,NVDAm,ANCHORED_PULLBACK,BUY,-1,2025.10.03 16:00:01,2025.10.03 16:08:03,8,189.07,188.6,-47.0,-235.0,0.464,0.0,SL_HIT,189.13725,189.482,188.694,1,0.122,0.934,189.13725,0.4,0,0.24,0.2998,0,0,0,1,0.0,0,0.841,0.427,1,0.841,0.09,0.23,0.199,0.25,0.0,189.482,0.6,0.401,1,1,0.991,0,4395,0.515,0.87,0,0.25,0.09,0.23,0.292,0.841,0.24,0,0.2998,16.0,97.1
35723,NVDAm_20251003161029_5,NVDAm,MEAN_REVERSION,BUY,0,2025.10.03 16:10:29,2025.10.03 16:10:39,0,188.67,188.49,-18.0,-90.0,0.175,0.0,SL_HIT,189.13725,189.482,188.694,0,0.122,0.934,189.13725,0.4,0,0.24,0.2998,0,0,0,1,0.0,0,0.841,0.456,1,0.841,0.09,0.23,0.335,0.25,0.0,189.13725,0.715,0.651,1,1,0.991,0,4395,0.746,0.81,0,0.25,0.09,0.23,0.354,0.841,0.24,0,0.2998,16.0,97.1
35724,NVDAm_20251003161029_5,NVDAm,MEAN_REVERSION,BUY,1,2025.10.03 16:10:29,2025.10.03 16:11:36,1,188.67,188.46,-21.0,-105.0,0.196,0.0,SL_HIT,189.13725,189.482,188.694,0,0.122,0.934,189.13725,0.4,0,0.24,0.2998,0,0,0,1,0.0,0,0.841,0.456,1,0.841,0.09,0.23,0.335,0.25,0.0,189.13725,0.715,0.651,1,1,0.991,0,4395,0.746,0.81,0,0.25,0.09,0.23,0.354,0.841,0.24,0,0.2998,16.0,97.1
35639,NVDAm_20251002160334_5,NVDAm,MEAN_REVERSION,BUY,-1,2025.10.02 16:03:34,2025.10.03 16:36:22,1472,189.34,188.25,-109.0,-564.0,0.791,0.681,SL_HIT,189.16875,190.1475,188.973,1,0.008,0.677,189.16875,0.45,0,0.8,1.0,0,0,0,1,0.0,0,0.562,0.386,1,0.562,0.3,0.15,0.083,0.0,0.0,190.1475,0.6,0.231,1,-1,0.975,0,4385,0.551,0.89,0,0.25,0.09,0.23,0.367,0.841,0.24,0,0.2998,16.0,97.1
35611,NVDAm_20251002140405_3,NVDAm,TREND_CONTINUATION,BUY,-1,2025.10.02 14:04:05,2025.10.03 16:37:28,1593,189.63,188.11,-152.0,-779.0,1.196,0.57,SL_HIT,189.42975,189.6255,188.5815,1,0.025,0.699,188.51625,0.4,0,0.8,0.755,0,0,0,1,0.0,0,0.624,0.295,0,0.624,0.226,0.179,0.1,0.25,0.0,188.51625,0.729,0.227,1,-1,0.972,0,4383,0.448,2.08,0,0.25,0.09,0.23,0.367,0.841,0.24,0,0.2998,16.0,97.1
35586,NVDAm_20251002120000_0,NVDAm,BREAKOUT,BUY,-1,2025.10.02 12:00:00,2025.10.03 16:40:28,1720,190.13,187.88,-225.0,-1144.0,1.931,0.58,SL_HIT,187.36575,187.7795,186.7865,0,0.024,0.836,187.36575,0.3,1,1.0,0.86,4,0,0,1,0.0,2,1.0,0.516,2,0.715,0.958,0.15,0.097,0.0,0.1433,187.36575,0.743,0.917,1,-1,0.972,0,4381,0.699,1.29,0,0.25,0.09,0.23,0.367,0.841,0.24,0,0.2998,16.0,97.1
35589,NVDAm_20251002120009_2,NVDAm,PULLBACK,BUY,-1,2025.10.02 12:00:09,2025.10.03 16:40:28,1720,190.1,187.88,-222.0,-1129.0,1.905,0.606,SL_HIT,187.36575,187.7795,186.7865,0,0.024,0.836,187.36575,0.3,1,1.0,0.86,4,0,0,1,0.0,4,0.614,0.407,1,0.715,0.258,0.15,0.097,0.0,0.0,187.36575,0.743,0.813,1,-1,0.972,0,4381,0.479,1.57,0,0.25,0.09,0.23,0.367,0.841,0.24,0,0.2998,16.0,97.1
35592,NVDAm_20251002120018_3,NVDAm,TREND_CONTINUATION,BUY,-1,2025.10.02 12:00:18,2025.10.03 16:40:28,1720,190.1,187.88,-222.0,-1129.0,1.905,0.606,SL_HIT,187.36575,187.7795,186.7865,0,0.024,0.836,187.36575,0.3,1,1.0,0.86,4,0,0,1,0.0,4,0.614,0.407,1,0.715,0.258,0.15,0.097,0.0,0.0,187.36575,0.743,0.813,1,-1,0.972,0,4381,0.562,1.31,0,0.25,0.09,0.23,0.367,0.841,0.24,0,0.2998,16.0,97.1
35628,NVDAm_20251002153716_4,NVDAm,SWEEP_REVERSAL,BUY,-1,2025.10.02 15:37:16,2025.10.03 16:40:28,1503,189.21,187.88,-133.0,-684.0,0.982,0.794,SL_HIT,189.42975,190.1475,188.973,1,0.031,0.716,189.16875,0.45,0,0.8,0.965,0,1,1,1,0.0,6,0.5,0.297,0,0.678,0.29,0.539,0.475,0.3,0.0,190.1475,0.6,0.135,1,-1,0.972,0,4384,0.499,0.82,0,0.25,0.09,0.23,0.367,0.841,0.24,0,0.2998,16.0,97.1
35681,NVDAm_20251002190509_3,NVDAm,TREND_CONTINUATION,BUY,-1,2025.10.02 19:05:09,2025.10.03 16:40:28,1295,189.14,187.88,-126.0,-649.0,1.178,1.073,SL_HIT,189.05,189.288,188.676,1,0.07,0.188,189.05,0.45,0,1.0,0.825,0,0,0,1,0.0,0,0.731,0.245,0,0.731,0.247,0.14,0.236,0.4,0.0,0.0,0.0,0.119,1,-1,0.975,0,4388,0.51,2.08,0,0.25,0.09,0.23,0.367,0.841,0.24,0,0.2998,16.0,97.1
35722,NVDAm_20251003161029_5,NVDAm,MEAN_REVERSION,BUY,-1,2025.10.03 16:10:29,2025.10.03 16:40:28,29,188.67,187.88,-79.0,-395.0,0.793,0.01,SL_HIT,189.13725,189.482,188.694,0,0.122,0.934,189.13725,0.4,0,0.24,0.2998,0,0,0,1,0.0,0,0.841,0.456,1,0.841,0.09,0.23,0.335,0.25,0.0,189.13725,0.715,0.651,1,1,0.991,0,4395,0.746,0.81,0,0.25,0.09,0.23,0.367,0.841,0.24,0,0.2998,16.0,97.1
35650,NVDAm_20251002170002_3,NVDAm,TREND_CONTINUATION,BUY,-1,2025.10.02 17:00:02,2025.10.03 16:40:36,1420,189.48,187.83,-165.0,-844.0,1.195,0.576,SL_HIT,189.16875,189.8865,188.8425,1,0.03,0.791,189.16875,0.4,0,0.8,0.825,0,0,0,1,0.0,0,0.678,0.36,1,0.678,0.247,0.23,0.195,0.25,0.0,188.8425,0.6,0.27,1,-1,0.975,0,4386,0.475,2.08,0,0.25,0.09,0.23,0.367,0.841,0.24,0,0.2998,16.0,97.1
35675,NVDAm_20251002190504_0,NVDAm,BREAKOUT,BUY,-1,2025.10.02 19:05:04,2025.10.03 16:41:40,1296,189.16,187.58,-158.0,-809.0,1.482,1.054,SL_HIT,189.05,189.288,188.676,1,0.07,0.188,189.05,0.45,0,1.0,0.825,0,0,0,1,0.0,0,0.731,0.246,0,0.731,0.247,0.14,0.236,0.4,0.0,188.676,0.6,0.126,1,-1,0.975,0,4388,0.361,1.67,0,0.25,0.09,0.23,0.367,0.841,0.24,0,0.2998,16.0,97.1
35678,NVDAm_20251002190507_2,NVDAm,PULLBACK,BUY,-1,2025.10.02 19:05:07,2025.10.03 16:44:32,1299,189.15,187.57,-158.0,-809.0,1.491,1.064,SL_HIT,189.05,189.288,188.676,1,0.07,0.188,189.05,0.45,0,1.0,0.825,0,0,0,1,0.0,0,0.731,0.245,0,0.731,0.247,0.14,0.236,0.4,0.0,0.0,0.0,0.123,1,-1,0.975,0,4388,0.586,2.0,0,0.25,0.09,0.23,0.367,0.841,0.24,0,0.2998,16.0,97.1
35739,NVDAm_20251003165104_2,NVDAm,PULLBACK,BUY,0,2025.10.03 16:51:04,2025.10.03 16:51:37,0,187.69,187.77,8.0,40.0,0.165,0.113,TRAIL_STOP,189.13725,189.482,188.694,0,0.122,0.934,189.13725,0.4,0,0.24,0.2998,0,0,0,1,0.0,0,0.841,0.51,2,0.841,0.09,0.23,0.367,0.25,0.0,189.13725,0.715,1.114,1,1,0.991,0,4395,0.226,1.1,0,0.25,0.09,0.23,0.367,0.841,0.24,0,0.2998,16.0,97.1
35742,NVDAm_20251003165120_3,NVDAm,TREND_CONTINUATION,BUY,0,2025.10.03 16:51:20,2025.10.03 16:51:37,0,187.79,187.77,-2.0,-10.0,0.185,0.01,SL_HIT,189.13725,189.482,188.694,0,0.122,0.934,189.13725,0.4,0,0.24,0.2998,0,0,0,1,0.0,0,0.841,0.505,2,0.841,0.09,0.23,0.367,0.25,0.0,189.13725,0.715,1.069,1,1,0.991,0,4395,0.267,1.29,0,0.25,0.09,0.23,0.367,0.841,0.24,0,0.2998,16.0,97.1
35740,NVDAm_20251003165104_2,NVDAm,PULLBACK,BUY,1,2025.10.03 16:51:04,2025.10.03 16:52:54,1,187.69,187.81,12.0,60.0,0.165,0.216,TRAIL_STOP,189.13725,189.482,188.694,0,0.122,0.934,189.13725,0.4,0,0.24,0.2998,0,0,0,1,0.0,0,0.841,0.51,2,0.841,0.09,0.23,0.367,0.25,0.0,189.13725,0.715,1.114,1,1,0.991,0,4395,0.226,1.1,0,0.25,0.09,0.23,0.367,0.841,0.24,0,0.2998,16.0,97.1
35743,NVDAm_20251003165120_3,NVDAm,TREND_CONTINUATION,BUY,1,2025.10.03 16:51:20,2025.10.03 16:52:54,1,187.79,187.81,2.0,10.0,0.185,0.113,TRAIL_STOP,189.13725,189.482,188.694,0,0.122,0.934,189.13725,0.4,0,0.24,0.2998,0,0,0,1,0.0,0,0.841,0.505,2,0.841,0.09,0.23,0.367,0.25,0.0,189.13725,0.715,1.069,1,1,0.991,0,4395,0.267,1.29,0,0.25,0.09,0.23,0.367,0.841,0.24,0,0.2998,16.0,97.1
35644,NVDAm_20251002170000_0,NVDAm,BREAKOUT,BUY,-1,2025.10.02 17:00:00,2025.10.03 17:01:31,1441,189.5,187.44,-206.0,-1049.0,1.487,0.561,SL_HIT,189.16875,189.8865,188.8425,1,0.03,0.791,189.16875,0.4,0,0.8,0.825,0,0,0,1,0.0,0,0.678,0.316,0,0.678,0.247,0.335,0.615,0.55,-0.0951,188.8425,0.6,0.275,1,-1,0.975,0,4386,0.319,1.67,0,0.15,0.171,0.053,0.332,0.737,0.524,0,0.5693,16.0,102.7
35647,NVDAm_20251002170001_2,NVDAm,PULLBACK,BUY,-1,2025.10.02 17:00:01,2025.10.03 17:01:39,1441,189.49,187.43,-206.0,-1049.0,1.494,0.568,SL_HIT,189.16875,189.8865,188.8425,1,0.03,0.791,189.16875,0.4,0,0.8,0.825,0,0,0,1,0.0,0,0.678,0.361,1,0.678,0.247,0.23,0.195,0.25,0.0,188.8425,0.6,0.272,1,-1,0.975,0,4386,0.554,2.0,0,0.15,0.171,0.053,0.332,0.737,0.524,0,0.5693,16.0,102.7
35751,NVDAm_20251003173839_4,NVDAm,SWEEP_REVERSAL,BUY,0,2025.10.03 17:38:39,2025.10.03 17:40:19,1,187.36,187.13,-23.0,-115.0,0.234,0.0,SL_HIT,189.10125,189.445,188.4825,0,0.921,0.118,189.10125,0.35,0,0.524,0.5693,0,0,0,1,0.0,0,0.737,0.373,1,0.737,0.171,0.053,0.332,0.15,0.0,189.10125,0.727,0.807,1,1,0.991,0,4396,0.151,1.85,0,0.15,0.171,0.053,0.332,0.737,0.524,0,0.5693,16.0,102.7
35752,NVDAm_20251003173839_4,NVDAm,SWEEP_REVERSAL,BUY,1,2025.10.03 17:38:39,2025.10.03 17:40:29,1,187.36,187.08,-28.0,-140.0,0.263,0.0,SL_HIT,189.10125,189.445,188.4825,0,0.921,0.118,189.10125,0.35,0,0.524,0.5693,0,0,0,1,0.0,0,0.737,0.373,1,0.737,0.171,0.053,0.332,0.15,0.0,189.10125,0.727,0.807,1,1,0.991,0,4396,0.151,1.85,0,0.15,0.171,0.053,0.332,0.737,0.524,0,0.5693,16.0,102.7
35741,NVDAm_20251003165120_3,NVDAm,TREND_CONTINUATION,BUY,-1,2025.10.03 16:51:20,2025.10.03 17:43:03,51,187.79,186.62,-117.0,-585.0,1.185,0.185,SL_HIT,189.13725,189.482,188.694,0,0.122,0.934,189.13725,0.4,0,0.24,0.2998,0,0,0,1,0.0,0,0.841,0.505,2,0.841,0.09,0.23,0.367,0.25,0.0,189.13725,0.715,1.069,1,1,0.991,0,4395,0.267,1.29,0,0.15,0.171,0.053,0.332,0.737,0.524,0,0.5693,16.0,102.7
35750,NVDAm_20251003173839_4,NVDAm,SWEEP_REVERSAL,BUY,-1,2025.10.03 17:38:39,2025.10.03 17:46:28,7,187.36,186.32,-104.0,-520.0,0.993,0.0,SL_HIT,189.10125,189.445,188.4825,0,0.921,0.118,189.10125,0.35,0,0.524,0.5693,0,0,0,1,0.0,0,0.737,0.373,1,0.737,0.171,0.053,0.332,0.15,0.0,189.10125,0.727,0.807,1,1,0.991,0,4396,0.151,1.85,0,0.15,0.171,0.053,0.332,0.737,0.524,0,0.5693,16.0,102.7
35738,NVDAm_20251003165104_2,NVDAm,PULLBACK,BUY,-1,2025.10.03 16:51:04,2025.10.03 17:46:36,55,187.69,186.22,-147.0,-735.0,1.483,0.288,SL_HIT,189.13725,189.482,188.694,0,0.122,0.934,189.13725,0.4,0,0.24,0.2998,0,0,0,1,0.0,0,0.841,0.51,2,0.841,0.09,0.23,0.367,0.25,0.0,189.13725,0.715,1.114,1,1,0.991,0,4395,0.226,1.1,0,0.15,0.171,0.053,0.332,0.737,0.524,0,0.5693,16.0,102.7
35555,NVDAm_20251001173204_3,NVDAm,TREND_CONTINUATION,BUY,-1,2025.10.01 17:32:04,2025.10.03 17:53:17,2901,187.49,185.62,-187.0,-973.0,1.195,2.127,SL_HIT,186.89125,187.78,184.8175,1,0.057,0.577,184.32375,0.75,0,0.482,0.3815,0,0,0,1,0.0,0,0.665,0.34,0,0.665,0.114,0.128,0.211,0.25,0.0,184.32375,0.72,0.687,1,-2,0.98,0,4376,0.311,2.08,0,0.15,0.171,0.053,0.332,0.737,0.524,0,0.5693,16.0,102.7
35560,NVDAm_20251001180000_0,NVDAm,BREAKOUT,BUY,-1,2025.10.01 18:00:00,2025.10.03 17:53:39,2873,187.6,185.39,-221.0,-1143.0,1.495,2.175,SL_HIT,187.3535,187.652,186.458,1,0.059,1.005,187.3535,0.3,0,0.5,0.72,2,0,0,1,0.0,0,0.663,0.416,1,0.663,0.216,0.0,0.027,0.0,0.0,186.458,0.6,0.294,1,-2,0.98,0,4377,0.254,1.67,0,0.15,0.171,0.053,0.332,0.737,0.524,0,0.5693,16.0,102.7
35761,NVDAm_20251003181029_5,NVDAm,MEAN_REVERSION,BUY,0,2025.10.03 18:10:29,2025.10.03 18:30:15,19,186.54,187.39,85.0,425.0,0.166,0.868,TRAIL_STOP,188.93825,189.4895,187.2845,0,2.124,0.188,188.93825,0.5,2,0.675,-0.685,2,0,0,0,0.0,0,0.559,0.366,1,0.559,0.206,0.053,0.295,0.15,0.0,188.93825,0.729,1.042,1,1,0.991,0,4397,0.572,3.12,0,0.15,0.206,0.053,0.267,0.559,0.675,1,-0.685,16.0,102.5
35762,NVDAm_20251003181029_5,NVDAm,MEAN_REVERSION,BUY,1,2025.10.03 18:10:29,2025.10.03 18:30:29,20,186.54,187.33,79.0,395.0,0.166,0.868,TRAIL_STOP,188.93825,189.4895,187.2845,0,2.124,0.188,188.93825,0.5,2,0.675,-0.685,2,0,0,0,0.0,0,0.559,0.366,1,0.559,0.206,0.053,0.295,0.15,0.0,188.93825,0.729,1.042,1,1,0.991,0,4397,0.572,3.12,0,0.15,0.206,0.053,0.267,0.559,0.675,1,-0.685,16.0,102.5
35760,NVDAm_20251003181029_5,NVDAm,MEAN_REVERSION,BUY,-1,2025.10.03 18:10:29,2025.10.06 10:30:05,3859,186.54,189.1,256.0,1223.0,0.166,2.488,TP_HIT,188.93825,189.4895,187.2845,0,2.124,0.188,188.93825,0.5,2,0.675,-0.685,2,0,0,0,0.0,0,0.559,0.366,1,0.559,0.206,0.053,0.295,0.15,0.0,188.93825,0.729,1.042,1,1,0.991,0,4397,0.572,3.12,0,0.4,0.174,0.319,0.381,0.663,0.55,0,-0.58,96.0,104.4
35550,NVDAm_20251001173021_2,NVDAm,PULLBACK,BUY,-1,2025.10.01 17:30:21,2025.10.06 10:57:14,6806,187.6,185.26,-234.0,-1265.0,1.491,2.056,SL_HIT,186.89125,187.78,184.8175,1,0.057,0.577,184.32375,0.75,0,0.482,0.3815,0,0,0,1,0.0,0,0.665,0.351,1,0.665,0.114,0.128,0.28,0.25,0.0,186.89125,0.7,0.781,1,-2,0.98,0,4376,0.417,2.0,0,0.4,0.174,0.319,0.443,0.663,0.55,0,-0.58,96.0,104.4
35545,NVDAm_20251001160000_0,NVDAm,BREAKOUT,BUY,-1,2025.10.01 16:00:00,2025.10.06 11:00:55,6900,187.35,185.0,-235.0,-1270.0,1.477,2.216,SL_HIT,184.91625,186.99,183.83,0,0.065,0.699,184.32375,0.8,0,0.617,-0.4413,0,0,0,1,0.0,2,1.0,0.542,2,0.664,0.832,0.088,0.239,0.25,0.761,184.91625,0.7,0.956,1,-2,0.98,0,4375,0.521,1.67,0,0.25,0.185,0.213,0.379,0.706,0.9,0,-0.615,96.0,130.0
35769,NVDAm_20251006120000_4,NVDAm,SWEEP_REVERSAL,BUY,0,2025.10.06 12:00:00,2025.10.06 12:00:59,0,185.39,185.12,-27.0,-135.0,0.409,0.0,SL_HIT,187.34925,187.8825,185.394,0,0.789,1.355,186.28275,0.35,2,0.975,-0.825,0,0,0,0,0.0,0,0.553,0.34,0,0.553,0.247,0.092,0.212,0.0,0.0,186.28275,0.731,0.707,1,1,0.979,0,4401,0.108,1.03,0,0.0,0.247,0.092,0.236,0.553,0.975,0,-0.825,64.0,149.2
35772,NVDAm_20251006120010_5,NVDAm,MEAN_REVERSION,BUY,0,2025.10.06 12:00:10,2025.10.06 12:00:59,0,185.49,185.12,-37.0,-185.0,0.409,0.0,SL_HIT,187.34925,187.8825,185.394,0,0.789,1.355,186.28275,0.35,2,0.975,-0.825,0,0,0,0,0.0,0,0.553,0.337,0,0.553,0.247,0.092,0.212,0.0,0.0,186.28275,0.731,0.68,1,1,0.979,0,4401,0.548,1.2,0,0.0,0.247,0.092,0.236,0.553,0.975,0,-0.825,64.0,149.2
35770,NVDAm_20251006120000_4,NVDAm,SWEEP_REVERSAL,BUY,1,2025.10.06 12:00:00,2025.10.06 12:02:06,2,185.39,185.73,34.0,170.0,0.409,0.315,TRAIL_STOP,187.34925,187.8825,185.394,0,0.789,1.355,186.28275,0.35,2,0.975,-0.825,0,0,0,0,0.0,0,0.553,0.34,0,0.553,0.247,0.092,0.212,0.0,0.0,186.28275,0.731,0.707,1,1,0.979,0,4401,0.108,1.03,0,0.0,0.247,0.092,0.237,0.553,0.975,1,-0.825,64.0,149.2
35773,NVDAm_20251006120010_5,NVDAm,MEAN_REVERSION,BUY,1,2025.10.06 12:00:10,2025.10.06 12:02:06,1,185.49,185.73,24.0,120.0,0.409,0.248,TRAIL_STOP,187.34925,187.8825,185.394,0,0.789,1.355,186.28275,0.35,2,0.975,-0.825,0,0,0,0,0.0,0,0.553,0.337,0,0.553,0.247,0.092,0.212,0.0,0.0,186.28275,0.731,0.68,1,1,0.979,0,4401,0.548,1.2,0,0.0,0.247,0.092,0.237,0.553,0.975,1,-0.825,64.0,149.2
35771,NVDAm_20251006120010_5,NVDAm,MEAN_REVERSION,BUY,-1,2025.10.06 12:00:10,2025.10.06 12:57:40,57,185.49,184.3,-119.0,-595.0,0.784,0.717,SL_HIT,187.34925,187.8825,185.394,0,0.789,1.355,186.28275,0.35,2,0.975,-0.825,0,0,0,0,0.0,0,0.553,0.337,0,0.553,0.247,0.092,0.212,0.0,0.0,186.28275,0.731,0.68,1,1,0.979,0,4401,0.548,1.2,0,0.0,0.247,0.092,0.254,0.553,0.975,0,-0.825,64.0,149.2
35768,NVDAm_20251006120000_4,NVDAm,SWEEP_REVERSAL,BUY,-1,2025.10.06 12:00:00,2025.10.06 13:32:28,92,185.39,183.88,-151.0,-755.0,0.972,0.784,SL_HIT,187.34925,187.8825,185.394,0,0.789,1.355,186.28275,0.35,2,0.975,-0.825,0,0,0,0,0.0,0,0.553,0.34,0,0.553,0.247,0.092,0.212,0.0,0.0,186.28275,0.731,0.707,1,1,0.979,0,4401,0.108,1.03,0,0.25,0.206,0.237,0.361,0.532,1.0,0,-0.685,64.0,162.5
35781,NVDAm_20251006160000_7,NVDAm,ANCHORED_PULLBACK,BUY,0,2025.10.06 16:00:00,2025.10.06 16:01:25,1,186.93,186.92,-1.0,-5.0,0.078,0.041,SL_HIT,185.58625,186.302,184.4615,0,0.451,1.393,185.58625,0.45,0,1.0,-0.79,0,0,0,0,0.0,0,0.477,0.361,1,0.477,0.237,0.238,0.308,0.25,0.0058,185.58625,0.743,0.601,1,1,0.999,0,4405,0.474,4.72,0,0.25,0.237,0.238,0.366,0.716,1.0,0,-0.79,16.0,217.1
35782,NVDAm_20251006160000_7,NVDAm,ANCHORED_PULLBACK,BUY,1,2025.10.06 16:00:00,2025.10.06 16:01:35,1,186.93,186.81,-12.0,-60.0,0.078,0.041,SL_HIT,185.58625,186.302,184.4615,0,0.451,1.393,185.58625,0.45,0,1.0,-0.79,0,0,0,0,0.0,0,0.477,0.361,1,0.477,0.237,0.238,0.308,0.25,0.0058,185.58625,0.743,0.601,1,1,0.999,0,4405,0.474,4.72,0,0.25,0.237,0.238,0.308,0.716,1.0,0,-0.79,16.0,217.1
35780,NVDAm_20251006160000_7,NVDAm,ANCHORED_PULLBACK,BUY,-1,2025.10.06 16:00:00,2025.10.06 16:04:27,4,186.93,186.68,-25.0,-125.0,0.111,0.041,SL_HIT,185.58625,186.302,184.4615,0,0.451,1.393,185.58625,0.45,0,1.0,-0.79,0,0,0,0,0.0,0,0.477,0.361,1,0.477,0.237,0.238,0.308,0.25,0.0058,185.58625,0.743,0.601,1,1,0.999,0,4405,0.474,4.72,0,0.25,0.237,0.238,0.298,0.716,1.0,0,-0.79,16.0,217.1
35787,NVDAm_20251006180104_5,NVDAm,MEAN_REVERSION,BUY,0,2025.10.06 18:01:04,2025.10.06 18:02:05,1,185.79,185.72,-7.0,-35.0,0.079,0.005,SL_HIT,186.0175,186.999,185.187,1,0.007,0.275,186.0175,0.6,0,0.8,-1.0,0,0,0,0,0.0,0,0.709,0.39,1,0.709,0.3,0.169,0.075,0.15,0.0,186.999,0.6,0.461,1,1,0.999,0,4407,0.611,2.08,0,0.15,0.3,0.169,0.12,0.709,0.8,1,-1.0,16.0,214.2
35788,NVDAm_20251006180104_5,NVDAm,MEAN_REVERSION,BUY,1,2025.10.06 18:01:04,2025.10.06 18:07:38,6,185.79,185.81,2.0,10.0,0.079,0.103,TRAIL_STOP,186.0175,186.999,185.187,1,0.007,0.275,186.0175,0.6,0,0.8,-1.0,0,0,0,0,0.0,0,0.709,0.39,1,0.709,0.3,0.169,0.075,0.15,0.0,186.999,0.6,0.461,1,1,0.999,0,4407,0.611,2.08,0,0.15,0.3,0.169,0.189,0.709,0.8,1,-1.0,16.0,214.2
35794,NVDAm_20251007140337_7,NVDAm,ANCHORED_PULLBACK,BUY,1,2025.10.07 14:03:37,2025.10.07 14:26:28,22,188.51,188.08,-43.0,-215.0,0.221,0.226,SL_HIT,185.83525,187.3885,185.59,0,1.289,0.001,188.12425,0.55,0,0.234,0.3908,2,0,0,0,0.0,0,0.661,0.336,0,0.661,0.117,0.109,0.315,0.15,0.0,185.83525,0.7,0.564,1,-2,1.0,0,4413,0.154,1.77,0,0.15,0.117,0.109,0.296,0.661,0.234,0,0.3908,16.0,190.4
35793,NVDAm_20251007140337_7,NVDAm,ANCHORED_PULLBACK,BUY,0,2025.10.07 14:03:37,2025.10.07 14:56:36,52,188.51,187.7,-81.0,-405.0,0.531,0.226,SL_HIT,185.83525,187.3885,185.59,0,1.289,0.001,188.12425,0.55,0,0.234,0.3908,2,0,0,0,0.0,0,0.661,0.336,0,0.661,0.117,0.109,0.315,0.15,0.0,185.83525,0.7,0.564,1,-2,1.0,0,4413,0.154,1.77,0,0.15,0.117,0.109,0.341,0.661,0.234,0,0.3908,16.0,190.4
35798,NVDAm_20251007150017_1,NVDAm,BREAKOUT_RETEST,BUY,0,2025.10.07 15:00:17,2025.10.07 15:00:19,0,187.89,187.65,-24.0,-120.0,0.136,0.0,SL_HIT,188.53875,188.96,187.1065,1,0.068,0.231,188.53875,0.55,0,0.75,0.72,2,0,0,0,0.0,0,0.628,0.319,0,0.628,0.216,0.053,0.217,0.15,0.0,188.53875,0.755,0.181,1,-2,1.0,0,4414,0.461,1.02,0,0.15,0.216,0.053,0.217,0.628,0.75,1,0.72,16.0,169.1
35799,NVDAm_20251007150017_1,NVDAm,BREAKOUT_RETEST,BUY,1,2025.10.07 15:00:17,2025.10.07 15:00:27,0,187.89,187.56,-33.0,-160.0,0.189,0.0,SL_HIT,188.53875,188.96,187.1065,1,0.068,0.231,188.53875,0.55,0,0.75,0.72,2,0,0,0,0.0,0,0.628,0.319,0,0.628,0.216,0.053,0.217,0.15,0.0,188.53875,0.755,0.181,1,-2,1.0,0,4414,0.461,1.02,0,0.15,0.216,0.053,0.306,0.628,0.75,1,0.72,16.0,169.1
35797,NVDAm_20251007150017_1,NVDAm,BREAKOUT_RETEST,BUY,-1,2025.10.07 15:00:17,2025.10.07 15:02:17,2,187.89,187.1,-79.0,-395.0,0.455,0.0,SL_HIT,188.53875,188.96,187.1065,1,0.068,0.231,188.53875,0.55,0,0.75,0.72,2,0,0,0,0.0,0,0.628,0.319,0,0.628,0.216,0.053,0.217,0.15,0.0,188.53875,0.755,0.181,1,-2,1.0,0,4414,0.461,1.02,0,0.15,0.216,0.053,0.29,0.628,0.75,0,0.72,16.0,169.1
35792,NVDAm_20251007140337_7,NVDAm,ANCHORED_PULLBACK,BUY,-1,2025.10.07 14:03:37,2025.10.07 15:04:45,61,188.51,186.43,-208.0,-1040.0,1.066,0.226,SL_HIT,185.83525,187.3885,185.59,0,1.289,0.001,188.12425,0.55,0,0.234,0.3908,2,0,0,0,0.0,0,0.661,0.336,0,0.661,0.117,0.109,0.315,0.15,0.0,185.83525,0.7,0.564,1,-2,1.0,0,4413,0.154,1.77,0,0.15,0.216,0.053,0.234,0.628,0.75,0,0.72,16.0,169.1
35805,NVDAm_20251007153536_5,NVDAm,MEAN_REVERSION,BUY,0,2025.10.07 15:35:36,2025.10.07 16:06:38,31,185.57,185.65,8.0,40.0,0.733,0.296,TRAIL_STOP,188.53875,188.96,187.1065,0,0.068,0.231,188.53875,0.55,0,0.75,0.72,2,0,0,0,0.0,0,0.628,0.384,1,0.628,0.216,0.053,0.26,0.15,0.0,188.53875,0.755,0.739,1,-2,1.0,0,4414,0.602,2.31,6,0.55,0.102,0.493,0.579,0.612,0.465,1,0.3398,16.0,169.9
35808,NVDAm_20251007153604_4,NVDAm,SWEEP_REVERSAL,BUY,0,2025.10.07 15:36:04,2025.10.07 16:06:38,30,185.46,185.65,19.0,95.0,0.668,0.361,TRAIL_STOP,188.53875,188.96,187.1065,0,0.068,0.231,188.53875,0.55,0,0.75,0.72,2,0,0,0,0.0,0,0.628,0.387,1,0.628,0.216,0.053,0.26,0.15,0.0,188.53875,0.755,0.765,1,-2,1.0,0,4414,0.155,1.91,6,0.55,0.102,0.493,0.579,0.612,0.465,1,0.3398,16.0,169.9
35811,NVDAm_20251007154931_3,NVDAm,TREND_CONTINUATION,BUY,0,2025.10.07 15:49:31,2025.10.07 16:06:38,17,184.8,185.65,85.0,425.0,0.278,0.751,TRAIL_STOP,188.53875,188.96,187.1065,0,0.068,0.231,188.53875,0.55,0,0.75,0.72,2,0,0,0,0.0,0,0.628,0.406,1,0.628,0.216,0.053,0.26,0.15,0.0,188.53875,0.755,0.921,1,-2,1.0,0,4414,0.46,1.92,6,0.55,0.102,0.493,0.579,0.612,0.465,1,0.3398,16.0,169.9
35814,NVDAm_20251007155441_2,NVDAm,PULLBACK,BUY,0,2025.10.07 15:54:41,2025.10.07 16:06:38,11,184.9,185.65,75.0,375.0,0.112,0.692,TRAIL_STOP,188.53875,188.96,187.1065,0,0.068,0.231,188.53875,0.55,0,0.75,0.72,2,0,0,0,0.0,0,0.628,0.403,1,0.628,0.216,0.053,0.26,0.15,0.0,188.53875,0.755,0.898,1,-2,1.0,0,4414,0.391,1.5,6,0.55,0.102,0.493,0.579,0.612,0.465,1,0.3398,16.0,169.9
35812,NVDAm_20251007154931_3,NVDAm,TREND_CONTINUATION,BUY,1,2025.10.07 15:49:31,2025.10.07 16:07:36,18,184.8,185.45,65.0,325.0,0.278,0.751,TRAIL_STOP,188.53875,188.96,187.1065,0,0.068,0.231,188.53875,0.55,0,0.75,0.72,2,0,0,0,0.0,0,0.628,0.406,1,0.628,0.216,0.053,0.26,0.15,0.0,188.53875,0.755,0.921,1,-2,1.0,0,4414,0.46,1.92,6,0.55,0.102,0.493,0.515,0.612,0.465,1,0.3398,16.0,169.9
35815,NVDAm_20251007155441_2,NVDAm,PULLBACK,BUY,1,2025.10.07 15:54:41,2025.10.07 16:07:39,12,184.9,185.4,50.0,250.0,0.112,0.692,TRAIL_STOP,188.53875,188.96,187.1065,0,0.068,0.231,188.53875,0.55,0,0.75,0.72,2,0,0,0,0.0,0,0.628,0.403,1,0.628,0.216,0.053,0.26,0.15,0.0,188.53875,0.755,0.898,1,-2,1.0,0,4414,0.391,1.5,6,0.55,0.102,0.493,0.515,0.612,0.465,1,0.3398,16.0,169.9
35809,NVDAm_20251007153604_4,NVDAm,SWEEP_REVERSAL,BUY,1,2025.10.07 15:36:04,2025.10.07 16:48:59,72,185.46,185.77,31.0,155.0,0.668,0.508,TRAIL_STOP,188.53875,188.96,187.1065,0,0.068,0.231,188.53875,0.55,0,0.75,0.72,2,0,0,0,0.0,0,0.628,0.387,1,0.628,0.216,0.053,0.26,0.15,0.0,188.53875,0.755,0.765,1,-2,1.0,0,4414,0.155,1.91,6,0.55,0.102,0.493,0.531,0.612,0.465,1,0.3398,16.0,169.9
35806,NVDAm_20251007153536_5,NVDAm,MEAN_REVERSION,BUY,1,2025.10.07 15:35:36,2025.10.07 16:49:56,74,185.57,185.58,1.0,5.0,0.733,0.443,TRAIL_STOP,188.53875,188.96,187.1065,0,0.068,0.231,188.53875,0.55,0,0.75,0.72,2,0,0,0,0.0,0,0.628,0.384,1,0.628,0.216,0.053,0.26,0.15,0.0,188.53875,0.755,0.739,1,-2,1.0,0,4414,0.602,2.31,6,0.55,0.102,0.493,0.579,0.612,0.465,1,0.3398,16.0,169.9
35825,NVDAm_20251007170017_1,NVDAm,BREAKOUT_RETEST,BUY,0,2025.10.07 17:00:17,2025.10.07 17:01:35,1,185.8,185.85,5.0,25.0,0.105,0.068,TRAIL_STOP,185.37175,187.571,184.5615,1,0.041,0.674,185.37175,0.65,0,0.377,0.5665,0,0,0,0,0.0,0,0.616,0.31,0,0.616,0.17,0.041,0.013,0.0,0.0,184.5615,0.6,0.19,1,-1,0.982,0,4416,0.295,7.08,0,0.0,0.17,0.041,0.061,0.616,0.377,1,0.5665,16.0,161.8
35826,NVDAm_20251007170017_1,NVDAm,BREAKOUT_RETEST,BUY,1,2025.10.07 17:00:17,2025.10.07 17:03:03,2,185.8,185.82,2.0,10.0,0.105,0.105,TRAIL_STOP,185.37175,187.571,184.5615,1,0.041,0.674,185.37175,0.65,0,0.377,0.5665,0,0,0,0,0.0,0,0.616,0.31,0,0.616,0.17,0.041,0.013,0.0,0.0,184.5615,0.6,0.19,1,-1,0.982,0,4416,0.295,7.08,0,0.0,0.17,0.041,0.061,0.616,0.377,1,0.5665,16.0,161.8
35830,NVDAm_20251007175514_0,NVDAm,BREAKOUT,BUY,0,2025.10.07 17:55:14,2025.10.07 17:55:28,0,185.53,185.32,-21.0,-105.0,0.117,0.0,SL_HIT,185.37175,187.571,184.5615,1,0.041,0.674,185.37175,0.65,0,0.377,0.5665,0,0,0,0,0.0,0,0.616,0.308,0,0.616,0.17,0.041,0.004,0.0,0.0,184.5615,0.6,0.173,1,-1,0.982,0,4416,0.19,1.43,0,0.0,0.17,0.041,0.004,0.616,0.377,1,0.5665,16.0,161.8
35824,NVDAm_20251007170017_1,NVDAm,BREAKOUT_RETEST,BUY,-1,2025.10.07 17:00:17,2025.10.07 17:55:36,55,185.8,185.31,-49.0,-245.0,0.297,0.185,SL_HIT,185.37175,187.571,184.5615,1,0.041,0.674,185.37175,0.65,0,0.377,0.5665,0,0,0,0,0.0,0,0.616,0.31,0,0.616,0.17,0.041,0.013,0.0,0.0,184.5615,0.6,0.19,1,-1,0.982,0,4416,0.295,7.08,0,0.0,0.17,0.041,0.004,0.616,0.377,1,0.5665,16.0,161.8
35833,NVDAm_20251007175516_2,NVDAm,PULLBACK,BUY,0,2025.10.07 17:55:16,2025.10.07 17:55:37,0,185.51,185.3,-21.0,-105.0,0.124,0.0,SL_HIT,185.37175,187.571,184.5615,1,0.041,0.674,185.37175,0.65,0,0.377,0.5665,0,0,0,0,0.0,0,0.616,0.307,0,0.616,0.17,0.041,0.004,0.0,0.0,184.5615,0.6,0.169,1,-1,0.982,0,4416,0.391,1.48,0,0.0,0.17,0.041,0.004,0.616,0.377,1,0.5665,16.0,161.8
35831,NVDAm_20251007175514_0,NVDAm,BREAKOUT,BUY,1,2025.10.07 17:55:14,2025.10.07 17:59:00,3,185.53,185.31,-22.0,-110.0,0.155,0.0,SL_HIT,185.37175,187.571,184.5615,1,0.041,0.674,185.37175,0.65,0,0.377,0.5665,0,0,0,0,0.0,0,0.616,0.308,0,0.616,0.17,0.041,0.004,0.0,0.0,184.5615,0.6,0.173,1,-1,0.982,0,4416,0.19,1.43,0,0.0,0.17,0.041,0.004,0.616,0.377,1,0.5665,16.0,161.8
35834,NVDAm_20251007175516_2,NVDAm,PULLBACK,BUY,1,2025.10.07 17:55:16,2025.10.07 17:59:00,3,185.51,185.31,-20.0,-100.0,0.142,0.0,SL_HIT,185.37175,187.571,184.5615,1,0.041,0.674,185.37175,0.65,0,0.377,0.5665,0,0,0,0,0.0,0,0.616,0.307,0,0.616,0.17,0.041,0.004,0.0,0.0,184.5615,0.6,0.169,1,-1,0.982,0,4416,0.391,1.48,0,0.0,0.17,0.041,0.004,0.616,0.377,1,0.5665,16.0,161.8
35841,NVDAm_20251007181413_3,NVDAm,TREND_CONTINUATION,BUY,0,2025.10.07 18:14:13,2025.10.07 18:14:27,0,186.0,185.77,-23.0,-115.0,0.151,0.0,SL_HIT,185.59775,186.174,184.5605,1,0.07,0.901,185.36725,0.35,0,0.366,0.5411,0,0,0,0,0.0,0,0.723,0.355,1,0.723,0.162,0.0,0.033,0.0,0.0,185.36725,0.739,0.261,1,-1,0.982,0,4417,0.291,2.08,0,0.0,0.162,0.0,0.033,0.723,0.366,1,0.5411,16.0,138.6
35842,NVDAm_20251007181413_3,NVDAm,TREND_CONTINUATION,BUY,1,2025.10.07 18:14:13,2025.10.07 18:14:59,0,186.0,185.69,-31.0,-155.0,0.195,0.0,SL_HIT,185.59775,186.174,184.5605,1,0.07,0.901,185.36725,0.35,0,0.366,0.5411,0,0,0,0,0.0,0,0.723,0.355,1,0.723,0.162,0.0,0.033,0.0,0.0,185.36725,0.739,0.261,1,-1,0.982,0,4417,0.291,2.08,0,0.0,0.162,0.0,0.0,0.723,0.366,1,0.5411,16.0,138.6
35846,NVDAm_20251008101136_6,NVDAm,NAKED_POC,BUY,0,2025.10.08 10:11:36,2025.10.08 10:12:40,1,186.18,185.67,-51.0,-255.0,0.538,0.0,SL_HIT,185.67325,186.0215,185.325,1,0.006,0.432,185.67325,0.35,0,0.5,-0.72,0,0,0,0,0.0,0,0.805,0.359,1,0.805,0.216,0.0,0.053,0.0,0.0,186.0215,0.6,0.196,1,-2,0.981,0,4419,0.594,1.66,0,0.0,0.216,0.0,0.0,0.805,0.5,1,-0.72,64.0,113.4
35847,NVDAm_20251008101136_6,NVDAm,NAKED_POC,BUY,1,2025.10.08 10:11:36,2025.10.08 10:13:34,1,186.18,185.63,-55.0,-275.0,0.538,0.0,SL_HIT,185.67325,186.0215,185.325,1,0.006,0.432,185.67325,0.35,0,0.5,-0.72,0,0,0,0,0.0,0,0.805,0.359,1,0.805,0.216,0.0,0.053,0.0,0.0,186.0215,0.6,0.196,1,-2,0.981,0,4419,0.594,1.66,0,0.0,0.216,0.0,0.0,0.805,0.5,1,-0.72,64.0,113.4
35829,NVDAm_20251007175514_0,NVDAm,BREAKOUT,BUY,-1,2025.10.07 17:55:14,2025.10.08 13:30:35,1175,185.53,186.95,142.0,691.0,0.272,0.853,TP_HIT,185.37175,187.571,184.5615,1,0.041,0.674,185.37175,0.65,0,0.377,0.5665,0,0,0,0,0.0,0,0.616,0.308,0,0.616,0.17,0.041,0.004,0.0,0.0,184.5615,0.6,0.173,1,-1,0.982,0,4416,0.19,1.43,0,0.4,0.195,0.14,0.448,0.667,0.975,0,-0.65,64.0,109.5
35832,NVDAm_20251007175516_2,NVDAm,PULLBACK,BUY,-1,2025.10.07 17:55:16,2025.10.08 13:30:35,1175,185.51,186.95,144.0,701.0,0.26,0.865,TP_HIT,185.37175,187.571,184.5615,1,0.041,0.674,185.37175,0.65,0,0.377,0.5665,0,0,0,0,0.0,0,0.616,0.307,0,0.616,0.17,0.041,0.004,0.0,0.0,184.5615,0.6,0.169,1,-1,0.982,0,4416,0.391,1.48,0,0.4,0.195,0.14,0.448,0.667,0.975,0,-0.65,64.0,109.5
35845,NVDAm_20251008101136_6,NVDAm,NAKED_POC,BUY,-1,2025.10.08 10:11:36,2025.10.08 13:33:37,202,186.18,187.89,171.0,855.0,0.644,1.481,TP_HIT,185.67325,186.0215,185.325,1,0.006,0.432,185.67325,0.35,0,0.5,-0.72,0,0,0,0,0.0,0,0.805,0.359,1,0.805,0.216,0.0,0.053,0.0,0.0,186.0215,0.6,0.196,1,-2,0.981,0,4419,0.594,1.66,0,0.4,0.195,0.14,0.448,0.667,0.975,0,-0.65,64.0,109.5
35804,NVDAm_20251007153536_5,NVDAm,MEAN_REVERSION,BUY,-1,2025.10.07 15:35:36,2025.10.08 13:39:54,1324,185.57,188.7,313.0,1546.0,0.733,1.845,TP_HIT,188.53875,188.96,187.1065,0,0.068,0.231,188.53875,0.55,0,0.75,0.72,2,0,0,0,0.0,0,0.628,0.384,1,0.628,0.216,0.053,0.26,0.15,0.0,188.53875,0.755,0.739,1,-2,1.0,0,4414,0.602,2.31,0,0.4,0.195,0.14,0.448,0.667,0.975,0,-0.65,40.0,109.5
35807,NVDAm_20251007153604_4,NVDAm,SWEEP_REVERSAL,BUY,-1,2025.10.07 15:36:04,2025.10.08 13:39:54,1323,185.46,188.7,324.0,1601.0,0.668,1.91,TP_HIT,188.53875,188.96,187.1065,0,0.068,0.231,188.53875,0.55,0,0.75,0.72,2,0,0,0,0.0,0,0.628,0.387,1,0.628,0.216,0.053,0.26,0.15,0.0,188.53875,0.755,0.765,1,-2,1.0,0,4414,0.155,1.91,0,0.4,0.195,0.14,0.448,0.667,0.975,0,-0.65,40.0,109.5
35810,NVDAm_20251007154931_3,NVDAm,TREND_CONTINUATION,BUY,-1,2025.10.07 15:49:31,2025.10.08 13:39:54,1310,184.8,188.7,390.0,1931.0,0.278,2.3,TP_HIT,188.53875,188.96,187.1065,0,0.068,0.231,188.53875,0.55,0,0.75,0.72,2,0,0,0,0.0,0,0.628,0.406,1,0.628,0.216,0.053,0.26,0.15,0.0,188.53875,0.755,0.921,1,-2,1.0,0,4414,0.46,1.92,0,0.4,0.195,0.14,0.448,0.667,0.975,0,-0.65,40.0,109.5
35813,NVDAm_20251007155441_2,NVDAm,PULLBACK,BUY,-1,2025.10.07 15:54:41,2025.10.08 13:39:54,1305,184.9,188.7,380.0,1881.0,0.112,2.241,TP_HIT,188.53875,188.96,187.1065,0,0.068,0.231,188.53875,0.55,0,0.75,0.72,2,0,0,0,0.0,0,0.628,0.403,1,0.628,0.216,0.053,0.26,0.15,0.0,188.53875,0.755,0.898,1,-2,1.0,0,4414,0.391,1.5,0,0.4,0.195,0.14,0.448,0.667,0.975,0,-0.65,40.0,109.5
35859,NVDAm_20251008141125_0,NVDAm,BREAKOUT,BUY,1,2025.10.08 14:11:25,2025.10.08 14:15:02,3,189.32,188.63,-69.0,-345.0,0.528,0.0,SL_HIT,185.89375,188.29,185.45,0,0.164,1.129,188.20125,0.8,1,0.242,0.3962,2,0,0,0,0.0,0,0.565,0.497,1,0.565,0.119,0.0,0.27,0.0,0.0,188.20125,0.723,1.104,1,-2,1.0,0,4423,0.297,3.54,0,0.0,0.119,0.0,0.212,0.565,0.242,0,0.3962,16.0,128.7
35862,NVDAm_20251008141140_3,NVDAm,TREND_CONTINUATION,BUY,1,2025.10.08 14:11:40,2025.10.08 14:15:02,3,189.21,188.63,-58.0,-290.0,0.443,0.0,SL_HIT,185.89375,188.29,185.45,0,0.164,1.129,188.20125,0.8,1,0.242,0.3962,2,0,0,0,0.0,0,0.565,0.492,1,0.565,0.119,0.0,0.27,0.0,0.0,188.20125,0.723,1.067,1,-2,1.0,0,4423,0.274,2.08,0,0.0,0.119,0.0,0.212,0.565,0.242,0,0.3962,16.0,128.7
35858,NVDAm_20251008141125_0,NVDAm,BREAKOUT,BUY,0,2025.10.08 14:11:25,2025.10.08 14:40:29,29,189.32,188.65,-67.0,-335.0,0.668,0.0,SL_HIT,185.89375,188.29,185.45,0,0.164,1.129,188.20125,0.8,1,0.242,0.3962,2,0,0,0,0.0,0,0.565,0.497,1,0.565,0.119,0.0,0.27,0.0,0.0,188.20125,0.723,1.104,1,-2,1.0,0,4423,0.297,3.54,0,0.0,0.119,0.0,0.253,0.565,0.242,0,0.3962,16.0,128.7
35861,NVDAm_20251008141140_3,NVDAm,TREND_CONTINUATION,BUY,0,2025.10.08 14:11:40,2025.10.08 14:40:29,28,189.21,188.65,-56.0,-280.0,0.583,0.0,SL_HIT,185.89375,188.29,185.45,0,0.164,1.129,188.20125,0.8,1,0.242,0.3962,2,0,0,0,0.0,0,0.565,0.492,1,0.565,0.119,0.0,0.27,0.0,0.0,188.20125,0.723,1.067,1,-2,1.0,0,4423,0.274,2.08,0,0.0,0.119,0.0,0.253,0.565,0.242,0,0.3962,16.0,128.7
35857,NVDAm_20251008141125_0,NVDAm,BREAKOUT,BUY,-1,2025.10.08 14:11:25,2025.10.08 14:42:38,31,189.32,188.41,-91.0,-455.0,0.691,0.0,SL_HIT,185.89375,188.29,185.45,0,0.164,1.129,188.20125,0.8,1,0.242,0.3962,2,0,0,0,0.0,0,0.565,0.497,1,0.565,0.119,0.0,0.27,0.0,0.0,188.20125,0.723,1.104,1,-2,1.0,0,4423,0.297,3.54,0,0.0,0.119,0.0,0.179,0.565,0.242,0,0.3962,16.0,128.7
35869,NVDAm_20251008150000_1,NVDAm,BREAKOUT_RETEST,BUY,0,2025.10.08 15:00:00,2025.10.08 15:01:37,1,188.7,188.72,2.0,10.0,0.12,0.068,TRAIL_STOP,188.845,189.33,187.972,1,0.062,1.082,188.845,0.35,0,0.75,0.72,2,0,0,0,0.0,0,0.7,0.4,1,0.7,0.216,0.0,0.12,0.0,0.0,187.972,0.6,0.442,1,-2,1.0,0,4424,0.485,3.68,0,0.0,0.216,0.0,0.108,0.7,0.75,1,0.72,16.0,133.1
35870,NVDAm_20251008150000_1,NVDAm,BREAKOUT_RETEST,BUY,1,2025.10.08 15:00:00,2025.10.08 15:02:16,2,188.7,188.66,-4.0,-20.0,0.12,0.068,SL_HIT,188.845,189.33,187.972,1,0.062,1.082,188.845,0.35,0,0.75,0.72,2,0,0,0,0.0,0,0.7,0.4,1,0.7,0.216,0.0,0.12,0.0,0.0,187.972,0.6,0.442,1,-2,1.0,0,4424,0.485,3.68,0,0.0,0.216,0.0,0.108,0.7,0.75,1,0.72,16.0,133.1
35868,NVDAm_20251008150000_1,NVDAm,BREAKOUT_RETEST,BUY,-1,2025.10.08 15:00:00,2025.10.08 15:07:28,7,188.7,188.29,-41.0,-205.0,0.293,0.068,SL_HIT,188.845,189.33,187.972,1,0.062,1.082,188.845,0.35,0,0.75,0.72,2,0,0,0,0.0,0,0.7,0.4,1,0.7,0.216,0.0,0.12,0.0,0.0,187.972,0.6,0.442,1,-2,1.0,0,4424,0.485,3.68,0,0.0,0.216,0.0,0.131,0.7,0.75,1,0.72,16.0,133.1
35860,NVDAm_20251008141140_3,NVDAm,TREND_CONTINUATION,BUY,-1,2025.10.08 14:11:40,2025.10.08 15:17:38,65,189.21,187.67,-154.0,-770.0,1.181,0.0,SL_HIT,185.89375,188.29,185.45,0,0.164,1.129,188.20125,0.8,1,0.242,0.3962,2,0,0,0,0.0,0,0.565,0.492,1,0.565,0.119,0.0,0.27,0.0,0.0,188.20125,0.723,1.067,1,-2,1.0,0,4423,0.274,2.08,0,0.0,0.216,0.0,0.277,0.7,0.75,0,0.72,16.0,133.1
35876,NVDAm_20251008152906_5,NVDAm,MEAN_REVERSION,BUY,0,2025.10.08 15:29:06,2025.10.08 15:29:30,0,188.4,188.18,-22.0,-110.0,0.158,0.0,SL_HIT,188.845,189.33,187.972,1,0.062,1.082,188.845,0.35,0,0.75,0.72,2,0,0,0,0.0,0,0.7,0.391,1,0.7,0.216,0.0,0.131,0.0,0.0,188.845,0.753,0.367,1,-2,1.0,0,4424,0.632,1.51,0,0.0,0.216,0.0,0.131,0.7,0.75,1,0.72,16.0,133.1
35877,NVDAm_20251008152906_5,NVDAm,MEAN_REVERSION,BUY,1,2025.10.08 15:29:06,2025.10.08 15:31:31,2,188.4,188.18,-22.0,-110.0,0.188,0.0,SL_HIT,188.845,189.33,187.972,1,0.062,1.082,188.845,0.35,0,0.75,0.72,2,0,0,0,0.0,0,0.7,0.391,1,0.7,0.216,0.0,0.131,0.0,0.0,188.845,0.753,0.367,1,-2,1.0,0,4424,0.632,1.51,0,0.0,0.216,0.0,0.131,0.7,0.75,1,0.72,16.0,133.1
35875,NVDAm_20251008152906_5,NVDAm,MEAN_REVERSION,BUY,-1,2025.10.08 15:29:06,2025.10.08 15:41:02,11,188.4,188.0,-40.0,-200.0,0.293,0.0,SL_HIT,188.845,189.33,187.972,1,0.062,1.082,188.845,0.35,0,0.75,0.72,2,0,0,0,0.0,0,0.7,0.391,1,0.7,0.216,0.0,0.131,0.0,0.0,188.845,0.753,0.367,1,-2,1.0,0,4424,0.632,1.51,0,0.0,0.216,0.0,0.199,0.7,0.75,1,0.72,16.0,133.1
35882,NVDAm_20251008154931_4,NVDAm,SWEEP_REVERSAL,BUY,0,2025.10.08 15:49:31,2025.10.08 15:51:04,1,187.93,187.85,-8.0,-40.0,0.143,0.0,SL_HIT,188.845,189.33,187.972,0,0.062,1.082,188.845,0.35,0,0.75,0.72,2,0,0,0,0.0,0,0.7,0.39,1,0.7,0.216,0.0,0.277,0.0,0.0,188.845,0.753,0.354,1,-2,1.0,0,4424,0.097,0.81,0,0.0,0.216,0.0,0.258,0.7,0.75,0,0.72,16.0,133.1
35883,NVDAm_20251008154931_4,NVDAm,SWEEP_REVERSAL,BUY,1,2025.10.08 15:49:31,2025.10.08 15:51:23,1,187.93,187.79,-14.0,-70.0,0.143,0.0,SL_HIT,188.845,189.33,187.972,0,0.062,1.082,188.845,0.35,0,0.75,0.72,2,0,0,0,0.0,0,0.7,0.39,1,0.7,0.216,0.0,0.277,0.0,0.0,188.845,0.753,0.354,1,-2,1.0,0,4424,0.097,0.81,0,0.0,0.216,0.0,0.258,0.7,0.75,0,0.72,16.0,133.1
35887,NVDAm_20251008162130_0,NVDAm,BREAKOUT,BUY,0,2025.10.08 16:21:30,2025.10.08 16:21:59,0,188.37,188.18,-19.0,-95.0,0.13,0.0,SL_HIT,188.069,188.942,187.778,1,0.165,0.534,188.263,0.3,0,0.825,0.58,0,0,0,0,0.0,0,0.689,0.372,1,0.689,0.174,0.088,0.114,0.25,0.0,187.778,0.6,0.289,1,-1,0.982,0,4425,0.34,1.67,0,0.25,0.174,0.088,0.114,0.689,0.825,1,0.58,16.0,138.8
35890,NVDAm_20251008162131_3,NVDAm,TREND_CONTINUATION,BUY,0,2025.10.08 16:21:31,2025.10.08 16:22:18,0,188.39,188.17,-22.0,-110.0,0.151,0.0,SL_HIT,188.069,188.942,187.778,1,0.165,0.534,188.263,0.3,0,0.825,0.58,0,0,0,0,0.0,0,0.689,0.372,1,0.689,0.174,0.088,0.114,0.25,0.0,187.778,0.6,0.293,1,-1,0.982,0,4425,0.461,2.08,0,0.25,0.174,0.088,0.114,0.689,0.825,1,0.58,16.0,138.8
35888,NVDAm_20251008162130_0,NVDAm,BREAKOUT,BUY,1,2025.10.08 16:21:30,2025.10.08 16:22:36,1,188.37,188.11,-26.0,-130.0,0.173,0.0,SL_HIT,188.069,188.942,187.778,1,0.165,0.534,188.263,0.3,0,0.825,0.58,0,0,0,0,0.0,0,0.689,0.372,1,0.689,0.174,0.088,0.114,0.25,0.0,187.778,0.6,0.289,1,-1,0.982,0,4425,0.34,1.67,0,0.25,0.174,0.088,0.1,0.689,0.825,1,0.58,16.0,138.8
35891,NVDAm_20251008162131_3,NVDAm,TREND_CONTINUATION,BUY,1,2025.10.08 16:21:31,2025.10.08 16:25:54,4,188.39,188.13,-26.0,-130.0,0.202,0.0,SL_HIT,188.069,188.942,187.778,1,0.165,0.534,188.263,0.3,0,0.825,0.58,0,0,0,0,0.0,0,0.689,0.372,1,0.689,0.174,0.088,0.114,0.25,0.0,187.778,0.6,0.293,1,-1,0.982,0,4425,0.461,2.08,0,0.25,0.174,0.088,0.1,0.689,0.825,1,0.58,16.0,138.8
35900,NVDAm_20251008170006_2,NVDAm,PULLBACK,BUY,0,2025.10.08 17:00:06,2025.10.08 17:00:17,0,188.35,188.14,-21.0,-105.0,0.128,0.0,SL_HIT,188.20225,188.8095,187.7685,1,0.023,0.842,188.20225,0.3,0,0.6,0.615,4,0,0,0,0.0,0,0.774,0.355,1,0.774,0.185,0.238,0.1,0.25,0.0,187.7685,0.6,0.294,1,-1,0.982,0,4426,0.474,1.92,0,0.25,0.185,0.238,0.1,0.774,0.6,1,0.615,16.0,140.4
35897,NVDAm_20251008170000_1,NVDAm,BREAKOUT_RETEST,BUY,0,2025.10.08 17:00:00,2025.10.08 17:00:20,0,188.33,188.13,-20.0,-100.0,0.135,0.0,SL_HIT,188.20225,188.8095,187.7685,1,0.023,0.842,188.20225,0.3,0,0.6,0.615,4,0,0,0,0.0,0,0.717,0.296,0,0.717,0.185,0.343,0.52,0.55,-0.0876,188.8095,0.6,0.29,1,-1,0.982,0,4426,0.384,1.18,0,0.25,0.185,0.238,0.1,0.774,0.6,1,0.615,16.0,140.4
35898,NVDAm_20251008170000_1,NVDAm,BREAKOUT_RETEST,BUY,1,2025.10.08 17:00:00,2025.10.08 17:00:35,0,188.33,188.05,-28.0,-140.0,0.178,0.0,SL_HIT,188.20225,188.8095,187.7685,1,0.023,0.842,188.20225,0.3,0,0.6,0.615,4,0,0,0,0.0,0,0.717,0.296,0,0.717,0.185,0.343,0.52,0.55,-0.0876,188.8095,0.6,0.29,1,-1,0.982,0,4426,0.384,1.18,0,0.25,0.185,0.238,0.153,0.774,0.6,1,0.615,16.0,140.4
35901,NVDAm_20251008170006_2,NVDAm,PULLBACK,BUY,1,2025.10.08 17:00:06,2025.10.08 17:00:35,0,188.35,188.05,-30.0,-150.0,0.192,0.0,SL_HIT,188.20225,188.8095,187.7685,1,0.023,0.842,188.20225,0.3,0,0.6,0.615,4,0,0,0,0.0,0,0.774,0.355,1,0.774,0.185,0.238,0.1,0.25,0.0,187.7685,0.6,0.294,1,-1,0.982,0,4426,0.474,1.92,0,0.25,0.185,0.238,0.153,0.774,0.6,1,0.615,16.0,140.4
35896,NVDAm_20251008170000_1,NVDAm,BREAKOUT_RETEST,BUY,-1,2025.10.08 17:00:00,2025.10.08 17:11:25,11,188.33,187.79,-54.0,-270.0,0.378,0.0,SL_HIT,188.20225,188.8095,187.7685,1,0.023,0.842,188.20225,0.3,0,0.6,0.615,4,0,0,0,0.0,0,0.717,0.296,0,0.717,0.185,0.343,0.52,0.55,-0.0876,188.8095,0.6,0.29,1,-1,0.982,0,4426,0.384,1.18,0,0.25,0.185,0.238,0.234,0.774,0.6,1,0.615,16.0,140.4
35899,NVDAm_20251008170006_2,NVDAm,PULLBACK,BUY,-1,2025.10.08 17:00:06,2025.10.08 17:11:25,11,188.35,187.79,-56.0,-280.0,0.392,0.0,SL_HIT,188.20225,188.8095,187.7685,1,0.023,0.842,188.20225,0.3,0,0.6,0.615,4,0,0,0,0.0,0,0.774,0.355,1,0.774,0.185,0.238,0.1,0.25,0.0,187.7685,0.6,0.294,1,-1,0.982,0,4426,0.474,1.92,0,0.25,0.185,0.238,0.234,0.774,0.6,1,0.615,16.0,140.4
35909,NVDAm_20251008182131_0,NVDAm,BREAKOUT,BUY,0,2025.10.08 18:21:31,2025.10.08 18:24:04,2,188.75,188.64,-11.0,-55.0,0.149,0.0,SL_HIT,188.03225,188.7035,187.8085,1,0.109,0.531,188.03225,0.5,0,0.65,0.65,0,0,0,0,0.0,0,0.686,0.279,0,0.686,0.195,0.167,0.252,0.25,0.0,188.03225,0.731,0.179,1,-1,0.982,0,4427,0.265,4.64,0,0.25,0.195,0.167,0.246,0.686,0.65,1,0.65,16.0,127.2
35912,NVDAm_20251008182133_3,NVDAm,TREND_CONTINUATION,BUY,0,2025.10.08 18:21:33,2025.10.08 18:24:04,2,188.74,188.64,-10.0,-50.0,0.141,0.0,SL_HIT,188.03225,188.7035,187.8085,1,0.109,0.531,188.03225,0.5,0,0.65,0.65,0,0,0,0,0.0,0,0.686,0.279,0,0.686,0.195,0.167,0.252,0.25,0.0,188.03225,0.731,0.182,1,-1,0.982,0,4427,0.379,2.08,0,0.25,0.195,0.167,0.246,0.686,0.65,1,0.65,16.0,127.2
35910,NVDAm_20251008182131_0,NVDAm,BREAKOUT,BUY,1,2025.10.08 18:21:31,2025.10.08 18:24:29,2,188.75,188.58,-17.0,-85.0,0.149,0.0,SL_HIT,188.03225,188.7035,187.8085,1,0.109,0.531,188.03225,0.5,0,0.65,0.65,0,0,0,0,0.0,0,0.686,0.279,0,0.686,0.195,0.167,0.252,0.25,0.0,188.03225,0.731,0.179,1,-1,0.982,0,4427,0.265,4.64,0,0.25,0.195,0.167,0.252,0.686,0.65,1,0.65,16.0,127.2
35913,NVDAm_20251008182133_3,NVDAm,TREND_CONTINUATION,BUY,1,2025.10.08 18:21:33,2025.10.08 18:24:29,2,188.74,188.58,-16.0,-80.0,0.141,0.0,SL_HIT,188.03225,188.7035,187.8085,1,0.109,0.531,188.03225,0.5,0,0.65,0.65,0,0,0,0,0.0,0,0.686,0.279,0,0.686,0.195,0.167,0.252,0.25,0.0,188.03225,0.731,0.182,1,-1,0.982,0,4427,0.379,2.08,0,0.25,0.195,0.167,0.252,0.686,0.65,1,0.65,16.0,127.2
35908,NVDAm_20251008182131_0,NVDAm,BREAKOUT,BUY,-1,2025.10.08 18:21:31,2025.10.08 18:47:51,26,188.75,188.07,-68.0,-340.0,0.527,0.0,SL_HIT,188.03225,188.7035,187.8085,1,0.109,0.531,188.03225,0.5,0,0.65,0.65,0,0,0,0,0.0,0,0.686,0.279,0,0.686,0.195,0.167,0.252,0.25,0.0,188.03225,0.731,0.179,1,-1,0.982,0,4427,0.265,4.64,0,0.25,0.195,0.167,0.1,0.686,0.65,1,0.65,16.0,127.2
35920,NVDAm_20251008190000_1,NVDAm,BREAKOUT_RETEST,BUY,0,2025.10.08 19:00:00,2025.10.08 19:00:27,0,188.42,188.24,-18.0,-90.0,0.139,0.0,SL_HIT,188.1385,188.359,187.729,1,0.048,0.363,188.1385,0.5,0,0.7,0.86,0,0,0,0,0.0,0,0.658,0.311,0,0.658,0.258,0.217,0.564,0.3,-0.2161,187.729,0.6,0.145,1,-1,0.982,0,4428,0.451,1.13,0,0.0,0.258,0.112,0.144,0.71,0.7,1,0.86,16.0,122.6
35921,NVDAm_20251008190000_1,NVDAm,BREAKOUT_RETEST,BUY,1,2025.10.08 19:00:00,2025.10.08 19:00:39,0,188.42,188.18,-24.0,-120.0,0.179,0.0,SL_HIT,188.1385,188.359,187.729,1,0.048,0.363,188.1385,0.5,0,0.7,0.86,0,0,0,0,0.0,0,0.658,0.311,0,0.658,0.258,0.217,0.564,0.3,-0.2161,187.729,0.6,0.145,1,-1,0.982,0,4428,0.451,1.13,0,0.0,0.258,0.112,0.068,0.71,0.7,1,0.86,16.0,122.6
35925,NVDAm_20251008191524_2,NVDAm,PULLBACK,BUY,0,2025.10.08 19:15:24,2025.10.08 19:16:00,0,188.73,188.52,-21.0,-105.0,0.163,0.0,SL_HIT,188.1385,188.359,187.729,0,0.048,0.363,188.1385,0.5,0,0.7,0.86,0,0,0,0,0.0,0,0.71,0.37,1,0.71,0.258,0.112,0.186,0.0,0.0,188.1385,0.748,0.148,1,-1,0.982,0,4428,0.38,1.43,0,0.0,0.258,0.112,0.158,0.71,0.7,0,0.86,16.0,122.6
35926,NVDAm_20251008191524_2,NVDAm,PULLBACK,BUY,1,2025.10.08 19:15:24,2025.10.08 19:17:34,2,188.73,188.51,-22.0,-110.0,0.204,0.0,SL_HIT,188.1385,188.359,187.729,0,0.048,0.363,188.1385,0.5,0,0.7,0.86,0,0,0,0,0.0,0,0.71,0.37,1,0.71,0.258,0.112,0.186,0.0,0.0,188.1385,0.748,0.148,1,-1,0.982,0,4428,0.38,1.43,0,0.0,0.258,0.112,0.158,0.71,0.7,0,0.86,16.0,122.6
35924,NVDAm_20251008191524_2,NVDAm,PULLBACK,BUY,-1,2025.10.08 19:15:24,2025.10.08 19:42:07,26,188.73,188.24,-49.0,-245.0,0.391,0.0,SL_HIT,188.1385,188.359,187.729,0,0.048,0.363,188.1385,0.5,0,0.7,0.86,0,0,0,0,0.0,0,0.71,0.37,1,0.71,0.258,0.112,0.186,0.0,0.0,188.1385,0.748,0.148,1,-1,0.982,0,4428,0.38,1.43,0,0.0,0.258,0.112,0.144,0.71,0.7,1,0.86,16.0,122.6
35840,NVDAm_20251007181413_3,NVDAm,TREND_CONTINUATION,BUY,-1,2025.10.07 18:14:13,2025.10.09 10:00:00,2385,186.0,190.22,422.0,2072.0,0.469,2.402,TP_HIT,185.59775,186.174,184.5605,1,0.07,0.901,185.36725,0.35,0,0.366,0.5411,0,0,0,0,0.0,0,0.723,0.355,1,0.723,0.162,0.0,0.033,0.0,0.0,185.36725,0.739,0.261,1,-1,0.982,0,4417,0.291,2.08,3,0.25,0.616,0.319,0.397,0.36,0.75,0,0.72,96.0,101.4
35881,NVDAm_20251008154931_4,NVDAm,SWEEP_REVERSAL,BUY,-1,2025.10.08 15:49:31,2025.10.09 10:00:00,1090,187.93,190.22,229.0,1126.0,0.293,0.653,TP_HIT,188.845,189.33,187.972,0,0.062,1.082,188.845,0.35,0,0.75,0.72,2,0,0,0,0.0,0,0.7,0.39,1,0.7,0.216,0.0,0.277,0.0,0.0,188.845,0.753,0.354,1,-2,1.0,0,4424,0.097,0.81,3,0.25,0.616,0.319,0.397,0.36,0.75,0,0.72,96.0,101.4
35919,NVDAm_20251008190000_1,NVDAm,BREAKOUT_RETEST,BUY,-1,2025.10.08 19:00:00,2025.10.09 10:00:00,900,188.42,190.22,180.0,881.0,0.196,0.196,TP_HIT,188.1385,188.359,187.729,1,0.048,0.363,188.1385,0.5,0,0.7,0.86,0,0,0,0,0.0,0,0.658,0.311,0,0.658,0.258,0.217,0.564,0.3,-0.2161,187.729,0.6,0.145,1,-1,0.982,0,4428,0.451,1.13,3,0.25,0.616,0.319,0.397,0.36,0.75,0,0.72,96.0,101.4
35934,NVDAm_20251009100000_0,NVDAm,BREAKOUT,BUY,0,2025.10.09 10:00:00,2025.10.09 10:01:28,1,191.18,190.31,-87.0,-435.0,0.986,0.0,SL_HIT,188.545,188.612,187.942,0,1.651,0.859,188.545,0.25,0,0.75,0.72,4,0,0,1,0.0,3,0.735,0.447,1,0.36,0.616,0.319,0.397,0.25,0.0394,188.545,0.752,1.071,1,-2,0.977,0,4429,0.557,1.43,0,0.25,0.216,0.319,0.397,0.601,0.75,0,0.72,96.0,101.4
35937,NVDAm_20251009100005_3,NVDAm,TREND_CONTINUATION,BUY,0,2025.10.09 10:00:05,2025.10.09 10:01:28,1,191.15,190.31,-84.0,-420.0,0.956,0.0,SL_HIT,188.545,188.612,187.942,0,1.651,0.859,188.545,0.25,0,0.75,0.72,4,0,0,1,0.0,0,0.601,0.373,1,0.601,0.216,0.319,0.397,0.25,0.0,188.545,0.752,0.728,1,-2,0.977,0,4429,0.45,1.45,0,0.25,0.216,0.319,0.397,0.601,0.75,0,0.72,96.0,101.4
35935,NVDAm_20251009100000_0,NVDAm,BREAKOUT,BUY,1,2025.10.09 10:00:00,2025.10.09 10:01:36,1,191.18,190.27,-91.0,-455.0,0.986,0.0,SL_HIT,188.545,188.612,187.942,0,1.651,0.859,188.545,0.25,0,0.75,0.72,4,0,0,1,0.0,3,0.735,0.447,1,0.36,0.616,0.319,0.397,0.25,0.0394,188.545,0.752,1.071,1,-2,0.977,0,4429,0.557,1.43,0,0.25,0.216,0.319,0.397,0.601,0.75,0,0.72,96.0,101.4
35938,NVDAm_20251009100005_3,NVDAm,TREND_CONTINUATION,BUY,1,2025.10.09 10:00:05,2025.10.09 10:01:36,1,191.15,190.27,-88.0,-440.0,0.956,0.0,SL_HIT,188.545,188.612,187.942,0,1.651,0.859,188.545,0.25,0,0.75,0.72,4,0,0,1,0.0,0,0.601,0.373,1,0.601,0.216,0.319,0.397,0.25,0.0,188.545,0.752,0.728,1,-2,0.977,0,4429,0.45,1.45,0,0.25,0.216,0.319,0.397,0.601,0.75,0,0.72,96.0,101.4
35944,NVDAm_20251009110000_2,NVDAm,PULLBACK,BUY,0,2025.10.09 11:00:00,2025.10.09 11:00:15,0,191.61,190.94,-67.0,-335.0,0.632,0.0,SL_HIT,188.6,188.7,187.9,0,2.304,1.332,188.6,0.2,0,1.0,0.93,4,0,0,1,0.0,2,0.971,0.58,2,0.53,0.979,0.15,0.238,0.0,0.1264,188.6,0.754,1.478,1,-2,0.977,0,4430,0.739,1.25,0,0.0,0.279,0.15,0.238,0.562,1.0,0,0.93,64.0,102.9
35947,NVDAm_20251009110001_7,NVDAm,ANCHORED_PULLBACK,BUY,0,2025.10.09 11:00:01,2025.10.09 11:00:15,0,191.6,190.94,-66.0,-330.0,0.622,0.0,SL_HIT,188.6,188.7,187.9,0,2.304,1.332,188.6,0.2,0,1.0,0.93,4,0,0,1,0.0,0,0.562,0.432,1,0.562,0.279,0.15,0.238,0.0,0.0,188.6,0.754,1.084,1,-2,0.977,0,4430,0.472,1.09,0,0.0,0.279,0.15,0.238,0.562,1.0,0,0.93,64.0,102.9
35945,NVDAm_20251009110000_2,NVDAm,PULLBACK,BUY,1,2025.10.09 11:00:00,2025.10.09 11:00:17,0,191.61,190.89,-72.0,-360.0,0.671,0.0,SL_HIT,188.6,188.7,187.9,0,2.304,1.332,188.6,0.2,0,1.0,0.93,4,0,0,1,0.0,2,0.971,0.58,2,0.53,0.979,0.15,0.238,0.0,0.1264,188.6,0.754,1.478,1,-2,0.977,0,4430,0.739,1.25,0,0.0,0.279,0.15,0.278,0.562,1.0,0,0.93,64.0,102.9
35948,NVDAm_20251009110001_7,NVDAm,ANCHORED_PULLBACK,BUY,1,2025.10.09 11:00:01,2025.10.09 11:00:17,0,191.6,190.89,-71.0,-355.0,0.661,0.0,SL_HIT,188.6,188.7,187.9,0,2.304,1.332,188.6,0.2,0,1.0,0.93,4,0,0,1,0.0,0,0.562,0.432,1,0.562,0.279,0.15,0.238,0.0,0.0,188.6,0.754,1.084,1,-2,0.977,0,4430,0.472,1.09,0,0.0,0.279,0.15,0.278,0.562,1.0,0,0.93,64.0,102.9
35886,NVDAm_20251008162130_0,NVDAm,BREAKOUT,BUY,-1,2025.10.08 16:21:30,2025.10.09 11:24:31,1143,188.37,191.85,348.0,1721.0,0.483,2.493,TP_HIT,188.069,188.942,187.778,1,0.165,0.534,188.263,0.3,0,0.825,0.58,0,0,0,0,0.0,0,0.689,0.372,1,0.689,0.174,0.088,0.114,0.25,0.0,187.778,0.6,0.289,1,-1,0.982,0,4425,0.34,1.67,0,0.0,0.279,0.15,0.27,0.562,1.0,0,0.93,64.0,102.9
35889,NVDAm_20251008162131_3,NVDAm,TREND_CONTINUATION,BUY,-1,2025.10.08 16:21:31,2025.10.09 11:24:33,1143,188.39,191.87,348.0,1721.0,0.497,2.493,TP_HIT,188.069,188.942,187.778,1,0.165,0.534,188.263,0.3,0,0.825,0.58,0,0,0,0,0.0,0,0.689,0.372,1,0.689,0.174,0.088,0.114,0.25,0.0,187.778,0.6,0.293,1,-1,0.982,0,4425,0.461,2.08,0,0.0,0.279,0.15,0.27,0.562,1.0,0,0.93,64.0,102.9
35911,NVDAm_20251008182133_3,NVDAm,TREND_CONTINUATION,BUY,-1,2025.10.08 18:21:33,2025.10.09 11:24:44,1023,188.74,191.92,318.0,1571.0,0.652,2.484,TP_HIT,188.03225,188.7035,187.8085,1,0.109,0.531,188.03225,0.5,0,0.65,0.65,0,0,0,0,0.0,0,0.686,0.279,0,0.686,0.195,0.167,0.252,0.25,0.0,188.03225,0.731,0.182,1,-1,0.982,0,4427,0.379,2.08,0,0.0,0.279,0.15,0.27,0.562,1.0,0,0.93,64.0,102.9
35957,NVDAm_20251009120000_0,NVDAm,BREAKOUT,BUY,0,2025.10.09 12:00:00,2025.10.09 12:01:35,1,192.63,191.98,-65.0,-325.0,0.606,0.0,SL_HIT,188.44125,191.0975,187.91,0,0.535,2.121,188.44125,0.75,0,1.0,0.965,2,0,0,1,0.0,2,1.0,0.624,2,0.304,0.99,0.0,0.225,0.0,2.2268,191.41625,0.55,1.863,1,-1,0.987,0,4431,0.656,3.94,3,0.0,0.69,0.0,0.225,0.393,1.0,0,0.965,64.0,107.2
35960,NVDAm_20251009120006_3,NVDAm,TREND_CONTINUATION,BUY,0,2025.10.09 12:00:06,2025.10.09 12:01:35,1,192.62,191.98,-64.0,-320.0,0.597,0.0,SL_HIT,188.44125,191.0975,187.91,0,0.535,2.121,188.44125,0.75,0,1.0,0.965,2,0,0,1,0.0,3,0.983,0.638,2,0.393,0.69,0.0,0.225,0.0,0.0,191.41625,0.55,2.022,1,-1,0.987,0,4431,0.783,2.08,3,0.0,0.69,0.0,0.225,0.393,1.0,0,0.965,64.0,107.2
35956,NVDAm_20251009120000_0,NVDAm,BREAKOUT,BUY,-1,2025.10.09 12:00:00,2025.10.09 12:05:05,5,192.63,191.95,-68.0,-340.0,0.606,0.0,SL_HIT,188.44125,191.0975,187.91,0,0.535,2.121,188.44125,0.75,0,1.0,0.965,2,0,0,1,0.0,2,1.0,0.624,2,0.304,0.99,0.0,0.225,0.0,2.2268,191.41625,0.55,1.863,1,-1,0.987,0,4431,0.656,3.94,3,0.0,0.69,0.0,0.225,0.393,1.0,0,0.965,64.0,107.2
35958,NVDAm_20251009120000_0,NVDAm,BREAKOUT,BUY,1,2025.10.09 12:00:00,2025.10.09 12:05:05,5,192.63,191.95,-68.0,-340.0,0.606,0.0,SL_HIT,188.44125,191.0975,187.91,0,0.535,2.121,188.44125,0.75,0,1.0,0.965,2,0,0,1,0.0,2,1.0,0.624,2,0.304,0.99,0.0,0.225,0.0,2.2268,191.41625,0.55,1.863,1,-1,0.987,0,4431,0.656,3.94,3,0.0,0.69,0.0,0.225,0.393,1.0,0,0.965,64.0,107.2
35961,NVDAm_20251009120006_3,NVDAm,TREND_CONTINUATION,BUY,1,2025.10.09 12:00:06,2025.10.09 12:05:15,5,192.62,191.93,-69.0,-345.0,0.625,0.0,SL_HIT,188.44125,191.0975,187.91,0,0.535,2.121,188.44125,0.75,0,1.0,0.965,2,0,0,1,0.0,3,0.983,0.638,2,0.393,0.69,0.0,0.225,0.0,0.0,191.41625,0.55,2.022,1,-1,0.987,0,4431,0.783,2.08,3,0.0,0.69,0.0,0.21,0.393,1.0,0,0.965,64.0,107.2
35959,NVDAm_20251009120006_3,NVDAm,TREND_CONTINUATION,BUY,-1,2025.10.09 12:00:06,2025.10.09 13:30:14,90,192.62,191.32,-130.0,-650.0,1.194,0.037,SL_HIT,188.44125,191.0975,187.91,0,0.535,2.121,188.44125,0.75,0,1.0,0.965,2,0,0,1,0.0,3,0.983,0.638,2,0.393,0.69,0.0,0.225,0.0,0.0,191.41625,0.55,2.022,1,-1,0.987,0,4431,0.783,2.08,3,0.0,0.7,0.0,0.047,0.374,1.0,1,1.0,64.0,106.9
35936,NVDAm_20251009100005_3,NVDAm,TREND_CONTINUATION,BUY,-1,2025.10.09 10:00:05,2025.10.09 13:48:37,228,191.15,193.69,254.0,1270.0,0.956,2.494,TP_HIT,188.545,188.612,187.942,0,1.651,0.859,188.545,0.25,0,0.75,0.72,4,0,0,1,0.0,0,0.601,0.373,1,0.601,0.216,0.319,0.397,0.25,0.0,188.545,0.752,0.728,1,-2,0.977,0,4429,0.45,1.45,3,0.0,0.7,0.0,0.12,0.374,1.0,0,1.0,16.0,106.9
35933,NVDAm_20251009100000_0,NVDAm,BREAKOUT,BUY,-1,2025.10.09 10:00:00,2025.10.09 13:48:38,228,191.18,193.72,254.0,1270.0,0.986,2.494,TP_HIT,188.545,188.612,187.942,0,1.651,0.859,188.545,0.25,0,0.75,0.72,4,0,0,1,0.0,3,0.735,0.447,1,0.36,0.616,0.319,0.397,0.25,0.0394,188.545,0.752,1.071,1,-2,0.977,0,4429,0.557,1.43,3,0.0,0.7,0.0,0.12,0.374,1.0,0,1.0,16.0,106.9
35946,NVDAm_20251009110001_7,NVDAm,ANCHORED_PULLBACK,BUY,-1,2025.10.09 11:00:01,2025.10.09 13:49:40,169,191.6,193.96,236.0,1180.0,0.875,2.285,TP_HIT,188.6,188.7,187.9,0,2.304,1.332,188.6,0.2,0,1.0,0.93,4,0,0,1,0.0,0,0.562,0.432,1,0.562,0.279,0.15,0.238,0.0,0.0,188.6,0.754,1.084,1,-2,0.977,0,4430,0.472,1.09,3,0.0,0.7,0.0,0.12,0.374,1.0,0,1.0,16.0,106.9
35943,NVDAm_20251009110000_2,NVDAm,PULLBACK,BUY,-1,2025.10.09 11:00:00,2025.10.09 13:51:16,171,191.61,194.75,314.0,1570.0,0.885,2.965,TP_HIT,188.6,188.7,187.9,0,2.304,1.332,188.6,0.2,0,1.0,0.93,4,0,0,1,0.0,2,0.971,0.58,2,0.53,0.979,0.15,0.238,0.0,0.1264,188.6,0.754,1.478,1,-2,0.977,0,4430,0.739,1.25,3,0.0,0.7,0.0,0.12,0.374,1.0,0,1.0,16.0,106.9
35972,NVDAm_20251009140000_0,NVDAm,BREAKOUT,BUY,-1,2025.10.09 14:00:00,2025.10.09 14:01:46,1,194.48,193.88,-60.0,-300.0,0.426,0.007,SL_HIT,191.872,193.98,190.508,0,0.341,0.705,195.096,0.7,0,1.0,1.0,0,0,0,1,0.0,0,0.534,0.373,1,0.534,0.3,0.0,0.192,0.0,0.0,195.096,0.72,0.712,1,-1,0.987,0,4433,0.493,1.29,0,0.0,0.3,0.0,0.187,0.534,1.0,1,1.0,16.0,136.2
35973,NVDAm_20251009140000_0,NVDAm,BREAKOUT,BUY,0,2025.10.09 14:00:00,2025.10.09 14:01:46,1,194.48,193.88,-60.0,-300.0,0.426,0.007,SL_HIT,191.872,193.98,190.508,0,0.341,0.705,195.096,0.7,0,1.0,1.0,0,0,0,1,0.0,0,0.534,0.373,1,0.534,0.3,0.0,0.192,0.0,0.0,195.096,0.72,0.712,1,-1,0.987,0,4433,0.493,1.29,0,0.0,0.3,0.0,0.187,0.534,1.0,1,1.0,16.0,136.2
35974,NVDAm_20251009140000_0,NVDAm,BREAKOUT,BUY,1,2025.10.09 14:00:00,2025.10.09 14:01:46,1,194.48,193.88,-60.0,-300.0,0.426,0.007,SL_HIT,191.872,193.98,190.508,0,0.341,0.705,195.096,0.7,0,1.0,1.0,0,0,0,1,0.0,0,0.534,0.373,1,0.534,0.3,0.0,0.192,0.0,0.0,195.096,0.72,0.712,1,-1,0.987,0,4433,0.493,1.29,0,0.0,0.3,0.0,0.187,0.534,1.0,1,1.0,16.0,136.2
35977,NVDAm_20251009140031_3,NVDAm,TREND_CONTINUATION,BUY,1,2025.10.09 14:00:31,2025.10.09 14:01:56,1,194.43,193.79,-64.0,-320.0,0.455,0.0,SL_HIT,191.872,193.98,190.508,0,0.341,0.705,195.096,0.7,0,1.0,1.0,0,0,0,1,0.0,0,0.534,0.371,1,0.534,0.3,0.0,0.192,0.0,0.0,193.856,0.55,0.697,1,-1,0.987,0,4433,0.566,2.08,0,0.0,0.3,0.0,0.187,0.534,1.0,1,1.0,16.0,136.2
35975,NVDAm_20251009140031_3,NVDAm,TREND_CONTINUATION,BUY,-1,2025.10.09 14:00:31,2025.10.09 14:35:17,34,194.43,192.8,-163.0,-815.0,1.189,0.037,SL_HIT,191.872,193.98,190.508,0,0.341,0.705,195.096,0.7,0,1.0,1.0,0,0,0,1,0.0,0,0.534,0.371,1,0.534,0.3,0.0,0.192,0.0,0.0,193.856,0.55,0.697,1,-1,0.987,0,4433,0.566,2.08,0,0.0,0.3,0.0,0.265,0.534,1.0,1,1.0,16.0,136.2
35976,NVDAm_20251009140031_3,NVDAm,TREND_CONTINUATION,BUY,0,2025.10.09 14:00:31,2025.10.09 14:35:17,34,194.43,192.8,-163.0,-815.0,1.189,0.037,SL_HIT,191.872,193.98,190.508,0,0.341,0.705,195.096,0.7,0,1.0,1.0,0,0,0,1,0.0,0,0.534,0.371,1,0.534,0.3,0.0,0.192,0.0,0.0,193.856,0.55,0.697,1,-1,0.987,0,4433,0.566,2.08,0,0.0,0.3,0.0,0.265,0.534,1.0,1,1.0,16.0,136.2
35983,NVDAm_20251009143459_1,NVDAm,BREAKOUT_RETEST,BUY,0,2025.10.09 14:34:59,2025.10.09 14:55:59,21,193.2,193.56,36.0,180.0,0.8,0.301,TRAIL_STOP,191.872,193.98,190.508,1,0.341,0.705,195.096,0.7,0,1.0,1.0,0,0,0,1,0.0,0,0.534,0.368,1,0.534,0.3,0.0,0.289,0.0,0.0,191.872,0.7,0.671,1,-1,0.987,0,4433,0.601,2.05,0,0.0,0.3,0.0,0.243,0.534,1.0,1,1.0,16.0,136.2
35984,NVDAm_20251009143459_1,NVDAm,BREAKOUT_RETEST,BUY,1,2025.10.09 14:35:00,2025.10.09 15:01:29,26,193.2,194.23,103.0,505.0,0.8,0.866,TRAIL_STOP,191.872,193.98,190.508,1,0.341,0.705,195.096,0.7,0,1.0,1.0,0,0,0,1,0.0,0,0.534,0.368,1,0.534,0.3,0.0,0.289,0.0,0.0,191.872,0.7,0.671,1,-1,0.987,0,4433,0.601,2.05,6,0.3,0.3,0.495,0.44,0.572,1.0,1,1.0,16.0,148.9
35990,NVDAm_20251009160055_7,NVDAm,ANCHORED_PULLBACK,BUY,0,2025.10.09 16:00:55,2025.10.09 16:01:23,0,194.25,194.04,-21.0,-105.0,0.123,0.0,SL_HIT,193.9935,194.774,192.767,1,0.069,1.661,193.9935,0.45,0,0.8,1.0,0,0,0,1,0.0,0,0.636,0.3,0,0.636,0.3,0.0,0.014,0.0,0.0,194.774,0.6,0.18,1,-2,1.0,0,4435,0.54,0.82,0,0.0,0.3,0.0,0.014,0.636,0.8,1,1.0,16.0,154.7
35991,NVDAm_20251009160055_7,NVDAm,ANCHORED_PULLBACK,BUY,1,2025.10.09 16:00:55,2025.10.09 16:02:18,1,194.25,193.96,-29.0,-145.0,0.175,0.0,SL_HIT,193.9935,194.774,192.767,1,0.069,1.661,193.9935,0.45,0,0.8,1.0,0,0,0,1,0.0,0,0.636,0.3,0,0.636,0.3,0.0,0.014,0.0,0.0,194.774,0.6,0.18,1,-2,1.0,0,4435,0.54,0.82,0,0.0,0.3,0.0,0.014,0.636,0.8,1,1.0,16.0,154.7
35995,NVDAm_20251009160726_0,NVDAm,BREAKOUT,BUY,0,2025.10.09 16:07:26,2025.10.09 16:07:39,0,193.93,193.69,-24.0,-120.0,0.142,0.0,SL_HIT,193.9935,194.774,192.767,1,0.069,1.661,193.9935,0.45,0,0.8,1.0,0,0,0,1,0.0,0,0.636,0.309,0,0.636,0.3,0.0,0.054,0.0,0.0,192.767,0.6,0.259,1,-2,1.0,0,4435,0.317,3.34,0,0.0,0.3,0.0,0.054,0.636,0.8,1,1.0,16.0,154.7
35998,NVDAm_20251009160727_2,NVDAm,PULLBACK,BUY,0,2025.10.09 16:07:27,2025.10.09 16:07:39,0,193.92,193.69,-23.0,-115.0,0.136,0.0,SL_HIT,193.9935,194.774,192.767,1,0.069,1.661,193.9935,0.45,0,0.8,1.0,0,0,0,1,0.0,0,0.636,0.309,0,0.636,0.3,0.0,0.054,0.0,0.0,192.767,0.6,0.262,1,-2,1.0,0,4435,0.557,4.04,0,0.0,0.3,0.0,0.054,0.636,0.8,1,1.0,16.0,154.7
36001,NVDAm_20251009160728_3,NVDAm,TREND_CONTINUATION,BUY,0,2025.10.09 16:07:28,2025.10.09 16:07:39,0,193.91,193.69,-22.0,-110.0,0.129,0.0,SL_HIT,193.9935,194.774,192.767,1,0.069,1.661,193.9935,0.45,0,0.8,1.0,0,0,0,1,0.0,0,0.636,0.309,0,0.636,0.3,0.0,0.054,0.0,0.0,192.767,0.6,0.264,1,-2,1.0,0,4435,0.478,2.08,0,0.0,0.3,0.0,0.054,0.636,0.8,1,1.0,16.0,154.7
35996,NVDAm_20251009160726_0,NVDAm,BREAKOUT,BUY,1,2025.10.09 16:07:26,2025.10.09 16:14:26,7,193.93,194.35,42.0,210.0,0.155,0.362,TRAIL_STOP,193.9935,194.774,192.767,1,0.069,1.661,193.9935,0.45,0,0.8,1.0,0,0,0,1,0.0,0,0.636,0.309,0,0.636,0.3,0.0,0.054,0.0,0.0,192.767,0.6,0.259,1,-2,1.0,0,4435,0.317,3.34,0,0.0,0.3,0.0,0.157,0.636,0.8,1,1.0,16.0,154.7
35999,NVDAm_20251009160727_2,NVDAm,PULLBACK,BUY,1,2025.10.09 16:07:27,2025.10.09 16:14:26,6,193.92,194.35,43.0,215.0,0.149,0.368,TRAIL_STOP,193.9935,194.774,192.767,1,0.069,1.661,193.9935,0.45,0,0.8,1.0,0,0,0,1,0.0,0,0.636,0.309,0,0.636,0.3,0.0,0.054,0.0,0.0,192.767,0.6,0.262,1,-2,1.0,0,4435,0.557,4.04,0,0.0,0.3,0.0,0.157,0.636,0.8,1,1.0,16.0,154.7
36002,NVDAm_20251009160728_3,NVDAm,TREND_CONTINUATION,BUY,1,2025.10.09 16:07:28,2025.10.09 16:14:26,6,193.91,194.35,44.0,220.0,0.142,0.375,TRAIL_STOP,193.9935,194.774,192.767,1,0.069,1.661,193.9935,0.45,0,0.8,1.0,0,0,0,1,0.0,0,0.636,0.309,0,0.636,0.3,0.0,0.054,0.0,0.0,192.767,0.6,0.264,1,-2,1.0,0,4435,0.478,2.08,0,0.0,0.3,0.0,0.157,0.636,0.8,1,1.0,16.0,154.7
35989,NVDAm_20251009160055_7,NVDAm,ANCHORED_PULLBACK,BUY,-1,2025.10.09 16:00:55,2025.10.09 16:23:03,22,194.25,193.61,-64.0,-320.0,0.407,0.155,SL_HIT,193.9935,194.774,192.767,1,0.069,1.661,193.9935,0.45,0,0.8,1.0,0,0,0,1,0.0,0,0.636,0.3,0,0.636,0.3,0.0,0.014,0.0,0.0,194.774,0.6,0.18,1,-2,1.0,0,4435,0.54,0.82,0,0.0,0.3,0.0,0.138,0.636,0.8,1,1.0,16.0,154.7
36011,NVDAm_20251009163459_1,NVDAm,BREAKOUT_RETEST,BUY,0,2025.10.09 16:34:59,2025.10.09 16:35:31,0,193.91,193.7,-21.0,-105.0,0.123,0.0,SL_HIT,193.9935,194.774,192.767,1,0.069,1.661,193.9935,0.45,0,0.8,1.0,0,0,0,1,0.0,0,0.636,0.309,0,0.636,0.3,0.0,0.054,0.0,0.0,192.767,0.6,0.264,1,-2,1.0,0,4435,0.503,1.78,0,0.0,0.3,0.0,0.054,0.636,0.8,1,1.0,16.0,154.7
36012,NVDAm_20251009163459_1,NVDAm,BREAKOUT_RETEST,BUY,1,2025.10.09 16:34:59,2025.10.09 16:37:59,3,193.91,193.63,-28.0,-140.0,0.162,0.0,SL_HIT,193.9935,194.774,192.767,1,0.069,1.661,193.9935,0.45,0,0.8,1.0,0,0,0,1,0.0,0,0.636,0.309,0,0.636,0.3,0.0,0.054,0.0,0.0,192.767,0.6,0.264,1,-2,1.0,0,4435,0.503,1.78,0,0.0,0.3,0.0,0.138,0.636,0.8,1,1.0,16.0,154.7
35994,NVDAm_20251009160726_0,NVDAm,BREAKOUT,BUY,-1,2025.10.09 16:07:26,2025.10.09 16:57:59,50,193.93,192.77,-116.0,-580.0,0.724,0.362,SL_HIT,193.9935,194.774,192.767,1,0.069,1.661,193.9935,0.45,0,0.8,1.0,0,0,0,1,0.0,0,0.636,0.309,0,0.636,0.3,0.0,0.054,0.0,0.0,192.767,0.6,0.259,1,-2,1.0,0,4435,0.317,3.34,0,0.0,0.3,0.0,0.235,0.636,0.8,1,1.0,16.0,154.7
35997,NVDAm_20251009160727_2,NVDAm,PULLBACK,BUY,-1,2025.10.09 16:07:27,2025.10.09 16:57:59,50,193.92,192.77,-115.0,-575.0,0.717,0.368,SL_HIT,193.9935,194.774,192.767,1,0.069,1.661,193.9935,0.45,0,0.8,1.0,0,0,0,1,0.0,0,0.636,0.309,0,0.636,0.3,0.0,0.054,0.0,0.0,192.767,0.6,0.262,1,-2,1.0,0,4435,0.557,4.04,0,0.0,0.3,0.0,0.235,0.636,0.8,1,1.0,16.0,154.7
36010,NVDAm_20251009163459_1,NVDAm,BREAKOUT_RETEST,BUY,-1,2025.10.09 16:34:59,2025.10.09 16:57:59,23,193.91,192.77,-114.0,-570.0,0.711,0.0,SL_HIT,193.9935,194.774,192.767,1,0.069,1.661,193.9935,0.45,0,0.8,1.0,0,0,0,1,0.0,0,0.636,0.309,0,0.636,0.3,0.0,0.054,0.0,0.0,192.767,0.6,0.264,1,-2,1.0,0,4435,0.503,1.78,0,0.0,0.3,0.0,0.235,0.636,0.8,1,1.0,16.0,154.7
36019,NVDAm_20251009165829_4,NVDAm,SWEEP_REVERSAL,BUY,0,2025.10.09 16:58:29,2025.10.09 16:58:40,0,192.91,192.68,-23.0,-115.0,0.129,0.0,SL_HIT,193.9935,194.774,192.767,0,0.069,1.661,193.9935,0.45,0,0.8,1.0,0,0,0,1,0.0,0,0.636,0.325,0,0.636,0.3,0.0,0.199,0.0,0.0,193.9935,0.71,0.399,1,-2,1.0,0,4435,0.081,0.8,0,0.0,0.3,0.0,0.199,0.636,0.8,0,1.0,16.0,154.7
36020,NVDAm_20251009165829_4,NVDAm,SWEEP_REVERSAL,BUY,1,2025.10.09 16:58:29,2025.10.09 16:59:55,1,192.91,192.7,-21.0,-105.0,0.149,0.0,SL_HIT,193.9935,194.774,192.767,0,0.069,1.661,193.9935,0.45,0,0.8,1.0,0,0,0,1,0.0,0,0.636,0.325,0,0.636,0.3,0.0,0.199,0.0,0.0,193.9935,0.71,0.399,1,-2,1.0,0,4435,0.081,0.8,0,0.0,0.3,0.0,0.199,0.636,0.8,0,1.0,16.0,154.7
36024,NVDAm_20251009181318_5,NVDAm,MEAN_REVERSION,BUY,0,2025.10.09 18:13:18,2025.10.09 18:20:18,7,192.98,192.84,-14.0,-70.0,0.22,0.0,SL_HIT,194.189,194.378,192.866,0,0.505,0.447,194.189,0.6,0,1.0,0.825,2,0,0,1,0.0,0,0.561,0.311,0,0.561,0.247,0.088,0.19,0.25,0.0,194.189,0.755,0.325,1,-2,1.0,0,4437,0.543,1.18,0,0.25,0.247,0.088,0.19,0.561,1.0,0,0.825,16.0,145.6
36025,NVDAm_20251009181318_5,NVDAm,MEAN_REVERSION,BUY,1,2025.10.09 18:13:18,2025.10.09 18:20:35,7,192.98,192.77,-21.0,-105.0,0.22,0.0,SL_HIT,194.189,194.378,192.866,0,0.505,0.447,194.189,0.6,0,1.0,0.825,2,0,0,1,0.0,0,0.561,0.311,0,0.561,0.247,0.088,0.19,0.25,0.0,194.189,0.755,0.325,1,-2,1.0,0,4437,0.543,1.18,0,0.25,0.247,0.088,0.19,0.561,1.0,0,0.825,16.0,145.6
36029,NVDAm_20251009182840_3,NVDAm,TREND_CONTINUATION,BUY,0,2025.10.09 18:28:40,2025.10.09 18:30:00,1,192.59,192.45,-14.0,-70.0,0.11,0.0,SL_HIT,194.189,194.378,192.866,0,0.505,0.447,194.189,0.6,0,1.0,0.825,2,0,0,1,0.0,0,0.561,0.33,0,0.561,0.247,0.088,0.311,0.25,0.0,194.189,0.755,0.49,1,-2,1.0,0,4437,0.536,1.01,0,0.25,0.247,0.088,0.311,0.561,1.0,0,0.825,16.0,145.6
36030,NVDAm_20251009182840_3,NVDAm,TREND_CONTINUATION,BUY,1,2025.10.09 18:28:40,2025.10.09 18:31:30,2,192.59,192.38,-21.0,-105.0,0.137,0.0,SL_HIT,194.189,194.378,192.866,0,0.505,0.447,194.189,0.6,0,1.0,0.825,2,0,0,1,0.0,0,0.561,0.33,0,0.561,0.247,0.088,0.311,0.25,0.0,194.189,0.755,0.49,1,-2,1.0,0,4437,0.536,1.01,0,0.25,0.247,0.088,0.311,0.561,1.0,0,0.825,16.0,145.6
36034,NVDAm_20251009185829_4,NVDAm,SWEEP_REVERSAL,BUY,0,2025.10.09 18:58:29,2025.10.09 18:59:27,0,192.69,192.48,-21.0,-105.0,0.137,0.0,SL_HIT,194.189,194.378,192.866,0,0.505,0.447,194.189,0.6,0,1.0,0.825,2,0,0,1,0.0,0,0.561,0.323,0,0.561,0.247,0.088,0.252,0.25,0.0,194.189,0.755,0.429,1,-2,1.0,0,4437,0.178,1.14,0,0.25,0.247,0.088,0.311,0.561,1.0,0,0.825,16.0,145.6
36038,NVDAm_20251009190000_1,NVDAm,BREAKOUT_RETEST,BUY,0,2025.10.09 19:00:00,2025.10.09 19:00:18,0,192.64,192.46,-18.0,-90.0,0.111,0.0,SL_HIT,192.76675,193.859,192.06,1,0.11,0.246,192.76675,0.7,0,1.0,1.0,0,0,0,1,0.0,2,1.0,0.437,1,0.343,1.0,0.157,0.294,0.45,0.1986,193.859,0.6,0.761,1,-2,1.0,0,4438,0.831,2.44,0,0.15,0.3,0.053,0.174,0.643,1.0,1,1.0,16.0,144.5
36041,NVDAm_20251009190004_2,NVDAm,PULLBACK,BUY,0,2025.10.09 19:00:04,2025.10.09 19:00:18,0,192.66,192.46,-20.0,-100.0,0.125,0.0,SL_HIT,192.76675,193.859,192.06,1,0.11,0.246,192.76675,0.7,0,1.0,1.0,0,0,0,1,0.0,0,0.643,0.367,1,0.643,0.3,0.053,0.174,0.15,0.0,192.06,0.6,0.536,1,-2,1.0,0,4438,0.632,7.42,0,0.15,0.3,0.053,0.174,0.643,1.0,1,1.0,16.0,144.5
36035,NVDAm_20251009185829_4,NVDAm,SWEEP_REVERSAL,BUY,1,2025.10.09 18:58:29,2025.10.09 19:00:34,2,192.69,192.4,-29.0,-145.0,0.185,0.0,SL_HIT,194.189,194.378,192.866,0,0.505,0.447,194.189,0.6,0,1.0,0.825,2,0,0,1,0.0,0,0.561,0.323,0,0.561,0.247,0.088,0.252,0.25,0.0,194.189,0.755,0.429,1,-2,1.0,0,4437,0.178,1.14,0,0.15,0.3,0.053,0.217,0.643,1.0,1,1.0,16.0,144.5
36039,NVDAm_20251009190000_1,NVDAm,BREAKOUT_RETEST,BUY,1,2025.10.09 19:00:00,2025.10.09 19:00:36,0,192.64,192.38,-26.0,-130.0,0.166,0.0,SL_HIT,192.76675,193.859,192.06,1,0.11,0.246,192.76675,0.7,0,1.0,1.0,0,0,0,1,0.0,2,1.0,0.437,1,0.343,1.0,0.157,0.294,0.45,0.1986,193.859,0.6,0.761,1,-2,1.0,0,4438,0.831,2.44,0,0.15,0.3,0.053,0.217,0.643,1.0,1,1.0,16.0,144.5
36042,NVDAm_20251009190004_2,NVDAm,PULLBACK,BUY,1,2025.10.09 19:00:04,2025.10.09 19:00:36,0,192.66,192.38,-28.0,-140.0,0.18,0.0,SL_HIT,192.76675,193.859,192.06,1,0.11,0.246,192.76675,0.7,0,1.0,1.0,0,0,0,1,0.0,0,0.643,0.367,1,0.643,0.3,0.053,0.174,0.15,0.0,192.06,0.6,0.536,1,-2,1.0,0,4438,0.632,7.42,0,0.15,0.3,0.053,0.217,0.643,1.0,1,1.0,16.0,144.5
36049,NVDAm_20251010100000_0,NVDAm,BREAKOUT,BUY,0,2025.10.10 10:00:00,2025.10.10 10:02:07,2,193.27,192.79,-48.0,-240.0,0.496,0.0,SL_HIT,192.72825,193.3965,192.1815,1,0.016,0.356,192.72825,0.5,0,0.8,1.0,0,0,0,1,0.0,0,0.704,0.307,0,0.704,0.3,0.0,0.074,0.0,0.0,192.1815,0.6,0.12,1,-1,1.0,0,4439,0.317,1.67,0,0.0,0.3,0.0,0.05,0.704,0.8,1,1.0,64.0,143.1
36052,NVDAm_20251010100040_2,NVDAm,PULLBACK,BUY,0,2025.10.10 10:00:40,2025.10.10 10:02:07,1,193.27,192.79,-48.0,-240.0,0.454,0.0,SL_HIT,192.72825,193.3965,192.1815,1,0.016,0.356,192.72825,0.5,0,0.8,1.0,0,0,0,1,0.0,0,0.704,0.307,0,0.704,0.3,0.0,0.074,0.0,0.0,192.1815,0.6,0.12,1,-1,1.0,0,4439,0.557,2.0,0,0.0,0.3,0.0,0.05,0.704,0.8,1,1.0,64.0,143.1
36055,NVDAm_20251010100045_3,NVDAm,TREND_CONTINUATION,BUY,0,2025.10.10 10:00:45,2025.10.10 10:02:07,1,193.26,192.79,-47.0,-235.0,0.426,0.0,SL_HIT,192.72825,193.3965,192.1815,1,0.016,0.356,192.72825,0.5,0,0.8,1.0,0,0,0,1,0.0,0,0.704,0.307,0,0.704,0.3,0.0,0.074,0.0,0.0,192.1815,0.6,0.118,1,-1,1.0,0,4439,0.477,2.08,0,0.0,0.3,0.0,0.05,0.704,0.8,1,1.0,64.0,143.1
36050,NVDAm_20251010100000_0,NVDAm,BREAKOUT,BUY,1,2025.10.10 10:00:00,2025.10.10 10:06:33,6,193.27,192.79,-48.0,-240.0,0.496,0.0,SL_HIT,192.72825,193.3965,192.1815,1,0.016,0.356,192.72825,0.5,0,0.8,1.0,0,0,0,1,0.0,0,0.704,0.307,0,0.704,0.3,0.0,0.074,0.0,0.0,192.1815,0.6,0.12,1,-1,1.0,0,4439,0.317,1.67,0,0.0,0.3,0.0,0.05,0.704,0.8,1,1.0,64.0,143.1
36053,NVDAm_20251010100040_2,NVDAm,PULLBACK,BUY,1,2025.10.10 10:00:40,2025.10.10 10:06:33,5,193.27,192.79,-48.0,-240.0,0.454,0.0,SL_HIT,192.72825,193.3965,192.1815,1,0.016,0.356,192.72825,0.5,0,0.8,1.0,0,0,0,1,0.0,0,0.704,0.307,0,0.704,0.3,0.0,0.074,0.0,0.0,192.1815,0.6,0.12,1,-1,1.0,0,4439,0.557,2.0,0,0.0,0.3,0.0,0.05,0.704,0.8,1,1.0,64.0,143.1
36056,NVDAm_20251010100045_3,NVDAm,TREND_CONTINUATION,BUY,1,2025.10.10 10:00:45,2025.10.10 10:06:33,5,193.26,192.79,-47.0,-235.0,0.426,0.0,SL_HIT,192.72825,193.3965,192.1815,1,0.016,0.356,192.72825,0.5,0,0.8,1.0,0,0,0,1,0.0,0,0.704,0.307,0,0.704,0.3,0.0,0.074,0.0,0.0,192.1815,0.6,0.118,1,-1,1.0,0,4439,0.477,2.08,0,0.0,0.3,0.0,0.05,0.704,0.8,1,1.0,64.0,143.1
36064,NVDAm_20251010120000_0,NVDAm,BREAKOUT,BUY,0,2025.10.10 12:00:00,2025.10.10 12:00:23,0,194.2,193.49,-71.0,-355.0,0.496,0.0,SL_HIT,192.7915,193.061,192.291,0,0.497,0.001,192.7915,0.5,0,0.858,0.7722,0,0,0,1,0.0,2,0.886,0.428,1,0.714,0.932,0.182,0.295,0.15,0.125,192.7915,0.735,0.329,1,-2,1.0,0,4441,0.564,4.19,0,0.15,0.232,0.182,0.221,0.724,0.858,0,0.7722,64.0,139.2
36065,NVDAm_20251010120000_0,NVDAm,BREAKOUT,BUY,1,2025.10.10 12:00:00,2025.10.10 12:00:59,0,194.2,193.39,-81.0,-405.0,0.539,0.0,SL_HIT,192.7915,193.061,192.291,0,0.497,0.001,192.7915,0.5,0,0.858,0.7722,0,0,0,1,0.0,2,0.886,0.428,1,0.714,0.932,0.182,0.295,0.15,0.125,192.7915,0.735,0.329,1,-2,1.0,0,4441,0.564,4.19,0,0.15,0.232,0.182,0.255,0.724,0.858,0,0.7722,64.0,139.2
36068,NVDAm_20251010120041_2,NVDAm,PULLBACK,BUY,0,2025.10.10 12:00:41,2025.10.10 12:00:59,0,194.09,193.39,-70.0,-350.0,0.453,0.0,SL_HIT,192.7915,193.061,192.291,0,0.497,0.001,192.7915,0.5,0,0.858,0.7722,0,0,0,1,0.0,0,0.724,0.371,1,0.724,0.232,0.182,0.221,0.15,0.0,192.7915,0.735,0.19,1,-2,1.0,0,4441,0.42,5.79,0,0.15,0.232,0.182,0.255,0.724,0.858,0,0.7722,64.0,139.2
36063,NVDAm_20251010120000_0,NVDAm,BREAKOUT,BUY,-1,2025.10.10 12:00:00,2025.10.10 12:01:00,1,194.2,193.36,-84.0,-420.0,0.582,0.0,SL_HIT,192.7915,193.061,192.291,0,0.497,0.001,192.7915,0.5,0,0.858,0.7722,0,0,0,1,0.0,2,0.886,0.428,1,0.714,0.932,0.182,0.295,0.15,0.125,192.7915,0.735,0.329,1,-2,1.0,0,4441,0.564,4.19,0,0.15,0.232,0.182,0.316,0.724,0.858,0,0.7722,64.0,139.2
36067,NVDAm_20251010120041_2,NVDAm,PULLBACK,BUY,-1,2025.10.10 12:00:41,2025.10.10 12:01:00,0,194.09,193.36,-73.0,-365.0,0.503,0.0,SL_HIT,192.7915,193.061,192.291,0,0.497,0.001,192.7915,0.5,0,0.858,0.7722,0,0,0,1,0.0,0,0.724,0.371,1,0.724,0.232,0.182,0.221,0.15,0.0,192.7915,0.735,0.19,1,-2,1.0,0,4441,0.42,5.79,0,0.15,0.232,0.182,0.316,0.724,0.858,0,0.7722,64.0,139.2
36069,NVDAm_20251010120041_2,NVDAm,PULLBACK,BUY,1,2025.10.10 12:00:41,2025.10.10 12:01:00,0,194.09,193.36,-73.0,-365.0,0.503,0.0,SL_HIT,192.7915,193.061,192.291,0,0.497,0.001,192.7915,0.5,0,0.858,0.7722,0,0,0,1,0.0,0,0.724,0.371,1,0.724,0.232,0.182,0.221,0.15,0.0,192.7915,0.735,0.19,1,-2,1.0,0,4441,0.42,5.79,0,0.15,0.232,0.182,0.316,0.724,0.858,0,0.7722,64.0,139.2
36071,NVDAm_20251010120046_3,NVDAm,TREND_CONTINUATION,BUY,0,2025.10.10 12:00:46,2025.10.10 12:01:33,0,194.1,193.33,-77.0,-385.0,0.539,0.0,SL_HIT,192.7915,193.061,192.291,0,0.497,0.001,192.7915,0.5,0,0.858,0.7722,0,0,0,1,0.0,0,0.724,0.371,1,0.724,0.232,0.182,0.221,0.15,0.0,192.7915,0.735,0.193,1,-2,1.0,0,4441,0.493,2.08,0,0.15,0.232,0.182,0.316,0.724,0.858,0,0.7722,64.0,139.2
36072,NVDAm_20251010120046_3,NVDAm,TREND_CONTINUATION,BUY,1,2025.10.10 12:00:46,2025.10.10 12:24:25,23,194.1,193.53,-57.0,-285.0,0.589,0.0,SL_HIT,192.7915,193.061,192.291,0,0.497,0.001,192.7915,0.5,0,0.858,0.7722,0,0,0,1,0.0,0,0.724,0.371,1,0.724,0.232,0.182,0.221,0.15,0.0,192.7915,0.735,0.193,1,-2,1.0,0,4441,0.493,2.08,0,0.15,0.232,0.182,0.295,0.724,0.858,0,0.7722,64.0,139.2
36070,NVDAm_20251010120046_3,NVDAm,TREND_CONTINUATION,BUY,-1,2025.10.10 12:00:46,2025.10.10 13:30:34,89,194.1,192.41,-169.0,-845.0,1.192,0.0,SL_HIT,192.7915,193.061,192.291,0,0.497,0.001,192.7915,0.5,0,0.858,0.7722,0,0,0,1,0.0,0,0.724,0.371,1,0.724,0.232,0.182,0.221,0.15,0.0,192.7915,0.735,0.193,1,-2,1.0,0,4441,0.493,2.08,0,0.4,0.071,0.289,0.363,0.742,0.263,1,-0.2352,64.0,137.6
36000,NVDAm_20251009160728_3,NVDAm,TREND_CONTINUATION,BUY,-1,2025.10.09 16:07:28,2025.10.10 13:30:38,1283,193.91,192.05,-186.0,-949.0,1.196,0.375,SL_HIT,193.9935,194.774,192.767,1,0.069,1.661,193.9935,0.45,0,0.8,1.0,0,0,0,1,0.0,0,0.636,0.309,0,0.636,0.3,0.0,0.054,0.0,0.0,192.767,0.6,0.264,1,-2,1.0,0,4435,0.478,2.08,0,0.4,0.071,0.289,0.387,0.742,0.263,0,-0.2352,64.0,137.6
36037,NVDAm_20251009190000_1,NVDAm,BREAKOUT_RETEST,BUY,-1,2025.10.09 19:00:00,2025.10.10 13:30:38,1110,192.64,192.05,-59.0,-314.0,0.367,0.713,SL_HIT,192.76675,193.859,192.06,1,0.11,0.246,192.76675,0.7,0,1.0,1.0,0,0,0,1,0.0,2,1.0,0.437,1,0.343,1.0,0.157,0.294,0.45,0.1986,193.859,0.6,0.761,1,-2,1.0,0,4438,0.831,2.44,0,0.4,0.071,0.289,0.387,0.742,0.263,0,-0.2352,64.0,137.6
36040,NVDAm_20251009190004_2,NVDAm,PULLBACK,BUY,-1,2025.10.09 19:00:04,2025.10.10 13:30:38,1110,192.66,192.05,-61.0,-324.0,0.381,0.699,SL_HIT,192.76675,193.859,192.06,1,0.11,0.246,192.76675,0.7,0,1.0,1.0,0,0,0,1,0.0,0,0.643,0.367,1,0.643,0.3,0.053,0.174,0.15,0.0,192.06,0.6,0.536,1,-2,1.0,0,4438,0.632,7.42,0,0.4,0.071,0.289,0.387,0.742,0.263,0,-0.2352,64.0,137.6
36018,NVDAm_20251009165829_4,NVDAm,SWEEP_REVERSAL,BUY,-1,2025.10.09 16:58:29,2025.10.10 13:58:37,1260,192.91,194.16,125.0,606.0,0.627,0.795,TP_HIT,193.9935,194.774,192.767,0,0.069,1.661,193.9935,0.45,0,0.8,1.0,0,0,0,1,0.0,0,0.636,0.325,0,0.636,0.3,0.0,0.199,0.0,0.0,193.9935,0.71,0.399,1,-2,1.0,0,4435,0.081,0.8,0,0.4,0.071,0.289,0.364,0.742,0.263,0,-0.2352,16.0,137.6
36023,NVDAm_20251009181318_5,NVDAm,MEAN_REVERSION,BUY,-1,2025.10.09 18:13:18,2025.10.10 14:10:24,1197,192.98,194.35,137.0,666.0,0.714,0.934,TP_HIT,194.189,194.378,192.866,0,0.505,0.447,194.189,0.6,0,1.0,0.825,2,0,0,1,0.0,0,0.561,0.311,0,0.561,0.247,0.088,0.19,0.25,0.0,194.189,0.755,0.325,1,-2,1.0,0,4437,0.543,1.18,0,0.15,0.216,0.244,0.34,0.688,0.75,0,-0.72,16.0,150.4
36028,NVDAm_20251009182840_3,NVDAm,TREND_CONTINUATION,BUY,-1,2025.10.09 18:28:40,2025.10.10 14:10:24,1181,192.59,194.35,176.0,861.0,0.447,1.202,TP_HIT,194.189,194.378,192.866,0,0.505,0.447,194.189,0.6,0,1.0,0.825,2,0,0,1,0.0,0,0.561,0.33,0,0.561,0.247,0.088,0.311,0.25,0.0,194.189,0.755,0.49,1,-2,1.0,0,4437,0.536,1.01,0,0.15,0.216,0.244,0.34,0.688,0.75,0,-0.72,16.0,150.4
36033,NVDAm_20251009185829_4,NVDAm,SWEEP_REVERSAL,BUY,-1,2025.10.09 18:58:29,2025.10.10 14:10:24,1151,192.69,194.35,166.0,811.0,0.515,1.133,TP_HIT,194.189,194.378,192.866,0,0.505,0.447,194.189,0.6,0,1.0,0.825,2,0,0,1,0.0,0,0.561,0.323,0,0.561,0.247,0.088,0.252,0.25,0.0,194.189,0.755,0.429,1,-2,1.0,0,4437,0.178,1.14,0,0.15,0.216,0.244,0.34,0.688,0.75,0,-0.72,16.0,150.4
36088,NVDAm_20251010140000_7,NVDAm,ANCHORED_PULLBACK,BUY,-1,2025.10.10 14:00:00,2025.10.10 14:13:40,13,194.17,195.08,91.0,455.0,0.273,0.565,TP_HIT,193.13175,193.4155,192.394,0,0.502,0.049,194.15325,0.45,2,0.75,-0.72,0,0,0,1,0.0,0,0.688,0.402,1,0.688,0.216,0.244,0.337,0.15,0.0,193.13175,0.7,0.273,1,-2,1.0,0,4443,0.264,1.98,0,0.15,0.216,0.244,0.34,0.688,0.75,0,-0.72,16.0,150.4
36089,NVDAm_20251010140000_7,NVDAm,ANCHORED_PULLBACK,BUY,0,2025.10.10 14:00:00,2025.10.10 14:13:40,13,194.17,195.08,91.0,455.0,0.273,0.565,TP_HIT,193.13175,193.4155,192.394,0,0.502,0.049,194.15325,0.45,2,0.75,-0.72,0,0,0,1,0.0,0,0.688,0.402,1,0.688,0.216,0.244,0.337,0.15,0.0,193.13175,0.7,0.273,1,-2,1.0,0,4443,0.264,1.98,0,0.15,0.216,0.244,0.34,0.688,0.75,0,-0.72,16.0,150.4
36090,NVDAm_20251010140000_7,NVDAm,ANCHORED_PULLBACK,BUY,1,2025.10.10 14:00:00,2025.10.10 14:13:40,13,194.17,195.08,91.0,455.0,0.273,0.565,TP_HIT,193.13175,193.4155,192.394,0,0.502,0.049,194.15325,0.45,2,0.75,-0.72,0,0,0,1,0.0,0,0.688,0.402,1,0.688,0.216,0.244,0.337,0.15,0.0,193.13175,0.7,0.273,1,-2,1.0,0,4443,0.264,1.98,0,0.15,0.216,0.244,0.34,0.688,0.75,0,-0.72,16.0,150.4
36086,NVDAm_20251010140000_0,NVDAm,BREAKOUT,BUY,0,2025.10.10 14:00:00,2025.10.10 14:33:39,33,194.16,195.08,92.0,460.0,0.266,0.851,TRAIL_STOP,193.13175,193.4155,192.394,0,0.502,0.049,194.15325,0.45,2,0.75,-0.72,0,0,0,1,0.0,0,0.688,0.401,1,0.688,0.516,0.244,0.337,0.15,0.0568,193.13175,0.7,0.27,1,-2,1.0,0,4443,0.425,4.15,0,0.15,0.216,0.244,0.34,0.688,0.75,0,-0.72,16.0,150.4
36087,NVDAm_20251010140000_0,NVDAm,BREAKOUT,BUY,1,2025.10.10 14:00:00,2025.10.10 14:33:39,33,194.16,195.08,92.0,460.0,0.266,0.851,TRAIL_STOP,193.13175,193.4155,192.394,0,0.502,0.049,194.15325,0.45,2,0.75,-0.72,0,0,0,1,0.0,0,0.688,0.401,1,0.688,0.516,0.244,0.337,0.15,0.0568,193.13175,0.7,0.27,1,-2,1.0,0,4443,0.425,4.15,0,0.15,0.216,0.244,0.34,0.688,0.75,0,-0.72,16.0,150.4
36099,NVDAm_20251010150000_1,NVDAm,BREAKOUT_RETEST,BUY,-1,2025.10.10 15:00:00,2025.10.10 15:00:39,0,194.24,193.38,-86.0,-425.0,0.551,0.0,SL_HIT,194.1775,195.52,193.372,1,0.063,0.981,194.1775,0.6,1,0.144,0.0,0,0,0,1,0.0,0,0.521,0.328,0,0.521,0.3,0.215,0.283,0.3,0.7301,193.372,0.6,0.418,1,-2,1.0,0,4444,0.246,2.92,0,0.0,0.0,0.11,0.012,0.821,0.144,1,0.0,16.0,154.3
36100,NVDAm_20251010150000_1,NVDAm,BREAKOUT_RETEST,BUY,0,2025.10.10 15:00:00,2025.10.10 15:00:40,0,194.23,193.37,-86.0,-430.0,0.551,0.0,SL_HIT,194.1775,195.52,193.372,1,0.063,0.981,194.1775,0.6,1,0.144,0.0,0,0,0,1,0.0,0,0.521,0.328,0,0.521,0.3,0.215,0.283,0.3,0.7301,193.372,0.6,0.418,1,-2,1.0,0,4444,0.246,2.92,0,0.0,0.0,0.11,0.106,0.821,0.144,0,0.0,16.0,154.3
36101,NVDAm_20251010150000_1,NVDAm,BREAKOUT_RETEST,BUY,1,2025.10.10 15:00:00,2025.10.10 15:00:40,0,194.23,193.37,-86.0,-435.0,0.551,0.0,SL_HIT,194.1775,195.52,193.372,1,0.063,0.981,194.1775,0.6,1,0.144,0.0,0,0,0,1,0.0,0,0.521,0.328,0,0.521,0.3,0.215,0.283,0.3,0.7301,193.372,0.6,0.418,1,-2,1.0,0,4444,0.246,2.92,0,0.0,0.0,0.11,0.106,0.821,0.144,0,0.0,16.0,154.3
36085,NVDAm_20251010140000_0,NVDAm,BREAKOUT,BUY,-1,2025.10.10 14:00:00,2025.10.10 15:00:43,60,194.16,193.11,-105.0,-525.0,0.578,0.904,SL_HIT,193.13175,193.4155,192.394,0,0.502,0.049,194.15325,0.45,2,0.75,-0.72,0,0,0,1,0.0,0,0.688,0.401,1,0.688,0.516,0.244,0.337,0.15,0.0568,193.13175,0.7,0.27,1,-2,1.0,0,4443,0.425,4.15,0,0.0,0.0,0.11,0.102,0.821,0.144,0,0.0,16.0,154.3
35982,NVDAm_20251009143459_1,NVDAm,BREAKOUT_RETEST,BUY,-1,2025.10.09 14:34:59,2025.10.10 15:04:32,1469,193.2,191.89,-131.0,-674.0,0.947,1.703,SL_HIT,191.872,193.98,190.508,1,0.341,0.705,195.096,0.7,0,1.0,1.0,0,0,0,1,0.0,0,0.534,0.368,1,0.534,0.3,0.0,0.289,0.0,0.0,191.872,0.7,0.671,1,-1,0.987,0,4433,0.601,2.05,0,0.0,0.0,0.11,0.279,0.821,0.144,0,0.0,16.0,154.3
36054,NVDAm_20251010100045_3,NVDAm,TREND_CONTINUATION,BUY,-1,2025.10.10 10:00:45,2025.10.10 15:04:43,303,193.26,191.51,-175.0,-875.0,1.083,1.58,SL_HIT,192.72825,193.3965,192.1815,1,0.016,0.356,192.72825,0.5,0,0.8,1.0,0,0,0,1,0.0,0,0.704,0.307,0,0.704,0.3,0.0,0.074,0.0,0.0,192.1815,0.6,0.118,1,-1,1.0,0,4439,0.477,2.08,0,0.0,0.0,0.11,0.279,0.821,0.144,0,0.0,16.0,154.3
36048,NVDAm_20251010100000_0,NVDAm,BREAKOUT,BUY,-1,2025.10.10 10:00:00,2025.10.10 15:17:41,317,193.27,191.12,-215.0,-1075.0,1.496,1.573,SL_HIT,192.72825,193.3965,192.1815,1,0.016,0.356,192.72825,0.5,0,0.8,1.0,0,0,0,1,0.0,0,0.704,0.307,0,0.704,0.3,0.0,0.074,0.0,0.0,192.1815,0.6,0.12,1,-1,1.0,0,4439,0.317,1.67,0,0.0,0.0,0.11,0.279,0.821,0.144,0,0.0,16.0,154.3
36051,NVDAm_20251010100040_2,NVDAm,PULLBACK,BUY,-1,2025.10.10 10:00:40,2025.10.10 15:17:41,317,193.27,191.12,-215.0,-1075.0,1.496,1.573,SL_HIT,192.72825,193.3965,192.1815,1,0.016,0.356,192.72825,0.5,0,0.8,1.0,0,0,0,1,0.0,0,0.704,0.307,0,0.704,0.3,0.0,0.074,0.0,0.0,192.1815,0.6,0.12,1,-1,1.0,0,4439,0.557,2.0,0,0.0,0.0,0.11,0.279,0.821,0.144,0,0.0,16.0,154.3
36111,NVDAm_20251010155825_5,NVDAm,MEAN_REVERSION,BUY,0,2025.10.10 15:58:25,2025.10.10 16:01:15,2,189.01,188.98,-3.0,-20.0,0.104,0.363,SL_HIT,194.1775,195.52,193.372,0,0.063,0.981,194.1775,0.6,1,0.144,0.0,0,0,0,1,0.0,0,0.821,0.564,2,0.821,0.0,0.11,0.279,0.0,0.0,194.1775,0.757,1.518,1,-2,1.0,0,4444,0.798,4.32,6,0.3,0.206,0.405,0.45,0.58,0.675,1,-0.685,16.0,199.6
36114,NVDAm_20251010160139_4,NVDAm,SWEEP_REVERSAL,BUY,-1,2025.10.10 16:01:39,2025.10.10 16:04:15,2,189.41,188.79,-62.0,-310.0,0.291,0.01,SL_HIT,192.52675,195.52,188.6125,1,0.309,0.614,188.38225,0.75,2,0.675,-0.685,0,0,1,0,0.0,6,0.5,0.286,0,0.58,0.206,0.405,0.46,0.3,0.0,188.38225,0.746,0.361,1,-1,0.999,0,4445,0.463,5.4,6,0.3,0.206,0.405,0.45,0.58,0.675,1,-0.685,16.0,199.6
36115,NVDAm_20251010160139_4,NVDAm,SWEEP_REVERSAL,BUY,0,2025.10.10 16:01:39,2025.10.10 16:04:15,2,189.41,188.79,-62.0,-310.0,0.291,0.01,SL_HIT,192.52675,195.52,188.6125,1,0.309,0.614,188.38225,0.75,2,0.675,-0.685,0,0,1,0,0.0,6,0.5,0.286,0,0.58,0.206,0.405,0.46,0.3,0.0,188.38225,0.746,0.361,1,-1,0.999,0,4445,0.463,5.4,6,0.3,0.206,0.405,0.45,0.58,0.675,1,-0.685,16.0,199.6
36116,NVDAm_20251010160139_4,NVDAm,SWEEP_REVERSAL,BUY,1,2025.10.10 16:01:39,2025.10.10 16:04:15,2,189.41,188.79,-62.0,-320.0,0.291,0.01,SL_HIT,192.52675,195.52,188.6125,1,0.309,0.614,188.38225,0.75,2,0.675,-0.685,0,0,1,0,0.0,6,0.5,0.286,0,0.58,0.206,0.405,0.46,0.3,0.0,188.38225,0.746,0.361,1,-1,0.999,0,4445,0.463,5.4,6,0.3,0.206,0.405,0.45,0.58,0.675,1,-0.685,16.0,199.6
36112,NVDAm_20251010155825_5,NVDAm,MEAN_REVERSION,BUY,1,2025.10.10 15:58:25,2025.10.10 16:06:29,8,189.02,189.12,10.0,55.0,0.149,0.415,TRAIL_STOP,194.1775,195.52,193.372,0,0.063,0.981,194.1775,0.6,1,0.144,0.0,0,0,0,1,0.0,0,0.821,0.564,2,0.821,0.0,0.11,0.279,0.0,0.0,194.1775,0.757,1.518,1,-2,1.0,0,4444,0.798,4.32,6,0.3,0.206,0.405,0.46,0.58,0.675,1,-0.685,16.0,199.6
36110,NVDAm_20251010155825_5,NVDAm,MEAN_REVERSION,BUY,-1,2025.10.10 15:58:25,2025.10.10 16:48:28,50,189.01,187.78,-123.0,-615.0,0.791,0.493,SL_HIT,194.1775,195.52,193.372,0,0.063,0.981,194.1775,0.6,1,0.144,0.0,0,0,0,1,0.0,0,0.821,0.564,2,0.821,0.0,0.11,0.279,0.0,0.0,194.1775,0.757,1.518,1,-2,1.0,0,4444,0.798,4.32,6,0.3,0.206,0.405,0.53,0.58,0.675,0,-0.685,16.0,199.6
36123,NVDAm_20251010175825_5,NVDAm,MEAN_REVERSION,BUY,0,2025.10.10 17:58:25,2025.10.10 17:58:59,0,187.72,187.54,-18.0,-90.0,0.085,0.0,SL_HIT,189.30325,192.2965,186.31,1,0.455,0.198,189.30325,0.65,0,0.75,-0.545,0,0,0,0,0.0,0,0.655,0.301,0,0.655,0.164,0.14,0.356,0.4,0.0,186.31,0.6,0.328,1,-1,0.999,0,4446,0.603,1.19,0,0.4,0.164,0.14,0.356,0.655,0.75,1,-0.545,16.0,211.3
36124,NVDAm_20251010175825_5,NVDAm,MEAN_REVERSION,BUY,1,2025.10.10 17:58:25,2025.10.10 18:00:27,2,187.72,187.49,-23.0,-115.0,0.114,0.0,SL_HIT,189.30325,192.2965,186.31,1,0.455,0.198,189.30325,0.65,0,0.75,-0.545,0,0,0,0,0.0,0,0.655,0.301,0,0.655,0.164,0.14,0.356,0.4,0.0,186.31,0.6,0.328,1,-1,0.999,0,4446,0.603,1.19,0,0.25,0.174,0.088,0.187,0.624,0.55,1,-0.58,16.0,192.4
36122,NVDAm_20251010175825_5,NVDAm,MEAN_REVERSION,BUY,-1,2025.10.10 17:58:25,2025.10.10 19:28:27,90,187.72,186.26,-146.0,-730.0,0.682,0.227,SL_HIT,189.30325,192.2965,186.31,1,0.455,0.198,189.30325,0.65,0,0.75,-0.545,0,0,0,0,0.0,0,0.655,0.301,0,0.655,0.164,0.14,0.356,0.4,0.0,186.31,0.6,0.328,1,-1,0.999,0,4446,0.603,1.19,0,0.0,0.237,0.0,0.267,0.558,0.6,0,-0.79,16.0,187.1
36129,NVDAm_20251010192828_4,NVDAm,SWEEP_REVERSAL,BUY,0,2025.10.10 19:28:28,2025.10.10 19:28:36,0,186.39,186.14,-25.0,-125.0,0.128,0.0,SL_HIT,189.353,189.89,187.026,0,0.365,1.896,189.353,0.4,0,0.6,-0.79,0,0,0,0,0.0,0,0.558,0.382,1,0.558,0.237,0.0,0.267,0.0,0.0,187.742,0.55,0.724,1,-1,0.999,0,4448,0.095,0.81,0,0.0,0.237,0.0,0.267,0.558,0.6,0,-0.79,16.0,187.1
36130,NVDAm_20251010192828_4,NVDAm,SWEEP_REVERSAL,BUY,1,2025.10.10 19:28:28,2025.10.10 19:28:39,0,186.39,186.03,-36.0,-180.0,0.182,0.0,SL_HIT,189.353,189.89,187.026,0,0.365,1.896,189.353,0.4,0,0.6,-0.79,0,0,0,0,0.0,0,0.558,0.382,1,0.558,0.237,0.0,0.267,0.0,0.0,187.742,0.55,0.724,1,-1,0.999,0,4448,0.095,0.81,0,0.0,0.237,0.0,0.267,0.558,0.6,0,-0.79,16.0,187.1
36128,NVDAm_20251010192828_4,NVDAm,SWEEP_REVERSAL,BUY,-1,2025.10.10 19:28:28,2025.10.10 19:39:03,10,186.39,184.51,-188.0,-940.0,0.994,0.048,SL_HIT,189.353,189.89,187.026,0,0.365,1.896,189.353,0.4,0,0.6,-0.79,0,0,0,0,0.0,0,0.558,0.382,1,0.558,0.237,0.0,0.267,0.0,0.0,187.742,0.55,0.724,1,-1,0.999,0,4448,0.095,0.81,0,0.0,0.237,0.0,0.267,0.558,0.6,0,-0.79,16.0,187.1
36134,NVDAm_20251013140000_7,NVDAm,ANCHORED_PULLBACK,BUY,-1,2025.10.13 14:00:00,2025.10.13 14:15:05,15,189.66,189.12,-54.0,-270.0,0.248,0.164,SL_HIT,188.34625,188.908,187.4635,0,0.541,1.217,188.34625,0.45,0,1.0,-0.79,0,0,0,0,0.0,5,1.0,0.461,1,0.43,0.237,0.56,0.678,0.25,-0.5911,188.34625,0.732,0.196,1,1,0.985,0,4453,0.305,2.12,0,0.25,0.237,0.26,0.304,0.73,1.0,0,-0.79,16.0,213.4
36135,NVDAm_20251013140000_7,NVDAm,ANCHORED_PULLBACK,BUY,0,2025.10.13 14:00:00,2025.10.13 14:15:05,15,189.66,189.12,-54.0,-270.0,0.248,0.164,SL_HIT,188.34625,188.908,187.4635,0,0.541,1.217,188.34625,0.45,0,1.0,-0.79,0,0,0,0,0.0,5,1.0,0.461,1,0.43,0.237,0.56,0.678,0.25,-0.5911,188.34625,0.732,0.196,1,1,0.985,0,4453,0.305,2.12,0,0.25,0.237,0.26,0.304,0.73,1.0,0,-0.79,16.0,213.4
36136,NVDAm_20251013140000_7,NVDAm,ANCHORED_PULLBACK,BUY,1,2025.10.13 14:00:00,2025.10.13 14:15:05,15,189.66,189.12,-54.0,-275.0,0.248,0.164,SL_HIT,188.34625,188.908,187.4635,0,0.541,1.217,188.34625,0.45,0,1.0,-0.79,0,0,0,0,0.0,5,1.0,0.461,1,0.43,0.237,0.56,0.678,0.25,-0.5911,188.34625,0.732,0.196,1,1,0.985,0,4453,0.305,2.12,0,0.25,0.237,0.26,0.304,0.73,1.0,0,-0.79,16.0,213.4
36140,NVDAm_20251013150006_5,NVDAm,MEAN_REVERSION,BUY,-1,2025.10.13 15:00:06,2025.10.13 15:20:34,20,186.27,188.42,215.0,1075.0,0.071,0.896,TP_HIT,188.259,189.392,187.332,0,0.697,0.004,188.259,0.5,0,1.0,-0.9972,0,0,0,0,0.0,0,0.703,0.419,1,0.703,0.299,0.235,0.338,0.15,0.0,188.259,0.722,0.397,1,1,0.985,0,4454,0.617,1.13,0,0.15,0.299,0.235,0.152,0.703,1.0,1,-0.9972,16.0,237.8
36141,NVDAm_20251013150006_5,NVDAm,MEAN_REVERSION,BUY,0,2025.10.13 15:00:06,2025.10.13 15:20:34,20,186.27,188.42,215.0,1075.0,0.071,0.896,TP_HIT,188.259,189.392,187.332,0,0.697,0.004,188.259,0.5,0,1.0,-0.9972,0,0,0,0,0.0,0,0.703,0.419,1,0.703,0.299,0.235,0.338,0.15,0.0,188.259,0.722,0.397,1,1,0.985,0,4454,0.617,1.13,0,0.15,0.299,0.235,0.152,0.703,1.0,1,-0.9972,16.0,237.8
36142,NVDAm_20251013150006_5,NVDAm,MEAN_REVERSION,BUY,1,2025.10.13 15:00:06,2025.10.13 15:20:34,20,186.27,188.42,215.0,1075.0,0.071,0.896,TP_HIT,188.259,189.392,187.332,0,0.697,0.004,188.259,0.5,0,1.0,-0.9972,0,0,0,0,0.0,0,0.703,0.419,1,0.703,0.299,0.235,0.338,0.15,0.0,188.259,0.722,0.397,1,1,0.985,0,4454,0.617,1.13,0,0.15,0.299,0.235,0.152,0.703,1.0,1,-0.9972,16.0,237.8
36147,NVDAm_20251013180037_3,NVDAm,TREND_CONTINUATION,BUY,0,2025.10.13 18:00:37,2025.10.13 18:01:12,0,188.52,188.29,-23.0,-115.0,0.084,0.0,SL_HIT,188.259,189.392,187.332,1,0.002,0.495,188.259,0.5,0,0.45,0.685,0,0,0,0,0.0,0,0.769,0.384,1,0.769,0.206,0.134,0.0,0.0,0.0,187.332,0.6,0.136,1,1,0.992,0,4457,0.344,2.08,0,0.0,0.206,0.134,0.0,0.769,0.45,1,0.685,16.0,248.7
36148,NVDAm_20251013180037_3,NVDAm,TREND_CONTINUATION,BUY,1,2025.10.13 18:00:37,2025.10.13 18:01:30,0,188.52,188.15,-37.0,-185.0,0.137,0.0,SL_HIT,188.259,189.392,187.332,1,0.002,0.495,188.259,0.5,0,0.45,0.685,0,0,0,0,0.0,0,0.769,0.384,1,0.769,0.206,0.134,0.0,0.0,0.0,187.332,0.6,0.136,1,1,0.992,0,4457,0.344,2.08,0,0.0,0.206,0.134,0.101,0.769,0.45,1,0.685,16.0,248.7
36152,NVDAm_20251013180838_5,NVDAm,MEAN_REVERSION,BUY,0,2025.10.13 18:08:38,2025.10.13 18:09:29,0,188.0,187.85,-15.0,-75.0,0.064,0.0,SL_HIT,188.259,189.392,187.332,1,0.002,0.495,188.259,0.5,0,0.45,0.685,0,0,0,0,0.0,0,0.769,0.437,1,0.769,0.206,0.134,0.193,0.0,0.0,189.392,0.6,0.595,1,1,0.992,0,4457,0.677,2.05,0,0.0,0.206,0.134,0.193,0.769,0.45,1,0.685,16.0,248.7
36153,NVDAm_20251013180838_5,NVDAm,MEAN_REVERSION,BUY,1,2025.10.13 18:08:38,2025.10.13 18:12:29,3,188.0,187.71,-29.0,-145.0,0.109,0.0,SL_HIT,188.259,189.392,187.332,1,0.002,0.495,188.259,0.5,0,0.45,0.685,0,0,0,0,0.0,0,0.769,0.437,1,0.769,0.206,0.134,0.193,0.0,0.0,189.392,0.6,0.595,1,1,0.992,0,4457,0.677,2.05,0,0.0,0.206,0.134,0.252,0.769,0.45,1,0.685,16.0,248.7
36157,NVDAm_20251013182028_1,NVDAm,BREAKOUT_RETEST,BUY,0,2025.10.13 18:20:28,2025.10.13 18:23:36,3,187.95,187.84,-11.0,-55.0,0.06,0.0,SL_HIT,188.259,189.392,187.332,1,0.002,0.495,188.259,0.5,0,0.45,0.685,0,0,0,0,0.0,0,0.769,0.437,1,0.769,0.206,0.134,0.193,0.0,0.0,189.392,0.6,0.595,1,1,0.992,0,4457,0.373,2.15,0,0.0,0.206,0.134,0.193,0.769,0.45,1,0.685,16.0,248.7
36158,NVDAm_20251013182028_1,NVDAm,BREAKOUT_RETEST,BUY,1,2025.10.13 18:20:28,2025.10.13 18:34:12,13,187.95,187.72,-23.0,-115.0,0.084,0.02,SL_HIT,188.259,189.392,187.332,1,0.002,0.495,188.259,0.5,0,0.45,0.685,0,0,0,0,0.0,0,0.769,0.437,1,0.769,0.206,0.134,0.193,0.0,0.0,189.392,0.6,0.595,1,1,0.992,0,4457,0.373,2.15,0,0.0,0.206,0.134,0.252,0.769,0.45,1,0.685,16.0,248.7
36151,NVDAm_20251013180838_5,NVDAm,MEAN_REVERSION,BUY,-1,2025.10.13 18:08:38,2025.10.13 18:42:38,34,188.0,187.23,-77.0,-385.0,0.298,0.0,SL_HIT,188.259,189.392,187.332,1,0.002,0.495,188.259,0.5,0,0.45,0.685,0,0,0,0,0.0,0,0.769,0.437,1,0.769,0.206,0.134,0.193,0.0,0.0,189.392,0.6,0.595,1,1,0.992,0,4457,0.677,2.05,0,0.0,0.206,0.134,0.27,0.769,0.45,0,0.685,16.0,248.7
36156,NVDAm_20251013182028_1,NVDAm,BREAKOUT_RETEST,BUY,-1,2025.10.13 18:20:28,2025.10.13 18:43:39,23,187.95,187.19,-76.0,-380.0,0.298,0.02,SL_HIT,188.259,189.392,187.332,1,0.002,0.495,188.259,0.5,0,0.45,0.685,0,0,0,0,0.0,0,0.769,0.437,1,0.769,0.206,0.134,0.193,0.0,0.0,189.392,0.6,0.595,1,1,0.992,0,4457,0.373,2.15,0,0.0,0.206,0.134,0.27,0.769,0.45,0,0.685,16.0,248.7
36164,NVDAm_20251013192242_0,NVDAm,BREAKOUT,BUY,0,2025.10.13 19:22:42,2025.10.13 19:30:30,7,188.18,187.68,-50.0,-250.0,0.201,0.0,SL_HIT,188.3715,188.744,187.552,1,0.211,0.401,188.3715,0.4,0,0.5,0.72,0,0,0,0,0.0,0,0.721,0.314,0,0.721,0.216,0.0,0.109,0.0,0.0,0.0,0.0,0.122,1,1,0.992,0,4458,0.228,1.67,0,0.0,0.216,0.0,0.195,0.721,0.5,1,0.72,16.0,243.3
36165,NVDAm_20251013192242_0,NVDAm,BREAKOUT,BUY,1,2025.10.13 19:22:42,2025.10.13 19:43:01,20,188.18,187.68,-50.0,-250.0,0.214,0.0,SL_HIT,188.3715,188.744,187.552,1,0.211,0.401,188.3715,0.4,0,0.5,0.72,0,0,0,0,0.0,0,0.721,0.314,0,0.721,0.216,0.0,0.109,0.0,0.0,0.0,0.0,0.122,1,1,0.992,0,4458,0.228,1.67,0,0.0,0.216,0.0,0.195,0.721,0.5,1,0.72,16.0,243.3
36146,NVDAm_20251013180037_3,NVDAm,TREND_CONTINUATION,BUY,-1,2025.10.13 18:00:37,2025.10.14 10:01:00,960,188.52,184.37,-415.0,-2094.0,0.539,0.0,SL_HIT,188.259,189.392,187.332,1,0.002,0.495,188.259,0.5,0,0.45,0.685,0,0,0,0,0.0,0,0.769,0.384,1,0.769,0.206,0.134,0.0,0.0,0.0,187.332,0.6,0.136,1,1,0.992,0,4457,0.344,2.08,1,0.4,0.163,0.386,0.757,0.739,0.514,0,0.5441,96.0,193.2
36163,NVDAm_20251013192242_0,NVDAm,BREAKOUT,BUY,-1,2025.10.13 19:22:42,2025.10.14 10:01:00,878,188.18,184.37,-381.0,-1924.0,0.214,0.0,SL_HIT,188.3715,188.744,187.552,1,0.211,0.401,188.3715,0.4,0,0.5,0.72,0,0,0,0,0.0,0,0.721,0.314,0,0.721,0.216,0.0,0.109,0.0,0.0,0.0,0.0,0.122,1,1,0.992,0,4458,0.228,1.67,1,0.4,0.163,0.386,0.757,0.739,0.514,0,0.5441,96.0,193.2
36171,NVDAm_20251014100100_3,NVDAm,TREND_CONTINUATION,BUY,0,2025.10.14 10:01:00,2025.10.14 10:01:21,0,185.33,184.26,-107.0,-535.0,0.538,0.0,SL_HIT,188.22175,188.5945,187.6005,0,1.736,0.193,188.22175,0.2,0,0.514,0.5441,4,0,0,-1,0.0,0,0.786,0.406,1,0.786,0.163,0.386,0.457,0.4,0.0,188.22175,0.76,0.941,1,2,0.977,0,4459,0.359,1.66,0,0.4,0.163,0.386,0.457,0.786,0.514,0,0.5441,96.0,193.2
36177,NVDAm_20251014100107_5,NVDAm,MEAN_REVERSION,BUY,0,2025.10.14 10:01:07,2025.10.14 10:01:24,0,185.27,184.25,-102.0,-510.0,0.523,0.0,SL_HIT,188.22175,188.5945,187.6005,0,1.736,0.193,188.22175,0.2,0,0.514,0.5441,4,0,0,-1,0.0,0,0.786,0.408,1,0.786,0.163,0.386,0.457,0.4,0.0,188.22175,0.76,0.955,1,2,0.977,0,4459,0.688,2.53,0,0.4,0.163,0.386,0.457,0.786,0.514,0,0.5441,96.0,193.2
36174,NVDAm_20251014100103_4,NVDAm,SWEEP_REVERSAL,BUY,0,2025.10.14 10:01:03,2025.10.14 10:01:31,0,185.3,184.21,-109.0,-545.0,0.543,0.0,SL_HIT,188.22175,188.5945,187.6005,0,1.736,0.193,188.22175,0.2,0,0.514,0.5441,4,0,0,-1,0.0,0,0.786,0.407,1,0.786,0.163,0.386,0.457,0.4,0.0,188.22175,0.76,0.948,1,2,0.977,0,4459,0.318,2.01,0,0.4,0.163,0.386,0.457,0.786,0.514,0,0.5441,96.0,193.2
36172,NVDAm_20251014100100_3,NVDAm,TREND_CONTINUATION,BUY,1,2025.10.14 10:01:00,2025.10.14 10:01:38,0,185.33,184.14,-119.0,-595.0,0.58,0.0,SL_HIT,188.22175,188.5945,187.6005,0,1.736,0.193,188.22175,0.2,0,0.514,0.5441,4,0,0,-1,0.0,0,0.786,0.406,1,0.786,0.163,0.386,0.457,0.4,0.0,188.22175,0.76,0.941,1,2,0.977,0,4459,0.359,1.66,0,0.4,0.163,0.386,0.457,0.786,0.514,0,0.5441,96.0,193.2
36175,NVDAm_20251014100103_4,NVDAm,SWEEP_REVERSAL,BUY,1,2025.10.14 10:01:03,2025.10.14 10:01:38,0,185.3,184.14,-116.0,-580.0,0.564,0.0,SL_HIT,188.22175,188.5945,187.6005,0,1.736,0.193,188.22175,0.2,0,0.514,0.5441,4,0,0,-1,0.0,0,0.786,0.407,1,0.786,0.163,0.386,0.457,0.4,0.0,188.22175,0.76,0.948,1,2,0.977,0,4459,0.318,2.01,0,0.4,0.163,0.386,0.457,0.786,0.514,0,0.5441,96.0,193.2
36178,NVDAm_20251014100107_5,NVDAm,MEAN_REVERSION,BUY,1,2025.10.14 10:01:07,2025.10.14 10:01:38,0,185.27,184.14,-113.0,-565.0,0.549,0.0,SL_HIT,188.22175,188.5945,187.6005,0,1.736,0.193,188.22175,0.2,0,0.514,0.5441,4,0,0,-1,0.0,0,0.786,0.408,1,0.786,0.163,0.386,0.457,0.4,0.0,188.22175,0.76,0.955,1,2,0.977,0,4459,0.688,2.53,0,0.4,0.163,0.386,0.457,0.786,0.514,0,0.5441,96.0,193.2
36186,NVDAm_20251014101304_6,NVDAm,NAKED_POC,BUY,0,2025.10.14 10:13:04,2025.10.14 10:15:22,2,184.84,184.07,-77.0,-385.0,0.507,0.0,SL_HIT,188.22175,188.5945,187.6005,0,1.736,0.193,188.22175,0.2,0,0.514,0.5441,4,0,0,-1,0.0,0,0.786,0.42,1,0.786,0.163,0.386,0.457,0.4,0.0,188.22175,0.76,1.055,1,2,0.977,0,4459,0.427,1.0,0,0.4,0.163,0.386,0.457,0.786,0.514,0,0.5441,96.0,193.2
36187,NVDAm_20251014101304_6,NVDAm,NAKED_POC,BUY,1,2025.10.14 10:13:04,2025.10.14 10:15:37,2,184.84,183.97,-87.0,-435.0,0.507,0.0,SL_HIT,188.22175,188.5945,187.6005,0,1.736,0.193,188.22175,0.2,0,0.514,0.5441,4,0,0,-1,0.0,0,0.786,0.42,1,0.786,0.163,0.386,0.457,0.4,0.0,188.22175,0.76,1.055,1,2,0.977,0,4459,0.427,1.0,0,0.4,0.163,0.386,0.457,0.786,0.514,0,0.5441,96.0,193.2
36176,NVDAm_20251014100107_5,NVDAm,MEAN_REVERSION,BUY,-1,2025.10.14 10:01:07,2025.10.14 10:21:06,19,185.27,183.71,-156.0,-780.0,0.797,0.0,SL_HIT,188.22175,188.5945,187.6005,0,1.736,0.193,188.22175,0.2,0,0.514,0.5441,4,0,0,-1,0.0,0,0.786,0.408,1,0.786,0.163,0.386,0.457,0.4,0.0,188.22175,0.76,0.955,1,2,0.977,0,4459,0.688,2.53,0,0.4,0.163,0.386,0.457,0.786,0.514,0,0.5441,96.0,193.2
36173,NVDAm_20251014100103_4,NVDAm,SWEEP_REVERSAL,BUY,-1,2025.10.14 10:01:03,2025.10.14 10:43:42,42,185.3,183.36,-194.0,-970.0,0.968,0.0,SL_HIT,188.22175,188.5945,187.6005,0,1.736,0.193,188.22175,0.2,0,0.514,0.5441,4,0,0,-1,0.0,0,0.786,0.407,1,0.786,0.163,0.386,0.457,0.4,0.0,188.22175,0.76,0.948,1,2,0.977,0,4459,0.318,2.01,0,0.4,0.163,0.386,0.457,0.786,0.514,0,0.5441,64.0,193.2
36170,NVDAm_20251014100100_3,NVDAm,TREND_CONTINUATION,BUY,-1,2025.10.14 10:01:00,2025.10.14 11:00:38,59,185.33,182.97,-236.0,-1180.0,1.18,0.0,SL_HIT,188.22175,188.5945,187.6005,0,1.736,0.193,188.22175,0.2,0,0.514,0.5441,4,0,0,-1,0.0,0,0.786,0.406,1,0.786,0.163,0.386,0.457,0.4,0.0,188.22175,0.76,0.941,1,2,0.977,0,4459,0.359,1.66,0,0.15,0.0,0.202,0.312,0.83,0.148,0,0.0,64.0,184.4
36194,NVDAm_20251014120108_5,NVDAm,MEAN_REVERSION,BUY,0,2025.10.14 12:01:08,2025.10.14 12:01:21,0,185.57,184.89,-68.0,-340.0,0.353,0.0,SL_HIT,187.82625,188.52,184.9125,1,1.188,0.149,187.82625,0.65,0,0.675,-0.685,2,0,0,0,0.0,0,0.548,0.413,1,0.548,0.206,0.053,0.306,0.15,0.0,187.82625,0.752,0.79,1,1,0.98,0,4461,0.582,1.94,0,0.15,0.206,0.053,0.262,0.548,0.675,0,-0.685,64.0,186.9
36197,NVDAm_20251014120110_4,NVDAm,SWEEP_REVERSAL,BUY,0,2025.10.14 12:01:10,2025.10.14 12:01:21,0,185.55,184.89,-66.0,-330.0,0.332,0.0,SL_HIT,187.82625,188.52,184.9125,0,1.188,0.149,187.82625,0.65,0,0.675,-0.685,2,0,0,0,0.0,0,0.548,0.409,1,0.548,0.206,0.053,0.262,0.15,0.0,187.82625,0.752,0.753,1,1,0.98,0,4461,0.16,1.56,0,0.15,0.206,0.053,0.262,0.548,0.675,0,-0.685,64.0,186.9
36195,NVDAm_20251014120108_5,NVDAm,MEAN_REVERSION,BUY,1,2025.10.14 12:01:08,2025.10.14 12:01:40,0,185.57,184.79,-78.0,-390.0,0.407,0.0,SL_HIT,187.82625,188.52,184.9125,1,1.188,0.149,187.82625,0.65,0,0.675,-0.685,2,0,0,0,0.0,0,0.548,0.413,1,0.548,0.206,0.053,0.306,0.15,0.0,187.82625,0.752,0.79,1,1,0.98,0,4461,0.582,1.94,0,0.15,0.206,0.053,0.262,0.548,0.675,0,-0.685,64.0,186.9
36198,NVDAm_20251014120110_4,NVDAm,SWEEP_REVERSAL,BUY,1,2025.10.14 12:01:10,2025.10.14 12:01:40,0,185.55,184.79,-76.0,-380.0,0.396,0.0,SL_HIT,187.82625,188.52,184.9125,0,1.188,0.149,187.82625,0.65,0,0.675,-0.685,2,0,0,0,0.0,0,0.548,0.409,1,0.548,0.206,0.053,0.262,0.15,0.0,187.82625,0.752,0.753,1,1,0.98,0,4461,0.16,1.56,0,0.15,0.206,0.053,0.262,0.548,0.675,0,-0.685,64.0,186.9
36204,NVDAm_20251014121305_6,NVDAm,NAKED_POC,BUY,0,2025.10.14 12:13:05,2025.10.14 12:14:28,1,185.63,184.92,-71.0,-355.0,0.369,0.0,SL_HIT,187.82625,188.52,184.9125,1,1.188,0.149,187.82625,0.65,0,0.675,-0.685,2,0,0,0,0.0,0,0.548,0.411,1,0.548,0.206,0.053,0.306,0.15,0.0,187.82625,0.752,0.777,1,1,0.98,0,4461,0.401,2.8,0,0.15,0.206,0.053,0.306,0.548,0.675,1,-0.685,64.0,186.9
36205,NVDAm_20251014121305_6,NVDAm,NAKED_POC,BUY,1,2025.10.14 12:13:05,2025.10.14 12:15:20,2,185.63,184.83,-80.0,-400.0,0.423,0.0,SL_HIT,187.82625,188.52,184.9125,1,1.188,0.149,187.82625,0.65,0,0.675,-0.685,2,0,0,0,0.0,0,0.548,0.411,1,0.548,0.206,0.053,0.306,0.15,0.0,187.82625,0.752,0.777,1,1,0.98,0,4461,0.401,2.8,0,0.15,0.206,0.053,0.262,0.548,0.675,0,-0.685,64.0,186.9
36203,NVDAm_20251014121305_6,NVDAm,NAKED_POC,BUY,-1,2025.10.14 12:13:05,2025.10.14 12:17:25,4,185.63,184.61,-102.0,-510.0,0.53,0.0,SL_HIT,187.82625,188.52,184.9125,1,1.188,0.149,187.82625,0.65,0,0.675,-0.685,2,0,0,0,0.0,0,0.548,0.411,1,0.548,0.206,0.053,0.306,0.15,0.0,187.82625,0.752,0.777,1,1,0.98,0,4461,0.401,2.8,0,0.15,0.206,0.053,0.284,0.548,0.675,0,-0.685,64.0,186.9
36193,NVDAm_20251014120108_5,NVDAm,MEAN_REVERSION,BUY,-1,2025.10.14 12:01:08,2025.10.14 13:28:37,87,185.57,184.07,-150.0,-750.0,0.786,0.0,SL_HIT,187.82625,188.52,184.9125,1,1.188,0.149,187.82625,0.65,0,0.675,-0.685,2,0,0,0,0.0,0,0.548,0.413,1,0.548,0.206,0.053,0.306,0.15,0.0,187.82625,0.752,0.79,1,1,0.98,0,4461,0.582,1.94,0,0.25,0.164,0.088,0.219,0.64,0.5,1,-0.545,96.0,183.6
36196,NVDAm_20251014120110_4,NVDAm,SWEEP_REVERSAL,BUY,-1,2025.10.14 12:01:10,2025.10.14 13:30:40,89,185.55,183.66,-189.0,-945.0,0.995,0.0,SL_HIT,187.82625,188.52,184.9125,0,1.188,0.149,187.82625,0.65,0,0.675,-0.685,2,0,0,0,0.0,0,0.548,0.409,1,0.548,0.206,0.053,0.262,0.15,0.0,187.82625,0.752,0.753,1,1,0.98,0,4461,0.16,1.56,0,0.25,0.164,0.088,0.259,0.64,0.5,1,-0.545,64.0,183.6
36185,NVDAm_20251014101304_6,NVDAm,NAKED_POC,BUY,-1,2025.10.14 10:13:04,2025.10.14 13:33:36,200,184.84,181.24,-360.0,-1800.0,1.843,0.259,SL_HIT,188.22175,188.5945,187.6005,0,1.736,0.193,188.22175,0.2,0,0.514,0.5441,4,0,0,-1,0.0,0,0.786,0.42,1,0.786,0.163,0.386,0.457,0.4,0.0,188.22175,0.76,1.055,1,2,0.977,0,4459,0.427,1.0,0,0.25,0.164,0.205,0.391,0.64,0.5,0,-0.545,64.0,183.6
36214,NVDAm_20251014140000_7,NVDAm,ANCHORED_PULLBACK,BUY,1,2025.10.14 14:00:00,2025.10.14 14:10:40,10,181.21,181.07,-14.0,-70.0,0.26,0.398,SL_HIT,181.048,184.156,179.42,1,0.001,0.435,180.752,0.8,2,0.825,-0.755,0,0,0,-1,0.0,3,0.79,0.629,2,0.277,0.926,0.223,0.253,0.3,0.0585,179.42,0.6,2.053,1,1,0.98,0,4463,0.763,2.64,0,0.0,0.226,0.118,0.133,0.577,0.825,1,-0.755,16.0,203.5
36213,NVDAm_20251014140000_7,NVDAm,ANCHORED_PULLBACK,BUY,0,2025.10.14 14:00:00,2025.10.14 14:45:26,45,181.21,181.85,64.0,320.0,0.26,0.693,TRAIL_STOP,181.048,184.156,179.42,1,0.001,0.435,180.752,0.8,2,0.825,-0.755,0,0,0,-1,0.0,3,0.79,0.629,2,0.277,0.926,0.223,0.253,0.3,0.0585,179.42,0.6,2.053,1,1,0.98,0,4463,0.763,2.64,0,0.0,0.226,0.118,0.297,0.577,0.825,1,-0.755,16.0,203.5
36217,NVDAm_20251014141305_6,NVDAm,NAKED_POC,BUY,0,2025.10.14 14:13:05,2025.10.14 14:45:26,32,181.56,181.85,29.0,145.0,0.221,0.521,TRAIL_STOP,181.048,184.156,179.42,1,0.001,0.435,180.752,0.8,2,0.825,-0.755,0,0,0,-1,0.0,0,0.577,0.552,2,0.577,0.226,0.118,0.245,0.0,0.0,180.752,0.756,1.458,1,1,0.98,0,4463,0.415,2.81,0,0.0,0.226,0.118,0.297,0.577,0.825,1,-0.755,16.0,203.5
36218,NVDAm_20251014141305_6,NVDAm,NAKED_POC,BUY,1,2025.10.14 14:13:05,2025.10.14 14:46:28,33,181.56,181.74,18.0,90.0,0.221,0.521,TRAIL_STOP,181.048,184.156,179.42,1,0.001,0.435,180.752,0.8,2,0.825,-0.755,0,0,0,-1,0.0,0,0.577,0.552,2,0.577,0.226,0.118,0.245,0.0,0.0,180.752,0.756,1.458,1,1,0.98,0,4463,0.415,2.81,0,0.0,0.226,0.118,0.281,0.577,0.825,1,-0.755,16.0,203.5
36223,NVDAm_20251014160000_7,NVDAm,ANCHORED_PULLBACK,BUY,0,2025.10.14 16:00:00,2025.10.14 16:01:03,1,182.71,182.56,-15.0,-75.0,0.079,0.0,SL_HIT,181.344,182.38,180.604,0,0.422,0.402,181.048,0.3,0,0.975,-0.65,0,0,0,-1,0.0,0,0.677,0.443,1,0.677,0.195,0.088,0.61,0.25,-0.1373,181.344,0.7,1.103,1,1,0.962,0,4465,0.363,5.52,0,0.25,0.195,0.088,0.31,0.76,0.975,0,-0.65,16.0,215.6
36222,NVDAm_20251014160000_7,NVDAm,ANCHORED_PULLBACK,BUY,-1,2025.10.14 16:00:00,2025.10.14 16:04:04,4,182.71,182.49,-22.0,-110.0,0.097,0.0,SL_HIT,181.344,182.38,180.604,0,0.422,0.402,181.048,0.3,0,0.975,-0.65,0,0,0,-1,0.0,0,0.677,0.443,1,0.677,0.195,0.088,0.61,0.25,-0.1373,181.344,0.7,1.103,1,1,0.962,0,4465,0.363,5.52,0,0.25,0.195,0.203,0.31,0.76,0.975,0,-0.65,16.0,215.6
36224,NVDAm_20251014160000_7,NVDAm,ANCHORED_PULLBACK,BUY,1,2025.10.14 16:00:00,2025.10.14 16:04:04,4,182.71,182.49,-22.0,-110.0,0.097,0.0,SL_HIT,181.344,182.38,180.604,0,0.422,0.402,181.048,0.3,0,0.975,-0.65,0,0,0,-1,0.0,0,0.677,0.443,1,0.677,0.195,0.088,0.61,0.25,-0.1373,181.344,0.7,1.103,1,1,0.962,0,4465,0.363,5.52,0,0.25,0.195,0.203,0.31,0.76,0.975,0,-0.65,16.0,215.6
36229,NVDAm_20251014161305_6,NVDAm,NAKED_POC,BUY,0,2025.10.14 16:13:05,2025.10.14 16:15:26,2,182.37,182.49,12.0,60.0,0.093,0.093,TRAIL_STOP,181.344,182.38,180.604,1,0.422,0.402,181.048,0.3,0,0.975,-0.65,0,0,0,-1,0.0,0,0.76,0.465,1,0.76,0.195,0.203,0.274,0.25,0.0,181.344,0.7,1.116,1,1,0.962,0,4465,0.387,2.9,0,0.25,0.195,0.203,0.31,0.76,0.975,0,-0.65,16.0,215.6
36230,NVDAm_20251014161305_6,NVDAm,NAKED_POC,BUY,1,2025.10.14 16:13:05,2025.10.14 16:22:43,9,182.37,183.24,87.0,435.0,0.093,0.496,TRAIL_STOP,181.344,182.38,180.604,1,0.422,0.402,181.048,0.3,0,0.975,-0.65,0,0,0,-1,0.0,0,0.76,0.465,1,0.76,0.195,0.203,0.274,0.25,0.0,181.344,0.7,1.116,1,1,0.962,0,4465,0.387,2.9,0,0.25,0.195,0.088,0.384,0.76,0.975,0,-0.65,16.0,215.6
36234,NVDAm_20251014181306_6,NVDAm,NAKED_POC,BUY,0,2025.10.14 18:13:06,2025.10.14 18:13:26,0,182.02,181.81,-21.0,-105.0,0.09,0.0,SL_HIT,181.62325,182.738,181.023,1,0.016,0.39,181.62325,0.5,0,0.75,-0.72,0,0,0,-1,0.0,0,0.713,0.411,1,0.713,0.216,0.274,0.124,0.25,0.0,181.023,0.6,0.971,1,1,0.962,0,4467,0.307,4.87,0,0.25,0.216,0.274,0.124,0.713,0.75,1,-0.72,16.0,210.9
36235,NVDAm_20251014181306_6,NVDAm,NAKED_POC,BUY,1,2025.10.14 18:13:06,2025.10.14 18:21:03,7,182.02,181.71,-31.0,-155.0,0.142,0.0,SL_HIT,181.62325,182.738,181.023,1,0.016,0.39,181.62325,0.5,0,0.75,-0.72,0,0,0,-1,0.0,0,0.713,0.411,1,0.713,0.216,0.274,0.124,0.25,0.0,181.023,0.6,0.971,1,1,0.962,0,4467,0.307,4.87,0,0.25,0.216,0.274,0.124,0.713,0.75,1,-0.72,16.0,210.9
36239,NVDAm_20251014191336_5,NVDAm,MEAN_REVERSION,BUY,0,2025.10.14 19:13:36,2025.10.14 19:16:38,3,181.87,181.71,-16.0,-80.0,0.117,0.0,SL_HIT,181.8005,183.067,181.279,1,0.0,0.398,181.8005,0.6,0,0.8,-0.93,0,0,0,0,0.0,0,0.63,0.441,1,0.63,0.279,0.188,0.034,0.0,0.0,183.067,0.6,1.134,1,1,0.962,0,4468,0.601,2.19,0,0.0,0.279,0.188,0.034,0.63,0.8,1,-0.93,16.0,187.4
36240,NVDAm_20251014191336_5,NVDAm,MEAN_REVERSION,BUY,1,2025.10.14 19:13:36,2025.10.14 19:27:34,13,181.87,181.98,11.0,55.0,0.117,0.16,TRAIL_STOP,181.8005,183.067,181.279,1,0.0,0.398,181.8005,0.6,0,0.8,-0.93,0,0,0,0,0.0,0,0.63,0.441,1,0.63,0.279,0.188,0.034,0.0,0.0,183.067,0.6,1.134,1,1,0.962,0,4468,0.601,2.19,0,0.0,0.279,0.072,0.056,0.63,0.8,1,-0.93,16.0,187.4
36238,NVDAm_20251014191336_5,NVDAm,MEAN_REVERSION,BUY,-1,2025.10.14 19:13:36,2025.10.14 19:37:29,23,181.87,181.25,-62.0,-310.0,0.325,0.16,SL_HIT,181.8005,183.067,181.279,1,0.0,0.398,181.8005,0.6,0,0.8,-0.93,0,0,0,0,0.0,0,0.63,0.441,1,0.63,0.279,0.188,0.034,0.0,0.0,183.067,0.6,1.134,1,1,0.962,0,4468,0.601,2.19,0,0.0,0.279,0.188,0.262,0.63,0.8,0,-0.93,16.0,187.4
36244,NVDAm_20251014193728_4,NVDAm,SWEEP_REVERSAL,BUY,0,2025.10.14 19:37:28,2025.10.14 19:37:32,0,181.43,181.1,-33.0,-170.0,0.117,0.0,SL_HIT,181.8005,183.067,181.279,0,0.0,0.398,181.8005,0.6,0,0.8,-0.93,0,0,0,0,0.0,0,0.63,0.5,2,0.63,0.279,0.188,0.262,0.0,0.0,183.067,0.6,1.645,1,1,0.962,0,4468,0.172,0.96,0,0.0,0.279,0.188,0.262,0.63,0.8,0,-0.93,16.0,187.4
36245,NVDAm_20251014193728_4,NVDAm,SWEEP_REVERSAL,BUY,1,2025.10.14 19:37:28,2025.10.14 19:37:32,0,181.44,181.1,-34.0,-170.0,0.123,0.0,SL_HIT,181.8005,183.067,181.279,0,0.0,0.398,181.8005,0.6,0,0.8,-0.93,0,0,0,0,0.0,0,0.63,0.5,2,0.63,0.279,0.188,0.262,0.0,0.0,183.067,0.6,1.645,1,1,0.962,0,4468,0.172,0.96,0,0.0,0.279,0.188,0.262,0.63,0.8,0,-0.93,16.0,187.4
36233,NVDAm_20251014181306_6,NVDAm,NAKED_POC,BUY,-1,2025.10.14 18:13:06,2025.10.14 19:41:59,88,182.02,180.64,-138.0,-690.0,0.616,0.123,SL_HIT,181.62325,182.738,181.023,1,0.016,0.39,181.62325,0.5,0,0.75,-0.72,0,0,0,-1,0.0,0,0.713,0.411,1,0.713,0.216,0.274,0.124,0.25,0.0,181.023,0.6,0.971,1,1,0.962,0,4467,0.307,4.87,0,0.0,0.279,0.188,0.262,0.63,0.8,0,-0.93,16.0,187.4
36228,NVDAm_20251014161305_6,NVDAm,NAKED_POC,BUY,-1,2025.10.14 16:13:05,2025.10.14 19:44:34,211,182.37,180.28,-209.0,-1045.0,0.965,0.807,SL_HIT,181.344,182.38,180.604,1,0.422,0.402,181.048,0.3,0,0.975,-0.65,0,0,0,-1,0.0,0,0.76,0.465,1,0.76,0.195,0.203,0.274,0.25,0.0,181.344,0.7,1.116,1,1,0.962,0,4465,0.387,2.9,0,0.0,0.279,0.188,0.262,0.63,0.8,0,-0.93,16.0,187.4
36212,NVDAm_20251014140000_7,NVDAm,ANCHORED_PULLBACK,BUY,-1,2025.10.14 14:00:00,2025.10.15 10:00:00,1200,181.21,184.29,308.0,1521.0,0.496,1.425,TP_HIT,181.048,184.156,179.42,1,0.001,0.435,180.752,0.8,2,0.825,-0.755,0,0,0,-1,0.0,3,0.79,0.629,2,0.277,0.926,0.223,0.253,0.3,0.0585,179.42,0.6,2.053,1,1,0.98,0,4463,0.763,2.64,0,0.4,0.237,0.294,0.453,0.602,1.0,0,-0.79,96.0,183.0
36243,NVDAm_20251014193728_4,NVDAm,SWEEP_REVERSAL,BUY,-1,2025.10.14 19:37:28,2025.10.15 10:00:00,862,181.43,184.29,286.0,1411.0,0.656,0.0,TP_HIT,181.8005,183.067,181.279,0,0.0,0.398,181.8005,0.6,0,0.8,-0.93,0,0,0,0,0.0,0,0.63,0.5,2,0.63,0.279,0.188,0.262,0.0,0.0,183.067,0.6,1.645,1,1,0.962,0,4468,0.172,0.96,0,0.4,0.237,0.294,0.453,0.602,1.0,0,-0.79,96.0,183.0
36253,NVDAm_20251015100000_6,NVDAm,NAKED_POC,BUY,-1,2025.10.15 10:00:00,2025.10.15 10:10:20,10,185.25,183.89,-136.0,-680.0,0.727,0.0,SL_HIT,181.93825,183.2675,181.427,0,0.615,0.056,181.12025,0.45,0,1.0,-0.79,0,0,0,0,0.0,0,0.602,0.41,1,0.602,0.237,0.294,0.453,0.4,0.0287,183.16525,0.55,1.008,1,1,0.963,0,4469,0.43,2.37,0,0.4,0.237,0.294,0.4,0.647,1.0,0,-0.79,96.0,183.0
36254,NVDAm_20251015100000_6,NVDAm,NAKED_POC,BUY,0,2025.10.15 10:00:00,2025.10.15 10:10:20,10,185.25,183.89,-136.0,-680.0,0.727,0.0,SL_HIT,181.93825,183.2675,181.427,0,0.615,0.056,181.12025,0.45,0,1.0,-0.79,0,0,0,0,0.0,0,0.602,0.41,1,0.602,0.237,0.294,0.453,0.4,0.0287,183.16525,0.55,1.008,1,1,0.963,0,4469,0.43,2.37,0,0.4,0.237,0.294,0.4,0.647,1.0,0,-0.79,96.0,183.0
36255,NVDAm_20251015100000_6,NVDAm,NAKED_POC,BUY,1,2025.10.15 10:00:00,2025.10.15 10:10:20,10,185.25,183.89,-136.0,-680.0,0.727,0.0,SL_HIT,181.93825,183.2675,181.427,0,0.615,0.056,181.12025,0.45,0,1.0,-0.79,0,0,0,0,0.0,0,0.602,0.41,1,0.602,0.237,0.294,0.453,0.4,0.0287,183.16525,0.55,1.008,1,1,0.963,0,4469,0.43,2.37,0,0.4,0.237,0.294,0.4,0.647,1.0,0,-0.79,96.0,183.0
36260,NVDAm_20251015110000_0,NVDAm,BREAKOUT,BUY,0,2025.10.15 11:00:00,2025.10.15 11:00:17,0,184.55,183.9,-65.0,-325.0,0.359,0.0,SL_HIT,181.94675,183.077,180.611,0,0.409,0.167,181.12475,0.6,0,1.0,-0.825,0,0,0,0,0.0,2,1.0,0.525,2,0.696,0.947,0.16,0.173,0.15,0.3507,183.17975,0.55,1.282,1,1,0.963,0,4470,0.631,4.97,0,0.15,0.247,0.16,0.173,0.699,1.0,0,-0.825,64.0,178.4
36261,NVDAm_20251015110000_0,NVDAm,BREAKOUT,BUY,1,2025.10.15 11:00:00,2025.10.15 11:01:59,1,184.55,183.79,-76.0,-380.0,0.415,0.0,SL_HIT,181.94675,183.077,180.611,0,0.409,0.167,181.12475,0.6,0,1.0,-0.825,0,0,0,0,0.0,2,1.0,0.525,2,0.696,0.947,0.16,0.173,0.15,0.3507,183.17975,0.55,1.282,1,1,0.963,0,4470,0.631,4.97,0,0.15,0.247,0.16,0.216,0.699,1.0,0,-0.825,64.0,178.4
36259,NVDAm_20251015110000_0,NVDAm,BREAKOUT,BUY,-1,2025.10.15 11:00:00,2025.10.15 11:05:05,5,184.55,183.62,-93.0,-465.0,0.505,0.0,SL_HIT,181.94675,183.077,180.611,0,0.409,0.167,181.12475,0.6,0,1.0,-0.825,0,0,0,0,0.0,2,1.0,0.525,2,0.696,0.947,0.16,0.173,0.15,0.3507,183.17975,0.55,1.282,1,1,0.963,0,4470,0.631,4.97,0,0.15,0.247,0.16,0.324,0.699,1.0,0,-0.825,64.0,178.4
36266,NVDAm_20251015120000_2,NVDAm,PULLBACK,BUY,0,2025.10.15 12:00:00,2025.10.15 12:01:05,1,184.39,183.81,-58.0,-290.0,0.356,0.0,SL_HIT,181.94675,182.4605,181.022,0,0.917,0.327,181.12475,0.35,1,0.192,0.0,0,0,0,0,0.0,0,0.86,0.446,1,0.86,0.0,0.0,0.376,0.0,-0.5895,181.94675,0.7,0.906,1,2,0.955,0,4471,0.169,2.64,0,0.0,0.0,0.0,0.076,0.86,0.192,0,0.0,64.0,174.3
36269,NVDAm_20251015120002_3,NVDAm,TREND_CONTINUATION,BUY,0,2025.10.15 12:00:02,2025.10.15 12:01:05,1,184.41,183.81,-60.0,-300.0,0.361,0.0,SL_HIT,181.94675,182.4605,181.022,0,0.917,0.327,181.12475,0.35,1,0.192,0.0,0,0,0,0,0.0,0,0.86,0.445,1,0.86,0.0,0.0,0.076,0.0,0.0,181.94675,0.7,0.902,1,2,0.955,0,4471,0.201,2.22,0,0.0,0.0,0.0,0.076,0.86,0.192,0,0.0,64.0,174.3
36272,NVDAm_20251015120004_6,NVDAm,NAKED_POC,BUY,0,2025.10.15 12:00:04,2025.10.15 12:01:05,1,184.43,183.81,-62.0,-310.0,0.373,0.0,SL_HIT,181.94675,182.4605,181.022,0,0.917,0.327,181.12475,0.35,1,0.192,0.0,0,0,0,0,0.0,0,0.86,0.445,1,0.86,0.0,0.0,0.076,0.0,0.0,181.94675,0.7,0.898,1,2,0.955,0,4471,0.244,2.19,0,0.0,0.0,0.0,0.076,0.86,0.192,0,0.0,64.0,174.3
36267,NVDAm_20251015120000_2,NVDAm,PULLBACK,BUY,1,2025.10.15 12:00:00,2025.10.15 12:14:59,14,184.39,184.23,-16.0,-80.0,0.356,0.006,SL_HIT,181.94675,182.4605,181.022,0,0.917,0.327,181.12475,0.35,1,0.192,0.0,0,0,0,0,0.0,0,0.86,0.446,1,0.86,0.0,0.0,0.376,0.0,-0.5895,181.94675,0.7,0.906,1,2,0.955,0,4471,0.169,2.64,0,0.0,0.0,0.0,0.251,0.86,0.192,0,0.0,64.0,174.3
36270,NVDAm_20251015120002_3,NVDAm,TREND_CONTINUATION,BUY,1,2025.10.15 12:00:02,2025.10.15 12:14:59,14,184.41,184.23,-18.0,-90.0,0.361,0.0,SL_HIT,181.94675,182.4605,181.022,0,0.917,0.327,181.12475,0.35,1,0.192,0.0,0,0,0,0,0.0,0,0.86,0.445,1,0.86,0.0,0.0,0.076,0.0,0.0,181.94675,0.7,0.902,1,2,0.955,0,4471,0.201,2.22,0,0.0,0.0,0.0,0.251,0.86,0.192,0,0.0,64.0,174.3
36273,NVDAm_20251015120004_6,NVDAm,NAKED_POC,BUY,1,2025.10.15 12:00:04,2025.10.15 12:14:59,14,184.43,184.23,-20.0,-100.0,0.373,0.0,SL_HIT,181.94675,182.4605,181.022,0,0.917,0.327,181.12475,0.35,1,0.192,0.0,0,0,0,0,0.0,0,0.86,0.445,1,0.86,0.0,0.0,0.076,0.0,0.0,181.94675,0.7,0.898,1,2,0.955,0,4471,0.244,2.19,0,0.0,0.0,0.0,0.251,0.86,0.192,0,0.0,64.0,174.3
36265,NVDAm_20251015120000_2,NVDAm,PULLBACK,BUY,-1,2025.10.15 12:00:00,2025.10.15 13:34:22,94,184.39,182.62,-177.0,-885.0,0.993,0.488,SL_HIT,181.94675,182.4605,181.022,0,0.917,0.327,181.12475,0.35,1,0.192,0.0,0,0,0,0,0.0,0,0.86,0.446,1,0.86,0.0,0.0,0.376,0.0,-0.5895,181.94675,0.7,0.906,1,2,0.955,0,4471,0.169,2.64,0,0.0,0.206,0.0,0.3,0.67,0.675,1,0.685,64.0,172.4
36271,NVDAm_20251015120004_6,NVDAm,NAKED_POC,BUY,-1,2025.10.15 12:00:04,2025.10.15 13:34:23,94,184.43,182.58,-185.0,-925.0,1.039,0.465,SL_HIT,181.94675,182.4605,181.022,0,0.917,0.327,181.12475,0.35,1,0.192,0.0,0,0,0,0,0.0,0,0.86,0.445,1,0.86,0.0,0.0,0.076,0.0,0.0,181.94675,0.7,0.898,1,2,0.955,0,4471,0.244,2.19,0,0.0,0.206,0.0,0.3,0.67,0.675,1,0.685,64.0,172.4
36280,NVDAm_20251015130000_0,NVDAm,BREAKOUT,BUY,-1,2025.10.15 13:00:00,2025.10.15 13:34:25,34,185.1,182.49,-261.0,-1305.0,1.485,0.081,SL_HIT,181.9175,183.864,180.2,0,0.286,0.95,181.0015,0.8,0,0.675,0.685,0,0,0,0,0.0,2,1.0,0.574,2,0.66,0.906,0.0,0.234,0.0,1.2912,181.9175,0.7,1.225,1,2,0.955,0,4472,0.546,1.44,0,0.0,0.206,0.0,0.3,0.67,0.675,1,0.685,64.0,172.4
36281,NVDAm_20251015130000_0,NVDAm,BREAKOUT,BUY,0,2025.10.15 13:00:00,2025.10.15 13:34:25,34,185.1,182.49,-261.0,-1305.0,1.485,0.081,SL_HIT,181.9175,183.864,180.2,0,0.286,0.95,181.0015,0.8,0,0.675,0.685,0,0,0,0,0.0,2,1.0,0.574,2,0.66,0.906,0.0,0.234,0.0,1.2912,181.9175,0.7,1.225,1,2,0.955,0,4472,0.546,1.44,0,0.0,0.206,0.0,0.3,0.67,0.675,1,0.685,64.0,172.4
36282,NVDAm_20251015130000_0,NVDAm,BREAKOUT,BUY,1,2025.10.15 13:00:00,2025.10.15 13:34:25,34,185.1,182.49,-261.0,-1305.0,1.485,0.081,SL_HIT,181.9175,183.864,180.2,0,0.286,0.95,181.0015,0.8,0,0.675,0.685,0,0,0,0,0.0,2,1.0,0.574,2,0.66,0.906,0.0,0.234,0.0,1.2912,181.9175,0.7,1.225,1,2,0.955,0,4472,0.546,1.44,0,0.0,0.206,0.0,0.3,0.67,0.675,1,0.685,64.0,172.4
36283,NVDAm_20251015133021_1,NVDAm,BREAKOUT_RETEST,BUY,-1,2025.10.15 13:30:21,2025.10.15 13:34:33,4,184.32,182.36,-196.0,-980.0,1.108,0.0,SL_HIT,181.9175,183.864,180.2,1,0.286,0.95,181.0015,0.8,0,0.675,0.685,0,0,0,0,0.0,0,0.67,0.463,1,0.67,0.206,0.0,0.017,0.0,0.0,181.9175,0.7,0.849,1,2,0.955,0,4472,0.471,2.45,0,0.0,0.206,0.0,0.289,0.67,0.675,1,0.685,64.0,172.4
36284,NVDAm_20251015133021_1,NVDAm,BREAKOUT_RETEST,BUY,0,2025.10.15 13:30:21,2025.10.15 13:34:33,4,184.32,182.36,-196.0,-980.0,1.108,0.0,SL_HIT,181.9175,183.864,180.2,1,0.286,0.95,181.0015,0.8,0,0.675,0.685,0,0,0,0,0.0,0,0.67,0.463,1,0.67,0.206,0.0,0.017,0.0,0.0,181.9175,0.7,0.849,1,2,0.955,0,4472,0.471,2.45,0,0.0,0.206,0.0,0.289,0.67,0.675,1,0.685,64.0,172.4
36285,NVDAm_20251015133021_1,NVDAm,BREAKOUT_RETEST,BUY,1,2025.10.15 13:30:21,2025.10.15 13:34:33,4,184.32,182.36,-196.0,-980.0,1.108,0.0,SL_HIT,181.9175,183.864,180.2,1,0.286,0.95,181.0015,0.8,0,0.675,0.685,0,0,0,0,0.0,0,0.67,0.463,1,0.67,0.206,0.0,0.017,0.0,0.0,181.9175,0.7,0.849,1,2,0.955,0,4472,0.471,2.45,0,0.0,0.206,0.0,0.289,0.67,0.675,1,0.685,64.0,172.4
36268,NVDAm_20251015120002_3,NVDAm,TREND_CONTINUATION,BUY,-1,2025.10.15 12:00:02,2025.10.15 13:34:34,94,184.41,182.31,-210.0,-1050.0,1.176,0.476,SL_HIT,181.94675,182.4605,181.022,0,0.917,0.327,181.12475,0.35,1,0.192,0.0,0,0,0,0,0.0,0,0.86,0.445,1,0.86,0.0,0.0,0.076,0.0,0.0,181.94675,0.7,0.902,1,2,0.955,0,4471,0.201,2.22,0,0.0,0.206,0.0,0.289,0.67,0.675,1,0.685,64.0,172.4
36296,NVDAm_20251015140000_2,NVDAm,PULLBACK,BUY,0,2025.10.15 14:00:00,2025.10.15 14:36:03,36,182.24,181.5,-74.0,-370.0,0.37,0.279,SL_HIT,181.9075,183.95,180.94,1,0.022,0.239,181.9075,0.7,0,0.5,0.545,0,0,0,0,0.0,0,0.675,0.438,1,0.675,0.164,0.14,0.306,0.4,0.0,180.94,0.6,1.198,1,2,0.955,0,4473,0.458,2.14,0,0.4,0.164,0.255,0.408,0.675,0.5,1,0.545,16.0,197.4
36299,NVDAm_20251015140000_7,NVDAm,ANCHORED_PULLBACK,BUY,0,2025.10.15 14:00:00,2025.10.15 14:36:03,36,182.23,181.5,-73.0,-365.0,0.365,0.284,SL_HIT,181.9075,183.95,180.94,1,0.022,0.239,181.9075,0.7,0,0.5,0.545,0,0,0,0,0.0,0,0.675,0.438,1,0.675,0.164,0.14,0.306,0.4,0.0,180.94,0.6,1.2,1,2,0.955,0,4473,0.534,2.08,0,0.4,0.164,0.255,0.408,0.675,0.5,1,0.545,16.0,197.4
36302,NVDAm_20251015140002_3,NVDAm,TREND_CONTINUATION,BUY,0,2025.10.15 14:00:02,2025.10.15 14:36:03,36,182.23,181.5,-73.0,-365.0,0.365,0.284,SL_HIT,181.9075,183.95,180.94,1,0.022,0.239,181.9075,0.7,0,0.5,0.545,0,0,0,0,0.0,0,0.675,0.438,1,0.675,0.164,0.14,0.306,0.4,0.0,180.94,0.6,1.2,1,2,0.955,0,4473,0.364,2.68,0,0.4,0.164,0.255,0.408,0.675,0.5,1,0.545,16.0,197.4
36305,NVDAm_20251015140004_6,NVDAm,NAKED_POC,BUY,0,2025.10.15 14:00:04,2025.10.15 14:36:03,35,182.21,181.5,-71.0,-355.0,0.355,0.294,SL_HIT,181.9075,183.95,180.94,1,0.022,0.239,181.9075,0.7,0,0.5,0.545,0,0,0,0,0.0,0,0.675,0.438,1,0.675,0.164,0.14,0.306,0.4,0.0,180.94,0.6,1.204,1,2,0.955,0,4473,0.355,3.97,0,0.4,0.164,0.255,0.408,0.675,0.5,1,0.545,16.0,197.4
36297,NVDAm_20251015140000_2,NVDAm,PULLBACK,BUY,1,2025.10.15 14:00:00,2025.10.15 14:56:29,56,182.24,182.52,28.0,140.0,0.41,0.349,TRAIL_STOP,181.9075,183.95,180.94,1,0.022,0.239,181.9075,0.7,0,0.5,0.545,0,0,0,0,0.0,0,0.675,0.438,1,0.675,0.164,0.14,0.306,0.4,0.0,180.94,0.6,1.198,1,2,0.955,0,4473,0.458,2.14,0,0.4,0.164,0.14,0.429,0.675,0.5,1,0.545,16.0,197.4
36300,NVDAm_20251015140000_7,NVDAm,ANCHORED_PULLBACK,BUY,1,2025.10.15 14:00:00,2025.10.15 14:56:29,56,182.23,182.52,29.0,145.0,0.405,0.355,TRAIL_STOP,181.9075,183.95,180.94,1,0.022,0.239,181.9075,0.7,0,0.5,0.545,0,0,0,0,0.0,0,0.675,0.438,1,0.675,0.164,0.14,0.306,0.4,0.0,180.94,0.6,1.2,1,2,0.955,0,4473,0.534,2.08,0,0.4,0.164,0.14,0.429,0.675,0.5,1,0.545,16.0,197.4
36303,NVDAm_20251015140002_3,NVDAm,TREND_CONTINUATION,BUY,1,2025.10.15 14:00:02,2025.10.15 14:56:29,56,182.23,182.52,29.0,145.0,0.405,0.355,TRAIL_STOP,181.9075,183.95,180.94,1,0.022,0.239,181.9075,0.7,0,0.5,0.545,0,0,0,0,0.0,0,0.675,0.438,1,0.675,0.164,0.14,0.306,0.4,0.0,180.94,0.6,1.2,1,2,0.955,0,4473,0.364,2.68,0,0.4,0.164,0.14,0.429,0.675,0.5,1,0.545,16.0,197.4
36306,NVDAm_20251015140004_6,NVDAm,NAKED_POC,BUY,1,2025.10.15 14:00:04,2025.10.15 14:56:29,56,182.21,182.52,31.0,155.0,0.395,0.365,TRAIL_STOP,181.9075,183.95,180.94,1,0.022,0.239,181.9075,0.7,0,0.5,0.545,0,0,0,0,0.0,0,0.675,0.438,1,0.675,0.164,0.14,0.306,0.4,0.0,180.94,0.6,1.204,1,2,0.955,0,4473,0.355,3.97,0,0.4,0.164,0.14,0.429,0.675,0.5,1,0.545,16.0,197.4
36316,NVDAm_20251015150000_0,NVDAm,BREAKOUT,BUY,0,2025.10.15 15:00:00,2025.10.15 15:01:02,1,182.84,182.92,8.0,40.0,0.075,0.075,TRAIL_STOP,182.3375,182.875,181.37,1,0.064,0.152,182.3375,0.35,0,0.55,0.755,0,0,0,0,0.0,0,0.715,0.431,1,0.715,0.226,0.053,0.174,0.15,0.0,181.37,0.6,1.027,1,2,0.955,0,4474,0.273,1.92,0,0.15,0.226,0.053,0.319,0.715,0.55,0,0.755,16.0,199.4
36317,NVDAm_20251015150000_0,NVDAm,BREAKOUT,BUY,1,2025.10.15 15:00:00,2025.10.15 15:02:28,2,182.84,182.94,10.0,50.0,0.075,0.14,TRAIL_STOP,182.3375,182.875,181.37,1,0.064,0.152,182.3375,0.35,0,0.55,0.755,0,0,0,0,0.0,0,0.715,0.431,1,0.715,0.226,0.053,0.174,0.15,0.0,181.37,0.6,1.027,1,2,0.955,0,4474,0.273,1.92,0,0.15,0.226,0.053,0.319,0.715,0.55,0,0.755,16.0,199.4
36321,NVDAm_20251015153021_1,NVDAm,BREAKOUT_RETEST,BUY,0,2025.10.15 15:30:21,2025.10.15 15:30:37,0,181.77,181.55,-22.0,-110.0,0.105,0.0,SL_HIT,182.3375,182.875,181.37,1,0.064,0.152,182.3375,0.35,0,0.55,0.755,0,0,0,0,0.0,0,0.715,0.459,1,0.715,0.226,0.167,0.198,0.15,0.0,182.3375,0.726,1.26,1,2,0.955,0,4474,0.426,1.22,0,0.15,0.226,0.167,0.251,0.715,0.55,1,0.755,16.0,199.4
36322,NVDAm_20251015153021_1,NVDAm,BREAKOUT_RETEST,BUY,1,2025.10.15 15:30:21,2025.10.15 15:32:27,2,181.77,181.44,-33.0,-165.0,0.16,0.0,SL_HIT,182.3375,182.875,181.37,1,0.064,0.152,182.3375,0.35,0,0.55,0.755,0,0,0,0,0.0,0,0.715,0.459,1,0.715,0.226,0.167,0.198,0.15,0.0,182.3375,0.726,1.26,1,2,0.955,0,4474,0.426,1.22,0,0.15,0.226,0.167,0.251,0.715,0.55,1,0.755,16.0,199.4
36298,NVDAm_20251015140000_7,NVDAm,ANCHORED_PULLBACK,BUY,-1,2025.10.15 14:00:00,2025.10.15 15:32:37,92,182.23,181.4,-83.0,-415.0,0.41,0.451,SL_HIT,181.9075,183.95,180.94,1,0.022,0.239,181.9075,0.7,0,0.5,0.545,0,0,0,0,0.0,0,0.675,0.438,1,0.675,0.164,0.14,0.306,0.4,0.0,180.94,0.6,1.2,1,2,0.955,0,4473,0.534,2.08,0,0.15,0.226,0.167,0.251,0.715,0.55,1,0.755,16.0,199.4
36320,NVDAm_20251015153021_1,NVDAm,BREAKOUT_RETEST,BUY,-1,2025.10.15 15:30:21,2025.10.15 15:33:38,3,181.77,181.16,-61.0,-305.0,0.296,0.0,SL_HIT,182.3375,182.875,181.37,1,0.064,0.152,182.3375,0.35,0,0.55,0.755,0,0,0,0,0.0,0,0.715,0.459,1,0.715,0.226,0.167,0.198,0.15,0.0,182.3375,0.726,1.26,1,2,0.955,0,4474,0.426,1.22,0,0.15,0.226,0.167,0.322,0.715,0.55,0,0.755,16.0,199.4
36328,NVDAm_20251015153537_4,NVDAm,SWEEP_REVERSAL,BUY,0,2025.10.15 15:35:37,2025.10.15 15:36:20,0,180.9,180.78,-12.0,-60.0,0.09,0.0,SL_HIT,182.3375,182.875,181.37,0,0.064,0.152,182.3375,0.35,0,0.55,0.755,0,0,0,0,0.0,0,0.715,0.509,2,0.715,0.226,0.167,0.339,0.15,0.0,182.3375,0.726,1.693,1,2,0.955,0,4474,0.214,0.8,0,0.15,0.226,0.167,0.339,0.715,0.55,0,0.755,16.0,199.4
36329,NVDAm_20251015153537_4,NVDAm,SWEEP_REVERSAL,BUY,1,2025.10.15 15:35:37,2025.10.15 15:36:38,1,180.9,180.68,-22.0,-110.0,0.105,0.0,SL_HIT,182.3375,182.875,181.37,0,0.064,0.152,182.3375,0.35,0,0.55,0.755,0,0,0,0,0.0,0,0.715,0.509,2,0.715,0.226,0.167,0.339,0.15,0.0,182.3375,0.726,1.693,1,2,0.955,0,4474,0.214,0.8,0,0.15,0.226,0.167,0.339,0.715,0.55,0,0.755,16.0,199.4
36304,NVDAm_20251015140004_6,NVDAm,NAKED_POC,BUY,-1,2025.10.15 14:00:04,2025.10.15 15:36:40,96,182.21,180.64,-157.0,-785.0,0.79,0.461,SL_HIT,181.9075,183.95,180.94,1,0.022,0.239,181.9075,0.7,0,0.5,0.545,0,0,0,0,0.0,0,0.675,0.438,1,0.675,0.164,0.14,0.306,0.4,0.0,180.94,0.6,1.204,1,2,0.955,0,4473,0.355,3.97,0,0.15,0.226,0.167,0.339,0.715,0.55,0,0.755,16.0,199.4
36301,NVDAm_20251015140002_3,NVDAm,TREND_CONTINUATION,BUY,-1,2025.10.15 14:00:02,2025.10.15 15:51:04,111,182.23,179.86,-237.0,-1185.0,1.195,0.451,SL_HIT,181.9075,183.95,180.94,1,0.022,0.239,181.9075,0.7,0,0.5,0.545,0,0,0,0,0.0,0,0.675,0.438,1,0.675,0.164,0.14,0.306,0.4,0.0,180.94,0.6,1.2,1,2,0.955,0,4473,0.364,2.68,0,0.15,0.226,0.167,0.339,0.715,0.55,0,0.755,16.0,199.4
36315,NVDAm_20251015150000_0,NVDAm,BREAKOUT,BUY,-1,2025.10.15 15:00:00,2025.10.15 15:51:04,51,182.84,179.85,-299.0,-1495.0,1.494,0.14,SL_HIT,182.3375,182.875,181.37,1,0.064,0.152,182.3375,0.35,0,0.55,0.755,0,0,0,0,0.0,0,0.715,0.431,1,0.715,0.226,0.053,0.174,0.15,0.0,181.37,0.6,1.027,1,2,0.955,0,4474,0.273,1.92,0,0.15,0.226,0.167,0.339,0.715,0.55,0,0.755,16.0,199.4
36295,NVDAm_20251015140000_2,NVDAm,PULLBACK,BUY,-1,2025.10.15 14:00:00,2025.10.15 17:00:37,180,182.24,179.27,-297.0,-1485.0,1.494,0.446,SL_HIT,181.9075,183.95,180.94,1,0.022,0.239,181.9075,0.7,0,0.5,0.545,0,0,0,0,0.0,0,0.675,0.438,1,0.675,0.164,0.14,0.306,0.4,0.0,180.94,0.6,1.198,1,2,0.955,0,4473,0.458,2.14,0,0.0,0.206,0.116,0.161,0.709,0.675,0,-0.685,16.0,207.0
36216,NVDAm_20251014141305_6,NVDAm,NAKED_POC,BUY,-1,2025.10.14 14:13:05,2025.10.15 17:05:28,1612,181.56,179.11,-245.0,-1244.0,1.199,1.808,SL_HIT,181.048,184.156,179.42,1,0.001,0.435,180.752,0.8,2,0.825,-0.755,0,0,0,-1,0.0,0,0.577,0.552,2,0.577,0.226,0.118,0.245,0.0,0.0,180.752,0.756,1.458,1,1,0.98,0,4463,0.415,2.81,0,0.0,0.206,0.116,0.161,0.709,0.675,0,-0.685,16.0,207.0
36327,NVDAm_20251015153537_4,NVDAm,SWEEP_REVERSAL,BUY,-1,2025.10.15 15:35:37,2025.10.15 17:05:40,90,180.9,178.91,-199.0,-995.0,0.993,0.155,SL_HIT,182.3375,182.875,181.37,0,0.064,0.152,182.3375,0.35,0,0.55,0.755,0,0,0,0,0.0,0,0.715,0.509,2,0.715,0.226,0.167,0.339,0.15,0.0,182.3375,0.726,1.693,1,2,0.955,0,4474,0.214,0.8,0,0.0,0.206,0.116,0.161,0.709,0.675,0,-0.685,16.0,207.0
36339,NVDAm_20251015170816_5,NVDAm,MEAN_REVERSION,BUY,0,2025.10.15 17:08:16,2025.10.15 17:08:25,0,179.04,178.82,-22.0,-110.0,0.101,0.0,SL_HIT,181.84,182.792,180.344,0,0.139,1.716,181.84,0.45,2,0.675,-0.685,0,0,0,-1,0.0,0,0.789,0.421,1,0.709,0.206,0.116,0.161,0.0,0.0,180.208,0.55,0.944,1,1,0.963,0,4476,0.648,0.8,0,0.0,0.206,0.116,0.161,0.709,0.675,0,-0.685,16.0,207.0
36340,NVDAm_20251015170816_5,NVDAm,MEAN_REVERSION,BUY,1,2025.10.15 17:08:16,2025.10.15 17:08:37,0,179.04,178.7,-34.0,-170.0,0.159,0.0,SL_HIT,181.84,182.792,180.344,0,0.139,1.716,181.84,0.45,2,0.675,-0.685,0,0,0,-1,0.0,0,0.789,0.421,1,0.709,0.206,0.116,0.161,0.0,0.0,180.208,0.55,0.944,1,1,0.963,0,4476,0.648,0.8,0,0.0,0.206,0.116,0.161,0.709,0.675,0,-0.685,16.0,207.0
36338,NVDAm_20251015170816_5,NVDAm,MEAN_REVERSION,BUY,-1,2025.10.15 17:08:16,2025.10.15 17:15:31,7,179.04,177.38,-166.0,-830.0,0.778,0.0,SL_HIT,181.84,182.792,180.344,0,0.139,1.716,181.84,0.45,2,0.675,-0.685,0,0,0,-1,0.0,0,0.789,0.421,1,0.709,0.206,0.116,0.161,0.0,0.0,180.208,0.55,0.944,1,1,0.963,0,4476,0.648,0.8,0,0.0,0.206,0.116,0.161,0.709,0.675,0,-0.685,16.0,207.0
36344,NVDAm_20251015181319_4,NVDAm,SWEEP_REVERSAL,BUY,-1,2025.10.15 18:13:19,2025.10.15 18:41:53,28,179.82,180.48,66.0,330.0,0.168,0.353,TP_HIT,180.3175,183.12,179.285,1,0.311,0.151,180.3175,0.65,0,0.75,-0.545,0,0,1,-1,0.0,6,0.7,0.227,0,0.602,0.164,0.661,0.755,0.7,0.0,180.3175,0.717,0.103,1,1,0.963,0,4477,0.632,1.18,6,0.7,0.164,0.661,0.585,0.602,0.75,1,-0.545,16.0,184.1
36345,NVDAm_20251015181319_4,NVDAm,SWEEP_REVERSAL,BUY,0,2025.10.15 18:13:19,2025.10.15 18:41:53,28,179.82,180.48,66.0,330.0,0.168,0.353,TP_HIT,180.3175,183.12,179.285,1,0.311,0.151,180.3175,0.65,0,0.75,-0.545,0,0,1,-1,0.0,6,0.7,0.227,0,0.602,0.164,0.661,0.755,0.7,0.0,180.3175,0.717,0.103,1,1,0.963,0,4477,0.632,1.18,6,0.7,0.164,0.661,0.585,0.602,0.75,1,-0.545,16.0,184.1
36346,NVDAm_20251015181319_4,NVDAm,SWEEP_REVERSAL,BUY,1,2025.10.15 18:13:19,2025.10.15 18:41:53,28,179.82,180.48,66.0,330.0,0.168,0.353,TP_HIT,180.3175,183.12,179.285,1,0.311,0.151,180.3175,0.65,0,0.75,-0.545,0,0,1,-1,0.0,6,0.7,0.227,0,0.602,0.164,0.661,0.755,0.7,0.0,180.3175,0.717,0.103,1,1,0.963,0,4477,0.632,1.18,6,0.7,0.164,0.661,0.585,0.602,0.75,1,-0.545,16.0,184.1
36351,NVDAm_20251016110000_0,NVDAm,BREAKOUT,BUY,0,2025.10.16 11:00:00,2025.10.16 11:00:13,0,182.37,181.64,-73.0,-365.0,0.431,0.0,SL_HIT,179.9915,180.353,178.184,0,0.91,0.178,179.9915,0.45,0,0.975,-0.825,0,0,0,0,0.0,2,1.0,0.524,2,0.508,0.947,0.329,0.239,0.15,0.2703,179.9915,0.711,0.843,1,2,0.978,0,4480,0.624,2.48,0,0.15,0.247,0.329,0.239,0.559,0.975,0,-0.825,64.0,164.6
36352,NVDAm_20251016110000_0,NVDAm,BREAKOUT,BUY,1,2025.10.16 11:00:00,2025.10.16 11:00:36,0,182.37,181.54,-83.0,-415.0,0.486,0.0,SL_HIT,179.9915,180.353,178.184,0,0.91,0.178,179.9915,0.45,0,0.975,-0.825,0,0,0,0,0.0,2,1.0,0.524,2,0.508,0.947,0.329,0.239,0.15,0.2703,179.9915,0.711,0.843,1,2,0.978,0,4480,0.624,2.48,0,0.15,0.247,0.329,0.347,0.559,0.975,0,-0.825,64.0,164.6
36356,NVDAm_20251016130000_0,NVDAm,BREAKOUT,BUY,0,2025.10.16 13:00:00,2025.10.16 13:28:21,28,182.8,182.13,-67.0,-335.0,0.64,0.0,SL_HIT,180.08925,181.774,179.43,0,0.2,0.669,180.08925,0.8,0,1.0,-0.72,0,0,0,0,0.0,2,1.0,0.54,2,0.617,0.916,0.088,0.344,0.25,0.6968,180.08925,0.752,1.1,1,2,0.943,0,4482,0.635,1.67,0,0.25,0.216,0.088,0.344,0.622,1.0,0,-0.72,64.0,156.1
36357,NVDAm_20251016130000_0,NVDAm,BREAKOUT,BUY,1,2025.10.16 13:00:00,2025.10.16 13:28:29,28,182.8,182.05,-75.0,-375.0,0.64,0.0,SL_HIT,180.08925,181.774,179.43,0,0.2,0.669,180.08925,0.8,0,1.0,-0.72,0,0,0,0,0.0,2,1.0,0.54,2,0.617,0.916,0.088,0.344,0.25,0.6968,180.08925,0.752,1.1,1,2,0.943,0,4482,0.635,1.67,0,0.25,0.216,0.088,0.178,0.622,1.0,0,-0.72,64.0,156.1
36361,NVDAm_20251016150000_0,NVDAm,BREAKOUT,BUY,0,2025.10.16 15:00:00,2025.10.16 15:30:05,30,182.57,182.15,-42.0,-210.0,0.389,0.161,SL_HIT,181.79,182.518,181.51,1,0.245,0.66,181.678,0.45,0,0.675,0.685,0,0,0,0,0.0,2,1.0,0.549,2,0.688,0.906,0.08,0.221,0.0,0.2421,181.79,0.7,1.126,1,2,0.943,0,4484,0.44,1.67,0,0.0,0.206,0.08,0.087,0.7,0.675,1,0.685,16.0,161.9
36362,NVDAm_20251016150000_0,NVDAm,BREAKOUT,BUY,1,2025.10.16 15:00:00,2025.10.16 15:30:16,30,182.57,182.08,-49.0,-245.0,0.389,0.161,SL_HIT,181.79,182.518,181.51,1,0.245,0.66,181.678,0.45,0,0.675,0.685,0,0,0,0,0.0,2,1.0,0.549,2,0.688,0.906,0.08,0.221,0.0,0.2421,181.79,0.7,1.126,1,2,0.943,0,4484,0.44,1.67,0,0.0,0.206,0.08,0.087,0.7,0.675,1,0.685,16.0,161.9
36366,NVDAm_20251016153017_1,NVDAm,BREAKOUT_RETEST,BUY,0,2025.10.16 15:30:17,2025.10.16 15:33:16,2,182.25,182.41,16.0,80.0,0.216,0.136,TRAIL_STOP,181.79,182.518,181.51,1,0.245,0.66,181.678,0.45,0,0.675,0.685,0,0,0,0,0.0,0,0.78,0.435,1,0.7,0.206,0.08,0.087,0.0,0.0,181.51,0.6,0.622,1,2,0.943,0,4484,0.462,1.92,0,0.0,0.206,0.08,0.221,0.7,0.675,1,0.685,16.0,161.9
36369,NVDAm_20251016153028_2,NVDAm,PULLBACK,BUY,0,2025.10.16 15:30:28,2025.10.16 15:33:16,2,182.17,182.41,24.0,120.0,0.167,0.185,TRAIL_STOP,181.79,182.518,181.51,1,0.245,0.66,181.678,0.45,0,0.675,0.685,0,0,0,0,0.0,0,0.78,0.424,1,0.7,0.206,0.08,0.001,0.0,0.0,181.51,0.6,0.53,1,2,0.943,0,4484,0.52,2.0,0,0.0,0.206,0.08,0.221,0.7,0.675,1,0.685,16.0,161.9
36367,NVDAm_20251016153017_1,NVDAm,BREAKOUT_RETEST,BUY,1,2025.10.16 15:30:17,2025.10.16 15:33:28,3,182.25,182.32,7.0,35.0,0.216,0.136,TRAIL_STOP,181.79,182.518,181.51,1,0.245,0.66,181.678,0.45,0,0.675,0.685,0,0,0,0,0.0,0,0.78,0.435,1,0.7,0.206,0.08,0.087,0.0,0.0,181.51,0.6,0.622,1,2,0.943,0,4484,0.462,1.92,0,0.0,0.206,0.08,0.207,0.7,0.675,1,0.685,16.0,161.9
36370,NVDAm_20251016153028_2,NVDAm,PULLBACK,BUY,1,2025.10.16 15:30:28,2025.10.16 15:33:28,3,182.17,182.32,15.0,75.0,0.167,0.185,TRAIL_STOP,181.79,182.518,181.51,1,0.245,0.66,181.678,0.45,0,0.675,0.685,0,0,0,0,0.0,0,0.78,0.424,1,0.7,0.206,0.08,0.001,0.0,0.0,181.51,0.6,0.53,1,2,0.943,0,4484,0.52,2.0,0,0.0,0.206,0.08,0.207,0.7,0.675,1,0.685,16.0,161.9
36376,NVDAm_20251016153727_3,NVDAm,TREND_CONTINUATION,BUY,0,2025.10.16 15:37:27,2025.10.16 15:39:27,2,182.77,182.45,-32.0,-160.0,0.185,0.0,SL_HIT,181.79,182.518,181.51,0,0.245,0.66,181.678,0.45,0,0.675,0.685,0,0,0,0,0.0,0,0.78,0.463,1,0.7,0.206,0.08,0.205,0.0,0.0,181.79,0.7,0.858,1,2,0.943,0,4484,0.447,2.08,0,0.0,0.206,0.08,0.221,0.7,0.675,1,0.685,16.0,161.9
36377,NVDAm_20251016153727_3,NVDAm,TREND_CONTINUATION,BUY,1,2025.10.16 15:37:27,2025.10.16 15:40:17,2,182.77,182.36,-41.0,-205.0,0.247,0.0,SL_HIT,181.79,182.518,181.51,0,0.245,0.66,181.678,0.45,0,0.675,0.685,0,0,0,0,0.0,0,0.78,0.463,1,0.7,0.206,0.08,0.205,0.0,0.0,181.79,0.7,0.858,1,2,0.943,0,4484,0.447,2.08,0,0.0,0.206,0.08,0.207,0.7,0.675,1,0.685,16.0,161.9
36365,NVDAm_20251016153017_1,NVDAm,BREAKOUT_RETEST,BUY,-1,2025.10.16 15:30:17,2025.10.16 15:45:41,15,182.25,181.76,-49.0,-245.0,0.296,0.278,SL_HIT,181.79,182.518,181.51,1,0.245,0.66,181.678,0.45,0,0.675,0.685,0,0,0,0,0.0,0,0.78,0.435,1,0.7,0.206,0.08,0.087,0.0,0.0,181.51,0.6,0.622,1,2,0.943,0,4484,0.462,1.92,0,0.0,0.206,0.08,0.011,0.7,0.675,1,0.685,16.0,161.9
36382,NVDAm_20251016162628_5,NVDAm,MEAN_REVERSION,BUY,0,2025.10.16 16:26:28,2025.10.16 16:26:36,0,181.09,180.85,-24.0,-120.0,0.132,0.0,SL_HIT,182.014,182.518,181.51,0,0.061,0.275,182.126,0.45,0,0.5,0.72,0,0,0,0,0.0,0,0.886,0.449,1,0.806,0.216,0.287,0.357,0.15,0.0,182.014,0.7,0.477,1,1,0.964,0,4485,0.692,0.81,0,0.15,0.216,0.287,0.357,0.806,0.5,0,0.72,16.0,166.8
36375,NVDAm_20251016153727_3,NVDAm,TREND_CONTINUATION,BUY,-1,2025.10.16 15:37:27,2025.10.16 16:26:37,49,182.77,180.82,-195.0,-975.0,1.192,0.0,SL_HIT,181.79,182.518,181.51,0,0.245,0.66,181.678,0.45,0,0.675,0.685,0,0,0,0,0.0,0,0.78,0.463,1,0.7,0.206,0.08,0.205,0.0,0.0,181.79,0.7,0.858,1,2,0.943,0,4484,0.447,2.08,0,0.15,0.216,0.287,0.357,0.806,0.5,0,0.72,16.0,166.8
36383,NVDAm_20251016162628_5,NVDAm,MEAN_REVERSION,BUY,1,2025.10.16 16:26:28,2025.10.16 16:26:39,0,181.09,180.76,-33.0,-165.0,0.186,0.0,SL_HIT,182.014,182.518,181.51,0,0.061,0.275,182.126,0.45,0,0.5,0.72,0,0,0,0,0.0,0,0.886,0.449,1,0.806,0.216,0.287,0.357,0.15,0.0,182.014,0.7,0.477,1,1,0.964,0,4485,0.692,0.81,0,0.15,0.216,0.287,0.357,0.806,0.5,0,0.72,16.0,166.8
36350,NVDAm_20251016110000_0,NVDAm,BREAKOUT,BUY,-1,2025.10.16 11:00:00,2025.10.16 16:30:05,330,182.37,180.71,-166.0,-830.0,1.002,0.498,SL_HIT,179.9915,180.353,178.184,0,0.91,0.178,179.9915,0.45,0,0.975,-0.825,0,0,0,0,0.0,2,1.0,0.524,2,0.508,0.947,0.329,0.239,0.15,0.2703,179.9915,0.711,0.843,1,2,0.978,0,4480,0.624,2.48,0,0.15,0.216,0.287,0.357,0.806,0.5,0,0.72,16.0,166.8
36355,NVDAm_20251016130000_0,NVDAm,BREAKOUT,BUY,-1,2025.10.16 13:00:00,2025.10.16 16:30:26,210,182.8,180.46,-234.0,-1170.0,1.492,0.25,SL_HIT,180.08925,181.774,179.43,0,0.2,0.669,180.08925,0.8,0,1.0,-0.72,0,0,0,0,0.0,2,1.0,0.54,2,0.617,0.916,0.088,0.344,0.25,0.6968,180.08925,0.752,1.1,1,2,0.943,0,4482,0.635,1.67,0,0.15,0.216,0.287,0.357,0.806,0.5,0,0.72,16.0,166.8
36389,NVDAm_20251016163013_4,NVDAm,SWEEP_REVERSAL,BUY,0,2025.10.16 16:30:13,2025.10.16 16:30:27,0,180.83,180.4,-43.0,-215.0,0.246,0.0,SL_HIT,182.014,182.518,181.51,0,0.061,0.275,182.126,0.45,0,0.5,0.72,0,0,0,0,0.0,0,0.886,0.441,1,0.806,0.216,0.287,0.357,0.15,0.0,182.014,0.7,0.407,1,1,0.964,0,4485,0.227,0.81,0,0.15,0.216,0.287,0.357,0.806,0.5,0,0.72,16.0,166.8
36390,NVDAm_20251016163013_4,NVDAm,SWEEP_REVERSAL,BUY,1,2025.10.16 16:30:13,2025.10.16 16:30:36,0,180.83,180.31,-52.0,-260.0,0.306,0.0,SL_HIT,182.014,182.518,181.51,0,0.061,0.275,182.126,0.45,0,0.5,0.72,0,0,0,0,0.0,0,0.886,0.441,1,0.806,0.216,0.287,0.357,0.15,0.0,182.014,0.7,0.407,1,1,0.964,0,4485,0.227,0.81,0,0.15,0.216,0.287,0.357,0.806,0.5,0,0.72,16.0,166.8
36360,NVDAm_20251016150000_0,NVDAm,BREAKOUT,BUY,-1,2025.10.16 15:00:00,2025.10.16 16:32:16,92,182.57,180.14,-243.0,-1215.0,1.445,0.161,SL_HIT,181.79,182.518,181.51,1,0.245,0.66,181.678,0.45,0,0.675,0.685,0,0,0,0,0.0,2,1.0,0.549,2,0.688,0.906,0.08,0.221,0.0,0.2421,181.79,0.7,1.126,1,2,0.943,0,4484,0.44,1.67,0,0.15,0.216,0.287,0.357,0.806,0.5,0,0.72,16.0,166.8
36368,NVDAm_20251016153028_2,NVDAm,PULLBACK,BUY,-1,2025.10.16 15:30:28,2025.10.16 16:33:05,62,182.17,179.74,-243.0,-1215.0,1.47,0.327,SL_HIT,181.79,182.518,181.51,1,0.245,0.66,181.678,0.45,0,0.675,0.685,0,0,0,0,0.0,0,0.78,0.424,1,0.7,0.206,0.08,0.001,0.0,0.0,181.51,0.6,0.53,1,2,0.943,0,4484,0.52,2.0,0,0.15,0.216,0.287,0.357,0.806,0.5,0,0.72,16.0,166.8
36381,NVDAm_20251016162628_5,NVDAm,MEAN_REVERSION,BUY,-1,2025.10.16 16:26:28,2025.10.16 16:33:05,6,181.09,179.74,-135.0,-675.0,0.779,0.0,SL_HIT,182.014,182.518,181.51,0,0.061,0.275,182.126,0.45,0,0.5,0.72,0,0,0,0,0.0,0,0.886,0.449,1,0.806,0.216,0.287,0.357,0.15,0.0,182.014,0.7,0.477,1,1,0.964,0,4485,0.692,0.81,0,0.15,0.216,0.287,0.357,0.806,0.5,0,0.72,16.0,166.8
36388,NVDAm_20251016163013_4,NVDAm,SWEEP_REVERSAL,BUY,-1,2025.10.16 16:30:13,2025.10.16 17:28:38,58,180.83,182.18,135.0,675.0,0.678,0.797,TP_HIT,182.014,182.518,181.51,0,0.061,0.275,182.126,0.45,0,0.5,0.72,0,0,0,0,0.0,0,0.886,0.441,1,0.806,0.216,0.287,0.357,0.15,0.0,182.014,0.7,0.407,1,1,0.964,0,4485,0.227,0.81,6,0.55,0.174,0.608,0.527,0.754,0.825,1,0.58,16.0,176.5
36399,NVDAm_20251016180000_1,NVDAm,BREAKOUT_RETEST,BUY,0,2025.10.16 18:00:00,2025.10.16 18:00:19,0,182.17,182.02,-15.0,-75.0,0.107,0.0,SL_HIT,181.88125,182.841,181.2705,1,0.029,0.687,181.88125,0.45,0,0.6,0.615,0,0,0,0,0.0,0,0.819,0.343,0,0.739,0.185,0.203,0.168,0.25,0.0,181.2705,0.6,0.599,1,1,0.964,0,4487,0.398,3.39,0,0.25,0.185,0.203,0.168,0.739,0.6,1,0.615,16.0,159.1
36400,NVDAm_20251016180000_1,NVDAm,BREAKOUT_RETEST,BUY,1,2025.10.16 18:00:00,2025.10.16 18:00:30,0,182.17,181.95,-22.0,-110.0,0.132,0.0,SL_HIT,181.88125,182.841,181.2705,1,0.029,0.687,181.88125,0.45,0,0.6,0.615,0,0,0,0,0.0,0,0.819,0.343,0,0.739,0.185,0.203,0.168,0.25,0.0,181.2705,0.6,0.599,1,1,0.964,0,4487,0.398,3.39,0,0.25,0.185,0.203,0.1,0.739,0.6,1,0.615,16.0,159.1
36404,NVDAm_20251016180144_0,NVDAm,BREAKOUT,BUY,0,2025.10.16 18:01:44,2025.10.16 18:01:59,0,182.04,181.83,-21.0,-105.0,0.113,0.0,SL_HIT,181.88125,182.841,181.2705,1,0.029,0.687,181.88125,0.45,0,0.6,0.615,0,0,0,0,0.0,0,0.819,0.333,0,0.739,0.185,0.203,0.1,0.25,0.0,181.2705,0.6,0.513,1,1,0.964,0,4487,0.263,1.59,0,0.25,0.185,0.203,0.1,0.739,0.6,1,0.615,16.0,159.1
36407,NVDAm_20251016180145_2,NVDAm,PULLBACK,BUY,0,2025.10.16 18:01:45,2025.10.16 18:01:59,0,182.04,181.83,-21.0,-105.0,0.113,0.0,SL_HIT,181.88125,182.841,181.2705,1,0.029,0.687,181.88125,0.45,0,0.6,0.615,0,0,0,0,0.0,0,0.819,0.333,0,0.739,0.185,0.203,0.1,0.25,0.0,181.2705,0.6,0.513,1,1,0.964,0,4487,0.469,1.59,0,0.25,0.185,0.203,0.1,0.739,0.6,1,0.615,16.0,159.1
36405,NVDAm_20251016180144_0,NVDAm,BREAKOUT,BUY,1,2025.10.16 18:01:44,2025.10.16 18:03:17,1,182.04,181.74,-30.0,-150.0,0.176,0.0,SL_HIT,181.88125,182.841,181.2705,1,0.029,0.687,181.88125,0.45,0,0.6,0.615,0,0,0,0,0.0,0,0.819,0.333,0,0.739,0.185,0.203,0.1,0.25,0.0,181.2705,0.6,0.513,1,1,0.964,0,4487,0.263,1.59,0,0.25,0.185,0.203,0.137,0.739,0.6,1,0.615,16.0,159.1
36408,NVDAm_20251016180145_2,NVDAm,PULLBACK,BUY,1,2025.10.16 18:01:45,2025.10.16 18:03:17,1,182.04,181.74,-30.0,-150.0,0.176,0.0,SL_HIT,181.88125,182.841,181.2705,1,0.029,0.687,181.88125,0.45,0,0.6,0.615,0,0,0,0,0.0,0,0.819,0.333,0,0.739,0.185,0.203,0.1,0.25,0.0,181.2705,0.6,0.513,1,1,0.964,0,4487,0.469,1.59,0,0.25,0.185,0.203,0.137,0.739,0.6,1,0.615,16.0,159.1
36398,NVDAm_20251016180000_1,NVDAm,BREAKOUT_RETEST,BUY,-1,2025.10.16 18:00:00,2025.10.16 18:03:26,3,182.17,181.69,-48.0,-240.0,0.295,0.0,SL_HIT,181.88125,182.841,181.2705,1,0.029,0.687,181.88125,0.45,0,0.6,0.615,0,0,0,0,0.0,0,0.819,0.343,0,0.739,0.185,0.203,0.168,0.25,0.0,181.2705,0.6,0.599,1,1,0.964,0,4487,0.398,3.39,0,0.25,0.185,0.203,0.137,0.739,0.6,1,0.615,16.0,159.1
36403,NVDAm_20251016180144_0,NVDAm,BREAKOUT,BUY,-1,2025.10.16 18:01:44,2025.10.16 18:04:33,2,182.04,181.27,-77.0,-385.0,0.478,0.0,SL_HIT,181.88125,182.841,181.2705,1,0.029,0.687,181.88125,0.45,0,0.6,0.615,0,0,0,0,0.0,0,0.819,0.333,0,0.739,0.185,0.203,0.1,0.25,0.0,181.2705,0.6,0.513,1,1,0.964,0,4487,0.263,1.59,0,0.25,0.185,0.203,0.314,0.739,0.6,0,0.615,16.0,159.1
36406,NVDAm_20251016180145_2,NVDAm,PULLBACK,BUY,-1,2025.10.16 18:01:45,2025.10.16 18:04:33,2,182.04,181.27,-77.0,-385.0,0.478,0.0,SL_HIT,181.88125,182.841,181.2705,1,0.029,0.687,181.88125,0.45,0,0.6,0.615,0,0,0,0,0.0,0,0.819,0.333,0,0.739,0.185,0.203,0.1,0.25,0.0,181.2705,0.6,0.513,1,1,0.964,0,4487,0.469,1.59,0,0.25,0.185,0.203,0.314,0.739,0.6,0,0.615,16.0,159.1
36417,NVDAm_20251016181231_3,NVDAm,TREND_CONTINUATION,BUY,0,2025.10.16 18:12:31,2025.10.16 18:12:41,0,180.53,180.3,-23.0,-115.0,0.138,0.0,SL_HIT,181.88125,182.841,181.2705,0,0.029,0.687,181.88125,0.45,0,0.6,0.615,0,0,0,0,0.0,0,0.819,0.321,0,0.739,0.185,0.203,0.323,0.25,0.0,179.15775,0.65,0.414,1,1,0.964,0,4487,0.371,1.43,0,0.25,0.185,0.203,0.323,0.739,0.6,0,0.615,16.0,159.1
36418,NVDAm_20251016181231_3,NVDAm,TREND_CONTINUATION,BUY,1,2025.10.16 18:12:31,2025.10.16 18:12:55,0,180.53,180.22,-31.0,-155.0,0.189,0.0,SL_HIT,181.88125,182.841,181.2705,0,0.029,0.687,181.88125,0.45,0,0.6,0.615,0,0,0,0,0.0,0,0.819,0.321,0,0.739,0.185,0.203,0.323,0.25,0.0,179.15775,0.65,0.414,1,1,0.964,0,4487,0.371,1.43,0,0.25,0.185,0.203,0.322,0.739,0.6,0,0.615,16.0,159.1
36422,NVDAm_20251016182628_5,NVDAm,MEAN_REVERSION,BUY,0,2025.10.16 18:26:28,2025.10.16 18:48:26,21,180.43,180.85,42.0,210.0,0.421,0.471,TRAIL_STOP,181.88125,182.841,181.2705,0,0.029,0.687,181.88125,0.45,0,0.6,0.615,0,0,0,0,0.0,0,0.819,0.324,0,0.739,0.185,0.203,0.323,0.25,0.0,179.15775,0.65,0.44,1,1,0.964,0,4487,0.638,1.27,0,0.25,0.185,0.203,0.329,0.739,0.6,0,0.615,16.0,159.1
36425,NVDAm_20251016183013_4,NVDAm,SWEEP_REVERSAL,BUY,0,2025.10.16 18:30:13,2025.10.16 18:48:26,18,180.38,180.85,47.0,235.0,0.39,0.503,TRAIL_STOP,181.88125,182.841,181.2705,0,0.029,0.687,181.88125,0.45,0,0.6,0.615,0,0,0,0,0.0,0,0.819,0.326,0,0.739,0.185,0.203,0.322,0.25,0.0,179.15775,0.65,0.452,1,1,0.964,0,4487,0.207,1.04,0,0.25,0.185,0.203,0.329,0.739,0.6,0,0.615,16.0,159.1
36423,NVDAm_20251016182628_5,NVDAm,MEAN_REVERSION,BUY,1,2025.10.16 18:26:28,2025.10.16 18:50:04,23,180.43,180.78,35.0,175.0,0.421,0.471,TRAIL_STOP,181.88125,182.841,181.2705,0,0.029,0.687,181.88125,0.45,0,0.6,0.615,0,0,0,0,0.0,0,0.819,0.324,0,0.739,0.185,0.203,0.323,0.25,0.0,179.15775,0.65,0.44,1,1,0.964,0,4487,0.638,1.27,0,0.25,0.185,0.203,0.329,0.739,0.6,0,0.615,16.0,159.1
36426,NVDAm_20251016183013_4,NVDAm,SWEEP_REVERSAL,BUY,1,2025.10.16 18:30:13,2025.10.16 18:50:04,19,180.38,180.78,40.0,200.0,0.39,0.503,TRAIL_STOP,181.88125,182.841,181.2705,0,0.029,0.687,181.88125,0.45,0,0.6,0.615,0,0,0,0,0.0,0,0.819,0.326,0,0.739,0.185,0.203,0.322,0.25,0.0,179.15775,0.65,0.452,1,1,0.964,0,4487,0.207,1.04,0,0.25,0.185,0.203,0.329,0.739,0.6,0,0.615,16.0,159.1
36432,NVDAm_20251016190000_7,NVDAm,ANCHORED_PULLBACK,BUY,0,2025.10.16 19:00:00,2025.10.16 19:00:17,0,181.56,181.38,-18.0,-90.0,0.097,0.0,SL_HIT,181.81275,182.517,180.4825,1,0.155,0.724,181.81275,0.65,0,0.65,0.825,0,0,0,0,0.0,2,1.0,0.469,1,0.63,0.947,0.335,0.21,0.3,0.2812,180.4825,0.6,0.672,1,1,0.964,0,4488,0.664,0.95,0,0.0,0.247,0.23,0.09,0.655,0.65,1,0.825,16.0,165.0
36433,NVDAm_20251016190000_7,NVDAm,ANCHORED_PULLBACK,BUY,1,2025.10.16 19:00:00,2025.10.16 19:00:28,0,181.56,181.28,-28.0,-140.0,0.158,0.0,SL_HIT,181.81275,182.517,180.4825,1,0.155,0.724,181.81275,0.65,0,0.65,0.825,0,0,0,0,0.0,2,1.0,0.469,1,0.63,0.947,0.335,0.21,0.3,0.2812,180.4825,0.6,0.672,1,1,0.964,0,4488,0.664,0.95,0,0.0,0.247,0.23,0.09,0.655,0.65,1,0.825,16.0,165.0
36431,NVDAm_20251016190000_7,NVDAm,ANCHORED_PULLBACK,BUY,-1,2025.10.16 19:00:00,2025.10.16 19:19:33,19,181.56,180.55,-101.0,-505.0,0.606,0.0,SL_HIT,181.81275,182.517,180.4825,1,0.155,0.724,181.81275,0.65,0,0.65,0.825,0,0,0,0,0.0,2,1.0,0.469,1,0.63,0.947,0.335,0.21,0.3,0.2812,180.4825,0.6,0.672,1,1,0.964,0,4488,0.664,0.95,0,0.0,0.247,0.23,0.167,0.655,0.65,1,0.825,16.0,165.0
36416,NVDAm_20251016181231_3,NVDAm,TREND_CONTINUATION,BUY,-1,2025.10.16 18:12:31,2025.10.17 10:00:00,947,180.53,176.88,-365.0,-1844.0,0.484,0.629,SL_HIT,181.88125,182.841,181.2705,0,0.029,0.687,181.88125,0.45,0,0.6,0.615,0,0,0,0,0.0,0,0.819,0.321,0,0.739,0.185,0.203,0.323,0.25,0.0,179.15775,0.65,0.414,1,1,0.964,0,4487,0.371,1.43,0,0.4,0.134,0.551,0.757,0.58,0.462,0,0.4469,96.0,150.9
36421,NVDAm_20251016182628_5,NVDAm,MEAN_REVERSION,BUY,-1,2025.10.16 18:26:28,2025.10.17 10:00:00,933,180.43,176.88,-355.0,-1794.0,0.421,0.692,SL_HIT,181.88125,182.841,181.2705,0,0.029,0.687,181.88125,0.45,0,0.6,0.615,0,0,0,0,0.0,0,0.819,0.324,0,0.739,0.185,0.203,0.323,0.25,0.0,179.15775,0.65,0.44,1,1,0.964,0,4487,0.638,1.27,0,0.4,0.134,0.551,0.757,0.58,0.462,0,0.4469,96.0,150.9
36424,NVDAm_20251016183013_4,NVDAm,SWEEP_REVERSAL,BUY,-1,2025.10.16 18:30:13,2025.10.17 10:00:00,929,180.38,176.88,-350.0,-1769.0,0.39,0.723,SL_HIT,181.88125,182.841,181.2705,0,0.029,0.687,181.88125,0.45,0,0.6,0.615,0,0,0,0,0.0,0,0.819,0.326,0,0.739,0.185,0.203,0.322,0.25,0.0,179.15775,0.65,0.452,1,1,0.964,0,4487,0.207,1.04,0,0.4,0.134,0.551,0.757,0.58,0.462,0,0.4469,96.0,150.9
36441,NVDAm_20251017100000_3,NVDAm,TREND_CONTINUATION,BUY,0,2025.10.17 10:00:00,2025.10.17 10:00:43,0,177.84,177.04,-80.0,-400.0,0.616,0.0,SL_HIT,181.73625,181.875,180.21,0,2.482,0.276,180.34875,0.3,0,0.462,0.4469,4,0,0,-1,0.0,0,0.69,0.481,1,0.61,0.134,0.551,0.457,0.4,0.0,179.15775,0.65,1.443,1,2,0.972,0,4489,0.353,1.26,0,0.4,0.134,0.551,0.457,0.61,0.462,0,0.4469,96.0,150.9
36444,NVDAm_20251017100003_4,NVDAm,SWEEP_REVERSAL,BUY,0,2025.10.17 10:00:03,2025.10.17 10:00:43,0,177.87,177.04,-83.0,-415.0,0.616,0.0,SL_HIT,181.73625,181.875,180.21,0,2.482,0.276,180.34875,0.3,0,0.462,0.4469,4,0,0,-1,0.0,0,0.69,0.48,1,0.61,0.134,0.551,0.457,0.4,0.0,179.15775,0.65,1.434,1,2,0.972,0,4489,0.378,1.49,0,0.4,0.134,0.551,0.457,0.61,0.462,0,0.4469,96.0,150.9
36447,NVDAm_20251017100006_5,NVDAm,MEAN_REVERSION,BUY,0,2025.10.17 10:00:06,2025.10.17 10:00:43,0,177.91,177.04,-87.0,-435.0,0.643,0.0,SL_HIT,181.73625,181.875,180.21,0,2.482,0.276,180.34875,0.3,0,0.462,0.4469,4,0,0,-1,0.0,0,0.69,0.478,1,0.61,0.134,0.551,0.457,0.4,0.0,179.15775,0.65,1.423,1,2,0.972,0,4489,0.647,1.83,0,0.4,0.134,0.551,0.457,0.61,0.462,0,0.4469,96.0,150.9
36442,NVDAm_20251017100000_3,NVDAm,TREND_CONTINUATION,BUY,1,2025.10.17 10:00:00,2025.10.17 10:01:59,1,177.84,176.97,-87.0,-435.0,0.616,0.0,SL_HIT,181.73625,181.875,180.21,0,2.482,0.276,180.34875,0.3,0,0.462,0.4469,4,0,0,-1,0.0,0,0.69,0.481,1,0.61,0.134,0.551,0.457,0.4,0.0,179.15775,0.65,1.443,1,2,0.972,0,4489,0.353,1.26,0,0.4,0.134,0.551,0.457,0.61,0.462,0,0.4469,96.0,150.9
36445,NVDAm_20251017100003_4,NVDAm,SWEEP_REVERSAL,BUY,1,2025.10.17 10:00:03,2025.10.17 10:01:59,1,177.87,176.97,-90.0,-450.0,0.616,0.0,SL_HIT,181.73625,181.875,180.21,0,2.482,0.276,180.34875,0.3,0,0.462,0.4469,4,0,0,-1,0.0,0,0.69,0.48,1,0.61,0.134,0.551,0.457,0.4,0.0,179.15775,0.65,1.434,1,2,0.972,0,4489,0.378,1.49,0,0.4,0.134,0.551,0.457,0.61,0.462,0,0.4469,96.0,150.9
36448,NVDAm_20251017100006_5,NVDAm,MEAN_REVERSION,BUY,1,2025.10.17 10:00:06,2025.10.17 10:01:59,1,177.91,176.97,-94.0,-470.0,0.643,0.0,SL_HIT,181.73625,181.875,180.21,0,2.482,0.276,180.34875,0.3,0,0.462,0.4469,4,0,0,-1,0.0,0,0.69,0.478,1,0.61,0.134,0.551,0.457,0.4,0.0,179.15775,0.65,1.423,1,2,0.972,0,4489,0.647,1.83,0,0.4,0.134,0.551,0.457,0.61,0.462,0,0.4469,96.0,150.9
36456,NVDAm_20251017120008_5,NVDAm,MEAN_REVERSION,BUY,0,2025.10.17 12:00:08,2025.10.17 12:01:14,1,180.18,179.58,-60.0,-300.0,0.473,0.0,SL_HIT,180.65725,181.8295,180.006,0,0.546,0.525,180.65725,0.35,2,0.75,-0.72,0,0,0,-1,0.0,0,0.76,0.396,1,0.68,0.216,0.12,0.222,0.0,0.0,180.65725,0.745,0.352,1,2,0.997,0,4491,0.626,0.96,0,0.0,0.216,0.12,0.222,0.68,0.75,0,-0.72,64.0,145.9
36459,NVDAm_20251017120012_4,NVDAm,SWEEP_REVERSAL,BUY,0,2025.10.17 12:00:12,2025.10.17 12:01:14,1,180.13,179.58,-55.0,-275.0,0.425,0.0,SL_HIT,180.65725,181.8295,180.006,0,0.546,0.525,180.65725,0.35,2,0.75,-0.72,0,0,0,-1,0.0,0,0.76,0.398,1,0.68,0.216,0.12,0.222,0.0,0.0,180.65725,0.745,0.366,1,2,0.997,0,4491,0.129,0.8,0,0.0,0.216,0.12,0.222,0.68,0.75,0,-0.72,64.0,145.9
36457,NVDAm_20251017120008_5,NVDAm,MEAN_REVERSION,BUY,1,2025.10.17 12:00:08,2025.10.17 12:03:41,3,180.18,179.71,-47.0,-235.0,0.473,0.0,SL_HIT,180.65725,181.8295,180.006,0,0.546,0.525,180.65725,0.35,2,0.75,-0.72,0,0,0,-1,0.0,0,0.76,0.396,1,0.68,0.216,0.12,0.222,0.0,0.0,180.65725,0.745,0.352,1,2,0.997,0,4491,0.626,0.96,0,0.0,0.216,0.12,0.222,0.68,0.75,0,-0.72,64.0,145.9
36460,NVDAm_20251017120012_4,NVDAm,SWEEP_REVERSAL,BUY,1,2025.10.17 12:00:12,2025.10.17 12:03:41,3,180.13,179.71,-42.0,-210.0,0.432,0.0,SL_HIT,180.65725,181.8295,180.006,0,0.546,0.525,180.65725,0.35,2,0.75,-0.72,0,0,0,-1,0.0,0,0.76,0.398,1,0.68,0.216,0.12,0.222,0.0,0.0,180.65725,0.745,0.366,1,2,0.997,0,4491,0.129,0.8,0,0.0,0.216,0.12,0.222,0.68,0.75,0,-0.72,64.0,145.9
36440,NVDAm_20251017100000_3,NVDAm,TREND_CONTINUATION,BUY,-1,2025.10.17 10:00:00,2025.10.17 12:07:28,127,177.84,180.12,228.0,1140.0,0.616,1.504,TP_HIT,181.73625,181.875,180.21,0,2.482,0.276,180.34875,0.3,0,0.462,0.4469,4,0,0,-1,0.0,0,0.69,0.481,1,0.61,0.134,0.551,0.457,0.4,0.0,179.15775,0.65,1.443,1,2,0.972,0,4489,0.353,1.26,0,0.0,0.216,0.12,0.157,0.68,0.75,1,-0.72,64.0,145.9
36443,NVDAm_20251017100003_4,NVDAm,SWEEP_REVERSAL,BUY,-1,2025.10.17 10:00:03,2025.10.17 12:07:28,127,177.87,180.12,225.0,1125.0,0.616,1.484,TP_HIT,181.73625,181.875,180.21,0,2.482,0.276,180.34875,0.3,0,0.462,0.4469,4,0,0,-1,0.0,0,0.69,0.48,1,0.61,0.134,0.551,0.457,0.4,0.0,179.15775,0.65,1.434,1,2,0.972,0,4489,0.378,1.49,0,0.0,0.216,0.12,0.157,0.68,0.75,1,-0.72,64.0,145.9
36446,NVDAm_20251017100006_5,NVDAm,MEAN_REVERSION,BUY,-1,2025.10.17 10:00:06,2025.10.17 12:07:28,127,177.91,180.12,221.0,1105.0,0.643,1.458,TP_HIT,181.73625,181.875,180.21,0,2.482,0.276,180.34875,0.3,0,0.462,0.4469,4,0,0,-1,0.0,0,0.69,0.478,1,0.61,0.134,0.551,0.457,0.4,0.0,179.15775,0.65,1.423,1,2,0.972,0,4489,0.647,1.83,0,0.0,0.216,0.12,0.157,0.68,0.75,1,-0.72,64.0,145.9
36455,NVDAm_20251017120008_5,NVDAm,MEAN_REVERSION,BUY,-1,2025.10.17 12:00:08,2025.10.17 13:48:30,108,180.18,181.31,113.0,565.0,0.665,0.727,TP_HIT,180.65725,181.8295,180.006,0,0.546,0.525,180.65725,0.35,2,0.75,-0.72,0,0,0,-1,0.0,0,0.76,0.396,1,0.68,0.216,0.12,0.222,0.0,0.0,180.65725,0.745,0.352,1,2,0.997,0,4491,0.626,0.96,0,0.25,0.174,0.207,0.278,0.594,0.825,1,-0.58,16.0,141.8
36458,NVDAm_20251017120012_4,NVDAm,SWEEP_REVERSAL,BUY,-1,2025.10.17 12:00:12,2025.10.17 13:48:30,108,180.13,181.31,118.0,590.0,0.631,0.761,TP_HIT,180.65725,181.8295,180.006,0,0.546,0.525,180.65725,0.35,2,0.75,-0.72,0,0,0,-1,0.0,0,0.76,0.398,1,0.68,0.216,0.12,0.222,0.0,0.0,180.65725,0.745,0.366,1,2,0.997,0,4491,0.129,0.8,0,0.25,0.174,0.207,0.278,0.594,0.825,1,-0.58,16.0,141.8
36471,NVDAm_20251017141637_6,NVDAm,NAKED_POC,BUY,0,2025.10.17 14:16:37,2025.10.17 14:50:04,33,183.12,182.23,-89.0,-445.0,0.824,0.211,SL_HIT,179.51075,181.5245,178.8395,0,0.725,1.925,180.58475,0.5,0,0.9,-0.615,0,0,0,-1,0.0,0,0.689,0.477,1,0.609,0.185,0.175,0.369,0.25,0.0,180.58475,0.733,1.515,1,2,0.997,0,4493,0.324,2.33,0,0.25,0.185,0.295,0.369,0.609,0.9,0,-0.615,16.0,156.6
36472,NVDAm_20251017141637_6,NVDAm,NAKED_POC,BUY,1,2025.10.17 14:16:37,2025.10.17 14:50:04,33,183.12,182.23,-89.0,-445.0,0.824,0.211,SL_HIT,179.51075,181.5245,178.8395,0,0.725,1.925,180.58475,0.5,0,0.9,-0.615,0,0,0,-1,0.0,0,0.689,0.477,1,0.609,0.185,0.175,0.369,0.25,0.0,180.58475,0.733,1.515,1,2,0.997,0,4493,0.324,2.33,0,0.25,0.185,0.295,0.369,0.609,0.9,0,-0.615,16.0,156.6
36470,NVDAm_20251017141637_6,NVDAm,NAKED_POC,BUY,-1,2025.10.17 14:16:37,2025.10.17 15:21:27,64,183.12,180.85,-227.0,-1135.0,1.443,0.211,SL_HIT,179.51075,181.5245,178.8395,0,0.725,1.925,180.58475,0.5,0,0.9,-0.615,0,0,0,-1,0.0,0,0.689,0.477,1,0.609,0.185,0.175,0.369,0.25,0.0,180.58475,0.733,1.515,1,2,0.997,0,4493,0.324,2.33,0,0.25,0.195,0.285,0.33,0.723,0.65,1,-0.65,16.0,170.0
36477,NVDAm_20251017161637_6,NVDAm,NAKED_POC,BUY,0,2025.10.17 16:16:37,2025.10.17 16:17:33,0,182.75,182.57,-18.0,-90.0,0.104,0.0,SL_HIT,182.072,182.602,180.27,1,0.045,0.74,182.072,0.55,0,0.488,-0.6478,0,0,0,0,0.0,0,0.708,0.513,2,0.628,0.194,0.257,0.147,0.0,0.0,181.754,0.55,1.192,1,1,0.987,0,4495,0.358,2.16,0,0.0,0.194,0.257,0.147,0.628,0.488,1,-0.6478,16.0,182.9
36478,NVDAm_20251017161637_6,NVDAm,NAKED_POC,BUY,1,2025.10.17 16:16:37,2025.10.17 16:18:00,1,182.75,182.48,-27.0,-135.0,0.137,0.0,SL_HIT,182.072,182.602,180.27,1,0.045,0.74,182.072,0.55,0,0.488,-0.6478,0,0,0,0,0.0,0,0.708,0.513,2,0.628,0.194,0.257,0.147,0.0,0.0,181.754,0.55,1.192,1,1,0.987,0,4495,0.358,2.16,0,0.0,0.194,0.257,0.147,0.628,0.488,1,-0.6478,16.0,182.9
36482,NVDAm_20251017170000_1,NVDAm,BREAKOUT_RETEST,BUY,0,2025.10.17 17:00:00,2025.10.17 17:00:25,0,182.52,182.3,-22.0,-110.0,0.115,0.0,SL_HIT,182.496,182.814,180.906,1,0.042,1.321,182.496,0.45,0,0.418,0.6534,0,0,0,0,0.0,0,0.695,0.449,1,0.615,0.196,0.199,0.011,0.0,0.0,180.906,0.6,1.016,1,1,0.987,0,4496,0.361,11.09,0,0.0,0.196,0.199,0.011,0.615,0.418,1,0.6534,16.0,182.3
36483,NVDAm_20251017170000_1,NVDAm,BREAKOUT_RETEST,BUY,1,2025.10.17 17:00:00,2025.10.17 17:00:36,0,182.52,182.21,-31.0,-155.0,0.165,0.0,SL_HIT,182.496,182.814,180.906,1,0.042,1.321,182.496,0.45,0,0.418,0.6534,0,0,0,0,0.0,0,0.695,0.449,1,0.615,0.196,0.199,0.011,0.0,0.0,180.906,0.6,1.016,1,1,0.987,0,4496,0.361,11.09,0,0.0,0.196,0.199,0.011,0.615,0.418,1,0.6534,16.0,182.3
36481,NVDAm_20251017170000_1,NVDAm,BREAKOUT_RETEST,BUY,-1,2025.10.17 17:00:00,2025.10.17 17:21:57,21,182.52,181.97,-55.0,-275.0,0.296,0.071,SL_HIT,182.496,182.814,180.906,1,0.042,1.321,182.496,0.45,0,0.418,0.6534,0,0,0,0,0.0,0,0.695,0.449,1,0.615,0.196,0.199,0.011,0.0,0.0,180.906,0.6,1.016,1,1,0.987,0,4496,0.361,11.09,0,0.0,0.196,0.199,0.059,0.615,0.418,1,0.6534,16.0,182.3
36488,NVDAm_20251017181637_6,NVDAm,NAKED_POC,BUY,0,2025.10.17 18:16:37,2025.10.17 18:21:20,4,183.42,183.6,18.0,90.0,0.123,0.134,TRAIL_STOP,182.3125,183.1,181.7,0,0.158,0.331,182.4875,0.4,0,0.5,0.545,0,0,0,0,0.0,0,0.875,0.456,1,0.795,0.164,0.206,0.365,0.25,0.0,182.4875,0.738,1.249,1,1,0.987,0,4497,0.389,2.52,0,0.25,0.164,0.088,0.374,0.795,0.5,0,0.545,16.0,178.9
36489,NVDAm_20251017181637_6,NVDAm,NAKED_POC,BUY,1,2025.10.17 18:16:37,2025.10.17 18:25:33,8,183.42,183.61,19.0,95.0,0.123,0.196,TRAIL_STOP,182.3125,183.1,181.7,0,0.158,0.331,182.4875,0.4,0,0.5,0.545,0,0,0,0,0.0,0,0.875,0.456,1,0.795,0.164,0.206,0.365,0.25,0.0,182.4875,0.738,1.249,1,1,0.987,0,4497,0.389,2.52,0,0.25,0.164,0.088,0.374,0.795,0.5,0,0.545,16.0,178.9
36493,NVDAm_20251017184534_0,NVDAm,BREAKOUT,BUY,0,2025.10.17 18:45:34,2025.10.17 18:47:05,1,183.6,183.51,-9.0,-45.0,0.089,0.0,SL_HIT,182.3125,183.1,181.7,0,0.158,0.331,182.4875,0.4,0,0.5,0.545,0,0,0,0,0.0,0,0.875,0.452,1,0.795,0.164,0.206,0.374,0.25,0.0,182.4875,0.738,1.217,1,1,0.987,0,4497,0.363,4.4,0,0.25,0.164,0.206,0.374,0.795,0.5,0,0.545,16.0,178.9
36496,NVDAm_20251017184535_2,NVDAm,PULLBACK,BUY,0,2025.10.17 18:45:35,2025.10.17 18:47:05,1,183.62,183.51,-11.0,-55.0,0.101,0.0,SL_HIT,182.3125,183.1,181.7,0,0.158,0.331,182.4875,0.4,0,0.5,0.545,0,0,0,0,0.0,0,0.875,0.451,1,0.795,0.164,0.206,0.374,0.25,0.0,182.4875,0.738,1.212,1,1,0.987,0,4497,0.312,5.49,0,0.25,0.164,0.206,0.374,0.795,0.5,0,0.545,16.0,178.9
36499,NVDAm_20251017184537_3,NVDAm,TREND_CONTINUATION,BUY,0,2025.10.17 18:45:37,2025.10.17 18:47:05,1,183.61,183.51,-10.0,-50.0,0.095,0.0,SL_HIT,182.3125,183.1,181.7,0,0.158,0.331,182.4875,0.4,0,0.5,0.545,0,0,0,0,0.0,0,0.875,0.452,1,0.795,0.164,0.206,0.374,0.25,0.0,182.4875,0.738,1.214,1,1,0.987,0,4497,0.368,2.32,0,0.25,0.164,0.206,0.374,0.795,0.5,0,0.545,16.0,178.9
36494,NVDAm_20251017184534_0,NVDAm,BREAKOUT,BUY,1,2025.10.17 18:45:34,2025.10.17 18:47:27,1,183.6,183.42,-18.0,-90.0,0.095,0.0,SL_HIT,182.3125,183.1,181.7,0,0.158,0.331,182.4875,0.4,0,0.5,0.545,0,0,0,0,0.0,0,0.875,0.452,1,0.795,0.164,0.206,0.374,0.25,0.0,182.4875,0.738,1.217,1,1,0.987,0,4497,0.363,4.4,0,0.25,0.164,0.206,0.374,0.795,0.5,0,0.545,16.0,178.9
36497,NVDAm_20251017184535_2,NVDAm,PULLBACK,BUY,1,2025.10.17 18:45:35,2025.10.17 18:47:27,1,183.62,183.42,-20.0,-100.0,0.106,0.0,SL_HIT,182.3125,183.1,181.7,0,0.158,0.331,182.4875,0.4,0,0.5,0.545,0,0,0,0,0.0,0,0.875,0.451,1,0.795,0.164,0.206,0.374,0.25,0.0,182.4875,0.738,1.212,1,1,0.987,0,4497,0.312,5.49,0,0.25,0.164,0.206,0.374,0.795,0.5,0,0.545,16.0,178.9
36500,NVDAm_20251017184537_3,NVDAm,TREND_CONTINUATION,BUY,1,2025.10.17 18:45:37,2025.10.17 18:47:27,1,183.61,183.42,-19.0,-95.0,0.101,0.0,SL_HIT,182.3125,183.1,181.7,0,0.158,0.331,182.4875,0.4,0,0.5,0.545,0,0,0,0,0.0,0,0.875,0.452,1,0.795,0.164,0.206,0.374,0.25,0.0,182.4875,0.738,1.214,1,1,0.987,0,4497,0.368,2.32,0,0.25,0.164,0.206,0.374,0.795,0.5,0,0.545,16.0,178.9
36508,NVDAm_20251020100000_0,NVDAm,BREAKOUT,BUY,0,2025.10.20 10:00:00,2025.10.20 10:02:24,2,184.11,183.59,-52.0,-260.0,0.369,0.0,SL_HIT,182.30375,183.191,181.826,0,0.523,0.276,182.30375,0.5,0,0.9,0.79,0,0,0,0,0.0,0,0.688,0.44,1,0.688,0.237,0.137,0.528,0.15,-0.3194,182.30375,0.741,1.114,1,2,0.998,0,4499,0.48,4.65,0,0.15,0.237,0.137,0.228,0.7,0.9,0,0.79,64.0,170.6
36511,NVDAm_20251020100030_2,NVDAm,PULLBACK,BUY,0,2025.10.20 10:00:30,2025.10.20 10:02:24,1,184.13,183.59,-54.0,-270.0,0.381,0.0,SL_HIT,182.30375,183.191,181.826,0,0.523,0.276,182.30375,0.5,0,0.9,0.79,0,0,0,0,0.0,0,0.7,0.443,1,0.7,0.237,0.137,0.228,0.15,0.0,182.30375,0.741,1.109,1,2,0.998,0,4499,0.452,4.55,0,0.15,0.237,0.137,0.228,0.7,0.9,0,0.79,64.0,170.6
36514,NVDAm_20251020100059_3,NVDAm,TREND_CONTINUATION,BUY,0,2025.10.20 10:00:59,2025.10.20 10:02:24,1,184.12,183.59,-53.0,-265.0,0.369,0.0,SL_HIT,182.30375,183.191,181.826,0,0.523,0.276,182.30375,0.5,0,0.9,0.79,0,0,0,0,0.0,0,0.7,0.443,1,0.7,0.237,0.137,0.228,0.15,0.0,182.30375,0.741,1.112,1,2,0.998,0,4499,0.531,2.41,0,0.15,0.237,0.137,0.228,0.7,0.9,0,0.79,64.0,170.6
36517,NVDAm_20251020100104_6,NVDAm,NAKED_POC,BUY,0,2025.10.20 10:01:04,2025.10.20 10:02:24,1,184.15,183.59,-56.0,-280.0,0.369,0.0,SL_HIT,182.30375,183.191,181.826,0,0.523,0.276,182.30375,0.5,0,0.9,0.79,0,0,0,0,0.0,0,0.7,0.442,1,0.7,0.237,0.137,0.228,0.15,0.0,182.30375,0.741,1.105,1,2,0.998,0,4499,0.466,1.66,0,0.15,0.237,0.137,0.228,0.7,0.9,0,0.79,64.0,170.6
36509,NVDAm_20251020100000_0,NVDAm,BREAKOUT,BUY,1,2025.10.20 10:00:00,2025.10.20 10:02:48,2,184.11,183.48,-63.0,-315.0,0.369,0.0,SL_HIT,182.30375,183.191,181.826,0,0.523,0.276,182.30375,0.5,0,0.9,0.79,0,0,0,0,0.0,0,0.688,0.44,1,0.688,0.237,0.137,0.528,0.15,-0.3194,182.30375,0.741,1.114,1,2,0.998,0,4499,0.48,4.65,0,0.15,0.237,0.137,0.228,0.7,0.9,0,0.79,64.0,170.6
36512,NVDAm_20251020100030_2,NVDAm,PULLBACK,BUY,1,2025.10.20 10:00:30,2025.10.20 10:02:48,2,184.13,183.48,-65.0,-325.0,0.381,0.0,SL_HIT,182.30375,183.191,181.826,0,0.523,0.276,182.30375,0.5,0,0.9,0.79,0,0,0,0,0.0,0,0.7,0.443,1,0.7,0.237,0.137,0.228,0.15,0.0,182.30375,0.741,1.109,1,2,0.998,0,4499,0.452,4.55,0,0.15,0.237,0.137,0.228,0.7,0.9,0,0.79,64.0,170.6
36515,NVDAm_20251020100059_3,NVDAm,TREND_CONTINUATION,BUY,1,2025.10.20 10:00:59,2025.10.20 10:02:48,1,184.12,183.48,-64.0,-320.0,0.369,0.0,SL_HIT,182.30375,183.191,181.826,0,0.523,0.276,182.30375,0.5,0,0.9,0.79,0,0,0,0,0.0,0,0.7,0.443,1,0.7,0.237,0.137,0.228,0.15,0.0,182.30375,0.741,1.112,1,2,0.998,0,4499,0.531,2.41,0,0.15,0.237,0.137,0.228,0.7,0.9,0,0.79,64.0,170.6
36518,NVDAm_20251020100104_6,NVDAm,NAKED_POC,BUY,1,2025.10.20 10:01:04,2025.10.20 10:02:48,1,184.15,183.48,-67.0,-335.0,0.375,0.0,SL_HIT,182.30375,183.191,181.826,0,0.523,0.276,182.30375,0.5,0,0.9,0.79,0,0,0,0,0.0,0,0.7,0.442,1,0.7,0.237,0.137,0.228,0.15,0.0,182.30375,0.741,1.105,1,2,0.998,0,4499,0.466,1.66,0,0.15,0.237,0.137,0.228,0.7,0.9,0,0.79,64.0,170.6
36507,NVDAm_20251020100000_0,NVDAm,BREAKOUT,BUY,-1,2025.10.20 10:00:00,2025.10.20 10:47:59,47,184.11,183.02,-109.0,-545.0,0.615,0.0,SL_HIT,182.30375,183.191,181.826,0,0.523,0.276,182.30375,0.5,0,0.9,0.79,0,0,0,0,0.0,0,0.688,0.44,1,0.688,0.237,0.137,0.528,0.15,-0.3194,182.30375,0.741,1.114,1,2,0.998,0,4499,0.48,4.65,0,0.15,0.237,0.137,0.295,0.7,0.9,1,0.79,64.0,170.6
36510,NVDAm_20251020100030_2,NVDAm,PULLBACK,BUY,-1,2025.10.20 10:00:30,2025.10.20 10:47:59,47,184.13,183.02,-111.0,-555.0,0.627,0.0,SL_HIT,182.30375,183.191,181.826,0,0.523,0.276,182.30375,0.5,0,0.9,0.79,0,0,0,0,0.0,0,0.7,0.443,1,0.7,0.237,0.137,0.228,0.15,0.0,182.30375,0.741,1.109,1,2,0.998,0,4499,0.452,4.55,0,0.15,0.237,0.137,0.295,0.7,0.9,1,0.79,64.0,170.6
36527,NVDAm_20251020104745_1,NVDAm,BREAKOUT_RETEST,BUY,-1,2025.10.20 10:47:45,2025.10.20 10:47:59,0,183.72,183.02,-70.0,-350.0,0.387,0.0,SL_HIT,182.30375,183.191,181.826,1,0.523,0.276,182.30375,0.5,0,0.9,0.79,0,0,0,0,0.0,0,0.7,0.461,1,0.7,0.237,0.137,0.267,0.15,0.0,182.30375,0.741,1.264,1,2,0.998,0,4499,0.569,7.93,0,0.15,0.237,0.137,0.295,0.7,0.9,1,0.79,64.0,170.6
36528,NVDAm_20251020104745_1,NVDAm,BREAKOUT_RETEST,BUY,0,2025.10.20 10:47:45,2025.10.20 10:47:59,0,183.72,183.02,-70.0,-350.0,0.387,0.0,SL_HIT,182.30375,183.191,181.826,1,0.523,0.276,182.30375,0.5,0,0.9,0.79,0,0,0,0,0.0,0,0.7,0.461,1,0.7,0.237,0.137,0.267,0.15,0.0,182.30375,0.741,1.264,1,2,0.998,0,4499,0.569,7.93,0,0.15,0.237,0.137,0.295,0.7,0.9,1,0.79,64.0,170.6
36529,NVDAm_20251020104745_1,NVDAm,BREAKOUT_RETEST,BUY,1,2025.10.20 10:47:45,2025.10.20 10:47:59,0,183.72,183.02,-70.0,-350.0,0.387,0.0,SL_HIT,182.30375,183.191,181.826,1,0.523,0.276,182.30375,0.5,0,0.9,0.79,0,0,0,0,0.0,0,0.7,0.461,1,0.7,0.237,0.137,0.267,0.15,0.0,182.30375,0.741,1.264,1,2,0.998,0,4499,0.569,7.93,0,0.15,0.237,0.137,0.295,0.7,0.9,1,0.79,64.0,170.6
36495,NVDAm_20251017184535_2,NVDAm,PULLBACK,BUY,-1,2025.10.17 18:45:35,2025.10.20 11:43:32,3897,183.62,182.72,-90.0,-507.0,0.492,0.218,SL_HIT,182.3125,183.1,181.7,0,0.158,0.331,182.4875,0.4,0,0.5,0.545,0,0,0,0,0.0,0,0.875,0.451,1,0.795,0.164,0.206,0.374,0.25,0.0,182.4875,0.738,1.212,1,1,0.987,0,4497,0.312,5.49,0,0.4,0.195,0.14,0.383,0.667,0.65,1,0.65,64.0,161.1
36492,NVDAm_20251017184534_0,NVDAm,BREAKOUT,BUY,-1,2025.10.17 18:45:34,2025.10.20 11:47:42,3902,183.6,182.39,-121.0,-662.0,0.626,0.229,SL_HIT,182.3125,183.1,181.7,0,0.158,0.331,182.4875,0.4,0,0.5,0.545,0,0,0,0,0.0,0,0.875,0.452,1,0.795,0.164,0.206,0.374,0.25,0.0,182.4875,0.738,1.217,1,1,0.987,0,4497,0.363,4.4,0,0.4,0.195,0.26,0.214,0.667,0.65,1,0.65,64.0,161.1
36538,NVDAm_20251020120116_5,NVDAm,MEAN_REVERSION,BUY,0,2025.10.20 12:01:16,2025.10.20 12:01:26,0,183.05,182.37,-68.0,-340.0,0.428,0.0,SL_HIT,183.4215,183.796,182.94,0,0.571,0.18,183.4215,0.4,0,0.7,0.685,0,0,0,0,0.0,0,0.866,0.502,2,0.786,0.206,0.26,0.417,0.4,0.0,183.4215,0.721,1.646,1,1,1.0,0,4501,0.703,0.81,0,0.4,0.206,0.26,0.439,0.786,0.7,0,0.685,64.0,156.6
36539,NVDAm_20251020120116_5,NVDAm,MEAN_REVERSION,BUY,1,2025.10.20 12:01:16,2025.10.20 12:04:39,3,183.05,182.35,-70.0,-350.0,0.453,0.0,SL_HIT,183.4215,183.796,182.94,0,0.571,0.18,183.4215,0.4,0,0.7,0.685,0,0,0,0,0.0,0,0.866,0.502,2,0.786,0.206,0.26,0.417,0.4,0.0,183.4215,0.721,1.646,1,1,1.0,0,4501,0.703,0.81,0,0.4,0.206,0.26,0.439,0.786,0.7,0,0.685,64.0,156.6
36543,NVDAm_20251020133155_4,NVDAm,SWEEP_REVERSAL,BUY,0,2025.10.20 13:31:55,2025.10.20 13:31:59,0,182.82,182.11,-71.0,-355.0,0.477,0.0,SL_HIT,183.35,183.834,183.042,0,0.534,0.136,183.35,0.45,0,1.0,0.72,0,0,0,0,0.0,0,0.835,0.288,0,0.755,0.216,0.26,0.447,0.4,0.0,183.35,0.731,0.359,1,1,1.0,0,4502,0.257,0.81,0,0.4,0.216,0.26,0.447,0.755,1.0,0,0.72,64.0,144.6
36544,NVDAm_20251020133155_4,NVDAm,SWEEP_REVERSAL,BUY,1,2025.10.20 13:31:55,2025.10.20 13:32:17,0,182.82,182.22,-60.0,-300.0,0.491,0.0,SL_HIT,183.35,183.834,183.042,0,0.534,0.136,183.35,0.45,0,1.0,0.72,0,0,0,0,0.0,0,0.835,0.288,0,0.755,0.216,0.26,0.447,0.4,0.0,183.35,0.731,0.359,1,1,1.0,0,4502,0.257,0.81,0,0.4,0.216,0.26,0.447,0.755,1.0,0,0.72,64.0,144.6
36513,NVDAm_20251020100059_3,NVDAm,TREND_CONTINUATION,BUY,-1,2025.10.20 10:00:59,2025.10.20 13:32:32,211,184.12,182.06,-206.0,-1030.0,1.195,0.0,SL_HIT,182.30375,183.191,181.826,0,0.523,0.276,182.30375,0.5,0,0.9,0.79,0,0,0,0,0.0,0,0.7,0.443,1,0.7,0.237,0.137,0.228,0.15,0.0,182.30375,0.741,1.112,1,2,0.998,0,4499,0.531,2.41,0,0.4,0.216,0.26,0.447,0.755,1.0,0,0.72,64.0,144.6
36537,NVDAm_20251020120116_5,NVDAm,MEAN_REVERSION,BUY,-1,2025.10.20 12:01:16,2025.10.20 13:33:26,92,183.05,181.8,-125.0,-625.0,0.773,0.0,SL_HIT,183.4215,183.796,182.94,0,0.571,0.18,183.4215,0.4,0,0.7,0.685,0,0,0,0,0.0,0,0.866,0.502,2,0.786,0.206,0.26,0.417,0.4,0.0,183.4215,0.721,1.646,1,1,1.0,0,4501,0.703,0.81,0,0.4,0.216,0.26,0.447,0.755,1.0,0,0.72,64.0,144.6
36516,NVDAm_20251020100104_6,NVDAm,NAKED_POC,BUY,-1,2025.10.20 10:01:04,2025.10.20 13:33:36,212,184.15,181.54,-261.0,-1305.0,1.506,0.0,SL_HIT,182.30375,183.191,181.826,0,0.523,0.276,182.30375,0.5,0,0.9,0.79,0,0,0,0,0.0,0,0.7,0.442,1,0.7,0.237,0.137,0.228,0.15,0.0,182.30375,0.741,1.105,1,2,0.998,0,4499,0.466,1.66,0,0.4,0.216,0.26,0.447,0.755,1.0,0,0.72,64.0,144.6
36498,NVDAm_20251017184537_3,NVDAm,TREND_CONTINUATION,BUY,-1,2025.10.17 18:45:37,2025.10.20 13:33:38,4008,183.61,181.46,-215.0,-1132.0,1.18,0.224,SL_HIT,182.3125,183.1,181.7,0,0.158,0.331,182.4875,0.4,0,0.5,0.545,0,0,0,0,0.0,0,0.875,0.452,1,0.795,0.164,0.206,0.374,0.25,0.0,182.4875,0.738,1.214,1,1,0.987,0,4497,0.368,2.32,0,0.4,0.216,0.26,0.447,0.755,1.0,0,0.72,64.0,144.6
36550,NVDAm_20251020133335_3,NVDAm,TREND_CONTINUATION,BUY,0,2025.10.20 13:33:35,2025.10.20 13:33:38,0,182.22,181.46,-76.0,-380.0,0.498,0.0,SL_HIT,183.35,183.834,183.042,0,0.534,0.136,183.35,0.45,0,1.0,0.72,0,0,0,0,0.0,0,0.835,0.309,0,0.755,0.216,0.26,0.447,0.4,0.0,183.35,0.731,0.543,1,1,1.0,0,4502,0.518,1.02,0,0.4,0.216,0.26,0.447,0.755,1.0,0,0.72,64.0,144.6
36551,NVDAm_20251020133335_3,NVDAm,TREND_CONTINUATION,BUY,1,2025.10.20 13:33:35,2025.10.20 13:34:39,1,182.22,181.79,-43.0,-215.0,0.525,0.0,SL_HIT,183.35,183.834,183.042,0,0.534,0.136,183.35,0.45,0,1.0,0.72,0,0,0,0,0.0,0,0.835,0.309,0,0.755,0.216,0.26,0.447,0.4,0.0,183.35,0.731,0.543,1,1,1.0,0,4502,0.518,1.02,0,0.4,0.216,0.26,0.447,0.755,1.0,0,0.72,64.0,144.6
36487,NVDAm_20251017181637_6,NVDAm,NAKED_POC,BUY,-1,2025.10.17 18:16:37,2025.10.20 13:35:15,4038,183.42,181.43,-199.0,-1052.0,1.101,0.33,SL_HIT,182.3125,183.1,181.7,0,0.158,0.331,182.4875,0.4,0,0.5,0.545,0,0,0,0,0.0,0,0.875,0.456,1,0.795,0.164,0.206,0.365,0.25,0.0,182.4875,0.738,1.249,1,1,0.987,0,4497,0.389,2.52,0,0.4,0.216,0.26,0.447,0.755,1.0,0,0.72,40.0,144.6
36557,NVDAm_20251020134005_1,NVDAm,BREAKOUT_RETEST,BUY,-1,2025.10.20 13:40:05,2025.10.20 13:40:30,0,183.26,182.83,-43.0,-215.0,0.29,0.0,SL_HIT,183.35,183.834,183.042,1,0.534,0.136,183.35,0.45,0,1.0,0.72,0,0,0,0,0.0,0,0.835,0.425,1,0.755,0.216,0.14,0.397,0.4,0.0,183.834,0.6,1.539,1,1,1.0,0,4502,0.592,1.69,0,0.4,0.216,0.14,0.416,0.755,1.0,0,0.72,16.0,144.6
36558,NVDAm_20251020134005_1,NVDAm,BREAKOUT_RETEST,BUY,0,2025.10.20 13:40:05,2025.10.20 13:40:30,0,183.26,182.83,-43.0,-215.0,0.29,0.0,SL_HIT,183.35,183.834,183.042,1,0.534,0.136,183.35,0.45,0,1.0,0.72,0,0,0,0,0.0,0,0.835,0.425,1,0.755,0.216,0.14,0.397,0.4,0.0,183.834,0.6,1.539,1,1,1.0,0,4502,0.592,1.69,0,0.4,0.216,0.14,0.416,0.755,1.0,0,0.72,16.0,144.6
36559,NVDAm_20251020134005_1,NVDAm,BREAKOUT_RETEST,BUY,1,2025.10.20 13:40:05,2025.10.20 13:40:30,0,183.26,182.83,-43.0,-215.0,0.29,0.0,SL_HIT,183.35,183.834,183.042,1,0.534,0.136,183.35,0.45,0,1.0,0.72,0,0,0,0,0.0,0,0.835,0.425,1,0.755,0.216,0.14,0.397,0.4,0.0,183.834,0.6,1.539,1,1,1.0,0,4502,0.592,1.69,0,0.4,0.216,0.14,0.416,0.755,1.0,0,0.72,16.0,144.6
36565,NVDAm_20251020140000_0,NVDAm,BREAKOUT,BUY,1,2025.10.20 14:00:00,2025.10.20 14:09:15,9,183.04,182.27,-77.0,-385.0,0.516,0.0,SL_HIT,182.73725,183.0485,182.3015,1,0.012,0.604,182.86175,0.3,0,1.0,0.93,4,0,0,0,0.0,0,0.81,0.513,2,0.73,0.279,0.261,0.026,0.0,0.0,182.3015,0.6,1.179,1,1,1.0,0,4503,0.498,2.51,0,0.0,0.279,0.381,0.255,0.73,1.0,0,0.93,16.0,147.3
36568,NVDAm_20251020140000_2,NVDAm,PULLBACK,BUY,1,2025.10.20 14:00:00,2025.10.20 14:09:15,9,183.05,182.27,-78.0,-390.0,0.523,0.0,SL_HIT,182.73725,183.0485,182.3015,1,0.012,0.604,182.86175,0.3,0,1.0,0.93,4,0,0,0,0.0,0,0.81,0.513,2,0.73,0.279,0.261,0.026,0.0,0.0,182.3015,0.6,1.177,1,1,1.0,0,4503,0.662,2.5,0,0.0,0.279,0.381,0.255,0.73,1.0,0,0.93,16.0,147.3
36542,NVDAm_20251020133155_4,NVDAm,SWEEP_REVERSAL,BUY,-1,2025.10.20 13:31:55,2025.10.20 14:22:59,51,182.82,184.0,118.0,590.0,0.961,0.774,TP_HIT,183.35,183.834,183.042,0,0.534,0.136,183.35,0.45,0,1.0,0.72,0,0,0,0,0.0,0,0.835,0.288,0,0.755,0.216,0.26,0.447,0.4,0.0,183.35,0.731,0.359,1,1,1.0,0,4502,0.257,0.81,0,0.0,0.279,0.261,0.289,0.73,1.0,0,0.93,16.0,147.3
36549,NVDAm_20251020133335_3,NVDAm,TREND_CONTINUATION,BUY,-1,2025.10.20 13:33:35,2025.10.20 14:22:59,49,182.22,184.0,178.0,890.0,0.546,1.189,TP_HIT,183.35,183.834,183.042,0,0.534,0.136,183.35,0.45,0,1.0,0.72,0,0,0,0,0.0,0,0.835,0.309,0,0.755,0.216,0.26,0.447,0.4,0.0,183.35,0.731,0.543,1,1,1.0,0,4502,0.518,1.02,0,0.0,0.279,0.261,0.289,0.73,1.0,0,0.93,16.0,147.3
36573,NVDAm_20251020142059_6,NVDAm,NAKED_POC,BUY,1,2025.10.20 14:20:59,2025.10.20 14:32:31,11,183.44,184.45,101.0,505.0,0.122,1.134,TRAIL_STOP,182.73725,183.0485,182.3015,0,0.012,0.604,182.86175,0.3,0,1.0,0.93,4,0,0,0,0.0,0,0.81,0.537,2,0.73,0.279,0.261,0.192,0.0,0.0,182.73725,0.7,1.383,1,1,1.0,0,4503,0.542,3.66,0,0.0,0.279,0.261,0.289,0.73,1.0,0,0.93,16.0,147.3
36564,NVDAm_20251020140000_0,NVDAm,BREAKOUT,BUY,0,2025.10.20 14:00:00,2025.10.20 14:34:27,34,183.04,184.05,101.0,505.0,0.55,1.405,TRAIL_STOP,182.73725,183.0485,182.3015,1,0.012,0.604,182.86175,0.3,0,1.0,0.93,4,0,0,0,0.0,0,0.81,0.513,2,0.73,0.279,0.261,0.026,0.0,0.0,182.3015,0.6,1.179,1,1,1.0,0,4503,0.498,2.51,0,0.0,0.279,0.261,0.289,0.73,1.0,0,0.93,16.0,147.3
36567,NVDAm_20251020140000_2,NVDAm,PULLBACK,BUY,0,2025.10.20 14:00:00,2025.10.20 14:34:27,34,183.05,184.05,100.0,500.0,0.557,1.399,TRAIL_STOP,182.73725,183.0485,182.3015,1,0.012,0.604,182.86175,0.3,0,1.0,0.93,4,0,0,0,0.0,0,0.81,0.513,2,0.73,0.279,0.261,0.026,0.0,0.0,182.3015,0.6,1.177,1,1,1.0,0,4503,0.662,2.5,0,0.0,0.279,0.261,0.289,0.73,1.0,0,0.93,16.0,147.3
36572,NVDAm_20251020142059_6,NVDAm,NAKED_POC,BUY,0,2025.10.20 14:20:59,2025.10.20 14:56:04,35,183.44,184.06,62.0,310.0,0.122,1.134,TRAIL_STOP,182.73725,183.0485,182.3015,0,0.012,0.604,182.86175,0.3,0,1.0,0.93,4,0,0,0,0.0,0,0.81,0.537,2,0.73,0.279,0.261,0.192,0.0,0.0,182.73725,0.7,1.383,1,1,1.0,0,4503,0.542,3.66,0,0.0,0.279,0.261,0.289,0.73,1.0,0,0.93,16.0,147.3
36581,NVDAm_20251020153335_3,NVDAm,TREND_CONTINUATION,BUY,0,2025.10.20 15:33:35,2025.10.20 15:34:01,0,183.84,183.7,-14.0,-70.0,0.088,0.0,SL_HIT,182.81,183.822,182.166,1,0.525,1.102,182.81,0.45,0,1.0,0.79,0,0,0,0,0.0,0,0.78,0.406,1,0.7,0.237,0.088,0.335,0.25,0.0,182.81,0.733,1.244,1,1,1.0,0,4504,0.555,2.48,0,0.25,0.237,0.088,0.335,0.7,1.0,1,0.79,16.0,159.3
36582,NVDAm_20251020153335_3,NVDAm,TREND_CONTINUATION,BUY,1,2025.10.20 15:33:35,2025.10.20 15:34:30,0,183.84,183.62,-22.0,-110.0,0.132,0.0,SL_HIT,182.81,183.822,182.166,1,0.525,1.102,182.81,0.45,0,1.0,0.79,0,0,0,0,0.0,0,0.78,0.406,1,0.7,0.237,0.088,0.335,0.25,0.0,182.81,0.733,1.244,1,1,1.0,0,4504,0.555,2.48,0,0.25,0.237,0.088,0.373,0.7,1.0,1,0.79,16.0,159.3
36586,NVDAm_20251020154005_1,NVDAm,BREAKOUT_RETEST,BUY,0,2025.10.20 15:40:05,2025.10.20 15:40:42,0,183.5,183.43,-7.0,-35.0,0.107,0.0,SL_HIT,182.81,183.822,182.166,1,0.525,1.102,182.81,0.45,0,1.0,0.79,0,0,0,0,0.0,0,0.78,0.408,1,0.7,0.237,0.088,0.289,0.25,0.0,182.81,0.733,1.259,1,1,1.0,0,4504,0.593,10.06,0,0.25,0.237,0.088,0.289,0.7,1.0,1,0.79,16.0,159.3
36587,NVDAm_20251020154005_1,NVDAm,BREAKOUT_RETEST,BUY,1,2025.10.20 15:40:05,2025.10.20 15:41:01,0,183.5,183.35,-15.0,-75.0,0.107,0.0,SL_HIT,182.81,183.822,182.166,1,0.525,1.102,182.81,0.45,0,1.0,0.79,0,0,0,0,0.0,0,0.78,0.408,1,0.7,0.237,0.088,0.289,0.25,0.0,182.81,0.733,1.259,1,1,1.0,0,4504,0.593,10.06,0,0.25,0.237,0.088,0.289,0.7,1.0,1,0.79,16.0,159.3
36585,NVDAm_20251020154005_1,NVDAm,BREAKOUT_RETEST,BUY,-1,2025.10.20 15:40:05,2025.10.20 15:46:37,6,183.5,182.98,-52.0,-260.0,0.314,0.0,SL_HIT,182.81,183.822,182.166,1,0.525,1.102,182.81,0.45,0,1.0,0.79,0,0,0,0,0.0,0,0.78,0.408,1,0.7,0.237,0.088,0.289,0.25,0.0,182.81,0.733,1.259,1,1,1.0,0,4504,0.593,10.06,0,0.25,0.237,0.088,0.268,0.7,1.0,1,0.79,16.0,159.3
36592,NVDAm_20251020160000_0,NVDAm,BREAKOUT,BUY,0,2025.10.20 16:00:00,2025.10.20 16:00:42,0,183.72,183.57,-15.0,-75.0,0.124,0.0,SL_HIT,182.81,183.822,182.534,1,0.111,0.972,182.81,0.35,0,0.788,0.9881,0,0,0,0,0.0,0,0.669,0.395,1,0.589,0.296,0.208,0.578,0.3,-0.2406,182.81,0.734,1.204,1,1,0.98,0,4505,0.335,5.38,0,0.0,0.296,0.103,0.158,0.589,0.788,1,0.9881,16.0,152.9
36595,NVDAm_20251020160000_2,NVDAm,PULLBACK,BUY,0,2025.10.20 16:00:00,2025.10.20 16:00:42,0,183.71,183.57,-14.0,-70.0,0.118,0.0,SL_HIT,182.81,183.822,182.534,1,0.111,0.972,182.81,0.35,0,0.788,0.9881,0,0,0,0,0.0,0,0.669,0.44,1,0.589,0.296,0.103,0.158,0.0,0.0,182.81,0.734,1.207,1,1,0.98,0,4505,0.585,5.46,0,0.0,0.296,0.103,0.158,0.589,0.788,1,0.9881,16.0,152.9
36593,NVDAm_20251020160000_0,NVDAm,BREAKOUT,BUY,1,2025.10.20 16:00:00,2025.10.20 16:01:26,1,183.72,183.48,-24.0,-120.0,0.144,0.0,SL_HIT,182.81,183.822,182.534,1,0.111,0.972,182.81,0.35,0,0.788,0.9881,0,0,0,0,0.0,0,0.669,0.395,1,0.589,0.296,0.208,0.578,0.3,-0.2406,182.81,0.734,1.204,1,1,0.98,0,4505,0.335,5.38,0,0.0,0.296,0.103,0.158,0.589,0.788,1,0.9881,16.0,152.9
36596,NVDAm_20251020160000_2,NVDAm,PULLBACK,BUY,1,2025.10.20 16:00:00,2025.10.20 16:01:26,1,183.71,183.48,-23.0,-115.0,0.137,0.0,SL_HIT,182.81,183.822,182.534,1,0.111,0.972,182.81,0.35,0,0.788,0.9881,0,0,0,0,0.0,0,0.669,0.44,1,0.589,0.296,0.103,0.158,0.0,0.0,182.81,0.734,1.207,1,1,0.98,0,4505,0.585,5.46,0,0.0,0.296,0.103,0.158,0.589,0.788,1,0.9881,16.0,152.9
36602,NVDAm_20251020162059_6,NVDAm,NAKED_POC,BUY,0,2025.10.20 16:20:59,2025.10.20 16:22:03,1,183.77,183.64,-13.0,-65.0,0.118,0.0,SL_HIT,182.81,183.822,182.534,1,0.111,0.972,182.81,0.35,0,0.788,0.9881,0,0,0,0,0.0,0,0.669,0.439,1,0.589,0.296,0.103,0.158,0.0,0.0,182.81,0.734,1.192,1,1,0.98,0,4505,0.419,3.17,0,0.0,0.296,0.103,0.16,0.589,0.788,1,0.9881,16.0,152.9
36603,NVDAm_20251020162059_6,NVDAm,NAKED_POC,BUY,1,2025.10.20 16:20:59,2025.10.20 16:22:22,1,183.77,183.56,-21.0,-105.0,0.124,0.0,SL_HIT,182.81,183.822,182.534,1,0.111,0.972,182.81,0.35,0,0.788,0.9881,0,0,0,0,0.0,0,0.669,0.439,1,0.589,0.296,0.103,0.158,0.0,0.0,182.81,0.734,1.192,1,1,0.98,0,4505,0.419,3.17,0,0.0,0.296,0.103,0.158,0.589,0.788,1,0.9881,16.0,152.9
36607,NVDAm_20251020173336_3,NVDAm,TREND_CONTINUATION,BUY,0,2025.10.20 17:33:36,2025.10.20 17:34:25,0,183.91,183.69,-22.0,-110.0,0.139,0.0,SL_HIT,183.546,183.822,182.534,1,0.172,1.269,183.546,0.35,0,1.0,1.0,0,0,0,0,0.0,0,0.666,0.487,1,0.586,0.3,0.145,0.069,0.0,0.0,182.534,0.6,1.035,1,1,0.98,0,4506,0.601,2.58,0,0.0,0.3,0.145,0.069,0.586,1.0,1,1.0,16.0,151.0
36608,NVDAm_20251020173336_3,NVDAm,TREND_CONTINUATION,BUY,1,2025.10.20 17:33:36,2025.10.20 17:38:31,4,183.91,183.73,-18.0,-90.0,0.172,0.0,SL_HIT,183.546,183.822,182.534,1,0.172,1.269,183.546,0.35,0,1.0,1.0,0,0,0,0,0.0,0,0.666,0.487,1,0.586,0.3,0.145,0.069,0.0,0.0,182.534,0.6,1.035,1,1,0.98,0,4506,0.601,2.58,0,0.0,0.3,0.145,0.069,0.586,1.0,1,1.0,16.0,151.0
36612,NVDAm_20251020174010_1,NVDAm,BREAKOUT_RETEST,BUY,0,2025.10.20 17:40:10,2025.10.20 17:41:41,1,183.91,183.74,-17.0,-85.0,0.099,0.0,SL_HIT,183.546,183.822,182.534,1,0.172,1.269,183.546,0.35,0,1.0,1.0,0,0,0,0,0.0,0,0.666,0.487,1,0.586,0.3,0.145,0.069,0.0,0.0,182.534,0.6,1.035,1,1,0.98,0,4506,0.636,10.31,0,0.0,0.3,0.145,0.069,0.586,1.0,1,1.0,16.0,151.0
36613,NVDAm_20251020174010_1,NVDAm,BREAKOUT_RETEST,BUY,1,2025.10.20 17:40:10,2025.10.20 17:43:04,2,183.91,183.65,-26.0,-130.0,0.159,0.0,SL_HIT,183.546,183.822,182.534,1,0.172,1.269,183.546,0.35,0,1.0,1.0,0,0,0,0,0.0,0,0.666,0.487,1,0.586,0.3,0.145,0.069,0.0,0.0,182.534,0.6,1.035,1,1,0.98,0,4506,0.636,10.31,0,0.0,0.3,0.145,0.069,0.586,1.0,1,1.0,16.0,151.0
36611,NVDAm_20251020174010_1,NVDAm,BREAKOUT_RETEST,BUY,-1,2025.10.20 17:40:10,2025.10.20 17:58:35,18,183.91,183.45,-46.0,-230.0,0.291,0.0,SL_HIT,183.546,183.822,182.534,1,0.172,1.269,183.546,0.35,0,1.0,1.0,0,0,0,0,0.0,0,0.666,0.487,1,0.586,0.3,0.145,0.069,0.0,0.0,182.534,0.6,1.035,1,1,0.98,0,4506,0.636,10.31,0,0.0,0.3,0.145,0.052,0.586,1.0,1,1.0,16.0,151.0
36618,NVDAm_20251020182043_0,NVDAm,BREAKOUT,BUY,0,2025.10.20 18:20:43,2025.10.20 18:21:37,0,183.8,183.58,-22.0,-110.0,0.157,0.0,SL_HIT,183.598,184.102,183.238,1,0.019,0.772,183.598,0.3,0,0.8,1.0,4,0,0,0,0.0,0,0.785,0.506,2,0.705,0.3,0.29,0.0,0.0,0.0,183.238,0.6,1.071,1,1,0.98,0,4507,0.437,2.38,0,0.0,0.3,0.29,0.0,0.705,0.8,1,1.0,16.0,133.9
36621,NVDAm_20251020182049_2,NVDAm,PULLBACK,BUY,0,2025.10.20 18:20:49,2025.10.20 18:21:37,0,183.8,183.58,-22.0,-110.0,0.157,0.0,SL_HIT,183.598,184.102,183.238,1,0.019,0.772,183.598,0.3,0,0.8,1.0,4,0,0,0,0.0,0,0.785,0.506,2,0.705,0.3,0.29,0.0,0.0,0.0,183.238,0.6,1.071,1,1,0.98,0,4507,0.607,2.38,0,0.0,0.3,0.29,0.0,0.705,0.8,1,1.0,16.0,133.9
36619,NVDAm_20251020182043_0,NVDAm,BREAKOUT,BUY,1,2025.10.20 18:20:43,2025.10.20 18:25:16,4,183.8,183.58,-22.0,-110.0,0.179,0.0,SL_HIT,183.598,184.102,183.238,1,0.019,0.772,183.598,0.3,0,0.8,1.0,4,0,0,0,0.0,0,0.785,0.506,2,0.705,0.3,0.29,0.0,0.0,0.0,183.238,0.6,1.071,1,1,0.98,0,4507,0.437,2.38,0,0.0,0.3,0.29,0.0,0.705,0.8,1,1.0,16.0,133.9
36622,NVDAm_20251020182049_2,NVDAm,PULLBACK,BUY,1,2025.10.20 18:20:49,2025.10.20 18:25:16,4,183.8,183.58,-22.0,-110.0,0.179,0.0,SL_HIT,183.598,184.102,183.238,1,0.019,0.772,183.598,0.3,0,0.8,1.0,4,0,0,0,0.0,0,0.785,0.506,2,0.705,0.3,0.29,0.0,0.0,0.0,183.238,0.6,1.071,1,1,0.98,0,4507,0.607,2.38,0,0.0,0.3,0.29,0.0,0.705,0.8,1,1.0,16.0,133.9
36591,NVDAm_20251020160000_0,NVDAm,BREAKOUT,BUY,-1,2025.10.20 16:00:00,2025.10.20 19:16:02,196,183.72,182.82,-90.0,-450.0,0.582,0.288,SL_HIT,182.81,183.822,182.534,1,0.111,0.972,182.81,0.35,0,0.788,0.9881,0,0,0,0,0.0,0,0.669,0.395,1,0.589,0.296,0.208,0.578,0.3,-0.2406,182.81,0.734,1.204,1,1,0.98,0,4505,0.335,5.38,0,0.4,0.202,0.262,0.449,0.8,0.647,0,0.6724,16.0,119.2
36594,NVDAm_20251020160000_2,NVDAm,PULLBACK,BUY,-1,2025.10.20 16:00:00,2025.10.20 19:16:02,196,183.71,182.82,-89.0,-445.0,0.575,0.294,SL_HIT,182.81,183.822,182.534,1,0.111,0.972,182.81,0.35,0,0.788,0.9881,0,0,0,0,0.0,0,0.669,0.44,1,0.589,0.296,0.103,0.158,0.0,0.0,182.81,0.734,1.207,1,1,0.98,0,4505,0.585,5.46,0,0.4,0.202,0.262,0.449,0.8,0.647,0,0.6724,16.0,119.2
36630,NVDAm_20251020191636_5,NVDAm,MEAN_REVERSION,BUY,0,2025.10.20 19:16:36,2025.10.20 19:17:03,0,182.86,182.74,-12.0,-60.0,0.126,0.0,SL_HIT,183.52475,183.7365,183.2525,0,0.087,0.217,183.46425,0.4,0,0.647,0.6724,0,0,0,0,0.0,0,0.88,0.391,1,0.8,0.202,0.262,0.449,0.4,0.0,183.46425,0.753,0.319,1,1,0.98,0,4508,0.677,0.8,0,0.4,0.202,0.262,0.449,0.8,0.647,0,0.6724,16.0,119.2
36631,NVDAm_20251020191636_5,NVDAm,MEAN_REVERSION,BUY,1,2025.10.20 19:16:36,2025.10.20 19:18:26,1,182.86,182.69,-17.0,-85.0,0.126,0.0,SL_HIT,183.52475,183.7365,183.2525,0,0.087,0.217,183.46425,0.4,0,0.647,0.6724,0,0,0,0,0.0,0,0.88,0.391,1,0.8,0.202,0.262,0.449,0.4,0.0,183.46425,0.753,0.319,1,1,0.98,0,4508,0.677,0.8,0,0.4,0.202,0.262,0.449,0.8,0.647,0,0.6724,16.0,119.2
36571,NVDAm_20251020142059_6,NVDAm,NAKED_POC,BUY,-1,2025.10.20 14:20:59,2025.10.21 10:00:00,1179,183.44,181.76,-168.0,-859.0,0.618,1.134,SL_HIT,182.73725,183.0485,182.3015,0,0.012,0.604,182.86175,0.3,0,1.0,0.93,4,0,0,0,0.0,0,0.81,0.537,2,0.73,0.279,0.261,0.192,0.0,0.0,182.73725,0.7,1.383,1,1,1.0,0,4503,0.542,3.66,2,0.4,0.947,0.29,0.458,0.725,1.0,0,0.825,96.0,109.3
36580,NVDAm_20251020153335_3,NVDAm,TREND_CONTINUATION,BUY,-1,2025.10.20 15:33:35,2025.10.21 10:00:00,1106,183.84,181.76,-208.0,-1059.0,0.822,0.201,SL_HIT,182.81,183.822,182.166,1,0.525,1.102,182.81,0.45,0,1.0,0.79,0,0,0,0,0.0,0,0.78,0.406,1,0.7,0.237,0.088,0.335,0.25,0.0,182.81,0.733,1.244,1,1,1.0,0,4504,0.555,2.48,2,0.4,0.947,0.29,0.458,0.725,1.0,0,0.825,96.0,109.3
36601,NVDAm_20251020162059_6,NVDAm,NAKED_POC,BUY,-1,2025.10.20 16:20:59,2025.10.21 10:00:00,1059,183.77,181.76,-201.0,-1024.0,0.811,0.255,SL_HIT,182.81,183.822,182.534,1,0.111,0.972,182.81,0.35,0,0.788,0.9881,0,0,0,0,0.0,0,0.669,0.439,1,0.589,0.296,0.103,0.158,0.0,0.0,182.81,0.734,1.192,1,1,0.98,0,4505,0.419,3.17,2,0.4,0.947,0.29,0.458,0.725,1.0,0,0.825,96.0,109.3
36606,NVDAm_20251020173336_3,NVDAm,TREND_CONTINUATION,BUY,-1,2025.10.20 17:33:36,2025.10.21 10:00:00,986,183.91,181.76,-215.0,-1094.0,0.914,0.0,SL_HIT,183.546,183.822,182.534,1,0.172,1.269,183.546,0.35,0,1.0,1.0,0,0,0,0,0.0,0,0.666,0.487,1,0.586,0.3,0.145,0.069,0.0,0.0,182.534,0.6,1.035,1,1,0.98,0,4506,0.601,2.58,2,0.4,0.947,0.29,0.458,0.725,1.0,0,0.825,96.0,109.3
36617,NVDAm_20251020182043_0,NVDAm,BREAKOUT,BUY,-1,2025.10.20 18:20:43,2025.10.21 10:00:00,939,183.8,181.76,-204.0,-1039.0,0.948,0.0,SL_HIT,183.598,184.102,183.238,1,0.019,0.772,183.598,0.3,0,0.8,1.0,4,0,0,0,0.0,0,0.785,0.506,2,0.705,0.3,0.29,0.0,0.0,0.0,183.238,0.6,1.071,1,1,0.98,0,4507,0.437,2.38,2,0.4,0.947,0.29,0.458,0.725,1.0,0,0.825,96.0,109.3
36620,NVDAm_20251020182049_2,NVDAm,PULLBACK,BUY,-1,2025.10.20 18:20:49,2025.10.21 10:00:00,939,183.8,181.76,-204.0,-1039.0,0.948,0.0,SL_HIT,183.598,184.102,183.238,1,0.019,0.772,183.598,0.3,0,0.8,1.0,4,0,0,0,0.0,0,0.785,0.506,2,0.705,0.3,0.29,0.0,0.0,0.0,183.238,0.6,1.071,1,1,0.98,0,4507,0.607,2.38,2,0.4,0.947,0.29,0.458,0.725,1.0,0,0.825,96.0,109.3
36629,NVDAm_20251020191636_5,NVDAm,MEAN_REVERSION,BUY,-1,2025.10.20 19:16:36,2025.10.21 10:00:00,883,182.86,181.76,-110.0,-569.0,0.277,0.143,SL_HIT,183.52475,183.7365,183.2525,0,0.087,0.217,183.46425,0.4,0,0.647,0.6724,0,0,0,0,0.0,0,0.88,0.391,1,0.8,0.202,0.262,0.449,0.4,0.0,183.46425,0.753,0.319,1,1,0.98,0,4508,0.677,0.8,2,0.4,0.947,0.29,0.458,0.725,1.0,0,0.825,96.0,109.3
36642,NVDAm_20251021100000_0,NVDAm,BREAKOUT,BUY,0,2025.10.21 10:00:00,2025.10.21 10:03:37,3,182.72,181.75,-97.0,-485.0,0.888,0.0,SL_HIT,183.5,183.92,183.2,0,1.482,0.165,183.5,0.3,0,1.0,0.825,4,0,0,0,0.0,2,1.0,0.41,1,0.725,0.947,0.29,0.458,0.4,0.2159,183.5,0.756,0.954,1,2,0.988,0,4509,0.672,1.06,0,0.4,0.247,0.29,0.458,0.738,1.0,0,0.825,96.0,109.3
36645,NVDAm_20251021100008_3,NVDAm,TREND_CONTINUATION,BUY,0,2025.10.21 10:00:08,2025.10.21 10:03:37,3,182.71,181.75,-96.0,-480.0,0.86,0.0,SL_HIT,183.5,183.92,183.2,0,1.482,0.165,183.5,0.3,0,1.0,0.825,4,0,0,0,0.0,0,0.818,0.337,0,0.738,0.247,0.29,0.458,0.4,0.0,183.5,0.756,0.719,1,2,0.988,0,4509,0.538,1.33,0,0.4,0.247,0.29,0.458,0.738,1.0,0,0.825,96.0,109.3
36648,NVDAm_20251021100017_2,NVDAm,PULLBACK,BUY,0,2025.10.21 10:00:17,2025.10.21 10:03:37,3,182.74,181.75,-99.0,-495.0,0.888,0.0,SL_HIT,183.5,183.92,183.2,0,1.482,0.165,183.5,0.3,0,1.0,0.825,4,0,0,0,0.0,0,0.818,0.335,0,0.738,0.247,0.29,0.458,0.4,0.0,183.5,0.756,0.707,1,2,0.988,0,4509,0.458,1.05,0,0.4,0.247,0.29,0.458,0.738,1.0,0,0.825,96.0,109.3
36651,NVDAm_20251021100025_4,NVDAm,SWEEP_REVERSAL,BUY,0,2025.10.21 10:00:25,2025.10.21 10:03:37,3,182.73,181.75,-98.0,-490.0,0.878,0.0,SL_HIT,183.5,183.92,183.2,0,1.482,0.165,183.5,0.3,0,1.0,0.825,4,0,0,0,0.0,0,0.818,0.336,0,0.738,0.247,0.29,0.458,0.4,0.0,183.5,0.756,0.711,1,2,0.988,0,4509,0.276,1.58,0,0.4,0.247,0.29,0.458,0.738,1.0,0,0.825,96.0,109.3
36643,NVDAm_20251021100000_0,NVDAm,BREAKOUT,BUY,1,2025.10.21 10:00:00,2025.10.21 10:14:10,14,182.72,181.77,-95.0,-475.0,0.888,0.0,SL_HIT,183.5,183.92,183.2,0,1.482,0.165,183.5,0.3,0,1.0,0.825,4,0,0,0,0.0,2,1.0,0.41,1,0.725,0.947,0.29,0.458,0.4,0.2159,183.5,0.756,0.954,1,2,0.988,0,4509,0.672,1.06,0,0.4,0.247,0.29,0.458,0.738,1.0,0,0.825,64.0,109.3
36646,NVDAm_20251021100008_3,NVDAm,TREND_CONTINUATION,BUY,1,2025.10.21 10:00:08,2025.10.21 10:14:10,14,182.71,181.77,-94.0,-470.0,0.878,0.0,SL_HIT,183.5,183.92,183.2,0,1.482,0.165,183.5,0.3,0,1.0,0.825,4,0,0,0,0.0,0,0.818,0.337,0,0.738,0.247,0.29,0.458,0.4,0.0,183.5,0.756,0.719,1,2,0.988,0,4509,0.538,1.33,0,0.4,0.247,0.29,0.458,0.738,1.0,0,0.825,64.0,109.3
36649,NVDAm_20251021100017_2,NVDAm,PULLBACK,BUY,1,2025.10.21 10:00:17,2025.10.21 10:14:10,13,182.74,181.77,-97.0,-485.0,0.906,0.0,SL_HIT,183.5,183.92,183.2,0,1.482,0.165,183.5,0.3,0,1.0,0.825,4,0,0,0,0.0,0,0.818,0.335,0,0.738,0.247,0.29,0.458,0.4,0.0,183.5,0.756,0.707,1,2,0.988,0,4509,0.458,1.05,0,0.4,0.247,0.29,0.458,0.738,1.0,0,0.825,64.0,109.3
36652,NVDAm_20251021100025_4,NVDAm,SWEEP_REVERSAL,BUY,1,2025.10.21 10:00:25,2025.10.21 10:14:10,13,182.73,181.77,-96.0,-480.0,0.897,0.0,SL_HIT,183.5,183.92,183.2,0,1.482,0.165,183.5,0.3,0,1.0,0.825,4,0,0,0,0.0,0,0.818,0.336,0,0.738,0.247,0.29,0.458,0.4,0.0,183.5,0.756,0.711,1,2,0.988,0,4509,0.276,1.58,0,0.4,0.247,0.29,0.458,0.738,1.0,0,0.825,64.0,109.3
36662,NVDAm_20251021120027_4,NVDAm,SWEEP_REVERSAL,BUY,0,2025.10.21 12:00:27,2025.10.21 12:00:38,0,183.23,182.55,-68.0,-340.0,0.627,0.0,SL_HIT,183.49125,183.74,182.745,0,0.259,0.423,183.49125,0.5,0,0.861,0.5993,2,0,0,0,0.0,0,0.754,0.321,0,0.674,0.18,0.088,0.261,0.25,0.0,183.49125,0.745,0.336,1,2,0.973,0,4511,0.177,0.88,0,0.25,0.18,0.088,0.261,0.674,0.861,0,0.5993,64.0,102.1
36665,NVDAm_20251021120027_5,NVDAm,MEAN_REVERSION,BUY,0,2025.10.21 12:00:27,2025.10.21 12:00:38,0,183.23,182.55,-68.0,-340.0,0.617,0.0,SL_HIT,183.49125,183.74,182.745,0,0.259,0.423,183.49125,0.5,0,0.861,0.5993,2,0,0,0,0.0,0,0.754,0.321,0,0.674,0.18,0.088,0.261,0.25,0.0,183.49125,0.745,0.336,1,2,0.973,0,4511,0.612,1.1,0,0.25,0.18,0.088,0.261,0.674,0.861,0,0.5993,64.0,102.1
36666,NVDAm_20251021120027_5,NVDAm,MEAN_REVERSION,BUY,1,2025.10.21 12:00:27,2025.10.21 12:02:08,1,183.23,182.51,-72.0,-360.0,0.676,0.0,SL_HIT,183.49125,183.74,182.745,0,0.259,0.423,183.49125,0.5,0,0.861,0.5993,2,0,0,0,0.0,0,0.754,0.321,0,0.674,0.18,0.088,0.261,0.25,0.0,183.49125,0.745,0.336,1,2,0.973,0,4511,0.612,1.1,0,0.25,0.18,0.088,0.223,0.674,0.861,0,0.5993,64.0,102.1
36663,NVDAm_20251021120027_4,NVDAm,SWEEP_REVERSAL,BUY,1,2025.10.21 12:00:27,2025.10.21 12:02:20,1,183.23,182.5,-73.0,-365.0,0.705,0.0,SL_HIT,183.49125,183.74,182.745,0,0.259,0.423,183.49125,0.5,0,0.861,0.5993,2,0,0,0,0.0,0,0.754,0.321,0,0.674,0.18,0.088,0.261,0.25,0.0,183.49125,0.745,0.336,1,2,0.973,0,4511,0.177,0.88,0,0.25,0.18,0.088,0.223,0.674,0.861,0,0.5993,64.0,102.1
36664,NVDAm_20251021120027_5,NVDAm,MEAN_REVERSION,BUY,-1,2025.10.21 12:00:27,2025.10.21 13:13:36,73,183.23,182.4,-83.0,-415.0,0.784,0.0,SL_HIT,183.49125,183.74,182.745,0,0.259,0.423,183.49125,0.5,0,0.861,0.5993,2,0,0,0,0.0,0,0.754,0.321,0,0.674,0.18,0.088,0.261,0.25,0.0,183.49125,0.745,0.336,1,2,0.973,0,4511,0.612,1.1,0,0.0,0.201,0.144,0.174,0.692,0.433,1,-0.6684,64.0,98.4
36661,NVDAm_20251021120027_4,NVDAm,SWEEP_REVERSAL,BUY,-1,2025.10.21 12:00:27,2025.10.21 13:30:20,89,183.23,182.19,-104.0,-520.0,0.99,0.0,SL_HIT,183.49125,183.74,182.745,0,0.259,0.423,183.49125,0.5,0,0.861,0.5993,2,0,0,0,0.0,0,0.754,0.321,0,0.674,0.18,0.088,0.261,0.25,0.0,183.49125,0.745,0.336,1,2,0.973,0,4511,0.177,0.88,0,0.0,0.201,0.144,0.194,0.692,0.433,0,-0.6684,64.0,98.4
36650,NVDAm_20251021100025_4,NVDAm,SWEEP_REVERSAL,BUY,-1,2025.10.21 10:00:25,2025.10.21 13:31:36,211,182.73,181.63,-110.0,-550.0,0.979,0.302,SL_HIT,183.5,183.92,183.2,0,1.482,0.165,183.5,0.3,0,1.0,0.825,4,0,0,0,0.0,0,0.818,0.336,0,0.738,0.247,0.29,0.458,0.4,0.0,183.5,0.756,0.711,1,2,0.988,0,4509,0.276,1.58,0,0.0,0.201,0.144,0.242,0.692,0.433,0,-0.6684,64.0,98.4
36644,NVDAm_20251021100008_3,NVDAm,TREND_CONTINUATION,BUY,-1,2025.10.21 10:00:08,2025.10.21 13:41:40,221,182.71,181.39,-132.0,-660.0,1.19,0.32,SL_HIT,183.5,183.92,183.2,0,1.482,0.165,183.5,0.3,0,1.0,0.825,4,0,0,0,0.0,0,0.818,0.337,0,0.738,0.247,0.29,0.458,0.4,0.0,183.5,0.756,0.719,1,2,0.988,0,4509,0.538,1.33,0,0.0,0.201,0.26,0.242,0.692,0.433,0,-0.6684,16.0,98.4
36647,NVDAm_20251021100017_2,NVDAm,PULLBACK,BUY,-1,2025.10.21 10:00:17,2025.10.21 13:43:37,223,182.74,181.1,-164.0,-820.0,1.492,0.293,SL_HIT,183.5,183.92,183.2,0,1.482,0.165,183.5,0.3,0,1.0,0.825,4,0,0,0,0.0,0,0.818,0.335,0,0.738,0.247,0.29,0.458,0.4,0.0,183.5,0.756,0.707,1,2,0.988,0,4509,0.458,1.05,0,0.0,0.201,0.26,0.242,0.692,0.433,0,-0.6684,16.0,98.4
36641,NVDAm_20251021100000_0,NVDAm,BREAKOUT,BUY,-1,2025.10.21 10:00:00,2025.10.21 13:43:38,223,182.72,181.08,-164.0,-820.0,1.482,0.311,SL_HIT,183.5,183.92,183.2,0,1.482,0.165,183.5,0.3,0,1.0,0.825,4,0,0,0,0.0,2,1.0,0.41,1,0.725,0.947,0.29,0.458,0.4,0.2159,183.5,0.756,0.954,1,2,0.988,0,4509,0.672,1.06,0,0.0,0.201,0.26,0.242,0.692,0.433,0,-0.6684,16.0,98.4
36566,NVDAm_20251020140000_2,NVDAm,PULLBACK,BUY,-1,2025.10.20 14:00:00,2025.10.21 13:46:15,1426,183.05,180.84,-221.0,-1124.0,1.494,1.399,SL_HIT,182.73725,183.0485,182.3015,1,0.012,0.604,182.86175,0.3,0,1.0,0.93,4,0,0,0,0.0,0,0.81,0.513,2,0.73,0.279,0.261,0.026,0.0,0.0,182.3015,0.6,1.177,1,1,1.0,0,4503,0.662,2.5,0,0.0,0.201,0.26,0.242,0.692,0.433,0,-0.6684,16.0,98.4
36563,NVDAm_20251020140000_0,NVDAm,BREAKOUT,BUY,-1,2025.10.20 14:00:00,2025.10.21 13:49:01,1429,183.04,180.83,-221.0,-1124.0,1.494,1.405,SL_HIT,182.73725,183.0485,182.3015,1,0.012,0.604,182.86175,0.3,0,1.0,0.93,4,0,0,0,0.0,0,0.81,0.513,2,0.73,0.279,0.261,0.026,0.0,0.0,182.3015,0.6,1.179,1,1,1.0,0,4503,0.498,2.51,0,0.0,0.201,0.26,0.242,0.692,0.433,0,-0.6684,16.0,98.4
36682,NVDAm_20251021140027_5,NVDAm,MEAN_REVERSION,BUY,-1,2025.10.21 14:00:27,2025.10.21 14:08:29,8,181.01,180.14,-87.0,-435.0,0.795,0.028,SL_HIT,182.50425,182.9365,181.2075,0,0.113,0.23,181.14575,0.7,2,0.75,-0.72,0,0,0,0,0.0,0,0.678,0.391,1,0.598,0.216,0.169,0.266,0.15,0.0,182.50425,0.7,0.617,1,2,0.973,0,4513,0.591,1.91,0,0.15,0.216,0.169,0.331,0.598,0.75,0,-0.72,16.0,108.1
36683,NVDAm_20251021140027_5,NVDAm,MEAN_REVERSION,BUY,0,2025.10.21 14:00:27,2025.10.21 14:08:29,8,181.01,180.14,-87.0,-435.0,0.795,0.028,SL_HIT,182.50425,182.9365,181.2075,0,0.113,0.23,181.14575,0.7,2,0.75,-0.72,0,0,0,0,0.0,0,0.678,0.391,1,0.598,0.216,0.169,0.266,0.15,0.0,182.50425,0.7,0.617,1,2,0.973,0,4513,0.591,1.91,0,0.15,0.216,0.169,0.331,0.598,0.75,0,-0.72,16.0,108.1
36684,NVDAm_20251021140027_5,NVDAm,MEAN_REVERSION,BUY,1,2025.10.21 14:00:27,2025.10.21 14:08:29,8,181.01,180.14,-87.0,-435.0,0.795,0.028,SL_HIT,182.50425,182.9365,181.2075,0,0.113,0.23,181.14575,0.7,2,0.75,-0.72,0,0,0,0,0.0,0,0.678,0.391,1,0.598,0.216,0.169,0.266,0.15,0.0,182.50425,0.7,0.617,1,2,0.973,0,4513,0.591,1.91,0,0.15,0.216,0.169,0.331,0.598,0.75,0,-0.72,16.0,108.1
36476,NVDAm_20251017161637_6,NVDAm,NAKED_POC,BUY,-1,2025.10.17 16:16:37,2025.10.21 14:08:30,5631,182.75,180.12,-263.0,-1391.0,1.427,1.291,SL_HIT,182.072,182.602,180.27,1,0.045,0.74,182.072,0.55,0,0.488,-0.6478,0,0,0,0,0.0,0,0.708,0.513,2,0.628,0.194,0.257,0.147,0.0,0.0,181.754,0.55,1.192,1,1,0.987,0,4495,0.358,2.16,0,0.15,0.216,0.169,0.331,0.598,0.75,0,-0.72,16.0,108.1
36679,NVDAm_20251021140027_4,NVDAm,SWEEP_REVERSAL,BUY,-1,2025.10.21 14:00:27,2025.10.21 14:10:03,9,181.02,179.94,-108.0,-540.0,0.989,0.018,SL_HIT,182.50425,182.9365,181.2075,0,0.113,0.23,181.14575,0.7,2,0.75,-0.72,0,0,0,0,0.0,0,0.678,0.39,1,0.598,0.216,0.169,0.266,0.15,0.0,182.50425,0.7,0.613,1,2,0.973,0,4513,0.185,1.52,0,0.15,0.216,0.169,0.331,0.598,0.75,0,-0.72,16.0,108.1
36680,NVDAm_20251021140027_4,NVDAm,SWEEP_REVERSAL,BUY,0,2025.10.21 14:00:27,2025.10.21 14:10:03,9,181.02,179.94,-108.0,-540.0,0.989,0.018,SL_HIT,182.50425,182.9365,181.2075,0,0.113,0.23,181.14575,0.7,2,0.75,-0.72,0,0,0,0,0.0,0,0.678,0.39,1,0.598,0.216,0.169,0.266,0.15,0.0,182.50425,0.7,0.613,1,2,0.973,0,4513,0.185,1.52,0,0.15,0.216,0.169,0.331,0.598,0.75,0,-0.72,16.0,108.1
36681,NVDAm_20251021140027_4,NVDAm,SWEEP_REVERSAL,BUY,1,2025.10.21 14:00:27,2025.10.21 14:10:03,9,181.02,179.94,-108.0,-540.0,0.989,0.018,SL_HIT,182.50425,182.9365,181.2075,0,0.113,0.23,181.14575,0.7,2,0.75,-0.72,0,0,0,0,0.0,0,0.678,0.39,1,0.598,0.216,0.169,0.266,0.15,0.0,182.50425,0.7,0.613,1,2,0.973,0,4513,0.185,1.52,0,0.15,0.216,0.169,0.331,0.598,0.75,0,-0.72,16.0,108.1
36693,NVDAm_20251021182541_5,NVDAm,MEAN_REVERSION,BUY,0,2025.10.21 18:25:41,2025.10.21 18:27:02,1,181.25,181.17,-8.0,-40.0,0.167,0.0,SL_HIT,181.363,182.57,180.866,1,0.042,0.568,180.227,0.6,0,0.7,-0.86,0,0,0,0,0.0,0,0.672,0.383,1,0.592,0.258,0.215,0.179,0.0,0.0,180.227,0.745,0.311,1,1,0.961,0,4517,0.574,0.82,0,0.0,0.258,0.215,0.067,0.592,0.7,1,-0.86,16.0,108.0
36694,NVDAm_20251021182541_5,NVDAm,MEAN_REVERSION,BUY,1,2025.10.21 18:25:41,2025.10.21 18:27:34,1,181.25,181.11,-14.0,-70.0,0.167,0.0,SL_HIT,181.363,182.57,180.866,1,0.042,0.568,180.227,0.6,0,0.7,-0.86,0,0,0,0,0.0,0,0.672,0.383,1,0.592,0.258,0.215,0.179,0.0,0.0,180.227,0.745,0.311,1,1,0.961,0,4517,0.574,0.82,0,0.0,0.258,0.215,0.179,0.592,0.7,1,-0.86,16.0,108.0
36692,NVDAm_20251021182541_5,NVDAm,MEAN_REVERSION,BUY,-1,2025.10.21 18:25:41,2025.10.21 18:28:35,2,181.25,180.92,-33.0,-165.0,0.296,0.0,SL_HIT,181.363,182.57,180.866,1,0.042,0.568,180.227,0.6,0,0.7,-0.86,0,0,0,0,0.0,0,0.672,0.383,1,0.592,0.258,0.215,0.179,0.0,0.0,180.227,0.745,0.311,1,1,0.961,0,4517,0.574,0.82,0,0.0,0.258,0.215,0.222,0.592,0.7,1,-0.86,16.0,108.0
36699,NVDAm_20251021191550_4,NVDAm,SWEEP_REVERSAL,BUY,0,2025.10.21 19:15:50,2025.10.21 19:16:29,0,181.19,181.0,-19.0,-95.0,0.205,0.0,SL_HIT,181.15925,181.9715,181.031,0,0.033,0.218,181.15925,0.55,0,0.75,-0.895,2,0,0,0,0.0,0,0.634,0.373,1,0.554,0.269,0.168,0.318,0.15,0.0,181.9715,0.6,0.643,1,1,0.961,0,4518,0.18,1.02,0,0.15,0.269,0.168,0.318,0.554,0.75,0,-0.895,16.0,92.5
36700,NVDAm_20251021191550_4,NVDAm,SWEEP_REVERSAL,BUY,1,2025.10.21 19:15:50,2025.10.21 19:17:04,1,181.19,180.96,-23.0,-115.0,0.238,0.0,SL_HIT,181.15925,181.9715,181.031,0,0.033,0.218,181.15925,0.55,0,0.75,-0.895,2,0,0,0,0.0,0,0.634,0.373,1,0.554,0.269,0.168,0.318,0.15,0.0,181.9715,0.6,0.643,1,1,0.961,0,4518,0.18,1.02,0,0.15,0.269,0.168,0.318,0.554,0.75,0,-0.895,16.0,92.5
36703,NVDAm_20251022133036_5,NVDAm,MEAN_REVERSION,BUY,-1,2025.10.22 13:30:36,2025.10.22 13:30:37,0,181.23,180.55,-68.0,-340.0,0.0,0.0,SL_HIT,181.13825,181.301,180.8825,0,0.344,0.149,181.13825,0.45,0,0.288,0.2522,0,0,0,0,0.0,0,0.933,0.389,1,0.853,0.076,0.388,0.431,0.4,0.0,181.13825,0.757,0.293,1,2,1.0,0,4522,0.735,0.81,0,0.4,0.076,0.388,0.431,0.853,0.288,0,0.2522,64.0,84.9
36704,NVDAm_20251022133036_5,NVDAm,MEAN_REVERSION,BUY,0,2025.10.22 13:30:36,2025.10.22 13:30:37,0,181.23,180.55,-68.0,-340.0,0.0,0.0,SL_HIT,181.13825,181.301,180.8825,0,0.344,0.149,181.13825,0.45,0,0.288,0.2522,0,0,0,0,0.0,0,0.933,0.389,1,0.853,0.076,0.388,0.431,0.4,0.0,181.13825,0.757,0.293,1,2,1.0,0,4522,0.735,0.81,0,0.4,0.076,0.388,0.431,0.853,0.288,0,0.2522,64.0,84.9
36705,NVDAm_20251022133036_5,NVDAm,MEAN_REVERSION,BUY,1,2025.10.22 13:30:36,2025.10.22 13:30:37,0,181.23,180.55,-68.0,-340.0,0.0,0.0,SL_HIT,181.13825,181.301,180.8825,0,0.344,0.149,181.13825,0.45,0,0.288,0.2522,0,0,0,0,0.0,0,0.933,0.389,1,0.853,0.076,0.388,0.431,0.4,0.0,181.13825,0.757,0.293,1,2,1.0,0,4522,0.735,0.81,0,0.4,0.076,0.388,0.431,0.853,0.288,0,0.2522,64.0,84.9
36698,NVDAm_20251021191550_4,NVDAm,SWEEP_REVERSAL,BUY,-1,2025.10.21 19:15:50,2025.10.22 13:33:44,1097,181.19,180.26,-93.0,-484.0,0.984,0.422,SL_HIT,181.15925,181.9715,181.031,0,0.033,0.218,181.15925,0.55,0,0.75,-0.895,2,0,0,0,0.0,0,0.634,0.373,1,0.554,0.269,0.168,0.318,0.15,0.0,181.9715,0.6,0.643,1,1,0.961,0,4518,0.18,1.02,0,0.4,0.076,0.388,0.431,0.853,0.288,0,0.2522,64.0,84.9
36709,NVDAm_20251022133311_4,NVDAm,SWEEP_REVERSAL,BUY,-1,2025.10.22 13:33:11,2025.10.22 13:33:52,0,181.09,180.24,-85.0,-425.0,0.989,0.0,SL_HIT,181.13825,181.301,180.8825,0,0.344,0.149,181.13825,0.45,0,0.288,0.2522,0,0,0,0,0.0,0,0.933,0.397,1,0.853,0.076,0.388,0.431,0.4,0.0,181.13825,0.757,0.365,1,2,1.0,0,4522,0.316,0.81,0,0.4,0.076,0.388,0.431,0.853,0.288,0,0.2522,64.0,84.9
36710,NVDAm_20251022133311_4,NVDAm,SWEEP_REVERSAL,BUY,0,2025.10.22 13:33:11,2025.10.22 13:33:52,0,181.09,180.24,-85.0,-425.0,0.989,0.0,SL_HIT,181.13825,181.301,180.8825,0,0.344,0.149,181.13825,0.45,0,0.288,0.2522,0,0,0,0,0.0,0,0.933,0.397,1,0.853,0.076,0.388,0.431,0.4,0.0,181.13825,0.757,0.365,1,2,1.0,0,4522,0.316,0.81,0,0.4,0.076,0.388,0.431,0.853,0.288,0,0.2522,64.0,84.9
36711,NVDAm_20251022133311_4,NVDAm,SWEEP_REVERSAL,BUY,1,2025.10.22 13:33:11,2025.10.22 13:33:52,0,181.09,180.24,-85.0,-425.0,0.989,0.0,SL_HIT,181.13825,181.301,180.8825,0,0.344,0.149,181.13825,0.45,0,0.288,0.2522,0,0,0,0,0.0,0,0.933,0.397,1,0.853,0.076,0.388,0.431,0.4,0.0,181.13825,0.757,0.365,1,2,1.0,0,4522,0.316,0.81,0,0.4,0.076,0.388,0.431,0.853,0.288,0,0.2522,64.0,84.9
36718,NVDAm_20251022140000_0,NVDAm,BREAKOUT,BUY,1,2025.10.22 14:00:00,2025.10.22 14:02:38,2,182.75,182.54,-21.0,-105.0,0.175,0.263,SL_HIT,180.90675,182.1705,180.4855,0,1.147,0.658,182.08625,0.5,0,0.075,0.0,0,0,0,0,0.0,0,0.683,0.388,1,0.603,0.3,0.12,0.263,0.0,1.2339,182.08625,0.718,0.708,1,2,1.0,0,4523,0.22,1.11,0,0.0,0.0,0.12,0.263,0.738,0.075,0,0.0,16.0,102.6
36717,NVDAm_20251022140000_0,NVDAm,BREAKOUT,BUY,0,2025.10.22 14:00:00,2025.10.22 14:03:04,3,182.75,182.45,-30.0,-150.0,0.273,0.263,SL_HIT,180.90675,182.1705,180.4855,0,1.147,0.658,182.08625,0.5,0,0.075,0.0,0,0,0,0,0.0,0,0.683,0.388,1,0.603,0.3,0.12,0.263,0.0,1.2339,182.08625,0.718,0.708,1,2,1.0,0,4523,0.22,1.11,0,0.0,0.0,0.12,0.273,0.738,0.075,0,0.0,16.0,102.6
36716,NVDAm_20251022140000_0,NVDAm,BREAKOUT,BUY,-1,2025.10.22 14:00:00,2025.10.22 14:11:40,11,182.75,182.14,-61.0,-305.0,0.546,0.263,SL_HIT,180.90675,182.1705,180.4855,0,1.147,0.658,182.08625,0.5,0,0.075,0.0,0,0,0,0,0.0,0,0.683,0.388,1,0.603,0.3,0.12,0.263,0.0,1.2339,182.08625,0.718,0.708,1,2,1.0,0,4523,0.22,1.11,0,0.0,0.0,0.12,0.255,0.738,0.075,1,0.0,16.0,102.6
36723,NVDAm_20251022153311_4,NVDAm,SWEEP_REVERSAL,BUY,0,2025.10.22 15:33:11,2025.10.22 15:47:00,13,178.66,179.19,53.0,265.0,0.641,0.459,TRAIL_STOP,180.7875,182.325,179.865,0,0.022,0.67,180.3775,0.6,0,0.344,-0.5794,0,1,1,0,0.0,6,0.5,0.319,0,0.659,0.174,0.626,0.578,0.3,0.0,180.3775,0.737,0.505,1,2,1.0,0,4524,0.526,1.49,6,0.3,0.174,0.626,0.578,0.659,0.344,0,-0.5794,16.0,126.4
36724,NVDAm_20251022153311_4,NVDAm,SWEEP_REVERSAL,BUY,1,2025.10.22 15:33:11,2025.10.22 15:47:27,14,178.66,179.14,48.0,240.0,0.641,0.482,TRAIL_STOP,180.7875,182.325,179.865,0,0.022,0.67,180.3775,0.6,0,0.344,-0.5794,0,1,1,0,0.0,6,0.5,0.319,0,0.659,0.174,0.626,0.578,0.3,0.0,180.3775,0.737,0.505,1,2,1.0,0,4524,0.526,1.49,6,0.3,0.174,0.626,0.578,0.659,0.344,0,-0.5794,16.0,126.4
36722,NVDAm_20251022153311_4,NVDAm,SWEEP_REVERSAL,BUY,-1,2025.10.22 15:33:11,2025.10.22 17:25:29,112,178.66,177.4,-126.0,-630.0,0.989,0.949,SL_HIT,180.7875,182.325,179.865,0,0.022,0.67,180.3775,0.6,0,0.344,-0.5794,0,1,1,0,0.0,6,0.5,0.319,0,0.659,0.174,0.626,0.578,0.3,0.0,180.3775,0.737,0.505,1,2,1.0,0,4524,0.526,1.49,6,0.3,0.226,0.525,0.574,0.672,0.825,0,-0.755,16.0,154.0
36729,NVDAm_20251022173311_4,NVDAm,SWEEP_REVERSAL,BUY,0,2025.10.22 17:33:11,2025.10.22 17:33:42,0,177.75,177.71,-4.0,-20.0,0.11,0.013,SL_HIT,179.28275,180.8255,178.0205,0,0.021,1.478,179.28275,0.5,0,0.825,-0.755,0,0,1,-1,0.0,6,0.5,0.261,0,0.672,0.226,0.525,0.574,0.3,0.0,179.28275,0.718,0.304,1,1,1.0,0,4526,0.486,1.1,6,0.3,0.226,0.525,0.574,0.672,0.825,0,-0.755,16.0,154.0
36730,NVDAm_20251022173311_4,NVDAm,SWEEP_REVERSAL,BUY,1,2025.10.22 17:33:11,2025.10.22 17:35:30,2,177.75,177.72,-3.0,-15.0,0.11,0.078,SL_HIT,179.28275,180.8255,178.0205,0,0.021,1.478,179.28275,0.5,0,0.825,-0.755,0,0,1,-1,0.0,6,0.5,0.261,0,0.672,0.226,0.525,0.574,0.3,0.0,179.28275,0.718,0.304,1,1,1.0,0,4526,0.486,1.1,6,0.3,0.226,0.525,0.574,0.672,0.825,0,-0.755,16.0,154.0
36734,NVDAm_20251022180001_5,NVDAm,MEAN_REVERSION,BUY,0,2025.10.22 18:00:01,2025.10.22 18:00:46,0,177.6,177.61,1.0,5.0,0.117,0.046,TRAIL_STOP,178.74725,180.488,177.6395,0,0.645,0.386,178.74725,0.45,0,0.9,-0.79,0,0,0,-1,0.0,0,0.712,0.338,0,0.632,0.237,0.12,0.135,0.0,0.0,178.74725,0.746,0.351,1,1,1.0,0,4527,0.583,1.06,0,0.0,0.237,0.12,0.135,0.632,0.9,0,-0.79,16.0,153.5
36735,NVDAm_20251022180001_5,NVDAm,MEAN_REVERSION,BUY,1,2025.10.22 18:00:01,2025.10.22 18:02:39,2,177.6,177.64,4.0,20.0,0.117,0.137,TRAIL_STOP,178.74725,180.488,177.6395,0,0.645,0.386,178.74725,0.45,0,0.9,-0.79,0,0,0,-1,0.0,0,0.712,0.338,0,0.632,0.237,0.12,0.135,0.0,0.0,178.74725,0.746,0.351,1,1,1.0,0,4527,0.583,1.06,0,0.0,0.237,0.12,0.149,0.632,0.9,1,-0.79,16.0,153.5
36733,NVDAm_20251022180001_5,NVDAm,MEAN_REVERSION,BUY,-1,2025.10.22 18:00:01,2025.10.22 19:01:05,61,177.6,178.92,132.0,660.0,0.476,0.84,TP_HIT,178.74725,180.488,177.6395,0,0.645,0.386,178.74725,0.45,0,0.9,-0.79,0,0,0,-1,0.0,0,0.712,0.338,0,0.632,0.237,0.12,0.135,0.0,0.0,178.74725,0.746,0.351,1,1,1.0,0,4527,0.583,1.06,0,0.0,0.247,0.248,0.129,0.706,0.65,1,-0.825,16.0,156.0
36739,NVDAm_20251022190004_7,NVDAm,ANCHORED_PULLBACK,BUY,0,2025.10.22 19:00:04,2025.10.22 19:01:18,1,178.94,178.88,-6.0,-30.0,0.103,0.006,SL_HIT,178.53775,179.413,177.468,1,0.168,0.705,178.53775,0.5,0,0.65,-0.825,0,0,0,-1,0.0,0,0.786,0.421,1,0.706,0.247,0.248,0.073,0.0,0.0,179.413,0.6,0.242,1,1,1.0,0,4528,0.226,2.15,0,0.0,0.247,0.248,0.129,0.706,0.65,1,-0.825,16.0,156.0
36740,NVDAm_20251022190004_7,NVDAm,ANCHORED_PULLBACK,BUY,1,2025.10.22 19:00:04,2025.10.22 19:01:26,1,178.94,178.81,-13.0,-65.0,0.103,0.006,SL_HIT,178.53775,179.413,177.468,1,0.168,0.705,178.53775,0.5,0,0.65,-0.825,0,0,0,-1,0.0,0,0.786,0.421,1,0.706,0.247,0.248,0.073,0.0,0.0,179.413,0.6,0.242,1,1,1.0,0,4528,0.226,2.15,0,0.0,0.247,0.248,0.073,0.706,0.65,1,-0.825,16.0,156.0
36728,NVDAm_20251022173311_4,NVDAm,SWEEP_REVERSAL,BUY,-1,2025.10.22 17:33:11,2025.10.22 19:20:38,107,177.75,179.44,169.0,845.0,0.688,1.091,TP_HIT,179.28275,180.8255,178.0205,0,0.021,1.478,179.28275,0.5,0,0.825,-0.755,0,0,1,-1,0.0,6,0.5,0.261,0,0.672,0.226,0.525,0.574,0.3,0.0,179.28275,0.718,0.304,1,1,1.0,0,4526,0.486,1.1,0,0.0,0.247,0.248,0.185,0.706,0.65,0,-0.825,16.0,156.0
36746,NVDAm_20251023120000_0,NVDAm,BREAKOUT,BUY,0,2025.10.23 12:00:00,2025.10.23 12:00:25,0,179.99,179.31,-68.0,-340.0,0.439,0.0,SL_HIT,177.6525,179.315,176.865,0,0.034,0.264,177.6525,0.7,0,1.0,-0.755,0,0,0,-1,0.0,2,1.0,0.378,1,0.626,0.926,0.26,0.211,0.4,0.4584,177.6525,0.758,0.536,1,2,1.0,0,4531,0.644,2.06,0,0.4,0.226,0.26,0.316,0.626,1.0,1,-0.755,64.0,152.7
36747,NVDAm_20251023120000_0,NVDAm,BREAKOUT,BUY,1,2025.10.23 12:00:00,2025.10.23 12:05:43,5,179.99,179.22,-77.0,-385.0,0.498,0.0,SL_HIT,177.6525,179.315,176.865,0,0.034,0.264,177.6525,0.7,0,1.0,-0.755,0,0,0,-1,0.0,2,1.0,0.378,1,0.626,0.926,0.26,0.211,0.4,0.4584,177.6525,0.758,0.536,1,2,1.0,0,4531,0.644,2.06,0,0.4,0.226,0.26,0.316,0.626,1.0,1,-0.755,64.0,152.7
36751,NVDAm_20251023130524_5,NVDAm,MEAN_REVERSION,BUY,0,2025.10.23 13:05:24,2025.10.23 13:05:27,0,179.74,179.01,-73.0,-365.0,0.459,0.0,SL_HIT,179.2685,180.093,178.929,1,0.064,0.381,179.2685,0.6,0,1.0,-0.79,0,0,0,-1,0.0,0,0.754,0.377,1,0.674,0.237,0.344,0.255,0.25,0.0,180.093,0.6,0.364,1,2,1.0,0,4532,0.612,0.81,0,0.25,0.237,0.344,0.317,0.674,1.0,1,-0.79,64.0,152.5
36752,NVDAm_20251023130524_5,NVDAm,MEAN_REVERSION,BUY,1,2025.10.23 13:05:24,2025.10.23 13:05:35,0,179.74,178.93,-81.0,-405.0,0.511,0.0,SL_HIT,179.2685,180.093,178.929,1,0.064,0.381,179.2685,0.6,0,1.0,-0.79,0,0,0,-1,0.0,0,0.754,0.377,1,0.674,0.237,0.344,0.255,0.25,0.0,180.093,0.6,0.364,1,2,1.0,0,4532,0.612,0.81,0,0.25,0.237,0.344,0.317,0.674,1.0,1,-0.79,64.0,152.5
36738,NVDAm_20251022190004_7,NVDAm,ANCHORED_PULLBACK,BUY,-1,2025.10.22 19:00:04,2025.10.23 13:30:33,1110,178.94,180.25,131.0,636.0,0.244,0.833,TP_HIT,178.53775,179.413,177.468,1,0.168,0.705,178.53775,0.5,0,0.65,-0.825,0,0,0,-1,0.0,0,0.786,0.421,1,0.706,0.247,0.248,0.073,0.0,0.0,179.413,0.6,0.242,1,1,1.0,0,4528,0.226,2.15,0,0.25,0.237,0.344,0.329,0.674,1.0,0,-0.79,64.0,152.5
36750,NVDAm_20251023130524_5,NVDAm,MEAN_REVERSION,BUY,-1,2025.10.23 13:05:24,2025.10.23 13:48:26,43,179.74,180.73,99.0,495.0,0.748,0.636,TP_HIT,179.2685,180.093,178.929,1,0.064,0.381,179.2685,0.6,0,1.0,-0.79,0,0,0,-1,0.0,0,0.754,0.377,1,0.674,0.237,0.344,0.255,0.25,0.0,180.093,0.6,0.364,1,2,1.0,0,4532,0.612,0.81,0,0.25,0.237,0.344,0.329,0.674,1.0,0,-0.79,16.0,152.5
36760,NVDAm_20251023140059_7,NVDAm,ANCHORED_PULLBACK,BUY,-1,2025.10.23 14:00:59,2025.10.23 14:05:38,4,181.17,180.83,-34.0,-170.0,0.188,0.059,SL_HIT,181.29175,181.51,179.473,1,0.013,0.158,181.29175,0.7,1,0.272,0.4163,2,0,0,0,0.0,4,0.586,0.415,1,0.621,0.125,0.173,0.321,0.15,0.0,179.473,0.6,1.053,1,2,1.0,0,4533,0.44,1.0,4,0.15,0.125,0.173,0.34,0.621,0.272,1,0.4163,16.0,170.2
36761,NVDAm_20251023140059_7,NVDAm,ANCHORED_PULLBACK,BUY,0,2025.10.23 14:00:59,2025.10.23 14:05:38,4,181.17,180.83,-34.0,-170.0,0.188,0.059,SL_HIT,181.29175,181.51,179.473,1,0.013,0.158,181.29175,0.7,1,0.272,0.4163,2,0,0,0,0.0,4,0.586,0.415,1,0.621,0.125,0.173,0.321,0.15,0.0,179.473,0.6,1.053,1,2,1.0,0,4533,0.44,1.0,4,0.15,0.125,0.173,0.34,0.621,0.272,1,0.4163,16.0,170.2
36762,NVDAm_20251023140059_7,NVDAm,ANCHORED_PULLBACK,BUY,1,2025.10.23 14:00:59,2025.10.23 14:05:38,4,181.17,180.83,-34.0,-170.0,0.188,0.059,SL_HIT,181.29175,181.51,179.473,1,0.013,0.158,181.29175,0.7,1,0.272,0.4163,2,0,0,0,0.0,4,0.586,0.415,1,0.621,0.125,0.173,0.321,0.15,0.0,179.473,0.6,1.053,1,2,1.0,0,4533,0.44,1.0,4,0.15,0.125,0.173,0.34,0.621,0.272,1,0.4163,16.0,170.2
36758,NVDAm_20251023140000_0,NVDAm,BREAKOUT,BUY,0,2025.10.23 14:00:00,2025.10.23 15:00:17,60,181.43,182.18,75.0,375.0,0.517,0.476,TRAIL_STOP,181.29175,181.51,179.473,1,0.013,0.158,181.29175,0.7,1,0.272,0.4163,2,0,0,0,0.0,2,1.0,0.481,1,0.321,0.825,0.277,0.326,0.45,0.5129,179.473,0.6,1.119,1,2,1.0,0,4533,0.302,2.16,0,0.15,0.216,0.173,0.344,0.672,0.75,0,0.72,16.0,179.7
36767,NVDAm_20251023142352_1,NVDAm,BREAKOUT_RETEST,BUY,0,2025.10.23 14:23:52,2025.10.23 15:00:17,36,181.46,182.18,72.0,360.0,0.182,0.458,TRAIL_STOP,181.29175,181.51,179.473,1,0.013,0.158,181.29175,0.7,1,0.272,0.4163,2,0,0,0,0.0,4,0.586,0.411,1,0.621,0.125,0.173,0.206,0.15,0.0,179.473,0.6,1.021,1,2,1.0,0,4533,0.269,2.41,0,0.15,0.216,0.173,0.344,0.672,0.75,0,0.72,16.0,179.7
36770,NVDAm_20251023145420_3,NVDAm,TREND_CONTINUATION,BUY,0,2025.10.23 14:54:20,2025.10.23 15:00:17,5,181.89,182.18,29.0,145.0,0.117,0.206,TRAIL_STOP,181.29175,181.51,179.473,0,0.013,0.158,181.29175,0.7,1,0.272,0.4163,2,0,0,0,0.0,4,0.586,0.428,1,0.621,0.125,0.173,0.226,0.15,0.0,179.473,0.6,1.164,1,2,1.0,0,4533,0.267,2.08,0,0.15,0.216,0.173,0.344,0.672,0.75,0,0.72,16.0,179.7
36773,NVDAm_20251023150000_2,NVDAm,PULLBACK,BUY,0,2025.10.23 15:00:00,2025.10.23 15:00:17,0,182.37,182.18,-19.0,-95.0,0.1,0.0,SL_HIT,181.421,182.058,180.056,0,0.439,0.034,181.421,0.55,0,0.75,0.72,0,0,0,0,0.0,0,0.709,0.397,1,0.629,0.216,0.173,0.344,0.15,-0.0195,181.421,0.759,1.127,1,2,1.0,0,4534,0.389,1.11,0,0.15,0.216,0.173,0.344,0.672,0.75,0,0.72,16.0,179.7
36759,NVDAm_20251023140000_0,NVDAm,BREAKOUT,BUY,1,2025.10.23 14:00:00,2025.10.23 15:01:38,61,181.43,182.07,64.0,320.0,0.517,0.476,TRAIL_STOP,181.29175,181.51,179.473,1,0.013,0.158,181.29175,0.7,1,0.272,0.4163,2,0,0,0,0.0,2,1.0,0.481,1,0.321,0.825,0.277,0.326,0.45,0.5129,179.473,0.6,1.119,1,2,1.0,0,4533,0.302,2.16,0,0.15,0.216,0.173,0.344,0.672,0.75,0,0.72,16.0,179.7
36768,NVDAm_20251023142352_1,NVDAm,BREAKOUT_RETEST,BUY,1,2025.10.23 14:23:52,2025.10.23 15:01:38,37,181.46,182.07,61.0,305.0,0.182,0.458,TRAIL_STOP,181.29175,181.51,179.473,1,0.013,0.158,181.29175,0.7,1,0.272,0.4163,2,0,0,0,0.0,4,0.586,0.411,1,0.621,0.125,0.173,0.206,0.15,0.0,179.473,0.6,1.021,1,2,1.0,0,4533,0.269,2.41,0,0.15,0.216,0.173,0.344,0.672,0.75,0,0.72,16.0,179.7
36771,NVDAm_20251023145420_3,NVDAm,TREND_CONTINUATION,BUY,1,2025.10.23 14:54:20,2025.10.23 15:01:38,7,181.89,182.07,18.0,90.0,0.117,0.206,TRAIL_STOP,181.29175,181.51,179.473,0,0.013,0.158,181.29175,0.7,1,0.272,0.4163,2,0,0,0,0.0,4,0.586,0.428,1,0.621,0.125,0.173,0.226,0.15,0.0,179.473,0.6,1.164,1,2,1.0,0,4533,0.267,2.08,0,0.15,0.216,0.173,0.344,0.672,0.75,0,0.72,16.0,179.7
36774,NVDAm_20251023150000_2,NVDAm,PULLBACK,BUY,1,2025.10.23 15:00:00,2025.10.23 15:01:38,1,182.37,182.07,-30.0,-150.0,0.156,0.0,SL_HIT,181.421,182.058,180.056,0,0.439,0.034,181.421,0.55,0,0.75,0.72,0,0,0,0,0.0,0,0.709,0.397,1,0.629,0.216,0.173,0.344,0.15,-0.0195,181.421,0.759,1.127,1,2,1.0,0,4534,0.389,1.11,0,0.15,0.216,0.173,0.344,0.672,0.75,0,0.72,16.0,179.7
36772,NVDAm_20251023150000_2,NVDAm,PULLBACK,BUY,-1,2025.10.23 15:00:00,2025.10.23 15:21:14,21,182.37,181.5,-87.0,-435.0,0.479,0.0,SL_HIT,181.421,182.058,180.056,0,0.439,0.034,181.421,0.55,0,0.75,0.72,0,0,0,0,0.0,0,0.709,0.397,1,0.629,0.216,0.173,0.344,0.15,-0.0195,181.421,0.759,1.127,1,2,1.0,0,4534,0.389,1.11,0,0.15,0.216,0.173,0.157,0.672,0.75,1,0.72,16.0,179.7
36785,NVDAm_20251023160000_0,NVDAm,BREAKOUT,BUY,0,2025.10.23 16:00:00,2025.10.23 16:03:54,3,182.2,182.11,-9.0,-45.0,0.126,0.0,SL_HIT,181.72675,182.2005,180.6845,1,0.068,1.314,181.72675,0.4,0,0.55,0.755,2,0,0,0,0.0,0,0.666,0.365,1,0.586,0.226,0.225,0.549,0.3,-0.2663,180.6845,0.6,0.881,1,1,1.0,0,4535,0.256,1.67,0,0.0,0.226,0.12,0.129,0.686,0.55,1,0.755,16.0,182.5
36786,NVDAm_20251023160000_0,NVDAm,BREAKOUT,BUY,1,2025.10.23 16:00:00,2025.10.23 16:04:02,4,182.2,182.02,-18.0,-90.0,0.126,0.0,SL_HIT,181.72675,182.2005,180.6845,1,0.068,1.314,181.72675,0.4,0,0.55,0.755,2,0,0,0,0.0,0,0.666,0.365,1,0.586,0.226,0.225,0.549,0.3,-0.2663,180.6845,0.6,0.881,1,1,1.0,0,4535,0.256,1.67,0,0.0,0.226,0.12,0.129,0.686,0.55,1,0.755,16.0,182.5
36790,NVDAm_20251023162353_1,NVDAm,BREAKOUT_RETEST,BUY,0,2025.10.23 16:23:53,2025.10.23 16:26:53,3,182.11,181.92,-19.0,-95.0,0.104,0.0,SL_HIT,181.72675,182.2005,180.6845,1,0.068,1.314,181.72675,0.4,0,0.55,0.755,2,0,0,0,0.0,0,0.766,0.424,1,0.686,0.226,0.12,0.062,0.0,0.0,180.6845,0.6,0.784,1,1,1.0,0,4535,0.415,1.84,0,0.0,0.226,0.12,0.062,0.686,0.55,1,0.755,16.0,182.5
36791,NVDAm_20251023162353_1,NVDAm,BREAKOUT_RETEST,BUY,1,2025.10.23 16:23:53,2025.10.23 16:27:10,3,182.11,181.83,-28.0,-140.0,0.148,0.0,SL_HIT,181.72675,182.2005,180.6845,1,0.068,1.314,181.72675,0.4,0,0.55,0.755,2,0,0,0,0.0,0,0.766,0.424,1,0.686,0.226,0.12,0.062,0.0,0.0,180.6845,0.6,0.784,1,1,1.0,0,4535,0.415,1.84,0,0.0,0.226,0.12,0.062,0.686,0.55,1,0.755,16.0,182.5
36795,NVDAm_20251023165420_3,NVDAm,TREND_CONTINUATION,BUY,0,2025.10.23 16:54:20,2025.10.23 16:55:05,0,182.14,181.9,-24.0,-120.0,0.126,0.0,SL_HIT,181.72675,182.2005,180.6845,1,0.068,1.314,181.72675,0.4,0,0.55,0.755,2,0,0,0,0.0,0,0.766,0.425,1,0.686,0.226,0.12,0.062,0.0,0.0,180.6845,0.6,0.789,1,1,1.0,0,4535,0.399,2.08,0,0.0,0.226,0.12,0.062,0.686,0.55,1,0.755,16.0,182.5
36796,NVDAm_20251023165420_3,NVDAm,TREND_CONTINUATION,BUY,1,2025.10.23 16:54:20,2025.10.23 16:56:04,1,182.14,181.81,-33.0,-165.0,0.175,0.0,SL_HIT,181.72675,182.2005,180.6845,1,0.068,1.314,181.72675,0.4,0,0.55,0.755,2,0,0,0,0.0,0,0.766,0.425,1,0.686,0.226,0.12,0.062,0.0,0.0,180.6845,0.6,0.789,1,1,1.0,0,4535,0.399,2.08,0,0.0,0.226,0.12,0.014,0.686,0.55,1,0.755,16.0,182.5
36800,NVDAm_20251023170820_2,NVDAm,PULLBACK,BUY,0,2025.10.23 17:08:20,2025.10.23 17:08:31,0,181.85,181.6,-25.0,-125.0,0.109,0.0,SL_HIT,181.72675,182.2005,180.874,1,0.007,1.346,181.72675,0.35,0,0.6,0.79,2,0,0,0,0.0,0,0.791,0.432,1,0.711,0.237,0.12,0.007,0.0,0.0,180.874,0.6,0.669,1,1,1.0,0,4536,0.509,1.41,0,0.0,0.237,0.12,0.115,0.711,0.6,1,0.79,16.0,184.1
36789,NVDAm_20251023162353_1,NVDAm,BREAKOUT_RETEST,BUY,-1,2025.10.23 16:23:53,2025.10.23 17:08:41,44,182.11,181.56,-55.0,-275.0,0.296,0.0,SL_HIT,181.72675,182.2005,180.6845,1,0.068,1.314,181.72675,0.4,0,0.55,0.755,2,0,0,0,0.0,0,0.766,0.424,1,0.686,0.226,0.12,0.062,0.0,0.0,180.6845,0.6,0.784,1,1,1.0,0,4535,0.415,1.84,0,0.0,0.237,0.12,0.115,0.711,0.6,1,0.79,16.0,184.1
36801,NVDAm_20251023170820_2,NVDAm,PULLBACK,BUY,1,2025.10.23 17:08:20,2025.10.23 17:08:41,0,181.85,181.51,-34.0,-170.0,0.158,0.0,SL_HIT,181.72675,182.2005,180.874,1,0.007,1.346,181.72675,0.35,0,0.6,0.79,2,0,0,0,0.0,0,0.791,0.432,1,0.711,0.237,0.12,0.007,0.0,0.0,180.874,0.6,0.669,1,1,1.0,0,4536,0.509,1.41,0,0.0,0.237,0.12,0.115,0.711,0.6,1,0.79,16.0,184.1
36806,NVDAm_20251023180000_0,NVDAm,BREAKOUT,BUY,0,2025.10.23 18:00:00,2025.10.23 18:01:14,1,182.62,182.38,-24.0,-120.0,0.131,0.0,SL_HIT,181.723,182.284,181.366,0,0.257,0.075,181.723,0.45,0,0.975,0.825,0,0,0,0,0.0,1,1.0,0.481,1,0.732,0.247,0.265,0.577,0.15,-0.2436,181.723,0.739,0.744,1,1,1.0,0,4537,0.513,1.67,0,0.15,0.247,0.265,0.326,0.734,0.975,0,0.825,16.0,167.7
36807,NVDAm_20251023180000_0,NVDAm,BREAKOUT,BUY,1,2025.10.23 18:00:00,2025.10.23 18:01:24,1,182.62,182.29,-33.0,-165.0,0.179,0.0,SL_HIT,181.723,182.284,181.366,0,0.257,0.075,181.723,0.45,0,0.975,0.825,0,0,0,0,0.0,1,1.0,0.481,1,0.732,0.247,0.265,0.577,0.15,-0.2436,181.723,0.739,0.744,1,1,1.0,0,4537,0.513,1.67,0,0.15,0.247,0.265,0.326,0.734,0.975,0,0.825,16.0,167.7
36766,NVDAm_20251023142352_1,NVDAm,BREAKOUT_RETEST,BUY,-1,2025.10.23 14:23:52,2025.10.23 18:24:26,240,181.46,182.69,123.0,615.0,0.182,0.711,TP_HIT,181.29175,181.51,179.473,1,0.013,0.158,181.29175,0.7,1,0.272,0.4163,2,0,0,0,0.0,4,0.586,0.411,1,0.621,0.125,0.173,0.206,0.15,0.0,179.473,0.6,1.021,1,2,1.0,0,4533,0.269,2.41,0,0.15,0.247,0.265,0.283,0.734,0.975,0,0.825,16.0,167.7
36812,NVDAm_20251023185421_3,NVDAm,TREND_CONTINUATION,BUY,0,2025.10.23 18:54:21,2025.10.23 18:54:34,0,183.06,182.81,-25.0,-125.0,0.131,0.0,SL_HIT,181.723,182.284,181.366,0,0.257,0.075,181.723,0.45,0,0.975,0.825,0,0,0,0,0.0,0,0.814,0.499,1,0.734,0.247,0.265,0.283,0.15,0.0,181.723,0.739,1.293,1,1,1.0,0,4537,0.578,2.08,0,0.15,0.247,0.265,0.283,0.734,0.975,0,0.825,16.0,167.7
36813,NVDAm_20251023185421_3,NVDAm,TREND_CONTINUATION,BUY,1,2025.10.23 18:54:21,2025.10.23 19:02:32,8,183.06,182.77,-29.0,-145.0,0.167,0.0,SL_HIT,181.723,182.284,181.366,0,0.257,0.075,181.723,0.45,0,0.975,0.825,0,0,0,0,0.0,0,0.814,0.499,1,0.734,0.247,0.265,0.283,0.15,0.0,181.723,0.739,1.293,1,1,1.0,0,4537,0.578,2.08,0,0.15,0.258,0.241,0.273,0.619,1.0,0,0.86,16.0,146.1
36817,NVDAm_20251023193625_2,NVDAm,PULLBACK,BUY,0,2025.10.23 19:36:25,2025.10.23 19:36:36,0,182.67,182.45,-22.0,-110.0,0.144,0.0,SL_HIT,181.741,182.356,181.618,0,0.535,0.027,181.741,0.45,0,1.0,0.86,0,0,0,0,0.0,0,0.699,0.454,1,0.619,0.258,0.241,0.199,0.15,0.0,181.741,0.75,1.235,1,1,1.0,0,4538,0.491,1.01,0,0.15,0.258,0.241,0.199,0.619,1.0,0,0.86,16.0,146.1
36818,NVDAm_20251023193625_2,NVDAm,PULLBACK,BUY,1,2025.10.23 19:36:25,2025.10.23 19:40:37,4,182.67,182.36,-31.0,-155.0,0.199,0.0,SL_HIT,181.741,182.356,181.618,0,0.535,0.027,181.741,0.45,0,1.0,0.86,0,0,0,0,0.0,0,0.699,0.454,1,0.619,0.258,0.241,0.199,0.15,0.0,181.741,0.75,1.235,1,1,1.0,0,4538,0.491,1.01,0,0.15,0.258,0.241,0.232,0.619,1.0,0,0.86,16.0,146.1
36822,NVDAm_20251024100030_0,NVDAm,BREAKOUT,BUY,0,2025.10.24 10:00:30,2025.10.24 10:01:18,0,183.74,182.73,-101.0,-505.0,0.757,0.0,SL_HIT,181.941,182.57,181.608,0,0.076,0.094,181.941,0.65,0,0.75,0.895,0,0,0,0,0.0,2,1.0,0.599,2,0.591,0.968,0.173,0.116,0.15,0.1714,181.941,0.742,1.884,1,2,1.0,0,4539,0.575,1.67,0,0.15,0.269,0.173,0.116,0.683,0.75,0,0.895,96.0,130.7
36825,NVDAm_20251024100100_3,NVDAm,TREND_CONTINUATION,BUY,0,2025.10.24 10:01:00,2025.10.24 10:01:30,0,183.74,182.7,-104.0,-520.0,0.773,0.0,SL_HIT,181.941,182.57,181.608,0,0.076,0.094,181.941,0.65,0,0.75,0.895,0,0,0,0,0.0,0,0.763,0.47,1,0.683,0.269,0.173,0.116,0.15,0.0,181.941,0.742,1.293,1,2,1.0,0,4539,0.498,2.08,0,0.15,0.269,0.173,0.091,0.683,0.75,0,0.895,96.0,130.7
36823,NVDAm_20251024100030_0,NVDAm,BREAKOUT,BUY,1,2025.10.24 10:00:30,2025.10.24 10:25:30,25,183.74,182.98,-76.0,-380.0,0.811,0.0,SL_HIT,181.941,182.57,181.608,0,0.076,0.094,181.941,0.65,0,0.75,0.895,0,0,0,0,0.0,2,1.0,0.599,2,0.591,0.968,0.173,0.116,0.15,0.1714,181.941,0.742,1.884,1,2,1.0,0,4539,0.575,1.67,0,0.15,0.269,0.173,0.283,0.683,0.75,0,0.895,64.0,130.7
36826,NVDAm_20251024100100_3,NVDAm,TREND_CONTINUATION,BUY,1,2025.10.24 10:01:00,2025.10.24 10:25:30,24,183.74,182.98,-76.0,-380.0,0.811,0.0,SL_HIT,181.941,182.57,181.608,0,0.076,0.094,181.941,0.65,0,0.75,0.895,0,0,0,0,0.0,0,0.763,0.47,1,0.683,0.269,0.173,0.116,0.15,0.0,181.941,0.742,1.293,1,2,1.0,0,4539,0.498,2.08,0,0.15,0.269,0.173,0.283,0.683,0.75,0,0.895,64.0,130.7
36832,NVDAm_20251024120030_0,NVDAm,BREAKOUT,BUY,0,2025.10.24 12:00:30,2025.10.24 12:00:59,0,183.5,182.8,-70.0,-350.0,0.633,0.0,SL_HIT,182.75875,182.9635,182.463,1,0.038,0.091,182.66775,0.55,0,0.8,0.965,0,0,0,0,0.0,0,0.802,0.415,1,0.722,0.29,0.167,0.086,0.15,0.0,182.463,0.6,0.47,1,2,1.0,0,4541,0.344,1.67,0,0.15,0.29,0.167,0.144,0.722,0.8,1,0.965,64.0,105.9
36836,NVDAm_20251024120100_3,NVDAm,TREND_CONTINUATION,BUY,0,2025.10.24 12:01:00,2025.10.24 12:01:38,0,183.43,182.77,-66.0,-330.0,0.614,0.0,SL_HIT,182.75875,182.9635,182.463,1,0.038,0.091,182.66775,0.55,0,0.8,0.965,0,0,0,0,0.0,0,0.802,0.42,1,0.722,0.29,0.167,0.144,0.15,0.0,182.463,0.6,0.513,1,2,1.0,0,4541,0.507,2.08,0,0.15,0.29,0.167,0.097,0.722,0.8,1,0.965,64.0,105.9
36833,NVDAm_20251024120030_0,NVDAm,BREAKOUT,BUY,1,2025.10.24 12:00:30,2025.10.24 12:09:25,8,183.5,182.83,-67.0,-335.0,0.718,0.0,SL_HIT,182.75875,182.9635,182.463,1,0.038,0.091,182.66775,0.55,0,0.8,0.965,0,0,0,0,0.0,0,0.802,0.415,1,0.722,0.29,0.167,0.086,0.15,0.0,182.463,0.6,0.47,1,2,1.0,0,4541,0.344,1.67,0,0.15,0.29,0.167,0.086,0.722,0.8,1,0.965,64.0,105.9
36837,NVDAm_20251024120100_3,NVDAm,TREND_CONTINUATION,BUY,1,2025.10.24 12:01:00,2025.10.24 12:09:25,8,183.43,182.83,-60.0,-300.0,0.652,0.0,SL_HIT,182.75875,182.9635,182.463,1,0.038,0.091,182.66775,0.55,0,0.8,0.965,0,0,0,0,0.0,0,0.802,0.42,1,0.722,0.29,0.167,0.144,0.15,0.0,182.463,0.6,0.513,1,2,1.0,0,4541,0.507,2.08,0,0.15,0.29,0.167,0.086,0.722,0.8,1,0.965,64.0,105.9
36799,NVDAm_20251023170820_2,NVDAm,PULLBACK,BUY,-1,2025.10.23 17:08:20,2025.10.24 12:30:24,1162,181.85,183.26,141.0,686.0,0.185,0.755,TP_HIT,181.72675,182.2005,180.874,1,0.007,1.346,181.72675,0.35,0,0.6,0.79,2,0,0,0,0.0,0,0.791,0.432,1,0.711,0.237,0.12,0.007,0.0,0.0,180.874,0.6,0.669,1,1,1.0,0,4536,0.509,1.41,0,0.15,0.29,0.167,0.275,0.722,0.8,0,0.965,64.0,105.9
36816,NVDAm_20251023193625_2,NVDAm,PULLBACK,BUY,-1,2025.10.23 19:36:25,2025.10.24 12:30:24,1013,182.67,183.26,59.0,276.0,0.26,0.39,TP_HIT,181.741,182.356,181.618,0,0.535,0.027,181.741,0.45,0,1.0,0.86,0,0,0,0,0.0,0,0.699,0.454,1,0.619,0.258,0.241,0.199,0.15,0.0,181.741,0.75,1.235,1,1,1.0,0,4538,0.491,1.01,0,0.15,0.29,0.167,0.275,0.722,0.8,0,0.965,64.0,105.9
36745,NVDAm_20251023120000_0,NVDAm,BREAKOUT,BUY,-1,2025.10.23 12:00:00,2025.10.24 12:31:02,1471,179.99,183.84,385.0,1906.0,0.91,2.482,TP_HIT,177.6525,179.315,176.865,0,0.034,0.264,177.6525,0.7,0,1.0,-0.755,0,0,0,-1,0.0,2,1.0,0.378,1,0.626,0.926,0.26,0.211,0.4,0.4584,177.6525,0.758,0.536,1,2,1.0,0,4531,0.644,2.06,0,0.15,0.29,0.167,0.275,0.722,0.8,0,0.965,96.0,105.9
36842,NVDAm_20251024123014_2,NVDAm,PULLBACK,BUY,0,2025.10.24 12:30:14,2025.10.24 12:31:08,0,183.75,183.87,12.0,60.0,0.586,0.151,TRAIL_STOP,182.75875,182.9635,182.463,0,0.038,0.091,182.66775,0.55,0,0.8,0.965,0,0,0,0,0.0,0,0.802,0.38,1,0.722,0.29,0.167,0.275,0.15,0.0,182.75875,0.7,0.17,1,2,1.0,0,4541,0.422,2.0,0,0.15,0.29,0.167,0.275,0.722,0.8,0,0.965,96.0,105.9
36843,NVDAm_20251024123014_2,NVDAm,PULLBACK,BUY,1,2025.10.24 12:30:14,2025.10.24 12:31:39,1,183.75,183.85,10.0,50.0,0.586,0.198,TRAIL_STOP,182.75875,182.9635,182.463,0,0.038,0.091,182.66775,0.55,0,0.8,0.965,0,0,0,0,0.0,0,0.802,0.38,1,0.722,0.29,0.167,0.275,0.15,0.0,182.75875,0.7,0.17,1,2,1.0,0,4541,0.422,2.0,0,0.15,0.29,0.167,0.275,0.722,0.8,0,0.965,96.0,105.9
36850,NVDAm_20251024130000_7,NVDAm,ANCHORED_PULLBACK,BUY,0,2025.10.24 13:00:00,2025.10.24 13:06:32,6,184.3,183.77,-53.0,-265.0,0.671,0.0,SL_HIT,182.85875,183.0775,182.5525,0,0.705,0.273,182.85875,0.3,0,1.0,1.0,0,0,0,1,0.0,0,0.736,0.335,0,0.656,0.3,0.053,0.3,0.15,0.0242,182.85875,0.722,0.35,1,2,1.0,0,4542,0.546,1.43,0,0.15,0.3,0.053,0.313,0.715,1.0,0,1.0,64.0,101.3
36851,NVDAm_20251024130000_7,NVDAm,ANCHORED_PULLBACK,BUY,1,2025.10.24 13:00:00,2025.10.24 13:10:45,10,184.3,183.79,-51.0,-255.0,0.671,0.0,SL_HIT,182.85875,183.0775,182.5525,0,0.705,0.273,182.85875,0.3,0,1.0,1.0,0,0,0,1,0.0,0,0.736,0.335,0,0.656,0.3,0.053,0.3,0.15,0.0242,182.85875,0.722,0.35,1,2,1.0,0,4542,0.546,1.43,0,0.15,0.3,0.053,0.313,0.715,1.0,0,1.0,64.0,101.3
36849,NVDAm_20251024130000_7,NVDAm,ANCHORED_PULLBACK,BUY,-1,2025.10.24 13:00:00,2025.10.24 13:30:04,30,184.3,183.32,-98.0,-490.0,0.938,0.0,SL_HIT,182.85875,183.0775,182.5525,0,0.705,0.273,182.85875,0.3,0,1.0,1.0,0,0,0,1,0.0,0,0.736,0.335,0,0.656,0.3,0.053,0.3,0.15,0.0242,182.85875,0.722,0.35,1,2,1.0,0,4542,0.546,1.43,0,0.15,0.3,0.053,0.357,0.715,1.0,0,1.0,64.0,101.3
36856,NVDAm_20251024133425_6,NVDAm,NAKED_POC,BUY,0,2025.10.24 13:34:25,2025.10.24 13:35:27,1,185.52,184.68,-84.0,-420.0,0.8,0.0,SL_HIT,182.85875,183.0775,182.5525,0,0.705,0.273,182.85875,0.3,0,1.0,1.0,0,0,0,1,0.0,0,0.795,0.49,1,0.715,0.3,0.053,0.35,0.15,0.0,182.85875,0.722,1.556,1,2,1.0,0,4542,0.447,1.73,0,0.15,0.3,0.053,0.35,0.715,1.0,0,1.0,40.0,101.3
36857,NVDAm_20251024133425_6,NVDAm,NAKED_POC,BUY,1,2025.10.24 13:34:25,2025.10.24 13:35:27,1,185.52,184.68,-84.0,-420.0,0.8,0.0,SL_HIT,182.85875,183.0775,182.5525,0,0.705,0.273,182.85875,0.3,0,1.0,1.0,0,0,0,1,0.0,0,0.795,0.49,1,0.715,0.3,0.053,0.35,0.15,0.0,182.85875,0.722,1.556,1,2,1.0,0,4542,0.447,1.73,0,0.15,0.3,0.053,0.35,0.715,1.0,0,1.0,40.0,101.3
36757,NVDAm_20251023140000_0,NVDAm,BREAKOUT,BUY,-1,2025.10.23 14:00:00,2025.10.24 13:39:14,1419,181.43,185.69,426.0,2111.0,0.517,2.497,TP_HIT,181.29175,181.51,179.473,1,0.013,0.158,181.29175,0.7,1,0.272,0.4163,2,0,0,0,0.0,2,1.0,0.481,1,0.321,0.825,0.277,0.326,0.45,0.5129,179.473,0.6,1.119,1,2,1.0,0,4533,0.302,2.16,0,0.15,0.3,0.053,0.35,0.715,1.0,0,1.0,40.0,101.3
36861,NVDAm_20251024140013_1,NVDAm,BREAKOUT_RETEST,BUY,-1,2025.10.24 14:00:13,2025.10.24 14:00:37,0,185.71,185.38,-33.0,-165.0,0.29,0.0,SL_HIT,185.54,185.95,183.654,1,0.063,0.829,185.54,0.7,1,1.0,1.0,2,0,0,1,0.0,0,0.546,0.489,1,0.466,0.3,0.0,0.152,0.0,0.0,185.95,0.6,0.979,1,2,1.0,0,4543,0.637,1.21,0,0.0,0.3,0.0,0.169,0.466,1.0,1,1.0,16.0,110.3
36862,NVDAm_20251024140013_1,NVDAm,BREAKOUT_RETEST,BUY,0,2025.10.24 14:00:13,2025.10.24 14:00:37,0,185.71,185.38,-33.0,-165.0,0.29,0.0,SL_HIT,185.54,185.95,183.654,1,0.063,0.829,185.54,0.7,1,1.0,1.0,2,0,0,1,0.0,0,0.546,0.489,1,0.466,0.3,0.0,0.152,0.0,0.0,185.95,0.6,0.979,1,2,1.0,0,4543,0.637,1.21,0,0.0,0.3,0.0,0.169,0.466,1.0,1,1.0,16.0,110.3
36863,NVDAm_20251024140013_1,NVDAm,BREAKOUT_RETEST,BUY,1,2025.10.24 14:00:13,2025.10.24 14:00:37,0,185.71,185.38,-33.0,-165.0,0.29,0.0,SL_HIT,185.54,185.95,183.654,1,0.063,0.829,185.54,0.7,1,1.0,1.0,2,0,0,1,0.0,0,0.546,0.489,1,0.466,0.3,0.0,0.152,0.0,0.0,185.95,0.6,0.979,1,2,1.0,0,4543,0.637,1.21,0,0.0,0.3,0.0,0.169,0.466,1.0,1,1.0,16.0,110.3
36869,NVDAm_20251024141140_0,NVDAm,BREAKOUT,BUY,1,2025.10.24 14:11:40,2025.10.24 14:20:35,8,184.67,184.29,-38.0,-190.0,0.326,0.118,SL_HIT,185.54,185.95,183.654,1,0.063,0.829,185.54,0.7,1,1.0,1.0,2,0,0,1,0.0,0,0.546,0.539,2,0.466,0.3,0.0,0.289,0.0,0.0,185.54,0.735,1.576,1,2,1.0,0,4543,0.435,1.07,0,0.0,0.3,0.0,0.292,0.466,1.0,1,1.0,16.0,110.3
36872,NVDAm_20251024141534_3,NVDAm,TREND_CONTINUATION,BUY,1,2025.10.24 14:15:34,2025.10.24 14:23:37,8,184.6,184.24,-36.0,-180.0,0.317,0.127,SL_HIT,185.54,185.95,183.654,1,0.063,0.829,185.54,0.7,1,1.0,1.0,2,0,0,1,0.0,0,0.546,0.543,2,0.466,0.3,0.0,0.292,0.0,0.0,183.654,0.6,1.611,1,2,1.0,0,4543,0.618,3.01,0,0.0,0.3,0.0,0.292,0.466,1.0,1,1.0,16.0,110.3
36868,NVDAm_20251024141140_0,NVDAm,BREAKOUT,BUY,0,2025.10.24 14:11:40,2025.10.24 14:25:30,13,184.67,184.3,-37.0,-185.0,0.39,0.118,SL_HIT,185.54,185.95,183.654,1,0.063,0.829,185.54,0.7,1,1.0,1.0,2,0,0,1,0.0,0,0.546,0.539,2,0.466,0.3,0.0,0.289,0.0,0.0,185.54,0.735,1.576,1,2,1.0,0,4543,0.435,1.07,0,0.0,0.3,0.0,0.292,0.466,1.0,1,1.0,16.0,110.3
36871,NVDAm_20251024141534_3,NVDAm,TREND_CONTINUATION,BUY,0,2025.10.24 14:15:34,2025.10.24 14:25:30,9,184.6,184.3,-30.0,-150.0,0.326,0.127,SL_HIT,185.54,185.95,183.654,1,0.063,0.829,185.54,0.7,1,1.0,1.0,2,0,0,1,0.0,0,0.546,0.543,2,0.466,0.3,0.0,0.292,0.0,0.0,183.654,0.6,1.611,1,2,1.0,0,4543,0.618,3.01,0,0.0,0.3,0.0,0.292,0.466,1.0,1,1.0,16.0,110.3
36878,NVDAm_20251024143022_2,NVDAm,PULLBACK,BUY,0,2025.10.24 14:30:22,2025.10.24 14:38:17,7,184.69,185.04,35.0,175.0,0.381,0.354,TRAIL_STOP,185.54,185.95,183.654,1,0.063,0.829,185.54,0.7,1,1.0,1.0,2,0,0,1,0.0,0,0.546,0.538,2,0.466,0.3,0.0,0.289,0.0,0.0,185.54,0.735,1.568,1,2,1.0,0,4543,0.674,1.02,0,0.0,0.3,0.0,0.246,0.466,1.0,1,1.0,16.0,110.3
36879,NVDAm_20251024143022_2,NVDAm,PULLBACK,BUY,1,2025.10.24 14:30:22,2025.10.24 14:38:34,8,184.69,184.98,29.0,145.0,0.381,0.354,TRAIL_STOP,185.54,185.95,183.654,1,0.063,0.829,185.54,0.7,1,1.0,1.0,2,0,0,1,0.0,0,0.546,0.538,2,0.466,0.3,0.0,0.289,0.0,0.0,185.54,0.735,1.568,1,2,1.0,0,4543,0.674,1.02,0,0.0,0.3,0.0,0.246,0.466,1.0,1,1.0,16.0,110.3
36883,NVDAm_20251024150001_7,NVDAm,ANCHORED_PULLBACK,BUY,0,2025.10.24 15:00:01,2025.10.24 15:00:05,0,184.92,184.73,-19.0,-95.0,0.145,0.0,SL_HIT,185.38825,185.7895,184.345,1,0.02,0.567,185.38825,0.45,0,0.8,0.825,2,0,0,1,0.0,0,0.701,0.428,1,0.621,0.247,0.088,0.206,0.25,0.0,185.38825,0.734,1.101,1,2,1.0,0,4544,0.546,0.81,0,0.25,0.247,0.088,0.206,0.621,0.8,1,0.825,16.0,117.4
36884,NVDAm_20251024150001_7,NVDAm,ANCHORED_PULLBACK,BUY,1,2025.10.24 15:00:01,2025.10.24 15:00:34,0,184.92,184.66,-26.0,-130.0,0.213,0.0,SL_HIT,185.38825,185.7895,184.345,1,0.02,0.567,185.38825,0.45,0,0.8,0.825,2,0,0,1,0.0,0,0.701,0.428,1,0.621,0.247,0.088,0.206,0.25,0.0,185.38825,0.734,1.101,1,2,1.0,0,4544,0.546,0.81,0,0.25,0.247,0.088,0.232,0.621,0.8,1,0.825,16.0,117.4
36882,NVDAm_20251024150001_7,NVDAm,ANCHORED_PULLBACK,BUY,-1,2025.10.24 15:00:01,2025.10.24 15:32:30,32,184.92,185.39,47.0,235.0,0.392,0.383,TP_HIT,185.38825,185.7895,184.345,1,0.02,0.567,185.38825,0.45,0,0.8,0.825,2,0,0,1,0.0,0,0.701,0.428,1,0.621,0.247,0.088,0.206,0.25,0.0,185.38825,0.734,1.101,1,2,1.0,0,4544,0.546,0.81,0,0.25,0.247,0.088,0.205,0.621,0.8,1,0.825,16.0,117.4
36889,NVDAm_20251024153425_6,NVDAm,NAKED_POC,BUY,0,2025.10.24 15:34:25,2025.10.24 15:35:03,0,185.36,185.18,-18.0,-90.0,0.145,0.0,SL_HIT,185.38825,185.7895,184.345,1,0.02,0.567,185.38825,0.45,0,0.8,0.825,2,0,0,1,0.0,0,0.701,0.412,1,0.621,0.247,0.088,0.208,0.25,0.0,185.7895,0.6,0.972,1,2,1.0,0,4544,0.448,2.57,0,0.25,0.247,0.088,0.208,0.621,0.8,1,0.825,16.0,117.4
36890,NVDAm_20251024153425_6,NVDAm,NAKED_POC,BUY,1,2025.10.24 15:34:25,2025.10.24 15:35:23,0,185.36,185.11,-25.0,-125.0,0.205,0.0,SL_HIT,185.38825,185.7895,184.345,1,0.02,0.567,185.38825,0.45,0,0.8,0.825,2,0,0,1,0.0,0,0.701,0.412,1,0.621,0.247,0.088,0.208,0.25,0.0,185.7895,0.6,0.972,1,2,1.0,0,4544,0.448,2.57,0,0.25,0.247,0.088,0.213,0.621,0.8,1,0.825,16.0,117.4
36894,NVDAm_20251024160014_1,NVDAm,BREAKOUT_RETEST,BUY,0,2025.10.24 16:00:14,2025.10.24 16:00:42,0,185.39,185.26,-13.0,-65.0,0.125,0.0,SL_HIT,185.22775,185.629,184.5055,1,0.01,0.949,185.22775,0.35,0,0.8,0.825,0,0,0,1,0.0,0,0.685,0.371,1,0.685,0.247,0.088,0.1,0.25,0.0,185.629,0.6,0.8,1,-2,1.0,0,4545,0.506,1.11,0,0.25,0.247,0.088,0.1,0.685,0.8,1,0.825,16.0,119.6
36895,NVDAm_20251024160014_1,NVDAm,BREAKOUT_RETEST,BUY,1,2025.10.24 16:00:14,2025.10.24 16:01:22,1,185.39,185.19,-20.0,-100.0,0.15,0.0,SL_HIT,185.22775,185.629,184.5055,1,0.01,0.949,185.22775,0.35,0,0.8,0.825,0,0,0,1,0.0,0,0.685,0.371,1,0.685,0.247,0.088,0.1,0.25,0.0,185.629,0.6,0.8,1,-2,1.0,0,4545,0.506,1.11,0,0.25,0.247,0.088,0.1,0.685,0.8,1,0.825,16.0,119.6
36899,NVDAm_20251024161806_0,NVDAm,BREAKOUT,BUY,0,2025.10.24 16:18:06,2025.10.24 16:19:41,1,185.22,185.17,-5.0,-25.0,0.134,0.0,SL_HIT,185.22775,185.629,184.5055,1,0.01,0.949,185.22775,0.35,0,0.8,0.825,0,0,0,1,0.0,0,0.685,0.387,1,0.685,0.247,0.088,0.169,0.25,0.0,184.5055,0.6,0.94,1,-2,1.0,0,4545,0.337,4.99,0,0.25,0.247,0.088,0.1,0.685,0.8,1,0.825,16.0,119.6
36902,NVDAm_20251024161812_3,NVDAm,TREND_CONTINUATION,BUY,0,2025.10.24 16:18:12,2025.10.24 16:19:41,1,185.22,185.17,-5.0,-25.0,0.117,0.0,SL_HIT,185.22775,185.629,184.5055,1,0.01,0.949,185.22775,0.35,0,0.8,0.825,0,0,0,1,0.0,0,0.685,0.387,1,0.685,0.247,0.088,0.169,0.25,0.0,184.5055,0.6,0.94,1,-2,1.0,0,4545,0.483,2.34,0,0.25,0.247,0.088,0.1,0.685,0.8,1,0.825,16.0,119.6
36900,NVDAm_20251024161806_0,NVDAm,BREAKOUT,BUY,1,2025.10.24 16:18:06,2025.10.24 16:23:36,5,185.22,185.18,-4.0,-20.0,0.134,0.067,SL_HIT,185.22775,185.629,184.5055,1,0.01,0.949,185.22775,0.35,0,0.8,0.825,0,0,0,1,0.0,0,0.685,0.387,1,0.685,0.247,0.088,0.169,0.25,0.0,184.5055,0.6,0.94,1,-2,1.0,0,4545,0.337,4.99,0,0.25,0.247,0.088,0.1,0.685,0.8,1,0.825,16.0,119.6
36903,NVDAm_20251024161812_3,NVDAm,TREND_CONTINUATION,BUY,1,2025.10.24 16:18:12,2025.10.24 16:23:36,5,185.22,185.18,-4.0,-20.0,0.117,0.067,SL_HIT,185.22775,185.629,184.5055,1,0.01,0.949,185.22775,0.35,0,0.8,0.825,0,0,0,1,0.0,0,0.685,0.387,1,0.685,0.247,0.088,0.169,0.25,0.0,184.5055,0.6,0.94,1,-2,1.0,0,4545,0.483,2.34,0,0.25,0.247,0.088,0.1,0.685,0.8,1,0.825,16.0,119.6
36893,NVDAm_20251024160014_1,NVDAm,BREAKOUT_RETEST,BUY,-1,2025.10.24 16:00:14,2025.10.24 16:29:30,29,185.39,185.03,-36.0,-180.0,0.293,0.0,SL_HIT,185.22775,185.629,184.5055,1,0.01,0.949,185.22775,0.35,0,0.8,0.825,0,0,0,1,0.0,0,0.685,0.371,1,0.685,0.247,0.088,0.1,0.25,0.0,185.629,0.6,0.8,1,-2,1.0,0,4545,0.506,1.11,0,0.25,0.247,0.088,0.169,0.685,0.8,1,0.825,16.0,119.6
36910,NVDAm_20251024163022_2,NVDAm,PULLBACK,BUY,0,2025.10.24 16:30:22,2025.10.24 16:30:37,0,185.2,184.98,-22.0,-110.0,0.167,0.0,SL_HIT,185.22775,185.629,184.5055,1,0.01,0.949,185.22775,0.35,0,0.8,0.825,0,0,0,1,0.0,0,0.685,0.388,1,0.685,0.247,0.088,0.169,0.25,0.0,184.5055,0.6,0.946,1,-2,1.0,0,4545,0.561,5.17,0,0.25,0.247,0.088,0.266,0.685,0.8,1,0.825,16.0,119.6
36911,NVDAm_20251024163022_2,NVDAm,PULLBACK,BUY,1,2025.10.24 16:30:22,2025.10.24 16:34:16,3,185.2,184.98,-22.0,-110.0,0.201,0.0,SL_HIT,185.22775,185.629,184.5055,1,0.01,0.949,185.22775,0.35,0,0.8,0.825,0,0,0,1,0.0,0,0.685,0.388,1,0.685,0.247,0.088,0.169,0.25,0.0,184.5055,0.6,0.946,1,-2,1.0,0,4545,0.561,5.17,0,0.25,0.247,0.088,0.266,0.685,0.8,1,0.825,16.0,119.6
36915,NVDAm_20251024173425_6,NVDAm,NAKED_POC,BUY,0,2025.10.24 17:34:25,2025.10.24 17:34:34,0,185.27,185.09,-18.0,-90.0,0.135,0.0,SL_HIT,185.1965,185.402,184.443,1,0.017,0.829,185.1965,0.35,0,0.8,1.0,0,0,0,1,0.0,0,0.59,0.38,1,0.59,0.3,0.0,0.059,0.0,0.0,184.443,0.6,0.923,1,-2,1.0,0,4546,0.434,3.14,0,0.0,0.3,0.0,0.059,0.59,0.8,1,1.0,16.0,118.2
36916,NVDAm_20251024173425_6,NVDAm,NAKED_POC,BUY,1,2025.10.24 17:34:25,2025.10.24 17:41:18,6,185.27,185.27,0.0,0.0,0.203,0.102,TRAIL_STOP,185.1965,185.402,184.443,1,0.017,0.829,185.1965,0.35,0,0.8,1.0,0,0,0,1,0.0,0,0.59,0.38,1,0.59,0.3,0.0,0.059,0.0,0.0,184.443,0.6,0.923,1,-2,1.0,0,4546,0.434,3.14,0,0.0,0.3,0.0,0.114,0.59,0.8,1,1.0,16.0,118.2
36920,NVDAm_20251024180336_1,NVDAm,BREAKOUT_RETEST,BUY,0,2025.10.24 18:03:36,2025.10.24 18:07:21,3,185.48,185.46,-2.0,-10.0,0.185,0.029,SL_HIT,185.118,185.356,184.676,1,0.152,0.113,185.118,0.5,0,1.0,0.825,0,0,0,1,0.0,0,0.705,0.409,1,0.705,0.247,0.224,0.318,0.4,0.0,184.676,0.6,1.145,1,-2,1.0,0,4547,0.597,10.07,0,0.4,0.247,0.224,0.403,0.705,1.0,0,0.825,16.0,102.7
36921,NVDAm_20251024180336_1,NVDAm,BREAKOUT_RETEST,BUY,1,2025.10.24 18:03:36,2025.10.24 18:09:26,5,185.48,185.41,-7.0,-35.0,0.185,0.029,SL_HIT,185.118,185.356,184.676,1,0.152,0.113,185.118,0.5,0,1.0,0.825,0,0,0,1,0.0,0,0.705,0.409,1,0.705,0.247,0.224,0.318,0.4,0.0,184.676,0.6,1.145,1,-2,1.0,0,4547,0.597,10.07,0,0.4,0.247,0.224,0.384,0.705,1.0,0,0.825,16.0,102.7
36925,NVDAm_20251024181807_0,NVDAm,BREAKOUT,BUY,0,2025.10.24 18:18:07,2025.10.24 18:20:15,2,185.55,185.41,-14.0,-70.0,0.156,0.0,SL_HIT,185.118,185.356,184.676,0,0.152,0.113,185.118,0.5,0,1.0,0.825,0,0,0,1,0.0,0,0.705,0.417,1,0.705,0.247,0.224,0.384,0.4,0.0,184.676,0.6,1.216,1,-2,1.0,0,4547,0.504,1.97,0,0.4,0.247,0.224,0.384,0.705,1.0,0,0.825,16.0,102.7
36928,NVDAm_20251024181812_3,NVDAm,TREND_CONTINUATION,BUY,0,2025.10.24 18:18:12,2025.10.24 18:20:15,2,185.57,185.41,-16.0,-80.0,0.175,0.0,SL_HIT,185.118,185.356,184.676,0,0.152,0.113,185.118,0.5,0,1.0,0.825,0,0,0,1,0.0,0,0.705,0.416,1,0.705,0.247,0.224,0.384,0.4,0.0,184.676,0.6,1.208,1,-2,1.0,0,4547,0.561,2.44,0,0.4,0.247,0.224,0.384,0.705,1.0,0,0.825,16.0,102.7
36926,NVDAm_20251024181807_0,NVDAm,BREAKOUT,BUY,1,2025.10.24 18:18:07,2025.10.24 18:20:24,2,185.55,185.38,-17.0,-85.0,0.156,0.0,SL_HIT,185.118,185.356,184.676,0,0.152,0.113,185.118,0.5,0,1.0,0.825,0,0,0,1,0.0,0,0.705,0.417,1,0.705,0.247,0.224,0.384,0.4,0.0,184.676,0.6,1.216,1,-2,1.0,0,4547,0.504,1.97,0,0.4,0.247,0.224,0.384,0.705,1.0,0,0.825,16.0,102.7
36929,NVDAm_20251024181812_3,NVDAm,TREND_CONTINUATION,BUY,1,2025.10.24 18:18:12,2025.10.24 18:20:24,2,185.57,185.38,-19.0,-95.0,0.175,0.0,SL_HIT,185.118,185.356,184.676,0,0.152,0.113,185.118,0.5,0,1.0,0.825,0,0,0,1,0.0,0,0.705,0.416,1,0.705,0.247,0.224,0.384,0.4,0.0,184.676,0.6,1.208,1,-2,1.0,0,4547,0.561,2.44,0,0.4,0.247,0.224,0.384,0.705,1.0,0,0.825,16.0,102.7
36919,NVDAm_20251024180336_1,NVDAm,BREAKOUT_RETEST,BUY,-1,2025.10.24 18:03:36,2025.10.24 18:30:01,26,185.48,185.17,-31.0,-155.0,0.292,0.029,SL_HIT,185.118,185.356,184.676,1,0.152,0.113,185.118,0.5,0,1.0,0.825,0,0,0,1,0.0,0,0.705,0.409,1,0.705,0.247,0.224,0.318,0.4,0.0,184.676,0.6,1.145,1,-2,1.0,0,4547,0.597,10.07,0,0.4,0.247,0.224,0.215,0.705,1.0,1,0.825,16.0,102.7
36936,NVDAm_20251024183023_2,NVDAm,PULLBACK,BUY,0,2025.10.24 18:30:23,2025.10.24 18:30:36,0,185.27,185.06,-21.0,-105.0,0.185,0.0,SL_HIT,185.118,185.356,184.676,1,0.152,0.113,185.118,0.5,0,1.0,0.825,0,0,0,1,0.0,0,0.705,0.388,1,0.705,0.247,0.224,0.16,0.4,0.0,184.676,0.6,0.967,1,-2,1.0,0,4547,0.621,6.17,0,0.4,0.247,0.224,0.201,0.705,1.0,1,0.825,16.0,102.7
36937,NVDAm_20251024183023_2,NVDAm,PULLBACK,BUY,1,2025.10.24 18:30:23,2025.10.24 18:33:28,3,185.27,185.11,-16.0,-80.0,0.224,0.0,SL_HIT,185.118,185.356,184.676,1,0.152,0.113,185.118,0.5,0,1.0,0.825,0,0,0,1,0.0,0,0.705,0.388,1,0.705,0.247,0.224,0.16,0.4,0.0,184.676,0.6,0.967,1,-2,1.0,0,4547,0.621,6.17,0,0.4,0.247,0.224,0.16,0.705,1.0,1,0.825,16.0,102.7
36867,NVDAm_20251024141140_0,NVDAm,BREAKOUT,BUY,-1,2025.10.24 14:11:40,2025.10.24 18:59:36,287,184.67,185.72,105.0,525.0,0.426,0.925,TP_HIT,185.54,185.95,183.654,1,0.063,0.829,185.54,0.7,1,1.0,1.0,2,0,0,1,0.0,0,0.546,0.539,2,0.466,0.3,0.0,0.289,0.0,0.0,185.54,0.735,1.576,1,2,1.0,0,4543,0.435,1.07,0,0.4,0.247,0.224,0.428,0.705,1.0,0,0.825,16.0,102.7
36877,NVDAm_20251024143022_2,NVDAm,PULLBACK,BUY,-1,2025.10.24 14:30:22,2025.10.24 18:59:36,269,184.69,185.72,103.0,515.0,0.381,0.907,TP_HIT,185.54,185.95,183.654,1,0.063,0.829,185.54,0.7,1,1.0,1.0,2,0,0,1,0.0,0,0.546,0.538,2,0.466,0.3,0.0,0.289,0.0,0.0,185.54,0.735,1.568,1,2,1.0,0,4543,0.674,1.02,0,0.4,0.247,0.224,0.428,0.705,1.0,0,0.825,16.0,102.7
36835,NVDAm_20251024120100_3,NVDAm,TREND_CONTINUATION,BUY,-1,2025.10.24 12:01:00,2025.10.24 19:02:39,421,183.43,186.09,266.0,1330.0,0.652,2.494,TP_HIT,182.75875,182.9635,182.463,1,0.038,0.091,182.66775,0.55,0,0.8,0.965,0,0,0,0,0.0,0,0.802,0.42,1,0.722,0.29,0.167,0.144,0.15,0.0,182.463,0.6,0.513,1,2,1.0,0,4541,0.507,2.08,0,0.15,0.3,0.053,0.352,0.663,1.0,0,1.0,16.0,96.2
36769,NVDAm_20251023145420_3,NVDAm,TREND_CONTINUATION,BUY,-1,2025.10.23 14:54:20,2025.10.24 19:02:41,1688,181.89,186.16,427.0,2116.0,0.352,2.497,TP_HIT,181.29175,181.51,179.473,0,0.013,0.158,181.29175,0.7,1,0.272,0.4163,2,0,0,0,0.0,4,0.586,0.428,1,0.621,0.125,0.173,0.226,0.15,0.0,179.473,0.6,1.164,1,2,1.0,0,4533,0.267,2.08,0,0.15,0.3,0.053,0.352,0.663,1.0,0,1.0,16.0,96.2
36831,NVDAm_20251024120030_0,NVDAm,BREAKOUT,BUY,-1,2025.10.24 12:00:30,2025.10.24 19:02:41,422,183.5,186.16,266.0,1330.0,0.718,2.494,TP_HIT,182.75875,182.9635,182.463,1,0.038,0.091,182.66775,0.55,0,0.8,0.965,0,0,0,0,0.0,0,0.802,0.415,1,0.722,0.29,0.167,0.086,0.15,0.0,182.463,0.6,0.47,1,2,1.0,0,4541,0.344,1.67,0,0.15,0.3,0.053,0.352,0.663,1.0,0,1.0,16.0,96.2
36794,NVDAm_20251023165420_3,NVDAm,TREND_CONTINUATION,BUY,-1,2025.10.23 16:54:20,2025.10.24 19:11:59,1577,182.14,186.7,456.0,2261.0,0.345,2.488,TP_HIT,181.72675,182.2005,180.6845,1,0.068,1.314,181.72675,0.4,0,0.55,0.755,2,0,0,0,0.0,0,0.766,0.425,1,0.686,0.226,0.12,0.062,0.0,0.0,180.6845,0.6,0.789,1,1,1.0,0,4535,0.399,2.08,0,0.15,0.3,0.053,0.352,0.663,1.0,0,1.0,16.0,96.2
36784,NVDAm_20251023160000_0,NVDAm,BREAKOUT,BUY,-1,2025.10.23 16:00:00,2025.10.24 19:14:32,1634,182.2,186.77,457.0,2266.0,0.378,2.493,TP_HIT,181.72675,182.2005,180.6845,1,0.068,1.314,181.72675,0.4,0,0.55,0.755,2,0,0,0,0.0,0,0.666,0.365,1,0.586,0.226,0.225,0.549,0.3,-0.2663,180.6845,0.6,0.881,1,1,1.0,0,4535,0.256,1.67,0,0.15,0.3,0.053,0.352,0.663,1.0,0,1.0,16.0,96.2
36805,NVDAm_20251023180000_0,NVDAm,BREAKOUT,BUY,-1,2025.10.23 18:00:00,2025.10.24 19:15:24,1515,182.62,186.81,419.0,2076.0,0.256,2.492,TP_HIT,181.723,182.284,181.366,0,0.257,0.075,181.723,0.45,0,0.975,0.825,0,0,0,0,0.0,1,1.0,0.481,1,0.732,0.247,0.265,0.577,0.15,-0.2436,181.723,0.739,0.744,1,1,1.0,0,4537,0.513,1.67,0,0.15,0.3,0.053,0.352,0.663,1.0,0,1.0,16.0,96.2
36841,NVDAm_20251024123014_2,NVDAm,PULLBACK,BUY,-1,2025.10.24 12:30:14,2025.10.24 19:20:28,410,183.75,186.95,320.0,1600.0,0.586,2.995,TP_HIT,182.75875,182.9635,182.463,0,0.038,0.091,182.66775,0.55,0,0.8,0.965,0,0,0,0,0.0,0,0.802,0.38,1,0.722,0.29,0.167,0.275,0.15,0.0,182.75875,0.7,0.17,1,2,1.0,0,4541,0.422,2.0,0,0.15,0.3,0.053,0.352,0.663,1.0,0,1.0,16.0,96.2
36821,NVDAm_20251024100030_0,NVDAm,BREAKOUT,BUY,-1,2025.10.24 10:00:30,2025.10.24 19:20:37,560,183.74,187.01,327.0,1635.0,0.819,2.486,TP_HIT,181.941,182.57,181.608,0,0.076,0.094,181.941,0.65,0,0.75,0.895,0,0,0,0,0.0,2,1.0,0.599,2,0.591,0.968,0.173,0.116,0.15,0.1714,181.941,0.742,1.884,1,2,1.0,0,4539,0.575,1.67,0,0.15,0.3,0.053,0.352,0.663,1.0,0,1.0,16.0,96.2
36824,NVDAm_20251024100100_3,NVDAm,TREND_CONTINUATION,BUY,-1,2025.10.24 10:01:00,2025.10.24 19:20:37,559,183.74,187.01,327.0,1635.0,0.819,2.486,TP_HIT,181.941,182.57,181.608,0,0.076,0.094,181.941,0.65,0,0.75,0.895,0,0,0,0,0.0,0,0.763,0.47,1,0.683,0.269,0.173,0.116,0.15,0.0,181.941,0.742,1.293,1,2,1.0,0,4539,0.498,2.08,0,0.15,0.3,0.053,0.352,0.663,1.0,0,1.0,16.0,96.2
36811,NVDAm_20251023185421_3,NVDAm,TREND_CONTINUATION,BUY,-1,2025.10.23 18:54:21,2025.10.24 19:22:22,1468,183.06,187.27,421.0,2086.0,0.459,2.492,TP_HIT,181.723,182.284,181.366,0,0.257,0.075,181.723,0.45,0,0.975,0.825,0,0,0,0,0.0,0,0.814,0.499,1,0.734,0.247,0.265,0.283,0.15,0.0,181.723,0.739,1.293,1,1,1.0,0,4537,0.578,2.08,0,0.15,0.3,0.053,0.352,0.663,1.0,0,1.0,16.0,96.2
36855,NVDAm_20251024133425_6,NVDAm,NAKED_POC,BUY,-1,2025.10.24 13:34:25,2025.10.27 10:00:00,4105,185.52,190.56,504.0,2463.0,1.303,1.836,TP_HIT,182.85875,183.0775,182.5525,0,0.705,0.273,182.85875,0.3,0,1.0,1.0,0,0,0,1,0.0,0,0.795,0.49,1,0.715,0.3,0.053,0.35,0.15,0.0,182.85875,0.722,1.556,1,2,1.0,0,4542,0.447,1.73,2,0.25,0.947,0.238,0.398,0.686,1.0,0,0.825,64.0,100.2
36870,NVDAm_20251024141534_3,NVDAm,TREND_CONTINUATION,BUY,-1,2025.10.24 14:15:34,2025.10.27 10:00:00,4064,184.6,190.56,596.0,2923.0,0.363,2.521,TP_HIT,185.54,185.95,183.654,1,0.063,0.829,185.54,0.7,1,1.0,1.0,2,0,0,1,0.0,0,0.546,0.543,2,0.466,0.3,0.0,0.292,0.0,0.0,183.654,0.6,1.611,1,2,1.0,0,4543,0.618,3.01,2,0.25,0.947,0.238,0.398,0.686,1.0,0,0.825,64.0,100.2
36888,NVDAm_20251024153425_6,NVDAm,NAKED_POC,BUY,-1,2025.10.24 15:34:25,2025.10.27 10:00:00,3985,185.36,190.56,520.0,2543.0,0.46,1.721,TP_HIT,185.38825,185.7895,184.345,1,0.02,0.567,185.38825,0.45,0,0.8,0.825,2,0,0,1,0.0,0,0.701,0.412,1,0.621,0.247,0.088,0.208,0.25,0.0,185.7895,0.6,0.972,1,2,1.0,0,4544,0.448,2.57,2,0.25,0.947,0.238,0.398,0.686,1.0,0,0.825,64.0,100.2
36898,NVDAm_20251024161806_0,NVDAm,BREAKOUT,BUY,-1,2025.10.24 16:18:06,2025.10.27 10:00:00,3941,185.22,190.56,534.0,2613.0,0.334,1.805,TP_HIT,185.22775,185.629,184.5055,1,0.01,0.949,185.22775,0.35,0,0.8,0.825,0,0,0,1,0.0,0,0.685,0.387,1,0.685,0.247,0.088,0.169,0.25,0.0,184.5055,0.6,0.94,1,-2,1.0,0,4545,0.337,4.99,2,0.25,0.947,0.238,0.398,0.686,1.0,0,0.825,64.0,100.2
36901,NVDAm_20251024161812_3,NVDAm,TREND_CONTINUATION,BUY,-1,2025.10.24 16:18:12,2025.10.27 10:00:00,3941,185.22,190.56,534.0,2613.0,0.334,1.805,TP_HIT,185.22775,185.629,184.5055,1,0.01,0.949,185.22775,0.35,0,0.8,0.825,0,0,0,1,0.0,0,0.685,0.387,1,0.685,0.247,0.088,0.169,0.25,0.0,184.5055,0.6,0.94,1,-2,1.0,0,4545,0.483,2.34,2,0.25,0.947,0.238,0.398,0.686,1.0,0,0.825,64.0,100.2
36909,NVDAm_20251024163022_2,NVDAm,PULLBACK,BUY,-1,2025.10.24 16:30:22,2025.10.27 10:00:00,3929,185.2,190.56,536.0,2623.0,0.318,1.822,TP_HIT,185.22775,185.629,184.5055,1,0.01,0.949,185.22775,0.35,0,0.8,0.825,0,0,0,1,0.0,0,0.685,0.388,1,0.685,0.247,0.088,0.169,0.25,0.0,184.5055,0.6,0.946,1,-2,1.0,0,4545,0.561,5.17,2,0.25,0.947,0.238,0.398,0.686,1.0,0,0.825,64.0,100.2
36914,NVDAm_20251024173425_6,NVDAm,NAKED_POC,BUY,-1,2025.10.24 17:34:25,2025.10.27 10:00:00,3865,185.27,190.56,529.0,2588.0,0.279,1.785,TP_HIT,185.1965,185.402,184.443,1,0.017,0.829,185.1965,0.35,0,0.8,1.0,0,0,0,1,0.0,0,0.59,0.38,1,0.59,0.3,0.0,0.059,0.0,0.0,184.443,0.6,0.923,1,-2,1.0,0,4546,0.434,3.14,2,0.25,0.947,0.238,0.398,0.686,1.0,0,0.825,64.0,100.2
36924,NVDAm_20251024181807_0,NVDAm,BREAKOUT,BUY,-1,2025.10.24 18:18:07,2025.10.27 10:00:00,3821,185.55,190.56,501.0,2448.0,0.594,1.782,TP_HIT,185.118,185.356,184.676,0,0.152,0.113,185.118,0.5,0,1.0,0.825,0,0,0,1,0.0,0,0.705,0.417,1,0.705,0.247,0.224,0.384,0.4,0.0,184.676,0.6,1.216,1,-2,1.0,0,4547,0.504,1.97,2,0.25,0.947,0.238,0.398,0.686,1.0,0,0.825,64.0,100.2
36927,NVDAm_20251024181812_3,NVDAm,TREND_CONTINUATION,BUY,-1,2025.10.24 18:18:12,2025.10.27 10:00:00,3821,185.57,190.56,499.0,2438.0,0.613,1.762,TP_HIT,185.118,185.356,184.676,0,0.152,0.113,185.118,0.5,0,1.0,0.825,0,0,0,1,0.0,0,0.705,0.416,1,0.705,0.247,0.224,0.384,0.4,0.0,184.676,0.6,1.208,1,-2,1.0,0,4547,0.561,2.44,2,0.25,0.947,0.238,0.398,0.686,1.0,0,0.825,64.0,100.2
36935,NVDAm_20251024183023_2,NVDAm,PULLBACK,BUY,-1,2025.10.24 18:30:23,2025.10.27 10:00:00,3809,185.27,190.56,529.0,2588.0,0.321,2.054,TP_HIT,185.118,185.356,184.676,1,0.152,0.113,185.118,0.5,0,1.0,0.825,0,0,0,1,0.0,0,0.705,0.388,1,0.705,0.247,0.224,0.16,0.4,0.0,184.676,0.6,0.967,1,-2,1.0,0,4547,0.621,6.17,2,0.25,0.947,0.238,0.398,0.686,1.0,0,0.825,64.0,100.2
36952,NVDAm_20251024193452_6,NVDAm,NAKED_POC,BUY,-1,2025.10.24 19:34:52,2025.10.27 10:00:00,3745,186.96,190.56,360.0,1743.0,0.478,0.0,TP_HIT,185.1215,185.468,184.964,0,0.491,0.033,185.1215,0.4,0,1.0,1.0,0,0,0,1,0.0,0,0.663,0.35,0,0.663,0.3,0.053,0.352,0.15,0.0,185.1215,0.748,0.778,1,-2,1.0,0,4548,0.56,1.0,2,0.25,0.947,0.238,0.398,0.686,1.0,0,0.825,64.0,100.2
36953,NVDAm_20251024193452_6,NVDAm,NAKED_POC,BUY,0,2025.10.24 19:34:52,2025.10.27 10:00:00,3745,186.96,190.56,360.0,1743.0,0.478,0.0,TP_HIT,185.1215,185.468,184.964,0,0.491,0.033,185.1215,0.4,0,1.0,1.0,0,0,0,1,0.0,0,0.663,0.35,0,0.663,0.3,0.053,0.352,0.15,0.0,185.1215,0.748,0.778,1,-2,1.0,0,4548,0.56,1.0,2,0.25,0.947,0.238,0.398,0.686,1.0,0,0.825,64.0,100.2
36954,NVDAm_20251024193452_6,NVDAm,NAKED_POC,BUY,1,2025.10.24 19:34:52,2025.10.27 10:00:00,3745,186.96,190.56,360.0,1743.0,0.478,0.0,TP_HIT,185.1215,185.468,184.964,0,0.491,0.033,185.1215,0.4,0,1.0,1.0,0,0,0,1,0.0,0,0.663,0.35,0,0.663,0.3,0.053,0.352,0.15,0.0,185.1215,0.748,0.778,1,-2,1.0,0,4548,0.56,1.0,2,0.25,0.947,0.238,0.398,0.686,1.0,0,0.825,64.0,100.2
36969,NVDAm_20251027120000_0,NVDAm,BREAKOUT,BUY,0,2025.10.27 12:00:00,2025.10.27 12:05:38,5,190.96,190.19,-77.0,-385.0,0.768,0.0,SL_HIT,185.381,187.586,184.94,0,0.062,1.793,185.381,0.45,1,1.0,1.0,2,0,0,1,0.0,2,1.0,0.563,2,0.331,1.0,0.0,0.039,0.0,0.5743,188.422,0.65,0.937,1,2,1.0,0,4551,0.641,1.25,3,0.0,0.7,0.0,0.292,0.401,1.0,0,1.0,64.0,95.1
36972,NVDAm_20251027120036_2,NVDAm,PULLBACK,BUY,0,2025.10.27 12:00:36,2025.10.27 12:05:38,5,191.05,190.19,-86.0,-430.0,0.863,0.0,SL_HIT,185.381,187.586,184.94,0,0.062,1.793,185.381,0.45,1,1.0,1.0,2,0,0,1,0.0,3,1.0,0.581,2,0.401,0.7,0.0,0.039,0.0,0.0,188.422,0.65,1.086,1,2,1.0,0,4551,0.655,2.0,3,0.0,0.7,0.0,0.292,0.401,1.0,0,1.0,64.0,95.1
36970,NVDAm_20251027120000_0,NVDAm,BREAKOUT,BUY,1,2025.10.27 12:00:00,2025.10.27 12:08:32,8,190.96,190.11,-85.0,-425.0,0.852,0.0,SL_HIT,185.381,187.586,184.94,0,0.062,1.793,185.381,0.45,1,1.0,1.0,2,0,0,1,0.0,2,1.0,0.563,2,0.331,1.0,0.0,0.039,0.0,0.5743,188.422,0.65,0.937,1,2,1.0,0,4551,0.641,1.25,3,0.0,0.7,0.0,0.292,0.401,1.0,0,1.0,64.0,95.1
36973,NVDAm_20251027120036_2,NVDAm,PULLBACK,BUY,1,2025.10.27 12:00:36,2025.10.27 12:08:32,7,191.05,190.11,-94.0,-470.0,0.947,0.0,SL_HIT,185.381,187.586,184.94,0,0.062,1.793,185.381,0.45,1,1.0,1.0,2,0,0,1,0.0,3,1.0,0.581,2,0.401,0.7,0.0,0.039,0.0,0.0,188.422,0.65,1.086,1,2,1.0,0,4551,0.655,2.0,3,0.0,0.7,0.0,0.292,0.401,1.0,0,1.0,64.0,95.1
36971,NVDAm_20251027120036_2,NVDAm,PULLBACK,BUY,-1,2025.10.27 12:00:36,2025.10.27 13:27:32,86,191.05,189.61,-144.0,-720.0,1.452,0.0,SL_HIT,185.381,187.586,184.94,0,0.062,1.793,185.381,0.45,1,1.0,1.0,2,0,0,1,0.0,3,1.0,0.581,2,0.401,0.7,0.0,0.039,0.0,0.0,188.422,0.65,1.086,1,2,1.0,0,4551,0.655,2.0,3,0.0,0.7,0.0,0.3,0.354,1.0,1,1.0,64.0,92.9
36981,NVDAm_20251027134027_3,NVDAm,TREND_CONTINUATION,BUY,1,2025.10.27 13:40:27,2025.10.27 13:42:00,1,190.71,190.6,-11.0,-55.0,0.162,0.345,SL_HIT,190.379,190.82,186.704,1,0.07,1.653,190.379,0.7,0,1.0,1.0,2,0,0,1,0.0,3,1.0,0.615,2,0.354,0.7,0.0,0.092,0.0,0.0,188.422,0.65,1.251,1,2,1.0,0,4552,0.78,2.08,3,0.0,0.7,0.0,0.092,0.354,1.0,1,1.0,16.0,92.9
36980,NVDAm_20251027134027_3,NVDAm,TREND_CONTINUATION,BUY,0,2025.10.27 13:40:27,2025.10.27 13:50:40,10,190.71,190.34,-37.0,-185.0,0.377,0.398,SL_HIT,190.379,190.82,186.704,1,0.07,1.653,190.379,0.7,0,1.0,1.0,2,0,0,1,0.0,3,1.0,0.615,2,0.354,0.7,0.0,0.092,0.0,0.0,188.422,0.65,1.251,1,2,1.0,0,4552,0.78,2.08,3,0.0,0.7,0.0,0.0,0.354,1.0,1,1.0,16.0,92.9
36986,NVDAm_20251027140000_0,NVDAm,BREAKOUT,BUY,1,2025.10.27 14:00:00,2025.10.27 14:05:28,5,191.13,190.58,-55.0,-270.0,0.527,0.0,SL_HIT,190.6915,191.083,190.213,1,0.19,0.156,190.6915,0.5,0,1.0,0.825,0,0,0,1,0.0,0,0.738,0.409,1,0.738,0.247,0.233,0.354,0.4,0.0,190.648,0.55,1.005,1,2,1.0,0,4553,0.402,1.67,0,0.4,0.247,0.233,0.24,0.738,1.0,1,0.825,16.0,100.6
36989,NVDAm_20251027140041_2,NVDAm,PULLBACK,BUY,1,2025.10.27 14:00:41,2025.10.27 14:05:28,4,190.79,190.58,-21.0,-110.0,0.189,0.238,SL_HIT,190.6915,191.083,190.213,1,0.19,0.156,190.6915,0.5,0,1.0,0.825,0,0,0,1,0.0,0,0.738,0.378,1,0.738,0.247,0.233,0.24,0.4,0.0,190.213,0.6,0.745,1,2,1.0,0,4553,0.619,5.83,0,0.4,0.247,0.233,0.24,0.738,1.0,1,0.825,16.0,100.6
36988,NVDAm_20251027140041_2,NVDAm,PULLBACK,BUY,0,2025.10.27 14:00:41,2025.10.27 14:05:29,4,190.79,190.57,-22.0,-110.0,0.209,0.238,SL_HIT,190.6915,191.083,190.213,1,0.19,0.156,190.6915,0.5,0,1.0,0.825,0,0,0,1,0.0,0,0.738,0.378,1,0.738,0.247,0.233,0.24,0.4,0.0,190.213,0.6,0.745,1,2,1.0,0,4553,0.619,5.83,0,0.4,0.247,0.233,0.24,0.738,1.0,1,0.825,16.0,100.6
36987,NVDAm_20251027140041_2,NVDAm,PULLBACK,BUY,-1,2025.10.27 14:00:41,2025.10.27 14:06:59,6,190.79,190.26,-53.0,-265.0,0.457,0.238,SL_HIT,190.6915,191.083,190.213,1,0.19,0.156,190.6915,0.5,0,1.0,0.825,0,0,0,1,0.0,0,0.738,0.378,1,0.738,0.247,0.233,0.24,0.4,0.0,190.213,0.6,0.745,1,2,1.0,0,4553,0.619,5.83,0,0.4,0.247,0.233,0.3,0.738,1.0,1,0.825,16.0,100.6
36984,NVDAm_20251027140000_0,NVDAm,BREAKOUT,BUY,-1,2025.10.27 14:00:00,2025.10.27 14:10:59,10,191.13,189.62,-151.0,-755.0,1.441,0.0,SL_HIT,190.6915,191.083,190.213,1,0.19,0.156,190.6915,0.5,0,1.0,0.825,0,0,0,1,0.0,0,0.738,0.409,1,0.738,0.247,0.233,0.354,0.4,0.0,190.648,0.55,1.005,1,2,1.0,0,4553,0.402,1.67,0,0.4,0.247,0.233,0.424,0.738,1.0,0,0.825,16.0,100.6
36985,NVDAm_20251027140000_0,NVDAm,BREAKOUT,BUY,0,2025.10.27 14:00:00,2025.10.27 14:10:59,10,191.13,189.62,-151.0,-755.0,1.441,0.0,SL_HIT,190.6915,191.083,190.213,1,0.19,0.156,190.6915,0.5,0,1.0,0.825,0,0,0,1,0.0,0,0.738,0.409,1,0.738,0.247,0.233,0.354,0.4,0.0,190.648,0.55,1.005,1,2,1.0,0,4553,0.402,1.67,0,0.4,0.247,0.233,0.424,0.738,1.0,0,0.825,16.0,100.6
36979,NVDAm_20251027134027_3,NVDAm,TREND_CONTINUATION,BUY,-1,2025.10.27 13:40:27,2025.10.27 14:11:01,30,190.71,189.6,-111.0,-555.0,1.185,0.495,SL_HIT,190.379,190.82,186.704,1,0.07,1.653,190.379,0.7,0,1.0,1.0,2,0,0,1,0.0,3,1.0,0.615,2,0.354,0.7,0.0,0.092,0.0,0.0,188.422,0.65,1.251,1,2,1.0,0,4552,0.78,2.08,0,0.4,0.247,0.233,0.44,0.738,1.0,0,0.825,16.0,100.6
36996,NVDAm_20251027141031_4,NVDAm,SWEEP_REVERSAL,BUY,1,2025.10.27 14:10:31,2025.10.27 14:15:41,5,190.04,189.76,-28.0,-140.0,0.556,0.169,SL_HIT,190.6915,191.083,190.213,0,0.19,0.156,190.6915,0.5,0,1.0,0.825,0,0,0,1,0.0,0,0.738,0.359,1,0.738,0.247,0.233,0.359,0.4,0.0,190.6915,0.713,0.578,1,2,1.0,0,4553,0.268,0.81,0,0.4,0.247,0.233,0.41,0.738,1.0,0,0.825,16.0,100.6
36968,NVDAm_20251027120000_0,NVDAm,BREAKOUT,BUY,-1,2025.10.27 12:00:00,2025.10.27 14:19:39,139,190.96,189.02,-194.0,-970.0,1.977,0.221,SL_HIT,185.381,187.586,184.94,0,0.062,1.793,185.381,0.45,1,1.0,1.0,2,0,0,1,0.0,2,1.0,0.563,2,0.331,1.0,0.0,0.039,0.0,0.5743,188.422,0.65,0.937,1,2,1.0,0,4551,0.641,1.25,0,0.4,0.247,0.233,0.446,0.738,1.0,0,0.825,16.0,100.6
36994,NVDAm_20251027141031_4,NVDAm,SWEEP_REVERSAL,BUY,-1,2025.10.27 14:10:31,2025.10.27 14:19:39,9,190.04,189.02,-102.0,-510.0,0.954,0.169,SL_HIT,190.6915,191.083,190.213,0,0.19,0.156,190.6915,0.5,0,1.0,0.825,0,0,0,1,0.0,0,0.738,0.359,1,0.738,0.247,0.233,0.359,0.4,0.0,190.6915,0.713,0.578,1,2,1.0,0,4553,0.268,0.81,0,0.4,0.247,0.233,0.446,0.738,1.0,0,0.825,16.0,100.6
36995,NVDAm_20251027141031_4,NVDAm,SWEEP_REVERSAL,BUY,0,2025.10.27 14:10:31,2025.10.27 14:19:39,9,190.04,189.02,-102.0,-510.0,0.954,0.169,SL_HIT,190.6915,191.083,190.213,0,0.19,0.156,190.6915,0.5,0,1.0,0.825,0,0,0,1,0.0,0,0.738,0.359,1,0.738,0.247,0.233,0.359,0.4,0.0,190.6915,0.713,0.578,1,2,1.0,0,4553,0.268,0.81,0,0.4,0.247,0.233,0.446,0.738,1.0,0,0.825,16.0,100.6
37005,NVDAm_20251027160000_0,NVDAm,BREAKOUT,BUY,0,2025.10.27 16:00:00,2025.10.27 16:00:13,0,190.96,190.72,-24.0,-120.0,0.18,0.0,SL_HIT,190.85325,191.079,189.875,1,0.044,0.413,190.85325,0.4,0,0.8,1.0,2,0,0,1,0.0,2,0.875,0.382,1,0.271,1.0,0.0,0.059,0.0,0.0687,189.875,0.6,0.198,1,1,1.0,0,4555,0.435,2.92,0,0.0,0.3,0.0,0.131,0.562,0.8,1,1.0,16.0,122.3
37008,NVDAm_20251027160001_3,NVDAm,TREND_CONTINUATION,BUY,0,2025.10.27 16:00:01,2025.10.27 16:01:24,1,190.93,190.78,-15.0,-75.0,0.172,0.0,SL_HIT,190.85325,191.079,189.875,1,0.044,0.413,190.85325,0.4,0,0.8,1.0,2,0,0,1,0.0,0,0.562,0.299,0,0.562,0.3,0.0,0.131,0.0,0.0,189.875,0.6,0.16,1,1,1.0,0,4555,0.475,2.08,0,0.0,0.3,0.0,0.059,0.562,0.8,1,1.0,16.0,122.3
37012,NVDAm_20251027160041_2,NVDAm,PULLBACK,BUY,0,2025.10.27 16:00:41,2025.10.27 16:01:24,0,190.97,190.78,-19.0,-95.0,0.147,0.0,SL_HIT,190.85325,191.079,189.875,1,0.044,0.413,190.85325,0.4,0,0.8,1.0,2,0,0,1,0.0,0,0.562,0.296,0,0.562,0.3,0.0,0.059,0.0,0.0,189.875,0.6,0.133,1,1,1.0,0,4555,0.554,3.47,0,0.0,0.3,0.0,0.059,0.562,0.8,1,1.0,16.0,122.3
37017,NVDAm_20251027160328_1,NVDAm,BREAKOUT_RETEST,BUY,0,2025.10.27 16:03:28,2025.10.27 16:04:38,1,191.02,190.86,-16.0,-80.0,0.139,0.0,SL_HIT,190.85325,191.079,189.875,1,0.044,0.413,190.85325,0.4,0,0.8,1.0,2,0,0,1,0.0,0,0.562,0.294,0,0.562,0.3,0.0,0.059,0.0,0.0,189.875,0.6,0.12,1,1,1.0,0,4555,0.498,2.24,0,0.0,0.3,0.0,0.059,0.562,0.8,1,1.0,16.0,122.3
37006,NVDAm_20251027160000_0,NVDAm,BREAKOUT,BUY,1,2025.10.27 16:00:00,2025.10.27 16:05:37,5,190.96,190.79,-17.0,-85.0,0.196,0.0,SL_HIT,190.85325,191.079,189.875,1,0.044,0.413,190.85325,0.4,0,0.8,1.0,2,0,0,1,0.0,2,0.875,0.382,1,0.271,1.0,0.0,0.059,0.0,0.0687,189.875,0.6,0.198,1,1,1.0,0,4555,0.435,2.92,0,0.0,0.3,0.0,0.059,0.562,0.8,1,1.0,16.0,122.3
37009,NVDAm_20251027160001_3,NVDAm,TREND_CONTINUATION,BUY,1,2025.10.27 16:00:01,2025.10.27 16:05:37,5,190.93,190.79,-14.0,-70.0,0.172,0.0,SL_HIT,190.85325,191.079,189.875,1,0.044,0.413,190.85325,0.4,0,0.8,1.0,2,0,0,1,0.0,0,0.562,0.299,0,0.562,0.3,0.0,0.131,0.0,0.0,189.875,0.6,0.16,1,1,1.0,0,4555,0.475,2.08,0,0.0,0.3,0.0,0.059,0.562,0.8,1,1.0,16.0,122.3
37013,NVDAm_20251027160041_2,NVDAm,PULLBACK,BUY,1,2025.10.27 16:00:41,2025.10.27 16:05:37,4,190.97,190.79,-18.0,-90.0,0.196,0.0,SL_HIT,190.85325,191.079,189.875,1,0.044,0.413,190.85325,0.4,0,0.8,1.0,2,0,0,1,0.0,0,0.562,0.296,0,0.562,0.3,0.0,0.059,0.0,0.0,189.875,0.6,0.133,1,1,1.0,0,4555,0.554,3.47,0,0.0,0.3,0.0,0.059,0.562,0.8,1,1.0,16.0,122.3
37018,NVDAm_20251027160328_1,NVDAm,BREAKOUT_RETEST,BUY,1,2025.10.27 16:03:28,2025.10.27 16:05:37,2,191.02,190.79,-23.0,-115.0,0.18,0.0,SL_HIT,190.85325,191.079,189.875,1,0.044,0.413,190.85325,0.4,0,0.8,1.0,2,0,0,1,0.0,0,0.562,0.294,0,0.562,0.3,0.0,0.059,0.0,0.0,189.875,0.6,0.12,1,1,1.0,0,4555,0.498,2.24,0,0.0,0.3,0.0,0.059,0.562,0.8,1,1.0,16.0,122.3
37025,NVDAm_20251027170000_7,NVDAm,ANCHORED_PULLBACK,BUY,0,2025.10.27 17:00:00,2025.10.27 17:00:16,0,191.55,191.46,-9.0,-45.0,0.127,0.0,SL_HIT,190.86975,191.097,190.0365,0,0.313,1.597,190.86975,0.35,0,1.0,1.0,2,0,0,1,0.0,0,0.574,0.377,1,0.574,0.3,0.0,0.57,0.0,-0.1217,190.86975,0.727,0.695,1,1,1.0,0,4556,0.51,3.34,0,0.0,0.3,0.0,0.27,0.582,1.0,0,1.0,16.0,117.9
37026,NVDAm_20251027170000_7,NVDAm,ANCHORED_PULLBACK,BUY,1,2025.10.27 17:00:00,2025.10.27 17:00:24,0,191.55,191.4,-15.0,-75.0,0.127,0.0,SL_HIT,190.86975,191.097,190.0365,0,0.313,1.597,190.86975,0.35,0,1.0,1.0,2,0,0,1,0.0,0,0.574,0.377,1,0.574,0.3,0.0,0.57,0.0,-0.1217,190.86975,0.727,0.695,1,1,1.0,0,4556,0.51,3.34,0,0.0,0.3,0.0,0.27,0.582,1.0,0,1.0,16.0,117.9
37030,NVDAm_20251027180328_1,NVDAm,BREAKOUT_RETEST,BUY,0,2025.10.27 18:03:28,2025.10.27 18:05:00,1,191.12,191.11,-1.0,-5.0,0.154,0.029,SL_HIT,190.943,191.524,190.196,1,0.074,0.566,190.943,0.4,0,0.8,0.825,0,0,0,1,0.0,0,0.697,0.313,0,0.697,0.247,0.088,0.1,0.25,0.0,191.524,0.6,0.187,1,1,1.0,0,4557,0.488,1.81,0,0.25,0.247,0.088,0.266,0.697,0.8,1,0.825,16.0,103.8
37031,NVDAm_20251027180328_1,NVDAm,BREAKOUT_RETEST,BUY,1,2025.10.27 18:03:28,2025.10.27 18:05:34,2,191.12,191.06,-6.0,-30.0,0.154,0.029,SL_HIT,190.943,191.524,190.196,1,0.074,0.566,190.943,0.4,0,0.8,0.825,0,0,0,1,0.0,0,0.697,0.313,0,0.697,0.247,0.088,0.1,0.25,0.0,191.524,0.6,0.187,1,1,1.0,0,4557,0.488,1.81,0,0.25,0.247,0.088,0.266,0.697,0.8,1,0.825,16.0,103.8
37024,NVDAm_20251027170000_7,NVDAm,ANCHORED_PULLBACK,BUY,-1,2025.10.27 17:00:00,2025.10.27 18:12:04,72,191.55,190.89,-66.0,-330.0,0.551,0.119,SL_HIT,190.86975,191.097,190.0365,0,0.313,1.597,190.86975,0.35,0,1.0,1.0,2,0,0,1,0.0,0,0.574,0.377,1,0.574,0.3,0.0,0.57,0.0,-0.1217,190.86975,0.727,0.695,1,1,1.0,0,4556,0.51,3.34,0,0.25,0.247,0.088,0.1,0.697,0.8,1,0.825,16.0,103.8
37036,NVDAm_20251027181437_0,NVDAm,BREAKOUT,BUY,0,2025.10.27 18:14:37,2025.10.27 18:16:02,1,191.0,190.89,-11.0,-55.0,0.154,0.0,SL_HIT,190.943,191.524,190.196,1,0.074,0.566,190.943,0.4,0,0.8,0.825,0,0,0,1,0.0,0,0.697,0.319,0,0.697,0.247,0.088,0.151,0.25,0.0,190.196,0.6,0.241,1,1,1.0,0,4557,0.32,1.03,0,0.25,0.247,0.088,0.1,0.697,0.8,1,0.825,16.0,103.8
37039,NVDAm_20251027181445_2,NVDAm,PULLBACK,BUY,0,2025.10.27 18:14:45,2025.10.27 18:16:02,1,191.0,190.89,-11.0,-55.0,0.145,0.0,SL_HIT,190.943,191.524,190.196,1,0.074,0.566,190.943,0.4,0,0.8,0.825,0,0,0,1,0.0,0,0.697,0.319,0,0.697,0.247,0.088,0.151,0.25,0.0,190.196,0.6,0.241,1,1,1.0,0,4557,0.544,1.03,0,0.25,0.247,0.088,0.1,0.697,0.8,1,0.825,16.0,103.8
37037,NVDAm_20251027181437_0,NVDAm,BREAKOUT,BUY,1,2025.10.27 18:14:37,2025.10.27 18:18:59,4,191.0,190.9,-10.0,-50.0,0.154,0.0,SL_HIT,190.943,191.524,190.196,1,0.074,0.566,190.943,0.4,0,0.8,0.825,0,0,0,1,0.0,0,0.697,0.319,0,0.697,0.247,0.088,0.151,0.25,0.0,190.196,0.6,0.241,1,1,1.0,0,4557,0.32,1.03,0,0.25,0.247,0.088,0.1,0.697,0.8,1,0.825,16.0,103.8
37040,NVDAm_20251027181445_2,NVDAm,PULLBACK,BUY,1,2025.10.27 18:14:45,2025.10.27 18:18:59,4,191.0,190.9,-10.0,-50.0,0.145,0.0,SL_HIT,190.943,191.524,190.196,1,0.074,0.566,190.943,0.4,0,0.8,0.825,0,0,0,1,0.0,0,0.697,0.319,0,0.697,0.247,0.088,0.151,0.25,0.0,190.196,0.6,0.241,1,1,1.0,0,4557,0.544,1.03,0,0.25,0.247,0.088,0.1,0.697,0.8,1,0.825,16.0,103.8
37029,NVDAm_20251027180328_1,NVDAm,BREAKOUT_RETEST,BUY,-1,2025.10.27 18:03:28,2025.10.27 18:20:52,17,191.12,190.81,-31.0,-155.0,0.289,0.029,SL_HIT,190.943,191.524,190.196,1,0.074,0.566,190.943,0.4,0,0.8,0.825,0,0,0,1,0.0,0,0.697,0.313,0,0.697,0.247,0.088,0.1,0.25,0.0,191.524,0.6,0.187,1,1,1.0,0,4557,0.488,1.81,0,0.25,0.247,0.088,0.151,0.697,0.8,1,0.825,16.0,103.8
37016,NVDAm_20251027160328_1,NVDAm,BREAKOUT_RETEST,BUY,-1,2025.10.27 16:03:28,2025.10.27 18:26:24,142,191.02,190.65,-37.0,-185.0,0.294,0.548,SL_HIT,190.85325,191.079,189.875,1,0.044,0.413,190.85325,0.4,0,0.8,1.0,2,0,0,1,0.0,0,0.562,0.294,0,0.562,0.3,0.0,0.059,0.0,0.0,189.875,0.6,0.12,1,1,1.0,0,4555,0.498,2.24,0,0.25,0.247,0.088,0.336,0.697,0.8,1,0.825,16.0,103.8
37048,NVDAm_20251027182826_5,NVDAm,MEAN_REVERSION,BUY,0,2025.10.27 18:28:26,2025.10.27 18:28:37,0,190.68,190.48,-20.0,-100.0,0.173,0.0,SL_HIT,190.943,191.524,190.196,1,0.074,0.566,190.943,0.4,0,0.8,0.825,0,0,0,1,0.0,0,0.697,0.299,0,0.697,0.247,0.088,0.322,0.25,0.0,190.943,0.722,0.424,1,1,1.0,0,4557,0.594,0.99,0,0.25,0.247,0.088,0.322,0.697,0.8,1,0.825,16.0,103.8
37049,NVDAm_20251027182826_5,NVDAm,MEAN_REVERSION,BUY,1,2025.10.27 18:28:26,2025.10.27 18:30:23,1,190.68,190.45,-23.0,-115.0,0.202,0.0,SL_HIT,190.943,191.524,190.196,1,0.074,0.566,190.943,0.4,0,0.8,0.825,0,0,0,1,0.0,0,0.697,0.299,0,0.697,0.247,0.088,0.322,0.25,0.0,190.943,0.722,0.424,1,1,1.0,0,4557,0.594,0.99,0,0.25,0.247,0.088,0.322,0.697,0.8,1,0.825,16.0,103.8
37035,NVDAm_20251027181437_0,NVDAm,BREAKOUT,BUY,-1,2025.10.27 18:14:37,2025.10.27 18:34:36,19,191.0,190.25,-75.0,-375.0,0.694,0.0,SL_HIT,190.943,191.524,190.196,1,0.074,0.566,190.943,0.4,0,0.8,0.825,0,0,0,1,0.0,0,0.697,0.319,0,0.697,0.247,0.088,0.151,0.25,0.0,190.196,0.6,0.241,1,1,1.0,0,4557,0.32,1.03,0,0.25,0.247,0.088,0.293,0.697,0.8,1,0.825,16.0,103.8
37038,NVDAm_20251027181445_2,NVDAm,PULLBACK,BUY,-1,2025.10.27 18:14:45,2025.10.27 18:34:36,19,191.0,190.25,-75.0,-375.0,0.694,0.0,SL_HIT,190.943,191.524,190.196,1,0.074,0.566,190.943,0.4,0,0.8,0.825,0,0,0,1,0.0,0,0.697,0.319,0,0.697,0.247,0.088,0.151,0.25,0.0,190.196,0.6,0.241,1,1,1.0,0,4557,0.544,1.03,0,0.25,0.247,0.088,0.293,0.697,0.8,1,0.825,16.0,103.8
37047,NVDAm_20251027182826_5,NVDAm,MEAN_REVERSION,BUY,-1,2025.10.27 18:28:26,2025.10.27 18:34:36,6,190.68,190.25,-43.0,-215.0,0.385,0.0,SL_HIT,190.943,191.524,190.196,1,0.074,0.566,190.943,0.4,0,0.8,0.825,0,0,0,1,0.0,0,0.697,0.299,0,0.697,0.247,0.088,0.322,0.25,0.0,190.943,0.722,0.424,1,1,1.0,0,4557,0.594,0.99,0,0.25,0.247,0.088,0.293,0.697,0.8,1,0.825,16.0,103.8
37056,NVDAm_20251028100359_0,NVDAm,BREAKOUT,BUY,0,2025.10.28 10:03:59,2025.10.28 10:04:20,0,191.75,191.11,-64.0,-320.0,0.672,0.0,SL_HIT,190.90775,191.1685,190.4235,1,0.023,0.554,190.90775,0.5,0,0.8,0.825,0,0,0,1,0.0,0,0.697,0.353,1,0.697,0.247,0.234,0.308,0.25,0.0,190.4235,0.6,0.193,1,2,1.0,0,4559,0.328,1.67,0,0.25,0.247,0.234,0.308,0.697,0.8,1,0.825,64.0,98.2
37059,NVDAm_20251028100406_2,NVDAm,PULLBACK,BUY,0,2025.10.28 10:04:06,2025.10.28 10:04:20,0,191.73,191.11,-62.0,-310.0,0.58,0.0,SL_HIT,190.90775,191.1685,190.4235,1,0.023,0.554,190.90775,0.5,0,0.8,0.825,0,0,0,1,0.0,0,0.697,0.353,1,0.697,0.247,0.234,0.269,0.25,0.0,190.4235,0.6,0.191,1,2,1.0,0,4559,0.553,2.0,0,0.25,0.247,0.234,0.308,0.697,0.8,1,0.825,64.0,98.2
37057,NVDAm_20251028100359_0,NVDAm,BREAKOUT,BUY,1,2025.10.28 10:03:59,2025.10.28 10:04:33,0,191.75,191.07,-68.0,-340.0,0.672,0.0,SL_HIT,190.90775,191.1685,190.4235,1,0.023,0.554,190.90775,0.5,0,0.8,0.825,0,0,0,1,0.0,0,0.697,0.353,1,0.697,0.247,0.234,0.308,0.25,0.0,190.4235,0.6,0.193,1,2,1.0,0,4559,0.328,1.67,0,0.25,0.247,0.234,0.269,0.697,0.8,1,0.825,64.0,98.2
37060,NVDAm_20251028100406_2,NVDAm,PULLBACK,BUY,1,2025.10.28 10:04:06,2025.10.28 10:04:33,0,191.73,191.07,-66.0,-330.0,0.631,0.0,SL_HIT,190.90775,191.1685,190.4235,1,0.023,0.554,190.90775,0.5,0,0.8,0.825,0,0,0,1,0.0,0,0.697,0.353,1,0.697,0.247,0.234,0.269,0.25,0.0,190.4235,0.6,0.191,1,2,1.0,0,4559,0.553,2.0,0,0.25,0.247,0.234,0.269,0.697,0.8,1,0.825,64.0,98.2
37062,NVDAm_20251028100413_3,NVDAm,TREND_CONTINUATION,BUY,0,2025.10.28 10:04:13,2025.10.28 10:04:33,0,191.8,191.07,-73.0,-365.0,0.703,0.0,SL_HIT,190.90775,191.1685,190.4235,1,0.023,0.554,190.90775,0.5,0,0.8,0.825,0,0,0,1,0.0,0,0.697,0.351,1,0.697,0.247,0.234,0.308,0.25,0.0,190.4235,0.6,0.172,1,2,1.0,0,4559,0.472,2.08,0,0.25,0.247,0.234,0.269,0.697,0.8,1,0.825,64.0,98.2
37070,NVDAm_20251028101225_7,NVDAm,ANCHORED_PULLBACK,BUY,0,2025.10.28 10:12:25,2025.10.28 10:12:59,0,191.82,191.14,-68.0,-340.0,0.672,0.0,SL_HIT,190.90775,191.1685,190.4235,0,0.023,0.554,190.90775,0.5,0,0.8,0.825,0,0,0,1,0.0,0,0.697,0.35,1,0.697,0.247,0.234,0.311,0.25,0.0,190.8705,0.55,0.164,1,2,1.0,0,4559,0.311,0.95,0,0.25,0.247,0.234,0.308,0.697,0.8,1,0.825,64.0,98.2
37063,NVDAm_20251028100413_3,NVDAm,TREND_CONTINUATION,BUY,1,2025.10.28 10:04:13,2025.10.28 10:14:25,10,191.8,191.09,-71.0,-355.0,0.753,0.0,SL_HIT,190.90775,191.1685,190.4235,1,0.023,0.554,190.90775,0.5,0,0.8,0.825,0,0,0,1,0.0,0,0.697,0.351,1,0.697,0.247,0.234,0.308,0.25,0.0,190.4235,0.6,0.172,1,2,1.0,0,4559,0.472,2.08,0,0.25,0.247,0.234,0.269,0.697,0.8,1,0.825,64.0,98.2
37071,NVDAm_20251028101225_7,NVDAm,ANCHORED_PULLBACK,BUY,1,2025.10.28 10:12:25,2025.10.28 10:14:25,2,191.82,191.09,-73.0,-365.0,0.723,0.0,SL_HIT,190.90775,191.1685,190.4235,0,0.023,0.554,190.90775,0.5,0,0.8,0.825,0,0,0,1,0.0,0,0.697,0.35,1,0.697,0.247,0.234,0.311,0.25,0.0,190.8705,0.55,0.164,1,2,1.0,0,4559,0.311,0.95,0,0.25,0.247,0.234,0.269,0.697,0.8,1,0.825,64.0,98.2
37076,NVDAm_20251028120359_0,NVDAm,BREAKOUT,BUY,0,2025.10.28 12:03:59,2025.10.28 12:04:43,0,192.88,192.26,-62.0,-310.0,0.64,0.0,SL_HIT,190.68375,191.1675,190.3075,0,1.169,0.533,190.68375,0.4,1,1.0,1.0,0,0,0,1,0.0,4,0.609,0.436,1,0.698,0.3,0.0,0.212,0.0,0.0,190.68375,0.76,0.776,1,2,1.0,0,4561,0.509,2.07,4,0.0,0.3,0.0,0.249,0.698,1.0,0,1.0,64.0,101.5
37079,NVDAm_20251028120406_2,NVDAm,PULLBACK,BUY,0,2025.10.28 12:04:06,2025.10.28 12:04:43,0,192.87,192.26,-61.0,-305.0,0.631,0.0,SL_HIT,190.68375,191.1675,190.3075,0,1.169,0.533,190.68375,0.4,1,1.0,1.0,0,0,0,1,0.0,4,0.609,0.435,1,0.698,0.3,0.0,0.212,0.0,0.0,190.68375,0.76,0.771,1,2,1.0,0,4561,0.499,2.0,4,0.0,0.3,0.0,0.249,0.698,1.0,0,1.0,64.0,101.5
37082,NVDAm_20251028120413_3,NVDAm,TREND_CONTINUATION,BUY,0,2025.10.28 12:04:13,2025.10.28 12:04:43,0,192.89,192.26,-63.0,-315.0,0.65,0.0,SL_HIT,190.68375,191.1675,190.3075,0,1.169,0.533,190.68375,0.4,1,1.0,1.0,0,0,0,1,0.0,4,0.609,0.44,1,0.698,0.3,0.0,0.249,0.0,0.0,190.68375,0.76,0.809,1,2,1.0,0,4561,0.587,2.08,4,0.0,0.3,0.0,0.249,0.698,1.0,0,1.0,64.0,101.5
37077,NVDAm_20251028120359_0,NVDAm,BREAKOUT,BUY,1,2025.10.28 12:03:59,2025.10.28 12:06:13,2,192.88,192.16,-72.0,-360.0,0.65,0.0,SL_HIT,190.68375,191.1675,190.3075,0,1.169,0.533,190.68375,0.4,1,1.0,1.0,0,0,0,1,0.0,4,0.609,0.436,1,0.698,0.3,0.0,0.212,0.0,0.0,190.68375,0.76,0.776,1,2,1.0,0,4561,0.509,2.07,4,0.0,0.3,0.0,0.212,0.698,1.0,0,1.0,64.0,101.5
37080,NVDAm_20251028120406_2,NVDAm,PULLBACK,BUY,1,2025.10.28 12:04:06,2025.10.28 12:06:13,2,192.87,192.16,-71.0,-355.0,0.64,0.0,SL_HIT,190.68375,191.1675,190.3075,0,1.169,0.533,190.68375,0.4,1,1.0,1.0,0,0,0,1,0.0,4,0.609,0.435,1,0.698,0.3,0.0,0.212,0.0,0.0,190.68375,0.76,0.771,1,2,1.0,0,4561,0.499,2.0,4,0.0,0.3,0.0,0.212,0.698,1.0,0,1.0,64.0,101.5
37083,NVDAm_20251028120413_3,NVDAm,TREND_CONTINUATION,BUY,1,2025.10.28 12:04:13,2025.10.28 12:06:13,2,192.89,192.16,-73.0,-365.0,0.66,0.0,SL_HIT,190.68375,191.1675,190.3075,0,1.169,0.533,190.68375,0.4,1,1.0,1.0,0,0,0,1,0.0,4,0.609,0.44,1,0.698,0.3,0.0,0.249,0.0,0.0,190.68375,0.76,0.809,1,2,1.0,0,4561,0.587,2.08,4,0.0,0.3,0.0,0.212,0.698,1.0,0,1.0,64.0,101.5
37091,NVDAm_20251028121227_7,NVDAm,ANCHORED_PULLBACK,BUY,0,2025.10.28 12:12:27,2025.10.28 12:51:05,38,193.19,192.55,-64.0,-320.0,0.68,0.0,SL_HIT,190.68375,191.1675,190.3075,0,1.169,0.533,190.68375,0.4,1,1.0,1.0,0,0,0,1,0.0,4,0.609,0.458,1,0.698,0.3,0.0,0.249,0.0,0.0,190.68375,0.76,0.965,1,2,1.0,0,4561,0.428,1.07,4,0.0,0.3,0.0,0.249,0.698,1.0,0,1.0,64.0,101.5
37092,NVDAm_20251028121227_7,NVDAm,ANCHORED_PULLBACK,BUY,1,2025.10.28 12:12:27,2025.10.28 13:01:04,48,193.19,192.71,-48.0,-240.0,0.68,0.0,SL_HIT,190.68375,191.1675,190.3075,0,1.169,0.533,190.68375,0.4,1,1.0,1.0,0,0,0,1,0.0,4,0.609,0.458,1,0.698,0.3,0.0,0.249,0.0,0.0,190.68375,0.76,0.965,1,2,1.0,0,4561,0.428,1.07,0,0.0,0.3,0.0,0.176,0.516,1.0,0,1.0,64.0,102.8
37069,NVDAm_20251028101225_7,NVDAm,ANCHORED_PULLBACK,BUY,-1,2025.10.28 10:12:25,2025.10.28 13:11:32,179,191.82,193.17,135.0,675.0,0.845,1.334,TP_HIT,190.90775,191.1685,190.4235,0,0.023,0.554,190.90775,0.5,0,0.8,0.825,0,0,0,1,0.0,0,0.697,0.35,1,0.697,0.247,0.234,0.311,0.25,0.0,190.8705,0.55,0.164,1,2,1.0,0,4559,0.311,0.95,0,0.0,0.3,0.0,0.239,0.516,1.0,0,1.0,64.0,102.8
37007,NVDAm_20251027160001_3,NVDAm,TREND_CONTINUATION,BUY,-1,2025.10.27 16:00:01,2025.10.28 13:31:37,1291,190.93,194.0,307.0,1516.0,0.597,2.478,TP_HIT,190.85325,191.079,189.875,1,0.044,0.413,190.85325,0.4,0,0.8,1.0,2,0,0,1,0.0,0,0.562,0.299,0,0.562,0.3,0.0,0.131,0.0,0.0,189.875,0.6,0.16,1,1,1.0,0,4555,0.475,2.08,0,0.0,0.3,0.0,0.239,0.516,1.0,0,1.0,64.0,102.8
37004,NVDAm_20251027160000_0,NVDAm,BREAKOUT,BUY,-1,2025.10.27 16:00:00,2025.10.28 13:31:38,1291,190.96,194.06,310.0,1531.0,0.621,2.486,TP_HIT,190.85325,191.079,189.875,1,0.044,0.413,190.85325,0.4,0,0.8,1.0,2,0,0,1,0.0,2,0.875,0.382,1,0.271,1.0,0.0,0.059,0.0,0.0687,189.875,0.6,0.198,1,1,1.0,0,4555,0.435,2.92,0,0.0,0.3,0.0,0.239,0.516,1.0,0,1.0,64.0,102.8
37055,NVDAm_20251028100359_0,NVDAm,BREAKOUT,BUY,-1,2025.10.28 10:03:59,2025.10.28 13:31:40,207,191.75,194.24,249.0,1245.0,0.774,2.474,TP_HIT,190.90775,191.1685,190.4235,1,0.023,0.554,190.90775,0.5,0,0.8,0.825,0,0,0,1,0.0,0,0.697,0.353,1,0.697,0.247,0.234,0.308,0.25,0.0,190.4235,0.6,0.193,1,2,1.0,0,4559,0.328,1.67,0,0.0,0.3,0.0,0.239,0.516,1.0,0,1.0,64.0,102.8
37061,NVDAm_20251028100413_3,NVDAm,TREND_CONTINUATION,BUY,-1,2025.10.28 10:04:13,2025.10.28 13:31:41,207,191.8,194.3,250.0,1250.0,0.825,2.484,TP_HIT,190.90775,191.1685,190.4235,1,0.023,0.554,190.90775,0.5,0,0.8,0.825,0,0,0,1,0.0,0,0.697,0.351,1,0.697,0.247,0.234,0.308,0.25,0.0,190.4235,0.6,0.172,1,2,1.0,0,4559,0.472,2.08,0,0.0,0.3,0.0,0.239,0.516,1.0,0,1.0,64.0,102.8
37090,NVDAm_20251028121227_7,NVDAm,ANCHORED_PULLBACK,BUY,-1,2025.10.28 12:12:27,2025.10.28 13:32:59,80,193.19,194.62,143.0,715.0,0.828,1.35,TP_HIT,190.68375,191.1675,190.3075,0,1.169,0.533,190.68375,0.4,1,1.0,1.0,0,0,0,1,0.0,4,0.609,0.458,1,0.698,0.3,0.0,0.249,0.0,0.0,190.68375,0.76,0.965,1,2,1.0,0,4561,0.428,1.07,0,0.0,0.3,0.0,0.239,0.516,1.0,0,1.0,64.0,102.8
37011,NVDAm_20251027160041_2,NVDAm,PULLBACK,BUY,-1,2025.10.27 16:00:41,2025.10.28 13:33:00,1292,190.97,194.65,368.0,1821.0,0.63,2.985,TP_HIT,190.85325,191.079,189.875,1,0.044,0.413,190.85325,0.4,0,0.8,1.0,2,0,0,1,0.0,0,0.562,0.296,0,0.562,0.3,0.0,0.059,0.0,0.0,189.875,0.6,0.133,1,1,1.0,0,4555,0.554,3.47,0,0.0,0.3,0.0,0.239,0.516,1.0,0,1.0,64.0,102.8
37058,NVDAm_20251028100406_2,NVDAm,PULLBACK,BUY,-1,2025.10.28 10:04:06,2025.10.28 13:33:15,209,191.73,194.68,295.0,1475.0,0.753,2.973,TP_HIT,190.90775,191.1685,190.4235,1,0.023,0.554,190.90775,0.5,0,0.8,0.825,0,0,0,1,0.0,0,0.697,0.353,1,0.697,0.247,0.234,0.269,0.25,0.0,190.4235,0.6,0.191,1,2,1.0,0,4559,0.553,2.0,0,0.0,0.3,0.0,0.239,0.516,1.0,0,1.0,64.0,102.8
37103,NVDAm_20251028152937_4,NVDAm,SWEEP_REVERSAL,BUY,-1,2025.10.28 15:29:37,2025.10.28 15:33:16,3,192.88,192.52,-36.0,-180.0,0.293,0.0,SL_HIT,192.79625,193.965,192.4775,1,0.034,1.1,193.64625,0.35,0,0.8,0.825,0,0,1,1,0.0,6,0.75,0.34,0,0.589,0.247,0.665,0.42,0.55,0.0,193.115,0.55,0.137,1,2,1.0,0,4564,0.616,1.09,6,0.55,0.247,0.665,0.499,0.589,0.8,1,0.825,16.0,119.6
37104,NVDAm_20251028152937_4,NVDAm,SWEEP_REVERSAL,BUY,0,2025.10.28 15:29:37,2025.10.28 15:33:16,3,192.88,192.52,-36.0,-180.0,0.293,0.0,SL_HIT,192.79625,193.965,192.4775,1,0.034,1.1,193.64625,0.35,0,0.8,0.825,0,0,1,1,0.0,6,0.75,0.34,0,0.589,0.247,0.665,0.42,0.55,0.0,193.115,0.55,0.137,1,2,1.0,0,4564,0.616,1.09,6,0.55,0.247,0.665,0.499,0.589,0.8,1,0.825,16.0,119.6
37105,NVDAm_20251028152937_4,NVDAm,SWEEP_REVERSAL,BUY,1,2025.10.28 15:29:37,2025.10.28 15:33:16,3,192.88,192.52,-36.0,-180.0,0.293,0.0,SL_HIT,192.79625,193.965,192.4775,1,0.034,1.1,193.64625,0.35,0,0.8,0.825,0,0,1,1,0.0,6,0.75,0.34,0,0.589,0.247,0.665,0.42,0.55,0.0,193.115,0.55,0.137,1,2,1.0,0,4564,0.616,1.09,6,0.55,0.247,0.665,0.499,0.589,0.8,1,0.825,16.0,119.6
37110,NVDAm_20251028160000_1,NVDAm,BREAKOUT_RETEST,BUY,0,2025.10.28 16:00:00,2025.10.28 16:02:00,2,193.4,193.53,13.0,65.0,0.126,0.141,TRAIL_STOP,192.605,193.71,192.52,1,0.098,0.57,192.605,0.35,0,0.8,0.825,0,0,0,1,0.0,0,0.543,0.261,0,0.543,0.247,0.088,0.254,0.25,0.0,192.605,0.716,0.215,1,1,1.0,0,4565,0.472,2.79,0,0.25,0.247,0.088,0.3,0.543,0.8,1,0.825,16.0,127.3
37113,NVDAm_20251028160026_0,NVDAm,BREAKOUT,BUY,0,2025.10.28 16:00:26,2025.10.28 16:02:00,1,193.5,193.53,3.0,15.0,0.134,0.063,TRAIL_STOP,192.605,193.71,192.52,1,0.098,0.57,192.605,0.35,0,0.8,0.825,0,0,0,1,0.0,0,0.543,0.261,0,0.543,0.247,0.088,0.254,0.25,0.0,192.605,0.716,0.218,1,1,1.0,0,4565,0.305,1.67,0,0.25,0.247,0.088,0.3,0.543,0.8,1,0.825,16.0,127.3
37116,NVDAm_20251028160027_2,NVDAm,PULLBACK,BUY,0,2025.10.28 16:00:27,2025.10.28 16:02:00,1,193.49,193.53,4.0,20.0,0.126,0.071,TRAIL_STOP,192.605,193.71,192.52,1,0.098,0.57,192.605,0.35,0,0.8,0.825,0,0,0,1,0.0,0,0.543,0.261,0,0.543,0.247,0.088,0.254,0.25,0.0,192.605,0.716,0.215,1,1,1.0,0,4565,0.529,2.0,0,0.25,0.247,0.088,0.3,0.543,0.8,1,0.825,16.0,127.3
37119,NVDAm_20251028160028_3,NVDAm,TREND_CONTINUATION,BUY,0,2025.10.28 16:00:28,2025.10.28 16:02:00,1,193.5,193.53,3.0,15.0,0.134,0.063,TRAIL_STOP,192.605,193.71,192.52,1,0.098,0.57,192.605,0.35,0,0.8,0.825,0,0,0,1,0.0,0,0.543,0.261,0,0.543,0.247,0.088,0.254,0.25,0.0,192.605,0.716,0.218,1,1,1.0,0,4565,0.445,2.08,0,0.25,0.247,0.088,0.3,0.543,0.8,1,0.825,16.0,127.3
37126,NVDAm_20251028160305_7,NVDAm,ANCHORED_PULLBACK,BUY,0,2025.10.28 16:03:05,2025.10.28 16:03:17,0,193.87,193.64,-23.0,-115.0,0.165,0.0,SL_HIT,192.605,193.71,192.52,1,0.098,0.57,192.605,0.35,0,0.8,0.825,0,0,0,1,0.0,0,0.543,0.276,0,0.543,0.247,0.088,0.308,0.25,0.0,192.605,0.716,0.351,1,1,1.0,0,4565,0.243,1.91,0,0.25,0.247,0.088,0.308,0.543,0.8,1,0.825,16.0,127.3
37111,NVDAm_20251028160000_1,NVDAm,BREAKOUT_RETEST,BUY,1,2025.10.28 16:00:00,2025.10.28 16:03:26,3,193.4,193.58,18.0,90.0,0.126,0.244,TRAIL_STOP,192.605,193.71,192.52,1,0.098,0.57,192.605,0.35,0,0.8,0.825,0,0,0,1,0.0,0,0.543,0.261,0,0.543,0.247,0.088,0.254,0.25,0.0,192.605,0.716,0.215,1,1,1.0,0,4565,0.472,2.79,0,0.25,0.247,0.088,0.308,0.543,0.8,1,0.825,16.0,127.3
37114,NVDAm_20251028160026_0,NVDAm,BREAKOUT,BUY,1,2025.10.28 16:00:26,2025.10.28 16:03:26,3,193.5,193.58,8.0,40.0,0.134,0.165,TRAIL_STOP,192.605,193.71,192.52,1,0.098,0.57,192.605,0.35,0,0.8,0.825,0,0,0,1,0.0,0,0.543,0.261,0,0.543,0.247,0.088,0.254,0.25,0.0,192.605,0.716,0.218,1,1,1.0,0,4565,0.305,1.67,0,0.25,0.247,0.088,0.308,0.543,0.8,1,0.825,16.0,127.3
37117,NVDAm_20251028160027_2,NVDAm,PULLBACK,BUY,1,2025.10.28 16:00:27,2025.10.28 16:03:26,2,193.49,193.58,9.0,45.0,0.126,0.173,TRAIL_STOP,192.605,193.71,192.52,1,0.098,0.57,192.605,0.35,0,0.8,0.825,0,0,0,1,0.0,0,0.543,0.261,0,0.543,0.247,0.088,0.254,0.25,0.0,192.605,0.716,0.215,1,1,1.0,0,4565,0.529,2.0,0,0.25,0.247,0.088,0.308,0.543,0.8,1,0.825,16.0,127.3
37120,NVDAm_20251028160028_3,NVDAm,TREND_CONTINUATION,BUY,1,2025.10.28 16:00:28,2025.10.28 16:03:26,2,193.5,193.58,8.0,40.0,0.134,0.165,TRAIL_STOP,192.605,193.71,192.52,1,0.098,0.57,192.605,0.35,0,0.8,0.825,0,0,0,1,0.0,0,0.543,0.261,0,0.543,0.247,0.088,0.254,0.25,0.0,192.605,0.716,0.218,1,1,1.0,0,4565,0.445,2.08,0,0.25,0.247,0.088,0.308,0.543,0.8,1,0.825,16.0,127.3
37127,NVDAm_20251028160305_7,NVDAm,ANCHORED_PULLBACK,BUY,1,2025.10.28 16:03:05,2025.10.28 16:03:26,0,193.87,193.58,-29.0,-145.0,0.212,0.0,SL_HIT,192.605,193.71,192.52,1,0.098,0.57,192.605,0.35,0,0.8,0.825,0,0,0,1,0.0,0,0.543,0.276,0,0.543,0.247,0.088,0.308,0.25,0.0,192.605,0.716,0.351,1,1,1.0,0,4565,0.243,1.91,0,0.25,0.247,0.088,0.308,0.543,0.8,1,0.825,16.0,127.3
37109,NVDAm_20251028160000_1,NVDAm,BREAKOUT_RETEST,BUY,-1,2025.10.28 16:00:00,2025.10.28 16:40:36,40,193.4,194.47,107.0,535.0,0.126,0.833,TP_HIT,192.605,193.71,192.52,1,0.098,0.57,192.605,0.35,0,0.8,0.825,0,0,0,1,0.0,0,0.543,0.261,0,0.543,0.247,0.088,0.254,0.25,0.0,192.605,0.716,0.215,1,1,1.0,0,4565,0.472,2.79,0,0.25,0.247,0.088,0.374,0.543,0.8,0,0.825,16.0,127.3
37075,NVDAm_20251028120359_0,NVDAm,BREAKOUT,BUY,-1,2025.10.28 12:03:59,2025.10.28 16:49:14,285,192.88,195.42,254.0,1270.0,1.025,2.493,TP_HIT,190.68375,191.1675,190.3075,0,1.169,0.533,190.68375,0.4,1,1.0,1.0,0,0,0,1,0.0,4,0.609,0.436,1,0.698,0.3,0.0,0.212,0.0,0.0,190.68375,0.76,0.776,1,2,1.0,0,4561,0.509,2.07,0,0.25,0.247,0.088,0.394,0.543,0.8,0,0.825,16.0,127.3
37081,NVDAm_20251028120413_3,NVDAm,TREND_CONTINUATION,BUY,-1,2025.10.28 12:04:13,2025.10.28 16:49:15,285,192.89,195.43,254.0,1270.0,1.034,2.493,TP_HIT,190.68375,191.1675,190.3075,0,1.169,0.533,190.68375,0.4,1,1.0,1.0,0,0,0,1,0.0,4,0.609,0.44,1,0.698,0.3,0.0,0.249,0.0,0.0,190.68375,0.76,0.809,1,2,1.0,0,4561,0.587,2.08,0,0.25,0.247,0.088,0.394,0.543,0.8,0,0.825,16.0,127.3
37078,NVDAm_20251028120406_2,NVDAm,PULLBACK,BUY,-1,2025.10.28 12:04:06,2025.10.28 17:12:43,308,192.87,195.93,306.0,1530.0,1.015,2.798,TP_HIT,190.68375,191.1675,190.3075,0,1.169,0.533,190.68375,0.4,1,1.0,1.0,0,0,0,1,0.0,4,0.609,0.435,1,0.698,0.3,0.0,0.212,0.0,0.0,190.68375,0.76,0.771,1,2,1.0,0,4561,0.499,2.0,0,0.25,0.247,0.183,0.394,0.571,1.0,0,0.825,16.0,140.1
37125,NVDAm_20251028160305_7,NVDAm,ANCHORED_PULLBACK,BUY,-1,2025.10.28 16:03:05,2025.10.28 17:14:05,71,193.87,196.37,250.0,1250.0,0.526,1.838,TP_HIT,192.605,193.71,192.52,1,0.098,0.57,192.605,0.35,0,0.8,0.825,0,0,0,1,0.0,0,0.543,0.276,0,0.543,0.247,0.088,0.308,0.25,0.0,192.605,0.716,0.351,1,1,1.0,0,4565,0.243,1.91,0,0.25,0.247,0.183,0.394,0.571,1.0,0,0.825,16.0,140.1
37112,NVDAm_20251028160026_0,NVDAm,BREAKOUT,BUY,-1,2025.10.28 16:00:26,2025.10.28 17:41:40,101,193.5,196.68,318.0,1590.0,0.236,2.483,TP_HIT,192.605,193.71,192.52,1,0.098,0.57,192.605,0.35,0,0.8,0.825,0,0,0,1,0.0,0,0.543,0.261,0,0.543,0.247,0.088,0.254,0.25,0.0,192.605,0.716,0.218,1,1,1.0,0,4565,0.305,1.67,0,0.25,0.247,0.183,0.394,0.571,1.0,0,0.825,16.0,140.1
37118,NVDAm_20251028160028_3,NVDAm,TREND_CONTINUATION,BUY,-1,2025.10.28 16:00:28,2025.10.28 17:41:40,101,193.5,196.68,318.0,1590.0,0.236,2.483,TP_HIT,192.605,193.71,192.52,1,0.098,0.57,192.605,0.35,0,0.8,0.825,0,0,0,1,0.0,0,0.543,0.261,0,0.543,0.247,0.088,0.254,0.25,0.0,192.605,0.716,0.218,1,1,1.0,0,4565,0.445,2.08,0,0.25,0.247,0.183,0.394,0.571,1.0,0,0.825,16.0,140.1
37115,NVDAm_20251028160027_2,NVDAm,PULLBACK,BUY,-1,2025.10.28 16:00:27,2025.10.28 17:45:39,105,193.49,197.31,382.0,1910.0,0.228,2.993,TP_HIT,192.605,193.71,192.52,1,0.098,0.57,192.605,0.35,0,0.8,0.825,0,0,0,1,0.0,0,0.543,0.261,0,0.543,0.247,0.088,0.254,0.25,0.0,192.605,0.716,0.215,1,1,1.0,0,4565,0.529,2.0,0,0.25,0.247,0.183,0.394,0.571,1.0,0,0.825,16.0,140.1
37143,NVDAm_20251028180026_0,NVDAm,BREAKOUT,BUY,0,2025.10.28 18:00:26,2025.10.28 18:15:02,14,198.11,197.95,-16.0,-80.0,0.425,0.115,SL_HIT,192.65875,195.77,192.495,0,1.627,0.037,195.27875,0.5,0,1.0,1.0,2,0,0,1,0.0,3,1.0,0.615,2,0.409,0.7,0.128,0.318,0.15,0.0,195.27875,0.737,2.02,1,1,1.0,0,4567,0.604,1.45,3,0.15,0.7,0.128,0.318,0.409,1.0,0,1.0,16.0,164.8
37146,NVDAm_20251028180027_2,NVDAm,PULLBACK,BUY,0,2025.10.28 18:00:27,2025.10.28 18:15:02,14,198.1,197.95,-15.0,-75.0,0.419,0.121,SL_HIT,192.65875,195.77,192.495,0,1.627,0.037,195.27875,0.5,0,1.0,1.0,2,0,0,1,0.0,3,1.0,0.614,2,0.409,0.7,0.128,0.318,0.15,0.0,195.27875,0.737,2.016,1,1,1.0,0,4567,0.664,4.93,3,0.15,0.7,0.128,0.318,0.409,1.0,0,1.0,16.0,164.8
37149,NVDAm_20251028180028_3,NVDAm,TREND_CONTINUATION,BUY,0,2025.10.28 18:00:28,2025.10.28 18:15:02,14,198.09,197.95,-14.0,-70.0,0.413,0.127,SL_HIT,192.65875,195.77,192.495,0,1.627,0.037,195.27875,0.5,0,1.0,1.0,2,0,0,1,0.0,3,1.0,0.614,2,0.409,0.7,0.128,0.318,0.15,0.0,195.27875,0.737,2.012,1,1,1.0,0,4567,0.779,2.08,3,0.15,0.7,0.128,0.318,0.409,1.0,0,1.0,16.0,164.8
37152,NVDAm_20251028180305_7,NVDAm,ANCHORED_PULLBACK,BUY,0,2025.10.28 18:03:05,2025.10.28 18:15:02,11,197.92,197.95,3.0,15.0,0.182,0.231,TRAIL_STOP,192.65875,195.77,192.495,0,1.627,0.037,195.27875,0.5,0,1.0,1.0,2,0,0,1,0.0,3,1.0,0.606,2,0.409,0.7,0.128,0.318,0.15,0.0,195.27875,0.737,1.947,1,1,1.0,0,4567,0.573,2.39,3,0.15,0.7,0.128,0.318,0.409,1.0,0,1.0,16.0,164.8
37144,NVDAm_20251028180026_0,NVDAm,BREAKOUT,BUY,1,2025.10.28 18:00:26,2025.10.28 18:15:14,14,198.11,197.85,-26.0,-130.0,0.425,0.115,SL_HIT,192.65875,195.77,192.495,0,1.627,0.037,195.27875,0.5,0,1.0,1.0,2,0,0,1,0.0,3,1.0,0.615,2,0.409,0.7,0.128,0.318,0.15,0.0,195.27875,0.737,2.02,1,1,1.0,0,4567,0.604,1.45,3,0.15,0.7,0.128,0.318,0.409,1.0,0,1.0,16.0,164.8
37147,NVDAm_20251028180027_2,NVDAm,PULLBACK,BUY,1,2025.10.28 18:00:27,2025.10.28 18:15:14,14,198.1,197.85,-25.0,-125.0,0.419,0.121,SL_HIT,192.65875,195.77,192.495,0,1.627,0.037,195.27875,0.5,0,1.0,1.0,2,0,0,1,0.0,3,1.0,0.614,2,0.409,0.7,0.128,0.318,0.15,0.0,195.27875,0.737,2.016,1,1,1.0,0,4567,0.664,4.93,3,0.15,0.7,0.128,0.318,0.409,1.0,0,1.0,16.0,164.8
37150,NVDAm_20251028180028_3,NVDAm,TREND_CONTINUATION,BUY,1,2025.10.28 18:00:28,2025.10.28 18:15:14,14,198.09,197.85,-24.0,-120.0,0.413,0.127,SL_HIT,192.65875,195.77,192.495,0,1.627,0.037,195.27875,0.5,0,1.0,1.0,2,0,0,1,0.0,3,1.0,0.614,2,0.409,0.7,0.128,0.318,0.15,0.0,195.27875,0.737,2.012,1,1,1.0,0,4567,0.779,2.08,3,0.15,0.7,0.128,0.318,0.409,1.0,0,1.0,16.0,164.8
37153,NVDAm_20251028180305_7,NVDAm,ANCHORED_PULLBACK,BUY,1,2025.10.28 18:03:05,2025.10.28 18:15:14,12,197.92,197.85,-7.0,-35.0,0.182,0.231,SL_HIT,192.65875,195.77,192.495,0,1.627,0.037,195.27875,0.5,0,1.0,1.0,2,0,0,1,0.0,3,1.0,0.606,2,0.409,0.7,0.128,0.318,0.15,0.0,195.27875,0.737,1.947,1,1,1.0,0,4567,0.573,2.39,3,0.15,0.7,0.128,0.318,0.409,1.0,0,1.0,16.0,164.8
37151,NVDAm_20251028180305_7,NVDAm,ANCHORED_PULLBACK,BUY,-1,2025.10.28 18:03:05,2025.10.28 19:08:26,65,197.92,201.06,314.0,1570.0,0.182,1.899,TP_HIT,192.65875,195.77,192.495,0,1.627,0.037,195.27875,0.5,0,1.0,1.0,2,0,0,1,0.0,3,1.0,0.606,2,0.409,0.7,0.128,0.318,0.15,0.0,195.27875,0.737,1.947,1,1,1.0,0,4567,0.573,2.39,0,0.0,0.3,0.082,0.166,0.491,1.0,0,1.0,16.0,163.6
37148,NVDAm_20251028180028_3,NVDAm,TREND_CONTINUATION,BUY,-1,2025.10.28 18:00:28,2025.10.28 19:31:28,91,198.09,202.21,412.0,2060.0,0.413,2.494,TP_HIT,192.65875,195.77,192.495,0,1.627,0.037,195.27875,0.5,0,1.0,1.0,2,0,0,1,0.0,3,1.0,0.614,2,0.409,0.7,0.128,0.318,0.15,0.0,195.27875,0.737,2.012,1,1,1.0,0,4567,0.779,2.08,0,0.0,0.3,0.082,0.166,0.491,1.0,0,1.0,16.0,163.6
37142,NVDAm_20251028180026_0,NVDAm,BREAKOUT,BUY,-1,2025.10.28 18:00:26,2025.10.28 19:31:28,91,198.11,202.23,412.0,2060.0,0.425,2.488,TP_HIT,192.65875,195.77,192.495,0,1.627,0.037,195.27875,0.5,0,1.0,1.0,2,0,0,1,0.0,3,1.0,0.615,2,0.409,0.7,0.128,0.318,0.15,0.0,195.27875,0.737,2.02,1,1,1.0,0,4567,0.604,1.45,0,0.0,0.3,0.082,0.166,0.491,1.0,0,1.0,16.0,163.6
37145,NVDAm_20251028180027_2,NVDAm,PULLBACK,BUY,-1,2025.10.28 18:00:27,2025.10.28 19:35:16,94,198.1,203.05,495.0,2475.0,0.419,2.986,TP_HIT,192.65875,195.77,192.495,0,1.627,0.037,195.27875,0.5,0,1.0,1.0,2,0,0,1,0.0,3,1.0,0.614,2,0.409,0.7,0.128,0.318,0.15,0.0,195.27875,0.737,2.016,1,1,1.0,0,4567,0.664,4.93,0,0.0,0.3,0.082,0.166,0.491,1.0,0,1.0,16.0,163.6
37167,NVDAm_20251029110000_7,NVDAm,ANCHORED_PULLBACK,BUY,0,2025.10.29 11:00:00,2025.10.29 11:00:17,0,208.01,207.42,-59.0,-295.0,0.335,0.0,SL_HIT,195.11875,200.1075,193.9675,0,4.061,0.8,195.11875,0.4,0,1.0,1.0,2,0,0,1,0.0,5,1.0,0.4,1,0.366,0.3,0.3,0.438,0.0,-0.5205,0.0,0.0,0.325,1,1,0.0,0,4570,0.429,4.9,3,0.0,0.7,0.0,0.138,0.394,1.0,0,1.0,64.0,188.3
37166,NVDAm_20251029110000_7,NVDAm,ANCHORED_PULLBACK,BUY,-1,2025.10.29 11:00:00,2025.10.29 11:00:19,0,208.01,207.36,-65.0,-325.0,0.335,0.0,SL_HIT,195.11875,200.1075,193.9675,0,4.061,0.8,195.11875,0.4,0,1.0,1.0,2,0,0,1,0.0,5,1.0,0.4,1,0.366,0.3,0.3,0.438,0.0,-0.5205,0.0,0.0,0.325,1,1,0.0,0,4570,0.429,4.9,3,0.0,0.7,0.0,0.138,0.394,1.0,0,1.0,64.0,188.3
37168,NVDAm_20251029110000_7,NVDAm,ANCHORED_PULLBACK,BUY,1,2025.10.29 11:00:00,2025.10.29 11:00:19,0,208.01,207.36,-65.0,-325.0,0.335,0.0,SL_HIT,195.11875,200.1075,193.9675,0,4.061,0.8,195.11875,0.4,0,1.0,1.0,2,0,0,1,0.0,5,1.0,0.4,1,0.366,0.3,0.3,0.438,0.0,-0.5205,0.0,0.0,0.325,1,1,0.0,0,4570,0.429,4.9,3,0.0,0.7,0.0,0.138,0.394,1.0,0,1.0,64.0,188.3
37173,NVDAm_20251029110612_2,NVDAm,PULLBACK,BUY,0,2025.10.29 11:06:12,2025.10.29 11:07:15,1,208.58,208.14,-44.0,-220.0,0.335,0.0,SL_HIT,195.11875,200.1075,193.9675,0,4.061,0.8,195.11875,0.4,0,1.0,1.0,2,0,0,1,0.0,3,1.0,0.462,1,0.394,0.7,0.0,0.139,0.0,0.0,0.0,0.0,0.86,1,1,0.0,0,4570,0.626,2.0,3,0.0,0.7,0.0,0.139,0.394,1.0,0,1.0,64.0,188.3
37174,NVDAm_20251029110612_2,NVDAm,PULLBACK,BUY,1,2025.10.29 11:06:12,2025.10.29 11:12:36,6,208.58,208.14,-44.0,-220.0,0.335,0.0,SL_HIT,195.11875,200.1075,193.9675,0,4.061,0.8,195.11875,0.4,0,1.0,1.0,2,0,0,1,0.0,3,1.0,0.462,1,0.394,0.7,0.0,0.139,0.0,0.0,0.0,0.0,0.86,1,1,0.0,0,4570,0.626,2.0,3,0.0,0.7,0.0,0.139,0.394,1.0,0,1.0,64.0,188.3
37178,NVDAm_20251029120000_0,NVDAm,BREAKOUT,BUY,0,2025.10.29 12:00:00,2025.10.29 12:00:34,0,208.35,207.68,-67.0,-335.0,0.33,0.0,SL_HIT,199.533,202.296,196.77,0,3.218,1.035,202.603,0.45,1,1.0,1.0,0,0,0,1,0.0,0,0.566,0.464,1,0.566,0.3,0.0,0.184,0.0,0.0,202.603,0.695,1.262,1,2,0.0,0,4571,0.516,1.25,0,0.0,0.3,0.0,0.184,0.566,1.0,0,1.0,64.0,196.9
37179,NVDAm_20251029120000_0,NVDAm,BREAKOUT,BUY,1,2025.10.29 12:00:00,2025.10.29 12:03:59,3,208.35,207.61,-74.0,-370.0,0.376,0.0,SL_HIT,199.533,202.296,196.77,0,3.218,1.035,202.603,0.45,1,1.0,1.0,0,0,0,1,0.0,0,0.566,0.464,1,0.566,0.3,0.0,0.184,0.0,0.0,202.603,0.695,1.262,1,2,0.0,0,4571,0.516,1.25,0,0.0,0.3,0.0,0.184,0.566,1.0,0,1.0,64.0,196.9
37184,NVDAm_20251029130015_3,NVDAm,TREND_CONTINUATION,BUY,1,2025.10.29 13:00:15,2025.10.29 13:28:33,28,208.44,207.5,-94.0,-470.0,0.456,0.046,SL_HIT,201.7565,207.541,198.99,0,0.022,1.267,207.7925,0.85,0,1.0,0.825,0,0,0,1,0.0,0,0.497,0.442,1,0.497,0.247,0.088,0.104,0.25,0.0,201.7565,0.7,0.936,1,2,0.0,0,4572,0.569,2.08,0,0.25,0.247,0.088,0.196,0.497,1.0,1,0.825,64.0,195.1
37187,NVDAm_20251029130613_2,NVDAm,PULLBACK,BUY,1,2025.10.29 13:06:13,2025.10.29 13:28:33,22,208.5,207.5,-100.0,-500.0,0.487,0.015,SL_HIT,201.7565,207.541,198.99,0,0.022,1.267,207.7925,0.85,0,1.0,0.825,0,0,0,1,0.0,0,0.497,0.443,1,0.497,0.247,0.088,0.104,0.25,0.0,201.7565,0.7,0.945,1,2,0.0,0,4572,0.485,2.0,0,0.25,0.247,0.088,0.196,0.497,1.0,1,0.825,64.0,195.1
37186,NVDAm_20251029130613_2,NVDAm,PULLBACK,BUY,0,2025.10.29 13:06:13,2025.10.29 13:38:05,31,208.5,209.73,123.0,615.0,0.877,1.43,TRAIL_STOP,201.7565,207.541,198.99,0,0.022,1.267,207.7925,0.85,0,1.0,0.825,0,0,0,1,0.0,0,0.497,0.443,1,0.497,0.247,0.088,0.104,0.25,0.0,201.7565,0.7,0.945,1,2,0.0,0,4572,0.485,2.0,0,0.25,0.247,0.088,0.333,0.497,1.0,0,0.825,64.0,195.1
37183,NVDAm_20251029130015_3,NVDAm,TREND_CONTINUATION,BUY,0,2025.10.29 13:00:15,2025.10.29 14:01:41,61,208.44,211.48,304.0,1520.0,0.846,1.861,TRAIL_STOP,201.7565,207.541,198.99,0,0.022,1.267,207.7925,0.85,0,1.0,0.825,0,0,0,1,0.0,0,0.497,0.442,1,0.497,0.247,0.088,0.104,0.25,0.0,201.7565,0.7,0.936,1,2,0.0,0,4572,0.569,2.08,6,0.45,0.3,0.457,0.671,0.556,1.0,1,1.0,16.0,226.8
37193,NVDAm_20251029140000_4,NVDAm,SWEEP_REVERSAL,BUY,1,2025.10.29 14:00:00,2025.10.29 14:04:30,4,212.07,210.69,-138.0,-690.0,0.604,0.0,SL_HIT,210.74775,211.92,208.0125,1,0.508,0.049,210.74775,0.75,1,1.0,1.0,0,0,1,1,0.0,6,0.75,0.307,0,0.256,0.3,0.563,1.0,0.75,-2.0475,210.74775,0.76,0.166,1,2,0.0,0,4573,0.642,3.29,6,0.45,0.3,0.457,0.52,0.556,1.0,1,1.0,16.0,226.8
37191,NVDAm_20251029140000_4,NVDAm,SWEEP_REVERSAL,BUY,-1,2025.10.29 14:00:00,2025.10.29 14:04:31,4,212.06,210.68,-138.0,-690.0,0.604,0.004,SL_HIT,210.74775,211.92,208.0125,1,0.508,0.049,210.74775,0.75,1,1.0,1.0,0,0,1,1,0.0,6,0.75,0.307,0,0.256,0.3,0.563,1.0,0.75,-2.0475,210.74775,0.76,0.166,1,2,0.0,0,4573,0.642,3.29,6,0.45,0.3,0.457,0.52,0.556,1.0,1,1.0,16.0,226.8
37192,NVDAm_20251029140000_4,NVDAm,SWEEP_REVERSAL,BUY,0,2025.10.29 14:00:00,2025.10.29 14:04:31,4,212.06,210.68,-138.0,-695.0,0.604,0.004,SL_HIT,210.74775,211.92,208.0125,1,0.508,0.049,210.74775,0.75,1,1.0,1.0,0,0,1,1,0.0,6,0.75,0.307,0,0.256,0.3,0.563,1.0,0.75,-2.0475,210.74775,0.76,0.166,1,2,0.0,0,4573,0.642,3.29,6,0.45,0.3,0.457,0.52,0.556,1.0,1,1.0,16.0,226.8
37199,NVDAm_20251029160141_5,NVDAm,MEAN_REVERSION,BUY,0,2025.10.29 16:01:41,2025.10.29 16:01:55,0,207.24,207.0,-24.0,-120.0,0.088,0.0,SL_HIT,210.4805,211.203,208.313,0,0.51,0.268,209.9025,0.5,0,1.0,0.825,0,0,0,1,0.0,0,0.617,0.316,0,0.617,0.247,0.228,0.383,0.4,0.0,208.7465,0.55,0.538,1,1,1.0,0,4575,0.568,0.8,0,0.4,0.247,0.228,0.383,0.617,1.0,0,0.825,16.0,260.2
37200,NVDAm_20251029160141_5,NVDAm,MEAN_REVERSION,BUY,1,2025.10.29 16:01:41,2025.10.29 16:02:20,0,207.24,206.86,-38.0,-190.0,0.142,0.0,SL_HIT,210.4805,211.203,208.313,0,0.51,0.268,209.9025,0.5,0,1.0,0.825,0,0,0,1,0.0,0,0.617,0.316,0,0.617,0.247,0.228,0.383,0.4,0.0,208.7465,0.55,0.538,1,1,1.0,0,4575,0.568,0.8,0,0.4,0.247,0.228,0.411,0.617,1.0,0,0.825,16.0,260.2
37204,NVDAm_20251029160221_4,NVDAm,SWEEP_REVERSAL,BUY,0,2025.10.29 16:02:21,2025.10.29 16:02:31,0,206.98,206.71,-27.0,-135.0,0.096,0.0,SL_HIT,210.4805,211.203,208.313,0,0.51,0.268,209.9025,0.5,0,1.0,0.825,0,0,0,1,0.0,0,0.617,0.323,0,0.617,0.247,0.228,0.411,0.4,0.0,209.9025,0.747,0.599,1,1,1.0,0,4575,0.258,1.18,0,0.4,0.247,0.228,0.411,0.617,1.0,0,0.825,16.0,260.2
37207,NVDAm_20251029160229_3,NVDAm,TREND_CONTINUATION,BUY,0,2025.10.29 16:02:29,2025.10.29 16:02:32,0,206.93,206.66,-27.0,-135.0,0.1,0.0,SL_HIT,210.4805,211.203,208.313,0,0.51,0.268,209.9025,0.5,0,1.0,0.825,0,0,0,1,0.0,0,0.617,0.324,0,0.617,0.247,0.228,0.411,0.4,0.0,209.9025,0.747,0.607,1,1,1.0,0,4575,0.534,1.0,0,0.4,0.247,0.228,0.411,0.617,1.0,0,0.825,16.0,260.2
37205,NVDAm_20251029160221_4,NVDAm,SWEEP_REVERSAL,BUY,1,2025.10.29 16:02:21,2025.10.29 16:02:41,0,206.98,206.58,-40.0,-200.0,0.15,0.0,SL_HIT,210.4805,211.203,208.313,0,0.51,0.268,209.9025,0.5,0,1.0,0.825,0,0,0,1,0.0,0,0.617,0.323,0,0.617,0.247,0.228,0.411,0.4,0.0,209.9025,0.747,0.599,1,1,1.0,0,4575,0.258,1.18,0,0.4,0.247,0.228,0.411,0.617,1.0,0,0.825,16.0,260.2
37208,NVDAm_20251029160229_3,NVDAm,TREND_CONTINUATION,BUY,1,2025.10.29 16:02:29,2025.10.29 16:02:43,0,206.93,206.51,-42.0,-210.0,0.154,0.0,SL_HIT,210.4805,211.203,208.313,0,0.51,0.268,209.9025,0.5,0,1.0,0.825,0,0,0,1,0.0,0,0.617,0.324,0,0.617,0.247,0.228,0.411,0.4,0.0,209.9025,0.747,0.607,1,1,1.0,0,4575,0.534,1.0,0,0.4,0.247,0.228,0.432,0.617,1.0,0,0.825,16.0,260.2
37182,NVDAm_20251029130015_3,NVDAm,TREND_CONTINUATION,BUY,-1,2025.10.29 13:00:15,2025.10.29 16:03:41,183,208.44,206.1,-234.0,-1170.0,1.159,1.861,SL_HIT,201.7565,207.541,198.99,0,0.022,1.267,207.7925,0.85,0,1.0,0.825,0,0,0,1,0.0,0,0.497,0.442,1,0.497,0.247,0.088,0.104,0.25,0.0,201.7565,0.7,0.936,1,2,0.0,0,4572,0.569,2.08,0,0.4,0.247,0.228,0.432,0.617,1.0,0,0.825,16.0,260.2
37172,NVDAm_20251029110612_2,NVDAm,PULLBACK,BUY,-1,2025.10.29 11:06:12,2025.10.29 16:04:17,298,208.58,205.76,-282.0,-1410.0,1.439,1.854,SL_HIT,195.11875,200.1075,193.9675,0,4.061,0.8,195.11875,0.4,0,1.0,1.0,2,0,0,1,0.0,3,1.0,0.462,1,0.394,0.7,0.0,0.139,0.0,0.0,0.0,0.0,0.86,1,1,0.0,0,4570,0.626,2.0,0,0.4,0.247,0.228,0.432,0.617,1.0,0,0.825,16.0,260.2
37215,NVDAm_20251029160405_2,NVDAm,PULLBACK,BUY,0,2025.10.29 16:04:05,2025.10.29 16:04:17,0,206.1,205.76,-34.0,-170.0,0.088,0.0,SL_HIT,210.4805,211.203,208.313,0,0.51,0.268,209.9025,0.5,0,1.0,0.825,0,0,0,1,0.0,0,0.617,0.342,0,0.617,0.247,0.228,0.432,0.4,0.0,209.9025,0.747,0.761,1,1,1.0,0,4575,0.46,1.02,0,0.4,0.247,0.228,0.432,0.617,1.0,0,0.825,16.0,260.2
37216,NVDAm_20251029160405_2,NVDAm,PULLBACK,BUY,1,2025.10.29 16:04:05,2025.10.29 16:04:25,0,206.1,205.73,-37.0,-180.0,0.138,0.0,SL_HIT,210.4805,211.203,208.313,0,0.51,0.268,209.9025,0.5,0,1.0,0.825,0,0,0,1,0.0,0,0.617,0.342,0,0.617,0.247,0.228,0.432,0.4,0.0,209.9025,0.747,0.761,1,1,1.0,0,4575,0.46,1.02,0,0.4,0.247,0.228,0.432,0.617,1.0,0,0.825,16.0,260.2
37185,NVDAm_20251029130613_2,NVDAm,PULLBACK,BUY,-1,2025.10.29 13:06:13,2025.10.29 16:04:29,178,208.5,205.57,-293.0,-1465.0,1.497,1.83,SL_HIT,201.7565,207.541,198.99,0,0.022,1.267,207.7925,0.85,0,1.0,0.825,0,0,0,1,0.0,0,0.497,0.443,1,0.497,0.247,0.088,0.104,0.25,0.0,201.7565,0.7,0.945,1,2,0.0,0,4572,0.485,2.0,0,0.4,0.247,0.228,0.432,0.617,1.0,0,0.825,16.0,260.2
37198,NVDAm_20251029160141_5,NVDAm,MEAN_REVERSION,BUY,-1,2025.10.29 16:01:41,2025.10.29 16:07:05,5,207.24,205.09,-215.0,-1075.0,0.788,0.0,SL_HIT,210.4805,211.203,208.313,0,0.51,0.268,209.9025,0.5,0,1.0,0.825,0,0,0,1,0.0,0,0.617,0.316,0,0.617,0.247,0.228,0.383,0.4,0.0,208.7465,0.55,0.538,1,1,1.0,0,4575,0.568,0.8,0,0.4,0.247,0.228,0.432,0.617,1.0,0,0.825,16.0,260.2
37223,NVDAm_20251029170238_1,NVDAm,BREAKOUT_RETEST,BUY,0,2025.10.29 17:02:38,2025.10.29 17:03:15,0,207.51,207.24,-27.0,-135.0,0.096,0.0,SL_HIT,210.1175,211.715,207.1,1,0.678,0.285,210.1175,0.65,0,1.0,1.0,0,0,0,1,0.0,0,0.581,0.319,0,0.581,0.3,0.053,0.242,0.15,0.0,208.6975,0.55,0.399,1,1,1.0,0,4576,0.586,1.66,0,0.15,0.3,0.053,0.242,0.581,1.0,1,1.0,16.0,270.9
37224,NVDAm_20251029170238_1,NVDAm,BREAKOUT_RETEST,BUY,1,2025.10.29 17:02:38,2025.10.29 17:05:26,2,207.51,207.46,-5.0,-25.0,0.1,0.07,SL_HIT,210.1175,211.715,207.1,1,0.678,0.285,210.1175,0.65,0,1.0,1.0,0,0,0,1,0.0,0,0.581,0.319,0,0.581,0.3,0.053,0.242,0.15,0.0,208.6975,0.55,0.399,1,1,1.0,0,4576,0.586,1.66,0,0.15,0.3,0.053,0.274,0.581,1.0,1,1.0,16.0,270.9
37222,NVDAm_20251029170238_1,NVDAm,BREAKOUT_RETEST,BUY,-1,2025.10.29 17:02:38,2025.10.29 17:21:14,18,207.51,206.7,-81.0,-405.0,0.295,0.07,SL_HIT,210.1175,211.715,207.1,1,0.678,0.285,210.1175,0.65,0,1.0,1.0,0,0,0,1,0.0,0,0.581,0.319,0,0.581,0.3,0.053,0.242,0.15,0.0,208.6975,0.55,0.399,1,1,1.0,0,4576,0.586,1.66,0,0.15,0.3,0.053,0.211,0.581,1.0,0,1.0,16.0,270.9
37229,NVDAm_20251029180229_3,NVDAm,TREND_CONTINUATION,BUY,0,2025.10.29 18:02:29,2025.10.29 18:02:42,0,207.26,207.16,-10.0,-50.0,0.042,0.0,SL_HIT,206.90325,209.5395,205.3215,1,0.013,1.323,206.90325,0.6,0,0.8,0.825,0,0,0,1,0.0,0,0.639,0.319,0,0.639,0.247,0.189,0.167,0.25,0.0,205.3215,0.6,0.248,1,1,1.0,0,4577,0.462,1.16,0,0.25,0.247,0.189,0.167,0.639,0.8,1,0.825,16.0,262.9
37230,NVDAm_20251029180229_3,NVDAm,TREND_CONTINUATION,BUY,1,2025.10.29 18:02:29,2025.10.29 18:03:01,0,207.26,207.01,-25.0,-125.0,0.091,0.0,SL_HIT,206.90325,209.5395,205.3215,1,0.013,1.323,206.90325,0.6,0,0.8,0.825,0,0,0,1,0.0,0,0.639,0.319,0,0.639,0.247,0.189,0.167,0.25,0.0,205.3215,0.6,0.248,1,1,1.0,0,4577,0.462,1.16,0,0.25,0.247,0.189,0.1,0.639,0.8,1,0.825,16.0,262.9
37234,NVDAm_20251029180315_0,NVDAm,BREAKOUT,BUY,0,2025.10.29 18:03:15,2025.10.29 18:03:26,0,207.06,206.81,-25.0,-125.0,0.091,0.0,SL_HIT,206.90325,209.5395,205.3215,1,0.013,1.323,206.90325,0.6,0,0.8,0.825,0,0,0,1,0.0,0,0.639,0.314,0,0.639,0.247,0.189,0.1,0.25,0.0,205.3215,0.6,0.2,1,1,1.0,0,4577,0.318,2.1,0,0.25,0.247,0.189,0.1,0.639,0.8,1,0.825,16.0,262.9
37235,NVDAm_20251029180315_0,NVDAm,BREAKOUT,BUY,1,2025.10.29 18:03:15,2025.10.29 18:03:40,0,207.06,206.61,-45.0,-230.0,0.141,0.0,SL_HIT,206.90325,209.5395,205.3215,1,0.013,1.323,206.90325,0.6,0,0.8,0.825,0,0,0,1,0.0,0,0.639,0.314,0,0.639,0.247,0.189,0.1,0.25,0.0,205.3215,0.6,0.2,1,1,1.0,0,4577,0.318,2.1,0,0.25,0.247,0.189,0.159,0.639,0.8,1,0.825,16.0,262.9
37239,NVDAm_20251029180405_2,NVDAm,PULLBACK,BUY,0,2025.10.29 18:04:05,2025.10.29 18:05:17,1,206.84,207.02,18.0,90.0,0.065,0.103,TRAIL_STOP,206.90325,209.5395,205.3215,1,0.013,1.323,206.90325,0.6,0,0.8,0.825,0,0,0,1,0.0,0,0.639,0.313,0,0.639,0.247,0.189,0.159,0.25,0.0,205.3215,0.6,0.192,1,1,1.0,0,4577,0.542,2.52,0,0.25,0.247,0.189,0.1,0.639,0.8,1,0.825,16.0,262.9
37240,NVDAm_20251029180405_2,NVDAm,PULLBACK,BUY,1,2025.10.29 18:04:05,2025.10.29 18:05:27,1,206.84,206.87,3.0,15.0,0.065,0.103,TRAIL_STOP,206.90325,209.5395,205.3215,1,0.013,1.323,206.90325,0.6,0,0.8,0.825,0,0,0,1,0.0,0,0.639,0.313,0,0.639,0.247,0.189,0.159,0.25,0.0,205.3215,0.6,0.192,1,1,1.0,0,4577,0.542,2.52,0,0.25,0.247,0.189,0.1,0.639,0.8,1,0.825,16.0,262.9
37244,NVDAm_20251029183539_5,NVDAm,MEAN_REVERSION,BUY,0,2025.10.29 18:35:39,2025.10.29 18:35:41,0,206.24,205.96,-28.0,-135.0,0.103,0.0,SL_HIT,206.90325,209.5395,205.3215,1,0.013,1.323,206.90325,0.6,0,0.8,0.825,0,0,0,1,0.0,0,0.639,0.304,0,0.639,0.247,0.189,0.179,0.25,0.0,206.90325,0.719,0.121,1,1,1.0,0,4577,0.573,0.81,0,0.25,0.247,0.189,0.234,0.639,0.8,1,0.825,16.0,262.9
37245,NVDAm_20251029183539_5,NVDAm,MEAN_REVERSION,BUY,1,2025.10.29 18:35:40,2025.10.29 18:35:42,0,206.23,205.81,-42.0,-205.0,0.156,0.0,SL_HIT,206.90325,209.5395,205.3215,1,0.013,1.323,206.90325,0.6,0,0.8,0.825,0,0,0,1,0.0,0,0.639,0.304,0,0.639,0.247,0.189,0.179,0.25,0.0,206.90325,0.719,0.121,1,1,1.0,0,4577,0.573,0.81,0,0.25,0.247,0.189,0.234,0.639,0.8,1,0.825,16.0,262.9
37233,NVDAm_20251029180315_0,NVDAm,BREAKOUT,BUY,-1,2025.10.29 18:03:15,2025.10.29 18:39:29,36,207.06,205.13,-193.0,-965.0,0.696,0.186,SL_HIT,206.90325,209.5395,205.3215,1,0.013,1.323,206.90325,0.6,0,0.8,0.825,0,0,0,1,0.0,0,0.639,0.314,0,0.639,0.247,0.189,0.1,0.25,0.0,205.3215,0.6,0.2,1,1,1.0,0,4577,0.318,2.1,0,0.25,0.247,0.189,0.336,0.639,0.8,0,0.825,16.0,262.9
37238,NVDAm_20251029180405_2,NVDAm,PULLBACK,BUY,-1,2025.10.29 18:04:05,2025.10.29 18:39:29,35,206.84,205.13,-171.0,-855.0,0.612,0.27,SL_HIT,206.90325,209.5395,205.3215,1,0.013,1.323,206.90325,0.6,0,0.8,0.825,0,0,0,1,0.0,0,0.639,0.313,0,0.639,0.247,0.189,0.159,0.25,0.0,205.3215,0.6,0.192,1,1,1.0,0,4577,0.542,2.52,0,0.25,0.247,0.189,0.336,0.639,0.8,0,0.825,16.0,262.9
37243,NVDAm_20251029183539_5,NVDAm,MEAN_REVERSION,BUY,-1,2025.10.29 18:35:39,2025.10.29 18:39:29,3,206.24,205.13,-111.0,-555.0,0.384,0.0,SL_HIT,206.90325,209.5395,205.3215,1,0.013,1.323,206.90325,0.6,0,0.8,0.825,0,0,0,1,0.0,0,0.639,0.304,0,0.639,0.247,0.189,0.179,0.25,0.0,206.90325,0.719,0.121,1,1,1.0,0,4577,0.573,0.81,0,0.25,0.247,0.189,0.336,0.639,0.8,0,0.825,16.0,262.9
37251,NVDAm_20251029184142_4,NVDAm,SWEEP_REVERSAL,BUY,-1,2025.10.29 18:41:42,2025.10.29 18:54:42,13,204.87,207.13,226.0,1130.0,0.061,0.818,TP_HIT,206.90325,209.5395,205.3215,0,0.013,1.323,206.90325,0.6,0,0.8,0.825,0,0,0,1,0.0,0,0.639,0.463,1,0.639,0.247,0.189,0.336,0.25,0.0,206.90325,0.719,1.484,1,1,1.0,0,4577,0.238,0.83,0,0.25,0.247,0.189,0.167,0.639,0.8,1,0.825,16.0,262.9
37252,NVDAm_20251029184142_4,NVDAm,SWEEP_REVERSAL,BUY,0,2025.10.29 18:41:43,2025.10.29 18:54:42,12,204.87,207.13,226.0,1125.0,0.061,0.818,TP_HIT,206.90325,209.5395,205.3215,0,0.013,1.323,206.90325,0.6,0,0.8,0.825,0,0,0,1,0.0,0,0.639,0.463,1,0.639,0.247,0.189,0.336,0.25,0.0,206.90325,0.719,1.484,1,1,1.0,0,4577,0.238,0.83,0,0.25,0.247,0.189,0.167,0.639,0.8,1,0.825,16.0,262.9
37253,NVDAm_20251029184142_4,NVDAm,SWEEP_REVERSAL,BUY,1,2025.10.29 18:41:43,2025.10.29 18:54:42,12,204.88,207.13,225.0,1130.0,0.065,0.814,TP_HIT,206.90325,209.5395,205.3215,0,0.013,1.323,206.90325,0.6,0,0.8,0.825,0,0,0,1,0.0,0,0.639,0.463,1,0.639,0.247,0.189,0.336,0.25,0.0,206.90325,0.719,1.484,1,1,1.0,0,4577,0.238,0.83,0,0.25,0.247,0.189,0.167,0.639,0.8,1,0.825,16.0,262.9
37258,NVDAm_20251030100000_5,NVDAm,MEAN_REVERSION,BUY,0,2025.10.30 10:00:00,2025.10.30 10:01:43,1,206.01,205.0,-101.0,-505.0,0.351,0.0,SL_HIT,206.9105,207.318,205.688,0,0.491,0.093,206.9105,0.5,0,0.8,0.825,0,0,0,1,0.0,0,0.661,0.417,1,0.661,0.247,0.23,0.402,0.4,0.0,206.9105,0.716,1.457,1,2,1.0,0,4579,0.615,0.83,0,0.4,0.247,0.23,0.422,0.661,0.8,0,0.825,96.0,279.4
37259,NVDAm_20251030100000_5,NVDAm,MEAN_REVERSION,BUY,1,2025.10.30 10:00:00,2025.10.30 10:02:24,2,206.01,204.88,-113.0,-565.0,0.397,0.0,SL_HIT,206.9105,207.318,205.688,0,0.491,0.093,206.9105,0.5,0,0.8,0.825,0,0,0,1,0.0,0,0.661,0.417,1,0.661,0.247,0.23,0.402,0.4,0.0,206.9105,0.716,1.457,1,2,1.0,0,4579,0.615,0.83,0,0.4,0.247,0.23,0.422,0.661,0.8,0,0.825,96.0,279.4
37263,NVDAm_20251030100330_4,NVDAm,SWEEP_REVERSAL,BUY,0,2025.10.30 10:03:30,2025.10.30 10:07:23,3,205.63,205.05,-58.0,-290.0,0.358,0.0,SL_HIT,206.9105,207.318,205.688,0,0.491,0.093,206.9105,0.5,0,0.8,0.825,0,0,0,1,0.0,0,0.661,0.419,1,0.661,0.247,0.23,0.449,0.4,0.0,206.9105,0.716,1.478,1,2,1.0,0,4579,0.282,0.8,0,0.4,0.247,0.23,0.402,0.661,0.8,0,0.825,96.0,279.4
37264,NVDAm_20251030100330_4,NVDAm,SWEEP_REVERSAL,BUY,1,2025.10.30 10:03:30,2025.10.30 10:10:36,7,205.63,205.07,-56.0,-280.0,0.358,0.0,SL_HIT,206.9105,207.318,205.688,0,0.491,0.093,206.9105,0.5,0,0.8,0.825,0,0,0,1,0.0,0,0.661,0.419,1,0.661,0.247,0.23,0.449,0.4,0.0,206.9105,0.716,1.478,1,2,1.0,0,4579,0.282,0.8,0,0.4,0.247,0.23,0.402,0.661,0.8,0,0.825,96.0,279.4
37268,NVDAm_20251030103819_1,NVDAm,BREAKOUT_RETEST,BUY,0,2025.10.30 10:38:19,2025.10.30 10:38:33,0,206.42,205.63,-79.0,-395.0,0.258,0.0,SL_HIT,206.9105,207.318,205.688,1,0.491,0.093,206.9105,0.5,0,0.8,0.825,0,0,0,1,0.0,0,0.661,0.415,1,0.661,0.247,0.23,0.333,0.4,0.0,206.9105,0.716,1.439,1,2,1.0,0,4579,0.519,1.35,0,0.4,0.247,0.23,0.337,0.661,0.8,0,0.825,64.0,279.4
37267,NVDAm_20251030103819_1,NVDAm,BREAKOUT_RETEST,BUY,-1,2025.10.30 10:38:19,2025.10.30 10:38:39,0,206.42,205.56,-86.0,-430.0,0.283,0.0,SL_HIT,206.9105,207.318,205.688,1,0.491,0.093,206.9105,0.5,0,0.8,0.825,0,0,0,1,0.0,0,0.661,0.415,1,0.661,0.247,0.23,0.333,0.4,0.0,206.9105,0.716,1.439,1,2,1.0,0,4579,0.519,1.35,0,0.4,0.247,0.23,0.337,0.661,0.8,0,0.825,64.0,279.4
37269,NVDAm_20251030103819_1,NVDAm,BREAKOUT_RETEST,BUY,1,2025.10.30 10:38:19,2025.10.30 10:38:39,0,206.42,205.56,-86.0,-430.0,0.283,0.0,SL_HIT,206.9105,207.318,205.688,1,0.491,0.093,206.9105,0.5,0,0.8,0.825,0,0,0,1,0.0,0,0.661,0.415,1,0.661,0.247,0.23,0.333,0.4,0.0,206.9105,0.716,1.439,1,2,1.0,0,4579,0.519,1.35,0,0.4,0.247,0.23,0.337,0.661,0.8,0,0.825,64.0,279.4
37274,NVDAm_20251030121252_5,NVDAm,MEAN_REVERSION,BUY,0,2025.10.30 12:12:52,2025.10.30 12:13:18,0,206.09,205.51,-58.0,-290.0,0.273,0.0,SL_HIT,207.0515,207.302,205.632,0,0.069,0.477,207.0515,0.5,0,0.5,-0.72,0,0,0,1,0.0,0,0.624,0.355,1,0.624,0.216,0.089,0.168,0.0,0.0,207.0515,0.741,0.25,1,1,1.0,0,4581,0.591,0.81,0,0.0,0.216,0.089,0.156,0.624,0.5,0,-0.72,64.0,245.7
37275,NVDAm_20251030121252_5,NVDAm,MEAN_REVERSION,BUY,1,2025.10.30 12:12:52,2025.10.30 12:13:35,0,206.09,205.37,-72.0,-360.0,0.281,0.0,SL_HIT,207.0515,207.302,205.632,0,0.069,0.477,207.0515,0.5,0,0.5,-0.72,0,0,0,1,0.0,0,0.624,0.355,1,0.624,0.216,0.089,0.168,0.0,0.0,207.0515,0.741,0.25,1,1,1.0,0,4581,0.591,0.81,0,0.0,0.216,0.089,0.168,0.624,0.5,0,-0.72,64.0,245.7
37279,NVDAm_20251030121435_4,NVDAm,SWEEP_REVERSAL,BUY,0,2025.10.30 12:14:35,2025.10.30 12:15:17,0,205.67,205.13,-54.0,-270.0,0.244,0.0,SL_HIT,207.0515,207.302,205.632,0,0.069,0.477,207.0515,0.5,0,0.5,-0.72,0,0,0,1,0.0,0,0.624,0.503,2,0.624,0.216,0.089,0.175,0.0,0.0,207.0515,0.741,1.522,1,1,1.0,0,4581,0.148,0.82,0,0.0,0.216,0.089,0.175,0.624,0.5,0,-0.72,64.0,245.7
37280,NVDAm_20251030121435_4,NVDAm,SWEEP_REVERSAL,BUY,1,2025.10.30 12:14:35,2025.10.30 12:15:34,0,205.67,204.98,-69.0,-345.0,0.269,0.0,SL_HIT,207.0515,207.302,205.632,0,0.069,0.477,207.0515,0.5,0,0.5,-0.72,0,0,0,1,0.0,0,0.624,0.503,2,0.624,0.216,0.089,0.175,0.0,0.0,207.0515,0.741,1.522,1,1,1.0,0,4581,0.148,0.82,0,0.0,0.216,0.089,0.175,0.624,0.5,0,-0.72,64.0,245.7
37177,NVDAm_20251029120000_0,NVDAm,BREAKOUT,BUY,-1,2025.10.29 12:00:00,2025.10.30 12:30:36,1470,208.35,204.41,-394.0,-1989.0,1.976,1.89,SL_HIT,199.533,202.296,196.77,0,3.218,1.035,202.603,0.45,1,1.0,1.0,0,0,0,1,0.0,0,0.566,0.464,1,0.566,0.3,0.0,0.184,0.0,0.0,202.603,0.695,1.262,1,2,0.0,0,4571,0.516,1.25,0,0.0,0.216,0.089,0.273,0.624,0.5,0,-0.72,64.0,245.7
37203,NVDAm_20251029160221_4,NVDAm,SWEEP_REVERSAL,BUY,-1,2025.10.29 16:02:21,2025.10.30 12:31:20,1228,206.98,204.36,-262.0,-1329.0,0.991,0.38,SL_HIT,210.4805,211.203,208.313,0,0.51,0.268,209.9025,0.5,0,1.0,0.825,0,0,0,1,0.0,0,0.617,0.323,0,0.617,0.247,0.228,0.411,0.4,0.0,209.9025,0.747,0.599,1,1,1.0,0,4575,0.258,1.18,0,0.0,0.216,0.089,0.273,0.624,0.5,0,-0.72,64.0,245.7
37228,NVDAm_20251029180229_3,NVDAm,TREND_CONTINUATION,BUY,-1,2025.10.29 18:02:29,2025.10.30 12:31:41,1109,207.26,204.1,-316.0,-1599.0,1.187,0.27,SL_HIT,206.90325,209.5395,205.3215,1,0.013,1.323,206.90325,0.6,0,0.8,0.825,0,0,0,1,0.0,0,0.639,0.319,0,0.639,0.247,0.189,0.167,0.25,0.0,205.3215,0.6,0.248,1,1,1.0,0,4577,0.462,1.16,0,0.0,0.216,0.089,0.273,0.624,0.5,0,-0.72,64.0,245.7
37273,NVDAm_20251030121252_5,NVDAm,MEAN_REVERSION,BUY,-1,2025.10.30 12:12:52,2025.10.30 12:31:41,18,206.09,204.1,-199.0,-995.0,0.794,0.0,SL_HIT,207.0515,207.302,205.632,0,0.069,0.477,207.0515,0.5,0,0.5,-0.72,0,0,0,1,0.0,0,0.624,0.355,1,0.624,0.216,0.089,0.168,0.0,0.0,207.0515,0.741,0.25,1,1,1.0,0,4581,0.591,0.81,0,0.0,0.216,0.089,0.273,0.624,0.5,0,-0.72,64.0,245.7
37206,NVDAm_20251029160229_3,NVDAm,TREND_CONTINUATION,BUY,-1,2025.10.29 16:02:29,2025.10.30 12:38:40,1236,206.93,203.79,-314.0,-1589.0,1.191,0.4,SL_HIT,210.4805,211.203,208.313,0,0.51,0.268,209.9025,0.5,0,1.0,0.825,0,0,0,1,0.0,0,0.617,0.324,0,0.617,0.247,0.228,0.411,0.4,0.0,209.9025,0.747,0.607,1,1,1.0,0,4575,0.534,1.0,0,0.0,0.216,0.089,0.273,0.624,0.5,0,-0.72,64.0,245.7
37257,NVDAm_20251030100000_5,NVDAm,MEAN_REVERSION,BUY,-1,2025.10.30 10:00:00,2025.10.30 12:38:43,158,206.01,203.73,-228.0,-1140.0,0.794,0.372,SL_HIT,206.9105,207.318,205.688,0,0.491,0.093,206.9105,0.5,0,0.8,0.825,0,0,0,1,0.0,0,0.661,0.417,1,0.661,0.247,0.23,0.402,0.4,0.0,206.9105,0.716,1.457,1,2,1.0,0,4579,0.615,0.83,0,0.0,0.216,0.089,0.273,0.624,0.5,0,-0.72,64.0,245.7
37278,NVDAm_20251030121435_4,NVDAm,SWEEP_REVERSAL,BUY,-1,2025.10.30 12:14:35,2025.10.30 12:41:30,26,205.67,203.2,-247.0,-1235.0,0.993,0.0,SL_HIT,207.0515,207.302,205.632,0,0.069,0.477,207.0515,0.5,0,0.5,-0.72,0,0,0,1,0.0,0,0.624,0.503,2,0.624,0.216,0.089,0.175,0.0,0.0,207.0515,0.741,1.522,1,1,1.0,0,4581,0.148,0.82,0,0.0,0.216,0.089,0.273,0.624,0.5,0,-0.72,64.0,245.7
37262,NVDAm_20251030100330_4,NVDAm,SWEEP_REVERSAL,BUY,-1,2025.10.30 10:03:30,2025.10.30 12:51:21,167,205.63,202.82,-281.0,-1405.0,0.995,0.508,SL_HIT,206.9105,207.318,205.688,0,0.491,0.093,206.9105,0.5,0,0.8,0.825,0,0,0,1,0.0,0,0.661,0.419,1,0.661,0.247,0.23,0.449,0.4,0.0,206.9105,0.716,1.478,1,2,1.0,0,4579,0.282,0.8,0,0.0,0.216,0.089,0.273,0.624,0.5,0,-0.72,64.0,245.7
37214,NVDAm_20251029160405_2,NVDAm,PULLBACK,BUY,-1,2025.10.29 16:04:05,2025.10.30 13:35:52,1291,206.1,202.2,-390.0,-1969.0,1.491,0.719,SL_HIT,210.4805,211.203,208.313,0,0.51,0.268,209.9025,0.5,0,1.0,0.825,0,0,0,1,0.0,0,0.617,0.342,0,0.617,0.247,0.228,0.432,0.4,0.0,209.9025,0.747,0.761,1,1,1.0,0,4575,0.46,1.02,0,0.15,0.226,0.202,0.341,0.67,0.825,0,-0.755,64.0,256.3
37293,NVDAm_20251030180000_7,NVDAm,ANCHORED_PULLBACK,BUY,0,2025.10.30 18:00:00,2025.10.30 18:00:12,0,204.25,203.99,-26.0,-130.0,0.098,0.0,SL_HIT,203.38125,203.4625,202.1625,0,0.279,0.169,203.38125,0.4,0,1.0,-0.93,0,0,0,0,0.0,0,0.527,0.503,2,0.527,0.279,0.227,0.618,0.15,-0.1067,203.1375,0.55,1.469,1,1,1.0,0,4587,0.389,2.55,0,0.15,0.279,0.227,0.318,0.553,1.0,0,-0.93,16.0,254.4
37294,NVDAm_20251030180000_7,NVDAm,ANCHORED_PULLBACK,BUY,1,2025.10.30 18:00:00,2025.10.30 18:02:38,2,204.25,203.93,-32.0,-160.0,0.118,0.0,SL_HIT,203.38125,203.4625,202.1625,0,0.279,0.169,203.38125,0.4,0,1.0,-0.93,0,0,0,0,0.0,0,0.527,0.503,2,0.527,0.279,0.227,0.618,0.15,-0.1067,203.1375,0.55,1.469,1,1,1.0,0,4587,0.389,2.55,0,0.15,0.279,0.227,0.299,0.553,1.0,0,-0.93,16.0,254.4
37292,NVDAm_20251030180000_7,NVDAm,ANCHORED_PULLBACK,BUY,-1,2025.10.30 18:00:00,2025.10.30 18:04:16,4,204.25,203.88,-37.0,-185.0,0.138,0.0,SL_HIT,203.38125,203.4625,202.1625,0,0.279,0.169,203.38125,0.4,0,1.0,-0.93,0,0,0,0,0.0,0,0.527,0.503,2,0.527,0.279,0.227,0.618,0.15,-0.1067,203.1375,0.55,1.469,1,1,1.0,0,4587,0.389,2.55,0,0.15,0.279,0.227,0.299,0.553,1.0,0,-0.93,16.0,254.4
37299,NVDAm_20251031100000_0,NVDAm,BREAKOUT,BUY,0,2025.10.31 10:00:00,2025.10.31 10:14:40,14,207.65,206.39,-126.0,-630.0,0.598,0.0,SL_HIT,203.40275,203.768,202.307,0,1.444,0.588,202.42875,0.3,0,1.0,-0.825,0,0,0,0,0.0,2,0.898,0.531,2,0.641,0.947,0.244,0.397,0.25,0.1213,203.40275,0.7,1.121,1,2,1.0,0,4589,0.633,1.62,0,0.25,0.247,0.244,0.4,0.657,1.0,0,-0.825,96.0,227.6
37300,NVDAm_20251031100000_0,NVDAm,BREAKOUT,BUY,1,2025.10.31 10:00:00,2025.10.31 10:16:40,16,207.65,206.28,-137.0,-685.0,0.598,0.0,SL_HIT,203.40275,203.768,202.307,0,1.444,0.588,202.42875,0.3,0,1.0,-0.825,0,0,0,0,0.0,2,0.898,0.531,2,0.641,0.947,0.244,0.397,0.25,0.1213,203.40275,0.7,1.121,1,2,1.0,0,4589,0.633,1.62,0,0.25,0.247,0.244,0.4,0.657,1.0,0,-0.825,96.0,227.6
37304,NVDAm_20251031120000_0,NVDAm,BREAKOUT,BUY,0,2025.10.31 12:00:00,2025.10.31 12:01:35,1,207.42,206.88,-54.0,-270.0,0.314,0.0,SL_HIT,203.523,204.178,202.344,0,1.3,0.677,203.523,0.35,1,0.675,0.685,0,0,0,0,0.0,2,1.0,0.542,2,0.719,0.906,0.0,0.114,0.0,0.1246,203.523,0.743,0.786,1,2,0.994,0,4591,0.538,1.79,4,0.0,0.206,0.0,0.192,0.719,0.675,0,0.685,64.0,210.2
37307,NVDAm_20251031120006_3,NVDAm,TREND_CONTINUATION,BUY,0,2025.10.31 12:00:06,2025.10.31 12:01:35,1,207.41,206.88,-53.0,-265.0,0.309,0.0,SL_HIT,203.523,204.178,202.344,0,1.3,0.677,203.523,0.35,1,0.675,0.685,0,0,0,0,0.0,4,0.616,0.436,1,0.719,0.206,0.0,0.114,0.0,0.0,203.523,0.743,0.706,1,2,0.994,0,4591,0.439,1.79,4,0.0,0.206,0.0,0.192,0.719,0.675,0,0.685,64.0,210.2
37305,NVDAm_20251031120000_0,NVDAm,BREAKOUT,BUY,1,2025.10.31 12:00:00,2025.10.31 12:02:34,2,207.42,206.77,-65.0,-325.0,0.314,0.0,SL_HIT,203.523,204.178,202.344,0,1.3,0.677,203.523,0.35,1,0.675,0.685,0,0,0,0,0.0,2,1.0,0.542,2,0.719,0.906,0.0,0.114,0.0,0.1246,203.523,0.743,0.786,1,2,0.994,0,4591,0.538,1.79,4,0.0,0.206,0.0,0.114,0.719,0.675,0,0.685,64.0,210.2
37308,NVDAm_20251031120006_3,NVDAm,TREND_CONTINUATION,BUY,1,2025.10.31 12:00:06,2025.10.31 12:02:34,2,207.41,206.77,-64.0,-320.0,0.309,0.0,SL_HIT,203.523,204.178,202.344,0,1.3,0.677,203.523,0.35,1,0.675,0.685,0,0,0,0,0.0,4,0.616,0.436,1,0.719,0.206,0.0,0.114,0.0,0.0,203.523,0.743,0.706,1,2,0.994,0,4591,0.439,1.79,4,0.0,0.206,0.0,0.114,0.719,0.675,0,0.685,64.0,210.2
37314,NVDAm_20251031130000_2,NVDAm,PULLBACK,BUY,0,2025.10.31 13:00:00,2025.10.31 13:21:37,21,207.1,206.24,-86.0,-430.0,0.466,0.0,SL_HIT,202.4875,206.626,201.82,1,0.017,0.667,202.4875,0.9,0,0.75,0.72,2,0,0,0,0.0,2,1.0,0.587,2,0.17,0.916,0.0,0.008,0.0,1.5224,202.4875,0.753,0.924,1,2,0.994,0,4592,0.797,1.35,0,0.0,0.216,0.0,0.234,0.47,0.75,1,0.72,64.0,195.2
37315,NVDAm_20251031130000_2,NVDAm,PULLBACK,BUY,1,2025.10.31 13:00:00,2025.10.31 13:29:34,29,207.1,206.14,-96.0,-480.0,0.466,0.0,SL_HIT,202.4875,206.626,201.82,1,0.017,0.667,202.4875,0.9,0,0.75,0.72,2,0,0,0,0.0,2,1.0,0.587,2,0.17,0.916,0.0,0.008,0.0,1.5224,202.4875,0.753,0.924,1,2,0.994,0,4592,0.797,1.35,0,0.0,0.216,0.0,0.234,0.47,0.75,1,0.72,64.0,195.2
37319,NVDAm_20251031140017_5,NVDAm,MEAN_REVERSION,BUY,0,2025.10.31 14:00:17,2025.10.31 14:40:26,40,205.33,206.13,80.0,400.0,0.4,0.492,TRAIL_STOP,206.53075,207.118,206.2045,0,0.625,0.023,205.61725,0.35,0,0.55,0.755,0,0,0,0,0.0,0,0.739,0.302,0,0.739,0.226,0.053,0.348,0.15,0.0,206.53075,0.7,0.324,1,2,0.994,0,4593,0.618,0.87,0,0.15,0.226,0.053,0.304,0.739,0.55,0,0.755,16.0,195.1
37322,NVDAm_20251031143739_3,NVDAm,TREND_CONTINUATION,BUY,0,2025.10.31 14:37:39,2025.10.31 14:40:26,2,206.38,206.13,-25.0,-125.0,0.159,0.0,SL_HIT,206.53075,207.118,206.2045,1,0.625,0.023,205.61725,0.35,0,0.55,0.755,0,0,0,0,0.0,0,0.739,0.278,0,0.739,0.226,0.053,0.21,0.15,0.0,205.61725,0.712,0.116,1,2,0.994,0,4593,0.355,2.08,0,0.15,0.226,0.053,0.304,0.739,0.55,0,0.755,16.0,195.1
37325,NVDAm_20251031143840_1,NVDAm,BREAKOUT_RETEST,BUY,0,2025.10.31 14:38:40,2025.10.31 14:40:26,1,206.42,206.13,-29.0,-145.0,0.169,0.0,SL_HIT,206.53075,207.118,206.2045,1,0.625,0.023,205.61725,0.35,0,0.55,0.755,0,0,0,0,0.0,0,0.739,0.279,0,0.739,0.226,0.053,0.21,0.15,0.0,205.61725,0.712,0.123,1,2,0.994,0,4593,0.372,2.25,0,0.15,0.226,0.053,0.304,0.739,0.55,0,0.755,16.0,195.1
37320,NVDAm_20251031140017_5,NVDAm,MEAN_REVERSION,BUY,1,2025.10.31 14:00:17,2025.10.31 14:40:39,40,205.33,206.01,68.0,340.0,0.4,0.492,TRAIL_STOP,206.53075,207.118,206.2045,0,0.625,0.023,205.61725,0.35,0,0.55,0.755,0,0,0,0,0.0,0,0.739,0.302,0,0.739,0.226,0.053,0.348,0.15,0.0,206.53075,0.7,0.324,1,2,0.994,0,4593,0.618,0.87,0,0.15,0.226,0.053,0.336,0.739,0.55,0,0.755,16.0,195.1
37323,NVDAm_20251031143739_3,NVDAm,TREND_CONTINUATION,BUY,1,2025.10.31 14:37:39,2025.10.31 14:40:39,3,206.38,206.01,-37.0,-185.0,0.179,0.0,SL_HIT,206.53075,207.118,206.2045,1,0.625,0.023,205.61725,0.35,0,0.55,0.755,0,0,0,0,0.0,0,0.739,0.278,0,0.739,0.226,0.053,0.21,0.15,0.0,205.61725,0.712,0.116,1,2,0.994,0,4593,0.355,2.08,0,0.15,0.226,0.053,0.336,0.739,0.55,0,0.755,16.0,195.1
37326,NVDAm_20251031143840_1,NVDAm,BREAKOUT_RETEST,BUY,1,2025.10.31 14:38:40,2025.10.31 14:40:39,1,206.42,206.01,-41.0,-205.0,0.2,0.0,SL_HIT,206.53075,207.118,206.2045,1,0.625,0.023,205.61725,0.35,0,0.55,0.755,0,0,0,0,0.0,0,0.739,0.279,0,0.739,0.226,0.053,0.21,0.15,0.0,205.61725,0.712,0.123,1,2,0.994,0,4593,0.372,2.25,0,0.15,0.226,0.053,0.336,0.739,0.55,0,0.755,16.0,195.1
37324,NVDAm_20251031143840_1,NVDAm,BREAKOUT_RETEST,BUY,-1,2025.10.31 14:38:40,2025.10.31 14:55:35,16,206.42,205.83,-59.0,-295.0,0.292,0.056,SL_HIT,206.53075,207.118,206.2045,1,0.625,0.023,205.61725,0.35,0,0.55,0.755,0,0,0,0,0.0,0,0.739,0.279,0,0.739,0.226,0.053,0.21,0.15,0.0,205.61725,0.712,0.123,1,2,0.994,0,4593,0.372,2.25,0,0.15,0.226,0.053,0.328,0.739,0.55,0,0.755,16.0,195.1
37335,NVDAm_20251031150000_2,NVDAm,PULLBACK,BUY,0,2025.10.31 15:00:00,2025.10.31 15:00:26,0,206.54,206.33,-21.0,-105.0,0.1,0.0,SL_HIT,206.48125,206.713,205.168,1,0.027,0.436,205.55425,0.5,0,0.6,0.615,0,0,0,0,0.0,2,1.0,0.41,1,0.623,0.885,0.339,0.267,0.55,0.3153,205.55425,0.746,0.243,1,2,0.994,0,4594,0.698,1.89,0,0.25,0.185,0.234,0.147,0.638,0.6,1,0.615,16.0,200.3
37336,NVDAm_20251031150000_2,NVDAm,PULLBACK,BUY,1,2025.10.31 15:00:00,2025.10.31 15:00:39,0,206.54,206.21,-33.0,-165.0,0.145,0.0,SL_HIT,206.48125,206.713,205.168,1,0.027,0.436,205.55425,0.5,0,0.6,0.615,0,0,0,0,0.0,2,1.0,0.41,1,0.623,0.885,0.339,0.267,0.55,0.3153,205.55425,0.746,0.243,1,2,0.994,0,4594,0.698,1.89,0,0.25,0.185,0.234,0.245,0.638,0.6,1,0.615,16.0,200.3
37303,NVDAm_20251031120000_0,NVDAm,BREAKOUT,BUY,-1,2025.10.31 12:00:00,2025.10.31 15:48:37,228,207.42,204.48,-294.0,-1470.0,1.394,0.105,SL_HIT,203.523,204.178,202.344,0,1.3,0.677,203.523,0.35,1,0.675,0.685,0,0,0,0,0.0,2,1.0,0.542,2,0.719,0.906,0.0,0.114,0.0,0.1246,203.523,0.743,0.786,1,2,0.994,0,4591,0.538,1.79,0,0.25,0.185,0.234,0.389,0.638,0.6,0,0.615,16.0,200.3
37306,NVDAm_20251031120006_3,NVDAm,TREND_CONTINUATION,BUY,-1,2025.10.31 12:00:06,2025.10.31 15:48:37,228,207.41,204.48,-293.0,-1465.0,1.389,0.109,SL_HIT,203.523,204.178,202.344,0,1.3,0.677,203.523,0.35,1,0.675,0.685,0,0,0,0,0.0,4,0.616,0.436,1,0.719,0.206,0.0,0.114,0.0,0.0,203.523,0.743,0.706,1,2,0.994,0,4591,0.439,1.79,0,0.25,0.185,0.234,0.389,0.638,0.6,0,0.615,16.0,200.3
37298,NVDAm_20251031100000_0,NVDAm,BREAKOUT,BUY,-1,2025.10.31 10:00:00,2025.10.31 15:55:25,355,207.65,204.14,-351.0,-1755.0,1.538,0.0,SL_HIT,203.40275,203.768,202.307,0,1.444,0.588,202.42875,0.3,0,1.0,-0.825,0,0,0,0,0.0,2,0.898,0.531,2,0.641,0.947,0.244,0.397,0.25,0.1213,203.40275,0.7,1.121,1,2,1.0,0,4589,0.633,1.62,0,0.25,0.185,0.234,0.389,0.638,0.6,0,0.615,16.0,200.3
37321,NVDAm_20251031143739_3,NVDAm,TREND_CONTINUATION,BUY,-1,2025.10.31 14:37:39,2025.10.31 15:55:34,77,206.38,204.03,-235.0,-1175.0,1.194,0.077,SL_HIT,206.53075,207.118,206.2045,1,0.625,0.023,205.61725,0.35,0,0.55,0.755,0,0,0,0,0.0,0,0.739,0.278,0,0.739,0.226,0.053,0.21,0.15,0.0,205.61725,0.712,0.116,1,2,0.994,0,4593,0.355,2.08,0,0.25,0.185,0.234,0.389,0.638,0.6,0,0.615,16.0,200.3
37318,NVDAm_20251031140017_5,NVDAm,MEAN_REVERSION,BUY,-1,2025.10.31 14:00:17,2025.10.31 15:59:45,119,205.33,203.76,-157.0,-785.0,0.794,0.615,SL_HIT,206.53075,207.118,206.2045,0,0.625,0.023,205.61725,0.35,0,0.55,0.755,0,0,0,0,0.0,0,0.739,0.302,0,0.739,0.226,0.053,0.348,0.15,0.0,206.53075,0.7,0.324,1,2,0.994,0,4593,0.618,0.87,0,0.25,0.185,0.234,0.389,0.638,0.6,0,0.615,16.0,200.3
37344,NVDAm_20251031155537_4,NVDAm,SWEEP_REVERSAL,BUY,0,2025.10.31 15:55:37,2025.10.31 16:00:05,4,204.11,203.55,-56.0,-280.0,0.245,0.02,SL_HIT,206.48125,206.713,205.168,0,0.027,0.436,205.55425,0.5,0,0.6,0.615,0,0,0,0,0.0,0,0.638,0.366,1,0.638,0.185,0.234,0.389,0.25,0.0,205.55425,0.746,0.562,1,2,0.994,0,4594,0.225,0.8,0,0.4,0.195,0.293,0.437,0.633,0.975,0,0.65,16.0,210.1
37334,NVDAm_20251031150000_2,NVDAm,PULLBACK,BUY,-1,2025.10.31 15:00:00,2025.10.31 16:00:05,60,206.54,203.54,-300.0,-1500.0,1.493,0.0,SL_HIT,206.48125,206.713,205.168,1,0.027,0.436,205.55425,0.5,0,0.6,0.615,0,0,0,0,0.0,2,1.0,0.41,1,0.623,0.885,0.339,0.267,0.55,0.3153,205.55425,0.746,0.243,1,2,0.994,0,4594,0.698,1.89,0,0.4,0.195,0.293,0.437,0.633,0.975,0,0.65,16.0,210.1
37345,NVDAm_20251031155537_4,NVDAm,SWEEP_REVERSAL,BUY,1,2025.10.31 15:55:37,2025.10.31 16:00:16,4,204.11,203.43,-68.0,-340.0,0.3,0.02,SL_HIT,206.48125,206.713,205.168,0,0.027,0.436,205.55425,0.5,0,0.6,0.615,0,0,0,0,0.0,0,0.638,0.366,1,0.638,0.185,0.234,0.389,0.25,0.0,205.55425,0.746,0.562,1,2,0.994,0,4594,0.225,0.8,0,0.4,0.195,0.293,0.437,0.633,0.975,0,0.65,16.0,210.1
37351,NVDAm_20251031160017_5,NVDAm,MEAN_REVERSION,BUY,0,2025.10.31 16:00:17,2025.10.31 16:00:27,0,203.58,203.31,-27.0,-135.0,0.09,0.0,SL_HIT,205.165,206.65,204.868,0,0.707,0.047,205.165,0.45,0,0.975,0.65,0,0,0,0,0.0,0,0.633,0.509,2,0.633,0.195,0.293,0.437,0.4,0.0,205.165,0.752,1.679,1,1,0.99,0,4595,0.647,1.04,0,0.4,0.195,0.293,0.437,0.633,0.975,0,0.65,16.0,210.1
37352,NVDAm_20251031160017_5,NVDAm,MEAN_REVERSION,BUY,1,2025.10.31 16:00:17,2025.10.31 16:00:36,0,203.58,203.26,-32.0,-160.0,0.148,0.0,SL_HIT,205.165,206.65,204.868,0,0.707,0.047,205.165,0.45,0,0.975,0.65,0,0,0,0,0.0,0,0.633,0.509,2,0.633,0.195,0.293,0.437,0.4,0.0,205.165,0.752,1.679,1,1,0.99,0,4595,0.647,1.04,0,0.4,0.195,0.293,0.437,0.633,0.975,0,0.65,16.0,210.1
37313,NVDAm_20251031130000_2,NVDAm,PULLBACK,BUY,-1,2025.10.31 13:00:00,2025.10.31 16:41:37,221,207.1,202.92,-418.0,-2090.0,2.131,0.277,SL_HIT,202.4875,206.626,201.82,1,0.017,0.667,202.4875,0.9,0,0.75,0.72,2,0,0,0,0.0,2,1.0,0.587,2,0.17,0.916,0.0,0.008,0.0,1.5224,202.4875,0.753,0.924,1,2,0.994,0,4592,0.797,1.35,0,0.4,0.195,0.293,0.437,0.633,0.975,0,0.65,16.0,210.1
37357,NVDAm_20251031165437_3,NVDAm,TREND_CONTINUATION,BUY,0,2025.10.31 16:54:37,2025.10.31 16:56:00,1,202.79,202.78,-1.0,-5.0,0.1,0.033,SL_HIT,205.165,206.65,204.868,0,0.707,0.047,205.165,0.45,0,0.975,0.65,0,0,0,0,0.0,0,0.633,0.489,1,0.633,0.195,0.293,0.437,0.4,0.0,205.165,0.752,1.514,1,1,0.99,0,4595,0.556,1.01,0,0.4,0.195,0.293,0.437,0.633,0.975,0,0.65,16.0,210.1
37358,NVDAm_20251031165437_3,NVDAm,TREND_CONTINUATION,BUY,1,2025.10.31 16:54:37,2025.10.31 16:58:26,3,202.79,202.66,-13.0,-65.0,0.1,0.033,SL_HIT,205.165,206.65,204.868,0,0.707,0.047,205.165,0.45,0,0.975,0.65,0,0,0,0,0.0,0,0.633,0.489,1,0.633,0.195,0.293,0.437,0.4,0.0,205.165,0.752,1.514,1,1,0.99,0,4595,0.556,1.01,0,0.4,0.195,0.293,0.437,0.633,0.975,0,0.65,16.0,210.1
37362,NVDAm_20251031170431_2,NVDAm,PULLBACK,BUY,0,2025.10.31 17:04:31,2025.10.31 17:04:39,0,202.42,202.2,-22.0,-110.0,0.103,0.0,SL_HIT,205.19375,207.125,204.2925,0,1.298,0.026,205.19375,0.55,0,1.0,0.685,0,0,0,0,0.0,0,0.651,0.449,1,0.651,0.206,0.229,0.417,0.4,0.0,205.19375,0.76,1.517,1,1,0.99,0,4596,0.474,1.01,0,0.4,0.206,0.229,0.417,0.651,1.0,0,0.685,16.0,194.4
37363,NVDAm_20251031170431_2,NVDAm,PULLBACK,BUY,1,2025.10.31 17:04:31,2025.10.31 17:06:29,1,202.42,202.18,-24.0,-120.0,0.149,0.0,SL_HIT,205.19375,207.125,204.2925,0,1.298,0.026,205.19375,0.55,0,1.0,0.685,0,0,0,0,0.0,0,0.651,0.449,1,0.651,0.206,0.229,0.417,0.4,0.0,205.19375,0.76,1.517,1,1,0.99,0,4596,0.474,1.01,0,0.4,0.206,0.229,0.417,0.651,1.0,0,0.685,16.0,194.4
37343,NVDAm_20251031155537_4,NVDAm,SWEEP_REVERSAL,BUY,-1,2025.10.31 15:55:37,2025.10.31 17:06:30,70,204.11,202.11,-200.0,-1000.0,0.989,0.085,SL_HIT,206.48125,206.713,205.168,0,0.027,0.436,205.55425,0.5,0,0.6,0.615,0,0,0,0,0.0,0,0.638,0.366,1,0.638,0.185,0.234,0.389,0.25,0.0,205.55425,0.746,0.562,1,2,0.994,0,4594,0.225,0.8,0,0.4,0.206,0.229,0.417,0.651,1.0,0,0.685,16.0,194.4
37368,NVDAm_20251031175537_4,NVDAm,SWEEP_REVERSAL,BUY,0,2025.10.31 17:55:37,2025.10.31 17:56:03,0,203.62,203.43,-19.0,-95.0,0.093,0.0,SL_HIT,205.19375,207.125,204.2925,0,1.298,0.026,205.19375,0.55,0,1.0,0.685,0,0,0,0,0.0,0,0.651,0.32,0,0.651,0.206,0.229,0.364,0.4,0.0,205.19375,0.76,0.412,1,1,0.99,0,4596,0.257,0.89,0,0.4,0.206,0.229,0.364,0.651,1.0,0,0.685,16.0,194.4
37369,NVDAm_20251031175537_4,NVDAm,SWEEP_REVERSAL,BUY,1,2025.10.31 17:55:37,2025.10.31 17:57:53,2,203.62,203.35,-27.0,-135.0,0.134,0.0,SL_HIT,205.19375,207.125,204.2925,0,1.298,0.026,205.19375,0.55,0,1.0,0.685,0,0,0,0,0.0,0,0.651,0.32,0,0.651,0.206,0.229,0.364,0.4,0.0,205.19375,0.76,0.412,1,1,0.99,0,4596,0.257,0.89,0,0.4,0.206,0.229,0.364,0.651,1.0,0,0.685,16.0,194.4
37373,NVDAm_20251031180017_5,NVDAm,MEAN_REVERSION,BUY,0,2025.10.31 18:00:17,2025.10.31 18:02:02,1,203.49,203.64,15.0,75.0,0.091,0.12,TRAIL_STOP,205.287,206.53,203.366,0,0.21,0.597,205.287,0.7,0,0.697,0.4344,0,0,0,0,0.0,0,0.709,0.347,0,0.709,0.13,0.088,0.206,0.25,0.0,202.688,0.55,0.393,1,1,0.99,0,4597,0.649,2.78,0,0.25,0.13,0.088,0.161,0.709,0.697,1,0.4344,16.0,175.5
37376,NVDAm_20251031180023_0,NVDAm,BREAKOUT,BUY,0,2025.10.31 18:00:23,2025.10.31 18:02:02,1,203.54,203.64,10.0,50.0,0.085,0.091,TRAIL_STOP,205.287,206.53,203.366,1,0.21,0.597,205.287,0.7,0,0.697,0.4344,0,0,0,0,0.0,0,0.709,0.346,0,0.709,0.13,0.088,0.209,0.25,0.0,202.688,0.55,0.385,1,1,0.99,0,4597,0.295,1.67,0,0.25,0.13,0.088,0.161,0.709,0.697,1,0.4344,16.0,175.5
37379,NVDAm_20251031180104_1,NVDAm,BREAKOUT_RETEST,BUY,0,2025.10.31 18:01:04,2025.10.31 18:02:02,0,203.7,203.64,-6.0,-30.0,0.097,0.0,SL_HIT,205.287,206.53,203.366,1,0.21,0.597,205.287,0.7,0,0.697,0.4344,0,0,0,0,0.0,0,0.709,0.342,0,0.709,0.13,0.088,0.209,0.25,0.0,202.688,0.55,0.353,1,1,0.99,0,4597,0.42,8.68,0,0.25,0.13,0.088,0.161,0.709,0.697,1,0.4344,16.0,175.5
37374,NVDAm_20251031180017_5,NVDAm,MEAN_REVERSION,BUY,1,2025.10.31 18:00:17,2025.10.31 18:02:34,2,203.49,203.54,5.0,25.0,0.091,0.12,TRAIL_STOP,205.287,206.53,203.366,0,0.21,0.597,205.287,0.7,0,0.697,0.4344,0,0,0,0,0.0,0,0.709,0.347,0,0.709,0.13,0.088,0.206,0.25,0.0,202.688,0.55,0.393,1,1,0.99,0,4597,0.649,2.78,0,0.25,0.13,0.088,0.209,0.709,0.697,1,0.4344,16.0,175.5
37377,NVDAm_20251031180023_0,NVDAm,BREAKOUT,BUY,1,2025.10.31 18:00:23,2025.10.31 18:02:34,2,203.54,203.54,0.0,0.0,0.085,0.091,TRAIL_STOP,205.287,206.53,203.366,1,0.21,0.597,205.287,0.7,0,0.697,0.4344,0,0,0,0,0.0,0,0.709,0.346,0,0.709,0.13,0.088,0.209,0.25,0.0,202.688,0.55,0.385,1,1,0.99,0,4597,0.295,1.67,0,0.25,0.13,0.088,0.209,0.709,0.697,1,0.4344,16.0,175.5
37380,NVDAm_20251031180104_1,NVDAm,BREAKOUT_RETEST,BUY,1,2025.10.31 18:01:04,2025.10.31 18:02:34,1,203.7,203.54,-16.0,-80.0,0.097,0.0,SL_HIT,205.287,206.53,203.366,1,0.21,0.597,205.287,0.7,0,0.697,0.4344,0,0,0,0,0.0,0,0.709,0.342,0,0.709,0.13,0.088,0.209,0.25,0.0,202.688,0.55,0.353,1,1,0.99,0,4597,0.42,8.68,0,0.25,0.13,0.088,0.209,0.709,0.697,1,0.4344,16.0,175.5
37388,NVDAm_20251031185437_3,NVDAm,TREND_CONTINUATION,BUY,0,2025.10.31 18:54:37,2025.10.31 18:55:37,1,203.75,203.63,-12.0,-60.0,0.103,0.0,SL_HIT,205.287,206.53,203.366,1,0.21,0.597,205.287,0.7,0,0.697,0.4344,0,0,0,0,0.0,0,0.709,0.341,0,0.709,0.13,0.088,0.209,0.25,0.0,202.688,0.55,0.343,1,1,0.99,0,4597,0.392,2.08,0,0.25,0.13,0.088,0.161,0.709,0.697,1,0.4344,16.0,175.5
37389,NVDAm_20251031185437_3,NVDAm,TREND_CONTINUATION,BUY,1,2025.10.31 18:54:37,2025.10.31 18:56:16,1,203.75,203.53,-22.0,-110.0,0.114,0.0,SL_HIT,205.287,206.53,203.366,1,0.21,0.597,205.287,0.7,0,0.697,0.4344,0,0,0,0,0.0,0,0.709,0.341,0,0.709,0.13,0.088,0.209,0.25,0.0,202.688,0.55,0.343,1,1,0.99,0,4597,0.392,2.08,0,0.25,0.13,0.088,0.209,0.709,0.697,1,0.4344,16.0,175.5
37350,NVDAm_20251031160017_5,NVDAm,MEAN_REVERSION,BUY,-1,2025.10.31 16:00:17,2025.11.03 11:05:28,4025,203.58,205.34,176.0,823.0,0.747,0.828,TP_HIT,205.165,206.65,204.868,0,0.707,0.047,205.165,0.45,0,0.975,0.65,0,0,0,0,0.0,0,0.633,0.509,2,0.633,0.195,0.293,0.437,0.4,0.0,205.165,0.752,1.679,1,1,0.99,0,4595,0.647,1.04,0,0.4,0.164,0.258,0.456,0.755,0.5,0,-0.545,96.0,157.6
37356,NVDAm_20251031165437_3,NVDAm,TREND_CONTINUATION,BUY,-1,2025.10.31 16:54:37,2025.11.03 11:05:28,3970,202.79,205.34,255.0,1218.0,0.371,1.204,TP_HIT,205.165,206.65,204.868,0,0.707,0.047,205.165,0.45,0,0.975,0.65,0,0,0,0,0.0,0,0.633,0.489,1,0.633,0.195,0.293,0.437,0.4,0.0,205.165,0.752,1.514,1,1,0.99,0,4595,0.556,1.01,0,0.4,0.164,0.258,0.456,0.755,0.5,0,-0.545,96.0,157.6
37361,NVDAm_20251031170431_2,NVDAm,PULLBACK,BUY,-1,2025.10.31 17:04:31,2025.11.03 11:05:31,3961,202.42,205.35,293.0,1408.0,0.211,1.502,TP_HIT,205.19375,207.125,204.2925,0,1.298,0.026,205.19375,0.55,0,1.0,0.685,0,0,0,0,0.0,0,0.651,0.449,1,0.651,0.206,0.229,0.417,0.4,0.0,205.19375,0.76,1.517,1,1,0.99,0,4596,0.474,1.01,0,0.4,0.164,0.258,0.456,0.755,0.5,0,-0.545,96.0,157.6
37367,NVDAm_20251031175537_4,NVDAm,SWEEP_REVERSAL,BUY,-1,2025.10.31 17:55:37,2025.11.03 11:05:31,3909,203.62,205.35,173.0,808.0,0.252,0.885,TP_HIT,205.19375,207.125,204.2925,0,1.298,0.026,205.19375,0.55,0,1.0,0.685,0,0,0,0,0.0,0,0.651,0.32,0,0.651,0.206,0.229,0.364,0.4,0.0,205.19375,0.76,0.412,1,1,0.99,0,4596,0.257,0.89,0,0.4,0.164,0.258,0.456,0.755,0.5,0,-0.545,96.0,157.6
37372,NVDAm_20251031180017_5,NVDAm,MEAN_REVERSION,BUY,-1,2025.10.31 18:00:17,2025.11.03 11:07:22,3907,203.49,205.48,199.0,938.0,0.142,1.111,TP_HIT,205.287,206.53,203.366,0,0.21,0.597,205.287,0.7,0,0.697,0.4344,0,0,0,0,0.0,0,0.709,0.347,0,0.709,0.13,0.088,0.206,0.25,0.0,202.688,0.55,0.393,1,1,0.99,0,4597,0.649,2.78,0,0.4,0.164,0.258,0.456,0.755,0.5,0,-0.545,96.0,157.6
37375,NVDAm_20251031180023_0,NVDAm,BREAKOUT,BUY,-1,2025.10.31 18:00:23,2025.11.03 14:00:39,4080,203.54,207.94,440.0,2143.0,0.171,2.49,TP_HIT,205.287,206.53,203.366,1,0.21,0.597,205.287,0.7,0,0.697,0.4344,0,0,0,0,0.0,0,0.709,0.346,0,0.709,0.13,0.088,0.209,0.25,0.0,202.688,0.55,0.385,1,1,0.99,0,4597,0.295,1.67,0,0.25,0.178,0.088,0.29,0.574,0.892,0,-0.5949,64.0,150.7
37387,NVDAm_20251031185437_3,NVDAm,TREND_CONTINUATION,BUY,-1,2025.10.31 18:54:37,2025.11.03 14:05:36,4030,203.75,208.2,445.0,2168.0,0.274,2.496,TP_HIT,205.287,206.53,203.366,1,0.21,0.597,205.287,0.7,0,0.697,0.4344,0,0,0,0,0.0,0,0.709,0.341,0,0.709,0.13,0.088,0.209,0.25,0.0,202.688,0.55,0.343,1,1,0.99,0,4597,0.392,2.08,0,0.25,0.178,0.088,0.29,0.574,0.892,0,-0.5949,64.0,150.7
37378,NVDAm_20251031180104_1,NVDAm,BREAKOUT_RETEST,BUY,-1,2025.10.31 18:01:04,2025.11.03 14:30:38,4109,203.7,208.29,459.0,2238.0,0.262,2.587,TP_HIT,205.287,206.53,203.366,1,0.21,0.597,205.287,0.7,0,0.697,0.4344,0,0,0,0,0.0,0,0.709,0.342,0,0.709,0.13,0.088,0.209,0.25,0.0,202.688,0.55,0.353,1,1,0.99,0,4597,0.42,8.68,0,0.25,0.178,0.088,0.29,0.574,0.892,0,-0.5949,64.0,150.7
