ticket,signalId,symbol,setupType,direction,trailStyle,entryTime,exitTime,holdingMinutes,entryPrice,exitPrice,profitPips,profitUSD,maeATR,mfeATR,exitReason,entryVpPOC,entryVpVAH,entryVpVAL,entryVpInsideVA,entryVpDistHVN,entryVpDistLVN,entryVpBestHVN,entryVpThinnessRatio,entryVpOverlapBias,entryVpMigrationConf,entryVpDevPOCDir,entryVpProfileShape,entryVpUpthrust,entryVpSpring,entryVpCompPosition,entryVpBreakoutPOC,entryAuctRegime,entryAuctRegimeConf,entryAuctTradeQuality,entryAuctTradeGrade,entryAuctBalance,entryAuctContinuation,entryAuctReversalRisk,entryAuctExhaustion,entryAuctFailure,entryAuctVAExpRate,entryAuctTargetPrice,entryAuctTargetConf,entryAuctExpReward,entryLTValid,entryLTPOCMigration,entryLTNearestZoneStrength,entryArchetype,entryProfilerSamples,thesis,riskReward,exitAuctRegime,exitAuctFailure,exitAuctContinuation,exitAuctReversalRisk,exitAuctExhaustion,exitAuctBalance,exitVpMigrationConf,exitVpInsideVA,exitVpDevPOCDir,exitSpreadPoints,exitAtrProxy
32125,LMTm_20260302170004_5,LMTm,MEAN_REVERSION,BUY,0,2026.03.02 17:00:04,2026.03.02 17:01:08,1,669.04,668.42,-62.0,-310.0,0.178,0.0,SL_HIT,673.8485,680.837,668.413,0,0.487,1.151,673.8485,0.4,0,0.75,0.895,0,0,0,1,0.0,0,0.608,0.356,1,0.608,0.269,0.0,0.279,0.0,0.0,673.8485,0.741,0.517,1,2,0.0,0,3773,0.569,1.26,0,0.0,0.269,0.0,0.22,0.608,0.75,1,0.895,93.0,568.8
32126,LMTm_20260302170004_5,LMTm,MEAN_REVERSION,BUY,1,2026.03.02 17:00:04,2026.03.02 17:02:44,2,669.04,668.38,-66.0,-330.0,0.178,0.0,SL_HIT,673.8485,680.837,668.413,0,0.487,1.151,673.8485,0.4,0,0.75,0.895,0,0,0,1,0.0,0,0.608,0.356,1,0.608,0.269,0.0,0.279,0.0,0.0,673.8485,0.741,0.517,1,2,0.0,0,3773,0.569,1.26,0,0.0,0.269,0.0,0.279,0.608,0.75,0,0.895,95.0,568.8
32130,LMTm_20260302170902_3,LMTm,TREND_CONTINUATION,BUY,0,2026.03.02 17:09:02,2026.03.02 17:09:44,0,667.76,666.48,-128.0,-640.0,0.202,0.0,SL_HIT,673.8485,680.837,668.413,0,0.487,1.151,673.8485,0.4,0,0.75,0.895,0,0,0,1,0.0,0,0.608,0.358,1,0.608,0.269,0.0,0.279,0.0,0.0,673.8485,0.741,0.532,1,2,0.0,0,3773,0.464,1.01,0,0.0,0.269,0.0,0.3,0.608,0.75,0,0.895,92.0,568.8
32131,LMTm_20260302170902_3,LMTm,TREND_CONTINUATION,BUY,1,2026.03.02 17:09:02,2026.03.02 17:09:44,0,667.76,666.15,-161.0,-805.0,0.253,0.0,SL_HIT,673.8485,680.837,668.413,0,0.487,1.151,673.8485,0.4,0,0.75,0.895,0,0,0,1,0.0,0,0.608,0.358,1,0.608,0.269,0.0,0.279,0.0,0.0,673.8485,0.741,0.532,1,2,0.0,0,3773,0.464,1.01,0,0.0,0.269,0.0,0.3,0.608,0.75,0,0.895,92.0,568.8
32135,LMTm_20260302172109_2,LMTm,PULLBACK,BUY,0,2026.03.02 17:21:09,2026.03.02 17:22:05,0,666.24,665.49,-75.0,-375.0,0.16,0.0,SL_HIT,673.8485,680.837,668.413,0,0.487,1.151,673.8485,0.4,0,0.75,0.895,0,0,0,1,0.0,0,0.608,0.502,2,0.608,0.269,0.0,0.3,0.0,0.0,673.8485,0.741,1.774,1,2,0.0,0,3773,0.431,1.0,0,0.0,0.269,0.0,0.3,0.608,0.75,0,0.895,95.0,568.8
32136,LMTm_20260302172109_2,LMTm,PULLBACK,BUY,1,2026.03.02 17:21:09,2026.03.02 17:22:32,1,666.24,665.01,-123.0,-615.0,0.174,0.0,SL_HIT,673.8485,680.837,668.413,0,0.487,1.151,673.8485,0.4,0,0.75,0.895,0,0,0,1,0.0,0,0.608,0.502,2,0.608,0.269,0.0,0.3,0.0,0.0,673.8485,0.741,1.774,1,2,0.0,0,3773,0.431,1.0,0,0.0,0.269,0.0,0.3,0.608,0.75,0,0.895,94.0,568.8
32124,LMTm_20260302170004_5,LMTm,MEAN_REVERSION,BUY,-1,2026.03.02 17:00:04,2026.03.02 17:23:31,23,669.04,664.43,-461.0,-2305.0,0.793,0.0,SL_HIT,673.8485,680.837,668.413,0,0.487,1.151,673.8485,0.4,0,0.75,0.895,0,0,0,1,0.0,0,0.608,0.356,1,0.608,0.269,0.0,0.279,0.0,0.0,673.8485,0.741,0.517,1,2,0.0,0,3773,0.569,1.26,0,0.0,0.269,0.0,0.3,0.608,0.75,0,0.895,96.0,568.8
32141,LMTm_20260302180000_1,LMTm,BREAKOUT_RETEST,BUY,0,2026.03.02 18:00:00,2026.03.02 18:00:04,0,669.52,668.89,-63.0,-315.0,0.121,0.0,SL_HIT,672.822,677.974,666.198,1,0.468,1.285,672.822,0.4,0,0.8,0.755,0,0,0,1,0.0,0,0.546,0.278,0,0.546,0.226,0.193,0.719,0.55,-0.1103,666.198,0.6,0.614,1,2,0.0,0,3774,0.471,5.1,0,0.25,0.226,0.088,0.299,0.651,0.8,1,0.755,92.0,587.7
32142,LMTm_20260302180000_1,LMTm,BREAKOUT_RETEST,BUY,1,2026.03.02 18:00:00,2026.03.02 18:02:04,2,669.52,668.86,-66.0,-330.0,0.121,0.0,SL_HIT,672.822,677.974,666.198,1,0.468,1.285,672.822,0.4,0,0.8,0.755,0,0,0,1,0.0,0,0.546,0.278,0,0.546,0.226,0.193,0.719,0.55,-0.1103,666.198,0.6,0.614,1,2,0.0,0,3774,0.471,5.1,0,0.25,0.226,0.088,0.299,0.651,0.8,1,0.755,90.0,587.7
32140,LMTm_20260302180000_1,LMTm,BREAKOUT_RETEST,BUY,-1,2026.03.02 18:00:00,2026.03.02 18:21:27,21,669.52,666.45,-307.0,-1535.0,0.504,0.141,SL_HIT,672.822,677.974,666.198,1,0.468,1.285,672.822,0.4,0,0.8,0.755,0,0,0,1,0.0,0,0.546,0.278,0,0.546,0.226,0.193,0.719,0.55,-0.1103,666.198,0.6,0.614,1,2,0.0,0,3774,0.471,5.1,0,0.25,0.226,0.088,0.265,0.651,0.8,1,0.755,99.0,587.7
32147,LMTm_20260302190003_0,LMTm,BREAKOUT,BUY,0,2026.03.02 19:00:03,2026.03.02 19:01:54,1,670.02,669.21,-81.0,-405.0,0.159,0.0,SL_HIT,673.43625,674.85,666.3675,1,0.055,1.445,672.49375,0.45,0,0.8,0.79,0,0,0,1,0.0,0,0.559,0.354,1,0.559,0.237,0.198,0.161,0.25,0.0,672.49375,0.728,0.592,1,2,0.0,0,3775,0.328,1.02,0,0.25,0.237,0.198,0.139,0.559,0.8,1,0.79,91.0,610.2
32148,LMTm_20260302190003_0,LMTm,BREAKOUT,BUY,1,2026.03.02 19:00:03,2026.03.02 19:01:54,1,670.02,668.89,-113.0,-565.0,0.162,0.0,SL_HIT,673.43625,674.85,666.3675,1,0.055,1.445,672.49375,0.45,0,0.8,0.79,0,0,0,1,0.0,0,0.559,0.354,1,0.559,0.237,0.198,0.161,0.25,0.0,672.49375,0.728,0.592,1,2,0.0,0,3775,0.328,1.02,0,0.25,0.237,0.198,0.161,0.559,0.8,1,0.79,92.0,610.2
32152,LMTm_20260302193013_2,LMTm,PULLBACK,BUY,0,2026.03.02 19:30:13,2026.03.02 19:31:54,1,672.44,671.61,-83.0,-415.0,0.143,0.0,SL_HIT,673.43625,674.85,666.3675,1,0.055,1.445,672.49375,0.45,0,0.8,0.79,0,0,0,1,0.0,0,0.559,0.348,0,0.559,0.237,0.198,0.141,0.25,0.0,674.85,0.6,0.443,1,2,0.0,0,3775,0.548,1.27,0,0.25,0.237,0.198,0.141,0.559,0.8,1,0.79,81.0,610.2
32153,LMTm_20260302193013_2,LMTm,PULLBACK,BUY,1,2026.03.02 19:30:13,2026.03.02 19:35:38,5,672.44,671.54,-90.0,-450.0,0.17,0.0,SL_HIT,673.43625,674.85,666.3675,1,0.055,1.445,672.49375,0.45,0,0.8,0.79,0,0,0,1,0.0,0,0.559,0.348,0,0.559,0.237,0.198,0.141,0.25,0.0,674.85,0.6,0.443,1,2,0.0,0,3775,0.548,1.27,0,0.25,0.237,0.198,0.141,0.559,0.8,1,0.79,80.0,610.2
32146,LMTm_20260302190003_0,LMTm,BREAKOUT,BUY,-1,2026.03.02 19:00:03,2026.03.03 14:40:03,1180,670.02,666.24,-378.0,-1935.5,0.246,1.036,SL_HIT,673.43625,674.85,666.3675,1,0.055,1.445,672.49375,0.45,0,0.8,0.79,0,0,0,1,0.0,0,0.559,0.354,1,0.559,0.237,0.198,0.161,0.25,0.0,672.49375,0.728,0.592,1,2,0.0,0,3775,0.328,1.02,2,0.15,1.0,0.208,0.211,0.616,1.0,0,1.0,252.0,642.4
32151,LMTm_20260302193013_2,LMTm,PULLBACK,BUY,-1,2026.03.02 19:30:13,2026.03.03 14:40:03,1149,672.44,666.24,-620.0,-3145.5,0.238,0.639,SL_HIT,673.43625,674.85,666.3675,1,0.055,1.445,672.49375,0.45,0,0.8,0.79,0,0,0,1,0.0,0,0.559,0.348,0,0.559,0.237,0.198,0.141,0.25,0.0,674.85,0.6,0.443,1,2,0.0,0,3775,0.548,1.27,2,0.15,1.0,0.208,0.211,0.616,1.0,0,1.0,252.0,642.4
32160,LMTm_20260303144003_5,LMTm,MEAN_REVERSION,BUY,1,2026.03.03 14:40:03,2026.03.03 14:43:24,3,668.78,665.6,-318.0,-1590.0,0.682,0.061,SL_HIT,670.9,675.06,667.38,0,0.427,0.128,670.9,0.6,0,1.0,1.0,0,0,0,1,0.0,0,0.68,0.512,2,0.68,0.3,0.208,0.211,0.15,0.0,670.9,0.741,1.367,1,1,0.0,0,3777,0.636,0.9,0,0.15,0.3,0.208,0.196,0.68,1.0,0,1.0,240.0,642.4
32163,LMTm_20260303144005_4,LMTm,SWEEP_REVERSAL,BUY,1,2026.03.03 14:40:06,2026.03.03 14:43:24,3,668.14,665.6,-254.0,-1135.0,0.582,0.16,SL_HIT,670.9,675.06,667.38,0,0.427,0.128,670.9,0.6,0,1.0,1.0,0,0,0,1,0.0,0,0.68,0.505,2,0.68,0.3,0.208,0.196,0.15,0.0,670.9,0.741,1.303,1,1,0.0,0,3777,0.223,0.82,0,0.15,0.3,0.208,0.196,0.68,1.0,0,1.0,240.0,642.4
32158,LMTm_20260303144003_5,LMTm,MEAN_REVERSION,BUY,-1,2026.03.03 14:40:03,2026.03.03 14:44:18,4,668.78,663.36,-542.0,-2710.0,0.699,0.061,SL_HIT,670.9,675.06,667.38,0,0.427,0.128,670.9,0.6,0,1.0,1.0,0,0,0,1,0.0,0,0.68,0.512,2,0.68,0.3,0.208,0.211,0.15,0.0,670.9,0.741,1.367,1,1,0.0,0,3777,0.636,0.9,0,0.15,0.3,0.208,0.315,0.68,1.0,0,1.0,227.0,642.4
32159,LMTm_20260303144003_5,LMTm,MEAN_REVERSION,BUY,0,2026.03.03 14:40:03,2026.03.03 14:44:18,4,668.78,663.36,-542.0,-2710.0,0.699,0.061,SL_HIT,670.9,675.06,667.38,0,0.427,0.128,670.9,0.6,0,1.0,1.0,0,0,0,1,0.0,0,0.68,0.512,2,0.68,0.3,0.208,0.211,0.15,0.0,670.9,0.741,1.367,1,1,0.0,0,3777,0.636,0.9,0,0.15,0.3,0.208,0.315,0.68,1.0,0,1.0,227.0,642.4
32162,LMTm_20260303144005_4,LMTm,SWEEP_REVERSAL,BUY,0,2026.03.03 14:40:05,2026.03.03 14:44:30,4,668.14,662.97,-517.0,-2585.0,0.758,0.16,SL_HIT,670.9,675.06,667.38,0,0.427,0.128,670.9,0.6,0,1.0,1.0,0,0,0,1,0.0,0,0.68,0.505,2,0.68,0.3,0.208,0.196,0.15,0.0,670.9,0.741,1.303,1,1,0.0,0,3777,0.223,0.82,0,0.15,0.3,0.208,0.315,0.68,1.0,0,1.0,231.0,642.4
32170,LMTm_20260303144429_3,LMTm,TREND_CONTINUATION,BUY,0,2026.03.03 14:44:30,2026.03.03 14:44:39,0,665.28,662.34,-294.0,-1350.0,0.4,0.0,SL_HIT,670.9,675.06,667.38,0,0.427,0.128,670.9,0.6,0,1.0,1.0,0,0,0,1,0.0,0,0.68,0.509,2,0.68,0.3,0.208,0.315,0.15,0.0,670.9,0.741,1.336,1,1,0.0,0,3777,0.608,1.03,0,0.15,0.3,0.208,0.315,0.68,1.0,0,1.0,229.0,642.4
32171,LMTm_20260303144429_3,LMTm,TREND_CONTINUATION,BUY,1,2026.03.03 14:44:30,2026.03.03 14:44:48,0,665.04,662.31,-273.0,-1365.0,0.42,0.0,SL_HIT,670.9,675.06,667.38,0,0.427,0.128,670.9,0.6,0,1.0,1.0,0,0,0,1,0.0,0,0.68,0.509,2,0.68,0.3,0.208,0.315,0.15,0.0,670.9,0.741,1.336,1,1,0.0,0,3777,0.608,1.03,0,0.15,0.3,0.208,0.315,0.68,1.0,0,1.0,227.0,642.4
32161,LMTm_20260303144005_4,LMTm,SWEEP_REVERSAL,BUY,-1,2026.03.03 14:40:05,2026.03.03 14:45:26,5,668.14,661.52,-662.0,-3310.0,0.965,0.16,SL_HIT,670.9,675.06,667.38,0,0.427,0.128,670.9,0.6,0,1.0,1.0,0,0,0,1,0.0,0,0.68,0.505,2,0.68,0.3,0.208,0.196,0.15,0.0,670.9,0.741,1.303,1,1,0.0,0,3777,0.223,0.82,0,0.15,0.3,0.208,0.315,0.68,1.0,0,1.0,218.0,642.4
32129,LMTm_20260302170902_3,LMTm,TREND_CONTINUATION,BUY,-1,2026.03.02 17:09:02,2026.03.03 14:45:33,1296,667.88,661.04,-684.0,-3405.5,1.19,1.487,SL_HIT,673.8485,680.837,668.413,0,0.487,1.151,673.8485,0.4,0,0.75,0.895,0,0,0,1,0.0,0,0.608,0.358,1,0.608,0.269,0.0,0.279,0.0,0.0,673.8485,0.741,0.532,1,2,0.0,0,3773,0.464,1.01,0,0.15,0.3,0.208,0.315,0.68,1.0,0,1.0,217.0,642.4
32177,LMTm_20260303144532_0,LMTm,BREAKOUT,BUY,1,2026.03.03 14:45:32,2026.03.03 14:52:11,6,663.29,665.63,234.0,1170.0,0.384,0.876,TRAIL_STOP,670.9,675.06,667.38,0,0.427,0.128,670.9,0.6,0,1.0,1.0,0,0,0,1,0.0,0,0.68,0.494,1,0.68,0.3,0.208,0.315,0.15,0.0,670.9,0.741,1.212,1,1,0.0,0,3777,0.524,1.02,0,0.15,0.3,0.208,0.196,0.68,1.0,0,1.0,196.0,642.4
32181,LMTm_20260303144533_2,LMTm,PULLBACK,BUY,1,2026.03.03 14:45:33,2026.03.03 14:52:11,6,662.99,665.63,264.0,1320.0,0.338,0.92,TRAIL_STOP,670.9,675.06,667.38,0,0.427,0.128,670.9,0.6,0,1.0,1.0,0,0,0,1,0.0,0,0.68,0.494,1,0.68,0.3,0.208,0.315,0.15,0.0,670.9,0.741,1.207,1,1,0.0,0,3777,0.513,1.02,0,0.15,0.3,0.208,0.196,0.68,1.0,0,1.0,196.0,642.4
32176,LMTm_20260303144532_0,LMTm,BREAKOUT,BUY,0,2026.03.03 14:45:32,2026.03.03 14:56:34,11,663.29,663.25,-4.0,-20.0,0.384,0.873,SL_HIT,670.9,675.06,667.38,0,0.427,0.128,670.9,0.6,0,1.0,1.0,0,0,0,1,0.0,0,0.68,0.494,1,0.68,0.3,0.208,0.315,0.15,0.0,670.9,0.741,1.212,1,1,0.0,0,3777,0.524,1.02,0,0.15,0.3,0.208,0.315,0.68,1.0,0,1.0,185.0,642.4
32180,LMTm_20260303144533_2,LMTm,PULLBACK,BUY,0,2026.03.03 14:45:33,2026.03.03 14:56:34,11,662.99,662.72,-27.0,-135.0,0.338,0.923,SL_HIT,670.9,675.06,667.38,0,0.427,0.128,670.9,0.6,0,1.0,1.0,0,0,0,1,0.0,0,0.68,0.494,1,0.68,0.3,0.208,0.315,0.15,0.0,670.9,0.741,1.207,1,1,0.0,0,3777,0.513,1.02,0,0.15,0.3,0.208,0.315,0.68,1.0,0,1.0,184.0,642.4
32134,LMTm_20260302172109_2,LMTm,PULLBACK,BUY,-1,2026.03.02 17:21:09,2026.03.03 15:30:54,1329,666.24,657.64,-860.0,-4345.5,1.489,1.776,SL_HIT,673.8485,680.837,668.413,0,0.487,1.151,673.8485,0.4,0,0.75,0.895,0,0,0,1,0.0,0,0.608,0.502,2,0.608,0.269,0.0,0.3,0.0,0.0,673.8485,0.741,1.774,1,2,0.0,0,3773,0.431,1.0,0,0.4,0.247,0.29,0.437,0.544,1.0,0,0.825,112.0,648.8
32169,LMTm_20260303144429_3,LMTm,TREND_CONTINUATION,BUY,-1,2026.03.03 14:44:29,2026.03.03 15:30:54,46,665.28,657.32,-796.0,-3980.0,1.189,0.563,SL_HIT,670.9,675.06,667.38,0,0.427,0.128,670.9,0.6,0,1.0,1.0,0,0,0,1,0.0,0,0.68,0.509,2,0.68,0.3,0.208,0.315,0.15,0.0,670.9,0.741,1.336,1,1,0.0,0,3777,0.608,1.03,0,0.4,0.247,0.29,0.437,0.544,1.0,0,0.825,112.0,648.8
32189,LMTm_20260303160000_7,LMTm,ANCHORED_PULLBACK,BUY,0,2026.03.03 16:00:00,2026.03.03 16:00:02,0,662.65,661.1,-155.0,-775.0,0.202,0.0,SL_HIT,670.91975,676.34,661.5575,0,0.058,0.231,661.06475,0.75,2,1.0,0.825,0,0,0,0,0.0,2,1.0,0.515,2,0.554,0.947,0.14,0.223,0.4,0.9164,670.91975,0.7,1.311,1,2,0.0,0,3779,0.671,4.66,0,0.4,0.247,0.14,0.223,0.588,1.0,0,0.825,118.0,681.6
32188,LMTm_20260303160000_7,LMTm,ANCHORED_PULLBACK,BUY,-1,2026.03.03 16:00:00,2026.03.03 16:00:03,0,662.65,660.65,-200.0,-1000.0,0.238,0.0,SL_HIT,670.91975,676.34,661.5575,0,0.058,0.231,661.06475,0.75,2,1.0,0.825,0,0,0,0,0.0,2,1.0,0.515,2,0.554,0.947,0.14,0.223,0.4,0.9164,670.91975,0.7,1.311,1,2,0.0,0,3779,0.671,4.66,0,0.4,0.247,0.14,0.223,0.588,1.0,0,0.825,118.0,681.6
32190,LMTm_20260303160000_7,LMTm,ANCHORED_PULLBACK,BUY,1,2026.03.03 16:00:00,2026.03.03 16:00:03,0,662.65,660.65,-200.0,-1000.0,0.238,0.0,SL_HIT,670.91975,676.34,661.5575,0,0.058,0.231,661.06475,0.75,2,1.0,0.825,0,0,0,0,0.0,2,1.0,0.515,2,0.554,0.947,0.14,0.223,0.4,0.9164,670.91975,0.7,1.311,1,2,0.0,0,3779,0.671,4.66,0,0.4,0.247,0.14,0.223,0.588,1.0,0,0.825,118.0,681.6
32198,LMTm_20260303164005_4,LMTm,SWEEP_REVERSAL,BUY,0,2026.03.03 16:40:05,2026.03.03 16:40:48,0,662.11,661.2,-91.0,-455.0,0.163,0.0,SL_HIT,670.91975,676.34,661.5575,0,0.058,0.231,661.06475,0.75,2,1.0,0.825,0,0,0,0,0.0,0,0.588,0.362,1,0.588,0.247,0.14,0.223,0.4,0.0,670.91975,0.7,0.882,1,2,0.0,0,3779,0.246,1.45,0,0.4,0.247,0.14,0.223,0.588,1.0,0,0.825,107.0,681.6
32195,LMTm_20260303164004_5,LMTm,MEAN_REVERSION,BUY,0,2026.03.03 16:40:04,2026.03.03 16:41:03,0,662.1,661.07,-103.0,-515.0,0.161,0.0,SL_HIT,670.91975,676.34,661.5575,0,0.058,0.231,661.06475,0.75,2,1.0,0.825,0,0,0,0,0.0,0,0.588,0.361,1,0.588,0.247,0.14,0.223,0.4,0.0,670.91975,0.7,0.875,1,2,0.0,0,3779,0.569,1.84,0,0.4,0.247,0.14,0.223,0.588,1.0,0,0.825,107.0,681.6
32196,LMTm_20260303164004_5,LMTm,MEAN_REVERSION,BUY,1,2026.03.03 16:40:04,2026.03.03 16:41:15,1,662.1,660.71,-139.0,-695.0,0.178,0.0,SL_HIT,670.91975,676.34,661.5575,0,0.058,0.231,661.06475,0.75,2,1.0,0.825,0,0,0,0,0.0,0,0.588,0.361,1,0.588,0.247,0.14,0.223,0.4,0.0,670.91975,0.7,0.875,1,2,0.0,0,3779,0.569,1.84,0,0.4,0.247,0.14,0.223,0.588,1.0,0,0.825,107.0,681.6
32199,LMTm_20260303164005_4,LMTm,SWEEP_REVERSAL,BUY,1,2026.03.03 16:40:05,2026.03.03 16:41:15,1,662.11,660.71,-140.0,-700.0,0.179,0.0,SL_HIT,670.91975,676.34,661.5575,0,0.058,0.231,661.06475,0.75,2,1.0,0.825,0,0,0,0,0.0,0,0.588,0.362,1,0.588,0.247,0.14,0.223,0.4,0.0,670.91975,0.7,0.882,1,2,0.0,0,3779,0.246,1.45,0,0.4,0.247,0.14,0.223,0.588,1.0,0,0.825,107.0,681.6
32205,LMTm_20260303164437_3,LMTm,TREND_CONTINUATION,BUY,0,2026.03.03 16:44:37,2026.03.03 16:46:44,2,661.62,660.49,-113.0,-565.0,0.145,0.0,SL_HIT,670.91975,676.34,661.5575,0,0.058,0.231,661.06475,0.75,2,1.0,0.825,0,0,0,0,0.0,0,0.588,0.366,1,0.588,0.247,0.14,0.275,0.4,0.0,670.91975,0.7,0.916,1,2,0.0,0,3779,0.546,1.29,0,0.4,0.247,0.14,0.275,0.588,1.0,0,0.825,107.0,681.6
32206,LMTm_20260303164437_3,LMTm,TREND_CONTINUATION,BUY,1,2026.03.03 16:44:37,2026.03.03 16:46:44,2,661.62,660.2,-142.0,-710.0,0.166,0.0,SL_HIT,670.91975,676.34,661.5575,0,0.058,0.231,661.06475,0.75,2,1.0,0.825,0,0,0,0,0.0,0,0.588,0.366,1,0.588,0.247,0.14,0.275,0.4,0.0,670.91975,0.7,0.916,1,2,0.0,0,3779,0.546,1.29,0,0.4,0.247,0.14,0.275,0.588,1.0,0,0.825,107.0,681.6
32210,LMTm_20260303164644_2,LMTm,PULLBACK,BUY,0,2026.03.03 16:46:44,2026.03.03 16:47:36,0,661.48,660.45,-103.0,-515.0,0.141,0.0,SL_HIT,670.91975,676.34,661.5575,0,0.058,0.231,661.06475,0.75,2,1.0,0.825,0,0,0,0,0.0,0,0.588,0.367,1,0.588,0.247,0.14,0.275,0.4,0.0,670.91975,0.7,0.923,1,2,0.0,0,3779,0.466,1.02,0,0.4,0.247,0.14,0.275,0.588,1.0,0,0.825,106.0,681.6
32211,LMTm_20260303164644_2,LMTm,PULLBACK,BUY,1,2026.03.03 16:46:44,2026.03.03 16:51:32,4,661.48,661.81,33.0,165.0,0.169,0.145,TRAIL_STOP,670.91975,676.34,661.5575,0,0.058,0.231,661.06475,0.75,2,1.0,0.825,0,0,0,0,0.0,0,0.588,0.367,1,0.588,0.247,0.14,0.275,0.4,0.0,670.91975,0.7,0.923,1,2,0.0,0,3779,0.466,1.02,0,0.4,0.247,0.14,0.251,0.588,1.0,1,0.825,109.0,681.6
32215,LMTm_20260304144200_5,LMTm,MEAN_REVERSION,BUY,0,2026.03.04 14:42:00,2026.03.04 14:42:05,0,660.55,658.62,-193.0,-965.0,0.215,0.0,SL_HIT,663.185,665.462,661.322,0,0.448,0.03,664.427,0.5,0,0.975,-0.65,0,0,0,0,0.0,0,0.795,0.446,1,0.795,0.195,0.27,0.425,0.4,0.0,663.185,0.7,0.975,1,2,0.0,0,3784,0.693,0.84,0,0.4,0.195,0.27,0.425,0.795,0.975,0,-0.65,205.0,693.2
32216,LMTm_20260304144200_5,LMTm,MEAN_REVERSION,BUY,1,2026.03.04 14:42:00,2026.03.04 14:42:05,0,660.55,658.62,-193.0,-965.0,0.215,0.0,SL_HIT,663.185,665.462,661.322,0,0.448,0.03,664.427,0.5,0,0.975,-0.65,0,0,0,0,0.0,0,0.795,0.446,1,0.795,0.195,0.27,0.425,0.4,0.0,663.185,0.7,0.975,1,2,0.0,0,3784,0.693,0.84,0,0.4,0.195,0.27,0.425,0.795,0.975,0,-0.65,205.0,693.2
32220,LMTm_20260304144254_4,LMTm,SWEEP_REVERSAL,BUY,0,2026.03.04 14:42:55,2026.03.04 14:42:56,0,659.57,656.82,-275.0,-1300.0,0.353,0.0,SL_HIT,663.185,665.462,661.322,0,0.448,0.03,664.427,0.5,0,0.975,-0.65,0,0,0,0,0.0,0,0.795,0.438,1,0.795,0.195,0.27,0.425,0.4,0.0,663.185,0.7,0.903,1,2,0.0,0,3784,0.297,0.84,0,0.4,0.195,0.27,0.425,0.795,0.975,0,-0.65,199.0,693.2
32194,LMTm_20260303164004_5,LMTm,MEAN_REVERSION,BUY,-1,2026.03.03 16:40:04,2026.03.04 14:42:57,1322,661.96,656.32,-564.0,-2935.5,0.791,0.939,SL_HIT,670.91975,676.34,661.5575,0,0.058,0.231,661.06475,0.75,2,1.0,0.825,0,0,0,0,0.0,0,0.588,0.361,1,0.588,0.247,0.14,0.223,0.4,0.0,670.91975,0.7,0.875,1,2,0.0,0,3779,0.569,1.84,0,0.4,0.195,0.27,0.425,0.795,0.975,0,-0.65,197.0,693.2
32221,LMTm_20260304144254_4,LMTm,SWEEP_REVERSAL,BUY,1,2026.03.04 14:42:55,2026.03.04 14:42:57,0,659.42,656.32,-310.0,-1550.0,0.411,0.0,SL_HIT,663.185,665.462,661.322,0,0.448,0.03,664.427,0.5,0,0.975,-0.65,0,0,0,0,0.0,0,0.795,0.438,1,0.795,0.195,0.27,0.425,0.4,0.0,663.185,0.7,0.903,1,2,0.0,0,3784,0.297,0.84,0,0.4,0.195,0.27,0.425,0.795,0.975,0,-0.65,197.0,693.2
32197,LMTm_20260303164005_4,LMTm,SWEEP_REVERSAL,BUY,-1,2026.03.03 16:40:05,2026.03.04 14:51:16,1331,662.11,654.83,-728.0,-3685.5,0.976,0.917,SL_HIT,670.91975,676.34,661.5575,0,0.058,0.231,661.06475,0.75,2,1.0,0.825,0,0,0,0,0.0,0,0.588,0.362,1,0.588,0.247,0.14,0.223,0.4,0.0,670.91975,0.7,0.882,1,2,0.0,0,3779,0.246,1.45,0,0.4,0.195,0.27,0.425,0.795,0.975,0,-0.65,180.0,693.2
32214,LMTm_20260304144200_5,LMTm,MEAN_REVERSION,BUY,-1,2026.03.04 14:42:00,2026.03.04 14:51:16,9,660.55,654.83,-572.0,-2860.0,0.734,0.0,SL_HIT,663.185,665.462,661.322,0,0.448,0.03,664.427,0.5,0,0.975,-0.65,0,0,0,0,0.0,0,0.795,0.446,1,0.795,0.195,0.27,0.425,0.4,0.0,663.185,0.7,0.975,1,2,0.0,0,3784,0.693,0.84,0,0.4,0.195,0.27,0.425,0.795,0.975,0,-0.65,180.0,693.2
32175,LMTm_20260303144532_0,LMTm,BREAKOUT,BUY,-1,2026.03.03 14:45:32,2026.03.04 14:53:18,1447,663.29,653.49,-980.0,-4945.5,1.499,0.873,SL_HIT,670.9,675.06,667.38,0,0.427,0.128,670.9,0.6,0,1.0,1.0,0,0,0,1,0.0,0,0.68,0.494,1,0.68,0.3,0.208,0.315,0.15,0.0,670.9,0.741,1.212,1,1,0.0,0,3777,0.524,1.02,0,0.4,0.195,0.27,0.425,0.795,0.975,0,-0.65,162.0,693.2
32179,LMTm_20260303144533_2,LMTm,PULLBACK,BUY,-1,2026.03.03 14:45:33,2026.03.04 14:53:18,1447,662.99,653.18,-981.0,-4950.5,1.479,0.923,SL_HIT,670.9,675.06,667.38,0,0.427,0.128,670.9,0.6,0,1.0,1.0,0,0,0,1,0.0,0,0.68,0.494,1,0.68,0.3,0.208,0.315,0.15,0.0,670.9,0.741,1.207,1,1,0.0,0,3777,0.513,1.02,0,0.4,0.195,0.27,0.425,0.795,0.975,0,-0.65,162.0,693.2
32204,LMTm_20260303164437_3,LMTm,TREND_CONTINUATION,BUY,-1,2026.03.03 16:44:37,2026.03.04 14:53:18,1328,661.43,653.18,-825.0,-4265.5,1.165,1.017,SL_HIT,670.91975,676.34,661.5575,0,0.058,0.231,661.06475,0.75,2,1.0,0.825,0,0,0,0,0.0,0,0.588,0.366,1,0.588,0.247,0.14,0.275,0.4,0.0,670.91975,0.7,0.916,1,2,0.0,0,3779,0.546,1.29,0,0.4,0.195,0.27,0.425,0.795,0.975,0,-0.65,162.0,693.2
32219,LMTm_20260304144254_4,LMTm,SWEEP_REVERSAL,BUY,-1,2026.03.04 14:42:55,2026.03.04 14:56:28,13,659.34,652.19,-715.0,-3690.0,0.964,0.0,SL_HIT,663.185,665.462,661.322,0,0.448,0.03,664.427,0.5,0,0.975,-0.65,0,0,0,0,0.0,0,0.795,0.438,1,0.795,0.195,0.27,0.425,0.4,0.0,663.185,0.7,0.903,1,2,0.0,0,3784,0.297,0.84,0,0.4,0.195,0.27,0.425,0.795,0.975,0,-0.65,152.0,693.2
32232,LMTm_20260304160015_7,LMTm,ANCHORED_PULLBACK,BUY,0,2026.03.04 16:00:16,2026.03.04 16:00:45,0,660.13,658.95,-118.0,-695.0,0.118,0.0,SL_HIT,662.97475,665.8745,656.761,1,0.055,0.201,664.63175,0.55,2,1.0,-0.895,0,0,0,0,0.0,2,1.0,0.488,1,0.459,0.968,0.262,0.248,0.45,0.5131,656.761,0.6,1.221,1,1,0.335,0,3786,0.802,1.75,0,0.15,0.269,0.157,0.128,0.613,1.0,1,-0.895,113.0,645.9
32233,LMTm_20260304160015_7,LMTm,ANCHORED_PULLBACK,BUY,1,2026.03.04 16:00:16,2026.03.04 16:00:45,0,660.34,658.8,-154.0,-805.0,0.215,0.0,SL_HIT,662.97475,665.8745,656.761,1,0.055,0.201,664.63175,0.55,2,1.0,-0.895,0,0,0,0,0.0,2,1.0,0.488,1,0.459,0.968,0.262,0.248,0.45,0.5131,656.761,0.6,1.221,1,1,0.335,0,3786,0.802,1.75,0,0.15,0.269,0.157,0.128,0.613,1.0,1,-0.895,112.0,645.9
32231,LMTm_20260304160015_7,LMTm,ANCHORED_PULLBACK,BUY,-1,2026.03.04 16:00:15,2026.03.04 16:11:12,10,660.31,657.08,-323.0,-1525.0,0.472,0.0,SL_HIT,662.97475,665.8745,656.761,1,0.055,0.201,664.63175,0.55,2,1.0,-0.895,0,0,0,0,0.0,2,1.0,0.488,1,0.459,0.968,0.262,0.248,0.45,0.5131,656.761,0.6,1.221,1,1,0.335,0,3786,0.802,1.75,0,0.15,0.269,0.157,0.2,0.613,1.0,1,-0.895,108.0,645.9
32238,LMTm_20260304164401_5,LMTm,MEAN_REVERSION,BUY,0,2026.03.04 16:44:01,2026.03.04 16:44:05,0,657.88,656.86,-102.0,-510.0,0.166,0.0,SL_HIT,662.97475,665.8745,656.761,1,0.055,0.201,664.63175,0.55,2,1.0,-0.895,0,0,0,0,0.0,0,0.613,0.387,1,0.613,0.269,0.157,0.2,0.15,0.0,662.97475,0.7,0.803,1,1,0.335,0,3786,0.581,1.17,0,0.15,0.269,0.157,0.2,0.613,1.0,1,-0.895,97.0,645.9
32239,LMTm_20260304164401_5,LMTm,MEAN_REVERSION,BUY,1,2026.03.04 16:44:01,2026.03.04 16:50:25,6,657.88,656.95,-93.0,-465.0,0.166,0.0,SL_HIT,662.97475,665.8745,656.761,1,0.055,0.201,664.63175,0.55,2,1.0,-0.895,0,0,0,0,0.0,0,0.613,0.387,1,0.613,0.269,0.157,0.2,0.15,0.0,662.97475,0.7,0.803,1,1,0.335,0,3786,0.581,1.17,0,0.15,0.269,0.157,0.2,0.613,1.0,1,-0.895,92.0,645.9
32243,LMTm_20260304180019_7,LMTm,ANCHORED_PULLBACK,BUY,0,2026.03.04 18:00:19,2026.03.04 18:02:30,2,661.07,660.37,-70.0,-350.0,0.15,0.0,SL_HIT,657.17525,660.075,654.2755,1,0.114,0.286,656.34675,0.35,0,0.8,-0.79,0,0,0,0,0.0,0,0.764,0.402,1,0.764,0.237,0.14,0.324,0.4,0.0,657.17525,0.7,1.056,1,1,0.335,0,3788,0.315,2.38,0,0.4,0.237,0.14,0.427,0.764,0.8,0,-0.79,92.0,620.8
32244,LMTm_20260304180019_7,LMTm,ANCHORED_PULLBACK,BUY,1,2026.03.04 18:00:19,2026.03.04 18:03:49,3,661.07,659.88,-119.0,-595.0,0.155,0.0,SL_HIT,657.17525,660.075,654.2755,1,0.114,0.286,656.34675,0.35,0,0.8,-0.79,0,0,0,0,0.0,0,0.764,0.402,1,0.764,0.237,0.14,0.324,0.4,0.0,657.17525,0.7,1.056,1,1,0.335,0,3788,0.315,2.38,0,0.4,0.237,0.14,0.324,0.764,0.8,1,-0.79,91.0,620.8
32242,LMTm_20260304180019_7,LMTm,ANCHORED_PULLBACK,BUY,-1,2026.03.04 18:00:19,2026.03.04 18:04:07,3,660.97,659.75,-122.0,-660.0,0.176,0.0,SL_HIT,657.17525,660.075,654.2755,1,0.114,0.286,656.34675,0.35,0,0.8,-0.79,0,0,0,0,0.0,0,0.764,0.402,1,0.764,0.237,0.14,0.324,0.4,0.0,657.17525,0.7,1.056,1,1,0.335,0,3788,0.315,2.38,0,0.4,0.237,0.14,0.324,0.764,0.8,1,-0.79,91.0,620.8
32249,LMTm_20260305144310_5,LMTm,MEAN_REVERSION,BUY,0,2026.03.05 14:43:11,2026.03.05 15:29:09,45,657.07,657.05,-2.0,-85.0,0.565,0.388,SL_HIT,659.4825,660.999,657.966,0,0.136,0.339,659.4825,0.45,0,1.0,-0.825,0,0,0,0,0.0,0,0.79,0.443,1,0.79,0.247,0.178,0.358,0.25,0.0,659.4825,0.739,0.963,1,2,0.339,0,3791,0.675,0.85,0,0.4,0.247,0.216,0.258,0.747,1.0,0,-0.825,112.0,535.2
32250,LMTm_20260305144310_5,LMTm,MEAN_REVERSION,BUY,1,2026.03.05 14:43:11,2026.03.05 15:29:09,45,657.22,657.05,-17.0,-85.0,0.592,0.361,SL_HIT,659.4825,660.999,657.966,0,0.136,0.339,659.4825,0.45,0,1.0,-0.825,0,0,0,0,0.0,0,0.79,0.443,1,0.79,0.247,0.178,0.358,0.25,0.0,659.4825,0.739,0.963,1,2,0.339,0,3791,0.675,0.85,0,0.4,0.247,0.216,0.258,0.747,1.0,0,-0.825,112.0,535.2
32252,LMTm_20260305145706_4,LMTm,SWEEP_REVERSAL,BUY,0,2026.03.05 14:57:06,2026.03.05 15:29:09,32,656.01,657.05,104.0,520.0,0.379,0.574,TRAIL_STOP,659.4825,660.999,657.966,0,0.136,0.339,659.4825,0.45,0,1.0,-0.825,0,0,0,0,0.0,0,0.79,0.437,1,0.79,0.247,0.178,0.374,0.25,0.0,659.4825,0.739,0.916,1,2,0.339,0,3791,0.229,0.83,0,0.4,0.247,0.216,0.258,0.747,1.0,0,-0.825,112.0,535.2
32253,LMTm_20260305145706_4,LMTm,SWEEP_REVERSAL,BUY,1,2026.03.05 14:57:06,2026.03.05 15:29:58,32,656.01,656.84,83.0,415.0,0.379,0.574,TRAIL_STOP,659.4825,660.999,657.966,0,0.136,0.339,659.4825,0.45,0,1.0,-0.825,0,0,0,0,0.0,0,0.79,0.437,1,0.79,0.247,0.178,0.374,0.25,0.0,659.4825,0.739,0.916,1,2,0.339,0,3791,0.229,0.83,0,0.4,0.247,0.216,0.258,0.747,1.0,0,-0.825,111.0,535.2
32237,LMTm_20260304164401_5,LMTm,MEAN_REVERSION,BUY,-1,2026.03.04 16:44:01,2026.03.05 16:05:44,1401,657.88,652.58,-530.0,-2695.5,0.797,0.639,SL_HIT,662.97475,665.8745,656.761,1,0.055,0.201,664.63175,0.55,2,1.0,-0.895,0,0,0,0,0.0,0,0.613,0.387,1,0.613,0.269,0.157,0.2,0.15,0.0,662.97475,0.7,0.803,1,1,0.335,0,3786,0.581,1.17,0,0.15,0.3,0.117,0.331,0.716,1.0,0,-1.0,101.0,506.1
32248,LMTm_20260305144310_5,LMTm,MEAN_REVERSION,BUY,-1,2026.03.05 14:43:10,2026.03.05 16:05:44,82,657.26,652.58,-468.0,-2245.0,0.798,0.354,SL_HIT,659.4825,660.999,657.966,0,0.136,0.339,659.4825,0.45,0,1.0,-0.825,0,0,0,0,0.0,0,0.79,0.443,1,0.79,0.247,0.178,0.358,0.25,0.0,659.4825,0.739,0.963,1,2,0.339,0,3791,0.675,0.85,0,0.15,0.3,0.117,0.331,0.716,1.0,0,-1.0,101.0,506.1
32209,LMTm_20260303164644_2,LMTm,PULLBACK,BUY,-1,2026.03.03 16:46:44,2026.03.05 16:29:01,2862,661.56,651.32,-1024.0,-5171.0,1.495,0.998,SL_HIT,670.91975,676.34,661.5575,0,0.058,0.231,661.06475,0.75,2,1.0,0.825,0,0,0,0,0.0,0,0.588,0.367,1,0.588,0.247,0.14,0.275,0.4,0.0,670.91975,0.7,0.923,1,2,0.0,0,3779,0.466,1.02,0,0.15,0.3,0.117,0.331,0.716,1.0,0,-1.0,88.0,506.1
32262,LMTm_20260305164310_5,LMTm,MEAN_REVERSION,BUY,0,2026.03.05 16:43:10,2026.03.05 16:44:55,1,652.99,651.95,-104.0,-520.0,0.2,0.0,SL_HIT,658.545,661.086,656.004,0,0.301,0.119,658.545,0.55,0,1.0,-1.0,0,0,0,0,0.0,0,0.716,0.395,1,0.716,0.3,0.117,0.331,0.15,0.0,658.545,0.729,0.798,1,-2,0.0,0,3793,0.615,1.58,0,0.15,0.3,0.117,0.331,0.716,1.0,0,-1.0,81.0,506.1
32263,LMTm_20260305164310_5,LMTm,MEAN_REVERSION,BUY,1,2026.03.05 16:43:10,2026.03.05 16:44:57,1,652.99,651.63,-136.0,-680.0,0.245,0.0,SL_HIT,658.545,661.086,656.004,0,0.301,0.119,658.545,0.55,0,1.0,-1.0,0,0,0,0,0.0,0,0.716,0.395,1,0.716,0.3,0.117,0.331,0.15,0.0,658.545,0.729,0.798,1,-2,0.0,0,3793,0.615,1.58,0,0.15,0.3,0.117,0.331,0.716,1.0,0,-1.0,81.0,506.1
32267,LMTm_20260305165726_4,LMTm,SWEEP_REVERSAL,BUY,0,2026.03.05 16:57:26,2026.03.05 16:58:56,1,652.93,651.88,-105.0,-525.0,0.188,0.0,SL_HIT,658.545,661.086,656.004,0,0.301,0.119,658.545,0.55,0,1.0,-1.0,0,0,0,0,0.0,0,0.716,0.395,1,0.716,0.3,0.117,0.331,0.15,0.0,658.545,0.729,0.793,1,-2,0.0,0,3793,0.173,1.27,0,0.15,0.3,0.117,0.331,0.716,1.0,0,-1.0,81.0,506.1
32268,LMTm_20260305165726_4,LMTm,SWEEP_REVERSAL,BUY,1,2026.03.05 16:57:26,2026.03.05 16:58:58,1,652.93,651.55,-138.0,-690.0,0.247,0.0,SL_HIT,658.545,661.086,656.004,0,0.301,0.119,658.545,0.55,0,1.0,-1.0,0,0,0,0,0.0,0,0.716,0.395,1,0.716,0.3,0.117,0.331,0.15,0.0,658.545,0.729,0.793,1,-2,0.0,0,3793,0.173,1.27,0,0.15,0.3,0.117,0.331,0.716,1.0,0,-1.0,82.0,506.1
32251,LMTm_20260305145706_4,LMTm,SWEEP_REVERSAL,BUY,-1,2026.03.05 14:57:06,2026.03.05 17:04:27,127,656.17,650.46,-571.0,-2775.0,0.962,0.546,SL_HIT,659.4825,660.999,657.966,0,0.136,0.339,659.4825,0.45,0,1.0,-0.825,0,0,0,0,0.0,0,0.79,0.437,1,0.79,0.247,0.178,0.374,0.25,0.0,659.4825,0.739,0.916,1,2,0.339,0,3791,0.229,0.83,0,0.15,0.3,0.053,0.261,0.512,1.0,0,-1.0,82.0,505.6
32261,LMTm_20260305164310_5,LMTm,MEAN_REVERSION,BUY,-1,2026.03.05 16:43:10,2026.03.05 17:48:09,64,652.99,648.92,-407.0,-2035.0,0.786,0.0,SL_HIT,658.545,661.086,656.004,0,0.301,0.119,658.545,0.55,0,1.0,-1.0,0,0,0,0,0.0,0,0.716,0.395,1,0.716,0.3,0.117,0.331,0.15,0.0,658.545,0.729,0.798,1,-2,0.0,0,3793,0.615,1.58,0,0.15,0.3,0.053,0.261,0.512,1.0,0,-1.0,79.0,505.6
32266,LMTm_20260305165726_4,LMTm,SWEEP_REVERSAL,BUY,-1,2026.03.05 16:57:26,2026.03.05 17:50:32,53,652.93,647.85,-508.0,-2540.0,0.996,0.0,SL_HIT,658.545,661.086,656.004,0,0.301,0.119,658.545,0.55,0,1.0,-1.0,0,0,0,0,0.0,0,0.716,0.395,1,0.716,0.3,0.117,0.331,0.15,0.0,658.545,0.729,0.793,1,-2,0.0,0,3793,0.173,1.27,0,0.15,0.3,0.053,0.261,0.512,1.0,0,-1.0,79.0,505.6
32275,LMTm_20260305184605_5,LMTm,MEAN_REVERSION,BUY,0,2026.03.05 18:46:05,2026.03.05 18:48:18,2,650.24,649.73,-51.0,-255.0,0.183,0.0,SL_HIT,652.635,657.51,649.26,1,0.479,0.025,652.635,0.55,0,1.0,-1.0,0,0,0,0,0.0,0,0.616,0.336,0,0.616,0.3,0.15,0.122,0.15,0.0,652.635,0.755,0.434,1,-2,0.0,0,3795,0.557,0.82,0,0.15,0.3,0.15,0.122,0.616,1.0,1,-1.0,85.0,496.1
32276,LMTm_20260305184605_5,LMTm,MEAN_REVERSION,BUY,1,2026.03.05 18:46:05,2026.03.05 18:49:07,3,650.24,649.54,-70.0,-350.0,0.183,0.0,SL_HIT,652.635,657.51,649.26,1,0.479,0.025,652.635,0.55,0,1.0,-1.0,0,0,0,0,0.0,0,0.616,0.336,0,0.616,0.3,0.15,0.122,0.15,0.0,652.635,0.755,0.434,1,-2,0.0,0,3795,0.557,0.82,0,0.15,0.3,0.15,0.122,0.616,1.0,1,-1.0,84.0,496.1
32274,LMTm_20260305184605_5,LMTm,MEAN_REVERSION,BUY,-1,2026.03.05 18:46:05,2026.03.05 19:38:21,52,650.24,653.52,328.0,1640.0,0.252,0.631,TP_HIT,652.635,657.51,649.26,1,0.479,0.025,652.635,0.55,0,1.0,-1.0,0,0,0,0,0.0,0,0.616,0.336,0,0.616,0.3,0.15,0.122,0.15,0.0,652.635,0.755,0.434,1,-2,0.0,0,3795,0.557,0.82,0,0.0,0.3,0.0,0.151,0.62,0.8,1,-1.0,80.0,499.9
32281,LMTm_20260306144016_0,LMTm,BREAKOUT,BUY,0,2026.03.06 14:40:16,2026.03.06 14:40:26,0,659.98,657.64,-234.0,-1170.0,0.411,0.0,SL_HIT,649.791,652.882,647.824,0,0.597,0.054,649.791,0.45,0,1.0,-0.825,0,0,0,0,0.0,2,0.837,0.499,1,0.447,0.947,0.235,0.457,0.4,0.106,654.849,0.55,1.739,1,1,0.338,0,3798,0.625,3.59,0,0.4,0.247,0.235,0.457,0.698,1.0,0,-0.825,204.0,517.7
32282,LMTm_20260306144016_0,LMTm,BREAKOUT,BUY,1,2026.03.06 14:40:16,2026.03.06 14:40:28,0,659.98,657.07,-291.0,-1455.0,0.452,0.0,SL_HIT,649.791,652.882,647.824,0,0.597,0.054,649.791,0.45,0,1.0,-0.825,0,0,0,0,0.0,2,0.837,0.499,1,0.447,0.947,0.235,0.457,0.4,0.106,654.849,0.55,1.739,1,1,0.338,0,3798,0.625,3.59,0,0.4,0.247,0.235,0.46,0.698,1.0,0,-0.825,204.0,517.7
32280,LMTm_20260306144016_0,LMTm,BREAKOUT,BUY,-1,2026.03.06 14:40:16,2026.03.06 14:56:33,16,659.98,656.2,-378.0,-1890.0,0.693,0.487,SL_HIT,649.791,652.882,647.824,0,0.597,0.054,649.791,0.45,0,1.0,-0.825,0,0,0,0,0.0,2,0.837,0.499,1,0.447,0.947,0.235,0.457,0.4,0.106,654.849,0.55,1.739,1,1,0.338,0,3798,0.625,3.59,0,0.4,0.247,0.235,0.455,0.698,1.0,0,-0.825,161.0,517.7
32287,LMTm_20260306145633_7,LMTm,ANCHORED_PULLBACK,BUY,0,2026.03.06 14:56:33,2026.03.06 15:03:20,6,658.0,658.55,55.0,205.0,0.462,0.433,TRAIL_STOP,649.791,652.882,647.824,0,0.597,0.054,649.791,0.45,0,1.0,-0.825,0,0,0,0,0.0,0,0.698,0.398,1,0.698,0.247,0.235,0.455,0.4,0.0,649.791,0.744,1.167,1,1,0.338,0,3798,0.389,2.21,0,0.25,0.247,0.088,0.362,0.606,1.0,0,-0.825,148.0,502.6
32288,LMTm_20260306145633_7,LMTm,ANCHORED_PULLBACK,BUY,1,2026.03.06 14:56:33,2026.03.06 15:03:20,6,658.14,658.55,41.0,205.0,0.489,0.406,TRAIL_STOP,649.791,652.882,647.824,0,0.597,0.054,649.791,0.45,0,1.0,-0.825,0,0,0,0,0.0,0,0.698,0.398,1,0.698,0.247,0.235,0.455,0.4,0.0,649.791,0.744,1.167,1,1,0.338,0,3798,0.389,2.21,0,0.25,0.247,0.088,0.362,0.606,1.0,0,-0.825,148.0,502.6
32285,LMTm_20260306145633_7,LMTm,ANCHORED_PULLBACK,BUY,-1,2026.03.06 14:56:33,2026.03.06 15:20:20,23,658.0,664.6,660.0,3300.0,0.462,1.246,TP_HIT,649.791,652.882,647.824,0,0.597,0.054,649.791,0.45,0,1.0,-0.825,0,0,0,0,0.0,0,0.698,0.398,1,0.698,0.247,0.235,0.455,0.4,0.0,649.791,0.744,1.167,1,1,0.338,0,3798,0.389,2.21,0,0.25,0.247,0.088,0.39,0.606,1.0,0,-0.825,115.0,502.6
32293,LMTm_20260306165634_7,LMTm,ANCHORED_PULLBACK,BUY,0,2026.03.06 16:56:34,2026.03.06 16:56:56,0,665.86,664.61,-125.0,-625.0,0.209,0.0,SL_HIT,654.74,660.636,647.772,0,1.708,0.111,654.74,0.6,0,1.0,-1.0,0,0,0,0,0.0,0,0.577,0.397,1,0.577,0.3,0.053,0.273,0.15,0.0,654.74,0.76,0.775,1,2,0.343,0,3800,0.489,2.74,0,0.15,0.3,0.053,0.273,0.577,1.0,0,-1.0,100.0,530.4
32294,LMTm_20260306165634_7,LMTm,ANCHORED_PULLBACK,BUY,1,2026.03.06 16:56:34,2026.03.06 16:59:49,3,665.86,664.97,-89.0,-445.0,0.238,0.0,SL_HIT,654.74,660.636,647.772,0,1.708,0.111,654.74,0.6,0,1.0,-1.0,0,0,0,0,0.0,0,0.577,0.397,1,0.577,0.3,0.053,0.273,0.15,0.0,654.74,0.76,0.775,1,2,0.343,0,3800,0.489,2.74,0,0.15,0.3,0.053,0.243,0.577,1.0,0,-1.0,97.0,530.4
32298,LMTm_20260306180003_1,LMTm,BREAKOUT_RETEST,BUY,0,2026.03.06 18:00:03,2026.03.06 18:00:46,0,666.19,665.74,-45.0,-225.0,0.14,0.0,SL_HIT,664.0105,668.164,658.011,1,0.111,0.578,654.7805,0.55,0,0.75,0.545,0,0,0,0,0.0,0,0.688,0.406,1,0.688,0.164,0.088,0.127,0.25,0.0,668.164,0.6,0.621,1,2,0.343,0,3802,0.471,1.74,0,0.25,0.164,0.088,0.253,0.688,0.75,1,0.545,82.0,535.4
32302,LMTm_20260306180118_2,LMTm,PULLBACK,BUY,0,2026.03.06 18:01:18,2026.03.06 18:01:57,0,667.5,666.64,-86.0,-430.0,0.161,0.0,SL_HIT,664.0105,668.164,658.011,1,0.111,0.578,654.7805,0.55,0,0.75,0.545,0,0,0,0,0.0,0,0.688,0.384,1,0.688,0.164,0.088,0.241,0.25,0.0,664.0105,0.7,0.824,1,2,0.343,0,3802,0.52,1.18,0,0.25,0.164,0.088,0.241,0.688,0.75,1,0.545,82.0,535.4
32299,LMTm_20260306180003_1,LMTm,BREAKOUT_RETEST,BUY,1,2026.03.06 18:00:03,2026.03.06 18:08:59,8,666.19,666.92,73.0,365.0,0.14,0.222,TRAIL_STOP,664.0105,668.164,658.011,1,0.111,0.578,654.7805,0.55,0,0.75,0.545,0,0,0,0,0.0,0,0.688,0.406,1,0.688,0.164,0.088,0.127,0.25,0.0,668.164,0.6,0.621,1,2,0.343,0,3802,0.471,1.74,0,0.25,0.164,0.088,0.241,0.688,0.75,1,0.545,82.0,535.4
32303,LMTm_20260306180118_2,LMTm,PULLBACK,BUY,1,2026.03.06 18:01:18,2026.03.06 18:08:59,7,667.5,666.92,-58.0,-290.0,0.172,0.0,SL_HIT,664.0105,668.164,658.011,1,0.111,0.578,654.7805,0.55,0,0.75,0.545,0,0,0,0,0.0,0,0.688,0.384,1,0.688,0.164,0.088,0.241,0.25,0.0,664.0105,0.7,0.824,1,2,0.343,0,3802,0.52,1.18,0,0.25,0.164,0.088,0.241,0.688,0.75,1,0.545,82.0,535.4
32297,LMTm_20260306180003_1,LMTm,BREAKOUT_RETEST,BUY,-1,2026.03.06 18:00:03,2026.03.06 18:19:38,19,666.19,669.14,295.0,1475.0,0.14,0.519,TP_HIT,664.0105,668.164,658.011,1,0.111,0.578,654.7805,0.55,0,0.75,0.545,0,0,0,0,0.0,0,0.688,0.406,1,0.688,0.164,0.088,0.127,0.25,0.0,668.164,0.6,0.621,1,2,0.343,0,3802,0.471,1.74,0,0.25,0.164,0.088,0.371,0.688,0.75,0,0.545,79.0,535.4
32301,LMTm_20260306180118_2,LMTm,PULLBACK,BUY,-1,2026.03.06 18:01:18,2026.03.06 18:23:51,22,667.5,670.25,275.0,1375.0,0.205,0.499,TP_HIT,664.0105,668.164,658.011,1,0.111,0.578,654.7805,0.55,0,0.75,0.545,0,0,0,0,0.0,0,0.688,0.384,1,0.688,0.164,0.088,0.241,0.25,0.0,664.0105,0.7,0.824,1,2,0.343,0,3802,0.52,1.18,0,0.25,0.164,0.088,0.371,0.688,0.75,0,0.545,80.0,535.4
32310,LMTm_20260306184054_0,LMTm,BREAKOUT,BUY,0,2026.03.06 18:40:54,2026.03.06 18:46:30,5,669.71,669.06,-65.0,-325.0,0.237,0.0,SL_HIT,664.0105,668.164,658.011,0,0.111,0.578,654.7805,0.55,0,0.75,0.545,0,0,0,0,0.0,0,0.688,0.421,1,0.688,0.164,0.088,0.369,0.25,0.0,666.7795,0.55,1.145,1,2,0.343,0,3802,0.43,2.97,0,0.25,0.164,0.088,0.369,0.688,0.75,0,0.545,80.0,535.4
32313,LMTm_20260306184323_3,LMTm,TREND_CONTINUATION,BUY,0,2026.03.06 18:43:23,2026.03.06 18:46:30,3,669.27,669.06,-21.0,-105.0,0.149,0.021,SL_HIT,664.0105,668.164,658.011,0,0.111,0.578,654.7805,0.55,0,0.75,0.545,0,0,0,0,0.0,0,0.688,0.417,1,0.688,0.164,0.088,0.369,0.25,0.0,666.7795,0.55,1.111,1,2,0.343,0,3802,0.445,2.08,0,0.25,0.164,0.088,0.369,0.688,0.75,0,0.545,80.0,535.4
32311,LMTm_20260306184054_0,LMTm,BREAKOUT,BUY,1,2026.03.06 18:40:54,2026.03.06 18:48:30,7,669.71,668.84,-87.0,-435.0,0.237,0.0,SL_HIT,664.0105,668.164,658.011,0,0.111,0.578,654.7805,0.55,0,0.75,0.545,0,0,0,0,0.0,0,0.688,0.421,1,0.688,0.164,0.088,0.369,0.25,0.0,666.7795,0.55,1.145,1,2,0.343,0,3802,0.43,2.97,0,0.25,0.164,0.088,0.369,0.688,0.75,0,0.545,81.0,535.4
32314,LMTm_20260306184323_3,LMTm,TREND_CONTINUATION,BUY,1,2026.03.06 18:43:23,2026.03.06 18:48:30,5,669.27,668.84,-43.0,-215.0,0.149,0.011,SL_HIT,664.0105,668.164,658.011,0,0.111,0.578,654.7805,0.55,0,0.75,0.545,0,0,0,0,0.0,0,0.688,0.417,1,0.688,0.164,0.088,0.369,0.25,0.0,666.7795,0.55,1.111,1,2,0.343,0,3802,0.445,2.08,0,0.25,0.164,0.088,0.369,0.688,0.75,0,0.545,81.0,535.4
32328,LMTm_20260309134047_2,LMTm,PULLBACK,BUY,-1,2026.03.09 13:40:47,2026.03.09 13:40:49,0,670.92,668.36,-256.0,-1280.0,0.0,0.0,SL_HIT,671.17,671.884,666.172,1,0.337,0.174,671.17,0.6,0,0.65,0.825,2,0,0,0,0.0,0,0.566,0.299,0,0.566,0.247,0.053,0.175,0.15,0.0,671.17,0.76,0.187,1,-2,0.347,0,3805,0.494,1.2,0,0.15,0.247,0.053,0.175,0.566,0.65,1,0.825,234.0,582.6
32329,LMTm_20260309134047_2,LMTm,PULLBACK,BUY,0,2026.03.09 13:40:47,2026.03.09 13:40:49,0,670.92,668.36,-256.0,-1280.0,0.0,0.0,SL_HIT,671.17,671.884,666.172,1,0.337,0.174,671.17,0.6,0,0.65,0.825,2,0,0,0,0.0,0,0.566,0.299,0,0.566,0.247,0.053,0.175,0.15,0.0,671.17,0.76,0.187,1,-2,0.347,0,3805,0.494,1.2,0,0.15,0.247,0.053,0.175,0.566,0.65,1,0.825,234.0,582.6
32330,LMTm_20260309134047_2,LMTm,PULLBACK,BUY,1,2026.03.09 13:40:47,2026.03.09 13:40:49,0,670.92,668.36,-256.0,-1280.0,0.0,0.0,SL_HIT,671.17,671.884,666.172,1,0.337,0.174,671.17,0.6,0,0.65,0.825,2,0,0,0,0.0,0,0.566,0.299,0,0.566,0.247,0.053,0.175,0.15,0.0,671.17,0.76,0.187,1,-2,0.347,0,3805,0.494,1.2,0,0.15,0.247,0.053,0.175,0.566,0.65,1,0.825,234.0,582.6
32320,LMTm_20260309134019_3,LMTm,TREND_CONTINUATION,BUY,0,2026.03.09 13:40:19,2026.03.09 13:40:49,0,669.64,667.67,-197.0,-985.0,0.529,0.0,SL_HIT,671.17,671.884,666.172,1,0.337,0.174,671.17,0.6,0,0.65,0.825,2,0,0,0,0.0,5,0.744,0.294,0,0.266,0.247,0.457,0.652,0.45,-0.0637,664.506,0.55,0.231,1,-2,0.347,0,3805,0.402,2.08,0,0.15,0.247,0.053,0.175,0.566,0.65,1,0.825,234.0,582.6
32323,LMTm_20260309134023_0,LMTm,BREAKOUT,BUY,0,2026.03.09 13:40:23,2026.03.09 13:40:49,0,669.18,667.67,-151.0,-755.0,0.45,0.0,SL_HIT,671.17,671.884,666.172,1,0.337,0.174,671.17,0.6,0,0.65,0.825,2,0,0,0,0.0,0,0.566,0.302,0,0.566,0.247,0.053,0.256,0.15,0.0,664.506,0.55,0.298,1,-2,0.347,0,3805,0.271,1.67,0,0.15,0.247,0.053,0.175,0.566,0.65,1,0.825,234.0,582.6
32326,LMTm_20260309134025_5,LMTm,MEAN_REVERSION,BUY,0,2026.03.09 13:40:25,2026.03.09 13:40:49,0,669.57,667.67,-190.0,-950.0,0.405,0.0,SL_HIT,671.17,671.884,666.172,1,0.337,0.174,671.17,0.6,0,0.65,0.825,2,0,0,0,0.0,0,0.566,0.303,0,0.566,0.247,0.053,0.232,0.15,0.0,664.506,0.55,0.305,1,-2,0.347,0,3805,0.543,0.99,0,0.15,0.247,0.053,0.175,0.566,0.65,1,0.825,234.0,582.6
32327,LMTm_20260309134025_5,LMTm,MEAN_REVERSION,BUY,1,2026.03.09 13:40:25,2026.03.09 13:40:49,0,669.57,667.67,-190.0,-950.0,0.405,0.0,SL_HIT,671.17,671.884,666.172,1,0.337,0.174,671.17,0.6,0,0.65,0.825,2,0,0,0,0.0,0,0.566,0.303,0,0.566,0.247,0.053,0.232,0.15,0.0,664.506,0.55,0.305,1,-2,0.347,0,3805,0.543,0.99,0,0.15,0.247,0.053,0.175,0.566,0.65,1,0.825,234.0,582.6
32321,LMTm_20260309134019_3,LMTm,TREND_CONTINUATION,BUY,1,2026.03.09 13:40:19,2026.03.09 13:41:05,0,669.64,667.24,-240.0,-1200.0,0.529,0.0,SL_HIT,671.17,671.884,666.172,1,0.337,0.174,671.17,0.6,0,0.65,0.825,2,0,0,0,0.0,5,0.744,0.294,0,0.266,0.247,0.457,0.652,0.45,-0.0637,664.506,0.55,0.231,1,-2,0.347,0,3805,0.402,2.08,0,0.15,0.247,0.053,0.256,0.566,0.65,1,0.825,232.0,582.6
32324,LMTm_20260309134023_0,LMTm,BREAKOUT,BUY,1,2026.03.09 13:40:23,2026.03.09 13:41:05,0,669.18,667.24,-194.0,-970.0,0.45,0.0,SL_HIT,671.17,671.884,666.172,1,0.337,0.174,671.17,0.6,0,0.65,0.825,2,0,0,0,0.0,0,0.566,0.302,0,0.566,0.247,0.053,0.256,0.15,0.0,664.506,0.55,0.298,1,-2,0.347,0,3805,0.271,1.67,0,0.15,0.247,0.053,0.256,0.566,0.65,1,0.825,232.0,582.6
32325,LMTm_20260309134025_5,LMTm,MEAN_REVERSION,BUY,-1,2026.03.09 13:40:25,2026.03.09 13:49:16,8,668.92,673.67,475.0,2050.0,0.551,0.79,TP_HIT,671.17,671.884,666.172,1,0.337,0.174,671.17,0.6,0,0.65,0.825,2,0,0,0,0.0,0,0.566,0.303,0,0.566,0.247,0.053,0.232,0.15,0.0,664.506,0.55,0.305,1,-2,0.347,0,3805,0.543,0.99,0,0.15,0.247,0.053,0.301,0.566,0.65,0,0.825,186.0,582.6
32342,LMTm_20260309154021_3,LMTm,TREND_CONTINUATION,BUY,0,2026.03.09 15:40:21,2026.03.09 15:40:31,0,670.93,669.71,-122.0,-610.0,0.174,0.0,SL_HIT,670.685,671.68,668.496,1,0.167,0.431,671.083,0.4,0,0.75,0.72,0,0,0,0,0.0,0,0.718,0.341,0,0.718,0.216,0.211,0.161,0.25,0.0,0.0,0.0,0.172,1,-2,0.347,0,3807,0.44,2.08,0,0.25,0.216,0.211,0.161,0.718,0.75,1,0.72,96.0,599.3
32345,LMTm_20260309154028_0,LMTm,BREAKOUT,BUY,0,2026.03.09 15:40:28,2026.03.09 15:40:31,0,670.91,669.71,-120.0,-600.0,0.17,0.0,SL_HIT,670.685,671.68,668.496,1,0.167,0.431,671.083,0.4,0,0.75,0.72,0,0,0,0,0.0,0,0.718,0.341,0,0.718,0.216,0.211,0.161,0.25,0.0,0.0,0.0,0.173,1,-2,0.347,0,3807,0.31,1.67,0,0.25,0.216,0.211,0.161,0.718,0.75,1,0.72,96.0,599.3
32348,LMTm_20260309154028_1,LMTm,BREAKOUT_RETEST,BUY,0,2026.03.09 15:40:28,2026.03.09 15:40:31,0,670.91,669.61,-130.0,-650.0,0.2,0.0,SL_HIT,670.685,671.68,668.496,1,0.167,0.431,671.083,0.4,0,0.75,0.72,0,0,0,0,0.0,0,0.718,0.341,0,0.718,0.216,0.211,0.161,0.25,0.0,0.0,0.0,0.173,1,-2,0.347,0,3807,0.467,1.85,0,0.25,0.216,0.211,0.146,0.718,0.75,1,0.72,96.0,599.3
32343,LMTm_20260309154021_3,LMTm,TREND_CONTINUATION,BUY,1,2026.03.09 15:40:21,2026.03.09 15:41:16,0,670.93,669.45,-148.0,-740.0,0.247,0.0,SL_HIT,670.685,671.68,668.496,1,0.167,0.431,671.083,0.4,0,0.75,0.72,0,0,0,0,0.0,0,0.718,0.341,0,0.718,0.216,0.211,0.161,0.25,0.0,0.0,0.0,0.172,1,-2,0.347,0,3807,0.44,2.08,0,0.25,0.216,0.211,0.146,0.718,0.75,1,0.72,97.0,599.3
32346,LMTm_20260309154028_0,LMTm,BREAKOUT,BUY,1,2026.03.09 15:40:28,2026.03.09 15:41:16,0,670.91,669.45,-146.0,-730.0,0.244,0.0,SL_HIT,670.685,671.68,668.496,1,0.167,0.431,671.083,0.4,0,0.75,0.72,0,0,0,0,0.0,0,0.718,0.341,0,0.718,0.216,0.211,0.161,0.25,0.0,0.0,0.0,0.173,1,-2,0.347,0,3807,0.31,1.67,0,0.25,0.216,0.211,0.146,0.718,0.75,1,0.72,97.0,599.3
32349,LMTm_20260309154028_1,LMTm,BREAKOUT_RETEST,BUY,1,2026.03.09 15:40:28,2026.03.09 15:41:16,0,670.91,669.45,-146.0,-730.0,0.244,0.0,SL_HIT,670.685,671.68,668.496,1,0.167,0.431,671.083,0.4,0,0.75,0.72,0,0,0,0,0.0,0,0.718,0.341,0,0.718,0.216,0.211,0.161,0.25,0.0,0.0,0.0,0.173,1,-2,0.347,0,3807,0.467,1.85,0,0.25,0.216,0.211,0.146,0.718,0.75,1,0.72,97.0,599.3
32347,LMTm_20260309154028_1,LMTm,BREAKOUT_RETEST,BUY,-1,2026.03.09 15:40:28,2026.03.09 15:43:04,2,670.91,668.96,-195.0,-975.0,0.29,0.0,SL_HIT,670.685,671.68,668.496,1,0.167,0.431,671.083,0.4,0,0.75,0.72,0,0,0,0,0.0,0,0.718,0.341,0,0.718,0.216,0.211,0.161,0.25,0.0,0.0,0.0,0.173,1,-2,0.347,0,3807,0.467,1.85,0,0.25,0.216,0.211,0.157,0.718,0.75,1,0.72,97.0,599.3
32358,LMTm_20260309161440_2,LMTm,PULLBACK,BUY,0,2026.03.09 16:14:40,2026.03.09 16:15:02,0,671.58,670.6,-98.0,-490.0,0.134,0.0,SL_HIT,670.685,672.078,668.894,1,0.02,0.454,671.083,0.4,0,0.8,0.93,0,0,0,0,0.0,0,0.738,0.387,1,0.738,0.279,0.113,0.0,0.0,0.0,668.894,0.6,0.142,1,2,0.34,0,3808,0.57,1.64,0,0.0,0.279,0.113,0.0,0.738,0.8,1,0.93,90.0,588.7
32359,LMTm_20260309161440_2,LMTm,PULLBACK,BUY,1,2026.03.09 16:14:40,2026.03.09 16:16:22,1,671.58,670.29,-129.0,-645.0,0.207,0.0,SL_HIT,670.685,672.078,668.894,1,0.02,0.454,671.083,0.4,0,0.8,0.93,0,0,0,0,0.0,0,0.738,0.387,1,0.738,0.279,0.113,0.0,0.0,0.0,668.894,0.6,0.142,1,2,0.34,0,3808,0.57,1.64,0,0.0,0.279,0.113,0.034,0.738,0.8,1,0.93,89.0,588.7
32357,LMTm_20260309161440_2,LMTm,PULLBACK,BUY,-1,2026.03.09 16:14:40,2026.03.09 17:33:01,78,671.58,669.11,-247.0,-1235.0,0.391,0.435,SL_HIT,670.685,672.078,668.894,1,0.02,0.454,671.083,0.4,0,0.8,0.93,0,0,0,0,0.0,0,0.738,0.387,1,0.738,0.279,0.113,0.0,0.0,0.0,668.894,0.6,0.142,1,2,0.34,0,3808,0.57,1.64,0,0.25,0.237,0.236,0.201,0.701,1.0,1,0.79,77.0,585.6
32364,LMTm_20260309174100_1,LMTm,BREAKOUT_RETEST,BUY,0,2026.03.09 17:41:00,2026.03.09 17:41:54,0,670.84,670.12,-72.0,-360.0,0.125,0.0,SL_HIT,670.04125,672.31,669.01,1,0.408,1.113,670.04125,0.4,0,1.0,0.79,0,0,0,0,0.0,0,0.701,0.362,1,0.701,0.237,0.236,0.1,0.25,0.0,672.31,0.6,0.183,1,2,0.34,0,3809,0.58,1.26,0,0.25,0.237,0.236,0.1,0.701,1.0,1,0.79,75.0,585.6
32368,LMTm_20260309174416_0,LMTm,BREAKOUT,BUY,0,2026.03.09 17:44:16,2026.03.09 17:46:03,1,671.36,670.75,-61.0,-305.0,0.125,0.0,SL_HIT,670.04125,672.31,669.01,1,0.408,1.113,670.04125,0.4,0,1.0,0.79,0,0,0,0,0.0,0,0.701,0.35,1,0.701,0.237,0.236,0.213,0.25,0.0,0.0,0.0,0.187,1,2,0.34,0,3809,0.388,1.67,0,0.25,0.237,0.236,0.213,0.701,1.0,1,0.79,74.0,585.6
32371,LMTm_20260309174418_3,LMTm,TREND_CONTINUATION,BUY,0,2026.03.09 17:44:18,2026.03.09 17:46:03,1,671.46,670.75,-71.0,-355.0,0.14,0.0,SL_HIT,670.04125,672.31,669.01,1,0.408,1.113,670.04125,0.4,0,1.0,0.79,0,0,0,0,0.0,0,0.701,0.35,0,0.701,0.237,0.236,0.213,0.25,0.0,0.0,0.0,0.184,1,2,0.34,0,3809,0.538,2.08,0,0.25,0.237,0.236,0.213,0.701,1.0,1,0.79,74.0,585.6
32365,LMTm_20260309174100_1,LMTm,BREAKOUT_RETEST,BUY,1,2026.03.09 17:41:00,2026.03.09 17:53:43,12,670.84,670.76,-8.0,-40.0,0.133,0.085,SL_HIT,670.04125,672.31,669.01,1,0.408,1.113,670.04125,0.4,0,1.0,0.79,0,0,0,0,0.0,0,0.701,0.362,1,0.701,0.237,0.236,0.1,0.25,0.0,672.31,0.6,0.183,1,2,0.34,0,3809,0.58,1.26,0,0.25,0.237,0.236,0.213,0.701,1.0,1,0.79,73.0,585.6
32369,LMTm_20260309174416_0,LMTm,BREAKOUT,BUY,1,2026.03.09 17:44:16,2026.03.09 17:53:43,9,671.36,670.76,-60.0,-300.0,0.125,0.0,SL_HIT,670.04125,672.31,669.01,1,0.408,1.113,670.04125,0.4,0,1.0,0.79,0,0,0,0,0.0,0,0.701,0.35,1,0.701,0.237,0.236,0.213,0.25,0.0,0.0,0.0,0.187,1,2,0.34,0,3809,0.388,1.67,0,0.25,0.237,0.236,0.213,0.701,1.0,1,0.79,73.0,585.6
32372,LMTm_20260309174418_3,LMTm,TREND_CONTINUATION,BUY,1,2026.03.09 17:44:18,2026.03.09 17:53:43,9,671.46,670.76,-70.0,-350.0,0.142,0.0,SL_HIT,670.04125,672.31,669.01,1,0.408,1.113,670.04125,0.4,0,1.0,0.79,0,0,0,0,0.0,0,0.701,0.35,0,0.701,0.237,0.236,0.213,0.25,0.0,0.0,0.0,0.184,1,2,0.34,0,3809,0.538,2.08,0,0.25,0.237,0.236,0.213,0.701,1.0,1,0.79,73.0,585.6
32363,LMTm_20260309174100_1,LMTm,BREAKOUT_RETEST,BUY,-1,2026.03.09 17:41:00,2026.03.09 18:15:48,34,670.84,668.97,-187.0,-935.0,0.299,0.073,SL_HIT,670.04125,672.31,669.01,1,0.408,1.113,670.04125,0.4,0,1.0,0.79,0,0,0,0,0.0,0,0.701,0.362,1,0.701,0.237,0.236,0.1,0.25,0.0,672.31,0.6,0.183,1,2,0.34,0,3809,0.58,1.26,0,0.15,0.3,0.169,0.263,0.647,0.8,0,1.0,73.0,595.3
32380,LMTm_20260309190451_5,LMTm,MEAN_REVERSION,BUY,0,2026.03.09 19:04:51,2026.03.09 19:05:03,0,669.67,668.82,-85.0,-425.0,0.123,0.0,SL_HIT,670.14525,672.458,669.094,0,0.47,0.032,670.14525,0.4,0,1.0,1.0,0,0,0,0,0.0,0,0.658,0.396,1,0.658,0.3,0.182,0.333,0.15,0.0,672.458,0.6,0.655,1,2,0.34,0,3811,0.592,0.82,0,0.15,0.3,0.182,0.324,0.658,1.0,0,1.0,77.0,586.3
32381,LMTm_20260309190451_5,LMTm,MEAN_REVERSION,BUY,1,2026.03.09 19:04:51,2026.03.09 19:05:26,0,669.67,668.58,-109.0,-545.0,0.169,0.0,SL_HIT,670.14525,672.458,669.094,0,0.47,0.032,670.14525,0.4,0,1.0,1.0,0,0,0,0,0.0,0,0.658,0.396,1,0.658,0.3,0.182,0.333,0.15,0.0,672.458,0.6,0.655,1,2,0.34,0,3811,0.592,0.82,0,0.15,0.3,0.182,0.333,0.658,1.0,0,1.0,77.0,586.3
32384,LMTm_20260309192006_2,LMTm,PULLBACK,BUY,-1,2026.03.09 19:20:06,2026.03.09 19:22:27,2,672.63,670.26,-237.0,-1325.0,0.345,0.017,SL_HIT,670.14525,672.458,669.094,1,0.47,0.032,670.14525,0.4,0,1.0,1.0,0,0,0,0,0.0,0,0.658,0.348,0,0.658,0.3,0.182,0.24,0.15,0.0,670.14525,0.725,0.243,1,2,0.34,0,3811,0.627,1.14,0,0.15,0.3,0.182,0.06,0.658,1.0,1,1.0,81.0,586.3
32385,LMTm_20260309192006_2,LMTm,PULLBACK,BUY,0,2026.03.09 19:20:06,2026.03.09 19:22:27,2,672.91,670.26,-265.0,-1325.0,0.392,0.0,SL_HIT,670.14525,672.458,669.094,1,0.47,0.032,670.14525,0.4,0,1.0,1.0,0,0,0,0,0.0,0,0.658,0.348,0,0.658,0.3,0.182,0.24,0.15,0.0,670.14525,0.725,0.243,1,2,0.34,0,3811,0.627,1.14,0,0.15,0.3,0.182,0.06,0.658,1.0,1,1.0,81.0,586.3
32386,LMTm_20260309192006_2,LMTm,PULLBACK,BUY,1,2026.03.09 19:20:06,2026.03.09 19:22:27,2,672.91,670.26,-265.0,-1325.0,0.392,0.0,SL_HIT,670.14525,672.458,669.094,1,0.47,0.032,670.14525,0.4,0,1.0,1.0,0,0,0,0,0.0,0,0.658,0.348,0,0.658,0.3,0.182,0.24,0.15,0.0,670.14525,0.725,0.243,1,2,0.34,0,3811,0.627,1.14,0,0.15,0.3,0.182,0.06,0.658,1.0,1,1.0,81.0,586.3
32309,LMTm_20260306184054_0,LMTm,BREAKOUT,BUY,-1,2026.03.06 18:40:54,2026.03.09 19:26:18,4365,669.71,665.2,-451.0,-2391.5,0.826,0.827,SL_HIT,664.0105,668.164,658.011,0,0.111,0.578,654.7805,0.55,0,0.75,0.545,0,0,0,0,0.0,0,0.688,0.421,1,0.688,0.164,0.088,0.369,0.25,0.0,666.7795,0.55,1.145,1,2,0.343,0,3802,0.43,2.97,0,0.15,0.3,0.182,0.35,0.658,1.0,0,1.0,102.0,586.3
32379,LMTm_20260309190451_5,LMTm,MEAN_REVERSION,BUY,-1,2026.03.09 19:04:51,2026.03.09 19:26:22,21,669.39,664.49,-490.0,-2590.0,0.795,0.57,SL_HIT,670.14525,672.458,669.094,0,0.47,0.032,670.14525,0.4,0,1.0,1.0,0,0,0,0,0.0,0,0.658,0.396,1,0.658,0.3,0.182,0.333,0.15,0.0,672.458,0.6,0.655,1,2,0.34,0,3811,0.592,0.82,0,0.15,0.3,0.182,0.35,0.658,1.0,0,1.0,102.0,586.3
32370,LMTm_20260309174418_3,LMTm,TREND_CONTINUATION,BUY,-1,2026.03.09 17:44:18,2026.03.09 19:26:22,102,671.46,664.34,-712.0,-3560.0,1.19,0.217,SL_HIT,670.04125,672.31,669.01,1,0.408,1.113,670.04125,0.4,0,1.0,0.79,0,0,0,0,0.0,0,0.701,0.35,0,0.701,0.237,0.236,0.213,0.25,0.0,0.0,0.0,0.184,1,2,0.34,0,3809,0.538,2.08,0,0.15,0.3,0.182,0.35,0.658,1.0,0,1.0,102.0,586.3
32341,LMTm_20260309154021_3,LMTm,TREND_CONTINUATION,BUY,-1,2026.03.09 15:40:21,2026.03.09 19:30:45,230,670.93,663.63,-730.0,-3650.0,1.185,0.536,SL_HIT,670.685,671.68,668.496,1,0.167,0.431,671.083,0.4,0,0.75,0.72,0,0,0,0,0.0,0,0.718,0.341,0,0.718,0.216,0.211,0.161,0.25,0.0,0.0,0.0,0.172,1,-2,0.347,0,3807,0.44,2.08,0,0.15,0.3,0.182,0.35,0.658,1.0,0,1.0,110.0,586.3
32312,LMTm_20260306184323_3,LMTm,TREND_CONTINUATION,BUY,-1,2026.03.06 18:43:23,2026.03.09 19:31:15,4367,669.27,662.79,-648.0,-3376.5,1.16,0.91,SL_HIT,664.0105,668.164,658.011,0,0.111,0.578,654.7805,0.55,0,0.75,0.545,0,0,0,0,0.0,0,0.688,0.417,1,0.688,0.164,0.088,0.369,0.25,0.0,666.7795,0.55,1.111,1,2,0.343,0,3802,0.445,2.08,0,0.15,0.3,0.182,0.35,0.658,1.0,0,1.0,109.0,586.3
32367,LMTm_20260309174416_0,LMTm,BREAKOUT,BUY,-1,2026.03.09 17:44:16,2026.03.09 19:31:15,106,671.27,662.49,-878.0,-4435.0,1.474,0.249,SL_HIT,670.04125,672.31,669.01,1,0.408,1.113,670.04125,0.4,0,1.0,0.79,0,0,0,0,0.0,0,0.701,0.35,1,0.701,0.237,0.236,0.213,0.25,0.0,0.0,0.0,0.187,1,2,0.34,0,3809,0.388,1.67,0,0.15,0.3,0.182,0.35,0.658,1.0,0,1.0,110.0,586.3
32292,LMTm_20260306165634_7,LMTm,ANCHORED_PULLBACK,BUY,-1,2026.03.06 16:56:34,2026.03.09 19:31:15,4474,665.86,662.08,-378.0,-2026.5,0.635,1.561,SL_HIT,654.74,660.636,647.772,0,1.708,0.111,654.74,0.6,0,1.0,-1.0,0,0,0,0,0.0,0,0.577,0.397,1,0.577,0.3,0.053,0.273,0.15,0.0,654.74,0.76,0.775,1,2,0.343,0,3800,0.489,2.74,0,0.15,0.3,0.182,0.35,0.658,1.0,0,1.0,111.0,586.3
32344,LMTm_20260309154028_0,LMTm,BREAKOUT,BUY,-1,2026.03.09 15:40:28,2026.03.09 19:31:15,230,670.91,661.92,-899.0,-4495.0,1.473,0.539,SL_HIT,670.685,671.68,668.496,1,0.167,0.431,671.083,0.4,0,0.75,0.72,0,0,0,0,0.0,0,0.718,0.341,0,0.718,0.216,0.211,0.161,0.25,0.0,0.0,0.0,0.173,1,-2,0.347,0,3807,0.31,1.67,0,0.15,0.3,0.182,0.35,0.658,1.0,0,1.0,111.0,586.3
32319,LMTm_20260309134019_3,LMTm,TREND_CONTINUATION,BUY,-1,2026.03.09 13:40:19,2026.03.09 19:31:21,351,668.84,661.43,-741.0,-4105.0,1.188,0.91,SL_HIT,671.17,671.884,666.172,1,0.337,0.174,671.17,0.6,0,0.65,0.825,2,0,0,0,0.0,5,0.744,0.294,0,0.266,0.247,0.457,0.652,0.45,-0.0637,664.506,0.55,0.231,1,-2,0.347,0,3805,0.402,2.08,0,0.15,0.3,0.182,0.35,0.658,1.0,0,1.0,114.0,586.3
32391,LMTm_20260309192506_4,LMTm,SWEEP_REVERSAL,BUY,0,2026.03.09 19:25:06,2026.03.09 19:31:21,6,667.08,661.05,-603.0,-3015.0,0.964,0.019,SL_HIT,670.14525,672.458,669.094,0,0.47,0.032,670.14525,0.4,0,1.0,1.0,0,0,0,0,0.0,0,0.658,0.519,2,0.658,0.3,0.182,0.35,0.15,0.0,670.14525,0.725,1.706,1,2,0.34,0,3811,0.22,0.81,0,0.15,0.3,0.182,0.35,0.658,1.0,0,1.0,117.0,586.3
32392,LMTm_20260309192506_4,LMTm,SWEEP_REVERSAL,BUY,1,2026.03.09 19:25:06,2026.03.09 19:31:21,6,667.08,661.05,-603.0,-3015.0,0.964,0.019,SL_HIT,670.14525,672.458,669.094,0,0.47,0.032,670.14525,0.4,0,1.0,1.0,0,0,0,0,0.0,0,0.658,0.519,2,0.658,0.3,0.182,0.35,0.15,0.0,670.14525,0.725,1.706,1,2,0.34,0,3811,0.22,0.81,0,0.15,0.3,0.182,0.35,0.658,1.0,0,1.0,117.0,586.3
32322,LMTm_20260309134023_0,LMTm,BREAKOUT,BUY,-1,2026.03.09 13:40:23,2026.03.09 19:35:58,355,669.18,660.44,-874.0,-4370.0,1.445,0.851,SL_HIT,671.17,671.884,666.172,1,0.337,0.174,671.17,0.6,0,0.65,0.825,2,0,0,0,0.0,0,0.566,0.302,0,0.566,0.247,0.053,0.256,0.15,0.0,664.506,0.55,0.298,1,-2,0.347,0,3805,0.271,1.67,0,0.15,0.3,0.182,0.35,0.658,1.0,0,1.0,110.0,586.3
32390,LMTm_20260309192506_4,LMTm,SWEEP_REVERSAL,BUY,-1,2026.03.09 19:25:06,2026.03.09 19:35:58,10,666.36,660.44,-592.0,-3320.0,0.955,0.142,SL_HIT,670.14525,672.458,669.094,0,0.47,0.032,670.14525,0.4,0,1.0,1.0,0,0,0,0,0.0,0,0.658,0.519,2,0.658,0.3,0.182,0.35,0.15,0.0,670.14525,0.725,1.706,1,2,0.34,0,3811,0.22,0.81,0,0.15,0.3,0.182,0.35,0.658,1.0,0,1.0,110.0,586.3
32407,LMTm_20260309194434_3,LMTm,TREND_CONTINUATION,BUY,0,2026.03.09 19:44:34,2026.03.10 13:40:57,1076,662.82,655.7,-712.0,-3605.5,0.276,0.0,SL_HIT,670.14525,672.458,669.094,0,0.47,0.032,670.14525,0.4,0,1.0,1.0,0,0,0,0,0.0,0,0.658,0.486,1,0.658,0.3,0.182,0.35,0.15,0.0,670.14525,0.725,1.423,1,2,0.34,0,3811,0.601,1.21,2,0.15,0.989,0.053,0.358,0.639,1.0,0,0.9617,226.0,649.6
32408,LMTm_20260309194434_3,LMTm,TREND_CONTINUATION,BUY,1,2026.03.09 19:44:34,2026.03.10 13:40:57,1076,662.82,655.7,-712.0,-3605.5,0.276,0.0,SL_HIT,670.14525,672.458,669.094,0,0.47,0.032,670.14525,0.4,0,1.0,1.0,0,0,0,0,0.0,0,0.658,0.486,1,0.658,0.3,0.182,0.35,0.15,0.0,670.14525,0.725,1.423,1,2,0.34,0,3811,0.601,1.21,2,0.15,0.989,0.053,0.358,0.639,1.0,0,0.9617,226.0,649.6
32406,LMTm_20260309194434_3,LMTm,TREND_CONTINUATION,BUY,-1,2026.03.09 19:44:34,2026.03.10 13:41:05,1076,662.71,654.95,-776.0,-3980.5,1.196,0.0,SL_HIT,670.14525,672.458,669.094,0,0.47,0.032,670.14525,0.4,0,1.0,1.0,0,0,0,0,0.0,0,0.658,0.486,1,0.658,0.3,0.182,0.35,0.15,0.0,670.14525,0.725,1.423,1,2,0.34,0,3811,0.601,1.21,0,0.15,0.289,0.053,0.358,0.653,1.0,0,0.9617,226.0,649.6
32409,LMTm_20260309194447_0,LMTm,BREAKOUT,BUY,-1,2026.03.09 19:44:47,2026.03.10 14:09:38,1104,662.37,653.57,-880.0,-4445.5,1.496,0.0,SL_HIT,670.14525,672.458,669.094,0,0.47,0.032,670.14525,0.4,0,1.0,1.0,0,0,0,0,0.0,0,0.658,0.483,1,0.658,0.3,0.182,0.35,0.15,0.0,670.14525,0.725,1.398,1,2,0.34,0,3811,0.521,1.0,0,0.15,0.122,0.053,0.338,0.782,0.258,0,-0.4069,151.0,628.5
32410,LMTm_20260309194447_0,LMTm,BREAKOUT,BUY,0,2026.03.09 19:44:47,2026.03.10 14:09:38,1104,662.37,653.57,-880.0,-4445.5,1.496,0.0,SL_HIT,670.14525,672.458,669.094,0,0.47,0.032,670.14525,0.4,0,1.0,1.0,0,0,0,0,0.0,0,0.658,0.483,1,0.658,0.3,0.182,0.35,0.15,0.0,670.14525,0.725,1.398,1,2,0.34,0,3811,0.521,1.0,0,0.15,0.122,0.053,0.338,0.782,0.258,0,-0.4069,151.0,628.5
32411,LMTm_20260309194447_0,LMTm,BREAKOUT,BUY,1,2026.03.09 19:44:47,2026.03.10 14:09:38,1104,662.37,653.57,-880.0,-4445.5,1.496,0.0,SL_HIT,670.14525,672.458,669.094,0,0.47,0.032,670.14525,0.4,0,1.0,1.0,0,0,0,0,0.0,0,0.658,0.483,1,0.658,0.3,0.182,0.35,0.15,0.0,670.14525,0.725,1.398,1,2,0.34,0,3811,0.521,1.0,0,0.15,0.122,0.053,0.338,0.782,0.258,0,-0.4069,151.0,628.5
32428,LMTm_20260310134107_5,LMTm,MEAN_REVERSION,BUY,0,2026.03.10 13:41:07,2026.03.10 14:09:38,28,656.82,653.57,-325.0,-1625.0,0.496,0.2,SL_HIT,669.991,674.14,667.686,0,2.058,0.071,669.991,0.35,0,1.0,0.9617,0,0,0,0,0.0,0,0.653,0.391,1,0.653,0.289,0.053,0.358,0.15,0.0,642.8935,0.65,1.098,1,2,0.355,0,3812,0.592,2.97,0,0.15,0.122,0.053,0.338,0.782,0.258,0,-0.4069,151.0,628.5
32415,LMTm_20260310134057_0,LMTm,BREAKOUT,BUY,0,2026.03.10 13:40:57,2026.03.10 14:15:36,34,657.96,655.22,-274.0,-1370.0,0.733,0.025,SL_HIT,669.991,674.14,667.686,0,2.058,0.071,669.991,0.35,0,1.0,0.9617,0,0,0,0,0.0,2,1.0,0.509,2,0.639,0.989,0.053,0.358,0.15,0.4757,669.991,0.724,1.36,1,2,0.355,0,3812,0.627,1.47,0,0.15,0.122,0.053,0.294,0.782,0.258,0,-0.4069,143.0,628.5
32418,LMTm_20260310134057_2,LMTm,PULLBACK,BUY,0,2026.03.10 13:40:57,2026.03.10 14:15:36,34,657.96,655.22,-274.0,-1370.0,0.733,0.025,SL_HIT,669.991,674.14,667.686,0,2.058,0.071,669.991,0.35,0,1.0,0.9617,0,0,0,0,0.0,0,0.653,0.382,1,0.653,0.289,0.053,0.358,0.15,0.0,669.991,0.724,1.02,1,2,0.355,0,3812,0.482,1.47,0,0.15,0.122,0.053,0.294,0.782,0.258,0,-0.4069,143.0,628.5
32421,LMTm_20260310134104_3,LMTm,TREND_CONTINUATION,BUY,0,2026.03.10 13:41:04,2026.03.10 14:15:36,34,657.97,655.22,-275.0,-1375.0,0.734,0.023,SL_HIT,669.991,674.14,667.686,0,2.058,0.071,669.991,0.35,0,1.0,0.9617,0,0,0,0,0.0,0,0.653,0.382,1,0.653,0.289,0.053,0.358,0.15,0.0,669.991,0.724,1.019,1,2,0.355,0,3812,0.566,1.83,0,0.15,0.122,0.053,0.294,0.782,0.258,0,-0.4069,143.0,628.5
32425,LMTm_20260310134105_4,LMTm,SWEEP_REVERSAL,BUY,0,2026.03.10 13:41:05,2026.03.10 14:15:36,34,656.81,655.22,-159.0,-795.0,0.556,0.202,SL_HIT,669.991,674.14,667.686,0,2.058,0.071,669.991,0.35,0,1.0,0.9617,0,0,0,0,0.0,0,0.653,0.388,1,0.653,0.289,0.053,0.358,0.15,0.0,642.8935,0.65,1.071,1,2,0.355,0,3812,0.155,2.32,0,0.15,0.122,0.053,0.294,0.782,0.258,0,-0.4069,143.0,628.5
32416,LMTm_20260310134057_0,LMTm,BREAKOUT,BUY,1,2026.03.10 13:40:57,2026.03.10 14:15:45,34,657.96,655.05,-291.0,-1455.0,0.733,0.025,SL_HIT,669.991,674.14,667.686,0,2.058,0.071,669.991,0.35,0,1.0,0.9617,0,0,0,0,0.0,2,1.0,0.509,2,0.639,0.989,0.053,0.358,0.15,0.4757,669.991,0.724,1.36,1,2,0.355,0,3812,0.627,1.47,0,0.15,0.122,0.053,0.338,0.782,0.258,0,-0.4069,143.0,628.5
32419,LMTm_20260310134057_2,LMTm,PULLBACK,BUY,1,2026.03.10 13:40:57,2026.03.10 14:15:45,34,657.96,655.05,-291.0,-1455.0,0.733,0.025,SL_HIT,669.991,674.14,667.686,0,2.058,0.071,669.991,0.35,0,1.0,0.9617,0,0,0,0,0.0,0,0.653,0.382,1,0.653,0.289,0.053,0.358,0.15,0.0,669.991,0.724,1.02,1,2,0.355,0,3812,0.482,1.47,0,0.15,0.122,0.053,0.338,0.782,0.258,0,-0.4069,143.0,628.5
32422,LMTm_20260310134104_3,LMTm,TREND_CONTINUATION,BUY,1,2026.03.10 13:41:04,2026.03.10 14:15:45,34,657.97,655.05,-292.0,-1460.0,0.734,0.023,SL_HIT,669.991,674.14,667.686,0,2.058,0.071,669.991,0.35,0,1.0,0.9617,0,0,0,0,0.0,0,0.653,0.382,1,0.653,0.289,0.053,0.358,0.15,0.0,669.991,0.724,1.019,1,2,0.355,0,3812,0.566,1.83,0,0.15,0.122,0.053,0.338,0.782,0.258,0,-0.4069,143.0,628.5
32426,LMTm_20260310134105_4,LMTm,SWEEP_REVERSAL,BUY,1,2026.03.10 13:41:05,2026.03.10 14:15:45,34,656.81,655.05,-176.0,-880.0,0.556,0.202,SL_HIT,669.991,674.14,667.686,0,2.058,0.071,669.991,0.35,0,1.0,0.9617,0,0,0,0,0.0,0,0.653,0.388,1,0.653,0.289,0.053,0.358,0.15,0.0,642.8935,0.65,1.071,1,2,0.355,0,3812,0.155,2.32,0,0.15,0.122,0.053,0.338,0.782,0.258,0,-0.4069,143.0,628.5
32429,LMTm_20260310134107_5,LMTm,MEAN_REVERSION,BUY,1,2026.03.10 13:41:07,2026.03.10 14:15:45,34,656.82,655.05,-177.0,-885.0,0.557,0.2,SL_HIT,669.991,674.14,667.686,0,2.058,0.071,669.991,0.35,0,1.0,0.9617,0,0,0,0,0.0,0,0.653,0.391,1,0.653,0.289,0.053,0.358,0.15,0.0,642.8935,0.65,1.098,1,2,0.355,0,3812,0.592,2.97,0,0.15,0.122,0.053,0.338,0.782,0.258,0,-0.4069,143.0,628.5
32444,LMTm_20260310154107_5,LMTm,MEAN_REVERSION,BUY,0,2026.03.10 15:41:07,2026.03.10 15:42:05,0,657.88,656.88,-100.0,-500.0,0.158,0.0,SL_HIT,670.44225,674.14,656.1795,1,0.202,0.758,670.44225,0.85,0,0.75,-0.72,2,0,0,0,0.0,0,0.459,0.43,1,0.459,0.216,0.0,0.198,0.0,0.0,655.123,0.55,0.986,1,2,0.355,0,3814,0.548,2.95,0,0.0,0.216,0.0,0.198,0.459,0.75,1,-0.72,89.0,570.5
32445,LMTm_20260310154107_5,LMTm,MEAN_REVERSION,BUY,1,2026.03.10 15:41:07,2026.03.10 15:49:12,8,657.88,657.89,1.0,5.0,0.175,0.116,TRAIL_STOP,670.44225,674.14,656.1795,1,0.202,0.758,670.44225,0.85,0,0.75,-0.72,2,0,0,0,0.0,0,0.459,0.43,1,0.459,0.216,0.0,0.198,0.0,0.0,655.123,0.55,0.986,1,2,0.355,0,3814,0.548,2.95,0,0.0,0.216,0.0,0.286,0.459,0.75,1,-0.72,91.0,570.5
32449,LMTm_20260310155229_7,LMTm,ANCHORED_PULLBACK,BUY,0,2026.03.10 15:52:29,2026.03.10 15:53:35,1,658.61,657.65,-96.0,-480.0,0.182,0.0,SL_HIT,670.44225,674.14,656.1795,1,0.202,0.758,670.44225,0.85,0,0.75,-0.72,2,0,0,0,0.0,0,0.459,0.449,1,0.459,0.216,0.0,0.286,0.0,0.0,655.123,0.55,1.153,1,2,0.355,0,3814,0.295,1.8,0,0.0,0.216,0.0,0.286,0.459,0.75,1,-0.72,85.0,570.5
32450,LMTm_20260310155229_7,LMTm,ANCHORED_PULLBACK,BUY,1,2026.03.10 15:52:29,2026.03.10 15:53:51,1,658.61,657.37,-124.0,-620.0,0.188,0.0,SL_HIT,670.44225,674.14,656.1795,1,0.202,0.758,670.44225,0.85,0,0.75,-0.72,2,0,0,0,0.0,0,0.459,0.449,1,0.459,0.216,0.0,0.286,0.0,0.0,655.123,0.55,1.153,1,2,0.355,0,3814,0.295,1.8,0,0.0,0.216,0.0,0.286,0.459,0.75,1,-0.72,85.0,570.5
32448,LMTm_20260310155229_7,LMTm,ANCHORED_PULLBACK,BUY,-1,2026.03.10 15:52:29,2026.03.10 15:53:51,1,658.61,657.14,-147.0,-735.0,0.242,0.0,SL_HIT,670.44225,674.14,656.1795,1,0.202,0.758,670.44225,0.85,0,0.75,-0.72,2,0,0,0,0.0,0,0.459,0.449,1,0.459,0.216,0.0,0.286,0.0,0.0,655.123,0.55,1.153,1,2,0.355,0,3814,0.295,1.8,0,0.0,0.216,0.0,0.198,0.459,0.75,1,-0.72,85.0,570.5
32455,LMTm_20260310155441_4,LMTm,SWEEP_REVERSAL,BUY,0,2026.03.10 15:54:41,2026.03.10 15:55:16,0,657.06,656.0,-106.0,-530.0,0.168,0.0,SL_HIT,670.44225,674.14,656.1795,0,0.202,0.758,670.44225,0.85,0,0.75,-0.72,2,0,0,0,0.0,0,0.459,0.409,1,0.459,0.216,0.0,0.042,0.0,0.0,670.44225,0.722,0.81,1,2,0.355,0,3814,0.102,7.1,0,0.0,0.216,0.0,0.042,0.459,0.75,0,-0.72,87.0,570.5
32456,LMTm_20260310155441_4,LMTm,SWEEP_REVERSAL,BUY,1,2026.03.10 15:54:41,2026.03.10 16:02:22,7,657.06,655.96,-110.0,-550.0,0.186,0.0,SL_HIT,670.44225,674.14,656.1795,0,0.202,0.758,670.44225,0.85,0,0.75,-0.72,2,0,0,0,0.0,0,0.459,0.409,1,0.459,0.216,0.0,0.042,0.0,0.0,670.44225,0.722,0.81,1,2,0.355,0,3814,0.102,7.1,0,0.0,0.226,0.0,0.0,0.489,0.825,1,-0.755,85.0,564.6
32454,LMTm_20260310155441_4,LMTm,SWEEP_REVERSAL,BUY,-1,2026.03.10 15:54:41,2026.03.10 16:03:26,8,656.92,654.86,-206.0,-1100.0,0.347,0.0,SL_HIT,670.44225,674.14,656.1795,0,0.202,0.758,670.44225,0.85,0,0.75,-0.72,2,0,0,0,0.0,0,0.459,0.409,1,0.459,0.216,0.0,0.042,0.0,0.0,670.44225,0.722,0.81,1,2,0.355,0,3814,0.102,7.1,0,0.0,0.226,0.0,0.039,0.489,0.825,1,-0.755,86.0,564.6
32443,LMTm_20260310154107_5,LMTm,MEAN_REVERSION,BUY,-1,2026.03.10 15:41:07,2026.03.10 18:04:19,143,657.88,653.25,-463.0,-2315.0,0.792,0.189,SL_HIT,670.44225,674.14,656.1795,1,0.202,0.758,670.44225,0.85,0,0.75,-0.72,2,0,0,0,0.0,0,0.459,0.43,1,0.459,0.216,0.0,0.198,0.0,0.0,655.123,0.55,0.986,1,2,0.355,0,3814,0.548,2.95,0,0.0,0.247,0.164,0.26,0.735,0.65,0,-0.825,82.0,563.1
32427,LMTm_20260310134107_5,LMTm,MEAN_REVERSION,BUY,-1,2026.03.10 13:41:07,2026.03.10 18:14:55,273,656.82,651.61,-521.0,-2605.0,0.794,0.329,SL_HIT,669.991,674.14,667.686,0,2.058,0.071,669.991,0.35,0,1.0,0.9617,0,0,0,0,0.0,0,0.653,0.391,1,0.653,0.289,0.053,0.358,0.15,0.0,642.8935,0.65,1.098,1,2,0.355,0,3812,0.592,2.97,0,0.0,0.247,0.164,0.29,0.735,0.65,0,-0.825,79.0,563.1
32463,LMTm_20260310181442_5,LMTm,MEAN_REVERSION,BUY,1,2026.03.10 18:14:42,2026.03.10 18:21:25,6,652.65,653.41,76.0,380.0,0.291,0.499,TRAIL_STOP,655.432,657.28,654.256,0,0.025,0.323,656.776,0.45,0,0.65,-0.825,0,0,0,0,0.0,0,0.735,0.486,1,0.735,0.247,0.164,0.29,0.0,0.0,655.432,0.7,0.706,1,2,0.355,0,3817,0.665,0.8,0,0.0,0.247,0.164,0.26,0.735,0.65,0,-0.825,106.0,563.1
32462,LMTm_20260310181442_5,LMTm,MEAN_REVERSION,BUY,0,2026.03.10 18:14:42,2026.03.10 18:21:43,7,652.65,652.97,32.0,160.0,0.291,0.499,TRAIL_STOP,655.432,657.28,654.256,0,0.025,0.323,656.776,0.45,0,0.65,-0.825,0,0,0,0,0.0,0,0.735,0.486,1,0.735,0.247,0.164,0.29,0.0,0.0,655.432,0.7,0.706,1,2,0.355,0,3817,0.665,0.8,0,0.0,0.247,0.164,0.272,0.735,0.65,0,-0.825,108.0,563.1
32414,LMTm_20260310134057_0,LMTm,BREAKOUT,BUY,-1,2026.03.10 13:40:57,2026.03.11 13:41:03,1440,657.96,645.2,-1276.0,-6425.5,1.07,0.154,SL_HIT,669.991,674.14,667.686,0,2.058,0.071,669.991,0.35,0,1.0,0.9617,0,0,0,0,0.0,2,1.0,0.509,2,0.639,0.989,0.053,0.358,0.15,0.4757,669.991,0.724,1.36,1,2,0.355,0,3812,0.627,1.47,5,0.15,0.269,0.461,0.357,0.25,0.75,0,-0.895,256.0,548.6
32417,LMTm_20260310134057_2,LMTm,PULLBACK,BUY,-1,2026.03.10 13:40:57,2026.03.11 13:41:03,1440,657.96,645.2,-1276.0,-6425.5,1.07,0.154,SL_HIT,669.991,674.14,667.686,0,2.058,0.071,669.991,0.35,0,1.0,0.9617,0,0,0,0,0.0,0,0.653,0.382,1,0.653,0.289,0.053,0.358,0.15,0.0,669.991,0.724,1.02,1,2,0.355,0,3812,0.482,1.47,5,0.15,0.269,0.461,0.357,0.25,0.75,0,-0.895,256.0,548.6
32420,LMTm_20260310134104_3,LMTm,TREND_CONTINUATION,BUY,-1,2026.03.10 13:41:04,2026.03.11 13:41:03,1439,657.97,645.2,-1277.0,-6430.5,1.071,0.152,SL_HIT,669.991,674.14,667.686,0,2.058,0.071,669.991,0.35,0,1.0,0.9617,0,0,0,0,0.0,0,0.653,0.382,1,0.653,0.289,0.053,0.358,0.15,0.0,669.991,0.724,1.019,1,2,0.355,0,3812,0.566,1.83,5,0.15,0.269,0.461,0.357,0.25,0.75,0,-0.895,256.0,548.6
32424,LMTm_20260310134105_4,LMTm,SWEEP_REVERSAL,BUY,-1,2026.03.10 13:41:05,2026.03.11 13:41:03,1439,657.21,645.2,-1201.0,-5850.5,0.954,0.269,SL_HIT,669.991,674.14,667.686,0,2.058,0.071,669.991,0.35,0,1.0,0.9617,0,0,0,0,0.0,0,0.653,0.388,1,0.653,0.289,0.053,0.358,0.15,0.0,642.8935,0.65,1.071,1,2,0.355,0,3812,0.155,2.32,5,0.15,0.269,0.461,0.357,0.25,0.75,0,-0.895,256.0,548.6
32461,LMTm_20260310181442_5,LMTm,MEAN_REVERSION,BUY,-1,2026.03.10 18:14:42,2026.03.11 13:41:03,1166,652.63,645.2,-743.0,-3770.5,0.288,0.503,SL_HIT,655.432,657.28,654.256,0,0.025,0.323,656.776,0.45,0,0.65,-0.825,0,0,0,0,0.0,0,0.735,0.486,1,0.735,0.247,0.164,0.29,0.0,0.0,655.432,0.7,0.706,1,2,0.355,0,3817,0.665,0.8,5,0.15,0.269,0.461,0.357,0.25,0.75,0,-0.895,256.0,548.6
32473,LMTm_20260311134103_4,LMTm,SWEEP_REVERSAL,BUY,0,2026.03.11 13:41:03,2026.03.11 13:41:09,0,648.71,645.04,-367.0,-1835.0,0.594,0.0,SL_HIT,652.424,656.208,652.08,0,1.317,0.188,652.424,0.3,0,0.75,-0.895,0,0,0,-1,0.0,5,0.607,0.369,1,0.25,0.269,0.461,0.357,0.15,-0.0446,642.8935,0.65,0.48,1,1,0.357,0,3819,0.252,1.32,0,0.15,0.269,0.161,0.357,0.55,0.75,0,-0.895,255.0,548.6
32474,LMTm_20260311134103_4,LMTm,SWEEP_REVERSAL,BUY,1,2026.03.11 13:41:03,2026.03.11 13:41:22,0,648.71,645.31,-340.0,-1700.0,0.669,0.0,SL_HIT,652.424,656.208,652.08,0,1.317,0.188,652.424,0.3,0,0.75,-0.895,0,0,0,-1,0.0,5,0.607,0.369,1,0.25,0.269,0.461,0.357,0.15,-0.0446,642.8935,0.65,0.48,1,1,0.357,0,3819,0.252,1.32,0,0.15,0.269,0.161,0.357,0.55,0.75,0,-0.895,254.0,548.6
32476,LMTm_20260311134106_5,LMTm,MEAN_REVERSION,BUY,0,2026.03.11 13:41:06,2026.03.11 13:41:22,0,648.0,645.31,-269.0,-1345.0,0.54,0.0,SL_HIT,652.424,656.208,652.08,0,1.317,0.188,652.424,0.3,0,0.75,-0.895,0,0,0,-1,0.0,0,0.55,0.368,1,0.55,0.269,0.161,0.357,0.15,0.0,642.8935,0.65,0.598,1,1,0.357,0,3819,0.55,1.59,0,0.15,0.269,0.161,0.357,0.55,0.75,0,-0.895,254.0,548.6
32477,LMTm_20260311134106_5,LMTm,MEAN_REVERSION,BUY,1,2026.03.11 13:41:06,2026.03.11 13:41:22,0,648.0,645.31,-269.0,-1345.0,0.54,0.0,SL_HIT,652.424,656.208,652.08,0,1.317,0.188,652.424,0.3,0,0.75,-0.895,0,0,0,-1,0.0,0,0.55,0.368,1,0.55,0.269,0.161,0.357,0.15,0.0,642.8935,0.65,0.598,1,1,0.357,0,3819,0.55,1.59,0,0.15,0.269,0.161,0.357,0.55,0.75,0,-0.895,254.0,548.6
32472,LMTm_20260311134103_4,LMTm,SWEEP_REVERSAL,BUY,-1,2026.03.11 13:41:03,2026.03.11 15:38:50,117,647.76,655.15,739.0,3220.0,0.565,1.307,TP_HIT,652.424,656.208,652.08,0,1.317,0.188,652.424,0.3,0,0.75,-0.895,0,0,0,-1,0.0,5,0.607,0.369,1,0.25,0.269,0.461,0.357,0.15,-0.0446,642.8935,0.65,0.48,1,1,0.357,0,3819,0.252,1.32,0,0.0,0.29,0.152,0.152,0.539,1.0,1,-0.965,94.0,531.3
32475,LMTm_20260311134106_5,LMTm,MEAN_REVERSION,BUY,-1,2026.03.11 13:41:06,2026.03.11 15:38:50,117,648.0,655.15,715.0,3575.0,0.609,1.263,TP_HIT,652.424,656.208,652.08,0,1.317,0.188,652.424,0.3,0,0.75,-0.895,0,0,0,-1,0.0,0,0.55,0.368,1,0.55,0.269,0.161,0.357,0.15,0.0,642.8935,0.65,0.598,1,1,0.357,0,3819,0.55,1.59,0,0.0,0.29,0.152,0.152,0.539,1.0,1,-0.965,94.0,531.3
32485,LMTm_20260311174437_5,LMTm,MEAN_REVERSION,BUY,0,2026.03.11 17:44:37,2026.03.11 18:02:28,17,652.71,653.12,41.0,205.0,0.141,0.195,TRAIL_STOP,652.44275,655.037,651.0015,1,0.1,1.419,652.44275,0.35,0,0.8,-0.825,0,0,0,0,0.0,0,0.699,0.329,0,0.699,0.247,0.088,0.295,0.25,0.0,655.037,0.6,0.654,1,2,0.349,0,3823,0.604,0.84,0,0.25,0.247,0.231,0.232,0.715,0.8,1,-0.825,78.0,520.9
32486,LMTm_20260311174437_5,LMTm,MEAN_REVERSION,BUY,1,2026.03.11 17:44:37,2026.03.11 18:07:47,23,652.71,653.25,54.0,215.0,0.141,0.195,TRAIL_STOP,652.44275,655.037,651.0015,1,0.1,1.419,652.44275,0.35,0,0.8,-0.825,0,0,0,0,0.0,0,0.699,0.329,0,0.699,0.247,0.088,0.295,0.25,0.0,655.037,0.6,0.654,1,2,0.349,0,3823,0.604,0.84,0,0.25,0.247,0.231,0.232,0.715,0.8,1,-0.825,77.0,520.9
32484,LMTm_20260311174437_5,LMTm,MEAN_REVERSION,BUY,-1,2026.03.11 17:44:37,2026.03.11 19:04:36,79,652.39,648.14,-425.0,-2285.0,0.797,0.317,SL_HIT,652.44275,655.037,651.0015,1,0.1,1.419,652.44275,0.35,0,0.8,-0.825,0,0,0,0,0.0,0,0.699,0.329,0,0.699,0.247,0.088,0.295,0.25,0.0,655.037,0.6,0.654,1,2,0.349,0,3823,0.604,0.84,0,0.15,0.3,0.19,0.31,0.689,1.0,0,-1.0,61.0,520.6
32491,LMTm_20260311190500_4,LMTm,SWEEP_REVERSAL,BUY,0,2026.03.11 19:05:00,2026.03.11 19:05:09,0,648.64,647.79,-85.0,-425.0,0.146,0.0,SL_HIT,652.16325,654.2725,650.821,0,0.599,0.084,652.16325,0.45,0,1.0,-1.0,0,0,0,0,0.0,0,0.689,0.403,1,0.689,0.3,0.19,0.31,0.15,0.0,652.16325,0.723,0.413,1,2,0.349,0,3825,0.193,0.81,0,0.15,0.3,0.19,0.31,0.689,1.0,0,-1.0,61.0,520.6
32492,LMTm_20260311190500_4,LMTm,SWEEP_REVERSAL,BUY,1,2026.03.11 19:05:00,2026.03.11 19:05:18,0,648.64,647.5,-114.0,-570.0,0.207,0.0,SL_HIT,652.16325,654.2725,650.821,0,0.599,0.084,652.16325,0.45,0,1.0,-1.0,0,0,0,0,0.0,0,0.689,0.403,1,0.689,0.3,0.19,0.31,0.15,0.0,652.16325,0.723,0.413,1,2,0.349,0,3825,0.193,0.81,0,0.15,0.3,0.19,0.31,0.689,1.0,0,-1.0,62.0,520.6
32496,LMTm_20260312134029_4,LMTm,SWEEP_REVERSAL,BUY,0,2026.03.12 13:40:29,2026.03.12 13:40:52,0,649.43,647.48,-195.0,-975.0,0.43,0.0,SL_HIT,653.60225,654.308,648.662,0,0.035,0.247,647.95625,0.6,0,1.0,-1.0,0,0,0,-1,0.0,0,0.507,0.303,0,0.507,0.3,0.053,0.157,0.15,0.0,642.8935,0.65,0.447,1,2,0.35,0,3826,0.134,1.28,0,0.15,0.3,0.053,0.207,0.507,1.0,0,-1.0,153.0,444.0
32499,LMTm_20260312134033_5,LMTm,MEAN_REVERSION,BUY,0,2026.03.12 13:40:33,2026.03.12 13:42:32,1,649.19,649.08,-11.0,-55.0,0.385,0.115,SL_HIT,653.60225,654.308,648.662,0,0.035,0.247,647.95625,0.6,0,1.0,-1.0,0,0,0,-1,0.0,0,0.507,0.309,0,0.507,0.3,0.053,0.207,0.15,0.0,642.8935,0.65,0.5,1,2,0.35,0,3826,0.505,1.67,0,0.15,0.3,0.053,0.223,0.507,1.0,1,-1.0,150.0,444.0
32497,LMTm_20260312134029_4,LMTm,SWEEP_REVERSAL,BUY,1,2026.03.12 13:40:29,2026.03.12 13:42:44,2,649.43,648.75,-68.0,-340.0,0.439,0.061,SL_HIT,653.60225,654.308,648.662,0,0.035,0.247,647.95625,0.6,0,1.0,-1.0,0,0,0,-1,0.0,0,0.507,0.303,0,0.507,0.3,0.053,0.157,0.15,0.0,642.8935,0.65,0.447,1,2,0.35,0,3826,0.134,1.28,0,0.15,0.3,0.053,0.223,0.507,1.0,1,-1.0,150.0,444.0
32500,LMTm_20260312134033_5,LMTm,MEAN_REVERSION,BUY,1,2026.03.12 13:40:33,2026.03.12 13:42:44,2,649.19,648.75,-44.0,-220.0,0.385,0.115,SL_HIT,653.60225,654.308,648.662,0,0.035,0.247,647.95625,0.6,0,1.0,-1.0,0,0,0,-1,0.0,0,0.507,0.309,0,0.507,0.3,0.053,0.207,0.15,0.0,642.8935,0.65,0.5,1,2,0.35,0,3826,0.505,1.67,0,0.15,0.3,0.053,0.223,0.507,1.0,1,-1.0,150.0,444.0
32490,LMTm_20260311190500_4,LMTm,SWEEP_REVERSAL,BUY,-1,2026.03.11 19:05:00,2026.03.12 13:54:01,1129,648.56,652.93,437.0,2099.5,0.538,0.786,TP_HIT,652.16325,654.2725,650.821,0,0.599,0.084,652.16325,0.45,0,1.0,-1.0,0,0,0,0,0.0,0,0.689,0.403,1,0.689,0.3,0.19,0.31,0.15,0.0,652.16325,0.723,0.413,1,2,0.349,0,3825,0.193,0.81,0,0.15,0.3,0.053,0.115,0.507,1.0,1,-1.0,143.0,444.0
32495,LMTm_20260312134029_4,LMTm,SWEEP_REVERSAL,BUY,-1,2026.03.12 13:40:29,2026.03.12 14:01:04,20,649.43,655.19,576.0,2880.0,0.827,1.266,TP_HIT,653.60225,654.308,648.662,0,0.035,0.247,647.95625,0.6,0,1.0,-1.0,0,0,0,-1,0.0,0,0.507,0.303,0,0.507,0.3,0.053,0.157,0.15,0.0,642.8935,0.65,0.447,1,2,0.35,0,3826,0.134,1.28,0,0.0,0.3,0.0,0.263,0.542,0.8,0,-1.0,131.0,472.4
32498,LMTm_20260312134033_5,LMTm,MEAN_REVERSION,BUY,-1,2026.03.12 13:40:33,2026.03.12 14:01:04,20,649.19,655.19,600.0,3000.0,0.773,1.32,TP_HIT,653.60225,654.308,648.662,0,0.035,0.247,647.95625,0.6,0,1.0,-1.0,0,0,0,-1,0.0,0,0.507,0.309,0,0.507,0.3,0.053,0.207,0.15,0.0,642.8935,0.65,0.5,1,2,0.35,0,3826,0.505,1.67,0,0.0,0.3,0.0,0.263,0.542,0.8,0,-1.0,131.0,472.4
32509,LMTm_20260312161707_1,LMTm,BREAKOUT_RETEST,BUY,0,2026.03.12 16:17:07,2026.03.12 16:18:46,1,657.83,657.17,-66.0,-330.0,0.134,0.0,SL_HIT,658.6225,660.46,649.435,1,0.209,0.381,647.5975,0.75,0,0.5,0.545,2,0,0,0,0.0,0,0.54,0.412,1,0.54,0.164,0.088,0.119,0.25,0.0,660.46,0.6,0.888,1,1,0.358,0,3829,0.373,2.18,0,0.25,0.164,0.088,0.119,0.54,0.5,1,0.545,77.0,498.3
32510,LMTm_20260312161707_1,LMTm,BREAKOUT_RETEST,BUY,1,2026.03.12 16:17:07,2026.03.12 16:23:10,6,657.83,657.89,6.0,30.0,0.159,0.102,TRAIL_STOP,658.6225,660.46,649.435,1,0.209,0.381,647.5975,0.75,0,0.5,0.545,2,0,0,0,0.0,0,0.54,0.412,1,0.54,0.164,0.088,0.119,0.25,0.0,660.46,0.6,0.888,1,1,0.358,0,3829,0.373,2.18,0,0.25,0.164,0.088,0.192,0.54,0.5,1,0.545,77.0,498.3
32508,LMTm_20260312161707_1,LMTm,BREAKOUT_RETEST,BUY,-1,2026.03.12 16:17:07,2026.03.12 16:26:06,8,657.97,656.44,-153.0,-695.0,0.265,0.07,SL_HIT,658.6225,660.46,649.435,1,0.209,0.381,647.5975,0.75,0,0.5,0.545,2,0,0,0,0.0,0,0.54,0.412,1,0.54,0.164,0.088,0.119,0.25,0.0,660.46,0.6,0.888,1,1,0.358,0,3829,0.373,2.18,0,0.25,0.164,0.088,0.237,0.54,0.5,1,0.545,78.0,498.3
32515,LMTm_20260312164641_0,LMTm,BREAKOUT,BUY,0,2026.03.12 16:46:41,2026.03.12 16:48:11,1,654.29,653.33,-96.0,-480.0,0.215,0.0,SL_HIT,658.6225,660.46,649.435,1,0.209,0.381,647.5975,0.75,0,0.5,0.545,2,0,0,0,0.0,0,0.54,0.407,1,0.54,0.164,0.088,0.287,0.25,0.0,658.6225,0.7,0.85,1,1,0.358,0,3829,0.252,1.05,0,0.25,0.164,0.088,0.287,0.54,0.5,1,0.545,78.0,498.3
32518,LMTm_20260312164641_2,LMTm,PULLBACK,BUY,0,2026.03.12 16:46:41,2026.03.12 16:48:11,1,654.29,653.33,-96.0,-480.0,0.215,0.0,SL_HIT,658.6225,660.46,649.435,1,0.209,0.381,647.5975,0.75,0,0.5,0.545,2,0,0,0,0.0,0,0.54,0.406,1,0.54,0.164,0.088,0.287,0.25,0.0,658.6225,0.7,0.84,1,1,0.358,0,3829,0.451,1.11,0,0.25,0.164,0.088,0.287,0.54,0.5,1,0.545,78.0,498.3
32516,LMTm_20260312164641_0,LMTm,BREAKOUT,BUY,1,2026.03.12 16:46:41,2026.03.12 16:48:27,1,654.29,653.04,-125.0,-625.0,0.225,0.0,SL_HIT,658.6225,660.46,649.435,1,0.209,0.381,647.5975,0.75,0,0.5,0.545,2,0,0,0,0.0,0,0.54,0.407,1,0.54,0.164,0.088,0.287,0.25,0.0,658.6225,0.7,0.85,1,1,0.358,0,3829,0.252,1.05,0,0.25,0.164,0.088,0.267,0.54,0.5,1,0.545,79.0,498.3
32519,LMTm_20260312164641_2,LMTm,PULLBACK,BUY,1,2026.03.12 16:46:41,2026.03.12 16:48:27,1,654.29,653.04,-125.0,-625.0,0.225,0.0,SL_HIT,658.6225,660.46,649.435,1,0.209,0.381,647.5975,0.75,0,0.5,0.545,2,0,0,0,0.0,0,0.54,0.406,1,0.54,0.164,0.088,0.287,0.25,0.0,658.6225,0.7,0.84,1,1,0.358,0,3829,0.451,1.11,0,0.25,0.164,0.088,0.267,0.54,0.5,1,0.545,79.0,498.3
32521,LMTm_20260312164727_3,LMTm,TREND_CONTINUATION,BUY,0,2026.03.12 16:47:27,2026.03.12 16:48:27,1,654.0,653.04,-96.0,-480.0,0.167,0.0,SL_HIT,658.6225,660.46,649.435,1,0.209,0.381,647.5975,0.75,0,0.5,0.545,2,0,0,0,0.0,0,0.54,0.405,1,0.54,0.164,0.088,0.287,0.25,0.0,649.435,0.6,0.832,1,1,0.358,0,3829,0.354,2.08,0,0.25,0.164,0.088,0.267,0.54,0.5,1,0.545,79.0,498.3
32522,LMTm_20260312164727_3,LMTm,TREND_CONTINUATION,BUY,1,2026.03.12 16:47:27,2026.03.12 16:51:29,4,654.0,653.1,-90.0,-450.0,0.195,0.0,SL_HIT,658.6225,660.46,649.435,1,0.209,0.381,647.5975,0.75,0,0.5,0.545,2,0,0,0,0.0,0,0.54,0.405,1,0.54,0.164,0.088,0.287,0.25,0.0,649.435,0.6,0.832,1,1,0.358,0,3829,0.354,2.08,0,0.25,0.164,0.088,0.267,0.54,0.5,1,0.545,78.0,498.3
32530,LMTm_20260312170001_4,LMTm,SWEEP_REVERSAL,BUY,0,2026.03.12 17:00:01,2026.03.12 17:00:03,0,653.5,652.28,-122.0,-610.0,0.203,0.0,SL_HIT,657.1525,660.46,653.11,0,0.866,0.148,647.5975,0.5,0,0.55,0.58,0,0,0,0,0.0,0,0.738,0.437,1,0.738,0.174,0.14,0.341,0.4,0.0,647.5975,0.753,0.746,1,1,0.358,0,3830,0.264,0.83,0,0.4,0.174,0.14,0.444,0.738,0.55,0,0.58,81.0,507.4
32531,LMTm_20260312170001_4,LMTm,SWEEP_REVERSAL,BUY,1,2026.03.12 17:00:01,2026.03.12 17:03:30,3,653.5,652.89,-61.0,-305.0,0.258,0.0,SL_HIT,657.1525,660.46,653.11,0,0.866,0.148,647.5975,0.5,0,0.55,0.58,0,0,0,0,0.0,0,0.738,0.437,1,0.738,0.174,0.14,0.341,0.4,0.0,647.5975,0.753,0.746,1,1,0.358,0,3830,0.264,0.83,0,0.4,0.174,0.14,0.341,0.738,0.55,0,0.58,81.0,507.4
32535,LMTm_20260312174628_5,LMTm,MEAN_REVERSION,BUY,0,2026.03.12 17:46:28,2026.03.12 17:56:12,9,652.6,653.33,73.0,365.0,0.179,0.258,TRAIL_STOP,657.1525,660.46,653.11,0,0.866,0.148,647.5975,0.5,0,0.55,0.58,0,0,0,0,0.0,0,0.738,0.425,1,0.738,0.174,0.14,0.449,0.4,0.0,647.5975,0.753,0.766,1,1,0.358,0,3830,0.671,1.21,0,0.4,0.174,0.14,0.353,0.738,0.55,1,0.58,75.0,507.4
32536,LMTm_20260312174628_5,LMTm,MEAN_REVERSION,BUY,1,2026.03.12 17:46:28,2026.03.12 17:56:32,10,652.6,653.05,45.0,225.0,0.179,0.258,TRAIL_STOP,657.1525,660.46,653.11,0,0.866,0.148,647.5975,0.5,0,0.55,0.58,0,0,0,0,0.0,0,0.738,0.425,1,0.738,0.174,0.14,0.449,0.4,0.0,647.5975,0.753,0.766,1,1,0.358,0,3830,0.671,1.21,0,0.4,0.174,0.14,0.341,0.738,0.55,0,0.58,74.0,507.4
32540,LMTm_20260312181721_1,LMTm,BREAKOUT_RETEST,BUY,0,2026.03.12 18:17:21,2026.03.12 18:18:43,1,655.0,654.04,-96.0,-480.0,0.165,0.0,SL_HIT,653.485,658.66,652.81,1,0.013,0.192,658.885,0.65,0,0.6,0.615,0,0,0,0,0.0,0,0.588,0.353,1,0.588,0.185,0.14,0.288,0.4,0.0,658.885,0.752,0.825,1,1,0.358,0,3831,0.401,3.03,0,0.4,0.185,0.14,0.252,0.588,0.6,1,0.615,70.0,503.6
32541,LMTm_20260312181721_1,LMTm,BREAKOUT_RETEST,BUY,1,2026.03.12 18:17:21,2026.03.12 18:18:56,1,655.0,653.81,-119.0,-595.0,0.22,0.0,SL_HIT,653.485,658.66,652.81,1,0.013,0.192,658.885,0.65,0,0.6,0.615,0,0,0,0,0.0,0,0.588,0.353,1,0.588,0.185,0.14,0.288,0.4,0.0,658.885,0.752,0.825,1,1,0.358,0,3831,0.401,3.03,0,0.4,0.185,0.14,0.252,0.588,0.6,1,0.615,70.0,503.6
32539,LMTm_20260312181721_1,LMTm,BREAKOUT_RETEST,BUY,-1,2026.03.12 18:17:21,2026.03.12 18:19:02,1,655.0,653.38,-162.0,-810.0,0.298,0.0,SL_HIT,653.485,658.66,652.81,1,0.013,0.192,658.885,0.65,0,0.6,0.615,0,0,0,0,0.0,0,0.588,0.353,1,0.588,0.185,0.14,0.288,0.4,0.0,658.885,0.752,0.825,1,1,0.358,0,3831,0.401,3.03,0,0.4,0.185,0.14,0.16,0.588,0.6,1,0.615,69.0,503.6
32546,LMTm_20260312184657_0,LMTm,BREAKOUT,BUY,0,2026.03.12 18:46:57,2026.03.12 18:47:51,0,656.08,655.2,-88.0,-440.0,0.155,0.0,SL_HIT,653.485,658.66,652.81,1,0.013,0.192,658.885,0.65,0,0.6,0.615,0,0,0,0,0.0,0,0.588,0.358,1,0.588,0.185,0.14,0.254,0.4,0.0,653.485,0.7,0.863,1,1,0.358,0,3831,0.269,5.18,0,0.4,0.185,0.14,0.254,0.588,0.6,1,0.615,66.0,503.6
32549,LMTm_20260312184657_2,LMTm,PULLBACK,BUY,0,2026.03.12 18:46:57,2026.03.12 18:47:51,0,656.08,655.2,-88.0,-440.0,0.155,0.0,SL_HIT,653.485,658.66,652.81,1,0.013,0.192,658.885,0.65,0,0.6,0.615,0,0,0,0,0.0,0,0.588,0.358,1,0.588,0.185,0.14,0.254,0.4,0.0,653.485,0.7,0.863,1,1,0.358,0,3831,0.475,6.51,0,0.4,0.185,0.14,0.254,0.588,0.6,1,0.615,66.0,503.6
32552,LMTm_20260312184729_3,LMTm,TREND_CONTINUATION,BUY,0,2026.03.12 18:47:29,2026.03.12 18:49:35,2,655.96,655.41,-55.0,-275.0,0.151,0.0,SL_HIT,653.485,658.66,652.81,1,0.013,0.192,658.885,0.65,0,0.6,0.615,0,0,0,0,0.0,0,0.588,0.357,1,0.588,0.185,0.14,0.254,0.4,0.0,653.485,0.7,0.855,1,1,0.358,0,3831,0.382,2.08,0,0.4,0.185,0.14,0.254,0.588,0.6,1,0.615,65.0,503.6
32547,LMTm_20260312184657_0,LMTm,BREAKOUT,BUY,1,2026.03.12 18:46:57,2026.03.12 18:54:35,7,656.08,655.8,-28.0,-140.0,0.183,0.048,SL_HIT,653.485,658.66,652.81,1,0.013,0.192,658.885,0.65,0,0.6,0.615,0,0,0,0,0.0,0,0.588,0.358,1,0.588,0.185,0.14,0.254,0.4,0.0,653.485,0.7,0.863,1,1,0.358,0,3831,0.269,5.18,0,0.4,0.185,0.14,0.283,0.588,0.6,1,0.615,64.0,503.6
32550,LMTm_20260312184657_2,LMTm,PULLBACK,BUY,1,2026.03.12 18:46:57,2026.03.12 18:54:35,7,656.08,655.8,-28.0,-140.0,0.183,0.048,SL_HIT,653.485,658.66,652.81,1,0.013,0.192,658.885,0.65,0,0.6,0.615,0,0,0,0,0.0,0,0.588,0.358,1,0.588,0.185,0.14,0.254,0.4,0.0,653.485,0.7,0.863,1,1,0.358,0,3831,0.475,6.51,0,0.4,0.185,0.14,0.283,0.588,0.6,1,0.615,64.0,503.6
32553,LMTm_20260312184729_3,LMTm,TREND_CONTINUATION,BUY,1,2026.03.12 18:47:29,2026.03.12 18:54:35,7,655.96,655.8,-16.0,-80.0,0.159,0.071,SL_HIT,653.485,658.66,652.81,1,0.013,0.192,658.885,0.65,0,0.6,0.615,0,0,0,0,0.0,0,0.588,0.357,1,0.588,0.185,0.14,0.254,0.4,0.0,653.485,0.7,0.855,1,1,0.358,0,3831,0.382,2.08,0,0.4,0.185,0.14,0.283,0.588,0.6,1,0.615,64.0,503.6
32561,LMTm_20260312190031_7,LMTm,ANCHORED_PULLBACK,BUY,0,2026.03.12 19:00:31,2026.03.12 19:00:44,0,656.62,655.96,-66.0,-330.0,0.115,0.0,SL_HIT,653.485,655.96,652.81,0,0.19,0.625,653.485,0.35,0,0.65,0.825,0,0,0,0,0.0,0,0.639,0.397,1,0.639,0.247,0.0,0.141,0.0,0.0,653.485,0.745,0.978,1,1,0.358,0,3832,0.533,3.88,0,0.0,0.247,0.0,0.141,0.639,0.65,0,0.825,61.0,496.9
32562,LMTm_20260312190031_7,LMTm,ANCHORED_PULLBACK,BUY,1,2026.03.12 19:00:31,2026.03.12 19:02:12,1,656.62,655.99,-63.0,-315.0,0.125,0.0,SL_HIT,653.485,655.96,652.81,0,0.19,0.625,653.485,0.35,0,0.65,0.825,0,0,0,0,0.0,0,0.639,0.397,1,0.639,0.247,0.0,0.141,0.0,0.0,653.485,0.745,0.978,1,1,0.358,0,3832,0.533,3.88,0,0.0,0.247,0.0,0.141,0.639,0.65,0,0.825,63.0,496.9
32529,LMTm_20260312170001_4,LMTm,SWEEP_REVERSAL,BUY,-1,2026.03.12 17:00:01,2026.03.13 13:40:27,1240,653.4,657.96,456.0,2184.5,0.382,0.731,TP_HIT,657.1525,660.46,653.11,0,0.866,0.148,647.5975,0.5,0,0.55,0.58,0,0,0,0,0.0,0,0.738,0.437,1,0.738,0.174,0.14,0.341,0.4,0.0,647.5975,0.753,0.746,1,1,0.358,0,3830,0.264,0.83,3,0.15,0.958,0.192,0.317,0.368,1.0,0,0.86,174.0,492.6
32534,LMTm_20260312174628_5,LMTm,MEAN_REVERSION,BUY,-1,2026.03.12 17:46:28,2026.03.13 13:40:27,1193,652.38,657.96,558.0,2634.5,0.136,0.932,TP_HIT,657.1525,660.46,653.11,0,0.866,0.148,647.5975,0.5,0,0.55,0.58,0,0,0,0,0.0,0,0.738,0.425,1,0.738,0.174,0.14,0.449,0.4,0.0,647.5975,0.753,0.766,1,1,0.358,0,3830,0.671,1.21,3,0.15,0.958,0.192,0.317,0.368,1.0,0,0.86,174.0,492.6
32568,LMTm_20260313134027_0,LMTm,BREAKOUT,BUY,0,2026.03.13 13:40:27,2026.03.13 13:40:32,0,659.51,657.67,-184.0,-1055.0,0.244,0.0,SL_HIT,655.76,656.62,653.18,0,0.377,0.042,655.76,0.5,0,1.0,0.86,0,0,0,0,0.0,3,1.0,0.658,3,0.368,0.958,0.192,0.317,0.15,0.0589,655.76,0.75,1.923,1,1,0.359,0,3833,0.614,5.24,0,0.15,0.258,0.192,0.317,0.645,1.0,0,0.86,174.0,492.6
32569,LMTm_20260313134027_0,LMTm,BREAKOUT,BUY,1,2026.03.13 13:40:27,2026.03.13 13:40:32,0,659.78,657.67,-211.0,-1190.0,0.298,0.0,SL_HIT,655.76,656.62,653.18,0,0.377,0.042,655.76,0.5,0,1.0,0.86,0,0,0,0,0.0,3,1.0,0.658,3,0.368,0.958,0.192,0.317,0.15,0.0589,655.76,0.75,1.923,1,1,0.359,0,3833,0.614,5.24,0,0.15,0.258,0.192,0.317,0.645,1.0,0,0.86,174.0,492.6
32567,LMTm_20260313134027_0,LMTm,BREAKOUT,BUY,-1,2026.03.13 13:40:27,2026.03.13 13:40:32,0,659.7,657.2,-250.0,-1155.0,0.282,0.0,SL_HIT,655.76,656.62,653.18,0,0.377,0.042,655.76,0.5,0,1.0,0.86,0,0,0,0,0.0,3,1.0,0.658,3,0.368,0.958,0.192,0.317,0.15,0.0589,655.76,0.75,1.923,1,1,0.359,0,3833,0.614,5.24,0,0.15,0.258,0.192,0.317,0.645,1.0,0,0.86,174.0,492.6
32570,LMTm_20260313134027_2,LMTm,PULLBACK,BUY,-1,2026.03.13 13:40:27,2026.03.13 13:40:32,0,660.05,657.2,-285.0,-1425.0,0.0,0.0,SL_HIT,655.76,656.62,653.18,0,0.377,0.042,655.76,0.5,0,1.0,0.86,0,0,0,0,0.0,0,0.645,0.506,2,0.645,0.258,0.192,0.343,0.15,0.0,655.76,0.75,1.382,1,1,0.359,0,3833,0.504,3.96,0,0.15,0.258,0.192,0.317,0.645,1.0,0,0.86,174.0,492.6
32571,LMTm_20260313134027_2,LMTm,PULLBACK,BUY,0,2026.03.13 13:40:27,2026.03.13 13:40:32,0,660.05,657.2,-285.0,-1425.0,0.483,0.0,SL_HIT,655.76,656.62,653.18,0,0.377,0.042,655.76,0.5,0,1.0,0.86,0,0,0,0,0.0,0,0.645,0.506,2,0.645,0.258,0.192,0.343,0.15,0.0,655.76,0.75,1.382,1,1,0.359,0,3833,0.504,3.96,0,0.15,0.258,0.192,0.317,0.645,1.0,0,0.86,174.0,492.6
32572,LMTm_20260313134027_2,LMTm,PULLBACK,BUY,1,2026.03.13 13:40:27,2026.03.13 13:40:32,0,660.05,657.2,-285.0,-1425.0,0.483,0.0,SL_HIT,655.76,656.62,653.18,0,0.377,0.042,655.76,0.5,0,1.0,0.86,0,0,0,0,0.0,0,0.645,0.506,2,0.645,0.258,0.192,0.343,0.15,0.0,655.76,0.75,1.382,1,1,0.359,0,3833,0.504,3.96,0,0.15,0.258,0.192,0.317,0.645,1.0,0,0.86,174.0,492.6
32580,LMTm_20260313134032_3,LMTm,TREND_CONTINUATION,BUY,0,2026.03.13 13:40:32,2026.03.13 13:41:25,0,659.12,656.95,-217.0,-1085.0,0.487,0.0,SL_HIT,655.76,656.62,653.18,0,0.377,0.042,655.76,0.5,0,1.0,0.86,0,0,0,0,0.0,0,0.645,0.495,1,0.645,0.258,0.192,0.317,0.15,0.0,655.76,0.75,1.286,1,1,0.359,0,3833,0.589,2.08,0,0.15,0.258,0.192,0.249,0.645,1.0,0,0.86,174.0,492.6
32583,LMTm_20260313134046_7,LMTm,ANCHORED_PULLBACK,BUY,0,2026.03.13 13:40:46,2026.03.13 13:41:25,0,658.95,656.95,-200.0,-1000.0,0.353,0.0,SL_HIT,655.76,656.62,653.18,0,0.377,0.042,655.76,0.5,0,1.0,0.86,0,0,0,0,0.0,0,0.645,0.474,1,0.645,0.258,0.192,0.249,0.15,0.0,653.18,0.6,1.11,1,1,0.359,0,3833,0.528,2.1,0,0.15,0.258,0.192,0.249,0.645,1.0,0,0.86,174.0,492.6
32581,LMTm_20260313134032_3,LMTm,TREND_CONTINUATION,BUY,1,2026.03.13 13:40:32,2026.03.13 13:42:05,1,659.12,656.74,-238.0,-1190.0,0.487,0.0,SL_HIT,655.76,656.62,653.18,0,0.377,0.042,655.76,0.5,0,1.0,0.86,0,0,0,0,0.0,0,0.645,0.495,1,0.645,0.258,0.192,0.317,0.15,0.0,655.76,0.75,1.286,1,1,0.359,0,3833,0.589,2.08,0,0.15,0.258,0.192,0.249,0.645,1.0,0,0.86,174.0,492.6
32584,LMTm_20260313134046_7,LMTm,ANCHORED_PULLBACK,BUY,1,2026.03.13 13:40:46,2026.03.13 13:42:05,1,658.95,656.74,-221.0,-1105.0,0.406,0.0,SL_HIT,655.76,656.62,653.18,0,0.377,0.042,655.76,0.5,0,1.0,0.86,0,0,0,0,0.0,0,0.645,0.474,1,0.645,0.258,0.192,0.249,0.15,0.0,653.18,0.6,1.11,1,1,0.359,0,3833,0.528,2.1,0,0.15,0.258,0.192,0.249,0.645,1.0,0,0.86,174.0,492.6
32582,LMTm_20260313134046_7,LMTm,ANCHORED_PULLBACK,BUY,-1,2026.03.13 13:40:46,2026.03.13 13:43:43,2,658.95,655.08,-387.0,-1935.0,0.755,0.0,SL_HIT,655.76,656.62,653.18,0,0.377,0.042,655.76,0.5,0,1.0,0.86,0,0,0,0,0.0,0,0.645,0.474,1,0.645,0.258,0.192,0.249,0.15,0.0,653.18,0.6,1.11,1,1,0.359,0,3833,0.528,2.1,0,0.15,0.258,0.192,0.159,0.645,1.0,1,0.86,169.0,492.6
32560,LMTm_20260312190031_7,LMTm,ANCHORED_PULLBACK,BUY,-1,2026.03.12 19:00:31,2026.03.13 13:46:26,1125,656.62,653.94,-268.0,-1385.5,0.467,0.34,SL_HIT,653.485,655.96,652.81,0,0.19,0.625,653.485,0.35,0,0.65,0.825,0,0,0,0,0.0,0,0.639,0.397,1,0.639,0.247,0.0,0.141,0.0,0.0,653.485,0.745,0.978,1,1,0.358,0,3832,0.533,3.88,0,0.15,0.258,0.192,0.123,0.645,1.0,1,0.86,165.0,492.6
32545,LMTm_20260312184657_0,LMTm,BREAKOUT,BUY,-1,2026.03.12 18:46:57,2026.03.13 13:46:34,1139,656.08,653.23,-285.0,-1470.5,0.481,0.443,SL_HIT,653.485,658.66,652.81,1,0.013,0.192,658.885,0.65,0,0.6,0.615,0,0,0,0,0.0,0,0.588,0.358,1,0.588,0.185,0.14,0.254,0.4,0.0,653.485,0.7,0.863,1,1,0.358,0,3831,0.269,5.18,0,0.15,0.258,0.192,0.084,0.645,1.0,1,0.86,168.0,492.6
32548,LMTm_20260312184657_2,LMTm,PULLBACK,BUY,-1,2026.03.12 18:46:57,2026.03.13 13:46:34,1139,656.08,653.23,-285.0,-1470.5,0.481,0.443,SL_HIT,653.485,658.66,652.81,1,0.013,0.192,658.885,0.65,0,0.6,0.615,0,0,0,0,0.0,0,0.588,0.358,1,0.588,0.185,0.14,0.254,0.4,0.0,653.485,0.7,0.863,1,1,0.358,0,3831,0.475,6.51,0,0.15,0.258,0.192,0.084,0.645,1.0,1,0.86,168.0,492.6
32579,LMTm_20260313134032_3,LMTm,TREND_CONTINUATION,BUY,-1,2026.03.13 13:40:32,2026.03.13 13:46:34,6,659.12,652.95,-617.0,-3085.0,1.196,0.0,SL_HIT,655.76,656.62,653.18,0,0.377,0.042,655.76,0.5,0,1.0,0.86,0,0,0,0,0.0,0,0.645,0.495,1,0.645,0.258,0.192,0.317,0.15,0.0,655.76,0.75,1.286,1,1,0.359,0,3833,0.589,2.08,0,0.15,0.258,0.192,0.157,0.645,1.0,0,0.86,168.0,492.6
32551,LMTm_20260312184729_3,LMTm,TREND_CONTINUATION,BUY,-1,2026.03.12 18:47:29,2026.03.13 13:55:13,1147,655.96,649.9,-606.0,-3075.5,1.154,0.467,SL_HIT,653.485,658.66,652.81,1,0.013,0.192,658.885,0.65,0,0.6,0.615,0,0,0,0,0.0,0,0.588,0.357,1,0.588,0.185,0.14,0.254,0.4,0.0,653.485,0.7,0.855,1,1,0.358,0,3831,0.382,2.08,0,0.15,0.258,0.192,0.348,0.645,1.0,0,0.86,158.0,492.6
32514,LMTm_20260312164641_0,LMTm,BREAKOUT,BUY,-1,2026.03.12 16:46:41,2026.03.13 13:55:14,1268,654.41,649.59,-482.0,-2395.5,0.905,0.783,SL_HIT,658.6225,660.46,649.435,1,0.209,0.381,647.5975,0.75,0,0.5,0.545,2,0,0,0,0.0,0,0.54,0.407,1,0.54,0.164,0.088,0.287,0.25,0.0,658.6225,0.7,0.85,1,1,0.358,0,3829,0.252,1.05,0,0.15,0.258,0.192,0.348,0.645,1.0,0,0.86,157.0,492.6
32517,LMTm_20260312164641_2,LMTm,PULLBACK,BUY,-1,2026.03.12 16:46:41,2026.03.13 13:55:14,1268,654.29,649.59,-470.0,-2395.5,0.881,0.807,SL_HIT,658.6225,660.46,649.435,1,0.209,0.381,647.5975,0.75,0,0.5,0.545,2,0,0,0,0.0,0,0.54,0.406,1,0.54,0.164,0.088,0.287,0.25,0.0,658.6225,0.7,0.84,1,1,0.358,0,3829,0.451,1.11,0,0.15,0.258,0.192,0.348,0.645,1.0,0,0.86,157.0,492.6
32520,LMTm_20260312164727_3,LMTm,TREND_CONTINUATION,BUY,-1,2026.03.12 16:47:27,2026.03.13 14:14:57,1287,654.0,647.93,-607.0,-3080.5,1.186,0.865,SL_HIT,658.6225,660.46,649.435,1,0.209,0.381,647.5975,0.75,0,0.5,0.545,2,0,0,0,0.0,0,0.54,0.405,1,0.54,0.164,0.088,0.287,0.25,0.0,649.435,0.6,0.832,1,1,0.358,0,3829,0.354,2.08,0,0.15,0.269,0.207,0.348,0.557,1.0,0,0.895,136.0,517.5
32599,LMTm_20260313154041_5,LMTm,MEAN_REVERSION,BUY,0,2026.03.13 15:40:41,2026.03.13 15:40:55,0,651.18,649.93,-125.0,-625.0,0.187,0.0,SL_HIT,656.0375,657.401,651.947,0,2.09,0.821,656.0375,0.3,0,1.0,0.93,4,0,0,-1,0.0,0,0.61,0.47,1,0.61,0.279,0.15,0.263,0.0,0.0,656.0375,0.759,1.294,1,1,0.359,0,3835,0.601,1.25,0,0.0,0.279,0.15,0.267,0.61,1.0,0,0.93,89.0,573.4
32602,LMTm_20260313154046_4,LMTm,SWEEP_REVERSAL,BUY,0,2026.03.13 15:40:46,2026.03.13 15:40:56,0,651.07,649.78,-129.0,-645.0,0.199,0.0,SL_HIT,656.0375,657.401,651.947,0,2.09,0.821,656.0375,0.3,0,1.0,0.93,4,0,0,-1,0.0,0,0.61,0.47,1,0.61,0.279,0.15,0.263,0.0,0.0,656.0375,0.759,1.294,1,1,0.359,0,3835,0.155,1.02,0,0.0,0.279,0.15,0.267,0.61,1.0,0,0.93,89.0,573.4
32600,LMTm_20260313154041_5,LMTm,MEAN_REVERSION,BUY,1,2026.03.13 15:40:41,2026.03.13 15:41:24,0,651.18,649.55,-163.0,-815.0,0.255,0.0,SL_HIT,656.0375,657.401,651.947,0,2.09,0.821,656.0375,0.3,0,1.0,0.93,4,0,0,-1,0.0,0,0.61,0.47,1,0.61,0.279,0.15,0.263,0.0,0.0,656.0375,0.759,1.294,1,1,0.359,0,3835,0.601,1.25,0,0.0,0.279,0.15,0.267,0.61,1.0,0,0.93,89.0,573.4
32603,LMTm_20260313154046_4,LMTm,SWEEP_REVERSAL,BUY,1,2026.03.13 15:40:46,2026.03.13 15:41:24,0,651.07,649.55,-152.0,-760.0,0.235,0.0,SL_HIT,656.0375,657.401,651.947,0,2.09,0.821,656.0375,0.3,0,1.0,0.93,4,0,0,-1,0.0,0,0.61,0.47,1,0.61,0.279,0.15,0.263,0.0,0.0,656.0375,0.759,1.294,1,1,0.359,0,3835,0.155,1.02,0,0.0,0.279,0.15,0.267,0.61,1.0,0,0.93,89.0,573.4
32609,LMTm_20260313154356_3,LMTm,TREND_CONTINUATION,BUY,0,2026.03.13 15:43:56,2026.03.13 15:44:38,0,649.52,648.42,-110.0,-550.0,0.166,0.0,SL_HIT,656.0375,657.401,651.947,0,2.09,0.821,656.0375,0.3,0,1.0,0.93,4,0,0,-1,0.0,0,0.61,0.472,1,0.61,0.279,0.15,0.279,0.0,0.0,656.0375,0.759,1.319,1,1,0.359,0,3835,0.589,1.02,0,0.0,0.279,0.15,0.279,0.61,1.0,0,0.93,88.0,573.4
32610,LMTm_20260313154356_3,LMTm,TREND_CONTINUATION,BUY,1,2026.03.13 15:43:56,2026.03.13 15:48:46,4,649.52,649.68,16.0,80.0,0.194,0.134,TRAIL_STOP,656.0375,657.401,651.947,0,2.09,0.821,656.0375,0.3,0,1.0,0.93,4,0,0,-1,0.0,0,0.61,0.472,1,0.61,0.279,0.15,0.279,0.0,0.0,656.0375,0.759,1.319,1,1,0.359,0,3835,0.589,1.02,0,0.0,0.279,0.15,0.267,0.61,1.0,0,0.93,89.0,573.4
32614,LMTm_20260313155409_2,LMTm,PULLBACK,BUY,0,2026.03.13 15:54:09,2026.03.13 15:57:17,3,648.51,648.49,-2.0,-10.0,0.14,0.035,SL_HIT,656.0375,657.401,651.947,0,2.09,0.821,656.0375,0.3,0,1.0,0.93,4,0,0,-1,0.0,0,0.61,0.472,1,0.61,0.279,0.15,0.278,0.0,0.0,656.0375,0.759,1.317,1,1,0.359,0,3835,0.502,1.33,0,0.0,0.279,0.15,0.279,0.61,1.0,0,0.93,86.0,573.4
32615,LMTm_20260313155409_2,LMTm,PULLBACK,BUY,1,2026.03.13 15:54:09,2026.03.13 15:58:47,4,648.51,648.16,-35.0,-175.0,0.14,0.038,SL_HIT,656.0375,657.401,651.947,0,2.09,0.821,656.0375,0.3,0,1.0,0.93,4,0,0,-1,0.0,0,0.61,0.472,1,0.61,0.279,0.15,0.278,0.0,0.0,656.0375,0.759,1.317,1,1,0.359,0,3835,0.502,1.33,0,0.0,0.279,0.15,0.278,0.61,1.0,0,0.93,85.0,573.4
32598,LMTm_20260313154041_5,LMTm,MEAN_REVERSION,BUY,-1,2026.03.13 15:40:41,2026.03.13 19:43:18,242,651.18,646.56,-462.0,-2310.0,0.794,0.0,SL_HIT,656.0375,657.401,651.947,0,2.09,0.821,656.0375,0.3,0,1.0,0.93,4,0,0,-1,0.0,0,0.61,0.47,1,0.61,0.279,0.15,0.263,0.0,0.0,656.0375,0.759,1.294,1,1,0.359,0,3835,0.601,1.25,0,0.25,0.185,0.238,0.375,0.786,0.6,0,-0.615,54.0,569.2
32620,LMTm_20260316134017_6,LMTm,NAKED_POC,BUY,0,2026.03.16 13:40:17,2026.03.16 13:42:43,2,650.13,649.55,-58.0,-290.0,0.338,0.047,SL_HIT,649.23625,649.7975,648.226,1,0.036,0.239,649.46075,0.35,0,0.975,-0.825,0,0,0,0,0.0,6,0.75,0.289,0,0.688,0.247,0.671,0.646,0.75,-0.0651,0.0,0.0,0.26,1,-2,0.347,0,3840,0.665,3.11,0,0.15,0.247,0.161,0.086,0.741,0.975,1,-0.825,149.0,571.8
32621,LMTm_20260316134017_6,LMTm,NAKED_POC,BUY,1,2026.03.16 13:40:17,2026.03.16 13:42:43,2,650.13,649.55,-58.0,-290.0,0.338,0.044,SL_HIT,649.23625,649.7975,648.226,1,0.036,0.239,649.46075,0.35,0,0.975,-0.825,0,0,0,0,0.0,6,0.75,0.289,0,0.688,0.247,0.671,0.646,0.75,-0.0651,0.0,0.0,0.26,1,-2,0.347,0,3840,0.665,3.11,0,0.15,0.247,0.161,0.086,0.741,0.975,1,-0.825,149.0,571.8
32619,LMTm_20260316134017_6,LMTm,NAKED_POC,BUY,-1,2026.03.16 13:40:17,2026.03.16 13:49:18,9,650.13,647.27,-286.0,-1430.0,0.451,0.136,SL_HIT,649.23625,649.7975,648.226,1,0.036,0.239,649.46075,0.35,0,0.975,-0.825,0,0,0,0,0.0,6,0.75,0.289,0,0.688,0.247,0.671,0.646,0.75,-0.0651,0.0,0.0,0.26,1,-2,0.347,0,3840,0.665,3.11,0,0.15,0.247,0.161,0.338,0.741,0.975,0,-0.825,141.0,571.8
32626,LMTm_20260316135617_5,LMTm,MEAN_REVERSION,BUY,0,2026.03.16 13:56:17,2026.03.16 14:02:15,5,647.04,647.31,27.0,135.0,0.233,0.289,TRAIL_STOP,649.23625,649.7975,648.226,0,0.036,0.239,649.46075,0.35,0,0.975,-0.825,0,0,0,0,0.0,0,0.741,0.383,1,0.741,0.247,0.161,0.351,0.15,0.0,649.46075,0.739,0.311,1,-2,0.347,0,3840,0.637,0.82,0,0.25,0.206,0.088,0.357,0.764,1.0,0,-0.685,125.0,552.4
32601,LMTm_20260313154046_4,LMTm,SWEEP_REVERSAL,BUY,-1,2026.03.13 15:40:46,2026.03.16 14:05:03,4224,651.07,645.3,-577.0,-3021.5,0.978,0.0,SL_HIT,656.0375,657.401,651.947,0,2.09,0.821,656.0375,0.3,0,1.0,0.93,4,0,0,-1,0.0,0,0.61,0.47,1,0.61,0.279,0.15,0.263,0.0,0.0,656.0375,0.759,1.294,1,1,0.359,0,3835,0.155,1.02,0,0.25,0.206,0.088,0.396,0.764,1.0,0,-0.685,120.0,552.4
32625,LMTm_20260316135617_5,LMTm,MEAN_REVERSION,BUY,-1,2026.03.16 13:56:17,2026.03.16 14:07:04,10,647.04,642.39,-465.0,-2325.0,0.791,0.289,SL_HIT,649.23625,649.7975,648.226,0,0.036,0.239,649.46075,0.35,0,0.975,-0.825,0,0,0,0,0.0,0,0.741,0.383,1,0.741,0.247,0.161,0.351,0.15,0.0,649.46075,0.739,0.311,1,-2,0.347,0,3840,0.637,0.82,0,0.25,0.206,0.088,0.396,0.764,1.0,0,-0.685,119.0,552.4
32627,LMTm_20260316135617_5,LMTm,MEAN_REVERSION,BUY,1,2026.03.16 13:56:17,2026.03.16 14:07:04,10,647.04,642.39,-465.0,-2325.0,0.791,0.289,SL_HIT,649.23625,649.7975,648.226,0,0.036,0.239,649.46075,0.35,0,0.975,-0.825,0,0,0,0,0.0,0,0.741,0.383,1,0.741,0.247,0.161,0.351,0.15,0.0,649.46075,0.739,0.311,1,-2,0.347,0,3840,0.637,0.82,0,0.25,0.206,0.088,0.396,0.764,1.0,0,-0.685,119.0,552.4
32608,LMTm_20260313154356_3,LMTm,TREND_CONTINUATION,BUY,-1,2026.03.13 15:43:56,2026.03.16 14:09:04,4225,649.52,642.18,-734.0,-3806.5,1.252,0.244,SL_HIT,656.0375,657.401,651.947,0,2.09,0.821,656.0375,0.3,0,1.0,0.93,4,0,0,-1,0.0,0,0.61,0.472,1,0.61,0.279,0.15,0.279,0.0,0.0,656.0375,0.759,1.319,1,1,0.359,0,3835,0.589,1.02,0,0.25,0.206,0.088,0.396,0.764,1.0,0,-0.685,114.0,552.4
32613,LMTm_20260313155409_2,LMTm,PULLBACK,BUY,-1,2026.03.13 15:54:09,2026.03.16 14:09:04,4214,648.51,642.18,-633.0,-3301.5,1.076,0.42,SL_HIT,656.0375,657.401,651.947,0,2.09,0.821,656.0375,0.3,0,1.0,0.93,4,0,0,-1,0.0,0,0.61,0.472,1,0.61,0.279,0.15,0.278,0.0,0.0,656.0375,0.759,1.317,1,1,0.359,0,3835,0.502,1.33,0,0.25,0.206,0.088,0.396,0.764,1.0,0,-0.685,114.0,552.4
32631,LMTm_20260316140521_4,LMTm,SWEEP_REVERSAL,BUY,0,2026.03.16 14:05:21,2026.03.16 14:46:08,40,646.01,643.39,-262.0,-1310.0,0.782,0.123,SL_HIT,649.22675,649.878,648.0545,0,0.064,0.36,649.48725,0.35,0,1.0,-0.685,0,0,0,0,0.0,0,0.764,0.429,1,0.764,0.206,0.088,0.396,0.25,0.0,649.48725,0.744,1.345,1,-2,0.347,0,3841,0.204,0.81,0,0.25,0.206,0.088,0.396,0.764,1.0,0,-0.685,89.0,552.4
32632,LMTm_20260316140521_4,LMTm,SWEEP_REVERSAL,BUY,1,2026.03.16 14:05:21,2026.03.16 14:46:35,41,646.01,643.22,-279.0,-1395.0,0.782,0.123,SL_HIT,649.22675,649.878,648.0545,0,0.064,0.36,649.48725,0.35,0,1.0,-0.685,0,0,0,0,0.0,0,0.764,0.429,1,0.764,0.206,0.088,0.396,0.25,0.0,649.48725,0.744,1.345,1,-2,0.347,0,3841,0.204,0.81,0,0.25,0.206,0.088,0.396,0.764,1.0,0,-0.685,88.0,552.4
32630,LMTm_20260316140521_4,LMTm,SWEEP_REVERSAL,BUY,-1,2026.03.16 14:05:21,2026.03.16 14:58:42,53,646.24,640.59,-565.0,-2710.0,0.994,0.081,SL_HIT,649.22675,649.878,648.0545,0,0.064,0.36,649.48725,0.35,0,1.0,-0.685,0,0,0,0,0.0,0,0.764,0.429,1,0.764,0.206,0.088,0.396,0.25,0.0,649.48725,0.744,1.345,1,-2,0.347,0,3841,0.204,0.81,0,0.25,0.206,0.088,0.396,0.764,1.0,0,-0.685,83.0,552.4
32641,LMTm_20260316155627_5,LMTm,MEAN_REVERSION,BUY,0,2026.03.16 15:56:27,2026.03.16 15:56:53,0,642.68,642.07,-61.0,-305.0,0.126,0.0,SL_HIT,649.53625,650.92,645.385,0,1.356,0.023,649.53625,0.5,0,1.0,-0.895,2,0,0,-1,0.0,0,0.614,0.406,1,0.614,0.269,0.053,0.335,0.15,0.0,649.53625,0.725,1.312,1,-2,0.347,0,3842,0.587,1.68,0,0.15,0.269,0.053,0.303,0.614,1.0,0,-0.895,71.0,561.8
32642,LMTm_20260316155627_5,LMTm,MEAN_REVERSION,BUY,1,2026.03.16 15:56:27,2026.03.16 15:57:36,1,642.68,641.66,-102.0,-510.0,0.148,0.0,SL_HIT,649.53625,650.92,645.385,0,1.356,0.023,649.53625,0.5,0,1.0,-0.895,2,0,0,-1,0.0,0,0.614,0.406,1,0.614,0.269,0.053,0.335,0.15,0.0,649.53625,0.725,1.312,1,-2,0.347,0,3842,0.587,1.68,0,0.15,0.269,0.053,0.335,0.614,1.0,0,-0.895,72.0,561.8
32646,LMTm_20260316160521_4,LMTm,SWEEP_REVERSAL,BUY,0,2026.03.16 16:05:21,2026.03.16 16:05:51,0,641.48,640.51,-97.0,-485.0,0.156,0.0,SL_HIT,649.3825,650.299,642.356,0,0.099,0.45,649.3825,0.65,0,1.0,-0.93,2,0,0,-1,0.0,0,0.503,0.419,1,0.503,0.279,0.0,0.184,0.0,0.0,649.3825,0.728,1.175,1,2,0.352,0,3843,0.105,1.57,0,0.0,0.279,0.0,0.211,0.503,1.0,0,-0.93,71.0,556.2
32647,LMTm_20260316160521_4,LMTm,SWEEP_REVERSAL,BUY,1,2026.03.16 16:05:21,2026.03.16 16:07:03,1,641.48,640.28,-120.0,-600.0,0.203,0.0,SL_HIT,649.3825,650.299,642.356,0,0.099,0.45,649.3825,0.65,0,1.0,-0.93,2,0,0,-1,0.0,0,0.503,0.419,1,0.503,0.279,0.0,0.184,0.0,0.0,649.3825,0.728,1.175,1,2,0.352,0,3843,0.105,1.57,0,0.0,0.279,0.0,0.211,0.503,1.0,0,-0.93,71.0,556.2
32653,LMTm_20260317134043_6,LMTm,NAKED_POC,BUY,-1,2026.03.17 13:40:43,2026.03.17 13:49:24,8,641.9,638.99,-291.0,-1455.0,0.51,0.0,SL_HIT,643.77875,644.5725,640.445,0,0.637,0.033,643.77875,0.65,0,0.8,-0.825,0,0,0,-1,0.0,0,0.615,0.3,0,0.615,0.247,0.246,0.379,0.4,0.0,643.77875,0.748,0.287,1,2,0.334,0,3847,0.59,2.88,0,0.4,0.247,0.246,0.438,0.615,0.8,0,-0.825,148.0,521.1
32654,LMTm_20260317134043_6,LMTm,NAKED_POC,BUY,0,2026.03.17 13:40:43,2026.03.17 13:49:24,8,641.9,638.99,-291.0,-1455.0,0.51,0.0,SL_HIT,643.77875,644.5725,640.445,0,0.637,0.033,643.77875,0.65,0,0.8,-0.825,0,0,0,-1,0.0,0,0.615,0.3,0,0.615,0.247,0.246,0.379,0.4,0.0,643.77875,0.748,0.287,1,2,0.334,0,3847,0.59,2.88,0,0.4,0.247,0.246,0.438,0.615,0.8,0,-0.825,148.0,521.1
32655,LMTm_20260317134043_6,LMTm,NAKED_POC,BUY,1,2026.03.17 13:40:43,2026.03.17 13:49:24,8,641.9,638.99,-291.0,-1455.0,0.51,0.0,SL_HIT,643.77875,644.5725,640.445,0,0.637,0.033,643.77875,0.65,0,0.8,-0.825,0,0,0,-1,0.0,0,0.615,0.3,0,0.615,0.247,0.246,0.379,0.4,0.0,643.77875,0.748,0.287,1,2,0.334,0,3847,0.59,2.88,0,0.4,0.247,0.246,0.438,0.615,0.8,0,-0.825,148.0,521.1
32640,LMTm_20260316155627_5,LMTm,MEAN_REVERSION,BUY,-1,2026.03.16 15:56:27,2026.03.17 13:51:10,1314,642.68,638.12,-456.0,-2325.5,0.789,0.619,SL_HIT,649.53625,650.92,645.385,0,1.356,0.023,649.53625,0.5,0,1.0,-0.895,2,0,0,-1,0.0,0,0.614,0.406,1,0.614,0.269,0.053,0.335,0.15,0.0,649.53625,0.725,1.312,1,-2,0.347,0,3842,0.587,1.68,0,0.4,0.247,0.246,0.438,0.615,0.8,0,-0.825,141.0,521.1
32652,LMTm_20260317134041_5,LMTm,MEAN_REVERSION,BUY,1,2026.03.17 13:40:41,2026.03.17 14:02:04,21,641.89,637.58,-431.0,-2155.0,0.796,0.0,SL_HIT,643.77875,644.5725,640.445,0,0.637,0.033,643.77875,0.65,0,0.8,-0.825,0,0,0,-1,0.0,0,0.615,0.304,0,0.615,0.247,0.246,0.438,0.4,0.0,643.77875,0.748,0.324,1,2,0.334,0,3847,0.563,0.92,0,0.15,0.3,0.141,0.346,0.724,1.0,0,-1.0,125.0,485.4
32650,LMTm_20260317134041_5,LMTm,MEAN_REVERSION,BUY,-1,2026.03.17 13:40:41,2026.03.17 14:02:11,21,641.7,637.51,-419.0,-2095.0,0.791,0.025,SL_HIT,643.77875,644.5725,640.445,0,0.637,0.033,643.77875,0.65,0,0.8,-0.825,0,0,0,-1,0.0,0,0.615,0.304,0,0.615,0.247,0.246,0.438,0.4,0.0,643.77875,0.748,0.324,1,2,0.334,0,3847,0.563,0.92,0,0.15,0.3,0.141,0.346,0.724,1.0,0,-1.0,125.0,485.4
32651,LMTm_20260317134041_5,LMTm,MEAN_REVERSION,BUY,0,2026.03.17 13:40:41,2026.03.17 14:02:11,21,641.7,637.51,-419.0,-2190.0,0.791,0.025,SL_HIT,643.77875,644.5725,640.445,0,0.637,0.033,643.77875,0.65,0,0.8,-0.825,0,0,0,-1,0.0,0,0.615,0.304,0,0.615,0.247,0.246,0.438,0.4,0.0,643.77875,0.748,0.324,1,2,0.334,0,3847,0.563,0.92,0,0.15,0.3,0.141,0.346,0.724,1.0,0,-1.0,125.0,485.4
32657,LMTm_20260317134128_4,LMTm,SWEEP_REVERSAL,BUY,0,2026.03.17 13:41:28,2026.03.17 14:04:13,22,641.47,636.23,-524.0,-2620.0,0.942,0.069,SL_HIT,643.77875,644.5725,640.445,0,0.637,0.033,643.77875,0.65,0,0.8,-0.825,0,0,0,-1,0.0,0,0.615,0.308,0,0.615,0.247,0.246,0.438,0.4,0.0,643.77875,0.748,0.358,1,2,0.334,0,3847,0.258,0.81,0,0.15,0.3,0.141,0.346,0.724,1.0,0,-1.0,123.0,485.4
32658,LMTm_20260317134128_4,LMTm,SWEEP_REVERSAL,BUY,1,2026.03.17 13:41:28,2026.03.17 14:04:13,22,641.47,636.23,-524.0,-2620.0,0.942,0.069,SL_HIT,643.77875,644.5725,640.445,0,0.637,0.033,643.77875,0.65,0,0.8,-0.825,0,0,0,-1,0.0,0,0.615,0.308,0,0.615,0.247,0.246,0.438,0.4,0.0,643.77875,0.748,0.358,1,2,0.334,0,3847,0.258,0.81,0,0.15,0.3,0.141,0.346,0.724,1.0,0,-1.0,123.0,485.4
32656,LMTm_20260317134128_4,LMTm,SWEEP_REVERSAL,BUY,-1,2026.03.17 13:41:28,2026.03.17 14:04:45,23,641.26,636.04,-522.0,-2715.0,0.988,0.109,SL_HIT,643.77875,644.5725,640.445,0,0.637,0.033,643.77875,0.65,0,0.8,-0.825,0,0,0,-1,0.0,0,0.615,0.308,0,0.615,0.247,0.246,0.438,0.4,0.0,643.77875,0.748,0.358,1,2,0.334,0,3847,0.258,0.81,0,0.15,0.3,0.141,0.346,0.724,1.0,0,-1.0,122.0,485.4
32645,LMTm_20260316160521_4,LMTm,SWEEP_REVERSAL,BUY,-1,2026.03.16 16:05:21,2026.03.17 14:05:31,1320,641.36,635.54,-582.0,-3015.5,0.998,0.863,SL_HIT,649.3825,650.299,642.356,0,0.099,0.45,649.3825,0.65,0,1.0,-0.93,2,0,0,-1,0.0,0,0.503,0.419,1,0.503,0.279,0.0,0.184,0.0,0.0,649.3825,0.728,1.175,1,2,0.352,0,3843,0.105,1.57,0,0.15,0.3,0.141,0.346,0.724,1.0,0,-1.0,120.0,485.4
32671,LMTm_20260317150003_7,LMTm,ANCHORED_PULLBACK,BUY,0,2026.03.17 15:00:03,2026.03.17 15:00:18,0,639.06,637.71,-135.0,-675.0,0.233,0.0,SL_HIT,643.752,646.16,637.904,1,1.075,0.159,643.752,0.6,0,1.0,-0.825,2,0,0,-1,0.0,2,1.0,0.454,1,0.552,0.947,0.14,0.399,0.4,0.8512,643.752,0.732,0.705,1,2,0.334,0,3849,0.492,2.92,0,0.4,0.247,0.14,0.385,0.578,1.0,0,-0.825,84.0,450.4
32672,LMTm_20260317150003_7,LMTm,ANCHORED_PULLBACK,BUY,1,2026.03.17 15:00:03,2026.03.17 15:00:18,0,639.06,637.71,-135.0,-675.0,0.206,0.0,SL_HIT,643.752,646.16,637.904,1,1.075,0.159,643.752,0.6,0,1.0,-0.825,2,0,0,-1,0.0,2,1.0,0.454,1,0.552,0.947,0.14,0.399,0.4,0.8512,643.752,0.732,0.705,1,2,0.334,0,3849,0.492,2.92,0,0.4,0.247,0.14,0.385,0.578,1.0,0,-0.825,84.0,450.4
32670,LMTm_20260317150003_7,LMTm,ANCHORED_PULLBACK,BUY,-1,2026.03.17 15:00:03,2026.03.17 15:01:19,1,639.06,637.37,-169.0,-845.0,0.351,0.0,SL_HIT,643.752,646.16,637.904,1,1.075,0.159,643.752,0.6,0,1.0,-0.825,2,0,0,-1,0.0,2,1.0,0.454,1,0.552,0.947,0.14,0.399,0.4,0.8512,643.752,0.732,0.705,1,2,0.334,0,3849,0.492,2.92,0,0.4,0.247,0.14,0.385,0.578,1.0,0,-0.825,84.0,450.4
32677,LMTm_20260317154058_5,LMTm,MEAN_REVERSION,BUY,0,2026.03.17 15:40:58,2026.03.17 15:41:04,0,637.76,636.82,-94.0,-470.0,0.191,0.0,SL_HIT,643.752,646.16,637.904,0,1.075,0.159,643.752,0.6,0,1.0,-0.825,2,0,0,-1,0.0,0,0.578,0.339,0,0.578,0.247,0.14,0.391,0.4,0.0,643.752,0.732,0.628,1,2,0.334,0,3849,0.559,1.88,0,0.4,0.247,0.14,0.391,0.578,1.0,0,-0.825,77.0,450.4
32681,LMTm_20260317154157_4,LMTm,SWEEP_REVERSAL,BUY,0,2026.03.17 15:41:57,2026.03.17 15:42:27,0,637.67,636.62,-105.0,-525.0,0.204,0.0,SL_HIT,643.752,646.16,637.904,0,1.075,0.159,643.752,0.6,0,1.0,-0.825,2,0,0,-1,0.0,0,0.578,0.34,0,0.578,0.247,0.14,0.391,0.4,0.0,643.752,0.732,0.637,1,2,0.334,0,3849,0.24,1.52,0,0.4,0.247,0.14,0.391,0.578,1.0,0,-0.825,77.0,450.4
32678,LMTm_20260317154058_5,LMTm,MEAN_REVERSION,BUY,1,2026.03.17 15:40:58,2026.03.17 15:48:15,7,637.76,636.91,-85.0,-425.0,0.258,0.0,SL_HIT,643.752,646.16,637.904,0,1.075,0.159,643.752,0.6,0,1.0,-0.825,2,0,0,-1,0.0,0,0.578,0.339,0,0.578,0.247,0.14,0.391,0.4,0.0,643.752,0.732,0.628,1,2,0.334,0,3849,0.559,1.88,0,0.4,0.247,0.14,0.391,0.578,1.0,0,-0.825,76.0,450.4
32682,LMTm_20260317154157_4,LMTm,SWEEP_REVERSAL,BUY,1,2026.03.17 15:41:57,2026.03.17 15:48:15,6,637.67,636.91,-76.0,-380.0,0.238,0.0,SL_HIT,643.752,646.16,637.904,0,1.075,0.159,643.752,0.6,0,1.0,-0.825,2,0,0,-1,0.0,0,0.578,0.34,0,0.578,0.247,0.14,0.391,0.4,0.0,643.752,0.732,0.637,1,2,0.334,0,3849,0.24,1.52,0,0.4,0.247,0.14,0.391,0.578,1.0,0,-0.825,76.0,450.4
32687,LMTm_20260317155229_6,LMTm,NAKED_POC,BUY,0,2026.03.17 15:52:29,2026.03.17 15:52:38,0,637.11,636.16,-95.0,-475.0,0.169,0.0,SL_HIT,643.752,646.16,637.904,0,1.075,0.159,643.752,0.6,0,1.0,-0.825,2,0,0,-1,0.0,0,0.578,0.35,0,0.578,0.247,0.14,0.416,0.4,0.0,643.752,0.732,0.719,1,2,0.334,0,3849,0.461,1.74,0,0.4,0.247,0.14,0.416,0.578,1.0,0,-0.825,76.0,450.4
32688,LMTm_20260317155229_6,LMTm,NAKED_POC,BUY,1,2026.03.17 15:52:29,2026.03.17 15:54:41,2,637.11,636.96,-15.0,-75.0,0.249,0.084,SL_HIT,643.752,646.16,637.904,0,1.075,0.159,643.752,0.6,0,1.0,-0.825,2,0,0,-1,0.0,0,0.578,0.35,0,0.578,0.247,0.14,0.416,0.4,0.0,643.752,0.732,0.719,1,2,0.334,0,3849,0.461,1.74,0,0.4,0.247,0.14,0.391,0.578,1.0,0,-0.825,79.0,450.4
32676,LMTm_20260317154058_5,LMTm,MEAN_REVERSION,BUY,-1,2026.03.17 15:40:58,2026.03.17 16:43:58,63,637.76,634.15,-361.0,-1805.0,0.779,0.0,SL_HIT,643.752,646.16,637.904,0,1.075,0.159,643.752,0.6,0,1.0,-0.825,2,0,0,-1,0.0,0,0.578,0.339,0,0.578,0.247,0.14,0.391,0.4,0.0,643.752,0.732,0.628,1,2,0.334,0,3849,0.559,1.88,0,0.0,0.3,0.0,0.262,0.529,1.0,1,-1.0,72.0,402.9
32693,LMTm_20260317175255_6,LMTm,NAKED_POC,BUY,0,2026.03.17 17:52:55,2026.03.17 17:54:52,1,635.3,634.7,-60.0,-300.0,0.156,0.0,SL_HIT,636.872,638.592,632.4,1,0.1,1.578,637.56,0.45,0,0.8,-1.0,0,0,0,-1,0.0,0,0.563,0.409,1,0.563,0.3,0.0,0.116,0.0,0.0,636.872,0.7,0.787,1,2,0.352,0,3851,0.394,2.3,0,0.0,0.3,0.0,0.116,0.563,0.8,1,-1.0,64.0,410.0
32694,LMTm_20260317175255_6,LMTm,NAKED_POC,BUY,1,2026.03.17 17:52:55,2026.03.17 17:55:55,3,635.3,634.49,-81.0,-405.0,0.18,0.0,SL_HIT,636.872,638.592,632.4,1,0.1,1.578,637.56,0.45,0,0.8,-1.0,0,0,0,-1,0.0,0,0.563,0.409,1,0.563,0.3,0.0,0.116,0.0,0.0,636.872,0.7,0.787,1,2,0.352,0,3851,0.394,2.3,0,0.0,0.3,0.0,0.116,0.563,0.8,1,-1.0,64.0,410.0
32698,LMTm_20260317180046_5,LMTm,MEAN_REVERSION,BUY,0,2026.03.17 18:00:46,2026.03.17 18:00:51,0,635.3,634.51,-79.0,-395.0,0.187,0.0,SL_HIT,637.1375,638.085,635.053,0,0.125,0.336,637.1375,0.4,0,0.8,-1.0,0,0,0,-1,0.0,0,0.645,0.434,1,0.645,0.3,0.104,0.185,0.0,0.0,637.1375,0.735,0.89,1,2,0.352,0,3852,0.598,0.81,0,0.0,0.3,0.104,0.185,0.645,0.8,0,-1.0,64.0,410.9
32699,LMTm_20260317180046_5,LMTm,MEAN_REVERSION,BUY,1,2026.03.17 18:00:46,2026.03.17 18:05:44,4,635.3,635.65,35.0,175.0,0.212,0.18,TRAIL_STOP,637.1375,638.085,635.053,0,0.125,0.336,637.1375,0.4,0,0.8,-1.0,0,0,0,-1,0.0,0,0.645,0.434,1,0.645,0.3,0.104,0.185,0.0,0.0,637.1375,0.735,0.89,1,2,0.352,0,3852,0.598,0.81,0,0.0,0.3,0.104,0.151,0.645,0.8,1,-1.0,65.0,410.9
32697,LMTm_20260317180046_5,LMTm,MEAN_REVERSION,BUY,-1,2026.03.17 18:00:46,2026.03.18 13:40:38,1179,635.13,638.36,323.0,1484.5,0.17,0.526,TP_HIT,637.1375,638.085,635.053,0,0.125,0.336,637.1375,0.4,0,0.8,-1.0,0,0,0,-1,0.0,0,0.645,0.434,1,0.645,0.3,0.104,0.185,0.0,0.0,637.1375,0.735,0.89,1,2,0.352,0,3852,0.598,0.81,0,0.4,0.247,0.282,0.757,0.621,0.8,0,-0.825,164.0,404.4
32704,LMTm_20260318134038_6,LMTm,NAKED_POC,BUY,0,2026.03.18 13:40:38,2026.03.18 13:40:46,0,639.88,638.09,-179.0,-895.0,0.376,0.0,SL_HIT,635.4225,636.95,635.07,0,0.436,0.029,635.4225,0.4,0,0.8,-0.825,0,0,0,-1,0.0,0,0.64,0.372,1,0.64,0.247,0.282,0.457,0.4,0.0,635.4225,0.749,0.571,1,1,0.358,0,3854,0.462,1.21,0,0.4,0.247,0.282,0.46,0.64,0.8,0,-0.825,163.0,404.4
32705,LMTm_20260318134038_6,LMTm,NAKED_POC,BUY,1,2026.03.18 13:40:38,2026.03.18 13:41:04,0,639.88,638.37,-151.0,-755.0,0.443,0.0,SL_HIT,635.4225,636.95,635.07,0,0.436,0.029,635.4225,0.4,0,0.8,-0.825,0,0,0,-1,0.0,0,0.64,0.372,1,0.64,0.247,0.282,0.457,0.4,0.0,635.4225,0.749,0.571,1,1,0.358,0,3854,0.462,1.21,0,0.4,0.247,0.282,0.457,0.64,0.8,0,-0.825,163.0,404.4
32703,LMTm_20260318134038_6,LMTm,NAKED_POC,BUY,-1,2026.03.18 13:40:38,2026.03.18 13:43:49,3,640.29,637.33,-296.0,-1275.0,0.697,0.0,SL_HIT,635.4225,636.95,635.07,0,0.436,0.029,635.4225,0.4,0,0.8,-0.825,0,0,0,-1,0.0,0,0.64,0.372,1,0.64,0.247,0.282,0.457,0.4,0.0,635.4225,0.749,0.571,1,1,0.358,0,3854,0.462,1.21,0,0.4,0.247,0.282,0.362,0.64,0.8,0,-0.825,159.0,404.4
32710,LMTm_20260318154057_7,LMTm,ANCHORED_PULLBACK,BUY,0,2026.03.18 15:40:57,2026.03.18 15:41:46,0,641.22,640.32,-90.0,-450.0,0.227,0.0,SL_HIT,635.694,637.916,634.684,0,1.456,0.017,635.29,0.4,0,1.0,-0.825,2,0,0,0,0.0,0,0.667,0.345,0,0.667,0.247,0.14,0.357,0.4,0.0,643.79975,0.65,0.554,1,1,0.358,0,3856,0.512,2.72,0,0.4,0.247,0.14,0.36,0.667,1.0,0,-0.825,84.0,365.0
32711,LMTm_20260318154057_7,LMTm,ANCHORED_PULLBACK,BUY,1,2026.03.18 15:40:57,2026.03.18 15:41:51,0,641.22,640.0,-122.0,-610.0,0.282,0.0,SL_HIT,635.694,637.916,634.684,0,1.456,0.017,635.29,0.4,0,1.0,-0.825,2,0,0,0,0.0,0,0.667,0.345,0,0.667,0.247,0.14,0.357,0.4,0.0,643.79975,0.65,0.554,1,1,0.358,0,3856,0.512,2.72,0,0.4,0.247,0.14,0.36,0.667,1.0,0,-0.825,84.0,365.0
32715,LMTm_20260318154151_6,LMTm,NAKED_POC,BUY,0,2026.03.18 15:41:51,2026.03.18 15:42:22,0,640.98,640.01,-97.0,-485.0,0.241,0.0,SL_HIT,635.694,637.916,634.684,0,1.456,0.017,635.29,0.4,0,1.0,-0.825,2,0,0,0,0.0,0,0.667,0.341,0,0.667,0.247,0.14,0.36,0.4,0.0,635.29,0.759,0.516,1,1,0.358,0,3856,0.513,1.11,0,0.4,0.247,0.14,0.36,0.667,1.0,0,-0.825,84.0,365.0
32716,LMTm_20260318154151_6,LMTm,NAKED_POC,BUY,1,2026.03.18 15:41:51,2026.03.18 15:43:55,2,640.98,640.07,-91.0,-455.0,0.266,0.0,SL_HIT,635.694,637.916,634.684,0,1.456,0.017,635.29,0.4,0,1.0,-0.825,2,0,0,0,0.0,0,0.667,0.341,0,0.667,0.247,0.14,0.36,0.4,0.0,635.29,0.759,0.516,1,1,0.358,0,3856,0.513,1.11,0,0.4,0.247,0.14,0.36,0.667,1.0,0,-0.825,84.0,365.0
32686,LMTm_20260317155229_6,LMTm,NAKED_POC,BUY,-1,2026.03.17 15:52:29,2026.03.18 16:38:27,1485,637.0,643.8,680.0,3299.5,0.742,1.503,TP_HIT,643.752,646.16,637.904,0,1.075,0.159,643.752,0.6,0,1.0,-0.825,2,0,0,-1,0.0,0,0.578,0.35,0,0.578,0.247,0.14,0.416,0.4,0.0,643.752,0.732,0.719,1,2,0.334,0,3849,0.461,1.74,0,0.25,0.247,0.088,0.367,0.524,1.0,0,-0.825,72.0,352.7
32692,LMTm_20260317175255_6,LMTm,NAKED_POC,BUY,-1,2026.03.17 17:52:55,2026.03.18 16:38:27,1365,635.43,643.8,837.0,4204.5,0.28,2.034,TP_HIT,636.872,638.592,632.4,1,0.1,1.578,637.56,0.45,0,0.8,-1.0,0,0,0,-1,0.0,0,0.563,0.409,1,0.563,0.3,0.0,0.116,0.0,0.0,636.872,0.7,0.787,1,2,0.352,0,3851,0.394,2.3,0,0.25,0.247,0.088,0.367,0.524,1.0,0,-0.825,72.0,352.7
32714,LMTm_20260318154151_6,LMTm,NAKED_POC,BUY,-1,2026.03.18 15:41:51,2026.03.18 16:38:27,56,640.84,643.8,296.0,1410.0,0.334,0.803,TP_HIT,635.694,637.916,634.684,0,1.456,0.017,635.29,0.4,0,1.0,-0.825,2,0,0,0,0.0,0,0.667,0.341,0,0.667,0.247,0.14,0.36,0.4,0.0,635.29,0.759,0.516,1,1,0.358,0,3856,0.513,1.11,0,0.25,0.247,0.088,0.367,0.524,1.0,0,-0.825,72.0,352.7
32680,LMTm_20260317154157_4,LMTm,SWEEP_REVERSAL,BUY,-1,2026.03.17 15:41:57,2026.03.18 16:51:13,1509,637.67,644.61,694.0,3424.5,0.89,1.514,TP_HIT,643.752,646.16,637.904,0,1.075,0.159,643.752,0.6,0,1.0,-0.825,2,0,0,-1,0.0,0,0.578,0.34,0,0.578,0.247,0.14,0.391,0.4,0.0,643.752,0.732,0.637,1,2,0.334,0,3849,0.24,1.52,0,0.25,0.247,0.088,0.367,0.524,1.0,0,-0.825,71.0,352.7
32724,LMTm_20260318180000_0,LMTm,BREAKOUT,BUY,0,2026.03.18 18:00:00,2026.03.18 18:01:15,1,644.07,643.71,-36.0,-180.0,0.143,0.0,SL_HIT,640.11425,642.6785,639.128,0,0.352,0.405,640.11425,0.45,0,0.675,0.685,0,0,0,0,0.0,0,0.662,0.43,1,0.662,0.206,0.095,0.494,0.0,-0.5722,642.08675,0.55,1.191,1,1,0.367,0,3859,0.41,5.53,0,0.0,0.206,0.095,0.214,0.671,0.675,0,0.685,72.0,364.7
32727,LMTm_20260318180001_3,LMTm,TREND_CONTINUATION,BUY,0,2026.03.18 18:00:01,2026.03.18 18:01:15,1,644.33,643.71,-62.0,-310.0,0.208,0.0,SL_HIT,640.11425,642.6785,639.128,0,0.352,0.405,640.11425,0.45,0,0.675,0.685,0,0,0,0,0.0,0,0.671,0.436,1,0.671,0.206,0.095,0.214,0.0,0.0,642.08675,0.55,1.221,1,1,0.367,0,3859,0.439,2.08,0,0.0,0.206,0.095,0.214,0.671,0.675,0,0.685,72.0,364.7
32725,LMTm_20260318180000_0,LMTm,BREAKOUT,BUY,1,2026.03.18 18:00:00,2026.03.18 18:01:29,1,644.07,643.7,-37.0,-185.0,0.143,0.0,SL_HIT,640.11425,642.6785,639.128,0,0.352,0.405,640.11425,0.45,0,0.675,0.685,0,0,0,0,0.0,0,0.662,0.43,1,0.662,0.206,0.095,0.494,0.0,-0.5722,642.08675,0.55,1.191,1,1,0.367,0,3859,0.41,5.53,0,0.0,0.206,0.095,0.214,0.671,0.675,0,0.685,72.0,364.7
32728,LMTm_20260318180001_3,LMTm,TREND_CONTINUATION,BUY,1,2026.03.18 18:00:01,2026.03.18 18:01:29,1,644.33,643.7,-63.0,-315.0,0.208,0.0,SL_HIT,640.11425,642.6785,639.128,0,0.352,0.405,640.11425,0.45,0,0.675,0.685,0,0,0,0,0.0,0,0.671,0.436,1,0.671,0.206,0.095,0.214,0.0,0.0,642.08675,0.55,1.221,1,1,0.367,0,3859,0.439,2.08,0,0.0,0.206,0.095,0.214,0.671,0.675,0,0.685,72.0,364.7
32734,LMTm_20260318183431_1,LMTm,BREAKOUT_RETEST,BUY,0,2026.03.18 18:34:31,2026.03.18 18:34:34,0,643.17,642.43,-74.0,-415.0,0.159,0.0,SL_HIT,640.11425,642.6785,639.128,1,0.352,0.405,640.11425,0.45,0,0.675,0.685,0,0,0,0,0.0,0,0.671,0.425,1,0.671,0.206,0.095,0.152,0.0,0.0,640.11425,0.745,1.128,1,1,0.367,0,3859,0.459,1.81,0,0.0,0.206,0.095,0.152,0.671,0.675,1,0.685,68.0,364.7
32723,LMTm_20260318180000_0,LMTm,BREAKOUT,BUY,-1,2026.03.18 18:00:00,2026.03.18 18:34:57,34,644.07,642.36,-171.0,-855.0,0.45,0.145,SL_HIT,640.11425,642.6785,639.128,0,0.352,0.405,640.11425,0.45,0,0.675,0.685,0,0,0,0,0.0,0,0.662,0.43,1,0.662,0.206,0.095,0.494,0.0,-0.5722,642.08675,0.55,1.191,1,1,0.367,0,3859,0.41,5.53,0,0.0,0.206,0.095,0.152,0.671,0.675,1,0.685,68.0,364.7
32735,LMTm_20260318183431_1,LMTm,BREAKOUT_RETEST,BUY,1,2026.03.18 18:34:31,2026.03.18 18:35:00,0,643.26,642.14,-112.0,-560.0,0.271,0.0,SL_HIT,640.11425,642.6785,639.128,1,0.352,0.405,640.11425,0.45,0,0.675,0.685,0,0,0,0,0.0,0,0.671,0.425,1,0.671,0.206,0.095,0.152,0.0,0.0,640.11425,0.745,1.128,1,1,0.367,0,3859,0.459,1.81,0,0.0,0.206,0.095,0.135,0.671,0.675,1,0.685,68.0,364.7
32733,LMTm_20260318183431_1,LMTm,BREAKOUT_RETEST,BUY,-1,2026.03.18 18:34:31,2026.03.18 18:45:32,11,643.15,642.05,-110.0,-560.0,0.296,0.0,SL_HIT,640.11425,642.6785,639.128,1,0.352,0.405,640.11425,0.45,0,0.675,0.685,0,0,0,0,0.0,0,0.671,0.425,1,0.671,0.206,0.095,0.152,0.0,0.0,640.11425,0.745,1.128,1,1,0.367,0,3859,0.459,1.81,0,0.0,0.206,0.095,0.135,0.671,0.675,1,0.685,73.0,364.7
32709,LMTm_20260318154057_7,LMTm,ANCHORED_PULLBACK,BUY,-1,2026.03.18 15:40:57,2026.03.19 13:40:21,1319,641.22,632.23,-899.0,-4540.5,0.438,1.156,SL_HIT,635.694,637.916,634.684,0,1.456,0.017,635.29,0.4,0,1.0,-0.825,2,0,0,0,0.0,0,0.667,0.345,0,0.667,0.247,0.14,0.357,0.4,0.0,643.79975,0.65,0.554,1,1,0.358,0,3856,0.512,2.72,0,0.15,0.226,0.223,0.657,0.711,0.55,0,0.755,148.0,370.1
32726,LMTm_20260318180001_3,LMTm,TREND_CONTINUATION,BUY,-1,2026.03.18 18:00:01,2026.03.19 13:40:21,1180,644.25,632.23,-1202.0,-6095.5,0.91,0.096,SL_HIT,640.11425,642.6785,639.128,0,0.352,0.405,640.11425,0.45,0,0.675,0.685,0,0,0,0,0.0,0,0.671,0.436,1,0.671,0.206,0.095,0.214,0.0,0.0,642.08675,0.55,1.221,1,1,0.367,0,3859,0.439,2.08,0,0.15,0.226,0.223,0.657,0.711,0.55,0,0.755,148.0,370.1
32740,LMTm_20260318190455_2,LMTm,PULLBACK,BUY,-1,2026.03.18 19:04:55,2026.03.19 13:40:21,1115,644.16,632.23,-1193.0,-6055.5,0.882,0.0,SL_HIT,642.36675,644.4695,640.911,1,0.01,0.628,642.36675,0.55,0,0.5,0.72,0,0,0,0,0.0,0,0.73,0.483,1,0.73,0.216,0.13,0.089,0.0,0.0,640.911,0.6,1.033,1,1,0.367,0,3860,0.486,2.0,0,0.15,0.226,0.223,0.657,0.711,0.55,0,0.755,148.0,370.1
32741,LMTm_20260318190455_2,LMTm,PULLBACK,BUY,0,2026.03.18 19:04:55,2026.03.19 13:40:21,1115,644.25,632.23,-1202.0,-6055.5,0.906,0.0,SL_HIT,642.36675,644.4695,640.911,1,0.01,0.628,642.36675,0.55,0,0.5,0.72,0,0,0,0,0.0,0,0.73,0.483,1,0.73,0.216,0.13,0.089,0.0,0.0,640.911,0.6,1.033,1,1,0.367,0,3860,0.486,2.0,0,0.15,0.226,0.223,0.657,0.711,0.55,0,0.755,148.0,370.1
32742,LMTm_20260318190455_2,LMTm,PULLBACK,BUY,1,2026.03.18 19:04:55,2026.03.19 13:40:21,1115,644.25,632.23,-1202.0,-6055.5,0.906,0.0,SL_HIT,642.36675,644.4695,640.911,1,0.01,0.628,642.36675,0.55,0,0.5,0.72,0,0,0,0,0.0,0,0.73,0.483,1,0.73,0.216,0.13,0.089,0.0,0.0,640.911,0.6,1.033,1,1,0.367,0,3860,0.486,2.0,0,0.15,0.226,0.223,0.657,0.711,0.55,0,0.755,148.0,370.1
32750,LMTm_20260319134026_3,LMTm,TREND_CONTINUATION,BUY,1,2026.03.19 13:40:26,2026.03.19 13:40:29,0,633.81,631.41,-240.0,-1200.0,0.454,0.0,SL_HIT,642.46775,644.119,641.477,0,2.587,0.268,641.14675,0.2,0,0.55,0.755,4,0,0,-1,0.0,0,0.727,0.42,1,0.727,0.226,0.223,0.357,0.15,0.0,641.14675,0.702,1.346,1,2,0.348,0,3861,0.398,1.98,0,0.15,0.226,0.223,0.357,0.727,0.55,0,0.755,147.0,370.1
32753,LMTm_20260319134027_4,LMTm,SWEEP_REVERSAL,BUY,1,2026.03.19 13:40:27,2026.03.19 13:40:29,0,633.31,631.08,-223.0,-1115.0,0.513,0.0,SL_HIT,642.46775,644.119,641.477,0,2.587,0.268,641.14675,0.2,0,0.55,0.755,4,0,0,-1,0.0,0,0.727,0.42,1,0.727,0.226,0.223,0.357,0.15,0.0,641.14675,0.702,1.346,1,2,0.348,0,3861,0.206,2.44,0,0.15,0.226,0.223,0.357,0.727,0.55,0,0.755,147.0,370.1
32749,LMTm_20260319134026_3,LMTm,TREND_CONTINUATION,BUY,0,2026.03.19 13:40:26,2026.03.19 13:40:31,0,633.81,630.94,-287.0,-1435.0,0.738,0.0,SL_HIT,642.46775,644.119,641.477,0,2.587,0.268,641.14675,0.2,0,0.55,0.755,4,0,0,-1,0.0,0,0.727,0.42,1,0.727,0.226,0.223,0.357,0.15,0.0,641.14675,0.702,1.346,1,2,0.348,0,3861,0.398,1.98,0,0.15,0.226,0.223,0.357,0.727,0.55,0,0.755,146.0,370.1
32752,LMTm_20260319134027_4,LMTm,SWEEP_REVERSAL,BUY,0,2026.03.19 13:40:27,2026.03.19 13:40:31,0,633.31,630.94,-237.0,-1185.0,0.602,0.0,SL_HIT,642.46775,644.119,641.477,0,2.587,0.268,641.14675,0.2,0,0.55,0.755,4,0,0,-1,0.0,0,0.727,0.42,1,0.727,0.226,0.223,0.357,0.15,0.0,641.14675,0.702,1.346,1,2,0.348,0,3861,0.206,2.44,0,0.15,0.226,0.223,0.357,0.727,0.55,0,0.755,146.0,370.1
32757,LMTm_20260319134029_5,LMTm,MEAN_REVERSION,BUY,0,2026.03.19 13:40:29,2026.03.19 13:40:31,0,632.55,630.94,-161.0,-805.0,0.397,0.0,SL_HIT,642.46775,644.119,641.477,0,2.587,0.268,641.14675,0.2,0,0.55,0.755,4,0,0,-1,0.0,0,0.727,0.424,1,0.727,0.226,0.223,0.357,0.15,0.0,641.14675,0.702,1.381,1,2,0.348,0,3861,0.65,3.29,0,0.15,0.226,0.223,0.357,0.727,0.55,0,0.755,146.0,370.1
32758,LMTm_20260319134029_5,LMTm,MEAN_REVERSION,BUY,1,2026.03.19 13:40:29,2026.03.19 13:40:38,0,632.55,630.88,-167.0,-835.0,0.435,0.0,SL_HIT,642.46775,644.119,641.477,0,2.587,0.268,641.14675,0.2,0,0.55,0.755,4,0,0,-1,0.0,0,0.727,0.424,1,0.727,0.226,0.223,0.357,0.15,0.0,641.14675,0.702,1.381,1,2,0.348,0,3861,0.65,3.29,0,0.15,0.226,0.223,0.357,0.727,0.55,0,0.755,147.0,370.1
32748,LMTm_20260319134026_3,LMTm,TREND_CONTINUATION,BUY,-1,2026.03.19 13:40:26,2026.03.19 13:43:02,2,633.81,629.27,-454.0,-2270.0,1.11,0.0,SL_HIT,642.46775,644.119,641.477,0,2.587,0.268,641.14675,0.2,0,0.55,0.755,4,0,0,-1,0.0,0,0.727,0.42,1,0.727,0.226,0.223,0.357,0.15,0.0,641.14675,0.702,1.346,1,2,0.348,0,3861,0.398,1.98,0,0.15,0.226,0.223,0.357,0.727,0.55,0,0.755,143.0,370.1
32751,LMTm_20260319134027_4,LMTm,SWEEP_REVERSAL,BUY,-1,2026.03.19 13:40:27,2026.03.19 13:43:02,2,633.31,629.27,-404.0,-2020.0,0.975,0.0,SL_HIT,642.46775,644.119,641.477,0,2.587,0.268,641.14675,0.2,0,0.55,0.755,4,0,0,-1,0.0,0,0.727,0.42,1,0.727,0.226,0.223,0.357,0.15,0.0,641.14675,0.702,1.346,1,2,0.348,0,3861,0.206,2.44,0,0.15,0.226,0.223,0.357,0.727,0.55,0,0.755,143.0,370.1
32756,LMTm_20260319134029_5,LMTm,MEAN_REVERSION,BUY,-1,2026.03.19 13:40:29,2026.03.19 13:43:02,2,632.55,629.27,-328.0,-1640.0,0.77,0.0,SL_HIT,642.46775,644.119,641.477,0,2.587,0.268,641.14675,0.2,0,0.55,0.755,4,0,0,-1,0.0,0,0.727,0.424,1,0.727,0.226,0.223,0.357,0.15,0.0,641.14675,0.702,1.381,1,2,0.348,0,3861,0.65,3.29,0,0.15,0.226,0.223,0.357,0.727,0.55,0,0.755,143.0,370.1
32767,LMTm_20260319150000_2,LMTm,PULLBACK,BUY,0,2026.03.19 15:00:00,2026.03.19 15:00:07,0,629.22,628.43,-79.0,-395.0,0.192,0.0,SL_HIT,641.95125,644.6,628.7075,0,0.215,1.231,641.95125,0.75,0,0.975,0.65,2,0,0,-1,0.0,2,1.0,0.598,2,0.347,0.895,0.088,0.323,0.25,3.017,641.95125,0.723,1.832,1,2,0.348,0,3863,0.711,2.17,0,0.25,0.195,0.088,0.323,0.453,0.975,0,0.65,88.0,417.3
32768,LMTm_20260319150000_2,LMTm,PULLBACK,BUY,1,2026.03.19 15:00:00,2026.03.19 15:02:02,2,629.22,628.92,-30.0,-150.0,0.189,0.029,SL_HIT,641.95125,644.6,628.7075,0,0.215,1.231,641.95125,0.75,0,0.975,0.65,2,0,0,-1,0.0,2,1.0,0.598,2,0.347,0.895,0.088,0.323,0.25,3.017,641.95125,0.723,1.832,1,2,0.348,0,3863,0.711,2.17,0,0.25,0.195,0.088,0.304,0.453,0.975,1,0.65,85.0,417.3
32772,LMTm_20260319150634_1,LMTm,BREAKOUT_RETEST,BUY,0,2026.03.19 15:06:34,2026.03.19 15:06:39,0,630.66,629.59,-107.0,-535.0,0.206,0.0,SL_HIT,641.95125,644.6,628.7075,1,0.215,1.231,641.95125,0.75,0,0.975,0.65,2,0,0,-1,0.0,0,0.453,0.388,1,0.453,0.195,0.088,0.304,0.25,0.0,641.95125,0.723,1.206,1,2,0.348,0,3863,0.565,9.78,0,0.25,0.195,0.088,0.304,0.453,0.975,1,0.65,82.0,417.3
32773,LMTm_20260319150634_1,LMTm,BREAKOUT_RETEST,BUY,1,2026.03.19 15:06:34,2026.03.19 15:09:09,2,630.66,629.38,-128.0,-640.0,0.276,0.0,SL_HIT,641.95125,644.6,628.7075,1,0.215,1.231,641.95125,0.75,0,0.975,0.65,2,0,0,-1,0.0,0,0.453,0.388,1,0.453,0.195,0.088,0.304,0.25,0.0,641.95125,0.723,1.206,1,2,0.348,0,3863,0.565,9.78,0,0.25,0.195,0.088,0.304,0.453,0.975,1,0.65,81.0,417.3
32771,LMTm_20260319150634_1,LMTm,BREAKOUT_RETEST,BUY,-1,2026.03.19 15:06:34,2026.03.19 15:09:11,2,630.52,629.26,-126.0,-700.0,0.273,0.0,SL_HIT,641.95125,644.6,628.7075,1,0.215,1.231,641.95125,0.75,0,0.975,0.65,2,0,0,-1,0.0,0,0.453,0.388,1,0.453,0.195,0.088,0.304,0.25,0.0,641.95125,0.723,1.206,1,2,0.348,0,3863,0.565,9.78,0,0.25,0.195,0.088,0.304,0.453,0.975,1,0.65,81.0,417.3
32778,LMTm_20260319154032_3,LMTm,TREND_CONTINUATION,BUY,0,2026.03.19 15:40:32,2026.03.19 15:45:39,5,627.32,626.6,-72.0,-360.0,0.319,0.0,SL_HIT,641.95125,644.6,628.7075,0,0.215,1.231,641.95125,0.75,0,0.975,0.65,2,0,0,-1,0.0,0,0.453,0.42,1,0.453,0.195,0.088,0.303,0.25,0.0,641.95125,0.723,1.482,1,2,0.348,0,3863,0.536,3.08,0,0.25,0.195,0.088,0.334,0.453,0.975,0,0.65,77.0,417.3
32781,LMTm_20260319154033_4,LMTm,SWEEP_REVERSAL,BUY,0,2026.03.19 15:40:33,2026.03.19 15:45:39,5,627.16,626.6,-56.0,-280.0,0.28,0.007,SL_HIT,641.95125,644.6,628.7075,0,0.215,1.231,641.95125,0.75,0,0.975,0.65,2,0,0,-1,0.0,0,0.453,0.422,1,0.453,0.195,0.088,0.303,0.25,0.0,641.95125,0.723,1.497,1,2,0.348,0,3863,0.202,3.73,0,0.25,0.195,0.088,0.334,0.453,0.975,0,0.65,77.0,417.3
32784,LMTm_20260319154050_5,LMTm,MEAN_REVERSION,BUY,0,2026.03.19 15:40:50,2026.03.19 15:45:39,4,627.25,626.6,-65.0,-325.0,0.302,0.0,SL_HIT,641.95125,644.6,628.7075,0,0.215,1.231,641.95125,0.75,0,0.975,0.65,2,0,0,-1,0.0,0,0.453,0.421,1,0.453,0.195,0.088,0.303,0.25,0.0,641.95125,0.723,1.489,1,2,0.348,0,3863,0.549,4.64,0,0.25,0.195,0.088,0.334,0.453,0.975,0,0.65,77.0,417.3
32779,LMTm_20260319154032_3,LMTm,TREND_CONTINUATION,BUY,1,2026.03.19 15:40:32,2026.03.19 15:50:21,9,627.32,627.12,-20.0,-100.0,0.319,0.237,SL_HIT,641.95125,644.6,628.7075,0,0.215,1.231,641.95125,0.75,0,0.975,0.65,2,0,0,-1,0.0,0,0.453,0.42,1,0.453,0.195,0.088,0.303,0.25,0.0,641.95125,0.723,1.482,1,2,0.348,0,3863,0.536,3.08,0,0.25,0.195,0.088,0.334,0.453,0.975,0,0.65,76.0,417.3
32782,LMTm_20260319154033_4,LMTm,SWEEP_REVERSAL,BUY,1,2026.03.19 15:40:33,2026.03.19 15:50:21,9,627.16,627.12,-4.0,-20.0,0.28,0.276,SL_HIT,641.95125,644.6,628.7075,0,0.215,1.231,641.95125,0.75,0,0.975,0.65,2,0,0,-1,0.0,0,0.453,0.422,1,0.453,0.195,0.088,0.303,0.25,0.0,641.95125,0.723,1.497,1,2,0.348,0,3863,0.202,3.73,0,0.25,0.195,0.088,0.334,0.453,0.975,0,0.65,76.0,417.3
32785,LMTm_20260319154050_5,LMTm,MEAN_REVERSION,BUY,1,2026.03.19 15:40:50,2026.03.19 15:50:21,9,627.25,627.12,-13.0,-65.0,0.302,0.254,SL_HIT,641.95125,644.6,628.7075,0,0.215,1.231,641.95125,0.75,0,0.975,0.65,2,0,0,-1,0.0,0,0.453,0.421,1,0.453,0.195,0.088,0.303,0.25,0.0,641.95125,0.723,1.489,1,2,0.348,0,3863,0.549,4.64,0,0.25,0.195,0.088,0.334,0.453,0.975,0,0.65,76.0,417.3
32793,LMTm_20260319190038_7,LMTm,ANCHORED_PULLBACK,BUY,0,2026.03.19 19:00:38,2026.03.19 19:02:22,1,638.35,639.06,71.0,355.0,0.112,0.204,TRAIL_STOP,634.132,638.07,628.762,1,0.41,1.154,634.132,0.65,0,0.9,-0.615,0,0,0,0,0.0,0,0.677,0.433,1,0.677,0.185,0.088,0.267,0.25,0.0,634.132,0.725,1.151,1,1,0.371,0,3867,0.324,4.55,0,0.25,0.185,0.088,0.267,0.677,0.9,0,-0.615,61.0,481.5
32794,LMTm_20260319190038_7,LMTm,ANCHORED_PULLBACK,BUY,1,2026.03.19 19:00:38,2026.03.19 19:03:04,2,638.35,638.82,47.0,235.0,0.112,0.189,TRAIL_STOP,634.132,638.07,628.762,1,0.41,1.154,634.132,0.65,0,0.9,-0.615,0,0,0,0,0.0,0,0.677,0.433,1,0.677,0.185,0.088,0.267,0.25,0.0,634.132,0.725,1.151,1,1,0.371,0,3867,0.324,4.55,0,0.25,0.185,0.088,0.267,0.677,0.9,0,-0.615,61.0,481.5
32792,LMTm_20260319190038_7,LMTm,ANCHORED_PULLBACK,BUY,-1,2026.03.19 19:00:38,2026.03.19 19:12:28,11,638.35,637.51,-84.0,-420.0,0.158,0.233,SL_HIT,634.132,638.07,628.762,1,0.41,1.154,634.132,0.65,0,0.9,-0.615,0,0,0,0,0.0,0,0.677,0.433,1,0.677,0.185,0.088,0.267,0.25,0.0,634.132,0.725,1.151,1,1,0.371,0,3867,0.324,4.55,0,0.25,0.185,0.088,0.267,0.677,0.9,1,-0.615,72.0,481.5
32799,LMTm_20260320134025_6,LMTm,NAKED_POC,BUY,0,2026.03.20 13:40:25,2026.03.20 13:40:37,0,635.12,632.98,-214.0,-1070.0,0.385,0.0,SL_HIT,635.2645,638.176,633.0,1,0.27,0.255,635.2645,0.4,0,0.65,-0.65,0,0,0,-1,0.0,0,0.751,0.299,0,0.751,0.195,0.14,0.252,0.4,0.0,635.2645,0.737,0.152,1,2,0.372,0,3868,0.582,2.59,0,0.4,0.195,0.14,0.356,0.751,0.65,0,-0.65,189.0,493.5
32800,LMTm_20260320134025_6,LMTm,NAKED_POC,BUY,1,2026.03.20 13:40:25,2026.03.20 13:41:34,1,635.12,633.02,-210.0,-1050.0,0.444,0.0,SL_HIT,635.2645,638.176,633.0,1,0.27,0.255,635.2645,0.4,0,0.65,-0.65,0,0,0,-1,0.0,0,0.751,0.299,0,0.751,0.195,0.14,0.252,0.4,0.0,635.2645,0.737,0.152,1,2,0.372,0,3868,0.582,2.59,0,0.4,0.195,0.14,0.252,0.751,0.65,1,-0.65,188.0,493.5
32798,LMTm_20260320134025_6,LMTm,NAKED_POC,BUY,-1,2026.03.20 13:40:25,2026.03.20 13:42:22,1,635.12,632.18,-294.0,-1470.0,0.565,0.0,SL_HIT,635.2645,638.176,633.0,1,0.27,0.255,635.2645,0.4,0,0.65,-0.65,0,0,0,-1,0.0,0,0.751,0.299,0,0.751,0.195,0.14,0.252,0.4,0.0,635.2645,0.737,0.152,1,2,0.372,0,3868,0.582,2.59,0,0.4,0.195,0.14,0.419,0.751,0.65,0,-0.65,181.0,493.5
32805,LMTm_20260320134417_5,LMTm,MEAN_REVERSION,BUY,0,2026.03.20 13:44:17,2026.03.20 13:44:31,0,633.41,632.11,-130.0,-650.0,0.365,0.0,SL_HIT,635.2645,638.176,633.0,0,0.27,0.255,635.2645,0.4,0,0.65,-0.65,0,0,0,-1,0.0,0,0.751,0.316,0,0.751,0.195,0.14,0.419,0.4,0.0,635.2645,0.737,0.295,1,2,0.372,0,3868,0.637,0.83,0,0.4,0.195,0.14,0.419,0.751,0.65,0,-0.65,179.0,493.5
32806,LMTm_20260320134417_5,LMTm,MEAN_REVERSION,BUY,1,2026.03.20 13:44:17,2026.03.20 13:46:05,1,633.41,632.01,-140.0,-700.0,0.365,0.0,SL_HIT,635.2645,638.176,633.0,0,0.27,0.255,635.2645,0.4,0,0.65,-0.65,0,0,0,-1,0.0,0,0.751,0.316,0,0.751,0.195,0.14,0.419,0.4,0.0,635.2645,0.737,0.295,1,2,0.372,0,3868,0.637,0.83,0,0.4,0.195,0.14,0.419,0.751,0.65,0,-0.65,175.0,493.5
32810,LMTm_20260320134730_4,LMTm,SWEEP_REVERSAL,BUY,0,2026.03.20 13:47:30,2026.03.20 13:50:19,2,633.18,631.05,-213.0,-1065.0,0.407,0.0,SL_HIT,635.2645,638.176,633.0,0,0.27,0.255,635.2645,0.4,0,0.65,-0.65,0,0,0,-1,0.0,0,0.751,0.326,0,0.751,0.195,0.14,0.436,0.4,0.0,635.2645,0.737,0.379,1,2,0.372,0,3868,0.236,0.84,0,0.4,0.195,0.14,0.447,0.751,0.65,0,-0.65,168.0,493.5
32811,LMTm_20260320134730_4,LMTm,SWEEP_REVERSAL,BUY,1,2026.03.20 13:47:30,2026.03.20 13:50:52,3,633.18,630.72,-246.0,-1230.0,0.474,0.0,SL_HIT,635.2645,638.176,633.0,0,0.27,0.255,635.2645,0.4,0,0.65,-0.65,0,0,0,-1,0.0,0,0.751,0.326,0,0.751,0.195,0.14,0.436,0.4,0.0,635.2645,0.737,0.379,1,2,0.372,0,3868,0.236,0.84,0,0.4,0.195,0.14,0.447,0.751,0.65,0,-0.65,167.0,493.5
32804,LMTm_20260320134417_5,LMTm,MEAN_REVERSION,BUY,-1,2026.03.20 13:44:17,2026.03.20 14:00:46,16,633.75,629.69,-406.0,-1860.0,0.788,0.0,SL_HIT,635.2645,638.176,633.0,0,0.27,0.255,635.2645,0.4,0,0.65,-0.65,0,0,0,-1,0.0,0,0.751,0.316,0,0.751,0.195,0.14,0.419,0.4,0.0,635.2645,0.737,0.295,1,2,0.372,0,3868,0.637,0.83,0,0.15,0.258,0.169,0.33,0.578,1.0,0,-0.86,154.0,490.8
32809,LMTm_20260320134730_4,LMTm,SWEEP_REVERSAL,BUY,-1,2026.03.20 13:47:30,2026.03.20 14:20:02,32,632.84,627.66,-518.0,-2760.0,0.987,0.182,SL_HIT,635.2645,638.176,633.0,0,0.27,0.255,635.2645,0.4,0,0.65,-0.65,0,0,0,-1,0.0,0,0.751,0.326,0,0.751,0.195,0.14,0.436,0.4,0.0,635.2645,0.737,0.379,1,2,0.372,0,3868,0.236,0.84,0,0.15,0.258,0.169,0.354,0.578,1.0,0,-0.86,123.0,490.8
32817,LMTm_20260320154050_6,LMTm,NAKED_POC,BUY,0,2026.03.20 15:40:50,2026.03.20 15:41:51,1,629.5,628.63,-87.0,-435.0,0.165,0.0,SL_HIT,637.0655,638.783,631.226,0,1.351,0.261,637.0655,0.55,0,1.0,-0.72,2,0,0,-1,0.0,0,0.595,0.311,0,0.595,0.216,0.053,0.227,0.15,0.0,635.37675,0.65,0.636,1,2,0.372,0,3870,0.48,2.09,0,0.15,0.216,0.053,0.227,0.595,1.0,0,-0.72,79.0,504.1
32818,LMTm_20260320154050_6,LMTm,NAKED_POC,BUY,1,2026.03.20 15:40:50,2026.03.20 15:42:41,1,629.5,628.28,-122.0,-610.0,0.22,0.0,SL_HIT,637.0655,638.783,631.226,0,1.351,0.261,637.0655,0.55,0,1.0,-0.72,2,0,0,-1,0.0,0,0.595,0.311,0,0.595,0.216,0.053,0.227,0.15,0.0,635.37675,0.65,0.636,1,2,0.372,0,3870,0.48,2.09,0,0.15,0.216,0.053,0.242,0.595,1.0,0,-0.72,78.0,504.1
32822,LMTm_20260320154431_5,LMTm,MEAN_REVERSION,BUY,0,2026.03.20 15:44:31,2026.03.20 15:45:20,0,628.42,627.44,-98.0,-490.0,0.171,0.0,SL_HIT,637.0655,638.783,631.226,0,1.351,0.261,637.0655,0.55,0,1.0,-0.72,2,0,0,-1,0.0,0,0.595,0.33,0,0.595,0.216,0.053,0.32,0.15,0.0,635.37675,0.65,0.805,1,2,0.372,0,3870,0.572,1.92,0,0.15,0.216,0.053,0.32,0.595,1.0,0,-0.72,79.0,504.1
32823,LMTm_20260320154431_5,LMTm,MEAN_REVERSION,BUY,1,2026.03.20 15:44:31,2026.03.20 15:45:22,0,628.42,627.14,-128.0,-640.0,0.194,0.0,SL_HIT,637.0655,638.783,631.226,0,1.351,0.261,637.0655,0.55,0,1.0,-0.72,2,0,0,-1,0.0,0,0.595,0.33,0,0.595,0.216,0.053,0.32,0.15,0.0,635.37675,0.65,0.805,1,2,0.372,0,3870,0.572,1.92,0,0.15,0.216,0.053,0.32,0.595,1.0,0,-0.72,79.0,504.1
32827,LMTm_20260320154730_4,LMTm,SWEEP_REVERSAL,BUY,0,2026.03.20 15:47:30,2026.03.20 15:48:27,0,627.65,626.96,-69.0,-345.0,0.143,0.0,SL_HIT,637.0655,638.783,631.226,0,1.351,0.261,637.0655,0.55,0,1.0,-0.72,2,0,0,-1,0.0,0,0.595,0.335,0,0.595,0.216,0.053,0.293,0.15,0.0,635.37675,0.65,0.845,1,2,0.372,0,3870,0.142,1.69,0,0.15,0.216,0.053,0.293,0.595,1.0,0,-0.72,81.0,504.1
32828,LMTm_20260320154730_4,LMTm,SWEEP_REVERSAL,BUY,1,2026.03.20 15:47:30,2026.03.20 15:51:42,4,627.65,627.18,-47.0,-235.0,0.177,0.0,SL_HIT,637.0655,638.783,631.226,0,1.351,0.261,637.0655,0.55,0,1.0,-0.72,2,0,0,-1,0.0,0,0.595,0.335,0,0.595,0.216,0.053,0.293,0.15,0.0,635.37675,0.65,0.845,1,2,0.372,0,3870,0.142,1.69,0,0.15,0.216,0.053,0.32,0.595,1.0,0,-0.72,79.0,504.1
32816,LMTm_20260320154050_6,LMTm,NAKED_POC,BUY,-1,2026.03.20 15:40:50,2026.03.20 15:59:50,19,629.5,626.69,-281.0,-1405.0,0.543,0.0,SL_HIT,637.0655,638.783,631.226,0,1.351,0.261,637.0655,0.55,0,1.0,-0.72,2,0,0,-1,0.0,0,0.595,0.311,0,0.595,0.216,0.053,0.227,0.15,0.0,635.37675,0.65,0.636,1,2,0.372,0,3870,0.48,2.09,0,0.15,0.216,0.053,0.293,0.595,1.0,0,-0.72,77.0,504.1
32833,LMTm_20260320174052_6,LMTm,NAKED_POC,BUY,0,2026.03.20 17:40:52,2026.03.20 17:41:04,0,628.87,627.98,-89.0,-445.0,0.172,0.0,SL_HIT,628.8215,631.913,625.73,1,0.005,1.117,628.8215,0.45,0,0.8,-0.79,0,0,0,-1,0.0,0,0.737,0.418,1,0.737,0.237,0.088,0.122,0.25,0.0,625.73,0.6,0.457,1,1,0.374,0,3872,0.46,1.68,0,0.25,0.237,0.088,0.122,0.737,0.8,1,-0.79,69.0,489.7
32834,LMTm_20260320174052_6,LMTm,NAKED_POC,BUY,1,2026.03.20 17:40:52,2026.03.20 17:42:03,1,628.87,627.74,-113.0,-565.0,0.227,0.0,SL_HIT,628.8215,631.913,625.73,1,0.005,1.117,628.8215,0.45,0,0.8,-0.79,0,0,0,-1,0.0,0,0.737,0.418,1,0.737,0.237,0.088,0.122,0.25,0.0,625.73,0.6,0.457,1,1,0.374,0,3872,0.46,1.68,0,0.25,0.237,0.088,0.261,0.737,0.8,1,-0.79,69.0,489.7
32838,LMTm_20260320174432_5,LMTm,MEAN_REVERSION,BUY,0,2026.03.20 17:44:32,2026.03.20 17:45:34,1,627.85,626.88,-97.0,-485.0,0.178,0.0,SL_HIT,628.8215,631.913,625.73,1,0.005,1.117,628.8215,0.45,0,0.8,-0.79,0,0,0,-1,0.0,0,0.737,0.406,1,0.737,0.237,0.088,0.261,0.25,0.0,628.8215,0.728,0.638,1,1,0.374,0,3872,0.645,0.87,0,0.25,0.237,0.088,0.241,0.737,0.8,1,-0.79,69.0,489.7
32839,LMTm_20260320174432_5,LMTm,MEAN_REVERSION,BUY,1,2026.03.20 17:44:32,2026.03.20 17:45:43,1,627.85,626.69,-116.0,-580.0,0.214,0.0,SL_HIT,628.8215,631.913,625.73,1,0.005,1.117,628.8215,0.45,0,0.8,-0.79,0,0,0,-1,0.0,0,0.737,0.406,1,0.737,0.237,0.088,0.261,0.25,0.0,628.8215,0.728,0.638,1,1,0.374,0,3872,0.645,0.87,0,0.25,0.237,0.088,0.241,0.737,0.8,1,-0.79,69.0,489.7
32837,LMTm_20260320174432_5,LMTm,MEAN_REVERSION,BUY,-1,2026.03.20 17:44:32,2026.03.20 18:18:22,33,627.85,625.88,-197.0,-985.0,0.38,0.053,SL_HIT,628.8215,631.913,625.73,1,0.005,1.117,628.8215,0.45,0,0.8,-0.79,0,0,0,-1,0.0,0,0.737,0.406,1,0.737,0.237,0.088,0.261,0.25,0.0,628.8215,0.728,0.638,1,1,0.374,0,3872,0.645,0.87,0,0.0,0.3,0.099,0.269,0.724,0.8,0,-1.0,66.0,493.1
32832,LMTm_20260320174052_6,LMTm,NAKED_POC,BUY,-1,2026.03.20 17:40:52,2026.03.20 19:37:37,116,628.87,625.0,-387.0,-1935.0,0.768,0.033,SL_HIT,628.8215,631.913,625.73,1,0.005,1.117,628.8215,0.45,0,0.8,-0.79,0,0,0,-1,0.0,0,0.737,0.418,1,0.737,0.237,0.088,0.122,0.25,0.0,625.73,0.6,0.457,1,1,0.374,0,3872,0.46,1.68,0,0.0,0.3,0.15,0.275,0.649,0.8,0,-1.0,66.0,497.7
32821,LMTm_20260320154431_5,LMTm,MEAN_REVERSION,BUY,-1,2026.03.20 15:44:31,2026.03.20 19:38:24,233,628.42,624.34,-408.0,-2040.0,0.795,0.159,SL_HIT,637.0655,638.783,631.226,0,1.351,0.261,637.0655,0.55,0,1.0,-0.72,2,0,0,-1,0.0,0,0.595,0.33,0,0.595,0.216,0.053,0.32,0.15,0.0,635.37675,0.65,0.805,1,2,0.372,0,3870,0.572,1.92,0,0.0,0.3,0.15,0.275,0.649,0.8,0,-1.0,67.0,497.7
32783,LMTm_20260319154050_5,LMTm,MEAN_REVERSION,BUY,-1,2026.03.19 15:40:50,2026.03.20 19:42:08,1681,627.25,623.86,-339.0,-1740.5,0.786,2.928,SL_HIT,641.95125,644.6,628.7075,0,0.215,1.231,641.95125,0.75,0,0.975,0.65,2,0,0,-1,0.0,0,0.453,0.421,1,0.453,0.195,0.088,0.303,0.25,0.0,641.95125,0.723,1.489,1,2,0.348,0,3863,0.549,4.64,0,0.0,0.3,0.15,0.275,0.649,0.8,0,-1.0,68.0,497.7
32780,LMTm_20260319154033_4,LMTm,SWEEP_REVERSAL,BUY,-1,2026.03.19 15:40:33,2026.03.20 19:42:41,1682,627.16,622.98,-418.0,-2135.5,0.978,2.95,SL_HIT,641.95125,644.6,628.7075,0,0.215,1.231,641.95125,0.75,0,0.975,0.65,2,0,0,-1,0.0,0,0.453,0.422,1,0.453,0.195,0.088,0.303,0.25,0.0,641.95125,0.723,1.497,1,2,0.348,0,3863,0.202,3.73,0,0.0,0.3,0.15,0.275,0.649,0.8,0,-1.0,67.0,497.7
32766,LMTm_20260319150000_2,LMTm,PULLBACK,BUY,-1,2026.03.19 15:00:00,2026.03.23 13:40:07,5680,629.22,620.27,-895.0,-4657.0,1.495,2.456,SL_HIT,641.95125,644.6,628.7075,0,0.215,1.231,641.95125,0.75,0,0.975,0.65,2,0,0,-1,0.0,2,1.0,0.598,2,0.347,0.895,0.088,0.323,0.25,3.017,641.95125,0.723,1.832,1,2,0.348,0,3863,0.711,2.17,0,0.4,0.548,0.14,0.458,0.659,1.0,0,-0.825,146.0,521.9
32777,LMTm_20260319154032_3,LMTm,TREND_CONTINUATION,BUY,-1,2026.03.19 15:40:32,2026.03.23 13:40:07,5639,627.32,620.27,-705.0,-3707.0,1.04,2.912,SL_HIT,641.95125,644.6,628.7075,0,0.215,1.231,641.95125,0.75,0,0.975,0.65,2,0,0,-1,0.0,0,0.453,0.42,1,0.453,0.195,0.088,0.303,0.25,0.0,641.95125,0.723,1.482,1,2,0.348,0,3863,0.536,3.08,0,0.4,0.548,0.14,0.458,0.659,1.0,0,-0.825,146.0,521.9
32826,LMTm_20260320154730_4,LMTm,SWEEP_REVERSAL,BUY,-1,2026.03.20 15:47:30,2026.03.23 13:40:07,4192,627.65,620.27,-738.0,-3826.5,0.926,0.311,SL_HIT,637.0655,638.783,631.226,0,1.351,0.261,637.0655,0.55,0,1.0,-0.72,2,0,0,-1,0.0,0,0.595,0.335,0,0.595,0.216,0.053,0.293,0.15,0.0,635.37675,0.65,0.845,1,2,0.372,0,3870,0.142,1.69,0,0.4,0.548,0.14,0.458,0.659,1.0,0,-0.825,146.0,521.9
32853,LMTm_20260320194432_5,LMTm,MEAN_REVERSION,BUY,-1,2026.03.20 19:44:32,2026.03.23 13:40:07,3955,624.45,620.27,-418.0,-2161.5,0.141,0.0,SL_HIT,628.17475,628.841,626.4425,0,0.006,0.369,627.10875,0.45,0,0.8,-1.0,0,0,0,-1,0.0,0,0.649,0.493,1,0.649,0.3,0.15,0.275,0.0,0.0,627.10875,0.735,1.018,1,1,0.374,0,3874,0.618,0.83,0,0.4,0.548,0.14,0.458,0.659,1.0,0,-0.825,146.0,521.9
32854,LMTm_20260320194432_5,LMTm,MEAN_REVERSION,BUY,0,2026.03.20 19:44:32,2026.03.23 13:40:07,3955,624.32,620.27,-405.0,-2161.5,0.115,0.0,SL_HIT,628.17475,628.841,626.4425,0,0.006,0.369,627.10875,0.45,0,0.8,-1.0,0,0,0,-1,0.0,0,0.649,0.493,1,0.649,0.3,0.15,0.275,0.0,0.0,627.10875,0.735,1.018,1,1,0.374,0,3874,0.618,0.83,0,0.4,0.548,0.14,0.458,0.659,1.0,0,-0.825,146.0,521.9
32855,LMTm_20260320194432_5,LMTm,MEAN_REVERSION,BUY,1,2026.03.20 19:44:32,2026.03.23 13:40:07,3955,624.32,620.27,-405.0,-2161.5,0.115,0.0,SL_HIT,628.17475,628.841,626.4425,0,0.006,0.369,627.10875,0.45,0,0.8,-1.0,0,0,0,-1,0.0,0,0.649,0.493,1,0.649,0.3,0.15,0.275,0.0,0.0,627.10875,0.735,1.018,1,1,0.374,0,3874,0.618,0.83,0,0.4,0.548,0.14,0.458,0.659,1.0,0,-0.825,146.0,521.9
32851,LMTm_20260320194228_4,LMTm,SWEEP_REVERSAL,BUY,1,2026.03.20 19:42:28,2026.03.23 13:41:03,3958,624.04,618.98,-506.0,-2601.5,0.978,0.036,SL_HIT,628.17475,628.841,626.4425,0,0.006,0.369,627.10875,0.45,0,0.8,-1.0,0,0,0,-1,0.0,0,0.649,0.501,2,0.649,0.3,0.15,0.275,0.0,0.0,627.10875,0.735,1.081,1,1,0.374,0,3874,0.163,0.81,0,0.4,0.247,0.14,0.458,0.667,1.0,0,-0.825,141.0,521.9
32849,LMTm_20260320194228_4,LMTm,SWEEP_REVERSAL,BUY,-1,2026.03.20 19:42:28,2026.03.23 13:41:03,3958,623.75,618.48,-527.0,-2861.5,0.958,0.094,SL_HIT,628.17475,628.841,626.4425,0,0.006,0.369,627.10875,0.45,0,0.8,-1.0,0,0,0,-1,0.0,0,0.649,0.501,2,0.649,0.3,0.15,0.275,0.0,0.0,627.10875,0.735,1.081,1,1,0.374,0,3874,0.163,0.81,0,0.4,0.247,0.14,0.458,0.667,1.0,0,-0.825,141.0,521.9
32850,LMTm_20260320194228_4,LMTm,SWEEP_REVERSAL,BUY,0,2026.03.20 19:42:28,2026.03.23 13:41:03,3958,623.93,618.48,-545.0,-2916.5,0.995,0.058,SL_HIT,628.17475,628.841,626.4425,0,0.006,0.369,627.10875,0.45,0,0.8,-1.0,0,0,0,-1,0.0,0,0.649,0.501,2,0.649,0.3,0.15,0.275,0.0,0.0,627.10875,0.735,1.081,1,1,0.374,0,3874,0.163,0.81,0,0.4,0.247,0.14,0.458,0.667,1.0,0,-0.825,141.0,521.9
32866,LMTm_20260323134009_5,LMTm,MEAN_REVERSION,BUY,0,2026.03.23 13:40:09,2026.03.23 13:45:00,4,621.42,618.81,-261.0,-1305.0,0.602,0.19,SL_HIT,628.10125,628.7725,626.0875,0,1.243,0.129,628.10125,0.3,0,1.0,-0.825,2,0,0,-1,0.0,0,0.667,0.403,1,0.667,0.247,0.14,0.458,0.4,0.0,628.10125,0.712,1.326,1,2,0.351,0,3875,0.614,1.95,0,0.4,0.247,0.14,0.458,0.667,1.0,0,-0.825,135.0,521.9
32845,LMTm_20260320194052_6,LMTm,NAKED_POC,BUY,-1,2026.03.20 19:40:52,2026.03.23 13:45:39,3964,625.41,617.8,-761.0,-3941.5,1.437,0.0,SL_HIT,628.17475,628.841,626.4425,0,0.006,0.369,627.10875,0.45,0,0.8,-1.0,0,0,0,-1,0.0,0,0.649,0.484,1,0.649,0.3,0.15,0.275,0.0,0.0,627.10875,0.735,0.938,1,1,0.374,0,3874,0.421,1.34,0,0.4,0.247,0.14,0.458,0.667,1.0,0,-0.825,131.0,521.9
32846,LMTm_20260320194052_6,LMTm,NAKED_POC,BUY,0,2026.03.20 19:40:52,2026.03.23 13:45:39,3964,625.41,617.8,-761.0,-3941.5,1.437,0.0,SL_HIT,628.17475,628.841,626.4425,0,0.006,0.369,627.10875,0.45,0,0.8,-1.0,0,0,0,-1,0.0,0,0.649,0.484,1,0.649,0.3,0.15,0.275,0.0,0.0,627.10875,0.735,0.938,1,1,0.374,0,3874,0.421,1.34,0,0.4,0.247,0.14,0.458,0.667,1.0,0,-0.825,131.0,521.9
32847,LMTm_20260320194052_6,LMTm,NAKED_POC,BUY,1,2026.03.20 19:40:52,2026.03.23 13:45:39,3964,625.41,617.8,-761.0,-3941.5,1.437,0.0,SL_HIT,628.17475,628.841,626.4425,0,0.006,0.369,627.10875,0.45,0,0.8,-1.0,0,0,0,-1,0.0,0,0.649,0.484,1,0.649,0.3,0.15,0.275,0.0,0.0,627.10875,0.735,0.938,1,1,0.374,0,3874,0.421,1.34,0,0.4,0.247,0.14,0.458,0.667,1.0,0,-0.825,131.0,521.9
32865,LMTm_20260323134009_5,LMTm,MEAN_REVERSION,BUY,-1,2026.03.23 13:40:09,2026.03.23 13:45:55,5,621.42,617.2,-422.0,-2110.0,0.713,0.19,SL_HIT,628.10125,628.7725,626.0875,0,1.243,0.129,628.10125,0.3,0,1.0,-0.825,2,0,0,-1,0.0,0,0.667,0.403,1,0.667,0.247,0.14,0.458,0.4,0.0,628.10125,0.712,1.326,1,2,0.351,0,3875,0.614,1.95,0,0.4,0.247,0.14,0.458,0.667,1.0,0,-0.825,133.0,521.9
32867,LMTm_20260323134009_5,LMTm,MEAN_REVERSION,BUY,1,2026.03.23 13:40:09,2026.03.23 13:45:55,5,621.42,617.2,-422.0,-2110.0,0.713,0.19,SL_HIT,628.10125,628.7725,626.0875,0,1.243,0.129,628.10125,0.3,0,1.0,-0.825,2,0,0,-1,0.0,0,0.667,0.403,1,0.667,0.247,0.14,0.458,0.4,0.0,628.10125,0.712,1.326,1,2,0.351,0,3875,0.614,1.95,0,0.4,0.247,0.14,0.458,0.667,1.0,0,-0.825,133.0,521.9
32862,LMTm_20260323134008_4,LMTm,SWEEP_REVERSAL,BUY,-1,2026.03.23 13:40:08,2026.03.23 13:46:20,6,621.72,616.47,-525.0,-2625.0,0.96,0.132,SL_HIT,628.10125,628.7725,626.0875,0,1.243,0.129,628.10125,0.3,0,1.0,-0.825,2,0,0,-1,0.0,0,0.667,0.4,1,0.667,0.247,0.14,0.458,0.4,0.0,628.10125,0.712,1.3,1,2,0.351,0,3875,0.255,1.5,0,0.4,0.247,0.14,0.458,0.667,1.0,0,-0.825,131.0,521.9
32863,LMTm_20260323134008_4,LMTm,SWEEP_REVERSAL,BUY,0,2026.03.23 13:40:08,2026.03.23 13:46:20,6,621.72,616.47,-525.0,-2625.0,0.96,0.132,SL_HIT,628.10125,628.7725,626.0875,0,1.243,0.129,628.10125,0.3,0,1.0,-0.825,2,0,0,-1,0.0,0,0.667,0.4,1,0.667,0.247,0.14,0.458,0.4,0.0,628.10125,0.712,1.3,1,2,0.351,0,3875,0.255,1.5,0,0.4,0.247,0.14,0.458,0.667,1.0,0,-0.825,131.0,521.9
32864,LMTm_20260323134008_4,LMTm,SWEEP_REVERSAL,BUY,1,2026.03.23 13:40:08,2026.03.23 13:46:20,6,621.72,616.47,-525.0,-2625.0,0.96,0.132,SL_HIT,628.10125,628.7725,626.0875,0,1.243,0.129,628.10125,0.3,0,1.0,-0.825,2,0,0,-1,0.0,0,0.667,0.4,1,0.667,0.247,0.14,0.458,0.4,0.0,628.10125,0.712,1.3,1,2,0.351,0,3875,0.255,1.5,0,0.4,0.247,0.14,0.458,0.667,1.0,0,-0.825,131.0,521.9
32868,LMTm_20260323134013_6,LMTm,NAKED_POC,BUY,-1,2026.03.23 13:40:13,2026.03.23 13:47:29,7,621.4,612.9,-850.0,-4250.0,1.587,0.194,SL_HIT,628.10125,628.7725,626.0875,0,1.243,0.129,628.10125,0.3,0,1.0,-0.825,2,0,0,-1,0.0,0,0.667,0.403,1,0.667,0.247,0.14,0.458,0.4,0.0,628.10125,0.712,1.327,1,2,0.351,0,3875,0.368,1.65,0,0.4,0.247,0.14,0.458,0.667,1.0,0,-0.825,129.0,521.9
32869,LMTm_20260323134013_6,LMTm,NAKED_POC,BUY,0,2026.03.23 13:40:13,2026.03.23 13:47:29,7,621.4,612.9,-850.0,-4250.0,1.587,0.194,SL_HIT,628.10125,628.7725,626.0875,0,1.243,0.129,628.10125,0.3,0,1.0,-0.825,2,0,0,-1,0.0,0,0.667,0.403,1,0.667,0.247,0.14,0.458,0.4,0.0,628.10125,0.712,1.327,1,2,0.351,0,3875,0.368,1.65,0,0.4,0.247,0.14,0.458,0.667,1.0,0,-0.825,129.0,521.9
32870,LMTm_20260323134013_6,LMTm,NAKED_POC,BUY,1,2026.03.23 13:40:13,2026.03.23 13:47:29,7,621.4,612.9,-850.0,-4250.0,1.587,0.194,SL_HIT,628.10125,628.7725,626.0875,0,1.243,0.129,628.10125,0.3,0,1.0,-0.825,2,0,0,-1,0.0,0,0.667,0.403,1,0.667,0.247,0.14,0.458,0.4,0.0,628.10125,0.712,1.327,1,2,0.351,0,3875,0.368,1.65,0,0.4,0.247,0.14,0.458,0.667,1.0,0,-0.825,129.0,521.9
32887,LMTm_20260323154014_6,LMTm,NAKED_POC,BUY,0,2026.03.23 15:40:14,2026.03.23 15:41:24,1,625.79,625.34,-45.0,-225.0,0.156,0.0,SL_HIT,626.735,629.03,623.522,1,0.009,2.278,626.735,0.3,0,0.8,-0.825,2,0,0,0,0.0,0,0.706,0.474,1,0.706,0.247,0.0,0.203,0.0,0.0,626.735,0.741,0.882,1,2,0.351,0,3877,0.433,3.14,0,0.0,0.247,0.0,0.203,0.706,0.8,1,-0.825,82.0,525.9
32888,LMTm_20260323154014_6,LMTm,NAKED_POC,BUY,1,2026.03.23 15:40:14,2026.03.23 15:45:19,5,625.79,625.17,-62.0,-310.0,0.156,0.0,SL_HIT,626.735,629.03,623.522,1,0.009,2.278,626.735,0.3,0,0.8,-0.825,2,0,0,0,0.0,0,0.706,0.474,1,0.706,0.247,0.0,0.203,0.0,0.0,626.735,0.741,0.882,1,2,0.351,0,3877,0.433,3.14,0,0.0,0.247,0.0,0.203,0.706,0.8,1,-0.825,82.0,525.9
32892,LMTm_20260323154706_5,LMTm,MEAN_REVERSION,BUY,0,2026.03.23 15:47:06,2026.03.23 15:47:22,0,625.81,624.85,-96.0,-480.0,0.171,0.0,SL_HIT,626.735,629.03,623.522,1,0.009,2.278,626.735,0.3,0,0.8,-0.825,2,0,0,0,0.0,0,0.706,0.473,1,0.706,0.247,0.0,0.203,0.0,0.0,626.735,0.741,0.875,1,2,0.351,0,3877,0.65,0.98,0,0.0,0.247,0.0,0.203,0.706,0.8,1,-0.825,81.0,525.9
32893,LMTm_20260323154706_5,LMTm,MEAN_REVERSION,BUY,1,2026.03.23 15:47:06,2026.03.23 15:48:28,1,625.81,624.77,-104.0,-520.0,0.183,0.0,SL_HIT,626.735,629.03,623.522,1,0.009,2.278,626.735,0.3,0,0.8,-0.825,2,0,0,0,0.0,0,0.706,0.473,1,0.706,0.247,0.0,0.203,0.0,0.0,626.735,0.741,0.875,1,2,0.351,0,3877,0.65,0.98,0,0.0,0.247,0.0,0.203,0.706,0.8,1,-0.825,81.0,525.9
32891,LMTm_20260323154706_5,LMTm,MEAN_REVERSION,BUY,-1,2026.03.23 15:47:06,2026.03.23 16:29:34,42,625.69,623.62,-207.0,-1095.0,0.346,0.086,SL_HIT,626.735,629.03,623.522,1,0.009,2.278,626.735,0.3,0,0.8,-0.825,2,0,0,0,0.0,0,0.706,0.473,1,0.706,0.247,0.0,0.203,0.0,0.0,626.735,0.741,0.875,1,2,0.351,0,3877,0.65,0.98,0,0.25,0.247,0.088,0.294,0.702,0.8,1,-0.825,77.0,502.8
32886,LMTm_20260323154014_6,LMTm,NAKED_POC,BUY,-1,2026.03.23 15:40:14,2026.03.23 17:21:43,101,625.79,622.64,-315.0,-1575.0,0.58,0.067,SL_HIT,626.735,629.03,623.522,1,0.009,2.278,626.735,0.3,0,0.8,-0.825,2,0,0,0,0.0,0,0.706,0.474,1,0.706,0.247,0.0,0.203,0.0,0.0,626.735,0.741,0.882,1,2,0.351,0,3877,0.433,3.14,0,0.0,0.3,0.0,0.199,0.662,0.8,1,-1.0,73.0,478.4
32899,LMTm_20260323174030_6,LMTm,NAKED_POC,BUY,0,2026.03.23 17:40:30,2026.03.23 17:45:29,4,625.93,624.59,-134.0,-670.0,0.311,0.0,SL_HIT,624.899,628.112,622.604,1,0.096,2.015,627.653,0.3,0,0.8,-1.0,0,0,0,-1,0.0,0,0.662,0.463,1,0.662,0.3,0.0,0.0,0.0,0.0,627.653,0.738,0.738,1,1,0.342,0,3879,0.416,2.34,0,0.0,0.3,0.0,0.0,0.662,0.8,1,-1.0,74.0,478.4
32900,LMTm_20260323174030_6,LMTm,NAKED_POC,BUY,1,2026.03.23 17:40:30,2026.03.23 18:03:57,23,625.93,625.74,-19.0,-95.0,0.311,0.048,SL_HIT,624.899,628.112,622.604,1,0.096,2.015,627.653,0.3,0,0.8,-1.0,0,0,0,-1,0.0,0,0.662,0.463,1,0.662,0.3,0.0,0.0,0.0,0.0,627.653,0.738,0.738,1,1,0.342,0,3879,0.416,2.34,0,0.0,0.3,0.163,0.134,0.712,0.8,1,-1.0,69.0,470.0
32898,LMTm_20260323174030_6,LMTm,NAKED_POC,BUY,-1,2026.03.23 17:40:30,2026.03.23 19:15:50,95,625.93,621.82,-411.0,-2055.0,0.842,0.052,SL_HIT,624.899,628.112,622.604,1,0.096,2.015,627.653,0.3,0,0.8,-1.0,0,0,0,-1,0.0,0,0.662,0.463,1,0.662,0.3,0.0,0.0,0.0,0.0,627.653,0.738,0.738,1,1,0.342,0,3879,0.416,2.34,0,0.4,0.247,0.239,0.448,0.761,0.8,0,-0.825,63.0,467.1
32905,LMTm_20260323191610_4,LMTm,SWEEP_REVERSAL,BUY,0,2026.03.23 19:16:10,2026.03.23 19:16:28,0,622.06,621.26,-80.0,-400.0,0.148,0.0,SL_HIT,625.2185,626.279,623.855,0,0.105,0.284,625.2185,0.4,0,0.8,-0.825,0,0,0,-1,0.0,0,0.761,0.447,1,0.761,0.247,0.239,0.448,0.4,0.0,625.2185,0.744,1.326,1,1,0.342,0,3881,0.291,0.81,0,0.4,0.247,0.239,0.448,0.761,0.8,0,-0.825,62.0,467.1
32906,LMTm_20260323191610_4,LMTm,SWEEP_REVERSAL,BUY,1,2026.03.23 19:16:10,2026.03.23 19:17:35,1,622.06,621.03,-103.0,-515.0,0.206,0.0,SL_HIT,625.2185,626.279,623.855,0,0.105,0.284,625.2185,0.4,0,0.8,-0.825,0,0,0,-1,0.0,0,0.761,0.447,1,0.761,0.247,0.239,0.448,0.4,0.0,625.2185,0.744,1.326,1,1,0.342,0,3881,0.291,0.81,0,0.4,0.247,0.239,0.448,0.761,0.8,0,-0.825,62.0,467.1
32904,LMTm_20260323191610_4,LMTm,SWEEP_REVERSAL,BUY,-1,2026.03.23 19:16:10,2026.03.24 13:40:09,1103,622.06,607.49,-1457.0,-7330.5,0.809,0.0,SL_HIT,625.2185,626.279,623.855,0,0.105,0.284,625.2185,0.4,0,0.8,-0.825,0,0,0,-1,0.0,0,0.761,0.447,1,0.761,0.247,0.239,0.448,0.4,0.0,625.2185,0.744,1.326,1,1,0.342,0,3881,0.291,0.81,2,0.4,0.947,0.29,0.458,0.732,1.0,0,-0.825,181.0,482.0
32911,LMTm_20260324134009_4,LMTm,SWEEP_REVERSAL,BUY,0,2026.03.24 13:40:09,2026.03.24 13:40:15,0,609.06,606.2,-286.0,-1430.0,0.378,0.0,SL_HIT,624.77825,626.18,623.3765,0,2.423,0.291,619.17125,0.15,0,1.0,-0.825,4,0,0,-1,0.0,0,0.787,0.406,1,0.787,0.247,0.29,0.458,0.4,0.0,619.17125,0.717,1.633,1,2,0.349,0,3882,0.294,2.47,0,0.4,0.247,0.29,0.458,0.787,1.0,0,-0.825,182.0,482.0
32912,LMTm_20260324134009_4,LMTm,SWEEP_REVERSAL,BUY,1,2026.03.24 13:40:09,2026.03.24 13:40:15,0,609.06,606.2,-286.0,-1430.0,0.378,0.0,SL_HIT,624.77825,626.18,623.3765,0,2.423,0.291,619.17125,0.15,0,1.0,-0.825,4,0,0,-1,0.0,0,0.787,0.406,1,0.787,0.247,0.29,0.458,0.4,0.0,619.17125,0.717,1.633,1,2,0.349,0,3882,0.294,2.47,0,0.4,0.247,0.29,0.458,0.787,1.0,0,-0.825,182.0,482.0
32914,LMTm_20260324134011_5,LMTm,MEAN_REVERSION,BUY,0,2026.03.24 13:40:11,2026.03.24 13:40:15,0,609.05,606.2,-285.0,-1425.0,0.369,0.0,SL_HIT,624.77825,626.18,623.3765,0,2.423,0.291,619.17125,0.15,0,1.0,-0.825,4,0,0,-1,0.0,0,0.787,0.406,1,0.787,0.247,0.29,0.458,0.4,0.0,619.17125,0.717,1.634,1,2,0.349,0,3882,0.662,3.09,0,0.4,0.247,0.29,0.458,0.787,1.0,0,-0.825,182.0,482.0
32915,LMTm_20260324134011_5,LMTm,MEAN_REVERSION,BUY,1,2026.03.24 13:40:11,2026.03.24 13:40:15,0,609.05,606.2,-285.0,-1425.0,0.369,0.0,SL_HIT,624.77825,626.18,623.3765,0,2.423,0.291,619.17125,0.15,0,1.0,-0.825,4,0,0,-1,0.0,0,0.787,0.406,1,0.787,0.247,0.29,0.458,0.4,0.0,619.17125,0.717,1.634,1,2,0.349,0,3882,0.662,3.09,0,0.4,0.247,0.29,0.458,0.787,1.0,0,-0.825,182.0,482.0
32913,LMTm_20260324134011_5,LMTm,MEAN_REVERSION,BUY,-1,2026.03.24 13:40:11,2026.03.24 13:41:39,1,609.05,604.92,-413.0,-2065.0,0.757,0.0,SL_HIT,624.77825,626.18,623.3765,0,2.423,0.291,619.17125,0.15,0,1.0,-0.825,4,0,0,-1,0.0,0,0.787,0.406,1,0.787,0.247,0.29,0.458,0.4,0.0,619.17125,0.717,1.634,1,2,0.349,0,3882,0.662,3.09,0,0.4,0.247,0.29,0.458,0.787,1.0,0,-0.825,177.0,482.0
32922,LMTm_20260324150000_7,LMTm,ANCHORED_PULLBACK,BUY,0,2026.03.24 15:00:00,2026.03.24 15:05:53,5,614.91,613.28,-163.0,-815.0,0.393,0.0,SL_HIT,624.5555,626.18,612.101,1,0.209,0.227,612.6425,0.65,2,1.0,-1.0,2,0,0,-1,0.0,2,1.0,0.55,2,0.371,1.0,0.053,0.278,0.15,1.7453,612.101,0.6,1.224,1,2,0.349,0,3884,0.725,3.71,3,0.15,0.7,0.053,0.278,0.371,1.0,1,-1.0,98.0,496.4
32923,LMTm_20260324150000_7,LMTm,ANCHORED_PULLBACK,BUY,1,2026.03.24 15:00:00,2026.03.24 15:05:53,5,614.91,613.17,-174.0,-870.0,0.393,0.0,SL_HIT,624.5555,626.18,612.101,1,0.209,0.227,612.6425,0.65,2,1.0,-1.0,2,0,0,-1,0.0,2,1.0,0.55,2,0.371,1.0,0.053,0.278,0.15,1.7453,612.101,0.6,1.224,1,2,0.349,0,3884,0.725,3.71,3,0.15,0.7,0.053,0.179,0.371,1.0,1,-1.0,98.0,496.4
32921,LMTm_20260324150000_7,LMTm,ANCHORED_PULLBACK,BUY,-1,2026.03.24 15:00:00,2026.03.24 15:11:48,11,614.7,611.57,-313.0,-1670.0,0.612,0.0,SL_HIT,624.5555,626.18,612.101,1,0.209,0.227,612.6425,0.65,2,1.0,-1.0,2,0,0,-1,0.0,2,1.0,0.55,2,0.371,1.0,0.053,0.278,0.15,1.7453,612.101,0.6,1.224,1,2,0.349,0,3884,0.725,3.71,3,0.15,0.7,0.053,0.236,0.371,1.0,0,-1.0,93.0,496.4
32928,LMTm_20260324170502_5,LMTm,MEAN_REVERSION,BUY,0,2026.03.24 17:05:02,2026.03.24 17:05:20,0,611.05,610.11,-94.0,-470.0,0.14,0.0,SL_HIT,611.64125,614.015,609.2675,1,0.044,0.814,611.64125,0.25,0,0.8,-1.0,4,0,0,-1,0.0,0,0.72,0.337,0,0.72,0.3,0.15,0.046,0.0,0.0,614.015,0.6,0.199,1,1,0.372,0,3886,0.599,2.2,0,0.0,0.3,0.15,0.164,0.72,0.8,1,-1.0,64.0,493.4
32929,LMTm_20260324170502_5,LMTm,MEAN_REVERSION,BUY,1,2026.03.24 17:05:02,2026.03.24 17:06:29,1,611.05,609.95,-110.0,-550.0,0.191,0.0,SL_HIT,611.64125,614.015,609.2675,1,0.044,0.814,611.64125,0.25,0,0.8,-1.0,4,0,0,-1,0.0,0,0.72,0.337,0,0.72,0.3,0.15,0.046,0.0,0.0,614.015,0.6,0.199,1,1,0.372,0,3886,0.599,2.2,0,0.0,0.3,0.15,0.164,0.72,0.8,1,-1.0,65.0,493.4
32927,LMTm_20260324170502_5,LMTm,MEAN_REVERSION,BUY,-1,2026.03.24 17:05:02,2026.03.24 17:10:14,5,611.05,609.36,-169.0,-845.0,0.33,0.0,SL_HIT,611.64125,614.015,609.2675,1,0.044,0.814,611.64125,0.25,0,0.8,-1.0,4,0,0,-1,0.0,0,0.72,0.337,0,0.72,0.3,0.15,0.046,0.0,0.0,614.015,0.6,0.199,1,1,0.372,0,3886,0.599,2.2,0,0.0,0.3,0.15,0.164,0.72,0.8,1,-1.0,67.0,493.4
32935,LMTm_20260325140012_7,LMTm,ANCHORED_PULLBACK,BUY,1,2026.03.25 14:00:12,2026.03.25 14:20:56,20,618.7,618.36,-34.0,-170.0,0.27,0.542,SL_HIT,610.911,611.688,609.098,0,1.574,0.933,610.911,0.25,0,1.0,-0.825,4,0,0,-1,0.0,2,1.0,0.524,2,0.664,0.947,0.238,0.369,0.25,0.1561,610.911,0.732,1.033,1,2,0.355,0,3890,0.809,3.28,0,0.25,0.247,0.238,0.379,0.682,1.0,0,-0.825,85.0,404.2
32934,LMTm_20260325140012_7,LMTm,ANCHORED_PULLBACK,BUY,0,2026.03.25 14:00:12,2026.03.25 14:21:03,20,618.7,617.67,-103.0,-515.0,0.27,0.542,SL_HIT,610.911,611.688,609.098,0,1.574,0.933,610.911,0.25,0,1.0,-0.825,4,0,0,-1,0.0,2,1.0,0.524,2,0.664,0.947,0.238,0.369,0.25,0.1561,610.911,0.732,1.033,1,2,0.355,0,3890,0.809,3.28,0,0.25,0.247,0.238,0.369,0.682,1.0,0,-0.825,87.0,404.2
32910,LMTm_20260324134009_4,LMTm,SWEEP_REVERSAL,BUY,-1,2026.03.24 13:40:09,2026.03.25 14:31:32,1491,609.06,621.09,1203.0,5969.5,0.942,2.463,TP_HIT,624.77825,626.18,623.3765,0,2.423,0.291,619.17125,0.15,0,1.0,-0.825,4,0,0,-1,0.0,0,0.787,0.406,1,0.787,0.247,0.29,0.458,0.4,0.0,619.17125,0.717,1.633,1,2,0.349,0,3882,0.294,2.47,0,0.25,0.247,0.238,0.392,0.682,1.0,0,-0.825,84.0,404.2
32940,LMTm_20260325143303_6,LMTm,NAKED_POC,BUY,0,2026.03.25 14:33:03,2026.03.25 14:56:10,23,622.3,619.0,-330.0,-1460.0,0.829,0.0,SL_HIT,610.911,611.688,609.098,0,1.574,0.933,610.911,0.25,0,1.0,-0.825,4,0,0,-1,0.0,0,0.682,0.504,2,0.682,0.247,0.238,0.392,0.25,0.0,610.911,0.732,1.549,1,2,0.355,0,3890,0.434,2.1,0,0.25,0.247,0.238,0.392,0.682,1.0,0,-0.825,80.0,404.2
32941,LMTm_20260325143303_6,LMTm,NAKED_POC,BUY,1,2026.03.25 14:33:03,2026.03.25 14:56:16,23,621.92,618.76,-316.0,-1580.0,0.762,0.035,SL_HIT,610.911,611.688,609.098,0,1.574,0.933,610.911,0.25,0,1.0,-0.825,4,0,0,-1,0.0,0,0.682,0.504,2,0.682,0.247,0.238,0.392,0.25,0.0,610.911,0.732,1.549,1,2,0.355,0,3890,0.434,2.1,0,0.25,0.247,0.238,0.392,0.682,1.0,0,-0.825,80.0,404.2
32945,LMTm_20260325160231_7,LMTm,ANCHORED_PULLBACK,BUY,0,2026.03.25 16:02:31,2026.03.25 16:04:18,1,623.88,623.55,-33.0,-165.0,0.189,0.0,SL_HIT,611.0225,620.81,609.21,0,0.415,2.427,611.0225,0.8,0,0.168,0.0,2,0,0,0,0.0,0,0.584,0.473,1,0.584,0.0,0.0,0.246,0.0,0.0,611.0225,0.725,1.314,1,2,0.336,0,3892,0.359,6.46,0,0.0,0.0,0.0,0.246,0.584,0.168,0,0.0,65.0,396.2
32946,LMTm_20260325160231_7,LMTm,ANCHORED_PULLBACK,BUY,1,2026.03.25 16:02:31,2026.03.25 16:05:17,2,623.88,623.33,-55.0,-275.0,0.189,0.0,SL_HIT,611.0225,620.81,609.21,0,0.415,2.427,611.0225,0.8,0,0.168,0.0,2,0,0,0,0.0,0,0.584,0.473,1,0.584,0.0,0.0,0.246,0.0,0.0,611.0225,0.725,1.314,1,2,0.336,0,3892,0.359,6.46,0,0.0,0.0,0.0,0.246,0.584,0.168,0,0.0,65.0,396.2
32950,LMTm_20260325163309_6,LMTm,NAKED_POC,BUY,0,2026.03.25 16:33:09,2026.03.25 16:33:32,0,623.7,622.88,-82.0,-410.0,0.194,0.0,SL_HIT,611.0225,620.81,609.21,0,0.415,2.427,611.0225,0.8,0,0.168,0.0,2,0,0,0,0.0,0,0.584,0.473,1,0.584,0.0,0.0,0.246,0.0,0.0,621.8975,0.55,1.319,1,2,0.336,0,3892,0.216,1.92,0,0.0,0.0,0.0,0.27,0.584,0.168,0,0.0,58.0,396.2
32951,LMTm_20260325163309_6,LMTm,NAKED_POC,BUY,1,2026.03.25 16:33:09,2026.03.25 16:33:32,0,623.7,622.68,-102.0,-510.0,0.237,0.0,SL_HIT,611.0225,620.81,609.21,0,0.415,2.427,611.0225,0.8,0,0.168,0.0,2,0,0,0,0.0,0,0.584,0.473,1,0.584,0.0,0.0,0.246,0.0,0.0,621.8975,0.55,1.319,1,2,0.336,0,3892,0.216,1.92,0,0.0,0.0,0.0,0.27,0.584,0.168,0,0.0,58.0,396.2
32955,LMTm_20260325170020_1,LMTm,BREAKOUT_RETEST,BUY,0,2026.03.25 17:00:20,2026.03.25 17:11:25,11,624.32,623.77,-55.0,-275.0,0.193,0.023,SL_HIT,623.05725,624.18,618.192,1,0.163,2.473,623.05725,0.4,0,0.675,0.685,2,0,0,0,0.0,0,0.578,0.478,1,0.578,0.206,0.0,0.074,0.0,0.0,618.192,0.6,1.008,1,2,0.336,0,3893,0.475,9.98,0,0.0,0.206,0.0,0.074,0.578,0.675,1,0.685,55.0,388.9
32956,LMTm_20260325170020_1,LMTm,BREAKOUT_RETEST,BUY,1,2026.03.25 17:00:20,2026.03.25 17:11:25,11,624.32,623.71,-61.0,-305.0,0.193,0.023,SL_HIT,623.05725,624.18,618.192,1,0.163,2.473,623.05725,0.4,0,0.675,0.685,2,0,0,0,0.0,0,0.578,0.478,1,0.578,0.206,0.0,0.074,0.0,0.0,618.192,0.6,1.008,1,2,0.336,0,3893,0.475,9.98,0,0.0,0.206,0.0,0.074,0.578,0.675,1,0.685,55.0,388.9
32933,LMTm_20260325140012_7,LMTm,ANCHORED_PULLBACK,BUY,-1,2026.03.25 14:00:12,2026.03.25 17:31:10,210,618.7,625.94,724.0,3620.0,0.339,1.764,TP_HIT,610.911,611.688,609.098,0,1.574,0.933,610.911,0.25,0,1.0,-0.825,4,0,0,-1,0.0,2,1.0,0.524,2,0.664,0.947,0.238,0.369,0.25,0.1561,610.911,0.732,1.033,1,2,0.355,0,3890,0.809,3.28,0,0.0,0.206,0.0,0.074,0.578,0.675,0,0.685,53.0,388.9
32961,LMTm_20260325175018_3,LMTm,TREND_CONTINUATION,BUY,0,2026.03.25 17:50:18,2026.03.25 18:21:09,30,626.21,624.72,-149.0,-745.0,0.645,0.0,SL_HIT,623.05725,624.18,618.192,0,0.163,2.473,623.05725,0.4,0,0.675,0.685,2,0,0,0,0.0,0,0.578,0.459,1,0.578,0.206,0.0,0.074,0.0,0.0,623.05725,0.731,0.843,1,2,0.336,0,3893,0.446,2.08,0,0.0,0.216,0.139,0.226,0.563,0.75,0,0.72,56.0,383.7
32964,LMTm_20260325175308_0,LMTm,BREAKOUT,BUY,0,2026.03.25 17:53:08,2026.03.25 18:21:09,28,625.56,624.72,-84.0,-420.0,0.478,0.003,SL_HIT,623.05725,624.18,618.192,0,0.163,2.473,623.05725,0.4,0,0.675,0.685,2,0,0,0,0.0,0,0.578,0.465,1,0.578,0.206,0.0,0.074,0.0,0.0,623.05725,0.731,0.9,1,2,0.336,0,3893,0.419,4.47,0,0.0,0.216,0.139,0.226,0.563,0.75,0,0.72,56.0,383.7
32967,LMTm_20260325175321_2,LMTm,PULLBACK,BUY,0,2026.03.25 17:53:21,2026.03.25 18:21:09,27,625.26,624.72,-54.0,-270.0,0.401,0.08,SL_HIT,623.05725,624.18,618.192,0,0.163,2.473,623.05725,0.4,0,0.675,0.685,2,0,0,0,0.0,0,0.578,0.468,1,0.578,0.206,0.0,0.074,0.0,0.0,623.05725,0.731,0.926,1,2,0.336,0,3893,0.381,5.29,0,0.0,0.216,0.139,0.226,0.563,0.75,0,0.72,56.0,383.7
32962,LMTm_20260325175018_3,LMTm,TREND_CONTINUATION,BUY,1,2026.03.25 17:50:18,2026.03.25 18:23:06,32,626.21,624.58,-163.0,-815.0,0.645,0.0,SL_HIT,623.05725,624.18,618.192,0,0.163,2.473,623.05725,0.4,0,0.675,0.685,2,0,0,0,0.0,0,0.578,0.459,1,0.578,0.206,0.0,0.074,0.0,0.0,623.05725,0.731,0.843,1,2,0.336,0,3893,0.446,2.08,0,0.0,0.216,0.139,0.226,0.563,0.75,0,0.72,57.0,383.7
32965,LMTm_20260325175308_0,LMTm,BREAKOUT,BUY,1,2026.03.25 17:53:08,2026.03.25 18:23:06,29,625.56,624.58,-98.0,-490.0,0.478,0.003,SL_HIT,623.05725,624.18,618.192,0,0.163,2.473,623.05725,0.4,0,0.675,0.685,2,0,0,0,0.0,0,0.578,0.465,1,0.578,0.206,0.0,0.074,0.0,0.0,623.05725,0.731,0.9,1,2,0.336,0,3893,0.419,4.47,0,0.0,0.216,0.139,0.226,0.563,0.75,0,0.72,57.0,383.7
32968,LMTm_20260325175321_2,LMTm,PULLBACK,BUY,1,2026.03.25 17:53:21,2026.03.25 18:23:06,29,625.26,624.58,-68.0,-340.0,0.401,0.072,SL_HIT,623.05725,624.18,618.192,0,0.163,2.473,623.05725,0.4,0,0.675,0.685,2,0,0,0,0.0,0,0.578,0.468,1,0.578,0.206,0.0,0.074,0.0,0.0,623.05725,0.731,0.926,1,2,0.336,0,3893,0.381,5.29,0,0.0,0.216,0.139,0.226,0.563,0.75,0,0.72,57.0,383.7
32976,LMTm_20260325183309_6,LMTm,NAKED_POC,BUY,0,2026.03.25 18:33:09,2026.03.25 18:33:47,0,625.82,625.29,-53.0,-265.0,0.125,0.0,SL_HIT,623.621,624.32,619.194,0,0.175,0.432,623.621,0.55,0,0.75,0.72,0,0,0,0,0.0,0,0.563,0.445,1,0.563,0.216,0.139,0.224,0.0,0.0,623.621,0.736,1.081,1,2,0.336,0,3894,0.459,1.68,0,0.0,0.216,0.139,0.224,0.563,0.75,0,0.72,51.0,383.7
32977,LMTm_20260325183309_6,LMTm,NAKED_POC,BUY,1,2026.03.25 18:33:09,2026.03.25 18:33:47,0,625.82,625.08,-74.0,-370.0,0.175,0.0,SL_HIT,623.621,624.32,619.194,0,0.175,0.432,623.621,0.55,0,0.75,0.72,0,0,0,0,0.0,0,0.563,0.445,1,0.563,0.216,0.139,0.224,0.0,0.0,623.621,0.736,1.081,1,2,0.336,0,3894,0.459,1.68,0,0.0,0.216,0.139,0.237,0.563,0.75,0,0.72,51.0,383.7
32981,LMTm_20260325190023_1,LMTm,BREAKOUT_RETEST,BUY,0,2026.03.25 19:00:23,2026.03.25 19:01:25,1,625.91,625.33,-58.0,-290.0,0.153,0.0,SL_HIT,624.976,625.906,622.558,1,0.113,0.285,624.976,0.45,0,0.825,0.755,0,0,0,0,0.0,0,0.663,0.378,1,0.663,0.226,0.053,0.2,0.15,0.0,622.558,0.6,0.987,1,2,0.336,0,3895,0.511,8.89,0,0.15,0.226,0.053,0.2,0.663,0.825,1,0.755,49.0,373.6
32982,LMTm_20260325190023_1,LMTm,BREAKOUT_RETEST,BUY,1,2026.03.25 19:00:23,2026.03.25 19:09:05,8,625.91,625.74,-17.0,-85.0,0.179,0.054,SL_HIT,624.976,625.906,622.558,1,0.113,0.285,624.976,0.45,0,0.825,0.755,0,0,0,0,0.0,0,0.663,0.378,1,0.663,0.226,0.053,0.2,0.15,0.0,622.558,0.6,0.987,1,2,0.336,0,3895,0.511,8.89,0,0.15,0.226,0.053,0.26,0.663,0.825,1,0.755,50.0,373.6
32980,LMTm_20260325190023_1,LMTm,BREAKOUT_RETEST,BUY,-1,2026.03.25 19:00:23,2026.03.25 19:23:28,23,625.91,624.78,-113.0,-565.0,0.294,0.054,SL_HIT,624.976,625.906,622.558,1,0.113,0.285,624.976,0.45,0,0.825,0.755,0,0,0,0,0.0,0,0.663,0.378,1,0.663,0.226,0.053,0.2,0.15,0.0,622.558,0.6,0.987,1,2,0.336,0,3895,0.511,8.89,0,0.15,0.226,0.053,0.164,0.663,0.825,1,0.755,48.0,373.6
32963,LMTm_20260325175308_0,LMTm,BREAKOUT,BUY,-1,2026.03.25 17:53:08,2026.03.26 13:41:38,1188,625.56,623.24,-232.0,-1205.5,0.573,0.141,SL_HIT,623.05725,624.18,618.192,0,0.163,2.473,623.05725,0.4,0,0.675,0.685,2,0,0,0,0.0,0,0.578,0.465,1,0.578,0.206,0.0,0.074,0.0,0.0,623.05725,0.731,0.9,1,2,0.336,0,3893,0.419,4.47,0,0.0,0.237,0.155,0.098,0.682,0.6,0,0.79,147.0,350.4
32966,LMTm_20260325175321_2,LMTm,PULLBACK,BUY,-1,2026.03.25 17:53:21,2026.03.26 13:41:38,1188,625.26,623.24,-202.0,-1055.5,0.496,0.219,SL_HIT,623.05725,624.18,618.192,0,0.163,2.473,623.05725,0.4,0,0.675,0.685,2,0,0,0,0.0,0,0.578,0.468,1,0.578,0.206,0.0,0.074,0.0,0.0,623.05725,0.731,0.926,1,2,0.336,0,3893,0.381,5.29,0,0.0,0.237,0.155,0.098,0.682,0.6,0,0.79,147.0,350.4
32954,LMTm_20260325170020_1,LMTm,BREAKOUT_RETEST,BUY,-1,2026.03.25 17:00:20,2026.03.26 13:41:50,1241,624.32,623.05,-127.0,-680.5,0.278,0.599,SL_HIT,623.05725,624.18,618.192,1,0.163,2.473,623.05725,0.4,0,0.675,0.685,2,0,0,0,0.0,0,0.578,0.478,1,0.578,0.206,0.0,0.074,0.0,0.0,618.192,0.6,1.008,1,2,0.336,0,3893,0.475,9.98,0,0.0,0.237,0.155,0.157,0.682,0.6,0,0.79,146.0,350.4
32986,LMTm_20260326134011_6,LMTm,NAKED_POC,BUY,-1,2026.03.26 13:40:11,2026.03.26 13:41:55,1,626.66,622.87,-379.0,-1895.0,1.036,0.0,SL_HIT,624.9325,625.505,623.444,1,0.002,0.324,624.9325,0.45,0,0.6,0.79,0,0,0,0,0.0,6,0.6,0.332,0,0.674,0.237,0.665,0.603,0.6,-0.3673,623.444,0.6,0.529,1,1,0.339,0,3896,0.37,2.33,0,0.0,0.237,0.155,0.228,0.682,0.6,0,0.79,145.0,350.4
32987,LMTm_20260326134011_6,LMTm,NAKED_POC,BUY,0,2026.03.26 13:40:11,2026.03.26 13:41:55,1,626.66,622.87,-379.0,-1895.0,1.036,0.0,SL_HIT,624.9325,625.505,623.444,1,0.002,0.324,624.9325,0.45,0,0.6,0.79,0,0,0,0,0.0,6,0.6,0.332,0,0.674,0.237,0.665,0.603,0.6,-0.3673,623.444,0.6,0.529,1,1,0.339,0,3896,0.37,2.33,0,0.0,0.237,0.155,0.228,0.682,0.6,0,0.79,145.0,350.4
32988,LMTm_20260326134011_6,LMTm,NAKED_POC,BUY,1,2026.03.26 13:40:11,2026.03.26 13:41:55,1,626.66,622.87,-379.0,-1895.0,1.036,0.0,SL_HIT,624.9325,625.505,623.444,1,0.002,0.324,624.9325,0.45,0,0.6,0.79,0,0,0,0,0.0,6,0.6,0.332,0,0.674,0.237,0.665,0.603,0.6,-0.3673,623.444,0.6,0.529,1,1,0.339,0,3896,0.37,2.33,0,0.0,0.237,0.155,0.228,0.682,0.6,0,0.79,145.0,350.4
33004,LMTm_20260326140000_7,LMTm,ANCHORED_PULLBACK,BUY,-1,2026.03.26 14:00:00,2026.03.26 14:01:56,1,627.54,624.98,-256.0,-1280.0,0.711,0.0,SL_HIT,624.7735,625.885,623.662,0,0.35,0.089,624.7735,0.45,0,0.975,0.65,0,0,0,0,0.0,0,0.787,0.479,1,0.787,0.195,0.3,0.386,0.4,0.048,624.7735,0.745,1.092,1,1,0.339,0,3897,0.52,2.28,0,0.4,0.195,0.3,0.166,0.815,0.975,1,0.65,105.0,337.5
33005,LMTm_20260326140000_7,LMTm,ANCHORED_PULLBACK,BUY,0,2026.03.26 14:00:00,2026.03.26 14:01:56,1,627.54,624.98,-256.0,-1280.0,0.711,0.0,SL_HIT,624.7735,625.885,623.662,0,0.35,0.089,624.7735,0.45,0,0.975,0.65,0,0,0,0,0.0,0,0.787,0.479,1,0.787,0.195,0.3,0.386,0.4,0.048,624.7735,0.745,1.092,1,1,0.339,0,3897,0.52,2.28,0,0.4,0.195,0.3,0.166,0.815,0.975,1,0.65,105.0,337.5
33006,LMTm_20260326140000_7,LMTm,ANCHORED_PULLBACK,BUY,1,2026.03.26 14:00:00,2026.03.26 14:01:56,1,627.54,624.98,-256.0,-1280.0,0.711,0.0,SL_HIT,624.7735,625.885,623.662,0,0.35,0.089,624.7735,0.45,0,0.975,0.65,0,0,0,0,0.0,0,0.787,0.479,1,0.787,0.195,0.3,0.386,0.4,0.048,624.7735,0.745,1.092,1,1,0.339,0,3897,0.52,2.28,0,0.4,0.195,0.3,0.166,0.815,0.975,1,0.65,105.0,337.5
32993,LMTm_20260326134029_2,LMTm,PULLBACK,BUY,0,2026.03.26 13:40:29,2026.03.26 14:54:57,74,626.47,622.15,-432.0,-2160.0,1.142,0.186,SL_HIT,624.9325,625.505,623.444,1,0.002,0.324,624.9325,0.45,0,0.6,0.79,0,0,0,0,0.0,0,0.682,0.493,1,0.682,0.237,0.155,0.063,0.0,0.0,623.444,0.6,0.963,1,1,0.339,0,3896,0.524,1.94,0,0.4,0.195,0.3,0.442,0.815,0.975,0,0.65,81.0,337.5
32995,LMTm_20260326134029_3,LMTm,TREND_CONTINUATION,BUY,-1,2026.03.26 13:40:29,2026.03.26 14:54:57,74,626.47,622.15,-432.0,-2160.0,1.142,0.186,SL_HIT,624.9325,625.505,623.444,1,0.002,0.324,624.9325,0.45,0,0.6,0.79,0,0,0,0,0.0,0,0.682,0.484,1,0.682,0.237,0.155,0.0,0.0,0.0,623.444,0.6,0.89,1,1,0.339,0,3896,0.438,2.47,0,0.4,0.195,0.3,0.442,0.815,0.975,0,0.65,81.0,337.5
32996,LMTm_20260326134029_3,LMTm,TREND_CONTINUATION,BUY,0,2026.03.26 13:40:29,2026.03.26 14:54:57,74,626.47,622.15,-432.0,-2160.0,1.142,0.186,SL_HIT,624.9325,625.505,623.444,1,0.002,0.324,624.9325,0.45,0,0.6,0.79,0,0,0,0,0.0,0,0.682,0.484,1,0.682,0.237,0.155,0.0,0.0,0.0,623.444,0.6,0.89,1,1,0.339,0,3896,0.438,2.47,0,0.4,0.195,0.3,0.442,0.815,0.975,0,0.65,81.0,337.5
32997,LMTm_20260326134029_3,LMTm,TREND_CONTINUATION,BUY,1,2026.03.26 13:40:29,2026.03.26 14:54:57,74,626.47,622.15,-432.0,-2160.0,1.142,0.186,SL_HIT,624.9325,625.505,623.444,1,0.002,0.324,624.9325,0.45,0,0.6,0.79,0,0,0,0,0.0,0,0.682,0.484,1,0.682,0.237,0.155,0.0,0.0,0.0,623.444,0.6,0.89,1,1,0.339,0,3896,0.438,2.47,0,0.4,0.195,0.3,0.442,0.815,0.975,0,0.65,81.0,337.5
32990,LMTm_20260326134017_0,LMTm,BREAKOUT,BUY,0,2026.03.26 13:40:17,2026.03.26 14:55:17,75,626.67,622.36,-431.0,-2155.0,1.29,0.128,SL_HIT,624.9325,625.505,623.444,1,0.002,0.324,624.9325,0.45,0,0.6,0.79,0,0,0,0,0.0,0,0.682,0.493,1,0.682,0.237,0.155,0.063,0.0,0.0,623.444,0.6,0.965,1,1,0.339,0,3896,0.303,1.94,0,0.4,0.195,0.3,0.442,0.815,0.975,0,0.65,81.0,337.5
32991,LMTm_20260326134017_0,LMTm,BREAKOUT,BUY,1,2026.03.26 13:40:17,2026.03.26 14:56:11,75,626.67,622.55,-412.0,-2060.0,1.282,0.128,SL_HIT,624.9325,625.505,623.444,1,0.002,0.324,624.9325,0.45,0,0.6,0.79,0,0,0,0,0.0,0,0.682,0.493,1,0.682,0.237,0.155,0.063,0.0,0.0,623.444,0.6,0.965,1,1,0.339,0,3896,0.303,1.94,0,0.4,0.195,0.3,0.423,0.815,0.975,0,0.65,83.0,337.5
32994,LMTm_20260326134029_2,LMTm,PULLBACK,BUY,1,2026.03.26 13:40:29,2026.03.26 14:56:11,75,626.47,622.55,-392.0,-1960.0,1.233,0.186,SL_HIT,624.9325,625.505,623.444,1,0.002,0.324,624.9325,0.45,0,0.6,0.79,0,0,0,0,0.0,0,0.682,0.493,1,0.682,0.237,0.155,0.063,0.0,0.0,623.444,0.6,0.963,1,1,0.339,0,3896,0.524,1.94,0,0.4,0.195,0.3,0.423,0.815,0.975,0,0.65,83.0,337.5
33018,LMTm_20260326154026_1,LMTm,BREAKOUT_RETEST,BUY,0,2026.03.26 15:40:26,2026.03.26 15:41:21,0,625.16,624.3,-86.0,-430.0,0.24,0.0,SL_HIT,624.726,626.112,624.096,1,0.273,0.105,624.726,0.4,0,1.0,0.685,0,0,0,0,0.0,0,0.719,0.434,1,0.719,0.206,0.295,0.272,0.4,0.0,626.112,0.6,1.17,1,1,0.339,0,3898,0.592,1.68,0,0.4,0.206,0.295,0.329,0.719,1.0,1,0.685,72.0,332.9
33021,LMTm_20260326154026_6,LMTm,NAKED_POC,BUY,0,2026.03.26 15:40:26,2026.03.26 15:41:21,0,625.16,624.3,-86.0,-430.0,0.24,0.0,SL_HIT,624.726,626.112,624.096,1,0.273,0.105,624.726,0.4,0,1.0,0.685,0,0,0,0,0.0,0,0.719,0.434,1,0.719,0.206,0.295,0.272,0.4,0.0,626.112,0.6,1.17,1,1,0.339,0,3898,0.448,6.53,0,0.4,0.206,0.295,0.329,0.719,1.0,1,0.685,72.0,332.9
33017,LMTm_20260326154026_1,LMTm,BREAKOUT_RETEST,BUY,-1,2026.03.26 15:40:26,2026.03.26 15:41:45,1,625.16,624.13,-103.0,-515.0,0.288,0.0,SL_HIT,624.726,626.112,624.096,1,0.273,0.105,624.726,0.4,0,1.0,0.685,0,0,0,0,0.0,0,0.719,0.434,1,0.719,0.206,0.295,0.272,0.4,0.0,626.112,0.6,1.17,1,1,0.339,0,3898,0.592,1.68,0,0.4,0.206,0.295,0.329,0.719,1.0,1,0.685,72.0,332.9
33019,LMTm_20260326154026_1,LMTm,BREAKOUT_RETEST,BUY,1,2026.03.26 15:40:26,2026.03.26 15:41:45,1,625.16,624.13,-103.0,-515.0,0.288,0.0,SL_HIT,624.726,626.112,624.096,1,0.273,0.105,624.726,0.4,0,1.0,0.685,0,0,0,0,0.0,0,0.719,0.434,1,0.719,0.206,0.295,0.272,0.4,0.0,626.112,0.6,1.17,1,1,0.339,0,3898,0.592,1.68,0,0.4,0.206,0.295,0.329,0.719,1.0,1,0.685,72.0,332.9
33022,LMTm_20260326154026_6,LMTm,NAKED_POC,BUY,1,2026.03.26 15:40:26,2026.03.26 15:41:45,1,625.16,624.13,-103.0,-515.0,0.288,0.0,SL_HIT,624.726,626.112,624.096,1,0.273,0.105,624.726,0.4,0,1.0,0.685,0,0,0,0,0.0,0,0.719,0.434,1,0.719,0.206,0.295,0.272,0.4,0.0,626.112,0.6,1.17,1,1,0.339,0,3898,0.448,6.53,0,0.4,0.206,0.295,0.329,0.719,1.0,1,0.685,72.0,332.9
33020,LMTm_20260326154026_6,LMTm,NAKED_POC,BUY,-1,2026.03.26 15:40:26,2026.03.26 15:42:40,2,625.16,623.54,-162.0,-810.0,0.466,0.0,SL_HIT,624.726,626.112,624.096,1,0.273,0.105,624.726,0.4,0,1.0,0.685,0,0,0,0,0.0,0,0.719,0.434,1,0.719,0.206,0.295,0.272,0.4,0.0,626.112,0.6,1.17,1,1,0.339,0,3898,0.448,6.53,0,0.4,0.206,0.295,0.41,0.719,1.0,0,0.685,72.0,332.9
33030,LMTm_20260326154605_5,LMTm,MEAN_REVERSION,BUY,0,2026.03.26 15:46:05,2026.03.26 15:47:46,1,623.14,623.29,15.0,180.0,0.294,0.093,TRAIL_STOP,624.726,626.112,624.096,0,0.273,0.105,624.726,0.4,0,1.0,0.685,0,0,0,0,0.0,0,0.719,0.497,1,0.719,0.206,0.295,0.441,0.4,0.0,624.726,0.756,1.712,1,1,0.339,0,3898,0.675,0.86,0,0.4,0.206,0.295,0.413,0.719,1.0,0,0.685,72.0,332.9
33031,LMTm_20260326154605_5,LMTm,MEAN_REVERSION,BUY,1,2026.03.26 15:46:05,2026.03.26 15:47:46,1,622.93,623.04,11.0,55.0,0.231,0.156,TRAIL_STOP,624.726,626.112,624.096,0,0.273,0.105,624.726,0.4,0,1.0,0.685,0,0,0,0,0.0,0,0.719,0.497,1,0.719,0.206,0.295,0.441,0.4,0.0,624.726,0.756,1.712,1,1,0.339,0,3898,0.675,0.86,0,0.4,0.206,0.295,0.432,0.719,1.0,0,0.685,72.0,332.9
33035,LMTm_20260326160004_2,LMTm,PULLBACK,BUY,0,2026.03.26 16:00:04,2026.03.26 16:01:45,1,625.18,624.72,-46.0,-275.0,0.205,0.0,SL_HIT,624.726,625.608,623.34,1,0.039,0.665,624.726,0.45,0,0.75,0.72,0,0,0,0,0.0,0,0.742,0.491,1,0.742,0.216,0.26,0.146,0.25,0.0,623.34,0.6,1.094,1,2,0.349,0,3899,0.563,7.51,0,0.25,0.216,0.26,0.1,0.742,0.75,1,0.72,68.0,322.0
33038,LMTm_20260326160036_3,LMTm,TREND_CONTINUATION,BUY,0,2026.03.26 16:00:36,2026.03.26 16:01:45,1,625.4,624.72,-68.0,-340.0,0.22,0.0,SL_HIT,624.726,625.608,623.34,1,0.039,0.665,624.726,0.45,0,0.75,0.72,0,0,0,0,0.0,0,0.742,0.479,1,0.742,0.216,0.26,0.1,0.25,0.0,623.34,0.6,0.994,1,2,0.349,0,3899,0.482,2.76,0,0.25,0.216,0.26,0.1,0.742,0.75,1,0.72,68.0,322.0
33036,LMTm_20260326160004_2,LMTm,PULLBACK,BUY,1,2026.03.26 16:00:04,2026.03.26 16:01:56,1,625.27,624.53,-74.0,-370.0,0.233,0.0,SL_HIT,624.726,625.608,623.34,1,0.039,0.665,624.726,0.45,0,0.75,0.72,0,0,0,0,0.0,0,0.742,0.491,1,0.742,0.216,0.26,0.146,0.25,0.0,623.34,0.6,1.094,1,2,0.349,0,3899,0.563,7.51,0,0.25,0.216,0.26,0.146,0.742,0.75,1,0.72,68.0,322.0
33039,LMTm_20260326160036_3,LMTm,TREND_CONTINUATION,BUY,1,2026.03.26 16:00:36,2026.03.26 16:01:56,1,625.4,624.53,-87.0,-435.0,0.22,0.0,SL_HIT,624.726,625.608,623.34,1,0.039,0.665,624.726,0.45,0,0.75,0.72,0,0,0,0,0.0,0,0.742,0.479,1,0.742,0.216,0.26,0.1,0.25,0.0,623.34,0.6,0.994,1,2,0.349,0,3899,0.482,2.76,0,0.25,0.216,0.26,0.146,0.742,0.75,1,0.72,68.0,322.0
33029,LMTm_20260326154605_5,LMTm,MEAN_REVERSION,BUY,-1,2026.03.26 15:46:05,2026.03.26 16:09:21,23,623.14,625.46,232.0,1160.0,0.294,0.661,TP_HIT,624.726,626.112,624.096,0,0.273,0.105,624.726,0.4,0,1.0,0.685,0,0,0,0,0.0,0,0.719,0.497,1,0.719,0.206,0.295,0.441,0.4,0.0,624.726,0.756,1.712,1,1,0.339,0,3898,0.675,0.86,0,0.25,0.216,0.26,0.273,0.742,0.75,1,0.72,67.0,322.0
33034,LMTm_20260326160004_2,LMTm,PULLBACK,BUY,-1,2026.03.26 16:00:04,2026.03.26 16:30:06,30,625.18,623.67,-151.0,-755.0,0.441,0.23,SL_HIT,624.726,625.608,623.34,1,0.039,0.665,624.726,0.45,0,0.75,0.72,0,0,0,0,0.0,0,0.742,0.491,1,0.742,0.216,0.26,0.146,0.25,0.0,623.34,0.6,1.094,1,2,0.349,0,3899,0.563,7.51,0,0.25,0.216,0.26,0.214,0.742,0.75,1,0.72,64.0,322.0
33048,LMTm_20260326174206_0,LMTm,BREAKOUT,BUY,1,2026.03.26 17:42:06,2026.03.26 17:45:25,3,631.17,628.9,-227.0,-1135.0,0.663,0.0,SL_HIT,624.726,625.608,623.34,0,0.138,0.326,624.726,0.45,0,1.0,0.93,0,0,0,0,0.0,0,0.7,0.469,1,0.7,0.279,0.155,0.274,0.0,0.0,624.726,0.76,0.723,1,2,0.349,0,3900,0.517,1.06,0,0.0,0.279,0.155,0.274,0.7,1.0,0,0.93,96.0,325.6
33051,LMTm_20260326174245_6,LMTm,NAKED_POC,BUY,1,2026.03.26 17:42:45,2026.03.26 17:49:05,6,630.87,628.65,-222.0,-1110.0,0.651,0.0,SL_HIT,624.726,625.608,623.34,0,0.138,0.326,624.726,0.45,0,1.0,0.93,0,0,0,0,0.0,0,0.7,0.471,1,0.7,0.279,0.155,0.274,0.0,0.0,624.726,0.76,0.735,1,2,0.349,0,3900,0.597,1.0,0,0.0,0.279,0.155,0.274,0.7,1.0,0,0.93,94.0,325.6
33047,LMTm_20260326174206_0,LMTm,BREAKOUT,BUY,0,2026.03.26 17:42:06,2026.03.26 18:06:43,24,631.17,627.92,-325.0,-1625.0,1.376,0.0,SL_HIT,624.726,625.608,623.34,0,0.138,0.326,624.726,0.45,0,1.0,0.93,0,0,0,0,0.0,0,0.7,0.469,1,0.7,0.279,0.155,0.274,0.0,0.0,624.726,0.76,0.723,1,2,0.349,0,3900,0.517,1.06,0,0.15,0.29,0.053,0.298,0.684,1.0,0,0.965,75.0,364.2
33050,LMTm_20260326174245_6,LMTm,NAKED_POC,BUY,0,2026.03.26 17:42:45,2026.03.26 18:06:43,23,630.87,627.92,-295.0,-1475.0,1.284,0.0,SL_HIT,624.726,625.608,623.34,0,0.138,0.326,624.726,0.45,0,1.0,0.93,0,0,0,0,0.0,0,0.7,0.471,1,0.7,0.279,0.155,0.274,0.0,0.0,624.726,0.76,0.735,1,2,0.349,0,3900,0.597,1.0,0,0.15,0.29,0.053,0.298,0.684,1.0,0,0.965,75.0,364.2
33055,LMTm_20260326180001_7,LMTm,ANCHORED_PULLBACK,BUY,0,2026.03.26 18:00:01,2026.03.26 18:06:43,6,627.59,627.92,33.0,165.0,0.247,0.154,TRAIL_STOP,624.8465,626.607,622.583,0,0.401,0.013,625.3495,0.4,0,1.0,0.965,0,0,0,0,0.0,2,1.0,0.546,2,0.664,0.99,0.053,0.327,0.15,0.4821,625.3495,0.722,1.372,1,2,0.349,0,3901,0.711,6.86,0,0.15,0.29,0.053,0.298,0.684,1.0,0,0.965,75.0,364.2
33058,LMTm_20260326180007_2,LMTm,PULLBACK,BUY,0,2026.03.26 18:00:07,2026.03.26 18:06:43,6,627.55,627.92,37.0,185.0,0.236,0.165,TRAIL_STOP,624.8465,626.607,622.583,0,0.401,0.013,625.3495,0.4,0,1.0,0.965,0,0,0,0,0.0,0,0.684,0.426,1,0.684,0.29,0.053,0.327,0.15,0.0,625.3495,0.722,1.024,1,2,0.349,0,3901,0.493,4.82,0,0.15,0.29,0.053,0.298,0.684,1.0,0,0.965,75.0,364.2
33061,LMTm_20260326180045_3,LMTm,TREND_CONTINUATION,BUY,0,2026.03.26 18:00:45,2026.03.26 18:06:43,5,627.47,627.92,45.0,225.0,0.203,0.206,TRAIL_STOP,624.8465,626.607,622.583,0,0.401,0.013,625.3495,0.4,0,1.0,0.965,0,0,0,0,0.0,0,0.684,0.427,1,0.684,0.29,0.053,0.327,0.15,0.0,625.3495,0.722,1.033,1,2,0.349,0,3901,0.579,1.99,0,0.15,0.29,0.053,0.298,0.684,1.0,0,0.965,75.0,364.2
33056,LMTm_20260326180001_7,LMTm,ANCHORED_PULLBACK,BUY,1,2026.03.26 18:00:01,2026.03.26 18:08:23,8,627.59,627.8,21.0,105.0,0.247,0.154,TRAIL_STOP,624.8465,626.607,622.583,0,0.401,0.013,625.3495,0.4,0,1.0,0.965,0,0,0,0,0.0,2,1.0,0.546,2,0.664,0.99,0.053,0.327,0.15,0.4821,625.3495,0.722,1.372,1,2,0.349,0,3901,0.711,6.86,0,0.15,0.29,0.053,0.298,0.684,1.0,0,0.965,73.0,364.2
33059,LMTm_20260326180007_2,LMTm,PULLBACK,BUY,1,2026.03.26 18:00:07,2026.03.26 18:08:23,8,627.55,627.8,25.0,125.0,0.236,0.165,TRAIL_STOP,624.8465,626.607,622.583,0,0.401,0.013,625.3495,0.4,0,1.0,0.965,0,0,0,0,0.0,0,0.684,0.426,1,0.684,0.29,0.053,0.327,0.15,0.0,625.3495,0.722,1.024,1,2,0.349,0,3901,0.493,4.82,0,0.15,0.29,0.053,0.298,0.684,1.0,0,0.965,73.0,364.2
33062,LMTm_20260326180045_3,LMTm,TREND_CONTINUATION,BUY,1,2026.03.26 18:00:45,2026.03.26 18:08:23,7,627.47,627.8,33.0,165.0,0.203,0.206,TRAIL_STOP,624.8465,626.607,622.583,0,0.401,0.013,625.3495,0.4,0,1.0,0.965,0,0,0,0,0.0,0,0.684,0.427,1,0.684,0.29,0.053,0.327,0.15,0.0,625.3495,0.722,1.033,1,2,0.349,0,3901,0.579,1.99,0,0.15,0.29,0.053,0.298,0.684,1.0,0,0.965,73.0,364.2
33054,LMTm_20260326180001_7,LMTm,ANCHORED_PULLBACK,BUY,-1,2026.03.26 18:00:01,2026.03.26 18:16:31,16,627.59,626.64,-95.0,-475.0,0.258,0.365,SL_HIT,624.8465,626.607,622.583,0,0.401,0.013,625.3495,0.4,0,1.0,0.965,0,0,0,0,0.0,2,1.0,0.546,2,0.664,0.99,0.053,0.327,0.15,0.4821,625.3495,0.722,1.372,1,2,0.349,0,3901,0.711,6.86,0,0.15,0.29,0.053,0.327,0.684,1.0,0,0.965,71.0,364.2
33049,LMTm_20260326174245_6,LMTm,NAKED_POC,BUY,-1,2026.03.26 17:42:45,2026.03.26 18:19:24,36,630.87,626.38,-449.0,-2245.0,1.37,0.0,SL_HIT,624.726,625.608,623.34,0,0.138,0.326,624.726,0.45,0,1.0,0.93,0,0,0,0,0.0,0,0.7,0.471,1,0.7,0.279,0.155,0.274,0.0,0.0,624.726,0.76,0.735,1,2,0.349,0,3900,0.597,1.0,0,0.15,0.29,0.053,0.237,0.684,1.0,1,0.965,71.0,364.2
33074,LMTm_20260326181924_1,LMTm,BREAKOUT_RETEST,BUY,0,2026.03.26 18:19:24,2026.03.26 18:20:40,1,627.09,625.95,-114.0,-570.0,0.297,0.0,SL_HIT,624.8465,626.607,622.583,1,0.401,0.013,625.3495,0.4,0,1.0,0.965,0,0,0,0,0.0,0,0.684,0.419,1,0.684,0.29,0.053,0.237,0.15,0.0,624.8465,0.7,0.959,1,2,0.349,0,3901,0.612,6.45,0,0.15,0.29,0.053,0.154,0.684,1.0,1,0.965,69.0,364.2
33075,LMTm_20260326181924_1,LMTm,BREAKOUT_RETEST,BUY,1,2026.03.26 18:19:24,2026.03.26 18:20:40,1,627.09,625.95,-114.0,-570.0,0.297,0.0,SL_HIT,624.8465,626.607,622.583,1,0.401,0.013,625.3495,0.4,0,1.0,0.965,0,0,0,0,0.0,0,0.684,0.419,1,0.684,0.29,0.053,0.237,0.15,0.0,624.8465,0.7,0.959,1,2,0.349,0,3901,0.612,6.45,0,0.15,0.29,0.053,0.154,0.684,1.0,1,0.965,69.0,364.2
33046,LMTm_20260326174206_0,LMTm,BREAKOUT,BUY,-1,2026.03.26 17:42:06,2026.03.26 18:20:40,38,630.97,625.79,-518.0,-2690.0,1.542,0.0,SL_HIT,624.726,625.608,623.34,0,0.138,0.326,624.726,0.45,0,1.0,0.93,0,0,0,0,0.0,0,0.7,0.469,1,0.7,0.279,0.155,0.274,0.0,0.0,624.726,0.76,0.723,1,2,0.349,0,3900,0.517,1.06,0,0.15,0.29,0.053,0.154,0.684,1.0,1,0.965,70.0,364.2
33057,LMTm_20260326180007_2,LMTm,PULLBACK,BUY,-1,2026.03.26 18:00:07,2026.03.26 18:20:40,20,627.55,625.72,-183.0,-915.0,0.483,0.376,SL_HIT,624.8465,626.607,622.583,0,0.401,0.013,625.3495,0.4,0,1.0,0.965,0,0,0,0,0.0,0,0.684,0.426,1,0.684,0.29,0.053,0.327,0.15,0.0,625.3495,0.722,1.024,1,2,0.349,0,3901,0.493,4.82,0,0.15,0.29,0.053,0.154,0.684,1.0,1,0.965,70.0,364.2
33073,LMTm_20260326181924_1,LMTm,BREAKOUT_RETEST,BUY,-1,2026.03.26 18:19:24,2026.03.26 18:20:40,1,627.09,625.63,-146.0,-730.0,0.376,0.0,SL_HIT,624.8465,626.607,622.583,1,0.401,0.013,625.3495,0.4,0,1.0,0.965,0,0,0,0,0.0,0,0.684,0.419,1,0.684,0.29,0.053,0.237,0.15,0.0,624.8465,0.7,0.959,1,2,0.349,0,3901,0.612,6.45,0,0.15,0.29,0.053,0.154,0.684,1.0,1,0.965,70.0,364.2
33082,LMTm_20260326194207_0,LMTm,BREAKOUT,BUY,0,2026.03.26 19:42:07,2026.03.26 19:42:49,0,624.67,623.93,-74.0,-370.0,0.181,0.0,SL_HIT,625.9025,627.649,622.659,1,0.056,0.864,625.9025,0.5,0,0.794,0.9944,0,0,0,0,0.0,0,0.614,0.386,1,0.614,0.298,0.0,0.015,0.0,0.0,625.9025,0.722,0.941,1,2,0.349,0,3902,0.335,1.06,0,0.0,0.298,0.0,0.015,0.614,0.794,1,0.9944,56.0,370.4
33086,LMTm_20260326194249_6,LMTm,NAKED_POC,BUY,0,2026.03.26 19:42:49,2026.03.26 19:43:13,0,624.49,623.8,-69.0,-345.0,0.167,0.0,SL_HIT,625.9025,627.649,622.659,1,0.056,0.864,625.9025,0.5,0,0.794,0.9944,0,0,0,0,0.0,0,0.614,0.387,1,0.614,0.298,0.0,0.015,0.0,0.0,622.659,0.6,0.951,1,2,0.349,0,3902,0.41,4.56,0,0.0,0.298,0.0,0.015,0.614,0.794,1,0.9944,55.0,370.4
33083,LMTm_20260326194207_0,LMTm,BREAKOUT,BUY,1,2026.03.26 19:42:07,2026.03.26 19:44:31,2,624.67,623.74,-93.0,-465.0,0.235,0.0,SL_HIT,625.9025,627.649,622.659,1,0.056,0.864,625.9025,0.5,0,0.794,0.9944,0,0,0,0,0.0,0,0.614,0.386,1,0.614,0.298,0.0,0.015,0.0,0.0,625.9025,0.722,0.941,1,2,0.349,0,3902,0.335,1.06,0,0.0,0.298,0.0,0.015,0.614,0.794,1,0.9944,55.0,370.4
32944,LMTm_20260325160231_7,LMTm,ANCHORED_PULLBACK,BUY,-1,2026.03.25 16:02:31,2026.03.27 13:40:35,2738,623.73,620.49,-324.0,-1786.0,0.416,2.123,SL_HIT,611.0225,620.81,609.21,0,0.415,2.427,611.0225,0.8,0,0.168,0.0,2,0,0,0,0.0,0,0.584,0.473,1,0.584,0.0,0.0,0.246,0.0,0.0,611.0225,0.725,1.314,1,2,0.336,0,3892,0.359,6.46,0,0.15,0.3,0.053,0.657,0.59,0.8,0,1.0,165.0,371.4
32960,LMTm_20260325175018_3,LMTm,TREND_CONTINUATION,BUY,-1,2026.03.25 17:50:18,2026.03.27 13:40:35,2630,626.21,620.49,-572.0,-2951.0,1.062,1.525,SL_HIT,623.05725,624.18,618.192,0,0.163,2.473,623.05725,0.4,0,0.675,0.685,2,0,0,0,0.0,0,0.578,0.459,1,0.578,0.206,0.0,0.074,0.0,0.0,623.05725,0.731,0.843,1,2,0.336,0,3893,0.446,2.08,0,0.15,0.3,0.053,0.657,0.59,0.8,0,1.0,165.0,371.4
32989,LMTm_20260326134017_0,LMTm,BREAKOUT,BUY,-1,2026.03.26 13:40:17,2026.03.27 13:40:35,1440,626.67,620.49,-618.0,-3135.5,1.31,1.561,SL_HIT,624.9325,625.505,623.444,1,0.002,0.324,624.9325,0.45,0,0.6,0.79,0,0,0,0,0.0,0,0.682,0.493,1,0.682,0.237,0.155,0.063,0.0,0.0,623.444,0.6,0.965,1,1,0.339,0,3896,0.303,1.94,0,0.15,0.3,0.053,0.657,0.59,0.8,0,1.0,165.0,371.4
32992,LMTm_20260326134029_2,LMTm,PULLBACK,BUY,-1,2026.03.26 13:40:29,2026.03.27 13:40:35,1440,626.69,620.49,-620.0,-3035.5,1.316,1.556,SL_HIT,624.9325,625.505,623.444,1,0.002,0.324,624.9325,0.45,0,0.6,0.79,0,0,0,0,0.0,0,0.682,0.493,1,0.682,0.237,0.155,0.063,0.0,0.0,623.444,0.6,0.963,1,1,0.339,0,3896,0.524,1.94,0,0.15,0.3,0.053,0.657,0.59,0.8,0,1.0,165.0,371.4
33037,LMTm_20260326160036_3,LMTm,TREND_CONTINUATION,BUY,-1,2026.03.26 16:00:36,2026.03.27 13:40:35,1299,625.4,620.49,-491.0,-2500.5,0.792,2.093,SL_HIT,624.726,625.608,623.34,1,0.039,0.665,624.726,0.45,0,0.75,0.72,0,0,0,0,0.0,0,0.742,0.479,1,0.742,0.216,0.26,0.1,0.25,0.0,623.34,0.6,0.994,1,2,0.349,0,3899,0.482,2.76,0,0.15,0.3,0.053,0.657,0.59,0.8,0,1.0,165.0,371.4
33060,LMTm_20260326180045_3,LMTm,TREND_CONTINUATION,BUY,-1,2026.03.26 18:00:45,2026.03.27 13:40:35,1179,627.47,620.49,-698.0,-3535.5,1.109,0.398,SL_HIT,624.8465,626.607,622.583,0,0.401,0.013,625.3495,0.4,0,1.0,0.965,0,0,0,0,0.0,0,0.684,0.427,1,0.684,0.29,0.053,0.327,0.15,0.0,625.3495,0.722,1.033,1,2,0.349,0,3901,0.579,1.99,0,0.15,0.3,0.053,0.657,0.59,0.8,0,1.0,165.0,371.4
33081,LMTm_20260326194207_0,LMTm,BREAKOUT,BUY,-1,2026.03.26 19:42:07,2026.03.27 13:40:35,1078,624.61,620.49,-412.0,-2135.5,0.235,0.0,SL_HIT,625.9025,627.649,622.659,1,0.056,0.864,625.9025,0.5,0,0.794,0.9944,0,0,0,0,0.0,0,0.614,0.386,1,0.614,0.298,0.0,0.015,0.0,0.0,625.9025,0.722,0.941,1,2,0.349,0,3902,0.335,1.06,0,0.15,0.3,0.053,0.657,0.59,0.8,0,1.0,165.0,371.4
33085,LMTm_20260326194249_6,LMTm,NAKED_POC,BUY,-1,2026.03.26 19:42:49,2026.03.27 13:40:35,1077,624.49,620.49,-400.0,-2045.5,0.203,0.0,SL_HIT,625.9025,627.649,622.659,1,0.056,0.864,625.9025,0.5,0,0.794,0.9944,0,0,0,0,0.0,0,0.614,0.387,1,0.614,0.298,0.0,0.015,0.0,0.0,622.659,0.6,0.951,1,2,0.349,0,3902,0.41,4.56,0,0.15,0.3,0.053,0.657,0.59,0.8,0,1.0,165.0,371.4
33087,LMTm_20260326194249_6,LMTm,NAKED_POC,BUY,1,2026.03.26 19:42:49,2026.03.27 13:40:35,1077,624.49,620.49,-400.0,-2045.5,0.203,0.0,SL_HIT,625.9025,627.649,622.659,1,0.056,0.864,625.9025,0.5,0,0.794,0.9944,0,0,0,0,0.0,0,0.614,0.387,1,0.614,0.298,0.0,0.015,0.0,0.0,622.659,0.6,0.951,1,2,0.349,0,3902,0.41,4.56,0,0.15,0.3,0.053,0.657,0.59,0.8,0,1.0,165.0,371.4
33100,LMTm_20260327134035_3,LMTm,TREND_CONTINUATION,BUY,0,2026.03.27 13:40:35,2026.03.27 13:41:21,0,622.14,620.85,-129.0,-645.0,0.425,0.0,SL_HIT,625.44125,628.0625,623.4025,0,1.019,0.078,625.44125,0.4,0,0.8,1.0,0,0,0,-1,0.0,0,0.59,0.321,0,0.59,0.3,0.053,0.657,0.15,-0.0888,625.44125,0.722,0.598,1,2,0.341,0,3903,0.481,1.11,0,0.15,0.3,0.053,0.357,0.664,0.8,0,1.0,163.0,371.4
33101,LMTm_20260327134035_3,LMTm,TREND_CONTINUATION,BUY,1,2026.03.27 13:40:35,2026.03.27 13:41:21,0,622.14,620.85,-129.0,-645.0,0.425,0.0,SL_HIT,625.44125,628.0625,623.4025,0,1.019,0.078,625.44125,0.4,0,0.8,1.0,0,0,0,-1,0.0,0,0.59,0.321,0,0.59,0.3,0.053,0.657,0.15,-0.0888,625.44125,0.722,0.598,1,2,0.341,0,3903,0.481,1.11,0,0.15,0.3,0.053,0.357,0.664,0.8,0,1.0,163.0,371.4
33103,LMTm_20260327134038_4,LMTm,SWEEP_REVERSAL,BUY,0,2026.03.27 13:40:38,2026.03.27 13:41:21,0,622.22,620.85,-137.0,-685.0,0.447,0.0,SL_HIT,625.44125,628.0625,623.4025,0,1.019,0.078,625.44125,0.4,0,0.8,1.0,0,0,0,-1,0.0,0,0.664,0.478,1,0.664,0.3,0.053,0.357,0.15,0.0,625.44125,0.722,1.788,1,2,0.341,0,3903,0.178,1.31,0,0.15,0.3,0.053,0.357,0.664,0.8,0,1.0,163.0,371.4
33104,LMTm_20260327134038_4,LMTm,SWEEP_REVERSAL,BUY,1,2026.03.27 13:40:38,2026.03.27 13:41:21,0,622.22,620.85,-137.0,-685.0,0.447,0.0,SL_HIT,625.44125,628.0625,623.4025,0,1.019,0.078,625.44125,0.4,0,0.8,1.0,0,0,0,-1,0.0,0,0.664,0.478,1,0.664,0.3,0.053,0.357,0.15,0.0,625.44125,0.722,1.788,1,2,0.341,0,3903,0.178,1.31,0,0.15,0.3,0.053,0.357,0.664,0.8,0,1.0,163.0,371.4
33106,LMTm_20260327134039_5,LMTm,MEAN_REVERSION,BUY,0,2026.03.27 13:40:39,2026.03.27 13:41:21,0,622.21,620.85,-136.0,-680.0,0.444,0.0,SL_HIT,625.44125,628.0625,623.4025,0,1.019,0.078,625.44125,0.4,0,0.8,1.0,0,0,0,-1,0.0,0,0.664,0.478,1,0.664,0.3,0.053,0.357,0.15,0.0,625.44125,0.722,1.789,1,2,0.341,0,3903,0.619,1.64,0,0.15,0.3,0.053,0.357,0.664,0.8,0,1.0,163.0,371.4
33107,LMTm_20260327134039_5,LMTm,MEAN_REVERSION,BUY,1,2026.03.27 13:40:39,2026.03.27 13:41:21,0,622.21,620.85,-136.0,-680.0,0.444,0.0,SL_HIT,625.44125,628.0625,623.4025,0,1.019,0.078,625.44125,0.4,0,0.8,1.0,0,0,0,-1,0.0,0,0.664,0.478,1,0.664,0.3,0.053,0.357,0.15,0.0,625.44125,0.722,1.789,1,2,0.341,0,3903,0.619,1.64,0,0.15,0.3,0.053,0.357,0.664,0.8,0,1.0,163.0,371.4
32975,LMTm_20260325183309_6,LMTm,NAKED_POC,BUY,-1,2026.03.25 18:33:09,2026.03.27 13:41:53,2588,625.82,619.9,-592.0,-3051.0,1.465,1.647,SL_HIT,623.621,624.32,619.194,0,0.175,0.432,623.621,0.55,0,0.75,0.72,0,0,0,0,0.0,0,0.563,0.445,1,0.563,0.216,0.139,0.224,0.0,0.0,623.621,0.736,1.081,1,2,0.336,0,3894,0.459,1.68,0,0.15,0.3,0.053,0.357,0.664,0.8,0,1.0,161.0,371.4
33116,LMTm_20260327134157_0,LMTm,BREAKOUT,BUY,0,2026.03.27 13:41:57,2026.03.27 13:42:24,0,621.27,619.64,-163.0,-815.0,0.433,0.0,SL_HIT,625.44125,628.0625,623.4025,0,1.019,0.078,625.44125,0.4,0,0.8,1.0,0,0,0,-1,0.0,0,0.664,0.351,1,0.664,0.3,0.053,0.357,0.15,0.0,625.44125,0.722,0.698,1,2,0.341,0,3903,0.478,1.04,0,0.15,0.3,0.053,0.357,0.664,0.8,0,1.0,160.0,371.4
33117,LMTm_20260327134157_0,LMTm,BREAKOUT,BUY,1,2026.03.27 13:41:57,2026.03.27 13:44:35,2,621.27,622.04,77.0,385.0,0.439,0.328,TRAIL_STOP,625.44125,628.0625,623.4025,0,1.019,0.078,625.44125,0.4,0,0.8,1.0,0,0,0,-1,0.0,0,0.664,0.351,1,0.664,0.3,0.053,0.357,0.15,0.0,625.44125,0.722,0.698,1,2,0.341,0,3903,0.478,1.04,0,0.15,0.3,0.053,0.354,0.664,0.8,0,1.0,158.0,371.4
33120,LMTm_20260327134412_6,LMTm,NAKED_POC,BUY,0,2026.03.27 13:44:12,2026.03.27 13:44:35,0,624.08,622.04,-204.0,-885.0,0.436,0.0,SL_HIT,625.44125,628.0625,623.4025,0,1.019,0.078,625.44125,0.4,0,0.8,1.0,0,0,0,-1,0.0,0,0.664,0.451,1,0.664,0.3,0.053,0.354,0.15,0.0,625.44125,0.722,1.551,1,2,0.341,0,3903,0.398,3.79,0,0.15,0.3,0.053,0.354,0.664,0.8,0,1.0,158.0,371.4
33121,LMTm_20260327134412_6,LMTm,NAKED_POC,BUY,1,2026.03.27 13:44:12,2026.03.27 13:44:35,0,623.81,622.04,-177.0,-885.0,0.401,0.0,SL_HIT,625.44125,628.0625,623.4025,0,1.019,0.078,625.44125,0.4,0,0.8,1.0,0,0,0,-1,0.0,0,0.664,0.451,1,0.664,0.3,0.053,0.354,0.15,0.0,625.44125,0.722,1.551,1,2,0.341,0,3903,0.398,3.79,0,0.15,0.3,0.053,0.354,0.664,0.8,0,1.0,158.0,371.4
33119,LMTm_20260327134412_6,LMTm,NAKED_POC,BUY,-1,2026.03.27 13:44:12,2026.03.27 13:45:48,1,624.08,621.05,-303.0,-1515.0,0.792,0.0,SL_HIT,625.44125,628.0625,623.4025,0,1.019,0.078,625.44125,0.4,0,0.8,1.0,0,0,0,-1,0.0,0,0.664,0.451,1,0.664,0.3,0.053,0.354,0.15,0.0,625.44125,0.722,1.551,1,2,0.341,0,3903,0.398,3.79,0,0.15,0.3,0.053,0.357,0.664,0.8,0,1.0,156.0,371.4
33105,LMTm_20260327134039_5,LMTm,MEAN_REVERSION,BUY,-1,2026.03.27 13:40:39,2026.03.27 13:55:13,14,622.21,619.07,-314.0,-1570.0,0.762,0.075,SL_HIT,625.44125,628.0625,623.4025,0,1.019,0.078,625.44125,0.4,0,0.8,1.0,0,0,0,-1,0.0,0,0.664,0.478,1,0.664,0.3,0.053,0.357,0.15,0.0,625.44125,0.722,1.789,1,2,0.341,0,3903,0.619,1.64,0,0.15,0.3,0.053,0.357,0.664,0.8,0,1.0,138.0,371.4
33102,LMTm_20260327134038_4,LMTm,SWEEP_REVERSAL,BUY,-1,2026.03.27 13:40:38,2026.03.27 13:56:08,15,622.22,618.27,-395.0,-1975.0,0.996,0.073,SL_HIT,625.44125,628.0625,623.4025,0,1.019,0.078,625.44125,0.4,0,0.8,1.0,0,0,0,-1,0.0,0,0.664,0.478,1,0.664,0.3,0.053,0.357,0.15,0.0,625.44125,0.722,1.788,1,2,0.341,0,3903,0.178,1.31,0,0.15,0.3,0.053,0.357,0.664,0.8,0,1.0,135.0,371.4
32949,LMTm_20260325163309_6,LMTm,NAKED_POC,BUY,-1,2026.03.25 16:33:09,2026.03.27 13:56:39,2723,623.98,617.76,-622.0,-3061.0,1.497,2.059,SL_HIT,611.0225,620.81,609.21,0,0.415,2.427,611.0225,0.8,0,0.168,0.0,2,0,0,0,0.0,0,0.584,0.473,1,0.584,0.0,0.0,0.246,0.0,0.0,621.8975,0.55,1.319,1,2,0.336,0,3892,0.216,1.92,0,0.15,0.3,0.053,0.357,0.664,0.8,0,1.0,134.0,371.4
33130,LMTm_20260327150608_2,LMTm,PULLBACK,BUY,0,2026.03.27 15:06:08,2026.03.27 15:06:48,0,621.38,620.38,-100.0,-500.0,0.231,0.0,SL_HIT,626.00725,630.697,622.7605,0,0.814,0.545,629.61475,0.55,0,1.0,0.7186,0,0,0,0,0.0,0,0.633,0.435,1,0.633,0.216,0.245,0.237,0.25,0.0,626.00725,0.7,0.913,1,2,0.341,0,3905,0.473,1.01,0,0.25,0.216,0.245,0.237,0.633,1.0,0,0.7186,85.0,371.6
33131,LMTm_20260327150608_2,LMTm,PULLBACK,BUY,1,2026.03.27 15:06:08,2026.03.27 15:06:50,0,621.38,620.19,-119.0,-595.0,0.269,0.0,SL_HIT,626.00725,630.697,622.7605,0,0.814,0.545,629.61475,0.55,0,1.0,0.7186,0,0,0,0,0.0,0,0.633,0.435,1,0.633,0.216,0.245,0.237,0.25,0.0,626.00725,0.7,0.913,1,2,0.341,0,3905,0.473,1.01,0,0.25,0.216,0.245,0.237,0.633,1.0,0,0.7186,85.0,371.6
33135,LMTm_20260327154111_3,LMTm,TREND_CONTINUATION,BUY,0,2026.03.27 15:41:11,2026.03.27 15:43:11,2,620.7,619.48,-122.0,-610.0,0.293,0.0,SL_HIT,626.00725,630.697,622.7605,0,0.814,0.545,629.61475,0.55,0,1.0,0.7186,0,0,0,0,0.0,0,0.633,0.441,1,0.633,0.216,0.245,0.237,0.25,0.0,626.00725,0.7,0.96,1,2,0.341,0,3905,0.558,1.36,0,0.25,0.216,0.245,0.364,0.633,1.0,0,0.7186,85.0,371.6
33138,LMTm_20260327154125_4,LMTm,SWEEP_REVERSAL,BUY,0,2026.03.27 15:41:25,2026.03.27 15:43:11,1,620.56,619.48,-108.0,-540.0,0.256,0.0,SL_HIT,626.00725,630.697,622.7605,0,0.814,0.545,629.61475,0.55,0,1.0,0.7186,0,0,0,0,0.0,0,0.633,0.463,1,0.633,0.216,0.245,0.364,0.25,0.0,626.00725,0.7,1.151,1,2,0.341,0,3905,0.252,1.69,0,0.25,0.216,0.245,0.364,0.633,1.0,0,0.7186,85.0,371.6
33141,LMTm_20260327154127_5,LMTm,MEAN_REVERSION,BUY,0,2026.03.27 15:41:27,2026.03.27 15:43:11,1,620.54,619.48,-106.0,-530.0,0.25,0.0,SL_HIT,626.00725,630.697,622.7605,0,0.814,0.545,629.61475,0.55,0,1.0,0.7186,0,0,0,0,0.0,0,0.633,0.463,1,0.633,0.216,0.245,0.364,0.25,0.0,626.00725,0.7,1.155,1,2,0.341,0,3905,0.627,2.13,0,0.25,0.216,0.245,0.364,0.633,1.0,0,0.7186,85.0,371.6
33136,LMTm_20260327154111_3,LMTm,TREND_CONTINUATION,BUY,1,2026.03.27 15:41:11,2026.03.27 15:52:54,11,620.7,619.41,-129.0,-645.0,0.35,0.0,SL_HIT,626.00725,630.697,622.7605,0,0.814,0.545,629.61475,0.55,0,1.0,0.7186,0,0,0,0,0.0,0,0.633,0.441,1,0.633,0.216,0.245,0.237,0.25,0.0,626.00725,0.7,0.96,1,2,0.341,0,3905,0.558,1.36,0,0.25,0.216,0.245,0.364,0.633,1.0,0,0.7186,80.0,371.6
33139,LMTm_20260327154125_4,LMTm,SWEEP_REVERSAL,BUY,1,2026.03.27 15:41:25,2026.03.27 15:52:54,11,620.56,619.41,-115.0,-575.0,0.312,0.0,SL_HIT,626.00725,630.697,622.7605,0,0.814,0.545,629.61475,0.55,0,1.0,0.7186,0,0,0,0,0.0,0,0.633,0.463,1,0.633,0.216,0.245,0.364,0.25,0.0,626.00725,0.7,1.151,1,2,0.341,0,3905,0.252,1.69,0,0.25,0.216,0.245,0.364,0.633,1.0,0,0.7186,80.0,371.6
33142,LMTm_20260327154127_5,LMTm,MEAN_REVERSION,BUY,1,2026.03.27 15:41:27,2026.03.27 15:52:54,11,620.54,619.41,-113.0,-565.0,0.307,0.0,SL_HIT,626.00725,630.697,622.7605,0,0.814,0.545,629.61475,0.55,0,1.0,0.7186,0,0,0,0,0.0,0,0.633,0.463,1,0.633,0.216,0.245,0.364,0.25,0.0,626.00725,0.7,1.155,1,2,0.341,0,3905,0.627,2.13,0,0.25,0.216,0.245,0.364,0.633,1.0,0,0.7186,80.0,371.6
33099,LMTm_20260327134035_3,LMTm,TREND_CONTINUATION,BUY,-1,2026.03.27 13:40:35,2026.03.27 15:56:40,136,622.14,617.68,-446.0,-2230.0,1.193,0.49,SL_HIT,625.44125,628.0625,623.4025,0,1.019,0.078,625.44125,0.4,0,0.8,1.0,0,0,0,-1,0.0,0,0.59,0.321,0,0.59,0.3,0.053,0.657,0.15,-0.0888,625.44125,0.722,0.598,1,2,0.341,0,3903,0.481,1.11,0,0.25,0.216,0.245,0.387,0.633,1.0,0,0.7186,78.0,371.6
33140,LMTm_20260327154127_5,LMTm,MEAN_REVERSION,BUY,-1,2026.03.27 15:41:27,2026.03.27 15:56:40,15,620.54,617.39,-315.0,-1575.0,0.794,0.0,SL_HIT,626.00725,630.697,622.7605,0,0.814,0.545,629.61475,0.55,0,1.0,0.7186,0,0,0,0,0.0,0,0.633,0.463,1,0.633,0.216,0.245,0.364,0.25,0.0,626.00725,0.7,1.155,1,2,0.341,0,3905,0.627,2.13,0,0.25,0.216,0.245,0.387,0.633,1.0,0,0.7186,78.0,371.6
33137,LMTm_20260327154125_4,LMTm,SWEEP_REVERSAL,BUY,-1,2026.03.27 15:41:25,2026.03.27 16:10:52,29,620.56,616.77,-379.0,-1895.0,0.988,0.0,SL_HIT,626.00725,630.697,622.7605,0,0.814,0.545,629.61475,0.55,0,1.0,0.7186,0,0,0,0,0.0,0,0.633,0.463,1,0.633,0.216,0.245,0.364,0.25,0.0,626.00725,0.7,1.151,1,2,0.341,0,3905,0.252,1.69,0,0.15,0.133,0.168,0.328,0.676,0.312,0,-0.4432,77.0,373.7
33158,LMTm_20260327170000_1,LMTm,BREAKOUT_RETEST,SELL,-1,2026.03.27 17:00:00,2026.03.27 17:01:24,1,617.2,618.34,-114.0,-570.0,0.294,0.0,SL_HIT,621.14225,622.8415,616.53,1,0.016,1.443,624.54075,0.65,0,0.75,-0.72,0,0,0,-1,0.0,0,0.569,0.357,1,0.569,0.216,0.233,0.176,0.3,-0.0492,621.14225,0.7,0.643,1,1,0.342,0,3907,0.472,3.41,0,0.0,0.216,0.128,0.129,0.6,0.75,1,-0.72,72.0,374.1
33159,LMTm_20260327170000_1,LMTm,BREAKOUT_RETEST,SELL,0,2026.03.27 17:00:00,2026.03.27 17:01:24,1,617.2,618.34,-114.0,-570.0,0.294,0.0,SL_HIT,621.14225,622.8415,616.53,1,0.016,1.443,624.54075,0.65,0,0.75,-0.72,0,0,0,-1,0.0,0,0.569,0.357,1,0.569,0.216,0.233,0.176,0.3,-0.0492,621.14225,0.7,0.643,1,1,0.342,0,3907,0.472,3.41,0,0.0,0.216,0.128,0.129,0.6,0.75,1,-0.72,72.0,374.1
33160,LMTm_20260327170000_1,LMTm,BREAKOUT_RETEST,SELL,1,2026.03.27 17:00:00,2026.03.27 17:01:24,1,617.2,618.34,-114.0,-570.0,0.294,0.0,SL_HIT,621.14225,622.8415,616.53,1,0.016,1.443,624.54075,0.65,0,0.75,-0.72,0,0,0,-1,0.0,0,0.569,0.357,1,0.569,0.216,0.233,0.176,0.3,-0.0492,621.14225,0.7,0.643,1,1,0.342,0,3907,0.472,3.41,0,0.0,0.216,0.128,0.129,0.6,0.75,1,-0.72,72.0,374.1
33171,LMTm_20260327174128_5,LMTm,MEAN_REVERSION,BUY,0,2026.03.27 17:41:28,2026.03.27 17:42:15,0,618.31,617.83,-48.0,-240.0,0.184,0.0,SL_HIT,621.14225,622.8415,616.53,1,0.016,1.443,624.54075,0.65,0,0.75,-0.72,0,0,0,-1,0.0,0,0.6,0.414,1,0.6,0.216,0.128,0.129,0.0,0.0,621.14225,0.7,0.673,1,1,0.342,0,3907,0.599,1.17,0,0.0,0.216,0.128,0.129,0.6,0.75,1,-0.72,67.0,374.1
33172,LMTm_20260327174128_5,LMTm,MEAN_REVERSION,BUY,1,2026.03.27 17:41:28,2026.03.27 17:42:15,0,618.31,617.6,-71.0,-355.0,0.184,0.0,SL_HIT,621.14225,622.8415,616.53,1,0.016,1.443,624.54075,0.65,0,0.75,-0.72,0,0,0,-1,0.0,0,0.6,0.414,1,0.6,0.216,0.128,0.129,0.0,0.0,621.14225,0.7,0.673,1,1,0.342,0,3907,0.599,1.17,0,0.0,0.216,0.128,0.129,0.6,0.75,1,-0.72,67.0,374.1
33144,LMTm_20260327154209_0,LMTm,BREAKOUT,SELL,0,2026.03.27 15:42:09,2026.03.27 18:01:45,139,619.61,618.78,83.0,415.0,0.248,0.616,TRAIL_STOP,626.00725,630.697,622.7605,0,0.814,0.545,629.61475,0.55,0,1.0,0.7186,0,0,0,0,0.0,0,0.633,0.464,1,0.633,0.216,0.245,0.364,0.25,0.0,626.00725,0.7,1.164,1,2,0.341,0,3905,0.516,1.74,0,0.25,0.174,0.162,0.248,0.654,0.55,1,-0.58,68.0,364.7
33180,LMTm_20260327182600_4,LMTm,SWEEP_REVERSAL,BUY,0,2026.03.27 18:26:00,2026.03.27 18:28:12,2,617.52,616.88,-64.0,-320.0,0.192,0.0,SL_HIT,617.83025,620.988,616.9015,0,0.014,1.107,617.83025,0.55,0,0.55,-0.58,2,0,0,-1,0.0,0,0.654,0.335,0,0.654,0.174,0.162,0.35,0.25,0.0,620.988,0.6,0.637,1,1,0.342,0,3908,0.199,1.12,0,0.25,0.174,0.162,0.35,0.654,0.55,0,-0.58,62.0,364.7
33181,LMTm_20260327182600_4,LMTm,SWEEP_REVERSAL,BUY,1,2026.03.27 18:26:00,2026.03.27 18:28:12,2,617.52,616.62,-90.0,-450.0,0.208,0.0,SL_HIT,617.83025,620.988,616.9015,0,0.014,1.107,617.83025,0.55,0,0.55,-0.58,2,0,0,-1,0.0,0,0.654,0.335,0,0.654,0.174,0.162,0.35,0.25,0.0,620.988,0.6,0.637,1,1,0.342,0,3908,0.199,1.12,0,0.25,0.174,0.162,0.35,0.654,0.55,0,-0.58,62.0,364.7
33134,LMTm_20260327154111_3,LMTm,TREND_CONTINUATION,BUY,-1,2026.03.27 15:41:11,2026.03.27 18:28:27,167,620.79,616.33,-446.0,-2185.0,1.181,0.0,SL_HIT,626.00725,630.697,622.7605,0,0.814,0.545,629.61475,0.55,0,1.0,0.7186,0,0,0,0,0.0,0,0.633,0.441,1,0.633,0.216,0.245,0.237,0.25,0.0,626.00725,0.7,0.96,1,2,0.341,0,3905,0.558,1.36,0,0.25,0.174,0.162,0.35,0.654,0.55,0,-0.58,63.0,364.7
32939,LMTm_20260325143303_6,LMTm,NAKED_POC,BUY,-1,2026.03.25 14:33:03,2026.03.27 19:23:50,3170,622.18,615.86,-632.0,-3311.0,1.514,2.464,SL_HIT,610.911,611.688,609.098,0,1.574,0.933,610.911,0.25,0,1.0,-0.825,4,0,0,-1,0.0,0,0.682,0.504,2,0.682,0.247,0.238,0.392,0.25,0.0,610.911,0.732,1.549,1,2,0.355,0,3890,0.434,2.1,0,0.15,0.237,0.053,0.34,0.726,0.6,0,-0.79,58.0,371.6
33115,LMTm_20260327134157_0,LMTm,BREAKOUT,BUY,-1,2026.03.27 13:41:57,2026.03.27 19:37:40,355,621.27,615.64,-563.0,-2815.0,1.497,0.724,SL_HIT,625.44125,628.0625,623.4025,0,1.019,0.078,625.44125,0.4,0,0.8,1.0,0,0,0,-1,0.0,0,0.664,0.351,1,0.664,0.3,0.053,0.357,0.15,0.0,625.44125,0.722,0.698,1,2,0.341,0,3903,0.478,1.04,0,0.15,0.237,0.053,0.34,0.726,0.6,0,-0.79,57.0,371.6
33129,LMTm_20260327150608_2,LMTm,PULLBACK,BUY,-1,2026.03.27 15:06:08,2026.03.27 19:37:40,271,621.25,615.64,-561.0,-2870.0,1.491,0.178,SL_HIT,626.00725,630.697,622.7605,0,0.814,0.545,629.61475,0.55,0,1.0,0.7186,0,0,0,0,0.0,0,0.633,0.435,1,0.633,0.216,0.245,0.237,0.25,0.0,626.00725,0.7,0.913,1,2,0.341,0,3905,0.473,1.01,0,0.15,0.237,0.053,0.34,0.726,0.6,0,-0.79,57.0,371.6
33170,LMTm_20260327174128_5,LMTm,MEAN_REVERSION,BUY,-1,2026.03.27 17:41:28,2026.03.27 19:39:53,118,618.31,615.28,-303.0,-1515.0,0.791,0.163,SL_HIT,621.14225,622.8415,616.53,1,0.016,1.443,624.54075,0.65,0,0.75,-0.72,0,0,0,-1,0.0,0,0.6,0.414,1,0.6,0.216,0.128,0.129,0.0,0.0,621.14225,0.7,0.673,1,1,0.342,0,3907,0.599,1.17,0,0.15,0.237,0.053,0.34,0.726,0.6,0,-0.79,58.0,371.6
33185,LMTm_20260327190003_1,LMTm,BREAKOUT_RETEST,SELL,-1,2026.03.27 19:00:03,2026.03.27 19:40:06,40,617.27,615.49,178.0,890.0,0.153,0.468,TP_HIT,617.7775,618.49,616.495,1,0.017,0.247,617.7775,0.35,0,0.6,-0.79,0,0,0,0,0.0,0,0.717,0.318,0,0.717,0.237,0.157,0.553,0.45,-0.5628,618.49,0.6,0.505,1,1,0.342,0,3909,0.407,1.59,0,0.15,0.237,0.053,0.34,0.726,0.6,0,-0.79,59.0,371.6
33186,LMTm_20260327190003_1,LMTm,BREAKOUT_RETEST,SELL,0,2026.03.27 19:00:03,2026.03.27 19:40:06,40,617.27,615.49,178.0,890.0,0.153,0.468,TP_HIT,617.7775,618.49,616.495,1,0.017,0.247,617.7775,0.35,0,0.6,-0.79,0,0,0,0,0.0,0,0.717,0.318,0,0.717,0.237,0.157,0.553,0.45,-0.5628,618.49,0.6,0.505,1,1,0.342,0,3909,0.407,1.59,0,0.15,0.237,0.053,0.34,0.726,0.6,0,-0.79,59.0,371.6
33187,LMTm_20260327190003_1,LMTm,BREAKOUT_RETEST,SELL,1,2026.03.27 19:00:03,2026.03.27 19:40:06,40,617.27,615.49,178.0,890.0,0.153,0.468,TP_HIT,617.7775,618.49,616.495,1,0.017,0.247,617.7775,0.35,0,0.6,-0.79,0,0,0,0,0.0,0,0.717,0.318,0,0.717,0.237,0.157,0.553,0.45,-0.5628,618.49,0.6,0.505,1,1,0.342,0,3909,0.407,1.59,0,0.15,0.237,0.053,0.34,0.726,0.6,0,-0.79,59.0,371.6
33165,LMTm_20260327170905_2,LMTm,PULLBACK,SELL,0,2026.03.27 17:09:05,2026.03.30 13:40:25,4111,617.5,617.03,47.0,50.5,0.561,0.711,TRAIL_STOP,621.14225,622.8415,616.53,1,0.016,1.443,624.54075,0.65,0,0.75,-0.72,0,0,0,-1,0.0,0,0.6,0.414,1,0.6,0.216,0.128,0.129,0.0,0.0,621.14225,0.7,0.676,1,1,0.342,0,3907,0.543,2.87,0,0.15,0.247,0.053,0.344,0.649,0.975,0,-0.825,179.0,374.6
33168,LMTm_20260327174117_3,LMTm,TREND_CONTINUATION,SELL,0,2026.03.27 17:41:17,2026.03.30 13:40:27,4079,617.62,617.07,55.0,90.5,0.529,0.743,TRAIL_STOP,621.14225,622.8415,616.53,1,0.016,1.443,624.54075,0.65,0,0.75,-0.72,0,0,0,-1,0.0,0,0.6,0.414,1,0.6,0.216,0.128,0.129,0.0,0.0,621.14225,0.7,0.674,1,1,0.342,0,3907,0.462,2.08,0,0.15,0.247,0.053,0.344,0.649,0.975,0,-0.825,178.0,374.6
33177,LMTm_20260327174215_0,LMTm,BREAKOUT,SELL,1,2026.03.27 17:42:15,2026.03.30 13:40:27,4078,617.6,617.07,53.0,80.5,0.535,0.738,TRAIL_STOP,621.14225,622.8415,616.53,1,0.016,1.443,624.54075,0.65,0,0.75,-0.72,0,0,0,-1,0.0,0,0.6,0.414,1,0.6,0.216,0.128,0.129,0.0,0.0,621.14225,0.7,0.676,1,1,0.342,0,3907,0.329,2.39,0,0.15,0.247,0.053,0.344,0.649,0.975,0,-0.825,178.0,374.6
33222,LMTm_20260330134032_7,LMTm,ANCHORED_PULLBACK,SELL,-1,2026.03.30 13:40:32,2026.03.30 13:41:37,1,615.3,617.38,-208.0,-1040.0,0.499,0.0,SL_HIT,617.95925,618.3725,616.444,0,0.641,0.127,617.95925,0.35,0,0.975,-0.825,0,0,0,-1,0.0,0,0.649,0.289,0,0.649,0.247,0.053,0.344,0.15,0.0,617.95925,0.712,0.314,1,2,0.348,0,3910,0.414,3.82,0,0.15,0.247,0.053,0.324,0.649,0.975,0,-0.825,169.0,374.6
33223,LMTm_20260330134032_7,LMTm,ANCHORED_PULLBACK,SELL,0,2026.03.30 13:40:32,2026.03.30 13:41:37,1,615.3,617.38,-208.0,-1040.0,0.499,0.0,SL_HIT,617.95925,618.3725,616.444,0,0.641,0.127,617.95925,0.35,0,0.975,-0.825,0,0,0,-1,0.0,0,0.649,0.289,0,0.649,0.247,0.053,0.344,0.15,0.0,617.95925,0.712,0.314,1,2,0.348,0,3910,0.414,3.82,0,0.15,0.247,0.053,0.324,0.649,0.975,0,-0.825,169.0,374.6
33224,LMTm_20260330134032_7,LMTm,ANCHORED_PULLBACK,SELL,1,2026.03.30 13:40:32,2026.03.30 13:41:37,1,615.3,617.38,-208.0,-1040.0,0.499,0.0,SL_HIT,617.95925,618.3725,616.444,0,0.641,0.127,617.95925,0.35,0,0.975,-0.825,0,0,0,-1,0.0,0,0.649,0.289,0,0.649,0.247,0.053,0.344,0.15,0.0,617.95925,0.712,0.314,1,2,0.348,0,3910,0.414,3.82,0,0.15,0.247,0.053,0.324,0.649,0.975,0,-0.825,169.0,374.6
33219,LMTm_20260330134027_5,LMTm,MEAN_REVERSION,BUY,-1,2026.03.30 13:40:27,2026.03.30 13:44:39,4,617.07,614.02,-305.0,-1525.0,0.785,0.0,SL_HIT,617.95925,618.3725,616.444,0,0.641,0.127,617.95925,0.35,0,0.975,-0.825,0,0,0,-1,0.0,0,0.649,0.289,0,0.649,0.247,0.053,0.344,0.15,0.0,617.95925,0.712,0.315,1,2,0.348,0,3910,0.572,0.89,0,0.15,0.247,0.053,0.337,0.649,0.975,0,-0.825,161.0,374.6
33220,LMTm_20260330134027_5,LMTm,MEAN_REVERSION,BUY,0,2026.03.30 13:40:27,2026.03.30 13:44:39,4,617.07,614.02,-305.0,-1525.0,0.785,0.0,SL_HIT,617.95925,618.3725,616.444,0,0.641,0.127,617.95925,0.35,0,0.975,-0.825,0,0,0,-1,0.0,0,0.649,0.289,0,0.649,0.247,0.053,0.344,0.15,0.0,617.95925,0.712,0.315,1,2,0.348,0,3910,0.572,0.89,0,0.15,0.247,0.053,0.337,0.649,0.975,0,-0.825,161.0,374.6
33221,LMTm_20260330134027_5,LMTm,MEAN_REVERSION,BUY,1,2026.03.30 13:40:27,2026.03.30 13:44:39,4,617.07,614.02,-305.0,-1525.0,0.785,0.0,SL_HIT,617.95925,618.3725,616.444,0,0.641,0.127,617.95925,0.35,0,0.975,-0.825,0,0,0,-1,0.0,0,0.649,0.289,0,0.649,0.247,0.053,0.344,0.15,0.0,617.95925,0.712,0.315,1,2,0.348,0,3910,0.572,0.89,0,0.15,0.247,0.053,0.337,0.649,0.975,0,-0.825,161.0,374.6
33179,LMTm_20260327182600_4,LMTm,SWEEP_REVERSAL,BUY,-1,2026.03.27 18:26:00,2026.03.30 13:44:39,4038,617.52,613.79,-373.0,-2001.5,0.96,0.027,SL_HIT,617.83025,620.988,616.9015,0,0.014,1.107,617.83025,0.55,0,0.55,-0.58,2,0,0,-1,0.0,0,0.654,0.335,0,0.654,0.174,0.162,0.35,0.25,0.0,620.988,0.6,0.637,1,1,0.342,0,3908,0.199,1.12,0,0.15,0.247,0.053,0.337,0.649,0.975,0,-0.825,161.0,374.6
33229,LMTm_20260330134417_4,LMTm,SWEEP_REVERSAL,BUY,0,2026.03.30 13:44:17,2026.03.30 13:46:27,2,616.84,613.05,-379.0,-1895.0,0.969,0.0,SL_HIT,617.95925,618.3725,616.444,0,0.641,0.127,617.95925,0.35,0,0.975,-0.825,0,0,0,-1,0.0,0,0.649,0.294,0,0.649,0.247,0.053,0.341,0.15,0.0,617.95925,0.712,0.36,1,2,0.348,0,3910,0.132,0.82,0,0.15,0.247,0.053,0.337,0.649,0.975,0,-0.825,153.0,374.6
33230,LMTm_20260330134417_4,LMTm,SWEEP_REVERSAL,BUY,1,2026.03.30 13:44:17,2026.03.30 13:46:27,2,616.84,613.05,-379.0,-1895.0,0.969,0.0,SL_HIT,617.95925,618.3725,616.444,0,0.641,0.127,617.95925,0.35,0,0.975,-0.825,0,0,0,-1,0.0,0,0.649,0.294,0,0.649,0.247,0.053,0.341,0.15,0.0,617.95925,0.712,0.36,1,2,0.348,0,3910,0.132,0.82,0,0.15,0.247,0.053,0.337,0.649,0.975,0,-0.825,153.0,374.6
33228,LMTm_20260330134417_4,LMTm,SWEEP_REVERSAL,BUY,-1,2026.03.30 13:44:17,2026.03.30 13:47:30,3,616.54,612.67,-387.0,-2085.0,0.958,0.0,SL_HIT,617.95925,618.3725,616.444,0,0.641,0.127,617.95925,0.35,0,0.975,-0.825,0,0,0,-1,0.0,0,0.649,0.294,0,0.649,0.247,0.053,0.341,0.15,0.0,617.95925,0.712,0.36,1,2,0.348,0,3910,0.132,0.82,0,0.15,0.247,0.053,0.337,0.649,0.975,0,-0.825,148.0,374.6
33201,LMTm_20260327194134_5,LMTm,MEAN_REVERSION,BUY,-1,2026.03.27 19:41:34,2026.03.30 13:47:37,3966,615.38,612.06,-332.0,-1796.5,0.796,0.083,SL_HIT,617.7775,618.49,616.495,0,0.017,0.247,617.7775,0.35,0,0.6,-0.79,0,0,0,0,0.0,0,0.726,0.348,0,0.726,0.237,0.053,0.34,0.15,0.0,617.7775,0.731,0.354,1,1,0.342,0,3909,0.624,1.0,0,0.15,0.247,0.053,0.337,0.649,0.975,0,-0.825,146.0,374.6
33202,LMTm_20260327194134_5,LMTm,MEAN_REVERSION,BUY,0,2026.03.27 19:41:34,2026.03.30 13:47:37,3966,615.38,612.06,-332.0,-1796.5,0.796,0.083,SL_HIT,617.7775,618.49,616.495,0,0.017,0.247,617.7775,0.35,0,0.6,-0.79,0,0,0,0,0.0,0,0.726,0.348,0,0.726,0.237,0.053,0.34,0.15,0.0,617.7775,0.731,0.354,1,1,0.342,0,3909,0.624,1.0,0,0.15,0.247,0.053,0.337,0.649,0.975,0,-0.825,146.0,374.6
33203,LMTm_20260327194134_5,LMTm,MEAN_REVERSION,BUY,1,2026.03.27 19:41:34,2026.03.30 13:47:37,3966,615.38,612.06,-332.0,-1796.5,0.796,0.083,SL_HIT,617.7775,618.49,616.495,0,0.017,0.247,617.7775,0.35,0,0.6,-0.79,0,0,0,0,0.0,0,0.726,0.348,0,0.726,0.237,0.053,0.34,0.15,0.0,617.7775,0.731,0.354,1,1,0.342,0,3909,0.624,1.0,0,0.15,0.247,0.053,0.337,0.649,0.975,0,-0.825,146.0,374.6
33209,LMTm_20260330134024_0,LMTm,BREAKOUT,SELL,1,2026.03.30 13:40:24,2026.03.30 13:56:17,15,615.17,612.88,229.0,1145.0,0.59,1.094,TRAIL_STOP,617.95925,618.3725,616.444,0,0.641,0.127,617.95925,0.35,0,0.975,-0.825,0,0,0,-1,0.0,0,0.62,0.289,0,0.62,0.247,0.053,0.331,0.15,-0.0178,617.95925,0.712,0.375,1,2,0.348,0,3910,0.465,3.37,0,0.15,0.247,0.053,0.337,0.649,0.975,0,-0.825,119.0,374.6
33143,LMTm_20260327154209_0,LMTm,BREAKOUT,SELL,-1,2026.03.27 15:42:09,2026.03.30 13:57:22,4215,619.61,610.31,930.0,4465.5,0.248,2.436,TP_HIT,626.00725,630.697,622.7605,0,0.814,0.545,629.61475,0.55,0,1.0,0.7186,0,0,0,0,0.0,0,0.633,0.464,1,0.633,0.216,0.245,0.364,0.25,0.0,626.00725,0.7,1.164,1,2,0.341,0,3905,0.516,1.74,0,0.15,0.247,0.053,0.337,0.649,0.975,0,-0.825,120.0,374.6
33145,LMTm_20260327154209_0,LMTm,BREAKOUT,SELL,1,2026.03.27 15:42:09,2026.03.30 13:57:22,4215,619.61,610.31,930.0,4465.5,0.248,2.436,TP_HIT,626.00725,630.697,622.7605,0,0.814,0.545,629.61475,0.55,0,1.0,0.7186,0,0,0,0,0.0,0,0.633,0.464,1,0.633,0.216,0.245,0.364,0.25,0.0,626.00725,0.7,1.164,1,2,0.341,0,3905,0.516,1.74,0,0.15,0.247,0.053,0.337,0.649,0.975,0,-0.825,120.0,374.6
33154,LMTm_20260327160000_7,LMTm,ANCHORED_PULLBACK,SELL,-1,2026.03.27 16:00:00,2026.03.30 13:57:25,4197,617.16,609.67,749.0,3560.5,0.653,1.991,TP_HIT,620.94825,625.377,618.8815,0,0.856,0.066,624.49125,0.55,0,0.312,-0.4432,0,0,0,-1,0.0,5,1.0,0.487,1,0.376,0.133,0.468,0.628,0.15,-0.3856,620.94825,0.7,0.655,1,1,0.342,0,3906,0.23,2.08,0,0.15,0.247,0.053,0.337,0.649,0.975,0,-0.825,120.0,374.6
33155,LMTm_20260327160000_7,LMTm,ANCHORED_PULLBACK,SELL,0,2026.03.27 16:00:00,2026.03.30 13:57:25,4197,617.16,609.67,749.0,3560.5,0.653,1.991,TP_HIT,620.94825,625.377,618.8815,0,0.856,0.066,624.49125,0.55,0,0.312,-0.4432,0,0,0,-1,0.0,5,1.0,0.487,1,0.376,0.133,0.468,0.628,0.15,-0.3856,620.94825,0.7,0.655,1,1,0.342,0,3906,0.23,2.08,0,0.15,0.247,0.053,0.337,0.649,0.975,0,-0.825,120.0,374.6
33156,LMTm_20260327160000_7,LMTm,ANCHORED_PULLBACK,SELL,1,2026.03.27 16:00:00,2026.03.30 13:57:25,4197,617.16,609.67,749.0,3560.5,0.653,1.991,TP_HIT,620.94825,625.377,618.8815,0,0.856,0.066,624.49125,0.55,0,0.312,-0.4432,0,0,0,-1,0.0,5,1.0,0.487,1,0.376,0.133,0.468,0.628,0.15,-0.3856,620.94825,0.7,0.655,1,1,0.342,0,3906,0.23,2.08,0,0.15,0.247,0.053,0.337,0.649,0.975,0,-0.825,120.0,374.6
33200,LMTm_20260327194119_3,LMTm,TREND_CONTINUATION,SELL,1,2026.03.27 19:41:19,2026.03.30 14:00:33,3979,614.87,611.43,344.0,1535.5,0.675,1.55,TRAIL_STOP,617.7775,618.49,616.495,0,0.017,0.247,617.7775,0.35,0,0.6,-0.79,0,0,0,0,0.0,0,0.726,0.347,0,0.726,0.237,0.053,0.34,0.15,0.0,617.7775,0.731,0.344,1,1,0.342,0,3909,0.397,2.08,0,0.4,0.206,0.29,0.432,0.805,1.0,0,-0.685,118.0,396.9
33199,LMTm_20260327194119_3,LMTm,TREND_CONTINUATION,SELL,0,2026.03.27 19:41:19,2026.03.30 14:04:37,3983,614.87,611.72,315.0,1390.5,0.675,1.55,TRAIL_STOP,617.7775,618.49,616.495,0,0.017,0.247,617.7775,0.35,0,0.6,-0.79,0,0,0,0,0.0,0,0.726,0.347,0,0.726,0.237,0.053,0.34,0.15,0.0,617.7775,0.731,0.344,1,1,0.342,0,3909,0.397,2.08,0,0.4,0.206,0.29,0.428,0.805,1.0,0,-0.685,100.0,396.9
33218,LMTm_20260330134027_3,LMTm,TREND_CONTINUATION,SELL,1,2026.03.30 13:40:27,2026.03.30 14:04:37,24,615.29,611.72,357.0,1785.0,0.558,1.65,TRAIL_STOP,617.95925,618.3725,616.444,0,0.641,0.127,617.95925,0.35,0,0.975,-0.825,0,0,0,-1,0.0,0,0.649,0.289,0,0.649,0.247,0.053,0.344,0.15,0.0,617.95925,0.712,0.315,1,2,0.348,0,3910,0.515,2.08,0,0.4,0.206,0.29,0.428,0.805,1.0,0,-0.685,100.0,396.9
33169,LMTm_20260327174117_3,LMTm,TREND_CONTINUATION,SELL,1,2026.03.27 17:41:17,2026.03.30 14:06:03,4104,617.62,611.81,581.0,2720.5,0.529,2.275,TRAIL_STOP,621.14225,622.8415,616.53,1,0.016,1.443,624.54075,0.65,0,0.75,-0.72,0,0,0,-1,0.0,0,0.6,0.414,1,0.6,0.216,0.128,0.129,0.0,0.0,621.14225,0.7,0.674,1,1,0.342,0,3907,0.462,2.08,0,0.4,0.206,0.29,0.428,0.805,1.0,0,-0.685,100.0,396.9
33212,LMTm_20260330134025_2,LMTm,PULLBACK,SELL,0,2026.03.30 13:40:25,2026.03.30 14:09:20,28,615.24,611.88,336.0,1680.0,0.571,1.636,TRAIL_STOP,617.95925,618.3725,616.444,0,0.641,0.127,617.95925,0.35,0,0.975,-0.825,0,0,0,-1,0.0,0,0.649,0.29,0,0.649,0.247,0.053,0.344,0.15,0.0,617.95925,0.712,0.321,1,2,0.348,0,3910,0.439,2.0,0,0.4,0.206,0.29,0.428,0.805,1.0,0,-0.685,99.0,396.9
33167,LMTm_20260327174117_3,LMTm,TREND_CONTINUATION,SELL,-1,2026.03.27 17:41:17,2026.03.30 14:15:34,4114,617.62,608.19,943.0,4530.5,0.529,2.496,TP_HIT,621.14225,622.8415,616.53,1,0.016,1.443,624.54075,0.65,0,0.75,-0.72,0,0,0,-1,0.0,0,0.6,0.414,1,0.6,0.216,0.128,0.129,0.0,0.0,621.14225,0.7,0.674,1,1,0.342,0,3907,0.462,2.08,0,0.4,0.206,0.29,0.448,0.805,1.0,0,-0.685,98.0,396.9
33175,LMTm_20260327174215_0,LMTm,BREAKOUT,SELL,-1,2026.03.27 17:42:15,2026.03.30 14:15:34,4113,617.6,608.19,941.0,4520.5,0.535,2.491,TP_HIT,621.14225,622.8415,616.53,1,0.016,1.443,624.54075,0.65,0,0.75,-0.72,0,0,0,-1,0.0,0,0.6,0.414,1,0.6,0.216,0.128,0.129,0.0,0.0,621.14225,0.7,0.676,1,1,0.342,0,3907,0.329,2.39,0,0.4,0.206,0.29,0.448,0.805,1.0,0,-0.685,98.0,396.9
33176,LMTm_20260327174215_0,LMTm,BREAKOUT,SELL,0,2026.03.27 17:42:15,2026.03.30 14:15:34,4113,617.6,608.19,941.0,4520.5,0.535,2.491,TP_HIT,621.14225,622.8415,616.53,1,0.016,1.443,624.54075,0.65,0,0.75,-0.72,0,0,0,-1,0.0,0,0.6,0.414,1,0.6,0.216,0.128,0.129,0.0,0.0,621.14225,0.7,0.676,1,1,0.342,0,3907,0.329,2.39,0,0.4,0.206,0.29,0.448,0.805,1.0,0,-0.685,98.0,396.9
33166,LMTm_20260327170905_2,LMTm,PULLBACK,SELL,1,2026.03.27 17:09:05,2026.03.30 14:30:00,4160,617.5,609.05,845.0,4040.5,0.561,2.844,TRAIL_STOP,621.14225,622.8415,616.53,1,0.016,1.443,624.54075,0.65,0,0.75,-0.72,0,0,0,-1,0.0,0,0.6,0.414,1,0.6,0.216,0.128,0.129,0.0,0.0,621.14225,0.7,0.676,1,1,0.342,0,3907,0.543,2.87,0,0.4,0.206,0.29,0.448,0.805,1.0,0,-0.685,99.0,396.9
33190,LMTm_20260327192038_2,LMTm,PULLBACK,SELL,1,2026.03.27 19:20:38,2026.03.30 14:30:00,4029,616.02,609.05,697.0,3300.5,0.377,2.465,TRAIL_STOP,617.7775,618.49,616.495,0,0.017,0.247,617.7775,0.35,0,0.6,-0.79,0,0,0,0,0.0,0,0.726,0.33,0,0.726,0.237,0.053,0.34,0.15,0.0,617.7775,0.731,0.203,1,1,0.342,0,3909,0.334,7.34,0,0.4,0.206,0.29,0.448,0.805,1.0,0,-0.685,99.0,396.9
33205,LMTm_20260327194215_0,LMTm,BREAKOUT,SELL,0,2026.03.27 19:42:15,2026.03.30 14:30:00,4007,614.94,609.05,589.0,2760.5,0.657,2.174,TRAIL_STOP,617.7775,618.49,616.495,0,0.017,0.247,617.7775,0.35,0,0.6,-0.79,0,0,0,0,0.0,0,0.726,0.347,0,0.726,0.237,0.053,0.34,0.15,0.0,617.7775,0.731,0.346,1,1,0.342,0,3909,0.367,3.42,0,0.4,0.206,0.29,0.448,0.805,1.0,0,-0.685,99.0,396.9
33206,LMTm_20260327194215_0,LMTm,BREAKOUT,SELL,1,2026.03.27 19:42:15,2026.03.30 14:30:00,4007,614.94,609.05,589.0,2760.5,0.657,2.174,TRAIL_STOP,617.7775,618.49,616.495,0,0.017,0.247,617.7775,0.35,0,0.6,-0.79,0,0,0,0,0.0,0,0.726,0.347,0,0.726,0.237,0.053,0.34,0.15,0.0,617.7775,0.731,0.346,1,1,0.342,0,3909,0.367,3.42,0,0.4,0.206,0.29,0.448,0.805,1.0,0,-0.685,99.0,396.9
33213,LMTm_20260330134025_2,LMTm,PULLBACK,SELL,1,2026.03.30 13:40:25,2026.03.30 14:30:00,49,615.24,609.05,619.0,3095.0,0.571,2.237,TRAIL_STOP,617.95925,618.3725,616.444,0,0.641,0.127,617.95925,0.35,0,0.975,-0.825,0,0,0,-1,0.0,0,0.649,0.29,0,0.649,0.247,0.053,0.344,0.15,0.0,617.95925,0.712,0.321,1,2,0.348,0,3910,0.439,2.0,0,0.4,0.206,0.29,0.448,0.805,1.0,0,-0.685,99.0,396.9
33217,LMTm_20260330134027_3,LMTm,TREND_CONTINUATION,SELL,0,2026.03.30 13:40:27,2026.03.30 14:30:00,49,615.29,609.05,624.0,3120.0,0.558,2.25,TRAIL_STOP,617.95925,618.3725,616.444,0,0.641,0.127,617.95925,0.35,0,0.975,-0.825,0,0,0,-1,0.0,0,0.649,0.289,0,0.649,0.247,0.053,0.344,0.15,0.0,617.95925,0.712,0.315,1,2,0.348,0,3910,0.515,2.08,0,0.4,0.206,0.29,0.448,0.805,1.0,0,-0.685,99.0,396.9
33208,LMTm_20260330134024_0,LMTm,BREAKOUT,SELL,0,2026.03.30 13:40:24,2026.03.30 14:30:00,49,615.17,609.52,565.0,2825.0,0.59,2.218,TRAIL_STOP,617.95925,618.3725,616.444,0,0.641,0.127,617.95925,0.35,0,0.975,-0.825,0,0,0,-1,0.0,0,0.62,0.289,0,0.62,0.247,0.053,0.331,0.15,-0.0178,617.95925,0.712,0.375,1,2,0.348,0,3910,0.465,3.37,0,0.4,0.206,0.29,0.448,0.805,1.0,0,-0.685,99.0,396.9
33189,LMTm_20260327192038_2,LMTm,PULLBACK,SELL,0,2026.03.27 19:20:38,2026.03.30 14:30:46,4030,616.02,611.46,456.0,2095.5,0.377,2.465,TRAIL_STOP,617.7775,618.49,616.495,0,0.017,0.247,617.7775,0.35,0,0.6,-0.79,0,0,0,0,0.0,0,0.726,0.33,0,0.726,0.237,0.053,0.34,0.15,0.0,617.7775,0.731,0.203,1,1,0.342,0,3909,0.334,7.34,0,0.4,0.206,0.29,0.432,0.805,1.0,0,-0.685,111.0,396.9
33164,LMTm_20260327170905_2,LMTm,PULLBACK,SELL,-1,2026.03.27 17:09:05,2026.03.30 15:06:27,4197,617.6,606.28,1132.0,5425.5,0.535,2.98,TP_HIT,621.14225,622.8415,616.53,1,0.016,1.443,624.54075,0.65,0,0.75,-0.72,0,0,0,-1,0.0,0,0.6,0.414,1,0.6,0.216,0.128,0.129,0.0,0.0,621.14225,0.7,0.676,1,1,0.342,0,3907,0.543,2.87,0,0.0,0.269,0.04,0.28,0.433,1.0,0,-0.895,87.0,399.0
33265,LMTm_20260330154031_5,LMTm,MEAN_REVERSION,BUY,0,2026.03.30 15:40:31,2026.03.30 15:40:33,0,609.94,608.93,-101.0,-505.0,0.228,0.0,SL_HIT,617.939,618.92,609.764,0,2.017,0.442,617.939,0.7,0,1.0,-0.895,2,0,0,-1,0.0,0,0.433,0.33,0,0.433,0.269,0.04,0.183,0.0,0.0,617.939,0.73,0.857,1,2,0.348,0,3912,0.492,2.73,0,0.0,0.269,0.04,0.178,0.433,1.0,0,-0.895,73.0,399.0
33266,LMTm_20260330154031_5,LMTm,MEAN_REVERSION,BUY,1,2026.03.30 15:40:31,2026.03.30 15:42:02,1,609.94,608.74,-120.0,-600.0,0.286,0.0,SL_HIT,617.939,618.92,609.764,0,2.017,0.442,617.939,0.7,0,1.0,-0.895,2,0,0,-1,0.0,0,0.433,0.33,0,0.433,0.269,0.04,0.183,0.0,0.0,617.939,0.73,0.857,1,2,0.348,0,3912,0.492,2.73,0,0.0,0.269,0.04,0.178,0.433,1.0,0,-0.895,73.0,399.0
33270,LMTm_20260330154425_4,LMTm,SWEEP_REVERSAL,BUY,0,2026.03.30 15:44:25,2026.03.30 15:44:29,0,609.61,608.71,-90.0,-450.0,0.175,0.0,SL_HIT,617.939,618.92,609.764,0,2.017,0.442,617.939,0.7,0,1.0,-0.895,2,0,0,-1,0.0,0,0.433,0.333,0,0.433,0.269,0.04,0.178,0.0,0.0,617.939,0.73,0.881,1,2,0.348,0,3912,0.093,2.27,0,0.0,0.269,0.04,0.178,0.433,1.0,0,-0.895,71.0,399.0
33271,LMTm_20260330154425_4,LMTm,SWEEP_REVERSAL,BUY,1,2026.03.30 15:44:25,2026.03.30 15:44:49,0,609.61,608.47,-114.0,-570.0,0.256,0.0,SL_HIT,617.939,618.92,609.764,0,2.017,0.442,617.939,0.7,0,1.0,-0.895,2,0,0,-1,0.0,0,0.433,0.333,0,0.433,0.269,0.04,0.178,0.0,0.0,617.939,0.73,0.881,1,2,0.348,0,3912,0.093,2.27,0,0.0,0.269,0.04,0.178,0.433,1.0,0,-0.895,71.0,399.0
33264,LMTm_20260330154031_5,LMTm,MEAN_REVERSION,BUY,-1,2026.03.30 15:40:31,2026.03.30 15:55:50,15,609.94,606.72,-322.0,-1610.0,0.789,0.0,SL_HIT,617.939,618.92,609.764,0,2.017,0.442,617.939,0.7,0,1.0,-0.895,2,0,0,-1,0.0,0,0.433,0.33,0,0.433,0.269,0.04,0.183,0.0,0.0,617.939,0.73,0.857,1,2,0.348,0,3912,0.492,2.73,0,0.0,0.269,0.04,0.234,0.433,1.0,0,-0.895,69.0,399.0
33269,LMTm_20260330154425_4,LMTm,SWEEP_REVERSAL,BUY,-1,2026.03.30 15:44:25,2026.03.30 15:56:14,11,609.61,605.48,-413.0,-2065.0,0.985,0.0,SL_HIT,617.939,618.92,609.764,0,2.017,0.442,617.939,0.7,0,1.0,-0.895,2,0,0,-1,0.0,0,0.433,0.333,0,0.433,0.269,0.04,0.178,0.0,0.0,617.939,0.73,0.881,1,2,0.348,0,3912,0.093,2.27,0,0.0,0.269,0.04,0.28,0.433,1.0,0,-0.895,70.0,399.0
33216,LMTm_20260330134027_3,LMTm,TREND_CONTINUATION,SELL,-1,2026.03.30 13:40:27,2026.03.30 15:56:15,135,615.29,605.88,941.0,4705.0,0.558,2.472,TP_HIT,617.95925,618.3725,616.444,0,0.641,0.127,617.95925,0.35,0,0.975,-0.825,0,0,0,-1,0.0,0,0.649,0.289,0,0.649,0.247,0.053,0.344,0.15,0.0,617.95925,0.712,0.315,1,2,0.348,0,3910,0.515,2.08,0,0.0,0.269,0.04,0.28,0.433,1.0,0,-0.895,71.0,399.0
33207,LMTm_20260330134024_0,LMTm,BREAKOUT,SELL,-1,2026.03.30 13:40:24,2026.03.30 15:56:15,135,615.17,605.63,954.0,4770.0,0.59,2.48,TP_HIT,617.95925,618.3725,616.444,0,0.641,0.127,617.95925,0.35,0,0.975,-0.825,0,0,0,-1,0.0,0,0.62,0.289,0,0.62,0.247,0.053,0.331,0.15,-0.0178,617.95925,0.712,0.375,1,2,0.348,0,3910,0.465,3.37,0,0.0,0.269,0.04,0.28,0.433,1.0,0,-0.895,72.0,399.0
33198,LMTm_20260327194119_3,LMTm,TREND_CONTINUATION,SELL,-1,2026.03.27 19:41:19,2026.03.30 15:56:18,4094,614.87,605.58,929.0,4460.5,0.675,2.486,TP_HIT,617.7775,618.49,616.495,0,0.017,0.247,617.7775,0.35,0,0.6,-0.79,0,0,0,0,0.0,0,0.726,0.347,0,0.726,0.237,0.053,0.34,0.15,0.0,617.7775,0.731,0.344,1,1,0.342,0,3909,0.397,2.08,0,0.0,0.269,0.04,0.28,0.433,1.0,0,-0.895,71.0,399.0
33204,LMTm_20260327194215_0,LMTm,BREAKOUT,SELL,-1,2026.03.27 19:42:15,2026.03.30 15:56:18,4094,614.86,605.49,937.0,4540.5,0.678,2.497,TP_HIT,617.7775,618.49,616.495,0,0.017,0.247,617.7775,0.35,0,0.6,-0.79,0,0,0,0,0.0,0,0.726,0.347,0,0.726,0.237,0.053,0.34,0.15,0.0,617.7775,0.731,0.346,1,1,0.342,0,3909,0.367,3.42,0,0.0,0.269,0.04,0.28,0.433,1.0,0,-0.895,71.0,399.0
33188,LMTm_20260327192038_2,LMTm,PULLBACK,SELL,-1,2026.03.27 19:20:38,2026.03.30 15:56:18,4115,616.06,604.91,1115.0,5370.5,0.366,2.971,TP_HIT,617.7775,618.49,616.495,0,0.017,0.247,617.7775,0.35,0,0.6,-0.79,0,0,0,0,0.0,0,0.726,0.33,0,0.726,0.237,0.053,0.34,0.15,0.0,617.7775,0.731,0.203,1,1,0.342,0,3909,0.334,7.34,0,0.0,0.269,0.04,0.28,0.433,1.0,0,-0.895,72.0,399.0
33211,LMTm_20260330134025_2,LMTm,PULLBACK,SELL,-1,2026.03.30 13:40:25,2026.03.30 16:26:20,165,615.24,603.94,1130.0,5650.0,0.571,2.99,TP_HIT,617.95925,618.3725,616.444,0,0.641,0.127,617.95925,0.35,0,0.975,-0.825,0,0,0,-1,0.0,0,0.649,0.29,0,0.649,0.247,0.053,0.344,0.15,0.0,617.95925,0.712,0.321,1,2,0.348,0,3910,0.439,2.0,0,0.15,0.279,0.053,0.352,0.493,1.0,0,-0.93,74.0,422.1
33295,LMTm_20260330174031_5,LMTm,MEAN_REVERSION,BUY,0,2026.03.30 17:40:31,2026.03.30 17:44:10,3,601.97,602.07,10.0,50.0,0.162,0.045,TRAIL_STOP,607.74075,615.431,604.9075,0,1.219,0.672,607.74075,0.65,0,1.0,-0.965,0,0,0,-1,0.0,0,0.494,0.366,1,0.494,0.29,0.117,0.216,0.0,0.0,607.74075,0.726,0.633,1,-2,0.343,0,3914,0.52,1.82,0,0.0,0.29,0.117,0.217,0.494,1.0,0,-0.965,70.0,443.9
33296,LMTm_20260330174031_5,LMTm,MEAN_REVERSION,BUY,1,2026.03.30 17:40:31,2026.03.30 17:44:49,4,601.97,601.8,-17.0,-85.0,0.162,0.059,SL_HIT,607.74075,615.431,604.9075,0,1.219,0.672,607.74075,0.65,0,1.0,-0.965,0,0,0,-1,0.0,0,0.494,0.366,1,0.494,0.29,0.117,0.216,0.0,0.0,607.74075,0.726,0.633,1,-2,0.343,0,3914,0.52,1.82,0,0.0,0.29,0.117,0.217,0.494,1.0,0,-0.965,70.0,443.9
33303,LMTm_20260330174449_4,LMTm,SWEEP_REVERSAL,BUY,0,2026.03.30 17:44:49,2026.03.30 17:45:09,0,602.5,601.7,-80.0,-400.0,0.149,0.0,SL_HIT,607.74075,615.431,604.9075,0,1.219,0.672,607.74075,0.65,0,1.0,-0.965,0,0,0,-1,0.0,0,0.494,0.36,1,0.494,0.29,0.117,0.217,0.0,0.0,607.74075,0.726,0.584,1,-2,0.343,0,3914,0.119,1.34,0,0.0,0.29,0.117,0.217,0.494,1.0,0,-0.965,70.0,443.9
33304,LMTm_20260330174449_4,LMTm,SWEEP_REVERSAL,BUY,1,2026.03.30 17:44:49,2026.03.30 17:46:12,1,602.5,601.44,-106.0,-530.0,0.23,0.0,SL_HIT,607.74075,615.431,604.9075,0,1.219,0.672,607.74075,0.65,0,1.0,-0.965,0,0,0,-1,0.0,0,0.494,0.36,1,0.494,0.29,0.117,0.217,0.0,0.0,607.74075,0.726,0.584,1,-2,0.343,0,3914,0.119,1.34,0,0.0,0.29,0.117,0.216,0.494,1.0,0,-0.965,70.0,443.9
33290,LMTm_20260330160000_1,LMTm,BREAKOUT_RETEST,SELL,-1,2026.03.30 16:00:00,2026.03.30 18:36:42,156,606.13,600.64,549.0,2745.0,0.391,1.274,TP_HIT,608.084,615.518,605.606,1,0.295,0.208,608.084,0.7,0,1.0,-0.93,0,0,0,-1,0.0,2,1.0,0.433,1,0.193,0.979,0.157,0.392,0.45,0.1791,608.084,0.717,0.257,1,-2,0.343,0,3913,0.824,3.29,0,0.0,0.3,0.0,0.157,0.586,1.0,0,-1.0,56.0,407.5
33291,LMTm_20260330160000_1,LMTm,BREAKOUT_RETEST,SELL,0,2026.03.30 16:00:00,2026.03.30 18:36:42,156,606.13,600.64,549.0,2745.0,0.391,1.274,TP_HIT,608.084,615.518,605.606,1,0.295,0.208,608.084,0.7,0,1.0,-0.93,0,0,0,-1,0.0,2,1.0,0.433,1,0.193,0.979,0.157,0.392,0.45,0.1791,608.084,0.717,0.257,1,-2,0.343,0,3913,0.824,3.29,0,0.0,0.3,0.0,0.157,0.586,1.0,0,-1.0,56.0,407.5
33292,LMTm_20260330160000_1,LMTm,BREAKOUT_RETEST,SELL,1,2026.03.30 16:00:00,2026.03.30 18:36:42,156,606.13,600.64,549.0,2745.0,0.391,1.274,TP_HIT,608.084,615.518,605.606,1,0.295,0.208,608.084,0.7,0,1.0,-0.93,0,0,0,-1,0.0,2,1.0,0.433,1,0.193,0.979,0.157,0.392,0.45,0.1791,608.084,0.717,0.257,1,-2,0.343,0,3913,0.824,3.29,0,0.0,0.3,0.0,0.157,0.586,1.0,0,-1.0,56.0,407.5
33294,LMTm_20260330174031_5,LMTm,MEAN_REVERSION,BUY,-1,2026.03.30 17:40:31,2026.03.30 19:01:22,80,601.97,598.39,-358.0,-1790.0,0.779,0.045,SL_HIT,607.74075,615.431,604.9075,0,1.219,0.672,607.74075,0.65,0,1.0,-0.965,0,0,0,-1,0.0,0,0.494,0.366,1,0.494,0.29,0.117,0.216,0.0,0.0,607.74075,0.726,0.633,1,-2,0.343,0,3914,0.52,1.82,0,0.15,0.3,0.053,0.338,0.609,1.0,0,-1.0,58.0,408.5
33302,LMTm_20260330174449_4,LMTm,SWEEP_REVERSAL,BUY,-1,2026.03.30 17:44:49,2026.03.30 19:04:37,79,602.5,598.06,-444.0,-2220.0,0.982,0.0,SL_HIT,607.74075,615.431,604.9075,0,1.219,0.672,607.74075,0.65,0,1.0,-0.965,0,0,0,-1,0.0,0,0.494,0.36,1,0.494,0.29,0.117,0.217,0.0,0.0,607.74075,0.726,0.584,1,-2,0.343,0,3914,0.119,1.34,0,0.15,0.3,0.053,0.338,0.609,1.0,0,-1.0,62.0,408.5
33280,LMTm_20260330154529_3,LMTm,TREND_CONTINUATION,SELL,-1,2026.03.30 15:45:29,2026.03.30 19:05:07,199,608.07,598.1,997.0,4985.0,0.261,2.489,TP_HIT,617.939,618.92,609.764,0,2.017,0.442,617.939,0.7,0,1.0,-0.895,2,0,0,-1,0.0,0,0.433,0.34,0,0.433,0.269,0.04,0.161,0.0,0.0,617.939,0.73,0.941,1,2,0.348,0,3912,0.546,1.2,0,0.15,0.3,0.053,0.338,0.609,1.0,0,-1.0,62.0,408.5
33281,LMTm_20260330154529_3,LMTm,TREND_CONTINUATION,SELL,0,2026.03.30 15:45:29,2026.03.30 19:05:07,199,608.07,598.1,997.0,4985.0,0.261,2.489,TP_HIT,617.939,618.92,609.764,0,2.017,0.442,617.939,0.7,0,1.0,-0.895,2,0,0,-1,0.0,0,0.433,0.34,0,0.433,0.269,0.04,0.161,0.0,0.0,617.939,0.73,0.941,1,2,0.348,0,3912,0.546,1.2,0,0.15,0.3,0.053,0.338,0.609,1.0,0,-1.0,62.0,408.5
33282,LMTm_20260330154529_3,LMTm,TREND_CONTINUATION,SELL,1,2026.03.30 15:45:29,2026.03.30 19:05:07,199,608.07,598.1,997.0,4985.0,0.261,2.489,TP_HIT,617.939,618.92,609.764,0,2.017,0.442,617.939,0.7,0,1.0,-0.895,2,0,0,-1,0.0,0,0.433,0.34,0,0.433,0.269,0.04,0.161,0.0,0.0,617.939,0.73,0.941,1,2,0.348,0,3912,0.546,1.2,0,0.15,0.3,0.053,0.338,0.609,1.0,0,-1.0,62.0,408.5
33274,LMTm_20260330154516_0,LMTm,BREAKOUT,SELL,-1,2026.03.30 15:45:16,2026.03.30 19:05:31,200,607.94,597.92,1002.0,5010.0,0.293,2.486,TP_HIT,617.939,618.92,609.764,0,2.017,0.442,617.939,0.7,0,1.0,-0.895,2,0,0,-1,0.0,0,0.433,0.341,0,0.433,0.269,0.04,0.161,0.0,0.0,617.939,0.73,0.953,1,2,0.348,0,3912,0.485,1.25,0,0.15,0.3,0.053,0.338,0.609,1.0,0,-1.0,62.0,408.5
33275,LMTm_20260330154516_0,LMTm,BREAKOUT,SELL,0,2026.03.30 15:45:16,2026.03.30 19:05:31,200,607.94,597.92,1002.0,5010.0,0.293,2.486,TP_HIT,617.939,618.92,609.764,0,2.017,0.442,617.939,0.7,0,1.0,-0.895,2,0,0,-1,0.0,0,0.433,0.341,0,0.433,0.269,0.04,0.161,0.0,0.0,617.939,0.73,0.953,1,2,0.348,0,3912,0.485,1.25,0,0.15,0.3,0.053,0.338,0.609,1.0,0,-1.0,62.0,408.5
33276,LMTm_20260330154516_0,LMTm,BREAKOUT,SELL,1,2026.03.30 15:45:16,2026.03.30 19:05:31,200,607.94,597.92,1002.0,5010.0,0.293,2.486,TP_HIT,617.939,618.92,609.764,0,2.017,0.442,617.939,0.7,0,1.0,-0.895,2,0,0,-1,0.0,0,0.433,0.341,0,0.433,0.269,0.04,0.161,0.0,0.0,617.939,0.73,0.953,1,2,0.348,0,3912,0.485,1.25,0,0.15,0.3,0.053,0.338,0.609,1.0,0,-1.0,62.0,408.5
33278,LMTm_20260330154529_2,LMTm,PULLBACK,SELL,0,2026.03.30 15:45:29,2026.03.30 19:15:07,209,608.07,596.1,1197.0,5985.0,0.261,2.997,TP_HIT,617.939,618.92,609.764,0,2.017,0.442,617.939,0.7,0,1.0,-0.895,2,0,0,-1,0.0,0,0.433,0.341,0,0.433,0.269,0.04,0.161,0.0,0.0,617.939,0.73,0.949,1,2,0.348,0,3912,0.466,1.43,0,0.15,0.3,0.053,0.338,0.609,1.0,0,-1.0,64.0,408.5
33279,LMTm_20260330154529_2,LMTm,PULLBACK,SELL,1,2026.03.30 15:45:29,2026.03.30 19:15:07,209,608.07,596.1,1197.0,5985.0,0.261,2.997,TP_HIT,617.939,618.92,609.764,0,2.017,0.442,617.939,0.7,0,1.0,-0.895,2,0,0,-1,0.0,0,0.433,0.341,0,0.433,0.269,0.04,0.161,0.0,0.0,617.939,0.73,0.949,1,2,0.348,0,3912,0.466,1.43,0,0.15,0.3,0.053,0.338,0.609,1.0,0,-1.0,64.0,408.5
33277,LMTm_20260330154529_2,LMTm,PULLBACK,SELL,-1,2026.03.30 15:45:29,2026.03.30 19:15:11,209,607.98,596.01,1197.0,6030.0,0.283,2.977,TP_HIT,617.939,618.92,609.764,0,2.017,0.442,617.939,0.7,0,1.0,-0.895,2,0,0,-1,0.0,0,0.433,0.341,0,0.433,0.269,0.04,0.161,0.0,0.0,617.939,0.73,0.949,1,2,0.348,0,3912,0.466,1.43,0,0.15,0.3,0.053,0.338,0.609,1.0,0,-1.0,64.0,408.5
33298,LMTm_20260330174033_7,LMTm,ANCHORED_PULLBACK,SELL,0,2026.03.30 17:40:33,2026.03.31 13:40:22,1199,601.25,601.92,-67.0,-396.5,0.378,1.412,SL_HIT,607.74075,615.431,604.9075,0,1.219,0.672,607.74075,0.65,0,1.0,-0.965,0,0,0,-1,0.0,0,0.494,0.366,1,0.494,0.29,0.117,0.216,0.0,0.0,607.74075,0.726,0.634,1,-2,0.343,0,3914,0.478,4.23,2,0.0,1.0,0.133,0.237,0.61,1.0,1,-1.0,202.0,422.3
33299,LMTm_20260330174033_7,LMTm,ANCHORED_PULLBACK,SELL,1,2026.03.30 17:40:33,2026.03.31 13:40:22,1199,601.25,601.92,-67.0,-396.5,0.378,1.412,SL_HIT,607.74075,615.431,604.9075,0,1.219,0.672,607.74075,0.65,0,1.0,-0.965,0,0,0,-1,0.0,0,0.494,0.366,1,0.494,0.29,0.117,0.216,0.0,0.0,607.74075,0.726,0.634,1,-2,0.343,0,3914,0.478,4.23,2,0.0,1.0,0.133,0.237,0.61,1.0,1,-1.0,202.0,422.3
33307,LMTm_20260330174518_0,LMTm,BREAKOUT,SELL,0,2026.03.30 17:45:18,2026.03.31 13:40:22,1195,601.56,601.92,-36.0,-241.5,0.279,1.482,SL_HIT,607.74075,615.431,604.9075,0,1.219,0.672,607.74075,0.65,0,1.0,-0.965,0,0,0,-1,0.0,0,0.494,0.363,1,0.494,0.29,0.117,0.216,0.0,0.0,607.74075,0.726,0.611,1,-2,0.343,0,3914,0.491,1.89,2,0.0,1.0,0.133,0.237,0.61,1.0,1,-1.0,202.0,422.3
33308,LMTm_20260330174518_0,LMTm,BREAKOUT,SELL,1,2026.03.30 17:45:18,2026.03.31 13:40:22,1195,601.56,601.92,-36.0,-241.5,0.279,1.482,SL_HIT,607.74075,615.431,604.9075,0,1.219,0.672,607.74075,0.65,0,1.0,-0.965,0,0,0,-1,0.0,0,0.494,0.363,1,0.494,0.29,0.117,0.216,0.0,0.0,607.74075,0.726,0.611,1,-2,0.343,0,3914,0.491,1.89,2,0.0,1.0,0.133,0.237,0.61,1.0,1,-1.0,202.0,422.3
33310,LMTm_20260330174531_2,LMTm,PULLBACK,SELL,0,2026.03.30 17:45:31,2026.03.31 13:40:22,1194,601.57,601.92,-35.0,-236.5,0.277,1.484,SL_HIT,607.74075,615.431,604.9075,0,1.219,0.672,607.74075,0.65,0,1.0,-0.965,0,0,0,-1,0.0,0,0.494,0.362,1,0.494,0.29,0.117,0.216,0.0,0.0,607.74075,0.726,0.604,1,-2,0.343,0,3914,0.477,2.0,2,0.0,1.0,0.133,0.237,0.61,1.0,1,-1.0,202.0,422.3
33311,LMTm_20260330174531_2,LMTm,PULLBACK,SELL,1,2026.03.30 17:45:31,2026.03.31 13:40:22,1194,601.57,601.92,-35.0,-236.5,0.277,1.484,SL_HIT,607.74075,615.431,604.9075,0,1.219,0.672,607.74075,0.65,0,1.0,-0.965,0,0,0,-1,0.0,0,0.494,0.362,1,0.494,0.29,0.117,0.216,0.0,0.0,607.74075,0.726,0.604,1,-2,0.343,0,3914,0.477,2.0,2,0.0,1.0,0.133,0.237,0.61,1.0,1,-1.0,202.0,422.3
33313,LMTm_20260330174535_3,LMTm,TREND_CONTINUATION,SELL,0,2026.03.30 17:45:35,2026.03.31 13:40:22,1194,601.5,601.92,-42.0,-271.5,0.293,1.469,SL_HIT,607.74075,615.431,604.9075,0,1.219,0.672,607.74075,0.65,0,1.0,-0.965,0,0,0,-1,0.0,0,0.494,0.363,1,0.494,0.29,0.117,0.216,0.0,0.0,607.74075,0.726,0.611,1,-2,0.343,0,3914,0.56,2.08,2,0.0,1.0,0.133,0.237,0.61,1.0,1,-1.0,202.0,422.3
33314,LMTm_20260330174535_3,LMTm,TREND_CONTINUATION,SELL,1,2026.03.30 17:45:35,2026.03.31 13:40:22,1194,601.5,601.92,-42.0,-271.5,0.293,1.469,SL_HIT,607.74075,615.431,604.9075,0,1.219,0.672,607.74075,0.65,0,1.0,-0.965,0,0,0,-1,0.0,0,0.494,0.363,1,0.494,0.29,0.117,0.216,0.0,0.0,607.74075,0.726,0.611,1,-2,0.343,0,3914,0.56,2.08,2,0.0,1.0,0.133,0.237,0.61,1.0,1,-1.0,202.0,422.3
33319,LMTm_20260330190020_1,LMTm,BREAKOUT_RETEST,SELL,-1,2026.03.30 19:00:20,2026.03.31 13:40:22,1120,598.99,601.92,-293.0,-1531.5,0.157,0.982,SL_HIT,601.71975,606.0285,598.56,1,0.586,0.024,601.71975,0.65,0,1.0,-1.0,0,0,0,-1,0.0,0,0.609,0.262,0,0.609,0.3,0.053,0.338,0.15,0.0,601.71975,0.733,0.324,1,-2,0.343,0,3916,0.568,1.62,2,0.0,1.0,0.133,0.237,0.61,1.0,1,-1.0,202.0,422.3
33320,LMTm_20260330190020_1,LMTm,BREAKOUT_RETEST,SELL,0,2026.03.30 19:00:20,2026.03.31 13:40:22,1120,598.98,601.92,-294.0,-1531.5,0.159,0.979,SL_HIT,601.71975,606.0285,598.56,1,0.586,0.024,601.71975,0.65,0,1.0,-1.0,0,0,0,-1,0.0,0,0.609,0.262,0,0.609,0.3,0.053,0.338,0.15,0.0,601.71975,0.733,0.324,1,-2,0.343,0,3916,0.568,1.62,2,0.0,1.0,0.133,0.237,0.61,1.0,1,-1.0,202.0,422.3
33321,LMTm_20260330190020_1,LMTm,BREAKOUT_RETEST,SELL,1,2026.03.30 19:00:20,2026.03.31 13:40:22,1120,598.98,601.92,-294.0,-1531.5,0.159,0.979,SL_HIT,601.71975,606.0285,598.56,1,0.586,0.024,601.71975,0.65,0,1.0,-1.0,0,0,0,-1,0.0,0,0.609,0.262,0,0.609,0.3,0.053,0.338,0.15,0.0,601.71975,0.733,0.324,1,-2,0.343,0,3916,0.568,1.62,2,0.0,1.0,0.133,0.237,0.61,1.0,1,-1.0,202.0,422.3
33353,LMTm_20260331134026_2,LMTm,PULLBACK,SELL,-1,2026.03.31 13:40:26,2026.03.31 13:41:36,1,598.95,601.57,-262.0,-1310.0,0.573,0.0,SL_HIT,601.73725,606.3165,597.8625,1,0.268,0.399,601.73725,0.6,0,1.0,-1.0,0,0,0,-1,0.0,0,0.612,0.36,1,0.612,0.3,0.133,0.265,0.0,0.0,601.73725,0.736,0.286,1,-1,0.394,0,3917,0.63,5.06,0,0.0,0.3,0.133,0.237,0.612,1.0,1,-1.0,195.0,422.3
33354,LMTm_20260331134026_2,LMTm,PULLBACK,SELL,0,2026.03.31 13:40:26,2026.03.31 13:41:36,1,598.95,601.57,-262.0,-1310.0,0.573,0.0,SL_HIT,601.73725,606.3165,597.8625,1,0.268,0.399,601.73725,0.6,0,1.0,-1.0,0,0,0,-1,0.0,0,0.612,0.36,1,0.612,0.3,0.133,0.265,0.0,0.0,601.73725,0.736,0.286,1,-1,0.394,0,3917,0.63,5.06,0,0.0,0.3,0.133,0.237,0.612,1.0,1,-1.0,195.0,422.3
33355,LMTm_20260331134026_2,LMTm,PULLBACK,SELL,1,2026.03.31 13:40:26,2026.03.31 13:41:36,1,598.95,601.57,-262.0,-1310.0,0.573,0.0,SL_HIT,601.73725,606.3165,597.8625,1,0.268,0.399,601.73725,0.6,0,1.0,-1.0,0,0,0,-1,0.0,0,0.612,0.36,1,0.612,0.3,0.133,0.265,0.0,0.0,601.73725,0.736,0.286,1,-1,0.394,0,3917,0.63,5.06,0,0.0,0.3,0.133,0.237,0.612,1.0,1,-1.0,195.0,422.3
33297,LMTm_20260330174033_7,LMTm,ANCHORED_PULLBACK,SELL,-1,2026.03.30 17:40:33,2026.03.31 14:02:12,1221,601.25,603.38,-213.0,-1126.5,0.43,1.412,SL_HIT,607.74075,615.431,604.9075,0,1.219,0.672,607.74075,0.65,0,1.0,-0.965,0,0,0,-1,0.0,0,0.494,0.366,1,0.494,0.29,0.117,0.216,0.0,0.0,607.74075,0.726,0.634,1,-2,0.343,0,3914,0.478,4.23,0,0.0,0.3,0.0,0.14,0.691,0.8,1,-1.0,121.0,412.4
33333,LMTm_20260330194032_5,LMTm,MEAN_REVERSION,BUY,-1,2026.03.30 19:40:32,2026.03.31 14:02:31,1101,595.64,602.38,674.0,3324.5,0.299,1.599,TP_HIT,601.71975,606.0285,598.56,0,0.586,0.024,601.71975,0.65,0,1.0,-1.0,0,0,0,-1,0.0,0,0.609,0.311,0,0.609,0.3,0.053,0.338,0.15,0.0,601.71975,0.733,0.752,1,-2,0.343,0,3916,0.547,2.05,0,0.0,0.3,0.0,0.14,0.691,0.8,1,-1.0,120.0,412.4
33334,LMTm_20260330194032_5,LMTm,MEAN_REVERSION,BUY,0,2026.03.30 19:40:32,2026.03.31 14:02:31,1101,595.64,602.38,674.0,3324.5,0.299,1.599,TP_HIT,601.71975,606.0285,598.56,0,0.586,0.024,601.71975,0.65,0,1.0,-1.0,0,0,0,-1,0.0,0,0.609,0.311,0,0.609,0.3,0.053,0.338,0.15,0.0,601.71975,0.733,0.752,1,-2,0.343,0,3916,0.547,2.05,0,0.0,0.3,0.0,0.14,0.691,0.8,1,-1.0,120.0,412.4
33335,LMTm_20260330194032_5,LMTm,MEAN_REVERSION,BUY,1,2026.03.30 19:40:32,2026.03.31 14:02:31,1101,595.64,602.38,674.0,3324.5,0.299,1.599,TP_HIT,601.71975,606.0285,598.56,0,0.586,0.024,601.71975,0.65,0,1.0,-1.0,0,0,0,-1,0.0,0,0.609,0.311,0,0.609,0.3,0.053,0.338,0.15,0.0,601.71975,0.733,0.752,1,-2,0.343,0,3916,0.547,2.05,0,0.0,0.3,0.0,0.14,0.691,0.8,1,-1.0,120.0,412.4
33336,LMTm_20260330194453_4,LMTm,SWEEP_REVERSAL,BUY,-1,2026.03.30 19:44:53,2026.03.31 14:02:31,1097,595.24,602.38,714.0,3524.5,0.152,1.696,TP_HIT,601.71975,606.0285,598.56,0,0.586,0.024,601.71975,0.65,0,1.0,-1.0,0,0,0,-1,0.0,0,0.609,0.316,0,0.609,0.3,0.053,0.338,0.15,0.0,601.71975,0.733,0.794,1,-2,0.343,0,3916,0.137,1.74,0,0.0,0.3,0.0,0.14,0.691,0.8,1,-1.0,120.0,412.4
33337,LMTm_20260330194453_4,LMTm,SWEEP_REVERSAL,BUY,0,2026.03.30 19:44:53,2026.03.31 14:02:31,1097,595.24,602.38,714.0,3524.5,0.152,1.696,TP_HIT,601.71975,606.0285,598.56,0,0.586,0.024,601.71975,0.65,0,1.0,-1.0,0,0,0,-1,0.0,0,0.609,0.316,0,0.609,0.3,0.053,0.338,0.15,0.0,601.71975,0.733,0.794,1,-2,0.343,0,3916,0.137,1.74,0,0.0,0.3,0.0,0.14,0.691,0.8,1,-1.0,120.0,412.4
33338,LMTm_20260330194453_4,LMTm,SWEEP_REVERSAL,BUY,1,2026.03.30 19:44:53,2026.03.31 14:02:31,1097,595.24,602.38,714.0,3524.5,0.152,1.696,TP_HIT,601.71975,606.0285,598.56,0,0.586,0.024,601.71975,0.65,0,1.0,-1.0,0,0,0,-1,0.0,0,0.609,0.316,0,0.609,0.3,0.053,0.338,0.15,0.0,601.71975,0.733,0.794,1,-2,0.343,0,3916,0.137,1.74,0,0.0,0.3,0.0,0.14,0.691,0.8,1,-1.0,120.0,412.4
33357,LMTm_20260331134027_6,LMTm,NAKED_POC,BUY,0,2026.03.31 13:40:27,2026.03.31 14:03:13,22,601.37,602.04,67.0,335.0,0.831,0.258,TRAIL_STOP,601.73725,606.3165,597.8625,1,0.268,0.399,601.73725,0.6,0,1.0,-1.0,0,0,0,-1,0.0,0,0.612,0.354,1,0.612,0.3,0.133,0.237,0.0,0.0,597.8625,0.6,0.236,1,-1,0.394,0,3917,0.661,1.53,0,0.0,0.3,0.0,0.0,0.691,0.8,1,-1.0,119.0,412.4
33358,LMTm_20260331134027_6,LMTm,NAKED_POC,BUY,1,2026.03.31 13:40:27,2026.03.31 14:03:13,22,601.37,602.04,67.0,335.0,0.831,0.258,TRAIL_STOP,601.73725,606.3165,597.8625,1,0.268,0.399,601.73725,0.6,0,1.0,-1.0,0,0,0,-1,0.0,0,0.612,0.354,1,0.612,0.3,0.133,0.237,0.0,0.0,597.8625,0.6,0.236,1,-1,0.394,0,3917,0.661,1.53,0,0.0,0.3,0.0,0.0,0.691,0.8,1,-1.0,119.0,412.4
33366,LMTm_20260331135123_4,LMTm,SWEEP_REVERSAL,BUY,0,2026.03.31 13:51:23,2026.03.31 14:03:13,11,599.88,602.04,216.0,1080.0,0.362,0.611,TRAIL_STOP,601.73725,606.3165,597.8625,0,0.268,0.399,601.73725,0.6,0,1.0,-1.0,0,0,0,-1,0.0,0,0.612,0.332,0,0.612,0.3,0.133,0.284,0.0,0.0,601.73725,0.736,0.406,1,-1,0.394,0,3917,0.116,0.92,0,0.0,0.3,0.0,0.0,0.691,0.8,1,-1.0,119.0,412.4
33367,LMTm_20260331135123_4,LMTm,SWEEP_REVERSAL,BUY,1,2026.03.31 13:51:23,2026.03.31 14:03:13,11,599.88,602.04,216.0,1080.0,0.362,0.611,TRAIL_STOP,601.73725,606.3165,597.8625,0,0.268,0.399,601.73725,0.6,0,1.0,-1.0,0,0,0,-1,0.0,0,0.612,0.332,0,0.612,0.3,0.133,0.284,0.0,0.0,601.73725,0.736,0.406,1,-1,0.394,0,3917,0.116,0.92,0,0.0,0.3,0.0,0.0,0.691,0.8,1,-1.0,119.0,412.4
33359,LMTm_20260331134027_3,LMTm,TREND_CONTINUATION,SELL,-1,2026.03.31 13:40:27,2026.03.31 14:27:56,47,598.9,603.98,-508.0,-2540.0,1.189,0.0,SL_HIT,601.73725,606.3165,597.8625,1,0.268,0.399,601.73725,0.6,0,1.0,-1.0,0,0,0,-1,0.0,0,0.612,0.361,1,0.612,0.3,0.133,0.265,0.0,0.0,601.73725,0.736,0.291,1,-1,0.394,0,3917,0.563,2.08,0,0.0,0.3,0.0,0.167,0.691,0.8,1,-1.0,86.0,412.4
33360,LMTm_20260331134027_3,LMTm,TREND_CONTINUATION,SELL,0,2026.03.31 13:40:27,2026.03.31 14:27:56,47,598.9,603.98,-508.0,-2540.0,1.189,0.0,SL_HIT,601.73725,606.3165,597.8625,1,0.268,0.399,601.73725,0.6,0,1.0,-1.0,0,0,0,-1,0.0,0,0.612,0.361,1,0.612,0.3,0.133,0.265,0.0,0.0,601.73725,0.736,0.291,1,-1,0.394,0,3917,0.563,2.08,0,0.0,0.3,0.0,0.167,0.691,0.8,1,-1.0,86.0,412.4
33361,LMTm_20260331134027_3,LMTm,TREND_CONTINUATION,SELL,1,2026.03.31 13:40:27,2026.03.31 14:27:56,47,598.9,603.98,-508.0,-2540.0,1.189,0.0,SL_HIT,601.73725,606.3165,597.8625,1,0.268,0.399,601.73725,0.6,0,1.0,-1.0,0,0,0,-1,0.0,0,0.612,0.361,1,0.612,0.3,0.133,0.265,0.0,0.0,601.73725,0.736,0.291,1,-1,0.394,0,3917,0.563,2.08,0,0.0,0.3,0.0,0.167,0.691,0.8,1,-1.0,86.0,412.4
33365,LMTm_20260331135123_4,LMTm,SWEEP_REVERSAL,BUY,-1,2026.03.31 13:51:23,2026.03.31 14:33:33,42,599.42,603.37,395.0,1745.0,0.253,0.905,TP_HIT,601.73725,606.3165,597.8625,0,0.268,0.399,601.73725,0.6,0,1.0,-1.0,0,0,0,-1,0.0,0,0.612,0.332,0,0.612,0.3,0.133,0.284,0.0,0.0,601.73725,0.736,0.406,1,-1,0.394,0,3917,0.116,0.92,0,0.0,0.3,0.0,0.249,0.691,0.8,1,-1.0,80.0,412.4
33350,LMTm_20260331134022_0,LMTm,BREAKOUT,SELL,-1,2026.03.31 13:40:22,2026.03.31 15:09:28,89,599.9,606.29,-639.0,-3195.0,1.471,0.114,SL_HIT,601.73725,606.3165,597.8625,1,0.268,0.399,601.73725,0.6,0,1.0,-1.0,0,0,0,-1,0.0,2,1.0,0.456,1,0.61,1.0,0.133,0.237,0.0,0.2334,601.73725,0.736,0.274,1,-1,0.394,0,3917,0.514,1.67,0,0.4,0.247,0.14,0.435,0.69,0.8,0,-0.825,75.0,415.2
33351,LMTm_20260331134022_0,LMTm,BREAKOUT,SELL,0,2026.03.31 13:40:22,2026.03.31 15:09:28,89,599.9,606.29,-639.0,-3195.0,1.471,0.114,SL_HIT,601.73725,606.3165,597.8625,1,0.268,0.399,601.73725,0.6,0,1.0,-1.0,0,0,0,-1,0.0,2,1.0,0.456,1,0.61,1.0,0.133,0.237,0.0,0.2334,601.73725,0.736,0.274,1,-1,0.394,0,3917,0.514,1.67,0,0.4,0.247,0.14,0.435,0.69,0.8,0,-0.825,75.0,415.2
33352,LMTm_20260331134022_0,LMTm,BREAKOUT,SELL,1,2026.03.31 13:40:22,2026.03.31 15:09:28,89,599.9,606.29,-639.0,-3195.0,1.471,0.114,SL_HIT,601.73725,606.3165,597.8625,1,0.268,0.399,601.73725,0.6,0,1.0,-1.0,0,0,0,-1,0.0,2,1.0,0.456,1,0.61,1.0,0.133,0.237,0.0,0.2334,601.73725,0.736,0.274,1,-1,0.394,0,3917,0.514,1.67,0,0.4,0.247,0.14,0.435,0.69,0.8,0,-0.825,75.0,415.2
33312,LMTm_20260330174535_3,LMTm,TREND_CONTINUATION,SELL,-1,2026.03.30 17:45:35,2026.03.31 15:12:09,1286,601.5,606.85,-535.0,-2736.5,1.185,1.469,SL_HIT,607.74075,615.431,604.9075,0,1.219,0.672,607.74075,0.65,0,1.0,-0.965,0,0,0,-1,0.0,0,0.494,0.363,1,0.494,0.29,0.117,0.216,0.0,0.0,607.74075,0.726,0.611,1,-2,0.343,0,3914,0.56,2.08,0,0.4,0.247,0.14,0.435,0.69,0.8,0,-0.825,73.0,415.2
33399,LMTm_20260331160005_7,LMTm,ANCHORED_PULLBACK,SELL,-1,2026.03.31 16:00:05,2026.03.31 16:08:40,8,603.74,605.66,-192.0,-960.0,0.467,0.0,SL_HIT,600.79225,606.0155,598.6415,1,0.279,0.628,600.79225,0.6,0,1.0,-0.825,0,0,0,-1,0.0,0,0.58,0.275,0,0.58,0.247,0.194,0.255,0.25,0.0,600.79225,0.734,0.274,1,-1,0.401,0,3920,0.436,1.54,0,0.25,0.247,0.194,0.291,0.58,1.0,1,-0.825,65.0,406.5
33400,LMTm_20260331160005_7,LMTm,ANCHORED_PULLBACK,SELL,0,2026.03.31 16:00:05,2026.03.31 16:08:40,8,603.74,605.66,-192.0,-960.0,0.467,0.0,SL_HIT,600.79225,606.0155,598.6415,1,0.279,0.628,600.79225,0.6,0,1.0,-0.825,0,0,0,-1,0.0,0,0.58,0.275,0,0.58,0.247,0.194,0.255,0.25,0.0,600.79225,0.734,0.274,1,-1,0.401,0,3920,0.436,1.54,0,0.25,0.247,0.194,0.291,0.58,1.0,1,-0.825,65.0,406.5
33401,LMTm_20260331160005_7,LMTm,ANCHORED_PULLBACK,SELL,1,2026.03.31 16:00:05,2026.03.31 16:08:40,8,603.74,605.66,-192.0,-960.0,0.467,0.0,SL_HIT,600.79225,606.0155,598.6415,1,0.279,0.628,600.79225,0.6,0,1.0,-0.825,0,0,0,-1,0.0,0,0.58,0.275,0,0.58,0.247,0.194,0.255,0.25,0.0,600.79225,0.734,0.274,1,-1,0.401,0,3920,0.436,1.54,0,0.25,0.247,0.194,0.291,0.58,1.0,1,-0.825,65.0,406.5
33393,LMTm_20260331160000_0,LMTm,BREAKOUT,SELL,-1,2026.03.31 16:00:00,2026.03.31 16:39:26,39,603.77,606.49,-272.0,-1360.0,0.649,0.0,SL_HIT,600.79225,606.0155,598.6415,1,0.279,0.628,600.79225,0.6,0,1.0,-0.825,0,0,0,-1,0.0,2,1.0,0.393,1,0.468,0.947,0.194,0.255,0.25,0.7137,600.79225,0.734,0.386,1,-1,0.401,0,3920,0.498,1.12,0,0.25,0.247,0.194,0.254,0.58,1.0,1,-0.825,65.0,406.5
33394,LMTm_20260331160000_0,LMTm,BREAKOUT,SELL,0,2026.03.31 16:00:00,2026.03.31 16:39:26,39,603.77,606.49,-272.0,-1360.0,0.649,0.0,SL_HIT,600.79225,606.0155,598.6415,1,0.279,0.628,600.79225,0.6,0,1.0,-0.825,0,0,0,-1,0.0,2,1.0,0.393,1,0.468,0.947,0.194,0.255,0.25,0.7137,600.79225,0.734,0.386,1,-1,0.401,0,3920,0.498,1.12,0,0.25,0.247,0.194,0.254,0.58,1.0,1,-0.825,65.0,406.5
33395,LMTm_20260331160000_0,LMTm,BREAKOUT,SELL,1,2026.03.31 16:00:00,2026.03.31 16:39:26,39,603.77,606.49,-272.0,-1360.0,0.649,0.0,SL_HIT,600.79225,606.0155,598.6415,1,0.279,0.628,600.79225,0.6,0,1.0,-0.825,0,0,0,-1,0.0,2,1.0,0.393,1,0.468,0.947,0.194,0.255,0.25,0.7137,600.79225,0.734,0.386,1,-1,0.401,0,3920,0.498,1.12,0,0.25,0.247,0.194,0.254,0.58,1.0,1,-0.825,65.0,406.5
33396,LMTm_20260331160001_1,LMTm,BREAKOUT_RETEST,SELL,-1,2026.03.31 16:00:01,2026.03.31 16:39:26,39,603.75,606.49,-274.0,-1370.0,0.654,0.0,SL_HIT,600.79225,606.0155,598.6415,1,0.279,0.628,600.79225,0.6,0,1.0,-0.825,0,0,0,-1,0.0,0,0.58,0.275,0,0.58,0.247,0.194,0.255,0.25,0.0,600.79225,0.734,0.275,1,-1,0.401,0,3920,0.557,1.11,0,0.25,0.247,0.194,0.254,0.58,1.0,1,-0.825,65.0,406.5
33397,LMTm_20260331160001_1,LMTm,BREAKOUT_RETEST,SELL,0,2026.03.31 16:00:01,2026.03.31 16:39:26,39,603.75,606.49,-274.0,-1370.0,0.654,0.0,SL_HIT,600.79225,606.0155,598.6415,1,0.279,0.628,600.79225,0.6,0,1.0,-0.825,0,0,0,-1,0.0,0,0.58,0.275,0,0.58,0.247,0.194,0.255,0.25,0.0,600.79225,0.734,0.275,1,-1,0.401,0,3920,0.557,1.11,0,0.25,0.247,0.194,0.254,0.58,1.0,1,-0.825,65.0,406.5
33398,LMTm_20260331160001_1,LMTm,BREAKOUT_RETEST,SELL,1,2026.03.31 16:00:01,2026.03.31 16:39:26,39,603.75,606.49,-274.0,-1370.0,0.654,0.0,SL_HIT,600.79225,606.0155,598.6415,1,0.279,0.628,600.79225,0.6,0,1.0,-0.825,0,0,0,-1,0.0,0,0.58,0.275,0,0.58,0.247,0.194,0.255,0.25,0.0,600.79225,0.734,0.275,1,-1,0.401,0,3920,0.557,1.11,0,0.25,0.247,0.194,0.254,0.58,1.0,1,-0.825,65.0,406.5
33306,LMTm_20260330174518_0,LMTm,BREAKOUT,SELL,-1,2026.03.30 17:45:18,2026.03.31 16:40:01,1374,601.49,607.45,-596.0,-3006.5,1.313,1.466,SL_HIT,607.74075,615.431,604.9075,0,1.219,0.672,607.74075,0.65,0,1.0,-0.965,0,0,0,-1,0.0,0,0.494,0.363,1,0.494,0.29,0.117,0.216,0.0,0.0,607.74075,0.726,0.611,1,-2,0.343,0,3914,0.491,1.89,0,0.25,0.247,0.194,0.288,0.58,1.0,0,-0.825,65.0,406.5
33309,LMTm_20260330174531_2,LMTm,PULLBACK,SELL,-1,2026.03.30 17:45:31,2026.03.31 16:41:22,1375,601.57,608.36,-679.0,-3456.5,1.473,1.484,SL_HIT,607.74075,615.431,604.9075,0,1.219,0.672,607.74075,0.65,0,1.0,-0.965,0,0,0,-1,0.0,0,0.494,0.362,1,0.494,0.29,0.117,0.216,0.0,0.0,607.74075,0.726,0.604,1,-2,0.343,0,3914,0.477,2.0,0,0.25,0.247,0.194,0.288,0.58,1.0,0,-0.825,66.0,406.5
33356,LMTm_20260331134027_6,LMTm,NAKED_POC,BUY,-1,2026.03.31 13:40:27,2026.03.31 16:41:22,180,601.37,607.7,633.0,3165.0,0.831,1.44,TP_HIT,601.73725,606.3165,597.8625,1,0.268,0.399,601.73725,0.6,0,1.0,-1.0,0,0,0,-1,0.0,0,0.612,0.354,1,0.612,0.3,0.133,0.237,0.0,0.0,597.8625,0.6,0.236,1,-1,0.394,0,3917,0.661,1.53,0,0.25,0.247,0.194,0.288,0.58,1.0,0,-0.825,66.0,406.5
33387,LMTm_20260331154035_5,LMTm,MEAN_REVERSION,SELL,-1,2026.03.31 15:40:35,2026.03.31 16:42:31,61,605.97,609.34,-337.0,-1685.0,0.727,0.47,SL_HIT,601.5465,603.286,598.813,0,0.125,0.234,601.5465,0.45,0,0.8,-0.825,0,0,0,-1,0.0,0,0.69,0.342,0,0.69,0.247,0.14,0.435,0.4,0.0,601.5465,0.735,0.466,1,-1,0.394,0,3919,0.604,1.33,0,0.25,0.247,0.194,0.288,0.58,1.0,0,-0.825,71.0,406.5
33388,LMTm_20260331154035_5,LMTm,MEAN_REVERSION,SELL,0,2026.03.31 15:40:35,2026.03.31 16:42:31,61,605.97,609.34,-337.0,-1685.0,0.727,0.47,SL_HIT,601.5465,603.286,598.813,0,0.125,0.234,601.5465,0.45,0,0.8,-0.825,0,0,0,-1,0.0,0,0.69,0.342,0,0.69,0.247,0.14,0.435,0.4,0.0,601.5465,0.735,0.466,1,-1,0.394,0,3919,0.604,1.33,0,0.25,0.247,0.194,0.288,0.58,1.0,0,-0.825,71.0,406.5
33389,LMTm_20260331154035_5,LMTm,MEAN_REVERSION,SELL,1,2026.03.31 15:40:35,2026.03.31 16:42:31,61,605.97,609.34,-337.0,-1685.0,0.727,0.47,SL_HIT,601.5465,603.286,598.813,0,0.125,0.234,601.5465,0.45,0,0.8,-0.825,0,0,0,-1,0.0,0,0.69,0.342,0,0.69,0.247,0.14,0.435,0.4,0.0,601.5465,0.735,0.466,1,-1,0.394,0,3919,0.604,1.33,0,0.25,0.247,0.194,0.288,0.58,1.0,0,-0.825,71.0,406.5
33414,LMTm_20260331163946_4,LMTm,SWEEP_REVERSAL,SELL,-1,2026.03.31 16:39:46,2026.03.31 16:42:44,2,606.08,610.26,-418.0,-2155.0,0.957,0.0,SL_HIT,600.79225,606.0155,598.6415,0,0.279,0.628,600.79225,0.6,0,1.0,-0.825,0,0,0,-1,0.0,0,0.58,0.302,0,0.58,0.247,0.194,0.288,0.25,0.0,602.63575,0.55,0.512,1,-1,0.401,0,3920,0.199,0.85,0,0.25,0.247,0.194,0.288,0.58,1.0,0,-0.825,75.0,406.5
33415,LMTm_20260331163946_4,LMTm,SWEEP_REVERSAL,SELL,0,2026.03.31 16:39:46,2026.03.31 16:42:44,2,605.95,610.26,-431.0,-2155.0,0.989,0.0,SL_HIT,600.79225,606.0155,598.6415,0,0.279,0.628,600.79225,0.6,0,1.0,-0.825,0,0,0,-1,0.0,0,0.58,0.302,0,0.58,0.247,0.194,0.288,0.25,0.0,602.63575,0.55,0.512,1,-1,0.401,0,3920,0.199,0.85,0,0.25,0.247,0.194,0.288,0.58,1.0,0,-0.825,75.0,406.5
33416,LMTm_20260331163946_4,LMTm,SWEEP_REVERSAL,SELL,1,2026.03.31 16:39:46,2026.03.31 16:42:44,2,605.95,610.26,-431.0,-2155.0,0.989,0.0,SL_HIT,600.79225,606.0155,598.6415,0,0.279,0.628,600.79225,0.6,0,1.0,-0.825,0,0,0,-1,0.0,0,0.58,0.302,0,0.58,0.247,0.194,0.288,0.25,0.0,602.63575,0.55,0.512,1,-1,0.401,0,3920,0.199,0.85,0,0.25,0.247,0.194,0.288,0.58,1.0,0,-0.825,75.0,406.5
33402,LMTm_20260331160119_2,LMTm,PULLBACK,SELL,-1,2026.03.31 16:01:19,2026.03.31 16:42:44,41,604.21,610.44,-623.0,-3115.0,1.488,0.0,SL_HIT,600.79225,606.0155,598.6415,1,0.279,0.628,600.79225,0.6,0,1.0,-0.825,0,0,0,-1,0.0,0,0.58,0.282,0,0.58,0.247,0.194,0.308,0.25,0.0,606.0155,0.6,0.34,1,-1,0.401,0,3920,0.595,2.0,0,0.25,0.247,0.194,0.288,0.58,1.0,0,-0.825,75.0,406.5
33403,LMTm_20260331160119_2,LMTm,PULLBACK,SELL,0,2026.03.31 16:01:19,2026.03.31 16:42:44,41,604.21,610.44,-623.0,-3115.0,1.488,0.0,SL_HIT,600.79225,606.0155,598.6415,1,0.279,0.628,600.79225,0.6,0,1.0,-0.825,0,0,0,-1,0.0,0,0.58,0.282,0,0.58,0.247,0.194,0.308,0.25,0.0,606.0155,0.6,0.34,1,-1,0.401,0,3920,0.595,2.0,0,0.25,0.247,0.194,0.288,0.58,1.0,0,-0.825,75.0,406.5
33404,LMTm_20260331160119_2,LMTm,PULLBACK,SELL,1,2026.03.31 16:01:19,2026.03.31 16:42:44,41,604.21,610.44,-623.0,-3115.0,1.488,0.0,SL_HIT,600.79225,606.0155,598.6415,1,0.279,0.628,600.79225,0.6,0,1.0,-0.825,0,0,0,-1,0.0,0,0.58,0.282,0,0.58,0.247,0.194,0.308,0.25,0.0,606.0155,0.6,0.34,1,-1,0.401,0,3920,0.595,2.0,0,0.25,0.247,0.194,0.288,0.58,1.0,0,-0.825,75.0,406.5
33391,LMTm_20260331154136_3,LMTm,TREND_CONTINUATION,SELL,0,2026.03.31 15:41:36,2026.03.31 17:00:53,79,606.48,605.32,116.0,580.0,0.961,0.592,TRAIL_STOP,601.5465,603.286,598.813,0,0.125,0.234,601.5465,0.45,0,0.8,-0.825,0,0,0,-1,0.0,0,0.69,0.349,0,0.69,0.247,0.14,0.435,0.4,0.0,601.5465,0.735,0.532,1,-1,0.394,0,3919,0.471,1.01,0,0.25,0.247,0.088,0.1,0.592,0.8,1,-0.825,77.0,437.7
33392,LMTm_20260331154136_3,LMTm,TREND_CONTINUATION,SELL,1,2026.03.31 15:41:36,2026.03.31 17:00:53,79,606.48,605.32,116.0,590.0,0.961,0.592,TRAIL_STOP,601.5465,603.286,598.813,0,0.125,0.234,601.5465,0.45,0,0.8,-0.825,0,0,0,-1,0.0,0,0.69,0.349,0,0.69,0.247,0.14,0.435,0.4,0.0,601.5465,0.735,0.532,1,-1,0.394,0,3919,0.471,1.01,0,0.25,0.247,0.088,0.1,0.592,0.8,1,-0.825,77.0,437.7
33390,LMTm_20260331154136_3,LMTm,TREND_CONTINUATION,SELL,-1,2026.03.31 15:41:36,2026.03.31 17:21:36,100,606.6,601.52,508.0,2480.0,0.932,1.197,TP_HIT,601.5465,603.286,598.813,0,0.125,0.234,601.5465,0.45,0,0.8,-0.825,0,0,0,-1,0.0,0,0.69,0.349,0,0.69,0.247,0.14,0.435,0.4,0.0,601.5465,0.735,0.532,1,-1,0.394,0,3919,0.471,1.01,0,0.25,0.247,0.088,0.253,0.592,0.8,1,-0.825,73.0,437.7
33438,LMTm_20260331180024_1,LMTm,BREAKOUT_RETEST,SELL,-1,2026.03.31 18:00:24,2026.03.31 18:02:27,2,601.97,603.37,-140.0,-700.0,0.234,0.0,SL_HIT,604.5125,605.75,601.295,1,0.159,1.337,602.5325,0.45,0,0.8,-0.825,0,0,0,-1,0.0,0,0.644,0.381,1,0.644,0.247,0.239,0.162,0.25,0.0,604.5125,0.7,0.36,1,-1,0.401,0,3922,0.509,2.09,0,0.25,0.247,0.239,0.135,0.644,0.8,1,-0.825,65.0,462.1
33439,LMTm_20260331180024_1,LMTm,BREAKOUT_RETEST,SELL,0,2026.03.31 18:00:24,2026.03.31 18:02:27,2,601.97,603.37,-140.0,-700.0,0.234,0.0,SL_HIT,604.5125,605.75,601.295,1,0.159,1.337,602.5325,0.45,0,0.8,-0.825,0,0,0,-1,0.0,0,0.644,0.381,1,0.644,0.247,0.239,0.162,0.25,0.0,604.5125,0.7,0.36,1,-1,0.401,0,3922,0.509,2.09,0,0.25,0.247,0.239,0.135,0.644,0.8,1,-0.825,65.0,462.1
33440,LMTm_20260331180024_1,LMTm,BREAKOUT_RETEST,SELL,1,2026.03.31 18:00:24,2026.03.31 18:02:27,2,601.97,603.37,-140.0,-700.0,0.234,0.0,SL_HIT,604.5125,605.75,601.295,1,0.159,1.337,602.5325,0.45,0,0.8,-0.825,0,0,0,-1,0.0,0,0.644,0.381,1,0.644,0.247,0.239,0.162,0.25,0.0,604.5125,0.7,0.36,1,-1,0.401,0,3922,0.509,2.09,0,0.25,0.247,0.239,0.135,0.644,0.8,1,-0.825,65.0,462.1
33445,LMTm_20260331180136_5,LMTm,MEAN_REVERSION,BUY,0,2026.03.31 18:01:36,2026.03.31 18:03:03,1,602.75,602.31,-44.0,-220.0,0.119,0.0,SL_HIT,604.5125,605.75,601.295,1,0.159,1.337,602.5325,0.45,0,0.8,-0.825,0,0,0,-1,0.0,0,0.644,0.379,1,0.644,0.247,0.239,0.162,0.25,0.0,604.5125,0.7,0.339,1,-1,0.401,0,3922,0.597,1.58,0,0.25,0.247,0.239,0.135,0.644,0.8,1,-0.825,65.0,462.1
33446,LMTm_20260331180136_5,LMTm,MEAN_REVERSION,BUY,1,2026.03.31 18:01:36,2026.03.31 18:11:06,9,602.75,602.6,-15.0,-75.0,0.13,0.058,SL_HIT,604.5125,605.75,601.295,1,0.159,1.337,602.5325,0.45,0,0.8,-0.825,0,0,0,-1,0.0,0,0.644,0.379,1,0.644,0.247,0.239,0.162,0.25,0.0,604.5125,0.7,0.339,1,-1,0.401,0,3922,0.597,1.58,0,0.25,0.247,0.239,0.135,0.644,0.8,1,-0.825,64.0,462.1
33444,LMTm_20260331180136_5,LMTm,MEAN_REVERSION,BUY,-1,2026.03.31 18:01:36,2026.03.31 18:26:08,24,602.9,601.45,-145.0,-650.0,0.305,0.136,SL_HIT,604.5125,605.75,601.295,1,0.159,1.337,602.5325,0.45,0,0.8,-0.825,0,0,0,-1,0.0,0,0.644,0.379,1,0.644,0.247,0.239,0.162,0.25,0.0,604.5125,0.7,0.339,1,-1,0.401,0,3922,0.597,1.58,0,0.25,0.247,0.239,0.235,0.644,0.8,1,-0.825,58.0,462.1
33432,LMTm_20260331174136_3,LMTm,TREND_CONTINUATION,SELL,-1,2026.03.31 17:41:36,2026.04.01 13:40:25,1198,602.7,610.19,-749.0,-3806.5,0.596,0.299,SL_HIT,604.71475,606.636,599.7195,1,0.008,0.87,604.71475,0.45,0,0.8,-0.825,0,0,0,-1,0.0,0,0.592,0.307,0,0.592,0.247,0.088,0.211,0.25,0.0,604.71475,0.737,0.367,1,-1,0.401,0,3921,0.459,2.08,5,0.15,0.198,0.353,0.641,0.48,0.424,0,0.6593,152.0,465.6
33433,LMTm_20260331174136_3,LMTm,TREND_CONTINUATION,SELL,0,2026.03.31 17:41:36,2026.04.01 13:40:25,1198,602.7,610.19,-749.0,-3806.5,0.596,0.299,SL_HIT,604.71475,606.636,599.7195,1,0.008,0.87,604.71475,0.45,0,0.8,-0.825,0,0,0,-1,0.0,0,0.592,0.307,0,0.592,0.247,0.088,0.211,0.25,0.0,604.71475,0.737,0.367,1,-1,0.401,0,3921,0.459,2.08,5,0.15,0.198,0.353,0.641,0.48,0.424,0,0.6593,152.0,465.6
33434,LMTm_20260331174136_3,LMTm,TREND_CONTINUATION,SELL,1,2026.03.31 17:41:36,2026.04.01 13:40:25,1198,602.7,610.19,-749.0,-3806.5,0.596,0.299,SL_HIT,604.71475,606.636,599.7195,1,0.008,0.87,604.71475,0.45,0,0.8,-0.825,0,0,0,-1,0.0,0,0.592,0.307,0,0.592,0.247,0.088,0.211,0.25,0.0,604.71475,0.737,0.367,1,-1,0.401,0,3921,0.459,2.08,5,0.15,0.198,0.353,0.641,0.48,0.424,0,0.6593,152.0,465.6
33435,LMTm_20260331180019_0,LMTm,BREAKOUT,SELL,-1,2026.03.31 18:00:19,2026.04.01 13:40:25,1180,601.81,610.19,-838.0,-4091.5,0.757,0.091,SL_HIT,604.5125,605.75,601.295,1,0.159,1.337,602.5325,0.45,0,0.8,-0.825,0,0,0,-1,0.0,0,0.644,0.382,1,0.644,0.247,0.239,0.162,0.25,0.0,604.5125,0.7,0.371,1,-1,0.401,0,3922,0.336,1.67,5,0.15,0.198,0.353,0.641,0.48,0.424,0,0.6593,152.0,465.6
33436,LMTm_20260331180019_0,LMTm,BREAKOUT,SELL,0,2026.03.31 18:00:19,2026.04.01 13:40:25,1180,602.13,610.19,-806.0,-4091.5,0.688,0.16,SL_HIT,604.5125,605.75,601.295,1,0.159,1.337,602.5325,0.45,0,0.8,-0.825,0,0,0,-1,0.0,0,0.644,0.382,1,0.644,0.247,0.239,0.162,0.25,0.0,604.5125,0.7,0.371,1,-1,0.401,0,3922,0.336,1.67,5,0.15,0.198,0.353,0.641,0.48,0.424,0,0.6593,152.0,465.6
33437,LMTm_20260331180019_0,LMTm,BREAKOUT,SELL,1,2026.03.31 18:00:19,2026.04.01 13:40:25,1180,602.13,610.19,-806.0,-4151.5,0.688,0.16,SL_HIT,604.5125,605.75,601.295,1,0.159,1.337,602.5325,0.45,0,0.8,-0.825,0,0,0,-1,0.0,0,0.644,0.382,1,0.644,0.247,0.239,0.162,0.25,0.0,604.5125,0.7,0.371,1,-1,0.401,0,3922,0.336,1.67,5,0.15,0.198,0.353,0.641,0.48,0.424,0,0.6593,152.0,465.6
33441,LMTm_20260331180135_2,LMTm,PULLBACK,SELL,-1,2026.03.31 18:01:35,2026.04.01 13:40:25,1178,601.98,610.19,-821.0,-4166.5,0.721,0.128,SL_HIT,604.5125,605.75,601.295,1,0.159,1.337,602.5325,0.45,0,0.8,-0.825,0,0,0,-1,0.0,0,0.644,0.381,1,0.644,0.247,0.239,0.162,0.25,0.0,604.5125,0.7,0.359,1,-1,0.401,0,3922,0.559,2.0,5,0.15,0.198,0.353,0.641,0.48,0.424,0,0.6593,152.0,465.6
33442,LMTm_20260331180135_2,LMTm,PULLBACK,SELL,0,2026.03.31 18:01:35,2026.04.01 13:40:25,1178,601.98,610.19,-821.0,-4166.5,0.721,0.128,SL_HIT,604.5125,605.75,601.295,1,0.159,1.337,602.5325,0.45,0,0.8,-0.825,0,0,0,-1,0.0,0,0.644,0.381,1,0.644,0.247,0.239,0.162,0.25,0.0,604.5125,0.7,0.359,1,-1,0.401,0,3922,0.559,2.0,5,0.15,0.198,0.353,0.641,0.48,0.424,0,0.6593,152.0,465.6
33443,LMTm_20260331180135_2,LMTm,PULLBACK,SELL,1,2026.03.31 18:01:35,2026.04.01 13:40:25,1178,601.98,610.19,-821.0,-4166.5,0.721,0.128,SL_HIT,604.5125,605.75,601.295,1,0.159,1.337,602.5325,0.45,0,0.8,-0.825,0,0,0,-1,0.0,0,0.644,0.381,1,0.644,0.247,0.239,0.162,0.25,0.0,604.5125,0.7,0.359,1,-1,0.401,0,3922,0.559,2.0,5,0.15,0.198,0.353,0.641,0.48,0.424,0,0.6593,152.0,465.6
33453,LMTm_20260331194141_3,LMTm,TREND_CONTINUATION,SELL,-1,2026.03.31 19:41:41,2026.04.01 13:40:25,1078,603.13,610.19,-706.0,-3591.5,0.187,0.0,SL_HIT,604.5125,606.245,601.79,1,0.048,1.215,604.5125,0.45,0,0.505,-0.7054,0,0,0,-1,0.0,0,0.724,0.403,1,0.724,0.212,0.126,0.195,0.0,0.0,606.245,0.6,0.329,1,-1,0.401,0,3923,0.372,2.08,5,0.15,0.198,0.353,0.641,0.48,0.424,0,0.6593,152.0,465.6
33454,LMTm_20260331194141_3,LMTm,TREND_CONTINUATION,SELL,0,2026.03.31 19:41:41,2026.04.01 13:40:25,1078,603.13,610.19,-706.0,-3591.5,0.187,0.0,SL_HIT,604.5125,606.245,601.79,1,0.048,1.215,604.5125,0.45,0,0.505,-0.7054,0,0,0,-1,0.0,0,0.724,0.403,1,0.724,0.212,0.126,0.195,0.0,0.0,606.245,0.6,0.329,1,-1,0.401,0,3923,0.372,2.08,5,0.15,0.198,0.353,0.641,0.48,0.424,0,0.6593,152.0,465.6
33455,LMTm_20260331194141_3,LMTm,TREND_CONTINUATION,SELL,1,2026.03.31 19:41:41,2026.04.01 13:40:25,1078,603.13,610.19,-706.0,-3591.5,0.187,0.0,SL_HIT,604.5125,606.245,601.79,1,0.048,1.215,604.5125,0.45,0,0.505,-0.7054,0,0,0,-1,0.0,0,0.724,0.403,1,0.724,0.212,0.126,0.195,0.0,0.0,606.245,0.6,0.329,1,-1,0.401,0,3923,0.372,2.08,5,0.15,0.198,0.353,0.641,0.48,0.424,0,0.6593,152.0,465.6
